RunID,RowType,PlayerID,UnknownSelectMode,TargetUpdateMode,UnknownReferenceDepth,StepIndex,Frame,NodeName,NodePosX,NodePosY,NodePosZ,CellX,CellZ,GoalCellX,GoalCellZ,NodesCreated,ShortestPathLen,TimeToGoal,TotalNodeVisits,TotalProcessMs,AvgProcessMs,MaxProcessMs
34,VISIT,2905,Random,EveryNode,5,0,165,Node_4,18,0,10,18,10,,,,,,,,,
34,VISIT,2906,Random,EveryNode,5,0,165,Node_4,18,0,10,18,10,,,,,,,,,
34,VISIT,2905,Random,EveryNode,5,1,204,Node_15,18,0,9,18,9,,,,,,,,,
34,VISIT,2906,Random,EveryNode,5,1,242,Node_2,19,0,11,19,11,,,,,,,,,
34,VISIT,2905,Random,EveryNode,5,2,279,Node_8,17,0,10,17,10,,,,,,,,,
34,VISIT,2906,Random,EveryNode,5,2,279,Node_14,18,0,11,18,11,,,,,,,,,
34,VISIT,2905,Random,EveryNode,5,3,317,Node_24,16,0,10,16,10,,,,,,,,,
34,VISIT,2906,Random,EveryNode,5,3,317,Node_12,17,0,11,17,11,,,,,,,,,
34,VISIT,2905,Random,EveryNode,5,4,355,Node_8,17,0,10,17,10,,,,,,,,,
34,VISIT,2906,Random,EveryNode,5,4,355,Node_21,16,0,11,16,11,,,,,,,,,
34,VISIT,2905,Random,EveryNode,5,5,392,Node_4,18,0,10,18,10,,,,,,,,,
34,VISIT,2906,Random,EveryNode,5,5,392,Node_28,15,0,11,15,11,,,,,,,,,
34,VISIT,2905,Random,EveryNode,5,6,429,Node_8,17,0,10,17,10,,,,,,,,,
34,VISIT,2905,Random,EveryNode,5,7,466,Node_12,17,0,11,17,11,,,,,,,,,
34,VISIT,2905,Random,EveryNode,5,8,503,Node_8,17,0,10,17,10,,,,,,,,,
34,VISIT,2905,Random,EveryNode,5,9,541,Node_12,17,0,11,17,11,,,,,,,,,
34,VISIT,2905,Random,EveryNode,5,10,578,Node_16,17,0,12,17,12,,,,,,,,,
34,VISIT,2905,Random,EveryNode,5,11,615,Node_10,18,0,12,18,12,,,,,,,,,
34,VISIT,2905,Random,EveryNode,5,12,651,Node_14,18,0,11,18,11,,,,,,,,,
34,VISIT,2905,Random,EveryNode,5,13,689,Node_12,17,0,11,17,11,,,,,,,,,
34,VISIT,2905,Random,EveryNode,5,14,727,Node_8,17,0,10,17,10,,,,,,,,,
34,VISIT,2905,Random,EveryNode,5,15,766,Node_12,17,0,11,17,11,,,,,,,,,
34,VISIT,2905,Random,EveryNode,5,16,804,Node_21,16,0,11,16,11,,,,,,,,,
34,VISIT,2905,Random,EveryNode,5,17,842,Node_24,16,0,10,16,10,,,,,,,,,
34,VISIT,2905,Random,EveryNode,5,18,881,Node_8,17,0,10,17,10,,,,,,,,,
34,VISIT,2905,Random,EveryNode,5,19,920,Node_4,18,0,10,18,10,,,,,,,,,
34,VISIT,2905,Random,EveryNode,5,20,958,Node_15,18,0,9,18,9,,,,,,,,,
34,VISIT,2905,Random,EveryNode,5,21,997,Node_3,19,0,9,19,9,,,,,,,,,
34,VISIT,2905,Random,EveryNode,5,22,1035,Node_20,19,0,10,19,10,,,,,,,,,
34,VISIT,2905,Random,EveryNode,5,23,1074,Node_5,20,0,10,20,10,,,,,,,,,
34,VISIT,2905,Random,EveryNode,5,24,1298,Node_25,21,0,15,21,15,,,,,,,,,
34,VISIT,2909,Random,EveryNode,5,0,1852,Node_6,19,0,12,19,12,,,,,,,,,
34,VISIT,2910,Random,EveryNode,5,0,1852,Node_7,19,0,8,19,8,,,,,,,,,
34,VISIT,2911,Random,EveryNode,5,0,1852,Node_8,17,0,10,17,10,,,,,,,,,
34,VISIT,2912,Random,EveryNode,5,0,1852,Node_9,21,0,10,21,10,,,,,,,,,
34,VISIT,2909,Random,EveryNode,5,1,1889,Node_41,20,0,12,20,12,,,,,,,,,
34,VISIT,2911,Random,EveryNode,5,1,1889,Node_4,18,0,10,18,10,,,,,,,,,
34,VISIT,2909,Random,EveryNode,5,2,1925,Node_17,21,0,12,21,12,,,,,,,,,
34,VISIT,2911,Random,EveryNode,5,2,1925,Node_8,17,0,10,17,10,,,,,,,,,
34,VISIT,2909,Random,EveryNode,5,3,1960,Node_41,20,0,12,20,12,,,,,,,,,
34,VISIT,2910,Random,EveryNode,5,1,1960,Node_5,20,0,10,20,10,,,,,,,,,
34,VISIT,2911,Random,EveryNode,5,3,1960,Node_4,18,0,10,18,10,,,,,,,,,
34,VISIT,2909,Random,EveryNode,5,4,1992,Node_40,20,0,11,20,11,,,,,,,,,
34,VISIT,2910,Random,EveryNode,5,2,1992,Node_9,21,0,10,21,10,,,,,,,,,
34,VISIT,2911,Random,EveryNode,5,4,1992,Node_20,19,0,10,19,10,,,,,,,,,
34,VISIT,2909,Random,EveryNode,5,5,2027,Node_2,19,0,11,19,11,,,,,,,,,
34,VISIT,2911,Random,EveryNode,5,5,2027,Node_4,18,0,10,18,10,,,,,,,,,
34,VISIT,2909,Random,EveryNode,5,6,2062,Node_14,18,0,11,18,11,,,,,,,,,
34,VISIT,2911,Random,EveryNode,5,6,2062,Node_8,17,0,10,17,10,,,,,,,,,
34,VISIT,2909,Random,EveryNode,5,7,2097,Node_12,17,0,11,17,11,,,,,,,,,
34,VISIT,2910,Random,EveryNode,5,3,2097,Node_13,21,0,11,21,11,,,,,,,,,
34,VISIT,2911,Random,EveryNode,5,7,2097,Node_12,17,0,11,17,11,,,,,,,,,
34,VISIT,2909,Random,EveryNode,5,8,2132,Node_8,17,0,10,17,10,,,,,,,,,
34,VISIT,2910,Random,EveryNode,5,4,2132,Node_40,20,0,11,20,11,,,,,,,,,
34,VISIT,2911,Random,EveryNode,5,8,2132,Node_16,17,0,12,17,12,,,,,,,,,
34,VISIT,2909,Random,EveryNode,5,9,2167,Node_12,17,0,11,17,11,,,,,,,,,
34,VISIT,2910,Random,EveryNode,5,5,2167,Node_41,20,0,12,20,12,,,,,,,,,
34,VISIT,2911,Random,EveryNode,5,9,2167,Node_12,17,0,11,17,11,,,,,,,,,
34,VISIT,2909,Random,EveryNode,5,10,2202,Node_8,17,0,10,17,10,,,,,,,,,
34,VISIT,2910,Random,EveryNode,5,6,2202,Node_42,20,0,13,20,13,,,,,,,,,
34,VISIT,2911,Random,EveryNode,5,10,2202,Node_21,16,0,11,16,11,,,,,,,,,
34,VISIT,2909,Random,EveryNode,5,11,2237,Node_4,18,0,10,18,10,,,,,,,,,
34,VISIT,2910,Random,EveryNode,5,7,2237,Node_19,21,0,13,21,13,,,,,,,,,
34,VISIT,2911,Random,EveryNode,5,11,2237,Node_18,16,0,12,16,12,,,,,,,,,
34,VISIT,2909,Random,EveryNode,5,12,2273,Node_14,18,0,11,18,11,,,,,,,,,
34,VISIT,2910,Random,EveryNode,5,8,2273,Node_17,21,0,12,21,12,,,,,,,,,
34,VISIT,2911,Random,EveryNode,5,12,2273,Node_29,15,0,12,15,12,,,,,,,,,
34,VISIT,2909,Random,EveryNode,5,13,2309,Node_12,17,0,11,17,11,,,,,,,,,
34,VISIT,2910,Random,EveryNode,5,9,2309,Node_19,21,0,13,21,13,,,,,,,,,
34,VISIT,2911,Random,EveryNode,5,13,2309,Node_35,14,0,12,14,12,,,,,,,,,
34,VISIT,2909,Random,EveryNode,5,14,2345,Node_8,17,0,10,17,10,,,,,,,,,
34,VISIT,2910,Random,EveryNode,5,10,2345,Node_17,21,0,12,21,12,,,,,,,,,
34,VISIT,2909,Random,EveryNode,5,15,2380,Node_4,18,0,10,18,10,,,,,,,,,
34,VISIT,2910,Random,EveryNode,5,11,2380,Node_19,21,0,13,21,13,,,,,,,,,
34,VISIT,2909,Random,EveryNode,5,16,2415,Node_20,19,0,10,19,10,,,,,,,,,
34,VISIT,2910,Random,EveryNode,5,12,2415,Node_22,21,0,14,21,14,,,,,,,,,
34,VISIT,2911,Random,EveryNode,5,14,2415,Node_38,13,0,14,13,14,,,,,,,,,
34,VISIT,2909,Random,EveryNode,5,17,2450,Node_4,18,0,10,18,10,,,,,,,,,
34,VISIT,2910,Random,EveryNode,5,13,2450,Node_43,20,0,14,20,14,,,,,,,,,
34,VISIT,2909,Random,EveryNode,5,18,2485,Node_20,19,0,10,19,10,,,,,,,,,
34,VISIT,2909,Random,EveryNode,5,19,2520,Node_3,19,0,9,19,9,,,,,,,,,
34,VISIT,2909,Random,EveryNode,5,20,2555,Node_48,20,0,9,20,9,,,,,,,,,
34,VISIT,2909,Random,EveryNode,5,21,2590,Node_47,21,0,9,21,9,,,,,,,,,
34,VISIT,2909,Random,EveryNode,5,22,2658,Node_52,22,0,10,22,10,,,,,,,,,
34,VISIT,2913,Random,EveryNode,5,0,3487,Node_6,19,0,12,19,12,,,,,,,,,
34,VISIT,2914,Random,EveryNode,5,0,3487,Node_7,19,0,8,19,8,,,,,,,,,
34,VISIT,2915,Random,EveryNode,5,0,3487,Node_8,17,0,10,17,10,,,,,,,,,
34,VISIT,2916,Random,EveryNode,5,0,3487,Node_9,21,0,10,21,10,,,,,,,,,
34,VISIT,2913,Random,EveryNode,5,1,3521,Node_41,20,0,12,20,12,,,,,,,,,
34,VISIT,2914,Random,EveryNode,5,1,3521,Node_46,20,0,8,20,8,,,,,,,,,
34,VISIT,2915,Random,EveryNode,5,1,3521,Node_12,17,0,11,17,11,,,,,,,,,
34,VISIT,2916,Random,EveryNode,5,1,3521,Node_47,21,0,9,21,9,,,,,,,,,
34,VISIT,2913,Random,EveryNode,5,2,3555,Node_42,20,0,13,20,13,,,,,,,,,
34,VISIT,2914,Random,EveryNode,5,2,3555,Node_49,21,0,8,21,8,,,,,,,,,
34,VISIT,2915,Random,EveryNode,5,2,3555,Node_16,17,0,12,17,12,,,,,,,,,
34,VISIT,2916,Random,EveryNode,5,2,3555,Node_9,21,0,10,21,10,,,,,,,,,
34,VISIT,2913,Random,EveryNode,5,3,3589,Node_43,20,0,14,20,14,,,,,,,,,
34,VISIT,2915,Random,EveryNode,5,3,3589,Node_18,16,0,12,16,12,,,,,,,,,
34,VISIT,2916,Random,EveryNode,5,3,3589,Node_47,21,0,9,21,9,,,,,,,,,
34,VISIT,2914,Random,EveryNode,5,3,3622,Node_70,22,0,9,22,9,,,,,,,,,
34,VISIT,2915,Random,EveryNode,5,4,3622,Node_29,15,0,12,15,12,,,,,,,,,
34,VISIT,2916,Random,EveryNode,5,4,3622,Node_49,21,0,8,21,8,,,,,,,,,
34,VISIT,2913,Random,EveryNode,5,4,3655,Node_64,18,0,14,18,14,,,,,,,,,
34,VISIT,2915,Random,EveryNode,5,5,3655,Node_35,14,0,12,14,12,,,,,,,,,
34,VISIT,2916,Random,EveryNode,5,5,3655,Node_50,21,0,7,21,7,,,,,,,,,
34,VISIT,2914,Random,EveryNode,5,4,3688,Node_74,23,0,10,23,10,,,,,,,,,
34,VISIT,2915,Random,EveryNode,5,6,3688,Node_36,14,0,13,14,13,,,,,,,,,
34,VISIT,2914,Random,EveryNode,5,5,3721,Node_52,22,0,10,22,10,,,,,,,,,
34,VISIT,2915,Random,EveryNode,5,7,3721,Node_61,13,0,13,13,13,,,,,,,,,
34,VISIT,2916,Random,EveryNode,5,6,3721,Node_86,22,0,8,22,8,,,,,,,,,
34,VISIT,2914,Random,EveryNode,5,6,3753,Node_74,23,0,10,23,10,,,,,,,,,
34,VISIT,2915,Random,EveryNode,5,8,3753,Node_38,13,0,14,13,14,,,,,,,,,
34,VISIT,2916,Random,EveryNode,5,7,3753,Node_49,21,0,8,21,8,,,,,,,,,
34,VISIT,2914,Random,EveryNode,5,7,3785,Node_77,23,0,11,23,11,,,,,,,,,
34,VISIT,2915,Random,EveryNode,5,9,3785,Node_62,12,0,14,12,14,,,,,,,,,
34,VISIT,2916,Random,EveryNode,5,8,3785,Node_46,20,0,8,20,8,,,,,,,,,
34,VISIT,2914,Random,EveryNode,5,8,3817,Node_54,22,0,11,22,11,,,,,,,,,
34,VISIT,2916,Random,EveryNode,5,9,3817,Node_49,21,0,8,21,8,,,,,,,,,
34,VISIT,2914,Random,EveryNode,5,9,3850,Node_77,23,0,11,23,11,,,,,,,,,
34,VISIT,2916,Random,EveryNode,5,10,3850,Node_50,21,0,7,21,7,,,,,,,,,
34,VISIT,2916,Random,EveryNode,5,11,3882,Node_51,21,0,6,21,6,,,,,,,,,
34,VISIT,2914,Random,EveryNode,5,10,3914,Node_80,24,0,12,24,12,,,,,,,,,
34,VISIT,2916,Random,EveryNode,5,12,3947,Node_59,20,0,5,20,5,,,,,,,,,
34,VISIT,2916,Random,EveryNode,5,13,4042,Node_101,20,0,6,20,6,,,,,,,,,
34,VISIT,2916,Random,EveryNode,5,14,4074,Node_51,21,0,6,21,6,,,,,,,,,
34,VISIT,2916,Random,EveryNode,5,15,4137,Node_89,22,0,7,22,7,,,,,,,,,
34,VISIT,2916,Random,EveryNode,5,16,4169,Node_50,21,0,7,21,7,,,,,,,,,
34,VISIT,2916,Random,EveryNode,5,17,4199,Node_51,21,0,6,21,6,,,,,,,,,
34,VISIT,2916,Random,EveryNode,5,18,4230,Node_50,21,0,7,21,7,,,,,,,,,
34,VISIT,2916,Random,EveryNode,5,19,4260,Node_49,21,0,8,21,8,,,,,,,,,
34,VISIT,2916,Random,EveryNode,5,20,4291,Node_47,21,0,9,21,9,,,,,,,,,
34,VISIT,2916,Random,EveryNode,5,21,4323,Node_49,21,0,8,21,8,,,,,,,,,
34,VISIT,2916,Random,EveryNode,5,22,4354,Node_47,21,0,9,21,9,,,,,,,,,
34,VISIT,2916,Random,EveryNode,5,23,4385,Node_49,21,0,8,21,8,,,,,,,,,
34,VISIT,2916,Random,EveryNode,5,24,4416,Node_46,20,0,8,20,8,,,,,,,,,
34,VISIT,2916,Random,EveryNode,5,25,4448,Node_49,21,0,8,21,8,,,,,,,,,
34,VISIT,2916,Random,EveryNode,5,26,4480,Node_47,21,0,9,21,9,,,,,,,,,
34,VISIT,2916,Random,EveryNode,5,27,4513,Node_49,21,0,8,21,8,,,,,,,,,
34,VISIT,2916,Random,EveryNode,5,28,4545,Node_50,21,0,7,21,7,,,,,,,,,
34,VISIT,2916,Random,EveryNode,5,29,4576,Node_51,21,0,6,21,6,,,,,,,,,
34,VISIT,2916,Random,EveryNode,5,30,4607,Node_50,21,0,7,21,7,,,,,,,,,
34,VISIT,2916,Random,EveryNode,5,31,4639,Node_51,21,0,6,21,6,,,,,,,,,
34,VISIT,2916,Random,EveryNode,5,32,4672,Node_101,20,0,6,20,6,,,,,,,,,
34,VISIT,2916,Random,EveryNode,5,33,4701,Node_59,20,0,5,20,5,,,,,,,,,
34,VISIT,2916,Random,EveryNode,5,34,4730,Node_53,21,0,5,21,5,,,,,,,,,
34,VISIT,2916,Random,EveryNode,5,35,4794,Node_118,22,0,6,22,6,,,,,,,,,
34,VISIT,2916,Random,EveryNode,5,36,4827,Node_51,21,0,6,21,6,,,,,,,,,
34,VISIT,2916,Random,EveryNode,5,37,4860,Node_50,21,0,7,21,7,,,,,,,,,
34,VISIT,2916,Random,EveryNode,5,38,4892,Node_49,21,0,8,21,8,,,,,,,,,
34,VISIT,2916,Random,EveryNode,5,39,4925,Node_50,21,0,7,21,7,,,,,,,,,
34,VISIT,2916,Random,EveryNode,5,40,4955,Node_51,21,0,6,21,6,,,,,,,,,
34,VISIT,2917,Random,EveryNode,5,0,4972,Node_6,19,0,12,19,12,,,,,,,,,
34,VISIT,2918,Random,EveryNode,5,0,4972,Node_7,19,0,8,19,8,,,,,,,,,
34,VISIT,2919,Random,EveryNode,5,0,4972,Node_8,17,0,10,17,10,,,,,,,,,
34,VISIT,2920,Random,EveryNode,5,0,4972,Node_9,21,0,10,21,10,,,,,,,,,
34,VISIT,2916,Random,EveryNode,5,41,4984,Node_53,21,0,5,21,5,,,,,,,,,
34,VISIT,2917,Random,EveryNode,5,1,5001,Node_41,20,0,12,20,12,,,,,,,,,
34,VISIT,2918,Random,EveryNode,5,1,5001,Node_46,20,0,8,20,8,,,,,,,,,
34,VISIT,2919,Random,EveryNode,5,1,5001,Node_4,18,0,10,18,10,,,,,,,,,
34,VISIT,2920,Random,EveryNode,5,1,5001,Node_5,20,0,10,20,10,,,,,,,,,
34,VISIT,2916,Random,EveryNode,5,42,5013,Node_51,21,0,6,21,6,,,,,,,,,
34,VISIT,2917,Random,EveryNode,5,2,5031,Node_40,20,0,11,20,11,,,,,,,,,
34,VISIT,2918,Random,EveryNode,5,2,5031,Node_48,20,0,9,20,9,,,,,,,,,
34,VISIT,2919,Random,EveryNode,5,2,5031,Node_8,17,0,10,17,10,,,,,,,,,
34,VISIT,2920,Random,EveryNode,5,2,5031,Node_40,20,0,11,20,11,,,,,,,,,
34,VISIT,2916,Random,EveryNode,5,43,5043,Node_50,21,0,7,21,7,,,,,,,,,
34,VISIT,2917,Random,EveryNode,5,3,5062,Node_13,21,0,11,21,11,,,,,,,,,
34,VISIT,2918,Random,EveryNode,5,3,5062,Node_46,20,0,8,20,8,,,,,,,,,
34,VISIT,2919,Random,EveryNode,5,3,5062,Node_12,17,0,11,17,11,,,,,,,,,
34,VISIT,2920,Random,EveryNode,5,3,5062,Node_41,20,0,12,20,12,,,,,,,,,
34,VISIT,2916,Random,EveryNode,5,44,5074,Node_49,21,0,8,21,8,,,,,,,,,
34,VISIT,2917,Random,EveryNode,5,4,5093,Node_9,21,0,10,21,10,,,,,,,,,
34,VISIT,2918,Random,EveryNode,5,4,5093,Node_49,21,0,8,21,8,,,,,,,,,
34,VISIT,2919,Random,EveryNode,5,4,5093,Node_21,16,0,11,16,11,,,,,,,,,
34,VISIT,2920,Random,EveryNode,5,4,5093,Node_42,20,0,13,20,13,,,,,,,,,
34,VISIT,2916,Random,EveryNode,5,45,5103,Node_50,21,0,7,21,7,,,,,,,,,
34,VISIT,2917,Random,EveryNode,5,5,5121,Node_47,21,0,9,21,9,,,,,,,,,
34,VISIT,2918,Random,EveryNode,5,5,5121,Node_47,21,0,9,21,9,,,,,,,,,
34,VISIT,2919,Random,EveryNode,5,5,5121,Node_24,16,0,10,16,10,,,,,,,,,
34,VISIT,2920,Random,EveryNode,5,5,5121,Node_43,20,0,14,20,14,,,,,,,,,
34,VISIT,2916,Random,EveryNode,5,46,5133,Node_51,21,0,6,21,6,,,,,,,,,
34,VISIT,2917,Random,EveryNode,5,6,5152,Node_48,20,0,9,20,9,,,,,,,,,
34,VISIT,2918,Random,EveryNode,5,6,5152,Node_70,22,0,9,22,9,,,,,,,,,
34,VISIT,2919,Random,EveryNode,5,6,5152,Node_21,16,0,11,16,11,,,,,,,,,
34,VISIT,2916,Random,EveryNode,5,47,5164,Node_53,21,0,5,21,5,,,,,,,,,
34,VISIT,2917,Random,EveryNode,5,7,5183,Node_5,20,0,10,20,10,,,,,,,,,
34,VISIT,2918,Random,EveryNode,5,7,5183,Node_47,21,0,9,21,9,,,,,,,,,
34,VISIT,2919,Random,EveryNode,5,7,5183,Node_24,16,0,10,16,10,,,,,,,,,
34,VISIT,2920,Random,EveryNode,5,6,5183,Node_64,18,0,14,18,14,,,,,,,,,
34,VISIT,2916,Random,EveryNode,5,48,5195,Node_55,21,0,4,21,4,,,,,,,,,
34,VISIT,2917,Random,EveryNode,5,8,5214,Node_40,20,0,11,20,11,,,,,,,,,
34,VISIT,2918,Random,EveryNode,5,8,5214,Node_9,21,0,10,21,10,,,,,,,,,
34,VISIT,2919,Random,EveryNode,5,8,5214,Node_21,16,0,11,16,11,,,,,,,,,
34,VISIT,2920,Random,EveryNode,5,7,5214,Node_88,17,0,14,17,14,,,,,,,,,
34,VISIT,2916,Random,EveryNode,5,49,5225,Node_58,20,0,4,20,4,,,,,,,,,
34,VISIT,2917,Random,EveryNode,5,9,5244,Node_41,20,0,12,20,12,,,,,,,,,
34,VISIT,2918,Random,EveryNode,5,9,5244,Node_13,21,0,11,21,11,,,,,,,,,
34,VISIT,2919,Random,EveryNode,5,9,5244,Node_24,16,0,10,16,10,,,,,,,,,
34,VISIT,2917,Random,EveryNode,5,10,5274,Node_42,20,0,13,20,13,,,,,,,,,
34,VISIT,2918,Random,EveryNode,5,10,5274,Node_9,21,0,10,21,10,,,,,,,,,
34,VISIT,2919,Random,EveryNode,5,10,5274,Node_21,16,0,11,16,11,,,,,,,,,
34,VISIT,2916,Random,EveryNode,5,50,5285,Node_108,19,0,5,19,5,,,,,,,,,
34,VISIT,2917,Random,EveryNode,5,11,5304,Node_43,20,0,14,20,14,,,,,,,,,
34,VISIT,2918,Random,EveryNode,5,11,5304,Node_47,21,0,9,21,9,,,,,,,,,
34,VISIT,2919,Random,EveryNode,5,11,5304,Node_18,16,0,12,16,12,,,,,,,,,
34,VISIT,2918,Random,EveryNode,5,12,5334,Node_49,21,0,8,21,8,,,,,,,,,
34,VISIT,2919,Random,EveryNode,5,12,5334,Node_29,15,0,12,15,12,,,,,,,,,
34,VISIT,2917,Random,EveryNode,5,12,5364,Node_64,18,0,14,18,14,,,,,,,,,
34,VISIT,2918,Random,EveryNode,5,13,5364,Node_50,21,0,7,21,7,,,,,,,,,
34,VISIT,2919,Random,EveryNode,5,13,5364,Node_35,14,0,12,14,12,,,,,,,,,
34,VISIT,2917,Random,EveryNode,5,13,5392,Node_88,17,0,14,17,14,,,,,,,,,
34,VISIT,2918,Random,EveryNode,5,14,5392,Node_51,21,0,6,21,6,,,,,,,,,
34,VISIT,2919,Random,EveryNode,5,14,5392,Node_33,14,0,11,14,11,,,,,,,,,
34,VISIT,2917,Random,EveryNode,5,14,5419,Node_122,16,0,14,16,14,,,,,,,,,
34,VISIT,2918,Random,EveryNode,5,15,5419,Node_53,21,0,5,21,5,,,,,,,,,
34,VISIT,2920,Random,EveryNode,5,8,5419,Node_31,15,0,13,15,13,,,,,,,,,
34,VISIT,2917,Random,EveryNode,5,15,5447,Node_131,15,0,14,15,14,,,,,,,,,
34,VISIT,2918,Random,EveryNode,5,16,5447,Node_59,20,0,5,20,5,,,,,,,,,
34,VISIT,2920,Random,EveryNode,5,9,5447,Node_36,14,0,13,14,13,,,,,,,,,
34,VISIT,2917,Random,EveryNode,5,16,5478,Node_37,14,0,14,14,14,,,,,,,,,
34,VISIT,2918,Random,EveryNode,5,17,5478,Node_58,20,0,4,20,4,,,,,,,,,
34,VISIT,2920,Random,EveryNode,5,10,5478,Node_31,15,0,13,15,13,,,,,,,,,
34,VISIT,2917,Random,EveryNode,5,17,5508,Node_131,15,0,14,15,14,,,,,,,,,
34,VISIT,2918,Random,EveryNode,5,18,5508,Node_59,20,0,5,20,5,,,,,,,,,
34,VISIT,2919,Random,EveryNode,5,15,5508,Node_60,13,0,12,13,12,,,,,,,,,
34,VISIT,2920,Random,EveryNode,5,11,5508,Node_131,15,0,14,15,14,,,,,,,,,
34,VISIT,2917,Random,EveryNode,5,18,5539,Node_31,15,0,13,15,13,,,,,,,,,
34,VISIT,2918,Random,EveryNode,5,19,5539,Node_58,20,0,4,20,4,,,,,,,,,
34,VISIT,2919,Random,EveryNode,5,16,5539,Node_35,14,0,12,14,12,,,,,,,,,
34,VISIT,2920,Random,EveryNode,5,12,5539,Node_122,16,0,14,16,14,,,,,,,,,
34,VISIT,2917,Random,EveryNode,5,19,5570,Node_131,15,0,14,15,14,,,,,,,,,
34,VISIT,2918,Random,EveryNode,5,20,5570,Node_59,20,0,5,20,5,,,,,,,,,
34,VISIT,2919,Random,EveryNode,5,17,5570,Node_36,14,0,13,14,13,,,,,,,,,
34,VISIT,2920,Random,EveryNode,5,13,5570,Node_88,17,0,14,17,14,,,,,,,,,
34,VISIT,2917,Random,EveryNode,5,20,5599,Node_37,14,0,14,14,14,,,,,,,,,
34,VISIT,2918,Random,EveryNode,5,21,5599,Node_53,21,0,5,21,5,,,,,,,,,
34,VISIT,2919,Random,EveryNode,5,18,5599,Node_37,14,0,14,14,14,,,,,,,,,
34,VISIT,2920,Random,EveryNode,5,14,5599,Node_90,17,0,15,17,15,,,,,,,,,
34,VISIT,2917,Random,EveryNode,5,21,5627,Node_36,14,0,13,14,13,,,,,,,,,
34,VISIT,2918,Random,EveryNode,5,22,5627,Node_51,21,0,6,21,6,,,,,,,,,
34,VISIT,2919,Random,EveryNode,5,19,5627,Node_38,13,0,14,13,14,,,,,,,,,
34,VISIT,2920,Random,EveryNode,5,15,5627,Node_124,16,0,15,16,15,,,,,,,,,
34,VISIT,2917,Random,EveryNode,5,22,5658,Node_35,14,0,12,14,12,,,,,,,,,
34,VISIT,2918,Random,EveryNode,5,23,5658,Node_50,21,0,7,21,7,,,,,,,,,
34,VISIT,2919,Random,EveryNode,5,20,5658,Node_37,14,0,14,14,14,,,,,,,,,
34,VISIT,2920,Random,EveryNode,5,16,5658,Node_129,15,0,15,15,15,,,,,,,,,
34,VISIT,2917,Random,EveryNode,5,23,5689,Node_60,13,0,12,13,12,,,,,,,,,
34,VISIT,2918,Random,EveryNode,5,24,5689,Node_49,21,0,8,21,8,,,,,,,,,
34,VISIT,2919,Random,EveryNode,5,21,5689,Node_38,13,0,14,13,14,,,,,,,,,
34,VISIT,2920,Random,EveryNode,5,17,5689,Node_127,15,0,16,15,16,,,,,,,,,
34,VISIT,2917,Random,EveryNode,5,24,5721,Node_61,13,0,13,13,13,,,,,,,,,
34,VISIT,2918,Random,EveryNode,5,25,5721,Node_50,21,0,7,21,7,,,,,,,,,
34,VISIT,2919,Random,EveryNode,5,22,5721,Node_62,12,0,14,12,14,,,,,,,,,
34,VISIT,2920,Random,EveryNode,5,18,5721,Node_125,16,0,16,16,16,,,,,,,,,
34,VISIT,2917,Random,EveryNode,5,25,5753,Node_38,13,0,14,13,14,,,,,,,,,
34,VISIT,2918,Random,EveryNode,5,26,5753,Node_51,21,0,6,21,6,,,,,,,,,
34,VISIT,2920,Random,EveryNode,5,19,5753,Node_91,17,0,16,17,16,,,,,,,,,
34,VISIT,2917,Random,EveryNode,5,26,5785,Node_37,14,0,14,14,14,,,,,,,,,
34,VISIT,2918,Random,EveryNode,5,27,5785,Node_53,21,0,5,21,5,,,,,,,,,
34,VISIT,2919,Random,EveryNode,5,23,5785,Node_95,10,0,14,10,14,,,,,,,,,
34,VISIT,2920,Random,EveryNode,5,20,5785,Node_68,18,0,16,18,16,,,,,,,,,
34,VISIT,2917,Random,EveryNode,5,27,5817,Node_38,13,0,14,13,14,,,,,,,,,
34,VISIT,2918,Random,EveryNode,5,28,5817,Node_51,21,0,6,21,6,,,,,,,,,
34,VISIT,2920,Random,EveryNode,5,21,5817,Node_71,18,0,17,18,17,,,,,,,,,
34,VISIT,2917,Random,EveryNode,5,28,5848,Node_62,12,0,14,12,14,,,,,,,,,
34,VISIT,2918,Random,EveryNode,5,29,5848,Node_53,21,0,5,21,5,,,,,,,,,
34,VISIT,2920,Random,EveryNode,5,22,5848,Node_92,17,0,17,17,17,,,,,,,,,
34,VISIT,2918,Random,EveryNode,5,30,5879,Node_59,20,0,5,20,5,,,,,,,,,
34,VISIT,2920,Random,EveryNode,5,23,5879,Node_71,18,0,17,18,17,,,,,,,,,
34,VISIT,2917,Random,EveryNode,5,29,5909,Node_95,10,0,14,10,14,,,,,,,,,
34,VISIT,2918,Random,EveryNode,5,31,5909,Node_58,20,0,4,20,4,,,,,,,,,
34,VISIT,2920,Random,EveryNode,5,24,5909,Node_92,17,0,17,17,17,,,,,,,,,
34,VISIT,2918,Random,EveryNode,5,32,5940,Node_123,19,0,4,19,4,,,,,,,,,
34,VISIT,2920,Random,EveryNode,5,25,5940,Node_93,17,0,18,17,18,,,,,,,,,
34,VISIT,2917,Random,EveryNode,5,30,5970,Node_100,9,0,15,9,15,,,,,,,,,
34,VISIT,2920,Random,EveryNode,5,26,5970,Node_73,18,0,18,18,18,,,,,,,,,
34,VISIT,2917,Random,EveryNode,5,31,6000,Node_120,8,0,15,8,15,,,,,,,,,
34,VISIT,2917,Random,EveryNode,5,32,6061,Node_139,9,0,14,9,14,,,,,,,,,
34,VISIT,2920,Random,EveryNode,5,27,6091,Node_32,21,0,19,21,19,,,,,,,,,
34,VISIT,2917,Random,EveryNode,5,33,6294,Node_152,9,0,12,9,12,,,,,,,,,
34,VISIT,2917,Random,EveryNode,5,34,6325,Node_136,10,0,12,10,12,,,,,,,,,
34,VISIT,2921,Random,EveryNode,5,0,6358,Node_6,19,0,12,19,12,,,,,,,,,
34,VISIT,2922,Random,EveryNode,5,0,6358,Node_7,19,0,8,19,8,,,,,,,,,
34,VISIT,2923,Random,EveryNode,5,0,6358,Node_8,17,0,10,17,10,,,,,,,,,
34,VISIT,2924,Random,EveryNode,5,0,6358,Node_9,21,0,10,21,10,,,,,,,,,
34,VISIT,2921,Random,EveryNode,5,1,6388,Node_41,20,0,12,20,12,,,,,,,,,
34,VISIT,2922,Random,EveryNode,5,1,6388,Node_3,19,0,9,19,9,,,,,,,,,
34,VISIT,2923,Random,EveryNode,5,1,6388,Node_24,16,0,10,16,10,,,,,,,,,
34,VISIT,2924,Random,EveryNode,5,1,6388,Node_5,20,0,10,20,10,,,,,,,,,
34,VISIT,2921,Random,EveryNode,5,2,6418,Node_40,20,0,11,20,11,,,,,,,,,
34,VISIT,2922,Random,EveryNode,5,2,6418,Node_15,18,0,9,18,9,,,,,,,,,
34,VISIT,2923,Random,EveryNode,5,2,6418,Node_21,16,0,11,16,11,,,,,,,,,
34,VISIT,2924,Random,EveryNode,5,2,6418,Node_9,21,0,10,21,10,,,,,,,,,
34,VISIT,2921,Random,EveryNode,5,3,6447,Node_41,20,0,12,20,12,,,,,,,,,
34,VISIT,2922,Random,EveryNode,5,3,6447,Node_23,17,0,9,17,9,,,,,,,,,
34,VISIT,2923,Random,EveryNode,5,3,6447,Node_24,16,0,10,16,10,,,,,,,,,
34,VISIT,2924,Random,EveryNode,5,3,6447,Node_13,21,0,11,21,11,,,,,,,,,
34,VISIT,2921,Random,EveryNode,5,4,6477,Node_40,20,0,11,20,11,,,,,,,,,
34,VISIT,2923,Random,EveryNode,5,4,6477,Node_21,16,0,11,16,11,,,,,,,,,
34,VISIT,2924,Random,EveryNode,5,4,6477,Node_54,22,0,11,22,11,,,,,,,,,
34,VISIT,2921,Random,EveryNode,5,5,6506,Node_13,21,0,11,21,11,,,,,,,,,
34,VISIT,2923,Random,EveryNode,5,5,6506,Node_24,16,0,10,16,10,,,,,,,,,
34,VISIT,2924,Random,EveryNode,5,5,6506,Node_77,23,0,11,23,11,,,,,,,,,
34,VISIT,2921,Random,EveryNode,5,6,6535,Node_9,21,0,10,21,10,,,,,,,,,
34,VISIT,2923,Random,EveryNode,5,6,6535,Node_8,17,0,10,17,10,,,,,,,,,
34,VISIT,2924,Random,EveryNode,5,6,6535,Node_79,23,0,12,23,12,,,,,,,,,
34,VISIT,2921,Random,EveryNode,5,7,6564,Node_13,21,0,11,21,11,,,,,,,,,
34,VISIT,2923,Random,EveryNode,5,7,6564,Node_24,16,0,10,16,10,,,,,,,,,
34,VISIT,2924,Random,EveryNode,5,7,6564,Node_80,24,0,12,24,12,,,,,,,,,
34,VISIT,2921,Random,EveryNode,5,8,6593,Node_17,21,0,12,21,12,,,,,,,,,
34,VISIT,2923,Random,EveryNode,5,8,6593,Node_8,17,0,10,17,10,,,,,,,,,
34,VISIT,2924,Random,EveryNode,5,8,6593,Node_81,24,0,13,24,13,,,,,,,,,
34,VISIT,2921,Random,EveryNode,5,9,6621,Node_19,21,0,13,21,13,,,,,,,,,
34,VISIT,2923,Random,EveryNode,5,9,6621,Node_12,17,0,11,17,11,,,,,,,,,
34,VISIT,2924,Random,EveryNode,5,9,6621,Node_106,25,0,13,25,13,,,,,,,,,
34,VISIT,2921,Random,EveryNode,5,10,6650,Node_22,21,0,14,21,14,,,,,,,,,
34,VISIT,2923,Random,EveryNode,5,10,6650,Node_21,16,0,11,16,11,,,,,,,,,
34,VISIT,2921,Random,EveryNode,5,11,6679,Node_19,21,0,13,21,13,,,,,,,,,
34,VISIT,2923,Random,EveryNode,5,11,6679,Node_24,16,0,10,16,10,,,,,,,,,
34,VISIT,2921,Random,EveryNode,5,12,6708,Node_22,21,0,14,21,14,,,,,,,,,
34,VISIT,2923,Random,EveryNode,5,12,6708,Node_21,16,0,11,16,11,,,,,,,,,
34,VISIT,2924,Random,EveryNode,5,10,6708,Node_103,25,0,12,25,12,,,,,,,,,
34,VISIT,2921,Random,EveryNode,5,13,6737,Node_25,21,0,15,21,15,,,,,,,,,
34,VISIT,2923,Random,EveryNode,5,13,6737,Node_18,16,0,12,16,12,,,,,,,,,
34,VISIT,2921,Random,EveryNode,5,14,6765,Node_45,22,0,15,22,15,,,,,,,,,
34,VISIT,2923,Random,EveryNode,5,14,6765,Node_21,16,0,11,16,11,,,,,,,,,
34,VISIT,2924,Random,EveryNode,5,11,6765,Node_97,24,0,11,24,11,,,,,,,,,
34,VISIT,2923,Random,EveryNode,5,15,6794,Node_24,16,0,10,16,10,,,,,,,,,
34,VISIT,2924,Random,EveryNode,5,12,6794,Node_80,24,0,12,24,12,,,,,,,,,
34,VISIT,2921,Random,EveryNode,5,15,6822,Node_27,21,0,16,21,16,,,,,,,,,
34,VISIT,2923,Random,EveryNode,5,16,6822,Node_21,16,0,11,16,11,,,,,,,,,
34,VISIT,2924,Random,EveryNode,5,13,6822,Node_81,24,0,13,24,13,,,,,,,,,
34,VISIT,2921,Random,EveryNode,5,16,6851,Node_179,22,0,16,22,16,,,,,,,,,
34,VISIT,2923,Random,EveryNode,5,17,6851,Node_28,15,0,11,15,11,,,,,,,,,
34,VISIT,2924,Random,EveryNode,5,14,6851,Node_82,24,0,14,24,14,,,,,,,,,
34,VISIT,2923,Random,EveryNode,5,18,6880,Node_33,14,0,11,14,11,,,,,,,,,
34,VISIT,2924,Random,EveryNode,5,15,6880,Node_109,25,0,14,25,14,,,,,,,,,
34,VISIT,2923,Random,EveryNode,5,19,6909,Node_134,13,0,11,13,11,,,,,,,,,
34,VISIT,2924,Random,EveryNode,5,16,6909,Node_112,25,0,15,25,15,,,,,,,,,
34,VISIT,2921,Random,EveryNode,5,17,6937,Node_85,24,0,17,24,17,,,,,,,,,
34,VISIT,2923,Random,EveryNode,5,20,6937,Node_60,13,0,12,13,12,,,,,,,,,
34,VISIT,2924,Random,EveryNode,5,17,6937,Node_83,24,0,15,24,15,,,,,,,,,
34,VISIT,2923,Random,EveryNode,5,21,6966,Node_61,13,0,13,13,13,,,,,,,,,
34,VISIT,2923,Random,EveryNode,5,22,6994,Node_38,13,0,14,13,14,,,,,,,,,
34,VISIT,2924,Random,EveryNode,5,18,6994,Node_180,23,0,16,23,16,,,,,,,,,
34,VISIT,2923,Random,EveryNode,5,23,7022,Node_61,13,0,13,13,13,,,,,,,,,
34,VISIT,2924,Random,EveryNode,5,19,7022,Node_84,24,0,16,24,16,,,,,,,,,
34,VISIT,2923,Random,EveryNode,5,24,7050,Node_38,13,0,14,13,14,,,,,,,,,
34,VISIT,2924,Random,EveryNode,5,20,7050,Node_114,25,0,16,25,16,,,,,,,,,
34,VISIT,2923,Random,EveryNode,5,25,7079,Node_62,12,0,14,12,14,,,,,,,,,
34,VISIT,2924,Random,EveryNode,5,21,7079,Node_84,24,0,16,24,16,,,,,,,,,
34,VISIT,2924,Random,EveryNode,5,22,7107,Node_180,23,0,16,23,16,,,,,,,,,
34,VISIT,2923,Random,EveryNode,5,26,7135,Node_95,10,0,14,10,14,,,,,,,,,
34,VISIT,2924,Random,EveryNode,5,23,7135,Node_179,22,0,16,22,16,,,,,,,,,
34,VISIT,2923,Random,EveryNode,5,27,7163,Node_135,10,0,13,10,13,,,,,,,,,
34,VISIT,2924,Random,EveryNode,5,24,7163,Node_27,21,0,16,21,16,,,,,,,,,
34,VISIT,2923,Random,EveryNode,5,28,7191,Node_150,9,0,13,9,13,,,,,,,,,
34,VISIT,2924,Random,EveryNode,5,25,7191,Node_25,21,0,15,21,15,,,,,,,,,
34,VISIT,2923,Random,EveryNode,5,29,7219,Node_152,9,0,12,9,12,,,,,,,,,
34,VISIT,2924,Random,EveryNode,5,26,7219,Node_27,21,0,16,21,16,,,,,,,,,
34,VISIT,2923,Random,EveryNode,5,30,7248,Node_150,9,0,13,9,13,,,,,,,,,
34,VISIT,2923,Random,EveryNode,5,31,7277,Node_139,9,0,14,9,14,,,,,,,,,
34,VISIT,2924,Random,EveryNode,5,27,7277,Node_30,21,0,18,21,18,,,,,,,,,
34,VISIT,2923,Random,EveryNode,5,32,7306,Node_95,10,0,14,10,14,,,,,,,,,
34,VISIT,2924,Random,EveryNode,5,28,7306,Node_147,20,0,18,20,18,,,,,,,,,
34,VISIT,2924,Random,EveryNode,5,29,7335,Node_149,20,0,19,20,19,,,,,,,,,
34,VISIT,2923,Random,EveryNode,5,33,7364,Node_62,12,0,14,12,14,,,,,,,,,
34,VISIT,2924,Random,EveryNode,5,30,7364,Node_147,20,0,18,20,18,,,,,,,,,
34,VISIT,2923,Random,EveryNode,5,34,7393,Node_63,12,0,15,12,15,,,,,,,,,
34,VISIT,2924,Random,EveryNode,5,31,7393,Node_149,20,0,19,20,19,,,,,,,,,
34,VISIT,2923,Random,EveryNode,5,35,7422,Node_39,13,0,15,13,15,,,,,,,,,
34,VISIT,2924,Random,EveryNode,5,32,7422,Node_147,20,0,18,20,18,,,,,,,,,
34,VISIT,2924,Random,EveryNode,5,33,7480,Node_73,18,0,18,18,18,,,,,,,,,
34,VISIT,2924,Random,EveryNode,5,34,7508,Node_93,17,0,18,17,18,,,,,,,,,
34,VISIT,2923,Random,EveryNode,5,36,7533,Node_69,12,0,18,12,18,,,,,,,,,
34,VISIT,2924,Random,EveryNode,5,35,7533,Node_94,17,0,19,17,19,,,,,,,,,
34,VISIT,2923,Random,EveryNode,5,37,7559,Node_67,12,0,17,12,17,,,,,,,,,
34,VISIT,2924,Random,EveryNode,5,36,7559,Node_75,18,0,19,18,19,,,,,,,,,
34,VISIT,2923,Random,EveryNode,5,38,7610,Node_72,11,0,18,11,18,,,,,,,,,
34,VISIT,2925,Random,EveryNode,5,0,7657,Node_6,19,0,12,19,12,,,,,,,,,
34,VISIT,2926,Random,EveryNode,5,0,7657,Node_7,19,0,8,19,8,,,,,,,,,
34,VISIT,2927,Random,EveryNode,5,0,7657,Node_8,17,0,10,17,10,,,,,,,,,
34,VISIT,2928,Random,EveryNode,5,0,7657,Node_9,21,0,10,21,10,,,,,,,,,
34,VISIT,2923,Random,EveryNode,5,39,7664,Node_110,9,0,18,9,18,,,,,,,,,
34,VISIT,2925,Random,EveryNode,5,1,7683,Node_41,20,0,12,20,12,,,,,,,,,
34,VISIT,2926,Random,EveryNode,5,1,7683,Node_3,19,0,9,19,9,,,,,,,,,
34,VISIT,2927,Random,EveryNode,5,1,7683,Node_23,17,0,9,17,9,,,,,,,,,
34,VISIT,2928,Random,EveryNode,5,1,7683,Node_47,21,0,9,21,9,,,,,,,,,
34,VISIT,2923,Random,EveryNode,5,40,7691,Node_113,8,0,18,8,18,,,,,,,,,
34,VISIT,2925,Random,EveryNode,5,2,7709,Node_42,20,0,13,20,13,,,,,,,,,
34,VISIT,2926,Random,EveryNode,5,2,7709,Node_15,18,0,9,18,9,,,,,,,,,
34,VISIT,2927,Random,EveryNode,5,2,7709,Node_166,17,0,8,17,8,,,,,,,,,
34,VISIT,2928,Random,EveryNode,5,2,7709,Node_49,21,0,8,21,8,,,,,,,,,
34,VISIT,2925,Random,EveryNode,5,3,7734,Node_43,20,0,14,20,14,,,,,,,,,
34,VISIT,2926,Random,EveryNode,5,3,7734,Node_3,19,0,9,19,9,,,,,,,,,
34,VISIT,2927,Random,EveryNode,5,3,7734,Node_169,16,0,8,16,8,,,,,,,,,
34,VISIT,2928,Random,EveryNode,5,3,7734,Node_50,21,0,7,21,7,,,,,,,,,
34,VISIT,2926,Random,EveryNode,5,4,7760,Node_15,18,0,9,18,9,,,,,,,,,
34,VISIT,2927,Random,EveryNode,5,4,7760,Node_166,17,0,8,17,8,,,,,,,,,
34,VISIT,2928,Random,EveryNode,5,4,7760,Node_49,21,0,8,21,8,,,,,,,,,
34,VISIT,2925,Random,EveryNode,5,4,7786,Node_64,18,0,14,18,14,,,,,,,,,
34,VISIT,2926,Random,EveryNode,5,5,7786,Node_23,17,0,9,17,9,,,,,,,,,
34,VISIT,2927,Random,EveryNode,5,5,7786,Node_11,18,0,8,18,8,,,,,,,,,
34,VISIT,2928,Random,EveryNode,5,5,7786,Node_47,21,0,9,21,9,,,,,,,,,
34,VISIT,2925,Random,EveryNode,5,5,7811,Node_66,18,0,15,18,15,,,,,,,,,
34,VISIT,2926,Random,EveryNode,5,6,7811,Node_8,17,0,10,17,10,,,,,,,,,
34,VISIT,2927,Random,EveryNode,5,6,7811,Node_15,18,0,9,18,9,,,,,,,,,
34,VISIT,2928,Random,EveryNode,5,6,7811,Node_70,22,0,9,22,9,,,,,,,,,
34,VISIT,2925,Random,EveryNode,5,6,7838,Node_90,17,0,15,17,15,,,,,,,,,
34,VISIT,2926,Random,EveryNode,5,7,7838,Node_23,17,0,9,17,9,,,,,,,,,
34,VISIT,2927,Random,EveryNode,5,7,7838,Node_3,19,0,9,19,9,,,,,,,,,
34,VISIT,2928,Random,EveryNode,5,7,7838,Node_87,23,0,9,23,9,,,,,,,,,
34,VISIT,2925,Random,EveryNode,5,7,7864,Node_91,17,0,16,17,16,,,,,,,,,
34,VISIT,2926,Random,EveryNode,5,8,7864,Node_166,17,0,8,17,8,,,,,,,,,
34,VISIT,2927,Random,EveryNode,5,8,7864,Node_15,18,0,9,18,9,,,,,,,,,
34,VISIT,2925,Random,EveryNode,5,8,7891,Node_92,17,0,17,17,17,,,,,,,,,
34,VISIT,2926,Random,EveryNode,5,9,7891,Node_167,17,0,7,17,7,,,,,,,,,
34,VISIT,2927,Random,EveryNode,5,9,7891,Node_3,19,0,9,19,9,,,,,,,,,
34,VISIT,2925,Random,EveryNode,5,9,7918,Node_93,17,0,18,17,18,,,,,,,,,
34,VISIT,2926,Random,EveryNode,5,10,7918,Node_166,17,0,8,17,8,,,,,,,,,
34,VISIT,2927,Random,EveryNode,5,10,7918,Node_48,20,0,9,20,9,,,,,,,,,
34,VISIT,2925,Random,EveryNode,5,10,7945,Node_73,18,0,18,18,18,,,,,,,,,
34,VISIT,2926,Random,EveryNode,5,11,7945,Node_169,16,0,8,16,8,,,,,,,,,
34,VISIT,2927,Random,EveryNode,5,11,7945,Node_5,20,0,10,20,10,,,,,,,,,
34,VISIT,2925,Random,EveryNode,5,11,7972,Node_75,18,0,19,18,19,,,,,,,,,
34,VISIT,2926,Random,EveryNode,5,12,7972,Node_170,15,0,8,15,8,,,,,,,,,
34,VISIT,2927,Random,EveryNode,5,12,7972,Node_20,19,0,10,19,10,,,,,,,,,
34,VISIT,2925,Random,EveryNode,5,12,7999,Node_94,17,0,19,17,19,,,,,,,,,
34,VISIT,2926,Random,EveryNode,5,13,7999,Node_171,15,0,7,15,7,,,,,,,,,
34,VISIT,2927,Random,EveryNode,5,13,7999,Node_4,18,0,10,18,10,,,,,,,,,
34,VISIT,2925,Random,EveryNode,5,13,8026,Node_96,17,0,20,17,20,,,,,,,,,
34,VISIT,2927,Random,EveryNode,5,14,8026,Node_8,17,0,10,17,10,,,,,,,,,
34,VISIT,2925,Random,EveryNode,5,14,8053,Node_105,16,0,20,16,20,,,,,,,,,
34,VISIT,2927,Random,EveryNode,5,15,8053,Node_24,16,0,10,16,10,,,,,,,,,
34,VISIT,2927,Random,EveryNode,5,16,8080,Node_8,17,0,10,17,10,,,,,,,,,
34,VISIT,2927,Random,EveryNode,5,17,8106,Node_23,17,0,9,17,9,,,,,,,,,
34,VISIT,2928,Random,EveryNode,5,8,8106,Node_208,25,0,7,25,7,,,,,,,,,
34,VISIT,2927,Random,EveryNode,5,18,8133,Node_166,17,0,8,17,8,,,,,,,,,
34,VISIT,2927,Random,EveryNode,5,19,8159,Node_169,16,0,8,16,8,,,,,,,,,
34,VISIT,2926,Random,EveryNode,5,14,8185,Node_133,13,0,10,13,10,,,,,,,,,
34,VISIT,2927,Random,EveryNode,5,20,8185,Node_170,15,0,8,15,8,,,,,,,,,
34,VISIT,2927,Random,EveryNode,5,21,8212,Node_171,15,0,7,15,7,,,,,,,,,
34,VISIT,2927,Random,EveryNode,5,22,8239,Node_168,16,0,7,16,7,,,,,,,,,
34,VISIT,2927,Random,EveryNode,5,23,8423,Node_177,15,0,3,15,3,,,,,,,,,
34,VISIT,2929,Random,EveryNode,5,0,8861,Node_6,19,0,12,19,12,,,,,,,,,
34,VISIT,2930,Random,EveryNode,5,0,8861,Node_7,19,0,8,19,8,,,,,,,,,
34,VISIT,2931,Random,EveryNode,5,0,8861,Node_8,17,0,10,17,10,,,,,,,,,
34,VISIT,2932,Random,EveryNode,5,0,8861,Node_9,21,0,10,21,10,,,,,,,,,
34,VISIT,2929,Random,EveryNode,5,1,8887,Node_2,19,0,11,19,11,,,,,,,,,
34,VISIT,2930,Random,EveryNode,5,1,8887,Node_11,18,0,8,18,8,,,,,,,,,
34,VISIT,2931,Random,EveryNode,5,1,8887,Node_23,17,0,9,17,9,,,,,,,,,
34,VISIT,2932,Random,EveryNode,5,1,8887,Node_47,21,0,9,21,9,,,,,,,,,
34,VISIT,2929,Random,EveryNode,5,2,8913,Node_20,19,0,10,19,10,,,,,,,,,
34,VISIT,2930,Random,EveryNode,5,2,8913,Node_166,17,0,8,17,8,,,,,,,,,
34,VISIT,2931,Random,EveryNode,5,2,8913,Node_166,17,0,8,17,8,,,,,,,,,
34,VISIT,2932,Random,EveryNode,5,2,8913,Node_70,22,0,9,22,9,,,,,,,,,
34,VISIT,2929,Random,EveryNode,5,3,8939,Node_3,19,0,9,19,9,,,,,,,,,
34,VISIT,2930,Random,EveryNode,5,3,8939,Node_167,17,0,7,17,7,,,,,,,,,
34,VISIT,2931,Random,EveryNode,5,3,8939,Node_167,17,0,7,17,7,,,,,,,,,
34,VISIT,2932,Random,EveryNode,5,3,8939,Node_87,23,0,9,23,9,,,,,,,,,
34,VISIT,2929,Random,EveryNode,5,4,8965,Node_7,19,0,8,19,8,,,,,,,,,
34,VISIT,2930,Random,EveryNode,5,4,8965,Node_168,16,0,7,16,7,,,,,,,,,
34,VISIT,2931,Random,EveryNode,5,4,8965,Node_168,16,0,7,16,7,,,,,,,,,
34,VISIT,2929,Random,EveryNode,5,5,8991,Node_3,19,0,9,19,9,,,,,,,,,
34,VISIT,2930,Random,EveryNode,5,5,8991,Node_171,15,0,7,15,7,,,,,,,,,
34,VISIT,2931,Random,EveryNode,5,5,8991,Node_171,15,0,7,15,7,,,,,,,,,
34,VISIT,2932,Random,EveryNode,5,4,8991,Node_206,25,0,9,25,9,,,,,,,,,
34,VISIT,2929,Random,EveryNode,5,6,9017,Node_48,20,0,9,20,9,,,,,,,,,
34,VISIT,2930,Random,EveryNode,5,6,9017,Node_172,15,0,6,15,6,,,,,,,,,
34,VISIT,2931,Random,EveryNode,5,6,9017,Node_172,15,0,6,15,6,,,,,,,,,
34,VISIT,2929,Random,EveryNode,5,7,9043,Node_5,20,0,10,20,10,,,,,,,,,
34,VISIT,2930,Random,EveryNode,5,7,9043,Node_213,14,0,6,14,6,,,,,,,,,
34,VISIT,2931,Random,EveryNode,5,7,9043,Node_213,14,0,6,14,6,,,,,,,,,
34,VISIT,2932,Random,EveryNode,5,5,9043,Node_225,26,0,8,26,8,,,,,,,,,
34,VISIT,2929,Random,EveryNode,5,8,9069,Node_9,21,0,10,21,10,,,,,,,,,
34,VISIT,2930,Random,EveryNode,5,8,9069,Node_172,15,0,6,15,6,,,,,,,,,
34,VISIT,2931,Random,EveryNode,5,8,9069,Node_211,14,0,7,14,7,,,,,,,,,
34,VISIT,2932,Random,EveryNode,5,6,9069,Node_207,25,0,8,25,8,,,,,,,,,
34,VISIT,2929,Random,EveryNode,5,9,9095,Node_47,21,0,9,21,9,,,,,,,,,
34,VISIT,2930,Random,EveryNode,5,9,9095,Node_233,16,0,6,16,6,,,,,,,,,
34,VISIT,2931,Random,EveryNode,5,9,9095,Node_219,13,0,7,13,7,,,,,,,,,
34,VISIT,2932,Random,EveryNode,5,7,9095,Node_208,25,0,7,25,7,,,,,,,,,
34,VISIT,2929,Random,EveryNode,5,10,9121,Node_70,22,0,9,22,9,,,,,,,,,
34,VISIT,2930,Random,EveryNode,5,10,9121,Node_236,16,0,5,16,5,,,,,,,,,
34,VISIT,2931,Random,EveryNode,5,10,9121,Node_235,12,0,7,12,7,,,,,,,,,
34,VISIT,2932,Random,EveryNode,5,8,9121,Node_222,26,0,7,26,7,,,,,,,,,
34,VISIT,2929,Random,EveryNode,5,11,9147,Node_86,22,0,8,22,8,,,,,,,,,
34,VISIT,2930,Random,EveryNode,5,11,9147,Node_174,15,0,5,15,5,,,,,,,,,
34,VISIT,2929,Random,EveryNode,5,12,9172,Node_70,22,0,9,22,9,,,,,,,,,
34,VISIT,2930,Random,EveryNode,5,12,9172,Node_176,15,0,4,15,4,,,,,,,,,
34,VISIT,2929,Random,EveryNode,5,13,9197,Node_86,22,0,8,22,8,,,,,,,,,
34,VISIT,2930,Random,EveryNode,5,13,9197,Node_238,16,0,4,16,4,,,,,,,,,
34,VISIT,2932,Random,EveryNode,5,9,9197,Node_210,25,0,5,25,5,,,,,,,,,
34,VISIT,2929,Random,EveryNode,5,14,9223,Node_89,22,0,7,22,7,,,,,,,,,
34,VISIT,2930,Random,EveryNode,5,14,9223,Node_130,17,0,4,17,4,,,,,,,,,
34,VISIT,2932,Random,EveryNode,5,10,9223,Node_250,26,0,5,26,5,,,,,,,,,
34,VISIT,2929,Random,EveryNode,5,15,9249,Node_50,21,0,7,21,7,,,,,,,,,
34,VISIT,2929,Random,EveryNode,5,16,9274,Node_51,21,0,6,21,6,,,,,,,,,
34,VISIT,2930,Random,EveryNode,5,15,9274,Node_236,16,0,5,16,5,,,,,,,,,
34,VISIT,2929,Random,EveryNode,5,17,9299,Node_53,21,0,5,21,5,,,,,,,,,
34,VISIT,2930,Random,EveryNode,5,16,9299,Node_238,16,0,4,16,4,,,,,,,,,
34,VISIT,2932,Random,EveryNode,5,11,9299,Node_248,26,0,6,26,6,,,,,,,,,
34,VISIT,2929,Random,EveryNode,5,18,9324,Node_55,21,0,4,21,4,,,,,,,,,
34,VISIT,2930,Random,EveryNode,5,17,9324,Node_130,17,0,4,17,4,,,,,,,,,
34,VISIT,2932,Random,EveryNode,5,12,9324,Node_209,25,0,6,25,6,,,,,,,,,
34,VISIT,2929,Random,EveryNode,5,19,9349,Node_58,20,0,4,20,4,,,,,,,,,
34,VISIT,2930,Random,EveryNode,5,18,9349,Node_128,18,0,4,18,4,,,,,,,,,
34,VISIT,2932,Random,EveryNode,5,13,9349,Node_214,24,0,6,24,6,,,,,,,,,
34,VISIT,2929,Random,EveryNode,5,20,9374,Node_123,19,0,4,19,4,,,,,,,,,
34,VISIT,2930,Random,EveryNode,5,19,9374,Node_123,19,0,4,19,4,,,,,,,,,
34,VISIT,2932,Random,EveryNode,5,14,9374,Node_212,24,0,5,24,5,,,,,,,,,
34,VISIT,2929,Random,EveryNode,5,21,9399,Node_128,18,0,4,18,4,,,,,,,,,
34,VISIT,2930,Random,EveryNode,5,20,9399,Node_108,19,0,5,19,5,,,,,,,,,
34,VISIT,2929,Random,EveryNode,5,22,9424,Node_123,19,0,4,19,4,,,,,,,,,
34,VISIT,2930,Random,EveryNode,5,21,9424,Node_123,19,0,4,19,4,,,,,,,,,
34,VISIT,2929,Random,EveryNode,5,23,9449,Node_128,18,0,4,18,4,,,,,,,,,
34,VISIT,2930,Random,EveryNode,5,22,9449,Node_108,19,0,5,19,5,,,,,,,,,
34,VISIT,2929,Random,EveryNode,5,24,9474,Node_130,17,0,4,17,4,,,,,,,,,
34,VISIT,2930,Random,EveryNode,5,23,9474,Node_123,19,0,4,19,4,,,,,,,,,
34,VISIT,2929,Random,EveryNode,5,25,9499,Node_238,16,0,4,16,4,,,,,,,,,
34,VISIT,2930,Random,EveryNode,5,24,9499,Node_141,19,0,3,19,3,,,,,,,,,
34,VISIT,2929,Random,EveryNode,5,26,9524,Node_236,16,0,5,16,5,,,,,,,,,
34,VISIT,2930,Random,EveryNode,5,25,9524,Node_57,20,0,3,20,3,,,,,,,,,
34,VISIT,2929,Random,EveryNode,5,27,9550,Node_238,16,0,4,16,4,,,,,,,,,
34,VISIT,2929,Random,EveryNode,5,28,9575,Node_176,15,0,4,15,4,,,,,,,,,
34,VISIT,2930,Random,EveryNode,5,26,9575,Node_143,19,0,2,19,2,,,,,,,,,
34,VISIT,2929,Random,EveryNode,5,29,9600,Node_174,15,0,5,15,5,,,,,,,,,
34,VISIT,2930,Random,EveryNode,5,27,9600,Node_141,19,0,3,19,3,,,,,,,,,
34,VISIT,2929,Random,EveryNode,5,30,9626,Node_172,15,0,6,15,6,,,,,,,,,
34,VISIT,2930,Random,EveryNode,5,28,9626,Node_143,19,0,2,19,2,,,,,,,,,
34,VISIT,2929,Random,EveryNode,5,31,9652,Node_171,15,0,7,15,7,,,,,,,,,
34,VISIT,2930,Random,EveryNode,5,29,9652,Node_141,19,0,3,19,3,,,,,,,,,
34,VISIT,2929,Random,EveryNode,5,32,9678,Node_211,14,0,7,14,7,,,,,,,,,
34,VISIT,2930,Random,EveryNode,5,30,9678,Node_143,19,0,2,19,2,,,,,,,,,
34,VISIT,2929,Random,EveryNode,5,33,9704,Node_171,15,0,7,15,7,,,,,,,,,
34,VISIT,2930,Random,EveryNode,5,31,9704,Node_146,19,0,1,19,1,,,,,,,,,
34,VISIT,2929,Random,EveryNode,5,34,9730,Node_211,14,0,7,14,7,,,,,,,,,
34,VISIT,2929,Random,EveryNode,5,35,9755,Node_219,13,0,7,13,7,,,,,,,,,
34,VISIT,2929,Random,EveryNode,5,36,9780,Node_235,12,0,7,12,7,,,,,,,,,
34,VISIT,2929,Random,EveryNode,5,37,9805,Node_247,12,0,6,12,6,,,,,,,,,
34,VISIT,2929,Random,EveryNode,5,38,9830,Node_252,11,0,6,11,6,,,,,,,,,
34,VISIT,2929,Random,EveryNode,5,39,9855,Node_254,10,0,6,10,6,,,,,,,,,
34,VISIT,2930,Random,EveryNode,5,32,9905,Node_269,18,0,0,18,0,,,,,,,,,
34,VISIT,2930,Random,EveryNode,5,33,9930,Node_148,19,0,0,19,0,,,,,,,,,
34,VISIT,2933,Random,EveryNode,5,0,10004,Node_6,19,0,12,19,12,,,,,,,,,
34,VISIT,2934,Random,EveryNode,5,0,10004,Node_7,19,0,8,19,8,,,,,,,,,
34,VISIT,2935,Random,EveryNode,5,0,10004,Node_8,17,0,10,17,10,,,,,,,,,
34,VISIT,2936,Random,EveryNode,5,0,10004,Node_9,21,0,10,21,10,,,,,,,,,
34,VISIT,2929,Random,EveryNode,5,40,10022,Node_279,8,0,7,8,7,,,,,,,,,
34,VISIT,2933,Random,EveryNode,5,1,10028,Node_41,20,0,12,20,12,,,,,,,,,
34,VISIT,2934,Random,EveryNode,5,1,10028,Node_46,20,0,8,20,8,,,,,,,,,
34,VISIT,2935,Random,EveryNode,5,1,10028,Node_24,16,0,10,16,10,,,,,,,,,
34,VISIT,2936,Random,EveryNode,5,1,10028,Node_47,21,0,9,21,9,,,,,,,,,
34,VISIT,2933,Random,EveryNode,5,2,10052,Node_42,20,0,13,20,13,,,,,,,,,
34,VISIT,2934,Random,EveryNode,5,2,10052,Node_49,21,0,8,21,8,,,,,,,,,
34,VISIT,2935,Random,EveryNode,5,2,10052,Node_21,16,0,11,16,11,,,,,,,,,
34,VISIT,2936,Random,EveryNode,5,2,10052,Node_70,22,0,9,22,9,,,,,,,,,
34,VISIT,2933,Random,EveryNode,5,3,10076,Node_43,20,0,14,20,14,,,,,,,,,
34,VISIT,2934,Random,EveryNode,5,3,10076,Node_47,21,0,9,21,9,,,,,,,,,
34,VISIT,2935,Random,EveryNode,5,3,10076,Node_28,15,0,11,15,11,,,,,,,,,
34,VISIT,2936,Random,EveryNode,5,3,10076,Node_87,23,0,9,23,9,,,,,,,,,
34,VISIT,2933,Random,EveryNode,5,4,10100,Node_44,20,0,15,20,15,,,,,,,,,
34,VISIT,2934,Random,EveryNode,5,4,10100,Node_70,22,0,9,22,9,,,,,,,,,
34,VISIT,2935,Random,EveryNode,5,4,10100,Node_26,15,0,10,15,10,,,,,,,,,
34,VISIT,2933,Random,EveryNode,5,5,10124,Node_25,21,0,15,21,15,,,,,,,,,
34,VISIT,2934,Random,EveryNode,5,5,10124,Node_86,22,0,8,22,8,,,,,,,,,
34,VISIT,2935,Random,EveryNode,5,5,10124,Node_132,14,0,10,14,10,,,,,,,,,
34,VISIT,2936,Random,EveryNode,5,4,10124,Node_206,25,0,9,25,9,,,,,,,,,
34,VISIT,2933,Random,EveryNode,5,6,10147,Node_27,21,0,16,21,16,,,,,,,,,
34,VISIT,2934,Random,EveryNode,5,6,10147,Node_89,22,0,7,22,7,,,,,,,,,
34,VISIT,2935,Random,EveryNode,5,6,10147,Node_133,13,0,10,13,10,,,,,,,,,
34,VISIT,2936,Random,EveryNode,5,5,10147,Node_207,25,0,8,25,8,,,,,,,,,
34,VISIT,2933,Random,EveryNode,5,7,10171,Node_179,22,0,16,22,16,,,,,,,,,
34,VISIT,2934,Random,EveryNode,5,7,10171,Node_118,22,0,6,22,6,,,,,,,,,
34,VISIT,2935,Random,EveryNode,5,7,10171,Node_224,13,0,9,13,9,,,,,,,,,
34,VISIT,2936,Random,EveryNode,5,6,10171,Node_208,25,0,7,25,7,,,,,,,,,
34,VISIT,2933,Random,EveryNode,5,8,10196,Node_180,23,0,16,23,16,,,,,,,,,
34,VISIT,2934,Random,EveryNode,5,8,10196,Node_51,21,0,6,21,6,,,,,,,,,
34,VISIT,2935,Random,EveryNode,5,8,10196,Node_230,12,0,9,12,9,,,,,,,,,
34,VISIT,2936,Random,EveryNode,5,7,10196,Node_207,25,0,8,25,8,,,,,,,,,
34,VISIT,2933,Random,EveryNode,5,9,10221,Node_84,24,0,16,24,16,,,,,,,,,
34,VISIT,2934,Random,EveryNode,5,9,10221,Node_53,21,0,5,21,5,,,,,,,,,
34,VISIT,2936,Random,EveryNode,5,8,10221,Node_206,25,0,9,25,9,,,,,,,,,
34,VISIT,2933,Random,EveryNode,5,10,10246,Node_85,24,0,17,24,17,,,,,,,,,
34,VISIT,2934,Random,EveryNode,5,10,10246,Node_59,20,0,5,20,5,,,,,,,,,
34,VISIT,2935,Random,EveryNode,5,9,10246,Node_144,11,0,8,11,8,,,,,,,,,
34,VISIT,2933,Random,EveryNode,5,11,10271,Node_116,25,0,17,25,17,,,,,,,,,
34,VISIT,2934,Random,EveryNode,5,11,10271,Node_108,19,0,5,19,5,,,,,,,,,
34,VISIT,2935,Random,EveryNode,5,10,10271,Node_232,12,0,8,12,8,,,,,,,,,
34,VISIT,2936,Random,EveryNode,5,9,10271,Node_87,23,0,9,23,9,,,,,,,,,
34,VISIT,2934,Random,EveryNode,5,12,10296,Node_123,19,0,4,19,4,,,,,,,,,
34,VISIT,2935,Random,EveryNode,5,11,10296,Node_221,13,0,8,13,8,,,,,,,,,
34,VISIT,2936,Random,EveryNode,5,10,10296,Node_70,22,0,9,22,9,,,,,,,,,
34,VISIT,2934,Random,EveryNode,5,13,10320,Node_128,18,0,4,18,4,,,,,,,,,
34,VISIT,2935,Random,EveryNode,5,12,10320,Node_219,13,0,7,13,7,,,,,,,,,
34,VISIT,2936,Random,EveryNode,5,11,10320,Node_86,22,0,8,22,8,,,,,,,,,
34,VISIT,2933,Random,EveryNode,5,12,10344,Node_119,25,0,18,25,18,,,,,,,,,
34,VISIT,2934,Random,EveryNode,5,14,10344,Node_123,19,0,4,19,4,,,,,,,,,
34,VISIT,2935,Random,EveryNode,5,13,10344,Node_216,13,0,6,13,6,,,,,,,,,
34,VISIT,2936,Random,EveryNode,5,12,10344,Node_70,22,0,9,22,9,,,,,,,,,
34,VISIT,2934,Random,EveryNode,5,15,10368,Node_128,18,0,4,18,4,,,,,,,,,
34,VISIT,2936,Random,EveryNode,5,13,10368,Node_87,23,0,9,23,9,,,,,,,,,
34,VISIT,2934,Random,EveryNode,5,16,10392,Node_126,18,0,5,18,5,,,,,,,,,
34,VISIT,2935,Random,EveryNode,5,14,10392,Node_249,12,0,5,12,5,,,,,,,,,
34,VISIT,2936,Random,EveryNode,5,14,10392,Node_74,23,0,10,23,10,,,,,,,,,
34,VISIT,2933,Random,EveryNode,5,13,10416,Node_185,24,0,20,24,20,,,,,,,,,
34,VISIT,2934,Random,EveryNode,5,17,10416,Node_253,17,0,5,17,5,,,,,,,,,
34,VISIT,2935,Random,EveryNode,5,15,10416,Node_251,11,0,5,11,5,,,,,,,,,
34,VISIT,2936,Random,EveryNode,5,15,10416,Node_87,23,0,9,23,9,,,,,,,,,
34,VISIT,2933,Random,EveryNode,5,14,10441,Node_291,25,0,20,25,20,,,,,,,,,
34,VISIT,2934,Random,EveryNode,5,18,10441,Node_130,17,0,4,17,4,,,,,,,,,
34,VISIT,2933,Random,EveryNode,5,15,10465,Node_185,24,0,20,24,20,,,,,,,,,
34,VISIT,2934,Random,EveryNode,5,19,10465,Node_238,16,0,4,16,4,,,,,,,,,
34,VISIT,2936,Random,EveryNode,5,16,10465,Node_206,25,0,9,25,9,,,,,,,,,
34,VISIT,2933,Random,EveryNode,5,16,10488,Node_184,24,0,19,24,19,,,,,,,,,
34,VISIT,2934,Random,EveryNode,5,20,10488,Node_176,15,0,4,15,4,,,,,,,,,
34,VISIT,2933,Random,EveryNode,5,17,10512,Node_289,25,0,19,25,19,,,,,,,,,
34,VISIT,2934,Random,EveryNode,5,21,10512,Node_177,15,0,3,15,3,,,,,,,,,
34,VISIT,2936,Random,EveryNode,5,17,10512,Node_87,23,0,9,23,9,,,,,,,,,
34,VISIT,2933,Random,EveryNode,5,18,10536,Node_119,25,0,18,25,18,,,,,,,,,
34,VISIT,2934,Random,EveryNode,5,22,10536,Node_239,16,0,3,16,3,,,,,,,,,
34,VISIT,2933,Random,EveryNode,5,19,10560,Node_182,24,0,18,24,18,,,,,,,,,
34,VISIT,2934,Random,EveryNode,5,23,10560,Node_238,16,0,4,16,4,,,,,,,,,
34,VISIT,2936,Random,EveryNode,5,18,10560,Node_206,25,0,9,25,9,,,,,,,,,
34,VISIT,2933,Random,EveryNode,5,20,10584,Node_85,24,0,17,24,17,,,,,,,,,
34,VISIT,2934,Random,EveryNode,5,24,10584,Node_239,16,0,3,16,3,,,,,,,,,
34,VISIT,2933,Random,EveryNode,5,21,10608,Node_84,24,0,16,24,16,,,,,,,,,
34,VISIT,2934,Random,EveryNode,5,25,10608,Node_177,15,0,3,15,3,,,,,,,,,
34,VISIT,2936,Random,EveryNode,5,19,10608,Node_87,23,0,9,23,9,,,,,,,,,
34,VISIT,2933,Random,EveryNode,5,22,10632,Node_85,24,0,17,24,17,,,,,,,,,
34,VISIT,2934,Random,EveryNode,5,26,10632,Node_242,14,0,3,14,3,,,,,,,,,
34,VISIT,2936,Random,EveryNode,5,20,10632,Node_70,22,0,9,22,9,,,,,,,,,
34,VISIT,2933,Random,EveryNode,5,23,10656,Node_84,24,0,16,24,16,,,,,,,,,
34,VISIT,2936,Random,EveryNode,5,21,10656,Node_86,22,0,8,22,8,,,,,,,,,
34,VISIT,2933,Random,EveryNode,5,24,10680,Node_83,24,0,15,24,15,,,,,,,,,
34,VISIT,2936,Random,EveryNode,5,22,10680,Node_70,22,0,9,22,9,,,,,,,,,
34,VISIT,2933,Random,EveryNode,5,25,10704,Node_82,24,0,14,24,14,,,,,,,,,
34,VISIT,2936,Random,EveryNode,5,23,10704,Node_86,22,0,8,22,8,,,,,,,,,
34,VISIT,2933,Random,EveryNode,5,26,10728,Node_83,24,0,15,24,15,,,,,,,,,
34,VISIT,2936,Random,EveryNode,5,24,10728,Node_89,22,0,7,22,7,,,,,,,,,
34,VISIT,2933,Random,EveryNode,5,27,10752,Node_82,24,0,14,24,14,,,,,,,,,
34,VISIT,2934,Random,EveryNode,5,27,10752,Node_293,11,0,3,11,3,,,,,,,,,
34,VISIT,2936,Random,EveryNode,5,25,10752,Node_118,22,0,6,22,6,,,,,,,,,
34,VISIT,2933,Random,EveryNode,5,28,10776,Node_83,24,0,15,24,15,,,,,,,,,
34,VISIT,2934,Random,EveryNode,5,28,10776,Node_259,10,0,3,10,3,,,,,,,,,
34,VISIT,2936,Random,EveryNode,5,26,10776,Node_121,22,0,5,22,5,,,,,,,,,
34,VISIT,2933,Random,EveryNode,5,29,10801,Node_82,24,0,14,24,14,,,,,,,,,
34,VISIT,2934,Random,EveryNode,5,29,10801,Node_258,10,0,4,10,4,,,,,,,,,
34,VISIT,2933,Random,EveryNode,5,30,10825,Node_81,24,0,13,24,13,,,,,,,,,
34,VISIT,2934,Random,EveryNode,5,30,10825,Node_292,11,0,4,11,4,,,,,,,,,
34,VISIT,2933,Random,EveryNode,5,31,10849,Node_80,24,0,12,24,12,,,,,,,,,
34,VISIT,2934,Random,EveryNode,5,31,10849,Node_293,11,0,3,11,3,,,,,,,,,
34,VISIT,2933,Random,EveryNode,5,32,10873,Node_81,24,0,13,24,13,,,,,,,,,
34,VISIT,2934,Random,EveryNode,5,32,10873,Node_294,11,0,2,11,2,,,,,,,,,
34,VISIT,2933,Random,EveryNode,5,33,10897,Node_82,24,0,14,24,14,,,,,,,,,
34,VISIT,2934,Random,EveryNode,5,33,10897,Node_260,10,0,2,10,2,,,,,,,,,
34,VISIT,2936,Random,EveryNode,5,27,10897,Node_266,23,0,1,23,1,,,,,,,,,
34,VISIT,2933,Random,EveryNode,5,34,10920,Node_81,24,0,13,24,13,,,,,,,,,
34,VISIT,2933,Random,EveryNode,5,35,10944,Node_82,24,0,14,24,14,,,,,,,,,
34,VISIT,2933,Random,EveryNode,5,36,10968,Node_83,24,0,15,24,15,,,,,,,,,
34,VISIT,2933,Random,EveryNode,5,37,10992,Node_84,24,0,16,24,16,,,,,,,,,
34,VISIT,2933,Random,EveryNode,5,38,11015,Node_83,24,0,15,24,15,,,,,,,,,
34,VISIT,2934,Random,EveryNode,5,34,11015,Node_277,8,0,5,8,5,,,,,,,,,
34,VISIT,2933,Random,EveryNode,5,39,11039,Node_82,24,0,14,24,14,,,,,,,,,
34,VISIT,2933,Random,EveryNode,5,40,11062,Node_81,24,0,13,24,13,,,,,,,,,
34,VISIT,2937,Random,EveryNode,5,0,11073,Node_6,19,0,12,19,12,,,,,,,,,
34,VISIT,2938,Random,EveryNode,5,0,11073,Node_7,19,0,8,19,8,,,,,,,,,
34,VISIT,2939,Random,EveryNode,5,0,11073,Node_8,17,0,10,17,10,,,,,,,,,
34,VISIT,2940,Random,EveryNode,5,0,11073,Node_9,21,0,10,21,10,,,,,,,,,
34,VISIT,2933,Random,EveryNode,5,41,11081,Node_82,24,0,14,24,14,,,,,,,,,
34,VISIT,2934,Random,EveryNode,5,35,11081,Node_309,8,0,2,8,2,,,,,,,,,
34,VISIT,2937,Random,EveryNode,5,1,11092,Node_41,20,0,12,20,12,,,,,,,,,
34,VISIT,2938,Random,EveryNode,5,1,11092,Node_46,20,0,8,20,8,,,,,,,,,
34,VISIT,2939,Random,EveryNode,5,1,11092,Node_4,18,0,10,18,10,,,,,,,,,
34,VISIT,2940,Random,EveryNode,5,1,11092,Node_47,21,0,9,21,9,,,,,,,,,
34,VISIT,2933,Random,EveryNode,5,42,11101,Node_81,24,0,13,24,13,,,,,,,,,
34,VISIT,2937,Random,EveryNode,5,2,11113,Node_42,20,0,13,20,13,,,,,,,,,
34,VISIT,2938,Random,EveryNode,5,2,11113,Node_49,21,0,8,21,8,,,,,,,,,
34,VISIT,2939,Random,EveryNode,5,2,11113,Node_15,18,0,9,18,9,,,,,,,,,
34,VISIT,2940,Random,EveryNode,5,2,11113,Node_49,21,0,8,21,8,,,,,,,,,
34,VISIT,2933,Random,EveryNode,5,43,11123,Node_106,25,0,13,25,13,,,,,,,,,
34,VISIT,2937,Random,EveryNode,5,3,11135,Node_43,20,0,14,20,14,,,,,,,,,
34,VISIT,2938,Random,EveryNode,5,3,11135,Node_50,21,0,7,21,7,,,,,,,,,
34,VISIT,2939,Random,EveryNode,5,3,11135,Node_11,18,0,8,18,8,,,,,,,,,
34,VISIT,2940,Random,EveryNode,5,3,11135,Node_50,21,0,7,21,7,,,,,,,,,
34,VISIT,2933,Random,EveryNode,5,44,11145,Node_173,26,0,13,26,13,,,,,,,,,
34,VISIT,2937,Random,EveryNode,5,4,11157,Node_44,20,0,15,20,15,,,,,,,,,
34,VISIT,2938,Random,EveryNode,5,4,11157,Node_49,21,0,8,21,8,,,,,,,,,
34,VISIT,2939,Random,EveryNode,5,4,11157,Node_166,17,0,8,17,8,,,,,,,,,
34,VISIT,2940,Random,EveryNode,5,4,11157,Node_51,21,0,6,21,6,,,,,,,,,
34,VISIT,2937,Random,EveryNode,5,5,11179,Node_25,21,0,15,21,15,,,,,,,,,
34,VISIT,2938,Random,EveryNode,5,5,11179,Node_50,21,0,7,21,7,,,,,,,,,
34,VISIT,2939,Random,EveryNode,5,5,11179,Node_167,17,0,7,17,7,,,,,,,,,
34,VISIT,2940,Random,EveryNode,5,5,11179,Node_53,21,0,5,21,5,,,,,,,,,
34,VISIT,2937,Random,EveryNode,5,6,11202,Node_27,21,0,16,21,16,,,,,,,,,
34,VISIT,2938,Random,EveryNode,5,6,11202,Node_51,21,0,6,21,6,,,,,,,,,
34,VISIT,2939,Random,EveryNode,5,6,11202,Node_168,16,0,7,16,7,,,,,,,,,
34,VISIT,2940,Random,EveryNode,5,6,11202,Node_121,22,0,5,22,5,,,,,,,,,
34,VISIT,2937,Random,EveryNode,5,7,11225,Node_179,22,0,16,22,16,,,,,,,,,
34,VISIT,2938,Random,EveryNode,5,7,11225,Node_53,21,0,5,21,5,,,,,,,,,
34,VISIT,2939,Random,EveryNode,5,7,11225,Node_171,15,0,7,15,7,,,,,,,,,
34,VISIT,2940,Random,EveryNode,5,7,11225,Node_304,23,0,5,23,5,,,,,,,,,
34,VISIT,2937,Random,EveryNode,5,8,11248,Node_180,23,0,16,23,16,,,,,,,,,
34,VISIT,2938,Random,EveryNode,5,8,11248,Node_121,22,0,5,22,5,,,,,,,,,
34,VISIT,2939,Random,EveryNode,5,8,11248,Node_172,15,0,6,15,6,,,,,,,,,
34,VISIT,2940,Random,EveryNode,5,8,11248,Node_212,24,0,5,24,5,,,,,,,,,
34,VISIT,2937,Random,EveryNode,5,9,11271,Node_183,23,0,15,23,15,,,,,,,,,
34,VISIT,2938,Random,EveryNode,5,9,11271,Node_304,23,0,5,23,5,,,,,,,,,
34,VISIT,2939,Random,EveryNode,5,9,11271,Node_174,15,0,5,15,5,,,,,,,,,
34,VISIT,2940,Random,EveryNode,5,9,11271,Node_210,25,0,5,25,5,,,,,,,,,
34,VISIT,2937,Random,EveryNode,5,10,11294,Node_45,22,0,15,22,15,,,,,,,,,
34,VISIT,2938,Random,EveryNode,5,10,11294,Node_305,23,0,4,23,4,,,,,,,,,
34,VISIT,2939,Random,EveryNode,5,10,11294,Node_176,15,0,4,15,4,,,,,,,,,
34,VISIT,2940,Random,EveryNode,5,10,11294,Node_212,24,0,5,24,5,,,,,,,,,
34,VISIT,2937,Random,EveryNode,5,11,11316,Node_25,21,0,15,21,15,,,,,,,,,
34,VISIT,2938,Random,EveryNode,5,11,11316,Node_262,24,0,4,24,4,,,,,,,,,
34,VISIT,2939,Random,EveryNode,5,11,11316,Node_177,15,0,3,15,3,,,,,,,,,
34,VISIT,2940,Random,EveryNode,5,11,11316,Node_262,24,0,4,24,4,,,,,,,,,
34,VISIT,2937,Random,EveryNode,5,12,11339,Node_27,21,0,16,21,16,,,,,,,,,
34,VISIT,2938,Random,EveryNode,5,12,11339,Node_263,24,0,3,24,3,,,,,,,,,
34,VISIT,2939,Random,EveryNode,5,12,11339,Node_242,14,0,3,14,3,,,,,,,,,
34,VISIT,2940,Random,EveryNode,5,12,11339,Node_263,24,0,3,24,3,,,,,,,,,
34,VISIT,2938,Random,EveryNode,5,13,11362,Node_306,23,0,3,23,3,,,,,,,,,
34,VISIT,2939,Random,EveryNode,5,13,11362,Node_300,13,0,3,13,3,,,,,,,,,
34,VISIT,2940,Random,EveryNode,5,13,11362,Node_306,23,0,3,23,3,,,,,,,,,
34,VISIT,2937,Random,EveryNode,5,13,11386,Node_30,21,0,18,21,18,,,,,,,,,
34,VISIT,2938,Random,EveryNode,5,14,11386,Node_307,23,0,2,23,2,,,,,,,,,
34,VISIT,2939,Random,EveryNode,5,14,11386,Node_303,12,0,3,12,3,,,,,,,,,
34,VISIT,2940,Random,EveryNode,5,14,11386,Node_305,23,0,4,23,4,,,,,,,,,
34,VISIT,2937,Random,EveryNode,5,14,11409,Node_147,20,0,18,20,18,,,,,,,,,
34,VISIT,2938,Random,EveryNode,5,15,11409,Node_264,24,0,2,24,2,,,,,,,,,
34,VISIT,2939,Random,EveryNode,5,15,11409,Node_293,11,0,3,11,3,,,,,,,,,
34,VISIT,2940,Random,EveryNode,5,15,11409,Node_306,23,0,3,23,3,,,,,,,,,
34,VISIT,2939,Random,EveryNode,5,16,11433,Node_294,11,0,2,11,2,,,,,,,,,
34,VISIT,2940,Random,EveryNode,5,16,11433,Node_263,24,0,3,24,3,,,,,,,,,
34,VISIT,2937,Random,EveryNode,5,15,11456,Node_73,18,0,18,18,18,,,,,,,,,
34,VISIT,2939,Random,EveryNode,5,17,11456,Node_302,12,0,2,12,2,,,,,,,,,
34,VISIT,2937,Random,EveryNode,5,16,11479,Node_75,18,0,19,18,19,,,,,,,,,
34,VISIT,2938,Random,EveryNode,5,16,11479,Node_263,24,0,3,24,3,,,,,,,,,
34,VISIT,2939,Random,EveryNode,5,18,11479,Node_301,13,0,2,13,2,,,,,,,,,
34,VISIT,2940,Random,EveryNode,5,17,11479,Node_326,25,0,2,25,2,,,,,,,,,
34,VISIT,2937,Random,EveryNode,5,17,11502,Node_94,17,0,19,17,19,,,,,,,,,
34,VISIT,2938,Random,EveryNode,5,17,11502,Node_264,24,0,2,24,2,,,,,,,,,
34,VISIT,2939,Random,EveryNode,5,19,11502,Node_243,14,0,2,14,2,,,,,,,,,
34,VISIT,2937,Random,EveryNode,5,18,11526,Node_96,17,0,20,17,20,,,,,,,,,
34,VISIT,2938,Random,EveryNode,5,18,11526,Node_265,24,0,1,24,1,,,,,,,,,
34,VISIT,2939,Random,EveryNode,5,20,11526,Node_241,15,0,2,15,2,,,,,,,,,
34,VISIT,2937,Random,EveryNode,5,19,11549,Node_194,18,0,20,18,20,,,,,,,,,
34,VISIT,2938,Random,EveryNode,5,19,11549,Node_266,23,0,1,23,1,,,,,,,,,
34,VISIT,2937,Random,EveryNode,5,20,11571,Node_96,17,0,20,17,20,,,,,,,,,
34,VISIT,2937,Random,EveryNode,5,21,11594,Node_105,16,0,20,16,20,,,,,,,,,
34,VISIT,2938,Random,EveryNode,5,20,11594,Node_281,22,0,0,22,0,,,,,,,,,
34,VISIT,2937,Random,EveryNode,5,22,11617,Node_96,17,0,20,17,20,,,,,,,,,
34,VISIT,2937,Random,EveryNode,5,23,11640,Node_194,18,0,20,18,20,,,,,,,,,
34,VISIT,2938,Random,EveryNode,5,21,11640,Node_314,22,0,-2,22,-2,,,,,,,,,
34,VISIT,2937,Random,EveryNode,5,24,11663,Node_96,17,0,20,17,20,,,,,,,,,
34,VISIT,2938,Random,EveryNode,5,22,11663,Node_311,23,0,-2,23,-2,,,,,,,,,
34,VISIT,2937,Random,EveryNode,5,25,11686,Node_194,18,0,20,18,20,,,,,,,,,
34,VISIT,2937,Random,EveryNode,5,26,11709,Node_96,17,0,20,17,20,,,,,,,,,
34,VISIT,2937,Random,EveryNode,5,27,11732,Node_99,17,0,21,17,21,,,,,,,,,
34,VISIT,2938,Random,EveryNode,5,23,11732,Node_312,23,0,-3,23,-3,,,,,,,,,
34,VISIT,2937,Random,EveryNode,5,28,11754,Node_195,18,0,21,18,21,,,,,,,,,
34,VISIT,2938,Random,EveryNode,5,24,11754,Node_311,23,0,-2,23,-2,,,,,,,,,
34,VISIT,2938,Random,EveryNode,5,25,11776,Node_314,22,0,-2,22,-2,,,,,,,,,
34,VISIT,2938,Random,EveryNode,5,26,11799,Node_336,22,0,-1,22,-1,,,,,,,,,
34,VISIT,2938,Random,EveryNode,5,27,11822,Node_310,23,0,-1,23,-1,,,,,,,,,
34,VISIT,2938,Random,EveryNode,5,28,11845,Node_336,22,0,-1,22,-1,,,,,,,,,
34,VISIT,2938,Random,EveryNode,5,29,11868,Node_281,22,0,0,22,0,,,,,,,,,
34,VISIT,2937,Random,EveryNode,5,29,11891,Node_200,18,0,25,18,25,,,,,,,,,
34,VISIT,2938,Random,EveryNode,5,30,11891,Node_308,23,0,0,23,0,,,,,,,,,
34,VISIT,2938,Random,EveryNode,5,31,11914,Node_281,22,0,0,22,0,,,,,,,,,
34,VISIT,2937,Random,EveryNode,5,30,11960,Node_227,15,0,25,15,25,,,,,,,,,
34,VISIT,2937,Random,EveryNode,5,31,11983,Node_226,15,0,24,15,24,,,,,,,,,
34,VISIT,2938,Random,EveryNode,5,32,11983,Node_148,19,0,0,19,0,,,,,,,,,
34,VISIT,2937,Random,EveryNode,5,32,12006,Node_231,14,0,24,14,24,,,,,,,,,
34,VISIT,2938,Random,EveryNode,5,33,12006,Node_151,19,0,-1,19,-1,,,,,,,,,
34,VISIT,2937,Random,EveryNode,5,33,12029,Node_226,15,0,24,15,24,,,,,,,,,
34,VISIT,2938,Random,EveryNode,5,34,12029,Node_270,18,0,-1,18,-1,,,,,,,,,
34,VISIT,2937,Random,EveryNode,5,34,12052,Node_227,15,0,25,15,25,,,,,,,,,
34,VISIT,2938,Random,EveryNode,5,35,12052,Node_273,17,0,-1,17,-1,,,,,,,,,
34,VISIT,2938,Random,EveryNode,5,36,12075,Node_270,18,0,-1,18,-1,,,,,,,,,
34,VISIT,2941,Random,EveryNode,5,0,12079,Node_6,19,0,12,19,12,,,,,,,,,
34,VISIT,2942,Random,EveryNode,5,0,12079,Node_7,19,0,8,19,8,,,,,,,,,
34,VISIT,2943,Random,EveryNode,5,0,12079,Node_8,17,0,10,17,10,,,,,,,,,
34,VISIT,2944,Random,EveryNode,5,0,12079,Node_9,21,0,10,21,10,,,,,,,,,
34,VISIT,2938,Random,EveryNode,5,37,12093,Node_269,18,0,0,18,0,,,,,,,,,
34,VISIT,2941,Random,EveryNode,5,1,12097,Node_41,20,0,12,20,12,,,,,,,,,
34,VISIT,2942,Random,EveryNode,5,1,12097,Node_3,19,0,9,19,9,,,,,,,,,
34,VISIT,2943,Random,EveryNode,5,1,12097,Node_4,18,0,10,18,10,,,,,,,,,
34,VISIT,2944,Random,EveryNode,5,1,12097,Node_47,21,0,9,21,9,,,,,,,,,
34,VISIT,2937,Random,EveryNode,5,35,12112,Node_200,18,0,25,18,25,,,,,,,,,
34,VISIT,2938,Random,EveryNode,5,38,12112,Node_270,18,0,-1,18,-1,,,,,,,,,
34,VISIT,2941,Random,EveryNode,5,2,12116,Node_42,20,0,13,20,13,,,,,,,,,
34,VISIT,2942,Random,EveryNode,5,2,12116,Node_48,20,0,9,20,9,,,,,,,,,
34,VISIT,2943,Random,EveryNode,5,2,12116,Node_14,18,0,11,18,11,,,,,,,,,
34,VISIT,2944,Random,EveryNode,5,2,12116,Node_70,22,0,9,22,9,,,,,,,,,
34,VISIT,2937,Random,EveryNode,5,36,12130,Node_198,18,0,24,18,24,,,,,,,,,
34,VISIT,2938,Random,EveryNode,5,39,12130,Node_271,18,0,-2,18,-2,,,,,,,,,
34,VISIT,2941,Random,EveryNode,5,3,12134,Node_43,20,0,14,20,14,,,,,,,,,
34,VISIT,2942,Random,EveryNode,5,3,12134,Node_47,21,0,9,21,9,,,,,,,,,
34,VISIT,2943,Random,EveryNode,5,3,12134,Node_10,18,0,12,18,12,,,,,,,,,
34,VISIT,2944,Random,EveryNode,5,3,12134,Node_87,23,0,9,23,9,,,,,,,,,
34,VISIT,2937,Random,EveryNode,5,37,12150,Node_355,19,0,24,19,24,,,,,,,,,
34,VISIT,2938,Random,EveryNode,5,40,12150,Node_153,19,0,-2,19,-2,,,,,,,,,
34,VISIT,2941,Random,EveryNode,5,4,12155,Node_44,20,0,15,20,15,,,,,,,,,
34,VISIT,2942,Random,EveryNode,5,4,12155,Node_70,22,0,9,22,9,,,,,,,,,
34,VISIT,2943,Random,EveryNode,5,4,12155,Node_6,19,0,12,19,12,,,,,,,,,
34,VISIT,2944,Random,EveryNode,5,4,12155,Node_74,23,0,10,23,10,,,,,,,,,
34,VISIT,2937,Random,EveryNode,5,38,12171,Node_198,18,0,24,18,24,,,,,,,,,
34,VISIT,2941,Random,EveryNode,5,5,12176,Node_25,21,0,15,21,15,,,,,,,,,
34,VISIT,2942,Random,EveryNode,5,5,12176,Node_87,23,0,9,23,9,,,,,,,,,
34,VISIT,2943,Random,EveryNode,5,5,12176,Node_41,20,0,12,20,12,,,,,,,,,
34,VISIT,2944,Random,EveryNode,5,5,12176,Node_77,23,0,11,23,11,,,,,,,,,
34,VISIT,2937,Random,EveryNode,5,39,12191,Node_197,18,0,23,18,23,,,,,,,,,
34,VISIT,2941,Random,EveryNode,5,6,12197,Node_27,21,0,16,21,16,,,,,,,,,
34,VISIT,2942,Random,EveryNode,5,6,12197,Node_74,23,0,10,23,10,,,,,,,,,
34,VISIT,2943,Random,EveryNode,5,6,12197,Node_40,20,0,11,20,11,,,,,,,,,
34,VISIT,2944,Random,EveryNode,5,6,12197,Node_79,23,0,12,23,12,,,,,,,,,
34,VISIT,2937,Random,EveryNode,5,40,12210,Node_354,19,0,23,19,23,,,,,,,,,
34,VISIT,2941,Random,EveryNode,5,7,12215,Node_179,22,0,16,22,16,,,,,,,,,
34,VISIT,2942,Random,EveryNode,5,7,12215,Node_77,23,0,11,23,11,,,,,,,,,
34,VISIT,2943,Random,EveryNode,5,7,12215,Node_5,20,0,10,20,10,,,,,,,,,
34,VISIT,2944,Random,EveryNode,5,7,12215,Node_80,24,0,12,24,12,,,,,,,,,
34,VISIT,2941,Random,EveryNode,5,8,12236,Node_180,23,0,16,23,16,,,,,,,,,
34,VISIT,2942,Random,EveryNode,5,8,12236,Node_74,23,0,10,23,10,,,,,,,,,
34,VISIT,2943,Random,EveryNode,5,8,12236,Node_9,21,0,10,21,10,,,,,,,,,
34,VISIT,2944,Random,EveryNode,5,8,12236,Node_81,24,0,13,24,13,,,,,,,,,
34,VISIT,2941,Random,EveryNode,5,9,12258,Node_181,23,0,17,23,17,,,,,,,,,
34,VISIT,2942,Random,EveryNode,5,9,12258,Node_87,23,0,9,23,9,,,,,,,,,
34,VISIT,2943,Random,EveryNode,5,9,12258,Node_47,21,0,9,21,9,,,,,,,,,
34,VISIT,2944,Random,EveryNode,5,9,12258,Node_106,25,0,13,25,13,,,,,,,,,
34,VISIT,2941,Random,EveryNode,5,10,12280,Node_85,24,0,17,24,17,,,,,,,,,
34,VISIT,2942,Random,EveryNode,5,10,12280,Node_74,23,0,10,23,10,,,,,,,,,
34,VISIT,2943,Random,EveryNode,5,10,12280,Node_70,22,0,9,22,9,,,,,,,,,
34,VISIT,2944,Random,EveryNode,5,10,12280,Node_173,26,0,13,26,13,,,,,,,,,
34,VISIT,2941,Random,EveryNode,5,11,12302,Node_182,24,0,18,24,18,,,,,,,,,
34,VISIT,2942,Random,EveryNode,5,11,12302,Node_77,23,0,11,23,11,,,,,,,,,
34,VISIT,2943,Random,EveryNode,5,11,12302,Node_87,23,0,9,23,9,,,,,,,,,
34,VISIT,2944,Random,EveryNode,5,11,12302,Node_175,26,0,12,26,12,,,,,,,,,
34,VISIT,2937,Random,EveryNode,5,41,12316,Node_34,21,0,20,21,20,,,,,,,,,
34,VISIT,2941,Random,EveryNode,5,12,12324,Node_119,25,0,18,25,18,,,,,,,,,
34,VISIT,2942,Random,EveryNode,5,12,12324,Node_79,23,0,12,23,12,,,,,,,,,
34,VISIT,2937,Random,EveryNode,5,42,12338,Node_157,22,0,20,22,20,,,,,,,,,
34,VISIT,2941,Random,EveryNode,5,13,12346,Node_289,25,0,19,25,19,,,,,,,,,
34,VISIT,2942,Random,EveryNode,5,13,12346,Node_77,23,0,11,23,11,,,,,,,,,
34,VISIT,2943,Random,EveryNode,5,12,12346,Node_206,25,0,9,25,9,,,,,,,,,
34,VISIT,2944,Random,EveryNode,5,12,12346,Node_317,27,0,13,27,13,,,,,,,,,
34,VISIT,2941,Random,EveryNode,5,14,12368,Node_291,25,0,20,25,20,,,,,,,,,
34,VISIT,2942,Random,EveryNode,5,14,12368,Node_79,23,0,12,23,12,,,,,,,,,
34,VISIT,2943,Random,EveryNode,5,13,12368,Node_246,26,0,9,26,9,,,,,,,,,
34,VISIT,2941,Random,EveryNode,5,15,12389,Node_185,24,0,20,24,20,,,,,,,,,
34,VISIT,2942,Random,EveryNode,5,15,12389,Node_80,24,0,12,24,12,,,,,,,,,
34,VISIT,2942,Random,EveryNode,5,16,12411,Node_103,25,0,12,25,12,,,,,,,,,
34,VISIT,2941,Random,EveryNode,5,16,12433,Node_186,24,0,22,24,22,,,,,,,,,
34,VISIT,2942,Random,EveryNode,5,17,12433,Node_106,25,0,13,25,13,,,,,,,,,
34,VISIT,2942,Random,EveryNode,5,18,12455,Node_173,26,0,13,26,13,,,,,,,,,
34,VISIT,2943,Random,EveryNode,5,14,12455,Node_364,27,0,12,27,12,,,,,,,,,
34,VISIT,2941,Random,EveryNode,5,17,12477,Node_367,22,0,22,22,22,,,,,,,,,
34,VISIT,2942,Random,EveryNode,5,19,12477,Node_317,27,0,13,27,13,,,,,,,,,
34,VISIT,2943,Random,EveryNode,5,15,12477,Node_369,28,0,12,28,12,,,,,,,,,
34,VISIT,2944,Random,EveryNode,5,13,12477,Node_368,27,0,9,27,9,,,,,,,,,
34,VISIT,2942,Random,EveryNode,5,20,12499,Node_364,27,0,12,27,12,,,,,,,,,
34,VISIT,2943,Random,EveryNode,5,16,12499,Node_371,28,0,11,28,11,,,,,,,,,
34,VISIT,2944,Random,EveryNode,5,14,12499,Node_374,28,0,9,28,9,,,,,,,,,
34,VISIT,2941,Random,EveryNode,5,18,12521,Node_361,21,0,23,21,23,,,,,,,,,
34,VISIT,2942,Random,EveryNode,5,21,12521,Node_372,27,0,11,27,11,,,,,,,,,
34,VISIT,2943,Random,EveryNode,5,17,12521,Node_372,27,0,11,27,11,,,,,,,,,
34,VISIT,2941,Random,EveryNode,5,19,12543,Node_375,22,0,23,22,23,,,,,,,,,
34,VISIT,2942,Random,EveryNode,5,22,12543,Node_371,28,0,11,28,11,,,,,,,,,
34,VISIT,2943,Random,EveryNode,5,18,12543,Node_364,27,0,12,27,12,,,,,,,,,
34,VISIT,2941,Random,EveryNode,5,20,12565,Node_367,22,0,22,22,22,,,,,,,,,
34,VISIT,2942,Random,EveryNode,5,23,12565,Node_369,28,0,12,28,12,,,,,,,,,
34,VISIT,2943,Random,EveryNode,5,19,12565,Node_317,27,0,13,27,13,,,,,,,,,
34,VISIT,2941,Random,EveryNode,5,21,12587,Node_362,21,0,22,21,22,,,,,,,,,
34,VISIT,2942,Random,EveryNode,5,24,12587,Node_371,28,0,11,28,11,,,,,,,,,
34,VISIT,2943,Random,EveryNode,5,20,12587,Node_364,27,0,12,27,12,,,,,,,,,
34,VISIT,2941,Random,EveryNode,5,22,12609,Node_361,21,0,23,21,23,,,,,,,,,
34,VISIT,2942,Random,EveryNode,5,25,12609,Node_372,27,0,11,27,11,,,,,,,,,
34,VISIT,2943,Random,EveryNode,5,21,12609,Node_372,27,0,11,27,11,,,,,,,,,
34,VISIT,2942,Random,EveryNode,5,26,12631,Node_364,27,0,12,27,12,,,,,,,,,
34,VISIT,2943,Random,EveryNode,5,22,12631,Node_370,27,0,10,27,10,,,,,,,,,
34,VISIT,2941,Random,EveryNode,5,23,12653,Node_354,19,0,23,19,23,,,,,,,,,
34,VISIT,2942,Random,EveryNode,5,27,12653,Node_317,27,0,13,27,13,,,,,,,,,
34,VISIT,2943,Random,EveryNode,5,23,12653,Node_373,28,0,10,28,10,,,,,,,,,
34,VISIT,2943,Random,EveryNode,5,24,12675,Node_371,28,0,11,28,11,,,,,,,,,
34,VISIT,2941,Random,EveryNode,5,24,12698,Node_361,21,0,23,21,23,,,,,,,,,
34,VISIT,2942,Random,EveryNode,5,28,12698,Node_319,27,0,15,27,15,,,,,,,,,
34,VISIT,2943,Random,EveryNode,5,25,12698,Node_369,28,0,12,28,12,,,,,,,,,
34,VISIT,2941,Random,EveryNode,5,25,12720,Node_362,21,0,22,21,22,,,,,,,,,
34,VISIT,2943,Random,EveryNode,5,26,12720,Node_371,28,0,11,28,11,,,,,,,,,
34,VISIT,2941,Random,EveryNode,5,26,12742,Node_367,22,0,22,22,22,,,,,,,,,
34,VISIT,2943,Random,EveryNode,5,27,12742,Node_373,28,0,10,28,10,,,,,,,,,
34,VISIT,2941,Random,EveryNode,5,27,12764,Node_375,22,0,23,22,23,,,,,,,,,
34,VISIT,2943,Random,EveryNode,5,28,12764,Node_374,28,0,9,28,9,,,,,,,,,
34,VISIT,2941,Random,EveryNode,5,28,12786,Node_361,21,0,23,21,23,,,,,,,,,
34,VISIT,2943,Random,EveryNode,5,29,12808,Node_376,30,0,9,30,9,,,,,,,,,
34,VISIT,2941,Random,EveryNode,5,29,12830,Node_354,19,0,23,19,23,,,,,,,,,
34,VISIT,2941,Random,EveryNode,5,30,12872,Node_361,21,0,23,21,23,,,,,,,,,
34,VISIT,2941,Random,EveryNode,5,31,12892,Node_362,21,0,22,21,22,,,,,,,,,
34,VISIT,2941,Random,EveryNode,5,32,12913,Node_367,22,0,22,22,22,,,,,,,,,
34,VISIT,2941,Random,EveryNode,5,33,12934,Node_375,22,0,23,22,23,,,,,,,,,
34,VISIT,2941,Random,EveryNode,5,34,12956,Node_367,22,0,22,22,22,,,,,,,,,
34,VISIT,2941,Random,EveryNode,5,35,12997,Node_186,24,0,22,24,22,,,,,,,,,
34,VISIT,2945,Random,EveryNode,5,0,13009,Node_6,19,0,12,19,12,,,,,,,,,
34,VISIT,2946,Random,EveryNode,5,0,13009,Node_7,19,0,8,19,8,,,,,,,,,
34,VISIT,2947,Random,EveryNode,5,0,13009,Node_8,17,0,10,17,10,,,,,,,,,
34,VISIT,2948,Random,EveryNode,5,0,13009,Node_9,21,0,10,21,10,,,,,,,,,
34,VISIT,2945,Random,EveryNode,5,1,13026,Node_2,19,0,11,19,11,,,,,,,,,
34,VISIT,2946,Random,EveryNode,5,1,13026,Node_3,19,0,9,19,9,,,,,,,,,
34,VISIT,2947,Random,EveryNode,5,1,13026,Node_4,18,0,10,18,10,,,,,,,,,
34,VISIT,2948,Random,EveryNode,5,1,13026,Node_47,21,0,9,21,9,,,,,,,,,
34,VISIT,2945,Random,EveryNode,5,2,13043,Node_6,19,0,12,19,12,,,,,,,,,
34,VISIT,2946,Random,EveryNode,5,2,13043,Node_20,19,0,10,19,10,,,,,,,,,
34,VISIT,2947,Random,EveryNode,5,2,13043,Node_14,18,0,11,18,11,,,,,,,,,
34,VISIT,2948,Random,EveryNode,5,2,13043,Node_9,21,0,10,21,10,,,,,,,,,
34,VISIT,2945,Random,EveryNode,5,3,13059,Node_41,20,0,12,20,12,,,,,,,,,
34,VISIT,2946,Random,EveryNode,5,3,13059,Node_2,19,0,11,19,11,,,,,,,,,
34,VISIT,2947,Random,EveryNode,5,3,13059,Node_10,18,0,12,18,12,,,,,,,,,
34,VISIT,2948,Random,EveryNode,5,3,13059,Node_13,21,0,11,21,11,,,,,,,,,
34,VISIT,2945,Random,EveryNode,5,4,13074,Node_42,20,0,13,20,13,,,,,,,,,
34,VISIT,2946,Random,EveryNode,5,4,13074,Node_6,19,0,12,19,12,,,,,,,,,
34,VISIT,2947,Random,EveryNode,5,4,13074,Node_6,19,0,12,19,12,,,,,,,,,
34,VISIT,2948,Random,EveryNode,5,4,13074,Node_17,21,0,12,21,12,,,,,,,,,
34,VISIT,2941,Random,EveryNode,5,36,13078,Node_189,24,0,25,24,25,,,,,,,,,
34,VISIT,2945,Random,EveryNode,5,5,13089,Node_43,20,0,14,20,14,,,,,,,,,
34,VISIT,2946,Random,EveryNode,5,5,13089,Node_41,20,0,12,20,12,,,,,,,,,
34,VISIT,2947,Random,EveryNode,5,5,13089,Node_41,20,0,12,20,12,,,,,,,,,
34,VISIT,2948,Random,EveryNode,5,5,13089,Node_19,21,0,13,21,13,,,,,,,,,
34,VISIT,2945,Random,EveryNode,5,6,13106,Node_44,20,0,15,20,15,,,,,,,,,
34,VISIT,2946,Random,EveryNode,5,6,13106,Node_42,20,0,13,20,13,,,,,,,,,
34,VISIT,2947,Random,EveryNode,5,6,13106,Node_42,20,0,13,20,13,,,,,,,,,
34,VISIT,2948,Random,EveryNode,5,6,13106,Node_22,21,0,14,21,14,,,,,,,,,
34,VISIT,2945,Random,EveryNode,5,7,13125,Node_25,21,0,15,21,15,,,,,,,,,
34,VISIT,2946,Random,EveryNode,5,7,13125,Node_43,20,0,14,20,14,,,,,,,,,
34,VISIT,2947,Random,EveryNode,5,7,13125,Node_43,20,0,14,20,14,,,,,,,,,
34,VISIT,2948,Random,EveryNode,5,7,13125,Node_25,21,0,15,21,15,,,,,,,,,
34,VISIT,2945,Random,EveryNode,5,8,13145,Node_27,21,0,16,21,16,,,,,,,,,
34,VISIT,2946,Random,EveryNode,5,8,13145,Node_44,20,0,15,20,15,,,,,,,,,
34,VISIT,2947,Random,EveryNode,5,8,13145,Node_44,20,0,15,20,15,,,,,,,,,
34,VISIT,2948,Random,EveryNode,5,8,13145,Node_27,21,0,16,21,16,,,,,,,,,
34,VISIT,2945,Random,EveryNode,5,9,13166,Node_179,22,0,16,22,16,,,,,,,,,
34,VISIT,2946,Random,EveryNode,5,9,13166,Node_25,21,0,15,21,15,,,,,,,,,
34,VISIT,2947,Random,EveryNode,5,9,13166,Node_25,21,0,15,21,15,,,,,,,,,
34,VISIT,2941,Random,EveryNode,5,37,13174,Node_356,19,0,25,19,25,,,,,,,,,
34,VISIT,2945,Random,EveryNode,5,10,13187,Node_180,23,0,16,23,16,,,,,,,,,
34,VISIT,2946,Random,EveryNode,5,10,13187,Node_27,21,0,16,21,16,,,,,,,,,
34,VISIT,2947,Random,EveryNode,5,10,13187,Node_27,21,0,16,21,16,,,,,,,,,
34,VISIT,2948,Random,EveryNode,5,9,13187,Node_30,21,0,18,21,18,,,,,,,,,
34,VISIT,2941,Random,EveryNode,5,38,13195,Node_355,19,0,24,19,24,,,,,,,,,
34,VISIT,2945,Random,EveryNode,5,11,13208,Node_179,22,0,16,22,16,,,,,,,,,
34,VISIT,2948,Random,EveryNode,5,10,13208,Node_32,21,0,19,21,19,,,,,,,,,
34,VISIT,2941,Random,EveryNode,5,39,13216,Node_354,19,0,23,19,23,,,,,,,,,
34,VISIT,2945,Random,EveryNode,5,12,13230,Node_27,21,0,16,21,16,,,,,,,,,
34,VISIT,2946,Random,EveryNode,5,11,13230,Node_30,21,0,18,21,18,,,,,,,,,
34,VISIT,2947,Random,EveryNode,5,11,13230,Node_30,21,0,18,21,18,,,,,,,,,
34,VISIT,2948,Random,EveryNode,5,11,13230,Node_34,21,0,20,21,20,,,,,,,,,
34,VISIT,2941,Random,EveryNode,5,40,13237,Node_353,19,0,22,19,22,,,,,,,,,
34,VISIT,2946,Random,EveryNode,5,12,13251,Node_32,21,0,19,21,19,,,,,,,,,
34,VISIT,2947,Random,EveryNode,5,12,13251,Node_32,21,0,19,21,19,,,,,,,,,
34,VISIT,2948,Random,EveryNode,5,12,13251,Node_363,21,0,21,21,21,,,,,,,,,
34,VISIT,2941,Random,EveryNode,5,41,13258,Node_196,18,0,22,18,22,,,,,,,,,
34,VISIT,2945,Random,EveryNode,5,13,13272,Node_30,21,0,18,21,18,,,,,,,,,
34,VISIT,2946,Random,EveryNode,5,13,13272,Node_34,21,0,20,21,20,,,,,,,,,
34,VISIT,2947,Random,EveryNode,5,13,13272,Node_34,21,0,20,21,20,,,,,,,,,
34,VISIT,2948,Random,EveryNode,5,13,13272,Node_365,22,0,21,22,21,,,,,,,,,
34,VISIT,2941,Random,EveryNode,5,42,13279,Node_195,18,0,21,18,21,,,,,,,,,
34,VISIT,2945,Random,EveryNode,5,14,13294,Node_32,21,0,19,21,19,,,,,,,,,
34,VISIT,2946,Random,EveryNode,5,14,13294,Node_363,21,0,21,21,21,,,,,,,,,
34,VISIT,2947,Random,EveryNode,5,14,13294,Node_157,22,0,20,22,20,,,,,,,,,
34,VISIT,2948,Random,EveryNode,5,14,13294,Node_367,22,0,22,22,22,,,,,,,,,
34,VISIT,2941,Random,EveryNode,5,43,13300,Node_194,18,0,20,18,20,,,,,,,,,
34,VISIT,2945,Random,EveryNode,5,15,13315,Node_34,21,0,20,21,20,,,,,,,,,
34,VISIT,2946,Random,EveryNode,5,15,13315,Node_362,21,0,22,21,22,,,,,,,,,
34,VISIT,2947,Random,EveryNode,5,15,13315,Node_365,22,0,21,22,21,,,,,,,,,
34,VISIT,2941,Random,EveryNode,5,44,13321,Node_96,17,0,20,17,20,,,,,,,,,
34,VISIT,2945,Random,EveryNode,5,16,13336,Node_363,21,0,21,21,21,,,,,,,,,
34,VISIT,2946,Random,EveryNode,5,16,13336,Node_361,21,0,23,21,23,,,,,,,,,
34,VISIT,2947,Random,EveryNode,5,16,13336,Node_367,22,0,22,22,22,,,,,,,,,
34,VISIT,2948,Random,EveryNode,5,15,13336,Node_186,24,0,22,24,22,,,,,,,,,
34,VISIT,2941,Random,EveryNode,5,45,13342,Node_105,16,0,20,16,20,,,,,,,,,
34,VISIT,2945,Random,EveryNode,5,17,13358,Node_362,21,0,22,21,22,,,,,,,,,
34,VISIT,2948,Random,EveryNode,5,16,13358,Node_397,25,0,22,25,22,,,,,,,,,
34,VISIT,2941,Random,EveryNode,5,46,13364,Node_215,15,0,20,15,20,,,,,,,,,
34,VISIT,2945,Random,EveryNode,5,18,13380,Node_367,22,0,22,22,22,,,,,,,,,
34,VISIT,2946,Random,EveryNode,5,17,13380,Node_354,19,0,23,19,23,,,,,,,,,
34,VISIT,2947,Random,EveryNode,5,17,13380,Node_186,24,0,22,24,22,,,,,,,,,
34,VISIT,2946,Random,EveryNode,5,18,13401,Node_355,19,0,24,19,24,,,,,,,,,
34,VISIT,2947,Random,EveryNode,5,18,13401,Node_187,24,0,23,24,23,,,,,,,,,
34,VISIT,2945,Random,EveryNode,5,19,13422,Node_186,24,0,22,24,22,,,,,,,,,
34,VISIT,2946,Random,EveryNode,5,19,13422,Node_356,19,0,25,19,25,,,,,,,,,
34,VISIT,2947,Random,EveryNode,5,19,13422,Node_398,25,0,23,25,23,,,,,,,,,
34,VISIT,2948,Random,EveryNode,5,17,13422,Node_398,25,0,23,25,23,,,,,,,,,
34,VISIT,2945,Random,EveryNode,5,20,13443,Node_187,24,0,23,24,23,,,,,,,,,
34,VISIT,2947,Random,EveryNode,5,20,13443,Node_403,26,0,23,26,23,,,,,,,,,
34,VISIT,2948,Random,EveryNode,5,18,13443,Node_187,24,0,23,24,23,,,,,,,,,
34,VISIT,2945,Random,EveryNode,5,21,13464,Node_398,25,0,23,25,23,,,,,,,,,
34,VISIT,2947,Random,EveryNode,5,21,13464,Node_393,27,0,23,27,23,,,,,,,,,
34,VISIT,2948,Random,EveryNode,5,19,13464,Node_398,25,0,23,25,23,,,,,,,,,
34,VISIT,2945,Random,EveryNode,5,22,13485,Node_187,24,0,23,24,23,,,,,,,,,
34,VISIT,2947,Random,EveryNode,5,22,13485,Node_391,27,0,22,27,22,,,,,,,,,
34,VISIT,2948,Random,EveryNode,5,20,13485,Node_399,25,0,24,25,24,,,,,,,,,
34,VISIT,2945,Random,EveryNode,5,23,13507,Node_186,24,0,22,24,22,,,,,,,,,
34,VISIT,2947,Random,EveryNode,5,23,13507,Node_401,26,0,22,26,22,,,,,,,,,
34,VISIT,2948,Random,EveryNode,5,21,13507,Node_188,24,0,24,24,24,,,,,,,,,
34,VISIT,2945,Random,EveryNode,5,24,13529,Node_187,24,0,23,24,23,,,,,,,,,
34,VISIT,2946,Random,EveryNode,5,20,13529,Node_189,24,0,25,24,25,,,,,,,,,
34,VISIT,2947,Random,EveryNode,5,24,13529,Node_397,25,0,22,25,22,,,,,,,,,
34,VISIT,2948,Random,EveryNode,5,22,13529,Node_189,24,0,25,24,25,,,,,,,,,
34,VISIT,2945,Random,EveryNode,5,25,13551,Node_186,24,0,22,24,22,,,,,,,,,
34,VISIT,2947,Random,EveryNode,5,25,13551,Node_398,25,0,23,25,23,,,,,,,,,
34,VISIT,2948,Random,EveryNode,5,23,13551,Node_400,25,0,25,25,25,,,,,,,,,
34,VISIT,2945,Random,EveryNode,5,26,13573,Node_397,25,0,22,25,22,,,,,,,,,
34,VISIT,2947,Random,EveryNode,5,26,13573,Node_397,25,0,22,25,22,,,,,,,,,
34,VISIT,2945,Random,EveryNode,5,27,13595,Node_401,26,0,22,26,22,,,,,,,,,
34,VISIT,2947,Random,EveryNode,5,27,13595,Node_401,26,0,22,26,22,,,,,,,,,
34,VISIT,2945,Random,EveryNode,5,28,13617,Node_391,27,0,22,27,22,,,,,,,,,
34,VISIT,2947,Random,EveryNode,5,28,13617,Node_391,27,0,22,27,22,,,,,,,,,
34,VISIT,2945,Random,EveryNode,5,29,13639,Node_389,27,0,21,27,21,,,,,,,,,
34,VISIT,2946,Random,EveryNode,5,21,13639,Node_356,19,0,25,19,25,,,,,,,,,
34,VISIT,2947,Random,EveryNode,5,29,13639,Node_389,27,0,21,27,21,,,,,,,,,
34,VISIT,2946,Random,EveryNode,5,22,13660,Node_200,18,0,25,18,25,,,,,,,,,
34,VISIT,2945,Random,EveryNode,5,30,13681,Node_325,27,0,19,27,19,,,,,,,,,
34,VISIT,2947,Random,EveryNode,5,30,13681,Node_325,27,0,19,27,19,,,,,,,,,
34,VISIT,2945,Random,EveryNode,5,31,13702,Node_384,28,0,19,28,19,,,,,,,,,
34,VISIT,2947,Random,EveryNode,5,31,13702,Node_384,28,0,19,28,19,,,,,,,,,
34,VISIT,2945,Random,EveryNode,5,32,13723,Node_325,27,0,19,27,19,,,,,,,,,
34,VISIT,2946,Random,EveryNode,5,23,13723,Node_227,15,0,25,15,25,,,,,,,,,
34,VISIT,2947,Random,EveryNode,5,32,13723,Node_325,27,0,19,27,19,,,,,,,,,
34,VISIT,2948,Random,EveryNode,5,24,13723,Node_408,29,0,25,29,25,,,,,,,,,
34,VISIT,2945,Random,EveryNode,5,33,13745,Node_384,28,0,19,28,19,,,,,,,,,
34,VISIT,2946,Random,EveryNode,5,24,13745,Node_226,15,0,24,15,24,,,,,,,,,
34,VISIT,2947,Random,EveryNode,5,33,13745,Node_409,27,0,20,27,20,,,,,,,,,
34,VISIT,2948,Random,EveryNode,5,25,13745,Node_410,29,0,24,29,24,,,,,,,,,
34,VISIT,2945,Random,EveryNode,5,34,13767,Node_383,28,0,18,28,18,,,,,,,,,
34,VISIT,2946,Random,EveryNode,5,25,13767,Node_231,14,0,24,14,24,,,,,,,,,
34,VISIT,2947,Random,EveryNode,5,34,13767,Node_385,28,0,20,28,20,,,,,,,,,
34,VISIT,2948,Random,EveryNode,5,26,13767,Node_408,29,0,25,29,25,,,,,,,,,
34,VISIT,2945,Random,EveryNode,5,35,13789,Node_324,27,0,18,27,18,,,,,,,,,
34,VISIT,2946,Random,EveryNode,5,26,13789,Node_234,14,0,23,14,23,,,,,,,,,
34,VISIT,2947,Random,EveryNode,5,35,13789,Node_384,28,0,19,28,19,,,,,,,,,
34,VISIT,2948,Random,EveryNode,5,27,13789,Node_412,30,0,25,30,25,,,,,,,,,
34,VISIT,2945,Random,EveryNode,5,36,13811,Node_288,26,0,18,26,18,,,,,,,,,
34,VISIT,2947,Random,EveryNode,5,36,13811,Node_383,28,0,18,28,18,,,,,,,,,
34,VISIT,2945,Random,EveryNode,5,37,13832,Node_324,27,0,18,27,18,,,,,,,,,
34,VISIT,2947,Random,EveryNode,5,37,13832,Node_382,28,0,17,28,17,,,,,,,,,
34,VISIT,2945,Random,EveryNode,5,38,13853,Node_325,27,0,19,27,19,,,,,,,,,
34,VISIT,2947,Random,EveryNode,5,38,13853,Node_323,27,0,17,27,17,,,,,,,,,
34,VISIT,2945,Random,EveryNode,5,39,13874,Node_324,27,0,18,27,18,,,,,,,,,
34,VISIT,2947,Random,EveryNode,5,39,13874,Node_287,26,0,17,26,17,,,,,,,,,
34,VISIT,2945,Random,EveryNode,5,40,13894,Node_323,27,0,17,27,17,,,,,,,,,
34,VISIT,2947,Random,EveryNode,5,40,13894,Node_323,27,0,17,27,17,,,,,,,,,
34,VISIT,2949,Random,EveryNode,5,0,13904,Node_6,19,0,12,19,12,,,,,,,,,
34,VISIT,2950,Random,EveryNode,5,0,13904,Node_7,19,0,8,19,8,,,,,,,,,
34,VISIT,2951,Random,EveryNode,5,0,13904,Node_8,17,0,10,17,10,,,,,,,,,
34,VISIT,2952,Random,EveryNode,5,0,13904,Node_9,21,0,10,21,10,,,,,,,,,
34,VISIT,2945,Random,EveryNode,5,41,13908,Node_324,27,0,18,27,18,,,,,,,,,
34,VISIT,2947,Random,EveryNode,5,41,13908,Node_324,27,0,18,27,18,,,,,,,,,
34,VISIT,2949,Random,EveryNode,5,1,13912,Node_41,20,0,12,20,12,,,,,,,,,
34,VISIT,2950,Random,EveryNode,5,1,13912,Node_3,19,0,9,19,9,,,,,,,,,
34,VISIT,2951,Random,EveryNode,5,1,13912,Node_12,17,0,11,17,11,,,,,,,,,
34,VISIT,2952,Random,EveryNode,5,1,13912,Node_13,21,0,11,21,11,,,,,,,,,
34,VISIT,2945,Random,EveryNode,5,42,13921,Node_323,27,0,17,27,17,,,,,,,,,
34,VISIT,2947,Random,EveryNode,5,42,13921,Node_323,27,0,17,27,17,,,,,,,,,
34,VISIT,2949,Random,EveryNode,5,2,13926,Node_42,20,0,13,20,13,,,,,,,,,
34,VISIT,2950,Random,EveryNode,5,2,13926,Node_20,19,0,10,19,10,,,,,,,,,
34,VISIT,2951,Random,EveryNode,5,2,13926,Node_16,17,0,12,17,12,,,,,,,,,
34,VISIT,2952,Random,EveryNode,5,2,13926,Node_17,21,0,12,21,12,,,,,,,,,
34,VISIT,2945,Random,EveryNode,5,43,13934,Node_382,28,0,17,28,17,,,,,,,,,
34,VISIT,2947,Random,EveryNode,5,43,13934,Node_321,27,0,16,27,16,,,,,,,,,
34,VISIT,2949,Random,EveryNode,5,3,13940,Node_43,20,0,14,20,14,,,,,,,,,
34,VISIT,2950,Random,EveryNode,5,3,13940,Node_2,19,0,11,19,11,,,,,,,,,
34,VISIT,2951,Random,EveryNode,5,3,13940,Node_18,16,0,12,16,12,,,,,,,,,
34,VISIT,2952,Random,EveryNode,5,3,13940,Node_19,21,0,13,21,13,,,,,,,,,
34,VISIT,2947,Random,EveryNode,5,44,13947,Node_381,28,0,16,28,16,,,,,,,,,
34,VISIT,2950,Random,EveryNode,5,4,13953,Node_6,19,0,12,19,12,,,,,,,,,
34,VISIT,2951,Random,EveryNode,5,4,13953,Node_29,15,0,12,15,12,,,,,,,,,
34,VISIT,2952,Random,EveryNode,5,4,13953,Node_22,21,0,14,21,14,,,,,,,,,
34,VISIT,2949,Random,EveryNode,5,4,13969,Node_64,18,0,14,18,14,,,,,,,,,
34,VISIT,2950,Random,EveryNode,5,5,13969,Node_41,20,0,12,20,12,,,,,,,,,
34,VISIT,2951,Random,EveryNode,5,5,13969,Node_31,15,0,13,15,13,,,,,,,,,
34,VISIT,2952,Random,EveryNode,5,5,13969,Node_25,21,0,15,21,15,,,,,,,,,
34,VISIT,2945,Random,EveryNode,5,44,13978,Node_381,28,0,16,28,16,,,,,,,,,
34,VISIT,2949,Random,EveryNode,5,5,13983,Node_66,18,0,15,18,15,,,,,,,,,
34,VISIT,2950,Random,EveryNode,5,6,13983,Node_42,20,0,13,20,13,,,,,,,,,
34,VISIT,2951,Random,EveryNode,5,6,13983,Node_131,15,0,14,15,14,,,,,,,,,
34,VISIT,2952,Random,EveryNode,5,6,13983,Node_27,21,0,16,21,16,,,,,,,,,
34,VISIT,2945,Random,EveryNode,5,45,13993,Node_382,28,0,17,28,17,,,,,,,,,
34,VISIT,2949,Random,EveryNode,5,6,13999,Node_64,18,0,14,18,14,,,,,,,,,
34,VISIT,2950,Random,EveryNode,5,7,13999,Node_43,20,0,14,20,14,,,,,,,,,
34,VISIT,2951,Random,EveryNode,5,7,13999,Node_37,14,0,14,14,14,,,,,,,,,
34,VISIT,2952,Random,EveryNode,5,7,13999,Node_179,22,0,16,22,16,,,,,,,,,
34,VISIT,2945,Random,EveryNode,5,46,14009,Node_383,28,0,18,28,18,,,,,,,,,
34,VISIT,2947,Random,EveryNode,5,45,14009,Node_425,29,0,17,29,17,,,,,,,,,
34,VISIT,2950,Random,EveryNode,5,8,14014,Node_44,20,0,15,20,15,,,,,,,,,
34,VISIT,2951,Random,EveryNode,5,8,14014,Node_38,13,0,14,13,14,,,,,,,,,
34,VISIT,2952,Random,EveryNode,5,8,14014,Node_180,23,0,16,23,16,,,,,,,,,
34,VISIT,2945,Random,EveryNode,5,47,14028,Node_382,28,0,17,28,17,,,,,,,,,
34,VISIT,2947,Random,EveryNode,5,46,14028,Node_382,28,0,17,28,17,,,,,,,,,
34,VISIT,2949,Random,EveryNode,5,7,14033,Node_43,20,0,14,20,14,,,,,,,,,
34,VISIT,2950,Random,EveryNode,5,9,14033,Node_25,21,0,15,21,15,,,,,,,,,
34,VISIT,2951,Random,EveryNode,5,9,14033,Node_39,13,0,15,13,15,,,,,,,,,
34,VISIT,2952,Random,EveryNode,5,9,14033,Node_181,23,0,17,23,17,,,,,,,,,
34,VISIT,2945,Random,EveryNode,5,48,14046,Node_381,28,0,16,28,16,,,,,,,,,
34,VISIT,2947,Random,EveryNode,5,47,14046,Node_381,28,0,16,28,16,,,,,,,,,
34,VISIT,2949,Random,EveryNode,5,8,14051,Node_44,20,0,15,20,15,,,,,,,,,
34,VISIT,2950,Random,EveryNode,5,10,14051,Node_27,21,0,16,21,16,,,,,,,,,
34,VISIT,2951,Random,EveryNode,5,10,14051,Node_190,13,0,16,13,16,,,,,,,,,
34,VISIT,2952,Random,EveryNode,5,10,14051,Node_85,24,0,17,24,17,,,,,,,,,
34,VISIT,2945,Random,EveryNode,5,49,14065,Node_427,29,0,16,29,16,,,,,,,,,
34,VISIT,2947,Random,EveryNode,5,48,14065,Node_380,28,0,15,28,15,,,,,,,,,
34,VISIT,2949,Random,EveryNode,5,9,14070,Node_25,21,0,15,21,15,,,,,,,,,
34,VISIT,2950,Random,EveryNode,5,11,14070,Node_179,22,0,16,22,16,,,,,,,,,
34,VISIT,2951,Random,EveryNode,5,11,14070,Node_65,12,0,16,12,16,,,,,,,,,
34,VISIT,2952,Random,EveryNode,5,11,14070,Node_116,25,0,17,25,17,,,,,,,,,
34,VISIT,2945,Random,EveryNode,5,50,14084,Node_381,28,0,16,28,16,,,,,,,,,
34,VISIT,2947,Random,EveryNode,5,49,14084,Node_319,27,0,15,27,15,,,,,,,,,
34,VISIT,2949,Random,EveryNode,5,10,14089,Node_27,21,0,16,21,16,,,,,,,,,
34,VISIT,2950,Random,EveryNode,5,12,14089,Node_180,23,0,16,23,16,,,,,,,,,
34,VISIT,2951,Random,EveryNode,5,12,14089,Node_67,12,0,17,12,17,,,,,,,,,
34,VISIT,2952,Random,EveryNode,5,12,14089,Node_287,26,0,17,26,17,,,,,,,,,
34,VISIT,2945,Random,EveryNode,5,51,14103,Node_382,28,0,17,28,17,,,,,,,,,
34,VISIT,2947,Random,EveryNode,5,50,14103,Node_321,27,0,16,27,16,,,,,,,,,
34,VISIT,2949,Random,EveryNode,5,11,14108,Node_179,22,0,16,22,16,,,,,,,,,
34,VISIT,2950,Random,EveryNode,5,13,14108,Node_181,23,0,17,23,17,,,,,,,,,
34,VISIT,2951,Random,EveryNode,5,13,14108,Node_191,13,0,17,13,17,,,,,,,,,
34,VISIT,2952,Random,EveryNode,5,13,14108,Node_323,27,0,17,27,17,,,,,,,,,
34,VISIT,2945,Random,EveryNode,5,52,14122,Node_381,28,0,16,28,16,,,,,,,,,
34,VISIT,2947,Random,EveryNode,5,51,14122,Node_323,27,0,17,27,17,,,,,,,,,
34,VISIT,2949,Random,EveryNode,5,12,14127,Node_180,23,0,16,23,16,,,,,,,,,
34,VISIT,2950,Random,EveryNode,5,14,14127,Node_85,24,0,17,24,17,,,,,,,,,
34,VISIT,2951,Random,EveryNode,5,14,14127,Node_192,13,0,18,13,18,,,,,,,,,
34,VISIT,2952,Random,EveryNode,5,14,14127,Node_382,28,0,17,28,17,,,,,,,,,
34,VISIT,2945,Random,EveryNode,5,53,14142,Node_382,28,0,17,28,17,,,,,,,,,
34,VISIT,2947,Random,EveryNode,5,52,14142,Node_321,27,0,16,27,16,,,,,,,,,
34,VISIT,2949,Random,EveryNode,5,13,14147,Node_181,23,0,17,23,17,,,,,,,,,
34,VISIT,2950,Random,EveryNode,5,15,14147,Node_116,25,0,17,25,17,,,,,,,,,
34,VISIT,2951,Random,EveryNode,5,15,14147,Node_405,14,0,18,14,18,,,,,,,,,
34,VISIT,2952,Random,EveryNode,5,15,14147,Node_425,29,0,17,29,17,,,,,,,,,
34,VISIT,2945,Random,EveryNode,5,54,14162,Node_381,28,0,16,28,16,,,,,,,,,
34,VISIT,2947,Random,EveryNode,5,53,14162,Node_319,27,0,15,27,15,,,,,,,,,
34,VISIT,2949,Random,EveryNode,5,14,14167,Node_85,24,0,17,24,17,,,,,,,,,
34,VISIT,2950,Random,EveryNode,5,16,14167,Node_287,26,0,17,26,17,,,,,,,,,
34,VISIT,2951,Random,EveryNode,5,16,14167,Node_192,13,0,18,13,18,,,,,,,,,
34,VISIT,2952,Random,EveryNode,5,16,14167,Node_382,28,0,17,28,17,,,,,,,,,
34,VISIT,2945,Random,EveryNode,5,55,14182,Node_427,29,0,16,29,16,,,,,,,,,
34,VISIT,2947,Random,EveryNode,5,54,14182,Node_321,27,0,16,27,16,,,,,,,,,
34,VISIT,2949,Random,EveryNode,5,15,14187,Node_116,25,0,17,25,17,,,,,,,,,
34,VISIT,2950,Random,EveryNode,5,17,14187,Node_323,27,0,17,27,17,,,,,,,,,
34,VISIT,2951,Random,EveryNode,5,17,14187,Node_69,12,0,18,12,18,,,,,,,,,
34,VISIT,2952,Random,EveryNode,5,17,14187,Node_381,28,0,16,28,16,,,,,,,,,
34,VISIT,2945,Random,EveryNode,5,56,14202,Node_381,28,0,16,28,16,,,,,,,,,
34,VISIT,2947,Random,EveryNode,5,55,14202,Node_323,27,0,17,27,17,,,,,,,,,
34,VISIT,2949,Random,EveryNode,5,16,14207,Node_287,26,0,17,26,17,,,,,,,,,
34,VISIT,2950,Random,EveryNode,5,18,14207,Node_324,27,0,18,27,18,,,,,,,,,
34,VISIT,2951,Random,EveryNode,5,18,14207,Node_72,11,0,18,11,18,,,,,,,,,
34,VISIT,2952,Random,EveryNode,5,18,14207,Node_427,29,0,16,29,16,,,,,,,,,
34,VISIT,2945,Random,EveryNode,5,57,14222,Node_382,28,0,17,28,17,,,,,,,,,
34,VISIT,2947,Random,EveryNode,5,56,14222,Node_382,28,0,17,28,17,,,,,,,,,
34,VISIT,2949,Random,EveryNode,5,17,14227,Node_288,26,0,18,26,18,,,,,,,,,
34,VISIT,2950,Random,EveryNode,5,19,14227,Node_323,27,0,17,27,17,,,,,,,,,
34,VISIT,2952,Random,EveryNode,5,19,14227,Node_425,29,0,17,29,17,,,,,,,,,
34,VISIT,2945,Random,EveryNode,5,58,14242,Node_381,28,0,16,28,16,,,,,,,,,
34,VISIT,2947,Random,EveryNode,5,57,14242,Node_381,28,0,16,28,16,,,,,,,,,
34,VISIT,2949,Random,EveryNode,5,18,14247,Node_287,26,0,17,26,17,,,,,,,,,
34,VISIT,2950,Random,EveryNode,5,20,14247,Node_382,28,0,17,28,17,,,,,,,,,
34,VISIT,2951,Random,EveryNode,5,19,14247,Node_110,9,0,18,9,18,,,,,,,,,
34,VISIT,2952,Random,EveryNode,5,20,14247,Node_382,28,0,17,28,17,,,,,,,,,
34,VISIT,2945,Random,EveryNode,5,59,14262,Node_380,28,0,15,28,15,,,,,,,,,
34,VISIT,2947,Random,EveryNode,5,58,14262,Node_382,28,0,17,28,17,,,,,,,,,
34,VISIT,2949,Random,EveryNode,5,19,14267,Node_323,27,0,17,27,17,,,,,,,,,
34,VISIT,2950,Random,EveryNode,5,21,14267,Node_383,28,0,18,28,18,,,,,,,,,
34,VISIT,2952,Random,EveryNode,5,21,14267,Node_381,28,0,16,28,16,,,,,,,,,
34,VISIT,2945,Random,EveryNode,5,60,14282,Node_381,28,0,16,28,16,,,,,,,,,
34,VISIT,2947,Random,EveryNode,5,59,14282,Node_381,28,0,16,28,16,,,,,,,,,
34,VISIT,2949,Random,EveryNode,5,20,14287,Node_382,28,0,17,28,17,,,,,,,,,
34,VISIT,2950,Random,EveryNode,5,22,14287,Node_384,28,0,19,28,19,,,,,,,,,
34,VISIT,2951,Random,EveryNode,5,20,14287,Node_72,11,0,18,11,18,,,,,,,,,
34,VISIT,2952,Random,EveryNode,5,22,14287,Node_382,28,0,17,28,17,,,,,,,,,
34,VISIT,2945,Random,EveryNode,5,61,14302,Node_380,28,0,15,28,15,,,,,,,,,
34,VISIT,2947,Random,EveryNode,5,60,14302,Node_382,28,0,17,28,17,,,,,,,,,
34,VISIT,2949,Random,EveryNode,5,21,14307,Node_425,29,0,17,29,17,,,,,,,,,
34,VISIT,2950,Random,EveryNode,5,23,14307,Node_385,28,0,20,28,20,,,,,,,,,
34,VISIT,2952,Random,EveryNode,5,23,14307,Node_383,28,0,18,28,18,,,,,,,,,
34,VISIT,2945,Random,EveryNode,5,62,14322,Node_381,28,0,16,28,16,,,,,,,,,
34,VISIT,2947,Random,EveryNode,5,61,14322,Node_425,29,0,17,29,17,,,,,,,,,
34,VISIT,2949,Random,EveryNode,5,22,14328,Node_382,28,0,17,28,17,,,,,,,,,
34,VISIT,2950,Random,EveryNode,5,24,14328,Node_384,28,0,19,28,19,,,,,,,,,
34,VISIT,2951,Random,EveryNode,5,21,14328,Node_110,9,0,18,9,18,,,,,,,,,
34,VISIT,2952,Random,EveryNode,5,24,14328,Node_382,28,0,17,28,17,,,,,,,,,
34,VISIT,2945,Random,EveryNode,5,63,14342,Node_380,28,0,15,28,15,,,,,,,,,
34,VISIT,2947,Random,EveryNode,5,62,14342,Node_427,29,0,16,29,16,,,,,,,,,
34,VISIT,2949,Random,EveryNode,5,23,14348,Node_381,28,0,16,28,16,,,,,,,,,
34,VISIT,2950,Random,EveryNode,5,25,14348,Node_385,28,0,20,28,20,,,,,,,,,
34,VISIT,2952,Random,EveryNode,5,25,14348,Node_381,28,0,16,28,16,,,,,,,,,
34,VISIT,2945,Random,EveryNode,5,64,14363,Node_381,28,0,16,28,16,,,,,,,,,
34,VISIT,2947,Random,EveryNode,5,63,14363,Node_381,28,0,16,28,16,,,,,,,,,
34,VISIT,2949,Random,EveryNode,5,24,14369,Node_380,28,0,15,28,15,,,,,,,,,
34,VISIT,2950,Random,EveryNode,5,26,14369,Node_384,28,0,19,28,19,,,,,,,,,
34,VISIT,2951,Random,EveryNode,5,22,14369,Node_72,11,0,18,11,18,,,,,,,,,
34,VISIT,2952,Random,EveryNode,5,26,14369,Node_382,28,0,17,28,17,,,,,,,,,
34,VISIT,2945,Random,EveryNode,5,65,14383,Node_427,29,0,16,29,16,,,,,,,,,
34,VISIT,2947,Random,EveryNode,5,64,14383,Node_427,29,0,16,29,16,,,,,,,,,
34,VISIT,2949,Random,EveryNode,5,25,14389,Node_381,28,0,16,28,16,,,,,,,,,
34,VISIT,2950,Random,EveryNode,5,27,14389,Node_385,28,0,20,28,20,,,,,,,,,
34,VISIT,2952,Random,EveryNode,5,27,14389,Node_381,28,0,16,28,16,,,,,,,,,
34,VISIT,2945,Random,EveryNode,5,66,14403,Node_429,30,0,16,30,16,,,,,,,,,
34,VISIT,2947,Random,EveryNode,5,65,14403,Node_425,29,0,17,29,17,,,,,,,,,
34,VISIT,2949,Random,EveryNode,5,26,14409,Node_382,28,0,17,28,17,,,,,,,,,
34,VISIT,2950,Random,EveryNode,5,28,14409,Node_384,28,0,19,28,19,,,,,,,,,
34,VISIT,2951,Random,EveryNode,5,23,14409,Node_110,9,0,18,9,18,,,,,,,,,
34,VISIT,2952,Random,EveryNode,5,28,14409,Node_382,28,0,17,28,17,,,,,,,,,
34,VISIT,2947,Random,EveryNode,5,66,14423,Node_382,28,0,17,28,17,,,,,,,,,
34,VISIT,2949,Random,EveryNode,5,27,14429,Node_381,28,0,16,28,16,,,,,,,,,
34,VISIT,2950,Random,EveryNode,5,29,14429,Node_383,28,0,18,28,18,,,,,,,,,
34,VISIT,2951,Random,EveryNode,5,24,14429,Node_113,8,0,18,8,18,,,,,,,,,
34,VISIT,2952,Random,EveryNode,5,29,14429,Node_425,29,0,17,29,17,,,,,,,,,
34,VISIT,2947,Random,EveryNode,5,67,14443,Node_383,28,0,18,28,18,,,,,,,,,
34,VISIT,2949,Random,EveryNode,5,28,14450,Node_382,28,0,17,28,17,,,,,,,,,
34,VISIT,2950,Random,EveryNode,5,30,14450,Node_382,28,0,17,28,17,,,,,,,,,
34,VISIT,2951,Random,EveryNode,5,25,14450,Node_110,9,0,18,9,18,,,,,,,,,
34,VISIT,2952,Random,EveryNode,5,30,14450,Node_427,29,0,16,29,16,,,,,,,,,
34,VISIT,2947,Random,EveryNode,5,68,14463,Node_382,28,0,17,28,17,,,,,,,,,
34,VISIT,2949,Random,EveryNode,5,29,14470,Node_383,28,0,18,28,18,,,,,,,,,
34,VISIT,2950,Random,EveryNode,5,31,14470,Node_381,28,0,16,28,16,,,,,,,,,
34,VISIT,2951,Random,EveryNode,5,26,14470,Node_113,8,0,18,8,18,,,,,,,,,
34,VISIT,2952,Random,EveryNode,5,31,14470,Node_429,30,0,16,30,16,,,,,,,,,
34,VISIT,2947,Random,EveryNode,5,69,14483,Node_381,28,0,16,28,16,,,,,,,,,
34,VISIT,2949,Random,EveryNode,5,30,14490,Node_382,28,0,17,28,17,,,,,,,,,
34,VISIT,2950,Random,EveryNode,5,32,14490,Node_427,29,0,16,29,16,,,,,,,,,
34,VISIT,2951,Random,EveryNode,5,27,14490,Node_115,8,0,17,8,17,,,,,,,,,
34,VISIT,2952,Random,EveryNode,5,32,14490,Node_431,31,0,16,31,16,,,,,,,,,
34,VISIT,2947,Random,EveryNode,5,70,14503,Node_427,29,0,16,29,16,,,,,,,,,
34,VISIT,2949,Random,EveryNode,5,31,14510,Node_425,29,0,17,29,17,,,,,,,,,
34,VISIT,2950,Random,EveryNode,5,33,14510,Node_429,30,0,16,30,16,,,,,,,,,
34,VISIT,2951,Random,EveryNode,5,28,14510,Node_107,9,0,17,9,17,,,,,,,,,
34,VISIT,2947,Random,EveryNode,5,71,14523,Node_429,30,0,16,30,16,,,,,,,,,
34,VISIT,2949,Random,EveryNode,5,32,14530,Node_427,29,0,16,29,16,,,,,,,,,
34,VISIT,2950,Random,EveryNode,5,34,14530,Node_431,31,0,16,31,16,,,,,,,,,
34,VISIT,2951,Random,EveryNode,5,29,14530,Node_110,9,0,18,9,18,,,,,,,,,
34,VISIT,2947,Random,EveryNode,5,72,14543,Node_427,29,0,16,29,16,,,,,,,,,
34,VISIT,2949,Random,EveryNode,5,33,14549,Node_429,30,0,16,30,16,,,,,,,,,
34,VISIT,2947,Random,EveryNode,5,73,14563,Node_429,30,0,16,30,16,,,,,,,,,
34,VISIT,2949,Random,EveryNode,5,34,14569,Node_431,31,0,16,31,16,,,,,,,,,
34,VISIT,2951,Random,EveryNode,5,30,14569,Node_72,11,0,18,11,18,,,,,,,,,
34,VISIT,2947,Random,EveryNode,5,74,14583,Node_431,31,0,16,31,16,,,,,,,,,
34,VISIT,2949,Random,EveryNode,5,35,14589,Node_432,31,0,17,31,17,,,,,,,,,
34,VISIT,2950,Random,EveryNode,5,35,14589,Node_434,32,0,18,32,18,,,,,,,,,
34,VISIT,2952,Random,EveryNode,5,33,14589,Node_379,31,0,11,31,11,,,,,,,,,
34,VISIT,2947,Random,EveryNode,5,75,14603,Node_432,31,0,17,31,17,,,,,,,,,
34,VISIT,2949,Random,EveryNode,5,36,14610,Node_430,30,0,17,30,17,,,,,,,,,
34,VISIT,2951,Random,EveryNode,5,31,14610,Node_110,9,0,18,9,18,,,,,,,,,
34,VISIT,2947,Random,EveryNode,5,76,14623,Node_430,30,0,17,30,17,,,,,,,,,
34,VISIT,2949,Random,EveryNode,5,37,14630,Node_432,31,0,17,31,17,,,,,,,,,
34,VISIT,2947,Random,EveryNode,5,77,14643,Node_432,31,0,17,31,17,,,,,,,,,
34,VISIT,2949,Random,EveryNode,5,38,14650,Node_442,32,0,17,32,17,,,,,,,,,
34,VISIT,2951,Random,EveryNode,5,32,14650,Node_72,11,0,18,11,18,,,,,,,,,
34,VISIT,2947,Random,EveryNode,5,78,14663,Node_442,32,0,17,32,17,,,,,,,,,
34,VISIT,2951,Random,EveryNode,5,33,14670,Node_69,12,0,18,12,18,,,,,,,,,
34,VISIT,2947,Random,EveryNode,5,79,14683,Node_450,33,0,17,33,17,,,,,,,,,
34,VISIT,2949,Random,EveryNode,5,39,14690,Node_444,33,0,18,33,18,,,,,,,,,
34,VISIT,2951,Random,EveryNode,5,34,14690,Node_192,13,0,18,13,18,,,,,,,,,
34,VISIT,2947,Random,EveryNode,5,80,14703,Node_444,33,0,18,33,18,,,,,,,,,
34,VISIT,2951,Random,EveryNode,5,35,14710,Node_69,12,0,18,12,18,,,,,,,,,
34,VISIT,2952,Random,EveryNode,5,34,14710,Node_390,30,0,6,30,6,,,,,,,,,
34,VISIT,2953,Random,EveryNode,5,0,14716,Node_6,19,0,12,19,12,,,,,,,,,
34,VISIT,2954,Random,EveryNode,5,0,14716,Node_7,19,0,8,19,8,,,,,,,,,
34,VISIT,2955,Random,EveryNode,5,0,14716,Node_8,17,0,10,17,10,,,,,,,,,
34,VISIT,2956,Random,EveryNode,5,0,14716,Node_9,21,0,10,21,10,,,,,,,,,
34,VISIT,2947,Random,EveryNode,5,81,14720,Node_455,34,0,18,34,18,,,,,,,,,
34,VISIT,2950,Random,EveryNode,5,36,14722,Node_439,32,0,21,32,21,,,,,,,,,
34,VISIT,2951,Random,EveryNode,5,36,14722,Node_192,13,0,18,13,18,,,,,,,,,
34,VISIT,2952,Random,EveryNode,5,35,14722,Node_392,30,0,5,30,5,,,,,,,,,
34,VISIT,2953,Random,EveryNode,5,1,14728,Node_41,20,0,12,20,12,,,,,,,,,
34,VISIT,2954,Random,EveryNode,5,1,14728,Node_3,19,0,9,19,9,,,,,,,,,
34,VISIT,2955,Random,EveryNode,5,1,14728,Node_4,18,0,10,18,10,,,,,,,,,
34,VISIT,2956,Random,EveryNode,5,1,14728,Node_13,21,0,11,21,11,,,,,,,,,
34,VISIT,2947,Random,EveryNode,5,82,14732,Node_457,34,0,17,34,17,,,,,,,,,
34,VISIT,2949,Random,EveryNode,5,40,14734,Node_450,33,0,17,33,17,,,,,,,,,
34,VISIT,2951,Random,EveryNode,5,37,14734,Node_405,14,0,18,14,18,,,,,,,,,
34,VISIT,2952,Random,EveryNode,5,36,14734,Node_390,30,0,6,30,6,,,,,,,,,
34,VISIT,2953,Random,EveryNode,5,2,14740,Node_42,20,0,13,20,13,,,,,,,,,
34,VISIT,2954,Random,EveryNode,5,2,14740,Node_48,20,0,9,20,9,,,,,,,,,
34,VISIT,2955,Random,EveryNode,5,2,14740,Node_14,18,0,11,18,11,,,,,,,,,
34,VISIT,2956,Random,EveryNode,5,2,14740,Node_54,22,0,11,22,11,,,,,,,,,
34,VISIT,2947,Random,EveryNode,5,83,14744,Node_450,33,0,17,33,17,,,,,,,,,
34,VISIT,2949,Random,EveryNode,5,41,14746,Node_442,32,0,17,32,17,,,,,,,,,
34,VISIT,2950,Random,EveryNode,5,37,14746,Node_420,31,0,22,31,22,,,,,,,,,
34,VISIT,2951,Random,EveryNode,5,38,14746,Node_192,13,0,18,13,18,,,,,,,,,
34,VISIT,2952,Random,EveryNode,5,37,14746,Node_388,30,0,7,30,7,,,,,,,,,
34,VISIT,2953,Random,EveryNode,5,3,14752,Node_43,20,0,14,20,14,,,,,,,,,
34,VISIT,2954,Random,EveryNode,5,3,14752,Node_47,21,0,9,21,9,,,,,,,,,
34,VISIT,2955,Random,EveryNode,5,3,14752,Node_2,19,0,11,19,11,,,,,,,,,
34,VISIT,2956,Random,EveryNode,5,3,14752,Node_77,23,0,11,23,11,,,,,,,,,
34,VISIT,2947,Random,EveryNode,5,84,14756,Node_442,32,0,17,32,17,,,,,,,,,
34,VISIT,2949,Random,EveryNode,5,42,14759,Node_434,32,0,18,32,18,,,,,,,,,
34,VISIT,2951,Random,EveryNode,5,39,14759,Node_69,12,0,18,12,18,,,,,,,,,
34,VISIT,2952,Random,EveryNode,5,38,14759,Node_452,31,0,7,31,7,,,,,,,,,
34,VISIT,2953,Random,EveryNode,5,4,14764,Node_44,20,0,15,20,15,,,,,,,,,
34,VISIT,2954,Random,EveryNode,5,4,14764,Node_70,22,0,9,22,9,,,,,,,,,
34,VISIT,2955,Random,EveryNode,5,4,14764,Node_40,20,0,11,20,11,,,,,,,,,
34,VISIT,2956,Random,EveryNode,5,4,14764,Node_79,23,0,12,23,12,,,,,,,,,
34,VISIT,2947,Random,EveryNode,5,85,14771,Node_440,32,0,16,32,16,,,,,,,,,
34,VISIT,2949,Random,EveryNode,5,43,14774,Node_435,32,0,19,32,19,,,,,,,,,
34,VISIT,2951,Random,EveryNode,5,40,14774,Node_72,11,0,18,11,18,,,,,,,,,
34,VISIT,2953,Random,EveryNode,5,5,14779,Node_25,21,0,15,21,15,,,,,,,,,
34,VISIT,2954,Random,EveryNode,5,5,14779,Node_87,23,0,9,23,9,,,,,,,,,
34,VISIT,2955,Random,EveryNode,5,5,14779,Node_41,20,0,12,20,12,,,,,,,,,
34,VISIT,2956,Random,EveryNode,5,5,14779,Node_80,24,0,12,24,12,,,,,,,,,
34,VISIT,2949,Random,EveryNode,5,44,14790,Node_446,33,0,19,33,19,,,,,,,,,
34,VISIT,2953,Random,EveryNode,5,6,14796,Node_22,21,0,14,21,14,,,,,,,,,
34,VISIT,2955,Random,EveryNode,5,6,14796,Node_40,20,0,11,20,11,,,,,,,,,
34,VISIT,2956,Random,EveryNode,5,6,14796,Node_81,24,0,13,24,13,,,,,,,,,
34,VISIT,2947,Random,EveryNode,5,86,14803,Node_436,31,0,15,31,15,,,,,,,,,
34,VISIT,2949,Random,EveryNode,5,45,14807,Node_444,33,0,18,33,18,,,,,,,,,
34,VISIT,2951,Random,EveryNode,5,41,14807,Node_110,9,0,18,9,18,,,,,,,,,
34,VISIT,2953,Random,EveryNode,5,7,14812,Node_25,21,0,15,21,15,,,,,,,,,
34,VISIT,2954,Random,EveryNode,5,6,14812,Node_206,25,0,9,25,9,,,,,,,,,
34,VISIT,2955,Random,EveryNode,5,7,14812,Node_13,21,0,11,21,11,,,,,,,,,
34,VISIT,2956,Random,EveryNode,5,7,14812,Node_106,25,0,13,25,13,,,,,,,,,
34,VISIT,2947,Random,EveryNode,5,87,14818,Node_438,31,0,14,31,14,,,,,,,,,
34,VISIT,2949,Random,EveryNode,5,46,14822,Node_434,32,0,18,32,18,,,,,,,,,
34,VISIT,2953,Random,EveryNode,5,8,14828,Node_22,21,0,14,21,14,,,,,,,,,
34,VISIT,2954,Random,EveryNode,5,7,14828,Node_246,26,0,9,26,9,,,,,,,,,
34,VISIT,2955,Random,EveryNode,5,8,14828,Node_9,21,0,10,21,10,,,,,,,,,
34,VISIT,2956,Random,EveryNode,5,8,14828,Node_173,26,0,13,26,13,,,,,,,,,
34,VISIT,2949,Random,EveryNode,5,47,14838,Node_435,32,0,19,32,19,,,,,,,,,
34,VISIT,2951,Random,EveryNode,5,42,14838,Node_72,11,0,18,11,18,,,,,,,,,
34,VISIT,2953,Random,EveryNode,5,9,14845,Node_19,21,0,13,21,13,,,,,,,,,
34,VISIT,2954,Random,EveryNode,5,8,14845,Node_225,26,0,8,26,8,,,,,,,,,
34,VISIT,2955,Random,EveryNode,5,9,14845,Node_47,21,0,9,21,9,,,,,,,,,
34,VISIT,2956,Random,EveryNode,5,9,14845,Node_317,27,0,13,27,13,,,,,,,,,
34,VISIT,2949,Random,EveryNode,5,48,14855,Node_437,32,0,20,32,20,,,,,,,,,
34,VISIT,2951,Random,EveryNode,5,43,14855,Node_69,12,0,18,12,18,,,,,,,,,
34,VISIT,2953,Random,EveryNode,5,10,14862,Node_17,21,0,12,21,12,,,,,,,,,
34,VISIT,2954,Random,EveryNode,5,9,14862,Node_222,26,0,7,26,7,,,,,,,,,
34,VISIT,2955,Random,EveryNode,5,10,14862,Node_70,22,0,9,22,9,,,,,,,,,
34,VISIT,2956,Random,EveryNode,5,10,14862,Node_366,28,0,13,28,13,,,,,,,,,
34,VISIT,2949,Random,EveryNode,5,49,14873,Node_448,33,0,20,33,20,,,,,,,,,
34,VISIT,2951,Random,EveryNode,5,44,14873,Node_72,11,0,18,11,18,,,,,,,,,
34,VISIT,2953,Random,EveryNode,5,11,14880,Node_13,21,0,11,21,11,,,,,,,,,
34,VISIT,2954,Random,EveryNode,5,10,14880,Node_225,26,0,8,26,8,,,,,,,,,
34,VISIT,2955,Random,EveryNode,5,11,14880,Node_87,23,0,9,23,9,,,,,,,,,
34,VISIT,2947,Random,EveryNode,5,88,14886,Node_366,28,0,13,28,13,,,,,,,,,
34,VISIT,2949,Random,EveryNode,5,50,14891,Node_437,32,0,20,32,20,,,,,,,,,
34,VISIT,2953,Random,EveryNode,5,12,14898,Node_9,21,0,10,21,10,,,,,,,,,
34,VISIT,2954,Random,EveryNode,5,11,14898,Node_246,26,0,9,26,9,,,,,,,,,
34,VISIT,2956,Random,EveryNode,5,11,14898,Node_463,30,0,13,30,13,,,,,,,,,
34,VISIT,2949,Random,EveryNode,5,51,14910,Node_439,32,0,21,32,21,,,,,,,,,
34,VISIT,2951,Random,EveryNode,5,45,14910,Node_110,9,0,18,9,18,,,,,,,,,
34,VISIT,2953,Random,EveryNode,5,13,14917,Node_13,21,0,11,21,11,,,,,,,,,
34,VISIT,2954,Random,EveryNode,5,12,14917,Node_368,27,0,9,27,9,,,,,,,,,
34,VISIT,2955,Random,EveryNode,5,12,14917,Node_206,25,0,9,25,9,,,,,,,,,
34,VISIT,2956,Random,EveryNode,5,12,14917,Node_441,31,0,13,31,13,,,,,,,,,
34,VISIT,2947,Random,EveryNode,5,89,14924,Node_463,30,0,13,30,13,,,,,,,,,
34,VISIT,2949,Random,EveryNode,5,52,14929,Node_451,33,0,21,33,21,,,,,,,,,
34,VISIT,2951,Random,EveryNode,5,46,14929,Node_107,9,0,17,9,17,,,,,,,,,
34,VISIT,2953,Random,EveryNode,5,14,14935,Node_54,22,0,11,22,11,,,,,,,,,
34,VISIT,2954,Random,EveryNode,5,13,14935,Node_374,28,0,9,28,9,,,,,,,,,
34,VISIT,2955,Random,EveryNode,5,13,14935,Node_246,26,0,9,26,9,,,,,,,,,
34,VISIT,2947,Random,EveryNode,5,90,14942,Node_441,31,0,13,31,13,,,,,,,,,
34,VISIT,2949,Random,EveryNode,5,53,14947,Node_453,33,0,22,33,22,,,,,,,,,
34,VISIT,2951,Random,EveryNode,5,47,14947,Node_110,9,0,18,9,18,,,,,,,,,
34,VISIT,2953,Random,EveryNode,5,15,14952,Node_52,22,0,10,22,10,,,,,,,,,
34,VISIT,2954,Random,EveryNode,5,14,14952,Node_373,28,0,10,28,10,,,,,,,,,
34,VISIT,2955,Random,EveryNode,5,14,14952,Node_225,26,0,8,26,8,,,,,,,,,
34,VISIT,2947,Random,EveryNode,5,91,14959,Node_443,31,0,12,31,12,,,,,,,,,
34,VISIT,2953,Random,EveryNode,5,16,14970,Node_54,22,0,11,22,11,,,,,,,,,
34,VISIT,2954,Random,EveryNode,5,15,14970,Node_371,28,0,11,28,11,,,,,,,,,
34,VISIT,2955,Random,EveryNode,5,15,14970,Node_246,26,0,9,26,9,,,,,,,,,
34,VISIT,2947,Random,EveryNode,5,92,14976,Node_465,32,0,12,32,12,,,,,,,,,
34,VISIT,2951,Random,EveryNode,5,48,14981,Node_72,11,0,18,11,18,,,,,,,,,
34,VISIT,2953,Random,EveryNode,5,17,14987,Node_77,23,0,11,23,11,,,,,,,,,
34,VISIT,2954,Random,EveryNode,5,16,14987,Node_373,28,0,10,28,10,,,,,,,,,
34,VISIT,2955,Random,EveryNode,5,16,14987,Node_368,27,0,9,27,9,,,,,,,,,
34,VISIT,2956,Random,EveryNode,5,13,14987,Node_379,31,0,11,31,11,,,,,,,,,
34,VISIT,2947,Random,EveryNode,5,93,14993,Node_443,31,0,12,31,12,,,,,,,,,
34,VISIT,2953,Random,EveryNode,5,18,15004,Node_79,23,0,12,23,12,,,,,,,,,
34,VISIT,2954,Random,EveryNode,5,17,15004,Node_374,28,0,9,28,9,,,,,,,,,
34,VISIT,2955,Random,EveryNode,5,17,15004,Node_374,28,0,9,28,9,,,,,,,,,
34,VISIT,2956,Random,EveryNode,5,14,15004,Node_445,31,0,10,31,10,,,,,,,,,
34,VISIT,2947,Random,EveryNode,5,94,15011,Node_379,31,0,11,31,11,,,,,,,,,
34,VISIT,2951,Random,EveryNode,5,49,15016,Node_110,9,0,18,9,18,,,,,,,,,
34,VISIT,2953,Random,EveryNode,5,19,15021,Node_80,24,0,12,24,12,,,,,,,,,
34,VISIT,2956,Random,EveryNode,5,15,15021,Node_377,30,0,10,30,10,,,,,,,,,
34,VISIT,2947,Random,EveryNode,5,95,15028,Node_466,32,0,11,32,11,,,,,,,,,
34,VISIT,2953,Random,EveryNode,5,20,15039,Node_81,24,0,13,24,13,,,,,,,,,
34,VISIT,2954,Random,EveryNode,5,18,15039,Node_376,30,0,9,30,9,,,,,,,,,
34,VISIT,2955,Random,EveryNode,5,18,15039,Node_376,30,0,9,30,9,,,,,,,,,
34,VISIT,2956,Random,EveryNode,5,16,15039,Node_378,30,0,11,30,11,,,,,,,,,
34,VISIT,2951,Random,EveryNode,5,50,15050,Node_72,11,0,18,11,18,,,,,,,,,
34,VISIT,2953,Random,EveryNode,5,21,15057,Node_106,25,0,13,25,13,,,,,,,,,
34,VISIT,2954,Random,EveryNode,5,19,15057,Node_447,31,0,9,31,9,,,,,,,,,
34,VISIT,2955,Random,EveryNode,5,19,15057,Node_447,31,0,9,31,9,,,,,,,,,
34,VISIT,2956,Random,EveryNode,5,17,15057,Node_377,30,0,10,30,10,,,,,,,,,
34,VISIT,2953,Random,EveryNode,5,22,15076,Node_173,26,0,13,26,13,,,,,,,,,
34,VISIT,2954,Random,EveryNode,5,20,15076,Node_449,31,0,8,31,8,,,,,,,,,
34,VISIT,2955,Random,EveryNode,5,20,15076,Node_449,31,0,8,31,8,,,,,,,,,
34,VISIT,2956,Random,EveryNode,5,18,15076,Node_376,30,0,9,30,9,,,,,,,,,
34,VISIT,2951,Random,EveryNode,5,51,15088,Node_110,9,0,18,9,18,,,,,,,,,
34,VISIT,2953,Random,EveryNode,5,23,15095,Node_317,27,0,13,27,13,,,,,,,,,
34,VISIT,2954,Random,EveryNode,5,21,15095,Node_386,30,0,8,30,8,,,,,,,,,
34,VISIT,2955,Random,EveryNode,5,21,15095,Node_386,30,0,8,30,8,,,,,,,,,
34,VISIT,2956,Random,EveryNode,5,19,15095,Node_377,30,0,10,30,10,,,,,,,,,
34,VISIT,2951,Random,EveryNode,5,52,15107,Node_113,8,0,18,8,18,,,,,,,,,
34,VISIT,2953,Random,EveryNode,5,24,15114,Node_366,28,0,13,28,13,,,,,,,,,
34,VISIT,2954,Random,EveryNode,5,22,15114,Node_376,30,0,9,30,9,,,,,,,,,
34,VISIT,2955,Random,EveryNode,5,22,15114,Node_388,30,0,7,30,7,,,,,,,,,
34,VISIT,2956,Random,EveryNode,5,20,15114,Node_376,30,0,9,30,9,,,,,,,,,
34,VISIT,2949,Random,EveryNode,5,54,15126,Node_416,31,0,24,31,24,,,,,,,,,
34,VISIT,2951,Random,EveryNode,5,53,15126,Node_199,7,0,18,7,18,,,,,,,,,
34,VISIT,2954,Random,EveryNode,5,23,15133,Node_377,30,0,10,30,10,,,,,,,,,
34,VISIT,2955,Random,EveryNode,5,23,15133,Node_390,30,0,6,30,6,,,,,,,,,
34,VISIT,2956,Random,EveryNode,5,21,15133,Node_386,30,0,8,30,8,,,,,,,,,
34,VISIT,2949,Random,EveryNode,5,55,15145,Node_411,30,0,24,30,24,,,,,,,,,
34,VISIT,2951,Random,EveryNode,5,54,15145,Node_205,6,0,18,6,18,,,,,,,,,
34,VISIT,2953,Random,EveryNode,5,25,15152,Node_463,30,0,13,30,13,,,,,,,,,
34,VISIT,2954,Random,EveryNode,5,24,15152,Node_376,30,0,9,30,9,,,,,,,,,
34,VISIT,2955,Random,EveryNode,5,24,15152,Node_392,30,0,5,30,5,,,,,,,,,
34,VISIT,2956,Random,EveryNode,5,22,15152,Node_388,30,0,7,30,7,,,,,,,,,
34,VISIT,2953,Random,EveryNode,5,26,15171,Node_441,31,0,13,31,13,,,,,,,,,
34,VISIT,2954,Random,EveryNode,5,25,15171,Node_377,30,0,10,30,10,,,,,,,,,
34,VISIT,2956,Random,EveryNode,5,23,15171,Node_390,30,0,6,30,6,,,,,,,,,
34,VISIT,2953,Random,EveryNode,5,27,15189,Node_443,31,0,12,31,12,,,,,,,,,
34,VISIT,2954,Random,EveryNode,5,26,15189,Node_378,30,0,11,30,11,,,,,,,,,
34,VISIT,2955,Random,EveryNode,5,25,15189,Node_394,28,0,5,28,5,,,,,,,,,
34,VISIT,2956,Random,EveryNode,5,24,15189,Node_392,30,0,5,30,5,,,,,,,,,
34,VISIT,2953,Random,EveryNode,5,28,15207,Node_379,31,0,11,31,11,,,,,,,,,
34,VISIT,2954,Random,EveryNode,5,27,15207,Node_377,30,0,10,30,10,,,,,,,,,
34,VISIT,2955,Random,EveryNode,5,26,15207,Node_255,27,0,5,27,5,,,,,,,,,
34,VISIT,2956,Random,EveryNode,5,25,15207,Node_390,30,0,6,30,6,,,,,,,,,
34,VISIT,2953,Random,EveryNode,5,29,15225,Node_466,32,0,11,32,11,,,,,,,,,
34,VISIT,2954,Random,EveryNode,5,28,15225,Node_378,30,0,11,30,11,,,,,,,,,
34,VISIT,2955,Random,EveryNode,5,27,15225,Node_394,28,0,5,28,5,,,,,,,,,
34,VISIT,2956,Random,EveryNode,5,26,15225,Node_388,30,0,7,30,7,,,,,,,,,
34,VISIT,2954,Random,EveryNode,5,29,15244,Node_379,31,0,11,31,11,,,,,,,,,
34,VISIT,2956,Random,EveryNode,5,27,15244,Node_390,30,0,6,30,6,,,,,,,,,
34,VISIT,2953,Random,EveryNode,5,30,15263,Node_471,34,0,11,34,11,,,,,,,,,
34,VISIT,2954,Random,EveryNode,5,30,15263,Node_445,31,0,10,31,10,,,,,,,,,
34,VISIT,2955,Random,EveryNode,5,28,15263,Node_395,28,0,3,28,3,,,,,,,,,
34,VISIT,2956,Random,EveryNode,5,28,15263,Node_388,30,0,7,30,7,,,,,,,,,
34,VISIT,2954,Random,EveryNode,5,31,15283,Node_447,31,0,9,31,9,,,,,,,,,
34,VISIT,2956,Random,EveryNode,5,29,15283,Node_390,30,0,6,30,6,,,,,,,,,
34,VISIT,2954,Random,EveryNode,5,32,15302,Node_449,31,0,8,31,8,,,,,,,,,
34,VISIT,2956,Random,EveryNode,5,30,15302,Node_388,30,0,7,30,7,,,,,,,,,
34,VISIT,2954,Random,EveryNode,5,33,15321,Node_452,31,0,7,31,7,,,,,,,,,
34,VISIT,2956,Random,EveryNode,5,31,15321,Node_390,30,0,6,30,6,,,,,,,,,
34,VISIT,2954,Random,EveryNode,5,34,15340,Node_454,31,0,6,31,6,,,,,,,,,
34,VISIT,2956,Random,EveryNode,5,32,15340,Node_454,31,0,6,31,6,,,,,,,,,
34,VISIT,2955,Random,EveryNode,5,29,15359,Node_396,28,0,2,28,2,,,,,,,,,
34,VISIT,2953,Random,EveryNode,5,31,15378,Node_477,34,0,7,34,7,,,,,,,,,
34,VISIT,2954,Random,EveryNode,5,35,15378,Node_460,32,0,7,32,7,,,,,,,,,
34,VISIT,2955,Random,EveryNode,5,30,15378,Node_328,27,0,2,27,2,,,,,,,,,
34,VISIT,2956,Random,EveryNode,5,33,15378,Node_460,32,0,7,32,7,,,,,,,,,
34,VISIT,2955,Random,EveryNode,5,31,15398,Node_330,27,0,1,27,1,,,,,,,,,
34,VISIT,2955,Random,EveryNode,5,32,15418,Node_495,28,0,1,28,1,,,,,,,,,
34,VISIT,2953,Random,EveryNode,5,32,15438,Node_476,34,0,8,34,8,,,,,,,,,
34,VISIT,2954,Random,EveryNode,5,36,15438,Node_476,34,0,8,34,8,,,,,,,,,
34,VISIT,2956,Random,EveryNode,5,34,15438,Node_476,34,0,8,34,8,,,,,,,,,
34,VISIT,2953,Random,EveryNode,5,33,15457,Node_494,35,0,8,35,8,,,,,,,,,
34,VISIT,2954,Random,EveryNode,5,37,15457,Node_494,35,0,8,35,8,,,,,,,,,
34,VISIT,2956,Random,EveryNode,5,35,15457,Node_494,35,0,8,35,8,,,,,,,,,
34,VISIT,2957,Random,EveryNode,5,0,15474,Node_6,19,0,12,19,12,,,,,,,,,
34,VISIT,2958,Random,EveryNode,5,0,15474,Node_7,19,0,8,19,8,,,,,,,,,
34,VISIT,2959,Random,EveryNode,5,0,15474,Node_8,17,0,10,17,10,,,,,,,,,
34,VISIT,2960,Random,EveryNode,5,0,15474,Node_9,21,0,10,21,10,,,,,,,,,
34,VISIT,2953,Random,EveryNode,5,34,15476,Node_491,35,0,9,35,9,,,,,,,,,
34,VISIT,2954,Random,EveryNode,5,38,15476,Node_491,35,0,9,35,9,,,,,,,,,
34,VISIT,2956,Random,EveryNode,5,36,15476,Node_476,34,0,8,34,8,,,,,,,,,
34,VISIT,2957,Random,EveryNode,5,1,15486,Node_2,19,0,11,19,11,,,,,,,,,
34,VISIT,2958,Random,EveryNode,5,1,15486,Node_46,20,0,8,20,8,,,,,,,,,
34,VISIT,2959,Random,EveryNode,5,1,15486,Node_4,18,0,10,18,10,,,,,,,,,
34,VISIT,2960,Random,EveryNode,5,1,15486,Node_47,21,0,9,21,9,,,,,,,,,
34,VISIT,2953,Random,EveryNode,5,35,15490,Node_474,34,0,9,34,9,,,,,,,,,
34,VISIT,2954,Random,EveryNode,5,39,15490,Node_474,34,0,9,34,9,,,,,,,,,
34,VISIT,2955,Random,EveryNode,5,33,15490,Node_338,27,0,-2,27,-2,,,,,,,,,
34,VISIT,2956,Random,EveryNode,5,37,15490,Node_474,34,0,9,34,9,,,,,,,,,
34,VISIT,2957,Random,EveryNode,5,2,15498,Node_20,19,0,10,19,10,,,,,,,,,
34,VISIT,2958,Random,EveryNode,5,2,15498,Node_49,21,0,8,21,8,,,,,,,,,
34,VISIT,2959,Random,EveryNode,5,2,15498,Node_15,18,0,9,18,9,,,,,,,,,
34,VISIT,2960,Random,EveryNode,5,2,15498,Node_70,22,0,9,22,9,,,,,,,,,
34,VISIT,2953,Random,EveryNode,5,36,15502,Node_472,34,0,10,34,10,,,,,,,,,
34,VISIT,2954,Random,EveryNode,5,40,15502,Node_491,35,0,9,35,9,,,,,,,,,
34,VISIT,2956,Random,EveryNode,5,38,15502,Node_472,34,0,10,34,10,,,,,,,,,
34,VISIT,2957,Random,EveryNode,5,3,15509,Node_3,19,0,9,19,9,,,,,,,,,
34,VISIT,2958,Random,EveryNode,5,3,15509,Node_50,21,0,7,21,7,,,,,,,,,
34,VISIT,2959,Random,EveryNode,5,3,15509,Node_3,19,0,9,19,9,,,,,,,,,
34,VISIT,2960,Random,EveryNode,5,3,15509,Node_87,23,0,9,23,9,,,,,,,,,
34,VISIT,2953,Random,EveryNode,5,37,15514,Node_488,35,0,10,35,10,,,,,,,,,
34,VISIT,2956,Random,EveryNode,5,39,15514,Node_488,35,0,10,35,10,,,,,,,,,
34,VISIT,2957,Random,EveryNode,5,4,15521,Node_7,19,0,8,19,8,,,,,,,,,
34,VISIT,2958,Random,EveryNode,5,4,15521,Node_51,21,0,6,21,6,,,,,,,,,
34,VISIT,2959,Random,EveryNode,5,4,15521,Node_7,19,0,8,19,8,,,,,,,,,
34,VISIT,2955,Random,EveryNode,5,34,15528,Node_335,27,0,-1,27,-1,,,,,,,,,
34,VISIT,2957,Random,EveryNode,5,5,15535,Node_46,20,0,8,20,8,,,,,,,,,
34,VISIT,2958,Random,EveryNode,5,5,15535,Node_53,21,0,5,21,5,,,,,,,,,
34,VISIT,2959,Random,EveryNode,5,5,15535,Node_46,20,0,8,20,8,,,,,,,,,
34,VISIT,2960,Random,EveryNode,5,4,15535,Node_206,25,0,9,25,9,,,,,,,,,
34,VISIT,2953,Random,EveryNode,5,38,15541,Node_505,36,0,9,36,9,,,,,,,,,
34,VISIT,2955,Random,EveryNode,5,35,15541,Node_502,28,0,-1,28,-1,,,,,,,,,
34,VISIT,2957,Random,EveryNode,5,6,15548,Node_48,20,0,9,20,9,,,,,,,,,
34,VISIT,2958,Random,EveryNode,5,6,15548,Node_51,21,0,6,21,6,,,,,,,,,
34,VISIT,2959,Random,EveryNode,5,6,15548,Node_48,20,0,9,20,9,,,,,,,,,
34,VISIT,2960,Random,EveryNode,5,5,15548,Node_246,26,0,9,26,9,,,,,,,,,
34,VISIT,2957,Random,EveryNode,5,7,15561,Node_47,21,0,9,21,9,,,,,,,,,
34,VISIT,2958,Random,EveryNode,5,7,15561,Node_50,21,0,7,21,7,,,,,,,,,
34,VISIT,2959,Random,EveryNode,5,7,15561,Node_47,21,0,9,21,9,,,,,,,,,
34,VISIT,2960,Random,EveryNode,5,6,15561,Node_368,27,0,9,27,9,,,,,,,,,
34,VISIT,2953,Random,EveryNode,5,39,15566,Node_508,37,0,10,37,10,,,,,,,,,
34,VISIT,2957,Random,EveryNode,5,8,15574,Node_70,22,0,9,22,9,,,,,,,,,
34,VISIT,2958,Random,EveryNode,5,8,15574,Node_51,21,0,6,21,6,,,,,,,,,
34,VISIT,2959,Random,EveryNode,5,8,15574,Node_70,22,0,9,22,9,,,,,,,,,
34,VISIT,2960,Random,EveryNode,5,7,15574,Node_246,26,0,9,26,9,,,,,,,,,
34,VISIT,2953,Random,EveryNode,5,40,15578,Node_509,37,0,9,37,9,,,,,,,,,
34,VISIT,2957,Random,EveryNode,5,9,15586,Node_87,23,0,9,23,9,,,,,,,,,
34,VISIT,2958,Random,EveryNode,5,9,15586,Node_50,21,0,7,21,7,,,,,,,,,
34,VISIT,2959,Random,EveryNode,5,9,15586,Node_87,23,0,9,23,9,,,,,,,,,
34,VISIT,2960,Random,EveryNode,5,8,15586,Node_368,27,0,9,27,9,,,,,,,,,
34,VISIT,2958,Random,EveryNode,5,10,15598,Node_49,21,0,8,21,8,,,,,,,,,
34,VISIT,2960,Random,EveryNode,5,9,15598,Node_374,28,0,9,28,9,,,,,,,,,
34,VISIT,2957,Random,EveryNode,5,10,15614,Node_206,25,0,9,25,9,,,,,,,,,
34,VISIT,2958,Random,EveryNode,5,11,15614,Node_47,21,0,9,21,9,,,,,,,,,
34,VISIT,2959,Random,EveryNode,5,10,15614,Node_206,25,0,9,25,9,,,,,,,,,
34,VISIT,2957,Random,EveryNode,5,11,15628,Node_246,26,0,9,26,9,,,,,,,,,
34,VISIT,2958,Random,EveryNode,5,12,15628,Node_70,22,0,9,22,9,,,,,,,,,
34,VISIT,2959,Random,EveryNode,5,11,15628,Node_246,26,0,9,26,9,,,,,,,,,
34,VISIT,2960,Random,EveryNode,5,10,15628,Node_376,30,0,9,30,9,,,,,,,,,
34,VISIT,2957,Random,EveryNode,5,12,15641,Node_368,27,0,9,27,9,,,,,,,,,
34,VISIT,2958,Random,EveryNode,5,13,15641,Node_87,23,0,9,23,9,,,,,,,,,
34,VISIT,2959,Random,EveryNode,5,12,15641,Node_368,27,0,9,27,9,,,,,,,,,
34,VISIT,2960,Random,EveryNode,5,11,15641,Node_377,30,0,10,30,10,,,,,,,,,
34,VISIT,2957,Random,EveryNode,5,13,15654,Node_374,28,0,9,28,9,,,,,,,,,
34,VISIT,2959,Random,EveryNode,5,13,15654,Node_374,28,0,9,28,9,,,,,,,,,
34,VISIT,2960,Random,EveryNode,5,12,15654,Node_376,30,0,9,30,9,,,,,,,,,
34,VISIT,2956,Random,EveryNode,5,40,15663,Node_510,37,0,11,37,11,,,,,,,,,
34,VISIT,2958,Random,EveryNode,5,14,15672,Node_206,25,0,9,25,9,,,,,,,,,
34,VISIT,2960,Random,EveryNode,5,13,15672,Node_386,30,0,8,30,8,,,,,,,,,
34,VISIT,2956,Random,EveryNode,5,41,15680,Node_512,37,0,12,37,12,,,,,,,,,
34,VISIT,2957,Random,EveryNode,5,14,15690,Node_376,30,0,9,30,9,,,,,,,,,
34,VISIT,2958,Random,EveryNode,5,15,15690,Node_246,26,0,9,26,9,,,,,,,,,
34,VISIT,2959,Random,EveryNode,5,14,15690,Node_376,30,0,9,30,9,,,,,,,,,
34,VISIT,2960,Random,EveryNode,5,14,15690,Node_388,30,0,7,30,7,,,,,,,,,
34,VISIT,2956,Random,EveryNode,5,42,15697,Node_518,38,0,12,38,12,,,,,,,,,
34,VISIT,2957,Random,EveryNode,5,15,15708,Node_377,30,0,10,30,10,,,,,,,,,
34,VISIT,2958,Random,EveryNode,5,16,15708,Node_368,27,0,9,27,9,,,,,,,,,
34,VISIT,2959,Random,EveryNode,5,15,15708,Node_377,30,0,10,30,10,,,,,,,,,
34,VISIT,2960,Random,EveryNode,5,15,15708,Node_390,30,0,6,30,6,,,,,,,,,
34,VISIT,2956,Random,EveryNode,5,43,15715,Node_517,38,0,13,38,13,,,,,,,,,
34,VISIT,2957,Random,EveryNode,5,16,15726,Node_376,30,0,9,30,9,,,,,,,,,
34,VISIT,2958,Random,EveryNode,5,17,15726,Node_374,28,0,9,28,9,,,,,,,,,
34,VISIT,2959,Random,EveryNode,5,16,15726,Node_376,30,0,9,30,9,,,,,,,,,
34,VISIT,2960,Random,EveryNode,5,16,15726,Node_454,31,0,6,31,6,,,,,,,,,
34,VISIT,2956,Random,EveryNode,5,44,15734,Node_513,37,0,13,37,13,,,,,,,,,
34,VISIT,2957,Random,EveryNode,5,17,15745,Node_377,30,0,10,30,10,,,,,,,,,
34,VISIT,2959,Random,EveryNode,5,17,15745,Node_377,30,0,10,30,10,,,,,,,,,
34,VISIT,2960,Random,EveryNode,5,17,15745,Node_390,30,0,6,30,6,,,,,,,,,
34,VISIT,2957,Random,EveryNode,5,18,15764,Node_378,30,0,11,30,11,,,,,,,,,
34,VISIT,2958,Random,EveryNode,5,18,15764,Node_376,30,0,9,30,9,,,,,,,,,
34,VISIT,2959,Random,EveryNode,5,18,15764,Node_378,30,0,11,30,11,,,,,,,,,
34,VISIT,2960,Random,EveryNode,5,18,15764,Node_392,30,0,5,30,5,,,,,,,,,
34,VISIT,2957,Random,EveryNode,5,19,15783,Node_379,31,0,11,31,11,,,,,,,,,
34,VISIT,2958,Random,EveryNode,5,19,15783,Node_386,30,0,8,30,8,,,,,,,,,
34,VISIT,2959,Random,EveryNode,5,19,15783,Node_379,31,0,11,31,11,,,,,,,,,
34,VISIT,2957,Random,EveryNode,5,20,15801,Node_445,31,0,10,31,10,,,,,,,,,
34,VISIT,2958,Random,EveryNode,5,20,15801,Node_388,30,0,7,30,7,,,,,,,,,
34,VISIT,2959,Random,EveryNode,5,20,15801,Node_445,31,0,10,31,10,,,,,,,,,
34,VISIT,2960,Random,EveryNode,5,19,15801,Node_394,28,0,5,28,5,,,,,,,,,
34,VISIT,2957,Random,EveryNode,5,21,15819,Node_447,31,0,9,31,9,,,,,,,,,
34,VISIT,2958,Random,EveryNode,5,21,15819,Node_390,30,0,6,30,6,,,,,,,,,
34,VISIT,2959,Random,EveryNode,5,21,15819,Node_447,31,0,9,31,9,,,,,,,,,
34,VISIT,2957,Random,EveryNode,5,22,15838,Node_449,31,0,8,31,8,,,,,,,,,
34,VISIT,2958,Random,EveryNode,5,22,15838,Node_392,30,0,5,30,5,,,,,,,,,
34,VISIT,2959,Random,EveryNode,5,22,15838,Node_445,31,0,10,31,10,,,,,,,,,
34,VISIT,2960,Random,EveryNode,5,20,15838,Node_392,30,0,5,30,5,,,,,,,,,
34,VISIT,2957,Random,EveryNode,5,23,15857,Node_447,31,0,9,31,9,,,,,,,,,
34,VISIT,2959,Random,EveryNode,5,23,15857,Node_447,31,0,9,31,9,,,,,,,,,
34,VISIT,2957,Random,EveryNode,5,24,15876,Node_449,31,0,8,31,8,,,,,,,,,
34,VISIT,2958,Random,EveryNode,5,23,15876,Node_394,28,0,5,28,5,,,,,,,,,
34,VISIT,2959,Random,EveryNode,5,24,15876,Node_449,31,0,8,31,8,,,,,,,,,
34,VISIT,2960,Random,EveryNode,5,21,15876,Node_394,28,0,5,28,5,,,,,,,,,
34,VISIT,2957,Random,EveryNode,5,25,15895,Node_452,31,0,7,31,7,,,,,,,,,
34,VISIT,2959,Random,EveryNode,5,25,15895,Node_447,31,0,9,31,9,,,,,,,,,
34,VISIT,2957,Random,EveryNode,5,26,15914,Node_454,31,0,6,31,6,,,,,,,,,
34,VISIT,2958,Random,EveryNode,5,24,15914,Node_392,30,0,5,30,5,,,,,,,,,
34,VISIT,2959,Random,EveryNode,5,26,15914,Node_449,31,0,8,31,8,,,,,,,,,
34,VISIT,2960,Random,EveryNode,5,22,15914,Node_392,30,0,5,30,5,,,,,,,,,
34,VISIT,2957,Random,EveryNode,5,27,15933,Node_390,30,0,6,30,6,,,,,,,,,
34,VISIT,2959,Random,EveryNode,5,27,15933,Node_452,31,0,7,31,7,,,,,,,,,
34,VISIT,2957,Random,EveryNode,5,28,15952,Node_392,30,0,5,30,5,,,,,,,,,
34,VISIT,2958,Random,EveryNode,5,25,15952,Node_394,28,0,5,28,5,,,,,,,,,
34,VISIT,2959,Random,EveryNode,5,28,15952,Node_454,31,0,6,31,6,,,,,,,,,
34,VISIT,2960,Random,EveryNode,5,23,15952,Node_394,28,0,5,28,5,,,,,,,,,
34,VISIT,2959,Random,EveryNode,5,29,15971,Node_390,30,0,6,30,6,,,,,,,,,
34,VISIT,2957,Random,EveryNode,5,29,15988,Node_394,28,0,5,28,5,,,,,,,,,
34,VISIT,2958,Random,EveryNode,5,26,15988,Node_395,28,0,3,28,3,,,,,,,,,
34,VISIT,2959,Random,EveryNode,5,30,15988,Node_392,30,0,5,30,5,,,,,,,,,
34,VISIT,2960,Random,EveryNode,5,24,15988,Node_395,28,0,3,28,3,,,,,,,,,
34,VISIT,2958,Random,EveryNode,5,27,16008,Node_396,28,0,2,28,2,,,,,,,,,
34,VISIT,2960,Random,EveryNode,5,25,16008,Node_396,28,0,2,28,2,,,,,,,,,
34,VISIT,2957,Random,EveryNode,5,30,16026,Node_395,28,0,3,28,3,,,,,,,,,
34,VISIT,2958,Random,EveryNode,5,28,16026,Node_489,29,0,2,29,2,,,,,,,,,
34,VISIT,2959,Random,EveryNode,5,31,16026,Node_394,28,0,5,28,5,,,,,,,,,
34,VISIT,2960,Random,EveryNode,5,26,16026,Node_489,29,0,2,29,2,,,,,,,,,
34,VISIT,2957,Random,EveryNode,5,31,16043,Node_487,29,0,3,29,3,,,,,,,,,
34,VISIT,2958,Random,EveryNode,5,29,16043,Node_492,29,0,1,29,1,,,,,,,,,
34,VISIT,2960,Random,EveryNode,5,27,16043,Node_487,29,0,3,29,3,,,,,,,,,
34,VISIT,2958,Random,EveryNode,5,30,16059,Node_489,29,0,2,29,2,,,,,,,,,
34,VISIT,2959,Random,EveryNode,5,32,16059,Node_392,30,0,5,30,5,,,,,,,,,
34,VISIT,2958,Random,EveryNode,5,31,16071,Node_492,29,0,1,29,1,,,,,,,,,
34,VISIT,2959,Random,EveryNode,5,33,16071,Node_390,30,0,6,30,6,,,,,,,,,
34,VISIT,2958,Random,EveryNode,5,32,16089,Node_495,28,0,1,28,1,,,,,,,,,
34,VISIT,2959,Random,EveryNode,5,34,16089,Node_392,30,0,5,30,5,,,,,,,,,
34,VISIT,2958,Random,EveryNode,5,33,16107,Node_501,28,0,0,28,0,,,,,,,,,
34,VISIT,2958,Random,EveryNode,5,34,16125,Node_333,27,0,0,27,0,,,,,,,,,
34,VISIT,2959,Random,EveryNode,5,35,16125,Node_394,28,0,5,28,5,,,,,,,,,
34,VISIT,2957,Random,EveryNode,5,32,16143,Node_498,32,0,6,32,6,,,,,,,,,
34,VISIT,2958,Random,EveryNode,5,35,16143,Node_335,27,0,-1,27,-1,,,,,,,,,
34,VISIT,2960,Random,EveryNode,5,28,16143,Node_498,32,0,6,32,6,,,,,,,,,
34,VISIT,2961,Random,EveryNode,5,0,16159,Node_6,19,0,12,19,12,,,,,,,,,
34,VISIT,2962,Random,EveryNode,5,0,16159,Node_7,19,0,8,19,8,,,,,,,,,
34,VISIT,2963,Random,EveryNode,5,0,16159,Node_8,17,0,10,17,10,,,,,,,,,
34,VISIT,2964,Random,EveryNode,5,0,16159,Node_9,21,0,10,21,10,,,,,,,,,
34,VISIT,2958,Random,EveryNode,5,36,16161,Node_338,27,0,-2,27,-2,,,,,,,,,
34,VISIT,2959,Random,EveryNode,5,36,16161,Node_395,28,0,3,28,3,,,,,,,,,
34,VISIT,2961,Random,EveryNode,5,1,16171,Node_2,19,0,11,19,11,,,,,,,,,
34,VISIT,2962,Random,EveryNode,5,1,16171,Node_3,19,0,9,19,9,,,,,,,,,
34,VISIT,2963,Random,EveryNode,5,1,16171,Node_4,18,0,10,18,10,,,,,,,,,
34,VISIT,2964,Random,EveryNode,5,1,16171,Node_47,21,0,9,21,9,,,,,,,,,
34,VISIT,2957,Random,EveryNode,5,33,16175,Node_499,33,0,7,33,7,,,,,,,,,
34,VISIT,2958,Random,EveryNode,5,37,16175,Node_340,27,0,-3,27,-3,,,,,,,,,
34,VISIT,2959,Random,EveryNode,5,37,16175,Node_396,28,0,2,28,2,,,,,,,,,
34,VISIT,2960,Random,EveryNode,5,29,16175,Node_499,33,0,7,33,7,,,,,,,,,
34,VISIT,2961,Random,EveryNode,5,2,16183,Node_20,19,0,10,19,10,,,,,,,,,
34,VISIT,2962,Random,EveryNode,5,2,16183,Node_48,20,0,9,20,9,,,,,,,,,
34,VISIT,2963,Random,EveryNode,5,2,16183,Node_15,18,0,9,18,9,,,,,,,,,
34,VISIT,2964,Random,EveryNode,5,2,16183,Node_70,22,0,9,22,9,,,,,,,,,
34,VISIT,2957,Random,EveryNode,5,34,16187,Node_529,33,0,6,33,6,,,,,,,,,
34,VISIT,2959,Random,EveryNode,5,38,16187,Node_495,28,0,1,28,1,,,,,,,,,
34,VISIT,2960,Random,EveryNode,5,30,16187,Node_460,32,0,7,32,7,,,,,,,,,
34,VISIT,2961,Random,EveryNode,5,3,16196,Node_3,19,0,9,19,9,,,,,,,,,
34,VISIT,2962,Random,EveryNode,5,3,16196,Node_47,21,0,9,21,9,,,,,,,,,
34,VISIT,2963,Random,EveryNode,5,3,16196,Node_3,19,0,9,19,9,,,,,,,,,
34,VISIT,2964,Random,EveryNode,5,3,16196,Node_87,23,0,9,23,9,,,,,,,,,
34,VISIT,2958,Random,EveryNode,5,38,16200,Node_504,26,0,-2,26,-2,,,,,,,,,
34,VISIT,2959,Random,EveryNode,5,39,16200,Node_330,27,0,1,27,1,,,,,,,,,
34,VISIT,2960,Random,EveryNode,5,31,16200,Node_498,32,0,6,32,6,,,,,,,,,
34,VISIT,2961,Random,EveryNode,5,4,16206,Node_7,19,0,8,19,8,,,,,,,,,
34,VISIT,2962,Random,EveryNode,5,4,16206,Node_49,21,0,8,21,8,,,,,,,,,
34,VISIT,2963,Random,EveryNode,5,4,16206,Node_7,19,0,8,19,8,,,,,,,,,
34,VISIT,2959,Random,EveryNode,5,40,16213,Node_333,27,0,0,27,0,,,,,,,,,
34,VISIT,2960,Random,EveryNode,5,32,16213,Node_528,32,0,5,32,5,,,,,,,,,
34,VISIT,2961,Random,EveryNode,5,5,16220,Node_3,19,0,9,19,9,,,,,,,,,
34,VISIT,2962,Random,EveryNode,5,5,16220,Node_47,21,0,9,21,9,,,,,,,,,
34,VISIT,2963,Random,EveryNode,5,5,16220,Node_3,19,0,9,19,9,,,,,,,,,
34,VISIT,2964,Random,EveryNode,5,4,16220,Node_206,25,0,9,25,9,,,,,,,,,
34,VISIT,2958,Random,EveryNode,5,39,16225,Node_343,24,0,-2,24,-2,,,,,,,,,
34,VISIT,2959,Random,EveryNode,5,41,16225,Node_335,27,0,-1,27,-1,,,,,,,,,
34,VISIT,2960,Random,EveryNode,5,33,16225,Node_531,33,0,5,33,5,,,,,,,,,
34,VISIT,2961,Random,EveryNode,5,6,16232,Node_48,20,0,9,20,9,,,,,,,,,
34,VISIT,2962,Random,EveryNode,5,6,16232,Node_70,22,0,9,22,9,,,,,,,,,
34,VISIT,2963,Random,EveryNode,5,6,16232,Node_48,20,0,9,20,9,,,,,,,,,
34,VISIT,2964,Random,EveryNode,5,5,16232,Node_246,26,0,9,26,9,,,,,,,,,
34,VISIT,2959,Random,EveryNode,5,42,16237,Node_502,28,0,-1,28,-1,,,,,,,,,
34,VISIT,2960,Random,EveryNode,5,34,16237,Node_528,32,0,5,32,5,,,,,,,,,
34,VISIT,2961,Random,EveryNode,5,7,16243,Node_47,21,0,9,21,9,,,,,,,,,
34,VISIT,2962,Random,EveryNode,5,7,16243,Node_87,23,0,9,23,9,,,,,,,,,
34,VISIT,2963,Random,EveryNode,5,7,16243,Node_47,21,0,9,21,9,,,,,,,,,
34,VISIT,2964,Random,EveryNode,5,6,16243,Node_368,27,0,9,27,9,,,,,,,,,
34,VISIT,2958,Random,EveryNode,5,40,16249,Node_504,26,0,-2,26,-2,,,,,,,,,
34,VISIT,2959,Random,EveryNode,5,43,16249,Node_503,28,0,-2,28,-2,,,,,,,,,
34,VISIT,2960,Random,EveryNode,5,35,16249,Node_527,32,0,4,32,4,,,,,,,,,
34,VISIT,2961,Random,EveryNode,5,8,16254,Node_70,22,0,9,22,9,,,,,,,,,
34,VISIT,2963,Random,EveryNode,5,8,16254,Node_70,22,0,9,22,9,,,,,,,,,
34,VISIT,2964,Random,EveryNode,5,7,16254,Node_374,28,0,9,28,9,,,,,,,,,
34,VISIT,2958,Random,EveryNode,5,41,16262,Node_338,27,0,-2,27,-2,,,,,,,,,
34,VISIT,2960,Random,EveryNode,5,36,16262,Node_532,33,0,4,33,4,,,,,,,,,
34,VISIT,2961,Random,EveryNode,5,9,16267,Node_87,23,0,9,23,9,,,,,,,,,
34,VISIT,2962,Random,EveryNode,5,8,16267,Node_206,25,0,9,25,9,,,,,,,,,
34,VISIT,2963,Random,EveryNode,5,9,16267,Node_87,23,0,9,23,9,,,,,,,,,
34,VISIT,2958,Random,EveryNode,5,42,16274,Node_504,26,0,-2,26,-2,,,,,,,,,
34,VISIT,2959,Random,EveryNode,5,44,16274,Node_511,29,0,-1,29,-1,,,,,,,,,
34,VISIT,2962,Random,EveryNode,5,9,16280,Node_207,25,0,8,25,8,,,,,,,,,
34,VISIT,2964,Random,EveryNode,5,8,16280,Node_376,30,0,9,30,9,,,,,,,,,
34,VISIT,2958,Random,EveryNode,5,43,16288,Node_338,27,0,-2,27,-2,,,,,,,,,
34,VISIT,2961,Random,EveryNode,5,10,16292,Node_206,25,0,9,25,9,,,,,,,,,
34,VISIT,2962,Random,EveryNode,5,10,16292,Node_208,25,0,7,25,7,,,,,,,,,
34,VISIT,2963,Random,EveryNode,5,10,16292,Node_206,25,0,9,25,9,,,,,,,,,
34,VISIT,2964,Random,EveryNode,5,9,16292,Node_377,30,0,10,30,10,,,,,,,,,
34,VISIT,2958,Random,EveryNode,5,44,16299,Node_340,27,0,-3,27,-3,,,,,,,,,
34,VISIT,2961,Random,EveryNode,5,11,16305,Node_207,25,0,8,25,8,,,,,,,,,
34,VISIT,2962,Random,EveryNode,5,11,16305,Node_209,25,0,6,25,6,,,,,,,,,
34,VISIT,2963,Random,EveryNode,5,11,16305,Node_207,25,0,8,25,8,,,,,,,,,
34,VISIT,2964,Random,EveryNode,5,10,16305,Node_378,30,0,11,30,11,,,,,,,,,
34,VISIT,2958,Random,EveryNode,5,45,16312,Node_338,27,0,-2,27,-2,,,,,,,,,
34,VISIT,2961,Random,EveryNode,5,12,16318,Node_208,25,0,7,25,7,,,,,,,,,
34,VISIT,2962,Random,EveryNode,5,12,16318,Node_210,25,0,5,25,5,,,,,,,,,
34,VISIT,2963,Random,EveryNode,5,12,16318,Node_208,25,0,7,25,7,,,,,,,,,
34,VISIT,2964,Random,EveryNode,5,11,16318,Node_379,31,0,11,31,11,,,,,,,,,
34,VISIT,2958,Random,EveryNode,5,46,16325,Node_335,27,0,-1,27,-1,,,,,,,,,
34,VISIT,2961,Random,EveryNode,5,13,16331,Node_209,25,0,6,25,6,,,,,,,,,
34,VISIT,2962,Random,EveryNode,5,13,16331,Node_250,26,0,5,26,5,,,,,,,,,
34,VISIT,2963,Random,EveryNode,5,13,16331,Node_209,25,0,6,25,6,,,,,,,,,
34,VISIT,2964,Random,EveryNode,5,12,16331,Node_443,31,0,12,31,12,,,,,,,,,
34,VISIT,2958,Random,EveryNode,5,47,16338,Node_338,27,0,-2,27,-2,,,,,,,,,
34,VISIT,2961,Random,EveryNode,5,14,16344,Node_210,25,0,5,25,5,,,,,,,,,
34,VISIT,2962,Random,EveryNode,5,14,16344,Node_255,27,0,5,27,5,,,,,,,,,
34,VISIT,2963,Random,EveryNode,5,14,16344,Node_210,25,0,5,25,5,,,,,,,,,
34,VISIT,2964,Random,EveryNode,5,13,16344,Node_441,31,0,13,31,13,,,,,,,,,
34,VISIT,2958,Random,EveryNode,5,48,16351,Node_335,27,0,-1,27,-1,,,,,,,,,
34,VISIT,2961,Random,EveryNode,5,15,16356,Node_250,26,0,5,26,5,,,,,,,,,
34,VISIT,2962,Random,EveryNode,5,15,16356,Node_394,28,0,5,28,5,,,,,,,,,
34,VISIT,2963,Random,EveryNode,5,15,16356,Node_250,26,0,5,26,5,,,,,,,,,
34,VISIT,2964,Random,EveryNode,5,14,16356,Node_464,32,0,13,32,13,,,,,,,,,
34,VISIT,2958,Random,EveryNode,5,49,16363,Node_338,27,0,-2,27,-2,,,,,,,,,
34,VISIT,2961,Random,EveryNode,5,16,16367,Node_255,27,0,5,27,5,,,,,,,,,
34,VISIT,2963,Random,EveryNode,5,16,16367,Node_255,27,0,5,27,5,,,,,,,,,
34,VISIT,2958,Random,EveryNode,5,50,16377,Node_340,27,0,-3,27,-3,,,,,,,,,
34,VISIT,2961,Random,EveryNode,5,17,16380,Node_394,28,0,5,28,5,,,,,,,,,
34,VISIT,2962,Random,EveryNode,5,16,16380,Node_395,28,0,3,28,3,,,,,,,,,
34,VISIT,2963,Random,EveryNode,5,17,16380,Node_394,28,0,5,28,5,,,,,,,,,
34,VISIT,2958,Random,EveryNode,5,51,16391,Node_338,27,0,-2,27,-2,,,,,,,,,
34,VISIT,2959,Random,EveryNode,5,45,16391,Node_537,29,0,-2,29,-2,,,,,,,,,
34,VISIT,2962,Random,EveryNode,5,17,16395,Node_396,28,0,2,28,2,,,,,,,,,
34,VISIT,2958,Random,EveryNode,5,52,16408,Node_340,27,0,-3,27,-3,,,,,,,,,
34,VISIT,2959,Random,EveryNode,5,46,16408,Node_541,30,0,-2,30,-2,,,,,,,,,
34,VISIT,2961,Random,EveryNode,5,18,16412,Node_395,28,0,3,28,3,,,,,,,,,
34,VISIT,2962,Random,EveryNode,5,18,16412,Node_495,28,0,1,28,1,,,,,,,,,
34,VISIT,2963,Random,EveryNode,5,18,16412,Node_395,28,0,3,28,3,,,,,,,,,
34,VISIT,2958,Random,EveryNode,5,53,16424,Node_338,27,0,-2,27,-2,,,,,,,,,
34,VISIT,2961,Random,EveryNode,5,19,16429,Node_487,29,0,3,29,3,,,,,,,,,
34,VISIT,2962,Random,EveryNode,5,19,16429,Node_492,29,0,1,29,1,,,,,,,,,
34,VISIT,2963,Random,EveryNode,5,19,16429,Node_396,28,0,2,28,2,,,,,,,,,
34,VISIT,2964,Random,EveryNode,5,15,16429,Node_522,35,0,15,35,15,,,,,,,,,
34,VISIT,2958,Random,EveryNode,5,54,16441,Node_503,28,0,-2,28,-2,,,,,,,,,
34,VISIT,2962,Random,EveryNode,5,20,16447,Node_489,29,0,2,29,2,,,,,,,,,
34,VISIT,2963,Random,EveryNode,5,20,16447,Node_395,28,0,3,28,3,,,,,,,,,
34,VISIT,2964,Random,EveryNode,5,16,16447,Node_523,35,0,16,35,16,,,,,,,,,
34,VISIT,2958,Random,EveryNode,5,55,16458,Node_338,27,0,-2,27,-2,,,,,,,,,
34,VISIT,2962,Random,EveryNode,5,21,16464,Node_487,29,0,3,29,3,,,,,,,,,
34,VISIT,2963,Random,EveryNode,5,21,16464,Node_487,29,0,3,29,3,,,,,,,,,
34,VISIT,2958,Random,EveryNode,5,56,16475,Node_340,27,0,-3,27,-3,,,,,,,,,
34,VISIT,2961,Random,EveryNode,5,20,16480,Node_526,32,0,3,32,3,,,,,,,,,
34,VISIT,2958,Random,EveryNode,5,57,16492,Node_338,27,0,-2,27,-2,,,,,,,,,
34,VISIT,2961,Random,EveryNode,5,21,16497,Node_533,33,0,3,33,3,,,,,,,,,
34,VISIT,2958,Random,EveryNode,5,58,16510,Node_503,28,0,-2,28,-2,,,,,,,,,
34,VISIT,2961,Random,EveryNode,5,22,16515,Node_540,34,0,3,34,3,,,,,,,,,
34,VISIT,2962,Random,EveryNode,5,22,16515,Node_526,32,0,3,32,3,,,,,,,,,
34,VISIT,2963,Random,EveryNode,5,22,16515,Node_526,32,0,3,32,3,,,,,,,,,
34,VISIT,2958,Random,EveryNode,5,59,16527,Node_537,29,0,-2,29,-2,,,,,,,,,
34,VISIT,2962,Random,EveryNode,5,23,16532,Node_533,33,0,3,33,3,,,,,,,,,
34,VISIT,2963,Random,EveryNode,5,23,16532,Node_533,33,0,3,33,3,,,,,,,,,
34,VISIT,2958,Random,EveryNode,5,60,16544,Node_541,30,0,-2,30,-2,,,,,,,,,
34,VISIT,2962,Random,EveryNode,5,24,16549,Node_532,33,0,4,33,4,,,,,,,,,
34,VISIT,2963,Random,EveryNode,5,24,16549,Node_540,34,0,3,34,3,,,,,,,,,
34,VISIT,2958,Random,EveryNode,5,61,16562,Node_537,29,0,-2,29,-2,,,,,,,,,
34,VISIT,2961,Random,EveryNode,5,23,16567,Node_538,34,0,4,34,4,,,,,,,,,
34,VISIT,2962,Random,EveryNode,5,25,16567,Node_538,34,0,4,34,4,,,,,,,,,
34,VISIT,2963,Random,EveryNode,5,25,16567,Node_542,34,0,2,34,2,,,,,,,,,
34,VISIT,2958,Random,EveryNode,5,62,16579,Node_553,29,0,-3,29,-3,,,,,,,,,
34,VISIT,2961,Random,EveryNode,5,24,16584,Node_540,34,0,3,34,3,,,,,,,,,
34,VISIT,2962,Random,EveryNode,5,26,16584,Node_566,35,0,4,35,4,,,,,,,,,
34,VISIT,2963,Random,EveryNode,5,26,16584,Node_534,33,0,2,33,2,,,,,,,,,
34,VISIT,2958,Random,EveryNode,5,63,16597,Node_543,30,0,-3,30,-3,,,,,,,,,
34,VISIT,2961,Random,EveryNode,5,25,16602,Node_533,33,0,3,33,3,,,,,,,,,
34,VISIT,2963,Random,EveryNode,5,27,16602,Node_535,33,0,1,33,1,,,,,,,,,
34,VISIT,2961,Random,EveryNode,5,26,16620,Node_534,33,0,2,33,2,,,,,,,,,
34,VISIT,2958,Random,EveryNode,5,64,16633,Node_559,31,0,-2,31,-2,,,,,,,,,
34,VISIT,2961,Random,EveryNode,5,27,16638,Node_542,34,0,2,34,2,,,,,,,,,
34,VISIT,2962,Random,EveryNode,5,27,16638,Node_564,35,0,3,35,3,,,,,,,,,
34,VISIT,2961,Random,EveryNode,5,28,16654,Node_544,34,0,1,34,1,,,,,,,,,
34,VISIT,2962,Random,EveryNode,5,28,16654,Node_540,34,0,3,34,3,,,,,,,,,
34,VISIT,2958,Random,EveryNode,5,65,16664,Node_575,31,0,0,31,0,,,,,,,,,
34,VISIT,2961,Random,EveryNode,5,29,16669,Node_535,33,0,1,33,1,,,,,,,,,
34,VISIT,2962,Random,EveryNode,5,29,16669,Node_542,34,0,2,34,2,,,,,,,,,
34,VISIT,2958,Random,EveryNode,5,66,16676,Node_576,31,0,1,31,1,,,,,,,,,
34,VISIT,2961,Random,EveryNode,5,30,16682,Node_544,34,0,1,34,1,,,,,,,,,
34,VISIT,2962,Random,EveryNode,5,30,16682,Node_544,34,0,1,34,1,,,,,,,,,
34,VISIT,2963,Random,EveryNode,5,28,16682,Node_572,32,0,1,32,1,,,,,,,,,
34,VISIT,2958,Random,EveryNode,5,67,16692,Node_572,32,0,1,32,1,,,,,,,,,
34,VISIT,2961,Random,EveryNode,5,31,16696,Node_535,33,0,1,33,1,,,,,,,,,
34,VISIT,2962,Random,EveryNode,5,31,16696,Node_546,34,0,0,34,0,,,,,,,,,
34,VISIT,2963,Random,EveryNode,5,29,16696,Node_535,33,0,1,33,1,,,,,,,,,
34,VISIT,2958,Random,EveryNode,5,68,16704,Node_535,33,0,1,33,1,,,,,,,,,
34,VISIT,2961,Random,EveryNode,5,32,16708,Node_544,34,0,1,34,1,,,,,,,,,
34,VISIT,2962,Random,EveryNode,5,32,16708,Node_536,33,0,0,33,0,,,,,,,,,
34,VISIT,2963,Random,EveryNode,5,30,16708,Node_572,32,0,1,32,1,,,,,,,,,
34,VISIT,2958,Random,EveryNode,5,69,16721,Node_544,34,0,1,34,1,,,,,,,,,
34,VISIT,2961,Random,EveryNode,5,33,16725,Node_546,34,0,0,34,0,,,,,,,,,
34,VISIT,2963,Random,EveryNode,5,31,16725,Node_535,33,0,1,33,1,,,,,,,,,
34,VISIT,2958,Random,EveryNode,5,70,16737,Node_546,34,0,0,34,0,,,,,,,,,
34,VISIT,2963,Random,EveryNode,5,32,16742,Node_536,33,0,0,33,0,,,,,,,,,
34,VISIT,2958,Random,EveryNode,5,71,16753,Node_578,35,0,0,35,0,,,,,,,,,
34,VISIT,2965,Random,EveryNode,5,0,16756,Node_6,19,0,12,19,12,,,,,,,,,
34,VISIT,2966,Random,EveryNode,5,0,16756,Node_7,19,0,8,19,8,,,,,,,,,
34,VISIT,2967,Random,EveryNode,5,0,16756,Node_8,17,0,10,17,10,,,,,,,,,
34,VISIT,2968,Random,EveryNode,5,0,16756,Node_9,21,0,10,21,10,,,,,,,,,
34,VISIT,2963,Random,EveryNode,5,33,16758,Node_573,32,0,0,32,0,,,,,,,,,
34,VISIT,2958,Random,EveryNode,5,72,16761,Node_580,35,0,-1,35,-1,,,,,,,,,
34,VISIT,2965,Random,EveryNode,5,1,16764,Node_2,19,0,11,19,11,,,,,,,,,
34,VISIT,2966,Random,EveryNode,5,1,16764,Node_46,20,0,8,20,8,,,,,,,,,
34,VISIT,2967,Random,EveryNode,5,1,16764,Node_4,18,0,10,18,10,,,,,,,,,
34,VISIT,2968,Random,EveryNode,5,1,16764,Node_47,21,0,9,21,9,,,,,,,,,
34,VISIT,2961,Random,EveryNode,5,34,16768,Node_548,34,0,-1,34,-1,,,,,,,,,
34,VISIT,2963,Random,EveryNode,5,34,16768,Node_536,33,0,0,33,0,,,,,,,,,
34,VISIT,2958,Random,EveryNode,5,73,16769,Node_548,34,0,-1,34,-1,,,,,,,,,
34,VISIT,2965,Random,EveryNode,5,2,16772,Node_20,19,0,10,19,10,,,,,,,,,
34,VISIT,2966,Random,EveryNode,5,2,16772,Node_49,21,0,8,21,8,,,,,,,,,
34,VISIT,2967,Random,EveryNode,5,2,16772,Node_15,18,0,9,18,9,,,,,,,,,
34,VISIT,2968,Random,EveryNode,5,2,16772,Node_70,22,0,9,22,9,,,,,,,,,
34,VISIT,2961,Random,EveryNode,5,35,16776,Node_577,33,0,-1,33,-1,,,,,,,,,
34,VISIT,2963,Random,EveryNode,5,35,16776,Node_546,34,0,0,34,0,,,,,,,,,
34,VISIT,2958,Random,EveryNode,5,74,16777,Node_577,33,0,-1,33,-1,,,,,,,,,
34,VISIT,2965,Random,EveryNode,5,3,16780,Node_3,19,0,9,19,9,,,,,,,,,
34,VISIT,2966,Random,EveryNode,5,3,16780,Node_50,21,0,7,21,7,,,,,,,,,
34,VISIT,2967,Random,EveryNode,5,3,16780,Node_3,19,0,9,19,9,,,,,,,,,
34,VISIT,2968,Random,EveryNode,5,3,16780,Node_87,23,0,9,23,9,,,,,,,,,
34,VISIT,2961,Random,EveryNode,5,36,16784,Node_548,34,0,-1,34,-1,,,,,,,,,
34,VISIT,2963,Random,EveryNode,5,36,16784,Node_578,35,0,0,35,0,,,,,,,,,
34,VISIT,2958,Random,EveryNode,5,75,16785,Node_536,33,0,0,33,0,,,,,,,,,
34,VISIT,2965,Random,EveryNode,5,4,16788,Node_48,20,0,9,20,9,,,,,,,,,
34,VISIT,2966,Random,EveryNode,5,4,16788,Node_51,21,0,6,21,6,,,,,,,,,
34,VISIT,2967,Random,EveryNode,5,4,16788,Node_48,20,0,9,20,9,,,,,,,,,
34,VISIT,2961,Random,EveryNode,5,37,16794,Node_550,34,0,-2,34,-2,,,,,,,,,
34,VISIT,2958,Random,EveryNode,5,76,16795,Node_577,33,0,-1,33,-1,,,,,,,,,
34,VISIT,2965,Random,EveryNode,5,5,16798,Node_47,21,0,9,21,9,,,,,,,,,
34,VISIT,2966,Random,EveryNode,5,5,16798,Node_53,21,0,5,21,5,,,,,,,,,
34,VISIT,2967,Random,EveryNode,5,5,16798,Node_47,21,0,9,21,9,,,,,,,,,
34,VISIT,2968,Random,EveryNode,5,4,16798,Node_206,25,0,9,25,9,,,,,,,,,
34,VISIT,2961,Random,EveryNode,5,38,16802,Node_579,33,0,-2,33,-2,,,,,,,,,
34,VISIT,2962,Random,EveryNode,5,33,16802,Node_547,30,0,-5,30,-5,,,,,,,,,
34,VISIT,2958,Random,EveryNode,5,77,16804,Node_548,34,0,-1,34,-1,,,,,,,,,
34,VISIT,2965,Random,EveryNode,5,6,16807,Node_70,22,0,9,22,9,,,,,,,,,
34,VISIT,2966,Random,EveryNode,5,6,16807,Node_121,22,0,5,22,5,,,,,,,,,
34,VISIT,2967,Random,EveryNode,5,6,16807,Node_70,22,0,9,22,9,,,,,,,,,
34,VISIT,2968,Random,EveryNode,5,5,16807,Node_207,25,0,8,25,8,,,,,,,,,
34,VISIT,2961,Random,EveryNode,5,39,16812,Node_577,33,0,-1,33,-1,,,,,,,,,
34,VISIT,2958,Random,EveryNode,5,78,16814,Node_550,34,0,-2,34,-2,,,,,,,,,
34,VISIT,2965,Random,EveryNode,5,7,16816,Node_87,23,0,9,23,9,,,,,,,,,
34,VISIT,2966,Random,EveryNode,5,7,16816,Node_304,23,0,5,23,5,,,,,,,,,
34,VISIT,2967,Random,EveryNode,5,7,16816,Node_87,23,0,9,23,9,,,,,,,,,
34,VISIT,2968,Random,EveryNode,5,6,16816,Node_208,25,0,7,25,7,,,,,,,,,
34,VISIT,2961,Random,EveryNode,5,40,16821,Node_579,33,0,-2,33,-2,,,,,,,,,
34,VISIT,2958,Random,EveryNode,5,79,16823,Node_548,34,0,-1,34,-1,,,,,,,,,
34,VISIT,2966,Random,EveryNode,5,8,16826,Node_212,24,0,5,24,5,,,,,,,,,
34,VISIT,2968,Random,EveryNode,5,7,16826,Node_209,25,0,6,25,6,,,,,,,,,
34,VISIT,2961,Random,EveryNode,5,41,16834,Node_577,33,0,-1,33,-1,,,,,,,,,
34,VISIT,2962,Random,EveryNode,5,34,16834,Node_583,33,0,-5,33,-5,,,,,,,,,
34,VISIT,2958,Random,EveryNode,5,80,16836,Node_546,34,0,0,34,0,,,,,,,,,
34,VISIT,2965,Random,EveryNode,5,8,16839,Node_206,25,0,9,25,9,,,,,,,,,
34,VISIT,2966,Random,EveryNode,5,9,16839,Node_210,25,0,5,25,5,,,,,,,,,
34,VISIT,2967,Random,EveryNode,5,8,16839,Node_206,25,0,9,25,9,,,,,,,,,
34,VISIT,2968,Random,EveryNode,5,8,16839,Node_210,25,0,5,25,5,,,,,,,,,
34,VISIT,2961,Random,EveryNode,5,42,16843,Node_579,33,0,-2,33,-2,,,,,,,,,
34,VISIT,2962,Random,EveryNode,5,35,16843,Node_556,34,0,-5,34,-5,,,,,,,,,
34,VISIT,2958,Random,EveryNode,5,81,16845,Node_544,34,0,1,34,1,,,,,,,,,
34,VISIT,2965,Random,EveryNode,5,9,16848,Node_207,25,0,8,25,8,,,,,,,,,
34,VISIT,2966,Random,EveryNode,5,10,16848,Node_250,26,0,5,26,5,,,,,,,,,
34,VISIT,2967,Random,EveryNode,5,9,16848,Node_207,25,0,8,25,8,,,,,,,,,
34,VISIT,2968,Random,EveryNode,5,9,16848,Node_250,26,0,5,26,5,,,,,,,,,
34,VISIT,2961,Random,EveryNode,5,43,16852,Node_581,33,0,-3,33,-3,,,,,,,,,
34,VISIT,2958,Random,EveryNode,5,82,16854,Node_546,34,0,0,34,0,,,,,,,,,
34,VISIT,2965,Random,EveryNode,5,10,16857,Node_208,25,0,7,25,7,,,,,,,,,
34,VISIT,2966,Random,EveryNode,5,11,16857,Node_255,27,0,5,27,5,,,,,,,,,
34,VISIT,2967,Random,EveryNode,5,10,16857,Node_208,25,0,7,25,7,,,,,,,,,
34,VISIT,2968,Random,EveryNode,5,10,16857,Node_255,27,0,5,27,5,,,,,,,,,
34,VISIT,2961,Random,EveryNode,5,44,16861,Node_552,34,0,-3,34,-3,,,,,,,,,
34,VISIT,2958,Random,EveryNode,5,83,16863,Node_578,35,0,0,35,0,,,,,,,,,
34,VISIT,2965,Random,EveryNode,5,11,16866,Node_209,25,0,6,25,6,,,,,,,,,
34,VISIT,2966,Random,EveryNode,5,12,16866,Node_394,28,0,5,28,5,,,,,,,,,
34,VISIT,2967,Random,EveryNode,5,11,16866,Node_209,25,0,6,25,6,,,,,,,,,
34,VISIT,2968,Random,EveryNode,5,11,16866,Node_394,28,0,5,28,5,,,,,,,,,
34,VISIT,2961,Random,EveryNode,5,45,16870,Node_554,34,0,-4,34,-4,,,,,,,,,
34,VISIT,2962,Random,EveryNode,5,36,16870,Node_554,34,0,-4,34,-4,,,,,,,,,
34,VISIT,2965,Random,EveryNode,5,12,16876,Node_210,25,0,5,25,5,,,,,,,,,
34,VISIT,2967,Random,EveryNode,5,12,16876,Node_210,25,0,5,25,5,,,,,,,,,
34,VISIT,2961,Random,EveryNode,5,46,16884,Node_582,33,0,-4,33,-4,,,,,,,,,
34,VISIT,2962,Random,EveryNode,5,37,16884,Node_582,33,0,-4,33,-4,,,,,,,,,
34,VISIT,2958,Random,EveryNode,5,84,16886,Node_584,37,0,0,37,0,,,,,,,,,
34,VISIT,2965,Random,EveryNode,5,13,16890,Node_250,26,0,5,26,5,,,,,,,,,
34,VISIT,2966,Random,EveryNode,5,13,16890,Node_395,28,0,3,28,3,,,,,,,,,
34,VISIT,2967,Random,EveryNode,5,13,16890,Node_250,26,0,5,26,5,,,,,,,,,
34,VISIT,2968,Random,EveryNode,5,12,16890,Node_395,28,0,3,28,3,,,,,,,,,
34,VISIT,2961,Random,EveryNode,5,47,16897,Node_583,33,0,-5,33,-5,,,,,,,,,
34,VISIT,2962,Random,EveryNode,5,38,16897,Node_583,33,0,-5,33,-5,,,,,,,,,
34,VISIT,2965,Random,EveryNode,5,14,16904,Node_255,27,0,5,27,5,,,,,,,,,
34,VISIT,2966,Random,EveryNode,5,14,16904,Node_487,29,0,3,29,3,,,,,,,,,
34,VISIT,2967,Random,EveryNode,5,14,16904,Node_255,27,0,5,27,5,,,,,,,,,
34,VISIT,2968,Random,EveryNode,5,13,16904,Node_396,28,0,2,28,2,,,,,,,,,
34,VISIT,2961,Random,EveryNode,5,48,16911,Node_582,33,0,-4,33,-4,,,,,,,,,
34,VISIT,2962,Random,EveryNode,5,39,16911,Node_556,34,0,-5,34,-5,,,,,,,,,
34,VISIT,2965,Random,EveryNode,5,15,16918,Node_394,28,0,5,28,5,,,,,,,,,
34,VISIT,2967,Random,EveryNode,5,15,16918,Node_394,28,0,5,28,5,,,,,,,,,
34,VISIT,2968,Random,EveryNode,5,14,16918,Node_495,28,0,1,28,1,,,,,,,,,
34,VISIT,2961,Random,EveryNode,5,49,16926,Node_583,33,0,-5,33,-5,,,,,,,,,
34,VISIT,2962,Random,EveryNode,5,40,16926,Node_583,33,0,-5,33,-5,,,,,,,,,
34,VISIT,2968,Random,EveryNode,5,15,16933,Node_330,27,0,1,27,1,,,,,,,,,
34,VISIT,2965,Random,EveryNode,5,16,16950,Node_395,28,0,3,28,3,,,,,,,,,
34,VISIT,2966,Random,EveryNode,5,15,16950,Node_526,32,0,3,32,3,,,,,,,,,
34,VISIT,2967,Random,EveryNode,5,16,16950,Node_395,28,0,3,28,3,,,,,,,,,
34,VISIT,2968,Random,EveryNode,5,16,16950,Node_333,27,0,0,27,0,,,,,,,,,
34,VISIT,2965,Random,EveryNode,5,17,16966,Node_396,28,0,2,28,2,,,,,,,,,
34,VISIT,2966,Random,EveryNode,5,16,16966,Node_533,33,0,3,33,3,,,,,,,,,
34,VISIT,2967,Random,EveryNode,5,17,16966,Node_396,28,0,2,28,2,,,,,,,,,
34,VISIT,2968,Random,EveryNode,5,17,16966,Node_335,27,0,-1,27,-1,,,,,,,,,
34,VISIT,2961,Random,EveryNode,5,50,16975,Node_547,30,0,-5,30,-5,,,,,,,,,
34,VISIT,2962,Random,EveryNode,5,41,16975,Node_547,30,0,-5,30,-5,,,,,,,,,
34,VISIT,2965,Random,EveryNode,5,18,16982,Node_495,28,0,1,28,1,,,,,,,,,
34,VISIT,2966,Random,EveryNode,5,17,16982,Node_534,33,0,2,33,2,,,,,,,,,
34,VISIT,2967,Random,EveryNode,5,18,16982,Node_495,28,0,1,28,1,,,,,,,,,
34,VISIT,2968,Random,EveryNode,5,18,16982,Node_502,28,0,-1,28,-1,,,,,,,,,
34,VISIT,2962,Random,EveryNode,5,42,16991,Node_545,30,0,-4,30,-4,,,,,,,,,
34,VISIT,2965,Random,EveryNode,5,19,16998,Node_501,28,0,0,28,0,,,,,,,,,
34,VISIT,2966,Random,EveryNode,5,18,16998,Node_533,33,0,3,33,3,,,,,,,,,
34,VISIT,2967,Random,EveryNode,5,19,16998,Node_501,28,0,0,28,0,,,,,,,,,
34,VISIT,2968,Random,EveryNode,5,19,16998,Node_503,28,0,-2,28,-2,,,,,,,,,
34,VISIT,2962,Random,EveryNode,5,43,17007,Node_551,29,0,-4,29,-4,,,,,,,,,
34,VISIT,2965,Random,EveryNode,5,20,17013,Node_502,28,0,-1,28,-1,,,,,,,,,
34,VISIT,2966,Random,EveryNode,5,19,17013,Node_534,33,0,2,33,2,,,,,,,,,
34,VISIT,2967,Random,EveryNode,5,20,17013,Node_502,28,0,-1,28,-1,,,,,,,,,
34,VISIT,2968,Random,EveryNode,5,20,17013,Node_537,29,0,-2,29,-2,,,,,,,,,
34,VISIT,2961,Random,EveryNode,5,51,17019,Node_583,33,0,-5,33,-5,,,,,,,,,
34,VISIT,2962,Random,EveryNode,5,44,17019,Node_553,29,0,-3,29,-3,,,,,,,,,
34,VISIT,2965,Random,EveryNode,5,21,17030,Node_503,28,0,-2,28,-2,,,,,,,,,
34,VISIT,2966,Random,EveryNode,5,20,17030,Node_535,33,0,1,33,1,,,,,,,,,
34,VISIT,2967,Random,EveryNode,5,21,17030,Node_503,28,0,-2,28,-2,,,,,,,,,
34,VISIT,2968,Random,EveryNode,5,21,17030,Node_503,28,0,-2,28,-2,,,,,,,,,
34,VISIT,2962,Random,EveryNode,5,45,17036,Node_537,29,0,-2,29,-2,,,,,,,,,
34,VISIT,2965,Random,EveryNode,5,22,17047,Node_338,27,0,-2,27,-2,,,,,,,,,
34,VISIT,2966,Random,EveryNode,5,21,17047,Node_534,33,0,2,33,2,,,,,,,,,
34,VISIT,2967,Random,EveryNode,5,22,17047,Node_338,27,0,-2,27,-2,,,,,,,,,
34,VISIT,2968,Random,EveryNode,5,22,17047,Node_338,27,0,-2,27,-2,,,,,,,,,
34,VISIT,2962,Random,EveryNode,5,46,17053,Node_503,28,0,-2,28,-2,,,,,,,,,
34,VISIT,2965,Random,EveryNode,5,23,17064,Node_503,28,0,-2,28,-2,,,,,,,,,
34,VISIT,2966,Random,EveryNode,5,22,17064,Node_535,33,0,1,33,1,,,,,,,,,
34,VISIT,2967,Random,EveryNode,5,23,17064,Node_340,27,0,-3,27,-3,,,,,,,,,
34,VISIT,2968,Random,EveryNode,5,23,17064,Node_340,27,0,-3,27,-3,,,,,,,,,
34,VISIT,2961,Random,EveryNode,5,52,17070,Node_547,30,0,-5,30,-5,,,,,,,,,
34,VISIT,2962,Random,EveryNode,5,47,17070,Node_537,29,0,-2,29,-2,,,,,,,,,
34,VISIT,2965,Random,EveryNode,5,24,17081,Node_537,29,0,-2,29,-2,,,,,,,,,
34,VISIT,2966,Random,EveryNode,5,23,17081,Node_536,33,0,0,33,0,,,,,,,,,
34,VISIT,2967,Random,EveryNode,5,24,17081,Node_338,27,0,-2,27,-2,,,,,,,,,
34,VISIT,2968,Random,EveryNode,5,24,17081,Node_342,27,0,-4,27,-4,,,,,,,,,
34,VISIT,2962,Random,EveryNode,5,48,17087,Node_503,28,0,-2,28,-2,,,,,,,,,
34,VISIT,2965,Random,EveryNode,5,25,17098,Node_541,30,0,-2,30,-2,,,,,,,,,
34,VISIT,2966,Random,EveryNode,5,24,17098,Node_546,34,0,0,34,0,,,,,,,,,
34,VISIT,2967,Random,EveryNode,5,25,17098,Node_340,27,0,-3,27,-3,,,,,,,,,
34,VISIT,2968,Random,EveryNode,5,25,17098,Node_350,26,0,-4,26,-4,,,,,,,,,
34,VISIT,2962,Random,EveryNode,5,49,17104,Node_338,27,0,-2,27,-2,,,,,,,,,
34,VISIT,2965,Random,EveryNode,5,26,17115,Node_543,30,0,-3,30,-3,,,,,,,,,
34,VISIT,2966,Random,EveryNode,5,25,17115,Node_578,35,0,0,35,0,,,,,,,,,
34,VISIT,2967,Random,EveryNode,5,26,17115,Node_530,26,0,-3,26,-3,,,,,,,,,
34,VISIT,2968,Random,EveryNode,5,26,17115,Node_530,26,0,-3,26,-3,,,,,,,,,
34,VISIT,2961,Random,EveryNode,5,53,17121,Node_583,33,0,-5,33,-5,,,,,,,,,
34,VISIT,2962,Random,EveryNode,5,50,17121,Node_503,28,0,-2,28,-2,,,,,,,,,
34,VISIT,2965,Random,EveryNode,5,27,17132,Node_545,30,0,-4,30,-4,,,,,,,,,
34,VISIT,2967,Random,EveryNode,5,27,17132,Node_350,26,0,-4,26,-4,,,,,,,,,
34,VISIT,2968,Random,EveryNode,5,27,17132,Node_340,27,0,-3,27,-3,,,,,,,,,
34,VISIT,2961,Random,EveryNode,5,54,17138,Node_556,34,0,-5,34,-5,,,,,,,,,
34,VISIT,2962,Random,EveryNode,5,51,17138,Node_502,28,0,-1,28,-1,,,,,,,,,
34,VISIT,2965,Random,EveryNode,5,28,17149,Node_543,30,0,-3,30,-3,,,,,,,,,
34,VISIT,2966,Random,EveryNode,5,26,17149,Node_584,37,0,0,37,0,,,,,,,,,
34,VISIT,2967,Random,EveryNode,5,28,17149,Node_530,26,0,-3,26,-3,,,,,,,,,
34,VISIT,2968,Random,EveryNode,5,28,17149,Node_338,27,0,-2,27,-2,,,,,,,,,
34,VISIT,2961,Random,EveryNode,5,55,17155,Node_589,35,0,-5,35,-5,,,,,,,,,
34,VISIT,2962,Random,EveryNode,5,52,17155,Node_503,28,0,-2,28,-2,,,,,,,,,
34,VISIT,2965,Random,EveryNode,5,29,17166,Node_541,30,0,-2,30,-2,,,,,,,,,
34,VISIT,2967,Random,EveryNode,5,29,17166,Node_340,27,0,-3,27,-3,,,,,,,,,
34,VISIT,2968,Random,EveryNode,5,29,17166,Node_503,28,0,-2,28,-2,,,,,,,,,
34,VISIT,2961,Random,EveryNode,5,56,17172,Node_597,36,0,-5,36,-5,,,,,,,,,
34,VISIT,2962,Random,EveryNode,5,53,17172,Node_502,28,0,-1,28,-1,,,,,,,,,
34,VISIT,2965,Random,EveryNode,5,30,17183,Node_559,31,0,-2,31,-2,,,,,,,,,
34,VISIT,2967,Random,EveryNode,5,30,17183,Node_338,27,0,-2,27,-2,,,,,,,,,
34,VISIT,2968,Random,EveryNode,5,30,17183,Node_338,27,0,-2,27,-2,,,,,,,,,
34,VISIT,2961,Random,EveryNode,5,57,17189,Node_589,35,0,-5,35,-5,,,,,,,,,
34,VISIT,2962,Random,EveryNode,5,54,17189,Node_503,28,0,-2,28,-2,,,,,,,,,
34,VISIT,2965,Random,EveryNode,5,31,17200,Node_541,30,0,-2,30,-2,,,,,,,,,
34,VISIT,2967,Random,EveryNode,5,31,17200,Node_340,27,0,-3,27,-3,,,,,,,,,
34,VISIT,2968,Random,EveryNode,5,31,17200,Node_340,27,0,-3,27,-3,,,,,,,,,
34,VISIT,2961,Random,EveryNode,5,58,17206,Node_597,36,0,-5,36,-5,,,,,,,,,
34,VISIT,2962,Random,EveryNode,5,55,17206,Node_338,27,0,-2,27,-2,,,,,,,,,
34,VISIT,2965,Random,EveryNode,5,32,17217,Node_559,31,0,-2,31,-2,,,,,,,,,
34,VISIT,2967,Random,EveryNode,5,32,17217,Node_338,27,0,-2,27,-2,,,,,,,,,
34,VISIT,2968,Random,EveryNode,5,32,17217,Node_338,27,0,-2,27,-2,,,,,,,,,
34,VISIT,2961,Random,EveryNode,5,59,17223,Node_596,37,0,-5,37,-5,,,,,,,,,
34,VISIT,2962,Random,EveryNode,5,56,17223,Node_340,27,0,-3,27,-3,,,,,,,,,
34,VISIT,2965,Random,EveryNode,5,33,17234,Node_541,30,0,-2,30,-2,,,,,,,,,
34,VISIT,2966,Random,EveryNode,5,27,17234,Node_587,37,0,3,37,3,,,,,,,,,
34,VISIT,2967,Random,EveryNode,5,33,17234,Node_503,28,0,-2,28,-2,,,,,,,,,
34,VISIT,2968,Random,EveryNode,5,33,17234,Node_335,27,0,-1,27,-1,,,,,,,,,
34,VISIT,2962,Random,EveryNode,5,57,17240,Node_338,27,0,-2,27,-2,,,,,,,,,
34,VISIT,2965,Random,EveryNode,5,34,17251,Node_559,31,0,-2,31,-2,,,,,,,,,
34,VISIT,2966,Random,EveryNode,5,28,17251,Node_571,36,0,3,36,3,,,,,,,,,
34,VISIT,2967,Random,EveryNode,5,34,17251,Node_502,28,0,-1,28,-1,,,,,,,,,
34,VISIT,2968,Random,EveryNode,5,34,17251,Node_338,27,0,-2,27,-2,,,,,,,,,
34,VISIT,2962,Random,EveryNode,5,58,17257,Node_335,27,0,-1,27,-1,,,,,,,,,
34,VISIT,2965,Random,EveryNode,5,35,17268,Node_541,30,0,-2,30,-2,,,,,,,,,
34,VISIT,2966,Random,EveryNode,5,29,17268,Node_587,37,0,3,37,3,,,,,,,,,
34,VISIT,2967,Random,EveryNode,5,35,17268,Node_503,28,0,-2,28,-2,,,,,,,,,
34,VISIT,2968,Random,EveryNode,5,35,17268,Node_504,26,0,-2,26,-2,,,,,,,,,
34,VISIT,2962,Random,EveryNode,5,59,17274,Node_502,28,0,-1,28,-1,,,,,,,,,
34,VISIT,2965,Random,EveryNode,5,36,17285,Node_559,31,0,-2,31,-2,,,,,,,,,
34,VISIT,2966,Random,EveryNode,5,30,17285,Node_586,37,0,2,37,2,,,,,,,,,
34,VISIT,2967,Random,EveryNode,5,36,17285,Node_537,29,0,-2,29,-2,,,,,,,,,
34,VISIT,2968,Random,EveryNode,5,36,17285,Node_338,27,0,-2,27,-2,,,,,,,,,
34,VISIT,2962,Random,EveryNode,5,60,17291,Node_503,28,0,-2,28,-2,,,,,,,,,
34,VISIT,2965,Random,EveryNode,5,37,17302,Node_574,31,0,-1,31,-1,,,,,,,,,
34,VISIT,2966,Random,EveryNode,5,31,17302,Node_601,38,0,2,38,2,,,,,,,,,
34,VISIT,2967,Random,EveryNode,5,37,17302,Node_503,28,0,-2,28,-2,,,,,,,,,
34,VISIT,2968,Random,EveryNode,5,37,17302,Node_340,27,0,-3,27,-3,,,,,,,,,
34,VISIT,2962,Random,EveryNode,5,61,17308,Node_537,29,0,-2,29,-2,,,,,,,,,
34,VISIT,2965,Random,EveryNode,5,38,17318,Node_539,30,0,-1,30,-1,,,,,,,,,
34,VISIT,2966,Random,EveryNode,5,32,17318,Node_1,39,0,2,39,2,,,,,,,,,
34,VISIT,2967,Random,EveryNode,5,38,17318,Node_502,28,0,-1,28,-1,,,,,,,,,
34,VISIT,2968,Random,EveryNode,5,38,17318,Node_342,27,0,-4,27,-4,,,,,,,,,
34,SUMMARY,,Random,EveryNode,,,,,,,,,,39,2,607,-1,678626.000,4026,0,0.000,0.000
