RunID,RowType,PlayerID,UnknownSelectMode,TargetUpdateMode,UnknownReferenceDepth,StepIndex,Frame,NodeName,NodePosX,NodePosY,NodePosZ,CellX,CellZ,GoalCellX,GoalCellZ,NodesCreated,ShortestPathLen,TimeToGoal,TotalNodeVisits,TotalProcessMs,AvgProcessMs,MaxProcessMs
9,VISIT,893,Random,OnArrival,3,0,121,Node_4,18,0,10,18,10,,,,,,,,,
9,VISIT,894,Random,OnArrival,3,0,121,Node_4,18,0,10,18,10,,,,,,,,,
9,VISIT,893,Random,OnArrival,3,1,149,Node_15,18,0,9,18,9,,,,,,,,,
9,VISIT,894,Random,OnArrival,3,1,175,Node_2,19,0,11,19,11,,,,,,,,,
9,VISIT,893,Random,OnArrival,3,2,201,Node_8,17,0,10,17,10,,,,,,,,,
9,VISIT,894,Random,OnArrival,3,2,201,Node_14,18,0,11,18,11,,,,,,,,,
9,VISIT,893,Random,OnArrival,3,3,228,Node_24,16,0,10,16,10,,,,,,,,,
9,VISIT,894,Random,OnArrival,3,3,228,Node_12,17,0,11,17,11,,,,,,,,,
9,VISIT,893,Random,OnArrival,3,4,255,Node_21,16,0,11,16,11,,,,,,,,,
9,VISIT,894,Random,OnArrival,3,4,255,Node_21,16,0,11,16,11,,,,,,,,,
9,VISIT,893,Random,OnArrival,3,5,281,Node_28,15,0,11,15,11,,,,,,,,,
9,VISIT,894,Random,OnArrival,3,5,281,Node_28,15,0,11,15,11,,,,,,,,,
9,VISIT,897,Random,OnArrival,3,0,1263,Node_6,19,0,12,19,12,,,,,,,,,
9,VISIT,898,Random,OnArrival,3,0,1263,Node_7,19,0,8,19,8,,,,,,,,,
9,VISIT,899,Random,OnArrival,3,0,1263,Node_8,17,0,10,17,10,,,,,,,,,
9,VISIT,900,Random,OnArrival,3,0,1263,Node_9,21,0,10,21,10,,,,,,,,,
9,VISIT,899,Random,OnArrival,3,1,1289,Node_4,18,0,10,18,10,,,,,,,,,
9,VISIT,899,Random,OnArrival,3,2,1313,Node_15,18,0,9,18,9,,,,,,,,,
9,VISIT,898,Random,OnArrival,3,1,1338,Node_5,20,0,10,20,10,,,,,,,,,
9,VISIT,899,Random,OnArrival,3,3,1338,Node_3,19,0,9,19,9,,,,,,,,,
9,VISIT,899,Random,OnArrival,3,4,1364,Node_20,19,0,10,19,10,,,,,,,,,
9,VISIT,897,Random,OnArrival,3,1,1388,Node_25,21,0,15,21,15,,,,,,,,,
9,VISIT,898,Random,OnArrival,3,2,1388,Node_46,20,0,12,20,12,,,,,,,,,
9,VISIT,899,Random,OnArrival,3,5,1388,Node_5,20,0,10,20,10,,,,,,,,,
9,VISIT,898,Random,OnArrival,3,3,1412,Node_17,21,0,12,21,12,,,,,,,,,
9,VISIT,899,Random,OnArrival,3,6,1412,Node_55,20,0,11,20,11,,,,,,,,,
9,VISIT,898,Random,OnArrival,3,4,1437,Node_19,21,0,13,21,13,,,,,,,,,
9,VISIT,899,Random,OnArrival,3,7,1437,Node_2,19,0,11,19,11,,,,,,,,,
9,VISIT,897,Random,OnArrival,3,2,1462,Node_27,21,0,16,21,16,,,,,,,,,
9,VISIT,898,Random,OnArrival,3,5,1462,Node_49,20,0,13,20,13,,,,,,,,,
9,VISIT,899,Random,OnArrival,3,8,1462,Node_6,19,0,12,19,12,,,,,,,,,
9,VISIT,897,Random,OnArrival,3,3,1486,Node_60,22,0,16,22,16,,,,,,,,,
9,VISIT,898,Random,OnArrival,3,6,1486,Node_46,20,0,12,20,12,,,,,,,,,
9,VISIT,899,Random,OnArrival,3,9,1486,Node_46,20,0,12,20,12,,,,,,,,,
9,VISIT,898,Random,OnArrival,3,7,1510,Node_55,20,0,11,20,11,,,,,,,,,
9,VISIT,899,Random,OnArrival,3,10,1510,Node_17,21,0,12,21,12,,,,,,,,,
9,VISIT,898,Random,OnArrival,3,8,1533,Node_13,21,0,11,21,11,,,,,,,,,
9,VISIT,899,Random,OnArrival,3,11,1533,Node_13,21,0,11,21,11,,,,,,,,,
9,VISIT,899,Random,OnArrival,3,12,1725,Node_57,21,0,5,21,5,,,,,,,,,
9,VISIT,899,Random,OnArrival,3,13,1749,Node_65,20,0,5,20,5,,,,,,,,,
9,VISIT,901,Random,OnArrival,3,0,2360,Node_6,19,0,12,19,12,,,,,,,,,
9,VISIT,902,Random,OnArrival,3,0,2360,Node_7,19,0,8,19,8,,,,,,,,,
9,VISIT,903,Random,OnArrival,3,0,2360,Node_8,17,0,10,17,10,,,,,,,,,
9,VISIT,904,Random,OnArrival,3,0,2360,Node_9,21,0,10,21,10,,,,,,,,,
9,VISIT,901,Random,OnArrival,3,1,2383,Node_46,20,0,12,20,12,,,,,,,,,
9,VISIT,902,Random,OnArrival,3,1,2383,Node_11,18,0,8,18,8,,,,,,,,,
9,VISIT,903,Random,OnArrival,3,1,2383,Node_24,16,0,10,16,10,,,,,,,,,
9,VISIT,904,Random,OnArrival,3,1,2383,Node_70,22,0,10,22,10,,,,,,,,,
9,VISIT,901,Random,OnArrival,3,2,2407,Node_49,20,0,13,20,13,,,,,,,,,
9,VISIT,903,Random,OnArrival,3,2,2407,Node_26,15,0,10,15,10,,,,,,,,,
9,VISIT,901,Random,OnArrival,3,3,2431,Node_52,20,0,14,20,14,,,,,,,,,
9,VISIT,902,Random,OnArrival,3,2,2431,Node_23,17,0,9,17,9,,,,,,,,,
9,VISIT,902,Random,OnArrival,3,3,2455,Node_8,17,0,10,17,10,,,,,,,,,
9,VISIT,903,Random,OnArrival,3,3,2455,Node_33,14,0,11,14,11,,,,,,,,,
9,VISIT,902,Random,OnArrival,3,4,2478,Node_12,17,0,11,17,11,,,,,,,,,
9,VISIT,902,Random,OnArrival,3,5,2501,Node_16,17,0,12,17,12,,,,,,,,,
9,VISIT,902,Random,OnArrival,3,6,2525,Node_10,18,0,12,18,12,,,,,,,,,
9,VISIT,902,Random,OnArrival,3,7,2548,Node_6,19,0,12,19,12,,,,,,,,,
9,VISIT,903,Random,OnArrival,3,4,2548,Node_38,13,0,14,13,14,,,,,,,,,
9,VISIT,902,Random,OnArrival,3,8,2570,Node_2,19,0,11,19,11,,,,,,,,,
9,VISIT,902,Random,OnArrival,3,9,2592,Node_20,19,0,10,19,10,,,,,,,,,
9,VISIT,904,Random,OnArrival,3,2,2592,Node_67,24,0,17,24,17,,,,,,,,,
9,VISIT,902,Random,OnArrival,3,10,2615,Node_3,19,0,9,19,9,,,,,,,,,
9,VISIT,903,Random,OnArrival,3,5,2615,Node_45,12,0,16,12,16,,,,,,,,,
9,VISIT,902,Random,OnArrival,3,11,2638,Node_50,20,0,9,20,9,,,,,,,,,
9,VISIT,903,Random,OnArrival,3,6,2638,Node_40,13,0,16,13,16,,,,,,,,,
9,VISIT,902,Random,OnArrival,3,12,2659,Node_48,21,0,9,21,9,,,,,,,,,
9,VISIT,903,Random,OnArrival,3,7,2659,Node_45,12,0,16,12,16,,,,,,,,,
9,VISIT,902,Random,OnArrival,3,13,2681,Node_71,22,0,9,22,9,,,,,,,,,
9,VISIT,903,Random,OnArrival,3,8,2681,Node_106,12,0,15,12,15,,,,,,,,,
9,VISIT,903,Random,OnArrival,3,9,2702,Node_39,13,0,15,13,15,,,,,,,,,
9,VISIT,902,Random,OnArrival,3,14,2725,Node_87,23,0,10,23,10,,,,,,,,,
9,VISIT,903,Random,OnArrival,3,10,2725,Node_40,13,0,16,13,16,,,,,,,,,
9,VISIT,902,Random,OnArrival,3,15,2747,Node_89,23,0,11,23,11,,,,,,,,,
9,VISIT,903,Random,OnArrival,3,11,2747,Node_41,13,0,17,13,17,,,,,,,,,
9,VISIT,902,Random,OnArrival,3,16,2769,Node_68,22,0,11,22,11,,,,,,,,,
9,VISIT,903,Random,OnArrival,3,12,2769,Node_44,12,0,17,12,17,,,,,,,,,
9,VISIT,902,Random,OnArrival,3,17,2792,Node_13,21,0,11,21,11,,,,,,,,,
9,VISIT,902,Random,OnArrival,3,18,2815,Node_17,21,0,12,21,12,,,,,,,,,
9,VISIT,902,Random,OnArrival,3,19,2837,Node_19,21,0,13,21,13,,,,,,,,,
9,VISIT,902,Random,OnArrival,3,20,2860,Node_22,21,0,14,21,14,,,,,,,,,
9,VISIT,902,Random,OnArrival,3,21,2883,Node_52,20,0,14,20,14,,,,,,,,,
9,VISIT,902,Random,OnArrival,3,22,2927,Node_91,18,0,14,18,14,,,,,,,,,
9,VISIT,905,Random,OnArrival,3,0,3357,Node_6,19,0,12,19,12,,,,,,,,,
9,VISIT,906,Random,OnArrival,3,0,3357,Node_7,19,0,8,19,8,,,,,,,,,
9,VISIT,907,Random,OnArrival,3,0,3357,Node_8,17,0,10,17,10,,,,,,,,,
9,VISIT,908,Random,OnArrival,3,0,3357,Node_9,21,0,10,21,10,,,,,,,,,
9,VISIT,905,Random,OnArrival,3,1,3379,Node_10,18,0,12,18,12,,,,,,,,,
9,VISIT,906,Random,OnArrival,3,1,3379,Node_47,20,0,8,20,8,,,,,,,,,
9,VISIT,907,Random,OnArrival,3,1,3379,Node_23,17,0,9,17,9,,,,,,,,,
9,VISIT,908,Random,OnArrival,3,1,3379,Node_48,21,0,9,21,9,,,,,,,,,
9,VISIT,905,Random,OnArrival,3,2,3401,Node_16,17,0,12,17,12,,,,,,,,,
9,VISIT,906,Random,OnArrival,3,2,3401,Node_51,21,0,8,21,8,,,,,,,,,
9,VISIT,907,Random,OnArrival,3,2,3401,Node_86,17,0,8,17,8,,,,,,,,,
9,VISIT,908,Random,OnArrival,3,2,3401,Node_51,21,0,8,21,8,,,,,,,,,
9,VISIT,905,Random,OnArrival,3,3,3423,Node_18,16,0,12,16,12,,,,,,,,,
9,VISIT,906,Random,OnArrival,3,3,3423,Node_72,22,0,8,22,8,,,,,,,,,
9,VISIT,908,Random,OnArrival,3,3,3423,Node_72,22,0,8,22,8,,,,,,,,,
9,VISIT,905,Random,OnArrival,3,4,3444,Node_29,15,0,12,15,12,,,,,,,,,
9,VISIT,906,Random,OnArrival,3,4,3444,Node_73,22,0,7,22,7,,,,,,,,,
9,VISIT,908,Random,OnArrival,3,4,3444,Node_51,21,0,8,21,8,,,,,,,,,
9,VISIT,905,Random,OnArrival,3,5,3465,Node_35,14,0,12,14,12,,,,,,,,,
9,VISIT,906,Random,OnArrival,3,5,3465,Node_53,21,0,7,21,7,,,,,,,,,
9,VISIT,908,Random,OnArrival,3,5,3465,Node_53,21,0,7,21,7,,,,,,,,,
9,VISIT,905,Random,OnArrival,3,6,3486,Node_95,13,0,12,13,12,,,,,,,,,
9,VISIT,906,Random,OnArrival,3,6,3486,Node_56,21,0,6,21,6,,,,,,,,,
9,VISIT,908,Random,OnArrival,3,6,3486,Node_56,21,0,6,21,6,,,,,,,,,
9,VISIT,905,Random,OnArrival,3,7,3508,Node_98,13,0,13,13,13,,,,,,,,,
9,VISIT,906,Random,OnArrival,3,7,3508,Node_76,20,0,6,20,6,,,,,,,,,
9,VISIT,908,Random,OnArrival,3,7,3508,Node_76,20,0,6,20,6,,,,,,,,,
9,VISIT,905,Random,OnArrival,3,8,3529,Node_36,14,0,13,14,13,,,,,,,,,
9,VISIT,906,Random,OnArrival,3,8,3529,Node_77,19,0,6,19,6,,,,,,,,,
9,VISIT,908,Random,OnArrival,3,8,3529,Node_65,20,0,5,20,5,,,,,,,,,
9,VISIT,905,Random,OnArrival,3,9,3550,Node_31,15,0,13,15,13,,,,,,,,,
9,VISIT,906,Random,OnArrival,3,9,3550,Node_78,19,0,5,19,5,,,,,,,,,
9,VISIT,908,Random,OnArrival,3,9,3550,Node_78,19,0,5,19,5,,,,,,,,,
9,VISIT,905,Random,OnArrival,3,10,3699,Node_133,15,0,14,15,14,,,,,,,,,
9,VISIT,906,Random,OnArrival,3,10,3699,Node_127,16,0,7,16,7,,,,,,,,,
9,VISIT,908,Random,OnArrival,3,10,3699,Node_127,16,0,7,16,7,,,,,,,,,
9,VISIT,905,Random,OnArrival,3,11,3720,Node_37,14,0,14,14,14,,,,,,,,,
9,VISIT,906,Random,OnArrival,3,11,3720,Node_130,15,0,7,15,7,,,,,,,,,
9,VISIT,908,Random,OnArrival,3,11,3720,Node_130,15,0,7,15,7,,,,,,,,,
9,VISIT,905,Random,OnArrival,3,12,3741,Node_133,15,0,14,15,14,,,,,,,,,
9,VISIT,905,Random,OnArrival,3,13,3763,Node_136,15,0,15,15,15,,,,,,,,,
9,VISIT,905,Random,OnArrival,3,14,3783,Node_144,16,0,15,16,15,,,,,,,,,
9,VISIT,905,Random,OnArrival,3,15,3804,Node_119,17,0,15,17,15,,,,,,,,,
9,VISIT,905,Random,OnArrival,3,16,3823,Node_94,18,0,15,18,15,,,,,,,,,
9,VISIT,905,Random,OnArrival,3,17,3844,Node_119,17,0,15,17,15,,,,,,,,,
9,VISIT,905,Random,OnArrival,3,18,3864,Node_120,17,0,16,17,16,,,,,,,,,
9,VISIT,905,Random,OnArrival,3,19,3884,Node_142,16,0,16,16,16,,,,,,,,,
9,VISIT,908,Random,OnArrival,3,12,3884,Node_92,13,0,11,13,11,,,,,,,,,
9,VISIT,905,Random,OnArrival,3,20,3905,Node_120,17,0,16,17,16,,,,,,,,,
9,VISIT,908,Random,OnArrival,3,13,3905,Node_154,13,0,10,13,10,,,,,,,,,
9,VISIT,905,Random,OnArrival,3,21,3926,Node_97,18,0,16,18,16,,,,,,,,,
9,VISIT,905,Random,OnArrival,3,22,3947,Node_94,18,0,15,18,15,,,,,,,,,
9,VISIT,905,Random,OnArrival,3,23,3967,Node_91,18,0,14,18,14,,,,,,,,,
9,VISIT,905,Random,OnArrival,3,24,3987,Node_118,17,0,14,17,14,,,,,,,,,
9,VISIT,905,Random,OnArrival,3,25,4008,Node_146,16,0,14,16,14,,,,,,,,,
9,VISIT,905,Random,OnArrival,3,26,4028,Node_144,16,0,15,16,15,,,,,,,,,
9,VISIT,905,Random,OnArrival,3,27,4048,Node_142,16,0,16,16,16,,,,,,,,,
9,VISIT,905,Random,OnArrival,3,28,4067,Node_120,17,0,16,17,16,,,,,,,,,
9,VISIT,905,Random,OnArrival,3,29,4088,Node_121,17,0,17,17,17,,,,,,,,,
9,VISIT,905,Random,OnArrival,3,30,4109,Node_100,18,0,17,18,17,,,,,,,,,
9,VISIT,905,Random,OnArrival,3,31,4129,Node_102,18,0,18,18,18,,,,,,,,,
9,VISIT,905,Random,OnArrival,3,32,4148,Node_122,17,0,18,17,18,,,,,,,,,
9,VISIT,905,Random,OnArrival,3,33,4167,Node_102,18,0,18,18,18,,,,,,,,,
9,VISIT,905,Random,OnArrival,3,34,4250,Node_32,21,0,19,21,19,,,,,,,,,
9,VISIT,909,Random,OnArrival,3,0,4261,Node_6,19,0,12,19,12,,,,,,,,,
9,VISIT,910,Random,OnArrival,3,0,4261,Node_7,19,0,8,19,8,,,,,,,,,
9,VISIT,911,Random,OnArrival,3,0,4261,Node_8,17,0,10,17,10,,,,,,,,,
9,VISIT,912,Random,OnArrival,3,0,4261,Node_9,21,0,10,21,10,,,,,,,,,
9,VISIT,909,Random,OnArrival,3,1,4280,Node_46,20,0,12,20,12,,,,,,,,,
9,VISIT,910,Random,OnArrival,3,1,4280,Node_47,20,0,8,20,8,,,,,,,,,
9,VISIT,911,Random,OnArrival,3,1,4280,Node_24,16,0,10,16,10,,,,,,,,,
9,VISIT,912,Random,OnArrival,3,1,4280,Node_13,21,0,11,21,11,,,,,,,,,
9,VISIT,909,Random,OnArrival,3,2,4299,Node_55,20,0,11,20,11,,,,,,,,,
9,VISIT,910,Random,OnArrival,3,2,4299,Node_51,21,0,8,21,8,,,,,,,,,
9,VISIT,911,Random,OnArrival,3,2,4299,Node_26,15,0,10,15,10,,,,,,,,,
9,VISIT,912,Random,OnArrival,3,2,4299,Node_68,22,0,11,22,11,,,,,,,,,
9,VISIT,909,Random,OnArrival,3,3,4319,Node_13,21,0,11,21,11,,,,,,,,,
9,VISIT,910,Random,OnArrival,3,3,4319,Node_53,21,0,7,21,7,,,,,,,,,
9,VISIT,911,Random,OnArrival,3,3,4319,Node_88,14,0,10,14,10,,,,,,,,,
9,VISIT,912,Random,OnArrival,3,3,4319,Node_89,23,0,11,23,11,,,,,,,,,
9,VISIT,909,Random,OnArrival,3,4,4340,Node_68,22,0,11,22,11,,,,,,,,,
9,VISIT,910,Random,OnArrival,3,4,4340,Node_56,21,0,6,21,6,,,,,,,,,
9,VISIT,911,Random,OnArrival,3,4,4340,Node_154,13,0,10,13,10,,,,,,,,,
9,VISIT,909,Random,OnArrival,3,5,4359,Node_89,23,0,11,23,11,,,,,,,,,
9,VISIT,910,Random,OnArrival,3,5,4359,Node_74,22,0,6,22,6,,,,,,,,,
9,VISIT,911,Random,OnArrival,3,5,4359,Node_153,13,0,9,13,9,,,,,,,,,
9,VISIT,912,Random,OnArrival,3,4,4359,Node_93,24,0,12,24,12,,,,,,,,,
9,VISIT,909,Random,OnArrival,3,6,4379,Node_90,23,0,12,23,12,,,,,,,,,
9,VISIT,910,Random,OnArrival,3,6,4379,Node_75,22,0,5,22,5,,,,,,,,,
9,VISIT,911,Random,OnArrival,3,6,4379,Node_156,12,0,9,12,9,,,,,,,,,
9,VISIT,909,Random,OnArrival,3,7,4399,Node_93,24,0,12,24,12,,,,,,,,,
9,VISIT,909,Random,OnArrival,3,8,4419,Node_96,24,0,13,24,13,,,,,,,,,
9,VISIT,909,Random,OnArrival,3,9,4438,Node_170,25,0,13,25,13,,,,,,,,,
9,VISIT,912,Random,OnArrival,3,5,4478,Node_108,25,0,17,25,17,,,,,,,,,
9,VISIT,909,Random,OnArrival,3,10,4497,Node_167,25,0,12,25,12,,,,,,,,,
9,VISIT,909,Random,OnArrival,3,11,4534,Node_166,24,0,11,24,11,,,,,,,,,
9,VISIT,912,Random,OnArrival,3,6,4534,Node_110,25,0,18,25,18,,,,,,,,,
9,VISIT,909,Random,OnArrival,3,12,4552,Node_93,24,0,12,24,12,,,,,,,,,
9,VISIT,909,Random,OnArrival,3,13,4570,Node_96,24,0,13,24,13,,,,,,,,,
9,VISIT,909,Random,OnArrival,3,14,4588,Node_170,25,0,13,25,13,,,,,,,,,
9,VISIT,909,Random,OnArrival,3,15,4608,Node_177,26,0,13,26,13,,,,,,,,,
9,VISIT,913,Random,OnArrival,3,0,5089,Node_6,19,0,12,19,12,,,,,,,,,
9,VISIT,914,Random,OnArrival,3,0,5089,Node_7,19,0,8,19,8,,,,,,,,,
9,VISIT,915,Random,OnArrival,3,0,5089,Node_8,17,0,10,17,10,,,,,,,,,
9,VISIT,916,Random,OnArrival,3,0,5089,Node_9,21,0,10,21,10,,,,,,,,,
9,VISIT,913,Random,OnArrival,3,1,5107,Node_2,19,0,11,19,11,,,,,,,,,
9,VISIT,914,Random,OnArrival,3,1,5107,Node_11,18,0,8,18,8,,,,,,,,,
9,VISIT,915,Random,OnArrival,3,1,5107,Node_23,17,0,9,17,9,,,,,,,,,
9,VISIT,916,Random,OnArrival,3,1,5107,Node_48,21,0,9,21,9,,,,,,,,,
9,VISIT,913,Random,OnArrival,3,2,5125,Node_55,20,0,11,20,11,,,,,,,,,
9,VISIT,914,Random,OnArrival,3,2,5125,Node_86,17,0,8,17,8,,,,,,,,,
9,VISIT,915,Random,OnArrival,3,2,5125,Node_86,17,0,8,17,8,,,,,,,,,
9,VISIT,916,Random,OnArrival,3,2,5125,Node_71,22,0,9,22,9,,,,,,,,,
9,VISIT,913,Random,OnArrival,3,3,5143,Node_13,21,0,11,21,11,,,,,,,,,
9,VISIT,914,Random,OnArrival,3,3,5143,Node_128,16,0,8,16,8,,,,,,,,,
9,VISIT,915,Random,OnArrival,3,3,5143,Node_128,16,0,8,16,8,,,,,,,,,
9,VISIT,916,Random,OnArrival,3,3,5143,Node_113,23,0,9,23,9,,,,,,,,,
9,VISIT,913,Random,OnArrival,3,4,5162,Node_9,21,0,10,21,10,,,,,,,,,
9,VISIT,914,Random,OnArrival,3,4,5162,Node_127,16,0,7,16,7,,,,,,,,,
9,VISIT,915,Random,OnArrival,3,4,5162,Node_127,16,0,7,16,7,,,,,,,,,
9,VISIT,913,Random,OnArrival,3,5,5181,Node_48,21,0,9,21,9,,,,,,,,,
9,VISIT,914,Random,OnArrival,3,5,5181,Node_130,15,0,7,15,7,,,,,,,,,
9,VISIT,915,Random,OnArrival,3,5,5181,Node_147,16,0,6,16,6,,,,,,,,,
9,VISIT,913,Random,OnArrival,3,6,5200,Node_71,22,0,9,22,9,,,,,,,,,
9,VISIT,914,Random,OnArrival,3,6,5200,Node_148,14,0,7,14,7,,,,,,,,,
9,VISIT,915,Random,OnArrival,3,6,5200,Node_131,15,0,6,15,6,,,,,,,,,
9,VISIT,913,Random,OnArrival,3,7,5217,Node_113,23,0,9,23,9,,,,,,,,,
9,VISIT,914,Random,OnArrival,3,7,5217,Node_151,13,0,7,13,7,,,,,,,,,
9,VISIT,915,Random,OnArrival,3,7,5217,Node_149,14,0,6,14,6,,,,,,,,,
9,VISIT,914,Random,OnArrival,3,8,5235,Node_158,12,0,7,12,7,,,,,,,,,
9,VISIT,915,Random,OnArrival,3,8,5235,Node_148,14,0,7,14,7,,,,,,,,,
9,VISIT,913,Random,OnArrival,3,8,5253,Node_206,25,0,9,25,9,,,,,,,,,
9,VISIT,914,Random,OnArrival,3,9,5253,Node_159,12,0,6,12,6,,,,,,,,,
9,VISIT,915,Random,OnArrival,3,9,5253,Node_151,13,0,7,13,7,,,,,,,,,
9,VISIT,915,Random,OnArrival,3,10,5272,Node_158,12,0,7,12,7,,,,,,,,,
9,VISIT,914,Random,OnArrival,3,10,5290,Node_161,11,0,5,11,5,,,,,,,,,
9,VISIT,915,Random,OnArrival,3,11,5290,Node_157,12,0,8,12,8,,,,,,,,,
9,VISIT,915,Random,OnArrival,3,12,5308,Node_172,11,0,8,11,8,,,,,,,,,
9,VISIT,915,Random,OnArrival,3,13,5326,Node_169,11,0,9,11,9,,,,,,,,,
9,VISIT,916,Random,OnArrival,3,4,5326,Node_208,25,0,7,25,7,,,,,,,,,
9,VISIT,915,Random,OnArrival,3,14,5345,Node_179,10,0,9,10,9,,,,,,,,,
9,VISIT,916,Random,OnArrival,3,5,5345,Node_216,26,0,7,26,7,,,,,,,,,
9,VISIT,913,Random,OnArrival,3,9,5363,Node_210,25,0,5,25,5,,,,,,,,,
9,VISIT,915,Random,OnArrival,3,15,5363,Node_183,10,0,10,10,10,,,,,,,,,
9,VISIT,916,Random,OnArrival,3,6,5363,Node_219,26,0,6,26,6,,,,,,,,,
9,VISIT,913,Random,OnArrival,3,10,5381,Node_209,25,0,6,25,6,,,,,,,,,
9,VISIT,916,Random,OnArrival,3,7,5381,Node_209,25,0,6,25,6,,,,,,,,,
9,VISIT,913,Random,OnArrival,3,11,5398,Node_215,24,0,6,24,6,,,,,,,,,
9,VISIT,916,Random,OnArrival,3,8,5398,Node_215,24,0,6,24,6,,,,,,,,,
9,VISIT,913,Random,OnArrival,3,12,5416,Node_218,24,0,7,24,7,,,,,,,,,
9,VISIT,916,Random,OnArrival,3,9,5416,Node_213,24,0,5,24,5,,,,,,,,,
9,VISIT,913,Random,OnArrival,3,13,5434,Node_208,25,0,7,25,7,,,,,,,,,
9,VISIT,913,Random,OnArrival,3,14,5452,Node_216,26,0,7,26,7,,,,,,,,,
9,VISIT,913,Random,OnArrival,3,15,5468,Node_214,26,0,8,26,8,,,,,,,,,
9,VISIT,913,Random,OnArrival,3,16,5484,Node_207,25,0,8,25,8,,,,,,,,,
9,VISIT,913,Random,OnArrival,3,17,5500,Node_206,25,0,9,25,9,,,,,,,,,
9,VISIT,913,Random,OnArrival,3,18,5518,Node_211,26,0,9,26,9,,,,,,,,,
9,VISIT,913,Random,OnArrival,3,19,5609,Node_199,27,0,13,27,13,,,,,,,,,
9,VISIT,917,Random,OnArrival,3,0,5852,Node_6,19,0,12,19,12,,,,,,,,,
9,VISIT,918,Random,OnArrival,3,0,5852,Node_7,19,0,8,19,8,,,,,,,,,
9,VISIT,919,Random,OnArrival,3,0,5852,Node_8,17,0,10,17,10,,,,,,,,,
9,VISIT,920,Random,OnArrival,3,0,5852,Node_9,21,0,10,21,10,,,,,,,,,
9,VISIT,917,Random,OnArrival,3,1,5868,Node_2,19,0,11,19,11,,,,,,,,,
9,VISIT,918,Random,OnArrival,3,1,5868,Node_3,19,0,9,19,9,,,,,,,,,
9,VISIT,919,Random,OnArrival,3,1,5868,Node_4,18,0,10,18,10,,,,,,,,,
9,VISIT,920,Random,OnArrival,3,1,5868,Node_13,21,0,11,21,11,,,,,,,,,
9,VISIT,917,Random,OnArrival,3,2,5885,Node_55,20,0,11,20,11,,,,,,,,,
9,VISIT,918,Random,OnArrival,3,2,5885,Node_50,20,0,9,20,9,,,,,,,,,
9,VISIT,919,Random,OnArrival,3,2,5885,Node_14,18,0,11,18,11,,,,,,,,,
9,VISIT,920,Random,OnArrival,3,2,5885,Node_68,22,0,11,22,11,,,,,,,,,
9,VISIT,917,Random,OnArrival,3,3,5902,Node_13,21,0,11,21,11,,,,,,,,,
9,VISIT,918,Random,OnArrival,3,3,5902,Node_48,21,0,9,21,9,,,,,,,,,
9,VISIT,919,Random,OnArrival,3,3,5902,Node_2,19,0,11,19,11,,,,,,,,,
9,VISIT,920,Random,OnArrival,3,3,5902,Node_89,23,0,11,23,11,,,,,,,,,
9,VISIT,917,Random,OnArrival,3,4,5919,Node_68,22,0,11,22,11,,,,,,,,,
9,VISIT,918,Random,OnArrival,3,4,5919,Node_71,22,0,9,22,9,,,,,,,,,
9,VISIT,919,Random,OnArrival,3,4,5919,Node_55,20,0,11,20,11,,,,,,,,,
9,VISIT,920,Random,OnArrival,3,4,5919,Node_90,23,0,12,23,12,,,,,,,,,
9,VISIT,917,Random,OnArrival,3,5,5937,Node_89,23,0,11,23,11,,,,,,,,,
9,VISIT,918,Random,OnArrival,3,5,5937,Node_113,23,0,9,23,9,,,,,,,,,
9,VISIT,919,Random,OnArrival,3,5,5937,Node_13,21,0,11,21,11,,,,,,,,,
9,VISIT,920,Random,OnArrival,3,5,5937,Node_93,24,0,12,24,12,,,,,,,,,
9,VISIT,917,Random,OnArrival,3,6,5955,Node_90,23,0,12,23,12,,,,,,,,,
9,VISIT,919,Random,OnArrival,3,6,5955,Node_68,22,0,11,22,11,,,,,,,,,
9,VISIT,920,Random,OnArrival,3,6,5955,Node_96,24,0,13,24,13,,,,,,,,,
9,VISIT,917,Random,OnArrival,3,7,5973,Node_93,24,0,12,24,12,,,,,,,,,
9,VISIT,918,Random,OnArrival,3,6,5973,Node_206,25,0,9,25,9,,,,,,,,,
9,VISIT,919,Random,OnArrival,3,7,5973,Node_89,23,0,11,23,11,,,,,,,,,
9,VISIT,920,Random,OnArrival,3,7,5973,Node_99,24,0,14,24,14,,,,,,,,,
9,VISIT,917,Random,OnArrival,3,8,5990,Node_167,25,0,12,25,12,,,,,,,,,
9,VISIT,918,Random,OnArrival,3,7,5990,Node_211,26,0,9,26,9,,,,,,,,,
9,VISIT,919,Random,OnArrival,3,8,5990,Node_90,23,0,12,23,12,,,,,,,,,
9,VISIT,920,Random,OnArrival,3,8,5990,Node_173,25,0,14,25,14,,,,,,,,,
9,VISIT,917,Random,OnArrival,3,9,6009,Node_181,26,0,12,26,12,,,,,,,,,
9,VISIT,918,Random,OnArrival,3,8,6009,Node_240,27,0,9,27,9,,,,,,,,,
9,VISIT,919,Random,OnArrival,3,9,6009,Node_93,24,0,12,24,12,,,,,,,,,
9,VISIT,920,Random,OnArrival,3,9,6009,Node_170,25,0,13,25,13,,,,,,,,,
9,VISIT,917,Random,OnArrival,3,10,6027,Node_244,27,0,12,27,12,,,,,,,,,
9,VISIT,919,Random,OnArrival,3,10,6027,Node_167,25,0,12,25,12,,,,,,,,,
9,VISIT,920,Random,OnArrival,3,10,6027,Node_177,26,0,13,26,13,,,,,,,,,
9,VISIT,919,Random,OnArrival,3,11,6044,Node_181,26,0,12,26,12,,,,,,,,,
9,VISIT,920,Random,OnArrival,3,11,6044,Node_199,27,0,13,27,13,,,,,,,,,
9,VISIT,917,Random,OnArrival,3,11,6061,Node_245,28,0,13,28,13,,,,,,,,,
9,VISIT,919,Random,OnArrival,3,12,6061,Node_177,26,0,13,26,13,,,,,,,,,
9,VISIT,918,Random,OnArrival,3,9,6079,Node_247,28,0,12,28,12,,,,,,,,,
9,VISIT,919,Random,OnArrival,3,13,6079,Node_199,27,0,13,27,13,,,,,,,,,
9,VISIT,920,Random,OnArrival,3,12,6079,Node_200,27,0,15,27,15,,,,,,,,,
9,VISIT,918,Random,OnArrival,3,10,6097,Node_249,28,0,11,28,11,,,,,,,,,
9,VISIT,919,Random,OnArrival,3,14,6097,Node_245,28,0,13,28,13,,,,,,,,,
9,VISIT,918,Random,OnArrival,3,11,6115,Node_243,27,0,11,27,11,,,,,,,,,
9,VISIT,918,Random,OnArrival,3,12,6132,Node_244,27,0,12,27,12,,,,,,,,,
9,VISIT,919,Random,OnArrival,3,15,6132,Node_250,30,0,13,30,13,,,,,,,,,
9,VISIT,918,Random,OnArrival,3,13,6149,Node_199,27,0,13,27,13,,,,,,,,,
9,VISIT,919,Random,OnArrival,3,16,6166,Node_254,31,0,14,31,14,,,,,,,,,
9,VISIT,918,Random,OnArrival,3,14,6184,Node_200,27,0,15,27,15,,,,,,,,,
9,VISIT,919,Random,OnArrival,3,17,6184,Node_256,31,0,15,31,15,,,,,,,,,
9,VISIT,918,Random,OnArrival,3,15,6200,Node_201,27,0,16,27,16,,,,,,,,,
9,VISIT,918,Random,OnArrival,3,16,6217,Node_253,28,0,16,28,16,,,,,,,,,
9,VISIT,919,Random,OnArrival,3,18,6250,Node_266,32,0,18,32,18,,,,,,,,,
9,VISIT,918,Random,OnArrival,3,17,6266,Node_255,28,0,17,28,17,,,,,,,,,
9,VISIT,918,Random,OnArrival,3,18,6283,Node_202,27,0,17,27,17,,,,,,,,,
9,VISIT,918,Random,OnArrival,3,19,6300,Node_186,26,0,17,26,17,,,,,,,,,
9,VISIT,918,Random,OnArrival,3,20,6316,Node_202,27,0,17,27,17,,,,,,,,,
9,VISIT,918,Random,OnArrival,3,21,6333,Node_201,27,0,16,27,16,,,,,,,,,
9,VISIT,918,Random,OnArrival,3,22,6350,Node_253,28,0,16,28,16,,,,,,,,,
9,VISIT,918,Random,OnArrival,3,23,6366,Node_270,29,0,16,29,16,,,,,,,,,
9,VISIT,918,Random,OnArrival,3,24,6418,Node_273,29,0,17,29,17,,,,,,,,,
9,VISIT,918,Random,OnArrival,3,25,6435,Node_255,28,0,17,28,17,,,,,,,,,
9,VISIT,918,Random,OnArrival,3,26,6453,Node_258,28,0,18,28,18,,,,,,,,,
9,VISIT,918,Random,OnArrival,3,27,6471,Node_203,27,0,18,27,18,,,,,,,,,
9,VISIT,918,Random,OnArrival,3,28,6489,Node_190,26,0,18,26,18,,,,,,,,,
9,VISIT,918,Random,OnArrival,3,29,6507,Node_186,26,0,17,26,17,,,,,,,,,
9,VISIT,918,Random,OnArrival,3,30,6525,Node_108,25,0,17,25,17,,,,,,,,,
9,VISIT,918,Random,OnArrival,3,31,6543,Node_67,24,0,17,24,17,,,,,,,,,
9,VISIT,918,Random,OnArrival,3,32,6560,Node_69,24,0,18,24,18,,,,,,,,,
9,VISIT,921,Random,OnArrival,3,0,6562,Node_6,19,0,12,19,12,,,,,,,,,
9,VISIT,922,Random,OnArrival,3,0,6562,Node_7,19,0,8,19,8,,,,,,,,,
9,VISIT,923,Random,OnArrival,3,0,6562,Node_8,17,0,10,17,10,,,,,,,,,
9,VISIT,924,Random,OnArrival,3,0,6562,Node_9,21,0,10,21,10,,,,,,,,,
9,VISIT,921,Random,OnArrival,3,1,6576,Node_46,20,0,12,20,12,,,,,,,,,
9,VISIT,922,Random,OnArrival,3,1,6576,Node_3,19,0,9,19,9,,,,,,,,,
9,VISIT,923,Random,OnArrival,3,1,6576,Node_4,18,0,10,18,10,,,,,,,,,
9,VISIT,924,Random,OnArrival,3,1,6576,Node_13,21,0,11,21,11,,,,,,,,,
9,VISIT,921,Random,OnArrival,3,2,6590,Node_49,20,0,13,20,13,,,,,,,,,
9,VISIT,922,Random,OnArrival,3,2,6590,Node_50,20,0,9,20,9,,,,,,,,,
9,VISIT,923,Random,OnArrival,3,2,6590,Node_14,18,0,11,18,11,,,,,,,,,
9,VISIT,924,Random,OnArrival,3,2,6590,Node_68,22,0,11,22,11,,,,,,,,,
9,VISIT,921,Random,OnArrival,3,3,6605,Node_52,20,0,14,20,14,,,,,,,,,
9,VISIT,922,Random,OnArrival,3,3,6605,Node_48,21,0,9,21,9,,,,,,,,,
9,VISIT,923,Random,OnArrival,3,3,6605,Node_2,19,0,11,19,11,,,,,,,,,
9,VISIT,924,Random,OnArrival,3,3,6605,Node_89,23,0,11,23,11,,,,,,,,,
9,VISIT,921,Random,OnArrival,3,4,6619,Node_54,20,0,15,20,15,,,,,,,,,
9,VISIT,922,Random,OnArrival,3,4,6619,Node_71,22,0,9,22,9,,,,,,,,,
9,VISIT,923,Random,OnArrival,3,4,6619,Node_55,20,0,11,20,11,,,,,,,,,
9,VISIT,924,Random,OnArrival,3,4,6619,Node_90,23,0,12,23,12,,,,,,,,,
9,VISIT,921,Random,OnArrival,3,5,6634,Node_25,21,0,15,21,15,,,,,,,,,
9,VISIT,922,Random,OnArrival,3,5,6634,Node_113,23,0,9,23,9,,,,,,,,,
9,VISIT,923,Random,OnArrival,3,5,6634,Node_13,21,0,11,21,11,,,,,,,,,
9,VISIT,924,Random,OnArrival,3,5,6634,Node_93,24,0,12,24,12,,,,,,,,,
9,VISIT,921,Random,OnArrival,3,6,6650,Node_58,22,0,15,22,15,,,,,,,,,
9,VISIT,923,Random,OnArrival,3,6,6650,Node_68,22,0,11,22,11,,,,,,,,,
9,VISIT,924,Random,OnArrival,3,6,6650,Node_96,24,0,13,24,13,,,,,,,,,
9,VISIT,922,Random,OnArrival,3,6,6667,Node_206,25,0,9,25,9,,,,,,,,,
9,VISIT,923,Random,OnArrival,3,7,6667,Node_89,23,0,11,23,11,,,,,,,,,
9,VISIT,924,Random,OnArrival,3,7,6667,Node_99,24,0,14,24,14,,,,,,,,,
9,VISIT,921,Random,OnArrival,3,7,6683,Node_64,23,0,16,23,16,,,,,,,,,
9,VISIT,922,Random,OnArrival,3,7,6683,Node_211,26,0,9,26,9,,,,,,,,,
9,VISIT,923,Random,OnArrival,3,8,6683,Node_90,23,0,12,23,12,,,,,,,,,
9,VISIT,924,Random,OnArrival,3,8,6683,Node_101,24,0,15,24,15,,,,,,,,,
9,VISIT,921,Random,OnArrival,3,8,6699,Node_104,24,0,16,24,16,,,,,,,,,
9,VISIT,922,Random,OnArrival,3,8,6699,Node_240,27,0,9,27,9,,,,,,,,,
9,VISIT,923,Random,OnArrival,3,9,6699,Node_93,24,0,12,24,12,,,,,,,,,
9,VISIT,924,Random,OnArrival,3,9,6699,Node_286,23,0,15,23,15,,,,,,,,,
9,VISIT,921,Random,OnArrival,3,9,6715,Node_180,25,0,16,25,16,,,,,,,,,
9,VISIT,922,Random,OnArrival,3,9,6715,Node_246,28,0,9,28,9,,,,,,,,,
9,VISIT,923,Random,OnArrival,3,10,6715,Node_96,24,0,13,24,13,,,,,,,,,
9,VISIT,924,Random,OnArrival,3,10,6715,Node_64,23,0,16,23,16,,,,,,,,,
9,VISIT,921,Random,OnArrival,3,10,6732,Node_108,25,0,17,25,17,,,,,,,,,
9,VISIT,923,Random,OnArrival,3,11,6732,Node_99,24,0,14,24,14,,,,,,,,,
9,VISIT,924,Random,OnArrival,3,11,6732,Node_66,23,0,17,23,17,,,,,,,,,
9,VISIT,921,Random,OnArrival,3,11,6749,Node_110,25,0,18,25,18,,,,,,,,,
9,VISIT,923,Random,OnArrival,3,12,6749,Node_101,24,0,15,24,15,,,,,,,,,
9,VISIT,924,Random,OnArrival,3,12,6749,Node_67,24,0,17,24,17,,,,,,,,,
9,VISIT,921,Random,OnArrival,3,12,6766,Node_69,24,0,18,24,18,,,,,,,,,
9,VISIT,923,Random,OnArrival,3,13,6766,Node_176,25,0,15,25,15,,,,,,,,,
9,VISIT,924,Random,OnArrival,3,13,6766,Node_69,24,0,18,24,18,,,,,,,,,
9,VISIT,921,Random,OnArrival,3,13,6783,Node_110,25,0,18,25,18,,,,,,,,,
9,VISIT,923,Random,OnArrival,3,14,6783,Node_180,25,0,16,25,16,,,,,,,,,
9,VISIT,924,Random,OnArrival,3,14,6783,Node_283,24,0,19,24,19,,,,,,,,,
9,VISIT,921,Random,OnArrival,3,14,6799,Node_195,25,0,19,25,19,,,,,,,,,
9,VISIT,923,Random,OnArrival,3,15,6799,Node_108,25,0,17,25,17,,,,,,,,,
9,VISIT,924,Random,OnArrival,3,15,6799,Node_195,25,0,19,25,19,,,,,,,,,
9,VISIT,921,Random,OnArrival,3,15,6815,Node_283,24,0,19,24,19,,,,,,,,,
9,VISIT,923,Random,OnArrival,3,16,6815,Node_110,25,0,18,25,18,,,,,,,,,
9,VISIT,924,Random,OnArrival,3,16,6815,Node_283,24,0,19,24,19,,,,,,,,,
9,VISIT,921,Random,OnArrival,3,16,6831,Node_284,24,0,20,24,20,,,,,,,,,
9,VISIT,922,Random,OnArrival,3,10,6831,Node_257,31,0,13,31,13,,,,,,,,,
9,VISIT,923,Random,OnArrival,3,17,6831,Node_195,25,0,19,25,19,,,,,,,,,
9,VISIT,924,Random,OnArrival,3,17,6831,Node_284,24,0,20,24,20,,,,,,,,,
9,VISIT,921,Random,OnArrival,3,17,6848,Node_198,25,0,20,25,20,,,,,,,,,
9,VISIT,923,Random,OnArrival,3,18,6848,Node_110,25,0,18,25,18,,,,,,,,,
9,VISIT,924,Random,OnArrival,3,18,6848,Node_198,25,0,20,25,20,,,,,,,,,
9,VISIT,921,Random,OnArrival,3,18,6864,Node_284,24,0,20,24,20,,,,,,,,,
9,VISIT,923,Random,OnArrival,3,19,6864,Node_190,26,0,18,26,18,,,,,,,,,
9,VISIT,924,Random,OnArrival,3,19,6864,Node_284,24,0,20,24,20,,,,,,,,,
9,VISIT,923,Random,OnArrival,3,20,6880,Node_203,27,0,18,27,18,,,,,,,,,
9,VISIT,921,Random,OnArrival,3,19,6896,Node_285,24,0,22,24,22,,,,,,,,,
9,VISIT,922,Random,OnArrival,3,11,6896,Node_290,31,0,11,31,11,,,,,,,,,
9,VISIT,923,Random,OnArrival,3,21,6896,Node_204,27,0,19,27,19,,,,,,,,,
9,VISIT,924,Random,OnArrival,3,20,6896,Node_285,24,0,22,24,22,,,,,,,,,
9,VISIT,923,Random,OnArrival,3,22,6913,Node_260,28,0,19,28,19,,,,,,,,,
9,VISIT,923,Random,OnArrival,3,23,6930,Node_262,28,0,20,28,20,,,,,,,,,
9,VISIT,923,Random,OnArrival,3,24,6946,Node_205,27,0,20,27,20,,,,,,,,,
9,VISIT,923,Random,OnArrival,3,25,6962,Node_268,27,0,21,27,21,,,,,,,,,
9,VISIT,923,Random,OnArrival,3,26,6978,Node_272,27,0,22,27,22,,,,,,,,,
9,VISIT,923,Random,OnArrival,3,27,7077,Node_299,24,0,25,24,25,,,,,,,,,
9,VISIT,923,Random,OnArrival,3,28,7094,Node_297,24,0,24,24,24,,,,,,,,,
9,VISIT,921,Random,OnArrival,3,20,7111,Node_109,18,0,21,18,21,,,,,,,,,
9,VISIT,923,Random,OnArrival,3,29,7111,Node_305,25,0,24,25,24,,,,,,,,,
9,VISIT,924,Random,OnArrival,3,21,7111,Node_109,18,0,21,18,21,,,,,,,,,
9,VISIT,921,Random,OnArrival,3,21,7127,Node_125,17,0,21,17,21,,,,,,,,,
9,VISIT,923,Random,OnArrival,3,30,7127,Node_303,25,0,23,25,23,,,,,,,,,
9,VISIT,924,Random,OnArrival,3,22,7127,Node_125,17,0,21,17,21,,,,,,,,,
9,VISIT,923,Random,OnArrival,3,31,7157,Node_285,24,0,22,24,22,,,,,,,,,
9,VISIT,925,Random,OnArrival,3,0,7211,Node_6,19,0,12,19,12,,,,,,,,,
9,VISIT,926,Random,OnArrival,3,0,7211,Node_7,19,0,8,19,8,,,,,,,,,
9,VISIT,927,Random,OnArrival,3,0,7211,Node_8,17,0,10,17,10,,,,,,,,,
9,VISIT,928,Random,OnArrival,3,0,7211,Node_9,21,0,10,21,10,,,,,,,,,
9,VISIT,925,Random,OnArrival,3,1,7222,Node_46,20,0,12,20,12,,,,,,,,,
9,VISIT,926,Random,OnArrival,3,1,7222,Node_3,19,0,9,19,9,,,,,,,,,
9,VISIT,927,Random,OnArrival,3,1,7222,Node_12,17,0,11,17,11,,,,,,,,,
9,VISIT,928,Random,OnArrival,3,1,7222,Node_5,20,0,10,20,10,,,,,,,,,
9,VISIT,925,Random,OnArrival,3,2,7233,Node_49,20,0,13,20,13,,,,,,,,,
9,VISIT,926,Random,OnArrival,3,2,7233,Node_20,19,0,10,19,10,,,,,,,,,
9,VISIT,927,Random,OnArrival,3,2,7233,Node_16,17,0,12,17,12,,,,,,,,,
9,VISIT,928,Random,OnArrival,3,2,7233,Node_55,20,0,11,20,11,,,,,,,,,
9,VISIT,925,Random,OnArrival,3,3,7245,Node_52,20,0,14,20,14,,,,,,,,,
9,VISIT,926,Random,OnArrival,3,3,7245,Node_2,19,0,11,19,11,,,,,,,,,
9,VISIT,927,Random,OnArrival,3,3,7245,Node_18,16,0,12,16,12,,,,,,,,,
9,VISIT,928,Random,OnArrival,3,3,7245,Node_46,20,0,12,20,12,,,,,,,,,
9,VISIT,925,Random,OnArrival,3,4,7258,Node_54,20,0,15,20,15,,,,,,,,,
9,VISIT,926,Random,OnArrival,3,4,7258,Node_6,19,0,12,19,12,,,,,,,,,
9,VISIT,927,Random,OnArrival,3,4,7258,Node_29,15,0,12,15,12,,,,,,,,,
9,VISIT,928,Random,OnArrival,3,4,7258,Node_49,20,0,13,20,13,,,,,,,,,
9,VISIT,925,Random,OnArrival,3,5,7272,Node_25,21,0,15,21,15,,,,,,,,,
9,VISIT,926,Random,OnArrival,3,5,7272,Node_46,20,0,12,20,12,,,,,,,,,
9,VISIT,927,Random,OnArrival,3,5,7272,Node_31,15,0,13,15,13,,,,,,,,,
9,VISIT,928,Random,OnArrival,3,5,7272,Node_52,20,0,14,20,14,,,,,,,,,
9,VISIT,925,Random,OnArrival,3,6,7283,Node_27,21,0,16,21,16,,,,,,,,,
9,VISIT,926,Random,OnArrival,3,6,7283,Node_49,20,0,13,20,13,,,,,,,,,
9,VISIT,927,Random,OnArrival,3,6,7283,Node_36,14,0,13,14,13,,,,,,,,,
9,VISIT,928,Random,OnArrival,3,6,7283,Node_54,20,0,15,20,15,,,,,,,,,
9,VISIT,926,Random,OnArrival,3,7,7294,Node_52,20,0,14,20,14,,,,,,,,,
9,VISIT,927,Random,OnArrival,3,7,7294,Node_37,14,0,14,14,14,,,,,,,,,
9,VISIT,928,Random,OnArrival,3,7,7294,Node_25,21,0,15,21,15,,,,,,,,,
9,VISIT,925,Random,OnArrival,3,7,7310,Node_30,21,0,18,21,18,,,,,,,,,
9,VISIT,926,Random,OnArrival,3,8,7310,Node_54,20,0,15,20,15,,,,,,,,,
9,VISIT,927,Random,OnArrival,3,8,7310,Node_38,13,0,14,13,14,,,,,,,,,
9,VISIT,928,Random,OnArrival,3,8,7310,Node_27,21,0,16,21,16,,,,,,,,,
9,VISIT,925,Random,OnArrival,3,8,7326,Node_162,20,0,18,20,18,,,,,,,,,
9,VISIT,926,Random,OnArrival,3,9,7326,Node_25,21,0,15,21,15,,,,,,,,,
9,VISIT,927,Random,OnArrival,3,9,7326,Node_103,12,0,14,12,14,,,,,,,,,
9,VISIT,926,Random,OnArrival,3,10,7342,Node_27,21,0,16,21,16,,,,,,,,,
9,VISIT,928,Random,OnArrival,3,9,7342,Node_30,21,0,18,21,18,,,,,,,,,
9,VISIT,925,Random,OnArrival,3,9,7358,Node_102,18,0,18,18,18,,,,,,,,,
9,VISIT,927,Random,OnArrival,3,10,7358,Node_194,10,0,14,10,14,,,,,,,,,
9,VISIT,928,Random,OnArrival,3,10,7358,Node_162,20,0,18,20,18,,,,,,,,,
9,VISIT,925,Random,OnArrival,3,10,7374,Node_105,18,0,19,18,19,,,,,,,,,
9,VISIT,926,Random,OnArrival,3,11,7374,Node_30,21,0,18,21,18,,,,,,,,,
9,VISIT,927,Random,OnArrival,3,11,7374,Node_234,9,0,14,9,14,,,,,,,,,
9,VISIT,925,Random,OnArrival,3,11,7390,Node_123,17,0,19,17,19,,,,,,,,,
9,VISIT,926,Random,OnArrival,3,12,7390,Node_32,21,0,19,21,19,,,,,,,,,
9,VISIT,928,Random,OnArrival,3,11,7390,Node_102,18,0,18,18,18,,,,,,,,,
9,VISIT,925,Random,OnArrival,3,12,7406,Node_105,18,0,19,18,19,,,,,,,,,
9,VISIT,926,Random,OnArrival,3,13,7406,Node_34,21,0,20,21,20,,,,,,,,,
9,VISIT,928,Random,OnArrival,3,12,7406,Node_105,18,0,19,18,19,,,,,,,,,
9,VISIT,925,Random,OnArrival,3,13,7422,Node_107,18,0,20,18,20,,,,,,,,,
9,VISIT,928,Random,OnArrival,3,13,7422,Node_123,17,0,19,17,19,,,,,,,,,
9,VISIT,925,Random,OnArrival,3,14,7437,Node_124,17,0,20,17,20,,,,,,,,,
9,VISIT,926,Random,OnArrival,3,14,7437,Node_320,21,0,22,21,22,,,,,,,,,
9,VISIT,928,Random,OnArrival,3,14,7437,Node_124,17,0,20,17,20,,,,,,,,,
9,VISIT,925,Random,OnArrival,3,15,7452,Node_312,16,0,20,16,20,,,,,,,,,
9,VISIT,926,Random,OnArrival,3,15,7452,Node_314,22,0,22,22,22,,,,,,,,,
9,VISIT,927,Random,OnArrival,3,12,7452,Node_241,8,0,18,8,18,,,,,,,,,
9,VISIT,928,Random,OnArrival,3,15,7452,Node_312,16,0,20,16,20,,,,,,,,,
9,VISIT,925,Random,OnArrival,3,16,7468,Node_313,15,0,20,15,20,,,,,,,,,
9,VISIT,928,Random,OnArrival,3,16,7468,Node_310,16,0,21,16,21,,,,,,,,,
9,VISIT,926,Random,OnArrival,3,16,7483,Node_165,22,0,20,22,20,,,,,,,,,
9,VISIT,928,Random,OnArrival,3,17,7483,Node_315,15,0,21,15,21,,,,,,,,,
9,VISIT,926,Random,OnArrival,3,17,7498,Node_34,21,0,20,21,20,,,,,,,,,
9,VISIT,926,Random,OnArrival,3,18,7513,Node_328,21,0,21,21,21,,,,,,,,,
9,VISIT,926,Random,OnArrival,3,19,7528,Node_331,22,0,21,22,21,,,,,,,,,
9,VISIT,928,Random,OnArrival,3,18,7528,Node_325,14,0,23,14,23,,,,,,,,,
9,VISIT,926,Random,OnArrival,3,20,7543,Node_314,22,0,22,22,22,,,,,,,,,
9,VISIT,925,Random,OnArrival,3,17,7558,Node_337,14,0,21,14,21,,,,,,,,,
9,VISIT,925,Random,OnArrival,3,18,7574,Node_343,14,0,20,14,20,,,,,,,,,
9,VISIT,926,Random,OnArrival,3,21,7574,Node_285,24,0,22,24,22,,,,,,,,,
9,VISIT,925,Random,OnArrival,3,19,7589,Node_313,15,0,20,15,20,,,,,,,,,
9,VISIT,926,Random,OnArrival,3,22,7589,Node_311,25,0,22,25,22,,,,,,,,,
9,VISIT,925,Random,OnArrival,3,20,7604,Node_315,15,0,21,15,21,,,,,,,,,
9,VISIT,926,Random,OnArrival,3,23,7604,Node_300,26,0,22,26,22,,,,,,,,,
9,VISIT,925,Random,OnArrival,3,21,7619,Node_337,14,0,21,14,21,,,,,,,,,
9,VISIT,926,Random,OnArrival,3,24,7619,Node_272,27,0,22,27,22,,,,,,,,,
9,VISIT,925,Random,OnArrival,3,22,7634,Node_340,14,0,22,14,22,,,,,,,,,
9,VISIT,926,Random,OnArrival,3,25,7634,Node_274,27,0,23,27,23,,,,,,,,,
9,VISIT,925,Random,OnArrival,3,23,7649,Node_346,13,0,22,13,22,,,,,,,,,
9,VISIT,926,Random,OnArrival,3,26,7649,Node_301,26,0,23,26,23,,,,,,,,,
9,VISIT,925,Random,OnArrival,3,24,7663,Node_345,13,0,23,13,23,,,,,,,,,
9,VISIT,926,Random,OnArrival,3,27,7663,Node_300,26,0,22,26,22,,,,,,,,,
9,VISIT,925,Random,OnArrival,3,25,7678,Node_348,12,0,23,12,23,,,,,,,,,
9,VISIT,926,Random,OnArrival,3,28,7678,Node_311,25,0,22,25,22,,,,,,,,,
9,VISIT,926,Random,OnArrival,3,29,7693,Node_285,24,0,22,24,22,,,,,,,,,
9,VISIT,925,Random,OnArrival,3,26,7707,Node_352,11,0,24,11,24,,,,,,,,,
9,VISIT,926,Random,OnArrival,3,30,7707,Node_295,24,0,23,24,23,,,,,,,,,
9,VISIT,926,Random,OnArrival,3,31,7722,Node_303,25,0,23,25,23,,,,,,,,,
9,VISIT,926,Random,OnArrival,3,32,7737,Node_305,25,0,24,25,24,,,,,,,,,
9,VISIT,926,Random,OnArrival,3,33,7752,Node_307,25,0,25,25,25,,,,,,,,,
9,VISIT,929,Random,OnArrival,3,0,7793,Node_6,19,0,12,19,12,,,,,,,,,
9,VISIT,930,Random,OnArrival,3,0,7793,Node_7,19,0,8,19,8,,,,,,,,,
9,VISIT,931,Random,OnArrival,3,0,7793,Node_8,17,0,10,17,10,,,,,,,,,
9,VISIT,932,Random,OnArrival,3,0,7793,Node_9,21,0,10,21,10,,,,,,,,,
9,VISIT,929,Random,OnArrival,3,1,7802,Node_46,20,0,12,20,12,,,,,,,,,
9,VISIT,930,Random,OnArrival,3,1,7802,Node_3,19,0,9,19,9,,,,,,,,,
9,VISIT,931,Random,OnArrival,3,1,7802,Node_12,17,0,11,17,11,,,,,,,,,
9,VISIT,932,Random,OnArrival,3,1,7802,Node_13,21,0,11,21,11,,,,,,,,,
9,VISIT,929,Random,OnArrival,3,2,7812,Node_49,20,0,13,20,13,,,,,,,,,
9,VISIT,930,Random,OnArrival,3,2,7812,Node_20,19,0,10,19,10,,,,,,,,,
9,VISIT,931,Random,OnArrival,3,2,7812,Node_16,17,0,12,17,12,,,,,,,,,
9,VISIT,932,Random,OnArrival,3,2,7812,Node_17,21,0,12,21,12,,,,,,,,,
9,VISIT,929,Random,OnArrival,3,3,7822,Node_52,20,0,14,20,14,,,,,,,,,
9,VISIT,930,Random,OnArrival,3,3,7822,Node_2,19,0,11,19,11,,,,,,,,,
9,VISIT,931,Random,OnArrival,3,3,7822,Node_18,16,0,12,16,12,,,,,,,,,
9,VISIT,932,Random,OnArrival,3,3,7822,Node_19,21,0,13,21,13,,,,,,,,,
9,VISIT,930,Random,OnArrival,3,4,7832,Node_6,19,0,12,19,12,,,,,,,,,
9,VISIT,931,Random,OnArrival,3,4,7832,Node_29,15,0,12,15,12,,,,,,,,,
9,VISIT,932,Random,OnArrival,3,4,7832,Node_22,21,0,14,21,14,,,,,,,,,
9,VISIT,929,Random,OnArrival,3,4,7844,Node_91,18,0,14,18,14,,,,,,,,,
9,VISIT,930,Random,OnArrival,3,5,7844,Node_46,20,0,12,20,12,,,,,,,,,
9,VISIT,931,Random,OnArrival,3,5,7844,Node_31,15,0,13,15,13,,,,,,,,,
9,VISIT,932,Random,OnArrival,3,5,7844,Node_25,21,0,15,21,15,,,,,,,,,
9,VISIT,926,Random,OnArrival,3,34,7848,Node_358,29,0,25,29,25,,,,,,,,,
9,VISIT,929,Random,OnArrival,3,5,7854,Node_94,18,0,15,18,15,,,,,,,,,
9,VISIT,930,Random,OnArrival,3,6,7854,Node_49,20,0,13,20,13,,,,,,,,,
9,VISIT,931,Random,OnArrival,3,6,7854,Node_133,15,0,14,15,14,,,,,,,,,
9,VISIT,932,Random,OnArrival,3,6,7854,Node_27,21,0,16,21,16,,,,,,,,,
9,VISIT,929,Random,OnArrival,3,6,7864,Node_97,18,0,16,18,16,,,,,,,,,
9,VISIT,930,Random,OnArrival,3,7,7864,Node_52,20,0,14,20,14,,,,,,,,,
9,VISIT,931,Random,OnArrival,3,7,7864,Node_136,15,0,15,15,15,,,,,,,,,
9,VISIT,929,Random,OnArrival,3,7,7876,Node_100,18,0,17,18,17,,,,,,,,,
9,VISIT,931,Random,OnArrival,3,8,7876,Node_139,15,0,16,15,16,,,,,,,,,
9,VISIT,932,Random,OnArrival,3,7,7876,Node_30,21,0,18,21,18,,,,,,,,,
9,VISIT,929,Random,OnArrival,3,8,7889,Node_102,18,0,18,18,18,,,,,,,,,
9,VISIT,930,Random,OnArrival,3,8,7889,Node_91,18,0,14,18,14,,,,,,,,,
9,VISIT,931,Random,OnArrival,3,9,7889,Node_142,16,0,16,16,16,,,,,,,,,
9,VISIT,932,Random,OnArrival,3,8,7889,Node_162,20,0,18,20,18,,,,,,,,,
9,VISIT,926,Random,OnArrival,3,35,7894,Node_307,25,0,25,25,25,,,,,,,,,
9,VISIT,929,Random,OnArrival,3,9,7901,Node_105,18,0,19,18,19,,,,,,,,,
9,VISIT,930,Random,OnArrival,3,9,7901,Node_94,18,0,15,18,15,,,,,,,,,
9,VISIT,931,Random,OnArrival,3,10,7901,Node_120,17,0,16,17,16,,,,,,,,,
9,VISIT,926,Random,OnArrival,3,36,7907,Node_299,24,0,25,24,25,,,,,,,,,
9,VISIT,929,Random,OnArrival,3,10,7914,Node_107,18,0,20,18,20,,,,,,,,,
9,VISIT,930,Random,OnArrival,3,10,7914,Node_97,18,0,16,18,16,,,,,,,,,
9,VISIT,931,Random,OnArrival,3,11,7914,Node_121,17,0,17,17,17,,,,,,,,,
9,VISIT,932,Random,OnArrival,3,9,7914,Node_102,18,0,18,18,18,,,,,,,,,
9,VISIT,929,Random,OnArrival,3,11,7927,Node_109,18,0,21,18,21,,,,,,,,,
9,VISIT,930,Random,OnArrival,3,11,7927,Node_100,18,0,17,18,17,,,,,,,,,
9,VISIT,931,Random,OnArrival,3,12,7927,Node_122,17,0,18,17,18,,,,,,,,,
9,VISIT,932,Random,OnArrival,3,10,7927,Node_105,18,0,19,18,19,,,,,,,,,
9,VISIT,929,Random,OnArrival,3,12,7941,Node_111,18,0,22,18,22,,,,,,,,,
9,VISIT,930,Random,OnArrival,3,12,7941,Node_102,18,0,18,18,18,,,,,,,,,
9,VISIT,931,Random,OnArrival,3,13,7941,Node_123,17,0,19,17,19,,,,,,,,,
9,VISIT,932,Random,OnArrival,3,11,7941,Node_107,18,0,20,18,20,,,,,,,,,
9,VISIT,929,Random,OnArrival,3,13,7956,Node_308,19,0,22,19,22,,,,,,,,,
9,VISIT,930,Random,OnArrival,3,13,7956,Node_105,18,0,19,18,19,,,,,,,,,
9,VISIT,931,Random,OnArrival,3,14,7956,Node_124,17,0,20,17,20,,,,,,,,,
9,VISIT,932,Random,OnArrival,3,12,7956,Node_109,18,0,21,18,21,,,,,,,,,
9,VISIT,929,Random,OnArrival,3,14,7971,Node_111,18,0,22,18,22,,,,,,,,,
9,VISIT,930,Random,OnArrival,3,14,7971,Node_107,18,0,20,18,20,,,,,,,,,
9,VISIT,931,Random,OnArrival,3,15,7971,Node_125,17,0,21,17,21,,,,,,,,,
9,VISIT,932,Random,OnArrival,3,13,7971,Node_111,18,0,22,18,22,,,,,,,,,
9,VISIT,926,Random,OnArrival,3,37,7977,Node_302,19,0,25,19,25,,,,,,,,,
9,VISIT,929,Random,OnArrival,3,15,7986,Node_112,18,0,23,18,23,,,,,,,,,
9,VISIT,930,Random,OnArrival,3,15,7986,Node_109,18,0,21,18,21,,,,,,,,,
9,VISIT,931,Random,OnArrival,3,16,7986,Node_109,18,0,21,18,21,,,,,,,,,
9,VISIT,932,Random,OnArrival,3,14,7986,Node_308,19,0,22,19,22,,,,,,,,,
9,VISIT,930,Random,OnArrival,3,16,8001,Node_111,18,0,22,18,22,,,,,,,,,
9,VISIT,931,Random,OnArrival,3,17,8001,Node_111,18,0,22,18,22,,,,,,,,,
9,VISIT,932,Random,OnArrival,3,15,8001,Node_306,19,0,23,19,23,,,,,,,,,
9,VISIT,926,Random,OnArrival,3,38,8006,Node_363,18,0,24,18,24,,,,,,,,,
9,VISIT,929,Random,OnArrival,3,16,8015,Node_362,18,0,25,18,25,,,,,,,,,
9,VISIT,930,Random,OnArrival,3,17,8015,Node_112,18,0,23,18,23,,,,,,,,,
9,VISIT,931,Random,OnArrival,3,18,8015,Node_308,19,0,22,19,22,,,,,,,,,
9,VISIT,932,Random,OnArrival,3,16,8015,Node_112,18,0,23,18,23,,,,,,,,,
9,VISIT,926,Random,OnArrival,3,39,8020,Node_304,19,0,24,19,24,,,,,,,,,
9,VISIT,930,Random,OnArrival,3,18,8029,Node_306,19,0,23,19,23,,,,,,,,,
9,VISIT,931,Random,OnArrival,3,19,8029,Node_306,19,0,23,19,23,,,,,,,,,
9,VISIT,932,Random,OnArrival,3,17,8029,Node_363,18,0,24,18,24,,,,,,,,,
9,VISIT,926,Random,OnArrival,3,40,8034,Node_302,19,0,25,19,25,,,,,,,,,
9,VISIT,932,Random,OnArrival,3,18,8044,Node_362,18,0,25,18,25,,,,,,,,,
9,VISIT,926,Random,OnArrival,3,41,8049,Node_362,18,0,25,18,25,,,,,,,,,
9,VISIT,929,Random,OnArrival,3,17,8059,Node_322,15,0,25,15,25,,,,,,,,,
9,VISIT,930,Random,OnArrival,3,19,8059,Node_318,21,0,23,21,23,,,,,,,,,
9,VISIT,931,Random,OnArrival,3,20,8059,Node_318,21,0,23,21,23,,,,,,,,,
9,VISIT,929,Random,OnArrival,3,18,8074,Node_321,15,0,24,15,24,,,,,,,,,
9,VISIT,929,Random,OnArrival,3,19,8090,Node_324,14,0,24,14,24,,,,,,,,,
9,VISIT,930,Random,OnArrival,3,20,8090,Node_306,19,0,23,19,23,,,,,,,,,
9,VISIT,931,Random,OnArrival,3,21,8090,Node_306,19,0,23,19,23,,,,,,,,,
9,VISIT,932,Random,OnArrival,3,19,8090,Node_322,15,0,25,15,25,,,,,,,,,
9,VISIT,926,Random,OnArrival,3,42,8093,Node_322,15,0,25,15,25,,,,,,,,,
9,VISIT,929,Random,OnArrival,3,20,8105,Node_325,14,0,23,14,23,,,,,,,,,
9,VISIT,930,Random,OnArrival,3,21,8105,Node_304,19,0,24,19,24,,,,,,,,,
9,VISIT,931,Random,OnArrival,3,22,8105,Node_304,19,0,24,19,24,,,,,,,,,
9,VISIT,932,Random,OnArrival,3,20,8105,Node_321,15,0,24,15,24,,,,,,,,,
9,VISIT,926,Random,OnArrival,3,43,8108,Node_321,15,0,24,15,24,,,,,,,,,
9,VISIT,929,Random,OnArrival,3,21,8120,Node_319,15,0,23,15,23,,,,,,,,,
9,VISIT,930,Random,OnArrival,3,22,8120,Node_302,19,0,25,19,25,,,,,,,,,
9,VISIT,931,Random,OnArrival,3,23,8120,Node_302,19,0,25,19,25,,,,,,,,,
9,VISIT,932,Random,OnArrival,3,21,8120,Node_324,14,0,24,14,24,,,,,,,,,
9,VISIT,926,Random,OnArrival,3,44,8123,Node_319,15,0,23,15,23,,,,,,,,,
9,VISIT,929,Random,OnArrival,3,22,8135,Node_325,14,0,23,14,23,,,,,,,,,
9,VISIT,932,Random,OnArrival,3,22,8135,Node_325,14,0,23,14,23,,,,,,,,,
9,VISIT,926,Random,OnArrival,3,45,8138,Node_325,14,0,23,14,23,,,,,,,,,
9,VISIT,929,Random,OnArrival,3,23,8150,Node_340,14,0,22,14,22,,,,,,,,,
9,VISIT,932,Random,OnArrival,3,23,8150,Node_340,14,0,22,14,22,,,,,,,,,
9,VISIT,926,Random,OnArrival,3,46,8153,Node_340,14,0,22,14,22,,,,,,,,,
9,VISIT,929,Random,OnArrival,3,24,8165,Node_317,15,0,22,15,22,,,,,,,,,
9,VISIT,932,Random,OnArrival,3,24,8165,Node_317,15,0,22,15,22,,,,,,,,,
9,VISIT,926,Random,OnArrival,3,47,8168,Node_317,15,0,22,15,22,,,,,,,,,
9,VISIT,929,Random,OnArrival,3,25,8180,Node_340,14,0,22,14,22,,,,,,,,,
9,VISIT,932,Random,OnArrival,3,25,8180,Node_340,14,0,22,14,22,,,,,,,,,
9,VISIT,926,Random,OnArrival,3,48,8183,Node_340,14,0,22,14,22,,,,,,,,,
9,VISIT,929,Random,OnArrival,3,26,8195,Node_346,13,0,22,13,22,,,,,,,,,
9,VISIT,930,Random,OnArrival,3,23,8195,Node_299,24,0,25,24,25,,,,,,,,,
9,VISIT,931,Random,OnArrival,3,24,8195,Node_299,24,0,25,24,25,,,,,,,,,
9,VISIT,932,Random,OnArrival,3,26,8195,Node_346,13,0,22,13,22,,,,,,,,,
9,VISIT,926,Random,OnArrival,3,49,8198,Node_346,13,0,22,13,22,,,,,,,,,
9,VISIT,929,Random,OnArrival,3,27,8210,Node_347,12,0,22,12,22,,,,,,,,,
9,VISIT,930,Random,OnArrival,3,24,8210,Node_307,25,0,25,25,25,,,,,,,,,
9,VISIT,931,Random,OnArrival,3,25,8210,Node_307,25,0,25,25,25,,,,,,,,,
9,VISIT,932,Random,OnArrival,3,27,8210,Node_347,12,0,22,12,22,,,,,,,,,
9,VISIT,926,Random,OnArrival,3,50,8213,Node_347,12,0,22,12,22,,,,,,,,,
9,VISIT,926,Random,OnArrival,3,51,8228,Node_364,12,0,21,12,21,,,,,,,,,
9,VISIT,926,Random,OnArrival,3,52,8243,Node_365,12,0,20,12,20,,,,,,,,,
9,VISIT,929,Random,OnArrival,3,28,8253,Node_116,11,0,20,11,20,,,,,,,,,
9,VISIT,932,Random,OnArrival,3,28,8253,Node_116,11,0,20,11,20,,,,,,,,,
9,VISIT,926,Random,OnArrival,3,53,8257,Node_116,11,0,20,11,20,,,,,,,,,
9,VISIT,929,Random,OnArrival,3,29,8268,Node_365,12,0,20,12,20,,,,,,,,,
9,VISIT,930,Random,OnArrival,3,25,8268,Node_358,29,0,25,29,25,,,,,,,,,
9,VISIT,931,Random,OnArrival,3,26,8268,Node_358,29,0,25,29,25,,,,,,,,,
9,VISIT,932,Random,OnArrival,3,29,8268,Node_117,11,0,21,11,21,,,,,,,,,
9,VISIT,929,Random,OnArrival,3,30,8284,Node_364,12,0,21,12,21,,,,,,,,,
9,VISIT,930,Random,OnArrival,3,26,8284,Node_361,30,0,25,30,25,,,,,,,,,
9,VISIT,931,Random,OnArrival,3,27,8284,Node_361,30,0,25,30,25,,,,,,,,,
9,VISIT,926,Random,OnArrival,3,54,8287,Node_115,11,0,18,11,18,,,,,,,,,
9,VISIT,929,Random,OnArrival,3,31,8299,Node_117,11,0,21,11,21,,,,,,,,,
9,VISIT,932,Random,OnArrival,3,30,8299,Node_353,11,0,23,11,23,,,,,,,,,
9,VISIT,932,Random,OnArrival,3,31,8312,Node_352,11,0,24,11,24,,,,,,,,,
9,VISIT,926,Random,OnArrival,3,55,8315,Node_239,9,0,18,9,18,,,,,,,,,
9,VISIT,932,Random,OnArrival,3,32,8326,Node_349,12,0,24,12,24,,,,,,,,,
9,VISIT,926,Random,OnArrival,3,56,8330,Node_238,9,0,17,9,17,,,,,,,,,
9,VISIT,933,Random,OnArrival,3,0,8333,Node_6,19,0,12,19,12,,,,,,,,,
9,VISIT,934,Random,OnArrival,3,0,8333,Node_7,19,0,8,19,8,,,,,,,,,
9,VISIT,935,Random,OnArrival,3,0,8333,Node_8,17,0,10,17,10,,,,,,,,,
9,VISIT,936,Random,OnArrival,3,0,8333,Node_9,21,0,10,21,10,,,,,,,,,
9,VISIT,926,Random,OnArrival,3,57,8337,Node_330,8,0,17,8,17,,,,,,,,,
9,VISIT,932,Random,OnArrival,3,33,8337,Node_352,11,0,24,11,24,,,,,,,,,
9,VISIT,933,Random,OnArrival,3,1,8340,Node_46,20,0,12,20,12,,,,,,,,,
9,VISIT,934,Random,OnArrival,3,1,8340,Node_3,19,0,9,19,9,,,,,,,,,
9,VISIT,935,Random,OnArrival,3,1,8340,Node_4,18,0,10,18,10,,,,,,,,,
9,VISIT,936,Random,OnArrival,3,1,8340,Node_13,21,0,11,21,11,,,,,,,,,
9,VISIT,926,Random,OnArrival,3,58,8346,Node_238,9,0,17,9,17,,,,,,,,,
9,VISIT,932,Random,OnArrival,3,34,8346,Node_354,10,0,24,10,24,,,,,,,,,
9,VISIT,933,Random,OnArrival,3,2,8349,Node_49,20,0,13,20,13,,,,,,,,,
9,VISIT,934,Random,OnArrival,3,2,8349,Node_20,19,0,10,19,10,,,,,,,,,
9,VISIT,935,Random,OnArrival,3,2,8349,Node_14,18,0,11,18,11,,,,,,,,,
9,VISIT,936,Random,OnArrival,3,2,8349,Node_17,21,0,12,21,12,,,,,,,,,
9,VISIT,926,Random,OnArrival,3,59,8355,Node_237,9,0,16,9,16,,,,,,,,,
9,VISIT,932,Random,OnArrival,3,35,8355,Node_357,9,0,24,9,24,,,,,,,,,
9,VISIT,933,Random,OnArrival,3,3,8358,Node_52,20,0,14,20,14,,,,,,,,,
9,VISIT,934,Random,OnArrival,3,3,8358,Node_2,19,0,11,19,11,,,,,,,,,
9,VISIT,935,Random,OnArrival,3,3,8358,Node_10,18,0,12,18,12,,,,,,,,,
9,VISIT,936,Random,OnArrival,3,3,8358,Node_19,21,0,13,21,13,,,,,,,,,
9,VISIT,926,Random,OnArrival,3,60,8365,Node_329,8,0,16,8,16,,,,,,,,,
9,VISIT,932,Random,OnArrival,3,36,8365,Node_356,9,0,25,9,25,,,,,,,,,
9,VISIT,933,Random,OnArrival,3,4,8368,Node_54,20,0,15,20,15,,,,,,,,,
9,VISIT,934,Random,OnArrival,3,4,8368,Node_6,19,0,12,19,12,,,,,,,,,
9,VISIT,935,Random,OnArrival,3,4,8368,Node_6,19,0,12,19,12,,,,,,,,,
9,VISIT,936,Random,OnArrival,3,4,8368,Node_22,21,0,14,21,14,,,,,,,,,
9,VISIT,926,Random,OnArrival,3,61,8374,Node_237,9,0,16,9,16,,,,,,,,,
9,VISIT,929,Random,OnArrival,3,32,8374,Node_336,7,0,20,7,20,,,,,,,,,
9,VISIT,933,Random,OnArrival,3,5,8378,Node_25,21,0,15,21,15,,,,,,,,,
9,VISIT,934,Random,OnArrival,3,5,8378,Node_46,20,0,12,20,12,,,,,,,,,
9,VISIT,935,Random,OnArrival,3,5,8378,Node_46,20,0,12,20,12,,,,,,,,,
9,VISIT,936,Random,OnArrival,3,5,8378,Node_25,21,0,15,21,15,,,,,,,,,
9,VISIT,926,Random,OnArrival,3,62,8384,Node_236,9,0,15,9,15,,,,,,,,,
9,VISIT,929,Random,OnArrival,3,33,8384,Node_377,8,0,20,8,20,,,,,,,,,
9,VISIT,930,Random,OnArrival,3,27,8384,Node_360,30,0,24,30,24,,,,,,,,,
9,VISIT,931,Random,OnArrival,3,28,8384,Node_360,30,0,24,30,24,,,,,,,,,
9,VISIT,933,Random,OnArrival,3,6,8388,Node_27,21,0,16,21,16,,,,,,,,,
9,VISIT,934,Random,OnArrival,3,6,8388,Node_49,20,0,13,20,13,,,,,,,,,
9,VISIT,935,Random,OnArrival,3,6,8388,Node_49,20,0,13,20,13,,,,,,,,,
9,VISIT,936,Random,OnArrival,3,6,8388,Node_27,21,0,16,21,16,,,,,,,,,
9,VISIT,926,Random,OnArrival,3,63,8394,Node_327,8,0,15,8,15,,,,,,,,,
9,VISIT,930,Random,OnArrival,3,28,8394,Node_368,31,0,24,31,24,,,,,,,,,
9,VISIT,931,Random,OnArrival,3,29,8394,Node_368,31,0,24,31,24,,,,,,,,,
9,VISIT,934,Random,OnArrival,3,7,8398,Node_52,20,0,14,20,14,,,,,,,,,
9,VISIT,935,Random,OnArrival,3,7,8398,Node_52,20,0,14,20,14,,,,,,,,,
9,VISIT,926,Random,OnArrival,3,64,8406,Node_326,8,0,14,8,14,,,,,,,,,
9,VISIT,929,Random,OnArrival,3,34,8406,Node_369,9,0,21,9,21,,,,,,,,,
9,VISIT,933,Random,OnArrival,3,7,8410,Node_30,21,0,18,21,18,,,,,,,,,
9,VISIT,934,Random,OnArrival,3,8,8410,Node_54,20,0,15,20,15,,,,,,,,,
9,VISIT,935,Random,OnArrival,3,8,8410,Node_54,20,0,15,20,15,,,,,,,,,
9,VISIT,936,Random,OnArrival,3,7,8410,Node_30,21,0,18,21,18,,,,,,,,,
9,VISIT,926,Random,OnArrival,3,65,8415,Node_234,9,0,14,9,14,,,,,,,,,
9,VISIT,929,Random,OnArrival,3,35,8415,Node_375,8,0,21,8,21,,,,,,,,,
9,VISIT,933,Random,OnArrival,3,8,8420,Node_32,21,0,19,21,19,,,,,,,,,
9,VISIT,934,Random,OnArrival,3,9,8420,Node_25,21,0,15,21,15,,,,,,,,,
9,VISIT,935,Random,OnArrival,3,9,8420,Node_25,21,0,15,21,15,,,,,,,,,
9,VISIT,936,Random,OnArrival,3,8,8420,Node_32,21,0,19,21,19,,,,,,,,,
9,VISIT,926,Random,OnArrival,3,66,8425,Node_231,9,0,13,9,13,,,,,,,,,
9,VISIT,929,Random,OnArrival,3,36,8425,Node_377,8,0,20,8,20,,,,,,,,,
9,VISIT,931,Random,OnArrival,3,30,8425,Node_367,31,0,25,31,25,,,,,,,,,
9,VISIT,933,Random,OnArrival,3,9,8431,Node_34,21,0,20,21,20,,,,,,,,,
9,VISIT,934,Random,OnArrival,3,10,8431,Node_27,21,0,16,21,16,,,,,,,,,
9,VISIT,935,Random,OnArrival,3,10,8431,Node_27,21,0,16,21,16,,,,,,,,,
9,VISIT,936,Random,OnArrival,3,9,8431,Node_34,21,0,20,21,20,,,,,,,,,
9,VISIT,926,Random,OnArrival,3,67,8436,Node_192,10,0,13,10,13,,,,,,,,,
9,VISIT,929,Random,OnArrival,3,37,8436,Node_336,7,0,20,7,20,,,,,,,,,
9,VISIT,931,Random,OnArrival,3,31,8436,Node_368,31,0,24,31,24,,,,,,,,,
9,VISIT,933,Random,OnArrival,3,10,8442,Node_328,21,0,21,21,21,,,,,,,,,
9,VISIT,936,Random,OnArrival,3,10,8442,Node_328,21,0,21,21,21,,,,,,,,,
9,VISIT,926,Random,OnArrival,3,68,8449,Node_194,10,0,14,10,14,,,,,,,,,
9,VISIT,929,Random,OnArrival,3,38,8449,Node_334,7,0,19,7,19,,,,,,,,,
9,VISIT,931,Random,OnArrival,3,32,8449,Node_370,31,0,23,31,23,,,,,,,,,
9,VISIT,932,Random,OnArrival,3,37,8449,Node_386,6,0,22,6,22,,,,,,,,,
9,VISIT,933,Random,OnArrival,3,11,8455,Node_320,21,0,22,21,22,,,,,,,,,
9,VISIT,934,Random,OnArrival,3,11,8455,Node_30,21,0,18,21,18,,,,,,,,,
9,VISIT,935,Random,OnArrival,3,11,8455,Node_30,21,0,18,21,18,,,,,,,,,
9,VISIT,936,Random,OnArrival,3,11,8455,Node_320,21,0,22,21,22,,,,,,,,,
9,VISIT,926,Random,OnArrival,3,69,8461,Node_234,9,0,14,9,14,,,,,,,,,
9,VISIT,929,Random,OnArrival,3,39,8461,Node_342,6,0,19,6,19,,,,,,,,,
9,VISIT,931,Random,OnArrival,3,33,8461,Node_379,30,0,23,30,23,,,,,,,,,
9,VISIT,933,Random,OnArrival,3,12,8466,Node_318,21,0,23,21,23,,,,,,,,,
9,VISIT,934,Random,OnArrival,3,12,8466,Node_32,21,0,19,21,19,,,,,,,,,
9,VISIT,935,Random,OnArrival,3,12,8466,Node_32,21,0,19,21,19,,,,,,,,,
9,VISIT,936,Random,OnArrival,3,12,8466,Node_318,21,0,23,21,23,,,,,,,,,
9,VISIT,926,Random,OnArrival,3,70,8473,Node_236,9,0,15,9,15,,,,,,,,,
9,VISIT,931,Random,OnArrival,3,34,8473,Node_370,31,0,23,31,23,,,,,,,,,
9,VISIT,934,Random,OnArrival,3,13,8477,Node_34,21,0,20,21,20,,,,,,,,,
9,VISIT,935,Random,OnArrival,3,13,8477,Node_34,21,0,20,21,20,,,,,,,,,
9,VISIT,926,Random,OnArrival,3,71,8485,Node_197,10,0,15,10,15,,,,,,,,,
9,VISIT,931,Random,OnArrival,3,35,8485,Node_372,31,0,22,31,22,,,,,,,,,
9,VISIT,932,Random,OnArrival,3,38,8485,Node_385,6,0,23,6,23,,,,,,,,,
9,VISIT,933,Random,OnArrival,3,13,8490,Node_306,19,0,23,19,23,,,,,,,,,
9,VISIT,934,Random,OnArrival,3,14,8490,Node_328,21,0,21,21,21,,,,,,,,,
9,VISIT,935,Random,OnArrival,3,14,8490,Node_328,21,0,21,21,21,,,,,,,,,
9,VISIT,936,Random,OnArrival,3,13,8490,Node_306,19,0,23,19,23,,,,,,,,,
9,VISIT,926,Random,OnArrival,3,72,8498,Node_194,10,0,14,10,14,,,,,,,,,
9,VISIT,931,Random,OnArrival,3,36,8498,Node_378,30,0,22,30,22,,,,,,,,,
9,VISIT,932,Random,OnArrival,3,39,8498,Node_386,6,0,22,6,22,,,,,,,,,
9,VISIT,933,Random,OnArrival,3,14,8503,Node_304,19,0,24,19,24,,,,,,,,,
9,VISIT,934,Random,OnArrival,3,15,8503,Node_320,21,0,22,21,22,,,,,,,,,
9,VISIT,935,Random,OnArrival,3,15,8503,Node_320,21,0,22,21,22,,,,,,,,,
9,VISIT,936,Random,OnArrival,3,14,8503,Node_304,19,0,24,19,24,,,,,,,,,
9,VISIT,926,Random,OnArrival,3,73,8511,Node_192,10,0,13,10,13,,,,,,,,,
9,VISIT,931,Random,OnArrival,3,37,8511,Node_376,30,0,21,30,21,,,,,,,,,
9,VISIT,932,Random,OnArrival,3,40,8511,Node_388,7,0,22,7,22,,,,,,,,,
9,VISIT,933,Random,OnArrival,3,15,8516,Node_302,19,0,25,19,25,,,,,,,,,
9,VISIT,934,Random,OnArrival,3,16,8516,Node_318,21,0,23,21,23,,,,,,,,,
9,VISIT,935,Random,OnArrival,3,16,8516,Node_318,21,0,23,21,23,,,,,,,,,
9,VISIT,936,Random,OnArrival,3,15,8516,Node_302,19,0,25,19,25,,,,,,,,,
9,VISIT,926,Random,OnArrival,3,74,8524,Node_231,9,0,13,9,13,,,,,,,,,
9,VISIT,932,Random,OnArrival,3,41,8524,Node_373,8,0,22,8,22,,,,,,,,,
9,VISIT,926,Random,OnArrival,3,75,8538,Node_229,9,0,12,9,12,,,,,,,,,
9,VISIT,931,Random,OnArrival,3,38,8538,Node_265,28,0,21,28,21,,,,,,,,,
9,VISIT,932,Random,OnArrival,3,42,8538,Node_375,8,0,21,8,21,,,,,,,,,
9,VISIT,934,Random,OnArrival,3,17,8543,Node_306,19,0,23,19,23,,,,,,,,,
9,VISIT,935,Random,OnArrival,3,17,8543,Node_306,19,0,23,19,23,,,,,,,,,
9,VISIT,932,Random,OnArrival,3,43,8552,Node_377,8,0,20,8,20,,,,,,,,,
9,VISIT,934,Random,OnArrival,3,18,8557,Node_304,19,0,24,19,24,,,,,,,,,
9,VISIT,935,Random,OnArrival,3,18,8557,Node_304,19,0,24,19,24,,,,,,,,,
9,VISIT,931,Random,OnArrival,3,39,8566,Node_376,30,0,21,30,21,,,,,,,,,
9,VISIT,932,Random,OnArrival,3,44,8566,Node_336,7,0,20,7,20,,,,,,,,,
9,VISIT,934,Random,OnArrival,3,19,8571,Node_302,19,0,25,19,25,,,,,,,,,
9,VISIT,935,Random,OnArrival,3,19,8571,Node_302,19,0,25,19,25,,,,,,,,,
9,VISIT,931,Random,OnArrival,3,40,8579,Node_374,31,0,21,31,21,,,,,,,,,
9,VISIT,932,Random,OnArrival,3,45,8579,Node_339,6,0,20,6,20,,,,,,,,,
9,VISIT,933,Random,OnArrival,3,16,8584,Node_299,24,0,25,24,25,,,,,,,,,
9,VISIT,936,Random,OnArrival,3,16,8584,Node_299,24,0,25,24,25,,,,,,,,,
9,VISIT,933,Random,OnArrival,3,17,8598,Node_307,25,0,25,25,25,,,,,,,,,
9,VISIT,936,Random,OnArrival,3,17,8598,Node_307,25,0,25,25,25,,,,,,,,,
9,VISIT,931,Random,OnArrival,3,41,8606,Node_280,32,0,22,32,22,,,,,,,,,
9,VISIT,932,Random,OnArrival,3,46,8606,Node_389,5,0,19,5,19,,,,,,,,,
9,VISIT,931,Random,OnArrival,3,42,8621,Node_372,31,0,22,31,22,,,,,,,,,
9,VISIT,931,Random,OnArrival,3,43,8635,Node_374,31,0,21,31,21,,,,,,,,,
9,VISIT,934,Random,OnArrival,3,20,8641,Node_299,24,0,25,24,25,,,,,,,,,
9,VISIT,935,Random,OnArrival,3,20,8641,Node_299,24,0,25,24,25,,,,,,,,,
9,VISIT,931,Random,OnArrival,3,44,8649,Node_394,32,0,21,32,21,,,,,,,,,
9,VISIT,933,Random,OnArrival,3,18,8655,Node_358,29,0,25,29,25,,,,,,,,,
9,VISIT,934,Random,OnArrival,3,21,8655,Node_307,25,0,25,25,25,,,,,,,,,
9,VISIT,935,Random,OnArrival,3,21,8655,Node_307,25,0,25,25,25,,,,,,,,,
9,VISIT,936,Random,OnArrival,3,18,8655,Node_358,29,0,25,29,25,,,,,,,,,
9,VISIT,933,Random,OnArrival,3,19,8669,Node_361,30,0,25,30,25,,,,,,,,,
9,VISIT,936,Random,OnArrival,3,19,8669,Node_361,30,0,25,30,25,,,,,,,,,
9,VISIT,931,Random,OnArrival,3,45,8676,Node_269,32,0,19,32,19,,,,,,,,,
9,VISIT,933,Random,OnArrival,3,20,8683,Node_367,31,0,25,31,25,,,,,,,,,
9,VISIT,936,Random,OnArrival,3,20,8683,Node_367,31,0,25,31,25,,,,,,,,,
9,VISIT,931,Random,OnArrival,3,46,8690,Node_276,33,0,19,33,19,,,,,,,,,
9,VISIT,933,Random,OnArrival,3,21,8698,Node_384,32,0,25,32,25,,,,,,,,,
9,VISIT,936,Random,OnArrival,3,21,8698,Node_384,32,0,25,32,25,,,,,,,,,
9,VISIT,931,Random,OnArrival,3,47,8704,Node_275,33,0,18,33,18,,,,,,,,,
9,VISIT,934,Random,OnArrival,3,22,8712,Node_358,29,0,25,29,25,,,,,,,,,
9,VISIT,935,Random,OnArrival,3,22,8712,Node_358,29,0,25,29,25,,,,,,,,,
9,VISIT,934,Random,OnArrival,3,23,8727,Node_361,30,0,25,30,25,,,,,,,,,
9,VISIT,935,Random,OnArrival,3,23,8727,Node_361,30,0,25,30,25,,,,,,,,,
9,VISIT,931,Random,OnArrival,3,48,8732,Node_271,32,0,17,32,17,,,,,,,,,
9,VISIT,934,Random,OnArrival,3,24,8742,Node_367,31,0,25,31,25,,,,,,,,,
9,VISIT,935,Random,OnArrival,3,24,8742,Node_367,31,0,25,31,25,,,,,,,,,
9,VISIT,931,Random,OnArrival,3,49,8747,Node_261,31,0,17,31,17,,,,,,,,,
9,VISIT,934,Random,OnArrival,3,25,8757,Node_384,32,0,25,32,25,,,,,,,,,
9,VISIT,935,Random,OnArrival,3,25,8757,Node_384,32,0,25,32,25,,,,,,,,,
9,VISIT,931,Random,OnArrival,3,50,8762,Node_282,30,0,17,30,17,,,,,,,,,
9,VISIT,931,Random,OnArrival,3,51,8776,Node_261,31,0,17,31,17,,,,,,,,,
9,VISIT,931,Random,OnArrival,3,52,8790,Node_259,31,0,16,31,16,,,,,,,,,
9,VISIT,934,Random,OnArrival,3,26,8799,Node_399,35,0,25,35,25,,,,,,,,,
9,VISIT,935,Random,OnArrival,3,26,8799,Node_399,35,0,25,35,25,,,,,,,,,
9,VISIT,931,Random,OnArrival,3,53,8804,Node_281,30,0,16,30,16,,,,,,,,,
9,VISIT,931,Random,OnArrival,3,54,8818,Node_259,31,0,16,31,16,,,,,,,,,
9,VISIT,937,Random,OnArrival,3,0,8825,Node_6,19,0,12,19,12,,,,,,,,,
9,VISIT,938,Random,OnArrival,3,0,8825,Node_7,19,0,8,19,8,,,,,,,,,
9,VISIT,939,Random,OnArrival,3,0,8825,Node_8,17,0,10,17,10,,,,,,,,,
9,VISIT,940,Random,OnArrival,3,0,8825,Node_9,21,0,10,21,10,,,,,,,,,
9,VISIT,931,Random,OnArrival,3,55,8829,Node_267,32,0,16,32,16,,,,,,,,,
9,VISIT,937,Random,OnArrival,3,1,8832,Node_46,20,0,12,20,12,,,,,,,,,
9,VISIT,938,Random,OnArrival,3,1,8832,Node_3,19,0,9,19,9,,,,,,,,,
9,VISIT,939,Random,OnArrival,3,1,8832,Node_4,18,0,10,18,10,,,,,,,,,
9,VISIT,940,Random,OnArrival,3,1,8832,Node_13,21,0,11,21,11,,,,,,,,,
9,VISIT,931,Random,OnArrival,3,56,8838,Node_271,32,0,17,32,17,,,,,,,,,
9,VISIT,937,Random,OnArrival,3,2,8841,Node_49,20,0,13,20,13,,,,,,,,,
9,VISIT,938,Random,OnArrival,3,2,8841,Node_20,19,0,10,19,10,,,,,,,,,
9,VISIT,939,Random,OnArrival,3,2,8841,Node_14,18,0,11,18,11,,,,,,,,,
9,VISIT,940,Random,OnArrival,3,2,8841,Node_17,21,0,12,21,12,,,,,,,,,
9,VISIT,931,Random,OnArrival,3,57,8846,Node_266,32,0,18,32,18,,,,,,,,,
9,VISIT,937,Random,OnArrival,3,3,8849,Node_52,20,0,14,20,14,,,,,,,,,
9,VISIT,938,Random,OnArrival,3,3,8849,Node_2,19,0,11,19,11,,,,,,,,,
9,VISIT,939,Random,OnArrival,3,3,8849,Node_10,18,0,12,18,12,,,,,,,,,
9,VISIT,940,Random,OnArrival,3,3,8849,Node_19,21,0,13,21,13,,,,,,,,,
9,VISIT,931,Random,OnArrival,3,58,8854,Node_269,32,0,19,32,19,,,,,,,,,
9,VISIT,937,Random,OnArrival,3,4,8857,Node_54,20,0,15,20,15,,,,,,,,,
9,VISIT,938,Random,OnArrival,3,4,8857,Node_6,19,0,12,19,12,,,,,,,,,
9,VISIT,939,Random,OnArrival,3,4,8857,Node_6,19,0,12,19,12,,,,,,,,,
9,VISIT,940,Random,OnArrival,3,4,8857,Node_22,21,0,14,21,14,,,,,,,,,
9,VISIT,931,Random,OnArrival,3,59,8862,Node_397,32,0,20,32,20,,,,,,,,,
9,VISIT,937,Random,OnArrival,3,5,8865,Node_25,21,0,15,21,15,,,,,,,,,
9,VISIT,938,Random,OnArrival,3,5,8865,Node_46,20,0,12,20,12,,,,,,,,,
9,VISIT,939,Random,OnArrival,3,5,8865,Node_46,20,0,12,20,12,,,,,,,,,
9,VISIT,940,Random,OnArrival,3,5,8865,Node_25,21,0,15,21,15,,,,,,,,,
9,VISIT,931,Random,OnArrival,3,60,8870,Node_277,33,0,20,33,20,,,,,,,,,
9,VISIT,937,Random,OnArrival,3,6,8874,Node_27,21,0,16,21,16,,,,,,,,,
9,VISIT,938,Random,OnArrival,3,6,8874,Node_49,20,0,13,20,13,,,,,,,,,
9,VISIT,939,Random,OnArrival,3,6,8874,Node_49,20,0,13,20,13,,,,,,,,,
9,VISIT,940,Random,OnArrival,3,6,8874,Node_27,21,0,16,21,16,,,,,,,,,
9,VISIT,931,Random,OnArrival,3,61,8878,Node_397,32,0,20,32,20,,,,,,,,,
9,VISIT,938,Random,OnArrival,3,7,8883,Node_52,20,0,14,20,14,,,,,,,,,
9,VISIT,939,Random,OnArrival,3,7,8883,Node_52,20,0,14,20,14,,,,,,,,,
9,VISIT,931,Random,OnArrival,3,62,8888,Node_394,32,0,21,32,21,,,,,,,,,
9,VISIT,937,Random,OnArrival,3,7,8894,Node_30,21,0,18,21,18,,,,,,,,,
9,VISIT,938,Random,OnArrival,3,8,8894,Node_54,20,0,15,20,15,,,,,,,,,
9,VISIT,939,Random,OnArrival,3,8,8894,Node_54,20,0,15,20,15,,,,,,,,,
9,VISIT,940,Random,OnArrival,3,7,8894,Node_30,21,0,18,21,18,,,,,,,,,
9,VISIT,931,Random,OnArrival,3,63,8898,Node_278,33,0,21,33,21,,,,,,,,,
9,VISIT,937,Random,OnArrival,3,8,8903,Node_32,21,0,19,21,19,,,,,,,,,
9,VISIT,938,Random,OnArrival,3,9,8903,Node_25,21,0,15,21,15,,,,,,,,,
9,VISIT,939,Random,OnArrival,3,9,8903,Node_25,21,0,15,21,15,,,,,,,,,
9,VISIT,940,Random,OnArrival,3,8,8903,Node_32,21,0,19,21,19,,,,,,,,,
9,VISIT,931,Random,OnArrival,3,64,8907,Node_279,33,0,22,33,22,,,,,,,,,
9,VISIT,935,Random,OnArrival,3,27,8907,Node_412,35,0,16,35,16,,,,,,,,,
9,VISIT,937,Random,OnArrival,3,9,8912,Node_34,21,0,20,21,20,,,,,,,,,
9,VISIT,938,Random,OnArrival,3,10,8912,Node_27,21,0,16,21,16,,,,,,,,,
9,VISIT,939,Random,OnArrival,3,10,8912,Node_27,21,0,16,21,16,,,,,,,,,
9,VISIT,940,Random,OnArrival,3,9,8912,Node_34,21,0,20,21,20,,,,,,,,,
9,VISIT,935,Random,OnArrival,3,28,8917,Node_415,35,0,15,35,15,,,,,,,,,
9,VISIT,936,Random,OnArrival,3,22,8917,Node_415,35,0,15,35,15,,,,,,,,,
9,VISIT,937,Random,OnArrival,3,10,8922,Node_328,21,0,21,21,21,,,,,,,,,
9,VISIT,940,Random,OnArrival,3,10,8922,Node_328,21,0,21,21,21,,,,,,,,,
9,VISIT,931,Random,OnArrival,3,65,8930,Node_402,35,0,22,35,22,,,,,,,,,
9,VISIT,935,Random,OnArrival,3,29,8930,Node_424,34,0,15,34,15,,,,,,,,,
9,VISIT,936,Random,OnArrival,3,23,8930,Node_417,35,0,14,35,14,,,,,,,,,
9,VISIT,937,Random,OnArrival,3,11,8935,Node_320,21,0,22,21,22,,,,,,,,,
9,VISIT,938,Random,OnArrival,3,11,8935,Node_30,21,0,18,21,18,,,,,,,,,
9,VISIT,939,Random,OnArrival,3,11,8935,Node_30,21,0,18,21,18,,,,,,,,,
9,VISIT,940,Random,OnArrival,3,11,8935,Node_320,21,0,22,21,22,,,,,,,,,
9,VISIT,931,Random,OnArrival,3,66,8940,Node_411,36,0,22,36,22,,,,,,,,,
9,VISIT,935,Random,OnArrival,3,30,8940,Node_415,35,0,15,35,15,,,,,,,,,
9,VISIT,936,Random,OnArrival,3,24,8940,Node_423,34,0,14,34,14,,,,,,,,,
9,VISIT,937,Random,OnArrival,3,12,8945,Node_318,21,0,23,21,23,,,,,,,,,
9,VISIT,938,Random,OnArrival,3,12,8945,Node_32,21,0,19,21,19,,,,,,,,,
9,VISIT,939,Random,OnArrival,3,12,8945,Node_32,21,0,19,21,19,,,,,,,,,
9,VISIT,940,Random,OnArrival,3,12,8945,Node_318,21,0,23,21,23,,,,,,,,,
9,VISIT,931,Random,OnArrival,3,67,8951,Node_413,36,0,21,36,21,,,,,,,,,
9,VISIT,935,Random,OnArrival,3,31,8951,Node_412,35,0,16,35,16,,,,,,,,,
9,VISIT,936,Random,OnArrival,3,25,8951,Node_421,34,0,13,34,13,,,,,,,,,
9,VISIT,938,Random,OnArrival,3,13,8956,Node_34,21,0,20,21,20,,,,,,,,,
9,VISIT,939,Random,OnArrival,3,13,8956,Node_34,21,0,20,21,20,,,,,,,,,
9,VISIT,931,Random,OnArrival,3,68,8963,Node_403,35,0,21,35,21,,,,,,,,,
9,VISIT,935,Random,OnArrival,3,32,8963,Node_410,35,0,17,35,17,,,,,,,,,
9,VISIT,937,Random,OnArrival,3,13,8968,Node_306,19,0,23,19,23,,,,,,,,,
9,VISIT,938,Random,OnArrival,3,14,8968,Node_328,21,0,21,21,21,,,,,,,,,
9,VISIT,939,Random,OnArrival,3,14,8968,Node_328,21,0,21,21,21,,,,,,,,,
9,VISIT,940,Random,OnArrival,3,13,8968,Node_306,19,0,23,19,23,,,,,,,,,
9,VISIT,931,Random,OnArrival,3,69,8975,Node_402,35,0,22,35,22,,,,,,,,,
9,VISIT,936,Random,OnArrival,3,26,8975,Node_292,32,0,13,32,13,,,,,,,,,
9,VISIT,937,Random,OnArrival,3,14,8980,Node_304,19,0,24,19,24,,,,,,,,,
9,VISIT,938,Random,OnArrival,3,15,8980,Node_320,21,0,22,21,22,,,,,,,,,
9,VISIT,939,Random,OnArrival,3,15,8980,Node_320,21,0,22,21,22,,,,,,,,,
9,VISIT,940,Random,OnArrival,3,14,8980,Node_304,19,0,24,19,24,,,,,,,,,
9,VISIT,931,Random,OnArrival,3,70,8987,Node_411,36,0,22,36,22,,,,,,,,,
9,VISIT,936,Random,OnArrival,3,27,8987,Node_293,32,0,12,32,12,,,,,,,,,
9,VISIT,937,Random,OnArrival,3,15,8991,Node_302,19,0,25,19,25,,,,,,,,,
9,VISIT,938,Random,OnArrival,3,16,8991,Node_318,21,0,23,21,23,,,,,,,,,
9,VISIT,939,Random,OnArrival,3,16,8991,Node_318,21,0,23,21,23,,,,,,,,,
9,VISIT,940,Random,OnArrival,3,15,8991,Node_302,19,0,25,19,25,,,,,,,,,
9,VISIT,931,Random,OnArrival,3,71,8999,Node_409,36,0,23,36,23,,,,,,,,,
9,VISIT,935,Random,OnArrival,3,33,8999,Node_275,33,0,18,33,18,,,,,,,,,
9,VISIT,936,Random,OnArrival,3,28,8999,Node_291,31,0,12,31,12,,,,,,,,,
9,VISIT,931,Random,OnArrival,3,72,9013,Node_401,35,0,23,35,23,,,,,,,,,
9,VISIT,935,Random,OnArrival,3,34,9013,Node_426,34,0,18,34,18,,,,,,,,,
9,VISIT,936,Random,OnArrival,3,29,9013,Node_257,31,0,13,31,13,,,,,,,,,
9,VISIT,938,Random,OnArrival,3,17,9017,Node_306,19,0,23,19,23,,,,,,,,,
9,VISIT,939,Random,OnArrival,3,17,9017,Node_306,19,0,23,19,23,,,,,,,,,
9,VISIT,931,Random,OnArrival,3,73,9026,Node_400,35,0,24,35,24,,,,,,,,,
9,VISIT,935,Random,OnArrival,3,35,9026,Node_408,35,0,18,35,18,,,,,,,,,
9,VISIT,936,Random,OnArrival,3,30,9026,Node_292,32,0,13,32,13,,,,,,,,,
9,VISIT,938,Random,OnArrival,3,18,9030,Node_304,19,0,24,19,24,,,,,,,,,
9,VISIT,939,Random,OnArrival,3,18,9030,Node_304,19,0,24,19,24,,,,,,,,,
9,VISIT,931,Random,OnArrival,3,74,9039,Node_407,36,0,24,36,24,,,,,,,,,
9,VISIT,935,Random,OnArrival,3,36,9039,Node_418,36,0,18,36,18,,,,,,,,,
9,VISIT,938,Random,OnArrival,3,19,9044,Node_302,19,0,25,19,25,,,,,,,,,
9,VISIT,939,Random,OnArrival,3,19,9044,Node_302,19,0,25,19,25,,,,,,,,,
9,VISIT,931,Random,OnArrival,3,75,9053,Node_405,36,0,25,36,25,,,,,,,,,
9,VISIT,935,Random,OnArrival,3,37,9053,Node_408,35,0,18,35,18,,,,,,,,,
9,VISIT,936,Random,OnArrival,3,31,9053,Node_421,34,0,13,34,13,,,,,,,,,
9,VISIT,937,Random,OnArrival,3,16,9058,Node_299,24,0,25,24,25,,,,,,,,,
9,VISIT,940,Random,OnArrival,3,16,9058,Node_299,24,0,25,24,25,,,,,,,,,
9,VISIT,935,Random,OnArrival,3,38,9067,Node_410,35,0,17,35,17,,,,,,,,,
9,VISIT,936,Random,OnArrival,3,32,9067,Node_419,35,0,13,35,13,,,,,,,,,
9,VISIT,937,Random,OnArrival,3,17,9071,Node_307,25,0,25,25,25,,,,,,,,,
9,VISIT,940,Random,OnArrival,3,17,9071,Node_307,25,0,25,25,25,,,,,,,,,
9,VISIT,935,Random,OnArrival,3,39,9080,Node_420,36,0,17,36,17,,,,,,,,,
9,VISIT,938,Random,OnArrival,3,20,9113,Node_299,24,0,25,24,25,,,,,,,,,
9,VISIT,939,Random,OnArrival,3,20,9113,Node_299,24,0,25,24,25,,,,,,,,,
9,VISIT,935,Random,OnArrival,3,40,9121,Node_422,36,0,16,36,16,,,,,,,,,
9,VISIT,937,Random,OnArrival,3,18,9126,Node_358,29,0,25,29,25,,,,,,,,,
9,VISIT,938,Random,OnArrival,3,21,9126,Node_307,25,0,25,25,25,,,,,,,,,
9,VISIT,939,Random,OnArrival,3,21,9126,Node_307,25,0,25,25,25,,,,,,,,,
9,VISIT,940,Random,OnArrival,3,18,9126,Node_358,29,0,25,29,25,,,,,,,,,
9,VISIT,935,Random,OnArrival,3,41,9133,Node_420,36,0,17,36,17,,,,,,,,,
9,VISIT,937,Random,OnArrival,3,19,9138,Node_361,30,0,25,30,25,,,,,,,,,
9,VISIT,940,Random,OnArrival,3,19,9138,Node_361,30,0,25,30,25,,,,,,,,,
9,VISIT,935,Random,OnArrival,3,42,9146,Node_410,35,0,17,35,17,,,,,,,,,
9,VISIT,937,Random,OnArrival,3,20,9151,Node_367,31,0,25,31,25,,,,,,,,,
9,VISIT,940,Random,OnArrival,3,20,9151,Node_367,31,0,25,31,25,,,,,,,,,
9,VISIT,935,Random,OnArrival,3,43,9159,Node_425,34,0,17,34,17,,,,,,,,,
9,VISIT,937,Random,OnArrival,3,21,9164,Node_384,32,0,25,32,25,,,,,,,,,
9,VISIT,940,Random,OnArrival,3,21,9164,Node_384,32,0,25,32,25,,,,,,,,,
9,VISIT,935,Random,OnArrival,3,44,9172,Node_398,33,0,17,33,17,,,,,,,,,
9,VISIT,938,Random,OnArrival,3,22,9177,Node_358,29,0,25,29,25,,,,,,,,,
9,VISIT,939,Random,OnArrival,3,22,9177,Node_358,29,0,25,29,25,,,,,,,,,
9,VISIT,935,Random,OnArrival,3,45,9185,Node_275,33,0,18,33,18,,,,,,,,,
9,VISIT,938,Random,OnArrival,3,23,9191,Node_361,30,0,25,30,25,,,,,,,,,
9,VISIT,939,Random,OnArrival,3,23,9191,Node_361,30,0,25,30,25,,,,,,,,,
9,VISIT,935,Random,OnArrival,3,46,9199,Node_426,34,0,18,34,18,,,,,,,,,
9,VISIT,937,Random,OnArrival,3,22,9205,Node_399,35,0,25,35,25,,,,,,,,,
9,VISIT,938,Random,OnArrival,3,24,9205,Node_367,31,0,25,31,25,,,,,,,,,
9,VISIT,939,Random,OnArrival,3,24,9205,Node_367,31,0,25,31,25,,,,,,,,,
9,VISIT,940,Random,OnArrival,3,22,9205,Node_399,35,0,25,35,25,,,,,,,,,
9,VISIT,935,Random,OnArrival,3,47,9213,Node_408,35,0,18,35,18,,,,,,,,,
9,VISIT,937,Random,OnArrival,3,23,9219,Node_405,36,0,25,36,25,,,,,,,,,
9,VISIT,938,Random,OnArrival,3,25,9219,Node_384,32,0,25,32,25,,,,,,,,,
9,VISIT,939,Random,OnArrival,3,25,9219,Node_384,32,0,25,32,25,,,,,,,,,
9,VISIT,940,Random,OnArrival,3,23,9219,Node_405,36,0,25,36,25,,,,,,,,,
9,VISIT,935,Random,OnArrival,3,48,9226,Node_406,35,0,19,35,19,,,,,,,,,
9,VISIT,935,Random,OnArrival,3,49,9240,Node_416,36,0,19,36,19,,,,,,,,,
9,VISIT,937,Random,OnArrival,3,24,9246,Node_427,38,0,25,38,25,,,,,,,,,
9,VISIT,940,Random,OnArrival,3,24,9246,Node_427,38,0,25,38,25,,,,,,,,,
9,VISIT,935,Random,OnArrival,3,50,9254,Node_439,37,0,19,37,19,,,,,,,,,
9,VISIT,938,Random,OnArrival,3,26,9260,Node_399,35,0,25,35,25,,,,,,,,,
9,VISIT,939,Random,OnArrival,3,26,9260,Node_399,35,0,25,35,25,,,,,,,,,
9,VISIT,938,Random,OnArrival,3,27,9273,Node_405,36,0,25,36,25,,,,,,,,,
9,VISIT,939,Random,OnArrival,3,27,9273,Node_405,36,0,25,36,25,,,,,,,,,
9,VISIT,941,Random,OnArrival,3,0,9274,Node_6,19,0,12,19,12,,,,,,,,,
9,VISIT,942,Random,OnArrival,3,0,9274,Node_7,19,0,8,19,8,,,,,,,,,
9,VISIT,943,Random,OnArrival,3,0,9274,Node_8,17,0,10,17,10,,,,,,,,,
9,VISIT,944,Random,OnArrival,3,0,9274,Node_9,21,0,10,21,10,,,,,,,,,
9,VISIT,935,Random,OnArrival,3,51,9278,Node_414,36,0,20,36,20,,,,,,,,,
9,VISIT,937,Random,OnArrival,3,25,9279,Node_428,38,0,24,38,24,,,,,,,,,
9,VISIT,940,Random,OnArrival,3,25,9279,Node_428,38,0,24,38,24,,,,,,,,,
9,VISIT,941,Random,OnArrival,3,1,9280,Node_46,20,0,12,20,12,,,,,,,,,
9,VISIT,942,Random,OnArrival,3,1,9280,Node_3,19,0,9,19,9,,,,,,,,,
9,VISIT,943,Random,OnArrival,3,1,9280,Node_4,18,0,10,18,10,,,,,,,,,
9,VISIT,944,Random,OnArrival,3,1,9280,Node_13,21,0,11,21,11,,,,,,,,,
9,VISIT,935,Random,OnArrival,3,52,9285,Node_404,35,0,20,35,20,,,,,,,,,
9,VISIT,937,Random,OnArrival,3,26,9287,Node_442,39,0,24,39,24,,,,,,,,,
9,VISIT,938,Random,OnArrival,3,28,9287,Node_427,38,0,25,38,25,,,,,,,,,
9,VISIT,939,Random,OnArrival,3,28,9287,Node_427,38,0,25,38,25,,,,,,,,,
9,VISIT,941,Random,OnArrival,3,2,9288,Node_49,20,0,13,20,13,,,,,,,,,
9,VISIT,942,Random,OnArrival,3,2,9288,Node_20,19,0,10,19,10,,,,,,,,,
9,VISIT,943,Random,OnArrival,3,2,9288,Node_14,18,0,11,18,11,,,,,,,,,
9,VISIT,944,Random,OnArrival,3,2,9288,Node_17,21,0,12,21,12,,,,,,,,,
9,VISIT,935,Random,OnArrival,3,53,9292,Node_414,36,0,20,36,20,,,,,,,,,
9,VISIT,938,Random,OnArrival,3,29,9295,Node_440,39,0,25,39,25,,,,,,,,,
9,VISIT,939,Random,OnArrival,3,29,9295,Node_428,38,0,24,38,24,,,,,,,,,
9,VISIT,940,Random,OnArrival,3,26,9295,Node_433,38,0,22,38,22,,,,,,,,,
9,VISIT,941,Random,OnArrival,3,3,9296,Node_52,20,0,14,20,14,,,,,,,,,
9,VISIT,942,Random,OnArrival,3,3,9296,Node_2,19,0,11,19,11,,,,,,,,,
9,VISIT,943,Random,OnArrival,3,3,9296,Node_10,18,0,12,18,12,,,,,,,,,
9,VISIT,944,Random,OnArrival,3,3,9296,Node_19,21,0,13,21,13,,,,,,,,,
9,VISIT,935,Random,OnArrival,3,54,9300,Node_441,37,0,20,37,20,,,,,,,,,
9,VISIT,941,Random,OnArrival,3,4,9303,Node_54,20,0,15,20,15,,,,,,,,,
9,VISIT,942,Random,OnArrival,3,4,9303,Node_6,19,0,12,19,12,,,,,,,,,
9,VISIT,943,Random,OnArrival,3,4,9303,Node_6,19,0,12,19,12,,,,,,,,,
9,VISIT,944,Random,OnArrival,3,4,9303,Node_22,21,0,14,21,14,,,,,,,,,
9,VISIT,935,Random,OnArrival,3,55,9307,Node_437,38,0,20,38,20,,,,,,,,,
9,VISIT,937,Random,OnArrival,3,27,9309,Node_440,39,0,25,39,25,,,,,,,,,
9,VISIT,939,Random,OnArrival,3,30,9309,Node_433,38,0,22,38,22,,,,,,,,,
9,VISIT,941,Random,OnArrival,3,5,9310,Node_25,21,0,15,21,15,,,,,,,,,
9,VISIT,942,Random,OnArrival,3,5,9310,Node_46,20,0,12,20,12,,,,,,,,,
9,VISIT,943,Random,OnArrival,3,5,9310,Node_46,20,0,12,20,12,,,,,,,,,
9,VISIT,944,Random,OnArrival,3,5,9310,Node_25,21,0,15,21,15,,,,,,,,,
9,VISIT,935,Random,OnArrival,3,56,9314,Node_438,38,0,19,38,19,,,,,,,,,
9,VISIT,937,Random,OnArrival,3,28,9317,Node_427,38,0,25,38,25,,,,,,,,,
9,VISIT,939,Random,OnArrival,3,31,9317,Node_435,38,0,21,38,21,,,,,,,,,
9,VISIT,940,Random,OnArrival,3,27,9317,Node_435,38,0,21,38,21,,,,,,,,,
9,VISIT,941,Random,OnArrival,3,6,9318,Node_27,21,0,16,21,16,,,,,,,,,
9,VISIT,942,Random,OnArrival,3,6,9318,Node_49,20,0,13,20,13,,,,,,,,,
9,VISIT,943,Random,OnArrival,3,6,9318,Node_49,20,0,13,20,13,,,,,,,,,
9,VISIT,944,Random,OnArrival,3,6,9318,Node_27,21,0,16,21,16,,,,,,,,,
9,VISIT,937,Random,OnArrival,3,29,9325,Node_428,38,0,24,38,24,,,,,,,,,
9,VISIT,938,Random,OnArrival,3,30,9325,Node_443,40,0,24,40,24,,,,,,,,,
9,VISIT,939,Random,OnArrival,3,32,9325,Node_447,39,0,21,39,21,,,,,,,,,
9,VISIT,940,Random,OnArrival,3,28,9325,Node_433,38,0,22,38,22,,,,,,,,,
9,VISIT,942,Random,OnArrival,3,7,9326,Node_52,20,0,14,20,14,,,,,,,,,
9,VISIT,943,Random,OnArrival,3,7,9326,Node_52,20,0,14,20,14,,,,,,,,,
9,VISIT,938,Random,OnArrival,3,31,9336,Node_448,41,0,24,41,24,,,,,,,,,
9,VISIT,939,Random,OnArrival,3,33,9336,Node_435,38,0,21,38,21,,,,,,,,,
9,VISIT,941,Random,OnArrival,3,7,9337,Node_30,21,0,18,21,18,,,,,,,,,
9,VISIT,942,Random,OnArrival,3,8,9337,Node_54,20,0,15,20,15,,,,,,,,,
9,VISIT,943,Random,OnArrival,3,8,9337,Node_54,20,0,15,20,15,,,,,,,,,
9,VISIT,944,Random,OnArrival,3,7,9337,Node_30,21,0,18,21,18,,,,,,,,,
9,VISIT,937,Random,OnArrival,3,30,9344,Node_433,38,0,22,38,22,,,,,,,,,
9,VISIT,939,Random,OnArrival,3,34,9344,Node_437,38,0,20,38,20,,,,,,,,,
9,VISIT,940,Random,OnArrival,3,29,9344,Node_428,38,0,24,38,24,,,,,,,,,
9,VISIT,941,Random,OnArrival,3,8,9345,Node_32,21,0,19,21,19,,,,,,,,,
9,VISIT,942,Random,OnArrival,3,9,9345,Node_25,21,0,15,21,15,,,,,,,,,
9,VISIT,943,Random,OnArrival,3,9,9345,Node_25,21,0,15,21,15,,,,,,,,,
9,VISIT,944,Random,OnArrival,3,8,9345,Node_32,21,0,19,21,19,,,,,,,,,
9,VISIT,937,Random,OnArrival,3,31,9352,Node_445,39,0,22,39,22,,,,,,,,,
9,VISIT,939,Random,OnArrival,3,35,9352,Node_438,38,0,19,38,19,,,,,,,,,
9,VISIT,940,Random,OnArrival,3,30,9352,Node_442,39,0,24,39,24,,,,,,,,,
9,VISIT,941,Random,OnArrival,3,9,9353,Node_34,21,0,20,21,20,,,,,,,,,
9,VISIT,942,Random,OnArrival,3,10,9353,Node_27,21,0,16,21,16,,,,,,,,,
9,VISIT,943,Random,OnArrival,3,10,9353,Node_27,21,0,16,21,16,,,,,,,,,
9,VISIT,944,Random,OnArrival,3,9,9353,Node_34,21,0,20,21,20,,,,,,,,,
9,VISIT,937,Random,OnArrival,3,32,9360,Node_433,38,0,22,38,22,,,,,,,,,
9,VISIT,938,Random,OnArrival,3,32,9360,Node_446,41,0,25,41,25,,,,,,,,,
9,VISIT,940,Random,OnArrival,3,31,9360,Node_443,40,0,24,40,24,,,,,,,,,
9,VISIT,941,Random,OnArrival,3,10,9362,Node_328,21,0,21,21,21,,,,,,,,,
9,VISIT,944,Random,OnArrival,3,10,9362,Node_328,21,0,21,21,21,,,,,,,,,
9,VISIT,937,Random,OnArrival,3,33,9371,Node_435,38,0,21,38,21,,,,,,,,,
9,VISIT,938,Random,OnArrival,3,33,9371,Node_448,41,0,24,41,24,,,,,,,,,
9,VISIT,939,Random,OnArrival,3,36,9371,Node_449,40,0,19,40,19,,,,,,,,,
9,VISIT,940,Random,OnArrival,3,32,9371,Node_448,41,0,24,41,24,,,,,,,,,
9,VISIT,941,Random,OnArrival,3,11,9373,Node_320,21,0,22,21,22,,,,,,,,,
9,VISIT,942,Random,OnArrival,3,11,9373,Node_30,21,0,18,21,18,,,,,,,,,
9,VISIT,943,Random,OnArrival,3,11,9373,Node_30,21,0,18,21,18,,,,,,,,,
9,VISIT,944,Random,OnArrival,3,11,9373,Node_320,21,0,22,21,22,,,,,,,,,
9,VISIT,937,Random,OnArrival,3,34,9380,Node_437,38,0,20,38,20,,,,,,,,,
9,VISIT,938,Random,OnArrival,3,34,9380,Node_451,42,0,24,42,24,,,,,,,,,
9,VISIT,940,Random,OnArrival,3,33,9380,Node_451,42,0,24,42,24,,,,,,,,,
9,VISIT,941,Random,OnArrival,3,12,9382,Node_318,21,0,23,21,23,,,,,,,,,
9,VISIT,942,Random,OnArrival,3,12,9382,Node_32,21,0,19,21,19,,,,,,,,,
9,VISIT,943,Random,OnArrival,3,12,9382,Node_32,21,0,19,21,19,,,,,,,,,
9,VISIT,944,Random,OnArrival,3,12,9382,Node_318,21,0,23,21,23,,,,,,,,,
9,VISIT,937,Random,OnArrival,3,35,9389,Node_438,38,0,19,38,19,,,,,,,,,
9,VISIT,942,Random,OnArrival,3,13,9391,Node_34,21,0,20,21,20,,,,,,,,,
9,VISIT,943,Random,OnArrival,3,13,9391,Node_34,21,0,20,21,20,,,,,,,,,
9,VISIT,941,Random,OnArrival,3,13,9403,Node_306,19,0,23,19,23,,,,,,,,,
9,VISIT,942,Random,OnArrival,3,14,9403,Node_328,21,0,21,21,21,,,,,,,,,
9,VISIT,943,Random,OnArrival,3,14,9403,Node_328,21,0,21,21,21,,,,,,,,,
9,VISIT,944,Random,OnArrival,3,13,9403,Node_306,19,0,23,19,23,,,,,,,,,
9,VISIT,937,Random,OnArrival,3,36,9410,Node_449,40,0,19,40,19,,,,,,,,,
9,VISIT,941,Random,OnArrival,3,14,9414,Node_304,19,0,24,19,24,,,,,,,,,
9,VISIT,942,Random,OnArrival,3,15,9414,Node_320,21,0,22,21,22,,,,,,,,,
9,VISIT,943,Random,OnArrival,3,15,9414,Node_320,21,0,22,21,22,,,,,,,,,
9,VISIT,944,Random,OnArrival,3,14,9414,Node_304,19,0,24,19,24,,,,,,,,,
9,VISIT,937,Random,OnArrival,3,37,9420,Node_450,40,0,18,40,18,,,,,,,,,
9,VISIT,941,Random,OnArrival,3,15,9425,Node_302,19,0,25,19,25,,,,,,,,,
9,VISIT,942,Random,OnArrival,3,16,9425,Node_318,21,0,23,21,23,,,,,,,,,
9,VISIT,943,Random,OnArrival,3,16,9425,Node_318,21,0,23,21,23,,,,,,,,,
9,VISIT,944,Random,OnArrival,3,15,9425,Node_302,19,0,25,19,25,,,,,,,,,
9,VISIT,938,Random,OnArrival,3,35,9430,Node_458,41,0,20,41,20,,,,,,,,,
9,VISIT,939,Random,OnArrival,3,37,9430,Node_458,41,0,20,41,20,,,,,,,,,
9,VISIT,940,Random,OnArrival,3,34,9430,Node_458,41,0,20,41,20,,,,,,,,,
9,VISIT,937,Random,OnArrival,3,38,9443,Node_456,41,0,19,41,19,,,,,,,,,
9,VISIT,938,Random,OnArrival,3,36,9443,Node_456,41,0,19,41,19,,,,,,,,,
9,VISIT,939,Random,OnArrival,3,38,9443,Node_462,42,0,20,42,20,,,,,,,,,
9,VISIT,940,Random,OnArrival,3,35,9443,Node_460,41,0,21,41,21,,,,,,,,,
9,VISIT,942,Random,OnArrival,3,17,9449,Node_306,19,0,23,19,23,,,,,,,,,
9,VISIT,943,Random,OnArrival,3,17,9449,Node_306,19,0,23,19,23,,,,,,,,,
9,VISIT,937,Random,OnArrival,3,39,9455,Node_449,40,0,19,40,19,,,,,,,,,
9,VISIT,938,Random,OnArrival,3,37,9455,Node_463,41,0,18,41,18,,,,,,,,,
9,VISIT,940,Random,OnArrival,3,36,9455,Node_461,42,0,21,42,21,,,,,,,,,
9,VISIT,942,Random,OnArrival,3,18,9460,Node_304,19,0,24,19,24,,,,,,,,,
9,VISIT,943,Random,OnArrival,3,18,9460,Node_304,19,0,24,19,24,,,,,,,,,
9,VISIT,937,Random,OnArrival,3,40,9467,Node_450,40,0,18,40,18,,,,,,,,,
9,VISIT,940,Random,OnArrival,3,37,9467,Node_459,42,0,22,42,22,,,,,,,,,
9,VISIT,942,Random,OnArrival,3,19,9471,Node_302,19,0,25,19,25,,,,,,,,,
9,VISIT,943,Random,OnArrival,3,19,9471,Node_302,19,0,25,19,25,,,,,,,,,
9,VISIT,937,Random,OnArrival,3,41,9479,Node_452,40,0,17,40,17,,,,,,,,,
9,VISIT,941,Random,OnArrival,3,16,9483,Node_299,24,0,25,24,25,,,,,,,,,
9,VISIT,944,Random,OnArrival,3,16,9483,Node_299,24,0,25,24,25,,,,,,,,,
9,VISIT,937,Random,OnArrival,3,42,9491,Node_465,41,0,17,41,17,,,,,,,,,
9,VISIT,941,Random,OnArrival,3,17,9495,Node_307,25,0,25,25,25,,,,,,,,,
9,VISIT,944,Random,OnArrival,3,17,9495,Node_307,25,0,25,25,25,,,,,,,,,
9,VISIT,937,Random,OnArrival,3,43,9503,Node_467,41,0,16,41,16,,,,,,,,,
9,VISIT,937,Random,OnArrival,3,44,9516,Node_454,40,0,16,40,16,,,,,,,,,
9,VISIT,940,Random,OnArrival,3,38,9529,Node_453,42,0,25,42,25,,,,,,,,,
9,VISIT,942,Random,OnArrival,3,20,9534,Node_299,24,0,25,24,25,,,,,,,,,
9,VISIT,943,Random,OnArrival,3,20,9534,Node_299,24,0,25,24,25,,,,,,,,,
9,VISIT,940,Random,OnArrival,3,39,9542,Node_451,42,0,24,42,24,,,,,,,,,
9,VISIT,941,Random,OnArrival,3,18,9546,Node_358,29,0,25,29,25,,,,,,,,,
9,VISIT,942,Random,OnArrival,3,21,9546,Node_307,25,0,25,25,25,,,,,,,,,
9,VISIT,943,Random,OnArrival,3,21,9546,Node_307,25,0,25,25,25,,,,,,,,,
9,VISIT,944,Random,OnArrival,3,18,9546,Node_358,29,0,25,29,25,,,,,,,,,
9,VISIT,937,Random,OnArrival,3,45,9553,Node_431,37,0,16,37,16,,,,,,,,,
9,VISIT,940,Random,OnArrival,3,40,9553,Node_473,43,0,24,43,24,,,,,,,,,
9,VISIT,941,Random,OnArrival,3,19,9558,Node_361,30,0,25,30,25,,,,,,,,,
9,VISIT,944,Random,OnArrival,3,19,9558,Node_361,30,0,25,30,25,,,,,,,,,
9,VISIT,940,Random,OnArrival,3,41,9566,Node_475,43,0,25,43,25,,,,,,,,,
9,VISIT,941,Random,OnArrival,3,20,9571,Node_367,31,0,25,31,25,,,,,,,,,
9,VISIT,944,Random,OnArrival,3,20,9571,Node_367,31,0,25,31,25,,,,,,,,,
9,VISIT,941,Random,OnArrival,3,21,9584,Node_384,32,0,25,32,25,,,,,,,,,
9,VISIT,944,Random,OnArrival,3,21,9584,Node_384,32,0,25,32,25,,,,,,,,,
9,VISIT,937,Random,OnArrival,3,46,9592,Node_454,40,0,16,40,16,,,,,,,,,
9,VISIT,942,Random,OnArrival,3,22,9598,Node_358,29,0,25,29,25,,,,,,,,,
9,VISIT,943,Random,OnArrival,3,22,9598,Node_358,29,0,25,29,25,,,,,,,,,
9,VISIT,942,Random,OnArrival,3,23,9612,Node_361,30,0,25,30,25,,,,,,,,,
9,VISIT,943,Random,OnArrival,3,23,9612,Node_361,30,0,25,30,25,,,,,,,,,
9,VISIT,937,Random,OnArrival,3,47,9618,Node_455,40,0,14,40,14,,,,,,,,,
9,VISIT,941,Random,OnArrival,3,22,9625,Node_399,35,0,25,35,25,,,,,,,,,
9,VISIT,942,Random,OnArrival,3,24,9625,Node_367,31,0,25,31,25,,,,,,,,,
9,VISIT,943,Random,OnArrival,3,24,9625,Node_367,31,0,25,31,25,,,,,,,,,
9,VISIT,944,Random,OnArrival,3,22,9625,Node_399,35,0,25,35,25,,,,,,,,,
9,VISIT,941,Random,OnArrival,3,23,9638,Node_405,36,0,25,36,25,,,,,,,,,
9,VISIT,942,Random,OnArrival,3,25,9638,Node_384,32,0,25,32,25,,,,,,,,,
9,VISIT,943,Random,OnArrival,3,25,9638,Node_384,32,0,25,32,25,,,,,,,,,
9,VISIT,944,Random,OnArrival,3,23,9638,Node_405,36,0,25,36,25,,,,,,,,,
9,VISIT,941,Random,OnArrival,3,24,9665,Node_427,38,0,25,38,25,,,,,,,,,
9,VISIT,944,Random,OnArrival,3,24,9665,Node_427,38,0,25,38,25,,,,,,,,,
9,VISIT,937,Random,OnArrival,3,48,9670,Node_434,38,0,14,38,14,,,,,,,,,
9,VISIT,941,Random,OnArrival,3,25,9678,Node_428,38,0,24,38,24,,,,,,,,,
9,VISIT,942,Random,OnArrival,3,26,9678,Node_399,35,0,25,35,25,,,,,,,,,
9,VISIT,943,Random,OnArrival,3,26,9678,Node_399,35,0,25,35,25,,,,,,,,,
9,VISIT,944,Random,OnArrival,3,25,9678,Node_428,38,0,24,38,24,,,,,,,,,
9,VISIT,945,Random,OnArrival,3,0,9682,Node_6,19,0,12,19,12,,,,,,,,,
9,VISIT,946,Random,OnArrival,3,0,9682,Node_7,19,0,8,19,8,,,,,,,,,
9,VISIT,947,Random,OnArrival,3,0,9682,Node_8,17,0,10,17,10,,,,,,,,,
9,VISIT,948,Random,OnArrival,3,0,9682,Node_9,21,0,10,21,10,,,,,,,,,
9,VISIT,937,Random,OnArrival,3,49,9683,Node_432,37,0,14,37,14,,,,,,,,,
9,VISIT,941,Random,OnArrival,3,26,9686,Node_442,39,0,24,39,24,,,,,,,,,
9,VISIT,942,Random,OnArrival,3,27,9686,Node_405,36,0,25,36,25,,,,,,,,,
9,VISIT,943,Random,OnArrival,3,27,9686,Node_405,36,0,25,36,25,,,,,,,,,
9,VISIT,944,Random,OnArrival,3,26,9686,Node_442,39,0,24,39,24,,,,,,,,,
9,VISIT,945,Random,OnArrival,3,1,9689,Node_2,19,0,11,19,11,,,,,,,,,
9,VISIT,946,Random,OnArrival,3,1,9689,Node_3,19,0,9,19,9,,,,,,,,,
9,VISIT,947,Random,OnArrival,3,1,9689,Node_4,18,0,10,18,10,,,,,,,,,
9,VISIT,948,Random,OnArrival,3,1,9689,Node_13,21,0,11,21,11,,,,,,,,,
9,VISIT,937,Random,OnArrival,3,50,9693,Node_430,37,0,13,37,13,,,,,,,,,
9,VISIT,941,Random,OnArrival,3,27,9694,Node_443,40,0,24,40,24,,,,,,,,,
9,VISIT,944,Random,OnArrival,3,27,9694,Node_443,40,0,24,40,24,,,,,,,,,
9,VISIT,945,Random,OnArrival,3,2,9697,Node_55,20,0,11,20,11,,,,,,,,,
9,VISIT,946,Random,OnArrival,3,2,9697,Node_50,20,0,9,20,9,,,,,,,,,
9,VISIT,947,Random,OnArrival,3,2,9697,Node_14,18,0,11,18,11,,,,,,,,,
9,VISIT,948,Random,OnArrival,3,2,9697,Node_68,22,0,11,22,11,,,,,,,,,
9,VISIT,941,Random,OnArrival,3,28,9702,Node_448,41,0,24,41,24,,,,,,,,,
9,VISIT,942,Random,OnArrival,3,28,9702,Node_427,38,0,25,38,25,,,,,,,,,
9,VISIT,943,Random,OnArrival,3,28,9702,Node_427,38,0,25,38,25,,,,,,,,,
9,VISIT,944,Random,OnArrival,3,28,9702,Node_448,41,0,24,41,24,,,,,,,,,
9,VISIT,945,Random,OnArrival,3,3,9705,Node_13,21,0,11,21,11,,,,,,,,,
9,VISIT,946,Random,OnArrival,3,3,9705,Node_48,21,0,9,21,9,,,,,,,,,
9,VISIT,947,Random,OnArrival,3,3,9705,Node_2,19,0,11,19,11,,,,,,,,,
9,VISIT,948,Random,OnArrival,3,3,9705,Node_89,23,0,11,23,11,,,,,,,,,
9,VISIT,941,Random,OnArrival,3,29,9710,Node_451,42,0,24,42,24,,,,,,,,,
9,VISIT,942,Random,OnArrival,3,29,9710,Node_428,38,0,24,38,24,,,,,,,,,
9,VISIT,943,Random,OnArrival,3,29,9710,Node_428,38,0,24,38,24,,,,,,,,,
9,VISIT,944,Random,OnArrival,3,29,9710,Node_451,42,0,24,42,24,,,,,,,,,
9,VISIT,945,Random,OnArrival,3,4,9713,Node_68,22,0,11,22,11,,,,,,,,,
9,VISIT,946,Random,OnArrival,3,4,9713,Node_71,22,0,9,22,9,,,,,,,,,
9,VISIT,947,Random,OnArrival,3,4,9713,Node_55,20,0,11,20,11,,,,,,,,,
9,VISIT,948,Random,OnArrival,3,4,9713,Node_90,23,0,12,23,12,,,,,,,,,
9,VISIT,941,Random,OnArrival,3,30,9718,Node_457,42,0,23,42,23,,,,,,,,,
9,VISIT,942,Random,OnArrival,3,30,9718,Node_442,39,0,24,39,24,,,,,,,,,
9,VISIT,943,Random,OnArrival,3,30,9718,Node_442,39,0,24,39,24,,,,,,,,,
9,VISIT,944,Random,OnArrival,3,30,9718,Node_457,42,0,23,42,23,,,,,,,,,
9,VISIT,945,Random,OnArrival,3,5,9721,Node_89,23,0,11,23,11,,,,,,,,,
9,VISIT,946,Random,OnArrival,3,5,9721,Node_113,23,0,9,23,9,,,,,,,,,
9,VISIT,947,Random,OnArrival,3,5,9721,Node_13,21,0,11,21,11,,,,,,,,,
9,VISIT,948,Random,OnArrival,3,5,9721,Node_93,24,0,12,24,12,,,,,,,,,
9,VISIT,941,Random,OnArrival,3,31,9727,Node_471,43,0,23,43,23,,,,,,,,,
9,VISIT,942,Random,OnArrival,3,31,9727,Node_443,40,0,24,40,24,,,,,,,,,
9,VISIT,943,Random,OnArrival,3,31,9727,Node_443,40,0,24,40,24,,,,,,,,,
9,VISIT,944,Random,OnArrival,3,31,9727,Node_471,43,0,23,43,23,,,,,,,,,
9,VISIT,945,Random,OnArrival,3,6,9731,Node_90,23,0,12,23,12,,,,,,,,,
9,VISIT,947,Random,OnArrival,3,6,9731,Node_68,22,0,11,22,11,,,,,,,,,
9,VISIT,948,Random,OnArrival,3,6,9731,Node_96,24,0,13,24,13,,,,,,,,,
9,VISIT,941,Random,OnArrival,3,32,9737,Node_473,43,0,24,43,24,,,,,,,,,
9,VISIT,942,Random,OnArrival,3,32,9737,Node_448,41,0,24,41,24,,,,,,,,,
9,VISIT,943,Random,OnArrival,3,32,9737,Node_448,41,0,24,41,24,,,,,,,,,
9,VISIT,944,Random,OnArrival,3,32,9737,Node_469,43,0,22,43,22,,,,,,,,,
9,VISIT,945,Random,OnArrival,3,7,9741,Node_93,24,0,12,24,12,,,,,,,,,
9,VISIT,946,Random,OnArrival,3,6,9741,Node_206,25,0,9,25,9,,,,,,,,,
9,VISIT,947,Random,OnArrival,3,7,9741,Node_89,23,0,11,23,11,,,,,,,,,
9,VISIT,948,Random,OnArrival,3,7,9741,Node_170,25,0,13,25,13,,,,,,,,,
9,VISIT,941,Random,OnArrival,3,33,9747,Node_475,43,0,25,43,25,,,,,,,,,
9,VISIT,942,Random,OnArrival,3,33,9747,Node_451,42,0,24,42,24,,,,,,,,,
9,VISIT,943,Random,OnArrival,3,33,9747,Node_451,42,0,24,42,24,,,,,,,,,
9,VISIT,945,Random,OnArrival,3,8,9751,Node_96,24,0,13,24,13,,,,,,,,,
9,VISIT,946,Random,OnArrival,3,7,9751,Node_211,26,0,9,26,9,,,,,,,,,
9,VISIT,947,Random,OnArrival,3,8,9751,Node_90,23,0,12,23,12,,,,,,,,,
9,VISIT,948,Random,OnArrival,3,8,9751,Node_177,26,0,13,26,13,,,,,,,,,
9,VISIT,942,Random,OnArrival,3,34,9758,Node_457,42,0,23,42,23,,,,,,,,,
9,VISIT,943,Random,OnArrival,3,34,9758,Node_457,42,0,23,42,23,,,,,,,,,
9,VISIT,945,Random,OnArrival,3,9,9762,Node_170,25,0,13,25,13,,,,,,,,,
9,VISIT,946,Random,OnArrival,3,8,9762,Node_240,27,0,9,27,9,,,,,,,,,
9,VISIT,947,Random,OnArrival,3,9,9762,Node_93,24,0,12,24,12,,,,,,,,,
9,VISIT,948,Random,OnArrival,3,9,9762,Node_181,26,0,12,26,12,,,,,,,,,
9,VISIT,942,Random,OnArrival,3,35,9769,Node_459,42,0,22,42,22,,,,,,,,,
9,VISIT,943,Random,OnArrival,3,35,9769,Node_459,42,0,22,42,22,,,,,,,,,
9,VISIT,945,Random,OnArrival,3,10,9773,Node_177,26,0,13,26,13,,,,,,,,,
9,VISIT,946,Random,OnArrival,3,9,9773,Node_242,27,0,10,27,10,,,,,,,,,
9,VISIT,947,Random,OnArrival,3,10,9773,Node_96,24,0,13,24,13,,,,,,,,,
9,VISIT,948,Random,OnArrival,3,10,9773,Node_244,27,0,12,27,12,,,,,,,,,
9,VISIT,942,Random,OnArrival,3,36,9780,Node_461,42,0,21,42,21,,,,,,,,,
9,VISIT,943,Random,OnArrival,3,36,9780,Node_469,43,0,22,43,22,,,,,,,,,
9,VISIT,945,Random,OnArrival,3,11,9784,Node_181,26,0,12,26,12,,,,,,,,,
9,VISIT,946,Random,OnArrival,3,10,9784,Node_248,28,0,10,28,10,,,,,,,,,
9,VISIT,947,Random,OnArrival,3,11,9784,Node_170,25,0,13,25,13,,,,,,,,,
9,VISIT,948,Random,OnArrival,3,11,9784,Node_243,27,0,11,27,11,,,,,,,,,
9,VISIT,942,Random,OnArrival,3,37,9792,Node_462,42,0,20,42,20,,,,,,,,,
9,VISIT,945,Random,OnArrival,3,12,9796,Node_244,27,0,12,27,12,,,,,,,,,
9,VISIT,946,Random,OnArrival,3,11,9796,Node_246,28,0,9,28,9,,,,,,,,,
9,VISIT,947,Random,OnArrival,3,12,9796,Node_177,26,0,13,26,13,,,,,,,,,
9,VISIT,948,Random,OnArrival,3,12,9796,Node_242,27,0,10,27,10,,,,,,,,,
9,VISIT,941,Random,OnArrival,3,34,9804,Node_478,48,0,25,48,25,,,,,,,,,
9,VISIT,942,Random,OnArrival,3,38,9804,Node_464,43,0,20,43,20,,,,,,,,,
9,VISIT,945,Random,OnArrival,3,13,9808,Node_243,27,0,11,27,11,,,,,,,,,
9,VISIT,947,Random,OnArrival,3,13,9808,Node_199,27,0,13,27,13,,,,,,,,,
9,VISIT,948,Random,OnArrival,3,13,9808,Node_240,27,0,9,27,9,,,,,,,,,
9,VISIT,943,Random,OnArrival,3,37,9816,Node_486,46,0,22,46,22,,,,,,,,,
9,VISIT,945,Random,OnArrival,3,14,9821,Node_242,27,0,10,27,10,,,,,,,,,
9,VISIT,946,Random,OnArrival,3,12,9821,Node_287,30,0,9,30,9,,,,,,,,,
9,VISIT,947,Random,OnArrival,3,14,9821,Node_245,28,0,13,28,13,,,,,,,,,
9,VISIT,948,Random,OnArrival,3,14,9821,Node_246,28,0,9,28,9,,,,,,,,,
9,VISIT,943,Random,OnArrival,3,38,9828,Node_487,46,0,21,46,21,,,,,,,,,
9,VISIT,945,Random,OnArrival,3,15,9834,Node_240,27,0,9,27,9,,,,,,,,,
9,VISIT,945,Random,OnArrival,3,16,9847,Node_246,28,0,9,28,9,,,,,,,,,
9,VISIT,947,Random,OnArrival,3,15,9847,Node_250,30,0,13,30,13,,,,,,,,,
9,VISIT,948,Random,OnArrival,3,15,9847,Node_287,30,0,9,30,9,,,,,,,,,
9,VISIT,941,Random,OnArrival,3,35,9852,Node_481,48,0,21,48,21,,,,,,,,,
9,VISIT,947,Random,OnArrival,3,16,9859,Node_257,31,0,13,31,13,,,,,,,,,
9,VISIT,948,Random,OnArrival,3,16,9859,Node_298,31,0,9,31,9,,,,,,,,,
9,VISIT,941,Random,OnArrival,3,36,9864,Node_493,47,0,21,47,21,,,,,,,,,
9,VISIT,943,Random,OnArrival,3,39,9864,Node_488,46,0,20,46,20,,,,,,,,,
9,VISIT,945,Random,OnArrival,3,17,9871,Node_287,30,0,9,30,9,,,,,,,,,
9,VISIT,947,Random,OnArrival,3,17,9871,Node_291,31,0,12,31,12,,,,,,,,,
9,VISIT,941,Random,OnArrival,3,37,9876,Node_481,48,0,21,48,21,,,,,,,,,
9,VISIT,942,Random,OnArrival,3,39,9876,Node_472,43,0,16,43,16,,,,,,,,,
9,VISIT,944,Random,OnArrival,3,33,9876,Node_472,43,0,16,43,16,,,,,,,,,
9,VISIT,945,Random,OnArrival,3,18,9883,Node_288,30,0,10,30,10,,,,,,,,,
9,VISIT,947,Random,OnArrival,3,18,9883,Node_290,31,0,11,31,11,,,,,,,,,
9,VISIT,941,Random,OnArrival,3,38,9888,Node_482,48,0,20,48,20,,,,,,,,,
9,VISIT,942,Random,OnArrival,3,40,9888,Node_474,42,0,16,42,16,,,,,,,,,
9,VISIT,943,Random,OnArrival,3,40,9888,Node_489,44,0,20,44,20,,,,,,,,,
9,VISIT,944,Random,OnArrival,3,34,9888,Node_474,42,0,16,42,16,,,,,,,,,
9,VISIT,945,Random,OnArrival,3,19,9894,Node_296,31,0,10,31,10,,,,,,,,,
9,VISIT,947,Random,OnArrival,3,19,9894,Node_296,31,0,10,31,10,,,,,,,,,
9,VISIT,941,Random,OnArrival,3,39,9900,Node_496,47,0,20,47,20,,,,,,,,,
9,VISIT,942,Random,OnArrival,3,41,9900,Node_467,41,0,16,41,16,,,,,,,,,
9,VISIT,943,Random,OnArrival,3,41,9900,Node_464,43,0,20,43,20,,,,,,,,,
9,VISIT,944,Random,OnArrival,3,35,9900,Node_467,41,0,16,41,16,,,,,,,,,
9,VISIT,945,Random,OnArrival,3,20,9906,Node_298,31,0,9,31,9,,,,,,,,,
9,VISIT,947,Random,OnArrival,3,20,9906,Node_298,31,0,9,31,9,,,,,,,,,
9,VISIT,948,Random,OnArrival,3,17,9906,Node_497,30,0,6,30,6,,,,,,,,,
9,VISIT,941,Random,OnArrival,3,40,9913,Node_488,46,0,20,46,20,,,,,,,,,
9,VISIT,942,Random,OnArrival,3,42,9913,Node_454,40,0,16,40,16,,,,,,,,,
9,VISIT,943,Random,OnArrival,3,42,9913,Node_466,43,0,19,43,19,,,,,,,,,
9,VISIT,944,Random,OnArrival,3,36,9913,Node_454,40,0,16,40,16,,,,,,,,,
9,VISIT,945,Random,OnArrival,3,21,9919,Node_500,31,0,8,31,8,,,,,,,,,
9,VISIT,947,Random,OnArrival,3,21,9919,Node_287,30,0,9,30,9,,,,,,,,,
9,VISIT,948,Random,OnArrival,3,18,9919,Node_503,31,0,6,31,6,,,,,,,,,
9,VISIT,943,Random,OnArrival,3,43,9925,Node_490,44,0,19,44,19,,,,,,,,,
9,VISIT,945,Random,OnArrival,3,22,9932,Node_491,30,0,8,30,8,,,,,,,,,
9,VISIT,947,Random,OnArrival,3,22,9932,Node_491,30,0,8,30,8,,,,,,,,,
9,VISIT,941,Random,OnArrival,3,41,9937,Node_489,44,0,20,44,20,,,,,,,,,
9,VISIT,942,Random,OnArrival,3,43,9937,Node_455,40,0,14,40,14,,,,,,,,,
9,VISIT,943,Random,OnArrival,3,44,9937,Node_466,43,0,19,43,19,,,,,,,,,
9,VISIT,944,Random,OnArrival,3,37,9937,Node_455,40,0,14,40,14,,,,,,,,,
9,VISIT,945,Random,OnArrival,3,23,9944,Node_494,30,0,7,30,7,,,,,,,,,
9,VISIT,947,Random,OnArrival,3,23,9944,Node_494,30,0,7,30,7,,,,,,,,,
9,VISIT,941,Random,OnArrival,3,42,9949,Node_490,44,0,19,44,19,,,,,,,,,
9,VISIT,942,Random,OnArrival,3,44,9949,Node_480,39,0,14,39,14,,,,,,,,,
9,VISIT,943,Random,OnArrival,3,45,9949,Node_468,43,0,18,43,18,,,,,,,,,
9,VISIT,944,Random,OnArrival,3,38,9949,Node_480,39,0,14,39,14,,,,,,,,,
9,VISIT,945,Random,OnArrival,3,24,9956,Node_501,31,0,7,31,7,,,,,,,,,
9,VISIT,947,Random,OnArrival,3,24,9956,Node_501,31,0,7,31,7,,,,,,,,,
9,VISIT,948,Random,OnArrival,3,19,9956,Node_501,31,0,7,31,7,,,,,,,,,
9,VISIT,941,Random,OnArrival,3,43,9961,Node_492,44,0,18,44,18,,,,,,,,,
9,VISIT,942,Random,OnArrival,3,45,9961,Node_434,38,0,14,38,14,,,,,,,,,
9,VISIT,943,Random,OnArrival,3,46,9961,Node_492,44,0,18,44,18,,,,,,,,,
9,VISIT,944,Random,OnArrival,3,39,9961,Node_479,39,0,13,39,13,,,,,,,,,
9,VISIT,945,Random,OnArrival,3,25,9968,Node_508,32,0,7,32,7,,,,,,,,,
9,VISIT,947,Random,OnArrival,3,25,9968,Node_508,32,0,7,32,7,,,,,,,,,
9,VISIT,948,Random,OnArrival,3,20,9968,Node_508,32,0,7,32,7,,,,,,,,,
9,VISIT,941,Random,OnArrival,3,44,9973,Node_468,43,0,18,43,18,,,,,,,,,
9,VISIT,942,Random,OnArrival,3,46,9973,Node_432,37,0,14,37,14,,,,,,,,,
9,VISIT,944,Random,OnArrival,3,40,9973,Node_436,38,0,13,38,13,,,,,,,,,
9,VISIT,941,Random,OnArrival,3,45,9986,Node_492,44,0,18,44,18,,,,,,,,,
9,VISIT,942,Random,OnArrival,3,47,9986,Node_430,37,0,13,37,13,,,,,,,,,
9,VISIT,942,Random,OnArrival,3,48,9998,Node_436,38,0,13,38,13,,,,,,,,,
9,VISIT,941,Random,OnArrival,3,46,10010,Node_512,46,0,18,46,18,,,,,,,,,
9,VISIT,942,Random,OnArrival,3,49,10010,Node_430,37,0,13,37,13,,,,,,,,,
9,VISIT,944,Random,OnArrival,3,41,10010,Node_484,37,0,11,37,11,,,,,,,,,
9,VISIT,942,Random,OnArrival,3,50,10022,Node_483,37,0,12,37,12,,,,,,,,,
9,VISIT,942,Random,OnArrival,3,51,10034,Node_513,38,0,12,38,12,,,,,,,,,
9,VISIT,942,Random,OnArrival,3,52,10046,Node_436,38,0,13,38,13,,,,,,,,,
9,VISIT,941,Random,OnArrival,3,47,10059,Node_518,46,0,16,46,16,,,,,,,,,
9,VISIT,942,Random,OnArrival,3,53,10059,Node_479,39,0,13,39,13,,,,,,,,,
9,VISIT,945,Random,OnArrival,3,26,10063,Node_294,32,0,11,32,11,,,,,,,,,
9,VISIT,947,Random,OnArrival,3,26,10063,Node_294,32,0,11,32,11,,,,,,,,,
9,VISIT,948,Random,OnArrival,3,21,10063,Node_294,32,0,11,32,11,,,,,,,,,
9,VISIT,941,Random,OnArrival,3,48,10070,Node_515,46,0,17,46,17,,,,,,,,,
9,VISIT,942,Random,OnArrival,3,54,10070,Node_477,40,0,13,40,13,,,,,,,,,
9,VISIT,941,Random,OnArrival,3,49,10081,Node_523,47,0,17,47,17,,,,,,,,,
9,VISIT,945,Random,OnArrival,3,27,10085,Node_526,34,0,11,34,11,,,,,,,,,
9,VISIT,947,Random,OnArrival,3,27,10085,Node_526,34,0,11,34,11,,,,,,,,,
9,VISIT,948,Random,OnArrival,3,22,10085,Node_526,34,0,11,34,11,,,,,,,,,
9,VISIT,941,Random,OnArrival,3,50,10092,Node_527,47,0,16,47,16,,,,,,,,,
9,VISIT,949,Random,OnArrival,3,0,10096,Node_6,19,0,12,19,12,,,,,,,,,
9,VISIT,950,Random,OnArrival,3,0,10096,Node_7,19,0,8,19,8,,,,,,,,,
9,VISIT,951,Random,OnArrival,3,0,10096,Node_8,17,0,10,17,10,,,,,,,,,
9,VISIT,952,Random,OnArrival,3,0,10096,Node_9,21,0,10,21,10,,,,,,,,,
9,VISIT,941,Random,OnArrival,3,51,10100,Node_518,46,0,16,46,16,,,,,,,,,
9,VISIT,942,Random,OnArrival,3,55,10100,Node_455,40,0,14,40,14,,,,,,,,,
9,VISIT,949,Random,OnArrival,3,1,10103,Node_2,19,0,11,19,11,,,,,,,,,
9,VISIT,950,Random,OnArrival,3,1,10103,Node_3,19,0,9,19,9,,,,,,,,,
9,VISIT,951,Random,OnArrival,3,1,10103,Node_4,18,0,10,18,10,,,,,,,,,
9,VISIT,952,Random,OnArrival,3,1,10103,Node_48,21,0,9,21,9,,,,,,,,,
9,VISIT,949,Random,OnArrival,3,2,10112,Node_20,19,0,10,19,10,,,,,,,,,
9,VISIT,950,Random,OnArrival,3,2,10112,Node_50,20,0,9,20,9,,,,,,,,,
9,VISIT,951,Random,OnArrival,3,2,10112,Node_15,18,0,9,18,9,,,,,,,,,
9,VISIT,952,Random,OnArrival,3,2,10112,Node_71,22,0,9,22,9,,,,,,,,,
9,VISIT,941,Random,OnArrival,3,52,10116,Node_524,46,0,14,46,14,,,,,,,,,
9,VISIT,942,Random,OnArrival,3,56,10116,Node_454,40,0,16,40,16,,,,,,,,,
9,VISIT,949,Random,OnArrival,3,3,10120,Node_3,19,0,9,19,9,,,,,,,,,
9,VISIT,950,Random,OnArrival,3,3,10120,Node_48,21,0,9,21,9,,,,,,,,,
9,VISIT,951,Random,OnArrival,3,3,10120,Node_3,19,0,9,19,9,,,,,,,,,
9,VISIT,952,Random,OnArrival,3,3,10120,Node_113,23,0,9,23,9,,,,,,,,,
9,VISIT,941,Random,OnArrival,3,53,10124,Node_532,45,0,14,45,14,,,,,,,,,
9,VISIT,942,Random,OnArrival,3,57,10124,Node_467,41,0,16,41,16,,,,,,,,,
9,VISIT,949,Random,OnArrival,3,4,10128,Node_50,20,0,9,20,9,,,,,,,,,
9,VISIT,950,Random,OnArrival,3,4,10128,Node_71,22,0,9,22,9,,,,,,,,,
9,VISIT,951,Random,OnArrival,3,4,10128,Node_50,20,0,9,20,9,,,,,,,,,
9,VISIT,941,Random,OnArrival,3,54,10133,Node_530,45,0,13,45,13,,,,,,,,,
9,VISIT,942,Random,OnArrival,3,58,10133,Node_474,42,0,16,42,16,,,,,,,,,
9,VISIT,949,Random,OnArrival,3,5,10137,Node_48,21,0,9,21,9,,,,,,,,,
9,VISIT,950,Random,OnArrival,3,5,10137,Node_113,23,0,9,23,9,,,,,,,,,
9,VISIT,951,Random,OnArrival,3,5,10137,Node_48,21,0,9,21,9,,,,,,,,,
9,VISIT,952,Random,OnArrival,3,4,10137,Node_206,25,0,9,25,9,,,,,,,,,
9,VISIT,947,Random,OnArrival,3,28,10147,Node_517,34,0,8,34,8,,,,,,,,,
9,VISIT,948,Random,OnArrival,3,23,10147,Node_517,34,0,8,34,8,,,,,,,,,
9,VISIT,949,Random,OnArrival,3,6,10147,Node_71,22,0,9,22,9,,,,,,,,,
9,VISIT,951,Random,OnArrival,3,6,10147,Node_71,22,0,9,22,9,,,,,,,,,
9,VISIT,952,Random,OnArrival,3,5,10147,Node_207,25,0,8,25,8,,,,,,,,,
9,VISIT,941,Random,OnArrival,3,55,10152,Node_535,44,0,14,44,14,,,,,,,,,
9,VISIT,942,Random,OnArrival,3,59,10152,Node_476,42,0,14,42,14,,,,,,,,,
9,VISIT,947,Random,OnArrival,3,29,10157,Node_540,35,0,8,35,8,,,,,,,,,
9,VISIT,948,Random,OnArrival,3,24,10157,Node_540,35,0,8,35,8,,,,,,,,,
9,VISIT,949,Random,OnArrival,3,7,10157,Node_113,23,0,9,23,9,,,,,,,,,
9,VISIT,950,Random,OnArrival,3,6,10157,Node_206,25,0,9,25,9,,,,,,,,,
9,VISIT,951,Random,OnArrival,3,7,10157,Node_113,23,0,9,23,9,,,,,,,,,
9,VISIT,952,Random,OnArrival,3,6,10157,Node_208,25,0,7,25,7,,,,,,,,,
9,VISIT,947,Random,OnArrival,3,30,10168,Node_517,34,0,8,34,8,,,,,,,,,
9,VISIT,948,Random,OnArrival,3,25,10168,Node_517,34,0,8,34,8,,,,,,,,,
9,VISIT,950,Random,OnArrival,3,7,10168,Node_207,25,0,8,25,8,,,,,,,,,
9,VISIT,952,Random,OnArrival,3,7,10168,Node_209,25,0,6,25,6,,,,,,,,,
9,VISIT,947,Random,OnArrival,3,31,10180,Node_519,34,0,9,34,9,,,,,,,,,
9,VISIT,948,Random,OnArrival,3,26,10180,Node_519,34,0,9,34,9,,,,,,,,,
9,VISIT,949,Random,OnArrival,3,8,10180,Node_206,25,0,9,25,9,,,,,,,,,
9,VISIT,950,Random,OnArrival,3,8,10180,Node_208,25,0,7,25,7,,,,,,,,,
9,VISIT,951,Random,OnArrival,3,8,10180,Node_206,25,0,9,25,9,,,,,,,,,
9,VISIT,952,Random,OnArrival,3,8,10180,Node_219,26,0,6,26,6,,,,,,,,,
9,VISIT,941,Random,OnArrival,3,56,10187,Node_545,42,0,13,42,13,,,,,,,,,
9,VISIT,947,Random,OnArrival,3,32,10192,Node_539,35,0,9,35,9,,,,,,,,,
9,VISIT,948,Random,OnArrival,3,27,10192,Node_539,35,0,9,35,9,,,,,,,,,
9,VISIT,949,Random,OnArrival,3,9,10192,Node_207,25,0,8,25,8,,,,,,,,,
9,VISIT,950,Random,OnArrival,3,9,10192,Node_209,25,0,6,25,6,,,,,,,,,
9,VISIT,951,Random,OnArrival,3,9,10192,Node_207,25,0,8,25,8,,,,,,,,,
9,VISIT,949,Random,OnArrival,3,10,10204,Node_208,25,0,7,25,7,,,,,,,,,
9,VISIT,950,Random,OnArrival,3,10,10204,Node_219,26,0,6,26,6,,,,,,,,,
9,VISIT,951,Random,OnArrival,3,10,10204,Node_208,25,0,7,25,7,,,,,,,,,
9,VISIT,941,Random,OnArrival,3,57,10209,Node_547,42,0,11,42,11,,,,,,,,,
9,VISIT,949,Random,OnArrival,3,11,10216,Node_209,25,0,6,25,6,,,,,,,,,
9,VISIT,950,Random,OnArrival,3,11,10216,Node_221,26,0,5,26,5,,,,,,,,,
9,VISIT,951,Random,OnArrival,3,11,10216,Node_209,25,0,6,25,6,,,,,,,,,
9,VISIT,952,Random,OnArrival,3,9,10216,Node_221,26,0,5,26,5,,,,,,,,,
9,VISIT,947,Random,OnArrival,3,33,10227,Node_538,35,0,10,35,10,,,,,,,,,
9,VISIT,948,Random,OnArrival,3,28,10227,Node_538,35,0,10,35,10,,,,,,,,,
9,VISIT,949,Random,OnArrival,3,12,10227,Node_219,26,0,6,26,6,,,,,,,,,
9,VISIT,950,Random,OnArrival,3,12,10227,Node_551,27,0,5,27,5,,,,,,,,,
9,VISIT,951,Random,OnArrival,3,12,10227,Node_219,26,0,6,26,6,,,,,,,,,
9,VISIT,952,Random,OnArrival,3,10,10227,Node_210,25,0,5,25,5,,,,,,,,,
9,VISIT,947,Random,OnArrival,3,34,10239,Node_522,34,0,10,34,10,,,,,,,,,
9,VISIT,948,Random,OnArrival,3,29,10239,Node_522,34,0,10,34,10,,,,,,,,,
9,VISIT,949,Random,OnArrival,3,13,10239,Node_221,26,0,5,26,5,,,,,,,,,
9,VISIT,950,Random,OnArrival,3,13,10239,Node_502,28,0,5,28,5,,,,,,,,,
9,VISIT,951,Random,OnArrival,3,13,10239,Node_221,26,0,5,26,5,,,,,,,,,
9,VISIT,952,Random,OnArrival,3,11,10239,Node_213,24,0,5,24,5,,,,,,,,,
9,VISIT,947,Random,OnArrival,3,35,10251,Node_519,34,0,9,34,9,,,,,,,,,
9,VISIT,948,Random,OnArrival,3,30,10251,Node_519,34,0,9,34,9,,,,,,,,,
9,VISIT,949,Random,OnArrival,3,14,10251,Node_210,25,0,5,25,5,,,,,,,,,
9,VISIT,951,Random,OnArrival,3,14,10251,Node_551,27,0,5,27,5,,,,,,,,,
9,VISIT,952,Random,OnArrival,3,12,10251,Node_168,23,0,5,23,5,,,,,,,,,
9,VISIT,947,Random,OnArrival,3,36,10263,Node_517,34,0,8,34,8,,,,,,,,,
9,VISIT,948,Random,OnArrival,3,31,10263,Node_517,34,0,8,34,8,,,,,,,,,
9,VISIT,949,Random,OnArrival,3,15,10263,Node_213,24,0,5,24,5,,,,,,,,,
9,VISIT,950,Random,OnArrival,3,14,10263,Node_504,28,0,3,28,3,,,,,,,,,
9,VISIT,951,Random,OnArrival,3,15,10263,Node_221,26,0,5,26,5,,,,,,,,,
9,VISIT,952,Random,OnArrival,3,13,10263,Node_171,23,0,4,23,4,,,,,,,,,
9,VISIT,947,Random,OnArrival,3,37,10275,Node_514,33,0,8,33,8,,,,,,,,,
9,VISIT,948,Random,OnArrival,3,32,10275,Node_514,33,0,8,33,8,,,,,,,,,
9,VISIT,949,Random,OnArrival,3,16,10275,Node_232,24,0,4,24,4,,,,,,,,,
9,VISIT,951,Random,OnArrival,3,16,10275,Node_210,25,0,5,25,5,,,,,,,,,
9,VISIT,952,Random,OnArrival,3,14,10275,Node_232,24,0,4,24,4,,,,,,,,,
9,VISIT,947,Random,OnArrival,3,38,10287,Node_511,33,0,7,33,7,,,,,,,,,
9,VISIT,948,Random,OnArrival,3,33,10287,Node_511,33,0,7,33,7,,,,,,,,,
9,VISIT,949,Random,OnArrival,3,17,10287,Node_171,23,0,4,23,4,,,,,,,,,
9,VISIT,951,Random,OnArrival,3,17,10287,Node_213,24,0,5,24,5,,,,,,,,,
9,VISIT,952,Random,OnArrival,3,15,10287,Node_171,23,0,4,23,4,,,,,,,,,
9,VISIT,949,Random,OnArrival,3,18,10299,Node_168,23,0,5,23,5,,,,,,,,,
9,VISIT,951,Random,OnArrival,3,18,10299,Node_232,24,0,4,24,4,,,,,,,,,
9,VISIT,952,Random,OnArrival,3,16,10299,Node_174,23,0,3,23,3,,,,,,,,,
9,VISIT,949,Random,OnArrival,3,19,10311,Node_75,22,0,5,22,5,,,,,,,,,
9,VISIT,950,Random,OnArrival,3,15,10311,Node_507,28,0,1,28,1,,,,,,,,,
9,VISIT,951,Random,OnArrival,3,19,10311,Node_235,24,0,3,24,3,,,,,,,,,
9,VISIT,952,Random,OnArrival,3,17,10311,Node_235,24,0,3,24,3,,,,,,,,,
9,VISIT,949,Random,OnArrival,3,20,10323,Node_57,21,0,5,21,5,,,,,,,,,
9,VISIT,949,Random,OnArrival,3,21,10335,Node_59,21,0,4,21,4,,,,,,,,,
9,VISIT,949,Random,OnArrival,3,22,10347,Node_63,20,0,4,20,4,,,,,,,,,
9,VISIT,951,Random,OnArrival,3,20,10347,Node_182,23,0,1,23,1,,,,,,,,,
9,VISIT,952,Random,OnArrival,3,18,10347,Node_182,23,0,1,23,1,,,,,,,,,
9,VISIT,949,Random,OnArrival,3,23,10359,Node_79,19,0,4,19,4,,,,,,,,,
9,VISIT,949,Random,OnArrival,3,24,10371,Node_137,18,0,4,18,4,,,,,,,,,
9,VISIT,949,Random,OnArrival,3,25,10382,Node_140,17,0,4,17,4,,,,,,,,,
9,VISIT,950,Random,OnArrival,3,16,10382,Node_235,24,0,3,24,3,,,,,,,,,
9,VISIT,950,Random,OnArrival,3,17,10393,Node_573,25,0,3,25,3,,,,,,,,,
9,VISIT,949,Random,OnArrival,3,26,10404,Node_145,16,0,5,16,5,,,,,,,,,
9,VISIT,950,Random,OnArrival,3,18,10404,Node_570,25,0,2,25,2,,,,,,,,,
9,VISIT,951,Random,OnArrival,3,21,10404,Node_196,22,0,-3,22,-3,,,,,,,,,
9,VISIT,952,Random,OnArrival,3,19,10404,Node_196,22,0,-3,22,-3,,,,,,,,,
9,VISIT,949,Random,OnArrival,3,27,10416,Node_132,15,0,5,15,5,,,,,,,,,
9,VISIT,950,Random,OnArrival,3,19,10416,Node_564,24,0,2,24,2,,,,,,,,,
9,VISIT,949,Random,OnArrival,3,28,10427,Node_131,15,0,6,15,6,,,,,,,,,
9,VISIT,950,Random,OnArrival,3,20,10427,Node_178,23,0,2,23,2,,,,,,,,,
9,VISIT,949,Random,OnArrival,3,29,10439,Node_149,14,0,6,14,6,,,,,,,,,
9,VISIT,950,Random,OnArrival,3,21,10439,Node_564,24,0,2,24,2,,,,,,,,,
9,VISIT,949,Random,OnArrival,3,30,10451,Node_150,13,0,6,13,6,,,,,,,,,
9,VISIT,950,Random,OnArrival,3,22,10451,Node_570,25,0,2,25,2,,,,,,,,,
9,VISIT,949,Random,OnArrival,3,31,10473,Node_160,12,0,5,12,5,,,,,,,,,
9,VISIT,950,Random,OnArrival,3,23,10473,Node_566,27,0,2,27,2,,,,,,,,,
9,VISIT,949,Random,OnArrival,3,32,10484,Node_159,12,0,6,12,6,,,,,,,,,
9,VISIT,950,Random,OnArrival,3,24,10484,Node_505,28,0,2,28,2,,,,,,,,,
9,VISIT,949,Random,OnArrival,3,33,10496,Node_150,13,0,6,13,6,,,,,,,,,
9,VISIT,950,Random,OnArrival,3,25,10496,Node_558,29,0,2,29,2,,,,,,,,,
9,VISIT,952,Random,OnArrival,3,20,10496,Node_85,19,0,-2,19,-2,,,,,,,,,
9,VISIT,953,Random,OnArrival,3,0,10499,Node_6,19,0,12,19,12,,,,,,,,,
9,VISIT,954,Random,OnArrival,3,0,10499,Node_7,19,0,8,19,8,,,,,,,,,
9,VISIT,955,Random,OnArrival,3,0,10499,Node_8,17,0,10,17,10,,,,,,,,,
9,VISIT,956,Random,OnArrival,3,0,10499,Node_9,21,0,10,21,10,,,,,,,,,
9,VISIT,949,Random,OnArrival,3,34,10503,Node_151,13,0,7,13,7,,,,,,,,,
9,VISIT,950,Random,OnArrival,3,26,10503,Node_560,29,0,1,29,1,,,,,,,,,
9,VISIT,953,Random,OnArrival,3,1,10505,Node_2,19,0,11,19,11,,,,,,,,,
9,VISIT,954,Random,OnArrival,3,1,10505,Node_47,20,0,8,20,8,,,,,,,,,
9,VISIT,955,Random,OnArrival,3,1,10505,Node_23,17,0,9,17,9,,,,,,,,,
9,VISIT,956,Random,OnArrival,3,1,10505,Node_48,21,0,9,21,9,,,,,,,,,
9,VISIT,949,Random,OnArrival,3,35,10510,Node_158,12,0,7,12,7,,,,,,,,,
9,VISIT,950,Random,OnArrival,3,27,10510,Node_507,28,0,1,28,1,,,,,,,,,
9,VISIT,953,Random,OnArrival,3,2,10512,Node_20,19,0,10,19,10,,,,,,,,,
9,VISIT,954,Random,OnArrival,3,2,10512,Node_51,21,0,8,21,8,,,,,,,,,
9,VISIT,955,Random,OnArrival,3,2,10512,Node_86,17,0,8,17,8,,,,,,,,,
9,VISIT,956,Random,OnArrival,3,2,10512,Node_51,21,0,8,21,8,,,,,,,,,
9,VISIT,949,Random,OnArrival,3,36,10518,Node_157,12,0,8,12,8,,,,,,,,,
9,VISIT,950,Random,OnArrival,3,28,10518,Node_509,28,0,0,28,0,,,,,,,,,
9,VISIT,953,Random,OnArrival,3,3,10520,Node_3,19,0,9,19,9,,,,,,,,,
9,VISIT,954,Random,OnArrival,3,3,10520,Node_53,21,0,7,21,7,,,,,,,,,
9,VISIT,955,Random,OnArrival,3,3,10520,Node_126,17,0,7,17,7,,,,,,,,,
9,VISIT,956,Random,OnArrival,3,3,10520,Node_53,21,0,7,21,7,,,,,,,,,
9,VISIT,949,Random,OnArrival,3,37,10526,Node_152,13,0,8,13,8,,,,,,,,,
9,VISIT,953,Random,OnArrival,3,4,10529,Node_7,19,0,8,19,8,,,,,,,,,
9,VISIT,954,Random,OnArrival,3,4,10529,Node_56,21,0,6,21,6,,,,,,,,,
9,VISIT,955,Random,OnArrival,3,4,10529,Node_127,16,0,7,16,7,,,,,,,,,
9,VISIT,956,Random,OnArrival,3,4,10529,Node_56,21,0,6,21,6,,,,,,,,,
9,VISIT,949,Random,OnArrival,3,38,10536,Node_151,13,0,7,13,7,,,,,,,,,
9,VISIT,950,Random,OnArrival,3,29,10536,Node_563,27,0,1,27,1,,,,,,,,,
9,VISIT,953,Random,OnArrival,3,5,10539,Node_47,20,0,8,20,8,,,,,,,,,
9,VISIT,954,Random,OnArrival,3,5,10539,Node_57,21,0,5,21,5,,,,,,,,,
9,VISIT,955,Random,OnArrival,3,5,10539,Node_147,16,0,6,16,6,,,,,,,,,
9,VISIT,956,Random,OnArrival,3,5,10539,Node_57,21,0,5,21,5,,,,,,,,,
9,VISIT,949,Random,OnArrival,3,39,10545,Node_150,13,0,6,13,6,,,,,,,,,
9,VISIT,950,Random,OnArrival,3,30,10545,Node_593,27,0,0,27,0,,,,,,,,,
9,VISIT,953,Random,OnArrival,3,6,10549,Node_51,21,0,8,21,8,,,,,,,,,
9,VISIT,954,Random,OnArrival,3,6,10549,Node_65,20,0,5,20,5,,,,,,,,,
9,VISIT,955,Random,OnArrival,3,6,10549,Node_145,16,0,5,16,5,,,,,,,,,
9,VISIT,956,Random,OnArrival,3,6,10549,Node_59,21,0,4,21,4,,,,,,,,,
9,VISIT,949,Random,OnArrival,3,40,10556,Node_159,12,0,6,12,6,,,,,,,,,
9,VISIT,953,Random,OnArrival,3,7,10560,Node_53,21,0,7,21,7,,,,,,,,,
9,VISIT,954,Random,OnArrival,3,7,10560,Node_78,19,0,5,19,5,,,,,,,,,
9,VISIT,955,Random,OnArrival,3,7,10560,Node_578,16,0,4,16,4,,,,,,,,,
9,VISIT,956,Random,OnArrival,3,7,10560,Node_61,21,0,3,21,3,,,,,,,,,
9,VISIT,949,Random,OnArrival,3,41,10567,Node_212,11,0,6,11,6,,,,,,,,,
9,VISIT,953,Random,OnArrival,3,8,10571,Node_56,21,0,6,21,6,,,,,,,,,
9,VISIT,954,Random,OnArrival,3,8,10571,Node_134,18,0,5,18,5,,,,,,,,,
9,VISIT,956,Random,OnArrival,3,8,10571,Node_62,20,0,3,20,3,,,,,,,,,
9,VISIT,953,Random,OnArrival,3,9,10582,Node_57,21,0,5,21,5,,,,,,,,,
9,VISIT,954,Random,OnArrival,3,9,10582,Node_143,17,0,5,17,5,,,,,,,,,
9,VISIT,953,Random,OnArrival,3,10,10593,Node_65,20,0,5,20,5,,,,,,,,,
9,VISIT,954,Random,OnArrival,3,10,10593,Node_140,17,0,4,17,4,,,,,,,,,
9,VISIT,955,Random,OnArrival,3,8,10593,Node_141,15,0,2,15,2,,,,,,,,,
9,VISIT,956,Random,OnArrival,3,9,10593,Node_81,19,0,2,19,2,,,,,,,,,
9,VISIT,953,Random,OnArrival,3,11,10605,Node_78,19,0,5,19,5,,,,,,,,,
9,VISIT,954,Random,OnArrival,3,11,10605,Node_578,16,0,4,16,4,,,,,,,,,
9,VISIT,956,Random,OnArrival,3,10,10605,Node_601,20,0,2,20,2,,,,,,,,,
9,VISIT,953,Random,OnArrival,3,12,10616,Node_134,18,0,5,18,5,,,,,,,,,
9,VISIT,954,Random,OnArrival,3,12,10616,Node_135,15,0,4,15,4,,,,,,,,,
9,VISIT,956,Random,OnArrival,3,11,10616,Node_62,20,0,3,20,3,,,,,,,,,
9,VISIT,953,Random,OnArrival,3,13,10627,Node_143,17,0,5,17,5,,,,,,,,,
9,VISIT,954,Random,OnArrival,3,13,10627,Node_578,16,0,4,16,4,,,,,,,,,
9,VISIT,956,Random,OnArrival,3,12,10627,Node_80,19,0,3,19,3,,,,,,,,,
9,VISIT,953,Random,OnArrival,3,14,10638,Node_140,17,0,4,17,4,,,,,,,,,
9,VISIT,954,Random,OnArrival,3,14,10638,Node_598,16,0,3,16,3,,,,,,,,,
9,VISIT,956,Random,OnArrival,3,13,10638,Node_81,19,0,2,19,2,,,,,,,,,
9,VISIT,953,Random,OnArrival,3,15,10649,Node_578,16,0,4,16,4,,,,,,,,,
9,VISIT,954,Random,OnArrival,3,15,10649,Node_138,15,0,3,15,3,,,,,,,,,
9,VISIT,956,Random,OnArrival,3,14,10649,Node_82,19,0,1,19,1,,,,,,,,,
9,VISIT,953,Random,OnArrival,3,16,10660,Node_135,15,0,4,15,4,,,,,,,,,
9,VISIT,953,Random,OnArrival,3,17,10671,Node_138,15,0,3,15,3,,,,,,,,,
9,VISIT,953,Random,OnArrival,3,18,10682,Node_141,15,0,2,15,2,,,,,,,,,
9,VISIT,953,Random,OnArrival,3,19,10692,Node_617,14,0,2,14,2,,,,,,,,,
9,VISIT,956,Random,OnArrival,3,15,10737,Node_619,18,0,0,18,0,,,,,,,,,
9,VISIT,953,Random,OnArrival,3,20,10748,Node_222,11,0,2,11,2,,,,,,,,,
9,VISIT,954,Random,OnArrival,3,16,10748,Node_621,14,0,-5,14,-5,,,,,,,,,
9,VISIT,956,Random,OnArrival,3,16,10748,Node_83,19,0,0,19,0,,,,,,,,,
9,VISIT,953,Random,OnArrival,3,21,10760,Node_607,10,0,2,10,2,,,,,,,,,
9,VISIT,954,Random,OnArrival,3,17,10760,Node_635,14,0,-4,14,-4,,,,,,,,,
9,VISIT,954,Random,OnArrival,3,18,10772,Node_615,15,0,-4,15,-4,,,,,,,,,
9,VISIT,954,Random,OnArrival,3,19,10784,Node_635,14,0,-4,14,-4,,,,,,,,,
9,VISIT,956,Random,OnArrival,3,17,10784,Node_574,22,0,0,22,0,,,,,,,,,
9,VISIT,954,Random,OnArrival,3,20,10795,Node_632,14,0,-3,14,-3,,,,,,,,,
9,VISIT,956,Random,OnArrival,3,18,10795,Node_184,23,0,0,23,0,,,,,,,,,
9,VISIT,956,Random,OnArrival,3,19,10807,Node_574,22,0,0,22,0,,,,,,,,,
9,VISIT,956,Random,OnArrival,3,20,10819,Node_576,22,0,-1,22,-1,,,,,,,,,
9,VISIT,956,Random,OnArrival,3,21,10830,Node_188,23,0,-1,23,-1,,,,,,,,,
9,VISIT,956,Random,OnArrival,3,22,10841,Node_191,23,0,-2,23,-2,,,,,,,,,
9,VISIT,956,Random,OnArrival,3,23,10853,Node_579,22,0,-2,22,-2,,,,,,,,,
9,VISIT,953,Random,OnArrival,3,22,10864,Node_641,8,0,7,8,7,,,,,,,,,
9,VISIT,956,Random,OnArrival,3,24,10864,Node_196,22,0,-3,22,-3,,,,,,,,,
9,VISIT,956,Random,OnArrival,3,25,10876,Node_193,23,0,-3,23,-3,,,,,,,,,
9,VISIT,957,Random,OnArrival,3,0,10881,Node_6,19,0,12,19,12,,,,,,,,,
9,VISIT,958,Random,OnArrival,3,0,10881,Node_7,19,0,8,19,8,,,,,,,,,
9,VISIT,959,Random,OnArrival,3,0,10881,Node_8,17,0,10,17,10,,,,,,,,,
9,VISIT,960,Random,OnArrival,3,0,10881,Node_9,21,0,10,21,10,,,,,,,,,
9,VISIT,957,Random,OnArrival,3,1,10885,Node_2,19,0,11,19,11,,,,,,,,,
9,VISIT,958,Random,OnArrival,3,1,10885,Node_11,18,0,8,18,8,,,,,,,,,
9,VISIT,959,Random,OnArrival,3,1,10885,Node_23,17,0,9,17,9,,,,,,,,,
9,VISIT,960,Random,OnArrival,3,1,10885,Node_5,20,0,10,20,10,,,,,,,,,
9,VISIT,957,Random,OnArrival,3,2,10889,Node_20,19,0,10,19,10,,,,,,,,,
9,VISIT,958,Random,OnArrival,3,2,10889,Node_86,17,0,8,17,8,,,,,,,,,
9,VISIT,959,Random,OnArrival,3,2,10889,Node_86,17,0,8,17,8,,,,,,,,,
9,VISIT,960,Random,OnArrival,3,2,10889,Node_50,20,0,9,20,9,,,,,,,,,
9,VISIT,957,Random,OnArrival,3,3,10894,Node_4,18,0,10,18,10,,,,,,,,,
9,VISIT,958,Random,OnArrival,3,3,10894,Node_126,17,0,7,17,7,,,,,,,,,
9,VISIT,959,Random,OnArrival,3,3,10894,Node_126,17,0,7,17,7,,,,,,,,,
9,VISIT,960,Random,OnArrival,3,3,10894,Node_47,20,0,8,20,8,,,,,,,,,
9,VISIT,957,Random,OnArrival,3,4,10900,Node_8,17,0,10,17,10,,,,,,,,,
9,VISIT,958,Random,OnArrival,3,4,10900,Node_127,16,0,7,16,7,,,,,,,,,
9,VISIT,959,Random,OnArrival,3,4,10900,Node_127,16,0,7,16,7,,,,,,,,,
9,VISIT,960,Random,OnArrival,3,4,10900,Node_7,19,0,8,19,8,,,,,,,,,
9,VISIT,957,Random,OnArrival,3,5,10906,Node_23,17,0,9,17,9,,,,,,,,,
9,VISIT,958,Random,OnArrival,3,5,10906,Node_147,16,0,6,16,6,,,,,,,,,
9,VISIT,959,Random,OnArrival,3,5,10906,Node_147,16,0,6,16,6,,,,,,,,,
9,VISIT,960,Random,OnArrival,3,5,10906,Node_11,18,0,8,18,8,,,,,,,,,
9,VISIT,957,Random,OnArrival,3,6,10912,Node_86,17,0,8,17,8,,,,,,,,,
9,VISIT,958,Random,OnArrival,3,6,10912,Node_131,15,0,6,15,6,,,,,,,,,
9,VISIT,959,Random,OnArrival,3,6,10912,Node_131,15,0,6,15,6,,,,,,,,,
9,VISIT,960,Random,OnArrival,3,6,10912,Node_86,17,0,8,17,8,,,,,,,,,
9,VISIT,957,Random,OnArrival,3,7,10921,Node_126,17,0,7,17,7,,,,,,,,,
9,VISIT,958,Random,OnArrival,3,7,10921,Node_132,15,0,5,15,5,,,,,,,,,
9,VISIT,959,Random,OnArrival,3,7,10921,Node_132,15,0,5,15,5,,,,,,,,,
9,VISIT,960,Random,OnArrival,3,7,10921,Node_126,17,0,7,17,7,,,,,,,,,
9,VISIT,957,Random,OnArrival,3,8,10930,Node_127,16,0,7,16,7,,,,,,,,,
9,VISIT,958,Random,OnArrival,3,8,10930,Node_135,15,0,4,15,4,,,,,,,,,
9,VISIT,959,Random,OnArrival,3,8,10930,Node_135,15,0,4,15,4,,,,,,,,,
9,VISIT,960,Random,OnArrival,3,8,10930,Node_127,16,0,7,16,7,,,,,,,,,
9,VISIT,957,Random,OnArrival,3,9,10940,Node_147,16,0,6,16,6,,,,,,,,,
9,VISIT,958,Random,OnArrival,3,9,10940,Node_138,15,0,3,15,3,,,,,,,,,
9,VISIT,959,Random,OnArrival,3,9,10940,Node_138,15,0,3,15,3,,,,,,,,,
9,VISIT,960,Random,OnArrival,3,9,10940,Node_147,16,0,6,16,6,,,,,,,,,
9,VISIT,957,Random,OnArrival,3,10,10950,Node_131,15,0,6,15,6,,,,,,,,,
9,VISIT,958,Random,OnArrival,3,10,10950,Node_614,14,0,3,14,3,,,,,,,,,
9,VISIT,959,Random,OnArrival,3,10,10950,Node_614,14,0,3,14,3,,,,,,,,,
9,VISIT,960,Random,OnArrival,3,10,10950,Node_131,15,0,6,15,6,,,,,,,,,
9,VISIT,957,Random,OnArrival,3,11,10962,Node_132,15,0,5,15,5,,,,,,,,,
9,VISIT,958,Random,OnArrival,3,11,10962,Node_628,13,0,3,13,3,,,,,,,,,
9,VISIT,959,Random,OnArrival,3,11,10962,Node_628,13,0,3,13,3,,,,,,,,,
9,VISIT,960,Random,OnArrival,3,11,10962,Node_132,15,0,5,15,5,,,,,,,,,
9,VISIT,957,Random,OnArrival,3,12,10973,Node_135,15,0,4,15,4,,,,,,,,,
9,VISIT,958,Random,OnArrival,3,12,10973,Node_631,12,0,3,12,3,,,,,,,,,
9,VISIT,959,Random,OnArrival,3,12,10973,Node_625,13,0,2,13,2,,,,,,,,,
9,VISIT,960,Random,OnArrival,3,12,10973,Node_135,15,0,4,15,4,,,,,,,,,
9,VISIT,957,Random,OnArrival,3,13,10984,Node_138,15,0,3,15,3,,,,,,,,,
9,VISIT,958,Random,OnArrival,3,13,10984,Node_220,11,0,3,11,3,,,,,,,,,
9,VISIT,959,Random,OnArrival,3,13,10984,Node_634,12,0,2,12,2,,,,,,,,,
9,VISIT,960,Random,OnArrival,3,13,10984,Node_138,15,0,3,15,3,,,,,,,,,
9,VISIT,957,Random,OnArrival,3,14,10996,Node_614,14,0,3,14,3,,,,,,,,,
9,VISIT,958,Random,OnArrival,3,14,10996,Node_605,10,0,3,10,3,,,,,,,,,
9,VISIT,959,Random,OnArrival,3,14,10996,Node_631,12,0,3,12,3,,,,,,,,,
9,VISIT,960,Random,OnArrival,3,14,10996,Node_614,14,0,3,14,3,,,,,,,,,
9,VISIT,957,Random,OnArrival,3,15,11008,Node_138,15,0,3,15,3,,,,,,,,,
9,VISIT,958,Random,OnArrival,3,15,11008,Node_607,10,0,2,10,2,,,,,,,,,
9,VISIT,959,Random,OnArrival,3,15,11008,Node_220,11,0,3,11,3,,,,,,,,,
9,VISIT,960,Random,OnArrival,3,15,11008,Node_628,13,0,3,13,3,,,,,,,,,
9,VISIT,957,Random,OnArrival,3,16,11020,Node_141,15,0,2,15,2,,,,,,,,,
9,VISIT,959,Random,OnArrival,3,16,11020,Node_217,11,0,4,11,4,,,,,,,,,
9,VISIT,960,Random,OnArrival,3,16,11020,Node_631,12,0,3,12,3,,,,,,,,,
9,VISIT,957,Random,OnArrival,3,17,11032,Node_604,15,0,1,15,1,,,,,,,,,
9,VISIT,958,Random,OnArrival,3,16,11032,Node_636,8,0,2,8,2,,,,,,,,,
9,VISIT,959,Random,OnArrival,3,17,11032,Node_603,10,0,4,10,4,,,,,,,,,
9,VISIT,960,Random,OnArrival,3,17,11032,Node_220,11,0,3,11,3,,,,,,,,,
9,VISIT,957,Random,OnArrival,3,18,11043,Node_620,14,0,1,14,1,,,,,,,,,
9,VISIT,959,Random,OnArrival,3,18,11043,Node_217,11,0,4,11,4,,,,,,,,,
9,VISIT,960,Random,OnArrival,3,18,11043,Node_217,11,0,4,11,4,,,,,,,,,
9,VISIT,957,Random,OnArrival,3,19,11055,Node_623,14,0,0,14,0,,,,,,,,,
9,VISIT,959,Random,OnArrival,3,19,11055,Node_161,11,0,5,11,5,,,,,,,,,
9,VISIT,960,Random,OnArrival,3,19,11055,Node_161,11,0,5,11,5,,,,,,,,,
9,VISIT,959,Random,OnArrival,3,20,11066,Node_602,10,0,5,10,5,,,,,,,,,
9,VISIT,960,Random,OnArrival,3,20,11066,Node_602,10,0,5,10,5,,,,,,,,,
9,VISIT,957,Random,OnArrival,3,20,11100,Node_226,11,0,-1,11,-1,,,,,,,,,
9,VISIT,959,Random,OnArrival,3,21,11100,Node_639,8,0,6,8,6,,,,,,,,,
9,VISIT,960,Random,OnArrival,3,21,11100,Node_639,8,0,6,8,6,,,,,,,,,
9,VISIT,957,Random,OnArrival,3,21,11111,Node_613,10,0,-1,10,-1,,,,,,,,,
9,VISIT,959,Random,OnArrival,3,22,11122,Node_643,7,0,7,7,7,,,,,,,,,
9,VISIT,960,Random,OnArrival,3,22,11122,Node_643,7,0,7,7,7,,,,,,,,,
9,VISIT,959,Random,OnArrival,3,23,11133,Node_641,8,0,7,8,7,,,,,,,,,
9,VISIT,960,Random,OnArrival,3,23,11133,Node_655,7,0,6,7,6,,,,,,,,,
9,VISIT,959,Random,OnArrival,3,24,11144,Node_639,8,0,6,8,6,,,,,,,,,
9,VISIT,959,Random,OnArrival,3,25,11155,Node_652,9,0,6,9,6,,,,,,,,,
9,VISIT,959,Random,OnArrival,3,26,11166,Node_599,10,0,6,10,6,,,,,,,,,
9,VISIT,960,Random,OnArrival,3,24,11166,Node_653,5,0,5,5,5,,,,,,,,,
9,VISIT,959,Random,OnArrival,3,27,11178,Node_652,9,0,6,9,6,,,,,,,,,
9,VISIT,960,Random,OnArrival,3,25,11178,Node_663,6,0,5,6,5,,,,,,,,,
9,VISIT,959,Random,OnArrival,3,28,11189,Node_639,8,0,6,8,6,,,,,,,,,
9,VISIT,960,Random,OnArrival,3,26,11189,Node_660,6,0,6,6,6,,,,,,,,,
9,VISIT,959,Random,OnArrival,3,29,11200,Node_637,8,0,5,8,5,,,,,,,,,
9,VISIT,960,Random,OnArrival,3,27,11200,Node_654,5,0,6,5,6,,,,,,,,,
9,VISIT,959,Random,OnArrival,3,30,11211,Node_650,9,0,5,9,5,,,,,,,,,
9,VISIT,959,Random,OnArrival,3,31,11222,Node_637,8,0,5,8,5,,,,,,,,,
9,VISIT,961,Random,OnArrival,3,0,11236,Node_6,19,0,12,19,12,,,,,,,,,
9,VISIT,962,Random,OnArrival,3,0,11236,Node_7,19,0,8,19,8,,,,,,,,,
9,VISIT,963,Random,OnArrival,3,0,11236,Node_8,17,0,10,17,10,,,,,,,,,
9,VISIT,964,Random,OnArrival,3,0,11236,Node_9,21,0,10,21,10,,,,,,,,,
9,VISIT,957,Random,OnArrival,3,22,11240,Node_613,10,0,-1,10,-1,,,,,,,,,
9,VISIT,961,Random,OnArrival,3,1,11240,Node_2,19,0,11,19,11,,,,,,,,,
9,VISIT,962,Random,OnArrival,3,1,11240,Node_11,18,0,8,18,8,,,,,,,,,
9,VISIT,963,Random,OnArrival,3,1,11240,Node_23,17,0,9,17,9,,,,,,,,,
9,VISIT,964,Random,OnArrival,3,1,11240,Node_5,20,0,10,20,10,,,,,,,,,
9,VISIT,957,Random,OnArrival,3,23,11245,Node_611,10,0,0,10,0,,,,,,,,,
9,VISIT,959,Random,OnArrival,3,32,11245,Node_636,8,0,2,8,2,,,,,,,,,
9,VISIT,961,Random,OnArrival,3,2,11245,Node_20,19,0,10,19,10,,,,,,,,,
9,VISIT,962,Random,OnArrival,3,2,11245,Node_86,17,0,8,17,8,,,,,,,,,
9,VISIT,963,Random,OnArrival,3,2,11245,Node_86,17,0,8,17,8,,,,,,,,,
9,VISIT,964,Random,OnArrival,3,2,11245,Node_50,20,0,9,20,9,,,,,,,,,
9,VISIT,957,Random,OnArrival,3,24,11249,Node_224,11,0,0,11,0,,,,,,,,,
9,VISIT,961,Random,OnArrival,3,3,11249,Node_4,18,0,10,18,10,,,,,,,,,
9,VISIT,962,Random,OnArrival,3,3,11249,Node_126,17,0,7,17,7,,,,,,,,,
9,VISIT,963,Random,OnArrival,3,3,11249,Node_126,17,0,7,17,7,,,,,,,,,
9,VISIT,964,Random,OnArrival,3,3,11249,Node_47,20,0,8,20,8,,,,,,,,,
9,VISIT,957,Random,OnArrival,3,25,11254,Node_648,12,0,0,12,0,,,,,,,,,
9,VISIT,959,Random,OnArrival,3,33,11254,Node_646,6,0,2,6,2,,,,,,,,,
9,VISIT,961,Random,OnArrival,3,4,11254,Node_8,17,0,10,17,10,,,,,,,,,
9,VISIT,962,Random,OnArrival,3,4,11254,Node_127,16,0,7,16,7,,,,,,,,,
9,VISIT,963,Random,OnArrival,3,4,11254,Node_127,16,0,7,16,7,,,,,,,,,
9,VISIT,964,Random,OnArrival,3,4,11254,Node_7,19,0,8,19,8,,,,,,,,,
9,VISIT,961,Random,OnArrival,3,5,11260,Node_23,17,0,9,17,9,,,,,,,,,
9,VISIT,962,Random,OnArrival,3,5,11260,Node_147,16,0,6,16,6,,,,,,,,,
9,VISIT,963,Random,OnArrival,3,5,11260,Node_147,16,0,6,16,6,,,,,,,,,
9,VISIT,964,Random,OnArrival,3,5,11260,Node_11,18,0,8,18,8,,,,,,,,,
9,VISIT,957,Random,OnArrival,3,26,11267,Node_623,14,0,0,14,0,,,,,,,,,
9,VISIT,961,Random,OnArrival,3,6,11267,Node_86,17,0,8,17,8,,,,,,,,,
9,VISIT,962,Random,OnArrival,3,6,11267,Node_131,15,0,6,15,6,,,,,,,,,
9,VISIT,963,Random,OnArrival,3,6,11267,Node_131,15,0,6,15,6,,,,,,,,,
9,VISIT,964,Random,OnArrival,3,6,11267,Node_86,17,0,8,17,8,,,,,,,,,
9,VISIT,957,Random,OnArrival,3,27,11274,Node_606,15,0,0,15,0,,,,,,,,,
9,VISIT,961,Random,OnArrival,3,7,11274,Node_126,17,0,7,17,7,,,,,,,,,
9,VISIT,962,Random,OnArrival,3,7,11274,Node_149,14,0,6,14,6,,,,,,,,,
9,VISIT,963,Random,OnArrival,3,7,11274,Node_149,14,0,6,14,6,,,,,,,,,
9,VISIT,964,Random,OnArrival,3,7,11274,Node_126,17,0,7,17,7,,,,,,,,,
9,VISIT,957,Random,OnArrival,3,28,11282,Node_623,14,0,0,14,0,,,,,,,,,
9,VISIT,961,Random,OnArrival,3,8,11282,Node_127,16,0,7,16,7,,,,,,,,,
9,VISIT,962,Random,OnArrival,3,8,11282,Node_150,13,0,6,13,6,,,,,,,,,
9,VISIT,963,Random,OnArrival,3,8,11282,Node_150,13,0,6,13,6,,,,,,,,,
9,VISIT,964,Random,OnArrival,3,8,11282,Node_127,16,0,7,16,7,,,,,,,,,
9,VISIT,957,Random,OnArrival,3,29,11290,Node_626,14,0,-1,14,-1,,,,,,,,,
9,VISIT,961,Random,OnArrival,3,9,11290,Node_147,16,0,6,16,6,,,,,,,,,
9,VISIT,962,Random,OnArrival,3,9,11290,Node_159,12,0,6,12,6,,,,,,,,,
9,VISIT,963,Random,OnArrival,3,9,11290,Node_159,12,0,6,12,6,,,,,,,,,
9,VISIT,964,Random,OnArrival,3,9,11290,Node_147,16,0,6,16,6,,,,,,,,,
9,VISIT,957,Random,OnArrival,3,30,11299,Node_608,15,0,-1,15,-1,,,,,,,,,
9,VISIT,961,Random,OnArrival,3,10,11299,Node_131,15,0,6,15,6,,,,,,,,,
9,VISIT,962,Random,OnArrival,3,10,11299,Node_212,11,0,6,11,6,,,,,,,,,
9,VISIT,963,Random,OnArrival,3,10,11299,Node_212,11,0,6,11,6,,,,,,,,,
9,VISIT,964,Random,OnArrival,3,10,11299,Node_131,15,0,6,15,6,,,,,,,,,
9,VISIT,957,Random,OnArrival,3,31,11308,Node_610,15,0,-2,15,-2,,,,,,,,,
9,VISIT,961,Random,OnArrival,3,11,11308,Node_149,14,0,6,14,6,,,,,,,,,
9,VISIT,962,Random,OnArrival,3,11,11308,Node_599,10,0,6,10,6,,,,,,,,,
9,VISIT,963,Random,OnArrival,3,11,11308,Node_599,10,0,6,10,6,,,,,,,,,
9,VISIT,964,Random,OnArrival,3,11,11308,Node_149,14,0,6,14,6,,,,,,,,,
9,VISIT,957,Random,OnArrival,3,32,11318,Node_629,14,0,-2,14,-2,,,,,,,,,
9,VISIT,961,Random,OnArrival,3,12,11318,Node_150,13,0,6,13,6,,,,,,,,,
9,VISIT,962,Random,OnArrival,3,12,11318,Node_652,9,0,6,9,6,,,,,,,,,
9,VISIT,963,Random,OnArrival,3,12,11318,Node_652,9,0,6,9,6,,,,,,,,,
9,VISIT,964,Random,OnArrival,3,12,11318,Node_150,13,0,6,13,6,,,,,,,,,
9,VISIT,957,Random,OnArrival,3,33,11327,Node_632,14,0,-3,14,-3,,,,,,,,,
9,VISIT,961,Random,OnArrival,3,13,11327,Node_159,12,0,6,12,6,,,,,,,,,
9,VISIT,962,Random,OnArrival,3,13,11327,Node_639,8,0,6,8,6,,,,,,,,,
9,VISIT,963,Random,OnArrival,3,13,11327,Node_639,8,0,6,8,6,,,,,,,,,
9,VISIT,964,Random,OnArrival,3,13,11327,Node_159,12,0,6,12,6,,,,,,,,,
9,VISIT,957,Random,OnArrival,3,34,11337,Node_612,15,0,-3,15,-3,,,,,,,,,
9,VISIT,961,Random,OnArrival,3,14,11337,Node_212,11,0,6,11,6,,,,,,,,,
9,VISIT,962,Random,OnArrival,3,14,11337,Node_655,7,0,6,7,6,,,,,,,,,
9,VISIT,963,Random,OnArrival,3,14,11337,Node_655,7,0,6,7,6,,,,,,,,,
9,VISIT,964,Random,OnArrival,3,14,11337,Node_212,11,0,6,11,6,,,,,,,,,
9,VISIT,957,Random,OnArrival,3,35,11348,Node_632,14,0,-3,14,-3,,,,,,,,,
9,VISIT,961,Random,OnArrival,3,15,11348,Node_599,10,0,6,10,6,,,,,,,,,
9,VISIT,962,Random,OnArrival,3,15,11348,Node_660,6,0,6,6,6,,,,,,,,,
9,VISIT,963,Random,OnArrival,3,15,11348,Node_660,6,0,6,6,6,,,,,,,,,
9,VISIT,964,Random,OnArrival,3,15,11348,Node_599,10,0,6,10,6,,,,,,,,,
9,VISIT,961,Random,OnArrival,3,16,11358,Node_652,9,0,6,9,6,,,,,,,,,
9,VISIT,962,Random,OnArrival,3,16,11358,Node_654,5,0,6,5,6,,,,,,,,,
9,VISIT,963,Random,OnArrival,3,16,11358,Node_654,5,0,6,5,6,,,,,,,,,
9,VISIT,964,Random,OnArrival,3,16,11358,Node_652,9,0,6,9,6,,,,,,,,,
9,VISIT,957,Random,OnArrival,3,36,11369,Node_638,12,0,-3,12,-3,,,,,,,,,
9,VISIT,961,Random,OnArrival,3,17,11369,Node_639,8,0,6,8,6,,,,,,,,,
9,VISIT,964,Random,OnArrival,3,17,11369,Node_639,8,0,6,8,6,,,,,,,,,
9,VISIT,957,Random,OnArrival,3,37,11380,Node_230,11,0,-3,11,-3,,,,,,,,,
9,VISIT,961,Random,OnArrival,3,18,11380,Node_655,7,0,6,7,6,,,,,,,,,
9,VISIT,962,Random,OnArrival,3,17,11380,Node_670,3,0,6,3,6,,,,,,,,,
9,VISIT,964,Random,OnArrival,3,18,11380,Node_637,8,0,5,8,5,,,,,,,,,
9,VISIT,957,Random,OnArrival,3,38,11391,Node_657,10,0,-3,10,-3,,,,,,,,,
9,VISIT,961,Random,OnArrival,3,19,11391,Node_660,6,0,6,6,6,,,,,,,,,
9,VISIT,963,Random,OnArrival,3,17,11391,Node_659,5,0,9,5,9,,,,,,,,,
9,VISIT,957,Random,OnArrival,3,39,11402,Node_230,11,0,-3,11,-3,,,,,,,,,
9,VISIT,961,Random,OnArrival,3,20,11402,Node_654,5,0,6,5,6,,,,,,,,,
9,VISIT,962,Random,OnArrival,3,18,11402,Node_672,2,0,7,2,7,,,,,,,,,
9,VISIT,957,Random,OnArrival,3,40,11413,Node_228,11,0,-2,11,-2,,,,,,,,,
9,VISIT,962,Random,OnArrival,3,19,11413,Node_673,2,0,8,2,8,,,,,,,,,
9,VISIT,964,Random,OnArrival,3,19,11413,Node_636,8,0,2,8,2,,,,,,,,,
9,VISIT,957,Random,OnArrival,3,41,11424,Node_656,10,0,-2,10,-2,,,,,,,,,
9,VISIT,963,Random,OnArrival,3,18,11424,Node_662,5,0,10,5,10,,,,,,,,,
9,VISIT,957,Random,OnArrival,3,42,11434,Node_657,10,0,-3,10,-3,,,,,,,,,
9,VISIT,961,Random,OnArrival,3,21,11434,Node_659,5,0,9,5,9,,,,,,,,,
9,VISIT,964,Random,OnArrival,3,20,11434,Node_607,10,0,2,10,2,,,,,,,,,
9,VISIT,957,Random,OnArrival,3,43,11445,Node_658,10,0,-4,10,-4,,,,,,,,,
9,VISIT,961,Random,OnArrival,3,22,11445,Node_662,5,0,10,5,10,,,,,,,,,
9,VISIT,964,Random,OnArrival,3,21,11445,Node_609,10,0,1,10,1,,,,,,,,,
9,VISIT,957,Random,OnArrival,3,44,11456,Node_233,11,0,-4,11,-4,,,,,,,,,
9,VISIT,964,Random,OnArrival,3,22,11456,Node_223,11,0,1,11,1,,,,,,,,,
9,VISIT,961,Random,OnArrival,3,23,11466,Node_691,3,0,10,3,10,,,,,,,,,
9,VISIT,963,Random,OnArrival,3,19,11466,Node_676,2,0,11,2,11,,,,,,,,,
9,VISIT,964,Random,OnArrival,3,23,11466,Node_222,11,0,2,11,2,,,,,,,,,
9,VISIT,963,Random,OnArrival,3,20,11476,Node_692,1,0,11,1,11,,,,,,,,,
9,VISIT,964,Random,OnArrival,3,24,11476,Node_607,10,0,2,10,2,,,,,,,,,
9,VISIT,961,Random,OnArrival,3,24,11487,Node_674,2,0,9,2,9,,,,,,,,,
9,VISIT,963,Random,OnArrival,3,21,11487,Node_676,2,0,11,2,11,,,,,,,,,
9,VISIT,961,Random,OnArrival,3,25,11498,Node_689,1,0,9,1,9,,,,,,,,,
9,VISIT,963,Random,OnArrival,3,22,11498,Node_693,3,0,11,3,11,,,,,,,,,
9,VISIT,964,Random,OnArrival,3,25,11498,Node_636,8,0,2,8,2,,,,,,,,,
9,VISIT,963,Random,OnArrival,3,23,11509,Node_691,3,0,10,3,10,,,,,,,,,
9,VISIT,963,Random,OnArrival,3,24,11520,Node_675,2,0,10,2,10,,,,,,,,,
9,VISIT,964,Random,OnArrival,3,26,11520,Node_646,6,0,2,6,2,,,,,,,,,
9,VISIT,963,Random,OnArrival,3,25,11531,Node_690,1,0,10,1,10,,,,,,,,,
9,VISIT,963,Random,OnArrival,3,26,11542,Node_701,0,0,10,0,10,,,,,,,,,
9,VISIT,964,Random,OnArrival,3,27,11542,Node_677,6,0,0,6,0,,,,,,,,,
9,VISIT,963,Random,OnArrival,3,27,11553,Node_703,-1,0,10,-1,10,,,,,,,,,
9,VISIT,965,Random,OnArrival,3,0,11561,Node_6,19,0,12,19,12,,,,,,,,,
9,VISIT,966,Random,OnArrival,3,0,11561,Node_7,19,0,8,19,8,,,,,,,,,
9,VISIT,967,Random,OnArrival,3,0,11561,Node_8,17,0,10,17,10,,,,,,,,,
9,VISIT,968,Random,OnArrival,3,0,11561,Node_9,21,0,10,21,10,,,,,,,,,
9,VISIT,965,Random,OnArrival,3,1,11565,Node_2,19,0,11,19,11,,,,,,,,,
9,VISIT,966,Random,OnArrival,3,1,11565,Node_11,18,0,8,18,8,,,,,,,,,
9,VISIT,967,Random,OnArrival,3,1,11565,Node_23,17,0,9,17,9,,,,,,,,,
9,VISIT,968,Random,OnArrival,3,1,11565,Node_5,20,0,10,20,10,,,,,,,,,
9,VISIT,964,Random,OnArrival,3,28,11569,Node_679,3,0,0,3,0,,,,,,,,,
9,VISIT,965,Random,OnArrival,3,2,11569,Node_20,19,0,10,19,10,,,,,,,,,
9,VISIT,966,Random,OnArrival,3,2,11569,Node_86,17,0,8,17,8,,,,,,,,,
9,VISIT,967,Random,OnArrival,3,2,11569,Node_86,17,0,8,17,8,,,,,,,,,
9,VISIT,968,Random,OnArrival,3,2,11569,Node_50,20,0,9,20,9,,,,,,,,,
9,VISIT,965,Random,OnArrival,3,3,11573,Node_4,18,0,10,18,10,,,,,,,,,
9,VISIT,966,Random,OnArrival,3,3,11573,Node_126,17,0,7,17,7,,,,,,,,,
9,VISIT,967,Random,OnArrival,3,3,11573,Node_126,17,0,7,17,7,,,,,,,,,
9,VISIT,968,Random,OnArrival,3,3,11573,Node_47,20,0,8,20,8,,,,,,,,,
9,VISIT,965,Random,OnArrival,3,4,11577,Node_8,17,0,10,17,10,,,,,,,,,
9,VISIT,966,Random,OnArrival,3,4,11577,Node_127,16,0,7,16,7,,,,,,,,,
9,VISIT,967,Random,OnArrival,3,4,11577,Node_127,16,0,7,16,7,,,,,,,,,
9,VISIT,968,Random,OnArrival,3,4,11577,Node_7,19,0,8,19,8,,,,,,,,,
9,VISIT,965,Random,OnArrival,3,5,11581,Node_23,17,0,9,17,9,,,,,,,,,
9,VISIT,966,Random,OnArrival,3,5,11581,Node_147,16,0,6,16,6,,,,,,,,,
9,VISIT,967,Random,OnArrival,3,5,11581,Node_147,16,0,6,16,6,,,,,,,,,
9,VISIT,968,Random,OnArrival,3,5,11581,Node_11,18,0,8,18,8,,,,,,,,,
9,VISIT,965,Random,OnArrival,3,6,11585,Node_86,17,0,8,17,8,,,,,,,,,
9,VISIT,966,Random,OnArrival,3,6,11585,Node_131,15,0,6,15,6,,,,,,,,,
9,VISIT,967,Random,OnArrival,3,6,11585,Node_131,15,0,6,15,6,,,,,,,,,
9,VISIT,968,Random,OnArrival,3,6,11585,Node_86,17,0,8,17,8,,,,,,,,,
9,VISIT,965,Random,OnArrival,3,7,11589,Node_126,17,0,7,17,7,,,,,,,,,
9,VISIT,966,Random,OnArrival,3,7,11589,Node_149,14,0,6,14,6,,,,,,,,,
9,VISIT,967,Random,OnArrival,3,7,11589,Node_149,14,0,6,14,6,,,,,,,,,
9,VISIT,968,Random,OnArrival,3,7,11589,Node_126,17,0,7,17,7,,,,,,,,,
9,VISIT,965,Random,OnArrival,3,8,11594,Node_127,16,0,7,16,7,,,,,,,,,
9,VISIT,966,Random,OnArrival,3,8,11594,Node_150,13,0,6,13,6,,,,,,,,,
9,VISIT,967,Random,OnArrival,3,8,11594,Node_150,13,0,6,13,6,,,,,,,,,
9,VISIT,968,Random,OnArrival,3,8,11594,Node_127,16,0,7,16,7,,,,,,,,,
9,VISIT,965,Random,OnArrival,3,9,11599,Node_147,16,0,6,16,6,,,,,,,,,
9,VISIT,966,Random,OnArrival,3,9,11599,Node_159,12,0,6,12,6,,,,,,,,,
9,VISIT,967,Random,OnArrival,3,9,11599,Node_159,12,0,6,12,6,,,,,,,,,
9,VISIT,968,Random,OnArrival,3,9,11599,Node_147,16,0,6,16,6,,,,,,,,,
9,VISIT,965,Random,OnArrival,3,10,11604,Node_131,15,0,6,15,6,,,,,,,,,
9,VISIT,966,Random,OnArrival,3,10,11604,Node_212,11,0,6,11,6,,,,,,,,,
9,VISIT,967,Random,OnArrival,3,10,11604,Node_212,11,0,6,11,6,,,,,,,,,
9,VISIT,968,Random,OnArrival,3,10,11604,Node_131,15,0,6,15,6,,,,,,,,,
9,VISIT,965,Random,OnArrival,3,11,11610,Node_149,14,0,6,14,6,,,,,,,,,
9,VISIT,966,Random,OnArrival,3,11,11610,Node_599,10,0,6,10,6,,,,,,,,,
9,VISIT,967,Random,OnArrival,3,11,11610,Node_599,10,0,6,10,6,,,,,,,,,
9,VISIT,968,Random,OnArrival,3,11,11610,Node_149,14,0,6,14,6,,,,,,,,,
9,VISIT,965,Random,OnArrival,3,12,11617,Node_150,13,0,6,13,6,,,,,,,,,
9,VISIT,966,Random,OnArrival,3,12,11617,Node_652,9,0,6,9,6,,,,,,,,,
9,VISIT,967,Random,OnArrival,3,12,11617,Node_652,9,0,6,9,6,,,,,,,,,
9,VISIT,968,Random,OnArrival,3,12,11617,Node_150,13,0,6,13,6,,,,,,,,,
9,VISIT,965,Random,OnArrival,3,13,11624,Node_159,12,0,6,12,6,,,,,,,,,
9,VISIT,966,Random,OnArrival,3,13,11624,Node_639,8,0,6,8,6,,,,,,,,,
9,VISIT,967,Random,OnArrival,3,13,11624,Node_639,8,0,6,8,6,,,,,,,,,
9,VISIT,968,Random,OnArrival,3,13,11624,Node_159,12,0,6,12,6,,,,,,,,,
9,VISIT,965,Random,OnArrival,3,14,11631,Node_212,11,0,6,11,6,,,,,,,,,
9,VISIT,966,Random,OnArrival,3,14,11631,Node_655,7,0,6,7,6,,,,,,,,,
9,VISIT,967,Random,OnArrival,3,14,11631,Node_655,7,0,6,7,6,,,,,,,,,
9,VISIT,968,Random,OnArrival,3,14,11631,Node_212,11,0,6,11,6,,,,,,,,,
9,VISIT,965,Random,OnArrival,3,15,11639,Node_599,10,0,6,10,6,,,,,,,,,
9,VISIT,966,Random,OnArrival,3,15,11639,Node_660,6,0,6,6,6,,,,,,,,,
9,VISIT,967,Random,OnArrival,3,15,11639,Node_660,6,0,6,6,6,,,,,,,,,
9,VISIT,968,Random,OnArrival,3,15,11639,Node_599,10,0,6,10,6,,,,,,,,,
9,VISIT,965,Random,OnArrival,3,16,11648,Node_652,9,0,6,9,6,,,,,,,,,
9,VISIT,966,Random,OnArrival,3,16,11648,Node_663,6,0,5,6,5,,,,,,,,,
9,VISIT,967,Random,OnArrival,3,16,11648,Node_663,6,0,5,6,5,,,,,,,,,
9,VISIT,968,Random,OnArrival,3,16,11648,Node_652,9,0,6,9,6,,,,,,,,,
9,VISIT,965,Random,OnArrival,3,17,11657,Node_639,8,0,6,8,6,,,,,,,,,
9,VISIT,966,Random,OnArrival,3,17,11657,Node_653,5,0,5,5,5,,,,,,,,,
9,VISIT,967,Random,OnArrival,3,17,11657,Node_653,5,0,5,5,5,,,,,,,,,
9,VISIT,968,Random,OnArrival,3,17,11657,Node_639,8,0,6,8,6,,,,,,,,,
9,VISIT,965,Random,OnArrival,3,18,11667,Node_655,7,0,6,7,6,,,,,,,,,
9,VISIT,968,Random,OnArrival,3,18,11667,Node_655,7,0,6,7,6,,,,,,,,,
9,VISIT,965,Random,OnArrival,3,19,11677,Node_660,6,0,6,6,6,,,,,,,,,
9,VISIT,966,Random,OnArrival,3,18,11677,Node_649,5,0,3,5,3,,,,,,,,,
9,VISIT,967,Random,OnArrival,3,18,11677,Node_649,5,0,3,5,3,,,,,,,,,
9,VISIT,968,Random,OnArrival,3,19,11677,Node_660,6,0,6,6,6,,,,,,,,,
9,VISIT,965,Random,OnArrival,3,20,11688,Node_654,5,0,6,5,6,,,,,,,,,
9,VISIT,968,Random,OnArrival,3,20,11688,Node_654,5,0,6,5,6,,,,,,,,,
9,VISIT,966,Random,OnArrival,3,19,11699,Node_680,3,0,3,3,3,,,,,,,,,
9,VISIT,967,Random,OnArrival,3,19,11699,Node_680,3,0,3,3,3,,,,,,,,,
9,VISIT,965,Random,OnArrival,3,21,11710,Node_670,3,0,6,3,6,,,,,,,,,
9,VISIT,967,Random,OnArrival,3,20,11710,Node_681,3,0,4,3,4,,,,,,,,,
9,VISIT,968,Random,OnArrival,3,21,11710,Node_670,3,0,6,3,6,,,,,,,,,
9,VISIT,965,Random,OnArrival,3,22,11720,Node_685,2,0,6,2,6,,,,,,,,,
9,VISIT,968,Random,OnArrival,3,22,11720,Node_685,2,0,6,2,6,,,,,,,,,
9,VISIT,966,Random,OnArrival,3,20,11731,Node_679,3,0,0,3,0,,,,,,,,,
9,VISIT,967,Random,OnArrival,3,21,11731,Node_682,1,0,4,1,4,,,,,,,,,
9,VISIT,967,Random,OnArrival,3,22,11742,Node_683,1,0,3,1,3,,,,,,,,,
9,VISIT,965,Random,OnArrival,3,23,11753,Node_708,-1,0,6,-1,6,,,,,,,,,
9,VISIT,968,Random,OnArrival,3,23,11753,Node_708,-1,0,6,-1,6,,,,,,,,,
9,VISIT,965,Random,OnArrival,3,24,11764,Node_710,-2,0,6,-2,6,,,,,,,,,
9,VISIT,967,Random,OnArrival,3,23,11764,Node_684,-1,0,3,-1,3,,,,,,,,,
9,VISIT,968,Random,OnArrival,3,24,11764,Node_710,-2,0,6,-2,6,,,,,,,,,
9,VISIT,965,Random,OnArrival,3,25,11796,Node_725,-3,0,4,-3,4,,,,,,,,,
9,VISIT,967,Random,OnArrival,3,24,11796,Node_725,-3,0,4,-3,4,,,,,,,,,
9,VISIT,968,Random,OnArrival,3,25,11796,Node_725,-3,0,4,-3,4,,,,,,,,,
9,VISIT,966,Random,OnArrival,3,21,11807,Node_684,-1,0,3,-1,3,,,,,,,,,
9,VISIT,966,Random,OnArrival,3,22,11818,Node_728,-1,0,4,-1,4,,,,,,,,,
9,VISIT,966,Random,OnArrival,3,23,11829,Node_729,-2,0,4,-2,4,,,,,,,,,
9,VISIT,969,Random,OnArrival,3,0,11830,Node_6,19,0,12,19,12,,,,,,,,,
9,VISIT,970,Random,OnArrival,3,0,11830,Node_7,19,0,8,19,8,,,,,,,,,
9,VISIT,971,Random,OnArrival,3,0,11830,Node_8,17,0,10,17,10,,,,,,,,,
9,VISIT,972,Random,OnArrival,3,0,11830,Node_9,21,0,10,21,10,,,,,,,,,
9,VISIT,969,Random,OnArrival,3,1,11834,Node_2,19,0,11,19,11,,,,,,,,,
9,VISIT,970,Random,OnArrival,3,1,11834,Node_11,18,0,8,18,8,,,,,,,,,
9,VISIT,971,Random,OnArrival,3,1,11834,Node_23,17,0,9,17,9,,,,,,,,,
9,VISIT,972,Random,OnArrival,3,1,11834,Node_5,20,0,10,20,10,,,,,,,,,
9,VISIT,966,Random,OnArrival,3,24,11838,Node_710,-2,0,6,-2,6,,,,,,,,,
9,VISIT,969,Random,OnArrival,3,2,11838,Node_20,19,0,10,19,10,,,,,,,,,
9,VISIT,970,Random,OnArrival,3,2,11838,Node_86,17,0,8,17,8,,,,,,,,,
9,VISIT,971,Random,OnArrival,3,2,11838,Node_86,17,0,8,17,8,,,,,,,,,
9,VISIT,972,Random,OnArrival,3,2,11838,Node_50,20,0,9,20,9,,,,,,,,,
9,VISIT,969,Random,OnArrival,3,3,11842,Node_4,18,0,10,18,10,,,,,,,,,
9,VISIT,970,Random,OnArrival,3,3,11842,Node_126,17,0,7,17,7,,,,,,,,,
9,VISIT,971,Random,OnArrival,3,3,11842,Node_126,17,0,7,17,7,,,,,,,,,
9,VISIT,972,Random,OnArrival,3,3,11842,Node_47,20,0,8,20,8,,,,,,,,,
9,VISIT,969,Random,OnArrival,3,4,11846,Node_8,17,0,10,17,10,,,,,,,,,
9,VISIT,970,Random,OnArrival,3,4,11846,Node_127,16,0,7,16,7,,,,,,,,,
9,VISIT,971,Random,OnArrival,3,4,11846,Node_127,16,0,7,16,7,,,,,,,,,
9,VISIT,972,Random,OnArrival,3,4,11846,Node_7,19,0,8,19,8,,,,,,,,,
9,VISIT,969,Random,OnArrival,3,5,11850,Node_23,17,0,9,17,9,,,,,,,,,
9,VISIT,970,Random,OnArrival,3,5,11850,Node_147,16,0,6,16,6,,,,,,,,,
9,VISIT,971,Random,OnArrival,3,5,11850,Node_147,16,0,6,16,6,,,,,,,,,
9,VISIT,972,Random,OnArrival,3,5,11850,Node_11,18,0,8,18,8,,,,,,,,,
9,VISIT,969,Random,OnArrival,3,6,11855,Node_86,17,0,8,17,8,,,,,,,,,
9,VISIT,970,Random,OnArrival,3,6,11855,Node_131,15,0,6,15,6,,,,,,,,,
9,VISIT,971,Random,OnArrival,3,6,11855,Node_131,15,0,6,15,6,,,,,,,,,
9,VISIT,972,Random,OnArrival,3,6,11855,Node_86,17,0,8,17,8,,,,,,,,,
9,VISIT,969,Random,OnArrival,3,7,11861,Node_126,17,0,7,17,7,,,,,,,,,
9,VISIT,970,Random,OnArrival,3,7,11861,Node_149,14,0,6,14,6,,,,,,,,,
9,VISIT,971,Random,OnArrival,3,7,11861,Node_149,14,0,6,14,6,,,,,,,,,
9,VISIT,972,Random,OnArrival,3,7,11861,Node_126,17,0,7,17,7,,,,,,,,,
9,VISIT,969,Random,OnArrival,3,8,11867,Node_127,16,0,7,16,7,,,,,,,,,
9,VISIT,970,Random,OnArrival,3,8,11867,Node_150,13,0,6,13,6,,,,,,,,,
9,VISIT,971,Random,OnArrival,3,8,11867,Node_150,13,0,6,13,6,,,,,,,,,
9,VISIT,972,Random,OnArrival,3,8,11867,Node_127,16,0,7,16,7,,,,,,,,,
9,VISIT,969,Random,OnArrival,3,9,11873,Node_147,16,0,6,16,6,,,,,,,,,
9,VISIT,970,Random,OnArrival,3,9,11873,Node_586,13,0,5,13,5,,,,,,,,,
9,VISIT,971,Random,OnArrival,3,9,11873,Node_586,13,0,5,13,5,,,,,,,,,
9,VISIT,972,Random,OnArrival,3,9,11873,Node_147,16,0,6,16,6,,,,,,,,,
9,VISIT,969,Random,OnArrival,3,10,11880,Node_131,15,0,6,15,6,,,,,,,,,
9,VISIT,970,Random,OnArrival,3,10,11880,Node_160,12,0,5,12,5,,,,,,,,,
9,VISIT,971,Random,OnArrival,3,10,11880,Node_160,12,0,5,12,5,,,,,,,,,
9,VISIT,972,Random,OnArrival,3,10,11880,Node_131,15,0,6,15,6,,,,,,,,,
9,VISIT,969,Random,OnArrival,3,11,11887,Node_149,14,0,6,14,6,,,,,,,,,
9,VISIT,970,Random,OnArrival,3,11,11887,Node_161,11,0,5,11,5,,,,,,,,,
9,VISIT,971,Random,OnArrival,3,11,11887,Node_161,11,0,5,11,5,,,,,,,,,
9,VISIT,972,Random,OnArrival,3,11,11887,Node_149,14,0,6,14,6,,,,,,,,,
9,VISIT,969,Random,OnArrival,3,12,11894,Node_150,13,0,6,13,6,,,,,,,,,
9,VISIT,970,Random,OnArrival,3,12,11894,Node_602,10,0,5,10,5,,,,,,,,,
9,VISIT,971,Random,OnArrival,3,12,11894,Node_602,10,0,5,10,5,,,,,,,,,
9,VISIT,972,Random,OnArrival,3,12,11894,Node_150,13,0,6,13,6,,,,,,,,,
9,VISIT,969,Random,OnArrival,3,13,11902,Node_586,13,0,5,13,5,,,,,,,,,
9,VISIT,970,Random,OnArrival,3,13,11902,Node_650,9,0,5,9,5,,,,,,,,,
9,VISIT,971,Random,OnArrival,3,13,11902,Node_650,9,0,5,9,5,,,,,,,,,
9,VISIT,972,Random,OnArrival,3,13,11902,Node_586,13,0,5,13,5,,,,,,,,,
9,VISIT,969,Random,OnArrival,3,14,11911,Node_160,12,0,5,12,5,,,,,,,,,
9,VISIT,970,Random,OnArrival,3,14,11911,Node_637,8,0,5,8,5,,,,,,,,,
9,VISIT,971,Random,OnArrival,3,14,11911,Node_637,8,0,5,8,5,,,,,,,,,
9,VISIT,972,Random,OnArrival,3,14,11911,Node_160,12,0,5,12,5,,,,,,,,,
9,VISIT,969,Random,OnArrival,3,15,11920,Node_161,11,0,5,11,5,,,,,,,,,
9,VISIT,972,Random,OnArrival,3,15,11920,Node_161,11,0,5,11,5,,,,,,,,,
9,VISIT,969,Random,OnArrival,3,16,11930,Node_602,10,0,5,10,5,,,,,,,,,
9,VISIT,972,Random,OnArrival,3,16,11930,Node_602,10,0,5,10,5,,,,,,,,,
9,VISIT,969,Random,OnArrival,3,17,11940,Node_650,9,0,5,9,5,,,,,,,,,
9,VISIT,970,Random,OnArrival,3,15,11940,Node_636,8,0,2,8,2,,,,,,,,,
9,VISIT,971,Random,OnArrival,3,15,11940,Node_636,8,0,2,8,2,,,,,,,,,
9,VISIT,972,Random,OnArrival,3,17,11940,Node_650,9,0,5,9,5,,,,,,,,,
9,VISIT,969,Random,OnArrival,3,18,11950,Node_637,8,0,5,8,5,,,,,,,,,
9,VISIT,972,Random,OnArrival,3,18,11950,Node_637,8,0,5,8,5,,,,,,,,,
9,VISIT,970,Random,OnArrival,3,16,11960,Node_646,6,0,2,6,2,,,,,,,,,
9,VISIT,971,Random,OnArrival,3,16,11960,Node_646,6,0,2,6,2,,,,,,,,,
9,VISIT,969,Random,OnArrival,3,19,11982,Node_636,8,0,2,8,2,,,,,,,,,
9,VISIT,970,Random,OnArrival,3,17,11982,Node_677,6,0,0,6,0,,,,,,,,,
9,VISIT,971,Random,OnArrival,3,17,11982,Node_677,6,0,0,6,0,,,,,,,,,
9,VISIT,972,Random,OnArrival,3,19,11982,Node_636,8,0,2,8,2,,,,,,,,,
9,VISIT,969,Random,OnArrival,3,20,12002,Node_646,6,0,2,6,2,,,,,,,,,
9,VISIT,972,Random,OnArrival,3,20,12002,Node_646,6,0,2,6,2,,,,,,,,,
9,VISIT,970,Random,OnArrival,3,18,12013,Node_679,3,0,0,3,0,,,,,,,,,
9,VISIT,971,Random,OnArrival,3,18,12013,Node_679,3,0,0,3,0,,,,,,,,,
9,VISIT,969,Random,OnArrival,3,21,12024,Node_677,6,0,0,6,0,,,,,,,,,
9,VISIT,972,Random,OnArrival,3,21,12024,Node_677,6,0,0,6,0,,,,,,,,,
9,VISIT,970,Random,OnArrival,3,19,12034,Node_714,3,0,-2,3,-2,,,,,,,,,
9,VISIT,971,Random,OnArrival,3,19,12034,Node_714,3,0,-2,3,-2,,,,,,,,,
9,VISIT,968,Random,OnArrival,3,26,12055,Node_754,-10,0,24,-10,24,,,,,,,,,
9,VISIT,969,Random,OnArrival,3,22,12055,Node_679,3,0,0,3,0,,,,,,,,,
9,VISIT,972,Random,OnArrival,3,22,12055,Node_679,3,0,0,3,0,,,,,,,,,
9,VISIT,968,Random,OnArrival,3,27,12066,Node_755,-10,0,25,-10,25,,,,,,,,,
9,VISIT,968,Random,OnArrival,3,28,12077,Node_756,-9,0,25,-9,25,,,,,,,,,
9,VISIT,972,Random,OnArrival,3,23,12077,Node_714,3,0,-2,3,-2,,,,,,,,,
9,VISIT,969,Random,OnArrival,3,23,12088,Node_726,0,0,0,0,0,,,,,,,,,
9,VISIT,972,Random,OnArrival,3,24,12099,Node_716,1,0,-2,1,-2,,,,,,,,,
9,VISIT,973,Random,OnArrival,3,0,12117,Node_6,19,0,12,19,12,,,,,,,,,
9,VISIT,974,Random,OnArrival,3,0,12117,Node_7,19,0,8,19,8,,,,,,,,,
9,VISIT,975,Random,OnArrival,3,0,12117,Node_8,17,0,10,17,10,,,,,,,,,
9,VISIT,976,Random,OnArrival,3,0,12117,Node_9,21,0,10,21,10,,,,,,,,,
9,VISIT,973,Random,OnArrival,3,1,12121,Node_2,19,0,11,19,11,,,,,,,,,
9,VISIT,974,Random,OnArrival,3,1,12121,Node_11,18,0,8,18,8,,,,,,,,,
9,VISIT,975,Random,OnArrival,3,1,12121,Node_23,17,0,9,17,9,,,,,,,,,
9,VISIT,976,Random,OnArrival,3,1,12121,Node_5,20,0,10,20,10,,,,,,,,,
9,VISIT,970,Random,OnArrival,3,20,12125,Node_718,1,0,-5,1,-5,,,,,,,,,
9,VISIT,971,Random,OnArrival,3,20,12125,Node_718,1,0,-5,1,-5,,,,,,,,,
9,VISIT,973,Random,OnArrival,3,2,12125,Node_20,19,0,10,19,10,,,,,,,,,
9,VISIT,974,Random,OnArrival,3,2,12125,Node_86,17,0,8,17,8,,,,,,,,,
9,VISIT,975,Random,OnArrival,3,2,12125,Node_86,17,0,8,17,8,,,,,,,,,
9,VISIT,976,Random,OnArrival,3,2,12125,Node_50,20,0,9,20,9,,,,,,,,,
9,VISIT,968,Random,OnArrival,3,29,12129,Node_762,-7,0,25,-7,25,,,,,,,,,
9,VISIT,969,Random,OnArrival,3,24,12129,Node_720,-2,0,-3,-2,-3,,,,,,,,,
9,VISIT,972,Random,OnArrival,3,25,12129,Node_720,-2,0,-3,-2,-3,,,,,,,,,
9,VISIT,973,Random,OnArrival,3,3,12129,Node_4,18,0,10,18,10,,,,,,,,,
9,VISIT,974,Random,OnArrival,3,3,12129,Node_126,17,0,7,17,7,,,,,,,,,
9,VISIT,975,Random,OnArrival,3,3,12129,Node_126,17,0,7,17,7,,,,,,,,,
9,VISIT,976,Random,OnArrival,3,3,12129,Node_47,20,0,8,20,8,,,,,,,,,
9,VISIT,968,Random,OnArrival,3,30,12134,Node_767,-6,0,25,-6,25,,,,,,,,,
9,VISIT,969,Random,OnArrival,3,25,12134,Node_721,-3,0,-3,-3,-3,,,,,,,,,
9,VISIT,972,Random,OnArrival,3,26,12134,Node_721,-3,0,-3,-3,-3,,,,,,,,,
9,VISIT,973,Random,OnArrival,3,4,12134,Node_8,17,0,10,17,10,,,,,,,,,
9,VISIT,974,Random,OnArrival,3,4,12134,Node_127,16,0,7,16,7,,,,,,,,,
9,VISIT,975,Random,OnArrival,3,4,12134,Node_127,16,0,7,16,7,,,,,,,,,
9,VISIT,976,Random,OnArrival,3,4,12134,Node_7,19,0,8,19,8,,,,,,,,,
9,VISIT,970,Random,OnArrival,3,21,12138,Node_719,-2,0,-5,-2,-5,,,,,,,,,
9,VISIT,973,Random,OnArrival,3,5,12138,Node_23,17,0,9,17,9,,,,,,,,,
9,VISIT,974,Random,OnArrival,3,5,12138,Node_147,16,0,6,16,6,,,,,,,,,
9,VISIT,975,Random,OnArrival,3,5,12138,Node_147,16,0,6,16,6,,,,,,,,,
9,VISIT,976,Random,OnArrival,3,5,12138,Node_11,18,0,8,18,8,,,,,,,,,
9,VISIT,971,Random,OnArrival,3,21,12143,Node_761,5,0,-5,5,-5,,,,,,,,,
9,VISIT,973,Random,OnArrival,3,6,12143,Node_86,17,0,8,17,8,,,,,,,,,
9,VISIT,974,Random,OnArrival,3,6,12143,Node_131,15,0,6,15,6,,,,,,,,,
9,VISIT,975,Random,OnArrival,3,6,12143,Node_131,15,0,6,15,6,,,,,,,,,
9,VISIT,976,Random,OnArrival,3,6,12143,Node_86,17,0,8,17,8,,,,,,,,,
9,VISIT,970,Random,OnArrival,3,22,12148,Node_720,-2,0,-3,-2,-3,,,,,,,,,
9,VISIT,973,Random,OnArrival,3,7,12148,Node_126,17,0,7,17,7,,,,,,,,,
9,VISIT,974,Random,OnArrival,3,7,12148,Node_149,14,0,6,14,6,,,,,,,,,
9,VISIT,975,Random,OnArrival,3,7,12148,Node_149,14,0,6,14,6,,,,,,,,,
9,VISIT,976,Random,OnArrival,3,7,12148,Node_126,17,0,7,17,7,,,,,,,,,
9,VISIT,970,Random,OnArrival,3,23,12154,Node_721,-3,0,-3,-3,-3,,,,,,,,,
9,VISIT,973,Random,OnArrival,3,8,12154,Node_127,16,0,7,16,7,,,,,,,,,
9,VISIT,974,Random,OnArrival,3,8,12154,Node_150,13,0,6,13,6,,,,,,,,,
9,VISIT,975,Random,OnArrival,3,8,12154,Node_150,13,0,6,13,6,,,,,,,,,
9,VISIT,976,Random,OnArrival,3,8,12154,Node_127,16,0,7,16,7,,,,,,,,,
9,VISIT,971,Random,OnArrival,3,22,12160,Node_664,8,0,-5,8,-5,,,,,,,,,
9,VISIT,973,Random,OnArrival,3,9,12160,Node_147,16,0,6,16,6,,,,,,,,,
9,VISIT,974,Random,OnArrival,3,9,12160,Node_586,13,0,5,13,5,,,,,,,,,
9,VISIT,975,Random,OnArrival,3,9,12160,Node_586,13,0,5,13,5,,,,,,,,,
9,VISIT,976,Random,OnArrival,3,9,12160,Node_147,16,0,6,16,6,,,,,,,,,
9,VISIT,973,Random,OnArrival,3,10,12167,Node_131,15,0,6,15,6,,,,,,,,,
9,VISIT,974,Random,OnArrival,3,10,12167,Node_160,12,0,5,12,5,,,,,,,,,
9,VISIT,975,Random,OnArrival,3,10,12167,Node_160,12,0,5,12,5,,,,,,,,,
9,VISIT,976,Random,OnArrival,3,10,12167,Node_131,15,0,6,15,6,,,,,,,,,
9,VISIT,970,Random,OnArrival,3,24,12174,Node_722,-3,0,0,-3,0,,,,,,,,,
9,VISIT,971,Random,OnArrival,3,23,12174,Node_661,10,0,-5,10,-5,,,,,,,,,
9,VISIT,973,Random,OnArrival,3,11,12174,Node_149,14,0,6,14,6,,,,,,,,,
9,VISIT,974,Random,OnArrival,3,11,12174,Node_161,11,0,5,11,5,,,,,,,,,
9,VISIT,975,Random,OnArrival,3,11,12174,Node_161,11,0,5,11,5,,,,,,,,,
9,VISIT,976,Random,OnArrival,3,11,12174,Node_149,14,0,6,14,6,,,,,,,,,
9,VISIT,971,Random,OnArrival,3,24,12182,Node_694,11,0,-5,11,-5,,,,,,,,,
9,VISIT,973,Random,OnArrival,3,12,12182,Node_150,13,0,6,13,6,,,,,,,,,
9,VISIT,974,Random,OnArrival,3,12,12182,Node_602,10,0,5,10,5,,,,,,,,,
9,VISIT,975,Random,OnArrival,3,12,12182,Node_602,10,0,5,10,5,,,,,,,,,
9,VISIT,976,Random,OnArrival,3,12,12182,Node_150,13,0,6,13,6,,,,,,,,,
9,VISIT,970,Random,OnArrival,3,25,12190,Node_774,-5,0,0,-5,0,,,,,,,,,
9,VISIT,971,Random,OnArrival,3,25,12190,Node_661,10,0,-5,10,-5,,,,,,,,,
9,VISIT,973,Random,OnArrival,3,13,12190,Node_586,13,0,5,13,5,,,,,,,,,
9,VISIT,974,Random,OnArrival,3,13,12190,Node_650,9,0,5,9,5,,,,,,,,,
9,VISIT,975,Random,OnArrival,3,13,12190,Node_650,9,0,5,9,5,,,,,,,,,
9,VISIT,976,Random,OnArrival,3,13,12190,Node_586,13,0,5,13,5,,,,,,,,,
9,VISIT,973,Random,OnArrival,3,14,12198,Node_160,12,0,5,12,5,,,,,,,,,
9,VISIT,974,Random,OnArrival,3,14,12198,Node_637,8,0,5,8,5,,,,,,,,,
9,VISIT,975,Random,OnArrival,3,14,12198,Node_637,8,0,5,8,5,,,,,,,,,
9,VISIT,976,Random,OnArrival,3,14,12198,Node_160,12,0,5,12,5,,,,,,,,,
9,VISIT,969,Random,OnArrival,3,26,12207,Node_731,-7,0,4,-7,4,,,,,,,,,
9,VISIT,971,Random,OnArrival,3,26,12207,Node_664,8,0,-5,8,-5,,,,,,,,,
9,VISIT,972,Random,OnArrival,3,27,12207,Node_731,-7,0,4,-7,4,,,,,,,,,
9,VISIT,973,Random,OnArrival,3,15,12207,Node_161,11,0,5,11,5,,,,,,,,,
9,VISIT,976,Random,OnArrival,3,15,12207,Node_161,11,0,5,11,5,,,,,,,,,
9,VISIT,970,Random,OnArrival,3,26,12217,Node_771,-5,0,-3,-5,-3,,,,,,,,,
9,VISIT,972,Random,OnArrival,3,28,12217,Node_732,-7,0,5,-7,5,,,,,,,,,
9,VISIT,973,Random,OnArrival,3,16,12217,Node_602,10,0,5,10,5,,,,,,,,,
9,VISIT,976,Random,OnArrival,3,16,12217,Node_602,10,0,5,10,5,,,,,,,,,
9,VISIT,969,Random,OnArrival,3,27,12227,Node_777,-7,0,2,-7,2,,,,,,,,,
9,VISIT,973,Random,OnArrival,3,17,12227,Node_650,9,0,5,9,5,,,,,,,,,
9,VISIT,974,Random,OnArrival,3,15,12227,Node_636,8,0,2,8,2,,,,,,,,,
9,VISIT,975,Random,OnArrival,3,15,12227,Node_636,8,0,2,8,2,,,,,,,,,
9,VISIT,976,Random,OnArrival,3,17,12227,Node_650,9,0,5,9,5,,,,,,,,,
9,VISIT,971,Random,OnArrival,3,27,12236,Node_761,5,0,-5,5,-5,,,,,,,,,
9,VISIT,973,Random,OnArrival,3,18,12236,Node_637,8,0,5,8,5,,,,,,,,,
9,VISIT,976,Random,OnArrival,3,18,12236,Node_637,8,0,5,8,5,,,,,,,,,
9,VISIT,974,Random,OnArrival,3,16,12246,Node_646,6,0,2,6,2,,,,,,,,,
9,VISIT,975,Random,OnArrival,3,16,12246,Node_646,6,0,2,6,2,,,,,,,,,
9,VISIT,971,Random,OnArrival,3,28,12256,Node_760,5,0,-3,5,-3,,,,,,,,,
9,VISIT,972,Random,OnArrival,3,29,12266,Node_779,-8,0,5,-8,5,,,,,,,,,
9,VISIT,973,Random,OnArrival,3,19,12266,Node_636,8,0,2,8,2,,,,,,,,,
9,VISIT,974,Random,OnArrival,3,17,12266,Node_677,6,0,0,6,0,,,,,,,,,
9,VISIT,975,Random,OnArrival,3,17,12266,Node_677,6,0,0,6,0,,,,,,,,,
9,VISIT,976,Random,OnArrival,3,19,12266,Node_636,8,0,2,8,2,,,,,,,,,
9,VISIT,972,Random,OnArrival,3,30,12276,Node_732,-7,0,5,-7,5,,,,,,,,,
9,VISIT,972,Random,OnArrival,3,31,12286,Node_731,-7,0,4,-7,4,,,,,,,,,
9,VISIT,973,Random,OnArrival,3,20,12286,Node_646,6,0,2,6,2,,,,,,,,,
9,VISIT,976,Random,OnArrival,3,20,12286,Node_646,6,0,2,6,2,,,,,,,,,
9,VISIT,971,Random,OnArrival,3,29,12296,Node_668,8,0,-2,8,-2,,,,,,,,,
9,VISIT,974,Random,OnArrival,3,18,12296,Node_679,3,0,0,3,0,,,,,,,,,
9,VISIT,975,Random,OnArrival,3,18,12296,Node_679,3,0,0,3,0,,,,,,,,,
9,VISIT,972,Random,OnArrival,3,32,12306,Node_777,-7,0,2,-7,2,,,,,,,,,
9,VISIT,973,Random,OnArrival,3,21,12306,Node_677,6,0,0,6,0,,,,,,,,,
9,VISIT,976,Random,OnArrival,3,21,12306,Node_677,6,0,0,6,0,,,,,,,,,
9,VISIT,972,Random,OnArrival,3,33,12316,Node_776,-6,0,2,-6,2,,,,,,,,,
9,VISIT,971,Random,OnArrival,3,30,12327,Node_664,8,0,-5,8,-5,,,,,,,,,
9,VISIT,974,Random,OnArrival,3,19,12327,Node_726,0,0,0,0,0,,,,,,,,,
9,VISIT,975,Random,OnArrival,3,19,12327,Node_726,0,0,0,0,0,,,,,,,,,
9,VISIT,973,Random,OnArrival,3,22,12338,Node_679,3,0,0,3,0,,,,,,,,,
9,VISIT,974,Random,OnArrival,3,20,12338,Node_727,0,0,1,0,1,,,,,,,,,
9,VISIT,975,Random,OnArrival,3,20,12338,Node_727,0,0,1,0,1,,,,,,,,,
9,VISIT,976,Random,OnArrival,3,22,12338,Node_679,3,0,0,3,0,,,,,,,,,
9,VISIT,971,Random,OnArrival,3,31,12349,Node_661,10,0,-5,10,-5,,,,,,,,,
9,VISIT,972,Random,OnArrival,3,34,12349,Node_724,-3,0,2,-3,2,,,,,,,,,
9,VISIT,974,Random,OnArrival,3,21,12349,Node_730,-1,0,1,-1,1,,,,,,,,,
9,VISIT,975,Random,OnArrival,3,21,12349,Node_730,-1,0,1,-1,1,,,,,,,,,
9,VISIT,970,Random,OnArrival,3,27,12360,Node_783,-10,0,2,-10,2,,,,,,,,,
9,VISIT,971,Random,OnArrival,3,32,12360,Node_658,10,0,-4,10,-4,,,,,,,,,
9,VISIT,971,Random,OnArrival,3,33,12371,Node_233,11,0,-4,11,-4,,,,,,,,,
9,VISIT,973,Random,OnArrival,3,23,12371,Node_726,0,0,0,0,0,,,,,,,,,
9,VISIT,974,Random,OnArrival,3,22,12371,Node_723,-3,0,1,-3,1,,,,,,,,,
9,VISIT,975,Random,OnArrival,3,22,12371,Node_723,-3,0,1,-3,1,,,,,,,,,
9,VISIT,976,Random,OnArrival,3,23,12371,Node_726,0,0,0,0,0,,,,,,,,,
9,VISIT,971,Random,OnArrival,3,34,12382,Node_640,12,0,-4,12,-4,,,,,,,,,
9,VISIT,972,Random,OnArrival,3,35,12382,Node_776,-6,0,2,-6,2,,,,,,,,,
9,VISIT,973,Random,OnArrival,3,24,12382,Node_727,0,0,1,0,1,,,,,,,,,
9,VISIT,974,Random,OnArrival,3,23,12382,Node_722,-3,0,0,-3,0,,,,,,,,,
9,VISIT,975,Random,OnArrival,3,23,12382,Node_722,-3,0,0,-3,0,,,,,,,,,
9,VISIT,976,Random,OnArrival,3,24,12382,Node_727,0,0,1,0,1,,,,,,,,,
9,VISIT,970,Random,OnArrival,3,28,12392,Node_777,-7,0,2,-7,2,,,,,,,,,
9,VISIT,971,Random,OnArrival,3,35,12392,Node_638,12,0,-3,12,-3,,,,,,,,,
9,VISIT,973,Random,OnArrival,3,25,12392,Node_730,-1,0,1,-1,1,,,,,,,,,
9,VISIT,976,Random,OnArrival,3,25,12392,Node_730,-1,0,1,-1,1,,,,,,,,,
9,VISIT,977,Random,OnArrival,3,0,12392,Node_6,19,0,12,19,12,,,,,,,,,
9,VISIT,978,Random,OnArrival,3,0,12392,Node_7,19,0,8,19,8,,,,,,,,,
9,VISIT,979,Random,OnArrival,3,0,12392,Node_8,17,0,10,17,10,,,,,,,,,
9,VISIT,980,Random,OnArrival,3,0,12392,Node_9,21,0,10,21,10,,,,,,,,,
9,VISIT,972,Random,OnArrival,3,36,12396,Node_775,-6,0,0,-6,0,,,,,,,,,
9,VISIT,974,Random,OnArrival,3,24,12396,Node_774,-5,0,0,-5,0,,,,,,,,,
9,VISIT,975,Random,OnArrival,3,24,12396,Node_774,-5,0,0,-5,0,,,,,,,,,
9,VISIT,977,Random,OnArrival,3,1,12396,Node_2,19,0,11,19,11,,,,,,,,,
9,VISIT,978,Random,OnArrival,3,1,12396,Node_11,18,0,8,18,8,,,,,,,,,
9,VISIT,979,Random,OnArrival,3,1,12396,Node_23,17,0,9,17,9,,,,,,,,,
9,VISIT,980,Random,OnArrival,3,1,12396,Node_5,20,0,10,20,10,,,,,,,,,
9,VISIT,970,Random,OnArrival,3,29,12400,Node_731,-7,0,4,-7,4,,,,,,,,,
9,VISIT,971,Random,OnArrival,3,36,12400,Node_632,14,0,-3,14,-3,,,,,,,,,
9,VISIT,973,Random,OnArrival,3,26,12400,Node_723,-3,0,1,-3,1,,,,,,,,,
9,VISIT,974,Random,OnArrival,3,25,12400,Node_775,-6,0,0,-6,0,,,,,,,,,
9,VISIT,975,Random,OnArrival,3,25,12400,Node_775,-6,0,0,-6,0,,,,,,,,,
9,VISIT,976,Random,OnArrival,3,26,12400,Node_723,-3,0,1,-3,1,,,,,,,,,
9,VISIT,977,Random,OnArrival,3,2,12400,Node_20,19,0,10,19,10,,,,,,,,,
9,VISIT,978,Random,OnArrival,3,2,12400,Node_86,17,0,8,17,8,,,,,,,,,
9,VISIT,979,Random,OnArrival,3,2,12400,Node_86,17,0,8,17,8,,,,,,,,,
9,VISIT,980,Random,OnArrival,3,2,12400,Node_50,20,0,9,20,9,,,,,,,,,
9,VISIT,970,Random,OnArrival,3,30,12404,Node_732,-7,0,5,-7,5,,,,,,,,,
9,VISIT,971,Random,OnArrival,3,37,12404,Node_629,14,0,-2,14,-2,,,,,,,,,
9,VISIT,973,Random,OnArrival,3,27,12404,Node_722,-3,0,0,-3,0,,,,,,,,,
9,VISIT,975,Random,OnArrival,3,26,12404,Node_790,-7,0,0,-7,0,,,,,,,,,
9,VISIT,976,Random,OnArrival,3,27,12404,Node_722,-3,0,0,-3,0,,,,,,,,,
9,VISIT,977,Random,OnArrival,3,3,12404,Node_4,18,0,10,18,10,,,,,,,,,
9,VISIT,978,Random,OnArrival,3,3,12404,Node_126,17,0,7,17,7,,,,,,,,,
9,VISIT,979,Random,OnArrival,3,3,12404,Node_126,17,0,7,17,7,,,,,,,,,
9,VISIT,980,Random,OnArrival,3,3,12404,Node_47,20,0,8,20,8,,,,,,,,,
9,VISIT,970,Random,OnArrival,3,31,12408,Node_733,-7,0,6,-7,6,,,,,,,,,
9,VISIT,971,Random,OnArrival,3,38,12408,Node_610,15,0,-2,15,-2,,,,,,,,,
9,VISIT,974,Random,OnArrival,3,26,12408,Node_776,-6,0,2,-6,2,,,,,,,,,
9,VISIT,975,Random,OnArrival,3,27,12408,Node_791,-7,0,-1,-7,-1,,,,,,,,,
9,VISIT,977,Random,OnArrival,3,4,12408,Node_8,17,0,10,17,10,,,,,,,,,
9,VISIT,978,Random,OnArrival,3,4,12408,Node_127,16,0,7,16,7,,,,,,,,,
9,VISIT,979,Random,OnArrival,3,4,12408,Node_127,16,0,7,16,7,,,,,,,,,
9,VISIT,980,Random,OnArrival,3,4,12408,Node_7,19,0,8,19,8,,,,,,,,,
9,VISIT,970,Random,OnArrival,3,32,12412,Node_780,-8,0,6,-8,6,,,,,,,,,
9,VISIT,973,Random,OnArrival,3,28,12412,Node_774,-5,0,0,-5,0,,,,,,,,,
9,VISIT,974,Random,OnArrival,3,27,12412,Node_777,-7,0,2,-7,2,,,,,,,,,
9,VISIT,976,Random,OnArrival,3,28,12412,Node_774,-5,0,0,-5,0,,,,,,,,,
9,VISIT,977,Random,OnArrival,3,5,12412,Node_23,17,0,9,17,9,,,,,,,,,
9,VISIT,978,Random,OnArrival,3,5,12412,Node_147,16,0,6,16,6,,,,,,,,,
9,VISIT,979,Random,OnArrival,3,5,12412,Node_147,16,0,6,16,6,,,,,,,,,
9,VISIT,980,Random,OnArrival,3,5,12412,Node_11,18,0,8,18,8,,,,,,,,,
9,VISIT,970,Random,OnArrival,3,33,12416,Node_733,-7,0,6,-7,6,,,,,,,,,
9,VISIT,971,Random,OnArrival,3,39,12416,Node_627,17,0,-2,17,-2,,,,,,,,,
9,VISIT,972,Random,OnArrival,3,37,12416,Node_794,-8,0,-1,-8,-1,,,,,,,,,
9,VISIT,973,Random,OnArrival,3,29,12416,Node_775,-6,0,0,-6,0,,,,,,,,,
9,VISIT,975,Random,OnArrival,3,28,12416,Node_793,-8,0,-2,-8,-2,,,,,,,,,
9,VISIT,976,Random,OnArrival,3,29,12416,Node_775,-6,0,0,-6,0,,,,,,,,,
9,VISIT,977,Random,OnArrival,3,6,12416,Node_86,17,0,8,17,8,,,,,,,,,
9,VISIT,978,Random,OnArrival,3,6,12416,Node_131,15,0,6,15,6,,,,,,,,,
9,VISIT,979,Random,OnArrival,3,6,12416,Node_131,15,0,6,15,6,,,,,,,,,
9,VISIT,980,Random,OnArrival,3,6,12416,Node_86,17,0,8,17,8,,,,,,,,,
9,VISIT,971,Random,OnArrival,3,40,12420,Node_624,18,0,-2,18,-2,,,,,,,,,
9,VISIT,973,Random,OnArrival,3,30,12420,Node_790,-7,0,0,-7,0,,,,,,,,,
9,VISIT,976,Random,OnArrival,3,30,12420,Node_790,-7,0,0,-7,0,,,,,,,,,
9,VISIT,977,Random,OnArrival,3,7,12420,Node_126,17,0,7,17,7,,,,,,,,,
9,VISIT,978,Random,OnArrival,3,7,12420,Node_149,14,0,6,14,6,,,,,,,,,
9,VISIT,979,Random,OnArrival,3,7,12420,Node_149,14,0,6,14,6,,,,,,,,,
9,VISIT,980,Random,OnArrival,3,7,12420,Node_126,17,0,7,17,7,,,,,,,,,
9,VISIT,971,Random,OnArrival,3,41,12424,Node_85,19,0,-2,19,-2,,,,,,,,,
9,VISIT,972,Random,OnArrival,3,38,12424,Node_789,-10,0,-1,-10,-1,,,,,,,,,
9,VISIT,973,Random,OnArrival,3,31,12424,Node_791,-7,0,-1,-7,-1,,,,,,,,,
9,VISIT,974,Random,OnArrival,3,28,12424,Node_783,-10,0,2,-10,2,,,,,,,,,
9,VISIT,975,Random,OnArrival,3,29,12424,Node_793,-8,0,-2,-8,-2,,,,,,,,,
9,VISIT,976,Random,OnArrival,3,31,12424,Node_791,-7,0,-1,-7,-1,,,,,,,,,
9,VISIT,977,Random,OnArrival,3,8,12424,Node_127,16,0,7,16,7,,,,,,,,,
9,VISIT,978,Random,OnArrival,3,8,12424,Node_150,13,0,6,13,6,,,,,,,,,
9,VISIT,979,Random,OnArrival,3,8,12424,Node_150,13,0,6,13,6,,,,,,,,,
9,VISIT,980,Random,OnArrival,3,8,12424,Node_127,16,0,7,16,7,,,,,,,,,
9,VISIT,971,Random,OnArrival,3,42,12428,Node_84,19,0,-1,19,-1,,,,,,,,,
9,VISIT,973,Random,OnArrival,3,32,12428,Node_794,-8,0,-1,-8,-1,,,,,,,,,
9,VISIT,975,Random,OnArrival,3,30,12428,Node_794,-8,0,-1,-8,-1,,,,,,,,,
9,VISIT,976,Random,OnArrival,3,32,12428,Node_794,-8,0,-1,-8,-1,,,,,,,,,
9,VISIT,977,Random,OnArrival,3,9,12428,Node_147,16,0,6,16,6,,,,,,,,,
9,VISIT,978,Random,OnArrival,3,9,12428,Node_159,12,0,6,12,6,,,,,,,,,
9,VISIT,979,Random,OnArrival,3,9,12428,Node_159,12,0,6,12,6,,,,,,,,,
9,VISIT,980,Random,OnArrival,3,9,12428,Node_147,16,0,6,16,6,,,,,,,,,
9,VISIT,971,Random,OnArrival,3,43,12432,Node_622,18,0,-1,18,-1,,,,,,,,,
9,VISIT,977,Random,OnArrival,3,10,12432,Node_131,15,0,6,15,6,,,,,,,,,
9,VISIT,978,Random,OnArrival,3,10,12432,Node_212,11,0,6,11,6,,,,,,,,,
9,VISIT,979,Random,OnArrival,3,10,12432,Node_212,11,0,6,11,6,,,,,,,,,
9,VISIT,980,Random,OnArrival,3,10,12432,Node_131,15,0,6,15,6,,,,,,,,,
9,VISIT,971,Random,OnArrival,3,44,12437,Node_630,17,0,-1,17,-1,,,,,,,,,
9,VISIT,972,Random,OnArrival,3,39,12437,Node_783,-10,0,2,-10,2,,,,,,,,,
9,VISIT,973,Random,OnArrival,3,33,12437,Node_789,-10,0,-1,-10,-1,,,,,,,,,
9,VISIT,974,Random,OnArrival,3,29,12437,Node_789,-10,0,-1,-10,-1,,,,,,,,,
9,VISIT,975,Random,OnArrival,3,31,12437,Node_789,-10,0,-1,-10,-1,,,,,,,,,
9,VISIT,976,Random,OnArrival,3,33,12437,Node_789,-10,0,-1,-10,-1,,,,,,,,,
9,VISIT,977,Random,OnArrival,3,11,12437,Node_149,14,0,6,14,6,,,,,,,,,
9,VISIT,978,Random,OnArrival,3,11,12437,Node_599,10,0,6,10,6,,,,,,,,,
9,VISIT,979,Random,OnArrival,3,11,12437,Node_599,10,0,6,10,6,,,,,,,,,
9,VISIT,980,Random,OnArrival,3,11,12437,Node_149,14,0,6,14,6,,,,,,,,,
9,VISIT,971,Random,OnArrival,3,45,12441,Node_627,17,0,-2,17,-2,,,,,,,,,
9,VISIT,977,Random,OnArrival,3,12,12441,Node_150,13,0,6,13,6,,,,,,,,,
9,VISIT,978,Random,OnArrival,3,12,12441,Node_652,9,0,6,9,6,,,,,,,,,
9,VISIT,979,Random,OnArrival,3,12,12441,Node_652,9,0,6,9,6,,,,,,,,,
9,VISIT,980,Random,OnArrival,3,12,12441,Node_150,13,0,6,13,6,,,,,,,,,
9,VISIT,971,Random,OnArrival,3,46,12446,Node_624,18,0,-2,18,-2,,,,,,,,,
9,VISIT,977,Random,OnArrival,3,13,12446,Node_159,12,0,6,12,6,,,,,,,,,
9,VISIT,978,Random,OnArrival,3,13,12446,Node_639,8,0,6,8,6,,,,,,,,,
9,VISIT,979,Random,OnArrival,3,13,12446,Node_639,8,0,6,8,6,,,,,,,,,
9,VISIT,980,Random,OnArrival,3,13,12446,Node_159,12,0,6,12,6,,,,,,,,,
9,VISIT,971,Random,OnArrival,3,47,12452,Node_85,19,0,-2,19,-2,,,,,,,,,
9,VISIT,972,Random,OnArrival,3,40,12452,Node_777,-7,0,2,-7,2,,,,,,,,,
9,VISIT,973,Random,OnArrival,3,34,12452,Node_783,-10,0,2,-10,2,,,,,,,,,
9,VISIT,974,Random,OnArrival,3,30,12452,Node_783,-10,0,2,-10,2,,,,,,,,,
9,VISIT,975,Random,OnArrival,3,32,12452,Node_783,-10,0,2,-10,2,,,,,,,,,
9,VISIT,976,Random,OnArrival,3,34,12452,Node_783,-10,0,2,-10,2,,,,,,,,,
9,VISIT,977,Random,OnArrival,3,14,12452,Node_212,11,0,6,11,6,,,,,,,,,
9,VISIT,978,Random,OnArrival,3,14,12452,Node_655,7,0,6,7,6,,,,,,,,,
9,VISIT,979,Random,OnArrival,3,14,12452,Node_655,7,0,6,7,6,,,,,,,,,
9,VISIT,980,Random,OnArrival,3,14,12452,Node_212,11,0,6,11,6,,,,,,,,,
9,VISIT,971,Random,OnArrival,3,48,12458,Node_590,19,0,-3,19,-3,,,,,,,,,
9,VISIT,977,Random,OnArrival,3,15,12458,Node_599,10,0,6,10,6,,,,,,,,,
9,VISIT,978,Random,OnArrival,3,15,12458,Node_660,6,0,6,6,6,,,,,,,,,
9,VISIT,979,Random,OnArrival,3,15,12458,Node_660,6,0,6,6,6,,,,,,,,,
9,VISIT,980,Random,OnArrival,3,15,12458,Node_599,10,0,6,10,6,,,,,,,,,
9,VISIT,971,Random,OnArrival,3,49,12466,Node_588,20,0,-3,20,-3,,,,,,,,,
9,VISIT,972,Random,OnArrival,3,41,12466,Node_731,-7,0,4,-7,4,,,,,,,,,
9,VISIT,977,Random,OnArrival,3,16,12466,Node_652,9,0,6,9,6,,,,,,,,,
9,VISIT,978,Random,OnArrival,3,16,12466,Node_654,5,0,6,5,6,,,,,,,,,
9,VISIT,979,Random,OnArrival,3,16,12466,Node_654,5,0,6,5,6,,,,,,,,,
9,VISIT,980,Random,OnArrival,3,16,12466,Node_652,9,0,6,9,6,,,,,,,,,
9,VISIT,971,Random,OnArrival,3,50,12474,Node_590,19,0,-3,19,-3,,,,,,,,,
9,VISIT,972,Random,OnArrival,3,42,12474,Node_732,-7,0,5,-7,5,,,,,,,,,
9,VISIT,973,Random,OnArrival,3,35,12474,Node_777,-7,0,2,-7,2,,,,,,,,,
9,VISIT,974,Random,OnArrival,3,31,12474,Node_777,-7,0,2,-7,2,,,,,,,,,
9,VISIT,975,Random,OnArrival,3,33,12474,Node_777,-7,0,2,-7,2,,,,,,,,,
9,VISIT,976,Random,OnArrival,3,35,12474,Node_777,-7,0,2,-7,2,,,,,,,,,
9,VISIT,977,Random,OnArrival,3,17,12474,Node_639,8,0,6,8,6,,,,,,,,,
9,VISIT,980,Random,OnArrival,3,17,12474,Node_639,8,0,6,8,6,,,,,,,,,
9,VISIT,971,Random,OnArrival,3,51,12482,Node_591,19,0,-4,19,-4,,,,,,,,,
9,VISIT,972,Random,OnArrival,3,43,12482,Node_733,-7,0,6,-7,6,,,,,,,,,
9,VISIT,977,Random,OnArrival,3,18,12482,Node_655,7,0,6,7,6,,,,,,,,,
9,VISIT,980,Random,OnArrival,3,18,12482,Node_655,7,0,6,7,6,,,,,,,,,
9,VISIT,971,Random,OnArrival,3,52,12491,Node_595,18,0,-4,18,-4,,,,,,,,,
9,VISIT,972,Random,OnArrival,3,44,12491,Node_734,-7,0,7,-7,7,,,,,,,,,
9,VISIT,973,Random,OnArrival,3,36,12491,Node_731,-7,0,4,-7,4,,,,,,,,,
9,VISIT,974,Random,OnArrival,3,32,12491,Node_731,-7,0,4,-7,4,,,,,,,,,
9,VISIT,975,Random,OnArrival,3,34,12491,Node_731,-7,0,4,-7,4,,,,,,,,,
9,VISIT,976,Random,OnArrival,3,36,12491,Node_731,-7,0,4,-7,4,,,,,,,,,
9,VISIT,977,Random,OnArrival,3,19,12491,Node_660,6,0,6,6,6,,,,,,,,,
9,VISIT,978,Random,OnArrival,3,17,12491,Node_659,5,0,9,5,9,,,,,,,,,
9,VISIT,979,Random,OnArrival,3,17,12491,Node_659,5,0,9,5,9,,,,,,,,,
9,VISIT,980,Random,OnArrival,3,19,12491,Node_660,6,0,6,6,6,,,,,,,,,
9,VISIT,972,Random,OnArrival,3,45,12501,Node_797,-6,0,7,-6,7,,,,,,,,,
9,VISIT,973,Random,OnArrival,3,37,12501,Node_732,-7,0,5,-7,5,,,,,,,,,
9,VISIT,974,Random,OnArrival,3,33,12501,Node_732,-7,0,5,-7,5,,,,,,,,,
9,VISIT,975,Random,OnArrival,3,35,12501,Node_732,-7,0,5,-7,5,,,,,,,,,
9,VISIT,976,Random,OnArrival,3,37,12501,Node_732,-7,0,5,-7,5,,,,,,,,,
9,VISIT,977,Random,OnArrival,3,20,12501,Node_654,5,0,6,5,6,,,,,,,,,
9,VISIT,978,Random,OnArrival,3,18,12501,Node_662,5,0,10,5,10,,,,,,,,,
9,VISIT,979,Random,OnArrival,3,18,12501,Node_662,5,0,10,5,10,,,,,,,,,
9,VISIT,980,Random,OnArrival,3,20,12501,Node_654,5,0,6,5,6,,,,,,,,,
9,VISIT,973,Random,OnArrival,3,38,12511,Node_733,-7,0,6,-7,6,,,,,,,,,
9,VISIT,974,Random,OnArrival,3,34,12511,Node_733,-7,0,6,-7,6,,,,,,,,,
9,VISIT,975,Random,OnArrival,3,36,12511,Node_733,-7,0,6,-7,6,,,,,,,,,
9,VISIT,976,Random,OnArrival,3,38,12511,Node_733,-7,0,6,-7,6,,,,,,,,,
9,VISIT,973,Random,OnArrival,3,39,12521,Node_734,-7,0,7,-7,7,,,,,,,,,
9,VISIT,974,Random,OnArrival,3,35,12521,Node_734,-7,0,7,-7,7,,,,,,,,,
9,VISIT,975,Random,OnArrival,3,37,12521,Node_795,-6,0,6,-6,6,,,,,,,,,
9,VISIT,976,Random,OnArrival,3,39,12521,Node_795,-6,0,6,-6,6,,,,,,,,,
9,VISIT,978,Random,OnArrival,3,19,12521,Node_665,5,0,12,5,12,,,,,,,,,
9,VISIT,979,Random,OnArrival,3,19,12521,Node_665,5,0,12,5,12,,,,,,,,,
9,VISIT,971,Random,OnArrival,3,53,12531,Node_618,15,0,-5,15,-5,,,,,,,,,
9,VISIT,973,Random,OnArrival,3,40,12531,Node_733,-7,0,6,-7,6,,,,,,,,,
9,VISIT,974,Random,OnArrival,3,36,12531,Node_733,-7,0,6,-7,6,,,,,,,,,
9,VISIT,977,Random,OnArrival,3,21,12531,Node_659,5,0,9,5,9,,,,,,,,,
9,VISIT,980,Random,OnArrival,3,21,12531,Node_659,5,0,9,5,9,,,,,,,,,
9,VISIT,973,Random,OnArrival,3,41,12541,Node_795,-6,0,6,-6,6,,,,,,,,,
9,VISIT,974,Random,OnArrival,3,37,12541,Node_780,-8,0,6,-8,6,,,,,,,,,
9,VISIT,975,Random,OnArrival,3,38,12541,Node_800,-5,0,7,-5,7,,,,,,,,,
9,VISIT,976,Random,OnArrival,3,40,12541,Node_800,-5,0,7,-5,7,,,,,,,,,
9,VISIT,977,Random,OnArrival,3,22,12541,Node_662,5,0,10,5,10,,,,,,,,,
9,VISIT,980,Random,OnArrival,3,22,12541,Node_662,5,0,10,5,10,,,,,,,,,
9,VISIT,971,Random,OnArrival,3,54,12551,Node_799,17,0,-5,17,-5,,,,,,,,,
9,VISIT,973,Random,OnArrival,3,42,12551,Node_797,-6,0,7,-6,7,,,,,,,,,
9,VISIT,974,Random,OnArrival,3,38,12551,Node_782,-9,0,6,-9,6,,,,,,,,,
9,VISIT,975,Random,OnArrival,3,39,12551,Node_737,-4,0,7,-4,7,,,,,,,,,
9,VISIT,976,Random,OnArrival,3,41,12551,Node_737,-4,0,7,-4,7,,,,,,,,,
9,VISIT,977,Random,OnArrival,3,23,12551,Node_687,6,0,10,6,10,,,,,,,,,
9,VISIT,971,Random,OnArrival,3,55,12561,Node_594,18,0,-5,18,-5,,,,,,,,,
9,VISIT,973,Random,OnArrival,3,43,12561,Node_800,-5,0,7,-5,7,,,,,,,,,
9,VISIT,975,Random,OnArrival,3,40,12561,Node_738,-4,0,8,-4,8,,,,,,,,,
9,VISIT,976,Random,OnArrival,3,42,12561,Node_738,-4,0,8,-4,8,,,,,,,,,
9,VISIT,978,Random,OnArrival,3,20,12561,Node_667,5,0,14,5,14,,,,,,,,,
9,VISIT,979,Random,OnArrival,3,20,12561,Node_667,5,0,14,5,14,,,,,,,,,
9,VISIT,980,Random,OnArrival,3,23,12561,Node_665,5,0,12,5,12,,,,,,,,,
9,VISIT,971,Random,OnArrival,3,56,12571,Node_592,19,0,-5,19,-5,,,,,,,,,
9,VISIT,973,Random,OnArrival,3,44,12571,Node_801,-5,0,8,-5,8,,,,,,,,,
9,VISIT,975,Random,OnArrival,3,41,12571,Node_801,-5,0,8,-5,8,,,,,,,,,
9,VISIT,976,Random,OnArrival,3,43,12571,Node_801,-5,0,8,-5,8,,,,,,,,,
9,VISIT,977,Random,OnArrival,3,24,12571,Node_393,8,0,10,8,10,,,,,,,,,
9,VISIT,980,Random,OnArrival,3,24,12571,Node_666,5,0,13,5,13,,,,,,,,,
9,VISIT,974,Random,OnArrival,3,39,12582,Node_740,-10,0,8,-10,8,,,,,,,,,
9,VISIT,977,Random,OnArrival,3,25,12582,Node_225,9,0,10,9,10,,,,,,,,,
9,VISIT,980,Random,OnArrival,3,25,12582,Node_804,6,0,13,6,13,,,,,,,,,
9,VISIT,971,Random,OnArrival,3,57,12592,Node_587,20,0,-4,20,-4,,,,,,,,,
9,VISIT,977,Random,OnArrival,3,26,12592,Node_183,10,0,10,10,10,,,,,,,,,
9,VISIT,980,Random,OnArrival,3,26,12592,Node_805,6,0,14,6,14,,,,,,,,,
9,VISIT,971,Random,OnArrival,3,58,12602,Node_591,19,0,-4,19,-4,,,,,,,,,
9,VISIT,973,Random,OnArrival,3,45,12602,Node_744,-5,0,11,-5,11,,,,,,,,,
9,VISIT,974,Random,OnArrival,3,40,12602,Node_743,-10,0,10,-10,10,,,,,,,,,
9,VISIT,975,Random,OnArrival,3,42,12602,Node_744,-5,0,11,-5,11,,,,,,,,,
9,VISIT,976,Random,OnArrival,3,44,12602,Node_744,-5,0,11,-5,11,,,,,,,,,
9,VISIT,977,Random,OnArrival,3,27,12602,Node_185,10,0,11,10,11,,,,,,,,,
9,VISIT,978,Random,OnArrival,3,21,12602,Node_396,5,0,18,5,18,,,,,,,,,
9,VISIT,979,Random,OnArrival,3,21,12602,Node_396,5,0,18,5,18,,,,,,,,,
9,VISIT,980,Random,OnArrival,3,27,12602,Node_667,5,0,14,5,14,,,,,,,,,
9,VISIT,981,Random,OnArrival,3,0,12606,Node_6,19,0,12,19,12,,,,,,,,,
9,VISIT,982,Random,OnArrival,3,0,12606,Node_7,19,0,8,19,8,,,,,,,,,
9,VISIT,983,Random,OnArrival,3,0,12606,Node_8,17,0,10,17,10,,,,,,,,,
9,VISIT,984,Random,OnArrival,3,0,12606,Node_9,21,0,10,21,10,,,,,,,,,
9,VISIT,971,Random,OnArrival,3,59,12610,Node_592,19,0,-5,19,-5,,,,,,,,,
9,VISIT,977,Random,OnArrival,3,28,12610,Node_227,9,0,11,9,11,,,,,,,,,
9,VISIT,978,Random,OnArrival,3,22,12610,Node_344,6,0,18,6,18,,,,,,,,,
9,VISIT,979,Random,OnArrival,3,22,12610,Node_344,6,0,18,6,18,,,,,,,,,
9,VISIT,981,Random,OnArrival,3,1,12610,Node_10,18,0,12,18,12,,,,,,,,,
9,VISIT,982,Random,OnArrival,3,1,12610,Node_3,19,0,9,19,9,,,,,,,,,
9,VISIT,983,Random,OnArrival,3,1,12610,Node_24,16,0,10,16,10,,,,,,,,,
9,VISIT,984,Random,OnArrival,3,1,12610,Node_5,20,0,10,20,10,,,,,,,,,
9,VISIT,971,Random,OnArrival,3,60,12614,Node_808,20,0,-5,20,-5,,,,,,,,,
9,VISIT,977,Random,OnArrival,3,29,12614,Node_392,8,0,11,8,11,,,,,,,,,
9,VISIT,981,Random,OnArrival,3,2,12614,Node_16,17,0,12,17,12,,,,,,,,,
9,VISIT,982,Random,OnArrival,3,2,12614,Node_15,18,0,9,18,9,,,,,,,,,
9,VISIT,983,Random,OnArrival,3,2,12614,Node_26,15,0,10,15,10,,,,,,,,,
9,VISIT,984,Random,OnArrival,3,2,12614,Node_20,19,0,10,19,10,,,,,,,,,
9,VISIT,971,Random,OnArrival,3,61,12618,Node_584,21,0,-5,21,-5,,,,,,,,,
9,VISIT,974,Random,OnArrival,3,41,12618,Node_745,-10,0,11,-10,11,,,,,,,,,
9,VISIT,977,Random,OnArrival,3,30,12618,Node_391,8,0,12,8,12,,,,,,,,,
9,VISIT,981,Random,OnArrival,3,3,12618,Node_18,16,0,12,16,12,,,,,,,,,
9,VISIT,982,Random,OnArrival,3,3,12618,Node_4,18,0,10,18,10,,,,,,,,,
9,VISIT,983,Random,OnArrival,3,3,12618,Node_88,14,0,10,14,10,,,,,,,,,
9,VISIT,984,Random,OnArrival,3,3,12618,Node_4,18,0,10,18,10,,,,,,,,,
9,VISIT,971,Random,OnArrival,3,62,12622,Node_583,22,0,-5,22,-5,,,,,,,,,
9,VISIT,974,Random,OnArrival,3,42,12622,Node_817,-9,0,11,-9,11,,,,,,,,,
9,VISIT,977,Random,OnArrival,3,31,12622,Node_229,9,0,12,9,12,,,,,,,,,
9,VISIT,978,Random,OnArrival,3,23,12622,Node_810,5,0,16,5,16,,,,,,,,,
9,VISIT,979,Random,OnArrival,3,23,12622,Node_810,5,0,16,5,16,,,,,,,,,
9,VISIT,981,Random,OnArrival,3,4,12622,Node_29,15,0,12,15,12,,,,,,,,,
9,VISIT,982,Random,OnArrival,3,4,12622,Node_8,17,0,10,17,10,,,,,,,,,
9,VISIT,983,Random,OnArrival,3,4,12622,Node_154,13,0,10,13,10,,,,,,,,,
9,VISIT,984,Random,OnArrival,3,4,12622,Node_8,17,0,10,17,10,,,,,,,,,
9,VISIT,971,Random,OnArrival,3,63,12626,Node_582,22,0,-4,22,-4,,,,,,,,,
9,VISIT,977,Random,OnArrival,3,32,12626,Node_189,10,0,12,10,12,,,,,,,,,
9,VISIT,978,Random,OnArrival,3,24,12626,Node_822,4,0,16,4,16,,,,,,,,,
9,VISIT,979,Random,OnArrival,3,24,12626,Node_822,4,0,16,4,16,,,,,,,,,
9,VISIT,981,Random,OnArrival,3,5,12626,Node_31,15,0,13,15,13,,,,,,,,,
9,VISIT,982,Random,OnArrival,3,5,12626,Node_24,16,0,10,16,10,,,,,,,,,
9,VISIT,983,Random,OnArrival,3,5,12626,Node_153,13,0,9,13,9,,,,,,,,,
9,VISIT,984,Random,OnArrival,3,5,12626,Node_24,16,0,10,16,10,,,,,,,,,
9,VISIT,971,Random,OnArrival,3,64,12631,Node_585,21,0,-4,21,-4,,,,,,,,,
9,VISIT,978,Random,OnArrival,3,25,12631,Node_810,5,0,16,5,16,,,,,,,,,
9,VISIT,979,Random,OnArrival,3,25,12631,Node_810,5,0,16,5,16,,,,,,,,,
9,VISIT,981,Random,OnArrival,3,6,12631,Node_36,14,0,13,14,13,,,,,,,,,
9,VISIT,982,Random,OnArrival,3,6,12631,Node_26,15,0,10,15,10,,,,,,,,,
9,VISIT,983,Random,OnArrival,3,6,12631,Node_156,12,0,9,12,9,,,,,,,,,
9,VISIT,984,Random,OnArrival,3,6,12631,Node_26,15,0,10,15,10,,,,,,,,,
9,VISIT,971,Random,OnArrival,3,65,12635,Node_582,22,0,-4,22,-4,,,,,,,,,
9,VISIT,974,Random,OnArrival,3,43,12635,Node_814,-9,0,10,-9,10,,,,,,,,,
9,VISIT,977,Random,OnArrival,3,33,12635,Node_189,10,0,12,10,12,,,,,,,,,
9,VISIT,978,Random,OnArrival,3,26,12635,Node_812,5,0,17,5,17,,,,,,,,,
9,VISIT,979,Random,OnArrival,3,26,12635,Node_812,5,0,17,5,17,,,,,,,,,
9,VISIT,981,Random,OnArrival,3,7,12635,Node_37,14,0,14,14,14,,,,,,,,,
9,VISIT,982,Random,OnArrival,3,7,12635,Node_88,14,0,10,14,10,,,,,,,,,
9,VISIT,983,Random,OnArrival,3,7,12635,Node_169,11,0,9,11,9,,,,,,,,,
9,VISIT,984,Random,OnArrival,3,7,12635,Node_88,14,0,10,14,10,,,,,,,,,
9,VISIT,971,Random,OnArrival,3,66,12639,Node_196,22,0,-3,22,-3,,,,,,,,,
9,VISIT,974,Random,OnArrival,3,44,12639,Node_743,-10,0,10,-10,10,,,,,,,,,
9,VISIT,977,Random,OnArrival,3,34,12639,Node_185,10,0,11,10,11,,,,,,,,,
9,VISIT,978,Random,OnArrival,3,27,12639,Node_824,4,0,17,4,17,,,,,,,,,
9,VISIT,979,Random,OnArrival,3,27,12639,Node_824,4,0,17,4,17,,,,,,,,,
9,VISIT,981,Random,OnArrival,3,8,12639,Node_38,13,0,14,13,14,,,,,,,,,
9,VISIT,982,Random,OnArrival,3,8,12639,Node_154,13,0,10,13,10,,,,,,,,,
9,VISIT,983,Random,OnArrival,3,8,12639,Node_179,10,0,9,10,9,,,,,,,,,
9,VISIT,984,Random,OnArrival,3,8,12639,Node_154,13,0,10,13,10,,,,,,,,,
9,VISIT,971,Random,OnArrival,3,67,12644,Node_193,23,0,-3,23,-3,,,,,,,,,
9,VISIT,974,Random,OnArrival,3,45,12644,Node_745,-10,0,11,-10,11,,,,,,,,,
9,VISIT,977,Random,OnArrival,3,35,12644,Node_183,10,0,10,10,10,,,,,,,,,
9,VISIT,978,Random,OnArrival,3,28,12644,Node_822,4,0,16,4,16,,,,,,,,,
9,VISIT,979,Random,OnArrival,3,28,12644,Node_812,5,0,17,5,17,,,,,,,,,
9,VISIT,980,Random,OnArrival,3,28,12644,Node_702,1,0,17,1,17,,,,,,,,,
9,VISIT,981,Random,OnArrival,3,9,12644,Node_39,13,0,15,13,15,,,,,,,,,
9,VISIT,982,Random,OnArrival,3,9,12644,Node_153,13,0,9,13,9,,,,,,,,,
9,VISIT,983,Random,OnArrival,3,9,12644,Node_183,10,0,10,10,10,,,,,,,,,
9,VISIT,984,Random,OnArrival,3,9,12644,Node_153,13,0,9,13,9,,,,,,,,,
9,VISIT,971,Random,OnArrival,3,68,12649,Node_191,23,0,-2,23,-2,,,,,,,,,
9,VISIT,977,Random,OnArrival,3,36,12649,Node_225,9,0,10,9,10,,,,,,,,,
9,VISIT,978,Random,OnArrival,3,29,12649,Node_819,4,0,15,4,15,,,,,,,,,
9,VISIT,979,Random,OnArrival,3,29,12649,Node_818,6,0,17,6,17,,,,,,,,,
9,VISIT,981,Random,OnArrival,3,10,12649,Node_40,13,0,16,13,16,,,,,,,,,
9,VISIT,982,Random,OnArrival,3,10,12649,Node_156,12,0,9,12,9,,,,,,,,,
9,VISIT,983,Random,OnArrival,3,10,12649,Node_225,9,0,10,9,10,,,,,,,,,
9,VISIT,984,Random,OnArrival,3,10,12649,Node_156,12,0,9,12,9,,,,,,,,,
9,VISIT,971,Random,OnArrival,3,69,12655,Node_645,24,0,-2,24,-2,,,,,,,,,
9,VISIT,977,Random,OnArrival,3,37,12655,Node_393,8,0,10,8,10,,,,,,,,,
9,VISIT,978,Random,OnArrival,3,30,12655,Node_807,5,0,15,5,15,,,,,,,,,
9,VISIT,979,Random,OnArrival,3,30,12655,Node_821,6,0,16,6,16,,,,,,,,,
9,VISIT,981,Random,OnArrival,3,11,12655,Node_41,13,0,17,13,17,,,,,,,,,
9,VISIT,982,Random,OnArrival,3,11,12655,Node_169,11,0,9,11,9,,,,,,,,,
9,VISIT,983,Random,OnArrival,3,11,12655,Node_393,8,0,10,8,10,,,,,,,,,
9,VISIT,984,Random,OnArrival,3,11,12655,Node_169,11,0,9,11,9,,,,,,,,,
9,VISIT,974,Random,OnArrival,3,46,12661,Node_746,-10,0,14,-10,14,,,,,,,,,
9,VISIT,975,Random,OnArrival,3,43,12661,Node_829,-8,0,10,-8,10,,,,,,,,,
9,VISIT,976,Random,OnArrival,3,45,12661,Node_829,-8,0,10,-8,10,,,,,,,,,
9,VISIT,978,Random,OnArrival,3,31,12661,Node_810,5,0,16,5,16,,,,,,,,,
9,VISIT,979,Random,OnArrival,3,31,12661,Node_810,5,0,16,5,16,,,,,,,,,
9,VISIT,981,Random,OnArrival,3,12,12661,Node_42,13,0,18,13,18,,,,,,,,,
9,VISIT,982,Random,OnArrival,3,12,12661,Node_179,10,0,9,10,9,,,,,,,,,
9,VISIT,984,Random,OnArrival,3,12,12661,Node_179,10,0,9,10,9,,,,,,,,,
9,VISIT,975,Random,OnArrival,3,44,12670,Node_839,-7,0,10,-7,10,,,,,,,,,
9,VISIT,976,Random,OnArrival,3,46,12670,Node_839,-7,0,10,-7,10,,,,,,,,,
9,VISIT,977,Random,OnArrival,3,38,12670,Node_687,6,0,10,6,10,,,,,,,,,
9,VISIT,978,Random,OnArrival,3,32,12670,Node_812,5,0,17,5,17,,,,,,,,,
9,VISIT,979,Random,OnArrival,3,32,12670,Node_807,5,0,15,5,15,,,,,,,,,
9,VISIT,981,Random,OnArrival,3,13,12670,Node_338,14,0,18,14,18,,,,,,,,,
9,VISIT,982,Random,OnArrival,3,13,12670,Node_183,10,0,10,10,10,,,,,,,,,
9,VISIT,983,Random,OnArrival,3,12,12670,Node_687,6,0,10,6,10,,,,,,,,,
9,VISIT,984,Random,OnArrival,3,13,12670,Node_183,10,0,10,10,10,,,,,,,,,
9,VISIT,977,Random,OnArrival,3,39,12677,Node_686,6,0,9,6,9,,,,,,,,,
9,VISIT,978,Random,OnArrival,3,33,12677,Node_824,4,0,17,4,17,,,,,,,,,
9,VISIT,979,Random,OnArrival,3,33,12677,Node_819,4,0,15,4,15,,,,,,,,,
9,VISIT,981,Random,OnArrival,3,14,12677,Node_341,14,0,19,14,19,,,,,,,,,
9,VISIT,982,Random,OnArrival,3,14,12677,Node_225,9,0,10,9,10,,,,,,,,,
9,VISIT,983,Random,OnArrival,3,13,12677,Node_662,5,0,10,5,10,,,,,,,,,
9,VISIT,984,Random,OnArrival,3,14,12677,Node_225,9,0,10,9,10,,,,,,,,,
9,VISIT,971,Random,OnArrival,3,70,12685,Node_596,27,0,-1,27,-1,,,,,,,,,
9,VISIT,975,Random,OnArrival,3,45,12685,Node_813,-6,0,11,-6,11,,,,,,,,,
9,VISIT,976,Random,OnArrival,3,47,12685,Node_813,-6,0,11,-6,11,,,,,,,,,
9,VISIT,977,Random,OnArrival,3,40,12685,Node_659,5,0,9,5,9,,,,,,,,,
9,VISIT,978,Random,OnArrival,3,34,12685,Node_827,3,0,17,3,17,,,,,,,,,
9,VISIT,979,Random,OnArrival,3,34,12685,Node_822,4,0,16,4,16,,,,,,,,,
9,VISIT,981,Random,OnArrival,3,15,12685,Node_333,15,0,19,15,19,,,,,,,,,
9,VISIT,982,Random,OnArrival,3,15,12685,Node_393,8,0,10,8,10,,,,,,,,,
9,VISIT,984,Random,OnArrival,3,15,12685,Node_393,8,0,10,8,10,,,,,,,,,
9,VISIT,971,Random,OnArrival,3,71,12693,Node_510,28,0,-1,28,-1,,,,,,,,,
9,VISIT,975,Random,OnArrival,3,46,12693,Node_837,-7,0,11,-7,11,,,,,,,,,
9,VISIT,976,Random,OnArrival,3,48,12693,Node_837,-7,0,11,-7,11,,,,,,,,,
9,VISIT,978,Random,OnArrival,3,35,12693,Node_835,2,0,17,2,17,,,,,,,,,
9,VISIT,979,Random,OnArrival,3,35,12693,Node_824,4,0,17,4,17,,,,,,,,,
9,VISIT,981,Random,OnArrival,3,16,12693,Node_335,15,0,18,15,18,,,,,,,,,
9,VISIT,983,Random,OnArrival,3,14,12693,Node_665,5,0,12,5,12,,,,,,,,,
9,VISIT,975,Random,OnArrival,3,47,12703,Node_826,-8,0,11,-8,11,,,,,,,,,
9,VISIT,976,Random,OnArrival,3,49,12703,Node_826,-8,0,11,-8,11,,,,,,,,,
9,VISIT,978,Random,OnArrival,3,36,12703,Node_702,1,0,17,1,17,,,,,,,,,
9,VISIT,979,Random,OnArrival,3,36,12703,Node_827,3,0,17,3,17,,,,,,,,,
9,VISIT,981,Random,OnArrival,3,17,12703,Node_338,14,0,18,14,18,,,,,,,,,
9,VISIT,982,Random,OnArrival,3,16,12703,Node_687,6,0,10,6,10,,,,,,,,,
9,VISIT,983,Random,OnArrival,3,15,12703,Node_666,5,0,13,5,13,,,,,,,,,
9,VISIT,984,Random,OnArrival,3,16,12703,Node_687,6,0,10,6,10,,,,,,,,,
9,VISIT,971,Random,OnArrival,3,72,12712,Node_597,27,0,-2,27,-2,,,,,,,,,
9,VISIT,975,Random,OnArrival,3,48,12712,Node_837,-7,0,11,-7,11,,,,,,,,,
9,VISIT,976,Random,OnArrival,3,50,12712,Node_837,-7,0,11,-7,11,,,,,,,,,
9,VISIT,977,Random,OnArrival,3,41,12712,Node_654,5,0,6,5,6,,,,,,,,,
9,VISIT,979,Random,OnArrival,3,37,12712,Node_824,4,0,17,4,17,,,,,,,,,
9,VISIT,981,Random,OnArrival,3,18,12712,Node_42,13,0,18,13,18,,,,,,,,,
9,VISIT,982,Random,OnArrival,3,17,12712,Node_662,5,0,10,5,10,,,,,,,,,
9,VISIT,983,Random,OnArrival,3,16,12712,Node_667,5,0,14,5,14,,,,,,,,,
9,VISIT,984,Random,OnArrival,3,17,12712,Node_662,5,0,10,5,10,,,,,,,,,
9,VISIT,975,Random,OnArrival,3,49,12722,Node_813,-6,0,11,-6,11,,,,,,,,,
9,VISIT,976,Random,OnArrival,3,51,12722,Node_813,-6,0,11,-6,11,,,,,,,,,
9,VISIT,978,Random,OnArrival,3,37,12722,Node_699,1,0,15,1,15,,,,,,,,,
9,VISIT,979,Random,OnArrival,3,38,12722,Node_812,5,0,17,5,17,,,,,,,,,
9,VISIT,981,Random,OnArrival,3,19,12722,Node_43,12,0,18,12,18,,,,,,,,,
9,VISIT,983,Random,OnArrival,3,17,12722,Node_815,4,0,14,4,14,,,,,,,,,
9,VISIT,975,Random,OnArrival,3,50,12732,Node_816,-6,0,12,-6,12,,,,,,,,,
9,VISIT,976,Random,OnArrival,3,52,12732,Node_744,-5,0,11,-5,11,,,,,,,,,
9,VISIT,977,Random,OnArrival,3,42,12732,Node_670,3,0,6,3,6,,,,,,,,,
9,VISIT,979,Random,OnArrival,3,39,12732,Node_396,5,0,18,5,18,,,,,,,,,
9,VISIT,981,Random,OnArrival,3,20,12732,Node_115,11,0,18,11,18,,,,,,,,,
9,VISIT,982,Random,OnArrival,3,18,12732,Node_665,5,0,12,5,12,,,,,,,,,
9,VISIT,984,Random,OnArrival,3,18,12732,Node_691,3,0,10,3,10,,,,,,,,,
9,VISIT,975,Random,OnArrival,3,51,12741,Node_836,-7,0,12,-7,12,,,,,,,,,
9,VISIT,976,Random,OnArrival,3,53,12741,Node_742,-4,0,11,-4,11,,,,,,,,,
9,VISIT,977,Random,OnArrival,3,43,12741,Node_685,2,0,6,2,6,,,,,,,,,
9,VISIT,979,Random,OnArrival,3,40,12741,Node_344,6,0,18,6,18,,,,,,,,,
9,VISIT,982,Random,OnArrival,3,19,12741,Node_666,5,0,13,5,13,,,,,,,,,
9,VISIT,984,Random,OnArrival,3,19,12741,Node_693,3,0,11,3,11,,,,,,,,,
9,VISIT,975,Random,OnArrival,3,52,12750,Node_837,-7,0,11,-7,11,,,,,,,,,
9,VISIT,979,Random,OnArrival,3,41,12750,Node_332,7,0,18,7,18,,,,,,,,,
9,VISIT,981,Random,OnArrival,3,21,12750,Node_239,9,0,18,9,18,,,,,,,,,
9,VISIT,982,Random,OnArrival,3,20,12750,Node_667,5,0,14,5,14,,,,,,,,,
9,VISIT,984,Random,OnArrival,3,20,12750,Node_676,2,0,11,2,11,,,,,,,,,
9,VISIT,975,Random,OnArrival,3,53,12759,Node_813,-6,0,11,-6,11,,,,,,,,,
9,VISIT,976,Random,OnArrival,3,54,12759,Node_713,-3,0,12,-3,12,,,,,,,,,
9,VISIT,979,Random,OnArrival,3,42,12759,Node_334,7,0,19,7,19,,,,,,,,,
9,VISIT,981,Random,OnArrival,3,22,12759,Node_241,8,0,18,8,18,,,,,,,,,
9,VISIT,982,Random,OnArrival,3,21,12759,Node_815,4,0,14,4,14,,,,,,,,,
9,VISIT,983,Random,OnArrival,3,18,12759,Node_678,2,0,12,2,12,,,,,,,,,
9,VISIT,984,Random,OnArrival,3,21,12759,Node_678,2,0,12,2,12,,,,,,,,,
9,VISIT,975,Random,OnArrival,3,54,12769,Node_744,-5,0,11,-5,11,,,,,,,,,
9,VISIT,977,Random,OnArrival,3,44,12769,Node_708,-1,0,6,-1,6,,,,,,,,,
9,VISIT,979,Random,OnArrival,3,43,12769,Node_336,7,0,20,7,20,,,,,,,,,
9,VISIT,981,Random,OnArrival,3,23,12769,Node_332,7,0,18,7,18,,,,,,,,,
9,VISIT,982,Random,OnArrival,3,22,12769,Node_853,3,0,14,3,14,,,,,,,,,
9,VISIT,983,Random,OnArrival,3,19,12769,Node_695,1,0,12,1,12,,,,,,,,,
9,VISIT,984,Random,OnArrival,3,22,12769,Node_695,1,0,12,1,12,,,,,,,,,
9,VISIT,975,Random,OnArrival,3,55,12779,Node_742,-4,0,11,-4,11,,,,,,,,,
9,VISIT,976,Random,OnArrival,3,55,12779,Node_715,-3,0,14,-3,14,,,,,,,,,
9,VISIT,977,Random,OnArrival,3,45,12779,Node_706,-1,0,7,-1,7,,,,,,,,,
9,VISIT,979,Random,OnArrival,3,44,12779,Node_339,6,0,20,6,20,,,,,,,,,
9,VISIT,981,Random,OnArrival,3,24,12779,Node_334,7,0,19,7,19,,,,,,,,,
9,VISIT,982,Random,OnArrival,3,23,12779,Node_855,3,0,13,3,13,,,,,,,,,
9,VISIT,983,Random,OnArrival,3,20,12779,Node_678,2,0,12,2,12,,,,,,,,,
9,VISIT,984,Random,OnArrival,3,23,12779,Node_697,1,0,13,1,13,,,,,,,,,
9,VISIT,975,Random,OnArrival,3,56,12789,Node_741,-4,0,10,-4,10,,,,,,,,,
9,VISIT,977,Random,OnArrival,3,46,12789,Node_712,-2,0,7,-2,7,,,,,,,,,
9,VISIT,979,Random,OnArrival,3,45,12789,Node_395,5,0,20,5,20,,,,,,,,,
9,VISIT,981,Random,OnArrival,3,25,12789,Node_336,7,0,20,7,20,,,,,,,,,
9,VISIT,982,Random,OnArrival,3,24,12789,Node_857,2,0,13,2,13,,,,,,,,,
9,VISIT,983,Random,OnArrival,3,21,12789,Node_857,2,0,13,2,13,,,,,,,,,
9,VISIT,975,Random,OnArrival,3,57,12799,Node_811,-5,0,10,-5,10,,,,,,,,,
9,VISIT,981,Random,OnArrival,3,26,12799,Node_339,6,0,20,6,20,,,,,,,,,
9,VISIT,982,Random,OnArrival,3,25,12799,Node_697,1,0,13,1,13,,,,,,,,,
9,VISIT,983,Random,OnArrival,3,22,12799,Node_697,1,0,13,1,13,,,,,,,,,
9,VISIT,984,Random,OnArrival,3,24,12799,Node_854,0,0,14,0,14,,,,,,,,,
9,VISIT,975,Random,OnArrival,3,58,12808,Node_845,-6,0,10,-6,10,,,,,,,,,
9,VISIT,976,Random,OnArrival,3,56,12808,Node_717,-3,0,15,-3,15,,,,,,,,,
9,VISIT,977,Random,OnArrival,3,47,12808,Node_705,-1,0,8,-1,8,,,,,,,,,
9,VISIT,981,Random,OnArrival,3,27,12808,Node_395,5,0,20,5,20,,,,,,,,,
9,VISIT,982,Random,OnArrival,3,26,12808,Node_859,0,0,13,0,13,,,,,,,,,
9,VISIT,983,Random,OnArrival,3,23,12808,Node_859,0,0,13,0,13,,,,,,,,,
9,VISIT,975,Random,OnArrival,3,59,12818,Node_811,-5,0,10,-5,10,,,,,,,,,
9,VISIT,977,Random,OnArrival,3,48,12818,Node_706,-1,0,7,-1,7,,,,,,,,,
9,VISIT,982,Random,OnArrival,3,27,12818,Node_854,0,0,14,0,14,,,,,,,,,
9,VISIT,983,Random,OnArrival,3,24,12818,Node_697,1,0,13,1,13,,,,,,,,,
9,VISIT,984,Random,OnArrival,3,25,12818,Node_858,-2,0,14,-2,14,,,,,,,,,
9,VISIT,975,Random,OnArrival,3,60,12828,Node_809,-5,0,9,-5,9,,,,,,,,,
9,VISIT,977,Random,OnArrival,3,49,12828,Node_708,-1,0,6,-1,6,,,,,,,,,
9,VISIT,981,Random,OnArrival,3,28,12828,Node_862,3,0,20,3,20,,,,,,,,,
9,VISIT,983,Random,OnArrival,3,25,12828,Node_698,1,0,14,1,14,,,,,,,,,
9,VISIT,984,Random,OnArrival,3,26,12828,Node_715,-3,0,14,-3,14,,,,,,,,,
9,VISIT,985,Random,OnArrival,3,0,12837,Node_6,19,0,12,19,12,,,,,,,,,
9,VISIT,986,Random,OnArrival,3,0,12837,Node_7,19,0,8,19,8,,,,,,,,,
9,VISIT,987,Random,OnArrival,3,0,12837,Node_8,17,0,10,17,10,,,,,,,,,
9,VISIT,988,Random,OnArrival,3,0,12837,Node_9,21,0,10,21,10,,,,,,,,,
9,VISIT,975,Random,OnArrival,3,61,12838,Node_739,-4,0,9,-4,9,,,,,,,,,
9,VISIT,977,Random,OnArrival,3,50,12838,Node_710,-2,0,6,-2,6,,,,,,,,,
9,VISIT,982,Random,OnArrival,3,28,12838,Node_858,-2,0,14,-2,14,,,,,,,,,
9,VISIT,983,Random,OnArrival,3,26,12838,Node_854,0,0,14,0,14,,,,,,,,,
9,VISIT,984,Random,OnArrival,3,27,12838,Node_717,-3,0,15,-3,15,,,,,,,,,
9,VISIT,985,Random,OnArrival,3,1,12841,Node_10,18,0,12,18,12,,,,,,,,,
9,VISIT,986,Random,OnArrival,3,1,12841,Node_3,19,0,9,19,9,,,,,,,,,
9,VISIT,987,Random,OnArrival,3,1,12841,Node_12,17,0,11,17,11,,,,,,,,,
9,VISIT,988,Random,OnArrival,3,1,12841,Node_5,20,0,10,20,10,,,,,,,,,
9,VISIT,975,Random,OnArrival,3,62,12845,Node_738,-4,0,8,-4,8,,,,,,,,,
9,VISIT,982,Random,OnArrival,3,29,12845,Node_715,-3,0,14,-3,14,,,,,,,,,
9,VISIT,985,Random,OnArrival,3,2,12845,Node_16,17,0,12,17,12,,,,,,,,,
9,VISIT,986,Random,OnArrival,3,2,12845,Node_15,18,0,9,18,9,,,,,,,,,
9,VISIT,987,Random,OnArrival,3,2,12845,Node_16,17,0,12,17,12,,,,,,,,,
9,VISIT,988,Random,OnArrival,3,2,12845,Node_55,20,0,11,20,11,,,,,,,,,
9,VISIT,975,Random,OnArrival,3,63,12849,Node_737,-4,0,7,-4,7,,,,,,,,,
9,VISIT,977,Random,OnArrival,3,51,12849,Node_735,-4,0,6,-4,6,,,,,,,,,
9,VISIT,981,Random,OnArrival,3,29,12849,Node_868,2,0,22,2,22,,,,,,,,,
9,VISIT,982,Random,OnArrival,3,30,12849,Node_717,-3,0,15,-3,15,,,,,,,,,
9,VISIT,983,Random,OnArrival,3,27,12849,Node_858,-2,0,14,-2,14,,,,,,,,,
9,VISIT,985,Random,OnArrival,3,3,12849,Node_18,16,0,12,16,12,,,,,,,,,
9,VISIT,986,Random,OnArrival,3,3,12849,Node_4,18,0,10,18,10,,,,,,,,,
9,VISIT,987,Random,OnArrival,3,3,12849,Node_18,16,0,12,16,12,,,,,,,,,
9,VISIT,988,Random,OnArrival,3,3,12849,Node_46,20,0,12,20,12,,,,,,,,,
9,VISIT,975,Random,OnArrival,3,64,12853,Node_800,-5,0,7,-5,7,,,,,,,,,
9,VISIT,977,Random,OnArrival,3,52,12853,Node_802,-5,0,6,-5,6,,,,,,,,,
9,VISIT,981,Random,OnArrival,3,30,12853,Node_866,3,0,22,3,22,,,,,,,,,
9,VISIT,982,Random,OnArrival,3,31,12853,Node_863,-3,0,16,-3,16,,,,,,,,,
9,VISIT,983,Random,OnArrival,3,28,12853,Node_715,-3,0,14,-3,14,,,,,,,,,
9,VISIT,984,Random,OnArrival,3,28,12853,Node_867,-4,0,17,-4,17,,,,,,,,,
9,VISIT,985,Random,OnArrival,3,4,12853,Node_29,15,0,12,15,12,,,,,,,,,
9,VISIT,986,Random,OnArrival,3,4,12853,Node_8,17,0,10,17,10,,,,,,,,,
9,VISIT,987,Random,OnArrival,3,4,12853,Node_29,15,0,12,15,12,,,,,,,,,
9,VISIT,988,Random,OnArrival,3,4,12853,Node_49,20,0,13,20,13,,,,,,,,,
9,VISIT,975,Random,OnArrival,3,65,12857,Node_802,-5,0,6,-5,6,,,,,,,,,
9,VISIT,977,Random,OnArrival,3,53,12857,Node_800,-5,0,7,-5,7,,,,,,,,,
9,VISIT,981,Random,OnArrival,3,31,12857,Node_864,3,0,21,3,21,,,,,,,,,
9,VISIT,982,Random,OnArrival,3,32,12857,Node_875,-4,0,16,-4,16,,,,,,,,,
9,VISIT,985,Random,OnArrival,3,5,12857,Node_31,15,0,13,15,13,,,,,,,,,
9,VISIT,986,Random,OnArrival,3,5,12857,Node_12,17,0,11,17,11,,,,,,,,,
9,VISIT,987,Random,OnArrival,3,5,12857,Node_31,15,0,13,15,13,,,,,,,,,
9,VISIT,988,Random,OnArrival,3,5,12857,Node_52,20,0,14,20,14,,,,,,,,,
9,VISIT,975,Random,OnArrival,3,66,12861,Node_735,-4,0,6,-4,6,,,,,,,,,
9,VISIT,977,Random,OnArrival,3,54,12861,Node_801,-5,0,8,-5,8,,,,,,,,,
9,VISIT,981,Random,OnArrival,3,32,12861,Node_871,2,0,21,2,21,,,,,,,,,
9,VISIT,982,Random,OnArrival,3,33,12861,Node_867,-4,0,17,-4,17,,,,,,,,,
9,VISIT,983,Random,OnArrival,3,29,12861,Node_713,-3,0,12,-3,12,,,,,,,,,
9,VISIT,984,Random,OnArrival,3,29,12861,Node_873,-5,0,18,-5,18,,,,,,,,,
9,VISIT,985,Random,OnArrival,3,6,12861,Node_36,14,0,13,14,13,,,,,,,,,
9,VISIT,986,Random,OnArrival,3,6,12861,Node_16,17,0,12,17,12,,,,,,,,,
9,VISIT,987,Random,OnArrival,3,6,12861,Node_36,14,0,13,14,13,,,,,,,,,
9,VISIT,975,Random,OnArrival,3,67,12866,Node_737,-4,0,7,-4,7,,,,,,,,,
9,VISIT,977,Random,OnArrival,3,55,12866,Node_738,-4,0,8,-4,8,,,,,,,,,
9,VISIT,982,Random,OnArrival,3,34,12866,Node_870,-4,0,18,-4,18,,,,,,,,,
9,VISIT,983,Random,OnArrival,3,30,12866,Node_856,-3,0,11,-3,11,,,,,,,,,
9,VISIT,985,Random,OnArrival,3,7,12866,Node_37,14,0,14,14,14,,,,,,,,,
9,VISIT,986,Random,OnArrival,3,7,12866,Node_18,16,0,12,16,12,,,,,,,,,
9,VISIT,987,Random,OnArrival,3,7,12866,Node_37,14,0,14,14,14,,,,,,,,,
9,VISIT,988,Random,OnArrival,3,6,12866,Node_91,18,0,14,18,14,,,,,,,,,
9,VISIT,975,Random,OnArrival,3,68,12870,Node_738,-4,0,8,-4,8,,,,,,,,,
9,VISIT,977,Random,OnArrival,3,56,12870,Node_739,-4,0,9,-4,9,,,,,,,,,
9,VISIT,982,Random,OnArrival,3,35,12870,Node_873,-5,0,18,-5,18,,,,,,,,,
9,VISIT,985,Random,OnArrival,3,8,12870,Node_38,13,0,14,13,14,,,,,,,,,
9,VISIT,986,Random,OnArrival,3,8,12870,Node_29,15,0,12,15,12,,,,,,,,,
9,VISIT,987,Random,OnArrival,3,8,12870,Node_38,13,0,14,13,14,,,,,,,,,
9,VISIT,988,Random,OnArrival,3,7,12870,Node_118,17,0,14,17,14,,,,,,,,,
9,VISIT,975,Random,OnArrival,3,69,12874,Node_739,-4,0,9,-4,9,,,,,,,,,
9,VISIT,977,Random,OnArrival,3,57,12874,Node_741,-4,0,10,-4,10,,,,,,,,,
9,VISIT,982,Random,OnArrival,3,36,12874,Node_879,-5,0,17,-5,17,,,,,,,,,
9,VISIT,983,Random,OnArrival,3,31,12874,Node_741,-4,0,10,-4,10,,,,,,,,,
9,VISIT,985,Random,OnArrival,3,9,12874,Node_39,13,0,15,13,15,,,,,,,,,
9,VISIT,986,Random,OnArrival,3,9,12874,Node_31,15,0,13,15,13,,,,,,,,,
9,VISIT,987,Random,OnArrival,3,9,12874,Node_39,13,0,15,13,15,,,,,,,,,
9,VISIT,988,Random,OnArrival,3,8,12874,Node_146,16,0,14,16,14,,,,,,,,,
9,VISIT,975,Random,OnArrival,3,70,12878,Node_741,-4,0,10,-4,10,,,,,,,,,
9,VISIT,977,Random,OnArrival,3,58,12878,Node_887,-3,0,10,-3,10,,,,,,,,,
9,VISIT,982,Random,OnArrival,3,37,12878,Node_888,-6,0,17,-6,17,,,,,,,,,
9,VISIT,983,Random,OnArrival,3,32,12878,Node_742,-4,0,11,-4,11,,,,,,,,,
9,VISIT,985,Random,OnArrival,3,10,12878,Node_40,13,0,16,13,16,,,,,,,,,
9,VISIT,986,Random,OnArrival,3,10,12878,Node_36,14,0,13,14,13,,,,,,,,,
9,VISIT,987,Random,OnArrival,3,10,12878,Node_40,13,0,16,13,16,,,,,,,,,
9,VISIT,988,Random,OnArrival,3,9,12878,Node_133,15,0,14,15,14,,,,,,,,,
9,VISIT,975,Random,OnArrival,3,71,12883,Node_887,-3,0,10,-3,10,,,,,,,,,
9,VISIT,977,Random,OnArrival,3,59,12883,Node_707,-2,0,10,-2,10,,,,,,,,,
9,VISIT,983,Random,OnArrival,3,33,12883,Node_856,-3,0,11,-3,11,,,,,,,,,
9,VISIT,984,Random,OnArrival,3,30,12883,Node_847,-9,0,17,-9,17,,,,,,,,,
9,VISIT,985,Random,OnArrival,3,11,12883,Node_41,13,0,17,13,17,,,,,,,,,
9,VISIT,986,Random,OnArrival,3,11,12883,Node_37,14,0,14,14,14,,,,,,,,,
9,VISIT,987,Random,OnArrival,3,11,12883,Node_41,13,0,17,13,17,,,,,,,,,
9,VISIT,988,Random,OnArrival,3,10,12883,Node_37,14,0,14,14,14,,,,,,,,,
9,VISIT,975,Random,OnArrival,3,72,12888,Node_707,-2,0,10,-2,10,,,,,,,,,
9,VISIT,977,Random,OnArrival,3,60,12888,Node_887,-3,0,10,-3,10,,,,,,,,,
9,VISIT,983,Random,OnArrival,3,34,12888,Node_709,-2,0,11,-2,11,,,,,,,,,
9,VISIT,984,Random,OnArrival,3,31,12888,Node_749,-10,0,17,-10,17,,,,,,,,,
9,VISIT,985,Random,OnArrival,3,12,12888,Node_42,13,0,18,13,18,,,,,,,,,
9,VISIT,986,Random,OnArrival,3,12,12888,Node_38,13,0,14,13,14,,,,,,,,,
9,VISIT,987,Random,OnArrival,3,12,12888,Node_42,13,0,18,13,18,,,,,,,,,
9,VISIT,988,Random,OnArrival,3,11,12888,Node_38,13,0,14,13,14,,,,,,,,,
9,VISIT,975,Random,OnArrival,3,73,12894,Node_709,-2,0,11,-2,11,,,,,,,,,
9,VISIT,977,Random,OnArrival,3,61,12894,Node_856,-3,0,11,-3,11,,,,,,,,,
9,VISIT,982,Random,OnArrival,3,38,12894,Node_847,-9,0,17,-9,17,,,,,,,,,
9,VISIT,983,Random,OnArrival,3,35,12894,Node_707,-2,0,10,-2,10,,,,,,,,,
9,VISIT,984,Random,OnArrival,3,32,12894,Node_748,-10,0,16,-10,16,,,,,,,,,
9,VISIT,985,Random,OnArrival,3,13,12894,Node_43,12,0,18,12,18,,,,,,,,,
9,VISIT,986,Random,OnArrival,3,13,12894,Node_39,13,0,15,13,15,,,,,,,,,
9,VISIT,987,Random,OnArrival,3,13,12894,Node_43,12,0,18,12,18,,,,,,,,,
9,VISIT,988,Random,OnArrival,3,12,12894,Node_39,13,0,15,13,15,,,,,,,,,
9,VISIT,975,Random,OnArrival,3,74,12901,Node_707,-2,0,10,-2,10,,,,,,,,,
9,VISIT,977,Random,OnArrival,3,62,12901,Node_887,-3,0,10,-3,10,,,,,,,,,
9,VISIT,982,Random,OnArrival,3,39,12901,Node_749,-10,0,17,-10,17,,,,,,,,,
9,VISIT,983,Random,OnArrival,3,36,12901,Node_703,-1,0,10,-1,10,,,,,,,,,
9,VISIT,984,Random,OnArrival,3,33,12901,Node_846,-9,0,16,-9,16,,,,,,,,,
9,VISIT,985,Random,OnArrival,3,14,12901,Node_115,11,0,18,11,18,,,,,,,,,
9,VISIT,986,Random,OnArrival,3,14,12901,Node_40,13,0,16,13,16,,,,,,,,,
9,VISIT,987,Random,OnArrival,3,14,12901,Node_115,11,0,18,11,18,,,,,,,,,
9,VISIT,988,Random,OnArrival,3,13,12901,Node_40,13,0,16,13,16,,,,,,,,,
9,VISIT,975,Random,OnArrival,3,75,12908,Node_703,-1,0,10,-1,10,,,,,,,,,
9,VISIT,977,Random,OnArrival,3,63,12908,Node_707,-2,0,10,-2,10,,,,,,,,,
9,VISIT,982,Random,OnArrival,3,40,12908,Node_748,-10,0,16,-10,16,,,,,,,,,
9,VISIT,983,Random,OnArrival,3,37,12908,Node_704,-1,0,9,-1,9,,,,,,,,,
9,VISIT,984,Random,OnArrival,3,34,12908,Node_844,-9,0,15,-9,15,,,,,,,,,
9,VISIT,986,Random,OnArrival,3,15,12908,Node_41,13,0,17,13,17,,,,,,,,,
9,VISIT,988,Random,OnArrival,3,14,12908,Node_41,13,0,17,13,17,,,,,,,,,
9,VISIT,975,Random,OnArrival,3,76,12916,Node_701,0,0,10,0,10,,,,,,,,,
9,VISIT,977,Random,OnArrival,3,64,12916,Node_703,-1,0,10,-1,10,,,,,,,,,
9,VISIT,982,Random,OnArrival,3,41,12916,Node_749,-10,0,17,-10,17,,,,,,,,,
9,VISIT,983,Random,OnArrival,3,38,12916,Node_700,0,0,9,0,9,,,,,,,,,
9,VISIT,984,Random,OnArrival,3,35,12916,Node_747,-10,0,15,-10,15,,,,,,,,,
9,VISIT,985,Random,OnArrival,3,15,12916,Node_116,11,0,20,11,20,,,,,,,,,
9,VISIT,986,Random,OnArrival,3,16,12916,Node_42,13,0,18,13,18,,,,,,,,,
9,VISIT,987,Random,OnArrival,3,15,12916,Node_116,11,0,20,11,20,,,,,,,,,
9,VISIT,988,Random,OnArrival,3,15,12916,Node_42,13,0,18,13,18,,,,,,,,,
9,VISIT,975,Random,OnArrival,3,77,12922,Node_700,0,0,9,0,9,,,,,,,,,
9,VISIT,977,Random,OnArrival,3,65,12922,Node_704,-1,0,9,-1,9,,,,,,,,,
9,VISIT,982,Random,OnArrival,3,42,12922,Node_750,-10,0,18,-10,18,,,,,,,,,
9,VISIT,983,Random,OnArrival,3,39,12922,Node_689,1,0,9,1,9,,,,,,,,,
9,VISIT,984,Random,OnArrival,3,36,12922,Node_748,-10,0,16,-10,16,,,,,,,,,
9,VISIT,985,Random,OnArrival,3,16,12922,Node_117,11,0,21,11,21,,,,,,,,,
9,VISIT,986,Random,OnArrival,3,17,12922,Node_43,12,0,18,12,18,,,,,,,,,
9,VISIT,987,Random,OnArrival,3,16,12922,Node_117,11,0,21,11,21,,,,,,,,,
9,VISIT,988,Random,OnArrival,3,16,12922,Node_43,12,0,18,12,18,,,,,,,,,
9,VISIT,975,Random,OnArrival,3,78,12926,Node_689,1,0,9,1,9,,,,,,,,,
9,VISIT,977,Random,OnArrival,3,66,12926,Node_703,-1,0,10,-1,10,,,,,,,,,
9,VISIT,982,Random,OnArrival,3,43,12926,Node_849,-9,0,18,-9,18,,,,,,,,,
9,VISIT,983,Random,OnArrival,3,40,12926,Node_690,1,0,10,1,10,,,,,,,,,
9,VISIT,984,Random,OnArrival,3,37,12926,Node_749,-10,0,17,-10,17,,,,,,,,,
9,VISIT,985,Random,OnArrival,3,17,12926,Node_366,11,0,22,11,22,,,,,,,,,
9,VISIT,986,Random,OnArrival,3,18,12926,Node_115,11,0,18,11,18,,,,,,,,,
9,VISIT,987,Random,OnArrival,3,17,12926,Node_366,11,0,22,11,22,,,,,,,,,
9,VISIT,988,Random,OnArrival,3,17,12926,Node_115,11,0,18,11,18,,,,,,,,,
9,VISIT,975,Random,OnArrival,3,79,12930,Node_690,1,0,10,1,10,,,,,,,,,
9,VISIT,977,Random,OnArrival,3,67,12930,Node_701,0,0,10,0,10,,,,,,,,,
9,VISIT,982,Random,OnArrival,3,44,12930,Node_750,-10,0,18,-10,18,,,,,,,,,
9,VISIT,983,Random,OnArrival,3,41,12930,Node_675,2,0,10,2,10,,,,,,,,,
9,VISIT,984,Random,OnArrival,3,38,12930,Node_750,-10,0,18,-10,18,,,,,,,,,
9,VISIT,985,Random,OnArrival,3,18,12930,Node_347,12,0,22,12,22,,,,,,,,,
9,VISIT,987,Random,OnArrival,3,18,12930,Node_347,12,0,22,12,22,,,,,,,,,
9,VISIT,975,Random,OnArrival,3,80,12934,Node_675,2,0,10,2,10,,,,,,,,,
9,VISIT,977,Random,OnArrival,3,68,12934,Node_690,1,0,10,1,10,,,,,,,,,
9,VISIT,983,Random,OnArrival,3,42,12934,Node_691,3,0,10,3,10,,,,,,,,,
9,VISIT,984,Random,OnArrival,3,39,12934,Node_849,-9,0,18,-9,18,,,,,,,,,
9,VISIT,985,Random,OnArrival,3,19,12934,Node_348,12,0,23,12,23,,,,,,,,,
9,VISIT,986,Random,OnArrival,3,19,12934,Node_116,11,0,20,11,20,,,,,,,,,
9,VISIT,987,Random,OnArrival,3,19,12934,Node_348,12,0,23,12,23,,,,,,,,,
9,VISIT,988,Random,OnArrival,3,18,12934,Node_116,11,0,20,11,20,,,,,,,,,
9,VISIT,975,Random,OnArrival,3,81,12938,Node_691,3,0,10,3,10,,,,,,,,,
9,VISIT,977,Random,OnArrival,3,69,12938,Node_675,2,0,10,2,10,,,,,,,,,
9,VISIT,982,Random,OnArrival,3,45,12938,Node_751,-10,0,20,-10,20,,,,,,,,,
9,VISIT,984,Random,OnArrival,3,40,12938,Node_847,-9,0,17,-9,17,,,,,,,,,
9,VISIT,985,Random,OnArrival,3,20,12938,Node_349,12,0,24,12,24,,,,,,,,,
9,VISIT,986,Random,OnArrival,3,20,12938,Node_117,11,0,21,11,21,,,,,,,,,
9,VISIT,987,Random,OnArrival,3,20,12938,Node_349,12,0,24,12,24,,,,,,,,,
9,VISIT,988,Random,OnArrival,3,19,12938,Node_117,11,0,21,11,21,,,,,,,,,
9,VISIT,977,Random,OnArrival,3,70,12944,Node_691,3,0,10,3,10,,,,,,,,,
9,VISIT,983,Random,OnArrival,3,43,12944,Node_662,5,0,10,5,10,,,,,,,,,
9,VISIT,984,Random,OnArrival,3,41,12944,Node_846,-9,0,16,-9,16,,,,,,,,,
9,VISIT,985,Random,OnArrival,3,21,12944,Node_350,12,0,25,12,25,,,,,,,,,
9,VISIT,986,Random,OnArrival,3,21,12944,Node_366,11,0,22,11,22,,,,,,,,,
9,VISIT,987,Random,OnArrival,3,21,12944,Node_350,12,0,25,12,25,,,,,,,,,
9,VISIT,988,Random,OnArrival,3,20,12944,Node_366,11,0,22,11,22,,,,,,,,,
9,VISIT,975,Random,OnArrival,3,82,12950,Node_662,5,0,10,5,10,,,,,,,,,
9,VISIT,984,Random,OnArrival,3,42,12950,Node_844,-9,0,15,-9,15,,,,,,,,,
9,VISIT,985,Random,OnArrival,3,22,12950,Node_351,11,0,25,11,25,,,,,,,,,
9,VISIT,986,Random,OnArrival,3,22,12950,Node_353,11,0,23,11,23,,,,,,,,,
9,VISIT,987,Random,OnArrival,3,22,12950,Node_351,11,0,25,11,25,,,,,,,,,
9,VISIT,988,Random,OnArrival,3,21,12950,Node_353,11,0,23,11,23,,,,,,,,,
9,VISIT,977,Random,OnArrival,3,71,12958,Node_662,5,0,10,5,10,,,,,,,,,
9,VISIT,983,Random,OnArrival,3,44,12958,Node_665,5,0,12,5,12,,,,,,,,,
9,VISIT,985,Random,OnArrival,3,23,12958,Node_355,10,0,25,10,25,,,,,,,,,
9,VISIT,986,Random,OnArrival,3,23,12958,Node_352,11,0,24,11,24,,,,,,,,,
9,VISIT,987,Random,OnArrival,3,23,12958,Node_355,10,0,25,10,25,,,,,,,,,
9,VISIT,988,Random,OnArrival,3,22,12958,Node_352,11,0,24,11,24,,,,,,,,,
9,VISIT,975,Random,OnArrival,3,83,12963,Node_665,5,0,12,5,12,,,,,,,,,
9,VISIT,982,Random,OnArrival,3,46,12963,Node_753,-10,0,22,-10,22,,,,,,,,,
9,VISIT,983,Random,OnArrival,3,45,12963,Node_666,5,0,13,5,13,,,,,,,,,
9,VISIT,985,Random,OnArrival,3,24,12963,Node_356,9,0,25,9,25,,,,,,,,,
9,VISIT,986,Random,OnArrival,3,24,12963,Node_351,11,0,25,11,25,,,,,,,,,
9,VISIT,987,Random,OnArrival,3,24,12963,Node_356,9,0,25,9,25,,,,,,,,,
9,VISIT,988,Random,OnArrival,3,23,12963,Node_351,11,0,25,11,25,,,,,,,,,
9,VISIT,975,Random,OnArrival,3,84,12968,Node_666,5,0,13,5,13,,,,,,,,,
9,VISIT,977,Random,OnArrival,3,72,12968,Node_665,5,0,12,5,12,,,,,,,,,
9,VISIT,982,Random,OnArrival,3,47,12968,Node_752,-10,0,21,-10,21,,,,,,,,,
9,VISIT,983,Random,OnArrival,3,46,12968,Node_667,5,0,14,5,14,,,,,,,,,
9,VISIT,984,Random,OnArrival,3,43,12968,Node_842,-9,0,14,-9,14,,,,,,,,,
9,VISIT,986,Random,OnArrival,3,25,12968,Node_355,10,0,25,10,25,,,,,,,,,
9,VISIT,988,Random,OnArrival,3,24,12968,Node_355,10,0,25,10,25,,,,,,,,,
9,VISIT,975,Random,OnArrival,3,85,12973,Node_667,5,0,14,5,14,,,,,,,,,
9,VISIT,977,Random,OnArrival,3,73,12973,Node_666,5,0,13,5,13,,,,,,,,,
9,VISIT,982,Random,OnArrival,3,48,12973,Node_896,-9,0,21,-9,21,,,,,,,,,
9,VISIT,983,Random,OnArrival,3,47,12973,Node_807,5,0,15,5,15,,,,,,,,,
9,VISIT,984,Random,OnArrival,3,44,12973,Node_844,-9,0,15,-9,15,,,,,,,,,
9,VISIT,986,Random,OnArrival,3,26,12973,Node_356,9,0,25,9,25,,,,,,,,,
9,VISIT,988,Random,OnArrival,3,25,12973,Node_356,9,0,25,9,25,,,,,,,,,
9,VISIT,975,Random,OnArrival,3,86,12978,Node_807,5,0,15,5,15,,,,,,,,,
9,VISIT,977,Random,OnArrival,3,74,12978,Node_667,5,0,14,5,14,,,,,,,,,
9,VISIT,982,Random,OnArrival,3,49,12978,Node_895,-9,0,20,-9,20,,,,,,,,,
9,VISIT,983,Random,OnArrival,3,48,12978,Node_810,5,0,16,5,16,,,,,,,,,
9,VISIT,984,Random,OnArrival,3,45,12978,Node_898,-8,0,15,-8,15,,,,,,,,,
9,VISIT,985,Random,OnArrival,3,25,12978,Node_381,6,0,25,6,25,,,,,,,,,
9,VISIT,987,Random,OnArrival,3,25,12978,Node_381,6,0,25,6,25,,,,,,,,,
9,VISIT,989,Random,OnArrival,3,0,12982,Node_6,19,0,12,19,12,,,,,,,,,
9,VISIT,990,Random,OnArrival,3,0,12982,Node_7,19,0,8,19,8,,,,,,,,,
9,VISIT,991,Random,OnArrival,3,0,12982,Node_8,17,0,10,17,10,,,,,,,,,
9,VISIT,992,Random,OnArrival,3,0,12982,Node_9,21,0,10,21,10,,,,,,,,,
9,VISIT,975,Random,OnArrival,3,87,12984,Node_810,5,0,16,5,16,,,,,,,,,
9,VISIT,977,Random,OnArrival,3,75,12984,Node_807,5,0,15,5,15,,,,,,,,,
9,VISIT,983,Random,OnArrival,3,49,12984,Node_812,5,0,17,5,17,,,,,,,,,
9,VISIT,984,Random,OnArrival,3,46,12984,Node_828,-7,0,15,-7,15,,,,,,,,,
9,VISIT,989,Random,OnArrival,3,1,12986,Node_2,19,0,11,19,11,,,,,,,,,
9,VISIT,990,Random,OnArrival,3,1,12986,Node_11,18,0,8,18,8,,,,,,,,,
9,VISIT,991,Random,OnArrival,3,1,12986,Node_24,16,0,10,16,10,,,,,,,,,
9,VISIT,992,Random,OnArrival,3,1,12986,Node_5,20,0,10,20,10,,,,,,,,,
9,VISIT,975,Random,OnArrival,3,88,12990,Node_812,5,0,17,5,17,,,,,,,,,
9,VISIT,977,Random,OnArrival,3,76,12990,Node_810,5,0,16,5,16,,,,,,,,,
9,VISIT,982,Random,OnArrival,3,50,12990,Node_881,-7,0,20,-7,20,,,,,,,,,
9,VISIT,983,Random,OnArrival,3,50,12990,Node_396,5,0,18,5,18,,,,,,,,,
9,VISIT,984,Random,OnArrival,3,47,12990,Node_898,-8,0,15,-8,15,,,,,,,,,
9,VISIT,986,Random,OnArrival,3,27,12990,Node_381,6,0,25,6,25,,,,,,,,,
9,VISIT,988,Random,OnArrival,3,26,12990,Node_381,6,0,25,6,25,,,,,,,,,
9,VISIT,989,Random,OnArrival,3,2,12990,Node_20,19,0,10,19,10,,,,,,,,,
9,VISIT,990,Random,OnArrival,3,2,12990,Node_86,17,0,8,17,8,,,,,,,,,
9,VISIT,991,Random,OnArrival,3,2,12990,Node_26,15,0,10,15,10,,,,,,,,,
9,VISIT,992,Random,OnArrival,3,2,12990,Node_20,19,0,10,19,10,,,,,,,,,
9,VISIT,975,Random,OnArrival,3,89,12994,Node_396,5,0,18,5,18,,,,,,,,,
9,VISIT,977,Random,OnArrival,3,77,12994,Node_812,5,0,17,5,17,,,,,,,,,
9,VISIT,983,Random,OnArrival,3,51,12994,Node_389,5,0,19,5,19,,,,,,,,,
9,VISIT,984,Random,OnArrival,3,48,12994,Node_899,-8,0,14,-8,14,,,,,,,,,
9,VISIT,986,Random,OnArrival,3,28,12994,Node_900,5,0,25,5,25,,,,,,,,,
9,VISIT,988,Random,OnArrival,3,27,12994,Node_383,6,0,24,6,24,,,,,,,,,
9,VISIT,989,Random,OnArrival,3,3,12994,Node_4,18,0,10,18,10,,,,,,,,,
9,VISIT,990,Random,OnArrival,3,3,12994,Node_126,17,0,7,17,7,,,,,,,,,
9,VISIT,991,Random,OnArrival,3,3,12994,Node_88,14,0,10,14,10,,,,,,,,,
9,VISIT,992,Random,OnArrival,3,3,12994,Node_4,18,0,10,18,10,,,,,,,,,
9,VISIT,975,Random,OnArrival,3,90,12998,Node_389,5,0,19,5,19,,,,,,,,,
9,VISIT,977,Random,OnArrival,3,78,12998,Node_396,5,0,18,5,18,,,,,,,,,
9,VISIT,983,Random,OnArrival,3,52,12998,Node_395,5,0,20,5,20,,,,,,,,,
9,VISIT,984,Random,OnArrival,3,49,12998,Node_832,-7,0,14,-7,14,,,,,,,,,
9,VISIT,988,Random,OnArrival,3,28,12998,Node_901,5,0,24,5,24,,,,,,,,,
9,VISIT,989,Random,OnArrival,3,4,12998,Node_8,17,0,10,17,10,,,,,,,,,
9,VISIT,990,Random,OnArrival,3,4,12998,Node_127,16,0,7,16,7,,,,,,,,,
9,VISIT,991,Random,OnArrival,3,4,12998,Node_154,13,0,10,13,10,,,,,,,,,
9,VISIT,992,Random,OnArrival,3,4,12998,Node_8,17,0,10,17,10,,,,,,,,,
9,VISIT,975,Random,OnArrival,3,91,13002,Node_395,5,0,20,5,20,,,,,,,,,
9,VISIT,977,Random,OnArrival,3,79,13002,Node_389,5,0,19,5,19,,,,,,,,,
9,VISIT,984,Random,OnArrival,3,50,13002,Node_823,-6,0,14,-6,14,,,,,,,,,
9,VISIT,985,Random,OnArrival,3,26,13002,Node_900,5,0,25,5,25,,,,,,,,,
9,VISIT,986,Random,OnArrival,3,29,13002,Node_900,5,0,25,5,25,,,,,,,,,
9,VISIT,987,Random,OnArrival,3,26,13002,Node_902,4,0,24,4,24,,,,,,,,,
9,VISIT,988,Random,OnArrival,3,29,13002,Node_383,6,0,24,6,24,,,,,,,,,
9,VISIT,989,Random,OnArrival,3,5,13002,Node_24,16,0,10,16,10,,,,,,,,,
9,VISIT,990,Random,OnArrival,3,5,13002,Node_147,16,0,6,16,6,,,,,,,,,
9,VISIT,991,Random,OnArrival,3,5,13002,Node_153,13,0,9,13,9,,,,,,,,,
9,VISIT,992,Random,OnArrival,3,5,13002,Node_24,16,0,10,16,10,,,,,,,,,
9,VISIT,977,Random,OnArrival,3,80,13006,Node_395,5,0,20,5,20,,,,,,,,,
9,VISIT,982,Random,OnArrival,3,51,13006,Node_881,-7,0,20,-7,20,,,,,,,,,
9,VISIT,983,Random,OnArrival,3,53,13006,Node_862,3,0,20,3,20,,,,,,,,,
9,VISIT,984,Random,OnArrival,3,51,13006,Node_832,-7,0,14,-7,14,,,,,,,,,
9,VISIT,985,Random,OnArrival,3,27,13006,Node_381,6,0,25,6,25,,,,,,,,,
9,VISIT,986,Random,OnArrival,3,30,13006,Node_381,6,0,25,6,25,,,,,,,,,
9,VISIT,987,Random,OnArrival,3,27,13006,Node_901,5,0,24,5,24,,,,,,,,,
9,VISIT,988,Random,OnArrival,3,30,13006,Node_385,6,0,23,6,23,,,,,,,,,
9,VISIT,989,Random,OnArrival,3,6,13006,Node_26,15,0,10,15,10,,,,,,,,,
9,VISIT,990,Random,OnArrival,3,6,13006,Node_131,15,0,6,15,6,,,,,,,,,
9,VISIT,991,Random,OnArrival,3,6,13006,Node_156,12,0,9,12,9,,,,,,,,,
9,VISIT,992,Random,OnArrival,3,6,13006,Node_26,15,0,10,15,10,,,,,,,,,
9,VISIT,975,Random,OnArrival,3,92,13010,Node_862,3,0,20,3,20,,,,,,,,,
9,VISIT,983,Random,OnArrival,3,54,13010,Node_869,2,0,20,2,20,,,,,,,,,
9,VISIT,984,Random,OnArrival,3,52,13010,Node_834,-7,0,13,-7,13,,,,,,,,,
9,VISIT,985,Random,OnArrival,3,28,13010,Node_383,6,0,24,6,24,,,,,,,,,
9,VISIT,986,Random,OnArrival,3,31,13010,Node_383,6,0,24,6,24,,,,,,,,,
9,VISIT,987,Random,OnArrival,3,28,13010,Node_383,6,0,24,6,24,,,,,,,,,
9,VISIT,988,Random,OnArrival,3,31,13010,Node_386,6,0,22,6,22,,,,,,,,,
9,VISIT,989,Random,OnArrival,3,7,13010,Node_88,14,0,10,14,10,,,,,,,,,
9,VISIT,990,Random,OnArrival,3,7,13010,Node_149,14,0,6,14,6,,,,,,,,,
9,VISIT,991,Random,OnArrival,3,7,13010,Node_169,11,0,9,11,9,,,,,,,,,
9,VISIT,992,Random,OnArrival,3,7,13010,Node_88,14,0,10,14,10,,,,,,,,,
9,VISIT,975,Random,OnArrival,3,93,13014,Node_869,2,0,20,2,20,,,,,,,,,
9,VISIT,977,Random,OnArrival,3,81,13014,Node_862,3,0,20,3,20,,,,,,,,,
9,VISIT,982,Random,OnArrival,3,52,13014,Node_877,-5,0,20,-5,20,,,,,,,,,
9,VISIT,983,Random,OnArrival,3,55,13014,Node_886,1,0,20,1,20,,,,,,,,,
9,VISIT,984,Random,OnArrival,3,53,13014,Node_820,-6,0,13,-6,13,,,,,,,,,
9,VISIT,985,Random,OnArrival,3,29,13014,Node_385,6,0,23,6,23,,,,,,,,,
9,VISIT,986,Random,OnArrival,3,32,13014,Node_385,6,0,23,6,23,,,,,,,,,
9,VISIT,987,Random,OnArrival,3,29,13014,Node_385,6,0,23,6,23,,,,,,,,,
9,VISIT,988,Random,OnArrival,3,32,13014,Node_388,7,0,22,7,22,,,,,,,,,
9,VISIT,989,Random,OnArrival,3,8,13014,Node_154,13,0,10,13,10,,,,,,,,,
9,VISIT,990,Random,OnArrival,3,8,13014,Node_150,13,0,6,13,6,,,,,,,,,
9,VISIT,991,Random,OnArrival,3,8,13014,Node_179,10,0,9,10,9,,,,,,,,,
9,VISIT,992,Random,OnArrival,3,8,13014,Node_154,13,0,10,13,10,,,,,,,,,
9,VISIT,975,Random,OnArrival,3,94,13018,Node_886,1,0,20,1,20,,,,,,,,,
9,VISIT,977,Random,OnArrival,3,82,13018,Node_869,2,0,20,2,20,,,,,,,,,
9,VISIT,984,Random,OnArrival,3,54,13018,Node_816,-6,0,12,-6,12,,,,,,,,,
9,VISIT,985,Random,OnArrival,3,30,13018,Node_386,6,0,22,6,22,,,,,,,,,
9,VISIT,986,Random,OnArrival,3,33,13018,Node_386,6,0,22,6,22,,,,,,,,,
9,VISIT,987,Random,OnArrival,3,30,13018,Node_386,6,0,22,6,22,,,,,,,,,
9,VISIT,988,Random,OnArrival,3,33,13018,Node_373,8,0,22,8,22,,,,,,,,,
9,VISIT,989,Random,OnArrival,3,9,13018,Node_153,13,0,9,13,9,,,,,,,,,
9,VISIT,990,Random,OnArrival,3,9,13018,Node_159,12,0,6,12,6,,,,,,,,,
9,VISIT,991,Random,OnArrival,3,9,13018,Node_183,10,0,10,10,10,,,,,,,,,
9,VISIT,992,Random,OnArrival,3,9,13018,Node_153,13,0,9,13,9,,,,,,,,,
9,VISIT,977,Random,OnArrival,3,83,13022,Node_886,1,0,20,1,20,,,,,,,,,
9,VISIT,982,Random,OnArrival,3,53,13022,Node_877,-5,0,20,-5,20,,,,,,,,,
9,VISIT,983,Random,OnArrival,3,56,13022,Node_889,-1,0,20,-1,20,,,,,,,,,
9,VISIT,984,Random,OnArrival,3,55,13022,Node_813,-6,0,11,-6,11,,,,,,,,,
9,VISIT,985,Random,OnArrival,3,31,13022,Node_388,7,0,22,7,22,,,,,,,,,
9,VISIT,986,Random,OnArrival,3,34,13022,Node_388,7,0,22,7,22,,,,,,,,,
9,VISIT,987,Random,OnArrival,3,31,13022,Node_388,7,0,22,7,22,,,,,,,,,
9,VISIT,988,Random,OnArrival,3,34,13022,Node_375,8,0,21,8,21,,,,,,,,,
9,VISIT,989,Random,OnArrival,3,10,13022,Node_156,12,0,9,12,9,,,,,,,,,
9,VISIT,990,Random,OnArrival,3,10,13022,Node_212,11,0,6,11,6,,,,,,,,,
9,VISIT,991,Random,OnArrival,3,10,13022,Node_225,9,0,10,9,10,,,,,,,,,
9,VISIT,992,Random,OnArrival,3,10,13022,Node_156,12,0,9,12,9,,,,,,,,,
9,VISIT,975,Random,OnArrival,3,95,13026,Node_889,-1,0,20,-1,20,,,,,,,,,
9,VISIT,984,Random,OnArrival,3,56,13026,Node_744,-5,0,11,-5,11,,,,,,,,,
9,VISIT,985,Random,OnArrival,3,32,13026,Node_373,8,0,22,8,22,,,,,,,,,
9,VISIT,986,Random,OnArrival,3,35,13026,Node_373,8,0,22,8,22,,,,,,,,,
9,VISIT,987,Random,OnArrival,3,32,13026,Node_373,8,0,22,8,22,,,,,,,,,
9,VISIT,988,Random,OnArrival,3,35,13026,Node_377,8,0,20,8,20,,,,,,,,,
9,VISIT,989,Random,OnArrival,3,11,13026,Node_169,11,0,9,11,9,,,,,,,,,
9,VISIT,990,Random,OnArrival,3,11,13026,Node_599,10,0,6,10,6,,,,,,,,,
9,VISIT,991,Random,OnArrival,3,11,13026,Node_393,8,0,10,8,10,,,,,,,,,
9,VISIT,992,Random,OnArrival,3,11,13026,Node_169,11,0,9,11,9,,,,,,,,,
9,VISIT,975,Random,OnArrival,3,96,13030,Node_906,-1,0,19,-1,19,,,,,,,,,
9,VISIT,977,Random,OnArrival,3,84,13030,Node_889,-1,0,20,-1,20,,,,,,,,,
9,VISIT,982,Random,OnArrival,3,54,13030,Node_873,-5,0,18,-5,18,,,,,,,,,
9,VISIT,984,Random,OnArrival,3,57,13030,Node_742,-4,0,11,-4,11,,,,,,,,,
9,VISIT,985,Random,OnArrival,3,33,13030,Node_375,8,0,21,8,21,,,,,,,,,
9,VISIT,986,Random,OnArrival,3,36,13030,Node_375,8,0,21,8,21,,,,,,,,,
9,VISIT,987,Random,OnArrival,3,33,13030,Node_375,8,0,21,8,21,,,,,,,,,
9,VISIT,988,Random,OnArrival,3,36,13030,Node_336,7,0,20,7,20,,,,,,,,,
9,VISIT,989,Random,OnArrival,3,12,13030,Node_179,10,0,9,10,9,,,,,,,,,
9,VISIT,990,Random,OnArrival,3,12,13030,Node_652,9,0,6,9,6,,,,,,,,,
9,VISIT,992,Random,OnArrival,3,12,13030,Node_179,10,0,9,10,9,,,,,,,,,
9,VISIT,975,Random,OnArrival,3,97,13034,Node_907,-1,0,18,-1,18,,,,,,,,,
9,VISIT,982,Random,OnArrival,3,55,13034,Node_870,-4,0,18,-4,18,,,,,,,,,
9,VISIT,984,Random,OnArrival,3,58,13034,Node_856,-3,0,11,-3,11,,,,,,,,,
9,VISIT,985,Random,OnArrival,3,34,13034,Node_377,8,0,20,8,20,,,,,,,,,
9,VISIT,986,Random,OnArrival,3,37,13034,Node_377,8,0,20,8,20,,,,,,,,,
9,VISIT,987,Random,OnArrival,3,34,13034,Node_377,8,0,20,8,20,,,,,,,,,
9,VISIT,988,Random,OnArrival,3,37,13034,Node_339,6,0,20,6,20,,,,,,,,,
9,VISIT,989,Random,OnArrival,3,13,13034,Node_183,10,0,10,10,10,,,,,,,,,
9,VISIT,990,Random,OnArrival,3,13,13034,Node_639,8,0,6,8,6,,,,,,,,,
9,VISIT,991,Random,OnArrival,3,12,13034,Node_687,6,0,10,6,10,,,,,,,,,
9,VISIT,992,Random,OnArrival,3,13,13034,Node_183,10,0,10,10,10,,,,,,,,,
9,VISIT,975,Random,OnArrival,3,98,13038,Node_909,-2,0,18,-2,18,,,,,,,,,
9,VISIT,982,Random,OnArrival,3,56,13038,Node_867,-4,0,17,-4,17,,,,,,,,,
9,VISIT,984,Random,OnArrival,3,59,13038,Node_713,-3,0,12,-3,12,,,,,,,,,
9,VISIT,985,Random,OnArrival,3,35,13038,Node_336,7,0,20,7,20,,,,,,,,,
9,VISIT,986,Random,OnArrival,3,38,13038,Node_336,7,0,20,7,20,,,,,,,,,
9,VISIT,987,Random,OnArrival,3,35,13038,Node_336,7,0,20,7,20,,,,,,,,,
9,VISIT,988,Random,OnArrival,3,38,13038,Node_395,5,0,20,5,20,,,,,,,,,
9,VISIT,989,Random,OnArrival,3,14,13038,Node_225,9,0,10,9,10,,,,,,,,,
9,VISIT,990,Random,OnArrival,3,14,13038,Node_655,7,0,6,7,6,,,,,,,,,
9,VISIT,991,Random,OnArrival,3,13,13038,Node_662,5,0,10,5,10,,,,,,,,,
9,VISIT,992,Random,OnArrival,3,14,13038,Node_225,9,0,10,9,10,,,,,,,,,
9,VISIT,975,Random,OnArrival,3,99,13042,Node_910,-2,0,19,-2,19,,,,,,,,,
9,VISIT,977,Random,OnArrival,3,85,13042,Node_909,-2,0,18,-2,18,,,,,,,,,
9,VISIT,982,Random,OnArrival,3,57,13042,Node_865,-3,0,17,-3,17,,,,,,,,,
9,VISIT,983,Random,OnArrival,3,57,13042,Node_906,-1,0,19,-1,19,,,,,,,,,
9,VISIT,985,Random,OnArrival,3,36,13042,Node_339,6,0,20,6,20,,,,,,,,,
9,VISIT,986,Random,OnArrival,3,39,13042,Node_339,6,0,20,6,20,,,,,,,,,
9,VISIT,987,Random,OnArrival,3,36,13042,Node_339,6,0,20,6,20,,,,,,,,,
9,VISIT,989,Random,OnArrival,3,15,13042,Node_393,8,0,10,8,10,,,,,,,,,
9,VISIT,990,Random,OnArrival,3,15,13042,Node_660,6,0,6,6,6,,,,,,,,,
9,VISIT,992,Random,OnArrival,3,15,13042,Node_393,8,0,10,8,10,,,,,,,,,
9,VISIT,975,Random,OnArrival,3,100,13046,Node_906,-1,0,19,-1,19,,,,,,,,,
9,VISIT,983,Random,OnArrival,3,58,13046,Node_907,-1,0,18,-1,18,,,,,,,,,
9,VISIT,984,Random,OnArrival,3,60,13046,Node_715,-3,0,14,-3,14,,,,,,,,,
9,VISIT,985,Random,OnArrival,3,37,13046,Node_395,5,0,20,5,20,,,,,,,,,
9,VISIT,986,Random,OnArrival,3,40,13046,Node_395,5,0,20,5,20,,,,,,,,,
9,VISIT,987,Random,OnArrival,3,37,13046,Node_395,5,0,20,5,20,,,,,,,,,
9,VISIT,988,Random,OnArrival,3,39,13046,Node_862,3,0,20,3,20,,,,,,,,,
9,VISIT,990,Random,OnArrival,3,16,13046,Node_654,5,0,6,5,6,,,,,,,,,
9,VISIT,991,Random,OnArrival,3,14,13046,Node_691,3,0,10,3,10,,,,,,,,,
9,VISIT,975,Random,OnArrival,3,101,13051,Node_907,-1,0,18,-1,18,,,,,,,,,
9,VISIT,977,Random,OnArrival,3,86,13051,Node_865,-3,0,17,-3,17,,,,,,,,,
9,VISIT,982,Random,OnArrival,3,58,13051,Node_909,-2,0,18,-2,18,,,,,,,,,
9,VISIT,983,Random,OnArrival,3,59,13051,Node_840,0,0,18,0,18,,,,,,,,,
9,VISIT,984,Random,OnArrival,3,61,13051,Node_717,-3,0,15,-3,15,,,,,,,,,
9,VISIT,988,Random,OnArrival,3,40,13051,Node_864,3,0,21,3,21,,,,,,,,,
9,VISIT,989,Random,OnArrival,3,16,13051,Node_687,6,0,10,6,10,,,,,,,,,
9,VISIT,991,Random,OnArrival,3,15,13051,Node_675,2,0,10,2,10,,,,,,,,,
9,VISIT,992,Random,OnArrival,3,16,13051,Node_687,6,0,10,6,10,,,,,,,,,
9,VISIT,975,Random,OnArrival,3,102,13056,Node_840,0,0,18,0,18,,,,,,,,,
9,VISIT,977,Random,OnArrival,3,87,13056,Node_911,-2,0,17,-2,17,,,,,,,,,
9,VISIT,982,Random,OnArrival,3,59,13056,Node_907,-1,0,18,-1,18,,,,,,,,,
9,VISIT,983,Random,OnArrival,3,60,13056,Node_907,-1,0,18,-1,18,,,,,,,,,
9,VISIT,984,Random,OnArrival,3,62,13056,Node_863,-3,0,16,-3,16,,,,,,,,,
9,VISIT,985,Random,OnArrival,3,38,13056,Node_862,3,0,20,3,20,,,,,,,,,
9,VISIT,986,Random,OnArrival,3,41,13056,Node_862,3,0,20,3,20,,,,,,,,,
9,VISIT,987,Random,OnArrival,3,38,13056,Node_862,3,0,20,3,20,,,,,,,,,
9,VISIT,988,Random,OnArrival,3,41,13056,Node_866,3,0,22,3,22,,,,,,,,,
9,VISIT,989,Random,OnArrival,3,17,13056,Node_662,5,0,10,5,10,,,,,,,,,
9,VISIT,990,Random,OnArrival,3,17,13056,Node_670,3,0,6,3,6,,,,,,,,,
9,VISIT,991,Random,OnArrival,3,16,13056,Node_690,1,0,10,1,10,,,,,,,,,
9,VISIT,992,Random,OnArrival,3,17,13056,Node_662,5,0,10,5,10,,,,,,,,,
9,VISIT,975,Random,OnArrival,3,103,13060,Node_907,-1,0,18,-1,18,,,,,,,,,
9,VISIT,977,Random,OnArrival,3,88,13060,Node_909,-2,0,18,-2,18,,,,,,,,,
9,VISIT,982,Random,OnArrival,3,60,13060,Node_906,-1,0,19,-1,19,,,,,,,,,
9,VISIT,983,Random,OnArrival,3,61,13060,Node_906,-1,0,19,-1,19,,,,,,,,,
9,VISIT,984,Random,OnArrival,3,63,13060,Node_865,-3,0,17,-3,17,,,,,,,,,
9,VISIT,985,Random,OnArrival,3,39,13060,Node_864,3,0,21,3,21,,,,,,,,,
9,VISIT,986,Random,OnArrival,3,42,13060,Node_864,3,0,21,3,21,,,,,,,,,
9,VISIT,987,Random,OnArrival,3,39,13060,Node_864,3,0,21,3,21,,,,,,,,,
9,VISIT,988,Random,OnArrival,3,42,13060,Node_868,2,0,22,2,22,,,,,,,,,
9,VISIT,990,Random,OnArrival,3,18,13060,Node_685,2,0,6,2,6,,,,,,,,,
9,VISIT,991,Random,OnArrival,3,17,13060,Node_701,0,0,10,0,10,,,,,,,,,
9,VISIT,993,Random,OnArrival,3,0,13064,Node_6,19,0,12,19,12,,,,,,,,,
9,VISIT,994,Random,OnArrival,3,0,13064,Node_7,19,0,8,19,8,,,,,,,,,
9,VISIT,995,Random,OnArrival,3,0,13064,Node_8,17,0,10,17,10,,,,,,,,,
9,VISIT,996,Random,OnArrival,3,0,13064,Node_9,21,0,10,21,10,,,,,,,,,
9,VISIT,975,Random,OnArrival,3,104,13067,Node_906,-1,0,19,-1,19,,,,,,,,,
9,VISIT,977,Random,OnArrival,3,89,13067,Node_907,-1,0,18,-1,18,,,,,,,,,
9,VISIT,982,Random,OnArrival,3,61,13067,Node_889,-1,0,20,-1,20,,,,,,,,,
9,VISIT,983,Random,OnArrival,3,62,13067,Node_889,-1,0,20,-1,20,,,,,,,,,
9,VISIT,984,Random,OnArrival,3,64,13067,Node_911,-2,0,17,-2,17,,,,,,,,,
9,VISIT,985,Random,OnArrival,3,40,13067,Node_866,3,0,22,3,22,,,,,,,,,
9,VISIT,986,Random,OnArrival,3,43,13067,Node_866,3,0,22,3,22,,,,,,,,,
9,VISIT,987,Random,OnArrival,3,40,13067,Node_866,3,0,22,3,22,,,,,,,,,
9,VISIT,989,Random,OnArrival,3,18,13067,Node_691,3,0,10,3,10,,,,,,,,,
9,VISIT,991,Random,OnArrival,3,18,13067,Node_703,-1,0,10,-1,10,,,,,,,,,
9,VISIT,992,Random,OnArrival,3,18,13067,Node_691,3,0,10,3,10,,,,,,,,,
9,VISIT,993,Random,OnArrival,3,1,13068,Node_10,18,0,12,18,12,,,,,,,,,
9,VISIT,994,Random,OnArrival,3,1,13068,Node_3,19,0,9,19,9,,,,,,,,,
9,VISIT,995,Random,OnArrival,3,1,13068,Node_12,17,0,11,17,11,,,,,,,,,
9,VISIT,996,Random,OnArrival,3,1,13068,Node_5,20,0,10,20,10,,,,,,,,,
9,VISIT,975,Random,OnArrival,3,105,13072,Node_889,-1,0,20,-1,20,,,,,,,,,
9,VISIT,977,Random,OnArrival,3,90,13072,Node_906,-1,0,19,-1,19,,,,,,,,,
9,VISIT,984,Random,OnArrival,3,65,13072,Node_909,-2,0,18,-2,18,,,,,,,,,
9,VISIT,985,Random,OnArrival,3,41,13072,Node_868,2,0,22,2,22,,,,,,,,,
9,VISIT,986,Random,OnArrival,3,44,13072,Node_868,2,0,22,2,22,,,,,,,,,
9,VISIT,987,Random,OnArrival,3,41,13072,Node_868,2,0,22,2,22,,,,,,,,,
9,VISIT,988,Random,OnArrival,3,43,13072,Node_874,2,0,24,2,24,,,,,,,,,
9,VISIT,989,Random,OnArrival,3,19,13072,Node_675,2,0,10,2,10,,,,,,,,,
9,VISIT,991,Random,OnArrival,3,19,13072,Node_707,-2,0,10,-2,10,,,,,,,,,
9,VISIT,992,Random,OnArrival,3,19,13072,Node_675,2,0,10,2,10,,,,,,,,,
9,VISIT,993,Random,OnArrival,3,2,13072,Node_16,17,0,12,17,12,,,,,,,,,
9,VISIT,994,Random,OnArrival,3,2,13072,Node_15,18,0,9,18,9,,,,,,,,,
9,VISIT,995,Random,OnArrival,3,2,13072,Node_16,17,0,12,17,12,,,,,,,,,
9,VISIT,996,Random,OnArrival,3,2,13072,Node_55,20,0,11,20,11,,,,,,,,,
9,VISIT,977,Random,OnArrival,3,91,13076,Node_889,-1,0,20,-1,20,,,,,,,,,
9,VISIT,982,Random,OnArrival,3,62,13076,Node_890,-1,0,22,-1,22,,,,,,,,,
9,VISIT,983,Random,OnArrival,3,63,13076,Node_890,-1,0,22,-1,22,,,,,,,,,
9,VISIT,984,Random,OnArrival,3,66,13076,Node_907,-1,0,18,-1,18,,,,,,,,,
9,VISIT,988,Random,OnArrival,3,44,13076,Node_880,1,0,24,1,24,,,,,,,,,
9,VISIT,989,Random,OnArrival,3,20,13076,Node_690,1,0,10,1,10,,,,,,,,,
9,VISIT,990,Random,OnArrival,3,19,13076,Node_708,-1,0,6,-1,6,,,,,,,,,
9,VISIT,991,Random,OnArrival,3,20,13076,Node_709,-2,0,11,-2,11,,,,,,,,,
9,VISIT,992,Random,OnArrival,3,20,13076,Node_690,1,0,10,1,10,,,,,,,,,
9,VISIT,993,Random,OnArrival,3,3,13076,Node_18,16,0,12,16,12,,,,,,,,,
9,VISIT,994,Random,OnArrival,3,3,13076,Node_4,18,0,10,18,10,,,,,,,,,
9,VISIT,995,Random,OnArrival,3,3,13076,Node_18,16,0,12,16,12,,,,,,,,,
9,VISIT,996,Random,OnArrival,3,3,13076,Node_46,20,0,12,20,12,,,,,,,,,
9,VISIT,975,Random,OnArrival,3,106,13080,Node_890,-1,0,22,-1,22,,,,,,,,,
9,VISIT,982,Random,OnArrival,3,63,13080,Node_891,-2,0,22,-2,22,,,,,,,,,
9,VISIT,983,Random,OnArrival,3,64,13080,Node_891,-2,0,22,-2,22,,,,,,,,,
9,VISIT,984,Random,OnArrival,3,67,13080,Node_906,-1,0,19,-1,19,,,,,,,,,
9,VISIT,985,Random,OnArrival,3,42,13080,Node_874,2,0,24,2,24,,,,,,,,,
9,VISIT,986,Random,OnArrival,3,45,13080,Node_874,2,0,24,2,24,,,,,,,,,
9,VISIT,987,Random,OnArrival,3,42,13080,Node_874,2,0,24,2,24,,,,,,,,,
9,VISIT,988,Random,OnArrival,3,45,13080,Node_878,1,0,25,1,25,,,,,,,,,
9,VISIT,989,Random,OnArrival,3,21,13080,Node_701,0,0,10,0,10,,,,,,,,,
9,VISIT,990,Random,OnArrival,3,20,13080,Node_710,-2,0,6,-2,6,,,,,,,,,
9,VISIT,991,Random,OnArrival,3,21,13080,Node_856,-3,0,11,-3,11,,,,,,,,,
9,VISIT,992,Random,OnArrival,3,21,13080,Node_701,0,0,10,0,10,,,,,,,,,
9,VISIT,993,Random,OnArrival,3,4,13080,Node_29,15,0,12,15,12,,,,,,,,,
9,VISIT,994,Random,OnArrival,3,4,13080,Node_8,17,0,10,17,10,,,,,,,,,
9,VISIT,995,Random,OnArrival,3,4,13080,Node_29,15,0,12,15,12,,,,,,,,,
9,VISIT,996,Random,OnArrival,3,4,13080,Node_49,20,0,13,20,13,,,,,,,,,
9,VISIT,975,Random,OnArrival,3,107,13084,Node_891,-2,0,22,-2,22,,,,,,,,,
9,VISIT,977,Random,OnArrival,3,92,13084,Node_890,-1,0,22,-1,22,,,,,,,,,
9,VISIT,982,Random,OnArrival,3,64,13084,Node_894,-3,0,22,-3,22,,,,,,,,,
9,VISIT,983,Random,OnArrival,3,65,13084,Node_894,-3,0,22,-3,22,,,,,,,,,
9,VISIT,984,Random,OnArrival,3,68,13084,Node_889,-1,0,20,-1,20,,,,,,,,,
9,VISIT,985,Random,OnArrival,3,43,13084,Node_880,1,0,24,1,24,,,,,,,,,
9,VISIT,986,Random,OnArrival,3,46,13084,Node_876,2,0,25,2,25,,,,,,,,,
9,VISIT,987,Random,OnArrival,3,43,13084,Node_880,1,0,24,1,24,,,,,,,,,
9,VISIT,988,Random,OnArrival,3,46,13084,Node_885,0,0,25,0,25,,,,,,,,,
9,VISIT,989,Random,OnArrival,3,22,13084,Node_703,-1,0,10,-1,10,,,,,,,,,
9,VISIT,991,Random,OnArrival,3,22,13084,Node_742,-4,0,11,-4,11,,,,,,,,,
9,VISIT,992,Random,OnArrival,3,22,13084,Node_703,-1,0,10,-1,10,,,,,,,,,
9,VISIT,993,Random,OnArrival,3,5,13084,Node_31,15,0,13,15,13,,,,,,,,,
9,VISIT,994,Random,OnArrival,3,5,13084,Node_12,17,0,11,17,11,,,,,,,,,
9,VISIT,995,Random,OnArrival,3,5,13084,Node_31,15,0,13,15,13,,,,,,,,,
9,VISIT,996,Random,OnArrival,3,5,13084,Node_52,20,0,14,20,14,,,,,,,,,
9,VISIT,975,Random,OnArrival,3,108,13088,Node_894,-3,0,22,-3,22,,,,,,,,,
9,VISIT,977,Random,OnArrival,3,93,13088,Node_891,-2,0,22,-2,22,,,,,,,,,
9,VISIT,985,Random,OnArrival,3,44,13088,Node_882,0,0,24,0,24,,,,,,,,,
9,VISIT,986,Random,OnArrival,3,47,13088,Node_878,1,0,25,1,25,,,,,,,,,
9,VISIT,987,Random,OnArrival,3,44,13088,Node_882,0,0,24,0,24,,,,,,,,,
9,VISIT,989,Random,OnArrival,3,23,13088,Node_707,-2,0,10,-2,10,,,,,,,,,
9,VISIT,990,Random,OnArrival,3,21,13088,Node_735,-4,0,6,-4,6,,,,,,,,,
9,VISIT,991,Random,OnArrival,3,23,13088,Node_744,-5,0,11,-5,11,,,,,,,,,
9,VISIT,992,Random,OnArrival,3,23,13088,Node_707,-2,0,10,-2,10,,,,,,,,,
9,VISIT,993,Random,OnArrival,3,6,13088,Node_36,14,0,13,14,13,,,,,,,,,
9,VISIT,994,Random,OnArrival,3,6,13088,Node_16,17,0,12,17,12,,,,,,,,,
9,VISIT,995,Random,OnArrival,3,6,13088,Node_36,14,0,13,14,13,,,,,,,,,
9,VISIT,975,Random,OnArrival,3,109,13092,Node_912,-4,0,22,-4,22,,,,,,,,,
9,VISIT,977,Random,OnArrival,3,94,13092,Node_894,-3,0,22,-3,22,,,,,,,,,
9,VISIT,984,Random,OnArrival,3,69,13092,Node_890,-1,0,22,-1,22,,,,,,,,,
9,VISIT,985,Random,OnArrival,3,45,13092,Node_885,0,0,25,0,25,,,,,,,,,
9,VISIT,986,Random,OnArrival,3,48,13092,Node_885,0,0,25,0,25,,,,,,,,,
9,VISIT,987,Random,OnArrival,3,45,13092,Node_885,0,0,25,0,25,,,,,,,,,
9,VISIT,989,Random,OnArrival,3,24,13092,Node_709,-2,0,11,-2,11,,,,,,,,,
9,VISIT,990,Random,OnArrival,3,22,13092,Node_737,-4,0,7,-4,7,,,,,,,,,
9,VISIT,991,Random,OnArrival,3,24,13092,Node_813,-6,0,11,-6,11,,,,,,,,,
9,VISIT,992,Random,OnArrival,3,24,13092,Node_709,-2,0,11,-2,11,,,,,,,,,
9,VISIT,993,Random,OnArrival,3,7,13092,Node_37,14,0,14,14,14,,,,,,,,,
9,VISIT,994,Random,OnArrival,3,7,13092,Node_18,16,0,12,16,12,,,,,,,,,
9,VISIT,995,Random,OnArrival,3,7,13092,Node_37,14,0,14,14,14,,,,,,,,,
9,VISIT,996,Random,OnArrival,3,6,13092,Node_91,18,0,14,18,14,,,,,,,,,
9,VISIT,975,Random,OnArrival,3,110,13096,Node_913,-4,0,23,-4,23,,,,,,,,,
9,VISIT,977,Random,OnArrival,3,95,13096,Node_912,-4,0,22,-4,22,,,,,,,,,
9,VISIT,982,Random,OnArrival,3,65,13096,Node_772,-5,0,23,-5,23,,,,,,,,,
9,VISIT,983,Random,OnArrival,3,66,13096,Node_772,-5,0,23,-5,23,,,,,,,,,
9,VISIT,984,Random,OnArrival,3,70,13096,Node_891,-2,0,22,-2,22,,,,,,,,,
9,VISIT,989,Random,OnArrival,3,25,13096,Node_856,-3,0,11,-3,11,,,,,,,,,
9,VISIT,990,Random,OnArrival,3,23,13096,Node_800,-5,0,7,-5,7,,,,,,,,,
9,VISIT,991,Random,OnArrival,3,25,13096,Node_816,-6,0,12,-6,12,,,,,,,,,
9,VISIT,992,Random,OnArrival,3,25,13096,Node_856,-3,0,11,-3,11,,,,,,,,,
9,VISIT,993,Random,OnArrival,3,8,13096,Node_38,13,0,14,13,14,,,,,,,,,
9,VISIT,994,Random,OnArrival,3,8,13096,Node_29,15,0,12,15,12,,,,,,,,,
9,VISIT,995,Random,OnArrival,3,8,13096,Node_38,13,0,14,13,14,,,,,,,,,
9,VISIT,996,Random,OnArrival,3,7,13096,Node_118,17,0,14,17,14,,,,,,,,,
9,VISIT,975,Random,OnArrival,3,111,13100,Node_772,-5,0,23,-5,23,,,,,,,,,
9,VISIT,977,Random,OnArrival,3,96,13100,Node_773,-5,0,22,-5,22,,,,,,,,,
9,VISIT,982,Random,OnArrival,3,66,13100,Node_913,-4,0,23,-4,23,,,,,,,,,
9,VISIT,983,Random,OnArrival,3,67,13100,Node_913,-4,0,23,-4,23,,,,,,,,,
9,VISIT,984,Random,OnArrival,3,71,13100,Node_892,-2,0,23,-2,23,,,,,,,,,
9,VISIT,989,Random,OnArrival,3,26,13100,Node_742,-4,0,11,-4,11,,,,,,,,,
9,VISIT,990,Random,OnArrival,3,24,13100,Node_797,-6,0,7,-6,7,,,,,,,,,
9,VISIT,991,Random,OnArrival,3,26,13100,Node_820,-6,0,13,-6,13,,,,,,,,,
9,VISIT,992,Random,OnArrival,3,26,13100,Node_742,-4,0,11,-4,11,,,,,,,,,
9,VISIT,993,Random,OnArrival,3,9,13100,Node_39,13,0,15,13,15,,,,,,,,,
9,VISIT,994,Random,OnArrival,3,9,13100,Node_31,15,0,13,15,13,,,,,,,,,
9,VISIT,995,Random,OnArrival,3,9,13100,Node_39,13,0,15,13,15,,,,,,,,,
9,VISIT,996,Random,OnArrival,3,8,13100,Node_146,16,0,14,16,14,,,,,,,,,
9,VISIT,975,Random,OnArrival,3,112,13104,Node_913,-4,0,23,-4,23,,,,,,,,,
9,VISIT,977,Random,OnArrival,3,97,13104,Node_912,-4,0,22,-4,22,,,,,,,,,
9,VISIT,982,Random,OnArrival,3,67,13104,Node_893,-3,0,23,-3,23,,,,,,,,,
9,VISIT,983,Random,OnArrival,3,68,13104,Node_893,-3,0,23,-3,23,,,,,,,,,
9,VISIT,984,Random,OnArrival,3,72,13104,Node_893,-3,0,23,-3,23,,,,,,,,,
9,VISIT,988,Random,OnArrival,3,47,13104,Node_769,-5,0,25,-5,25,,,,,,,,,
9,VISIT,989,Random,OnArrival,3,27,13104,Node_744,-5,0,11,-5,11,,,,,,,,,
9,VISIT,990,Random,OnArrival,3,25,13104,Node_734,-7,0,7,-7,7,,,,,,,,,
9,VISIT,991,Random,OnArrival,3,27,13104,Node_823,-6,0,14,-6,14,,,,,,,,,
9,VISIT,992,Random,OnArrival,3,27,13104,Node_744,-5,0,11,-5,11,,,,,,,,,
9,VISIT,993,Random,OnArrival,3,10,13104,Node_40,13,0,16,13,16,,,,,,,,,
9,VISIT,994,Random,OnArrival,3,10,13104,Node_36,14,0,13,14,13,,,,,,,,,
9,VISIT,995,Random,OnArrival,3,10,13104,Node_40,13,0,16,13,16,,,,,,,,,
9,VISIT,996,Random,OnArrival,3,9,13104,Node_133,15,0,14,15,14,,,,,,,,,
9,VISIT,975,Random,OnArrival,3,113,13108,Node_893,-3,0,23,-3,23,,,,,,,,,
9,VISIT,977,Random,OnArrival,3,98,13108,Node_894,-3,0,22,-3,22,,,,,,,,,
9,VISIT,982,Random,OnArrival,3,68,13108,Node_913,-4,0,23,-4,23,,,,,,,,,
9,VISIT,983,Random,OnArrival,3,69,13108,Node_913,-4,0,23,-4,23,,,,,,,,,
9,VISIT,984,Random,OnArrival,3,73,13108,Node_913,-4,0,23,-4,23,,,,,,,,,
9,VISIT,988,Random,OnArrival,3,48,13108,Node_770,-5,0,24,-5,24,,,,,,,,,
9,VISIT,989,Random,OnArrival,3,28,13108,Node_813,-6,0,11,-6,11,,,,,,,,,
9,VISIT,990,Random,OnArrival,3,26,13108,Node_736,-7,0,8,-7,8,,,,,,,,,
9,VISIT,991,Random,OnArrival,3,28,13108,Node_832,-7,0,14,-7,14,,,,,,,,,
9,VISIT,992,Random,OnArrival,3,28,13108,Node_813,-6,0,11,-6,11,,,,,,,,,
9,VISIT,993,Random,OnArrival,3,11,13108,Node_41,13,0,17,13,17,,,,,,,,,
9,VISIT,994,Random,OnArrival,3,11,13108,Node_37,14,0,14,14,14,,,,,,,,,
9,VISIT,995,Random,OnArrival,3,11,13108,Node_41,13,0,17,13,17,,,,,,,,,
9,VISIT,996,Random,OnArrival,3,10,13108,Node_37,14,0,14,14,14,,,,,,,,,
9,VISIT,975,Random,OnArrival,3,114,13112,Node_913,-4,0,23,-4,23,,,,,,,,,
9,VISIT,977,Random,OnArrival,3,99,13112,Node_893,-3,0,23,-3,23,,,,,,,,,
9,VISIT,982,Random,OnArrival,3,69,13112,Node_772,-5,0,23,-5,23,,,,,,,,,
9,VISIT,983,Random,OnArrival,3,70,13112,Node_772,-5,0,23,-5,23,,,,,,,,,
9,VISIT,984,Random,OnArrival,3,74,13112,Node_772,-5,0,23,-5,23,,,,,,,,,
9,VISIT,985,Random,OnArrival,3,46,13112,Node_769,-5,0,25,-5,25,,,,,,,,,
9,VISIT,986,Random,OnArrival,3,49,13112,Node_769,-5,0,25,-5,25,,,,,,,,,
9,VISIT,987,Random,OnArrival,3,46,13112,Node_769,-5,0,25,-5,25,,,,,,,,,
9,VISIT,988,Random,OnArrival,3,49,13112,Node_765,-6,0,24,-6,24,,,,,,,,,
9,VISIT,989,Random,OnArrival,3,29,13112,Node_816,-6,0,12,-6,12,,,,,,,,,
9,VISIT,991,Random,OnArrival,3,29,13112,Node_899,-8,0,14,-8,14,,,,,,,,,
9,VISIT,992,Random,OnArrival,3,29,13112,Node_816,-6,0,12,-6,12,,,,,,,,,
9,VISIT,993,Random,OnArrival,3,12,13112,Node_42,13,0,18,13,18,,,,,,,,,
9,VISIT,994,Random,OnArrival,3,12,13112,Node_38,13,0,14,13,14,,,,,,,,,
9,VISIT,995,Random,OnArrival,3,12,13112,Node_42,13,0,18,13,18,,,,,,,,,
9,VISIT,996,Random,OnArrival,3,11,13112,Node_38,13,0,14,13,14,,,,,,,,,
9,VISIT,975,Random,OnArrival,3,115,13116,Node_772,-5,0,23,-5,23,,,,,,,,,
9,VISIT,977,Random,OnArrival,3,100,13116,Node_913,-4,0,23,-4,23,,,,,,,,,
9,VISIT,982,Random,OnArrival,3,70,13116,Node_770,-5,0,24,-5,24,,,,,,,,,
9,VISIT,983,Random,OnArrival,3,71,13116,Node_770,-5,0,24,-5,24,,,,,,,,,
9,VISIT,984,Random,OnArrival,3,75,13116,Node_770,-5,0,24,-5,24,,,,,,,,,
9,VISIT,985,Random,OnArrival,3,47,13116,Node_767,-6,0,25,-6,25,,,,,,,,,
9,VISIT,986,Random,OnArrival,3,50,13116,Node_770,-5,0,24,-5,24,,,,,,,,,
9,VISIT,987,Random,OnArrival,3,47,13116,Node_767,-6,0,25,-6,25,,,,,,,,,
9,VISIT,988,Random,OnArrival,3,50,13116,Node_767,-6,0,25,-6,25,,,,,,,,,
9,VISIT,989,Random,OnArrival,3,30,13116,Node_820,-6,0,13,-6,13,,,,,,,,,
9,VISIT,991,Random,OnArrival,3,30,13116,Node_842,-9,0,14,-9,14,,,,,,,,,
9,VISIT,992,Random,OnArrival,3,30,13116,Node_820,-6,0,13,-6,13,,,,,,,,,
9,VISIT,993,Random,OnArrival,3,13,13116,Node_43,12,0,18,12,18,,,,,,,,,
9,VISIT,994,Random,OnArrival,3,13,13116,Node_39,13,0,15,13,15,,,,,,,,,
9,VISIT,995,Random,OnArrival,3,13,13116,Node_43,12,0,18,12,18,,,,,,,,,
9,VISIT,996,Random,OnArrival,3,12,13116,Node_39,13,0,15,13,15,,,,,,,,,
9,VISIT,975,Random,OnArrival,3,116,13120,Node_770,-5,0,24,-5,24,,,,,,,,,
9,VISIT,977,Random,OnArrival,3,101,13120,Node_772,-5,0,23,-5,23,,,,,,,,,
9,VISIT,982,Random,OnArrival,3,71,13120,Node_769,-5,0,25,-5,25,,,,,,,,,
9,VISIT,983,Random,OnArrival,3,72,13120,Node_769,-5,0,25,-5,25,,,,,,,,,
9,VISIT,984,Random,OnArrival,3,76,13120,Node_769,-5,0,25,-5,25,,,,,,,,,
9,VISIT,985,Random,OnArrival,3,48,13120,Node_765,-6,0,24,-6,24,,,,,,,,,
9,VISIT,986,Random,OnArrival,3,51,13120,Node_769,-5,0,25,-5,25,,,,,,,,,
9,VISIT,987,Random,OnArrival,3,48,13120,Node_765,-6,0,24,-6,24,,,,,,,,,
9,VISIT,988,Random,OnArrival,3,51,13120,Node_769,-5,0,25,-5,25,,,,,,,,,
9,VISIT,989,Random,OnArrival,3,31,13120,Node_823,-6,0,14,-6,14,,,,,,,,,
9,VISIT,990,Random,OnArrival,3,27,13120,Node_740,-10,0,8,-10,8,,,,,,,,,
9,VISIT,991,Random,OnArrival,3,31,13120,Node_746,-10,0,14,-10,14,,,,,,,,,
9,VISIT,992,Random,OnArrival,3,31,13120,Node_823,-6,0,14,-6,14,,,,,,,,,
9,VISIT,993,Random,OnArrival,3,14,13120,Node_115,11,0,18,11,18,,,,,,,,,
9,VISIT,994,Random,OnArrival,3,14,13120,Node_40,13,0,16,13,16,,,,,,,,,
9,VISIT,995,Random,OnArrival,3,14,13120,Node_115,11,0,18,11,18,,,,,,,,,
9,VISIT,996,Random,OnArrival,3,13,13120,Node_40,13,0,16,13,16,,,,,,,,,
9,VISIT,975,Random,OnArrival,3,117,13124,Node_769,-5,0,25,-5,25,,,,,,,,,
9,VISIT,977,Random,OnArrival,3,102,13124,Node_770,-5,0,24,-5,24,,,,,,,,,
9,VISIT,985,Random,OnArrival,3,49,13124,Node_767,-6,0,25,-6,25,,,,,,,,,
9,VISIT,987,Random,OnArrival,3,49,13124,Node_767,-6,0,25,-6,25,,,,,,,,,
9,VISIT,989,Random,OnArrival,3,32,13124,Node_832,-7,0,14,-7,14,,,,,,,,,
9,VISIT,992,Random,OnArrival,3,32,13124,Node_832,-7,0,14,-7,14,,,,,,,,,
9,VISIT,994,Random,OnArrival,3,15,13124,Node_41,13,0,17,13,17,,,,,,,,,
9,VISIT,996,Random,OnArrival,3,14,13124,Node_41,13,0,17,13,17,,,,,,,,,
9,VISIT,977,Random,OnArrival,3,103,13128,Node_769,-5,0,25,-5,25,,,,,,,,,
9,VISIT,985,Random,OnArrival,3,50,13128,Node_769,-5,0,25,-5,25,,,,,,,,,
9,VISIT,987,Random,OnArrival,3,50,13128,Node_769,-5,0,25,-5,25,,,,,,,,,
9,VISIT,989,Random,OnArrival,3,33,13128,Node_899,-8,0,14,-8,14,,,,,,,,,
9,VISIT,990,Random,OnArrival,3,28,13128,Node_743,-10,0,10,-10,10,,,,,,,,,
9,VISIT,992,Random,OnArrival,3,33,13128,Node_899,-8,0,14,-8,14,,,,,,,,,
9,VISIT,993,Random,OnArrival,3,15,13128,Node_239,9,0,18,9,18,,,,,,,,,
9,VISIT,994,Random,OnArrival,3,16,13128,Node_42,13,0,18,13,18,,,,,,,,,
9,VISIT,995,Random,OnArrival,3,15,13128,Node_239,9,0,18,9,18,,,,,,,,,
9,VISIT,996,Random,OnArrival,3,15,13128,Node_42,13,0,18,13,18,,,,,,,,,
9,VISIT,989,Random,OnArrival,3,34,13132,Node_842,-9,0,14,-9,14,,,,,,,,,
9,VISIT,990,Random,OnArrival,3,29,13132,Node_745,-10,0,11,-10,11,,,,,,,,,
9,VISIT,991,Random,OnArrival,3,32,13132,Node_745,-10,0,11,-10,11,,,,,,,,,
9,VISIT,992,Random,OnArrival,3,34,13132,Node_842,-9,0,14,-9,14,,,,,,,,,
9,VISIT,993,Random,OnArrival,3,16,13132,Node_241,8,0,18,8,18,,,,,,,,,
9,VISIT,994,Random,OnArrival,3,17,13132,Node_43,12,0,18,12,18,,,,,,,,,
9,VISIT,995,Random,OnArrival,3,16,13132,Node_241,8,0,18,8,18,,,,,,,,,
9,VISIT,996,Random,OnArrival,3,16,13132,Node_43,12,0,18,12,18,,,,,,,,,
9,VISIT,989,Random,OnArrival,3,35,13136,Node_746,-10,0,14,-10,14,,,,,,,,,
9,VISIT,991,Random,OnArrival,3,33,13136,Node_743,-10,0,10,-10,10,,,,,,,,,
9,VISIT,992,Random,OnArrival,3,35,13136,Node_746,-10,0,14,-10,14,,,,,,,,,
9,VISIT,993,Random,OnArrival,3,17,13136,Node_332,7,0,18,7,18,,,,,,,,,
9,VISIT,994,Random,OnArrival,3,18,13136,Node_115,11,0,18,11,18,,,,,,,,,
9,VISIT,995,Random,OnArrival,3,17,13136,Node_332,7,0,18,7,18,,,,,,,,,
9,VISIT,996,Random,OnArrival,3,17,13136,Node_115,11,0,18,11,18,,,,,,,,,
9,VISIT,997,Random,OnArrival,3,0,13136,Node_6,19,0,12,19,12,,,,,,,,,
9,VISIT,998,Random,OnArrival,3,0,13136,Node_7,19,0,8,19,8,,,,,,,,,
9,VISIT,999,Random,OnArrival,3,0,13136,Node_8,17,0,10,17,10,,,,,,,,,
9,VISIT,1000,Random,OnArrival,3,0,13136,Node_9,21,0,10,21,10,,,,,,,,,
9,VISIT,982,Random,OnArrival,3,72,13140,Node_885,0,0,25,0,25,,,,,,,,,
9,VISIT,983,Random,OnArrival,3,73,13140,Node_885,0,0,25,0,25,,,,,,,,,
9,VISIT,984,Random,OnArrival,3,77,13140,Node_885,0,0,25,0,25,,,,,,,,,
9,VISIT,986,Random,OnArrival,3,52,13140,Node_885,0,0,25,0,25,,,,,,,,,
9,VISIT,988,Random,OnArrival,3,52,13140,Node_885,0,0,25,0,25,,,,,,,,,
9,VISIT,993,Random,OnArrival,3,18,13140,Node_334,7,0,19,7,19,,,,,,,,,
9,VISIT,995,Random,OnArrival,3,18,13140,Node_334,7,0,19,7,19,,,,,,,,,
9,VISIT,997,Random,OnArrival,3,1,13140,Node_2,19,0,11,19,11,,,,,,,,,
9,VISIT,998,Random,OnArrival,3,1,13140,Node_47,20,0,8,20,8,,,,,,,,,
9,VISIT,999,Random,OnArrival,3,1,13140,Node_4,18,0,10,18,10,,,,,,,,,
9,VISIT,1000,Random,OnArrival,3,1,13140,Node_48,21,0,9,21,9,,,,,,,,,
9,VISIT,975,Random,OnArrival,3,118,13144,Node_885,0,0,25,0,25,,,,,,,,,
9,VISIT,982,Random,OnArrival,3,73,13144,Node_882,0,0,24,0,24,,,,,,,,,
9,VISIT,983,Random,OnArrival,3,74,13144,Node_882,0,0,24,0,24,,,,,,,,,
9,VISIT,984,Random,OnArrival,3,78,13144,Node_882,0,0,24,0,24,,,,,,,,,
9,VISIT,986,Random,OnArrival,3,53,13144,Node_882,0,0,24,0,24,,,,,,,,,
9,VISIT,988,Random,OnArrival,3,53,13144,Node_882,0,0,24,0,24,,,,,,,,,
9,VISIT,990,Random,OnArrival,3,30,13144,Node_746,-10,0,14,-10,14,,,,,,,,,
9,VISIT,991,Random,OnArrival,3,34,13144,Node_740,-10,0,8,-10,8,,,,,,,,,
9,VISIT,993,Random,OnArrival,3,19,13144,Node_336,7,0,20,7,20,,,,,,,,,
9,VISIT,994,Random,OnArrival,3,19,13144,Node_239,9,0,18,9,18,,,,,,,,,
9,VISIT,995,Random,OnArrival,3,19,13144,Node_336,7,0,20,7,20,,,,,,,,,
9,VISIT,996,Random,OnArrival,3,18,13144,Node_239,9,0,18,9,18,,,,,,,,,
9,VISIT,997,Random,OnArrival,3,2,13144,Node_20,19,0,10,19,10,,,,,,,,,
9,VISIT,998,Random,OnArrival,3,2,13144,Node_51,21,0,8,21,8,,,,,,,,,
9,VISIT,999,Random,OnArrival,3,2,13144,Node_15,18,0,9,18,9,,,,,,,,,
9,VISIT,1000,Random,OnArrival,3,2,13144,Node_51,21,0,8,21,8,,,,,,,,,
9,VISIT,975,Random,OnArrival,3,119,13148,Node_882,0,0,24,0,24,,,,,,,,,
9,VISIT,977,Random,OnArrival,3,104,13148,Node_885,0,0,25,0,25,,,,,,,,,
9,VISIT,982,Random,OnArrival,3,74,13148,Node_880,1,0,24,1,24,,,,,,,,,
9,VISIT,983,Random,OnArrival,3,75,13148,Node_880,1,0,24,1,24,,,,,,,,,
9,VISIT,984,Random,OnArrival,3,79,13148,Node_880,1,0,24,1,24,,,,,,,,,
9,VISIT,985,Random,OnArrival,3,51,13148,Node_885,0,0,25,0,25,,,,,,,,,
9,VISIT,986,Random,OnArrival,3,54,13148,Node_880,1,0,24,1,24,,,,,,,,,
9,VISIT,987,Random,OnArrival,3,51,13148,Node_885,0,0,25,0,25,,,,,,,,,
9,VISIT,988,Random,OnArrival,3,54,13148,Node_880,1,0,24,1,24,,,,,,,,,
9,VISIT,989,Random,OnArrival,3,36,13148,Node_745,-10,0,11,-10,11,,,,,,,,,
9,VISIT,990,Random,OnArrival,3,31,13148,Node_842,-9,0,14,-9,14,,,,,,,,,
9,VISIT,992,Random,OnArrival,3,36,13148,Node_745,-10,0,11,-10,11,,,,,,,,,
9,VISIT,993,Random,OnArrival,3,20,13148,Node_339,6,0,20,6,20,,,,,,,,,
9,VISIT,994,Random,OnArrival,3,20,13148,Node_241,8,0,18,8,18,,,,,,,,,
9,VISIT,995,Random,OnArrival,3,20,13148,Node_339,6,0,20,6,20,,,,,,,,,
9,VISIT,996,Random,OnArrival,3,19,13148,Node_241,8,0,18,8,18,,,,,,,,,
9,VISIT,997,Random,OnArrival,3,3,13148,Node_3,19,0,9,19,9,,,,,,,,,
9,VISIT,998,Random,OnArrival,3,3,13148,Node_53,21,0,7,21,7,,,,,,,,,
9,VISIT,999,Random,OnArrival,3,3,13148,Node_11,18,0,8,18,8,,,,,,,,,
9,VISIT,1000,Random,OnArrival,3,3,13148,Node_53,21,0,7,21,7,,,,,,,,,
9,VISIT,975,Random,OnArrival,3,120,13152,Node_880,1,0,24,1,24,,,,,,,,,
9,VISIT,977,Random,OnArrival,3,105,13152,Node_882,0,0,24,0,24,,,,,,,,,
9,VISIT,982,Random,OnArrival,3,75,13152,Node_874,2,0,24,2,24,,,,,,,,,
9,VISIT,983,Random,OnArrival,3,76,13152,Node_874,2,0,24,2,24,,,,,,,,,
9,VISIT,984,Random,OnArrival,3,80,13152,Node_874,2,0,24,2,24,,,,,,,,,
9,VISIT,985,Random,OnArrival,3,52,13152,Node_882,0,0,24,0,24,,,,,,,,,
9,VISIT,986,Random,OnArrival,3,55,13152,Node_874,2,0,24,2,24,,,,,,,,,
9,VISIT,987,Random,OnArrival,3,52,13152,Node_882,0,0,24,0,24,,,,,,,,,
9,VISIT,988,Random,OnArrival,3,55,13152,Node_874,2,0,24,2,24,,,,,,,,,
9,VISIT,989,Random,OnArrival,3,37,13152,Node_743,-10,0,10,-10,10,,,,,,,,,
9,VISIT,990,Random,OnArrival,3,32,13152,Node_899,-8,0,14,-8,14,,,,,,,,,
9,VISIT,992,Random,OnArrival,3,37,13152,Node_743,-10,0,10,-10,10,,,,,,,,,
9,VISIT,993,Random,OnArrival,3,21,13152,Node_395,5,0,20,5,20,,,,,,,,,
9,VISIT,994,Random,OnArrival,3,21,13152,Node_332,7,0,18,7,18,,,,,,,,,
9,VISIT,995,Random,OnArrival,3,21,13152,Node_395,5,0,20,5,20,,,,,,,,,
9,VISIT,996,Random,OnArrival,3,20,13152,Node_332,7,0,18,7,18,,,,,,,,,
9,VISIT,997,Random,OnArrival,3,4,13152,Node_7,19,0,8,19,8,,,,,,,,,
9,VISIT,998,Random,OnArrival,3,4,13152,Node_56,21,0,6,21,6,,,,,,,,,
9,VISIT,999,Random,OnArrival,3,4,13152,Node_7,19,0,8,19,8,,,,,,,,,
9,VISIT,1000,Random,OnArrival,3,4,13152,Node_56,21,0,6,21,6,,,,,,,,,
9,VISIT,975,Random,OnArrival,3,121,13156,Node_874,2,0,24,2,24,,,,,,,,,
9,VISIT,977,Random,OnArrival,3,106,13156,Node_880,1,0,24,1,24,,,,,,,,,
9,VISIT,985,Random,OnArrival,3,53,13156,Node_880,1,0,24,1,24,,,,,,,,,
9,VISIT,987,Random,OnArrival,3,53,13156,Node_880,1,0,24,1,24,,,,,,,,,
9,VISIT,990,Random,OnArrival,3,33,13156,Node_842,-9,0,14,-9,14,,,,,,,,,
9,VISIT,991,Random,OnArrival,3,35,13156,Node_736,-7,0,8,-7,8,,,,,,,,,
9,VISIT,994,Random,OnArrival,3,22,13156,Node_334,7,0,19,7,19,,,,,,,,,
9,VISIT,996,Random,OnArrival,3,21,13156,Node_334,7,0,19,7,19,,,,,,,,,
9,VISIT,997,Random,OnArrival,3,5,13156,Node_47,20,0,8,20,8,,,,,,,,,
9,VISIT,998,Random,OnArrival,3,5,13156,Node_57,21,0,5,21,5,,,,,,,,,
9,VISIT,999,Random,OnArrival,3,5,13156,Node_47,20,0,8,20,8,,,,,,,,,
9,VISIT,1000,Random,OnArrival,3,5,13156,Node_57,21,0,5,21,5,,,,,,,,,
9,VISIT,977,Random,OnArrival,3,107,13160,Node_874,2,0,24,2,24,,,,,,,,,
9,VISIT,982,Random,OnArrival,3,76,13160,Node_868,2,0,22,2,22,,,,,,,,,
9,VISIT,983,Random,OnArrival,3,77,13160,Node_868,2,0,22,2,22,,,,,,,,,
9,VISIT,984,Random,OnArrival,3,81,13160,Node_868,2,0,22,2,22,,,,,,,,,
9,VISIT,985,Random,OnArrival,3,54,13160,Node_874,2,0,24,2,24,,,,,,,,,
9,VISIT,986,Random,OnArrival,3,56,13160,Node_868,2,0,22,2,22,,,,,,,,,
9,VISIT,987,Random,OnArrival,3,54,13160,Node_874,2,0,24,2,24,,,,,,,,,
9,VISIT,988,Random,OnArrival,3,56,13160,Node_868,2,0,22,2,22,,,,,,,,,
9,VISIT,989,Random,OnArrival,3,38,13160,Node_740,-10,0,8,-10,8,,,,,,,,,
9,VISIT,990,Random,OnArrival,3,34,13160,Node_746,-10,0,14,-10,14,,,,,,,,,
9,VISIT,991,Random,OnArrival,3,36,13160,Node_734,-7,0,7,-7,7,,,,,,,,,
9,VISIT,992,Random,OnArrival,3,38,13160,Node_740,-10,0,8,-10,8,,,,,,,,,
9,VISIT,993,Random,OnArrival,3,22,13160,Node_862,3,0,20,3,20,,,,,,,,,
9,VISIT,994,Random,OnArrival,3,23,13160,Node_336,7,0,20,7,20,,,,,,,,,
9,VISIT,995,Random,OnArrival,3,22,13160,Node_862,3,0,20,3,20,,,,,,,,,
9,VISIT,996,Random,OnArrival,3,22,13160,Node_336,7,0,20,7,20,,,,,,,,,
9,VISIT,997,Random,OnArrival,3,6,13160,Node_51,21,0,8,21,8,,,,,,,,,
9,VISIT,998,Random,OnArrival,3,6,13160,Node_75,22,0,5,22,5,,,,,,,,,
9,VISIT,999,Random,OnArrival,3,6,13160,Node_51,21,0,8,21,8,,,,,,,,,
9,VISIT,1000,Random,OnArrival,3,6,13160,Node_75,22,0,5,22,5,,,,,,,,,
9,VISIT,975,Random,OnArrival,3,122,13164,Node_868,2,0,22,2,22,,,,,,,,,
9,VISIT,982,Random,OnArrival,3,77,13164,Node_866,3,0,22,3,22,,,,,,,,,
9,VISIT,983,Random,OnArrival,3,78,13164,Node_866,3,0,22,3,22,,,,,,,,,
9,VISIT,984,Random,OnArrival,3,82,13164,Node_866,3,0,22,3,22,,,,,,,,,
9,VISIT,986,Random,OnArrival,3,57,13164,Node_866,3,0,22,3,22,,,,,,,,,
9,VISIT,988,Random,OnArrival,3,57,13164,Node_866,3,0,22,3,22,,,,,,,,,
9,VISIT,991,Random,OnArrival,3,37,13164,Node_733,-7,0,6,-7,6,,,,,,,,,
9,VISIT,993,Random,OnArrival,3,23,13164,Node_869,2,0,20,2,20,,,,,,,,,
9,VISIT,994,Random,OnArrival,3,24,13164,Node_339,6,0,20,6,20,,,,,,,,,
9,VISIT,995,Random,OnArrival,3,23,13164,Node_869,2,0,20,2,20,,,,,,,,,
9,VISIT,996,Random,OnArrival,3,23,13164,Node_339,6,0,20,6,20,,,,,,,,,
9,VISIT,997,Random,OnArrival,3,7,13164,Node_53,21,0,7,21,7,,,,,,,,,
9,VISIT,998,Random,OnArrival,3,7,13164,Node_168,23,0,5,23,5,,,,,,,,,
9,VISIT,999,Random,OnArrival,3,7,13164,Node_53,21,0,7,21,7,,,,,,,,,
9,VISIT,1000,Random,OnArrival,3,7,13164,Node_168,23,0,5,23,5,,,,,,,,,
9,VISIT,975,Random,OnArrival,3,123,13168,Node_866,3,0,22,3,22,,,,,,,,,
9,VISIT,977,Random,OnArrival,3,108,13168,Node_868,2,0,22,2,22,,,,,,,,,
9,VISIT,982,Random,OnArrival,3,78,13168,Node_864,3,0,21,3,21,,,,,,,,,
9,VISIT,983,Random,OnArrival,3,79,13168,Node_864,3,0,21,3,21,,,,,,,,,
9,VISIT,984,Random,OnArrival,3,83,13168,Node_864,3,0,21,3,21,,,,,,,,,
9,VISIT,985,Random,OnArrival,3,55,13168,Node_868,2,0,22,2,22,,,,,,,,,
9,VISIT,986,Random,OnArrival,3,58,13168,Node_864,3,0,21,3,21,,,,,,,,,
9,VISIT,987,Random,OnArrival,3,55,13168,Node_868,2,0,22,2,22,,,,,,,,,
9,VISIT,988,Random,OnArrival,3,58,13168,Node_864,3,0,21,3,21,,,,,,,,,
9,VISIT,991,Random,OnArrival,3,38,13168,Node_732,-7,0,5,-7,5,,,,,,,,,
9,VISIT,993,Random,OnArrival,3,24,13168,Node_886,1,0,20,1,20,,,,,,,,,
9,VISIT,994,Random,OnArrival,3,25,13168,Node_395,5,0,20,5,20,,,,,,,,,
9,VISIT,995,Random,OnArrival,3,24,13168,Node_886,1,0,20,1,20,,,,,,,,,
9,VISIT,996,Random,OnArrival,3,24,13168,Node_395,5,0,20,5,20,,,,,,,,,
9,VISIT,997,Random,OnArrival,3,8,13168,Node_56,21,0,6,21,6,,,,,,,,,
9,VISIT,998,Random,OnArrival,3,8,13168,Node_171,23,0,4,23,4,,,,,,,,,
9,VISIT,999,Random,OnArrival,3,8,13168,Node_56,21,0,6,21,6,,,,,,,,,
9,VISIT,1000,Random,OnArrival,3,8,13168,Node_171,23,0,4,23,4,,,,,,,,,
9,VISIT,975,Random,OnArrival,3,124,13172,Node_864,3,0,21,3,21,,,,,,,,,
9,VISIT,977,Random,OnArrival,3,109,13172,Node_866,3,0,22,3,22,,,,,,,,,
9,VISIT,982,Random,OnArrival,3,79,13172,Node_862,3,0,20,3,20,,,,,,,,,
9,VISIT,983,Random,OnArrival,3,80,13172,Node_862,3,0,20,3,20,,,,,,,,,
9,VISIT,984,Random,OnArrival,3,84,13172,Node_862,3,0,20,3,20,,,,,,,,,
9,VISIT,985,Random,OnArrival,3,56,13172,Node_866,3,0,22,3,22,,,,,,,,,
9,VISIT,986,Random,OnArrival,3,59,13172,Node_862,3,0,20,3,20,,,,,,,,,
9,VISIT,987,Random,OnArrival,3,56,13172,Node_866,3,0,22,3,22,,,,,,,,,
9,VISIT,988,Random,OnArrival,3,59,13172,Node_862,3,0,20,3,20,,,,,,,,,
9,VISIT,989,Random,OnArrival,3,39,13172,Node_736,-7,0,8,-7,8,,,,,,,,,
9,VISIT,990,Random,OnArrival,3,35,13172,Node_745,-10,0,11,-10,11,,,,,,,,,
9,VISIT,991,Random,OnArrival,3,39,13172,Node_731,-7,0,4,-7,4,,,,,,,,,
9,VISIT,992,Random,OnArrival,3,39,13172,Node_736,-7,0,8,-7,8,,,,,,,,,
9,VISIT,997,Random,OnArrival,3,9,13172,Node_57,21,0,5,21,5,,,,,,,,,
9,VISIT,998,Random,OnArrival,3,9,13172,Node_174,23,0,3,23,3,,,,,,,,,
9,VISIT,999,Random,OnArrival,3,9,13172,Node_57,21,0,5,21,5,,,,,,,,,
9,VISIT,1000,Random,OnArrival,3,9,13172,Node_174,23,0,3,23,3,,,,,,,,,
9,VISIT,975,Random,OnArrival,3,125,13176,Node_862,3,0,20,3,20,,,,,,,,,
9,VISIT,977,Random,OnArrival,3,110,13176,Node_864,3,0,21,3,21,,,,,,,,,
9,VISIT,985,Random,OnArrival,3,57,13176,Node_864,3,0,21,3,21,,,,,,,,,
9,VISIT,987,Random,OnArrival,3,57,13176,Node_864,3,0,21,3,21,,,,,,,,,
9,VISIT,989,Random,OnArrival,3,40,13176,Node_734,-7,0,7,-7,7,,,,,,,,,
9,VISIT,990,Random,OnArrival,3,36,13176,Node_743,-10,0,10,-10,10,,,,,,,,,
9,VISIT,992,Random,OnArrival,3,40,13176,Node_734,-7,0,7,-7,7,,,,,,,,,
9,VISIT,993,Random,OnArrival,3,25,13176,Node_889,-1,0,20,-1,20,,,,,,,,,
9,VISIT,994,Random,OnArrival,3,26,13176,Node_862,3,0,20,3,20,,,,,,,,,
9,VISIT,995,Random,OnArrival,3,25,13176,Node_889,-1,0,20,-1,20,,,,,,,,,
9,VISIT,996,Random,OnArrival,3,25,13176,Node_862,3,0,20,3,20,,,,,,,,,
9,VISIT,997,Random,OnArrival,3,10,13176,Node_75,22,0,5,22,5,,,,,,,,,
9,VISIT,998,Random,OnArrival,3,10,13176,Node_178,23,0,2,23,2,,,,,,,,,
9,VISIT,999,Random,OnArrival,3,10,13176,Node_75,22,0,5,22,5,,,,,,,,,
9,VISIT,1000,Random,OnArrival,3,10,13176,Node_178,23,0,2,23,2,,,,,,,,,
9,VISIT,977,Random,OnArrival,3,111,13180,Node_862,3,0,20,3,20,,,,,,,,,
9,VISIT,982,Random,OnArrival,3,80,13180,Node_395,5,0,20,5,20,,,,,,,,,
9,VISIT,983,Random,OnArrival,3,81,13180,Node_395,5,0,20,5,20,,,,,,,,,
9,VISIT,984,Random,OnArrival,3,85,13180,Node_395,5,0,20,5,20,,,,,,,,,
9,VISIT,985,Random,OnArrival,3,58,13180,Node_862,3,0,20,3,20,,,,,,,,,
9,VISIT,986,Random,OnArrival,3,60,13180,Node_395,5,0,20,5,20,,,,,,,,,
9,VISIT,987,Random,OnArrival,3,58,13180,Node_862,3,0,20,3,20,,,,,,,,,
9,VISIT,988,Random,OnArrival,3,60,13180,Node_395,5,0,20,5,20,,,,,,,,,
9,VISIT,989,Random,OnArrival,3,41,13180,Node_733,-7,0,6,-7,6,,,,,,,,,
9,VISIT,992,Random,OnArrival,3,41,13180,Node_733,-7,0,6,-7,6,,,,,,,,,
9,VISIT,994,Random,OnArrival,3,27,13180,Node_869,2,0,20,2,20,,,,,,,,,
9,VISIT,996,Random,OnArrival,3,26,13180,Node_869,2,0,20,2,20,,,,,,,,,
9,VISIT,997,Random,OnArrival,3,11,13180,Node_168,23,0,5,23,5,,,,,,,,,
9,VISIT,998,Random,OnArrival,3,11,13180,Node_564,24,0,2,24,2,,,,,,,,,
9,VISIT,999,Random,OnArrival,3,11,13180,Node_168,23,0,5,23,5,,,,,,,,,
9,VISIT,1000,Random,OnArrival,3,11,13180,Node_564,24,0,2,24,2,,,,,,,,,
9,VISIT,975,Random,OnArrival,3,126,13184,Node_395,5,0,20,5,20,,,,,,,,,
9,VISIT,982,Random,OnArrival,3,81,13184,Node_389,5,0,19,5,19,,,,,,,,,
9,VISIT,983,Random,OnArrival,3,82,13184,Node_389,5,0,19,5,19,,,,,,,,,
9,VISIT,984,Random,OnArrival,3,86,13184,Node_389,5,0,19,5,19,,,,,,,,,
9,VISIT,986,Random,OnArrival,3,61,13184,Node_389,5,0,19,5,19,,,,,,,,,
9,VISIT,988,Random,OnArrival,3,61,13184,Node_389,5,0,19,5,19,,,,,,,,,
9,VISIT,989,Random,OnArrival,3,42,13184,Node_732,-7,0,5,-7,5,,,,,,,,,
9,VISIT,990,Random,OnArrival,3,37,13184,Node_740,-10,0,8,-10,8,,,,,,,,,
9,VISIT,992,Random,OnArrival,3,42,13184,Node_732,-7,0,5,-7,5,,,,,,,,,
9,VISIT,993,Random,OnArrival,3,26,13184,Node_890,-1,0,22,-1,22,,,,,,,,,
9,VISIT,994,Random,OnArrival,3,28,13184,Node_886,1,0,20,1,20,,,,,,,,,
9,VISIT,995,Random,OnArrival,3,26,13184,Node_890,-1,0,22,-1,22,,,,,,,,,
9,VISIT,996,Random,OnArrival,3,27,13184,Node_886,1,0,20,1,20,,,,,,,,,
9,VISIT,997,Random,OnArrival,3,12,13184,Node_171,23,0,4,23,4,,,,,,,,,
9,VISIT,998,Random,OnArrival,3,12,13184,Node_570,25,0,2,25,2,,,,,,,,,
9,VISIT,999,Random,OnArrival,3,12,13184,Node_171,23,0,4,23,4,,,,,,,,,
9,VISIT,1000,Random,OnArrival,3,12,13184,Node_570,25,0,2,25,2,,,,,,,,,
9,VISIT,975,Random,OnArrival,3,127,13188,Node_389,5,0,19,5,19,,,,,,,,,
9,VISIT,977,Random,OnArrival,3,112,13188,Node_395,5,0,20,5,20,,,,,,,,,
9,VISIT,982,Random,OnArrival,3,82,13188,Node_396,5,0,18,5,18,,,,,,,,,
9,VISIT,983,Random,OnArrival,3,83,13188,Node_396,5,0,18,5,18,,,,,,,,,
9,VISIT,984,Random,OnArrival,3,87,13188,Node_396,5,0,18,5,18,,,,,,,,,
9,VISIT,985,Random,OnArrival,3,59,13188,Node_395,5,0,20,5,20,,,,,,,,,
9,VISIT,986,Random,OnArrival,3,62,13188,Node_396,5,0,18,5,18,,,,,,,,,
9,VISIT,987,Random,OnArrival,3,59,13188,Node_395,5,0,20,5,20,,,,,,,,,
9,VISIT,988,Random,OnArrival,3,62,13188,Node_396,5,0,18,5,18,,,,,,,,,
9,VISIT,989,Random,OnArrival,3,43,13188,Node_731,-7,0,4,-7,4,,,,,,,,,
9,VISIT,991,Random,OnArrival,3,40,13188,Node_725,-3,0,4,-3,4,,,,,,,,,
9,VISIT,992,Random,OnArrival,3,43,13188,Node_731,-7,0,4,-7,4,,,,,,,,,
9,VISIT,993,Random,OnArrival,3,27,13188,Node_891,-2,0,22,-2,22,,,,,,,,,
9,VISIT,995,Random,OnArrival,3,27,13188,Node_891,-2,0,22,-2,22,,,,,,,,,
9,VISIT,997,Random,OnArrival,3,13,13188,Node_174,23,0,3,23,3,,,,,,,,,
9,VISIT,999,Random,OnArrival,3,13,13188,Node_174,23,0,3,23,3,,,,,,,,,
9,VISIT,1001,Random,OnArrival,3,0,13188,Node_6,19,0,12,19,12,,,,,,,,,
9,VISIT,1002,Random,OnArrival,3,0,13188,Node_7,19,0,8,19,8,,,,,,,,,
9,VISIT,1003,Random,OnArrival,3,0,13188,Node_8,17,0,10,17,10,,,,,,,,,
9,VISIT,1004,Random,OnArrival,3,0,13188,Node_9,21,0,10,21,10,,,,,,,,,
9,VISIT,975,Random,OnArrival,3,128,13196,Node_396,5,0,18,5,18,,,,,,,,,
9,VISIT,977,Random,OnArrival,3,113,13196,Node_389,5,0,19,5,19,,,,,,,,,
9,VISIT,982,Random,OnArrival,3,83,13196,Node_812,5,0,17,5,17,,,,,,,,,
9,VISIT,983,Random,OnArrival,3,84,13196,Node_812,5,0,17,5,17,,,,,,,,,
9,VISIT,984,Random,OnArrival,3,88,13196,Node_812,5,0,17,5,17,,,,,,,,,
9,VISIT,985,Random,OnArrival,3,60,13196,Node_389,5,0,19,5,19,,,,,,,,,
9,VISIT,986,Random,OnArrival,3,63,13196,Node_812,5,0,17,5,17,,,,,,,,,
9,VISIT,987,Random,OnArrival,3,60,13196,Node_389,5,0,19,5,19,,,,,,,,,
9,VISIT,988,Random,OnArrival,3,63,13196,Node_812,5,0,17,5,17,,,,,,,,,
9,VISIT,993,Random,OnArrival,3,28,13196,Node_894,-3,0,22,-3,22,,,,,,,,,
9,VISIT,994,Random,OnArrival,3,29,13196,Node_889,-1,0,20,-1,20,,,,,,,,,
9,VISIT,995,Random,OnArrival,3,28,13196,Node_894,-3,0,22,-3,22,,,,,,,,,
9,VISIT,996,Random,OnArrival,3,28,13196,Node_889,-1,0,20,-1,20,,,,,,,,,
9,VISIT,997,Random,OnArrival,3,14,13196,Node_178,23,0,2,23,2,,,,,,,,,
9,VISIT,998,Random,OnArrival,3,13,13196,Node_566,27,0,2,27,2,,,,,,,,,
9,VISIT,999,Random,OnArrival,3,14,13196,Node_178,23,0,2,23,2,,,,,,,,,
9,VISIT,1000,Random,OnArrival,3,13,13196,Node_566,27,0,2,27,2,,,,,,,,,
9,VISIT,1001,Random,OnArrival,3,1,13196,Node_2,19,0,11,19,11,,,,,,,,,
9,VISIT,1002,Random,OnArrival,3,1,13196,Node_47,20,0,8,20,8,,,,,,,,,
9,VISIT,1003,Random,OnArrival,3,1,13196,Node_4,18,0,10,18,10,,,,,,,,,
9,VISIT,1004,Random,OnArrival,3,1,13196,Node_48,21,0,9,21,9,,,,,,,,,
9,VISIT,975,Random,OnArrival,3,129,13200,Node_812,5,0,17,5,17,,,,,,,,,
9,VISIT,977,Random,OnArrival,3,114,13200,Node_396,5,0,18,5,18,,,,,,,,,
9,VISIT,982,Random,OnArrival,3,84,13200,Node_810,5,0,16,5,16,,,,,,,,,
9,VISIT,983,Random,OnArrival,3,85,13200,Node_810,5,0,16,5,16,,,,,,,,,
9,VISIT,984,Random,OnArrival,3,89,13200,Node_810,5,0,16,5,16,,,,,,,,,
9,VISIT,985,Random,OnArrival,3,61,13200,Node_396,5,0,18,5,18,,,,,,,,,
9,VISIT,986,Random,OnArrival,3,64,13200,Node_810,5,0,16,5,16,,,,,,,,,
9,VISIT,987,Random,OnArrival,3,61,13200,Node_396,5,0,18,5,18,,,,,,,,,
9,VISIT,988,Random,OnArrival,3,64,13200,Node_810,5,0,16,5,16,,,,,,,,,
9,VISIT,990,Random,OnArrival,3,38,13200,Node_736,-7,0,8,-7,8,,,,,,,,,
9,VISIT,991,Random,OnArrival,3,41,13200,Node_724,-3,0,2,-3,2,,,,,,,,,
9,VISIT,993,Random,OnArrival,3,29,13200,Node_891,-2,0,22,-2,22,,,,,,,,,
9,VISIT,995,Random,OnArrival,3,29,13200,Node_891,-2,0,22,-2,22,,,,,,,,,
9,VISIT,997,Random,OnArrival,3,15,13200,Node_564,24,0,2,24,2,,,,,,,,,
9,VISIT,998,Random,OnArrival,3,14,13200,Node_505,28,0,2,28,2,,,,,,,,,
9,VISIT,999,Random,OnArrival,3,15,13200,Node_564,24,0,2,24,2,,,,,,,,,
9,VISIT,1000,Random,OnArrival,3,14,13200,Node_505,28,0,2,28,2,,,,,,,,,
9,VISIT,1001,Random,OnArrival,3,2,13200,Node_20,19,0,10,19,10,,,,,,,,,
9,VISIT,1002,Random,OnArrival,3,2,13200,Node_51,21,0,8,21,8,,,,,,,,,
9,VISIT,1003,Random,OnArrival,3,2,13200,Node_15,18,0,9,18,9,,,,,,,,,
9,VISIT,1004,Random,OnArrival,3,2,13200,Node_51,21,0,8,21,8,,,,,,,,,
9,VISIT,975,Random,OnArrival,3,130,13204,Node_810,5,0,16,5,16,,,,,,,,,
9,VISIT,977,Random,OnArrival,3,115,13204,Node_812,5,0,17,5,17,,,,,,,,,
9,VISIT,982,Random,OnArrival,3,85,13204,Node_807,5,0,15,5,15,,,,,,,,,
9,VISIT,983,Random,OnArrival,3,86,13204,Node_807,5,0,15,5,15,,,,,,,,,
9,VISIT,984,Random,OnArrival,3,90,13204,Node_807,5,0,15,5,15,,,,,,,,,
9,VISIT,985,Random,OnArrival,3,62,13204,Node_812,5,0,17,5,17,,,,,,,,,
9,VISIT,986,Random,OnArrival,3,65,13204,Node_807,5,0,15,5,15,,,,,,,,,
9,VISIT,987,Random,OnArrival,3,62,13204,Node_812,5,0,17,5,17,,,,,,,,,
9,VISIT,988,Random,OnArrival,3,65,13204,Node_807,5,0,15,5,15,,,,,,,,,
9,VISIT,990,Random,OnArrival,3,39,13204,Node_734,-7,0,7,-7,7,,,,,,,,,
9,VISIT,991,Random,OnArrival,3,42,13204,Node_723,-3,0,1,-3,1,,,,,,,,,
9,VISIT,993,Random,OnArrival,3,30,13204,Node_890,-1,0,22,-1,22,,,,,,,,,
9,VISIT,994,Random,OnArrival,3,30,13204,Node_890,-1,0,22,-1,22,,,,,,,,,
9,VISIT,995,Random,OnArrival,3,30,13204,Node_890,-1,0,22,-1,22,,,,,,,,,
9,VISIT,996,Random,OnArrival,3,29,13204,Node_890,-1,0,22,-1,22,,,,,,,,,
9,VISIT,997,Random,OnArrival,3,16,13204,Node_570,25,0,2,25,2,,,,,,,,,
9,VISIT,998,Random,OnArrival,3,15,13204,Node_504,28,0,3,28,3,,,,,,,,,
9,VISIT,999,Random,OnArrival,3,16,13204,Node_570,25,0,2,25,2,,,,,,,,,
9,VISIT,1000,Random,OnArrival,3,15,13204,Node_504,28,0,3,28,3,,,,,,,,,
9,VISIT,1001,Random,OnArrival,3,3,13204,Node_3,19,0,9,19,9,,,,,,,,,
9,VISIT,1002,Random,OnArrival,3,3,13204,Node_53,21,0,7,21,7,,,,,,,,,
9,VISIT,1003,Random,OnArrival,3,3,13204,Node_11,18,0,8,18,8,,,,,,,,,
9,VISIT,1004,Random,OnArrival,3,3,13204,Node_53,21,0,7,21,7,,,,,,,,,
9,VISIT,975,Random,OnArrival,3,131,13208,Node_807,5,0,15,5,15,,,,,,,,,
9,VISIT,977,Random,OnArrival,3,116,13208,Node_810,5,0,16,5,16,,,,,,,,,
9,VISIT,982,Random,OnArrival,3,86,13208,Node_667,5,0,14,5,14,,,,,,,,,
9,VISIT,983,Random,OnArrival,3,87,13208,Node_667,5,0,14,5,14,,,,,,,,,
9,VISIT,984,Random,OnArrival,3,91,13208,Node_667,5,0,14,5,14,,,,,,,,,
9,VISIT,985,Random,OnArrival,3,63,13208,Node_810,5,0,16,5,16,,,,,,,,,
9,VISIT,986,Random,OnArrival,3,66,13208,Node_667,5,0,14,5,14,,,,,,,,,
9,VISIT,987,Random,OnArrival,3,63,13208,Node_810,5,0,16,5,16,,,,,,,,,
9,VISIT,988,Random,OnArrival,3,66,13208,Node_667,5,0,14,5,14,,,,,,,,,
9,VISIT,989,Random,OnArrival,3,44,13208,Node_725,-3,0,4,-3,4,,,,,,,,,
9,VISIT,990,Random,OnArrival,3,40,13208,Node_733,-7,0,6,-7,6,,,,,,,,,
9,VISIT,991,Random,OnArrival,3,43,13208,Node_722,-3,0,0,-3,0,,,,,,,,,
9,VISIT,992,Random,OnArrival,3,44,13208,Node_725,-3,0,4,-3,4,,,,,,,,,
9,VISIT,994,Random,OnArrival,3,31,13208,Node_891,-2,0,22,-2,22,,,,,,,,,
9,VISIT,996,Random,OnArrival,3,30,13208,Node_891,-2,0,22,-2,22,,,,,,,,,
9,VISIT,998,Random,OnArrival,3,16,13208,Node_557,29,0,3,29,3,,,,,,,,,
9,VISIT,1000,Random,OnArrival,3,16,13208,Node_557,29,0,3,29,3,,,,,,,,,
9,VISIT,1001,Random,OnArrival,3,4,13208,Node_7,19,0,8,19,8,,,,,,,,,
9,VISIT,1002,Random,OnArrival,3,4,13208,Node_56,21,0,6,21,6,,,,,,,,,
9,VISIT,1003,Random,OnArrival,3,4,13208,Node_7,19,0,8,19,8,,,,,,,,,
9,VISIT,1004,Random,OnArrival,3,4,13208,Node_56,21,0,6,21,6,,,,,,,,,
9,VISIT,975,Random,OnArrival,3,132,13212,Node_667,5,0,14,5,14,,,,,,,,,
9,VISIT,977,Random,OnArrival,3,117,13212,Node_807,5,0,15,5,15,,,,,,,,,
9,VISIT,982,Random,OnArrival,3,87,13212,Node_666,5,0,13,5,13,,,,,,,,,
9,VISIT,983,Random,OnArrival,3,88,13212,Node_666,5,0,13,5,13,,,,,,,,,
9,VISIT,984,Random,OnArrival,3,92,13212,Node_666,5,0,13,5,13,,,,,,,,,
9,VISIT,985,Random,OnArrival,3,64,13212,Node_807,5,0,15,5,15,,,,,,,,,
9,VISIT,986,Random,OnArrival,3,67,13212,Node_666,5,0,13,5,13,,,,,,,,,
9,VISIT,987,Random,OnArrival,3,64,13212,Node_807,5,0,15,5,15,,,,,,,,,
9,VISIT,988,Random,OnArrival,3,67,13212,Node_666,5,0,13,5,13,,,,,,,,,
9,VISIT,990,Random,OnArrival,3,41,13212,Node_732,-7,0,5,-7,5,,,,,,,,,
9,VISIT,993,Random,OnArrival,3,31,13212,Node_889,-1,0,20,-1,20,,,,,,,,,
9,VISIT,994,Random,OnArrival,3,32,13212,Node_894,-3,0,22,-3,22,,,,,,,,,
9,VISIT,995,Random,OnArrival,3,31,13212,Node_889,-1,0,20,-1,20,,,,,,,,,
9,VISIT,996,Random,OnArrival,3,31,13212,Node_894,-3,0,22,-3,22,,,,,,,,,
9,VISIT,997,Random,OnArrival,3,17,13212,Node_566,27,0,2,27,2,,,,,,,,,
9,VISIT,999,Random,OnArrival,3,17,13212,Node_566,27,0,2,27,2,,,,,,,,,
9,VISIT,1001,Random,OnArrival,3,5,13212,Node_47,20,0,8,20,8,,,,,,,,,
9,VISIT,1002,Random,OnArrival,3,5,13212,Node_57,21,0,5,21,5,,,,,,,,,
9,VISIT,1003,Random,OnArrival,3,5,13212,Node_47,20,0,8,20,8,,,,,,,,,
9,VISIT,1004,Random,OnArrival,3,5,13212,Node_57,21,0,5,21,5,,,,,,,,,
9,VISIT,975,Random,OnArrival,3,133,13216,Node_666,5,0,13,5,13,,,,,,,,,
9,VISIT,977,Random,OnArrival,3,118,13216,Node_667,5,0,14,5,14,,,,,,,,,
9,VISIT,982,Random,OnArrival,3,88,13216,Node_665,5,0,12,5,12,,,,,,,,,
9,VISIT,983,Random,OnArrival,3,89,13216,Node_665,5,0,12,5,12,,,,,,,,,
9,VISIT,984,Random,OnArrival,3,93,13216,Node_665,5,0,12,5,12,,,,,,,,,
9,VISIT,985,Random,OnArrival,3,65,13216,Node_667,5,0,14,5,14,,,,,,,,,
9,VISIT,986,Random,OnArrival,3,68,13216,Node_665,5,0,12,5,12,,,,,,,,,
9,VISIT,987,Random,OnArrival,3,65,13216,Node_667,5,0,14,5,14,,,,,,,,,
9,VISIT,988,Random,OnArrival,3,68,13216,Node_665,5,0,12,5,12,,,,,,,,,
9,VISIT,989,Random,OnArrival,3,45,13216,Node_724,-3,0,2,-3,2,,,,,,,,,
9,VISIT,990,Random,OnArrival,3,42,13216,Node_731,-7,0,4,-7,4,,,,,,,,,
9,VISIT,992,Random,OnArrival,3,45,13216,Node_724,-3,0,2,-3,2,,,,,,,,,
9,VISIT,994,Random,OnArrival,3,33,13216,Node_891,-2,0,22,-2,22,,,,,,,,,
9,VISIT,996,Random,OnArrival,3,32,13216,Node_891,-2,0,22,-2,22,,,,,,,,,
9,VISIT,997,Random,OnArrival,3,18,13216,Node_505,28,0,2,28,2,,,,,,,,,
9,VISIT,999,Random,OnArrival,3,18,13216,Node_505,28,0,2,28,2,,,,,,,,,
9,VISIT,1001,Random,OnArrival,3,6,13216,Node_51,21,0,8,21,8,,,,,,,,,
9,VISIT,1002,Random,OnArrival,3,6,13216,Node_75,22,0,5,22,5,,,,,,,,,
9,VISIT,1003,Random,OnArrival,3,6,13216,Node_51,21,0,8,21,8,,,,,,,,,
9,VISIT,1004,Random,OnArrival,3,6,13216,Node_75,22,0,5,22,5,,,,,,,,,
9,VISIT,975,Random,OnArrival,3,134,13220,Node_665,5,0,12,5,12,,,,,,,,,
9,VISIT,977,Random,OnArrival,3,119,13220,Node_666,5,0,13,5,13,,,,,,,,,
9,VISIT,985,Random,OnArrival,3,66,13220,Node_666,5,0,13,5,13,,,,,,,,,
9,VISIT,987,Random,OnArrival,3,66,13220,Node_666,5,0,13,5,13,,,,,,,,,
9,VISIT,989,Random,OnArrival,3,46,13220,Node_723,-3,0,1,-3,1,,,,,,,,,
9,VISIT,991,Random,OnArrival,3,44,13220,Node_721,-3,0,-3,-3,-3,,,,,,,,,
9,VISIT,992,Random,OnArrival,3,46,13220,Node_723,-3,0,1,-3,1,,,,,,,,,
9,VISIT,993,Random,OnArrival,3,32,13220,Node_886,1,0,20,1,20,,,,,,,,,
9,VISIT,994,Random,OnArrival,3,34,13220,Node_890,-1,0,22,-1,22,,,,,,,,,
9,VISIT,995,Random,OnArrival,3,32,13220,Node_886,1,0,20,1,20,,,,,,,,,
9,VISIT,996,Random,OnArrival,3,33,13220,Node_890,-1,0,22,-1,22,,,,,,,,,
9,VISIT,997,Random,OnArrival,3,19,13220,Node_504,28,0,3,28,3,,,,,,,,,
9,VISIT,999,Random,OnArrival,3,19,13220,Node_504,28,0,3,28,3,,,,,,,,,
9,VISIT,1001,Random,OnArrival,3,7,13220,Node_53,21,0,7,21,7,,,,,,,,,
9,VISIT,1002,Random,OnArrival,3,7,13220,Node_168,23,0,5,23,5,,,,,,,,,
9,VISIT,1003,Random,OnArrival,3,7,13220,Node_53,21,0,7,21,7,,,,,,,,,
9,VISIT,1004,Random,OnArrival,3,7,13220,Node_168,23,0,5,23,5,,,,,,,,,
9,VISIT,977,Random,OnArrival,3,120,13224,Node_665,5,0,12,5,12,,,,,,,,,
9,VISIT,982,Random,OnArrival,3,89,13224,Node_662,5,0,10,5,10,,,,,,,,,
9,VISIT,983,Random,OnArrival,3,90,13224,Node_662,5,0,10,5,10,,,,,,,,,
9,VISIT,984,Random,OnArrival,3,94,13224,Node_662,5,0,10,5,10,,,,,,,,,
9,VISIT,985,Random,OnArrival,3,67,13224,Node_665,5,0,12,5,12,,,,,,,,,
9,VISIT,986,Random,OnArrival,3,69,13224,Node_662,5,0,10,5,10,,,,,,,,,
9,VISIT,987,Random,OnArrival,3,67,13224,Node_665,5,0,12,5,12,,,,,,,,,
9,VISIT,988,Random,OnArrival,3,69,13224,Node_662,5,0,10,5,10,,,,,,,,,
9,VISIT,989,Random,OnArrival,3,47,13224,Node_722,-3,0,0,-3,0,,,,,,,,,
9,VISIT,991,Random,OnArrival,3,45,13224,Node_720,-2,0,-3,-2,-3,,,,,,,,,
9,VISIT,992,Random,OnArrival,3,47,13224,Node_722,-3,0,0,-3,0,,,,,,,,,
9,VISIT,993,Random,OnArrival,3,33,13224,Node_869,2,0,20,2,20,,,,,,,,,
9,VISIT,995,Random,OnArrival,3,33,13224,Node_869,2,0,20,2,20,,,,,,,,,
9,VISIT,997,Random,OnArrival,3,20,13224,Node_557,29,0,3,29,3,,,,,,,,,
9,VISIT,999,Random,OnArrival,3,20,13224,Node_557,29,0,3,29,3,,,,,,,,,
9,VISIT,1001,Random,OnArrival,3,8,13224,Node_56,21,0,6,21,6,,,,,,,,,
9,VISIT,1002,Random,OnArrival,3,8,13224,Node_171,23,0,4,23,4,,,,,,,,,
9,VISIT,1003,Random,OnArrival,3,8,13224,Node_56,21,0,6,21,6,,,,,,,,,
9,VISIT,1004,Random,OnArrival,3,8,13224,Node_171,23,0,4,23,4,,,,,,,,,
9,VISIT,975,Random,OnArrival,3,135,13228,Node_662,5,0,10,5,10,,,,,,,,,
9,VISIT,982,Random,OnArrival,3,90,13228,Node_659,5,0,9,5,9,,,,,,,,,
9,VISIT,983,Random,OnArrival,3,91,13228,Node_659,5,0,9,5,9,,,,,,,,,
9,VISIT,984,Random,OnArrival,3,95,13228,Node_659,5,0,9,5,9,,,,,,,,,
9,VISIT,986,Random,OnArrival,3,70,13228,Node_659,5,0,9,5,9,,,,,,,,,
9,VISIT,988,Random,OnArrival,3,70,13228,Node_659,5,0,9,5,9,,,,,,,,,
9,VISIT,993,Random,OnArrival,3,34,13228,Node_862,3,0,20,3,20,,,,,,,,,
9,VISIT,994,Random,OnArrival,3,35,13228,Node_889,-1,0,20,-1,20,,,,,,,,,
9,VISIT,995,Random,OnArrival,3,34,13228,Node_862,3,0,20,3,20,,,,,,,,,
9,VISIT,996,Random,OnArrival,3,34,13228,Node_889,-1,0,20,-1,20,,,,,,,,,
9,VISIT,1001,Random,OnArrival,3,9,13228,Node_57,21,0,5,21,5,,,,,,,,,
9,VISIT,1002,Random,OnArrival,3,9,13228,Node_174,23,0,3,23,3,,,,,,,,,
9,VISIT,1003,Random,OnArrival,3,9,13228,Node_57,21,0,5,21,5,,,,,,,,,
9,VISIT,1004,Random,OnArrival,3,9,13228,Node_174,23,0,3,23,3,,,,,,,,,
9,VISIT,975,Random,OnArrival,3,136,13232,Node_659,5,0,9,5,9,,,,,,,,,
9,VISIT,977,Random,OnArrival,3,121,13232,Node_662,5,0,10,5,10,,,,,,,,,
9,VISIT,985,Random,OnArrival,3,68,13232,Node_662,5,0,10,5,10,,,,,,,,,
9,VISIT,987,Random,OnArrival,3,68,13232,Node_662,5,0,10,5,10,,,,,,,,,
9,VISIT,990,Random,OnArrival,3,43,13232,Node_725,-3,0,4,-3,4,,,,,,,,,
9,VISIT,991,Random,OnArrival,3,46,13232,Node_719,-2,0,-5,-2,-5,,,,,,,,,
9,VISIT,998,Random,OnArrival,3,17,13232,Node_506,32,0,6,32,6,,,,,,,,,
9,VISIT,1000,Random,OnArrival,3,17,13232,Node_506,32,0,6,32,6,,,,,,,,,
9,VISIT,1001,Random,OnArrival,3,10,13232,Node_75,22,0,5,22,5,,,,,,,,,
9,VISIT,1002,Random,OnArrival,3,10,13232,Node_178,23,0,2,23,2,,,,,,,,,
9,VISIT,1003,Random,OnArrival,3,10,13232,Node_75,22,0,5,22,5,,,,,,,,,
9,VISIT,1004,Random,OnArrival,3,10,13232,Node_178,23,0,2,23,2,,,,,,,,,
9,VISIT,977,Random,OnArrival,3,122,13236,Node_659,5,0,9,5,9,,,,,,,,,
9,VISIT,985,Random,OnArrival,3,69,13236,Node_659,5,0,9,5,9,,,,,,,,,
9,VISIT,987,Random,OnArrival,3,69,13236,Node_659,5,0,9,5,9,,,,,,,,,
9,VISIT,989,Random,OnArrival,3,48,13236,Node_721,-3,0,-3,-3,-3,,,,,,,,,
9,VISIT,992,Random,OnArrival,3,48,13236,Node_721,-3,0,-3,-3,-3,,,,,,,,,
9,VISIT,993,Random,OnArrival,3,35,13236,Node_395,5,0,20,5,20,,,,,,,,,
9,VISIT,994,Random,OnArrival,3,36,13236,Node_886,1,0,20,1,20,,,,,,,,,
9,VISIT,995,Random,OnArrival,3,35,13236,Node_395,5,0,20,5,20,,,,,,,,,
9,VISIT,996,Random,OnArrival,3,35,13236,Node_886,1,0,20,1,20,,,,,,,,,
9,VISIT,997,Random,OnArrival,3,21,13236,Node_914,32,0,3,32,3,,,,,,,,,
9,VISIT,998,Random,OnArrival,3,18,13236,Node_559,33,0,6,33,6,,,,,,,,,
9,VISIT,999,Random,OnArrival,3,21,13236,Node_914,32,0,3,32,3,,,,,,,,,
9,VISIT,1000,Random,OnArrival,3,18,13236,Node_559,33,0,6,33,6,,,,,,,,,
9,VISIT,1001,Random,OnArrival,3,11,13236,Node_168,23,0,5,23,5,,,,,,,,,
9,VISIT,1002,Random,OnArrival,3,11,13236,Node_564,24,0,2,24,2,,,,,,,,,
9,VISIT,1003,Random,OnArrival,3,11,13236,Node_168,23,0,5,23,5,,,,,,,,,
9,VISIT,1004,Random,OnArrival,3,11,13236,Node_564,24,0,2,24,2,,,,,,,,,
9,VISIT,982,Random,OnArrival,3,91,13240,Node_654,5,0,6,5,6,,,,,,,,,
9,VISIT,983,Random,OnArrival,3,92,13240,Node_654,5,0,6,5,6,,,,,,,,,
9,VISIT,984,Random,OnArrival,3,96,13240,Node_654,5,0,6,5,6,,,,,,,,,
9,VISIT,986,Random,OnArrival,3,71,13240,Node_654,5,0,6,5,6,,,,,,,,,
9,VISIT,988,Random,OnArrival,3,71,13240,Node_654,5,0,6,5,6,,,,,,,,,
9,VISIT,989,Random,OnArrival,3,49,13240,Node_720,-2,0,-3,-2,-3,,,,,,,,,
9,VISIT,990,Random,OnArrival,3,44,13240,Node_724,-3,0,2,-3,2,,,,,,,,,
9,VISIT,992,Random,OnArrival,3,49,13240,Node_720,-2,0,-3,-2,-3,,,,,,,,,
9,VISIT,993,Random,OnArrival,3,36,13240,Node_389,5,0,19,5,19,,,,,,,,,
9,VISIT,994,Random,OnArrival,3,37,13240,Node_869,2,0,20,2,20,,,,,,,,,
9,VISIT,995,Random,OnArrival,3,36,13240,Node_389,5,0,19,5,19,,,,,,,,,
9,VISIT,996,Random,OnArrival,3,36,13240,Node_869,2,0,20,2,20,,,,,,,,,
9,VISIT,997,Random,OnArrival,3,22,13240,Node_565,33,0,3,33,3,,,,,,,,,
9,VISIT,998,Random,OnArrival,3,19,13240,Node_511,33,0,7,33,7,,,,,,,,,
9,VISIT,999,Random,OnArrival,3,22,13240,Node_565,33,0,3,33,3,,,,,,,,,
9,VISIT,1000,Random,OnArrival,3,19,13240,Node_561,33,0,5,33,5,,,,,,,,,
9,VISIT,1001,Random,OnArrival,3,12,13240,Node_171,23,0,4,23,4,,,,,,,,,
9,VISIT,1002,Random,OnArrival,3,12,13240,Node_570,25,0,2,25,2,,,,,,,,,
9,VISIT,1003,Random,OnArrival,3,12,13240,Node_171,23,0,4,23,4,,,,,,,,,
9,VISIT,1004,Random,OnArrival,3,12,13240,Node_570,25,0,2,25,2,,,,,,,,,
9,VISIT,975,Random,OnArrival,3,137,13244,Node_654,5,0,6,5,6,,,,,,,,,
9,VISIT,982,Random,OnArrival,3,92,13244,Node_653,5,0,5,5,5,,,,,,,,,
9,VISIT,983,Random,OnArrival,3,93,13244,Node_653,5,0,5,5,5,,,,,,,,,
9,VISIT,984,Random,OnArrival,3,97,13244,Node_653,5,0,5,5,5,,,,,,,,,
9,VISIT,986,Random,OnArrival,3,72,13244,Node_653,5,0,5,5,5,,,,,,,,,
9,VISIT,988,Random,OnArrival,3,72,13244,Node_653,5,0,5,5,5,,,,,,,,,
9,VISIT,990,Random,OnArrival,3,45,13244,Node_723,-3,0,1,-3,1,,,,,,,,,
9,VISIT,991,Random,OnArrival,3,47,13244,Node_718,1,0,-5,1,-5,,,,,,,,,
9,VISIT,993,Random,OnArrival,3,37,13244,Node_396,5,0,18,5,18,,,,,,,,,
9,VISIT,994,Random,OnArrival,3,38,13244,Node_862,3,0,20,3,20,,,,,,,,,
9,VISIT,995,Random,OnArrival,3,37,13244,Node_396,5,0,18,5,18,,,,,,,,,
9,VISIT,996,Random,OnArrival,3,37,13244,Node_862,3,0,20,3,20,,,,,,,,,
9,VISIT,998,Random,OnArrival,3,20,13244,Node_542,34,0,7,34,7,,,,,,,,,
9,VISIT,1000,Random,OnArrival,3,20,13244,Node_916,32,0,5,32,5,,,,,,,,,
9,VISIT,1001,Random,OnArrival,3,13,13244,Node_174,23,0,3,23,3,,,,,,,,,
9,VISIT,1003,Random,OnArrival,3,13,13244,Node_174,23,0,3,23,3,,,,,,,,,
9,VISIT,1005,Random,OnArrival,3,0,13244,Node_6,19,0,12,19,12,,,,,,,,,
9,VISIT,1006,Random,OnArrival,3,0,13244,Node_7,19,0,8,19,8,,,,,,,,,
9,VISIT,1007,Random,OnArrival,3,0,13244,Node_8,17,0,10,17,10,,,,,,,,,
9,VISIT,1008,Random,OnArrival,3,0,13244,Node_9,21,0,10,21,10,,,,,,,,,
9,VISIT,975,Random,OnArrival,3,138,13248,Node_653,5,0,5,5,5,,,,,,,,,
9,VISIT,977,Random,OnArrival,3,123,13248,Node_654,5,0,6,5,6,,,,,,,,,
9,VISIT,985,Random,OnArrival,3,70,13248,Node_654,5,0,6,5,6,,,,,,,,,
9,VISIT,987,Random,OnArrival,3,70,13248,Node_654,5,0,6,5,6,,,,,,,,,
9,VISIT,989,Random,OnArrival,3,50,13248,Node_719,-2,0,-5,-2,-5,,,,,,,,,
9,VISIT,990,Random,OnArrival,3,46,13248,Node_722,-3,0,0,-3,0,,,,,,,,,
9,VISIT,992,Random,OnArrival,3,50,13248,Node_719,-2,0,-5,-2,-5,,,,,,,,,
9,VISIT,993,Random,OnArrival,3,38,13248,Node_812,5,0,17,5,17,,,,,,,,,
9,VISIT,995,Random,OnArrival,3,38,13248,Node_812,5,0,17,5,17,,,,,,,,,
9,VISIT,998,Random,OnArrival,3,21,13248,Node_511,33,0,7,33,7,,,,,,,,,
9,VISIT,1000,Random,OnArrival,3,21,13248,Node_915,32,0,4,32,4,,,,,,,,,
9,VISIT,1001,Random,OnArrival,3,14,13248,Node_178,23,0,2,23,2,,,,,,,,,
9,VISIT,1002,Random,OnArrival,3,13,13248,Node_566,27,0,2,27,2,,,,,,,,,
9,VISIT,1003,Random,OnArrival,3,14,13248,Node_178,23,0,2,23,2,,,,,,,,,
9,VISIT,1004,Random,OnArrival,3,13,13248,Node_566,27,0,2,27,2,,,,,,,,,
9,VISIT,1005,Random,OnArrival,3,1,13248,Node_2,19,0,11,19,11,,,,,,,,,
9,VISIT,1006,Random,OnArrival,3,1,13248,Node_47,20,0,8,20,8,,,,,,,,,
9,VISIT,1007,Random,OnArrival,3,1,13248,Node_4,18,0,10,18,10,,,,,,,,,
9,VISIT,1008,Random,OnArrival,3,1,13248,Node_48,21,0,9,21,9,,,,,,,,,
9,VISIT,977,Random,OnArrival,3,124,13252,Node_653,5,0,5,5,5,,,,,,,,,
9,VISIT,982,Random,OnArrival,3,93,13252,Node_649,5,0,3,5,3,,,,,,,,,
9,VISIT,983,Random,OnArrival,3,94,13252,Node_649,5,0,3,5,3,,,,,,,,,
9,VISIT,984,Random,OnArrival,3,98,13252,Node_649,5,0,3,5,3,,,,,,,,,
9,VISIT,985,Random,OnArrival,3,71,13252,Node_653,5,0,5,5,5,,,,,,,,,
9,VISIT,986,Random,OnArrival,3,73,13252,Node_649,5,0,3,5,3,,,,,,,,,
9,VISIT,987,Random,OnArrival,3,71,13252,Node_653,5,0,5,5,5,,,,,,,,,
9,VISIT,988,Random,OnArrival,3,73,13252,Node_649,5,0,3,5,3,,,,,,,,,
9,VISIT,993,Random,OnArrival,3,39,13252,Node_810,5,0,16,5,16,,,,,,,,,
9,VISIT,994,Random,OnArrival,3,39,13252,Node_395,5,0,20,5,20,,,,,,,,,
9,VISIT,995,Random,OnArrival,3,39,13252,Node_810,5,0,16,5,16,,,,,,,,,
9,VISIT,996,Random,OnArrival,3,38,13252,Node_395,5,0,20,5,20,,,,,,,,,
9,VISIT,997,Random,OnArrival,3,23,13252,Node_562,33,0,4,33,4,,,,,,,,,
9,VISIT,998,Random,OnArrival,3,22,13252,Node_508,32,0,7,32,7,,,,,,,,,
9,VISIT,999,Random,OnArrival,3,23,13252,Node_562,33,0,4,33,4,,,,,,,,,
9,VISIT,1000,Random,OnArrival,3,22,13252,Node_562,33,0,4,33,4,,,,,,,,,
9,VISIT,1001,Random,OnArrival,3,15,13252,Node_564,24,0,2,24,2,,,,,,,,,
9,VISIT,1002,Random,OnArrival,3,14,13252,Node_563,27,0,1,27,1,,,,,,,,,
9,VISIT,1003,Random,OnArrival,3,15,13252,Node_564,24,0,2,24,2,,,,,,,,,
9,VISIT,1004,Random,OnArrival,3,14,13252,Node_563,27,0,1,27,1,,,,,,,,,
9,VISIT,1005,Random,OnArrival,3,2,13252,Node_20,19,0,10,19,10,,,,,,,,,
9,VISIT,1006,Random,OnArrival,3,2,13252,Node_51,21,0,8,21,8,,,,,,,,,
9,VISIT,1007,Random,OnArrival,3,2,13252,Node_15,18,0,9,18,9,,,,,,,,,
9,VISIT,1008,Random,OnArrival,3,2,13252,Node_71,22,0,9,22,9,,,,,,,,,
9,VISIT,975,Random,OnArrival,3,139,13256,Node_649,5,0,3,5,3,,,,,,,,,
9,VISIT,982,Random,OnArrival,3,94,13256,Node_647,6,0,3,6,3,,,,,,,,,
9,VISIT,983,Random,OnArrival,3,95,13256,Node_647,6,0,3,6,3,,,,,,,,,
9,VISIT,984,Random,OnArrival,3,99,13256,Node_647,6,0,3,6,3,,,,,,,,,
9,VISIT,986,Random,OnArrival,3,74,13256,Node_647,6,0,3,6,3,,,,,,,,,
9,VISIT,988,Random,OnArrival,3,74,13256,Node_647,6,0,3,6,3,,,,,,,,,
9,VISIT,993,Random,OnArrival,3,40,13256,Node_807,5,0,15,5,15,,,,,,,,,
9,VISIT,994,Random,OnArrival,3,40,13256,Node_389,5,0,19,5,19,,,,,,,,,
9,VISIT,995,Random,OnArrival,3,40,13256,Node_807,5,0,15,5,15,,,,,,,,,
9,VISIT,996,Random,OnArrival,3,39,13256,Node_389,5,0,19,5,19,,,,,,,,,
9,VISIT,997,Random,OnArrival,3,24,13256,Node_915,32,0,4,32,4,,,,,,,,,
9,VISIT,998,Random,OnArrival,3,23,13256,Node_506,32,0,6,32,6,,,,,,,,,
9,VISIT,999,Random,OnArrival,3,24,13256,Node_915,32,0,4,32,4,,,,,,,,,
9,VISIT,1000,Random,OnArrival,3,23,13256,Node_918,34,0,4,34,4,,,,,,,,,
9,VISIT,1001,Random,OnArrival,3,16,13256,Node_570,25,0,2,25,2,,,,,,,,,
9,VISIT,1002,Random,OnArrival,3,15,13256,Node_507,28,0,1,28,1,,,,,,,,,
9,VISIT,1003,Random,OnArrival,3,16,13256,Node_570,25,0,2,25,2,,,,,,,,,
9,VISIT,1004,Random,OnArrival,3,15,13256,Node_593,27,0,0,27,0,,,,,,,,,
9,VISIT,1005,Random,OnArrival,3,3,13256,Node_3,19,0,9,19,9,,,,,,,,,
9,VISIT,1006,Random,OnArrival,3,3,13256,Node_53,21,0,7,21,7,,,,,,,,,
9,VISIT,1007,Random,OnArrival,3,3,13256,Node_3,19,0,9,19,9,,,,,,,,,
9,VISIT,1008,Random,OnArrival,3,3,13256,Node_113,23,0,9,23,9,,,,,,,,,
9,VISIT,975,Random,OnArrival,3,140,13260,Node_647,6,0,3,6,3,,,,,,,,,
9,VISIT,977,Random,OnArrival,3,125,13260,Node_649,5,0,3,5,3,,,,,,,,,
9,VISIT,982,Random,OnArrival,3,95,13260,Node_646,6,0,2,6,2,,,,,,,,,
9,VISIT,983,Random,OnArrival,3,96,13260,Node_646,6,0,2,6,2,,,,,,,,,
9,VISIT,984,Random,OnArrival,3,100,13260,Node_646,6,0,2,6,2,,,,,,,,,
9,VISIT,985,Random,OnArrival,3,72,13260,Node_649,5,0,3,5,3,,,,,,,,,
9,VISIT,986,Random,OnArrival,3,75,13260,Node_646,6,0,2,6,2,,,,,,,,,
9,VISIT,987,Random,OnArrival,3,72,13260,Node_649,5,0,3,5,3,,,,,,,,,
9,VISIT,988,Random,OnArrival,3,75,13260,Node_646,6,0,2,6,2,,,,,,,,,
9,VISIT,989,Random,OnArrival,3,51,13260,Node_718,1,0,-5,1,-5,,,,,,,,,
9,VISIT,990,Random,OnArrival,3,47,13260,Node_721,-3,0,-3,-3,-3,,,,,,,,,
9,VISIT,991,Random,OnArrival,3,48,13260,Node_761,5,0,-5,5,-5,,,,,,,,,
9,VISIT,992,Random,OnArrival,3,51,13260,Node_718,1,0,-5,1,-5,,,,,,,,,
9,VISIT,993,Random,OnArrival,3,41,13260,Node_667,5,0,14,5,14,,,,,,,,,
9,VISIT,994,Random,OnArrival,3,41,13260,Node_396,5,0,18,5,18,,,,,,,,,
9,VISIT,995,Random,OnArrival,3,41,13260,Node_667,5,0,14,5,14,,,,,,,,,
9,VISIT,996,Random,OnArrival,3,40,13260,Node_396,5,0,18,5,18,,,,,,,,,
9,VISIT,997,Random,OnArrival,3,25,13260,Node_914,32,0,3,32,3,,,,,,,,,
9,VISIT,998,Random,OnArrival,3,24,13260,Node_916,32,0,5,32,5,,,,,,,,,
9,VISIT,999,Random,OnArrival,3,25,13260,Node_914,32,0,3,32,3,,,,,,,,,
9,VISIT,1002,Random,OnArrival,3,16,13260,Node_509,28,0,0,28,0,,,,,,,,,
9,VISIT,1004,Random,OnArrival,3,16,13260,Node_596,27,0,-1,27,-1,,,,,,,,,
9,VISIT,1005,Random,OnArrival,3,4,13260,Node_50,20,0,9,20,9,,,,,,,,,
9,VISIT,1006,Random,OnArrival,3,4,13260,Node_56,21,0,6,21,6,,,,,,,,,
9,VISIT,1007,Random,OnArrival,3,4,13260,Node_50,20,0,9,20,9,,,,,,,,,
9,VISIT,975,Random,OnArrival,3,141,13264,Node_646,6,0,2,6,2,,,,,,,,,
9,VISIT,977,Random,OnArrival,3,126,13264,Node_647,6,0,3,6,3,,,,,,,,,
9,VISIT,985,Random,OnArrival,3,73,13264,Node_647,6,0,3,6,3,,,,,,,,,
9,VISIT,987,Random,OnArrival,3,73,13264,Node_647,6,0,3,6,3,,,,,,,,,
9,VISIT,990,Random,OnArrival,3,48,13264,Node_720,-2,0,-3,-2,-3,,,,,,,,,
9,VISIT,993,Random,OnArrival,3,42,13264,Node_666,5,0,13,5,13,,,,,,,,,
9,VISIT,994,Random,OnArrival,3,42,13264,Node_812,5,0,17,5,17,,,,,,,,,
9,VISIT,995,Random,OnArrival,3,42,13264,Node_666,5,0,13,5,13,,,,,,,,,
9,VISIT,996,Random,OnArrival,3,41,13264,Node_812,5,0,17,5,17,,,,,,,,,
9,VISIT,997,Random,OnArrival,3,26,13264,Node_565,33,0,3,33,3,,,,,,,,,
9,VISIT,998,Random,OnArrival,3,25,13264,Node_915,32,0,4,32,4,,,,,,,,,
9,VISIT,999,Random,OnArrival,3,26,13264,Node_565,33,0,3,33,3,,,,,,,,,
9,VISIT,1001,Random,OnArrival,3,17,13264,Node_566,27,0,2,27,2,,,,,,,,,
9,VISIT,1002,Random,OnArrival,3,17,13264,Node_510,28,0,-1,28,-1,,,,,,,,,
9,VISIT,1003,Random,OnArrival,3,17,13264,Node_566,27,0,2,27,2,,,,,,,,,
9,VISIT,1004,Random,OnArrival,3,17,13264,Node_597,27,0,-2,27,-2,,,,,,,,,
9,VISIT,1005,Random,OnArrival,3,5,13264,Node_48,21,0,9,21,9,,,,,,,,,
9,VISIT,1006,Random,OnArrival,3,5,13264,Node_57,21,0,5,21,5,,,,,,,,,
9,VISIT,1007,Random,OnArrival,3,5,13264,Node_48,21,0,9,21,9,,,,,,,,,
9,VISIT,1008,Random,OnArrival,3,4,13264,Node_206,25,0,9,25,9,,,,,,,,,
9,VISIT,977,Random,OnArrival,3,127,13268,Node_646,6,0,2,6,2,,,,,,,,,
9,VISIT,982,Random,OnArrival,3,96,13268,Node_636,8,0,2,8,2,,,,,,,,,
9,VISIT,983,Random,OnArrival,3,97,13268,Node_636,8,0,2,8,2,,,,,,,,,
9,VISIT,984,Random,OnArrival,3,101,13268,Node_636,8,0,2,8,2,,,,,,,,,
9,VISIT,985,Random,OnArrival,3,74,13268,Node_646,6,0,2,6,2,,,,,,,,,
9,VISIT,986,Random,OnArrival,3,76,13268,Node_636,8,0,2,8,2,,,,,,,,,
9,VISIT,987,Random,OnArrival,3,74,13268,Node_646,6,0,2,6,2,,,,,,,,,
9,VISIT,988,Random,OnArrival,3,76,13268,Node_636,8,0,2,8,2,,,,,,,,,
9,VISIT,993,Random,OnArrival,3,43,13268,Node_665,5,0,12,5,12,,,,,,,,,
9,VISIT,994,Random,OnArrival,3,43,13268,Node_810,5,0,16,5,16,,,,,,,,,
9,VISIT,995,Random,OnArrival,3,43,13268,Node_665,5,0,12,5,12,,,,,,,,,
9,VISIT,996,Random,OnArrival,3,42,13268,Node_810,5,0,16,5,16,,,,,,,,,
9,VISIT,997,Random,OnArrival,3,27,13268,Node_568,33,0,2,33,2,,,,,,,,,
9,VISIT,998,Random,OnArrival,3,26,13268,Node_914,32,0,3,32,3,,,,,,,,,
9,VISIT,999,Random,OnArrival,3,27,13268,Node_568,33,0,2,33,2,,,,,,,,,
9,VISIT,1000,Random,OnArrival,3,24,13268,Node_917,34,0,3,34,3,,,,,,,,,
9,VISIT,1001,Random,OnArrival,3,18,13268,Node_563,27,0,1,27,1,,,,,,,,,
9,VISIT,1003,Random,OnArrival,3,18,13268,Node_563,27,0,1,27,1,,,,,,,,,
9,VISIT,1004,Random,OnArrival,3,18,13268,Node_841,26,0,-2,26,-2,,,,,,,,,
9,VISIT,1005,Random,OnArrival,3,6,13268,Node_71,22,0,9,22,9,,,,,,,,,
9,VISIT,1006,Random,OnArrival,3,6,13268,Node_75,22,0,5,22,5,,,,,,,,,
9,VISIT,1007,Random,OnArrival,3,6,13268,Node_71,22,0,9,22,9,,,,,,,,,
9,VISIT,1008,Random,OnArrival,3,5,13268,Node_207,25,0,8,25,8,,,,,,,,,
9,VISIT,975,Random,OnArrival,3,142,13272,Node_636,8,0,2,8,2,,,,,,,,,
9,VISIT,990,Random,OnArrival,3,49,13272,Node_719,-2,0,-5,-2,-5,,,,,,,,,
9,VISIT,991,Random,OnArrival,3,49,13272,Node_664,8,0,-5,8,-5,,,,,,,,,
9,VISIT,994,Random,OnArrival,3,44,13272,Node_807,5,0,15,5,15,,,,,,,,,
9,VISIT,996,Random,OnArrival,3,43,13272,Node_807,5,0,15,5,15,,,,,,,,,
9,VISIT,998,Random,OnArrival,3,27,13272,Node_565,33,0,3,33,3,,,,,,,,,
9,VISIT,1001,Random,OnArrival,3,19,13272,Node_593,27,0,0,27,0,,,,,,,,,
9,VISIT,1003,Random,OnArrival,3,19,13272,Node_507,28,0,1,28,1,,,,,,,,,
9,VISIT,1005,Random,OnArrival,3,7,13272,Node_113,23,0,9,23,9,,,,,,,,,
9,VISIT,1006,Random,OnArrival,3,7,13272,Node_168,23,0,5,23,5,,,,,,,,,
9,VISIT,1007,Random,OnArrival,3,7,13272,Node_113,23,0,9,23,9,,,,,,,,,
9,VISIT,1008,Random,OnArrival,3,6,13272,Node_208,25,0,7,25,7,,,,,,,,,
9,VISIT,977,Random,OnArrival,3,128,13276,Node_636,8,0,2,8,2,,,,,,,,,
9,VISIT,982,Random,OnArrival,3,97,13276,Node_607,10,0,2,10,2,,,,,,,,,
9,VISIT,983,Random,OnArrival,3,98,13276,Node_607,10,0,2,10,2,,,,,,,,,
9,VISIT,984,Random,OnArrival,3,102,13276,Node_607,10,0,2,10,2,,,,,,,,,
9,VISIT,985,Random,OnArrival,3,75,13276,Node_636,8,0,2,8,2,,,,,,,,,
9,VISIT,986,Random,OnArrival,3,77,13276,Node_607,10,0,2,10,2,,,,,,,,,
9,VISIT,987,Random,OnArrival,3,75,13276,Node_636,8,0,2,8,2,,,,,,,,,
9,VISIT,988,Random,OnArrival,3,77,13276,Node_607,10,0,2,10,2,,,,,,,,,
9,VISIT,989,Random,OnArrival,3,52,13276,Node_761,5,0,-5,5,-5,,,,,,,,,
9,VISIT,992,Random,OnArrival,3,52,13276,Node_761,5,0,-5,5,-5,,,,,,,,,
9,VISIT,993,Random,OnArrival,3,44,13276,Node_662,5,0,10,5,10,,,,,,,,,
9,VISIT,994,Random,OnArrival,3,45,13276,Node_667,5,0,14,5,14,,,,,,,,,
9,VISIT,995,Random,OnArrival,3,44,13276,Node_662,5,0,10,5,10,,,,,,,,,
9,VISIT,996,Random,OnArrival,3,44,13276,Node_667,5,0,14,5,14,,,,,,,,,
9,VISIT,997,Random,OnArrival,3,28,13276,Node_917,34,0,3,34,3,,,,,,,,,
9,VISIT,998,Random,OnArrival,3,28,13276,Node_568,33,0,2,33,2,,,,,,,,,
9,VISIT,999,Random,OnArrival,3,28,13276,Node_917,34,0,3,34,3,,,,,,,,,
9,VISIT,1001,Random,OnArrival,3,20,13276,Node_596,27,0,-1,27,-1,,,,,,,,,
9,VISIT,1003,Random,OnArrival,3,20,13276,Node_509,28,0,0,28,0,,,,,,,,,
9,VISIT,1006,Random,OnArrival,3,8,13276,Node_213,24,0,5,24,5,,,,,,,,,
9,VISIT,1008,Random,OnArrival,3,7,13276,Node_209,25,0,6,25,6,,,,,,,,,
9,VISIT,975,Random,OnArrival,3,143,13280,Node_607,10,0,2,10,2,,,,,,,,,
9,VISIT,982,Random,OnArrival,3,98,13280,Node_609,10,0,1,10,1,,,,,,,,,
9,VISIT,983,Random,OnArrival,3,99,13280,Node_609,10,0,1,10,1,,,,,,,,,
9,VISIT,984,Random,OnArrival,3,103,13280,Node_609,10,0,1,10,1,,,,,,,,,
9,VISIT,986,Random,OnArrival,3,78,13280,Node_609,10,0,1,10,1,,,,,,,,,
9,VISIT,988,Random,OnArrival,3,78,13280,Node_609,10,0,1,10,1,,,,,,,,,
9,VISIT,991,Random,OnArrival,3,50,13280,Node_661,10,0,-5,10,-5,,,,,,,,,
9,VISIT,993,Random,OnArrival,3,45,13280,Node_659,5,0,9,5,9,,,,,,,,,
9,VISIT,994,Random,OnArrival,3,46,13280,Node_666,5,0,13,5,13,,,,,,,,,
9,VISIT,995,Random,OnArrival,3,45,13280,Node_659,5,0,9,5,9,,,,,,,,,
9,VISIT,996,Random,OnArrival,3,45,13280,Node_666,5,0,13,5,13,,,,,,,,,
9,VISIT,997,Random,OnArrival,3,29,13280,Node_565,33,0,3,33,3,,,,,,,,,
9,VISIT,998,Random,OnArrival,3,29,13280,Node_569,33,0,1,33,1,,,,,,,,,
9,VISIT,999,Random,OnArrival,3,29,13280,Node_565,33,0,3,33,3,,,,,,,,,
9,VISIT,1001,Random,OnArrival,3,21,13280,Node_597,27,0,-2,27,-2,,,,,,,,,
9,VISIT,1003,Random,OnArrival,3,21,13280,Node_510,28,0,-1,28,-1,,,,,,,,,
9,VISIT,1005,Random,OnArrival,3,8,13280,Node_206,25,0,9,25,9,,,,,,,,,
9,VISIT,1006,Random,OnArrival,3,9,13280,Node_210,25,0,5,25,5,,,,,,,,,
9,VISIT,1007,Random,OnArrival,3,8,13280,Node_206,25,0,9,25,9,,,,,,,,,
9,VISIT,1008,Random,OnArrival,3,8,13280,Node_210,25,0,5,25,5,,,,,,,,,
9,VISIT,975,Random,OnArrival,3,144,13284,Node_609,10,0,1,10,1,,,,,,,,,
9,VISIT,977,Random,OnArrival,3,129,13284,Node_607,10,0,2,10,2,,,,,,,,,
9,VISIT,982,Random,OnArrival,3,99,13284,Node_611,10,0,0,10,0,,,,,,,,,
9,VISIT,983,Random,OnArrival,3,100,13284,Node_611,10,0,0,10,0,,,,,,,,,
9,VISIT,984,Random,OnArrival,3,104,13284,Node_611,10,0,0,10,0,,,,,,,,,
9,VISIT,985,Random,OnArrival,3,76,13284,Node_607,10,0,2,10,2,,,,,,,,,
9,VISIT,986,Random,OnArrival,3,79,13284,Node_611,10,0,0,10,0,,,,,,,,,
9,VISIT,987,Random,OnArrival,3,76,13284,Node_607,10,0,2,10,2,,,,,,,,,
9,VISIT,988,Random,OnArrival,3,79,13284,Node_611,10,0,0,10,0,,,,,,,,,
9,VISIT,990,Random,OnArrival,3,50,13284,Node_718,1,0,-5,1,-5,,,,,,,,,
9,VISIT,991,Random,OnArrival,3,51,13284,Node_658,10,0,-4,10,-4,,,,,,,,,
9,VISIT,994,Random,OnArrival,3,47,13284,Node_665,5,0,12,5,12,,,,,,,,,
9,VISIT,996,Random,OnArrival,3,46,13284,Node_665,5,0,12,5,12,,,,,,,,,
9,VISIT,997,Random,OnArrival,3,30,13284,Node_568,33,0,2,33,2,,,,,,,,,
9,VISIT,999,Random,OnArrival,3,30,13284,Node_568,33,0,2,33,2,,,,,,,,,
9,VISIT,1001,Random,OnArrival,3,22,13284,Node_841,26,0,-2,26,-2,,,,,,,,,
9,VISIT,1003,Random,OnArrival,3,22,13284,Node_596,27,0,-1,27,-1,,,,,,,,,
9,VISIT,1005,Random,OnArrival,3,9,13284,Node_207,25,0,8,25,8,,,,,,,,,
9,VISIT,1006,Random,OnArrival,3,10,13284,Node_221,26,0,5,26,5,,,,,,,,,
9,VISIT,1007,Random,OnArrival,3,9,13284,Node_207,25,0,8,25,8,,,,,,,,,
9,VISIT,1008,Random,OnArrival,3,9,13284,Node_221,26,0,5,26,5,,,,,,,,,
9,VISIT,975,Random,OnArrival,3,145,13288,Node_611,10,0,0,10,0,,,,,,,,,
9,VISIT,977,Random,OnArrival,3,130,13288,Node_609,10,0,1,10,1,,,,,,,,,
9,VISIT,982,Random,OnArrival,3,100,13288,Node_224,11,0,0,11,0,,,,,,,,,
9,VISIT,983,Random,OnArrival,3,101,13288,Node_224,11,0,0,11,0,,,,,,,,,
9,VISIT,984,Random,OnArrival,3,105,13288,Node_224,11,0,0,11,0,,,,,,,,,
9,VISIT,985,Random,OnArrival,3,77,13288,Node_609,10,0,1,10,1,,,,,,,,,
9,VISIT,986,Random,OnArrival,3,80,13288,Node_224,11,0,0,11,0,,,,,,,,,
9,VISIT,987,Random,OnArrival,3,77,13288,Node_609,10,0,1,10,1,,,,,,,,,
9,VISIT,988,Random,OnArrival,3,80,13288,Node_224,11,0,0,11,0,,,,,,,,,
9,VISIT,989,Random,OnArrival,3,53,13288,Node_664,8,0,-5,8,-5,,,,,,,,,
9,VISIT,991,Random,OnArrival,3,52,13288,Node_657,10,0,-3,10,-3,,,,,,,,,
9,VISIT,992,Random,OnArrival,3,53,13288,Node_664,8,0,-5,8,-5,,,,,,,,,
9,VISIT,997,Random,OnArrival,3,31,13288,Node_569,33,0,1,33,1,,,,,,,,,
9,VISIT,999,Random,OnArrival,3,31,13288,Node_569,33,0,1,33,1,,,,,,,,,
9,VISIT,1001,Random,OnArrival,3,23,13288,Node_924,26,0,-3,26,-3,,,,,,,,,
9,VISIT,1003,Random,OnArrival,3,23,13288,Node_597,27,0,-2,27,-2,,,,,,,,,
9,VISIT,1005,Random,OnArrival,3,10,13288,Node_208,25,0,7,25,7,,,,,,,,,
9,VISIT,1006,Random,OnArrival,3,11,13288,Node_551,27,0,5,27,5,,,,,,,,,
9,VISIT,1007,Random,OnArrival,3,10,13288,Node_208,25,0,7,25,7,,,,,,,,,
9,VISIT,1008,Random,OnArrival,3,10,13288,Node_551,27,0,5,27,5,,,,,,,,,
9,VISIT,975,Random,OnArrival,3,146,13292,Node_224,11,0,0,11,0,,,,,,,,,
9,VISIT,977,Random,OnArrival,3,131,13292,Node_611,10,0,0,10,0,,,,,,,,,
9,VISIT,982,Random,OnArrival,3,101,13292,Node_648,12,0,0,12,0,,,,,,,,,
9,VISIT,983,Random,OnArrival,3,102,13292,Node_648,12,0,0,12,0,,,,,,,,,
9,VISIT,984,Random,OnArrival,3,106,13292,Node_648,12,0,0,12,0,,,,,,,,,
9,VISIT,985,Random,OnArrival,3,78,13292,Node_611,10,0,0,10,0,,,,,,,,,
9,VISIT,986,Random,OnArrival,3,81,13292,Node_648,12,0,0,12,0,,,,,,,,,
9,VISIT,987,Random,OnArrival,3,78,13292,Node_611,10,0,0,10,0,,,,,,,,,
9,VISIT,988,Random,OnArrival,3,81,13292,Node_648,12,0,0,12,0,,,,,,,,,
9,VISIT,991,Random,OnArrival,3,53,13292,Node_230,11,0,-3,11,-3,,,,,,,,,
9,VISIT,993,Random,OnArrival,3,46,13292,Node_654,5,0,6,5,6,,,,,,,,,
9,VISIT,994,Random,OnArrival,3,48,13292,Node_662,5,0,10,5,10,,,,,,,,,
9,VISIT,995,Random,OnArrival,3,46,13292,Node_654,5,0,6,5,6,,,,,,,,,
9,VISIT,996,Random,OnArrival,3,47,13292,Node_662,5,0,10,5,10,,,,,,,,,
9,VISIT,997,Random,OnArrival,3,32,13292,Node_925,34,0,1,34,1,,,,,,,,,
9,VISIT,999,Random,OnArrival,3,32,13292,Node_925,34,0,1,34,1,,,,,,,,,
9,VISIT,1001,Random,OnArrival,3,24,13292,Node_850,27,0,-3,27,-3,,,,,,,,,
9,VISIT,1003,Random,OnArrival,3,24,13292,Node_850,27,0,-3,27,-3,,,,,,,,,
9,VISIT,1005,Random,OnArrival,3,11,13292,Node_209,25,0,6,25,6,,,,,,,,,
9,VISIT,1006,Random,OnArrival,3,12,13292,Node_502,28,0,5,28,5,,,,,,,,,
9,VISIT,1007,Random,OnArrival,3,11,13292,Node_209,25,0,6,25,6,,,,,,,,,
9,VISIT,1008,Random,OnArrival,3,11,13292,Node_502,28,0,5,28,5,,,,,,,,,
9,VISIT,975,Random,OnArrival,3,147,13296,Node_648,12,0,0,12,0,,,,,,,,,
9,VISIT,977,Random,OnArrival,3,132,13296,Node_224,11,0,0,11,0,,,,,,,,,
9,VISIT,985,Random,OnArrival,3,79,13296,Node_224,11,0,0,11,0,,,,,,,,,
9,VISIT,987,Random,OnArrival,3,79,13296,Node_224,11,0,0,11,0,,,,,,,,,
9,VISIT,989,Random,OnArrival,3,54,13296,Node_661,10,0,-5,10,-5,,,,,,,,,
9,VISIT,991,Random,OnArrival,3,54,13296,Node_638,12,0,-3,12,-3,,,,,,,,,
9,VISIT,992,Random,OnArrival,3,54,13296,Node_661,10,0,-5,10,-5,,,,,,,,,
9,VISIT,993,Random,OnArrival,3,47,13296,Node_653,5,0,5,5,5,,,,,,,,,
9,VISIT,994,Random,OnArrival,3,49,13296,Node_659,5,0,9,5,9,,,,,,,,,
9,VISIT,995,Random,OnArrival,3,47,13296,Node_653,5,0,5,5,5,,,,,,,,,
9,VISIT,996,Random,OnArrival,3,48,13296,Node_659,5,0,9,5,9,,,,,,,,,
9,VISIT,997,Random,OnArrival,3,33,13296,Node_922,34,0,2,34,2,,,,,,,,,
9,VISIT,999,Random,OnArrival,3,33,13296,Node_569,33,0,1,33,1,,,,,,,,,
9,VISIT,1001,Random,OnArrival,3,25,13296,Node_597,27,0,-2,27,-2,,,,,,,,,
9,VISIT,1003,Random,OnArrival,3,25,13296,Node_851,27,0,-4,27,-4,,,,,,,,,
9,VISIT,1004,Random,OnArrival,3,19,13296,Node_930,26,0,-5,26,-5,,,,,,,,,
9,VISIT,1005,Random,OnArrival,3,12,13296,Node_210,25,0,5,25,5,,,,,,,,,
9,VISIT,1007,Random,OnArrival,3,12,13296,Node_210,25,0,5,25,5,,,,,,,,,
9,VISIT,1009,Random,OnArrival,3,0,13296,Node_6,19,0,12,19,12,,,,,,,,,
9,VISIT,1010,Random,OnArrival,3,0,13296,Node_7,19,0,8,19,8,,,,,,,,,
9,VISIT,1011,Random,OnArrival,3,0,13296,Node_8,17,0,10,17,10,,,,,,,,,
9,VISIT,1012,Random,OnArrival,3,0,13296,Node_9,21,0,10,21,10,,,,,,,,,
9,VISIT,977,Random,OnArrival,3,133,13300,Node_648,12,0,0,12,0,,,,,,,,,
9,VISIT,982,Random,OnArrival,3,102,13300,Node_623,14,0,0,14,0,,,,,,,,,
9,VISIT,983,Random,OnArrival,3,103,13300,Node_623,14,0,0,14,0,,,,,,,,,
9,VISIT,984,Random,OnArrival,3,107,13300,Node_623,14,0,0,14,0,,,,,,,,,
9,VISIT,985,Random,OnArrival,3,80,13300,Node_648,12,0,0,12,0,,,,,,,,,
9,VISIT,986,Random,OnArrival,3,82,13300,Node_623,14,0,0,14,0,,,,,,,,,
9,VISIT,987,Random,OnArrival,3,80,13300,Node_648,12,0,0,12,0,,,,,,,,,
9,VISIT,988,Random,OnArrival,3,82,13300,Node_623,14,0,0,14,0,,,,,,,,,
9,VISIT,989,Random,OnArrival,3,55,13300,Node_658,10,0,-4,10,-4,,,,,,,,,
9,VISIT,990,Random,OnArrival,3,51,13300,Node_761,5,0,-5,5,-5,,,,,,,,,
9,VISIT,992,Random,OnArrival,3,55,13300,Node_658,10,0,-4,10,-4,,,,,,,,,
9,VISIT,997,Random,OnArrival,3,34,13300,Node_917,34,0,3,34,3,,,,,,,,,
9,VISIT,998,Random,OnArrival,3,30,13300,Node_931,32,0,1,32,1,,,,,,,,,
9,VISIT,999,Random,OnArrival,3,34,13300,Node_931,32,0,1,32,1,,,,,,,,,
9,VISIT,1001,Random,OnArrival,3,26,13300,Node_596,27,0,-1,27,-1,,,,,,,,,
9,VISIT,1005,Random,OnArrival,3,13,13300,Node_221,26,0,5,26,5,,,,,,,,,
9,VISIT,1006,Random,OnArrival,3,13,13300,Node_504,28,0,3,28,3,,,,,,,,,
9,VISIT,1007,Random,OnArrival,3,13,13300,Node_221,26,0,5,26,5,,,,,,,,,
9,VISIT,1008,Random,OnArrival,3,12,13300,Node_504,28,0,3,28,3,,,,,,,,,
9,VISIT,1009,Random,OnArrival,3,1,13300,Node_2,19,0,11,19,11,,,,,,,,,
9,VISIT,1010,Random,OnArrival,3,1,13300,Node_47,20,0,8,20,8,,,,,,,,,
9,VISIT,1011,Random,OnArrival,3,1,13300,Node_4,18,0,10,18,10,,,,,,,,,
9,VISIT,1012,Random,OnArrival,3,1,13300,Node_48,21,0,9,21,9,,,,,,,,,
9,VISIT,975,Random,OnArrival,3,148,13304,Node_623,14,0,0,14,0,,,,,,,,,
9,VISIT,982,Random,OnArrival,3,103,13304,Node_626,14,0,-1,14,-1,,,,,,,,,
9,VISIT,983,Random,OnArrival,3,104,13304,Node_626,14,0,-1,14,-1,,,,,,,,,
9,VISIT,984,Random,OnArrival,3,108,13304,Node_626,14,0,-1,14,-1,,,,,,,,,
9,VISIT,986,Random,OnArrival,3,83,13304,Node_626,14,0,-1,14,-1,,,,,,,,,
9,VISIT,988,Random,OnArrival,3,83,13304,Node_626,14,0,-1,14,-1,,,,,,,,,
9,VISIT,989,Random,OnArrival,3,56,13304,Node_657,10,0,-3,10,-3,,,,,,,,,
9,VISIT,991,Random,OnArrival,3,55,13304,Node_632,14,0,-3,14,-3,,,,,,,,,
9,VISIT,992,Random,OnArrival,3,56,13304,Node_657,10,0,-3,10,-3,,,,,,,,,
9,VISIT,993,Random,OnArrival,3,48,13304,Node_649,5,0,3,5,3,,,,,,,,,
9,VISIT,995,Random,OnArrival,3,48,13304,Node_649,5,0,3,5,3,,,,,,,,,
9,VISIT,997,Random,OnArrival,3,35,13304,Node_918,34,0,4,34,4,,,,,,,,,
9,VISIT,998,Random,OnArrival,3,31,13304,Node_934,32,0,0,32,0,,,,,,,,,
9,VISIT,999,Random,OnArrival,3,35,13304,Node_934,32,0,0,32,0,,,,,,,,,
9,VISIT,1001,Random,OnArrival,3,27,13304,Node_510,28,0,-1,28,-1,,,,,,,,,
9,VISIT,1003,Random,OnArrival,3,26,13304,Node_930,26,0,-5,26,-5,,,,,,,,,
9,VISIT,1004,Random,OnArrival,3,20,13304,Node_851,27,0,-4,27,-4,,,,,,,,,
9,VISIT,1005,Random,OnArrival,3,14,13304,Node_551,27,0,5,27,5,,,,,,,,,
9,VISIT,1006,Random,OnArrival,3,14,13304,Node_557,29,0,3,29,3,,,,,,,,,
9,VISIT,1007,Random,OnArrival,3,14,13304,Node_551,27,0,5,27,5,,,,,,,,,
9,VISIT,1008,Random,OnArrival,3,13,13304,Node_557,29,0,3,29,3,,,,,,,,,
9,VISIT,1009,Random,OnArrival,3,2,13304,Node_20,19,0,10,19,10,,,,,,,,,
9,VISIT,1010,Random,OnArrival,3,2,13304,Node_51,21,0,8,21,8,,,,,,,,,
9,VISIT,1011,Random,OnArrival,3,2,13304,Node_15,18,0,9,18,9,,,,,,,,,
9,VISIT,1012,Random,OnArrival,3,2,13304,Node_71,22,0,9,22,9,,,,,,,,,
9,VISIT,975,Random,OnArrival,3,149,13308,Node_626,14,0,-1,14,-1,,,,,,,,,
9,VISIT,977,Random,OnArrival,3,134,13308,Node_623,14,0,0,14,0,,,,,,,,,
9,VISIT,982,Random,OnArrival,3,104,13308,Node_629,14,0,-2,14,-2,,,,,,,,,
9,VISIT,983,Random,OnArrival,3,105,13308,Node_629,14,0,-2,14,-2,,,,,,,,,
9,VISIT,984,Random,OnArrival,3,109,13308,Node_629,14,0,-2,14,-2,,,,,,,,,
9,VISIT,985,Random,OnArrival,3,81,13308,Node_623,14,0,0,14,0,,,,,,,,,
9,VISIT,986,Random,OnArrival,3,84,13308,Node_629,14,0,-2,14,-2,,,,,,,,,
9,VISIT,987,Random,OnArrival,3,81,13308,Node_623,14,0,0,14,0,,,,,,,,,
9,VISIT,988,Random,OnArrival,3,84,13308,Node_629,14,0,-2,14,-2,,,,,,,,,
9,VISIT,989,Random,OnArrival,3,57,13308,Node_230,11,0,-3,11,-3,,,,,,,,,
9,VISIT,991,Random,OnArrival,3,56,13308,Node_629,14,0,-2,14,-2,,,,,,,,,
9,VISIT,992,Random,OnArrival,3,57,13308,Node_230,11,0,-3,11,-3,,,,,,,,,
9,VISIT,993,Random,OnArrival,3,49,13308,Node_647,6,0,3,6,3,,,,,,,,,
9,VISIT,994,Random,OnArrival,3,50,13308,Node_654,5,0,6,5,6,,,,,,,,,
9,VISIT,995,Random,OnArrival,3,49,13308,Node_647,6,0,3,6,3,,,,,,,,,
9,VISIT,996,Random,OnArrival,3,49,13308,Node_654,5,0,6,5,6,,,,,,,,,
9,VISIT,997,Random,OnArrival,3,36,13308,Node_919,35,0,4,35,4,,,,,,,,,
9,VISIT,998,Random,OnArrival,3,32,13308,Node_572,33,0,0,33,0,,,,,,,,,
9,VISIT,999,Random,OnArrival,3,36,13308,Node_572,33,0,0,33,0,,,,,,,,,
9,VISIT,1001,Random,OnArrival,3,28,13308,Node_921,29,0,-1,29,-1,,,,,,,,,
9,VISIT,1003,Random,OnArrival,3,27,13308,Node_927,26,0,-4,26,-4,,,,,,,,,
9,VISIT,1004,Random,OnArrival,3,21,13308,Node_927,26,0,-4,26,-4,,,,,,,,,
9,VISIT,1005,Random,OnArrival,3,15,13308,Node_502,28,0,5,28,5,,,,,,,,,
9,VISIT,1007,Random,OnArrival,3,15,13308,Node_502,28,0,5,28,5,,,,,,,,,
9,VISIT,1009,Random,OnArrival,3,3,13308,Node_3,19,0,9,19,9,,,,,,,,,
9,VISIT,1010,Random,OnArrival,3,3,13308,Node_53,21,0,7,21,7,,,,,,,,,
9,VISIT,1011,Random,OnArrival,3,3,13308,Node_3,19,0,9,19,9,,,,,,,,,
9,VISIT,1012,Random,OnArrival,3,3,13308,Node_113,23,0,9,23,9,,,,,,,,,
9,VISIT,975,Random,OnArrival,3,150,13312,Node_629,14,0,-2,14,-2,,,,,,,,,
9,VISIT,977,Random,OnArrival,3,135,13312,Node_626,14,0,-1,14,-1,,,,,,,,,
9,VISIT,982,Random,OnArrival,3,105,13312,Node_610,15,0,-2,15,-2,,,,,,,,,
9,VISIT,983,Random,OnArrival,3,106,13312,Node_610,15,0,-2,15,-2,,,,,,,,,
9,VISIT,984,Random,OnArrival,3,110,13312,Node_610,15,0,-2,15,-2,,,,,,,,,
9,VISIT,985,Random,OnArrival,3,82,13312,Node_626,14,0,-1,14,-1,,,,,,,,,
9,VISIT,986,Random,OnArrival,3,85,13312,Node_610,15,0,-2,15,-2,,,,,,,,,
9,VISIT,987,Random,OnArrival,3,82,13312,Node_626,14,0,-1,14,-1,,,,,,,,,
9,VISIT,988,Random,OnArrival,3,85,13312,Node_610,15,0,-2,15,-2,,,,,,,,,
9,VISIT,989,Random,OnArrival,3,58,13312,Node_638,12,0,-3,12,-3,,,,,,,,,
9,VISIT,990,Random,OnArrival,3,52,13312,Node_664,8,0,-5,8,-5,,,,,,,,,
9,VISIT,991,Random,OnArrival,3,57,13312,Node_610,15,0,-2,15,-2,,,,,,,,,
9,VISIT,992,Random,OnArrival,3,58,13312,Node_638,12,0,-3,12,-3,,,,,,,,,
9,VISIT,993,Random,OnArrival,3,50,13312,Node_646,6,0,2,6,2,,,,,,,,,
9,VISIT,994,Random,OnArrival,3,51,13312,Node_653,5,0,5,5,5,,,,,,,,,
9,VISIT,995,Random,OnArrival,3,50,13312,Node_646,6,0,2,6,2,,,,,,,,,
9,VISIT,996,Random,OnArrival,3,50,13312,Node_653,5,0,5,5,5,,,,,,,,,
9,VISIT,998,Random,OnArrival,3,33,13312,Node_928,34,0,0,34,0,,,,,,,,,
9,VISIT,999,Random,OnArrival,3,37,13312,Node_928,34,0,0,34,0,,,,,,,,,
9,VISIT,1001,Random,OnArrival,3,29,13312,Node_948,30,0,-1,30,-1,,,,,,,,,
9,VISIT,1003,Random,OnArrival,3,28,13312,Node_851,27,0,-4,27,-4,,,,,,,,,
9,VISIT,1004,Random,OnArrival,3,22,13312,Node_924,26,0,-3,26,-3,,,,,,,,,
9,VISIT,1009,Random,OnArrival,3,4,13312,Node_50,20,0,9,20,9,,,,,,,,,
9,VISIT,1010,Random,OnArrival,3,4,13312,Node_56,21,0,6,21,6,,,,,,,,,
9,VISIT,1011,Random,OnArrival,3,4,13312,Node_50,20,0,9,20,9,,,,,,,,,
9,VISIT,975,Random,OnArrival,3,151,13316,Node_610,15,0,-2,15,-2,,,,,,,,,
9,VISIT,977,Random,OnArrival,3,136,13316,Node_629,14,0,-2,14,-2,,,,,,,,,
9,VISIT,985,Random,OnArrival,3,83,13316,Node_629,14,0,-2,14,-2,,,,,,,,,
9,VISIT,987,Random,OnArrival,3,83,13316,Node_629,14,0,-2,14,-2,,,,,,,,,
9,VISIT,1003,Random,OnArrival,3,29,13316,Node_850,27,0,-3,27,-3,,,,,,,,,
9,VISIT,1004,Random,OnArrival,3,23,13316,Node_841,26,0,-2,26,-2,,,,,,,,,
9,VISIT,1005,Random,OnArrival,3,16,13316,Node_504,28,0,3,28,3,,,,,,,,,
9,VISIT,1006,Random,OnArrival,3,15,13316,Node_914,32,0,3,32,3,,,,,,,,,
9,VISIT,1007,Random,OnArrival,3,16,13316,Node_504,28,0,3,28,3,,,,,,,,,
9,VISIT,1008,Random,OnArrival,3,14,13316,Node_914,32,0,3,32,3,,,,,,,,,
9,VISIT,1009,Random,OnArrival,3,5,13316,Node_48,21,0,9,21,9,,,,,,,,,
9,VISIT,1010,Random,OnArrival,3,5,13316,Node_57,21,0,5,21,5,,,,,,,,,
9,VISIT,1011,Random,OnArrival,3,5,13316,Node_48,21,0,9,21,9,,,,,,,,,
9,VISIT,1012,Random,OnArrival,3,4,13316,Node_206,25,0,9,25,9,,,,,,,,,
9,VISIT,977,Random,OnArrival,3,137,13320,Node_610,15,0,-2,15,-2,,,,,,,,,
9,VISIT,982,Random,OnArrival,3,106,13320,Node_627,17,0,-2,17,-2,,,,,,,,,
9,VISIT,983,Random,OnArrival,3,107,13320,Node_627,17,0,-2,17,-2,,,,,,,,,
9,VISIT,984,Random,OnArrival,3,111,13320,Node_627,17,0,-2,17,-2,,,,,,,,,
9,VISIT,985,Random,OnArrival,3,84,13320,Node_610,15,0,-2,15,-2,,,,,,,,,
9,VISIT,986,Random,OnArrival,3,86,13320,Node_627,17,0,-2,17,-2,,,,,,,,,
9,VISIT,987,Random,OnArrival,3,84,13320,Node_610,15,0,-2,15,-2,,,,,,,,,
9,VISIT,988,Random,OnArrival,3,86,13320,Node_627,17,0,-2,17,-2,,,,,,,,,
9,VISIT,989,Random,OnArrival,3,59,13320,Node_632,14,0,-3,14,-3,,,,,,,,,
9,VISIT,990,Random,OnArrival,3,53,13320,Node_661,10,0,-5,10,-5,,,,,,,,,
9,VISIT,991,Random,OnArrival,3,58,13320,Node_627,17,0,-2,17,-2,,,,,,,,,
9,VISIT,992,Random,OnArrival,3,59,13320,Node_632,14,0,-3,14,-3,,,,,,,,,
9,VISIT,993,Random,OnArrival,3,51,13320,Node_636,8,0,2,8,2,,,,,,,,,
9,VISIT,994,Random,OnArrival,3,52,13320,Node_649,5,0,3,5,3,,,,,,,,,
9,VISIT,995,Random,OnArrival,3,51,13320,Node_636,8,0,2,8,2,,,,,,,,,
9,VISIT,996,Random,OnArrival,3,51,13320,Node_649,5,0,3,5,3,,,,,,,,,
9,VISIT,997,Random,OnArrival,3,37,13320,Node_920,35,0,3,35,3,,,,,,,,,
9,VISIT,1001,Random,OnArrival,3,30,13320,Node_938,31,0,0,31,0,,,,,,,,,
9,VISIT,1003,Random,OnArrival,3,30,13320,Node_597,27,0,-2,27,-2,,,,,,,,,
9,VISIT,1004,Random,OnArrival,3,24,13320,Node_597,27,0,-2,27,-2,,,,,,,,,
9,VISIT,1005,Random,OnArrival,3,17,13320,Node_557,29,0,3,29,3,,,,,,,,,
9,VISIT,1006,Random,OnArrival,3,16,13320,Node_565,33,0,3,33,3,,,,,,,,,
9,VISIT,1007,Random,OnArrival,3,17,13320,Node_557,29,0,3,29,3,,,,,,,,,
9,VISIT,1008,Random,OnArrival,3,15,13320,Node_565,33,0,3,33,3,,,,,,,,,
9,VISIT,1009,Random,OnArrival,3,6,13320,Node_71,22,0,9,22,9,,,,,,,,,
9,VISIT,1010,Random,OnArrival,3,6,13320,Node_75,22,0,5,22,5,,,,,,,,,
9,VISIT,1011,Random,OnArrival,3,6,13320,Node_71,22,0,9,22,9,,,,,,,,,
9,VISIT,1012,Random,OnArrival,3,5,13320,Node_207,25,0,8,25,8,,,,,,,,,
9,VISIT,975,Random,OnArrival,3,152,13324,Node_627,17,0,-2,17,-2,,,,,,,,,
9,VISIT,982,Random,OnArrival,3,107,13324,Node_624,18,0,-2,18,-2,,,,,,,,,
9,VISIT,983,Random,OnArrival,3,108,13324,Node_624,18,0,-2,18,-2,,,,,,,,,
9,VISIT,984,Random,OnArrival,3,112,13324,Node_624,18,0,-2,18,-2,,,,,,,,,
9,VISIT,986,Random,OnArrival,3,87,13324,Node_624,18,0,-2,18,-2,,,,,,,,,
9,VISIT,988,Random,OnArrival,3,87,13324,Node_624,18,0,-2,18,-2,,,,,,,,,
9,VISIT,989,Random,OnArrival,3,60,13324,Node_629,14,0,-2,14,-2,,,,,,,,,
9,VISIT,990,Random,OnArrival,3,54,13324,Node_658,10,0,-4,10,-4,,,,,,,,,
9,VISIT,991,Random,OnArrival,3,59,13324,Node_624,18,0,-2,18,-2,,,,,,,,,
9,VISIT,992,Random,OnArrival,3,60,13324,Node_629,14,0,-2,14,-2,,,,,,,,,
9,VISIT,994,Random,OnArrival,3,53,13324,Node_647,6,0,3,6,3,,,,,,,,,
9,VISIT,996,Random,OnArrival,3,52,13324,Node_647,6,0,3,6,3,,,,,,,,,
9,VISIT,997,Random,OnArrival,3,38,13324,Node_919,35,0,4,35,4,,,,,,,,,
9,VISIT,998,Random,OnArrival,3,34,13324,Node_932,34,0,-1,34,-1,,,,,,,,,
9,VISIT,999,Random,OnArrival,3,38,13324,Node_932,34,0,-1,34,-1,,,,,,,,,
9,VISIT,1001,Random,OnArrival,3,31,13324,Node_952,31,0,-1,31,-1,,,,,,,,,
9,VISIT,1003,Random,OnArrival,3,31,13324,Node_848,28,0,-2,28,-2,,,,,,,,,
9,VISIT,1004,Random,OnArrival,3,25,13324,Node_848,28,0,-2,28,-2,,,,,,,,,
9,VISIT,1006,Random,OnArrival,3,17,13324,Node_917,34,0,3,34,3,,,,,,,,,
9,VISIT,1008,Random,OnArrival,3,16,13324,Node_917,34,0,3,34,3,,,,,,,,,
9,VISIT,1009,Random,OnArrival,3,7,13324,Node_113,23,0,9,23,9,,,,,,,,,
9,VISIT,1010,Random,OnArrival,3,7,13324,Node_168,23,0,5,23,5,,,,,,,,,
9,VISIT,1011,Random,OnArrival,3,7,13324,Node_113,23,0,9,23,9,,,,,,,,,
9,VISIT,1012,Random,OnArrival,3,6,13324,Node_208,25,0,7,25,7,,,,,,,,,
9,VISIT,975,Random,OnArrival,3,153,13328,Node_624,18,0,-2,18,-2,,,,,,,,,
9,VISIT,977,Random,OnArrival,3,138,13328,Node_627,17,0,-2,17,-2,,,,,,,,,
9,VISIT,982,Random,OnArrival,3,108,13328,Node_622,18,0,-1,18,-1,,,,,,,,,
9,VISIT,983,Random,OnArrival,3,109,13328,Node_622,18,0,-1,18,-1,,,,,,,,,
9,VISIT,984,Random,OnArrival,3,113,13328,Node_622,18,0,-1,18,-1,,,,,,,,,
9,VISIT,985,Random,OnArrival,3,85,13328,Node_627,17,0,-2,17,-2,,,,,,,,,
9,VISIT,986,Random,OnArrival,3,88,13328,Node_622,18,0,-1,18,-1,,,,,,,,,
9,VISIT,987,Random,OnArrival,3,85,13328,Node_627,17,0,-2,17,-2,,,,,,,,,
9,VISIT,988,Random,OnArrival,3,88,13328,Node_622,18,0,-1,18,-1,,,,,,,,,
9,VISIT,989,Random,OnArrival,3,61,13328,Node_610,15,0,-2,15,-2,,,,,,,,,
9,VISIT,990,Random,OnArrival,3,55,13328,Node_657,10,0,-3,10,-3,,,,,,,,,
9,VISIT,991,Random,OnArrival,3,60,13328,Node_622,18,0,-1,18,-1,,,,,,,,,
9,VISIT,992,Random,OnArrival,3,61,13328,Node_610,15,0,-2,15,-2,,,,,,,,,
9,VISIT,993,Random,OnArrival,3,52,13328,Node_607,10,0,2,10,2,,,,,,,,,
9,VISIT,994,Random,OnArrival,3,54,13328,Node_646,6,0,2,6,2,,,,,,,,,
9,VISIT,995,Random,OnArrival,3,52,13328,Node_607,10,0,2,10,2,,,,,,,,,
9,VISIT,996,Random,OnArrival,3,53,13328,Node_646,6,0,2,6,2,,,,,,,,,
9,VISIT,997,Random,OnArrival,3,39,13328,Node_949,36,0,4,36,4,,,,,,,,,
9,VISIT,998,Random,OnArrival,3,35,13328,Node_575,33,0,-1,33,-1,,,,,,,,,
9,VISIT,999,Random,OnArrival,3,39,13328,Node_575,33,0,-1,33,-1,,,,,,,,,
9,VISIT,1003,Random,OnArrival,3,32,13328,Node_923,29,0,-2,29,-2,,,,,,,,,
9,VISIT,1004,Random,OnArrival,3,26,13328,Node_923,29,0,-2,29,-2,,,,,,,,,
9,VISIT,1006,Random,OnArrival,3,18,13328,Node_920,35,0,3,35,3,,,,,,,,,
9,VISIT,1008,Random,OnArrival,3,17,13328,Node_920,35,0,3,35,3,,,,,,,,,
9,VISIT,1010,Random,OnArrival,3,8,13328,Node_171,23,0,4,23,4,,,,,,,,,
9,VISIT,1012,Random,OnArrival,3,7,13328,Node_209,25,0,6,25,6,,,,,,,,,
9,VISIT,975,Random,OnArrival,3,154,13332,Node_622,18,0,-1,18,-1,,,,,,,,,
9,VISIT,977,Random,OnArrival,3,139,13332,Node_624,18,0,-2,18,-2,,,,,,,,,
9,VISIT,982,Random,OnArrival,3,109,13332,Node_619,18,0,0,18,0,,,,,,,,,
9,VISIT,983,Random,OnArrival,3,110,13332,Node_619,18,0,0,18,0,,,,,,,,,
9,VISIT,984,Random,OnArrival,3,114,13332,Node_619,18,0,0,18,0,,,,,,,,,
9,VISIT,985,Random,OnArrival,3,86,13332,Node_624,18,0,-2,18,-2,,,,,,,,,
9,VISIT,986,Random,OnArrival,3,89,13332,Node_619,18,0,0,18,0,,,,,,,,,
9,VISIT,987,Random,OnArrival,3,86,13332,Node_624,18,0,-2,18,-2,,,,,,,,,
9,VISIT,988,Random,OnArrival,3,89,13332,Node_619,18,0,0,18,0,,,,,,,,,
9,VISIT,990,Random,OnArrival,3,56,13332,Node_230,11,0,-3,11,-3,,,,,,,,,
9,VISIT,991,Random,OnArrival,3,61,13332,Node_619,18,0,0,18,0,,,,,,,,,
9,VISIT,993,Random,OnArrival,3,53,13332,Node_609,10,0,1,10,1,,,,,,,,,
9,VISIT,995,Random,OnArrival,3,53,13332,Node_609,10,0,1,10,1,,,,,,,,,
9,VISIT,998,Random,OnArrival,3,36,13332,Node_577,33,0,-2,33,-2,,,,,,,,,
9,VISIT,999,Random,OnArrival,3,40,13332,Node_577,33,0,-2,33,-2,,,,,,,,,
9,VISIT,1003,Random,OnArrival,3,33,13332,Node_945,30,0,-2,30,-2,,,,,,,,,
9,VISIT,1004,Random,OnArrival,3,27,13332,Node_945,30,0,-2,30,-2,,,,,,,,,
9,VISIT,1005,Random,OnArrival,3,18,13332,Node_914,32,0,3,32,3,,,,,,,,,
9,VISIT,1006,Random,OnArrival,3,19,13332,Node_919,35,0,4,35,4,,,,,,,,,
9,VISIT,1007,Random,OnArrival,3,18,13332,Node_914,32,0,3,32,3,,,,,,,,,
9,VISIT,1008,Random,OnArrival,3,18,13332,Node_950,36,0,3,36,3,,,,,,,,,
9,VISIT,1009,Random,OnArrival,3,8,13332,Node_206,25,0,9,25,9,,,,,,,,,
9,VISIT,1010,Random,OnArrival,3,9,13332,Node_174,23,0,3,23,3,,,,,,,,,
9,VISIT,1011,Random,OnArrival,3,8,13332,Node_206,25,0,9,25,9,,,,,,,,,
9,VISIT,1012,Random,OnArrival,3,8,13332,Node_210,25,0,5,25,5,,,,,,,,,
9,VISIT,975,Random,OnArrival,3,155,13336,Node_619,18,0,0,18,0,,,,,,,,,
9,VISIT,977,Random,OnArrival,3,140,13336,Node_622,18,0,-1,18,-1,,,,,,,,,
9,VISIT,982,Random,OnArrival,3,110,13336,Node_83,19,0,0,19,0,,,,,,,,,
9,VISIT,983,Random,OnArrival,3,111,13336,Node_83,19,0,0,19,0,,,,,,,,,
9,VISIT,984,Random,OnArrival,3,115,13336,Node_83,19,0,0,19,0,,,,,,,,,
9,VISIT,985,Random,OnArrival,3,87,13336,Node_622,18,0,-1,18,-1,,,,,,,,,
9,VISIT,986,Random,OnArrival,3,90,13336,Node_83,19,0,0,19,0,,,,,,,,,
9,VISIT,987,Random,OnArrival,3,87,13336,Node_622,18,0,-1,18,-1,,,,,,,,,
9,VISIT,988,Random,OnArrival,3,90,13336,Node_83,19,0,0,19,0,,,,,,,,,
9,VISIT,989,Random,OnArrival,3,62,13336,Node_627,17,0,-2,17,-2,,,,,,,,,
9,VISIT,990,Random,OnArrival,3,57,13336,Node_638,12,0,-3,12,-3,,,,,,,,,
9,VISIT,991,Random,OnArrival,3,62,13336,Node_83,19,0,0,19,0,,,,,,,,,
9,VISIT,992,Random,OnArrival,3,62,13336,Node_627,17,0,-2,17,-2,,,,,,,,,
9,VISIT,993,Random,OnArrival,3,54,13336,Node_611,10,0,0,10,0,,,,,,,,,
9,VISIT,994,Random,OnArrival,3,55,13336,Node_636,8,0,2,8,2,,,,,,,,,
9,VISIT,995,Random,OnArrival,3,54,13336,Node_611,10,0,0,10,0,,,,,,,,,
9,VISIT,996,Random,OnArrival,3,54,13336,Node_636,8,0,2,8,2,,,,,,,,,
9,VISIT,998,Random,OnArrival,3,37,13336,Node_935,34,0,-2,34,-2,,,,,,,,,
9,VISIT,999,Random,OnArrival,3,41,13336,Node_935,34,0,-2,34,-2,,,,,,,,,
9,VISIT,1001,Random,OnArrival,3,32,13336,Node_943,30,0,-3,30,-3,,,,,,,,,
9,VISIT,1003,Random,OnArrival,3,34,13336,Node_954,31,0,-2,31,-2,,,,,,,,,
9,VISIT,1004,Random,OnArrival,3,28,13336,Node_954,31,0,-2,31,-2,,,,,,,,,
9,VISIT,1005,Random,OnArrival,3,19,13336,Node_565,33,0,3,33,3,,,,,,,,,
9,VISIT,1006,Random,OnArrival,3,20,13336,Node_949,36,0,4,36,4,,,,,,,,,
9,VISIT,1007,Random,OnArrival,3,19,13336,Node_565,33,0,3,33,3,,,,,,,,,
9,VISIT,1009,Random,OnArrival,3,9,13336,Node_207,25,0,8,25,8,,,,,,,,,
9,VISIT,1010,Random,OnArrival,3,10,13336,Node_178,23,0,2,23,2,,,,,,,,,
9,VISIT,1011,Random,OnArrival,3,9,13336,Node_207,25,0,8,25,8,,,,,,,,,
9,VISIT,1012,Random,OnArrival,3,9,13336,Node_221,26,0,5,26,5,,,,,,,,,
9,VISIT,975,Random,OnArrival,3,156,13340,Node_83,19,0,0,19,0,,,,,,,,,
9,VISIT,977,Random,OnArrival,3,141,13340,Node_619,18,0,0,18,0,,,,,,,,,
9,VISIT,985,Random,OnArrival,3,88,13340,Node_619,18,0,0,18,0,,,,,,,,,
9,VISIT,987,Random,OnArrival,3,88,13340,Node_619,18,0,0,18,0,,,,,,,,,
9,VISIT,989,Random,OnArrival,3,63,13340,Node_624,18,0,-2,18,-2,,,,,,,,,
9,VISIT,992,Random,OnArrival,3,63,13340,Node_624,18,0,-2,18,-2,,,,,,,,,
9,VISIT,993,Random,OnArrival,3,55,13340,Node_224,11,0,0,11,0,,,,,,,,,
9,VISIT,995,Random,OnArrival,3,55,13340,Node_224,11,0,0,11,0,,,,,,,,,
9,VISIT,997,Random,OnArrival,3,40,13340,Node_533,37,0,6,37,6,,,,,,,,,
9,VISIT,998,Random,OnArrival,3,38,13340,Node_939,34,0,-3,34,-3,,,,,,,,,
9,VISIT,999,Random,OnArrival,3,42,13340,Node_939,34,0,-3,34,-3,,,,,,,,,
9,VISIT,1001,Random,OnArrival,3,33,13340,Node_926,29,0,-3,29,-3,,,,,,,,,
9,VISIT,1003,Random,OnArrival,3,35,13340,Node_956,31,0,-3,31,-3,,,,,,,,,
9,VISIT,1004,Random,OnArrival,3,29,13340,Node_945,30,0,-2,30,-2,,,,,,,,,
9,VISIT,1005,Random,OnArrival,3,20,13340,Node_917,34,0,3,34,3,,,,,,,,,
9,VISIT,1006,Random,OnArrival,3,21,13340,Node_950,36,0,3,36,3,,,,,,,,,
9,VISIT,1007,Random,OnArrival,3,20,13340,Node_917,34,0,3,34,3,,,,,,,,,
9,VISIT,1008,Random,OnArrival,3,19,13340,Node_955,37,0,4,37,4,,,,,,,,,
9,VISIT,1009,Random,OnArrival,3,10,13340,Node_208,25,0,7,25,7,,,,,,,,,
9,VISIT,1010,Random,OnArrival,3,11,13340,Node_182,23,0,1,23,1,,,,,,,,,
9,VISIT,1011,Random,OnArrival,3,10,13340,Node_208,25,0,7,25,7,,,,,,,,,
9,VISIT,1012,Random,OnArrival,3,10,13340,Node_551,27,0,5,27,5,,,,,,,,,
9,VISIT,977,Random,OnArrival,3,142,13344,Node_83,19,0,0,19,0,,,,,,,,,
9,VISIT,985,Random,OnArrival,3,89,13344,Node_83,19,0,0,19,0,,,,,,,,,
9,VISIT,987,Random,OnArrival,3,89,13344,Node_83,19,0,0,19,0,,,,,,,,,
9,VISIT,989,Random,OnArrival,3,64,13344,Node_622,18,0,-1,18,-1,,,,,,,,,
9,VISIT,990,Random,OnArrival,3,58,13344,Node_632,14,0,-3,14,-3,,,,,,,,,
9,VISIT,992,Random,OnArrival,3,64,13344,Node_622,18,0,-1,18,-1,,,,,,,,,
9,VISIT,993,Random,OnArrival,3,56,13344,Node_648,12,0,0,12,0,,,,,,,,,
9,VISIT,994,Random,OnArrival,3,56,13344,Node_607,10,0,2,10,2,,,,,,,,,
9,VISIT,995,Random,OnArrival,3,56,13344,Node_648,12,0,0,12,0,,,,,,,,,
9,VISIT,996,Random,OnArrival,3,55,13344,Node_607,10,0,2,10,2,,,,,,,,,
9,VISIT,998,Random,OnArrival,3,39,13344,Node_580,33,0,-3,33,-3,,,,,,,,,
9,VISIT,999,Random,OnArrival,3,43,13344,Node_580,33,0,-3,33,-3,,,,,,,,,
9,VISIT,1001,Random,OnArrival,3,34,13344,Node_929,29,0,-4,29,-4,,,,,,,,,
9,VISIT,1003,Random,OnArrival,3,36,13344,Node_943,30,0,-3,30,-3,,,,,,,,,
9,VISIT,1004,Random,OnArrival,3,30,13344,Node_943,30,0,-3,30,-3,,,,,,,,,
9,VISIT,1005,Random,OnArrival,3,21,13344,Node_920,35,0,3,35,3,,,,,,,,,
9,VISIT,1006,Random,OnArrival,3,22,13344,Node_949,36,0,4,36,4,,,,,,,,,
9,VISIT,1007,Random,OnArrival,3,21,13344,Node_920,35,0,3,35,3,,,,,,,,,
9,VISIT,1008,Random,OnArrival,3,20,13344,Node_957,37,0,5,37,5,,,,,,,,,
9,VISIT,1009,Random,OnArrival,3,11,13344,Node_209,25,0,6,25,6,,,,,,,,,
9,VISIT,1010,Random,OnArrival,3,12,13344,Node_184,23,0,0,23,0,,,,,,,,,
9,VISIT,1011,Random,OnArrival,3,11,13344,Node_209,25,0,6,25,6,,,,,,,,,
9,VISIT,1012,Random,OnArrival,3,11,13344,Node_502,28,0,5,28,5,,,,,,,,,
9,VISIT,982,Random,OnArrival,3,111,13348,Node_574,22,0,0,22,0,,,,,,,,,
9,VISIT,983,Random,OnArrival,3,112,13348,Node_574,22,0,0,22,0,,,,,,,,,
9,VISIT,984,Random,OnArrival,3,116,13348,Node_574,22,0,0,22,0,,,,,,,,,
9,VISIT,986,Random,OnArrival,3,91,13348,Node_574,22,0,0,22,0,,,,,,,,,
9,VISIT,988,Random,OnArrival,3,91,13348,Node_574,22,0,0,22,0,,,,,,,,,
9,VISIT,989,Random,OnArrival,3,65,13348,Node_619,18,0,0,18,0,,,,,,,,,
9,VISIT,990,Random,OnArrival,3,59,13348,Node_629,14,0,-2,14,-2,,,,,,,,,
9,VISIT,991,Random,OnArrival,3,63,13348,Node_574,22,0,0,22,0,,,,,,,,,
9,VISIT,992,Random,OnArrival,3,65,13348,Node_619,18,0,0,18,0,,,,,,,,,
9,VISIT,994,Random,OnArrival,3,57,13348,Node_609,10,0,1,10,1,,,,,,,,,
9,VISIT,996,Random,OnArrival,3,56,13348,Node_609,10,0,1,10,1,,,,,,,,,
9,VISIT,998,Random,OnArrival,3,40,13348,Node_939,34,0,-3,34,-3,,,,,,,,,
9,VISIT,999,Random,OnArrival,3,44,13348,Node_939,34,0,-3,34,-3,,,,,,,,,
9,VISIT,1001,Random,OnArrival,3,35,13348,Node_940,30,0,-4,30,-4,,,,,,,,,
9,VISIT,1003,Random,OnArrival,3,37,13348,Node_940,30,0,-4,30,-4,,,,,,,,,
9,VISIT,1004,Random,OnArrival,3,31,13348,Node_926,29,0,-3,29,-3,,,,,,,,,
9,VISIT,1005,Random,OnArrival,3,22,13348,Node_950,36,0,3,36,3,,,,,,,,,
9,VISIT,1006,Random,OnArrival,3,23,13348,Node_955,37,0,4,37,4,,,,,,,,,
9,VISIT,1007,Random,OnArrival,3,22,13348,Node_950,36,0,3,36,3,,,,,,,,,
9,VISIT,1009,Random,OnArrival,3,12,13348,Node_210,25,0,5,25,5,,,,,,,,,
9,VISIT,1010,Random,OnArrival,3,13,13348,Node_188,23,0,-1,23,-1,,,,,,,,,
9,VISIT,1011,Random,OnArrival,3,12,13348,Node_210,25,0,5,25,5,,,,,,,,,
9,VISIT,975,Random,OnArrival,3,157,13352,Node_574,22,0,0,22,0,,,,,,,,,
9,VISIT,982,Random,OnArrival,3,112,13352,Node_576,22,0,-1,22,-1,,,,,,,,,
9,VISIT,983,Random,OnArrival,3,113,13352,Node_576,22,0,-1,22,-1,,,,,,,,,
9,VISIT,984,Random,OnArrival,3,117,13352,Node_576,22,0,-1,22,-1,,,,,,,,,
9,VISIT,986,Random,OnArrival,3,92,13352,Node_576,22,0,-1,22,-1,,,,,,,,,
9,VISIT,988,Random,OnArrival,3,92,13352,Node_576,22,0,-1,22,-1,,,,,,,,,
9,VISIT,989,Random,OnArrival,3,66,13352,Node_83,19,0,0,19,0,,,,,,,,,
9,VISIT,990,Random,OnArrival,3,60,13352,Node_610,15,0,-2,15,-2,,,,,,,,,
9,VISIT,991,Random,OnArrival,3,64,13352,Node_576,22,0,-1,22,-1,,,,,,,,,
9,VISIT,992,Random,OnArrival,3,66,13352,Node_83,19,0,0,19,0,,,,,,,,,
9,VISIT,993,Random,OnArrival,3,57,13352,Node_623,14,0,0,14,0,,,,,,,,,
9,VISIT,994,Random,OnArrival,3,58,13352,Node_611,10,0,0,10,0,,,,,,,,,
9,VISIT,995,Random,OnArrival,3,57,13352,Node_623,14,0,0,14,0,,,,,,,,,
9,VISIT,996,Random,OnArrival,3,57,13352,Node_611,10,0,0,10,0,,,,,,,,,
9,VISIT,998,Random,OnArrival,3,41,13352,Node_942,34,0,-4,34,-4,,,,,,,,,
9,VISIT,999,Random,OnArrival,3,45,13352,Node_942,34,0,-4,34,-4,,,,,,,,,
9,VISIT,1001,Random,OnArrival,3,36,13352,Node_936,30,0,-5,30,-5,,,,,,,,,
9,VISIT,1003,Random,OnArrival,3,38,13352,Node_936,30,0,-5,30,-5,,,,,,,,,
9,VISIT,1004,Random,OnArrival,3,32,13352,Node_929,29,0,-4,29,-4,,,,,,,,,
9,VISIT,1005,Random,OnArrival,3,23,13352,Node_958,37,0,3,37,3,,,,,,,,,
9,VISIT,1006,Random,OnArrival,3,24,13352,Node_957,37,0,5,37,5,,,,,,,,,
9,VISIT,1007,Random,OnArrival,3,23,13352,Node_958,37,0,3,37,3,,,,,,,,,
9,VISIT,1008,Random,OnArrival,3,21,13352,Node_959,38,0,6,38,6,,,,,,,,,
9,VISIT,1009,Random,OnArrival,3,13,13352,Node_221,26,0,5,26,5,,,,,,,,,
9,VISIT,1010,Random,OnArrival,3,14,13352,Node_191,23,0,-2,23,-2,,,,,,,,,
9,VISIT,1011,Random,OnArrival,3,13,13352,Node_221,26,0,5,26,5,,,,,,,,,
9,VISIT,1012,Random,OnArrival,3,12,13352,Node_504,28,0,3,28,3,,,,,,,,,
9,VISIT,1013,Random,OnArrival,3,0,13352,Node_6,19,0,12,19,12,,,,,,,,,
9,VISIT,1014,Random,OnArrival,3,0,13352,Node_7,19,0,8,19,8,,,,,,,,,
9,VISIT,1015,Random,OnArrival,3,0,13352,Node_8,17,0,10,17,10,,,,,,,,,
9,VISIT,1016,Random,OnArrival,3,0,13352,Node_9,21,0,10,21,10,,,,,,,,,
9,VISIT,975,Random,OnArrival,3,158,13356,Node_576,22,0,-1,22,-1,,,,,,,,,
9,VISIT,977,Random,OnArrival,3,143,13356,Node_574,22,0,0,22,0,,,,,,,,,
9,VISIT,982,Random,OnArrival,3,113,13356,Node_579,22,0,-2,22,-2,,,,,,,,,
9,VISIT,983,Random,OnArrival,3,114,13356,Node_579,22,0,-2,22,-2,,,,,,,,,
9,VISIT,984,Random,OnArrival,3,118,13356,Node_579,22,0,-2,22,-2,,,,,,,,,
9,VISIT,985,Random,OnArrival,3,90,13356,Node_574,22,0,0,22,0,,,,,,,,,
9,VISIT,986,Random,OnArrival,3,93,13356,Node_579,22,0,-2,22,-2,,,,,,,,,
9,VISIT,987,Random,OnArrival,3,90,13356,Node_574,22,0,0,22,0,,,,,,,,,
9,VISIT,988,Random,OnArrival,3,93,13356,Node_579,22,0,-2,22,-2,,,,,,,,,
9,VISIT,991,Random,OnArrival,3,65,13356,Node_579,22,0,-2,22,-2,,,,,,,,,
9,VISIT,993,Random,OnArrival,3,58,13356,Node_626,14,0,-1,14,-1,,,,,,,,,
9,VISIT,994,Random,OnArrival,3,59,13356,Node_224,11,0,0,11,0,,,,,,,,,
9,VISIT,995,Random,OnArrival,3,58,13356,Node_626,14,0,-1,14,-1,,,,,,,,,
9,VISIT,996,Random,OnArrival,3,58,13356,Node_224,11,0,0,11,0,,,,,,,,,
9,VISIT,998,Random,OnArrival,3,42,13356,Node_581,33,0,-4,33,-4,,,,,,,,,
9,VISIT,999,Random,OnArrival,3,46,13356,Node_581,33,0,-4,33,-4,,,,,,,,,
9,VISIT,1004,Random,OnArrival,3,33,13356,Node_933,29,0,-5,29,-5,,,,,,,,,
9,VISIT,1006,Random,OnArrival,3,25,13356,Node_533,37,0,6,37,6,,,,,,,,,
9,VISIT,1008,Random,OnArrival,3,22,13356,Node_960,38,0,7,38,7,,,,,,,,,
9,VISIT,1009,Random,OnArrival,3,14,13356,Node_551,27,0,5,27,5,,,,,,,,,
9,VISIT,1010,Random,OnArrival,3,15,13356,Node_645,24,0,-2,24,-2,,,,,,,,,
9,VISIT,1011,Random,OnArrival,3,14,13356,Node_551,27,0,5,27,5,,,,,,,,,
9,VISIT,1012,Random,OnArrival,3,13,13356,Node_505,28,0,2,28,2,,,,,,,,,
9,VISIT,1013,Random,OnArrival,3,1,13356,Node_2,19,0,11,19,11,,,,,,,,,
9,VISIT,1014,Random,OnArrival,3,1,13356,Node_47,20,0,8,20,8,,,,,,,,,
9,VISIT,1015,Random,OnArrival,3,1,13356,Node_4,18,0,10,18,10,,,,,,,,,
9,VISIT,1016,Random,OnArrival,3,1,13356,Node_48,21,0,9,21,9,,,,,,,,,
9,VISIT,975,Random,OnArrival,3,159,13360,Node_579,22,0,-2,22,-2,,,,,,,,,
9,VISIT,977,Random,OnArrival,3,144,13360,Node_576,22,0,-1,22,-1,,,,,,,,,
9,VISIT,982,Random,OnArrival,3,114,13360,Node_191,23,0,-2,23,-2,,,,,,,,,
9,VISIT,983,Random,OnArrival,3,115,13360,Node_191,23,0,-2,23,-2,,,,,,,,,
9,VISIT,984,Random,OnArrival,3,119,13360,Node_191,23,0,-2,23,-2,,,,,,,,,
9,VISIT,985,Random,OnArrival,3,91,13360,Node_576,22,0,-1,22,-1,,,,,,,,,
9,VISIT,986,Random,OnArrival,3,94,13360,Node_191,23,0,-2,23,-2,,,,,,,,,
9,VISIT,987,Random,OnArrival,3,91,13360,Node_576,22,0,-1,22,-1,,,,,,,,,
9,VISIT,988,Random,OnArrival,3,94,13360,Node_191,23,0,-2,23,-2,,,,,,,,,
9,VISIT,990,Random,OnArrival,3,61,13360,Node_627,17,0,-2,17,-2,,,,,,,,,
9,VISIT,991,Random,OnArrival,3,66,13360,Node_191,23,0,-2,23,-2,,,,,,,,,
9,VISIT,993,Random,OnArrival,3,59,13360,Node_629,14,0,-2,14,-2,,,,,,,,,
9,VISIT,994,Random,OnArrival,3,60,13360,Node_648,12,0,0,12,0,,,,,,,,,
9,VISIT,995,Random,OnArrival,3,59,13360,Node_629,14,0,-2,14,-2,,,,,,,,,
9,VISIT,996,Random,OnArrival,3,59,13360,Node_648,12,0,0,12,0,,,,,,,,,
9,VISIT,998,Random,OnArrival,3,43,13360,Node_947,33,0,-5,33,-5,,,,,,,,,
9,VISIT,999,Random,OnArrival,3,47,13360,Node_947,33,0,-5,33,-5,,,,,,,,,
9,VISIT,1004,Random,OnArrival,3,34,13360,Node_936,30,0,-5,30,-5,,,,,,,,,
9,VISIT,1006,Random,OnArrival,3,26,13360,Node_959,38,0,6,38,6,,,,,,,,,
9,VISIT,1008,Random,OnArrival,3,23,13360,Node_531,37,0,7,37,7,,,,,,,,,
9,VISIT,1009,Random,OnArrival,3,15,13360,Node_502,28,0,5,28,5,,,,,,,,,
9,VISIT,1011,Random,OnArrival,3,15,13360,Node_502,28,0,5,28,5,,,,,,,,,
9,VISIT,1012,Random,OnArrival,3,14,13360,Node_507,28,0,1,28,1,,,,,,,,,
9,VISIT,1013,Random,OnArrival,3,2,13360,Node_55,20,0,11,20,11,,,,,,,,,
9,VISIT,1014,Random,OnArrival,3,2,13360,Node_51,21,0,8,21,8,,,,,,,,,
9,VISIT,1015,Random,OnArrival,3,2,13360,Node_15,18,0,9,18,9,,,,,,,,,
9,VISIT,1016,Random,OnArrival,3,2,13360,Node_71,22,0,9,22,9,,,,,,,,,
9,VISIT,975,Random,OnArrival,3,160,13364,Node_191,23,0,-2,23,-2,,,,,,,,,
9,VISIT,977,Random,OnArrival,3,145,13364,Node_579,22,0,-2,22,-2,,,,,,,,,
9,VISIT,982,Random,OnArrival,3,115,13364,Node_645,24,0,-2,24,-2,,,,,,,,,
9,VISIT,983,Random,OnArrival,3,116,13364,Node_645,24,0,-2,24,-2,,,,,,,,,
9,VISIT,984,Random,OnArrival,3,120,13364,Node_645,24,0,-2,24,-2,,,,,,,,,
9,VISIT,985,Random,OnArrival,3,92,13364,Node_579,22,0,-2,22,-2,,,,,,,,,
9,VISIT,986,Random,OnArrival,3,95,13364,Node_645,24,0,-2,24,-2,,,,,,,,,
9,VISIT,987,Random,OnArrival,3,92,13364,Node_579,22,0,-2,22,-2,,,,,,,,,
9,VISIT,988,Random,OnArrival,3,95,13364,Node_645,24,0,-2,24,-2,,,,,,,,,
9,VISIT,989,Random,OnArrival,3,67,13364,Node_574,22,0,0,22,0,,,,,,,,,
9,VISIT,990,Random,OnArrival,3,62,13364,Node_624,18,0,-2,18,-2,,,,,,,,,
9,VISIT,991,Random,OnArrival,3,67,13364,Node_645,24,0,-2,24,-2,,,,,,,,,
9,VISIT,992,Random,OnArrival,3,67,13364,Node_574,22,0,0,22,0,,,,,,,,,
9,VISIT,993,Random,OnArrival,3,60,13364,Node_610,15,0,-2,15,-2,,,,,,,,,
9,VISIT,995,Random,OnArrival,3,60,13364,Node_610,15,0,-2,15,-2,,,,,,,,,
9,VISIT,1001,Random,OnArrival,3,37,13364,Node_947,33,0,-5,33,-5,,,,,,,,,
9,VISIT,1003,Random,OnArrival,3,39,13364,Node_947,33,0,-5,33,-5,,,,,,,,,
9,VISIT,1006,Random,OnArrival,3,27,13364,Node_960,38,0,7,38,7,,,,,,,,,
9,VISIT,1008,Random,OnArrival,3,24,13364,Node_533,37,0,6,37,6,,,,,,,,,
9,VISIT,1010,Random,OnArrival,3,16,13364,Node_841,26,0,-2,26,-2,,,,,,,,,
9,VISIT,1012,Random,OnArrival,3,15,13364,Node_509,28,0,0,28,0,,,,,,,,,
9,VISIT,1013,Random,OnArrival,3,3,13364,Node_13,21,0,11,21,11,,,,,,,,,
9,VISIT,1014,Random,OnArrival,3,3,13364,Node_53,21,0,7,21,7,,,,,,,,,
9,VISIT,1015,Random,OnArrival,3,3,13364,Node_3,19,0,9,19,9,,,,,,,,,
9,VISIT,1016,Random,OnArrival,3,3,13364,Node_113,23,0,9,23,9,,,,,,,,,
9,VISIT,975,Random,OnArrival,3,161,13368,Node_645,24,0,-2,24,-2,,,,,,,,,
9,VISIT,977,Random,OnArrival,3,146,13368,Node_191,23,0,-2,23,-2,,,,,,,,,
9,VISIT,985,Random,OnArrival,3,93,13368,Node_191,23,0,-2,23,-2,,,,,,,,,
9,VISIT,987,Random,OnArrival,3,93,13368,Node_191,23,0,-2,23,-2,,,,,,,,,
9,VISIT,989,Random,OnArrival,3,68,13368,Node_576,22,0,-1,22,-1,,,,,,,,,
9,VISIT,990,Random,OnArrival,3,63,13368,Node_622,18,0,-1,18,-1,,,,,,,,,
9,VISIT,992,Random,OnArrival,3,68,13368,Node_576,22,0,-1,22,-1,,,,,,,,,
9,VISIT,994,Random,OnArrival,3,61,13368,Node_623,14,0,0,14,0,,,,,,,,,
9,VISIT,996,Random,OnArrival,3,60,13368,Node_623,14,0,0,14,0,,,,,,,,,
9,VISIT,1001,Random,OnArrival,3,38,13368,Node_944,34,0,-5,34,-5,,,,,,,,,
9,VISIT,1003,Random,OnArrival,3,40,13368,Node_944,34,0,-5,34,-5,,,,,,,,,
9,VISIT,1008,Random,OnArrival,3,25,13368,Node_957,37,0,5,37,5,,,,,,,,,
9,VISIT,1009,Random,OnArrival,3,16,13368,Node_504,28,0,3,28,3,,,,,,,,,
9,VISIT,1010,Random,OnArrival,3,17,13368,Node_597,27,0,-2,27,-2,,,,,,,,,
9,VISIT,1011,Random,OnArrival,3,16,13368,Node_504,28,0,3,28,3,,,,,,,,,
9,VISIT,1012,Random,OnArrival,3,16,13368,Node_510,28,0,-1,28,-1,,,,,,,,,
9,VISIT,1013,Random,OnArrival,3,4,13368,Node_68,22,0,11,22,11,,,,,,,,,
9,VISIT,1014,Random,OnArrival,3,4,13368,Node_56,21,0,6,21,6,,,,,,,,,
9,VISIT,1015,Random,OnArrival,3,4,13368,Node_50,20,0,9,20,9,,,,,,,,,
9,VISIT,977,Random,OnArrival,3,147,13372,Node_645,24,0,-2,24,-2,,,,,,,,,
9,VISIT,982,Random,OnArrival,3,116,13372,Node_841,26,0,-2,26,-2,,,,,,,,,
9,VISIT,983,Random,OnArrival,3,117,13372,Node_841,26,0,-2,26,-2,,,,,,,,,
9,VISIT,984,Random,OnArrival,3,121,13372,Node_841,26,0,-2,26,-2,,,,,,,,,
9,VISIT,985,Random,OnArrival,3,94,13372,Node_645,24,0,-2,24,-2,,,,,,,,,
9,VISIT,986,Random,OnArrival,3,96,13372,Node_841,26,0,-2,26,-2,,,,,,,,,
9,VISIT,987,Random,OnArrival,3,94,13372,Node_645,24,0,-2,24,-2,,,,,,,,,
9,VISIT,988,Random,OnArrival,3,96,13372,Node_841,26,0,-2,26,-2,,,,,,,,,
9,VISIT,989,Random,OnArrival,3,69,13372,Node_579,22,0,-2,22,-2,,,,,,,,,
9,VISIT,990,Random,OnArrival,3,64,13372,Node_619,18,0,0,18,0,,,,,,,,,
9,VISIT,991,Random,OnArrival,3,68,13372,Node_841,26,0,-2,26,-2,,,,,,,,,
9,VISIT,992,Random,OnArrival,3,69,13372,Node_579,22,0,-2,22,-2,,,,,,,,,
9,VISIT,993,Random,OnArrival,3,61,13372,Node_627,17,0,-2,17,-2,,,,,,,,,
9,VISIT,994,Random,OnArrival,3,62,13372,Node_626,14,0,-1,14,-1,,,,,,,,,
9,VISIT,995,Random,OnArrival,3,61,13372,Node_627,17,0,-2,17,-2,,,,,,,,,
9,VISIT,996,Random,OnArrival,3,61,13372,Node_626,14,0,-1,14,-1,,,,,,,,,
9,VISIT,998,Random,OnArrival,3,44,13372,Node_936,30,0,-5,30,-5,,,,,,,,,
9,VISIT,999,Random,OnArrival,3,48,13372,Node_936,30,0,-5,30,-5,,,,,,,,,
9,VISIT,1004,Random,OnArrival,3,35,13372,Node_947,33,0,-5,33,-5,,,,,,,,,
9,VISIT,1008,Random,OnArrival,3,26,13372,Node_955,37,0,4,37,4,,,,,,,,,
9,VISIT,1009,Random,OnArrival,3,17,13372,Node_505,28,0,2,28,2,,,,,,,,,
9,VISIT,1010,Random,OnArrival,3,18,13372,Node_848,28,0,-2,28,-2,,,,,,,,,
9,VISIT,1011,Random,OnArrival,3,17,13372,Node_505,28,0,2,28,2,,,,,,,,,
9,VISIT,1012,Random,OnArrival,3,17,13372,Node_848,28,0,-2,28,-2,,,,,,,,,
9,VISIT,1013,Random,OnArrival,3,5,13372,Node_89,23,0,11,23,11,,,,,,,,,
9,VISIT,1014,Random,OnArrival,3,5,13372,Node_57,21,0,5,21,5,,,,,,,,,
9,VISIT,1015,Random,OnArrival,3,5,13372,Node_48,21,0,9,21,9,,,,,,,,,
9,VISIT,1016,Random,OnArrival,3,4,13372,Node_206,25,0,9,25,9,,,,,,,,,
9,VISIT,975,Random,OnArrival,3,162,13376,Node_841,26,0,-2,26,-2,,,,,,,,,
9,VISIT,982,Random,OnArrival,3,117,13376,Node_597,27,0,-2,27,-2,,,,,,,,,
9,VISIT,983,Random,OnArrival,3,118,13376,Node_597,27,0,-2,27,-2,,,,,,,,,
9,VISIT,984,Random,OnArrival,3,122,13376,Node_597,27,0,-2,27,-2,,,,,,,,,
9,VISIT,986,Random,OnArrival,3,97,13376,Node_597,27,0,-2,27,-2,,,,,,,,,
9,VISIT,988,Random,OnArrival,3,97,13376,Node_597,27,0,-2,27,-2,,,,,,,,,
9,VISIT,989,Random,OnArrival,3,70,13376,Node_191,23,0,-2,23,-2,,,,,,,,,
9,VISIT,990,Random,OnArrival,3,65,13376,Node_83,19,0,0,19,0,,,,,,,,,
9,VISIT,991,Random,OnArrival,3,69,13376,Node_597,27,0,-2,27,-2,,,,,,,,,
9,VISIT,992,Random,OnArrival,3,70,13376,Node_191,23,0,-2,23,-2,,,,,,,,,
9,VISIT,993,Random,OnArrival,3,62,13376,Node_624,18,0,-2,18,-2,,,,,,,,,
9,VISIT,994,Random,OnArrival,3,63,13376,Node_629,14,0,-2,14,-2,,,,,,,,,
9,VISIT,995,Random,OnArrival,3,62,13376,Node_624,18,0,-2,18,-2,,,,,,,,,
9,VISIT,996,Random,OnArrival,3,62,13376,Node_629,14,0,-2,14,-2,,,,,,,,,
9,VISIT,1004,Random,OnArrival,3,36,13376,Node_944,34,0,-5,34,-5,,,,,,,,,
9,VISIT,1008,Random,OnArrival,3,27,13376,Node_958,37,0,3,37,3,,,,,,,,,
9,VISIT,1009,Random,OnArrival,3,18,13376,Node_507,28,0,1,28,1,,,,,,,,,
9,VISIT,1010,Random,OnArrival,3,19,13376,Node_923,29,0,-2,29,-2,,,,,,,,,
9,VISIT,1011,Random,OnArrival,3,18,13376,Node_507,28,0,1,28,1,,,,,,,,,
9,VISIT,1012,Random,OnArrival,3,18,13376,Node_923,29,0,-2,29,-2,,,,,,,,,
9,VISIT,1013,Random,OnArrival,3,6,13376,Node_90,23,0,12,23,12,,,,,,,,,
9,VISIT,1014,Random,OnArrival,3,6,13376,Node_75,22,0,5,22,5,,,,,,,,,
9,VISIT,1015,Random,OnArrival,3,6,13376,Node_71,22,0,9,22,9,,,,,,,,,
9,VISIT,1016,Random,OnArrival,3,5,13376,Node_207,25,0,8,25,8,,,,,,,,,
9,VISIT,975,Random,OnArrival,3,163,13380,Node_597,27,0,-2,27,-2,,,,,,,,,
9,VISIT,977,Random,OnArrival,3,148,13380,Node_841,26,0,-2,26,-2,,,,,,,,,
9,VISIT,982,Random,OnArrival,3,118,13380,Node_850,27,0,-3,27,-3,,,,,,,,,
9,VISIT,983,Random,OnArrival,3,119,13380,Node_850,27,0,-3,27,-3,,,,,,,,,
9,VISIT,984,Random,OnArrival,3,123,13380,Node_850,27,0,-3,27,-3,,,,,,,,,
9,VISIT,985,Random,OnArrival,3,95,13380,Node_841,26,0,-2,26,-2,,,,,,,,,
9,VISIT,986,Random,OnArrival,3,98,13380,Node_850,27,0,-3,27,-3,,,,,,,,,
9,VISIT,987,Random,OnArrival,3,95,13380,Node_841,26,0,-2,26,-2,,,,,,,,,
9,VISIT,988,Random,OnArrival,3,98,13380,Node_850,27,0,-3,27,-3,,,,,,,,,
9,VISIT,989,Random,OnArrival,3,71,13380,Node_645,24,0,-2,24,-2,,,,,,,,,
9,VISIT,991,Random,OnArrival,3,70,13380,Node_850,27,0,-3,27,-3,,,,,,,,,
9,VISIT,992,Random,OnArrival,3,71,13380,Node_645,24,0,-2,24,-2,,,,,,,,,
9,VISIT,993,Random,OnArrival,3,63,13380,Node_622,18,0,-1,18,-1,,,,,,,,,
9,VISIT,994,Random,OnArrival,3,64,13380,Node_610,15,0,-2,15,-2,,,,,,,,,
9,VISIT,995,Random,OnArrival,3,63,13380,Node_622,18,0,-1,18,-1,,,,,,,,,
9,VISIT,996,Random,OnArrival,3,63,13380,Node_610,15,0,-2,15,-2,,,,,,,,,
9,VISIT,1001,Random,OnArrival,3,39,13380,Node_942,34,0,-4,34,-4,,,,,,,,,
9,VISIT,1003,Random,OnArrival,3,41,13380,Node_942,34,0,-4,34,-4,,,,,,,,,
9,VISIT,1004,Random,OnArrival,3,37,13380,Node_968,35,0,-5,35,-5,,,,,,,,,
9,VISIT,1009,Random,OnArrival,3,19,13380,Node_509,28,0,0,28,0,,,,,,,,,
9,VISIT,1010,Random,OnArrival,3,20,13380,Node_926,29,0,-3,29,-3,,,,,,,,,
9,VISIT,1011,Random,OnArrival,3,19,13380,Node_509,28,0,0,28,0,,,,,,,,,
9,VISIT,1012,Random,OnArrival,3,19,13380,Node_926,29,0,-3,29,-3,,,,,,,,,
9,VISIT,1013,Random,OnArrival,3,7,13380,Node_93,24,0,12,24,12,,,,,,,,,
9,VISIT,1014,Random,OnArrival,3,7,13380,Node_168,23,0,5,23,5,,,,,,,,,
9,VISIT,1015,Random,OnArrival,3,7,13380,Node_113,23,0,9,23,9,,,,,,,,,
9,VISIT,1016,Random,OnArrival,3,6,13380,Node_208,25,0,7,25,7,,,,,,,,,
9,VISIT,975,Random,OnArrival,3,164,13384,Node_850,27,0,-3,27,-3,,,,,,,,,
9,VISIT,977,Random,OnArrival,3,149,13384,Node_597,27,0,-2,27,-2,,,,,,,,,
9,VISIT,982,Random,OnArrival,3,119,13384,Node_851,27,0,-4,27,-4,,,,,,,,,
9,VISIT,983,Random,OnArrival,3,120,13384,Node_851,27,0,-4,27,-4,,,,,,,,,
9,VISIT,984,Random,OnArrival,3,124,13384,Node_851,27,0,-4,27,-4,,,,,,,,,
9,VISIT,985,Random,OnArrival,3,96,13384,Node_597,27,0,-2,27,-2,,,,,,,,,
9,VISIT,986,Random,OnArrival,3,99,13384,Node_851,27,0,-4,27,-4,,,,,,,,,
9,VISIT,987,Random,OnArrival,3,96,13384,Node_597,27,0,-2,27,-2,,,,,,,,,
9,VISIT,988,Random,OnArrival,3,99,13384,Node_851,27,0,-4,27,-4,,,,,,,,,
9,VISIT,991,Random,OnArrival,3,71,13384,Node_851,27,0,-4,27,-4,,,,,,,,,
9,VISIT,993,Random,OnArrival,3,64,13384,Node_619,18,0,0,18,0,,,,,,,,,
9,VISIT,995,Random,OnArrival,3,64,13384,Node_619,18,0,0,18,0,,,,,,,,,
9,VISIT,998,Random,OnArrival,3,45,13384,Node_947,33,0,-5,33,-5,,,,,,,,,
9,VISIT,999,Random,OnArrival,3,49,13384,Node_947,33,0,-5,33,-5,,,,,,,,,
9,VISIT,1001,Random,OnArrival,3,40,13384,Node_944,34,0,-5,34,-5,,,,,,,,,
9,VISIT,1003,Random,OnArrival,3,42,13384,Node_971,35,0,-4,35,-4,,,,,,,,,
9,VISIT,1009,Random,OnArrival,3,20,13384,Node_510,28,0,-1,28,-1,,,,,,,,,
9,VISIT,1010,Random,OnArrival,3,21,13384,Node_943,30,0,-3,30,-3,,,,,,,,,
9,VISIT,1011,Random,OnArrival,3,20,13384,Node_510,28,0,-1,28,-1,,,,,,,,,
9,VISIT,1012,Random,OnArrival,3,20,13384,Node_943,30,0,-3,30,-3,,,,,,,,,
9,VISIT,1013,Random,OnArrival,3,8,13384,Node_96,24,0,13,24,13,,,,,,,,,
9,VISIT,1014,Random,OnArrival,3,8,13384,Node_213,24,0,5,24,5,,,,,,,,,
9,VISIT,1016,Random,OnArrival,3,7,13384,Node_209,25,0,6,25,6,,,,,,,,,
9,VISIT,975,Random,OnArrival,3,165,13388,Node_851,27,0,-4,27,-4,,,,,,,,,
9,VISIT,977,Random,OnArrival,3,150,13388,Node_850,27,0,-3,27,-3,,,,,,,,,
9,VISIT,982,Random,OnArrival,3,120,13388,Node_850,27,0,-3,27,-3,,,,,,,,,
9,VISIT,983,Random,OnArrival,3,121,13388,Node_850,27,0,-3,27,-3,,,,,,,,,
9,VISIT,984,Random,OnArrival,3,125,13388,Node_850,27,0,-3,27,-3,,,,,,,,,
9,VISIT,985,Random,OnArrival,3,97,13388,Node_850,27,0,-3,27,-3,,,,,,,,,
9,VISIT,986,Random,OnArrival,3,100,13388,Node_850,27,0,-3,27,-3,,,,,,,,,
9,VISIT,987,Random,OnArrival,3,97,13388,Node_850,27,0,-3,27,-3,,,,,,,,,
9,VISIT,988,Random,OnArrival,3,100,13388,Node_850,27,0,-3,27,-3,,,,,,,,,
9,VISIT,989,Random,OnArrival,3,72,13388,Node_841,26,0,-2,26,-2,,,,,,,,,
9,VISIT,990,Random,OnArrival,3,66,13388,Node_574,22,0,0,22,0,,,,,,,,,
9,VISIT,991,Random,OnArrival,3,72,13388,Node_850,27,0,-3,27,-3,,,,,,,,,
9,VISIT,992,Random,OnArrival,3,72,13388,Node_841,26,0,-2,26,-2,,,,,,,,,
9,VISIT,993,Random,OnArrival,3,65,13388,Node_83,19,0,0,19,0,,,,,,,,,
9,VISIT,994,Random,OnArrival,3,65,13388,Node_627,17,0,-2,17,-2,,,,,,,,,
9,VISIT,995,Random,OnArrival,3,65,13388,Node_83,19,0,0,19,0,,,,,,,,,
9,VISIT,996,Random,OnArrival,3,64,13388,Node_627,17,0,-2,17,-2,,,,,,,,,
9,VISIT,998,Random,OnArrival,3,46,13388,Node_944,34,0,-5,34,-5,,,,,,,,,
9,VISIT,999,Random,OnArrival,3,50,13388,Node_944,34,0,-5,34,-5,,,,,,,,,
9,VISIT,1001,Random,OnArrival,3,41,13388,Node_968,35,0,-5,35,-5,,,,,,,,,
9,VISIT,1005,Random,OnArrival,3,24,13388,Node_977,36,0,-5,36,-5,,,,,,,,,
9,VISIT,1007,Random,OnArrival,3,24,13388,Node_977,36,0,-5,36,-5,,,,,,,,,
9,VISIT,1009,Random,OnArrival,3,21,13388,Node_848,28,0,-2,28,-2,,,,,,,,,
9,VISIT,1010,Random,OnArrival,3,22,13388,Node_945,30,0,-2,30,-2,,,,,,,,,
9,VISIT,1011,Random,OnArrival,3,21,13388,Node_848,28,0,-2,28,-2,,,,,,,,,
9,VISIT,1012,Random,OnArrival,3,21,13388,Node_945,30,0,-2,30,-2,,,,,,,,,
9,VISIT,1013,Random,OnArrival,3,9,13388,Node_170,25,0,13,25,13,,,,,,,,,
9,VISIT,1014,Random,OnArrival,3,9,13388,Node_210,25,0,5,25,5,,,,,,,,,
9,VISIT,1015,Random,OnArrival,3,8,13388,Node_206,25,0,9,25,9,,,,,,,,,
9,VISIT,1016,Random,OnArrival,3,8,13388,Node_210,25,0,5,25,5,,,,,,,,,
9,VISIT,975,Random,OnArrival,3,166,13392,Node_850,27,0,-3,27,-3,,,,,,,,,
9,VISIT,977,Random,OnArrival,3,151,13392,Node_851,27,0,-4,27,-4,,,,,,,,,
9,VISIT,982,Random,OnArrival,3,121,13392,Node_597,27,0,-2,27,-2,,,,,,,,,
9,VISIT,983,Random,OnArrival,3,122,13392,Node_597,27,0,-2,27,-2,,,,,,,,,
9,VISIT,984,Random,OnArrival,3,126,13392,Node_597,27,0,-2,27,-2,,,,,,,,,
9,VISIT,985,Random,OnArrival,3,98,13392,Node_851,27,0,-4,27,-4,,,,,,,,,
9,VISIT,986,Random,OnArrival,3,101,13392,Node_597,27,0,-2,27,-2,,,,,,,,,
9,VISIT,987,Random,OnArrival,3,98,13392,Node_851,27,0,-4,27,-4,,,,,,,,,
9,VISIT,988,Random,OnArrival,3,101,13392,Node_597,27,0,-2,27,-2,,,,,,,,,
9,VISIT,989,Random,OnArrival,3,73,13392,Node_597,27,0,-2,27,-2,,,,,,,,,
9,VISIT,990,Random,OnArrival,3,67,13392,Node_576,22,0,-1,22,-1,,,,,,,,,
9,VISIT,991,Random,OnArrival,3,73,13392,Node_597,27,0,-2,27,-2,,,,,,,,,
9,VISIT,992,Random,OnArrival,3,73,13392,Node_597,27,0,-2,27,-2,,,,,,,,,
9,VISIT,994,Random,OnArrival,3,66,13392,Node_624,18,0,-2,18,-2,,,,,,,,,
9,VISIT,996,Random,OnArrival,3,65,13392,Node_624,18,0,-2,18,-2,,,,,,,,,
9,VISIT,998,Random,OnArrival,3,47,13392,Node_942,34,0,-4,34,-4,,,,,,,,,
9,VISIT,999,Random,OnArrival,3,51,13392,Node_942,34,0,-4,34,-4,,,,,,,,,
9,VISIT,1001,Random,OnArrival,3,42,13392,Node_971,35,0,-4,35,-4,,,,,,,,,
9,VISIT,1003,Random,OnArrival,3,43,13392,Node_977,36,0,-5,36,-5,,,,,,,,,
9,VISIT,1004,Random,OnArrival,3,38,13392,Node_974,37,0,-4,37,-4,,,,,,,,,
9,VISIT,1005,Random,OnArrival,3,25,13392,Node_978,37,0,-5,37,-5,,,,,,,,,
9,VISIT,1007,Random,OnArrival,3,25,13392,Node_978,37,0,-5,37,-5,,,,,,,,,
9,VISIT,1009,Random,OnArrival,3,22,13392,Node_923,29,0,-2,29,-2,,,,,,,,,
9,VISIT,1010,Random,OnArrival,3,23,13392,Node_948,30,0,-1,30,-1,,,,,,,,,
9,VISIT,1011,Random,OnArrival,3,22,13392,Node_923,29,0,-2,29,-2,,,,,,,,,
9,VISIT,1012,Random,OnArrival,3,22,13392,Node_948,30,0,-1,30,-1,,,,,,,,,
9,VISIT,1013,Random,OnArrival,3,10,13392,Node_177,26,0,13,26,13,,,,,,,,,
9,VISIT,1014,Random,OnArrival,3,10,13392,Node_221,26,0,5,26,5,,,,,,,,,
9,VISIT,1015,Random,OnArrival,3,9,13392,Node_207,25,0,8,25,8,,,,,,,,,
9,VISIT,1016,Random,OnArrival,3,9,13392,Node_221,26,0,5,26,5,,,,,,,,,
9,VISIT,975,Random,OnArrival,3,167,13396,Node_597,27,0,-2,27,-2,,,,,,,,,
9,VISIT,977,Random,OnArrival,3,152,13396,Node_850,27,0,-3,27,-3,,,,,,,,,
9,VISIT,982,Random,OnArrival,3,122,13396,Node_596,27,0,-1,27,-1,,,,,,,,,
9,VISIT,983,Random,OnArrival,3,123,13396,Node_596,27,0,-1,27,-1,,,,,,,,,
9,VISIT,984,Random,OnArrival,3,127,13396,Node_596,27,0,-1,27,-1,,,,,,,,,
9,VISIT,985,Random,OnArrival,3,99,13396,Node_850,27,0,-3,27,-3,,,,,,,,,
9,VISIT,986,Random,OnArrival,3,102,13396,Node_596,27,0,-1,27,-1,,,,,,,,,
9,VISIT,987,Random,OnArrival,3,99,13396,Node_850,27,0,-3,27,-3,,,,,,,,,
9,VISIT,988,Random,OnArrival,3,102,13396,Node_596,27,0,-1,27,-1,,,,,,,,,
9,VISIT,989,Random,OnArrival,3,74,13396,Node_850,27,0,-3,27,-3,,,,,,,,,
9,VISIT,990,Random,OnArrival,3,68,13396,Node_579,22,0,-2,22,-2,,,,,,,,,
9,VISIT,991,Random,OnArrival,3,74,13396,Node_596,27,0,-1,27,-1,,,,,,,,,
9,VISIT,992,Random,OnArrival,3,74,13396,Node_850,27,0,-3,27,-3,,,,,,,,,
9,VISIT,994,Random,OnArrival,3,67,13396,Node_622,18,0,-1,18,-1,,,,,,,,,
9,VISIT,996,Random,OnArrival,3,66,13396,Node_622,18,0,-1,18,-1,,,,,,,,,
9,VISIT,998,Random,OnArrival,3,48,13396,Node_944,34,0,-5,34,-5,,,,,,,,,
9,VISIT,999,Random,OnArrival,3,52,13396,Node_971,35,0,-4,35,-4,,,,,,,,,
9,VISIT,1001,Random,OnArrival,3,43,13396,Node_968,35,0,-5,35,-5,,,,,,,,,
9,VISIT,1003,Random,OnArrival,3,44,13396,Node_978,37,0,-5,37,-5,,,,,,,,,
9,VISIT,1006,Random,OnArrival,3,28,13396,Node_975,40,0,9,40,9,,,,,,,,,
9,VISIT,1009,Random,OnArrival,3,23,13396,Node_926,29,0,-3,29,-3,,,,,,,,,
9,VISIT,1010,Random,OnArrival,3,24,13396,Node_952,31,0,-1,31,-1,,,,,,,,,
9,VISIT,1011,Random,OnArrival,3,23,13396,Node_926,29,0,-3,29,-3,,,,,,,,,
9,VISIT,1012,Random,OnArrival,3,23,13396,Node_952,31,0,-1,31,-1,,,,,,,,,
9,VISIT,1013,Random,OnArrival,3,11,13396,Node_199,27,0,13,27,13,,,,,,,,,
9,VISIT,1014,Random,OnArrival,3,11,13396,Node_551,27,0,5,27,5,,,,,,,,,
9,VISIT,1015,Random,OnArrival,3,10,13396,Node_208,25,0,7,25,7,,,,,,,,,
9,VISIT,1016,Random,OnArrival,3,10,13396,Node_551,27,0,5,27,5,,,,,,,,,
9,VISIT,975,Random,OnArrival,3,168,13400,Node_596,27,0,-1,27,-1,,,,,,,,,
9,VISIT,977,Random,OnArrival,3,153,13400,Node_597,27,0,-2,27,-2,,,,,,,,,
9,VISIT,982,Random,OnArrival,3,123,13400,Node_593,27,0,0,27,0,,,,,,,,,
9,VISIT,983,Random,OnArrival,3,124,13400,Node_593,27,0,0,27,0,,,,,,,,,
9,VISIT,984,Random,OnArrival,3,128,13400,Node_593,27,0,0,27,0,,,,,,,,,
9,VISIT,985,Random,OnArrival,3,100,13400,Node_597,27,0,-2,27,-2,,,,,,,,,
9,VISIT,986,Random,OnArrival,3,103,13400,Node_593,27,0,0,27,0,,,,,,,,,
9,VISIT,987,Random,OnArrival,3,100,13400,Node_597,27,0,-2,27,-2,,,,,,,,,
9,VISIT,988,Random,OnArrival,3,103,13400,Node_593,27,0,0,27,0,,,,,,,,,
9,VISIT,989,Random,OnArrival,3,75,13400,Node_851,27,0,-4,27,-4,,,,,,,,,
9,VISIT,990,Random,OnArrival,3,69,13400,Node_191,23,0,-2,23,-2,,,,,,,,,
9,VISIT,991,Random,OnArrival,3,75,13400,Node_593,27,0,0,27,0,,,,,,,,,
9,VISIT,992,Random,OnArrival,3,75,13400,Node_851,27,0,-4,27,-4,,,,,,,,,
9,VISIT,993,Random,OnArrival,3,66,13400,Node_574,22,0,0,22,0,,,,,,,,,
9,VISIT,994,Random,OnArrival,3,68,13400,Node_619,18,0,0,18,0,,,,,,,,,
9,VISIT,995,Random,OnArrival,3,66,13400,Node_574,22,0,0,22,0,,,,,,,,,
9,VISIT,996,Random,OnArrival,3,67,13400,Node_619,18,0,0,18,0,,,,,,,,,
9,VISIT,998,Random,OnArrival,3,49,13400,Node_968,35,0,-5,35,-5,,,,,,,,,
9,VISIT,999,Random,OnArrival,3,53,13400,Node_981,36,0,-4,36,-4,,,,,,,,,
9,VISIT,1001,Random,OnArrival,3,44,13400,Node_971,35,0,-4,35,-4,,,,,,,,,
9,VISIT,1003,Random,OnArrival,3,45,13400,Node_987,38,0,-5,38,-5,,,,,,,,,
9,VISIT,1005,Random,OnArrival,3,26,13400,Node_986,38,0,-4,38,-4,,,,,,,,,
9,VISIT,1006,Random,OnArrival,3,29,13400,Node_973,39,0,9,39,9,,,,,,,,,
9,VISIT,1007,Random,OnArrival,3,26,13400,Node_986,38,0,-4,38,-4,,,,,,,,,
9,VISIT,1009,Random,OnArrival,3,24,13400,Node_943,30,0,-3,30,-3,,,,,,,,,
9,VISIT,1010,Random,OnArrival,3,25,13400,Node_938,31,0,0,31,0,,,,,,,,,
9,VISIT,1011,Random,OnArrival,3,24,13400,Node_943,30,0,-3,30,-3,,,,,,,,,
9,VISIT,1012,Random,OnArrival,3,24,13400,Node_938,31,0,0,31,0,,,,,,,,,
9,VISIT,1013,Random,OnArrival,3,12,13400,Node_245,28,0,13,28,13,,,,,,,,,
9,VISIT,1014,Random,OnArrival,3,12,13400,Node_502,28,0,5,28,5,,,,,,,,,
9,VISIT,1015,Random,OnArrival,3,11,13400,Node_209,25,0,6,25,6,,,,,,,,,
9,VISIT,1016,Random,OnArrival,3,11,13400,Node_502,28,0,5,28,5,,,,,,,,,
9,VISIT,975,Random,OnArrival,3,169,13404,Node_593,27,0,0,27,0,,,,,,,,,
9,VISIT,977,Random,OnArrival,3,154,13404,Node_596,27,0,-1,27,-1,,,,,,,,,
9,VISIT,982,Random,OnArrival,3,124,13404,Node_509,28,0,0,28,0,,,,,,,,,
9,VISIT,983,Random,OnArrival,3,125,13404,Node_509,28,0,0,28,0,,,,,,,,,
9,VISIT,984,Random,OnArrival,3,129,13404,Node_509,28,0,0,28,0,,,,,,,,,
9,VISIT,985,Random,OnArrival,3,101,13404,Node_596,27,0,-1,27,-1,,,,,,,,,
9,VISIT,986,Random,OnArrival,3,104,13404,Node_509,28,0,0,28,0,,,,,,,,,
9,VISIT,987,Random,OnArrival,3,101,13404,Node_596,27,0,-1,27,-1,,,,,,,,,
9,VISIT,988,Random,OnArrival,3,104,13404,Node_509,28,0,0,28,0,,,,,,,,,
9,VISIT,989,Random,OnArrival,3,76,13404,Node_850,27,0,-3,27,-3,,,,,,,,,
9,VISIT,990,Random,OnArrival,3,70,13404,Node_645,24,0,-2,24,-2,,,,,,,,,
9,VISIT,991,Random,OnArrival,3,76,13404,Node_509,28,0,0,28,0,,,,,,,,,
9,VISIT,992,Random,OnArrival,3,76,13404,Node_850,27,0,-3,27,-3,,,,,,,,,
9,VISIT,993,Random,OnArrival,3,67,13404,Node_576,22,0,-1,22,-1,,,,,,,,,
9,VISIT,994,Random,OnArrival,3,69,13404,Node_83,19,0,0,19,0,,,,,,,,,
9,VISIT,995,Random,OnArrival,3,67,13404,Node_576,22,0,-1,22,-1,,,,,,,,,
9,VISIT,996,Random,OnArrival,3,68,13404,Node_83,19,0,0,19,0,,,,,,,,,
9,VISIT,998,Random,OnArrival,3,50,13404,Node_977,36,0,-5,36,-5,,,,,,,,,
9,VISIT,999,Random,OnArrival,3,54,13404,Node_974,37,0,-4,37,-4,,,,,,,,,
9,VISIT,1001,Random,OnArrival,3,45,13404,Node_981,36,0,-4,36,-4,,,,,,,,,
9,VISIT,1003,Random,OnArrival,3,46,13404,Node_986,38,0,-4,38,-4,,,,,,,,,
9,VISIT,1004,Random,OnArrival,3,39,13404,Node_990,38,0,-2,38,-2,,,,,,,,,
9,VISIT,1005,Random,OnArrival,3,27,13404,Node_987,38,0,-5,38,-5,,,,,,,,,
9,VISIT,1006,Random,OnArrival,3,30,13404,Node_970,39,0,8,39,8,,,,,,,,,
9,VISIT,1007,Random,OnArrival,3,27,13404,Node_987,38,0,-5,38,-5,,,,,,,,,
9,VISIT,1008,Random,OnArrival,3,28,13404,Node_989,38,0,-3,38,-3,,,,,,,,,
9,VISIT,1009,Random,OnArrival,3,25,13404,Node_945,30,0,-2,30,-2,,,,,,,,,
9,VISIT,1010,Random,OnArrival,3,26,13404,Node_934,32,0,0,32,0,,,,,,,,,
9,VISIT,1011,Random,OnArrival,3,25,13404,Node_945,30,0,-2,30,-2,,,,,,,,,
9,VISIT,1012,Random,OnArrival,3,25,13404,Node_934,32,0,0,32,0,,,,,,,,,
9,VISIT,1015,Random,OnArrival,3,12,13404,Node_210,25,0,5,25,5,,,,,,,,,
9,VISIT,975,Random,OnArrival,3,170,13408,Node_509,28,0,0,28,0,,,,,,,,,
9,VISIT,977,Random,OnArrival,3,155,13408,Node_593,27,0,0,27,0,,,,,,,,,
9,VISIT,982,Random,OnArrival,3,125,13408,Node_507,28,0,1,28,1,,,,,,,,,
9,VISIT,983,Random,OnArrival,3,126,13408,Node_507,28,0,1,28,1,,,,,,,,,
9,VISIT,984,Random,OnArrival,3,130,13408,Node_507,28,0,1,28,1,,,,,,,,,
9,VISIT,985,Random,OnArrival,3,102,13408,Node_593,27,0,0,27,0,,,,,,,,,
9,VISIT,986,Random,OnArrival,3,105,13408,Node_507,28,0,1,28,1,,,,,,,,,
9,VISIT,987,Random,OnArrival,3,102,13408,Node_593,27,0,0,27,0,,,,,,,,,
9,VISIT,988,Random,OnArrival,3,105,13408,Node_507,28,0,1,28,1,,,,,,,,,
9,VISIT,989,Random,OnArrival,3,77,13408,Node_597,27,0,-2,27,-2,,,,,,,,,
9,VISIT,991,Random,OnArrival,3,77,13408,Node_507,28,0,1,28,1,,,,,,,,,
9,VISIT,992,Random,OnArrival,3,77,13408,Node_597,27,0,-2,27,-2,,,,,,,,,
9,VISIT,993,Random,OnArrival,3,68,13408,Node_579,22,0,-2,22,-2,,,,,,,,,
9,VISIT,995,Random,OnArrival,3,68,13408,Node_579,22,0,-2,22,-2,,,,,,,,,
9,VISIT,998,Random,OnArrival,3,51,13408,Node_978,37,0,-5,37,-5,,,,,,,,,
9,VISIT,999,Random,OnArrival,3,55,13408,Node_972,37,0,-3,37,-3,,,,,,,,,
9,VISIT,1001,Random,OnArrival,3,46,13408,Node_974,37,0,-4,37,-4,,,,,,,,,
9,VISIT,1003,Random,OnArrival,3,47,13408,Node_974,37,0,-4,37,-4,,,,,,,,,
9,VISIT,1004,Random,OnArrival,3,40,13408,Node_969,37,0,-2,37,-2,,,,,,,,,
9,VISIT,1006,Random,OnArrival,3,31,13408,Node_962,38,0,8,38,8,,,,,,,,,
9,VISIT,1008,Random,OnArrival,3,29,13408,Node_972,37,0,-3,37,-3,,,,,,,,,
9,VISIT,1009,Random,OnArrival,3,26,13408,Node_943,30,0,-3,30,-3,,,,,,,,,
9,VISIT,1010,Random,OnArrival,3,27,13408,Node_572,33,0,0,33,0,,,,,,,,,
9,VISIT,1011,Random,OnArrival,3,26,13408,Node_943,30,0,-3,30,-3,,,,,,,,,
9,VISIT,1012,Random,OnArrival,3,26,13408,Node_572,33,0,0,33,0,,,,,,,,,
9,VISIT,1013,Random,OnArrival,3,13,13408,Node_250,30,0,13,30,13,,,,,,,,,
9,VISIT,1014,Random,OnArrival,3,13,13408,Node_504,28,0,3,28,3,,,,,,,,,
9,VISIT,1015,Random,OnArrival,3,13,13408,Node_221,26,0,5,26,5,,,,,,,,,
9,VISIT,1016,Random,OnArrival,3,12,13408,Node_504,28,0,3,28,3,,,,,,,,,
9,VISIT,1017,Random,OnArrival,3,0,13408,Node_6,19,0,12,19,12,,,,,,,,,
9,VISIT,1018,Random,OnArrival,3,0,13408,Node_7,19,0,8,19,8,,,,,,,,,
9,VISIT,1019,Random,OnArrival,3,0,13408,Node_8,17,0,10,17,10,,,,,,,,,
9,VISIT,1020,Random,OnArrival,3,0,13408,Node_9,21,0,10,21,10,,,,,,,,,
9,VISIT,975,Random,OnArrival,3,171,13412,Node_507,28,0,1,28,1,,,,,,,,,
9,VISIT,977,Random,OnArrival,3,156,13412,Node_509,28,0,0,28,0,,,,,,,,,
9,VISIT,982,Random,OnArrival,3,126,13412,Node_505,28,0,2,28,2,,,,,,,,,
9,VISIT,983,Random,OnArrival,3,127,13412,Node_505,28,0,2,28,2,,,,,,,,,
9,VISIT,984,Random,OnArrival,3,131,13412,Node_505,28,0,2,28,2,,,,,,,,,
9,VISIT,985,Random,OnArrival,3,103,13412,Node_509,28,0,0,28,0,,,,,,,,,
9,VISIT,986,Random,OnArrival,3,106,13412,Node_505,28,0,2,28,2,,,,,,,,,
9,VISIT,987,Random,OnArrival,3,103,13412,Node_509,28,0,0,28,0,,,,,,,,,
9,VISIT,988,Random,OnArrival,3,106,13412,Node_505,28,0,2,28,2,,,,,,,,,
9,VISIT,989,Random,OnArrival,3,78,13412,Node_848,28,0,-2,28,-2,,,,,,,,,
9,VISIT,990,Random,OnArrival,3,71,13412,Node_841,26,0,-2,26,-2,,,,,,,,,
9,VISIT,991,Random,OnArrival,3,78,13412,Node_505,28,0,2,28,2,,,,,,,,,
9,VISIT,992,Random,OnArrival,3,78,13412,Node_848,28,0,-2,28,-2,,,,,,,,,
9,VISIT,993,Random,OnArrival,3,69,13412,Node_191,23,0,-2,23,-2,,,,,,,,,
9,VISIT,995,Random,OnArrival,3,69,13412,Node_191,23,0,-2,23,-2,,,,,,,,,
9,VISIT,998,Random,OnArrival,3,52,13412,Node_974,37,0,-4,37,-4,,,,,,,,,
9,VISIT,999,Random,OnArrival,3,56,13412,Node_989,38,0,-3,38,-3,,,,,,,,,
9,VISIT,1001,Random,OnArrival,3,47,13412,Node_972,37,0,-3,37,-3,,,,,,,,,
9,VISIT,1003,Random,OnArrival,3,48,13412,Node_972,37,0,-3,37,-3,,,,,,,,,
9,VISIT,1004,Random,OnArrival,3,41,13412,Node_966,37,0,-1,37,-1,,,,,,,,,
9,VISIT,1006,Random,OnArrival,3,32,13412,Node_529,37,0,8,37,8,,,,,,,,,
9,VISIT,1008,Random,OnArrival,3,30,13412,Node_969,37,0,-2,37,-2,,,,,,,,,
9,VISIT,1009,Random,OnArrival,3,27,13412,Node_940,30,0,-4,30,-4,,,,,,,,,
9,VISIT,1010,Random,OnArrival,3,28,13412,Node_928,34,0,0,34,0,,,,,,,,,
9,VISIT,1011,Random,OnArrival,3,27,13412,Node_940,30,0,-4,30,-4,,,,,,,,,
9,VISIT,1012,Random,OnArrival,3,27,13412,Node_928,34,0,0,34,0,,,,,,,,,
9,VISIT,1013,Random,OnArrival,3,14,13412,Node_257,31,0,13,31,13,,,,,,,,,
9,VISIT,1014,Random,OnArrival,3,14,13412,Node_557,29,0,3,29,3,,,,,,,,,
9,VISIT,1015,Random,OnArrival,3,14,13412,Node_551,27,0,5,27,5,,,,,,,,,
9,VISIT,1016,Random,OnArrival,3,13,13412,Node_557,29,0,3,29,3,,,,,,,,,
9,VISIT,1017,Random,OnArrival,3,1,13412,Node_2,19,0,11,19,11,,,,,,,,,
9,VISIT,1018,Random,OnArrival,3,1,13412,Node_47,20,0,8,20,8,,,,,,,,,
9,VISIT,1019,Random,OnArrival,3,1,13412,Node_4,18,0,10,18,10,,,,,,,,,
9,VISIT,1020,Random,OnArrival,3,1,13412,Node_48,21,0,9,21,9,,,,,,,,,
9,VISIT,975,Random,OnArrival,3,172,13416,Node_505,28,0,2,28,2,,,,,,,,,
9,VISIT,977,Random,OnArrival,3,157,13416,Node_507,28,0,1,28,1,,,,,,,,,
9,VISIT,982,Random,OnArrival,3,127,13416,Node_504,28,0,3,28,3,,,,,,,,,
9,VISIT,983,Random,OnArrival,3,128,13416,Node_504,28,0,3,28,3,,,,,,,,,
9,VISIT,984,Random,OnArrival,3,132,13416,Node_504,28,0,3,28,3,,,,,,,,,
9,VISIT,985,Random,OnArrival,3,104,13416,Node_507,28,0,1,28,1,,,,,,,,,
9,VISIT,986,Random,OnArrival,3,107,13416,Node_504,28,0,3,28,3,,,,,,,,,
9,VISIT,987,Random,OnArrival,3,104,13416,Node_507,28,0,1,28,1,,,,,,,,,
9,VISIT,988,Random,OnArrival,3,107,13416,Node_504,28,0,3,28,3,,,,,,,,,
9,VISIT,989,Random,OnArrival,3,79,13416,Node_923,29,0,-2,29,-2,,,,,,,,,
9,VISIT,990,Random,OnArrival,3,72,13416,Node_597,27,0,-2,27,-2,,,,,,,,,
9,VISIT,991,Random,OnArrival,3,79,13416,Node_504,28,0,3,28,3,,,,,,,,,
9,VISIT,992,Random,OnArrival,3,79,13416,Node_923,29,0,-2,29,-2,,,,,,,,,
9,VISIT,993,Random,OnArrival,3,70,13416,Node_645,24,0,-2,24,-2,,,,,,,,,
9,VISIT,994,Random,OnArrival,3,70,13416,Node_574,22,0,0,22,0,,,,,,,,,
9,VISIT,995,Random,OnArrival,3,70,13416,Node_645,24,0,-2,24,-2,,,,,,,,,
9,VISIT,996,Random,OnArrival,3,69,13416,Node_574,22,0,0,22,0,,,,,,,,,
9,VISIT,998,Random,OnArrival,3,53,13416,Node_972,37,0,-3,37,-3,,,,,,,,,
9,VISIT,999,Random,OnArrival,3,57,13416,Node_990,38,0,-2,38,-2,,,,,,,,,
9,VISIT,1001,Random,OnArrival,3,48,13416,Node_969,37,0,-2,37,-2,,,,,,,,,
9,VISIT,1003,Random,OnArrival,3,49,13416,Node_969,37,0,-2,37,-2,,,,,,,,,
9,VISIT,1004,Random,OnArrival,3,42,13416,Node_988,38,0,-1,38,-1,,,,,,,,,
9,VISIT,1006,Random,OnArrival,3,33,13416,Node_531,37,0,7,37,7,,,,,,,,,
9,VISIT,1008,Random,OnArrival,3,31,13416,Node_966,37,0,-1,37,-1,,,,,,,,,
9,VISIT,1009,Random,OnArrival,3,28,13416,Node_936,30,0,-5,30,-5,,,,,,,,,
9,VISIT,1010,Random,OnArrival,3,29,13416,Node_951,35,0,0,35,0,,,,,,,,,
9,VISIT,1011,Random,OnArrival,3,28,13416,Node_936,30,0,-5,30,-5,,,,,,,,,
9,VISIT,1012,Random,OnArrival,3,28,13416,Node_951,35,0,0,35,0,,,,,,,,,
9,VISIT,1013,Random,OnArrival,3,15,13416,Node_292,32,0,13,32,13,,,,,,,,,
9,VISIT,1015,Random,OnArrival,3,15,13416,Node_502,28,0,5,28,5,,,,,,,,,
9,VISIT,1017,Random,OnArrival,3,2,13416,Node_20,19,0,10,19,10,,,,,,,,,
9,VISIT,1018,Random,OnArrival,3,2,13416,Node_51,21,0,8,21,8,,,,,,,,,
9,VISIT,1019,Random,OnArrival,3,2,13416,Node_15,18,0,9,18,9,,,,,,,,,
9,VISIT,1020,Random,OnArrival,3,2,13416,Node_71,22,0,9,22,9,,,,,,,,,
9,VISIT,975,Random,OnArrival,3,173,13420,Node_504,28,0,3,28,3,,,,,,,,,
9,VISIT,977,Random,OnArrival,3,158,13420,Node_505,28,0,2,28,2,,,,,,,,,
9,VISIT,982,Random,OnArrival,3,128,13420,Node_557,29,0,3,29,3,,,,,,,,,
9,VISIT,983,Random,OnArrival,3,129,13420,Node_557,29,0,3,29,3,,,,,,,,,
9,VISIT,984,Random,OnArrival,3,133,13420,Node_557,29,0,3,29,3,,,,,,,,,
9,VISIT,985,Random,OnArrival,3,105,13420,Node_505,28,0,2,28,2,,,,,,,,,
9,VISIT,986,Random,OnArrival,3,108,13420,Node_557,29,0,3,29,3,,,,,,,,,
9,VISIT,987,Random,OnArrival,3,105,13420,Node_505,28,0,2,28,2,,,,,,,,,
9,VISIT,988,Random,OnArrival,3,108,13420,Node_557,29,0,3,29,3,,,,,,,,,
9,VISIT,989,Random,OnArrival,3,80,13420,Node_926,29,0,-3,29,-3,,,,,,,,,
9,VISIT,990,Random,OnArrival,3,73,13420,Node_850,27,0,-3,27,-3,,,,,,,,,
9,VISIT,991,Random,OnArrival,3,80,13420,Node_557,29,0,3,29,3,,,,,,,,,
9,VISIT,992,Random,OnArrival,3,80,13420,Node_926,29,0,-3,29,-3,,,,,,,,,
9,VISIT,994,Random,OnArrival,3,71,13420,Node_576,22,0,-1,22,-1,,,,,,,,,
9,VISIT,996,Random,OnArrival,3,70,13420,Node_576,22,0,-1,22,-1,,,,,,,,,
9,VISIT,998,Random,OnArrival,3,54,13420,Node_969,37,0,-2,37,-2,,,,,,,,,
9,VISIT,1001,Random,OnArrival,3,49,13420,Node_990,38,0,-2,38,-2,,,,,,,,,
9,VISIT,1003,Random,OnArrival,3,50,13420,Node_966,37,0,-1,37,-1,,,,,,,,,
9,VISIT,1006,Random,OnArrival,3,34,13420,Node_960,38,0,7,38,7,,,,,,,,,
9,VISIT,1008,Random,OnArrival,3,32,13420,Node_965,37,0,0,37,0,,,,,,,,,
9,VISIT,1017,Random,OnArrival,3,3,13420,Node_3,19,0,9,19,9,,,,,,,,,
9,VISIT,1018,Random,OnArrival,3,3,13420,Node_53,21,0,7,21,7,,,,,,,,,
9,VISIT,1019,Random,OnArrival,3,3,13420,Node_3,19,0,9,19,9,,,,,,,,,
9,VISIT,1020,Random,OnArrival,3,3,13420,Node_113,23,0,9,23,9,,,,,,,,,
9,VISIT,975,Random,OnArrival,3,174,13424,Node_557,29,0,3,29,3,,,,,,,,,
9,VISIT,977,Random,OnArrival,3,159,13424,Node_504,28,0,3,28,3,,,,,,,,,
9,VISIT,985,Random,OnArrival,3,106,13424,Node_504,28,0,3,28,3,,,,,,,,,
9,VISIT,987,Random,OnArrival,3,106,13424,Node_504,28,0,3,28,3,,,,,,,,,
9,VISIT,989,Random,OnArrival,3,81,13424,Node_929,29,0,-4,29,-4,,,,,,,,,
9,VISIT,990,Random,OnArrival,3,74,13424,Node_851,27,0,-4,27,-4,,,,,,,,,
9,VISIT,992,Random,OnArrival,3,81,13424,Node_929,29,0,-4,29,-4,,,,,,,,,
9,VISIT,993,Random,OnArrival,3,71,13424,Node_841,26,0,-2,26,-2,,,,,,,,,
9,VISIT,994,Random,OnArrival,3,72,13424,Node_579,22,0,-2,22,-2,,,,,,,,,
9,VISIT,995,Random,OnArrival,3,71,13424,Node_841,26,0,-2,26,-2,,,,,,,,,
9,VISIT,996,Random,OnArrival,3,71,13424,Node_579,22,0,-2,22,-2,,,,,,,,,
9,VISIT,998,Random,OnArrival,3,55,13424,Node_966,37,0,-1,37,-1,,,,,,,,,
9,VISIT,999,Random,OnArrival,3,58,13424,Node_992,39,0,-1,39,-1,,,,,,,,,
9,VISIT,1001,Random,OnArrival,3,50,13424,Node_988,38,0,-1,38,-1,,,,,,,,,
9,VISIT,1003,Random,OnArrival,3,51,13424,Node_965,37,0,0,37,0,,,,,,,,,
9,VISIT,1006,Random,OnArrival,3,35,13424,Node_967,39,0,7,39,7,,,,,,,,,
9,VISIT,1010,Random,OnArrival,3,30,13424,Node_965,37,0,0,37,0,,,,,,,,,
9,VISIT,1012,Random,OnArrival,3,29,13424,Node_965,37,0,0,37,0,,,,,,,,,
9,VISIT,1013,Random,OnArrival,3,16,13424,Node_421,34,0,13,34,13,,,,,,,,,
9,VISIT,1014,Random,OnArrival,3,15,13424,Node_914,32,0,3,32,3,,,,,,,,,
9,VISIT,1015,Random,OnArrival,3,16,13424,Node_504,28,0,3,28,3,,,,,,,,,
9,VISIT,1016,Random,OnArrival,3,14,13424,Node_914,32,0,3,32,3,,,,,,,,,
9,VISIT,1017,Random,OnArrival,3,4,13424,Node_50,20,0,9,20,9,,,,,,,,,
9,VISIT,1018,Random,OnArrival,3,4,13424,Node_56,21,0,6,21,6,,,,,,,,,
9,VISIT,1019,Random,OnArrival,3,4,13424,Node_50,20,0,9,20,9,,,,,,,,,
9,VISIT,977,Random,OnArrival,3,160,13428,Node_557,29,0,3,29,3,,,,,,,,,
9,VISIT,985,Random,OnArrival,3,107,13428,Node_557,29,0,3,29,3,,,,,,,,,
9,VISIT,987,Random,OnArrival,3,107,13428,Node_557,29,0,3,29,3,,,,,,,,,
9,VISIT,989,Random,OnArrival,3,82,13428,Node_933,29,0,-5,29,-5,,,,,,,,,
9,VISIT,990,Random,OnArrival,3,75,13428,Node_850,27,0,-3,27,-3,,,,,,,,,
9,VISIT,992,Random,OnArrival,3,82,13428,Node_933,29,0,-5,29,-5,,,,,,,,,
9,VISIT,993,Random,OnArrival,3,72,13428,Node_597,27,0,-2,27,-2,,,,,,,,,
9,VISIT,994,Random,OnArrival,3,73,13428,Node_191,23,0,-2,23,-2,,,,,,,,,
9,VISIT,995,Random,OnArrival,3,72,13428,Node_597,27,0,-2,27,-2,,,,,,,,,
9,VISIT,996,Random,OnArrival,3,72,13428,Node_191,23,0,-2,23,-2,,,,,,,,,
9,VISIT,998,Random,OnArrival,3,56,13428,Node_965,37,0,0,37,0,,,,,,,,,
9,VISIT,999,Random,OnArrival,3,59,13428,Node_993,39,0,0,39,0,,,,,,,,,
9,VISIT,1001,Random,OnArrival,3,51,13428,Node_985,38,0,0,38,0,,,,,,,,,
9,VISIT,1008,Random,OnArrival,3,33,13428,Node_951,35,0,0,35,0,,,,,,,,,
9,VISIT,1009,Random,OnArrival,3,29,13428,Node_947,33,0,-5,33,-5,,,,,,,,,
9,VISIT,1010,Random,OnArrival,3,31,13428,Node_985,38,0,0,38,0,,,,,,,,,
9,VISIT,1011,Random,OnArrival,3,29,13428,Node_947,33,0,-5,33,-5,,,,,,,,,
9,VISIT,1012,Random,OnArrival,3,30,13428,Node_985,38,0,0,38,0,,,,,,,,,
9,VISIT,1013,Random,OnArrival,3,17,13428,Node_419,35,0,13,35,13,,,,,,,,,
9,VISIT,1014,Random,OnArrival,3,16,13428,Node_915,32,0,4,32,4,,,,,,,,,
9,VISIT,1015,Random,OnArrival,3,17,13428,Node_557,29,0,3,29,3,,,,,,,,,
9,VISIT,1016,Random,OnArrival,3,15,13428,Node_915,32,0,4,32,4,,,,,,,,,
9,VISIT,1017,Random,OnArrival,3,5,13428,Node_48,21,0,9,21,9,,,,,,,,,
9,VISIT,1018,Random,OnArrival,3,5,13428,Node_57,21,0,5,21,5,,,,,,,,,
9,VISIT,1019,Random,OnArrival,3,5,13428,Node_48,21,0,9,21,9,,,,,,,,,
9,VISIT,1020,Random,OnArrival,3,4,13428,Node_206,25,0,9,25,9,,,,,,,,,
9,VISIT,982,Random,OnArrival,3,129,13432,Node_914,32,0,3,32,3,,,,,,,,,
9,VISIT,983,Random,OnArrival,3,130,13432,Node_914,32,0,3,32,3,,,,,,,,,
9,VISIT,984,Random,OnArrival,3,134,13432,Node_914,32,0,3,32,3,,,,,,,,,
9,VISIT,986,Random,OnArrival,3,109,13432,Node_914,32,0,3,32,3,,,,,,,,,
9,VISIT,988,Random,OnArrival,3,109,13432,Node_914,32,0,3,32,3,,,,,,,,,
9,VISIT,989,Random,OnArrival,3,83,13432,Node_936,30,0,-5,30,-5,,,,,,,,,
9,VISIT,990,Random,OnArrival,3,76,13432,Node_597,27,0,-2,27,-2,,,,,,,,,
9,VISIT,991,Random,OnArrival,3,81,13432,Node_914,32,0,3,32,3,,,,,,,,,
9,VISIT,992,Random,OnArrival,3,83,13432,Node_936,30,0,-5,30,-5,,,,,,,,,
9,VISIT,993,Random,OnArrival,3,73,13432,Node_850,27,0,-3,27,-3,,,,,,,,,
9,VISIT,994,Random,OnArrival,3,74,13432,Node_645,24,0,-2,24,-2,,,,,,,,,
9,VISIT,995,Random,OnArrival,3,73,13432,Node_850,27,0,-3,27,-3,,,,,,,,,
9,VISIT,996,Random,OnArrival,3,73,13432,Node_645,24,0,-2,24,-2,,,,,,,,,
9,VISIT,998,Random,OnArrival,3,57,13432,Node_985,38,0,0,38,0,,,,,,,,,
9,VISIT,999,Random,OnArrival,3,60,13432,Node_995,39,0,1,39,1,,,,,,,,,
9,VISIT,1001,Random,OnArrival,3,52,13432,Node_965,37,0,0,37,0,,,,,,,,,
9,VISIT,1003,Random,OnArrival,3,52,13432,Node_951,35,0,0,35,0,,,,,,,,,
9,VISIT,1009,Random,OnArrival,3,30,13432,Node_944,34,0,-5,34,-5,,,,,,,,,
9,VISIT,1010,Random,OnArrival,3,32,13432,Node_993,39,0,0,39,0,,,,,,,,,
9,VISIT,1011,Random,OnArrival,3,30,13432,Node_944,34,0,-5,34,-5,,,,,,,,,
9,VISIT,1012,Random,OnArrival,3,31,13432,Node_993,39,0,0,39,0,,,,,,,,,
9,VISIT,1014,Random,OnArrival,3,17,13432,Node_562,33,0,4,33,4,,,,,,,,,
9,VISIT,1016,Random,OnArrival,3,16,13432,Node_562,33,0,4,33,4,,,,,,,,,
9,VISIT,1017,Random,OnArrival,3,6,13432,Node_71,22,0,9,22,9,,,,,,,,,
9,VISIT,1018,Random,OnArrival,3,6,13432,Node_75,22,0,5,22,5,,,,,,,,,
9,VISIT,1019,Random,OnArrival,3,6,13432,Node_71,22,0,9,22,9,,,,,,,,,
9,VISIT,1020,Random,OnArrival,3,5,13432,Node_207,25,0,8,25,8,,,,,,,,,
9,VISIT,975,Random,OnArrival,3,175,13436,Node_914,32,0,3,32,3,,,,,,,,,
9,VISIT,982,Random,OnArrival,3,130,13436,Node_565,33,0,3,33,3,,,,,,,,,
9,VISIT,983,Random,OnArrival,3,131,13436,Node_565,33,0,3,33,3,,,,,,,,,
9,VISIT,984,Random,OnArrival,3,135,13436,Node_565,33,0,3,33,3,,,,,,,,,
9,VISIT,986,Random,OnArrival,3,110,13436,Node_565,33,0,3,33,3,,,,,,,,,
9,VISIT,988,Random,OnArrival,3,110,13436,Node_565,33,0,3,33,3,,,,,,,,,
9,VISIT,990,Random,OnArrival,3,77,13436,Node_596,27,0,-1,27,-1,,,,,,,,,
9,VISIT,991,Random,OnArrival,3,82,13436,Node_565,33,0,3,33,3,,,,,,,,,
9,VISIT,993,Random,OnArrival,3,74,13436,Node_851,27,0,-4,27,-4,,,,,,,,,
9,VISIT,995,Random,OnArrival,3,74,13436,Node_851,27,0,-4,27,-4,,,,,,,,,
9,VISIT,998,Random,OnArrival,3,58,13436,Node_993,39,0,0,39,0,,,,,,,,,
9,VISIT,999,Random,OnArrival,3,61,13436,Node_1,39,0,2,39,2,,,,,,,,,
9,SUMMARY,,Unknown,None,,,,,,,,,,0,0,997,-1,126728.000,9754,0,0.000,0.000
