RunID,RowType,PlayerID,UnknownSelectMode,TargetUpdateMode,UnknownReferenceDepth,StepIndex,Frame,NodeName,NodePosX,NodePosY,NodePosZ,CellX,CellZ,GoalCellX,GoalCellZ,NodesCreated,ShortestPathLen,TimeToGoal,TotalNodeVisits,TotalProcessMs,AvgProcessMs,MaxProcessMs
20,VISIT,1737,Random,OnArrival,5,0,169,Node_4,18,0,10,18,10,,,,,,,,,
20,VISIT,1738,Random,OnArrival,5,0,169,Node_4,18,0,10,18,10,,,,,,,,,
20,VISIT,1737,Random,OnArrival,5,1,208,Node_15,18,0,9,18,9,,,,,,,,,
20,VISIT,1738,Random,OnArrival,5,1,245,Node_2,19,0,11,19,11,,,,,,,,,
20,VISIT,1737,Random,OnArrival,5,2,283,Node_8,17,0,10,17,10,,,,,,,,,
20,VISIT,1738,Random,OnArrival,5,2,283,Node_14,18,0,11,18,11,,,,,,,,,
20,VISIT,1737,Random,OnArrival,5,3,322,Node_24,16,0,10,16,10,,,,,,,,,
20,VISIT,1738,Random,OnArrival,5,3,322,Node_12,17,0,11,17,11,,,,,,,,,
20,VISIT,1737,Random,OnArrival,5,4,360,Node_8,17,0,10,17,10,,,,,,,,,
20,VISIT,1738,Random,OnArrival,5,4,360,Node_21,16,0,11,16,11,,,,,,,,,
20,VISIT,1737,Random,OnArrival,5,5,398,Node_12,17,0,11,17,11,,,,,,,,,
20,VISIT,1738,Random,OnArrival,5,5,398,Node_28,15,0,11,15,11,,,,,,,,,
20,VISIT,1737,Random,OnArrival,5,6,435,Node_8,17,0,10,17,10,,,,,,,,,
20,VISIT,1737,Random,OnArrival,5,7,473,Node_4,18,0,10,18,10,,,,,,,,,
20,VISIT,1737,Random,OnArrival,5,8,511,Node_15,18,0,9,18,9,,,,,,,,,
20,VISIT,1737,Random,OnArrival,5,9,550,Node_3,19,0,9,19,9,,,,,,,,,
20,VISIT,1737,Random,OnArrival,5,10,589,Node_20,19,0,10,19,10,,,,,,,,,
20,VISIT,1737,Random,OnArrival,5,11,627,Node_5,20,0,10,20,10,,,,,,,,,
20,VISIT,1737,Random,OnArrival,5,12,854,Node_25,21,0,15,21,15,,,,,,,,,
20,VISIT,1741,Random,OnArrival,5,0,1881,Node_6,19,0,12,19,12,,,,,,,,,
20,VISIT,1742,Random,OnArrival,5,0,1881,Node_7,19,0,8,19,8,,,,,,,,,
20,VISIT,1743,Random,OnArrival,5,0,1881,Node_8,17,0,10,17,10,,,,,,,,,
20,VISIT,1744,Random,OnArrival,5,0,1881,Node_9,21,0,10,21,10,,,,,,,,,
20,VISIT,1741,Random,OnArrival,5,1,1918,Node_41,20,0,12,20,12,,,,,,,,,
20,VISIT,1743,Random,OnArrival,5,1,1918,Node_4,18,0,10,18,10,,,,,,,,,
20,VISIT,1741,Random,OnArrival,5,2,1955,Node_17,21,0,12,21,12,,,,,,,,,
20,VISIT,1743,Random,OnArrival,5,2,1955,Node_20,19,0,10,19,10,,,,,,,,,
20,VISIT,1741,Random,OnArrival,5,3,1992,Node_19,21,0,13,21,13,,,,,,,,,
20,VISIT,1742,Random,OnArrival,5,1,1992,Node_5,20,0,10,20,10,,,,,,,,,
20,VISIT,1743,Random,OnArrival,5,3,1992,Node_2,19,0,11,19,11,,,,,,,,,
20,VISIT,1741,Random,OnArrival,5,4,2029,Node_42,20,0,13,20,13,,,,,,,,,
20,VISIT,1742,Random,OnArrival,5,2,2029,Node_20,19,0,10,19,10,,,,,,,,,
20,VISIT,1743,Random,OnArrival,5,4,2029,Node_40,20,0,11,20,11,,,,,,,,,
20,VISIT,1741,Random,OnArrival,5,5,2066,Node_43,20,0,14,20,14,,,,,,,,,
20,VISIT,1742,Random,OnArrival,5,3,2066,Node_3,19,0,9,19,9,,,,,,,,,
20,VISIT,1743,Random,OnArrival,5,5,2066,Node_13,21,0,11,21,11,,,,,,,,,
20,VISIT,1742,Random,OnArrival,5,4,2103,Node_48,20,0,9,20,9,,,,,,,,,
20,VISIT,1742,Random,OnArrival,5,5,2140,Node_47,21,0,9,21,9,,,,,,,,,
20,VISIT,1742,Random,OnArrival,5,6,2212,Node_56,22,0,10,22,10,,,,,,,,,
20,VISIT,1742,Random,OnArrival,5,7,2248,Node_9,21,0,10,21,10,,,,,,,,,
20,VISIT,1742,Random,OnArrival,5,8,2283,Node_5,20,0,10,20,10,,,,,,,,,
20,VISIT,1742,Random,OnArrival,5,9,2318,Node_20,19,0,10,19,10,,,,,,,,,
20,VISIT,1742,Random,OnArrival,5,10,2354,Node_4,18,0,10,18,10,,,,,,,,,
20,VISIT,1743,Random,OnArrival,5,6,2354,Node_52,21,0,5,21,5,,,,,,,,,
20,VISIT,1742,Random,OnArrival,5,11,2390,Node_8,17,0,10,17,10,,,,,,,,,
20,VISIT,1743,Random,OnArrival,5,7,2390,Node_66,20,0,5,20,5,,,,,,,,,
20,VISIT,1742,Random,OnArrival,5,12,2425,Node_24,16,0,10,16,10,,,,,,,,,
20,VISIT,1742,Random,OnArrival,5,13,2460,Node_26,15,0,10,15,10,,,,,,,,,
20,VISIT,1742,Random,OnArrival,5,14,2529,Node_33,14,0,11,14,11,,,,,,,,,
20,VISIT,1742,Random,OnArrival,5,15,2668,Node_38,13,0,14,13,14,,,,,,,,,
20,VISIT,1745,Random,OnArrival,5,0,3549,Node_6,19,0,12,19,12,,,,,,,,,
20,VISIT,1746,Random,OnArrival,5,0,3549,Node_7,19,0,8,19,8,,,,,,,,,
20,VISIT,1747,Random,OnArrival,5,0,3549,Node_8,17,0,10,17,10,,,,,,,,,
20,VISIT,1748,Random,OnArrival,5,0,3549,Node_9,21,0,10,21,10,,,,,,,,,
20,VISIT,1745,Random,OnArrival,5,1,3583,Node_2,19,0,11,19,11,,,,,,,,,
20,VISIT,1746,Random,OnArrival,5,1,3583,Node_3,19,0,9,19,9,,,,,,,,,
20,VISIT,1747,Random,OnArrival,5,1,3583,Node_12,17,0,11,17,11,,,,,,,,,
20,VISIT,1748,Random,OnArrival,5,1,3583,Node_13,21,0,11,21,11,,,,,,,,,
20,VISIT,1745,Random,OnArrival,5,2,3618,Node_14,18,0,11,18,11,,,,,,,,,
20,VISIT,1746,Random,OnArrival,5,2,3618,Node_15,18,0,9,18,9,,,,,,,,,
20,VISIT,1747,Random,OnArrival,5,2,3618,Node_21,16,0,11,16,11,,,,,,,,,
20,VISIT,1748,Random,OnArrival,5,2,3618,Node_17,21,0,12,21,12,,,,,,,,,
20,VISIT,1745,Random,OnArrival,5,3,3652,Node_12,17,0,11,17,11,,,,,,,,,
20,VISIT,1746,Random,OnArrival,5,3,3652,Node_4,18,0,10,18,10,,,,,,,,,
20,VISIT,1747,Random,OnArrival,5,3,3652,Node_28,15,0,11,15,11,,,,,,,,,
20,VISIT,1748,Random,OnArrival,5,3,3652,Node_19,21,0,13,21,13,,,,,,,,,
20,VISIT,1745,Random,OnArrival,5,4,3687,Node_16,17,0,12,17,12,,,,,,,,,
20,VISIT,1746,Random,OnArrival,5,4,3687,Node_8,17,0,10,17,10,,,,,,,,,
20,VISIT,1747,Random,OnArrival,5,4,3687,Node_33,14,0,11,14,11,,,,,,,,,
20,VISIT,1748,Random,OnArrival,5,4,3687,Node_22,21,0,14,21,14,,,,,,,,,
20,VISIT,1745,Random,OnArrival,5,5,3722,Node_10,18,0,12,18,12,,,,,,,,,
20,VISIT,1746,Random,OnArrival,5,5,3722,Node_12,17,0,11,17,11,,,,,,,,,
20,VISIT,1747,Random,OnArrival,5,5,3722,Node_35,14,0,12,14,12,,,,,,,,,
20,VISIT,1748,Random,OnArrival,5,5,3722,Node_43,20,0,14,20,14,,,,,,,,,
20,VISIT,1745,Random,OnArrival,5,6,3757,Node_14,18,0,11,18,11,,,,,,,,,
20,VISIT,1746,Random,OnArrival,5,6,3757,Node_16,17,0,12,17,12,,,,,,,,,
20,VISIT,1747,Random,OnArrival,5,6,3757,Node_81,13,0,12,13,12,,,,,,,,,
20,VISIT,1748,Random,OnArrival,5,6,3757,Node_44,20,0,15,20,15,,,,,,,,,
20,VISIT,1745,Random,OnArrival,5,7,3792,Node_12,17,0,11,17,11,,,,,,,,,
20,VISIT,1746,Random,OnArrival,5,7,3792,Node_10,18,0,12,18,12,,,,,,,,,
20,VISIT,1747,Random,OnArrival,5,7,3792,Node_80,13,0,11,13,11,,,,,,,,,
20,VISIT,1748,Random,OnArrival,5,7,3792,Node_25,21,0,15,21,15,,,,,,,,,
20,VISIT,1745,Random,OnArrival,5,8,3827,Node_21,16,0,11,16,11,,,,,,,,,
20,VISIT,1746,Random,OnArrival,5,8,3827,Node_6,19,0,12,19,12,,,,,,,,,
20,VISIT,1748,Random,OnArrival,5,8,3827,Node_27,21,0,16,21,16,,,,,,,,,
20,VISIT,1745,Random,OnArrival,5,9,3861,Node_28,15,0,11,15,11,,,,,,,,,
20,VISIT,1746,Random,OnArrival,5,9,3861,Node_41,20,0,12,20,12,,,,,,,,,
20,VISIT,1745,Random,OnArrival,5,10,3894,Node_29,15,0,12,15,12,,,,,,,,,
20,VISIT,1746,Random,OnArrival,5,10,3894,Node_42,20,0,13,20,13,,,,,,,,,
20,VISIT,1748,Random,OnArrival,5,9,3894,Node_45,22,0,15,22,15,,,,,,,,,
20,VISIT,1745,Random,OnArrival,5,11,3928,Node_35,14,0,12,14,12,,,,,,,,,
20,VISIT,1746,Random,OnArrival,5,11,3928,Node_43,20,0,14,20,14,,,,,,,,,
20,VISIT,1745,Random,OnArrival,5,12,3961,Node_33,14,0,11,14,11,,,,,,,,,
20,VISIT,1745,Random,OnArrival,5,13,3995,Node_80,13,0,11,13,11,,,,,,,,,
20,VISIT,1746,Random,OnArrival,5,12,3995,Node_55,18,0,14,18,14,,,,,,,,,
20,VISIT,1745,Random,OnArrival,5,14,4029,Node_86,13,0,10,13,10,,,,,,,,,
20,VISIT,1745,Random,OnArrival,5,15,4159,Node_105,12,0,7,12,7,,,,,,,,,
20,VISIT,1745,Random,OnArrival,5,16,4191,Node_90,13,0,7,13,7,,,,,,,,,
20,VISIT,1745,Random,OnArrival,5,17,4289,Node_92,13,0,6,13,6,,,,,,,,,
20,VISIT,1745,Random,OnArrival,5,18,4321,Node_101,12,0,6,12,6,,,,,,,,,
20,VISIT,1749,Random,OnArrival,5,0,5110,Node_6,19,0,12,19,12,,,,,,,,,
20,VISIT,1750,Random,OnArrival,5,0,5110,Node_7,19,0,8,19,8,,,,,,,,,
20,VISIT,1751,Random,OnArrival,5,0,5110,Node_8,17,0,10,17,10,,,,,,,,,
20,VISIT,1752,Random,OnArrival,5,0,5110,Node_9,21,0,10,21,10,,,,,,,,,
20,VISIT,1749,Random,OnArrival,5,1,5142,Node_2,19,0,11,19,11,,,,,,,,,
20,VISIT,1750,Random,OnArrival,5,1,5142,Node_3,19,0,9,19,9,,,,,,,,,
20,VISIT,1751,Random,OnArrival,5,1,5142,Node_4,18,0,10,18,10,,,,,,,,,
20,VISIT,1752,Random,OnArrival,5,1,5142,Node_47,21,0,9,21,9,,,,,,,,,
20,VISIT,1749,Random,OnArrival,5,2,5175,Node_20,19,0,10,19,10,,,,,,,,,
20,VISIT,1750,Random,OnArrival,5,2,5175,Node_48,20,0,9,20,9,,,,,,,,,
20,VISIT,1751,Random,OnArrival,5,2,5175,Node_15,18,0,9,18,9,,,,,,,,,
20,VISIT,1752,Random,OnArrival,5,2,5175,Node_49,21,0,8,21,8,,,,,,,,,
20,VISIT,1749,Random,OnArrival,5,3,5208,Node_3,19,0,9,19,9,,,,,,,,,
20,VISIT,1750,Random,OnArrival,5,3,5208,Node_47,21,0,9,21,9,,,,,,,,,
20,VISIT,1751,Random,OnArrival,5,3,5208,Node_11,18,0,8,18,8,,,,,,,,,
20,VISIT,1752,Random,OnArrival,5,3,5208,Node_46,20,0,8,20,8,,,,,,,,,
20,VISIT,1749,Random,OnArrival,5,4,5241,Node_48,20,0,9,20,9,,,,,,,,,
20,VISIT,1750,Random,OnArrival,5,4,5241,Node_49,21,0,8,21,8,,,,,,,,,
20,VISIT,1752,Random,OnArrival,5,4,5241,Node_49,21,0,8,21,8,,,,,,,,,
20,VISIT,1749,Random,OnArrival,5,5,5273,Node_46,20,0,8,20,8,,,,,,,,,
20,VISIT,1750,Random,OnArrival,5,5,5273,Node_62,22,0,8,22,8,,,,,,,,,
20,VISIT,1751,Random,OnArrival,5,4,5273,Node_23,17,0,9,17,9,,,,,,,,,
20,VISIT,1752,Random,OnArrival,5,5,5273,Node_62,22,0,8,22,8,,,,,,,,,
20,VISIT,1749,Random,OnArrival,5,6,5306,Node_49,21,0,8,21,8,,,,,,,,,
20,VISIT,1750,Random,OnArrival,5,6,5306,Node_59,22,0,9,22,9,,,,,,,,,
20,VISIT,1751,Random,OnArrival,5,5,5306,Node_8,17,0,10,17,10,,,,,,,,,
20,VISIT,1752,Random,OnArrival,5,6,5306,Node_65,22,0,7,22,7,,,,,,,,,
20,VISIT,1749,Random,OnArrival,5,7,5339,Node_50,21,0,7,21,7,,,,,,,,,
20,VISIT,1751,Random,OnArrival,5,6,5339,Node_12,17,0,11,17,11,,,,,,,,,
20,VISIT,1752,Random,OnArrival,5,7,5339,Node_50,21,0,7,21,7,,,,,,,,,
20,VISIT,1749,Random,OnArrival,5,8,5371,Node_65,22,0,7,22,7,,,,,,,,,
20,VISIT,1751,Random,OnArrival,5,7,5371,Node_21,16,0,11,16,11,,,,,,,,,
20,VISIT,1752,Random,OnArrival,5,8,5371,Node_51,21,0,6,21,6,,,,,,,,,
20,VISIT,1749,Random,OnArrival,5,9,5402,Node_68,22,0,6,22,6,,,,,,,,,
20,VISIT,1751,Random,OnArrival,5,8,5402,Node_28,15,0,11,15,11,,,,,,,,,
20,VISIT,1752,Random,OnArrival,5,9,5402,Node_74,20,0,6,20,6,,,,,,,,,
20,VISIT,1749,Random,OnArrival,5,10,5433,Node_51,21,0,6,21,6,,,,,,,,,
20,VISIT,1751,Random,OnArrival,5,9,5433,Node_29,15,0,12,15,12,,,,,,,,,
20,VISIT,1752,Random,OnArrival,5,10,5433,Node_76,19,0,6,19,6,,,,,,,,,
20,VISIT,1749,Random,OnArrival,5,11,5464,Node_74,20,0,6,20,6,,,,,,,,,
20,VISIT,1751,Random,OnArrival,5,10,5464,Node_18,16,0,12,16,12,,,,,,,,,
20,VISIT,1752,Random,OnArrival,5,11,5464,Node_78,19,0,5,19,5,,,,,,,,,
20,VISIT,1749,Random,OnArrival,5,12,5495,Node_76,19,0,6,19,6,,,,,,,,,
20,VISIT,1751,Random,OnArrival,5,11,5495,Node_29,15,0,12,15,12,,,,,,,,,
20,VISIT,1749,Random,OnArrival,5,13,5526,Node_78,19,0,5,19,5,,,,,,,,,
20,VISIT,1751,Random,OnArrival,5,12,5526,Node_35,14,0,12,14,12,,,,,,,,,
20,VISIT,1749,Random,OnArrival,5,14,5558,Node_66,20,0,5,20,5,,,,,,,,,
20,VISIT,1751,Random,OnArrival,5,13,5558,Node_81,13,0,12,13,12,,,,,,,,,
20,VISIT,1749,Random,OnArrival,5,15,5589,Node_63,20,0,4,20,4,,,,,,,,,
20,VISIT,1751,Random,OnArrival,5,14,5589,Node_82,13,0,13,13,13,,,,,,,,,
20,VISIT,1749,Random,OnArrival,5,16,5620,Node_79,19,0,4,19,4,,,,,,,,,
20,VISIT,1750,Random,OnArrival,5,7,5620,Node_98,24,0,17,24,17,,,,,,,,,
20,VISIT,1751,Random,OnArrival,5,15,5620,Node_36,14,0,13,14,13,,,,,,,,,
20,VISIT,1751,Random,OnArrival,5,16,5651,Node_31,15,0,13,15,13,,,,,,,,,
20,VISIT,1751,Random,OnArrival,5,17,5866,Node_145,15,0,14,15,14,,,,,,,,,
20,VISIT,1751,Random,OnArrival,5,18,5897,Node_37,14,0,14,14,14,,,,,,,,,
20,VISIT,1751,Random,OnArrival,5,19,5927,Node_145,15,0,14,15,14,,,,,,,,,
20,VISIT,1751,Random,OnArrival,5,20,5957,Node_148,15,0,15,15,15,,,,,,,,,
20,VISIT,1751,Random,OnArrival,5,21,5988,Node_157,16,0,15,16,15,,,,,,,,,
20,VISIT,1751,Random,OnArrival,5,22,6019,Node_100,17,0,15,17,15,,,,,,,,,
20,VISIT,1751,Random,OnArrival,5,23,6050,Node_58,18,0,15,18,15,,,,,,,,,
20,VISIT,1751,Random,OnArrival,5,24,6081,Node_61,18,0,16,18,16,,,,,,,,,
20,VISIT,1751,Random,OnArrival,5,25,6112,Node_104,17,0,16,17,16,,,,,,,,,
20,VISIT,1751,Random,OnArrival,5,26,6143,Node_154,16,0,16,16,16,,,,,,,,,
20,VISIT,1751,Random,OnArrival,5,27,6174,Node_104,17,0,16,17,16,,,,,,,,,
20,VISIT,1751,Random,OnArrival,5,28,6205,Node_61,18,0,16,18,16,,,,,,,,,
20,VISIT,1751,Random,OnArrival,5,29,6237,Node_64,18,0,17,18,17,,,,,,,,,
20,VISIT,1751,Random,OnArrival,5,30,6268,Node_108,17,0,17,17,17,,,,,,,,,
20,VISIT,1751,Random,OnArrival,5,31,6299,Node_104,17,0,16,17,16,,,,,,,,,
20,VISIT,1751,Random,OnArrival,5,32,6330,Node_100,17,0,15,17,15,,,,,,,,,
20,VISIT,1751,Random,OnArrival,5,33,6361,Node_157,16,0,15,16,15,,,,,,,,,
20,VISIT,1751,Random,OnArrival,5,34,6393,Node_159,16,0,14,16,14,,,,,,,,,
20,VISIT,1751,Random,OnArrival,5,35,6424,Node_96,17,0,14,17,14,,,,,,,,,
20,VISIT,1751,Random,OnArrival,5,36,6455,Node_159,16,0,14,16,14,,,,,,,,,
20,VISIT,1751,Random,OnArrival,5,37,6486,Node_145,15,0,14,15,14,,,,,,,,,
20,VISIT,1751,Random,OnArrival,5,38,6515,Node_37,14,0,14,14,14,,,,,,,,,
20,VISIT,1751,Random,OnArrival,5,39,6541,Node_38,13,0,14,13,14,,,,,,,,,
20,VISIT,1753,Random,OnArrival,5,0,6555,Node_6,19,0,12,19,12,,,,,,,,,
20,VISIT,1754,Random,OnArrival,5,0,6555,Node_7,19,0,8,19,8,,,,,,,,,
20,VISIT,1755,Random,OnArrival,5,0,6555,Node_8,17,0,10,17,10,,,,,,,,,
20,VISIT,1756,Random,OnArrival,5,0,6555,Node_9,21,0,10,21,10,,,,,,,,,
20,VISIT,1751,Random,OnArrival,5,40,6571,Node_83,12,0,14,12,14,,,,,,,,,
20,VISIT,1753,Random,OnArrival,5,1,6585,Node_2,19,0,11,19,11,,,,,,,,,
20,VISIT,1754,Random,OnArrival,5,1,6585,Node_46,20,0,8,20,8,,,,,,,,,
20,VISIT,1755,Random,OnArrival,5,1,6585,Node_4,18,0,10,18,10,,,,,,,,,
20,VISIT,1756,Random,OnArrival,5,1,6585,Node_47,21,0,9,21,9,,,,,,,,,
20,VISIT,1753,Random,OnArrival,5,2,6616,Node_40,20,0,11,20,11,,,,,,,,,
20,VISIT,1754,Random,OnArrival,5,2,6616,Node_49,21,0,8,21,8,,,,,,,,,
20,VISIT,1755,Random,OnArrival,5,2,6616,Node_14,18,0,11,18,11,,,,,,,,,
20,VISIT,1756,Random,OnArrival,5,2,6616,Node_59,22,0,9,22,9,,,,,,,,,
20,VISIT,1753,Random,OnArrival,5,3,6646,Node_13,21,0,11,21,11,,,,,,,,,
20,VISIT,1754,Random,OnArrival,5,3,6646,Node_50,21,0,7,21,7,,,,,,,,,
20,VISIT,1755,Random,OnArrival,5,3,6646,Node_2,19,0,11,19,11,,,,,,,,,
20,VISIT,1756,Random,OnArrival,5,3,6646,Node_127,23,0,9,23,9,,,,,,,,,
20,VISIT,1753,Random,OnArrival,5,4,6676,Node_53,22,0,11,22,11,,,,,,,,,
20,VISIT,1754,Random,OnArrival,5,4,6676,Node_51,21,0,6,21,6,,,,,,,,,
20,VISIT,1755,Random,OnArrival,5,4,6676,Node_40,20,0,11,20,11,,,,,,,,,
20,VISIT,1753,Random,OnArrival,5,5,6705,Node_129,23,0,11,23,11,,,,,,,,,
20,VISIT,1754,Random,OnArrival,5,5,6705,Node_52,21,0,5,21,5,,,,,,,,,
20,VISIT,1755,Random,OnArrival,5,5,6705,Node_13,21,0,11,21,11,,,,,,,,,
20,VISIT,1754,Random,OnArrival,5,6,6735,Node_70,22,0,5,22,5,,,,,,,,,
20,VISIT,1755,Random,OnArrival,5,6,6735,Node_53,22,0,11,22,11,,,,,,,,,
20,VISIT,1753,Random,OnArrival,5,6,6765,Node_131,24,0,12,24,12,,,,,,,,,
20,VISIT,1755,Random,OnArrival,5,7,6765,Node_56,22,0,10,22,10,,,,,,,,,
20,VISIT,1755,Random,OnArrival,5,8,6794,Node_128,23,0,10,23,10,,,,,,,,,
20,VISIT,1755,Random,OnArrival,5,9,6823,Node_129,23,0,11,23,11,,,,,,,,,
20,VISIT,1755,Random,OnArrival,5,10,6853,Node_167,24,0,11,24,11,,,,,,,,,
20,VISIT,1755,Random,OnArrival,5,11,6904,Node_171,25,0,12,25,12,,,,,,,,,
20,VISIT,1753,Random,OnArrival,5,7,6932,Node_142,25,0,17,25,17,,,,,,,,,
20,VISIT,1756,Random,OnArrival,5,4,6932,Node_170,25,0,7,25,7,,,,,,,,,
20,VISIT,1755,Random,OnArrival,5,12,6990,Node_174,25,0,13,25,13,,,,,,,,,
20,VISIT,1755,Random,OnArrival,5,13,7017,Node_132,24,0,13,24,13,,,,,,,,,
20,VISIT,1753,Random,OnArrival,5,8,7044,Node_109,24,0,20,24,20,,,,,,,,,
20,VISIT,1755,Random,OnArrival,5,14,7044,Node_134,24,0,14,24,14,,,,,,,,,
20,VISIT,1755,Random,OnArrival,5,15,7073,Node_177,25,0,14,25,14,,,,,,,,,
20,VISIT,1753,Random,OnArrival,5,9,7102,Node_113,24,0,22,24,22,,,,,,,,,
20,VISIT,1755,Random,OnArrival,5,16,7102,Node_180,25,0,15,25,15,,,,,,,,,
20,VISIT,1755,Random,OnArrival,5,17,7131,Node_136,24,0,15,24,15,,,,,,,,,
20,VISIT,1755,Random,OnArrival,5,18,7160,Node_91,23,0,15,23,15,,,,,,,,,
20,VISIT,1755,Random,OnArrival,5,19,7188,Node_93,23,0,16,23,16,,,,,,,,,
20,VISIT,1755,Random,OnArrival,5,20,7216,Node_88,22,0,16,22,16,,,,,,,,,
20,VISIT,1755,Random,OnArrival,5,21,7245,Node_27,21,0,16,21,16,,,,,,,,,
20,VISIT,1755,Random,OnArrival,5,22,7303,Node_30,21,0,18,21,18,,,,,,,,,
20,VISIT,1755,Random,OnArrival,5,23,7388,Node_32,21,0,19,21,19,,,,,,,,,
20,VISIT,1755,Random,OnArrival,5,24,7502,Node_198,22,0,22,22,22,,,,,,,,,
20,VISIT,1757,Random,OnArrival,5,0,7871,Node_6,19,0,12,19,12,,,,,,,,,
20,VISIT,1758,Random,OnArrival,5,0,7871,Node_7,19,0,8,19,8,,,,,,,,,
20,VISIT,1759,Random,OnArrival,5,0,7871,Node_8,17,0,10,17,10,,,,,,,,,
20,VISIT,1760,Random,OnArrival,5,0,7871,Node_9,21,0,10,21,10,,,,,,,,,
20,VISIT,1757,Random,OnArrival,5,1,7895,Node_2,19,0,11,19,11,,,,,,,,,
20,VISIT,1758,Random,OnArrival,5,1,7895,Node_11,18,0,8,18,8,,,,,,,,,
20,VISIT,1759,Random,OnArrival,5,1,7895,Node_23,17,0,9,17,9,,,,,,,,,
20,VISIT,1760,Random,OnArrival,5,1,7895,Node_47,21,0,9,21,9,,,,,,,,,
20,VISIT,1757,Random,OnArrival,5,2,7923,Node_20,19,0,10,19,10,,,,,,,,,
20,VISIT,1758,Random,OnArrival,5,2,7923,Node_126,17,0,8,17,8,,,,,,,,,
20,VISIT,1759,Random,OnArrival,5,2,7923,Node_126,17,0,8,17,8,,,,,,,,,
20,VISIT,1760,Random,OnArrival,5,2,7923,Node_49,21,0,8,21,8,,,,,,,,,
20,VISIT,1757,Random,OnArrival,5,3,7951,Node_4,18,0,10,18,10,,,,,,,,,
20,VISIT,1760,Random,OnArrival,5,3,7951,Node_50,21,0,7,21,7,,,,,,,,,
20,VISIT,1757,Random,OnArrival,5,4,7979,Node_8,17,0,10,17,10,,,,,,,,,
20,VISIT,1758,Random,OnArrival,5,3,7979,Node_146,16,0,7,16,7,,,,,,,,,
20,VISIT,1759,Random,OnArrival,5,3,7979,Node_146,16,0,7,16,7,,,,,,,,,
20,VISIT,1760,Random,OnArrival,5,4,7979,Node_51,21,0,6,21,6,,,,,,,,,
20,VISIT,1757,Random,OnArrival,5,5,8006,Node_23,17,0,9,17,9,,,,,,,,,
20,VISIT,1758,Random,OnArrival,5,4,8006,Node_155,15,0,7,15,7,,,,,,,,,
20,VISIT,1759,Random,OnArrival,5,4,8006,Node_155,15,0,7,15,7,,,,,,,,,
20,VISIT,1760,Random,OnArrival,5,5,8006,Node_52,21,0,5,21,5,,,,,,,,,
20,VISIT,1757,Random,OnArrival,5,6,8034,Node_126,17,0,8,17,8,,,,,,,,,
20,VISIT,1760,Random,OnArrival,5,6,8034,Node_54,21,0,4,21,4,,,,,,,,,
20,VISIT,1757,Random,OnArrival,5,7,8062,Node_149,16,0,8,16,8,,,,,,,,,
20,VISIT,1760,Random,OnArrival,5,7,8062,Node_63,20,0,4,20,4,,,,,,,,,
20,VISIT,1757,Random,OnArrival,5,8,8090,Node_146,16,0,7,16,7,,,,,,,,,
20,VISIT,1760,Random,OnArrival,5,8,8090,Node_60,20,0,3,20,3,,,,,,,,,
20,VISIT,1757,Random,OnArrival,5,9,8117,Node_143,16,0,6,16,6,,,,,,,,,
20,VISIT,1757,Random,OnArrival,5,10,8145,Node_207,15,0,6,15,6,,,,,,,,,
20,VISIT,1760,Random,OnArrival,5,9,8145,Node_144,19,0,2,19,2,,,,,,,,,
20,VISIT,1757,Random,OnArrival,5,11,8173,Node_117,14,0,6,14,6,,,,,,,,,
20,VISIT,1760,Random,OnArrival,5,10,8173,Node_147,19,0,1,19,1,,,,,,,,,
20,VISIT,1757,Random,OnArrival,5,12,8200,Node_114,14,0,7,14,7,,,,,,,,,
20,VISIT,1757,Random,OnArrival,5,13,8227,Node_155,15,0,7,15,7,,,,,,,,,
20,VISIT,1757,Random,OnArrival,5,14,8255,Node_207,15,0,6,15,6,,,,,,,,,
20,VISIT,1757,Random,OnArrival,5,15,8282,Node_117,14,0,6,14,6,,,,,,,,,
20,VISIT,1757,Random,OnArrival,5,16,8309,Node_92,13,0,6,13,6,,,,,,,,,
20,VISIT,1757,Random,OnArrival,5,17,8336,Node_101,12,0,6,12,6,,,,,,,,,
20,VISIT,1757,Random,OnArrival,5,18,8363,Node_121,11,0,6,11,6,,,,,,,,,
20,VISIT,1760,Random,OnArrival,5,11,8389,Node_217,18,0,0,18,0,,,,,,,,,
20,VISIT,1760,Random,OnArrival,5,12,8416,Node_150,19,0,0,19,0,,,,,,,,,
20,VISIT,1761,Random,OnArrival,5,0,9116,Node_6,19,0,12,19,12,,,,,,,,,
20,VISIT,1762,Random,OnArrival,5,0,9116,Node_7,19,0,8,19,8,,,,,,,,,
20,VISIT,1763,Random,OnArrival,5,0,9116,Node_8,17,0,10,17,10,,,,,,,,,
20,VISIT,1764,Random,OnArrival,5,0,9116,Node_9,21,0,10,21,10,,,,,,,,,
20,VISIT,1761,Random,OnArrival,5,1,9141,Node_2,19,0,11,19,11,,,,,,,,,
20,VISIT,1762,Random,OnArrival,5,1,9141,Node_3,19,0,9,19,9,,,,,,,,,
20,VISIT,1763,Random,OnArrival,5,1,9141,Node_24,16,0,10,16,10,,,,,,,,,
20,VISIT,1764,Random,OnArrival,5,1,9141,Node_47,21,0,9,21,9,,,,,,,,,
20,VISIT,1761,Random,OnArrival,5,2,9165,Node_20,19,0,10,19,10,,,,,,,,,
20,VISIT,1762,Random,OnArrival,5,2,9165,Node_48,20,0,9,20,9,,,,,,,,,
20,VISIT,1763,Random,OnArrival,5,2,9165,Node_26,15,0,10,15,10,,,,,,,,,
20,VISIT,1764,Random,OnArrival,5,2,9165,Node_59,22,0,9,22,9,,,,,,,,,
20,VISIT,1761,Random,OnArrival,5,3,9189,Node_4,18,0,10,18,10,,,,,,,,,
20,VISIT,1762,Random,OnArrival,5,3,9189,Node_47,21,0,9,21,9,,,,,,,,,
20,VISIT,1763,Random,OnArrival,5,3,9189,Node_77,14,0,10,14,10,,,,,,,,,
20,VISIT,1764,Random,OnArrival,5,3,9189,Node_127,23,0,9,23,9,,,,,,,,,
20,VISIT,1761,Random,OnArrival,5,4,9216,Node_8,17,0,10,17,10,,,,,,,,,
20,VISIT,1762,Random,OnArrival,5,4,9216,Node_59,22,0,9,22,9,,,,,,,,,
20,VISIT,1763,Random,OnArrival,5,4,9216,Node_86,13,0,10,13,10,,,,,,,,,
20,VISIT,1761,Random,OnArrival,5,5,9243,Node_24,16,0,10,16,10,,,,,,,,,
20,VISIT,1762,Random,OnArrival,5,5,9243,Node_127,23,0,9,23,9,,,,,,,,,
20,VISIT,1763,Random,OnArrival,5,5,9243,Node_87,13,0,9,13,9,,,,,,,,,
20,VISIT,1764,Random,OnArrival,5,4,9243,Node_166,25,0,9,25,9,,,,,,,,,
20,VISIT,1761,Random,OnArrival,5,6,9270,Node_26,15,0,10,15,10,,,,,,,,,
20,VISIT,1763,Random,OnArrival,5,6,9270,Node_103,12,0,9,12,9,,,,,,,,,
20,VISIT,1761,Random,OnArrival,5,7,9296,Node_77,14,0,10,14,10,,,,,,,,,
20,VISIT,1762,Random,OnArrival,5,6,9296,Node_166,25,0,9,25,9,,,,,,,,,
20,VISIT,1764,Random,OnArrival,5,5,9296,Node_195,26,0,8,26,8,,,,,,,,,
20,VISIT,1761,Random,OnArrival,5,8,9322,Node_33,14,0,11,14,11,,,,,,,,,
20,VISIT,1762,Random,OnArrival,5,7,9322,Node_168,25,0,8,25,8,,,,,,,,,
20,VISIT,1763,Random,OnArrival,5,7,9322,Node_111,11,0,8,11,8,,,,,,,,,
20,VISIT,1764,Random,OnArrival,5,6,9322,Node_168,25,0,8,25,8,,,,,,,,,
20,VISIT,1761,Random,OnArrival,5,9,9349,Node_35,14,0,12,14,12,,,,,,,,,
20,VISIT,1762,Random,OnArrival,5,8,9349,Node_195,26,0,8,26,8,,,,,,,,,
20,VISIT,1764,Random,OnArrival,5,7,9349,Node_170,25,0,7,25,7,,,,,,,,,
20,VISIT,1761,Random,OnArrival,5,10,9375,Node_36,14,0,13,14,13,,,,,,,,,
20,VISIT,1762,Random,OnArrival,5,9,9375,Node_192,26,0,7,26,7,,,,,,,,,
20,VISIT,1764,Random,OnArrival,5,8,9375,Node_173,25,0,6,25,6,,,,,,,,,
20,VISIT,1761,Random,OnArrival,5,11,9401,Node_37,14,0,14,14,14,,,,,,,,,
20,VISIT,1764,Random,OnArrival,5,9,9401,Node_183,24,0,6,24,6,,,,,,,,,
20,VISIT,1761,Random,OnArrival,5,12,9427,Node_38,13,0,14,13,14,,,,,,,,,
20,VISIT,1764,Random,OnArrival,5,10,9427,Node_173,25,0,6,25,6,,,,,,,,,
20,VISIT,1761,Random,OnArrival,5,13,9453,Node_39,13,0,15,13,15,,,,,,,,,
20,VISIT,1762,Random,OnArrival,5,10,9453,Node_176,25,0,5,25,5,,,,,,,,,
20,VISIT,1764,Random,OnArrival,5,11,9453,Node_250,26,0,6,26,6,,,,,,,,,
20,VISIT,1762,Random,OnArrival,5,11,9479,Node_252,26,0,5,26,5,,,,,,,,,
20,VISIT,1763,Random,OnArrival,5,8,9505,Node_163,10,0,14,10,14,,,,,,,,,
20,VISIT,1762,Random,OnArrival,5,12,9531,Node_257,27,0,6,27,6,,,,,,,,,
20,VISIT,1762,Random,OnArrival,5,13,9556,Node_250,26,0,6,26,6,,,,,,,,,
20,VISIT,1763,Random,OnArrival,5,9,9556,Node_165,9,0,15,9,15,,,,,,,,,
20,VISIT,1762,Random,OnArrival,5,14,9582,Node_192,26,0,7,26,7,,,,,,,,,
20,VISIT,1761,Random,OnArrival,5,14,9607,Node_85,12,0,16,12,16,,,,,,,,,
20,VISIT,1762,Random,OnArrival,5,15,9607,Node_195,26,0,8,26,8,,,,,,,,,
20,VISIT,1761,Random,OnArrival,5,15,9632,Node_255,13,0,16,13,16,,,,,,,,,
20,VISIT,1762,Random,OnArrival,5,16,9632,Node_246,26,0,9,26,9,,,,,,,,,
20,VISIT,1761,Random,OnArrival,5,16,9657,Node_258,13,0,17,13,17,,,,,,,,,
20,VISIT,1761,Random,OnArrival,5,17,9683,Node_264,12,0,17,12,17,,,,,,,,,
20,VISIT,1765,Random,OnArrival,5,0,10277,Node_6,19,0,12,19,12,,,,,,,,,
20,VISIT,1766,Random,OnArrival,5,0,10277,Node_7,19,0,8,19,8,,,,,,,,,
20,VISIT,1767,Random,OnArrival,5,0,10277,Node_8,17,0,10,17,10,,,,,,,,,
20,VISIT,1768,Random,OnArrival,5,0,10277,Node_9,21,0,10,21,10,,,,,,,,,
20,VISIT,1765,Random,OnArrival,5,1,10291,Node_2,19,0,11,19,11,,,,,,,,,
20,VISIT,1766,Random,OnArrival,5,1,10291,Node_11,18,0,8,18,8,,,,,,,,,
20,VISIT,1767,Random,OnArrival,5,1,10291,Node_24,16,0,10,16,10,,,,,,,,,
20,VISIT,1768,Random,OnArrival,5,1,10291,Node_47,21,0,9,21,9,,,,,,,,,
20,VISIT,1765,Random,OnArrival,5,2,10306,Node_20,19,0,10,19,10,,,,,,,,,
20,VISIT,1766,Random,OnArrival,5,2,10306,Node_126,17,0,8,17,8,,,,,,,,,
20,VISIT,1767,Random,OnArrival,5,2,10306,Node_26,15,0,10,15,10,,,,,,,,,
20,VISIT,1768,Random,OnArrival,5,2,10306,Node_59,22,0,9,22,9,,,,,,,,,
20,VISIT,1765,Random,OnArrival,5,3,10321,Node_3,19,0,9,19,9,,,,,,,,,
20,VISIT,1766,Random,OnArrival,5,3,10321,Node_206,17,0,7,17,7,,,,,,,,,
20,VISIT,1767,Random,OnArrival,5,3,10321,Node_77,14,0,10,14,10,,,,,,,,,
20,VISIT,1768,Random,OnArrival,5,3,10321,Node_127,23,0,9,23,9,,,,,,,,,
20,VISIT,1765,Random,OnArrival,5,4,10339,Node_48,20,0,9,20,9,,,,,,,,,
20,VISIT,1766,Random,OnArrival,5,4,10339,Node_146,16,0,7,16,7,,,,,,,,,
20,VISIT,1767,Random,OnArrival,5,4,10339,Node_86,13,0,10,13,10,,,,,,,,,
20,VISIT,1765,Random,OnArrival,5,5,10364,Node_47,21,0,9,21,9,,,,,,,,,
20,VISIT,1766,Random,OnArrival,5,5,10364,Node_143,16,0,6,16,6,,,,,,,,,
20,VISIT,1767,Random,OnArrival,5,5,10364,Node_87,13,0,9,13,9,,,,,,,,,
20,VISIT,1768,Random,OnArrival,5,4,10364,Node_166,25,0,9,25,9,,,,,,,,,
20,VISIT,1765,Random,OnArrival,5,6,10389,Node_59,22,0,9,22,9,,,,,,,,,
20,VISIT,1766,Random,OnArrival,5,6,10389,Node_140,16,0,5,16,5,,,,,,,,,
20,VISIT,1767,Random,OnArrival,5,6,10389,Node_89,13,0,8,13,8,,,,,,,,,
20,VISIT,1768,Random,OnArrival,5,5,10389,Node_246,26,0,9,26,9,,,,,,,,,
20,VISIT,1765,Random,OnArrival,5,7,10414,Node_127,23,0,9,23,9,,,,,,,,,
20,VISIT,1767,Random,OnArrival,5,7,10414,Node_107,12,0,8,12,8,,,,,,,,,
20,VISIT,1768,Random,OnArrival,5,6,10414,Node_270,27,0,9,27,9,,,,,,,,,
20,VISIT,1767,Random,OnArrival,5,8,10439,Node_105,12,0,7,12,7,,,,,,,,,
20,VISIT,1765,Random,OnArrival,5,8,10463,Node_166,25,0,9,25,9,,,,,,,,,
20,VISIT,1767,Random,OnArrival,5,9,10463,Node_101,12,0,6,12,6,,,,,,,,,
20,VISIT,1765,Random,OnArrival,5,9,10487,Node_246,26,0,9,26,9,,,,,,,,,
20,VISIT,1766,Random,OnArrival,5,7,10487,Node_212,15,0,2,15,2,,,,,,,,,
20,VISIT,1767,Random,OnArrival,5,10,10487,Node_121,11,0,6,11,6,,,,,,,,,
20,VISIT,1765,Random,OnArrival,5,10,10512,Node_270,27,0,9,27,9,,,,,,,,,
20,VISIT,1767,Random,OnArrival,5,11,10512,Node_122,11,0,5,11,5,,,,,,,,,
20,VISIT,1765,Random,OnArrival,5,11,10536,Node_288,28,0,9,28,9,,,,,,,,,
20,VISIT,1767,Random,OnArrival,5,12,10536,Node_230,10,0,5,10,5,,,,,,,,,
20,VISIT,1768,Random,OnArrival,5,7,10560,Node_280,27,0,13,27,13,,,,,,,,,
20,VISIT,1768,Random,OnArrival,5,8,10584,Node_191,26,0,13,26,13,,,,,,,,,
20,VISIT,1768,Random,OnArrival,5,9,10608,Node_280,27,0,13,27,13,,,,,,,,,
20,VISIT,1768,Random,OnArrival,5,10,10632,Node_295,28,0,13,28,13,,,,,,,,,
20,VISIT,1766,Random,OnArrival,5,8,10656,Node_124,11,0,3,11,3,,,,,,,,,
20,VISIT,1766,Random,OnArrival,5,9,10680,Node_234,10,0,3,10,3,,,,,,,,,
20,VISIT,1767,Random,OnArrival,5,13,10680,Node_306,8,0,7,8,7,,,,,,,,,
20,VISIT,1766,Random,OnArrival,5,10,10704,Node_236,10,0,2,10,2,,,,,,,,,
20,VISIT,1769,Random,OnArrival,5,0,11323,Node_6,19,0,12,19,12,,,,,,,,,
20,VISIT,1770,Random,OnArrival,5,0,11323,Node_7,19,0,8,19,8,,,,,,,,,
20,VISIT,1771,Random,OnArrival,5,0,11323,Node_8,17,0,10,17,10,,,,,,,,,
20,VISIT,1772,Random,OnArrival,5,0,11323,Node_9,21,0,10,21,10,,,,,,,,,
20,VISIT,1769,Random,OnArrival,5,1,11345,Node_2,19,0,11,19,11,,,,,,,,,
20,VISIT,1770,Random,OnArrival,5,1,11345,Node_11,18,0,8,18,8,,,,,,,,,
20,VISIT,1771,Random,OnArrival,5,1,11345,Node_23,17,0,9,17,9,,,,,,,,,
20,VISIT,1772,Random,OnArrival,5,1,11345,Node_13,21,0,11,21,11,,,,,,,,,
20,VISIT,1769,Random,OnArrival,5,2,11368,Node_40,20,0,11,20,11,,,,,,,,,
20,VISIT,1770,Random,OnArrival,5,2,11368,Node_126,17,0,8,17,8,,,,,,,,,
20,VISIT,1771,Random,OnArrival,5,2,11368,Node_126,17,0,8,17,8,,,,,,,,,
20,VISIT,1772,Random,OnArrival,5,2,11368,Node_53,22,0,11,22,11,,,,,,,,,
20,VISIT,1769,Random,OnArrival,5,3,11391,Node_13,21,0,11,21,11,,,,,,,,,
20,VISIT,1770,Random,OnArrival,5,3,11391,Node_206,17,0,7,17,7,,,,,,,,,
20,VISIT,1771,Random,OnArrival,5,3,11391,Node_206,17,0,7,17,7,,,,,,,,,
20,VISIT,1772,Random,OnArrival,5,3,11391,Node_129,23,0,11,23,11,,,,,,,,,
20,VISIT,1769,Random,OnArrival,5,4,11415,Node_53,22,0,11,22,11,,,,,,,,,
20,VISIT,1770,Random,OnArrival,5,4,11415,Node_146,16,0,7,16,7,,,,,,,,,
20,VISIT,1771,Random,OnArrival,5,4,11415,Node_146,16,0,7,16,7,,,,,,,,,
20,VISIT,1772,Random,OnArrival,5,4,11415,Node_130,23,0,12,23,12,,,,,,,,,
20,VISIT,1769,Random,OnArrival,5,5,11437,Node_129,23,0,11,23,11,,,,,,,,,
20,VISIT,1770,Random,OnArrival,5,5,11437,Node_143,16,0,6,16,6,,,,,,,,,
20,VISIT,1771,Random,OnArrival,5,5,11437,Node_143,16,0,6,16,6,,,,,,,,,
20,VISIT,1772,Random,OnArrival,5,5,11437,Node_131,24,0,12,24,12,,,,,,,,,
20,VISIT,1769,Random,OnArrival,5,6,11459,Node_130,23,0,12,23,12,,,,,,,,,
20,VISIT,1770,Random,OnArrival,5,6,11459,Node_140,16,0,5,16,5,,,,,,,,,
20,VISIT,1771,Random,OnArrival,5,6,11459,Node_140,16,0,5,16,5,,,,,,,,,
20,VISIT,1772,Random,OnArrival,5,6,11459,Node_171,25,0,12,25,12,,,,,,,,,
20,VISIT,1769,Random,OnArrival,5,7,11483,Node_131,24,0,12,24,12,,,,,,,,,
20,VISIT,1770,Random,OnArrival,5,7,11483,Node_208,15,0,5,15,5,,,,,,,,,
20,VISIT,1771,Random,OnArrival,5,7,11483,Node_208,15,0,5,15,5,,,,,,,,,
20,VISIT,1772,Random,OnArrival,5,7,11483,Node_188,26,0,12,26,12,,,,,,,,,
20,VISIT,1769,Random,OnArrival,5,8,11507,Node_171,25,0,12,25,12,,,,,,,,,
20,VISIT,1770,Random,OnArrival,5,8,11507,Node_209,15,0,4,15,4,,,,,,,,,
20,VISIT,1771,Random,OnArrival,5,8,11507,Node_209,15,0,4,15,4,,,,,,,,,
20,VISIT,1772,Random,OnArrival,5,8,11507,Node_278,27,0,12,27,12,,,,,,,,,
20,VISIT,1769,Random,OnArrival,5,9,11531,Node_188,26,0,12,26,12,,,,,,,,,
20,VISIT,1770,Random,OnArrival,5,9,11531,Node_286,16,0,4,16,4,,,,,,,,,
20,VISIT,1771,Random,OnArrival,5,9,11531,Node_286,16,0,4,16,4,,,,,,,,,
20,VISIT,1772,Random,OnArrival,5,9,11531,Node_293,28,0,12,28,12,,,,,,,,,
20,VISIT,1769,Random,OnArrival,5,10,11555,Node_191,26,0,13,26,13,,,,,,,,,
20,VISIT,1770,Random,OnArrival,5,10,11555,Node_137,17,0,4,17,4,,,,,,,,,
20,VISIT,1771,Random,OnArrival,5,10,11555,Node_137,17,0,4,17,4,,,,,,,,,
20,VISIT,1772,Random,OnArrival,5,10,11555,Node_278,27,0,12,27,12,,,,,,,,,
20,VISIT,1769,Random,OnArrival,5,11,11579,Node_280,27,0,13,27,13,,,,,,,,,
20,VISIT,1770,Random,OnArrival,5,11,11579,Node_135,18,0,4,18,4,,,,,,,,,
20,VISIT,1771,Random,OnArrival,5,11,11579,Node_286,16,0,4,16,4,,,,,,,,,
20,VISIT,1772,Random,OnArrival,5,11,11579,Node_275,27,0,11,27,11,,,,,,,,,
20,VISIT,1770,Random,OnArrival,5,12,11603,Node_79,19,0,4,19,4,,,,,,,,,
20,VISIT,1771,Random,OnArrival,5,12,11603,Node_287,16,0,3,16,3,,,,,,,,,
20,VISIT,1772,Random,OnArrival,5,12,11603,Node_291,28,0,11,28,11,,,,,,,,,
20,VISIT,1769,Random,OnArrival,5,12,11627,Node_283,27,0,15,27,15,,,,,,,,,
20,VISIT,1770,Random,OnArrival,5,13,11627,Node_141,19,0,3,19,3,,,,,,,,,
20,VISIT,1771,Random,OnArrival,5,13,11627,Node_210,15,0,3,15,3,,,,,,,,,
20,VISIT,1772,Random,OnArrival,5,13,11627,Node_293,28,0,12,28,12,,,,,,,,,
20,VISIT,1770,Random,OnArrival,5,14,11651,Node_60,20,0,3,20,3,,,,,,,,,
20,VISIT,1771,Random,OnArrival,5,14,11651,Node_294,14,0,3,14,3,,,,,,,,,
20,VISIT,1772,Random,OnArrival,5,14,11651,Node_295,28,0,13,28,13,,,,,,,,,
20,VISIT,1770,Random,OnArrival,5,15,11674,Node_211,20,0,2,20,2,,,,,,,,,
20,VISIT,1771,Random,OnArrival,5,15,11674,Node_210,15,0,3,15,3,,,,,,,,,
20,VISIT,1770,Random,OnArrival,5,16,11697,Node_144,19,0,2,19,2,,,,,,,,,
20,VISIT,1771,Random,OnArrival,5,16,11697,Node_209,15,0,4,15,4,,,,,,,,,
20,VISIT,1772,Random,OnArrival,5,15,11697,Node_310,30,0,13,30,13,,,,,,,,,
20,VISIT,1770,Random,OnArrival,5,17,11721,Node_147,19,0,1,19,1,,,,,,,,,
20,VISIT,1771,Random,OnArrival,5,17,11721,Node_286,16,0,4,16,4,,,,,,,,,
20,VISIT,1772,Random,OnArrival,5,16,11721,Node_311,31,0,13,31,13,,,,,,,,,
20,VISIT,1770,Random,OnArrival,5,18,11744,Node_150,19,0,0,19,0,,,,,,,,,
20,VISIT,1771,Random,OnArrival,5,18,11744,Node_137,17,0,4,17,4,,,,,,,,,
20,VISIT,1771,Random,OnArrival,5,19,11767,Node_135,18,0,4,18,4,,,,,,,,,
20,VISIT,1771,Random,OnArrival,5,20,11790,Node_133,18,0,5,18,5,,,,,,,,,
20,VISIT,1770,Random,OnArrival,5,19,11814,Node_238,22,0,0,22,0,,,,,,,,,
20,VISIT,1771,Random,OnArrival,5,21,11814,Node_139,17,0,5,17,5,,,,,,,,,
20,VISIT,1772,Random,OnArrival,5,17,11814,Node_307,31,0,11,31,11,,,,,,,,,
20,VISIT,1771,Random,OnArrival,5,22,11837,Node_137,17,0,4,17,4,,,,,,,,,
20,VISIT,1771,Random,OnArrival,5,23,11860,Node_286,16,0,4,16,4,,,,,,,,,
20,VISIT,1770,Random,OnArrival,5,20,11882,Node_197,22,0,-3,22,-3,,,,,,,,,
20,VISIT,1771,Random,OnArrival,5,24,11882,Node_287,16,0,3,16,3,,,,,,,,,
20,VISIT,1771,Random,OnArrival,5,25,11905,Node_289,16,0,2,16,2,,,,,,,,,
20,VISIT,1771,Random,OnArrival,5,26,11928,Node_212,15,0,2,15,2,,,,,,,,,
20,VISIT,1771,Random,OnArrival,5,27,11951,Node_213,15,0,1,15,1,,,,,,,,,
20,VISIT,1771,Random,OnArrival,5,28,11974,Node_240,14,0,1,14,1,,,,,,,,,
20,VISIT,1771,Random,OnArrival,5,29,11997,Node_292,14,0,2,14,2,,,,,,,,,
20,VISIT,1771,Random,OnArrival,5,30,12020,Node_299,13,0,2,13,2,,,,,,,,,
20,VISIT,1771,Random,OnArrival,5,31,12042,Node_302,12,0,2,12,2,,,,,,,,,
20,VISIT,1770,Random,OnArrival,5,21,12065,Node_156,19,0,-2,19,-2,,,,,,,,,
20,VISIT,1771,Random,OnArrival,5,32,12065,Node_125,11,0,2,11,2,,,,,,,,,
20,VISIT,1770,Random,OnArrival,5,22,12088,Node_221,18,0,-2,18,-2,,,,,,,,,
20,VISIT,1770,Random,OnArrival,5,23,12111,Node_156,19,0,-2,19,-2,,,,,,,,,
20,VISIT,1770,Random,OnArrival,5,24,12133,Node_354,20,0,-2,20,-2,,,,,,,,,
20,VISIT,1770,Random,OnArrival,5,25,12156,Node_353,20,0,-3,20,-3,,,,,,,,,
20,VISIT,1770,Random,OnArrival,5,26,12179,Node_158,19,0,-3,19,-3,,,,,,,,,
20,VISIT,1770,Random,OnArrival,5,27,12202,Node_353,20,0,-3,20,-3,,,,,,,,,
20,VISIT,1770,Random,OnArrival,5,28,12225,Node_352,20,0,-4,20,-4,,,,,,,,,
20,VISIT,1771,Random,OnArrival,5,33,12293,Node_245,10,0,-3,10,-3,,,,,,,,,
20,VISIT,1771,Random,OnArrival,5,34,12316,Node_359,11,0,-3,11,-3,,,,,,,,,
20,VISIT,1773,Random,OnArrival,5,0,12345,Node_6,19,0,12,19,12,,,,,,,,,
20,VISIT,1774,Random,OnArrival,5,0,12345,Node_7,19,0,8,19,8,,,,,,,,,
20,VISIT,1775,Random,OnArrival,5,0,12345,Node_8,17,0,10,17,10,,,,,,,,,
20,VISIT,1776,Random,OnArrival,5,0,12345,Node_9,21,0,10,21,10,,,,,,,,,
20,VISIT,1773,Random,OnArrival,5,1,12363,Node_2,19,0,11,19,11,,,,,,,,,
20,VISIT,1774,Random,OnArrival,5,1,12363,Node_11,18,0,8,18,8,,,,,,,,,
20,VISIT,1775,Random,OnArrival,5,1,12363,Node_23,17,0,9,17,9,,,,,,,,,
20,VISIT,1776,Random,OnArrival,5,1,12363,Node_5,20,0,10,20,10,,,,,,,,,
20,VISIT,1773,Random,OnArrival,5,2,12382,Node_20,19,0,10,19,10,,,,,,,,,
20,VISIT,1774,Random,OnArrival,5,2,12382,Node_126,17,0,8,17,8,,,,,,,,,
20,VISIT,1775,Random,OnArrival,5,2,12382,Node_126,17,0,8,17,8,,,,,,,,,
20,VISIT,1776,Random,OnArrival,5,2,12382,Node_20,19,0,10,19,10,,,,,,,,,
20,VISIT,1773,Random,OnArrival,5,3,12401,Node_4,18,0,10,18,10,,,,,,,,,
20,VISIT,1774,Random,OnArrival,5,3,12401,Node_206,17,0,7,17,7,,,,,,,,,
20,VISIT,1775,Random,OnArrival,5,3,12401,Node_206,17,0,7,17,7,,,,,,,,,
20,VISIT,1776,Random,OnArrival,5,3,12401,Node_4,18,0,10,18,10,,,,,,,,,
20,VISIT,1773,Random,OnArrival,5,4,12420,Node_8,17,0,10,17,10,,,,,,,,,
20,VISIT,1774,Random,OnArrival,5,4,12420,Node_146,16,0,7,16,7,,,,,,,,,
20,VISIT,1775,Random,OnArrival,5,4,12420,Node_146,16,0,7,16,7,,,,,,,,,
20,VISIT,1776,Random,OnArrival,5,4,12420,Node_8,17,0,10,17,10,,,,,,,,,
20,VISIT,1773,Random,OnArrival,5,5,12440,Node_23,17,0,9,17,9,,,,,,,,,
20,VISIT,1774,Random,OnArrival,5,5,12440,Node_143,16,0,6,16,6,,,,,,,,,
20,VISIT,1775,Random,OnArrival,5,5,12440,Node_143,16,0,6,16,6,,,,,,,,,
20,VISIT,1776,Random,OnArrival,5,5,12440,Node_23,17,0,9,17,9,,,,,,,,,
20,VISIT,1773,Random,OnArrival,5,6,12460,Node_126,17,0,8,17,8,,,,,,,,,
20,VISIT,1774,Random,OnArrival,5,6,12460,Node_207,15,0,6,15,6,,,,,,,,,
20,VISIT,1775,Random,OnArrival,5,6,12460,Node_207,15,0,6,15,6,,,,,,,,,
20,VISIT,1776,Random,OnArrival,5,6,12460,Node_126,17,0,8,17,8,,,,,,,,,
20,VISIT,1773,Random,OnArrival,5,7,12479,Node_206,17,0,7,17,7,,,,,,,,,
20,VISIT,1774,Random,OnArrival,5,7,12479,Node_117,14,0,6,14,6,,,,,,,,,
20,VISIT,1775,Random,OnArrival,5,7,12479,Node_117,14,0,6,14,6,,,,,,,,,
20,VISIT,1776,Random,OnArrival,5,7,12479,Node_206,17,0,7,17,7,,,,,,,,,
20,VISIT,1773,Random,OnArrival,5,8,12500,Node_146,16,0,7,16,7,,,,,,,,,
20,VISIT,1774,Random,OnArrival,5,8,12500,Node_92,13,0,6,13,6,,,,,,,,,
20,VISIT,1775,Random,OnArrival,5,8,12500,Node_92,13,0,6,13,6,,,,,,,,,
20,VISIT,1776,Random,OnArrival,5,8,12500,Node_146,16,0,7,16,7,,,,,,,,,
20,VISIT,1773,Random,OnArrival,5,9,12523,Node_143,16,0,6,16,6,,,,,,,,,
20,VISIT,1774,Random,OnArrival,5,9,12523,Node_94,13,0,5,13,5,,,,,,,,,
20,VISIT,1775,Random,OnArrival,5,9,12523,Node_94,13,0,5,13,5,,,,,,,,,
20,VISIT,1776,Random,OnArrival,5,9,12523,Node_143,16,0,6,16,6,,,,,,,,,
20,VISIT,1773,Random,OnArrival,5,10,12545,Node_207,15,0,6,15,6,,,,,,,,,
20,VISIT,1774,Random,OnArrival,5,10,12545,Node_97,12,0,5,12,5,,,,,,,,,
20,VISIT,1775,Random,OnArrival,5,10,12545,Node_97,12,0,5,12,5,,,,,,,,,
20,VISIT,1776,Random,OnArrival,5,10,12545,Node_207,15,0,6,15,6,,,,,,,,,
20,VISIT,1773,Random,OnArrival,5,11,12568,Node_117,14,0,6,14,6,,,,,,,,,
20,VISIT,1774,Random,OnArrival,5,11,12568,Node_122,11,0,5,11,5,,,,,,,,,
20,VISIT,1775,Random,OnArrival,5,11,12568,Node_122,11,0,5,11,5,,,,,,,,,
20,VISIT,1776,Random,OnArrival,5,11,12568,Node_117,14,0,6,14,6,,,,,,,,,
20,VISIT,1773,Random,OnArrival,5,12,12590,Node_92,13,0,6,13,6,,,,,,,,,
20,VISIT,1774,Random,OnArrival,5,12,12590,Node_123,11,0,4,11,4,,,,,,,,,
20,VISIT,1775,Random,OnArrival,5,12,12590,Node_230,10,0,5,10,5,,,,,,,,,
20,VISIT,1776,Random,OnArrival,5,12,12590,Node_92,13,0,6,13,6,,,,,,,,,
20,VISIT,1773,Random,OnArrival,5,13,12613,Node_94,13,0,5,13,5,,,,,,,,,
20,VISIT,1774,Random,OnArrival,5,13,12613,Node_232,10,0,4,10,4,,,,,,,,,
20,VISIT,1775,Random,OnArrival,5,13,12613,Node_297,9,0,5,9,5,,,,,,,,,
20,VISIT,1776,Random,OnArrival,5,13,12613,Node_94,13,0,5,13,5,,,,,,,,,
20,VISIT,1773,Random,OnArrival,5,14,12636,Node_97,12,0,5,12,5,,,,,,,,,
20,VISIT,1774,Random,OnArrival,5,14,12636,Node_234,10,0,3,10,3,,,,,,,,,
20,VISIT,1776,Random,OnArrival,5,14,12636,Node_97,12,0,5,12,5,,,,,,,,,
20,VISIT,1773,Random,OnArrival,5,15,12658,Node_122,11,0,5,11,5,,,,,,,,,
20,VISIT,1774,Random,OnArrival,5,15,12658,Node_236,10,0,2,10,2,,,,,,,,,
20,VISIT,1775,Random,OnArrival,5,14,12658,Node_303,8,0,6,8,6,,,,,,,,,
20,VISIT,1776,Random,OnArrival,5,15,12658,Node_101,12,0,6,12,6,,,,,,,,,
20,VISIT,1773,Random,OnArrival,5,16,12681,Node_123,11,0,4,11,4,,,,,,,,,
20,VISIT,1774,Random,OnArrival,5,16,12681,Node_125,11,0,2,11,2,,,,,,,,,
20,VISIT,1775,Random,OnArrival,5,15,12681,Node_315,7,0,6,7,6,,,,,,,,,
20,VISIT,1776,Random,OnArrival,5,16,12681,Node_105,12,0,7,12,7,,,,,,,,,
20,VISIT,1773,Random,OnArrival,5,17,12704,Node_124,11,0,3,11,3,,,,,,,,,
20,VISIT,1774,Random,OnArrival,5,17,12704,Node_124,11,0,3,11,3,,,,,,,,,
20,VISIT,1775,Random,OnArrival,5,16,12704,Node_303,8,0,6,8,6,,,,,,,,,
20,VISIT,1776,Random,OnArrival,5,17,12704,Node_107,12,0,8,12,8,,,,,,,,,
20,VISIT,1773,Random,OnArrival,5,18,12727,Node_125,11,0,2,11,2,,,,,,,,,
20,VISIT,1774,Random,OnArrival,5,18,12727,Node_305,12,0,3,12,3,,,,,,,,,
20,VISIT,1775,Random,OnArrival,5,17,12727,Node_300,9,0,6,9,6,,,,,,,,,
20,VISIT,1776,Random,OnArrival,5,18,12727,Node_103,12,0,9,12,9,,,,,,,,,
20,VISIT,1773,Random,OnArrival,5,19,12750,Node_236,10,0,2,10,2,,,,,,,,,
20,VISIT,1774,Random,OnArrival,5,19,12750,Node_296,13,0,3,13,3,,,,,,,,,
20,VISIT,1775,Random,OnArrival,5,18,12750,Node_228,10,0,6,10,6,,,,,,,,,
20,VISIT,1776,Random,OnArrival,5,19,12750,Node_247,11,0,9,11,9,,,,,,,,,
20,VISIT,1774,Random,OnArrival,5,20,12773,Node_299,13,0,2,13,2,,,,,,,,,
20,VISIT,1775,Random,OnArrival,5,19,12773,Node_300,9,0,6,9,6,,,,,,,,,
20,VISIT,1776,Random,OnArrival,5,20,12773,Node_249,10,0,9,10,9,,,,,,,,,
20,VISIT,1773,Random,OnArrival,5,20,12796,Node_317,8,0,2,8,2,,,,,,,,,
20,VISIT,1774,Random,OnArrival,5,21,12796,Node_302,12,0,2,12,2,,,,,,,,,
20,VISIT,1775,Random,OnArrival,5,20,12796,Node_303,8,0,6,8,6,,,,,,,,,
20,VISIT,1776,Random,OnArrival,5,21,12796,Node_251,10,0,10,10,10,,,,,,,,,
20,VISIT,1774,Random,OnArrival,5,22,12819,Node_125,11,0,2,11,2,,,,,,,,,
20,VISIT,1775,Random,OnArrival,5,21,12819,Node_315,7,0,6,7,6,,,,,,,,,
20,VISIT,1774,Random,OnArrival,5,23,12841,Node_355,11,0,1,11,1,,,,,,,,,
20,VISIT,1775,Random,OnArrival,5,22,12841,Node_318,6,0,6,6,6,,,,,,,,,
20,VISIT,1773,Random,OnArrival,5,21,12864,Node_366,8,0,5,8,5,,,,,,,,,
20,VISIT,1774,Random,OnArrival,5,24,12864,Node_239,10,0,1,10,1,,,,,,,,,
20,VISIT,1773,Random,OnArrival,5,22,12886,Node_303,8,0,6,8,6,,,,,,,,,
20,VISIT,1774,Random,OnArrival,5,25,12886,Node_355,11,0,1,11,1,,,,,,,,,
20,VISIT,1773,Random,OnArrival,5,23,12908,Node_315,7,0,6,7,6,,,,,,,,,
20,VISIT,1774,Random,OnArrival,5,26,12908,Node_356,11,0,0,11,0,,,,,,,,,
20,VISIT,1776,Random,OnArrival,5,22,12908,Node_261,9,0,14,9,14,,,,,,,,,
20,VISIT,1773,Random,OnArrival,5,24,12931,Node_318,6,0,6,6,6,,,,,,,,,
20,VISIT,1774,Random,OnArrival,5,27,12931,Node_242,10,0,0,10,0,,,,,,,,,
20,VISIT,1773,Random,OnArrival,5,25,12953,Node_320,6,0,5,6,5,,,,,,,,,
20,VISIT,1774,Random,OnArrival,5,28,12953,Node_243,10,0,-1,10,-1,,,,,,,,,
20,VISIT,1773,Random,OnArrival,5,26,12975,Node_322,5,0,5,5,5,,,,,,,,,
20,VISIT,1773,Random,OnArrival,5,27,12997,Node_369,5,0,6,5,6,,,,,,,,,
20,VISIT,1777,Random,OnArrival,5,0,13301,Node_6,19,0,12,19,12,,,,,,,,,
20,VISIT,1778,Random,OnArrival,5,0,13301,Node_7,19,0,8,19,8,,,,,,,,,
20,VISIT,1779,Random,OnArrival,5,0,13301,Node_8,17,0,10,17,10,,,,,,,,,
20,VISIT,1780,Random,OnArrival,5,0,13301,Node_9,21,0,10,21,10,,,,,,,,,
20,VISIT,1777,Random,OnArrival,5,1,13316,Node_2,19,0,11,19,11,,,,,,,,,
20,VISIT,1778,Random,OnArrival,5,1,13316,Node_11,18,0,8,18,8,,,,,,,,,
20,VISIT,1779,Random,OnArrival,5,1,13316,Node_23,17,0,9,17,9,,,,,,,,,
20,VISIT,1780,Random,OnArrival,5,1,13316,Node_5,20,0,10,20,10,,,,,,,,,
20,VISIT,1777,Random,OnArrival,5,2,13332,Node_20,19,0,10,19,10,,,,,,,,,
20,VISIT,1778,Random,OnArrival,5,2,13332,Node_126,17,0,8,17,8,,,,,,,,,
20,VISIT,1779,Random,OnArrival,5,2,13332,Node_126,17,0,8,17,8,,,,,,,,,
20,VISIT,1780,Random,OnArrival,5,2,13332,Node_20,19,0,10,19,10,,,,,,,,,
20,VISIT,1777,Random,OnArrival,5,3,13349,Node_4,18,0,10,18,10,,,,,,,,,
20,VISIT,1778,Random,OnArrival,5,3,13349,Node_206,17,0,7,17,7,,,,,,,,,
20,VISIT,1779,Random,OnArrival,5,3,13349,Node_206,17,0,7,17,7,,,,,,,,,
20,VISIT,1780,Random,OnArrival,5,3,13349,Node_4,18,0,10,18,10,,,,,,,,,
20,VISIT,1777,Random,OnArrival,5,4,13365,Node_8,17,0,10,17,10,,,,,,,,,
20,VISIT,1778,Random,OnArrival,5,4,13365,Node_146,16,0,7,16,7,,,,,,,,,
20,VISIT,1779,Random,OnArrival,5,4,13365,Node_146,16,0,7,16,7,,,,,,,,,
20,VISIT,1780,Random,OnArrival,5,4,13365,Node_8,17,0,10,17,10,,,,,,,,,
20,VISIT,1777,Random,OnArrival,5,5,13381,Node_23,17,0,9,17,9,,,,,,,,,
20,VISIT,1778,Random,OnArrival,5,5,13381,Node_143,16,0,6,16,6,,,,,,,,,
20,VISIT,1779,Random,OnArrival,5,5,13381,Node_143,16,0,6,16,6,,,,,,,,,
20,VISIT,1780,Random,OnArrival,5,5,13381,Node_23,17,0,9,17,9,,,,,,,,,
20,VISIT,1777,Random,OnArrival,5,6,13398,Node_126,17,0,8,17,8,,,,,,,,,
20,VISIT,1778,Random,OnArrival,5,6,13398,Node_140,16,0,5,16,5,,,,,,,,,
20,VISIT,1779,Random,OnArrival,5,6,13398,Node_140,16,0,5,16,5,,,,,,,,,
20,VISIT,1780,Random,OnArrival,5,6,13398,Node_126,17,0,8,17,8,,,,,,,,,
20,VISIT,1777,Random,OnArrival,5,7,13417,Node_206,17,0,7,17,7,,,,,,,,,
20,VISIT,1778,Random,OnArrival,5,7,13417,Node_286,16,0,4,16,4,,,,,,,,,
20,VISIT,1779,Random,OnArrival,5,7,13417,Node_286,16,0,4,16,4,,,,,,,,,
20,VISIT,1780,Random,OnArrival,5,7,13417,Node_206,17,0,7,17,7,,,,,,,,,
20,VISIT,1777,Random,OnArrival,5,8,13435,Node_146,16,0,7,16,7,,,,,,,,,
20,VISIT,1778,Random,OnArrival,5,8,13435,Node_287,16,0,3,16,3,,,,,,,,,
20,VISIT,1779,Random,OnArrival,5,8,13435,Node_287,16,0,3,16,3,,,,,,,,,
20,VISIT,1780,Random,OnArrival,5,8,13435,Node_146,16,0,7,16,7,,,,,,,,,
20,VISIT,1777,Random,OnArrival,5,9,13452,Node_143,16,0,6,16,6,,,,,,,,,
20,VISIT,1778,Random,OnArrival,5,9,13452,Node_289,16,0,2,16,2,,,,,,,,,
20,VISIT,1779,Random,OnArrival,5,9,13452,Node_289,16,0,2,16,2,,,,,,,,,
20,VISIT,1780,Random,OnArrival,5,9,13452,Node_143,16,0,6,16,6,,,,,,,,,
20,VISIT,1777,Random,OnArrival,5,10,13468,Node_140,16,0,5,16,5,,,,,,,,,
20,VISIT,1778,Random,OnArrival,5,10,13468,Node_212,15,0,2,15,2,,,,,,,,,
20,VISIT,1779,Random,OnArrival,5,10,13468,Node_212,15,0,2,15,2,,,,,,,,,
20,VISIT,1780,Random,OnArrival,5,10,13468,Node_140,16,0,5,16,5,,,,,,,,,
20,VISIT,1777,Random,OnArrival,5,11,13490,Node_286,16,0,4,16,4,,,,,,,,,
20,VISIT,1778,Random,OnArrival,5,11,13490,Node_213,15,0,1,15,1,,,,,,,,,
20,VISIT,1779,Random,OnArrival,5,11,13490,Node_213,15,0,1,15,1,,,,,,,,,
20,VISIT,1780,Random,OnArrival,5,11,13490,Node_286,16,0,4,16,4,,,,,,,,,
20,VISIT,1777,Random,OnArrival,5,12,13512,Node_287,16,0,3,16,3,,,,,,,,,
20,VISIT,1778,Random,OnArrival,5,12,13512,Node_214,15,0,0,15,0,,,,,,,,,
20,VISIT,1779,Random,OnArrival,5,12,13512,Node_214,15,0,0,15,0,,,,,,,,,
20,VISIT,1780,Random,OnArrival,5,12,13512,Node_287,16,0,3,16,3,,,,,,,,,
20,VISIT,1777,Random,OnArrival,5,13,13534,Node_289,16,0,2,16,2,,,,,,,,,
20,VISIT,1778,Random,OnArrival,5,13,13534,Node_237,14,0,0,14,0,,,,,,,,,
20,VISIT,1779,Random,OnArrival,5,13,13534,Node_237,14,0,0,14,0,,,,,,,,,
20,VISIT,1780,Random,OnArrival,5,13,13534,Node_289,16,0,2,16,2,,,,,,,,,
20,VISIT,1777,Random,OnArrival,5,14,13556,Node_212,15,0,2,15,2,,,,,,,,,
20,VISIT,1780,Random,OnArrival,5,14,13556,Node_212,15,0,2,15,2,,,,,,,,,
20,VISIT,1777,Random,OnArrival,5,15,13578,Node_213,15,0,1,15,1,,,,,,,,,
20,VISIT,1780,Random,OnArrival,5,15,13578,Node_213,15,0,1,15,1,,,,,,,,,
20,VISIT,1777,Random,OnArrival,5,16,13600,Node_214,15,0,0,15,0,,,,,,,,,
20,VISIT,1780,Random,OnArrival,5,16,13600,Node_214,15,0,0,15,0,,,,,,,,,
20,VISIT,1777,Random,OnArrival,5,17,13621,Node_237,14,0,0,14,0,,,,,,,,,
20,VISIT,1778,Random,OnArrival,5,14,13621,Node_357,11,0,-1,11,-1,,,,,,,,,
20,VISIT,1779,Random,OnArrival,5,14,13621,Node_357,11,0,-1,11,-1,,,,,,,,,
20,VISIT,1780,Random,OnArrival,5,17,13621,Node_216,15,0,-1,15,-1,,,,,,,,,
20,VISIT,1777,Random,OnArrival,5,18,13643,Node_235,14,0,-1,14,-1,,,,,,,,,
20,VISIT,1778,Random,OnArrival,5,15,13643,Node_243,10,0,-1,10,-1,,,,,,,,,
20,VISIT,1779,Random,OnArrival,5,15,13643,Node_243,10,0,-1,10,-1,,,,,,,,,
20,VISIT,1780,Random,OnArrival,5,18,13643,Node_235,14,0,-1,14,-1,,,,,,,,,
20,VISIT,1777,Random,OnArrival,5,19,13665,Node_216,15,0,-1,15,-1,,,,,,,,,
20,VISIT,1779,Random,OnArrival,5,16,13665,Node_244,10,0,-2,10,-2,,,,,,,,,
20,VISIT,1780,Random,OnArrival,5,19,13665,Node_216,15,0,-1,15,-1,,,,,,,,,
20,VISIT,1777,Random,OnArrival,5,20,13687,Node_218,15,0,-2,15,-2,,,,,,,,,
20,VISIT,1778,Random,OnArrival,5,16,13687,Node_377,8,0,-1,8,-1,,,,,,,,,
20,VISIT,1779,Random,OnArrival,5,17,13687,Node_358,11,0,-2,11,-2,,,,,,,,,
20,VISIT,1780,Random,OnArrival,5,20,13687,Node_218,15,0,-2,15,-2,,,,,,,,,
20,VISIT,1777,Random,OnArrival,5,21,13709,Node_233,14,0,-2,14,-2,,,,,,,,,
20,VISIT,1778,Random,OnArrival,5,17,13709,Node_380,8,0,-2,8,-2,,,,,,,,,
20,VISIT,1779,Random,OnArrival,5,18,13709,Node_359,11,0,-3,11,-3,,,,,,,,,
20,VISIT,1780,Random,OnArrival,5,21,13709,Node_233,14,0,-2,14,-2,,,,,,,,,
20,VISIT,1777,Random,OnArrival,5,22,13731,Node_231,14,0,-3,14,-3,,,,,,,,,
20,VISIT,1779,Random,OnArrival,5,19,13731,Node_360,11,0,-4,11,-4,,,,,,,,,
20,VISIT,1780,Random,OnArrival,5,22,13731,Node_218,15,0,-2,15,-2,,,,,,,,,
20,VISIT,1779,Random,OnArrival,5,20,13753,Node_364,10,0,-4,10,-4,,,,,,,,,
20,VISIT,1777,Random,OnArrival,5,23,13774,Node_365,12,0,-3,12,-3,,,,,,,,,
20,VISIT,1779,Random,OnArrival,5,21,13774,Node_245,10,0,-3,10,-3,,,,,,,,,
20,VISIT,1780,Random,OnArrival,5,23,13774,Node_223,17,0,-2,17,-2,,,,,,,,,
20,VISIT,1778,Random,OnArrival,5,18,13795,Node_398,5,0,-3,5,-3,,,,,,,,,
20,VISIT,1779,Random,OnArrival,5,22,13795,Node_244,10,0,-2,10,-2,,,,,,,,,
20,VISIT,1780,Random,OnArrival,5,24,13795,Node_221,18,0,-2,18,-2,,,,,,,,,
20,VISIT,1777,Random,OnArrival,5,24,13816,Node_360,11,0,-4,11,-4,,,,,,,,,
20,VISIT,1778,Random,OnArrival,5,19,13816,Node_400,4,0,-3,4,-3,,,,,,,,,
20,VISIT,1779,Random,OnArrival,5,23,13816,Node_243,10,0,-1,10,-1,,,,,,,,,
20,VISIT,1780,Random,OnArrival,5,25,13816,Node_219,18,0,-1,18,-1,,,,,,,,,
20,VISIT,1777,Random,OnArrival,5,25,13838,Node_359,11,0,-3,11,-3,,,,,,,,,
20,VISIT,1778,Random,OnArrival,5,20,13838,Node_402,4,0,-2,4,-2,,,,,,,,,
20,VISIT,1779,Random,OnArrival,5,24,13838,Node_357,11,0,-1,11,-1,,,,,,,,,
20,VISIT,1780,Random,OnArrival,5,26,13838,Node_225,17,0,-1,17,-1,,,,,,,,,
20,VISIT,1777,Random,OnArrival,5,26,13860,Node_365,12,0,-3,12,-3,,,,,,,,,
20,VISIT,1778,Random,OnArrival,5,21,13860,Node_403,3,0,-2,3,-2,,,,,,,,,
20,VISIT,1779,Random,OnArrival,5,25,13860,Node_407,12,0,-1,12,-1,,,,,,,,,
20,VISIT,1780,Random,OnArrival,5,27,13860,Node_223,17,0,-2,17,-2,,,,,,,,,
20,VISIT,1779,Random,OnArrival,5,26,13882,Node_406,12,0,0,12,0,,,,,,,,,
20,VISIT,1777,Random,OnArrival,5,27,13904,Node_231,14,0,-3,14,-3,,,,,,,,,
20,VISIT,1779,Random,OnArrival,5,27,13904,Node_356,11,0,0,11,0,,,,,,,,,
20,VISIT,1780,Random,OnArrival,5,28,13904,Node_218,15,0,-2,15,-2,,,,,,,,,
20,VISIT,1777,Random,OnArrival,5,28,13925,Node_220,15,0,-3,15,-3,,,,,,,,,
20,VISIT,1779,Random,OnArrival,5,28,13925,Node_406,12,0,0,12,0,,,,,,,,,
20,VISIT,1780,Random,OnArrival,5,29,13925,Node_216,15,0,-1,15,-1,,,,,,,,,
20,VISIT,1777,Random,OnArrival,5,29,13947,Node_218,15,0,-2,15,-2,,,,,,,,,
20,VISIT,1780,Random,OnArrival,5,30,13947,Node_214,15,0,0,15,0,,,,,,,,,
20,VISIT,1779,Random,OnArrival,5,29,13969,Node_237,14,0,0,14,0,,,,,,,,,
20,VISIT,1780,Random,OnArrival,5,31,13969,Node_237,14,0,0,14,0,,,,,,,,,
20,VISIT,1777,Random,OnArrival,5,30,13990,Node_223,17,0,-2,17,-2,,,,,,,,,
20,VISIT,1779,Random,OnArrival,5,30,13990,Node_235,14,0,-1,14,-1,,,,,,,,,
20,VISIT,1777,Random,OnArrival,5,31,14012,Node_221,18,0,-2,18,-2,,,,,,,,,
20,VISIT,1779,Random,OnArrival,5,31,14012,Node_233,14,0,-2,14,-2,,,,,,,,,
20,VISIT,1780,Random,OnArrival,5,32,14012,Node_406,12,0,0,12,0,,,,,,,,,
20,VISIT,1777,Random,OnArrival,5,32,14034,Node_156,19,0,-2,19,-2,,,,,,,,,
20,VISIT,1779,Random,OnArrival,5,32,14034,Node_231,14,0,-3,14,-3,,,,,,,,,
20,VISIT,1780,Random,OnArrival,5,33,14034,Node_407,12,0,-1,12,-1,,,,,,,,,
20,VISIT,1777,Random,OnArrival,5,33,14055,Node_153,19,0,-1,19,-1,,,,,,,,,
20,VISIT,1779,Random,OnArrival,5,33,14055,Node_220,15,0,-3,15,-3,,,,,,,,,
20,VISIT,1780,Random,OnArrival,5,34,14055,Node_357,11,0,-1,11,-1,,,,,,,,,
20,VISIT,1777,Random,OnArrival,5,34,14077,Node_219,18,0,-1,18,-1,,,,,,,,,
20,VISIT,1779,Random,OnArrival,5,34,14077,Node_222,15,0,-4,15,-4,,,,,,,,,
20,VISIT,1780,Random,OnArrival,5,35,14077,Node_243,10,0,-1,10,-1,,,,,,,,,
20,VISIT,1777,Random,OnArrival,5,35,14098,Node_221,18,0,-2,18,-2,,,,,,,,,
20,VISIT,1779,Random,OnArrival,5,35,14098,Node_229,14,0,-4,14,-4,,,,,,,,,
20,VISIT,1777,Random,OnArrival,5,36,14119,Node_156,19,0,-2,19,-2,,,,,,,,,
20,VISIT,1779,Random,OnArrival,5,36,14119,Node_231,14,0,-3,14,-3,,,,,,,,,
20,VISIT,1780,Random,OnArrival,5,36,14119,Node_377,8,0,-1,8,-1,,,,,,,,,
20,VISIT,1777,Random,OnArrival,5,37,14140,Node_158,19,0,-3,19,-3,,,,,,,,,
20,VISIT,1780,Random,OnArrival,5,37,14140,Node_380,8,0,-2,8,-2,,,,,,,,,
20,VISIT,1777,Random,OnArrival,5,38,14162,Node_160,19,0,-4,19,-4,,,,,,,,,
20,VISIT,1779,Random,OnArrival,5,37,14162,Node_365,12,0,-3,12,-3,,,,,,,,,
20,VISIT,1779,Random,OnArrival,5,38,14182,Node_359,11,0,-3,11,-3,,,,,,,,,
20,VISIT,1781,Random,OnArrival,5,0,14187,Node_6,19,0,12,19,12,,,,,,,,,
20,VISIT,1782,Random,OnArrival,5,0,14187,Node_7,19,0,8,19,8,,,,,,,,,
20,VISIT,1783,Random,OnArrival,5,0,14187,Node_8,17,0,10,17,10,,,,,,,,,
20,VISIT,1784,Random,OnArrival,5,0,14187,Node_9,21,0,10,21,10,,,,,,,,,
20,VISIT,1777,Random,OnArrival,5,39,14196,Node_162,18,0,-5,18,-5,,,,,,,,,
20,VISIT,1779,Random,OnArrival,5,39,14196,Node_360,11,0,-4,11,-4,,,,,,,,,
20,VISIT,1780,Random,OnArrival,5,38,14196,Node_389,8,0,-5,8,-5,,,,,,,,,
20,VISIT,1781,Random,OnArrival,5,1,14202,Node_2,19,0,11,19,11,,,,,,,,,
20,VISIT,1782,Random,OnArrival,5,1,14202,Node_46,20,0,8,20,8,,,,,,,,,
20,VISIT,1783,Random,OnArrival,5,1,14202,Node_23,17,0,9,17,9,,,,,,,,,
20,VISIT,1784,Random,OnArrival,5,1,14202,Node_47,21,0,9,21,9,,,,,,,,,
20,VISIT,1779,Random,OnArrival,5,40,14214,Node_361,11,0,-5,11,-5,,,,,,,,,
20,VISIT,1781,Random,OnArrival,5,2,14220,Node_20,19,0,10,19,10,,,,,,,,,
20,VISIT,1782,Random,OnArrival,5,2,14220,Node_49,21,0,8,21,8,,,,,,,,,
20,VISIT,1783,Random,OnArrival,5,2,14220,Node_126,17,0,8,17,8,,,,,,,,,
20,VISIT,1784,Random,OnArrival,5,2,14220,Node_49,21,0,8,21,8,,,,,,,,,
20,VISIT,1779,Random,OnArrival,5,41,14232,Node_363,10,0,-5,10,-5,,,,,,,,,
20,VISIT,1780,Random,OnArrival,5,39,14232,Node_363,10,0,-5,10,-5,,,,,,,,,
20,VISIT,1781,Random,OnArrival,5,3,14238,Node_3,19,0,9,19,9,,,,,,,,,
20,VISIT,1782,Random,OnArrival,5,3,14238,Node_50,21,0,7,21,7,,,,,,,,,
20,VISIT,1783,Random,OnArrival,5,3,14238,Node_206,17,0,7,17,7,,,,,,,,,
20,VISIT,1784,Random,OnArrival,5,3,14238,Node_50,21,0,7,21,7,,,,,,,,,
20,VISIT,1777,Random,OnArrival,5,40,14250,Node_417,18,0,-4,18,-4,,,,,,,,,
20,VISIT,1781,Random,OnArrival,5,4,14257,Node_7,19,0,8,19,8,,,,,,,,,
20,VISIT,1782,Random,OnArrival,5,4,14257,Node_51,21,0,6,21,6,,,,,,,,,
20,VISIT,1783,Random,OnArrival,5,4,14257,Node_146,16,0,7,16,7,,,,,,,,,
20,VISIT,1784,Random,OnArrival,5,4,14257,Node_51,21,0,6,21,6,,,,,,,,,
20,VISIT,1777,Random,OnArrival,5,41,14269,Node_160,19,0,-4,19,-4,,,,,,,,,
20,VISIT,1779,Random,OnArrival,5,42,14269,Node_389,8,0,-5,8,-5,,,,,,,,,
20,VISIT,1780,Random,OnArrival,5,40,14269,Node_389,8,0,-5,8,-5,,,,,,,,,
20,VISIT,1781,Random,OnArrival,5,5,14275,Node_46,20,0,8,20,8,,,,,,,,,
20,VISIT,1782,Random,OnArrival,5,5,14275,Node_52,21,0,5,21,5,,,,,,,,,
20,VISIT,1783,Random,OnArrival,5,5,14275,Node_143,16,0,6,16,6,,,,,,,,,
20,VISIT,1784,Random,OnArrival,5,5,14275,Node_52,21,0,5,21,5,,,,,,,,,
20,VISIT,1777,Random,OnArrival,5,42,14289,Node_352,20,0,-4,20,-4,,,,,,,,,
20,VISIT,1781,Random,OnArrival,5,6,14295,Node_49,21,0,8,21,8,,,,,,,,,
20,VISIT,1782,Random,OnArrival,5,6,14295,Node_70,22,0,5,22,5,,,,,,,,,
20,VISIT,1783,Random,OnArrival,5,6,14295,Node_140,16,0,5,16,5,,,,,,,,,
20,VISIT,1784,Random,OnArrival,5,6,14295,Node_70,22,0,5,22,5,,,,,,,,,
20,VISIT,1777,Random,OnArrival,5,43,14309,Node_350,21,0,-4,21,-4,,,,,,,,,
20,VISIT,1781,Random,OnArrival,5,7,14316,Node_50,21,0,7,21,7,,,,,,,,,
20,VISIT,1782,Random,OnArrival,5,7,14316,Node_169,23,0,5,23,5,,,,,,,,,
20,VISIT,1783,Random,OnArrival,5,7,14316,Node_139,17,0,5,17,5,,,,,,,,,
20,VISIT,1784,Random,OnArrival,5,7,14316,Node_169,23,0,5,23,5,,,,,,,,,
20,VISIT,1777,Random,OnArrival,5,44,14330,Node_344,22,0,-4,22,-4,,,,,,,,,
20,VISIT,1779,Random,OnArrival,5,43,14330,Node_395,5,0,-5,5,-5,,,,,,,,,
20,VISIT,1780,Random,OnArrival,5,41,14330,Node_395,5,0,-5,5,-5,,,,,,,,,
20,VISIT,1781,Random,OnArrival,5,8,14337,Node_51,21,0,6,21,6,,,,,,,,,
20,VISIT,1782,Random,OnArrival,5,8,14337,Node_179,24,0,5,24,5,,,,,,,,,
20,VISIT,1783,Random,OnArrival,5,8,14337,Node_133,18,0,5,18,5,,,,,,,,,
20,VISIT,1784,Random,OnArrival,5,8,14337,Node_179,24,0,5,24,5,,,,,,,,,
20,VISIT,1777,Random,OnArrival,5,45,14351,Node_197,22,0,-3,22,-3,,,,,,,,,
20,VISIT,1781,Random,OnArrival,5,9,14358,Node_52,21,0,5,21,5,,,,,,,,,
20,VISIT,1783,Random,OnArrival,5,9,14358,Node_78,19,0,5,19,5,,,,,,,,,
20,VISIT,1777,Random,OnArrival,5,46,14370,Node_194,23,0,-3,23,-3,,,,,,,,,
20,VISIT,1781,Random,OnArrival,5,10,14377,Node_70,22,0,5,22,5,,,,,,,,,
20,VISIT,1783,Random,OnArrival,5,10,14377,Node_66,20,0,5,20,5,,,,,,,,,
20,VISIT,1781,Random,OnArrival,5,11,14397,Node_169,23,0,5,23,5,,,,,,,,,
20,VISIT,1783,Random,OnArrival,5,11,14397,Node_52,21,0,5,21,5,,,,,,,,,
20,VISIT,1779,Random,OnArrival,5,44,14409,Node_412,1,0,-5,1,-5,,,,,,,,,
20,VISIT,1780,Random,OnArrival,5,42,14409,Node_412,1,0,-5,1,-5,,,,,,,,,
20,VISIT,1781,Random,OnArrival,5,12,14416,Node_172,23,0,4,23,4,,,,,,,,,
20,VISIT,1783,Random,OnArrival,5,12,14416,Node_70,22,0,5,22,5,,,,,,,,,
20,VISIT,1777,Random,OnArrival,5,47,14429,Node_190,23,0,-2,23,-2,,,,,,,,,
20,VISIT,1781,Random,OnArrival,5,13,14436,Node_420,24,0,4,24,4,,,,,,,,,
20,VISIT,1782,Random,OnArrival,5,9,14436,Node_181,23,0,1,23,1,,,,,,,,,
20,VISIT,1783,Random,OnArrival,5,13,14436,Node_169,23,0,5,23,5,,,,,,,,,
20,VISIT,1784,Random,OnArrival,5,9,14436,Node_181,23,0,1,23,1,,,,,,,,,
20,VISIT,1777,Random,OnArrival,5,48,14449,Node_341,22,0,-2,22,-2,,,,,,,,,
20,VISIT,1781,Random,OnArrival,5,14,14457,Node_172,23,0,4,23,4,,,,,,,,,
20,VISIT,1782,Random,OnArrival,5,10,14457,Node_241,22,0,1,22,1,,,,,,,,,
20,VISIT,1783,Random,OnArrival,5,14,14457,Node_172,23,0,4,23,4,,,,,,,,,
20,VISIT,1784,Random,OnArrival,5,10,14457,Node_241,22,0,1,22,1,,,,,,,,,
20,VISIT,1777,Random,OnArrival,5,49,14470,Node_190,23,0,-2,23,-2,,,,,,,,,
20,VISIT,1779,Random,OnArrival,5,45,14470,Node_411,1,0,-2,1,-2,,,,,,,,,
20,VISIT,1780,Random,OnArrival,5,43,14470,Node_413,-2,0,-5,-2,-5,,,,,,,,,
20,VISIT,1781,Random,OnArrival,5,15,14478,Node_175,23,0,3,23,3,,,,,,,,,
20,VISIT,1782,Random,OnArrival,5,11,14478,Node_238,22,0,0,22,0,,,,,,,,,
20,VISIT,1783,Random,OnArrival,5,15,14478,Node_175,23,0,3,23,3,,,,,,,,,
20,VISIT,1784,Random,OnArrival,5,11,14478,Node_181,23,0,1,23,1,,,,,,,,,
20,VISIT,1777,Random,OnArrival,5,50,14490,Node_187,23,0,-1,23,-1,,,,,,,,,
20,VISIT,1781,Random,OnArrival,5,16,14498,Node_421,24,0,3,24,3,,,,,,,,,
20,VISIT,1782,Random,OnArrival,5,12,14498,Node_185,23,0,0,23,0,,,,,,,,,
20,VISIT,1783,Random,OnArrival,5,16,14498,Node_421,24,0,3,24,3,,,,,,,,,
20,VISIT,1784,Random,OnArrival,5,12,14498,Node_178,23,0,2,23,2,,,,,,,,,
20,VISIT,1777,Random,OnArrival,5,51,14510,Node_338,22,0,-1,22,-1,,,,,,,,,
20,VISIT,1780,Random,OnArrival,5,44,14510,Node_414,-2,0,-3,-2,-3,,,,,,,,,
20,VISIT,1782,Random,OnArrival,5,13,14518,Node_181,23,0,1,23,1,,,,,,,,,
20,VISIT,1784,Random,OnArrival,5,13,14518,Node_423,24,0,2,24,2,,,,,,,,,
20,VISIT,1777,Random,OnArrival,5,52,14530,Node_238,22,0,0,22,0,,,,,,,,,
20,VISIT,1782,Random,OnArrival,5,14,14538,Node_178,23,0,2,23,2,,,,,,,,,
20,VISIT,1777,Random,OnArrival,5,53,14550,Node_241,22,0,1,22,1,,,,,,,,,
20,VISIT,1781,Random,OnArrival,5,17,14557,Node_423,24,0,2,24,2,,,,,,,,,
20,VISIT,1782,Random,OnArrival,5,15,14557,Node_175,23,0,3,23,3,,,,,,,,,
20,VISIT,1783,Random,OnArrival,5,17,14557,Node_423,24,0,2,24,2,,,,,,,,,
20,VISIT,1777,Random,OnArrival,5,54,14570,Node_181,23,0,1,23,1,,,,,,,,,
20,VISIT,1780,Random,OnArrival,5,45,14570,Node_426,0,0,-2,0,-2,,,,,,,,,
20,VISIT,1781,Random,OnArrival,5,18,14577,Node_430,25,0,2,25,2,,,,,,,,,
20,VISIT,1782,Random,OnArrival,5,16,14577,Node_421,24,0,3,24,3,,,,,,,,,
20,VISIT,1783,Random,OnArrival,5,18,14577,Node_425,24,0,1,24,1,,,,,,,,,
20,VISIT,1777,Random,OnArrival,5,55,14589,Node_178,23,0,2,23,2,,,,,,,,,
20,VISIT,1780,Random,OnArrival,5,46,14589,Node_411,1,0,-2,1,-2,,,,,,,,,
20,VISIT,1782,Random,OnArrival,5,17,14597,Node_420,24,0,4,24,4,,,,,,,,,
20,VISIT,1783,Random,OnArrival,5,19,14597,Node_181,23,0,1,23,1,,,,,,,,,
20,VISIT,1777,Random,OnArrival,5,56,14609,Node_175,23,0,3,23,3,,,,,,,,,
20,VISIT,1781,Random,OnArrival,5,19,14617,Node_434,27,0,2,27,2,,,,,,,,,
20,VISIT,1782,Random,OnArrival,5,18,14617,Node_179,24,0,5,24,5,,,,,,,,,
20,VISIT,1783,Random,OnArrival,5,20,14617,Node_185,23,0,0,23,0,,,,,,,,,
20,VISIT,1777,Random,OnArrival,5,57,14628,Node_421,24,0,3,24,3,,,,,,,,,
20,VISIT,1780,Random,OnArrival,5,47,14628,Node_403,3,0,-2,3,-2,,,,,,,,,
20,VISIT,1781,Random,OnArrival,5,20,14636,Node_268,28,0,2,28,2,,,,,,,,,
20,VISIT,1782,Random,OnArrival,5,19,14636,Node_176,25,0,5,25,5,,,,,,,,,
20,VISIT,1783,Random,OnArrival,5,21,14636,Node_187,23,0,-1,23,-1,,,,,,,,,
20,VISIT,1777,Random,OnArrival,5,58,14647,Node_423,24,0,2,24,2,,,,,,,,,
20,VISIT,1782,Random,OnArrival,5,20,14656,Node_252,26,0,5,26,5,,,,,,,,,
20,VISIT,1783,Random,OnArrival,5,22,14656,Node_190,23,0,-2,23,-2,,,,,,,,,
20,VISIT,1784,Random,OnArrival,5,14,14656,Node_279,27,0,-2,27,-2,,,,,,,,,
20,VISIT,1777,Random,OnArrival,5,59,14667,Node_430,25,0,2,25,2,,,,,,,,,
20,VISIT,1780,Random,OnArrival,5,48,14667,Node_404,3,0,0,3,0,,,,,,,,,
20,VISIT,1782,Random,OnArrival,5,21,14676,Node_259,27,0,5,27,5,,,,,,,,,
20,VISIT,1783,Random,OnArrival,5,23,14676,Node_424,24,0,-2,24,-2,,,,,,,,,
20,VISIT,1781,Random,OnArrival,5,21,14696,Node_266,28,0,3,28,3,,,,,,,,,
20,VISIT,1782,Random,OnArrival,5,22,14696,Node_262,28,0,5,28,5,,,,,,,,,
20,VISIT,1777,Random,OnArrival,5,60,14706,Node_434,27,0,2,27,2,,,,,,,,,
20,VISIT,1781,Random,OnArrival,5,22,14715,Node_268,28,0,2,28,2,,,,,,,,,
20,VISIT,1777,Random,OnArrival,5,61,14725,Node_435,27,0,1,27,1,,,,,,,,,
20,VISIT,1780,Random,OnArrival,5,49,14725,Node_428,0,0,0,0,0,,,,,,,,,
20,VISIT,1781,Random,OnArrival,5,23,14733,Node_269,28,0,1,28,1,,,,,,,,,
20,VISIT,1777,Random,OnArrival,5,62,14744,Node_269,28,0,1,28,1,,,,,,,,,
20,VISIT,1781,Random,OnArrival,5,24,14753,Node_435,27,0,1,27,1,,,,,,,,,
20,VISIT,1782,Random,OnArrival,5,23,14753,Node_349,30,0,6,30,6,,,,,,,,,
20,VISIT,1783,Random,OnArrival,5,24,14753,Node_439,27,0,-1,27,-1,,,,,,,,,
20,VISIT,1781,Random,OnArrival,5,25,14772,Node_437,27,0,0,27,0,,,,,,,,,
20,VISIT,1782,Random,OnArrival,5,24,14772,Node_450,30,0,5,30,5,,,,,,,,,
20,VISIT,1783,Random,OnArrival,5,25,14772,Node_273,28,0,-1,28,-1,,,,,,,,,
20,VISIT,1777,Random,OnArrival,5,63,14782,Node_441,29,0,2,29,2,,,,,,,,,
20,VISIT,1780,Random,OnArrival,5,50,14782,Node_404,3,0,0,3,0,,,,,,,,,
20,VISIT,1781,Random,OnArrival,5,26,14791,Node_271,28,0,0,28,0,,,,,,,,,
20,VISIT,1777,Random,OnArrival,5,64,14801,Node_268,28,0,2,28,2,,,,,,,,,
20,VISIT,1781,Random,OnArrival,5,27,14810,Node_273,28,0,-1,28,-1,,,,,,,,,
20,VISIT,1782,Random,OnArrival,5,25,14810,Node_262,28,0,5,28,5,,,,,,,,,
20,VISIT,1777,Random,OnArrival,5,65,14821,Node_266,28,0,3,28,3,,,,,,,,,
20,VISIT,1781,Random,OnArrival,5,28,14829,Node_276,28,0,-2,28,-2,,,,,,,,,
20,VISIT,1781,Random,OnArrival,5,29,14849,Node_457,29,0,-2,29,-2,,,,,,,,,
20,VISIT,1782,Random,OnArrival,5,26,14849,Node_266,28,0,3,28,3,,,,,,,,,
20,VISIT,1777,Random,OnArrival,5,66,14860,Node_262,28,0,5,28,5,,,,,,,,,
20,VISIT,1782,Random,OnArrival,5,27,14869,Node_442,29,0,3,29,3,,,,,,,,,
20,VISIT,1777,Random,OnArrival,5,67,14898,Node_450,30,0,5,30,5,,,,,,,,,
20,VISIT,1781,Random,OnArrival,5,30,14907,Node_456,29,0,-1,29,-1,,,,,,,,,
20,VISIT,1777,Random,OnArrival,5,68,14917,Node_349,30,0,6,30,6,,,,,,,,,
20,VISIT,1781,Random,OnArrival,5,31,14926,Node_457,29,0,-2,29,-2,,,,,,,,,
20,VISIT,1777,Random,OnArrival,5,69,14936,Node_351,30,0,7,30,7,,,,,,,,,
20,VISIT,1781,Random,OnArrival,5,32,14945,Node_458,29,0,-3,29,-3,,,,,,,,,
20,VISIT,1780,Random,OnArrival,5,51,14955,Node_322,5,0,5,5,5,,,,,,,,,
20,VISIT,1781,Random,OnArrival,5,33,14964,Node_470,30,0,-3,30,-3,,,,,,,,,
20,VISIT,1777,Random,OnArrival,5,70,14974,Node_298,30,0,9,30,9,,,,,,,,,
20,VISIT,1780,Random,OnArrival,5,52,14974,Node_369,5,0,6,5,6,,,,,,,,,
20,VISIT,1781,Random,OnArrival,5,34,14983,Node_461,30,0,-2,30,-2,,,,,,,,,
20,VISIT,1777,Random,OnArrival,5,71,14993,Node_342,31,0,9,31,9,,,,,,,,,
20,VISIT,1777,Random,OnArrival,5,72,15012,Node_343,31,0,8,31,8,,,,,,,,,
20,VISIT,1785,Random,OnArrival,5,0,15027,Node_6,19,0,12,19,12,,,,,,,,,
20,VISIT,1786,Random,OnArrival,5,0,15027,Node_7,19,0,8,19,8,,,,,,,,,
20,VISIT,1787,Random,OnArrival,5,0,15027,Node_8,17,0,10,17,10,,,,,,,,,
20,VISIT,1788,Random,OnArrival,5,0,15027,Node_9,21,0,10,21,10,,,,,,,,,
20,VISIT,1777,Random,OnArrival,5,73,15031,Node_472,30,0,8,30,8,,,,,,,,,
20,VISIT,1780,Random,OnArrival,5,53,15031,Node_372,5,0,9,5,9,,,,,,,,,
20,VISIT,1785,Random,OnArrival,5,1,15038,Node_2,19,0,11,19,11,,,,,,,,,
20,VISIT,1786,Random,OnArrival,5,1,15038,Node_46,20,0,8,20,8,,,,,,,,,
20,VISIT,1787,Random,OnArrival,5,1,15038,Node_4,18,0,10,18,10,,,,,,,,,
20,VISIT,1788,Random,OnArrival,5,1,15038,Node_47,21,0,9,21,9,,,,,,,,,
20,VISIT,1777,Random,OnArrival,5,74,15044,Node_298,30,0,9,30,9,,,,,,,,,
20,VISIT,1785,Random,OnArrival,5,2,15052,Node_20,19,0,10,19,10,,,,,,,,,
20,VISIT,1786,Random,OnArrival,5,2,15052,Node_49,21,0,8,21,8,,,,,,,,,
20,VISIT,1787,Random,OnArrival,5,2,15052,Node_15,18,0,9,18,9,,,,,,,,,
20,VISIT,1788,Random,OnArrival,5,2,15052,Node_59,22,0,9,22,9,,,,,,,,,
20,VISIT,1777,Random,OnArrival,5,75,15058,Node_301,30,0,10,30,10,,,,,,,,,
20,VISIT,1785,Random,OnArrival,5,3,15066,Node_3,19,0,9,19,9,,,,,,,,,
20,VISIT,1786,Random,OnArrival,5,3,15066,Node_50,21,0,7,21,7,,,,,,,,,
20,VISIT,1787,Random,OnArrival,5,3,15066,Node_3,19,0,9,19,9,,,,,,,,,
20,VISIT,1788,Random,OnArrival,5,3,15066,Node_127,23,0,9,23,9,,,,,,,,,
20,VISIT,1777,Random,OnArrival,5,76,15072,Node_339,31,0,10,31,10,,,,,,,,,
20,VISIT,1780,Random,OnArrival,5,54,15072,Node_374,5,0,10,5,10,,,,,,,,,
20,VISIT,1785,Random,OnArrival,5,4,15081,Node_48,20,0,9,20,9,,,,,,,,,
20,VISIT,1786,Random,OnArrival,5,4,15081,Node_51,21,0,6,21,6,,,,,,,,,
20,VISIT,1787,Random,OnArrival,5,4,15081,Node_48,20,0,9,20,9,,,,,,,,,
20,VISIT,1777,Random,OnArrival,5,77,15087,Node_342,31,0,9,31,9,,,,,,,,,
20,VISIT,1785,Random,OnArrival,5,5,15096,Node_47,21,0,9,21,9,,,,,,,,,
20,VISIT,1786,Random,OnArrival,5,5,15096,Node_52,21,0,5,21,5,,,,,,,,,
20,VISIT,1787,Random,OnArrival,5,5,15096,Node_47,21,0,9,21,9,,,,,,,,,
20,VISIT,1788,Random,OnArrival,5,4,15096,Node_166,25,0,9,25,9,,,,,,,,,
20,VISIT,1777,Random,OnArrival,5,78,15105,Node_343,31,0,8,31,8,,,,,,,,,
20,VISIT,1785,Random,OnArrival,5,6,15114,Node_59,22,0,9,22,9,,,,,,,,,
20,VISIT,1786,Random,OnArrival,5,6,15114,Node_70,22,0,5,22,5,,,,,,,,,
20,VISIT,1787,Random,OnArrival,5,6,15114,Node_59,22,0,9,22,9,,,,,,,,,
20,VISIT,1788,Random,OnArrival,5,5,15114,Node_246,26,0,9,26,9,,,,,,,,,
20,VISIT,1777,Random,OnArrival,5,79,15123,Node_345,31,0,7,31,7,,,,,,,,,
20,VISIT,1785,Random,OnArrival,5,7,15132,Node_127,23,0,9,23,9,,,,,,,,,
20,VISIT,1786,Random,OnArrival,5,7,15132,Node_169,23,0,5,23,5,,,,,,,,,
20,VISIT,1787,Random,OnArrival,5,7,15132,Node_127,23,0,9,23,9,,,,,,,,,
20,VISIT,1788,Random,OnArrival,5,6,15132,Node_270,27,0,9,27,9,,,,,,,,,
20,VISIT,1777,Random,OnArrival,5,80,15141,Node_351,30,0,7,30,7,,,,,,,,,
20,VISIT,1786,Random,OnArrival,5,8,15151,Node_172,23,0,4,23,4,,,,,,,,,
20,VISIT,1788,Random,OnArrival,5,7,15151,Node_272,27,0,10,27,10,,,,,,,,,
20,VISIT,1777,Random,OnArrival,5,81,15160,Node_472,30,0,8,30,8,,,,,,,,,
20,VISIT,1785,Random,OnArrival,5,8,15169,Node_166,25,0,9,25,9,,,,,,,,,
20,VISIT,1786,Random,OnArrival,5,9,15169,Node_175,23,0,3,23,3,,,,,,,,,
20,VISIT,1787,Random,OnArrival,5,8,15169,Node_166,25,0,9,25,9,,,,,,,,,
20,VISIT,1788,Random,OnArrival,5,8,15169,Node_290,28,0,10,28,10,,,,,,,,,
20,VISIT,1777,Random,OnArrival,5,82,15178,Node_298,30,0,9,30,9,,,,,,,,,
20,VISIT,1785,Random,OnArrival,5,9,15188,Node_246,26,0,9,26,9,,,,,,,,,
20,VISIT,1786,Random,OnArrival,5,10,15188,Node_178,23,0,2,23,2,,,,,,,,,
20,VISIT,1787,Random,OnArrival,5,9,15188,Node_246,26,0,9,26,9,,,,,,,,,
20,VISIT,1788,Random,OnArrival,5,9,15188,Node_288,28,0,9,28,9,,,,,,,,,
20,VISIT,1777,Random,OnArrival,5,83,15197,Node_301,30,0,10,30,10,,,,,,,,,
20,VISIT,1785,Random,OnArrival,5,10,15206,Node_270,27,0,9,27,9,,,,,,,,,
20,VISIT,1786,Random,OnArrival,5,11,15206,Node_181,23,0,1,23,1,,,,,,,,,
20,VISIT,1787,Random,OnArrival,5,10,15206,Node_270,27,0,9,27,9,,,,,,,,,
20,VISIT,1777,Random,OnArrival,5,84,15215,Node_304,30,0,11,30,11,,,,,,,,,
20,VISIT,1785,Random,OnArrival,5,11,15224,Node_272,27,0,10,27,10,,,,,,,,,
20,VISIT,1786,Random,OnArrival,5,12,15224,Node_185,23,0,0,23,0,,,,,,,,,
20,VISIT,1787,Random,OnArrival,5,11,15224,Node_272,27,0,10,27,10,,,,,,,,,
20,VISIT,1788,Random,OnArrival,5,10,15224,Node_298,30,0,9,30,9,,,,,,,,,
20,VISIT,1777,Random,OnArrival,5,85,15234,Node_307,31,0,11,31,11,,,,,,,,,
20,VISIT,1785,Random,OnArrival,5,12,15243,Node_270,27,0,9,27,9,,,,,,,,,
20,VISIT,1786,Random,OnArrival,5,13,15243,Node_187,23,0,-1,23,-1,,,,,,,,,
20,VISIT,1787,Random,OnArrival,5,12,15243,Node_270,27,0,9,27,9,,,,,,,,,
20,VISIT,1788,Random,OnArrival,5,11,15243,Node_301,30,0,10,30,10,,,,,,,,,
20,VISIT,1777,Random,OnArrival,5,86,15254,Node_335,32,0,11,32,11,,,,,,,,,
20,VISIT,1785,Random,OnArrival,5,13,15263,Node_288,28,0,9,28,9,,,,,,,,,
20,VISIT,1786,Random,OnArrival,5,14,15263,Node_190,23,0,-2,23,-2,,,,,,,,,
20,VISIT,1787,Random,OnArrival,5,13,15263,Node_288,28,0,9,28,9,,,,,,,,,
20,VISIT,1788,Random,OnArrival,5,12,15263,Node_304,30,0,11,30,11,,,,,,,,,
20,VISIT,1786,Random,OnArrival,5,15,15283,Node_424,24,0,-2,24,-2,,,,,,,,,
20,VISIT,1788,Random,OnArrival,5,13,15283,Node_307,31,0,11,31,11,,,,,,,,,
20,VISIT,1785,Random,OnArrival,5,14,15303,Node_298,30,0,9,30,9,,,,,,,,,
20,VISIT,1787,Random,OnArrival,5,14,15303,Node_298,30,0,9,30,9,,,,,,,,,
20,VISIT,1788,Random,OnArrival,5,14,15303,Node_309,31,0,12,31,12,,,,,,,,,
20,VISIT,1785,Random,OnArrival,5,15,15322,Node_472,30,0,8,30,8,,,,,,,,,
20,VISIT,1786,Random,OnArrival,5,16,15322,Node_447,26,0,-2,26,-2,,,,,,,,,
20,VISIT,1787,Random,OnArrival,5,15,15322,Node_472,30,0,8,30,8,,,,,,,,,
20,VISIT,1788,Random,OnArrival,5,15,15322,Node_333,32,0,12,32,12,,,,,,,,,
20,VISIT,1785,Random,OnArrival,5,16,15342,Node_351,30,0,7,30,7,,,,,,,,,
20,VISIT,1786,Random,OnArrival,5,17,15342,Node_455,26,0,-3,26,-3,,,,,,,,,
20,VISIT,1787,Random,OnArrival,5,16,15342,Node_351,30,0,7,30,7,,,,,,,,,
20,VISIT,1788,Random,OnArrival,5,16,15342,Node_335,32,0,11,32,11,,,,,,,,,
20,VISIT,1785,Random,OnArrival,5,17,15362,Node_345,31,0,7,31,7,,,,,,,,,
20,VISIT,1786,Random,OnArrival,5,18,15362,Node_443,27,0,-3,27,-3,,,,,,,,,
20,VISIT,1787,Random,OnArrival,5,17,15362,Node_345,31,0,7,31,7,,,,,,,,,
20,VISIT,1788,Random,OnArrival,5,17,15362,Node_307,31,0,11,31,11,,,,,,,,,
20,VISIT,1785,Random,OnArrival,5,18,15382,Node_476,32,0,7,32,7,,,,,,,,,
20,VISIT,1786,Random,OnArrival,5,19,15382,Node_279,27,0,-2,27,-2,,,,,,,,,
20,VISIT,1787,Random,OnArrival,5,18,15382,Node_476,32,0,7,32,7,,,,,,,,,
20,VISIT,1788,Random,OnArrival,5,18,15382,Node_339,31,0,10,31,10,,,,,,,,,
20,VISIT,1786,Random,OnArrival,5,20,15402,Node_447,26,0,-2,26,-2,,,,,,,,,
20,VISIT,1788,Random,OnArrival,5,19,15402,Node_342,31,0,9,31,9,,,,,,,,,
20,VISIT,1786,Random,OnArrival,5,21,15421,Node_279,27,0,-2,27,-2,,,,,,,,,
20,VISIT,1788,Random,OnArrival,5,20,15421,Node_343,31,0,8,31,8,,,,,,,,,
20,VISIT,1786,Random,OnArrival,5,22,15441,Node_276,28,0,-2,28,-2,,,,,,,,,
20,VISIT,1788,Random,OnArrival,5,21,15441,Node_345,31,0,7,31,7,,,,,,,,,
20,VISIT,1786,Random,OnArrival,5,23,15460,Node_457,29,0,-2,29,-2,,,,,,,,,
20,VISIT,1788,Random,OnArrival,5,22,15460,Node_476,32,0,7,32,7,,,,,,,,,
20,VISIT,1785,Random,OnArrival,5,19,15480,Node_485,34,0,10,34,10,,,,,,,,,
20,VISIT,1786,Random,OnArrival,5,24,15480,Node_458,29,0,-3,29,-3,,,,,,,,,
20,VISIT,1787,Random,OnArrival,5,19,15480,Node_485,34,0,10,34,10,,,,,,,,,
20,VISIT,1788,Random,OnArrival,5,23,15480,Node_474,32,0,6,32,6,,,,,,,,,
20,VISIT,1786,Random,OnArrival,5,25,15500,Node_470,30,0,-3,30,-3,,,,,,,,,
20,VISIT,1788,Random,OnArrival,5,24,15500,Node_347,31,0,6,31,6,,,,,,,,,
20,VISIT,1788,Random,OnArrival,5,25,15519,Node_345,31,0,7,31,7,,,,,,,,,
20,VISIT,1785,Random,OnArrival,5,20,15538,Node_484,34,0,11,34,11,,,,,,,,,
20,VISIT,1786,Random,OnArrival,5,26,15538,Node_475,31,0,-2,31,-2,,,,,,,,,
20,VISIT,1787,Random,OnArrival,5,20,15538,Node_484,34,0,11,34,11,,,,,,,,,
20,VISIT,1788,Random,OnArrival,5,26,15538,Node_476,32,0,7,32,7,,,,,,,,,
20,VISIT,1785,Random,OnArrival,5,21,15558,Node_485,34,0,10,34,10,,,,,,,,,
20,VISIT,1786,Random,OnArrival,5,27,15558,Node_461,30,0,-2,30,-2,,,,,,,,,
20,VISIT,1788,Random,OnArrival,5,27,15558,Node_486,33,0,7,33,7,,,,,,,,,
20,VISIT,1785,Random,OnArrival,5,22,15578,Node_489,34,0,9,34,9,,,,,,,,,
20,VISIT,1786,Random,OnArrival,5,28,15578,Node_470,30,0,-3,30,-3,,,,,,,,,
20,VISIT,1787,Random,OnArrival,5,21,15578,Node_335,32,0,11,32,11,,,,,,,,,
20,VISIT,1786,Random,OnArrival,5,29,15597,Node_467,30,0,-4,30,-4,,,,,,,,,
20,VISIT,1787,Random,OnArrival,5,22,15597,Node_333,32,0,12,32,12,,,,,,,,,
20,VISIT,1785,Random,OnArrival,5,23,15616,Node_490,35,0,10,35,10,,,,,,,,,
20,VISIT,1786,Random,OnArrival,5,30,15616,Node_460,29,0,-4,29,-4,,,,,,,,,
20,VISIT,1787,Random,OnArrival,5,23,15616,Node_331,32,0,13,32,13,,,,,,,,,
20,VISIT,1786,Random,OnArrival,5,31,15636,Node_458,29,0,-3,29,-3,,,,,,,,,
20,VISIT,1786,Random,OnArrival,5,32,15656,Node_457,29,0,-2,29,-2,,,,,,,,,
20,VISIT,1785,Random,OnArrival,5,24,15675,Node_494,35,0,9,35,9,,,,,,,,,
20,VISIT,1786,Random,OnArrival,5,33,15675,Node_276,28,0,-2,28,-2,,,,,,,,,
20,VISIT,1786,Random,OnArrival,5,34,15694,Node_279,27,0,-2,27,-2,,,,,,,,,
20,VISIT,1786,Random,OnArrival,5,35,15713,Node_443,27,0,-3,27,-3,,,,,,,,,
20,VISIT,1786,Random,OnArrival,5,36,15732,Node_445,27,0,-4,27,-4,,,,,,,,,
20,VISIT,1786,Random,OnArrival,5,37,15751,Node_453,26,0,-4,26,-4,,,,,,,,,
20,VISIT,1786,Random,OnArrival,5,38,15770,Node_452,26,0,-5,26,-5,,,,,,,,,
20,VISIT,1789,Random,OnArrival,5,0,15824,Node_6,19,0,12,19,12,,,,,,,,,
20,VISIT,1790,Random,OnArrival,5,0,15824,Node_7,19,0,8,19,8,,,,,,,,,
20,VISIT,1791,Random,OnArrival,5,0,15824,Node_8,17,0,10,17,10,,,,,,,,,
20,VISIT,1792,Random,OnArrival,5,0,15824,Node_9,21,0,10,21,10,,,,,,,,,
20,VISIT,1789,Random,OnArrival,5,1,15834,Node_2,19,0,11,19,11,,,,,,,,,
20,VISIT,1790,Random,OnArrival,5,1,15834,Node_3,19,0,9,19,9,,,,,,,,,
20,VISIT,1791,Random,OnArrival,5,1,15834,Node_4,18,0,10,18,10,,,,,,,,,
20,VISIT,1792,Random,OnArrival,5,1,15834,Node_13,21,0,11,21,11,,,,,,,,,
20,VISIT,1786,Random,OnArrival,5,39,15838,Node_452,26,0,-5,26,-5,,,,,,,,,
20,VISIT,1789,Random,OnArrival,5,2,15845,Node_40,20,0,11,20,11,,,,,,,,,
20,VISIT,1790,Random,OnArrival,5,2,15845,Node_48,20,0,9,20,9,,,,,,,,,
20,VISIT,1791,Random,OnArrival,5,2,15845,Node_14,18,0,11,18,11,,,,,,,,,
20,VISIT,1792,Random,OnArrival,5,2,15845,Node_53,22,0,11,22,11,,,,,,,,,
20,VISIT,1786,Random,OnArrival,5,40,15849,Node_448,27,0,-5,27,-5,,,,,,,,,
20,VISIT,1789,Random,OnArrival,5,3,15856,Node_13,21,0,11,21,11,,,,,,,,,
20,VISIT,1790,Random,OnArrival,5,3,15856,Node_47,21,0,9,21,9,,,,,,,,,
20,VISIT,1791,Random,OnArrival,5,3,15856,Node_2,19,0,11,19,11,,,,,,,,,
20,VISIT,1792,Random,OnArrival,5,3,15856,Node_129,23,0,11,23,11,,,,,,,,,
20,VISIT,1786,Random,OnArrival,5,41,15862,Node_445,27,0,-4,27,-4,,,,,,,,,
20,VISIT,1789,Random,OnArrival,5,4,15870,Node_53,22,0,11,22,11,,,,,,,,,
20,VISIT,1790,Random,OnArrival,5,4,15870,Node_59,22,0,9,22,9,,,,,,,,,
20,VISIT,1791,Random,OnArrival,5,4,15870,Node_40,20,0,11,20,11,,,,,,,,,
20,VISIT,1792,Random,OnArrival,5,4,15870,Node_130,23,0,12,23,12,,,,,,,,,
20,VISIT,1786,Random,OnArrival,5,42,15876,Node_443,27,0,-3,27,-3,,,,,,,,,
20,VISIT,1789,Random,OnArrival,5,5,15884,Node_129,23,0,11,23,11,,,,,,,,,
20,VISIT,1790,Random,OnArrival,5,5,15884,Node_127,23,0,9,23,9,,,,,,,,,
20,VISIT,1791,Random,OnArrival,5,5,15884,Node_13,21,0,11,21,11,,,,,,,,,
20,VISIT,1792,Random,OnArrival,5,5,15884,Node_131,24,0,12,24,12,,,,,,,,,
20,VISIT,1786,Random,OnArrival,5,43,15892,Node_279,27,0,-2,27,-2,,,,,,,,,
20,VISIT,1789,Random,OnArrival,5,6,15900,Node_130,23,0,12,23,12,,,,,,,,,
20,VISIT,1791,Random,OnArrival,5,6,15900,Node_53,22,0,11,22,11,,,,,,,,,
20,VISIT,1792,Random,OnArrival,5,6,15900,Node_132,24,0,13,24,13,,,,,,,,,
20,VISIT,1786,Random,OnArrival,5,44,15909,Node_276,28,0,-2,28,-2,,,,,,,,,
20,VISIT,1789,Random,OnArrival,5,7,15917,Node_131,24,0,12,24,12,,,,,,,,,
20,VISIT,1790,Random,OnArrival,5,6,15917,Node_166,25,0,9,25,9,,,,,,,,,
20,VISIT,1791,Random,OnArrival,5,7,15917,Node_129,23,0,11,23,11,,,,,,,,,
20,VISIT,1792,Random,OnArrival,5,7,15917,Node_134,24,0,14,24,14,,,,,,,,,
20,VISIT,1786,Random,OnArrival,5,45,15926,Node_273,28,0,-1,28,-1,,,,,,,,,
20,VISIT,1789,Random,OnArrival,5,8,15935,Node_132,24,0,13,24,13,,,,,,,,,
20,VISIT,1790,Random,OnArrival,5,7,15935,Node_246,26,0,9,26,9,,,,,,,,,
20,VISIT,1791,Random,OnArrival,5,8,15935,Node_130,23,0,12,23,12,,,,,,,,,
20,VISIT,1792,Random,OnArrival,5,8,15935,Node_136,24,0,15,24,15,,,,,,,,,
20,VISIT,1786,Random,OnArrival,5,46,15944,Node_456,29,0,-1,29,-1,,,,,,,,,
20,VISIT,1789,Random,OnArrival,5,9,15953,Node_134,24,0,14,24,14,,,,,,,,,
20,VISIT,1790,Random,OnArrival,5,8,15953,Node_270,27,0,9,27,9,,,,,,,,,
20,VISIT,1791,Random,OnArrival,5,9,15953,Node_131,24,0,12,24,12,,,,,,,,,
20,VISIT,1792,Random,OnArrival,5,9,15953,Node_138,24,0,16,24,16,,,,,,,,,
20,VISIT,1786,Random,OnArrival,5,47,15963,Node_464,30,0,-1,30,-1,,,,,,,,,
20,VISIT,1789,Random,OnArrival,5,10,15972,Node_136,24,0,15,24,15,,,,,,,,,
20,VISIT,1790,Random,OnArrival,5,9,15972,Node_272,27,0,10,27,10,,,,,,,,,
20,VISIT,1791,Random,OnArrival,5,10,15972,Node_132,24,0,13,24,13,,,,,,,,,
20,VISIT,1792,Random,OnArrival,5,10,15972,Node_93,23,0,16,23,16,,,,,,,,,
20,VISIT,1786,Random,OnArrival,5,48,15982,Node_477,31,0,-1,31,-1,,,,,,,,,
20,VISIT,1789,Random,OnArrival,5,11,15991,Node_138,24,0,16,24,16,,,,,,,,,
20,VISIT,1790,Random,OnArrival,5,10,15991,Node_275,27,0,11,27,11,,,,,,,,,
20,VISIT,1791,Random,OnArrival,5,11,15991,Node_134,24,0,14,24,14,,,,,,,,,
20,VISIT,1792,Random,OnArrival,5,11,15991,Node_88,22,0,16,22,16,,,,,,,,,
20,VISIT,1786,Random,OnArrival,5,49,16001,Node_475,31,0,-2,31,-2,,,,,,,,,
20,VISIT,1789,Random,OnArrival,5,12,16009,Node_184,25,0,16,25,16,,,,,,,,,
20,VISIT,1790,Random,OnArrival,5,11,16009,Node_278,27,0,12,27,12,,,,,,,,,
20,VISIT,1791,Random,OnArrival,5,12,16009,Node_136,24,0,15,24,15,,,,,,,,,
20,VISIT,1792,Random,OnArrival,5,12,16009,Node_27,21,0,16,21,16,,,,,,,,,
20,VISIT,1786,Random,OnArrival,5,50,16019,Node_461,30,0,-2,30,-2,,,,,,,,,
20,VISIT,1789,Random,OnArrival,5,13,16027,Node_142,25,0,17,25,17,,,,,,,,,
20,VISIT,1790,Random,OnArrival,5,12,16027,Node_280,27,0,13,27,13,,,,,,,,,
20,VISIT,1791,Random,OnArrival,5,13,16027,Node_138,24,0,16,24,16,,,,,,,,,
20,VISIT,1786,Random,OnArrival,5,51,16037,Node_470,30,0,-3,30,-3,,,,,,,,,
20,VISIT,1791,Random,OnArrival,5,14,16046,Node_93,23,0,16,23,16,,,,,,,,,
20,VISIT,1792,Random,OnArrival,5,13,16046,Node_30,21,0,18,21,18,,,,,,,,,
20,VISIT,1786,Random,OnArrival,5,52,16056,Node_467,30,0,-4,30,-4,,,,,,,,,
20,VISIT,1790,Random,OnArrival,5,13,16065,Node_283,27,0,15,27,15,,,,,,,,,
20,VISIT,1791,Random,OnArrival,5,15,16065,Node_88,22,0,16,22,16,,,,,,,,,
20,VISIT,1792,Random,OnArrival,5,14,16065,Node_32,21,0,19,21,19,,,,,,,,,
20,VISIT,1786,Random,OnArrival,5,53,16074,Node_465,30,0,-5,30,-5,,,,,,,,,
20,VISIT,1789,Random,OnArrival,5,14,16084,Node_189,25,0,18,25,18,,,,,,,,,
20,VISIT,1790,Random,OnArrival,5,14,16084,Node_285,27,0,16,27,16,,,,,,,,,
20,VISIT,1791,Random,OnArrival,5,16,16084,Node_27,21,0,16,21,16,,,,,,,,,
20,VISIT,1792,Random,OnArrival,5,15,16084,Node_201,22,0,19,22,19,,,,,,,,,
20,VISIT,1789,Random,OnArrival,5,15,16104,Node_102,24,0,18,24,18,,,,,,,,,
20,VISIT,1792,Random,OnArrival,5,16,16104,Node_202,22,0,20,22,20,,,,,,,,,
20,VISIT,1789,Random,OnArrival,5,16,16123,Node_189,25,0,18,25,18,,,,,,,,,
20,VISIT,1791,Random,OnArrival,5,17,16123,Node_30,21,0,18,21,18,,,,,,,,,
20,VISIT,1792,Random,OnArrival,5,17,16123,Node_34,21,0,20,21,20,,,,,,,,,
20,VISIT,1789,Random,OnArrival,5,17,16142,Node_193,25,0,19,25,19,,,,,,,,,
20,VISIT,1791,Random,OnArrival,5,18,16142,Node_199,20,0,18,20,18,,,,,,,,,
20,VISIT,1789,Random,OnArrival,5,18,16160,Node_106,24,0,19,24,19,,,,,,,,,
20,VISIT,1786,Random,OnArrival,5,54,16167,Node_512,33,0,-3,33,-3,,,,,,,,,
20,VISIT,1789,Random,OnArrival,5,19,16179,Node_102,24,0,18,24,18,,,,,,,,,
20,VISIT,1790,Random,OnArrival,5,15,16179,Node_336,27,0,21,27,21,,,,,,,,,
20,VISIT,1791,Random,OnArrival,5,19,16179,Node_67,18,0,18,18,18,,,,,,,,,
20,VISIT,1792,Random,OnArrival,5,18,16179,Node_205,21,0,23,21,23,,,,,,,,,
20,VISIT,1789,Random,OnArrival,5,20,16198,Node_189,25,0,18,25,18,,,,,,,,,
20,VISIT,1790,Random,OnArrival,5,16,16198,Node_334,28,0,21,28,21,,,,,,,,,
20,VISIT,1791,Random,OnArrival,5,20,16198,Node_110,17,0,18,17,18,,,,,,,,,
20,VISIT,1789,Random,OnArrival,5,21,16217,Node_519,26,0,18,26,18,,,,,,,,,
20,VISIT,1791,Random,OnArrival,5,21,16217,Node_112,17,0,19,17,19,,,,,,,,,
20,VISIT,1789,Random,OnArrival,5,22,16235,Node_521,27,0,18,27,18,,,,,,,,,
20,VISIT,1791,Random,OnArrival,5,22,16235,Node_69,18,0,19,18,19,,,,,,,,,
20,VISIT,1789,Random,OnArrival,5,23,16253,Node_329,28,0,18,28,18,,,,,,,,,
20,VISIT,1791,Random,OnArrival,5,23,16253,Node_112,17,0,19,17,19,,,,,,,,,
20,VISIT,1789,Random,OnArrival,5,24,16271,Node_328,28,0,17,28,17,,,,,,,,,
20,VISIT,1791,Random,OnArrival,5,24,16271,Node_115,17,0,20,17,20,,,,,,,,,
20,VISIT,1789,Random,OnArrival,5,25,16289,Node_520,27,0,17,27,17,,,,,,,,,
20,VISIT,1791,Random,OnArrival,5,25,16289,Node_120,16,0,20,16,20,,,,,,,,,
20,VISIT,1789,Random,OnArrival,5,26,16308,Node_518,26,0,17,26,17,,,,,,,,,
20,VISIT,1792,Random,OnArrival,5,19,16308,Node_75,18,0,23,18,23,,,,,,,,,
20,VISIT,1789,Random,OnArrival,5,27,16321,Node_520,27,0,17,27,17,,,,,,,,,
20,VISIT,1792,Random,OnArrival,5,20,16321,Node_530,19,0,23,19,23,,,,,,,,,
20,VISIT,1789,Random,OnArrival,5,28,16339,Node_328,28,0,17,28,17,,,,,,,,,
20,VISIT,1792,Random,OnArrival,5,21,16375,Node_72,18,0,21,18,21,,,,,,,,,
20,VISIT,1789,Random,OnArrival,5,29,16393,Node_327,28,0,16,28,16,,,,,,,,,
20,VISIT,1792,Random,OnArrival,5,22,16393,Node_118,17,0,21,17,21,,,,,,,,,
20,VISIT,1789,Random,OnArrival,5,30,16411,Node_285,27,0,16,27,16,,,,,,,,,
20,VISIT,1792,Random,OnArrival,5,23,16411,Node_115,17,0,20,17,20,,,,,,,,,
20,VISIT,1789,Random,OnArrival,5,31,16429,Node_520,27,0,17,27,17,,,,,,,,,
20,VISIT,1792,Random,OnArrival,5,24,16429,Node_71,18,0,20,18,20,,,,,,,,,
20,VISIT,1789,Random,OnArrival,5,32,16448,Node_521,27,0,18,27,18,,,,,,,,,
20,VISIT,1792,Random,OnArrival,5,25,16448,Node_72,18,0,21,18,21,,,,,,,,,
20,VISIT,1789,Random,OnArrival,5,33,16466,Node_523,27,0,19,27,19,,,,,,,,,
20,VISIT,1792,Random,OnArrival,5,26,16466,Node_551,19,0,21,19,21,,,,,,,,,
20,VISIT,1789,Random,OnArrival,5,34,16484,Node_330,28,0,19,28,19,,,,,,,,,
20,VISIT,1792,Random,OnArrival,5,27,16484,Node_548,19,0,22,19,22,,,,,,,,,
20,VISIT,1789,Random,OnArrival,5,35,16503,Node_329,28,0,18,28,18,,,,,,,,,
20,VISIT,1792,Random,OnArrival,5,28,16503,Node_73,18,0,22,18,22,,,,,,,,,
20,VISIT,1789,Random,OnArrival,5,36,16522,Node_328,28,0,17,28,17,,,,,,,,,
20,VISIT,1792,Random,OnArrival,5,29,16522,Node_75,18,0,23,18,23,,,,,,,,,
20,VISIT,1789,Random,OnArrival,5,37,16541,Node_327,28,0,16,28,16,,,,,,,,,
20,VISIT,1792,Random,OnArrival,5,30,16541,Node_530,19,0,23,19,23,,,,,,,,,
20,VISIT,1789,Random,OnArrival,5,38,16559,Node_552,29,0,16,29,16,,,,,,,,,
20,VISIT,1793,Random,OnArrival,5,0,16570,Node_6,19,0,12,19,12,,,,,,,,,
20,VISIT,1794,Random,OnArrival,5,0,16570,Node_7,19,0,8,19,8,,,,,,,,,
20,VISIT,1795,Random,OnArrival,5,0,16570,Node_8,17,0,10,17,10,,,,,,,,,
20,VISIT,1796,Random,OnArrival,5,0,16570,Node_9,21,0,10,21,10,,,,,,,,,
20,VISIT,1792,Random,OnArrival,5,31,16574,Node_205,21,0,23,21,23,,,,,,,,,
20,VISIT,1793,Random,OnArrival,5,1,16579,Node_41,20,0,12,20,12,,,,,,,,,
20,VISIT,1794,Random,OnArrival,5,1,16579,Node_3,19,0,9,19,9,,,,,,,,,
20,VISIT,1795,Random,OnArrival,5,1,16579,Node_12,17,0,11,17,11,,,,,,,,,
20,VISIT,1796,Random,OnArrival,5,1,16579,Node_13,21,0,11,21,11,,,,,,,,,
20,VISIT,1792,Random,OnArrival,5,32,16584,Node_527,21,0,22,21,22,,,,,,,,,
20,VISIT,1793,Random,OnArrival,5,2,16589,Node_42,20,0,13,20,13,,,,,,,,,
20,VISIT,1794,Random,OnArrival,5,2,16589,Node_20,19,0,10,19,10,,,,,,,,,
20,VISIT,1795,Random,OnArrival,5,2,16589,Node_16,17,0,12,17,12,,,,,,,,,
20,VISIT,1796,Random,OnArrival,5,2,16589,Node_17,21,0,12,21,12,,,,,,,,,
20,VISIT,1789,Random,OnArrival,5,39,16595,Node_549,29,0,17,29,17,,,,,,,,,
20,VISIT,1792,Random,OnArrival,5,33,16595,Node_198,22,0,22,22,22,,,,,,,,,
20,VISIT,1793,Random,OnArrival,5,3,16600,Node_43,20,0,14,20,14,,,,,,,,,
20,VISIT,1794,Random,OnArrival,5,3,16600,Node_2,19,0,11,19,11,,,,,,,,,
20,VISIT,1795,Random,OnArrival,5,3,16600,Node_18,16,0,12,16,12,,,,,,,,,
20,VISIT,1796,Random,OnArrival,5,3,16600,Node_19,21,0,13,21,13,,,,,,,,,
20,VISIT,1789,Random,OnArrival,5,40,16608,Node_328,28,0,17,28,17,,,,,,,,,
20,VISIT,1792,Random,OnArrival,5,34,16608,Node_204,22,0,23,22,23,,,,,,,,,
20,VISIT,1794,Random,OnArrival,5,4,16613,Node_6,19,0,12,19,12,,,,,,,,,
20,VISIT,1795,Random,OnArrival,5,4,16613,Node_29,15,0,12,15,12,,,,,,,,,
20,VISIT,1796,Random,OnArrival,5,4,16613,Node_22,21,0,14,21,14,,,,,,,,,
20,VISIT,1789,Random,OnArrival,5,41,16624,Node_329,28,0,18,28,18,,,,,,,,,
20,VISIT,1792,Random,OnArrival,5,35,16624,Node_205,21,0,23,21,23,,,,,,,,,
20,VISIT,1793,Random,OnArrival,5,4,16629,Node_55,18,0,14,18,14,,,,,,,,,
20,VISIT,1794,Random,OnArrival,5,5,16629,Node_41,20,0,12,20,12,,,,,,,,,
20,VISIT,1795,Random,OnArrival,5,5,16629,Node_31,15,0,13,15,13,,,,,,,,,
20,VISIT,1796,Random,OnArrival,5,5,16629,Node_25,21,0,15,21,15,,,,,,,,,
20,VISIT,1789,Random,OnArrival,5,42,16640,Node_330,28,0,19,28,19,,,,,,,,,
20,VISIT,1793,Random,OnArrival,5,5,16645,Node_96,17,0,14,17,14,,,,,,,,,
20,VISIT,1794,Random,OnArrival,5,6,16645,Node_42,20,0,13,20,13,,,,,,,,,
20,VISIT,1795,Random,OnArrival,5,6,16645,Node_36,14,0,13,14,13,,,,,,,,,
20,VISIT,1796,Random,OnArrival,5,6,16645,Node_27,21,0,16,21,16,,,,,,,,,
20,VISIT,1789,Random,OnArrival,5,43,16656,Node_523,27,0,19,27,19,,,,,,,,,
20,VISIT,1792,Random,OnArrival,5,36,16656,Node_530,19,0,23,19,23,,,,,,,,,
20,VISIT,1793,Random,OnArrival,5,6,16662,Node_159,16,0,14,16,14,,,,,,,,,
20,VISIT,1794,Random,OnArrival,5,7,16662,Node_43,20,0,14,20,14,,,,,,,,,
20,VISIT,1795,Random,OnArrival,5,7,16662,Node_37,14,0,14,14,14,,,,,,,,,
20,VISIT,1789,Random,OnArrival,5,44,16673,Node_526,27,0,20,27,20,,,,,,,,,
20,VISIT,1792,Random,OnArrival,5,37,16673,Node_533,19,0,24,19,24,,,,,,,,,
20,VISIT,1793,Random,OnArrival,5,7,16679,Node_145,15,0,14,15,14,,,,,,,,,
20,VISIT,1795,Random,OnArrival,5,8,16679,Node_38,13,0,14,13,14,,,,,,,,,
20,VISIT,1796,Random,OnArrival,5,7,16679,Node_30,21,0,18,21,18,,,,,,,,,
20,VISIT,1789,Random,OnArrival,5,45,16691,Node_332,28,0,20,28,20,,,,,,,,,
20,VISIT,1792,Random,OnArrival,5,38,16691,Node_542,18,0,24,18,24,,,,,,,,,
20,VISIT,1793,Random,OnArrival,5,8,16697,Node_37,14,0,14,14,14,,,,,,,,,
20,VISIT,1794,Random,OnArrival,5,8,16697,Node_55,18,0,14,18,14,,,,,,,,,
20,VISIT,1795,Random,OnArrival,5,9,16697,Node_39,13,0,15,13,15,,,,,,,,,
20,VISIT,1796,Random,OnArrival,5,8,16697,Node_32,21,0,19,21,19,,,,,,,,,
20,VISIT,1789,Random,OnArrival,5,46,16709,Node_334,28,0,21,28,21,,,,,,,,,
20,VISIT,1792,Random,OnArrival,5,39,16709,Node_539,18,0,25,18,25,,,,,,,,,
20,VISIT,1793,Random,OnArrival,5,9,16715,Node_38,13,0,14,13,14,,,,,,,,,
20,VISIT,1794,Random,OnArrival,5,9,16715,Node_96,17,0,14,17,14,,,,,,,,,
20,VISIT,1795,Random,OnArrival,5,10,16715,Node_84,12,0,15,12,15,,,,,,,,,
20,VISIT,1796,Random,OnArrival,5,9,16715,Node_34,21,0,20,21,20,,,,,,,,,
20,VISIT,1793,Random,OnArrival,5,10,16734,Node_39,13,0,15,13,15,,,,,,,,,
20,VISIT,1794,Random,OnArrival,5,10,16734,Node_159,16,0,14,16,14,,,,,,,,,
20,VISIT,1795,Random,OnArrival,5,11,16734,Node_85,12,0,16,12,16,,,,,,,,,
20,VISIT,1796,Random,OnArrival,5,10,16734,Node_524,21,0,21,21,21,,,,,,,,,
20,VISIT,1789,Random,OnArrival,5,47,16745,Node_532,30,0,21,30,21,,,,,,,,,
20,VISIT,1793,Random,OnArrival,5,11,16752,Node_38,13,0,14,13,14,,,,,,,,,
20,VISIT,1794,Random,OnArrival,5,11,16752,Node_145,15,0,14,15,14,,,,,,,,,
20,VISIT,1795,Random,OnArrival,5,12,16752,Node_264,12,0,17,12,17,,,,,,,,,
20,VISIT,1796,Random,OnArrival,5,11,16752,Node_203,22,0,21,22,21,,,,,,,,,
20,VISIT,1792,Random,OnArrival,5,40,16763,Node_554,15,0,25,15,25,,,,,,,,,
20,VISIT,1793,Random,OnArrival,5,12,16770,Node_83,12,0,14,12,14,,,,,,,,,
20,VISIT,1794,Random,OnArrival,5,12,16770,Node_37,14,0,14,14,14,,,,,,,,,
20,VISIT,1795,Random,OnArrival,5,13,16770,Node_274,11,0,17,11,17,,,,,,,,,
20,VISIT,1796,Random,OnArrival,5,12,16770,Node_198,22,0,22,22,22,,,,,,,,,
20,VISIT,1792,Random,OnArrival,5,41,16780,Node_555,14,0,25,14,25,,,,,,,,,
20,VISIT,1794,Random,OnArrival,5,13,16787,Node_38,13,0,14,13,14,,,,,,,,,
20,VISIT,1795,Random,OnArrival,5,14,16787,Node_277,11,0,18,11,18,,,,,,,,,
20,VISIT,1792,Random,OnArrival,5,42,16797,Node_556,14,0,24,14,24,,,,,,,,,
20,VISIT,1793,Random,OnArrival,5,13,16804,Node_163,10,0,14,10,14,,,,,,,,,
20,VISIT,1794,Random,OnArrival,5,14,16804,Node_39,13,0,15,13,15,,,,,,,,,
20,VISIT,1796,Random,OnArrival,5,13,16804,Node_113,24,0,22,24,22,,,,,,,,,
20,VISIT,1792,Random,OnArrival,5,43,16815,Node_553,15,0,24,15,24,,,,,,,,,
20,VISIT,1793,Random,OnArrival,5,14,16822,Node_261,9,0,14,9,14,,,,,,,,,
20,VISIT,1794,Random,OnArrival,5,15,16822,Node_255,13,0,16,13,16,,,,,,,,,
20,VISIT,1792,Random,OnArrival,5,44,16832,Node_550,15,0,23,15,23,,,,,,,,,
20,VISIT,1793,Random,OnArrival,5,15,16840,Node_371,9,0,13,9,13,,,,,,,,,
20,VISIT,1794,Random,OnArrival,5,16,16840,Node_258,13,0,17,13,17,,,,,,,,,
20,VISIT,1795,Random,OnArrival,5,15,16840,Node_267,9,0,17,9,17,,,,,,,,,
20,VISIT,1792,Random,OnArrival,5,45,16850,Node_557,14,0,23,14,23,,,,,,,,,
20,VISIT,1793,Random,OnArrival,5,16,16858,Node_256,10,0,13,10,13,,,,,,,,,
20,VISIT,1794,Random,OnArrival,5,17,16858,Node_264,12,0,17,12,17,,,,,,,,,
20,VISIT,1795,Random,OnArrival,5,16,16858,Node_379,8,0,17,8,17,,,,,,,,,
20,VISIT,1793,Random,OnArrival,5,17,16875,Node_163,10,0,14,10,14,,,,,,,,,
20,VISIT,1794,Random,OnArrival,5,18,16875,Node_274,11,0,17,11,17,,,,,,,,,
20,VISIT,1795,Random,OnArrival,5,17,16875,Node_267,9,0,17,9,17,,,,,,,,,
20,VISIT,1793,Random,OnArrival,5,18,16893,Node_261,9,0,14,9,14,,,,,,,,,
20,VISIT,1794,Random,OnArrival,5,19,16893,Node_277,11,0,18,11,18,,,,,,,,,
20,VISIT,1795,Random,OnArrival,5,18,16893,Node_565,9,0,18,9,18,,,,,,,,,
20,VISIT,1793,Random,OnArrival,5,19,16911,Node_373,8,0,14,8,14,,,,,,,,,
20,VISIT,1794,Random,OnArrival,5,20,16911,Node_263,12,0,18,12,18,,,,,,,,,
20,VISIT,1795,Random,OnArrival,5,19,16911,Node_382,8,0,18,8,18,,,,,,,,,
20,VISIT,1793,Random,OnArrival,5,20,16929,Node_375,8,0,15,8,15,,,,,,,,,
20,VISIT,1794,Random,OnArrival,5,21,16929,Node_277,11,0,18,11,18,,,,,,,,,
20,VISIT,1795,Random,OnArrival,5,20,16929,Node_385,7,0,18,7,18,,,,,,,,,
20,VISIT,1796,Random,OnArrival,5,14,16929,Node_116,24,0,23,24,23,,,,,,,,,
20,VISIT,1793,Random,OnArrival,5,21,16948,Node_165,9,0,15,9,15,,,,,,,,,
20,VISIT,1796,Random,OnArrival,5,15,16948,Node_567,25,0,23,25,23,,,,,,,,,
20,VISIT,1793,Random,OnArrival,5,22,16966,Node_261,9,0,14,9,14,,,,,,,,,
20,VISIT,1794,Random,OnArrival,5,22,16966,Node_565,9,0,18,9,18,,,,,,,,,
20,VISIT,1793,Random,OnArrival,5,23,16984,Node_371,9,0,13,9,13,,,,,,,,,
20,VISIT,1794,Random,OnArrival,5,23,16984,Node_267,9,0,17,9,17,,,,,,,,,
20,VISIT,1793,Random,OnArrival,5,24,17002,Node_370,9,0,12,9,12,,,,,,,,,
20,VISIT,1794,Random,OnArrival,5,24,17002,Node_265,9,0,16,9,16,,,,,,,,,
20,VISIT,1796,Random,OnArrival,5,16,17002,Node_566,25,0,22,25,22,,,,,,,,,
20,VISIT,1794,Random,OnArrival,5,25,17020,Node_376,8,0,16,8,16,,,,,,,,,
20,VISIT,1796,Random,OnArrival,5,17,17020,Node_113,24,0,22,24,22,,,,,,,,,
20,VISIT,1794,Random,OnArrival,5,26,17038,Node_375,8,0,15,8,15,,,,,,,,,
20,VISIT,1796,Random,OnArrival,5,18,17038,Node_116,24,0,23,24,23,,,,,,,,,
20,VISIT,1794,Random,OnArrival,5,27,17056,Node_373,8,0,14,8,14,,,,,,,,,
20,VISIT,1796,Random,OnArrival,5,19,17056,Node_572,24,0,24,24,24,,,,,,,,,
20,VISIT,1794,Random,OnArrival,5,28,17074,Node_261,9,0,14,9,14,,,,,,,,,
20,VISIT,1795,Random,OnArrival,5,21,17074,Node_390,5,0,16,5,16,,,,,,,,,
20,VISIT,1796,Random,OnArrival,5,20,17074,Node_568,25,0,24,25,24,,,,,,,,,
20,VISIT,1793,Random,OnArrival,5,25,17092,Node_481,6,0,10,6,10,,,,,,,,,
20,VISIT,1794,Random,OnArrival,5,29,17092,Node_163,10,0,14,10,14,,,,,,,,,
20,VISIT,1796,Random,OnArrival,5,21,17092,Node_567,25,0,23,25,23,,,,,,,,,
20,VISIT,1794,Random,OnArrival,5,30,17110,Node_256,10,0,13,10,13,,,,,,,,,
20,VISIT,1796,Random,OnArrival,5,22,17110,Node_575,26,0,23,26,23,,,,,,,,,
20,VISIT,1793,Random,OnArrival,5,26,17127,Node_583,8,0,10,8,10,,,,,,,,,
20,VISIT,1794,Random,OnArrival,5,31,17127,Node_254,10,0,12,10,12,,,,,,,,,
20,VISIT,1796,Random,OnArrival,5,23,17127,Node_340,27,0,23,27,23,,,,,,,,,
20,VISIT,1793,Random,OnArrival,5,27,17146,Node_367,9,0,10,9,10,,,,,,,,,
20,VISIT,1794,Random,OnArrival,5,32,17146,Node_370,9,0,12,9,12,,,,,,,,,
20,VISIT,1796,Random,OnArrival,5,24,17146,Node_575,26,0,23,26,23,,,,,,,,,
20,VISIT,1793,Random,OnArrival,5,28,17164,Node_251,10,0,10,10,10,,,,,,,,,
20,VISIT,1794,Random,OnArrival,5,33,17164,Node_368,9,0,11,9,11,,,,,,,,,
20,VISIT,1796,Random,OnArrival,5,25,17164,Node_567,25,0,23,25,23,,,,,,,,,
20,VISIT,1793,Random,OnArrival,5,29,17182,Node_253,10,0,11,10,11,,,,,,,,,
20,VISIT,1794,Random,OnArrival,5,34,17182,Node_581,8,0,11,8,11,,,,,,,,,
20,VISIT,1796,Random,OnArrival,5,26,17182,Node_568,25,0,24,25,24,,,,,,,,,
20,VISIT,1793,Random,OnArrival,5,30,17200,Node_368,9,0,11,9,11,,,,,,,,,
20,VISIT,1794,Random,OnArrival,5,35,17200,Node_583,8,0,10,8,10,,,,,,,,,
20,VISIT,1796,Random,OnArrival,5,27,17200,Node_570,25,0,25,25,25,,,,,,,,,
20,VISIT,1793,Random,OnArrival,5,31,17218,Node_370,9,0,12,9,12,,,,,,,,,
20,VISIT,1793,Random,OnArrival,5,32,17236,Node_254,10,0,12,10,12,,,,,,,,,
20,VISIT,1794,Random,OnArrival,5,36,17236,Node_481,6,0,10,6,10,,,,,,,,,
20,VISIT,1794,Random,OnArrival,5,37,17254,Node_374,5,0,10,5,10,,,,,,,,,
20,VISIT,1793,Random,OnArrival,5,33,17271,Node_254,10,0,12,10,12,,,,,,,,,
20,VISIT,1796,Random,OnArrival,5,28,17271,Node_545,29,0,25,29,25,,,,,,,,,
20,VISIT,1793,Random,OnArrival,5,34,17288,Node_253,10,0,11,10,11,,,,,,,,,
20,VISIT,1794,Random,OnArrival,5,38,17288,Node_482,3,0,10,3,10,,,,,,,,,
20,VISIT,1797,Random,OnArrival,5,0,17294,Node_6,19,0,12,19,12,,,,,,,,,
20,VISIT,1798,Random,OnArrival,5,0,17294,Node_7,19,0,8,19,8,,,,,,,,,
20,VISIT,1799,Random,OnArrival,5,0,17294,Node_8,17,0,10,17,10,,,,,,,,,
20,VISIT,1800,Random,OnArrival,5,0,17294,Node_9,21,0,10,21,10,,,,,,,,,
20,VISIT,1793,Random,OnArrival,5,35,17298,Node_251,10,0,10,10,10,,,,,,,,,
20,VISIT,1796,Random,OnArrival,5,29,17298,Node_541,30,0,24,30,24,,,,,,,,,
20,VISIT,1797,Random,OnArrival,5,1,17303,Node_41,20,0,12,20,12,,,,,,,,,
20,VISIT,1798,Random,OnArrival,5,1,17303,Node_3,19,0,9,19,9,,,,,,,,,
20,VISIT,1799,Random,OnArrival,5,1,17303,Node_4,18,0,10,18,10,,,,,,,,,
20,VISIT,1800,Random,OnArrival,5,1,17303,Node_13,21,0,11,21,11,,,,,,,,,
20,VISIT,1793,Random,OnArrival,5,36,17308,Node_367,9,0,10,9,10,,,,,,,,,
20,VISIT,1794,Random,OnArrival,5,39,17308,Node_393,2,0,9,2,9,,,,,,,,,
20,VISIT,1796,Random,OnArrival,5,30,17308,Node_564,31,0,24,31,24,,,,,,,,,
20,VISIT,1797,Random,OnArrival,5,2,17313,Node_42,20,0,13,20,13,,,,,,,,,
20,VISIT,1798,Random,OnArrival,5,2,17313,Node_20,19,0,10,19,10,,,,,,,,,
20,VISIT,1799,Random,OnArrival,5,2,17313,Node_14,18,0,11,18,11,,,,,,,,,
20,VISIT,1800,Random,OnArrival,5,2,17313,Node_17,21,0,12,21,12,,,,,,,,,
20,VISIT,1793,Random,OnArrival,5,37,17319,Node_583,8,0,10,8,10,,,,,,,,,
20,VISIT,1797,Random,OnArrival,5,3,17324,Node_43,20,0,14,20,14,,,,,,,,,
20,VISIT,1798,Random,OnArrival,5,3,17324,Node_2,19,0,11,19,11,,,,,,,,,
20,VISIT,1799,Random,OnArrival,5,3,17324,Node_10,18,0,12,18,12,,,,,,,,,
20,VISIT,1800,Random,OnArrival,5,3,17324,Node_19,21,0,13,21,13,,,,,,,,,
20,VISIT,1797,Random,OnArrival,5,4,17336,Node_44,20,0,15,20,15,,,,,,,,,
20,VISIT,1798,Random,OnArrival,5,4,17336,Node_6,19,0,12,19,12,,,,,,,,,
20,VISIT,1799,Random,OnArrival,5,4,17336,Node_6,19,0,12,19,12,,,,,,,,,
20,VISIT,1800,Random,OnArrival,5,4,17336,Node_22,21,0,14,21,14,,,,,,,,,
20,VISIT,1793,Random,OnArrival,5,38,17342,Node_481,6,0,10,6,10,,,,,,,,,
20,VISIT,1797,Random,OnArrival,5,5,17348,Node_25,21,0,15,21,15,,,,,,,,,
20,VISIT,1798,Random,OnArrival,5,5,17348,Node_41,20,0,12,20,12,,,,,,,,,
20,VISIT,1799,Random,OnArrival,5,5,17348,Node_41,20,0,12,20,12,,,,,,,,,
20,VISIT,1800,Random,OnArrival,5,5,17348,Node_25,21,0,15,21,15,,,,,,,,,
20,VISIT,1793,Random,OnArrival,5,39,17354,Node_374,5,0,10,5,10,,,,,,,,,
20,VISIT,1797,Random,OnArrival,5,6,17361,Node_27,21,0,16,21,16,,,,,,,,,
20,VISIT,1798,Random,OnArrival,5,6,17361,Node_42,20,0,13,20,13,,,,,,,,,
20,VISIT,1799,Random,OnArrival,5,6,17361,Node_42,20,0,13,20,13,,,,,,,,,
20,VISIT,1800,Random,OnArrival,5,6,17361,Node_27,21,0,16,21,16,,,,,,,,,
20,VISIT,1794,Random,OnArrival,5,40,17367,Node_401,1,0,13,1,13,,,,,,,,,
20,VISIT,1798,Random,OnArrival,5,7,17375,Node_43,20,0,14,20,14,,,,,,,,,
20,VISIT,1799,Random,OnArrival,5,7,17375,Node_43,20,0,14,20,14,,,,,,,,,
20,VISIT,1793,Random,OnArrival,5,40,17383,Node_482,3,0,10,3,10,,,,,,,,,
20,VISIT,1797,Random,OnArrival,5,7,17390,Node_30,21,0,18,21,18,,,,,,,,,
20,VISIT,1798,Random,OnArrival,5,8,17390,Node_44,20,0,15,20,15,,,,,,,,,
20,VISIT,1799,Random,OnArrival,5,8,17390,Node_44,20,0,15,20,15,,,,,,,,,
20,VISIT,1800,Random,OnArrival,5,7,17390,Node_30,21,0,18,21,18,,,,,,,,,
20,VISIT,1793,Random,OnArrival,5,41,17397,Node_394,2,0,10,2,10,,,,,,,,,
20,VISIT,1797,Random,OnArrival,5,8,17404,Node_32,21,0,19,21,19,,,,,,,,,
20,VISIT,1798,Random,OnArrival,5,9,17404,Node_25,21,0,15,21,15,,,,,,,,,
20,VISIT,1799,Random,OnArrival,5,9,17404,Node_25,21,0,15,21,15,,,,,,,,,
20,VISIT,1800,Random,OnArrival,5,8,17404,Node_32,21,0,19,21,19,,,,,,,,,
20,VISIT,1793,Random,OnArrival,5,42,17412,Node_592,1,0,10,1,10,,,,,,,,,
20,VISIT,1797,Random,OnArrival,5,9,17419,Node_34,21,0,20,21,20,,,,,,,,,
20,VISIT,1798,Random,OnArrival,5,10,17419,Node_27,21,0,16,21,16,,,,,,,,,
20,VISIT,1799,Random,OnArrival,5,10,17419,Node_27,21,0,16,21,16,,,,,,,,,
20,VISIT,1800,Random,OnArrival,5,9,17419,Node_34,21,0,20,21,20,,,,,,,,,
20,VISIT,1797,Random,OnArrival,5,10,17435,Node_202,22,0,20,22,20,,,,,,,,,
20,VISIT,1800,Random,OnArrival,5,10,17435,Node_524,21,0,21,21,21,,,,,,,,,
20,VISIT,1797,Random,OnArrival,5,11,17452,Node_203,22,0,21,22,21,,,,,,,,,
20,VISIT,1798,Random,OnArrival,5,11,17452,Node_30,21,0,18,21,18,,,,,,,,,
20,VISIT,1799,Random,OnArrival,5,11,17452,Node_30,21,0,18,21,18,,,,,,,,,
20,VISIT,1800,Random,OnArrival,5,11,17452,Node_527,21,0,22,21,22,,,,,,,,,
20,VISIT,1797,Random,OnArrival,5,12,17468,Node_198,22,0,22,22,22,,,,,,,,,
20,VISIT,1798,Random,OnArrival,5,12,17468,Node_32,21,0,19,21,19,,,,,,,,,
20,VISIT,1799,Random,OnArrival,5,12,17468,Node_32,21,0,19,21,19,,,,,,,,,
20,VISIT,1800,Random,OnArrival,5,12,17468,Node_205,21,0,23,21,23,,,,,,,,,
20,VISIT,1798,Random,OnArrival,5,13,17484,Node_34,21,0,20,21,20,,,,,,,,,
20,VISIT,1799,Random,OnArrival,5,13,17484,Node_34,21,0,20,21,20,,,,,,,,,
20,VISIT,1797,Random,OnArrival,5,13,17501,Node_113,24,0,22,24,22,,,,,,,,,
20,VISIT,1798,Random,OnArrival,5,14,17501,Node_524,21,0,21,21,21,,,,,,,,,
20,VISIT,1799,Random,OnArrival,5,14,17501,Node_202,22,0,20,22,20,,,,,,,,,
20,VISIT,1800,Random,OnArrival,5,13,17501,Node_530,19,0,23,19,23,,,,,,,,,
20,VISIT,1797,Random,OnArrival,5,14,17517,Node_566,25,0,22,25,22,,,,,,,,,
20,VISIT,1798,Random,OnArrival,5,15,17517,Node_527,21,0,22,21,22,,,,,,,,,
20,VISIT,1799,Random,OnArrival,5,15,17517,Node_203,22,0,21,22,21,,,,,,,,,
20,VISIT,1800,Random,OnArrival,5,14,17517,Node_533,19,0,24,19,24,,,,,,,,,
20,VISIT,1797,Random,OnArrival,5,15,17535,Node_577,26,0,22,26,22,,,,,,,,,
20,VISIT,1798,Random,OnArrival,5,16,17535,Node_205,21,0,23,21,23,,,,,,,,,
20,VISIT,1799,Random,OnArrival,5,16,17535,Node_198,22,0,22,22,22,,,,,,,,,
20,VISIT,1800,Random,OnArrival,5,15,17535,Node_536,19,0,25,19,25,,,,,,,,,
20,VISIT,1797,Random,OnArrival,5,16,17553,Node_337,27,0,22,27,22,,,,,,,,,
20,VISIT,1797,Random,OnArrival,5,17,17571,Node_336,27,0,21,27,21,,,,,,,,,
20,VISIT,1798,Random,OnArrival,5,17,17571,Node_530,19,0,23,19,23,,,,,,,,,
20,VISIT,1799,Random,OnArrival,5,17,17571,Node_113,24,0,22,24,22,,,,,,,,,
20,VISIT,1797,Random,OnArrival,5,18,17589,Node_334,28,0,21,28,21,,,,,,,,,
20,VISIT,1798,Random,OnArrival,5,18,17589,Node_533,19,0,24,19,24,,,,,,,,,
20,VISIT,1799,Random,OnArrival,5,18,17589,Node_566,25,0,22,25,22,,,,,,,,,
20,VISIT,1798,Random,OnArrival,5,19,17607,Node_536,19,0,25,19,25,,,,,,,,,
20,VISIT,1799,Random,OnArrival,5,19,17607,Node_577,26,0,22,26,22,,,,,,,,,
20,VISIT,1797,Random,OnArrival,5,19,17625,Node_532,30,0,21,30,21,,,,,,,,,
20,VISIT,1799,Random,OnArrival,5,20,17625,Node_575,26,0,23,26,23,,,,,,,,,
20,VISIT,1800,Random,OnArrival,5,16,17625,Node_571,24,0,25,24,25,,,,,,,,,
20,VISIT,1797,Random,OnArrival,5,20,17643,Node_561,31,0,21,31,21,,,,,,,,,
20,VISIT,1799,Random,OnArrival,5,21,17643,Node_567,25,0,23,25,23,,,,,,,,,
20,VISIT,1800,Random,OnArrival,5,17,17643,Node_570,25,0,25,25,25,,,,,,,,,
20,VISIT,1799,Random,OnArrival,5,22,17661,Node_568,25,0,24,25,24,,,,,,,,,
20,VISIT,1799,Random,OnArrival,5,23,17679,Node_570,25,0,25,25,25,,,,,,,,,
20,VISIT,1797,Random,OnArrival,5,21,17697,Node_562,31,0,22,31,22,,,,,,,,,
20,VISIT,1798,Random,OnArrival,5,20,17697,Node_571,24,0,25,24,25,,,,,,,,,
20,VISIT,1797,Random,OnArrival,5,22,17715,Node_535,30,0,22,30,22,,,,,,,,,
20,VISIT,1798,Random,OnArrival,5,21,17715,Node_570,25,0,25,25,25,,,,,,,,,
20,VISIT,1800,Random,OnArrival,5,18,17715,Node_545,29,0,25,29,25,,,,,,,,,
20,VISIT,1797,Random,OnArrival,5,23,17733,Node_538,30,0,23,30,23,,,,,,,,,
20,VISIT,1800,Random,OnArrival,5,19,17733,Node_543,30,0,25,30,25,,,,,,,,,
20,VISIT,1797,Random,OnArrival,5,24,17751,Node_563,31,0,23,31,23,,,,,,,,,
20,VISIT,1799,Random,OnArrival,5,24,17751,Node_545,29,0,25,29,25,,,,,,,,,
20,VISIT,1800,Random,OnArrival,5,20,17751,Node_591,31,0,25,31,25,,,,,,,,,
20,VISIT,1797,Random,OnArrival,5,25,17769,Node_562,31,0,22,31,22,,,,,,,,,
20,VISIT,1799,Random,OnArrival,5,25,17769,Node_543,30,0,25,30,25,,,,,,,,,
20,VISIT,1797,Random,OnArrival,5,26,17786,Node_561,31,0,21,31,21,,,,,,,,,
20,VISIT,1798,Random,OnArrival,5,22,17786,Node_545,29,0,25,29,25,,,,,,,,,
20,VISIT,1799,Random,OnArrival,5,26,17786,Node_541,30,0,24,30,24,,,,,,,,,
20,VISIT,1797,Random,OnArrival,5,27,17803,Node_606,32,0,21,32,21,,,,,,,,,
20,VISIT,1798,Random,OnArrival,5,23,17803,Node_543,30,0,25,30,25,,,,,,,,,
20,VISIT,1799,Random,OnArrival,5,27,17803,Node_538,30,0,23,30,23,,,,,,,,,
20,VISIT,1800,Random,OnArrival,5,21,17803,Node_564,31,0,24,31,24,,,,,,,,,
20,VISIT,1798,Random,OnArrival,5,24,17821,Node_541,30,0,24,30,24,,,,,,,,,
20,VISIT,1799,Random,OnArrival,5,28,17821,Node_535,30,0,22,30,22,,,,,,,,,
20,VISIT,1800,Random,OnArrival,5,22,17821,Node_563,31,0,23,31,23,,,,,,,,,
20,VISIT,1797,Random,OnArrival,5,28,17839,Node_325,32,0,19,32,19,,,,,,,,,
20,VISIT,1798,Random,OnArrival,5,25,17839,Node_538,30,0,23,30,23,,,,,,,,,
20,VISIT,1799,Random,OnArrival,5,29,17839,Node_532,30,0,21,30,21,,,,,,,,,
20,VISIT,1800,Random,OnArrival,5,23,17839,Node_562,31,0,22,31,22,,,,,,,,,
20,VISIT,1798,Random,OnArrival,5,26,17857,Node_535,30,0,22,30,22,,,,,,,,,
20,VISIT,1799,Random,OnArrival,5,30,17857,Node_561,31,0,21,31,21,,,,,,,,,
20,VISIT,1800,Random,OnArrival,5,24,17857,Node_607,32,0,22,32,22,,,,,,,,,
20,VISIT,1798,Random,OnArrival,5,27,17874,Node_562,31,0,22,31,22,,,,,,,,,
20,VISIT,1799,Random,OnArrival,5,31,17874,Node_606,32,0,21,32,21,,,,,,,,,
20,VISIT,1798,Random,OnArrival,5,28,17891,Node_607,32,0,22,32,22,,,,,,,,,
20,VISIT,1797,Random,OnArrival,5,29,17908,Node_613,33,0,22,33,22,,,,,,,,,
20,VISIT,1798,Random,OnArrival,5,29,17908,Node_606,32,0,21,32,21,,,,,,,,,
20,VISIT,1799,Random,OnArrival,5,32,17908,Node_613,33,0,22,33,22,,,,,,,,,
20,VISIT,1800,Random,OnArrival,5,25,17908,Node_612,33,0,20,33,20,,,,,,,,,
20,VISIT,1798,Random,OnArrival,5,30,17926,Node_614,33,0,21,33,21,,,,,,,,,
20,VISIT,1800,Random,OnArrival,5,26,17926,Node_610,32,0,20,32,20,,,,,,,,,
20,VISIT,1798,Random,OnArrival,5,31,17944,Node_612,33,0,20,33,20,,,,,,,,,
20,VISIT,1800,Random,OnArrival,5,27,17944,Node_325,32,0,19,32,19,,,,,,,,,
20,VISIT,1798,Random,OnArrival,5,32,17961,Node_614,33,0,21,33,21,,,,,,,,,
20,VISIT,1800,Random,OnArrival,5,28,17961,Node_324,32,0,18,32,18,,,,,,,,,
20,VISIT,1801,Random,OnArrival,5,0,17973,Node_6,19,0,12,19,12,,,,,,,,,
20,VISIT,1802,Random,OnArrival,5,0,17973,Node_7,19,0,8,19,8,,,,,,,,,
20,VISIT,1803,Random,OnArrival,5,0,17973,Node_8,17,0,10,17,10,,,,,,,,,
20,VISIT,1804,Random,OnArrival,5,0,17973,Node_9,21,0,10,21,10,,,,,,,,,
20,VISIT,1798,Random,OnArrival,5,33,17977,Node_613,33,0,22,33,22,,,,,,,,,
20,VISIT,1801,Random,OnArrival,5,1,17980,Node_41,20,0,12,20,12,,,,,,,,,
20,VISIT,1802,Random,OnArrival,5,1,17980,Node_3,19,0,9,19,9,,,,,,,,,
20,VISIT,1803,Random,OnArrival,5,1,17980,Node_4,18,0,10,18,10,,,,,,,,,
20,VISIT,1804,Random,OnArrival,5,1,17980,Node_13,21,0,11,21,11,,,,,,,,,
20,VISIT,1801,Random,OnArrival,5,2,17988,Node_42,20,0,13,20,13,,,,,,,,,
20,VISIT,1802,Random,OnArrival,5,2,17988,Node_48,20,0,9,20,9,,,,,,,,,
20,VISIT,1803,Random,OnArrival,5,2,17988,Node_14,18,0,11,18,11,,,,,,,,,
20,VISIT,1804,Random,OnArrival,5,2,17988,Node_53,22,0,11,22,11,,,,,,,,,
20,VISIT,1798,Random,OnArrival,5,34,17993,Node_615,35,0,22,35,22,,,,,,,,,
20,VISIT,1801,Random,OnArrival,5,3,17997,Node_43,20,0,14,20,14,,,,,,,,,
20,VISIT,1802,Random,OnArrival,5,3,17997,Node_47,21,0,9,21,9,,,,,,,,,
20,VISIT,1803,Random,OnArrival,5,3,17997,Node_2,19,0,11,19,11,,,,,,,,,
20,VISIT,1804,Random,OnArrival,5,3,17997,Node_129,23,0,11,23,11,,,,,,,,,
20,VISIT,1798,Random,OnArrival,5,35,18001,Node_517,35,0,21,35,21,,,,,,,,,
20,VISIT,1800,Random,OnArrival,5,29,18001,Node_316,31,0,15,31,15,,,,,,,,,
20,VISIT,1801,Random,OnArrival,5,4,18006,Node_44,20,0,15,20,15,,,,,,,,,
20,VISIT,1802,Random,OnArrival,5,4,18006,Node_59,22,0,9,22,9,,,,,,,,,
20,VISIT,1803,Random,OnArrival,5,4,18006,Node_40,20,0,11,20,11,,,,,,,,,
20,VISIT,1804,Random,OnArrival,5,4,18006,Node_130,23,0,12,23,12,,,,,,,,,
20,VISIT,1799,Random,OnArrival,5,33,18010,Node_608,32,0,25,32,25,,,,,,,,,
20,VISIT,1800,Random,OnArrival,5,30,18010,Node_621,32,0,15,32,15,,,,,,,,,
20,VISIT,1801,Random,OnArrival,5,5,18015,Node_25,21,0,15,21,15,,,,,,,,,
20,VISIT,1802,Random,OnArrival,5,5,18015,Node_127,23,0,9,23,9,,,,,,,,,
20,VISIT,1803,Random,OnArrival,5,5,18015,Node_13,21,0,11,21,11,,,,,,,,,
20,VISIT,1804,Random,OnArrival,5,5,18015,Node_131,24,0,12,24,12,,,,,,,,,
20,VISIT,1800,Random,OnArrival,5,31,18020,Node_620,32,0,16,32,16,,,,,,,,,
20,VISIT,1801,Random,OnArrival,5,6,18025,Node_27,21,0,16,21,16,,,,,,,,,
20,VISIT,1803,Random,OnArrival,5,6,18025,Node_17,21,0,12,21,12,,,,,,,,,
20,VISIT,1804,Random,OnArrival,5,6,18025,Node_132,24,0,13,24,13,,,,,,,,,
20,VISIT,1800,Random,OnArrival,5,32,18032,Node_319,31,0,16,31,16,,,,,,,,,
20,VISIT,1802,Random,OnArrival,5,6,18037,Node_166,25,0,9,25,9,,,,,,,,,
20,VISIT,1803,Random,OnArrival,5,7,18037,Node_19,21,0,13,21,13,,,,,,,,,
20,VISIT,1804,Random,OnArrival,5,7,18037,Node_174,25,0,13,25,13,,,,,,,,,
20,VISIT,1799,Random,OnArrival,5,34,18044,Node_619,35,0,25,35,25,,,,,,,,,
20,VISIT,1800,Random,OnArrival,5,33,18044,Node_559,30,0,16,30,16,,,,,,,,,
20,VISIT,1801,Random,OnArrival,5,7,18049,Node_30,21,0,18,21,18,,,,,,,,,
20,VISIT,1802,Random,OnArrival,5,7,18049,Node_246,26,0,9,26,9,,,,,,,,,
20,VISIT,1803,Random,OnArrival,5,8,18049,Node_22,21,0,14,21,14,,,,,,,,,
20,VISIT,1804,Random,OnArrival,5,8,18049,Node_191,26,0,13,26,13,,,,,,,,,
20,VISIT,1800,Random,OnArrival,5,34,18056,Node_319,31,0,16,31,16,,,,,,,,,
20,VISIT,1801,Random,OnArrival,5,8,18061,Node_32,21,0,19,21,19,,,,,,,,,
20,VISIT,1802,Random,OnArrival,5,8,18061,Node_270,27,0,9,27,9,,,,,,,,,
20,VISIT,1803,Random,OnArrival,5,9,18061,Node_25,21,0,15,21,15,,,,,,,,,
20,VISIT,1804,Random,OnArrival,5,9,18061,Node_280,27,0,13,27,13,,,,,,,,,
20,VISIT,1798,Random,OnArrival,5,36,18069,Node_619,35,0,25,35,25,,,,,,,,,
20,VISIT,1800,Random,OnArrival,5,35,18069,Node_620,32,0,16,32,16,,,,,,,,,
20,VISIT,1801,Random,OnArrival,5,9,18074,Node_34,21,0,20,21,20,,,,,,,,,
20,VISIT,1802,Random,OnArrival,5,9,18074,Node_272,27,0,10,27,10,,,,,,,,,
20,VISIT,1803,Random,OnArrival,5,10,18074,Node_27,21,0,16,21,16,,,,,,,,,
20,VISIT,1804,Random,OnArrival,5,10,18074,Node_295,28,0,13,28,13,,,,,,,,,
20,VISIT,1798,Random,OnArrival,5,37,18082,Node_626,36,0,25,36,25,,,,,,,,,
20,VISIT,1800,Random,OnArrival,5,36,18082,Node_618,32,0,17,32,17,,,,,,,,,
20,VISIT,1801,Random,OnArrival,5,10,18087,Node_202,22,0,20,22,20,,,,,,,,,
20,VISIT,1802,Random,OnArrival,5,10,18087,Node_275,27,0,11,27,11,,,,,,,,,
20,VISIT,1800,Random,OnArrival,5,37,18097,Node_321,31,0,17,31,17,,,,,,,,,
20,VISIT,1801,Random,OnArrival,5,11,18102,Node_203,22,0,21,22,21,,,,,,,,,
20,VISIT,1802,Random,OnArrival,5,11,18102,Node_278,27,0,12,27,12,,,,,,,,,
20,VISIT,1803,Random,OnArrival,5,11,18102,Node_30,21,0,18,21,18,,,,,,,,,
20,VISIT,1804,Random,OnArrival,5,11,18102,Node_310,30,0,13,30,13,,,,,,,,,
20,VISIT,1798,Random,OnArrival,5,38,18112,Node_627,38,0,25,38,25,,,,,,,,,
20,VISIT,1800,Random,OnArrival,5,38,18112,Node_560,30,0,17,30,17,,,,,,,,,
20,VISIT,1801,Random,OnArrival,5,12,18117,Node_198,22,0,22,22,22,,,,,,,,,
20,VISIT,1802,Random,OnArrival,5,12,18117,Node_280,27,0,13,27,13,,,,,,,,,
20,VISIT,1803,Random,OnArrival,5,12,18117,Node_32,21,0,19,21,19,,,,,,,,,
20,VISIT,1804,Random,OnArrival,5,12,18117,Node_311,31,0,13,31,13,,,,,,,,,
20,VISIT,1800,Random,OnArrival,5,39,18128,Node_321,31,0,17,31,17,,,,,,,,,
20,VISIT,1802,Random,OnArrival,5,13,18133,Node_295,28,0,13,28,13,,,,,,,,,
20,VISIT,1803,Random,OnArrival,5,13,18133,Node_34,21,0,20,21,20,,,,,,,,,
20,VISIT,1804,Random,OnArrival,5,13,18133,Node_331,32,0,13,32,13,,,,,,,,,
20,VISIT,1800,Random,OnArrival,5,40,18144,Node_618,32,0,17,32,17,,,,,,,,,
20,VISIT,1801,Random,OnArrival,5,13,18149,Node_113,24,0,22,24,22,,,,,,,,,
20,VISIT,1803,Random,OnArrival,5,14,18149,Node_202,22,0,20,22,20,,,,,,,,,
20,VISIT,1798,Random,OnArrival,5,39,18159,Node_628,38,0,24,38,24,,,,,,,,,
20,VISIT,1801,Random,OnArrival,5,14,18165,Node_116,24,0,23,24,23,,,,,,,,,
20,VISIT,1802,Random,OnArrival,5,14,18165,Node_310,30,0,13,30,13,,,,,,,,,
20,VISIT,1803,Random,OnArrival,5,15,18165,Node_203,22,0,21,22,21,,,,,,,,,
20,VISIT,1804,Random,OnArrival,5,14,18165,Node_500,34,0,13,34,13,,,,,,,,,
20,VISIT,1798,Random,OnArrival,5,40,18174,Node_631,39,0,24,39,24,,,,,,,,,
20,VISIT,1801,Random,OnArrival,5,15,18180,Node_572,24,0,24,24,24,,,,,,,,,
20,VISIT,1802,Random,OnArrival,5,15,18180,Node_311,31,0,13,31,13,,,,,,,,,
20,VISIT,1803,Random,OnArrival,5,16,18180,Node_198,22,0,22,22,22,,,,,,,,,
20,VISIT,1800,Random,OnArrival,5,41,18189,Node_611,33,0,19,33,19,,,,,,,,,
20,VISIT,1801,Random,OnArrival,5,16,18195,Node_571,24,0,25,24,25,,,,,,,,,
20,VISIT,1802,Random,OnArrival,5,16,18195,Node_331,32,0,13,32,13,,,,,,,,,
20,VISIT,1800,Random,OnArrival,5,42,18205,Node_612,33,0,20,33,20,,,,,,,,,
20,VISIT,1803,Random,OnArrival,5,17,18211,Node_113,24,0,22,24,22,,,,,,,,,
20,VISIT,1804,Random,OnArrival,5,15,18211,Node_507,35,0,15,35,15,,,,,,,,,
20,VISIT,1798,Random,OnArrival,5,41,18221,Node_629,39,0,25,39,25,,,,,,,,,
20,VISIT,1800,Random,OnArrival,5,43,18221,Node_614,33,0,21,33,21,,,,,,,,,
20,VISIT,1802,Random,OnArrival,5,17,18227,Node_500,34,0,13,34,13,,,,,,,,,
20,VISIT,1803,Random,OnArrival,5,18,18227,Node_116,24,0,23,24,23,,,,,,,,,
20,VISIT,1804,Random,OnArrival,5,16,18227,Node_509,35,0,16,35,16,,,,,,,,,
20,VISIT,1798,Random,OnArrival,5,42,18237,Node_627,38,0,25,38,25,,,,,,,,,
20,VISIT,1799,Random,OnArrival,5,35,18237,Node_622,36,0,21,36,21,,,,,,,,,
20,VISIT,1800,Random,OnArrival,5,44,18237,Node_613,33,0,22,33,22,,,,,,,,,
20,VISIT,1802,Random,OnArrival,5,18,18243,Node_502,34,0,14,34,14,,,,,,,,,
20,VISIT,1803,Random,OnArrival,5,19,18243,Node_572,24,0,24,24,24,,,,,,,,,
20,VISIT,1799,Random,OnArrival,5,36,18254,Node_623,36,0,22,36,22,,,,,,,,,
20,VISIT,1802,Random,OnArrival,5,19,18259,Node_640,35,0,14,35,14,,,,,,,,,
20,VISIT,1803,Random,OnArrival,5,20,18259,Node_571,24,0,25,24,25,,,,,,,,,
20,VISIT,1798,Random,OnArrival,5,43,18271,Node_626,36,0,25,36,25,,,,,,,,,
20,VISIT,1799,Random,OnArrival,5,37,18271,Node_615,35,0,22,35,22,,,,,,,,,
20,VISIT,1800,Random,OnArrival,5,45,18271,Node_615,35,0,22,35,22,,,,,,,,,
20,VISIT,1801,Random,OnArrival,5,17,18276,Node_536,19,0,25,19,25,,,,,,,,,
20,VISIT,1802,Random,OnArrival,5,20,18276,Node_507,35,0,15,35,15,,,,,,,,,
20,VISIT,1798,Random,OnArrival,5,44,18288,Node_625,36,0,24,36,24,,,,,,,,,
20,VISIT,1799,Random,OnArrival,5,38,18288,Node_623,36,0,22,36,22,,,,,,,,,
20,VISIT,1800,Random,OnArrival,5,46,18288,Node_616,35,0,23,35,23,,,,,,,,,
20,VISIT,1801,Random,OnArrival,5,18,18293,Node_539,18,0,25,18,25,,,,,,,,,
20,VISIT,1802,Random,OnArrival,5,21,18293,Node_509,35,0,16,35,16,,,,,,,,,
20,VISIT,1798,Random,OnArrival,5,45,18305,Node_617,35,0,24,35,24,,,,,,,,,
20,VISIT,1799,Random,OnArrival,5,39,18305,Node_624,36,0,23,36,23,,,,,,,,,
20,VISIT,1800,Random,OnArrival,5,47,18305,Node_624,36,0,23,36,23,,,,,,,,,
20,VISIT,1802,Random,OnArrival,5,22,18309,Node_511,35,0,17,35,17,,,,,,,,,
20,VISIT,1804,Random,OnArrival,5,17,18309,Node_643,36,0,20,36,20,,,,,,,,,
20,VISIT,1798,Random,OnArrival,5,46,18322,Node_616,35,0,23,35,23,,,,,,,,,
20,VISIT,1799,Random,OnArrival,5,40,18322,Node_616,35,0,23,35,23,,,,,,,,,
20,VISIT,1800,Random,OnArrival,5,48,18322,Node_623,36,0,22,36,22,,,,,,,,,
20,VISIT,1804,Random,OnArrival,5,18,18326,Node_516,35,0,20,35,20,,,,,,,,,
20,VISIT,1798,Random,OnArrival,5,47,18339,Node_615,35,0,22,35,22,,,,,,,,,
20,VISIT,1799,Random,OnArrival,5,41,18339,Node_615,35,0,22,35,22,,,,,,,,,
20,VISIT,1800,Random,OnArrival,5,49,18339,Node_622,36,0,21,36,21,,,,,,,,,
20,VISIT,1801,Random,OnArrival,5,19,18343,Node_554,15,0,25,15,25,,,,,,,,,
20,VISIT,1803,Random,OnArrival,5,21,18343,Node_536,19,0,25,19,25,,,,,,,,,
20,VISIT,1804,Random,OnArrival,5,19,18343,Node_514,35,0,19,35,19,,,,,,,,,
20,VISIT,1798,Random,OnArrival,5,48,18356,Node_517,35,0,21,35,21,,,,,,,,,
20,VISIT,1799,Random,OnArrival,5,42,18356,Node_517,35,0,21,35,21,,,,,,,,,
20,VISIT,1800,Random,OnArrival,5,50,18356,Node_517,35,0,21,35,21,,,,,,,,,
20,VISIT,1801,Random,OnArrival,5,20,18360,Node_553,15,0,24,15,24,,,,,,,,,
20,VISIT,1802,Random,OnArrival,5,23,18360,Node_636,33,0,18,33,18,,,,,,,,,
20,VISIT,1803,Random,OnArrival,5,22,18360,Node_539,18,0,25,18,25,,,,,,,,,
20,VISIT,1804,Random,OnArrival,5,20,18360,Node_647,36,0,19,36,19,,,,,,,,,
20,VISIT,1798,Random,OnArrival,5,49,18373,Node_516,35,0,20,35,20,,,,,,,,,
20,VISIT,1799,Random,OnArrival,5,43,18373,Node_516,35,0,20,35,20,,,,,,,,,
20,VISIT,1800,Random,OnArrival,5,51,18373,Node_516,35,0,20,35,20,,,,,,,,,
20,VISIT,1801,Random,OnArrival,5,21,18377,Node_550,15,0,23,15,23,,,,,,,,,
20,VISIT,1802,Random,OnArrival,5,24,18377,Node_324,32,0,18,32,18,,,,,,,,,
20,VISIT,1804,Random,OnArrival,5,21,18377,Node_639,37,0,19,37,19,,,,,,,,,
20,VISIT,1798,Random,OnArrival,5,50,18390,Node_643,36,0,20,36,20,,,,,,,,,
20,VISIT,1799,Random,OnArrival,5,44,18390,Node_643,36,0,20,36,20,,,,,,,,,
20,VISIT,1800,Random,OnArrival,5,52,18390,Node_514,35,0,19,35,19,,,,,,,,,
20,VISIT,1801,Random,OnArrival,5,22,18394,Node_547,15,0,22,15,22,,,,,,,,,
20,VISIT,1802,Random,OnArrival,5,25,18394,Node_636,33,0,18,33,18,,,,,,,,,
20,VISIT,1804,Random,OnArrival,5,22,18394,Node_635,38,0,19,38,19,,,,,,,,,
20,VISIT,1798,Random,OnArrival,5,51,18407,Node_642,37,0,20,37,20,,,,,,,,,
20,VISIT,1799,Random,OnArrival,5,45,18407,Node_642,37,0,20,37,20,,,,,,,,,
20,VISIT,1800,Random,OnArrival,5,53,18407,Node_513,35,0,18,35,18,,,,,,,,,
20,VISIT,1801,Random,OnArrival,5,23,18411,Node_558,14,0,22,14,22,,,,,,,,,
20,VISIT,1802,Random,OnArrival,5,26,18411,Node_649,34,0,18,34,18,,,,,,,,,
20,VISIT,1803,Random,OnArrival,5,23,18411,Node_554,15,0,25,15,25,,,,,,,,,
20,VISIT,1798,Random,OnArrival,5,52,18424,Node_633,38,0,20,38,20,,,,,,,,,
20,VISIT,1799,Random,OnArrival,5,46,18424,Node_633,38,0,20,38,20,,,,,,,,,
20,VISIT,1800,Random,OnArrival,5,54,18424,Node_649,34,0,18,34,18,,,,,,,,,
20,VISIT,1802,Random,OnArrival,5,27,18428,Node_513,35,0,18,35,18,,,,,,,,,
20,VISIT,1803,Random,OnArrival,5,24,18428,Node_553,15,0,24,15,24,,,,,,,,,
20,VISIT,1798,Random,OnArrival,5,53,18441,Node_635,38,0,19,38,19,,,,,,,,,
20,VISIT,1799,Random,OnArrival,5,47,18441,Node_632,38,0,21,38,21,,,,,,,,,
20,VISIT,1800,Random,OnArrival,5,55,18441,Node_636,33,0,18,33,18,,,,,,,,,
20,VISIT,1802,Random,OnArrival,5,28,18445,Node_646,36,0,18,36,18,,,,,,,,,
20,VISIT,1803,Random,OnArrival,5,25,18445,Node_550,15,0,23,15,23,,,,,,,,,
20,VISIT,1798,Random,OnArrival,5,54,18457,Node_639,37,0,19,37,19,,,,,,,,,
20,VISIT,1800,Random,OnArrival,5,56,18457,Node_634,33,0,17,33,17,,,,,,,,,
20,VISIT,1802,Random,OnArrival,5,29,18461,Node_645,36,0,17,36,17,,,,,,,,,
20,VISIT,1803,Random,OnArrival,5,26,18461,Node_547,15,0,22,15,22,,,,,,,,,
20,VISIT,1798,Random,OnArrival,5,55,18473,Node_647,36,0,19,36,19,,,,,,,,,
20,VISIT,1800,Random,OnArrival,5,57,18473,Node_648,34,0,17,34,17,,,,,,,,,
20,VISIT,1802,Random,OnArrival,5,30,18477,Node_511,35,0,17,35,17,,,,,,,,,
20,VISIT,1803,Random,OnArrival,5,27,18477,Node_558,14,0,22,14,22,,,,,,,,,
20,VISIT,1798,Random,OnArrival,5,56,18489,Node_646,36,0,18,36,18,,,,,,,,,
20,VISIT,1800,Random,OnArrival,5,58,18489,Node_511,35,0,17,35,17,,,,,,,,,
20,VISIT,1801,Random,OnArrival,5,24,18493,Node_260,13,0,18,13,18,,,,,,,,,
20,VISIT,1802,Random,OnArrival,5,31,18493,Node_509,35,0,16,35,16,,,,,,,,,
20,VISIT,1798,Random,OnArrival,5,57,18505,Node_645,36,0,17,36,17,,,,,,,,,
20,VISIT,1800,Random,OnArrival,5,59,18505,Node_509,35,0,16,35,16,,,,,,,,,
20,VISIT,1801,Random,OnArrival,5,25,18509,Node_263,12,0,18,12,18,,,,,,,,,
20,VISIT,1802,Random,OnArrival,5,32,18509,Node_644,36,0,16,36,16,,,,,,,,,
20,VISIT,1803,Random,OnArrival,5,28,18509,Node_569,13,0,23,13,23,,,,,,,,,
20,VISIT,1800,Random,OnArrival,5,60,18522,Node_644,36,0,16,36,16,,,,,,,,,
20,VISIT,1801,Random,OnArrival,5,26,18526,Node_277,11,0,18,11,18,,,,,,,,,
20,VISIT,1800,Random,OnArrival,5,61,18538,Node_661,37,0,16,37,16,,,,,,,,,
20,VISIT,1802,Random,OnArrival,5,33,18543,Node_660,37,0,17,37,17,,,,,,,,,
20,VISIT,1800,Random,OnArrival,5,62,18555,Node_660,37,0,17,37,17,,,,,,,,,
20,VISIT,1801,Random,OnArrival,5,27,18559,Node_565,9,0,18,9,18,,,,,,,,,
20,VISIT,1802,Random,OnArrival,5,34,18559,Node_645,36,0,17,36,17,,,,,,,,,
20,VISIT,1800,Random,OnArrival,5,63,18571,Node_645,36,0,17,36,17,,,,,,,,,
20,VISIT,1801,Random,OnArrival,5,28,18575,Node_382,8,0,18,8,18,,,,,,,,,
20,VISIT,1802,Random,OnArrival,5,35,18575,Node_646,36,0,18,36,18,,,,,,,,,
20,VISIT,1805,Random,OnArrival,5,0,18582,Node_6,19,0,12,19,12,,,,,,,,,
20,VISIT,1806,Random,OnArrival,5,0,18582,Node_7,19,0,8,19,8,,,,,,,,,
20,VISIT,1807,Random,OnArrival,5,0,18582,Node_8,17,0,10,17,10,,,,,,,,,
20,VISIT,1808,Random,OnArrival,5,0,18582,Node_9,21,0,10,21,10,,,,,,,,,
20,VISIT,1800,Random,OnArrival,5,64,18586,Node_646,36,0,18,36,18,,,,,,,,,
20,VISIT,1801,Random,OnArrival,5,29,18586,Node_385,7,0,18,7,18,,,,,,,,,
20,VISIT,1802,Random,OnArrival,5,36,18586,Node_647,36,0,19,36,19,,,,,,,,,
20,VISIT,1805,Random,OnArrival,5,1,18588,Node_41,20,0,12,20,12,,,,,,,,,
20,VISIT,1806,Random,OnArrival,5,1,18588,Node_3,19,0,9,19,9,,,,,,,,,
20,VISIT,1807,Random,OnArrival,5,1,18588,Node_12,17,0,11,17,11,,,,,,,,,
20,VISIT,1808,Random,OnArrival,5,1,18588,Node_13,21,0,11,21,11,,,,,,,,,
20,VISIT,1800,Random,OnArrival,5,65,18593,Node_647,36,0,19,36,19,,,,,,,,,
20,VISIT,1801,Random,OnArrival,5,30,18593,Node_580,6,0,18,6,18,,,,,,,,,
20,VISIT,1802,Random,OnArrival,5,37,18593,Node_639,37,0,19,37,19,,,,,,,,,
20,VISIT,1805,Random,OnArrival,5,2,18596,Node_42,20,0,13,20,13,,,,,,,,,
20,VISIT,1806,Random,OnArrival,5,2,18596,Node_20,19,0,10,19,10,,,,,,,,,
20,VISIT,1807,Random,OnArrival,5,2,18596,Node_16,17,0,12,17,12,,,,,,,,,
20,VISIT,1808,Random,OnArrival,5,2,18596,Node_17,21,0,12,21,12,,,,,,,,,
20,VISIT,1800,Random,OnArrival,5,66,18601,Node_639,37,0,19,37,19,,,,,,,,,
20,VISIT,1802,Random,OnArrival,5,38,18601,Node_635,38,0,19,38,19,,,,,,,,,
20,VISIT,1803,Random,OnArrival,5,29,18601,Node_284,11,0,22,11,22,,,,,,,,,
20,VISIT,1805,Random,OnArrival,5,3,18604,Node_43,20,0,14,20,14,,,,,,,,,
20,VISIT,1806,Random,OnArrival,5,3,18604,Node_2,19,0,11,19,11,,,,,,,,,
20,VISIT,1807,Random,OnArrival,5,3,18604,Node_18,16,0,12,16,12,,,,,,,,,
20,VISIT,1808,Random,OnArrival,5,3,18604,Node_19,21,0,13,21,13,,,,,,,,,
20,VISIT,1800,Random,OnArrival,5,67,18610,Node_635,38,0,19,38,19,,,,,,,,,
20,VISIT,1806,Random,OnArrival,5,4,18614,Node_6,19,0,12,19,12,,,,,,,,,
20,VISIT,1807,Random,OnArrival,5,4,18614,Node_29,15,0,12,15,12,,,,,,,,,
20,VISIT,1808,Random,OnArrival,5,4,18614,Node_22,21,0,14,21,14,,,,,,,,,
20,VISIT,1802,Random,OnArrival,5,39,18622,Node_651,40,0,19,40,19,,,,,,,,,
20,VISIT,1803,Random,OnArrival,5,30,18622,Node_662,12,0,23,12,23,,,,,,,,,
20,VISIT,1805,Random,OnArrival,5,4,18626,Node_55,18,0,14,18,14,,,,,,,,,
20,VISIT,1806,Random,OnArrival,5,5,18626,Node_10,18,0,12,18,12,,,,,,,,,
20,VISIT,1807,Random,OnArrival,5,5,18626,Node_31,15,0,13,15,13,,,,,,,,,
20,VISIT,1808,Random,OnArrival,5,5,18626,Node_25,21,0,15,21,15,,,,,,,,,
20,VISIT,1800,Random,OnArrival,5,68,18633,Node_651,40,0,19,40,19,,,,,,,,,
20,VISIT,1803,Random,OnArrival,5,31,18633,Node_667,11,0,23,11,23,,,,,,,,,
20,VISIT,1805,Random,OnArrival,5,5,18637,Node_96,17,0,14,17,14,,,,,,,,,
20,VISIT,1806,Random,OnArrival,5,6,18637,Node_16,17,0,12,17,12,,,,,,,,,
20,VISIT,1807,Random,OnArrival,5,6,18637,Node_36,14,0,13,14,13,,,,,,,,,
20,VISIT,1808,Random,OnArrival,5,6,18637,Node_27,21,0,16,21,16,,,,,,,,,
20,VISIT,1800,Random,OnArrival,5,69,18644,Node_672,41,0,19,41,19,,,,,,,,,
20,VISIT,1803,Random,OnArrival,5,32,18644,Node_284,11,0,22,11,22,,,,,,,,,
20,VISIT,1805,Random,OnArrival,5,6,18648,Node_159,16,0,14,16,14,,,,,,,,,
20,VISIT,1806,Random,OnArrival,5,7,18648,Node_18,16,0,12,16,12,,,,,,,,,
20,VISIT,1807,Random,OnArrival,5,7,18648,Node_37,14,0,14,14,14,,,,,,,,,
20,VISIT,1800,Random,OnArrival,5,70,18658,Node_674,41,0,20,41,20,,,,,,,,,
20,VISIT,1803,Random,OnArrival,5,33,18658,Node_670,12,0,22,12,22,,,,,,,,,
20,VISIT,1805,Random,OnArrival,5,7,18662,Node_145,15,0,14,15,14,,,,,,,,,
20,VISIT,1806,Random,OnArrival,5,8,18662,Node_29,15,0,12,15,12,,,,,,,,,
20,VISIT,1807,Random,OnArrival,5,8,18662,Node_38,13,0,14,13,14,,,,,,,,,
20,VISIT,1808,Random,OnArrival,5,7,18662,Node_30,21,0,18,21,18,,,,,,,,,
20,VISIT,1800,Random,OnArrival,5,71,18670,Node_676,41,0,21,41,21,,,,,,,,,
20,VISIT,1805,Random,OnArrival,5,8,18675,Node_37,14,0,14,14,14,,,,,,,,,
20,VISIT,1806,Random,OnArrival,5,9,18675,Node_31,15,0,13,15,13,,,,,,,,,
20,VISIT,1807,Random,OnArrival,5,9,18675,Node_39,13,0,15,13,15,,,,,,,,,
20,VISIT,1808,Random,OnArrival,5,8,18675,Node_199,20,0,18,20,18,,,,,,,,,
20,VISIT,1800,Random,OnArrival,5,72,18684,Node_678,42,0,21,42,21,,,,,,,,,
20,VISIT,1805,Random,OnArrival,5,9,18690,Node_38,13,0,14,13,14,,,,,,,,,
20,VISIT,1806,Random,OnArrival,5,10,18690,Node_36,14,0,13,14,13,,,,,,,,,
20,VISIT,1807,Random,OnArrival,5,10,18690,Node_255,13,0,16,13,16,,,,,,,,,
20,VISIT,1800,Random,OnArrival,5,73,18699,Node_680,42,0,22,42,22,,,,,,,,,
20,VISIT,1805,Random,OnArrival,5,10,18706,Node_39,13,0,15,13,15,,,,,,,,,
20,VISIT,1806,Random,OnArrival,5,11,18706,Node_37,14,0,14,14,14,,,,,,,,,
20,VISIT,1807,Random,OnArrival,5,11,18706,Node_258,13,0,17,13,17,,,,,,,,,
20,VISIT,1808,Random,OnArrival,5,9,18706,Node_67,18,0,18,18,18,,,,,,,,,
20,VISIT,1800,Random,OnArrival,5,74,18715,Node_682,42,0,23,42,23,,,,,,,,,
20,VISIT,1805,Random,OnArrival,5,11,18722,Node_255,13,0,16,13,16,,,,,,,,,
20,VISIT,1806,Random,OnArrival,5,12,18722,Node_38,13,0,14,13,14,,,,,,,,,
20,VISIT,1807,Random,OnArrival,5,12,18722,Node_260,13,0,18,13,18,,,,,,,,,
20,VISIT,1808,Random,OnArrival,5,10,18722,Node_69,18,0,19,18,19,,,,,,,,,
20,VISIT,1800,Random,OnArrival,5,75,18730,Node_683,42,0,24,42,24,,,,,,,,,
20,VISIT,1805,Random,OnArrival,5,12,18738,Node_258,13,0,17,13,17,,,,,,,,,
20,VISIT,1806,Random,OnArrival,5,13,18738,Node_39,13,0,15,13,15,,,,,,,,,
20,VISIT,1807,Random,OnArrival,5,13,18738,Node_657,14,0,18,14,18,,,,,,,,,
20,VISIT,1808,Random,OnArrival,5,11,18738,Node_71,18,0,20,18,20,,,,,,,,,
20,VISIT,1805,Random,OnArrival,5,13,18754,Node_260,13,0,18,13,18,,,,,,,,,
20,VISIT,1806,Random,OnArrival,5,14,18754,Node_255,13,0,16,13,16,,,,,,,,,
20,VISIT,1808,Random,OnArrival,5,12,18754,Node_115,17,0,20,17,20,,,,,,,,,
20,VISIT,1805,Random,OnArrival,5,14,18770,Node_657,14,0,18,14,18,,,,,,,,,
20,VISIT,1806,Random,OnArrival,5,15,18770,Node_258,13,0,17,13,17,,,,,,,,,
20,VISIT,1808,Random,OnArrival,5,13,18770,Node_120,16,0,20,16,20,,,,,,,,,
20,VISIT,1805,Random,OnArrival,5,15,18786,Node_655,14,0,19,14,19,,,,,,,,,
20,VISIT,1806,Random,OnArrival,5,16,18786,Node_260,13,0,18,13,18,,,,,,,,,
20,VISIT,1807,Random,OnArrival,5,14,18786,Node_544,15,0,20,15,20,,,,,,,,,
20,VISIT,1808,Random,OnArrival,5,14,18786,Node_544,15,0,20,15,20,,,,,,,,,
20,VISIT,1805,Random,OnArrival,5,16,18803,Node_687,15,0,19,15,19,,,,,,,,,
20,VISIT,1806,Random,OnArrival,5,17,18803,Node_657,14,0,18,14,18,,,,,,,,,
20,VISIT,1807,Random,OnArrival,5,15,18803,Node_652,14,0,20,14,20,,,,,,,,,
20,VISIT,1808,Random,OnArrival,5,15,18803,Node_652,14,0,20,14,20,,,,,,,,,
20,VISIT,1805,Random,OnArrival,5,17,18819,Node_544,15,0,20,15,20,,,,,,,,,
20,VISIT,1806,Random,OnArrival,5,18,18819,Node_655,14,0,19,14,19,,,,,,,,,
20,VISIT,1807,Random,OnArrival,5,16,18819,Node_655,14,0,19,14,19,,,,,,,,,
20,VISIT,1808,Random,OnArrival,5,16,18819,Node_650,14,0,21,14,21,,,,,,,,,
20,VISIT,1805,Random,OnArrival,5,18,18835,Node_546,15,0,21,15,21,,,,,,,,,
20,VISIT,1806,Random,OnArrival,5,19,18835,Node_652,14,0,20,14,20,,,,,,,,,
20,VISIT,1807,Random,OnArrival,5,17,18835,Node_657,14,0,18,14,18,,,,,,,,,
20,VISIT,1808,Random,OnArrival,5,17,18835,Node_546,15,0,21,15,21,,,,,,,,,
20,VISIT,1805,Random,OnArrival,5,19,18852,Node_650,14,0,21,14,21,,,,,,,,,
20,VISIT,1806,Random,OnArrival,5,20,18852,Node_544,15,0,20,15,20,,,,,,,,,
20,VISIT,1807,Random,OnArrival,5,18,18852,Node_260,13,0,18,13,18,,,,,,,,,
20,VISIT,1808,Random,OnArrival,5,18,18852,Node_119,16,0,21,16,21,,,,,,,,,
20,VISIT,1805,Random,OnArrival,5,20,18869,Node_652,14,0,20,14,20,,,,,,,,,
20,VISIT,1806,Random,OnArrival,5,21,18869,Node_546,15,0,21,15,21,,,,,,,,,
20,VISIT,1807,Random,OnArrival,5,19,18869,Node_263,12,0,18,12,18,,,,,,,,,
20,VISIT,1808,Random,OnArrival,5,19,18869,Node_546,15,0,21,15,21,,,,,,,,,
20,VISIT,1805,Random,OnArrival,5,21,18886,Node_650,14,0,21,14,21,,,,,,,,,
20,VISIT,1806,Random,OnArrival,5,22,18886,Node_547,15,0,22,15,22,,,,,,,,,
20,VISIT,1807,Random,OnArrival,5,20,18886,Node_277,11,0,18,11,18,,,,,,,,,
20,VISIT,1808,Random,OnArrival,5,20,18886,Node_547,15,0,22,15,22,,,,,,,,,
20,VISIT,1805,Random,OnArrival,5,22,18903,Node_546,15,0,21,15,21,,,,,,,,,
20,VISIT,1806,Random,OnArrival,5,23,18903,Node_558,14,0,22,14,22,,,,,,,,,
20,VISIT,1808,Random,OnArrival,5,21,18903,Node_558,14,0,22,14,22,,,,,,,,,
20,VISIT,1805,Random,OnArrival,5,23,18920,Node_119,16,0,21,16,21,,,,,,,,,
20,VISIT,1806,Random,OnArrival,5,24,18920,Node_659,13,0,22,13,22,,,,,,,,,
20,VISIT,1807,Random,OnArrival,5,21,18920,Node_281,11,0,20,11,20,,,,,,,,,
20,VISIT,1808,Random,OnArrival,5,22,18920,Node_659,13,0,22,13,22,,,,,,,,,
20,VISIT,1805,Random,OnArrival,5,24,18937,Node_546,15,0,21,15,21,,,,,,,,,
20,VISIT,1806,Random,OnArrival,5,25,18937,Node_670,12,0,22,12,22,,,,,,,,,
20,VISIT,1807,Random,OnArrival,5,22,18937,Node_681,12,0,20,12,20,,,,,,,,,
20,VISIT,1808,Random,OnArrival,5,23,18937,Node_670,12,0,22,12,22,,,,,,,,,
20,VISIT,1805,Random,OnArrival,5,25,18952,Node_547,15,0,22,15,22,,,,,,,,,
20,VISIT,1806,Random,OnArrival,5,26,18952,Node_284,11,0,22,11,22,,,,,,,,,
20,VISIT,1807,Random,OnArrival,5,23,18952,Node_679,12,0,21,12,21,,,,,,,,,
20,VISIT,1808,Random,OnArrival,5,24,18952,Node_284,11,0,22,11,22,,,,,,,,,
20,VISIT,1805,Random,OnArrival,5,26,18967,Node_558,14,0,22,14,22,,,,,,,,,
20,VISIT,1806,Random,OnArrival,5,27,18967,Node_667,11,0,23,11,23,,,,,,,,,
20,VISIT,1807,Random,OnArrival,5,24,18967,Node_282,11,0,21,11,21,,,,,,,,,
20,VISIT,1808,Random,OnArrival,5,25,18967,Node_667,11,0,23,11,23,,,,,,,,,
20,VISIT,1805,Random,OnArrival,5,27,18984,Node_659,13,0,22,13,22,,,,,,,,,
20,VISIT,1806,Random,OnArrival,5,28,18984,Node_666,11,0,24,11,24,,,,,,,,,
20,VISIT,1808,Random,OnArrival,5,26,18984,Node_666,11,0,24,11,24,,,,,,,,,
20,VISIT,1805,Random,OnArrival,5,28,19001,Node_569,13,0,23,13,23,,,,,,,,,
20,VISIT,1805,Random,OnArrival,5,29,19017,Node_662,12,0,23,12,23,,,,,,,,,
20,VISIT,1805,Random,OnArrival,5,30,19033,Node_663,12,0,24,12,24,,,,,,,,,
20,VISIT,1805,Random,OnArrival,5,31,19049,Node_666,11,0,24,11,24,,,,,,,,,
20,VISIT,1805,Random,OnArrival,5,32,19065,Node_688,10,0,24,10,24,,,,,,,,,
20,VISIT,1806,Random,OnArrival,5,29,19065,Node_688,10,0,24,10,24,,,,,,,,,
20,VISIT,1808,Random,OnArrival,5,27,19065,Node_688,10,0,24,10,24,,,,,,,,,
20,VISIT,1805,Random,OnArrival,5,33,19081,Node_694,9,0,24,9,24,,,,,,,,,
20,VISIT,1806,Random,OnArrival,5,30,19081,Node_666,11,0,24,11,24,,,,,,,,,
20,VISIT,1807,Random,OnArrival,5,25,19081,Node_574,7,0,20,7,20,,,,,,,,,
20,VISIT,1808,Random,OnArrival,5,28,19081,Node_690,10,0,25,10,25,,,,,,,,,
20,VISIT,1805,Random,OnArrival,5,34,19097,Node_692,9,0,25,9,25,,,,,,,,,
20,VISIT,1806,Random,OnArrival,5,31,19097,Node_665,11,0,25,11,25,,,,,,,,,
20,VISIT,1807,Random,OnArrival,5,26,19097,Node_696,8,0,20,8,20,,,,,,,,,
20,VISIT,1808,Random,OnArrival,5,29,19097,Node_665,11,0,25,11,25,,,,,,,,,
20,VISIT,1806,Random,OnArrival,5,32,19113,Node_690,10,0,25,10,25,,,,,,,,,
20,VISIT,1808,Random,OnArrival,5,30,19113,Node_690,10,0,25,10,25,,,,,,,,,
20,VISIT,1806,Random,OnArrival,5,33,19129,Node_692,9,0,25,9,25,,,,,,,,,
20,VISIT,1807,Random,OnArrival,5,27,19129,Node_689,9,0,21,9,21,,,,,,,,,
20,VISIT,1808,Random,OnArrival,5,31,19129,Node_692,9,0,25,9,25,,,,,,,,,
20,VISIT,1807,Random,OnArrival,5,28,19145,Node_695,8,0,21,8,21,,,,,,,,,
20,VISIT,1807,Random,OnArrival,5,29,19161,Node_696,8,0,20,8,20,,,,,,,,,
20,VISIT,1806,Random,OnArrival,5,34,19178,Node_698,6,0,25,6,25,,,,,,,,,
20,VISIT,1807,Random,OnArrival,5,30,19178,Node_574,7,0,20,7,20,,,,,,,,,
20,VISIT,1808,Random,OnArrival,5,32,19178,Node_698,6,0,25,6,25,,,,,,,,,
20,VISIT,1809,Random,OnArrival,5,0,19192,Node_6,19,0,12,19,12,,,,,,,,,
20,VISIT,1810,Random,OnArrival,5,0,19192,Node_7,19,0,8,19,8,,,,,,,,,
20,VISIT,1811,Random,OnArrival,5,0,19192,Node_8,17,0,10,17,10,,,,,,,,,
20,VISIT,1812,Random,OnArrival,5,0,19192,Node_9,21,0,10,21,10,,,,,,,,,
20,VISIT,1807,Random,OnArrival,5,31,19194,Node_573,7,0,19,7,19,,,,,,,,,
20,VISIT,1809,Random,OnArrival,5,1,19196,Node_10,18,0,12,18,12,,,,,,,,,
20,VISIT,1810,Random,OnArrival,5,1,19196,Node_3,19,0,9,19,9,,,,,,,,,
20,VISIT,1811,Random,OnArrival,5,1,19196,Node_12,17,0,11,17,11,,,,,,,,,
20,VISIT,1812,Random,OnArrival,5,1,19196,Node_5,20,0,10,20,10,,,,,,,,,
20,VISIT,1807,Random,OnArrival,5,32,19200,Node_578,6,0,19,6,19,,,,,,,,,
20,VISIT,1809,Random,OnArrival,5,2,19202,Node_16,17,0,12,17,12,,,,,,,,,
20,VISIT,1810,Random,OnArrival,5,2,19202,Node_15,18,0,9,18,9,,,,,,,,,
20,VISIT,1811,Random,OnArrival,5,2,19202,Node_16,17,0,12,17,12,,,,,,,,,
20,VISIT,1812,Random,OnArrival,5,2,19202,Node_40,20,0,11,20,11,,,,,,,,,
20,VISIT,1805,Random,OnArrival,5,35,19206,Node_701,6,0,22,6,22,,,,,,,,,
20,VISIT,1807,Random,OnArrival,5,33,19206,Node_669,5,0,19,5,19,,,,,,,,,
20,VISIT,1809,Random,OnArrival,5,3,19208,Node_18,16,0,12,16,12,,,,,,,,,
20,VISIT,1810,Random,OnArrival,5,3,19208,Node_4,18,0,10,18,10,,,,,,,,,
20,VISIT,1811,Random,OnArrival,5,3,19208,Node_18,16,0,12,16,12,,,,,,,,,
20,VISIT,1812,Random,OnArrival,5,3,19208,Node_41,20,0,12,20,12,,,,,,,,,
20,VISIT,1807,Random,OnArrival,5,34,19212,Node_668,5,0,18,5,18,,,,,,,,,
20,VISIT,1809,Random,OnArrival,5,4,19214,Node_29,15,0,12,15,12,,,,,,,,,
20,VISIT,1810,Random,OnArrival,5,4,19214,Node_8,17,0,10,17,10,,,,,,,,,
20,VISIT,1811,Random,OnArrival,5,4,19214,Node_29,15,0,12,15,12,,,,,,,,,
20,VISIT,1812,Random,OnArrival,5,4,19214,Node_42,20,0,13,20,13,,,,,,,,,
20,VISIT,1806,Random,OnArrival,5,35,19219,Node_702,5,0,25,5,25,,,,,,,,,
20,VISIT,1807,Random,OnArrival,5,35,19219,Node_392,5,0,17,5,17,,,,,,,,,
20,VISIT,1808,Random,OnArrival,5,33,19219,Node_702,5,0,25,5,25,,,,,,,,,
20,VISIT,1809,Random,OnArrival,5,5,19221,Node_31,15,0,13,15,13,,,,,,,,,
20,VISIT,1810,Random,OnArrival,5,5,19221,Node_12,17,0,11,17,11,,,,,,,,,
20,VISIT,1811,Random,OnArrival,5,5,19221,Node_31,15,0,13,15,13,,,,,,,,,
20,VISIT,1812,Random,OnArrival,5,5,19221,Node_43,20,0,14,20,14,,,,,,,,,
20,VISIT,1805,Random,OnArrival,5,36,19226,Node_700,6,0,23,6,23,,,,,,,,,
20,VISIT,1806,Random,OnArrival,5,36,19226,Node_698,6,0,25,6,25,,,,,,,,,
20,VISIT,1807,Random,OnArrival,5,36,19226,Node_586,4,0,17,4,17,,,,,,,,,
20,VISIT,1808,Random,OnArrival,5,34,19226,Node_698,6,0,25,6,25,,,,,,,,,
20,VISIT,1809,Random,OnArrival,5,6,19229,Node_36,14,0,13,14,13,,,,,,,,,
20,VISIT,1810,Random,OnArrival,5,6,19229,Node_16,17,0,12,17,12,,,,,,,,,
20,VISIT,1811,Random,OnArrival,5,6,19229,Node_36,14,0,13,14,13,,,,,,,,,
20,VISIT,1805,Random,OnArrival,5,37,19236,Node_699,6,0,24,6,24,,,,,,,,,
20,VISIT,1806,Random,OnArrival,5,37,19236,Node_699,6,0,24,6,24,,,,,,,,,
20,VISIT,1808,Random,OnArrival,5,35,19236,Node_699,6,0,24,6,24,,,,,,,,,
20,VISIT,1809,Random,OnArrival,5,7,19239,Node_37,14,0,14,14,14,,,,,,,,,
20,VISIT,1810,Random,OnArrival,5,7,19239,Node_18,16,0,12,16,12,,,,,,,,,
20,VISIT,1811,Random,OnArrival,5,7,19239,Node_37,14,0,14,14,14,,,,,,,,,
20,VISIT,1812,Random,OnArrival,5,6,19239,Node_55,18,0,14,18,14,,,,,,,,,
20,VISIT,1805,Random,OnArrival,5,38,19244,Node_704,5,0,24,5,24,,,,,,,,,
20,VISIT,1806,Random,OnArrival,5,38,19244,Node_704,5,0,24,5,24,,,,,,,,,
20,VISIT,1808,Random,OnArrival,5,36,19244,Node_704,5,0,24,5,24,,,,,,,,,
20,VISIT,1809,Random,OnArrival,5,8,19248,Node_38,13,0,14,13,14,,,,,,,,,
20,VISIT,1810,Random,OnArrival,5,8,19248,Node_29,15,0,12,15,12,,,,,,,,,
20,VISIT,1811,Random,OnArrival,5,8,19248,Node_38,13,0,14,13,14,,,,,,,,,
20,VISIT,1812,Random,OnArrival,5,7,19248,Node_96,17,0,14,17,14,,,,,,,,,
20,VISIT,1805,Random,OnArrival,5,39,19253,Node_699,6,0,24,6,24,,,,,,,,,
20,VISIT,1806,Random,OnArrival,5,39,19253,Node_699,6,0,24,6,24,,,,,,,,,
20,VISIT,1808,Random,OnArrival,5,37,19253,Node_699,6,0,24,6,24,,,,,,,,,
20,VISIT,1809,Random,OnArrival,5,9,19257,Node_39,13,0,15,13,15,,,,,,,,,
20,VISIT,1810,Random,OnArrival,5,9,19257,Node_31,15,0,13,15,13,,,,,,,,,
20,VISIT,1811,Random,OnArrival,5,9,19257,Node_39,13,0,15,13,15,,,,,,,,,
20,VISIT,1812,Random,OnArrival,5,8,19257,Node_159,16,0,14,16,14,,,,,,,,,
20,VISIT,1805,Random,OnArrival,5,40,19263,Node_700,6,0,23,6,23,,,,,,,,,
20,VISIT,1806,Random,OnArrival,5,40,19263,Node_700,6,0,23,6,23,,,,,,,,,
20,VISIT,1808,Random,OnArrival,5,38,19263,Node_700,6,0,23,6,23,,,,,,,,,
20,VISIT,1809,Random,OnArrival,5,10,19267,Node_255,13,0,16,13,16,,,,,,,,,
20,VISIT,1810,Random,OnArrival,5,10,19267,Node_36,14,0,13,14,13,,,,,,,,,
20,VISIT,1811,Random,OnArrival,5,10,19267,Node_255,13,0,16,13,16,,,,,,,,,
20,VISIT,1812,Random,OnArrival,5,9,19267,Node_145,15,0,14,15,14,,,,,,,,,
20,VISIT,1805,Random,OnArrival,5,41,19274,Node_701,6,0,22,6,22,,,,,,,,,
20,VISIT,1806,Random,OnArrival,5,41,19274,Node_701,6,0,22,6,22,,,,,,,,,
20,VISIT,1808,Random,OnArrival,5,39,19274,Node_701,6,0,22,6,22,,,,,,,,,
20,VISIT,1809,Random,OnArrival,5,11,19278,Node_258,13,0,17,13,17,,,,,,,,,
20,VISIT,1810,Random,OnArrival,5,11,19278,Node_37,14,0,14,14,14,,,,,,,,,
20,VISIT,1811,Random,OnArrival,5,11,19278,Node_258,13,0,17,13,17,,,,,,,,,
20,VISIT,1812,Random,OnArrival,5,10,19278,Node_37,14,0,14,14,14,,,,,,,,,
20,VISIT,1805,Random,OnArrival,5,42,19285,Node_706,7,0,22,7,22,,,,,,,,,
20,VISIT,1806,Random,OnArrival,5,42,19285,Node_706,7,0,22,7,22,,,,,,,,,
20,VISIT,1808,Random,OnArrival,5,40,19285,Node_706,7,0,22,7,22,,,,,,,,,
20,VISIT,1809,Random,OnArrival,5,12,19289,Node_260,13,0,18,13,18,,,,,,,,,
20,VISIT,1810,Random,OnArrival,5,12,19289,Node_38,13,0,14,13,14,,,,,,,,,
20,VISIT,1811,Random,OnArrival,5,12,19289,Node_260,13,0,18,13,18,,,,,,,,,
20,VISIT,1812,Random,OnArrival,5,11,19289,Node_38,13,0,14,13,14,,,,,,,,,
20,VISIT,1805,Random,OnArrival,5,43,19297,Node_693,8,0,22,8,22,,,,,,,,,
20,VISIT,1806,Random,OnArrival,5,43,19297,Node_693,8,0,22,8,22,,,,,,,,,
20,VISIT,1808,Random,OnArrival,5,41,19297,Node_693,8,0,22,8,22,,,,,,,,,
20,VISIT,1809,Random,OnArrival,5,13,19301,Node_263,12,0,18,12,18,,,,,,,,,
20,VISIT,1810,Random,OnArrival,5,13,19301,Node_39,13,0,15,13,15,,,,,,,,,
20,VISIT,1811,Random,OnArrival,5,13,19301,Node_263,12,0,18,12,18,,,,,,,,,
20,VISIT,1812,Random,OnArrival,5,12,19301,Node_39,13,0,15,13,15,,,,,,,,,
20,VISIT,1805,Random,OnArrival,5,44,19311,Node_695,8,0,21,8,21,,,,,,,,,
20,VISIT,1806,Random,OnArrival,5,44,19311,Node_695,8,0,21,8,21,,,,,,,,,
20,VISIT,1808,Random,OnArrival,5,42,19311,Node_695,8,0,21,8,21,,,,,,,,,
20,VISIT,1809,Random,OnArrival,5,14,19315,Node_277,11,0,18,11,18,,,,,,,,,
20,VISIT,1810,Random,OnArrival,5,14,19315,Node_255,13,0,16,13,16,,,,,,,,,
20,VISIT,1811,Random,OnArrival,5,14,19315,Node_277,11,0,18,11,18,,,,,,,,,
20,VISIT,1812,Random,OnArrival,5,13,19315,Node_255,13,0,16,13,16,,,,,,,,,
20,VISIT,1805,Random,OnArrival,5,45,19326,Node_696,8,0,20,8,20,,,,,,,,,
20,VISIT,1806,Random,OnArrival,5,45,19326,Node_696,8,0,20,8,20,,,,,,,,,
20,VISIT,1808,Random,OnArrival,5,43,19326,Node_696,8,0,20,8,20,,,,,,,,,
20,VISIT,1810,Random,OnArrival,5,15,19330,Node_258,13,0,17,13,17,,,,,,,,,
20,VISIT,1812,Random,OnArrival,5,14,19330,Node_258,13,0,17,13,17,,,,,,,,,
20,VISIT,1805,Random,OnArrival,5,46,19341,Node_574,7,0,20,7,20,,,,,,,,,
20,VISIT,1806,Random,OnArrival,5,46,19341,Node_574,7,0,20,7,20,,,,,,,,,
20,VISIT,1808,Random,OnArrival,5,44,19341,Node_574,7,0,20,7,20,,,,,,,,,
20,VISIT,1809,Random,OnArrival,5,15,19345,Node_565,9,0,18,9,18,,,,,,,,,
20,VISIT,1810,Random,OnArrival,5,16,19345,Node_260,13,0,18,13,18,,,,,,,,,
20,VISIT,1811,Random,OnArrival,5,15,19345,Node_565,9,0,18,9,18,,,,,,,,,
20,VISIT,1812,Random,OnArrival,5,15,19345,Node_260,13,0,18,13,18,,,,,,,,,
20,VISIT,1805,Random,OnArrival,5,47,19356,Node_576,6,0,20,6,20,,,,,,,,,
20,VISIT,1806,Random,OnArrival,5,47,19356,Node_576,6,0,20,6,20,,,,,,,,,
20,VISIT,1808,Random,OnArrival,5,45,19356,Node_576,6,0,20,6,20,,,,,,,,,
20,VISIT,1809,Random,OnArrival,5,16,19360,Node_382,8,0,18,8,18,,,,,,,,,
20,VISIT,1810,Random,OnArrival,5,17,19360,Node_263,12,0,18,12,18,,,,,,,,,
20,VISIT,1811,Random,OnArrival,5,16,19360,Node_382,8,0,18,8,18,,,,,,,,,
20,VISIT,1812,Random,OnArrival,5,16,19360,Node_263,12,0,18,12,18,,,,,,,,,
20,VISIT,1805,Random,OnArrival,5,48,19372,Node_671,5,0,20,5,20,,,,,,,,,
20,VISIT,1806,Random,OnArrival,5,48,19372,Node_671,5,0,20,5,20,,,,,,,,,
20,VISIT,1808,Random,OnArrival,5,46,19372,Node_671,5,0,20,5,20,,,,,,,,,
20,VISIT,1809,Random,OnArrival,5,17,19376,Node_385,7,0,18,7,18,,,,,,,,,
20,VISIT,1810,Random,OnArrival,5,18,19376,Node_277,11,0,18,11,18,,,,,,,,,
20,VISIT,1811,Random,OnArrival,5,17,19376,Node_385,7,0,18,7,18,,,,,,,,,
20,VISIT,1812,Random,OnArrival,5,17,19376,Node_277,11,0,18,11,18,,,,,,,,,
20,VISIT,1805,Random,OnArrival,5,49,19387,Node_669,5,0,19,5,19,,,,,,,,,
20,VISIT,1806,Random,OnArrival,5,49,19387,Node_669,5,0,19,5,19,,,,,,,,,
20,VISIT,1808,Random,OnArrival,5,47,19387,Node_669,5,0,19,5,19,,,,,,,,,
20,VISIT,1809,Random,OnArrival,5,18,19391,Node_580,6,0,18,6,18,,,,,,,,,
20,VISIT,1811,Random,OnArrival,5,18,19391,Node_580,6,0,18,6,18,,,,,,,,,
20,VISIT,1805,Random,OnArrival,5,50,19402,Node_668,5,0,18,5,18,,,,,,,,,
20,VISIT,1806,Random,OnArrival,5,50,19402,Node_668,5,0,18,5,18,,,,,,,,,
20,VISIT,1808,Random,OnArrival,5,48,19402,Node_668,5,0,18,5,18,,,,,,,,,
20,VISIT,1809,Random,OnArrival,5,19,19406,Node_582,6,0,17,6,17,,,,,,,,,
20,VISIT,1810,Random,OnArrival,5,19,19406,Node_565,9,0,18,9,18,,,,,,,,,
20,VISIT,1811,Random,OnArrival,5,19,19406,Node_582,6,0,17,6,17,,,,,,,,,
20,VISIT,1812,Random,OnArrival,5,18,19406,Node_565,9,0,18,9,18,,,,,,,,,
20,VISIT,1805,Random,OnArrival,5,51,19418,Node_392,5,0,17,5,17,,,,,,,,,
20,VISIT,1806,Random,OnArrival,5,51,19418,Node_392,5,0,17,5,17,,,,,,,,,
20,VISIT,1808,Random,OnArrival,5,49,19418,Node_580,6,0,18,6,18,,,,,,,,,
20,VISIT,1809,Random,OnArrival,5,20,19422,Node_392,5,0,17,5,17,,,,,,,,,
20,VISIT,1810,Random,OnArrival,5,20,19422,Node_382,8,0,18,8,18,,,,,,,,,
20,VISIT,1811,Random,OnArrival,5,20,19422,Node_392,5,0,17,5,17,,,,,,,,,
20,VISIT,1812,Random,OnArrival,5,19,19422,Node_382,8,0,18,8,18,,,,,,,,,
20,VISIT,1805,Random,OnArrival,5,52,19434,Node_582,6,0,17,6,17,,,,,,,,,
20,VISIT,1806,Random,OnArrival,5,52,19434,Node_582,6,0,17,6,17,,,,,,,,,
20,VISIT,1808,Random,OnArrival,5,50,19434,Node_582,6,0,17,6,17,,,,,,,,,
20,VISIT,1809,Random,OnArrival,5,21,19438,Node_390,5,0,16,5,16,,,,,,,,,
20,VISIT,1810,Random,OnArrival,5,21,19438,Node_385,7,0,18,7,18,,,,,,,,,
20,VISIT,1811,Random,OnArrival,5,21,19438,Node_668,5,0,18,5,18,,,,,,,,,
20,VISIT,1812,Random,OnArrival,5,20,19438,Node_385,7,0,18,7,18,,,,,,,,,
20,VISIT,1805,Random,OnArrival,5,53,19450,Node_392,5,0,17,5,17,,,,,,,,,
20,VISIT,1806,Random,OnArrival,5,53,19450,Node_584,6,0,16,6,16,,,,,,,,,
20,VISIT,1808,Random,OnArrival,5,51,19450,Node_584,6,0,16,6,16,,,,,,,,,
20,VISIT,1809,Random,OnArrival,5,22,19454,Node_387,5,0,15,5,15,,,,,,,,,
20,VISIT,1810,Random,OnArrival,5,22,19454,Node_580,6,0,18,6,18,,,,,,,,,
20,VISIT,1811,Random,OnArrival,5,22,19454,Node_669,5,0,19,5,19,,,,,,,,,
20,VISIT,1812,Random,OnArrival,5,21,19454,Node_580,6,0,18,6,18,,,,,,,,,
20,VISIT,1805,Random,OnArrival,5,54,19466,Node_586,4,0,17,4,17,,,,,,,,,
20,VISIT,1806,Random,OnArrival,5,54,19466,Node_390,5,0,16,5,16,,,,,,,,,
20,VISIT,1808,Random,OnArrival,5,52,19466,Node_390,5,0,16,5,16,,,,,,,,,
20,VISIT,1810,Random,OnArrival,5,23,19470,Node_582,6,0,17,6,17,,,,,,,,,
20,VISIT,1811,Random,OnArrival,5,23,19470,Node_671,5,0,20,5,20,,,,,,,,,
20,VISIT,1812,Random,OnArrival,5,22,19470,Node_582,6,0,17,6,17,,,,,,,,,
20,VISIT,1805,Random,OnArrival,5,55,19482,Node_709,3,0,17,3,17,,,,,,,,,
20,VISIT,1806,Random,OnArrival,5,55,19482,Node_585,4,0,16,4,16,,,,,,,,,
20,VISIT,1808,Random,OnArrival,5,53,19482,Node_585,4,0,16,4,16,,,,,,,,,
20,VISIT,1809,Random,OnArrival,5,23,19486,Node_585,4,0,16,4,16,,,,,,,,,
20,VISIT,1810,Random,OnArrival,5,24,19486,Node_584,6,0,16,6,16,,,,,,,,,
20,VISIT,1812,Random,OnArrival,5,23,19486,Node_584,6,0,16,6,16,,,,,,,,,
20,VISIT,1806,Random,OnArrival,5,56,19498,Node_711,4,0,15,4,15,,,,,,,,,
20,VISIT,1808,Random,OnArrival,5,54,19498,Node_711,4,0,15,4,15,,,,,,,,,
20,VISIT,1809,Random,OnArrival,5,24,19502,Node_390,5,0,16,5,16,,,,,,,,,
20,VISIT,1810,Random,OnArrival,5,25,19502,Node_390,5,0,16,5,16,,,,,,,,,
20,VISIT,1811,Random,OnArrival,5,24,19502,Node_673,3,0,20,3,20,,,,,,,,,
20,VISIT,1812,Random,OnArrival,5,24,19502,Node_390,5,0,16,5,16,,,,,,,,,
20,VISIT,1809,Random,OnArrival,5,25,19518,Node_387,5,0,15,5,15,,,,,,,,,
20,VISIT,1810,Random,OnArrival,5,26,19518,Node_387,5,0,15,5,15,,,,,,,,,
20,VISIT,1812,Random,OnArrival,5,25,19518,Node_585,4,0,16,4,16,,,,,,,,,
20,VISIT,1805,Random,OnArrival,5,56,19529,Node_710,3,0,18,3,18,,,,,,,,,
20,VISIT,1809,Random,OnArrival,5,26,19534,Node_384,5,0,14,5,14,,,,,,,,,
20,VISIT,1810,Random,OnArrival,5,27,19534,Node_384,5,0,14,5,14,,,,,,,,,
20,VISIT,1812,Random,OnArrival,5,26,19534,Node_711,4,0,15,4,15,,,,,,,,,
20,VISIT,1805,Random,OnArrival,5,57,19544,Node_709,3,0,17,3,17,,,,,,,,,
20,VISIT,1809,Random,OnArrival,5,27,19550,Node_714,4,0,14,4,14,,,,,,,,,
20,VISIT,1810,Random,OnArrival,5,28,19550,Node_714,4,0,14,4,14,,,,,,,,,
20,VISIT,1812,Random,OnArrival,5,27,19550,Node_714,4,0,14,4,14,,,,,,,,,
20,VISIT,1805,Random,OnArrival,5,58,19559,Node_586,4,0,17,4,17,,,,,,,,,
20,VISIT,1808,Random,OnArrival,5,55,19559,Node_399,2,0,13,2,13,,,,,,,,,
20,VISIT,1809,Random,OnArrival,5,28,19565,Node_711,4,0,15,4,15,,,,,,,,,
20,VISIT,1810,Random,OnArrival,5,29,19565,Node_384,5,0,14,5,14,,,,,,,,,
20,VISIT,1812,Random,OnArrival,5,28,19565,Node_384,5,0,14,5,14,,,,,,,,,
20,VISIT,1805,Random,OnArrival,5,59,19575,Node_585,4,0,16,4,16,,,,,,,,,
20,VISIT,1808,Random,OnArrival,5,56,19575,Node_397,2,0,12,2,12,,,,,,,,,
20,VISIT,1809,Random,OnArrival,5,29,19581,Node_585,4,0,16,4,16,,,,,,,,,
20,VISIT,1805,Random,OnArrival,5,60,19591,Node_711,4,0,15,4,15,,,,,,,,,
20,VISIT,1808,Random,OnArrival,5,57,19591,Node_594,1,0,12,1,12,,,,,,,,,
20,VISIT,1809,Random,OnArrival,5,30,19597,Node_586,4,0,17,4,17,,,,,,,,,
20,VISIT,1805,Random,OnArrival,5,61,19607,Node_714,4,0,14,4,14,,,,,,,,,
20,VISIT,1808,Random,OnArrival,5,58,19607,Node_401,1,0,13,1,13,,,,,,,,,
20,VISIT,1809,Random,OnArrival,5,31,19613,Node_709,3,0,17,3,17,,,,,,,,,
20,VISIT,1805,Random,OnArrival,5,62,19623,Node_384,5,0,14,5,14,,,,,,,,,
20,VISIT,1809,Random,OnArrival,5,32,19629,Node_712,2,0,17,2,17,,,,,,,,,
20,VISIT,1810,Random,OnArrival,5,30,19629,Node_378,5,0,12,5,12,,,,,,,,,
20,VISIT,1812,Random,OnArrival,5,29,19629,Node_378,5,0,12,5,12,,,,,,,,,
20,VISIT,1805,Random,OnArrival,5,63,19638,Node_720,6,0,14,6,14,,,,,,,,,
20,VISIT,1809,Random,OnArrival,5,33,19644,Node_598,1,0,17,1,17,,,,,,,,,
20,VISIT,1805,Random,OnArrival,5,64,19654,Node_722,6,0,13,6,13,,,,,,,,,
20,VISIT,1809,Random,OnArrival,5,34,19660,Node_600,0,0,17,0,17,,,,,,,,,
20,VISIT,1810,Random,OnArrival,5,31,19660,Node_374,5,0,10,5,10,,,,,,,,,
20,VISIT,1812,Random,OnArrival,5,30,19660,Node_374,5,0,10,5,10,,,,,,,,,
20,VISIT,1805,Random,OnArrival,5,65,19669,Node_381,5,0,13,5,13,,,,,,,,,
20,VISIT,1808,Random,OnArrival,5,59,19669,Node_596,1,0,15,1,15,,,,,,,,,
20,VISIT,1809,Random,OnArrival,5,35,19675,Node_602,0,0,18,0,18,,,,,,,,,
20,VISIT,1805,Random,OnArrival,5,66,19685,Node_378,5,0,12,5,12,,,,,,,,,
20,VISIT,1808,Random,OnArrival,5,60,19685,Node_595,1,0,14,1,14,,,,,,,,,
20,VISIT,1810,Random,OnArrival,5,32,19691,Node_482,3,0,10,3,10,,,,,,,,,
20,VISIT,1812,Random,OnArrival,5,31,19691,Node_482,3,0,10,3,10,,,,,,,,,
20,VISIT,1808,Random,OnArrival,5,61,19701,Node_728,0,0,14,0,14,,,,,,,,,
20,VISIT,1810,Random,OnArrival,5,33,19707,Node_394,2,0,10,2,10,,,,,,,,,
20,VISIT,1812,Random,OnArrival,5,32,19707,Node_483,3,0,11,3,11,,,,,,,,,
20,VISIT,1805,Random,OnArrival,5,67,19717,Node_374,5,0,10,5,10,,,,,,,,,
20,VISIT,1810,Random,OnArrival,5,34,19723,Node_592,1,0,10,1,10,,,,,,,,,
20,VISIT,1812,Random,OnArrival,5,33,19723,Node_396,2,0,11,2,11,,,,,,,,,
20,VISIT,1813,Random,OnArrival,5,0,19733,Node_6,19,0,12,19,12,,,,,,,,,
20,VISIT,1814,Random,OnArrival,5,0,19733,Node_7,19,0,8,19,8,,,,,,,,,
20,VISIT,1815,Random,OnArrival,5,0,19733,Node_8,17,0,10,17,10,,,,,,,,,
20,VISIT,1816,Random,OnArrival,5,0,19733,Node_9,21,0,10,21,10,,,,,,,,,
20,VISIT,1805,Random,OnArrival,5,68,19737,Node_482,3,0,10,3,10,,,,,,,,,
20,VISIT,1810,Random,OnArrival,5,35,19737,Node_593,1,0,11,1,11,,,,,,,,,
20,VISIT,1812,Random,OnArrival,5,34,19737,Node_593,1,0,11,1,11,,,,,,,,,
20,VISIT,1813,Random,OnArrival,5,1,19737,Node_2,19,0,11,19,11,,,,,,,,,
20,VISIT,1814,Random,OnArrival,5,1,19737,Node_3,19,0,9,19,9,,,,,,,,,
20,VISIT,1815,Random,OnArrival,5,1,19737,Node_24,16,0,10,16,10,,,,,,,,,
20,VISIT,1816,Random,OnArrival,5,1,19737,Node_5,20,0,10,20,10,,,,,,,,,
20,VISIT,1805,Random,OnArrival,5,69,19742,Node_483,3,0,11,3,11,,,,,,,,,
20,VISIT,1810,Random,OnArrival,5,36,19742,Node_396,2,0,11,2,11,,,,,,,,,
20,VISIT,1812,Random,OnArrival,5,35,19742,Node_594,1,0,12,1,12,,,,,,,,,
20,VISIT,1813,Random,OnArrival,5,2,19742,Node_20,19,0,10,19,10,,,,,,,,,
20,VISIT,1814,Random,OnArrival,5,2,19742,Node_15,18,0,9,18,9,,,,,,,,,
20,VISIT,1815,Random,OnArrival,5,2,19742,Node_26,15,0,10,15,10,,,,,,,,,
20,VISIT,1816,Random,OnArrival,5,2,19742,Node_20,19,0,10,19,10,,,,,,,,,
20,VISIT,1805,Random,OnArrival,5,70,19748,Node_396,2,0,11,2,11,,,,,,,,,
20,VISIT,1810,Random,OnArrival,5,37,19748,Node_394,2,0,10,2,10,,,,,,,,,
20,VISIT,1812,Random,OnArrival,5,36,19748,Node_401,1,0,13,1,13,,,,,,,,,
20,VISIT,1813,Random,OnArrival,5,3,19748,Node_4,18,0,10,18,10,,,,,,,,,
20,VISIT,1814,Random,OnArrival,5,3,19748,Node_4,18,0,10,18,10,,,,,,,,,
20,VISIT,1815,Random,OnArrival,5,3,19748,Node_77,14,0,10,14,10,,,,,,,,,
20,VISIT,1816,Random,OnArrival,5,3,19748,Node_4,18,0,10,18,10,,,,,,,,,
20,VISIT,1805,Random,OnArrival,5,71,19754,Node_394,2,0,10,2,10,,,,,,,,,
20,VISIT,1810,Random,OnArrival,5,38,19754,Node_592,1,0,10,1,10,,,,,,,,,
20,VISIT,1812,Random,OnArrival,5,37,19754,Node_595,1,0,14,1,14,,,,,,,,,
20,VISIT,1813,Random,OnArrival,5,4,19754,Node_8,17,0,10,17,10,,,,,,,,,
20,VISIT,1814,Random,OnArrival,5,4,19754,Node_8,17,0,10,17,10,,,,,,,,,
20,VISIT,1815,Random,OnArrival,5,4,19754,Node_86,13,0,10,13,10,,,,,,,,,
20,VISIT,1816,Random,OnArrival,5,4,19754,Node_8,17,0,10,17,10,,,,,,,,,
20,VISIT,1805,Random,OnArrival,5,72,19760,Node_393,2,0,9,2,9,,,,,,,,,
20,VISIT,1810,Random,OnArrival,5,39,19760,Node_597,0,0,10,0,10,,,,,,,,,
20,VISIT,1812,Random,OnArrival,5,38,19760,Node_728,0,0,14,0,14,,,,,,,,,
20,VISIT,1813,Random,OnArrival,5,5,19760,Node_24,16,0,10,16,10,,,,,,,,,
20,VISIT,1814,Random,OnArrival,5,5,19760,Node_24,16,0,10,16,10,,,,,,,,,
20,VISIT,1815,Random,OnArrival,5,5,19760,Node_87,13,0,9,13,9,,,,,,,,,
20,VISIT,1816,Random,OnArrival,5,5,19760,Node_24,16,0,10,16,10,,,,,,,,,
20,VISIT,1805,Random,OnArrival,5,73,19767,Node_391,2,0,8,2,8,,,,,,,,,
20,VISIT,1810,Random,OnArrival,5,40,19767,Node_603,-1,0,10,-1,10,,,,,,,,,
20,VISIT,1813,Random,OnArrival,5,6,19767,Node_26,15,0,10,15,10,,,,,,,,,
20,VISIT,1814,Random,OnArrival,5,6,19767,Node_26,15,0,10,15,10,,,,,,,,,
20,VISIT,1815,Random,OnArrival,5,6,19767,Node_103,12,0,9,12,9,,,,,,,,,
20,VISIT,1816,Random,OnArrival,5,6,19767,Node_26,15,0,10,15,10,,,,,,,,,
20,VISIT,1810,Random,OnArrival,5,41,19775,Node_597,0,0,10,0,10,,,,,,,,,
20,VISIT,1812,Random,OnArrival,5,39,19775,Node_735,-2,0,14,-2,14,,,,,,,,,
20,VISIT,1813,Random,OnArrival,5,7,19775,Node_77,14,0,10,14,10,,,,,,,,,
20,VISIT,1814,Random,OnArrival,5,7,19775,Node_77,14,0,10,14,10,,,,,,,,,
20,VISIT,1815,Random,OnArrival,5,7,19775,Node_247,11,0,9,11,9,,,,,,,,,
20,VISIT,1816,Random,OnArrival,5,7,19775,Node_77,14,0,10,14,10,,,,,,,,,
20,VISIT,1810,Random,OnArrival,5,42,19783,Node_592,1,0,10,1,10,,,,,,,,,
20,VISIT,1813,Random,OnArrival,5,8,19783,Node_86,13,0,10,13,10,,,,,,,,,
20,VISIT,1814,Random,OnArrival,5,8,19783,Node_86,13,0,10,13,10,,,,,,,,,
20,VISIT,1815,Random,OnArrival,5,8,19783,Node_249,10,0,9,10,9,,,,,,,,,
20,VISIT,1816,Random,OnArrival,5,8,19783,Node_86,13,0,10,13,10,,,,,,,,,
20,VISIT,1810,Random,OnArrival,5,43,19793,Node_590,1,0,9,1,9,,,,,,,,,
20,VISIT,1812,Random,OnArrival,5,40,19793,Node_738,-3,0,15,-3,15,,,,,,,,,
20,VISIT,1813,Random,OnArrival,5,9,19793,Node_87,13,0,9,13,9,,,,,,,,,
20,VISIT,1814,Random,OnArrival,5,9,19793,Node_87,13,0,9,13,9,,,,,,,,,
20,VISIT,1815,Random,OnArrival,5,9,19793,Node_251,10,0,10,10,10,,,,,,,,,
20,VISIT,1816,Random,OnArrival,5,9,19793,Node_87,13,0,9,13,9,,,,,,,,,
20,VISIT,1810,Random,OnArrival,5,44,19803,Node_747,1,0,8,1,8,,,,,,,,,
20,VISIT,1813,Random,OnArrival,5,10,19803,Node_103,12,0,9,12,9,,,,,,,,,
20,VISIT,1814,Random,OnArrival,5,10,19803,Node_103,12,0,9,12,9,,,,,,,,,
20,VISIT,1815,Random,OnArrival,5,10,19803,Node_367,9,0,10,9,10,,,,,,,,,
20,VISIT,1816,Random,OnArrival,5,10,19803,Node_103,12,0,9,12,9,,,,,,,,,
20,VISIT,1810,Random,OnArrival,5,45,19814,Node_590,1,0,9,1,9,,,,,,,,,
20,VISIT,1813,Random,OnArrival,5,11,19814,Node_247,11,0,9,11,9,,,,,,,,,
20,VISIT,1814,Random,OnArrival,5,11,19814,Node_247,11,0,9,11,9,,,,,,,,,
20,VISIT,1815,Random,OnArrival,5,11,19814,Node_583,8,0,10,8,10,,,,,,,,,
20,VISIT,1816,Random,OnArrival,5,11,19814,Node_247,11,0,9,11,9,,,,,,,,,
20,VISIT,1810,Random,OnArrival,5,46,19826,Node_599,0,0,9,0,9,,,,,,,,,
20,VISIT,1812,Random,OnArrival,5,41,19826,Node_744,-4,0,17,-4,17,,,,,,,,,
20,VISIT,1813,Random,OnArrival,5,12,19826,Node_249,10,0,9,10,9,,,,,,,,,
20,VISIT,1814,Random,OnArrival,5,12,19826,Node_249,10,0,9,10,9,,,,,,,,,
20,VISIT,1816,Random,OnArrival,5,12,19826,Node_249,10,0,9,10,9,,,,,,,,,
20,VISIT,1810,Random,OnArrival,5,47,19839,Node_590,1,0,9,1,9,,,,,,,,,
20,VISIT,1813,Random,OnArrival,5,13,19839,Node_251,10,0,10,10,10,,,,,,,,,
20,VISIT,1814,Random,OnArrival,5,13,19839,Node_251,10,0,10,10,10,,,,,,,,,
20,VISIT,1815,Random,OnArrival,5,12,19839,Node_481,6,0,10,6,10,,,,,,,,,
20,VISIT,1816,Random,OnArrival,5,13,19839,Node_251,10,0,10,10,10,,,,,,,,,
20,VISIT,1810,Random,OnArrival,5,48,19852,Node_393,2,0,9,2,9,,,,,,,,,
20,VISIT,1813,Random,OnArrival,5,14,19852,Node_367,9,0,10,9,10,,,,,,,,,
20,VISIT,1814,Random,OnArrival,5,14,19852,Node_367,9,0,10,9,10,,,,,,,,,
20,VISIT,1815,Random,OnArrival,5,13,19852,Node_479,6,0,9,6,9,,,,,,,,,
20,VISIT,1816,Random,OnArrival,5,14,19852,Node_367,9,0,10,9,10,,,,,,,,,
20,VISIT,1810,Random,OnArrival,5,49,19867,Node_391,2,0,8,2,8,,,,,,,,,
20,VISIT,1813,Random,OnArrival,5,15,19867,Node_583,8,0,10,8,10,,,,,,,,,
20,VISIT,1814,Random,OnArrival,5,15,19867,Node_583,8,0,10,8,10,,,,,,,,,
20,VISIT,1815,Random,OnArrival,5,14,19867,Node_372,5,0,9,5,9,,,,,,,,,
20,VISIT,1816,Random,OnArrival,5,15,19867,Node_583,8,0,10,8,10,,,,,,,,,
20,VISIT,1810,Random,OnArrival,5,50,19883,Node_388,2,0,7,2,7,,,,,,,,,
20,VISIT,1813,Random,OnArrival,5,16,19899,Node_481,6,0,10,6,10,,,,,,,,,
20,VISIT,1814,Random,OnArrival,5,16,19899,Node_481,6,0,10,6,10,,,,,,,,,
20,VISIT,1816,Random,OnArrival,5,16,19899,Node_481,6,0,10,6,10,,,,,,,,,
20,VISIT,1813,Random,OnArrival,5,17,19914,Node_479,6,0,9,6,9,,,,,,,,,
20,VISIT,1814,Random,OnArrival,5,17,19914,Node_479,6,0,9,6,9,,,,,,,,,
20,VISIT,1815,Random,OnArrival,5,15,19914,Node_369,5,0,6,5,6,,,,,,,,,
20,VISIT,1816,Random,OnArrival,5,17,19914,Node_479,6,0,9,6,9,,,,,,,,,
20,VISIT,1813,Random,OnArrival,5,18,19930,Node_372,5,0,9,5,9,,,,,,,,,
20,VISIT,1814,Random,OnArrival,5,18,19930,Node_372,5,0,9,5,9,,,,,,,,,
20,VISIT,1816,Random,OnArrival,5,18,19930,Node_372,5,0,9,5,9,,,,,,,,,
20,VISIT,1815,Random,OnArrival,5,16,19946,Node_383,3,0,6,3,6,,,,,,,,,
20,VISIT,1815,Random,OnArrival,5,17,19961,Node_755,2,0,6,2,6,,,,,,,,,
20,VISIT,1812,Random,OnArrival,5,42,19976,Node_756,-7,0,20,-7,20,,,,,,,,,
20,VISIT,1813,Random,OnArrival,5,19,19976,Node_369,5,0,6,5,6,,,,,,,,,
20,VISIT,1814,Random,OnArrival,5,19,19976,Node_369,5,0,6,5,6,,,,,,,,,
20,VISIT,1816,Random,OnArrival,5,19,19976,Node_369,5,0,6,5,6,,,,,,,,,
20,VISIT,1810,Random,OnArrival,5,51,19992,Node_601,-1,0,9,-1,9,,,,,,,,,
20,VISIT,1810,Random,OnArrival,5,52,20008,Node_603,-1,0,10,-1,10,,,,,,,,,
20,VISIT,1813,Random,OnArrival,5,20,20008,Node_383,3,0,6,3,6,,,,,,,,,
20,VISIT,1814,Random,OnArrival,5,20,20008,Node_383,3,0,6,3,6,,,,,,,,,
20,VISIT,1815,Random,OnArrival,5,18,20008,Node_757,-1,0,6,-1,6,,,,,,,,,
20,VISIT,1816,Random,OnArrival,5,20,20008,Node_383,3,0,6,3,6,,,,,,,,,
20,VISIT,1810,Random,OnArrival,5,53,20024,Node_604,-2,0,10,-2,10,,,,,,,,,
20,VISIT,1814,Random,OnArrival,5,21,20024,Node_755,2,0,6,2,6,,,,,,,,,
20,VISIT,1815,Random,OnArrival,5,19,20024,Node_444,-2,0,6,-2,6,,,,,,,,,
20,VISIT,1816,Random,OnArrival,5,21,20024,Node_755,2,0,6,2,6,,,,,,,,,
20,VISIT,1813,Random,OnArrival,5,21,20039,Node_369,5,0,6,5,6,,,,,,,,,
20,VISIT,1813,Random,OnArrival,5,22,20055,Node_318,6,0,6,6,6,,,,,,,,,
20,VISIT,1813,Random,OnArrival,5,23,20071,Node_315,7,0,6,7,6,,,,,,,,,
20,VISIT,1814,Random,OnArrival,5,22,20071,Node_757,-1,0,6,-1,6,,,,,,,,,
20,VISIT,1816,Random,OnArrival,5,22,20071,Node_757,-1,0,6,-1,6,,,,,,,,,
20,VISIT,1813,Random,OnArrival,5,24,20086,Node_303,8,0,6,8,6,,,,,,,,,
20,VISIT,1814,Random,OnArrival,5,23,20086,Node_759,-1,0,7,-1,7,,,,,,,,,
20,VISIT,1816,Random,OnArrival,5,23,20086,Node_759,-1,0,7,-1,7,,,,,,,,,
20,VISIT,1813,Random,OnArrival,5,25,20102,Node_366,8,0,5,8,5,,,,,,,,,
20,VISIT,1814,Random,OnArrival,5,24,20102,Node_446,-2,0,7,-2,7,,,,,,,,,
20,VISIT,1816,Random,OnArrival,5,24,20102,Node_446,-2,0,7,-2,7,,,,,,,,,
20,VISIT,1814,Random,OnArrival,5,25,20118,Node_759,-1,0,7,-1,7,,,,,,,,,
20,VISIT,1816,Random,OnArrival,5,25,20118,Node_759,-1,0,7,-1,7,,,,,,,,,
20,VISIT,1814,Random,OnArrival,5,26,20133,Node_760,-1,0,8,-1,8,,,,,,,,,
20,VISIT,1816,Random,OnArrival,5,26,20133,Node_760,-1,0,8,-1,8,,,,,,,,,
20,VISIT,1813,Random,OnArrival,5,26,20149,Node_317,8,0,2,8,2,,,,,,,,,
20,VISIT,1814,Random,OnArrival,5,27,20149,Node_449,-2,0,8,-2,8,,,,,,,,,
20,VISIT,1816,Random,OnArrival,5,27,20149,Node_449,-2,0,8,-2,8,,,,,,,,,
20,VISIT,1814,Random,OnArrival,5,28,20164,Node_446,-2,0,7,-2,7,,,,,,,,,
20,VISIT,1816,Random,OnArrival,5,28,20164,Node_446,-2,0,7,-2,7,,,,,,,,,
20,VISIT,1813,Random,OnArrival,5,27,20180,Node_463,6,0,2,6,2,,,,,,,,,
20,VISIT,1814,Random,OnArrival,5,29,20180,Node_444,-2,0,6,-2,6,,,,,,,,,
20,VISIT,1816,Random,OnArrival,5,29,20180,Node_444,-2,0,6,-2,6,,,,,,,,,
20,VISIT,1813,Random,OnArrival,5,28,20210,Node_459,6,0,0,6,0,,,,,,,,,
20,VISIT,1814,Random,OnArrival,5,30,20210,Node_440,-2,0,4,-2,4,,,,,,,,,
20,VISIT,1816,Random,OnArrival,5,30,20210,Node_440,-2,0,4,-2,4,,,,,,,,,
20,VISIT,1813,Random,OnArrival,5,29,20258,Node_404,3,0,0,3,0,,,,,,,,,
20,VISIT,1817,Random,OnArrival,5,0,20265,Node_6,19,0,12,19,12,,,,,,,,,
20,VISIT,1818,Random,OnArrival,5,0,20265,Node_7,19,0,8,19,8,,,,,,,,,
20,VISIT,1819,Random,OnArrival,5,0,20265,Node_8,17,0,10,17,10,,,,,,,,,
20,VISIT,1820,Random,OnArrival,5,0,20265,Node_9,21,0,10,21,10,,,,,,,,,
20,VISIT,1817,Random,OnArrival,5,1,20269,Node_2,19,0,11,19,11,,,,,,,,,
20,VISIT,1818,Random,OnArrival,5,1,20269,Node_11,18,0,8,18,8,,,,,,,,,
20,VISIT,1819,Random,OnArrival,5,1,20269,Node_24,16,0,10,16,10,,,,,,,,,
20,VISIT,1820,Random,OnArrival,5,1,20269,Node_5,20,0,10,20,10,,,,,,,,,
20,VISIT,1814,Random,OnArrival,5,31,20274,Node_416,-3,0,0,-3,0,,,,,,,,,
20,VISIT,1816,Random,OnArrival,5,31,20274,Node_416,-3,0,0,-3,0,,,,,,,,,
20,VISIT,1817,Random,OnArrival,5,2,20274,Node_20,19,0,10,19,10,,,,,,,,,
20,VISIT,1818,Random,OnArrival,5,2,20274,Node_126,17,0,8,17,8,,,,,,,,,
20,VISIT,1819,Random,OnArrival,5,2,20274,Node_26,15,0,10,15,10,,,,,,,,,
20,VISIT,1820,Random,OnArrival,5,2,20274,Node_20,19,0,10,19,10,,,,,,,,,
20,VISIT,1813,Random,OnArrival,5,30,20279,Node_428,0,0,0,0,0,,,,,,,,,
20,VISIT,1817,Random,OnArrival,5,3,20279,Node_4,18,0,10,18,10,,,,,,,,,
20,VISIT,1818,Random,OnArrival,5,3,20279,Node_206,17,0,7,17,7,,,,,,,,,
20,VISIT,1819,Random,OnArrival,5,3,20279,Node_77,14,0,10,14,10,,,,,,,,,
20,VISIT,1820,Random,OnArrival,5,3,20279,Node_4,18,0,10,18,10,,,,,,,,,
20,VISIT,1813,Random,OnArrival,5,31,20285,Node_431,0,0,1,0,1,,,,,,,,,
20,VISIT,1817,Random,OnArrival,5,4,20285,Node_8,17,0,10,17,10,,,,,,,,,
20,VISIT,1818,Random,OnArrival,5,4,20285,Node_146,16,0,7,16,7,,,,,,,,,
20,VISIT,1819,Random,OnArrival,5,4,20285,Node_86,13,0,10,13,10,,,,,,,,,
20,VISIT,1820,Random,OnArrival,5,4,20285,Node_8,17,0,10,17,10,,,,,,,,,
20,VISIT,1813,Random,OnArrival,5,32,20291,Node_433,-1,0,1,-1,1,,,,,,,,,
20,VISIT,1817,Random,OnArrival,5,5,20291,Node_24,16,0,10,16,10,,,,,,,,,
20,VISIT,1818,Random,OnArrival,5,5,20291,Node_143,16,0,6,16,6,,,,,,,,,
20,VISIT,1819,Random,OnArrival,5,5,20291,Node_87,13,0,9,13,9,,,,,,,,,
20,VISIT,1820,Random,OnArrival,5,5,20291,Node_24,16,0,10,16,10,,,,,,,,,
20,VISIT,1817,Random,OnArrival,5,6,20298,Node_26,15,0,10,15,10,,,,,,,,,
20,VISIT,1818,Random,OnArrival,5,6,20298,Node_207,15,0,6,15,6,,,,,,,,,
20,VISIT,1819,Random,OnArrival,5,6,20298,Node_103,12,0,9,12,9,,,,,,,,,
20,VISIT,1820,Random,OnArrival,5,6,20298,Node_26,15,0,10,15,10,,,,,,,,,
20,VISIT,1813,Random,OnArrival,5,33,20306,Node_778,-3,0,1,-3,1,,,,,,,,,
20,VISIT,1817,Random,OnArrival,5,7,20306,Node_77,14,0,10,14,10,,,,,,,,,
20,VISIT,1818,Random,OnArrival,5,7,20306,Node_117,14,0,6,14,6,,,,,,,,,
20,VISIT,1819,Random,OnArrival,5,7,20306,Node_247,11,0,9,11,9,,,,,,,,,
20,VISIT,1820,Random,OnArrival,5,7,20306,Node_77,14,0,10,14,10,,,,,,,,,
20,VISIT,1813,Random,OnArrival,5,34,20315,Node_777,-3,0,2,-3,2,,,,,,,,,
20,VISIT,1817,Random,OnArrival,5,8,20315,Node_86,13,0,10,13,10,,,,,,,,,
20,VISIT,1818,Random,OnArrival,5,8,20315,Node_92,13,0,6,13,6,,,,,,,,,
20,VISIT,1819,Random,OnArrival,5,8,20315,Node_249,10,0,9,10,9,,,,,,,,,
20,VISIT,1820,Random,OnArrival,5,8,20315,Node_86,13,0,10,13,10,,,,,,,,,
20,VISIT,1817,Random,OnArrival,5,9,20324,Node_87,13,0,9,13,9,,,,,,,,,
20,VISIT,1818,Random,OnArrival,5,9,20324,Node_94,13,0,5,13,5,,,,,,,,,
20,VISIT,1819,Random,OnArrival,5,9,20324,Node_251,10,0,10,10,10,,,,,,,,,
20,VISIT,1820,Random,OnArrival,5,9,20324,Node_87,13,0,9,13,9,,,,,,,,,
20,VISIT,1817,Random,OnArrival,5,10,20334,Node_103,12,0,9,12,9,,,,,,,,,
20,VISIT,1818,Random,OnArrival,5,10,20334,Node_97,12,0,5,12,5,,,,,,,,,
20,VISIT,1819,Random,OnArrival,5,10,20334,Node_367,9,0,10,9,10,,,,,,,,,
20,VISIT,1820,Random,OnArrival,5,10,20334,Node_103,12,0,9,12,9,,,,,,,,,
20,VISIT,1817,Random,OnArrival,5,11,20344,Node_247,11,0,9,11,9,,,,,,,,,
20,VISIT,1818,Random,OnArrival,5,11,20344,Node_122,11,0,5,11,5,,,,,,,,,
20,VISIT,1819,Random,OnArrival,5,11,20344,Node_583,8,0,10,8,10,,,,,,,,,
20,VISIT,1820,Random,OnArrival,5,11,20344,Node_247,11,0,9,11,9,,,,,,,,,
20,VISIT,1817,Random,OnArrival,5,12,20356,Node_249,10,0,9,10,9,,,,,,,,,
20,VISIT,1818,Random,OnArrival,5,12,20356,Node_230,10,0,5,10,5,,,,,,,,,
20,VISIT,1820,Random,OnArrival,5,12,20356,Node_249,10,0,9,10,9,,,,,,,,,
20,VISIT,1817,Random,OnArrival,5,13,20369,Node_251,10,0,10,10,10,,,,,,,,,
20,VISIT,1818,Random,OnArrival,5,13,20369,Node_297,9,0,5,9,5,,,,,,,,,
20,VISIT,1819,Random,OnArrival,5,12,20369,Node_481,6,0,10,6,10,,,,,,,,,
20,VISIT,1820,Random,OnArrival,5,13,20369,Node_251,10,0,10,10,10,,,,,,,,,
20,VISIT,1817,Random,OnArrival,5,14,20382,Node_367,9,0,10,9,10,,,,,,,,,
20,VISIT,1818,Random,OnArrival,5,14,20382,Node_366,8,0,5,8,5,,,,,,,,,
20,VISIT,1819,Random,OnArrival,5,13,20382,Node_479,6,0,9,6,9,,,,,,,,,
20,VISIT,1820,Random,OnArrival,5,14,20382,Node_367,9,0,10,9,10,,,,,,,,,
20,VISIT,1817,Random,OnArrival,5,15,20395,Node_583,8,0,10,8,10,,,,,,,,,
20,VISIT,1819,Random,OnArrival,5,14,20395,Node_372,5,0,9,5,9,,,,,,,,,
20,VISIT,1820,Random,OnArrival,5,15,20395,Node_583,8,0,10,8,10,,,,,,,,,
20,VISIT,1817,Random,OnArrival,5,16,20425,Node_481,6,0,10,6,10,,,,,,,,,
20,VISIT,1818,Random,OnArrival,5,15,20425,Node_317,8,0,2,8,2,,,,,,,,,
20,VISIT,1820,Random,OnArrival,5,16,20425,Node_481,6,0,10,6,10,,,,,,,,,
20,VISIT,1817,Random,OnArrival,5,17,20440,Node_479,6,0,9,6,9,,,,,,,,,
20,VISIT,1819,Random,OnArrival,5,15,20440,Node_369,5,0,6,5,6,,,,,,,,,
20,VISIT,1820,Random,OnArrival,5,17,20440,Node_479,6,0,9,6,9,,,,,,,,,
20,VISIT,1817,Random,OnArrival,5,18,20455,Node_372,5,0,9,5,9,,,,,,,,,
20,VISIT,1818,Random,OnArrival,5,16,20455,Node_463,6,0,2,6,2,,,,,,,,,
20,VISIT,1819,Random,OnArrival,5,16,20455,Node_322,5,0,5,5,5,,,,,,,,,
20,VISIT,1820,Random,OnArrival,5,18,20455,Node_372,5,0,9,5,9,,,,,,,,,
20,VISIT,1813,Random,OnArrival,5,35,20470,Node_791,-10,0,-1,-10,-1,,,,,,,,,
20,VISIT,1818,Random,OnArrival,5,17,20470,Node_466,6,0,3,6,3,,,,,,,,,
20,VISIT,1818,Random,OnArrival,5,18,20485,Node_468,5,0,3,5,3,,,,,,,,,
20,VISIT,1819,Random,OnArrival,5,17,20485,Node_468,5,0,3,5,3,,,,,,,,,
20,VISIT,1817,Random,OnArrival,5,19,20499,Node_369,5,0,6,5,6,,,,,,,,,
20,VISIT,1820,Random,OnArrival,5,19,20499,Node_369,5,0,6,5,6,,,,,,,,,
20,VISIT,1813,Random,OnArrival,5,36,20513,Node_792,-10,0,2,-10,2,,,,,,,,,
20,VISIT,1817,Random,OnArrival,5,20,20513,Node_322,5,0,5,5,5,,,,,,,,,
20,VISIT,1818,Random,OnArrival,5,19,20513,Node_405,3,0,3,3,3,,,,,,,,,
20,VISIT,1819,Random,OnArrival,5,18,20513,Node_405,3,0,3,3,3,,,,,,,,,
20,VISIT,1820,Random,OnArrival,5,20,20513,Node_322,5,0,5,5,5,,,,,,,,,
20,VISIT,1813,Random,OnArrival,5,37,20543,Node_793,-10,0,4,-10,4,,,,,,,,,
20,VISIT,1816,Random,OnArrival,5,32,20543,Node_792,-10,0,2,-10,2,,,,,,,,,
20,VISIT,1817,Random,OnArrival,5,21,20543,Node_468,5,0,3,5,3,,,,,,,,,
20,VISIT,1820,Random,OnArrival,5,21,20543,Node_468,5,0,3,5,3,,,,,,,,,
20,VISIT,1813,Random,OnArrival,5,38,20573,Node_792,-10,0,2,-10,2,,,,,,,,,
20,VISIT,1817,Random,OnArrival,5,22,20573,Node_405,3,0,3,3,3,,,,,,,,,
20,VISIT,1820,Random,OnArrival,5,22,20573,Node_405,3,0,3,3,3,,,,,,,,,
20,VISIT,1820,Random,OnArrival,5,23,20588,Node_794,3,0,4,3,4,,,,,,,,,
20,VISIT,1818,Random,OnArrival,5,20,20603,Node_436,-1,0,3,-1,3,,,,,,,,,
20,VISIT,1819,Random,OnArrival,5,19,20603,Node_436,-1,0,3,-1,3,,,,,,,,,
20,VISIT,1813,Random,OnArrival,5,39,20618,Node_797,-7,0,2,-7,2,,,,,,,,,
20,VISIT,1817,Random,OnArrival,5,23,20618,Node_404,3,0,0,3,0,,,,,,,,,
20,VISIT,1818,Random,OnArrival,5,21,20618,Node_438,-1,0,4,-1,4,,,,,,,,,
20,VISIT,1820,Random,OnArrival,5,24,20618,Node_795,1,0,4,1,4,,,,,,,,,
20,VISIT,1818,Random,OnArrival,5,22,20633,Node_440,-2,0,4,-2,4,,,,,,,,,
20,VISIT,1819,Random,OnArrival,5,20,20633,Node_433,-1,0,1,-1,1,,,,,,,,,
20,VISIT,1820,Random,OnArrival,5,25,20633,Node_796,1,0,3,1,3,,,,,,,,,
20,VISIT,1813,Random,OnArrival,5,40,20648,Node_798,-7,0,4,-7,4,,,,,,,,,
20,VISIT,1817,Random,OnArrival,5,24,20663,Node_428,0,0,0,0,0,,,,,,,,,
20,VISIT,1818,Random,OnArrival,5,23,20663,Node_444,-2,0,6,-2,6,,,,,,,,,
20,VISIT,1819,Random,OnArrival,5,21,20663,Node_778,-3,0,1,-3,1,,,,,,,,,
20,VISIT,1820,Random,OnArrival,5,26,20663,Node_436,-1,0,3,-1,3,,,,,,,,,
20,VISIT,1817,Random,OnArrival,5,25,20678,Node_431,0,0,1,0,1,,,,,,,,,
20,VISIT,1819,Random,OnArrival,5,22,20678,Node_416,-3,0,0,-3,0,,,,,,,,,
20,VISIT,1817,Random,OnArrival,5,26,20693,Node_433,-1,0,1,-1,1,,,,,,,,,
20,VISIT,1818,Random,OnArrival,5,24,20693,Node_765,-4,0,6,-4,6,,,,,,,,,
20,VISIT,1820,Random,OnArrival,5,27,20693,Node_433,-1,0,1,-1,1,,,,,,,,,
20,VISIT,1813,Random,OnArrival,5,41,20708,Node_776,-3,0,4,-3,4,,,,,,,,,
20,VISIT,1817,Random,OnArrival,5,27,20723,Node_436,-1,0,3,-1,3,,,,,,,,,
20,VISIT,1819,Random,OnArrival,5,23,20723,Node_415,-3,0,-3,-3,-3,,,,,,,,,
20,VISIT,1820,Random,OnArrival,5,28,20723,Node_778,-3,0,1,-3,1,,,,,,,,,
20,VISIT,1818,Random,OnArrival,5,25,20738,Node_775,-5,0,8,-5,8,,,,,,,,,
20,VISIT,1820,Random,OnArrival,5,29,20738,Node_777,-3,0,2,-3,2,,,,,,,,,
20,VISIT,1817,Random,OnArrival,5,28,20753,Node_433,-1,0,1,-1,1,,,,,,,,,
20,VISIT,1818,Random,OnArrival,5,26,20753,Node_768,-4,0,8,-4,8,,,,,,,,,
20,VISIT,1819,Random,OnArrival,5,24,20753,Node_780,-5,0,-3,-5,-3,,,,,,,,,
20,VISIT,1813,Random,OnArrival,5,42,20768,Node_798,-7,0,4,-7,4,,,,,,,,,
20,VISIT,1818,Random,OnArrival,5,27,20768,Node_775,-5,0,8,-5,8,,,,,,,,,
20,VISIT,1819,Random,OnArrival,5,25,20768,Node_781,-6,0,-3,-6,-3,,,,,,,,,
20,VISIT,1821,Random,OnArrival,5,0,20773,Node_6,19,0,12,19,12,,,,,,,,,
20,VISIT,1822,Random,OnArrival,5,0,20773,Node_7,19,0,8,19,8,,,,,,,,,
20,VISIT,1823,Random,OnArrival,5,0,20773,Node_8,17,0,10,17,10,,,,,,,,,
20,VISIT,1824,Random,OnArrival,5,0,20773,Node_9,21,0,10,21,10,,,,,,,,,
20,VISIT,1813,Random,OnArrival,5,43,20777,Node_799,-7,0,5,-7,5,,,,,,,,,
20,VISIT,1817,Random,OnArrival,5,29,20777,Node_778,-3,0,1,-3,1,,,,,,,,,
20,VISIT,1818,Random,OnArrival,5,28,20777,Node_774,-5,0,9,-5,9,,,,,,,,,
20,VISIT,1820,Random,OnArrival,5,30,20777,Node_783,-6,0,2,-6,2,,,,,,,,,
20,VISIT,1821,Random,OnArrival,5,1,20777,Node_2,19,0,11,19,11,,,,,,,,,
20,VISIT,1822,Random,OnArrival,5,1,20777,Node_11,18,0,8,18,8,,,,,,,,,
20,VISIT,1823,Random,OnArrival,5,1,20777,Node_24,16,0,10,16,10,,,,,,,,,
20,VISIT,1824,Random,OnArrival,5,1,20777,Node_5,20,0,10,20,10,,,,,,,,,
20,VISIT,1817,Random,OnArrival,5,30,20781,Node_416,-3,0,0,-3,0,,,,,,,,,
20,VISIT,1818,Random,OnArrival,5,29,20781,Node_769,-4,0,9,-4,9,,,,,,,,,
20,VISIT,1819,Random,OnArrival,5,26,20781,Node_782,-6,0,-5,-6,-5,,,,,,,,,
20,VISIT,1820,Random,OnArrival,5,31,20781,Node_797,-7,0,2,-7,2,,,,,,,,,
20,VISIT,1821,Random,OnArrival,5,2,20781,Node_20,19,0,10,19,10,,,,,,,,,
20,VISIT,1822,Random,OnArrival,5,2,20781,Node_126,17,0,8,17,8,,,,,,,,,
20,VISIT,1823,Random,OnArrival,5,2,20781,Node_26,15,0,10,15,10,,,,,,,,,
20,VISIT,1824,Random,OnArrival,5,2,20781,Node_20,19,0,10,19,10,,,,,,,,,
20,VISIT,1818,Random,OnArrival,5,30,20785,Node_770,-4,0,10,-4,10,,,,,,,,,
20,VISIT,1820,Random,OnArrival,5,32,20785,Node_783,-6,0,2,-6,2,,,,,,,,,
20,VISIT,1821,Random,OnArrival,5,3,20785,Node_4,18,0,10,18,10,,,,,,,,,
20,VISIT,1822,Random,OnArrival,5,3,20785,Node_206,17,0,7,17,7,,,,,,,,,
20,VISIT,1823,Random,OnArrival,5,3,20785,Node_77,14,0,10,14,10,,,,,,,,,
20,VISIT,1824,Random,OnArrival,5,3,20785,Node_4,18,0,10,18,10,,,,,,,,,
20,VISIT,1818,Random,OnArrival,5,31,20789,Node_773,-5,0,10,-5,10,,,,,,,,,
20,VISIT,1821,Random,OnArrival,5,4,20789,Node_8,17,0,10,17,10,,,,,,,,,
20,VISIT,1822,Random,OnArrival,5,4,20789,Node_146,16,0,7,16,7,,,,,,,,,
20,VISIT,1823,Random,OnArrival,5,4,20789,Node_86,13,0,10,13,10,,,,,,,,,
20,VISIT,1824,Random,OnArrival,5,4,20789,Node_8,17,0,10,17,10,,,,,,,,,
20,VISIT,1817,Random,OnArrival,5,31,20793,Node_415,-3,0,-3,-3,-3,,,,,,,,,
20,VISIT,1820,Random,OnArrival,5,33,20793,Node_784,-6,0,0,-6,0,,,,,,,,,
20,VISIT,1821,Random,OnArrival,5,5,20793,Node_24,16,0,10,16,10,,,,,,,,,
20,VISIT,1822,Random,OnArrival,5,5,20793,Node_143,16,0,6,16,6,,,,,,,,,
20,VISIT,1823,Random,OnArrival,5,5,20793,Node_87,13,0,9,13,9,,,,,,,,,
20,VISIT,1824,Random,OnArrival,5,5,20793,Node_24,16,0,10,16,10,,,,,,,,,
20,VISIT,1819,Random,OnArrival,5,27,20797,Node_786,-10,0,-5,-10,-5,,,,,,,,,
20,VISIT,1820,Random,OnArrival,5,34,20797,Node_779,-5,0,0,-5,0,,,,,,,,,
20,VISIT,1821,Random,OnArrival,5,6,20797,Node_26,15,0,10,15,10,,,,,,,,,
20,VISIT,1822,Random,OnArrival,5,6,20797,Node_207,15,0,6,15,6,,,,,,,,,
20,VISIT,1823,Random,OnArrival,5,6,20797,Node_103,12,0,9,12,9,,,,,,,,,
20,VISIT,1824,Random,OnArrival,5,6,20797,Node_26,15,0,10,15,10,,,,,,,,,
20,VISIT,1820,Random,OnArrival,5,35,20801,Node_784,-6,0,0,-6,0,,,,,,,,,
20,VISIT,1821,Random,OnArrival,5,7,20801,Node_77,14,0,10,14,10,,,,,,,,,
20,VISIT,1822,Random,OnArrival,5,7,20801,Node_117,14,0,6,14,6,,,,,,,,,
20,VISIT,1823,Random,OnArrival,5,7,20801,Node_247,11,0,9,11,9,,,,,,,,,
20,VISIT,1824,Random,OnArrival,5,7,20801,Node_77,14,0,10,14,10,,,,,,,,,
20,VISIT,1817,Random,OnArrival,5,32,20805,Node_416,-3,0,0,-3,0,,,,,,,,,
20,VISIT,1821,Random,OnArrival,5,8,20805,Node_86,13,0,10,13,10,,,,,,,,,
20,VISIT,1822,Random,OnArrival,5,8,20805,Node_92,13,0,6,13,6,,,,,,,,,
20,VISIT,1823,Random,OnArrival,5,8,20805,Node_249,10,0,9,10,9,,,,,,,,,
20,VISIT,1824,Random,OnArrival,5,8,20805,Node_86,13,0,10,13,10,,,,,,,,,
20,VISIT,1820,Random,OnArrival,5,36,20810,Node_783,-6,0,2,-6,2,,,,,,,,,
20,VISIT,1821,Random,OnArrival,5,9,20810,Node_87,13,0,9,13,9,,,,,,,,,
20,VISIT,1822,Random,OnArrival,5,9,20810,Node_101,12,0,6,12,6,,,,,,,,,
20,VISIT,1823,Random,OnArrival,5,9,20810,Node_251,10,0,10,10,10,,,,,,,,,
20,VISIT,1824,Random,OnArrival,5,9,20810,Node_87,13,0,9,13,9,,,,,,,,,
20,VISIT,1817,Random,OnArrival,5,33,20815,Node_779,-5,0,0,-5,0,,,,,,,,,
20,VISIT,1819,Random,OnArrival,5,28,20815,Node_791,-10,0,-1,-10,-1,,,,,,,,,
20,VISIT,1820,Random,OnArrival,5,37,20815,Node_797,-7,0,2,-7,2,,,,,,,,,
20,VISIT,1821,Random,OnArrival,5,10,20815,Node_103,12,0,9,12,9,,,,,,,,,
20,VISIT,1822,Random,OnArrival,5,10,20815,Node_121,11,0,6,11,6,,,,,,,,,
20,VISIT,1823,Random,OnArrival,5,10,20815,Node_367,9,0,10,9,10,,,,,,,,,
20,VISIT,1824,Random,OnArrival,5,10,20815,Node_103,12,0,9,12,9,,,,,,,,,
20,VISIT,1817,Random,OnArrival,5,34,20821,Node_784,-6,0,0,-6,0,,,,,,,,,
20,VISIT,1821,Random,OnArrival,5,11,20821,Node_247,11,0,9,11,9,,,,,,,,,
20,VISIT,1822,Random,OnArrival,5,11,20821,Node_228,10,0,6,10,6,,,,,,,,,
20,VISIT,1823,Random,OnArrival,5,11,20821,Node_583,8,0,10,8,10,,,,,,,,,
20,VISIT,1824,Random,OnArrival,5,11,20821,Node_247,11,0,9,11,9,,,,,,,,,
20,VISIT,1817,Random,OnArrival,5,35,20828,Node_785,-7,0,0,-7,0,,,,,,,,,
20,VISIT,1819,Random,OnArrival,5,29,20828,Node_790,-8,0,-1,-8,-1,,,,,,,,,
20,VISIT,1820,Random,OnArrival,5,38,20828,Node_798,-7,0,4,-7,4,,,,,,,,,
20,VISIT,1821,Random,OnArrival,5,12,20828,Node_249,10,0,9,10,9,,,,,,,,,
20,VISIT,1822,Random,OnArrival,5,12,20828,Node_300,9,0,6,9,6,,,,,,,,,
20,VISIT,1824,Random,OnArrival,5,12,20828,Node_249,10,0,9,10,9,,,,,,,,,
20,VISIT,1817,Random,OnArrival,5,36,20837,Node_787,-7,0,-1,-7,-1,,,,,,,,,
20,VISIT,1819,Random,OnArrival,5,30,20837,Node_787,-7,0,-1,-7,-1,,,,,,,,,
20,VISIT,1820,Random,OnArrival,5,39,20837,Node_799,-7,0,5,-7,5,,,,,,,,,
20,VISIT,1821,Random,OnArrival,5,13,20837,Node_251,10,0,10,10,10,,,,,,,,,
20,VISIT,1822,Random,OnArrival,5,13,20837,Node_303,8,0,6,8,6,,,,,,,,,
20,VISIT,1823,Random,OnArrival,5,12,20837,Node_481,6,0,10,6,10,,,,,,,,,
20,VISIT,1824,Random,OnArrival,5,13,20837,Node_251,10,0,10,10,10,,,,,,,,,
20,VISIT,1817,Random,OnArrival,5,37,20845,Node_790,-8,0,-1,-8,-1,,,,,,,,,
20,VISIT,1819,Random,OnArrival,5,31,20845,Node_788,-7,0,-2,-7,-2,,,,,,,,,
20,VISIT,1820,Random,OnArrival,5,40,20845,Node_808,-8,0,5,-8,5,,,,,,,,,
20,VISIT,1821,Random,OnArrival,5,14,20845,Node_367,9,0,10,9,10,,,,,,,,,
20,VISIT,1822,Random,OnArrival,5,14,20845,Node_315,7,0,6,7,6,,,,,,,,,
20,VISIT,1823,Random,OnArrival,5,13,20845,Node_479,6,0,9,6,9,,,,,,,,,
20,VISIT,1824,Random,OnArrival,5,14,20845,Node_367,9,0,10,9,10,,,,,,,,,
20,VISIT,1817,Random,OnArrival,5,38,20854,Node_789,-8,0,-2,-8,-2,,,,,,,,,
20,VISIT,1819,Random,OnArrival,5,32,20854,Node_789,-8,0,-2,-8,-2,,,,,,,,,
20,VISIT,1821,Random,OnArrival,5,15,20854,Node_583,8,0,10,8,10,,,,,,,,,
20,VISIT,1822,Random,OnArrival,5,15,20854,Node_318,6,0,6,6,6,,,,,,,,,
20,VISIT,1823,Random,OnArrival,5,14,20854,Node_372,5,0,9,5,9,,,,,,,,,
20,VISIT,1824,Random,OnArrival,5,15,20854,Node_583,8,0,10,8,10,,,,,,,,,
20,VISIT,1820,Random,OnArrival,5,41,20863,Node_810,-9,0,6,-9,6,,,,,,,,,
20,VISIT,1822,Random,OnArrival,5,16,20863,Node_369,5,0,6,5,6,,,,,,,,,
20,VISIT,1817,Random,OnArrival,5,39,20877,Node_789,-8,0,-2,-8,-2,,,,,,,,,
20,VISIT,1819,Random,OnArrival,5,33,20877,Node_789,-8,0,-2,-8,-2,,,,,,,,,
20,VISIT,1821,Random,OnArrival,5,16,20877,Node_481,6,0,10,6,10,,,,,,,,,
20,VISIT,1824,Random,OnArrival,5,16,20877,Node_481,6,0,10,6,10,,,,,,,,,
20,VISIT,1817,Random,OnArrival,5,40,20888,Node_790,-8,0,-1,-8,-1,,,,,,,,,
20,VISIT,1819,Random,OnArrival,5,34,20888,Node_790,-8,0,-1,-8,-1,,,,,,,,,
20,VISIT,1821,Random,OnArrival,5,17,20888,Node_479,6,0,9,6,9,,,,,,,,,
20,VISIT,1822,Random,OnArrival,5,17,20888,Node_383,3,0,6,3,6,,,,,,,,,
20,VISIT,1823,Random,OnArrival,5,15,20888,Node_369,5,0,6,5,6,,,,,,,,,
20,VISIT,1824,Random,OnArrival,5,17,20888,Node_479,6,0,9,6,9,,,,,,,,,
20,VISIT,1820,Random,OnArrival,5,42,20900,Node_804,-10,0,8,-10,8,,,,,,,,,
20,VISIT,1821,Random,OnArrival,5,18,20900,Node_372,5,0,9,5,9,,,,,,,,,
20,VISIT,1822,Random,OnArrival,5,18,20900,Node_755,2,0,6,2,6,,,,,,,,,
20,VISIT,1824,Random,OnArrival,5,18,20900,Node_372,5,0,9,5,9,,,,,,,,,
20,VISIT,1817,Random,OnArrival,5,41,20912,Node_791,-10,0,-1,-10,-1,,,,,,,,,
20,VISIT,1819,Random,OnArrival,5,35,20912,Node_791,-10,0,-1,-10,-1,,,,,,,,,
20,VISIT,1823,Random,OnArrival,5,16,20912,Node_383,3,0,6,3,6,,,,,,,,,
20,VISIT,1823,Random,OnArrival,5,17,20927,Node_755,2,0,6,2,6,,,,,,,,,
20,VISIT,1820,Random,OnArrival,5,43,20942,Node_802,-7,0,8,-7,8,,,,,,,,,
20,VISIT,1821,Random,OnArrival,5,19,20942,Node_369,5,0,6,5,6,,,,,,,,,
20,VISIT,1822,Random,OnArrival,5,19,20942,Node_757,-1,0,6,-1,6,,,,,,,,,
20,VISIT,1824,Random,OnArrival,5,19,20942,Node_369,5,0,6,5,6,,,,,,,,,
20,VISIT,1817,Random,OnArrival,5,42,20956,Node_792,-10,0,2,-10,2,,,,,,,,,
20,VISIT,1819,Random,OnArrival,5,36,20956,Node_792,-10,0,2,-10,2,,,,,,,,,
20,VISIT,1820,Random,OnArrival,5,44,20956,Node_801,-7,0,7,-7,7,,,,,,,,,
20,VISIT,1822,Random,OnArrival,5,20,20956,Node_444,-2,0,6,-2,6,,,,,,,,,
20,VISIT,1821,Random,OnArrival,5,20,20971,Node_383,3,0,6,3,6,,,,,,,,,
20,VISIT,1823,Random,OnArrival,5,18,20971,Node_757,-1,0,6,-1,6,,,,,,,,,
20,VISIT,1824,Random,OnArrival,5,20,20971,Node_383,3,0,6,3,6,,,,,,,,,
20,VISIT,1821,Random,OnArrival,5,21,20986,Node_755,2,0,6,2,6,,,,,,,,,
20,VISIT,1822,Random,OnArrival,5,21,20986,Node_765,-4,0,6,-4,6,,,,,,,,,
20,VISIT,1823,Random,OnArrival,5,19,20986,Node_444,-2,0,6,-2,6,,,,,,,,,
20,VISIT,1824,Random,OnArrival,5,21,20986,Node_755,2,0,6,2,6,,,,,,,,,
20,VISIT,1817,Random,OnArrival,5,43,21001,Node_797,-7,0,2,-7,2,,,,,,,,,
20,VISIT,1819,Random,OnArrival,5,37,21001,Node_797,-7,0,2,-7,2,,,,,,,,,
20,VISIT,1820,Random,OnArrival,5,45,21001,Node_800,-7,0,6,-7,6,,,,,,,,,
20,VISIT,1822,Random,OnArrival,5,22,21001,Node_803,-5,0,6,-5,6,,,,,,,,,
20,VISIT,1820,Random,OnArrival,5,46,21016,Node_809,-8,0,6,-8,6,,,,,,,,,
20,VISIT,1822,Random,OnArrival,5,23,21016,Node_820,-6,0,6,-6,6,,,,,,,,,
20,VISIT,1823,Random,OnArrival,5,20,21016,Node_765,-4,0,6,-4,6,,,,,,,,,
20,VISIT,1817,Random,OnArrival,5,44,21031,Node_798,-7,0,4,-7,4,,,,,,,,,
20,VISIT,1819,Random,OnArrival,5,38,21031,Node_798,-7,0,4,-7,4,,,,,,,,,
20,VISIT,1820,Random,OnArrival,5,47,21031,Node_800,-7,0,6,-7,6,,,,,,,,,
20,VISIT,1821,Random,OnArrival,5,22,21031,Node_757,-1,0,6,-1,6,,,,,,,,,
20,VISIT,1822,Random,OnArrival,5,24,21031,Node_803,-5,0,6,-5,6,,,,,,,,,
20,VISIT,1823,Random,OnArrival,5,21,21031,Node_767,-4,0,7,-4,7,,,,,,,,,
20,VISIT,1824,Random,OnArrival,5,22,21031,Node_757,-1,0,6,-1,6,,,,,,,,,
20,VISIT,1817,Random,OnArrival,5,45,21046,Node_799,-7,0,5,-7,5,,,,,,,,,
20,VISIT,1819,Random,OnArrival,5,39,21046,Node_799,-7,0,5,-7,5,,,,,,,,,
20,VISIT,1820,Random,OnArrival,5,48,21046,Node_801,-7,0,7,-7,7,,,,,,,,,
20,VISIT,1821,Random,OnArrival,5,23,21046,Node_444,-2,0,6,-2,6,,,,,,,,,
20,VISIT,1822,Random,OnArrival,5,25,21046,Node_805,-5,0,7,-5,7,,,,,,,,,
20,VISIT,1823,Random,OnArrival,5,22,21046,Node_805,-5,0,7,-5,7,,,,,,,,,
20,VISIT,1824,Random,OnArrival,5,23,21046,Node_444,-2,0,6,-2,6,,,,,,,,,
20,VISIT,1817,Random,OnArrival,5,46,21061,Node_800,-7,0,6,-7,6,,,,,,,,,
20,VISIT,1819,Random,OnArrival,5,40,21061,Node_800,-7,0,6,-7,6,,,,,,,,,
20,VISIT,1820,Random,OnArrival,5,49,21061,Node_819,-6,0,7,-6,7,,,,,,,,,
20,VISIT,1822,Random,OnArrival,5,26,21061,Node_819,-6,0,7,-6,7,,,,,,,,,
20,VISIT,1823,Random,OnArrival,5,23,21061,Node_819,-6,0,7,-6,7,,,,,,,,,
20,VISIT,1817,Random,OnArrival,5,47,21076,Node_801,-7,0,7,-7,7,,,,,,,,,
20,VISIT,1819,Random,OnArrival,5,41,21076,Node_801,-7,0,7,-7,7,,,,,,,,,
20,VISIT,1820,Random,OnArrival,5,50,21076,Node_805,-5,0,7,-5,7,,,,,,,,,
20,VISIT,1821,Random,OnArrival,5,24,21076,Node_765,-4,0,6,-4,6,,,,,,,,,
20,VISIT,1822,Random,OnArrival,5,27,21076,Node_805,-5,0,7,-5,7,,,,,,,,,
20,VISIT,1823,Random,OnArrival,5,24,21076,Node_805,-5,0,7,-5,7,,,,,,,,,
20,VISIT,1824,Random,OnArrival,5,24,21076,Node_765,-4,0,6,-4,6,,,,,,,,,
20,VISIT,1817,Random,OnArrival,5,48,21091,Node_802,-7,0,8,-7,8,,,,,,,,,
20,VISIT,1819,Random,OnArrival,5,42,21091,Node_819,-6,0,7,-6,7,,,,,,,,,
20,VISIT,1820,Random,OnArrival,5,51,21091,Node_775,-5,0,8,-5,8,,,,,,,,,
20,VISIT,1821,Random,OnArrival,5,25,21091,Node_767,-4,0,7,-4,7,,,,,,,,,
20,VISIT,1822,Random,OnArrival,5,28,21091,Node_775,-5,0,8,-5,8,,,,,,,,,
20,VISIT,1823,Random,OnArrival,5,25,21091,Node_775,-5,0,8,-5,8,,,,,,,,,
20,VISIT,1824,Random,OnArrival,5,25,21091,Node_767,-4,0,7,-4,7,,,,,,,,,
20,VISIT,1819,Random,OnArrival,5,43,21106,Node_805,-5,0,7,-5,7,,,,,,,,,
20,VISIT,1820,Random,OnArrival,5,52,21106,Node_774,-5,0,9,-5,9,,,,,,,,,
20,VISIT,1821,Random,OnArrival,5,26,21106,Node_768,-4,0,8,-4,8,,,,,,,,,
20,VISIT,1822,Random,OnArrival,5,29,21106,Node_774,-5,0,9,-5,9,,,,,,,,,
20,VISIT,1823,Random,OnArrival,5,26,21106,Node_774,-5,0,9,-5,9,,,,,,,,,
20,VISIT,1824,Random,OnArrival,5,26,21106,Node_768,-4,0,8,-4,8,,,,,,,,,
20,VISIT,1819,Random,OnArrival,5,44,21121,Node_775,-5,0,8,-5,8,,,,,,,,,
20,VISIT,1820,Random,OnArrival,5,53,21121,Node_773,-5,0,10,-5,10,,,,,,,,,
20,VISIT,1821,Random,OnArrival,5,27,21121,Node_769,-4,0,9,-4,9,,,,,,,,,
20,VISIT,1822,Random,OnArrival,5,30,21121,Node_773,-5,0,10,-5,10,,,,,,,,,
20,VISIT,1823,Random,OnArrival,5,27,21121,Node_773,-5,0,10,-5,10,,,,,,,,,
20,VISIT,1824,Random,OnArrival,5,27,21121,Node_769,-4,0,9,-4,9,,,,,,,,,
20,VISIT,1817,Random,OnArrival,5,49,21136,Node_804,-10,0,8,-10,8,,,,,,,,,
20,VISIT,1819,Random,OnArrival,5,45,21136,Node_774,-5,0,9,-5,9,,,,,,,,,
20,VISIT,1820,Random,OnArrival,5,54,21136,Node_772,-5,0,11,-5,11,,,,,,,,,
20,VISIT,1821,Random,OnArrival,5,28,21136,Node_770,-4,0,10,-4,10,,,,,,,,,
20,VISIT,1822,Random,OnArrival,5,31,21136,Node_772,-5,0,11,-5,11,,,,,,,,,
20,VISIT,1823,Random,OnArrival,5,28,21136,Node_770,-4,0,10,-4,10,,,,,,,,,
20,VISIT,1824,Random,OnArrival,5,28,21136,Node_770,-4,0,10,-4,10,,,,,,,,,
20,VISIT,1819,Random,OnArrival,5,46,21151,Node_773,-5,0,10,-5,10,,,,,,,,,
20,VISIT,1820,Random,OnArrival,5,55,21151,Node_812,-6,0,11,-6,11,,,,,,,,,
20,VISIT,1821,Random,OnArrival,5,29,21151,Node_763,-3,0,10,-3,10,,,,,,,,,
20,VISIT,1822,Random,OnArrival,5,32,21151,Node_812,-6,0,11,-6,11,,,,,,,,,
20,VISIT,1823,Random,OnArrival,5,29,21151,Node_763,-3,0,10,-3,10,,,,,,,,,
20,VISIT,1824,Random,OnArrival,5,29,21151,Node_763,-3,0,10,-3,10,,,,,,,,,
20,VISIT,1817,Random,OnArrival,5,50,21166,Node_806,-10,0,10,-10,10,,,,,,,,,
20,VISIT,1819,Random,OnArrival,5,47,21166,Node_811,-6,0,10,-6,10,,,,,,,,,
20,VISIT,1821,Random,OnArrival,5,30,21166,Node_604,-2,0,10,-2,10,,,,,,,,,
20,VISIT,1823,Random,OnArrival,5,30,21166,Node_770,-4,0,10,-4,10,,,,,,,,,
20,VISIT,1824,Random,OnArrival,5,30,21166,Node_604,-2,0,10,-2,10,,,,,,,,,
20,VISIT,1821,Random,OnArrival,5,31,21180,Node_605,-2,0,11,-2,11,,,,,,,,,
20,VISIT,1823,Random,OnArrival,5,31,21180,Node_771,-4,0,11,-4,11,,,,,,,,,
20,VISIT,1824,Random,OnArrival,5,31,21180,Node_605,-2,0,11,-2,11,,,,,,,,,
20,VISIT,1825,Random,OnArrival,5,0,21191,Node_6,19,0,12,19,12,,,,,,,,,
20,VISIT,1826,Random,OnArrival,5,0,21191,Node_7,19,0,8,19,8,,,,,,,,,
20,VISIT,1827,Random,OnArrival,5,0,21191,Node_8,17,0,10,17,10,,,,,,,,,
20,VISIT,1828,Random,OnArrival,5,0,21191,Node_9,21,0,10,21,10,,,,,,,,,
20,VISIT,1819,Random,OnArrival,5,48,21194,Node_821,-7,0,11,-7,11,,,,,,,,,
20,VISIT,1823,Random,OnArrival,5,32,21194,Node_764,-3,0,11,-3,11,,,,,,,,,
20,VISIT,1825,Random,OnArrival,5,1,21195,Node_2,19,0,11,19,11,,,,,,,,,
20,VISIT,1826,Random,OnArrival,5,1,21195,Node_3,19,0,9,19,9,,,,,,,,,
20,VISIT,1827,Random,OnArrival,5,1,21195,Node_24,16,0,10,16,10,,,,,,,,,
20,VISIT,1828,Random,OnArrival,5,1,21195,Node_5,20,0,10,20,10,,,,,,,,,
20,VISIT,1817,Random,OnArrival,5,51,21199,Node_807,-10,0,11,-10,11,,,,,,,,,
20,VISIT,1821,Random,OnArrival,5,32,21199,Node_766,-3,0,12,-3,12,,,,,,,,,
20,VISIT,1823,Random,OnArrival,5,33,21199,Node_605,-2,0,11,-2,11,,,,,,,,,
20,VISIT,1824,Random,OnArrival,5,32,21199,Node_766,-3,0,12,-3,12,,,,,,,,,
20,VISIT,1825,Random,OnArrival,5,2,21199,Node_20,19,0,10,19,10,,,,,,,,,
20,VISIT,1826,Random,OnArrival,5,2,21199,Node_15,18,0,9,18,9,,,,,,,,,
20,VISIT,1827,Random,OnArrival,5,2,21199,Node_26,15,0,10,15,10,,,,,,,,,
20,VISIT,1828,Random,OnArrival,5,2,21199,Node_20,19,0,10,19,10,,,,,,,,,
20,VISIT,1823,Random,OnArrival,5,34,21203,Node_764,-3,0,11,-3,11,,,,,,,,,
20,VISIT,1825,Random,OnArrival,5,3,21203,Node_4,18,0,10,18,10,,,,,,,,,
20,VISIT,1826,Random,OnArrival,5,3,21203,Node_4,18,0,10,18,10,,,,,,,,,
20,VISIT,1827,Random,OnArrival,5,3,21203,Node_77,14,0,10,14,10,,,,,,,,,
20,VISIT,1828,Random,OnArrival,5,3,21203,Node_4,18,0,10,18,10,,,,,,,,,
20,VISIT,1819,Random,OnArrival,5,49,21207,Node_822,-9,0,10,-9,10,,,,,,,,,
20,VISIT,1821,Random,OnArrival,5,33,21207,Node_749,-3,0,14,-3,14,,,,,,,,,
20,VISIT,1823,Random,OnArrival,5,35,21207,Node_771,-4,0,11,-4,11,,,,,,,,,
20,VISIT,1824,Random,OnArrival,5,33,21207,Node_749,-3,0,14,-3,14,,,,,,,,,
20,VISIT,1825,Random,OnArrival,5,4,21207,Node_8,17,0,10,17,10,,,,,,,,,
20,VISIT,1826,Random,OnArrival,5,4,21207,Node_8,17,0,10,17,10,,,,,,,,,
20,VISIT,1827,Random,OnArrival,5,4,21207,Node_86,13,0,10,13,10,,,,,,,,,
20,VISIT,1828,Random,OnArrival,5,4,21207,Node_8,17,0,10,17,10,,,,,,,,,
20,VISIT,1819,Random,OnArrival,5,50,21211,Node_830,-8,0,10,-8,10,,,,,,,,,
20,VISIT,1821,Random,OnArrival,5,34,21211,Node_738,-3,0,15,-3,15,,,,,,,,,
20,VISIT,1823,Random,OnArrival,5,36,21211,Node_772,-5,0,11,-5,11,,,,,,,,,
20,VISIT,1824,Random,OnArrival,5,34,21211,Node_738,-3,0,15,-3,15,,,,,,,,,
20,VISIT,1825,Random,OnArrival,5,5,21211,Node_24,16,0,10,16,10,,,,,,,,,
20,VISIT,1826,Random,OnArrival,5,5,21211,Node_24,16,0,10,16,10,,,,,,,,,
20,VISIT,1827,Random,OnArrival,5,5,21211,Node_87,13,0,9,13,9,,,,,,,,,
20,VISIT,1828,Random,OnArrival,5,5,21211,Node_24,16,0,10,16,10,,,,,,,,,
20,VISIT,1819,Random,OnArrival,5,51,21215,Node_823,-7,0,10,-7,10,,,,,,,,,
20,VISIT,1821,Random,OnArrival,5,35,21215,Node_740,-3,0,16,-3,16,,,,,,,,,
20,VISIT,1823,Random,OnArrival,5,37,21215,Node_812,-6,0,11,-6,11,,,,,,,,,
20,VISIT,1824,Random,OnArrival,5,35,21215,Node_740,-3,0,16,-3,16,,,,,,,,,
20,VISIT,1825,Random,OnArrival,5,6,21215,Node_26,15,0,10,15,10,,,,,,,,,
20,VISIT,1826,Random,OnArrival,5,6,21215,Node_26,15,0,10,15,10,,,,,,,,,
20,VISIT,1827,Random,OnArrival,5,6,21215,Node_103,12,0,9,12,9,,,,,,,,,
20,VISIT,1828,Random,OnArrival,5,6,21215,Node_26,15,0,10,15,10,,,,,,,,,
20,VISIT,1819,Random,OnArrival,5,52,21219,Node_811,-6,0,10,-6,10,,,,,,,,,
20,VISIT,1821,Random,OnArrival,5,36,21219,Node_751,-4,0,16,-4,16,,,,,,,,,
20,VISIT,1823,Random,OnArrival,5,38,21219,Node_821,-7,0,11,-7,11,,,,,,,,,
20,VISIT,1824,Random,OnArrival,5,36,21219,Node_751,-4,0,16,-4,16,,,,,,,,,
20,VISIT,1825,Random,OnArrival,5,7,21219,Node_77,14,0,10,14,10,,,,,,,,,
20,VISIT,1826,Random,OnArrival,5,7,21219,Node_77,14,0,10,14,10,,,,,,,,,
20,VISIT,1827,Random,OnArrival,5,7,21219,Node_247,11,0,9,11,9,,,,,,,,,
20,VISIT,1828,Random,OnArrival,5,7,21219,Node_77,14,0,10,14,10,,,,,,,,,
20,VISIT,1819,Random,OnArrival,5,53,21223,Node_812,-6,0,11,-6,11,,,,,,,,,
20,VISIT,1821,Random,OnArrival,5,37,21223,Node_744,-4,0,17,-4,17,,,,,,,,,
20,VISIT,1823,Random,OnArrival,5,39,21223,Node_828,-8,0,11,-8,11,,,,,,,,,
20,VISIT,1824,Random,OnArrival,5,37,21223,Node_744,-4,0,17,-4,17,,,,,,,,,
20,VISIT,1825,Random,OnArrival,5,8,21223,Node_86,13,0,10,13,10,,,,,,,,,
20,VISIT,1826,Random,OnArrival,5,8,21223,Node_86,13,0,10,13,10,,,,,,,,,
20,VISIT,1827,Random,OnArrival,5,8,21223,Node_249,10,0,9,10,9,,,,,,,,,
20,VISIT,1828,Random,OnArrival,5,8,21223,Node_86,13,0,10,13,10,,,,,,,,,
20,VISIT,1819,Random,OnArrival,5,54,21228,Node_813,-6,0,12,-6,12,,,,,,,,,
20,VISIT,1823,Random,OnArrival,5,40,21228,Node_825,-9,0,11,-9,11,,,,,,,,,
20,VISIT,1825,Random,OnArrival,5,9,21228,Node_87,13,0,9,13,9,,,,,,,,,
20,VISIT,1826,Random,OnArrival,5,9,21228,Node_87,13,0,9,13,9,,,,,,,,,
20,VISIT,1827,Random,OnArrival,5,9,21228,Node_251,10,0,10,10,10,,,,,,,,,
20,VISIT,1828,Random,OnArrival,5,9,21228,Node_87,13,0,9,13,9,,,,,,,,,
20,VISIT,1819,Random,OnArrival,5,55,21233,Node_824,-7,0,12,-7,12,,,,,,,,,
20,VISIT,1821,Random,OnArrival,5,38,21233,Node_753,-5,0,18,-5,18,,,,,,,,,
20,VISIT,1823,Random,OnArrival,5,41,21233,Node_807,-10,0,11,-10,11,,,,,,,,,
20,VISIT,1824,Random,OnArrival,5,38,21233,Node_753,-5,0,18,-5,18,,,,,,,,,
20,VISIT,1825,Random,OnArrival,5,10,21233,Node_103,12,0,9,12,9,,,,,,,,,
20,VISIT,1826,Random,OnArrival,5,10,21233,Node_103,12,0,9,12,9,,,,,,,,,
20,VISIT,1827,Random,OnArrival,5,10,21233,Node_367,9,0,10,9,10,,,,,,,,,
20,VISIT,1828,Random,OnArrival,5,10,21233,Node_103,12,0,9,12,9,,,,,,,,,
20,VISIT,1819,Random,OnArrival,5,56,21237,Node_826,-7,0,13,-7,13,,,,,,,,,
20,VISIT,1822,Random,OnArrival,5,33,21237,Node_841,-10,0,18,-10,18,,,,,,,,,
20,VISIT,1825,Random,OnArrival,5,11,21237,Node_247,11,0,9,11,9,,,,,,,,,
20,VISIT,1826,Random,OnArrival,5,11,21237,Node_247,11,0,9,11,9,,,,,,,,,
20,VISIT,1827,Random,OnArrival,5,11,21237,Node_583,8,0,10,8,10,,,,,,,,,
20,VISIT,1828,Random,OnArrival,5,11,21237,Node_247,11,0,9,11,9,,,,,,,,,
20,VISIT,1819,Random,OnArrival,5,57,21244,Node_814,-6,0,13,-6,13,,,,,,,,,
20,VISIT,1822,Random,OnArrival,5,34,21244,Node_844,-9,0,18,-9,18,,,,,,,,,
20,VISIT,1825,Random,OnArrival,5,12,21244,Node_249,10,0,9,10,9,,,,,,,,,
20,VISIT,1826,Random,OnArrival,5,12,21244,Node_249,10,0,9,10,9,,,,,,,,,
20,VISIT,1828,Random,OnArrival,5,12,21244,Node_249,10,0,9,10,9,,,,,,,,,
20,VISIT,1819,Random,OnArrival,5,58,21252,Node_826,-7,0,13,-7,13,,,,,,,,,
20,VISIT,1822,Random,OnArrival,5,35,21252,Node_843,-9,0,17,-9,17,,,,,,,,,
20,VISIT,1823,Random,OnArrival,5,42,21252,Node_833,-10,0,14,-10,14,,,,,,,,,
20,VISIT,1825,Random,OnArrival,5,13,21252,Node_251,10,0,10,10,10,,,,,,,,,
20,VISIT,1826,Random,OnArrival,5,13,21252,Node_251,10,0,10,10,10,,,,,,,,,
20,VISIT,1827,Random,OnArrival,5,12,21252,Node_481,6,0,10,6,10,,,,,,,,,
20,VISIT,1828,Random,OnArrival,5,13,21252,Node_251,10,0,10,10,10,,,,,,,,,
20,VISIT,1819,Random,OnArrival,5,59,21260,Node_829,-7,0,14,-7,14,,,,,,,,,
20,VISIT,1822,Random,OnArrival,5,36,21260,Node_839,-10,0,17,-10,17,,,,,,,,,
20,VISIT,1823,Random,OnArrival,5,43,21260,Node_836,-9,0,14,-9,14,,,,,,,,,
20,VISIT,1825,Random,OnArrival,5,14,21260,Node_367,9,0,10,9,10,,,,,,,,,
20,VISIT,1826,Random,OnArrival,5,14,21260,Node_367,9,0,10,9,10,,,,,,,,,
20,VISIT,1827,Random,OnArrival,5,13,21260,Node_374,5,0,10,5,10,,,,,,,,,
20,VISIT,1828,Random,OnArrival,5,14,21260,Node_367,9,0,10,9,10,,,,,,,,,
20,VISIT,1819,Random,OnArrival,5,60,21269,Node_834,-8,0,14,-8,14,,,,,,,,,
20,VISIT,1821,Random,OnArrival,5,39,21269,Node_843,-9,0,17,-9,17,,,,,,,,,
20,VISIT,1822,Random,OnArrival,5,37,21269,Node_843,-9,0,17,-9,17,,,,,,,,,
20,VISIT,1823,Random,OnArrival,5,44,21269,Node_838,-9,0,15,-9,15,,,,,,,,,
20,VISIT,1824,Random,OnArrival,5,39,21269,Node_843,-9,0,17,-9,17,,,,,,,,,
20,VISIT,1825,Random,OnArrival,5,15,21269,Node_583,8,0,10,8,10,,,,,,,,,
20,VISIT,1826,Random,OnArrival,5,15,21269,Node_583,8,0,10,8,10,,,,,,,,,
20,VISIT,1828,Random,OnArrival,5,15,21269,Node_583,8,0,10,8,10,,,,,,,,,
20,VISIT,1819,Random,OnArrival,5,61,21279,Node_836,-9,0,14,-9,14,,,,,,,,,
20,VISIT,1822,Random,OnArrival,5,38,21279,Node_840,-9,0,16,-9,16,,,,,,,,,
20,VISIT,1823,Random,OnArrival,5,45,21279,Node_835,-10,0,15,-10,15,,,,,,,,,
20,VISIT,1827,Random,OnArrival,5,14,21279,Node_482,3,0,10,3,10,,,,,,,,,
20,VISIT,1819,Random,OnArrival,5,62,21293,Node_833,-10,0,14,-10,14,,,,,,,,,
20,VISIT,1822,Random,OnArrival,5,39,21293,Node_837,-10,0,16,-10,16,,,,,,,,,
20,VISIT,1823,Random,OnArrival,5,46,21293,Node_837,-10,0,16,-10,16,,,,,,,,,
20,VISIT,1825,Random,OnArrival,5,16,21293,Node_481,6,0,10,6,10,,,,,,,,,
20,VISIT,1826,Random,OnArrival,5,16,21293,Node_481,6,0,10,6,10,,,,,,,,,
20,VISIT,1827,Random,OnArrival,5,15,21293,Node_394,2,0,10,2,10,,,,,,,,,
20,VISIT,1828,Random,OnArrival,5,16,21293,Node_481,6,0,10,6,10,,,,,,,,,
20,VISIT,1819,Random,OnArrival,5,63,21303,Node_835,-10,0,15,-10,15,,,,,,,,,
20,VISIT,1821,Random,OnArrival,5,40,21303,Node_848,-6,0,17,-6,17,,,,,,,,,
20,VISIT,1822,Random,OnArrival,5,40,21303,Node_839,-10,0,17,-10,17,,,,,,,,,
20,VISIT,1823,Random,OnArrival,5,47,21303,Node_839,-10,0,17,-10,17,,,,,,,,,
20,VISIT,1824,Random,OnArrival,5,40,21303,Node_848,-6,0,17,-6,17,,,,,,,,,
20,VISIT,1825,Random,OnArrival,5,17,21303,Node_374,5,0,10,5,10,,,,,,,,,
20,VISIT,1826,Random,OnArrival,5,17,21303,Node_374,5,0,10,5,10,,,,,,,,,
20,VISIT,1827,Random,OnArrival,5,16,21303,Node_592,1,0,10,1,10,,,,,,,,,
20,VISIT,1828,Random,OnArrival,5,17,21303,Node_374,5,0,10,5,10,,,,,,,,,
20,VISIT,1819,Random,OnArrival,5,64,21314,Node_837,-10,0,16,-10,16,,,,,,,,,
20,VISIT,1821,Random,OnArrival,5,41,21314,Node_842,-5,0,17,-5,17,,,,,,,,,
20,VISIT,1822,Random,OnArrival,5,41,21314,Node_843,-9,0,17,-9,17,,,,,,,,,
20,VISIT,1823,Random,OnArrival,5,48,21314,Node_841,-10,0,18,-10,18,,,,,,,,,
20,VISIT,1824,Random,OnArrival,5,41,21314,Node_842,-5,0,17,-5,17,,,,,,,,,
20,VISIT,1827,Random,OnArrival,5,17,21314,Node_597,0,0,10,0,10,,,,,,,,,
20,VISIT,1819,Random,OnArrival,5,65,21328,Node_839,-10,0,17,-10,17,,,,,,,,,
20,VISIT,1821,Random,OnArrival,5,42,21328,Node_753,-5,0,18,-5,18,,,,,,,,,
20,VISIT,1824,Random,OnArrival,5,42,21328,Node_753,-5,0,18,-5,18,,,,,,,,,
20,VISIT,1825,Random,OnArrival,5,18,21328,Node_482,3,0,10,3,10,,,,,,,,,
20,VISIT,1826,Random,OnArrival,5,18,21328,Node_482,3,0,10,3,10,,,,,,,,,
20,VISIT,1827,Random,OnArrival,5,18,21328,Node_603,-1,0,10,-1,10,,,,,,,,,
20,VISIT,1828,Random,OnArrival,5,18,21328,Node_482,3,0,10,3,10,,,,,,,,,
20,VISIT,1819,Random,OnArrival,5,66,21340,Node_841,-10,0,18,-10,18,,,,,,,,,
20,VISIT,1823,Random,OnArrival,5,49,21340,Node_845,-10,0,20,-10,20,,,,,,,,,
20,VISIT,1825,Random,OnArrival,5,19,21340,Node_394,2,0,10,2,10,,,,,,,,,
20,VISIT,1826,Random,OnArrival,5,19,21340,Node_394,2,0,10,2,10,,,,,,,,,
20,VISIT,1827,Random,OnArrival,5,19,21340,Node_604,-2,0,10,-2,10,,,,,,,,,
20,VISIT,1828,Random,OnArrival,5,19,21340,Node_394,2,0,10,2,10,,,,,,,,,
20,VISIT,1821,Random,OnArrival,5,43,21353,Node_754,-5,0,20,-5,20,,,,,,,,,
20,VISIT,1822,Random,OnArrival,5,42,21353,Node_848,-6,0,17,-6,17,,,,,,,,,
20,VISIT,1823,Random,OnArrival,5,50,21353,Node_761,-9,0,20,-9,20,,,,,,,,,
20,VISIT,1824,Random,OnArrival,5,43,21353,Node_754,-5,0,20,-5,20,,,,,,,,,
20,VISIT,1825,Random,OnArrival,5,20,21353,Node_592,1,0,10,1,10,,,,,,,,,
20,VISIT,1826,Random,OnArrival,5,20,21353,Node_592,1,0,10,1,10,,,,,,,,,
20,VISIT,1827,Random,OnArrival,5,20,21353,Node_605,-2,0,11,-2,11,,,,,,,,,
20,VISIT,1828,Random,OnArrival,5,20,21353,Node_592,1,0,10,1,10,,,,,,,,,
20,VISIT,1819,Random,OnArrival,5,67,21366,Node_845,-10,0,20,-10,20,,,,,,,,,
20,VISIT,1822,Random,OnArrival,5,43,21366,Node_842,-5,0,17,-5,17,,,,,,,,,
20,VISIT,1823,Random,OnArrival,5,51,21366,Node_845,-10,0,20,-10,20,,,,,,,,,
20,VISIT,1825,Random,OnArrival,5,21,21366,Node_597,0,0,10,0,10,,,,,,,,,
20,VISIT,1826,Random,OnArrival,5,21,21366,Node_597,0,0,10,0,10,,,,,,,,,
20,VISIT,1827,Random,OnArrival,5,21,21366,Node_827,-2,0,12,-2,12,,,,,,,,,
20,VISIT,1828,Random,OnArrival,5,21,21366,Node_597,0,0,10,0,10,,,,,,,,,
20,VISIT,1821,Random,OnArrival,5,44,21378,Node_754,-5,0,20,-5,20,,,,,,,,,
20,VISIT,1822,Random,OnArrival,5,44,21378,Node_744,-4,0,17,-4,17,,,,,,,,,
20,VISIT,1824,Random,OnArrival,5,44,21378,Node_754,-5,0,20,-5,20,,,,,,,,,
20,VISIT,1825,Random,OnArrival,5,22,21378,Node_603,-1,0,10,-1,10,,,,,,,,,
20,VISIT,1826,Random,OnArrival,5,22,21378,Node_603,-1,0,10,-1,10,,,,,,,,,
20,VISIT,1827,Random,OnArrival,5,22,21378,Node_766,-3,0,12,-3,12,,,,,,,,,
20,VISIT,1828,Random,OnArrival,5,22,21378,Node_603,-1,0,10,-1,10,,,,,,,,,
20,VISIT,1819,Random,OnArrival,5,68,21392,Node_841,-10,0,18,-10,18,,,,,,,,,
20,VISIT,1822,Random,OnArrival,5,45,21392,Node_742,-3,0,17,-3,17,,,,,,,,,
20,VISIT,1823,Random,OnArrival,5,52,21392,Node_841,-10,0,18,-10,18,,,,,,,,,
20,VISIT,1825,Random,OnArrival,5,23,21392,Node_604,-2,0,10,-2,10,,,,,,,,,
20,VISIT,1826,Random,OnArrival,5,23,21392,Node_604,-2,0,10,-2,10,,,,,,,,,
20,VISIT,1828,Random,OnArrival,5,23,21392,Node_604,-2,0,10,-2,10,,,,,,,,,
20,VISIT,1819,Random,OnArrival,5,69,21406,Node_839,-10,0,17,-10,17,,,,,,,,,
20,VISIT,1821,Random,OnArrival,5,45,21406,Node_756,-7,0,20,-7,20,,,,,,,,,
20,VISIT,1823,Random,OnArrival,5,53,21406,Node_839,-10,0,17,-10,17,,,,,,,,,
20,VISIT,1824,Random,OnArrival,5,45,21406,Node_756,-7,0,20,-7,20,,,,,,,,,
20,VISIT,1825,Random,OnArrival,5,24,21406,Node_605,-2,0,11,-2,11,,,,,,,,,
20,VISIT,1826,Random,OnArrival,5,24,21406,Node_605,-2,0,11,-2,11,,,,,,,,,
20,VISIT,1827,Random,OnArrival,5,23,21406,Node_749,-3,0,14,-3,14,,,,,,,,,
20,VISIT,1828,Random,OnArrival,5,24,21406,Node_605,-2,0,11,-2,11,,,,,,,,,
20,VISIT,1819,Random,OnArrival,5,70,21420,Node_837,-10,0,16,-10,16,,,,,,,,,
20,VISIT,1823,Random,OnArrival,5,54,21420,Node_837,-10,0,16,-10,16,,,,,,,,,
20,VISIT,1825,Random,OnArrival,5,25,21420,Node_764,-3,0,11,-3,11,,,,,,,,,
20,VISIT,1826,Random,OnArrival,5,25,21420,Node_764,-3,0,11,-3,11,,,,,,,,,
20,VISIT,1827,Random,OnArrival,5,24,21420,Node_738,-3,0,15,-3,15,,,,,,,,,
20,VISIT,1828,Random,OnArrival,5,25,21420,Node_764,-3,0,11,-3,11,,,,,,,,,
20,VISIT,1819,Random,OnArrival,5,71,21434,Node_835,-10,0,15,-10,15,,,,,,,,,
20,VISIT,1821,Random,OnArrival,5,46,21434,Node_761,-9,0,20,-9,20,,,,,,,,,
20,VISIT,1823,Random,OnArrival,5,55,21434,Node_835,-10,0,15,-10,15,,,,,,,,,
20,VISIT,1824,Random,OnArrival,5,46,21434,Node_761,-9,0,20,-9,20,,,,,,,,,
20,VISIT,1825,Random,OnArrival,5,26,21434,Node_771,-4,0,11,-4,11,,,,,,,,,
20,VISIT,1826,Random,OnArrival,5,26,21434,Node_771,-4,0,11,-4,11,,,,,,,,,
20,VISIT,1827,Random,OnArrival,5,25,21434,Node_740,-3,0,16,-3,16,,,,,,,,,
20,VISIT,1828,Random,OnArrival,5,26,21434,Node_771,-4,0,11,-4,11,,,,,,,,,
20,VISIT,1819,Random,OnArrival,5,72,21448,Node_838,-9,0,15,-9,15,,,,,,,,,
20,VISIT,1821,Random,OnArrival,5,47,21448,Node_762,-9,0,21,-9,21,,,,,,,,,
20,VISIT,1823,Random,OnArrival,5,56,21448,Node_838,-9,0,15,-9,15,,,,,,,,,
20,VISIT,1824,Random,OnArrival,5,47,21448,Node_762,-9,0,21,-9,21,,,,,,,,,
20,VISIT,1825,Random,OnArrival,5,27,21448,Node_772,-5,0,11,-5,11,,,,,,,,,
20,VISIT,1826,Random,OnArrival,5,27,21448,Node_772,-5,0,11,-5,11,,,,,,,,,
20,VISIT,1827,Random,OnArrival,5,26,21448,Node_742,-3,0,17,-3,17,,,,,,,,,
20,VISIT,1828,Random,OnArrival,5,27,21448,Node_772,-5,0,11,-5,11,,,,,,,,,
20,VISIT,1819,Random,OnArrival,5,73,21462,Node_832,-8,0,15,-8,15,,,,,,,,,
20,VISIT,1823,Random,OnArrival,5,57,21462,Node_832,-8,0,15,-8,15,,,,,,,,,
20,VISIT,1825,Random,OnArrival,5,28,21462,Node_812,-6,0,11,-6,11,,,,,,,,,
20,VISIT,1826,Random,OnArrival,5,28,21462,Node_812,-6,0,11,-6,11,,,,,,,,,
20,VISIT,1827,Random,OnArrival,5,27,21462,Node_744,-4,0,17,-4,17,,,,,,,,,
20,VISIT,1828,Random,OnArrival,5,28,21462,Node_812,-6,0,11,-6,11,,,,,,,,,
20,VISIT,1819,Random,OnArrival,5,74,21476,Node_831,-7,0,15,-7,15,,,,,,,,,
20,VISIT,1823,Random,OnArrival,5,58,21476,Node_831,-7,0,15,-7,15,,,,,,,,,
20,VISIT,1825,Random,OnArrival,5,29,21476,Node_813,-6,0,12,-6,12,,,,,,,,,
20,VISIT,1826,Random,OnArrival,5,29,21476,Node_813,-6,0,12,-6,12,,,,,,,,,
20,VISIT,1827,Random,OnArrival,5,28,21476,Node_842,-5,0,17,-5,17,,,,,,,,,
20,VISIT,1828,Random,OnArrival,5,29,21476,Node_813,-6,0,12,-6,12,,,,,,,,,
20,VISIT,1825,Random,OnArrival,5,30,21490,Node_814,-6,0,13,-6,13,,,,,,,,,
20,VISIT,1826,Random,OnArrival,5,30,21490,Node_814,-6,0,13,-6,13,,,,,,,,,
20,VISIT,1827,Random,OnArrival,5,29,21490,Node_848,-6,0,17,-6,17,,,,,,,,,
20,VISIT,1828,Random,OnArrival,5,30,21490,Node_814,-6,0,13,-6,13,,,,,,,,,
20,VISIT,1819,Random,OnArrival,5,75,21505,Node_815,-6,0,14,-6,14,,,,,,,,,
20,VISIT,1823,Random,OnArrival,5,59,21505,Node_815,-6,0,14,-6,14,,,,,,,,,
20,VISIT,1825,Random,OnArrival,5,31,21505,Node_815,-6,0,14,-6,14,,,,,,,,,
20,VISIT,1826,Random,OnArrival,5,31,21505,Node_815,-6,0,14,-6,14,,,,,,,,,
20,VISIT,1828,Random,OnArrival,5,31,21505,Node_815,-6,0,14,-6,14,,,,,,,,,
20,VISIT,1819,Random,OnArrival,5,76,21520,Node_829,-7,0,14,-7,14,,,,,,,,,
20,VISIT,1823,Random,OnArrival,5,60,21520,Node_829,-7,0,14,-7,14,,,,,,,,,
20,VISIT,1825,Random,OnArrival,5,32,21520,Node_829,-7,0,14,-7,14,,,,,,,,,
20,VISIT,1826,Random,OnArrival,5,32,21520,Node_829,-7,0,14,-7,14,,,,,,,,,
20,VISIT,1828,Random,OnArrival,5,32,21520,Node_829,-7,0,14,-7,14,,,,,,,,,
20,VISIT,1819,Random,OnArrival,5,77,21530,Node_831,-7,0,15,-7,15,,,,,,,,,
20,VISIT,1823,Random,OnArrival,5,61,21530,Node_831,-7,0,15,-7,15,,,,,,,,,
20,VISIT,1825,Random,OnArrival,5,33,21530,Node_831,-7,0,15,-7,15,,,,,,,,,
20,VISIT,1826,Random,OnArrival,5,33,21530,Node_831,-7,0,15,-7,15,,,,,,,,,
20,VISIT,1827,Random,OnArrival,5,30,21530,Node_843,-9,0,17,-9,17,,,,,,,,,
20,VISIT,1828,Random,OnArrival,5,33,21530,Node_831,-7,0,15,-7,15,,,,,,,,,
20,VISIT,1819,Random,OnArrival,5,78,21542,Node_832,-8,0,15,-8,15,,,,,,,,,
20,VISIT,1823,Random,OnArrival,5,62,21542,Node_832,-8,0,15,-8,15,,,,,,,,,
20,VISIT,1825,Random,OnArrival,5,34,21542,Node_832,-8,0,15,-8,15,,,,,,,,,
20,VISIT,1826,Random,OnArrival,5,34,21542,Node_832,-8,0,15,-8,15,,,,,,,,,
20,VISIT,1827,Random,OnArrival,5,31,21542,Node_840,-9,0,16,-9,16,,,,,,,,,
20,VISIT,1828,Random,OnArrival,5,34,21542,Node_832,-8,0,15,-8,15,,,,,,,,,
20,VISIT,1819,Random,OnArrival,5,79,21555,Node_838,-9,0,15,-9,15,,,,,,,,,
20,VISIT,1823,Random,OnArrival,5,63,21555,Node_838,-9,0,15,-9,15,,,,,,,,,
20,VISIT,1824,Random,OnArrival,5,48,21555,Node_857,-10,0,24,-10,24,,,,,,,,,
20,VISIT,1825,Random,OnArrival,5,35,21555,Node_838,-9,0,15,-9,15,,,,,,,,,
20,VISIT,1826,Random,OnArrival,5,35,21555,Node_838,-9,0,15,-9,15,,,,,,,,,
20,VISIT,1827,Random,OnArrival,5,32,21555,Node_838,-9,0,15,-9,15,,,,,,,,,
20,VISIT,1828,Random,OnArrival,5,35,21555,Node_838,-9,0,15,-9,15,,,,,,,,,
20,VISIT,1819,Random,OnArrival,5,80,21569,Node_840,-9,0,16,-9,16,,,,,,,,,
20,VISIT,1823,Random,OnArrival,5,64,21569,Node_840,-9,0,16,-9,16,,,,,,,,,
20,VISIT,1825,Random,OnArrival,5,36,21569,Node_840,-9,0,16,-9,16,,,,,,,,,
20,VISIT,1826,Random,OnArrival,5,36,21569,Node_840,-9,0,16,-9,16,,,,,,,,,
20,VISIT,1827,Random,OnArrival,5,33,21569,Node_840,-9,0,16,-9,16,,,,,,,,,
20,VISIT,1828,Random,OnArrival,5,36,21569,Node_840,-9,0,16,-9,16,,,,,,,,,
20,VISIT,1829,Random,OnArrival,5,0,21576,Node_6,19,0,12,19,12,,,,,,,,,
20,VISIT,1830,Random,OnArrival,5,0,21576,Node_7,19,0,8,19,8,,,,,,,,,
20,VISIT,1831,Random,OnArrival,5,0,21576,Node_8,17,0,10,17,10,,,,,,,,,
20,VISIT,1832,Random,OnArrival,5,0,21576,Node_9,21,0,10,21,10,,,,,,,,,
20,VISIT,1819,Random,OnArrival,5,81,21580,Node_843,-9,0,17,-9,17,,,,,,,,,
20,VISIT,1823,Random,OnArrival,5,65,21580,Node_843,-9,0,17,-9,17,,,,,,,,,
20,VISIT,1824,Random,OnArrival,5,49,21580,Node_855,-10,0,22,-10,22,,,,,,,,,
20,VISIT,1825,Random,OnArrival,5,37,21580,Node_843,-9,0,17,-9,17,,,,,,,,,
20,VISIT,1826,Random,OnArrival,5,37,21580,Node_843,-9,0,17,-9,17,,,,,,,,,
20,VISIT,1827,Random,OnArrival,5,34,21580,Node_843,-9,0,17,-9,17,,,,,,,,,
20,VISIT,1828,Random,OnArrival,5,37,21580,Node_843,-9,0,17,-9,17,,,,,,,,,
20,VISIT,1829,Random,OnArrival,5,1,21580,Node_2,19,0,11,19,11,,,,,,,,,
20,VISIT,1830,Random,OnArrival,5,1,21580,Node_3,19,0,9,19,9,,,,,,,,,
20,VISIT,1831,Random,OnArrival,5,1,21580,Node_24,16,0,10,16,10,,,,,,,,,
20,VISIT,1832,Random,OnArrival,5,1,21580,Node_5,20,0,10,20,10,,,,,,,,,
20,VISIT,1819,Random,OnArrival,5,82,21584,Node_844,-9,0,18,-9,18,,,,,,,,,
20,VISIT,1823,Random,OnArrival,5,66,21584,Node_844,-9,0,18,-9,18,,,,,,,,,
20,VISIT,1824,Random,OnArrival,5,50,21584,Node_847,-10,0,21,-10,21,,,,,,,,,
20,VISIT,1825,Random,OnArrival,5,38,21584,Node_844,-9,0,18,-9,18,,,,,,,,,
20,VISIT,1826,Random,OnArrival,5,38,21584,Node_844,-9,0,18,-9,18,,,,,,,,,
20,VISIT,1827,Random,OnArrival,5,35,21584,Node_844,-9,0,18,-9,18,,,,,,,,,
20,VISIT,1828,Random,OnArrival,5,38,21584,Node_844,-9,0,18,-9,18,,,,,,,,,
20,VISIT,1829,Random,OnArrival,5,2,21584,Node_20,19,0,10,19,10,,,,,,,,,
20,VISIT,1830,Random,OnArrival,5,2,21584,Node_15,18,0,9,18,9,,,,,,,,,
20,VISIT,1831,Random,OnArrival,5,2,21584,Node_26,15,0,10,15,10,,,,,,,,,
20,VISIT,1832,Random,OnArrival,5,2,21584,Node_20,19,0,10,19,10,,,,,,,,,
20,VISIT,1819,Random,OnArrival,5,83,21588,Node_841,-10,0,18,-10,18,,,,,,,,,
20,VISIT,1823,Random,OnArrival,5,67,21588,Node_841,-10,0,18,-10,18,,,,,,,,,
20,VISIT,1824,Random,OnArrival,5,51,21588,Node_762,-9,0,21,-9,21,,,,,,,,,
20,VISIT,1825,Random,OnArrival,5,39,21588,Node_841,-10,0,18,-10,18,,,,,,,,,
20,VISIT,1826,Random,OnArrival,5,39,21588,Node_841,-10,0,18,-10,18,,,,,,,,,
20,VISIT,1827,Random,OnArrival,5,36,21588,Node_841,-10,0,18,-10,18,,,,,,,,,
20,VISIT,1828,Random,OnArrival,5,39,21588,Node_841,-10,0,18,-10,18,,,,,,,,,
20,VISIT,1829,Random,OnArrival,5,3,21588,Node_4,18,0,10,18,10,,,,,,,,,
20,VISIT,1830,Random,OnArrival,5,3,21588,Node_11,18,0,8,18,8,,,,,,,,,
20,VISIT,1831,Random,OnArrival,5,3,21588,Node_77,14,0,10,14,10,,,,,,,,,
20,VISIT,1832,Random,OnArrival,5,3,21588,Node_4,18,0,10,18,10,,,,,,,,,
20,VISIT,1824,Random,OnArrival,5,52,21592,Node_854,-9,0,22,-9,22,,,,,,,,,
20,VISIT,1829,Random,OnArrival,5,4,21592,Node_8,17,0,10,17,10,,,,,,,,,
20,VISIT,1830,Random,OnArrival,5,4,21592,Node_126,17,0,8,17,8,,,,,,,,,
20,VISIT,1831,Random,OnArrival,5,4,21592,Node_86,13,0,10,13,10,,,,,,,,,
20,VISIT,1832,Random,OnArrival,5,4,21592,Node_8,17,0,10,17,10,,,,,,,,,
20,VISIT,1819,Random,OnArrival,5,84,21596,Node_845,-10,0,20,-10,20,,,,,,,,,
20,VISIT,1823,Random,OnArrival,5,68,21596,Node_845,-10,0,20,-10,20,,,,,,,,,
20,VISIT,1824,Random,OnArrival,5,53,21596,Node_855,-10,0,22,-10,22,,,,,,,,,
20,VISIT,1825,Random,OnArrival,5,40,21596,Node_845,-10,0,20,-10,20,,,,,,,,,
20,VISIT,1826,Random,OnArrival,5,40,21596,Node_845,-10,0,20,-10,20,,,,,,,,,
20,VISIT,1827,Random,OnArrival,5,37,21596,Node_845,-10,0,20,-10,20,,,,,,,,,
20,VISIT,1828,Random,OnArrival,5,40,21596,Node_845,-10,0,20,-10,20,,,,,,,,,
20,VISIT,1829,Random,OnArrival,5,5,21596,Node_24,16,0,10,16,10,,,,,,,,,
20,VISIT,1830,Random,OnArrival,5,5,21596,Node_206,17,0,7,17,7,,,,,,,,,
20,VISIT,1831,Random,OnArrival,5,5,21596,Node_87,13,0,9,13,9,,,,,,,,,
20,VISIT,1832,Random,OnArrival,5,5,21596,Node_24,16,0,10,16,10,,,,,,,,,
20,VISIT,1819,Random,OnArrival,5,85,21600,Node_847,-10,0,21,-10,21,,,,,,,,,
20,VISIT,1823,Random,OnArrival,5,69,21600,Node_847,-10,0,21,-10,21,,,,,,,,,
20,VISIT,1825,Random,OnArrival,5,41,21600,Node_847,-10,0,21,-10,21,,,,,,,,,
20,VISIT,1826,Random,OnArrival,5,41,21600,Node_847,-10,0,21,-10,21,,,,,,,,,
20,VISIT,1827,Random,OnArrival,5,38,21600,Node_847,-10,0,21,-10,21,,,,,,,,,
20,VISIT,1828,Random,OnArrival,5,41,21600,Node_847,-10,0,21,-10,21,,,,,,,,,
20,VISIT,1829,Random,OnArrival,5,6,21600,Node_26,15,0,10,15,10,,,,,,,,,
20,VISIT,1830,Random,OnArrival,5,6,21600,Node_146,16,0,7,16,7,,,,,,,,,
20,VISIT,1831,Random,OnArrival,5,6,21600,Node_103,12,0,9,12,9,,,,,,,,,
20,VISIT,1832,Random,OnArrival,5,6,21600,Node_26,15,0,10,15,10,,,,,,,,,
20,VISIT,1819,Random,OnArrival,5,86,21604,Node_855,-10,0,22,-10,22,,,,,,,,,
20,VISIT,1823,Random,OnArrival,5,70,21604,Node_855,-10,0,22,-10,22,,,,,,,,,
20,VISIT,1824,Random,OnArrival,5,54,21604,Node_857,-10,0,24,-10,24,,,,,,,,,
20,VISIT,1825,Random,OnArrival,5,42,21604,Node_855,-10,0,22,-10,22,,,,,,,,,
20,VISIT,1826,Random,OnArrival,5,42,21604,Node_855,-10,0,22,-10,22,,,,,,,,,
20,VISIT,1827,Random,OnArrival,5,39,21604,Node_855,-10,0,22,-10,22,,,,,,,,,
20,VISIT,1828,Random,OnArrival,5,42,21604,Node_855,-10,0,22,-10,22,,,,,,,,,
20,VISIT,1829,Random,OnArrival,5,7,21604,Node_77,14,0,10,14,10,,,,,,,,,
20,VISIT,1830,Random,OnArrival,5,7,21604,Node_143,16,0,6,16,6,,,,,,,,,
20,VISIT,1831,Random,OnArrival,5,7,21604,Node_247,11,0,9,11,9,,,,,,,,,
20,VISIT,1832,Random,OnArrival,5,7,21604,Node_77,14,0,10,14,10,,,,,,,,,
20,VISIT,1824,Random,OnArrival,5,55,21608,Node_858,-10,0,25,-10,25,,,,,,,,,
20,VISIT,1829,Random,OnArrival,5,8,21608,Node_86,13,0,10,13,10,,,,,,,,,
20,VISIT,1830,Random,OnArrival,5,8,21608,Node_207,15,0,6,15,6,,,,,,,,,
20,VISIT,1831,Random,OnArrival,5,8,21608,Node_249,10,0,9,10,9,,,,,,,,,
20,VISIT,1832,Random,OnArrival,5,8,21608,Node_86,13,0,10,13,10,,,,,,,,,
20,VISIT,1819,Random,OnArrival,5,87,21612,Node_857,-10,0,24,-10,24,,,,,,,,,
20,VISIT,1823,Random,OnArrival,5,71,21612,Node_857,-10,0,24,-10,24,,,,,,,,,
20,VISIT,1824,Random,OnArrival,5,56,21612,Node_859,-9,0,25,-9,25,,,,,,,,,
20,VISIT,1825,Random,OnArrival,5,43,21612,Node_857,-10,0,24,-10,24,,,,,,,,,
20,VISIT,1826,Random,OnArrival,5,43,21612,Node_857,-10,0,24,-10,24,,,,,,,,,
20,VISIT,1827,Random,OnArrival,5,40,21612,Node_857,-10,0,24,-10,24,,,,,,,,,
20,VISIT,1828,Random,OnArrival,5,43,21612,Node_857,-10,0,24,-10,24,,,,,,,,,
20,VISIT,1829,Random,OnArrival,5,9,21612,Node_87,13,0,9,13,9,,,,,,,,,
20,VISIT,1830,Random,OnArrival,5,9,21612,Node_117,14,0,6,14,6,,,,,,,,,
20,VISIT,1831,Random,OnArrival,5,9,21612,Node_251,10,0,10,10,10,,,,,,,,,
20,VISIT,1832,Random,OnArrival,5,9,21612,Node_87,13,0,9,13,9,,,,,,,,,
20,VISIT,1819,Random,OnArrival,5,88,21616,Node_858,-10,0,25,-10,25,,,,,,,,,
20,VISIT,1823,Random,OnArrival,5,72,21616,Node_858,-10,0,25,-10,25,,,,,,,,,
20,VISIT,1825,Random,OnArrival,5,44,21616,Node_858,-10,0,25,-10,25,,,,,,,,,
20,VISIT,1826,Random,OnArrival,5,44,21616,Node_858,-10,0,25,-10,25,,,,,,,,,
20,VISIT,1827,Random,OnArrival,5,41,21616,Node_858,-10,0,25,-10,25,,,,,,,,,
20,VISIT,1828,Random,OnArrival,5,44,21616,Node_858,-10,0,25,-10,25,,,,,,,,,
20,VISIT,1829,Random,OnArrival,5,10,21616,Node_103,12,0,9,12,9,,,,,,,,,
20,VISIT,1830,Random,OnArrival,5,10,21616,Node_92,13,0,6,13,6,,,,,,,,,
20,VISIT,1831,Random,OnArrival,5,10,21616,Node_367,9,0,10,9,10,,,,,,,,,
20,VISIT,1832,Random,OnArrival,5,10,21616,Node_103,12,0,9,12,9,,,,,,,,,
20,VISIT,1819,Random,OnArrival,5,89,21620,Node_859,-9,0,25,-9,25,,,,,,,,,
20,VISIT,1823,Random,OnArrival,5,73,21620,Node_859,-9,0,25,-9,25,,,,,,,,,
20,VISIT,1825,Random,OnArrival,5,45,21620,Node_859,-9,0,25,-9,25,,,,,,,,,
20,VISIT,1826,Random,OnArrival,5,45,21620,Node_859,-9,0,25,-9,25,,,,,,,,,
20,VISIT,1827,Random,OnArrival,5,42,21620,Node_859,-9,0,25,-9,25,,,,,,,,,
20,VISIT,1828,Random,OnArrival,5,45,21620,Node_859,-9,0,25,-9,25,,,,,,,,,
20,VISIT,1829,Random,OnArrival,5,11,21620,Node_247,11,0,9,11,9,,,,,,,,,
20,VISIT,1830,Random,OnArrival,5,11,21620,Node_101,12,0,6,12,6,,,,,,,,,
20,VISIT,1831,Random,OnArrival,5,11,21620,Node_583,8,0,10,8,10,,,,,,,,,
20,VISIT,1832,Random,OnArrival,5,11,21620,Node_247,11,0,9,11,9,,,,,,,,,
20,VISIT,1829,Random,OnArrival,5,12,21624,Node_249,10,0,9,10,9,,,,,,,,,
20,VISIT,1830,Random,OnArrival,5,12,21624,Node_121,11,0,6,11,6,,,,,,,,,
20,VISIT,1832,Random,OnArrival,5,12,21624,Node_249,10,0,9,10,9,,,,,,,,,
20,VISIT,1819,Random,OnArrival,5,90,21628,Node_861,-7,0,25,-7,25,,,,,,,,,
20,VISIT,1823,Random,OnArrival,5,74,21628,Node_861,-7,0,25,-7,25,,,,,,,,,
20,VISIT,1825,Random,OnArrival,5,46,21628,Node_861,-7,0,25,-7,25,,,,,,,,,
20,VISIT,1826,Random,OnArrival,5,46,21628,Node_861,-7,0,25,-7,25,,,,,,,,,
20,VISIT,1827,Random,OnArrival,5,43,21628,Node_861,-7,0,25,-7,25,,,,,,,,,
20,VISIT,1828,Random,OnArrival,5,46,21628,Node_861,-7,0,25,-7,25,,,,,,,,,
20,VISIT,1829,Random,OnArrival,5,13,21628,Node_251,10,0,10,10,10,,,,,,,,,
20,VISIT,1830,Random,OnArrival,5,13,21628,Node_228,10,0,6,10,6,,,,,,,,,
20,VISIT,1831,Random,OnArrival,5,12,21628,Node_481,6,0,10,6,10,,,,,,,,,
20,VISIT,1832,Random,OnArrival,5,13,21628,Node_251,10,0,10,10,10,,,,,,,,,
20,VISIT,1829,Random,OnArrival,5,14,21632,Node_367,9,0,10,9,10,,,,,,,,,
20,VISIT,1830,Random,OnArrival,5,14,21632,Node_300,9,0,6,9,6,,,,,,,,,
20,VISIT,1831,Random,OnArrival,5,13,21632,Node_374,5,0,10,5,10,,,,,,,,,
20,VISIT,1832,Random,OnArrival,5,14,21632,Node_367,9,0,10,9,10,,,,,,,,,
20,VISIT,1819,Random,OnArrival,5,91,21636,Node_863,-6,0,24,-6,24,,,,,,,,,
20,VISIT,1823,Random,OnArrival,5,75,21636,Node_863,-6,0,24,-6,24,,,,,,,,,
20,VISIT,1824,Random,OnArrival,5,57,21636,Node_737,-5,0,25,-5,25,,,,,,,,,
20,VISIT,1825,Random,OnArrival,5,47,21636,Node_737,-5,0,25,-5,25,,,,,,,,,
20,VISIT,1826,Random,OnArrival,5,47,21636,Node_737,-5,0,25,-5,25,,,,,,,,,
20,VISIT,1827,Random,OnArrival,5,44,21636,Node_737,-5,0,25,-5,25,,,,,,,,,
20,VISIT,1828,Random,OnArrival,5,47,21636,Node_737,-5,0,25,-5,25,,,,,,,,,
20,VISIT,1829,Random,OnArrival,5,15,21636,Node_583,8,0,10,8,10,,,,,,,,,
20,VISIT,1830,Random,OnArrival,5,15,21636,Node_303,8,0,6,8,6,,,,,,,,,
20,VISIT,1832,Random,OnArrival,5,15,21636,Node_583,8,0,10,8,10,,,,,,,,,
20,VISIT,1830,Random,OnArrival,5,16,21642,Node_315,7,0,6,7,6,,,,,,,,,
20,VISIT,1831,Random,OnArrival,5,14,21642,Node_482,3,0,10,3,10,,,,,,,,,
20,VISIT,1819,Random,OnArrival,5,92,21651,Node_737,-5,0,25,-5,25,,,,,,,,,
20,VISIT,1823,Random,OnArrival,5,76,21651,Node_737,-5,0,25,-5,25,,,,,,,,,
20,VISIT,1829,Random,OnArrival,5,16,21651,Node_481,6,0,10,6,10,,,,,,,,,
20,VISIT,1830,Random,OnArrival,5,17,21651,Node_318,6,0,6,6,6,,,,,,,,,
20,VISIT,1832,Random,OnArrival,5,16,21651,Node_481,6,0,10,6,10,,,,,,,,,
20,VISIT,1829,Random,OnArrival,5,17,21657,Node_374,5,0,10,5,10,,,,,,,,,
20,VISIT,1830,Random,OnArrival,5,18,21657,Node_369,5,0,6,5,6,,,,,,,,,
20,VISIT,1831,Random,OnArrival,5,15,21657,Node_374,5,0,10,5,10,,,,,,,,,
20,VISIT,1832,Random,OnArrival,5,17,21657,Node_374,5,0,10,5,10,,,,,,,,,
20,VISIT,1824,Random,OnArrival,5,58,21662,Node_748,-4,0,22,-4,22,,,,,,,,,
20,VISIT,1825,Random,OnArrival,5,48,21662,Node_748,-4,0,22,-4,22,,,,,,,,,
20,VISIT,1826,Random,OnArrival,5,48,21662,Node_748,-4,0,22,-4,22,,,,,,,,,
20,VISIT,1827,Random,OnArrival,5,45,21662,Node_748,-4,0,22,-4,22,,,,,,,,,
20,VISIT,1828,Random,OnArrival,5,48,21662,Node_748,-4,0,22,-4,22,,,,,,,,,
20,VISIT,1829,Random,OnArrival,5,18,21677,Node_378,5,0,12,5,12,,,,,,,,,
20,VISIT,1830,Random,OnArrival,5,19,21677,Node_383,3,0,6,3,6,,,,,,,,,
20,VISIT,1831,Random,OnArrival,5,16,21677,Node_378,5,0,12,5,12,,,,,,,,,
20,VISIT,1832,Random,OnArrival,5,18,21677,Node_378,5,0,12,5,12,,,,,,,,,
20,VISIT,1824,Random,OnArrival,5,59,21682,Node_866,-5,0,23,-5,23,,,,,,,,,
20,VISIT,1825,Random,OnArrival,5,49,21682,Node_866,-5,0,23,-5,23,,,,,,,,,
20,VISIT,1826,Random,OnArrival,5,49,21682,Node_866,-5,0,23,-5,23,,,,,,,,,
20,VISIT,1827,Random,OnArrival,5,46,21682,Node_866,-5,0,23,-5,23,,,,,,,,,
20,VISIT,1828,Random,OnArrival,5,49,21682,Node_866,-5,0,23,-5,23,,,,,,,,,
20,VISIT,1829,Random,OnArrival,5,19,21682,Node_381,5,0,13,5,13,,,,,,,,,
20,VISIT,1830,Random,OnArrival,5,20,21682,Node_755,2,0,6,2,6,,,,,,,,,
20,VISIT,1831,Random,OnArrival,5,17,21682,Node_381,5,0,13,5,13,,,,,,,,,
20,VISIT,1832,Random,OnArrival,5,19,21682,Node_381,5,0,13,5,13,,,,,,,,,
20,VISIT,1819,Random,OnArrival,5,93,21687,Node_731,0,0,25,0,25,,,,,,,,,
20,VISIT,1823,Random,OnArrival,5,77,21687,Node_731,0,0,25,0,25,,,,,,,,,
20,VISIT,1824,Random,OnArrival,5,60,21687,Node_865,-5,0,24,-5,24,,,,,,,,,
20,VISIT,1825,Random,OnArrival,5,50,21687,Node_865,-5,0,24,-5,24,,,,,,,,,
20,VISIT,1826,Random,OnArrival,5,50,21687,Node_865,-5,0,24,-5,24,,,,,,,,,
20,VISIT,1827,Random,OnArrival,5,47,21687,Node_865,-5,0,24,-5,24,,,,,,,,,
20,VISIT,1828,Random,OnArrival,5,50,21687,Node_867,-5,0,22,-5,22,,,,,,,,,
20,VISIT,1829,Random,OnArrival,5,20,21687,Node_384,5,0,14,5,14,,,,,,,,,
20,VISIT,1831,Random,OnArrival,5,18,21687,Node_384,5,0,14,5,14,,,,,,,,,
20,VISIT,1832,Random,OnArrival,5,20,21687,Node_384,5,0,14,5,14,,,,,,,,,
20,VISIT,1819,Random,OnArrival,5,94,21695,Node_725,1,0,25,1,25,,,,,,,,,
20,VISIT,1823,Random,OnArrival,5,78,21695,Node_725,1,0,25,1,25,,,,,,,,,
20,VISIT,1824,Random,OnArrival,5,61,21695,Node_737,-5,0,25,-5,25,,,,,,,,,
20,VISIT,1825,Random,OnArrival,5,51,21695,Node_737,-5,0,25,-5,25,,,,,,,,,
20,VISIT,1826,Random,OnArrival,5,51,21695,Node_737,-5,0,25,-5,25,,,,,,,,,
20,VISIT,1827,Random,OnArrival,5,48,21695,Node_737,-5,0,25,-5,25,,,,,,,,,
20,VISIT,1828,Random,OnArrival,5,51,21695,Node_748,-4,0,22,-4,22,,,,,,,,,
20,VISIT,1829,Random,OnArrival,5,21,21695,Node_387,5,0,15,5,15,,,,,,,,,
20,VISIT,1831,Random,OnArrival,5,19,21695,Node_387,5,0,15,5,15,,,,,,,,,
20,VISIT,1832,Random,OnArrival,5,21,21695,Node_387,5,0,15,5,15,,,,,,,,,
20,VISIT,1819,Random,OnArrival,5,95,21705,Node_723,2,0,25,2,25,,,,,,,,,
20,VISIT,1823,Random,OnArrival,5,79,21705,Node_727,1,0,24,1,24,,,,,,,,,
20,VISIT,1828,Random,OnArrival,5,52,21705,Node_746,-3,0,22,-3,22,,,,,,,,,
20,VISIT,1829,Random,OnArrival,5,22,21705,Node_390,5,0,16,5,16,,,,,,,,,
20,VISIT,1830,Random,OnArrival,5,21,21705,Node_757,-1,0,6,-1,6,,,,,,,,,
20,VISIT,1831,Random,OnArrival,5,20,21705,Node_390,5,0,16,5,16,,,,,,,,,
20,VISIT,1832,Random,OnArrival,5,22,21705,Node_390,5,0,16,5,16,,,,,,,,,
20,VISIT,1819,Random,OnArrival,5,96,21717,Node_721,2,0,24,2,24,,,,,,,,,
20,VISIT,1823,Random,OnArrival,5,80,21717,Node_721,2,0,24,2,24,,,,,,,,,
20,VISIT,1828,Random,OnArrival,5,53,21717,Node_741,-2,0,22,-2,22,,,,,,,,,
20,VISIT,1829,Random,OnArrival,5,23,21717,Node_392,5,0,17,5,17,,,,,,,,,
20,VISIT,1830,Random,OnArrival,5,22,21717,Node_444,-2,0,6,-2,6,,,,,,,,,
20,VISIT,1831,Random,OnArrival,5,21,21717,Node_392,5,0,17,5,17,,,,,,,,,
20,VISIT,1832,Random,OnArrival,5,23,21717,Node_392,5,0,17,5,17,,,,,,,,,
20,VISIT,1819,Random,OnArrival,5,97,21730,Node_727,1,0,24,1,24,,,,,,,,,
20,VISIT,1828,Random,OnArrival,5,54,21730,Node_739,-1,0,22,-1,22,,,,,,,,,
20,VISIT,1829,Random,OnArrival,5,24,21730,Node_668,5,0,18,5,18,,,,,,,,,
20,VISIT,1831,Random,OnArrival,5,22,21730,Node_668,5,0,18,5,18,,,,,,,,,
20,VISIT,1832,Random,OnArrival,5,24,21730,Node_668,5,0,18,5,18,,,,,,,,,
20,VISIT,1819,Random,OnArrival,5,98,21745,Node_721,2,0,24,2,24,,,,,,,,,
20,VISIT,1823,Random,OnArrival,5,81,21745,Node_719,2,0,22,2,22,,,,,,,,,
20,VISIT,1829,Random,OnArrival,5,25,21745,Node_669,5,0,19,5,19,,,,,,,,,
20,VISIT,1830,Random,OnArrival,5,23,21745,Node_765,-4,0,6,-4,6,,,,,,,,,
20,VISIT,1831,Random,OnArrival,5,23,21745,Node_669,5,0,19,5,19,,,,,,,,,
20,VISIT,1832,Random,OnArrival,5,25,21745,Node_669,5,0,19,5,19,,,,,,,,,
20,VISIT,1823,Random,OnArrival,5,82,21758,Node_677,3,0,22,3,22,,,,,,,,,
20,VISIT,1824,Random,OnArrival,5,62,21758,Node_731,0,0,25,0,25,,,,,,,,,
20,VISIT,1825,Random,OnArrival,5,52,21758,Node_731,0,0,25,0,25,,,,,,,,,
20,VISIT,1826,Random,OnArrival,5,52,21758,Node_731,0,0,25,0,25,,,,,,,,,
20,VISIT,1827,Random,OnArrival,5,49,21758,Node_731,0,0,25,0,25,,,,,,,,,
20,VISIT,1828,Random,OnArrival,5,55,21758,Node_734,-1,0,20,-1,20,,,,,,,,,
20,VISIT,1829,Random,OnArrival,5,26,21758,Node_671,5,0,20,5,20,,,,,,,,,
20,VISIT,1830,Random,OnArrival,5,24,21758,Node_767,-4,0,7,-4,7,,,,,,,,,
20,VISIT,1831,Random,OnArrival,5,24,21758,Node_671,5,0,20,5,20,,,,,,,,,
20,VISIT,1832,Random,OnArrival,5,26,21758,Node_671,5,0,20,5,20,,,,,,,,,
20,VISIT,1819,Random,OnArrival,5,99,21771,Node_719,2,0,22,2,22,,,,,,,,,
20,VISIT,1823,Random,OnArrival,5,83,21771,Node_675,3,0,21,3,21,,,,,,,,,
20,VISIT,1824,Random,OnArrival,5,63,21771,Node_729,0,0,24,0,24,,,,,,,,,
20,VISIT,1825,Random,OnArrival,5,53,21771,Node_725,1,0,25,1,25,,,,,,,,,
20,VISIT,1826,Random,OnArrival,5,53,21771,Node_729,0,0,24,0,24,,,,,,,,,
20,VISIT,1827,Random,OnArrival,5,50,21771,Node_729,0,0,24,0,24,,,,,,,,,
20,VISIT,1828,Random,OnArrival,5,56,21771,Node_853,-2,0,20,-2,20,,,,,,,,,
20,VISIT,1830,Random,OnArrival,5,25,21771,Node_805,-5,0,7,-5,7,,,,,,,,,
20,VISIT,1819,Random,OnArrival,5,100,21784,Node_677,3,0,22,3,22,,,,,,,,,
20,VISIT,1823,Random,OnArrival,5,84,21784,Node_717,2,0,21,2,21,,,,,,,,,
20,VISIT,1824,Random,OnArrival,5,64,21784,Node_727,1,0,24,1,24,,,,,,,,,
20,VISIT,1825,Random,OnArrival,5,54,21784,Node_731,0,0,25,0,25,,,,,,,,,
20,VISIT,1826,Random,OnArrival,5,54,21784,Node_727,1,0,24,1,24,,,,,,,,,
20,VISIT,1827,Random,OnArrival,5,51,21784,Node_727,1,0,24,1,24,,,,,,,,,
20,VISIT,1828,Random,OnArrival,5,57,21784,Node_734,-1,0,20,-1,20,,,,,,,,,
20,VISIT,1829,Random,OnArrival,5,27,21784,Node_673,3,0,20,3,20,,,,,,,,,
20,VISIT,1830,Random,OnArrival,5,26,21784,Node_819,-6,0,7,-6,7,,,,,,,,,
20,VISIT,1831,Random,OnArrival,5,25,21784,Node_673,3,0,20,3,20,,,,,,,,,
20,VISIT,1832,Random,OnArrival,5,27,21784,Node_673,3,0,20,3,20,,,,,,,,,
20,VISIT,1819,Random,OnArrival,5,101,21798,Node_675,3,0,21,3,21,,,,,,,,,
20,VISIT,1824,Random,OnArrival,5,65,21798,Node_721,2,0,24,2,24,,,,,,,,,
20,VISIT,1826,Random,OnArrival,5,55,21798,Node_721,2,0,24,2,24,,,,,,,,,
20,VISIT,1827,Random,OnArrival,5,52,21798,Node_721,2,0,24,2,24,,,,,,,,,
20,VISIT,1829,Random,OnArrival,5,28,21798,Node_715,2,0,20,2,20,,,,,,,,,
20,VISIT,1830,Random,OnArrival,5,27,21798,Node_801,-7,0,7,-7,7,,,,,,,,,
20,VISIT,1831,Random,OnArrival,5,26,21798,Node_675,3,0,21,3,21,,,,,,,,,
20,VISIT,1832,Random,OnArrival,5,28,21798,Node_675,3,0,21,3,21,,,,,,,,,
20,VISIT,1819,Random,OnArrival,5,102,21812,Node_717,2,0,21,2,21,,,,,,,,,
20,VISIT,1830,Random,OnArrival,5,28,21812,Node_802,-7,0,8,-7,8,,,,,,,,,
20,VISIT,1831,Random,OnArrival,5,27,21812,Node_717,2,0,21,2,21,,,,,,,,,
20,VISIT,1832,Random,OnArrival,5,29,21812,Node_717,2,0,21,2,21,,,,,,,,,
20,VISIT,1819,Random,OnArrival,5,103,21826,Node_715,2,0,20,2,20,,,,,,,,,
20,VISIT,1824,Random,OnArrival,5,66,21826,Node_719,2,0,22,2,22,,,,,,,,,
20,VISIT,1826,Random,OnArrival,5,56,21826,Node_719,2,0,22,2,22,,,,,,,,,
20,VISIT,1827,Random,OnArrival,5,53,21826,Node_719,2,0,22,2,22,,,,,,,,,
20,VISIT,1828,Random,OnArrival,5,58,21826,Node_715,2,0,20,2,20,,,,,,,,,
20,VISIT,1831,Random,OnArrival,5,28,21826,Node_869,1,0,21,1,21,,,,,,,,,
20,VISIT,1832,Random,OnArrival,5,30,21826,Node_869,1,0,21,1,21,,,,,,,,,
20,VISIT,1819,Random,OnArrival,5,104,21840,Node_870,1,0,20,1,20,,,,,,,,,
20,VISIT,1823,Random,OnArrival,5,85,21840,Node_734,-1,0,20,-1,20,,,,,,,,,
20,VISIT,1824,Random,OnArrival,5,67,21840,Node_717,2,0,21,2,21,,,,,,,,,
20,VISIT,1826,Random,OnArrival,5,57,21840,Node_717,2,0,21,2,21,,,,,,,,,
20,VISIT,1827,Random,OnArrival,5,54,21840,Node_717,2,0,21,2,21,,,,,,,,,
20,VISIT,1828,Random,OnArrival,5,59,21840,Node_870,1,0,20,1,20,,,,,,,,,
20,VISIT,1829,Random,OnArrival,5,29,21840,Node_734,-1,0,20,-1,20,,,,,,,,,
20,VISIT,1831,Random,OnArrival,5,29,21840,Node_870,1,0,20,1,20,,,,,,,,,
20,VISIT,1832,Random,OnArrival,5,31,21840,Node_870,1,0,20,1,20,,,,,,,,,
20,VISIT,1823,Random,OnArrival,5,86,21854,Node_733,-1,0,19,-1,19,,,,,,,,,
20,VISIT,1824,Random,OnArrival,5,68,21854,Node_715,2,0,20,2,20,,,,,,,,,
20,VISIT,1825,Random,OnArrival,5,55,21854,Node_737,-5,0,25,-5,25,,,,,,,,,
20,VISIT,1826,Random,OnArrival,5,58,21854,Node_715,2,0,20,2,20,,,,,,,,,
20,VISIT,1827,Random,OnArrival,5,55,21854,Node_715,2,0,20,2,20,,,,,,,,,
20,VISIT,1829,Random,OnArrival,5,30,21854,Node_853,-2,0,20,-2,20,,,,,,,,,
20,VISIT,1830,Random,OnArrival,5,29,21854,Node_804,-10,0,8,-10,8,,,,,,,,,
20,VISIT,1833,Random,OnArrival,5,0,21862,Node_6,19,0,12,19,12,,,,,,,,,
20,VISIT,1834,Random,OnArrival,5,0,21862,Node_7,19,0,8,19,8,,,,,,,,,
20,VISIT,1835,Random,OnArrival,5,0,21862,Node_8,17,0,10,17,10,,,,,,,,,
20,VISIT,1836,Random,OnArrival,5,0,21862,Node_9,21,0,10,21,10,,,,,,,,,
20,VISIT,1819,Random,OnArrival,5,105,21866,Node_734,-1,0,20,-1,20,,,,,,,,,
20,VISIT,1823,Random,OnArrival,5,87,21866,Node_852,-2,0,19,-2,19,,,,,,,,,
20,VISIT,1824,Random,OnArrival,5,69,21866,Node_870,1,0,20,1,20,,,,,,,,,
20,VISIT,1825,Random,OnArrival,5,56,21866,Node_865,-5,0,24,-5,24,,,,,,,,,
20,VISIT,1826,Random,OnArrival,5,59,21866,Node_870,1,0,20,1,20,,,,,,,,,
20,VISIT,1827,Random,OnArrival,5,56,21866,Node_870,1,0,20,1,20,,,,,,,,,
20,VISIT,1828,Random,OnArrival,5,60,21866,Node_734,-1,0,20,-1,20,,,,,,,,,
20,VISIT,1829,Random,OnArrival,5,31,21866,Node_852,-2,0,19,-2,19,,,,,,,,,
20,VISIT,1831,Random,OnArrival,5,30,21866,Node_734,-1,0,20,-1,20,,,,,,,,,
20,VISIT,1832,Random,OnArrival,5,32,21866,Node_734,-1,0,20,-1,20,,,,,,,,,
20,VISIT,1833,Random,OnArrival,5,1,21866,Node_10,18,0,12,18,12,,,,,,,,,
20,VISIT,1834,Random,OnArrival,5,1,21866,Node_3,19,0,9,19,9,,,,,,,,,
20,VISIT,1835,Random,OnArrival,5,1,21866,Node_12,17,0,11,17,11,,,,,,,,,
20,VISIT,1836,Random,OnArrival,5,1,21866,Node_5,20,0,10,20,10,,,,,,,,,
20,VISIT,1819,Random,OnArrival,5,106,21870,Node_733,-1,0,19,-1,19,,,,,,,,,
20,VISIT,1823,Random,OnArrival,5,88,21870,Node_853,-2,0,20,-2,20,,,,,,,,,
20,VISIT,1825,Random,OnArrival,5,57,21870,Node_866,-5,0,23,-5,23,,,,,,,,,
20,VISIT,1829,Random,OnArrival,5,32,21870,Node_851,-2,0,18,-2,18,,,,,,,,,
20,VISIT,1830,Random,OnArrival,5,30,21870,Node_806,-10,0,10,-10,10,,,,,,,,,
20,VISIT,1831,Random,OnArrival,5,31,21870,Node_733,-1,0,19,-1,19,,,,,,,,,
20,VISIT,1832,Random,OnArrival,5,33,21870,Node_733,-1,0,19,-1,19,,,,,,,,,
20,VISIT,1833,Random,OnArrival,5,2,21870,Node_16,17,0,12,17,12,,,,,,,,,
20,VISIT,1834,Random,OnArrival,5,2,21870,Node_15,18,0,9,18,9,,,,,,,,,
20,VISIT,1835,Random,OnArrival,5,2,21870,Node_16,17,0,12,17,12,,,,,,,,,
20,VISIT,1836,Random,OnArrival,5,2,21870,Node_40,20,0,11,20,11,,,,,,,,,
20,VISIT,1819,Random,OnArrival,5,107,21874,Node_732,-1,0,18,-1,18,,,,,,,,,
20,VISIT,1823,Random,OnArrival,5,89,21874,Node_734,-1,0,20,-1,20,,,,,,,,,
20,VISIT,1824,Random,OnArrival,5,70,21874,Node_734,-1,0,20,-1,20,,,,,,,,,
20,VISIT,1825,Random,OnArrival,5,58,21874,Node_868,-4,0,23,-4,23,,,,,,,,,
20,VISIT,1826,Random,OnArrival,5,60,21874,Node_734,-1,0,20,-1,20,,,,,,,,,
20,VISIT,1827,Random,OnArrival,5,57,21874,Node_734,-1,0,20,-1,20,,,,,,,,,
20,VISIT,1828,Random,OnArrival,5,61,21874,Node_739,-1,0,22,-1,22,,,,,,,,,
20,VISIT,1829,Random,OnArrival,5,33,21874,Node_732,-1,0,18,-1,18,,,,,,,,,
20,VISIT,1830,Random,OnArrival,5,31,21874,Node_807,-10,0,11,-10,11,,,,,,,,,
20,VISIT,1831,Random,OnArrival,5,32,21874,Node_734,-1,0,20,-1,20,,,,,,,,,
20,VISIT,1832,Random,OnArrival,5,34,21874,Node_852,-2,0,19,-2,19,,,,,,,,,
20,VISIT,1833,Random,OnArrival,5,3,21874,Node_18,16,0,12,16,12,,,,,,,,,
20,VISIT,1834,Random,OnArrival,5,3,21874,Node_4,18,0,10,18,10,,,,,,,,,
20,VISIT,1835,Random,OnArrival,5,3,21874,Node_18,16,0,12,16,12,,,,,,,,,
20,VISIT,1836,Random,OnArrival,5,3,21874,Node_41,20,0,12,20,12,,,,,,,,,
20,VISIT,1819,Random,OnArrival,5,108,21878,Node_851,-2,0,18,-2,18,,,,,,,,,
20,VISIT,1824,Random,OnArrival,5,71,21878,Node_733,-1,0,19,-1,19,,,,,,,,,
20,VISIT,1825,Random,OnArrival,5,59,21878,Node_745,-3,0,23,-3,23,,,,,,,,,
20,VISIT,1826,Random,OnArrival,5,61,21878,Node_733,-1,0,19,-1,19,,,,,,,,,
20,VISIT,1827,Random,OnArrival,5,58,21878,Node_733,-1,0,19,-1,19,,,,,,,,,
20,VISIT,1828,Random,OnArrival,5,62,21878,Node_741,-2,0,22,-2,22,,,,,,,,,
20,VISIT,1829,Random,OnArrival,5,34,21878,Node_733,-1,0,19,-1,19,,,,,,,,,
20,VISIT,1832,Random,OnArrival,5,35,21878,Node_851,-2,0,18,-2,18,,,,,,,,,
20,VISIT,1833,Random,OnArrival,5,4,21878,Node_29,15,0,12,15,12,,,,,,,,,
20,VISIT,1834,Random,OnArrival,5,4,21878,Node_8,17,0,10,17,10,,,,,,,,,
20,VISIT,1835,Random,OnArrival,5,4,21878,Node_29,15,0,12,15,12,,,,,,,,,
20,VISIT,1836,Random,OnArrival,5,4,21878,Node_42,20,0,13,20,13,,,,,,,,,
20,VISIT,1819,Random,OnArrival,5,109,21882,Node_852,-2,0,19,-2,19,,,,,,,,,
20,VISIT,1823,Random,OnArrival,5,90,21882,Node_739,-1,0,22,-1,22,,,,,,,,,
20,VISIT,1824,Random,OnArrival,5,72,21882,Node_852,-2,0,19,-2,19,,,,,,,,,
20,VISIT,1825,Random,OnArrival,5,60,21882,Node_743,-2,0,23,-2,23,,,,,,,,,
20,VISIT,1826,Random,OnArrival,5,62,21882,Node_732,-1,0,18,-1,18,,,,,,,,,
20,VISIT,1827,Random,OnArrival,5,59,21882,Node_732,-1,0,18,-1,18,,,,,,,,,
20,VISIT,1828,Random,OnArrival,5,63,21882,Node_743,-2,0,23,-2,23,,,,,,,,,
20,VISIT,1829,Random,OnArrival,5,35,21882,Node_734,-1,0,20,-1,20,,,,,,,,,
20,VISIT,1831,Random,OnArrival,5,33,21882,Node_739,-1,0,22,-1,22,,,,,,,,,
20,VISIT,1832,Random,OnArrival,5,36,21882,Node_852,-2,0,19,-2,19,,,,,,,,,
20,VISIT,1833,Random,OnArrival,5,5,21882,Node_31,15,0,13,15,13,,,,,,,,,
20,VISIT,1834,Random,OnArrival,5,5,21882,Node_12,17,0,11,17,11,,,,,,,,,
20,VISIT,1835,Random,OnArrival,5,5,21882,Node_31,15,0,13,15,13,,,,,,,,,
20,VISIT,1836,Random,OnArrival,5,5,21882,Node_43,20,0,14,20,14,,,,,,,,,
20,VISIT,1819,Random,OnArrival,5,110,21886,Node_853,-2,0,20,-2,20,,,,,,,,,
20,VISIT,1823,Random,OnArrival,5,91,21886,Node_741,-2,0,22,-2,22,,,,,,,,,
20,VISIT,1824,Random,OnArrival,5,73,21886,Node_853,-2,0,20,-2,20,,,,,,,,,
20,VISIT,1825,Random,OnArrival,5,61,21886,Node_741,-2,0,22,-2,22,,,,,,,,,
20,VISIT,1826,Random,OnArrival,5,63,21886,Node_851,-2,0,18,-2,18,,,,,,,,,
20,VISIT,1827,Random,OnArrival,5,60,21886,Node_733,-1,0,19,-1,19,,,,,,,,,
20,VISIT,1828,Random,OnArrival,5,64,21886,Node_745,-3,0,23,-3,23,,,,,,,,,
20,VISIT,1830,Random,OnArrival,5,32,21886,Node_833,-10,0,14,-10,14,,,,,,,,,
20,VISIT,1831,Random,OnArrival,5,34,21886,Node_741,-2,0,22,-2,22,,,,,,,,,
20,VISIT,1832,Random,OnArrival,5,37,21886,Node_853,-2,0,20,-2,20,,,,,,,,,
20,VISIT,1833,Random,OnArrival,5,6,21886,Node_36,14,0,13,14,13,,,,,,,,,
20,VISIT,1834,Random,OnArrival,5,6,21886,Node_16,17,0,12,17,12,,,,,,,,,
20,VISIT,1835,Random,OnArrival,5,6,21886,Node_36,14,0,13,14,13,,,,,,,,,
20,VISIT,1819,Random,OnArrival,5,111,21890,Node_734,-1,0,20,-1,20,,,,,,,,,
20,VISIT,1823,Random,OnArrival,5,92,21890,Node_743,-2,0,23,-2,23,,,,,,,,,
20,VISIT,1824,Random,OnArrival,5,74,21890,Node_734,-1,0,20,-1,20,,,,,,,,,
20,VISIT,1825,Random,OnArrival,5,62,21890,Node_739,-1,0,22,-1,22,,,,,,,,,
20,VISIT,1826,Random,OnArrival,5,64,21890,Node_852,-2,0,19,-2,19,,,,,,,,,
20,VISIT,1827,Random,OnArrival,5,61,21890,Node_734,-1,0,20,-1,20,,,,,,,,,
20,VISIT,1828,Random,OnArrival,5,65,21890,Node_743,-2,0,23,-2,23,,,,,,,,,
20,VISIT,1829,Random,OnArrival,5,36,21890,Node_739,-1,0,22,-1,22,,,,,,,,,
20,VISIT,1830,Random,OnArrival,5,33,21890,Node_835,-10,0,15,-10,15,,,,,,,,,
20,VISIT,1831,Random,OnArrival,5,35,21890,Node_743,-2,0,23,-2,23,,,,,,,,,
20,VISIT,1832,Random,OnArrival,5,38,21890,Node_734,-1,0,20,-1,20,,,,,,,,,
20,VISIT,1833,Random,OnArrival,5,7,21890,Node_37,14,0,14,14,14,,,,,,,,,
20,VISIT,1834,Random,OnArrival,5,7,21890,Node_18,16,0,12,16,12,,,,,,,,,
20,VISIT,1835,Random,OnArrival,5,7,21890,Node_37,14,0,14,14,14,,,,,,,,,
20,VISIT,1836,Random,OnArrival,5,6,21890,Node_55,18,0,14,18,14,,,,,,,,,
20,VISIT,1823,Random,OnArrival,5,93,21894,Node_745,-3,0,23,-3,23,,,,,,,,,
20,VISIT,1826,Random,OnArrival,5,65,21894,Node_853,-2,0,20,-2,20,,,,,,,,,
20,VISIT,1828,Random,OnArrival,5,66,21894,Node_741,-2,0,22,-2,22,,,,,,,,,
20,VISIT,1829,Random,OnArrival,5,37,21894,Node_741,-2,0,22,-2,22,,,,,,,,,
20,VISIT,1830,Random,OnArrival,5,34,21894,Node_837,-10,0,16,-10,16,,,,,,,,,
20,VISIT,1831,Random,OnArrival,5,36,21894,Node_745,-3,0,23,-3,23,,,,,,,,,
20,VISIT,1833,Random,OnArrival,5,8,21894,Node_38,13,0,14,13,14,,,,,,,,,
20,VISIT,1834,Random,OnArrival,5,8,21894,Node_29,15,0,12,15,12,,,,,,,,,
20,VISIT,1835,Random,OnArrival,5,8,21894,Node_38,13,0,14,13,14,,,,,,,,,
20,VISIT,1836,Random,OnArrival,5,7,21894,Node_96,17,0,14,17,14,,,,,,,,,
20,VISIT,1819,Random,OnArrival,5,112,21898,Node_739,-1,0,22,-1,22,,,,,,,,,
20,VISIT,1823,Random,OnArrival,5,94,21898,Node_743,-2,0,23,-2,23,,,,,,,,,
20,VISIT,1824,Random,OnArrival,5,75,21898,Node_870,1,0,20,1,20,,,,,,,,,
20,VISIT,1825,Random,OnArrival,5,63,21898,Node_734,-1,0,20,-1,20,,,,,,,,,
20,VISIT,1826,Random,OnArrival,5,66,21898,Node_734,-1,0,20,-1,20,,,,,,,,,
20,VISIT,1827,Random,OnArrival,5,62,21898,Node_870,1,0,20,1,20,,,,,,,,,
20,VISIT,1828,Random,OnArrival,5,67,21898,Node_739,-1,0,22,-1,22,,,,,,,,,
20,VISIT,1829,Random,OnArrival,5,38,21898,Node_743,-2,0,23,-2,23,,,,,,,,,
20,VISIT,1830,Random,OnArrival,5,35,21898,Node_839,-10,0,17,-10,17,,,,,,,,,
20,VISIT,1831,Random,OnArrival,5,37,21898,Node_868,-4,0,23,-4,23,,,,,,,,,
20,VISIT,1832,Random,OnArrival,5,39,21898,Node_870,1,0,20,1,20,,,,,,,,,
20,VISIT,1833,Random,OnArrival,5,9,21898,Node_39,13,0,15,13,15,,,,,,,,,
20,VISIT,1834,Random,OnArrival,5,9,21898,Node_31,15,0,13,15,13,,,,,,,,,
20,VISIT,1835,Random,OnArrival,5,9,21898,Node_39,13,0,15,13,15,,,,,,,,,
20,VISIT,1836,Random,OnArrival,5,8,21898,Node_159,16,0,14,16,14,,,,,,,,,
20,VISIT,1819,Random,OnArrival,5,113,21902,Node_741,-2,0,22,-2,22,,,,,,,,,
20,VISIT,1823,Random,OnArrival,5,95,21902,Node_741,-2,0,22,-2,22,,,,,,,,,
20,VISIT,1824,Random,OnArrival,5,76,21902,Node_715,2,0,20,2,20,,,,,,,,,
20,VISIT,1827,Random,OnArrival,5,63,21902,Node_715,2,0,20,2,20,,,,,,,,,
20,VISIT,1829,Random,OnArrival,5,39,21902,Node_745,-3,0,23,-3,23,,,,,,,,,
20,VISIT,1830,Random,OnArrival,5,36,21902,Node_841,-10,0,18,-10,18,,,,,,,,,
20,VISIT,1831,Random,OnArrival,5,38,21902,Node_748,-4,0,22,-4,22,,,,,,,,,
20,VISIT,1832,Random,OnArrival,5,40,21902,Node_715,2,0,20,2,20,,,,,,,,,
20,VISIT,1833,Random,OnArrival,5,10,21902,Node_255,13,0,16,13,16,,,,,,,,,
20,VISIT,1834,Random,OnArrival,5,10,21902,Node_36,14,0,13,14,13,,,,,,,,,
20,VISIT,1835,Random,OnArrival,5,10,21902,Node_255,13,0,16,13,16,,,,,,,,,
20,VISIT,1836,Random,OnArrival,5,9,21902,Node_145,15,0,14,15,14,,,,,,,,,
20,VISIT,1819,Random,OnArrival,5,114,21906,Node_743,-2,0,23,-2,23,,,,,,,,,
20,VISIT,1823,Random,OnArrival,5,96,21906,Node_739,-1,0,22,-1,22,,,,,,,,,
20,VISIT,1824,Random,OnArrival,5,77,21906,Node_673,3,0,20,3,20,,,,,,,,,
20,VISIT,1825,Random,OnArrival,5,64,21906,Node_870,1,0,20,1,20,,,,,,,,,
20,VISIT,1826,Random,OnArrival,5,67,21906,Node_870,1,0,20,1,20,,,,,,,,,
20,VISIT,1827,Random,OnArrival,5,64,21906,Node_673,3,0,20,3,20,,,,,,,,,
20,VISIT,1828,Random,OnArrival,5,68,21906,Node_734,-1,0,20,-1,20,,,,,,,,,
20,VISIT,1829,Random,OnArrival,5,40,21906,Node_743,-2,0,23,-2,23,,,,,,,,,
20,VISIT,1831,Random,OnArrival,5,39,21906,Node_746,-3,0,22,-3,22,,,,,,,,,
20,VISIT,1832,Random,OnArrival,5,41,21906,Node_673,3,0,20,3,20,,,,,,,,,
20,VISIT,1833,Random,OnArrival,5,11,21906,Node_258,13,0,17,13,17,,,,,,,,,
20,VISIT,1834,Random,OnArrival,5,11,21906,Node_37,14,0,14,14,14,,,,,,,,,
20,VISIT,1835,Random,OnArrival,5,11,21906,Node_258,13,0,17,13,17,,,,,,,,,
20,VISIT,1836,Random,OnArrival,5,10,21906,Node_37,14,0,14,14,14,,,,,,,,,
20,VISIT,1819,Random,OnArrival,5,115,21910,Node_745,-3,0,23,-3,23,,,,,,,,,
20,VISIT,1825,Random,OnArrival,5,65,21910,Node_715,2,0,20,2,20,,,,,,,,,
20,VISIT,1826,Random,OnArrival,5,68,21910,Node_715,2,0,20,2,20,,,,,,,,,
20,VISIT,1829,Random,OnArrival,5,41,21910,Node_741,-2,0,22,-2,22,,,,,,,,,
20,VISIT,1830,Random,OnArrival,5,37,21910,Node_845,-10,0,20,-10,20,,,,,,,,,
20,VISIT,1831,Random,OnArrival,5,40,21910,Node_741,-2,0,22,-2,22,,,,,,,,,
20,VISIT,1833,Random,OnArrival,5,12,21910,Node_260,13,0,18,13,18,,,,,,,,,
20,VISIT,1834,Random,OnArrival,5,12,21910,Node_38,13,0,14,13,14,,,,,,,,,
20,VISIT,1835,Random,OnArrival,5,12,21910,Node_260,13,0,18,13,18,,,,,,,,,
20,VISIT,1836,Random,OnArrival,5,11,21910,Node_38,13,0,14,13,14,,,,,,,,,
20,VISIT,1819,Random,OnArrival,5,116,21914,Node_868,-4,0,23,-4,23,,,,,,,,,
20,VISIT,1823,Random,OnArrival,5,97,21914,Node_734,-1,0,20,-1,20,,,,,,,,,
20,VISIT,1824,Random,OnArrival,5,78,21914,Node_671,5,0,20,5,20,,,,,,,,,
20,VISIT,1825,Random,OnArrival,5,66,21914,Node_673,3,0,20,3,20,,,,,,,,,
20,VISIT,1826,Random,OnArrival,5,69,21914,Node_673,3,0,20,3,20,,,,,,,,,
20,VISIT,1827,Random,OnArrival,5,65,21914,Node_671,5,0,20,5,20,,,,,,,,,
20,VISIT,1828,Random,OnArrival,5,69,21914,Node_870,1,0,20,1,20,,,,,,,,,
20,VISIT,1829,Random,OnArrival,5,42,21914,Node_739,-1,0,22,-1,22,,,,,,,,,
20,VISIT,1830,Random,OnArrival,5,38,21914,Node_847,-10,0,21,-10,21,,,,,,,,,
20,VISIT,1831,Random,OnArrival,5,41,21914,Node_739,-1,0,22,-1,22,,,,,,,,,
20,VISIT,1832,Random,OnArrival,5,42,21914,Node_671,5,0,20,5,20,,,,,,,,,
20,VISIT,1833,Random,OnArrival,5,13,21914,Node_263,12,0,18,12,18,,,,,,,,,
20,VISIT,1834,Random,OnArrival,5,13,21914,Node_39,13,0,15,13,15,,,,,,,,,
20,VISIT,1835,Random,OnArrival,5,13,21914,Node_263,12,0,18,12,18,,,,,,,,,
20,VISIT,1836,Random,OnArrival,5,12,21914,Node_39,13,0,15,13,15,,,,,,,,,
20,VISIT,1819,Random,OnArrival,5,117,21918,Node_748,-4,0,22,-4,22,,,,,,,,,
20,VISIT,1824,Random,OnArrival,5,79,21918,Node_576,6,0,20,6,20,,,,,,,,,
20,VISIT,1827,Random,OnArrival,5,66,21918,Node_576,6,0,20,6,20,,,,,,,,,
20,VISIT,1828,Random,OnArrival,5,70,21918,Node_715,2,0,20,2,20,,,,,,,,,
20,VISIT,1830,Random,OnArrival,5,39,21918,Node_855,-10,0,22,-10,22,,,,,,,,,
20,VISIT,1832,Random,OnArrival,5,43,21918,Node_576,6,0,20,6,20,,,,,,,,,
20,VISIT,1833,Random,OnArrival,5,14,21918,Node_277,11,0,18,11,18,,,,,,,,,
20,VISIT,1834,Random,OnArrival,5,14,21918,Node_255,13,0,16,13,16,,,,,,,,,
20,VISIT,1835,Random,OnArrival,5,14,21918,Node_277,11,0,18,11,18,,,,,,,,,
20,VISIT,1836,Random,OnArrival,5,13,21918,Node_255,13,0,16,13,16,,,,,,,,,
20,VISIT,1819,Random,OnArrival,5,118,21922,Node_746,-3,0,22,-3,22,,,,,,,,,
20,VISIT,1823,Random,OnArrival,5,98,21922,Node_870,1,0,20,1,20,,,,,,,,,
20,VISIT,1824,Random,OnArrival,5,80,21922,Node_574,7,0,20,7,20,,,,,,,,,
20,VISIT,1825,Random,OnArrival,5,67,21922,Node_671,5,0,20,5,20,,,,,,,,,
20,VISIT,1826,Random,OnArrival,5,70,21922,Node_671,5,0,20,5,20,,,,,,,,,
20,VISIT,1827,Random,OnArrival,5,67,21922,Node_574,7,0,20,7,20,,,,,,,,,
20,VISIT,1828,Random,OnArrival,5,71,21922,Node_673,3,0,20,3,20,,,,,,,,,
20,VISIT,1829,Random,OnArrival,5,43,21922,Node_734,-1,0,20,-1,20,,,,,,,,,
20,VISIT,1831,Random,OnArrival,5,42,21922,Node_734,-1,0,20,-1,20,,,,,,,,,
20,VISIT,1832,Random,OnArrival,5,44,21922,Node_574,7,0,20,7,20,,,,,,,,,
20,VISIT,1834,Random,OnArrival,5,15,21922,Node_258,13,0,17,13,17,,,,,,,,,
20,VISIT,1836,Random,OnArrival,5,14,21922,Node_258,13,0,17,13,17,,,,,,,,,
20,VISIT,1819,Random,OnArrival,5,119,21926,Node_741,-2,0,22,-2,22,,,,,,,,,
20,VISIT,1823,Random,OnArrival,5,99,21926,Node_715,2,0,20,2,20,,,,,,,,,
20,VISIT,1824,Random,OnArrival,5,81,21926,Node_696,8,0,20,8,20,,,,,,,,,
20,VISIT,1825,Random,OnArrival,5,68,21926,Node_576,6,0,20,6,20,,,,,,,,,
20,VISIT,1826,Random,OnArrival,5,71,21926,Node_576,6,0,20,6,20,,,,,,,,,
20,VISIT,1827,Random,OnArrival,5,68,21926,Node_696,8,0,20,8,20,,,,,,,,,
20,VISIT,1830,Random,OnArrival,5,40,21926,Node_857,-10,0,24,-10,24,,,,,,,,,
20,VISIT,1832,Random,OnArrival,5,45,21926,Node_696,8,0,20,8,20,,,,,,,,,
20,VISIT,1833,Random,OnArrival,5,15,21926,Node_565,9,0,18,9,18,,,,,,,,,
20,VISIT,1834,Random,OnArrival,5,16,21926,Node_260,13,0,18,13,18,,,,,,,,,
20,VISIT,1835,Random,OnArrival,5,15,21926,Node_565,9,0,18,9,18,,,,,,,,,
20,VISIT,1836,Random,OnArrival,5,15,21926,Node_260,13,0,18,13,18,,,,,,,,,
20,VISIT,1819,Random,OnArrival,5,120,21930,Node_739,-1,0,22,-1,22,,,,,,,,,
20,VISIT,1823,Random,OnArrival,5,100,21930,Node_673,3,0,20,3,20,,,,,,,,,
20,VISIT,1824,Random,OnArrival,5,82,21930,Node_695,8,0,21,8,21,,,,,,,,,
20,VISIT,1825,Random,OnArrival,5,69,21930,Node_574,7,0,20,7,20,,,,,,,,,
20,VISIT,1826,Random,OnArrival,5,72,21930,Node_574,7,0,20,7,20,,,,,,,,,
20,VISIT,1827,Random,OnArrival,5,69,21930,Node_695,8,0,21,8,21,,,,,,,,,
20,VISIT,1828,Random,OnArrival,5,72,21930,Node_671,5,0,20,5,20,,,,,,,,,
20,VISIT,1829,Random,OnArrival,5,44,21930,Node_870,1,0,20,1,20,,,,,,,,,
20,VISIT,1830,Random,OnArrival,5,41,21930,Node_858,-10,0,25,-10,25,,,,,,,,,
20,VISIT,1831,Random,OnArrival,5,43,21930,Node_870,1,0,20,1,20,,,,,,,,,
20,VISIT,1832,Random,OnArrival,5,46,21930,Node_695,8,0,21,8,21,,,,,,,,,
20,VISIT,1833,Random,OnArrival,5,16,21930,Node_382,8,0,18,8,18,,,,,,,,,
20,VISIT,1834,Random,OnArrival,5,17,21930,Node_263,12,0,18,12,18,,,,,,,,,
20,VISIT,1835,Random,OnArrival,5,16,21930,Node_382,8,0,18,8,18,,,,,,,,,
20,VISIT,1836,Random,OnArrival,5,16,21930,Node_263,12,0,18,12,18,,,,,,,,,
20,VISIT,1824,Random,OnArrival,5,83,21934,Node_689,9,0,21,9,21,,,,,,,,,
20,VISIT,1825,Random,OnArrival,5,70,21934,Node_696,8,0,20,8,20,,,,,,,,,
20,VISIT,1826,Random,OnArrival,5,73,21934,Node_696,8,0,20,8,20,,,,,,,,,
20,VISIT,1827,Random,OnArrival,5,70,21934,Node_689,9,0,21,9,21,,,,,,,,,
20,VISIT,1828,Random,OnArrival,5,73,21934,Node_576,6,0,20,6,20,,,,,,,,,
20,VISIT,1829,Random,OnArrival,5,45,21934,Node_715,2,0,20,2,20,,,,,,,,,
20,VISIT,1830,Random,OnArrival,5,42,21934,Node_859,-9,0,25,-9,25,,,,,,,,,
20,VISIT,1831,Random,OnArrival,5,44,21934,Node_715,2,0,20,2,20,,,,,,,,,
20,VISIT,1832,Random,OnArrival,5,47,21934,Node_689,9,0,21,9,21,,,,,,,,,
20,VISIT,1833,Random,OnArrival,5,17,21934,Node_385,7,0,18,7,18,,,,,,,,,
20,VISIT,1834,Random,OnArrival,5,18,21934,Node_277,11,0,18,11,18,,,,,,,,,
20,VISIT,1835,Random,OnArrival,5,17,21934,Node_385,7,0,18,7,18,,,,,,,,,
20,VISIT,1836,Random,OnArrival,5,17,21934,Node_277,11,0,18,11,18,,,,,,,,,
20,VISIT,1819,Random,OnArrival,5,121,21938,Node_734,-1,0,20,-1,20,,,,,,,,,
20,VISIT,1823,Random,OnArrival,5,101,21938,Node_671,5,0,20,5,20,,,,,,,,,
20,VISIT,1825,Random,OnArrival,5,71,21938,Node_695,8,0,21,8,21,,,,,,,,,
20,VISIT,1826,Random,OnArrival,5,74,21938,Node_695,8,0,21,8,21,,,,,,,,,
20,VISIT,1828,Random,OnArrival,5,74,21938,Node_574,7,0,20,7,20,,,,,,,,,
20,VISIT,1829,Random,OnArrival,5,46,21938,Node_673,3,0,20,3,20,,,,,,,,,
20,VISIT,1831,Random,OnArrival,5,45,21938,Node_673,3,0,20,3,20,,,,,,,,,
20,VISIT,1833,Random,OnArrival,5,18,21938,Node_573,7,0,19,7,19,,,,,,,,,
20,VISIT,1835,Random,OnArrival,5,18,21938,Node_573,7,0,19,7,19,,,,,,,,,
20,VISIT,1837,Random,OnArrival,5,0,21938,Node_6,19,0,12,19,12,,,,,,,,,
20,VISIT,1838,Random,OnArrival,5,0,21938,Node_7,19,0,8,19,8,,,,,,,,,
20,VISIT,1839,Random,OnArrival,5,0,21938,Node_8,17,0,10,17,10,,,,,,,,,
20,VISIT,1840,Random,OnArrival,5,0,21938,Node_9,21,0,10,21,10,,,,,,,,,
20,VISIT,1823,Random,OnArrival,5,102,21942,Node_576,6,0,20,6,20,,,,,,,,,
20,VISIT,1824,Random,OnArrival,5,84,21942,Node_282,11,0,21,11,21,,,,,,,,,
20,VISIT,1825,Random,OnArrival,5,72,21942,Node_689,9,0,21,9,21,,,,,,,,,
20,VISIT,1826,Random,OnArrival,5,75,21942,Node_689,9,0,21,9,21,,,,,,,,,
20,VISIT,1827,Random,OnArrival,5,71,21942,Node_282,11,0,21,11,21,,,,,,,,,
20,VISIT,1828,Random,OnArrival,5,75,21942,Node_696,8,0,20,8,20,,,,,,,,,
20,VISIT,1830,Random,OnArrival,5,43,21942,Node_861,-7,0,25,-7,25,,,,,,,,,
20,VISIT,1832,Random,OnArrival,5,48,21942,Node_282,11,0,21,11,21,,,,,,,,,
20,VISIT,1833,Random,OnArrival,5,19,21942,Node_574,7,0,20,7,20,,,,,,,,,
20,VISIT,1834,Random,OnArrival,5,19,21942,Node_565,9,0,18,9,18,,,,,,,,,
20,VISIT,1835,Random,OnArrival,5,19,21942,Node_574,7,0,20,7,20,,,,,,,,,
20,VISIT,1836,Random,OnArrival,5,18,21942,Node_565,9,0,18,9,18,,,,,,,,,
20,VISIT,1837,Random,OnArrival,5,1,21942,Node_2,19,0,11,19,11,,,,,,,,,
20,VISIT,1838,Random,OnArrival,5,1,21942,Node_3,19,0,9,19,9,,,,,,,,,
20,VISIT,1839,Random,OnArrival,5,1,21942,Node_4,18,0,10,18,10,,,,,,,,,
20,VISIT,1840,Random,OnArrival,5,1,21942,Node_13,21,0,11,21,11,,,,,,,,,
20,VISIT,1819,Random,OnArrival,5,122,21946,Node_870,1,0,20,1,20,,,,,,,,,
20,VISIT,1823,Random,OnArrival,5,103,21946,Node_574,7,0,20,7,20,,,,,,,,,
20,VISIT,1824,Random,OnArrival,5,85,21946,Node_284,11,0,22,11,22,,,,,,,,,
20,VISIT,1827,Random,OnArrival,5,72,21946,Node_284,11,0,22,11,22,,,,,,,,,
20,VISIT,1828,Random,OnArrival,5,76,21946,Node_695,8,0,21,8,21,,,,,,,,,
20,VISIT,1829,Random,OnArrival,5,47,21946,Node_671,5,0,20,5,20,,,,,,,,,
20,VISIT,1830,Random,OnArrival,5,44,21946,Node_864,-6,0,25,-6,25,,,,,,,,,
20,VISIT,1831,Random,OnArrival,5,46,21946,Node_671,5,0,20,5,20,,,,,,,,,
20,VISIT,1832,Random,OnArrival,5,49,21946,Node_284,11,0,22,11,22,,,,,,,,,
20,VISIT,1833,Random,OnArrival,5,20,21946,Node_576,6,0,20,6,20,,,,,,,,,
20,VISIT,1834,Random,OnArrival,5,20,21946,Node_382,8,0,18,8,18,,,,,,,,,
20,VISIT,1835,Random,OnArrival,5,20,21946,Node_576,6,0,20,6,20,,,,,,,,,
20,VISIT,1836,Random,OnArrival,5,19,21946,Node_382,8,0,18,8,18,,,,,,,,,
20,VISIT,1837,Random,OnArrival,5,2,21946,Node_40,20,0,11,20,11,,,,,,,,,
20,VISIT,1838,Random,OnArrival,5,2,21946,Node_48,20,0,9,20,9,,,,,,,,,
20,VISIT,1839,Random,OnArrival,5,2,21946,Node_14,18,0,11,18,11,,,,,,,,,
20,VISIT,1840,Random,OnArrival,5,2,21946,Node_53,22,0,11,22,11,,,,,,,,,
20,VISIT,1819,Random,OnArrival,5,123,21950,Node_715,2,0,20,2,20,,,,,,,,,
20,VISIT,1823,Random,OnArrival,5,104,21950,Node_696,8,0,20,8,20,,,,,,,,,
20,VISIT,1824,Random,OnArrival,5,86,21950,Node_667,11,0,23,11,23,,,,,,,,,
20,VISIT,1825,Random,OnArrival,5,73,21950,Node_282,11,0,21,11,21,,,,,,,,,
20,VISIT,1826,Random,OnArrival,5,76,21950,Node_282,11,0,21,11,21,,,,,,,,,
20,VISIT,1827,Random,OnArrival,5,73,21950,Node_667,11,0,23,11,23,,,,,,,,,
20,VISIT,1828,Random,OnArrival,5,77,21950,Node_689,9,0,21,9,21,,,,,,,,,
20,VISIT,1829,Random,OnArrival,5,48,21950,Node_576,6,0,20,6,20,,,,,,,,,
20,VISIT,1830,Random,OnArrival,5,45,21950,Node_737,-5,0,25,-5,25,,,,,,,,,
20,VISIT,1831,Random,OnArrival,5,47,21950,Node_576,6,0,20,6,20,,,,,,,,,
20,VISIT,1832,Random,OnArrival,5,50,21950,Node_667,11,0,23,11,23,,,,,,,,,
20,VISIT,1833,Random,OnArrival,5,21,21950,Node_671,5,0,20,5,20,,,,,,,,,
20,VISIT,1834,Random,OnArrival,5,21,21950,Node_385,7,0,18,7,18,,,,,,,,,
20,VISIT,1835,Random,OnArrival,5,21,21950,Node_671,5,0,20,5,20,,,,,,,,,
20,VISIT,1836,Random,OnArrival,5,20,21950,Node_385,7,0,18,7,18,,,,,,,,,
20,VISIT,1837,Random,OnArrival,5,3,21950,Node_13,21,0,11,21,11,,,,,,,,,
20,VISIT,1838,Random,OnArrival,5,3,21950,Node_47,21,0,9,21,9,,,,,,,,,
20,VISIT,1839,Random,OnArrival,5,3,21950,Node_2,19,0,11,19,11,,,,,,,,,
20,VISIT,1840,Random,OnArrival,5,3,21950,Node_129,23,0,11,23,11,,,,,,,,,
20,VISIT,1819,Random,OnArrival,5,124,21954,Node_673,3,0,20,3,20,,,,,,,,,
20,VISIT,1823,Random,OnArrival,5,105,21954,Node_695,8,0,21,8,21,,,,,,,,,
20,VISIT,1824,Random,OnArrival,5,87,21954,Node_662,12,0,23,12,23,,,,,,,,,
20,VISIT,1825,Random,OnArrival,5,74,21954,Node_284,11,0,22,11,22,,,,,,,,,
20,VISIT,1826,Random,OnArrival,5,77,21954,Node_284,11,0,22,11,22,,,,,,,,,
20,VISIT,1827,Random,OnArrival,5,74,21954,Node_662,12,0,23,12,23,,,,,,,,,
20,VISIT,1829,Random,OnArrival,5,49,21954,Node_574,7,0,20,7,20,,,,,,,,,
20,VISIT,1831,Random,OnArrival,5,48,21954,Node_574,7,0,20,7,20,,,,,,,,,
20,VISIT,1832,Random,OnArrival,5,51,21954,Node_662,12,0,23,12,23,,,,,,,,,
20,VISIT,1834,Random,OnArrival,5,22,21954,Node_573,7,0,19,7,19,,,,,,,,,
20,VISIT,1836,Random,OnArrival,5,21,21954,Node_573,7,0,19,7,19,,,,,,,,,
20,VISIT,1837,Random,OnArrival,5,4,21954,Node_53,22,0,11,22,11,,,,,,,,,
20,VISIT,1838,Random,OnArrival,5,4,21954,Node_59,22,0,9,22,9,,,,,,,,,
20,VISIT,1839,Random,OnArrival,5,4,21954,Node_40,20,0,11,20,11,,,,,,,,,
20,VISIT,1840,Random,OnArrival,5,4,21954,Node_130,23,0,12,23,12,,,,,,,,,
20,VISIT,1823,Random,OnArrival,5,106,21958,Node_689,9,0,21,9,21,,,,,,,,,
20,VISIT,1824,Random,OnArrival,5,88,21958,Node_569,13,0,23,13,23,,,,,,,,,
20,VISIT,1825,Random,OnArrival,5,75,21958,Node_667,11,0,23,11,23,,,,,,,,,
20,VISIT,1826,Random,OnArrival,5,78,21958,Node_667,11,0,23,11,23,,,,,,,,,
20,VISIT,1827,Random,OnArrival,5,75,21958,Node_569,13,0,23,13,23,,,,,,,,,
20,VISIT,1828,Random,OnArrival,5,78,21958,Node_282,11,0,21,11,21,,,,,,,,,
20,VISIT,1829,Random,OnArrival,5,50,21958,Node_696,8,0,20,8,20,,,,,,,,,
20,VISIT,1831,Random,OnArrival,5,49,21958,Node_696,8,0,20,8,20,,,,,,,,,
20,VISIT,1832,Random,OnArrival,5,52,21958,Node_569,13,0,23,13,23,,,,,,,,,
20,VISIT,1833,Random,OnArrival,5,22,21958,Node_673,3,0,20,3,20,,,,,,,,,
20,VISIT,1834,Random,OnArrival,5,23,21958,Node_574,7,0,20,7,20,,,,,,,,,
20,VISIT,1835,Random,OnArrival,5,22,21958,Node_673,3,0,20,3,20,,,,,,,,,
20,VISIT,1836,Random,OnArrival,5,22,21958,Node_574,7,0,20,7,20,,,,,,,,,
20,VISIT,1837,Random,OnArrival,5,5,21958,Node_129,23,0,11,23,11,,,,,,,,,
20,VISIT,1838,Random,OnArrival,5,5,21958,Node_127,23,0,9,23,9,,,,,,,,,
20,VISIT,1839,Random,OnArrival,5,5,21958,Node_13,21,0,11,21,11,,,,,,,,,
20,VISIT,1840,Random,OnArrival,5,5,21958,Node_131,24,0,12,24,12,,,,,,,,,
20,VISIT,1819,Random,OnArrival,5,125,21962,Node_671,5,0,20,5,20,,,,,,,,,
20,VISIT,1824,Random,OnArrival,5,89,21962,Node_557,14,0,23,14,23,,,,,,,,,
20,VISIT,1825,Random,OnArrival,5,76,21962,Node_662,12,0,23,12,23,,,,,,,,,
20,VISIT,1826,Random,OnArrival,5,79,21962,Node_662,12,0,23,12,23,,,,,,,,,
20,VISIT,1827,Random,OnArrival,5,76,21962,Node_557,14,0,23,14,23,,,,,,,,,
20,VISIT,1828,Random,OnArrival,5,79,21962,Node_284,11,0,22,11,22,,,,,,,,,
20,VISIT,1829,Random,OnArrival,5,51,21962,Node_695,8,0,21,8,21,,,,,,,,,
20,VISIT,1831,Random,OnArrival,5,50,21962,Node_695,8,0,21,8,21,,,,,,,,,
20,VISIT,1832,Random,OnArrival,5,53,21962,Node_557,14,0,23,14,23,,,,,,,,,
20,VISIT,1833,Random,OnArrival,5,23,21962,Node_715,2,0,20,2,20,,,,,,,,,
20,VISIT,1834,Random,OnArrival,5,24,21962,Node_576,6,0,20,6,20,,,,,,,,,
20,VISIT,1835,Random,OnArrival,5,23,21962,Node_715,2,0,20,2,20,,,,,,,,,
20,VISIT,1836,Random,OnArrival,5,23,21962,Node_576,6,0,20,6,20,,,,,,,,,
20,VISIT,1837,Random,OnArrival,5,6,21962,Node_130,23,0,12,23,12,,,,,,,,,
20,VISIT,1839,Random,OnArrival,5,6,21962,Node_53,22,0,11,22,11,,,,,,,,,
20,VISIT,1840,Random,OnArrival,5,6,21962,Node_132,24,0,13,24,13,,,,,,,,,
20,VISIT,1819,Random,OnArrival,5,126,21966,Node_576,6,0,20,6,20,,,,,,,,,
20,VISIT,1823,Random,OnArrival,5,107,21966,Node_282,11,0,21,11,21,,,,,,,,,
20,VISIT,1824,Random,OnArrival,5,90,21966,Node_556,14,0,24,14,24,,,,,,,,,
20,VISIT,1825,Random,OnArrival,5,77,21966,Node_569,13,0,23,13,23,,,,,,,,,
20,VISIT,1826,Random,OnArrival,5,80,21966,Node_569,13,0,23,13,23,,,,,,,,,
20,VISIT,1827,Random,OnArrival,5,77,21966,Node_556,14,0,24,14,24,,,,,,,,,
20,VISIT,1828,Random,OnArrival,5,80,21966,Node_667,11,0,23,11,23,,,,,,,,,
20,VISIT,1829,Random,OnArrival,5,52,21966,Node_689,9,0,21,9,21,,,,,,,,,
20,VISIT,1831,Random,OnArrival,5,51,21966,Node_689,9,0,21,9,21,,,,,,,,,
20,VISIT,1832,Random,OnArrival,5,54,21966,Node_556,14,0,24,14,24,,,,,,,,,
20,VISIT,1833,Random,OnArrival,5,24,21966,Node_870,1,0,20,1,20,,,,,,,,,
20,VISIT,1834,Random,OnArrival,5,25,21966,Node_671,5,0,20,5,20,,,,,,,,,
20,VISIT,1835,Random,OnArrival,5,24,21966,Node_870,1,0,20,1,20,,,,,,,,,
20,VISIT,1836,Random,OnArrival,5,24,21966,Node_671,5,0,20,5,20,,,,,,,,,
20,VISIT,1837,Random,OnArrival,5,7,21966,Node_131,24,0,12,24,12,,,,,,,,,
20,VISIT,1838,Random,OnArrival,5,6,21966,Node_166,25,0,9,25,9,,,,,,,,,
20,VISIT,1839,Random,OnArrival,5,7,21966,Node_129,23,0,11,23,11,,,,,,,,,
20,VISIT,1840,Random,OnArrival,5,7,21966,Node_174,25,0,13,25,13,,,,,,,,,
20,VISIT,1819,Random,OnArrival,5,127,21970,Node_574,7,0,20,7,20,,,,,,,,,
20,VISIT,1823,Random,OnArrival,5,108,21970,Node_284,11,0,22,11,22,,,,,,,,,
20,VISIT,1824,Random,OnArrival,5,91,21970,Node_555,14,0,25,14,25,,,,,,,,,
20,VISIT,1825,Random,OnArrival,5,78,21970,Node_557,14,0,23,14,23,,,,,,,,,
20,VISIT,1826,Random,OnArrival,5,81,21970,Node_557,14,0,23,14,23,,,,,,,,,
20,VISIT,1827,Random,OnArrival,5,78,21970,Node_555,14,0,25,14,25,,,,,,,,,
20,VISIT,1828,Random,OnArrival,5,81,21970,Node_662,12,0,23,12,23,,,,,,,,,
20,VISIT,1830,Random,OnArrival,5,46,21970,Node_731,0,0,25,0,25,,,,,,,,,
20,VISIT,1832,Random,OnArrival,5,55,21970,Node_555,14,0,25,14,25,,,,,,,,,
20,VISIT,1837,Random,OnArrival,5,8,21970,Node_132,24,0,13,24,13,,,,,,,,,
20,VISIT,1838,Random,OnArrival,5,7,21970,Node_246,26,0,9,26,9,,,,,,,,,
20,VISIT,1839,Random,OnArrival,5,8,21970,Node_130,23,0,12,23,12,,,,,,,,,
20,VISIT,1840,Random,OnArrival,5,8,21970,Node_191,26,0,13,26,13,,,,,,,,,
20,VISIT,1819,Random,OnArrival,5,128,21974,Node_696,8,0,20,8,20,,,,,,,,,
20,VISIT,1823,Random,OnArrival,5,109,21974,Node_667,11,0,23,11,23,,,,,,,,,
20,VISIT,1824,Random,OnArrival,5,92,21974,Node_554,15,0,25,15,25,,,,,,,,,
20,VISIT,1825,Random,OnArrival,5,79,21974,Node_556,14,0,24,14,24,,,,,,,,,
20,VISIT,1826,Random,OnArrival,5,82,21974,Node_556,14,0,24,14,24,,,,,,,,,
20,VISIT,1827,Random,OnArrival,5,79,21974,Node_554,15,0,25,15,25,,,,,,,,,
20,VISIT,1828,Random,OnArrival,5,82,21974,Node_569,13,0,23,13,23,,,,,,,,,
20,VISIT,1829,Random,OnArrival,5,53,21974,Node_282,11,0,21,11,21,,,,,,,,,
20,VISIT,1830,Random,OnArrival,5,47,21974,Node_729,0,0,24,0,24,,,,,,,,,
20,VISIT,1831,Random,OnArrival,5,52,21974,Node_282,11,0,21,11,21,,,,,,,,,
20,VISIT,1832,Random,OnArrival,5,56,21974,Node_554,15,0,25,15,25,,,,,,,,,
20,VISIT,1833,Random,OnArrival,5,25,21974,Node_734,-1,0,20,-1,20,,,,,,,,,
20,VISIT,1834,Random,OnArrival,5,26,21974,Node_673,3,0,20,3,20,,,,,,,,,
20,VISIT,1835,Random,OnArrival,5,25,21974,Node_734,-1,0,20,-1,20,,,,,,,,,
20,VISIT,1836,Random,OnArrival,5,25,21974,Node_673,3,0,20,3,20,,,,,,,,,
20,VISIT,1837,Random,OnArrival,5,9,21974,Node_174,25,0,13,25,13,,,,,,,,,
20,VISIT,1838,Random,OnArrival,5,8,21974,Node_270,27,0,9,27,9,,,,,,,,,
20,VISIT,1839,Random,OnArrival,5,9,21974,Node_131,24,0,12,24,12,,,,,,,,,
20,VISIT,1840,Random,OnArrival,5,9,21974,Node_280,27,0,13,27,13,,,,,,,,,
20,VISIT,1819,Random,OnArrival,5,129,21978,Node_695,8,0,21,8,21,,,,,,,,,
20,VISIT,1823,Random,OnArrival,5,110,21978,Node_662,12,0,23,12,23,,,,,,,,,
20,VISIT,1825,Random,OnArrival,5,80,21978,Node_555,14,0,25,14,25,,,,,,,,,
20,VISIT,1826,Random,OnArrival,5,83,21978,Node_555,14,0,25,14,25,,,,,,,,,
20,VISIT,1828,Random,OnArrival,5,83,21978,Node_557,14,0,23,14,23,,,,,,,,,
20,VISIT,1829,Random,OnArrival,5,54,21978,Node_284,11,0,22,11,22,,,,,,,,,
20,VISIT,1830,Random,OnArrival,5,48,21978,Node_727,1,0,24,1,24,,,,,,,,,
20,VISIT,1831,Random,OnArrival,5,53,21978,Node_284,11,0,22,11,22,,,,,,,,,
20,VISIT,1834,Random,OnArrival,5,27,21978,Node_715,2,0,20,2,20,,,,,,,,,
20,VISIT,1836,Random,OnArrival,5,26,21978,Node_715,2,0,20,2,20,,,,,,,,,
20,VISIT,1837,Random,OnArrival,5,10,21978,Node_191,26,0,13,26,13,,,,,,,,,
20,VISIT,1838,Random,OnArrival,5,9,21978,Node_272,27,0,10,27,10,,,,,,,,,
20,VISIT,1839,Random,OnArrival,5,10,21978,Node_132,24,0,13,24,13,,,,,,,,,
20,VISIT,1840,Random,OnArrival,5,10,21978,Node_295,28,0,13,28,13,,,,,,,,,
20,VISIT,1819,Random,OnArrival,5,130,21982,Node_689,9,0,21,9,21,,,,,,,,,
20,VISIT,1823,Random,OnArrival,5,111,21982,Node_569,13,0,23,13,23,,,,,,,,,
20,VISIT,1825,Random,OnArrival,5,81,21982,Node_554,15,0,25,15,25,,,,,,,,,
20,VISIT,1826,Random,OnArrival,5,84,21982,Node_554,15,0,25,15,25,,,,,,,,,
20,VISIT,1828,Random,OnArrival,5,84,21982,Node_556,14,0,24,14,24,,,,,,,,,
20,VISIT,1829,Random,OnArrival,5,55,21982,Node_667,11,0,23,11,23,,,,,,,,,
20,VISIT,1830,Random,OnArrival,5,49,21982,Node_721,2,0,24,2,24,,,,,,,,,
20,VISIT,1831,Random,OnArrival,5,54,21982,Node_667,11,0,23,11,23,,,,,,,,,
20,VISIT,1833,Random,OnArrival,5,26,21982,Node_739,-1,0,22,-1,22,,,,,,,,,
20,VISIT,1834,Random,OnArrival,5,28,21982,Node_870,1,0,20,1,20,,,,,,,,,
20,VISIT,1835,Random,OnArrival,5,26,21982,Node_739,-1,0,22,-1,22,,,,,,,,,
20,VISIT,1836,Random,OnArrival,5,27,21982,Node_870,1,0,20,1,20,,,,,,,,,
20,VISIT,1837,Random,OnArrival,5,11,21982,Node_280,27,0,13,27,13,,,,,,,,,
20,VISIT,1838,Random,OnArrival,5,10,21982,Node_275,27,0,11,27,11,,,,,,,,,
20,VISIT,1839,Random,OnArrival,5,11,21982,Node_174,25,0,13,25,13,,,,,,,,,
20,VISIT,1823,Random,OnArrival,5,112,21986,Node_557,14,0,23,14,23,,,,,,,,,
20,VISIT,1824,Random,OnArrival,5,93,21986,Node_539,18,0,25,18,25,,,,,,,,,
20,VISIT,1827,Random,OnArrival,5,80,21986,Node_539,18,0,25,18,25,,,,,,,,,
20,VISIT,1828,Random,OnArrival,5,85,21986,Node_555,14,0,25,14,25,,,,,,,,,
20,VISIT,1829,Random,OnArrival,5,56,21986,Node_662,12,0,23,12,23,,,,,,,,,
20,VISIT,1831,Random,OnArrival,5,55,21986,Node_662,12,0,23,12,23,,,,,,,,,
20,VISIT,1832,Random,OnArrival,5,57,21986,Node_539,18,0,25,18,25,,,,,,,,,
20,VISIT,1833,Random,OnArrival,5,27,21986,Node_741,-2,0,22,-2,22,,,,,,,,,
20,VISIT,1835,Random,OnArrival,5,27,21986,Node_741,-2,0,22,-2,22,,,,,,,,,
20,VISIT,1837,Random,OnArrival,5,12,21986,Node_295,28,0,13,28,13,,,,,,,,,
20,VISIT,1838,Random,OnArrival,5,11,21986,Node_278,27,0,12,27,12,,,,,,,,,
20,VISIT,1839,Random,OnArrival,5,12,21986,Node_191,26,0,13,26,13,,,,,,,,,
20,VISIT,1840,Random,OnArrival,5,11,21986,Node_310,30,0,13,30,13,,,,,,,,,
20,VISIT,1819,Random,OnArrival,5,131,21990,Node_282,11,0,21,11,21,,,,,,,,,
20,VISIT,1823,Random,OnArrival,5,113,21990,Node_556,14,0,24,14,24,,,,,,,,,
20,VISIT,1824,Random,OnArrival,5,94,21990,Node_536,19,0,25,19,25,,,,,,,,,
20,VISIT,1827,Random,OnArrival,5,81,21990,Node_536,19,0,25,19,25,,,,,,,,,
20,VISIT,1828,Random,OnArrival,5,86,21990,Node_554,15,0,25,15,25,,,,,,,,,
20,VISIT,1829,Random,OnArrival,5,57,21990,Node_569,13,0,23,13,23,,,,,,,,,
20,VISIT,1830,Random,OnArrival,5,50,21990,Node_719,2,0,22,2,22,,,,,,,,,
20,VISIT,1831,Random,OnArrival,5,56,21990,Node_569,13,0,23,13,23,,,,,,,,,
20,VISIT,1832,Random,OnArrival,5,58,21990,Node_536,19,0,25,19,25,,,,,,,,,
20,VISIT,1833,Random,OnArrival,5,28,21990,Node_743,-2,0,23,-2,23,,,,,,,,,
20,VISIT,1834,Random,OnArrival,5,29,21990,Node_734,-1,0,20,-1,20,,,,,,,,,
20,VISIT,1835,Random,OnArrival,5,28,21990,Node_743,-2,0,23,-2,23,,,,,,,,,
20,VISIT,1836,Random,OnArrival,5,28,21990,Node_734,-1,0,20,-1,20,,,,,,,,,
20,VISIT,1838,Random,OnArrival,5,12,21990,Node_280,27,0,13,27,13,,,,,,,,,
20,VISIT,1839,Random,OnArrival,5,13,21990,Node_280,27,0,13,27,13,,,,,,,,,
20,VISIT,1840,Random,OnArrival,5,12,21990,Node_311,31,0,13,31,13,,,,,,,,,
20,VISIT,1819,Random,OnArrival,5,132,21994,Node_284,11,0,22,11,22,,,,,,,,,
20,VISIT,1823,Random,OnArrival,5,114,21994,Node_555,14,0,25,14,25,,,,,,,,,
20,VISIT,1825,Random,OnArrival,5,82,21994,Node_539,18,0,25,18,25,,,,,,,,,
20,VISIT,1826,Random,OnArrival,5,85,21994,Node_539,18,0,25,18,25,,,,,,,,,
20,VISIT,1829,Random,OnArrival,5,58,21994,Node_557,14,0,23,14,23,,,,,,,,,
20,VISIT,1830,Random,OnArrival,5,51,21994,Node_717,2,0,21,2,21,,,,,,,,,
20,VISIT,1831,Random,OnArrival,5,57,21994,Node_557,14,0,23,14,23,,,,,,,,,
20,VISIT,1833,Random,OnArrival,5,29,21994,Node_745,-3,0,23,-3,23,,,,,,,,,
20,VISIT,1835,Random,OnArrival,5,29,21994,Node_745,-3,0,23,-3,23,,,,,,,,,
20,VISIT,1837,Random,OnArrival,5,13,21994,Node_310,30,0,13,30,13,,,,,,,,,
20,VISIT,1838,Random,OnArrival,5,13,21994,Node_295,28,0,13,28,13,,,,,,,,,
20,VISIT,1839,Random,OnArrival,5,14,21994,Node_295,28,0,13,28,13,,,,,,,,,
20,VISIT,1840,Random,OnArrival,5,13,21994,Node_331,32,0,13,32,13,,,,,,,,,
20,VISIT,1819,Random,OnArrival,5,133,21998,Node_667,11,0,23,11,23,,,,,,,,,
20,VISIT,1823,Random,OnArrival,5,115,21998,Node_554,15,0,25,15,25,,,,,,,,,
20,VISIT,1825,Random,OnArrival,5,83,21998,Node_536,19,0,25,19,25,,,,,,,,,
20,VISIT,1826,Random,OnArrival,5,86,21998,Node_536,19,0,25,19,25,,,,,,,,,
20,VISIT,1829,Random,OnArrival,5,59,21998,Node_556,14,0,24,14,24,,,,,,,,,
20,VISIT,1830,Random,OnArrival,5,52,21998,Node_715,2,0,20,2,20,,,,,,,,,
20,VISIT,1831,Random,OnArrival,5,58,21998,Node_556,14,0,24,14,24,,,,,,,,,
20,VISIT,1833,Random,OnArrival,5,30,21998,Node_868,-4,0,23,-4,23,,,,,,,,,
20,VISIT,1834,Random,OnArrival,5,30,21998,Node_739,-1,0,22,-1,22,,,,,,,,,
20,VISIT,1835,Random,OnArrival,5,30,21998,Node_868,-4,0,23,-4,23,,,,,,,,,
20,VISIT,1836,Random,OnArrival,5,29,21998,Node_739,-1,0,22,-1,22,,,,,,,,,
20,VISIT,1837,Random,OnArrival,5,14,21998,Node_311,31,0,13,31,13,,,,,,,,,
20,VISIT,1841,Random,OnArrival,5,0,21998,Node_6,19,0,12,19,12,,,,,,,,,
20,VISIT,1842,Random,OnArrival,5,0,21998,Node_7,19,0,8,19,8,,,,,,,,,
20,VISIT,1843,Random,OnArrival,5,0,21998,Node_8,17,0,10,17,10,,,,,,,,,
20,VISIT,1844,Random,OnArrival,5,0,21998,Node_9,21,0,10,21,10,,,,,,,,,
20,VISIT,1819,Random,OnArrival,5,134,22002,Node_662,12,0,23,12,23,,,,,,,,,
20,VISIT,1828,Random,OnArrival,5,87,22002,Node_539,18,0,25,18,25,,,,,,,,,
20,VISIT,1829,Random,OnArrival,5,60,22002,Node_555,14,0,25,14,25,,,,,,,,,
20,VISIT,1830,Random,OnArrival,5,53,22002,Node_673,3,0,20,3,20,,,,,,,,,
20,VISIT,1831,Random,OnArrival,5,59,22002,Node_555,14,0,25,14,25,,,,,,,,,
20,VISIT,1833,Random,OnArrival,5,31,22002,Node_748,-4,0,22,-4,22,,,,,,,,,
20,VISIT,1834,Random,OnArrival,5,31,22002,Node_741,-2,0,22,-2,22,,,,,,,,,
20,VISIT,1835,Random,OnArrival,5,31,22002,Node_748,-4,0,22,-4,22,,,,,,,,,
20,VISIT,1836,Random,OnArrival,5,30,22002,Node_741,-2,0,22,-2,22,,,,,,,,,
20,VISIT,1837,Random,OnArrival,5,15,22002,Node_331,32,0,13,32,13,,,,,,,,,
20,VISIT,1838,Random,OnArrival,5,14,22002,Node_310,30,0,13,30,13,,,,,,,,,
20,VISIT,1839,Random,OnArrival,5,15,22002,Node_310,30,0,13,30,13,,,,,,,,,
20,VISIT,1840,Random,OnArrival,5,14,22002,Node_500,34,0,13,34,13,,,,,,,,,
20,VISIT,1841,Random,OnArrival,5,1,22002,Node_2,19,0,11,19,11,,,,,,,,,
20,VISIT,1842,Random,OnArrival,5,1,22002,Node_3,19,0,9,19,9,,,,,,,,,
20,VISIT,1843,Random,OnArrival,5,1,22002,Node_4,18,0,10,18,10,,,,,,,,,
20,VISIT,1844,Random,OnArrival,5,1,22002,Node_13,21,0,11,21,11,,,,,,,,,
20,VISIT,1819,Random,OnArrival,5,135,22006,Node_569,13,0,23,13,23,,,,,,,,,
20,VISIT,1828,Random,OnArrival,5,88,22006,Node_536,19,0,25,19,25,,,,,,,,,
20,VISIT,1829,Random,OnArrival,5,61,22006,Node_554,15,0,25,15,25,,,,,,,,,
20,VISIT,1831,Random,OnArrival,5,60,22006,Node_554,15,0,25,15,25,,,,,,,,,
20,VISIT,1833,Random,OnArrival,5,32,22006,Node_746,-3,0,22,-3,22,,,,,,,,,
20,VISIT,1834,Random,OnArrival,5,32,22006,Node_743,-2,0,23,-2,23,,,,,,,,,
20,VISIT,1835,Random,OnArrival,5,32,22006,Node_746,-3,0,22,-3,22,,,,,,,,,
20,VISIT,1836,Random,OnArrival,5,31,22006,Node_743,-2,0,23,-2,23,,,,,,,,,
20,VISIT,1838,Random,OnArrival,5,15,22006,Node_311,31,0,13,31,13,,,,,,,,,
20,VISIT,1839,Random,OnArrival,5,16,22006,Node_311,31,0,13,31,13,,,,,,,,,
20,VISIT,1840,Random,OnArrival,5,15,22006,Node_637,35,0,13,35,13,,,,,,,,,
20,VISIT,1841,Random,OnArrival,5,2,22006,Node_40,20,0,11,20,11,,,,,,,,,
20,VISIT,1842,Random,OnArrival,5,2,22006,Node_48,20,0,9,20,9,,,,,,,,,
20,VISIT,1843,Random,OnArrival,5,2,22006,Node_14,18,0,11,18,11,,,,,,,,,
20,VISIT,1844,Random,OnArrival,5,2,22006,Node_53,22,0,11,22,11,,,,,,,,,
20,VISIT,1819,Random,OnArrival,5,136,22010,Node_557,14,0,23,14,23,,,,,,,,,
20,VISIT,1823,Random,OnArrival,5,116,22010,Node_539,18,0,25,18,25,,,,,,,,,
20,VISIT,1824,Random,OnArrival,5,95,22010,Node_571,24,0,25,24,25,,,,,,,,,
20,VISIT,1827,Random,OnArrival,5,82,22010,Node_571,24,0,25,24,25,,,,,,,,,
20,VISIT,1830,Random,OnArrival,5,54,22010,Node_671,5,0,20,5,20,,,,,,,,,
20,VISIT,1832,Random,OnArrival,5,59,22010,Node_571,24,0,25,24,25,,,,,,,,,
20,VISIT,1833,Random,OnArrival,5,33,22010,Node_741,-2,0,22,-2,22,,,,,,,,,
20,VISIT,1834,Random,OnArrival,5,33,22010,Node_745,-3,0,23,-3,23,,,,,,,,,
20,VISIT,1835,Random,OnArrival,5,33,22010,Node_741,-2,0,22,-2,22,,,,,,,,,
20,VISIT,1836,Random,OnArrival,5,32,22010,Node_745,-3,0,23,-3,23,,,,,,,,,
20,VISIT,1837,Random,OnArrival,5,16,22010,Node_500,34,0,13,34,13,,,,,,,,,
20,VISIT,1838,Random,OnArrival,5,16,22010,Node_331,32,0,13,32,13,,,,,,,,,
20,VISIT,1839,Random,OnArrival,5,17,22010,Node_331,32,0,13,32,13,,,,,,,,,
20,VISIT,1841,Random,OnArrival,5,3,22010,Node_13,21,0,11,21,11,,,,,,,,,
20,VISIT,1842,Random,OnArrival,5,3,22010,Node_47,21,0,9,21,9,,,,,,,,,
20,VISIT,1843,Random,OnArrival,5,3,22010,Node_2,19,0,11,19,11,,,,,,,,,
20,VISIT,1844,Random,OnArrival,5,3,22010,Node_129,23,0,11,23,11,,,,,,,,,
20,VISIT,1819,Random,OnArrival,5,137,22014,Node_556,14,0,24,14,24,,,,,,,,,
20,VISIT,1823,Random,OnArrival,5,117,22014,Node_536,19,0,25,19,25,,,,,,,,,
20,VISIT,1824,Random,OnArrival,5,96,22014,Node_570,25,0,25,25,25,,,,,,,,,
20,VISIT,1827,Random,OnArrival,5,83,22014,Node_570,25,0,25,25,25,,,,,,,,,
20,VISIT,1830,Random,OnArrival,5,55,22014,Node_576,6,0,20,6,20,,,,,,,,,
20,VISIT,1832,Random,OnArrival,5,60,22014,Node_570,25,0,25,25,25,,,,,,,,,
20,VISIT,1833,Random,OnArrival,5,34,22014,Node_739,-1,0,22,-1,22,,,,,,,,,
20,VISIT,1834,Random,OnArrival,5,34,22014,Node_868,-4,0,23,-4,23,,,,,,,,,
20,VISIT,1835,Random,OnArrival,5,34,22014,Node_739,-1,0,22,-1,22,,,,,,,,,
20,VISIT,1836,Random,OnArrival,5,33,22014,Node_868,-4,0,23,-4,23,,,,,,,,,
20,VISIT,1837,Random,OnArrival,5,17,22014,Node_637,35,0,13,35,13,,,,,,,,,
20,VISIT,1841,Random,OnArrival,5,4,22014,Node_53,22,0,11,22,11,,,,,,,,,
20,VISIT,1842,Random,OnArrival,5,4,22014,Node_59,22,0,9,22,9,,,,,,,,,
20,VISIT,1843,Random,OnArrival,5,4,22014,Node_40,20,0,11,20,11,,,,,,,,,
20,VISIT,1844,Random,OnArrival,5,4,22014,Node_130,23,0,12,23,12,,,,,,,,,
20,VISIT,1819,Random,OnArrival,5,138,22018,Node_555,14,0,25,14,25,,,,,,,,,
20,VISIT,1825,Random,OnArrival,5,84,22018,Node_571,24,0,25,24,25,,,,,,,,,
20,VISIT,1826,Random,OnArrival,5,87,22018,Node_571,24,0,25,24,25,,,,,,,,,
20,VISIT,1829,Random,OnArrival,5,62,22018,Node_539,18,0,25,18,25,,,,,,,,,
20,VISIT,1830,Random,OnArrival,5,56,22018,Node_574,7,0,20,7,20,,,,,,,,,
20,VISIT,1831,Random,OnArrival,5,61,22018,Node_539,18,0,25,18,25,,,,,,,,,
20,VISIT,1834,Random,OnArrival,5,35,22018,Node_748,-4,0,22,-4,22,,,,,,,,,
20,VISIT,1836,Random,OnArrival,5,34,22018,Node_748,-4,0,22,-4,22,,,,,,,,,
20,VISIT,1838,Random,OnArrival,5,17,22018,Node_500,34,0,13,34,13,,,,,,,,,
20,VISIT,1839,Random,OnArrival,5,18,22018,Node_500,34,0,13,34,13,,,,,,,,,
20,VISIT,1841,Random,OnArrival,5,5,22018,Node_129,23,0,11,23,11,,,,,,,,,
20,VISIT,1842,Random,OnArrival,5,5,22018,Node_127,23,0,9,23,9,,,,,,,,,
20,VISIT,1843,Random,OnArrival,5,5,22018,Node_13,21,0,11,21,11,,,,,,,,,
20,VISIT,1844,Random,OnArrival,5,5,22018,Node_131,24,0,12,24,12,,,,,,,,,
20,VISIT,1819,Random,OnArrival,5,139,22022,Node_554,15,0,25,15,25,,,,,,,,,
20,VISIT,1825,Random,OnArrival,5,85,22022,Node_570,25,0,25,25,25,,,,,,,,,
20,VISIT,1826,Random,OnArrival,5,88,22022,Node_570,25,0,25,25,25,,,,,,,,,
20,VISIT,1829,Random,OnArrival,5,63,22022,Node_536,19,0,25,19,25,,,,,,,,,
20,VISIT,1830,Random,OnArrival,5,57,22022,Node_696,8,0,20,8,20,,,,,,,,,
20,VISIT,1831,Random,OnArrival,5,62,22022,Node_536,19,0,25,19,25,,,,,,,,,
20,VISIT,1833,Random,OnArrival,5,35,22022,Node_734,-1,0,20,-1,20,,,,,,,,,
20,VISIT,1834,Random,OnArrival,5,36,22022,Node_746,-3,0,22,-3,22,,,,,,,,,
20,VISIT,1835,Random,OnArrival,5,35,22022,Node_734,-1,0,20,-1,20,,,,,,,,,
20,VISIT,1836,Random,OnArrival,5,35,22022,Node_746,-3,0,22,-3,22,,,,,,,,,
20,VISIT,1837,Random,OnArrival,5,18,22022,Node_871,37,0,13,37,13,,,,,,,,,
20,VISIT,1838,Random,OnArrival,5,18,22022,Node_637,35,0,13,35,13,,,,,,,,,
20,VISIT,1839,Random,OnArrival,5,19,22022,Node_637,35,0,13,35,13,,,,,,,,,
20,VISIT,1841,Random,OnArrival,5,6,22022,Node_130,23,0,12,23,12,,,,,,,,,
20,VISIT,1843,Random,OnArrival,5,6,22022,Node_53,22,0,11,22,11,,,,,,,,,
20,VISIT,1844,Random,OnArrival,5,6,22022,Node_132,24,0,13,24,13,,,,,,,,,
20,VISIT,1828,Random,OnArrival,5,89,22026,Node_571,24,0,25,24,25,,,,,,,,,
20,VISIT,1830,Random,OnArrival,5,58,22026,Node_695,8,0,21,8,21,,,,,,,,,
20,VISIT,1834,Random,OnArrival,5,37,22026,Node_741,-2,0,22,-2,22,,,,,,,,,
20,VISIT,1836,Random,OnArrival,5,36,22026,Node_741,-2,0,22,-2,22,,,,,,,,,
20,VISIT,1841,Random,OnArrival,5,7,22026,Node_131,24,0,12,24,12,,,,,,,,,
20,VISIT,1842,Random,OnArrival,5,6,22026,Node_166,25,0,9,25,9,,,,,,,,,
20,VISIT,1843,Random,OnArrival,5,7,22026,Node_129,23,0,11,23,11,,,,,,,,,
20,VISIT,1844,Random,OnArrival,5,7,22026,Node_174,25,0,13,25,13,,,,,,,,,
20,VISIT,1824,Random,OnArrival,5,97,22030,Node_545,29,0,25,29,25,,,,,,,,,
20,VISIT,1827,Random,OnArrival,5,84,22030,Node_545,29,0,25,29,25,,,,,,,,,
20,VISIT,1828,Random,OnArrival,5,90,22030,Node_570,25,0,25,25,25,,,,,,,,,
20,VISIT,1830,Random,OnArrival,5,59,22030,Node_689,9,0,21,9,21,,,,,,,,,
20,VISIT,1832,Random,OnArrival,5,61,22030,Node_545,29,0,25,29,25,,,,,,,,,
20,VISIT,1833,Random,OnArrival,5,36,22030,Node_870,1,0,20,1,20,,,,,,,,,
20,VISIT,1834,Random,OnArrival,5,38,22030,Node_739,-1,0,22,-1,22,,,,,,,,,
20,VISIT,1835,Random,OnArrival,5,36,22030,Node_870,1,0,20,1,20,,,,,,,,,
20,VISIT,1836,Random,OnArrival,5,37,22030,Node_739,-1,0,22,-1,22,,,,,,,,,
20,VISIT,1838,Random,OnArrival,5,19,22030,Node_871,37,0,13,37,13,,,,,,,,,
20,VISIT,1839,Random,OnArrival,5,20,22030,Node_871,37,0,13,37,13,,,,,,,,,
20,VISIT,1841,Random,OnArrival,5,8,22030,Node_132,24,0,13,24,13,,,,,,,,,
20,VISIT,1842,Random,OnArrival,5,7,22030,Node_246,26,0,9,26,9,,,,,,,,,
20,VISIT,1843,Random,OnArrival,5,8,22030,Node_130,23,0,12,23,12,,,,,,,,,
20,VISIT,1844,Random,OnArrival,5,8,22030,Node_191,26,0,13,26,13,,,,,,,,,
20,VISIT,1819,Random,OnArrival,5,140,22034,Node_539,18,0,25,18,25,,,,,,,,,
20,VISIT,1823,Random,OnArrival,5,118,22034,Node_571,24,0,25,24,25,,,,,,,,,
20,VISIT,1824,Random,OnArrival,5,98,22034,Node_543,30,0,25,30,25,,,,,,,,,
20,VISIT,1827,Random,OnArrival,5,85,22034,Node_543,30,0,25,30,25,,,,,,,,,
20,VISIT,1832,Random,OnArrival,5,62,22034,Node_543,30,0,25,30,25,,,,,,,,,
20,VISIT,1833,Random,OnArrival,5,37,22034,Node_715,2,0,20,2,20,,,,,,,,,
20,VISIT,1835,Random,OnArrival,5,37,22034,Node_715,2,0,20,2,20,,,,,,,,,
20,VISIT,1838,Random,OnArrival,5,20,22034,Node_875,38,0,13,38,13,,,,,,,,,
20,VISIT,1839,Random,OnArrival,5,21,22034,Node_875,38,0,13,38,13,,,,,,,,,
20,VISIT,1841,Random,OnArrival,5,9,22034,Node_174,25,0,13,25,13,,,,,,,,,
20,VISIT,1842,Random,OnArrival,5,8,22034,Node_270,27,0,9,27,9,,,,,,,,,
20,VISIT,1843,Random,OnArrival,5,9,22034,Node_131,24,0,12,24,12,,,,,,,,,
20,VISIT,1844,Random,OnArrival,5,9,22034,Node_280,27,0,13,27,13,,,,,,,,,
20,VISIT,1819,Random,OnArrival,5,141,22038,Node_536,19,0,25,19,25,,,,,,,,,
20,VISIT,1823,Random,OnArrival,5,119,22038,Node_570,25,0,25,25,25,,,,,,,,,
20,VISIT,1824,Random,OnArrival,5,99,22038,Node_591,31,0,25,31,25,,,,,,,,,
20,VISIT,1825,Random,OnArrival,5,86,22038,Node_545,29,0,25,29,25,,,,,,,,,
20,VISIT,1826,Random,OnArrival,5,89,22038,Node_545,29,0,25,29,25,,,,,,,,,
20,VISIT,1827,Random,OnArrival,5,86,22038,Node_591,31,0,25,31,25,,,,,,,,,
20,VISIT,1830,Random,OnArrival,5,60,22038,Node_282,11,0,21,11,21,,,,,,,,,
20,VISIT,1832,Random,OnArrival,5,63,22038,Node_591,31,0,25,31,25,,,,,,,,,
20,VISIT,1833,Random,OnArrival,5,38,22038,Node_673,3,0,20,3,20,,,,,,,,,
20,VISIT,1834,Random,OnArrival,5,39,22038,Node_734,-1,0,20,-1,20,,,,,,,,,
20,VISIT,1835,Random,OnArrival,5,38,22038,Node_673,3,0,20,3,20,,,,,,,,,
20,VISIT,1836,Random,OnArrival,5,38,22038,Node_734,-1,0,20,-1,20,,,,,,,,,
20,VISIT,1840,Random,OnArrival,5,16,22038,Node_876,37,0,11,37,11,,,,,,,,,
20,VISIT,1841,Random,OnArrival,5,10,22038,Node_191,26,0,13,26,13,,,,,,,,,
20,VISIT,1842,Random,OnArrival,5,9,22038,Node_272,27,0,10,27,10,,,,,,,,,
20,VISIT,1843,Random,OnArrival,5,10,22038,Node_132,24,0,13,24,13,,,,,,,,,
20,VISIT,1844,Random,OnArrival,5,10,22038,Node_295,28,0,13,28,13,,,,,,,,,
20,VISIT,1824,Random,OnArrival,5,100,22042,Node_608,32,0,25,32,25,,,,,,,,,
20,VISIT,1825,Random,OnArrival,5,87,22042,Node_543,30,0,25,30,25,,,,,,,,,
20,VISIT,1826,Random,OnArrival,5,90,22042,Node_543,30,0,25,30,25,,,,,,,,,
20,VISIT,1827,Random,OnArrival,5,87,22042,Node_608,32,0,25,32,25,,,,,,,,,
20,VISIT,1829,Random,OnArrival,5,64,22042,Node_571,24,0,25,24,25,,,,,,,,,
20,VISIT,1830,Random,OnArrival,5,61,22042,Node_284,11,0,22,11,22,,,,,,,,,
20,VISIT,1831,Random,OnArrival,5,63,22042,Node_571,24,0,25,24,25,,,,,,,,,
20,VISIT,1832,Random,OnArrival,5,64,22042,Node_608,32,0,25,32,25,,,,,,,,,
20,VISIT,1840,Random,OnArrival,5,17,22042,Node_878,37,0,10,37,10,,,,,,,,,
20,VISIT,1841,Random,OnArrival,5,11,22042,Node_280,27,0,13,27,13,,,,,,,,,
20,VISIT,1842,Random,OnArrival,5,10,22042,Node_275,27,0,11,27,11,,,,,,,,,
20,VISIT,1843,Random,OnArrival,5,11,22042,Node_174,25,0,13,25,13,,,,,,,,,
20,VISIT,1825,Random,OnArrival,5,88,22046,Node_591,31,0,25,31,25,,,,,,,,,
20,VISIT,1826,Random,OnArrival,5,91,22046,Node_591,31,0,25,31,25,,,,,,,,,
20,VISIT,1828,Random,OnArrival,5,91,22046,Node_545,29,0,25,29,25,,,,,,,,,
20,VISIT,1829,Random,OnArrival,5,65,22046,Node_570,25,0,25,25,25,,,,,,,,,
20,VISIT,1830,Random,OnArrival,5,62,22046,Node_667,11,0,23,11,23,,,,,,,,,
20,VISIT,1831,Random,OnArrival,5,64,22046,Node_570,25,0,25,25,25,,,,,,,,,
20,VISIT,1833,Random,OnArrival,5,39,22046,Node_671,5,0,20,5,20,,,,,,,,,
20,VISIT,1834,Random,OnArrival,5,40,22046,Node_870,1,0,20,1,20,,,,,,,,,
20,VISIT,1835,Random,OnArrival,5,39,22046,Node_671,5,0,20,5,20,,,,,,,,,
20,VISIT,1836,Random,OnArrival,5,39,22046,Node_870,1,0,20,1,20,,,,,,,,,
20,VISIT,1838,Random,OnArrival,5,21,22046,Node_873,38,0,14,38,14,,,,,,,,,
20,VISIT,1839,Random,OnArrival,5,22,22046,Node_873,38,0,14,38,14,,,,,,,,,
20,VISIT,1840,Random,OnArrival,5,18,22046,Node_497,36,0,10,36,10,,,,,,,,,
20,VISIT,1841,Random,OnArrival,5,12,22046,Node_295,28,0,13,28,13,,,,,,,,,
20,VISIT,1842,Random,OnArrival,5,11,22046,Node_278,27,0,12,27,12,,,,,,,,,
20,VISIT,1843,Random,OnArrival,5,12,22046,Node_191,26,0,13,26,13,,,,,,,,,
20,VISIT,1844,Random,OnArrival,5,11,22046,Node_310,30,0,13,30,13,,,,,,,,,
20,VISIT,1825,Random,OnArrival,5,89,22050,Node_608,32,0,25,32,25,,,,,,,,,
20,VISIT,1826,Random,OnArrival,5,92,22050,Node_608,32,0,25,32,25,,,,,,,,,
20,VISIT,1828,Random,OnArrival,5,92,22050,Node_543,30,0,25,30,25,,,,,,,,,
20,VISIT,1830,Random,OnArrival,5,63,22050,Node_662,12,0,23,12,23,,,,,,,,,
20,VISIT,1833,Random,OnArrival,5,40,22050,Node_576,6,0,20,6,20,,,,,,,,,
20,VISIT,1834,Random,OnArrival,5,41,22050,Node_715,2,0,20,2,20,,,,,,,,,
20,VISIT,1835,Random,OnArrival,5,40,22050,Node_576,6,0,20,6,20,,,,,,,,,
20,VISIT,1836,Random,OnArrival,5,40,22050,Node_715,2,0,20,2,20,,,,,,,,,
20,VISIT,1838,Random,OnArrival,5,22,22050,Node_875,38,0,13,38,13,,,,,,,,,
20,VISIT,1839,Random,OnArrival,5,23,22050,Node_872,37,0,14,37,14,,,,,,,,,
20,VISIT,1840,Random,OnArrival,5,19,22050,Node_878,37,0,10,37,10,,,,,,,,,
20,VISIT,1842,Random,OnArrival,5,12,22050,Node_280,27,0,13,27,13,,,,,,,,,
20,VISIT,1843,Random,OnArrival,5,13,22050,Node_280,27,0,13,27,13,,,,,,,,,
20,VISIT,1844,Random,OnArrival,5,12,22050,Node_311,31,0,13,31,13,,,,,,,,,
20,VISIT,1823,Random,OnArrival,5,120,22054,Node_545,29,0,25,29,25,,,,,,,,,
20,VISIT,1824,Random,OnArrival,5,101,22054,Node_619,35,0,25,35,25,,,,,,,,,
20,VISIT,1827,Random,OnArrival,5,88,22054,Node_619,35,0,25,35,25,,,,,,,,,
20,VISIT,1828,Random,OnArrival,5,93,22054,Node_591,31,0,25,31,25,,,,,,,,,
20,VISIT,1830,Random,OnArrival,5,64,22054,Node_569,13,0,23,13,23,,,,,,,,,
20,VISIT,1832,Random,OnArrival,5,65,22054,Node_619,35,0,25,35,25,,,,,,,,,
20,VISIT,1833,Random,OnArrival,5,41,22054,Node_574,7,0,20,7,20,,,,,,,,,
20,VISIT,1834,Random,OnArrival,5,42,22054,Node_673,3,0,20,3,20,,,,,,,,,
20,VISIT,1835,Random,OnArrival,5,41,22054,Node_574,7,0,20,7,20,,,,,,,,,
20,VISIT,1836,Random,OnArrival,5,41,22054,Node_673,3,0,20,3,20,,,,,,,,,
20,VISIT,1838,Random,OnArrival,5,23,22054,Node_881,39,0,13,39,13,,,,,,,,,
20,VISIT,1839,Random,OnArrival,5,24,22054,Node_871,37,0,13,37,13,,,,,,,,,
20,VISIT,1840,Random,OnArrival,5,20,22054,Node_876,37,0,11,37,11,,,,,,,,,
20,VISIT,1841,Random,OnArrival,5,13,22054,Node_310,30,0,13,30,13,,,,,,,,,
20,VISIT,1842,Random,OnArrival,5,13,22054,Node_295,28,0,13,28,13,,,,,,,,,
20,VISIT,1843,Random,OnArrival,5,14,22054,Node_295,28,0,13,28,13,,,,,,,,,
20,VISIT,1844,Random,OnArrival,5,13,22054,Node_331,32,0,13,32,13,,,,,,,,,
20,VISIT,1819,Random,OnArrival,5,142,22058,Node_571,24,0,25,24,25,,,,,,,,,
20,VISIT,1823,Random,OnArrival,5,121,22058,Node_543,30,0,25,30,25,,,,,,,,,
20,VISIT,1824,Random,OnArrival,5,102,22058,Node_626,36,0,25,36,25,,,,,,,,,
20,VISIT,1827,Random,OnArrival,5,89,22058,Node_626,36,0,25,36,25,,,,,,,,,
20,VISIT,1828,Random,OnArrival,5,94,22058,Node_608,32,0,25,32,25,,,,,,,,,
20,VISIT,1830,Random,OnArrival,5,65,22058,Node_557,14,0,23,14,23,,,,,,,,,
20,VISIT,1832,Random,OnArrival,5,66,22058,Node_626,36,0,25,36,25,,,,,,,,,
20,VISIT,1833,Random,OnArrival,5,42,22058,Node_696,8,0,20,8,20,,,,,,,,,
20,VISIT,1835,Random,OnArrival,5,42,22058,Node_696,8,0,20,8,20,,,,,,,,,
20,VISIT,1839,Random,OnArrival,5,25,22058,Node_874,37,0,12,37,12,,,,,,,,,
20,VISIT,1840,Random,OnArrival,5,21,22058,Node_874,37,0,12,37,12,,,,,,,,,
20,VISIT,1841,Random,OnArrival,5,14,22058,Node_311,31,0,13,31,13,,,,,,,,,
20,VISIT,1819,Random,OnArrival,5,143,22062,Node_570,25,0,25,25,25,,,,,,,,,
20,VISIT,1823,Random,OnArrival,5,122,22062,Node_591,31,0,25,31,25,,,,,,,,,
20,VISIT,1825,Random,OnArrival,5,90,22062,Node_619,35,0,25,35,25,,,,,,,,,
20,VISIT,1826,Random,OnArrival,5,93,22062,Node_619,35,0,25,35,25,,,,,,,,,
20,VISIT,1829,Random,OnArrival,5,66,22062,Node_545,29,0,25,29,25,,,,,,,,,
20,VISIT,1830,Random,OnArrival,5,66,22062,Node_556,14,0,24,14,24,,,,,,,,,
20,VISIT,1831,Random,OnArrival,5,65,22062,Node_545,29,0,25,29,25,,,,,,,,,
20,VISIT,1833,Random,OnArrival,5,43,22062,Node_695,8,0,21,8,21,,,,,,,,,
20,VISIT,1834,Random,OnArrival,5,43,22062,Node_671,5,0,20,5,20,,,,,,,,,
20,VISIT,1835,Random,OnArrival,5,43,22062,Node_695,8,0,21,8,21,,,,,,,,,
20,VISIT,1836,Random,OnArrival,5,42,22062,Node_671,5,0,20,5,20,,,,,,,,,
20,VISIT,1839,Random,OnArrival,5,26,22062,Node_877,38,0,12,38,12,,,,,,,,,
20,VISIT,1840,Random,OnArrival,5,22,22062,Node_877,38,0,12,38,12,,,,,,,,,
20,VISIT,1841,Random,OnArrival,5,15,22062,Node_331,32,0,13,32,13,,,,,,,,,
20,VISIT,1842,Random,OnArrival,5,14,22062,Node_310,30,0,13,30,13,,,,,,,,,
20,VISIT,1843,Random,OnArrival,5,15,22062,Node_310,30,0,13,30,13,,,,,,,,,
20,VISIT,1844,Random,OnArrival,5,14,22062,Node_500,34,0,13,34,13,,,,,,,,,
20,VISIT,1823,Random,OnArrival,5,123,22066,Node_608,32,0,25,32,25,,,,,,,,,
20,VISIT,1824,Random,OnArrival,5,103,22066,Node_627,38,0,25,38,25,,,,,,,,,
20,VISIT,1825,Random,OnArrival,5,91,22066,Node_626,36,0,25,36,25,,,,,,,,,
20,VISIT,1826,Random,OnArrival,5,94,22066,Node_626,36,0,25,36,25,,,,,,,,,
20,VISIT,1827,Random,OnArrival,5,90,22066,Node_627,38,0,25,38,25,,,,,,,,,
20,VISIT,1829,Random,OnArrival,5,67,22066,Node_543,30,0,25,30,25,,,,,,,,,
20,VISIT,1830,Random,OnArrival,5,67,22066,Node_555,14,0,25,14,25,,,,,,,,,
20,VISIT,1831,Random,OnArrival,5,66,22066,Node_543,30,0,25,30,25,,,,,,,,,
20,VISIT,1832,Random,OnArrival,5,67,22066,Node_627,38,0,25,38,25,,,,,,,,,
20,VISIT,1833,Random,OnArrival,5,44,22066,Node_689,9,0,21,9,21,,,,,,,,,
20,VISIT,1834,Random,OnArrival,5,44,22066,Node_576,6,0,20,6,20,,,,,,,,,
20,VISIT,1835,Random,OnArrival,5,44,22066,Node_689,9,0,21,9,21,,,,,,,,,
20,VISIT,1836,Random,OnArrival,5,43,22066,Node_576,6,0,20,6,20,,,,,,,,,
20,VISIT,1839,Random,OnArrival,5,27,22066,Node_875,38,0,13,38,13,,,,,,,,,
20,VISIT,1840,Random,OnArrival,5,23,22066,Node_879,38,0,11,38,11,,,,,,,,,
20,VISIT,1842,Random,OnArrival,5,15,22066,Node_311,31,0,13,31,13,,,,,,,,,
20,VISIT,1843,Random,OnArrival,5,16,22066,Node_311,31,0,13,31,13,,,,,,,,,
20,VISIT,1844,Random,OnArrival,5,15,22066,Node_637,35,0,13,35,13,,,,,,,,,
20,VISIT,1845,Random,OnArrival,5,0,22066,Node_6,19,0,12,19,12,,,,,,,,,
20,VISIT,1846,Random,OnArrival,5,0,22066,Node_7,19,0,8,19,8,,,,,,,,,
20,VISIT,1847,Random,OnArrival,5,0,22066,Node_8,17,0,10,17,10,,,,,,,,,
20,VISIT,1848,Random,OnArrival,5,0,22066,Node_9,21,0,10,21,10,,,,,,,,,
20,VISIT,1824,Random,OnArrival,5,104,22070,Node_628,38,0,24,38,24,,,,,,,,,
20,VISIT,1827,Random,OnArrival,5,91,22070,Node_629,39,0,25,39,25,,,,,,,,,
20,VISIT,1828,Random,OnArrival,5,95,22070,Node_619,35,0,25,35,25,,,,,,,,,
20,VISIT,1829,Random,OnArrival,5,68,22070,Node_591,31,0,25,31,25,,,,,,,,,
20,VISIT,1830,Random,OnArrival,5,68,22070,Node_554,15,0,25,15,25,,,,,,,,,
20,VISIT,1831,Random,OnArrival,5,67,22070,Node_591,31,0,25,31,25,,,,,,,,,
20,VISIT,1832,Random,OnArrival,5,68,22070,Node_629,39,0,25,39,25,,,,,,,,,
20,VISIT,1834,Random,OnArrival,5,45,22070,Node_574,7,0,20,7,20,,,,,,,,,
20,VISIT,1836,Random,OnArrival,5,44,22070,Node_574,7,0,20,7,20,,,,,,,,,
20,VISIT,1838,Random,OnArrival,5,24,22070,Node_658,40,0,16,40,16,,,,,,,,,
20,VISIT,1839,Random,OnArrival,5,28,22070,Node_881,39,0,13,39,13,,,,,,,,,
20,VISIT,1840,Random,OnArrival,5,24,22070,Node_876,37,0,11,37,11,,,,,,,,,
20,VISIT,1841,Random,OnArrival,5,16,22070,Node_500,34,0,13,34,13,,,,,,,,,
20,VISIT,1842,Random,OnArrival,5,16,22070,Node_331,32,0,13,32,13,,,,,,,,,
20,VISIT,1843,Random,OnArrival,5,17,22070,Node_331,32,0,13,32,13,,,,,,,,,
20,VISIT,1845,Random,OnArrival,5,1,22070,Node_2,19,0,11,19,11,,,,,,,,,
20,VISIT,1846,Random,OnArrival,5,1,22070,Node_3,19,0,9,19,9,,,,,,,,,
20,VISIT,1847,Random,OnArrival,5,1,22070,Node_4,18,0,10,18,10,,,,,,,,,
20,VISIT,1848,Random,OnArrival,5,1,22070,Node_13,21,0,11,21,11,,,,,,,,,
20,VISIT,1825,Random,OnArrival,5,92,22074,Node_627,38,0,25,38,25,,,,,,,,,
20,VISIT,1826,Random,OnArrival,5,95,22074,Node_627,38,0,25,38,25,,,,,,,,,
20,VISIT,1827,Random,OnArrival,5,92,22074,Node_641,40,0,25,40,25,,,,,,,,,
20,VISIT,1828,Random,OnArrival,5,96,22074,Node_626,36,0,25,36,25,,,,,,,,,
20,VISIT,1829,Random,OnArrival,5,69,22074,Node_608,32,0,25,32,25,,,,,,,,,
20,VISIT,1831,Random,OnArrival,5,68,22074,Node_608,32,0,25,32,25,,,,,,,,,
20,VISIT,1832,Random,OnArrival,5,69,22074,Node_641,40,0,25,40,25,,,,,,,,,
20,VISIT,1833,Random,OnArrival,5,45,22074,Node_282,11,0,21,11,21,,,,,,,,,
20,VISIT,1834,Random,OnArrival,5,46,22074,Node_696,8,0,20,8,20,,,,,,,,,
20,VISIT,1835,Random,OnArrival,5,45,22074,Node_282,11,0,21,11,21,,,,,,,,,
20,VISIT,1836,Random,OnArrival,5,45,22074,Node_696,8,0,20,8,20,,,,,,,,,
20,VISIT,1839,Random,OnArrival,5,29,22074,Node_888,40,0,13,40,13,,,,,,,,,
20,VISIT,1840,Random,OnArrival,5,25,22074,Node_878,37,0,10,37,10,,,,,,,,,
20,VISIT,1841,Random,OnArrival,5,17,22074,Node_637,35,0,13,35,13,,,,,,,,,
20,VISIT,1843,Random,OnArrival,5,18,22074,Node_333,32,0,12,32,12,,,,,,,,,
20,VISIT,1844,Random,OnArrival,5,16,22074,Node_871,37,0,13,37,13,,,,,,,,,
20,VISIT,1845,Random,OnArrival,5,2,22074,Node_40,20,0,11,20,11,,,,,,,,,
20,VISIT,1846,Random,OnArrival,5,2,22074,Node_48,20,0,9,20,9,,,,,,,,,
20,VISIT,1847,Random,OnArrival,5,2,22074,Node_14,18,0,11,18,11,,,,,,,,,
20,VISIT,1848,Random,OnArrival,5,2,22074,Node_53,22,0,11,22,11,,,,,,,,,
20,VISIT,1819,Random,OnArrival,5,144,22078,Node_545,29,0,25,29,25,,,,,,,,,
20,VISIT,1823,Random,OnArrival,5,124,22078,Node_619,35,0,25,35,25,,,,,,,,,
20,VISIT,1824,Random,OnArrival,5,105,22078,Node_630,38,0,22,38,22,,,,,,,,,
20,VISIT,1825,Random,OnArrival,5,93,22078,Node_628,38,0,24,38,24,,,,,,,,,
20,VISIT,1826,Random,OnArrival,5,96,22078,Node_629,39,0,25,39,25,,,,,,,,,
20,VISIT,1827,Random,OnArrival,5,93,22078,Node_686,41,0,25,41,25,,,,,,,,,
20,VISIT,1832,Random,OnArrival,5,70,22078,Node_686,41,0,25,41,25,,,,,,,,,
20,VISIT,1833,Random,OnArrival,5,46,22078,Node_284,11,0,22,11,22,,,,,,,,,
20,VISIT,1834,Random,OnArrival,5,47,22078,Node_695,8,0,21,8,21,,,,,,,,,
20,VISIT,1835,Random,OnArrival,5,46,22078,Node_284,11,0,22,11,22,,,,,,,,,
20,VISIT,1836,Random,OnArrival,5,46,22078,Node_695,8,0,21,8,21,,,,,,,,,
20,VISIT,1840,Random,OnArrival,5,26,22078,Node_497,36,0,10,36,10,,,,,,,,,
20,VISIT,1842,Random,OnArrival,5,17,22078,Node_500,34,0,13,34,13,,,,,,,,,
20,VISIT,1843,Random,OnArrival,5,19,22078,Node_335,32,0,11,32,11,,,,,,,,,
20,VISIT,1844,Random,OnArrival,5,17,22078,Node_874,37,0,12,37,12,,,,,,,,,
20,VISIT,1845,Random,OnArrival,5,3,22078,Node_13,21,0,11,21,11,,,,,,,,,
20,VISIT,1846,Random,OnArrival,5,3,22078,Node_47,21,0,9,21,9,,,,,,,,,
20,VISIT,1847,Random,OnArrival,5,3,22078,Node_2,19,0,11,19,11,,,,,,,,,
20,VISIT,1848,Random,OnArrival,5,3,22078,Node_129,23,0,11,23,11,,,,,,,,,
20,VISIT,1819,Random,OnArrival,5,145,22082,Node_543,30,0,25,30,25,,,,,,,,,
20,VISIT,1823,Random,OnArrival,5,125,22082,Node_626,36,0,25,36,25,,,,,,,,,
20,VISIT,1826,Random,OnArrival,5,97,22082,Node_641,40,0,25,40,25,,,,,,,,,
20,VISIT,1828,Random,OnArrival,5,97,22082,Node_627,38,0,25,38,25,,,,,,,,,
20,VISIT,1830,Random,OnArrival,5,69,22082,Node_539,18,0,25,18,25,,,,,,,,,
20,VISIT,1833,Random,OnArrival,5,47,22082,Node_667,11,0,23,11,23,,,,,,,,,
20,VISIT,1834,Random,OnArrival,5,48,22082,Node_689,9,0,21,9,21,,,,,,,,,
20,VISIT,1835,Random,OnArrival,5,47,22082,Node_667,11,0,23,11,23,,,,,,,,,
20,VISIT,1836,Random,OnArrival,5,47,22082,Node_689,9,0,21,9,21,,,,,,,,,
20,VISIT,1838,Random,OnArrival,5,25,22082,Node_661,37,0,16,37,16,,,,,,,,,
20,VISIT,1840,Random,OnArrival,5,27,22082,Node_499,36,0,9,36,9,,,,,,,,,
20,VISIT,1841,Random,OnArrival,5,18,22082,Node_871,37,0,13,37,13,,,,,,,,,
20,VISIT,1842,Random,OnArrival,5,18,22082,Node_637,35,0,13,35,13,,,,,,,,,
20,VISIT,1844,Random,OnArrival,5,18,22082,Node_876,37,0,11,37,11,,,,,,,,,
20,VISIT,1845,Random,OnArrival,5,4,22082,Node_53,22,0,11,22,11,,,,,,,,,
20,VISIT,1846,Random,OnArrival,5,4,22082,Node_59,22,0,9,22,9,,,,,,,,,
20,VISIT,1847,Random,OnArrival,5,4,22082,Node_40,20,0,11,20,11,,,,,,,,,
20,VISIT,1848,Random,OnArrival,5,4,22082,Node_130,23,0,12,23,12,,,,,,,,,
20,VISIT,1819,Random,OnArrival,5,146,22086,Node_591,31,0,25,31,25,,,,,,,,,
20,VISIT,1824,Random,OnArrival,5,106,22086,Node_654,39,0,21,39,21,,,,,,,,,
20,VISIT,1825,Random,OnArrival,5,94,22086,Node_630,38,0,22,38,22,,,,,,,,,
20,VISIT,1826,Random,OnArrival,5,98,22086,Node_686,41,0,25,41,25,,,,,,,,,
20,VISIT,1827,Random,OnArrival,5,94,22086,Node_638,40,0,24,40,24,,,,,,,,,
20,VISIT,1828,Random,OnArrival,5,98,22086,Node_628,38,0,24,38,24,,,,,,,,,
20,VISIT,1829,Random,OnArrival,5,70,22086,Node_619,35,0,25,35,25,,,,,,,,,
20,VISIT,1830,Random,OnArrival,5,70,22086,Node_536,19,0,25,19,25,,,,,,,,,
20,VISIT,1831,Random,OnArrival,5,69,22086,Node_619,35,0,25,35,25,,,,,,,,,
20,VISIT,1832,Random,OnArrival,5,71,22086,Node_638,40,0,24,40,24,,,,,,,,,
20,VISIT,1833,Random,OnArrival,5,48,22086,Node_662,12,0,23,12,23,,,,,,,,,
20,VISIT,1835,Random,OnArrival,5,48,22086,Node_662,12,0,23,12,23,,,,,,,,,
20,VISIT,1839,Random,OnArrival,5,30,22086,Node_890,40,0,14,40,14,,,,,,,,,
20,VISIT,1840,Random,OnArrival,5,28,22086,Node_880,37,0,9,37,9,,,,,,,,,
20,VISIT,1841,Random,OnArrival,5,19,22086,Node_874,37,0,12,37,12,,,,,,,,,
20,VISIT,1843,Random,OnArrival,5,20,22086,Node_484,34,0,11,34,11,,,,,,,,,
20,VISIT,1844,Random,OnArrival,5,19,22086,Node_878,37,0,10,37,10,,,,,,,,,
20,VISIT,1845,Random,OnArrival,5,5,22086,Node_129,23,0,11,23,11,,,,,,,,,
20,VISIT,1846,Random,OnArrival,5,5,22086,Node_127,23,0,9,23,9,,,,,,,,,
20,VISIT,1847,Random,OnArrival,5,5,22086,Node_13,21,0,11,21,11,,,,,,,,,
20,VISIT,1848,Random,OnArrival,5,5,22086,Node_131,24,0,12,24,12,,,,,,,,,
20,VISIT,1819,Random,OnArrival,5,147,22090,Node_608,32,0,25,32,25,,,,,,,,,
20,VISIT,1823,Random,OnArrival,5,126,22090,Node_627,38,0,25,38,25,,,,,,,,,
20,VISIT,1824,Random,OnArrival,5,107,22090,Node_632,38,0,21,38,21,,,,,,,,,
20,VISIT,1825,Random,OnArrival,5,95,22090,Node_632,38,0,21,38,21,,,,,,,,,
20,VISIT,1826,Random,OnArrival,5,99,22090,Node_684,42,0,25,42,25,,,,,,,,,
20,VISIT,1827,Random,OnArrival,5,95,22090,Node_641,40,0,25,40,25,,,,,,,,,
20,VISIT,1829,Random,OnArrival,5,71,22090,Node_626,36,0,25,36,25,,,,,,,,,
20,VISIT,1831,Random,OnArrival,5,70,22090,Node_626,36,0,25,36,25,,,,,,,,,
20,VISIT,1832,Random,OnArrival,5,72,22090,Node_641,40,0,25,40,25,,,,,,,,,
20,VISIT,1833,Random,OnArrival,5,49,22090,Node_569,13,0,23,13,23,,,,,,,,,
20,VISIT,1834,Random,OnArrival,5,49,22090,Node_282,11,0,21,11,21,,,,,,,,,
20,VISIT,1835,Random,OnArrival,5,49,22090,Node_569,13,0,23,13,23,,,,,,,,,
20,VISIT,1836,Random,OnArrival,5,48,22090,Node_282,11,0,21,11,21,,,,,,,,,
20,VISIT,1839,Random,OnArrival,5,31,22090,Node_883,39,0,14,39,14,,,,,,,,,
20,VISIT,1840,Random,OnArrival,5,29,22090,Node_882,37,0,8,37,8,,,,,,,,,
20,VISIT,1841,Random,OnArrival,5,20,22090,Node_871,37,0,13,37,13,,,,,,,,,
20,VISIT,1842,Random,OnArrival,5,19,22090,Node_871,37,0,13,37,13,,,,,,,,,
20,VISIT,1843,Random,OnArrival,5,21,22090,Node_485,34,0,10,34,10,,,,,,,,,
20,VISIT,1844,Random,OnArrival,5,20,22090,Node_880,37,0,9,37,9,,,,,,,,,
20,VISIT,1845,Random,OnArrival,5,6,22090,Node_130,23,0,12,23,12,,,,,,,,,
20,VISIT,1847,Random,OnArrival,5,6,22090,Node_53,22,0,11,22,11,,,,,,,,,
20,VISIT,1848,Random,OnArrival,5,6,22090,Node_132,24,0,13,24,13,,,,,,,,,
20,VISIT,1823,Random,OnArrival,5,127,22094,Node_629,39,0,25,39,25,,,,,,,,,
20,VISIT,1824,Random,OnArrival,5,108,22094,Node_633,38,0,20,38,20,,,,,,,,,
20,VISIT,1825,Random,OnArrival,5,96,22094,Node_633,38,0,20,38,20,,,,,,,,,
20,VISIT,1827,Random,OnArrival,5,96,22094,Node_686,41,0,25,41,25,,,,,,,,,
20,VISIT,1828,Random,OnArrival,5,99,22094,Node_630,38,0,22,38,22,,,,,,,,,
20,VISIT,1832,Random,OnArrival,5,73,22094,Node_686,41,0,25,41,25,,,,,,,,,
20,VISIT,1833,Random,OnArrival,5,50,22094,Node_557,14,0,23,14,23,,,,,,,,,
20,VISIT,1834,Random,OnArrival,5,50,22094,Node_284,11,0,22,11,22,,,,,,,,,
20,VISIT,1835,Random,OnArrival,5,50,22094,Node_557,14,0,23,14,23,,,,,,,,,
20,VISIT,1836,Random,OnArrival,5,49,22094,Node_284,11,0,22,11,22,,,,,,,,,
20,VISIT,1838,Random,OnArrival,5,26,22094,Node_658,40,0,16,40,16,,,,,,,,,
20,VISIT,1839,Random,OnArrival,5,32,22094,Node_890,40,0,14,40,14,,,,,,,,,
20,VISIT,1841,Random,OnArrival,5,21,22094,Node_872,37,0,14,37,14,,,,,,,,,
20,VISIT,1842,Random,OnArrival,5,20,22094,Node_872,37,0,14,37,14,,,,,,,,,
20,VISIT,1843,Random,OnArrival,5,22,22094,Node_489,34,0,9,34,9,,,,,,,,,
20,VISIT,1844,Random,OnArrival,5,21,22094,Node_882,37,0,8,37,8,,,,,,,,,
20,VISIT,1845,Random,OnArrival,5,7,22094,Node_131,24,0,12,24,12,,,,,,,,,
20,VISIT,1846,Random,OnArrival,5,6,22094,Node_166,25,0,9,25,9,,,,,,,,,
20,VISIT,1847,Random,OnArrival,5,7,22094,Node_129,23,0,11,23,11,,,,,,,,,
20,VISIT,1848,Random,OnArrival,5,7,22094,Node_174,25,0,13,25,13,,,,,,,,,
20,VISIT,1823,Random,OnArrival,5,128,22098,Node_641,40,0,25,40,25,,,,,,,,,
20,VISIT,1824,Random,OnArrival,5,109,22098,Node_635,38,0,19,38,19,,,,,,,,,
20,VISIT,1825,Random,OnArrival,5,97,22098,Node_635,38,0,19,38,19,,,,,,,,,
20,VISIT,1827,Random,OnArrival,5,97,22098,Node_684,42,0,25,42,25,,,,,,,,,
20,VISIT,1828,Random,OnArrival,5,100,22098,Node_632,38,0,21,38,21,,,,,,,,,
20,VISIT,1829,Random,OnArrival,5,72,22098,Node_627,38,0,25,38,25,,,,,,,,,
20,VISIT,1831,Random,OnArrival,5,71,22098,Node_627,38,0,25,38,25,,,,,,,,,
20,VISIT,1832,Random,OnArrival,5,74,22098,Node_684,42,0,25,42,25,,,,,,,,,
20,VISIT,1833,Random,OnArrival,5,51,22098,Node_556,14,0,24,14,24,,,,,,,,,
20,VISIT,1834,Random,OnArrival,5,51,22098,Node_667,11,0,23,11,23,,,,,,,,,
20,VISIT,1835,Random,OnArrival,5,51,22098,Node_556,14,0,24,14,24,,,,,,,,,
20,VISIT,1836,Random,OnArrival,5,50,22098,Node_667,11,0,23,11,23,,,,,,,,,
20,VISIT,1841,Random,OnArrival,5,22,22098,Node_873,38,0,14,38,14,,,,,,,,,
20,VISIT,1842,Random,OnArrival,5,21,22098,Node_873,38,0,14,38,14,,,,,,,,,
20,VISIT,1843,Random,OnArrival,5,23,22098,Node_488,34,0,8,34,8,,,,,,,,,
20,VISIT,1844,Random,OnArrival,5,22,22098,Node_884,37,0,7,37,7,,,,,,,,,
20,VISIT,1845,Random,OnArrival,5,8,22098,Node_132,24,0,13,24,13,,,,,,,,,
20,VISIT,1846,Random,OnArrival,5,7,22098,Node_246,26,0,9,26,9,,,,,,,,,
20,VISIT,1847,Random,OnArrival,5,8,22098,Node_130,23,0,12,23,12,,,,,,,,,
20,VISIT,1848,Random,OnArrival,5,8,22098,Node_191,26,0,13,26,13,,,,,,,,,
20,VISIT,1819,Random,OnArrival,5,148,22102,Node_619,35,0,25,35,25,,,,,,,,,
20,VISIT,1823,Random,OnArrival,5,129,22102,Node_686,41,0,25,41,25,,,,,,,,,
20,VISIT,1827,Random,OnArrival,5,98,22102,Node_683,42,0,24,42,24,,,,,,,,,
20,VISIT,1828,Random,OnArrival,5,101,22102,Node_633,38,0,20,38,20,,,,,,,,,
20,VISIT,1829,Random,OnArrival,5,73,22102,Node_629,39,0,25,39,25,,,,,,,,,
20,VISIT,1831,Random,OnArrival,5,72,22102,Node_629,39,0,25,39,25,,,,,,,,,
20,VISIT,1832,Random,OnArrival,5,75,22102,Node_683,42,0,24,42,24,,,,,,,,,
20,VISIT,1833,Random,OnArrival,5,52,22102,Node_555,14,0,25,14,25,,,,,,,,,
20,VISIT,1834,Random,OnArrival,5,52,22102,Node_662,12,0,23,12,23,,,,,,,,,
20,VISIT,1835,Random,OnArrival,5,52,22102,Node_555,14,0,25,14,25,,,,,,,,,
20,VISIT,1836,Random,OnArrival,5,51,22102,Node_662,12,0,23,12,23,,,,,,,,,
20,VISIT,1839,Random,OnArrival,5,33,22102,Node_658,40,0,16,40,16,,,,,,,,,
20,VISIT,1841,Random,OnArrival,5,23,22102,Node_883,39,0,14,39,14,,,,,,,,,
20,VISIT,1842,Random,OnArrival,5,22,22102,Node_883,39,0,14,39,14,,,,,,,,,
20,VISIT,1844,Random,OnArrival,5,23,22102,Node_899,38,0,7,38,7,,,,,,,,,
20,VISIT,1845,Random,OnArrival,5,9,22102,Node_174,25,0,13,25,13,,,,,,,,,
20,VISIT,1846,Random,OnArrival,5,8,22102,Node_270,27,0,9,27,9,,,,,,,,,
20,VISIT,1847,Random,OnArrival,5,9,22102,Node_131,24,0,12,24,12,,,,,,,,,
20,VISIT,1848,Random,OnArrival,5,9,22102,Node_280,27,0,13,27,13,,,,,,,,,
20,VISIT,1819,Random,OnArrival,5,149,22107,Node_626,36,0,25,36,25,,,,,,,,,
20,VISIT,1823,Random,OnArrival,5,130,22107,Node_684,42,0,25,42,25,,,,,,,,,
20,VISIT,1824,Random,OnArrival,5,110,22107,Node_651,40,0,19,40,19,,,,,,,,,
20,VISIT,1825,Random,OnArrival,5,98,22107,Node_651,40,0,19,40,19,,,,,,,,,
20,VISIT,1827,Random,OnArrival,5,99,22107,Node_893,41,0,24,41,24,,,,,,,,,
20,VISIT,1828,Random,OnArrival,5,102,22107,Node_635,38,0,19,38,19,,,,,,,,,
20,VISIT,1829,Random,OnArrival,5,74,22107,Node_641,40,0,25,40,25,,,,,,,,,
20,VISIT,1830,Random,OnArrival,5,71,22107,Node_571,24,0,25,24,25,,,,,,,,,
20,VISIT,1831,Random,OnArrival,5,73,22107,Node_641,40,0,25,40,25,,,,,,,,,
20,VISIT,1832,Random,OnArrival,5,76,22107,Node_893,41,0,24,41,24,,,,,,,,,
20,VISIT,1833,Random,OnArrival,5,53,22107,Node_554,15,0,25,15,25,,,,,,,,,
20,VISIT,1834,Random,OnArrival,5,53,22107,Node_569,13,0,23,13,23,,,,,,,,,
20,VISIT,1835,Random,OnArrival,5,53,22107,Node_554,15,0,25,15,25,,,,,,,,,
20,VISIT,1836,Random,OnArrival,5,52,22107,Node_569,13,0,23,13,23,,,,,,,,,
20,VISIT,1841,Random,OnArrival,5,24,22107,Node_890,40,0,14,40,14,,,,,,,,,
20,VISIT,1842,Random,OnArrival,5,23,22107,Node_890,40,0,14,40,14,,,,,,,,,
20,VISIT,1843,Random,OnArrival,5,24,22107,Node_486,33,0,7,33,7,,,,,,,,,
20,VISIT,1845,Random,OnArrival,5,10,22107,Node_191,26,0,13,26,13,,,,,,,,,
20,VISIT,1846,Random,OnArrival,5,9,22107,Node_272,27,0,10,27,10,,,,,,,,,
20,VISIT,1847,Random,OnArrival,5,10,22107,Node_132,24,0,13,24,13,,,,,,,,,
20,VISIT,1848,Random,OnArrival,5,10,22107,Node_295,28,0,13,28,13,,,,,,,,,
20,VISIT,1823,Random,OnArrival,5,131,22112,Node_895,43,0,25,43,25,,,,,,,,,
20,VISIT,1824,Random,OnArrival,5,111,22112,Node_672,41,0,19,41,19,,,,,,,,,
20,VISIT,1825,Random,OnArrival,5,99,22112,Node_672,41,0,19,41,19,,,,,,,,,
20,VISIT,1826,Random,OnArrival,5,100,22112,Node_680,42,0,22,42,22,,,,,,,,,
20,VISIT,1827,Random,OnArrival,5,100,22112,Node_683,42,0,24,42,24,,,,,,,,,
20,VISIT,1829,Random,OnArrival,5,75,22112,Node_638,40,0,24,40,24,,,,,,,,,
20,VISIT,1830,Random,OnArrival,5,72,22112,Node_570,25,0,25,25,25,,,,,,,,,
20,VISIT,1831,Random,OnArrival,5,74,22112,Node_686,41,0,25,41,25,,,,,,,,,
20,VISIT,1832,Random,OnArrival,5,77,22112,Node_686,41,0,25,41,25,,,,,,,,,
20,VISIT,1834,Random,OnArrival,5,54,22112,Node_557,14,0,23,14,23,,,,,,,,,
20,VISIT,1836,Random,OnArrival,5,53,22112,Node_557,14,0,23,14,23,,,,,,,,,
20,VISIT,1838,Random,OnArrival,5,27,22112,Node_672,41,0,19,41,19,,,,,,,,,
20,VISIT,1839,Random,OnArrival,5,34,22112,Node_890,40,0,14,40,14,,,,,,,,,
20,VISIT,1843,Random,OnArrival,5,25,22112,Node_493,33,0,6,33,6,,,,,,,,,
20,VISIT,1845,Random,OnArrival,5,11,22112,Node_280,27,0,13,27,13,,,,,,,,,
20,VISIT,1846,Random,OnArrival,5,10,22112,Node_275,27,0,11,27,11,,,,,,,,,
20,VISIT,1847,Random,OnArrival,5,11,22112,Node_174,25,0,13,25,13,,,,,,,,,
20,VISIT,1819,Random,OnArrival,5,150,22120,Node_627,38,0,25,38,25,,,,,,,,,
20,VISIT,1824,Random,OnArrival,5,112,22120,Node_905,41,0,18,41,18,,,,,,,,,
20,VISIT,1825,Random,OnArrival,5,100,22120,Node_905,41,0,18,41,18,,,,,,,,,
20,VISIT,1826,Random,OnArrival,5,101,22120,Node_678,42,0,21,42,21,,,,,,,,,
20,VISIT,1827,Random,OnArrival,5,101,22120,Node_897,43,0,24,43,24,,,,,,,,,
20,VISIT,1828,Random,OnArrival,5,103,22120,Node_651,40,0,19,40,19,,,,,,,,,
20,VISIT,1829,Random,OnArrival,5,76,22120,Node_893,41,0,24,41,24,,,,,,,,,
20,VISIT,1831,Random,OnArrival,5,75,22120,Node_684,42,0,25,42,25,,,,,,,,,
20,VISIT,1832,Random,OnArrival,5,78,22120,Node_684,42,0,25,42,25,,,,,,,,,
20,VISIT,1834,Random,OnArrival,5,55,22120,Node_556,14,0,24,14,24,,,,,,,,,
20,VISIT,1836,Random,OnArrival,5,54,22120,Node_556,14,0,24,14,24,,,,,,,,,
20,VISIT,1838,Random,OnArrival,5,28,22120,Node_651,40,0,19,40,19,,,,,,,,,
20,VISIT,1839,Random,OnArrival,5,35,22120,Node_894,41,0,14,41,14,,,,,,,,,
20,VISIT,1841,Random,OnArrival,5,25,22120,Node_658,40,0,16,40,16,,,,,,,,,
20,VISIT,1842,Random,OnArrival,5,24,22120,Node_658,40,0,16,40,16,,,,,,,,,
20,VISIT,1843,Random,OnArrival,5,26,22120,Node_474,32,0,6,32,6,,,,,,,,,
20,VISIT,1845,Random,OnArrival,5,12,22120,Node_295,28,0,13,28,13,,,,,,,,,
20,VISIT,1846,Random,OnArrival,5,11,22120,Node_278,27,0,12,27,12,,,,,,,,,
20,VISIT,1847,Random,OnArrival,5,12,22120,Node_191,26,0,13,26,13,,,,,,,,,
20,VISIT,1848,Random,OnArrival,5,11,22120,Node_310,30,0,13,30,13,,,,,,,,,
20,VISIT,1819,Random,OnArrival,5,151,22128,Node_628,38,0,24,38,24,,,,,,,,,
20,VISIT,1824,Random,OnArrival,5,113,22128,Node_653,40,0,18,40,18,,,,,,,,,
20,VISIT,1825,Random,OnArrival,5,101,22128,Node_653,40,0,18,40,18,,,,,,,,,
20,VISIT,1827,Random,OnArrival,5,102,22128,Node_900,43,0,23,43,23,,,,,,,,,
20,VISIT,1828,Random,OnArrival,5,104,22128,Node_653,40,0,18,40,18,,,,,,,,,
20,VISIT,1829,Random,OnArrival,5,77,22128,Node_683,42,0,24,42,24,,,,,,,,,
20,VISIT,1831,Random,OnArrival,5,76,22128,Node_683,42,0,24,42,24,,,,,,,,,
20,VISIT,1832,Random,OnArrival,5,79,22128,Node_683,42,0,24,42,24,,,,,,,,,
20,VISIT,1833,Random,OnArrival,5,54,22128,Node_539,18,0,25,18,25,,,,,,,,,
20,VISIT,1834,Random,OnArrival,5,56,22128,Node_555,14,0,25,14,25,,,,,,,,,
20,VISIT,1835,Random,OnArrival,5,54,22128,Node_539,18,0,25,18,25,,,,,,,,,
20,VISIT,1836,Random,OnArrival,5,55,22128,Node_555,14,0,25,14,25,,,,,,,,,
20,VISIT,1838,Random,OnArrival,5,29,22128,Node_653,40,0,18,40,18,,,,,,,,,
20,VISIT,1841,Random,OnArrival,5,26,22128,Node_656,40,0,17,40,17,,,,,,,,,
20,VISIT,1842,Random,OnArrival,5,25,22128,Node_656,40,0,17,40,17,,,,,,,,,
20,VISIT,1843,Random,OnArrival,5,27,22128,Node_493,33,0,6,33,6,,,,,,,,,
20,VISIT,1846,Random,OnArrival,5,12,22128,Node_280,27,0,13,27,13,,,,,,,,,
20,VISIT,1847,Random,OnArrival,5,13,22128,Node_280,27,0,13,27,13,,,,,,,,,
20,VISIT,1848,Random,OnArrival,5,12,22128,Node_311,31,0,13,31,13,,,,,,,,,
20,VISIT,1819,Random,OnArrival,5,152,22136,Node_631,39,0,24,39,24,,,,,,,,,
20,VISIT,1824,Random,OnArrival,5,114,22136,Node_656,40,0,17,40,17,,,,,,,,,
20,VISIT,1825,Random,OnArrival,5,102,22136,Node_656,40,0,17,40,17,,,,,,,,,
20,VISIT,1826,Random,OnArrival,5,102,22136,Node_674,41,0,20,41,20,,,,,,,,,
20,VISIT,1827,Random,OnArrival,5,103,22136,Node_682,42,0,23,42,23,,,,,,,,,
20,VISIT,1828,Random,OnArrival,5,105,22136,Node_656,40,0,17,40,17,,,,,,,,,
20,VISIT,1829,Random,OnArrival,5,78,22136,Node_682,42,0,23,42,23,,,,,,,,,
20,VISIT,1831,Random,OnArrival,5,77,22136,Node_897,43,0,24,43,24,,,,,,,,,
20,VISIT,1832,Random,OnArrival,5,80,22136,Node_897,43,0,24,43,24,,,,,,,,,
20,VISIT,1833,Random,OnArrival,5,55,22136,Node_536,19,0,25,19,25,,,,,,,,,
20,VISIT,1834,Random,OnArrival,5,57,22136,Node_554,15,0,25,15,25,,,,,,,,,
20,VISIT,1835,Random,OnArrival,5,55,22136,Node_536,19,0,25,19,25,,,,,,,,,
20,VISIT,1836,Random,OnArrival,5,56,22136,Node_554,15,0,25,15,25,,,,,,,,,
20,VISIT,1838,Random,OnArrival,5,30,22136,Node_656,40,0,17,40,17,,,,,,,,,
20,VISIT,1841,Random,OnArrival,5,27,22136,Node_901,41,0,17,41,17,,,,,,,,,
20,VISIT,1842,Random,OnArrival,5,26,22136,Node_901,41,0,17,41,17,,,,,,,,,
20,VISIT,1843,Random,OnArrival,5,28,22136,Node_495,33,0,5,33,5,,,,,,,,,
20,VISIT,1845,Random,OnArrival,5,13,22136,Node_310,30,0,13,30,13,,,,,,,,,
20,VISIT,1846,Random,OnArrival,5,13,22136,Node_295,28,0,13,28,13,,,,,,,,,
20,VISIT,1847,Random,OnArrival,5,14,22136,Node_295,28,0,13,28,13,,,,,,,,,
20,VISIT,1848,Random,OnArrival,5,13,22136,Node_331,32,0,13,32,13,,,,,,,,,
20,VISIT,1819,Random,OnArrival,5,153,22144,Node_638,40,0,24,40,24,,,,,,,,,
20,VISIT,1824,Random,OnArrival,5,115,22144,Node_901,41,0,17,41,17,,,,,,,,,
20,VISIT,1825,Random,OnArrival,5,103,22144,Node_901,41,0,17,41,17,,,,,,,,,
20,VISIT,1826,Random,OnArrival,5,103,22144,Node_672,41,0,19,41,19,,,,,,,,,
20,VISIT,1827,Random,OnArrival,5,104,22144,Node_683,42,0,24,42,24,,,,,,,,,
20,VISIT,1828,Random,OnArrival,5,106,22144,Node_901,41,0,17,41,17,,,,,,,,,
20,VISIT,1829,Random,OnArrival,5,79,22144,Node_680,42,0,22,42,22,,,,,,,,,
20,VISIT,1830,Random,OnArrival,5,73,22144,Node_545,29,0,25,29,25,,,,,,,,,
20,VISIT,1831,Random,OnArrival,5,78,22144,Node_900,43,0,23,43,23,,,,,,,,,
20,VISIT,1832,Random,OnArrival,5,81,22144,Node_900,43,0,23,43,23,,,,,,,,,
20,VISIT,1838,Random,OnArrival,5,31,22144,Node_901,41,0,17,41,17,,,,,,,,,
20,VISIT,1841,Random,OnArrival,5,28,22144,Node_898,41,0,16,41,16,,,,,,,,,
20,VISIT,1842,Random,OnArrival,5,27,22144,Node_898,41,0,16,41,16,,,,,,,,,
20,VISIT,1843,Random,OnArrival,5,29,22144,Node_473,32,0,5,32,5,,,,,,,,,
20,VISIT,1845,Random,OnArrival,5,14,22144,Node_311,31,0,13,31,13,,,,,,,,,
20,VISIT,1848,Random,OnArrival,5,14,22144,Node_333,32,0,12,32,12,,,,,,,,,
20,VISIT,1819,Random,OnArrival,5,154,22155,Node_893,41,0,24,41,24,,,,,,,,,
20,VISIT,1824,Random,OnArrival,5,116,22155,Node_905,41,0,18,41,18,,,,,,,,,
20,VISIT,1825,Random,OnArrival,5,104,22155,Node_905,41,0,18,41,18,,,,,,,,,
20,VISIT,1826,Random,OnArrival,5,104,22155,Node_905,41,0,18,41,18,,,,,,,,,
20,VISIT,1827,Random,OnArrival,5,105,22155,Node_684,42,0,25,42,25,,,,,,,,,
20,VISIT,1828,Random,OnArrival,5,107,22155,Node_898,41,0,16,41,16,,,,,,,,,
20,VISIT,1829,Random,OnArrival,5,80,22155,Node_904,43,0,22,43,22,,,,,,,,,
20,VISIT,1830,Random,OnArrival,5,74,22155,Node_543,30,0,25,30,25,,,,,,,,,
20,VISIT,1831,Random,OnArrival,5,79,22155,Node_904,43,0,22,43,22,,,,,,,,,
20,VISIT,1832,Random,OnArrival,5,82,22155,Node_904,43,0,22,43,22,,,,,,,,,
20,VISIT,1838,Random,OnArrival,5,32,22155,Node_905,41,0,18,41,18,,,,,,,,,
20,VISIT,1839,Random,OnArrival,5,36,22155,Node_898,41,0,16,41,16,,,,,,,,,
20,VISIT,1841,Random,OnArrival,5,29,22155,Node_914,42,0,16,42,16,,,,,,,,,
20,VISIT,1842,Random,OnArrival,5,28,22155,Node_914,42,0,16,42,16,,,,,,,,,
20,VISIT,1843,Random,OnArrival,5,30,22155,Node_474,32,0,6,32,6,,,,,,,,,
20,VISIT,1845,Random,OnArrival,5,15,22155,Node_331,32,0,13,32,13,,,,,,,,,
20,VISIT,1846,Random,OnArrival,5,14,22155,Node_310,30,0,13,30,13,,,,,,,,,
20,VISIT,1847,Random,OnArrival,5,15,22155,Node_310,30,0,13,30,13,,,,,,,,,
20,VISIT,1848,Random,OnArrival,5,15,22155,Node_335,32,0,11,32,11,,,,,,,,,
20,VISIT,1819,Random,OnArrival,5,155,22167,Node_686,41,0,25,41,25,,,,,,,,,
20,VISIT,1824,Random,OnArrival,5,117,22167,Node_672,41,0,19,41,19,,,,,,,,,
20,VISIT,1825,Random,OnArrival,5,105,22167,Node_672,41,0,19,41,19,,,,,,,,,
20,VISIT,1826,Random,OnArrival,5,105,22167,Node_901,41,0,17,41,17,,,,,,,,,
20,VISIT,1827,Random,OnArrival,5,106,22167,Node_895,43,0,25,43,25,,,,,,,,,
20,VISIT,1828,Random,OnArrival,5,108,22167,Node_914,42,0,16,42,16,,,,,,,,,
20,VISIT,1830,Random,OnArrival,5,75,22167,Node_591,31,0,25,31,25,,,,,,,,,
20,VISIT,1834,Random,OnArrival,5,58,22167,Node_539,18,0,25,18,25,,,,,,,,,
20,VISIT,1836,Random,OnArrival,5,57,22167,Node_539,18,0,25,18,25,,,,,,,,,
20,VISIT,1838,Random,OnArrival,5,33,22167,Node_672,41,0,19,41,19,,,,,,,,,
20,VISIT,1839,Random,OnArrival,5,37,22167,Node_901,41,0,17,41,17,,,,,,,,,
20,VISIT,1843,Random,OnArrival,5,31,22167,Node_476,32,0,7,32,7,,,,,,,,,
20,VISIT,1844,Random,OnArrival,5,24,22167,Node_912,40,0,9,40,9,,,,,,,,,
20,VISIT,1845,Random,OnArrival,5,16,22167,Node_333,32,0,12,32,12,,,,,,,,,
20,VISIT,1846,Random,OnArrival,5,15,22167,Node_311,31,0,13,31,13,,,,,,,,,
20,VISIT,1847,Random,OnArrival,5,16,22167,Node_311,31,0,13,31,13,,,,,,,,,
20,VISIT,1819,Random,OnArrival,5,156,22178,Node_684,42,0,25,42,25,,,,,,,,,
20,VISIT,1824,Random,OnArrival,5,118,22178,Node_674,41,0,20,41,20,,,,,,,,,
20,VISIT,1825,Random,OnArrival,5,106,22178,Node_674,41,0,20,41,20,,,,,,,,,
20,VISIT,1826,Random,OnArrival,5,106,22178,Node_898,41,0,16,41,16,,,,,,,,,
20,VISIT,1827,Random,OnArrival,5,107,22178,Node_897,43,0,24,43,24,,,,,,,,,
20,VISIT,1828,Random,OnArrival,5,109,22178,Node_918,43,0,16,43,16,,,,,,,,,
20,VISIT,1830,Random,OnArrival,5,76,22178,Node_608,32,0,25,32,25,,,,,,,,,
20,VISIT,1834,Random,OnArrival,5,59,22178,Node_536,19,0,25,19,25,,,,,,,,,
20,VISIT,1836,Random,OnArrival,5,58,22178,Node_536,19,0,25,19,25,,,,,,,,,
20,VISIT,1838,Random,OnArrival,5,34,22178,Node_674,41,0,20,41,20,,,,,,,,,
20,VISIT,1839,Random,OnArrival,5,38,22178,Node_905,41,0,18,41,18,,,,,,,,,
20,VISIT,1843,Random,OnArrival,5,32,22178,Node_486,33,0,7,33,7,,,,,,,,,
20,VISIT,1844,Random,OnArrival,5,25,22178,Node_909,39,0,9,39,9,,,,,,,,,
20,VISIT,1845,Random,OnArrival,5,17,22178,Node_335,32,0,11,32,11,,,,,,,,,
20,VISIT,1846,Random,OnArrival,5,16,22178,Node_331,32,0,13,32,13,,,,,,,,,
20,VISIT,1847,Random,OnArrival,5,17,22178,Node_331,32,0,13,32,13,,,,,,,,,
20,VISIT,1848,Random,OnArrival,5,16,22178,Node_484,34,0,11,34,11,,,,,,,,,
20,VISIT,1819,Random,OnArrival,5,157,22189,Node_895,43,0,25,43,25,,,,,,,,,
20,VISIT,1824,Random,OnArrival,5,119,22189,Node_910,42,0,20,42,20,,,,,,,,,
20,VISIT,1825,Random,OnArrival,5,107,22189,Node_910,42,0,20,42,20,,,,,,,,,
20,VISIT,1826,Random,OnArrival,5,107,22189,Node_914,42,0,16,42,16,,,,,,,,,
20,VISIT,1827,Random,OnArrival,5,108,22189,Node_900,43,0,23,43,23,,,,,,,,,
20,VISIT,1828,Random,OnArrival,5,110,22189,Node_919,43,0,17,43,17,,,,,,,,,
20,VISIT,1833,Random,OnArrival,5,56,22189,Node_571,24,0,25,24,25,,,,,,,,,
20,VISIT,1835,Random,OnArrival,5,56,22189,Node_571,24,0,25,24,25,,,,,,,,,
20,VISIT,1838,Random,OnArrival,5,35,22189,Node_910,42,0,20,42,20,,,,,,,,,
20,VISIT,1839,Random,OnArrival,5,39,22189,Node_672,41,0,19,41,19,,,,,,,,,
20,VISIT,1843,Random,OnArrival,5,33,22189,Node_487,33,0,8,33,8,,,,,,,,,
20,VISIT,1844,Random,OnArrival,5,26,22189,Node_908,39,0,8,39,8,,,,,,,,,
20,VISIT,1846,Random,OnArrival,5,17,22189,Node_333,32,0,12,32,12,,,,,,,,,
20,VISIT,1847,Random,OnArrival,5,18,22189,Node_333,32,0,12,32,12,,,,,,,,,
20,VISIT,1848,Random,OnArrival,5,17,22189,Node_485,34,0,10,34,10,,,,,,,,,
20,VISIT,1826,Random,OnArrival,5,108,22201,Node_918,43,0,16,43,16,,,,,,,,,
20,VISIT,1827,Random,OnArrival,5,109,22201,Node_904,43,0,22,43,22,,,,,,,,,
20,VISIT,1828,Random,OnArrival,5,111,22201,Node_921,43,0,18,43,18,,,,,,,,,
20,VISIT,1833,Random,OnArrival,5,57,22201,Node_570,25,0,25,25,25,,,,,,,,,
20,VISIT,1835,Random,OnArrival,5,57,22201,Node_570,25,0,25,25,25,,,,,,,,,
20,VISIT,1839,Random,OnArrival,5,40,22201,Node_674,41,0,20,41,20,,,,,,,,,
20,VISIT,1843,Random,OnArrival,5,34,22201,Node_488,34,0,8,34,8,,,,,,,,,
20,VISIT,1844,Random,OnArrival,5,27,22201,Node_896,38,0,8,38,8,,,,,,,,,
20,VISIT,1845,Random,OnArrival,5,18,22201,Node_484,34,0,11,34,11,,,,,,,,,
20,VISIT,1846,Random,OnArrival,5,18,22201,Node_335,32,0,11,32,11,,,,,,,,,
20,VISIT,1847,Random,OnArrival,5,19,22201,Node_335,32,0,11,32,11,,,,,,,,,
20,VISIT,1848,Random,OnArrival,5,18,22201,Node_489,34,0,9,34,9,,,,,,,,,
20,VISIT,1824,Random,OnArrival,5,120,22214,Node_925,43,0,19,43,19,,,,,,,,,
20,VISIT,1825,Random,OnArrival,5,108,22214,Node_925,43,0,19,43,19,,,,,,,,,
20,VISIT,1827,Random,OnArrival,5,110,22214,Node_680,42,0,22,42,22,,,,,,,,,
20,VISIT,1828,Random,OnArrival,5,112,22214,Node_925,43,0,19,43,19,,,,,,,,,
20,VISIT,1830,Random,OnArrival,5,77,22214,Node_619,35,0,25,35,25,,,,,,,,,
20,VISIT,1838,Random,OnArrival,5,36,22214,Node_925,43,0,19,43,19,,,,,,,,,
20,VISIT,1839,Random,OnArrival,5,41,22214,Node_910,42,0,20,42,20,,,,,,,,,
20,VISIT,1841,Random,OnArrival,5,30,22214,Node_923,43,0,20,43,20,,,,,,,,,
20,VISIT,1842,Random,OnArrival,5,29,22214,Node_923,43,0,20,43,20,,,,,,,,,
20,VISIT,1843,Random,OnArrival,5,35,22214,Node_504,35,0,8,35,8,,,,,,,,,
20,VISIT,1844,Random,OnArrival,5,28,22214,Node_899,38,0,7,38,7,,,,,,,,,
20,VISIT,1845,Random,OnArrival,5,19,22214,Node_485,34,0,10,34,10,,,,,,,,,
20,VISIT,1848,Random,OnArrival,5,19,22214,Node_488,34,0,8,34,8,,,,,,,,,
20,VISIT,1827,Random,OnArrival,5,111,22228,Node_678,42,0,21,42,21,,,,,,,,,
20,VISIT,1830,Random,OnArrival,5,78,22228,Node_626,36,0,25,36,25,,,,,,,,,
20,VISIT,1839,Random,OnArrival,5,42,22228,Node_678,42,0,21,42,21,,,,,,,,,
20,VISIT,1844,Random,OnArrival,5,29,22228,Node_907,39,0,7,39,7,,,,,,,,,
20,VISIT,1845,Random,OnArrival,5,20,22228,Node_489,34,0,9,34,9,,,,,,,,,
20,VISIT,1846,Random,OnArrival,5,19,22228,Node_484,34,0,11,34,11,,,,,,,,,
20,VISIT,1847,Random,OnArrival,5,20,22228,Node_484,34,0,11,34,11,,,,,,,,,
20,VISIT,1848,Random,OnArrival,5,20,22228,Node_903,34,0,7,34,7,,,,,,,,,
20,VISIT,1825,Random,OnArrival,5,109,22241,Node_931,44,0,20,44,20,,,,,,,,,
20,VISIT,1827,Random,OnArrival,5,112,22241,Node_910,42,0,20,42,20,,,,,,,,,
20,VISIT,1828,Random,OnArrival,5,113,22241,Node_931,44,0,20,44,20,,,,,,,,,
20,VISIT,1829,Random,OnArrival,5,81,22241,Node_931,44,0,20,44,20,,,,,,,,,
20,VISIT,1831,Random,OnArrival,5,80,22241,Node_931,44,0,20,44,20,,,,,,,,,
20,VISIT,1832,Random,OnArrival,5,83,22241,Node_931,44,0,20,44,20,,,,,,,,,
20,VISIT,1834,Random,OnArrival,5,60,22241,Node_571,24,0,25,24,25,,,,,,,,,
20,VISIT,1836,Random,OnArrival,5,59,22241,Node_571,24,0,25,24,25,,,,,,,,,
20,VISIT,1838,Random,OnArrival,5,37,22241,Node_931,44,0,20,44,20,,,,,,,,,
20,VISIT,1839,Random,OnArrival,5,43,22241,Node_680,42,0,22,42,22,,,,,,,,,
20,VISIT,1841,Random,OnArrival,5,31,22241,Node_929,44,0,19,44,19,,,,,,,,,
20,VISIT,1842,Random,OnArrival,5,30,22241,Node_929,44,0,19,44,19,,,,,,,,,
20,VISIT,1843,Random,OnArrival,5,36,22241,Node_903,34,0,7,34,7,,,,,,,,,
20,VISIT,1845,Random,OnArrival,5,21,22241,Node_488,34,0,8,34,8,,,,,,,,,
20,VISIT,1846,Random,OnArrival,5,20,22241,Node_485,34,0,10,34,10,,,,,,,,,
20,VISIT,1847,Random,OnArrival,5,21,22241,Node_485,34,0,10,34,10,,,,,,,,,
20,VISIT,1848,Random,OnArrival,5,21,22241,Node_932,35,0,7,35,7,,,,,,,,,
20,VISIT,1819,Random,OnArrival,5,158,22251,Node_916,48,0,25,48,25,,,,,,,,,
20,VISIT,1826,Random,OnArrival,5,109,22251,Node_929,44,0,19,44,19,,,,,,,,,
20,VISIT,1827,Random,OnArrival,5,113,22251,Node_923,43,0,20,43,20,,,,,,,,,
20,VISIT,1829,Random,OnArrival,5,82,22251,Node_929,44,0,19,44,19,,,,,,,,,
20,VISIT,1830,Random,OnArrival,5,79,22251,Node_627,38,0,25,38,25,,,,,,,,,
20,VISIT,1832,Random,OnArrival,5,84,22251,Node_923,43,0,20,43,20,,,,,,,,,
20,VISIT,1833,Random,OnArrival,5,58,22251,Node_545,29,0,25,29,25,,,,,,,,,
20,VISIT,1834,Random,OnArrival,5,61,22251,Node_570,25,0,25,25,25,,,,,,,,,
20,VISIT,1835,Random,OnArrival,5,58,22251,Node_545,29,0,25,29,25,,,,,,,,,
20,VISIT,1836,Random,OnArrival,5,60,22251,Node_570,25,0,25,25,25,,,,,,,,,
20,VISIT,1838,Random,OnArrival,5,38,22251,Node_923,43,0,20,43,20,,,,,,,,,
20,VISIT,1839,Random,OnArrival,5,44,22251,Node_904,43,0,22,43,22,,,,,,,,,
20,VISIT,1841,Random,OnArrival,5,32,22251,Node_934,44,0,18,44,18,,,,,,,,,
20,VISIT,1842,Random,OnArrival,5,31,22251,Node_934,44,0,18,44,18,,,,,,,,,
20,VISIT,1843,Random,OnArrival,5,37,22251,Node_486,33,0,7,33,7,,,,,,,,,
20,VISIT,1845,Random,OnArrival,5,22,22251,Node_487,33,0,8,33,8,,,,,,,,,
20,VISIT,1846,Random,OnArrival,5,21,22251,Node_489,34,0,9,34,9,,,,,,,,,
20,VISIT,1847,Random,OnArrival,5,22,22251,Node_489,34,0,9,34,9,,,,,,,,,
20,VISIT,1848,Random,OnArrival,5,22,22251,Node_903,34,0,7,34,7,,,,,,,,,
20,VISIT,1825,Random,OnArrival,5,110,22262,Node_928,46,0,20,46,20,,,,,,,,,
20,VISIT,1826,Random,OnArrival,5,110,22262,Node_931,44,0,20,44,20,,,,,,,,,
20,VISIT,1827,Random,OnArrival,5,114,22262,Node_925,43,0,19,43,19,,,,,,,,,
20,VISIT,1828,Random,OnArrival,5,114,22262,Node_928,46,0,20,46,20,,,,,,,,,
20,VISIT,1829,Random,OnArrival,5,83,22262,Node_925,43,0,19,43,19,,,,,,,,,
20,VISIT,1830,Random,OnArrival,5,80,22262,Node_629,39,0,25,39,25,,,,,,,,,
20,VISIT,1831,Random,OnArrival,5,81,22262,Node_928,46,0,20,46,20,,,,,,,,,
20,VISIT,1832,Random,OnArrival,5,85,22262,Node_925,43,0,19,43,19,,,,,,,,,
20,VISIT,1833,Random,OnArrival,5,59,22262,Node_543,30,0,25,30,25,,,,,,,,,
20,VISIT,1835,Random,OnArrival,5,59,22262,Node_543,30,0,25,30,25,,,,,,,,,
20,VISIT,1838,Random,OnArrival,5,39,22262,Node_925,43,0,19,43,19,,,,,,,,,
20,VISIT,1841,Random,OnArrival,5,33,22262,Node_921,43,0,18,43,18,,,,,,,,,
20,VISIT,1842,Random,OnArrival,5,32,22262,Node_921,43,0,18,43,18,,,,,,,,,
20,VISIT,1843,Random,OnArrival,5,38,22262,Node_493,33,0,6,33,6,,,,,,,,,
20,VISIT,1845,Random,OnArrival,5,23,22262,Node_486,33,0,7,33,7,,,,,,,,,
20,VISIT,1846,Random,OnArrival,5,22,22262,Node_488,34,0,8,34,8,,,,,,,,,
20,VISIT,1847,Random,OnArrival,5,23,22262,Node_488,34,0,8,34,8,,,,,,,,,
20,VISIT,1848,Random,OnArrival,5,23,22262,Node_486,33,0,7,33,7,,,,,,,,,
20,VISIT,1827,Random,OnArrival,5,115,22274,Node_921,43,0,18,43,18,,,,,,,,,
20,VISIT,1829,Random,OnArrival,5,84,22274,Node_921,43,0,18,43,18,,,,,,,,,
20,VISIT,1830,Random,OnArrival,5,81,22274,Node_641,40,0,25,40,25,,,,,,,,,
20,VISIT,1832,Random,OnArrival,5,86,22274,Node_921,43,0,18,43,18,,,,,,,,,
20,VISIT,1833,Random,OnArrival,5,60,22274,Node_591,31,0,25,31,25,,,,,,,,,
20,VISIT,1835,Random,OnArrival,5,60,22274,Node_591,31,0,25,31,25,,,,,,,,,
20,VISIT,1838,Random,OnArrival,5,40,22274,Node_921,43,0,18,43,18,,,,,,,,,
20,VISIT,1841,Random,OnArrival,5,34,22274,Node_934,44,0,18,44,18,,,,,,,,,
20,VISIT,1842,Random,OnArrival,5,33,22274,Node_919,43,0,17,43,17,,,,,,,,,
20,VISIT,1843,Random,OnArrival,5,39,22274,Node_495,33,0,5,33,5,,,,,,,,,
20,VISIT,1845,Random,OnArrival,5,24,22274,Node_476,32,0,7,32,7,,,,,,,,,
20,VISIT,1846,Random,OnArrival,5,23,22274,Node_487,33,0,8,33,8,,,,,,,,,
20,VISIT,1847,Random,OnArrival,5,24,22274,Node_487,33,0,8,33,8,,,,,,,,,
20,VISIT,1848,Random,OnArrival,5,24,22274,Node_493,33,0,6,33,6,,,,,,,,,
20,VISIT,1826,Random,OnArrival,5,111,22287,Node_928,46,0,20,46,20,,,,,,,,,
20,VISIT,1827,Random,OnArrival,5,116,22287,Node_919,43,0,17,43,17,,,,,,,,,
20,VISIT,1829,Random,OnArrival,5,85,22287,Node_919,43,0,17,43,17,,,,,,,,,
20,VISIT,1830,Random,OnArrival,5,82,22287,Node_686,41,0,25,41,25,,,,,,,,,
20,VISIT,1832,Random,OnArrival,5,87,22287,Node_919,43,0,17,43,17,,,,,,,,,
20,VISIT,1833,Random,OnArrival,5,61,22287,Node_608,32,0,25,32,25,,,,,,,,,
20,VISIT,1835,Random,OnArrival,5,61,22287,Node_608,32,0,25,32,25,,,,,,,,,
20,VISIT,1838,Random,OnArrival,5,41,22287,Node_919,43,0,17,43,17,,,,,,,,,
20,VISIT,1839,Random,OnArrival,5,45,22287,Node_920,46,0,22,46,22,,,,,,,,,
20,VISIT,1842,Random,OnArrival,5,34,22287,Node_930,44,0,17,44,17,,,,,,,,,
20,VISIT,1843,Random,OnArrival,5,40,22287,Node_496,33,0,4,33,4,,,,,,,,,
20,VISIT,1845,Random,OnArrival,5,25,22287,Node_474,32,0,6,32,6,,,,,,,,,
20,VISIT,1846,Random,OnArrival,5,24,22287,Node_486,33,0,7,33,7,,,,,,,,,
20,VISIT,1847,Random,OnArrival,5,25,22287,Node_486,33,0,7,33,7,,,,,,,,,
20,VISIT,1848,Random,OnArrival,5,25,22287,Node_495,33,0,5,33,5,,,,,,,,,
20,VISIT,1819,Random,OnArrival,5,159,22300,Node_922,48,0,21,48,21,,,,,,,,,
20,VISIT,1825,Random,OnArrival,5,111,22300,Node_924,46,0,21,46,21,,,,,,,,,
20,VISIT,1826,Random,OnArrival,5,112,22300,Node_940,47,0,20,47,20,,,,,,,,,
20,VISIT,1827,Random,OnArrival,5,117,22300,Node_930,44,0,17,44,17,,,,,,,,,
20,VISIT,1828,Random,OnArrival,5,115,22300,Node_924,46,0,21,46,21,,,,,,,,,
20,VISIT,1829,Random,OnArrival,5,86,22300,Node_930,44,0,17,44,17,,,,,,,,,
20,VISIT,1830,Random,OnArrival,5,83,22300,Node_684,42,0,25,42,25,,,,,,,,,
20,VISIT,1831,Random,OnArrival,5,82,22300,Node_924,46,0,21,46,21,,,,,,,,,
20,VISIT,1832,Random,OnArrival,5,88,22300,Node_930,44,0,17,44,17,,,,,,,,,
20,VISIT,1834,Random,OnArrival,5,62,22300,Node_545,29,0,25,29,25,,,,,,,,,
20,VISIT,1836,Random,OnArrival,5,61,22300,Node_545,29,0,25,29,25,,,,,,,,,
20,VISIT,1838,Random,OnArrival,5,42,22300,Node_930,44,0,17,44,17,,,,,,,,,
20,VISIT,1839,Random,OnArrival,5,46,22300,Node_924,46,0,21,46,21,,,,,,,,,
20,VISIT,1842,Random,OnArrival,5,35,22300,Node_934,44,0,18,44,18,,,,,,,,,
20,VISIT,1843,Random,OnArrival,5,41,22300,Node_471,32,0,4,32,4,,,,,,,,,
20,VISIT,1845,Random,OnArrival,5,26,22300,Node_473,32,0,5,32,5,,,,,,,,,
20,VISIT,1846,Random,OnArrival,5,25,22300,Node_493,33,0,6,33,6,,,,,,,,,
20,VISIT,1847,Random,OnArrival,5,26,22300,Node_476,32,0,7,32,7,,,,,,,,,
20,VISIT,1848,Random,OnArrival,5,26,22300,Node_496,33,0,4,33,4,,,,,,,,,
20,VISIT,1819,Random,OnArrival,5,160,22312,Node_943,47,0,21,47,21,,,,,,,,,
20,VISIT,1825,Random,OnArrival,5,112,22312,Node_928,46,0,20,46,20,,,,,,,,,
20,VISIT,1826,Random,OnArrival,5,113,22312,Node_926,48,0,20,48,20,,,,,,,,,
20,VISIT,1827,Random,OnArrival,5,118,22312,Node_934,44,0,18,44,18,,,,,,,,,
20,VISIT,1828,Random,OnArrival,5,116,22312,Node_928,46,0,20,46,20,,,,,,,,,
20,VISIT,1829,Random,OnArrival,5,87,22312,Node_934,44,0,18,44,18,,,,,,,,,
20,VISIT,1830,Random,OnArrival,5,84,22312,Node_895,43,0,25,43,25,,,,,,,,,
20,VISIT,1831,Random,OnArrival,5,83,22312,Node_943,47,0,21,47,21,,,,,,,,,
20,VISIT,1832,Random,OnArrival,5,89,22312,Node_927,44,0,16,44,16,,,,,,,,,
20,VISIT,1834,Random,OnArrival,5,63,22312,Node_543,30,0,25,30,25,,,,,,,,,
20,VISIT,1836,Random,OnArrival,5,62,22312,Node_543,30,0,25,30,25,,,,,,,,,
20,VISIT,1838,Random,OnArrival,5,43,22312,Node_934,44,0,18,44,18,,,,,,,,,
20,VISIT,1839,Random,OnArrival,5,47,22312,Node_943,47,0,21,47,21,,,,,,,,,
20,VISIT,1842,Random,OnArrival,5,36,22312,Node_929,44,0,19,44,19,,,,,,,,,
20,VISIT,1843,Random,OnArrival,5,42,22312,Node_469,32,0,3,32,3,,,,,,,,,
20,VISIT,1845,Random,OnArrival,5,27,22312,Node_471,32,0,4,32,4,,,,,,,,,
20,VISIT,1846,Random,OnArrival,5,26,22312,Node_495,33,0,5,33,5,,,,,,,,,
20,VISIT,1847,Random,OnArrival,5,27,22312,Node_474,32,0,6,32,6,,,,,,,,,
20,VISIT,1819,Random,OnArrival,5,161,22324,Node_940,47,0,20,47,20,,,,,,,,,
20,VISIT,1825,Random,OnArrival,5,113,22324,Node_940,47,0,20,47,20,,,,,,,,,
20,VISIT,1827,Random,OnArrival,5,119,22324,Node_930,44,0,17,44,17,,,,,,,,,
20,VISIT,1829,Random,OnArrival,5,88,22324,Node_929,44,0,19,44,19,,,,,,,,,
20,VISIT,1831,Random,OnArrival,5,84,22324,Node_940,47,0,20,47,20,,,,,,,,,
20,VISIT,1832,Random,OnArrival,5,90,22324,Node_918,43,0,16,43,16,,,,,,,,,
20,VISIT,1833,Random,OnArrival,5,62,22324,Node_619,35,0,25,35,25,,,,,,,,,
20,VISIT,1834,Random,OnArrival,5,64,22324,Node_591,31,0,25,31,25,,,,,,,,,
20,VISIT,1835,Random,OnArrival,5,62,22324,Node_619,35,0,25,35,25,,,,,,,,,
20,VISIT,1836,Random,OnArrival,5,63,22324,Node_591,31,0,25,31,25,,,,,,,,,
20,VISIT,1838,Random,OnArrival,5,44,22324,Node_929,44,0,19,44,19,,,,,,,,,
20,VISIT,1839,Random,OnArrival,5,48,22324,Node_940,47,0,20,47,20,,,,,,,,,
20,VISIT,1841,Random,OnArrival,5,35,22324,Node_942,46,0,16,46,16,,,,,,,,,
20,VISIT,1842,Random,OnArrival,5,37,22324,Node_931,44,0,20,44,20,,,,,,,,,
20,VISIT,1843,Random,OnArrival,5,43,22324,Node_498,33,0,3,33,3,,,,,,,,,
20,VISIT,1845,Random,OnArrival,5,28,22324,Node_496,33,0,4,33,4,,,,,,,,,
20,VISIT,1846,Random,OnArrival,5,27,22324,Node_496,33,0,4,33,4,,,,,,,,,
20,VISIT,1847,Random,OnArrival,5,28,22324,Node_473,32,0,5,32,5,,,,,,,,,
20,VISIT,1819,Random,OnArrival,5,162,22336,Node_926,48,0,20,48,20,,,,,,,,,
20,VISIT,1825,Random,OnArrival,5,114,22336,Node_928,46,0,20,46,20,,,,,,,,,
20,VISIT,1826,Random,OnArrival,5,114,22336,Node_933,48,0,18,48,18,,,,,,,,,
20,VISIT,1827,Random,OnArrival,5,120,22336,Node_927,44,0,16,44,16,,,,,,,,,
20,VISIT,1828,Random,OnArrival,5,117,22336,Node_931,44,0,20,44,20,,,,,,,,,
20,VISIT,1829,Random,OnArrival,5,89,22336,Node_931,44,0,20,44,20,,,,,,,,,
20,VISIT,1831,Random,OnArrival,5,85,22336,Node_926,48,0,20,48,20,,,,,,,,,
20,VISIT,1832,Random,OnArrival,5,91,22336,Node_914,42,0,16,42,16,,,,,,,,,
20,VISIT,1833,Random,OnArrival,5,63,22336,Node_626,36,0,25,36,25,,,,,,,,,
20,VISIT,1834,Random,OnArrival,5,65,22336,Node_608,32,0,25,32,25,,,,,,,,,
20,VISIT,1835,Random,OnArrival,5,63,22336,Node_626,36,0,25,36,25,,,,,,,,,
20,VISIT,1836,Random,OnArrival,5,64,22336,Node_608,32,0,25,32,25,,,,,,,,,
20,VISIT,1838,Random,OnArrival,5,45,22336,Node_931,44,0,20,44,20,,,,,,,,,
20,VISIT,1839,Random,OnArrival,5,49,22336,Node_926,48,0,20,48,20,,,,,,,,,
20,VISIT,1843,Random,OnArrival,5,44,22336,Node_947,34,0,3,34,3,,,,,,,,,
20,VISIT,1845,Random,OnArrival,5,29,22336,Node_498,33,0,3,33,3,,,,,,,,,
20,VISIT,1846,Random,OnArrival,5,28,22336,Node_498,33,0,3,33,3,,,,,,,,,
20,VISIT,1847,Random,OnArrival,5,29,22336,Node_471,32,0,4,32,4,,,,,,,,,
20,VISIT,1848,Random,OnArrival,5,27,22336,Node_540,34,0,2,34,2,,,,,,,,,
20,VISIT,1826,Random,OnArrival,5,115,22349,Node_935,47,0,18,47,18,,,,,,,,,
20,VISIT,1827,Random,OnArrival,5,121,22349,Node_918,43,0,16,43,16,,,,,,,,,
20,VISIT,1828,Random,OnArrival,5,118,22349,Node_929,44,0,19,44,19,,,,,,,,,
20,VISIT,1842,Random,OnArrival,5,38,22349,Node_928,46,0,20,46,20,,,,,,,,,
20,VISIT,1843,Random,OnArrival,5,45,22349,Node_540,34,0,2,34,2,,,,,,,,,
20,VISIT,1845,Random,OnArrival,5,30,22349,Node_501,33,0,2,33,2,,,,,,,,,
20,VISIT,1846,Random,OnArrival,5,29,22349,Node_501,33,0,2,33,2,,,,,,,,,
20,VISIT,1847,Random,OnArrival,5,30,22349,Node_469,32,0,3,32,3,,,,,,,,,
20,VISIT,1848,Random,OnArrival,5,28,22349,Node_501,33,0,2,33,2,,,,,,,,,
20,VISIT,1849,Random,OnArrival,5,0,22355,Node_6,19,0,12,19,12,,,,,,,,,
20,VISIT,1850,Random,OnArrival,5,0,22355,Node_7,19,0,8,19,8,,,,,,,,,
20,VISIT,1851,Random,OnArrival,5,0,22355,Node_8,17,0,10,17,10,,,,,,,,,
20,VISIT,1852,Random,OnArrival,5,0,22355,Node_9,21,0,10,21,10,,,,,,,,,
20,VISIT,1819,Random,OnArrival,5,163,22359,Node_933,48,0,18,48,18,,,,,,,,,
20,VISIT,1825,Random,OnArrival,5,115,22359,Node_931,44,0,20,44,20,,,,,,,,,
20,VISIT,1826,Random,OnArrival,5,116,22359,Node_944,46,0,18,46,18,,,,,,,,,
20,VISIT,1827,Random,OnArrival,5,122,22359,Node_914,42,0,16,42,16,,,,,,,,,
20,VISIT,1828,Random,OnArrival,5,119,22359,Node_934,44,0,18,44,18,,,,,,,,,
20,VISIT,1829,Random,OnArrival,5,90,22359,Node_928,46,0,20,46,20,,,,,,,,,
20,VISIT,1831,Random,OnArrival,5,86,22359,Node_933,48,0,18,48,18,,,,,,,,,
20,VISIT,1832,Random,OnArrival,5,92,22359,Node_911,42,0,14,42,14,,,,,,,,,
20,VISIT,1833,Random,OnArrival,5,64,22359,Node_627,38,0,25,38,25,,,,,,,,,
20,VISIT,1835,Random,OnArrival,5,64,22359,Node_627,38,0,25,38,25,,,,,,,,,
20,VISIT,1838,Random,OnArrival,5,46,22359,Node_928,46,0,20,46,20,,,,,,,,,
20,VISIT,1839,Random,OnArrival,5,50,22359,Node_933,48,0,18,48,18,,,,,,,,,
20,VISIT,1842,Random,OnArrival,5,39,22359,Node_924,46,0,21,46,21,,,,,,,,,
20,VISIT,1843,Random,OnArrival,5,46,22359,Node_501,33,0,2,33,2,,,,,,,,,
20,VISIT,1845,Random,OnArrival,5,31,22359,Node_540,34,0,2,34,2,,,,,,,,,
20,VISIT,1846,Random,OnArrival,5,30,22359,Node_540,34,0,2,34,2,,,,,,,,,
20,VISIT,1847,Random,OnArrival,5,31,22359,Node_498,33,0,3,33,3,,,,,,,,,
20,VISIT,1848,Random,OnArrival,5,29,22359,Node_540,34,0,2,34,2,,,,,,,,,
20,VISIT,1849,Random,OnArrival,5,1,22359,Node_2,19,0,11,19,11,,,,,,,,,
20,VISIT,1850,Random,OnArrival,5,1,22359,Node_3,19,0,9,19,9,,,,,,,,,
20,VISIT,1851,Random,OnArrival,5,1,22359,Node_4,18,0,10,18,10,,,,,,,,,
20,VISIT,1852,Random,OnArrival,5,1,22359,Node_13,21,0,11,21,11,,,,,,,,,
20,VISIT,1819,Random,OnArrival,5,164,22363,Node_935,47,0,18,47,18,,,,,,,,,
20,VISIT,1825,Random,OnArrival,5,116,22363,Node_929,44,0,19,44,19,,,,,,,,,
20,VISIT,1826,Random,OnArrival,5,117,22363,Node_935,47,0,18,47,18,,,,,,,,,
20,VISIT,1829,Random,OnArrival,5,91,22363,Node_924,46,0,21,46,21,,,,,,,,,
20,VISIT,1830,Random,OnArrival,5,85,22363,Node_916,48,0,25,48,25,,,,,,,,,
20,VISIT,1831,Random,OnArrival,5,87,22363,Node_935,47,0,18,47,18,,,,,,,,,
20,VISIT,1833,Random,OnArrival,5,65,22363,Node_629,39,0,25,39,25,,,,,,,,,
20,VISIT,1834,Random,OnArrival,5,66,22363,Node_619,35,0,25,35,25,,,,,,,,,
20,VISIT,1835,Random,OnArrival,5,65,22363,Node_629,39,0,25,39,25,,,,,,,,,
20,VISIT,1836,Random,OnArrival,5,65,22363,Node_619,35,0,25,35,25,,,,,,,,,
20,VISIT,1838,Random,OnArrival,5,47,22363,Node_924,46,0,21,46,21,,,,,,,,,
20,VISIT,1839,Random,OnArrival,5,51,22363,Node_935,47,0,18,47,18,,,,,,,,,
20,VISIT,1842,Random,OnArrival,5,40,22363,Node_943,47,0,21,47,21,,,,,,,,,
20,VISIT,1843,Random,OnArrival,5,47,22363,Node_540,34,0,2,34,2,,,,,,,,,
20,VISIT,1845,Random,OnArrival,5,32,22363,Node_537,34,0,1,34,1,,,,,,,,,
20,VISIT,1846,Random,OnArrival,5,31,22363,Node_537,34,0,1,34,1,,,,,,,,,
20,VISIT,1847,Random,OnArrival,5,32,22363,Node_501,33,0,2,33,2,,,,,,,,,
20,VISIT,1848,Random,OnArrival,5,30,22363,Node_537,34,0,1,34,1,,,,,,,,,
20,VISIT,1849,Random,OnArrival,5,2,22363,Node_40,20,0,11,20,11,,,,,,,,,
20,VISIT,1850,Random,OnArrival,5,2,22363,Node_48,20,0,9,20,9,,,,,,,,,
20,VISIT,1851,Random,OnArrival,5,2,22363,Node_14,18,0,11,18,11,,,,,,,,,
20,VISIT,1852,Random,OnArrival,5,2,22363,Node_53,22,0,11,22,11,,,,,,,,,
20,VISIT,1819,Random,OnArrival,5,165,22367,Node_937,47,0,17,47,17,,,,,,,,,
20,VISIT,1825,Random,OnArrival,5,117,22367,Node_934,44,0,18,44,18,,,,,,,,,
20,VISIT,1826,Random,OnArrival,5,118,22367,Node_937,47,0,17,47,17,,,,,,,,,
20,VISIT,1827,Random,OnArrival,5,123,22367,Node_911,42,0,14,42,14,,,,,,,,,
20,VISIT,1828,Random,OnArrival,5,120,22367,Node_944,46,0,18,46,18,,,,,,,,,
20,VISIT,1829,Random,OnArrival,5,92,22367,Node_943,47,0,21,47,21,,,,,,,,,
20,VISIT,1831,Random,OnArrival,5,88,22367,Node_944,46,0,18,46,18,,,,,,,,,
20,VISIT,1833,Random,OnArrival,5,66,22367,Node_641,40,0,25,40,25,,,,,,,,,
20,VISIT,1834,Random,OnArrival,5,67,22367,Node_626,36,0,25,36,25,,,,,,,,,
20,VISIT,1835,Random,OnArrival,5,66,22367,Node_641,40,0,25,40,25,,,,,,,,,
20,VISIT,1836,Random,OnArrival,5,66,22367,Node_626,36,0,25,36,25,,,,,,,,,
20,VISIT,1838,Random,OnArrival,5,48,22367,Node_943,47,0,21,47,21,,,,,,,,,
20,VISIT,1839,Random,OnArrival,5,52,22367,Node_937,47,0,17,47,17,,,,,,,,,
20,VISIT,1842,Random,OnArrival,5,41,22367,Node_940,47,0,20,47,20,,,,,,,,,
20,VISIT,1843,Random,OnArrival,5,48,22367,Node_537,34,0,1,34,1,,,,,,,,,
20,VISIT,1845,Random,OnArrival,5,33,22367,Node_503,33,0,1,33,1,,,,,,,,,
20,VISIT,1846,Random,OnArrival,5,32,22367,Node_503,33,0,1,33,1,,,,,,,,,
20,VISIT,1847,Random,OnArrival,5,33,22367,Node_503,33,0,1,33,1,,,,,,,,,
20,VISIT,1848,Random,OnArrival,5,31,22367,Node_503,33,0,1,33,1,,,,,,,,,
20,VISIT,1849,Random,OnArrival,5,3,22367,Node_13,21,0,11,21,11,,,,,,,,,
20,VISIT,1850,Random,OnArrival,5,3,22367,Node_47,21,0,9,21,9,,,,,,,,,
20,VISIT,1851,Random,OnArrival,5,3,22367,Node_2,19,0,11,19,11,,,,,,,,,
20,VISIT,1852,Random,OnArrival,5,3,22367,Node_129,23,0,11,23,11,,,,,,,,,
20,VISIT,1819,Random,OnArrival,5,166,22371,Node_945,46,0,17,46,17,,,,,,,,,
20,VISIT,1826,Random,OnArrival,5,119,22371,Node_945,46,0,17,46,17,,,,,,,,,
20,VISIT,1828,Random,OnArrival,5,121,22371,Node_935,47,0,18,47,18,,,,,,,,,
20,VISIT,1829,Random,OnArrival,5,93,22371,Node_940,47,0,20,47,20,,,,,,,,,
20,VISIT,1831,Random,OnArrival,5,89,22371,Node_945,46,0,17,46,17,,,,,,,,,
20,VISIT,1833,Random,OnArrival,5,67,22371,Node_686,41,0,25,41,25,,,,,,,,,
20,VISIT,1835,Random,OnArrival,5,67,22371,Node_686,41,0,25,41,25,,,,,,,,,
20,VISIT,1838,Random,OnArrival,5,49,22371,Node_940,47,0,20,47,20,,,,,,,,,
20,VISIT,1839,Random,OnArrival,5,53,22371,Node_945,46,0,17,46,17,,,,,,,,,
20,VISIT,1842,Random,OnArrival,5,42,22371,Node_926,48,0,20,48,20,,,,,,,,,
20,VISIT,1843,Random,OnArrival,5,49,22371,Node_503,33,0,1,33,1,,,,,,,,,
20,VISIT,1849,Random,OnArrival,5,4,22371,Node_53,22,0,11,22,11,,,,,,,,,
20,VISIT,1850,Random,OnArrival,5,4,22371,Node_59,22,0,9,22,9,,,,,,,,,
20,VISIT,1851,Random,OnArrival,5,4,22371,Node_40,20,0,11,20,11,,,,,,,,,
20,VISIT,1852,Random,OnArrival,5,4,22371,Node_130,23,0,12,23,12,,,,,,,,,
20,VISIT,1819,Random,OnArrival,5,167,22375,Node_942,46,0,16,46,16,,,,,,,,,
20,VISIT,1825,Random,OnArrival,5,118,22375,Node_944,46,0,18,46,18,,,,,,,,,
20,VISIT,1826,Random,OnArrival,5,120,22375,Node_942,46,0,16,46,16,,,,,,,,,
20,VISIT,1828,Random,OnArrival,5,122,22375,Node_937,47,0,17,47,17,,,,,,,,,
20,VISIT,1829,Random,OnArrival,5,94,22375,Node_926,48,0,20,48,20,,,,,,,,,
20,VISIT,1831,Random,OnArrival,5,90,22375,Node_942,46,0,16,46,16,,,,,,,,,
20,VISIT,1833,Random,OnArrival,5,68,22375,Node_684,42,0,25,42,25,,,,,,,,,
20,VISIT,1834,Random,OnArrival,5,68,22375,Node_627,38,0,25,38,25,,,,,,,,,
20,VISIT,1835,Random,OnArrival,5,68,22375,Node_684,42,0,25,42,25,,,,,,,,,
20,VISIT,1836,Random,OnArrival,5,67,22375,Node_627,38,0,25,38,25,,,,,,,,,
20,VISIT,1838,Random,OnArrival,5,50,22375,Node_926,48,0,20,48,20,,,,,,,,,
20,VISIT,1839,Random,OnArrival,5,54,22375,Node_942,46,0,16,46,16,,,,,,,,,
20,VISIT,1843,Random,OnArrival,5,50,22375,Node_954,32,0,1,32,1,,,,,,,,,
20,VISIT,1849,Random,OnArrival,5,5,22375,Node_129,23,0,11,23,11,,,,,,,,,
20,VISIT,1850,Random,OnArrival,5,5,22375,Node_127,23,0,9,23,9,,,,,,,,,
20,VISIT,1851,Random,OnArrival,5,5,22375,Node_13,21,0,11,21,11,,,,,,,,,
20,VISIT,1852,Random,OnArrival,5,5,22375,Node_131,24,0,12,24,12,,,,,,,,,
20,VISIT,1825,Random,OnArrival,5,119,22379,Node_945,46,0,17,46,17,,,,,,,,,
20,VISIT,1827,Random,OnArrival,5,124,22379,Node_950,42,0,13,42,13,,,,,,,,,
20,VISIT,1828,Random,OnArrival,5,123,22379,Node_939,47,0,16,47,16,,,,,,,,,
20,VISIT,1830,Random,OnArrival,5,86,22379,Node_922,48,0,21,48,21,,,,,,,,,
20,VISIT,1833,Random,OnArrival,5,69,22379,Node_683,42,0,24,42,24,,,,,,,,,
20,VISIT,1834,Random,OnArrival,5,69,22379,Node_629,39,0,25,39,25,,,,,,,,,
20,VISIT,1835,Random,OnArrival,5,69,22379,Node_683,42,0,24,42,24,,,,,,,,,
20,VISIT,1836,Random,OnArrival,5,68,22379,Node_629,39,0,25,39,25,,,,,,,,,
20,VISIT,1842,Random,OnArrival,5,43,22379,Node_933,48,0,18,48,18,,,,,,,,,
20,VISIT,1843,Random,OnArrival,5,51,22379,Node_957,32,0,0,32,0,,,,,,,,,
20,VISIT,1845,Random,OnArrival,5,34,22379,Node_478,31,0,0,31,0,,,,,,,,,
20,VISIT,1846,Random,OnArrival,5,33,22379,Node_478,31,0,0,31,0,,,,,,,,,
20,VISIT,1847,Random,OnArrival,5,34,22379,Node_478,31,0,0,31,0,,,,,,,,,
20,VISIT,1848,Random,OnArrival,5,32,22379,Node_478,31,0,0,31,0,,,,,,,,,
20,VISIT,1849,Random,OnArrival,5,6,22379,Node_130,23,0,12,23,12,,,,,,,,,
20,VISIT,1851,Random,OnArrival,5,6,22379,Node_53,22,0,11,22,11,,,,,,,,,
20,VISIT,1852,Random,OnArrival,5,6,22379,Node_132,24,0,13,24,13,,,,,,,,,
20,VISIT,1819,Random,OnArrival,5,168,22383,Node_948,46,0,14,46,14,,,,,,,,,
20,VISIT,1825,Random,OnArrival,5,120,22383,Node_942,46,0,16,46,16,,,,,,,,,
20,VISIT,1826,Random,OnArrival,5,121,22383,Node_948,46,0,14,46,14,,,,,,,,,
20,VISIT,1827,Random,OnArrival,5,125,22383,Node_891,41,0,13,41,13,,,,,,,,,
20,VISIT,1828,Random,OnArrival,5,124,22383,Node_942,46,0,16,46,16,,,,,,,,,
20,VISIT,1829,Random,OnArrival,5,95,22383,Node_933,48,0,18,48,18,,,,,,,,,
20,VISIT,1830,Random,OnArrival,5,87,22383,Node_926,48,0,20,48,20,,,,,,,,,
20,VISIT,1831,Random,OnArrival,5,91,22383,Node_948,46,0,14,46,14,,,,,,,,,
20,VISIT,1832,Random,OnArrival,5,93,22383,Node_917,41,0,9,41,9,,,,,,,,,
20,VISIT,1833,Random,OnArrival,5,70,22383,Node_682,42,0,23,42,23,,,,,,,,,
20,VISIT,1834,Random,OnArrival,5,70,22383,Node_641,40,0,25,40,25,,,,,,,,,
20,VISIT,1835,Random,OnArrival,5,70,22383,Node_682,42,0,23,42,23,,,,,,,,,
20,VISIT,1836,Random,OnArrival,5,69,22383,Node_641,40,0,25,40,25,,,,,,,,,
20,VISIT,1838,Random,OnArrival,5,51,22383,Node_933,48,0,18,48,18,,,,,,,,,
20,VISIT,1839,Random,OnArrival,5,55,22383,Node_948,46,0,14,46,14,,,,,,,,,
20,VISIT,1842,Random,OnArrival,5,44,22383,Node_935,47,0,18,47,18,,,,,,,,,
20,VISIT,1843,Random,OnArrival,5,52,22383,Node_478,31,0,0,31,0,,,,,,,,,
20,VISIT,1845,Random,OnArrival,5,35,22383,Node_957,32,0,0,32,0,,,,,,,,,
20,VISIT,1846,Random,OnArrival,5,34,22383,Node_957,32,0,0,32,0,,,,,,,,,
20,VISIT,1847,Random,OnArrival,5,35,22383,Node_957,32,0,0,32,0,,,,,,,,,
20,VISIT,1848,Random,OnArrival,5,33,22383,Node_957,32,0,0,32,0,,,,,,,,,
20,VISIT,1849,Random,OnArrival,5,7,22383,Node_131,24,0,12,24,12,,,,,,,,,
20,VISIT,1850,Random,OnArrival,5,6,22383,Node_166,25,0,9,25,9,,,,,,,,,
20,VISIT,1851,Random,OnArrival,5,7,22383,Node_129,23,0,11,23,11,,,,,,,,,
20,VISIT,1852,Random,OnArrival,5,7,22383,Node_174,25,0,13,25,13,,,,,,,,,
20,VISIT,1827,Random,OnArrival,5,126,22387,Node_950,42,0,13,42,13,,,,,,,,,
20,VISIT,1829,Random,OnArrival,5,96,22387,Node_935,47,0,18,47,18,,,,,,,,,
20,VISIT,1832,Random,OnArrival,5,94,22387,Node_912,40,0,9,40,9,,,,,,,,,
20,VISIT,1833,Random,OnArrival,5,71,22387,Node_680,42,0,22,42,22,,,,,,,,,
20,VISIT,1834,Random,OnArrival,5,71,22387,Node_686,41,0,25,41,25,,,,,,,,,
20,VISIT,1835,Random,OnArrival,5,71,22387,Node_680,42,0,22,42,22,,,,,,,,,
20,VISIT,1836,Random,OnArrival,5,70,22387,Node_686,41,0,25,41,25,,,,,,,,,
20,VISIT,1838,Random,OnArrival,5,52,22387,Node_935,47,0,18,47,18,,,,,,,,,
20,VISIT,1842,Random,OnArrival,5,45,22387,Node_937,47,0,17,47,17,,,,,,,,,
20,VISIT,1843,Random,OnArrival,5,53,22387,Node_957,32,0,0,32,0,,,,,,,,,
20,VISIT,1845,Random,OnArrival,5,36,22387,Node_506,33,0,0,33,0,,,,,,,,,
20,VISIT,1846,Random,OnArrival,5,35,22387,Node_506,33,0,0,33,0,,,,,,,,,
20,VISIT,1847,Random,OnArrival,5,36,22387,Node_506,33,0,0,33,0,,,,,,,,,
20,VISIT,1848,Random,OnArrival,5,34,22387,Node_506,33,0,0,33,0,,,,,,,,,
20,VISIT,1849,Random,OnArrival,5,8,22387,Node_132,24,0,13,24,13,,,,,,,,,
20,VISIT,1850,Random,OnArrival,5,7,22387,Node_246,26,0,9,26,9,,,,,,,,,
20,VISIT,1851,Random,OnArrival,5,8,22387,Node_130,23,0,12,23,12,,,,,,,,,
20,VISIT,1852,Random,OnArrival,5,8,22387,Node_191,26,0,13,26,13,,,,,,,,,
20,VISIT,1819,Random,OnArrival,5,169,22391,Node_951,45,0,13,45,13,,,,,,,,,
20,VISIT,1825,Random,OnArrival,5,121,22391,Node_948,46,0,14,46,14,,,,,,,,,
20,VISIT,1826,Random,OnArrival,5,122,22391,Node_951,45,0,13,45,13,,,,,,,,,
20,VISIT,1828,Random,OnArrival,5,125,22391,Node_948,46,0,14,46,14,,,,,,,,,
20,VISIT,1829,Random,OnArrival,5,97,22391,Node_937,47,0,17,47,17,,,,,,,,,
20,VISIT,1830,Random,OnArrival,5,88,22391,Node_933,48,0,18,48,18,,,,,,,,,
20,VISIT,1831,Random,OnArrival,5,92,22391,Node_951,45,0,13,45,13,,,,,,,,,
20,VISIT,1832,Random,OnArrival,5,95,22391,Node_909,39,0,9,39,9,,,,,,,,,
20,VISIT,1833,Random,OnArrival,5,72,22391,Node_678,42,0,21,42,21,,,,,,,,,
20,VISIT,1834,Random,OnArrival,5,72,22391,Node_684,42,0,25,42,25,,,,,,,,,
20,VISIT,1835,Random,OnArrival,5,72,22391,Node_678,42,0,21,42,21,,,,,,,,,
20,VISIT,1836,Random,OnArrival,5,71,22391,Node_684,42,0,25,42,25,,,,,,,,,
20,VISIT,1838,Random,OnArrival,5,53,22391,Node_937,47,0,17,47,17,,,,,,,,,
20,VISIT,1839,Random,OnArrival,5,56,22391,Node_951,45,0,13,45,13,,,,,,,,,
20,VISIT,1842,Random,OnArrival,5,46,22391,Node_939,47,0,16,47,16,,,,,,,,,
20,VISIT,1843,Random,OnArrival,5,54,22391,Node_506,33,0,0,33,0,,,,,,,,,
20,VISIT,1845,Random,OnArrival,5,37,22391,Node_534,34,0,0,34,0,,,,,,,,,
20,VISIT,1846,Random,OnArrival,5,36,22391,Node_534,34,0,0,34,0,,,,,,,,,
20,VISIT,1847,Random,OnArrival,5,37,22391,Node_534,34,0,0,34,0,,,,,,,,,
20,VISIT,1848,Random,OnArrival,5,35,22391,Node_534,34,0,0,34,0,,,,,,,,,
20,VISIT,1849,Random,OnArrival,5,9,22391,Node_174,25,0,13,25,13,,,,,,,,,
20,VISIT,1850,Random,OnArrival,5,8,22391,Node_270,27,0,9,27,9,,,,,,,,,
20,VISIT,1851,Random,OnArrival,5,9,22391,Node_131,24,0,12,24,12,,,,,,,,,
20,VISIT,1852,Random,OnArrival,5,9,22391,Node_280,27,0,13,27,13,,,,,,,,,
20,VISIT,1827,Random,OnArrival,5,127,22395,Node_953,42,0,11,42,11,,,,,,,,,
20,VISIT,1829,Random,OnArrival,5,98,22395,Node_945,46,0,17,46,17,,,,,,,,,
20,VISIT,1830,Random,OnArrival,5,89,22395,Node_935,47,0,18,47,18,,,,,,,,,
20,VISIT,1832,Random,OnArrival,5,96,22395,Node_908,39,0,8,39,8,,,,,,,,,
20,VISIT,1833,Random,OnArrival,5,73,22395,Node_676,41,0,21,41,21,,,,,,,,,
20,VISIT,1834,Random,OnArrival,5,73,22395,Node_895,43,0,25,43,25,,,,,,,,,
20,VISIT,1835,Random,OnArrival,5,73,22395,Node_676,41,0,21,41,21,,,,,,,,,
20,VISIT,1836,Random,OnArrival,5,72,22395,Node_895,43,0,25,43,25,,,,,,,,,
20,VISIT,1838,Random,OnArrival,5,54,22395,Node_939,47,0,16,47,16,,,,,,,,,
20,VISIT,1842,Random,OnArrival,5,47,22395,Node_942,46,0,16,46,16,,,,,,,,,
20,VISIT,1843,Random,OnArrival,5,55,22395,Node_534,34,0,0,34,0,,,,,,,,,
20,VISIT,1849,Random,OnArrival,5,10,22395,Node_191,26,0,13,26,13,,,,,,,,,
20,VISIT,1850,Random,OnArrival,5,9,22395,Node_272,27,0,10,27,10,,,,,,,,,
20,VISIT,1851,Random,OnArrival,5,10,22395,Node_132,24,0,13,24,13,,,,,,,,,
20,VISIT,1852,Random,OnArrival,5,10,22395,Node_295,28,0,13,28,13,,,,,,,,,
20,VISIT,1829,Random,OnArrival,5,99,22399,Node_942,46,0,16,46,16,,,,,,,,,
20,VISIT,1830,Random,OnArrival,5,90,22399,Node_937,47,0,17,47,17,,,,,,,,,
20,VISIT,1832,Random,OnArrival,5,97,22399,Node_907,39,0,7,39,7,,,,,,,,,
20,VISIT,1833,Random,OnArrival,5,74,22399,Node_674,41,0,20,41,20,,,,,,,,,
20,VISIT,1835,Random,OnArrival,5,74,22399,Node_674,41,0,20,41,20,,,,,,,,,
20,VISIT,1838,Random,OnArrival,5,55,22399,Node_942,46,0,16,46,16,,,,,,,,,
20,VISIT,1843,Random,OnArrival,5,56,22399,Node_962,35,0,0,35,0,,,,,,,,,
20,VISIT,1849,Random,OnArrival,5,11,22399,Node_280,27,0,13,27,13,,,,,,,,,
20,VISIT,1850,Random,OnArrival,5,10,22399,Node_275,27,0,11,27,11,,,,,,,,,
20,VISIT,1851,Random,OnArrival,5,11,22399,Node_174,25,0,13,25,13,,,,,,,,,
20,VISIT,1819,Random,OnArrival,5,170,22403,Node_952,43,0,14,43,14,,,,,,,,,
20,VISIT,1825,Random,OnArrival,5,122,22403,Node_949,46,0,13,46,13,,,,,,,,,
20,VISIT,1826,Random,OnArrival,5,123,22403,Node_952,43,0,14,43,14,,,,,,,,,
20,VISIT,1828,Random,OnArrival,5,126,22403,Node_949,46,0,13,46,13,,,,,,,,,
20,VISIT,1830,Random,OnArrival,5,91,22403,Node_939,47,0,16,47,16,,,,,,,,,
20,VISIT,1831,Random,OnArrival,5,93,22403,Node_952,43,0,14,43,14,,,,,,,,,
20,VISIT,1832,Random,OnArrival,5,98,22403,Node_899,38,0,7,38,7,,,,,,,,,
20,VISIT,1833,Random,OnArrival,5,75,22403,Node_672,41,0,19,41,19,,,,,,,,,
20,VISIT,1835,Random,OnArrival,5,75,22403,Node_672,41,0,19,41,19,,,,,,,,,
20,VISIT,1839,Random,OnArrival,5,57,22403,Node_952,43,0,14,43,14,,,,,,,,,
20,VISIT,1842,Random,OnArrival,5,48,22403,Node_948,46,0,14,46,14,,,,,,,,,
20,VISIT,1843,Random,OnArrival,5,57,22403,Node_966,35,0,-1,35,-1,,,,,,,,,
20,VISIT,1845,Random,OnArrival,5,38,22403,Node_531,34,0,-1,34,-1,,,,,,,,,
20,VISIT,1846,Random,OnArrival,5,37,22403,Node_531,34,0,-1,34,-1,,,,,,,,,
20,VISIT,1847,Random,OnArrival,5,38,22403,Node_531,34,0,-1,34,-1,,,,,,,,,
20,VISIT,1848,Random,OnArrival,5,36,22403,Node_531,34,0,-1,34,-1,,,,,,,,,
20,VISIT,1849,Random,OnArrival,5,12,22403,Node_295,28,0,13,28,13,,,,,,,,,
20,VISIT,1850,Random,OnArrival,5,11,22403,Node_278,27,0,12,27,12,,,,,,,,,
20,VISIT,1851,Random,OnArrival,5,12,22403,Node_191,26,0,13,26,13,,,,,,,,,
20,VISIT,1852,Random,OnArrival,5,11,22403,Node_310,30,0,13,30,13,,,,,,,,,
20,VISIT,1819,Random,OnArrival,5,171,22407,Node_963,44,0,14,44,14,,,,,,,,,
20,VISIT,1825,Random,OnArrival,5,123,22407,Node_948,46,0,14,46,14,,,,,,,,,
20,VISIT,1826,Random,OnArrival,5,124,22407,Node_963,44,0,14,44,14,,,,,,,,,
20,VISIT,1828,Random,OnArrival,5,127,22407,Node_948,46,0,14,46,14,,,,,,,,,
20,VISIT,1829,Random,OnArrival,5,100,22407,Node_948,46,0,14,46,14,,,,,,,,,
20,VISIT,1830,Random,OnArrival,5,92,22407,Node_942,46,0,16,46,16,,,,,,,,,
20,VISIT,1831,Random,OnArrival,5,94,22407,Node_911,42,0,14,42,14,,,,,,,,,
20,VISIT,1832,Random,OnArrival,5,99,22407,Node_902,38,0,6,38,6,,,,,,,,,
20,VISIT,1833,Random,OnArrival,5,76,22407,Node_905,41,0,18,41,18,,,,,,,,,
20,VISIT,1835,Random,OnArrival,5,76,22407,Node_905,41,0,18,41,18,,,,,,,,,
20,VISIT,1838,Random,OnArrival,5,56,22407,Node_948,46,0,14,46,14,,,,,,,,,
20,VISIT,1839,Random,OnArrival,5,58,22407,Node_911,42,0,14,42,14,,,,,,,,,
20,VISIT,1842,Random,OnArrival,5,49,22407,Node_949,46,0,13,46,13,,,,,,,,,
20,VISIT,1843,Random,OnArrival,5,58,22407,Node_531,34,0,-1,34,-1,,,,,,,,,
20,VISIT,1845,Random,OnArrival,5,39,22407,Node_508,33,0,-1,33,-1,,,,,,,,,
20,VISIT,1846,Random,OnArrival,5,38,22407,Node_508,33,0,-1,33,-1,,,,,,,,,
20,VISIT,1847,Random,OnArrival,5,39,22407,Node_508,33,0,-1,33,-1,,,,,,,,,
20,VISIT,1848,Random,OnArrival,5,37,22407,Node_508,33,0,-1,33,-1,,,,,,,,,
20,VISIT,1850,Random,OnArrival,5,12,22407,Node_280,27,0,13,27,13,,,,,,,,,
20,VISIT,1851,Random,OnArrival,5,13,22407,Node_280,27,0,13,27,13,,,,,,,,,
20,VISIT,1852,Random,OnArrival,5,12,22407,Node_311,31,0,13,31,13,,,,,,,,,
20,VISIT,1819,Random,OnArrival,5,172,22414,Node_959,45,0,14,45,14,,,,,,,,,
20,VISIT,1825,Random,OnArrival,5,124,22414,Node_959,45,0,14,45,14,,,,,,,,,
20,VISIT,1826,Random,OnArrival,5,125,22414,Node_959,45,0,14,45,14,,,,,,,,,
20,VISIT,1827,Random,OnArrival,5,128,22414,Node_958,42,0,9,42,9,,,,,,,,,
20,VISIT,1828,Random,OnArrival,5,128,22414,Node_961,47,0,14,47,14,,,,,,,,,
20,VISIT,1829,Random,OnArrival,5,101,22414,Node_961,47,0,14,47,14,,,,,,,,,
20,VISIT,1831,Random,OnArrival,5,95,22414,Node_950,42,0,13,42,13,,,,,,,,,
20,VISIT,1832,Random,OnArrival,5,100,22414,Node_885,37,0,6,37,6,,,,,,,,,
20,VISIT,1833,Random,OnArrival,5,77,22414,Node_901,41,0,17,41,17,,,,,,,,,
20,VISIT,1835,Random,OnArrival,5,77,22414,Node_901,41,0,17,41,17,,,,,,,,,
20,VISIT,1838,Random,OnArrival,5,57,22414,Node_949,46,0,13,46,13,,,,,,,,,
20,VISIT,1839,Random,OnArrival,5,59,22414,Node_950,42,0,13,42,13,,,,,,,,,
20,VISIT,1842,Random,OnArrival,5,50,22414,Node_951,45,0,13,45,13,,,,,,,,,
20,VISIT,1843,Random,OnArrival,5,59,22414,Node_508,33,0,-1,33,-1,,,,,,,,,
20,VISIT,1845,Random,OnArrival,5,40,22414,Node_510,33,0,-2,33,-2,,,,,,,,,
20,VISIT,1846,Random,OnArrival,5,39,22414,Node_531,34,0,-1,34,-1,,,,,,,,,
20,VISIT,1847,Random,OnArrival,5,40,22414,Node_506,33,0,0,33,0,,,,,,,,,
20,VISIT,1848,Random,OnArrival,5,38,22414,Node_510,33,0,-2,33,-2,,,,,,,,,
20,VISIT,1849,Random,OnArrival,5,13,22414,Node_310,30,0,13,30,13,,,,,,,,,
20,VISIT,1850,Random,OnArrival,5,13,22414,Node_295,28,0,13,28,13,,,,,,,,,
20,VISIT,1851,Random,OnArrival,5,14,22414,Node_295,28,0,13,28,13,,,,,,,,,
20,VISIT,1852,Random,OnArrival,5,13,22414,Node_331,32,0,13,32,13,,,,,,,,,
20,VISIT,1819,Random,OnArrival,5,173,22421,Node_963,44,0,14,44,14,,,,,,,,,
20,VISIT,1825,Random,OnArrival,5,125,22421,Node_963,44,0,14,44,14,,,,,,,,,
20,VISIT,1826,Random,OnArrival,5,126,22421,Node_948,46,0,14,46,14,,,,,,,,,
20,VISIT,1827,Random,OnArrival,5,129,22421,Node_968,43,0,9,43,9,,,,,,,,,
20,VISIT,1830,Random,OnArrival,5,93,22421,Node_948,46,0,14,46,14,,,,,,,,,
20,VISIT,1832,Random,OnArrival,5,101,22421,Node_886,37,0,5,37,5,,,,,,,,,
20,VISIT,1833,Random,OnArrival,5,78,22421,Node_898,41,0,16,41,16,,,,,,,,,
20,VISIT,1834,Random,OnArrival,5,74,22421,Node_916,48,0,25,48,25,,,,,,,,,
20,VISIT,1835,Random,OnArrival,5,78,22421,Node_898,41,0,16,41,16,,,,,,,,,
20,VISIT,1836,Random,OnArrival,5,73,22421,Node_916,48,0,25,48,25,,,,,,,,,
20,VISIT,1838,Random,OnArrival,5,58,22421,Node_951,45,0,13,45,13,,,,,,,,,
20,VISIT,1842,Random,OnArrival,5,51,22421,Node_959,45,0,14,45,14,,,,,,,,,
20,VISIT,1843,Random,OnArrival,5,60,22421,Node_506,33,0,0,33,0,,,,,,,,,
20,VISIT,1845,Random,OnArrival,5,41,22421,Node_529,34,0,-2,34,-2,,,,,,,,,
20,VISIT,1846,Random,OnArrival,5,40,22421,Node_529,34,0,-2,34,-2,,,,,,,,,
20,VISIT,1847,Random,OnArrival,5,41,22421,Node_957,32,0,0,32,0,,,,,,,,,
20,VISIT,1848,Random,OnArrival,5,39,22421,Node_529,34,0,-2,34,-2,,,,,,,,,
20,VISIT,1849,Random,OnArrival,5,14,22421,Node_311,31,0,13,31,13,,,,,,,,,
20,VISIT,1819,Random,OnArrival,5,174,22432,Node_952,43,0,14,43,14,,,,,,,,,
20,VISIT,1825,Random,OnArrival,5,126,22432,Node_952,43,0,14,43,14,,,,,,,,,
20,VISIT,1826,Random,OnArrival,5,127,22432,Node_949,46,0,13,46,13,,,,,,,,,
20,VISIT,1830,Random,OnArrival,5,94,22432,Node_949,46,0,13,46,13,,,,,,,,,
20,VISIT,1831,Random,OnArrival,5,96,22432,Node_953,42,0,11,42,11,,,,,,,,,
20,VISIT,1832,Random,OnArrival,5,102,22432,Node_906,38,0,5,38,5,,,,,,,,,
20,VISIT,1833,Random,OnArrival,5,79,22432,Node_914,42,0,16,42,16,,,,,,,,,
20,VISIT,1835,Random,OnArrival,5,79,22432,Node_914,42,0,16,42,16,,,,,,,,,
20,VISIT,1838,Random,OnArrival,5,59,22432,Node_960,44,0,13,44,13,,,,,,,,,
20,VISIT,1839,Random,OnArrival,5,60,22432,Node_953,42,0,11,42,11,,,,,,,,,
20,VISIT,1842,Random,OnArrival,5,52,22432,Node_963,44,0,14,44,14,,,,,,,,,
20,VISIT,1843,Random,OnArrival,5,61,22432,Node_503,33,0,1,33,1,,,,,,,,,
20,VISIT,1845,Random,OnArrival,5,42,22432,Node_531,34,0,-1,34,-1,,,,,,,,,
20,VISIT,1846,Random,OnArrival,5,41,22432,Node_528,34,0,-3,34,-3,,,,,,,,,
20,VISIT,1847,Random,OnArrival,5,42,22432,Node_478,31,0,0,31,0,,,,,,,,,
20,VISIT,1848,Random,OnArrival,5,40,22432,Node_531,34,0,-1,34,-1,,,,,,,,,
20,VISIT,1849,Random,OnArrival,5,15,22432,Node_331,32,0,13,32,13,,,,,,,,,
20,VISIT,1850,Random,OnArrival,5,14,22432,Node_310,30,0,13,30,13,,,,,,,,,
20,VISIT,1851,Random,OnArrival,5,15,22432,Node_310,30,0,13,30,13,,,,,,,,,
20,VISIT,1852,Random,OnArrival,5,14,22432,Node_500,34,0,13,34,13,,,,,,,,,
20,VISIT,1819,Random,OnArrival,5,175,22440,Node_911,42,0,14,42,14,,,,,,,,,
20,VISIT,1825,Random,OnArrival,5,127,22440,Node_911,42,0,14,42,14,,,,,,,,,
20,VISIT,1826,Random,OnArrival,5,128,22440,Node_964,47,0,13,47,13,,,,,,,,,
20,VISIT,1830,Random,OnArrival,5,95,22440,Node_964,47,0,13,47,13,,,,,,,,,
20,VISIT,1831,Random,OnArrival,5,97,22440,Node_956,42,0,10,42,10,,,,,,,,,
20,VISIT,1832,Random,OnArrival,5,103,22440,Node_886,37,0,5,37,5,,,,,,,,,
20,VISIT,1838,Random,OnArrival,5,60,22440,Node_955,43,0,13,43,13,,,,,,,,,
20,VISIT,1839,Random,OnArrival,5,61,22440,Node_956,42,0,10,42,10,,,,,,,,,
20,VISIT,1842,Random,OnArrival,5,53,22440,Node_952,43,0,14,43,14,,,,,,,,,
20,VISIT,1843,Random,OnArrival,5,62,22440,Node_954,32,0,1,32,1,,,,,,,,,
20,VISIT,1845,Random,OnArrival,5,43,22440,Node_534,34,0,0,34,0,,,,,,,,,
20,VISIT,1847,Random,OnArrival,5,43,22440,Node_480,31,0,1,31,1,,,,,,,,,
20,VISIT,1848,Random,OnArrival,5,41,22440,Node_534,34,0,0,34,0,,,,,,,,,
20,VISIT,1850,Random,OnArrival,5,15,22440,Node_311,31,0,13,31,13,,,,,,,,,
20,VISIT,1851,Random,OnArrival,5,16,22440,Node_311,31,0,13,31,13,,,,,,,,,
20,VISIT,1852,Random,OnArrival,5,15,22440,Node_637,35,0,13,35,13,,,,,,,,,
20,VISIT,1819,Random,OnArrival,5,176,22449,Node_950,42,0,13,42,13,,,,,,,,,
20,VISIT,1825,Random,OnArrival,5,128,22449,Node_950,42,0,13,42,13,,,,,,,,,
20,VISIT,1826,Random,OnArrival,5,129,22449,Node_971,48,0,13,48,13,,,,,,,,,
20,VISIT,1830,Random,OnArrival,5,96,22449,Node_971,48,0,13,48,13,,,,,,,,,
20,VISIT,1831,Random,OnArrival,5,98,22449,Node_915,41,0,10,41,10,,,,,,,,,
20,VISIT,1832,Random,OnArrival,5,104,22449,Node_887,37,0,4,37,4,,,,,,,,,
20,VISIT,1833,Random,OnArrival,5,80,22449,Node_911,42,0,14,42,14,,,,,,,,,
20,VISIT,1835,Random,OnArrival,5,80,22449,Node_911,42,0,14,42,14,,,,,,,,,
20,VISIT,1838,Random,OnArrival,5,61,22449,Node_950,42,0,13,42,13,,,,,,,,,
20,VISIT,1839,Random,OnArrival,5,62,22449,Node_915,41,0,10,41,10,,,,,,,,,
20,VISIT,1842,Random,OnArrival,5,54,22449,Node_955,43,0,13,43,13,,,,,,,,,
20,VISIT,1843,Random,OnArrival,5,63,22449,Node_480,31,0,1,31,1,,,,,,,,,
20,VISIT,1845,Random,OnArrival,5,44,22449,Node_537,34,0,1,34,1,,,,,,,,,
20,VISIT,1847,Random,OnArrival,5,44,22449,Node_954,32,0,1,32,1,,,,,,,,,
20,VISIT,1848,Random,OnArrival,5,42,22449,Node_537,34,0,1,34,1,,,,,,,,,
20,VISIT,1849,Random,OnArrival,5,16,22449,Node_500,34,0,13,34,13,,,,,,,,,
20,VISIT,1850,Random,OnArrival,5,16,22449,Node_331,32,0,13,32,13,,,,,,,,,
20,VISIT,1851,Random,OnArrival,5,17,22449,Node_331,32,0,13,32,13,,,,,,,,,
20,VISIT,1831,Random,OnArrival,5,99,22458,Node_917,41,0,9,41,9,,,,,,,,,
20,VISIT,1833,Random,OnArrival,5,81,22458,Node_950,42,0,13,42,13,,,,,,,,,
20,VISIT,1834,Random,OnArrival,5,75,22458,Node_922,48,0,21,48,21,,,,,,,,,
20,VISIT,1835,Random,OnArrival,5,81,22458,Node_952,43,0,14,43,14,,,,,,,,,
20,VISIT,1836,Random,OnArrival,5,74,22458,Node_922,48,0,21,48,21,,,,,,,,,
20,VISIT,1839,Random,OnArrival,5,63,22458,Node_917,41,0,9,41,9,,,,,,,,,
20,VISIT,1842,Random,OnArrival,5,55,22458,Node_950,42,0,13,42,13,,,,,,,,,
20,VISIT,1843,Random,OnArrival,5,64,22458,Node_954,32,0,1,32,1,,,,,,,,,
20,VISIT,1845,Random,OnArrival,5,45,22458,Node_540,34,0,2,34,2,,,,,,,,,
20,VISIT,1846,Random,OnArrival,5,42,22458,Node_522,33,0,-5,33,-5,,,,,,,,,
20,VISIT,1847,Random,OnArrival,5,45,22458,Node_503,33,0,1,33,1,,,,,,,,,
20,VISIT,1848,Random,OnArrival,5,43,22458,Node_540,34,0,2,34,2,,,,,,,,,
20,VISIT,1849,Random,OnArrival,5,17,22458,Node_637,35,0,13,35,13,,,,,,,,,
20,VISIT,1852,Random,OnArrival,5,16,22458,Node_871,37,0,13,37,13,,,,,,,,,
20,VISIT,1819,Random,OnArrival,5,177,22469,Node_953,42,0,11,42,11,,,,,,,,,
20,VISIT,1825,Random,OnArrival,5,129,22469,Node_953,42,0,11,42,11,,,,,,,,,
20,VISIT,1831,Random,OnArrival,5,100,22469,Node_958,42,0,9,42,9,,,,,,,,,
20,VISIT,1833,Random,OnArrival,5,82,22469,Node_955,43,0,13,43,13,,,,,,,,,
20,VISIT,1834,Random,OnArrival,5,76,22469,Node_926,48,0,20,48,20,,,,,,,,,
20,VISIT,1835,Random,OnArrival,5,82,22469,Node_963,44,0,14,44,14,,,,,,,,,
20,VISIT,1836,Random,OnArrival,5,75,22469,Node_926,48,0,20,48,20,,,,,,,,,
20,VISIT,1838,Random,OnArrival,5,62,22469,Node_953,42,0,11,42,11,,,,,,,,,
20,VISIT,1839,Random,OnArrival,5,64,22469,Node_958,42,0,9,42,9,,,,,,,,,
20,VISIT,1843,Random,OnArrival,5,65,22469,Node_503,33,0,1,33,1,,,,,,,,,
20,VISIT,1845,Random,OnArrival,5,46,22469,Node_947,34,0,3,34,3,,,,,,,,,
20,VISIT,1846,Random,OnArrival,5,43,22469,Node_975,34,0,-5,34,-5,,,,,,,,,
20,VISIT,1847,Random,OnArrival,5,46,22469,Node_506,33,0,0,33,0,,,,,,,,,
20,VISIT,1848,Random,OnArrival,5,44,22469,Node_947,34,0,3,34,3,,,,,,,,,
20,VISIT,1850,Random,OnArrival,5,17,22469,Node_500,34,0,13,34,13,,,,,,,,,
20,VISIT,1851,Random,OnArrival,5,18,22469,Node_500,34,0,13,34,13,,,,,,,,,
20,VISIT,1852,Random,OnArrival,5,17,22469,Node_872,37,0,14,37,14,,,,,,,,,
20,VISIT,1819,Random,OnArrival,5,178,22479,Node_956,42,0,10,42,10,,,,,,,,,
20,VISIT,1825,Random,OnArrival,5,130,22479,Node_956,42,0,10,42,10,,,,,,,,,
20,VISIT,1826,Random,OnArrival,5,130,22479,Node_977,48,0,10,48,10,,,,,,,,,
20,VISIT,1830,Random,OnArrival,5,97,22479,Node_977,48,0,10,48,10,,,,,,,,,
20,VISIT,1831,Random,OnArrival,5,101,22479,Node_968,43,0,9,43,9,,,,,,,,,
20,VISIT,1833,Random,OnArrival,5,83,22479,Node_950,42,0,13,42,13,,,,,,,,,
20,VISIT,1835,Random,OnArrival,5,83,22479,Node_960,44,0,13,44,13,,,,,,,,,
20,VISIT,1838,Random,OnArrival,5,63,22479,Node_956,42,0,10,42,10,,,,,,,,,
20,VISIT,1839,Random,OnArrival,5,65,22479,Node_968,43,0,9,43,9,,,,,,,,,
20,VISIT,1842,Random,OnArrival,5,56,22479,Node_953,42,0,11,42,11,,,,,,,,,
20,VISIT,1843,Random,OnArrival,5,66,22479,Node_501,33,0,2,33,2,,,,,,,,,
20,VISIT,1847,Random,OnArrival,5,47,22479,Node_534,34,0,0,34,0,,,,,,,,,
20,VISIT,1849,Random,OnArrival,5,18,22479,Node_871,37,0,13,37,13,,,,,,,,,
20,VISIT,1850,Random,OnArrival,5,18,22479,Node_637,35,0,13,35,13,,,,,,,,,
20,VISIT,1851,Random,OnArrival,5,19,22479,Node_637,35,0,13,35,13,,,,,,,,,
20,VISIT,1852,Random,OnArrival,5,18,22479,Node_873,38,0,14,38,14,,,,,,,,,
20,VISIT,1819,Random,OnArrival,5,179,22490,Node_967,43,0,10,43,10,,,,,,,,,
20,VISIT,1825,Random,OnArrival,5,131,22490,Node_967,43,0,10,43,10,,,,,,,,,
20,VISIT,1831,Random,OnArrival,5,102,22490,Node_970,44,0,9,44,9,,,,,,,,,
20,VISIT,1834,Random,OnArrival,5,77,22490,Node_933,48,0,18,48,18,,,,,,,,,
20,VISIT,1835,Random,OnArrival,5,84,22490,Node_951,45,0,13,45,13,,,,,,,,,
20,VISIT,1836,Random,OnArrival,5,76,22490,Node_933,48,0,18,48,18,,,,,,,,,
20,VISIT,1838,Random,OnArrival,5,64,22490,Node_967,43,0,10,43,10,,,,,,,,,
20,VISIT,1839,Random,OnArrival,5,66,22490,Node_970,44,0,9,44,9,,,,,,,,,
20,VISIT,1842,Random,OnArrival,5,57,22490,Node_956,42,0,10,42,10,,,,,,,,,
20,VISIT,1843,Random,OnArrival,5,67,22490,Node_498,33,0,3,33,3,,,,,,,,,
20,VISIT,1847,Random,OnArrival,5,48,22490,Node_962,35,0,0,35,0,,,,,,,,,
20,VISIT,1849,Random,OnArrival,5,19,22490,Node_872,37,0,14,37,14,,,,,,,,,
20,VISIT,1852,Random,OnArrival,5,19,22490,Node_883,39,0,14,39,14,,,,,,,,,
20,VISIT,1819,Random,OnArrival,5,180,22502,Node_968,43,0,9,43,9,,,,,,,,,
20,VISIT,1825,Random,OnArrival,5,132,22502,Node_968,43,0,9,43,9,,,,,,,,,
20,VISIT,1832,Random,OnArrival,5,105,22502,Node_946,34,0,4,34,4,,,,,,,,,
20,VISIT,1833,Random,OnArrival,5,84,22502,Node_953,42,0,11,42,11,,,,,,,,,
20,VISIT,1834,Random,OnArrival,5,78,22502,Node_935,47,0,18,47,18,,,,,,,,,
20,VISIT,1835,Random,OnArrival,5,85,22502,Node_949,46,0,13,46,13,,,,,,,,,
20,VISIT,1836,Random,OnArrival,5,77,22502,Node_935,47,0,18,47,18,,,,,,,,,
20,VISIT,1838,Random,OnArrival,5,65,22502,Node_968,43,0,9,43,9,,,,,,,,,
20,VISIT,1842,Random,OnArrival,5,58,22502,Node_958,42,0,9,42,9,,,,,,,,,
20,VISIT,1843,Random,OnArrival,5,68,22502,Node_947,34,0,3,34,3,,,,,,,,,
20,VISIT,1845,Random,OnArrival,5,47,22502,Node_946,34,0,4,34,4,,,,,,,,,
20,VISIT,1846,Random,OnArrival,5,44,22502,Node_973,34,0,-4,34,-4,,,,,,,,,
20,VISIT,1848,Random,OnArrival,5,45,22502,Node_946,34,0,4,34,4,,,,,,,,,
20,VISIT,1849,Random,OnArrival,5,20,22502,Node_873,38,0,14,38,14,,,,,,,,,
20,VISIT,1850,Random,OnArrival,5,19,22502,Node_871,37,0,13,37,13,,,,,,,,,
20,VISIT,1851,Random,OnArrival,5,20,22502,Node_871,37,0,13,37,13,,,,,,,,,
20,VISIT,1852,Random,OnArrival,5,20,22502,Node_890,40,0,14,40,14,,,,,,,,,
20,VISIT,1819,Random,OnArrival,5,181,22512,Node_970,44,0,9,44,9,,,,,,,,,
20,VISIT,1825,Random,OnArrival,5,133,22512,Node_970,44,0,9,44,9,,,,,,,,,
20,VISIT,1832,Random,OnArrival,5,106,22512,Node_985,35,0,4,35,4,,,,,,,,,
20,VISIT,1833,Random,OnArrival,5,85,22512,Node_956,42,0,10,42,10,,,,,,,,,
20,VISIT,1834,Random,OnArrival,5,79,22512,Node_937,47,0,17,47,17,,,,,,,,,
20,VISIT,1835,Random,OnArrival,5,86,22512,Node_964,47,0,13,47,13,,,,,,,,,
20,VISIT,1836,Random,OnArrival,5,78,22512,Node_937,47,0,17,47,17,,,,,,,,,
20,VISIT,1838,Random,OnArrival,5,66,22512,Node_970,44,0,9,44,9,,,,,,,,,
20,VISIT,1842,Random,OnArrival,5,59,22512,Node_968,43,0,9,43,9,,,,,,,,,
20,VISIT,1843,Random,OnArrival,5,69,22512,Node_982,35,0,3,35,3,,,,,,,,,
20,VISIT,1845,Random,OnArrival,5,48,22512,Node_947,34,0,3,34,3,,,,,,,,,
20,VISIT,1846,Random,OnArrival,5,45,22512,Node_525,33,0,-4,33,-4,,,,,,,,,
20,VISIT,1848,Random,OnArrival,5,46,22512,Node_947,34,0,3,34,3,,,,,,,,,
20,VISIT,1849,Random,OnArrival,5,21,22512,Node_883,39,0,14,39,14,,,,,,,,,
20,VISIT,1850,Random,OnArrival,5,20,22512,Node_872,37,0,14,37,14,,,,,,,,,
20,VISIT,1851,Random,OnArrival,5,21,22512,Node_872,37,0,14,37,14,,,,,,,,,
20,VISIT,1852,Random,OnArrival,5,21,22512,Node_894,41,0,14,41,14,,,,,,,,,
20,VISIT,1819,Random,OnArrival,5,182,22523,Node_972,44,0,8,44,8,,,,,,,,,
20,VISIT,1825,Random,OnArrival,5,134,22523,Node_972,44,0,8,44,8,,,,,,,,,
20,VISIT,1830,Random,OnArrival,5,98,22523,Node_981,48,0,8,48,8,,,,,,,,,
20,VISIT,1832,Random,OnArrival,5,107,22523,Node_978,36,0,4,36,4,,,,,,,,,
20,VISIT,1833,Random,OnArrival,5,86,22523,Node_958,42,0,9,42,9,,,,,,,,,
20,VISIT,1834,Random,OnArrival,5,80,22523,Node_939,47,0,16,47,16,,,,,,,,,
20,VISIT,1835,Random,OnArrival,5,87,22523,Node_971,48,0,13,48,13,,,,,,,,,
20,VISIT,1836,Random,OnArrival,5,79,22523,Node_939,47,0,16,47,16,,,,,,,,,
20,VISIT,1838,Random,OnArrival,5,67,22523,Node_972,44,0,8,44,8,,,,,,,,,
20,VISIT,1842,Random,OnArrival,5,60,22523,Node_970,44,0,9,44,9,,,,,,,,,
20,VISIT,1843,Random,OnArrival,5,70,22523,Node_980,36,0,3,36,3,,,,,,,,,
20,VISIT,1845,Random,OnArrival,5,49,22523,Node_982,35,0,3,35,3,,,,,,,,,
20,VISIT,1846,Random,OnArrival,5,46,22523,Node_973,34,0,-4,34,-4,,,,,,,,,
20,VISIT,1848,Random,OnArrival,5,47,22523,Node_540,34,0,2,34,2,,,,,,,,,
20,VISIT,1849,Random,OnArrival,5,22,22523,Node_890,40,0,14,40,14,,,,,,,,,
20,VISIT,1850,Random,OnArrival,5,21,22523,Node_873,38,0,14,38,14,,,,,,,,,
20,VISIT,1851,Random,OnArrival,5,22,22523,Node_873,38,0,14,38,14,,,,,,,,,
20,VISIT,1852,Random,OnArrival,5,22,22523,Node_911,42,0,14,42,14,,,,,,,,,
20,VISIT,1828,Random,OnArrival,5,129,22535,Node_989,48,0,5,48,5,,,,,,,,,
20,VISIT,1829,Random,OnArrival,5,102,22535,Node_989,48,0,5,48,5,,,,,,,,,
20,VISIT,1830,Random,OnArrival,5,99,22535,Node_979,48,0,9,48,9,,,,,,,,,
20,VISIT,1832,Random,OnArrival,5,108,22535,Node_887,37,0,4,37,4,,,,,,,,,
20,VISIT,1833,Random,OnArrival,5,87,22535,Node_968,43,0,9,43,9,,,,,,,,,
20,VISIT,1834,Random,OnArrival,5,81,22535,Node_942,46,0,16,46,16,,,,,,,,,
20,VISIT,1836,Random,OnArrival,5,80,22535,Node_942,46,0,16,46,16,,,,,,,,,
20,VISIT,1842,Random,OnArrival,5,61,22535,Node_972,44,0,8,44,8,,,,,,,,,
20,VISIT,1843,Random,OnArrival,5,71,22535,Node_889,37,0,3,37,3,,,,,,,,,
20,VISIT,1845,Random,OnArrival,5,50,22535,Node_980,36,0,3,36,3,,,,,,,,,
20,VISIT,1846,Random,OnArrival,5,47,22535,Node_986,35,0,-4,35,-4,,,,,,,,,
20,VISIT,1848,Random,OnArrival,5,48,22535,Node_537,34,0,1,34,1,,,,,,,,,
20,VISIT,1849,Random,OnArrival,5,23,22535,Node_894,41,0,14,41,14,,,,,,,,,
20,VISIT,1850,Random,OnArrival,5,22,22535,Node_883,39,0,14,39,14,,,,,,,,,
20,VISIT,1851,Random,OnArrival,5,23,22535,Node_883,39,0,14,39,14,,,,,,,,,
20,VISIT,1852,Random,OnArrival,5,23,22535,Node_952,43,0,14,43,14,,,,,,,,,
20,VISIT,1825,Random,OnArrival,5,135,22547,Node_988,45,0,9,45,9,,,,,,,,,
20,VISIT,1830,Random,OnArrival,5,100,22547,Node_987,47,0,9,47,9,,,,,,,,,
20,VISIT,1831,Random,OnArrival,5,103,22547,Node_988,45,0,9,45,9,,,,,,,,,
20,VISIT,1832,Random,OnArrival,5,109,22547,Node_889,37,0,3,37,3,,,,,,,,,
20,VISIT,1833,Random,OnArrival,5,88,22547,Node_970,44,0,9,44,9,,,,,,,,,
20,VISIT,1838,Random,OnArrival,5,68,22547,Node_988,45,0,9,45,9,,,,,,,,,
20,VISIT,1839,Random,OnArrival,5,67,22547,Node_988,45,0,9,45,9,,,,,,,,,
20,VISIT,1842,Random,OnArrival,5,62,22547,Node_970,44,0,9,44,9,,,,,,,,,
20,VISIT,1843,Random,OnArrival,5,72,22547,Node_998,37,0,2,37,2,,,,,,,,,
20,VISIT,1845,Random,OnArrival,5,51,22547,Node_889,37,0,3,37,3,,,,,,,,,
20,VISIT,1847,Random,OnArrival,5,49,22547,Node_889,37,0,3,37,3,,,,,,,,,
20,VISIT,1848,Random,OnArrival,5,49,22547,Node_534,34,0,0,34,0,,,,,,,,,
20,VISIT,1849,Random,OnArrival,5,24,22547,Node_911,42,0,14,42,14,,,,,,,,,
20,VISIT,1850,Random,OnArrival,5,23,22547,Node_890,40,0,14,40,14,,,,,,,,,
20,VISIT,1851,Random,OnArrival,5,24,22547,Node_890,40,0,14,40,14,,,,,,,,,
20,VISIT,1852,Random,OnArrival,5,24,22547,Node_963,44,0,14,44,14,,,,,,,,,
20,VISIT,1825,Random,OnArrival,5,136,22559,Node_997,46,0,9,46,9,,,,,,,,,
20,VISIT,1830,Random,OnArrival,5,101,22559,Node_997,46,0,9,46,9,,,,,,,,,
20,VISIT,1831,Random,OnArrival,5,104,22559,Node_970,44,0,9,44,9,,,,,,,,,
20,VISIT,1832,Random,OnArrival,5,110,22559,Node_998,37,0,2,37,2,,,,,,,,,
20,VISIT,1833,Random,OnArrival,5,89,22559,Node_972,44,0,8,44,8,,,,,,,,,
20,VISIT,1834,Random,OnArrival,5,82,22559,Node_948,46,0,14,46,14,,,,,,,,,
20,VISIT,1835,Random,OnArrival,5,88,22559,Node_977,48,0,10,48,10,,,,,,,,,
20,VISIT,1836,Random,OnArrival,5,81,22559,Node_948,46,0,14,46,14,,,,,,,,,
20,VISIT,1838,Random,OnArrival,5,69,22559,Node_996,45,0,8,45,8,,,,,,,,,
20,VISIT,1839,Random,OnArrival,5,68,22559,Node_970,44,0,9,44,9,,,,,,,,,
20,VISIT,1842,Random,OnArrival,5,63,22559,Node_988,45,0,9,45,9,,,,,,,,,
20,VISIT,1848,Random,OnArrival,5,50,22559,Node_962,35,0,0,35,0,,,,,,,,,
20,VISIT,1849,Random,OnArrival,5,25,22559,Node_952,43,0,14,43,14,,,,,,,,,
20,VISIT,1850,Random,OnArrival,5,24,22559,Node_894,41,0,14,41,14,,,,,,,,,
20,VISIT,1851,Random,OnArrival,5,25,22559,Node_894,41,0,14,41,14,,,,,,,,,
20,VISIT,1852,Random,OnArrival,5,25,22559,Node_959,45,0,14,45,14,,,,,,,,,
20,VISIT,1825,Random,OnArrival,5,137,22571,Node_987,47,0,9,47,9,,,,,,,,,
20,VISIT,1830,Random,OnArrival,5,102,22571,Node_988,45,0,9,45,9,,,,,,,,,
20,VISIT,1831,Random,OnArrival,5,105,22571,Node_972,44,0,8,44,8,,,,,,,,,
20,VISIT,1832,Random,OnArrival,5,111,22571,Node_1001,38,0,2,38,2,,,,,,,,,
20,VISIT,1833,Random,OnArrival,5,90,22571,Node_974,44,0,7,44,7,,,,,,,,,
20,VISIT,1834,Random,OnArrival,5,83,22571,Node_949,46,0,13,46,13,,,,,,,,,
20,VISIT,1835,Random,OnArrival,5,89,22571,Node_979,48,0,9,48,9,,,,,,,,,
20,VISIT,1836,Random,OnArrival,5,82,22571,Node_949,46,0,13,46,13,,,,,,,,,
20,VISIT,1839,Random,OnArrival,5,69,22571,Node_972,44,0,8,44,8,,,,,,,,,
20,VISIT,1842,Random,OnArrival,5,64,22571,Node_997,46,0,9,46,9,,,,,,,,,
20,VISIT,1843,Random,OnArrival,5,73,22571,Node_1002,38,0,3,38,3,,,,,,,,,
20,VISIT,1845,Random,OnArrival,5,52,22571,Node_1001,38,0,2,38,2,,,,,,,,,
20,VISIT,1846,Random,OnArrival,5,48,22571,Node_983,35,0,-5,35,-5,,,,,,,,,
20,VISIT,1847,Random,OnArrival,5,50,22571,Node_1001,38,0,2,38,2,,,,,,,,,
20,VISIT,1849,Random,OnArrival,5,26,22571,Node_963,44,0,14,44,14,,,,,,,,,
20,VISIT,1850,Random,OnArrival,5,25,22571,Node_911,42,0,14,42,14,,,,,,,,,
20,VISIT,1851,Random,OnArrival,5,26,22571,Node_911,42,0,14,42,14,,,,,,,,,
20,VISIT,1852,Random,OnArrival,5,26,22571,Node_948,46,0,14,46,14,,,,,,,,,
20,VISIT,1825,Random,OnArrival,5,138,22584,Node_990,47,0,8,47,8,,,,,,,,,
20,VISIT,1830,Random,OnArrival,5,103,22584,Node_996,45,0,8,45,8,,,,,,,,,
20,VISIT,1831,Random,OnArrival,5,106,22584,Node_974,44,0,7,44,7,,,,,,,,,
20,VISIT,1832,Random,OnArrival,5,112,22584,Node_1002,38,0,3,38,3,,,,,,,,,
20,VISIT,1834,Random,OnArrival,5,84,22584,Node_964,47,0,13,47,13,,,,,,,,,
20,VISIT,1835,Random,OnArrival,5,90,22584,Node_981,48,0,8,48,8,,,,,,,,,
20,VISIT,1836,Random,OnArrival,5,83,22584,Node_964,47,0,13,47,13,,,,,,,,,
20,VISIT,1839,Random,OnArrival,5,70,22584,Node_974,44,0,7,44,7,,,,,,,,,
20,VISIT,1842,Random,OnArrival,5,65,22584,Node_987,47,0,9,47,9,,,,,,,,,
20,VISIT,1846,Random,OnArrival,5,49,22584,Node_1003,36,0,-5,36,-5,,,,,,,,,
20,VISIT,1848,Random,OnArrival,5,51,22584,Node_992,37,0,0,37,0,,,,,,,,,
20,VISIT,1849,Random,OnArrival,5,27,22584,Node_959,45,0,14,45,14,,,,,,,,,
20,VISIT,1850,Random,OnArrival,5,26,22584,Node_952,43,0,14,43,14,,,,,,,,,
20,VISIT,1851,Random,OnArrival,5,27,22584,Node_952,43,0,14,43,14,,,,,,,,,
20,VISIT,1852,Random,OnArrival,5,27,22584,Node_949,46,0,13,46,13,,,,,,,,,
20,VISIT,1825,Random,OnArrival,5,139,22596,Node_981,48,0,8,48,8,,,,,,,,,
20,VISIT,1829,Random,OnArrival,5,103,22596,Node_1005,45,0,7,45,7,,,,,,,,,
20,VISIT,1830,Random,OnArrival,5,104,22596,Node_972,44,0,8,44,8,,,,,,,,,
20,VISIT,1832,Random,OnArrival,5,113,22596,Node_1007,39,0,3,39,3,,,,,,,,,
20,VISIT,1834,Random,OnArrival,5,85,22596,Node_971,48,0,13,48,13,,,,,,,,,
20,VISIT,1836,Random,OnArrival,5,84,22596,Node_971,48,0,13,48,13,,,,,,,,,
20,VISIT,1842,Random,OnArrival,5,66,22596,Node_984,47,0,10,47,10,,,,,,,,,
20,VISIT,1843,Random,OnArrival,5,74,22596,Node_1,39,0,2,39,2,,,,,,,,,
20,VISIT,1849,Random,OnArrival,5,28,22596,Node_948,46,0,14,46,14,,,,,,,,,
20,VISIT,1850,Random,OnArrival,5,27,22596,Node_963,44,0,14,44,14,,,,,,,,,
20,VISIT,1851,Random,OnArrival,5,28,22596,Node_963,44,0,14,44,14,,,,,,,,,
20,VISIT,1852,Random,OnArrival,5,28,22596,Node_964,47,0,13,47,13,,,,,,,,,
20,SUMMARY,,Random,OnArrival,,,,,,,,,,39,2,1008,-1,424544.000,9700,0,0.000,0.000
