RunID,RowType,PlayerID,UnknownSelectMode,TargetUpdateMode,UnknownReferenceDepth,StepIndex,Frame,NodeName,NodePosX,NodePosY,NodePosZ,CellX,CellZ,GoalCellX,GoalCellZ,NodesCreated,ShortestPathLen,TimeToGoal,TotalNodeVisits,TotalProcessMs,AvgProcessMs,MaxProcessMs
0,VISIT,1,Random,OnArrival,3,0,62,Node_4,18,0,10,18,10,,,,,,,,,
0,VISIT,2,Random,OnArrival,3,0,62,Node_4,18,0,10,18,10,,,,,,,,,
0,VISIT,1,Random,OnArrival,3,1,74,Node_15,18,0,9,18,9,,,,,,,,,
0,VISIT,2,Random,OnArrival,3,1,85,Node_2,19,0,11,19,11,,,,,,,,,
0,VISIT,1,Random,OnArrival,3,2,96,Node_8,17,0,10,17,10,,,,,,,,,
0,VISIT,2,Random,OnArrival,3,2,96,Node_14,18,0,11,18,11,,,,,,,,,
0,VISIT,1,Random,OnArrival,3,3,107,Node_24,16,0,10,16,10,,,,,,,,,
0,VISIT,2,Random,OnArrival,3,3,107,Node_12,17,0,11,17,11,,,,,,,,,
0,VISIT,1,Random,OnArrival,3,4,120,Node_8,17,0,10,17,10,,,,,,,,,
0,VISIT,2,Random,OnArrival,3,4,120,Node_21,16,0,11,16,11,,,,,,,,,
0,VISIT,1,Random,OnArrival,3,5,133,Node_4,18,0,10,18,10,,,,,,,,,
0,VISIT,2,Random,OnArrival,3,5,133,Node_28,15,0,11,15,11,,,,,,,,,
0,VISIT,1,Random,OnArrival,3,6,146,Node_14,18,0,11,18,11,,,,,,,,,
0,VISIT,1,Random,OnArrival,3,7,158,Node_10,18,0,12,18,12,,,,,,,,,
0,VISIT,1,Random,OnArrival,3,8,171,Node_16,17,0,12,17,12,,,,,,,,,
0,VISIT,1,Random,OnArrival,3,9,184,Node_12,17,0,11,17,11,,,,,,,,,
0,VISIT,1,Random,OnArrival,3,10,198,Node_8,17,0,10,17,10,,,,,,,,,
0,VISIT,1,Random,OnArrival,3,11,211,Node_24,16,0,10,16,10,,,,,,,,,
0,VISIT,1,Random,OnArrival,3,12,224,Node_26,15,0,10,15,10,,,,,,,,,
0,VISIT,1,Random,OnArrival,3,13,250,Node_33,14,0,11,14,11,,,,,,,,,
0,VISIT,1,Random,OnArrival,3,14,302,Node_38,13,0,14,13,14,,,,,,,,,
0,VISIT,5,Random,OnArrival,3,0,483,Node_6,19,0,12,19,12,,,,,,,,,
0,VISIT,6,Random,OnArrival,3,0,483,Node_7,19,0,8,19,8,,,,,,,,,
0,VISIT,7,Random,OnArrival,3,0,483,Node_8,17,0,10,17,10,,,,,,,,,
0,VISIT,8,Random,OnArrival,3,0,483,Node_9,21,0,10,21,10,,,,,,,,,
0,VISIT,7,Random,OnArrival,3,1,495,Node_4,18,0,10,18,10,,,,,,,,,
0,VISIT,7,Random,OnArrival,3,2,507,Node_14,18,0,11,18,11,,,,,,,,,
0,VISIT,6,Random,OnArrival,3,1,520,Node_5,20,0,10,20,10,,,,,,,,,
0,VISIT,7,Random,OnArrival,3,3,520,Node_2,19,0,11,19,11,,,,,,,,,
0,VISIT,5,Random,OnArrival,3,1,543,Node_25,21,0,15,21,15,,,,,,,,,
0,VISIT,6,Random,OnArrival,3,2,543,Node_46,20,0,12,20,12,,,,,,,,,
0,VISIT,7,Random,OnArrival,3,4,543,Node_46,20,0,12,20,12,,,,,,,,,
0,VISIT,6,Random,OnArrival,3,3,555,Node_17,21,0,12,21,12,,,,,,,,,
0,VISIT,7,Random,OnArrival,3,5,555,Node_17,21,0,12,21,12,,,,,,,,,
0,VISIT,6,Random,OnArrival,3,4,567,Node_19,21,0,13,21,13,,,,,,,,,
0,VISIT,7,Random,OnArrival,3,6,567,Node_13,21,0,11,21,11,,,,,,,,,
0,VISIT,5,Random,OnArrival,3,2,579,Node_27,21,0,16,21,16,,,,,,,,,
0,VISIT,6,Random,OnArrival,3,5,579,Node_49,20,0,13,20,13,,,,,,,,,
0,VISIT,7,Random,OnArrival,3,7,579,Node_55,20,0,11,20,11,,,,,,,,,
0,VISIT,5,Random,OnArrival,3,3,591,Node_25,21,0,15,21,15,,,,,,,,,
0,VISIT,6,Random,OnArrival,3,6,591,Node_46,20,0,12,20,12,,,,,,,,,
0,VISIT,7,Random,OnArrival,3,8,591,Node_5,20,0,10,20,10,,,,,,,,,
0,VISIT,5,Random,OnArrival,3,4,603,Node_22,21,0,14,21,14,,,,,,,,,
0,VISIT,6,Random,OnArrival,3,7,603,Node_55,20,0,11,20,11,,,,,,,,,
0,VISIT,7,Random,OnArrival,3,9,603,Node_20,19,0,10,19,10,,,,,,,,,
0,VISIT,5,Random,OnArrival,3,5,615,Node_52,20,0,14,20,14,,,,,,,,,
0,VISIT,6,Random,OnArrival,3,8,615,Node_5,20,0,10,20,10,,,,,,,,,
0,VISIT,7,Random,OnArrival,3,10,615,Node_3,19,0,9,19,9,,,,,,,,,
0,VISIT,6,Random,OnArrival,3,9,627,Node_50,20,0,9,20,9,,,,,,,,,
0,VISIT,7,Random,OnArrival,3,11,627,Node_15,18,0,9,18,9,,,,,,,,,
0,VISIT,6,Random,OnArrival,3,10,639,Node_3,19,0,9,19,9,,,,,,,,,
0,VISIT,7,Random,OnArrival,3,12,639,Node_4,18,0,10,18,10,,,,,,,,,
0,VISIT,6,Random,OnArrival,3,11,651,Node_7,19,0,8,19,8,,,,,,,,,
0,VISIT,7,Random,OnArrival,3,13,651,Node_20,19,0,10,19,10,,,,,,,,,
0,VISIT,6,Random,OnArrival,3,12,656,Node_11,18,0,8,18,8,,,,,,,,,
0,VISIT,7,Random,OnArrival,3,14,656,Node_5,20,0,10,20,10,,,,,,,,,
0,VISIT,7,Random,OnArrival,3,15,668,Node_9,21,0,10,21,10,,,,,,,,,
0,VISIT,6,Random,OnArrival,3,13,679,Node_23,17,0,9,17,9,,,,,,,,,
0,VISIT,6,Random,OnArrival,3,14,690,Node_8,17,0,10,17,10,,,,,,,,,
0,VISIT,6,Random,OnArrival,3,15,701,Node_24,16,0,10,16,10,,,,,,,,,
0,VISIT,7,Random,OnArrival,3,16,701,Node_13,21,0,11,21,11,,,,,,,,,
0,VISIT,6,Random,OnArrival,3,16,712,Node_26,15,0,10,15,10,,,,,,,,,
0,VISIT,7,Random,OnArrival,3,17,712,Node_9,21,0,10,21,10,,,,,,,,,
0,VISIT,6,Random,OnArrival,3,17,720,Node_40,14,0,10,14,10,,,,,,,,,
0,VISIT,7,Random,OnArrival,3,18,720,Node_5,20,0,10,20,10,,,,,,,,,
0,VISIT,7,Random,OnArrival,3,19,733,Node_50,20,0,9,20,9,,,,,,,,,
0,VISIT,6,Random,OnArrival,3,18,745,Node_41,13,0,11,13,11,,,,,,,,,
0,VISIT,7,Random,OnArrival,3,20,745,Node_48,21,0,9,21,9,,,,,,,,,
0,VISIT,6,Random,OnArrival,3,19,754,Node_33,14,0,11,14,11,,,,,,,,,
0,VISIT,6,Random,OnArrival,3,20,767,Node_35,14,0,12,14,12,,,,,,,,,
0,VISIT,7,Random,OnArrival,3,21,767,Node_70,22,0,10,22,10,,,,,,,,,
0,VISIT,6,Random,OnArrival,3,21,780,Node_42,13,0,12,13,12,,,,,,,,,
0,VISIT,6,Random,OnArrival,3,22,789,Node_43,13,0,13,13,13,,,,,,,,,
0,VISIT,6,Random,OnArrival,3,23,802,Node_36,14,0,13,14,13,,,,,,,,,
0,VISIT,6,Random,OnArrival,3,24,815,Node_31,15,0,13,15,13,,,,,,,,,
0,VISIT,9,Random,OnArrival,3,0,882,Node_6,19,0,12,19,12,,,,,,,,,
0,VISIT,10,Random,OnArrival,3,0,882,Node_7,19,0,8,19,8,,,,,,,,,
0,VISIT,11,Random,OnArrival,3,0,882,Node_8,17,0,10,17,10,,,,,,,,,
0,VISIT,12,Random,OnArrival,3,0,882,Node_9,21,0,10,21,10,,,,,,,,,
0,VISIT,9,Random,OnArrival,3,1,894,Node_46,20,0,12,20,12,,,,,,,,,
0,VISIT,10,Random,OnArrival,3,1,894,Node_3,19,0,9,19,9,,,,,,,,,
0,VISIT,11,Random,OnArrival,3,1,894,Node_12,17,0,11,17,11,,,,,,,,,
0,VISIT,12,Random,OnArrival,3,1,894,Node_48,21,0,9,21,9,,,,,,,,,
0,VISIT,9,Random,OnArrival,3,2,906,Node_49,20,0,13,20,13,,,,,,,,,
0,VISIT,10,Random,OnArrival,3,2,906,Node_50,20,0,9,20,9,,,,,,,,,
0,VISIT,11,Random,OnArrival,3,2,906,Node_21,16,0,11,16,11,,,,,,,,,
0,VISIT,12,Random,OnArrival,3,2,906,Node_51,21,0,8,21,8,,,,,,,,,
0,VISIT,9,Random,OnArrival,3,3,919,Node_52,20,0,14,20,14,,,,,,,,,
0,VISIT,10,Random,OnArrival,3,3,919,Node_48,21,0,9,21,9,,,,,,,,,
0,VISIT,11,Random,OnArrival,3,3,919,Node_28,15,0,11,15,11,,,,,,,,,
0,VISIT,12,Random,OnArrival,3,3,919,Node_47,20,0,8,20,8,,,,,,,,,
0,VISIT,10,Random,OnArrival,3,4,932,Node_51,21,0,8,21,8,,,,,,,,,
0,VISIT,11,Random,OnArrival,3,4,932,Node_29,15,0,12,15,12,,,,,,,,,
0,VISIT,12,Random,OnArrival,3,4,932,Node_51,21,0,8,21,8,,,,,,,,,
0,VISIT,9,Random,OnArrival,3,4,945,Node_65,18,0,14,18,14,,,,,,,,,
0,VISIT,11,Random,OnArrival,3,5,945,Node_35,14,0,12,14,12,,,,,,,,,
0,VISIT,10,Random,OnArrival,3,5,956,Node_73,22,0,9,22,9,,,,,,,,,
0,VISIT,11,Random,OnArrival,3,6,956,Node_36,14,0,13,14,13,,,,,,,,,
0,VISIT,12,Random,OnArrival,3,5,956,Node_73,22,0,9,22,9,,,,,,,,,
0,VISIT,11,Random,OnArrival,3,7,968,Node_37,14,0,14,14,14,,,,,,,,,
0,VISIT,10,Random,OnArrival,3,6,980,Node_74,23,0,10,23,10,,,,,,,,,
0,VISIT,11,Random,OnArrival,3,8,980,Node_78,15,0,14,15,14,,,,,,,,,
0,VISIT,12,Random,OnArrival,3,6,980,Node_74,23,0,10,23,10,,,,,,,,,
0,VISIT,10,Random,OnArrival,3,7,992,Node_75,23,0,11,23,11,,,,,,,,,
0,VISIT,12,Random,OnArrival,3,7,992,Node_70,22,0,10,22,10,,,,,,,,,
0,VISIT,10,Random,OnArrival,3,8,1003,Node_71,22,0,11,22,11,,,,,,,,,
0,VISIT,11,Random,OnArrival,3,9,1003,Node_85,16,0,15,16,15,,,,,,,,,
0,VISIT,12,Random,OnArrival,3,8,1003,Node_71,22,0,11,22,11,,,,,,,,,
0,VISIT,10,Random,OnArrival,3,9,1014,Node_75,23,0,11,23,11,,,,,,,,,
0,VISIT,11,Random,OnArrival,3,10,1014,Node_80,15,0,15,15,15,,,,,,,,,
0,VISIT,12,Random,OnArrival,3,9,1014,Node_70,22,0,10,22,10,,,,,,,,,
0,VISIT,11,Random,OnArrival,3,11,1026,Node_82,15,0,16,15,16,,,,,,,,,
0,VISIT,12,Random,OnArrival,3,10,1026,Node_73,22,0,9,22,9,,,,,,,,,
0,VISIT,10,Random,OnArrival,3,10,1038,Node_77,24,0,12,24,12,,,,,,,,,
0,VISIT,11,Random,OnArrival,3,12,1038,Node_84,16,0,16,16,16,,,,,,,,,
0,VISIT,12,Random,OnArrival,3,11,1038,Node_89,23,0,9,23,9,,,,,,,,,
0,VISIT,11,Random,OnArrival,3,13,1050,Node_90,17,0,16,17,16,,,,,,,,,
0,VISIT,11,Random,OnArrival,3,14,1062,Node_67,18,0,16,18,16,,,,,,,,,
0,VISIT,11,Random,OnArrival,3,15,1074,Node_68,18,0,17,18,17,,,,,,,,,
0,VISIT,12,Random,OnArrival,3,12,1156,Node_107,25,0,7,25,7,,,,,,,,,
0,VISIT,13,Random,OnArrival,3,0,1311,Node_6,19,0,12,19,12,,,,,,,,,
0,VISIT,14,Random,OnArrival,3,0,1311,Node_7,19,0,8,19,8,,,,,,,,,
0,VISIT,15,Random,OnArrival,3,0,1311,Node_8,17,0,10,17,10,,,,,,,,,
0,VISIT,16,Random,OnArrival,3,0,1311,Node_9,21,0,10,21,10,,,,,,,,,
0,VISIT,13,Random,OnArrival,3,1,1323,Node_10,18,0,12,18,12,,,,,,,,,
0,VISIT,14,Random,OnArrival,3,1,1323,Node_47,20,0,8,20,8,,,,,,,,,
0,VISIT,15,Random,OnArrival,3,1,1323,Node_12,17,0,11,17,11,,,,,,,,,
0,VISIT,16,Random,OnArrival,3,1,1323,Node_48,21,0,9,21,9,,,,,,,,,
0,VISIT,13,Random,OnArrival,3,2,1335,Node_16,17,0,12,17,12,,,,,,,,,
0,VISIT,14,Random,OnArrival,3,2,1335,Node_51,21,0,8,21,8,,,,,,,,,
0,VISIT,15,Random,OnArrival,3,2,1335,Node_16,17,0,12,17,12,,,,,,,,,
0,VISIT,16,Random,OnArrival,3,2,1335,Node_51,21,0,8,21,8,,,,,,,,,
0,VISIT,13,Random,OnArrival,3,3,1344,Node_18,16,0,12,16,12,,,,,,,,,
0,VISIT,14,Random,OnArrival,3,3,1344,Node_53,21,0,7,21,7,,,,,,,,,
0,VISIT,15,Random,OnArrival,3,3,1344,Node_18,16,0,12,16,12,,,,,,,,,
0,VISIT,16,Random,OnArrival,3,3,1344,Node_53,21,0,7,21,7,,,,,,,,,
0,VISIT,13,Random,OnArrival,3,4,1355,Node_29,15,0,12,15,12,,,,,,,,,
0,VISIT,15,Random,OnArrival,3,4,1355,Node_29,15,0,12,15,12,,,,,,,,,
0,VISIT,13,Random,OnArrival,3,5,1365,Node_31,15,0,13,15,13,,,,,,,,,
0,VISIT,14,Random,OnArrival,3,4,1365,Node_86,22,0,8,22,8,,,,,,,,,
0,VISIT,15,Random,OnArrival,3,5,1365,Node_28,15,0,11,15,11,,,,,,,,,
0,VISIT,16,Random,OnArrival,3,4,1365,Node_86,22,0,8,22,8,,,,,,,,,
0,VISIT,13,Random,OnArrival,3,6,1377,Node_78,15,0,14,15,14,,,,,,,,,
0,VISIT,14,Random,OnArrival,3,5,1377,Node_51,21,0,8,21,8,,,,,,,,,
0,VISIT,15,Random,OnArrival,3,6,1377,Node_26,15,0,10,15,10,,,,,,,,,
0,VISIT,16,Random,OnArrival,3,5,1377,Node_51,21,0,8,21,8,,,,,,,,,
0,VISIT,13,Random,OnArrival,3,7,1389,Node_80,15,0,15,15,15,,,,,,,,,
0,VISIT,14,Random,OnArrival,3,6,1389,Node_53,21,0,7,21,7,,,,,,,,,
0,VISIT,15,Random,OnArrival,3,7,1389,Node_40,14,0,10,14,10,,,,,,,,,
0,VISIT,16,Random,OnArrival,3,6,1389,Node_53,21,0,7,21,7,,,,,,,,,
0,VISIT,13,Random,OnArrival,3,8,1401,Node_85,16,0,15,16,15,,,,,,,,,
0,VISIT,14,Random,OnArrival,3,7,1401,Node_56,21,0,6,21,6,,,,,,,,,
0,VISIT,15,Random,OnArrival,3,8,1401,Node_72,13,0,10,13,10,,,,,,,,,
0,VISIT,16,Random,OnArrival,3,7,1401,Node_56,21,0,6,21,6,,,,,,,,,
0,VISIT,13,Random,OnArrival,3,9,1413,Node_88,17,0,15,17,15,,,,,,,,,
0,VISIT,13,Random,OnArrival,3,10,1422,Node_66,18,0,15,18,15,,,,,,,,,
0,VISIT,14,Random,OnArrival,3,8,1422,Node_64,20,0,5,20,5,,,,,,,,,
0,VISIT,16,Random,OnArrival,3,8,1422,Node_64,20,0,5,20,5,,,,,,,,,
0,VISIT,13,Random,OnArrival,3,11,1433,Node_65,18,0,14,18,14,,,,,,,,,
0,VISIT,13,Random,OnArrival,3,12,1444,Node_87,17,0,14,17,14,,,,,,,,,
0,VISIT,13,Random,OnArrival,3,13,1455,Node_92,16,0,14,16,14,,,,,,,,,
0,VISIT,14,Random,OnArrival,3,9,1455,Node_127,20,0,6,20,6,,,,,,,,,
0,VISIT,16,Random,OnArrival,3,9,1455,Node_127,20,0,6,20,6,,,,,,,,,
0,VISIT,13,Random,OnArrival,3,14,1466,Node_85,16,0,15,16,15,,,,,,,,,
0,VISIT,14,Random,OnArrival,3,10,1466,Node_64,20,0,5,20,5,,,,,,,,,
0,VISIT,16,Random,OnArrival,3,10,1466,Node_64,20,0,5,20,5,,,,,,,,,
0,VISIT,13,Random,OnArrival,3,15,1475,Node_84,16,0,16,16,16,,,,,,,,,
0,VISIT,14,Random,OnArrival,3,11,1475,Node_57,21,0,5,21,5,,,,,,,,,
0,VISIT,16,Random,OnArrival,3,11,1475,Node_57,21,0,5,21,5,,,,,,,,,
0,VISIT,13,Random,OnArrival,3,16,1486,Node_90,17,0,16,17,16,,,,,,,,,
0,VISIT,13,Random,OnArrival,3,17,1495,Node_91,17,0,17,17,17,,,,,,,,,
0,VISIT,13,Random,OnArrival,3,18,1506,Node_68,18,0,17,18,17,,,,,,,,,
0,VISIT,14,Random,OnArrival,3,12,1506,Node_126,22,0,7,22,7,,,,,,,,,
0,VISIT,16,Random,OnArrival,3,12,1506,Node_126,22,0,7,22,7,,,,,,,,,
0,VISIT,13,Random,OnArrival,3,19,1517,Node_106,18,0,18,18,18,,,,,,,,,
0,VISIT,14,Random,OnArrival,3,13,1517,Node_53,21,0,7,21,7,,,,,,,,,
0,VISIT,16,Random,OnArrival,3,13,1517,Node_86,22,0,8,22,8,,,,,,,,,
0,VISIT,13,Random,OnArrival,3,20,1528,Node_93,17,0,18,17,18,,,,,,,,,
0,VISIT,14,Random,OnArrival,3,14,1528,Node_56,21,0,6,21,6,,,,,,,,,
0,VISIT,16,Random,OnArrival,3,14,1528,Node_73,22,0,9,22,9,,,,,,,,,
0,VISIT,13,Random,OnArrival,3,21,1540,Node_94,17,0,19,17,19,,,,,,,,,
0,VISIT,14,Random,OnArrival,3,15,1540,Node_139,22,0,6,22,6,,,,,,,,,
0,VISIT,16,Random,OnArrival,3,15,1540,Node_89,23,0,9,23,9,,,,,,,,,
0,VISIT,13,Random,OnArrival,3,22,1552,Node_109,18,0,19,18,19,,,,,,,,,
0,VISIT,14,Random,OnArrival,3,16,1552,Node_137,22,0,5,22,5,,,,,,,,,
0,VISIT,13,Random,OnArrival,3,23,1564,Node_106,18,0,18,18,18,,,,,,,,,
0,VISIT,16,Random,OnArrival,3,16,1564,Node_102,25,0,9,25,9,,,,,,,,,
0,VISIT,16,Random,OnArrival,3,17,1586,Node_124,26,0,8,26,8,,,,,,,,,
0,VISIT,16,Random,OnArrival,3,18,1597,Node_104,25,0,8,25,8,,,,,,,,,
0,VISIT,13,Random,OnArrival,3,24,1607,Node_32,21,0,19,21,19,,,,,,,,,
0,VISIT,16,Random,OnArrival,3,19,1607,Node_107,25,0,7,25,7,,,,,,,,,
0,VISIT,16,Random,OnArrival,3,20,1618,Node_110,25,0,6,25,6,,,,,,,,,
0,VISIT,16,Random,OnArrival,3,21,1629,Node_118,24,0,6,24,6,,,,,,,,,
0,VISIT,16,Random,OnArrival,3,22,1640,Node_120,24,0,7,24,7,,,,,,,,,
0,VISIT,16,Random,OnArrival,3,23,1651,Node_107,25,0,7,25,7,,,,,,,,,
0,VISIT,16,Random,OnArrival,3,24,1662,Node_123,26,0,7,26,7,,,,,,,,,
0,VISIT,16,Random,OnArrival,3,25,1695,Node_113,25,0,5,25,5,,,,,,,,,
0,VISIT,16,Random,OnArrival,3,26,1706,Node_116,24,0,5,24,5,,,,,,,,,
0,VISIT,17,Random,OnArrival,3,0,1707,Node_6,19,0,12,19,12,,,,,,,,,
0,VISIT,18,Random,OnArrival,3,0,1707,Node_7,19,0,8,19,8,,,,,,,,,
0,VISIT,19,Random,OnArrival,3,0,1707,Node_8,17,0,10,17,10,,,,,,,,,
0,VISIT,20,Random,OnArrival,3,0,1707,Node_9,21,0,10,21,10,,,,,,,,,
0,VISIT,17,Random,OnArrival,3,1,1718,Node_46,20,0,12,20,12,,,,,,,,,
0,VISIT,18,Random,OnArrival,3,1,1718,Node_11,18,0,8,18,8,,,,,,,,,
0,VISIT,19,Random,OnArrival,3,1,1718,Node_24,16,0,10,16,10,,,,,,,,,
0,VISIT,20,Random,OnArrival,3,1,1718,Node_13,21,0,11,21,11,,,,,,,,,
0,VISIT,17,Random,OnArrival,3,2,1729,Node_49,20,0,13,20,13,,,,,,,,,
0,VISIT,18,Random,OnArrival,3,2,1729,Node_69,17,0,8,17,8,,,,,,,,,
0,VISIT,19,Random,OnArrival,3,2,1729,Node_26,15,0,10,15,10,,,,,,,,,
0,VISIT,20,Random,OnArrival,3,2,1729,Node_71,22,0,11,22,11,,,,,,,,,
0,VISIT,17,Random,OnArrival,3,3,1740,Node_52,20,0,14,20,14,,,,,,,,,
0,VISIT,19,Random,OnArrival,3,3,1740,Node_40,14,0,10,14,10,,,,,,,,,
0,VISIT,20,Random,OnArrival,3,3,1740,Node_75,23,0,11,23,11,,,,,,,,,
0,VISIT,17,Random,OnArrival,3,4,1749,Node_54,20,0,15,20,15,,,,,,,,,
0,VISIT,19,Random,OnArrival,3,4,1749,Node_72,13,0,10,13,10,,,,,,,,,
0,VISIT,20,Random,OnArrival,3,4,1749,Node_96,24,0,11,24,11,,,,,,,,,
0,VISIT,17,Random,OnArrival,3,5,1758,Node_25,21,0,15,21,15,,,,,,,,,
0,VISIT,16,Random,OnArrival,3,27,1767,Node_148,23,0,2,23,2,,,,,,,,,
0,VISIT,17,Random,OnArrival,3,6,1768,Node_58,22,0,15,22,15,,,,,,,,,
0,VISIT,19,Random,OnArrival,3,5,1768,Node_141,12,0,9,12,9,,,,,,,,,
0,VISIT,20,Random,OnArrival,3,5,1768,Node_99,25,0,12,25,12,,,,,,,,,
0,VISIT,16,Random,OnArrival,3,28,1778,Node_161,24,0,2,24,2,,,,,,,,,
0,VISIT,20,Random,OnArrival,3,6,1801,Node_101,25,0,13,25,13,,,,,,,,,
0,VISIT,20,Random,OnArrival,3,7,1811,Node_79,24,0,13,24,13,,,,,,,,,
0,VISIT,20,Random,OnArrival,3,8,1821,Node_81,24,0,14,24,14,,,,,,,,,
0,VISIT,20,Random,OnArrival,3,9,1832,Node_103,25,0,14,25,14,,,,,,,,,
0,VISIT,20,Random,OnArrival,3,10,1843,Node_81,24,0,14,24,14,,,,,,,,,
0,VISIT,20,Random,OnArrival,3,11,1853,Node_83,24,0,15,24,15,,,,,,,,,
0,VISIT,20,Random,OnArrival,3,12,1874,Node_183,24,0,17,24,17,,,,,,,,,
0,VISIT,20,Random,OnArrival,3,13,1884,Node_111,25,0,17,25,17,,,,,,,,,
0,VISIT,20,Random,OnArrival,3,14,1916,Node_114,25,0,18,25,18,,,,,,,,,
0,VISIT,20,Random,OnArrival,3,15,1947,Node_192,24,0,20,24,20,,,,,,,,,
0,VISIT,20,Random,OnArrival,3,16,1969,Node_195,24,0,22,24,22,,,,,,,,,
0,VISIT,20,Random,OnArrival,3,17,1991,Node_152,22,0,22,22,22,,,,,,,,,
0,VISIT,20,Random,OnArrival,3,18,2002,Node_156,21,0,22,21,22,,,,,,,,,
0,VISIT,20,Random,OnArrival,3,19,2013,Node_152,22,0,22,22,22,,,,,,,,,
0,VISIT,20,Random,OnArrival,3,20,2035,Node_195,24,0,22,24,22,,,,,,,,,
0,VISIT,21,Random,OnArrival,3,0,2074,Node_6,19,0,12,19,12,,,,,,,,,
0,VISIT,22,Random,OnArrival,3,0,2074,Node_7,19,0,8,19,8,,,,,,,,,
0,VISIT,23,Random,OnArrival,3,0,2074,Node_8,17,0,10,17,10,,,,,,,,,
0,VISIT,24,Random,OnArrival,3,0,2074,Node_9,21,0,10,21,10,,,,,,,,,
0,VISIT,21,Random,OnArrival,3,1,2084,Node_46,20,0,12,20,12,,,,,,,,,
0,VISIT,22,Random,OnArrival,3,1,2084,Node_11,18,0,8,18,8,,,,,,,,,
0,VISIT,23,Random,OnArrival,3,1,2084,Node_23,17,0,9,17,9,,,,,,,,,
0,VISIT,24,Random,OnArrival,3,1,2084,Node_13,21,0,11,21,11,,,,,,,,,
0,VISIT,21,Random,OnArrival,3,2,2094,Node_49,20,0,13,20,13,,,,,,,,,
0,VISIT,22,Random,OnArrival,3,2,2094,Node_69,17,0,8,17,8,,,,,,,,,
0,VISIT,23,Random,OnArrival,3,2,2094,Node_69,17,0,8,17,8,,,,,,,,,
0,VISIT,24,Random,OnArrival,3,2,2094,Node_17,21,0,12,21,12,,,,,,,,,
0,VISIT,21,Random,OnArrival,3,3,2104,Node_52,20,0,14,20,14,,,,,,,,,
0,VISIT,22,Random,OnArrival,3,3,2104,Node_166,16,0,8,16,8,,,,,,,,,
0,VISIT,23,Random,OnArrival,3,3,2104,Node_166,16,0,8,16,8,,,,,,,,,
0,VISIT,24,Random,OnArrival,3,3,2104,Node_19,21,0,13,21,13,,,,,,,,,
0,VISIT,21,Random,OnArrival,3,4,2115,Node_54,20,0,15,20,15,,,,,,,,,
0,VISIT,22,Random,OnArrival,3,4,2115,Node_169,15,0,8,15,8,,,,,,,,,
0,VISIT,23,Random,OnArrival,3,4,2115,Node_164,16,0,7,16,7,,,,,,,,,
0,VISIT,24,Random,OnArrival,3,4,2115,Node_22,21,0,14,21,14,,,,,,,,,
0,VISIT,21,Random,OnArrival,3,5,2126,Node_25,21,0,15,21,15,,,,,,,,,
0,VISIT,22,Random,OnArrival,3,5,2126,Node_171,15,0,7,15,7,,,,,,,,,
0,VISIT,24,Random,OnArrival,3,5,2126,Node_25,21,0,15,21,15,,,,,,,,,
0,VISIT,21,Random,OnArrival,3,6,2137,Node_27,21,0,16,21,16,,,,,,,,,
0,VISIT,24,Random,OnArrival,3,6,2137,Node_27,21,0,16,21,16,,,,,,,,,
0,VISIT,21,Random,OnArrival,3,7,2147,Node_60,22,0,16,22,16,,,,,,,,,
0,VISIT,24,Random,OnArrival,3,7,2147,Node_60,22,0,16,22,16,,,,,,,,,
0,VISIT,21,Random,OnArrival,3,8,2157,Node_175,23,0,16,23,16,,,,,,,,,
0,VISIT,22,Random,OnArrival,3,6,2157,Node_133,13,0,6,13,6,,,,,,,,,
0,VISIT,24,Random,OnArrival,3,8,2157,Node_175,23,0,16,23,16,,,,,,,,,
0,VISIT,21,Random,OnArrival,3,9,2167,Node_197,24,0,16,24,16,,,,,,,,,
0,VISIT,22,Random,OnArrival,3,7,2167,Node_136,12,0,6,12,6,,,,,,,,,
0,VISIT,24,Random,OnArrival,3,9,2167,Node_197,24,0,16,24,16,,,,,,,,,
0,VISIT,21,Random,OnArrival,3,10,2177,Node_108,25,0,16,25,16,,,,,,,,,
0,VISIT,23,Random,OnArrival,3,5,2177,Node_190,15,0,2,15,2,,,,,,,,,
0,VISIT,24,Random,OnArrival,3,10,2177,Node_108,25,0,16,25,16,,,,,,,,,
0,VISIT,21,Random,OnArrival,3,11,2187,Node_111,25,0,17,25,17,,,,,,,,,
0,VISIT,24,Random,OnArrival,3,11,2187,Node_111,25,0,17,25,17,,,,,,,,,
0,VISIT,21,Random,OnArrival,3,12,2197,Node_183,24,0,17,24,17,,,,,,,,,
0,VISIT,24,Random,OnArrival,3,12,2197,Node_200,26,0,17,26,17,,,,,,,,,
0,VISIT,21,Random,OnArrival,3,13,2206,Node_186,24,0,18,24,18,,,,,,,,,
0,VISIT,21,Random,OnArrival,3,14,2213,Node_114,25,0,18,25,18,,,,,,,,,
0,VISIT,21,Random,OnArrival,3,15,2221,Node_111,25,0,17,25,17,,,,,,,,,
0,VISIT,21,Random,OnArrival,3,16,2230,Node_108,25,0,16,25,16,,,,,,,,,
0,VISIT,21,Random,OnArrival,3,17,2240,Node_105,25,0,15,25,15,,,,,,,,,
0,VISIT,21,Random,OnArrival,3,18,2249,Node_83,24,0,15,24,15,,,,,,,,,
0,VISIT,21,Random,OnArrival,3,19,2258,Node_170,23,0,15,23,15,,,,,,,,,
0,VISIT,21,Random,OnArrival,3,20,2267,Node_58,22,0,15,22,15,,,,,,,,,
0,VISIT,21,Random,OnArrival,3,21,2277,Node_25,21,0,15,21,15,,,,,,,,,
0,VISIT,21,Random,OnArrival,3,22,2287,Node_27,21,0,16,21,16,,,,,,,,,
0,VISIT,24,Random,OnArrival,3,13,2287,Node_204,25,0,22,25,22,,,,,,,,,
0,VISIT,24,Random,OnArrival,3,14,2297,Node_234,26,0,22,26,22,,,,,,,,,
0,VISIT,21,Random,OnArrival,3,23,2307,Node_30,21,0,18,21,18,,,,,,,,,
0,VISIT,24,Random,OnArrival,3,15,2307,Node_231,27,0,22,27,22,,,,,,,,,
0,VISIT,21,Random,OnArrival,3,24,2317,Node_145,20,0,18,20,18,,,,,,,,,
0,VISIT,24,Random,OnArrival,3,16,2317,Node_234,26,0,22,26,22,,,,,,,,,
0,VISIT,24,Random,OnArrival,3,17,2327,Node_204,25,0,22,25,22,,,,,,,,,
0,VISIT,21,Random,OnArrival,3,25,2337,Node_106,18,0,18,18,18,,,,,,,,,
0,VISIT,24,Random,OnArrival,3,18,2337,Node_195,24,0,22,24,22,,,,,,,,,
0,VISIT,21,Random,OnArrival,3,26,2347,Node_109,18,0,19,18,19,,,,,,,,,
0,VISIT,24,Random,OnArrival,3,19,2347,Node_198,24,0,23,24,23,,,,,,,,,
0,VISIT,21,Random,OnArrival,3,27,2354,Node_112,18,0,20,18,20,,,,,,,,,
0,VISIT,24,Random,OnArrival,3,20,2354,Node_205,25,0,23,25,23,,,,,,,,,
0,VISIT,21,Random,OnArrival,3,28,2364,Node_95,17,0,20,17,20,,,,,,,,,
0,VISIT,21,Random,OnArrival,3,29,2374,Node_100,16,0,20,16,20,,,,,,,,,
0,VISIT,25,Random,OnArrival,3,0,2399,Node_6,19,0,12,19,12,,,,,,,,,
0,VISIT,26,Random,OnArrival,3,0,2399,Node_7,19,0,8,19,8,,,,,,,,,
0,VISIT,27,Random,OnArrival,3,0,2399,Node_8,17,0,10,17,10,,,,,,,,,
0,VISIT,28,Random,OnArrival,3,0,2399,Node_9,21,0,10,21,10,,,,,,,,,
0,VISIT,25,Random,OnArrival,3,1,2408,Node_46,20,0,12,20,12,,,,,,,,,
0,VISIT,26,Random,OnArrival,3,1,2408,Node_11,18,0,8,18,8,,,,,,,,,
0,VISIT,27,Random,OnArrival,3,1,2408,Node_23,17,0,9,17,9,,,,,,,,,
0,VISIT,28,Random,OnArrival,3,1,2408,Node_13,21,0,11,21,11,,,,,,,,,
0,VISIT,25,Random,OnArrival,3,2,2417,Node_49,20,0,13,20,13,,,,,,,,,
0,VISIT,26,Random,OnArrival,3,2,2417,Node_69,17,0,8,17,8,,,,,,,,,
0,VISIT,27,Random,OnArrival,3,2,2417,Node_69,17,0,8,17,8,,,,,,,,,
0,VISIT,28,Random,OnArrival,3,2,2417,Node_17,21,0,12,21,12,,,,,,,,,
0,VISIT,25,Random,OnArrival,3,3,2426,Node_52,20,0,14,20,14,,,,,,,,,
0,VISIT,26,Random,OnArrival,3,3,2426,Node_162,17,0,7,17,7,,,,,,,,,
0,VISIT,27,Random,OnArrival,3,3,2426,Node_162,17,0,7,17,7,,,,,,,,,
0,VISIT,28,Random,OnArrival,3,3,2426,Node_19,21,0,13,21,13,,,,,,,,,
0,VISIT,21,Random,OnArrival,3,30,2430,Node_125,15,0,25,15,25,,,,,,,,,
0,VISIT,26,Random,OnArrival,3,4,2435,Node_164,16,0,7,16,7,,,,,,,,,
0,VISIT,27,Random,OnArrival,3,4,2435,Node_164,16,0,7,16,7,,,,,,,,,
0,VISIT,28,Random,OnArrival,3,4,2435,Node_22,21,0,14,21,14,,,,,,,,,
0,VISIT,25,Random,OnArrival,3,4,2443,Node_65,18,0,14,18,14,,,,,,,,,
0,VISIT,26,Random,OnArrival,3,5,2443,Node_171,15,0,7,15,7,,,,,,,,,
0,VISIT,27,Random,OnArrival,3,5,2443,Node_171,15,0,7,15,7,,,,,,,,,
0,VISIT,28,Random,OnArrival,3,5,2443,Node_25,21,0,15,21,15,,,,,,,,,
0,VISIT,25,Random,OnArrival,3,5,2452,Node_66,18,0,15,18,15,,,,,,,,,
0,VISIT,26,Random,OnArrival,3,6,2452,Node_207,14,0,7,14,7,,,,,,,,,
0,VISIT,27,Random,OnArrival,3,6,2452,Node_176,15,0,6,15,6,,,,,,,,,
0,VISIT,28,Random,OnArrival,3,6,2452,Node_27,21,0,16,21,16,,,,,,,,,
0,VISIT,25,Random,OnArrival,3,6,2461,Node_67,18,0,16,18,16,,,,,,,,,
0,VISIT,26,Random,OnArrival,3,7,2461,Node_131,13,0,7,13,7,,,,,,,,,
0,VISIT,27,Random,OnArrival,3,7,2461,Node_209,14,0,6,14,6,,,,,,,,,
0,VISIT,25,Random,OnArrival,3,7,2470,Node_68,18,0,17,18,17,,,,,,,,,
0,VISIT,26,Random,OnArrival,3,8,2470,Node_138,12,0,7,12,7,,,,,,,,,
0,VISIT,27,Random,OnArrival,3,8,2470,Node_133,13,0,6,13,6,,,,,,,,,
0,VISIT,28,Random,OnArrival,3,7,2470,Node_30,21,0,18,21,18,,,,,,,,,
0,VISIT,25,Random,OnArrival,3,8,2479,Node_106,18,0,18,18,18,,,,,,,,,
0,VISIT,26,Random,OnArrival,3,9,2479,Node_136,12,0,6,12,6,,,,,,,,,
0,VISIT,27,Random,OnArrival,3,9,2479,Node_131,13,0,7,13,7,,,,,,,,,
0,VISIT,28,Random,OnArrival,3,8,2479,Node_32,21,0,19,21,19,,,,,,,,,
0,VISIT,25,Random,OnArrival,3,9,2489,Node_109,18,0,19,18,19,,,,,,,,,
0,VISIT,26,Random,OnArrival,3,10,2489,Node_133,13,0,6,13,6,,,,,,,,,
0,VISIT,27,Random,OnArrival,3,10,2489,Node_138,12,0,7,12,7,,,,,,,,,
0,VISIT,28,Random,OnArrival,3,9,2489,Node_34,21,0,20,21,20,,,,,,,,,
0,VISIT,25,Random,OnArrival,3,10,2499,Node_112,18,0,20,18,20,,,,,,,,,
0,VISIT,26,Random,OnArrival,3,11,2499,Node_209,14,0,6,14,6,,,,,,,,,
0,VISIT,27,Random,OnArrival,3,11,2499,Node_140,12,0,8,12,8,,,,,,,,,
0,VISIT,28,Random,OnArrival,3,10,2499,Node_158,21,0,21,21,21,,,,,,,,,
0,VISIT,25,Random,OnArrival,3,11,2509,Node_115,18,0,21,18,21,,,,,,,,,
0,VISIT,26,Random,OnArrival,3,12,2509,Node_176,15,0,6,15,6,,,,,,,,,
0,VISIT,27,Random,OnArrival,3,12,2509,Node_177,11,0,8,11,8,,,,,,,,,
0,VISIT,28,Random,OnArrival,3,11,2509,Node_151,22,0,21,22,21,,,,,,,,,
0,VISIT,25,Random,OnArrival,3,12,2519,Node_97,17,0,21,17,21,,,,,,,,,
0,VISIT,26,Random,OnArrival,3,13,2519,Node_206,16,0,6,16,6,,,,,,,,,
0,VISIT,27,Random,OnArrival,3,13,2519,Node_182,10,0,8,10,8,,,,,,,,,
0,VISIT,28,Random,OnArrival,3,12,2519,Node_152,22,0,22,22,22,,,,,,,,,
0,VISIT,25,Random,OnArrival,3,13,2529,Node_115,18,0,21,18,21,,,,,,,,,
0,VISIT,26,Random,OnArrival,3,14,2529,Node_176,15,0,6,15,6,,,,,,,,,
0,VISIT,27,Random,OnArrival,3,14,2529,Node_185,10,0,9,10,9,,,,,,,,,
0,VISIT,26,Random,OnArrival,3,15,2539,Node_181,15,0,5,15,5,,,,,,,,,
0,VISIT,27,Random,OnArrival,3,15,2539,Node_172,11,0,9,11,9,,,,,,,,,
0,VISIT,28,Random,OnArrival,3,13,2539,Node_195,24,0,22,24,22,,,,,,,,,
0,VISIT,26,Random,OnArrival,3,16,2549,Node_208,16,0,5,16,5,,,,,,,,,
0,VISIT,27,Random,OnArrival,3,16,2549,Node_141,12,0,9,12,9,,,,,,,,,
0,VISIT,28,Random,OnArrival,3,14,2549,Node_198,24,0,23,24,23,,,,,,,,,
0,VISIT,27,Random,OnArrival,3,17,2559,Node_128,13,0,9,13,9,,,,,,,,,
0,VISIT,28,Random,OnArrival,3,15,2559,Node_205,25,0,23,25,23,,,,,,,,,
0,VISIT,27,Random,OnArrival,3,18,2569,Node_141,12,0,9,12,9,,,,,,,,,
0,VISIT,28,Random,OnArrival,3,16,2569,Node_233,26,0,23,26,23,,,,,,,,,
0,VISIT,26,Random,OnArrival,3,17,2579,Node_210,16,0,4,16,4,,,,,,,,,
0,VISIT,27,Random,OnArrival,3,19,2579,Node_172,11,0,9,11,9,,,,,,,,,
0,VISIT,28,Random,OnArrival,3,17,2579,Node_232,27,0,23,27,23,,,,,,,,,
0,VISIT,25,Random,OnArrival,3,14,2589,Node_122,18,0,25,18,25,,,,,,,,,
0,VISIT,26,Random,OnArrival,3,18,2589,Node_184,15,0,4,15,4,,,,,,,,,
0,VISIT,27,Random,OnArrival,3,20,2589,Node_185,10,0,9,10,9,,,,,,,,,
0,VISIT,28,Random,OnArrival,3,18,2589,Node_231,27,0,22,27,22,,,,,,,,,
0,VISIT,25,Random,OnArrival,3,15,2598,Node_121,18,0,24,18,24,,,,,,,,,
0,VISIT,26,Random,OnArrival,3,19,2598,Node_187,15,0,3,15,3,,,,,,,,,
0,VISIT,27,Random,OnArrival,3,21,2598,Node_188,10,0,10,10,10,,,,,,,,,
0,VISIT,28,Random,OnArrival,3,19,2598,Node_230,27,0,21,27,21,,,,,,,,,
0,VISIT,25,Random,OnArrival,3,16,2607,Node_250,19,0,24,19,24,,,,,,,,,
0,VISIT,25,Random,OnArrival,3,17,2617,Node_248,19,0,23,19,23,,,,,,,,,
0,VISIT,25,Random,OnArrival,3,18,2626,Node_119,18,0,23,18,23,,,,,,,,,
0,VISIT,25,Random,OnArrival,3,19,2635,Node_121,18,0,24,18,24,,,,,,,,,
0,VISIT,25,Random,OnArrival,3,20,2644,Node_122,18,0,25,18,25,,,,,,,,,
0,VISIT,25,Random,OnArrival,3,21,2674,Node_125,15,0,25,15,25,,,,,,,,,
0,VISIT,25,Random,OnArrival,3,22,2683,Node_240,15,0,24,15,24,,,,,,,,,
0,VISIT,25,Random,OnArrival,3,23,2693,Node_242,14,0,24,14,24,,,,,,,,,
0,VISIT,28,Random,OnArrival,3,20,2693,Node_220,27,0,17,27,17,,,,,,,,,
0,VISIT,25,Random,OnArrival,3,24,2702,Node_243,14,0,23,14,23,,,,,,,,,
0,VISIT,28,Random,OnArrival,3,21,2702,Node_267,28,0,17,28,17,,,,,,,,,
0,VISIT,29,Random,OnArrival,3,0,2715,Node_6,19,0,12,19,12,,,,,,,,,
0,VISIT,30,Random,OnArrival,3,0,2715,Node_7,19,0,8,19,8,,,,,,,,,
0,VISIT,31,Random,OnArrival,3,0,2715,Node_8,17,0,10,17,10,,,,,,,,,
0,VISIT,32,Random,OnArrival,3,0,2715,Node_9,21,0,10,21,10,,,,,,,,,
0,VISIT,29,Random,OnArrival,3,1,2723,Node_46,20,0,12,20,12,,,,,,,,,
0,VISIT,30,Random,OnArrival,3,1,2723,Node_3,19,0,9,19,9,,,,,,,,,
0,VISIT,31,Random,OnArrival,3,1,2723,Node_4,18,0,10,18,10,,,,,,,,,
0,VISIT,32,Random,OnArrival,3,1,2723,Node_13,21,0,11,21,11,,,,,,,,,
0,VISIT,29,Random,OnArrival,3,2,2731,Node_49,20,0,13,20,13,,,,,,,,,
0,VISIT,30,Random,OnArrival,3,2,2731,Node_20,19,0,10,19,10,,,,,,,,,
0,VISIT,31,Random,OnArrival,3,2,2731,Node_14,18,0,11,18,11,,,,,,,,,
0,VISIT,32,Random,OnArrival,3,2,2731,Node_17,21,0,12,21,12,,,,,,,,,
0,VISIT,29,Random,OnArrival,3,3,2740,Node_52,20,0,14,20,14,,,,,,,,,
0,VISIT,30,Random,OnArrival,3,3,2740,Node_2,19,0,11,19,11,,,,,,,,,
0,VISIT,31,Random,OnArrival,3,3,2740,Node_10,18,0,12,18,12,,,,,,,,,
0,VISIT,32,Random,OnArrival,3,3,2740,Node_19,21,0,13,21,13,,,,,,,,,
0,VISIT,29,Random,OnArrival,3,4,2749,Node_54,20,0,15,20,15,,,,,,,,,
0,VISIT,30,Random,OnArrival,3,4,2749,Node_6,19,0,12,19,12,,,,,,,,,
0,VISIT,31,Random,OnArrival,3,4,2749,Node_6,19,0,12,19,12,,,,,,,,,
0,VISIT,32,Random,OnArrival,3,4,2749,Node_22,21,0,14,21,14,,,,,,,,,
0,VISIT,29,Random,OnArrival,3,5,2758,Node_25,21,0,15,21,15,,,,,,,,,
0,VISIT,30,Random,OnArrival,3,5,2758,Node_46,20,0,12,20,12,,,,,,,,,
0,VISIT,31,Random,OnArrival,3,5,2758,Node_46,20,0,12,20,12,,,,,,,,,
0,VISIT,32,Random,OnArrival,3,5,2758,Node_25,21,0,15,21,15,,,,,,,,,
0,VISIT,29,Random,OnArrival,3,6,2768,Node_27,21,0,16,21,16,,,,,,,,,
0,VISIT,30,Random,OnArrival,3,6,2768,Node_49,20,0,13,20,13,,,,,,,,,
0,VISIT,31,Random,OnArrival,3,6,2768,Node_49,20,0,13,20,13,,,,,,,,,
0,VISIT,32,Random,OnArrival,3,6,2768,Node_27,21,0,16,21,16,,,,,,,,,
0,VISIT,30,Random,OnArrival,3,7,2778,Node_52,20,0,14,20,14,,,,,,,,,
0,VISIT,31,Random,OnArrival,3,7,2778,Node_52,20,0,14,20,14,,,,,,,,,
0,VISIT,29,Random,OnArrival,3,7,2787,Node_30,21,0,18,21,18,,,,,,,,,
0,VISIT,30,Random,OnArrival,3,8,2787,Node_54,20,0,15,20,15,,,,,,,,,
0,VISIT,31,Random,OnArrival,3,8,2787,Node_54,20,0,15,20,15,,,,,,,,,
0,VISIT,32,Random,OnArrival,3,7,2787,Node_30,21,0,18,21,18,,,,,,,,,
0,VISIT,29,Random,OnArrival,3,8,2796,Node_32,21,0,19,21,19,,,,,,,,,
0,VISIT,30,Random,OnArrival,3,9,2796,Node_25,21,0,15,21,15,,,,,,,,,
0,VISIT,31,Random,OnArrival,3,9,2796,Node_25,21,0,15,21,15,,,,,,,,,
0,VISIT,32,Random,OnArrival,3,8,2796,Node_32,21,0,19,21,19,,,,,,,,,
0,VISIT,29,Random,OnArrival,3,9,2805,Node_34,21,0,20,21,20,,,,,,,,,
0,VISIT,30,Random,OnArrival,3,10,2805,Node_27,21,0,16,21,16,,,,,,,,,
0,VISIT,31,Random,OnArrival,3,10,2805,Node_27,21,0,16,21,16,,,,,,,,,
0,VISIT,32,Random,OnArrival,3,9,2805,Node_34,21,0,20,21,20,,,,,,,,,
0,VISIT,29,Random,OnArrival,3,10,2815,Node_150,22,0,20,22,20,,,,,,,,,
0,VISIT,32,Random,OnArrival,3,10,2815,Node_150,22,0,20,22,20,,,,,,,,,
0,VISIT,29,Random,OnArrival,3,11,2825,Node_151,22,0,21,22,21,,,,,,,,,
0,VISIT,30,Random,OnArrival,3,11,2825,Node_30,21,0,18,21,18,,,,,,,,,
0,VISIT,31,Random,OnArrival,3,11,2825,Node_30,21,0,18,21,18,,,,,,,,,
0,VISIT,32,Random,OnArrival,3,11,2825,Node_151,22,0,21,22,21,,,,,,,,,
0,VISIT,29,Random,OnArrival,3,12,2835,Node_152,22,0,22,22,22,,,,,,,,,
0,VISIT,30,Random,OnArrival,3,12,2835,Node_32,21,0,19,21,19,,,,,,,,,
0,VISIT,31,Random,OnArrival,3,12,2835,Node_32,21,0,19,21,19,,,,,,,,,
0,VISIT,32,Random,OnArrival,3,12,2835,Node_152,22,0,22,22,22,,,,,,,,,
0,VISIT,29,Random,OnArrival,3,13,2845,Node_153,22,0,23,22,23,,,,,,,,,
0,VISIT,30,Random,OnArrival,3,13,2845,Node_34,21,0,20,21,20,,,,,,,,,
0,VISIT,31,Random,OnArrival,3,13,2845,Node_34,21,0,20,21,20,,,,,,,,,
0,VISIT,32,Random,OnArrival,3,13,2845,Node_153,22,0,23,22,23,,,,,,,,,
0,VISIT,29,Random,OnArrival,3,14,2855,Node_154,21,0,23,21,23,,,,,,,,,
0,VISIT,30,Random,OnArrival,3,14,2855,Node_158,21,0,21,21,21,,,,,,,,,
0,VISIT,31,Random,OnArrival,3,14,2855,Node_158,21,0,21,21,21,,,,,,,,,
0,VISIT,32,Random,OnArrival,3,14,2855,Node_154,21,0,23,21,23,,,,,,,,,
0,VISIT,30,Random,OnArrival,3,15,2865,Node_156,21,0,22,21,22,,,,,,,,,
0,VISIT,31,Random,OnArrival,3,15,2865,Node_156,21,0,22,21,22,,,,,,,,,
0,VISIT,29,Random,OnArrival,3,15,2875,Node_248,19,0,23,19,23,,,,,,,,,
0,VISIT,30,Random,OnArrival,3,16,2875,Node_154,21,0,23,21,23,,,,,,,,,
0,VISIT,31,Random,OnArrival,3,16,2875,Node_154,21,0,23,21,23,,,,,,,,,
0,VISIT,32,Random,OnArrival,3,15,2875,Node_248,19,0,23,19,23,,,,,,,,,
0,VISIT,29,Random,OnArrival,3,16,2885,Node_119,18,0,23,18,23,,,,,,,,,
0,VISIT,32,Random,OnArrival,3,16,2885,Node_247,19,0,22,19,22,,,,,,,,,
0,VISIT,29,Random,OnArrival,3,17,2895,Node_117,18,0,22,18,22,,,,,,,,,
0,VISIT,30,Random,OnArrival,3,17,2895,Node_248,19,0,23,19,23,,,,,,,,,
0,VISIT,31,Random,OnArrival,3,17,2895,Node_248,19,0,23,19,23,,,,,,,,,
0,VISIT,32,Random,OnArrival,3,17,2895,Node_117,18,0,22,18,22,,,,,,,,,
0,VISIT,29,Random,OnArrival,3,18,2905,Node_247,19,0,22,19,22,,,,,,,,,
0,VISIT,30,Random,OnArrival,3,18,2905,Node_119,18,0,23,18,23,,,,,,,,,
0,VISIT,31,Random,OnArrival,3,18,2905,Node_247,19,0,22,19,22,,,,,,,,,
0,VISIT,32,Random,OnArrival,3,18,2905,Node_119,18,0,23,18,23,,,,,,,,,
0,VISIT,29,Random,OnArrival,3,19,2915,Node_248,19,0,23,19,23,,,,,,,,,
0,VISIT,30,Random,OnArrival,3,19,2915,Node_117,18,0,22,18,22,,,,,,,,,
0,VISIT,31,Random,OnArrival,3,19,2915,Node_246,19,0,21,19,21,,,,,,,,,
0,VISIT,32,Random,OnArrival,3,19,2915,Node_121,18,0,24,18,24,,,,,,,,,
0,VISIT,29,Random,OnArrival,3,20,2925,Node_250,19,0,24,19,24,,,,,,,,,
0,VISIT,30,Random,OnArrival,3,20,2925,Node_115,18,0,21,18,21,,,,,,,,,
0,VISIT,31,Random,OnArrival,3,20,2925,Node_115,18,0,21,18,21,,,,,,,,,
0,VISIT,32,Random,OnArrival,3,20,2925,Node_122,18,0,25,18,25,,,,,,,,,
0,VISIT,29,Random,OnArrival,3,21,2935,Node_252,19,0,25,19,25,,,,,,,,,
0,VISIT,30,Random,OnArrival,3,21,2935,Node_97,17,0,21,17,21,,,,,,,,,
0,VISIT,31,Random,OnArrival,3,21,2935,Node_97,17,0,21,17,21,,,,,,,,,
0,VISIT,32,Random,OnArrival,3,21,2935,Node_252,19,0,25,19,25,,,,,,,,,
0,VISIT,30,Random,OnArrival,3,22,2945,Node_98,16,0,21,16,21,,,,,,,,,
0,VISIT,31,Random,OnArrival,3,22,2945,Node_98,16,0,21,16,21,,,,,,,,,
0,VISIT,30,Random,OnArrival,3,23,2955,Node_237,15,0,21,15,21,,,,,,,,,
0,VISIT,31,Random,OnArrival,3,23,2955,Node_237,15,0,21,15,21,,,,,,,,,
0,VISIT,30,Random,OnArrival,3,24,2965,Node_245,14,0,21,14,21,,,,,,,,,
0,VISIT,31,Random,OnArrival,3,24,2965,Node_245,14,0,21,14,21,,,,,,,,,
0,VISIT,29,Random,OnArrival,3,22,2994,Node_199,24,0,24,24,24,,,,,,,,,
0,VISIT,32,Random,OnArrival,3,22,2994,Node_199,24,0,24,24,24,,,,,,,,,
0,VISIT,29,Random,OnArrival,3,23,3001,Node_235,25,0,24,25,24,,,,,,,,,
0,VISIT,32,Random,OnArrival,3,23,3001,Node_235,25,0,24,25,24,,,,,,,,,
0,VISIT,29,Random,OnArrival,3,24,3018,Node_287,24,0,25,24,25,,,,,,,,,
0,VISIT,32,Random,OnArrival,3,24,3018,Node_287,24,0,25,24,25,,,,,,,,,
0,VISIT,33,Random,OnArrival,3,0,3023,Node_6,19,0,12,19,12,,,,,,,,,
0,VISIT,34,Random,OnArrival,3,0,3023,Node_7,19,0,8,19,8,,,,,,,,,
0,VISIT,35,Random,OnArrival,3,0,3023,Node_8,17,0,10,17,10,,,,,,,,,
0,VISIT,36,Random,OnArrival,3,0,3023,Node_9,21,0,10,21,10,,,,,,,,,
0,VISIT,29,Random,OnArrival,3,25,3027,Node_291,25,0,25,25,25,,,,,,,,,
0,VISIT,30,Random,OnArrival,3,25,3027,Node_39,13,0,15,13,15,,,,,,,,,
0,VISIT,31,Random,OnArrival,3,25,3027,Node_39,13,0,15,13,15,,,,,,,,,
0,VISIT,32,Random,OnArrival,3,25,3027,Node_291,25,0,25,25,25,,,,,,,,,
0,VISIT,33,Random,OnArrival,3,1,3031,Node_46,20,0,12,20,12,,,,,,,,,
0,VISIT,34,Random,OnArrival,3,1,3031,Node_3,19,0,9,19,9,,,,,,,,,
0,VISIT,35,Random,OnArrival,3,1,3031,Node_12,17,0,11,17,11,,,,,,,,,
0,VISIT,36,Random,OnArrival,3,1,3031,Node_13,21,0,11,21,11,,,,,,,,,
0,VISIT,30,Random,OnArrival,3,26,3036,Node_45,12,0,15,12,15,,,,,,,,,
0,VISIT,31,Random,OnArrival,3,26,3036,Node_45,12,0,15,12,15,,,,,,,,,
0,VISIT,33,Random,OnArrival,3,2,3040,Node_49,20,0,13,20,13,,,,,,,,,
0,VISIT,34,Random,OnArrival,3,2,3040,Node_20,19,0,10,19,10,,,,,,,,,
0,VISIT,35,Random,OnArrival,3,2,3040,Node_16,17,0,12,17,12,,,,,,,,,
0,VISIT,36,Random,OnArrival,3,2,3040,Node_17,21,0,12,21,12,,,,,,,,,
0,VISIT,33,Random,OnArrival,3,3,3049,Node_52,20,0,14,20,14,,,,,,,,,
0,VISIT,34,Random,OnArrival,3,3,3049,Node_4,18,0,10,18,10,,,,,,,,,
0,VISIT,35,Random,OnArrival,3,3,3049,Node_18,16,0,12,16,12,,,,,,,,,
0,VISIT,36,Random,OnArrival,3,3,3049,Node_19,21,0,13,21,13,,,,,,,,,
0,VISIT,34,Random,OnArrival,3,4,3058,Node_8,17,0,10,17,10,,,,,,,,,
0,VISIT,35,Random,OnArrival,3,4,3058,Node_29,15,0,12,15,12,,,,,,,,,
0,VISIT,36,Random,OnArrival,3,4,3058,Node_22,21,0,14,21,14,,,,,,,,,
0,VISIT,33,Random,OnArrival,3,4,3067,Node_65,18,0,14,18,14,,,,,,,,,
0,VISIT,34,Random,OnArrival,3,5,3067,Node_12,17,0,11,17,11,,,,,,,,,
0,VISIT,35,Random,OnArrival,3,5,3067,Node_31,15,0,13,15,13,,,,,,,,,
0,VISIT,36,Random,OnArrival,3,5,3067,Node_52,20,0,14,20,14,,,,,,,,,
0,VISIT,33,Random,OnArrival,3,5,3076,Node_87,17,0,14,17,14,,,,,,,,,
0,VISIT,34,Random,OnArrival,3,6,3076,Node_16,17,0,12,17,12,,,,,,,,,
0,VISIT,35,Random,OnArrival,3,6,3076,Node_36,14,0,13,14,13,,,,,,,,,
0,VISIT,33,Random,OnArrival,3,6,3085,Node_92,16,0,14,16,14,,,,,,,,,
0,VISIT,34,Random,OnArrival,3,7,3085,Node_18,16,0,12,16,12,,,,,,,,,
0,VISIT,35,Random,OnArrival,3,7,3085,Node_37,14,0,14,14,14,,,,,,,,,
0,VISIT,36,Random,OnArrival,3,6,3085,Node_65,18,0,14,18,14,,,,,,,,,
0,VISIT,33,Random,OnArrival,3,7,3094,Node_78,15,0,14,15,14,,,,,,,,,
0,VISIT,34,Random,OnArrival,3,8,3094,Node_29,15,0,12,15,12,,,,,,,,,
0,VISIT,35,Random,OnArrival,3,8,3094,Node_38,13,0,14,13,14,,,,,,,,,
0,VISIT,36,Random,OnArrival,3,7,3094,Node_87,17,0,14,17,14,,,,,,,,,
0,VISIT,29,Random,OnArrival,3,26,3097,Node_296,29,0,25,29,25,,,,,,,,,
0,VISIT,32,Random,OnArrival,3,26,3097,Node_296,29,0,25,29,25,,,,,,,,,
0,VISIT,33,Random,OnArrival,3,8,3103,Node_37,14,0,14,14,14,,,,,,,,,
0,VISIT,34,Random,OnArrival,3,9,3103,Node_31,15,0,13,15,13,,,,,,,,,
0,VISIT,35,Random,OnArrival,3,9,3103,Node_44,12,0,14,12,14,,,,,,,,,
0,VISIT,36,Random,OnArrival,3,8,3103,Node_92,16,0,14,16,14,,,,,,,,,
0,VISIT,29,Random,OnArrival,3,27,3106,Node_298,29,0,24,29,24,,,,,,,,,
0,VISIT,32,Random,OnArrival,3,27,3106,Node_298,29,0,24,29,24,,,,,,,,,
0,VISIT,33,Random,OnArrival,3,9,3112,Node_38,13,0,14,13,14,,,,,,,,,
0,VISIT,34,Random,OnArrival,3,10,3112,Node_36,14,0,13,14,13,,,,,,,,,
0,VISIT,36,Random,OnArrival,3,9,3112,Node_78,15,0,14,15,14,,,,,,,,,
0,VISIT,29,Random,OnArrival,3,28,3115,Node_300,30,0,24,30,24,,,,,,,,,
0,VISIT,32,Random,OnArrival,3,28,3115,Node_300,30,0,24,30,24,,,,,,,,,
0,VISIT,33,Random,OnArrival,3,10,3121,Node_44,12,0,14,12,14,,,,,,,,,
0,VISIT,34,Random,OnArrival,3,11,3121,Node_37,14,0,14,14,14,,,,,,,,,
0,VISIT,35,Random,OnArrival,3,10,3121,Node_196,10,0,14,10,14,,,,,,,,,
0,VISIT,36,Random,OnArrival,3,10,3121,Node_37,14,0,14,14,14,,,,,,,,,
0,VISIT,34,Random,OnArrival,3,12,3130,Node_38,13,0,14,13,14,,,,,,,,,
0,VISIT,36,Random,OnArrival,3,11,3130,Node_38,13,0,14,13,14,,,,,,,,,
0,VISIT,33,Random,OnArrival,3,11,3139,Node_196,10,0,14,10,14,,,,,,,,,
0,VISIT,34,Random,OnArrival,3,13,3139,Node_44,12,0,14,12,14,,,,,,,,,
0,VISIT,35,Random,OnArrival,3,11,3139,Node_269,9,0,15,9,15,,,,,,,,,
0,VISIT,36,Random,OnArrival,3,12,3139,Node_44,12,0,14,12,14,,,,,,,,,
0,VISIT,33,Random,OnArrival,3,12,3148,Node_266,9,0,14,9,14,,,,,,,,,
0,VISIT,34,Random,OnArrival,3,14,3148,Node_45,12,0,15,12,15,,,,,,,,,
0,VISIT,34,Random,OnArrival,3,15,3157,Node_294,12,0,16,12,16,,,,,,,,,
0,VISIT,36,Random,OnArrival,3,13,3157,Node_196,10,0,14,10,14,,,,,,,,,
0,VISIT,29,Random,OnArrival,3,29,3160,Node_255,28,0,21,28,21,,,,,,,,,
0,VISIT,32,Random,OnArrival,3,29,3160,Node_255,28,0,21,28,21,,,,,,,,,
0,VISIT,33,Random,OnArrival,3,13,3165,Node_313,8,0,15,8,15,,,,,,,,,
0,VISIT,34,Random,OnArrival,3,16,3165,Node_293,13,0,16,13,16,,,,,,,,,
0,VISIT,36,Random,OnArrival,3,14,3165,Node_308,10,0,15,10,15,,,,,,,,,
0,VISIT,32,Random,OnArrival,3,30,3168,Node_230,27,0,21,27,21,,,,,,,,,
0,VISIT,33,Random,OnArrival,3,14,3173,Node_316,8,0,16,8,16,,,,,,,,,
0,VISIT,34,Random,OnArrival,3,17,3173,Node_294,12,0,16,12,16,,,,,,,,,
0,VISIT,35,Random,OnArrival,3,12,3173,Node_279,8,0,18,8,18,,,,,,,,,
0,VISIT,36,Random,OnArrival,3,15,3173,Node_269,9,0,15,9,15,,,,,,,,,
0,VISIT,29,Random,OnArrival,3,30,3176,Node_311,30,0,21,30,21,,,,,,,,,
0,VISIT,32,Random,OnArrival,3,31,3176,Node_228,27,0,20,27,20,,,,,,,,,
0,VISIT,33,Random,OnArrival,3,15,3182,Node_272,9,0,16,9,16,,,,,,,,,
0,VISIT,34,Random,OnArrival,3,18,3182,Node_295,12,0,17,12,17,,,,,,,,,
0,VISIT,36,Random,OnArrival,3,16,3182,Node_272,9,0,16,9,16,,,,,,,,,
0,VISIT,32,Random,OnArrival,3,32,3185,Node_258,28,0,20,28,20,,,,,,,,,
0,VISIT,33,Random,OnArrival,3,16,3190,Node_269,9,0,15,9,15,,,,,,,,,
0,VISIT,36,Random,OnArrival,3,17,3190,Node_275,9,0,17,9,17,,,,,,,,,
0,VISIT,32,Random,OnArrival,3,33,3193,Node_261,28,0,19,28,19,,,,,,,,,
0,VISIT,33,Random,OnArrival,3,17,3198,Node_266,9,0,14,9,14,,,,,,,,,
0,VISIT,34,Random,OnArrival,3,19,3198,Node_299,11,0,18,11,18,,,,,,,,,
0,VISIT,36,Random,OnArrival,3,18,3198,Node_318,8,0,17,8,17,,,,,,,,,
0,VISIT,32,Random,OnArrival,3,34,3201,Node_226,27,0,19,27,19,,,,,,,,,
0,VISIT,33,Random,OnArrival,3,18,3206,Node_263,9,0,13,9,13,,,,,,,,,
0,VISIT,36,Random,OnArrival,3,19,3206,Node_279,8,0,18,8,18,,,,,,,,,
0,VISIT,32,Random,OnArrival,3,35,3210,Node_223,27,0,18,27,18,,,,,,,,,
0,VISIT,33,Random,OnArrival,3,19,3215,Node_194,10,0,13,10,13,,,,,,,,,
0,VISIT,34,Random,OnArrival,3,20,3215,Node_277,9,0,18,9,18,,,,,,,,,
0,VISIT,36,Random,OnArrival,3,20,3215,Node_320,7,0,18,7,18,,,,,,,,,
0,VISIT,32,Random,OnArrival,3,36,3218,Node_201,26,0,18,26,18,,,,,,,,,
0,VISIT,33,Random,OnArrival,3,20,3223,Node_193,10,0,12,10,12,,,,,,,,,
0,VISIT,32,Random,OnArrival,3,37,3227,Node_114,25,0,18,25,18,,,,,,,,,
0,VISIT,33,Random,OnArrival,3,21,3231,Node_260,9,0,12,9,12,,,,,,,,,
0,VISIT,34,Random,OnArrival,3,21,3231,Node_299,11,0,18,11,18,,,,,,,,,
0,VISIT,32,Random,OnArrival,3,38,3234,Node_202,25,0,19,25,19,,,,,,,,,
0,VISIT,32,Random,OnArrival,3,39,3243,Node_189,24,0,19,24,19,,,,,,,,,
0,VISIT,34,Random,OnArrival,3,22,3248,Node_302,11,0,20,11,20,,,,,,,,,
0,VISIT,32,Random,OnArrival,3,40,3252,Node_186,24,0,18,24,18,,,,,,,,,
0,VISIT,32,Random,OnArrival,3,41,3261,Node_114,25,0,18,25,18,,,,,,,,,
0,VISIT,32,Random,OnArrival,3,42,3270,Node_201,26,0,18,26,18,,,,,,,,,
0,VISIT,34,Random,OnArrival,3,23,3274,Node_283,12,0,22,12,22,,,,,,,,,
0,VISIT,32,Random,OnArrival,3,43,3279,Node_223,27,0,18,27,18,,,,,,,,,
0,VISIT,34,Random,OnArrival,3,24,3282,Node_304,11,0,22,11,22,,,,,,,,,
0,VISIT,32,Random,OnArrival,3,44,3287,Node_264,28,0,18,28,18,,,,,,,,,
0,VISIT,34,Random,OnArrival,3,25,3290,Node_305,11,0,23,11,23,,,,,,,,,
0,VISIT,32,Random,OnArrival,3,45,3295,Node_267,28,0,17,28,17,,,,,,,,,
0,VISIT,37,Random,OnArrival,3,0,3296,Node_6,19,0,12,19,12,,,,,,,,,
0,VISIT,38,Random,OnArrival,3,0,3296,Node_7,19,0,8,19,8,,,,,,,,,
0,VISIT,39,Random,OnArrival,3,0,3296,Node_8,17,0,10,17,10,,,,,,,,,
0,VISIT,40,Random,OnArrival,3,0,3296,Node_9,21,0,10,21,10,,,,,,,,,
0,VISIT,34,Random,OnArrival,3,26,3298,Node_284,12,0,23,12,23,,,,,,,,,
0,VISIT,32,Random,OnArrival,3,46,3302,Node_270,28,0,16,28,16,,,,,,,,,
0,VISIT,37,Random,OnArrival,3,1,3303,Node_10,18,0,12,18,12,,,,,,,,,
0,VISIT,38,Random,OnArrival,3,1,3303,Node_3,19,0,9,19,9,,,,,,,,,
0,VISIT,39,Random,OnArrival,3,1,3303,Node_24,16,0,10,16,10,,,,,,,,,
0,VISIT,40,Random,OnArrival,3,1,3303,Node_5,20,0,10,20,10,,,,,,,,,
0,VISIT,34,Random,OnArrival,3,27,3306,Node_280,13,0,23,13,23,,,,,,,,,
0,VISIT,32,Random,OnArrival,3,47,3309,Node_278,27,0,16,27,16,,,,,,,,,
0,VISIT,37,Random,OnArrival,3,2,3310,Node_16,17,0,12,17,12,,,,,,,,,
0,VISIT,38,Random,OnArrival,3,2,3310,Node_20,19,0,10,19,10,,,,,,,,,
0,VISIT,39,Random,OnArrival,3,2,3310,Node_26,15,0,10,15,10,,,,,,,,,
0,VISIT,40,Random,OnArrival,3,2,3310,Node_55,20,0,11,20,11,,,,,,,,,
0,VISIT,34,Random,OnArrival,3,28,3314,Node_282,13,0,22,13,22,,,,,,,,,
0,VISIT,32,Random,OnArrival,3,48,3316,Node_276,27,0,15,27,15,,,,,,,,,
0,VISIT,37,Random,OnArrival,3,3,3317,Node_18,16,0,12,16,12,,,,,,,,,
0,VISIT,38,Random,OnArrival,3,3,3317,Node_4,18,0,10,18,10,,,,,,,,,
0,VISIT,39,Random,OnArrival,3,3,3317,Node_40,14,0,10,14,10,,,,,,,,,
0,VISIT,40,Random,OnArrival,3,3,3317,Node_46,20,0,12,20,12,,,,,,,,,
0,VISIT,34,Random,OnArrival,3,29,3321,Node_244,14,0,22,14,22,,,,,,,,,
0,VISIT,37,Random,OnArrival,3,4,3324,Node_29,15,0,12,15,12,,,,,,,,,
0,VISIT,38,Random,OnArrival,3,4,3324,Node_8,17,0,10,17,10,,,,,,,,,
0,VISIT,39,Random,OnArrival,3,4,3324,Node_72,13,0,10,13,10,,,,,,,,,
0,VISIT,40,Random,OnArrival,3,4,3324,Node_49,20,0,13,20,13,,,,,,,,,
0,VISIT,34,Random,OnArrival,3,30,3328,Node_238,15,0,22,15,22,,,,,,,,,
0,VISIT,37,Random,OnArrival,3,5,3331,Node_31,15,0,13,15,13,,,,,,,,,
0,VISIT,38,Random,OnArrival,3,5,3331,Node_24,16,0,10,16,10,,,,,,,,,
0,VISIT,39,Random,OnArrival,3,5,3331,Node_128,13,0,9,13,9,,,,,,,,,
0,VISIT,40,Random,OnArrival,3,5,3331,Node_52,20,0,14,20,14,,,,,,,,,
0,VISIT,34,Random,OnArrival,3,31,3335,Node_244,14,0,22,14,22,,,,,,,,,
0,VISIT,37,Random,OnArrival,3,6,3339,Node_36,14,0,13,14,13,,,,,,,,,
0,VISIT,38,Random,OnArrival,3,6,3339,Node_26,15,0,10,15,10,,,,,,,,,
0,VISIT,39,Random,OnArrival,3,6,3339,Node_129,13,0,8,13,8,,,,,,,,,
0,VISIT,34,Random,OnArrival,3,32,3343,Node_282,13,0,22,13,22,,,,,,,,,
0,VISIT,37,Random,OnArrival,3,7,3347,Node_37,14,0,14,14,14,,,,,,,,,
0,VISIT,38,Random,OnArrival,3,7,3347,Node_40,14,0,10,14,10,,,,,,,,,
0,VISIT,39,Random,OnArrival,3,7,3347,Node_140,12,0,8,12,8,,,,,,,,,
0,VISIT,40,Random,OnArrival,3,6,3347,Node_65,18,0,14,18,14,,,,,,,,,
0,VISIT,34,Random,OnArrival,3,33,3351,Node_283,12,0,22,12,22,,,,,,,,,
0,VISIT,37,Random,OnArrival,3,8,3355,Node_38,13,0,14,13,14,,,,,,,,,
0,VISIT,38,Random,OnArrival,3,8,3355,Node_72,13,0,10,13,10,,,,,,,,,
0,VISIT,39,Random,OnArrival,3,8,3355,Node_138,12,0,7,12,7,,,,,,,,,
0,VISIT,40,Random,OnArrival,3,7,3355,Node_87,17,0,14,17,14,,,,,,,,,
0,VISIT,34,Random,OnArrival,3,34,3359,Node_336,12,0,21,12,21,,,,,,,,,
0,VISIT,37,Random,OnArrival,3,9,3363,Node_39,13,0,15,13,15,,,,,,,,,
0,VISIT,38,Random,OnArrival,3,9,3363,Node_128,13,0,9,13,9,,,,,,,,,
0,VISIT,39,Random,OnArrival,3,9,3363,Node_136,12,0,6,12,6,,,,,,,,,
0,VISIT,40,Random,OnArrival,3,8,3363,Node_92,16,0,14,16,14,,,,,,,,,
0,VISIT,34,Random,OnArrival,3,35,3367,Node_303,11,0,21,11,21,,,,,,,,,
0,VISIT,32,Random,OnArrival,3,49,3370,Node_144,26,0,9,26,9,,,,,,,,,
0,VISIT,37,Random,OnArrival,3,10,3371,Node_293,13,0,16,13,16,,,,,,,,,
0,VISIT,38,Random,OnArrival,3,10,3371,Node_129,13,0,8,13,8,,,,,,,,,
0,VISIT,39,Random,OnArrival,3,10,3371,Node_213,11,0,6,11,6,,,,,,,,,
0,VISIT,40,Random,OnArrival,3,9,3371,Node_78,15,0,14,15,14,,,,,,,,,
0,VISIT,32,Random,OnArrival,3,50,3378,Node_102,25,0,9,25,9,,,,,,,,,
0,VISIT,37,Random,OnArrival,3,11,3379,Node_292,13,0,17,13,17,,,,,,,,,
0,VISIT,38,Random,OnArrival,3,11,3379,Node_131,13,0,7,13,7,,,,,,,,,
0,VISIT,40,Random,OnArrival,3,10,3379,Node_37,14,0,14,14,14,,,,,,,,,
0,VISIT,32,Random,OnArrival,3,51,3386,Node_104,25,0,8,25,8,,,,,,,,,
0,VISIT,37,Random,OnArrival,3,12,3387,Node_295,12,0,17,12,17,,,,,,,,,
0,VISIT,38,Random,OnArrival,3,12,3387,Node_133,13,0,6,13,6,,,,,,,,,
0,VISIT,40,Random,OnArrival,3,11,3387,Node_38,13,0,14,13,14,,,,,,,,,
0,VISIT,32,Random,OnArrival,3,52,3394,Node_107,25,0,7,25,7,,,,,,,,,
0,VISIT,37,Random,OnArrival,3,13,3395,Node_292,13,0,17,13,17,,,,,,,,,
0,VISIT,38,Random,OnArrival,3,13,3395,Node_136,12,0,6,12,6,,,,,,,,,
0,VISIT,40,Random,OnArrival,3,12,3395,Node_39,13,0,15,13,15,,,,,,,,,
0,VISIT,32,Random,OnArrival,3,53,3402,Node_110,25,0,6,25,6,,,,,,,,,
0,VISIT,37,Random,OnArrival,3,14,3403,Node_290,13,0,18,13,18,,,,,,,,,
0,VISIT,38,Random,OnArrival,3,14,3403,Node_213,11,0,6,11,6,,,,,,,,,
0,VISIT,40,Random,OnArrival,3,13,3403,Node_293,13,0,16,13,16,,,,,,,,,
0,VISIT,32,Random,OnArrival,3,54,3410,Node_155,26,0,6,26,6,,,,,,,,,
0,VISIT,37,Random,OnArrival,3,15,3411,Node_297,12,0,18,12,18,,,,,,,,,
0,VISIT,38,Random,OnArrival,3,15,3411,Node_214,11,0,5,11,5,,,,,,,,,
0,VISIT,40,Random,OnArrival,3,14,3411,Node_292,13,0,17,13,17,,,,,,,,,
0,VISIT,37,Random,OnArrival,3,16,3419,Node_290,13,0,18,13,18,,,,,,,,,
0,VISIT,38,Random,OnArrival,3,16,3419,Node_356,10,0,5,10,5,,,,,,,,,
0,VISIT,40,Random,OnArrival,3,15,3419,Node_290,13,0,18,13,18,,,,,,,,,
0,VISIT,34,Random,OnArrival,3,36,3423,Node_324,7,0,20,7,20,,,,,,,,,
0,VISIT,37,Random,OnArrival,3,17,3427,Node_289,14,0,18,14,18,,,,,,,,,
0,VISIT,40,Random,OnArrival,3,16,3427,Node_289,14,0,18,14,18,,,,,,,,,
0,VISIT,34,Random,OnArrival,3,37,3431,Node_323,7,0,19,7,19,,,,,,,,,
0,VISIT,32,Random,OnArrival,3,55,3434,Node_157,26,0,5,26,5,,,,,,,,,
0,VISIT,34,Random,OnArrival,3,38,3439,Node_326,6,0,19,6,19,,,,,,,,,
0,VISIT,32,Random,OnArrival,3,56,3442,Node_113,25,0,5,25,5,,,,,,,,,
0,VISIT,34,Random,OnArrival,3,39,3447,Node_339,5,0,19,5,19,,,,,,,,,
0,VISIT,32,Random,OnArrival,3,57,3450,Node_116,24,0,5,24,5,,,,,,,,,
0,VISIT,37,Random,OnArrival,3,18,3451,Node_236,15,0,20,15,20,,,,,,,,,
0,VISIT,40,Random,OnArrival,3,17,3451,Node_236,15,0,20,15,20,,,,,,,,,
0,VISIT,34,Random,OnArrival,3,40,3455,Node_337,5,0,18,5,18,,,,,,,,,
0,VISIT,32,Random,OnArrival,3,58,3458,Node_142,23,0,5,23,5,,,,,,,,,
0,VISIT,37,Random,OnArrival,3,19,3459,Node_286,14,0,20,14,20,,,,,,,,,
0,VISIT,40,Random,OnArrival,3,18,3459,Node_286,14,0,20,14,20,,,,,,,,,
0,VISIT,34,Random,OnArrival,3,41,3463,Node_327,6,0,18,6,18,,,,,,,,,
0,VISIT,32,Random,OnArrival,3,59,3466,Node_143,23,0,4,23,4,,,,,,,,,
0,VISIT,37,Random,OnArrival,3,20,3467,Node_245,14,0,21,14,21,,,,,,,,,
0,VISIT,38,Random,OnArrival,3,17,3467,Node_375,8,0,7,8,7,,,,,,,,,
0,VISIT,40,Random,OnArrival,3,19,3467,Node_245,14,0,21,14,21,,,,,,,,,
0,VISIT,34,Random,OnArrival,3,42,3471,Node_328,6,0,17,6,17,,,,,,,,,
0,VISIT,32,Random,OnArrival,3,60,3474,Node_159,24,0,4,24,4,,,,,,,,,
0,VISIT,37,Random,OnArrival,3,21,3475,Node_244,14,0,22,14,22,,,,,,,,,
0,VISIT,40,Random,OnArrival,3,20,3475,Node_244,14,0,22,14,22,,,,,,,,,
0,VISIT,34,Random,OnArrival,3,43,3479,Node_335,5,0,17,5,17,,,,,,,,,
0,VISIT,32,Random,OnArrival,3,61,3482,Node_116,24,0,5,24,5,,,,,,,,,
0,VISIT,37,Random,OnArrival,3,22,3483,Node_238,15,0,22,15,22,,,,,,,,,
0,VISIT,40,Random,OnArrival,3,21,3483,Node_238,15,0,22,15,22,,,,,,,,,
0,VISIT,32,Random,OnArrival,3,62,3490,Node_113,25,0,5,25,5,,,,,,,,,
0,VISIT,37,Random,OnArrival,3,23,3491,Node_239,15,0,23,15,23,,,,,,,,,
0,VISIT,40,Random,OnArrival,3,22,3491,Node_239,15,0,23,15,23,,,,,,,,,
0,VISIT,32,Random,OnArrival,3,63,3498,Node_157,26,0,5,26,5,,,,,,,,,
0,VISIT,37,Random,OnArrival,3,24,3499,Node_243,14,0,23,14,23,,,,,,,,,
0,VISIT,40,Random,OnArrival,3,23,3499,Node_243,14,0,23,14,23,,,,,,,,,
0,VISIT,32,Random,OnArrival,3,64,3506,Node_366,27,0,5,27,5,,,,,,,,,
0,VISIT,37,Random,OnArrival,3,25,3507,Node_280,13,0,23,13,23,,,,,,,,,
0,VISIT,40,Random,OnArrival,3,24,3507,Node_244,14,0,22,14,22,,,,,,,,,
0,VISIT,37,Random,OnArrival,3,26,3515,Node_284,12,0,23,12,23,,,,,,,,,
0,VISIT,40,Random,OnArrival,3,25,3515,Node_245,14,0,21,14,21,,,,,,,,,
0,VISIT,37,Random,OnArrival,3,27,3523,Node_305,11,0,23,11,23,,,,,,,,,
0,VISIT,40,Random,OnArrival,3,26,3523,Node_286,14,0,20,14,20,,,,,,,,,
0,VISIT,37,Random,OnArrival,3,28,3532,Node_307,11,0,24,11,24,,,,,,,,,
0,VISIT,40,Random,OnArrival,3,27,3532,Node_288,14,0,19,14,19,,,,,,,,,
0,VISIT,41,Random,OnArrival,3,0,3533,Node_6,19,0,12,19,12,,,,,,,,,
0,VISIT,42,Random,OnArrival,3,0,3533,Node_7,19,0,8,19,8,,,,,,,,,
0,VISIT,43,Random,OnArrival,3,0,3533,Node_8,17,0,10,17,10,,,,,,,,,
0,VISIT,44,Random,OnArrival,3,0,3533,Node_9,21,0,10,21,10,,,,,,,,,
0,VISIT,37,Random,OnArrival,3,29,3538,Node_314,10,0,24,10,24,,,,,,,,,
0,VISIT,40,Random,OnArrival,3,28,3538,Node_372,15,0,19,15,19,,,,,,,,,
0,VISIT,41,Random,OnArrival,3,1,3539,Node_2,19,0,11,19,11,,,,,,,,,
0,VISIT,42,Random,OnArrival,3,1,3539,Node_47,20,0,8,20,8,,,,,,,,,
0,VISIT,43,Random,OnArrival,3,1,3539,Node_4,18,0,10,18,10,,,,,,,,,
0,VISIT,44,Random,OnArrival,3,1,3539,Node_48,21,0,9,21,9,,,,,,,,,
0,VISIT,37,Random,OnArrival,3,30,3544,Node_317,9,0,24,9,24,,,,,,,,,
0,VISIT,40,Random,OnArrival,3,29,3544,Node_236,15,0,20,15,20,,,,,,,,,
0,VISIT,41,Random,OnArrival,3,2,3546,Node_20,19,0,10,19,10,,,,,,,,,
0,VISIT,42,Random,OnArrival,3,2,3546,Node_51,21,0,8,21,8,,,,,,,,,
0,VISIT,43,Random,OnArrival,3,2,3546,Node_15,18,0,9,18,9,,,,,,,,,
0,VISIT,44,Random,OnArrival,3,2,3546,Node_73,22,0,9,22,9,,,,,,,,,
0,VISIT,37,Random,OnArrival,3,31,3551,Node_319,9,0,25,9,25,,,,,,,,,
0,VISIT,40,Random,OnArrival,3,30,3551,Node_100,16,0,20,16,20,,,,,,,,,
0,VISIT,41,Random,OnArrival,3,3,3554,Node_5,20,0,10,20,10,,,,,,,,,
0,VISIT,42,Random,OnArrival,3,3,3554,Node_53,21,0,7,21,7,,,,,,,,,
0,VISIT,43,Random,OnArrival,3,3,3554,Node_3,19,0,9,19,9,,,,,,,,,
0,VISIT,44,Random,OnArrival,3,3,3554,Node_89,23,0,9,23,9,,,,,,,,,
0,VISIT,40,Random,OnArrival,3,31,3558,Node_95,17,0,20,17,20,,,,,,,,,
0,VISIT,41,Random,OnArrival,3,4,3561,Node_9,21,0,10,21,10,,,,,,,,,
0,VISIT,42,Random,OnArrival,3,4,3561,Node_56,21,0,6,21,6,,,,,,,,,
0,VISIT,43,Random,OnArrival,3,4,3561,Node_50,20,0,9,20,9,,,,,,,,,
0,VISIT,40,Random,OnArrival,3,32,3565,Node_94,17,0,19,17,19,,,,,,,,,
0,VISIT,41,Random,OnArrival,3,5,3568,Node_48,21,0,9,21,9,,,,,,,,,
0,VISIT,42,Random,OnArrival,3,5,3568,Node_57,21,0,5,21,5,,,,,,,,,
0,VISIT,43,Random,OnArrival,3,5,3568,Node_48,21,0,9,21,9,,,,,,,,,
0,VISIT,44,Random,OnArrival,3,4,3568,Node_102,25,0,9,25,9,,,,,,,,,
0,VISIT,40,Random,OnArrival,3,33,3572,Node_93,17,0,18,17,18,,,,,,,,,
0,VISIT,41,Random,OnArrival,3,6,3576,Node_73,22,0,9,22,9,,,,,,,,,
0,VISIT,42,Random,OnArrival,3,6,3576,Node_59,21,0,4,21,4,,,,,,,,,
0,VISIT,43,Random,OnArrival,3,6,3576,Node_73,22,0,9,22,9,,,,,,,,,
0,VISIT,44,Random,OnArrival,3,5,3576,Node_144,26,0,9,26,9,,,,,,,,,
0,VISIT,40,Random,OnArrival,3,34,3579,Node_106,18,0,18,18,18,,,,,,,,,
0,VISIT,41,Random,OnArrival,3,7,3584,Node_89,23,0,9,23,9,,,,,,,,,
0,VISIT,42,Random,OnArrival,3,7,3584,Node_63,20,0,4,20,4,,,,,,,,,
0,VISIT,43,Random,OnArrival,3,7,3584,Node_89,23,0,9,23,9,,,,,,,,,
0,VISIT,44,Random,OnArrival,3,6,3584,Node_353,27,0,9,27,9,,,,,,,,,
0,VISIT,40,Random,OnArrival,3,35,3594,Node_145,20,0,18,20,18,,,,,,,,,
0,VISIT,41,Random,OnArrival,3,8,3599,Node_102,25,0,9,25,9,,,,,,,,,
0,VISIT,42,Random,OnArrival,3,8,3599,Node_130,19,0,5,19,5,,,,,,,,,
0,VISIT,43,Random,OnArrival,3,8,3599,Node_102,25,0,9,25,9,,,,,,,,,
0,VISIT,40,Random,OnArrival,3,36,3601,Node_30,21,0,18,21,18,,,,,,,,,
0,VISIT,41,Random,OnArrival,3,9,3606,Node_144,26,0,9,26,9,,,,,,,,,
0,VISIT,43,Random,OnArrival,3,9,3606,Node_144,26,0,9,26,9,,,,,,,,,
0,VISIT,37,Random,OnArrival,3,32,3608,Node_393,6,0,22,6,22,,,,,,,,,
0,VISIT,41,Random,OnArrival,3,10,3614,Node_353,27,0,9,27,9,,,,,,,,,
0,VISIT,43,Random,OnArrival,3,10,3614,Node_353,27,0,9,27,9,,,,,,,,,
0,VISIT,40,Random,OnArrival,3,37,3616,Node_27,21,0,16,21,16,,,,,,,,,
0,VISIT,41,Random,OnArrival,3,11,3622,Node_352,27,0,10,27,10,,,,,,,,,
0,VISIT,42,Random,OnArrival,3,9,3622,Node_251,17,0,4,17,4,,,,,,,,,
0,VISIT,43,Random,OnArrival,3,11,3622,Node_352,27,0,10,27,10,,,,,,,,,
0,VISIT,40,Random,OnArrival,3,38,3624,Node_25,21,0,15,21,15,,,,,,,,,
0,VISIT,41,Random,OnArrival,3,12,3630,Node_394,28,0,10,28,10,,,,,,,,,
0,VISIT,42,Random,OnArrival,3,10,3630,Node_210,16,0,4,16,4,,,,,,,,,
0,VISIT,43,Random,OnArrival,3,12,3630,Node_394,28,0,10,28,10,,,,,,,,,
0,VISIT,44,Random,OnArrival,3,7,3630,Node_349,27,0,13,27,13,,,,,,,,,
0,VISIT,37,Random,OnArrival,3,33,3632,Node_390,6,0,23,6,23,,,,,,,,,
0,VISIT,40,Random,OnArrival,3,39,3632,Node_22,21,0,14,21,14,,,,,,,,,
0,VISIT,41,Random,OnArrival,3,13,3638,Node_352,27,0,10,27,10,,,,,,,,,
0,VISIT,42,Random,OnArrival,3,11,3638,Node_184,15,0,4,15,4,,,,,,,,,
0,VISIT,43,Random,OnArrival,3,13,3638,Node_352,27,0,10,27,10,,,,,,,,,
0,VISIT,44,Random,OnArrival,3,8,3638,Node_178,26,0,13,26,13,,,,,,,,,
0,VISIT,37,Random,OnArrival,3,34,3640,Node_389,6,0,24,6,24,,,,,,,,,
0,VISIT,40,Random,OnArrival,3,40,3640,Node_19,21,0,13,21,13,,,,,,,,,
0,VISIT,41,Random,OnArrival,3,14,3646,Node_351,27,0,11,27,11,,,,,,,,,
0,VISIT,42,Random,OnArrival,3,12,3646,Node_187,15,0,3,15,3,,,,,,,,,
0,VISIT,43,Random,OnArrival,3,14,3646,Node_351,27,0,11,27,11,,,,,,,,,
0,VISIT,44,Random,OnArrival,3,9,3646,Node_349,27,0,13,27,13,,,,,,,,,
0,VISIT,40,Random,OnArrival,3,41,3648,Node_17,21,0,12,21,12,,,,,,,,,
0,VISIT,41,Random,OnArrival,3,15,3654,Node_397,28,0,11,28,11,,,,,,,,,
0,VISIT,42,Random,OnArrival,3,13,3654,Node_211,16,0,3,16,3,,,,,,,,,
0,VISIT,43,Random,OnArrival,3,15,3654,Node_397,28,0,11,28,11,,,,,,,,,
0,VISIT,44,Random,OnArrival,3,10,3654,Node_401,28,0,13,28,13,,,,,,,,,
0,VISIT,40,Random,OnArrival,3,42,3656,Node_13,21,0,11,21,11,,,,,,,,,
0,VISIT,41,Random,OnArrival,3,16,3662,Node_351,27,0,11,27,11,,,,,,,,,
0,VISIT,42,Random,OnArrival,3,14,3662,Node_210,16,0,4,16,4,,,,,,,,,
0,VISIT,43,Random,OnArrival,3,16,3662,Node_399,28,0,12,28,12,,,,,,,,,
0,VISIT,40,Random,OnArrival,3,43,3664,Node_9,21,0,10,21,10,,,,,,,,,
0,VISIT,41,Random,OnArrival,3,17,3670,Node_350,27,0,12,27,12,,,,,,,,,
0,VISIT,42,Random,OnArrival,3,15,3670,Node_251,17,0,4,17,4,,,,,,,,,
0,VISIT,43,Random,OnArrival,3,17,3670,Node_350,27,0,12,27,12,,,,,,,,,
0,VISIT,40,Random,OnArrival,3,44,3672,Node_48,21,0,9,21,9,,,,,,,,,
0,VISIT,41,Random,OnArrival,3,18,3678,Node_173,26,0,12,26,12,,,,,,,,,
0,VISIT,42,Random,OnArrival,3,16,3678,Node_398,18,0,4,18,4,,,,,,,,,
0,VISIT,43,Random,OnArrival,3,18,3678,Node_173,26,0,12,26,12,,,,,,,,,
0,VISIT,40,Random,OnArrival,3,45,3680,Node_73,22,0,9,22,9,,,,,,,,,
0,VISIT,41,Random,OnArrival,3,19,3686,Node_178,26,0,13,26,13,,,,,,,,,
0,VISIT,42,Random,OnArrival,3,17,3686,Node_391,19,0,4,19,4,,,,,,,,,
0,VISIT,43,Random,OnArrival,3,19,3686,Node_178,26,0,13,26,13,,,,,,,,,
0,VISIT,40,Random,OnArrival,3,46,3688,Node_89,23,0,9,23,9,,,,,,,,,
0,VISIT,41,Random,OnArrival,3,20,3694,Node_349,27,0,13,27,13,,,,,,,,,
0,VISIT,43,Random,OnArrival,3,20,3694,Node_349,27,0,13,27,13,,,,,,,,,
0,VISIT,41,Random,OnArrival,3,21,3702,Node_401,28,0,13,28,13,,,,,,,,,
0,VISIT,43,Random,OnArrival,3,21,3702,Node_401,28,0,13,28,13,,,,,,,,,
0,VISIT,40,Random,OnArrival,3,47,3704,Node_102,25,0,9,25,9,,,,,,,,,
0,VISIT,40,Random,OnArrival,3,48,3712,Node_144,26,0,9,26,9,,,,,,,,,
0,VISIT,41,Random,OnArrival,3,22,3718,Node_404,30,0,13,30,13,,,,,,,,,
0,VISIT,43,Random,OnArrival,3,22,3718,Node_404,30,0,13,30,13,,,,,,,,,
0,VISIT,40,Random,OnArrival,3,49,3720,Node_353,27,0,9,27,9,,,,,,,,,
0,VISIT,40,Random,OnArrival,3,50,3728,Node_392,28,0,9,28,9,,,,,,,,,
0,VISIT,41,Random,OnArrival,3,23,3734,Node_406,31,0,14,31,14,,,,,,,,,
0,VISIT,43,Random,OnArrival,3,23,3734,Node_406,31,0,14,31,14,,,,,,,,,
0,VISIT,41,Random,OnArrival,3,24,3742,Node_413,31,0,13,31,13,,,,,,,,,
0,VISIT,43,Random,OnArrival,3,24,3742,Node_413,31,0,13,31,13,,,,,,,,,
0,VISIT,45,Random,OnArrival,3,0,3764,Node_6,19,0,12,19,12,,,,,,,,,
0,VISIT,46,Random,OnArrival,3,0,3764,Node_7,19,0,8,19,8,,,,,,,,,
0,VISIT,47,Random,OnArrival,3,0,3764,Node_8,17,0,10,17,10,,,,,,,,,
0,VISIT,48,Random,OnArrival,3,0,3764,Node_9,21,0,10,21,10,,,,,,,,,
0,VISIT,40,Random,OnArrival,3,51,3768,Node_420,31,0,11,31,11,,,,,,,,,
0,VISIT,45,Random,OnArrival,3,1,3770,Node_2,19,0,11,19,11,,,,,,,,,
0,VISIT,46,Random,OnArrival,3,1,3770,Node_3,19,0,9,19,9,,,,,,,,,
0,VISIT,47,Random,OnArrival,3,1,3770,Node_4,18,0,10,18,10,,,,,,,,,
0,VISIT,48,Random,OnArrival,3,1,3770,Node_48,21,0,9,21,9,,,,,,,,,
0,VISIT,45,Random,OnArrival,3,2,3777,Node_20,19,0,10,19,10,,,,,,,,,
0,VISIT,46,Random,OnArrival,3,2,3777,Node_50,20,0,9,20,9,,,,,,,,,
0,VISIT,47,Random,OnArrival,3,2,3777,Node_15,18,0,9,18,9,,,,,,,,,
0,VISIT,48,Random,OnArrival,3,2,3777,Node_73,22,0,9,22,9,,,,,,,,,
0,VISIT,45,Random,OnArrival,3,3,3784,Node_5,20,0,10,20,10,,,,,,,,,
0,VISIT,46,Random,OnArrival,3,3,3784,Node_48,21,0,9,21,9,,,,,,,,,
0,VISIT,47,Random,OnArrival,3,3,3784,Node_3,19,0,9,19,9,,,,,,,,,
0,VISIT,48,Random,OnArrival,3,3,3784,Node_89,23,0,9,23,9,,,,,,,,,
0,VISIT,45,Random,OnArrival,3,4,3791,Node_9,21,0,10,21,10,,,,,,,,,
0,VISIT,46,Random,OnArrival,3,4,3791,Node_73,22,0,9,22,9,,,,,,,,,
0,VISIT,47,Random,OnArrival,3,4,3791,Node_50,20,0,9,20,9,,,,,,,,,
0,VISIT,40,Random,OnArrival,3,52,3797,Node_413,31,0,13,31,13,,,,,,,,,
0,VISIT,45,Random,OnArrival,3,5,3799,Node_48,21,0,9,21,9,,,,,,,,,
0,VISIT,46,Random,OnArrival,3,5,3799,Node_89,23,0,9,23,9,,,,,,,,,
0,VISIT,47,Random,OnArrival,3,5,3799,Node_48,21,0,9,21,9,,,,,,,,,
0,VISIT,48,Random,OnArrival,3,4,3799,Node_102,25,0,9,25,9,,,,,,,,,
0,VISIT,40,Random,OnArrival,3,53,3805,Node_418,31,0,12,31,12,,,,,,,,,
0,VISIT,45,Random,OnArrival,3,6,3807,Node_73,22,0,9,22,9,,,,,,,,,
0,VISIT,47,Random,OnArrival,3,6,3807,Node_73,22,0,9,22,9,,,,,,,,,
0,VISIT,48,Random,OnArrival,3,5,3807,Node_144,26,0,9,26,9,,,,,,,,,
0,VISIT,40,Random,OnArrival,3,54,3813,Node_426,32,0,12,32,12,,,,,,,,,
0,VISIT,45,Random,OnArrival,3,7,3815,Node_89,23,0,9,23,9,,,,,,,,,
0,VISIT,46,Random,OnArrival,3,6,3815,Node_102,25,0,9,25,9,,,,,,,,,
0,VISIT,47,Random,OnArrival,3,7,3815,Node_89,23,0,9,23,9,,,,,,,,,
0,VISIT,48,Random,OnArrival,3,6,3815,Node_353,27,0,9,27,9,,,,,,,,,
0,VISIT,40,Random,OnArrival,3,55,3821,Node_424,32,0,11,32,11,,,,,,,,,
0,VISIT,46,Random,OnArrival,3,7,3823,Node_144,26,0,9,26,9,,,,,,,,,
0,VISIT,48,Random,OnArrival,3,7,3823,Node_392,28,0,9,28,9,,,,,,,,,
0,VISIT,43,Random,OnArrival,3,25,3827,Node_417,30,0,9,30,9,,,,,,,,,
0,VISIT,45,Random,OnArrival,3,8,3831,Node_102,25,0,9,25,9,,,,,,,,,
0,VISIT,46,Random,OnArrival,3,8,3831,Node_353,27,0,9,27,9,,,,,,,,,
0,VISIT,47,Random,OnArrival,3,8,3831,Node_102,25,0,9,25,9,,,,,,,,,
0,VISIT,43,Random,OnArrival,3,26,3835,Node_423,31,0,9,31,9,,,,,,,,,
0,VISIT,45,Random,OnArrival,3,9,3839,Node_144,26,0,9,26,9,,,,,,,,,
0,VISIT,46,Random,OnArrival,3,9,3839,Node_392,28,0,9,28,9,,,,,,,,,
0,VISIT,47,Random,OnArrival,3,9,3839,Node_144,26,0,9,26,9,,,,,,,,,
0,VISIT,48,Random,OnArrival,3,8,3839,Node_417,30,0,9,30,9,,,,,,,,,
0,VISIT,43,Random,OnArrival,3,27,3843,Node_425,31,0,8,31,8,,,,,,,,,
0,VISIT,45,Random,OnArrival,3,10,3847,Node_353,27,0,9,27,9,,,,,,,,,
0,VISIT,47,Random,OnArrival,3,10,3847,Node_353,27,0,9,27,9,,,,,,,,,
0,VISIT,48,Random,OnArrival,3,9,3847,Node_432,30,0,8,30,8,,,,,,,,,
0,VISIT,43,Random,OnArrival,3,28,3851,Node_432,30,0,8,30,8,,,,,,,,,
0,VISIT,45,Random,OnArrival,3,11,3855,Node_392,28,0,9,28,9,,,,,,,,,
0,VISIT,46,Random,OnArrival,3,10,3855,Node_417,30,0,9,30,9,,,,,,,,,
0,VISIT,47,Random,OnArrival,3,11,3855,Node_392,28,0,9,28,9,,,,,,,,,
0,VISIT,48,Random,OnArrival,3,10,3855,Node_425,31,0,8,31,8,,,,,,,,,
0,VISIT,43,Random,OnArrival,3,29,3859,Node_417,30,0,9,30,9,,,,,,,,,
0,VISIT,46,Random,OnArrival,3,11,3863,Node_432,30,0,8,30,8,,,,,,,,,
0,VISIT,48,Random,OnArrival,3,11,3863,Node_432,30,0,8,30,8,,,,,,,,,
0,VISIT,43,Random,OnArrival,3,30,3867,Node_423,31,0,9,31,9,,,,,,,,,
0,VISIT,45,Random,OnArrival,3,12,3871,Node_417,30,0,9,30,9,,,,,,,,,
0,VISIT,46,Random,OnArrival,3,12,3871,Node_431,30,0,7,30,7,,,,,,,,,
0,VISIT,47,Random,OnArrival,3,12,3871,Node_417,30,0,9,30,9,,,,,,,,,
0,VISIT,48,Random,OnArrival,3,12,3871,Node_431,30,0,7,30,7,,,,,,,,,
0,VISIT,43,Random,OnArrival,3,31,3875,Node_422,31,0,10,31,10,,,,,,,,,
0,VISIT,45,Random,OnArrival,3,13,3879,Node_432,30,0,8,30,8,,,,,,,,,
0,VISIT,46,Random,OnArrival,3,13,3879,Node_427,31,0,7,31,7,,,,,,,,,
0,VISIT,47,Random,OnArrival,3,13,3879,Node_432,30,0,8,30,8,,,,,,,,,
0,VISIT,48,Random,OnArrival,3,13,3879,Node_427,31,0,7,31,7,,,,,,,,,
0,VISIT,43,Random,OnArrival,3,32,3883,Node_419,30,0,10,30,10,,,,,,,,,
0,VISIT,45,Random,OnArrival,3,14,3887,Node_431,30,0,7,30,7,,,,,,,,,
0,VISIT,47,Random,OnArrival,3,14,3887,Node_431,30,0,7,30,7,,,,,,,,,
0,VISIT,43,Random,OnArrival,3,33,3891,Node_417,30,0,9,30,9,,,,,,,,,
0,VISIT,45,Random,OnArrival,3,15,3895,Node_427,31,0,7,31,7,,,,,,,,,
0,VISIT,47,Random,OnArrival,3,15,3895,Node_427,31,0,7,31,7,,,,,,,,,
0,VISIT,43,Random,OnArrival,3,34,3899,Node_432,30,0,8,30,8,,,,,,,,,
0,VISIT,45,Random,OnArrival,3,16,3903,Node_429,31,0,6,31,6,,,,,,,,,
0,VISIT,47,Random,OnArrival,3,16,3903,Node_429,31,0,6,31,6,,,,,,,,,
0,VISIT,43,Random,OnArrival,3,35,3907,Node_431,30,0,7,30,7,,,,,,,,,
0,VISIT,45,Random,OnArrival,3,17,3911,Node_438,32,0,6,32,6,,,,,,,,,
0,VISIT,47,Random,OnArrival,3,17,3911,Node_438,32,0,6,32,6,,,,,,,,,
0,VISIT,43,Random,OnArrival,3,36,3915,Node_427,31,0,7,31,7,,,,,,,,,
0,VISIT,43,Random,OnArrival,3,37,3922,Node_429,31,0,6,31,6,,,,,,,,,
0,VISIT,43,Random,OnArrival,3,38,3930,Node_438,32,0,6,32,6,,,,,,,,,
0,VISIT,43,Random,OnArrival,3,39,3938,Node_439,32,0,5,32,5,,,,,,,,,
0,VISIT,45,Random,OnArrival,3,18,3942,Node_436,34,0,8,34,8,,,,,,,,,
0,VISIT,47,Random,OnArrival,3,18,3942,Node_436,34,0,8,34,8,,,,,,,,,
0,VISIT,43,Random,OnArrival,3,40,3952,Node_441,33,0,6,33,6,,,,,,,,,
0,VISIT,45,Random,OnArrival,3,19,3956,Node_443,33,0,7,33,7,,,,,,,,,
0,VISIT,47,Random,OnArrival,3,19,3956,Node_443,33,0,7,33,7,,,,,,,,,
0,VISIT,43,Random,OnArrival,3,41,3959,Node_438,32,0,6,32,6,,,,,,,,,
0,VISIT,45,Random,OnArrival,3,20,3964,Node_437,32,0,7,32,7,,,,,,,,,
0,VISIT,47,Random,OnArrival,3,20,3964,Node_437,32,0,7,32,7,,,,,,,,,
0,VISIT,43,Random,OnArrival,3,42,3967,Node_439,32,0,5,32,5,,,,,,,,,
0,VISIT,45,Random,OnArrival,3,21,3972,Node_427,31,0,7,31,7,,,,,,,,,
0,VISIT,46,Random,OnArrival,3,14,3972,Node_387,28,0,2,28,2,,,,,,,,,
0,VISIT,47,Random,OnArrival,3,21,3972,Node_438,32,0,6,32,6,,,,,,,,,
0,VISIT,48,Random,OnArrival,3,14,3972,Node_387,28,0,2,28,2,,,,,,,,,
0,VISIT,43,Random,OnArrival,3,43,3975,Node_440,32,0,4,32,4,,,,,,,,,
0,VISIT,45,Random,OnArrival,3,22,3981,Node_429,31,0,6,31,6,,,,,,,,,
0,VISIT,47,Random,OnArrival,3,22,3981,Node_439,32,0,5,32,5,,,,,,,,,
0,VISIT,49,Random,OnArrival,3,0,3986,Node_6,19,0,12,19,12,,,,,,,,,
0,VISIT,50,Random,OnArrival,3,0,3986,Node_7,19,0,8,19,8,,,,,,,,,
0,VISIT,51,Random,OnArrival,3,0,3986,Node_8,17,0,10,17,10,,,,,,,,,
0,VISIT,52,Random,OnArrival,3,0,3986,Node_9,21,0,10,21,10,,,,,,,,,
0,VISIT,45,Random,OnArrival,3,23,3988,Node_430,30,0,6,30,6,,,,,,,,,
0,VISIT,47,Random,OnArrival,3,23,3988,Node_440,32,0,4,32,4,,,,,,,,,
0,VISIT,43,Random,OnArrival,3,44,3990,Node_446,33,0,5,33,5,,,,,,,,,
0,VISIT,49,Random,OnArrival,3,1,3992,Node_2,19,0,11,19,11,,,,,,,,,
0,VISIT,50,Random,OnArrival,3,1,3992,Node_3,19,0,9,19,9,,,,,,,,,
0,VISIT,51,Random,OnArrival,3,1,3992,Node_4,18,0,10,18,10,,,,,,,,,
0,VISIT,52,Random,OnArrival,3,1,3992,Node_48,21,0,9,21,9,,,,,,,,,
0,VISIT,43,Random,OnArrival,3,45,3996,Node_439,32,0,5,32,5,,,,,,,,,
0,VISIT,47,Random,OnArrival,3,24,3996,Node_442,32,0,3,32,3,,,,,,,,,
0,VISIT,49,Random,OnArrival,3,2,3998,Node_20,19,0,10,19,10,,,,,,,,,
0,VISIT,50,Random,OnArrival,3,2,3998,Node_50,20,0,9,20,9,,,,,,,,,
0,VISIT,51,Random,OnArrival,3,2,3998,Node_15,18,0,9,18,9,,,,,,,,,
0,VISIT,52,Random,OnArrival,3,2,3998,Node_73,22,0,9,22,9,,,,,,,,,
0,VISIT,43,Random,OnArrival,3,46,4002,Node_440,32,0,4,32,4,,,,,,,,,
0,VISIT,49,Random,OnArrival,3,3,4004,Node_5,20,0,10,20,10,,,,,,,,,
0,VISIT,50,Random,OnArrival,3,3,4004,Node_48,21,0,9,21,9,,,,,,,,,
0,VISIT,51,Random,OnArrival,3,3,4004,Node_3,19,0,9,19,9,,,,,,,,,
0,VISIT,52,Random,OnArrival,3,3,4004,Node_89,23,0,9,23,9,,,,,,,,,
0,VISIT,43,Random,OnArrival,3,47,4008,Node_442,32,0,3,32,3,,,,,,,,,
0,VISIT,45,Random,OnArrival,3,24,4008,Node_385,28,0,5,28,5,,,,,,,,,
0,VISIT,47,Random,OnArrival,3,25,4008,Node_452,33,0,4,33,4,,,,,,,,,
0,VISIT,49,Random,OnArrival,3,4,4010,Node_9,21,0,10,21,10,,,,,,,,,
0,VISIT,50,Random,OnArrival,3,4,4010,Node_73,22,0,9,22,9,,,,,,,,,
0,VISIT,51,Random,OnArrival,3,4,4010,Node_50,20,0,9,20,9,,,,,,,,,
0,VISIT,49,Random,OnArrival,3,5,4017,Node_48,21,0,9,21,9,,,,,,,,,
0,VISIT,50,Random,OnArrival,3,5,4017,Node_89,23,0,9,23,9,,,,,,,,,
0,VISIT,51,Random,OnArrival,3,5,4017,Node_48,21,0,9,21,9,,,,,,,,,
0,VISIT,52,Random,OnArrival,3,4,4017,Node_102,25,0,9,25,9,,,,,,,,,
0,VISIT,45,Random,OnArrival,3,25,4021,Node_386,28,0,3,28,3,,,,,,,,,
0,VISIT,49,Random,OnArrival,3,6,4023,Node_73,22,0,9,22,9,,,,,,,,,
0,VISIT,51,Random,OnArrival,3,6,4023,Node_73,22,0,9,22,9,,,,,,,,,
0,VISIT,52,Random,OnArrival,3,5,4023,Node_144,26,0,9,26,9,,,,,,,,,
0,VISIT,43,Random,OnArrival,3,48,4028,Node_445,29,0,3,29,3,,,,,,,,,
0,VISIT,45,Random,OnArrival,3,26,4028,Node_445,29,0,3,29,3,,,,,,,,,
0,VISIT,49,Random,OnArrival,3,7,4030,Node_89,23,0,9,23,9,,,,,,,,,
0,VISIT,50,Random,OnArrival,3,6,4030,Node_102,25,0,9,25,9,,,,,,,,,
0,VISIT,51,Random,OnArrival,3,7,4030,Node_89,23,0,9,23,9,,,,,,,,,
0,VISIT,52,Random,OnArrival,3,6,4030,Node_353,27,0,9,27,9,,,,,,,,,
0,VISIT,43,Random,OnArrival,3,49,4034,Node_386,28,0,3,28,3,,,,,,,,,
0,VISIT,50,Random,OnArrival,3,7,4036,Node_104,25,0,8,25,8,,,,,,,,,
0,VISIT,52,Random,OnArrival,3,7,4036,Node_392,28,0,9,28,9,,,,,,,,,
0,VISIT,43,Random,OnArrival,3,50,4041,Node_387,28,0,2,28,2,,,,,,,,,
0,VISIT,49,Random,OnArrival,3,8,4043,Node_102,25,0,9,25,9,,,,,,,,,
0,VISIT,50,Random,OnArrival,3,8,4043,Node_107,25,0,7,25,7,,,,,,,,,
0,VISIT,51,Random,OnArrival,3,8,4043,Node_102,25,0,9,25,9,,,,,,,,,
0,VISIT,43,Random,OnArrival,3,51,4048,Node_448,29,0,2,29,2,,,,,,,,,
0,VISIT,45,Random,OnArrival,3,27,4048,Node_442,32,0,3,32,3,,,,,,,,,
0,VISIT,49,Random,OnArrival,3,9,4050,Node_104,25,0,8,25,8,,,,,,,,,
0,VISIT,50,Random,OnArrival,3,9,4050,Node_110,25,0,6,25,6,,,,,,,,,
0,VISIT,51,Random,OnArrival,3,9,4050,Node_104,25,0,8,25,8,,,,,,,,,
0,VISIT,52,Random,OnArrival,3,8,4050,Node_417,30,0,9,30,9,,,,,,,,,
0,VISIT,43,Random,OnArrival,3,52,4055,Node_449,29,0,1,29,1,,,,,,,,,
0,VISIT,45,Random,OnArrival,3,28,4055,Node_456,33,0,3,33,3,,,,,,,,,
0,VISIT,49,Random,OnArrival,3,10,4057,Node_107,25,0,7,25,7,,,,,,,,,
0,VISIT,50,Random,OnArrival,3,10,4057,Node_113,25,0,5,25,5,,,,,,,,,
0,VISIT,51,Random,OnArrival,3,10,4057,Node_107,25,0,7,25,7,,,,,,,,,
0,VISIT,52,Random,OnArrival,3,9,4057,Node_432,30,0,8,30,8,,,,,,,,,
0,VISIT,43,Random,OnArrival,3,53,4062,Node_450,28,0,1,28,1,,,,,,,,,
0,VISIT,49,Random,OnArrival,3,11,4064,Node_110,25,0,6,25,6,,,,,,,,,
0,VISIT,50,Random,OnArrival,3,11,4064,Node_116,24,0,5,24,5,,,,,,,,,
0,VISIT,51,Random,OnArrival,3,11,4064,Node_110,25,0,6,25,6,,,,,,,,,
0,VISIT,52,Random,OnArrival,3,10,4064,Node_431,30,0,7,30,7,,,,,,,,,
0,VISIT,49,Random,OnArrival,3,12,4072,Node_113,25,0,5,25,5,,,,,,,,,
0,VISIT,50,Random,OnArrival,3,12,4072,Node_159,24,0,4,24,4,,,,,,,,,
0,VISIT,51,Random,OnArrival,3,12,4072,Node_113,25,0,5,25,5,,,,,,,,,
0,VISIT,52,Random,OnArrival,3,11,4072,Node_427,31,0,7,31,7,,,,,,,,,
0,VISIT,49,Random,OnArrival,3,13,4080,Node_116,24,0,5,24,5,,,,,,,,,
0,VISIT,50,Random,OnArrival,3,13,4080,Node_160,24,0,3,24,3,,,,,,,,,
0,VISIT,51,Random,OnArrival,3,13,4080,Node_116,24,0,5,24,5,,,,,,,,,
0,VISIT,52,Random,OnArrival,3,12,4080,Node_437,32,0,7,32,7,,,,,,,,,
0,VISIT,49,Random,OnArrival,3,14,4088,Node_159,24,0,4,24,4,,,,,,,,,
0,VISIT,50,Random,OnArrival,3,14,4088,Node_146,23,0,3,23,3,,,,,,,,,
0,VISIT,51,Random,OnArrival,3,14,4088,Node_159,24,0,4,24,4,,,,,,,,,
0,VISIT,52,Random,OnArrival,3,13,4088,Node_443,33,0,7,33,7,,,,,,,,,
0,VISIT,43,Random,OnArrival,3,54,4092,Node_458,27,0,-2,27,-2,,,,,,,,,
0,VISIT,49,Random,OnArrival,3,15,4096,Node_160,24,0,3,24,3,,,,,,,,,
0,VISIT,50,Random,OnArrival,3,15,4096,Node_148,23,0,2,23,2,,,,,,,,,
0,VISIT,51,Random,OnArrival,3,15,4096,Node_160,24,0,3,24,3,,,,,,,,,
0,VISIT,52,Random,OnArrival,3,14,4096,Node_447,34,0,7,34,7,,,,,,,,,
0,VISIT,49,Random,OnArrival,3,16,4104,Node_179,25,0,3,25,3,,,,,,,,,
0,VISIT,50,Random,OnArrival,3,16,4104,Node_165,23,0,1,23,1,,,,,,,,,
0,VISIT,51,Random,OnArrival,3,16,4104,Node_179,25,0,3,25,3,,,,,,,,,
0,VISIT,49,Random,OnArrival,3,17,4112,Node_174,25,0,2,25,2,,,,,,,,,
0,VISIT,51,Random,OnArrival,3,17,4112,Node_174,25,0,2,25,2,,,,,,,,,
0,VISIT,43,Random,OnArrival,3,55,4113,Node_457,27,0,-1,27,-1,,,,,,,,,
0,VISIT,43,Random,OnArrival,3,56,4121,Node_477,28,0,-1,28,-1,,,,,,,,,
0,VISIT,49,Random,OnArrival,3,18,4128,Node_451,27,0,2,27,2,,,,,,,,,
0,VISIT,51,Random,OnArrival,3,18,4128,Node_451,27,0,2,27,2,,,,,,,,,
0,VISIT,49,Random,OnArrival,3,19,4135,Node_387,28,0,2,28,2,,,,,,,,,
0,VISIT,51,Random,OnArrival,3,19,4135,Node_453,27,0,1,27,1,,,,,,,,,
0,VISIT,49,Random,OnArrival,3,20,4142,Node_450,28,0,1,28,1,,,,,,,,,
0,VISIT,51,Random,OnArrival,3,20,4142,Node_450,28,0,1,28,1,,,,,,,,,
0,VISIT,52,Random,OnArrival,3,15,4142,Node_433,34,0,11,34,11,,,,,,,,,
0,VISIT,49,Random,OnArrival,3,21,4148,Node_453,27,0,1,27,1,,,,,,,,,
0,VISIT,51,Random,OnArrival,3,21,4148,Node_474,28,0,0,28,0,,,,,,,,,
0,VISIT,49,Random,OnArrival,3,22,4156,Node_455,27,0,0,27,0,,,,,,,,,
0,VISIT,51,Random,OnArrival,3,22,4156,Node_455,27,0,0,27,0,,,,,,,,,
0,VISIT,52,Random,OnArrival,3,16,4156,Node_424,32,0,11,32,11,,,,,,,,,
0,VISIT,49,Random,OnArrival,3,23,4164,Node_474,28,0,0,28,0,,,,,,,,,
0,VISIT,51,Random,OnArrival,3,23,4164,Node_457,27,0,-1,27,-1,,,,,,,,,
0,VISIT,52,Random,OnArrival,3,17,4164,Node_426,32,0,12,32,12,,,,,,,,,
0,VISIT,49,Random,OnArrival,3,24,4171,Node_477,28,0,-1,28,-1,,,,,,,,,
0,VISIT,51,Random,OnArrival,3,24,4171,Node_477,28,0,-1,28,-1,,,,,,,,,
0,VISIT,52,Random,OnArrival,3,18,4171,Node_428,32,0,13,32,13,,,,,,,,,
0,VISIT,49,Random,OnArrival,3,25,4178,Node_479,28,0,-2,28,-2,,,,,,,,,
0,VISIT,50,Random,OnArrival,3,17,4178,Node_165,23,0,1,23,1,,,,,,,,,
0,VISIT,51,Random,OnArrival,3,25,4178,Node_491,29,0,-1,29,-1,,,,,,,,,
0,VISIT,53,Random,OnArrival,3,0,4181,Node_6,19,0,12,19,12,,,,,,,,,
0,VISIT,54,Random,OnArrival,3,0,4181,Node_7,19,0,8,19,8,,,,,,,,,
0,VISIT,55,Random,OnArrival,3,0,4181,Node_8,17,0,10,17,10,,,,,,,,,
0,VISIT,56,Random,OnArrival,3,0,4181,Node_9,21,0,10,21,10,,,,,,,,,
0,VISIT,49,Random,OnArrival,3,26,4185,Node_494,29,0,-2,29,-2,,,,,,,,,
0,VISIT,50,Random,OnArrival,3,18,4185,Node_485,23,0,0,23,0,,,,,,,,,
0,VISIT,53,Random,OnArrival,3,1,4187,Node_2,19,0,11,19,11,,,,,,,,,
0,VISIT,54,Random,OnArrival,3,1,4187,Node_47,20,0,8,20,8,,,,,,,,,
0,VISIT,55,Random,OnArrival,3,1,4187,Node_4,18,0,10,18,10,,,,,,,,,
0,VISIT,56,Random,OnArrival,3,1,4187,Node_48,21,0,9,21,9,,,,,,,,,
0,VISIT,50,Random,OnArrival,3,19,4191,Node_498,22,0,0,22,0,,,,,,,,,
0,VISIT,53,Random,OnArrival,3,2,4193,Node_20,19,0,10,19,10,,,,,,,,,
0,VISIT,54,Random,OnArrival,3,2,4193,Node_51,21,0,8,21,8,,,,,,,,,
0,VISIT,55,Random,OnArrival,3,2,4193,Node_15,18,0,9,18,9,,,,,,,,,
0,VISIT,56,Random,OnArrival,3,2,4193,Node_51,21,0,8,21,8,,,,,,,,,
0,VISIT,53,Random,OnArrival,3,3,4199,Node_5,20,0,10,20,10,,,,,,,,,
0,VISIT,54,Random,OnArrival,3,3,4199,Node_53,21,0,7,21,7,,,,,,,,,
0,VISIT,55,Random,OnArrival,3,3,4199,Node_11,18,0,8,18,8,,,,,,,,,
0,VISIT,56,Random,OnArrival,3,3,4199,Node_53,21,0,7,21,7,,,,,,,,,
0,VISIT,53,Random,OnArrival,3,4,4205,Node_9,21,0,10,21,10,,,,,,,,,
0,VISIT,54,Random,OnArrival,3,4,4205,Node_56,21,0,6,21,6,,,,,,,,,
0,VISIT,55,Random,OnArrival,3,4,4205,Node_7,19,0,8,19,8,,,,,,,,,
0,VISIT,56,Random,OnArrival,3,4,4205,Node_56,21,0,6,21,6,,,,,,,,,
0,VISIT,50,Random,OnArrival,3,20,4211,Node_412,19,0,0,19,0,,,,,,,,,
0,VISIT,53,Random,OnArrival,3,5,4212,Node_48,21,0,9,21,9,,,,,,,,,
0,VISIT,54,Random,OnArrival,3,5,4212,Node_57,21,0,5,21,5,,,,,,,,,
0,VISIT,55,Random,OnArrival,3,5,4212,Node_47,20,0,8,20,8,,,,,,,,,
0,VISIT,56,Random,OnArrival,3,5,4212,Node_57,21,0,5,21,5,,,,,,,,,
0,VISIT,49,Random,OnArrival,3,27,4218,Node_509,30,0,-4,30,-4,,,,,,,,,
0,VISIT,53,Random,OnArrival,3,6,4219,Node_51,21,0,8,21,8,,,,,,,,,
0,VISIT,54,Random,OnArrival,3,6,4219,Node_64,20,0,5,20,5,,,,,,,,,
0,VISIT,55,Random,OnArrival,3,6,4219,Node_51,21,0,8,21,8,,,,,,,,,
0,VISIT,56,Random,OnArrival,3,6,4219,Node_64,20,0,5,20,5,,,,,,,,,
0,VISIT,49,Random,OnArrival,3,28,4225,Node_505,29,0,-4,29,-4,,,,,,,,,
0,VISIT,53,Random,OnArrival,3,7,4226,Node_53,21,0,7,21,7,,,,,,,,,
0,VISIT,54,Random,OnArrival,3,7,4226,Node_130,19,0,5,19,5,,,,,,,,,
0,VISIT,55,Random,OnArrival,3,7,4226,Node_53,21,0,7,21,7,,,,,,,,,
0,VISIT,56,Random,OnArrival,3,7,4226,Node_130,19,0,5,19,5,,,,,,,,,
0,VISIT,49,Random,OnArrival,3,29,4232,Node_502,29,0,-3,29,-3,,,,,,,,,
0,VISIT,53,Random,OnArrival,3,8,4233,Node_56,21,0,6,21,6,,,,,,,,,
0,VISIT,54,Random,OnArrival,3,8,4233,Node_396,18,0,5,18,5,,,,,,,,,
0,VISIT,55,Random,OnArrival,3,8,4233,Node_56,21,0,6,21,6,,,,,,,,,
0,VISIT,56,Random,OnArrival,3,8,4233,Node_396,18,0,5,18,5,,,,,,,,,
0,VISIT,49,Random,OnArrival,3,30,4240,Node_506,30,0,-3,30,-3,,,,,,,,,
0,VISIT,53,Random,OnArrival,3,9,4241,Node_57,21,0,5,21,5,,,,,,,,,
0,VISIT,54,Random,OnArrival,3,9,4241,Node_249,17,0,5,17,5,,,,,,,,,
0,VISIT,55,Random,OnArrival,3,9,4241,Node_57,21,0,5,21,5,,,,,,,,,
0,VISIT,56,Random,OnArrival,3,9,4241,Node_249,17,0,5,17,5,,,,,,,,,
0,VISIT,53,Random,OnArrival,3,10,4249,Node_64,20,0,5,20,5,,,,,,,,,
0,VISIT,54,Random,OnArrival,3,10,4249,Node_251,17,0,4,17,4,,,,,,,,,
0,VISIT,55,Random,OnArrival,3,10,4249,Node_64,20,0,5,20,5,,,,,,,,,
0,VISIT,56,Random,OnArrival,3,10,4249,Node_251,17,0,4,17,4,,,,,,,,,
0,VISIT,51,Random,OnArrival,3,26,4256,Node_481,33,0,-2,33,-2,,,,,,,,,
0,VISIT,53,Random,OnArrival,3,11,4257,Node_130,19,0,5,19,5,,,,,,,,,
0,VISIT,54,Random,OnArrival,3,11,4257,Node_398,18,0,4,18,4,,,,,,,,,
0,VISIT,55,Random,OnArrival,3,11,4257,Node_130,19,0,5,19,5,,,,,,,,,
0,VISIT,56,Random,OnArrival,3,11,4257,Node_398,18,0,4,18,4,,,,,,,,,
0,VISIT,51,Random,OnArrival,3,27,4264,Node_471,34,0,-2,34,-2,,,,,,,,,
0,VISIT,53,Random,OnArrival,3,12,4265,Node_396,18,0,5,18,5,,,,,,,,,
0,VISIT,54,Random,OnArrival,3,12,4265,Node_391,19,0,4,19,4,,,,,,,,,
0,VISIT,55,Random,OnArrival,3,12,4265,Node_396,18,0,5,18,5,,,,,,,,,
0,VISIT,56,Random,OnArrival,3,12,4265,Node_391,19,0,4,19,4,,,,,,,,,
0,VISIT,51,Random,OnArrival,3,28,4272,Node_469,34,0,-1,34,-1,,,,,,,,,
0,VISIT,53,Random,OnArrival,3,13,4273,Node_130,19,0,5,19,5,,,,,,,,,
0,VISIT,54,Random,OnArrival,3,13,4273,Node_407,19,0,3,19,3,,,,,,,,,
0,VISIT,55,Random,OnArrival,3,13,4273,Node_130,19,0,5,19,5,,,,,,,,,
0,VISIT,56,Random,OnArrival,3,13,4273,Node_407,19,0,3,19,3,,,,,,,,,
0,VISIT,51,Random,OnArrival,3,29,4280,Node_480,33,0,-1,33,-1,,,,,,,,,
0,VISIT,53,Random,OnArrival,3,14,4281,Node_391,19,0,4,19,4,,,,,,,,,
0,VISIT,54,Random,OnArrival,3,14,4281,Node_62,20,0,3,20,3,,,,,,,,,
0,VISIT,55,Random,OnArrival,3,14,4281,Node_391,19,0,4,19,4,,,,,,,,,
0,VISIT,56,Random,OnArrival,3,14,4281,Node_62,20,0,3,20,3,,,,,,,,,
0,VISIT,51,Random,OnArrival,3,30,4287,Node_469,34,0,-1,34,-1,,,,,,,,,
0,VISIT,53,Random,OnArrival,3,15,4289,Node_407,19,0,3,19,3,,,,,,,,,
0,VISIT,55,Random,OnArrival,3,15,4289,Node_407,19,0,3,19,3,,,,,,,,,
0,VISIT,53,Random,OnArrival,3,16,4296,Node_409,19,0,2,19,2,,,,,,,,,
0,VISIT,54,Random,OnArrival,3,15,4296,Node_409,19,0,2,19,2,,,,,,,,,
0,VISIT,55,Random,OnArrival,3,16,4296,Node_62,20,0,3,20,3,,,,,,,,,
0,VISIT,56,Random,OnArrival,3,15,4296,Node_409,19,0,2,19,2,,,,,,,,,
0,VISIT,53,Random,OnArrival,3,17,4304,Node_523,20,0,2,20,2,,,,,,,,,
0,VISIT,54,Random,OnArrival,3,16,4304,Node_411,19,0,1,19,1,,,,,,,,,
0,VISIT,55,Random,OnArrival,3,17,4304,Node_523,20,0,2,20,2,,,,,,,,,
0,VISIT,56,Random,OnArrival,3,16,4304,Node_411,19,0,1,19,1,,,,,,,,,
0,VISIT,51,Random,OnArrival,3,31,4310,Node_467,34,0,0,34,0,,,,,,,,,
0,VISIT,53,Random,OnArrival,3,18,4312,Node_409,19,0,2,19,2,,,,,,,,,
0,VISIT,55,Random,OnArrival,3,18,4312,Node_409,19,0,2,19,2,,,,,,,,,
0,VISIT,51,Random,OnArrival,3,32,4318,Node_478,33,0,0,33,0,,,,,,,,,
0,VISIT,53,Random,OnArrival,3,19,4320,Node_411,19,0,1,19,1,,,,,,,,,
0,VISIT,54,Random,OnArrival,3,17,4320,Node_513,18,0,0,18,0,,,,,,,,,
0,VISIT,55,Random,OnArrival,3,19,4320,Node_411,19,0,1,19,1,,,,,,,,,
0,VISIT,56,Random,OnArrival,3,17,4320,Node_513,18,0,0,18,0,,,,,,,,,
0,VISIT,53,Random,OnArrival,3,20,4328,Node_412,19,0,0,19,0,,,,,,,,,
0,VISIT,55,Random,OnArrival,3,20,4328,Node_412,19,0,0,19,0,,,,,,,,,
0,VISIT,55,Random,OnArrival,3,21,4336,Node_513,18,0,0,18,0,,,,,,,,,
0,VISIT,53,Random,OnArrival,3,21,4352,Node_498,22,0,0,22,0,,,,,,,,,
0,VISIT,53,Random,OnArrival,3,22,4360,Node_497,22,0,-1,22,-1,,,,,,,,,
0,VISIT,54,Random,OnArrival,3,18,4360,Node_531,17,0,0,17,0,,,,,,,,,
0,VISIT,55,Random,OnArrival,3,22,4360,Node_528,18,0,-1,18,-1,,,,,,,,,
0,VISIT,56,Random,OnArrival,3,18,4360,Node_528,18,0,-1,18,-1,,,,,,,,,
0,VISIT,53,Random,OnArrival,3,23,4368,Node_487,23,0,-1,23,-1,,,,,,,,,
0,VISIT,54,Random,OnArrival,3,19,4368,Node_513,18,0,0,18,0,,,,,,,,,
0,VISIT,55,Random,OnArrival,3,23,4368,Node_414,19,0,-1,19,-1,,,,,,,,,
0,VISIT,56,Random,OnArrival,3,19,4368,Node_414,19,0,-1,19,-1,,,,,,,,,
0,VISIT,53,Random,OnArrival,3,24,4376,Node_489,23,0,-2,23,-2,,,,,,,,,
0,VISIT,54,Random,OnArrival,3,20,4376,Node_528,18,0,-1,18,-1,,,,,,,,,
0,VISIT,55,Random,OnArrival,3,24,4376,Node_415,19,0,-2,19,-2,,,,,,,,,
0,VISIT,56,Random,OnArrival,3,20,4376,Node_415,19,0,-2,19,-2,,,,,,,,,
0,VISIT,53,Random,OnArrival,3,25,4384,Node_496,22,0,-2,22,-2,,,,,,,,,
0,VISIT,54,Random,OnArrival,3,21,4384,Node_414,19,0,-1,19,-1,,,,,,,,,
0,VISIT,55,Random,OnArrival,3,25,4384,Node_529,18,0,-2,18,-2,,,,,,,,,
0,VISIT,56,Random,OnArrival,3,21,4384,Node_529,18,0,-2,18,-2,,,,,,,,,
0,VISIT,57,Random,OnArrival,3,0,4384,Node_6,19,0,12,19,12,,,,,,,,,
0,VISIT,58,Random,OnArrival,3,0,4384,Node_7,19,0,8,19,8,,,,,,,,,
0,VISIT,59,Random,OnArrival,3,0,4384,Node_8,17,0,10,17,10,,,,,,,,,
0,VISIT,60,Random,OnArrival,3,0,4384,Node_9,21,0,10,21,10,,,,,,,,,
0,VISIT,53,Random,OnArrival,3,26,4389,Node_495,22,0,-3,22,-3,,,,,,,,,
0,VISIT,54,Random,OnArrival,3,22,4389,Node_415,19,0,-2,19,-2,,,,,,,,,
0,VISIT,55,Random,OnArrival,3,26,4389,Node_415,19,0,-2,19,-2,,,,,,,,,
0,VISIT,56,Random,OnArrival,3,22,4389,Node_530,17,0,-2,17,-2,,,,,,,,,
0,VISIT,57,Random,OnArrival,3,1,4389,Node_2,19,0,11,19,11,,,,,,,,,
0,VISIT,58,Random,OnArrival,3,1,4389,Node_47,20,0,8,20,8,,,,,,,,,
0,VISIT,59,Random,OnArrival,3,1,4389,Node_23,17,0,9,17,9,,,,,,,,,
0,VISIT,60,Random,OnArrival,3,1,4389,Node_48,21,0,9,21,9,,,,,,,,,
0,VISIT,57,Random,OnArrival,3,2,4395,Node_20,19,0,10,19,10,,,,,,,,,
0,VISIT,58,Random,OnArrival,3,2,4395,Node_51,21,0,8,21,8,,,,,,,,,
0,VISIT,59,Random,OnArrival,3,2,4395,Node_69,17,0,8,17,8,,,,,,,,,
0,VISIT,60,Random,OnArrival,3,2,4395,Node_51,21,0,8,21,8,,,,,,,,,
0,VISIT,56,Random,OnArrival,3,23,4401,Node_222,15,0,-2,15,-2,,,,,,,,,
0,VISIT,57,Random,OnArrival,3,3,4401,Node_5,20,0,10,20,10,,,,,,,,,
0,VISIT,58,Random,OnArrival,3,3,4401,Node_53,21,0,7,21,7,,,,,,,,,
0,VISIT,59,Random,OnArrival,3,3,4401,Node_162,17,0,7,17,7,,,,,,,,,
0,VISIT,60,Random,OnArrival,3,3,4401,Node_53,21,0,7,21,7,,,,,,,,,
0,VISIT,56,Random,OnArrival,3,24,4407,Node_268,14,0,-2,14,-2,,,,,,,,,
0,VISIT,57,Random,OnArrival,3,4,4407,Node_9,21,0,10,21,10,,,,,,,,,
0,VISIT,58,Random,OnArrival,3,4,4407,Node_56,21,0,6,21,6,,,,,,,,,
0,VISIT,59,Random,OnArrival,3,4,4407,Node_164,16,0,7,16,7,,,,,,,,,
0,VISIT,60,Random,OnArrival,3,4,4407,Node_56,21,0,6,21,6,,,,,,,,,
0,VISIT,56,Random,OnArrival,3,25,4413,Node_222,15,0,-2,15,-2,,,,,,,,,
0,VISIT,57,Random,OnArrival,3,5,4413,Node_48,21,0,9,21,9,,,,,,,,,
0,VISIT,58,Random,OnArrival,3,5,4413,Node_57,21,0,5,21,5,,,,,,,,,
0,VISIT,59,Random,OnArrival,3,5,4413,Node_206,16,0,6,16,6,,,,,,,,,
0,VISIT,60,Random,OnArrival,3,5,4413,Node_57,21,0,5,21,5,,,,,,,,,
0,VISIT,53,Random,OnArrival,3,27,4419,Node_538,20,0,-4,20,-4,,,,,,,,,
0,VISIT,56,Random,OnArrival,3,26,4419,Node_225,15,0,-3,15,-3,,,,,,,,,
0,VISIT,57,Random,OnArrival,3,6,4419,Node_51,21,0,8,21,8,,,,,,,,,
0,VISIT,58,Random,OnArrival,3,6,4419,Node_59,21,0,4,21,4,,,,,,,,,
0,VISIT,59,Random,OnArrival,3,6,4419,Node_208,16,0,5,16,5,,,,,,,,,
0,VISIT,60,Random,OnArrival,3,6,4419,Node_59,21,0,4,21,4,,,,,,,,,
0,VISIT,57,Random,OnArrival,3,7,4425,Node_53,21,0,7,21,7,,,,,,,,,
0,VISIT,58,Random,OnArrival,3,7,4425,Node_61,21,0,3,21,3,,,,,,,,,
0,VISIT,59,Random,OnArrival,3,7,4425,Node_210,16,0,4,16,4,,,,,,,,,
0,VISIT,60,Random,OnArrival,3,7,4425,Node_61,21,0,3,21,3,,,,,,,,,
0,VISIT,53,Random,OnArrival,3,28,4431,Node_416,19,0,-3,19,-3,,,,,,,,,
0,VISIT,55,Random,OnArrival,3,27,4431,Node_416,19,0,-3,19,-3,,,,,,,,,
0,VISIT,57,Random,OnArrival,3,8,4431,Node_56,21,0,6,21,6,,,,,,,,,
0,VISIT,58,Random,OnArrival,3,8,4431,Node_62,20,0,3,20,3,,,,,,,,,
0,VISIT,59,Random,OnArrival,3,8,4431,Node_211,16,0,3,16,3,,,,,,,,,
0,VISIT,60,Random,OnArrival,3,8,4431,Node_62,20,0,3,20,3,,,,,,,,,
0,VISIT,53,Random,OnArrival,3,29,4438,Node_536,20,0,-3,20,-3,,,,,,,,,
0,VISIT,55,Random,OnArrival,3,28,4438,Node_536,20,0,-3,20,-3,,,,,,,,,
0,VISIT,57,Random,OnArrival,3,9,4438,Node_57,21,0,5,21,5,,,,,,,,,
0,VISIT,58,Random,OnArrival,3,9,4438,Node_407,19,0,3,19,3,,,,,,,,,
0,VISIT,59,Random,OnArrival,3,9,4438,Node_187,15,0,3,15,3,,,,,,,,,
0,VISIT,60,Random,OnArrival,3,9,4438,Node_407,19,0,3,19,3,,,,,,,,,
0,VISIT,53,Random,OnArrival,3,30,4445,Node_538,20,0,-4,20,-4,,,,,,,,,
0,VISIT,55,Random,OnArrival,3,29,4445,Node_538,20,0,-4,20,-4,,,,,,,,,
0,VISIT,56,Random,OnArrival,3,27,4445,Node_274,14,0,-4,14,-4,,,,,,,,,
0,VISIT,57,Random,OnArrival,3,10,4445,Node_59,21,0,4,21,4,,,,,,,,,
0,VISIT,58,Random,OnArrival,3,10,4445,Node_409,19,0,2,19,2,,,,,,,,,
0,VISIT,59,Random,OnArrival,3,10,4445,Node_253,14,0,3,14,3,,,,,,,,,
0,VISIT,60,Random,OnArrival,3,10,4445,Node_409,19,0,2,19,2,,,,,,,,,
0,VISIT,53,Random,OnArrival,3,31,4452,Node_539,21,0,-4,21,-4,,,,,,,,,
0,VISIT,55,Random,OnArrival,3,30,4452,Node_540,20,0,-5,20,-5,,,,,,,,,
0,VISIT,56,Random,OnArrival,3,28,4452,Node_543,15,0,-4,15,-4,,,,,,,,,
0,VISIT,57,Random,OnArrival,3,11,4452,Node_61,21,0,3,21,3,,,,,,,,,
0,VISIT,58,Random,OnArrival,3,11,4452,Node_411,19,0,1,19,1,,,,,,,,,
0,VISIT,60,Random,OnArrival,3,11,4452,Node_411,19,0,1,19,1,,,,,,,,,
0,VISIT,53,Random,OnArrival,3,32,4459,Node_533,22,0,-4,22,-4,,,,,,,,,
0,VISIT,55,Random,OnArrival,3,31,4459,Node_537,21,0,-5,21,-5,,,,,,,,,
0,VISIT,56,Random,OnArrival,3,29,4459,Node_225,15,0,-3,15,-3,,,,,,,,,
0,VISIT,57,Random,OnArrival,3,12,4459,Node_62,20,0,3,20,3,,,,,,,,,
0,VISIT,58,Random,OnArrival,3,12,4459,Node_412,19,0,0,19,0,,,,,,,,,
0,VISIT,60,Random,OnArrival,3,12,4459,Node_412,19,0,0,19,0,,,,,,,,,
0,VISIT,53,Random,OnArrival,3,33,4466,Node_539,21,0,-4,21,-4,,,,,,,,,
0,VISIT,55,Random,OnArrival,3,32,4466,Node_540,20,0,-5,20,-5,,,,,,,,,
0,VISIT,56,Random,OnArrival,3,30,4466,Node_271,14,0,-3,14,-3,,,,,,,,,
0,VISIT,57,Random,OnArrival,3,13,4466,Node_407,19,0,3,19,3,,,,,,,,,
0,VISIT,60,Random,OnArrival,3,13,4466,Node_414,19,0,-1,19,-1,,,,,,,,,
0,VISIT,53,Random,OnArrival,3,34,4473,Node_538,20,0,-4,20,-4,,,,,,,,,
0,VISIT,55,Random,OnArrival,3,33,4473,Node_541,19,0,-5,19,-5,,,,,,,,,
0,VISIT,57,Random,OnArrival,3,14,4473,Node_409,19,0,2,19,2,,,,,,,,,
0,VISIT,60,Random,OnArrival,3,14,4473,Node_415,19,0,-2,19,-2,,,,,,,,,
0,VISIT,53,Random,OnArrival,3,35,4480,Node_542,19,0,-4,19,-4,,,,,,,,,
0,VISIT,57,Random,OnArrival,3,15,4480,Node_411,19,0,1,19,1,,,,,,,,,
0,VISIT,58,Random,OnArrival,3,13,4480,Node_498,22,0,0,22,0,,,,,,,,,
0,VISIT,59,Random,OnArrival,3,11,4480,Node_218,11,0,3,11,3,,,,,,,,,
0,VISIT,60,Random,OnArrival,3,15,4480,Node_416,19,0,-3,19,-3,,,,,,,,,
0,VISIT,57,Random,OnArrival,3,16,4486,Node_412,19,0,0,19,0,,,,,,,,,
0,VISIT,58,Random,OnArrival,3,14,4486,Node_497,22,0,-1,22,-1,,,,,,,,,
0,VISIT,59,Random,OnArrival,3,12,4486,Node_360,10,0,3,10,3,,,,,,,,,
0,VISIT,60,Random,OnArrival,3,16,4486,Node_542,19,0,-4,19,-4,,,,,,,,,
0,VISIT,53,Random,OnArrival,3,36,4493,Node_550,18,0,-5,18,-5,,,,,,,,,
0,VISIT,58,Random,OnArrival,3,15,4493,Node_496,22,0,-2,22,-2,,,,,,,,,
0,VISIT,59,Random,OnArrival,3,13,4493,Node_362,10,0,2,10,2,,,,,,,,,
0,VISIT,60,Random,OnArrival,3,17,4493,Node_541,19,0,-5,19,-5,,,,,,,,,
0,VISIT,58,Random,OnArrival,3,16,4500,Node_489,23,0,-2,23,-2,,,,,,,,,
0,VISIT,60,Random,OnArrival,3,18,4500,Node_550,18,0,-5,18,-5,,,,,,,,,
0,VISIT,53,Random,OnArrival,3,37,4508,Node_554,17,0,-4,17,-4,,,,,,,,,
0,VISIT,57,Random,OnArrival,3,17,4508,Node_498,22,0,0,22,0,,,,,,,,,
0,VISIT,60,Random,OnArrival,3,19,4508,Node_556,17,0,-5,17,-5,,,,,,,,,
0,VISIT,53,Random,OnArrival,3,38,4516,Node_556,17,0,-5,17,-5,,,,,,,,,
0,VISIT,55,Random,OnArrival,3,34,4516,Node_544,15,0,-5,15,-5,,,,,,,,,
0,VISIT,56,Random,OnArrival,3,31,4516,Node_229,11,0,-1,11,-1,,,,,,,,,
0,VISIT,57,Random,OnArrival,3,18,4516,Node_497,22,0,-1,22,-1,,,,,,,,,
0,VISIT,55,Random,OnArrival,3,35,4524,Node_543,15,0,-4,15,-4,,,,,,,,,
0,VISIT,56,Random,OnArrival,3,32,4524,Node_371,10,0,-1,10,-1,,,,,,,,,
0,VISIT,57,Random,OnArrival,3,19,4524,Node_496,22,0,-2,22,-2,,,,,,,,,
0,VISIT,58,Random,OnArrival,3,17,4524,Node_492,23,0,-3,23,-3,,,,,,,,,
0,VISIT,60,Random,OnArrival,3,20,4524,Node_544,15,0,-5,15,-5,,,,,,,,,
0,VISIT,53,Random,OnArrival,3,39,4531,Node_544,15,0,-5,15,-5,,,,,,,,,
0,VISIT,55,Random,OnArrival,3,36,4531,Node_225,15,0,-3,15,-3,,,,,,,,,
0,VISIT,57,Random,OnArrival,3,20,4531,Node_489,23,0,-2,23,-2,,,,,,,,,
0,VISIT,58,Random,OnArrival,3,18,4531,Node_489,23,0,-2,23,-2,,,,,,,,,
0,VISIT,60,Random,OnArrival,3,21,4531,Node_543,15,0,-4,15,-4,,,,,,,,,
0,VISIT,53,Random,OnArrival,3,40,4538,Node_543,15,0,-4,15,-4,,,,,,,,,
0,VISIT,55,Random,OnArrival,3,37,4538,Node_222,15,0,-2,15,-2,,,,,,,,,
0,VISIT,57,Random,OnArrival,3,21,4538,Node_559,24,0,-2,24,-2,,,,,,,,,
0,VISIT,58,Random,OnArrival,3,19,4538,Node_559,24,0,-2,24,-2,,,,,,,,,
0,VISIT,59,Random,OnArrival,3,14,4538,Node_373,8,0,6,8,6,,,,,,,,,
0,VISIT,60,Random,OnArrival,3,22,4538,Node_225,15,0,-3,15,-3,,,,,,,,,
0,VISIT,53,Random,OnArrival,3,41,4545,Node_225,15,0,-3,15,-3,,,,,,,,,
0,VISIT,55,Random,OnArrival,3,38,4545,Node_219,15,0,-1,15,-1,,,,,,,,,
0,VISIT,59,Random,OnArrival,3,15,4545,Node_379,7,0,6,7,6,,,,,,,,,
0,VISIT,60,Random,OnArrival,3,23,4545,Node_222,15,0,-2,15,-2,,,,,,,,,
0,VISIT,53,Random,OnArrival,3,42,4552,Node_222,15,0,-2,15,-2,,,,,,,,,
0,VISIT,55,Random,OnArrival,3,39,4552,Node_265,14,0,-1,14,-1,,,,,,,,,
0,VISIT,57,Random,OnArrival,3,22,4552,Node_482,26,0,-2,26,-2,,,,,,,,,
0,VISIT,58,Random,OnArrival,3,20,4552,Node_482,26,0,-2,26,-2,,,,,,,,,
0,VISIT,59,Random,OnArrival,3,16,4552,Node_373,8,0,6,8,6,,,,,,,,,
0,VISIT,60,Random,OnArrival,3,24,4552,Node_219,15,0,-1,15,-1,,,,,,,,,
0,VISIT,53,Random,OnArrival,3,43,4560,Node_219,15,0,-1,15,-1,,,,,,,,,
0,VISIT,55,Random,OnArrival,3,40,4560,Node_262,14,0,0,14,0,,,,,,,,,
0,VISIT,57,Random,OnArrival,3,23,4560,Node_470,26,0,-3,26,-3,,,,,,,,,
0,VISIT,58,Random,OnArrival,3,21,4560,Node_470,26,0,-3,26,-3,,,,,,,,,
0,VISIT,59,Random,OnArrival,3,17,4560,Node_562,8,0,5,8,5,,,,,,,,,
0,VISIT,60,Random,OnArrival,3,25,4560,Node_217,15,0,0,15,0,,,,,,,,,
0,VISIT,53,Random,OnArrival,3,44,4568,Node_265,14,0,-1,14,-1,,,,,,,,,
0,VISIT,57,Random,OnArrival,3,24,4568,Node_460,27,0,-3,27,-3,,,,,,,,,
0,VISIT,58,Random,OnArrival,3,22,4568,Node_460,27,0,-3,27,-3,,,,,,,,,
0,VISIT,59,Random,OnArrival,3,18,4568,Node_367,9,0,5,9,5,,,,,,,,,
0,VISIT,60,Random,OnArrival,3,26,4568,Node_262,14,0,0,14,0,,,,,,,,,
0,VISIT,53,Random,OnArrival,3,45,4576,Node_262,14,0,0,14,0,,,,,,,,,
0,VISIT,57,Random,OnArrival,3,25,4576,Node_458,27,0,-2,27,-2,,,,,,,,,
0,VISIT,58,Random,OnArrival,3,23,4576,Node_458,27,0,-2,27,-2,,,,,,,,,
0,VISIT,59,Random,OnArrival,3,19,4576,Node_356,10,0,5,10,5,,,,,,,,,
0,VISIT,61,Random,OnArrival,3,0,4577,Node_6,19,0,12,19,12,,,,,,,,,
0,VISIT,62,Random,OnArrival,3,0,4577,Node_7,19,0,8,19,8,,,,,,,,,
0,VISIT,63,Random,OnArrival,3,0,4577,Node_8,17,0,10,17,10,,,,,,,,,
0,VISIT,64,Random,OnArrival,3,0,4577,Node_9,21,0,10,21,10,,,,,,,,,
0,VISIT,57,Random,OnArrival,3,26,4581,Node_479,28,0,-2,28,-2,,,,,,,,,
0,VISIT,58,Random,OnArrival,3,24,4581,Node_479,28,0,-2,28,-2,,,,,,,,,
0,VISIT,59,Random,OnArrival,3,20,4581,Node_354,10,0,6,10,6,,,,,,,,,
0,VISIT,60,Random,OnArrival,3,27,4581,Node_565,12,0,0,12,0,,,,,,,,,
0,VISIT,61,Random,OnArrival,3,1,4582,Node_2,19,0,11,19,11,,,,,,,,,
0,VISIT,62,Random,OnArrival,3,1,4582,Node_11,18,0,8,18,8,,,,,,,,,
0,VISIT,63,Random,OnArrival,3,1,4582,Node_23,17,0,9,17,9,,,,,,,,,
0,VISIT,64,Random,OnArrival,3,1,4582,Node_5,20,0,10,20,10,,,,,,,,,
0,VISIT,53,Random,OnArrival,3,46,4587,Node_565,12,0,0,12,0,,,,,,,,,
0,VISIT,55,Random,OnArrival,3,41,4587,Node_229,11,0,-1,11,-1,,,,,,,,,
0,VISIT,57,Random,OnArrival,3,27,4587,Node_494,29,0,-2,29,-2,,,,,,,,,
0,VISIT,58,Random,OnArrival,3,25,4587,Node_494,29,0,-2,29,-2,,,,,,,,,
0,VISIT,59,Random,OnArrival,3,21,4587,Node_370,9,0,6,9,6,,,,,,,,,
0,VISIT,60,Random,OnArrival,3,28,4587,Node_227,11,0,0,11,0,,,,,,,,,
0,VISIT,61,Random,OnArrival,3,2,4588,Node_20,19,0,10,19,10,,,,,,,,,
0,VISIT,62,Random,OnArrival,3,2,4588,Node_69,17,0,8,17,8,,,,,,,,,
0,VISIT,63,Random,OnArrival,3,2,4588,Node_69,17,0,8,17,8,,,,,,,,,
0,VISIT,64,Random,OnArrival,3,2,4588,Node_50,20,0,9,20,9,,,,,,,,,
0,VISIT,53,Random,OnArrival,3,47,4593,Node_227,11,0,0,11,0,,,,,,,,,
0,VISIT,55,Random,OnArrival,3,42,4593,Node_371,10,0,-1,10,-1,,,,,,,,,
0,VISIT,57,Random,OnArrival,3,28,4593,Node_503,30,0,-2,30,-2,,,,,,,,,
0,VISIT,58,Random,OnArrival,3,26,4593,Node_503,30,0,-2,30,-2,,,,,,,,,
0,VISIT,59,Random,OnArrival,3,22,4593,Node_367,9,0,5,9,5,,,,,,,,,
0,VISIT,60,Random,OnArrival,3,29,4593,Node_368,10,0,0,10,0,,,,,,,,,
0,VISIT,61,Random,OnArrival,3,3,4594,Node_4,18,0,10,18,10,,,,,,,,,
0,VISIT,62,Random,OnArrival,3,3,4594,Node_162,17,0,7,17,7,,,,,,,,,
0,VISIT,63,Random,OnArrival,3,3,4594,Node_162,17,0,7,17,7,,,,,,,,,
0,VISIT,64,Random,OnArrival,3,3,4594,Node_47,20,0,8,20,8,,,,,,,,,
0,VISIT,53,Random,OnArrival,3,48,4599,Node_368,10,0,0,10,0,,,,,,,,,
0,VISIT,55,Random,OnArrival,3,43,4599,Node_368,10,0,0,10,0,,,,,,,,,
0,VISIT,57,Random,OnArrival,3,29,4599,Node_518,31,0,-2,31,-2,,,,,,,,,
0,VISIT,58,Random,OnArrival,3,27,4599,Node_518,31,0,-2,31,-2,,,,,,,,,
0,VISIT,59,Random,OnArrival,3,23,4599,Node_356,10,0,5,10,5,,,,,,,,,
0,VISIT,60,Random,OnArrival,3,30,4599,Node_371,10,0,-1,10,-1,,,,,,,,,
0,VISIT,61,Random,OnArrival,3,4,4600,Node_8,17,0,10,17,10,,,,,,,,,
0,VISIT,62,Random,OnArrival,3,4,4600,Node_164,16,0,7,16,7,,,,,,,,,
0,VISIT,63,Random,OnArrival,3,4,4600,Node_164,16,0,7,16,7,,,,,,,,,
0,VISIT,64,Random,OnArrival,3,4,4600,Node_7,19,0,8,19,8,,,,,,,,,
0,VISIT,53,Random,OnArrival,3,49,4605,Node_371,10,0,-1,10,-1,,,,,,,,,
0,VISIT,55,Random,OnArrival,3,44,4605,Node_365,10,0,1,10,1,,,,,,,,,
0,VISIT,57,Random,OnArrival,3,30,4605,Node_519,31,0,-1,31,-1,,,,,,,,,
0,VISIT,58,Random,OnArrival,3,28,4605,Node_519,31,0,-1,31,-1,,,,,,,,,
0,VISIT,59,Random,OnArrival,3,24,4605,Node_214,11,0,5,11,5,,,,,,,,,
0,VISIT,60,Random,OnArrival,3,31,4605,Node_229,11,0,-1,11,-1,,,,,,,,,
0,VISIT,61,Random,OnArrival,3,5,4606,Node_23,17,0,9,17,9,,,,,,,,,
0,VISIT,62,Random,OnArrival,3,5,4606,Node_206,16,0,6,16,6,,,,,,,,,
0,VISIT,63,Random,OnArrival,3,5,4606,Node_206,16,0,6,16,6,,,,,,,,,
0,VISIT,64,Random,OnArrival,3,5,4606,Node_11,18,0,8,18,8,,,,,,,,,
0,VISIT,55,Random,OnArrival,3,45,4611,Node_224,11,0,1,11,1,,,,,,,,,
0,VISIT,57,Random,OnArrival,3,31,4611,Node_500,30,0,-1,30,-1,,,,,,,,,
0,VISIT,58,Random,OnArrival,3,29,4611,Node_500,30,0,-1,30,-1,,,,,,,,,
0,VISIT,59,Random,OnArrival,3,25,4611,Node_135,12,0,5,12,5,,,,,,,,,
0,VISIT,60,Random,OnArrival,3,32,4611,Node_558,11,0,-2,11,-2,,,,,,,,,
0,VISIT,61,Random,OnArrival,3,6,4612,Node_69,17,0,8,17,8,,,,,,,,,
0,VISIT,62,Random,OnArrival,3,6,4612,Node_208,16,0,5,16,5,,,,,,,,,
0,VISIT,63,Random,OnArrival,3,6,4612,Node_208,16,0,5,16,5,,,,,,,,,
0,VISIT,64,Random,OnArrival,3,6,4612,Node_69,17,0,8,17,8,,,,,,,,,
0,VISIT,53,Random,OnArrival,3,50,4618,Node_563,8,0,-1,8,-1,,,,,,,,,
0,VISIT,55,Random,OnArrival,3,46,4618,Node_221,11,0,2,11,2,,,,,,,,,
0,VISIT,57,Random,OnArrival,3,32,4618,Node_519,31,0,-1,31,-1,,,,,,,,,
0,VISIT,58,Random,OnArrival,3,30,4618,Node_519,31,0,-1,31,-1,,,,,,,,,
0,VISIT,59,Random,OnArrival,3,26,4618,Node_214,11,0,5,11,5,,,,,,,,,
0,VISIT,60,Random,OnArrival,3,33,4618,Node_374,10,0,-2,10,-2,,,,,,,,,
0,VISIT,61,Random,OnArrival,3,7,4619,Node_162,17,0,7,17,7,,,,,,,,,
0,VISIT,62,Random,OnArrival,3,7,4619,Node_210,16,0,4,16,4,,,,,,,,,
0,VISIT,63,Random,OnArrival,3,7,4619,Node_210,16,0,4,16,4,,,,,,,,,
0,VISIT,64,Random,OnArrival,3,7,4619,Node_162,17,0,7,17,7,,,,,,,,,
0,VISIT,53,Random,OnArrival,3,51,4625,Node_564,8,0,-2,8,-2,,,,,,,,,
0,VISIT,55,Random,OnArrival,3,47,4625,Node_362,10,0,2,10,2,,,,,,,,,
0,VISIT,57,Random,OnArrival,3,33,4625,Node_520,31,0,0,31,0,,,,,,,,,
0,VISIT,58,Random,OnArrival,3,31,4625,Node_520,31,0,0,31,0,,,,,,,,,
0,VISIT,59,Random,OnArrival,3,27,4625,Node_356,10,0,5,10,5,,,,,,,,,
0,VISIT,60,Random,OnArrival,3,34,4625,Node_558,11,0,-2,11,-2,,,,,,,,,
0,VISIT,61,Random,OnArrival,3,8,4626,Node_164,16,0,7,16,7,,,,,,,,,
0,VISIT,62,Random,OnArrival,3,8,4626,Node_211,16,0,3,16,3,,,,,,,,,
0,VISIT,63,Random,OnArrival,3,8,4626,Node_211,16,0,3,16,3,,,,,,,,,
0,VISIT,64,Random,OnArrival,3,8,4626,Node_164,16,0,7,16,7,,,,,,,,,
0,VISIT,57,Random,OnArrival,3,34,4632,Node_527,32,0,0,32,0,,,,,,,,,
0,VISIT,58,Random,OnArrival,3,32,4632,Node_527,32,0,0,32,0,,,,,,,,,
0,VISIT,59,Random,OnArrival,3,28,4632,Node_358,10,0,4,10,4,,,,,,,,,
0,VISIT,60,Random,OnArrival,3,35,4632,Node_557,11,0,-3,11,-3,,,,,,,,,
0,VISIT,61,Random,OnArrival,3,9,4633,Node_206,16,0,6,16,6,,,,,,,,,
0,VISIT,62,Random,OnArrival,3,9,4633,Node_212,16,0,2,16,2,,,,,,,,,
0,VISIT,63,Random,OnArrival,3,9,4633,Node_212,16,0,2,16,2,,,,,,,,,
0,VISIT,64,Random,OnArrival,3,9,4633,Node_206,16,0,6,16,6,,,,,,,,,
0,VISIT,55,Random,OnArrival,3,48,4640,Node_560,8,0,2,8,2,,,,,,,,,
0,VISIT,57,Random,OnArrival,3,35,4640,Node_522,32,0,1,32,1,,,,,,,,,
0,VISIT,58,Random,OnArrival,3,33,4640,Node_522,32,0,1,32,1,,,,,,,,,
0,VISIT,59,Random,OnArrival,3,29,4640,Node_216,11,0,4,11,4,,,,,,,,,
0,VISIT,60,Random,OnArrival,3,36,4640,Node_376,10,0,-3,10,-3,,,,,,,,,
0,VISIT,61,Random,OnArrival,3,10,4641,Node_208,16,0,5,16,5,,,,,,,,,
0,VISIT,62,Random,OnArrival,3,10,4641,Node_190,15,0,2,15,2,,,,,,,,,
0,VISIT,63,Random,OnArrival,3,10,4641,Node_190,15,0,2,15,2,,,,,,,,,
0,VISIT,64,Random,OnArrival,3,10,4641,Node_208,16,0,5,16,5,,,,,,,,,
0,VISIT,57,Random,OnArrival,3,36,4648,Node_475,33,0,1,33,1,,,,,,,,,
0,VISIT,58,Random,OnArrival,3,34,4648,Node_475,33,0,1,33,1,,,,,,,,,
0,VISIT,59,Random,OnArrival,3,30,4648,Node_218,11,0,3,11,3,,,,,,,,,
0,VISIT,61,Random,OnArrival,3,11,4649,Node_210,16,0,4,16,4,,,,,,,,,
0,VISIT,62,Random,OnArrival,3,11,4649,Node_256,14,0,2,14,2,,,,,,,,,
0,VISIT,63,Random,OnArrival,3,11,4649,Node_256,14,0,2,14,2,,,,,,,,,
0,VISIT,64,Random,OnArrival,3,11,4649,Node_210,16,0,4,16,4,,,,,,,,,
0,VISIT,57,Random,OnArrival,3,37,4656,Node_465,34,0,1,34,1,,,,,,,,,
0,VISIT,58,Random,OnArrival,3,35,4656,Node_465,34,0,1,34,1,,,,,,,,,
0,VISIT,59,Random,OnArrival,3,31,4656,Node_221,11,0,2,11,2,,,,,,,,,
0,VISIT,61,Random,OnArrival,3,12,4657,Node_211,16,0,3,16,3,,,,,,,,,
0,VISIT,62,Random,OnArrival,3,12,4657,Node_547,13,0,2,13,2,,,,,,,,,
0,VISIT,63,Random,OnArrival,3,12,4657,Node_547,13,0,2,13,2,,,,,,,,,
0,VISIT,64,Random,OnArrival,3,12,4657,Node_211,16,0,3,16,3,,,,,,,,,
0,VISIT,57,Random,OnArrival,3,38,4664,Node_475,33,0,1,33,1,,,,,,,,,
0,VISIT,58,Random,OnArrival,3,36,4664,Node_463,34,0,2,34,2,,,,,,,,,
0,VISIT,59,Random,OnArrival,3,32,4664,Node_548,12,0,2,12,2,,,,,,,,,
0,VISIT,61,Random,OnArrival,3,13,4665,Node_212,16,0,2,16,2,,,,,,,,,
0,VISIT,62,Random,OnArrival,3,13,4665,Node_546,13,0,3,13,3,,,,,,,,,
0,VISIT,63,Random,OnArrival,3,13,4665,Node_548,12,0,2,12,2,,,,,,,,,
0,VISIT,64,Random,OnArrival,3,13,4665,Node_212,16,0,2,16,2,,,,,,,,,
0,VISIT,57,Random,OnArrival,3,39,4671,Node_472,33,0,2,33,2,,,,,,,,,
0,VISIT,58,Random,OnArrival,3,37,4671,Node_472,33,0,2,33,2,,,,,,,,,
0,VISIT,59,Random,OnArrival,3,33,4671,Node_549,12,0,3,12,3,,,,,,,,,
0,VISIT,60,Random,OnArrival,3,37,4671,Node_567,8,0,-5,8,-5,,,,,,,,,
0,VISIT,61,Random,OnArrival,3,14,4672,Node_190,15,0,2,15,2,,,,,,,,,
0,VISIT,62,Random,OnArrival,3,14,4672,Node_549,12,0,3,12,3,,,,,,,,,
0,VISIT,63,Random,OnArrival,3,14,4672,Node_547,13,0,2,13,2,,,,,,,,,
0,VISIT,64,Random,OnArrival,3,14,4672,Node_190,15,0,2,15,2,,,,,,,,,
0,VISIT,57,Random,OnArrival,3,40,4679,Node_463,34,0,2,34,2,,,,,,,,,
0,VISIT,58,Random,OnArrival,3,38,4679,Node_463,34,0,2,34,2,,,,,,,,,
0,VISIT,59,Random,OnArrival,3,34,4679,Node_546,13,0,3,13,3,,,,,,,,,
0,VISIT,61,Random,OnArrival,3,15,4679,Node_215,15,0,1,15,1,,,,,,,,,
0,VISIT,62,Random,OnArrival,3,15,4679,Node_548,12,0,2,12,2,,,,,,,,,
0,VISIT,63,Random,OnArrival,3,15,4679,Node_256,14,0,2,14,2,,,,,,,,,
0,VISIT,64,Random,OnArrival,3,15,4679,Node_256,14,0,2,14,2,,,,,,,,,
0,VISIT,55,Random,OnArrival,3,49,4687,Node_384,5,0,5,5,5,,,,,,,,,
0,VISIT,57,Random,OnArrival,3,41,4687,Node_472,33,0,2,33,2,,,,,,,,,
0,VISIT,58,Random,OnArrival,3,39,4687,Node_461,34,0,3,34,3,,,,,,,,,
0,VISIT,59,Random,OnArrival,3,35,4687,Node_253,14,0,3,14,3,,,,,,,,,
0,VISIT,61,Random,OnArrival,3,16,4687,Node_259,14,0,1,14,1,,,,,,,,,
0,VISIT,62,Random,OnArrival,3,16,4687,Node_547,13,0,2,13,2,,,,,,,,,
0,VISIT,63,Random,OnArrival,3,16,4687,Node_259,14,0,1,14,1,,,,,,,,,
0,VISIT,64,Random,OnArrival,3,16,4687,Node_259,14,0,1,14,1,,,,,,,,,
0,VISIT,57,Random,OnArrival,3,42,4693,Node_456,33,0,3,33,3,,,,,,,,,
0,VISIT,58,Random,OnArrival,3,40,4693,Node_456,33,0,3,33,3,,,,,,,,,
0,VISIT,59,Random,OnArrival,3,36,4693,Node_256,14,0,2,14,2,,,,,,,,,
0,VISIT,60,Random,OnArrival,3,38,4693,Node_572,5,0,-5,5,-5,,,,,,,,,
0,VISIT,61,Random,OnArrival,3,17,4693,Node_262,14,0,0,14,0,,,,,,,,,
0,VISIT,62,Random,OnArrival,3,17,4693,Node_256,14,0,2,14,2,,,,,,,,,
0,VISIT,63,Random,OnArrival,3,17,4693,Node_262,14,0,0,14,0,,,,,,,,,
0,VISIT,64,Random,OnArrival,3,17,4693,Node_262,14,0,0,14,0,,,,,,,,,
0,VISIT,57,Random,OnArrival,3,43,4700,Node_461,34,0,3,34,3,,,,,,,,,
0,VISIT,58,Random,OnArrival,3,41,4700,Node_452,33,0,4,33,4,,,,,,,,,
0,VISIT,59,Random,OnArrival,3,37,4700,Node_259,14,0,1,14,1,,,,,,,,,
0,VISIT,61,Random,OnArrival,3,18,4700,Node_265,14,0,-1,14,-1,,,,,,,,,
0,VISIT,62,Random,OnArrival,3,18,4700,Node_259,14,0,1,14,1,,,,,,,,,
0,VISIT,63,Random,OnArrival,3,18,4700,Node_265,14,0,-1,14,-1,,,,,,,,,
0,VISIT,64,Random,OnArrival,3,18,4700,Node_265,14,0,-1,14,-1,,,,,,,,,
0,VISIT,58,Random,OnArrival,3,42,4707,Node_459,34,0,4,34,4,,,,,,,,,
0,VISIT,59,Random,OnArrival,3,38,4707,Node_256,14,0,2,14,2,,,,,,,,,
0,VISIT,61,Random,OnArrival,3,19,4707,Node_268,14,0,-2,14,-2,,,,,,,,,
0,VISIT,62,Random,OnArrival,3,19,4707,Node_256,14,0,2,14,2,,,,,,,,,
0,VISIT,63,Random,OnArrival,3,19,4707,Node_268,14,0,-2,14,-2,,,,,,,,,
0,VISIT,64,Random,OnArrival,3,19,4707,Node_268,14,0,-2,14,-2,,,,,,,,,
0,VISIT,59,Random,OnArrival,3,39,4714,Node_547,13,0,2,13,2,,,,,,,,,
0,VISIT,61,Random,OnArrival,3,20,4714,Node_271,14,0,-3,14,-3,,,,,,,,,
0,VISIT,62,Random,OnArrival,3,20,4714,Node_547,13,0,2,13,2,,,,,,,,,
0,VISIT,63,Random,OnArrival,3,20,4714,Node_271,14,0,-3,14,-3,,,,,,,,,
0,VISIT,64,Random,OnArrival,3,20,4714,Node_271,14,0,-3,14,-3,,,,,,,,,
0,VISIT,57,Random,OnArrival,3,44,4721,Node_459,34,0,4,34,4,,,,,,,,,
0,VISIT,59,Random,OnArrival,3,40,4721,Node_548,12,0,2,12,2,,,,,,,,,
0,VISIT,62,Random,OnArrival,3,21,4721,Node_548,12,0,2,12,2,,,,,,,,,
0,VISIT,57,Random,OnArrival,3,45,4728,Node_577,35,0,4,35,4,,,,,,,,,
0,VISIT,59,Random,OnArrival,3,41,4728,Node_221,11,0,2,11,2,,,,,,,,,
0,VISIT,61,Random,OnArrival,3,21,4728,Node_551,12,0,-3,12,-3,,,,,,,,,
0,VISIT,62,Random,OnArrival,3,22,4728,Node_221,11,0,2,11,2,,,,,,,,,
0,VISIT,63,Random,OnArrival,3,21,4728,Node_551,12,0,-3,12,-3,,,,,,,,,
0,VISIT,64,Random,OnArrival,3,21,4728,Node_551,12,0,-3,12,-3,,,,,,,,,
0,VISIT,57,Random,OnArrival,3,46,4736,Node_576,35,0,3,35,3,,,,,,,,,
0,VISIT,58,Random,OnArrival,3,43,4736,Node_576,35,0,3,35,3,,,,,,,,,
0,VISIT,59,Random,OnArrival,3,42,4736,Node_362,10,0,2,10,2,,,,,,,,,
0,VISIT,61,Random,OnArrival,3,22,4736,Node_557,11,0,-3,11,-3,,,,,,,,,
0,VISIT,62,Random,OnArrival,3,23,4736,Node_362,10,0,2,10,2,,,,,,,,,
0,VISIT,63,Random,OnArrival,3,22,4736,Node_557,11,0,-3,11,-3,,,,,,,,,
0,VISIT,64,Random,OnArrival,3,22,4736,Node_557,11,0,-3,11,-3,,,,,,,,,
0,VISIT,57,Random,OnArrival,3,47,4744,Node_580,36,0,3,36,3,,,,,,,,,
0,VISIT,58,Random,OnArrival,3,44,4744,Node_580,36,0,3,36,3,,,,,,,,,
0,VISIT,61,Random,OnArrival,3,23,4744,Node_555,11,0,-4,11,-4,,,,,,,,,
0,VISIT,63,Random,OnArrival,3,23,4744,Node_376,10,0,-3,10,-3,,,,,,,,,
0,VISIT,64,Random,OnArrival,3,23,4744,Node_376,10,0,-3,10,-3,,,,,,,,,
0,VISIT,59,Random,OnArrival,3,43,4752,Node_560,8,0,2,8,2,,,,,,,,,
0,VISIT,62,Random,OnArrival,3,24,4752,Node_560,8,0,2,8,2,,,,,,,,,
0,VISIT,63,Random,OnArrival,3,24,4752,Node_568,10,0,-4,10,-4,,,,,,,,,
0,VISIT,64,Random,OnArrival,3,24,4752,Node_568,10,0,-4,10,-4,,,,,,,,,
0,VISIT,61,Random,OnArrival,3,24,4760,Node_570,10,0,-5,10,-5,,,,,,,,,
0,VISIT,63,Random,OnArrival,3,25,4760,Node_555,11,0,-4,11,-4,,,,,,,,,
0,VISIT,64,Random,OnArrival,3,25,4760,Node_555,11,0,-4,11,-4,,,,,,,,,
0,VISIT,59,Random,OnArrival,3,44,4768,Node_569,6,0,2,6,2,,,,,,,,,
0,VISIT,62,Random,OnArrival,3,25,4768,Node_569,6,0,2,6,2,,,,,,,,,
0,VISIT,63,Random,OnArrival,3,26,4768,Node_584,11,0,-5,11,-5,,,,,,,,,
0,VISIT,64,Random,OnArrival,3,26,4768,Node_584,11,0,-5,11,-5,,,,,,,,,
0,VISIT,65,Random,OnArrival,3,0,4774,Node_6,19,0,12,19,12,,,,,,,,,
0,VISIT,66,Random,OnArrival,3,0,4774,Node_7,19,0,8,19,8,,,,,,,,,
0,VISIT,67,Random,OnArrival,3,0,4774,Node_8,17,0,10,17,10,,,,,,,,,
0,VISIT,68,Random,OnArrival,3,0,4774,Node_9,21,0,10,21,10,,,,,,,,,
0,VISIT,61,Random,OnArrival,3,25,4775,Node_567,8,0,-5,8,-5,,,,,,,,,
0,VISIT,63,Random,OnArrival,3,27,4775,Node_570,10,0,-5,10,-5,,,,,,,,,
0,VISIT,64,Random,OnArrival,3,27,4775,Node_570,10,0,-5,10,-5,,,,,,,,,
0,VISIT,65,Random,OnArrival,3,1,4778,Node_2,19,0,11,19,11,,,,,,,,,
0,VISIT,66,Random,OnArrival,3,1,4778,Node_11,18,0,8,18,8,,,,,,,,,
0,VISIT,67,Random,OnArrival,3,1,4778,Node_23,17,0,9,17,9,,,,,,,,,
0,VISIT,68,Random,OnArrival,3,1,4778,Node_5,20,0,10,20,10,,,,,,,,,
0,VISIT,65,Random,OnArrival,3,2,4782,Node_20,19,0,10,19,10,,,,,,,,,
0,VISIT,66,Random,OnArrival,3,2,4782,Node_69,17,0,8,17,8,,,,,,,,,
0,VISIT,67,Random,OnArrival,3,2,4782,Node_69,17,0,8,17,8,,,,,,,,,
0,VISIT,68,Random,OnArrival,3,2,4782,Node_50,20,0,9,20,9,,,,,,,,,
0,VISIT,63,Random,OnArrival,3,28,4786,Node_567,8,0,-5,8,-5,,,,,,,,,
0,VISIT,64,Random,OnArrival,3,28,4786,Node_567,8,0,-5,8,-5,,,,,,,,,
0,VISIT,65,Random,OnArrival,3,3,4786,Node_4,18,0,10,18,10,,,,,,,,,
0,VISIT,66,Random,OnArrival,3,3,4786,Node_162,17,0,7,17,7,,,,,,,,,
0,VISIT,67,Random,OnArrival,3,3,4786,Node_162,17,0,7,17,7,,,,,,,,,
0,VISIT,68,Random,OnArrival,3,3,4786,Node_47,20,0,8,20,8,,,,,,,,,
0,VISIT,61,Random,OnArrival,3,26,4790,Node_572,5,0,-5,5,-5,,,,,,,,,
0,VISIT,65,Random,OnArrival,3,4,4790,Node_8,17,0,10,17,10,,,,,,,,,
0,VISIT,66,Random,OnArrival,3,4,4790,Node_164,16,0,7,16,7,,,,,,,,,
0,VISIT,67,Random,OnArrival,3,4,4790,Node_164,16,0,7,16,7,,,,,,,,,
0,VISIT,68,Random,OnArrival,3,4,4790,Node_7,19,0,8,19,8,,,,,,,,,
0,VISIT,65,Random,OnArrival,3,5,4794,Node_23,17,0,9,17,9,,,,,,,,,
0,VISIT,66,Random,OnArrival,3,5,4794,Node_206,16,0,6,16,6,,,,,,,,,
0,VISIT,67,Random,OnArrival,3,5,4794,Node_206,16,0,6,16,6,,,,,,,,,
0,VISIT,68,Random,OnArrival,3,5,4794,Node_11,18,0,8,18,8,,,,,,,,,
0,VISIT,61,Random,OnArrival,3,27,4798,Node_574,5,0,-3,5,-3,,,,,,,,,
0,VISIT,63,Random,OnArrival,3,29,4798,Node_564,8,0,-2,8,-2,,,,,,,,,
0,VISIT,64,Random,OnArrival,3,29,4798,Node_564,8,0,-2,8,-2,,,,,,,,,
0,VISIT,65,Random,OnArrival,3,6,4798,Node_69,17,0,8,17,8,,,,,,,,,
0,VISIT,66,Random,OnArrival,3,6,4798,Node_208,16,0,5,16,5,,,,,,,,,
0,VISIT,67,Random,OnArrival,3,6,4798,Node_208,16,0,5,16,5,,,,,,,,,
0,VISIT,68,Random,OnArrival,3,6,4798,Node_69,17,0,8,17,8,,,,,,,,,
0,VISIT,65,Random,OnArrival,3,7,4803,Node_162,17,0,7,17,7,,,,,,,,,
0,VISIT,66,Random,OnArrival,3,7,4803,Node_210,16,0,4,16,4,,,,,,,,,
0,VISIT,67,Random,OnArrival,3,7,4803,Node_210,16,0,4,16,4,,,,,,,,,
0,VISIT,68,Random,OnArrival,3,7,4803,Node_162,17,0,7,17,7,,,,,,,,,
0,VISIT,65,Random,OnArrival,3,8,4808,Node_164,16,0,7,16,7,,,,,,,,,
0,VISIT,66,Random,OnArrival,3,8,4808,Node_211,16,0,3,16,3,,,,,,,,,
0,VISIT,67,Random,OnArrival,3,8,4808,Node_211,16,0,3,16,3,,,,,,,,,
0,VISIT,68,Random,OnArrival,3,8,4808,Node_164,16,0,7,16,7,,,,,,,,,
0,VISIT,65,Random,OnArrival,3,9,4813,Node_206,16,0,6,16,6,,,,,,,,,
0,VISIT,66,Random,OnArrival,3,9,4813,Node_212,16,0,2,16,2,,,,,,,,,
0,VISIT,67,Random,OnArrival,3,9,4813,Node_212,16,0,2,16,2,,,,,,,,,
0,VISIT,68,Random,OnArrival,3,9,4813,Node_206,16,0,6,16,6,,,,,,,,,
0,VISIT,63,Random,OnArrival,3,30,4818,Node_574,5,0,-3,5,-3,,,,,,,,,
0,VISIT,64,Random,OnArrival,3,30,4818,Node_574,5,0,-3,5,-3,,,,,,,,,
0,VISIT,65,Random,OnArrival,3,10,4818,Node_208,16,0,5,16,5,,,,,,,,,
0,VISIT,66,Random,OnArrival,3,10,4818,Node_190,15,0,2,15,2,,,,,,,,,
0,VISIT,67,Random,OnArrival,3,10,4818,Node_190,15,0,2,15,2,,,,,,,,,
0,VISIT,68,Random,OnArrival,3,10,4818,Node_208,16,0,5,16,5,,,,,,,,,
0,VISIT,61,Random,OnArrival,3,28,4823,Node_597,3,0,0,3,0,,,,,,,,,
0,VISIT,64,Random,OnArrival,3,31,4823,Node_601,4,0,-3,4,-3,,,,,,,,,
0,VISIT,65,Random,OnArrival,3,11,4823,Node_210,16,0,4,16,4,,,,,,,,,
0,VISIT,66,Random,OnArrival,3,11,4823,Node_215,15,0,1,15,1,,,,,,,,,
0,VISIT,67,Random,OnArrival,3,11,4823,Node_215,15,0,1,15,1,,,,,,,,,
0,VISIT,68,Random,OnArrival,3,11,4823,Node_210,16,0,4,16,4,,,,,,,,,
0,VISIT,63,Random,OnArrival,3,31,4828,Node_572,5,0,-5,5,-5,,,,,,,,,
0,VISIT,64,Random,OnArrival,3,32,4828,Node_604,4,0,-2,4,-2,,,,,,,,,
0,VISIT,65,Random,OnArrival,3,12,4828,Node_211,16,0,3,16,3,,,,,,,,,
0,VISIT,66,Random,OnArrival,3,12,4828,Node_217,15,0,0,15,0,,,,,,,,,
0,VISIT,67,Random,OnArrival,3,12,4828,Node_217,15,0,0,15,0,,,,,,,,,
0,VISIT,68,Random,OnArrival,3,12,4828,Node_211,16,0,3,16,3,,,,,,,,,
0,VISIT,64,Random,OnArrival,3,33,4834,Node_608,3,0,-2,3,-2,,,,,,,,,
0,VISIT,65,Random,OnArrival,3,13,4834,Node_212,16,0,2,16,2,,,,,,,,,
0,VISIT,66,Random,OnArrival,3,13,4834,Node_262,14,0,0,14,0,,,,,,,,,
0,VISIT,67,Random,OnArrival,3,13,4834,Node_262,14,0,0,14,0,,,,,,,,,
0,VISIT,68,Random,OnArrival,3,13,4834,Node_212,16,0,2,16,2,,,,,,,,,
0,VISIT,61,Random,OnArrival,3,29,4840,Node_587,0,0,0,0,0,,,,,,,,,
0,VISIT,62,Random,OnArrival,3,26,4840,Node_595,-1,0,3,-1,3,,,,,,,,,
0,VISIT,65,Random,OnArrival,3,14,4840,Node_190,15,0,2,15,2,,,,,,,,,
0,VISIT,68,Random,OnArrival,3,14,4840,Node_190,15,0,2,15,2,,,,,,,,,
0,VISIT,64,Random,OnArrival,3,34,4847,Node_581,1,0,-2,1,-2,,,,,,,,,
0,VISIT,65,Random,OnArrival,3,15,4847,Node_256,14,0,2,14,2,,,,,,,,,
0,VISIT,66,Random,OnArrival,3,14,4847,Node_565,12,0,0,12,0,,,,,,,,,
0,VISIT,67,Random,OnArrival,3,14,4847,Node_565,12,0,0,12,0,,,,,,,,,
0,VISIT,68,Random,OnArrival,3,15,4847,Node_256,14,0,2,14,2,,,,,,,,,
0,VISIT,61,Random,OnArrival,3,30,4854,Node_583,0,0,-2,0,-2,,,,,,,,,
0,VISIT,62,Random,OnArrival,3,27,4854,Node_592,-1,0,1,-1,1,,,,,,,,,
0,VISIT,63,Random,OnArrival,3,32,4854,Node_579,1,0,-5,1,-5,,,,,,,,,
0,VISIT,65,Random,OnArrival,3,16,4854,Node_547,13,0,2,13,2,,,,,,,,,
0,VISIT,66,Random,OnArrival,3,15,4854,Node_227,11,0,0,11,0,,,,,,,,,
0,VISIT,67,Random,OnArrival,3,15,4854,Node_227,11,0,0,11,0,,,,,,,,,
0,VISIT,68,Random,OnArrival,3,16,4854,Node_547,13,0,2,13,2,,,,,,,,,
0,VISIT,65,Random,OnArrival,3,17,4861,Node_548,12,0,2,12,2,,,,,,,,,
0,VISIT,66,Random,OnArrival,3,16,4861,Node_224,11,0,1,11,1,,,,,,,,,
0,VISIT,67,Random,OnArrival,3,16,4861,Node_224,11,0,1,11,1,,,,,,,,,
0,VISIT,68,Random,OnArrival,3,17,4861,Node_548,12,0,2,12,2,,,,,,,,,
0,VISIT,64,Random,OnArrival,3,35,4868,Node_579,1,0,-5,1,-5,,,,,,,,,
0,VISIT,65,Random,OnArrival,3,18,4868,Node_221,11,0,2,11,2,,,,,,,,,
0,VISIT,66,Random,OnArrival,3,17,4868,Node_221,11,0,2,11,2,,,,,,,,,
0,VISIT,67,Random,OnArrival,3,17,4868,Node_221,11,0,2,11,2,,,,,,,,,
0,VISIT,68,Random,OnArrival,3,18,4868,Node_221,11,0,2,11,2,,,,,,,,,
0,VISIT,65,Random,OnArrival,3,19,4875,Node_362,10,0,2,10,2,,,,,,,,,
0,VISIT,66,Random,OnArrival,3,18,4875,Node_362,10,0,2,10,2,,,,,,,,,
0,VISIT,67,Random,OnArrival,3,18,4875,Node_362,10,0,2,10,2,,,,,,,,,
0,VISIT,68,Random,OnArrival,3,19,4875,Node_362,10,0,2,10,2,,,,,,,,,
0,VISIT,61,Random,OnArrival,3,31,4889,Node_619,-2,0,-5,-2,-5,,,,,,,,,
0,VISIT,63,Random,OnArrival,3,33,4889,Node_617,-2,0,-3,-2,-3,,,,,,,,,
0,VISIT,64,Random,OnArrival,3,36,4889,Node_619,-2,0,-5,-2,-5,,,,,,,,,
0,VISIT,65,Random,OnArrival,3,20,4889,Node_560,8,0,2,8,2,,,,,,,,,
0,VISIT,66,Random,OnArrival,3,19,4889,Node_560,8,0,2,8,2,,,,,,,,,
0,VISIT,67,Random,OnArrival,3,19,4889,Node_560,8,0,2,8,2,,,,,,,,,
0,VISIT,68,Random,OnArrival,3,20,4889,Node_560,8,0,2,8,2,,,,,,,,,
0,VISIT,61,Random,OnArrival,3,32,4903,Node_617,-2,0,-3,-2,-3,,,,,,,,,
0,VISIT,64,Random,OnArrival,3,37,4903,Node_617,-2,0,-3,-2,-3,,,,,,,,,
0,VISIT,65,Random,OnArrival,3,21,4903,Node_569,6,0,2,6,2,,,,,,,,,
0,VISIT,66,Random,OnArrival,3,20,4903,Node_569,6,0,2,6,2,,,,,,,,,
0,VISIT,67,Random,OnArrival,3,20,4903,Node_569,6,0,2,6,2,,,,,,,,,
0,VISIT,68,Random,OnArrival,3,21,4903,Node_569,6,0,2,6,2,,,,,,,,,
0,VISIT,61,Random,OnArrival,3,33,4911,Node_621,-3,0,-3,-3,-3,,,,,,,,,
0,VISIT,64,Random,OnArrival,3,38,4911,Node_621,-3,0,-3,-3,-3,,,,,,,,,
0,VISIT,65,Random,OnArrival,3,22,4911,Node_571,6,0,3,6,3,,,,,,,,,
0,VISIT,66,Random,OnArrival,3,21,4911,Node_571,6,0,3,6,3,,,,,,,,,
0,VISIT,67,Random,OnArrival,3,21,4911,Node_571,6,0,3,6,3,,,,,,,,,
0,VISIT,68,Random,OnArrival,3,22,4911,Node_571,6,0,3,6,3,,,,,,,,,
0,VISIT,65,Random,OnArrival,3,23,4919,Node_573,5,0,3,5,3,,,,,,,,,
0,VISIT,66,Random,OnArrival,3,22,4919,Node_573,5,0,3,5,3,,,,,,,,,
0,VISIT,67,Random,OnArrival,3,22,4919,Node_573,5,0,3,5,3,,,,,,,,,
0,VISIT,68,Random,OnArrival,3,23,4919,Node_573,5,0,3,5,3,,,,,,,,,
0,VISIT,63,Random,OnArrival,3,34,4926,Node_616,-3,0,1,-3,1,,,,,,,,,
0,VISIT,61,Random,OnArrival,3,34,4933,Node_623,-3,0,0,-3,0,,,,,,,,,
0,VISIT,63,Random,OnArrival,3,35,4933,Node_623,-3,0,0,-3,0,,,,,,,,,
0,VISIT,64,Random,OnArrival,3,39,4933,Node_623,-3,0,0,-3,0,,,,,,,,,
0,VISIT,65,Random,OnArrival,3,24,4933,Node_603,3,0,3,3,3,,,,,,,,,
0,VISIT,66,Random,OnArrival,3,23,4933,Node_603,3,0,3,3,3,,,,,,,,,
0,VISIT,67,Random,OnArrival,3,23,4933,Node_603,3,0,3,3,3,,,,,,,,,
0,VISIT,68,Random,OnArrival,3,24,4933,Node_603,3,0,3,3,3,,,,,,,,,
0,VISIT,69,Random,OnArrival,3,0,4936,Node_6,19,0,12,19,12,,,,,,,,,
0,VISIT,70,Random,OnArrival,3,0,4936,Node_7,19,0,8,19,8,,,,,,,,,
0,VISIT,71,Random,OnArrival,3,0,4936,Node_8,17,0,10,17,10,,,,,,,,,
0,VISIT,72,Random,OnArrival,3,0,4936,Node_9,21,0,10,21,10,,,,,,,,,
0,VISIT,69,Random,OnArrival,3,1,4940,Node_2,19,0,11,19,11,,,,,,,,,
0,VISIT,70,Random,OnArrival,3,1,4940,Node_11,18,0,8,18,8,,,,,,,,,
0,VISIT,71,Random,OnArrival,3,1,4940,Node_23,17,0,9,17,9,,,,,,,,,
0,VISIT,72,Random,OnArrival,3,1,4940,Node_5,20,0,10,20,10,,,,,,,,,
0,VISIT,65,Random,OnArrival,3,25,4944,Node_573,5,0,3,5,3,,,,,,,,,
0,VISIT,66,Random,OnArrival,3,24,4944,Node_573,5,0,3,5,3,,,,,,,,,
0,VISIT,67,Random,OnArrival,3,24,4944,Node_573,5,0,3,5,3,,,,,,,,,
0,VISIT,68,Random,OnArrival,3,25,4944,Node_573,5,0,3,5,3,,,,,,,,,
0,VISIT,69,Random,OnArrival,3,2,4944,Node_20,19,0,10,19,10,,,,,,,,,
0,VISIT,70,Random,OnArrival,3,2,4944,Node_69,17,0,8,17,8,,,,,,,,,
0,VISIT,71,Random,OnArrival,3,2,4944,Node_69,17,0,8,17,8,,,,,,,,,
0,VISIT,72,Random,OnArrival,3,2,4944,Node_50,20,0,9,20,9,,,,,,,,,
0,VISIT,69,Random,OnArrival,3,3,4948,Node_4,18,0,10,18,10,,,,,,,,,
0,VISIT,70,Random,OnArrival,3,3,4948,Node_162,17,0,7,17,7,,,,,,,,,
0,VISIT,71,Random,OnArrival,3,3,4948,Node_162,17,0,7,17,7,,,,,,,,,
0,VISIT,72,Random,OnArrival,3,3,4948,Node_47,20,0,8,20,8,,,,,,,,,
0,VISIT,65,Random,OnArrival,3,26,4952,Node_384,5,0,5,5,5,,,,,,,,,
0,VISIT,66,Random,OnArrival,3,25,4952,Node_384,5,0,5,5,5,,,,,,,,,
0,VISIT,67,Random,OnArrival,3,25,4952,Node_384,5,0,5,5,5,,,,,,,,,
0,VISIT,68,Random,OnArrival,3,26,4952,Node_384,5,0,5,5,5,,,,,,,,,
0,VISIT,69,Random,OnArrival,3,4,4952,Node_8,17,0,10,17,10,,,,,,,,,
0,VISIT,70,Random,OnArrival,3,4,4952,Node_164,16,0,7,16,7,,,,,,,,,
0,VISIT,71,Random,OnArrival,3,4,4952,Node_164,16,0,7,16,7,,,,,,,,,
0,VISIT,72,Random,OnArrival,3,4,4952,Node_7,19,0,8,19,8,,,,,,,,,
0,VISIT,65,Random,OnArrival,3,27,4956,Node_575,5,0,6,5,6,,,,,,,,,
0,VISIT,66,Random,OnArrival,3,26,4956,Node_383,6,0,5,6,5,,,,,,,,,
0,VISIT,67,Random,OnArrival,3,26,4956,Node_575,5,0,6,5,6,,,,,,,,,
0,VISIT,68,Random,OnArrival,3,27,4956,Node_383,6,0,5,6,5,,,,,,,,,
0,VISIT,69,Random,OnArrival,3,5,4956,Node_23,17,0,9,17,9,,,,,,,,,
0,VISIT,70,Random,OnArrival,3,5,4956,Node_206,16,0,6,16,6,,,,,,,,,
0,VISIT,71,Random,OnArrival,3,5,4956,Node_206,16,0,6,16,6,,,,,,,,,
0,VISIT,72,Random,OnArrival,3,5,4956,Node_11,18,0,8,18,8,,,,,,,,,
0,VISIT,66,Random,OnArrival,3,27,4960,Node_381,6,0,6,6,6,,,,,,,,,
0,VISIT,68,Random,OnArrival,3,28,4960,Node_381,6,0,6,6,6,,,,,,,,,
0,VISIT,69,Random,OnArrival,3,6,4960,Node_69,17,0,8,17,8,,,,,,,,,
0,VISIT,70,Random,OnArrival,3,6,4960,Node_176,15,0,6,15,6,,,,,,,,,
0,VISIT,71,Random,OnArrival,3,6,4960,Node_176,15,0,6,15,6,,,,,,,,,
0,VISIT,72,Random,OnArrival,3,6,4960,Node_69,17,0,8,17,8,,,,,,,,,
0,VISIT,66,Random,OnArrival,3,28,4964,Node_575,5,0,6,5,6,,,,,,,,,
0,VISIT,68,Random,OnArrival,3,29,4964,Node_575,5,0,6,5,6,,,,,,,,,
0,VISIT,69,Random,OnArrival,3,7,4964,Node_162,17,0,7,17,7,,,,,,,,,
0,VISIT,70,Random,OnArrival,3,7,4964,Node_209,14,0,6,14,6,,,,,,,,,
0,VISIT,71,Random,OnArrival,3,7,4964,Node_209,14,0,6,14,6,,,,,,,,,
0,VISIT,72,Random,OnArrival,3,7,4964,Node_162,17,0,7,17,7,,,,,,,,,
0,VISIT,65,Random,OnArrival,3,28,4968,Node_342,5,0,9,5,9,,,,,,,,,
0,VISIT,67,Random,OnArrival,3,27,4968,Node_342,5,0,9,5,9,,,,,,,,,
0,VISIT,69,Random,OnArrival,3,8,4968,Node_164,16,0,7,16,7,,,,,,,,,
0,VISIT,70,Random,OnArrival,3,8,4968,Node_133,13,0,6,13,6,,,,,,,,,
0,VISIT,71,Random,OnArrival,3,8,4968,Node_133,13,0,6,13,6,,,,,,,,,
0,VISIT,72,Random,OnArrival,3,8,4968,Node_164,16,0,7,16,7,,,,,,,,,
0,VISIT,65,Random,OnArrival,3,29,4972,Node_343,5,0,10,5,10,,,,,,,,,
0,VISIT,67,Random,OnArrival,3,28,4972,Node_340,6,0,9,6,9,,,,,,,,,
0,VISIT,69,Random,OnArrival,3,9,4972,Node_206,16,0,6,16,6,,,,,,,,,
0,VISIT,70,Random,OnArrival,3,9,4972,Node_134,13,0,5,13,5,,,,,,,,,
0,VISIT,71,Random,OnArrival,3,9,4972,Node_134,13,0,5,13,5,,,,,,,,,
0,VISIT,72,Random,OnArrival,3,9,4972,Node_206,16,0,6,16,6,,,,,,,,,
0,VISIT,66,Random,OnArrival,3,29,4977,Node_342,5,0,9,5,9,,,,,,,,,
0,VISIT,67,Random,OnArrival,3,29,4977,Node_338,6,0,10,6,10,,,,,,,,,
0,VISIT,68,Random,OnArrival,3,30,4977,Node_342,5,0,9,5,9,,,,,,,,,
0,VISIT,69,Random,OnArrival,3,10,4977,Node_176,15,0,6,15,6,,,,,,,,,
0,VISIT,70,Random,OnArrival,3,10,4977,Node_135,12,0,5,12,5,,,,,,,,,
0,VISIT,71,Random,OnArrival,3,10,4977,Node_135,12,0,5,12,5,,,,,,,,,
0,VISIT,72,Random,OnArrival,3,10,4977,Node_176,15,0,6,15,6,,,,,,,,,
0,VISIT,66,Random,OnArrival,3,30,4982,Node_343,5,0,10,5,10,,,,,,,,,
0,VISIT,67,Random,OnArrival,3,30,4982,Node_343,5,0,10,5,10,,,,,,,,,
0,VISIT,68,Random,OnArrival,3,31,4982,Node_340,6,0,9,6,9,,,,,,,,,
0,VISIT,69,Random,OnArrival,3,11,4982,Node_209,14,0,6,14,6,,,,,,,,,
0,VISIT,70,Random,OnArrival,3,11,4982,Node_214,11,0,5,11,5,,,,,,,,,
0,VISIT,71,Random,OnArrival,3,11,4982,Node_214,11,0,5,11,5,,,,,,,,,
0,VISIT,72,Random,OnArrival,3,11,4982,Node_209,14,0,6,14,6,,,,,,,,,
0,VISIT,66,Random,OnArrival,3,31,4987,Node_338,6,0,10,6,10,,,,,,,,,
0,VISIT,67,Random,OnArrival,3,31,4987,Node_338,6,0,10,6,10,,,,,,,,,
0,VISIT,68,Random,OnArrival,3,32,4987,Node_338,6,0,10,6,10,,,,,,,,,
0,VISIT,69,Random,OnArrival,3,12,4987,Node_133,13,0,6,13,6,,,,,,,,,
0,VISIT,70,Random,OnArrival,3,12,4987,Node_356,10,0,5,10,5,,,,,,,,,
0,VISIT,71,Random,OnArrival,3,12,4987,Node_356,10,0,5,10,5,,,,,,,,,
0,VISIT,72,Random,OnArrival,3,12,4987,Node_133,13,0,6,13,6,,,,,,,,,
0,VISIT,66,Random,OnArrival,3,32,4992,Node_343,5,0,10,5,10,,,,,,,,,
0,VISIT,69,Random,OnArrival,3,13,4992,Node_134,13,0,5,13,5,,,,,,,,,
0,VISIT,70,Random,OnArrival,3,13,4992,Node_367,9,0,5,9,5,,,,,,,,,
0,VISIT,71,Random,OnArrival,3,13,4992,Node_367,9,0,5,9,5,,,,,,,,,
0,VISIT,72,Random,OnArrival,3,13,4992,Node_134,13,0,5,13,5,,,,,,,,,
0,VISIT,67,Random,OnArrival,3,32,4997,Node_333,8,0,10,8,10,,,,,,,,,
0,VISIT,68,Random,OnArrival,3,33,4997,Node_333,8,0,10,8,10,,,,,,,,,
0,VISIT,69,Random,OnArrival,3,14,4997,Node_135,12,0,5,12,5,,,,,,,,,
0,VISIT,70,Random,OnArrival,3,14,4997,Node_562,8,0,5,8,5,,,,,,,,,
0,VISIT,71,Random,OnArrival,3,14,4997,Node_562,8,0,5,8,5,,,,,,,,,
0,VISIT,72,Random,OnArrival,3,14,4997,Node_135,12,0,5,12,5,,,,,,,,,
0,VISIT,66,Random,OnArrival,3,33,5003,Node_632,3,0,10,3,10,,,,,,,,,
0,VISIT,67,Random,OnArrival,3,33,5003,Node_254,9,0,10,9,10,,,,,,,,,
0,VISIT,68,Random,OnArrival,3,34,5003,Node_254,9,0,10,9,10,,,,,,,,,
0,VISIT,69,Random,OnArrival,3,15,5003,Node_214,11,0,5,11,5,,,,,,,,,
0,VISIT,70,Random,OnArrival,3,15,5003,Node_373,8,0,6,8,6,,,,,,,,,
0,VISIT,71,Random,OnArrival,3,15,5003,Node_373,8,0,6,8,6,,,,,,,,,
0,VISIT,72,Random,OnArrival,3,15,5003,Node_214,11,0,5,11,5,,,,,,,,,
0,VISIT,67,Random,OnArrival,3,34,5009,Node_333,8,0,10,8,10,,,,,,,,,
0,VISIT,68,Random,OnArrival,3,35,5009,Node_188,10,0,10,10,10,,,,,,,,,
0,VISIT,69,Random,OnArrival,3,16,5009,Node_356,10,0,5,10,5,,,,,,,,,
0,VISIT,70,Random,OnArrival,3,16,5009,Node_379,7,0,6,7,6,,,,,,,,,
0,VISIT,71,Random,OnArrival,3,16,5009,Node_379,7,0,6,7,6,,,,,,,,,
0,VISIT,72,Random,OnArrival,3,16,5009,Node_356,10,0,5,10,5,,,,,,,,,
0,VISIT,68,Random,OnArrival,3,36,5016,Node_191,10,0,11,10,11,,,,,,,,,
0,VISIT,69,Random,OnArrival,3,17,5016,Node_367,9,0,5,9,5,,,,,,,,,
0,VISIT,70,Random,OnArrival,3,17,5016,Node_381,6,0,6,6,6,,,,,,,,,
0,VISIT,71,Random,OnArrival,3,17,5016,Node_381,6,0,6,6,6,,,,,,,,,
0,VISIT,72,Random,OnArrival,3,17,5016,Node_367,9,0,5,9,5,,,,,,,,,
0,VISIT,67,Random,OnArrival,3,35,5023,Node_338,6,0,10,6,10,,,,,,,,,
0,VISIT,68,Random,OnArrival,3,37,5023,Node_257,9,0,11,9,11,,,,,,,,,
0,VISIT,69,Random,OnArrival,3,18,5023,Node_562,8,0,5,8,5,,,,,,,,,
0,VISIT,70,Random,OnArrival,3,18,5023,Node_575,5,0,6,5,6,,,,,,,,,
0,VISIT,71,Random,OnArrival,3,18,5023,Node_575,5,0,6,5,6,,,,,,,,,
0,VISIT,72,Random,OnArrival,3,18,5023,Node_562,8,0,5,8,5,,,,,,,,,
0,VISIT,66,Random,OnArrival,3,34,5030,Node_635,2,0,11,2,11,,,,,,,,,
0,VISIT,67,Random,OnArrival,3,36,5030,Node_343,5,0,10,5,10,,,,,,,,,
0,VISIT,68,Random,OnArrival,3,38,5030,Node_331,8,0,11,8,11,,,,,,,,,
0,VISIT,69,Random,OnArrival,3,19,5030,Node_373,8,0,6,8,6,,,,,,,,,
0,VISIT,72,Random,OnArrival,3,19,5030,Node_373,8,0,6,8,6,,,,,,,,,
0,VISIT,68,Random,OnArrival,3,39,5037,Node_333,8,0,10,8,10,,,,,,,,,
0,VISIT,69,Random,OnArrival,3,20,5037,Node_379,7,0,6,7,6,,,,,,,,,
0,VISIT,72,Random,OnArrival,3,20,5037,Node_379,7,0,6,7,6,,,,,,,,,
0,VISIT,67,Random,OnArrival,3,37,5044,Node_346,5,0,12,5,12,,,,,,,,,
0,VISIT,69,Random,OnArrival,3,21,5044,Node_381,6,0,6,6,6,,,,,,,,,
0,VISIT,72,Random,OnArrival,3,21,5044,Node_381,6,0,6,6,6,,,,,,,,,
0,VISIT,66,Random,OnArrival,3,35,5051,Node_639,1,0,13,1,13,,,,,,,,,
0,VISIT,68,Random,OnArrival,3,40,5051,Node_338,6,0,10,6,10,,,,,,,,,
0,VISIT,69,Random,OnArrival,3,22,5051,Node_575,5,0,6,5,6,,,,,,,,,
0,VISIT,72,Random,OnArrival,3,22,5051,Node_575,5,0,6,5,6,,,,,,,,,
0,VISIT,64,Random,OnArrival,3,40,5058,Node_645,-10,0,2,-10,2,,,,,,,,,
0,VISIT,68,Random,OnArrival,3,41,5058,Node_343,5,0,10,5,10,,,,,,,,,
0,VISIT,70,Random,OnArrival,3,19,5065,Node_642,2,0,9,2,9,,,,,,,,,
0,VISIT,71,Random,OnArrival,3,19,5065,Node_642,2,0,9,2,9,,,,,,,,,
0,VISIT,68,Random,OnArrival,3,42,5072,Node_346,5,0,12,5,12,,,,,,,,,
0,VISIT,69,Random,OnArrival,3,23,5072,Node_342,5,0,9,5,9,,,,,,,,,
0,VISIT,72,Random,OnArrival,3,23,5072,Node_342,5,0,9,5,9,,,,,,,,,
0,VISIT,66,Random,OnArrival,3,36,5079,Node_643,1,0,15,1,15,,,,,,,,,
0,VISIT,68,Random,OnArrival,3,43,5079,Node_653,6,0,12,6,12,,,,,,,,,
0,VISIT,69,Random,OnArrival,3,24,5079,Node_343,5,0,10,5,10,,,,,,,,,
0,VISIT,72,Random,OnArrival,3,24,5079,Node_343,5,0,10,5,10,,,,,,,,,
0,VISIT,73,Random,OnArrival,3,0,5083,Node_6,19,0,12,19,12,,,,,,,,,
0,VISIT,74,Random,OnArrival,3,0,5083,Node_7,19,0,8,19,8,,,,,,,,,
0,VISIT,75,Random,OnArrival,3,0,5083,Node_8,17,0,10,17,10,,,,,,,,,
0,VISIT,76,Random,OnArrival,3,0,5083,Node_9,21,0,10,21,10,,,,,,,,,
0,VISIT,66,Random,OnArrival,3,37,5086,Node_660,0,0,15,0,15,,,,,,,,,
0,VISIT,67,Random,OnArrival,3,38,5086,Node_332,5,0,16,5,16,,,,,,,,,
0,VISIT,68,Random,OnArrival,3,44,5086,Node_656,6,0,13,6,13,,,,,,,,,
0,VISIT,70,Random,OnArrival,3,20,5086,Node_647,1,0,11,1,11,,,,,,,,,
0,VISIT,71,Random,OnArrival,3,20,5086,Node_647,1,0,11,1,11,,,,,,,,,
0,VISIT,73,Random,OnArrival,3,1,5087,Node_2,19,0,11,19,11,,,,,,,,,
0,VISIT,74,Random,OnArrival,3,1,5087,Node_3,19,0,9,19,9,,,,,,,,,
0,VISIT,75,Random,OnArrival,3,1,5087,Node_24,16,0,10,16,10,,,,,,,,,
0,VISIT,76,Random,OnArrival,3,1,5087,Node_5,20,0,10,20,10,,,,,,,,,
0,VISIT,64,Random,OnArrival,3,41,5091,Node_622,-7,0,4,-7,4,,,,,,,,,
0,VISIT,66,Random,OnArrival,3,38,5091,Node_658,0,0,14,0,14,,,,,,,,,
0,VISIT,67,Random,OnArrival,3,39,5091,Node_382,4,0,16,4,16,,,,,,,,,
0,VISIT,68,Random,OnArrival,3,45,5091,Node_348,5,0,13,5,13,,,,,,,,,
0,VISIT,69,Random,OnArrival,3,25,5091,Node_346,5,0,12,5,12,,,,,,,,,
0,VISIT,70,Random,OnArrival,3,21,5091,Node_665,1,0,10,1,10,,,,,,,,,
0,VISIT,71,Random,OnArrival,3,21,5091,Node_635,2,0,11,2,11,,,,,,,,,
0,VISIT,72,Random,OnArrival,3,25,5091,Node_346,5,0,12,5,12,,,,,,,,,
0,VISIT,73,Random,OnArrival,3,2,5091,Node_20,19,0,10,19,10,,,,,,,,,
0,VISIT,74,Random,OnArrival,3,2,5091,Node_20,19,0,10,19,10,,,,,,,,,
0,VISIT,75,Random,OnArrival,3,2,5091,Node_26,15,0,10,15,10,,,,,,,,,
0,VISIT,76,Random,OnArrival,3,2,5091,Node_20,19,0,10,19,10,,,,,,,,,
0,VISIT,68,Random,OnArrival,3,46,5095,Node_661,5,0,14,5,14,,,,,,,,,
0,VISIT,69,Random,OnArrival,3,26,5095,Node_348,5,0,13,5,13,,,,,,,,,
0,VISIT,71,Random,OnArrival,3,22,5095,Node_636,2,0,12,2,12,,,,,,,,,
0,VISIT,72,Random,OnArrival,3,26,5095,Node_653,6,0,12,6,12,,,,,,,,,
0,VISIT,73,Random,OnArrival,3,3,5095,Node_4,18,0,10,18,10,,,,,,,,,
0,VISIT,74,Random,OnArrival,3,3,5095,Node_4,18,0,10,18,10,,,,,,,,,
0,VISIT,75,Random,OnArrival,3,3,5095,Node_40,14,0,10,14,10,,,,,,,,,
0,VISIT,76,Random,OnArrival,3,3,5095,Node_4,18,0,10,18,10,,,,,,,,,
0,VISIT,64,Random,OnArrival,3,42,5100,Node_663,-7,0,2,-7,2,,,,,,,,,
0,VISIT,69,Random,OnArrival,3,27,5100,Node_661,5,0,14,5,14,,,,,,,,,
0,VISIT,71,Random,OnArrival,3,23,5100,Node_651,1,0,12,1,12,,,,,,,,,
0,VISIT,72,Random,OnArrival,3,27,5100,Node_346,5,0,12,5,12,,,,,,,,,
0,VISIT,73,Random,OnArrival,3,4,5100,Node_8,17,0,10,17,10,,,,,,,,,
0,VISIT,74,Random,OnArrival,3,4,5100,Node_8,17,0,10,17,10,,,,,,,,,
0,VISIT,75,Random,OnArrival,3,4,5100,Node_72,13,0,10,13,10,,,,,,,,,
0,VISIT,76,Random,OnArrival,3,4,5100,Node_8,17,0,10,17,10,,,,,,,,,
0,VISIT,69,Random,OnArrival,3,28,5105,Node_664,5,0,15,5,15,,,,,,,,,
0,VISIT,71,Random,OnArrival,3,24,5105,Node_647,1,0,11,1,11,,,,,,,,,
0,VISIT,72,Random,OnArrival,3,28,5105,Node_348,5,0,13,5,13,,,,,,,,,
0,VISIT,73,Random,OnArrival,3,5,5105,Node_24,16,0,10,16,10,,,,,,,,,
0,VISIT,74,Random,OnArrival,3,5,5105,Node_24,16,0,10,16,10,,,,,,,,,
0,VISIT,75,Random,OnArrival,3,5,5105,Node_128,13,0,9,13,9,,,,,,,,,
0,VISIT,76,Random,OnArrival,3,5,5105,Node_24,16,0,10,16,10,,,,,,,,,
0,VISIT,69,Random,OnArrival,3,29,5110,Node_666,4,0,15,4,15,,,,,,,,,
0,VISIT,71,Random,OnArrival,3,25,5110,Node_665,1,0,10,1,10,,,,,,,,,
0,VISIT,72,Random,OnArrival,3,29,5110,Node_661,5,0,14,5,14,,,,,,,,,
0,VISIT,73,Random,OnArrival,3,6,5110,Node_26,15,0,10,15,10,,,,,,,,,
0,VISIT,74,Random,OnArrival,3,6,5110,Node_26,15,0,10,15,10,,,,,,,,,
0,VISIT,75,Random,OnArrival,3,6,5110,Node_141,12,0,9,12,9,,,,,,,,,
0,VISIT,76,Random,OnArrival,3,6,5110,Node_26,15,0,10,15,10,,,,,,,,,
0,VISIT,67,Random,OnArrival,3,40,5115,Node_637,2,0,13,2,13,,,,,,,,,
0,VISIT,68,Random,OnArrival,3,47,5115,Node_637,2,0,13,2,13,,,,,,,,,
0,VISIT,69,Random,OnArrival,3,30,5115,Node_669,4,0,14,4,14,,,,,,,,,
0,VISIT,71,Random,OnArrival,3,26,5115,Node_644,2,0,10,2,10,,,,,,,,,
0,VISIT,72,Random,OnArrival,3,30,5115,Node_664,5,0,15,5,15,,,,,,,,,
0,VISIT,73,Random,OnArrival,3,7,5115,Node_40,14,0,10,14,10,,,,,,,,,
0,VISIT,74,Random,OnArrival,3,7,5115,Node_40,14,0,10,14,10,,,,,,,,,
0,VISIT,75,Random,OnArrival,3,7,5115,Node_172,11,0,9,11,9,,,,,,,,,
0,VISIT,76,Random,OnArrival,3,7,5115,Node_40,14,0,10,14,10,,,,,,,,,
0,VISIT,67,Random,OnArrival,3,41,5121,Node_636,2,0,12,2,12,,,,,,,,,
0,VISIT,68,Random,OnArrival,3,48,5121,Node_636,2,0,12,2,12,,,,,,,,,
0,VISIT,69,Random,OnArrival,3,31,5121,Node_673,3,0,14,3,14,,,,,,,,,
0,VISIT,71,Random,OnArrival,3,27,5121,Node_632,3,0,10,3,10,,,,,,,,,
0,VISIT,72,Random,OnArrival,3,31,5121,Node_332,5,0,16,5,16,,,,,,,,,
0,VISIT,73,Random,OnArrival,3,8,5121,Node_72,13,0,10,13,10,,,,,,,,,
0,VISIT,74,Random,OnArrival,3,8,5121,Node_72,13,0,10,13,10,,,,,,,,,
0,VISIT,75,Random,OnArrival,3,8,5121,Node_185,10,0,9,10,9,,,,,,,,,
0,VISIT,76,Random,OnArrival,3,8,5121,Node_72,13,0,10,13,10,,,,,,,,,
0,VISIT,67,Random,OnArrival,3,42,5127,Node_635,2,0,11,2,11,,,,,,,,,
0,VISIT,68,Random,OnArrival,3,49,5127,Node_635,2,0,11,2,11,,,,,,,,,
0,VISIT,69,Random,OnArrival,3,32,5127,Node_675,3,0,13,3,13,,,,,,,,,
0,VISIT,71,Random,OnArrival,3,28,5127,Node_640,3,0,9,3,9,,,,,,,,,
0,VISIT,72,Random,OnArrival,3,32,5127,Node_335,5,0,17,5,17,,,,,,,,,
0,VISIT,73,Random,OnArrival,3,9,5127,Node_128,13,0,9,13,9,,,,,,,,,
0,VISIT,74,Random,OnArrival,3,9,5127,Node_128,13,0,9,13,9,,,,,,,,,
0,VISIT,75,Random,OnArrival,3,9,5127,Node_188,10,0,10,10,10,,,,,,,,,
0,VISIT,76,Random,OnArrival,3,9,5127,Node_128,13,0,9,13,9,,,,,,,,,
0,VISIT,67,Random,OnArrival,3,43,5133,Node_644,2,0,10,2,10,,,,,,,,,
0,VISIT,68,Random,OnArrival,3,50,5133,Node_644,2,0,10,2,10,,,,,,,,,
0,VISIT,69,Random,OnArrival,3,33,5133,Node_637,2,0,13,2,13,,,,,,,,,
0,VISIT,71,Random,OnArrival,3,29,5133,Node_642,2,0,9,2,9,,,,,,,,,
0,VISIT,72,Random,OnArrival,3,33,5133,Node_380,4,0,17,4,17,,,,,,,,,
0,VISIT,73,Random,OnArrival,3,10,5133,Node_141,12,0,9,12,9,,,,,,,,,
0,VISIT,74,Random,OnArrival,3,10,5133,Node_141,12,0,9,12,9,,,,,,,,,
0,VISIT,75,Random,OnArrival,3,10,5133,Node_191,10,0,11,10,11,,,,,,,,,
0,VISIT,76,Random,OnArrival,3,10,5133,Node_141,12,0,9,12,9,,,,,,,,,
0,VISIT,67,Random,OnArrival,3,44,5139,Node_665,1,0,10,1,10,,,,,,,,,
0,VISIT,68,Random,OnArrival,3,51,5139,Node_665,1,0,10,1,10,,,,,,,,,
0,VISIT,69,Random,OnArrival,3,34,5139,Node_639,1,0,13,1,13,,,,,,,,,
0,VISIT,71,Random,OnArrival,3,30,5139,Node_657,2,0,8,2,8,,,,,,,,,
0,VISIT,73,Random,OnArrival,3,11,5139,Node_172,11,0,9,11,9,,,,,,,,,
0,VISIT,74,Random,OnArrival,3,11,5139,Node_172,11,0,9,11,9,,,,,,,,,
0,VISIT,75,Random,OnArrival,3,11,5139,Node_193,10,0,12,10,12,,,,,,,,,
0,VISIT,76,Random,OnArrival,3,11,5139,Node_172,11,0,9,11,9,,,,,,,,,
0,VISIT,67,Random,OnArrival,3,45,5146,Node_667,0,0,10,0,10,,,,,,,,,
0,VISIT,68,Random,OnArrival,3,52,5146,Node_647,1,0,11,1,11,,,,,,,,,
0,VISIT,69,Random,OnArrival,3,35,5146,Node_655,0,0,13,0,13,,,,,,,,,
0,VISIT,73,Random,OnArrival,3,12,5146,Node_185,10,0,9,10,9,,,,,,,,,
0,VISIT,74,Random,OnArrival,3,12,5146,Node_185,10,0,9,10,9,,,,,,,,,
0,VISIT,76,Random,OnArrival,3,12,5146,Node_185,10,0,9,10,9,,,,,,,,,
0,VISIT,67,Random,OnArrival,3,46,5153,Node_676,-1,0,10,-1,10,,,,,,,,,
0,VISIT,68,Random,OnArrival,3,53,5153,Node_651,1,0,12,1,12,,,,,,,,,
0,VISIT,69,Random,OnArrival,3,36,5153,Node_658,0,0,14,0,14,,,,,,,,,
0,VISIT,71,Random,OnArrival,3,31,5153,Node_662,1,0,9,1,9,,,,,,,,,
0,VISIT,73,Random,OnArrival,3,13,5153,Node_188,10,0,10,10,10,,,,,,,,,
0,VISIT,74,Random,OnArrival,3,13,5153,Node_188,10,0,10,10,10,,,,,,,,,
0,VISIT,75,Random,OnArrival,3,12,5153,Node_193,10,0,12,10,12,,,,,,,,,
0,VISIT,76,Random,OnArrival,3,13,5153,Node_188,10,0,10,10,10,,,,,,,,,
0,VISIT,64,Random,OnArrival,3,43,5160,Node_638,-10,0,-1,-10,-1,,,,,,,,,
0,VISIT,68,Random,OnArrival,3,54,5160,Node_639,1,0,13,1,13,,,,,,,,,
0,VISIT,69,Random,OnArrival,3,37,5160,Node_641,1,0,14,1,14,,,,,,,,,
0,VISIT,71,Random,OnArrival,3,32,5160,Node_670,0,0,9,0,9,,,,,,,,,
0,VISIT,73,Random,OnArrival,3,14,5160,Node_191,10,0,11,10,11,,,,,,,,,
0,VISIT,74,Random,OnArrival,3,14,5160,Node_191,10,0,11,10,11,,,,,,,,,
0,VISIT,75,Random,OnArrival,3,13,5160,Node_191,10,0,11,10,11,,,,,,,,,
0,VISIT,76,Random,OnArrival,3,14,5160,Node_191,10,0,11,10,11,,,,,,,,,
0,VISIT,68,Random,OnArrival,3,55,5167,Node_641,1,0,14,1,14,,,,,,,,,
0,VISIT,69,Random,OnArrival,3,38,5167,Node_658,0,0,14,0,14,,,,,,,,,
0,VISIT,71,Random,OnArrival,3,33,5167,Node_667,0,0,10,0,10,,,,,,,,,
0,VISIT,72,Random,OnArrival,3,34,5167,Node_646,1,0,17,1,17,,,,,,,,,
0,VISIT,73,Random,OnArrival,3,15,5167,Node_193,10,0,12,10,12,,,,,,,,,
0,VISIT,74,Random,OnArrival,3,15,5167,Node_193,10,0,12,10,12,,,,,,,,,
0,VISIT,75,Random,OnArrival,3,14,5167,Node_188,10,0,10,10,10,,,,,,,,,
0,VISIT,76,Random,OnArrival,3,15,5167,Node_193,10,0,12,10,12,,,,,,,,,
0,VISIT,68,Random,OnArrival,3,56,5172,Node_658,0,0,14,0,14,,,,,,,,,
0,VISIT,71,Random,OnArrival,3,34,5172,Node_676,-1,0,10,-1,10,,,,,,,,,
0,VISIT,72,Random,OnArrival,3,35,5172,Node_650,0,0,17,0,17,,,,,,,,,
0,VISIT,73,Random,OnArrival,3,16,5172,Node_191,10,0,11,10,11,,,,,,,,,
0,VISIT,74,Random,OnArrival,3,16,5172,Node_191,10,0,11,10,11,,,,,,,,,
0,VISIT,75,Random,OnArrival,3,15,5172,Node_254,9,0,10,9,10,,,,,,,,,
0,VISIT,76,Random,OnArrival,3,16,5172,Node_191,10,0,11,10,11,,,,,,,,,
0,VISIT,69,Random,OnArrival,3,39,5178,Node_668,-2,0,14,-2,14,,,,,,,,,
0,VISIT,71,Random,OnArrival,3,35,5178,Node_688,-2,0,10,-2,10,,,,,,,,,
0,VISIT,73,Random,OnArrival,3,17,5178,Node_188,10,0,10,10,10,,,,,,,,,
0,VISIT,74,Random,OnArrival,3,17,5178,Node_188,10,0,10,10,10,,,,,,,,,
0,VISIT,75,Random,OnArrival,3,16,5178,Node_333,8,0,10,8,10,,,,,,,,,
0,VISIT,76,Random,OnArrival,3,17,5178,Node_188,10,0,10,10,10,,,,,,,,,
0,VISIT,64,Random,OnArrival,3,44,5184,Node_633,-10,0,-5,-10,-5,,,,,,,,,
0,VISIT,68,Random,OnArrival,3,57,5184,Node_668,-2,0,14,-2,14,,,,,,,,,
0,VISIT,73,Random,OnArrival,3,18,5184,Node_254,9,0,10,9,10,,,,,,,,,
0,VISIT,74,Random,OnArrival,3,18,5184,Node_254,9,0,10,9,10,,,,,,,,,
0,VISIT,76,Random,OnArrival,3,18,5184,Node_254,9,0,10,9,10,,,,,,,,,
0,VISIT,68,Random,OnArrival,3,58,5190,Node_691,-3,0,14,-3,14,,,,,,,,,
0,VISIT,73,Random,OnArrival,3,19,5190,Node_333,8,0,10,8,10,,,,,,,,,
0,VISIT,74,Random,OnArrival,3,19,5190,Node_333,8,0,10,8,10,,,,,,,,,
0,VISIT,75,Random,OnArrival,3,17,5190,Node_338,6,0,10,6,10,,,,,,,,,
0,VISIT,76,Random,OnArrival,3,19,5190,Node_333,8,0,10,8,10,,,,,,,,,
0,VISIT,68,Random,OnArrival,3,59,5196,Node_694,-3,0,15,-3,15,,,,,,,,,
0,VISIT,75,Random,OnArrival,3,18,5196,Node_340,6,0,9,6,9,,,,,,,,,
0,VISIT,68,Random,OnArrival,3,60,5203,Node_697,-3,0,16,-3,16,,,,,,,,,
0,VISIT,73,Random,OnArrival,3,20,5203,Node_338,6,0,10,6,10,,,,,,,,,
0,VISIT,74,Random,OnArrival,3,20,5203,Node_338,6,0,10,6,10,,,,,,,,,
0,VISIT,75,Random,OnArrival,3,19,5203,Node_342,5,0,9,5,9,,,,,,,,,
0,VISIT,76,Random,OnArrival,3,20,5203,Node_338,6,0,10,6,10,,,,,,,,,
0,VISIT,64,Random,OnArrival,3,45,5210,Node_631,-6,0,-5,-6,-5,,,,,,,,,
0,VISIT,68,Random,OnArrival,3,61,5210,Node_700,-3,0,17,-3,17,,,,,,,,,
0,VISIT,71,Random,OnArrival,3,36,5210,Node_691,-3,0,14,-3,14,,,,,,,,,
0,VISIT,73,Random,OnArrival,3,21,5210,Node_340,6,0,9,6,9,,,,,,,,,
0,VISIT,74,Random,OnArrival,3,21,5210,Node_340,6,0,9,6,9,,,,,,,,,
0,VISIT,76,Random,OnArrival,3,21,5210,Node_340,6,0,9,6,9,,,,,,,,,
0,VISIT,68,Random,OnArrival,3,62,5217,Node_701,-4,0,17,-4,17,,,,,,,,,
0,VISIT,73,Random,OnArrival,3,22,5217,Node_342,5,0,9,5,9,,,,,,,,,
0,VISIT,74,Random,OnArrival,3,22,5217,Node_342,5,0,9,5,9,,,,,,,,,
0,VISIT,76,Random,OnArrival,3,22,5217,Node_342,5,0,9,5,9,,,,,,,,,
0,VISIT,64,Random,OnArrival,3,46,5224,Node_630,-6,0,-3,-6,-3,,,,,,,,,
0,VISIT,68,Random,OnArrival,3,63,5224,Node_703,-4,0,18,-4,18,,,,,,,,,
0,VISIT,71,Random,OnArrival,3,37,5224,Node_698,-3,0,12,-3,12,,,,,,,,,
0,VISIT,75,Random,OnArrival,3,20,5224,Node_575,5,0,6,5,6,,,,,,,,,
0,VISIT,64,Random,OnArrival,3,47,5231,Node_629,-5,0,-3,-5,-3,,,,,,,,,
0,VISIT,68,Random,OnArrival,3,64,5231,Node_705,-5,0,18,-5,18,,,,,,,,,
0,VISIT,73,Random,OnArrival,3,23,5238,Node_575,5,0,6,5,6,,,,,,,,,
0,VISIT,74,Random,OnArrival,3,23,5238,Node_575,5,0,6,5,6,,,,,,,,,
0,VISIT,75,Random,OnArrival,3,21,5238,Node_648,3,0,6,3,6,,,,,,,,,
0,VISIT,76,Random,OnArrival,3,23,5238,Node_575,5,0,6,5,6,,,,,,,,,
0,VISIT,77,Random,OnArrival,3,0,5241,Node_6,19,0,12,19,12,,,,,,,,,
0,VISIT,78,Random,OnArrival,3,0,5241,Node_7,19,0,8,19,8,,,,,,,,,
0,VISIT,79,Random,OnArrival,3,0,5241,Node_8,17,0,10,17,10,,,,,,,,,
0,VISIT,80,Random,OnArrival,3,0,5241,Node_9,21,0,10,21,10,,,,,,,,,
0,VISIT,64,Random,OnArrival,3,48,5244,Node_621,-3,0,-3,-3,-3,,,,,,,,,
0,VISIT,68,Random,OnArrival,3,65,5244,Node_707,-5,0,20,-5,20,,,,,,,,,
0,VISIT,77,Random,OnArrival,3,1,5245,Node_2,19,0,11,19,11,,,,,,,,,
0,VISIT,78,Random,OnArrival,3,1,5245,Node_3,19,0,9,19,9,,,,,,,,,
0,VISIT,79,Random,OnArrival,3,1,5245,Node_24,16,0,10,16,10,,,,,,,,,
0,VISIT,80,Random,OnArrival,3,1,5245,Node_5,20,0,10,20,10,,,,,,,,,
0,VISIT,73,Random,OnArrival,3,24,5249,Node_648,3,0,6,3,6,,,,,,,,,
0,VISIT,74,Random,OnArrival,3,24,5249,Node_648,3,0,6,3,6,,,,,,,,,
0,VISIT,75,Random,OnArrival,3,22,5249,Node_654,2,0,7,2,7,,,,,,,,,
0,VISIT,76,Random,OnArrival,3,24,5249,Node_648,3,0,6,3,6,,,,,,,,,
0,VISIT,77,Random,OnArrival,3,2,5249,Node_20,19,0,10,19,10,,,,,,,,,
0,VISIT,78,Random,OnArrival,3,2,5249,Node_20,19,0,10,19,10,,,,,,,,,
0,VISIT,79,Random,OnArrival,3,2,5249,Node_26,15,0,10,15,10,,,,,,,,,
0,VISIT,80,Random,OnArrival,3,2,5249,Node_20,19,0,10,19,10,,,,,,,,,
0,VISIT,68,Random,OnArrival,3,66,5253,Node_711,-7,0,20,-7,20,,,,,,,,,
0,VISIT,73,Random,OnArrival,3,25,5253,Node_710,2,0,6,2,6,,,,,,,,,
0,VISIT,74,Random,OnArrival,3,25,5253,Node_652,3,0,7,3,7,,,,,,,,,
0,VISIT,75,Random,OnArrival,3,23,5253,Node_710,2,0,6,2,6,,,,,,,,,
0,VISIT,76,Random,OnArrival,3,25,5253,Node_710,2,0,6,2,6,,,,,,,,,
0,VISIT,77,Random,OnArrival,3,3,5253,Node_4,18,0,10,18,10,,,,,,,,,
0,VISIT,78,Random,OnArrival,3,3,5253,Node_4,18,0,10,18,10,,,,,,,,,
0,VISIT,79,Random,OnArrival,3,3,5253,Node_40,14,0,10,14,10,,,,,,,,,
0,VISIT,80,Random,OnArrival,3,3,5253,Node_4,18,0,10,18,10,,,,,,,,,
0,VISIT,64,Random,OnArrival,3,49,5257,Node_623,-3,0,0,-3,0,,,,,,,,,
0,VISIT,74,Random,OnArrival,3,26,5257,Node_654,2,0,7,2,7,,,,,,,,,
0,VISIT,77,Random,OnArrival,3,4,5257,Node_8,17,0,10,17,10,,,,,,,,,
0,VISIT,78,Random,OnArrival,3,4,5257,Node_8,17,0,10,17,10,,,,,,,,,
0,VISIT,79,Random,OnArrival,3,4,5257,Node_72,13,0,10,13,10,,,,,,,,,
0,VISIT,80,Random,OnArrival,3,4,5257,Node_8,17,0,10,17,10,,,,,,,,,
0,VISIT,68,Random,OnArrival,3,67,5261,Node_714,-7,0,22,-7,22,,,,,,,,,
0,VISIT,74,Random,OnArrival,3,27,5261,Node_710,2,0,6,2,6,,,,,,,,,
0,VISIT,77,Random,OnArrival,3,5,5261,Node_24,16,0,10,16,10,,,,,,,,,
0,VISIT,78,Random,OnArrival,3,5,5261,Node_24,16,0,10,16,10,,,,,,,,,
0,VISIT,79,Random,OnArrival,3,5,5261,Node_128,13,0,9,13,9,,,,,,,,,
0,VISIT,80,Random,OnArrival,3,5,5261,Node_24,16,0,10,16,10,,,,,,,,,
0,VISIT,64,Random,OnArrival,3,50,5265,Node_627,-5,0,0,-5,0,,,,,,,,,
0,VISIT,77,Random,OnArrival,3,6,5265,Node_26,15,0,10,15,10,,,,,,,,,
0,VISIT,78,Random,OnArrival,3,6,5265,Node_26,15,0,10,15,10,,,,,,,,,
0,VISIT,79,Random,OnArrival,3,6,5265,Node_141,12,0,9,12,9,,,,,,,,,
0,VISIT,80,Random,OnArrival,3,6,5265,Node_26,15,0,10,15,10,,,,,,,,,
0,VISIT,64,Random,OnArrival,3,51,5269,Node_677,-6,0,0,-6,0,,,,,,,,,
0,VISIT,68,Random,OnArrival,3,68,5269,Node_711,-7,0,20,-7,20,,,,,,,,,
0,VISIT,77,Random,OnArrival,3,7,5269,Node_40,14,0,10,14,10,,,,,,,,,
0,VISIT,78,Random,OnArrival,3,7,5269,Node_40,14,0,10,14,10,,,,,,,,,
0,VISIT,79,Random,OnArrival,3,7,5269,Node_172,11,0,9,11,9,,,,,,,,,
0,VISIT,80,Random,OnArrival,3,7,5269,Node_40,14,0,10,14,10,,,,,,,,,
0,VISIT,64,Random,OnArrival,3,52,5273,Node_678,-7,0,0,-7,0,,,,,,,,,
0,VISIT,74,Random,OnArrival,3,28,5273,Node_716,-1,0,6,-1,6,,,,,,,,,
0,VISIT,77,Random,OnArrival,3,8,5273,Node_72,13,0,10,13,10,,,,,,,,,
0,VISIT,78,Random,OnArrival,3,8,5273,Node_72,13,0,10,13,10,,,,,,,,,
0,VISIT,79,Random,OnArrival,3,8,5273,Node_185,10,0,9,10,9,,,,,,,,,
0,VISIT,80,Random,OnArrival,3,8,5273,Node_72,13,0,10,13,10,,,,,,,,,
0,VISIT,64,Random,OnArrival,3,53,5277,Node_679,-7,0,-1,-7,-1,,,,,,,,,
0,VISIT,73,Random,OnArrival,3,26,5277,Node_674,-1,0,9,-1,9,,,,,,,,,
0,VISIT,75,Random,OnArrival,3,24,5277,Node_674,-1,0,9,-1,9,,,,,,,,,
0,VISIT,76,Random,OnArrival,3,26,5277,Node_674,-1,0,9,-1,9,,,,,,,,,
0,VISIT,77,Random,OnArrival,3,9,5277,Node_128,13,0,9,13,9,,,,,,,,,
0,VISIT,78,Random,OnArrival,3,9,5277,Node_128,13,0,9,13,9,,,,,,,,,
0,VISIT,79,Random,OnArrival,3,9,5277,Node_188,10,0,10,10,10,,,,,,,,,
0,VISIT,80,Random,OnArrival,3,9,5277,Node_128,13,0,9,13,9,,,,,,,,,
0,VISIT,64,Random,OnArrival,3,54,5281,Node_683,-8,0,-1,-8,-1,,,,,,,,,
0,VISIT,73,Random,OnArrival,3,27,5281,Node_718,-1,0,8,-1,8,,,,,,,,,
0,VISIT,75,Random,OnArrival,3,25,5281,Node_676,-1,0,10,-1,10,,,,,,,,,
0,VISIT,76,Random,OnArrival,3,27,5281,Node_718,-1,0,8,-1,8,,,,,,,,,
0,VISIT,77,Random,OnArrival,3,10,5281,Node_141,12,0,9,12,9,,,,,,,,,
0,VISIT,78,Random,OnArrival,3,10,5281,Node_141,12,0,9,12,9,,,,,,,,,
0,VISIT,79,Random,OnArrival,3,10,5281,Node_254,9,0,10,9,10,,,,,,,,,
0,VISIT,80,Random,OnArrival,3,10,5281,Node_141,12,0,9,12,9,,,,,,,,,
0,VISIT,64,Random,OnArrival,3,55,5285,Node_681,-8,0,-2,-8,-2,,,,,,,,,
0,VISIT,75,Random,OnArrival,3,26,5285,Node_688,-2,0,10,-2,10,,,,,,,,,
0,VISIT,77,Random,OnArrival,3,11,5285,Node_172,11,0,9,11,9,,,,,,,,,
0,VISIT,78,Random,OnArrival,3,11,5285,Node_172,11,0,9,11,9,,,,,,,,,
0,VISIT,79,Random,OnArrival,3,11,5285,Node_333,8,0,10,8,10,,,,,,,,,
0,VISIT,80,Random,OnArrival,3,11,5285,Node_172,11,0,9,11,9,,,,,,,,,
0,VISIT,73,Random,OnArrival,3,28,5290,Node_722,-2,0,7,-2,7,,,,,,,,,
0,VISIT,74,Random,OnArrival,3,29,5290,Node_718,-1,0,8,-1,8,,,,,,,,,
0,VISIT,75,Random,OnArrival,3,27,5290,Node_708,-3,0,10,-3,10,,,,,,,,,
0,VISIT,76,Random,OnArrival,3,28,5290,Node_722,-2,0,7,-2,7,,,,,,,,,
0,VISIT,77,Random,OnArrival,3,12,5290,Node_185,10,0,9,10,9,,,,,,,,,
0,VISIT,78,Random,OnArrival,3,12,5290,Node_185,10,0,9,10,9,,,,,,,,,
0,VISIT,80,Random,OnArrival,3,12,5290,Node_185,10,0,9,10,9,,,,,,,,,
0,VISIT,64,Random,OnArrival,3,56,5295,Node_681,-8,0,-2,-8,-2,,,,,,,,,
0,VISIT,73,Random,OnArrival,3,29,5295,Node_717,-1,0,7,-1,7,,,,,,,,,
0,VISIT,74,Random,OnArrival,3,30,5295,Node_717,-1,0,7,-1,7,,,,,,,,,
0,VISIT,75,Random,OnArrival,3,28,5295,Node_706,-3,0,11,-3,11,,,,,,,,,
0,VISIT,76,Random,OnArrival,3,29,5295,Node_717,-1,0,7,-1,7,,,,,,,,,
0,VISIT,77,Random,OnArrival,3,13,5295,Node_188,10,0,10,10,10,,,,,,,,,
0,VISIT,78,Random,OnArrival,3,13,5295,Node_188,10,0,10,10,10,,,,,,,,,
0,VISIT,79,Random,OnArrival,3,12,5295,Node_338,6,0,10,6,10,,,,,,,,,
0,VISIT,80,Random,OnArrival,3,13,5295,Node_188,10,0,10,10,10,,,,,,,,,
0,VISIT,64,Random,OnArrival,3,57,5300,Node_680,-7,0,-2,-7,-2,,,,,,,,,
0,VISIT,73,Random,OnArrival,3,30,5300,Node_716,-1,0,6,-1,6,,,,,,,,,
0,VISIT,74,Random,OnArrival,3,31,5300,Node_716,-1,0,6,-1,6,,,,,,,,,
0,VISIT,75,Random,OnArrival,3,29,5300,Node_712,-4,0,11,-4,11,,,,,,,,,
0,VISIT,76,Random,OnArrival,3,30,5300,Node_716,-1,0,6,-1,6,,,,,,,,,
0,VISIT,77,Random,OnArrival,3,14,5300,Node_254,9,0,10,9,10,,,,,,,,,
0,VISIT,78,Random,OnArrival,3,14,5300,Node_254,9,0,10,9,10,,,,,,,,,
0,VISIT,79,Random,OnArrival,3,13,5300,Node_343,5,0,10,5,10,,,,,,,,,
0,VISIT,80,Random,OnArrival,3,14,5300,Node_254,9,0,10,9,10,,,,,,,,,
0,VISIT,64,Random,OnArrival,3,58,5306,Node_679,-7,0,-1,-7,-1,,,,,,,,,
0,VISIT,73,Random,OnArrival,3,31,5306,Node_720,-2,0,6,-2,6,,,,,,,,,
0,VISIT,74,Random,OnArrival,3,32,5306,Node_720,-2,0,6,-2,6,,,,,,,,,
0,VISIT,75,Random,OnArrival,3,30,5306,Node_713,-5,0,11,-5,11,,,,,,,,,
0,VISIT,76,Random,OnArrival,3,31,5306,Node_720,-2,0,6,-2,6,,,,,,,,,
0,VISIT,77,Random,OnArrival,3,15,5306,Node_333,8,0,10,8,10,,,,,,,,,
0,VISIT,78,Random,OnArrival,3,15,5306,Node_333,8,0,10,8,10,,,,,,,,,
0,VISIT,80,Random,OnArrival,3,15,5306,Node_333,8,0,10,8,10,,,,,,,,,
0,VISIT,64,Random,OnArrival,3,59,5312,Node_678,-7,0,0,-7,0,,,,,,,,,
0,VISIT,79,Random,OnArrival,3,14,5312,Node_632,3,0,10,3,10,,,,,,,,,
0,VISIT,64,Random,OnArrival,3,60,5319,Node_677,-6,0,0,-6,0,,,,,,,,,
0,VISIT,77,Random,OnArrival,3,16,5319,Node_338,6,0,10,6,10,,,,,,,,,
0,VISIT,78,Random,OnArrival,3,16,5319,Node_338,6,0,10,6,10,,,,,,,,,
0,VISIT,79,Random,OnArrival,3,15,5319,Node_644,2,0,10,2,10,,,,,,,,,
0,VISIT,80,Random,OnArrival,3,16,5319,Node_338,6,0,10,6,10,,,,,,,,,
0,VISIT,68,Random,OnArrival,3,69,5325,Node_727,-10,0,24,-10,24,,,,,,,,,
0,VISIT,73,Random,OnArrival,3,32,5325,Node_620,-3,0,4,-3,4,,,,,,,,,
0,VISIT,74,Random,OnArrival,3,33,5325,Node_620,-3,0,4,-3,4,,,,,,,,,
0,VISIT,76,Random,OnArrival,3,32,5325,Node_620,-3,0,4,-3,4,,,,,,,,,
0,VISIT,77,Random,OnArrival,3,17,5325,Node_343,5,0,10,5,10,,,,,,,,,
0,VISIT,78,Random,OnArrival,3,17,5325,Node_343,5,0,10,5,10,,,,,,,,,
0,VISIT,79,Random,OnArrival,3,16,5325,Node_665,1,0,10,1,10,,,,,,,,,
0,VISIT,80,Random,OnArrival,3,17,5325,Node_343,5,0,10,5,10,,,,,,,,,
0,VISIT,64,Random,OnArrival,3,61,5332,Node_671,-6,0,2,-6,2,,,,,,,,,
0,VISIT,79,Random,OnArrival,3,17,5332,Node_667,0,0,10,0,10,,,,,,,,,
0,VISIT,68,Random,OnArrival,3,70,5339,Node_726,-10,0,22,-10,22,,,,,,,,,
0,VISIT,77,Random,OnArrival,3,18,5339,Node_632,3,0,10,3,10,,,,,,,,,
0,VISIT,78,Random,OnArrival,3,18,5339,Node_632,3,0,10,3,10,,,,,,,,,
0,VISIT,79,Random,OnArrival,3,18,5339,Node_676,-1,0,10,-1,10,,,,,,,,,
0,VISIT,80,Random,OnArrival,3,18,5339,Node_632,3,0,10,3,10,,,,,,,,,
0,VISIT,77,Random,OnArrival,3,19,5346,Node_644,2,0,10,2,10,,,,,,,,,
0,VISIT,78,Random,OnArrival,3,19,5346,Node_644,2,0,10,2,10,,,,,,,,,
0,VISIT,79,Random,OnArrival,3,19,5346,Node_688,-2,0,10,-2,10,,,,,,,,,
0,VISIT,80,Random,OnArrival,3,19,5346,Node_644,2,0,10,2,10,,,,,,,,,
0,VISIT,64,Random,OnArrival,3,62,5353,Node_618,-3,0,2,-3,2,,,,,,,,,
0,VISIT,73,Random,OnArrival,3,33,5353,Node_622,-7,0,4,-7,4,,,,,,,,,
0,VISIT,74,Random,OnArrival,3,34,5353,Node_622,-7,0,4,-7,4,,,,,,,,,
0,VISIT,76,Random,OnArrival,3,33,5353,Node_622,-7,0,4,-7,4,,,,,,,,,
0,VISIT,77,Random,OnArrival,3,20,5353,Node_665,1,0,10,1,10,,,,,,,,,
0,VISIT,78,Random,OnArrival,3,20,5353,Node_665,1,0,10,1,10,,,,,,,,,
0,VISIT,79,Random,OnArrival,3,20,5353,Node_692,-2,0,11,-2,11,,,,,,,,,
0,VISIT,80,Random,OnArrival,3,20,5353,Node_665,1,0,10,1,10,,,,,,,,,
0,VISIT,73,Random,OnArrival,3,34,5359,Node_624,-7,0,5,-7,5,,,,,,,,,
0,VISIT,74,Random,OnArrival,3,35,5359,Node_624,-7,0,5,-7,5,,,,,,,,,
0,VISIT,76,Random,OnArrival,3,34,5359,Node_624,-7,0,5,-7,5,,,,,,,,,
0,VISIT,77,Random,OnArrival,3,21,5359,Node_667,0,0,10,0,10,,,,,,,,,
0,VISIT,78,Random,OnArrival,3,21,5359,Node_667,0,0,10,0,10,,,,,,,,,
0,VISIT,79,Random,OnArrival,3,21,5359,Node_706,-3,0,11,-3,11,,,,,,,,,
0,VISIT,80,Random,OnArrival,3,21,5359,Node_667,0,0,10,0,10,,,,,,,,,
0,VISIT,81,Random,OnArrival,3,0,5359,Node_6,19,0,12,19,12,,,,,,,,,
0,VISIT,82,Random,OnArrival,3,0,5359,Node_7,19,0,8,19,8,,,,,,,,,
0,VISIT,83,Random,OnArrival,3,0,5359,Node_8,17,0,10,17,10,,,,,,,,,
0,VISIT,84,Random,OnArrival,3,0,5359,Node_9,21,0,10,21,10,,,,,,,,,
0,VISIT,64,Random,OnArrival,3,63,5363,Node_620,-3,0,4,-3,4,,,,,,,,,
0,VISIT,77,Random,OnArrival,3,22,5363,Node_676,-1,0,10,-1,10,,,,,,,,,
0,VISIT,78,Random,OnArrival,3,22,5363,Node_676,-1,0,10,-1,10,,,,,,,,,
0,VISIT,79,Random,OnArrival,3,22,5363,Node_712,-4,0,11,-4,11,,,,,,,,,
0,VISIT,80,Random,OnArrival,3,22,5363,Node_676,-1,0,10,-1,10,,,,,,,,,
0,VISIT,81,Random,OnArrival,3,1,5363,Node_2,19,0,11,19,11,,,,,,,,,
0,VISIT,82,Random,OnArrival,3,1,5363,Node_3,19,0,9,19,9,,,,,,,,,
0,VISIT,83,Random,OnArrival,3,1,5363,Node_24,16,0,10,16,10,,,,,,,,,
0,VISIT,84,Random,OnArrival,3,1,5363,Node_5,20,0,10,20,10,,,,,,,,,
0,VISIT,77,Random,OnArrival,3,23,5367,Node_688,-2,0,10,-2,10,,,,,,,,,
0,VISIT,78,Random,OnArrival,3,23,5367,Node_688,-2,0,10,-2,10,,,,,,,,,
0,VISIT,79,Random,OnArrival,3,23,5367,Node_713,-5,0,11,-5,11,,,,,,,,,
0,VISIT,80,Random,OnArrival,3,23,5367,Node_688,-2,0,10,-2,10,,,,,,,,,
0,VISIT,81,Random,OnArrival,3,2,5367,Node_20,19,0,10,19,10,,,,,,,,,
0,VISIT,82,Random,OnArrival,3,2,5367,Node_20,19,0,10,19,10,,,,,,,,,
0,VISIT,83,Random,OnArrival,3,2,5367,Node_26,15,0,10,15,10,,,,,,,,,
0,VISIT,84,Random,OnArrival,3,2,5367,Node_20,19,0,10,19,10,,,,,,,,,
0,VISIT,77,Random,OnArrival,3,24,5371,Node_692,-2,0,11,-2,11,,,,,,,,,
0,VISIT,78,Random,OnArrival,3,24,5371,Node_692,-2,0,11,-2,11,,,,,,,,,
0,VISIT,79,Random,OnArrival,3,24,5371,Node_730,-6,0,11,-6,11,,,,,,,,,
0,VISIT,80,Random,OnArrival,3,24,5371,Node_692,-2,0,11,-2,11,,,,,,,,,
0,VISIT,81,Random,OnArrival,3,3,5371,Node_4,18,0,10,18,10,,,,,,,,,
0,VISIT,82,Random,OnArrival,3,3,5371,Node_4,18,0,10,18,10,,,,,,,,,
0,VISIT,83,Random,OnArrival,3,3,5371,Node_40,14,0,10,14,10,,,,,,,,,
0,VISIT,84,Random,OnArrival,3,3,5371,Node_4,18,0,10,18,10,,,,,,,,,
0,VISIT,77,Random,OnArrival,3,25,5375,Node_688,-2,0,10,-2,10,,,,,,,,,
0,VISIT,78,Random,OnArrival,3,25,5375,Node_695,-2,0,12,-2,12,,,,,,,,,
0,VISIT,80,Random,OnArrival,3,25,5375,Node_695,-2,0,12,-2,12,,,,,,,,,
0,VISIT,81,Random,OnArrival,3,4,5375,Node_8,17,0,10,17,10,,,,,,,,,
0,VISIT,82,Random,OnArrival,3,4,5375,Node_8,17,0,10,17,10,,,,,,,,,
0,VISIT,83,Random,OnArrival,3,4,5375,Node_72,13,0,10,13,10,,,,,,,,,
0,VISIT,84,Random,OnArrival,3,4,5375,Node_8,17,0,10,17,10,,,,,,,,,
0,VISIT,64,Random,OnArrival,3,64,5379,Node_622,-7,0,4,-7,4,,,,,,,,,
0,VISIT,73,Random,OnArrival,3,35,5379,Node_742,-8,0,5,-8,5,,,,,,,,,
0,VISIT,74,Random,OnArrival,3,36,5379,Node_742,-8,0,5,-8,5,,,,,,,,,
0,VISIT,76,Random,OnArrival,3,35,5379,Node_742,-8,0,5,-8,5,,,,,,,,,
0,VISIT,77,Random,OnArrival,3,26,5379,Node_708,-3,0,10,-3,10,,,,,,,,,
0,VISIT,78,Random,OnArrival,3,26,5379,Node_698,-3,0,12,-3,12,,,,,,,,,
0,VISIT,80,Random,OnArrival,3,26,5379,Node_698,-3,0,12,-3,12,,,,,,,,,
0,VISIT,81,Random,OnArrival,3,5,5379,Node_24,16,0,10,16,10,,,,,,,,,
0,VISIT,82,Random,OnArrival,3,5,5379,Node_24,16,0,10,16,10,,,,,,,,,
0,VISIT,83,Random,OnArrival,3,5,5379,Node_128,13,0,9,13,9,,,,,,,,,
0,VISIT,84,Random,OnArrival,3,5,5379,Node_24,16,0,10,16,10,,,,,,,,,
0,VISIT,64,Random,OnArrival,3,65,5383,Node_624,-7,0,5,-7,5,,,,,,,,,
0,VISIT,73,Random,OnArrival,3,36,5383,Node_624,-7,0,5,-7,5,,,,,,,,,
0,VISIT,74,Random,OnArrival,3,37,5383,Node_624,-7,0,5,-7,5,,,,,,,,,
0,VISIT,76,Random,OnArrival,3,36,5383,Node_624,-7,0,5,-7,5,,,,,,,,,
0,VISIT,77,Random,OnArrival,3,27,5383,Node_709,-4,0,10,-4,10,,,,,,,,,
0,VISIT,81,Random,OnArrival,3,6,5383,Node_26,15,0,10,15,10,,,,,,,,,
0,VISIT,82,Random,OnArrival,3,6,5383,Node_26,15,0,10,15,10,,,,,,,,,
0,VISIT,83,Random,OnArrival,3,6,5383,Node_141,12,0,9,12,9,,,,,,,,,
0,VISIT,84,Random,OnArrival,3,6,5383,Node_26,15,0,10,15,10,,,,,,,,,
0,VISIT,64,Random,OnArrival,3,66,5387,Node_625,-7,0,6,-7,6,,,,,,,,,
0,VISIT,73,Random,OnArrival,3,37,5387,Node_625,-7,0,6,-7,6,,,,,,,,,
0,VISIT,74,Random,OnArrival,3,38,5387,Node_625,-7,0,6,-7,6,,,,,,,,,
0,VISIT,76,Random,OnArrival,3,37,5387,Node_622,-7,0,4,-7,4,,,,,,,,,
0,VISIT,78,Random,OnArrival,3,27,5387,Node_691,-3,0,14,-3,14,,,,,,,,,
0,VISIT,80,Random,OnArrival,3,27,5387,Node_691,-3,0,14,-3,14,,,,,,,,,
0,VISIT,81,Random,OnArrival,3,7,5387,Node_40,14,0,10,14,10,,,,,,,,,
0,VISIT,82,Random,OnArrival,3,7,5387,Node_40,14,0,10,14,10,,,,,,,,,
0,VISIT,83,Random,OnArrival,3,7,5387,Node_172,11,0,9,11,9,,,,,,,,,
0,VISIT,84,Random,OnArrival,3,7,5387,Node_40,14,0,10,14,10,,,,,,,,,
0,VISIT,64,Random,OnArrival,3,67,5391,Node_743,-8,0,6,-8,6,,,,,,,,,
0,VISIT,73,Random,OnArrival,3,38,5391,Node_743,-8,0,6,-8,6,,,,,,,,,
0,VISIT,74,Random,OnArrival,3,39,5391,Node_743,-8,0,6,-8,6,,,,,,,,,
0,VISIT,78,Random,OnArrival,3,28,5391,Node_694,-3,0,15,-3,15,,,,,,,,,
0,VISIT,79,Random,OnArrival,3,25,5391,Node_741,-7,0,13,-7,13,,,,,,,,,
0,VISIT,80,Random,OnArrival,3,28,5391,Node_694,-3,0,15,-3,15,,,,,,,,,
0,VISIT,81,Random,OnArrival,3,8,5391,Node_72,13,0,10,13,10,,,,,,,,,
0,VISIT,82,Random,OnArrival,3,8,5391,Node_72,13,0,10,13,10,,,,,,,,,
0,VISIT,83,Random,OnArrival,3,8,5391,Node_185,10,0,9,10,9,,,,,,,,,
0,VISIT,84,Random,OnArrival,3,8,5391,Node_72,13,0,10,13,10,,,,,,,,,
0,VISIT,64,Random,OnArrival,3,68,5395,Node_625,-7,0,6,-7,6,,,,,,,,,
0,VISIT,73,Random,OnArrival,3,39,5395,Node_625,-7,0,6,-7,6,,,,,,,,,
0,VISIT,74,Random,OnArrival,3,40,5395,Node_625,-7,0,6,-7,6,,,,,,,,,
0,VISIT,79,Random,OnArrival,3,26,5395,Node_734,-6,0,13,-6,13,,,,,,,,,
0,VISIT,81,Random,OnArrival,3,9,5395,Node_128,13,0,9,13,9,,,,,,,,,
0,VISIT,82,Random,OnArrival,3,9,5395,Node_128,13,0,9,13,9,,,,,,,,,
0,VISIT,83,Random,OnArrival,3,9,5395,Node_188,10,0,10,10,10,,,,,,,,,
0,VISIT,84,Random,OnArrival,3,9,5395,Node_128,13,0,9,13,9,,,,,,,,,
0,VISIT,79,Random,OnArrival,3,27,5399,Node_741,-7,0,13,-7,13,,,,,,,,,
0,VISIT,81,Random,OnArrival,3,10,5399,Node_141,12,0,9,12,9,,,,,,,,,
0,VISIT,82,Random,OnArrival,3,10,5399,Node_141,12,0,9,12,9,,,,,,,,,
0,VISIT,83,Random,OnArrival,3,10,5399,Node_254,9,0,10,9,10,,,,,,,,,
0,VISIT,84,Random,OnArrival,3,10,5399,Node_141,12,0,9,12,9,,,,,,,,,
0,VISIT,76,Random,OnArrival,3,38,5403,Node_620,-3,0,4,-3,4,,,,,,,,,
0,VISIT,78,Random,OnArrival,3,29,5403,Node_701,-4,0,17,-4,17,,,,,,,,,
0,VISIT,79,Random,OnArrival,3,28,5403,Node_750,-7,0,12,-7,12,,,,,,,,,
0,VISIT,80,Random,OnArrival,3,29,5403,Node_701,-4,0,17,-4,17,,,,,,,,,
0,VISIT,81,Random,OnArrival,3,11,5403,Node_172,11,0,9,11,9,,,,,,,,,
0,VISIT,82,Random,OnArrival,3,11,5403,Node_172,11,0,9,11,9,,,,,,,,,
0,VISIT,83,Random,OnArrival,3,11,5403,Node_333,8,0,10,8,10,,,,,,,,,
0,VISIT,84,Random,OnArrival,3,11,5403,Node_172,11,0,9,11,9,,,,,,,,,
0,VISIT,74,Random,OnArrival,3,41,5407,Node_626,-7,0,7,-7,7,,,,,,,,,
0,VISIT,76,Random,OnArrival,3,39,5407,Node_732,-2,0,4,-2,4,,,,,,,,,
0,VISIT,79,Random,OnArrival,3,29,5407,Node_733,-6,0,12,-6,12,,,,,,,,,
0,VISIT,81,Random,OnArrival,3,12,5407,Node_185,10,0,9,10,9,,,,,,,,,
0,VISIT,82,Random,OnArrival,3,12,5407,Node_185,10,0,9,10,9,,,,,,,,,
0,VISIT,84,Random,OnArrival,3,12,5407,Node_185,10,0,9,10,9,,,,,,,,,
0,VISIT,74,Random,OnArrival,3,42,5412,Node_625,-7,0,6,-7,6,,,,,,,,,
0,VISIT,76,Random,OnArrival,3,40,5412,Node_598,-1,0,4,-1,4,,,,,,,,,
0,VISIT,78,Random,OnArrival,3,30,5412,Node_705,-5,0,18,-5,18,,,,,,,,,
0,VISIT,79,Random,OnArrival,3,30,5412,Node_730,-6,0,11,-6,11,,,,,,,,,
0,VISIT,80,Random,OnArrival,3,30,5412,Node_705,-5,0,18,-5,18,,,,,,,,,
0,VISIT,81,Random,OnArrival,3,13,5412,Node_188,10,0,10,10,10,,,,,,,,,
0,VISIT,82,Random,OnArrival,3,13,5412,Node_188,10,0,10,10,10,,,,,,,,,
0,VISIT,83,Random,OnArrival,3,12,5412,Node_338,6,0,10,6,10,,,,,,,,,
0,VISIT,84,Random,OnArrival,3,13,5412,Node_188,10,0,10,10,10,,,,,,,,,
0,VISIT,74,Random,OnArrival,3,43,5416,Node_743,-8,0,6,-8,6,,,,,,,,,
0,VISIT,76,Random,OnArrival,3,41,5416,Node_732,-2,0,4,-2,4,,,,,,,,,
0,VISIT,79,Random,OnArrival,3,31,5416,Node_748,-7,0,11,-7,11,,,,,,,,,
0,VISIT,81,Random,OnArrival,3,14,5416,Node_254,9,0,10,9,10,,,,,,,,,
0,VISIT,82,Random,OnArrival,3,14,5416,Node_254,9,0,10,9,10,,,,,,,,,
0,VISIT,83,Random,OnArrival,3,13,5416,Node_343,5,0,10,5,10,,,,,,,,,
0,VISIT,84,Random,OnArrival,3,14,5416,Node_254,9,0,10,9,10,,,,,,,,,
0,VISIT,74,Random,OnArrival,3,44,5420,Node_744,-9,0,6,-9,6,,,,,,,,,
0,VISIT,77,Random,OnArrival,3,28,5420,Node_715,-5,0,10,-5,10,,,,,,,,,
0,VISIT,81,Random,OnArrival,3,15,5420,Node_333,8,0,10,8,10,,,,,,,,,
0,VISIT,82,Random,OnArrival,3,15,5420,Node_333,8,0,10,8,10,,,,,,,,,
0,VISIT,84,Random,OnArrival,3,15,5420,Node_333,8,0,10,8,10,,,,,,,,,
0,VISIT,76,Random,OnArrival,3,42,5425,Node_720,-2,0,6,-2,6,,,,,,,,,
0,VISIT,77,Random,OnArrival,3,29,5425,Node_746,-6,0,10,-6,10,,,,,,,,,
0,VISIT,83,Random,OnArrival,3,14,5425,Node_632,3,0,10,3,10,,,,,,,,,
0,VISIT,77,Random,OnArrival,3,30,5433,Node_747,-7,0,10,-7,10,,,,,,,,,
0,VISIT,81,Random,OnArrival,3,16,5433,Node_338,6,0,10,6,10,,,,,,,,,
0,VISIT,82,Random,OnArrival,3,16,5433,Node_338,6,0,10,6,10,,,,,,,,,
0,VISIT,83,Random,OnArrival,3,15,5433,Node_644,2,0,10,2,10,,,,,,,,,
0,VISIT,84,Random,OnArrival,3,16,5433,Node_338,6,0,10,6,10,,,,,,,,,
0,VISIT,76,Random,OnArrival,3,43,5438,Node_755,-4,0,6,-4,6,,,,,,,,,
0,VISIT,77,Random,OnArrival,3,31,5438,Node_767,-8,0,10,-8,10,,,,,,,,,
0,VISIT,81,Random,OnArrival,3,17,5438,Node_343,5,0,10,5,10,,,,,,,,,
0,VISIT,82,Random,OnArrival,3,17,5438,Node_343,5,0,10,5,10,,,,,,,,,
0,VISIT,83,Random,OnArrival,3,16,5438,Node_665,1,0,10,1,10,,,,,,,,,
0,VISIT,84,Random,OnArrival,3,17,5438,Node_343,5,0,10,5,10,,,,,,,,,
0,VISIT,76,Random,OnArrival,3,44,5443,Node_752,-4,0,7,-4,7,,,,,,,,,
0,VISIT,77,Random,OnArrival,3,32,5443,Node_765,-8,0,11,-8,11,,,,,,,,,
0,VISIT,83,Random,OnArrival,3,17,5443,Node_667,0,0,10,0,10,,,,,,,,,
0,VISIT,76,Random,OnArrival,3,45,5451,Node_759,-5,0,7,-5,7,,,,,,,,,
0,VISIT,77,Random,OnArrival,3,33,5451,Node_771,-9,0,11,-9,11,,,,,,,,,
0,VISIT,81,Random,OnArrival,3,18,5451,Node_632,3,0,10,3,10,,,,,,,,,
0,VISIT,82,Random,OnArrival,3,18,5451,Node_632,3,0,10,3,10,,,,,,,,,
0,VISIT,83,Random,OnArrival,3,18,5451,Node_676,-1,0,10,-1,10,,,,,,,,,
0,VISIT,84,Random,OnArrival,3,18,5451,Node_632,3,0,10,3,10,,,,,,,,,
0,VISIT,74,Random,OnArrival,3,45,5457,Node_773,-10,0,11,-10,11,,,,,,,,,
0,VISIT,76,Random,OnArrival,3,46,5457,Node_757,-6,0,7,-6,7,,,,,,,,,
0,VISIT,77,Random,OnArrival,3,34,5457,Node_768,-9,0,10,-9,10,,,,,,,,,
0,VISIT,81,Random,OnArrival,3,19,5457,Node_644,2,0,10,2,10,,,,,,,,,
0,VISIT,82,Random,OnArrival,3,19,5457,Node_644,2,0,10,2,10,,,,,,,,,
0,VISIT,83,Random,OnArrival,3,19,5457,Node_688,-2,0,10,-2,10,,,,,,,,,
0,VISIT,84,Random,OnArrival,3,19,5457,Node_644,2,0,10,2,10,,,,,,,,,
0,VISIT,76,Random,OnArrival,3,47,5464,Node_759,-5,0,7,-5,7,,,,,,,,,
0,VISIT,77,Random,OnArrival,3,35,5464,Node_774,-10,0,10,-10,10,,,,,,,,,
0,VISIT,78,Random,OnArrival,3,31,5464,Node_739,-10,0,20,-10,20,,,,,,,,,
0,VISIT,80,Random,OnArrival,3,31,5464,Node_739,-10,0,20,-10,20,,,,,,,,,
0,VISIT,81,Random,OnArrival,3,20,5464,Node_665,1,0,10,1,10,,,,,,,,,
0,VISIT,82,Random,OnArrival,3,20,5464,Node_665,1,0,10,1,10,,,,,,,,,
0,VISIT,83,Random,OnArrival,3,20,5464,Node_708,-3,0,10,-3,10,,,,,,,,,
0,VISIT,84,Random,OnArrival,3,20,5464,Node_665,1,0,10,1,10,,,,,,,,,
0,VISIT,76,Random,OnArrival,3,48,5471,Node_752,-4,0,7,-4,7,,,,,,,,,
0,VISIT,78,Random,OnArrival,3,32,5471,Node_719,-9,0,20,-9,20,,,,,,,,,
0,VISIT,80,Random,OnArrival,3,32,5471,Node_719,-9,0,20,-9,20,,,,,,,,,
0,VISIT,81,Random,OnArrival,3,21,5471,Node_667,0,0,10,0,10,,,,,,,,,
0,VISIT,82,Random,OnArrival,3,21,5471,Node_667,0,0,10,0,10,,,,,,,,,
0,VISIT,83,Random,OnArrival,3,21,5471,Node_709,-4,0,10,-4,10,,,,,,,,,
0,VISIT,84,Random,OnArrival,3,21,5471,Node_667,0,0,10,0,10,,,,,,,,,
0,VISIT,74,Random,OnArrival,3,46,5479,Node_776,-10,0,14,-10,14,,,,,,,,,
0,VISIT,76,Random,OnArrival,3,49,5479,Node_751,-4,0,8,-4,8,,,,,,,,,
0,VISIT,77,Random,OnArrival,3,36,5479,Node_769,-10,0,8,-10,8,,,,,,,,,
0,VISIT,78,Random,OnArrival,3,33,5479,Node_739,-10,0,20,-10,20,,,,,,,,,
0,VISIT,80,Random,OnArrival,3,33,5479,Node_739,-10,0,20,-10,20,,,,,,,,,
0,VISIT,81,Random,OnArrival,3,22,5479,Node_676,-1,0,10,-1,10,,,,,,,,,
0,VISIT,82,Random,OnArrival,3,22,5479,Node_676,-1,0,10,-1,10,,,,,,,,,
0,VISIT,83,Random,OnArrival,3,22,5479,Node_715,-5,0,10,-5,10,,,,,,,,,
0,VISIT,84,Random,OnArrival,3,22,5479,Node_676,-1,0,10,-1,10,,,,,,,,,
0,VISIT,76,Random,OnArrival,3,50,5487,Node_761,-5,0,8,-5,8,,,,,,,,,
0,VISIT,80,Random,OnArrival,3,34,5487,Node_737,-10,0,21,-10,21,,,,,,,,,
0,VISIT,81,Random,OnArrival,3,23,5487,Node_688,-2,0,10,-2,10,,,,,,,,,
0,VISIT,82,Random,OnArrival,3,23,5487,Node_688,-2,0,10,-2,10,,,,,,,,,
0,VISIT,83,Random,OnArrival,3,23,5487,Node_762,-5,0,9,-5,9,,,,,,,,,
0,VISIT,84,Random,OnArrival,3,23,5487,Node_688,-2,0,10,-2,10,,,,,,,,,
0,VISIT,85,Random,OnArrival,3,0,5487,Node_6,19,0,12,19,12,,,,,,,,,
0,VISIT,86,Random,OnArrival,3,0,5487,Node_7,19,0,8,19,8,,,,,,,,,
0,VISIT,87,Random,OnArrival,3,0,5487,Node_8,17,0,10,17,10,,,,,,,,,
0,VISIT,88,Random,OnArrival,3,0,5487,Node_9,21,0,10,21,10,,,,,,,,,
0,VISIT,76,Random,OnArrival,3,51,5491,Node_751,-4,0,8,-4,8,,,,,,,,,
0,VISIT,78,Random,OnArrival,3,34,5491,Node_775,-10,0,18,-10,18,,,,,,,,,
0,VISIT,80,Random,OnArrival,3,35,5491,Node_721,-9,0,21,-9,21,,,,,,,,,
0,VISIT,81,Random,OnArrival,3,24,5491,Node_708,-3,0,10,-3,10,,,,,,,,,
0,VISIT,82,Random,OnArrival,3,24,5491,Node_708,-3,0,10,-3,10,,,,,,,,,
0,VISIT,83,Random,OnArrival,3,24,5491,Node_749,-4,0,9,-4,9,,,,,,,,,
0,VISIT,84,Random,OnArrival,3,24,5491,Node_708,-3,0,10,-3,10,,,,,,,,,
0,VISIT,85,Random,OnArrival,3,1,5491,Node_2,19,0,11,19,11,,,,,,,,,
0,VISIT,86,Random,OnArrival,3,1,5491,Node_11,18,0,8,18,8,,,,,,,,,
0,VISIT,87,Random,OnArrival,3,1,5491,Node_24,16,0,10,16,10,,,,,,,,,
0,VISIT,88,Random,OnArrival,3,1,5491,Node_5,20,0,10,20,10,,,,,,,,,
0,VISIT,76,Random,OnArrival,3,52,5495,Node_749,-4,0,9,-4,9,,,,,,,,,
0,VISIT,77,Random,OnArrival,3,37,5495,Node_628,-7,0,8,-7,8,,,,,,,,,
0,VISIT,80,Random,OnArrival,3,36,5495,Node_719,-9,0,20,-9,20,,,,,,,,,
0,VISIT,81,Random,OnArrival,3,25,5495,Node_709,-4,0,10,-4,10,,,,,,,,,
0,VISIT,82,Random,OnArrival,3,25,5495,Node_709,-4,0,10,-4,10,,,,,,,,,
0,VISIT,83,Random,OnArrival,3,25,5495,Node_751,-4,0,8,-4,8,,,,,,,,,
0,VISIT,84,Random,OnArrival,3,25,5495,Node_709,-4,0,10,-4,10,,,,,,,,,
0,VISIT,85,Random,OnArrival,3,2,5495,Node_20,19,0,10,19,10,,,,,,,,,
0,VISIT,86,Random,OnArrival,3,2,5495,Node_69,17,0,8,17,8,,,,,,,,,
0,VISIT,87,Random,OnArrival,3,2,5495,Node_26,15,0,10,15,10,,,,,,,,,
0,VISIT,88,Random,OnArrival,3,2,5495,Node_20,19,0,10,19,10,,,,,,,,,
0,VISIT,74,Random,OnArrival,3,47,5499,Node_775,-10,0,18,-10,18,,,,,,,,,
0,VISIT,76,Random,OnArrival,3,53,5499,Node_751,-4,0,8,-4,8,,,,,,,,,
0,VISIT,77,Random,OnArrival,3,38,5499,Node_626,-7,0,7,-7,7,,,,,,,,,
0,VISIT,78,Random,OnArrival,3,35,5499,Node_770,-9,0,17,-9,17,,,,,,,,,
0,VISIT,80,Random,OnArrival,3,37,5499,Node_739,-10,0,20,-10,20,,,,,,,,,
0,VISIT,81,Random,OnArrival,3,26,5499,Node_712,-4,0,11,-4,11,,,,,,,,,
0,VISIT,82,Random,OnArrival,3,26,5499,Node_712,-4,0,11,-4,11,,,,,,,,,
0,VISIT,83,Random,OnArrival,3,26,5499,Node_752,-4,0,7,-4,7,,,,,,,,,
0,VISIT,84,Random,OnArrival,3,26,5499,Node_712,-4,0,11,-4,11,,,,,,,,,
0,VISIT,85,Random,OnArrival,3,3,5499,Node_4,18,0,10,18,10,,,,,,,,,
0,VISIT,86,Random,OnArrival,3,3,5499,Node_162,17,0,7,17,7,,,,,,,,,
0,VISIT,87,Random,OnArrival,3,3,5499,Node_40,14,0,10,14,10,,,,,,,,,
0,VISIT,88,Random,OnArrival,3,3,5499,Node_4,18,0,10,18,10,,,,,,,,,
0,VISIT,74,Random,OnArrival,3,48,5503,Node_779,-10,0,17,-10,17,,,,,,,,,
0,VISIT,76,Random,OnArrival,3,54,5503,Node_752,-4,0,7,-4,7,,,,,,,,,
0,VISIT,77,Random,OnArrival,3,39,5503,Node_757,-6,0,7,-6,7,,,,,,,,,
0,VISIT,81,Random,OnArrival,3,27,5503,Node_706,-3,0,11,-3,11,,,,,,,,,
0,VISIT,82,Random,OnArrival,3,27,5503,Node_706,-3,0,11,-3,11,,,,,,,,,
0,VISIT,83,Random,OnArrival,3,27,5503,Node_755,-4,0,6,-4,6,,,,,,,,,
0,VISIT,84,Random,OnArrival,3,27,5503,Node_706,-3,0,11,-3,11,,,,,,,,,
0,VISIT,85,Random,OnArrival,3,4,5503,Node_8,17,0,10,17,10,,,,,,,,,
0,VISIT,86,Random,OnArrival,3,4,5503,Node_164,16,0,7,16,7,,,,,,,,,
0,VISIT,87,Random,OnArrival,3,4,5503,Node_72,13,0,10,13,10,,,,,,,,,
0,VISIT,88,Random,OnArrival,3,4,5503,Node_8,17,0,10,17,10,,,,,,,,,
0,VISIT,74,Random,OnArrival,3,49,5507,Node_778,-10,0,16,-10,16,,,,,,,,,
0,VISIT,76,Random,OnArrival,3,55,5507,Node_755,-4,0,6,-4,6,,,,,,,,,
0,VISIT,77,Random,OnArrival,3,40,5507,Node_759,-5,0,7,-5,7,,,,,,,,,
0,VISIT,80,Random,OnArrival,3,38,5507,Node_775,-10,0,18,-10,18,,,,,,,,,
0,VISIT,81,Random,OnArrival,3,28,5507,Node_698,-3,0,12,-3,12,,,,,,,,,
0,VISIT,82,Random,OnArrival,3,28,5507,Node_698,-3,0,12,-3,12,,,,,,,,,
0,VISIT,83,Random,OnArrival,3,28,5507,Node_758,-5,0,6,-5,6,,,,,,,,,
0,VISIT,84,Random,OnArrival,3,28,5507,Node_698,-3,0,12,-3,12,,,,,,,,,
0,VISIT,85,Random,OnArrival,3,5,5507,Node_24,16,0,10,16,10,,,,,,,,,
0,VISIT,86,Random,OnArrival,3,5,5507,Node_206,16,0,6,16,6,,,,,,,,,
0,VISIT,87,Random,OnArrival,3,5,5507,Node_128,13,0,9,13,9,,,,,,,,,
0,VISIT,88,Random,OnArrival,3,5,5507,Node_24,16,0,10,16,10,,,,,,,,,
0,VISIT,74,Random,OnArrival,3,50,5511,Node_780,-9,0,16,-9,16,,,,,,,,,
0,VISIT,76,Random,OnArrival,3,56,5511,Node_758,-5,0,6,-5,6,,,,,,,,,
0,VISIT,77,Random,OnArrival,3,41,5511,Node_758,-5,0,6,-5,6,,,,,,,,,
0,VISIT,83,Random,OnArrival,3,29,5511,Node_754,-6,0,6,-6,6,,,,,,,,,
0,VISIT,85,Random,OnArrival,3,6,5511,Node_26,15,0,10,15,10,,,,,,,,,
0,VISIT,86,Random,OnArrival,3,6,5511,Node_176,15,0,6,15,6,,,,,,,,,
0,VISIT,87,Random,OnArrival,3,6,5511,Node_141,12,0,9,12,9,,,,,,,,,
0,VISIT,88,Random,OnArrival,3,6,5511,Node_26,15,0,10,15,10,,,,,,,,,
0,VISIT,74,Random,OnArrival,3,51,5515,Node_770,-9,0,17,-9,17,,,,,,,,,
0,VISIT,76,Random,OnArrival,3,57,5515,Node_754,-6,0,6,-6,6,,,,,,,,,
0,VISIT,77,Random,OnArrival,3,42,5515,Node_754,-6,0,6,-6,6,,,,,,,,,
0,VISIT,80,Random,OnArrival,3,39,5515,Node_739,-10,0,20,-10,20,,,,,,,,,
0,VISIT,81,Random,OnArrival,3,29,5515,Node_691,-3,0,14,-3,14,,,,,,,,,
0,VISIT,82,Random,OnArrival,3,29,5515,Node_691,-3,0,14,-3,14,,,,,,,,,
0,VISIT,83,Random,OnArrival,3,30,5515,Node_625,-7,0,6,-7,6,,,,,,,,,
0,VISIT,84,Random,OnArrival,3,29,5515,Node_691,-3,0,14,-3,14,,,,,,,,,
0,VISIT,85,Random,OnArrival,3,7,5515,Node_40,14,0,10,14,10,,,,,,,,,
0,VISIT,86,Random,OnArrival,3,7,5515,Node_209,14,0,6,14,6,,,,,,,,,
0,VISIT,87,Random,OnArrival,3,7,5515,Node_172,11,0,9,11,9,,,,,,,,,
0,VISIT,88,Random,OnArrival,3,7,5515,Node_40,14,0,10,14,10,,,,,,,,,
0,VISIT,76,Random,OnArrival,3,58,5519,Node_625,-7,0,6,-7,6,,,,,,,,,
0,VISIT,77,Random,OnArrival,3,43,5519,Node_625,-7,0,6,-7,6,,,,,,,,,
0,VISIT,80,Random,OnArrival,3,40,5519,Node_719,-9,0,20,-9,20,,,,,,,,,
0,VISIT,81,Random,OnArrival,3,30,5519,Node_694,-3,0,15,-3,15,,,,,,,,,
0,VISIT,82,Random,OnArrival,3,30,5519,Node_694,-3,0,15,-3,15,,,,,,,,,
0,VISIT,83,Random,OnArrival,3,31,5519,Node_626,-7,0,7,-7,7,,,,,,,,,
0,VISIT,84,Random,OnArrival,3,30,5519,Node_694,-3,0,15,-3,15,,,,,,,,,
0,VISIT,85,Random,OnArrival,3,8,5519,Node_72,13,0,10,13,10,,,,,,,,,
0,VISIT,86,Random,OnArrival,3,8,5519,Node_133,13,0,6,13,6,,,,,,,,,
0,VISIT,87,Random,OnArrival,3,8,5519,Node_185,10,0,9,10,9,,,,,,,,,
0,VISIT,88,Random,OnArrival,3,8,5519,Node_72,13,0,10,13,10,,,,,,,,,
0,VISIT,76,Random,OnArrival,3,59,5523,Node_626,-7,0,7,-7,7,,,,,,,,,
0,VISIT,77,Random,OnArrival,3,44,5523,Node_626,-7,0,7,-7,7,,,,,,,,,
0,VISIT,81,Random,OnArrival,3,31,5523,Node_672,-2,0,15,-2,15,,,,,,,,,
0,VISIT,82,Random,OnArrival,3,31,5523,Node_672,-2,0,15,-2,15,,,,,,,,,
0,VISIT,83,Random,OnArrival,3,32,5523,Node_628,-7,0,8,-7,8,,,,,,,,,
0,VISIT,84,Random,OnArrival,3,31,5523,Node_672,-2,0,15,-2,15,,,,,,,,,
0,VISIT,85,Random,OnArrival,3,9,5523,Node_128,13,0,9,13,9,,,,,,,,,
0,VISIT,86,Random,OnArrival,3,9,5523,Node_136,12,0,6,12,6,,,,,,,,,
0,VISIT,87,Random,OnArrival,3,9,5523,Node_188,10,0,10,10,10,,,,,,,,,
0,VISIT,88,Random,OnArrival,3,9,5523,Node_128,13,0,9,13,9,,,,,,,,,
0,VISIT,74,Random,OnArrival,3,52,5527,Node_764,-6,0,17,-6,17,,,,,,,,,
0,VISIT,76,Random,OnArrival,3,60,5527,Node_628,-7,0,8,-7,8,,,,,,,,,
0,VISIT,77,Random,OnArrival,3,45,5527,Node_628,-7,0,8,-7,8,,,,,,,,,
0,VISIT,80,Random,OnArrival,3,41,5527,Node_711,-7,0,20,-7,20,,,,,,,,,
0,VISIT,81,Random,OnArrival,3,32,5527,Node_694,-3,0,15,-3,15,,,,,,,,,
0,VISIT,82,Random,OnArrival,3,32,5527,Node_694,-3,0,15,-3,15,,,,,,,,,
0,VISIT,84,Random,OnArrival,3,32,5527,Node_694,-3,0,15,-3,15,,,,,,,,,
0,VISIT,85,Random,OnArrival,3,10,5527,Node_141,12,0,9,12,9,,,,,,,,,
0,VISIT,86,Random,OnArrival,3,10,5527,Node_213,11,0,6,11,6,,,,,,,,,
0,VISIT,87,Random,OnArrival,3,10,5527,Node_254,9,0,10,9,10,,,,,,,,,
0,VISIT,88,Random,OnArrival,3,10,5527,Node_141,12,0,9,12,9,,,,,,,,,
0,VISIT,74,Random,OnArrival,3,53,5531,Node_760,-5,0,17,-5,17,,,,,,,,,
0,VISIT,81,Random,OnArrival,3,33,5531,Node_697,-3,0,16,-3,16,,,,,,,,,
0,VISIT,82,Random,OnArrival,3,33,5531,Node_697,-3,0,16,-3,16,,,,,,,,,
0,VISIT,84,Random,OnArrival,3,33,5531,Node_697,-3,0,16,-3,16,,,,,,,,,
0,VISIT,85,Random,OnArrival,3,11,5531,Node_172,11,0,9,11,9,,,,,,,,,
0,VISIT,86,Random,OnArrival,3,11,5531,Node_354,10,0,6,10,6,,,,,,,,,
0,VISIT,87,Random,OnArrival,3,11,5531,Node_333,8,0,10,8,10,,,,,,,,,
0,VISIT,88,Random,OnArrival,3,11,5531,Node_172,11,0,9,11,9,,,,,,,,,
0,VISIT,74,Random,OnArrival,3,54,5535,Node_705,-5,0,18,-5,18,,,,,,,,,
0,VISIT,80,Random,OnArrival,3,42,5535,Node_707,-5,0,20,-5,20,,,,,,,,,
0,VISIT,81,Random,OnArrival,3,34,5535,Node_756,-4,0,16,-4,16,,,,,,,,,
0,VISIT,82,Random,OnArrival,3,34,5535,Node_756,-4,0,16,-4,16,,,,,,,,,
0,VISIT,83,Random,OnArrival,3,33,5535,Node_769,-10,0,8,-10,8,,,,,,,,,
0,VISIT,84,Random,OnArrival,3,34,5535,Node_756,-4,0,16,-4,16,,,,,,,,,
0,VISIT,85,Random,OnArrival,3,12,5535,Node_185,10,0,9,10,9,,,,,,,,,
0,VISIT,86,Random,OnArrival,3,12,5535,Node_370,9,0,6,9,6,,,,,,,,,
0,VISIT,88,Random,OnArrival,3,12,5535,Node_185,10,0,9,10,9,,,,,,,,,
0,VISIT,76,Random,OnArrival,3,61,5539,Node_769,-10,0,8,-10,8,,,,,,,,,
0,VISIT,77,Random,OnArrival,3,46,5539,Node_769,-10,0,8,-10,8,,,,,,,,,
0,VISIT,81,Random,OnArrival,3,35,5539,Node_701,-4,0,17,-4,17,,,,,,,,,
0,VISIT,82,Random,OnArrival,3,35,5539,Node_701,-4,0,17,-4,17,,,,,,,,,
0,VISIT,84,Random,OnArrival,3,35,5539,Node_701,-4,0,17,-4,17,,,,,,,,,
0,VISIT,85,Random,OnArrival,3,13,5539,Node_188,10,0,10,10,10,,,,,,,,,
0,VISIT,86,Random,OnArrival,3,13,5539,Node_373,8,0,6,8,6,,,,,,,,,
0,VISIT,87,Random,OnArrival,3,12,5539,Node_338,6,0,10,6,10,,,,,,,,,
0,VISIT,88,Random,OnArrival,3,13,5539,Node_188,10,0,10,10,10,,,,,,,,,
0,VISIT,74,Random,OnArrival,3,55,5543,Node_707,-5,0,20,-5,20,,,,,,,,,
0,VISIT,80,Random,OnArrival,3,43,5543,Node_707,-5,0,20,-5,20,,,,,,,,,
0,VISIT,81,Random,OnArrival,3,36,5543,Node_700,-3,0,17,-3,17,,,,,,,,,
0,VISIT,82,Random,OnArrival,3,36,5543,Node_700,-3,0,17,-3,17,,,,,,,,,
0,VISIT,83,Random,OnArrival,3,34,5543,Node_774,-10,0,10,-10,10,,,,,,,,,
0,VISIT,84,Random,OnArrival,3,36,5543,Node_700,-3,0,17,-3,17,,,,,,,,,
0,VISIT,85,Random,OnArrival,3,14,5543,Node_254,9,0,10,9,10,,,,,,,,,
0,VISIT,86,Random,OnArrival,3,14,5543,Node_379,7,0,6,7,6,,,,,,,,,
0,VISIT,87,Random,OnArrival,3,13,5543,Node_340,6,0,9,6,9,,,,,,,,,
0,VISIT,88,Random,OnArrival,3,14,5543,Node_254,9,0,10,9,10,,,,,,,,,
0,VISIT,76,Random,OnArrival,3,62,5547,Node_774,-10,0,10,-10,10,,,,,,,,,
0,VISIT,77,Random,OnArrival,3,47,5547,Node_774,-10,0,10,-10,10,,,,,,,,,
0,VISIT,83,Random,OnArrival,3,35,5547,Node_773,-10,0,11,-10,11,,,,,,,,,
0,VISIT,85,Random,OnArrival,3,15,5547,Node_333,8,0,10,8,10,,,,,,,,,
0,VISIT,86,Random,OnArrival,3,15,5547,Node_381,6,0,6,6,6,,,,,,,,,
0,VISIT,87,Random,OnArrival,3,14,5547,Node_342,5,0,9,5,9,,,,,,,,,
0,VISIT,88,Random,OnArrival,3,15,5547,Node_333,8,0,10,8,10,,,,,,,,,
0,VISIT,74,Random,OnArrival,3,56,5551,Node_705,-5,0,18,-5,18,,,,,,,,,
0,VISIT,76,Random,OnArrival,3,63,5551,Node_773,-10,0,11,-10,11,,,,,,,,,
0,VISIT,77,Random,OnArrival,3,48,5551,Node_773,-10,0,11,-10,11,,,,,,,,,
0,VISIT,80,Random,OnArrival,3,44,5551,Node_705,-5,0,18,-5,18,,,,,,,,,
0,VISIT,86,Random,OnArrival,3,16,5551,Node_575,5,0,6,5,6,,,,,,,,,
0,VISIT,74,Random,OnArrival,3,57,5557,Node_703,-4,0,18,-4,18,,,,,,,,,
0,VISIT,80,Random,OnArrival,3,45,5557,Node_703,-4,0,18,-4,18,,,,,,,,,
0,VISIT,85,Random,OnArrival,3,16,5557,Node_338,6,0,10,6,10,,,,,,,,,
0,VISIT,88,Random,OnArrival,3,16,5557,Node_338,6,0,10,6,10,,,,,,,,,
0,VISIT,74,Random,OnArrival,3,58,5562,Node_701,-4,0,17,-4,17,,,,,,,,,
0,VISIT,80,Random,OnArrival,3,46,5562,Node_701,-4,0,17,-4,17,,,,,,,,,
0,VISIT,83,Random,OnArrival,3,36,5562,Node_776,-10,0,14,-10,14,,,,,,,,,
0,VISIT,85,Random,OnArrival,3,17,5562,Node_340,6,0,9,6,9,,,,,,,,,
0,VISIT,86,Random,OnArrival,3,17,5562,Node_648,3,0,6,3,6,,,,,,,,,
0,VISIT,87,Random,OnArrival,3,15,5562,Node_575,5,0,6,5,6,,,,,,,,,
0,VISIT,88,Random,OnArrival,3,17,5562,Node_340,6,0,9,6,9,,,,,,,,,
0,VISIT,74,Random,OnArrival,3,59,5566,Node_700,-3,0,17,-3,17,,,,,,,,,
0,VISIT,76,Random,OnArrival,3,64,5566,Node_776,-10,0,14,-10,14,,,,,,,,,
0,VISIT,77,Random,OnArrival,3,49,5566,Node_776,-10,0,14,-10,14,,,,,,,,,
0,VISIT,80,Random,OnArrival,3,47,5566,Node_700,-3,0,17,-3,17,,,,,,,,,
0,VISIT,81,Random,OnArrival,3,37,5566,Node_699,-1,0,20,-1,20,,,,,,,,,
0,VISIT,82,Random,OnArrival,3,37,5566,Node_699,-1,0,20,-1,20,,,,,,,,,
0,VISIT,84,Random,OnArrival,3,37,5566,Node_699,-1,0,20,-1,20,,,,,,,,,
0,VISIT,85,Random,OnArrival,3,18,5566,Node_342,5,0,9,5,9,,,,,,,,,
0,VISIT,86,Random,OnArrival,3,18,5566,Node_710,2,0,6,2,6,,,,,,,,,
0,VISIT,88,Random,OnArrival,3,18,5566,Node_342,5,0,9,5,9,,,,,,,,,
0,VISIT,74,Random,OnArrival,3,60,5571,Node_783,-2,0,17,-2,17,,,,,,,,,
0,VISIT,76,Random,OnArrival,3,65,5571,Node_787,-9,0,14,-9,14,,,,,,,,,
0,VISIT,77,Random,OnArrival,3,50,5571,Node_787,-9,0,14,-9,14,,,,,,,,,
0,VISIT,80,Random,OnArrival,3,48,5571,Node_783,-2,0,17,-2,17,,,,,,,,,
0,VISIT,83,Random,OnArrival,3,37,5571,Node_781,-9,0,15,-9,15,,,,,,,,,
0,VISIT,87,Random,OnArrival,3,16,5571,Node_648,3,0,6,3,6,,,,,,,,,
0,VISIT,74,Random,OnArrival,3,61,5577,Node_784,-2,0,18,-2,18,,,,,,,,,
0,VISIT,76,Random,OnArrival,3,66,5577,Node_781,-9,0,15,-9,15,,,,,,,,,
0,VISIT,77,Random,OnArrival,3,51,5577,Node_781,-9,0,15,-9,15,,,,,,,,,
0,VISIT,80,Random,OnArrival,3,49,5577,Node_784,-2,0,18,-2,18,,,,,,,,,
0,VISIT,83,Random,OnArrival,3,38,5577,Node_777,-10,0,15,-10,15,,,,,,,,,
0,VISIT,87,Random,OnArrival,3,17,5577,Node_710,2,0,6,2,6,,,,,,,,,
0,VISIT,74,Random,OnArrival,3,62,5583,Node_693,-1,0,18,-1,18,,,,,,,,,
0,VISIT,76,Random,OnArrival,3,67,5583,Node_777,-10,0,15,-10,15,,,,,,,,,
0,VISIT,77,Random,OnArrival,3,52,5583,Node_777,-10,0,15,-10,15,,,,,,,,,
0,VISIT,80,Random,OnArrival,3,50,5583,Node_693,-1,0,18,-1,18,,,,,,,,,
0,VISIT,83,Random,OnArrival,3,39,5583,Node_776,-10,0,14,-10,14,,,,,,,,,
0,VISIT,85,Random,OnArrival,3,19,5583,Node_575,5,0,6,5,6,,,,,,,,,
0,VISIT,86,Random,OnArrival,3,19,5583,Node_716,-1,0,6,-1,6,,,,,,,,,
0,VISIT,88,Random,OnArrival,3,19,5583,Node_575,5,0,6,5,6,,,,,,,,,
0,VISIT,74,Random,OnArrival,3,63,5588,Node_784,-2,0,18,-2,18,,,,,,,,,
0,VISIT,76,Random,OnArrival,3,68,5588,Node_781,-9,0,15,-9,15,,,,,,,,,
0,VISIT,77,Random,OnArrival,3,53,5588,Node_781,-9,0,15,-9,15,,,,,,,,,
0,VISIT,80,Random,OnArrival,3,51,5588,Node_690,0,0,18,0,18,,,,,,,,,
0,VISIT,83,Random,OnArrival,3,40,5588,Node_787,-9,0,14,-9,14,,,,,,,,,
0,VISIT,86,Random,OnArrival,3,20,5588,Node_720,-2,0,6,-2,6,,,,,,,,,
0,VISIT,89,Random,OnArrival,3,0,5592,Node_6,19,0,12,19,12,,,,,,,,,
0,VISIT,90,Random,OnArrival,3,0,5592,Node_7,19,0,8,19,8,,,,,,,,,
0,VISIT,91,Random,OnArrival,3,0,5592,Node_8,17,0,10,17,10,,,,,,,,,
0,VISIT,92,Random,OnArrival,3,0,5592,Node_9,21,0,10,21,10,,,,,,,,,
0,VISIT,74,Random,OnArrival,3,64,5594,Node_785,-2,0,19,-2,19,,,,,,,,,
0,VISIT,80,Random,OnArrival,3,52,5594,Node_650,0,0,17,0,17,,,,,,,,,
0,VISIT,85,Random,OnArrival,3,20,5594,Node_648,3,0,6,3,6,,,,,,,,,
0,VISIT,87,Random,OnArrival,3,18,5594,Node_716,-1,0,6,-1,6,,,,,,,,,
0,VISIT,88,Random,OnArrival,3,20,5594,Node_648,3,0,6,3,6,,,,,,,,,
0,VISIT,89,Random,OnArrival,3,1,5596,Node_2,19,0,11,19,11,,,,,,,,,
0,VISIT,90,Random,OnArrival,3,1,5596,Node_3,19,0,9,19,9,,,,,,,,,
0,VISIT,91,Random,OnArrival,3,1,5596,Node_24,16,0,10,16,10,,,,,,,,,
0,VISIT,92,Random,OnArrival,3,1,5596,Node_5,20,0,10,20,10,,,,,,,,,
0,VISIT,74,Random,OnArrival,3,65,5599,Node_696,-1,0,19,-1,19,,,,,,,,,
0,VISIT,76,Random,OnArrival,3,69,5599,Node_793,-8,0,14,-8,14,,,,,,,,,
0,VISIT,77,Random,OnArrival,3,54,5599,Node_793,-8,0,14,-8,14,,,,,,,,,
0,VISIT,80,Random,OnArrival,3,53,5599,Node_646,1,0,17,1,17,,,,,,,,,
0,VISIT,83,Random,OnArrival,3,41,5599,Node_791,-8,0,15,-8,15,,,,,,,,,
0,VISIT,85,Random,OnArrival,3,21,5599,Node_710,2,0,6,2,6,,,,,,,,,
0,VISIT,86,Random,OnArrival,3,21,5599,Node_755,-4,0,6,-4,6,,,,,,,,,
0,VISIT,87,Random,OnArrival,3,19,5599,Node_720,-2,0,6,-2,6,,,,,,,,,
0,VISIT,88,Random,OnArrival,3,21,5599,Node_710,2,0,6,2,6,,,,,,,,,
0,VISIT,89,Random,OnArrival,3,2,5600,Node_20,19,0,10,19,10,,,,,,,,,
0,VISIT,90,Random,OnArrival,3,2,5600,Node_20,19,0,10,19,10,,,,,,,,,
0,VISIT,91,Random,OnArrival,3,2,5600,Node_26,15,0,10,15,10,,,,,,,,,
0,VISIT,92,Random,OnArrival,3,2,5600,Node_20,19,0,10,19,10,,,,,,,,,
0,VISIT,74,Random,OnArrival,3,66,5604,Node_699,-1,0,20,-1,20,,,,,,,,,
0,VISIT,76,Random,OnArrival,3,70,5604,Node_740,-7,0,14,-7,14,,,,,,,,,
0,VISIT,77,Random,OnArrival,3,55,5604,Node_740,-7,0,14,-7,14,,,,,,,,,
0,VISIT,80,Random,OnArrival,3,54,5604,Node_689,2,0,17,2,17,,,,,,,,,
0,VISIT,83,Random,OnArrival,3,42,5604,Node_738,-7,0,15,-7,15,,,,,,,,,
0,VISIT,86,Random,OnArrival,3,22,5604,Node_752,-4,0,7,-4,7,,,,,,,,,
0,VISIT,89,Random,OnArrival,3,3,5604,Node_4,18,0,10,18,10,,,,,,,,,
0,VISIT,90,Random,OnArrival,3,3,5604,Node_4,18,0,10,18,10,,,,,,,,,
0,VISIT,91,Random,OnArrival,3,3,5604,Node_40,14,0,10,14,10,,,,,,,,,
0,VISIT,92,Random,OnArrival,3,3,5604,Node_4,18,0,10,18,10,,,,,,,,,
0,VISIT,76,Random,OnArrival,3,71,5608,Node_735,-6,0,14,-6,14,,,,,,,,,
0,VISIT,77,Random,OnArrival,3,56,5608,Node_735,-6,0,14,-6,14,,,,,,,,,
0,VISIT,80,Random,OnArrival,3,55,5608,Node_682,3,0,17,3,17,,,,,,,,,
0,VISIT,83,Random,OnArrival,3,43,5608,Node_736,-6,0,15,-6,15,,,,,,,,,
0,VISIT,86,Random,OnArrival,3,23,5608,Node_759,-5,0,7,-5,7,,,,,,,,,
0,VISIT,87,Random,OnArrival,3,20,5608,Node_755,-4,0,6,-4,6,,,,,,,,,
0,VISIT,89,Random,OnArrival,3,4,5608,Node_8,17,0,10,17,10,,,,,,,,,
0,VISIT,90,Random,OnArrival,3,4,5608,Node_8,17,0,10,17,10,,,,,,,,,
0,VISIT,91,Random,OnArrival,3,4,5608,Node_72,13,0,10,13,10,,,,,,,,,
0,VISIT,92,Random,OnArrival,3,4,5608,Node_8,17,0,10,17,10,,,,,,,,,
0,VISIT,74,Random,OnArrival,3,67,5612,Node_702,-1,0,22,-1,22,,,,,,,,,
0,VISIT,76,Random,OnArrival,3,72,5612,Node_736,-6,0,15,-6,15,,,,,,,,,
0,VISIT,77,Random,OnArrival,3,57,5612,Node_736,-6,0,15,-6,15,,,,,,,,,
0,VISIT,80,Random,OnArrival,3,56,5612,Node_689,2,0,17,2,17,,,,,,,,,
0,VISIT,83,Random,OnArrival,3,44,5612,Node_735,-6,0,14,-6,14,,,,,,,,,
0,VISIT,85,Random,OnArrival,3,22,5612,Node_716,-1,0,6,-1,6,,,,,,,,,
0,VISIT,86,Random,OnArrival,3,24,5612,Node_757,-6,0,7,-6,7,,,,,,,,,
0,VISIT,87,Random,OnArrival,3,21,5612,Node_752,-4,0,7,-4,7,,,,,,,,,
0,VISIT,88,Random,OnArrival,3,22,5612,Node_716,-1,0,6,-1,6,,,,,,,,,
0,VISIT,89,Random,OnArrival,3,5,5612,Node_24,16,0,10,16,10,,,,,,,,,
0,VISIT,90,Random,OnArrival,3,5,5612,Node_24,16,0,10,16,10,,,,,,,,,
0,VISIT,91,Random,OnArrival,3,5,5612,Node_128,13,0,9,13,9,,,,,,,,,
0,VISIT,92,Random,OnArrival,3,5,5612,Node_24,16,0,10,16,10,,,,,,,,,
0,VISIT,74,Random,OnArrival,3,68,5616,Node_704,-2,0,22,-2,22,,,,,,,,,
0,VISIT,76,Random,OnArrival,3,73,5616,Node_738,-7,0,15,-7,15,,,,,,,,,
0,VISIT,77,Random,OnArrival,3,58,5616,Node_738,-7,0,15,-7,15,,,,,,,,,
0,VISIT,80,Random,OnArrival,3,57,5616,Node_646,1,0,17,1,17,,,,,,,,,
0,VISIT,83,Random,OnArrival,3,45,5616,Node_736,-6,0,15,-6,15,,,,,,,,,
0,VISIT,85,Random,OnArrival,3,23,5616,Node_720,-2,0,6,-2,6,,,,,,,,,
0,VISIT,86,Random,OnArrival,3,25,5616,Node_626,-7,0,7,-7,7,,,,,,,,,
0,VISIT,87,Random,OnArrival,3,22,5616,Node_759,-5,0,7,-5,7,,,,,,,,,
0,VISIT,88,Random,OnArrival,3,23,5616,Node_720,-2,0,6,-2,6,,,,,,,,,
0,VISIT,89,Random,OnArrival,3,6,5616,Node_26,15,0,10,15,10,,,,,,,,,
0,VISIT,90,Random,OnArrival,3,6,5616,Node_26,15,0,10,15,10,,,,,,,,,
0,VISIT,91,Random,OnArrival,3,6,5616,Node_141,12,0,9,12,9,,,,,,,,,
0,VISIT,92,Random,OnArrival,3,6,5616,Node_26,15,0,10,15,10,,,,,,,,,
0,VISIT,76,Random,OnArrival,3,74,5620,Node_791,-8,0,15,-8,15,,,,,,,,,
0,VISIT,77,Random,OnArrival,3,59,5620,Node_791,-8,0,15,-8,15,,,,,,,,,
0,VISIT,80,Random,OnArrival,3,58,5620,Node_650,0,0,17,0,17,,,,,,,,,
0,VISIT,83,Random,OnArrival,3,46,5620,Node_738,-7,0,15,-7,15,,,,,,,,,
0,VISIT,86,Random,OnArrival,3,26,5620,Node_628,-7,0,8,-7,8,,,,,,,,,
0,VISIT,87,Random,OnArrival,3,23,5620,Node_757,-6,0,7,-6,7,,,,,,,,,
0,VISIT,89,Random,OnArrival,3,7,5620,Node_40,14,0,10,14,10,,,,,,,,,
0,VISIT,90,Random,OnArrival,3,7,5620,Node_40,14,0,10,14,10,,,,,,,,,
0,VISIT,91,Random,OnArrival,3,7,5620,Node_172,11,0,9,11,9,,,,,,,,,
0,VISIT,92,Random,OnArrival,3,7,5620,Node_40,14,0,10,14,10,,,,,,,,,
0,VISIT,76,Random,OnArrival,3,75,5624,Node_781,-9,0,15,-9,15,,,,,,,,,
0,VISIT,77,Random,OnArrival,3,60,5624,Node_781,-9,0,15,-9,15,,,,,,,,,
0,VISIT,80,Random,OnArrival,3,59,5624,Node_690,0,0,18,0,18,,,,,,,,,
0,VISIT,83,Random,OnArrival,3,47,5624,Node_791,-8,0,15,-8,15,,,,,,,,,
0,VISIT,85,Random,OnArrival,3,24,5624,Node_755,-4,0,6,-4,6,,,,,,,,,
0,VISIT,87,Random,OnArrival,3,24,5624,Node_626,-7,0,7,-7,7,,,,,,,,,
0,VISIT,88,Random,OnArrival,3,24,5624,Node_755,-4,0,6,-4,6,,,,,,,,,
0,VISIT,89,Random,OnArrival,3,8,5624,Node_72,13,0,10,13,10,,,,,,,,,
0,VISIT,90,Random,OnArrival,3,8,5624,Node_72,13,0,10,13,10,,,,,,,,,
0,VISIT,91,Random,OnArrival,3,8,5624,Node_185,10,0,9,10,9,,,,,,,,,
0,VISIT,92,Random,OnArrival,3,8,5624,Node_72,13,0,10,13,10,,,,,,,,,
0,VISIT,76,Random,OnArrival,3,76,5628,Node_780,-9,0,16,-9,16,,,,,,,,,
0,VISIT,77,Random,OnArrival,3,61,5628,Node_780,-9,0,16,-9,16,,,,,,,,,
0,VISIT,80,Random,OnArrival,3,60,5628,Node_693,-1,0,18,-1,18,,,,,,,,,
0,VISIT,83,Random,OnArrival,3,48,5628,Node_781,-9,0,15,-9,15,,,,,,,,,
0,VISIT,85,Random,OnArrival,3,25,5628,Node_752,-4,0,7,-4,7,,,,,,,,,
0,VISIT,87,Random,OnArrival,3,25,5628,Node_628,-7,0,8,-7,8,,,,,,,,,
0,VISIT,88,Random,OnArrival,3,25,5628,Node_752,-4,0,7,-4,7,,,,,,,,,
0,VISIT,89,Random,OnArrival,3,9,5628,Node_128,13,0,9,13,9,,,,,,,,,
0,VISIT,90,Random,OnArrival,3,9,5628,Node_128,13,0,9,13,9,,,,,,,,,
0,VISIT,91,Random,OnArrival,3,9,5628,Node_188,10,0,10,10,10,,,,,,,,,
0,VISIT,92,Random,OnArrival,3,9,5628,Node_128,13,0,9,13,9,,,,,,,,,
0,VISIT,76,Random,OnArrival,3,77,5632,Node_770,-9,0,17,-9,17,,,,,,,,,
0,VISIT,77,Random,OnArrival,3,62,5632,Node_770,-9,0,17,-9,17,,,,,,,,,
0,VISIT,80,Random,OnArrival,3,61,5632,Node_696,-1,0,19,-1,19,,,,,,,,,
0,VISIT,83,Random,OnArrival,3,49,5632,Node_780,-9,0,16,-9,16,,,,,,,,,
0,VISIT,85,Random,OnArrival,3,26,5632,Node_759,-5,0,7,-5,7,,,,,,,,,
0,VISIT,86,Random,OnArrival,3,27,5632,Node_769,-10,0,8,-10,8,,,,,,,,,
0,VISIT,88,Random,OnArrival,3,26,5632,Node_759,-5,0,7,-5,7,,,,,,,,,
0,VISIT,89,Random,OnArrival,3,10,5632,Node_141,12,0,9,12,9,,,,,,,,,
0,VISIT,90,Random,OnArrival,3,10,5632,Node_141,12,0,9,12,9,,,,,,,,,
0,VISIT,91,Random,OnArrival,3,10,5632,Node_254,9,0,10,9,10,,,,,,,,,
0,VISIT,92,Random,OnArrival,3,10,5632,Node_141,12,0,9,12,9,,,,,,,,,
0,VISIT,80,Random,OnArrival,3,62,5636,Node_699,-1,0,20,-1,20,,,,,,,,,
0,VISIT,83,Random,OnArrival,3,50,5636,Node_770,-9,0,17,-9,17,,,,,,,,,
0,VISIT,85,Random,OnArrival,3,27,5636,Node_757,-6,0,7,-6,7,,,,,,,,,
0,VISIT,88,Random,OnArrival,3,27,5636,Node_757,-6,0,7,-6,7,,,,,,,,,
0,VISIT,89,Random,OnArrival,3,11,5636,Node_172,11,0,9,11,9,,,,,,,,,
0,VISIT,90,Random,OnArrival,3,11,5636,Node_172,11,0,9,11,9,,,,,,,,,
0,VISIT,91,Random,OnArrival,3,11,5636,Node_333,8,0,10,8,10,,,,,,,,,
0,VISIT,92,Random,OnArrival,3,11,5636,Node_172,11,0,9,11,9,,,,,,,,,
0,VISIT,85,Random,OnArrival,3,28,5640,Node_626,-7,0,7,-7,7,,,,,,,,,
0,VISIT,86,Random,OnArrival,3,28,5640,Node_774,-10,0,10,-10,10,,,,,,,,,
0,VISIT,87,Random,OnArrival,3,26,5640,Node_769,-10,0,8,-10,8,,,,,,,,,
0,VISIT,88,Random,OnArrival,3,28,5640,Node_626,-7,0,7,-7,7,,,,,,,,,
0,VISIT,89,Random,OnArrival,3,12,5640,Node_185,10,0,9,10,9,,,,,,,,,
0,VISIT,90,Random,OnArrival,3,12,5640,Node_185,10,0,9,10,9,,,,,,,,,
0,VISIT,92,Random,OnArrival,3,12,5640,Node_185,10,0,9,10,9,,,,,,,,,
0,VISIT,76,Random,OnArrival,3,78,5644,Node_764,-6,0,17,-6,17,,,,,,,,,
0,VISIT,77,Random,OnArrival,3,63,5644,Node_764,-6,0,17,-6,17,,,,,,,,,
0,VISIT,80,Random,OnArrival,3,63,5644,Node_788,1,0,20,1,20,,,,,,,,,
0,VISIT,85,Random,OnArrival,3,29,5644,Node_628,-7,0,8,-7,8,,,,,,,,,
0,VISIT,86,Random,OnArrival,3,29,5644,Node_773,-10,0,11,-10,11,,,,,,,,,
0,VISIT,88,Random,OnArrival,3,29,5644,Node_628,-7,0,8,-7,8,,,,,,,,,
0,VISIT,89,Random,OnArrival,3,13,5644,Node_188,10,0,10,10,10,,,,,,,,,
0,VISIT,90,Random,OnArrival,3,13,5644,Node_188,10,0,10,10,10,,,,,,,,,
0,VISIT,91,Random,OnArrival,3,12,5644,Node_338,6,0,10,6,10,,,,,,,,,
0,VISIT,92,Random,OnArrival,3,13,5644,Node_188,10,0,10,10,10,,,,,,,,,
0,VISIT,76,Random,OnArrival,3,79,5648,Node_760,-5,0,17,-5,17,,,,,,,,,
0,VISIT,77,Random,OnArrival,3,64,5648,Node_760,-5,0,17,-5,17,,,,,,,,,
0,VISIT,83,Random,OnArrival,3,51,5648,Node_764,-6,0,17,-6,17,,,,,,,,,
0,VISIT,87,Random,OnArrival,3,27,5648,Node_774,-10,0,10,-10,10,,,,,,,,,
0,VISIT,89,Random,OnArrival,3,14,5648,Node_254,9,0,10,9,10,,,,,,,,,
0,VISIT,90,Random,OnArrival,3,14,5648,Node_254,9,0,10,9,10,,,,,,,,,
0,VISIT,91,Random,OnArrival,3,13,5648,Node_343,5,0,10,5,10,,,,,,,,,
0,VISIT,92,Random,OnArrival,3,14,5648,Node_254,9,0,10,9,10,,,,,,,,,
0,VISIT,76,Random,OnArrival,3,80,5652,Node_701,-4,0,17,-4,17,,,,,,,,,
0,VISIT,77,Random,OnArrival,3,65,5652,Node_701,-4,0,17,-4,17,,,,,,,,,
0,VISIT,80,Random,OnArrival,3,64,5652,Node_790,2,0,21,2,21,,,,,,,,,
0,VISIT,83,Random,OnArrival,3,52,5652,Node_760,-5,0,17,-5,17,,,,,,,,,
0,VISIT,87,Random,OnArrival,3,28,5652,Node_773,-10,0,11,-10,11,,,,,,,,,
0,VISIT,89,Random,OnArrival,3,15,5652,Node_333,8,0,10,8,10,,,,,,,,,
0,VISIT,90,Random,OnArrival,3,15,5652,Node_333,8,0,10,8,10,,,,,,,,,
0,VISIT,92,Random,OnArrival,3,15,5652,Node_333,8,0,10,8,10,,,,,,,,,
0,VISIT,76,Random,OnArrival,3,81,5656,Node_700,-3,0,17,-3,17,,,,,,,,,
0,VISIT,77,Random,OnArrival,3,66,5656,Node_700,-3,0,17,-3,17,,,,,,,,,
0,VISIT,80,Random,OnArrival,3,65,5656,Node_345,3,0,21,3,21,,,,,,,,,
0,VISIT,83,Random,OnArrival,3,53,5656,Node_701,-4,0,17,-4,17,,,,,,,,,
0,VISIT,85,Random,OnArrival,3,30,5656,Node_769,-10,0,8,-10,8,,,,,,,,,
0,VISIT,86,Random,OnArrival,3,30,5656,Node_776,-10,0,14,-10,14,,,,,,,,,
0,VISIT,88,Random,OnArrival,3,30,5656,Node_769,-10,0,8,-10,8,,,,,,,,,
0,VISIT,91,Random,OnArrival,3,14,5656,Node_632,3,0,10,3,10,,,,,,,,,
0,VISIT,76,Random,OnArrival,3,82,5661,Node_783,-2,0,17,-2,17,,,,,,,,,
0,VISIT,77,Random,OnArrival,3,67,5661,Node_783,-2,0,17,-2,17,,,,,,,,,
0,VISIT,80,Random,OnArrival,3,66,5661,Node_344,3,0,20,3,20,,,,,,,,,
0,VISIT,83,Random,OnArrival,3,54,5661,Node_700,-3,0,17,-3,17,,,,,,,,,
0,VISIT,86,Random,OnArrival,3,31,5661,Node_777,-10,0,15,-10,15,,,,,,,,,
0,VISIT,89,Random,OnArrival,3,16,5661,Node_338,6,0,10,6,10,,,,,,,,,
0,VISIT,90,Random,OnArrival,3,16,5661,Node_338,6,0,10,6,10,,,,,,,,,
0,VISIT,92,Random,OnArrival,3,16,5661,Node_338,6,0,10,6,10,,,,,,,,,
0,VISIT,76,Random,OnArrival,3,83,5665,Node_784,-2,0,18,-2,18,,,,,,,,,
0,VISIT,77,Random,OnArrival,3,68,5665,Node_784,-2,0,18,-2,18,,,,,,,,,
0,VISIT,80,Random,OnArrival,3,67,5665,Node_803,2,0,20,2,20,,,,,,,,,
0,VISIT,83,Random,OnArrival,3,55,5665,Node_783,-2,0,17,-2,17,,,,,,,,,
0,VISIT,85,Random,OnArrival,3,31,5665,Node_774,-10,0,10,-10,10,,,,,,,,,
0,VISIT,86,Random,OnArrival,3,32,5665,Node_778,-10,0,16,-10,16,,,,,,,,,
0,VISIT,87,Random,OnArrival,3,29,5665,Node_776,-10,0,14,-10,14,,,,,,,,,
0,VISIT,88,Random,OnArrival,3,31,5665,Node_774,-10,0,10,-10,10,,,,,,,,,
0,VISIT,89,Random,OnArrival,3,17,5665,Node_343,5,0,10,5,10,,,,,,,,,
0,VISIT,90,Random,OnArrival,3,17,5665,Node_343,5,0,10,5,10,,,,,,,,,
0,VISIT,91,Random,OnArrival,3,15,5665,Node_343,5,0,10,5,10,,,,,,,,,
0,VISIT,92,Random,OnArrival,3,17,5665,Node_343,5,0,10,5,10,,,,,,,,,
0,VISIT,93,Random,OnArrival,3,0,5665,Node_6,19,0,12,19,12,,,,,,,,,
0,VISIT,94,Random,OnArrival,3,0,5665,Node_7,19,0,8,19,8,,,,,,,,,
0,VISIT,95,Random,OnArrival,3,0,5665,Node_8,17,0,10,17,10,,,,,,,,,
0,VISIT,96,Random,OnArrival,3,0,5665,Node_9,21,0,10,21,10,,,,,,,,,
0,VISIT,76,Random,OnArrival,3,84,5669,Node_785,-2,0,19,-2,19,,,,,,,,,
0,VISIT,77,Random,OnArrival,3,69,5669,Node_785,-2,0,19,-2,19,,,,,,,,,
0,VISIT,80,Random,OnArrival,3,68,5669,Node_790,2,0,21,2,21,,,,,,,,,
0,VISIT,83,Random,OnArrival,3,56,5669,Node_784,-2,0,18,-2,18,,,,,,,,,
0,VISIT,84,Random,OnArrival,3,38,5669,Node_805,-5,0,23,-5,23,,,,,,,,,
0,VISIT,85,Random,OnArrival,3,32,5669,Node_773,-10,0,11,-10,11,,,,,,,,,
0,VISIT,86,Random,OnArrival,3,33,5669,Node_779,-10,0,17,-10,17,,,,,,,,,
0,VISIT,87,Random,OnArrival,3,30,5669,Node_777,-10,0,15,-10,15,,,,,,,,,
0,VISIT,88,Random,OnArrival,3,32,5669,Node_773,-10,0,11,-10,11,,,,,,,,,
0,VISIT,93,Random,OnArrival,3,1,5669,Node_10,18,0,12,18,12,,,,,,,,,
0,VISIT,94,Random,OnArrival,3,1,5669,Node_3,19,0,9,19,9,,,,,,,,,
0,VISIT,95,Random,OnArrival,3,1,5669,Node_12,17,0,11,17,11,,,,,,,,,
0,VISIT,96,Random,OnArrival,3,1,5669,Node_5,20,0,10,20,10,,,,,,,,,
0,VISIT,76,Random,OnArrival,3,85,5673,Node_786,-2,0,20,-2,20,,,,,,,,,
0,VISIT,77,Random,OnArrival,3,70,5673,Node_786,-2,0,20,-2,20,,,,,,,,,
0,VISIT,80,Random,OnArrival,3,69,5673,Node_792,2,0,22,2,22,,,,,,,,,
0,VISIT,83,Random,OnArrival,3,57,5673,Node_785,-2,0,19,-2,19,,,,,,,,,
0,VISIT,84,Random,OnArrival,3,39,5673,Node_804,-5,0,24,-5,24,,,,,,,,,
0,VISIT,86,Random,OnArrival,3,34,5673,Node_770,-9,0,17,-9,17,,,,,,,,,
0,VISIT,87,Random,OnArrival,3,31,5673,Node_778,-10,0,16,-10,16,,,,,,,,,
0,VISIT,89,Random,OnArrival,3,18,5673,Node_346,5,0,12,5,12,,,,,,,,,
0,VISIT,90,Random,OnArrival,3,18,5673,Node_346,5,0,12,5,12,,,,,,,,,
0,VISIT,91,Random,OnArrival,3,16,5673,Node_346,5,0,12,5,12,,,,,,,,,
0,VISIT,92,Random,OnArrival,3,18,5673,Node_346,5,0,12,5,12,,,,,,,,,
0,VISIT,93,Random,OnArrival,3,2,5673,Node_16,17,0,12,17,12,,,,,,,,,
0,VISIT,94,Random,OnArrival,3,2,5673,Node_20,19,0,10,19,10,,,,,,,,,
0,VISIT,95,Random,OnArrival,3,2,5673,Node_16,17,0,12,17,12,,,,,,,,,
0,VISIT,96,Random,OnArrival,3,2,5673,Node_55,20,0,11,20,11,,,,,,,,,
0,VISIT,76,Random,OnArrival,3,86,5677,Node_699,-1,0,20,-1,20,,,,,,,,,
0,VISIT,77,Random,OnArrival,3,71,5677,Node_699,-1,0,20,-1,20,,,,,,,,,
0,VISIT,80,Random,OnArrival,3,70,5677,Node_347,3,0,22,3,22,,,,,,,,,
0,VISIT,83,Random,OnArrival,3,58,5677,Node_786,-2,0,20,-2,20,,,,,,,,,
0,VISIT,87,Random,OnArrival,3,32,5677,Node_779,-10,0,17,-10,17,,,,,,,,,
0,VISIT,89,Random,OnArrival,3,19,5677,Node_348,5,0,13,5,13,,,,,,,,,
0,VISIT,90,Random,OnArrival,3,19,5677,Node_348,5,0,13,5,13,,,,,,,,,
0,VISIT,91,Random,OnArrival,3,17,5677,Node_348,5,0,13,5,13,,,,,,,,,
0,VISIT,92,Random,OnArrival,3,19,5677,Node_348,5,0,13,5,13,,,,,,,,,
0,VISIT,93,Random,OnArrival,3,3,5677,Node_18,16,0,12,16,12,,,,,,,,,
0,VISIT,94,Random,OnArrival,3,3,5677,Node_4,18,0,10,18,10,,,,,,,,,
0,VISIT,95,Random,OnArrival,3,3,5677,Node_18,16,0,12,16,12,,,,,,,,,
0,VISIT,96,Random,OnArrival,3,3,5677,Node_46,20,0,12,20,12,,,,,,,,,
0,VISIT,80,Random,OnArrival,3,71,5681,Node_345,3,0,21,3,21,,,,,,,,,
0,VISIT,83,Random,OnArrival,3,59,5681,Node_699,-1,0,20,-1,20,,,,,,,,,
0,VISIT,85,Random,OnArrival,3,33,5681,Node_776,-10,0,14,-10,14,,,,,,,,,
0,VISIT,87,Random,OnArrival,3,33,5681,Node_770,-9,0,17,-9,17,,,,,,,,,
0,VISIT,88,Random,OnArrival,3,33,5681,Node_776,-10,0,14,-10,14,,,,,,,,,
0,VISIT,89,Random,OnArrival,3,20,5681,Node_661,5,0,14,5,14,,,,,,,,,
0,VISIT,90,Random,OnArrival,3,20,5681,Node_661,5,0,14,5,14,,,,,,,,,
0,VISIT,91,Random,OnArrival,3,18,5681,Node_661,5,0,14,5,14,,,,,,,,,
0,VISIT,92,Random,OnArrival,3,20,5681,Node_661,5,0,14,5,14,,,,,,,,,
0,VISIT,93,Random,OnArrival,3,4,5681,Node_29,15,0,12,15,12,,,,,,,,,
0,VISIT,94,Random,OnArrival,3,4,5681,Node_8,17,0,10,17,10,,,,,,,,,
0,VISIT,95,Random,OnArrival,3,4,5681,Node_29,15,0,12,15,12,,,,,,,,,
0,VISIT,96,Random,OnArrival,3,4,5681,Node_49,20,0,13,20,13,,,,,,,,,
0,VISIT,76,Random,OnArrival,3,87,5685,Node_702,-1,0,22,-1,22,,,,,,,,,
0,VISIT,77,Random,OnArrival,3,72,5685,Node_702,-1,0,22,-1,22,,,,,,,,,
0,VISIT,80,Random,OnArrival,3,72,5685,Node_344,3,0,20,3,20,,,,,,,,,
0,VISIT,85,Random,OnArrival,3,34,5685,Node_777,-10,0,15,-10,15,,,,,,,,,
0,VISIT,86,Random,OnArrival,3,35,5685,Node_764,-6,0,17,-6,17,,,,,,,,,
0,VISIT,88,Random,OnArrival,3,34,5685,Node_777,-10,0,15,-10,15,,,,,,,,,
0,VISIT,89,Random,OnArrival,3,21,5685,Node_664,5,0,15,5,15,,,,,,,,,
0,VISIT,90,Random,OnArrival,3,21,5685,Node_664,5,0,15,5,15,,,,,,,,,
0,VISIT,91,Random,OnArrival,3,19,5685,Node_664,5,0,15,5,15,,,,,,,,,
0,VISIT,92,Random,OnArrival,3,21,5685,Node_664,5,0,15,5,15,,,,,,,,,
0,VISIT,93,Random,OnArrival,3,5,5685,Node_31,15,0,13,15,13,,,,,,,,,
0,VISIT,94,Random,OnArrival,3,5,5685,Node_12,17,0,11,17,11,,,,,,,,,
0,VISIT,95,Random,OnArrival,3,5,5685,Node_31,15,0,13,15,13,,,,,,,,,
0,VISIT,96,Random,OnArrival,3,5,5685,Node_52,20,0,14,20,14,,,,,,,,,
0,VISIT,76,Random,OnArrival,3,88,5689,Node_704,-2,0,22,-2,22,,,,,,,,,
0,VISIT,77,Random,OnArrival,3,73,5689,Node_704,-2,0,22,-2,22,,,,,,,,,
0,VISIT,83,Random,OnArrival,3,60,5689,Node_702,-1,0,22,-1,22,,,,,,,,,
0,VISIT,85,Random,OnArrival,3,35,5689,Node_778,-10,0,16,-10,16,,,,,,,,,
0,VISIT,86,Random,OnArrival,3,36,5689,Node_760,-5,0,17,-5,17,,,,,,,,,
0,VISIT,88,Random,OnArrival,3,35,5689,Node_778,-10,0,16,-10,16,,,,,,,,,
0,VISIT,89,Random,OnArrival,3,22,5689,Node_332,5,0,16,5,16,,,,,,,,,
0,VISIT,90,Random,OnArrival,3,22,5689,Node_332,5,0,16,5,16,,,,,,,,,
0,VISIT,91,Random,OnArrival,3,20,5689,Node_332,5,0,16,5,16,,,,,,,,,
0,VISIT,92,Random,OnArrival,3,22,5689,Node_332,5,0,16,5,16,,,,,,,,,
0,VISIT,93,Random,OnArrival,3,6,5689,Node_36,14,0,13,14,13,,,,,,,,,
0,VISIT,94,Random,OnArrival,3,6,5689,Node_16,17,0,12,17,12,,,,,,,,,
0,VISIT,95,Random,OnArrival,3,6,5689,Node_36,14,0,13,14,13,,,,,,,,,
0,VISIT,80,Random,OnArrival,3,73,5693,Node_341,5,0,20,5,20,,,,,,,,,
0,VISIT,83,Random,OnArrival,3,61,5693,Node_704,-2,0,22,-2,22,,,,,,,,,
0,VISIT,84,Random,OnArrival,3,40,5693,Node_809,-6,0,24,-6,24,,,,,,,,,
0,VISIT,85,Random,OnArrival,3,36,5693,Node_779,-10,0,17,-10,17,,,,,,,,,
0,VISIT,86,Random,OnArrival,3,37,5693,Node_701,-4,0,17,-4,17,,,,,,,,,
0,VISIT,87,Random,OnArrival,3,34,5693,Node_764,-6,0,17,-6,17,,,,,,,,,
0,VISIT,88,Random,OnArrival,3,36,5693,Node_779,-10,0,17,-10,17,,,,,,,,,
0,VISIT,89,Random,OnArrival,3,23,5693,Node_335,5,0,17,5,17,,,,,,,,,
0,VISIT,90,Random,OnArrival,3,23,5693,Node_335,5,0,17,5,17,,,,,,,,,
0,VISIT,91,Random,OnArrival,3,21,5693,Node_335,5,0,17,5,17,,,,,,,,,
0,VISIT,92,Random,OnArrival,3,23,5693,Node_335,5,0,17,5,17,,,,,,,,,
0,VISIT,93,Random,OnArrival,3,7,5693,Node_37,14,0,14,14,14,,,,,,,,,
0,VISIT,94,Random,OnArrival,3,7,5693,Node_18,16,0,12,16,12,,,,,,,,,
0,VISIT,95,Random,OnArrival,3,7,5693,Node_37,14,0,14,14,14,,,,,,,,,
0,VISIT,96,Random,OnArrival,3,6,5693,Node_65,18,0,14,18,14,,,,,,,,,
0,VISIT,76,Random,OnArrival,3,89,5697,Node_800,-3,0,23,-3,23,,,,,,,,,
0,VISIT,77,Random,OnArrival,3,74,5697,Node_800,-3,0,23,-3,23,,,,,,,,,
0,VISIT,80,Random,OnArrival,3,74,5697,Node_325,6,0,20,6,20,,,,,,,,,
0,VISIT,83,Random,OnArrival,3,62,5697,Node_798,-2,0,23,-2,23,,,,,,,,,
0,VISIT,84,Random,OnArrival,3,41,5697,Node_804,-5,0,24,-5,24,,,,,,,,,
0,VISIT,85,Random,OnArrival,3,37,5697,Node_770,-9,0,17,-9,17,,,,,,,,,
0,VISIT,86,Random,OnArrival,3,38,5697,Node_700,-3,0,17,-3,17,,,,,,,,,
0,VISIT,87,Random,OnArrival,3,35,5697,Node_760,-5,0,17,-5,17,,,,,,,,,
0,VISIT,88,Random,OnArrival,3,37,5697,Node_770,-9,0,17,-9,17,,,,,,,,,
0,VISIT,89,Random,OnArrival,3,24,5697,Node_337,5,0,18,5,18,,,,,,,,,
0,VISIT,90,Random,OnArrival,3,24,5697,Node_337,5,0,18,5,18,,,,,,,,,
0,VISIT,91,Random,OnArrival,3,22,5697,Node_337,5,0,18,5,18,,,,,,,,,
0,VISIT,92,Random,OnArrival,3,24,5697,Node_337,5,0,18,5,18,,,,,,,,,
0,VISIT,93,Random,OnArrival,3,8,5697,Node_38,13,0,14,13,14,,,,,,,,,
0,VISIT,94,Random,OnArrival,3,8,5697,Node_29,15,0,12,15,12,,,,,,,,,
0,VISIT,95,Random,OnArrival,3,8,5697,Node_38,13,0,14,13,14,,,,,,,,,
0,VISIT,96,Random,OnArrival,3,7,5697,Node_87,17,0,14,17,14,,,,,,,,,
0,VISIT,76,Random,OnArrival,3,90,5701,Node_808,-4,0,23,-4,23,,,,,,,,,
0,VISIT,77,Random,OnArrival,3,75,5701,Node_808,-4,0,23,-4,23,,,,,,,,,
0,VISIT,80,Random,OnArrival,3,75,5701,Node_324,7,0,20,7,20,,,,,,,,,
0,VISIT,83,Random,OnArrival,3,63,5701,Node_800,-3,0,23,-3,23,,,,,,,,,
0,VISIT,84,Random,OnArrival,3,42,5701,Node_802,-5,0,25,-5,25,,,,,,,,,
0,VISIT,86,Random,OnArrival,3,39,5701,Node_783,-2,0,17,-2,17,,,,,,,,,
0,VISIT,87,Random,OnArrival,3,36,5701,Node_701,-4,0,17,-4,17,,,,,,,,,
0,VISIT,89,Random,OnArrival,3,25,5701,Node_339,5,0,19,5,19,,,,,,,,,
0,VISIT,90,Random,OnArrival,3,25,5701,Node_339,5,0,19,5,19,,,,,,,,,
0,VISIT,91,Random,OnArrival,3,23,5701,Node_339,5,0,19,5,19,,,,,,,,,
0,VISIT,92,Random,OnArrival,3,25,5701,Node_339,5,0,19,5,19,,,,,,,,,
0,VISIT,93,Random,OnArrival,3,9,5701,Node_39,13,0,15,13,15,,,,,,,,,
0,VISIT,94,Random,OnArrival,3,9,5701,Node_31,15,0,13,15,13,,,,,,,,,
0,VISIT,95,Random,OnArrival,3,9,5701,Node_39,13,0,15,13,15,,,,,,,,,
0,VISIT,96,Random,OnArrival,3,8,5701,Node_92,16,0,14,16,14,,,,,,,,,
0,VISIT,76,Random,OnArrival,3,91,5705,Node_805,-5,0,23,-5,23,,,,,,,,,
0,VISIT,77,Random,OnArrival,3,76,5705,Node_805,-5,0,23,-5,23,,,,,,,,,
0,VISIT,80,Random,OnArrival,3,76,5705,Node_363,8,0,20,8,20,,,,,,,,,
0,VISIT,83,Random,OnArrival,3,64,5705,Node_813,-3,0,22,-3,22,,,,,,,,,
0,VISIT,84,Random,OnArrival,3,43,5705,Node_810,-6,0,25,-6,25,,,,,,,,,
0,VISIT,86,Random,OnArrival,3,40,5705,Node_784,-2,0,18,-2,18,,,,,,,,,
0,VISIT,87,Random,OnArrival,3,37,5705,Node_700,-3,0,17,-3,17,,,,,,,,,
0,VISIT,89,Random,OnArrival,3,26,5705,Node_341,5,0,20,5,20,,,,,,,,,
0,VISIT,90,Random,OnArrival,3,26,5705,Node_341,5,0,20,5,20,,,,,,,,,
0,VISIT,91,Random,OnArrival,3,24,5705,Node_341,5,0,20,5,20,,,,,,,,,
0,VISIT,92,Random,OnArrival,3,26,5705,Node_341,5,0,20,5,20,,,,,,,,,
0,VISIT,93,Random,OnArrival,3,10,5705,Node_293,13,0,16,13,16,,,,,,,,,
0,VISIT,94,Random,OnArrival,3,10,5705,Node_36,14,0,13,14,13,,,,,,,,,
0,VISIT,95,Random,OnArrival,3,10,5705,Node_293,13,0,16,13,16,,,,,,,,,
0,VISIT,96,Random,OnArrival,3,9,5705,Node_78,15,0,14,15,14,,,,,,,,,
0,VISIT,76,Random,OnArrival,3,92,5709,Node_804,-5,0,24,-5,24,,,,,,,,,
0,VISIT,77,Random,OnArrival,3,77,5709,Node_804,-5,0,24,-5,24,,,,,,,,,
0,VISIT,83,Random,OnArrival,3,65,5709,Node_807,-4,0,22,-4,22,,,,,,,,,
0,VISIT,84,Random,OnArrival,3,44,5709,Node_811,-7,0,25,-7,25,,,,,,,,,
0,VISIT,85,Random,OnArrival,3,38,5709,Node_764,-6,0,17,-6,17,,,,,,,,,
0,VISIT,86,Random,OnArrival,3,41,5709,Node_785,-2,0,19,-2,19,,,,,,,,,
0,VISIT,87,Random,OnArrival,3,38,5709,Node_783,-2,0,17,-2,17,,,,,,,,,
0,VISIT,88,Random,OnArrival,3,38,5709,Node_764,-6,0,17,-6,17,,,,,,,,,
0,VISIT,89,Random,OnArrival,3,27,5709,Node_325,6,0,20,6,20,,,,,,,,,
0,VISIT,90,Random,OnArrival,3,27,5709,Node_325,6,0,20,6,20,,,,,,,,,
0,VISIT,91,Random,OnArrival,3,25,5709,Node_325,6,0,20,6,20,,,,,,,,,
0,VISIT,92,Random,OnArrival,3,27,5709,Node_325,6,0,20,6,20,,,,,,,,,
0,VISIT,93,Random,OnArrival,3,11,5709,Node_292,13,0,17,13,17,,,,,,,,,
0,VISIT,94,Random,OnArrival,3,11,5709,Node_37,14,0,14,14,14,,,,,,,,,
0,VISIT,95,Random,OnArrival,3,11,5709,Node_292,13,0,17,13,17,,,,,,,,,
0,VISIT,96,Random,OnArrival,3,10,5709,Node_37,14,0,14,14,14,,,,,,,,,
0,VISIT,76,Random,OnArrival,3,93,5713,Node_802,-5,0,25,-5,25,,,,,,,,,
0,VISIT,77,Random,OnArrival,3,78,5713,Node_802,-5,0,25,-5,25,,,,,,,,,
0,VISIT,80,Random,OnArrival,3,77,5713,Node_355,9,0,21,9,21,,,,,,,,,
0,VISIT,83,Random,OnArrival,3,66,5713,Node_813,-3,0,22,-3,22,,,,,,,,,
0,VISIT,85,Random,OnArrival,3,39,5713,Node_760,-5,0,17,-5,17,,,,,,,,,
0,VISIT,86,Random,OnArrival,3,42,5713,Node_786,-2,0,20,-2,20,,,,,,,,,
0,VISIT,87,Random,OnArrival,3,39,5713,Node_784,-2,0,18,-2,18,,,,,,,,,
0,VISIT,88,Random,OnArrival,3,39,5713,Node_760,-5,0,17,-5,17,,,,,,,,,
0,VISIT,89,Random,OnArrival,3,28,5713,Node_324,7,0,20,7,20,,,,,,,,,
0,VISIT,90,Random,OnArrival,3,28,5713,Node_324,7,0,20,7,20,,,,,,,,,
0,VISIT,91,Random,OnArrival,3,26,5713,Node_324,7,0,20,7,20,,,,,,,,,
0,VISIT,92,Random,OnArrival,3,28,5713,Node_324,7,0,20,7,20,,,,,,,,,
0,VISIT,93,Random,OnArrival,3,12,5713,Node_290,13,0,18,13,18,,,,,,,,,
0,VISIT,94,Random,OnArrival,3,12,5713,Node_38,13,0,14,13,14,,,,,,,,,
0,VISIT,95,Random,OnArrival,3,12,5713,Node_290,13,0,18,13,18,,,,,,,,,
0,VISIT,96,Random,OnArrival,3,11,5713,Node_38,13,0,14,13,14,,,,,,,,,
0,VISIT,76,Random,OnArrival,3,94,5717,Node_810,-6,0,25,-6,25,,,,,,,,,
0,VISIT,80,Random,OnArrival,3,78,5717,Node_361,8,0,21,8,21,,,,,,,,,
0,VISIT,83,Random,OnArrival,3,67,5717,Node_704,-2,0,22,-2,22,,,,,,,,,
0,VISIT,84,Random,OnArrival,3,45,5717,Node_729,-9,0,25,-9,25,,,,,,,,,
0,VISIT,85,Random,OnArrival,3,40,5717,Node_701,-4,0,17,-4,17,,,,,,,,,
0,VISIT,86,Random,OnArrival,3,43,5717,Node_699,-1,0,20,-1,20,,,,,,,,,
0,VISIT,87,Random,OnArrival,3,40,5717,Node_785,-2,0,19,-2,19,,,,,,,,,
0,VISIT,88,Random,OnArrival,3,40,5717,Node_701,-4,0,17,-4,17,,,,,,,,,
0,VISIT,89,Random,OnArrival,3,29,5717,Node_363,8,0,20,8,20,,,,,,,,,
0,VISIT,90,Random,OnArrival,3,29,5717,Node_363,8,0,20,8,20,,,,,,,,,
0,VISIT,91,Random,OnArrival,3,27,5717,Node_363,8,0,20,8,20,,,,,,,,,
0,VISIT,92,Random,OnArrival,3,29,5717,Node_363,8,0,20,8,20,,,,,,,,,
0,VISIT,93,Random,OnArrival,3,13,5717,Node_297,12,0,18,12,18,,,,,,,,,
0,VISIT,94,Random,OnArrival,3,13,5717,Node_39,13,0,15,13,15,,,,,,,,,
0,VISIT,95,Random,OnArrival,3,13,5717,Node_297,12,0,18,12,18,,,,,,,,,
0,VISIT,96,Random,OnArrival,3,12,5717,Node_39,13,0,15,13,15,,,,,,,,,
0,VISIT,76,Random,OnArrival,3,95,5721,Node_811,-7,0,25,-7,25,,,,,,,,,
0,VISIT,80,Random,OnArrival,3,79,5721,Node_359,8,0,22,8,22,,,,,,,,,
0,VISIT,83,Random,OnArrival,3,68,5721,Node_702,-1,0,22,-1,22,,,,,,,,,
0,VISIT,85,Random,OnArrival,3,41,5721,Node_703,-4,0,18,-4,18,,,,,,,,,
0,VISIT,87,Random,OnArrival,3,41,5721,Node_786,-2,0,20,-2,20,,,,,,,,,
0,VISIT,88,Random,OnArrival,3,41,5721,Node_703,-4,0,18,-4,18,,,,,,,,,
0,VISIT,89,Random,OnArrival,3,30,5721,Node_361,8,0,21,8,21,,,,,,,,,
0,VISIT,90,Random,OnArrival,3,30,5721,Node_361,8,0,21,8,21,,,,,,,,,
0,VISIT,91,Random,OnArrival,3,28,5721,Node_361,8,0,21,8,21,,,,,,,,,
0,VISIT,92,Random,OnArrival,3,30,5721,Node_361,8,0,21,8,21,,,,,,,,,
0,VISIT,93,Random,OnArrival,3,14,5721,Node_299,11,0,18,11,18,,,,,,,,,
0,VISIT,94,Random,OnArrival,3,14,5721,Node_293,13,0,16,13,16,,,,,,,,,
0,VISIT,95,Random,OnArrival,3,14,5721,Node_299,11,0,18,11,18,,,,,,,,,
0,VISIT,96,Random,OnArrival,3,13,5721,Node_293,13,0,16,13,16,,,,,,,,,
0,VISIT,76,Random,OnArrival,3,96,5725,Node_810,-6,0,25,-6,25,,,,,,,,,
0,VISIT,80,Random,OnArrival,3,80,5725,Node_400,7,0,22,7,22,,,,,,,,,
0,VISIT,84,Random,OnArrival,3,46,5725,Node_811,-7,0,25,-7,25,,,,,,,,,
0,VISIT,85,Random,OnArrival,3,42,5725,Node_705,-5,0,18,-5,18,,,,,,,,,
0,VISIT,86,Random,OnArrival,3,44,5725,Node_702,-1,0,22,-1,22,,,,,,,,,
0,VISIT,87,Random,OnArrival,3,42,5725,Node_699,-1,0,20,-1,20,,,,,,,,,
0,VISIT,88,Random,OnArrival,3,42,5725,Node_705,-5,0,18,-5,18,,,,,,,,,
0,VISIT,89,Random,OnArrival,3,31,5725,Node_359,8,0,22,8,22,,,,,,,,,
0,VISIT,90,Random,OnArrival,3,31,5725,Node_359,8,0,22,8,22,,,,,,,,,
0,VISIT,91,Random,OnArrival,3,29,5725,Node_359,8,0,22,8,22,,,,,,,,,
0,VISIT,92,Random,OnArrival,3,31,5725,Node_359,8,0,22,8,22,,,,,,,,,
0,VISIT,94,Random,OnArrival,3,15,5725,Node_292,13,0,17,13,17,,,,,,,,,
0,VISIT,96,Random,OnArrival,3,14,5725,Node_292,13,0,17,13,17,,,,,,,,,
0,VISIT,76,Random,OnArrival,3,97,5729,Node_802,-5,0,25,-5,25,,,,,,,,,
0,VISIT,80,Random,OnArrival,3,81,5729,Node_393,6,0,22,6,22,,,,,,,,,
0,VISIT,83,Random,OnArrival,3,69,5729,Node_699,-1,0,20,-1,20,,,,,,,,,
0,VISIT,84,Random,OnArrival,3,47,5729,Node_810,-6,0,25,-6,25,,,,,,,,,
0,VISIT,86,Random,OnArrival,3,45,5729,Node_704,-2,0,22,-2,22,,,,,,,,,
0,VISIT,89,Random,OnArrival,3,32,5729,Node_361,8,0,21,8,21,,,,,,,,,
0,VISIT,90,Random,OnArrival,3,32,5729,Node_361,8,0,21,8,21,,,,,,,,,
0,VISIT,91,Random,OnArrival,3,30,5729,Node_361,8,0,21,8,21,,,,,,,,,
0,VISIT,92,Random,OnArrival,3,32,5729,Node_361,8,0,21,8,21,,,,,,,,,
0,VISIT,93,Random,OnArrival,3,15,5729,Node_277,9,0,18,9,18,,,,,,,,,
0,VISIT,94,Random,OnArrival,3,16,5729,Node_290,13,0,18,13,18,,,,,,,,,
0,VISIT,95,Random,OnArrival,3,15,5729,Node_277,9,0,18,9,18,,,,,,,,,
0,VISIT,96,Random,OnArrival,3,15,5729,Node_290,13,0,18,13,18,,,,,,,,,
0,VISIT,77,Random,OnArrival,3,79,5733,Node_801,0,0,25,0,25,,,,,,,,,
0,VISIT,80,Random,OnArrival,3,82,5733,Node_390,6,0,23,6,23,,,,,,,,,
0,VISIT,84,Random,OnArrival,3,48,5733,Node_802,-5,0,25,-5,25,,,,,,,,,
0,VISIT,85,Random,OnArrival,3,43,5733,Node_707,-5,0,20,-5,20,,,,,,,,,
0,VISIT,86,Random,OnArrival,3,46,5733,Node_813,-3,0,22,-3,22,,,,,,,,,
0,VISIT,87,Random,OnArrival,3,43,5733,Node_702,-1,0,22,-1,22,,,,,,,,,
0,VISIT,88,Random,OnArrival,3,43,5733,Node_707,-5,0,20,-5,20,,,,,,,,,
0,VISIT,89,Random,OnArrival,3,33,5733,Node_363,8,0,20,8,20,,,,,,,,,
0,VISIT,90,Random,OnArrival,3,33,5733,Node_363,8,0,20,8,20,,,,,,,,,
0,VISIT,91,Random,OnArrival,3,31,5733,Node_363,8,0,20,8,20,,,,,,,,,
0,VISIT,92,Random,OnArrival,3,33,5733,Node_363,8,0,20,8,20,,,,,,,,,
0,VISIT,93,Random,OnArrival,3,16,5733,Node_279,8,0,18,8,18,,,,,,,,,
0,VISIT,94,Random,OnArrival,3,17,5733,Node_297,12,0,18,12,18,,,,,,,,,
0,VISIT,95,Random,OnArrival,3,16,5733,Node_279,8,0,18,8,18,,,,,,,,,
0,VISIT,96,Random,OnArrival,3,16,5733,Node_297,12,0,18,12,18,,,,,,,,,
0,VISIT,97,Random,OnArrival,3,0,5733,Node_6,19,0,12,19,12,,,,,,,,,
0,VISIT,98,Random,OnArrival,3,0,5733,Node_7,19,0,8,19,8,,,,,,,,,
0,VISIT,99,Random,OnArrival,3,0,5733,Node_8,17,0,10,17,10,,,,,,,,,
0,VISIT,100,Random,OnArrival,3,0,5733,Node_9,21,0,10,21,10,,,,,,,,,
0,VISIT,77,Random,OnArrival,3,80,5737,Node_796,1,0,25,1,25,,,,,,,,,
0,VISIT,80,Random,OnArrival,3,83,5737,Node_389,6,0,24,6,24,,,,,,,,,
0,VISIT,83,Random,OnArrival,3,70,5737,Node_788,1,0,20,1,20,,,,,,,,,
0,VISIT,86,Random,OnArrival,3,47,5737,Node_807,-4,0,22,-4,22,,,,,,,,,
0,VISIT,87,Random,OnArrival,3,44,5737,Node_704,-2,0,22,-2,22,,,,,,,,,
0,VISIT,89,Random,OnArrival,3,34,5737,Node_324,7,0,20,7,20,,,,,,,,,
0,VISIT,90,Random,OnArrival,3,34,5737,Node_324,7,0,20,7,20,,,,,,,,,
0,VISIT,91,Random,OnArrival,3,32,5737,Node_324,7,0,20,7,20,,,,,,,,,
0,VISIT,92,Random,OnArrival,3,34,5737,Node_324,7,0,20,7,20,,,,,,,,,
0,VISIT,93,Random,OnArrival,3,17,5737,Node_320,7,0,18,7,18,,,,,,,,,
0,VISIT,94,Random,OnArrival,3,18,5737,Node_299,11,0,18,11,18,,,,,,,,,
0,VISIT,95,Random,OnArrival,3,17,5737,Node_320,7,0,18,7,18,,,,,,,,,
0,VISIT,96,Random,OnArrival,3,17,5737,Node_299,11,0,18,11,18,,,,,,,,,
0,VISIT,97,Random,OnArrival,3,1,5737,Node_10,18,0,12,18,12,,,,,,,,,
0,VISIT,98,Random,OnArrival,3,1,5737,Node_3,19,0,9,19,9,,,,,,,,,
0,VISIT,99,Random,OnArrival,3,1,5737,Node_12,17,0,11,17,11,,,,,,,,,
0,VISIT,100,Random,OnArrival,3,1,5737,Node_5,20,0,10,20,10,,,,,,,,,
0,VISIT,77,Random,OnArrival,3,81,5741,Node_797,1,0,24,1,24,,,,,,,,,
0,VISIT,80,Random,OnArrival,3,84,5741,Node_388,6,0,25,6,25,,,,,,,,,
0,VISIT,83,Random,OnArrival,3,71,5741,Node_789,1,0,21,1,21,,,,,,,,,
0,VISIT,85,Random,OnArrival,3,44,5741,Node_711,-7,0,20,-7,20,,,,,,,,,
0,VISIT,86,Random,OnArrival,3,48,5741,Node_806,-5,0,22,-5,22,,,,,,,,,
0,VISIT,87,Random,OnArrival,3,45,5741,Node_798,-2,0,23,-2,23,,,,,,,,,
0,VISIT,88,Random,OnArrival,3,44,5741,Node_711,-7,0,20,-7,20,,,,,,,,,
0,VISIT,89,Random,OnArrival,3,35,5741,Node_325,6,0,20,6,20,,,,,,,,,
0,VISIT,90,Random,OnArrival,3,35,5741,Node_325,6,0,20,6,20,,,,,,,,,
0,VISIT,91,Random,OnArrival,3,33,5741,Node_325,6,0,20,6,20,,,,,,,,,
0,VISIT,92,Random,OnArrival,3,35,5741,Node_325,6,0,20,6,20,,,,,,,,,
0,VISIT,93,Random,OnArrival,3,18,5741,Node_323,7,0,19,7,19,,,,,,,,,
0,VISIT,95,Random,OnArrival,3,18,5741,Node_323,7,0,19,7,19,,,,,,,,,
0,VISIT,97,Random,OnArrival,3,2,5741,Node_16,17,0,12,17,12,,,,,,,,,
0,VISIT,98,Random,OnArrival,3,2,5741,Node_20,19,0,10,19,10,,,,,,,,,
0,VISIT,99,Random,OnArrival,3,2,5741,Node_16,17,0,12,17,12,,,,,,,,,
0,VISIT,100,Random,OnArrival,3,2,5741,Node_55,20,0,11,20,11,,,,,,,,,
0,VISIT,77,Random,OnArrival,3,82,5745,Node_794,2,0,24,2,24,,,,,,,,,
0,VISIT,83,Random,OnArrival,3,72,5745,Node_790,2,0,21,2,21,,,,,,,,,
0,VISIT,86,Random,OnArrival,3,49,5745,Node_805,-5,0,23,-5,23,,,,,,,,,
0,VISIT,87,Random,OnArrival,3,46,5745,Node_800,-3,0,23,-3,23,,,,,,,,,
0,VISIT,89,Random,OnArrival,3,36,5745,Node_341,5,0,20,5,20,,,,,,,,,
0,VISIT,90,Random,OnArrival,3,36,5745,Node_341,5,0,20,5,20,,,,,,,,,
0,VISIT,91,Random,OnArrival,3,34,5745,Node_341,5,0,20,5,20,,,,,,,,,
0,VISIT,92,Random,OnArrival,3,36,5745,Node_341,5,0,20,5,20,,,,,,,,,
0,VISIT,93,Random,OnArrival,3,19,5745,Node_324,7,0,20,7,20,,,,,,,,,
0,VISIT,94,Random,OnArrival,3,19,5745,Node_277,9,0,18,9,18,,,,,,,,,
0,VISIT,95,Random,OnArrival,3,19,5745,Node_324,7,0,20,7,20,,,,,,,,,
0,VISIT,96,Random,OnArrival,3,18,5745,Node_277,9,0,18,9,18,,,,,,,,,
0,VISIT,97,Random,OnArrival,3,3,5745,Node_18,16,0,12,16,12,,,,,,,,,
0,VISIT,98,Random,OnArrival,3,3,5745,Node_4,18,0,10,18,10,,,,,,,,,
0,VISIT,99,Random,OnArrival,3,3,5745,Node_18,16,0,12,16,12,,,,,,,,,
0,VISIT,100,Random,OnArrival,3,3,5745,Node_46,20,0,12,20,12,,,,,,,,,
0,VISIT,76,Random,OnArrival,3,98,5749,Node_801,0,0,25,0,25,,,,,,,,,
0,VISIT,80,Random,OnArrival,3,85,5749,Node_403,5,0,24,5,24,,,,,,,,,
0,VISIT,83,Random,OnArrival,3,73,5749,Node_792,2,0,22,2,22,,,,,,,,,
0,VISIT,85,Random,OnArrival,3,45,5749,Node_719,-9,0,20,-9,20,,,,,,,,,
0,VISIT,86,Random,OnArrival,3,50,5749,Node_804,-5,0,24,-5,24,,,,,,,,,
0,VISIT,87,Random,OnArrival,3,47,5749,Node_808,-4,0,23,-4,23,,,,,,,,,
0,VISIT,88,Random,OnArrival,3,45,5749,Node_719,-9,0,20,-9,20,,,,,,,,,
0,VISIT,93,Random,OnArrival,3,20,5749,Node_325,6,0,20,6,20,,,,,,,,,
0,VISIT,94,Random,OnArrival,3,20,5749,Node_279,8,0,18,8,18,,,,,,,,,
0,VISIT,95,Random,OnArrival,3,20,5749,Node_325,6,0,20,6,20,,,,,,,,,
0,VISIT,96,Random,OnArrival,3,19,5749,Node_279,8,0,18,8,18,,,,,,,,,
0,VISIT,97,Random,OnArrival,3,4,5749,Node_29,15,0,12,15,12,,,,,,,,,
0,VISIT,98,Random,OnArrival,3,4,5749,Node_8,17,0,10,17,10,,,,,,,,,
0,VISIT,99,Random,OnArrival,3,4,5749,Node_29,15,0,12,15,12,,,,,,,,,
0,VISIT,100,Random,OnArrival,3,4,5749,Node_49,20,0,13,20,13,,,,,,,,,
0,VISIT,76,Random,OnArrival,3,99,5753,Node_799,0,0,24,0,24,,,,,,,,,
0,VISIT,77,Random,OnArrival,3,83,5753,Node_792,2,0,22,2,22,,,,,,,,,
0,VISIT,84,Random,OnArrival,3,49,5753,Node_801,0,0,25,0,25,,,,,,,,,
0,VISIT,85,Random,OnArrival,3,46,5753,Node_721,-9,0,21,-9,21,,,,,,,,,
0,VISIT,86,Random,OnArrival,3,51,5753,Node_802,-5,0,25,-5,25,,,,,,,,,
0,VISIT,87,Random,OnArrival,3,48,5753,Node_807,-4,0,22,-4,22,,,,,,,,,
0,VISIT,88,Random,OnArrival,3,46,5753,Node_721,-9,0,21,-9,21,,,,,,,,,
0,VISIT,89,Random,OnArrival,3,37,5753,Node_344,3,0,20,3,20,,,,,,,,,
0,VISIT,90,Random,OnArrival,3,37,5753,Node_344,3,0,20,3,20,,,,,,,,,
0,VISIT,91,Random,OnArrival,3,35,5753,Node_344,3,0,20,3,20,,,,,,,,,
0,VISIT,92,Random,OnArrival,3,37,5753,Node_344,3,0,20,3,20,,,,,,,,,
0,VISIT,93,Random,OnArrival,3,21,5753,Node_341,5,0,20,5,20,,,,,,,,,
0,VISIT,94,Random,OnArrival,3,21,5753,Node_320,7,0,18,7,18,,,,,,,,,
0,VISIT,95,Random,OnArrival,3,21,5753,Node_341,5,0,20,5,20,,,,,,,,,
0,VISIT,96,Random,OnArrival,3,20,5753,Node_320,7,0,18,7,18,,,,,,,,,
0,VISIT,97,Random,OnArrival,3,5,5753,Node_31,15,0,13,15,13,,,,,,,,,
0,VISIT,98,Random,OnArrival,3,5,5753,Node_12,17,0,11,17,11,,,,,,,,,
0,VISIT,99,Random,OnArrival,3,5,5753,Node_31,15,0,13,15,13,,,,,,,,,
0,VISIT,100,Random,OnArrival,3,5,5753,Node_52,20,0,14,20,14,,,,,,,,,
0,VISIT,76,Random,OnArrival,3,100,5757,Node_797,1,0,24,1,24,,,,,,,,,
0,VISIT,77,Random,OnArrival,3,84,5757,Node_790,2,0,21,2,21,,,,,,,,,
0,VISIT,83,Random,OnArrival,3,74,5757,Node_794,2,0,24,2,24,,,,,,,,,
0,VISIT,84,Random,OnArrival,3,50,5757,Node_799,0,0,24,0,24,,,,,,,,,
0,VISIT,85,Random,OnArrival,3,47,5757,Node_723,-9,0,22,-9,22,,,,,,,,,
0,VISIT,87,Random,OnArrival,3,49,5757,Node_813,-3,0,22,-3,22,,,,,,,,,
0,VISIT,88,Random,OnArrival,3,47,5757,Node_723,-9,0,22,-9,22,,,,,,,,,
0,VISIT,89,Random,OnArrival,3,38,5757,Node_345,3,0,21,3,21,,,,,,,,,
0,VISIT,90,Random,OnArrival,3,38,5757,Node_345,3,0,21,3,21,,,,,,,,,
0,VISIT,91,Random,OnArrival,3,36,5757,Node_345,3,0,21,3,21,,,,,,,,,
0,VISIT,92,Random,OnArrival,3,38,5757,Node_345,3,0,21,3,21,,,,,,,,,
0,VISIT,94,Random,OnArrival,3,22,5757,Node_323,7,0,19,7,19,,,,,,,,,
0,VISIT,96,Random,OnArrival,3,21,5757,Node_323,7,0,19,7,19,,,,,,,,,
0,VISIT,97,Random,OnArrival,3,6,5757,Node_36,14,0,13,14,13,,,,,,,,,
0,VISIT,98,Random,OnArrival,3,6,5757,Node_16,17,0,12,17,12,,,,,,,,,
0,VISIT,99,Random,OnArrival,3,6,5757,Node_36,14,0,13,14,13,,,,,,,,,
0,VISIT,76,Random,OnArrival,3,101,5761,Node_794,2,0,24,2,24,,,,,,,,,
0,VISIT,77,Random,OnArrival,3,85,5761,Node_803,2,0,20,2,20,,,,,,,,,
0,VISIT,80,Random,OnArrival,3,86,5761,Node_815,5,0,25,5,25,,,,,,,,,
0,VISIT,84,Random,OnArrival,3,51,5761,Node_797,1,0,24,1,24,,,,,,,,,
0,VISIT,85,Random,OnArrival,3,48,5761,Node_726,-10,0,22,-10,22,,,,,,,,,
0,VISIT,87,Random,OnArrival,3,50,5761,Node_704,-2,0,22,-2,22,,,,,,,,,
0,VISIT,88,Random,OnArrival,3,48,5761,Node_726,-10,0,22,-10,22,,,,,,,,,
0,VISIT,89,Random,OnArrival,3,39,5761,Node_347,3,0,22,3,22,,,,,,,,,
0,VISIT,90,Random,OnArrival,3,39,5761,Node_347,3,0,22,3,22,,,,,,,,,
0,VISIT,91,Random,OnArrival,3,37,5761,Node_347,3,0,22,3,22,,,,,,,,,
0,VISIT,92,Random,OnArrival,3,39,5761,Node_347,3,0,22,3,22,,,,,,,,,
0,VISIT,93,Random,OnArrival,3,22,5761,Node_344,3,0,20,3,20,,,,,,,,,
0,VISIT,94,Random,OnArrival,3,23,5761,Node_324,7,0,20,7,20,,,,,,,,,
0,VISIT,95,Random,OnArrival,3,22,5761,Node_344,3,0,20,3,20,,,,,,,,,
0,VISIT,96,Random,OnArrival,3,22,5761,Node_324,7,0,20,7,20,,,,,,,,,
0,VISIT,97,Random,OnArrival,3,7,5761,Node_37,14,0,14,14,14,,,,,,,,,
0,VISIT,98,Random,OnArrival,3,7,5761,Node_18,16,0,12,16,12,,,,,,,,,
0,VISIT,99,Random,OnArrival,3,7,5761,Node_37,14,0,14,14,14,,,,,,,,,
0,VISIT,100,Random,OnArrival,3,6,5761,Node_65,18,0,14,18,14,,,,,,,,,
0,VISIT,77,Random,OnArrival,3,86,5765,Node_344,3,0,20,3,20,,,,,,,,,
0,VISIT,80,Random,OnArrival,3,87,5765,Node_388,6,0,25,6,25,,,,,,,,,
0,VISIT,83,Random,OnArrival,3,75,5765,Node_792,2,0,22,2,22,,,,,,,,,
0,VISIT,84,Random,OnArrival,3,52,5765,Node_794,2,0,24,2,24,,,,,,,,,
0,VISIT,87,Random,OnArrival,3,51,5765,Node_702,-1,0,22,-1,22,,,,,,,,,
0,VISIT,89,Random,OnArrival,3,40,5765,Node_792,2,0,22,2,22,,,,,,,,,
0,VISIT,90,Random,OnArrival,3,40,5765,Node_792,2,0,22,2,22,,,,,,,,,
0,VISIT,91,Random,OnArrival,3,38,5765,Node_792,2,0,22,2,22,,,,,,,,,
0,VISIT,92,Random,OnArrival,3,40,5765,Node_792,2,0,22,2,22,,,,,,,,,
0,VISIT,93,Random,OnArrival,3,23,5765,Node_803,2,0,20,2,20,,,,,,,,,
0,VISIT,94,Random,OnArrival,3,24,5765,Node_325,6,0,20,6,20,,,,,,,,,
0,VISIT,95,Random,OnArrival,3,23,5765,Node_803,2,0,20,2,20,,,,,,,,,
0,VISIT,96,Random,OnArrival,3,23,5765,Node_325,6,0,20,6,20,,,,,,,,,
0,VISIT,97,Random,OnArrival,3,8,5765,Node_38,13,0,14,13,14,,,,,,,,,
0,VISIT,98,Random,OnArrival,3,8,5765,Node_29,15,0,12,15,12,,,,,,,,,
0,VISIT,99,Random,OnArrival,3,8,5765,Node_38,13,0,14,13,14,,,,,,,,,
0,VISIT,100,Random,OnArrival,3,7,5765,Node_87,17,0,14,17,14,,,,,,,,,
0,VISIT,76,Random,OnArrival,3,102,5769,Node_792,2,0,22,2,22,,,,,,,,,
0,VISIT,83,Random,OnArrival,3,76,5769,Node_790,2,0,21,2,21,,,,,,,,,
0,VISIT,85,Random,OnArrival,3,49,5769,Node_727,-10,0,24,-10,24,,,,,,,,,
0,VISIT,88,Random,OnArrival,3,49,5769,Node_727,-10,0,24,-10,24,,,,,,,,,
0,VISIT,93,Random,OnArrival,3,24,5769,Node_788,1,0,20,1,20,,,,,,,,,
0,VISIT,94,Random,OnArrival,3,25,5769,Node_341,5,0,20,5,20,,,,,,,,,
0,VISIT,95,Random,OnArrival,3,24,5769,Node_788,1,0,20,1,20,,,,,,,,,
0,VISIT,96,Random,OnArrival,3,24,5769,Node_341,5,0,20,5,20,,,,,,,,,
0,VISIT,97,Random,OnArrival,3,9,5769,Node_39,13,0,15,13,15,,,,,,,,,
0,VISIT,98,Random,OnArrival,3,9,5769,Node_31,15,0,13,15,13,,,,,,,,,
0,VISIT,99,Random,OnArrival,3,9,5769,Node_39,13,0,15,13,15,,,,,,,,,
0,VISIT,100,Random,OnArrival,3,8,5769,Node_92,16,0,14,16,14,,,,,,,,,
0,VISIT,76,Random,OnArrival,3,103,5773,Node_790,2,0,21,2,21,,,,,,,,,
0,VISIT,77,Random,OnArrival,3,87,5773,Node_341,5,0,20,5,20,,,,,,,,,
0,VISIT,83,Random,OnArrival,3,77,5773,Node_803,2,0,20,2,20,,,,,,,,,
0,VISIT,84,Random,OnArrival,3,53,5773,Node_792,2,0,22,2,22,,,,,,,,,
0,VISIT,85,Random,OnArrival,3,50,5773,Node_728,-10,0,25,-10,25,,,,,,,,,
0,VISIT,86,Random,OnArrival,3,52,5773,Node_801,0,0,25,0,25,,,,,,,,,
0,VISIT,87,Random,OnArrival,3,52,5773,Node_699,-1,0,20,-1,20,,,,,,,,,
0,VISIT,88,Random,OnArrival,3,50,5773,Node_728,-10,0,25,-10,25,,,,,,,,,
0,VISIT,89,Random,OnArrival,3,41,5773,Node_794,2,0,24,2,24,,,,,,,,,
0,VISIT,90,Random,OnArrival,3,41,5773,Node_794,2,0,24,2,24,,,,,,,,,
0,VISIT,91,Random,OnArrival,3,39,5773,Node_794,2,0,24,2,24,,,,,,,,,
0,VISIT,92,Random,OnArrival,3,41,5773,Node_794,2,0,24,2,24,,,,,,,,,
0,VISIT,97,Random,OnArrival,3,10,5773,Node_293,13,0,16,13,16,,,,,,,,,
0,VISIT,98,Random,OnArrival,3,10,5773,Node_36,14,0,13,14,13,,,,,,,,,
0,VISIT,99,Random,OnArrival,3,10,5773,Node_293,13,0,16,13,16,,,,,,,,,
0,VISIT,100,Random,OnArrival,3,9,5773,Node_78,15,0,14,15,14,,,,,,,,,
0,VISIT,76,Random,OnArrival,3,104,5777,Node_803,2,0,20,2,20,,,,,,,,,
0,VISIT,77,Random,OnArrival,3,88,5777,Node_339,5,0,19,5,19,,,,,,,,,
0,VISIT,80,Random,OnArrival,3,88,5777,Node_319,9,0,25,9,25,,,,,,,,,
0,VISIT,83,Random,OnArrival,3,78,5777,Node_344,3,0,20,3,20,,,,,,,,,
0,VISIT,84,Random,OnArrival,3,54,5777,Node_790,2,0,21,2,21,,,,,,,,,
0,VISIT,85,Random,OnArrival,3,51,5777,Node_729,-9,0,25,-9,25,,,,,,,,,
0,VISIT,86,Random,OnArrival,3,53,5777,Node_799,0,0,24,0,24,,,,,,,,,
0,VISIT,88,Random,OnArrival,3,51,5777,Node_729,-9,0,25,-9,25,,,,,,,,,
0,VISIT,89,Random,OnArrival,3,42,5777,Node_795,2,0,25,2,25,,,,,,,,,
0,VISIT,90,Random,OnArrival,3,42,5777,Node_795,2,0,25,2,25,,,,,,,,,
0,VISIT,91,Random,OnArrival,3,40,5777,Node_795,2,0,25,2,25,,,,,,,,,
0,VISIT,92,Random,OnArrival,3,42,5777,Node_795,2,0,25,2,25,,,,,,,,,
0,VISIT,93,Random,OnArrival,3,25,5777,Node_699,-1,0,20,-1,20,,,,,,,,,
0,VISIT,94,Random,OnArrival,3,26,5777,Node_344,3,0,20,3,20,,,,,,,,,
0,VISIT,95,Random,OnArrival,3,25,5777,Node_699,-1,0,20,-1,20,,,,,,,,,
0,VISIT,96,Random,OnArrival,3,25,5777,Node_344,3,0,20,3,20,,,,,,,,,
0,VISIT,97,Random,OnArrival,3,11,5777,Node_292,13,0,17,13,17,,,,,,,,,
0,VISIT,98,Random,OnArrival,3,11,5777,Node_37,14,0,14,14,14,,,,,,,,,
0,VISIT,99,Random,OnArrival,3,11,5777,Node_292,13,0,17,13,17,,,,,,,,,
0,VISIT,100,Random,OnArrival,3,10,5777,Node_37,14,0,14,14,14,,,,,,,,,
0,VISIT,76,Random,OnArrival,3,105,5781,Node_344,3,0,20,3,20,,,,,,,,,
0,VISIT,77,Random,OnArrival,3,89,5781,Node_337,5,0,18,5,18,,,,,,,,,
0,VISIT,80,Random,OnArrival,3,89,5781,Node_312,10,0,25,10,25,,,,,,,,,
0,VISIT,84,Random,OnArrival,3,55,5781,Node_803,2,0,20,2,20,,,,,,,,,
0,VISIT,86,Random,OnArrival,3,54,5781,Node_797,1,0,24,1,24,,,,,,,,,
0,VISIT,87,Random,OnArrival,3,53,5781,Node_788,1,0,20,1,20,,,,,,,,,
0,VISIT,89,Random,OnArrival,3,43,5781,Node_796,1,0,25,1,25,,,,,,,,,
0,VISIT,90,Random,OnArrival,3,43,5781,Node_796,1,0,25,1,25,,,,,,,,,
0,VISIT,91,Random,OnArrival,3,41,5781,Node_796,1,0,25,1,25,,,,,,,,,
0,VISIT,92,Random,OnArrival,3,43,5781,Node_796,1,0,25,1,25,,,,,,,,,
0,VISIT,94,Random,OnArrival,3,27,5781,Node_803,2,0,20,2,20,,,,,,,,,
0,VISIT,96,Random,OnArrival,3,26,5781,Node_803,2,0,20,2,20,,,,,,,,,
0,VISIT,97,Random,OnArrival,3,12,5781,Node_290,13,0,18,13,18,,,,,,,,,
0,VISIT,98,Random,OnArrival,3,12,5781,Node_38,13,0,14,13,14,,,,,,,,,
0,VISIT,99,Random,OnArrival,3,12,5781,Node_290,13,0,18,13,18,,,,,,,,,
0,VISIT,100,Random,OnArrival,3,11,5781,Node_38,13,0,14,13,14,,,,,,,,,
0,VISIT,77,Random,OnArrival,3,90,5785,Node_335,5,0,17,5,17,,,,,,,,,
0,VISIT,80,Random,OnArrival,3,90,5785,Node_310,11,0,25,11,25,,,,,,,,,
0,VISIT,83,Random,OnArrival,3,79,5785,Node_341,5,0,20,5,20,,,,,,,,,
0,VISIT,84,Random,OnArrival,3,56,5785,Node_344,3,0,20,3,20,,,,,,,,,
0,VISIT,85,Random,OnArrival,3,52,5785,Node_811,-7,0,25,-7,25,,,,,,,,,
0,VISIT,86,Random,OnArrival,3,55,5785,Node_794,2,0,24,2,24,,,,,,,,,
0,VISIT,87,Random,OnArrival,3,54,5785,Node_803,2,0,20,2,20,,,,,,,,,
0,VISIT,88,Random,OnArrival,3,52,5785,Node_811,-7,0,25,-7,25,,,,,,,,,
0,VISIT,89,Random,OnArrival,3,44,5785,Node_801,0,0,25,0,25,,,,,,,,,
0,VISIT,90,Random,OnArrival,3,44,5785,Node_801,0,0,25,0,25,,,,,,,,,
0,VISIT,91,Random,OnArrival,3,42,5785,Node_801,0,0,25,0,25,,,,,,,,,
0,VISIT,92,Random,OnArrival,3,44,5785,Node_801,0,0,25,0,25,,,,,,,,,
0,VISIT,93,Random,OnArrival,3,26,5785,Node_702,-1,0,22,-1,22,,,,,,,,,
0,VISIT,94,Random,OnArrival,3,28,5785,Node_788,1,0,20,1,20,,,,,,,,,
0,VISIT,95,Random,OnArrival,3,26,5785,Node_702,-1,0,22,-1,22,,,,,,,,,
0,VISIT,96,Random,OnArrival,3,27,5785,Node_788,1,0,20,1,20,,,,,,,,,
0,VISIT,97,Random,OnArrival,3,13,5785,Node_297,12,0,18,12,18,,,,,,,,,
0,VISIT,98,Random,OnArrival,3,13,5785,Node_39,13,0,15,13,15,,,,,,,,,
0,VISIT,99,Random,OnArrival,3,13,5785,Node_297,12,0,18,12,18,,,,,,,,,
0,VISIT,100,Random,OnArrival,3,12,5785,Node_39,13,0,15,13,15,,,,,,,,,
0,VISIT,76,Random,OnArrival,3,106,5789,Node_341,5,0,20,5,20,,,,,,,,,
0,VISIT,77,Random,OnArrival,3,91,5789,Node_332,5,0,16,5,16,,,,,,,,,
0,VISIT,83,Random,OnArrival,3,80,5789,Node_325,6,0,20,6,20,,,,,,,,,
0,VISIT,85,Random,OnArrival,3,53,5789,Node_810,-6,0,25,-6,25,,,,,,,,,
0,VISIT,87,Random,OnArrival,3,55,5789,Node_344,3,0,20,3,20,,,,,,,,,
0,VISIT,88,Random,OnArrival,3,53,5789,Node_810,-6,0,25,-6,25,,,,,,,,,
0,VISIT,89,Random,OnArrival,3,45,5789,Node_799,0,0,24,0,24,,,,,,,,,
0,VISIT,90,Random,OnArrival,3,45,5789,Node_799,0,0,24,0,24,,,,,,,,,
0,VISIT,91,Random,OnArrival,3,43,5789,Node_799,0,0,24,0,24,,,,,,,,,
0,VISIT,92,Random,OnArrival,3,45,5789,Node_799,0,0,24,0,24,,,,,,,,,
0,VISIT,93,Random,OnArrival,3,27,5789,Node_704,-2,0,22,-2,22,,,,,,,,,
0,VISIT,95,Random,OnArrival,3,27,5789,Node_704,-2,0,22,-2,22,,,,,,,,,
0,VISIT,97,Random,OnArrival,3,14,5789,Node_299,11,0,18,11,18,,,,,,,,,
0,VISIT,98,Random,OnArrival,3,14,5789,Node_293,13,0,16,13,16,,,,,,,,,
0,VISIT,99,Random,OnArrival,3,14,5789,Node_299,11,0,18,11,18,,,,,,,,,
0,VISIT,100,Random,OnArrival,3,13,5789,Node_293,13,0,16,13,16,,,,,,,,,
0,VISIT,76,Random,OnArrival,3,107,5793,Node_325,6,0,20,6,20,,,,,,,,,
0,VISIT,77,Random,OnArrival,3,92,5793,Node_664,5,0,15,5,15,,,,,,,,,
0,VISIT,80,Random,OnArrival,3,91,5793,Node_285,12,0,24,12,24,,,,,,,,,
0,VISIT,83,Random,OnArrival,3,81,5793,Node_324,7,0,20,7,20,,,,,,,,,
0,VISIT,84,Random,OnArrival,3,57,5793,Node_341,5,0,20,5,20,,,,,,,,,
0,VISIT,85,Random,OnArrival,3,54,5793,Node_802,-5,0,25,-5,25,,,,,,,,,
0,VISIT,86,Random,OnArrival,3,56,5793,Node_792,2,0,22,2,22,,,,,,,,,
0,VISIT,88,Random,OnArrival,3,54,5793,Node_802,-5,0,25,-5,25,,,,,,,,,
0,VISIT,89,Random,OnArrival,3,46,5793,Node_797,1,0,24,1,24,,,,,,,,,
0,VISIT,90,Random,OnArrival,3,46,5793,Node_797,1,0,24,1,24,,,,,,,,,
0,VISIT,91,Random,OnArrival,3,44,5793,Node_797,1,0,24,1,24,,,,,,,,,
0,VISIT,92,Random,OnArrival,3,46,5793,Node_797,1,0,24,1,24,,,,,,,,,
0,VISIT,93,Random,OnArrival,3,28,5793,Node_798,-2,0,23,-2,23,,,,,,,,,
0,VISIT,94,Random,OnArrival,3,29,5793,Node_699,-1,0,20,-1,20,,,,,,,,,
0,VISIT,95,Random,OnArrival,3,28,5793,Node_798,-2,0,23,-2,23,,,,,,,,,
0,VISIT,96,Random,OnArrival,3,28,5793,Node_699,-1,0,20,-1,20,,,,,,,,,
0,VISIT,98,Random,OnArrival,3,15,5793,Node_292,13,0,17,13,17,,,,,,,,,
0,VISIT,100,Random,OnArrival,3,14,5793,Node_292,13,0,17,13,17,,,,,,,,,
0,VISIT,101,Random,OnArrival,3,0,5793,Node_6,19,0,12,19,12,,,,,,,,,
0,VISIT,102,Random,OnArrival,3,0,5793,Node_7,19,0,8,19,8,,,,,,,,,
0,VISIT,103,Random,OnArrival,3,0,5793,Node_8,17,0,10,17,10,,,,,,,,,
0,VISIT,104,Random,OnArrival,3,0,5793,Node_9,21,0,10,21,10,,,,,,,,,
0,VISIT,76,Random,OnArrival,3,108,5797,Node_324,7,0,20,7,20,,,,,,,,,
0,VISIT,77,Random,OnArrival,3,93,5797,Node_661,5,0,14,5,14,,,,,,,,,
0,VISIT,80,Random,OnArrival,3,92,5797,Node_307,11,0,24,11,24,,,,,,,,,
0,VISIT,83,Random,OnArrival,3,82,5797,Node_363,8,0,20,8,20,,,,,,,,,
0,VISIT,84,Random,OnArrival,3,58,5797,Node_325,6,0,20,6,20,,,,,,,,,
0,VISIT,86,Random,OnArrival,3,57,5797,Node_790,2,0,21,2,21,,,,,,,,,
0,VISIT,87,Random,OnArrival,3,56,5797,Node_341,5,0,20,5,20,,,,,,,,,
0,VISIT,89,Random,OnArrival,3,47,5797,Node_794,2,0,24,2,24,,,,,,,,,
0,VISIT,90,Random,OnArrival,3,47,5797,Node_794,2,0,24,2,24,,,,,,,,,
0,VISIT,91,Random,OnArrival,3,45,5797,Node_794,2,0,24,2,24,,,,,,,,,
0,VISIT,92,Random,OnArrival,3,47,5797,Node_794,2,0,24,2,24,,,,,,,,,
0,VISIT,93,Random,OnArrival,3,29,5797,Node_800,-3,0,23,-3,23,,,,,,,,,
0,VISIT,95,Random,OnArrival,3,29,5797,Node_800,-3,0,23,-3,23,,,,,,,,,
0,VISIT,97,Random,OnArrival,3,15,5797,Node_277,9,0,18,9,18,,,,,,,,,
0,VISIT,98,Random,OnArrival,3,16,5797,Node_290,13,0,18,13,18,,,,,,,,,
0,VISIT,99,Random,OnArrival,3,15,5797,Node_277,9,0,18,9,18,,,,,,,,,
0,VISIT,100,Random,OnArrival,3,15,5797,Node_290,13,0,18,13,18,,,,,,,,,
0,VISIT,101,Random,OnArrival,3,1,5797,Node_2,19,0,11,19,11,,,,,,,,,
0,VISIT,102,Random,OnArrival,3,1,5797,Node_47,20,0,8,20,8,,,,,,,,,
0,VISIT,103,Random,OnArrival,3,1,5797,Node_4,18,0,10,18,10,,,,,,,,,
0,VISIT,104,Random,OnArrival,3,1,5797,Node_48,21,0,9,21,9,,,,,,,,,
0,VISIT,76,Random,OnArrival,3,109,5801,Node_363,8,0,20,8,20,,,,,,,,,
0,VISIT,77,Random,OnArrival,3,94,5801,Node_348,5,0,13,5,13,,,,,,,,,
0,VISIT,80,Random,OnArrival,3,93,5801,Node_305,11,0,23,11,23,,,,,,,,,
0,VISIT,83,Random,OnArrival,3,83,5801,Node_361,8,0,21,8,21,,,,,,,,,
0,VISIT,84,Random,OnArrival,3,59,5801,Node_324,7,0,20,7,20,,,,,,,,,
0,VISIT,86,Random,OnArrival,3,58,5801,Node_803,2,0,20,2,20,,,,,,,,,
0,VISIT,87,Random,OnArrival,3,57,5801,Node_325,6,0,20,6,20,,,,,,,,,
0,VISIT,93,Random,OnArrival,3,30,5801,Node_808,-4,0,23,-4,23,,,,,,,,,
0,VISIT,94,Random,OnArrival,3,30,5801,Node_702,-1,0,22,-1,22,,,,,,,,,
0,VISIT,95,Random,OnArrival,3,30,5801,Node_808,-4,0,23,-4,23,,,,,,,,,
0,VISIT,96,Random,OnArrival,3,29,5801,Node_702,-1,0,22,-1,22,,,,,,,,,
0,VISIT,97,Random,OnArrival,3,16,5801,Node_279,8,0,18,8,18,,,,,,,,,
0,VISIT,98,Random,OnArrival,3,17,5801,Node_297,12,0,18,12,18,,,,,,,,,
0,VISIT,99,Random,OnArrival,3,16,5801,Node_279,8,0,18,8,18,,,,,,,,,
0,VISIT,100,Random,OnArrival,3,16,5801,Node_297,12,0,18,12,18,,,,,,,,,
0,VISIT,101,Random,OnArrival,3,2,5801,Node_20,19,0,10,19,10,,,,,,,,,
0,VISIT,102,Random,OnArrival,3,2,5801,Node_51,21,0,8,21,8,,,,,,,,,
0,VISIT,103,Random,OnArrival,3,2,5801,Node_15,18,0,9,18,9,,,,,,,,,
0,VISIT,104,Random,OnArrival,3,2,5801,Node_73,22,0,9,22,9,,,,,,,,,
0,VISIT,76,Random,OnArrival,3,110,5805,Node_361,8,0,21,8,21,,,,,,,,,
0,VISIT,77,Random,OnArrival,3,95,5805,Node_346,5,0,12,5,12,,,,,,,,,
0,VISIT,80,Random,OnArrival,3,94,5805,Node_304,11,0,22,11,22,,,,,,,,,
0,VISIT,83,Random,OnArrival,3,84,5805,Node_359,8,0,22,8,22,,,,,,,,,
0,VISIT,84,Random,OnArrival,3,60,5805,Node_363,8,0,20,8,20,,,,,,,,,
0,VISIT,86,Random,OnArrival,3,59,5805,Node_344,3,0,20,3,20,,,,,,,,,
0,VISIT,87,Random,OnArrival,3,58,5805,Node_324,7,0,20,7,20,,,,,,,,,
0,VISIT,89,Random,OnArrival,3,48,5805,Node_792,2,0,22,2,22,,,,,,,,,
0,VISIT,90,Random,OnArrival,3,48,5805,Node_792,2,0,22,2,22,,,,,,,,,
0,VISIT,91,Random,OnArrival,3,46,5805,Node_792,2,0,22,2,22,,,,,,,,,
0,VISIT,92,Random,OnArrival,3,48,5805,Node_792,2,0,22,2,22,,,,,,,,,
0,VISIT,93,Random,OnArrival,3,31,5805,Node_807,-4,0,22,-4,22,,,,,,,,,
0,VISIT,94,Random,OnArrival,3,31,5805,Node_704,-2,0,22,-2,22,,,,,,,,,
0,VISIT,95,Random,OnArrival,3,31,5805,Node_807,-4,0,22,-4,22,,,,,,,,,
0,VISIT,96,Random,OnArrival,3,30,5805,Node_704,-2,0,22,-2,22,,,,,,,,,
0,VISIT,97,Random,OnArrival,3,17,5805,Node_320,7,0,18,7,18,,,,,,,,,
0,VISIT,98,Random,OnArrival,3,18,5805,Node_299,11,0,18,11,18,,,,,,,,,
0,VISIT,99,Random,OnArrival,3,17,5805,Node_320,7,0,18,7,18,,,,,,,,,
0,VISIT,100,Random,OnArrival,3,17,5805,Node_299,11,0,18,11,18,,,,,,,,,
0,VISIT,101,Random,OnArrival,3,3,5805,Node_5,20,0,10,20,10,,,,,,,,,
0,VISIT,102,Random,OnArrival,3,3,5805,Node_53,21,0,7,21,7,,,,,,,,,
0,VISIT,103,Random,OnArrival,3,3,5805,Node_3,19,0,9,19,9,,,,,,,,,
0,VISIT,104,Random,OnArrival,3,3,5805,Node_89,23,0,9,23,9,,,,,,,,,
0,VISIT,76,Random,OnArrival,3,111,5809,Node_359,8,0,22,8,22,,,,,,,,,
0,VISIT,80,Random,OnArrival,3,95,5809,Node_303,11,0,21,11,21,,,,,,,,,
0,VISIT,83,Random,OnArrival,3,85,5809,Node_400,7,0,22,7,22,,,,,,,,,
0,VISIT,84,Random,OnArrival,3,61,5809,Node_361,8,0,21,8,21,,,,,,,,,
0,VISIT,87,Random,OnArrival,3,59,5809,Node_363,8,0,20,8,20,,,,,,,,,
0,VISIT,89,Random,OnArrival,3,49,5809,Node_790,2,0,21,2,21,,,,,,,,,
0,VISIT,90,Random,OnArrival,3,49,5809,Node_790,2,0,21,2,21,,,,,,,,,
0,VISIT,91,Random,OnArrival,3,47,5809,Node_790,2,0,21,2,21,,,,,,,,,
0,VISIT,92,Random,OnArrival,3,49,5809,Node_790,2,0,21,2,21,,,,,,,,,
0,VISIT,93,Random,OnArrival,3,32,5809,Node_813,-3,0,22,-3,22,,,,,,,,,
0,VISIT,94,Random,OnArrival,3,32,5809,Node_798,-2,0,23,-2,23,,,,,,,,,
0,VISIT,95,Random,OnArrival,3,32,5809,Node_813,-3,0,22,-3,22,,,,,,,,,
0,VISIT,96,Random,OnArrival,3,31,5809,Node_798,-2,0,23,-2,23,,,,,,,,,
0,VISIT,97,Random,OnArrival,3,18,5809,Node_323,7,0,19,7,19,,,,,,,,,
0,VISIT,99,Random,OnArrival,3,18,5809,Node_323,7,0,19,7,19,,,,,,,,,
0,VISIT,101,Random,OnArrival,3,4,5809,Node_9,21,0,10,21,10,,,,,,,,,
0,VISIT,102,Random,OnArrival,3,4,5809,Node_56,21,0,6,21,6,,,,,,,,,
0,VISIT,103,Random,OnArrival,3,4,5809,Node_50,20,0,9,20,9,,,,,,,,,
0,VISIT,76,Random,OnArrival,3,112,5813,Node_400,7,0,22,7,22,,,,,,,,,
0,VISIT,77,Random,OnArrival,3,96,5813,Node_343,5,0,10,5,10,,,,,,,,,
0,VISIT,80,Random,OnArrival,3,96,5813,Node_302,11,0,20,11,20,,,,,,,,,
0,VISIT,83,Random,OnArrival,3,86,5813,Node_393,6,0,22,6,22,,,,,,,,,
0,VISIT,84,Random,OnArrival,3,62,5813,Node_359,8,0,22,8,22,,,,,,,,,
0,VISIT,85,Random,OnArrival,3,55,5813,Node_801,0,0,25,0,25,,,,,,,,,
0,VISIT,86,Random,OnArrival,3,60,5813,Node_341,5,0,20,5,20,,,,,,,,,
0,VISIT,87,Random,OnArrival,3,60,5813,Node_361,8,0,21,8,21,,,,,,,,,
0,VISIT,88,Random,OnArrival,3,55,5813,Node_801,0,0,25,0,25,,,,,,,,,
0,VISIT,89,Random,OnArrival,3,50,5813,Node_803,2,0,20,2,20,,,,,,,,,
0,VISIT,90,Random,OnArrival,3,50,5813,Node_803,2,0,20,2,20,,,,,,,,,
0,VISIT,91,Random,OnArrival,3,48,5813,Node_803,2,0,20,2,20,,,,,,,,,
0,VISIT,92,Random,OnArrival,3,50,5813,Node_803,2,0,20,2,20,,,,,,,,,
0,VISIT,93,Random,OnArrival,3,33,5813,Node_704,-2,0,22,-2,22,,,,,,,,,
0,VISIT,94,Random,OnArrival,3,33,5813,Node_800,-3,0,23,-3,23,,,,,,,,,
0,VISIT,95,Random,OnArrival,3,33,5813,Node_704,-2,0,22,-2,22,,,,,,,,,
0,VISIT,96,Random,OnArrival,3,32,5813,Node_800,-3,0,23,-3,23,,,,,,,,,
0,VISIT,97,Random,OnArrival,3,19,5813,Node_324,7,0,20,7,20,,,,,,,,,
0,VISIT,98,Random,OnArrival,3,19,5813,Node_277,9,0,18,9,18,,,,,,,,,
0,VISIT,99,Random,OnArrival,3,19,5813,Node_324,7,0,20,7,20,,,,,,,,,
0,VISIT,100,Random,OnArrival,3,18,5813,Node_277,9,0,18,9,18,,,,,,,,,
0,VISIT,101,Random,OnArrival,3,5,5813,Node_48,21,0,9,21,9,,,,,,,,,
0,VISIT,102,Random,OnArrival,3,5,5813,Node_57,21,0,5,21,5,,,,,,,,,
0,VISIT,103,Random,OnArrival,3,5,5813,Node_48,21,0,9,21,9,,,,,,,,,
0,VISIT,104,Random,OnArrival,3,4,5813,Node_102,25,0,9,25,9,,,,,,,,,
0,VISIT,76,Random,OnArrival,3,113,5817,Node_393,6,0,22,6,22,,,,,,,,,
0,VISIT,77,Random,OnArrival,3,97,5817,Node_342,5,0,9,5,9,,,,,,,,,
0,VISIT,83,Random,OnArrival,3,87,5817,Node_390,6,0,23,6,23,,,,,,,,,
0,VISIT,84,Random,OnArrival,3,63,5817,Node_400,7,0,22,7,22,,,,,,,,,
0,VISIT,85,Random,OnArrival,3,56,5817,Node_799,0,0,24,0,24,,,,,,,,,
0,VISIT,86,Random,OnArrival,3,61,5817,Node_339,5,0,19,5,19,,,,,,,,,
0,VISIT,87,Random,OnArrival,3,61,5817,Node_359,8,0,22,8,22,,,,,,,,,
0,VISIT,88,Random,OnArrival,3,56,5817,Node_799,0,0,24,0,24,,,,,,,,,
0,VISIT,89,Random,OnArrival,3,51,5817,Node_344,3,0,20,3,20,,,,,,,,,
0,VISIT,90,Random,OnArrival,3,51,5817,Node_344,3,0,20,3,20,,,,,,,,,
0,VISIT,91,Random,OnArrival,3,49,5817,Node_344,3,0,20,3,20,,,,,,,,,
0,VISIT,92,Random,OnArrival,3,51,5817,Node_344,3,0,20,3,20,,,,,,,,,
0,VISIT,93,Random,OnArrival,3,34,5817,Node_702,-1,0,22,-1,22,,,,,,,,,
0,VISIT,94,Random,OnArrival,3,34,5817,Node_808,-4,0,23,-4,23,,,,,,,,,
0,VISIT,95,Random,OnArrival,3,34,5817,Node_702,-1,0,22,-1,22,,,,,,,,,
0,VISIT,96,Random,OnArrival,3,33,5817,Node_808,-4,0,23,-4,23,,,,,,,,,
0,VISIT,97,Random,OnArrival,3,20,5817,Node_325,6,0,20,6,20,,,,,,,,,
0,VISIT,98,Random,OnArrival,3,20,5817,Node_279,8,0,18,8,18,,,,,,,,,
0,VISIT,99,Random,OnArrival,3,20,5817,Node_325,6,0,20,6,20,,,,,,,,,
0,VISIT,100,Random,OnArrival,3,19,5817,Node_279,8,0,18,8,18,,,,,,,,,
0,VISIT,101,Random,OnArrival,3,6,5817,Node_73,22,0,9,22,9,,,,,,,,,
0,VISIT,102,Random,OnArrival,3,6,5817,Node_137,22,0,5,22,5,,,,,,,,,
0,VISIT,103,Random,OnArrival,3,6,5817,Node_73,22,0,9,22,9,,,,,,,,,
0,VISIT,104,Random,OnArrival,3,5,5817,Node_104,25,0,8,25,8,,,,,,,,,
0,VISIT,76,Random,OnArrival,3,114,5821,Node_390,6,0,23,6,23,,,,,,,,,
0,VISIT,80,Random,OnArrival,3,97,5821,Node_299,11,0,18,11,18,,,,,,,,,
0,VISIT,83,Random,OnArrival,3,88,5821,Node_389,6,0,24,6,24,,,,,,,,,
0,VISIT,84,Random,OnArrival,3,64,5821,Node_393,6,0,22,6,22,,,,,,,,,
0,VISIT,85,Random,OnArrival,3,57,5821,Node_797,1,0,24,1,24,,,,,,,,,
0,VISIT,86,Random,OnArrival,3,62,5821,Node_337,5,0,18,5,18,,,,,,,,,
0,VISIT,87,Random,OnArrival,3,62,5821,Node_400,7,0,22,7,22,,,,,,,,,
0,VISIT,88,Random,OnArrival,3,57,5821,Node_797,1,0,24,1,24,,,,,,,,,
0,VISIT,94,Random,OnArrival,3,35,5821,Node_807,-4,0,22,-4,22,,,,,,,,,
0,VISIT,96,Random,OnArrival,3,34,5821,Node_807,-4,0,22,-4,22,,,,,,,,,
0,VISIT,97,Random,OnArrival,3,21,5821,Node_341,5,0,20,5,20,,,,,,,,,
0,VISIT,98,Random,OnArrival,3,21,5821,Node_320,7,0,18,7,18,,,,,,,,,
0,VISIT,99,Random,OnArrival,3,21,5821,Node_341,5,0,20,5,20,,,,,,,,,
0,VISIT,100,Random,OnArrival,3,20,5821,Node_320,7,0,18,7,18,,,,,,,,,
0,VISIT,101,Random,OnArrival,3,7,5821,Node_89,23,0,9,23,9,,,,,,,,,
0,VISIT,102,Random,OnArrival,3,7,5821,Node_142,23,0,5,23,5,,,,,,,,,
0,VISIT,103,Random,OnArrival,3,7,5821,Node_89,23,0,9,23,9,,,,,,,,,
0,VISIT,104,Random,OnArrival,3,6,5821,Node_107,25,0,7,25,7,,,,,,,,,
