RunID,RowType,PlayerID,UnknownSelectMode,TargetUpdateMode,UnknownReferenceDepth,StepIndex,Frame,NodeName,NodePosX,NodePosY,NodePosZ,CellX,CellZ,GoalCellX,GoalCellZ,NodesCreated,ShortestPathLen,TimeToGoal,TotalNodeVisits,TotalProcessMs,AvgProcessMs,MaxProcessMs
0,VISIT,1,Random,OnArrival,3,0,78,Node_4,18,0,10,18,10,,,,,,,,,
0,VISIT,2,Random,OnArrival,3,0,78,Node_4,18,0,10,18,10,,,,,,,,,
0,VISIT,1,Random,OnArrival,3,1,95,Node_15,18,0,9,18,9,,,,,,,,,
0,VISIT,2,Random,OnArrival,3,1,116,Node_2,19,0,11,19,11,,,,,,,,,
0,VISIT,1,Random,OnArrival,3,2,138,Node_8,17,0,10,17,10,,,,,,,,,
0,VISIT,2,Random,OnArrival,3,2,138,Node_14,18,0,11,18,11,,,,,,,,,
0,VISIT,1,Random,OnArrival,3,3,161,Node_24,16,0,10,16,10,,,,,,,,,
0,VISIT,2,Random,OnArrival,3,3,161,Node_12,17,0,11,17,11,,,,,,,,,
0,VISIT,1,Random,OnArrival,3,4,184,Node_26,15,0,10,15,10,,,,,,,,,
0,VISIT,2,Random,OnArrival,3,4,184,Node_21,16,0,11,16,11,,,,,,,,,
0,VISIT,2,Random,OnArrival,3,5,207,Node_28,15,0,11,15,11,,,,,,,,,
0,VISIT,5,Random,OnArrival,3,0,1067,Node_6,19,0,12,19,12,,,,,,,,,
0,VISIT,6,Random,OnArrival,3,0,1067,Node_7,19,0,8,19,8,,,,,,,,,
0,VISIT,7,Random,OnArrival,3,0,1067,Node_8,17,0,10,17,10,,,,,,,,,
0,VISIT,8,Random,OnArrival,3,0,1067,Node_9,21,0,10,21,10,,,,,,,,,
0,VISIT,7,Random,OnArrival,3,1,1091,Node_4,18,0,10,18,10,,,,,,,,,
0,VISIT,7,Random,OnArrival,3,2,1115,Node_14,18,0,11,18,11,,,,,,,,,
0,VISIT,6,Random,OnArrival,3,1,1137,Node_5,20,0,10,20,10,,,,,,,,,
0,VISIT,7,Random,OnArrival,3,3,1137,Node_2,19,0,11,19,11,,,,,,,,,
0,VISIT,5,Random,OnArrival,3,1,1182,Node_25,21,0,15,21,15,,,,,,,,,
0,VISIT,6,Random,OnArrival,3,2,1182,Node_46,20,0,12,20,12,,,,,,,,,
0,VISIT,7,Random,OnArrival,3,4,1182,Node_46,20,0,12,20,12,,,,,,,,,
0,VISIT,6,Random,OnArrival,3,3,1205,Node_17,21,0,12,21,12,,,,,,,,,
0,VISIT,7,Random,OnArrival,3,5,1205,Node_17,21,0,12,21,12,,,,,,,,,
0,VISIT,6,Random,OnArrival,3,4,1227,Node_13,21,0,11,21,11,,,,,,,,,
0,VISIT,7,Random,OnArrival,3,6,1227,Node_19,21,0,13,21,13,,,,,,,,,
0,VISIT,5,Random,OnArrival,3,2,1249,Node_27,21,0,16,21,16,,,,,,,,,
0,VISIT,6,Random,OnArrival,3,5,1249,Node_55,20,0,11,20,11,,,,,,,,,
0,VISIT,7,Random,OnArrival,3,7,1249,Node_49,20,0,13,20,13,,,,,,,,,
0,VISIT,5,Random,OnArrival,3,3,1271,Node_25,21,0,15,21,15,,,,,,,,,
0,VISIT,6,Random,OnArrival,3,6,1271,Node_5,20,0,10,20,10,,,,,,,,,
0,VISIT,7,Random,OnArrival,3,8,1271,Node_46,20,0,12,20,12,,,,,,,,,
0,VISIT,5,Random,OnArrival,3,4,1293,Node_22,21,0,14,21,14,,,,,,,,,
0,VISIT,6,Random,OnArrival,3,7,1293,Node_20,19,0,10,19,10,,,,,,,,,
0,VISIT,7,Random,OnArrival,3,9,1293,Node_6,19,0,12,19,12,,,,,,,,,
0,VISIT,5,Random,OnArrival,3,5,1314,Node_52,20,0,14,20,14,,,,,,,,,
0,VISIT,6,Random,OnArrival,3,8,1314,Node_3,19,0,9,19,9,,,,,,,,,
0,VISIT,7,Random,OnArrival,3,10,1314,Node_10,18,0,12,18,12,,,,,,,,,
0,VISIT,6,Random,OnArrival,3,9,1336,Node_15,18,0,9,18,9,,,,,,,,,
0,VISIT,7,Random,OnArrival,3,11,1336,Node_16,17,0,12,17,12,,,,,,,,,
0,VISIT,6,Random,OnArrival,3,10,1357,Node_11,18,0,8,18,8,,,,,,,,,
0,VISIT,7,Random,OnArrival,3,12,1357,Node_12,17,0,11,17,11,,,,,,,,,
0,VISIT,7,Random,OnArrival,3,13,1378,Node_21,16,0,11,16,11,,,,,,,,,
0,VISIT,6,Random,OnArrival,3,11,1399,Node_23,17,0,9,17,9,,,,,,,,,
0,VISIT,7,Random,OnArrival,3,14,1399,Node_28,15,0,11,15,11,,,,,,,,,
0,VISIT,6,Random,OnArrival,3,12,1420,Node_8,17,0,10,17,10,,,,,,,,,
0,VISIT,7,Random,OnArrival,3,15,1420,Node_34,14,0,11,14,11,,,,,,,,,
0,VISIT,6,Random,OnArrival,3,13,1442,Node_24,16,0,10,16,10,,,,,,,,,
0,VISIT,6,Random,OnArrival,3,14,1464,Node_26,15,0,10,15,10,,,,,,,,,
0,VISIT,6,Random,OnArrival,3,15,1486,Node_31,14,0,10,14,10,,,,,,,,,
0,VISIT,7,Random,OnArrival,3,16,1508,Node_39,13,0,14,13,14,,,,,,,,,
0,VISIT,6,Random,OnArrival,3,16,1530,Node_70,13,0,11,13,11,,,,,,,,,
0,VISIT,6,Random,OnArrival,3,17,1552,Node_34,14,0,11,14,11,,,,,,,,,
0,VISIT,6,Random,OnArrival,3,18,1574,Node_36,14,0,12,14,12,,,,,,,,,
0,VISIT,6,Random,OnArrival,3,19,1595,Node_71,13,0,12,13,12,,,,,,,,,
0,VISIT,7,Random,OnArrival,3,17,1595,Node_45,12,0,17,12,17,,,,,,,,,
0,VISIT,6,Random,OnArrival,3,20,1617,Node_72,13,0,13,13,13,,,,,,,,,
0,VISIT,6,Random,OnArrival,3,21,1639,Node_37,14,0,13,14,13,,,,,,,,,
0,VISIT,6,Random,OnArrival,3,22,1660,Node_32,15,0,13,15,13,,,,,,,,,
0,VISIT,9,Random,OnArrival,3,0,2045,Node_6,19,0,12,19,12,,,,,,,,,
0,VISIT,10,Random,OnArrival,3,0,2045,Node_7,19,0,8,19,8,,,,,,,,,
0,VISIT,11,Random,OnArrival,3,0,2045,Node_8,17,0,10,17,10,,,,,,,,,
0,VISIT,12,Random,OnArrival,3,0,2045,Node_9,21,0,10,21,10,,,,,,,,,
0,VISIT,9,Random,OnArrival,3,1,2067,Node_2,19,0,11,19,11,,,,,,,,,
0,VISIT,10,Random,OnArrival,3,1,2067,Node_3,19,0,9,19,9,,,,,,,,,
0,VISIT,11,Random,OnArrival,3,1,2067,Node_24,16,0,10,16,10,,,,,,,,,
0,VISIT,9,Random,OnArrival,3,2,2089,Node_20,19,0,10,19,10,,,,,,,,,
0,VISIT,10,Random,OnArrival,3,2,2089,Node_50,20,0,9,20,9,,,,,,,,,
0,VISIT,11,Random,OnArrival,3,2,2089,Node_26,15,0,10,15,10,,,,,,,,,
0,VISIT,9,Random,OnArrival,3,3,2109,Node_3,19,0,9,19,9,,,,,,,,,
0,VISIT,10,Random,OnArrival,3,3,2109,Node_48,21,0,9,21,9,,,,,,,,,
0,VISIT,11,Random,OnArrival,3,3,2109,Node_31,14,0,10,14,10,,,,,,,,,
0,VISIT,12,Random,OnArrival,3,1,2109,Node_13,21,0,11,21,11,,,,,,,,,
0,VISIT,9,Random,OnArrival,3,4,2131,Node_7,19,0,8,19,8,,,,,,,,,
0,VISIT,11,Random,OnArrival,3,4,2131,Node_73,13,0,10,13,10,,,,,,,,,
0,VISIT,12,Random,OnArrival,3,2,2131,Node_9,21,0,10,21,10,,,,,,,,,
0,VISIT,9,Random,OnArrival,3,5,2152,Node_11,18,0,8,18,8,,,,,,,,,
0,VISIT,10,Random,OnArrival,3,4,2152,Node_86,22,0,10,22,10,,,,,,,,,
0,VISIT,12,Random,OnArrival,3,3,2152,Node_48,21,0,9,21,9,,,,,,,,,
0,VISIT,9,Random,OnArrival,3,6,2173,Node_67,17,0,8,17,8,,,,,,,,,
0,VISIT,12,Random,OnArrival,3,4,2173,Node_51,21,0,8,21,8,,,,,,,,,
0,VISIT,12,Random,OnArrival,3,5,2193,Node_47,20,0,8,20,8,,,,,,,,,
0,VISIT,12,Random,OnArrival,3,6,2214,Node_51,21,0,8,21,8,,,,,,,,,
0,VISIT,12,Random,OnArrival,3,7,2256,Node_88,22,0,9,22,9,,,,,,,,,
0,VISIT,12,Random,OnArrival,3,8,2297,Node_90,23,0,10,23,10,,,,,,,,,
0,VISIT,12,Random,OnArrival,3,9,2318,Node_108,23,0,9,23,9,,,,,,,,,
0,VISIT,13,Random,OnArrival,3,0,2957,Node_6,19,0,12,19,12,,,,,,,,,
0,VISIT,14,Random,OnArrival,3,0,2957,Node_7,19,0,8,19,8,,,,,,,,,
0,VISIT,15,Random,OnArrival,3,0,2957,Node_8,17,0,10,17,10,,,,,,,,,
0,VISIT,16,Random,OnArrival,3,0,2957,Node_9,21,0,10,21,10,,,,,,,,,
0,VISIT,13,Random,OnArrival,3,1,2977,Node_10,18,0,12,18,12,,,,,,,,,
0,VISIT,14,Random,OnArrival,3,1,2977,Node_11,18,0,8,18,8,,,,,,,,,
0,VISIT,15,Random,OnArrival,3,1,2977,Node_24,16,0,10,16,10,,,,,,,,,
0,VISIT,16,Random,OnArrival,3,1,2977,Node_48,21,0,9,21,9,,,,,,,,,
0,VISIT,13,Random,OnArrival,3,2,2997,Node_16,17,0,12,17,12,,,,,,,,,
0,VISIT,14,Random,OnArrival,3,2,2997,Node_67,17,0,8,17,8,,,,,,,,,
0,VISIT,15,Random,OnArrival,3,2,2997,Node_26,15,0,10,15,10,,,,,,,,,
0,VISIT,16,Random,OnArrival,3,2,2997,Node_88,22,0,9,22,9,,,,,,,,,
0,VISIT,13,Random,OnArrival,3,3,3018,Node_18,16,0,12,16,12,,,,,,,,,
0,VISIT,14,Random,OnArrival,3,3,3018,Node_98,16,0,8,16,8,,,,,,,,,
0,VISIT,15,Random,OnArrival,3,3,3018,Node_31,14,0,10,14,10,,,,,,,,,
0,VISIT,16,Random,OnArrival,3,3,3018,Node_108,23,0,9,23,9,,,,,,,,,
0,VISIT,13,Random,OnArrival,3,4,3038,Node_29,15,0,12,15,12,,,,,,,,,
0,VISIT,14,Random,OnArrival,3,4,3038,Node_102,15,0,8,15,8,,,,,,,,,
0,VISIT,15,Random,OnArrival,3,4,3038,Node_73,13,0,10,13,10,,,,,,,,,
0,VISIT,13,Random,OnArrival,3,5,3059,Node_36,14,0,12,14,12,,,,,,,,,
0,VISIT,14,Random,OnArrival,3,5,3059,Node_105,15,0,7,15,7,,,,,,,,,
0,VISIT,16,Random,OnArrival,3,4,3059,Node_119,25,0,9,25,9,,,,,,,,,
0,VISIT,13,Random,OnArrival,3,6,3079,Node_37,14,0,13,14,13,,,,,,,,,
0,VISIT,15,Random,OnArrival,3,5,3079,Node_117,12,0,9,12,9,,,,,,,,,
0,VISIT,13,Random,OnArrival,3,7,3098,Node_32,15,0,13,15,13,,,,,,,,,
0,VISIT,13,Random,OnArrival,3,8,3117,Node_79,15,0,14,15,14,,,,,,,,,
0,VISIT,14,Random,OnArrival,3,6,3117,Node_97,13,0,6,13,6,,,,,,,,,
0,VISIT,13,Random,OnArrival,3,9,3137,Node_38,14,0,14,14,14,,,,,,,,,
0,VISIT,14,Random,OnArrival,3,7,3137,Node_107,12,0,6,12,6,,,,,,,,,
0,VISIT,13,Random,OnArrival,3,10,3156,Node_39,13,0,14,13,14,,,,,,,,,
0,VISIT,13,Random,OnArrival,3,11,3175,Node_40,13,0,15,13,15,,,,,,,,,
0,VISIT,16,Random,OnArrival,3,5,3175,Node_124,25,0,5,25,5,,,,,,,,,
0,VISIT,13,Random,OnArrival,3,12,3193,Node_75,12,0,15,12,15,,,,,,,,,
0,VISIT,16,Random,OnArrival,3,6,3193,Node_138,26,0,5,26,5,,,,,,,,,
0,VISIT,13,Random,OnArrival,3,13,3212,Node_40,13,0,15,13,15,,,,,,,,,
0,VISIT,13,Random,OnArrival,3,14,3232,Node_41,13,0,16,13,16,,,,,,,,,
0,VISIT,13,Random,OnArrival,3,15,3251,Node_76,12,0,16,12,16,,,,,,,,,
0,VISIT,16,Random,OnArrival,3,7,3251,Node_135,26,0,6,26,6,,,,,,,,,
0,VISIT,13,Random,OnArrival,3,16,3269,Node_45,12,0,17,12,17,,,,,,,,,
0,VISIT,16,Random,OnArrival,3,8,3269,Node_123,25,0,6,25,6,,,,,,,,,
0,VISIT,13,Random,OnArrival,3,17,3288,Node_42,13,0,17,13,17,,,,,,,,,
0,VISIT,13,Random,OnArrival,3,18,3307,Node_45,12,0,17,12,17,,,,,,,,,
0,VISIT,13,Random,OnArrival,3,19,3326,Node_77,11,0,17,11,17,,,,,,,,,
0,VISIT,16,Random,OnArrival,3,9,3326,Node_122,25,0,7,25,7,,,,,,,,,
0,VISIT,13,Random,OnArrival,3,20,3345,Node_78,11,0,18,11,18,,,,,,,,,
0,VISIT,16,Random,OnArrival,3,10,3345,Node_133,26,0,7,26,7,,,,,,,,,
0,VISIT,16,Random,OnArrival,3,11,3365,Node_135,26,0,6,26,6,,,,,,,,,
0,VISIT,16,Random,OnArrival,3,12,3385,Node_138,26,0,5,26,5,,,,,,,,,
0,VISIT,16,Random,OnArrival,3,13,3405,Node_145,27,0,5,27,5,,,,,,,,,
0,VISIT,17,Random,OnArrival,3,0,3775,Node_6,19,0,12,19,12,,,,,,,,,
0,VISIT,18,Random,OnArrival,3,0,3775,Node_7,19,0,8,19,8,,,,,,,,,
0,VISIT,19,Random,OnArrival,3,0,3775,Node_8,17,0,10,17,10,,,,,,,,,
0,VISIT,20,Random,OnArrival,3,0,3775,Node_9,21,0,10,21,10,,,,,,,,,
0,VISIT,17,Random,OnArrival,3,1,3793,Node_2,19,0,11,19,11,,,,,,,,,
0,VISIT,18,Random,OnArrival,3,1,3793,Node_47,20,0,8,20,8,,,,,,,,,
0,VISIT,19,Random,OnArrival,3,1,3793,Node_23,17,0,9,17,9,,,,,,,,,
0,VISIT,20,Random,OnArrival,3,1,3793,Node_48,21,0,9,21,9,,,,,,,,,
0,VISIT,17,Random,OnArrival,3,2,3812,Node_55,20,0,11,20,11,,,,,,,,,
0,VISIT,18,Random,OnArrival,3,2,3812,Node_51,21,0,8,21,8,,,,,,,,,
0,VISIT,19,Random,OnArrival,3,2,3812,Node_67,17,0,8,17,8,,,,,,,,,
0,VISIT,20,Random,OnArrival,3,2,3812,Node_51,21,0,8,21,8,,,,,,,,,
0,VISIT,17,Random,OnArrival,3,3,3831,Node_13,21,0,11,21,11,,,,,,,,,
0,VISIT,18,Random,OnArrival,3,3,3831,Node_53,21,0,7,21,7,,,,,,,,,
0,VISIT,19,Random,OnArrival,3,3,3831,Node_92,17,0,7,17,7,,,,,,,,,
0,VISIT,20,Random,OnArrival,3,3,3831,Node_101,22,0,8,22,8,,,,,,,,,
0,VISIT,17,Random,OnArrival,3,4,3850,Node_87,22,0,11,22,11,,,,,,,,,
0,VISIT,19,Random,OnArrival,3,4,3850,Node_95,16,0,7,16,7,,,,,,,,,
0,VISIT,17,Random,OnArrival,3,5,3868,Node_93,23,0,11,23,11,,,,,,,,,
0,VISIT,18,Random,OnArrival,3,4,3868,Node_101,22,0,8,22,8,,,,,,,,,
0,VISIT,18,Random,OnArrival,3,5,3885,Node_166,22,0,7,22,7,,,,,,,,,
0,VISIT,17,Random,OnArrival,3,6,3901,Node_99,24,0,12,24,12,,,,,,,,,
0,VISIT,18,Random,OnArrival,3,6,3901,Node_168,22,0,6,22,6,,,,,,,,,
0,VISIT,20,Random,OnArrival,3,4,3901,Node_57,21,0,5,21,5,,,,,,,,,
0,VISIT,18,Random,OnArrival,3,7,3917,Node_56,21,0,6,21,6,,,,,,,,,
0,VISIT,20,Random,OnArrival,3,5,3917,Node_64,20,0,5,20,5,,,,,,,,,
0,VISIT,18,Random,OnArrival,3,8,3952,Node_64,20,0,5,20,5,,,,,,,,,
0,VISIT,19,Random,OnArrival,3,5,3952,Node_120,15,0,2,15,2,,,,,,,,,
0,VISIT,18,Random,OnArrival,3,9,3984,Node_179,19,0,6,19,6,,,,,,,,,
0,VISIT,18,Random,OnArrival,3,10,4000,Node_176,20,0,6,20,6,,,,,,,,,
0,VISIT,18,Random,OnArrival,3,11,4017,Node_56,21,0,6,21,6,,,,,,,,,
0,VISIT,18,Random,OnArrival,3,12,4034,Node_57,21,0,5,21,5,,,,,,,,,
0,VISIT,18,Random,OnArrival,3,13,4050,Node_59,21,0,4,21,4,,,,,,,,,
0,VISIT,18,Random,OnArrival,3,14,4064,Node_63,20,0,4,20,4,,,,,,,,,
0,VISIT,18,Random,OnArrival,3,15,4077,Node_185,19,0,4,19,4,,,,,,,,,
0,VISIT,18,Random,OnArrival,3,16,4148,Node_172,16,0,4,16,4,,,,,,,,,
0,VISIT,18,Random,OnArrival,3,17,4155,Node_115,15,0,4,15,4,,,,,,,,,
0,VISIT,18,Random,OnArrival,3,18,4165,Node_172,16,0,4,16,4,,,,,,,,,
0,VISIT,18,Random,OnArrival,3,19,4175,Node_170,16,0,5,16,5,,,,,,,,,
0,VISIT,18,Random,OnArrival,3,20,4184,Node_112,15,0,5,15,5,,,,,,,,,
0,VISIT,18,Random,OnArrival,3,21,4193,Node_115,15,0,4,15,4,,,,,,,,,
0,VISIT,18,Random,OnArrival,3,22,4203,Node_172,16,0,4,16,4,,,,,,,,,
0,VISIT,18,Random,OnArrival,3,23,4214,Node_202,17,0,4,17,4,,,,,,,,,
0,VISIT,18,Random,OnArrival,3,24,4225,Node_199,18,0,4,18,4,,,,,,,,,
0,VISIT,18,Random,OnArrival,3,25,4236,Node_185,19,0,4,19,4,,,,,,,,,
0,VISIT,18,Random,OnArrival,3,26,4247,Node_188,19,0,3,19,3,,,,,,,,,
0,VISIT,18,Random,OnArrival,3,27,4258,Node_62,20,0,3,20,3,,,,,,,,,
0,VISIT,18,Random,OnArrival,3,28,4278,Node_191,19,0,2,19,2,,,,,,,,,
0,VISIT,21,Random,OnArrival,3,0,4285,Node_6,19,0,12,19,12,,,,,,,,,
0,VISIT,22,Random,OnArrival,3,0,4285,Node_7,19,0,8,19,8,,,,,,,,,
0,VISIT,23,Random,OnArrival,3,0,4285,Node_8,17,0,10,17,10,,,,,,,,,
0,VISIT,24,Random,OnArrival,3,0,4285,Node_9,21,0,10,21,10,,,,,,,,,
0,VISIT,18,Random,OnArrival,3,29,4288,Node_188,19,0,3,19,3,,,,,,,,,
0,VISIT,21,Random,OnArrival,3,1,4295,Node_46,20,0,12,20,12,,,,,,,,,
0,VISIT,22,Random,OnArrival,3,1,4295,Node_11,18,0,8,18,8,,,,,,,,,
0,VISIT,23,Random,OnArrival,3,1,4295,Node_23,17,0,9,17,9,,,,,,,,,
0,VISIT,24,Random,OnArrival,3,1,4295,Node_13,21,0,11,21,11,,,,,,,,,
0,VISIT,18,Random,OnArrival,3,30,4298,Node_185,19,0,4,19,4,,,,,,,,,
0,VISIT,21,Random,OnArrival,3,2,4305,Node_49,20,0,13,20,13,,,,,,,,,
0,VISIT,22,Random,OnArrival,3,2,4305,Node_67,17,0,8,17,8,,,,,,,,,
0,VISIT,23,Random,OnArrival,3,2,4305,Node_67,17,0,8,17,8,,,,,,,,,
0,VISIT,24,Random,OnArrival,3,2,4305,Node_87,22,0,11,22,11,,,,,,,,,
0,VISIT,18,Random,OnArrival,3,31,4308,Node_181,19,0,5,19,5,,,,,,,,,
0,VISIT,21,Random,OnArrival,3,3,4315,Node_52,20,0,14,20,14,,,,,,,,,
0,VISIT,22,Random,OnArrival,3,3,4315,Node_92,17,0,7,17,7,,,,,,,,,
0,VISIT,23,Random,OnArrival,3,3,4315,Node_92,17,0,7,17,7,,,,,,,,,
0,VISIT,24,Random,OnArrival,3,3,4315,Node_93,23,0,11,23,11,,,,,,,,,
0,VISIT,18,Random,OnArrival,3,32,4318,Node_200,18,0,5,18,5,,,,,,,,,
0,VISIT,22,Random,OnArrival,3,4,4325,Node_95,16,0,7,16,7,,,,,,,,,
0,VISIT,23,Random,OnArrival,3,4,4325,Node_95,16,0,7,16,7,,,,,,,,,
0,VISIT,24,Random,OnArrival,3,4,4325,Node_169,24,0,11,24,11,,,,,,,,,
0,VISIT,18,Random,OnArrival,3,33,4328,Node_199,18,0,4,18,4,,,,,,,,,
0,VISIT,21,Random,OnArrival,3,4,4336,Node_65,18,0,14,18,14,,,,,,,,,
0,VISIT,22,Random,OnArrival,3,5,4336,Node_105,15,0,7,15,7,,,,,,,,,
0,VISIT,23,Random,OnArrival,3,5,4336,Node_105,15,0,7,15,7,,,,,,,,,
0,VISIT,18,Random,OnArrival,3,34,4339,Node_202,17,0,4,17,4,,,,,,,,,
0,VISIT,22,Random,OnArrival,3,6,4346,Node_95,16,0,7,16,7,,,,,,,,,
0,VISIT,23,Random,OnArrival,3,6,4346,Node_127,14,0,7,14,7,,,,,,,,,
0,VISIT,24,Random,OnArrival,3,5,4346,Node_173,25,0,12,25,12,,,,,,,,,
0,VISIT,18,Random,OnArrival,3,35,4349,Node_172,16,0,4,16,4,,,,,,,,,
0,VISIT,22,Random,OnArrival,3,7,4356,Node_167,16,0,6,16,6,,,,,,,,,
0,VISIT,23,Random,OnArrival,3,7,4356,Node_94,13,0,7,13,7,,,,,,,,,
0,VISIT,18,Random,OnArrival,3,36,4359,Node_170,16,0,5,16,5,,,,,,,,,
0,VISIT,22,Random,OnArrival,3,8,4366,Node_109,15,0,6,15,6,,,,,,,,,
0,VISIT,23,Random,OnArrival,3,8,4366,Node_111,12,0,7,12,7,,,,,,,,,
0,VISIT,18,Random,OnArrival,3,37,4369,Node_201,17,0,5,17,5,,,,,,,,,
0,VISIT,22,Random,OnArrival,3,9,4376,Node_129,14,0,6,14,6,,,,,,,,,
0,VISIT,23,Random,OnArrival,3,9,4376,Node_114,12,0,8,12,8,,,,,,,,,
0,VISIT,24,Random,OnArrival,3,6,4376,Node_175,25,0,13,25,13,,,,,,,,,
0,VISIT,18,Random,OnArrival,3,38,4379,Node_202,17,0,4,17,4,,,,,,,,,
0,VISIT,22,Random,OnArrival,3,10,4386,Node_97,13,0,6,13,6,,,,,,,,,
0,VISIT,23,Random,OnArrival,3,10,4386,Node_132,11,0,8,11,8,,,,,,,,,
0,VISIT,24,Random,OnArrival,3,7,4386,Node_103,24,0,13,24,13,,,,,,,,,
0,VISIT,18,Random,OnArrival,3,39,4389,Node_172,16,0,4,16,4,,,,,,,,,
0,VISIT,22,Random,OnArrival,3,11,4396,Node_107,12,0,6,12,6,,,,,,,,,
0,VISIT,23,Random,OnArrival,3,11,4396,Node_114,12,0,8,12,8,,,,,,,,,
0,VISIT,24,Random,OnArrival,3,8,4396,Node_99,24,0,12,24,12,,,,,,,,,
0,VISIT,18,Random,OnArrival,3,40,4399,Node_115,15,0,4,15,4,,,,,,,,,
0,VISIT,22,Random,OnArrival,3,12,4406,Node_136,11,0,6,11,6,,,,,,,,,
0,VISIT,23,Random,OnArrival,3,12,4406,Node_91,13,0,8,13,8,,,,,,,,,
0,VISIT,24,Random,OnArrival,3,9,4406,Node_173,25,0,12,25,12,,,,,,,,,
0,VISIT,18,Random,OnArrival,3,41,4409,Node_118,15,0,3,15,3,,,,,,,,,
0,VISIT,23,Random,OnArrival,3,13,4416,Node_89,13,0,9,13,9,,,,,,,,,
0,VISIT,24,Random,OnArrival,3,10,4416,Node_207,26,0,12,26,12,,,,,,,,,
0,VISIT,23,Random,OnArrival,3,14,4426,Node_117,12,0,9,12,9,,,,,,,,,
0,VISIT,23,Random,OnArrival,3,15,4436,Node_130,11,0,9,11,9,,,,,,,,,
0,VISIT,23,Random,OnArrival,3,16,4446,Node_137,10,0,9,10,9,,,,,,,,,
0,VISIT,23,Random,OnArrival,3,17,4456,Node_140,10,0,10,10,10,,,,,,,,,
0,VISIT,23,Random,OnArrival,3,18,4466,Node_164,9,0,10,9,10,,,,,,,,,
0,VISIT,23,Random,OnArrival,3,19,4476,Node_140,10,0,10,10,10,,,,,,,,,
0,VISIT,23,Random,OnArrival,3,20,4486,Node_142,10,0,11,10,11,,,,,,,,,
0,VISIT,23,Random,OnArrival,3,21,4496,Node_163,9,0,11,9,11,,,,,,,,,
0,VISIT,23,Random,OnArrival,3,22,4526,Node_162,9,0,12,9,12,,,,,,,,,
0,VISIT,23,Random,OnArrival,3,23,4536,Node_144,10,0,12,10,12,,,,,,,,,
0,VISIT,23,Random,OnArrival,3,24,4556,Node_144,10,0,12,10,12,,,,,,,,,
0,VISIT,23,Random,OnArrival,3,25,4566,Node_147,10,0,13,10,13,,,,,,,,,
0,VISIT,23,Random,OnArrival,3,26,4576,Node_161,9,0,13,9,13,,,,,,,,,
0,VISIT,23,Random,OnArrival,3,27,4586,Node_160,9,0,14,9,14,,,,,,,,,
0,VISIT,25,Random,OnArrival,3,0,4628,Node_6,19,0,12,19,12,,,,,,,,,
0,VISIT,26,Random,OnArrival,3,0,4628,Node_7,19,0,8,19,8,,,,,,,,,
0,VISIT,27,Random,OnArrival,3,0,4628,Node_8,17,0,10,17,10,,,,,,,,,
0,VISIT,28,Random,OnArrival,3,0,4628,Node_9,21,0,10,21,10,,,,,,,,,
0,VISIT,25,Random,OnArrival,3,1,4636,Node_2,19,0,11,19,11,,,,,,,,,
0,VISIT,26,Random,OnArrival,3,1,4636,Node_3,19,0,9,19,9,,,,,,,,,
0,VISIT,27,Random,OnArrival,3,1,4636,Node_24,16,0,10,16,10,,,,,,,,,
0,VISIT,28,Random,OnArrival,3,1,4636,Node_5,20,0,10,20,10,,,,,,,,,
0,VISIT,25,Random,OnArrival,3,2,4644,Node_20,19,0,10,19,10,,,,,,,,,
0,VISIT,26,Random,OnArrival,3,2,4644,Node_20,19,0,10,19,10,,,,,,,,,
0,VISIT,27,Random,OnArrival,3,2,4644,Node_26,15,0,10,15,10,,,,,,,,,
0,VISIT,28,Random,OnArrival,3,2,4644,Node_20,19,0,10,19,10,,,,,,,,,
0,VISIT,25,Random,OnArrival,3,3,4653,Node_4,18,0,10,18,10,,,,,,,,,
0,VISIT,26,Random,OnArrival,3,3,4653,Node_4,18,0,10,18,10,,,,,,,,,
0,VISIT,27,Random,OnArrival,3,3,4653,Node_28,15,0,11,15,11,,,,,,,,,
0,VISIT,28,Random,OnArrival,3,3,4653,Node_4,18,0,10,18,10,,,,,,,,,
0,VISIT,25,Random,OnArrival,3,4,4662,Node_8,17,0,10,17,10,,,,,,,,,
0,VISIT,26,Random,OnArrival,3,4,4662,Node_8,17,0,10,17,10,,,,,,,,,
0,VISIT,27,Random,OnArrival,3,4,4662,Node_29,15,0,12,15,12,,,,,,,,,
0,VISIT,28,Random,OnArrival,3,4,4662,Node_8,17,0,10,17,10,,,,,,,,,
0,VISIT,25,Random,OnArrival,3,5,4671,Node_24,16,0,10,16,10,,,,,,,,,
0,VISIT,26,Random,OnArrival,3,5,4671,Node_24,16,0,10,16,10,,,,,,,,,
0,VISIT,27,Random,OnArrival,3,5,4671,Node_32,15,0,13,15,13,,,,,,,,,
0,VISIT,28,Random,OnArrival,3,5,4671,Node_24,16,0,10,16,10,,,,,,,,,
0,VISIT,25,Random,OnArrival,3,6,4681,Node_26,15,0,10,15,10,,,,,,,,,
0,VISIT,26,Random,OnArrival,3,6,4681,Node_26,15,0,10,15,10,,,,,,,,,
0,VISIT,27,Random,OnArrival,3,6,4681,Node_79,15,0,14,15,14,,,,,,,,,
0,VISIT,28,Random,OnArrival,3,6,4681,Node_26,15,0,10,15,10,,,,,,,,,
0,VISIT,25,Random,OnArrival,3,7,4691,Node_28,15,0,11,15,11,,,,,,,,,
0,VISIT,26,Random,OnArrival,3,7,4691,Node_28,15,0,11,15,11,,,,,,,,,
0,VISIT,28,Random,OnArrival,3,7,4691,Node_28,15,0,11,15,11,,,,,,,,,
0,VISIT,25,Random,OnArrival,3,8,4701,Node_29,15,0,12,15,12,,,,,,,,,
0,VISIT,26,Random,OnArrival,3,8,4701,Node_29,15,0,12,15,12,,,,,,,,,
0,VISIT,27,Random,OnArrival,3,7,4701,Node_85,16,0,15,16,15,,,,,,,,,
0,VISIT,28,Random,OnArrival,3,8,4701,Node_29,15,0,12,15,12,,,,,,,,,
0,VISIT,25,Random,OnArrival,3,9,4711,Node_32,15,0,13,15,13,,,,,,,,,
0,VISIT,26,Random,OnArrival,3,9,4711,Node_32,15,0,13,15,13,,,,,,,,,
0,VISIT,27,Random,OnArrival,3,8,4711,Node_81,15,0,15,15,15,,,,,,,,,
0,VISIT,28,Random,OnArrival,3,9,4711,Node_32,15,0,13,15,13,,,,,,,,,
0,VISIT,25,Random,OnArrival,3,10,4721,Node_79,15,0,14,15,14,,,,,,,,,
0,VISIT,26,Random,OnArrival,3,10,4721,Node_79,15,0,14,15,14,,,,,,,,,
0,VISIT,27,Random,OnArrival,3,9,4721,Node_83,15,0,16,15,16,,,,,,,,,
0,VISIT,28,Random,OnArrival,3,10,4721,Node_79,15,0,14,15,14,,,,,,,,,
0,VISIT,25,Random,OnArrival,3,11,4731,Node_246,16,0,14,16,14,,,,,,,,,
0,VISIT,26,Random,OnArrival,3,11,4731,Node_246,16,0,14,16,14,,,,,,,,,
0,VISIT,27,Random,OnArrival,3,10,4731,Node_84,16,0,16,16,16,,,,,,,,,
0,VISIT,28,Random,OnArrival,3,11,4731,Node_38,14,0,14,14,14,,,,,,,,,
0,VISIT,25,Random,OnArrival,3,12,4741,Node_205,17,0,14,17,14,,,,,,,,,
0,VISIT,26,Random,OnArrival,3,12,4741,Node_205,17,0,14,17,14,,,,,,,,,
0,VISIT,27,Random,OnArrival,3,11,4741,Node_208,17,0,16,17,16,,,,,,,,,
0,VISIT,28,Random,OnArrival,3,12,4741,Node_39,13,0,14,13,14,,,,,,,,,
0,VISIT,25,Random,OnArrival,3,13,4751,Node_65,18,0,14,18,14,,,,,,,,,
0,VISIT,26,Random,OnArrival,3,13,4751,Node_206,17,0,15,17,15,,,,,,,,,
0,VISIT,27,Random,OnArrival,3,12,4751,Node_68,18,0,16,18,16,,,,,,,,,
0,VISIT,28,Random,OnArrival,3,13,4751,Node_74,12,0,14,12,14,,,,,,,,,
0,VISIT,25,Random,OnArrival,3,14,4761,Node_66,18,0,15,18,15,,,,,,,,,
0,VISIT,26,Random,OnArrival,3,14,4761,Node_85,16,0,15,16,15,,,,,,,,,
0,VISIT,27,Random,OnArrival,3,13,4761,Node_208,17,0,16,17,16,,,,,,,,,
0,VISIT,25,Random,OnArrival,3,15,4771,Node_206,17,0,15,17,15,,,,,,,,,
0,VISIT,26,Random,OnArrival,3,15,4771,Node_84,16,0,16,16,16,,,,,,,,,
0,VISIT,27,Random,OnArrival,3,14,4771,Node_206,17,0,15,17,15,,,,,,,,,
0,VISIT,28,Random,OnArrival,3,14,4771,Node_150,10,0,14,10,14,,,,,,,,,
0,VISIT,25,Random,OnArrival,3,16,4781,Node_208,17,0,16,17,16,,,,,,,,,
0,VISIT,26,Random,OnArrival,3,16,4781,Node_208,17,0,16,17,16,,,,,,,,,
0,VISIT,27,Random,OnArrival,3,15,4781,Node_85,16,0,15,16,15,,,,,,,,,
0,VISIT,25,Random,OnArrival,3,17,4791,Node_210,17,0,17,17,17,,,,,,,,,
0,VISIT,26,Random,OnArrival,3,17,4791,Node_210,17,0,17,17,17,,,,,,,,,
0,VISIT,27,Random,OnArrival,3,16,4791,Node_84,16,0,16,16,16,,,,,,,,,
0,VISIT,28,Random,OnArrival,3,15,4791,Node_159,9,0,15,9,15,,,,,,,,,
0,VISIT,25,Random,OnArrival,3,18,4801,Node_69,18,0,17,18,17,,,,,,,,,
0,VISIT,26,Random,OnArrival,3,18,4801,Node_69,18,0,17,18,17,,,,,,,,,
0,VISIT,27,Random,OnArrival,3,17,4801,Node_208,17,0,16,17,16,,,,,,,,,
0,VISIT,28,Random,OnArrival,3,16,4801,Node_240,8,0,15,8,15,,,,,,,,,
0,VISIT,27,Random,OnArrival,3,18,4811,Node_210,17,0,17,17,17,,,,,,,,,
0,VISIT,28,Random,OnArrival,3,17,4811,Node_241,8,0,16,8,16,,,,,,,,,
0,VISIT,27,Random,OnArrival,3,19,4821,Node_69,18,0,17,18,17,,,,,,,,,
0,VISIT,28,Random,OnArrival,3,18,4821,Node_157,9,0,16,9,16,,,,,,,,,
0,VISIT,27,Random,OnArrival,3,20,4831,Node_210,17,0,17,17,17,,,,,,,,,
0,VISIT,28,Random,OnArrival,3,19,4831,Node_241,8,0,16,8,16,,,,,,,,,
0,VISIT,27,Random,OnArrival,3,21,4840,Node_211,17,0,18,17,18,,,,,,,,,
0,VISIT,28,Random,OnArrival,3,20,4840,Node_242,8,0,17,8,17,,,,,,,,,
0,VISIT,27,Random,OnArrival,3,22,4850,Node_248,18,0,18,18,18,,,,,,,,,
0,VISIT,28,Random,OnArrival,3,21,4850,Node_156,9,0,17,9,17,,,,,,,,,
0,VISIT,28,Random,OnArrival,3,22,4859,Node_242,8,0,17,8,17,,,,,,,,,
0,VISIT,28,Random,OnArrival,3,23,4869,Node_243,8,0,18,8,18,,,,,,,,,
0,VISIT,28,Random,OnArrival,3,24,4879,Node_155,9,0,18,9,18,,,,,,,,,
0,VISIT,27,Random,OnArrival,3,23,4889,Node_33,21,0,19,21,19,,,,,,,,,
0,VISIT,28,Random,OnArrival,3,25,4889,Node_243,8,0,18,8,18,,,,,,,,,
0,VISIT,28,Random,OnArrival,3,26,4899,Node_244,7,0,18,7,18,,,,,,,,,
0,VISIT,29,Random,OnArrival,3,0,4952,Node_6,19,0,12,19,12,,,,,,,,,
0,VISIT,30,Random,OnArrival,3,0,4952,Node_7,19,0,8,19,8,,,,,,,,,
0,VISIT,31,Random,OnArrival,3,0,4952,Node_8,17,0,10,17,10,,,,,,,,,
0,VISIT,32,Random,OnArrival,3,0,4952,Node_9,21,0,10,21,10,,,,,,,,,
0,VISIT,29,Random,OnArrival,3,1,4960,Node_10,18,0,12,18,12,,,,,,,,,
0,VISIT,30,Random,OnArrival,3,1,4960,Node_3,19,0,9,19,9,,,,,,,,,
0,VISIT,31,Random,OnArrival,3,1,4960,Node_12,17,0,11,17,11,,,,,,,,,
0,VISIT,32,Random,OnArrival,3,1,4960,Node_5,20,0,10,20,10,,,,,,,,,
0,VISIT,29,Random,OnArrival,3,2,4969,Node_16,17,0,12,17,12,,,,,,,,,
0,VISIT,30,Random,OnArrival,3,2,4969,Node_20,19,0,10,19,10,,,,,,,,,
0,VISIT,31,Random,OnArrival,3,2,4969,Node_16,17,0,12,17,12,,,,,,,,,
0,VISIT,32,Random,OnArrival,3,2,4969,Node_55,20,0,11,20,11,,,,,,,,,
0,VISIT,29,Random,OnArrival,3,3,4977,Node_18,16,0,12,16,12,,,,,,,,,
0,VISIT,30,Random,OnArrival,3,3,4977,Node_4,18,0,10,18,10,,,,,,,,,
0,VISIT,31,Random,OnArrival,3,3,4977,Node_18,16,0,12,16,12,,,,,,,,,
0,VISIT,32,Random,OnArrival,3,3,4977,Node_46,20,0,12,20,12,,,,,,,,,
0,VISIT,29,Random,OnArrival,3,4,4985,Node_29,15,0,12,15,12,,,,,,,,,
0,VISIT,30,Random,OnArrival,3,4,4985,Node_8,17,0,10,17,10,,,,,,,,,
0,VISIT,31,Random,OnArrival,3,4,4985,Node_29,15,0,12,15,12,,,,,,,,,
0,VISIT,32,Random,OnArrival,3,4,4985,Node_49,20,0,13,20,13,,,,,,,,,
0,VISIT,29,Random,OnArrival,3,5,4994,Node_32,15,0,13,15,13,,,,,,,,,
0,VISIT,30,Random,OnArrival,3,5,4994,Node_12,17,0,11,17,11,,,,,,,,,
0,VISIT,31,Random,OnArrival,3,5,4994,Node_32,15,0,13,15,13,,,,,,,,,
0,VISIT,32,Random,OnArrival,3,5,4994,Node_52,20,0,14,20,14,,,,,,,,,
0,VISIT,29,Random,OnArrival,3,6,5003,Node_37,14,0,13,14,13,,,,,,,,,
0,VISIT,30,Random,OnArrival,3,6,5003,Node_16,17,0,12,17,12,,,,,,,,,
0,VISIT,31,Random,OnArrival,3,6,5003,Node_37,14,0,13,14,13,,,,,,,,,
0,VISIT,32,Random,OnArrival,3,6,5003,Node_54,20,0,15,20,15,,,,,,,,,
0,VISIT,29,Random,OnArrival,3,7,5012,Node_38,14,0,14,14,14,,,,,,,,,
0,VISIT,30,Random,OnArrival,3,7,5012,Node_18,16,0,12,16,12,,,,,,,,,
0,VISIT,31,Random,OnArrival,3,7,5012,Node_38,14,0,14,14,14,,,,,,,,,
0,VISIT,32,Random,OnArrival,3,7,5012,Node_25,21,0,15,21,15,,,,,,,,,
0,VISIT,29,Random,OnArrival,3,8,5021,Node_39,13,0,14,13,14,,,,,,,,,
0,VISIT,30,Random,OnArrival,3,8,5021,Node_29,15,0,12,15,12,,,,,,,,,
0,VISIT,31,Random,OnArrival,3,8,5021,Node_39,13,0,14,13,14,,,,,,,,,
0,VISIT,32,Random,OnArrival,3,8,5021,Node_58,22,0,15,22,15,,,,,,,,,
0,VISIT,29,Random,OnArrival,3,9,5030,Node_74,12,0,14,12,14,,,,,,,,,
0,VISIT,30,Random,OnArrival,3,9,5030,Node_32,15,0,13,15,13,,,,,,,,,
0,VISIT,31,Random,OnArrival,3,9,5030,Node_74,12,0,14,12,14,,,,,,,,,
0,VISIT,30,Random,OnArrival,3,10,5039,Node_37,14,0,13,14,13,,,,,,,,,
0,VISIT,29,Random,OnArrival,3,10,5048,Node_150,10,0,14,10,14,,,,,,,,,
0,VISIT,30,Random,OnArrival,3,11,5048,Node_38,14,0,14,14,14,,,,,,,,,
0,VISIT,31,Random,OnArrival,3,10,5048,Node_150,10,0,14,10,14,,,,,,,,,
0,VISIT,29,Random,OnArrival,3,11,5057,Node_160,9,0,14,9,14,,,,,,,,,
0,VISIT,30,Random,OnArrival,3,12,5057,Node_39,13,0,14,13,14,,,,,,,,,
0,VISIT,31,Random,OnArrival,3,11,5057,Node_160,9,0,14,9,14,,,,,,,,,
0,VISIT,32,Random,OnArrival,3,9,5057,Node_116,24,0,17,24,17,,,,,,,,,
0,VISIT,29,Random,OnArrival,3,12,5066,Node_161,9,0,13,9,13,,,,,,,,,
0,VISIT,30,Random,OnArrival,3,13,5066,Node_74,12,0,14,12,14,,,,,,,,,
0,VISIT,31,Random,OnArrival,3,12,5066,Node_161,9,0,13,9,13,,,,,,,,,
0,VISIT,29,Random,OnArrival,3,13,5073,Node_162,9,0,12,9,12,,,,,,,,,
0,VISIT,31,Random,OnArrival,3,13,5073,Node_162,9,0,12,9,12,,,,,,,,,
0,VISIT,29,Random,OnArrival,3,14,5082,Node_163,9,0,11,9,11,,,,,,,,,
0,VISIT,30,Random,OnArrival,3,14,5082,Node_150,10,0,14,10,14,,,,,,,,,
0,VISIT,31,Random,OnArrival,3,14,5082,Node_163,9,0,11,9,11,,,,,,,,,
0,VISIT,29,Random,OnArrival,3,15,5091,Node_236,8,0,11,8,11,,,,,,,,,
0,VISIT,31,Random,OnArrival,3,15,5091,Node_236,8,0,11,8,11,,,,,,,,,
0,VISIT,29,Random,OnArrival,3,16,5101,Node_165,8,0,10,8,10,,,,,,,,,
0,VISIT,30,Random,OnArrival,3,15,5101,Node_74,12,0,14,12,14,,,,,,,,,
0,VISIT,31,Random,OnArrival,3,16,5101,Node_165,8,0,10,8,10,,,,,,,,,
0,VISIT,30,Random,OnArrival,3,16,5110,Node_75,12,0,15,12,15,,,,,,,,,
0,VISIT,30,Random,OnArrival,3,17,5119,Node_76,12,0,16,12,16,,,,,,,,,
0,VISIT,30,Random,OnArrival,3,18,5128,Node_45,12,0,17,12,17,,,,,,,,,
0,VISIT,30,Random,OnArrival,3,19,5137,Node_44,12,0,18,12,18,,,,,,,,,
0,VISIT,30,Random,OnArrival,3,20,5146,Node_78,11,0,18,11,18,,,,,,,,,
0,VISIT,30,Random,OnArrival,3,21,5155,Node_44,12,0,18,12,18,,,,,,,,,
0,VISIT,30,Random,OnArrival,3,22,5165,Node_43,13,0,18,13,18,,,,,,,,,
0,VISIT,30,Random,OnArrival,3,23,5174,Node_281,14,0,18,14,18,,,,,,,,,
0,VISIT,30,Random,OnArrival,3,24,5178,Node_279,15,0,18,15,18,,,,,,,,,
0,VISIT,29,Random,OnArrival,3,17,5185,Node_282,5,0,15,5,15,,,,,,,,,
0,VISIT,30,Random,OnArrival,3,25,5185,Node_277,15,0,19,15,19,,,,,,,,,
0,VISIT,31,Random,OnArrival,3,17,5185,Node_282,5,0,15,5,15,,,,,,,,,
0,VISIT,33,Random,OnArrival,3,0,5185,Node_6,19,0,12,19,12,,,,,,,,,
0,VISIT,34,Random,OnArrival,3,0,5185,Node_7,19,0,8,19,8,,,,,,,,,
0,VISIT,35,Random,OnArrival,3,0,5185,Node_8,17,0,10,17,10,,,,,,,,,
0,VISIT,36,Random,OnArrival,3,0,5185,Node_9,21,0,10,21,10,,,,,,,,,
0,VISIT,30,Random,OnArrival,3,26,5192,Node_283,14,0,19,14,19,,,,,,,,,
0,VISIT,33,Random,OnArrival,3,1,5192,Node_2,19,0,11,19,11,,,,,,,,,
0,VISIT,34,Random,OnArrival,3,1,5192,Node_3,19,0,9,19,9,,,,,,,,,
0,VISIT,35,Random,OnArrival,3,1,5192,Node_24,16,0,10,16,10,,,,,,,,,
0,VISIT,36,Random,OnArrival,3,1,5192,Node_5,20,0,10,20,10,,,,,,,,,
0,VISIT,30,Random,OnArrival,3,27,5198,Node_277,15,0,19,15,19,,,,,,,,,
0,VISIT,33,Random,OnArrival,3,2,5198,Node_20,19,0,10,19,10,,,,,,,,,
0,VISIT,34,Random,OnArrival,3,2,5198,Node_20,19,0,10,19,10,,,,,,,,,
0,VISIT,35,Random,OnArrival,3,2,5198,Node_26,15,0,10,15,10,,,,,,,,,
0,VISIT,36,Random,OnArrival,3,2,5198,Node_20,19,0,10,19,10,,,,,,,,,
0,VISIT,30,Random,OnArrival,3,28,5205,Node_274,15,0,20,15,20,,,,,,,,,
0,VISIT,33,Random,OnArrival,3,3,5205,Node_4,18,0,10,18,10,,,,,,,,,
0,VISIT,34,Random,OnArrival,3,3,5205,Node_4,18,0,10,18,10,,,,,,,,,
0,VISIT,35,Random,OnArrival,3,3,5205,Node_31,14,0,10,14,10,,,,,,,,,
0,VISIT,36,Random,OnArrival,3,3,5205,Node_4,18,0,10,18,10,,,,,,,,,
0,VISIT,30,Random,OnArrival,3,29,5211,Node_284,14,0,20,14,20,,,,,,,,,
0,VISIT,33,Random,OnArrival,3,4,5211,Node_8,17,0,10,17,10,,,,,,,,,
0,VISIT,34,Random,OnArrival,3,4,5211,Node_8,17,0,10,17,10,,,,,,,,,
0,VISIT,35,Random,OnArrival,3,4,5211,Node_73,13,0,10,13,10,,,,,,,,,
0,VISIT,36,Random,OnArrival,3,4,5211,Node_8,17,0,10,17,10,,,,,,,,,
0,VISIT,30,Random,OnArrival,3,30,5219,Node_285,14,0,21,14,21,,,,,,,,,
0,VISIT,33,Random,OnArrival,3,5,5219,Node_24,16,0,10,16,10,,,,,,,,,
0,VISIT,34,Random,OnArrival,3,5,5219,Node_24,16,0,10,16,10,,,,,,,,,
0,VISIT,35,Random,OnArrival,3,5,5219,Node_89,13,0,9,13,9,,,,,,,,,
0,VISIT,36,Random,OnArrival,3,5,5219,Node_24,16,0,10,16,10,,,,,,,,,
0,VISIT,33,Random,OnArrival,3,6,5226,Node_26,15,0,10,15,10,,,,,,,,,
0,VISIT,34,Random,OnArrival,3,6,5226,Node_26,15,0,10,15,10,,,,,,,,,
0,VISIT,35,Random,OnArrival,3,6,5226,Node_117,12,0,9,12,9,,,,,,,,,
0,VISIT,36,Random,OnArrival,3,6,5226,Node_26,15,0,10,15,10,,,,,,,,,
0,VISIT,33,Random,OnArrival,3,7,5234,Node_31,14,0,10,14,10,,,,,,,,,
0,VISIT,34,Random,OnArrival,3,7,5234,Node_31,14,0,10,14,10,,,,,,,,,
0,VISIT,35,Random,OnArrival,3,7,5234,Node_114,12,0,8,12,8,,,,,,,,,
0,VISIT,36,Random,OnArrival,3,7,5234,Node_31,14,0,10,14,10,,,,,,,,,
0,VISIT,33,Random,OnArrival,3,8,5240,Node_73,13,0,10,13,10,,,,,,,,,
0,VISIT,34,Random,OnArrival,3,8,5240,Node_73,13,0,10,13,10,,,,,,,,,
0,VISIT,35,Random,OnArrival,3,8,5240,Node_111,12,0,7,12,7,,,,,,,,,
0,VISIT,36,Random,OnArrival,3,8,5240,Node_73,13,0,10,13,10,,,,,,,,,
0,VISIT,33,Random,OnArrival,3,9,5248,Node_89,13,0,9,13,9,,,,,,,,,
0,VISIT,34,Random,OnArrival,3,9,5248,Node_89,13,0,9,13,9,,,,,,,,,
0,VISIT,35,Random,OnArrival,3,9,5248,Node_107,12,0,6,12,6,,,,,,,,,
0,VISIT,36,Random,OnArrival,3,9,5248,Node_89,13,0,9,13,9,,,,,,,,,
0,VISIT,30,Random,OnArrival,3,31,5256,Node_259,15,0,25,15,25,,,,,,,,,
0,VISIT,33,Random,OnArrival,3,10,5256,Node_117,12,0,9,12,9,,,,,,,,,
0,VISIT,34,Random,OnArrival,3,10,5256,Node_117,12,0,9,12,9,,,,,,,,,
0,VISIT,35,Random,OnArrival,3,10,5256,Node_104,12,0,5,12,5,,,,,,,,,
0,VISIT,36,Random,OnArrival,3,10,5256,Node_117,12,0,9,12,9,,,,,,,,,
0,VISIT,30,Random,OnArrival,3,32,5265,Node_262,15,0,24,15,24,,,,,,,,,
0,VISIT,33,Random,OnArrival,3,11,5265,Node_114,12,0,8,12,8,,,,,,,,,
0,VISIT,34,Random,OnArrival,3,11,5265,Node_114,12,0,8,12,8,,,,,,,,,
0,VISIT,35,Random,OnArrival,3,11,5265,Node_139,11,0,5,11,5,,,,,,,,,
0,VISIT,36,Random,OnArrival,3,11,5265,Node_114,12,0,8,12,8,,,,,,,,,
0,VISIT,30,Random,OnArrival,3,33,5274,Node_312,14,0,24,14,24,,,,,,,,,
0,VISIT,33,Random,OnArrival,3,12,5274,Node_111,12,0,7,12,7,,,,,,,,,
0,VISIT,34,Random,OnArrival,3,12,5274,Node_111,12,0,7,12,7,,,,,,,,,
0,VISIT,35,Random,OnArrival,3,12,5274,Node_218,10,0,5,10,5,,,,,,,,,
0,VISIT,36,Random,OnArrival,3,12,5274,Node_111,12,0,7,12,7,,,,,,,,,
0,VISIT,30,Random,OnArrival,3,34,5281,Node_262,15,0,24,15,24,,,,,,,,,
0,VISIT,33,Random,OnArrival,3,13,5281,Node_107,12,0,6,12,6,,,,,,,,,
0,VISIT,34,Random,OnArrival,3,13,5281,Node_107,12,0,6,12,6,,,,,,,,,
0,VISIT,36,Random,OnArrival,3,13,5281,Node_107,12,0,6,12,6,,,,,,,,,
0,VISIT,30,Random,OnArrival,3,35,5290,Node_265,15,0,23,15,23,,,,,,,,,
0,VISIT,33,Random,OnArrival,3,14,5290,Node_104,12,0,5,12,5,,,,,,,,,
0,VISIT,34,Random,OnArrival,3,14,5290,Node_104,12,0,5,12,5,,,,,,,,,
0,VISIT,36,Random,OnArrival,3,14,5290,Node_104,12,0,5,12,5,,,,,,,,,
0,VISIT,30,Random,OnArrival,3,36,5299,Node_310,14,0,23,14,23,,,,,,,,,
0,VISIT,33,Random,OnArrival,3,15,5299,Node_139,11,0,5,11,5,,,,,,,,,
0,VISIT,34,Random,OnArrival,3,15,5299,Node_139,11,0,5,11,5,,,,,,,,,
0,VISIT,36,Random,OnArrival,3,15,5299,Node_139,11,0,5,11,5,,,,,,,,,
0,VISIT,33,Random,OnArrival,3,16,5308,Node_218,10,0,5,10,5,,,,,,,,,
0,VISIT,34,Random,OnArrival,3,16,5308,Node_141,11,0,4,11,4,,,,,,,,,
0,VISIT,36,Random,OnArrival,3,16,5308,Node_141,11,0,4,11,4,,,,,,,,,
0,VISIT,33,Random,OnArrival,3,17,5317,Node_319,9,0,5,9,5,,,,,,,,,
0,VISIT,34,Random,OnArrival,3,17,5317,Node_222,10,0,4,10,4,,,,,,,,,
0,VISIT,36,Random,OnArrival,3,17,5317,Node_222,10,0,4,10,4,,,,,,,,,
0,VISIT,34,Random,OnArrival,3,18,5326,Node_141,11,0,4,11,4,,,,,,,,,
0,VISIT,35,Random,OnArrival,3,13,5326,Node_324,8,0,7,8,7,,,,,,,,,
0,VISIT,36,Random,OnArrival,3,18,5326,Node_141,11,0,4,11,4,,,,,,,,,
0,VISIT,33,Random,OnArrival,3,18,5334,Node_322,8,0,6,8,6,,,,,,,,,
0,VISIT,34,Random,OnArrival,3,19,5334,Node_143,11,0,3,11,3,,,,,,,,,
0,VISIT,36,Random,OnArrival,3,19,5334,Node_143,11,0,3,11,3,,,,,,,,,
0,VISIT,34,Random,OnArrival,3,20,5342,Node_224,10,0,3,10,3,,,,,,,,,
0,VISIT,36,Random,OnArrival,3,20,5342,Node_224,10,0,3,10,3,,,,,,,,,
0,VISIT,33,Random,OnArrival,3,19,5351,Node_330,7,0,7,7,7,,,,,,,,,
0,VISIT,34,Random,OnArrival,3,21,5351,Node_143,11,0,3,11,3,,,,,,,,,
0,VISIT,36,Random,OnArrival,3,21,5351,Node_143,11,0,3,11,3,,,,,,,,,
0,VISIT,33,Random,OnArrival,3,20,5360,Node_324,8,0,7,8,7,,,,,,,,,
0,VISIT,33,Random,OnArrival,3,21,5369,Node_322,8,0,6,8,6,,,,,,,,,
0,VISIT,33,Random,OnArrival,3,22,5378,Node_328,8,0,5,8,5,,,,,,,,,
0,VISIT,34,Random,OnArrival,3,22,5378,Node_146,11,0,2,11,2,,,,,,,,,
0,VISIT,36,Random,OnArrival,3,22,5378,Node_146,11,0,2,11,2,,,,,,,,,
0,VISIT,34,Random,OnArrival,3,23,5386,Node_225,10,0,2,10,2,,,,,,,,,
0,VISIT,36,Random,OnArrival,3,23,5386,Node_225,10,0,2,10,2,,,,,,,,,
0,VISIT,37,Random,OnArrival,3,0,5427,Node_6,19,0,12,19,12,,,,,,,,,
0,VISIT,38,Random,OnArrival,3,0,5427,Node_7,19,0,8,19,8,,,,,,,,,
0,VISIT,39,Random,OnArrival,3,0,5427,Node_8,17,0,10,17,10,,,,,,,,,
0,VISIT,40,Random,OnArrival,3,0,5427,Node_9,21,0,10,21,10,,,,,,,,,
0,VISIT,37,Random,OnArrival,3,1,5433,Node_2,19,0,11,19,11,,,,,,,,,
0,VISIT,38,Random,OnArrival,3,1,5433,Node_11,18,0,8,18,8,,,,,,,,,
0,VISIT,39,Random,OnArrival,3,1,5433,Node_23,17,0,9,17,9,,,,,,,,,
0,VISIT,40,Random,OnArrival,3,1,5433,Node_5,20,0,10,20,10,,,,,,,,,
0,VISIT,37,Random,OnArrival,3,2,5440,Node_20,19,0,10,19,10,,,,,,,,,
0,VISIT,38,Random,OnArrival,3,2,5440,Node_67,17,0,8,17,8,,,,,,,,,
0,VISIT,39,Random,OnArrival,3,2,5440,Node_67,17,0,8,17,8,,,,,,,,,
0,VISIT,40,Random,OnArrival,3,2,5440,Node_50,20,0,9,20,9,,,,,,,,,
0,VISIT,37,Random,OnArrival,3,3,5448,Node_4,18,0,10,18,10,,,,,,,,,
0,VISIT,38,Random,OnArrival,3,3,5448,Node_92,17,0,7,17,7,,,,,,,,,
0,VISIT,39,Random,OnArrival,3,3,5448,Node_92,17,0,7,17,7,,,,,,,,,
0,VISIT,40,Random,OnArrival,3,3,5448,Node_47,20,0,8,20,8,,,,,,,,,
0,VISIT,33,Random,OnArrival,3,23,5452,Node_338,5,0,5,5,5,,,,,,,,,
0,VISIT,34,Random,OnArrival,3,24,5452,Node_338,5,0,5,5,5,,,,,,,,,
0,VISIT,36,Random,OnArrival,3,24,5452,Node_338,5,0,5,5,5,,,,,,,,,
0,VISIT,37,Random,OnArrival,3,4,5456,Node_8,17,0,10,17,10,,,,,,,,,
0,VISIT,38,Random,OnArrival,3,4,5456,Node_95,16,0,7,16,7,,,,,,,,,
0,VISIT,39,Random,OnArrival,3,4,5456,Node_95,16,0,7,16,7,,,,,,,,,
0,VISIT,40,Random,OnArrival,3,4,5456,Node_7,19,0,8,19,8,,,,,,,,,
0,VISIT,33,Random,OnArrival,3,24,5460,Node_336,6,0,5,6,5,,,,,,,,,
0,VISIT,36,Random,OnArrival,3,25,5460,Node_336,6,0,5,6,5,,,,,,,,,
0,VISIT,37,Random,OnArrival,3,5,5464,Node_23,17,0,9,17,9,,,,,,,,,
0,VISIT,38,Random,OnArrival,3,5,5464,Node_167,16,0,6,16,6,,,,,,,,,
0,VISIT,39,Random,OnArrival,3,5,5464,Node_167,16,0,6,16,6,,,,,,,,,
0,VISIT,40,Random,OnArrival,3,5,5464,Node_11,18,0,8,18,8,,,,,,,,,
0,VISIT,33,Random,OnArrival,3,25,5468,Node_334,6,0,6,6,6,,,,,,,,,
0,VISIT,34,Random,OnArrival,3,25,5468,Node_343,5,0,3,5,3,,,,,,,,,
0,VISIT,36,Random,OnArrival,3,26,5468,Node_334,6,0,6,6,6,,,,,,,,,
0,VISIT,37,Random,OnArrival,3,6,5471,Node_67,17,0,8,17,8,,,,,,,,,
0,VISIT,38,Random,OnArrival,3,6,5471,Node_170,16,0,5,16,5,,,,,,,,,
0,VISIT,39,Random,OnArrival,3,6,5471,Node_170,16,0,5,16,5,,,,,,,,,
0,VISIT,40,Random,OnArrival,3,6,5471,Node_67,17,0,8,17,8,,,,,,,,,
0,VISIT,33,Random,OnArrival,3,26,5476,Node_339,5,0,6,5,6,,,,,,,,,
0,VISIT,36,Random,OnArrival,3,27,5476,Node_339,5,0,6,5,6,,,,,,,,,
0,VISIT,37,Random,OnArrival,3,7,5479,Node_92,17,0,7,17,7,,,,,,,,,
0,VISIT,38,Random,OnArrival,3,7,5479,Node_172,16,0,4,16,4,,,,,,,,,
0,VISIT,39,Random,OnArrival,3,7,5479,Node_172,16,0,4,16,4,,,,,,,,,
0,VISIT,40,Random,OnArrival,3,7,5479,Node_92,17,0,7,17,7,,,,,,,,,
0,VISIT,37,Random,OnArrival,3,8,5488,Node_95,16,0,7,16,7,,,,,,,,,
0,VISIT,38,Random,OnArrival,3,8,5488,Node_174,16,0,3,16,3,,,,,,,,,
0,VISIT,39,Random,OnArrival,3,8,5488,Node_174,16,0,3,16,3,,,,,,,,,
0,VISIT,40,Random,OnArrival,3,8,5488,Node_95,16,0,7,16,7,,,,,,,,,
0,VISIT,37,Random,OnArrival,3,9,5497,Node_167,16,0,6,16,6,,,,,,,,,
0,VISIT,38,Random,OnArrival,3,9,5497,Node_118,15,0,3,15,3,,,,,,,,,
0,VISIT,39,Random,OnArrival,3,9,5497,Node_118,15,0,3,15,3,,,,,,,,,
0,VISIT,40,Random,OnArrival,3,9,5497,Node_167,16,0,6,16,6,,,,,,,,,
0,VISIT,33,Random,OnArrival,3,27,5501,Node_298,5,0,9,5,9,,,,,,,,,
0,VISIT,36,Random,OnArrival,3,28,5501,Node_298,5,0,9,5,9,,,,,,,,,
0,VISIT,37,Random,OnArrival,3,10,5506,Node_170,16,0,5,16,5,,,,,,,,,
0,VISIT,38,Random,OnArrival,3,10,5506,Node_120,15,0,2,15,2,,,,,,,,,
0,VISIT,39,Random,OnArrival,3,10,5506,Node_120,15,0,2,15,2,,,,,,,,,
0,VISIT,40,Random,OnArrival,3,10,5506,Node_170,16,0,5,16,5,,,,,,,,,
0,VISIT,37,Random,OnArrival,3,11,5515,Node_172,16,0,4,16,4,,,,,,,,,
0,VISIT,38,Random,OnArrival,3,11,5515,Node_220,14,0,2,14,2,,,,,,,,,
0,VISIT,39,Random,OnArrival,3,11,5515,Node_220,14,0,2,14,2,,,,,,,,,
0,VISIT,40,Random,OnArrival,3,11,5515,Node_172,16,0,4,16,4,,,,,,,,,
0,VISIT,37,Random,OnArrival,3,12,5524,Node_174,16,0,3,16,3,,,,,,,,,
0,VISIT,40,Random,OnArrival,3,12,5524,Node_174,16,0,3,16,3,,,,,,,,,
0,VISIT,33,Random,OnArrival,3,28,5527,Node_339,5,0,6,5,6,,,,,,,,,
0,VISIT,36,Random,OnArrival,3,29,5527,Node_339,5,0,6,5,6,,,,,,,,,
0,VISIT,37,Random,OnArrival,3,13,5532,Node_118,15,0,3,15,3,,,,,,,,,
0,VISIT,40,Random,OnArrival,3,13,5532,Node_177,16,0,2,16,2,,,,,,,,,
0,VISIT,37,Random,OnArrival,3,14,5541,Node_216,14,0,3,14,3,,,,,,,,,
0,VISIT,40,Random,OnArrival,3,14,5541,Node_120,15,0,2,15,2,,,,,,,,,
0,VISIT,40,Random,OnArrival,3,15,5549,Node_220,14,0,2,14,2,,,,,,,,,
0,VISIT,37,Random,OnArrival,3,15,5566,Node_337,12,0,2,12,2,,,,,,,,,
0,VISIT,40,Random,OnArrival,3,16,5566,Node_337,12,0,2,12,2,,,,,,,,,
0,VISIT,37,Random,OnArrival,3,16,5574,Node_146,11,0,2,11,2,,,,,,,,,
0,VISIT,40,Random,OnArrival,3,17,5574,Node_358,13,0,2,13,2,,,,,,,,,
0,VISIT,37,Random,OnArrival,3,17,5583,Node_149,11,0,1,11,1,,,,,,,,,
0,VISIT,40,Random,OnArrival,3,18,5583,Node_220,14,0,2,14,2,,,,,,,,,
0,VISIT,37,Random,OnArrival,3,18,5591,Node_227,10,0,1,10,1,,,,,,,,,
0,VISIT,40,Random,OnArrival,3,19,5591,Node_348,14,0,1,14,1,,,,,,,,,
0,VISIT,37,Random,OnArrival,3,19,5599,Node_225,10,0,2,10,2,,,,,,,,,
0,VISIT,38,Random,OnArrival,3,12,5599,Node_193,15,0,-3,15,-3,,,,,,,,,
0,VISIT,39,Random,OnArrival,3,12,5599,Node_193,15,0,-3,15,-3,,,,,,,,,
0,VISIT,40,Random,OnArrival,3,20,5599,Node_182,15,0,1,15,1,,,,,,,,,
0,VISIT,38,Random,OnArrival,3,13,5607,Node_359,14,0,-3,14,-3,,,,,,,,,
0,VISIT,39,Random,OnArrival,3,13,5607,Node_359,14,0,-3,14,-3,,,,,,,,,
0,VISIT,40,Random,OnArrival,3,21,5607,Node_348,14,0,1,14,1,,,,,,,,,
0,VISIT,37,Random,OnArrival,3,20,5616,Node_340,8,0,2,8,2,,,,,,,,,
0,VISIT,40,Random,OnArrival,3,22,5616,Node_349,14,0,0,14,0,,,,,,,,,
0,VISIT,36,Random,OnArrival,3,30,5617,Node_317,1,0,13,1,13,,,,,,,,,
0,VISIT,37,Random,OnArrival,3,21,5633,Node_341,6,0,2,6,2,,,,,,,,,
0,VISIT,40,Random,OnArrival,3,23,5649,Node_152,11,0,-1,11,-1,,,,,,,,,
0,VISIT,36,Random,OnArrival,3,31,5650,Node_315,1,0,15,1,15,,,,,,,,,
0,VISIT,36,Random,OnArrival,3,32,5659,Node_316,1,0,14,1,14,,,,,,,,,
0,VISIT,39,Random,OnArrival,3,14,5667,Node_152,11,0,-1,11,-1,,,,,,,,,
0,VISIT,40,Random,OnArrival,3,24,5667,Node_233,10,0,-2,10,-2,,,,,,,,,
0,VISIT,36,Random,OnArrival,3,33,5668,Node_376,0,0,14,0,14,,,,,,,,,
0,VISIT,39,Random,OnArrival,3,15,5676,Node_231,10,0,-1,10,-1,,,,,,,,,
0,VISIT,40,Random,OnArrival,3,25,5676,Node_382,11,0,-2,11,-2,,,,,,,,,
0,VISIT,40,Random,OnArrival,3,26,5684,Node_152,11,0,-1,11,-1,,,,,,,,,
0,VISIT,41,Random,OnArrival,3,0,5684,Node_6,19,0,12,19,12,,,,,,,,,
0,VISIT,42,Random,OnArrival,3,0,5684,Node_7,19,0,8,19,8,,,,,,,,,
0,VISIT,43,Random,OnArrival,3,0,5684,Node_8,17,0,10,17,10,,,,,,,,,
0,VISIT,44,Random,OnArrival,3,0,5684,Node_9,21,0,10,21,10,,,,,,,,,
0,VISIT,40,Random,OnArrival,3,27,5691,Node_231,10,0,-1,10,-1,,,,,,,,,
0,VISIT,41,Random,OnArrival,3,1,5691,Node_2,19,0,11,19,11,,,,,,,,,
0,VISIT,42,Random,OnArrival,3,1,5691,Node_11,18,0,8,18,8,,,,,,,,,
0,VISIT,43,Random,OnArrival,3,1,5691,Node_23,17,0,9,17,9,,,,,,,,,
0,VISIT,44,Random,OnArrival,3,1,5691,Node_5,20,0,10,20,10,,,,,,,,,
0,VISIT,37,Random,OnArrival,3,22,5697,Node_344,3,0,3,3,3,,,,,,,,,
0,VISIT,40,Random,OnArrival,3,28,5697,Node_229,10,0,0,10,0,,,,,,,,,
0,VISIT,41,Random,OnArrival,3,2,5697,Node_20,19,0,10,19,10,,,,,,,,,
0,VISIT,42,Random,OnArrival,3,2,5697,Node_67,17,0,8,17,8,,,,,,,,,
0,VISIT,43,Random,OnArrival,3,2,5697,Node_67,17,0,8,17,8,,,,,,,,,
0,VISIT,44,Random,OnArrival,3,2,5697,Node_50,20,0,9,20,9,,,,,,,,,
0,VISIT,40,Random,OnArrival,3,29,5704,Node_151,11,0,0,11,0,,,,,,,,,
0,VISIT,41,Random,OnArrival,3,3,5704,Node_4,18,0,10,18,10,,,,,,,,,
0,VISIT,42,Random,OnArrival,3,3,5704,Node_92,17,0,7,17,7,,,,,,,,,
0,VISIT,43,Random,OnArrival,3,3,5704,Node_92,17,0,7,17,7,,,,,,,,,
0,VISIT,44,Random,OnArrival,3,3,5704,Node_47,20,0,8,20,8,,,,,,,,,
0,VISIT,40,Random,OnArrival,3,30,5711,Node_375,12,0,0,12,0,,,,,,,,,
0,VISIT,41,Random,OnArrival,3,4,5711,Node_8,17,0,10,17,10,,,,,,,,,
0,VISIT,42,Random,OnArrival,3,4,5711,Node_95,16,0,7,16,7,,,,,,,,,
0,VISIT,43,Random,OnArrival,3,4,5711,Node_95,16,0,7,16,7,,,,,,,,,
0,VISIT,44,Random,OnArrival,3,4,5711,Node_7,19,0,8,19,8,,,,,,,,,
0,VISIT,37,Random,OnArrival,3,23,5718,Node_383,3,0,0,3,0,,,,,,,,,
0,VISIT,41,Random,OnArrival,3,5,5718,Node_23,17,0,9,17,9,,,,,,,,,
0,VISIT,42,Random,OnArrival,3,5,5718,Node_167,16,0,6,16,6,,,,,,,,,
0,VISIT,43,Random,OnArrival,3,5,5718,Node_167,16,0,6,16,6,,,,,,,,,
0,VISIT,44,Random,OnArrival,3,5,5718,Node_11,18,0,8,18,8,,,,,,,,,
0,VISIT,40,Random,OnArrival,3,31,5725,Node_349,14,0,0,14,0,,,,,,,,,
0,VISIT,41,Random,OnArrival,3,6,5725,Node_67,17,0,8,17,8,,,,,,,,,
0,VISIT,42,Random,OnArrival,3,6,5725,Node_109,15,0,6,15,6,,,,,,,,,
0,VISIT,43,Random,OnArrival,3,6,5725,Node_109,15,0,6,15,6,,,,,,,,,
0,VISIT,44,Random,OnArrival,3,6,5725,Node_67,17,0,8,17,8,,,,,,,,,
0,VISIT,40,Random,OnArrival,3,32,5733,Node_184,15,0,0,15,0,,,,,,,,,
0,VISIT,41,Random,OnArrival,3,7,5733,Node_92,17,0,7,17,7,,,,,,,,,
0,VISIT,42,Random,OnArrival,3,7,5733,Node_129,14,0,6,14,6,,,,,,,,,
0,VISIT,43,Random,OnArrival,3,7,5733,Node_129,14,0,6,14,6,,,,,,,,,
0,VISIT,44,Random,OnArrival,3,7,5733,Node_92,17,0,7,17,7,,,,,,,,,
0,VISIT,40,Random,OnArrival,3,33,5739,Node_349,14,0,0,14,0,,,,,,,,,
0,VISIT,41,Random,OnArrival,3,8,5739,Node_95,16,0,7,16,7,,,,,,,,,
0,VISIT,42,Random,OnArrival,3,8,5739,Node_97,13,0,6,13,6,,,,,,,,,
0,VISIT,43,Random,OnArrival,3,8,5739,Node_97,13,0,6,13,6,,,,,,,,,
0,VISIT,44,Random,OnArrival,3,8,5739,Node_95,16,0,7,16,7,,,,,,,,,
0,VISIT,40,Random,OnArrival,3,34,5746,Node_351,14,0,-1,14,-1,,,,,,,,,
0,VISIT,41,Random,OnArrival,3,9,5746,Node_167,16,0,6,16,6,,,,,,,,,
0,VISIT,42,Random,OnArrival,3,9,5746,Node_107,12,0,6,12,6,,,,,,,,,
0,VISIT,43,Random,OnArrival,3,9,5746,Node_107,12,0,6,12,6,,,,,,,,,
0,VISIT,44,Random,OnArrival,3,9,5746,Node_167,16,0,6,16,6,,,,,,,,,
0,VISIT,40,Random,OnArrival,3,35,5754,Node_187,15,0,-1,15,-1,,,,,,,,,
0,VISIT,41,Random,OnArrival,3,10,5754,Node_109,15,0,6,15,6,,,,,,,,,
0,VISIT,42,Random,OnArrival,3,10,5754,Node_136,11,0,6,11,6,,,,,,,,,
0,VISIT,43,Random,OnArrival,3,10,5754,Node_136,11,0,6,11,6,,,,,,,,,
0,VISIT,44,Random,OnArrival,3,10,5754,Node_109,15,0,6,15,6,,,,,,,,,
0,VISIT,40,Random,OnArrival,3,36,5762,Node_190,15,0,-2,15,-2,,,,,,,,,
0,VISIT,41,Random,OnArrival,3,11,5762,Node_129,14,0,6,14,6,,,,,,,,,
0,VISIT,42,Random,OnArrival,3,11,5762,Node_215,10,0,6,10,6,,,,,,,,,
0,VISIT,43,Random,OnArrival,3,11,5762,Node_215,10,0,6,10,6,,,,,,,,,
0,VISIT,44,Random,OnArrival,3,11,5762,Node_129,14,0,6,14,6,,,,,,,,,
0,VISIT,40,Random,OnArrival,3,37,5770,Node_355,14,0,-2,14,-2,,,,,,,,,
0,VISIT,41,Random,OnArrival,3,12,5770,Node_97,13,0,6,13,6,,,,,,,,,
0,VISIT,42,Random,OnArrival,3,12,5770,Node_321,9,0,6,9,6,,,,,,,,,
0,VISIT,43,Random,OnArrival,3,12,5770,Node_321,9,0,6,9,6,,,,,,,,,
0,VISIT,44,Random,OnArrival,3,12,5770,Node_97,13,0,6,13,6,,,,,,,,,
0,VISIT,40,Random,OnArrival,3,38,5777,Node_359,14,0,-3,14,-3,,,,,,,,,
0,VISIT,41,Random,OnArrival,3,13,5777,Node_107,12,0,6,12,6,,,,,,,,,
0,VISIT,42,Random,OnArrival,3,13,5777,Node_319,9,0,5,9,5,,,,,,,,,
0,VISIT,43,Random,OnArrival,3,13,5777,Node_319,9,0,5,9,5,,,,,,,,,
0,VISIT,44,Random,OnArrival,3,13,5777,Node_107,12,0,6,12,6,,,,,,,,,
0,VISIT,41,Random,OnArrival,3,14,5785,Node_136,11,0,6,11,6,,,,,,,,,
0,VISIT,42,Random,OnArrival,3,14,5785,Node_328,8,0,5,8,5,,,,,,,,,
0,VISIT,43,Random,OnArrival,3,14,5785,Node_328,8,0,5,8,5,,,,,,,,,
0,VISIT,44,Random,OnArrival,3,14,5785,Node_136,11,0,6,11,6,,,,,,,,,
0,VISIT,40,Random,OnArrival,3,39,5793,Node_372,12,0,-3,12,-3,,,,,,,,,
0,VISIT,41,Random,OnArrival,3,15,5793,Node_215,10,0,6,10,6,,,,,,,,,
0,VISIT,44,Random,OnArrival,3,15,5793,Node_215,10,0,6,10,6,,,,,,,,,
0,VISIT,40,Random,OnArrival,3,40,5800,Node_381,11,0,-3,11,-3,,,,,,,,,
0,VISIT,41,Random,OnArrival,3,16,5800,Node_218,10,0,5,10,5,,,,,,,,,
0,VISIT,44,Random,OnArrival,3,16,5800,Node_218,10,0,5,10,5,,,,,,,,,
0,VISIT,40,Random,OnArrival,3,41,5809,Node_235,10,0,-3,10,-3,,,,,,,,,
0,VISIT,41,Random,OnArrival,3,17,5809,Node_222,10,0,4,10,4,,,,,,,,,
0,VISIT,42,Random,OnArrival,3,15,5809,Node_340,8,0,2,8,2,,,,,,,,,
0,VISIT,43,Random,OnArrival,3,15,5809,Node_340,8,0,2,8,2,,,,,,,,,
0,VISIT,44,Random,OnArrival,3,17,5809,Node_222,10,0,4,10,4,,,,,,,,,
0,VISIT,41,Random,OnArrival,3,18,5817,Node_224,10,0,3,10,3,,,,,,,,,
0,VISIT,44,Random,OnArrival,3,18,5817,Node_224,10,0,3,10,3,,,,,,,,,
0,VISIT,41,Random,OnArrival,3,19,5825,Node_143,11,0,3,11,3,,,,,,,,,
0,VISIT,42,Random,OnArrival,3,16,5825,Node_341,6,0,2,6,2,,,,,,,,,
0,VISIT,43,Random,OnArrival,3,16,5825,Node_341,6,0,2,6,2,,,,,,,,,
0,VISIT,44,Random,OnArrival,3,19,5825,Node_143,11,0,3,11,3,,,,,,,,,
0,VISIT,41,Random,OnArrival,3,20,5833,Node_335,12,0,3,12,3,,,,,,,,,
0,VISIT,44,Random,OnArrival,3,20,5833,Node_335,12,0,3,12,3,,,,,,,,,
0,VISIT,40,Random,OnArrival,3,42,5841,Node_388,8,0,-5,8,-5,,,,,,,,,
0,VISIT,41,Random,OnArrival,3,21,5841,Node_354,13,0,3,13,3,,,,,,,,,
0,VISIT,42,Random,OnArrival,3,17,5841,Node_380,6,0,0,6,0,,,,,,,,,
0,VISIT,43,Random,OnArrival,3,17,5841,Node_380,6,0,0,6,0,,,,,,,,,
0,VISIT,44,Random,OnArrival,3,21,5841,Node_354,13,0,3,13,3,,,,,,,,,
0,VISIT,41,Random,OnArrival,3,22,5849,Node_358,13,0,2,13,2,,,,,,,,,
0,VISIT,44,Random,OnArrival,3,22,5849,Node_358,13,0,2,13,2,,,,,,,,,
0,VISIT,41,Random,OnArrival,3,23,5857,Node_337,12,0,2,12,2,,,,,,,,,
0,VISIT,44,Random,OnArrival,3,23,5857,Node_337,12,0,2,12,2,,,,,,,,,
0,VISIT,40,Random,OnArrival,3,43,5865,Node_390,5,0,-5,5,-5,,,,,,,,,
0,VISIT,41,Random,OnArrival,3,24,5865,Node_146,11,0,2,11,2,,,,,,,,,
0,VISIT,42,Random,OnArrival,3,18,5865,Node_383,3,0,0,3,0,,,,,,,,,
0,VISIT,43,Random,OnArrival,3,18,5865,Node_383,3,0,0,3,0,,,,,,,,,
0,VISIT,44,Random,OnArrival,3,24,5865,Node_146,11,0,2,11,2,,,,,,,,,
0,VISIT,41,Random,OnArrival,3,25,5873,Node_149,11,0,1,11,1,,,,,,,,,
0,VISIT,44,Random,OnArrival,3,25,5873,Node_149,11,0,1,11,1,,,,,,,,,
0,VISIT,41,Random,OnArrival,3,26,5880,Node_151,11,0,0,11,0,,,,,,,,,
0,VISIT,44,Random,OnArrival,3,26,5880,Node_151,11,0,0,11,0,,,,,,,,,
0,VISIT,45,Random,OnArrival,3,0,5884,Node_6,19,0,12,19,12,,,,,,,,,
0,VISIT,46,Random,OnArrival,3,0,5884,Node_7,19,0,8,19,8,,,,,,,,,
0,VISIT,47,Random,OnArrival,3,0,5884,Node_8,17,0,10,17,10,,,,,,,,,
0,VISIT,48,Random,OnArrival,3,0,5884,Node_9,21,0,10,21,10,,,,,,,,,
0,VISIT,41,Random,OnArrival,3,27,5888,Node_152,11,0,-1,11,-1,,,,,,,,,
0,VISIT,44,Random,OnArrival,3,27,5888,Node_152,11,0,-1,11,-1,,,,,,,,,
0,VISIT,45,Random,OnArrival,3,1,5890,Node_2,19,0,11,19,11,,,,,,,,,
0,VISIT,46,Random,OnArrival,3,1,5890,Node_11,18,0,8,18,8,,,,,,,,,
0,VISIT,47,Random,OnArrival,3,1,5890,Node_23,17,0,9,17,9,,,,,,,,,
0,VISIT,48,Random,OnArrival,3,1,5890,Node_5,20,0,10,20,10,,,,,,,,,
0,VISIT,40,Random,OnArrival,3,44,5894,Node_394,1,0,-5,1,-5,,,,,,,,,
0,VISIT,41,Random,OnArrival,3,28,5894,Node_382,11,0,-2,11,-2,,,,,,,,,
0,VISIT,44,Random,OnArrival,3,28,5894,Node_382,11,0,-2,11,-2,,,,,,,,,
0,VISIT,45,Random,OnArrival,3,2,5896,Node_20,19,0,10,19,10,,,,,,,,,
0,VISIT,46,Random,OnArrival,3,2,5896,Node_67,17,0,8,17,8,,,,,,,,,
0,VISIT,47,Random,OnArrival,3,2,5896,Node_67,17,0,8,17,8,,,,,,,,,
0,VISIT,48,Random,OnArrival,3,2,5896,Node_50,20,0,9,20,9,,,,,,,,,
0,VISIT,41,Random,OnArrival,3,29,5901,Node_381,11,0,-3,11,-3,,,,,,,,,
0,VISIT,44,Random,OnArrival,3,29,5901,Node_381,11,0,-3,11,-3,,,,,,,,,
0,VISIT,45,Random,OnArrival,3,3,5903,Node_4,18,0,10,18,10,,,,,,,,,
0,VISIT,46,Random,OnArrival,3,3,5903,Node_92,17,0,7,17,7,,,,,,,,,
0,VISIT,47,Random,OnArrival,3,3,5903,Node_92,17,0,7,17,7,,,,,,,,,
0,VISIT,48,Random,OnArrival,3,3,5903,Node_47,20,0,8,20,8,,,,,,,,,
0,VISIT,41,Random,OnArrival,3,30,5908,Node_377,11,0,-4,11,-4,,,,,,,,,
0,VISIT,44,Random,OnArrival,3,30,5908,Node_377,11,0,-4,11,-4,,,,,,,,,
0,VISIT,45,Random,OnArrival,3,4,5910,Node_8,17,0,10,17,10,,,,,,,,,
0,VISIT,46,Random,OnArrival,3,4,5910,Node_95,16,0,7,16,7,,,,,,,,,
0,VISIT,47,Random,OnArrival,3,4,5910,Node_95,16,0,7,16,7,,,,,,,,,
0,VISIT,48,Random,OnArrival,3,4,5910,Node_7,19,0,8,19,8,,,,,,,,,
0,VISIT,40,Random,OnArrival,3,45,5915,Node_395,-2,0,-5,-2,-5,,,,,,,,,
0,VISIT,42,Random,OnArrival,3,19,5915,Node_350,-1,0,3,-1,3,,,,,,,,,
0,VISIT,43,Random,OnArrival,3,19,5915,Node_350,-1,0,3,-1,3,,,,,,,,,
0,VISIT,45,Random,OnArrival,3,5,5917,Node_23,17,0,9,17,9,,,,,,,,,
0,VISIT,46,Random,OnArrival,3,5,5917,Node_167,16,0,6,16,6,,,,,,,,,
0,VISIT,47,Random,OnArrival,3,5,5917,Node_167,16,0,6,16,6,,,,,,,,,
0,VISIT,48,Random,OnArrival,3,5,5917,Node_11,18,0,8,18,8,,,,,,,,,
0,VISIT,41,Random,OnArrival,3,31,5921,Node_399,10,0,-5,10,-5,,,,,,,,,
0,VISIT,42,Random,OnArrival,3,20,5921,Node_353,-1,0,4,-1,4,,,,,,,,,
0,VISIT,44,Random,OnArrival,3,31,5921,Node_399,10,0,-5,10,-5,,,,,,,,,
0,VISIT,45,Random,OnArrival,3,6,5923,Node_67,17,0,8,17,8,,,,,,,,,
0,VISIT,46,Random,OnArrival,3,6,5923,Node_170,16,0,5,16,5,,,,,,,,,
0,VISIT,47,Random,OnArrival,3,6,5923,Node_170,16,0,5,16,5,,,,,,,,,
0,VISIT,48,Random,OnArrival,3,6,5923,Node_67,17,0,8,17,8,,,,,,,,,
0,VISIT,40,Random,OnArrival,3,46,5928,Node_396,-2,0,-3,-2,-3,,,,,,,,,
0,VISIT,42,Random,OnArrival,3,21,5928,Node_357,-2,0,4,-2,4,,,,,,,,,
0,VISIT,43,Random,OnArrival,3,20,5928,Node_402,-1,0,1,-1,1,,,,,,,,,
0,VISIT,45,Random,OnArrival,3,7,5930,Node_92,17,0,7,17,7,,,,,,,,,
0,VISIT,46,Random,OnArrival,3,7,5930,Node_172,16,0,4,16,4,,,,,,,,,
0,VISIT,47,Random,OnArrival,3,7,5930,Node_172,16,0,4,16,4,,,,,,,,,
0,VISIT,48,Random,OnArrival,3,7,5930,Node_92,17,0,7,17,7,,,,,,,,,
0,VISIT,41,Random,OnArrival,3,32,5935,Node_388,8,0,-5,8,-5,,,,,,,,,
0,VISIT,44,Random,OnArrival,3,32,5935,Node_388,8,0,-5,8,-5,,,,,,,,,
0,VISIT,45,Random,OnArrival,3,8,5937,Node_95,16,0,7,16,7,,,,,,,,,
0,VISIT,46,Random,OnArrival,3,8,5937,Node_174,16,0,3,16,3,,,,,,,,,
0,VISIT,47,Random,OnArrival,3,8,5937,Node_174,16,0,3,16,3,,,,,,,,,
0,VISIT,48,Random,OnArrival,3,8,5937,Node_95,16,0,7,16,7,,,,,,,,,
0,VISIT,45,Random,OnArrival,3,9,5944,Node_167,16,0,6,16,6,,,,,,,,,
0,VISIT,46,Random,OnArrival,3,9,5944,Node_177,16,0,2,16,2,,,,,,,,,
0,VISIT,47,Random,OnArrival,3,9,5944,Node_177,16,0,2,16,2,,,,,,,,,
0,VISIT,48,Random,OnArrival,3,9,5944,Node_167,16,0,6,16,6,,,,,,,,,
0,VISIT,45,Random,OnArrival,3,10,5951,Node_170,16,0,5,16,5,,,,,,,,,
0,VISIT,46,Random,OnArrival,3,10,5951,Node_120,15,0,2,15,2,,,,,,,,,
0,VISIT,47,Random,OnArrival,3,10,5951,Node_120,15,0,2,15,2,,,,,,,,,
0,VISIT,48,Random,OnArrival,3,10,5951,Node_170,16,0,5,16,5,,,,,,,,,
0,VISIT,41,Random,OnArrival,3,33,5956,Node_390,5,0,-5,5,-5,,,,,,,,,
0,VISIT,42,Random,OnArrival,3,22,5956,Node_407,-3,0,1,-3,1,,,,,,,,,
0,VISIT,44,Random,OnArrival,3,33,5956,Node_390,5,0,-5,5,-5,,,,,,,,,
0,VISIT,45,Random,OnArrival,3,11,5959,Node_172,16,0,4,16,4,,,,,,,,,
0,VISIT,46,Random,OnArrival,3,11,5959,Node_182,15,0,1,15,1,,,,,,,,,
0,VISIT,47,Random,OnArrival,3,11,5959,Node_182,15,0,1,15,1,,,,,,,,,
0,VISIT,48,Random,OnArrival,3,11,5959,Node_172,16,0,4,16,4,,,,,,,,,
0,VISIT,40,Random,OnArrival,3,47,5964,Node_400,0,0,0,0,0,,,,,,,,,
0,VISIT,45,Random,OnArrival,3,12,5966,Node_174,16,0,3,16,3,,,,,,,,,
0,VISIT,46,Random,OnArrival,3,12,5966,Node_184,15,0,0,15,0,,,,,,,,,
0,VISIT,47,Random,OnArrival,3,12,5966,Node_184,15,0,0,15,0,,,,,,,,,
0,VISIT,48,Random,OnArrival,3,12,5966,Node_174,16,0,3,16,3,,,,,,,,,
0,VISIT,41,Random,OnArrival,3,34,5972,Node_392,5,0,-3,5,-3,,,,,,,,,
0,VISIT,44,Random,OnArrival,3,34,5972,Node_392,5,0,-3,5,-3,,,,,,,,,
0,VISIT,45,Random,OnArrival,3,13,5974,Node_177,16,0,2,16,2,,,,,,,,,
0,VISIT,46,Random,OnArrival,3,13,5974,Node_187,15,0,-1,15,-1,,,,,,,,,
0,VISIT,47,Random,OnArrival,3,13,5974,Node_187,15,0,-1,15,-1,,,,,,,,,
0,VISIT,48,Random,OnArrival,3,13,5974,Node_177,16,0,2,16,2,,,,,,,,,
0,VISIT,45,Random,OnArrival,3,14,5982,Node_120,15,0,2,15,2,,,,,,,,,
0,VISIT,46,Random,OnArrival,3,14,5982,Node_190,15,0,-2,15,-2,,,,,,,,,
0,VISIT,47,Random,OnArrival,3,14,5982,Node_190,15,0,-2,15,-2,,,,,,,,,
0,VISIT,48,Random,OnArrival,3,14,5982,Node_120,15,0,2,15,2,,,,,,,,,
0,VISIT,40,Random,OnArrival,3,48,5987,Node_383,3,0,0,3,0,,,,,,,,,
0,VISIT,42,Random,OnArrival,3,23,5987,Node_397,-3,0,-3,-3,-3,,,,,,,,,
0,VISIT,45,Random,OnArrival,3,15,5990,Node_182,15,0,1,15,1,,,,,,,,,
0,VISIT,48,Random,OnArrival,3,15,5990,Node_182,15,0,1,15,1,,,,,,,,,
0,VISIT,45,Random,OnArrival,3,16,5997,Node_184,15,0,0,15,0,,,,,,,,,
0,VISIT,48,Random,OnArrival,3,16,5997,Node_184,15,0,0,15,0,,,,,,,,,
0,VISIT,40,Random,OnArrival,3,49,6002,Node_389,3,0,-2,3,-2,,,,,,,,,
0,VISIT,41,Random,OnArrival,3,35,6002,Node_387,8,0,-2,8,-2,,,,,,,,,
0,VISIT,44,Random,OnArrival,3,35,6002,Node_387,8,0,-2,8,-2,,,,,,,,,
0,VISIT,45,Random,OnArrival,3,17,6005,Node_187,15,0,-1,15,-1,,,,,,,,,
0,VISIT,48,Random,OnArrival,3,17,6005,Node_187,15,0,-1,15,-1,,,,,,,,,
0,VISIT,45,Random,OnArrival,3,18,6013,Node_190,15,0,-2,15,-2,,,,,,,,,
0,VISIT,48,Random,OnArrival,3,18,6013,Node_190,15,0,-2,15,-2,,,,,,,,,
0,VISIT,40,Random,OnArrival,3,50,6018,Node_393,4,0,-3,4,-3,,,,,,,,,
0,VISIT,45,Random,OnArrival,3,19,6021,Node_193,15,0,-3,15,-3,,,,,,,,,
0,VISIT,48,Random,OnArrival,3,19,6021,Node_193,15,0,-3,15,-3,,,,,,,,,
0,VISIT,40,Random,OnArrival,3,51,6025,Node_420,4,0,-2,4,-2,,,,,,,,,
0,VISIT,41,Random,OnArrival,3,36,6025,Node_388,8,0,-5,8,-5,,,,,,,,,
0,VISIT,44,Random,OnArrival,3,36,6025,Node_388,8,0,-5,8,-5,,,,,,,,,
0,VISIT,45,Random,OnArrival,3,20,6029,Node_368,15,0,-4,15,-4,,,,,,,,,
0,VISIT,48,Random,OnArrival,3,20,6029,Node_368,15,0,-4,15,-4,,,,,,,,,
0,VISIT,40,Random,OnArrival,3,52,6033,Node_389,3,0,-2,3,-2,,,,,,,,,
0,VISIT,42,Random,OnArrival,3,24,6033,Node_414,-6,0,0,-6,0,,,,,,,,,
0,VISIT,45,Random,OnArrival,3,21,6037,Node_361,14,0,-4,14,-4,,,,,,,,,
0,VISIT,46,Random,OnArrival,3,15,6037,Node_194,19,0,1,19,1,,,,,,,,,
0,VISIT,47,Random,OnArrival,3,15,6037,Node_194,19,0,1,19,1,,,,,,,,,
0,VISIT,48,Random,OnArrival,3,21,6037,Node_361,14,0,-4,14,-4,,,,,,,,,
0,VISIT,41,Random,OnArrival,3,37,6041,Node_399,10,0,-5,10,-5,,,,,,,,,
0,VISIT,44,Random,OnArrival,3,37,6041,Node_399,10,0,-5,10,-5,,,,,,,,,
0,VISIT,45,Random,OnArrival,3,22,6045,Node_359,14,0,-3,14,-3,,,,,,,,,
0,VISIT,46,Random,OnArrival,3,16,6045,Node_196,19,0,0,19,0,,,,,,,,,
0,VISIT,47,Random,OnArrival,3,16,6045,Node_196,19,0,0,19,0,,,,,,,,,
0,VISIT,48,Random,OnArrival,3,22,6045,Node_359,14,0,-3,14,-3,,,,,,,,,
0,VISIT,40,Random,OnArrival,3,53,6049,Node_391,1,0,-2,1,-2,,,,,,,,,
0,VISIT,41,Random,OnArrival,3,38,6049,Node_398,10,0,-4,10,-4,,,,,,,,,
0,VISIT,42,Random,OnArrival,3,25,6049,Node_411,-6,0,2,-6,2,,,,,,,,,
0,VISIT,44,Random,OnArrival,3,38,6049,Node_403,11,0,-5,11,-5,,,,,,,,,
0,VISIT,45,Random,OnArrival,3,23,6053,Node_355,14,0,-2,14,-2,,,,,,,,,
0,VISIT,46,Random,OnArrival,3,17,6053,Node_424,18,0,0,18,0,,,,,,,,,
0,VISIT,47,Random,OnArrival,3,17,6053,Node_424,18,0,0,18,0,,,,,,,,,
0,VISIT,40,Random,OnArrival,3,54,6057,Node_408,0,0,-2,0,-2,,,,,,,,,
0,VISIT,41,Random,OnArrival,3,39,6057,Node_377,11,0,-4,11,-4,,,,,,,,,
0,VISIT,44,Random,OnArrival,3,39,6057,Node_377,11,0,-4,11,-4,,,,,,,,,
0,VISIT,45,Random,OnArrival,3,24,6061,Node_190,15,0,-2,15,-2,,,,,,,,,
0,VISIT,48,Random,OnArrival,3,23,6061,Node_372,12,0,-3,12,-3,,,,,,,,,
0,VISIT,40,Random,OnArrival,3,55,6064,Node_406,-1,0,-2,-1,-2,,,,,,,,,
0,VISIT,41,Random,OnArrival,3,40,6064,Node_403,11,0,-5,11,-5,,,,,,,,,
0,VISIT,44,Random,OnArrival,3,40,6064,Node_403,11,0,-5,11,-5,,,,,,,,,
0,VISIT,48,Random,OnArrival,3,24,6068,Node_374,12,0,-4,12,-4,,,,,,,,,
0,VISIT,40,Random,OnArrival,3,56,6071,Node_404,-1,0,-3,-1,-3,,,,,,,,,
0,VISIT,41,Random,OnArrival,3,41,6071,Node_399,10,0,-5,10,-5,,,,,,,,,
0,VISIT,44,Random,OnArrival,3,41,6071,Node_399,10,0,-5,10,-5,,,,,,,,,
0,VISIT,45,Random,OnArrival,3,25,6075,Node_416,17,0,-2,17,-2,,,,,,,,,
0,VISIT,46,Random,OnArrival,3,18,6075,Node_416,17,0,-2,17,-2,,,,,,,,,
0,VISIT,47,Random,OnArrival,3,18,6075,Node_416,17,0,-2,17,-2,,,,,,,,,
0,VISIT,48,Random,OnArrival,3,25,6075,Node_377,11,0,-4,11,-4,,,,,,,,,
0,VISIT,40,Random,OnArrival,3,57,6078,Node_396,-2,0,-3,-2,-3,,,,,,,,,
0,VISIT,45,Random,OnArrival,3,26,6083,Node_432,18,0,-2,18,-2,,,,,,,,,
0,VISIT,46,Random,OnArrival,3,19,6083,Node_432,18,0,-2,18,-2,,,,,,,,,
0,VISIT,47,Random,OnArrival,3,19,6083,Node_432,18,0,-2,18,-2,,,,,,,,,
0,VISIT,48,Random,OnArrival,3,26,6083,Node_403,11,0,-5,11,-5,,,,,,,,,
0,VISIT,40,Random,OnArrival,3,58,6086,Node_397,-3,0,-3,-3,-3,,,,,,,,,
0,VISIT,41,Random,OnArrival,3,42,6086,Node_388,8,0,-5,8,-5,,,,,,,,,
0,VISIT,44,Random,OnArrival,3,42,6086,Node_388,8,0,-5,8,-5,,,,,,,,,
0,VISIT,45,Random,OnArrival,3,27,6091,Node_198,19,0,-2,19,-2,,,,,,,,,
0,VISIT,46,Random,OnArrival,3,20,6091,Node_198,19,0,-2,19,-2,,,,,,,,,
0,VISIT,47,Random,OnArrival,3,20,6091,Node_198,19,0,-2,19,-2,,,,,,,,,
0,VISIT,48,Random,OnArrival,3,27,6091,Node_399,10,0,-5,10,-5,,,,,,,,,
0,VISIT,49,Random,OnArrival,3,0,6095,Node_6,19,0,12,19,12,,,,,,,,,
0,VISIT,50,Random,OnArrival,3,0,6095,Node_7,19,0,8,19,8,,,,,,,,,
0,VISIT,51,Random,OnArrival,3,0,6095,Node_8,17,0,10,17,10,,,,,,,,,
0,VISIT,52,Random,OnArrival,3,0,6095,Node_9,21,0,10,21,10,,,,,,,,,
0,VISIT,40,Random,OnArrival,3,59,6100,Node_417,-5,0,-3,-5,-3,,,,,,,,,
0,VISIT,48,Random,OnArrival,3,28,6101,Node_388,8,0,-5,8,-5,,,,,,,,,
0,VISIT,49,Random,OnArrival,3,1,6101,Node_2,19,0,11,19,11,,,,,,,,,
0,VISIT,50,Random,OnArrival,3,1,6101,Node_47,20,0,8,20,8,,,,,,,,,
0,VISIT,51,Random,OnArrival,3,1,6101,Node_23,17,0,9,17,9,,,,,,,,,
0,VISIT,52,Random,OnArrival,3,1,6101,Node_48,21,0,9,21,9,,,,,,,,,
0,VISIT,41,Random,OnArrival,3,43,6107,Node_390,5,0,-5,5,-5,,,,,,,,,
0,VISIT,44,Random,OnArrival,3,43,6107,Node_390,5,0,-5,5,-5,,,,,,,,,
0,VISIT,49,Random,OnArrival,3,2,6108,Node_20,19,0,10,19,10,,,,,,,,,
0,VISIT,50,Random,OnArrival,3,2,6108,Node_51,21,0,8,21,8,,,,,,,,,
0,VISIT,51,Random,OnArrival,3,2,6108,Node_67,17,0,8,17,8,,,,,,,,,
0,VISIT,52,Random,OnArrival,3,2,6108,Node_88,22,0,9,22,9,,,,,,,,,
0,VISIT,49,Random,OnArrival,3,3,6115,Node_5,20,0,10,20,10,,,,,,,,,
0,VISIT,50,Random,OnArrival,3,3,6115,Node_53,21,0,7,21,7,,,,,,,,,
0,VISIT,51,Random,OnArrival,3,3,6115,Node_92,17,0,7,17,7,,,,,,,,,
0,VISIT,52,Random,OnArrival,3,3,6115,Node_108,23,0,9,23,9,,,,,,,,,
0,VISIT,48,Random,OnArrival,3,29,6122,Node_390,5,0,-5,5,-5,,,,,,,,,
0,VISIT,49,Random,OnArrival,3,4,6122,Node_9,21,0,10,21,10,,,,,,,,,
0,VISIT,50,Random,OnArrival,3,4,6122,Node_56,21,0,6,21,6,,,,,,,,,
0,VISIT,51,Random,OnArrival,3,4,6122,Node_95,16,0,7,16,7,,,,,,,,,
0,VISIT,49,Random,OnArrival,3,5,6129,Node_48,21,0,9,21,9,,,,,,,,,
0,VISIT,50,Random,OnArrival,3,5,6129,Node_57,21,0,5,21,5,,,,,,,,,
0,VISIT,51,Random,OnArrival,3,5,6129,Node_167,16,0,6,16,6,,,,,,,,,
0,VISIT,52,Random,OnArrival,3,4,6129,Node_119,25,0,9,25,9,,,,,,,,,
0,VISIT,41,Random,OnArrival,3,44,6136,Node_394,1,0,-5,1,-5,,,,,,,,,
0,VISIT,44,Random,OnArrival,3,44,6136,Node_394,1,0,-5,1,-5,,,,,,,,,
0,VISIT,49,Random,OnArrival,3,6,6137,Node_88,22,0,9,22,9,,,,,,,,,
0,VISIT,50,Random,OnArrival,3,6,6137,Node_171,22,0,5,22,5,,,,,,,,,
0,VISIT,51,Random,OnArrival,3,6,6137,Node_170,16,0,5,16,5,,,,,,,,,
0,VISIT,52,Random,OnArrival,3,5,6137,Node_128,26,0,9,26,9,,,,,,,,,
0,VISIT,49,Random,OnArrival,3,7,6145,Node_108,23,0,9,23,9,,,,,,,,,
0,VISIT,51,Random,OnArrival,3,7,6145,Node_172,16,0,4,16,4,,,,,,,,,
0,VISIT,45,Random,OnArrival,3,28,6153,Node_366,15,0,-5,15,-5,,,,,,,,,
0,VISIT,46,Random,OnArrival,3,21,6153,Node_366,15,0,-5,15,-5,,,,,,,,,
0,VISIT,47,Random,OnArrival,3,21,6153,Node_366,15,0,-5,15,-5,,,,,,,,,
0,VISIT,48,Random,OnArrival,3,30,6153,Node_394,1,0,-5,1,-5,,,,,,,,,
0,VISIT,51,Random,OnArrival,3,8,6153,Node_202,17,0,4,17,4,,,,,,,,,
0,VISIT,41,Random,OnArrival,3,45,6160,Node_395,-2,0,-5,-2,-5,,,,,,,,,
0,VISIT,44,Random,OnArrival,3,45,6160,Node_395,-2,0,-5,-2,-5,,,,,,,,,
0,VISIT,49,Random,OnArrival,3,8,6161,Node_119,25,0,9,25,9,,,,,,,,,
0,VISIT,51,Random,OnArrival,3,9,6161,Node_199,18,0,4,18,4,,,,,,,,,
0,VISIT,45,Random,OnArrival,3,29,6169,Node_442,17,0,-5,17,-5,,,,,,,,,
0,VISIT,46,Random,OnArrival,3,22,6169,Node_442,17,0,-5,17,-5,,,,,,,,,
0,VISIT,47,Random,OnArrival,3,22,6169,Node_442,17,0,-5,17,-5,,,,,,,,,
0,VISIT,49,Random,OnArrival,3,9,6169,Node_128,26,0,9,26,9,,,,,,,,,
0,VISIT,51,Random,OnArrival,3,10,6169,Node_185,19,0,4,19,4,,,,,,,,,
0,VISIT,52,Random,OnArrival,3,6,6169,Node_219,27,0,12,27,12,,,,,,,,,
0,VISIT,41,Random,OnArrival,3,46,6176,Node_396,-2,0,-3,-2,-3,,,,,,,,,
0,VISIT,44,Random,OnArrival,3,46,6176,Node_396,-2,0,-3,-2,-3,,,,,,,,,
0,VISIT,45,Random,OnArrival,3,30,6177,Node_438,18,0,-5,18,-5,,,,,,,,,
0,VISIT,46,Random,OnArrival,3,23,6177,Node_438,18,0,-5,18,-5,,,,,,,,,
0,VISIT,47,Random,OnArrival,3,23,6177,Node_438,18,0,-5,18,-5,,,,,,,,,
0,VISIT,48,Random,OnArrival,3,31,6177,Node_395,-2,0,-5,-2,-5,,,,,,,,,
0,VISIT,49,Random,OnArrival,3,10,6177,Node_119,25,0,9,25,9,,,,,,,,,
0,VISIT,51,Random,OnArrival,3,11,6177,Node_188,19,0,3,19,3,,,,,,,,,
0,VISIT,41,Random,OnArrival,3,47,6184,Node_397,-3,0,-3,-3,-3,,,,,,,,,
0,VISIT,44,Random,OnArrival,3,47,6184,Node_397,-3,0,-3,-3,-3,,,,,,,,,
0,VISIT,45,Random,OnArrival,3,31,6185,Node_437,19,0,-5,19,-5,,,,,,,,,
0,VISIT,46,Random,OnArrival,3,24,6185,Node_437,19,0,-5,19,-5,,,,,,,,,
0,VISIT,47,Random,OnArrival,3,24,6185,Node_437,19,0,-5,19,-5,,,,,,,,,
0,VISIT,49,Random,OnArrival,3,11,6185,Node_121,25,0,8,25,8,,,,,,,,,
0,VISIT,51,Random,OnArrival,3,12,6185,Node_191,19,0,2,19,2,,,,,,,,,
0,VISIT,48,Random,OnArrival,3,32,6193,Node_396,-2,0,-3,-2,-3,,,,,,,,,
0,VISIT,49,Random,OnArrival,3,12,6193,Node_131,26,0,8,26,8,,,,,,,,,
0,VISIT,51,Random,OnArrival,3,13,6193,Node_194,19,0,1,19,1,,,,,,,,,
0,VISIT,52,Random,OnArrival,3,7,6193,Node_223,27,0,13,27,13,,,,,,,,,
0,VISIT,48,Random,OnArrival,3,33,6201,Node_397,-3,0,-3,-3,-3,,,,,,,,,
0,VISIT,49,Random,OnArrival,3,13,6201,Node_133,26,0,7,26,7,,,,,,,,,
0,VISIT,51,Random,OnArrival,3,14,6201,Node_196,19,0,0,19,0,,,,,,,,,
0,VISIT,52,Random,OnArrival,3,8,6201,Node_209,26,0,13,26,13,,,,,,,,,
0,VISIT,41,Random,OnArrival,3,48,6208,Node_410,-3,0,0,-3,0,,,,,,,,,
0,VISIT,44,Random,OnArrival,3,48,6208,Node_410,-3,0,0,-3,0,,,,,,,,,
0,VISIT,49,Random,OnArrival,3,14,6209,Node_135,26,0,6,26,6,,,,,,,,,
0,VISIT,52,Random,OnArrival,3,9,6209,Node_207,26,0,12,26,12,,,,,,,,,
0,VISIT,49,Random,OnArrival,3,15,6217,Node_123,25,0,6,25,6,,,,,,,,,
0,VISIT,52,Random,OnArrival,3,10,6217,Node_219,27,0,12,27,12,,,,,,,,,
0,VISIT,41,Random,OnArrival,3,49,6224,Node_425,-5,0,0,-5,0,,,,,,,,,
0,VISIT,44,Random,OnArrival,3,49,6224,Node_425,-5,0,0,-5,0,,,,,,,,,
0,VISIT,46,Random,OnArrival,3,25,6225,Node_198,19,0,-2,19,-2,,,,,,,,,
0,VISIT,47,Random,OnArrival,3,25,6225,Node_198,19,0,-2,19,-2,,,,,,,,,
0,VISIT,48,Random,OnArrival,3,34,6225,Node_410,-3,0,0,-3,0,,,,,,,,,
0,VISIT,49,Random,OnArrival,3,16,6225,Node_153,24,0,6,24,6,,,,,,,,,
0,VISIT,52,Random,OnArrival,3,11,6225,Node_448,27,0,11,27,11,,,,,,,,,
0,VISIT,41,Random,OnArrival,3,50,6232,Node_414,-6,0,0,-6,0,,,,,,,,,
0,VISIT,44,Random,OnArrival,3,50,6232,Node_414,-6,0,0,-6,0,,,,,,,,,
0,VISIT,46,Random,OnArrival,3,26,6233,Node_434,19,0,-3,19,-3,,,,,,,,,
0,VISIT,47,Random,OnArrival,3,26,6233,Node_434,19,0,-3,19,-3,,,,,,,,,
0,VISIT,48,Random,OnArrival,3,35,6233,Node_407,-3,0,1,-3,1,,,,,,,,,
0,VISIT,49,Random,OnArrival,3,17,6233,Node_125,24,0,5,24,5,,,,,,,,,
0,VISIT,46,Random,OnArrival,3,27,6241,Node_458,20,0,-3,20,-3,,,,,,,,,
0,VISIT,47,Random,OnArrival,3,27,6241,Node_458,20,0,-3,20,-3,,,,,,,,,
0,VISIT,48,Random,OnArrival,3,36,6241,Node_409,-3,0,2,-3,2,,,,,,,,,
0,VISIT,51,Random,OnArrival,3,15,6241,Node_450,23,0,1,23,1,,,,,,,,,
0,VISIT,52,Random,OnArrival,3,12,6241,Node_451,28,0,12,28,12,,,,,,,,,
0,VISIT,41,Random,OnArrival,3,51,6248,Node_411,-6,0,2,-6,2,,,,,,,,,
0,VISIT,44,Random,OnArrival,3,51,6248,Node_411,-6,0,2,-6,2,,,,,,,,,
0,VISIT,46,Random,OnArrival,3,28,6249,Node_456,20,0,-4,20,-4,,,,,,,,,
0,VISIT,47,Random,OnArrival,3,28,6249,Node_460,20,0,-2,20,-2,,,,,,,,,
0,VISIT,52,Random,OnArrival,3,13,6249,Node_219,27,0,12,27,12,,,,,,,,,
0,VISIT,41,Random,OnArrival,3,52,6256,Node_429,-7,0,2,-7,2,,,,,,,,,
0,VISIT,46,Random,OnArrival,3,29,6257,Node_435,19,0,-4,19,-4,,,,,,,,,
0,VISIT,47,Random,OnArrival,3,29,6257,Node_198,19,0,-2,19,-2,,,,,,,,,
0,VISIT,48,Random,OnArrival,3,37,6257,Node_405,-3,0,4,-3,4,,,,,,,,,
0,VISIT,52,Random,OnArrival,3,14,6257,Node_448,27,0,11,27,11,,,,,,,,,
0,VISIT,46,Random,OnArrival,3,30,6265,Node_440,18,0,-4,18,-4,,,,,,,,,
0,VISIT,47,Random,OnArrival,3,30,6265,Node_197,19,0,-1,19,-1,,,,,,,,,
0,VISIT,49,Random,OnArrival,3,18,6265,Node_467,24,0,1,24,1,,,,,,,,,
0,VISIT,51,Random,OnArrival,3,16,6265,Node_449,23,0,2,23,2,,,,,,,,,
0,VISIT,52,Random,OnArrival,3,15,6265,Node_446,27,0,10,27,10,,,,,,,,,
0,VISIT,44,Random,OnArrival,3,52,6272,Node_409,-3,0,2,-3,2,,,,,,,,,
0,VISIT,46,Random,OnArrival,3,31,6273,Node_438,18,0,-5,18,-5,,,,,,,,,
0,VISIT,47,Random,OnArrival,3,31,6273,Node_430,18,0,-1,18,-1,,,,,,,,,
0,VISIT,49,Random,OnArrival,3,19,6273,Node_450,23,0,1,23,1,,,,,,,,,
0,VISIT,51,Random,OnArrival,3,17,6273,Node_450,23,0,1,23,1,,,,,,,,,
0,VISIT,41,Random,OnArrival,3,53,6280,Node_431,-10,0,2,-10,2,,,,,,,,,
0,VISIT,46,Random,OnArrival,3,32,6281,Node_437,19,0,-5,19,-5,,,,,,,,,
0,VISIT,47,Random,OnArrival,3,32,6281,Node_419,17,0,-1,17,-1,,,,,,,,,
0,VISIT,49,Random,OnArrival,3,20,6281,Node_452,23,0,0,23,0,,,,,,,,,
0,VISIT,51,Random,OnArrival,3,18,6281,Node_463,22,0,1,22,1,,,,,,,,,
0,VISIT,52,Random,OnArrival,3,16,6281,Node_464,28,0,11,28,11,,,,,,,,,
0,VISIT,44,Random,OnArrival,3,53,6288,Node_405,-3,0,4,-3,4,,,,,,,,,
0,VISIT,46,Random,OnArrival,3,33,6289,Node_454,20,0,-5,20,-5,,,,,,,,,
0,VISIT,47,Random,OnArrival,3,33,6289,Node_422,17,0,0,17,0,,,,,,,,,
0,VISIT,48,Random,OnArrival,3,38,6289,Node_433,-7,0,4,-7,4,,,,,,,,,
0,VISIT,49,Random,OnArrival,3,21,6289,Node_462,22,0,0,22,0,,,,,,,,,
0,VISIT,51,Random,OnArrival,3,19,6289,Node_462,22,0,0,22,0,,,,,,,,,
0,VISIT,52,Random,OnArrival,3,17,6289,Node_448,27,0,11,27,11,,,,,,,,,
0,VISIT,47,Random,OnArrival,3,34,6297,Node_424,18,0,0,18,0,,,,,,,,,
0,VISIT,52,Random,OnArrival,3,18,6297,Node_219,27,0,12,27,12,,,,,,,,,
0,VISIT,47,Random,OnArrival,3,35,6305,Node_196,19,0,0,19,0,,,,,,,,,
0,VISIT,52,Random,OnArrival,3,19,6305,Node_223,27,0,13,27,13,,,,,,,,,
0,VISIT,41,Random,OnArrival,3,54,6312,Node_431,-10,0,2,-10,2,,,,,,,,,
0,VISIT,49,Random,OnArrival,3,22,6313,Node_461,22,0,-3,22,-3,,,,,,,,,
0,VISIT,51,Random,OnArrival,3,20,6313,Node_461,22,0,-3,22,-3,,,,,,,,,
0,VISIT,44,Random,OnArrival,3,54,6320,Node_433,-7,0,4,-7,4,,,,,,,,,
0,VISIT,52,Random,OnArrival,3,20,6321,Node_226,27,0,15,27,15,,,,,,,,,
0,VISIT,53,Random,OnArrival,3,0,6324,Node_6,19,0,12,19,12,,,,,,,,,
0,VISIT,54,Random,OnArrival,3,0,6324,Node_7,19,0,8,19,8,,,,,,,,,
0,VISIT,55,Random,OnArrival,3,0,6324,Node_8,17,0,10,17,10,,,,,,,,,
0,VISIT,56,Random,OnArrival,3,0,6324,Node_9,21,0,10,21,10,,,,,,,,,
0,VISIT,44,Random,OnArrival,3,55,6328,Node_472,-7,0,5,-7,5,,,,,,,,,
0,VISIT,47,Random,OnArrival,3,36,6328,Node_462,22,0,0,22,0,,,,,,,,,
0,VISIT,53,Random,OnArrival,3,1,6330,Node_2,19,0,11,19,11,,,,,,,,,
0,VISIT,54,Random,OnArrival,3,1,6330,Node_47,20,0,8,20,8,,,,,,,,,
0,VISIT,55,Random,OnArrival,3,1,6330,Node_23,17,0,9,17,9,,,,,,,,,
0,VISIT,56,Random,OnArrival,3,1,6330,Node_48,21,0,9,21,9,,,,,,,,,
0,VISIT,41,Random,OnArrival,3,55,6334,Node_429,-7,0,2,-7,2,,,,,,,,,
0,VISIT,47,Random,OnArrival,3,37,6334,Node_473,22,0,-1,22,-1,,,,,,,,,
0,VISIT,49,Random,OnArrival,3,23,6334,Node_471,21,0,-5,21,-5,,,,,,,,,
0,VISIT,51,Random,OnArrival,3,21,6334,Node_471,21,0,-5,21,-5,,,,,,,,,
0,VISIT,53,Random,OnArrival,3,2,6336,Node_20,19,0,10,19,10,,,,,,,,,
0,VISIT,54,Random,OnArrival,3,2,6336,Node_51,21,0,8,21,8,,,,,,,,,
0,VISIT,55,Random,OnArrival,3,2,6336,Node_67,17,0,8,17,8,,,,,,,,,
0,VISIT,56,Random,OnArrival,3,2,6336,Node_51,21,0,8,21,8,,,,,,,,,
0,VISIT,47,Random,OnArrival,3,38,6340,Node_455,23,0,-1,23,-1,,,,,,,,,
0,VISIT,49,Random,OnArrival,3,24,6340,Node_480,22,0,-5,22,-5,,,,,,,,,
0,VISIT,51,Random,OnArrival,3,22,6340,Node_454,20,0,-5,20,-5,,,,,,,,,
0,VISIT,53,Random,OnArrival,3,3,6342,Node_5,20,0,10,20,10,,,,,,,,,
0,VISIT,54,Random,OnArrival,3,3,6342,Node_53,21,0,7,21,7,,,,,,,,,
0,VISIT,55,Random,OnArrival,3,3,6342,Node_92,17,0,7,17,7,,,,,,,,,
0,VISIT,56,Random,OnArrival,3,3,6342,Node_53,21,0,7,21,7,,,,,,,,,
0,VISIT,41,Random,OnArrival,3,56,6347,Node_433,-7,0,4,-7,4,,,,,,,,,
0,VISIT,47,Random,OnArrival,3,39,6347,Node_452,23,0,0,23,0,,,,,,,,,
0,VISIT,49,Random,OnArrival,3,25,6347,Node_479,22,0,-4,22,-4,,,,,,,,,
0,VISIT,51,Random,OnArrival,3,23,6347,Node_456,20,0,-4,20,-4,,,,,,,,,
0,VISIT,53,Random,OnArrival,3,4,6349,Node_9,21,0,10,21,10,,,,,,,,,
0,VISIT,54,Random,OnArrival,3,4,6349,Node_56,21,0,6,21,6,,,,,,,,,
0,VISIT,55,Random,OnArrival,3,4,6349,Node_95,16,0,7,16,7,,,,,,,,,
0,VISIT,56,Random,OnArrival,3,4,6349,Node_56,21,0,6,21,6,,,,,,,,,
0,VISIT,47,Random,OnArrival,3,40,6354,Node_450,23,0,1,23,1,,,,,,,,,
0,VISIT,49,Random,OnArrival,3,26,6354,Node_474,21,0,-4,21,-4,,,,,,,,,
0,VISIT,51,Random,OnArrival,3,24,6354,Node_474,21,0,-4,21,-4,,,,,,,,,
0,VISIT,53,Random,OnArrival,3,5,6356,Node_48,21,0,9,21,9,,,,,,,,,
0,VISIT,54,Random,OnArrival,3,5,6356,Node_57,21,0,5,21,5,,,,,,,,,
0,VISIT,55,Random,OnArrival,3,5,6356,Node_167,16,0,6,16,6,,,,,,,,,
0,VISIT,56,Random,OnArrival,3,5,6356,Node_57,21,0,5,21,5,,,,,,,,,
0,VISIT,44,Random,OnArrival,3,56,6361,Node_482,-8,0,5,-8,5,,,,,,,,,
0,VISIT,47,Random,OnArrival,3,41,6361,Node_449,23,0,2,23,2,,,,,,,,,
0,VISIT,49,Random,OnArrival,3,27,6361,Node_456,20,0,-4,20,-4,,,,,,,,,
0,VISIT,51,Random,OnArrival,3,25,6361,Node_479,22,0,-4,22,-4,,,,,,,,,
0,VISIT,53,Random,OnArrival,3,6,6363,Node_51,21,0,8,21,8,,,,,,,,,
0,VISIT,54,Random,OnArrival,3,6,6363,Node_171,22,0,5,22,5,,,,,,,,,
0,VISIT,55,Random,OnArrival,3,6,6363,Node_170,16,0,5,16,5,,,,,,,,,
0,VISIT,56,Random,OnArrival,3,6,6363,Node_171,22,0,5,22,5,,,,,,,,,
0,VISIT,44,Random,OnArrival,3,57,6368,Node_472,-7,0,5,-7,5,,,,,,,,,
0,VISIT,47,Random,OnArrival,3,42,6368,Node_447,23,0,3,23,3,,,,,,,,,
0,VISIT,49,Random,OnArrival,3,28,6368,Node_474,21,0,-4,21,-4,,,,,,,,,
0,VISIT,51,Random,OnArrival,3,26,6368,Node_461,22,0,-3,22,-3,,,,,,,,,
0,VISIT,53,Random,OnArrival,3,7,6370,Node_53,21,0,7,21,7,,,,,,,,,
0,VISIT,54,Random,OnArrival,3,7,6370,Node_443,23,0,5,23,5,,,,,,,,,
0,VISIT,55,Random,OnArrival,3,7,6370,Node_172,16,0,4,16,4,,,,,,,,,
0,VISIT,56,Random,OnArrival,3,7,6370,Node_443,23,0,5,23,5,,,,,,,,,
0,VISIT,41,Random,OnArrival,3,57,6376,Node_405,-3,0,4,-3,4,,,,,,,,,
0,VISIT,44,Random,OnArrival,3,58,6376,Node_475,-7,0,6,-7,6,,,,,,,,,
0,VISIT,47,Random,OnArrival,3,43,6376,Node_466,24,0,3,24,3,,,,,,,,,
0,VISIT,49,Random,OnArrival,3,29,6376,Node_479,22,0,-4,22,-4,,,,,,,,,
0,VISIT,51,Random,OnArrival,3,27,6376,Node_476,22,0,-2,22,-2,,,,,,,,,
0,VISIT,53,Random,OnArrival,3,8,6378,Node_56,21,0,6,21,6,,,,,,,,,
0,VISIT,54,Random,OnArrival,3,8,6378,Node_125,24,0,5,24,5,,,,,,,,,
0,VISIT,55,Random,OnArrival,3,8,6378,Node_202,17,0,4,17,4,,,,,,,,,
0,VISIT,56,Random,OnArrival,3,8,6378,Node_125,24,0,5,24,5,,,,,,,,,
0,VISIT,41,Random,OnArrival,3,58,6384,Node_357,-2,0,4,-2,4,,,,,,,,,
0,VISIT,44,Random,OnArrival,3,59,6384,Node_484,-8,0,6,-8,6,,,,,,,,,
0,VISIT,49,Random,OnArrival,3,30,6384,Node_461,22,0,-3,22,-3,,,,,,,,,
0,VISIT,51,Random,OnArrival,3,28,6384,Node_457,23,0,-2,23,-2,,,,,,,,,
0,VISIT,53,Random,OnArrival,3,9,6386,Node_57,21,0,5,21,5,,,,,,,,,
0,VISIT,54,Random,OnArrival,3,9,6386,Node_465,24,0,4,24,4,,,,,,,,,
0,VISIT,55,Random,OnArrival,3,9,6386,Node_199,18,0,4,18,4,,,,,,,,,
0,VISIT,56,Random,OnArrival,3,9,6386,Node_465,24,0,4,24,4,,,,,,,,,
0,VISIT,44,Random,OnArrival,3,60,6391,Node_487,-9,0,6,-9,6,,,,,,,,,
0,VISIT,49,Random,OnArrival,3,31,6391,Node_459,23,0,-3,23,-3,,,,,,,,,
0,VISIT,53,Random,OnArrival,3,10,6394,Node_171,22,0,5,22,5,,,,,,,,,
0,VISIT,54,Random,OnArrival,3,10,6394,Node_445,23,0,4,23,4,,,,,,,,,
0,VISIT,55,Random,OnArrival,3,10,6394,Node_185,19,0,4,19,4,,,,,,,,,
0,VISIT,56,Random,OnArrival,3,10,6394,Node_445,23,0,4,23,4,,,,,,,,,
0,VISIT,41,Random,OnArrival,3,59,6398,Node_363,-2,0,6,-2,6,,,,,,,,,
0,VISIT,47,Random,OnArrival,3,44,6398,Node_468,24,0,2,24,2,,,,,,,,,
0,VISIT,53,Random,OnArrival,3,11,6402,Node_443,23,0,5,23,5,,,,,,,,,
0,VISIT,54,Random,OnArrival,3,11,6402,Node_447,23,0,3,23,3,,,,,,,,,
0,VISIT,55,Random,OnArrival,3,11,6402,Node_188,19,0,3,19,3,,,,,,,,,
0,VISIT,56,Random,OnArrival,3,11,6402,Node_447,23,0,3,23,3,,,,,,,,,
0,VISIT,47,Random,OnArrival,3,45,6406,Node_493,25,0,2,25,2,,,,,,,,,
0,VISIT,49,Random,OnArrival,3,32,6406,Node_495,24,0,-2,24,-2,,,,,,,,,
0,VISIT,51,Random,OnArrival,3,29,6406,Node_495,24,0,-2,24,-2,,,,,,,,,
0,VISIT,53,Random,OnArrival,3,12,6409,Node_171,22,0,5,22,5,,,,,,,,,
0,VISIT,54,Random,OnArrival,3,12,6409,Node_449,23,0,2,23,2,,,,,,,,,
0,VISIT,55,Random,OnArrival,3,12,6409,Node_191,19,0,2,19,2,,,,,,,,,
0,VISIT,56,Random,OnArrival,3,12,6409,Node_449,23,0,2,23,2,,,,,,,,,
0,VISIT,44,Random,OnArrival,3,61,6413,Node_485,-10,0,8,-10,8,,,,,,,,,
0,VISIT,53,Random,OnArrival,3,13,6416,Node_57,21,0,5,21,5,,,,,,,,,
0,VISIT,54,Random,OnArrival,3,13,6416,Node_468,24,0,2,24,2,,,,,,,,,
0,VISIT,55,Random,OnArrival,3,13,6416,Node_194,19,0,1,19,1,,,,,,,,,
0,VISIT,56,Random,OnArrival,3,13,6416,Node_468,24,0,2,24,2,,,,,,,,,
0,VISIT,53,Random,OnArrival,3,14,6423,Node_59,21,0,4,21,4,,,,,,,,,
0,VISIT,54,Random,OnArrival,3,14,6423,Node_493,25,0,2,25,2,,,,,,,,,
0,VISIT,55,Random,OnArrival,3,14,6423,Node_196,19,0,0,19,0,,,,,,,,,
0,VISIT,56,Random,OnArrival,3,14,6423,Node_493,25,0,2,25,2,,,,,,,,,
0,VISIT,44,Random,OnArrival,3,62,6427,Node_489,-10,0,10,-10,10,,,,,,,,,
0,VISIT,53,Random,OnArrival,3,15,6430,Node_63,20,0,4,20,4,,,,,,,,,
0,VISIT,53,Random,OnArrival,3,16,6437,Node_185,19,0,4,19,4,,,,,,,,,
0,VISIT,54,Random,OnArrival,3,15,6437,Node_502,27,0,2,27,2,,,,,,,,,
0,VISIT,56,Random,OnArrival,3,15,6437,Node_502,27,0,2,27,2,,,,,,,,,
0,VISIT,47,Random,OnArrival,3,46,6441,Node_510,27,0,-1,27,-1,,,,,,,,,
0,VISIT,51,Random,OnArrival,3,30,6441,Node_509,27,0,0,27,0,,,,,,,,,
0,VISIT,53,Random,OnArrival,3,17,6444,Node_199,18,0,4,18,4,,,,,,,,,
0,VISIT,55,Random,OnArrival,3,15,6444,Node_462,22,0,0,22,0,,,,,,,,,
0,VISIT,44,Random,OnArrival,3,63,6448,Node_490,-10,0,11,-10,11,,,,,,,,,
0,VISIT,53,Random,OnArrival,3,18,6451,Node_202,17,0,4,17,4,,,,,,,,,
0,VISIT,55,Random,OnArrival,3,16,6451,Node_473,22,0,-1,22,-1,,,,,,,,,
0,VISIT,53,Random,OnArrival,3,19,6458,Node_172,16,0,4,16,4,,,,,,,,,
0,VISIT,55,Random,OnArrival,3,17,6458,Node_476,22,0,-2,22,-2,,,,,,,,,
0,VISIT,51,Random,OnArrival,3,31,6462,Node_513,28,0,2,28,2,,,,,,,,,
0,VISIT,53,Random,OnArrival,3,20,6465,Node_174,16,0,3,16,3,,,,,,,,,
0,VISIT,54,Random,OnArrival,3,16,6465,Node_158,28,0,5,28,5,,,,,,,,,
0,VISIT,55,Random,OnArrival,3,18,6465,Node_457,23,0,-2,23,-2,,,,,,,,,
0,VISIT,56,Random,OnArrival,3,16,6465,Node_158,28,0,5,28,5,,,,,,,,,
0,VISIT,44,Random,OnArrival,3,64,6469,Node_492,-10,0,14,-10,14,,,,,,,,,
0,VISIT,53,Random,OnArrival,3,21,6472,Node_177,16,0,2,16,2,,,,,,,,,
0,VISIT,55,Random,OnArrival,3,19,6472,Node_495,24,0,-2,24,-2,,,,,,,,,
0,VISIT,53,Random,OnArrival,3,22,6479,Node_120,15,0,2,15,2,,,,,,,,,
0,VISIT,51,Random,OnArrival,3,32,6483,Node_516,28,0,3,28,3,,,,,,,,,
0,VISIT,53,Random,OnArrival,3,23,6486,Node_220,14,0,2,14,2,,,,,,,,,
0,VISIT,55,Random,OnArrival,3,20,6486,Node_503,26,0,-2,26,-2,,,,,,,,,
0,VISIT,51,Random,OnArrival,3,33,6490,Node_513,28,0,2,28,2,,,,,,,,,
0,VISIT,53,Random,OnArrival,3,24,6493,Node_358,13,0,2,13,2,,,,,,,,,
0,VISIT,51,Random,OnArrival,3,34,6497,Node_518,28,0,1,28,1,,,,,,,,,
0,VISIT,53,Random,OnArrival,3,25,6500,Node_337,12,0,2,12,2,,,,,,,,,
0,VISIT,51,Random,OnArrival,3,35,6504,Node_505,27,0,1,27,1,,,,,,,,,
0,VISIT,53,Random,OnArrival,3,26,6507,Node_146,11,0,2,11,2,,,,,,,,,
0,VISIT,55,Random,OnArrival,3,21,6507,Node_523,26,0,-5,26,-5,,,,,,,,,
0,VISIT,51,Random,OnArrival,3,36,6511,Node_509,27,0,0,27,0,,,,,,,,,
0,VISIT,53,Random,OnArrival,3,27,6514,Node_225,10,0,2,10,2,,,,,,,,,
0,VISIT,51,Random,OnArrival,3,37,6518,Node_510,27,0,-1,27,-1,,,,,,,,,
0,VISIT,57,Random,OnArrival,3,0,6527,Node_6,19,0,12,19,12,,,,,,,,,
0,VISIT,58,Random,OnArrival,3,0,6527,Node_7,19,0,8,19,8,,,,,,,,,
0,VISIT,59,Random,OnArrival,3,0,6527,Node_8,17,0,10,17,10,,,,,,,,,
0,VISIT,60,Random,OnArrival,3,0,6527,Node_9,21,0,10,21,10,,,,,,,,,
0,VISIT,53,Random,OnArrival,3,28,6529,Node_340,8,0,2,8,2,,,,,,,,,
0,VISIT,57,Random,OnArrival,3,1,6532,Node_2,19,0,11,19,11,,,,,,,,,
0,VISIT,58,Random,OnArrival,3,1,6532,Node_47,20,0,8,20,8,,,,,,,,,
0,VISIT,59,Random,OnArrival,3,1,6532,Node_4,18,0,10,18,10,,,,,,,,,
0,VISIT,60,Random,OnArrival,3,1,6532,Node_48,21,0,9,21,9,,,,,,,,,
0,VISIT,55,Random,OnArrival,3,22,6536,Node_523,26,0,-5,26,-5,,,,,,,,,
0,VISIT,57,Random,OnArrival,3,2,6538,Node_20,19,0,10,19,10,,,,,,,,,
0,VISIT,58,Random,OnArrival,3,2,6538,Node_51,21,0,8,21,8,,,,,,,,,
0,VISIT,59,Random,OnArrival,3,2,6538,Node_15,18,0,9,18,9,,,,,,,,,
0,VISIT,60,Random,OnArrival,3,2,6538,Node_51,21,0,8,21,8,,,,,,,,,
0,VISIT,53,Random,OnArrival,3,29,6542,Node_341,6,0,2,6,2,,,,,,,,,
0,VISIT,55,Random,OnArrival,3,23,6542,Node_532,26,0,-4,26,-4,,,,,,,,,
0,VISIT,57,Random,OnArrival,3,3,6544,Node_5,20,0,10,20,10,,,,,,,,,
0,VISIT,58,Random,OnArrival,3,3,6544,Node_53,21,0,7,21,7,,,,,,,,,
0,VISIT,59,Random,OnArrival,3,3,6544,Node_11,18,0,8,18,8,,,,,,,,,
0,VISIT,60,Random,OnArrival,3,3,6544,Node_53,21,0,7,21,7,,,,,,,,,
0,VISIT,55,Random,OnArrival,3,24,6548,Node_519,27,0,-4,27,-4,,,,,,,,,
0,VISIT,57,Random,OnArrival,3,4,6550,Node_9,21,0,10,21,10,,,,,,,,,
0,VISIT,58,Random,OnArrival,3,4,6550,Node_56,21,0,6,21,6,,,,,,,,,
0,VISIT,59,Random,OnArrival,3,4,6550,Node_7,19,0,8,19,8,,,,,,,,,
0,VISIT,60,Random,OnArrival,3,4,6550,Node_56,21,0,6,21,6,,,,,,,,,
0,VISIT,53,Random,OnArrival,3,30,6554,Node_380,6,0,0,6,0,,,,,,,,,
0,VISIT,55,Random,OnArrival,3,25,6554,Node_517,27,0,-3,27,-3,,,,,,,,,
0,VISIT,57,Random,OnArrival,3,5,6556,Node_48,21,0,9,21,9,,,,,,,,,
0,VISIT,58,Random,OnArrival,3,5,6556,Node_57,21,0,5,21,5,,,,,,,,,
0,VISIT,59,Random,OnArrival,3,5,6556,Node_47,20,0,8,20,8,,,,,,,,,
0,VISIT,60,Random,OnArrival,3,5,6556,Node_57,21,0,5,21,5,,,,,,,,,
0,VISIT,55,Random,OnArrival,3,26,6560,Node_530,26,0,-3,26,-3,,,,,,,,,
0,VISIT,57,Random,OnArrival,3,6,6562,Node_51,21,0,8,21,8,,,,,,,,,
0,VISIT,58,Random,OnArrival,3,6,6562,Node_171,22,0,5,22,5,,,,,,,,,
0,VISIT,59,Random,OnArrival,3,6,6562,Node_51,21,0,8,21,8,,,,,,,,,
0,VISIT,60,Random,OnArrival,3,6,6562,Node_171,22,0,5,22,5,,,,,,,,,
0,VISIT,55,Random,OnArrival,3,27,6566,Node_503,26,0,-2,26,-2,,,,,,,,,
0,VISIT,57,Random,OnArrival,3,7,6568,Node_53,21,0,7,21,7,,,,,,,,,
0,VISIT,58,Random,OnArrival,3,7,6568,Node_443,23,0,5,23,5,,,,,,,,,
0,VISIT,59,Random,OnArrival,3,7,6568,Node_53,21,0,7,21,7,,,,,,,,,
0,VISIT,60,Random,OnArrival,3,7,6568,Node_443,23,0,5,23,5,,,,,,,,,
0,VISIT,53,Random,OnArrival,3,31,6572,Node_383,3,0,0,3,0,,,,,,,,,
0,VISIT,55,Random,OnArrival,3,28,6572,Node_514,27,0,-2,27,-2,,,,,,,,,
0,VISIT,57,Random,OnArrival,3,8,6574,Node_56,21,0,6,21,6,,,,,,,,,
0,VISIT,58,Random,OnArrival,3,8,6574,Node_445,23,0,4,23,4,,,,,,,,,
0,VISIT,59,Random,OnArrival,3,8,6574,Node_56,21,0,6,21,6,,,,,,,,,
0,VISIT,60,Random,OnArrival,3,8,6574,Node_445,23,0,4,23,4,,,,,,,,,
0,VISIT,57,Random,OnArrival,3,9,6580,Node_57,21,0,5,21,5,,,,,,,,,
0,VISIT,58,Random,OnArrival,3,9,6580,Node_447,23,0,3,23,3,,,,,,,,,
0,VISIT,59,Random,OnArrival,3,9,6580,Node_57,21,0,5,21,5,,,,,,,,,
0,VISIT,60,Random,OnArrival,3,9,6580,Node_447,23,0,3,23,3,,,,,,,,,
0,VISIT,55,Random,OnArrival,3,29,6584,Node_537,28,0,-1,28,-1,,,,,,,,,
0,VISIT,57,Random,OnArrival,3,10,6586,Node_171,22,0,5,22,5,,,,,,,,,
0,VISIT,58,Random,OnArrival,3,10,6586,Node_449,23,0,2,23,2,,,,,,,,,
0,VISIT,59,Random,OnArrival,3,10,6586,Node_171,22,0,5,22,5,,,,,,,,,
0,VISIT,60,Random,OnArrival,3,10,6586,Node_449,23,0,2,23,2,,,,,,,,,
0,VISIT,53,Random,OnArrival,3,32,6591,Node_400,0,0,0,0,0,,,,,,,,,
0,VISIT,55,Random,OnArrival,3,30,6591,Node_515,28,0,0,28,0,,,,,,,,,
0,VISIT,57,Random,OnArrival,3,11,6593,Node_443,23,0,5,23,5,,,,,,,,,
0,VISIT,58,Random,OnArrival,3,11,6593,Node_468,24,0,2,24,2,,,,,,,,,
0,VISIT,59,Random,OnArrival,3,11,6593,Node_443,23,0,5,23,5,,,,,,,,,
0,VISIT,60,Random,OnArrival,3,11,6593,Node_468,24,0,2,24,2,,,,,,,,,
0,VISIT,53,Random,OnArrival,3,33,6598,Node_401,0,0,1,0,1,,,,,,,,,
0,VISIT,55,Random,OnArrival,3,31,6598,Node_518,28,0,1,28,1,,,,,,,,,
0,VISIT,57,Random,OnArrival,3,12,6600,Node_445,23,0,4,23,4,,,,,,,,,
0,VISIT,58,Random,OnArrival,3,12,6600,Node_493,25,0,2,25,2,,,,,,,,,
0,VISIT,59,Random,OnArrival,3,12,6600,Node_445,23,0,4,23,4,,,,,,,,,
0,VISIT,60,Random,OnArrival,3,12,6600,Node_493,25,0,2,25,2,,,,,,,,,
0,VISIT,53,Random,OnArrival,3,34,6605,Node_402,-1,0,1,-1,1,,,,,,,,,
0,VISIT,57,Random,OnArrival,3,13,6608,Node_447,23,0,3,23,3,,,,,,,,,
0,VISIT,59,Random,OnArrival,3,13,6608,Node_447,23,0,3,23,3,,,,,,,,,
0,VISIT,55,Random,OnArrival,3,32,6612,Node_521,29,0,2,29,2,,,,,,,,,
0,VISIT,57,Random,OnArrival,3,14,6615,Node_449,23,0,2,23,2,,,,,,,,,
0,VISIT,58,Random,OnArrival,3,13,6615,Node_502,27,0,2,27,2,,,,,,,,,
0,VISIT,59,Random,OnArrival,3,14,6615,Node_449,23,0,2,23,2,,,,,,,,,
0,VISIT,60,Random,OnArrival,3,13,6615,Node_502,27,0,2,27,2,,,,,,,,,
0,VISIT,53,Random,OnArrival,3,35,6620,Node_350,-1,0,3,-1,3,,,,,,,,,
0,VISIT,55,Random,OnArrival,3,33,6620,Node_513,28,0,2,28,2,,,,,,,,,
0,VISIT,57,Random,OnArrival,3,15,6622,Node_468,24,0,2,24,2,,,,,,,,,
0,VISIT,58,Random,OnArrival,3,14,6622,Node_513,28,0,2,28,2,,,,,,,,,
0,VISIT,59,Random,OnArrival,3,15,6622,Node_468,24,0,2,24,2,,,,,,,,,
0,VISIT,60,Random,OnArrival,3,14,6622,Node_505,27,0,1,27,1,,,,,,,,,
0,VISIT,53,Random,OnArrival,3,36,6628,Node_353,-1,0,4,-1,4,,,,,,,,,
0,VISIT,55,Random,OnArrival,3,34,6628,Node_518,28,0,1,28,1,,,,,,,,,
0,VISIT,57,Random,OnArrival,3,16,6630,Node_493,25,0,2,25,2,,,,,,,,,
0,VISIT,58,Random,OnArrival,3,15,6630,Node_521,29,0,2,29,2,,,,,,,,,
0,VISIT,59,Random,OnArrival,3,16,6630,Node_493,25,0,2,25,2,,,,,,,,,
0,VISIT,60,Random,OnArrival,3,15,6630,Node_518,28,0,1,28,1,,,,,,,,,
0,VISIT,53,Random,OnArrival,3,37,6636,Node_357,-2,0,4,-2,4,,,,,,,,,
0,VISIT,55,Random,OnArrival,3,35,6636,Node_515,28,0,0,28,0,,,,,,,,,
0,VISIT,58,Random,OnArrival,3,16,6638,Node_513,28,0,2,28,2,,,,,,,,,
0,VISIT,60,Random,OnArrival,3,16,6638,Node_515,28,0,0,28,0,,,,,,,,,
0,VISIT,55,Random,OnArrival,3,36,6644,Node_537,28,0,-1,28,-1,,,,,,,,,
0,VISIT,57,Random,OnArrival,3,17,6646,Node_502,27,0,2,27,2,,,,,,,,,
0,VISIT,58,Random,OnArrival,3,17,6646,Node_518,28,0,1,28,1,,,,,,,,,
0,VISIT,59,Random,OnArrival,3,17,6646,Node_502,27,0,2,27,2,,,,,,,,,
0,VISIT,60,Random,OnArrival,3,17,6646,Node_537,28,0,-1,28,-1,,,,,,,,,
0,VISIT,53,Random,OnArrival,3,38,6651,Node_363,-2,0,6,-2,6,,,,,,,,,
0,VISIT,57,Random,OnArrival,3,18,6653,Node_513,28,0,2,28,2,,,,,,,,,
0,VISIT,58,Random,OnArrival,3,18,6653,Node_515,28,0,0,28,0,,,,,,,,,
0,VISIT,59,Random,OnArrival,3,18,6653,Node_513,28,0,2,28,2,,,,,,,,,
0,VISIT,60,Random,OnArrival,3,18,6653,Node_551,29,0,-1,29,-1,,,,,,,,,
0,VISIT,57,Random,OnArrival,3,19,6661,Node_516,28,0,3,28,3,,,,,,,,,
0,VISIT,58,Random,OnArrival,3,19,6661,Node_537,28,0,-1,28,-1,,,,,,,,,
0,VISIT,59,Random,OnArrival,3,19,6661,Node_516,28,0,3,28,3,,,,,,,,,
0,VISIT,60,Random,OnArrival,3,19,6661,Node_552,29,0,-2,29,-2,,,,,,,,,
0,VISIT,57,Random,OnArrival,3,20,6669,Node_524,29,0,3,29,3,,,,,,,,,
0,VISIT,58,Random,OnArrival,3,20,6669,Node_551,29,0,-1,29,-1,,,,,,,,,
0,VISIT,59,Random,OnArrival,3,20,6669,Node_524,29,0,3,29,3,,,,,,,,,
0,VISIT,60,Random,OnArrival,3,20,6669,Node_554,29,0,-3,29,-3,,,,,,,,,
0,VISIT,60,Random,OnArrival,3,21,6677,Node_556,29,0,-4,29,-4,,,,,,,,,
0,VISIT,60,Random,OnArrival,3,22,6685,Node_559,29,0,-5,29,-5,,,,,,,,,
0,VISIT,58,Random,OnArrival,3,21,6709,Node_564,30,0,-5,30,-5,,,,,,,,,
0,VISIT,60,Random,OnArrival,3,23,6709,Node_556,29,0,-4,29,-4,,,,,,,,,
0,VISIT,60,Random,OnArrival,3,24,6716,Node_554,29,0,-3,29,-3,,,,,,,,,
0,VISIT,61,Random,OnArrival,3,0,6721,Node_6,19,0,12,19,12,,,,,,,,,
0,VISIT,62,Random,OnArrival,3,0,6721,Node_7,19,0,8,19,8,,,,,,,,,
0,VISIT,63,Random,OnArrival,3,0,6721,Node_8,17,0,10,17,10,,,,,,,,,
0,VISIT,64,Random,OnArrival,3,0,6721,Node_9,21,0,10,21,10,,,,,,,,,
0,VISIT,60,Random,OnArrival,3,25,6723,Node_563,30,0,-3,30,-3,,,,,,,,,
0,VISIT,61,Random,OnArrival,3,1,6725,Node_2,19,0,11,19,11,,,,,,,,,
0,VISIT,62,Random,OnArrival,3,1,6725,Node_11,18,0,8,18,8,,,,,,,,,
0,VISIT,63,Random,OnArrival,3,1,6725,Node_23,17,0,9,17,9,,,,,,,,,
0,VISIT,64,Random,OnArrival,3,1,6725,Node_5,20,0,10,20,10,,,,,,,,,
0,VISIT,61,Random,OnArrival,3,2,6729,Node_20,19,0,10,19,10,,,,,,,,,
0,VISIT,62,Random,OnArrival,3,2,6729,Node_67,17,0,8,17,8,,,,,,,,,
0,VISIT,63,Random,OnArrival,3,2,6729,Node_67,17,0,8,17,8,,,,,,,,,
0,VISIT,64,Random,OnArrival,3,2,6729,Node_50,20,0,9,20,9,,,,,,,,,
0,VISIT,61,Random,OnArrival,3,3,6733,Node_4,18,0,10,18,10,,,,,,,,,
0,VISIT,62,Random,OnArrival,3,3,6733,Node_92,17,0,7,17,7,,,,,,,,,
0,VISIT,63,Random,OnArrival,3,3,6733,Node_92,17,0,7,17,7,,,,,,,,,
0,VISIT,64,Random,OnArrival,3,3,6733,Node_47,20,0,8,20,8,,,,,,,,,
0,VISIT,61,Random,OnArrival,3,4,6737,Node_8,17,0,10,17,10,,,,,,,,,
0,VISIT,62,Random,OnArrival,3,4,6737,Node_95,16,0,7,16,7,,,,,,,,,
0,VISIT,63,Random,OnArrival,3,4,6737,Node_95,16,0,7,16,7,,,,,,,,,
0,VISIT,64,Random,OnArrival,3,4,6737,Node_7,19,0,8,19,8,,,,,,,,,
0,VISIT,61,Random,OnArrival,3,5,6741,Node_23,17,0,9,17,9,,,,,,,,,
0,VISIT,62,Random,OnArrival,3,5,6741,Node_167,16,0,6,16,6,,,,,,,,,
0,VISIT,63,Random,OnArrival,3,5,6741,Node_167,16,0,6,16,6,,,,,,,,,
0,VISIT,64,Random,OnArrival,3,5,6741,Node_11,18,0,8,18,8,,,,,,,,,
0,VISIT,57,Random,OnArrival,3,21,6745,Node_538,31,0,11,31,11,,,,,,,,,
0,VISIT,59,Random,OnArrival,3,21,6745,Node_538,31,0,11,31,11,,,,,,,,,
0,VISIT,61,Random,OnArrival,3,6,6745,Node_67,17,0,8,17,8,,,,,,,,,
0,VISIT,62,Random,OnArrival,3,6,6745,Node_109,15,0,6,15,6,,,,,,,,,
0,VISIT,63,Random,OnArrival,3,6,6745,Node_109,15,0,6,15,6,,,,,,,,,
0,VISIT,64,Random,OnArrival,3,6,6745,Node_67,17,0,8,17,8,,,,,,,,,
0,VISIT,61,Random,OnArrival,3,7,6749,Node_92,17,0,7,17,7,,,,,,,,,
0,VISIT,62,Random,OnArrival,3,7,6749,Node_129,14,0,6,14,6,,,,,,,,,
0,VISIT,63,Random,OnArrival,3,7,6749,Node_129,14,0,6,14,6,,,,,,,,,
0,VISIT,64,Random,OnArrival,3,7,6749,Node_92,17,0,7,17,7,,,,,,,,,
0,VISIT,61,Random,OnArrival,3,8,6753,Node_95,16,0,7,16,7,,,,,,,,,
0,VISIT,62,Random,OnArrival,3,8,6753,Node_97,13,0,6,13,6,,,,,,,,,
0,VISIT,63,Random,OnArrival,3,8,6753,Node_97,13,0,6,13,6,,,,,,,,,
0,VISIT,64,Random,OnArrival,3,8,6753,Node_95,16,0,7,16,7,,,,,,,,,
0,VISIT,60,Random,OnArrival,3,26,6757,Node_587,31,0,0,31,0,,,,,,,,,
0,VISIT,61,Random,OnArrival,3,9,6757,Node_167,16,0,6,16,6,,,,,,,,,
0,VISIT,62,Random,OnArrival,3,9,6757,Node_100,13,0,5,13,5,,,,,,,,,
0,VISIT,63,Random,OnArrival,3,9,6757,Node_100,13,0,5,13,5,,,,,,,,,
0,VISIT,64,Random,OnArrival,3,9,6757,Node_167,16,0,6,16,6,,,,,,,,,
0,VISIT,59,Random,OnArrival,3,22,6761,Node_540,31,0,13,31,13,,,,,,,,,
0,VISIT,60,Random,OnArrival,3,27,6761,Node_584,31,0,-1,31,-1,,,,,,,,,
0,VISIT,61,Random,OnArrival,3,10,6761,Node_109,15,0,6,15,6,,,,,,,,,
0,VISIT,62,Random,OnArrival,3,10,6761,Node_104,12,0,5,12,5,,,,,,,,,
0,VISIT,63,Random,OnArrival,3,10,6761,Node_104,12,0,5,12,5,,,,,,,,,
0,VISIT,64,Random,OnArrival,3,10,6761,Node_109,15,0,6,15,6,,,,,,,,,
0,VISIT,60,Random,OnArrival,3,28,6765,Node_557,30,0,-1,30,-1,,,,,,,,,
0,VISIT,61,Random,OnArrival,3,11,6765,Node_129,14,0,6,14,6,,,,,,,,,
0,VISIT,62,Random,OnArrival,3,11,6765,Node_139,11,0,5,11,5,,,,,,,,,
0,VISIT,63,Random,OnArrival,3,11,6765,Node_139,11,0,5,11,5,,,,,,,,,
0,VISIT,64,Random,OnArrival,3,11,6765,Node_129,14,0,6,14,6,,,,,,,,,
0,VISIT,60,Random,OnArrival,3,29,6769,Node_584,31,0,-1,31,-1,,,,,,,,,
0,VISIT,61,Random,OnArrival,3,12,6769,Node_97,13,0,6,13,6,,,,,,,,,
0,VISIT,62,Random,OnArrival,3,12,6769,Node_218,10,0,5,10,5,,,,,,,,,
0,VISIT,63,Random,OnArrival,3,12,6769,Node_218,10,0,5,10,5,,,,,,,,,
0,VISIT,64,Random,OnArrival,3,12,6769,Node_97,13,0,6,13,6,,,,,,,,,
0,VISIT,59,Random,OnArrival,3,23,6773,Node_541,31,0,14,31,14,,,,,,,,,
0,VISIT,60,Random,OnArrival,3,30,6773,Node_587,31,0,0,31,0,,,,,,,,,
0,VISIT,61,Random,OnArrival,3,13,6773,Node_100,13,0,5,13,5,,,,,,,,,
0,VISIT,62,Random,OnArrival,3,13,6773,Node_319,9,0,5,9,5,,,,,,,,,
0,VISIT,63,Random,OnArrival,3,13,6773,Node_319,9,0,5,9,5,,,,,,,,,
0,VISIT,64,Random,OnArrival,3,13,6773,Node_100,13,0,5,13,5,,,,,,,,,
0,VISIT,59,Random,OnArrival,3,24,6778,Node_540,31,0,13,31,13,,,,,,,,,
0,VISIT,60,Random,OnArrival,3,31,6778,Node_589,31,0,1,31,1,,,,,,,,,
0,VISIT,61,Random,OnArrival,3,14,6778,Node_104,12,0,5,12,5,,,,,,,,,
0,VISIT,62,Random,OnArrival,3,14,6778,Node_328,8,0,5,8,5,,,,,,,,,
0,VISIT,63,Random,OnArrival,3,14,6778,Node_328,8,0,5,8,5,,,,,,,,,
0,VISIT,64,Random,OnArrival,3,14,6778,Node_104,12,0,5,12,5,,,,,,,,,
0,VISIT,59,Random,OnArrival,3,25,6783,Node_539,31,0,12,31,12,,,,,,,,,
0,VISIT,60,Random,OnArrival,3,32,6783,Node_592,32,0,1,32,1,,,,,,,,,
0,VISIT,61,Random,OnArrival,3,15,6783,Node_139,11,0,5,11,5,,,,,,,,,
0,VISIT,64,Random,OnArrival,3,15,6783,Node_139,11,0,5,11,5,,,,,,,,,
0,VISIT,59,Random,OnArrival,3,26,6789,Node_593,32,0,12,32,12,,,,,,,,,
0,VISIT,61,Random,OnArrival,3,16,6789,Node_218,10,0,5,10,5,,,,,,,,,
0,VISIT,64,Random,OnArrival,3,16,6789,Node_218,10,0,5,10,5,,,,,,,,,
0,VISIT,59,Random,OnArrival,3,27,6795,Node_590,32,0,11,32,11,,,,,,,,,
0,VISIT,61,Random,OnArrival,3,17,6795,Node_319,9,0,5,9,5,,,,,,,,,
0,VISIT,62,Random,OnArrival,3,15,6795,Node_340,8,0,2,8,2,,,,,,,,,
0,VISIT,63,Random,OnArrival,3,15,6795,Node_340,8,0,2,8,2,,,,,,,,,
0,VISIT,64,Random,OnArrival,3,17,6795,Node_319,9,0,5,9,5,,,,,,,,,
0,VISIT,61,Random,OnArrival,3,18,6800,Node_328,8,0,5,8,5,,,,,,,,,
0,VISIT,64,Random,OnArrival,3,18,6800,Node_328,8,0,5,8,5,,,,,,,,,
0,VISIT,62,Random,OnArrival,3,16,6807,Node_341,6,0,2,6,2,,,,,,,,,
0,VISIT,63,Random,OnArrival,3,16,6807,Node_341,6,0,2,6,2,,,,,,,,,
0,VISIT,61,Random,OnArrival,3,19,6820,Node_340,8,0,2,8,2,,,,,,,,,
0,VISIT,62,Random,OnArrival,3,17,6820,Node_380,6,0,0,6,0,,,,,,,,,
0,VISIT,63,Random,OnArrival,3,17,6820,Node_380,6,0,0,6,0,,,,,,,,,
0,VISIT,64,Random,OnArrival,3,19,6820,Node_340,8,0,2,8,2,,,,,,,,,
0,VISIT,61,Random,OnArrival,3,20,6833,Node_341,6,0,2,6,2,,,,,,,,,
0,VISIT,64,Random,OnArrival,3,20,6833,Node_341,6,0,2,6,2,,,,,,,,,
0,VISIT,62,Random,OnArrival,3,18,6839,Node_383,3,0,0,3,0,,,,,,,,,
0,VISIT,63,Random,OnArrival,3,18,6839,Node_383,3,0,0,3,0,,,,,,,,,
0,VISIT,61,Random,OnArrival,3,21,6846,Node_380,6,0,0,6,0,,,,,,,,,
0,VISIT,64,Random,OnArrival,3,21,6846,Node_380,6,0,0,6,0,,,,,,,,,
0,VISIT,62,Random,OnArrival,3,19,6861,Node_400,0,0,0,0,0,,,,,,,,,
0,VISIT,63,Random,OnArrival,3,19,6861,Node_400,0,0,0,0,0,,,,,,,,,
0,VISIT,65,Random,OnArrival,3,0,6864,Node_6,19,0,12,19,12,,,,,,,,,
0,VISIT,66,Random,OnArrival,3,0,6864,Node_7,19,0,8,19,8,,,,,,,,,
0,VISIT,67,Random,OnArrival,3,0,6864,Node_8,17,0,10,17,10,,,,,,,,,
0,VISIT,68,Random,OnArrival,3,0,6864,Node_9,21,0,10,21,10,,,,,,,,,
0,VISIT,61,Random,OnArrival,3,22,6868,Node_383,3,0,0,3,0,,,,,,,,,
0,VISIT,62,Random,OnArrival,3,20,6868,Node_401,0,0,1,0,1,,,,,,,,,
0,VISIT,63,Random,OnArrival,3,20,6868,Node_401,0,0,1,0,1,,,,,,,,,
0,VISIT,64,Random,OnArrival,3,22,6868,Node_383,3,0,0,3,0,,,,,,,,,
0,VISIT,65,Random,OnArrival,3,1,6868,Node_2,19,0,11,19,11,,,,,,,,,
0,VISIT,66,Random,OnArrival,3,1,6868,Node_47,20,0,8,20,8,,,,,,,,,
0,VISIT,67,Random,OnArrival,3,1,6868,Node_4,18,0,10,18,10,,,,,,,,,
0,VISIT,68,Random,OnArrival,3,1,6868,Node_48,21,0,9,21,9,,,,,,,,,
0,VISIT,62,Random,OnArrival,3,21,6872,Node_402,-1,0,1,-1,1,,,,,,,,,
0,VISIT,63,Random,OnArrival,3,21,6872,Node_402,-1,0,1,-1,1,,,,,,,,,
0,VISIT,65,Random,OnArrival,3,2,6872,Node_20,19,0,10,19,10,,,,,,,,,
0,VISIT,66,Random,OnArrival,3,2,6872,Node_51,21,0,8,21,8,,,,,,,,,
0,VISIT,67,Random,OnArrival,3,2,6872,Node_15,18,0,9,18,9,,,,,,,,,
0,VISIT,68,Random,OnArrival,3,2,6872,Node_88,22,0,9,22,9,,,,,,,,,
0,VISIT,65,Random,OnArrival,3,3,6877,Node_5,20,0,10,20,10,,,,,,,,,
0,VISIT,66,Random,OnArrival,3,3,6877,Node_53,21,0,7,21,7,,,,,,,,,
0,VISIT,67,Random,OnArrival,3,3,6877,Node_3,19,0,9,19,9,,,,,,,,,
0,VISIT,68,Random,OnArrival,3,3,6877,Node_108,23,0,9,23,9,,,,,,,,,
0,VISIT,61,Random,OnArrival,3,23,6882,Node_400,0,0,0,0,0,,,,,,,,,
0,VISIT,62,Random,OnArrival,3,22,6882,Node_350,-1,0,3,-1,3,,,,,,,,,
0,VISIT,63,Random,OnArrival,3,22,6882,Node_350,-1,0,3,-1,3,,,,,,,,,
0,VISIT,64,Random,OnArrival,3,23,6882,Node_400,0,0,0,0,0,,,,,,,,,
0,VISIT,65,Random,OnArrival,3,4,6882,Node_9,21,0,10,21,10,,,,,,,,,
0,VISIT,66,Random,OnArrival,3,4,6882,Node_56,21,0,6,21,6,,,,,,,,,
0,VISIT,67,Random,OnArrival,3,4,6882,Node_50,20,0,9,20,9,,,,,,,,,
0,VISIT,61,Random,OnArrival,3,24,6886,Node_401,0,0,1,0,1,,,,,,,,,
0,VISIT,62,Random,OnArrival,3,23,6886,Node_353,-1,0,4,-1,4,,,,,,,,,
0,VISIT,63,Random,OnArrival,3,23,6886,Node_353,-1,0,4,-1,4,,,,,,,,,
0,VISIT,64,Random,OnArrival,3,24,6886,Node_401,0,0,1,0,1,,,,,,,,,
0,VISIT,65,Random,OnArrival,3,5,6886,Node_48,21,0,9,21,9,,,,,,,,,
0,VISIT,66,Random,OnArrival,3,5,6886,Node_57,21,0,5,21,5,,,,,,,,,
0,VISIT,67,Random,OnArrival,3,5,6886,Node_48,21,0,9,21,9,,,,,,,,,
0,VISIT,68,Random,OnArrival,3,4,6886,Node_119,25,0,9,25,9,,,,,,,,,
0,VISIT,61,Random,OnArrival,3,25,6891,Node_402,-1,0,1,-1,1,,,,,,,,,
0,VISIT,62,Random,OnArrival,3,24,6891,Node_357,-2,0,4,-2,4,,,,,,,,,
0,VISIT,63,Random,OnArrival,3,24,6891,Node_357,-2,0,4,-2,4,,,,,,,,,
0,VISIT,64,Random,OnArrival,3,25,6891,Node_402,-1,0,1,-1,1,,,,,,,,,
0,VISIT,65,Random,OnArrival,3,6,6891,Node_88,22,0,9,22,9,,,,,,,,,
0,VISIT,66,Random,OnArrival,3,6,6891,Node_171,22,0,5,22,5,,,,,,,,,
0,VISIT,67,Random,OnArrival,3,6,6891,Node_88,22,0,9,22,9,,,,,,,,,
0,VISIT,68,Random,OnArrival,3,5,6891,Node_128,26,0,9,26,9,,,,,,,,,
0,VISIT,65,Random,OnArrival,3,7,6898,Node_108,23,0,9,23,9,,,,,,,,,
0,VISIT,66,Random,OnArrival,3,7,6898,Node_443,23,0,5,23,5,,,,,,,,,
0,VISIT,67,Random,OnArrival,3,7,6898,Node_108,23,0,9,23,9,,,,,,,,,
0,VISIT,68,Random,OnArrival,3,6,6898,Node_444,27,0,9,27,9,,,,,,,,,
0,VISIT,61,Random,OnArrival,3,26,6905,Node_350,-1,0,3,-1,3,,,,,,,,,
0,VISIT,62,Random,OnArrival,3,25,6905,Node_363,-2,0,6,-2,6,,,,,,,,,
0,VISIT,63,Random,OnArrival,3,25,6905,Node_363,-2,0,6,-2,6,,,,,,,,,
0,VISIT,64,Random,OnArrival,3,26,6905,Node_350,-1,0,3,-1,3,,,,,,,,,
0,VISIT,66,Random,OnArrival,3,8,6905,Node_125,24,0,5,24,5,,,,,,,,,
0,VISIT,61,Random,OnArrival,3,27,6912,Node_353,-1,0,4,-1,4,,,,,,,,,
0,VISIT,64,Random,OnArrival,3,27,6912,Node_353,-1,0,4,-1,4,,,,,,,,,
0,VISIT,65,Random,OnArrival,3,8,6912,Node_119,25,0,9,25,9,,,,,,,,,
0,VISIT,66,Random,OnArrival,3,9,6912,Node_124,25,0,5,25,5,,,,,,,,,
0,VISIT,67,Random,OnArrival,3,8,6912,Node_119,25,0,9,25,9,,,,,,,,,
0,VISIT,68,Random,OnArrival,3,7,6912,Node_469,28,0,10,28,10,,,,,,,,,
0,VISIT,61,Random,OnArrival,3,28,6919,Node_357,-2,0,4,-2,4,,,,,,,,,
0,VISIT,64,Random,OnArrival,3,28,6919,Node_357,-2,0,4,-2,4,,,,,,,,,
0,VISIT,65,Random,OnArrival,3,9,6919,Node_128,26,0,9,26,9,,,,,,,,,
0,VISIT,66,Random,OnArrival,3,10,6919,Node_138,26,0,5,26,5,,,,,,,,,
0,VISIT,67,Random,OnArrival,3,9,6919,Node_128,26,0,9,26,9,,,,,,,,,
0,VISIT,68,Random,OnArrival,3,8,6919,Node_606,28,0,9,28,9,,,,,,,,,
0,VISIT,62,Random,OnArrival,3,26,6926,Node_501,-1,0,8,-1,8,,,,,,,,,
0,VISIT,63,Random,OnArrival,3,26,6926,Node_501,-1,0,8,-1,8,,,,,,,,,
0,VISIT,65,Random,OnArrival,3,10,6926,Node_444,27,0,9,27,9,,,,,,,,,
0,VISIT,66,Random,OnArrival,3,11,6926,Node_145,27,0,5,27,5,,,,,,,,,
0,VISIT,67,Random,OnArrival,3,10,6926,Node_444,27,0,9,27,9,,,,,,,,,
0,VISIT,61,Random,OnArrival,3,29,6934,Node_363,-2,0,6,-2,6,,,,,,,,,
0,VISIT,62,Random,OnArrival,3,27,6934,Node_500,-2,0,8,-2,8,,,,,,,,,
0,VISIT,63,Random,OnArrival,3,27,6934,Node_504,-1,0,9,-1,9,,,,,,,,,
0,VISIT,64,Random,OnArrival,3,29,6934,Node_363,-2,0,6,-2,6,,,,,,,,,
0,VISIT,65,Random,OnArrival,3,11,6934,Node_606,28,0,9,28,9,,,,,,,,,
0,VISIT,66,Random,OnArrival,3,12,6934,Node_158,28,0,5,28,5,,,,,,,,,
0,VISIT,67,Random,OnArrival,3,11,6934,Node_606,28,0,9,28,9,,,,,,,,,
0,VISIT,68,Random,OnArrival,3,9,6934,Node_533,30,0,9,30,9,,,,,,,,,
0,VISIT,61,Random,OnArrival,3,30,6942,Node_607,-1,0,6,-1,6,,,,,,,,,
0,VISIT,62,Random,OnArrival,3,28,6942,Node_499,-2,0,7,-2,7,,,,,,,,,
0,VISIT,68,Random,OnArrival,3,10,6942,Node_582,31,0,9,31,9,,,,,,,,,
0,VISIT,62,Random,OnArrival,3,29,6950,Node_608,-1,0,7,-1,7,,,,,,,,,
0,VISIT,64,Random,OnArrival,3,30,6950,Node_553,-4,0,6,-4,6,,,,,,,,,
0,VISIT,65,Random,OnArrival,3,12,6950,Node_533,30,0,9,30,9,,,,,,,,,
0,VISIT,66,Random,OnArrival,3,13,6950,Node_525,30,0,5,30,5,,,,,,,,,
0,VISIT,67,Random,OnArrival,3,12,6950,Node_533,30,0,9,30,9,,,,,,,,,
0,VISIT,68,Random,OnArrival,3,11,6950,Node_533,30,0,9,30,9,,,,,,,,,
0,VISIT,62,Random,OnArrival,3,30,6958,Node_607,-1,0,6,-1,6,,,,,,,,,
0,VISIT,63,Random,OnArrival,3,28,6958,Node_507,-1,0,10,-1,10,,,,,,,,,
0,VISIT,65,Random,OnArrival,3,13,6958,Node_582,31,0,9,31,9,,,,,,,,,
0,VISIT,66,Random,OnArrival,3,14,6958,Node_527,30,0,6,30,6,,,,,,,,,
0,VISIT,67,Random,OnArrival,3,13,6958,Node_531,30,0,8,30,8,,,,,,,,,
0,VISIT,68,Random,OnArrival,3,12,6958,Node_531,30,0,8,30,8,,,,,,,,,
0,VISIT,63,Random,OnArrival,3,29,6966,Node_504,-1,0,9,-1,9,,,,,,,,,
0,VISIT,65,Random,OnArrival,3,14,6966,Node_585,31,0,10,31,10,,,,,,,,,
0,VISIT,67,Random,OnArrival,3,14,6966,Node_579,31,0,8,31,8,,,,,,,,,
0,VISIT,68,Random,OnArrival,3,13,6966,Node_579,31,0,8,31,8,,,,,,,,,
0,VISIT,61,Random,OnArrival,3,31,6973,Node_360,2,0,7,2,7,,,,,,,,,
0,VISIT,63,Random,OnArrival,3,30,6973,Node_501,-1,0,8,-1,8,,,,,,,,,
0,VISIT,64,Random,OnArrival,3,31,6973,Node_575,-5,0,8,-5,8,,,,,,,,,
0,VISIT,65,Random,OnArrival,3,15,6973,Node_534,30,0,10,30,10,,,,,,,,,
0,VISIT,66,Random,OnArrival,3,15,6973,Node_576,31,0,7,31,7,,,,,,,,,
0,VISIT,67,Random,OnArrival,3,15,6973,Node_531,30,0,8,30,8,,,,,,,,,
0,VISIT,68,Random,OnArrival,3,14,6973,Node_582,31,0,9,31,9,,,,,,,,,
0,VISIT,61,Random,OnArrival,3,32,6979,Node_362,2,0,8,2,8,,,,,,,,,
0,VISIT,62,Random,OnArrival,3,31,6979,Node_612,2,0,6,2,6,,,,,,,,,
0,VISIT,63,Random,OnArrival,3,31,6979,Node_608,-1,0,7,-1,7,,,,,,,,,
0,VISIT,64,Random,OnArrival,3,32,6979,Node_558,-4,0,8,-4,8,,,,,,,,,
0,VISIT,65,Random,OnArrival,3,16,6979,Node_533,30,0,9,30,9,,,,,,,,,
0,VISIT,66,Random,OnArrival,3,16,6979,Node_529,30,0,7,30,7,,,,,,,,,
0,VISIT,67,Random,OnArrival,3,16,6979,Node_529,30,0,7,30,7,,,,,,,,,
0,VISIT,68,Random,OnArrival,3,15,6979,Node_585,31,0,10,31,10,,,,,,,,,
0,VISIT,62,Random,OnArrival,3,32,6986,Node_352,3,0,6,3,6,,,,,,,,,
0,VISIT,63,Random,OnArrival,3,32,6986,Node_607,-1,0,6,-1,6,,,,,,,,,
0,VISIT,64,Random,OnArrival,3,33,6986,Node_561,-4,0,9,-4,9,,,,,,,,,
0,VISIT,65,Random,OnArrival,3,17,6986,Node_531,30,0,8,30,8,,,,,,,,,
0,VISIT,66,Random,OnArrival,3,17,6986,Node_576,31,0,7,31,7,,,,,,,,,
0,VISIT,67,Random,OnArrival,3,17,6986,Node_576,31,0,7,31,7,,,,,,,,,
0,VISIT,68,Random,OnArrival,3,16,6986,Node_582,31,0,9,31,9,,,,,,,,,
0,VISIT,62,Random,OnArrival,3,33,6993,Node_356,3,0,7,3,7,,,,,,,,,
0,VISIT,64,Random,OnArrival,3,34,6993,Node_574,-5,0,9,-5,9,,,,,,,,,
0,VISIT,65,Random,OnArrival,3,18,6993,Node_529,30,0,7,30,7,,,,,,,,,
0,VISIT,66,Random,OnArrival,3,18,6993,Node_573,32,0,7,32,7,,,,,,,,,
0,VISIT,67,Random,OnArrival,3,18,6993,Node_573,32,0,7,32,7,,,,,,,,,
0,VISIT,68,Random,OnArrival,3,17,6993,Node_579,31,0,8,31,8,,,,,,,,,
0,VISIT,62,Random,OnArrival,3,34,7000,Node_360,2,0,7,2,7,,,,,,,,,
0,VISIT,64,Random,OnArrival,3,35,7000,Node_572,-5,0,10,-5,10,,,,,,,,,
0,VISIT,65,Random,OnArrival,3,19,7000,Node_527,30,0,6,30,6,,,,,,,,,
0,VISIT,66,Random,OnArrival,3,19,7000,Node_605,33,0,7,33,7,,,,,,,,,
0,VISIT,67,Random,OnArrival,3,19,7000,Node_605,33,0,7,33,7,,,,,,,,,
0,VISIT,68,Random,OnArrival,3,18,7000,Node_576,31,0,7,31,7,,,,,,,,,
0,VISIT,61,Random,OnArrival,3,33,7007,Node_320,1,0,11,1,11,,,,,,,,,
0,VISIT,62,Random,OnArrival,3,35,7007,Node_362,2,0,8,2,8,,,,,,,,,
0,VISIT,63,Random,OnArrival,3,33,7007,Node_612,2,0,6,2,6,,,,,,,,,
0,VISIT,65,Random,OnArrival,3,20,7007,Node_614,31,0,6,31,6,,,,,,,,,
0,VISIT,68,Random,OnArrival,3,19,7007,Node_614,31,0,6,31,6,,,,,,,,,
0,VISIT,61,Random,OnArrival,3,34,7014,Node_369,2,0,11,2,11,,,,,,,,,
0,VISIT,62,Random,OnArrival,3,36,7014,Node_365,2,0,9,2,9,,,,,,,,,
0,VISIT,63,Random,OnArrival,3,34,7014,Node_360,2,0,7,2,7,,,,,,,,,
0,VISIT,65,Random,OnArrival,3,21,7014,Node_571,32,0,6,32,6,,,,,,,,,
0,VISIT,66,Random,OnArrival,3,20,7014,Node_603,34,0,8,34,8,,,,,,,,,
0,VISIT,67,Random,OnArrival,3,20,7014,Node_603,34,0,8,34,8,,,,,,,,,
0,VISIT,68,Random,OnArrival,3,20,7014,Node_571,32,0,6,32,6,,,,,,,,,
0,VISIT,62,Random,OnArrival,3,37,7021,Node_616,1,0,9,1,9,,,,,,,,,
0,VISIT,63,Random,OnArrival,3,35,7021,Node_362,2,0,8,2,8,,,,,,,,,
0,VISIT,62,Random,OnArrival,3,38,7028,Node_609,0,0,9,0,9,,,,,,,,,
0,VISIT,63,Random,OnArrival,3,36,7028,Node_615,1,0,8,1,8,,,,,,,,,
0,VISIT,65,Random,OnArrival,3,22,7028,Node_605,33,0,7,33,7,,,,,,,,,
0,VISIT,68,Random,OnArrival,3,21,7028,Node_605,33,0,7,33,7,,,,,,,,,
0,VISIT,62,Random,OnArrival,3,39,7035,Node_610,0,0,10,0,10,,,,,,,,,
0,VISIT,63,Random,OnArrival,3,37,7035,Node_362,2,0,8,2,8,,,,,,,,,
0,VISIT,65,Random,OnArrival,3,23,7035,Node_573,32,0,7,32,7,,,,,,,,,
0,VISIT,68,Random,OnArrival,3,22,7035,Node_604,34,0,7,34,7,,,,,,,,,
0,VISIT,69,Random,OnArrival,3,0,7040,Node_6,19,0,12,19,12,,,,,,,,,
0,VISIT,70,Random,OnArrival,3,0,7040,Node_7,19,0,8,19,8,,,,,,,,,
0,VISIT,71,Random,OnArrival,3,0,7040,Node_8,17,0,10,17,10,,,,,,,,,
0,VISIT,72,Random,OnArrival,3,0,7040,Node_9,21,0,10,21,10,,,,,,,,,
0,VISIT,61,Random,OnArrival,3,35,7042,Node_365,2,0,9,2,9,,,,,,,,,
0,VISIT,62,Random,OnArrival,3,40,7042,Node_617,1,0,10,1,10,,,,,,,,,
0,VISIT,63,Random,OnArrival,3,38,7042,Node_365,2,0,9,2,9,,,,,,,,,
0,VISIT,65,Random,OnArrival,3,24,7042,Node_571,32,0,6,32,6,,,,,,,,,
0,VISIT,69,Random,OnArrival,3,1,7044,Node_2,19,0,11,19,11,,,,,,,,,
0,VISIT,70,Random,OnArrival,3,1,7044,Node_3,19,0,9,19,9,,,,,,,,,
0,VISIT,71,Random,OnArrival,3,1,7044,Node_4,18,0,10,18,10,,,,,,,,,
0,VISIT,72,Random,OnArrival,3,1,7044,Node_48,21,0,9,21,9,,,,,,,,,
0,VISIT,61,Random,OnArrival,3,36,7048,Node_367,2,0,10,2,10,,,,,,,,,
0,VISIT,62,Random,OnArrival,3,41,7048,Node_367,2,0,10,2,10,,,,,,,,,
0,VISIT,63,Random,OnArrival,3,39,7048,Node_628,3,0,9,3,9,,,,,,,,,
0,VISIT,65,Random,OnArrival,3,25,7048,Node_569,32,0,5,32,5,,,,,,,,,
0,VISIT,66,Random,OnArrival,3,21,7048,Node_600,34,0,11,34,11,,,,,,,,,
0,VISIT,67,Random,OnArrival,3,21,7048,Node_600,34,0,11,34,11,,,,,,,,,
0,VISIT,68,Random,OnArrival,3,23,7048,Node_624,35,0,8,35,8,,,,,,,,,
0,VISIT,69,Random,OnArrival,3,2,7049,Node_20,19,0,10,19,10,,,,,,,,,
0,VISIT,70,Random,OnArrival,3,2,7049,Node_50,20,0,9,20,9,,,,,,,,,
0,VISIT,71,Random,OnArrival,3,2,7049,Node_15,18,0,9,18,9,,,,,,,,,
0,VISIT,72,Random,OnArrival,3,2,7049,Node_88,22,0,9,22,9,,,,,,,,,
0,VISIT,61,Random,OnArrival,3,37,7053,Node_617,1,0,10,1,10,,,,,,,,,
0,VISIT,62,Random,OnArrival,3,42,7053,Node_625,3,0,10,3,10,,,,,,,,,
0,VISIT,63,Random,OnArrival,3,40,7053,Node_625,3,0,10,3,10,,,,,,,,,
0,VISIT,66,Random,OnArrival,3,22,7053,Node_601,34,0,10,34,10,,,,,,,,,
0,VISIT,67,Random,OnArrival,3,22,7053,Node_632,35,0,11,35,11,,,,,,,,,
0,VISIT,68,Random,OnArrival,3,24,7053,Node_603,34,0,8,34,8,,,,,,,,,
0,VISIT,69,Random,OnArrival,3,3,7054,Node_5,20,0,10,20,10,,,,,,,,,
0,VISIT,70,Random,OnArrival,3,3,7054,Node_48,21,0,9,21,9,,,,,,,,,
0,VISIT,71,Random,OnArrival,3,3,7054,Node_3,19,0,9,19,9,,,,,,,,,
0,VISIT,72,Random,OnArrival,3,3,7054,Node_108,23,0,9,23,9,,,,,,,,,
0,VISIT,61,Random,OnArrival,3,38,7058,Node_320,1,0,11,1,11,,,,,,,,,
0,VISIT,65,Random,OnArrival,3,26,7058,Node_623,33,0,6,33,6,,,,,,,,,
0,VISIT,66,Random,OnArrival,3,23,7058,Node_630,35,0,10,35,10,,,,,,,,,
0,VISIT,67,Random,OnArrival,3,23,7058,Node_630,35,0,10,35,10,,,,,,,,,
0,VISIT,68,Random,OnArrival,3,25,7058,Node_602,34,0,9,34,9,,,,,,,,,
0,VISIT,69,Random,OnArrival,3,4,7059,Node_9,21,0,10,21,10,,,,,,,,,
0,VISIT,70,Random,OnArrival,3,4,7059,Node_88,22,0,9,22,9,,,,,,,,,
0,VISIT,71,Random,OnArrival,3,4,7059,Node_50,20,0,9,20,9,,,,,,,,,
0,VISIT,61,Random,OnArrival,3,39,7064,Node_318,1,0,12,1,12,,,,,,,,,
0,VISIT,62,Random,OnArrival,3,43,7064,Node_299,5,0,10,5,10,,,,,,,,,
0,VISIT,63,Random,OnArrival,3,41,7064,Node_299,5,0,10,5,10,,,,,,,,,
0,VISIT,65,Random,OnArrival,3,27,7064,Node_571,32,0,6,32,6,,,,,,,,,
0,VISIT,68,Random,OnArrival,3,26,7064,Node_627,35,0,9,35,9,,,,,,,,,
0,VISIT,69,Random,OnArrival,3,5,7065,Node_48,21,0,9,21,9,,,,,,,,,
0,VISIT,70,Random,OnArrival,3,5,7065,Node_108,23,0,9,23,9,,,,,,,,,
0,VISIT,71,Random,OnArrival,3,5,7065,Node_48,21,0,9,21,9,,,,,,,,,
0,VISIT,72,Random,OnArrival,3,4,7065,Node_119,25,0,9,25,9,,,,,,,,,
0,VISIT,61,Random,OnArrival,3,40,7070,Node_370,2,0,12,2,12,,,,,,,,,
0,VISIT,62,Random,OnArrival,3,44,7070,Node_294,6,0,10,6,10,,,,,,,,,
0,VISIT,63,Random,OnArrival,3,42,7070,Node_294,6,0,10,6,10,,,,,,,,,
0,VISIT,65,Random,OnArrival,3,28,7070,Node_569,32,0,5,32,5,,,,,,,,,
0,VISIT,69,Random,OnArrival,3,6,7071,Node_88,22,0,9,22,9,,,,,,,,,
0,VISIT,71,Random,OnArrival,3,6,7071,Node_88,22,0,9,22,9,,,,,,,,,
0,VISIT,72,Random,OnArrival,3,5,7071,Node_128,26,0,9,26,9,,,,,,,,,
0,VISIT,61,Random,OnArrival,3,41,7076,Node_371,2,0,13,2,13,,,,,,,,,
0,VISIT,62,Random,OnArrival,3,45,7076,Node_299,5,0,10,5,10,,,,,,,,,
0,VISIT,63,Random,OnArrival,3,43,7076,Node_299,5,0,10,5,10,,,,,,,,,
0,VISIT,65,Random,OnArrival,3,29,7076,Node_566,32,0,4,32,4,,,,,,,,,
0,VISIT,66,Random,OnArrival,3,24,7076,Node_627,35,0,9,35,9,,,,,,,,,
0,VISIT,67,Random,OnArrival,3,24,7076,Node_627,35,0,9,35,9,,,,,,,,,
0,VISIT,69,Random,OnArrival,3,7,7077,Node_108,23,0,9,23,9,,,,,,,,,
0,VISIT,70,Random,OnArrival,3,6,7077,Node_119,25,0,9,25,9,,,,,,,,,
0,VISIT,71,Random,OnArrival,3,7,7077,Node_108,23,0,9,23,9,,,,,,,,,
0,VISIT,72,Random,OnArrival,3,6,7077,Node_444,27,0,9,27,9,,,,,,,,,
0,VISIT,66,Random,OnArrival,3,25,7082,Node_638,36,0,9,36,9,,,,,,,,,
0,VISIT,67,Random,OnArrival,3,25,7082,Node_638,36,0,9,36,9,,,,,,,,,
0,VISIT,70,Random,OnArrival,3,7,7083,Node_128,26,0,9,26,9,,,,,,,,,
0,VISIT,72,Random,OnArrival,3,7,7083,Node_606,28,0,9,28,9,,,,,,,,,
0,VISIT,62,Random,OnArrival,3,46,7089,Node_300,5,0,12,5,12,,,,,,,,,
0,VISIT,63,Random,OnArrival,3,44,7089,Node_300,5,0,12,5,12,,,,,,,,,
0,VISIT,65,Random,OnArrival,3,30,7089,Node_636,33,0,5,33,5,,,,,,,,,
0,VISIT,66,Random,OnArrival,3,26,7089,Node_637,36,0,10,36,10,,,,,,,,,
0,VISIT,67,Random,OnArrival,3,26,7089,Node_637,36,0,10,36,10,,,,,,,,,
0,VISIT,69,Random,OnArrival,3,8,7090,Node_119,25,0,9,25,9,,,,,,,,,
0,VISIT,70,Random,OnArrival,3,8,7090,Node_444,27,0,9,27,9,,,,,,,,,
0,VISIT,71,Random,OnArrival,3,8,7090,Node_119,25,0,9,25,9,,,,,,,,,
0,VISIT,72,Random,OnArrival,3,8,7090,Node_469,28,0,10,28,10,,,,,,,,,
0,VISIT,65,Random,OnArrival,3,31,7096,Node_569,32,0,5,32,5,,,,,,,,,
0,VISIT,66,Random,OnArrival,3,27,7096,Node_642,37,0,10,37,10,,,,,,,,,
0,VISIT,67,Random,OnArrival,3,27,7096,Node_642,37,0,10,37,10,,,,,,,,,
0,VISIT,69,Random,OnArrival,3,9,7097,Node_128,26,0,9,26,9,,,,,,,,,
0,VISIT,70,Random,OnArrival,3,9,7097,Node_606,28,0,9,28,9,,,,,,,,,
0,VISIT,71,Random,OnArrival,3,9,7097,Node_128,26,0,9,26,9,,,,,,,,,
0,VISIT,72,Random,OnArrival,3,9,7097,Node_464,28,0,11,28,11,,,,,,,,,
0,VISIT,65,Random,OnArrival,3,32,7103,Node_566,32,0,4,32,4,,,,,,,,,
0,VISIT,66,Random,OnArrival,3,28,7103,Node_644,37,0,11,37,11,,,,,,,,,
0,VISIT,67,Random,OnArrival,3,28,7103,Node_644,37,0,11,37,11,,,,,,,,,
0,VISIT,69,Random,OnArrival,3,10,7104,Node_444,27,0,9,27,9,,,,,,,,,
0,VISIT,70,Random,OnArrival,3,10,7104,Node_469,28,0,10,28,10,,,,,,,,,
0,VISIT,71,Random,OnArrival,3,10,7104,Node_444,27,0,9,27,9,,,,,,,,,
0,VISIT,72,Random,OnArrival,3,10,7104,Node_451,28,0,12,28,12,,,,,,,,,
0,VISIT,65,Random,OnArrival,3,33,7110,Node_562,32,0,3,32,3,,,,,,,,,
0,VISIT,69,Random,OnArrival,3,11,7111,Node_606,28,0,9,28,9,,,,,,,,,
0,VISIT,70,Random,OnArrival,3,11,7111,Node_464,28,0,11,28,11,,,,,,,,,
0,VISIT,71,Random,OnArrival,3,11,7111,Node_606,28,0,9,28,9,,,,,,,,,
0,VISIT,72,Random,OnArrival,3,11,7111,Node_453,28,0,13,28,13,,,,,,,,,
0,VISIT,62,Random,OnArrival,3,47,7117,Node_302,5,0,14,5,14,,,,,,,,,
0,VISIT,63,Random,OnArrival,3,45,7117,Node_302,5,0,14,5,14,,,,,,,,,
0,VISIT,69,Random,OnArrival,3,12,7118,Node_469,28,0,10,28,10,,,,,,,,,
0,VISIT,70,Random,OnArrival,3,12,7118,Node_451,28,0,12,28,12,,,,,,,,,
0,VISIT,71,Random,OnArrival,3,12,7118,Node_469,28,0,10,28,10,,,,,,,,,
0,VISIT,62,Random,OnArrival,3,48,7124,Node_645,4,0,14,4,14,,,,,,,,,
0,VISIT,63,Random,OnArrival,3,46,7124,Node_645,4,0,14,4,14,,,,,,,,,
0,VISIT,65,Random,OnArrival,3,34,7124,Node_641,33,0,4,33,4,,,,,,,,,
0,VISIT,69,Random,OnArrival,3,13,7125,Node_464,28,0,11,28,11,,,,,,,,,
0,VISIT,70,Random,OnArrival,3,13,7125,Node_453,28,0,13,28,13,,,,,,,,,
0,VISIT,71,Random,OnArrival,3,13,7125,Node_464,28,0,11,28,11,,,,,,,,,
0,VISIT,72,Random,OnArrival,3,12,7125,Node_596,30,0,13,30,13,,,,,,,,,
0,VISIT,62,Random,OnArrival,3,49,7131,Node_303,4,0,15,4,15,,,,,,,,,
0,VISIT,63,Random,OnArrival,3,47,7131,Node_303,4,0,15,4,15,,,,,,,,,
0,VISIT,67,Random,OnArrival,3,29,7131,Node_655,38,0,14,38,14,,,,,,,,,
0,VISIT,68,Random,OnArrival,3,27,7131,Node_649,37,0,13,37,13,,,,,,,,,
0,VISIT,69,Random,OnArrival,3,14,7132,Node_451,28,0,12,28,12,,,,,,,,,
0,VISIT,71,Random,OnArrival,3,14,7132,Node_451,28,0,12,28,12,,,,,,,,,
0,VISIT,62,Random,OnArrival,3,50,7138,Node_304,4,0,16,4,16,,,,,,,,,
0,VISIT,63,Random,OnArrival,3,48,7138,Node_282,5,0,15,5,15,,,,,,,,,
0,VISIT,69,Random,OnArrival,3,15,7139,Node_453,28,0,13,28,13,,,,,,,,,
0,VISIT,70,Random,OnArrival,3,14,7139,Node_596,30,0,13,30,13,,,,,,,,,
0,VISIT,71,Random,OnArrival,3,15,7139,Node_453,28,0,13,28,13,,,,,,,,,
0,VISIT,72,Random,OnArrival,3,13,7139,Node_453,28,0,13,28,13,,,,,,,,,
0,VISIT,62,Random,OnArrival,3,51,7145,Node_280,5,0,16,5,16,,,,,,,,,
0,VISIT,63,Random,OnArrival,3,49,7145,Node_302,5,0,14,5,14,,,,,,,,,
0,VISIT,69,Random,OnArrival,3,16,7146,Node_223,27,0,13,27,13,,,,,,,,,
0,VISIT,70,Random,OnArrival,3,15,7146,Node_540,31,0,13,31,13,,,,,,,,,
0,VISIT,71,Random,OnArrival,3,16,7146,Node_223,27,0,13,27,13,,,,,,,,,
0,VISIT,72,Random,OnArrival,3,14,7146,Node_223,27,0,13,27,13,,,,,,,,,
0,VISIT,63,Random,OnArrival,3,50,7152,Node_301,5,0,13,5,13,,,,,,,,,
0,VISIT,67,Random,OnArrival,3,30,7152,Node_656,38,0,13,38,13,,,,,,,,,
0,VISIT,70,Random,OnArrival,3,16,7153,Node_541,31,0,14,31,14,,,,,,,,,
0,VISIT,63,Random,OnArrival,3,51,7159,Node_648,6,0,13,6,13,,,,,,,,,
0,VISIT,67,Random,OnArrival,3,31,7159,Node_654,38,0,12,38,12,,,,,,,,,
0,VISIT,69,Random,OnArrival,3,17,7161,Node_226,27,0,15,27,15,,,,,,,,,
0,VISIT,70,Random,OnArrival,3,17,7161,Node_542,31,0,15,31,15,,,,,,,,,
0,VISIT,71,Random,OnArrival,3,17,7161,Node_226,27,0,15,27,15,,,,,,,,,
0,VISIT,72,Random,OnArrival,3,15,7161,Node_226,27,0,15,27,15,,,,,,,,,
0,VISIT,62,Random,OnArrival,3,52,7166,Node_261,6,0,18,6,18,,,,,,,,,
0,VISIT,63,Random,OnArrival,3,52,7166,Node_650,6,0,14,6,14,,,,,,,,,
0,VISIT,67,Random,OnArrival,3,32,7166,Node_647,37,0,12,37,12,,,,,,,,,
0,VISIT,69,Random,OnArrival,3,18,7168,Node_228,27,0,16,27,16,,,,,,,,,
0,VISIT,71,Random,OnArrival,3,18,7168,Node_481,28,0,15,28,15,,,,,,,,,
0,VISIT,72,Random,OnArrival,3,16,7168,Node_228,27,0,16,27,16,,,,,,,,,
0,VISIT,62,Random,OnArrival,3,53,7173,Node_276,5,0,18,5,18,,,,,,,,,
0,VISIT,63,Random,OnArrival,3,53,7173,Node_302,5,0,14,5,14,,,,,,,,,
0,VISIT,67,Random,OnArrival,3,33,7173,Node_644,37,0,11,37,11,,,,,,,,,
0,VISIT,69,Random,OnArrival,3,19,7175,Node_483,28,0,16,28,16,,,,,,,,,
0,VISIT,71,Random,OnArrival,3,19,7175,Node_483,28,0,16,28,16,,,,,,,,,
0,VISIT,72,Random,OnArrival,3,17,7175,Node_483,28,0,16,28,16,,,,,,,,,
0,VISIT,62,Random,OnArrival,3,54,7180,Node_273,5,0,19,5,19,,,,,,,,,
0,VISIT,63,Random,OnArrival,3,54,7180,Node_282,5,0,15,5,15,,,,,,,,,
0,VISIT,67,Random,OnArrival,3,34,7180,Node_642,37,0,10,37,10,,,,,,,,,
0,VISIT,62,Random,OnArrival,3,55,7187,Node_264,6,0,19,6,19,,,,,,,,,
0,VISIT,63,Random,OnArrival,3,55,7187,Node_280,5,0,16,5,16,,,,,,,,,
0,VISIT,67,Random,OnArrival,3,35,7187,Node_639,37,0,9,37,9,,,,,,,,,
0,VISIT,70,Random,OnArrival,3,18,7189,Node_547,32,0,18,32,18,,,,,,,,,
0,VISIT,62,Random,OnArrival,3,56,7194,Node_245,7,0,19,7,19,,,,,,,,,
0,VISIT,63,Random,OnArrival,3,56,7194,Node_278,5,0,17,5,17,,,,,,,,,
0,VISIT,69,Random,OnArrival,3,20,7196,Node_486,28,0,17,28,17,,,,,,,,,
0,VISIT,71,Random,OnArrival,3,20,7196,Node_486,28,0,17,28,17,,,,,,,,,
0,VISIT,72,Random,OnArrival,3,18,7196,Node_486,28,0,17,28,17,,,,,,,,,
0,VISIT,63,Random,OnArrival,3,57,7201,Node_305,4,0,17,4,17,,,,,,,,,
0,VISIT,62,Random,OnArrival,3,57,7208,Node_267,6,0,20,6,20,,,,,,,,,
0,VISIT,63,Random,OnArrival,3,58,7208,Node_306,3,0,17,3,17,,,,,,,,,
0,VISIT,62,Random,OnArrival,3,58,7215,Node_264,6,0,19,6,19,,,,,,,,,
0,VISIT,63,Random,OnArrival,3,59,7215,Node_311,2,0,17,2,17,,,,,,,,,
0,VISIT,73,Random,OnArrival,3,0,7220,Node_6,19,0,12,19,12,,,,,,,,,
0,VISIT,74,Random,OnArrival,3,0,7220,Node_7,19,0,8,19,8,,,,,,,,,
0,VISIT,75,Random,OnArrival,3,0,7220,Node_8,17,0,10,17,10,,,,,,,,,
0,VISIT,76,Random,OnArrival,3,0,7220,Node_9,21,0,10,21,10,,,,,,,,,
0,VISIT,62,Random,OnArrival,3,59,7222,Node_261,6,0,18,6,18,,,,,,,,,
0,VISIT,63,Random,OnArrival,3,60,7222,Node_313,1,0,17,1,17,,,,,,,,,
0,VISIT,73,Random,OnArrival,3,1,7224,Node_2,19,0,11,19,11,,,,,,,,,
0,VISIT,74,Random,OnArrival,3,1,7224,Node_3,19,0,9,19,9,,,,,,,,,
0,VISIT,75,Random,OnArrival,3,1,7224,Node_4,18,0,10,18,10,,,,,,,,,
0,VISIT,76,Random,OnArrival,3,1,7224,Node_13,21,0,11,21,11,,,,,,,,,
0,VISIT,62,Random,OnArrival,3,60,7228,Node_665,6,0,17,6,17,,,,,,,,,
0,VISIT,73,Random,OnArrival,3,2,7228,Node_55,20,0,11,20,11,,,,,,,,,
0,VISIT,74,Random,OnArrival,3,2,7228,Node_50,20,0,9,20,9,,,,,,,,,
0,VISIT,75,Random,OnArrival,3,2,7228,Node_14,18,0,11,18,11,,,,,,,,,
0,VISIT,76,Random,OnArrival,3,2,7228,Node_87,22,0,11,22,11,,,,,,,,,
0,VISIT,62,Random,OnArrival,3,61,7232,Node_278,5,0,17,5,17,,,,,,,,,
0,VISIT,73,Random,OnArrival,3,3,7232,Node_13,21,0,11,21,11,,,,,,,,,
0,VISIT,74,Random,OnArrival,3,3,7232,Node_48,21,0,9,21,9,,,,,,,,,
0,VISIT,75,Random,OnArrival,3,3,7232,Node_2,19,0,11,19,11,,,,,,,,,
0,VISIT,76,Random,OnArrival,3,3,7232,Node_93,23,0,11,23,11,,,,,,,,,
0,VISIT,62,Random,OnArrival,3,62,7236,Node_276,5,0,18,5,18,,,,,,,,,
0,VISIT,73,Random,OnArrival,3,4,7236,Node_87,22,0,11,22,11,,,,,,,,,
0,VISIT,74,Random,OnArrival,3,4,7236,Node_88,22,0,9,22,9,,,,,,,,,
0,VISIT,75,Random,OnArrival,3,4,7236,Node_55,20,0,11,20,11,,,,,,,,,
0,VISIT,76,Random,OnArrival,3,4,7236,Node_96,23,0,12,23,12,,,,,,,,,
0,VISIT,62,Random,OnArrival,3,63,7241,Node_273,5,0,19,5,19,,,,,,,,,
0,VISIT,73,Random,OnArrival,3,5,7241,Node_93,23,0,11,23,11,,,,,,,,,
0,VISIT,74,Random,OnArrival,3,5,7241,Node_108,23,0,9,23,9,,,,,,,,,
0,VISIT,75,Random,OnArrival,3,5,7241,Node_13,21,0,11,21,11,,,,,,,,,
0,VISIT,76,Random,OnArrival,3,5,7241,Node_99,24,0,12,24,12,,,,,,,,,
0,VISIT,62,Random,OnArrival,3,64,7246,Node_270,5,0,20,5,20,,,,,,,,,
0,VISIT,73,Random,OnArrival,3,6,7246,Node_96,23,0,12,23,12,,,,,,,,,
0,VISIT,75,Random,OnArrival,3,6,7246,Node_87,22,0,11,22,11,,,,,,,,,
0,VISIT,76,Random,OnArrival,3,6,7246,Node_103,24,0,13,24,13,,,,,,,,,
0,VISIT,73,Random,OnArrival,3,7,7252,Node_99,24,0,12,24,12,,,,,,,,,
0,VISIT,74,Random,OnArrival,3,6,7252,Node_119,25,0,9,25,9,,,,,,,,,
0,VISIT,75,Random,OnArrival,3,7,7252,Node_93,23,0,11,23,11,,,,,,,,,
0,VISIT,76,Random,OnArrival,3,7,7252,Node_106,24,0,14,24,14,,,,,,,,,
0,VISIT,73,Random,OnArrival,3,8,7258,Node_103,24,0,13,24,13,,,,,,,,,
0,VISIT,74,Random,OnArrival,3,7,7258,Node_128,26,0,9,26,9,,,,,,,,,
0,VISIT,75,Random,OnArrival,3,8,7258,Node_96,23,0,12,23,12,,,,,,,,,
0,VISIT,76,Random,OnArrival,3,8,7258,Node_178,25,0,14,25,14,,,,,,,,,
0,VISIT,73,Random,OnArrival,3,9,7264,Node_106,24,0,14,24,14,,,,,,,,,
0,VISIT,74,Random,OnArrival,3,8,7264,Node_444,27,0,9,27,9,,,,,,,,,
0,VISIT,75,Random,OnArrival,3,9,7264,Node_99,24,0,12,24,12,,,,,,,,,
0,VISIT,76,Random,OnArrival,3,9,7264,Node_180,25,0,15,25,15,,,,,,,,,
0,VISIT,73,Random,OnArrival,3,10,7270,Node_178,25,0,14,25,14,,,,,,,,,
0,VISIT,74,Random,OnArrival,3,9,7270,Node_446,27,0,10,27,10,,,,,,,,,
0,VISIT,75,Random,OnArrival,3,10,7270,Node_103,24,0,13,24,13,,,,,,,,,
0,VISIT,76,Random,OnArrival,3,10,7270,Node_110,24,0,15,24,15,,,,,,,,,
0,VISIT,71,Random,OnArrival,3,21,7277,Node_297,24,0,25,24,25,,,,,,,,,
0,VISIT,72,Random,OnArrival,3,19,7277,Node_297,24,0,25,24,25,,,,,,,,,
0,VISIT,73,Random,OnArrival,3,11,7277,Node_180,25,0,15,25,15,,,,,,,,,
0,VISIT,74,Random,OnArrival,3,10,7277,Node_448,27,0,11,27,11,,,,,,,,,
0,VISIT,75,Random,OnArrival,3,11,7277,Node_106,24,0,14,24,14,,,,,,,,,
0,VISIT,76,Random,OnArrival,3,11,7277,Node_286,23,0,15,23,15,,,,,,,,,
0,VISIT,73,Random,OnArrival,3,12,7284,Node_183,25,0,16,25,16,,,,,,,,,
0,VISIT,74,Random,OnArrival,3,11,7284,Node_219,27,0,12,27,12,,,,,,,,,
0,VISIT,75,Random,OnArrival,3,12,7284,Node_110,24,0,15,24,15,,,,,,,,,
0,VISIT,76,Random,OnArrival,3,12,7284,Node_110,24,0,15,24,15,,,,,,,,,
0,VISIT,73,Random,OnArrival,3,13,7291,Node_113,24,0,16,24,16,,,,,,,,,
0,VISIT,74,Random,OnArrival,3,12,7291,Node_223,27,0,13,27,13,,,,,,,,,
0,VISIT,75,Random,OnArrival,3,13,7291,Node_113,24,0,16,24,16,,,,,,,,,
0,VISIT,76,Random,OnArrival,3,13,7291,Node_180,25,0,15,25,15,,,,,,,,,
0,VISIT,73,Random,OnArrival,3,14,7298,Node_287,23,0,16,23,16,,,,,,,,,
0,VISIT,75,Random,OnArrival,3,14,7298,Node_287,23,0,16,23,16,,,,,,,,,
0,VISIT,76,Random,OnArrival,3,14,7298,Node_183,25,0,16,25,16,,,,,,,,,
0,VISIT,73,Random,OnArrival,3,15,7305,Node_60,22,0,16,22,16,,,,,,,,,
0,VISIT,74,Random,OnArrival,3,13,7305,Node_226,27,0,15,27,15,,,,,,,,,
0,VISIT,75,Random,OnArrival,3,15,7305,Node_60,22,0,16,22,16,,,,,,,,,
0,VISIT,76,Random,OnArrival,3,15,7305,Node_186,25,0,17,25,17,,,,,,,,,
0,VISIT,73,Random,OnArrival,3,16,7312,Node_287,23,0,16,23,16,,,,,,,,,
0,VISIT,74,Random,OnArrival,3,14,7312,Node_228,27,0,16,27,16,,,,,,,,,
0,VISIT,75,Random,OnArrival,3,16,7312,Node_27,21,0,16,21,16,,,,,,,,,
0,VISIT,76,Random,OnArrival,3,16,7312,Node_116,24,0,17,24,17,,,,,,,,,
0,VISIT,73,Random,OnArrival,3,17,7319,Node_288,23,0,17,23,17,,,,,,,,,
0,VISIT,74,Random,OnArrival,3,15,7319,Node_230,27,0,17,27,17,,,,,,,,,
0,VISIT,76,Random,OnArrival,3,17,7319,Node_289,24,0,18,24,18,,,,,,,,,
0,VISIT,73,Random,OnArrival,3,18,7326,Node_116,24,0,17,24,17,,,,,,,,,
0,VISIT,75,Random,OnArrival,3,17,7326,Node_30,21,0,18,21,18,,,,,,,,,
0,VISIT,76,Random,OnArrival,3,18,7326,Node_189,25,0,18,25,18,,,,,,,,,
0,VISIT,73,Random,OnArrival,3,19,7333,Node_289,24,0,18,24,18,,,,,,,,,
0,VISIT,75,Random,OnArrival,3,18,7333,Node_255,20,0,18,20,18,,,,,,,,,
0,VISIT,73,Random,OnArrival,3,20,7340,Node_290,24,0,19,24,19,,,,,,,,,
0,VISIT,74,Random,OnArrival,3,16,7340,Node_189,25,0,18,25,18,,,,,,,,,
0,VISIT,76,Random,OnArrival,3,19,7340,Node_232,27,0,18,27,18,,,,,,,,,
0,VISIT,72,Random,OnArrival,3,20,7347,Node_251,18,0,21,18,21,,,,,,,,,
0,VISIT,73,Random,OnArrival,3,21,7347,Node_192,25,0,19,25,19,,,,,,,,,
0,VISIT,74,Random,OnArrival,3,17,7347,Node_289,24,0,18,24,18,,,,,,,,,
0,VISIT,75,Random,OnArrival,3,19,7347,Node_248,18,0,18,18,18,,,,,,,,,
0,VISIT,76,Random,OnArrival,3,20,7347,Node_677,28,0,18,28,18,,,,,,,,,
0,VISIT,72,Random,OnArrival,3,21,7354,Node_214,17,0,21,17,21,,,,,,,,,
0,VISIT,73,Random,OnArrival,3,22,7354,Node_189,25,0,18,25,18,,,,,,,,,
0,VISIT,74,Random,OnArrival,3,18,7354,Node_290,24,0,19,24,19,,,,,,,,,
0,VISIT,75,Random,OnArrival,3,20,7354,Node_249,18,0,19,18,19,,,,,,,,,
0,VISIT,76,Random,OnArrival,3,21,7354,Node_680,28,0,19,28,19,,,,,,,,,
0,VISIT,72,Random,OnArrival,3,22,7361,Node_217,16,0,21,16,21,,,,,,,,,
0,VISIT,73,Random,OnArrival,3,23,7361,Node_716,26,0,18,26,18,,,,,,,,,
0,VISIT,74,Random,OnArrival,3,19,7361,Node_291,24,0,20,24,20,,,,,,,,,
0,VISIT,75,Random,OnArrival,3,21,7361,Node_212,17,0,19,17,19,,,,,,,,,
0,VISIT,76,Random,OnArrival,3,22,7361,Node_234,27,0,19,27,19,,,,,,,,,
0,VISIT,72,Random,OnArrival,3,23,7368,Node_271,15,0,21,15,21,,,,,,,,,
0,VISIT,73,Random,OnArrival,3,24,7368,Node_714,26,0,17,26,17,,,,,,,,,
0,VISIT,74,Random,OnArrival,3,20,7368,Node_195,25,0,20,25,20,,,,,,,,,
0,VISIT,75,Random,OnArrival,3,22,7368,Node_213,17,0,20,17,20,,,,,,,,,
0,VISIT,72,Random,OnArrival,3,24,7374,Node_285,14,0,21,14,21,,,,,,,,,
0,VISIT,73,Random,OnArrival,3,25,7374,Node_186,25,0,17,25,17,,,,,,,,,
0,VISIT,74,Random,OnArrival,3,21,7374,Node_291,24,0,20,24,20,,,,,,,,,
0,VISIT,75,Random,OnArrival,3,23,7374,Node_221,16,0,20,16,20,,,,,,,,,
0,VISIT,76,Random,OnArrival,3,23,7374,Node_690,27,0,21,27,21,,,,,,,,,
0,VISIT,72,Random,OnArrival,3,25,7381,Node_271,15,0,21,15,21,,,,,,,,,
0,VISIT,73,Random,OnArrival,3,26,7381,Node_714,26,0,17,26,17,,,,,,,,,
0,VISIT,75,Random,OnArrival,3,24,7381,Node_274,15,0,20,15,20,,,,,,,,,
0,VISIT,76,Random,OnArrival,3,24,7381,Node_686,28,0,21,28,21,,,,,,,,,
0,VISIT,72,Random,OnArrival,3,26,7388,Node_268,15,0,22,15,22,,,,,,,,,
0,VISIT,73,Random,OnArrival,3,27,7388,Node_230,27,0,17,27,17,,,,,,,,,
0,VISIT,74,Random,OnArrival,3,22,7388,Node_292,24,0,22,24,22,,,,,,,,,
0,VISIT,75,Random,OnArrival,3,25,7388,Node_271,15,0,21,15,21,,,,,,,,,
0,VISIT,77,Random,OnArrival,3,0,7388,Node_6,19,0,12,19,12,,,,,,,,,
0,VISIT,78,Random,OnArrival,3,0,7388,Node_7,19,0,8,19,8,,,,,,,,,
0,VISIT,79,Random,OnArrival,3,0,7388,Node_8,17,0,10,17,10,,,,,,,,,
0,VISIT,80,Random,OnArrival,3,0,7388,Node_9,21,0,10,21,10,,,,,,,,,
0,VISIT,72,Random,OnArrival,3,27,7392,Node_308,14,0,22,14,22,,,,,,,,,
0,VISIT,73,Random,OnArrival,3,28,7392,Node_486,28,0,17,28,17,,,,,,,,,
0,VISIT,75,Random,OnArrival,3,26,7392,Node_268,15,0,22,15,22,,,,,,,,,
0,VISIT,77,Random,OnArrival,3,1,7392,Node_46,20,0,12,20,12,,,,,,,,,
0,VISIT,78,Random,OnArrival,3,1,7392,Node_3,19,0,9,19,9,,,,,,,,,
0,VISIT,79,Random,OnArrival,3,1,7392,Node_4,18,0,10,18,10,,,,,,,,,
0,VISIT,80,Random,OnArrival,3,1,7392,Node_13,21,0,11,21,11,,,,,,,,,
0,VISIT,72,Random,OnArrival,3,28,7397,Node_325,13,0,22,13,22,,,,,,,,,
0,VISIT,73,Random,OnArrival,3,29,7397,Node_677,28,0,18,28,18,,,,,,,,,
0,VISIT,74,Random,OnArrival,3,23,7397,Node_266,22,0,22,22,22,,,,,,,,,
0,VISIT,75,Random,OnArrival,3,27,7397,Node_271,15,0,21,15,21,,,,,,,,,
0,VISIT,77,Random,OnArrival,3,2,7397,Node_49,20,0,13,20,13,,,,,,,,,
0,VISIT,78,Random,OnArrival,3,2,7397,Node_50,20,0,9,20,9,,,,,,,,,
0,VISIT,79,Random,OnArrival,3,2,7397,Node_14,18,0,11,18,11,,,,,,,,,
0,VISIT,80,Random,OnArrival,3,2,7397,Node_87,22,0,11,22,11,,,,,,,,,
0,VISIT,72,Random,OnArrival,3,29,7402,Node_323,13,0,23,13,23,,,,,,,,,
0,VISIT,73,Random,OnArrival,3,30,7402,Node_680,28,0,19,28,19,,,,,,,,,
0,VISIT,74,Random,OnArrival,3,24,7402,Node_275,21,0,22,21,22,,,,,,,,,
0,VISIT,75,Random,OnArrival,3,28,7402,Node_274,15,0,20,15,20,,,,,,,,,
0,VISIT,77,Random,OnArrival,3,3,7402,Node_52,20,0,14,20,14,,,,,,,,,
0,VISIT,78,Random,OnArrival,3,3,7402,Node_48,21,0,9,21,9,,,,,,,,,
0,VISIT,79,Random,OnArrival,3,3,7402,Node_2,19,0,11,19,11,,,,,,,,,
0,VISIT,80,Random,OnArrival,3,3,7402,Node_93,23,0,11,23,11,,,,,,,,,
0,VISIT,72,Random,OnArrival,3,30,7407,Node_329,12,0,23,12,23,,,,,,,,,
0,VISIT,73,Random,OnArrival,3,31,7407,Node_683,28,0,20,28,20,,,,,,,,,
0,VISIT,75,Random,OnArrival,3,29,7407,Node_221,16,0,20,16,20,,,,,,,,,
0,VISIT,77,Random,OnArrival,3,4,7407,Node_54,20,0,15,20,15,,,,,,,,,
0,VISIT,78,Random,OnArrival,3,4,7407,Node_88,22,0,9,22,9,,,,,,,,,
0,VISIT,79,Random,OnArrival,3,4,7407,Node_55,20,0,11,20,11,,,,,,,,,
0,VISIT,80,Random,OnArrival,3,4,7407,Node_96,23,0,12,23,12,,,,,,,,,
0,VISIT,73,Random,OnArrival,3,32,7412,Node_718,27,0,20,27,20,,,,,,,,,
0,VISIT,74,Random,OnArrival,3,25,7412,Node_35,21,0,20,21,20,,,,,,,,,
0,VISIT,75,Random,OnArrival,3,30,7412,Node_213,17,0,20,17,20,,,,,,,,,
0,VISIT,77,Random,OnArrival,3,5,7412,Node_25,21,0,15,21,15,,,,,,,,,
0,VISIT,78,Random,OnArrival,3,5,7412,Node_108,23,0,9,23,9,,,,,,,,,
0,VISIT,79,Random,OnArrival,3,5,7412,Node_13,21,0,11,21,11,,,,,,,,,
0,VISIT,80,Random,OnArrival,3,5,7412,Node_99,24,0,12,24,12,,,,,,,,,
0,VISIT,73,Random,OnArrival,3,33,7418,Node_690,27,0,21,27,21,,,,,,,,,
0,VISIT,74,Random,OnArrival,3,26,7418,Node_260,22,0,20,22,20,,,,,,,,,
0,VISIT,75,Random,OnArrival,3,31,7418,Node_250,18,0,20,18,20,,,,,,,,,
0,VISIT,77,Random,OnArrival,3,6,7418,Node_27,21,0,16,21,16,,,,,,,,,
0,VISIT,79,Random,OnArrival,3,6,7418,Node_87,22,0,11,22,11,,,,,,,,,
0,VISIT,80,Random,OnArrival,3,6,7418,Node_103,24,0,13,24,13,,,,,,,,,
0,VISIT,73,Random,OnArrival,3,34,7424,Node_686,28,0,21,28,21,,,,,,,,,
0,VISIT,74,Random,OnArrival,3,27,7424,Node_35,21,0,20,21,20,,,,,,,,,
0,VISIT,75,Random,OnArrival,3,32,7424,Node_251,18,0,21,18,21,,,,,,,,,
0,VISIT,78,Random,OnArrival,3,6,7424,Node_119,25,0,9,25,9,,,,,,,,,
0,VISIT,79,Random,OnArrival,3,7,7424,Node_93,23,0,11,23,11,,,,,,,,,
0,VISIT,80,Random,OnArrival,3,7,7424,Node_175,25,0,13,25,13,,,,,,,,,
0,VISIT,74,Random,OnArrival,3,28,7430,Node_722,21,0,21,21,21,,,,,,,,,
0,VISIT,75,Random,OnArrival,3,33,7430,Node_717,19,0,21,19,21,,,,,,,,,
0,VISIT,76,Random,OnArrival,3,25,7430,Node_723,30,0,24,30,24,,,,,,,,,
0,VISIT,77,Random,OnArrival,3,7,7430,Node_30,21,0,18,21,18,,,,,,,,,
0,VISIT,78,Random,OnArrival,3,7,7430,Node_128,26,0,9,26,9,,,,,,,,,
0,VISIT,79,Random,OnArrival,3,8,7430,Node_96,23,0,12,23,12,,,,,,,,,
0,VISIT,80,Random,OnArrival,3,8,7430,Node_209,26,0,13,26,13,,,,,,,,,
0,VISIT,73,Random,OnArrival,3,35,7436,Node_719,30,0,21,30,21,,,,,,,,,
0,VISIT,74,Random,OnArrival,3,29,7436,Node_263,22,0,21,22,21,,,,,,,,,
0,VISIT,75,Random,OnArrival,3,34,7436,Node_715,19,0,22,19,22,,,,,,,,,
0,VISIT,77,Random,OnArrival,3,8,7436,Node_33,21,0,19,21,19,,,,,,,,,
0,VISIT,78,Random,OnArrival,3,8,7436,Node_444,27,0,9,27,9,,,,,,,,,
0,VISIT,79,Random,OnArrival,3,9,7436,Node_99,24,0,12,24,12,,,,,,,,,
0,VISIT,80,Random,OnArrival,3,9,7436,Node_223,27,0,13,27,13,,,,,,,,,
0,VISIT,74,Random,OnArrival,3,30,7443,Node_266,22,0,22,22,22,,,,,,,,,
0,VISIT,75,Random,OnArrival,3,35,7443,Node_252,18,0,22,18,22,,,,,,,,,
0,VISIT,77,Random,OnArrival,3,9,7443,Node_35,21,0,20,21,20,,,,,,,,,
0,VISIT,78,Random,OnArrival,3,9,7443,Node_446,27,0,10,27,10,,,,,,,,,
0,VISIT,79,Random,OnArrival,3,10,7443,Node_103,24,0,13,24,13,,,,,,,,,
0,VISIT,74,Random,OnArrival,3,31,7450,Node_269,22,0,23,22,23,,,,,,,,,
0,VISIT,75,Random,OnArrival,3,36,7450,Node_715,19,0,22,19,22,,,,,,,,,
0,VISIT,77,Random,OnArrival,3,10,7450,Node_722,21,0,21,21,21,,,,,,,,,
0,VISIT,78,Random,OnArrival,3,10,7450,Node_448,27,0,11,27,11,,,,,,,,,
0,VISIT,79,Random,OnArrival,3,11,7450,Node_175,25,0,13,25,13,,,,,,,,,
0,VISIT,80,Random,OnArrival,3,10,7450,Node_226,27,0,15,27,15,,,,,,,,,
0,VISIT,74,Random,OnArrival,3,32,7457,Node_272,21,0,23,21,23,,,,,,,,,
0,VISIT,75,Random,OnArrival,3,37,7457,Node_713,19,0,23,19,23,,,,,,,,,
0,VISIT,77,Random,OnArrival,3,11,7457,Node_275,21,0,22,21,22,,,,,,,,,
0,VISIT,78,Random,OnArrival,3,11,7457,Node_219,27,0,12,27,12,,,,,,,,,
0,VISIT,79,Random,OnArrival,3,12,7457,Node_209,26,0,13,26,13,,,,,,,,,
0,VISIT,80,Random,OnArrival,3,11,7457,Node_228,27,0,16,27,16,,,,,,,,,
0,VISIT,73,Random,OnArrival,3,36,7464,Node_732,31,0,24,31,24,,,,,,,,,
0,VISIT,75,Random,OnArrival,3,38,7464,Node_253,18,0,23,18,23,,,,,,,,,
0,VISIT,77,Random,OnArrival,3,12,7464,Node_272,21,0,23,21,23,,,,,,,,,
0,VISIT,78,Random,OnArrival,3,12,7464,Node_223,27,0,13,27,13,,,,,,,,,
0,VISIT,79,Random,OnArrival,3,13,7464,Node_223,27,0,13,27,13,,,,,,,,,
0,VISIT,80,Random,OnArrival,3,12,7464,Node_483,28,0,16,28,16,,,,,,,,,
0,VISIT,74,Random,OnArrival,3,33,7471,Node_713,19,0,23,19,23,,,,,,,,,
0,VISIT,75,Random,OnArrival,3,39,7471,Node_713,19,0,23,19,23,,,,,,,,,
0,VISIT,80,Random,OnArrival,3,13,7471,Node_670,29,0,16,29,16,,,,,,,,,
0,VISIT,74,Random,OnArrival,3,34,7478,Node_253,18,0,23,18,23,,,,,,,,,
0,VISIT,75,Random,OnArrival,3,40,7478,Node_712,19,0,24,19,24,,,,,,,,,
0,VISIT,77,Random,OnArrival,3,13,7478,Node_713,19,0,23,19,23,,,,,,,,,
0,VISIT,78,Random,OnArrival,3,13,7478,Node_226,27,0,15,27,15,,,,,,,,,
0,VISIT,79,Random,OnArrival,3,14,7478,Node_226,27,0,15,27,15,,,,,,,,,
0,VISIT,73,Random,OnArrival,3,37,7485,Node_735,31,0,25,31,25,,,,,,,,,
0,VISIT,74,Random,OnArrival,3,35,7485,Node_254,18,0,24,18,24,,,,,,,,,
0,VISIT,75,Random,OnArrival,3,41,7485,Node_254,18,0,24,18,24,,,,,,,,,
0,VISIT,78,Random,OnArrival,3,14,7485,Node_228,27,0,16,27,16,,,,,,,,,
0,VISIT,79,Random,OnArrival,3,15,7485,Node_228,27,0,16,27,16,,,,,,,,,
0,VISIT,73,Random,OnArrival,3,38,7492,Node_725,30,0,25,30,25,,,,,,,,,
0,VISIT,74,Random,OnArrival,3,36,7492,Node_712,19,0,24,19,24,,,,,,,,,
0,VISIT,75,Random,OnArrival,3,42,7492,Node_712,19,0,24,19,24,,,,,,,,,
0,VISIT,77,Random,OnArrival,3,14,7492,Node_272,21,0,23,21,23,,,,,,,,,
0,VISIT,78,Random,OnArrival,3,15,7492,Node_483,28,0,16,28,16,,,,,,,,,
0,VISIT,79,Random,OnArrival,3,16,7492,Node_483,28,0,16,28,16,,,,,,,,,
0,VISIT,80,Random,OnArrival,3,14,7492,Node_672,29,0,17,29,17,,,,,,,,,
0,VISIT,73,Random,OnArrival,3,39,7499,Node_723,30,0,24,30,24,,,,,,,,,
0,VISIT,74,Random,OnArrival,3,37,7499,Node_711,19,0,25,19,25,,,,,,,,,
0,VISIT,75,Random,OnArrival,3,43,7499,Node_711,19,0,25,19,25,,,,,,,,,
0,VISIT,77,Random,OnArrival,3,15,7499,Node_269,22,0,23,22,23,,,,,,,,,
0,VISIT,78,Random,OnArrival,3,16,7499,Node_670,29,0,16,29,16,,,,,,,,,
0,VISIT,79,Random,OnArrival,3,17,7499,Node_670,29,0,16,29,16,,,,,,,,,
0,VISIT,80,Random,OnArrival,3,15,7499,Node_745,30,0,17,30,17,,,,,,,,,
0,VISIT,73,Random,OnArrival,3,40,7506,Node_721,30,0,23,30,23,,,,,,,,,
0,VISIT,74,Random,OnArrival,3,38,7506,Node_256,18,0,25,18,25,,,,,,,,,
0,VISIT,75,Random,OnArrival,3,44,7506,Node_256,18,0,25,18,25,,,,,,,,,
0,VISIT,77,Random,OnArrival,3,16,7506,Node_266,22,0,22,22,22,,,,,,,,,
0,VISIT,78,Random,OnArrival,3,17,7506,Node_672,29,0,17,29,17,,,,,,,,,
0,VISIT,79,Random,OnArrival,3,18,7506,Node_743,30,0,16,30,16,,,,,,,,,
0,VISIT,80,Random,OnArrival,3,16,7506,Node_544,31,0,17,31,17,,,,,,,,,
0,VISIT,73,Random,OnArrival,3,41,7513,Node_738,31,0,23,31,23,,,,,,,,,
0,VISIT,74,Random,OnArrival,3,39,7513,Node_711,19,0,25,19,25,,,,,,,,,
0,VISIT,75,Random,OnArrival,3,45,7513,Node_711,19,0,25,19,25,,,,,,,,,
0,VISIT,78,Random,OnArrival,3,18,7513,Node_745,30,0,17,30,17,,,,,,,,,
0,VISIT,79,Random,OnArrival,3,19,7513,Node_543,31,0,16,31,16,,,,,,,,,
0,VISIT,80,Random,OnArrival,3,17,7513,Node_671,32,0,17,32,17,,,,,,,,,
0,VISIT,73,Random,OnArrival,3,42,7520,Node_721,30,0,23,30,23,,,,,,,,,
0,VISIT,77,Random,OnArrival,3,17,7520,Node_292,24,0,22,24,22,,,,,,,,,
0,VISIT,78,Random,OnArrival,3,19,7520,Node_544,31,0,17,31,17,,,,,,,,,
0,VISIT,79,Random,OnArrival,3,20,7520,Node_669,32,0,16,32,16,,,,,,,,,
0,VISIT,73,Random,OnArrival,3,43,7527,Node_720,30,0,22,30,22,,,,,,,,,
0,VISIT,77,Random,OnArrival,3,18,7527,Node_702,25,0,22,25,22,,,,,,,,,
0,VISIT,78,Random,OnArrival,3,20,7527,Node_545,31,0,18,31,18,,,,,,,,,
0,VISIT,79,Random,OnArrival,3,21,7527,Node_671,32,0,17,32,17,,,,,,,,,
0,VISIT,80,Random,OnArrival,3,18,7527,Node_674,33,0,18,33,18,,,,,,,,,
0,VISIT,73,Random,OnArrival,3,44,7534,Node_737,31,0,22,31,22,,,,,,,,,
0,VISIT,77,Random,OnArrival,3,19,7534,Node_701,26,0,22,26,22,,,,,,,,,
0,VISIT,78,Random,OnArrival,3,21,7534,Node_547,32,0,18,32,18,,,,,,,,,
0,VISIT,79,Random,OnArrival,3,22,7534,Node_547,32,0,18,32,18,,,,,,,,,
0,VISIT,73,Random,OnArrival,3,45,7541,Node_691,32,0,22,32,22,,,,,,,,,
0,VISIT,77,Random,OnArrival,3,20,7541,Node_694,27,0,22,27,22,,,,,,,,,
0,VISIT,78,Random,OnArrival,3,22,7541,Node_548,32,0,19,32,19,,,,,,,,,
0,VISIT,79,Random,OnArrival,3,23,7541,Node_548,32,0,19,32,19,,,,,,,,,
0,VISIT,73,Random,OnArrival,3,46,7548,Node_687,33,0,22,33,22,,,,,,,,,
0,VISIT,74,Random,OnArrival,3,40,7548,Node_297,24,0,25,24,25,,,,,,,,,
0,VISIT,75,Random,OnArrival,3,46,7548,Node_297,24,0,25,24,25,,,,,,,,,
0,VISIT,77,Random,OnArrival,3,21,7548,Node_701,26,0,22,26,22,,,,,,,,,
0,VISIT,78,Random,OnArrival,3,23,7548,Node_678,33,0,19,33,19,,,,,,,,,
0,VISIT,79,Random,OnArrival,3,24,7548,Node_678,33,0,19,33,19,,,,,,,,,
0,VISIT,80,Random,OnArrival,3,19,7548,Node_746,33,0,17,33,17,,,,,,,,,
0,VISIT,74,Random,OnArrival,3,41,7555,Node_710,25,0,25,25,25,,,,,,,,,
0,VISIT,75,Random,OnArrival,3,47,7555,Node_295,24,0,24,24,24,,,,,,,,,
0,VISIT,77,Random,OnArrival,3,22,7555,Node_702,25,0,22,25,22,,,,,,,,,
0,VISIT,78,Random,OnArrival,3,24,7555,Node_681,33,0,20,33,20,,,,,,,,,
0,VISIT,79,Random,OnArrival,3,25,7555,Node_681,33,0,20,33,20,,,,,,,,,
0,VISIT,80,Random,OnArrival,3,20,7555,Node_671,32,0,17,32,17,,,,,,,,,
0,VISIT,75,Random,OnArrival,3,48,7562,Node_708,25,0,24,25,24,,,,,,,,,
0,VISIT,77,Random,OnArrival,3,23,7562,Node_705,25,0,23,25,23,,,,,,,,,
0,VISIT,78,Random,OnArrival,3,25,7562,Node_549,32,0,20,32,20,,,,,,,,,
0,VISIT,79,Random,OnArrival,3,26,7562,Node_549,32,0,20,32,20,,,,,,,,,
0,VISIT,80,Random,OnArrival,3,21,7562,Node_547,32,0,18,32,18,,,,,,,,,
0,VISIT,81,Random,OnArrival,3,0,7562,Node_6,19,0,12,19,12,,,,,,,,,
0,VISIT,82,Random,OnArrival,3,0,7562,Node_7,19,0,8,19,8,,,,,,,,,
0,VISIT,83,Random,OnArrival,3,0,7562,Node_8,17,0,10,17,10,,,,,,,,,
0,VISIT,84,Random,OnArrival,3,0,7562,Node_9,21,0,10,21,10,,,,,,,,,
0,VISIT,75,Random,OnArrival,3,49,7566,Node_295,24,0,24,24,24,,,,,,,,,
0,VISIT,77,Random,OnArrival,3,24,7566,Node_293,24,0,23,24,23,,,,,,,,,
0,VISIT,78,Random,OnArrival,3,26,7566,Node_695,32,0,21,32,21,,,,,,,,,
0,VISIT,79,Random,OnArrival,3,27,7566,Node_695,32,0,21,32,21,,,,,,,,,
0,VISIT,80,Random,OnArrival,3,22,7566,Node_548,32,0,19,32,19,,,,,,,,,
0,VISIT,81,Random,OnArrival,3,1,7566,Node_46,20,0,12,20,12,,,,,,,,,
0,VISIT,82,Random,OnArrival,3,1,7566,Node_3,19,0,9,19,9,,,,,,,,,
0,VISIT,83,Random,OnArrival,3,1,7566,Node_4,18,0,10,18,10,,,,,,,,,
0,VISIT,84,Random,OnArrival,3,1,7566,Node_13,21,0,11,21,11,,,,,,,,,
0,VISIT,75,Random,OnArrival,3,50,7570,Node_293,24,0,23,24,23,,,,,,,,,
0,VISIT,77,Random,OnArrival,3,25,7570,Node_295,24,0,24,24,24,,,,,,,,,
0,VISIT,78,Random,OnArrival,3,27,7570,Node_734,31,0,21,31,21,,,,,,,,,
0,VISIT,79,Random,OnArrival,3,28,7570,Node_734,31,0,21,31,21,,,,,,,,,
0,VISIT,80,Random,OnArrival,3,23,7570,Node_549,32,0,20,32,20,,,,,,,,,
0,VISIT,81,Random,OnArrival,3,2,7570,Node_49,20,0,13,20,13,,,,,,,,,
0,VISIT,82,Random,OnArrival,3,2,7570,Node_50,20,0,9,20,9,,,,,,,,,
0,VISIT,83,Random,OnArrival,3,2,7570,Node_14,18,0,11,18,11,,,,,,,,,
0,VISIT,84,Random,OnArrival,3,2,7570,Node_87,22,0,11,22,11,,,,,,,,,
0,VISIT,74,Random,OnArrival,3,42,7574,Node_727,29,0,25,29,25,,,,,,,,,
0,VISIT,75,Random,OnArrival,3,51,7574,Node_292,24,0,22,24,22,,,,,,,,,
0,VISIT,77,Random,OnArrival,3,26,7574,Node_297,24,0,25,24,25,,,,,,,,,
0,VISIT,78,Random,OnArrival,3,28,7574,Node_737,31,0,22,31,22,,,,,,,,,
0,VISIT,79,Random,OnArrival,3,29,7574,Node_737,31,0,22,31,22,,,,,,,,,
0,VISIT,80,Random,OnArrival,3,24,7574,Node_681,33,0,20,33,20,,,,,,,,,
0,VISIT,81,Random,OnArrival,3,3,7574,Node_52,20,0,14,20,14,,,,,,,,,
0,VISIT,82,Random,OnArrival,3,3,7574,Node_48,21,0,9,21,9,,,,,,,,,
0,VISIT,83,Random,OnArrival,3,3,7574,Node_2,19,0,11,19,11,,,,,,,,,
0,VISIT,84,Random,OnArrival,3,3,7574,Node_93,23,0,11,23,11,,,,,,,,,
0,VISIT,74,Random,OnArrival,3,43,7578,Node_725,30,0,25,30,25,,,,,,,,,
0,VISIT,75,Random,OnArrival,3,52,7578,Node_702,25,0,22,25,22,,,,,,,,,
0,VISIT,77,Random,OnArrival,3,27,7578,Node_710,25,0,25,25,25,,,,,,,,,
0,VISIT,78,Random,OnArrival,3,29,7578,Node_691,32,0,22,32,22,,,,,,,,,
0,VISIT,79,Random,OnArrival,3,30,7578,Node_691,32,0,22,32,22,,,,,,,,,
0,VISIT,80,Random,OnArrival,3,25,7578,Node_684,33,0,21,33,21,,,,,,,,,
0,VISIT,81,Random,OnArrival,3,4,7578,Node_54,20,0,15,20,15,,,,,,,,,
0,VISIT,82,Random,OnArrival,3,4,7578,Node_88,22,0,9,22,9,,,,,,,,,
0,VISIT,83,Random,OnArrival,3,4,7578,Node_55,20,0,11,20,11,,,,,,,,,
0,VISIT,84,Random,OnArrival,3,4,7578,Node_96,23,0,12,23,12,,,,,,,,,
0,VISIT,74,Random,OnArrival,3,44,7582,Node_735,31,0,25,31,25,,,,,,,,,
0,VISIT,75,Random,OnArrival,3,53,7582,Node_701,26,0,22,26,22,,,,,,,,,
0,VISIT,78,Random,OnArrival,3,30,7582,Node_687,33,0,22,33,22,,,,,,,,,
0,VISIT,79,Random,OnArrival,3,31,7582,Node_687,33,0,22,33,22,,,,,,,,,
0,VISIT,80,Random,OnArrival,3,26,7582,Node_695,32,0,21,32,21,,,,,,,,,
0,VISIT,81,Random,OnArrival,3,5,7582,Node_25,21,0,15,21,15,,,,,,,,,
0,VISIT,82,Random,OnArrival,3,5,7582,Node_108,23,0,9,23,9,,,,,,,,,
0,VISIT,83,Random,OnArrival,3,5,7582,Node_13,21,0,11,21,11,,,,,,,,,
0,VISIT,84,Random,OnArrival,3,5,7582,Node_99,24,0,12,24,12,,,,,,,,,
0,VISIT,73,Random,OnArrival,3,47,7586,Node_742,32,0,25,32,25,,,,,,,,,
0,VISIT,74,Random,OnArrival,3,45,7586,Node_742,32,0,25,32,25,,,,,,,,,
0,VISIT,75,Random,OnArrival,3,54,7586,Node_699,26,0,23,26,23,,,,,,,,,
0,VISIT,80,Random,OnArrival,3,27,7586,Node_691,32,0,22,32,22,,,,,,,,,
0,VISIT,81,Random,OnArrival,3,6,7586,Node_27,21,0,16,21,16,,,,,,,,,
0,VISIT,83,Random,OnArrival,3,6,7586,Node_87,22,0,11,22,11,,,,,,,,,
0,VISIT,84,Random,OnArrival,3,6,7586,Node_103,24,0,13,24,13,,,,,,,,,
0,VISIT,75,Random,OnArrival,3,55,7591,Node_705,25,0,23,25,23,,,,,,,,,
0,VISIT,78,Random,OnArrival,3,31,7591,Node_749,35,0,22,35,22,,,,,,,,,
0,VISIT,79,Random,OnArrival,3,32,7591,Node_749,35,0,22,35,22,,,,,,,,,
0,VISIT,80,Random,OnArrival,3,28,7591,Node_687,33,0,22,33,22,,,,,,,,,
0,VISIT,82,Random,OnArrival,3,6,7591,Node_119,25,0,9,25,9,,,,,,,,,
0,VISIT,83,Random,OnArrival,3,7,7591,Node_93,23,0,11,23,11,,,,,,,,,
0,VISIT,84,Random,OnArrival,3,7,7591,Node_175,25,0,13,25,13,,,,,,,,,
0,VISIT,75,Random,OnArrival,3,56,7596,Node_708,25,0,24,25,24,,,,,,,,,
0,VISIT,77,Random,OnArrival,3,28,7596,Node_727,29,0,25,29,25,,,,,,,,,
0,VISIT,81,Random,OnArrival,3,7,7596,Node_30,21,0,18,21,18,,,,,,,,,
0,VISIT,82,Random,OnArrival,3,7,7596,Node_128,26,0,9,26,9,,,,,,,,,
0,VISIT,83,Random,OnArrival,3,8,7596,Node_96,23,0,12,23,12,,,,,,,,,
0,VISIT,84,Random,OnArrival,3,8,7596,Node_209,26,0,13,26,13,,,,,,,,,
0,VISIT,73,Random,OnArrival,3,48,7600,Node_752,35,0,25,35,25,,,,,,,,,
0,VISIT,74,Random,OnArrival,3,46,7600,Node_752,35,0,25,35,25,,,,,,,,,
0,VISIT,75,Random,OnArrival,3,57,7600,Node_710,25,0,25,25,25,,,,,,,,,
0,VISIT,77,Random,OnArrival,3,29,7600,Node_725,30,0,25,30,25,,,,,,,,,
0,VISIT,80,Random,OnArrival,3,29,7600,Node_749,35,0,22,35,22,,,,,,,,,
0,VISIT,81,Random,OnArrival,3,8,7600,Node_33,21,0,19,21,19,,,,,,,,,
0,VISIT,82,Random,OnArrival,3,8,7600,Node_444,27,0,9,27,9,,,,,,,,,
0,VISIT,83,Random,OnArrival,3,9,7600,Node_99,24,0,12,24,12,,,,,,,,,
0,VISIT,84,Random,OnArrival,3,9,7600,Node_223,27,0,13,27,13,,,,,,,,,
0,VISIT,77,Random,OnArrival,3,30,7605,Node_735,31,0,25,31,25,,,,,,,,,
0,VISIT,81,Random,OnArrival,3,9,7605,Node_35,21,0,20,21,20,,,,,,,,,
0,VISIT,82,Random,OnArrival,3,9,7605,Node_446,27,0,10,27,10,,,,,,,,,
0,VISIT,83,Random,OnArrival,3,10,7605,Node_103,24,0,13,24,13,,,,,,,,,
0,VISIT,84,Random,OnArrival,3,10,7605,Node_453,28,0,13,28,13,,,,,,,,,
0,VISIT,77,Random,OnArrival,3,31,7610,Node_742,32,0,25,32,25,,,,,,,,,
0,VISIT,81,Random,OnArrival,3,10,7610,Node_722,21,0,21,21,21,,,,,,,,,
0,VISIT,82,Random,OnArrival,3,10,7610,Node_448,27,0,11,27,11,,,,,,,,,
0,VISIT,83,Random,OnArrival,3,11,7610,Node_175,25,0,13,25,13,,,,,,,,,
0,VISIT,74,Random,OnArrival,3,47,7615,Node_760,36,0,23,36,23,,,,,,,,,
0,VISIT,80,Random,OnArrival,3,30,7615,Node_758,36,0,24,36,24,,,,,,,,,
0,VISIT,81,Random,OnArrival,3,11,7615,Node_275,21,0,22,21,22,,,,,,,,,
0,VISIT,82,Random,OnArrival,3,11,7615,Node_219,27,0,12,27,12,,,,,,,,,
0,VISIT,83,Random,OnArrival,3,12,7615,Node_209,26,0,13,26,13,,,,,,,,,
0,VISIT,84,Random,OnArrival,3,11,7615,Node_596,30,0,13,30,13,,,,,,,,,
0,VISIT,74,Random,OnArrival,3,48,7621,Node_750,35,0,23,35,23,,,,,,,,,
0,VISIT,75,Random,OnArrival,3,58,7621,Node_727,29,0,25,29,25,,,,,,,,,
0,VISIT,80,Random,OnArrival,3,31,7621,Node_751,35,0,24,35,24,,,,,,,,,
0,VISIT,81,Random,OnArrival,3,12,7621,Node_266,22,0,22,22,22,,,,,,,,,
0,VISIT,82,Random,OnArrival,3,12,7621,Node_223,27,0,13,27,13,,,,,,,,,
0,VISIT,83,Random,OnArrival,3,13,7621,Node_223,27,0,13,27,13,,,,,,,,,
0,VISIT,84,Random,OnArrival,3,12,7621,Node_540,31,0,13,31,13,,,,,,,,,
0,VISIT,74,Random,OnArrival,3,49,7627,Node_751,35,0,24,35,24,,,,,,,,,
0,VISIT,75,Random,OnArrival,3,59,7627,Node_725,30,0,25,30,25,,,,,,,,,
0,VISIT,77,Random,OnArrival,3,32,7627,Node_752,35,0,25,35,25,,,,,,,,,
0,VISIT,80,Random,OnArrival,3,32,7627,Node_752,35,0,25,35,25,,,,,,,,,
0,VISIT,82,Random,OnArrival,3,13,7627,Node_453,28,0,13,28,13,,,,,,,,,
0,VISIT,83,Random,OnArrival,3,14,7627,Node_453,28,0,13,28,13,,,,,,,,,
0,VISIT,84,Random,OnArrival,3,13,7627,Node_595,32,0,13,32,13,,,,,,,,,
0,VISIT,74,Random,OnArrival,3,50,7634,Node_752,35,0,25,35,25,,,,,,,,,
0,VISIT,75,Random,OnArrival,3,60,7634,Node_735,31,0,25,31,25,,,,,,,,,
0,VISIT,77,Random,OnArrival,3,33,7634,Node_751,35,0,24,35,24,,,,,,,,,
0,VISIT,80,Random,OnArrival,3,33,7634,Node_755,36,0,25,36,25,,,,,,,,,
0,VISIT,81,Random,OnArrival,3,13,7634,Node_292,24,0,22,24,22,,,,,,,,,
0,VISIT,74,Random,OnArrival,3,51,7641,Node_755,36,0,25,36,25,,,,,,,,,
0,VISIT,75,Random,OnArrival,3,61,7641,Node_742,32,0,25,32,25,,,,,,,,,
0,VISIT,77,Random,OnArrival,3,34,7641,Node_758,36,0,24,36,24,,,,,,,,,
0,VISIT,78,Random,OnArrival,3,32,7641,Node_662,35,0,13,35,13,,,,,,,,,
0,VISIT,79,Random,OnArrival,3,33,7641,Node_662,35,0,13,35,13,,,,,,,,,
0,VISIT,81,Random,OnArrival,3,14,7641,Node_702,25,0,22,25,22,,,,,,,,,
0,VISIT,82,Random,OnArrival,3,14,7641,Node_596,30,0,13,30,13,,,,,,,,,
0,VISIT,83,Random,OnArrival,3,15,7641,Node_596,30,0,13,30,13,,,,,,,,,
0,VISIT,77,Random,OnArrival,3,35,7648,Node_755,36,0,25,36,25,,,,,,,,,
0,VISIT,78,Random,OnArrival,3,33,7648,Node_765,34,0,13,34,13,,,,,,,,,
0,VISIT,79,Random,OnArrival,3,34,7648,Node_765,34,0,13,34,13,,,,,,,,,
0,VISIT,81,Random,OnArrival,3,15,7648,Node_701,26,0,22,26,22,,,,,,,,,
0,VISIT,82,Random,OnArrival,3,15,7648,Node_540,31,0,13,31,13,,,,,,,,,
0,VISIT,83,Random,OnArrival,3,16,7648,Node_540,31,0,13,31,13,,,,,,,,,
0,VISIT,74,Random,OnArrival,3,52,7655,Node_766,38,0,25,38,25,,,,,,,,,
0,VISIT,78,Random,OnArrival,3,34,7655,Node_767,34,0,14,34,14,,,,,,,,,
0,VISIT,79,Random,OnArrival,3,35,7655,Node_767,34,0,14,34,14,,,,,,,,,
0,VISIT,81,Random,OnArrival,3,16,7655,Node_694,27,0,22,27,22,,,,,,,,,
0,VISIT,82,Random,OnArrival,3,16,7655,Node_595,32,0,13,32,13,,,,,,,,,
0,VISIT,83,Random,OnArrival,3,17,7655,Node_595,32,0,13,32,13,,,,,,,,,
0,VISIT,74,Random,OnArrival,3,53,7662,Node_768,38,0,24,38,24,,,,,,,,,
0,VISIT,75,Random,OnArrival,3,62,7662,Node_752,35,0,25,35,25,,,,,,,,,
0,VISIT,77,Random,OnArrival,3,36,7662,Node_766,38,0,25,38,25,,,,,,,,,
0,VISIT,78,Random,OnArrival,3,35,7662,Node_769,34,0,15,34,15,,,,,,,,,
0,VISIT,79,Random,OnArrival,3,36,7662,Node_769,34,0,15,34,15,,,,,,,,,
0,VISIT,81,Random,OnArrival,3,17,7662,Node_690,27,0,21,27,21,,,,,,,,,
0,VISIT,84,Random,OnArrival,3,14,7662,Node_763,35,0,15,35,15,,,,,,,,,
0,VISIT,75,Random,OnArrival,3,63,7669,Node_755,36,0,25,36,25,,,,,,,,,
0,VISIT,78,Random,OnArrival,3,36,7669,Node_763,35,0,15,35,15,,,,,,,,,
0,VISIT,79,Random,OnArrival,3,37,7669,Node_763,35,0,15,35,15,,,,,,,,,
0,VISIT,81,Random,OnArrival,3,18,7669,Node_686,28,0,21,28,21,,,,,,,,,
0,VISIT,82,Random,OnArrival,3,17,7669,Node_765,34,0,13,34,13,,,,,,,,,
0,VISIT,83,Random,OnArrival,3,18,7669,Node_765,34,0,13,34,13,,,,,,,,,
0,VISIT,84,Random,OnArrival,3,15,7669,Node_762,35,0,16,35,16,,,,,,,,,
0,VISIT,74,Random,OnArrival,3,54,7676,Node_771,38,0,22,38,22,,,,,,,,,
0,VISIT,75,Random,OnArrival,3,64,7676,Node_758,36,0,24,36,24,,,,,,,,,
0,VISIT,78,Random,OnArrival,3,37,7676,Node_762,35,0,16,35,16,,,,,,,,,
0,VISIT,79,Random,OnArrival,3,38,7676,Node_762,35,0,16,35,16,,,,,,,,,
0,VISIT,82,Random,OnArrival,3,18,7676,Node_662,35,0,13,35,13,,,,,,,,,
0,VISIT,83,Random,OnArrival,3,19,7676,Node_662,35,0,13,35,13,,,,,,,,,
0,VISIT,75,Random,OnArrival,3,65,7683,Node_760,36,0,23,36,23,,,,,,,,,
0,VISIT,77,Random,OnArrival,3,37,7683,Node_768,38,0,24,38,24,,,,,,,,,
0,VISIT,78,Random,OnArrival,3,38,7683,Node_773,36,0,16,36,16,,,,,,,,,
0,VISIT,79,Random,OnArrival,3,39,7683,Node_773,36,0,16,36,16,,,,,,,,,
0,VISIT,81,Random,OnArrival,3,19,7683,Node_719,30,0,21,30,21,,,,,,,,,
0,VISIT,82,Random,OnArrival,3,19,7683,Node_764,35,0,14,35,14,,,,,,,,,
0,VISIT,83,Random,OnArrival,3,20,7683,Node_764,35,0,14,35,14,,,,,,,,,
0,VISIT,75,Random,OnArrival,3,66,7690,Node_757,36,0,22,36,22,,,,,,,,,
0,VISIT,78,Random,OnArrival,3,39,7690,Node_775,36,0,17,36,17,,,,,,,,,
0,VISIT,79,Random,OnArrival,3,40,7690,Node_775,36,0,17,36,17,,,,,,,,,
0,VISIT,81,Random,OnArrival,3,20,7690,Node_720,30,0,22,30,22,,,,,,,,,
0,VISIT,82,Random,OnArrival,3,20,7690,Node_767,34,0,14,34,14,,,,,,,,,
0,VISIT,83,Random,OnArrival,3,21,7690,Node_767,34,0,14,34,14,,,,,,,,,
0,VISIT,77,Random,OnArrival,3,38,7697,Node_771,38,0,22,38,22,,,,,,,,,
0,VISIT,78,Random,OnArrival,3,40,7697,Node_777,36,0,18,36,18,,,,,,,,,
0,VISIT,79,Random,OnArrival,3,41,7697,Node_777,36,0,18,36,18,,,,,,,,,
0,VISIT,81,Random,OnArrival,3,21,7697,Node_737,31,0,22,31,22,,,,,,,,,
0,VISIT,82,Random,OnArrival,3,21,7697,Node_769,34,0,15,34,15,,,,,,,,,
0,VISIT,83,Random,OnArrival,3,22,7697,Node_769,34,0,15,34,15,,,,,,,,,
0,VISIT,78,Random,OnArrival,3,41,7704,Node_780,36,0,19,36,19,,,,,,,,,
0,VISIT,79,Random,OnArrival,3,42,7704,Node_780,36,0,19,36,19,,,,,,,,,
0,VISIT,81,Random,OnArrival,3,22,7704,Node_691,32,0,22,32,22,,,,,,,,,
0,VISIT,82,Random,OnArrival,3,22,7704,Node_763,35,0,15,35,15,,,,,,,,,
0,VISIT,83,Random,OnArrival,3,23,7704,Node_763,35,0,15,35,15,,,,,,,,,
0,VISIT,85,Random,OnArrival,3,0,7706,Node_6,19,0,12,19,12,,,,,,,,,
0,VISIT,86,Random,OnArrival,3,0,7706,Node_7,19,0,8,19,8,,,,,,,,,
0,VISIT,87,Random,OnArrival,3,0,7706,Node_8,17,0,10,17,10,,,,,,,,,
0,VISIT,88,Random,OnArrival,3,0,7706,Node_9,21,0,10,21,10,,,,,,,,,
0,VISIT,75,Random,OnArrival,3,67,7710,Node_780,36,0,19,36,19,,,,,,,,,
0,VISIT,78,Random,OnArrival,3,42,7710,Node_782,36,0,20,36,20,,,,,,,,,
0,VISIT,79,Random,OnArrival,3,43,7710,Node_782,36,0,20,36,20,,,,,,,,,
0,VISIT,81,Random,OnArrival,3,23,7710,Node_687,33,0,22,33,22,,,,,,,,,
0,VISIT,82,Random,OnArrival,3,23,7710,Node_762,35,0,16,35,16,,,,,,,,,
0,VISIT,83,Random,OnArrival,3,24,7710,Node_762,35,0,16,35,16,,,,,,,,,
0,VISIT,84,Random,OnArrival,3,16,7710,Node_754,35,0,20,35,20,,,,,,,,,
0,VISIT,85,Random,OnArrival,3,1,7710,Node_46,20,0,12,20,12,,,,,,,,,
0,VISIT,86,Random,OnArrival,3,1,7710,Node_3,19,0,9,19,9,,,,,,,,,
0,VISIT,87,Random,OnArrival,3,1,7710,Node_4,18,0,10,18,10,,,,,,,,,
0,VISIT,88,Random,OnArrival,3,1,7710,Node_13,21,0,11,21,11,,,,,,,,,
0,VISIT,74,Random,OnArrival,3,55,7714,Node_782,36,0,20,36,20,,,,,,,,,
0,VISIT,75,Random,OnArrival,3,68,7714,Node_756,35,0,19,35,19,,,,,,,,,
0,VISIT,77,Random,OnArrival,3,39,7714,Node_774,38,0,21,38,21,,,,,,,,,
0,VISIT,78,Random,OnArrival,3,43,7714,Node_754,35,0,20,35,20,,,,,,,,,
0,VISIT,79,Random,OnArrival,3,44,7714,Node_754,35,0,20,35,20,,,,,,,,,
0,VISIT,82,Random,OnArrival,3,24,7714,Node_761,35,0,17,35,17,,,,,,,,,
0,VISIT,83,Random,OnArrival,3,25,7714,Node_773,36,0,16,36,16,,,,,,,,,
0,VISIT,84,Random,OnArrival,3,17,7714,Node_782,36,0,20,36,20,,,,,,,,,
0,VISIT,85,Random,OnArrival,3,2,7714,Node_49,20,0,13,20,13,,,,,,,,,
0,VISIT,86,Random,OnArrival,3,2,7714,Node_20,19,0,10,19,10,,,,,,,,,
0,VISIT,87,Random,OnArrival,3,2,7714,Node_14,18,0,11,18,11,,,,,,,,,
0,VISIT,88,Random,OnArrival,3,2,7714,Node_17,21,0,12,21,12,,,,,,,,,
0,VISIT,74,Random,OnArrival,3,56,7718,Node_780,36,0,19,36,19,,,,,,,,,
0,VISIT,75,Random,OnArrival,3,69,7718,Node_780,36,0,19,36,19,,,,,,,,,
0,VISIT,77,Random,OnArrival,3,40,7718,Node_776,38,0,20,38,20,,,,,,,,,
0,VISIT,78,Random,OnArrival,3,44,7718,Node_756,35,0,19,35,19,,,,,,,,,
0,VISIT,79,Random,OnArrival,3,45,7718,Node_756,35,0,19,35,19,,,,,,,,,
0,VISIT,81,Random,OnArrival,3,24,7718,Node_749,35,0,22,35,22,,,,,,,,,
0,VISIT,82,Random,OnArrival,3,25,7718,Node_748,34,0,17,34,17,,,,,,,,,
0,VISIT,84,Random,OnArrival,3,18,7718,Node_780,36,0,19,36,19,,,,,,,,,
0,VISIT,85,Random,OnArrival,3,3,7718,Node_52,20,0,14,20,14,,,,,,,,,
0,VISIT,86,Random,OnArrival,3,3,7718,Node_2,19,0,11,19,11,,,,,,,,,
0,VISIT,87,Random,OnArrival,3,3,7718,Node_10,18,0,12,18,12,,,,,,,,,
0,VISIT,88,Random,OnArrival,3,3,7718,Node_19,21,0,13,21,13,,,,,,,,,
0,VISIT,74,Random,OnArrival,3,57,7722,Node_781,37,0,19,37,19,,,,,,,,,
0,VISIT,75,Random,OnArrival,3,70,7722,Node_781,37,0,19,37,19,,,,,,,,,
0,VISIT,77,Random,OnArrival,3,41,7722,Node_784,37,0,20,37,20,,,,,,,,,
0,VISIT,78,Random,OnArrival,3,45,7722,Node_759,35,0,18,35,18,,,,,,,,,
0,VISIT,79,Random,OnArrival,3,46,7722,Node_759,35,0,18,35,18,,,,,,,,,
0,VISIT,81,Random,OnArrival,3,25,7722,Node_753,35,0,21,35,21,,,,,,,,,
0,VISIT,82,Random,OnArrival,3,26,7722,Node_761,35,0,17,35,17,,,,,,,,,
0,VISIT,84,Random,OnArrival,3,19,7722,Node_781,37,0,19,37,19,,,,,,,,,
0,VISIT,85,Random,OnArrival,3,4,7722,Node_54,20,0,15,20,15,,,,,,,,,
0,VISIT,86,Random,OnArrival,3,4,7722,Node_6,19,0,12,19,12,,,,,,,,,
0,VISIT,87,Random,OnArrival,3,4,7722,Node_6,19,0,12,19,12,,,,,,,,,
0,VISIT,88,Random,OnArrival,3,4,7722,Node_22,21,0,14,21,14,,,,,,,,,
0,VISIT,74,Random,OnArrival,3,58,7726,Node_780,36,0,19,36,19,,,,,,,,,
0,VISIT,75,Random,OnArrival,3,71,7726,Node_780,36,0,19,36,19,,,,,,,,,
0,VISIT,77,Random,OnArrival,3,42,7726,Node_782,36,0,20,36,20,,,,,,,,,
0,VISIT,78,Random,OnArrival,3,46,7726,Node_747,34,0,18,34,18,,,,,,,,,
0,VISIT,79,Random,OnArrival,3,47,7726,Node_747,34,0,18,34,18,,,,,,,,,
0,VISIT,81,Random,OnArrival,3,26,7726,Node_779,36,0,21,36,21,,,,,,,,,
0,VISIT,82,Random,OnArrival,3,27,7726,Node_775,36,0,17,36,17,,,,,,,,,
0,VISIT,83,Random,OnArrival,3,26,7726,Node_775,36,0,17,36,17,,,,,,,,,
0,VISIT,84,Random,OnArrival,3,20,7726,Node_784,37,0,20,37,20,,,,,,,,,
0,VISIT,85,Random,OnArrival,3,5,7726,Node_25,21,0,15,21,15,,,,,,,,,
0,VISIT,86,Random,OnArrival,3,5,7726,Node_46,20,0,12,20,12,,,,,,,,,
0,VISIT,87,Random,OnArrival,3,5,7726,Node_46,20,0,12,20,12,,,,,,,,,
0,VISIT,88,Random,OnArrival,3,5,7726,Node_25,21,0,15,21,15,,,,,,,,,
0,VISIT,74,Random,OnArrival,3,59,7730,Node_756,35,0,19,35,19,,,,,,,,,
0,VISIT,75,Random,OnArrival,3,72,7730,Node_756,35,0,19,35,19,,,,,,,,,
0,VISIT,77,Random,OnArrival,3,43,7730,Node_779,36,0,21,36,21,,,,,,,,,
0,VISIT,78,Random,OnArrival,3,47,7730,Node_759,35,0,18,35,18,,,,,,,,,
0,VISIT,79,Random,OnArrival,3,48,7730,Node_759,35,0,18,35,18,,,,,,,,,
0,VISIT,81,Random,OnArrival,3,27,7730,Node_782,36,0,20,36,20,,,,,,,,,
0,VISIT,82,Random,OnArrival,3,28,7730,Node_787,37,0,17,37,17,,,,,,,,,
0,VISIT,83,Random,OnArrival,3,27,7730,Node_777,36,0,18,36,18,,,,,,,,,
0,VISIT,84,Random,OnArrival,3,21,7730,Node_782,36,0,20,36,20,,,,,,,,,
0,VISIT,85,Random,OnArrival,3,6,7730,Node_27,21,0,16,21,16,,,,,,,,,
0,VISIT,86,Random,OnArrival,3,6,7730,Node_49,20,0,13,20,13,,,,,,,,,
0,VISIT,87,Random,OnArrival,3,6,7730,Node_49,20,0,13,20,13,,,,,,,,,
0,VISIT,88,Random,OnArrival,3,6,7730,Node_27,21,0,16,21,16,,,,,,,,,
0,VISIT,74,Random,OnArrival,3,60,7734,Node_759,35,0,18,35,18,,,,,,,,,
0,VISIT,75,Random,OnArrival,3,73,7734,Node_759,35,0,18,35,18,,,,,,,,,
0,VISIT,77,Random,OnArrival,3,44,7734,Node_782,36,0,20,36,20,,,,,,,,,
0,VISIT,78,Random,OnArrival,3,48,7734,Node_777,36,0,18,36,18,,,,,,,,,
0,VISIT,79,Random,OnArrival,3,49,7734,Node_777,36,0,18,36,18,,,,,,,,,
0,VISIT,81,Random,OnArrival,3,28,7734,Node_780,36,0,19,36,19,,,,,,,,,
0,VISIT,82,Random,OnArrival,3,29,7734,Node_775,36,0,17,36,17,,,,,,,,,
0,VISIT,83,Random,OnArrival,3,28,7734,Node_759,35,0,18,35,18,,,,,,,,,
0,VISIT,84,Random,OnArrival,3,22,7734,Node_779,36,0,21,36,21,,,,,,,,,
0,VISIT,86,Random,OnArrival,3,7,7734,Node_52,20,0,14,20,14,,,,,,,,,
0,VISIT,87,Random,OnArrival,3,7,7734,Node_52,20,0,14,20,14,,,,,,,,,
0,VISIT,74,Random,OnArrival,3,61,7739,Node_777,36,0,18,36,18,,,,,,,,,
0,VISIT,75,Random,OnArrival,3,74,7739,Node_777,36,0,18,36,18,,,,,,,,,
0,VISIT,77,Random,OnArrival,3,45,7739,Node_780,36,0,19,36,19,,,,,,,,,
0,VISIT,78,Random,OnArrival,3,49,7739,Node_775,36,0,17,36,17,,,,,,,,,
0,VISIT,79,Random,OnArrival,3,50,7739,Node_775,36,0,17,36,17,,,,,,,,,
0,VISIT,81,Random,OnArrival,3,29,7739,Node_777,36,0,18,36,18,,,,,,,,,
0,VISIT,82,Random,OnArrival,3,30,7739,Node_777,36,0,18,36,18,,,,,,,,,
0,VISIT,83,Random,OnArrival,3,29,7739,Node_761,35,0,17,35,17,,,,,,,,,
0,VISIT,84,Random,OnArrival,3,23,7739,Node_782,36,0,20,36,20,,,,,,,,,
0,VISIT,85,Random,OnArrival,3,7,7739,Node_30,21,0,18,21,18,,,,,,,,,
0,VISIT,86,Random,OnArrival,3,8,7739,Node_54,20,0,15,20,15,,,,,,,,,
0,VISIT,87,Random,OnArrival,3,8,7739,Node_54,20,0,15,20,15,,,,,,,,,
0,VISIT,88,Random,OnArrival,3,7,7739,Node_30,21,0,18,21,18,,,,,,,,,
0,VISIT,74,Random,OnArrival,3,62,7743,Node_780,36,0,19,36,19,,,,,,,,,
0,VISIT,75,Random,OnArrival,3,75,7743,Node_775,36,0,17,36,17,,,,,,,,,
0,VISIT,77,Random,OnArrival,3,46,7743,Node_777,36,0,18,36,18,,,,,,,,,
0,VISIT,78,Random,OnArrival,3,50,7743,Node_773,36,0,16,36,16,,,,,,,,,
0,VISIT,79,Random,OnArrival,3,51,7743,Node_773,36,0,16,36,16,,,,,,,,,
0,VISIT,81,Random,OnArrival,3,30,7743,Node_759,35,0,18,35,18,,,,,,,,,
0,VISIT,82,Random,OnArrival,3,31,7743,Node_759,35,0,18,35,18,,,,,,,,,
0,VISIT,83,Random,OnArrival,3,30,7743,Node_762,35,0,16,35,16,,,,,,,,,
0,VISIT,84,Random,OnArrival,3,24,7743,Node_780,36,0,19,36,19,,,,,,,,,
0,VISIT,85,Random,OnArrival,3,8,7743,Node_33,21,0,19,21,19,,,,,,,,,
0,VISIT,86,Random,OnArrival,3,9,7743,Node_25,21,0,15,21,15,,,,,,,,,
0,VISIT,87,Random,OnArrival,3,9,7743,Node_25,21,0,15,21,15,,,,,,,,,
0,VISIT,88,Random,OnArrival,3,8,7743,Node_33,21,0,19,21,19,,,,,,,,,
0,VISIT,74,Random,OnArrival,3,63,7747,Node_781,37,0,19,37,19,,,,,,,,,
0,VISIT,75,Random,OnArrival,3,76,7747,Node_773,36,0,16,36,16,,,,,,,,,
0,VISIT,77,Random,OnArrival,3,47,7747,Node_775,36,0,17,36,17,,,,,,,,,
0,VISIT,78,Random,OnArrival,3,51,7747,Node_786,37,0,16,37,16,,,,,,,,,
0,VISIT,79,Random,OnArrival,3,52,7747,Node_786,37,0,16,37,16,,,,,,,,,
0,VISIT,81,Random,OnArrival,3,31,7747,Node_756,35,0,19,35,19,,,,,,,,,
0,VISIT,82,Random,OnArrival,3,32,7747,Node_756,35,0,19,35,19,,,,,,,,,
0,VISIT,83,Random,OnArrival,3,31,7747,Node_773,36,0,16,36,16,,,,,,,,,
0,VISIT,84,Random,OnArrival,3,25,7747,Node_781,37,0,19,37,19,,,,,,,,,
0,VISIT,85,Random,OnArrival,3,9,7747,Node_35,21,0,20,21,20,,,,,,,,,
0,VISIT,86,Random,OnArrival,3,10,7747,Node_27,21,0,16,21,16,,,,,,,,,
0,VISIT,87,Random,OnArrival,3,10,7747,Node_27,21,0,16,21,16,,,,,,,,,
0,VISIT,88,Random,OnArrival,3,9,7747,Node_35,21,0,20,21,20,,,,,,,,,
0,VISIT,74,Random,OnArrival,3,64,7751,Node_778,38,0,19,38,19,,,,,,,,,
0,VISIT,75,Random,OnArrival,3,77,7751,Node_786,37,0,16,37,16,,,,,,,,,
0,VISIT,77,Random,OnArrival,3,48,7751,Node_773,36,0,16,36,16,,,,,,,,,
0,VISIT,81,Random,OnArrival,3,32,7751,Node_780,36,0,19,36,19,,,,,,,,,
0,VISIT,82,Random,OnArrival,3,33,7751,Node_780,36,0,19,36,19,,,,,,,,,
0,VISIT,83,Random,OnArrival,3,32,7751,Node_786,37,0,16,37,16,,,,,,,,,
0,VISIT,84,Random,OnArrival,3,26,7751,Node_778,38,0,19,38,19,,,,,,,,,
0,VISIT,85,Random,OnArrival,3,10,7751,Node_722,21,0,21,21,21,,,,,,,,,
0,VISIT,88,Random,OnArrival,3,10,7751,Node_722,21,0,21,21,21,,,,,,,,,
0,VISIT,77,Random,OnArrival,3,49,7757,Node_786,37,0,16,37,16,,,,,,,,,
0,VISIT,81,Random,OnArrival,3,33,7757,Node_781,37,0,19,37,19,,,,,,,,,
0,VISIT,82,Random,OnArrival,3,34,7757,Node_781,37,0,19,37,19,,,,,,,,,
0,VISIT,85,Random,OnArrival,3,11,7757,Node_275,21,0,22,21,22,,,,,,,,,
0,VISIT,86,Random,OnArrival,3,11,7757,Node_30,21,0,18,21,18,,,,,,,,,
0,VISIT,87,Random,OnArrival,3,11,7757,Node_30,21,0,18,21,18,,,,,,,,,
0,VISIT,88,Random,OnArrival,3,11,7757,Node_275,21,0,22,21,22,,,,,,,,,
0,VISIT,81,Random,OnArrival,3,34,7762,Node_778,38,0,19,38,19,,,,,,,,,
0,VISIT,82,Random,OnArrival,3,35,7762,Node_778,38,0,19,38,19,,,,,,,,,
0,VISIT,85,Random,OnArrival,3,12,7762,Node_272,21,0,23,21,23,,,,,,,,,
0,VISIT,86,Random,OnArrival,3,12,7762,Node_33,21,0,19,21,19,,,,,,,,,
0,VISIT,87,Random,OnArrival,3,12,7762,Node_33,21,0,19,21,19,,,,,,,,,
0,VISIT,88,Random,OnArrival,3,12,7762,Node_272,21,0,23,21,23,,,,,,,,,
0,VISIT,75,Random,OnArrival,3,78,7767,Node_789,40,0,16,40,16,,,,,,,,,
0,VISIT,83,Random,OnArrival,3,33,7767,Node_789,40,0,16,40,16,,,,,,,,,
0,VISIT,86,Random,OnArrival,3,13,7767,Node_35,21,0,20,21,20,,,,,,,,,
0,VISIT,87,Random,OnArrival,3,13,7767,Node_35,21,0,20,21,20,,,,,,,,,
0,VISIT,75,Random,OnArrival,3,79,7773,Node_790,40,0,17,40,17,,,,,,,,,
0,VISIT,77,Random,OnArrival,3,50,7773,Node_789,40,0,16,40,16,,,,,,,,,
0,VISIT,79,Random,OnArrival,3,53,7773,Node_791,40,0,18,40,18,,,,,,,,,
0,VISIT,81,Random,OnArrival,3,35,7773,Node_788,40,0,19,40,19,,,,,,,,,
0,VISIT,82,Random,OnArrival,3,36,7773,Node_788,40,0,19,40,19,,,,,,,,,
0,VISIT,84,Random,OnArrival,3,27,7773,Node_790,40,0,17,40,17,,,,,,,,,
0,VISIT,85,Random,OnArrival,3,13,7773,Node_713,19,0,23,19,23,,,,,,,,,
0,VISIT,86,Random,OnArrival,3,14,7773,Node_722,21,0,21,21,21,,,,,,,,,
0,VISIT,87,Random,OnArrival,3,14,7773,Node_722,21,0,21,21,21,,,,,,,,,
0,VISIT,88,Random,OnArrival,3,13,7773,Node_713,19,0,23,19,23,,,,,,,,,
0,VISIT,75,Random,OnArrival,3,80,7778,Node_791,40,0,18,40,18,,,,,,,,,
0,VISIT,85,Random,OnArrival,3,14,7778,Node_712,19,0,24,19,24,,,,,,,,,
0,VISIT,86,Random,OnArrival,3,15,7778,Node_275,21,0,22,21,22,,,,,,,,,
0,VISIT,87,Random,OnArrival,3,15,7778,Node_275,21,0,22,21,22,,,,,,,,,
0,VISIT,88,Random,OnArrival,3,14,7778,Node_712,19,0,24,19,24,,,,,,,,,
0,VISIT,75,Random,OnArrival,3,81,7783,Node_792,41,0,18,41,18,,,,,,,,,
0,VISIT,77,Random,OnArrival,3,51,7783,Node_794,40,0,14,40,14,,,,,,,,,
0,VISIT,79,Random,OnArrival,3,54,7783,Node_793,41,0,19,41,19,,,,,,,,,
0,VISIT,84,Random,OnArrival,3,28,7783,Node_792,41,0,18,41,18,,,,,,,,,
0,VISIT,85,Random,OnArrival,3,15,7783,Node_711,19,0,25,19,25,,,,,,,,,
0,VISIT,86,Random,OnArrival,3,16,7783,Node_272,21,0,23,21,23,,,,,,,,,
0,VISIT,87,Random,OnArrival,3,16,7783,Node_272,21,0,23,21,23,,,,,,,,,
0,VISIT,88,Random,OnArrival,3,15,7783,Node_711,19,0,25,19,25,,,,,,,,,
0,VISIT,75,Random,OnArrival,3,82,7789,Node_793,41,0,19,41,19,,,,,,,,,
0,VISIT,77,Random,OnArrival,3,52,7789,Node_797,40,0,13,40,13,,,,,,,,,
0,VISIT,79,Random,OnArrival,3,55,7789,Node_796,41,0,20,41,20,,,,,,,,,
0,VISIT,83,Random,OnArrival,3,34,7789,Node_661,39,0,13,39,13,,,,,,,,,
0,VISIT,84,Random,OnArrival,3,29,7789,Node_795,41,0,17,41,17,,,,,,,,,
0,VISIT,75,Random,OnArrival,3,83,7796,Node_796,41,0,20,41,20,,,,,,,,,
0,VISIT,77,Random,OnArrival,3,53,7796,Node_661,39,0,13,39,13,,,,,,,,,
0,VISIT,79,Random,OnArrival,3,56,7796,Node_798,41,0,21,41,21,,,,,,,,,
0,VISIT,83,Random,OnArrival,3,35,7796,Node_797,40,0,13,40,13,,,,,,,,,
0,VISIT,86,Random,OnArrival,3,17,7796,Node_713,19,0,23,19,23,,,,,,,,,
0,VISIT,87,Random,OnArrival,3,17,7796,Node_713,19,0,23,19,23,,,,,,,,,
0,VISIT,77,Random,OnArrival,3,54,7802,Node_797,40,0,13,40,13,,,,,,,,,
0,VISIT,79,Random,OnArrival,3,57,7802,Node_799,42,0,21,42,21,,,,,,,,,
0,VISIT,86,Random,OnArrival,3,18,7802,Node_712,19,0,24,19,24,,,,,,,,,
0,VISIT,87,Random,OnArrival,3,18,7802,Node_712,19,0,24,19,24,,,,,,,,,
0,VISIT,75,Random,OnArrival,3,84,7808,Node_799,42,0,21,42,21,,,,,,,,,
0,VISIT,77,Random,OnArrival,3,55,7808,Node_803,41,0,13,41,13,,,,,,,,,
0,VISIT,79,Random,OnArrival,3,58,7808,Node_802,42,0,22,42,22,,,,,,,,,
0,VISIT,86,Random,OnArrival,3,19,7808,Node_711,19,0,25,19,25,,,,,,,,,
0,VISIT,87,Random,OnArrival,3,19,7808,Node_711,19,0,25,19,25,,,,,,,,,
0,VISIT,75,Random,OnArrival,3,85,7814,Node_802,42,0,22,42,22,,,,,,,,,
0,VISIT,77,Random,OnArrival,3,56,7814,Node_805,41,0,14,41,14,,,,,,,,,
0,VISIT,79,Random,OnArrival,3,59,7814,Node_804,42,0,23,42,23,,,,,,,,,
0,VISIT,83,Random,OnArrival,3,36,7814,Node_794,40,0,14,40,14,,,,,,,,,
0,VISIT,85,Random,OnArrival,3,16,7814,Node_297,24,0,25,24,25,,,,,,,,,
0,VISIT,88,Random,OnArrival,3,16,7814,Node_297,24,0,25,24,25,,,,,,,,,
0,VISIT,77,Random,OnArrival,3,57,7820,Node_794,40,0,14,40,14,,,,,,,,,
0,VISIT,79,Random,OnArrival,3,60,7820,Node_806,42,0,24,42,24,,,,,,,,,
0,VISIT,83,Random,OnArrival,3,37,7820,Node_659,39,0,14,39,14,,,,,,,,,
0,VISIT,85,Random,OnArrival,3,17,7820,Node_710,25,0,25,25,25,,,,,,,,,
0,VISIT,88,Random,OnArrival,3,17,7820,Node_710,25,0,25,25,25,,,,,,,,,
0,VISIT,89,Random,OnArrival,3,0,7822,Node_6,19,0,12,19,12,,,,,,,,,
0,VISIT,90,Random,OnArrival,3,0,7822,Node_7,19,0,8,19,8,,,,,,,,,
0,VISIT,91,Random,OnArrival,3,0,7822,Node_8,17,0,10,17,10,,,,,,,,,
0,VISIT,92,Random,OnArrival,3,0,7822,Node_9,21,0,10,21,10,,,,,,,,,
0,VISIT,77,Random,OnArrival,3,58,7826,Node_659,39,0,14,39,14,,,,,,,,,
0,VISIT,79,Random,OnArrival,3,61,7826,Node_808,42,0,25,42,25,,,,,,,,,
0,VISIT,83,Random,OnArrival,3,38,7826,Node_661,39,0,13,39,13,,,,,,,,,
0,VISIT,89,Random,OnArrival,3,1,7826,Node_2,19,0,11,19,11,,,,,,,,,
0,VISIT,90,Random,OnArrival,3,1,7826,Node_3,19,0,9,19,9,,,,,,,,,
0,VISIT,91,Random,OnArrival,3,1,7826,Node_4,18,0,10,18,10,,,,,,,,,
0,VISIT,92,Random,OnArrival,3,1,7826,Node_13,21,0,11,21,11,,,,,,,,,
0,VISIT,77,Random,OnArrival,3,59,7830,Node_794,40,0,14,40,14,,,,,,,,,
0,VISIT,79,Random,OnArrival,3,62,7830,Node_810,41,0,25,41,25,,,,,,,,,
0,VISIT,83,Random,OnArrival,3,39,7830,Node_797,40,0,13,40,13,,,,,,,,,
0,VISIT,89,Random,OnArrival,3,2,7830,Node_55,20,0,11,20,11,,,,,,,,,
0,VISIT,90,Random,OnArrival,3,2,7830,Node_50,20,0,9,20,9,,,,,,,,,
0,VISIT,91,Random,OnArrival,3,2,7830,Node_14,18,0,11,18,11,,,,,,,,,
0,VISIT,92,Random,OnArrival,3,2,7830,Node_87,22,0,11,22,11,,,,,,,,,
0,VISIT,77,Random,OnArrival,3,60,7834,Node_805,41,0,14,41,14,,,,,,,,,
0,VISIT,79,Random,OnArrival,3,63,7834,Node_812,41,0,24,41,24,,,,,,,,,
0,VISIT,83,Random,OnArrival,3,40,7834,Node_803,41,0,13,41,13,,,,,,,,,
0,VISIT,86,Random,OnArrival,3,20,7834,Node_297,24,0,25,24,25,,,,,,,,,
0,VISIT,87,Random,OnArrival,3,20,7834,Node_297,24,0,25,24,25,,,,,,,,,
0,VISIT,89,Random,OnArrival,3,3,7834,Node_13,21,0,11,21,11,,,,,,,,,
0,VISIT,90,Random,OnArrival,3,3,7834,Node_48,21,0,9,21,9,,,,,,,,,
0,VISIT,91,Random,OnArrival,3,3,7834,Node_2,19,0,11,19,11,,,,,,,,,
0,VISIT,92,Random,OnArrival,3,3,7834,Node_93,23,0,11,23,11,,,,,,,,,
0,VISIT,75,Random,OnArrival,3,86,7838,Node_808,42,0,25,42,25,,,,,,,,,
0,VISIT,79,Random,OnArrival,3,64,7838,Node_814,40,0,24,40,24,,,,,,,,,
0,VISIT,85,Random,OnArrival,3,18,7838,Node_727,29,0,25,29,25,,,,,,,,,
0,VISIT,86,Random,OnArrival,3,21,7838,Node_710,25,0,25,25,25,,,,,,,,,
0,VISIT,87,Random,OnArrival,3,21,7838,Node_710,25,0,25,25,25,,,,,,,,,
0,VISIT,88,Random,OnArrival,3,18,7838,Node_727,29,0,25,29,25,,,,,,,,,
0,VISIT,89,Random,OnArrival,3,4,7838,Node_87,22,0,11,22,11,,,,,,,,,
0,VISIT,90,Random,OnArrival,3,4,7838,Node_88,22,0,9,22,9,,,,,,,,,
0,VISIT,91,Random,OnArrival,3,4,7838,Node_55,20,0,11,20,11,,,,,,,,,
0,VISIT,92,Random,OnArrival,3,4,7838,Node_96,23,0,12,23,12,,,,,,,,,
0,VISIT,75,Random,OnArrival,3,87,7842,Node_813,43,0,25,43,25,,,,,,,,,
0,VISIT,79,Random,OnArrival,3,65,7842,Node_816,40,0,25,40,25,,,,,,,,,
0,VISIT,82,Random,OnArrival,3,37,7842,Node_770,39,0,25,39,25,,,,,,,,,
0,VISIT,83,Random,OnArrival,3,41,7842,Node_815,42,0,14,42,14,,,,,,,,,
0,VISIT,85,Random,OnArrival,3,19,7842,Node_725,30,0,25,30,25,,,,,,,,,
0,VISIT,88,Random,OnArrival,3,19,7842,Node_725,30,0,25,30,25,,,,,,,,,
0,VISIT,89,Random,OnArrival,3,5,7842,Node_93,23,0,11,23,11,,,,,,,,,
0,VISIT,90,Random,OnArrival,3,5,7842,Node_108,23,0,9,23,9,,,,,,,,,
0,VISIT,91,Random,OnArrival,3,5,7842,Node_13,21,0,11,21,11,,,,,,,,,
0,VISIT,92,Random,OnArrival,3,5,7842,Node_99,24,0,12,24,12,,,,,,,,,
0,VISIT,79,Random,OnArrival,3,66,7846,Node_770,39,0,25,39,25,,,,,,,,,
0,VISIT,82,Random,OnArrival,3,38,7846,Node_772,39,0,24,39,24,,,,,,,,,
0,VISIT,85,Random,OnArrival,3,20,7846,Node_735,31,0,25,31,25,,,,,,,,,
0,VISIT,88,Random,OnArrival,3,20,7846,Node_735,31,0,25,31,25,,,,,,,,,
0,VISIT,89,Random,OnArrival,3,6,7846,Node_96,23,0,12,23,12,,,,,,,,,
0,VISIT,90,Random,OnArrival,3,6,7846,Node_90,23,0,10,23,10,,,,,,,,,
0,VISIT,91,Random,OnArrival,3,6,7846,Node_17,21,0,12,21,12,,,,,,,,,
0,VISIT,92,Random,OnArrival,3,6,7846,Node_103,24,0,13,24,13,,,,,,,,,
0,VISIT,77,Random,OnArrival,3,61,7850,Node_800,41,0,16,41,16,,,,,,,,,
0,VISIT,79,Random,OnArrival,3,67,7850,Node_772,39,0,24,39,24,,,,,,,,,
0,VISIT,82,Random,OnArrival,3,39,7850,Node_814,40,0,24,40,24,,,,,,,,,
0,VISIT,83,Random,OnArrival,3,42,7850,Node_818,42,0,16,42,16,,,,,,,,,
0,VISIT,85,Random,OnArrival,3,21,7850,Node_742,32,0,25,32,25,,,,,,,,,
0,VISIT,88,Random,OnArrival,3,21,7850,Node_742,32,0,25,32,25,,,,,,,,,
0,VISIT,89,Random,OnArrival,3,7,7850,Node_99,24,0,12,24,12,,,,,,,,,
0,VISIT,90,Random,OnArrival,3,7,7850,Node_93,23,0,11,23,11,,,,,,,,,
0,VISIT,91,Random,OnArrival,3,7,7850,Node_19,21,0,13,21,13,,,,,,,,,
0,VISIT,92,Random,OnArrival,3,7,7850,Node_106,24,0,14,24,14,,,,,,,,,
0,VISIT,77,Random,OnArrival,3,62,7854,Node_789,40,0,16,40,16,,,,,,,,,
0,VISIT,79,Random,OnArrival,3,68,7854,Node_814,40,0,24,40,24,,,,,,,,,
0,VISIT,82,Random,OnArrival,3,40,7854,Node_816,40,0,25,40,25,,,,,,,,,
0,VISIT,86,Random,OnArrival,3,22,7854,Node_727,29,0,25,29,25,,,,,,,,,
0,VISIT,87,Random,OnArrival,3,22,7854,Node_727,29,0,25,29,25,,,,,,,,,
0,VISIT,89,Random,OnArrival,3,8,7854,Node_103,24,0,13,24,13,,,,,,,,,
0,VISIT,90,Random,OnArrival,3,8,7854,Node_96,23,0,12,23,12,,,,,,,,,
0,VISIT,91,Random,OnArrival,3,8,7854,Node_22,21,0,14,21,14,,,,,,,,,
0,VISIT,92,Random,OnArrival,3,8,7854,Node_110,24,0,15,24,15,,,,,,,,,
0,VISIT,77,Random,OnArrival,3,63,7858,Node_800,41,0,16,41,16,,,,,,,,,
0,VISIT,79,Random,OnArrival,3,69,7858,Node_812,41,0,24,41,24,,,,,,,,,
0,VISIT,82,Random,OnArrival,3,41,7858,Node_810,41,0,25,41,25,,,,,,,,,
0,VISIT,86,Random,OnArrival,3,23,7858,Node_725,30,0,25,30,25,,,,,,,,,
0,VISIT,87,Random,OnArrival,3,23,7858,Node_725,30,0,25,30,25,,,,,,,,,
0,VISIT,89,Random,OnArrival,3,9,7858,Node_106,24,0,14,24,14,,,,,,,,,
0,VISIT,90,Random,OnArrival,3,9,7858,Node_99,24,0,12,24,12,,,,,,,,,
0,VISIT,91,Random,OnArrival,3,9,7858,Node_25,21,0,15,21,15,,,,,,,,,
0,VISIT,92,Random,OnArrival,3,9,7858,Node_113,24,0,16,24,16,,,,,,,,,
0,VISIT,77,Random,OnArrival,3,64,7862,Node_818,42,0,16,42,16,,,,,,,,,
0,VISIT,79,Random,OnArrival,3,70,7862,Node_806,42,0,24,42,24,,,,,,,,,
0,VISIT,82,Random,OnArrival,3,42,7862,Node_812,41,0,24,41,24,,,,,,,,,
0,VISIT,85,Random,OnArrival,3,22,7862,Node_752,35,0,25,35,25,,,,,,,,,
0,VISIT,86,Random,OnArrival,3,24,7862,Node_735,31,0,25,31,25,,,,,,,,,
0,VISIT,87,Random,OnArrival,3,24,7862,Node_735,31,0,25,31,25,,,,,,,,,
0,VISIT,88,Random,OnArrival,3,22,7862,Node_752,35,0,25,35,25,,,,,,,,,
0,VISIT,89,Random,OnArrival,3,10,7862,Node_110,24,0,15,24,15,,,,,,,,,
0,VISIT,90,Random,OnArrival,3,10,7862,Node_103,24,0,13,24,13,,,,,,,,,
0,VISIT,91,Random,OnArrival,3,10,7862,Node_27,21,0,16,21,16,,,,,,,,,
0,VISIT,92,Random,OnArrival,3,10,7862,Node_116,24,0,17,24,17,,,,,,,,,
0,VISIT,79,Random,OnArrival,3,71,7866,Node_811,43,0,24,43,24,,,,,,,,,
0,VISIT,82,Random,OnArrival,3,43,7866,Node_810,41,0,25,41,25,,,,,,,,,
0,VISIT,85,Random,OnArrival,3,23,7866,Node_755,36,0,25,36,25,,,,,,,,,
0,VISIT,86,Random,OnArrival,3,25,7866,Node_742,32,0,25,32,25,,,,,,,,,
0,VISIT,87,Random,OnArrival,3,25,7866,Node_742,32,0,25,32,25,,,,,,,,,
0,VISIT,88,Random,OnArrival,3,23,7866,Node_755,36,0,25,36,25,,,,,,,,,
0,VISIT,89,Random,OnArrival,3,11,7866,Node_113,24,0,16,24,16,,,,,,,,,
0,VISIT,90,Random,OnArrival,3,11,7866,Node_106,24,0,14,24,14,,,,,,,,,
0,VISIT,92,Random,OnArrival,3,11,7866,Node_289,24,0,18,24,18,,,,,,,,,
0,VISIT,77,Random,OnArrival,3,65,7870,Node_815,42,0,14,42,14,,,,,,,,,
0,VISIT,79,Random,OnArrival,3,72,7870,Node_813,43,0,25,43,25,,,,,,,,,
0,VISIT,82,Random,OnArrival,3,44,7870,Node_808,42,0,25,42,25,,,,,,,,,
0,VISIT,89,Random,OnArrival,3,12,7870,Node_116,24,0,17,24,17,,,,,,,,,
0,VISIT,90,Random,OnArrival,3,12,7870,Node_110,24,0,15,24,15,,,,,,,,,
0,VISIT,91,Random,OnArrival,3,11,7870,Node_30,21,0,18,21,18,,,,,,,,,
0,VISIT,92,Random,OnArrival,3,12,7870,Node_290,24,0,19,24,19,,,,,,,,,
0,VISIT,82,Random,OnArrival,3,45,7874,Node_813,43,0,25,43,25,,,,,,,,,
0,VISIT,85,Random,OnArrival,3,24,7874,Node_766,38,0,25,38,25,,,,,,,,,
0,VISIT,88,Random,OnArrival,3,24,7874,Node_766,38,0,25,38,25,,,,,,,,,
0,VISIT,89,Random,OnArrival,3,13,7874,Node_289,24,0,18,24,18,,,,,,,,,
0,VISIT,90,Random,OnArrival,3,13,7874,Node_113,24,0,16,24,16,,,,,,,,,
0,VISIT,91,Random,OnArrival,3,12,7874,Node_33,21,0,19,21,19,,,,,,,,,
0,VISIT,92,Random,OnArrival,3,13,7874,Node_291,24,0,20,24,20,,,,,,,,,
0,VISIT,85,Random,OnArrival,3,25,7878,Node_768,38,0,24,38,24,,,,,,,,,
0,VISIT,86,Random,OnArrival,3,26,7878,Node_752,35,0,25,35,25,,,,,,,,,
0,VISIT,87,Random,OnArrival,3,26,7878,Node_752,35,0,25,35,25,,,,,,,,,
0,VISIT,88,Random,OnArrival,3,25,7878,Node_768,38,0,24,38,24,,,,,,,,,
0,VISIT,89,Random,OnArrival,3,14,7878,Node_290,24,0,19,24,19,,,,,,,,,
0,VISIT,90,Random,OnArrival,3,14,7878,Node_116,24,0,17,24,17,,,,,,,,,
0,VISIT,91,Random,OnArrival,3,13,7878,Node_35,21,0,20,21,20,,,,,,,,,
0,VISIT,77,Random,OnArrival,3,66,7883,Node_817,42,0,13,42,13,,,,,,,,,
0,VISIT,86,Random,OnArrival,3,27,7883,Node_755,36,0,25,36,25,,,,,,,,,
0,VISIT,87,Random,OnArrival,3,27,7883,Node_755,36,0,25,36,25,,,,,,,,,
0,VISIT,89,Random,OnArrival,3,15,7883,Node_291,24,0,20,24,20,,,,,,,,,
0,VISIT,90,Random,OnArrival,3,15,7883,Node_289,24,0,18,24,18,,,,,,,,,
0,VISIT,91,Random,OnArrival,3,14,7883,Node_722,21,0,21,21,21,,,,,,,,,
0,VISIT,92,Random,OnArrival,3,14,7883,Node_292,24,0,22,24,22,,,,,,,,,
0,VISIT,85,Random,OnArrival,3,26,7888,Node_771,38,0,22,38,22,,,,,,,,,
0,VISIT,88,Random,OnArrival,3,26,7888,Node_771,38,0,22,38,22,,,,,,,,,
0,VISIT,90,Random,OnArrival,3,16,7888,Node_290,24,0,19,24,19,,,,,,,,,
0,VISIT,91,Random,OnArrival,3,15,7888,Node_275,21,0,22,21,22,,,,,,,,,
0,VISIT,92,Random,OnArrival,3,15,7888,Node_293,24,0,23,24,23,,,,,,,,,
0,VISIT,79,Random,OnArrival,3,73,7893,Node_821,48,0,25,48,25,,,,,,,,,
0,VISIT,85,Random,OnArrival,3,27,7893,Node_783,39,0,22,39,22,,,,,,,,,
0,VISIT,86,Random,OnArrival,3,28,7893,Node_766,38,0,25,38,25,,,,,,,,,
0,VISIT,87,Random,OnArrival,3,28,7893,Node_766,38,0,25,38,25,,,,,,,,,
0,VISIT,88,Random,OnArrival,3,27,7893,Node_783,39,0,22,39,22,,,,,,,,,
0,VISIT,89,Random,OnArrival,3,16,7893,Node_292,24,0,22,24,22,,,,,,,,,
0,VISIT,90,Random,OnArrival,3,17,7893,Node_291,24,0,20,24,20,,,,,,,,,
0,VISIT,91,Random,OnArrival,3,16,7893,Node_272,21,0,23,21,23,,,,,,,,,
0,VISIT,92,Random,OnArrival,3,16,7893,Node_295,24,0,24,24,24,,,,,,,,,
0,VISIT,82,Random,OnArrival,3,46,7897,Node_821,48,0,25,48,25,,,,,,,,,
0,VISIT,85,Random,OnArrival,3,28,7897,Node_771,38,0,22,38,22,,,,,,,,,
0,VISIT,86,Random,OnArrival,3,29,7897,Node_768,38,0,24,38,24,,,,,,,,,
0,VISIT,87,Random,OnArrival,3,29,7897,Node_768,38,0,24,38,24,,,,,,,,,
0,VISIT,88,Random,OnArrival,3,28,7897,Node_771,38,0,22,38,22,,,,,,,,,
0,VISIT,89,Random,OnArrival,3,17,7897,Node_293,24,0,23,24,23,,,,,,,,,
0,VISIT,92,Random,OnArrival,3,17,7897,Node_297,24,0,25,24,25,,,,,,,,,
0,VISIT,85,Random,OnArrival,3,29,7903,Node_774,38,0,21,38,21,,,,,,,,,
0,VISIT,88,Random,OnArrival,3,29,7903,Node_774,38,0,21,38,21,,,,,,,,,
0,VISIT,89,Random,OnArrival,3,18,7903,Node_295,24,0,24,24,24,,,,,,,,,
0,VISIT,90,Random,OnArrival,3,18,7903,Node_292,24,0,22,24,22,,,,,,,,,
0,VISIT,91,Random,OnArrival,3,17,7903,Node_713,19,0,23,19,23,,,,,,,,,
0,VISIT,92,Random,OnArrival,3,18,7903,Node_710,25,0,25,25,25,,,,,,,,,
0,VISIT,85,Random,OnArrival,3,30,7908,Node_776,38,0,20,38,20,,,,,,,,,
0,VISIT,86,Random,OnArrival,3,30,7908,Node_771,38,0,22,38,22,,,,,,,,,
0,VISIT,87,Random,OnArrival,3,30,7908,Node_771,38,0,22,38,22,,,,,,,,,
0,VISIT,88,Random,OnArrival,3,30,7908,Node_776,38,0,20,38,20,,,,,,,,,
0,VISIT,89,Random,OnArrival,3,19,7908,Node_297,24,0,25,24,25,,,,,,,,,
0,VISIT,90,Random,OnArrival,3,19,7908,Node_293,24,0,23,24,23,,,,,,,,,
0,VISIT,91,Random,OnArrival,3,18,7908,Node_712,19,0,24,19,24,,,,,,,,,
0,VISIT,93,Random,OnArrival,3,0,7911,Node_6,19,0,12,19,12,,,,,,,,,
0,VISIT,94,Random,OnArrival,3,0,7911,Node_7,19,0,8,19,8,,,,,,,,,
0,VISIT,95,Random,OnArrival,3,0,7911,Node_8,17,0,10,17,10,,,,,,,,,
0,VISIT,96,Random,OnArrival,3,0,7911,Node_9,21,0,10,21,10,,,,,,,,,
0,VISIT,85,Random,OnArrival,3,31,7913,Node_778,38,0,19,38,19,,,,,,,,,
0,VISIT,86,Random,OnArrival,3,31,7913,Node_783,39,0,22,39,22,,,,,,,,,
0,VISIT,87,Random,OnArrival,3,31,7913,Node_783,39,0,22,39,22,,,,,,,,,
0,VISIT,88,Random,OnArrival,3,31,7913,Node_778,38,0,19,38,19,,,,,,,,,
0,VISIT,89,Random,OnArrival,3,20,7913,Node_710,25,0,25,25,25,,,,,,,,,
0,VISIT,90,Random,OnArrival,3,20,7913,Node_295,24,0,24,24,24,,,,,,,,,
0,VISIT,91,Random,OnArrival,3,19,7913,Node_711,19,0,25,19,25,,,,,,,,,
0,VISIT,93,Random,OnArrival,3,1,7915,Node_2,19,0,11,19,11,,,,,,,,,
0,VISIT,94,Random,OnArrival,3,1,7915,Node_3,19,0,9,19,9,,,,,,,,,
0,VISIT,95,Random,OnArrival,3,1,7915,Node_4,18,0,10,18,10,,,,,,,,,
0,VISIT,96,Random,OnArrival,3,1,7915,Node_13,21,0,11,21,11,,,,,,,,,
0,VISIT,79,Random,OnArrival,3,74,7918,Node_813,43,0,25,43,25,,,,,,,,,
0,VISIT,86,Random,OnArrival,3,32,7918,Node_771,38,0,22,38,22,,,,,,,,,
0,VISIT,87,Random,OnArrival,3,32,7918,Node_771,38,0,22,38,22,,,,,,,,,
0,VISIT,90,Random,OnArrival,3,21,7918,Node_297,24,0,25,24,25,,,,,,,,,
0,VISIT,93,Random,OnArrival,3,2,7919,Node_55,20,0,11,20,11,,,,,,,,,
0,VISIT,94,Random,OnArrival,3,2,7919,Node_50,20,0,9,20,9,,,,,,,,,
0,VISIT,95,Random,OnArrival,3,2,7919,Node_14,18,0,11,18,11,,,,,,,,,
0,VISIT,96,Random,OnArrival,3,2,7919,Node_87,22,0,11,22,11,,,,,,,,,
0,VISIT,79,Random,OnArrival,3,75,7923,Node_811,43,0,24,43,24,,,,,,,,,
0,VISIT,82,Random,OnArrival,3,47,7923,Node_813,43,0,25,43,25,,,,,,,,,
0,VISIT,85,Random,OnArrival,3,32,7923,Node_788,40,0,19,40,19,,,,,,,,,
0,VISIT,86,Random,OnArrival,3,33,7923,Node_774,38,0,21,38,21,,,,,,,,,
0,VISIT,87,Random,OnArrival,3,33,7923,Node_774,38,0,21,38,21,,,,,,,,,
0,VISIT,88,Random,OnArrival,3,32,7923,Node_788,40,0,19,40,19,,,,,,,,,
0,VISIT,90,Random,OnArrival,3,22,7923,Node_710,25,0,25,25,25,,,,,,,,,
0,VISIT,92,Random,OnArrival,3,19,7923,Node_727,29,0,25,29,25,,,,,,,,,
0,VISIT,93,Random,OnArrival,3,3,7923,Node_13,21,0,11,21,11,,,,,,,,,
0,VISIT,94,Random,OnArrival,3,3,7923,Node_48,21,0,9,21,9,,,,,,,,,
0,VISIT,95,Random,OnArrival,3,3,7923,Node_2,19,0,11,19,11,,,,,,,,,
0,VISIT,96,Random,OnArrival,3,3,7923,Node_93,23,0,11,23,11,,,,,,,,,
0,VISIT,79,Random,OnArrival,3,76,7927,Node_809,43,0,23,43,23,,,,,,,,,
0,VISIT,82,Random,OnArrival,3,48,7927,Node_811,43,0,24,43,24,,,,,,,,,
0,VISIT,85,Random,OnArrival,3,33,7927,Node_793,41,0,19,41,19,,,,,,,,,
0,VISIT,86,Random,OnArrival,3,34,7927,Node_776,38,0,20,38,20,,,,,,,,,
0,VISIT,87,Random,OnArrival,3,34,7927,Node_776,38,0,20,38,20,,,,,,,,,
0,VISIT,88,Random,OnArrival,3,33,7927,Node_793,41,0,19,41,19,,,,,,,,,
0,VISIT,92,Random,OnArrival,3,20,7927,Node_725,30,0,25,30,25,,,,,,,,,
0,VISIT,93,Random,OnArrival,3,4,7927,Node_87,22,0,11,22,11,,,,,,,,,
0,VISIT,94,Random,OnArrival,3,4,7927,Node_88,22,0,9,22,9,,,,,,,,,
0,VISIT,95,Random,OnArrival,3,4,7927,Node_55,20,0,11,20,11,,,,,,,,,
0,VISIT,96,Random,OnArrival,3,4,7927,Node_96,23,0,12,23,12,,,,,,,,,
0,VISIT,79,Random,OnArrival,3,77,7931,Node_804,42,0,23,42,23,,,,,,,,,
0,VISIT,82,Random,OnArrival,3,49,7931,Node_809,43,0,23,43,23,,,,,,,,,
0,VISIT,85,Random,OnArrival,3,34,7931,Node_796,41,0,20,41,20,,,,,,,,,
0,VISIT,86,Random,OnArrival,3,35,7931,Node_778,38,0,19,38,19,,,,,,,,,
0,VISIT,87,Random,OnArrival,3,35,7931,Node_778,38,0,19,38,19,,,,,,,,,
0,VISIT,88,Random,OnArrival,3,34,7931,Node_796,41,0,20,41,20,,,,,,,,,
0,VISIT,89,Random,OnArrival,3,21,7931,Node_727,29,0,25,29,25,,,,,,,,,
0,VISIT,92,Random,OnArrival,3,21,7931,Node_735,31,0,25,31,25,,,,,,,,,
0,VISIT,93,Random,OnArrival,3,5,7931,Node_93,23,0,11,23,11,,,,,,,,,
0,VISIT,94,Random,OnArrival,3,5,7931,Node_108,23,0,9,23,9,,,,,,,,,
0,VISIT,95,Random,OnArrival,3,5,7931,Node_13,21,0,11,21,11,,,,,,,,,
0,VISIT,96,Random,OnArrival,3,5,7931,Node_99,24,0,12,24,12,,,,,,,,,
0,VISIT,79,Random,OnArrival,3,78,7935,Node_802,42,0,22,42,22,,,,,,,,,
0,VISIT,82,Random,OnArrival,3,50,7935,Node_807,43,0,22,43,22,,,,,,,,,
0,VISIT,85,Random,OnArrival,3,35,7935,Node_801,42,0,20,42,20,,,,,,,,,
0,VISIT,88,Random,OnArrival,3,35,7935,Node_801,42,0,20,42,20,,,,,,,,,
0,VISIT,89,Random,OnArrival,3,22,7935,Node_725,30,0,25,30,25,,,,,,,,,
0,VISIT,91,Random,OnArrival,3,20,7935,Node_297,24,0,25,24,25,,,,,,,,,
0,VISIT,92,Random,OnArrival,3,22,7935,Node_742,32,0,25,32,25,,,,,,,,,
0,VISIT,93,Random,OnArrival,3,6,7935,Node_96,23,0,12,23,12,,,,,,,,,
0,VISIT,95,Random,OnArrival,3,6,7935,Node_87,22,0,11,22,11,,,,,,,,,
0,VISIT,96,Random,OnArrival,3,6,7935,Node_103,24,0,13,24,13,,,,,,,,,
0,VISIT,79,Random,OnArrival,3,79,7939,Node_799,42,0,21,42,21,,,,,,,,,
0,VISIT,86,Random,OnArrival,3,36,7939,Node_788,40,0,19,40,19,,,,,,,,,
0,VISIT,87,Random,OnArrival,3,36,7939,Node_788,40,0,19,40,19,,,,,,,,,
0,VISIT,89,Random,OnArrival,3,23,7939,Node_735,31,0,25,31,25,,,,,,,,,
0,VISIT,90,Random,OnArrival,3,23,7939,Node_727,29,0,25,29,25,,,,,,,,,
0,VISIT,91,Random,OnArrival,3,21,7939,Node_710,25,0,25,25,25,,,,,,,,,
0,VISIT,93,Random,OnArrival,3,7,7939,Node_99,24,0,12,24,12,,,,,,,,,
0,VISIT,94,Random,OnArrival,3,6,7939,Node_119,25,0,9,25,9,,,,,,,,,
0,VISIT,95,Random,OnArrival,3,7,7939,Node_93,23,0,11,23,11,,,,,,,,,
0,VISIT,96,Random,OnArrival,3,7,7939,Node_175,25,0,13,25,13,,,,,,,,,
0,VISIT,79,Random,OnArrival,3,80,7943,Node_801,42,0,20,42,20,,,,,,,,,
0,VISIT,86,Random,OnArrival,3,37,7943,Node_793,41,0,19,41,19,,,,,,,,,
0,VISIT,87,Random,OnArrival,3,37,7943,Node_793,41,0,19,41,19,,,,,,,,,
0,VISIT,89,Random,OnArrival,3,24,7943,Node_742,32,0,25,32,25,,,,,,,,,
0,VISIT,90,Random,OnArrival,3,24,7943,Node_725,30,0,25,30,25,,,,,,,,,
0,VISIT,93,Random,OnArrival,3,8,7943,Node_103,24,0,13,24,13,,,,,,,,,
0,VISIT,94,Random,OnArrival,3,7,7943,Node_128,26,0,9,26,9,,,,,,,,,
0,VISIT,95,Random,OnArrival,3,8,7943,Node_96,23,0,12,23,12,,,,,,,,,
0,VISIT,96,Random,OnArrival,3,8,7943,Node_209,26,0,13,26,13,,,,,,,,,
0,VISIT,79,Random,OnArrival,3,81,7947,Node_799,42,0,21,42,21,,,,,,,,,
0,VISIT,85,Random,OnArrival,3,36,7947,Node_822,43,0,18,43,18,,,,,,,,,
0,VISIT,86,Random,OnArrival,3,38,7947,Node_796,41,0,20,41,20,,,,,,,,,
0,VISIT,87,Random,OnArrival,3,38,7947,Node_796,41,0,20,41,20,,,,,,,,,
0,VISIT,88,Random,OnArrival,3,36,7947,Node_822,43,0,18,43,18,,,,,,,,,
0,VISIT,90,Random,OnArrival,3,25,7947,Node_735,31,0,25,31,25,,,,,,,,,
0,VISIT,92,Random,OnArrival,3,23,7947,Node_752,35,0,25,35,25,,,,,,,,,
0,VISIT,93,Random,OnArrival,3,9,7947,Node_175,25,0,13,25,13,,,,,,,,,
0,VISIT,94,Random,OnArrival,3,8,7947,Node_444,27,0,9,27,9,,,,,,,,,
0,VISIT,95,Random,OnArrival,3,9,7947,Node_99,24,0,12,24,12,,,,,,,,,
0,VISIT,96,Random,OnArrival,3,9,7947,Node_223,27,0,13,27,13,,,,,,,,,
0,VISIT,79,Random,OnArrival,3,82,7951,Node_802,42,0,22,42,22,,,,,,,,,
0,VISIT,86,Random,OnArrival,3,39,7951,Node_801,42,0,20,42,20,,,,,,,,,
0,VISIT,87,Random,OnArrival,3,39,7951,Node_801,42,0,20,42,20,,,,,,,,,
0,VISIT,90,Random,OnArrival,3,26,7951,Node_742,32,0,25,32,25,,,,,,,,,
0,VISIT,92,Random,OnArrival,3,24,7951,Node_755,36,0,25,36,25,,,,,,,,,
0,VISIT,93,Random,OnArrival,3,10,7951,Node_209,26,0,13,26,13,,,,,,,,,
0,VISIT,94,Random,OnArrival,3,9,7951,Node_446,27,0,10,27,10,,,,,,,,,
0,VISIT,95,Random,OnArrival,3,10,7951,Node_103,24,0,13,24,13,,,,,,,,,
0,VISIT,96,Random,OnArrival,3,10,7951,Node_453,28,0,13,28,13,,,,,,,,,
0,VISIT,79,Random,OnArrival,3,83,7955,Node_807,43,0,22,43,22,,,,,,,,,
0,VISIT,86,Random,OnArrival,3,40,7955,Node_829,43,0,20,43,20,,,,,,,,,
0,VISIT,87,Random,OnArrival,3,40,7955,Node_829,43,0,20,43,20,,,,,,,,,
0,VISIT,89,Random,OnArrival,3,25,7955,Node_752,35,0,25,35,25,,,,,,,,,
0,VISIT,91,Random,OnArrival,3,22,7955,Node_727,29,0,25,29,25,,,,,,,,,
0,VISIT,93,Random,OnArrival,3,11,7955,Node_223,27,0,13,27,13,,,,,,,,,
0,VISIT,94,Random,OnArrival,3,10,7955,Node_448,27,0,11,27,11,,,,,,,,,
0,VISIT,95,Random,OnArrival,3,11,7955,Node_175,25,0,13,25,13,,,,,,,,,
0,VISIT,79,Random,OnArrival,3,84,7960,Node_802,42,0,22,42,22,,,,,,,,,
0,VISIT,89,Random,OnArrival,3,26,7960,Node_755,36,0,25,36,25,,,,,,,,,
0,VISIT,91,Random,OnArrival,3,23,7960,Node_725,30,0,25,30,25,,,,,,,,,
0,VISIT,92,Random,OnArrival,3,25,7960,Node_766,38,0,25,38,25,,,,,,,,,
0,VISIT,93,Random,OnArrival,3,12,7960,Node_453,28,0,13,28,13,,,,,,,,,
0,VISIT,94,Random,OnArrival,3,11,7960,Node_219,27,0,12,27,12,,,,,,,,,
0,VISIT,95,Random,OnArrival,3,12,7960,Node_209,26,0,13,26,13,,,,,,,,,
0,VISIT,96,Random,OnArrival,3,11,7960,Node_596,30,0,13,30,13,,,,,,,,,
0,VISIT,79,Random,OnArrival,3,85,7964,Node_799,42,0,21,42,21,,,,,,,,,
0,VISIT,82,Random,OnArrival,3,51,7964,Node_836,44,0,20,44,20,,,,,,,,,
0,VISIT,85,Random,OnArrival,3,37,7964,Node_829,43,0,20,43,20,,,,,,,,,
0,VISIT,90,Random,OnArrival,3,27,7964,Node_752,35,0,25,35,25,,,,,,,,,
0,VISIT,91,Random,OnArrival,3,24,7964,Node_735,31,0,25,31,25,,,,,,,,,
0,VISIT,92,Random,OnArrival,3,26,7964,Node_770,39,0,25,39,25,,,,,,,,,
0,VISIT,94,Random,OnArrival,3,12,7964,Node_223,27,0,13,27,13,,,,,,,,,
0,VISIT,95,Random,OnArrival,3,13,7964,Node_223,27,0,13,27,13,,,,,,,,,
0,VISIT,96,Random,OnArrival,3,12,7964,Node_540,31,0,13,31,13,,,,,,,,,
0,VISIT,79,Random,OnArrival,3,86,7969,Node_801,42,0,20,42,20,,,,,,,,,
0,VISIT,82,Random,OnArrival,3,52,7969,Node_835,44,0,19,44,19,,,,,,,,,
0,VISIT,85,Random,OnArrival,3,38,7969,Node_830,43,0,19,43,19,,,,,,,,,
0,VISIT,86,Random,OnArrival,3,41,7969,Node_834,46,0,20,46,20,,,,,,,,,
0,VISIT,87,Random,OnArrival,3,41,7969,Node_834,46,0,20,46,20,,,,,,,,,
0,VISIT,88,Random,OnArrival,3,37,7969,Node_834,46,0,20,46,20,,,,,,,,,
0,VISIT,89,Random,OnArrival,3,27,7969,Node_766,38,0,25,38,25,,,,,,,,,
0,VISIT,90,Random,OnArrival,3,28,7969,Node_755,36,0,25,36,25,,,,,,,,,
0,VISIT,91,Random,OnArrival,3,25,7969,Node_742,32,0,25,32,25,,,,,,,,,
0,VISIT,92,Random,OnArrival,3,27,7969,Node_816,40,0,25,40,25,,,,,,,,,
0,VISIT,93,Random,OnArrival,3,13,7969,Node_596,30,0,13,30,13,,,,,,,,,
0,VISIT,94,Random,OnArrival,3,13,7969,Node_453,28,0,13,28,13,,,,,,,,,
0,VISIT,95,Random,OnArrival,3,14,7969,Node_453,28,0,13,28,13,,,,,,,,,
0,VISIT,96,Random,OnArrival,3,13,7969,Node_595,32,0,13,32,13,,,,,,,,,
0,VISIT,79,Random,OnArrival,3,87,7974,Node_829,43,0,20,43,20,,,,,,,,,
0,VISIT,82,Random,OnArrival,3,53,7974,Node_830,43,0,19,43,19,,,,,,,,,
0,VISIT,85,Random,OnArrival,3,39,7974,Node_835,44,0,19,44,19,,,,,,,,,
0,VISIT,89,Random,OnArrival,3,28,7974,Node_770,39,0,25,39,25,,,,,,,,,
0,VISIT,92,Random,OnArrival,3,28,7974,Node_810,41,0,25,41,25,,,,,,,,,
0,VISIT,93,Random,OnArrival,3,14,7974,Node_540,31,0,13,31,13,,,,,,,,,
0,VISIT,79,Random,OnArrival,3,88,7980,Node_830,43,0,19,43,19,,,,,,,,,
0,VISIT,82,Random,OnArrival,3,54,7980,Node_829,43,0,20,43,20,,,,,,,,,
0,VISIT,85,Random,OnArrival,3,40,7980,Node_836,44,0,20,44,20,,,,,,,,,
0,VISIT,89,Random,OnArrival,3,29,7980,Node_816,40,0,25,40,25,,,,,,,,,
0,VISIT,90,Random,OnArrival,3,29,7980,Node_766,38,0,25,38,25,,,,,,,,,
0,VISIT,92,Random,OnArrival,3,29,7980,Node_808,42,0,25,42,25,,,,,,,,,
0,VISIT,93,Random,OnArrival,3,15,7980,Node_595,32,0,13,32,13,,,,,,,,,
0,VISIT,94,Random,OnArrival,3,14,7980,Node_596,30,0,13,30,13,,,,,,,,,
0,VISIT,95,Random,OnArrival,3,15,7980,Node_596,30,0,13,30,13,,,,,,,,,
0,VISIT,96,Random,OnArrival,3,14,7980,Node_765,34,0,13,34,13,,,,,,,,,
0,VISIT,79,Random,OnArrival,3,89,7986,Node_822,43,0,18,43,18,,,,,,,,,
0,VISIT,82,Random,OnArrival,3,55,7986,Node_836,44,0,20,44,20,,,,,,,,,
0,VISIT,86,Random,OnArrival,3,42,7986,Node_832,46,0,21,46,21,,,,,,,,,
0,VISIT,87,Random,OnArrival,3,42,7986,Node_832,46,0,21,46,21,,,,,,,,,
0,VISIT,88,Random,OnArrival,3,38,7986,Node_832,46,0,21,46,21,,,,,,,,,
0,VISIT,89,Random,OnArrival,3,30,7986,Node_810,41,0,25,41,25,,,,,,,,,
0,VISIT,90,Random,OnArrival,3,30,7986,Node_770,39,0,25,39,25,,,,,,,,,
0,VISIT,91,Random,OnArrival,3,26,7986,Node_752,35,0,25,35,25,,,,,,,,,
0,VISIT,92,Random,OnArrival,3,30,7986,Node_813,43,0,25,43,25,,,,,,,,,
0,VISIT,94,Random,OnArrival,3,15,7986,Node_540,31,0,13,31,13,,,,,,,,,
0,VISIT,95,Random,OnArrival,3,16,7986,Node_540,31,0,13,31,13,,,,,,,,,
0,VISIT,96,Random,OnArrival,3,15,7986,Node_662,35,0,13,35,13,,,,,,,,,
0,VISIT,79,Random,OnArrival,3,90,7992,Node_833,44,0,18,44,18,,,,,,,,,
0,VISIT,85,Random,OnArrival,3,41,7992,Node_834,46,0,20,46,20,,,,,,,,,
0,VISIT,86,Random,OnArrival,3,43,7992,Node_834,46,0,20,46,20,,,,,,,,,
0,VISIT,87,Random,OnArrival,3,43,7992,Node_834,46,0,20,46,20,,,,,,,,,
0,VISIT,88,Random,OnArrival,3,39,7992,Node_834,46,0,20,46,20,,,,,,,,,
0,VISIT,89,Random,OnArrival,3,31,7992,Node_808,42,0,25,42,25,,,,,,,,,
0,VISIT,90,Random,OnArrival,3,31,7992,Node_816,40,0,25,40,25,,,,,,,,,
0,VISIT,91,Random,OnArrival,3,27,7992,Node_755,36,0,25,36,25,,,,,,,,,
0,VISIT,93,Random,OnArrival,3,16,7992,Node_765,34,0,13,34,13,,,,,,,,,
0,VISIT,94,Random,OnArrival,3,16,7992,Node_595,32,0,13,32,13,,,,,,,,,
0,VISIT,95,Random,OnArrival,3,17,7992,Node_595,32,0,13,32,13,,,,,,,,,
0,VISIT,82,Random,OnArrival,3,56,7998,Node_834,46,0,20,46,20,,,,,,,,,
0,VISIT,85,Random,OnArrival,3,42,7998,Node_832,46,0,21,46,21,,,,,,,,,
0,VISIT,86,Random,OnArrival,3,44,7998,Node_837,47,0,20,47,20,,,,,,,,,
0,VISIT,88,Random,OnArrival,3,40,7998,Node_837,47,0,20,47,20,,,,,,,,,
0,VISIT,89,Random,OnArrival,3,32,7998,Node_813,43,0,25,43,25,,,,,,,,,
0,VISIT,90,Random,OnArrival,3,32,7998,Node_810,41,0,25,41,25,,,,,,,,,
0,VISIT,93,Random,OnArrival,3,17,7998,Node_662,35,0,13,35,13,,,,,,,,,
0,VISIT,96,Random,OnArrival,3,16,7998,Node_649,37,0,13,37,13,,,,,,,,,
0,VISIT,82,Random,OnArrival,3,57,8005,Node_832,46,0,21,46,21,,,,,,,,,
0,VISIT,85,Random,OnArrival,3,43,8005,Node_834,46,0,20,46,20,,,,,,,,,
0,VISIT,86,Random,OnArrival,3,45,8005,Node_826,48,0,20,48,20,,,,,,,,,
0,VISIT,87,Random,OnArrival,3,44,8005,Node_836,44,0,20,44,20,,,,,,,,,
0,VISIT,88,Random,OnArrival,3,41,8005,Node_826,48,0,20,48,20,,,,,,,,,
0,VISIT,90,Random,OnArrival,3,33,8005,Node_808,42,0,25,42,25,,,,,,,,,
0,VISIT,91,Random,OnArrival,3,28,8005,Node_766,38,0,25,38,25,,,,,,,,,
0,VISIT,94,Random,OnArrival,3,17,8005,Node_765,34,0,13,34,13,,,,,,,,,
0,VISIT,95,Random,OnArrival,3,18,8005,Node_765,34,0,13,34,13,,,,,,,,,
0,VISIT,96,Random,OnArrival,3,17,8005,Node_656,38,0,13,38,13,,,,,,,,,
0,VISIT,79,Random,OnArrival,3,91,8011,Node_819,43,0,16,43,16,,,,,,,,,
0,VISIT,82,Random,OnArrival,3,58,8011,Node_838,47,0,21,47,21,,,,,,,,,
0,VISIT,87,Random,OnArrival,3,45,8011,Node_835,44,0,19,44,19,,,,,,,,,
0,VISIT,90,Random,OnArrival,3,34,8011,Node_813,43,0,25,43,25,,,,,,,,,
0,VISIT,91,Random,OnArrival,3,29,8011,Node_770,39,0,25,39,25,,,,,,,,,
0,VISIT,93,Random,OnArrival,3,18,8011,Node_649,37,0,13,37,13,,,,,,,,,
0,VISIT,94,Random,OnArrival,3,18,8011,Node_662,35,0,13,35,13,,,,,,,,,
0,VISIT,95,Random,OnArrival,3,19,8011,Node_662,35,0,13,35,13,,,,,,,,,
0,VISIT,96,Random,OnArrival,3,18,8011,Node_661,39,0,13,39,13,,,,,,,,,
0,VISIT,97,Random,OnArrival,3,0,8014,Node_6,19,0,12,19,12,,,,,,,,,
0,VISIT,98,Random,OnArrival,3,0,8014,Node_7,19,0,8,19,8,,,,,,,,,
0,VISIT,99,Random,OnArrival,3,0,8014,Node_8,17,0,10,17,10,,,,,,,,,
0,VISIT,100,Random,OnArrival,3,0,8014,Node_9,21,0,10,21,10,,,,,,,,,
0,VISIT,79,Random,OnArrival,3,92,8017,Node_820,43,0,17,43,17,,,,,,,,,
0,VISIT,82,Random,OnArrival,3,59,8017,Node_824,48,0,21,48,21,,,,,,,,,
0,VISIT,85,Random,OnArrival,3,44,8017,Node_836,44,0,20,44,20,,,,,,,,,
0,VISIT,87,Random,OnArrival,3,46,8017,Node_833,44,0,18,44,18,,,,,,,,,
0,VISIT,91,Random,OnArrival,3,30,8017,Node_816,40,0,25,40,25,,,,,,,,,
0,VISIT,92,Random,OnArrival,3,31,8017,Node_821,48,0,25,48,25,,,,,,,,,
0,VISIT,93,Random,OnArrival,3,19,8017,Node_656,38,0,13,38,13,,,,,,,,,
0,VISIT,96,Random,OnArrival,3,19,8017,Node_797,40,0,13,40,13,,,,,,,,,
0,VISIT,97,Random,OnArrival,3,1,8018,Node_2,19,0,11,19,11,,,,,,,,,
0,VISIT,98,Random,OnArrival,3,1,8018,Node_3,19,0,9,19,9,,,,,,,,,
0,VISIT,99,Random,OnArrival,3,1,8018,Node_4,18,0,10,18,10,,,,,,,,,
0,VISIT,100,Random,OnArrival,3,1,8018,Node_13,21,0,11,21,11,,,,,,,,,
0,VISIT,79,Random,OnArrival,3,93,8022,Node_839,44,0,17,44,17,,,,,,,,,
0,VISIT,82,Random,OnArrival,3,60,8022,Node_826,48,0,20,48,20,,,,,,,,,
0,VISIT,85,Random,OnArrival,3,45,8022,Node_835,44,0,19,44,19,,,,,,,,,
0,VISIT,91,Random,OnArrival,3,31,8022,Node_810,41,0,25,41,25,,,,,,,,,
0,VISIT,93,Random,OnArrival,3,20,8022,Node_661,39,0,13,39,13,,,,,,,,,
0,VISIT,94,Random,OnArrival,3,19,8022,Node_649,37,0,13,37,13,,,,,,,,,
0,VISIT,95,Random,OnArrival,3,20,8022,Node_649,37,0,13,37,13,,,,,,,,,
0,VISIT,96,Random,OnArrival,3,20,8022,Node_803,41,0,13,41,13,,,,,,,,,
0,VISIT,97,Random,OnArrival,3,2,8022,Node_55,20,0,11,20,11,,,,,,,,,
0,VISIT,98,Random,OnArrival,3,2,8022,Node_50,20,0,9,20,9,,,,,,,,,
0,VISIT,99,Random,OnArrival,3,2,8022,Node_14,18,0,11,18,11,,,,,,,,,
0,VISIT,100,Random,OnArrival,3,2,8022,Node_87,22,0,11,22,11,,,,,,,,,
0,VISIT,79,Random,OnArrival,3,94,8026,Node_833,44,0,18,44,18,,,,,,,,,
0,VISIT,85,Random,OnArrival,3,46,8026,Node_833,44,0,18,44,18,,,,,,,,,
0,VISIT,89,Random,OnArrival,3,33,8026,Node_821,48,0,25,48,25,,,,,,,,,
0,VISIT,91,Random,OnArrival,3,32,8026,Node_808,42,0,25,42,25,,,,,,,,,
0,VISIT,93,Random,OnArrival,3,21,8026,Node_797,40,0,13,40,13,,,,,,,,,
0,VISIT,94,Random,OnArrival,3,20,8026,Node_656,38,0,13,38,13,,,,,,,,,
0,VISIT,95,Random,OnArrival,3,21,8026,Node_656,38,0,13,38,13,,,,,,,,,
0,VISIT,96,Random,OnArrival,3,21,8026,Node_817,42,0,13,42,13,,,,,,,,,
0,VISIT,97,Random,OnArrival,3,3,8026,Node_13,21,0,11,21,11,,,,,,,,,
0,VISIT,98,Random,OnArrival,3,3,8026,Node_48,21,0,9,21,9,,,,,,,,,
0,VISIT,99,Random,OnArrival,3,3,8026,Node_2,19,0,11,19,11,,,,,,,,,
0,VISIT,100,Random,OnArrival,3,3,8026,Node_93,23,0,11,23,11,,,,,,,,,
0,VISIT,82,Random,OnArrival,3,61,8030,Node_841,48,0,18,48,18,,,,,,,,,
0,VISIT,91,Random,OnArrival,3,33,8030,Node_806,42,0,24,42,24,,,,,,,,,
0,VISIT,93,Random,OnArrival,3,22,8030,Node_803,41,0,13,41,13,,,,,,,,,
0,VISIT,94,Random,OnArrival,3,21,8030,Node_661,39,0,13,39,13,,,,,,,,,
0,VISIT,95,Random,OnArrival,3,22,8030,Node_661,39,0,13,39,13,,,,,,,,,
0,VISIT,97,Random,OnArrival,3,4,8030,Node_87,22,0,11,22,11,,,,,,,,,
0,VISIT,98,Random,OnArrival,3,4,8030,Node_88,22,0,9,22,9,,,,,,,,,
0,VISIT,99,Random,OnArrival,3,4,8030,Node_55,20,0,11,20,11,,,,,,,,,
0,VISIT,100,Random,OnArrival,3,4,8030,Node_96,23,0,12,23,12,,,,,,,,,
0,VISIT,79,Random,OnArrival,3,95,8034,Node_844,46,0,18,46,18,,,,,,,,,
0,VISIT,82,Random,OnArrival,3,62,8034,Node_842,47,0,18,47,18,,,,,,,,,
0,VISIT,85,Random,OnArrival,3,47,8034,Node_844,46,0,18,46,18,,,,,,,,,
0,VISIT,90,Random,OnArrival,3,35,8034,Node_821,48,0,25,48,25,,,,,,,,,
0,VISIT,91,Random,OnArrival,3,34,8034,Node_804,42,0,23,42,23,,,,,,,,,
0,VISIT,92,Random,OnArrival,3,32,8034,Node_824,48,0,21,48,21,,,,,,,,,
0,VISIT,93,Random,OnArrival,3,23,8034,Node_817,42,0,13,42,13,,,,,,,,,
0,VISIT,94,Random,OnArrival,3,22,8034,Node_797,40,0,13,40,13,,,,,,,,,
0,VISIT,95,Random,OnArrival,3,23,8034,Node_797,40,0,13,40,13,,,,,,,,,
0,VISIT,96,Random,OnArrival,3,22,8034,Node_827,42,0,11,42,11,,,,,,,,,
0,VISIT,97,Random,OnArrival,3,5,8034,Node_93,23,0,11,23,11,,,,,,,,,
0,VISIT,98,Random,OnArrival,3,5,8034,Node_108,23,0,9,23,9,,,,,,,,,
0,VISIT,99,Random,OnArrival,3,5,8034,Node_13,21,0,11,21,11,,,,,,,,,
0,VISIT,100,Random,OnArrival,3,5,8034,Node_99,24,0,12,24,12,,,,,,,,,
0,VISIT,79,Random,OnArrival,3,96,8038,Node_842,47,0,18,47,18,,,,,,,,,
0,VISIT,82,Random,OnArrival,3,63,8038,Node_844,46,0,18,46,18,,,,,,,,,
0,VISIT,85,Random,OnArrival,3,48,8038,Node_842,47,0,18,47,18,,,,,,,,,
0,VISIT,86,Random,OnArrival,3,46,8038,Node_846,46,0,17,46,17,,,,,,,,,
0,VISIT,91,Random,OnArrival,3,35,8038,Node_802,42,0,22,42,22,,,,,,,,,
0,VISIT,92,Random,OnArrival,3,33,8038,Node_826,48,0,20,48,20,,,,,,,,,
0,VISIT,93,Random,OnArrival,3,24,8038,Node_825,43,0,13,43,13,,,,,,,,,
0,VISIT,94,Random,OnArrival,3,23,8038,Node_803,41,0,13,41,13,,,,,,,,,
0,VISIT,95,Random,OnArrival,3,24,8038,Node_803,41,0,13,41,13,,,,,,,,,
0,VISIT,97,Random,OnArrival,3,6,8038,Node_96,23,0,12,23,12,,,,,,,,,
0,VISIT,99,Random,OnArrival,3,6,8038,Node_87,22,0,11,22,11,,,,,,,,,
0,VISIT,100,Random,OnArrival,3,6,8038,Node_103,24,0,13,24,13,,,,,,,,,
0,VISIT,79,Random,OnArrival,3,97,8042,Node_844,46,0,18,46,18,,,,,,,,,
0,VISIT,82,Random,OnArrival,3,64,8042,Node_846,46,0,17,46,17,,,,,,,,,
0,VISIT,85,Random,OnArrival,3,49,8042,Node_843,47,0,17,47,17,,,,,,,,,
0,VISIT,86,Random,OnArrival,3,47,8042,Node_843,47,0,17,47,17,,,,,,,,,
0,VISIT,89,Random,OnArrival,3,34,8042,Node_824,48,0,21,48,21,,,,,,,,,
0,VISIT,91,Random,OnArrival,3,36,8042,Node_799,42,0,21,42,21,,,,,,,,,
0,VISIT,94,Random,OnArrival,3,24,8042,Node_817,42,0,13,42,13,,,,,,,,,
0,VISIT,95,Random,OnArrival,3,25,8042,Node_817,42,0,13,42,13,,,,,,,,,
0,VISIT,97,Random,OnArrival,3,7,8042,Node_99,24,0,12,24,12,,,,,,,,,
0,VISIT,98,Random,OnArrival,3,6,8042,Node_119,25,0,9,25,9,,,,,,,,,
0,VISIT,99,Random,OnArrival,3,7,8042,Node_93,23,0,11,23,11,,,,,,,,,
0,VISIT,100,Random,OnArrival,3,7,8042,Node_175,25,0,13,25,13,,,,,,,,,
0,VISIT,79,Random,OnArrival,3,98,8046,Node_846,46,0,17,46,17,,,,,,,,,
0,VISIT,82,Random,OnArrival,3,65,8046,Node_843,47,0,17,47,17,,,,,,,,,
0,VISIT,85,Random,OnArrival,3,50,8046,Node_846,46,0,17,46,17,,,,,,,,,
0,VISIT,86,Random,OnArrival,3,48,8046,Node_845,47,0,16,47,16,,,,,,,,,
0,VISIT,89,Random,OnArrival,3,35,8046,Node_826,48,0,20,48,20,,,,,,,,,
0,VISIT,91,Random,OnArrival,3,37,8046,Node_801,42,0,20,42,20,,,,,,,,,
0,VISIT,92,Random,OnArrival,3,34,8046,Node_841,48,0,18,48,18,,,,,,,,,
0,VISIT,97,Random,OnArrival,3,8,8046,Node_103,24,0,13,24,13,,,,,,,,,
0,VISIT,98,Random,OnArrival,3,7,8046,Node_128,26,0,9,26,9,,,,,,,,,
0,VISIT,99,Random,OnArrival,3,8,8046,Node_96,23,0,12,23,12,,,,,,,,,
0,VISIT,100,Random,OnArrival,3,8,8046,Node_209,26,0,13,26,13,,,,,,,,,
0,VISIT,79,Random,OnArrival,3,99,8050,Node_847,46,0,16,46,16,,,,,,,,,
0,VISIT,82,Random,OnArrival,3,66,8050,Node_845,47,0,16,47,16,,,,,,,,,
0,VISIT,85,Random,OnArrival,3,51,8050,Node_847,46,0,16,46,16,,,,,,,,,
0,VISIT,86,Random,OnArrival,3,49,8050,Node_847,46,0,16,46,16,,,,,,,,,
0,VISIT,90,Random,OnArrival,3,36,8050,Node_824,48,0,21,48,21,,,,,,,,,
0,VISIT,91,Random,OnArrival,3,38,8050,Node_829,43,0,20,43,20,,,,,,,,,
0,VISIT,92,Random,OnArrival,3,35,8050,Node_842,47,0,18,47,18,,,,,,,,,
0,VISIT,93,Random,OnArrival,3,25,8050,Node_823,43,0,14,43,14,,,,,,,,,
0,VISIT,94,Random,OnArrival,3,25,8050,Node_827,42,0,11,42,11,,,,,,,,,
0,VISIT,95,Random,OnArrival,3,26,8050,Node_827,42,0,11,42,11,,,,,,,,,
0,VISIT,97,Random,OnArrival,3,9,8050,Node_175,25,0,13,25,13,,,,,,,,,
0,VISIT,98,Random,OnArrival,3,8,8050,Node_444,27,0,9,27,9,,,,,,,,,
0,VISIT,99,Random,OnArrival,3,9,8050,Node_99,24,0,12,24,12,,,,,,,,,
0,VISIT,100,Random,OnArrival,3,9,8050,Node_223,27,0,13,27,13,,,,,,,,,
0,VISIT,82,Random,OnArrival,3,67,8054,Node_847,46,0,16,46,16,,,,,,,,,
0,VISIT,89,Random,OnArrival,3,36,8054,Node_841,48,0,18,48,18,,,,,,,,,
0,VISIT,90,Random,OnArrival,3,37,8054,Node_826,48,0,20,48,20,,,,,,,,,
0,VISIT,91,Random,OnArrival,3,39,8054,Node_830,43,0,19,43,19,,,,,,,,,
0,VISIT,92,Random,OnArrival,3,36,8054,Node_843,47,0,17,47,17,,,,,,,,,
0,VISIT,93,Random,OnArrival,3,26,8054,Node_853,44,0,14,44,14,,,,,,,,,
0,VISIT,94,Random,OnArrival,3,26,8054,Node_828,42,0,10,42,10,,,,,,,,,
0,VISIT,96,Random,OnArrival,3,23,8054,Node_828,42,0,10,42,10,,,,,,,,,
0,VISIT,97,Random,OnArrival,3,10,8054,Node_209,26,0,13,26,13,,,,,,,,,
0,VISIT,98,Random,OnArrival,3,9,8054,Node_446,27,0,10,27,10,,,,,,,,,
0,VISIT,99,Random,OnArrival,3,10,8054,Node_103,24,0,13,24,13,,,,,,,,,
0,VISIT,100,Random,OnArrival,3,10,8054,Node_453,28,0,13,28,13,,,,,,,,,
0,VISIT,79,Random,OnArrival,3,100,8058,Node_849,46,0,14,46,14,,,,,,,,,
0,VISIT,85,Random,OnArrival,3,52,8058,Node_849,46,0,14,46,14,,,,,,,,,
0,VISIT,86,Random,OnArrival,3,50,8058,Node_849,46,0,14,46,14,,,,,,,,,
0,VISIT,87,Random,OnArrival,3,47,8058,Node_853,44,0,14,44,14,,,,,,,,,
0,VISIT,88,Random,OnArrival,3,42,8058,Node_853,44,0,14,44,14,,,,,,,,,
0,VISIT,89,Random,OnArrival,3,37,8058,Node_842,47,0,18,47,18,,,,,,,,,
0,VISIT,91,Random,OnArrival,3,40,8058,Node_822,43,0,18,43,18,,,,,,,,,
0,VISIT,92,Random,OnArrival,3,37,8058,Node_845,47,0,16,47,16,,,,,,,,,
0,VISIT,93,Random,OnArrival,3,27,8058,Node_857,45,0,14,45,14,,,,,,,,,
0,VISIT,94,Random,OnArrival,3,27,8058,Node_856,42,0,9,42,9,,,,,,,,,
0,VISIT,95,Random,OnArrival,3,27,8058,Node_817,42,0,13,42,13,,,,,,,,,
0,VISIT,97,Random,OnArrival,3,11,8058,Node_223,27,0,13,27,13,,,,,,,,,
0,VISIT,98,Random,OnArrival,3,10,8058,Node_448,27,0,11,27,11,,,,,,,,,
0,VISIT,99,Random,OnArrival,3,11,8058,Node_175,25,0,13,25,13,,,,,,,,,
0,VISIT,79,Random,OnArrival,3,101,8062,Node_857,45,0,14,45,14,,,,,,,,,
0,VISIT,82,Random,OnArrival,3,68,8062,Node_849,46,0,14,46,14,,,,,,,,,
0,VISIT,85,Random,OnArrival,3,53,8062,Node_857,45,0,14,45,14,,,,,,,,,
0,VISIT,86,Random,OnArrival,3,51,8062,Node_857,45,0,14,45,14,,,,,,,,,
0,VISIT,87,Random,OnArrival,3,48,8062,Node_857,45,0,14,45,14,,,,,,,,,
0,VISIT,88,Random,OnArrival,3,43,8062,Node_857,45,0,14,45,14,,,,,,,,,
0,VISIT,89,Random,OnArrival,3,38,8062,Node_843,47,0,17,47,17,,,,,,,,,
0,VISIT,90,Random,OnArrival,3,38,8062,Node_841,48,0,18,48,18,,,,,,,,,
0,VISIT,91,Random,OnArrival,3,41,8062,Node_833,44,0,18,44,18,,,,,,,,,
0,VISIT,92,Random,OnArrival,3,38,8062,Node_847,46,0,16,46,16,,,,,,,,,
0,VISIT,93,Random,OnArrival,3,28,8062,Node_849,46,0,14,46,14,,,,,,,,,
0,VISIT,95,Random,OnArrival,3,28,8062,Node_815,42,0,14,42,14,,,,,,,,,
0,VISIT,97,Random,OnArrival,3,12,8062,Node_453,28,0,13,28,13,,,,,,,,,
0,VISIT,98,Random,OnArrival,3,11,8062,Node_219,27,0,12,27,12,,,,,,,,,
0,VISIT,99,Random,OnArrival,3,12,8062,Node_209,26,0,13,26,13,,,,,,,,,
0,VISIT,100,Random,OnArrival,3,11,8062,Node_596,30,0,13,30,13,,,,,,,,,
0,VISIT,79,Random,OnArrival,3,102,8066,Node_855,45,0,13,45,13,,,,,,,,,
0,VISIT,85,Random,OnArrival,3,54,8066,Node_855,45,0,13,45,13,,,,,,,,,
0,VISIT,86,Random,OnArrival,3,52,8066,Node_849,46,0,14,46,14,,,,,,,,,
0,VISIT,87,Random,OnArrival,3,49,8066,Node_853,44,0,14,44,14,,,,,,,,,
0,VISIT,88,Random,OnArrival,3,44,8066,Node_855,45,0,13,45,13,,,,,,,,,
0,VISIT,89,Random,OnArrival,3,39,8066,Node_845,47,0,16,47,16,,,,,,,,,
0,VISIT,90,Random,OnArrival,3,39,8066,Node_842,47,0,18,47,18,,,,,,,,,
0,VISIT,94,Random,OnArrival,3,28,8066,Node_858,41,0,10,41,10,,,,,,,,,
0,VISIT,95,Random,OnArrival,3,29,8066,Node_823,43,0,14,43,14,,,,,,,,,
0,VISIT,98,Random,OnArrival,3,12,8066,Node_223,27,0,13,27,13,,,,,,,,,
0,VISIT,99,Random,OnArrival,3,13,8066,Node_223,27,0,13,27,13,,,,,,,,,
0,VISIT,100,Random,OnArrival,3,12,8066,Node_540,31,0,13,31,13,,,,,,,,,
0,VISIT,79,Random,OnArrival,3,103,8071,Node_850,44,0,13,44,13,,,,,,,,,
0,VISIT,85,Random,OnArrival,3,55,8071,Node_850,44,0,13,44,13,,,,,,,,,
0,VISIT,86,Random,OnArrival,3,53,8071,Node_852,46,0,13,46,13,,,,,,,,,
0,VISIT,87,Random,OnArrival,3,50,8071,Node_850,44,0,13,44,13,,,,,,,,,
0,VISIT,88,Random,OnArrival,3,45,8071,Node_850,44,0,13,44,13,,,,,,,,,
0,VISIT,89,Random,OnArrival,3,40,8071,Node_847,46,0,16,46,16,,,,,,,,,
0,VISIT,90,Random,OnArrival,3,40,8071,Node_843,47,0,17,47,17,,,,,,,,,
0,VISIT,91,Random,OnArrival,3,42,8071,Node_844,46,0,18,46,18,,,,,,,,,
0,VISIT,92,Random,OnArrival,3,39,8071,Node_849,46,0,14,46,14,,,,,,,,,
0,VISIT,95,Random,OnArrival,3,30,8071,Node_853,44,0,14,44,14,,,,,,,,,
0,VISIT,97,Random,OnArrival,3,13,8071,Node_596,30,0,13,30,13,,,,,,,,,
0,VISIT,98,Random,OnArrival,3,13,8071,Node_453,28,0,13,28,13,,,,,,,,,
0,VISIT,99,Random,OnArrival,3,14,8071,Node_453,28,0,13,28,13,,,,,,,,,
0,VISIT,100,Random,OnArrival,3,13,8071,Node_595,32,0,13,32,13,,,,,,,,,
0,VISIT,79,Random,OnArrival,3,104,8075,Node_855,45,0,13,45,13,,,,,,,,,
0,VISIT,82,Random,OnArrival,3,69,8075,Node_852,46,0,13,46,13,,,,,,,,,
0,VISIT,85,Random,OnArrival,3,56,8075,Node_855,45,0,13,45,13,,,,,,,,,
0,VISIT,86,Random,OnArrival,3,54,8075,Node_862,47,0,13,47,13,,,,,,,,,
0,VISIT,87,Random,OnArrival,3,51,8075,Node_855,45,0,13,45,13,,,,,,,,,
0,VISIT,88,Random,OnArrival,3,46,8075,Node_853,44,0,14,44,14,,,,,,,,,
0,VISIT,90,Random,OnArrival,3,41,8075,Node_845,47,0,16,47,16,,,,,,,,,
0,VISIT,91,Random,OnArrival,3,43,8075,Node_846,46,0,17,46,17,,,,,,,,,
0,VISIT,92,Random,OnArrival,3,40,8075,Node_860,47,0,14,47,14,,,,,,,,,
0,VISIT,93,Random,OnArrival,3,29,8075,Node_852,46,0,13,46,13,,,,,,,,,
0,VISIT,94,Random,OnArrival,3,29,8075,Node_861,40,0,9,40,9,,,,,,,,,
0,VISIT,95,Random,OnArrival,3,31,8075,Node_857,45,0,14,45,14,,,,,,,,,
0,VISIT,96,Random,OnArrival,3,24,8075,Node_861,40,0,9,40,9,,,,,,,,,
0,VISIT,97,Random,OnArrival,3,14,8075,Node_540,31,0,13,31,13,,,,,,,,,
0,VISIT,79,Random,OnArrival,3,105,8081,Node_852,46,0,13,46,13,,,,,,,,,
0,VISIT,82,Random,OnArrival,3,70,8081,Node_862,47,0,13,47,13,,,,,,,,,
0,VISIT,85,Random,OnArrival,3,57,8081,Node_852,46,0,13,46,13,,,,,,,,,
0,VISIT,87,Random,OnArrival,3,52,8081,Node_852,46,0,13,46,13,,,,,,,,,
0,VISIT,88,Random,OnArrival,3,47,8081,Node_857,45,0,14,45,14,,,,,,,,,
0,VISIT,89,Random,OnArrival,3,41,8081,Node_849,46,0,14,46,14,,,,,,,,,
0,VISIT,90,Random,OnArrival,3,42,8081,Node_847,46,0,16,46,16,,,,,,,,,
0,VISIT,91,Random,OnArrival,3,44,8081,Node_847,46,0,16,46,16,,,,,,,,,
0,VISIT,93,Random,OnArrival,3,30,8081,Node_862,47,0,13,47,13,,,,,,,,,
0,VISIT,95,Random,OnArrival,3,32,8081,Node_849,46,0,14,46,14,,,,,,,,,
0,VISIT,97,Random,OnArrival,3,15,8081,Node_595,32,0,13,32,13,,,,,,,,,
0,VISIT,98,Random,OnArrival,3,14,8081,Node_596,30,0,13,30,13,,,,,,,,,
0,VISIT,99,Random,OnArrival,3,15,8081,Node_596,30,0,13,30,13,,,,,,,,,
0,VISIT,100,Random,OnArrival,3,14,8081,Node_765,34,0,13,34,13,,,,,,,,,
0,VISIT,79,Random,OnArrival,3,106,8086,Node_849,46,0,14,46,14,,,,,,,,,
0,VISIT,82,Random,OnArrival,3,71,8086,Node_864,48,0,13,48,13,,,,,,,,,
0,VISIT,85,Random,OnArrival,3,58,8086,Node_849,46,0,14,46,14,,,,,,,,,
0,VISIT,86,Random,OnArrival,3,55,8086,Node_865,48,0,14,48,14,,,,,,,,,
0,VISIT,87,Random,OnArrival,3,53,8086,Node_862,47,0,13,47,13,,,,,,,,,
0,VISIT,88,Random,OnArrival,3,48,8086,Node_849,46,0,14,46,14,,,,,,,,,
0,VISIT,89,Random,OnArrival,3,42,8086,Node_860,47,0,14,47,14,,,,,,,,,
0,VISIT,92,Random,OnArrival,3,41,8086,Node_864,48,0,13,48,13,,,,,,,,,
0,VISIT,93,Random,OnArrival,3,31,8086,Node_864,48,0,13,48,13,,,,,,,,,
0,VISIT,95,Random,OnArrival,3,33,8086,Node_860,47,0,14,47,14,,,,,,,,,
0,VISIT,98,Random,OnArrival,3,15,8086,Node_540,31,0,13,31,13,,,,,,,,,
0,VISIT,99,Random,OnArrival,3,16,8086,Node_540,31,0,13,31,13,,,,,,,,,
0,VISIT,100,Random,OnArrival,3,15,8086,Node_662,35,0,13,35,13,,,,,,,,,
0,VISIT,79,Random,OnArrival,3,107,8091,Node_860,47,0,14,47,14,,,,,,,,,
0,VISIT,82,Random,OnArrival,3,72,8091,Node_865,48,0,14,48,14,,,,,,,,,
0,VISIT,85,Random,OnArrival,3,59,8091,Node_860,47,0,14,47,14,,,,,,,,,
0,VISIT,86,Random,OnArrival,3,56,8091,Node_864,48,0,13,48,13,,,,,,,,,
0,VISIT,87,Random,OnArrival,3,54,8091,Node_864,48,0,13,48,13,,,,,,,,,
0,VISIT,88,Random,OnArrival,3,49,8091,Node_860,47,0,14,47,14,,,,,,,,,
0,VISIT,89,Random,OnArrival,3,43,8091,Node_862,47,0,13,47,13,,,,,,,,,
0,VISIT,90,Random,OnArrival,3,43,8091,Node_849,46,0,14,46,14,,,,,,,,,
0,VISIT,91,Random,OnArrival,3,45,8091,Node_849,46,0,14,46,14,,,,,,,,,
0,VISIT,95,Random,OnArrival,3,34,8091,Node_862,47,0,13,47,13,,,,,,,,,
0,VISIT,97,Random,OnArrival,3,16,8091,Node_765,34,0,13,34,13,,,,,,,,,
0,VISIT,98,Random,OnArrival,3,16,8091,Node_595,32,0,13,32,13,,,,,,,,,
0,VISIT,99,Random,OnArrival,3,17,8091,Node_595,32,0,13,32,13,,,,,,,,,
0,VISIT,79,Random,OnArrival,3,108,8097,Node_862,47,0,13,47,13,,,,,,,,,
0,VISIT,82,Random,OnArrival,3,73,8097,Node_864,48,0,13,48,13,,,,,,,,,
0,VISIT,85,Random,OnArrival,3,60,8097,Node_862,47,0,13,47,13,,,,,,,,,
0,VISIT,88,Random,OnArrival,3,50,8097,Node_862,47,0,13,47,13,,,,,,,,,
0,VISIT,89,Random,OnArrival,3,44,8097,Node_864,48,0,13,48,13,,,,,,,,,
0,VISIT,90,Random,OnArrival,3,44,8097,Node_852,46,0,13,46,13,,,,,,,,,
0,VISIT,91,Random,OnArrival,3,46,8097,Node_852,46,0,13,46,13,,,,,,,,,
0,VISIT,95,Random,OnArrival,3,35,8097,Node_864,48,0,13,48,13,,,,,,,,,
0,VISIT,97,Random,OnArrival,3,17,8097,Node_662,35,0,13,35,13,,,,,,,,,
0,VISIT,100,Random,OnArrival,3,16,8097,Node_649,37,0,13,37,13,,,,,,,,,
0,VISIT,79,Random,OnArrival,3,109,8103,Node_864,48,0,13,48,13,,,,,,,,,
0,VISIT,85,Random,OnArrival,3,61,8103,Node_864,48,0,13,48,13,,,,,,,,,
0,VISIT,88,Random,OnArrival,3,51,8103,Node_864,48,0,13,48,13,,,,,,,,,
0,VISIT,90,Random,OnArrival,3,45,8103,Node_862,47,0,13,47,13,,,,,,,,,
0,VISIT,91,Random,OnArrival,3,47,8103,Node_862,47,0,13,47,13,,,,,,,,,
0,VISIT,98,Random,OnArrival,3,17,8103,Node_765,34,0,13,34,13,,,,,,,,,
0,VISIT,99,Random,OnArrival,3,18,8103,Node_765,34,0,13,34,13,,,,,,,,,
0,VISIT,100,Random,OnArrival,3,17,8103,Node_652,37,0,14,37,14,,,,,,,,,
0,VISIT,101,Random,OnArrival,3,0,8107,Node_6,19,0,12,19,12,,,,,,,,,
0,VISIT,102,Random,OnArrival,3,0,8107,Node_7,19,0,8,19,8,,,,,,,,,
0,VISIT,103,Random,OnArrival,3,0,8107,Node_8,17,0,10,17,10,,,,,,,,,
0,VISIT,104,Random,OnArrival,3,0,8107,Node_9,21,0,10,21,10,,,,,,,,,
0,VISIT,86,Random,OnArrival,3,57,8109,Node_870,48,0,10,48,10,,,,,,,,,
0,VISIT,87,Random,OnArrival,3,55,8109,Node_870,48,0,10,48,10,,,,,,,,,
0,VISIT,90,Random,OnArrival,3,46,8109,Node_864,48,0,13,48,13,,,,,,,,,
0,VISIT,91,Random,OnArrival,3,48,8109,Node_864,48,0,13,48,13,,,,,,,,,
0,VISIT,94,Random,OnArrival,3,30,8109,Node_673,37,0,8,37,8,,,,,,,,,
0,VISIT,96,Random,OnArrival,3,25,8109,Node_673,37,0,8,37,8,,,,,,,,,
0,VISIT,97,Random,OnArrival,3,18,8109,Node_649,37,0,13,37,13,,,,,,,,,
0,VISIT,98,Random,OnArrival,3,18,8109,Node_662,35,0,13,35,13,,,,,,,,,
0,VISIT,99,Random,OnArrival,3,19,8109,Node_662,35,0,13,35,13,,,,,,,,,
0,VISIT,100,Random,OnArrival,3,18,8109,Node_655,38,0,14,38,14,,,,,,,,,
0,VISIT,101,Random,OnArrival,3,1,8111,Node_2,19,0,11,19,11,,,,,,,,,
0,VISIT,102,Random,OnArrival,3,1,8111,Node_3,19,0,9,19,9,,,,,,,,,
0,VISIT,103,Random,OnArrival,3,1,8111,Node_4,18,0,10,18,10,,,,,,,,,
0,VISIT,104,Random,OnArrival,3,1,8111,Node_13,21,0,11,21,11,,,,,,,,,
0,VISIT,82,Random,OnArrival,3,74,8115,Node_870,48,0,10,48,10,,,,,,,,,
0,VISIT,86,Random,OnArrival,3,58,8115,Node_872,48,0,9,48,9,,,,,,,,,
0,VISIT,87,Random,OnArrival,3,56,8115,Node_872,48,0,9,48,9,,,,,,,,,
0,VISIT,89,Random,OnArrival,3,45,8115,Node_870,48,0,10,48,10,,,,,,,,,
0,VISIT,94,Random,OnArrival,3,31,8115,Node_871,38,0,8,38,8,,,,,,,,,
0,VISIT,95,Random,OnArrival,3,36,8115,Node_870,48,0,10,48,10,,,,,,,,,
0,VISIT,96,Random,OnArrival,3,26,8115,Node_676,37,0,7,37,7,,,,,,,,,
0,VISIT,97,Random,OnArrival,3,19,8115,Node_652,37,0,14,37,14,,,,,,,,,
0,VISIT,100,Random,OnArrival,3,19,8115,Node_659,39,0,14,39,14,,,,,,,,,
0,VISIT,101,Random,OnArrival,3,2,8115,Node_20,19,0,10,19,10,,,,,,,,,
0,VISIT,102,Random,OnArrival,3,2,8115,Node_50,20,0,9,20,9,,,,,,,,,
0,VISIT,103,Random,OnArrival,3,2,8115,Node_15,18,0,9,18,9,,,,,,,,,
0,VISIT,104,Random,OnArrival,3,2,8115,Node_9,21,0,10,21,10,,,,,,,,,
0,VISIT,79,Random,OnArrival,3,110,8119,Node_870,48,0,10,48,10,,,,,,,,,
0,VISIT,85,Random,OnArrival,3,62,8119,Node_870,48,0,10,48,10,,,,,,,,,
0,VISIT,86,Random,OnArrival,3,59,8119,Node_873,48,0,8,48,8,,,,,,,,,
0,VISIT,87,Random,OnArrival,3,57,8119,Node_873,48,0,8,48,8,,,,,,,,,
0,VISIT,88,Random,OnArrival,3,52,8119,Node_870,48,0,10,48,10,,,,,,,,,
0,VISIT,94,Random,OnArrival,3,32,8119,Node_867,39,0,8,39,8,,,,,,,,,
0,VISIT,96,Random,OnArrival,3,27,8119,Node_869,38,0,7,38,7,,,,,,,,,
0,VISIT,97,Random,OnArrival,3,20,8119,Node_655,38,0,14,38,14,,,,,,,,,
0,VISIT,98,Random,OnArrival,3,19,8119,Node_649,37,0,13,37,13,,,,,,,,,
0,VISIT,99,Random,OnArrival,3,20,8119,Node_649,37,0,13,37,13,,,,,,,,,
0,VISIT,100,Random,OnArrival,3,20,8119,Node_794,40,0,14,40,14,,,,,,,,,
0,VISIT,101,Random,OnArrival,3,3,8119,Node_5,20,0,10,20,10,,,,,,,,,
0,VISIT,102,Random,OnArrival,3,3,8119,Node_48,21,0,9,21,9,,,,,,,,,
0,VISIT,103,Random,OnArrival,3,3,8119,Node_3,19,0,9,19,9,,,,,,,,,
0,VISIT,104,Random,OnArrival,3,3,8119,Node_48,21,0,9,21,9,,,,,,,,,
0,VISIT,79,Random,OnArrival,3,111,8123,Node_874,47,0,10,47,10,,,,,,,,,
0,VISIT,85,Random,OnArrival,3,63,8123,Node_872,48,0,9,48,9,,,,,,,,,
0,VISIT,88,Random,OnArrival,3,53,8123,Node_874,47,0,10,47,10,,,,,,,,,
0,VISIT,90,Random,OnArrival,3,47,8123,Node_870,48,0,10,48,10,,,,,,,,,
0,VISIT,91,Random,OnArrival,3,49,8123,Node_870,48,0,10,48,10,,,,,,,,,
0,VISIT,94,Random,OnArrival,3,33,8123,Node_868,39,0,7,39,7,,,,,,,,,
0,VISIT,97,Random,OnArrival,3,21,8123,Node_659,39,0,14,39,14,,,,,,,,,
0,VISIT,98,Random,OnArrival,3,20,8123,Node_652,37,0,14,37,14,,,,,,,,,
0,VISIT,99,Random,OnArrival,3,21,8123,Node_652,37,0,14,37,14,,,,,,,,,
0,VISIT,101,Random,OnArrival,3,4,8123,Node_9,21,0,10,21,10,,,,,,,,,
0,VISIT,102,Random,OnArrival,3,4,8123,Node_88,22,0,9,22,9,,,,,,,,,
0,VISIT,103,Random,OnArrival,3,4,8123,Node_50,20,0,9,20,9,,,,,,,,,
0,VISIT,104,Random,OnArrival,3,4,8123,Node_88,22,0,9,22,9,,,,,,,,,
0,VISIT,79,Random,OnArrival,3,112,8127,Node_875,47,0,9,47,9,,,,,,,,,
0,VISIT,85,Random,OnArrival,3,64,8127,Node_875,47,0,9,47,9,,,,,,,,,
0,VISIT,90,Random,OnArrival,3,48,8127,Node_872,48,0,9,48,9,,,,,,,,,
0,VISIT,91,Random,OnArrival,3,50,8127,Node_872,48,0,9,48,9,,,,,,,,,
0,VISIT,97,Random,OnArrival,3,22,8127,Node_794,40,0,14,40,14,,,,,,,,,
0,VISIT,98,Random,OnArrival,3,21,8127,Node_655,38,0,14,38,14,,,,,,,,,
0,VISIT,99,Random,OnArrival,3,22,8127,Node_655,38,0,14,38,14,,,,,,,,,
0,VISIT,100,Random,OnArrival,3,21,8127,Node_789,40,0,16,40,16,,,,,,,,,
0,VISIT,101,Random,OnArrival,3,5,8127,Node_48,21,0,9,21,9,,,,,,,,,
0,VISIT,102,Random,OnArrival,3,5,8127,Node_108,23,0,9,23,9,,,,,,,,,
0,VISIT,103,Random,OnArrival,3,5,8127,Node_48,21,0,9,21,9,,,,,,,,,
0,VISIT,104,Random,OnArrival,3,5,8127,Node_108,23,0,9,23,9,,,,,,,,,
0,VISIT,79,Random,OnArrival,3,113,8131,Node_877,47,0,8,47,8,,,,,,,,,
0,VISIT,86,Random,OnArrival,3,60,8131,Node_879,48,0,5,48,5,,,,,,,,,
0,VISIT,87,Random,OnArrival,3,58,8131,Node_879,48,0,5,48,5,,,,,,,,,
0,VISIT,89,Random,OnArrival,3,46,8131,Node_873,48,0,8,48,8,,,,,,,,,
0,VISIT,90,Random,OnArrival,3,49,8131,Node_875,47,0,9,47,9,,,,,,,,,
0,VISIT,91,Random,OnArrival,3,51,8131,Node_873,48,0,8,48,8,,,,,,,,,
0,VISIT,95,Random,OnArrival,3,37,8131,Node_873,48,0,8,48,8,,,,,,,,,
0,VISIT,96,Random,OnArrival,3,28,8131,Node_682,37,0,5,37,5,,,,,,,,,
0,VISIT,98,Random,OnArrival,3,22,8131,Node_659,39,0,14,39,14,,,,,,,,,
0,VISIT,99,Random,OnArrival,3,23,8131,Node_659,39,0,14,39,14,,,,,,,,,
0,VISIT,100,Random,OnArrival,3,22,8131,Node_800,41,0,16,41,16,,,,,,,,,
0,VISIT,101,Random,OnArrival,3,6,8131,Node_88,22,0,9,22,9,,,,,,,,,
0,VISIT,103,Random,OnArrival,3,6,8131,Node_88,22,0,9,22,9,,,,,,,,,
0,VISIT,79,Random,OnArrival,3,114,8136,Node_873,48,0,8,48,8,,,,,,,,,
0,VISIT,85,Random,OnArrival,3,65,8136,Node_878,46,0,10,46,10,,,,,,,,,
0,VISIT,86,Random,OnArrival,3,61,8136,Node_882,48,0,4,48,4,,,,,,,,,
0,VISIT,87,Random,OnArrival,3,59,8136,Node_882,48,0,4,48,4,,,,,,,,,
0,VISIT,89,Random,OnArrival,3,47,8136,Node_872,48,0,9,48,9,,,,,,,,,
0,VISIT,90,Random,OnArrival,3,50,8136,Node_877,47,0,8,47,8,,,,,,,,,
0,VISIT,91,Random,OnArrival,3,52,8136,Node_872,48,0,9,48,9,,,,,,,,,
0,VISIT,92,Random,OnArrival,3,42,8136,Node_879,48,0,5,48,5,,,,,,,,,
0,VISIT,93,Random,OnArrival,3,32,8136,Node_879,48,0,5,48,5,,,,,,,,,
0,VISIT,96,Random,OnArrival,3,29,8136,Node_685,37,0,4,37,4,,,,,,,,,
0,VISIT,97,Random,OnArrival,3,23,8136,Node_789,40,0,16,40,16,,,,,,,,,
0,VISIT,98,Random,OnArrival,3,23,8136,Node_794,40,0,14,40,14,,,,,,,,,
0,VISIT,99,Random,OnArrival,3,24,8136,Node_794,40,0,14,40,14,,,,,,,,,
0,VISIT,100,Random,OnArrival,3,23,8136,Node_818,42,0,16,42,16,,,,,,,,,
0,VISIT,101,Random,OnArrival,3,7,8136,Node_108,23,0,9,23,9,,,,,,,,,
0,VISIT,102,Random,OnArrival,3,6,8136,Node_119,25,0,9,25,9,,,,,,,,,
0,VISIT,103,Random,OnArrival,3,7,8136,Node_108,23,0,9,23,9,,,,,,,,,
0,VISIT,104,Random,OnArrival,3,6,8136,Node_119,25,0,9,25,9,,,,,,,,,
0,VISIT,79,Random,OnArrival,3,115,8140,Node_872,48,0,9,48,9,,,,,,,,,
0,VISIT,86,Random,OnArrival,3,62,8140,Node_879,48,0,5,48,5,,,,,,,,,
0,VISIT,87,Random,OnArrival,3,60,8140,Node_879,48,0,5,48,5,,,,,,,,,
0,VISIT,89,Random,OnArrival,3,48,8140,Node_870,48,0,10,48,10,,,,,,,,,
0,VISIT,90,Random,OnArrival,3,51,8140,Node_875,47,0,9,47,9,,,,,,,,,
0,VISIT,91,Random,OnArrival,3,53,8140,Node_870,48,0,10,48,10,,,,,,,,,
0,VISIT,97,Random,OnArrival,3,24,8140,Node_800,41,0,16,41,16,,,,,,,,,
0,VISIT,102,Random,OnArrival,3,7,8140,Node_128,26,0,9,26,9,,,,,,,,,
0,VISIT,104,Random,OnArrival,3,7,8140,Node_128,26,0,9,26,9,,,,,,,,,
0,VISIT,79,Random,OnArrival,3,116,8145,Node_875,47,0,9,47,9,,,,,,,,,
0,VISIT,85,Random,OnArrival,3,66,8145,Node_884,45,0,9,45,9,,,,,,,,,
0,VISIT,88,Random,OnArrival,3,54,8145,Node_884,45,0,9,45,9,,,,,,,,,
0,VISIT,89,Random,OnArrival,3,49,8145,Node_874,47,0,10,47,10,,,,,,,,,
0,VISIT,90,Random,OnArrival,3,52,8145,Node_874,47,0,10,47,10,,,,,,,,,
0,VISIT,91,Random,OnArrival,3,54,8145,Node_874,47,0,10,47,10,,,,,,,,,
0,VISIT,95,Random,OnArrival,3,38,8145,Node_879,48,0,5,48,5,,,,,,,,,
0,VISIT,97,Random,OnArrival,3,25,8145,Node_818,42,0,16,42,16,,,,,,,,,
0,VISIT,98,Random,OnArrival,3,24,8145,Node_789,40,0,16,40,16,,,,,,,,,
0,VISIT,99,Random,OnArrival,3,25,8145,Node_789,40,0,16,40,16,,,,,,,,,
0,VISIT,100,Random,OnArrival,3,24,8145,Node_815,42,0,14,42,14,,,,,,,,,
0,VISIT,101,Random,OnArrival,3,8,8145,Node_119,25,0,9,25,9,,,,,,,,,
0,VISIT,102,Random,OnArrival,3,8,8145,Node_444,27,0,9,27,9,,,,,,,,,
0,VISIT,103,Random,OnArrival,3,8,8145,Node_119,25,0,9,25,9,,,,,,,,,
0,VISIT,104,Random,OnArrival,3,8,8145,Node_444,27,0,9,27,9,,,,,,,,,
0,VISIT,79,Random,OnArrival,3,117,8149,Node_881,46,0,9,46,9,,,,,,,,,
0,VISIT,86,Random,OnArrival,3,63,8149,Node_889,46,0,5,46,5,,,,,,,,,
0,VISIT,87,Random,OnArrival,3,61,8149,Node_889,46,0,5,46,5,,,,,,,,,
0,VISIT,89,Random,OnArrival,3,50,8149,Node_878,46,0,10,46,10,,,,,,,,,
0,VISIT,90,Random,OnArrival,3,53,8149,Node_878,46,0,10,46,10,,,,,,,,,
0,VISIT,91,Random,OnArrival,3,55,8149,Node_878,46,0,10,46,10,,,,,,,,,
0,VISIT,98,Random,OnArrival,3,25,8149,Node_800,41,0,16,41,16,,,,,,,,,
0,VISIT,99,Random,OnArrival,3,26,8149,Node_800,41,0,16,41,16,,,,,,,,,
0,VISIT,100,Random,OnArrival,3,25,8149,Node_817,42,0,13,42,13,,,,,,,,,
0,VISIT,101,Random,OnArrival,3,9,8149,Node_128,26,0,9,26,9,,,,,,,,,
0,VISIT,102,Random,OnArrival,3,9,8149,Node_606,28,0,9,28,9,,,,,,,,,
0,VISIT,103,Random,OnArrival,3,9,8149,Node_128,26,0,9,26,9,,,,,,,,,
0,VISIT,104,Random,OnArrival,3,9,8149,Node_606,28,0,9,28,9,,,,,,,,,
0,VISIT,79,Random,OnArrival,3,118,8153,Node_884,45,0,9,45,9,,,,,,,,,
0,VISIT,86,Random,OnArrival,3,64,8153,Node_892,46,0,6,46,6,,,,,,,,,
0,VISIT,87,Random,OnArrival,3,62,8153,Node_892,46,0,6,46,6,,,,,,,,,
0,VISIT,89,Random,OnArrival,3,51,8153,Node_881,46,0,9,46,9,,,,,,,,,
0,VISIT,90,Random,OnArrival,3,54,8153,Node_881,46,0,9,46,9,,,,,,,,,
0,VISIT,91,Random,OnArrival,3,56,8153,Node_881,46,0,9,46,9,,,,,,,,,
0,VISIT,95,Random,OnArrival,3,39,8153,Node_889,46,0,5,46,5,,,,,,,,,
0,VISIT,97,Random,OnArrival,3,26,8153,Node_815,42,0,14,42,14,,,,,,,,,
0,VISIT,98,Random,OnArrival,3,26,8153,Node_818,42,0,16,42,16,,,,,,,,,
0,VISIT,99,Random,OnArrival,3,27,8153,Node_818,42,0,16,42,16,,,,,,,,,
0,VISIT,101,Random,OnArrival,3,10,8153,Node_444,27,0,9,27,9,,,,,,,,,
0,VISIT,103,Random,OnArrival,3,10,8153,Node_444,27,0,9,27,9,,,,,,,,,
0,VISIT,85,Random,OnArrival,3,67,8158,Node_894,45,0,6,45,6,,,,,,,,,
0,VISIT,86,Random,OnArrival,3,65,8158,Node_894,45,0,6,45,6,,,,,,,,,
0,VISIT,87,Random,OnArrival,3,63,8158,Node_894,45,0,6,45,6,,,,,,,,,
0,VISIT,88,Random,OnArrival,3,55,8158,Node_894,45,0,6,45,6,,,,,,,,,
0,VISIT,89,Random,OnArrival,3,52,8158,Node_884,45,0,9,45,9,,,,,,,,,
0,VISIT,90,Random,OnArrival,3,55,8158,Node_884,45,0,9,45,9,,,,,,,,,
0,VISIT,91,Random,OnArrival,3,57,8158,Node_884,45,0,9,45,9,,,,,,,,,
0,VISIT,92,Random,OnArrival,3,43,8158,Node_893,45,0,7,45,7,,,,,,,,,
0,VISIT,93,Random,OnArrival,3,33,8158,Node_893,45,0,7,45,7,,,,,,,,,
0,VISIT,97,Random,OnArrival,3,27,8158,Node_817,42,0,13,42,13,,,,,,,,,
0,VISIT,100,Random,OnArrival,3,26,8158,Node_827,42,0,11,42,11,,,,,,,,,
0,VISIT,101,Random,OnArrival,3,11,8158,Node_606,28,0,9,28,9,,,,,,,,,
0,VISIT,102,Random,OnArrival,3,10,8158,Node_533,30,0,9,30,9,,,,,,,,,
0,VISIT,103,Random,OnArrival,3,11,8158,Node_606,28,0,9,28,9,,,,,,,,,
0,VISIT,104,Random,OnArrival,3,10,8158,Node_533,30,0,9,30,9,,,,,,,,,
0,VISIT,85,Random,OnArrival,3,68,8163,Node_896,45,0,5,45,5,,,,,,,,,
0,VISIT,86,Random,OnArrival,3,66,8163,Node_896,45,0,5,45,5,,,,,,,,,
0,VISIT,87,Random,OnArrival,3,64,8163,Node_896,45,0,5,45,5,,,,,,,,,
0,VISIT,88,Random,OnArrival,3,56,8163,Node_896,45,0,5,45,5,,,,,,,,,
0,VISIT,89,Random,OnArrival,3,53,8163,Node_891,45,0,8,45,8,,,,,,,,,
0,VISIT,90,Random,OnArrival,3,56,8163,Node_891,45,0,8,45,8,,,,,,,,,
0,VISIT,91,Random,OnArrival,3,58,8163,Node_891,45,0,8,45,8,,,,,,,,,
0,VISIT,95,Random,OnArrival,3,40,8163,Node_894,45,0,6,45,6,,,,,,,,,
0,VISIT,98,Random,OnArrival,3,27,8163,Node_815,42,0,14,42,14,,,,,,,,,
0,VISIT,99,Random,OnArrival,3,28,8163,Node_815,42,0,14,42,14,,,,,,,,,
0,VISIT,100,Random,OnArrival,3,27,8163,Node_828,42,0,10,42,10,,,,,,,,,
0,VISIT,102,Random,OnArrival,3,11,8163,Node_534,30,0,10,30,10,,,,,,,,,
0,VISIT,104,Random,OnArrival,3,11,8163,Node_534,30,0,10,30,10,,,,,,,,,
0,VISIT,79,Random,OnArrival,3,119,8169,Node_898,44,0,7,44,7,,,,,,,,,
0,VISIT,89,Random,OnArrival,3,54,8169,Node_897,44,0,8,44,8,,,,,,,,,
0,VISIT,90,Random,OnArrival,3,57,8169,Node_897,44,0,8,44,8,,,,,,,,,
0,VISIT,91,Random,OnArrival,3,59,8169,Node_897,44,0,8,44,8,,,,,,,,,
0,VISIT,93,Random,OnArrival,3,34,8169,Node_897,44,0,8,44,8,,,,,,,,,
0,VISIT,97,Random,OnArrival,3,28,8169,Node_827,42,0,11,42,11,,,,,,,,,
0,VISIT,98,Random,OnArrival,3,28,8169,Node_817,42,0,13,42,13,,,,,,,,,
0,VISIT,99,Random,OnArrival,3,29,8169,Node_817,42,0,13,42,13,,,,,,,,,
0,VISIT,100,Random,OnArrival,3,28,8169,Node_851,43,0,10,43,10,,,,,,,,,
0,VISIT,101,Random,OnArrival,3,12,8169,Node_533,30,0,9,30,9,,,,,,,,,
0,VISIT,102,Random,OnArrival,3,12,8169,Node_535,30,0,11,30,11,,,,,,,,,
0,VISIT,103,Random,OnArrival,3,12,8169,Node_533,30,0,9,30,9,,,,,,,,,
0,VISIT,104,Random,OnArrival,3,12,8169,Node_535,30,0,11,30,11,,,,,,,,,
0,VISIT,79,Random,OnArrival,3,120,8174,Node_900,44,0,6,44,6,,,,,,,,,
0,VISIT,86,Random,OnArrival,3,67,8174,Node_900,44,0,6,44,6,,,,,,,,,
0,VISIT,87,Random,OnArrival,3,65,8174,Node_900,44,0,6,44,6,,,,,,,,,
0,VISIT,88,Random,OnArrival,3,57,8174,Node_900,44,0,6,44,6,,,,,,,,,
0,VISIT,89,Random,OnArrival,3,55,8174,Node_898,44,0,7,44,7,,,,,,,,,
0,VISIT,90,Random,OnArrival,3,58,8174,Node_898,44,0,7,44,7,,,,,,,,,
0,VISIT,91,Random,OnArrival,3,60,8174,Node_895,44,0,9,44,9,,,,,,,,,
0,VISIT,93,Random,OnArrival,3,35,8174,Node_898,44,0,7,44,7,,,,,,,,,
0,VISIT,95,Random,OnArrival,3,41,8174,Node_898,44,0,7,44,7,,,,,,,,,
0,VISIT,97,Random,OnArrival,3,29,8174,Node_828,42,0,10,42,10,,,,,,,,,
0,VISIT,100,Random,OnArrival,3,29,8174,Node_854,43,0,9,43,9,,,,,,,,,
0,VISIT,101,Random,OnArrival,3,13,8174,Node_534,30,0,10,30,10,,,,,,,,,
0,VISIT,102,Random,OnArrival,3,13,8174,Node_538,31,0,11,31,11,,,,,,,,,
0,VISIT,103,Random,OnArrival,3,13,8174,Node_534,30,0,10,30,10,,,,,,,,,
0,VISIT,104,Random,OnArrival,3,13,8174,Node_538,31,0,11,31,11,,,,,,,,,
0,VISIT,79,Random,OnArrival,3,121,8180,Node_899,44,0,5,44,5,,,,,,,,,
0,VISIT,86,Random,OnArrival,3,68,8180,Node_898,44,0,7,44,7,,,,,,,,,
0,VISIT,87,Random,OnArrival,3,66,8180,Node_898,44,0,7,44,7,,,,,,,,,
0,VISIT,88,Random,OnArrival,3,58,8180,Node_898,44,0,7,44,7,,,,,,,,,
0,VISIT,91,Random,OnArrival,3,61,8180,Node_854,43,0,9,43,9,,,,,,,,,
0,VISIT,97,Random,OnArrival,3,30,8180,Node_856,42,0,9,42,9,,,,,,,,,
0,VISIT,98,Random,OnArrival,3,29,8180,Node_827,42,0,11,42,11,,,,,,,,,
0,VISIT,99,Random,OnArrival,3,30,8180,Node_827,42,0,11,42,11,,,,,,,,,
0,VISIT,100,Random,OnArrival,3,30,8180,Node_895,44,0,9,44,9,,,,,,,,,
0,VISIT,101,Random,OnArrival,3,14,8180,Node_535,30,0,11,30,11,,,,,,,,,
0,VISIT,102,Random,OnArrival,3,14,8180,Node_590,32,0,11,32,11,,,,,,,,,
0,VISIT,103,Random,OnArrival,3,14,8180,Node_535,30,0,11,30,11,,,,,,,,,
0,VISIT,104,Random,OnArrival,3,14,8180,Node_590,32,0,11,32,11,,,,,,,,,
0,VISIT,79,Random,OnArrival,3,122,8186,Node_900,44,0,6,44,6,,,,,,,,,
0,VISIT,91,Random,OnArrival,3,62,8186,Node_895,44,0,9,44,9,,,,,,,,,
0,VISIT,97,Random,OnArrival,3,31,8186,Node_854,43,0,9,43,9,,,,,,,,,
0,VISIT,98,Random,OnArrival,3,30,8186,Node_828,42,0,10,42,10,,,,,,,,,
0,VISIT,99,Random,OnArrival,3,31,8186,Node_828,42,0,10,42,10,,,,,,,,,
0,VISIT,100,Random,OnArrival,3,31,8186,Node_897,44,0,8,44,8,,,,,,,,,
0,VISIT,101,Random,OnArrival,3,15,8186,Node_538,31,0,11,31,11,,,,,,,,,
0,VISIT,103,Random,OnArrival,3,15,8186,Node_538,31,0,11,31,11,,,,,,,,,
0,VISIT,79,Random,OnArrival,3,123,8192,Node_898,44,0,7,44,7,,,,,,,,,
0,VISIT,86,Random,OnArrival,3,69,8192,Node_901,42,0,7,42,7,,,,,,,,,
0,VISIT,87,Random,OnArrival,3,67,8192,Node_901,42,0,7,42,7,,,,,,,,,
0,VISIT,88,Random,OnArrival,3,59,8192,Node_901,42,0,7,42,7,,,,,,,,,
0,VISIT,91,Random,OnArrival,3,63,8192,Node_897,44,0,8,44,8,,,,,,,,,
0,VISIT,97,Random,OnArrival,3,32,8192,Node_895,44,0,9,44,9,,,,,,,,,
0,VISIT,98,Random,OnArrival,3,31,8192,Node_856,42,0,9,42,9,,,,,,,,,
0,VISIT,99,Random,OnArrival,3,32,8192,Node_856,42,0,9,42,9,,,,,,,,,
0,VISIT,100,Random,OnArrival,3,32,8192,Node_898,44,0,7,44,7,,,,,,,,,
0,VISIT,101,Random,OnArrival,3,16,8192,Node_590,32,0,11,32,11,,,,,,,,,
0,VISIT,102,Random,OnArrival,3,15,8192,Node_600,34,0,11,34,11,,,,,,,,,
0,VISIT,103,Random,OnArrival,3,16,8192,Node_590,32,0,11,32,11,,,,,,,,,
0,VISIT,104,Random,OnArrival,3,15,8192,Node_600,34,0,11,34,11,,,,,,,,,
0,VISIT,86,Random,OnArrival,3,70,8198,Node_902,42,0,6,42,6,,,,,,,,,
0,VISIT,87,Random,OnArrival,3,68,8198,Node_902,42,0,6,42,6,,,,,,,,,
0,VISIT,88,Random,OnArrival,3,60,8198,Node_902,42,0,6,42,6,,,,,,,,,
0,VISIT,91,Random,OnArrival,3,64,8198,Node_898,44,0,7,44,7,,,,,,,,,
0,VISIT,97,Random,OnArrival,3,33,8198,Node_897,44,0,8,44,8,,,,,,,,,
0,VISIT,98,Random,OnArrival,3,32,8198,Node_854,43,0,9,43,9,,,,,,,,,
0,VISIT,99,Random,OnArrival,3,33,8198,Node_854,43,0,9,43,9,,,,,,,,,
0,VISIT,102,Random,OnArrival,3,16,8198,Node_601,34,0,10,34,10,,,,,,,,,
0,VISIT,104,Random,OnArrival,3,16,8198,Node_601,34,0,10,34,10,,,,,,,,,
0,VISIT,79,Random,OnArrival,3,124,8204,Node_901,42,0,7,42,7,,,,,,,,,
0,VISIT,86,Random,OnArrival,3,71,8204,Node_903,42,0,5,42,5,,,,,,,,,
0,VISIT,87,Random,OnArrival,3,69,8204,Node_903,42,0,5,42,5,,,,,,,,,
0,VISIT,88,Random,OnArrival,3,61,8204,Node_903,42,0,5,42,5,,,,,,,,,
0,VISIT,89,Random,OnArrival,3,56,8204,Node_887,41,0,5,41,5,,,,,,,,,
0,VISIT,90,Random,OnArrival,3,59,8204,Node_887,41,0,5,41,5,,,,,,,,,
0,VISIT,93,Random,OnArrival,3,36,8204,Node_887,41,0,5,41,5,,,,,,,,,
0,VISIT,95,Random,OnArrival,3,42,8204,Node_887,41,0,5,41,5,,,,,,,,,
0,VISIT,97,Random,OnArrival,3,34,8204,Node_898,44,0,7,44,7,,,,,,,,,
0,VISIT,98,Random,OnArrival,3,33,8204,Node_895,44,0,9,44,9,,,,,,,,,
0,VISIT,99,Random,OnArrival,3,34,8204,Node_895,44,0,9,44,9,,,,,,,,,
0,VISIT,100,Random,OnArrival,3,33,8204,Node_901,42,0,7,42,7,,,,,,,,,
0,VISIT,101,Random,OnArrival,3,17,8204,Node_600,34,0,11,34,11,,,,,,,,,
0,VISIT,102,Random,OnArrival,3,17,8204,Node_602,34,0,9,34,9,,,,,,,,,
0,VISIT,103,Random,OnArrival,3,17,8204,Node_600,34,0,11,34,11,,,,,,,,,
0,VISIT,104,Random,OnArrival,3,17,8204,Node_602,34,0,9,34,9,,,,,,,,,
0,VISIT,79,Random,OnArrival,3,125,8210,Node_883,41,0,7,41,7,,,,,,,,,
0,VISIT,86,Random,OnArrival,3,72,8210,Node_887,41,0,5,41,5,,,,,,,,,
0,VISIT,87,Random,OnArrival,3,70,8210,Node_887,41,0,5,41,5,,,,,,,,,
0,VISIT,88,Random,OnArrival,3,62,8210,Node_887,41,0,5,41,5,,,,,,,,,
0,VISIT,91,Random,OnArrival,3,65,8210,Node_901,42,0,7,42,7,,,,,,,,,
0,VISIT,98,Random,OnArrival,3,34,8210,Node_897,44,0,8,44,8,,,,,,,,,
0,VISIT,99,Random,OnArrival,3,35,8210,Node_897,44,0,8,44,8,,,,,,,,,
0,VISIT,100,Random,OnArrival,3,34,8210,Node_883,41,0,7,41,7,,,,,,,,,
0,VISIT,101,Random,OnArrival,3,18,8210,Node_601,34,0,10,34,10,,,,,,,,,
0,VISIT,102,Random,OnArrival,3,18,8210,Node_627,35,0,9,35,9,,,,,,,,,
0,VISIT,103,Random,OnArrival,3,18,8210,Node_601,34,0,10,34,10,,,,,,,,,
0,VISIT,104,Random,OnArrival,3,18,8210,Node_627,35,0,9,35,9,,,,,,,,,
0,VISIT,86,Random,OnArrival,3,73,8216,Node_904,40,0,5,40,5,,,,,,,,,
0,VISIT,87,Random,OnArrival,3,71,8216,Node_904,40,0,5,40,5,,,,,,,,,
0,VISIT,88,Random,OnArrival,3,63,8216,Node_904,40,0,5,40,5,,,,,,,,,
0,VISIT,91,Random,OnArrival,3,66,8216,Node_902,42,0,6,42,6,,,,,,,,,
0,VISIT,97,Random,OnArrival,3,35,8216,Node_901,42,0,7,42,7,,,,,,,,,
0,VISIT,98,Random,OnArrival,3,35,8216,Node_898,44,0,7,44,7,,,,,,,,,
0,VISIT,99,Random,OnArrival,3,36,8216,Node_898,44,0,7,44,7,,,,,,,,,
0,VISIT,100,Random,OnArrival,3,35,8216,Node_901,42,0,7,42,7,,,,,,,,,
0,VISIT,101,Random,OnArrival,3,19,8216,Node_602,34,0,9,34,9,,,,,,,,,
0,VISIT,102,Random,OnArrival,3,19,8216,Node_638,36,0,9,36,9,,,,,,,,,
0,VISIT,103,Random,OnArrival,3,19,8216,Node_602,34,0,9,34,9,,,,,,,,,
0,VISIT,104,Random,OnArrival,3,19,8216,Node_638,36,0,9,36,9,,,,,,,,,
0,VISIT,105,Random,OnArrival,3,0,8216,Node_6,19,0,12,19,12,,,,,,,,,
0,VISIT,106,Random,OnArrival,3,0,8216,Node_7,19,0,8,19,8,,,,,,,,,
0,VISIT,107,Random,OnArrival,3,0,8216,Node_8,17,0,10,17,10,,,,,,,,,
0,VISIT,108,Random,OnArrival,3,0,8216,Node_9,21,0,10,21,10,,,,,,,,,
0,VISIT,79,Random,OnArrival,3,126,8220,Node_868,39,0,7,39,7,,,,,,,,,
0,VISIT,91,Random,OnArrival,3,67,8220,Node_885,41,0,6,41,6,,,,,,,,,
0,VISIT,97,Random,OnArrival,3,36,8220,Node_902,42,0,6,42,6,,,,,,,,,
0,VISIT,100,Random,OnArrival,3,36,8220,Node_902,42,0,6,42,6,,,,,,,,,
0,VISIT,101,Random,OnArrival,3,20,8220,Node_627,35,0,9,35,9,,,,,,,,,
0,VISIT,102,Random,OnArrival,3,20,8220,Node_639,37,0,9,37,9,,,,,,,,,
0,VISIT,103,Random,OnArrival,3,20,8220,Node_627,35,0,9,35,9,,,,,,,,,
0,VISIT,104,Random,OnArrival,3,20,8220,Node_639,37,0,9,37,9,,,,,,,,,
0,VISIT,105,Random,OnArrival,3,1,8220,Node_2,19,0,11,19,11,,,,,,,,,
0,VISIT,106,Random,OnArrival,3,1,8220,Node_3,19,0,9,19,9,,,,,,,,,
0,VISIT,107,Random,OnArrival,3,1,8220,Node_4,18,0,10,18,10,,,,,,,,,
0,VISIT,108,Random,OnArrival,3,1,8220,Node_48,21,0,9,21,9,,,,,,,,,
0,VISIT,79,Random,OnArrival,3,127,8224,Node_869,38,0,7,38,7,,,,,,,,,
0,VISIT,86,Random,OnArrival,3,74,8224,Node_905,40,0,3,40,3,,,,,,,,,
0,VISIT,87,Random,OnArrival,3,72,8224,Node_905,40,0,3,40,3,,,,,,,,,
0,VISIT,88,Random,OnArrival,3,64,8224,Node_905,40,0,3,40,3,,,,,,,,,
0,VISIT,91,Random,OnArrival,3,68,8224,Node_887,41,0,5,41,5,,,,,,,,,
0,VISIT,97,Random,OnArrival,3,37,8224,Node_903,42,0,5,42,5,,,,,,,,,
0,VISIT,98,Random,OnArrival,3,36,8224,Node_901,42,0,7,42,7,,,,,,,,,
0,VISIT,99,Random,OnArrival,3,37,8224,Node_901,42,0,7,42,7,,,,,,,,,
0,VISIT,100,Random,OnArrival,3,37,8224,Node_903,42,0,5,42,5,,,,,,,,,
0,VISIT,101,Random,OnArrival,3,21,8224,Node_638,36,0,9,36,9,,,,,,,,,
0,VISIT,102,Random,OnArrival,3,21,8224,Node_673,37,0,8,37,8,,,,,,,,,
0,VISIT,103,Random,OnArrival,3,21,8224,Node_638,36,0,9,36,9,,,,,,,,,
0,VISIT,104,Random,OnArrival,3,21,8224,Node_673,37,0,8,37,8,,,,,,,,,
0,VISIT,105,Random,OnArrival,3,2,8224,Node_20,19,0,10,19,10,,,,,,,,,
0,VISIT,106,Random,OnArrival,3,2,8224,Node_50,20,0,9,20,9,,,,,,,,,
0,VISIT,107,Random,OnArrival,3,2,8224,Node_15,18,0,9,18,9,,,,,,,,,
0,VISIT,108,Random,OnArrival,3,2,8224,Node_88,22,0,9,22,9,,,,,,,,,
0,VISIT,79,Random,OnArrival,3,128,8228,Node_876,38,0,6,38,6,,,,,,,,,
0,VISIT,86,Random,OnArrival,3,75,8228,Node_906,39,0,3,39,3,,,,,,,,,
0,VISIT,87,Random,OnArrival,3,73,8228,Node_906,39,0,3,39,3,,,,,,,,,
0,VISIT,88,Random,OnArrival,3,65,8228,Node_906,39,0,3,39,3,,,,,,,,,
0,VISIT,89,Random,OnArrival,3,57,8228,Node_1,39,0,2,39,2,,,,,,,,,
0,VISIT,90,Random,OnArrival,3,60,8228,Node_1,39,0,2,39,2,,,,,,,,,
0,VISIT,91,Random,OnArrival,3,69,8228,Node_904,40,0,5,40,5,,,,,,,,,
0,VISIT,93,Random,OnArrival,3,37,8228,Node_1,39,0,2,39,2,,,,,,,,,
0,VISIT,95,Random,OnArrival,3,43,8228,Node_1,39,0,2,39,2,,,,,,,,,
0,VISIT,97,Random,OnArrival,3,38,8228,Node_887,41,0,5,41,5,,,,,,,,,
0,VISIT,98,Random,OnArrival,3,37,8228,Node_883,41,0,7,41,7,,,,,,,,,
0,VISIT,99,Random,OnArrival,3,38,8228,Node_883,41,0,7,41,7,,,,,,,,,
0,VISIT,100,Random,OnArrival,3,38,8228,Node_887,41,0,5,41,5,,,,,,,,,
0,VISIT,101,Random,OnArrival,3,22,8228,Node_639,37,0,9,37,9,,,,,,,,,
0,VISIT,102,Random,OnArrival,3,22,8228,Node_676,37,0,7,37,7,,,,,,,,,
0,VISIT,103,Random,OnArrival,3,22,8228,Node_639,37,0,9,37,9,,,,,,,,,
0,VISIT,104,Random,OnArrival,3,22,8228,Node_676,37,0,7,37,7,,,,,,,,,
0,VISIT,105,Random,OnArrival,3,3,8228,Node_5,20,0,10,20,10,,,,,,,,,
0,VISIT,106,Random,OnArrival,3,3,8228,Node_48,21,0,9,21,9,,,,,,,,,
0,VISIT,107,Random,OnArrival,3,3,8228,Node_3,19,0,9,19,9,,,,,,,,,
0,VISIT,108,Random,OnArrival,3,3,8228,Node_108,23,0,9,23,9,,,,,,,,,
0,SUMMARY,,Random,OnArrival,,,,,,,,,,0,0,906,-1,8228.000,6652,0,0.000,0.000
