RunID,RowType,PlayerID,UnknownSelectMode,TargetUpdateMode,UnknownReferenceDepth,StepIndex,Frame,NodeName,NodePosX,NodePosY,NodePosZ,CellX,CellZ,GoalCellX,GoalCellZ,NodesCreated,ShortestPathLen,TimeToGoal,TotalNodeVisits,TotalProcessMs,AvgProcessMs,MaxProcessMs
8,VISIT,777,Random,OnArrival,3,0,119,Node_4,18,0,10,18,10,,,,,,,,,
8,VISIT,778,Random,OnArrival,3,0,119,Node_4,18,0,10,18,10,,,,,,,,,
8,VISIT,777,Random,OnArrival,3,1,145,Node_15,18,0,9,18,9,,,,,,,,,
8,VISIT,778,Random,OnArrival,3,1,172,Node_2,19,0,11,19,11,,,,,,,,,
8,VISIT,777,Random,OnArrival,3,2,199,Node_8,17,0,10,17,10,,,,,,,,,
8,VISIT,778,Random,OnArrival,3,2,199,Node_14,18,0,11,18,11,,,,,,,,,
8,VISIT,777,Random,OnArrival,3,3,226,Node_24,16,0,10,16,10,,,,,,,,,
8,VISIT,778,Random,OnArrival,3,3,226,Node_12,17,0,11,17,11,,,,,,,,,
8,VISIT,777,Random,OnArrival,3,4,253,Node_8,17,0,10,17,10,,,,,,,,,
8,VISIT,778,Random,OnArrival,3,4,253,Node_21,16,0,11,16,11,,,,,,,,,
8,VISIT,777,Random,OnArrival,3,5,279,Node_4,18,0,10,18,10,,,,,,,,,
8,VISIT,778,Random,OnArrival,3,5,279,Node_28,15,0,11,15,11,,,,,,,,,
8,VISIT,777,Random,OnArrival,3,6,303,Node_15,18,0,9,18,9,,,,,,,,,
8,VISIT,777,Random,OnArrival,3,7,329,Node_3,19,0,9,19,9,,,,,,,,,
8,VISIT,777,Random,OnArrival,3,8,356,Node_20,19,0,10,19,10,,,,,,,,,
8,VISIT,777,Random,OnArrival,3,9,381,Node_5,20,0,10,20,10,,,,,,,,,
8,VISIT,777,Random,OnArrival,3,10,533,Node_25,21,0,15,21,15,,,,,,,,,
8,VISIT,781,Random,OnArrival,3,0,1246,Node_6,19,0,12,19,12,,,,,,,,,
8,VISIT,782,Random,OnArrival,3,0,1246,Node_7,19,0,8,19,8,,,,,,,,,
8,VISIT,783,Random,OnArrival,3,0,1246,Node_8,17,0,10,17,10,,,,,,,,,
8,VISIT,784,Random,OnArrival,3,0,1246,Node_9,21,0,10,21,10,,,,,,,,,
8,VISIT,781,Random,OnArrival,3,1,1271,Node_40,20,0,12,20,12,,,,,,,,,
8,VISIT,783,Random,OnArrival,3,1,1271,Node_4,18,0,10,18,10,,,,,,,,,
8,VISIT,781,Random,OnArrival,3,2,1296,Node_17,21,0,12,21,12,,,,,,,,,
8,VISIT,783,Random,OnArrival,3,2,1296,Node_15,18,0,9,18,9,,,,,,,,,
8,VISIT,781,Random,OnArrival,3,3,1322,Node_13,21,0,11,21,11,,,,,,,,,
8,VISIT,782,Random,OnArrival,3,1,1322,Node_5,20,0,10,20,10,,,,,,,,,
8,VISIT,783,Random,OnArrival,3,3,1322,Node_11,18,0,8,18,8,,,,,,,,,
8,VISIT,781,Random,OnArrival,3,4,1348,Node_38,20,0,11,20,11,,,,,,,,,
8,VISIT,782,Random,OnArrival,3,2,1348,Node_20,19,0,10,19,10,,,,,,,,,
8,VISIT,781,Random,OnArrival,3,5,1373,Node_2,19,0,11,19,11,,,,,,,,,
8,VISIT,782,Random,OnArrival,3,3,1373,Node_2,19,0,11,19,11,,,,,,,,,
8,VISIT,783,Random,OnArrival,3,4,1373,Node_23,17,0,9,17,9,,,,,,,,,
8,VISIT,781,Random,OnArrival,3,6,1398,Node_38,20,0,11,20,11,,,,,,,,,
8,VISIT,782,Random,OnArrival,3,4,1398,Node_38,20,0,11,20,11,,,,,,,,,
8,VISIT,783,Random,OnArrival,3,5,1398,Node_8,17,0,10,17,10,,,,,,,,,
8,VISIT,781,Random,OnArrival,3,7,1424,Node_13,21,0,11,21,11,,,,,,,,,
8,VISIT,782,Random,OnArrival,3,5,1424,Node_13,21,0,11,21,11,,,,,,,,,
8,VISIT,783,Random,OnArrival,3,6,1424,Node_24,16,0,10,16,10,,,,,,,,,
8,VISIT,783,Random,OnArrival,3,7,1449,Node_26,15,0,10,15,10,,,,,,,,,
8,VISIT,783,Random,OnArrival,3,8,1497,Node_33,14,0,11,14,11,,,,,,,,,
8,VISIT,783,Random,OnArrival,3,9,1596,Node_39,13,0,14,13,14,,,,,,,,,
8,VISIT,781,Random,OnArrival,3,8,1621,Node_53,21,0,5,21,5,,,,,,,,,
8,VISIT,782,Random,OnArrival,3,6,1621,Node_53,21,0,5,21,5,,,,,,,,,
8,VISIT,781,Random,OnArrival,3,9,1645,Node_62,20,0,5,20,5,,,,,,,,,
8,VISIT,782,Random,OnArrival,3,7,1645,Node_62,20,0,5,20,5,,,,,,,,,
8,VISIT,785,Random,OnArrival,3,0,2356,Node_6,19,0,12,19,12,,,,,,,,,
8,VISIT,786,Random,OnArrival,3,0,2356,Node_7,19,0,8,19,8,,,,,,,,,
8,VISIT,787,Random,OnArrival,3,0,2356,Node_8,17,0,10,17,10,,,,,,,,,
8,VISIT,788,Random,OnArrival,3,0,2356,Node_9,21,0,10,21,10,,,,,,,,,
8,VISIT,785,Random,OnArrival,3,1,2380,Node_40,20,0,12,20,12,,,,,,,,,
8,VISIT,786,Random,OnArrival,3,1,2380,Node_11,18,0,8,18,8,,,,,,,,,
8,VISIT,787,Random,OnArrival,3,1,2380,Node_24,16,0,10,16,10,,,,,,,,,
8,VISIT,788,Random,OnArrival,3,1,2380,Node_58,22,0,10,22,10,,,,,,,,,
8,VISIT,785,Random,OnArrival,3,2,2404,Node_42,20,0,13,20,13,,,,,,,,,
8,VISIT,786,Random,OnArrival,3,2,2404,Node_51,17,0,8,17,8,,,,,,,,,
8,VISIT,787,Random,OnArrival,3,2,2404,Node_26,15,0,10,15,10,,,,,,,,,
8,VISIT,785,Random,OnArrival,3,3,2428,Node_19,21,0,13,21,13,,,,,,,,,
8,VISIT,787,Random,OnArrival,3,3,2428,Node_59,14,0,10,14,10,,,,,,,,,
8,VISIT,785,Random,OnArrival,3,4,2449,Node_22,21,0,14,21,14,,,,,,,,,
8,VISIT,785,Random,OnArrival,3,5,2471,Node_43,20,0,14,20,14,,,,,,,,,
8,VISIT,787,Random,OnArrival,3,4,2471,Node_64,13,0,11,13,11,,,,,,,,,
8,VISIT,787,Random,OnArrival,3,5,2494,Node_33,14,0,11,14,11,,,,,,,,,
8,VISIT,787,Random,OnArrival,3,6,2517,Node_35,14,0,12,14,12,,,,,,,,,
8,VISIT,787,Random,OnArrival,3,7,2540,Node_66,13,0,12,13,12,,,,,,,,,
8,VISIT,787,Random,OnArrival,3,8,2563,Node_68,13,0,13,13,13,,,,,,,,,
8,VISIT,787,Random,OnArrival,3,9,2586,Node_36,14,0,13,14,13,,,,,,,,,
8,VISIT,787,Random,OnArrival,3,10,2609,Node_31,15,0,13,15,13,,,,,,,,,
8,VISIT,787,Random,OnArrival,3,11,2764,Node_113,15,0,14,15,14,,,,,,,,,
8,VISIT,787,Random,OnArrival,3,12,2786,Node_37,14,0,14,14,14,,,,,,,,,
8,VISIT,787,Random,OnArrival,3,13,2809,Node_39,13,0,14,13,14,,,,,,,,,
8,VISIT,787,Random,OnArrival,3,14,2832,Node_70,12,0,14,12,14,,,,,,,,,
8,VISIT,789,Random,OnArrival,3,0,3362,Node_6,19,0,12,19,12,,,,,,,,,
8,VISIT,790,Random,OnArrival,3,0,3362,Node_7,19,0,8,19,8,,,,,,,,,
8,VISIT,791,Random,OnArrival,3,0,3362,Node_8,17,0,10,17,10,,,,,,,,,
8,VISIT,792,Random,OnArrival,3,0,3362,Node_9,21,0,10,21,10,,,,,,,,,
8,VISIT,789,Random,OnArrival,3,1,3384,Node_2,19,0,11,19,11,,,,,,,,,
8,VISIT,790,Random,OnArrival,3,1,3384,Node_11,18,0,8,18,8,,,,,,,,,
8,VISIT,791,Random,OnArrival,3,1,3384,Node_12,17,0,11,17,11,,,,,,,,,
8,VISIT,792,Random,OnArrival,3,1,3384,Node_58,22,0,10,22,10,,,,,,,,,
8,VISIT,789,Random,OnArrival,3,2,3406,Node_38,20,0,11,20,11,,,,,,,,,
8,VISIT,790,Random,OnArrival,3,2,3406,Node_51,17,0,8,17,8,,,,,,,,,
8,VISIT,791,Random,OnArrival,3,2,3406,Node_16,17,0,12,17,12,,,,,,,,,
8,VISIT,792,Random,OnArrival,3,2,3406,Node_61,22,0,9,22,9,,,,,,,,,
8,VISIT,789,Random,OnArrival,3,3,3428,Node_13,21,0,11,21,11,,,,,,,,,
8,VISIT,790,Random,OnArrival,3,3,3428,Node_92,16,0,8,16,8,,,,,,,,,
8,VISIT,791,Random,OnArrival,3,3,3428,Node_10,18,0,12,18,12,,,,,,,,,
8,VISIT,792,Random,OnArrival,3,3,3428,Node_47,21,0,9,21,9,,,,,,,,,
8,VISIT,789,Random,OnArrival,3,4,3450,Node_56,22,0,11,22,11,,,,,,,,,
8,VISIT,790,Random,OnArrival,3,4,3450,Node_94,15,0,8,15,8,,,,,,,,,
8,VISIT,791,Random,OnArrival,3,4,3450,Node_16,17,0,12,17,12,,,,,,,,,
8,VISIT,792,Random,OnArrival,3,4,3450,Node_48,20,0,9,20,9,,,,,,,,,
8,VISIT,789,Random,OnArrival,3,5,3473,Node_88,23,0,11,23,11,,,,,,,,,
8,VISIT,790,Random,OnArrival,3,5,3473,Node_97,15,0,7,15,7,,,,,,,,,
8,VISIT,791,Random,OnArrival,3,5,3473,Node_18,16,0,12,16,12,,,,,,,,,
8,VISIT,792,Random,OnArrival,3,5,3473,Node_3,19,0,9,19,9,,,,,,,,,
8,VISIT,791,Random,OnArrival,3,6,3495,Node_29,15,0,12,15,12,,,,,,,,,
8,VISIT,792,Random,OnArrival,3,6,3495,Node_7,19,0,8,19,8,,,,,,,,,
8,VISIT,789,Random,OnArrival,3,6,3517,Node_93,24,0,12,24,12,,,,,,,,,
8,VISIT,791,Random,OnArrival,3,7,3517,Node_35,14,0,12,14,12,,,,,,,,,
8,VISIT,792,Random,OnArrival,3,7,3517,Node_46,20,0,8,20,8,,,,,,,,,
8,VISIT,791,Random,OnArrival,3,8,3538,Node_36,14,0,13,14,13,,,,,,,,,
8,VISIT,792,Random,OnArrival,3,8,3538,Node_49,21,0,8,21,8,,,,,,,,,
8,VISIT,791,Random,OnArrival,3,9,3559,Node_37,14,0,14,14,14,,,,,,,,,
8,VISIT,792,Random,OnArrival,3,9,3559,Node_63,22,0,8,22,8,,,,,,,,,
8,VISIT,791,Random,OnArrival,3,10,3581,Node_39,13,0,14,13,14,,,,,,,,,
8,VISIT,792,Random,OnArrival,3,10,3581,Node_61,22,0,9,22,9,,,,,,,,,
8,VISIT,791,Random,OnArrival,3,11,3602,Node_41,13,0,15,13,15,,,,,,,,,
8,VISIT,790,Random,OnArrival,3,6,3623,Node_90,13,0,10,13,10,,,,,,,,,
8,VISIT,792,Random,OnArrival,3,11,3623,Node_86,23,0,10,23,10,,,,,,,,,
8,VISIT,792,Random,OnArrival,3,12,3643,Node_137,23,0,9,23,9,,,,,,,,,
8,VISIT,791,Random,OnArrival,3,12,3686,Node_77,12,0,18,12,18,,,,,,,,,
8,VISIT,792,Random,OnArrival,3,13,3847,Node_153,25,0,7,25,7,,,,,,,,,
8,VISIT,793,Random,OnArrival,3,0,4282,Node_6,19,0,12,19,12,,,,,,,,,
8,VISIT,794,Random,OnArrival,3,0,4282,Node_7,19,0,8,19,8,,,,,,,,,
8,VISIT,795,Random,OnArrival,3,0,4282,Node_8,17,0,10,17,10,,,,,,,,,
8,VISIT,796,Random,OnArrival,3,0,4282,Node_9,21,0,10,21,10,,,,,,,,,
8,VISIT,793,Random,OnArrival,3,1,4302,Node_40,20,0,12,20,12,,,,,,,,,
8,VISIT,794,Random,OnArrival,3,1,4302,Node_46,20,0,8,20,8,,,,,,,,,
8,VISIT,795,Random,OnArrival,3,1,4302,Node_23,17,0,9,17,9,,,,,,,,,
8,VISIT,796,Random,OnArrival,3,1,4302,Node_47,21,0,9,21,9,,,,,,,,,
8,VISIT,793,Random,OnArrival,3,2,4323,Node_42,20,0,13,20,13,,,,,,,,,
8,VISIT,794,Random,OnArrival,3,2,4323,Node_49,21,0,8,21,8,,,,,,,,,
8,VISIT,795,Random,OnArrival,3,2,4323,Node_51,17,0,8,17,8,,,,,,,,,
8,VISIT,796,Random,OnArrival,3,2,4323,Node_49,21,0,8,21,8,,,,,,,,,
8,VISIT,793,Random,OnArrival,3,3,4343,Node_43,20,0,14,20,14,,,,,,,,,
8,VISIT,794,Random,OnArrival,3,3,4343,Node_50,21,0,7,21,7,,,,,,,,,
8,VISIT,795,Random,OnArrival,3,3,4343,Node_87,17,0,7,17,7,,,,,,,,,
8,VISIT,796,Random,OnArrival,3,3,4343,Node_50,21,0,7,21,7,,,,,,,,,
8,VISIT,794,Random,OnArrival,3,4,4363,Node_65,22,0,7,22,7,,,,,,,,,
8,VISIT,795,Random,OnArrival,3,4,4363,Node_89,16,0,7,16,7,,,,,,,,,
8,VISIT,796,Random,OnArrival,3,4,4363,Node_65,22,0,7,22,7,,,,,,,,,
8,VISIT,793,Random,OnArrival,3,4,4381,Node_96,18,0,14,18,14,,,,,,,,,
8,VISIT,794,Random,OnArrival,3,5,4381,Node_50,21,0,7,21,7,,,,,,,,,
8,VISIT,796,Random,OnArrival,3,5,4381,Node_67,22,0,6,22,6,,,,,,,,,
8,VISIT,794,Random,OnArrival,3,6,4401,Node_52,21,0,6,21,6,,,,,,,,,
8,VISIT,796,Random,OnArrival,3,6,4401,Node_52,21,0,6,21,6,,,,,,,,,
8,VISIT,794,Random,OnArrival,3,7,4420,Node_72,20,0,6,20,6,,,,,,,,,
8,VISIT,796,Random,OnArrival,3,7,4420,Node_72,20,0,6,20,6,,,,,,,,,
8,VISIT,794,Random,OnArrival,3,8,4440,Node_74,19,0,6,19,6,,,,,,,,,
8,VISIT,796,Random,OnArrival,3,8,4440,Node_74,19,0,6,19,6,,,,,,,,,
8,VISIT,794,Random,OnArrival,3,9,4460,Node_76,19,0,5,19,5,,,,,,,,,
8,VISIT,796,Random,OnArrival,3,9,4460,Node_76,19,0,5,19,5,,,,,,,,,
8,VISIT,795,Random,OnArrival,3,5,4480,Node_112,15,0,2,15,2,,,,,,,,,
8,VISIT,794,Random,OnArrival,3,10,4558,Node_168,16,0,5,16,5,,,,,,,,,
8,VISIT,796,Random,OnArrival,3,10,4558,Node_168,16,0,5,16,5,,,,,,,,,
8,VISIT,794,Random,OnArrival,3,11,4577,Node_103,15,0,5,15,5,,,,,,,,,
8,VISIT,796,Random,OnArrival,3,11,4577,Node_103,15,0,5,15,5,,,,,,,,,
8,VISIT,794,Random,OnArrival,3,12,4595,Node_100,15,0,6,15,6,,,,,,,,,
8,VISIT,796,Random,OnArrival,3,12,4595,Node_168,16,0,5,16,5,,,,,,,,,
8,VISIT,794,Random,OnArrival,3,13,4615,Node_128,14,0,6,14,6,,,,,,,,,
8,VISIT,796,Random,OnArrival,3,13,4615,Node_184,17,0,5,17,5,,,,,,,,,
8,VISIT,794,Random,OnArrival,3,14,4635,Node_100,15,0,6,15,6,,,,,,,,,
8,VISIT,796,Random,OnArrival,3,14,4635,Node_176,18,0,5,18,5,,,,,,,,,
8,VISIT,794,Random,OnArrival,3,15,4655,Node_166,16,0,6,16,6,,,,,,,,,
8,VISIT,796,Random,OnArrival,3,15,4655,Node_184,17,0,5,17,5,,,,,,,,,
8,VISIT,794,Random,OnArrival,3,16,4674,Node_168,16,0,5,16,5,,,,,,,,,
8,VISIT,796,Random,OnArrival,3,16,4674,Node_168,16,0,5,16,5,,,,,,,,,
8,VISIT,794,Random,OnArrival,3,17,4693,Node_103,15,0,5,15,5,,,,,,,,,
8,VISIT,796,Random,OnArrival,3,17,4693,Node_166,16,0,6,16,6,,,,,,,,,
8,VISIT,794,Random,OnArrival,3,18,4712,Node_106,15,0,4,15,4,,,,,,,,,
8,VISIT,796,Random,OnArrival,3,18,4712,Node_100,15,0,6,15,6,,,,,,,,,
8,VISIT,794,Random,OnArrival,3,19,4731,Node_170,16,0,4,16,4,,,,,,,,,
8,VISIT,796,Random,OnArrival,3,19,4731,Node_97,15,0,7,15,7,,,,,,,,,
8,VISIT,794,Random,OnArrival,3,20,4745,Node_181,17,0,4,17,4,,,,,,,,,
8,VISIT,796,Random,OnArrival,3,20,4745,Node_89,16,0,7,16,7,,,,,,,,,
8,VISIT,794,Random,OnArrival,3,21,4760,Node_178,18,0,4,18,4,,,,,,,,,
8,VISIT,796,Random,OnArrival,3,21,4760,Node_166,16,0,6,16,6,,,,,,,,,
8,VISIT,794,Random,OnArrival,3,22,4775,Node_78,19,0,4,19,4,,,,,,,,,
8,VISIT,796,Random,OnArrival,3,22,4775,Node_168,16,0,5,16,5,,,,,,,,,
8,VISIT,794,Random,OnArrival,3,23,4791,Node_60,20,0,4,20,4,,,,,,,,,
8,VISIT,796,Random,OnArrival,3,23,4791,Node_170,16,0,4,16,4,,,,,,,,,
8,VISIT,794,Random,OnArrival,3,24,4808,Node_54,21,0,4,21,4,,,,,,,,,
8,VISIT,796,Random,OnArrival,3,24,4808,Node_172,16,0,3,16,3,,,,,,,,,
8,VISIT,794,Random,OnArrival,3,25,4826,Node_53,21,0,5,21,5,,,,,,,,,
8,VISIT,796,Random,OnArrival,3,25,4826,Node_109,15,0,3,15,3,,,,,,,,,
8,VISIT,794,Random,OnArrival,3,26,4845,Node_62,20,0,5,20,5,,,,,,,,,
8,VISIT,794,Random,OnArrival,3,27,4863,Node_76,19,0,5,19,5,,,,,,,,,
8,VISIT,794,Random,OnArrival,3,28,4883,Node_78,19,0,4,19,4,,,,,,,,,
8,VISIT,794,Random,OnArrival,3,29,4902,Node_79,19,0,3,19,3,,,,,,,,,
8,VISIT,794,Random,OnArrival,3,30,4921,Node_57,20,0,3,20,3,,,,,,,,,
8,VISIT,794,Random,OnArrival,3,31,4959,Node_80,19,0,2,19,2,,,,,,,,,
8,VISIT,794,Random,OnArrival,3,32,4979,Node_81,19,0,1,19,1,,,,,,,,,
8,VISIT,797,Random,OnArrival,3,0,5078,Node_6,19,0,12,19,12,,,,,,,,,
8,VISIT,798,Random,OnArrival,3,0,5078,Node_7,19,0,8,19,8,,,,,,,,,
8,VISIT,799,Random,OnArrival,3,0,5078,Node_8,17,0,10,17,10,,,,,,,,,
8,VISIT,800,Random,OnArrival,3,0,5078,Node_9,21,0,10,21,10,,,,,,,,,
8,VISIT,797,Random,OnArrival,3,1,5095,Node_2,19,0,11,19,11,,,,,,,,,
8,VISIT,798,Random,OnArrival,3,1,5095,Node_46,20,0,8,20,8,,,,,,,,,
8,VISIT,799,Random,OnArrival,3,1,5095,Node_23,17,0,9,17,9,,,,,,,,,
8,VISIT,800,Random,OnArrival,3,1,5095,Node_13,21,0,11,21,11,,,,,,,,,
8,VISIT,797,Random,OnArrival,3,2,5112,Node_20,19,0,10,19,10,,,,,,,,,
8,VISIT,798,Random,OnArrival,3,2,5112,Node_49,21,0,8,21,8,,,,,,,,,
8,VISIT,799,Random,OnArrival,3,2,5112,Node_51,17,0,8,17,8,,,,,,,,,
8,VISIT,800,Random,OnArrival,3,2,5112,Node_56,22,0,11,22,11,,,,,,,,,
8,VISIT,797,Random,OnArrival,3,3,5130,Node_3,19,0,9,19,9,,,,,,,,,
8,VISIT,798,Random,OnArrival,3,3,5130,Node_47,21,0,9,21,9,,,,,,,,,
8,VISIT,799,Random,OnArrival,3,3,5130,Node_87,17,0,7,17,7,,,,,,,,,
8,VISIT,800,Random,OnArrival,3,3,5130,Node_88,23,0,11,23,11,,,,,,,,,
8,VISIT,797,Random,OnArrival,3,4,5148,Node_7,19,0,8,19,8,,,,,,,,,
8,VISIT,798,Random,OnArrival,3,4,5148,Node_61,22,0,9,22,9,,,,,,,,,
8,VISIT,799,Random,OnArrival,3,4,5148,Node_89,16,0,7,16,7,,,,,,,,,
8,VISIT,800,Random,OnArrival,3,4,5148,Node_126,24,0,11,24,11,,,,,,,,,
8,VISIT,797,Random,OnArrival,3,5,5167,Node_46,20,0,8,20,8,,,,,,,,,
8,VISIT,798,Random,OnArrival,3,5,5167,Node_137,23,0,9,23,9,,,,,,,,,
8,VISIT,799,Random,OnArrival,3,5,5167,Node_97,15,0,7,15,7,,,,,,,,,
8,VISIT,797,Random,OnArrival,3,6,5184,Node_49,21,0,8,21,8,,,,,,,,,
8,VISIT,799,Random,OnArrival,3,6,5184,Node_127,14,0,7,14,7,,,,,,,,,
8,VISIT,800,Random,OnArrival,3,5,5184,Node_129,25,0,12,25,12,,,,,,,,,
8,VISIT,797,Random,OnArrival,3,7,5203,Node_50,21,0,7,21,7,,,,,,,,,
8,VISIT,798,Random,OnArrival,3,6,5203,Node_148,25,0,9,25,9,,,,,,,,,
8,VISIT,799,Random,OnArrival,3,7,5203,Node_132,13,0,7,13,7,,,,,,,,,
8,VISIT,797,Random,OnArrival,3,8,5222,Node_52,21,0,6,21,6,,,,,,,,,
8,VISIT,799,Random,OnArrival,3,8,5222,Node_150,12,0,7,12,7,,,,,,,,,
8,VISIT,797,Random,OnArrival,3,9,5240,Node_53,21,0,5,21,5,,,,,,,,,
8,VISIT,800,Random,OnArrival,3,6,5240,Node_131,25,0,13,25,13,,,,,,,,,
8,VISIT,797,Random,OnArrival,3,10,5257,Node_69,22,0,5,22,5,,,,,,,,,
8,VISIT,798,Random,OnArrival,3,7,5257,Node_165,26,0,7,26,7,,,,,,,,,
8,VISIT,800,Random,OnArrival,3,7,5257,Node_95,24,0,13,24,13,,,,,,,,,
8,VISIT,800,Random,OnArrival,3,8,5275,Node_93,24,0,12,24,12,,,,,,,,,
8,VISIT,800,Random,OnArrival,3,9,5293,Node_129,25,0,12,25,12,,,,,,,,,
8,VISIT,798,Random,OnArrival,3,8,5311,Node_157,25,0,5,25,5,,,,,,,,,
8,VISIT,800,Random,OnArrival,3,10,5311,Node_207,26,0,12,26,12,,,,,,,,,
8,VISIT,798,Random,OnArrival,3,9,5328,Node_217,26,0,5,26,5,,,,,,,,,
8,VISIT,798,Random,OnArrival,3,10,5381,Node_214,26,0,6,26,6,,,,,,,,,
8,VISIT,798,Random,OnArrival,3,11,5399,Node_155,25,0,6,25,6,,,,,,,,,
8,VISIT,798,Random,OnArrival,3,12,5416,Node_161,24,0,6,24,6,,,,,,,,,
8,VISIT,798,Random,OnArrival,3,13,5434,Node_163,24,0,7,24,7,,,,,,,,,
8,VISIT,798,Random,OnArrival,3,14,5452,Node_153,25,0,7,25,7,,,,,,,,,
8,VISIT,798,Random,OnArrival,3,15,5470,Node_152,25,0,8,25,8,,,,,,,,,
8,VISIT,798,Random,OnArrival,3,16,5488,Node_210,26,0,8,26,8,,,,,,,,,
8,VISIT,798,Random,OnArrival,3,17,5507,Node_165,26,0,7,26,7,,,,,,,,,
8,VISIT,798,Random,OnArrival,3,18,5526,Node_214,26,0,6,26,6,,,,,,,,,
8,VISIT,798,Random,OnArrival,3,19,5544,Node_217,26,0,5,26,5,,,,,,,,,
8,VISIT,798,Random,OnArrival,3,20,5563,Node_225,27,0,5,27,5,,,,,,,,,
8,VISIT,801,Random,OnArrival,3,0,5843,Node_6,19,0,12,19,12,,,,,,,,,
8,VISIT,802,Random,OnArrival,3,0,5843,Node_7,19,0,8,19,8,,,,,,,,,
8,VISIT,803,Random,OnArrival,3,0,5843,Node_8,17,0,10,17,10,,,,,,,,,
8,VISIT,804,Random,OnArrival,3,0,5843,Node_9,21,0,10,21,10,,,,,,,,,
8,VISIT,801,Random,OnArrival,3,1,5859,Node_2,19,0,11,19,11,,,,,,,,,
8,VISIT,802,Random,OnArrival,3,1,5859,Node_3,19,0,9,19,9,,,,,,,,,
8,VISIT,803,Random,OnArrival,3,1,5859,Node_4,18,0,10,18,10,,,,,,,,,
8,VISIT,804,Random,OnArrival,3,1,5859,Node_47,21,0,9,21,9,,,,,,,,,
8,VISIT,801,Random,OnArrival,3,2,5876,Node_20,19,0,10,19,10,,,,,,,,,
8,VISIT,802,Random,OnArrival,3,2,5876,Node_48,20,0,9,20,9,,,,,,,,,
8,VISIT,803,Random,OnArrival,3,2,5876,Node_15,18,0,9,18,9,,,,,,,,,
8,VISIT,804,Random,OnArrival,3,2,5876,Node_61,22,0,9,22,9,,,,,,,,,
8,VISIT,801,Random,OnArrival,3,3,5892,Node_3,19,0,9,19,9,,,,,,,,,
8,VISIT,802,Random,OnArrival,3,3,5892,Node_47,21,0,9,21,9,,,,,,,,,
8,VISIT,803,Random,OnArrival,3,3,5892,Node_3,19,0,9,19,9,,,,,,,,,
8,VISIT,804,Random,OnArrival,3,3,5892,Node_137,23,0,9,23,9,,,,,,,,,
8,VISIT,801,Random,OnArrival,3,4,5909,Node_48,20,0,9,20,9,,,,,,,,,
8,VISIT,802,Random,OnArrival,3,4,5909,Node_61,22,0,9,22,9,,,,,,,,,
8,VISIT,803,Random,OnArrival,3,4,5909,Node_48,20,0,9,20,9,,,,,,,,,
8,VISIT,801,Random,OnArrival,3,5,5926,Node_47,21,0,9,21,9,,,,,,,,,
8,VISIT,802,Random,OnArrival,3,5,5926,Node_137,23,0,9,23,9,,,,,,,,,
8,VISIT,803,Random,OnArrival,3,5,5926,Node_47,21,0,9,21,9,,,,,,,,,
8,VISIT,804,Random,OnArrival,3,4,5926,Node_148,25,0,9,25,9,,,,,,,,,
8,VISIT,801,Random,OnArrival,3,6,5941,Node_61,22,0,9,22,9,,,,,,,,,
8,VISIT,803,Random,OnArrival,3,6,5941,Node_61,22,0,9,22,9,,,,,,,,,
8,VISIT,804,Random,OnArrival,3,5,5941,Node_208,26,0,9,26,9,,,,,,,,,
8,VISIT,801,Random,OnArrival,3,7,5959,Node_137,23,0,9,23,9,,,,,,,,,
8,VISIT,802,Random,OnArrival,3,6,5959,Node_148,25,0,9,25,9,,,,,,,,,
8,VISIT,803,Random,OnArrival,3,7,5959,Node_137,23,0,9,23,9,,,,,,,,,
8,VISIT,802,Random,OnArrival,3,7,5977,Node_208,26,0,9,26,9,,,,,,,,,
8,VISIT,801,Random,OnArrival,3,8,5994,Node_148,25,0,9,25,9,,,,,,,,,
8,VISIT,802,Random,OnArrival,3,8,5994,Node_246,27,0,9,27,9,,,,,,,,,
8,VISIT,803,Random,OnArrival,3,8,5994,Node_148,25,0,9,25,9,,,,,,,,,
8,VISIT,801,Random,OnArrival,3,9,6011,Node_208,26,0,9,26,9,,,,,,,,,
8,VISIT,803,Random,OnArrival,3,9,6011,Node_208,26,0,9,26,9,,,,,,,,,
8,VISIT,804,Random,OnArrival,3,6,6011,Node_223,27,0,12,27,12,,,,,,,,,
8,VISIT,801,Random,OnArrival,3,10,6029,Node_246,27,0,9,27,9,,,,,,,,,
8,VISIT,803,Random,OnArrival,3,10,6029,Node_246,27,0,9,27,9,,,,,,,,,
8,VISIT,801,Random,OnArrival,3,11,6047,Node_247,27,0,10,27,10,,,,,,,,,
8,VISIT,803,Random,OnArrival,3,11,6047,Node_247,27,0,10,27,10,,,,,,,,,
8,VISIT,801,Random,OnArrival,3,12,6064,Node_250,28,0,10,28,10,,,,,,,,,
8,VISIT,802,Random,OnArrival,3,9,6064,Node_251,28,0,12,28,12,,,,,,,,,
8,VISIT,803,Random,OnArrival,3,12,6064,Node_250,28,0,10,28,10,,,,,,,,,
8,VISIT,804,Random,OnArrival,3,7,6064,Node_227,27,0,13,27,13,,,,,,,,,
8,VISIT,801,Random,OnArrival,3,13,6082,Node_247,27,0,10,27,10,,,,,,,,,
8,VISIT,802,Random,OnArrival,3,10,6082,Node_253,28,0,13,28,13,,,,,,,,,
8,VISIT,803,Random,OnArrival,3,13,6082,Node_252,28,0,11,28,11,,,,,,,,,
8,VISIT,804,Random,OnArrival,3,8,6082,Node_209,26,0,13,26,13,,,,,,,,,
8,VISIT,801,Random,OnArrival,3,14,6100,Node_248,27,0,11,27,11,,,,,,,,,
8,VISIT,803,Random,OnArrival,3,14,6100,Node_248,27,0,11,27,11,,,,,,,,,
8,VISIT,804,Random,OnArrival,3,9,6100,Node_207,26,0,12,26,12,,,,,,,,,
8,VISIT,801,Random,OnArrival,3,15,6118,Node_252,28,0,11,28,11,,,,,,,,,
8,VISIT,803,Random,OnArrival,3,15,6118,Node_247,27,0,10,27,10,,,,,,,,,
8,VISIT,804,Random,OnArrival,3,10,6118,Node_223,27,0,12,27,12,,,,,,,,,
8,VISIT,801,Random,OnArrival,3,16,6136,Node_251,28,0,12,28,12,,,,,,,,,
8,VISIT,803,Random,OnArrival,3,16,6136,Node_246,27,0,9,27,9,,,,,,,,,
8,VISIT,804,Random,OnArrival,3,11,6136,Node_248,27,0,11,27,11,,,,,,,,,
8,VISIT,801,Random,OnArrival,3,17,6153,Node_223,27,0,12,27,12,,,,,,,,,
8,VISIT,803,Random,OnArrival,3,17,6153,Node_249,28,0,9,28,9,,,,,,,,,
8,VISIT,804,Random,OnArrival,3,12,6153,Node_252,28,0,11,28,11,,,,,,,,,
8,VISIT,801,Random,OnArrival,3,18,6170,Node_227,27,0,13,27,13,,,,,,,,,
8,VISIT,804,Random,OnArrival,3,13,6170,Node_250,28,0,10,28,10,,,,,,,,,
8,VISIT,804,Random,OnArrival,3,14,6187,Node_249,28,0,9,28,9,,,,,,,,,
8,VISIT,801,Random,OnArrival,3,19,6204,Node_233,27,0,15,27,15,,,,,,,,,
8,VISIT,804,Random,OnArrival,3,15,6221,Node_259,30,0,9,30,9,,,,,,,,,
8,VISIT,803,Random,OnArrival,3,18,6287,Node_256,31,0,14,31,14,,,,,,,,,
8,VISIT,803,Random,OnArrival,3,19,6304,Node_272,31,0,13,31,13,,,,,,,,,
8,VISIT,803,Random,OnArrival,3,20,6320,Node_254,30,0,13,30,13,,,,,,,,,
8,VISIT,804,Random,OnArrival,3,16,6320,Node_242,28,0,5,28,5,,,,,,,,,
8,VISIT,803,Random,OnArrival,3,21,6336,Node_272,31,0,13,31,13,,,,,,,,,
8,VISIT,804,Random,OnArrival,3,17,6336,Node_225,27,0,5,27,5,,,,,,,,,
8,VISIT,804,Random,OnArrival,3,18,6353,Node_217,26,0,5,26,5,,,,,,,,,
8,VISIT,804,Random,OnArrival,3,19,6370,Node_157,25,0,5,25,5,,,,,,,,,
8,VISIT,804,Random,OnArrival,3,20,6386,Node_159,24,0,5,24,5,,,,,,,,,
8,VISIT,803,Random,OnArrival,3,22,6403,Node_266,31,0,11,31,11,,,,,,,,,
8,VISIT,805,Random,OnArrival,3,0,6550,Node_6,19,0,12,19,12,,,,,,,,,
8,VISIT,806,Random,OnArrival,3,0,6550,Node_7,19,0,8,19,8,,,,,,,,,
8,VISIT,807,Random,OnArrival,3,0,6550,Node_8,17,0,10,17,10,,,,,,,,,
8,VISIT,808,Random,OnArrival,3,0,6550,Node_9,21,0,10,21,10,,,,,,,,,
8,VISIT,805,Random,OnArrival,3,1,6563,Node_2,19,0,11,19,11,,,,,,,,,
8,VISIT,806,Random,OnArrival,3,1,6563,Node_3,19,0,9,19,9,,,,,,,,,
8,VISIT,807,Random,OnArrival,3,1,6563,Node_4,18,0,10,18,10,,,,,,,,,
8,VISIT,808,Random,OnArrival,3,1,6563,Node_47,21,0,9,21,9,,,,,,,,,
8,VISIT,805,Random,OnArrival,3,2,6578,Node_20,19,0,10,19,10,,,,,,,,,
8,VISIT,806,Random,OnArrival,3,2,6578,Node_48,20,0,9,20,9,,,,,,,,,
8,VISIT,807,Random,OnArrival,3,2,6578,Node_15,18,0,9,18,9,,,,,,,,,
8,VISIT,808,Random,OnArrival,3,2,6578,Node_61,22,0,9,22,9,,,,,,,,,
8,VISIT,805,Random,OnArrival,3,3,6593,Node_3,19,0,9,19,9,,,,,,,,,
8,VISIT,806,Random,OnArrival,3,3,6593,Node_47,21,0,9,21,9,,,,,,,,,
8,VISIT,807,Random,OnArrival,3,3,6593,Node_3,19,0,9,19,9,,,,,,,,,
8,VISIT,808,Random,OnArrival,3,3,6593,Node_137,23,0,9,23,9,,,,,,,,,
8,VISIT,805,Random,OnArrival,3,4,6608,Node_48,20,0,9,20,9,,,,,,,,,
8,VISIT,806,Random,OnArrival,3,4,6608,Node_61,22,0,9,22,9,,,,,,,,,
8,VISIT,807,Random,OnArrival,3,4,6608,Node_48,20,0,9,20,9,,,,,,,,,
8,VISIT,805,Random,OnArrival,3,5,6624,Node_47,21,0,9,21,9,,,,,,,,,
8,VISIT,806,Random,OnArrival,3,5,6624,Node_137,23,0,9,23,9,,,,,,,,,
8,VISIT,807,Random,OnArrival,3,5,6624,Node_47,21,0,9,21,9,,,,,,,,,
8,VISIT,808,Random,OnArrival,3,4,6624,Node_148,25,0,9,25,9,,,,,,,,,
8,VISIT,805,Random,OnArrival,3,6,6640,Node_61,22,0,9,22,9,,,,,,,,,
8,VISIT,807,Random,OnArrival,3,6,6640,Node_61,22,0,9,22,9,,,,,,,,,
8,VISIT,808,Random,OnArrival,3,5,6640,Node_208,26,0,9,26,9,,,,,,,,,
8,VISIT,805,Random,OnArrival,3,7,6657,Node_137,23,0,9,23,9,,,,,,,,,
8,VISIT,806,Random,OnArrival,3,6,6657,Node_148,25,0,9,25,9,,,,,,,,,
8,VISIT,807,Random,OnArrival,3,7,6657,Node_137,23,0,9,23,9,,,,,,,,,
8,VISIT,808,Random,OnArrival,3,6,6657,Node_246,27,0,9,27,9,,,,,,,,,
8,VISIT,806,Random,OnArrival,3,7,6673,Node_208,26,0,9,26,9,,,,,,,,,
8,VISIT,808,Random,OnArrival,3,7,6673,Node_249,28,0,9,28,9,,,,,,,,,
8,VISIT,805,Random,OnArrival,3,8,6690,Node_148,25,0,9,25,9,,,,,,,,,
8,VISIT,806,Random,OnArrival,3,8,6690,Node_246,27,0,9,27,9,,,,,,,,,
8,VISIT,807,Random,OnArrival,3,8,6690,Node_148,25,0,9,25,9,,,,,,,,,
8,VISIT,805,Random,OnArrival,3,9,6707,Node_208,26,0,9,26,9,,,,,,,,,
8,VISIT,806,Random,OnArrival,3,9,6707,Node_249,28,0,9,28,9,,,,,,,,,
8,VISIT,807,Random,OnArrival,3,9,6707,Node_208,26,0,9,26,9,,,,,,,,,
8,VISIT,808,Random,OnArrival,3,8,6707,Node_259,30,0,9,30,9,,,,,,,,,
8,VISIT,805,Random,OnArrival,3,10,6724,Node_246,27,0,9,27,9,,,,,,,,,
8,VISIT,807,Random,OnArrival,3,10,6724,Node_246,27,0,9,27,9,,,,,,,,,
8,VISIT,805,Random,OnArrival,3,11,6740,Node_249,28,0,9,28,9,,,,,,,,,
8,VISIT,806,Random,OnArrival,3,10,6740,Node_259,30,0,9,30,9,,,,,,,,,
8,VISIT,807,Random,OnArrival,3,11,6740,Node_249,28,0,9,28,9,,,,,,,,,
8,VISIT,808,Random,OnArrival,3,9,6740,Node_285,31,0,10,31,10,,,,,,,,,
8,VISIT,806,Random,OnArrival,3,11,6756,Node_261,30,0,10,30,10,,,,,,,,,
8,VISIT,808,Random,OnArrival,3,10,6756,Node_261,30,0,10,30,10,,,,,,,,,
8,VISIT,805,Random,OnArrival,3,12,6773,Node_259,30,0,9,30,9,,,,,,,,,
8,VISIT,806,Random,OnArrival,3,12,6773,Node_285,31,0,10,31,10,,,,,,,,,
8,VISIT,807,Random,OnArrival,3,12,6773,Node_259,30,0,9,30,9,,,,,,,,,
8,VISIT,808,Random,OnArrival,3,11,6773,Node_264,30,0,11,30,11,,,,,,,,,
8,VISIT,805,Random,OnArrival,3,13,6790,Node_261,30,0,10,30,10,,,,,,,,,
8,VISIT,806,Random,OnArrival,3,13,6790,Node_286,31,0,9,31,9,,,,,,,,,
8,VISIT,807,Random,OnArrival,3,13,6790,Node_261,30,0,10,30,10,,,,,,,,,
8,VISIT,808,Random,OnArrival,3,12,6790,Node_266,31,0,11,31,11,,,,,,,,,
8,VISIT,805,Random,OnArrival,3,14,6808,Node_264,30,0,11,30,11,,,,,,,,,
8,VISIT,807,Random,OnArrival,3,14,6808,Node_264,30,0,11,30,11,,,,,,,,,
8,VISIT,808,Random,OnArrival,3,13,6808,Node_283,32,0,11,32,11,,,,,,,,,
8,VISIT,805,Random,OnArrival,3,15,6824,Node_266,31,0,11,31,11,,,,,,,,,
8,VISIT,807,Random,OnArrival,3,15,6824,Node_266,31,0,11,31,11,,,,,,,,,
8,VISIT,805,Random,OnArrival,3,16,6840,Node_283,32,0,11,32,11,,,,,,,,,
8,VISIT,807,Random,OnArrival,3,16,6840,Node_269,31,0,12,31,12,,,,,,,,,
8,VISIT,806,Random,OnArrival,3,14,6857,Node_273,30,0,6,30,6,,,,,,,,,
8,VISIT,807,Random,OnArrival,3,17,6857,Node_282,32,0,12,32,12,,,,,,,,,
8,VISIT,805,Random,OnArrival,3,17,6873,Node_290,34,0,11,34,11,,,,,,,,,
8,VISIT,806,Random,OnArrival,3,15,6873,Node_275,30,0,5,30,5,,,,,,,,,
8,VISIT,807,Random,OnArrival,3,18,6873,Node_280,32,0,13,32,13,,,,,,,,,
8,VISIT,806,Random,OnArrival,3,16,6905,Node_242,28,0,5,28,5,,,,,,,,,
8,VISIT,806,Random,OnArrival,3,17,6938,Node_243,28,0,3,28,3,,,,,,,,,
8,VISIT,808,Random,OnArrival,3,14,6954,Node_294,34,0,8,34,8,,,,,,,,,
8,VISIT,805,Random,OnArrival,3,18,6970,Node_297,34,0,7,34,7,,,,,,,,,
8,VISIT,808,Random,OnArrival,3,15,6970,Node_301,35,0,8,35,8,,,,,,,,,
8,VISIT,805,Random,OnArrival,3,19,6986,Node_304,35,0,7,35,7,,,,,,,,,
8,VISIT,808,Random,OnArrival,3,16,6986,Node_298,35,0,9,35,9,,,,,,,,,
8,VISIT,805,Random,OnArrival,3,20,7002,Node_301,35,0,8,35,8,,,,,,,,,
8,VISIT,806,Random,OnArrival,3,18,7002,Node_245,28,0,1,28,1,,,,,,,,,
8,VISIT,808,Random,OnArrival,3,17,7002,Node_292,34,0,9,34,9,,,,,,,,,
8,VISIT,805,Random,OnArrival,3,21,7019,Node_298,35,0,9,35,9,,,,,,,,,
8,VISIT,808,Random,OnArrival,3,18,7019,Node_291,34,0,10,34,10,,,,,,,,,
8,VISIT,808,Random,OnArrival,3,19,7036,Node_295,35,0,10,35,10,,,,,,,,,
8,VISIT,805,Random,OnArrival,3,22,7067,Node_295,35,0,10,35,10,,,,,,,,,
8,VISIT,805,Random,OnArrival,3,23,7082,Node_298,35,0,9,35,9,,,,,,,,,
8,VISIT,805,Random,OnArrival,3,24,7098,Node_314,36,0,9,36,9,,,,,,,,,
8,VISIT,805,Random,OnArrival,3,25,7130,Node_321,37,0,10,37,10,,,,,,,,,
8,VISIT,805,Random,OnArrival,3,26,7147,Node_322,37,0,11,37,11,,,,,,,,,
8,VISIT,809,Random,OnArrival,3,0,7205,Node_6,19,0,12,19,12,,,,,,,,,
8,VISIT,810,Random,OnArrival,3,0,7205,Node_7,19,0,8,19,8,,,,,,,,,
8,VISIT,811,Random,OnArrival,3,0,7205,Node_8,17,0,10,17,10,,,,,,,,,
8,VISIT,812,Random,OnArrival,3,0,7205,Node_9,21,0,10,21,10,,,,,,,,,
8,VISIT,809,Random,OnArrival,3,1,7217,Node_2,19,0,11,19,11,,,,,,,,,
8,VISIT,810,Random,OnArrival,3,1,7217,Node_3,19,0,9,19,9,,,,,,,,,
8,VISIT,811,Random,OnArrival,3,1,7217,Node_4,18,0,10,18,10,,,,,,,,,
8,VISIT,812,Random,OnArrival,3,1,7217,Node_47,21,0,9,21,9,,,,,,,,,
8,VISIT,809,Random,OnArrival,3,2,7230,Node_20,19,0,10,19,10,,,,,,,,,
8,VISIT,810,Random,OnArrival,3,2,7230,Node_48,20,0,9,20,9,,,,,,,,,
8,VISIT,811,Random,OnArrival,3,2,7230,Node_15,18,0,9,18,9,,,,,,,,,
8,VISIT,812,Random,OnArrival,3,2,7230,Node_61,22,0,9,22,9,,,,,,,,,
8,VISIT,809,Random,OnArrival,3,3,7243,Node_3,19,0,9,19,9,,,,,,,,,
8,VISIT,810,Random,OnArrival,3,3,7243,Node_47,21,0,9,21,9,,,,,,,,,
8,VISIT,811,Random,OnArrival,3,3,7243,Node_3,19,0,9,19,9,,,,,,,,,
8,VISIT,812,Random,OnArrival,3,3,7243,Node_137,23,0,9,23,9,,,,,,,,,
8,VISIT,809,Random,OnArrival,3,4,7256,Node_48,20,0,9,20,9,,,,,,,,,
8,VISIT,810,Random,OnArrival,3,4,7256,Node_61,22,0,9,22,9,,,,,,,,,
8,VISIT,811,Random,OnArrival,3,4,7256,Node_48,20,0,9,20,9,,,,,,,,,
8,VISIT,809,Random,OnArrival,3,5,7269,Node_47,21,0,9,21,9,,,,,,,,,
8,VISIT,810,Random,OnArrival,3,5,7269,Node_137,23,0,9,23,9,,,,,,,,,
8,VISIT,811,Random,OnArrival,3,5,7269,Node_47,21,0,9,21,9,,,,,,,,,
8,VISIT,812,Random,OnArrival,3,4,7269,Node_148,25,0,9,25,9,,,,,,,,,
8,VISIT,809,Random,OnArrival,3,6,7281,Node_61,22,0,9,22,9,,,,,,,,,
8,VISIT,811,Random,OnArrival,3,6,7281,Node_61,22,0,9,22,9,,,,,,,,,
8,VISIT,812,Random,OnArrival,3,5,7281,Node_208,26,0,9,26,9,,,,,,,,,
8,VISIT,809,Random,OnArrival,3,7,7293,Node_137,23,0,9,23,9,,,,,,,,,
8,VISIT,810,Random,OnArrival,3,6,7293,Node_148,25,0,9,25,9,,,,,,,,,
8,VISIT,811,Random,OnArrival,3,7,7293,Node_137,23,0,9,23,9,,,,,,,,,
8,VISIT,812,Random,OnArrival,3,6,7293,Node_246,27,0,9,27,9,,,,,,,,,
8,VISIT,810,Random,OnArrival,3,7,7304,Node_208,26,0,9,26,9,,,,,,,,,
8,VISIT,812,Random,OnArrival,3,7,7304,Node_249,28,0,9,28,9,,,,,,,,,
8,VISIT,809,Random,OnArrival,3,8,7320,Node_148,25,0,9,25,9,,,,,,,,,
8,VISIT,810,Random,OnArrival,3,8,7320,Node_246,27,0,9,27,9,,,,,,,,,
8,VISIT,811,Random,OnArrival,3,8,7320,Node_148,25,0,9,25,9,,,,,,,,,
8,VISIT,809,Random,OnArrival,3,9,7334,Node_208,26,0,9,26,9,,,,,,,,,
8,VISIT,810,Random,OnArrival,3,9,7334,Node_249,28,0,9,28,9,,,,,,,,,
8,VISIT,811,Random,OnArrival,3,9,7334,Node_208,26,0,9,26,9,,,,,,,,,
8,VISIT,812,Random,OnArrival,3,8,7334,Node_259,30,0,9,30,9,,,,,,,,,
8,VISIT,809,Random,OnArrival,3,10,7350,Node_246,27,0,9,27,9,,,,,,,,,
8,VISIT,811,Random,OnArrival,3,10,7350,Node_246,27,0,9,27,9,,,,,,,,,
8,VISIT,812,Random,OnArrival,3,9,7350,Node_267,30,0,8,30,8,,,,,,,,,
8,VISIT,809,Random,OnArrival,3,11,7366,Node_249,28,0,9,28,9,,,,,,,,,
8,VISIT,810,Random,OnArrival,3,10,7366,Node_259,30,0,9,30,9,,,,,,,,,
8,VISIT,811,Random,OnArrival,3,11,7366,Node_249,28,0,9,28,9,,,,,,,,,
8,VISIT,812,Random,OnArrival,3,10,7366,Node_287,31,0,8,31,8,,,,,,,,,
8,VISIT,810,Random,OnArrival,3,11,7382,Node_267,30,0,8,30,8,,,,,,,,,
8,VISIT,812,Random,OnArrival,3,11,7382,Node_288,31,0,7,31,7,,,,,,,,,
8,VISIT,809,Random,OnArrival,3,12,7398,Node_259,30,0,9,30,9,,,,,,,,,
8,VISIT,810,Random,OnArrival,3,12,7398,Node_270,30,0,7,30,7,,,,,,,,,
8,VISIT,811,Random,OnArrival,3,12,7398,Node_259,30,0,9,30,9,,,,,,,,,
8,VISIT,812,Random,OnArrival,3,12,7398,Node_270,30,0,7,30,7,,,,,,,,,
8,VISIT,809,Random,OnArrival,3,13,7414,Node_267,30,0,8,30,8,,,,,,,,,
8,VISIT,810,Random,OnArrival,3,13,7414,Node_288,31,0,7,31,7,,,,,,,,,
8,VISIT,811,Random,OnArrival,3,13,7414,Node_267,30,0,8,30,8,,,,,,,,,
8,VISIT,812,Random,OnArrival,3,13,7414,Node_273,30,0,6,30,6,,,,,,,,,
8,VISIT,809,Random,OnArrival,3,14,7430,Node_270,30,0,7,30,7,,,,,,,,,
8,VISIT,811,Random,OnArrival,3,14,7430,Node_270,30,0,7,30,7,,,,,,,,,
8,VISIT,812,Random,OnArrival,3,14,7430,Node_289,31,0,6,31,6,,,,,,,,,
8,VISIT,809,Random,OnArrival,3,15,7446,Node_288,31,0,7,31,7,,,,,,,,,
8,VISIT,811,Random,OnArrival,3,15,7446,Node_288,31,0,7,31,7,,,,,,,,,
8,VISIT,809,Random,OnArrival,3,16,7462,Node_326,32,0,7,32,7,,,,,,,,,
8,VISIT,811,Random,OnArrival,3,16,7462,Node_326,32,0,7,32,7,,,,,,,,,
8,VISIT,809,Random,OnArrival,3,17,7478,Node_300,33,0,7,33,7,,,,,,,,,
8,VISIT,811,Random,OnArrival,3,17,7478,Node_300,33,0,7,33,7,,,,,,,,,
8,VISIT,810,Random,OnArrival,3,14,7541,Node_305,29,0,3,29,3,,,,,,,,,
8,VISIT,812,Random,OnArrival,3,15,7541,Node_305,29,0,3,29,3,,,,,,,,,
8,VISIT,812,Random,OnArrival,3,16,7556,Node_307,29,0,2,29,2,,,,,,,,,
8,VISIT,812,Random,OnArrival,3,17,7571,Node_244,28,0,2,28,2,,,,,,,,,
8,VISIT,810,Random,OnArrival,3,15,7586,Node_331,32,0,3,32,3,,,,,,,,,
8,VISIT,810,Random,OnArrival,3,16,7602,Node_334,33,0,3,33,3,,,,,,,,,
8,VISIT,810,Random,OnArrival,3,17,7646,Node_333,33,0,4,33,4,,,,,,,,,
8,VISIT,812,Random,OnArrival,3,18,7646,Node_320,27,0,-2,27,-2,,,,,,,,,
8,VISIT,810,Random,OnArrival,3,18,7661,Node_329,32,0,4,32,4,,,,,,,,,
8,VISIT,810,Random,OnArrival,3,19,7677,Node_331,32,0,3,32,3,,,,,,,,,
8,VISIT,810,Random,OnArrival,3,20,7693,Node_334,33,0,3,33,3,,,,,,,,,
8,VISIT,810,Random,OnArrival,3,21,7708,Node_342,34,0,3,34,3,,,,,,,,,
8,VISIT,813,Random,OnArrival,3,0,7798,Node_6,19,0,12,19,12,,,,,,,,,
8,VISIT,814,Random,OnArrival,3,0,7798,Node_7,19,0,8,19,8,,,,,,,,,
8,VISIT,815,Random,OnArrival,3,0,7798,Node_8,17,0,10,17,10,,,,,,,,,
8,VISIT,816,Random,OnArrival,3,0,7798,Node_9,21,0,10,21,10,,,,,,,,,
8,VISIT,813,Random,OnArrival,3,1,7807,Node_2,19,0,11,19,11,,,,,,,,,
8,VISIT,814,Random,OnArrival,3,1,7807,Node_3,19,0,9,19,9,,,,,,,,,
8,VISIT,815,Random,OnArrival,3,1,7807,Node_4,18,0,10,18,10,,,,,,,,,
8,VISIT,816,Random,OnArrival,3,1,7807,Node_47,21,0,9,21,9,,,,,,,,,
8,VISIT,813,Random,OnArrival,3,2,7817,Node_20,19,0,10,19,10,,,,,,,,,
8,VISIT,814,Random,OnArrival,3,2,7817,Node_48,20,0,9,20,9,,,,,,,,,
8,VISIT,815,Random,OnArrival,3,2,7817,Node_15,18,0,9,18,9,,,,,,,,,
8,VISIT,816,Random,OnArrival,3,2,7817,Node_61,22,0,9,22,9,,,,,,,,,
8,VISIT,813,Random,OnArrival,3,3,7827,Node_3,19,0,9,19,9,,,,,,,,,
8,VISIT,814,Random,OnArrival,3,3,7827,Node_47,21,0,9,21,9,,,,,,,,,
8,VISIT,815,Random,OnArrival,3,3,7827,Node_3,19,0,9,19,9,,,,,,,,,
8,VISIT,816,Random,OnArrival,3,3,7827,Node_137,23,0,9,23,9,,,,,,,,,
8,VISIT,813,Random,OnArrival,3,4,7838,Node_48,20,0,9,20,9,,,,,,,,,
8,VISIT,814,Random,OnArrival,3,4,7838,Node_61,22,0,9,22,9,,,,,,,,,
8,VISIT,815,Random,OnArrival,3,4,7838,Node_48,20,0,9,20,9,,,,,,,,,
8,VISIT,813,Random,OnArrival,3,5,7850,Node_47,21,0,9,21,9,,,,,,,,,
8,VISIT,814,Random,OnArrival,3,5,7850,Node_137,23,0,9,23,9,,,,,,,,,
8,VISIT,815,Random,OnArrival,3,5,7850,Node_47,21,0,9,21,9,,,,,,,,,
8,VISIT,816,Random,OnArrival,3,4,7850,Node_148,25,0,9,25,9,,,,,,,,,
8,VISIT,813,Random,OnArrival,3,6,7861,Node_61,22,0,9,22,9,,,,,,,,,
8,VISIT,815,Random,OnArrival,3,6,7861,Node_61,22,0,9,22,9,,,,,,,,,
8,VISIT,816,Random,OnArrival,3,5,7861,Node_152,25,0,8,25,8,,,,,,,,,
8,VISIT,813,Random,OnArrival,3,7,7874,Node_137,23,0,9,23,9,,,,,,,,,
8,VISIT,814,Random,OnArrival,3,6,7874,Node_148,25,0,9,25,9,,,,,,,,,
8,VISIT,815,Random,OnArrival,3,7,7874,Node_137,23,0,9,23,9,,,,,,,,,
8,VISIT,816,Random,OnArrival,3,6,7874,Node_153,25,0,7,25,7,,,,,,,,,
8,VISIT,814,Random,OnArrival,3,7,7886,Node_152,25,0,8,25,8,,,,,,,,,
8,VISIT,816,Random,OnArrival,3,7,7886,Node_155,25,0,6,25,6,,,,,,,,,
8,VISIT,813,Random,OnArrival,3,8,7901,Node_148,25,0,9,25,9,,,,,,,,,
8,VISIT,814,Random,OnArrival,3,8,7901,Node_153,25,0,7,25,7,,,,,,,,,
8,VISIT,815,Random,OnArrival,3,8,7901,Node_148,25,0,9,25,9,,,,,,,,,
8,VISIT,816,Random,OnArrival,3,8,7901,Node_157,25,0,5,25,5,,,,,,,,,
8,VISIT,813,Random,OnArrival,3,9,7914,Node_152,25,0,8,25,8,,,,,,,,,
8,VISIT,814,Random,OnArrival,3,9,7914,Node_155,25,0,6,25,6,,,,,,,,,
8,VISIT,815,Random,OnArrival,3,9,7914,Node_152,25,0,8,25,8,,,,,,,,,
8,VISIT,816,Random,OnArrival,3,9,7914,Node_159,24,0,5,24,5,,,,,,,,,
8,VISIT,813,Random,OnArrival,3,10,7929,Node_153,25,0,7,25,7,,,,,,,,,
8,VISIT,814,Random,OnArrival,3,10,7929,Node_157,25,0,5,25,5,,,,,,,,,
8,VISIT,815,Random,OnArrival,3,10,7929,Node_153,25,0,7,25,7,,,,,,,,,
8,VISIT,816,Random,OnArrival,3,10,7929,Node_213,23,0,5,23,5,,,,,,,,,
8,VISIT,813,Random,OnArrival,3,11,7944,Node_155,25,0,6,25,6,,,,,,,,,
8,VISIT,814,Random,OnArrival,3,11,7944,Node_159,24,0,5,24,5,,,,,,,,,
8,VISIT,815,Random,OnArrival,3,11,7944,Node_155,25,0,6,25,6,,,,,,,,,
8,VISIT,816,Random,OnArrival,3,11,7944,Node_216,23,0,4,23,4,,,,,,,,,
8,VISIT,813,Random,OnArrival,3,12,7959,Node_157,25,0,5,25,5,,,,,,,,,
8,VISIT,814,Random,OnArrival,3,12,7959,Node_284,24,0,4,24,4,,,,,,,,,
8,VISIT,815,Random,OnArrival,3,12,7959,Node_157,25,0,5,25,5,,,,,,,,,
8,VISIT,816,Random,OnArrival,3,12,7959,Node_284,24,0,4,24,4,,,,,,,,,
8,VISIT,813,Random,OnArrival,3,13,7974,Node_159,24,0,5,24,5,,,,,,,,,
8,VISIT,815,Random,OnArrival,3,13,7974,Node_159,24,0,5,24,5,,,,,,,,,
8,VISIT,813,Random,OnArrival,3,14,7989,Node_284,24,0,4,24,4,,,,,,,,,
8,VISIT,815,Random,OnArrival,3,14,7989,Node_284,24,0,4,24,4,,,,,,,,,
8,VISIT,813,Random,OnArrival,3,15,8003,Node_216,23,0,4,23,4,,,,,,,,,
8,VISIT,815,Random,OnArrival,3,15,8003,Node_216,23,0,4,23,4,,,,,,,,,
8,VISIT,813,Random,OnArrival,3,16,8017,Node_219,23,0,3,23,3,,,,,,,,,
8,VISIT,814,Random,OnArrival,3,13,8017,Node_224,23,0,1,23,1,,,,,,,,,
8,VISIT,815,Random,OnArrival,3,16,8017,Node_219,23,0,3,23,3,,,,,,,,,
8,VISIT,816,Random,OnArrival,3,13,8017,Node_224,23,0,1,23,1,,,,,,,,,
8,VISIT,813,Random,OnArrival,3,17,8032,Node_366,24,0,3,24,3,,,,,,,,,
8,VISIT,815,Random,OnArrival,3,17,8032,Node_366,24,0,3,24,3,,,,,,,,,
8,VISIT,813,Random,OnArrival,3,18,8077,Node_367,24,0,2,24,2,,,,,,,,,
8,VISIT,815,Random,OnArrival,3,18,8077,Node_367,24,0,2,24,2,,,,,,,,,
8,VISIT,813,Random,OnArrival,3,19,8091,Node_221,23,0,2,23,2,,,,,,,,,
8,VISIT,814,Random,OnArrival,3,14,8091,Node_239,22,0,-3,22,-3,,,,,,,,,
8,VISIT,815,Random,OnArrival,3,19,8091,Node_221,23,0,2,23,2,,,,,,,,,
8,VISIT,816,Random,OnArrival,3,14,8091,Node_239,22,0,-3,22,-3,,,,,,,,,
8,VISIT,813,Random,OnArrival,3,20,8106,Node_224,23,0,1,23,1,,,,,,,,,
8,VISIT,815,Random,OnArrival,3,20,8106,Node_224,23,0,1,23,1,,,,,,,,,
8,VISIT,813,Random,OnArrival,3,21,8121,Node_228,23,0,0,23,0,,,,,,,,,
8,VISIT,815,Random,OnArrival,3,21,8121,Node_228,23,0,0,23,0,,,,,,,,,
8,VISIT,813,Random,OnArrival,3,22,8136,Node_371,22,0,0,22,0,,,,,,,,,
8,VISIT,815,Random,OnArrival,3,22,8136,Node_371,22,0,0,22,0,,,,,,,,,
8,VISIT,813,Random,OnArrival,3,23,8181,Node_82,19,0,0,19,0,,,,,,,,,
8,VISIT,815,Random,OnArrival,3,23,8181,Node_82,19,0,0,19,0,,,,,,,,,
8,VISIT,813,Random,OnArrival,3,24,8195,Node_201,18,0,0,18,0,,,,,,,,,
8,VISIT,815,Random,OnArrival,3,24,8195,Node_201,18,0,0,18,0,,,,,,,,,
8,VISIT,816,Random,OnArrival,3,15,8210,Node_84,19,0,-2,19,-2,,,,,,,,,
8,VISIT,816,Random,OnArrival,3,16,8225,Node_204,18,0,-2,18,-2,,,,,,,,,
8,VISIT,813,Random,OnArrival,3,25,8239,Node_205,17,0,-2,17,-2,,,,,,,,,
8,VISIT,815,Random,OnArrival,3,25,8239,Node_205,17,0,-2,17,-2,,,,,,,,,
8,VISIT,816,Random,OnArrival,3,17,8239,Node_84,19,0,-2,19,-2,,,,,,,,,
8,VISIT,816,Random,OnArrival,3,18,8254,Node_381,20,0,-2,20,-2,,,,,,,,,
8,VISIT,813,Random,OnArrival,3,26,8269,Node_187,15,0,-2,15,-2,,,,,,,,,
8,VISIT,815,Random,OnArrival,3,26,8269,Node_187,15,0,-2,15,-2,,,,,,,,,
8,VISIT,816,Random,OnArrival,3,19,8269,Node_380,20,0,-3,20,-3,,,,,,,,,
8,VISIT,813,Random,OnArrival,3,27,8284,Node_196,14,0,-2,14,-2,,,,,,,,,
8,VISIT,815,Random,OnArrival,3,27,8284,Node_196,14,0,-2,14,-2,,,,,,,,,
8,VISIT,816,Random,OnArrival,3,20,8284,Node_85,19,0,-3,19,-3,,,,,,,,,
8,VISIT,813,Random,OnArrival,3,28,8299,Node_197,14,0,-3,14,-3,,,,,,,,,
8,VISIT,815,Random,OnArrival,3,28,8299,Node_194,14,0,-1,14,-1,,,,,,,,,
8,VISIT,815,Random,OnArrival,3,29,8314,Node_185,15,0,-1,15,-1,,,,,,,,,
8,VISIT,815,Random,OnArrival,3,30,8328,Node_194,14,0,-1,14,-1,,,,,,,,,
8,VISIT,815,Random,OnArrival,3,31,8342,Node_193,14,0,0,14,0,,,,,,,,,
8,VISIT,817,Random,OnArrival,3,0,8348,Node_6,19,0,12,19,12,,,,,,,,,
8,VISIT,818,Random,OnArrival,3,0,8348,Node_7,19,0,8,19,8,,,,,,,,,
8,VISIT,819,Random,OnArrival,3,0,8348,Node_8,17,0,10,17,10,,,,,,,,,
8,VISIT,820,Random,OnArrival,3,0,8348,Node_9,21,0,10,21,10,,,,,,,,,
8,VISIT,817,Random,OnArrival,3,1,8357,Node_2,19,0,11,19,11,,,,,,,,,
8,VISIT,818,Random,OnArrival,3,1,8357,Node_46,20,0,8,20,8,,,,,,,,,
8,VISIT,819,Random,OnArrival,3,1,8357,Node_23,17,0,9,17,9,,,,,,,,,
8,VISIT,820,Random,OnArrival,3,1,8357,Node_47,21,0,9,21,9,,,,,,,,,
8,VISIT,817,Random,OnArrival,3,2,8367,Node_20,19,0,10,19,10,,,,,,,,,
8,VISIT,818,Random,OnArrival,3,2,8367,Node_49,21,0,8,21,8,,,,,,,,,
8,VISIT,819,Random,OnArrival,3,2,8367,Node_51,17,0,8,17,8,,,,,,,,,
8,VISIT,820,Random,OnArrival,3,2,8367,Node_49,21,0,8,21,8,,,,,,,,,
8,VISIT,817,Random,OnArrival,3,3,8377,Node_3,19,0,9,19,9,,,,,,,,,
8,VISIT,818,Random,OnArrival,3,3,8377,Node_50,21,0,7,21,7,,,,,,,,,
8,VISIT,819,Random,OnArrival,3,3,8377,Node_87,17,0,7,17,7,,,,,,,,,
8,VISIT,820,Random,OnArrival,3,3,8377,Node_50,21,0,7,21,7,,,,,,,,,
8,VISIT,817,Random,OnArrival,3,4,8387,Node_7,19,0,8,19,8,,,,,,,,,
8,VISIT,818,Random,OnArrival,3,4,8387,Node_52,21,0,6,21,6,,,,,,,,,
8,VISIT,819,Random,OnArrival,3,4,8387,Node_89,16,0,7,16,7,,,,,,,,,
8,VISIT,820,Random,OnArrival,3,4,8387,Node_52,21,0,6,21,6,,,,,,,,,
8,VISIT,817,Random,OnArrival,3,5,8399,Node_46,20,0,8,20,8,,,,,,,,,
8,VISIT,818,Random,OnArrival,3,5,8399,Node_53,21,0,5,21,5,,,,,,,,,
8,VISIT,819,Random,OnArrival,3,5,8399,Node_166,16,0,6,16,6,,,,,,,,,
8,VISIT,820,Random,OnArrival,3,5,8399,Node_53,21,0,5,21,5,,,,,,,,,
8,VISIT,817,Random,OnArrival,3,6,8411,Node_49,21,0,8,21,8,,,,,,,,,
8,VISIT,818,Random,OnArrival,3,6,8411,Node_54,21,0,4,21,4,,,,,,,,,
8,VISIT,819,Random,OnArrival,3,6,8411,Node_100,15,0,6,15,6,,,,,,,,,
8,VISIT,820,Random,OnArrival,3,6,8411,Node_54,21,0,4,21,4,,,,,,,,,
8,VISIT,817,Random,OnArrival,3,7,8422,Node_50,21,0,7,21,7,,,,,,,,,
8,VISIT,818,Random,OnArrival,3,7,8422,Node_55,21,0,3,21,3,,,,,,,,,
8,VISIT,819,Random,OnArrival,3,7,8422,Node_128,14,0,6,14,6,,,,,,,,,
8,VISIT,820,Random,OnArrival,3,7,8422,Node_55,21,0,3,21,3,,,,,,,,,
8,VISIT,817,Random,OnArrival,3,8,8433,Node_52,21,0,6,21,6,,,,,,,,,
8,VISIT,818,Random,OnArrival,3,8,8433,Node_57,20,0,3,20,3,,,,,,,,,
8,VISIT,819,Random,OnArrival,3,8,8433,Node_130,13,0,6,13,6,,,,,,,,,
8,VISIT,820,Random,OnArrival,3,8,8433,Node_57,20,0,3,20,3,,,,,,,,,
8,VISIT,817,Random,OnArrival,3,9,8445,Node_53,21,0,5,21,5,,,,,,,,,
8,VISIT,818,Random,OnArrival,3,9,8445,Node_79,19,0,3,19,3,,,,,,,,,
8,VISIT,820,Random,OnArrival,3,9,8445,Node_79,19,0,3,19,3,,,,,,,,,
8,VISIT,815,Random,OnArrival,3,32,8450,Node_215,11,0,5,11,5,,,,,,,,,
8,VISIT,817,Random,OnArrival,3,10,8458,Node_54,21,0,4,21,4,,,,,,,,,
8,VISIT,818,Random,OnArrival,3,10,8458,Node_80,19,0,2,19,2,,,,,,,,,
8,VISIT,819,Random,OnArrival,3,9,8458,Node_212,12,0,5,12,5,,,,,,,,,
8,VISIT,820,Random,OnArrival,3,10,8458,Node_80,19,0,2,19,2,,,,,,,,,
8,VISIT,815,Random,OnArrival,3,33,8463,Node_222,10,0,5,10,5,,,,,,,,,
8,VISIT,817,Random,OnArrival,3,11,8472,Node_55,21,0,3,21,3,,,,,,,,,
8,VISIT,818,Random,OnArrival,3,11,8472,Node_81,19,0,1,19,1,,,,,,,,,
8,VISIT,819,Random,OnArrival,3,10,8472,Node_403,13,0,5,13,5,,,,,,,,,
8,VISIT,820,Random,OnArrival,3,11,8472,Node_81,19,0,1,19,1,,,,,,,,,
8,VISIT,817,Random,OnArrival,3,12,8486,Node_57,20,0,3,20,3,,,,,,,,,
8,VISIT,818,Random,OnArrival,3,12,8486,Node_82,19,0,0,19,0,,,,,,,,,
8,VISIT,819,Random,OnArrival,3,11,8486,Node_130,13,0,6,13,6,,,,,,,,,
8,VISIT,820,Random,OnArrival,3,12,8486,Node_82,19,0,0,19,0,,,,,,,,,
8,VISIT,817,Random,OnArrival,3,13,8499,Node_79,19,0,3,19,3,,,,,,,,,
8,VISIT,818,Random,OnArrival,3,13,8499,Node_83,19,0,-1,19,-1,,,,,,,,,
8,VISIT,819,Random,OnArrival,3,12,8499,Node_211,12,0,6,12,6,,,,,,,,,
8,VISIT,820,Random,OnArrival,3,13,8499,Node_83,19,0,-1,19,-1,,,,,,,,,
8,VISIT,817,Random,OnArrival,3,14,8513,Node_80,19,0,2,19,2,,,,,,,,,
8,VISIT,818,Random,OnArrival,3,14,8513,Node_203,18,0,-1,18,-1,,,,,,,,,
8,VISIT,819,Random,OnArrival,3,13,8513,Node_218,11,0,6,11,6,,,,,,,,,
8,VISIT,820,Random,OnArrival,3,14,8513,Node_203,18,0,-1,18,-1,,,,,,,,,
8,VISIT,817,Random,OnArrival,3,15,8527,Node_81,19,0,1,19,1,,,,,,,,,
8,VISIT,818,Random,OnArrival,3,15,8527,Node_383,17,0,-1,17,-1,,,,,,,,,
8,VISIT,819,Random,OnArrival,3,14,8527,Node_215,11,0,5,11,5,,,,,,,,,
8,VISIT,820,Random,OnArrival,3,15,8527,Node_383,17,0,-1,17,-1,,,,,,,,,
8,VISIT,817,Random,OnArrival,3,16,8541,Node_82,19,0,0,19,0,,,,,,,,,
8,VISIT,818,Random,OnArrival,3,16,8541,Node_205,17,0,-2,17,-2,,,,,,,,,
8,VISIT,819,Random,OnArrival,3,15,8541,Node_402,11,0,4,11,4,,,,,,,,,
8,VISIT,820,Random,OnArrival,3,16,8541,Node_205,17,0,-2,17,-2,,,,,,,,,
8,VISIT,817,Random,OnArrival,3,17,8556,Node_83,19,0,-1,19,-1,,,,,,,,,
8,VISIT,819,Random,OnArrival,3,16,8556,Node_226,10,0,4,10,4,,,,,,,,,
8,VISIT,817,Random,OnArrival,3,18,8571,Node_82,19,0,0,19,0,,,,,,,,,
8,VISIT,818,Random,OnArrival,3,17,8571,Node_187,15,0,-2,15,-2,,,,,,,,,
8,VISIT,819,Random,OnArrival,3,17,8571,Node_230,10,0,3,10,3,,,,,,,,,
8,VISIT,820,Random,OnArrival,3,17,8571,Node_187,15,0,-2,15,-2,,,,,,,,,
8,VISIT,818,Random,OnArrival,3,18,8586,Node_185,15,0,-1,15,-1,,,,,,,,,
8,VISIT,819,Random,OnArrival,3,18,8586,Node_401,11,0,3,11,3,,,,,,,,,
8,VISIT,820,Random,OnArrival,3,18,8586,Node_189,15,0,-3,15,-3,,,,,,,,,
8,VISIT,818,Random,OnArrival,3,19,8601,Node_182,15,0,0,15,0,,,,,,,,,
8,VISIT,817,Random,OnArrival,3,19,8615,Node_371,22,0,0,22,0,,,,,,,,,
8,VISIT,818,Random,OnArrival,3,20,8615,Node_193,14,0,0,14,0,,,,,,,,,
8,VISIT,820,Random,OnArrival,3,19,8615,Node_202,15,0,-5,15,-5,,,,,,,,,
8,VISIT,817,Random,OnArrival,3,20,8629,Node_373,22,0,-1,22,-1,,,,,,,,,
8,VISIT,818,Random,OnArrival,3,21,8629,Node_182,15,0,0,15,0,,,,,,,,,
8,VISIT,819,Random,OnArrival,3,19,8629,Node_400,11,0,2,11,2,,,,,,,,,
8,VISIT,817,Random,OnArrival,3,21,8644,Node_231,23,0,-1,23,-1,,,,,,,,,
8,VISIT,818,Random,OnArrival,3,22,8644,Node_179,15,0,1,15,1,,,,,,,,,
8,VISIT,819,Random,OnArrival,3,20,8644,Node_232,10,0,2,10,2,,,,,,,,,
8,VISIT,820,Random,OnArrival,3,20,8644,Node_394,17,0,-5,17,-5,,,,,,,,,
8,VISIT,817,Random,OnArrival,3,22,8658,Node_234,23,0,-2,23,-2,,,,,,,,,
8,VISIT,818,Random,OnArrival,3,23,8658,Node_192,14,0,1,14,1,,,,,,,,,
8,VISIT,820,Random,OnArrival,3,21,8658,Node_387,18,0,-5,18,-5,,,,,,,,,
8,VISIT,817,Random,OnArrival,3,23,8673,Node_374,22,0,-2,22,-2,,,,,,,,,
8,VISIT,818,Random,OnArrival,3,24,8673,Node_179,15,0,1,15,1,,,,,,,,,
8,VISIT,820,Random,OnArrival,3,22,8673,Node_394,17,0,-5,17,-5,,,,,,,,,
8,VISIT,817,Random,OnArrival,3,24,8687,Node_239,22,0,-3,22,-3,,,,,,,,,
8,VISIT,818,Random,OnArrival,3,25,8687,Node_112,15,0,2,15,2,,,,,,,,,
8,VISIT,817,Random,OnArrival,3,25,8702,Node_375,22,0,-4,22,-4,,,,,,,,,
8,VISIT,818,Random,OnArrival,3,26,8702,Node_191,14,0,2,14,2,,,,,,,,,
8,VISIT,820,Random,OnArrival,3,23,8702,Node_202,15,0,-5,15,-5,,,,,,,,,
8,VISIT,817,Random,OnArrival,3,26,8717,Node_378,21,0,-4,21,-4,,,,,,,,,
8,VISIT,820,Random,OnArrival,3,24,8717,Node_408,15,0,-4,15,-4,,,,,,,,,
8,VISIT,817,Random,OnArrival,3,27,8731,Node_379,20,0,-4,20,-4,,,,,,,,,
8,VISIT,819,Random,OnArrival,3,21,8731,Node_406,8,0,6,8,6,,,,,,,,,
8,VISIT,820,Random,OnArrival,3,25,8731,Node_198,14,0,-4,14,-4,,,,,,,,,
8,VISIT,818,Random,OnArrival,3,27,8745,Node_407,12,0,3,12,3,,,,,,,,,
8,VISIT,820,Random,OnArrival,3,26,8745,Node_197,14,0,-3,14,-3,,,,,,,,,
8,VISIT,817,Random,OnArrival,3,28,8759,Node_385,19,0,-5,19,-5,,,,,,,,,
8,VISIT,818,Random,OnArrival,3,28,8759,Node_401,11,0,3,11,3,,,,,,,,,
8,VISIT,820,Random,OnArrival,3,27,8759,Node_189,15,0,-3,15,-3,,,,,,,,,
8,VISIT,817,Random,OnArrival,3,29,8773,Node_414,20,0,-5,20,-5,,,,,,,,,
8,VISIT,818,Random,OnArrival,3,29,8773,Node_400,11,0,2,11,2,,,,,,,,,
8,VISIT,819,Random,OnArrival,3,22,8773,Node_415,8,0,7,8,7,,,,,,,,,
8,VISIT,820,Random,OnArrival,3,28,8773,Node_197,14,0,-3,14,-3,,,,,,,,,
8,VISIT,817,Random,OnArrival,3,30,8787,Node_377,21,0,-5,21,-5,,,,,,,,,
8,VISIT,818,Random,OnArrival,3,30,8787,Node_399,11,0,1,11,1,,,,,,,,,
8,VISIT,817,Random,OnArrival,3,31,8801,Node_378,21,0,-4,21,-4,,,,,,,,,
8,VISIT,818,Random,OnArrival,3,31,8801,Node_235,10,0,1,10,1,,,,,,,,,
8,VISIT,820,Random,OnArrival,3,29,8801,Node_386,12,0,-3,12,-3,,,,,,,,,
8,VISIT,817,Random,OnArrival,3,32,8815,Node_379,20,0,-4,20,-4,,,,,,,,,
8,VISIT,820,Random,OnArrival,3,30,8815,Node_392,11,0,-3,11,-3,,,,,,,,,
8,VISIT,817,Random,OnArrival,3,33,8829,Node_384,19,0,-4,19,-4,,,,,,,,,
8,VISIT,817,Random,OnArrival,3,34,8843,Node_389,18,0,-4,18,-4,,,,,,,,,
8,VISIT,817,Random,OnArrival,3,35,8856,Node_387,18,0,-5,18,-5,,,,,,,,,
8,VISIT,818,Random,OnArrival,3,32,8856,Node_422,10,0,-3,10,-3,,,,,,,,,
8,VISIT,820,Random,OnArrival,3,31,8856,Node_395,11,0,-2,11,-2,,,,,,,,,
8,VISIT,821,Random,OnArrival,3,0,8864,Node_6,19,0,12,19,12,,,,,,,,,
8,VISIT,822,Random,OnArrival,3,0,8864,Node_7,19,0,8,19,8,,,,,,,,,
8,VISIT,823,Random,OnArrival,3,0,8864,Node_8,17,0,10,17,10,,,,,,,,,
8,VISIT,824,Random,OnArrival,3,0,8864,Node_9,21,0,10,21,10,,,,,,,,,
8,VISIT,817,Random,OnArrival,3,36,8868,Node_394,17,0,-5,17,-5,,,,,,,,,
8,VISIT,820,Random,OnArrival,3,32,8868,Node_423,10,0,-2,10,-2,,,,,,,,,
8,VISIT,821,Random,OnArrival,3,1,8872,Node_2,19,0,11,19,11,,,,,,,,,
8,VISIT,822,Random,OnArrival,3,1,8872,Node_11,18,0,8,18,8,,,,,,,,,
8,VISIT,823,Random,OnArrival,3,1,8872,Node_23,17,0,9,17,9,,,,,,,,,
8,VISIT,824,Random,OnArrival,3,1,8872,Node_47,21,0,9,21,9,,,,,,,,,
8,VISIT,820,Random,OnArrival,3,33,8877,Node_421,10,0,-1,10,-1,,,,,,,,,
8,VISIT,821,Random,OnArrival,3,2,8881,Node_20,19,0,10,19,10,,,,,,,,,
8,VISIT,822,Random,OnArrival,3,2,8881,Node_51,17,0,8,17,8,,,,,,,,,
8,VISIT,823,Random,OnArrival,3,2,8881,Node_51,17,0,8,17,8,,,,,,,,,
8,VISIT,824,Random,OnArrival,3,2,8881,Node_49,21,0,8,21,8,,,,,,,,,
8,VISIT,817,Random,OnArrival,3,37,8886,Node_202,15,0,-5,15,-5,,,,,,,,,
8,VISIT,821,Random,OnArrival,3,3,8890,Node_4,18,0,10,18,10,,,,,,,,,
8,VISIT,822,Random,OnArrival,3,3,8890,Node_87,17,0,7,17,7,,,,,,,,,
8,VISIT,823,Random,OnArrival,3,3,8890,Node_87,17,0,7,17,7,,,,,,,,,
8,VISIT,824,Random,OnArrival,3,3,8890,Node_50,21,0,7,21,7,,,,,,,,,
8,VISIT,817,Random,OnArrival,3,38,8895,Node_200,14,0,-5,14,-5,,,,,,,,,
8,VISIT,821,Random,OnArrival,3,4,8899,Node_8,17,0,10,17,10,,,,,,,,,
8,VISIT,822,Random,OnArrival,3,4,8899,Node_89,16,0,7,16,7,,,,,,,,,
8,VISIT,823,Random,OnArrival,3,4,8899,Node_89,16,0,7,16,7,,,,,,,,,
8,VISIT,824,Random,OnArrival,3,4,8899,Node_52,21,0,6,21,6,,,,,,,,,
8,VISIT,817,Random,OnArrival,3,39,8906,Node_198,14,0,-4,14,-4,,,,,,,,,
8,VISIT,821,Random,OnArrival,3,5,8911,Node_23,17,0,9,17,9,,,,,,,,,
8,VISIT,822,Random,OnArrival,3,5,8911,Node_97,15,0,7,15,7,,,,,,,,,
8,VISIT,823,Random,OnArrival,3,5,8911,Node_97,15,0,7,15,7,,,,,,,,,
8,VISIT,824,Random,OnArrival,3,5,8911,Node_53,21,0,5,21,5,,,,,,,,,
8,VISIT,817,Random,OnArrival,3,40,8916,Node_197,14,0,-3,14,-3,,,,,,,,,
8,VISIT,821,Random,OnArrival,3,6,8922,Node_51,17,0,8,17,8,,,,,,,,,
8,VISIT,822,Random,OnArrival,3,6,8922,Node_127,14,0,7,14,7,,,,,,,,,
8,VISIT,823,Random,OnArrival,3,6,8922,Node_127,14,0,7,14,7,,,,,,,,,
8,VISIT,824,Random,OnArrival,3,6,8922,Node_54,21,0,4,21,4,,,,,,,,,
8,VISIT,818,Random,OnArrival,3,33,8928,Node_428,8,0,-2,8,-2,,,,,,,,,
8,VISIT,821,Random,OnArrival,3,7,8934,Node_87,17,0,7,17,7,,,,,,,,,
8,VISIT,822,Random,OnArrival,3,7,8934,Node_132,13,0,7,13,7,,,,,,,,,
8,VISIT,823,Random,OnArrival,3,7,8934,Node_132,13,0,7,13,7,,,,,,,,,
8,VISIT,824,Random,OnArrival,3,7,8934,Node_55,21,0,3,21,3,,,,,,,,,
8,VISIT,817,Random,OnArrival,3,41,8940,Node_386,12,0,-3,12,-3,,,,,,,,,
8,VISIT,820,Random,OnArrival,3,34,8940,Node_426,8,0,-5,8,-5,,,,,,,,,
8,VISIT,821,Random,OnArrival,3,8,8946,Node_89,16,0,7,16,7,,,,,,,,,
8,VISIT,822,Random,OnArrival,3,8,8946,Node_134,13,0,8,13,8,,,,,,,,,
8,VISIT,823,Random,OnArrival,3,8,8946,Node_134,13,0,8,13,8,,,,,,,,,
8,VISIT,824,Random,OnArrival,3,8,8946,Node_57,20,0,3,20,3,,,,,,,,,
8,VISIT,817,Random,OnArrival,3,42,8953,Node_388,12,0,-4,12,-4,,,,,,,,,
8,VISIT,821,Random,OnArrival,3,9,8959,Node_97,15,0,7,15,7,,,,,,,,,
8,VISIT,822,Random,OnArrival,3,9,8959,Node_147,12,0,8,12,8,,,,,,,,,
8,VISIT,823,Random,OnArrival,3,9,8959,Node_147,12,0,8,12,8,,,,,,,,,
8,VISIT,824,Random,OnArrival,3,9,8959,Node_79,19,0,3,19,3,,,,,,,,,
8,VISIT,817,Random,OnArrival,3,43,8966,Node_390,11,0,-4,11,-4,,,,,,,,,
8,VISIT,821,Random,OnArrival,3,10,8972,Node_127,14,0,7,14,7,,,,,,,,,
8,VISIT,824,Random,OnArrival,3,10,8972,Node_80,19,0,2,19,2,,,,,,,,,
8,VISIT,821,Random,OnArrival,3,11,8985,Node_132,13,0,7,13,7,,,,,,,,,
8,VISIT,824,Random,OnArrival,3,11,8985,Node_81,19,0,1,19,1,,,,,,,,,
8,VISIT,817,Random,OnArrival,3,44,8991,Node_425,10,0,-5,10,-5,,,,,,,,,
8,VISIT,821,Random,OnArrival,3,12,8998,Node_134,13,0,8,13,8,,,,,,,,,
8,VISIT,824,Random,OnArrival,3,12,8998,Node_82,19,0,0,19,0,,,,,,,,,
8,VISIT,821,Random,OnArrival,3,13,9011,Node_147,12,0,8,12,8,,,,,,,,,
8,VISIT,817,Random,OnArrival,3,45,9018,Node_426,8,0,-5,8,-5,,,,,,,,,
8,VISIT,821,Random,OnArrival,3,14,9024,Node_431,11,0,8,11,8,,,,,,,,,
8,VISIT,824,Random,OnArrival,3,13,9037,Node_371,22,0,0,22,0,,,,,,,,,
8,VISIT,821,Random,OnArrival,3,15,9051,Node_435,10,0,9,10,9,,,,,,,,,
8,VISIT,824,Random,OnArrival,3,14,9051,Node_373,22,0,-1,22,-1,,,,,,,,,
8,VISIT,817,Random,OnArrival,3,46,9058,Node_428,8,0,-2,8,-2,,,,,,,,,
8,VISIT,821,Random,OnArrival,3,16,9065,Node_434,11,0,9,11,9,,,,,,,,,
8,VISIT,822,Random,OnArrival,3,10,9065,Node_123,10,0,14,10,14,,,,,,,,,
8,VISIT,823,Random,OnArrival,3,10,9065,Node_123,10,0,14,10,14,,,,,,,,,
8,VISIT,824,Random,OnArrival,3,15,9065,Node_374,22,0,-2,22,-2,,,,,,,,,
8,VISIT,821,Random,OnArrival,3,17,9078,Node_144,12,0,9,12,9,,,,,,,,,
8,VISIT,824,Random,OnArrival,3,16,9078,Node_234,23,0,-2,23,-2,,,,,,,,,
8,VISIT,817,Random,OnArrival,3,47,9084,Node_429,6,0,-2,6,-2,,,,,,,,,
8,VISIT,821,Random,OnArrival,3,18,9091,Node_136,13,0,9,13,9,,,,,,,,,
8,VISIT,822,Random,OnArrival,3,11,9091,Node_125,9,0,15,9,15,,,,,,,,,
8,VISIT,823,Random,OnArrival,3,11,9091,Node_125,9,0,15,9,15,,,,,,,,,
8,VISIT,817,Random,OnArrival,3,48,9098,Node_430,6,0,-3,6,-3,,,,,,,,,
8,VISIT,821,Random,OnArrival,3,19,9105,Node_144,12,0,9,12,9,,,,,,,,,
8,VISIT,817,Random,OnArrival,3,49,9112,Node_436,5,0,-3,5,-3,,,,,,,,,
8,VISIT,821,Random,OnArrival,3,20,9118,Node_434,11,0,9,11,9,,,,,,,,,
8,VISIT,824,Random,OnArrival,3,17,9118,Node_237,23,0,-3,23,-3,,,,,,,,,
8,VISIT,821,Random,OnArrival,3,21,9131,Node_435,10,0,9,10,9,,,,,,,,,
8,VISIT,824,Random,OnArrival,3,18,9131,Node_234,23,0,-2,23,-2,,,,,,,,,
8,VISIT,817,Random,OnArrival,3,50,9138,Node_433,5,0,-5,5,-5,,,,,,,,,
8,VISIT,821,Random,OnArrival,3,22,9145,Node_437,10,0,10,10,10,,,,,,,,,
8,VISIT,824,Random,OnArrival,3,19,9145,Node_447,24,0,-2,24,-2,,,,,,,,,
8,VISIT,824,Random,OnArrival,3,20,9199,Node_346,27,0,-1,27,-1,,,,,,,,,
8,VISIT,821,Random,OnArrival,3,23,9213,Node_446,9,0,14,9,14,,,,,,,,,
8,VISIT,823,Random,OnArrival,3,12,9213,Node_446,9,0,14,9,14,,,,,,,,,
8,VISIT,824,Random,OnArrival,3,21,9213,Node_315,28,0,-1,28,-1,,,,,,,,,
8,VISIT,821,Random,OnArrival,3,24,9226,Node_463,8,0,14,8,14,,,,,,,,,
8,VISIT,823,Random,OnArrival,3,13,9226,Node_125,9,0,15,9,15,,,,,,,,,
8,VISIT,824,Random,OnArrival,3,22,9226,Node_363,29,0,-1,29,-1,,,,,,,,,
8,VISIT,821,Random,OnArrival,3,25,9239,Node_459,8,0,15,8,15,,,,,,,,,
8,VISIT,823,Random,OnArrival,3,14,9239,Node_459,8,0,15,8,15,,,,,,,,,
8,VISIT,824,Random,OnArrival,3,23,9239,Node_315,28,0,-1,28,-1,,,,,,,,,
8,VISIT,821,Random,OnArrival,3,26,9252,Node_125,9,0,15,9,15,,,,,,,,,
8,VISIT,823,Random,OnArrival,3,15,9252,Node_463,8,0,14,8,14,,,,,,,,,
8,VISIT,824,Random,OnArrival,3,24,9252,Node_346,27,0,-1,27,-1,,,,,,,,,
8,VISIT,821,Random,OnArrival,3,27,9265,Node_124,10,0,15,10,15,,,,,,,,,
8,VISIT,823,Random,OnArrival,3,16,9265,Node_446,9,0,14,9,14,,,,,,,,,
8,VISIT,824,Random,OnArrival,3,25,9265,Node_343,27,0,0,27,0,,,,,,,,,
8,VISIT,821,Random,OnArrival,3,28,9278,Node_123,10,0,14,10,14,,,,,,,,,
8,VISIT,823,Random,OnArrival,3,17,9278,Node_123,10,0,14,10,14,,,,,,,,,
8,VISIT,824,Random,OnArrival,3,26,9278,Node_312,28,0,0,28,0,,,,,,,,,
8,VISIT,823,Random,OnArrival,3,18,9291,Node_444,10,0,13,10,13,,,,,,,,,
8,VISIT,824,Random,OnArrival,3,27,9291,Node_315,28,0,-1,28,-1,,,,,,,,,
8,VISIT,821,Random,OnArrival,3,29,9304,Node_70,12,0,14,12,14,,,,,,,,,
8,VISIT,823,Random,OnArrival,3,19,9304,Node_462,9,0,13,9,13,,,,,,,,,
8,VISIT,824,Random,OnArrival,3,28,9304,Node_346,27,0,-1,27,-1,,,,,,,,,
8,VISIT,821,Random,OnArrival,3,30,9317,Node_71,12,0,15,12,15,,,,,,,,,
8,VISIT,823,Random,OnArrival,3,20,9317,Node_458,9,0,12,9,12,,,,,,,,,
8,VISIT,824,Random,OnArrival,3,29,9317,Node_460,26,0,-1,26,-1,,,,,,,,,
8,VISIT,821,Random,OnArrival,3,31,9331,Node_41,13,0,15,13,15,,,,,,,,,
8,VISIT,824,Random,OnArrival,3,30,9331,Node_457,26,0,-2,26,-2,,,,,,,,,
8,VISIT,821,Random,OnArrival,3,32,9344,Node_71,12,0,15,12,15,,,,,,,,,
8,VISIT,824,Random,OnArrival,3,31,9344,Node_359,26,0,-3,26,-3,,,,,,,,,
8,VISIT,825,Random,OnArrival,3,0,9347,Node_6,19,0,12,19,12,,,,,,,,,
8,VISIT,826,Random,OnArrival,3,0,9347,Node_7,19,0,8,19,8,,,,,,,,,
8,VISIT,827,Random,OnArrival,3,0,9347,Node_8,17,0,10,17,10,,,,,,,,,
8,VISIT,828,Random,OnArrival,3,0,9347,Node_9,21,0,10,21,10,,,,,,,,,
8,VISIT,821,Random,OnArrival,3,33,9352,Node_73,12,0,16,12,16,,,,,,,,,
8,VISIT,824,Random,OnArrival,3,32,9352,Node_349,27,0,-3,27,-3,,,,,,,,,
8,VISIT,825,Random,OnArrival,3,1,9355,Node_10,18,0,12,18,12,,,,,,,,,
8,VISIT,826,Random,OnArrival,3,1,9355,Node_3,19,0,9,19,9,,,,,,,,,
8,VISIT,827,Random,OnArrival,3,1,9355,Node_24,16,0,10,16,10,,,,,,,,,
8,VISIT,828,Random,OnArrival,3,1,9355,Node_5,20,0,10,20,10,,,,,,,,,
8,VISIT,821,Random,OnArrival,3,34,9361,Node_139,13,0,16,13,16,,,,,,,,,
8,VISIT,824,Random,OnArrival,3,33,9361,Node_320,27,0,-2,27,-2,,,,,,,,,
8,VISIT,825,Random,OnArrival,3,2,9364,Node_16,17,0,12,17,12,,,,,,,,,
8,VISIT,826,Random,OnArrival,3,2,9364,Node_15,18,0,9,18,9,,,,,,,,,
8,VISIT,827,Random,OnArrival,3,2,9364,Node_26,15,0,10,15,10,,,,,,,,,
8,VISIT,828,Random,OnArrival,3,2,9364,Node_20,19,0,10,19,10,,,,,,,,,
8,VISIT,821,Random,OnArrival,3,35,9370,Node_142,13,0,17,13,17,,,,,,,,,
8,VISIT,824,Random,OnArrival,3,34,9370,Node_457,26,0,-2,26,-2,,,,,,,,,
8,VISIT,825,Random,OnArrival,3,3,9373,Node_18,16,0,12,16,12,,,,,,,,,
8,VISIT,826,Random,OnArrival,3,3,9373,Node_4,18,0,10,18,10,,,,,,,,,
8,VISIT,827,Random,OnArrival,3,3,9373,Node_59,14,0,10,14,10,,,,,,,,,
8,VISIT,828,Random,OnArrival,3,3,9373,Node_4,18,0,10,18,10,,,,,,,,,
8,VISIT,821,Random,OnArrival,3,36,9380,Node_75,12,0,17,12,17,,,,,,,,,
8,VISIT,824,Random,OnArrival,3,35,9380,Node_460,26,0,-1,26,-1,,,,,,,,,
8,VISIT,825,Random,OnArrival,3,4,9384,Node_29,15,0,12,15,12,,,,,,,,,
8,VISIT,826,Random,OnArrival,3,4,9384,Node_8,17,0,10,17,10,,,,,,,,,
8,VISIT,827,Random,OnArrival,3,4,9384,Node_90,13,0,10,13,10,,,,,,,,,
8,VISIT,828,Random,OnArrival,3,4,9384,Node_8,17,0,10,17,10,,,,,,,,,
8,VISIT,824,Random,OnArrival,3,36,9391,Node_346,27,0,-1,27,-1,,,,,,,,,
8,VISIT,825,Random,OnArrival,3,5,9395,Node_31,15,0,13,15,13,,,,,,,,,
8,VISIT,826,Random,OnArrival,3,5,9395,Node_24,16,0,10,16,10,,,,,,,,,
8,VISIT,827,Random,OnArrival,3,5,9395,Node_136,13,0,9,13,9,,,,,,,,,
8,VISIT,828,Random,OnArrival,3,5,9395,Node_24,16,0,10,16,10,,,,,,,,,
8,VISIT,821,Random,OnArrival,3,37,9402,Node_151,11,0,18,11,18,,,,,,,,,
8,VISIT,824,Random,OnArrival,3,37,9402,Node_343,27,0,0,27,0,,,,,,,,,
8,VISIT,825,Random,OnArrival,3,6,9407,Node_113,15,0,14,15,14,,,,,,,,,
8,VISIT,826,Random,OnArrival,3,6,9407,Node_26,15,0,10,15,10,,,,,,,,,
8,VISIT,827,Random,OnArrival,3,6,9407,Node_144,12,0,9,12,9,,,,,,,,,
8,VISIT,828,Random,OnArrival,3,6,9407,Node_26,15,0,10,15,10,,,,,,,,,
8,VISIT,824,Random,OnArrival,3,38,9414,Node_340,27,0,1,27,1,,,,,,,,,
8,VISIT,825,Random,OnArrival,3,7,9419,Node_122,16,0,14,16,14,,,,,,,,,
8,VISIT,826,Random,OnArrival,3,7,9419,Node_59,14,0,10,14,10,,,,,,,,,
8,VISIT,827,Random,OnArrival,3,7,9419,Node_434,11,0,9,11,9,,,,,,,,,
8,VISIT,828,Random,OnArrival,3,7,9419,Node_59,14,0,10,14,10,,,,,,,,,
8,VISIT,821,Random,OnArrival,3,38,9425,Node_451,9,0,18,9,18,,,,,,,,,
8,VISIT,824,Random,OnArrival,3,39,9425,Node_245,28,0,1,28,1,,,,,,,,,
8,VISIT,825,Random,OnArrival,3,8,9430,Node_167,17,0,14,17,14,,,,,,,,,
8,VISIT,826,Random,OnArrival,3,8,9430,Node_90,13,0,10,13,10,,,,,,,,,
8,VISIT,827,Random,OnArrival,3,8,9430,Node_435,10,0,9,10,9,,,,,,,,,
8,VISIT,828,Random,OnArrival,3,8,9430,Node_90,13,0,10,13,10,,,,,,,,,
8,VISIT,824,Random,OnArrival,3,40,9436,Node_312,28,0,0,28,0,,,,,,,,,
8,VISIT,825,Random,OnArrival,3,9,9442,Node_96,18,0,14,18,14,,,,,,,,,
8,VISIT,826,Random,OnArrival,3,9,9442,Node_136,13,0,9,13,9,,,,,,,,,
8,VISIT,827,Random,OnArrival,3,9,9442,Node_437,10,0,10,10,10,,,,,,,,,
8,VISIT,828,Random,OnArrival,3,9,9442,Node_136,13,0,9,13,9,,,,,,,,,
8,VISIT,821,Random,OnArrival,3,39,9448,Node_151,11,0,18,11,18,,,,,,,,,
8,VISIT,824,Random,OnArrival,3,41,9448,Node_315,28,0,-1,28,-1,,,,,,,,,
8,VISIT,825,Random,OnArrival,3,10,9454,Node_99,18,0,15,18,15,,,,,,,,,
8,VISIT,826,Random,OnArrival,3,10,9454,Node_144,12,0,9,12,9,,,,,,,,,
8,VISIT,827,Random,OnArrival,3,10,9454,Node_439,10,0,11,10,11,,,,,,,,,
8,VISIT,828,Random,OnArrival,3,10,9454,Node_144,12,0,9,12,9,,,,,,,,,
8,VISIT,821,Random,OnArrival,3,40,9461,Node_77,12,0,18,12,18,,,,,,,,,
8,VISIT,824,Random,OnArrival,3,42,9461,Node_318,28,0,-2,28,-2,,,,,,,,,
8,VISIT,825,Random,OnArrival,3,11,9467,Node_169,17,0,15,17,15,,,,,,,,,
8,VISIT,826,Random,OnArrival,3,11,9467,Node_434,11,0,9,11,9,,,,,,,,,
8,VISIT,827,Random,OnArrival,3,11,9467,Node_455,9,0,11,9,11,,,,,,,,,
8,VISIT,828,Random,OnArrival,3,11,9467,Node_434,11,0,9,11,9,,,,,,,,,
8,VISIT,821,Random,OnArrival,3,41,9474,Node_145,13,0,18,13,18,,,,,,,,,
8,VISIT,824,Random,OnArrival,3,43,9474,Node_364,29,0,-2,29,-2,,,,,,,,,
8,VISIT,825,Random,OnArrival,3,12,9480,Node_121,16,0,15,16,15,,,,,,,,,
8,VISIT,826,Random,OnArrival,3,12,9480,Node_435,10,0,9,10,9,,,,,,,,,
8,VISIT,827,Random,OnArrival,3,12,9480,Node_472,8,0,11,8,11,,,,,,,,,
8,VISIT,828,Random,OnArrival,3,12,9480,Node_435,10,0,9,10,9,,,,,,,,,
8,VISIT,824,Random,OnArrival,3,44,9487,Node_361,30,0,-2,30,-2,,,,,,,,,
8,VISIT,825,Random,OnArrival,3,13,9493,Node_115,15,0,15,15,15,,,,,,,,,
8,VISIT,826,Random,OnArrival,3,13,9493,Node_437,10,0,10,10,10,,,,,,,,,
8,VISIT,827,Random,OnArrival,3,13,9493,Node_470,8,0,12,8,12,,,,,,,,,
8,VISIT,828,Random,OnArrival,3,13,9493,Node_437,10,0,10,10,10,,,,,,,,,
8,VISIT,825,Random,OnArrival,3,14,9506,Node_121,16,0,15,16,15,,,,,,,,,
8,VISIT,826,Random,OnArrival,3,14,9506,Node_453,9,0,10,9,10,,,,,,,,,
8,VISIT,827,Random,OnArrival,3,14,9506,Node_458,9,0,12,9,12,,,,,,,,,
8,VISIT,828,Random,OnArrival,3,14,9506,Node_453,9,0,10,9,10,,,,,,,,,
8,VISIT,825,Random,OnArrival,3,15,9519,Node_169,17,0,15,17,15,,,,,,,,,
8,VISIT,826,Random,OnArrival,3,15,9519,Node_473,8,0,10,8,10,,,,,,,,,
8,VISIT,827,Random,OnArrival,3,15,9519,Node_442,10,0,12,10,12,,,,,,,,,
8,VISIT,828,Random,OnArrival,3,15,9519,Node_473,8,0,10,8,10,,,,,,,,,
8,VISIT,825,Random,OnArrival,3,16,9531,Node_171,17,0,16,17,16,,,,,,,,,
8,VISIT,825,Random,OnArrival,3,17,9542,Node_119,16,0,16,16,16,,,,,,,,,
8,VISIT,826,Random,OnArrival,3,16,9542,Node_474,6,0,10,6,10,,,,,,,,,
8,VISIT,827,Random,OnArrival,3,16,9542,Node_442,10,0,12,10,12,,,,,,,,,
8,VISIT,828,Random,OnArrival,3,16,9542,Node_474,6,0,10,6,10,,,,,,,,,
8,VISIT,825,Random,OnArrival,3,18,9553,Node_171,17,0,16,17,16,,,,,,,,,
8,VISIT,827,Random,OnArrival,3,17,9553,Node_439,10,0,11,10,11,,,,,,,,,
8,VISIT,825,Random,OnArrival,3,19,9565,Node_102,18,0,16,18,16,,,,,,,,,
8,VISIT,827,Random,OnArrival,3,18,9565,Node_437,10,0,10,10,10,,,,,,,,,
8,VISIT,825,Random,OnArrival,3,20,9578,Node_105,18,0,17,18,17,,,,,,,,,
8,VISIT,827,Random,OnArrival,3,19,9578,Node_453,9,0,10,9,10,,,,,,,,,
8,VISIT,825,Random,OnArrival,3,21,9591,Node_173,17,0,17,17,17,,,,,,,,,
8,VISIT,827,Random,OnArrival,3,20,9591,Node_473,8,0,10,8,10,,,,,,,,,
8,VISIT,825,Random,OnArrival,3,22,9604,Node_105,18,0,17,18,17,,,,,,,,,
8,VISIT,825,Random,OnArrival,3,23,9617,Node_108,18,0,18,18,18,,,,,,,,,
8,VISIT,827,Random,OnArrival,3,21,9617,Node_474,6,0,10,6,10,,,,,,,,,
8,VISIT,825,Random,OnArrival,3,24,9631,Node_175,17,0,18,17,18,,,,,,,,,
8,VISIT,827,Random,OnArrival,3,22,9631,Node_489,5,0,10,5,10,,,,,,,,,
8,VISIT,825,Random,OnArrival,3,25,9645,Node_108,18,0,18,18,18,,,,,,,,,
8,VISIT,825,Random,OnArrival,3,26,9696,Node_32,21,0,19,21,19,,,,,,,,,
8,VISIT,829,Random,OnArrival,3,0,9807,Node_6,19,0,12,19,12,,,,,,,,,
8,VISIT,830,Random,OnArrival,3,0,9807,Node_7,19,0,8,19,8,,,,,,,,,
8,VISIT,831,Random,OnArrival,3,0,9807,Node_8,17,0,10,17,10,,,,,,,,,
8,VISIT,832,Random,OnArrival,3,0,9807,Node_9,21,0,10,21,10,,,,,,,,,
8,VISIT,829,Random,OnArrival,3,1,9811,Node_2,19,0,11,19,11,,,,,,,,,
8,VISIT,830,Random,OnArrival,3,1,9811,Node_3,19,0,9,19,9,,,,,,,,,
8,VISIT,831,Random,OnArrival,3,1,9811,Node_24,16,0,10,16,10,,,,,,,,,
8,VISIT,832,Random,OnArrival,3,1,9811,Node_5,20,0,10,20,10,,,,,,,,,
8,VISIT,829,Random,OnArrival,3,2,9816,Node_20,19,0,10,19,10,,,,,,,,,
8,VISIT,830,Random,OnArrival,3,2,9816,Node_15,18,0,9,18,9,,,,,,,,,
8,VISIT,831,Random,OnArrival,3,2,9816,Node_26,15,0,10,15,10,,,,,,,,,
8,VISIT,832,Random,OnArrival,3,2,9816,Node_20,19,0,10,19,10,,,,,,,,,
8,VISIT,829,Random,OnArrival,3,3,9821,Node_4,18,0,10,18,10,,,,,,,,,
8,VISIT,830,Random,OnArrival,3,3,9821,Node_4,18,0,10,18,10,,,,,,,,,
8,VISIT,831,Random,OnArrival,3,3,9821,Node_59,14,0,10,14,10,,,,,,,,,
8,VISIT,832,Random,OnArrival,3,3,9821,Node_4,18,0,10,18,10,,,,,,,,,
8,VISIT,829,Random,OnArrival,3,4,9826,Node_8,17,0,10,17,10,,,,,,,,,
8,VISIT,830,Random,OnArrival,3,4,9826,Node_8,17,0,10,17,10,,,,,,,,,
8,VISIT,831,Random,OnArrival,3,4,9826,Node_90,13,0,10,13,10,,,,,,,,,
8,VISIT,832,Random,OnArrival,3,4,9826,Node_8,17,0,10,17,10,,,,,,,,,
8,VISIT,829,Random,OnArrival,3,5,9831,Node_24,16,0,10,16,10,,,,,,,,,
8,VISIT,830,Random,OnArrival,3,5,9831,Node_24,16,0,10,16,10,,,,,,,,,
8,VISIT,831,Random,OnArrival,3,5,9831,Node_136,13,0,9,13,9,,,,,,,,,
8,VISIT,832,Random,OnArrival,3,5,9831,Node_24,16,0,10,16,10,,,,,,,,,
8,VISIT,829,Random,OnArrival,3,6,9836,Node_26,15,0,10,15,10,,,,,,,,,
8,VISIT,830,Random,OnArrival,3,6,9836,Node_26,15,0,10,15,10,,,,,,,,,
8,VISIT,831,Random,OnArrival,3,6,9836,Node_144,12,0,9,12,9,,,,,,,,,
8,VISIT,832,Random,OnArrival,3,6,9836,Node_26,15,0,10,15,10,,,,,,,,,
8,VISIT,829,Random,OnArrival,3,7,9842,Node_59,14,0,10,14,10,,,,,,,,,
8,VISIT,830,Random,OnArrival,3,7,9842,Node_59,14,0,10,14,10,,,,,,,,,
8,VISIT,831,Random,OnArrival,3,7,9842,Node_434,11,0,9,11,9,,,,,,,,,
8,VISIT,832,Random,OnArrival,3,7,9842,Node_59,14,0,10,14,10,,,,,,,,,
8,VISIT,829,Random,OnArrival,3,8,9849,Node_90,13,0,10,13,10,,,,,,,,,
8,VISIT,830,Random,OnArrival,3,8,9849,Node_90,13,0,10,13,10,,,,,,,,,
8,VISIT,831,Random,OnArrival,3,8,9849,Node_435,10,0,9,10,9,,,,,,,,,
8,VISIT,832,Random,OnArrival,3,8,9849,Node_90,13,0,10,13,10,,,,,,,,,
8,VISIT,829,Random,OnArrival,3,9,9856,Node_136,13,0,9,13,9,,,,,,,,,
8,VISIT,830,Random,OnArrival,3,9,9856,Node_136,13,0,9,13,9,,,,,,,,,
8,VISIT,831,Random,OnArrival,3,9,9856,Node_437,10,0,10,10,10,,,,,,,,,
8,VISIT,832,Random,OnArrival,3,9,9856,Node_136,13,0,9,13,9,,,,,,,,,
8,VISIT,829,Random,OnArrival,3,10,9863,Node_144,12,0,9,12,9,,,,,,,,,
8,VISIT,830,Random,OnArrival,3,10,9863,Node_144,12,0,9,12,9,,,,,,,,,
8,VISIT,831,Random,OnArrival,3,10,9863,Node_453,9,0,10,9,10,,,,,,,,,
8,VISIT,832,Random,OnArrival,3,10,9863,Node_144,12,0,9,12,9,,,,,,,,,
8,VISIT,829,Random,OnArrival,3,11,9872,Node_434,11,0,9,11,9,,,,,,,,,
8,VISIT,830,Random,OnArrival,3,11,9872,Node_434,11,0,9,11,9,,,,,,,,,
8,VISIT,831,Random,OnArrival,3,11,9872,Node_473,8,0,10,8,10,,,,,,,,,
8,VISIT,832,Random,OnArrival,3,11,9872,Node_434,11,0,9,11,9,,,,,,,,,
8,VISIT,829,Random,OnArrival,3,12,9881,Node_435,10,0,9,10,9,,,,,,,,,
8,VISIT,830,Random,OnArrival,3,12,9881,Node_435,10,0,9,10,9,,,,,,,,,
8,VISIT,832,Random,OnArrival,3,12,9881,Node_435,10,0,9,10,9,,,,,,,,,
8,VISIT,829,Random,OnArrival,3,13,9890,Node_437,10,0,10,10,10,,,,,,,,,
8,VISIT,830,Random,OnArrival,3,13,9890,Node_437,10,0,10,10,10,,,,,,,,,
8,VISIT,831,Random,OnArrival,3,12,9890,Node_474,6,0,10,6,10,,,,,,,,,
8,VISIT,832,Random,OnArrival,3,13,9890,Node_437,10,0,10,10,10,,,,,,,,,
8,VISIT,829,Random,OnArrival,3,14,9900,Node_453,9,0,10,9,10,,,,,,,,,
8,VISIT,830,Random,OnArrival,3,14,9900,Node_453,9,0,10,9,10,,,,,,,,,
8,VISIT,831,Random,OnArrival,3,13,9900,Node_489,5,0,10,5,10,,,,,,,,,
8,VISIT,832,Random,OnArrival,3,14,9900,Node_453,9,0,10,9,10,,,,,,,,,
8,VISIT,829,Random,OnArrival,3,15,9913,Node_473,8,0,10,8,10,,,,,,,,,
8,VISIT,830,Random,OnArrival,3,15,9913,Node_473,8,0,10,8,10,,,,,,,,,
8,VISIT,832,Random,OnArrival,3,15,9913,Node_473,8,0,10,8,10,,,,,,,,,
8,VISIT,831,Random,OnArrival,3,14,9925,Node_490,5,0,12,5,12,,,,,,,,,
8,VISIT,829,Random,OnArrival,3,16,9938,Node_474,6,0,10,6,10,,,,,,,,,
8,VISIT,830,Random,OnArrival,3,16,9938,Node_474,6,0,10,6,10,,,,,,,,,
8,VISIT,832,Random,OnArrival,3,16,9938,Node_474,6,0,10,6,10,,,,,,,,,
8,VISIT,829,Random,OnArrival,3,17,9950,Node_489,5,0,10,5,10,,,,,,,,,
8,VISIT,830,Random,OnArrival,3,17,9950,Node_489,5,0,10,5,10,,,,,,,,,
8,VISIT,832,Random,OnArrival,3,17,9950,Node_486,6,0,9,6,9,,,,,,,,,
8,VISIT,832,Random,OnArrival,3,18,9962,Node_488,5,0,9,5,9,,,,,,,,,
8,VISIT,829,Random,OnArrival,3,18,9974,Node_490,5,0,12,5,12,,,,,,,,,
8,VISIT,830,Random,OnArrival,3,18,9974,Node_490,5,0,12,5,12,,,,,,,,,
8,VISIT,831,Random,OnArrival,3,15,9974,Node_492,5,0,14,5,14,,,,,,,,,
8,VISIT,829,Random,OnArrival,3,19,9986,Node_491,5,0,13,5,13,,,,,,,,,
8,VISIT,830,Random,OnArrival,3,19,9986,Node_491,5,0,13,5,13,,,,,,,,,
8,VISIT,829,Random,OnArrival,3,20,9998,Node_527,6,0,13,6,13,,,,,,,,,
8,VISIT,830,Random,OnArrival,3,20,9998,Node_527,6,0,13,6,13,,,,,,,,,
8,VISIT,829,Random,OnArrival,3,21,10009,Node_526,6,0,12,6,12,,,,,,,,,
8,VISIT,830,Random,OnArrival,3,21,10009,Node_526,6,0,12,6,12,,,,,,,,,
8,VISIT,829,Random,OnArrival,3,22,10021,Node_490,5,0,12,5,12,,,,,,,,,
8,VISIT,830,Random,OnArrival,3,22,10021,Node_490,5,0,12,5,12,,,,,,,,,
8,VISIT,829,Random,OnArrival,3,23,10045,Node_489,5,0,10,5,10,,,,,,,,,
8,VISIT,830,Random,OnArrival,3,23,10045,Node_489,5,0,10,5,10,,,,,,,,,
8,VISIT,830,Random,OnArrival,3,24,10057,Node_488,5,0,9,5,9,,,,,,,,,
8,VISIT,829,Random,OnArrival,3,24,10069,Node_495,3,0,10,3,10,,,,,,,,,
8,VISIT,830,Random,OnArrival,3,25,10094,Node_531,5,0,6,5,6,,,,,,,,,
8,VISIT,829,Random,OnArrival,3,25,10118,Node_501,2,0,11,2,11,,,,,,,,,
8,VISIT,832,Random,OnArrival,3,19,10130,Node_469,-1,0,3,-1,3,,,,,,,,,
8,VISIT,829,Random,OnArrival,3,26,10155,Node_508,1,0,13,1,13,,,,,,,,,
8,VISIT,832,Random,OnArrival,3,20,10155,Node_545,1,0,3,1,3,,,,,,,,,
8,VISIT,830,Random,OnArrival,3,26,10167,Node_542,2,0,9,2,9,,,,,,,,,
8,VISIT,832,Random,OnArrival,3,21,10167,Node_543,1,0,4,1,4,,,,,,,,,
8,VISIT,833,Random,OnArrival,3,0,10179,Node_6,19,0,12,19,12,,,,,,,,,
8,VISIT,834,Random,OnArrival,3,0,10179,Node_7,19,0,8,19,8,,,,,,,,,
8,VISIT,835,Random,OnArrival,3,0,10179,Node_8,17,0,10,17,10,,,,,,,,,
8,VISIT,836,Random,OnArrival,3,0,10179,Node_9,21,0,10,21,10,,,,,,,,,
8,VISIT,832,Random,OnArrival,3,22,10184,Node_540,3,0,4,3,4,,,,,,,,,
8,VISIT,833,Random,OnArrival,3,1,10184,Node_2,19,0,11,19,11,,,,,,,,,
8,VISIT,834,Random,OnArrival,3,1,10184,Node_3,19,0,9,19,9,,,,,,,,,
8,VISIT,835,Random,OnArrival,3,1,10184,Node_24,16,0,10,16,10,,,,,,,,,
8,VISIT,836,Random,OnArrival,3,1,10184,Node_5,20,0,10,20,10,,,,,,,,,
8,VISIT,829,Random,OnArrival,3,27,10191,Node_513,1,0,15,1,15,,,,,,,,,
8,VISIT,830,Random,OnArrival,3,27,10191,Node_547,1,0,11,1,11,,,,,,,,,
8,VISIT,832,Random,OnArrival,3,23,10191,Node_539,3,0,3,3,3,,,,,,,,,
8,VISIT,833,Random,OnArrival,3,2,10191,Node_20,19,0,10,19,10,,,,,,,,,
8,VISIT,834,Random,OnArrival,3,2,10191,Node_15,18,0,9,18,9,,,,,,,,,
8,VISIT,835,Random,OnArrival,3,2,10191,Node_26,15,0,10,15,10,,,,,,,,,
8,VISIT,836,Random,OnArrival,3,2,10191,Node_20,19,0,10,19,10,,,,,,,,,
8,VISIT,830,Random,OnArrival,3,28,10198,Node_549,1,0,12,1,12,,,,,,,,,
8,VISIT,833,Random,OnArrival,3,3,10198,Node_4,18,0,10,18,10,,,,,,,,,
8,VISIT,834,Random,OnArrival,3,3,10198,Node_4,18,0,10,18,10,,,,,,,,,
8,VISIT,835,Random,OnArrival,3,3,10198,Node_59,14,0,10,14,10,,,,,,,,,
8,VISIT,836,Random,OnArrival,3,3,10198,Node_4,18,0,10,18,10,,,,,,,,,
8,VISIT,829,Random,OnArrival,3,28,10206,Node_518,1,0,17,1,17,,,,,,,,,
8,VISIT,830,Random,OnArrival,3,29,10206,Node_502,2,0,12,2,12,,,,,,,,,
8,VISIT,833,Random,OnArrival,3,4,10206,Node_8,17,0,10,17,10,,,,,,,,,
8,VISIT,834,Random,OnArrival,3,4,10206,Node_8,17,0,10,17,10,,,,,,,,,
8,VISIT,835,Random,OnArrival,3,4,10206,Node_90,13,0,10,13,10,,,,,,,,,
8,VISIT,836,Random,OnArrival,3,4,10206,Node_8,17,0,10,17,10,,,,,,,,,
8,VISIT,830,Random,OnArrival,3,30,10213,Node_501,2,0,11,2,11,,,,,,,,,
8,VISIT,832,Random,OnArrival,3,24,10213,Node_445,3,0,0,3,0,,,,,,,,,
8,VISIT,833,Random,OnArrival,3,5,10213,Node_24,16,0,10,16,10,,,,,,,,,
8,VISIT,834,Random,OnArrival,3,5,10213,Node_24,16,0,10,16,10,,,,,,,,,
8,VISIT,835,Random,OnArrival,3,5,10213,Node_136,13,0,9,13,9,,,,,,,,,
8,VISIT,836,Random,OnArrival,3,5,10213,Node_24,16,0,10,16,10,,,,,,,,,
8,VISIT,830,Random,OnArrival,3,31,10221,Node_544,2,0,10,2,10,,,,,,,,,
8,VISIT,833,Random,OnArrival,3,6,10221,Node_26,15,0,10,15,10,,,,,,,,,
8,VISIT,834,Random,OnArrival,3,6,10221,Node_26,15,0,10,15,10,,,,,,,,,
8,VISIT,835,Random,OnArrival,3,6,10221,Node_144,12,0,9,12,9,,,,,,,,,
8,VISIT,836,Random,OnArrival,3,6,10221,Node_26,15,0,10,15,10,,,,,,,,,
8,VISIT,830,Random,OnArrival,3,32,10229,Node_556,1,0,10,1,10,,,,,,,,,
8,VISIT,833,Random,OnArrival,3,7,10229,Node_59,14,0,10,14,10,,,,,,,,,
8,VISIT,834,Random,OnArrival,3,7,10229,Node_59,14,0,10,14,10,,,,,,,,,
8,VISIT,835,Random,OnArrival,3,7,10229,Node_434,11,0,9,11,9,,,,,,,,,
8,VISIT,836,Random,OnArrival,3,7,10229,Node_59,14,0,10,14,10,,,,,,,,,
8,VISIT,832,Random,OnArrival,3,25,10238,Node_466,0,0,0,0,0,,,,,,,,,
8,VISIT,833,Random,OnArrival,3,8,10238,Node_90,13,0,10,13,10,,,,,,,,,
8,VISIT,834,Random,OnArrival,3,8,10238,Node_90,13,0,10,13,10,,,,,,,,,
8,VISIT,835,Random,OnArrival,3,8,10238,Node_435,10,0,9,10,9,,,,,,,,,
8,VISIT,836,Random,OnArrival,3,8,10238,Node_90,13,0,10,13,10,,,,,,,,,
8,VISIT,833,Random,OnArrival,3,9,10247,Node_136,13,0,9,13,9,,,,,,,,,
8,VISIT,834,Random,OnArrival,3,9,10247,Node_136,13,0,9,13,9,,,,,,,,,
8,VISIT,835,Random,OnArrival,3,9,10247,Node_437,10,0,10,10,10,,,,,,,,,
8,VISIT,836,Random,OnArrival,3,9,10247,Node_136,13,0,9,13,9,,,,,,,,,
8,VISIT,833,Random,OnArrival,3,10,10256,Node_144,12,0,9,12,9,,,,,,,,,
8,VISIT,834,Random,OnArrival,3,10,10256,Node_144,12,0,9,12,9,,,,,,,,,
8,VISIT,835,Random,OnArrival,3,10,10256,Node_453,9,0,10,9,10,,,,,,,,,
8,VISIT,836,Random,OnArrival,3,10,10256,Node_144,12,0,9,12,9,,,,,,,,,
8,VISIT,832,Random,OnArrival,3,26,10266,Node_445,3,0,0,3,0,,,,,,,,,
8,VISIT,833,Random,OnArrival,3,11,10266,Node_434,11,0,9,11,9,,,,,,,,,
8,VISIT,834,Random,OnArrival,3,11,10266,Node_434,11,0,9,11,9,,,,,,,,,
8,VISIT,835,Random,OnArrival,3,11,10266,Node_473,8,0,10,8,10,,,,,,,,,
8,VISIT,836,Random,OnArrival,3,11,10266,Node_434,11,0,9,11,9,,,,,,,,,
8,VISIT,833,Random,OnArrival,3,12,10276,Node_435,10,0,9,10,9,,,,,,,,,
8,VISIT,834,Random,OnArrival,3,12,10276,Node_435,10,0,9,10,9,,,,,,,,,
8,VISIT,836,Random,OnArrival,3,12,10276,Node_435,10,0,9,10,9,,,,,,,,,
8,VISIT,833,Random,OnArrival,3,13,10287,Node_437,10,0,10,10,10,,,,,,,,,
8,VISIT,834,Random,OnArrival,3,13,10287,Node_437,10,0,10,10,10,,,,,,,,,
8,VISIT,835,Random,OnArrival,3,12,10287,Node_474,6,0,10,6,10,,,,,,,,,
8,VISIT,836,Random,OnArrival,3,13,10287,Node_437,10,0,10,10,10,,,,,,,,,
8,VISIT,833,Random,OnArrival,3,14,10298,Node_453,9,0,10,9,10,,,,,,,,,
8,VISIT,834,Random,OnArrival,3,14,10298,Node_453,9,0,10,9,10,,,,,,,,,
8,VISIT,835,Random,OnArrival,3,13,10298,Node_489,5,0,10,5,10,,,,,,,,,
8,VISIT,836,Random,OnArrival,3,14,10298,Node_453,9,0,10,9,10,,,,,,,,,
8,VISIT,833,Random,OnArrival,3,15,10309,Node_473,8,0,10,8,10,,,,,,,,,
8,VISIT,834,Random,OnArrival,3,15,10309,Node_473,8,0,10,8,10,,,,,,,,,
8,VISIT,836,Random,OnArrival,3,15,10309,Node_473,8,0,10,8,10,,,,,,,,,
8,VISIT,835,Random,OnArrival,3,14,10321,Node_495,3,0,10,3,10,,,,,,,,,
8,VISIT,833,Random,OnArrival,3,16,10333,Node_474,6,0,10,6,10,,,,,,,,,
8,VISIT,834,Random,OnArrival,3,16,10333,Node_474,6,0,10,6,10,,,,,,,,,
8,VISIT,835,Random,OnArrival,3,15,10333,Node_544,2,0,10,2,10,,,,,,,,,
8,VISIT,836,Random,OnArrival,3,16,10333,Node_474,6,0,10,6,10,,,,,,,,,
8,VISIT,833,Random,OnArrival,3,17,10344,Node_489,5,0,10,5,10,,,,,,,,,
8,VISIT,834,Random,OnArrival,3,17,10344,Node_489,5,0,10,5,10,,,,,,,,,
8,VISIT,835,Random,OnArrival,3,16,10344,Node_542,2,0,9,2,9,,,,,,,,,
8,VISIT,836,Random,OnArrival,3,17,10344,Node_489,5,0,10,5,10,,,,,,,,,
8,VISIT,835,Random,OnArrival,3,17,10356,Node_554,1,0,9,1,9,,,,,,,,,
8,VISIT,833,Random,OnArrival,3,18,10368,Node_495,3,0,10,3,10,,,,,,,,,
8,VISIT,834,Random,OnArrival,3,18,10368,Node_495,3,0,10,3,10,,,,,,,,,
8,VISIT,836,Random,OnArrival,3,18,10368,Node_495,3,0,10,3,10,,,,,,,,,
8,VISIT,833,Random,OnArrival,3,19,10380,Node_498,3,0,11,3,11,,,,,,,,,
8,VISIT,834,Random,OnArrival,3,19,10380,Node_544,2,0,10,2,10,,,,,,,,,
8,VISIT,835,Random,OnArrival,3,18,10380,Node_551,2,0,8,2,8,,,,,,,,,
8,VISIT,833,Random,OnArrival,3,20,10392,Node_501,2,0,11,2,11,,,,,,,,,
8,VISIT,834,Random,OnArrival,3,20,10392,Node_556,1,0,10,1,10,,,,,,,,,
8,VISIT,835,Random,OnArrival,3,19,10392,Node_550,2,0,7,2,7,,,,,,,,,
8,VISIT,836,Random,OnArrival,3,19,10392,Node_489,5,0,10,5,10,,,,,,,,,
8,VISIT,833,Random,OnArrival,3,21,10403,Node_502,2,0,12,2,12,,,,,,,,,
8,VISIT,834,Random,OnArrival,3,21,10403,Node_559,0,0,10,0,10,,,,,,,,,
8,VISIT,836,Random,OnArrival,3,20,10403,Node_488,5,0,9,5,9,,,,,,,,,
8,VISIT,833,Random,OnArrival,3,22,10415,Node_505,2,0,13,2,13,,,,,,,,,
8,VISIT,834,Random,OnArrival,3,22,10415,Node_562,-1,0,10,-1,10,,,,,,,,,
8,VISIT,836,Random,OnArrival,3,21,10439,Node_531,5,0,6,5,6,,,,,,,,,
8,VISIT,833,Random,OnArrival,3,23,10451,Node_529,4,0,14,4,14,,,,,,,,,
8,VISIT,836,Random,OnArrival,3,22,10451,Node_420,6,0,6,6,6,,,,,,,,,
8,VISIT,833,Random,OnArrival,3,24,10463,Node_492,5,0,14,5,14,,,,,,,,,
8,VISIT,833,Random,OnArrival,3,25,10475,Node_493,5,0,15,5,15,,,,,,,,,
8,VISIT,835,Random,OnArrival,3,20,10475,Node_561,-1,0,9,-1,9,,,,,,,,,
8,VISIT,836,Random,OnArrival,3,23,10475,Node_533,5,0,5,5,5,,,,,,,,,
8,VISIT,833,Random,OnArrival,3,26,10488,Node_530,4,0,15,4,15,,,,,,,,,
8,VISIT,835,Random,OnArrival,3,21,10488,Node_560,0,0,9,0,9,,,,,,,,,
8,VISIT,833,Random,OnArrival,3,27,10500,Node_532,4,0,16,4,16,,,,,,,,,
8,VISIT,835,Random,OnArrival,3,22,10500,Node_554,1,0,9,1,9,,,,,,,,,
8,VISIT,836,Random,OnArrival,3,24,10500,Node_536,5,0,3,5,3,,,,,,,,,
8,VISIT,833,Random,OnArrival,3,28,10512,Node_494,5,0,16,5,16,,,,,,,,,
8,VISIT,835,Random,OnArrival,3,23,10512,Node_560,0,0,9,0,9,,,,,,,,,
8,VISIT,836,Random,OnArrival,3,25,10512,Node_565,6,0,3,6,3,,,,,,,,,
8,VISIT,835,Random,OnArrival,3,24,10524,Node_561,-1,0,9,-1,9,,,,,,,,,
8,VISIT,836,Random,OnArrival,3,26,10524,Node_564,6,0,2,6,2,,,,,,,,,
8,VISIT,835,Random,OnArrival,3,25,10536,Node_576,-1,0,8,-1,8,,,,,,,,,
8,VISIT,836,Random,OnArrival,3,27,10548,Node_410,8,0,2,8,2,,,,,,,,,
8,VISIT,837,Random,OnArrival,3,0,10557,Node_6,19,0,12,19,12,,,,,,,,,
8,VISIT,838,Random,OnArrival,3,0,10557,Node_7,19,0,8,19,8,,,,,,,,,
8,VISIT,839,Random,OnArrival,3,0,10557,Node_8,17,0,10,17,10,,,,,,,,,
8,VISIT,840,Random,OnArrival,3,0,10557,Node_9,21,0,10,21,10,,,,,,,,,
8,VISIT,837,Random,OnArrival,3,1,10561,Node_2,19,0,11,19,11,,,,,,,,,
8,VISIT,838,Random,OnArrival,3,1,10561,Node_3,19,0,9,19,9,,,,,,,,,
8,VISIT,839,Random,OnArrival,3,1,10561,Node_24,16,0,10,16,10,,,,,,,,,
8,VISIT,840,Random,OnArrival,3,1,10561,Node_5,20,0,10,20,10,,,,,,,,,
8,VISIT,836,Random,OnArrival,3,28,10565,Node_232,10,0,2,10,2,,,,,,,,,
8,VISIT,837,Random,OnArrival,3,2,10566,Node_20,19,0,10,19,10,,,,,,,,,
8,VISIT,838,Random,OnArrival,3,2,10566,Node_15,18,0,9,18,9,,,,,,,,,
8,VISIT,839,Random,OnArrival,3,2,10566,Node_26,15,0,10,15,10,,,,,,,,,
8,VISIT,840,Random,OnArrival,3,2,10566,Node_20,19,0,10,19,10,,,,,,,,,
8,VISIT,833,Random,OnArrival,3,29,10570,Node_506,5,0,20,5,20,,,,,,,,,
8,VISIT,836,Random,OnArrival,3,29,10570,Node_235,10,0,1,10,1,,,,,,,,,
8,VISIT,837,Random,OnArrival,3,3,10571,Node_4,18,0,10,18,10,,,,,,,,,
8,VISIT,838,Random,OnArrival,3,3,10571,Node_4,18,0,10,18,10,,,,,,,,,
8,VISIT,839,Random,OnArrival,3,3,10571,Node_59,14,0,10,14,10,,,,,,,,,
8,VISIT,840,Random,OnArrival,3,3,10571,Node_4,18,0,10,18,10,,,,,,,,,
8,VISIT,833,Random,OnArrival,3,30,10575,Node_503,5,0,19,5,19,,,,,,,,,
8,VISIT,836,Random,OnArrival,3,30,10575,Node_419,10,0,0,10,0,,,,,,,,,
8,VISIT,837,Random,OnArrival,3,4,10576,Node_8,17,0,10,17,10,,,,,,,,,
8,VISIT,838,Random,OnArrival,3,4,10576,Node_8,17,0,10,17,10,,,,,,,,,
8,VISIT,839,Random,OnArrival,3,4,10576,Node_90,13,0,10,13,10,,,,,,,,,
8,VISIT,840,Random,OnArrival,3,4,10576,Node_8,17,0,10,17,10,,,,,,,,,
8,VISIT,833,Random,OnArrival,3,31,10580,Node_588,6,0,19,6,19,,,,,,,,,
8,VISIT,836,Random,OnArrival,3,31,10580,Node_398,11,0,0,11,0,,,,,,,,,
8,VISIT,837,Random,OnArrival,3,5,10581,Node_24,16,0,10,16,10,,,,,,,,,
8,VISIT,838,Random,OnArrival,3,5,10581,Node_24,16,0,10,16,10,,,,,,,,,
8,VISIT,839,Random,OnArrival,3,5,10581,Node_136,13,0,9,13,9,,,,,,,,,
8,VISIT,840,Random,OnArrival,3,5,10581,Node_24,16,0,10,16,10,,,,,,,,,
8,VISIT,836,Random,OnArrival,3,32,10586,Node_393,12,0,0,12,0,,,,,,,,,
8,VISIT,837,Random,OnArrival,3,6,10587,Node_26,15,0,10,15,10,,,,,,,,,
8,VISIT,838,Random,OnArrival,3,6,10587,Node_26,15,0,10,15,10,,,,,,,,,
8,VISIT,839,Random,OnArrival,3,6,10587,Node_144,12,0,9,12,9,,,,,,,,,
8,VISIT,840,Random,OnArrival,3,6,10587,Node_26,15,0,10,15,10,,,,,,,,,
8,VISIT,837,Random,OnArrival,3,7,10593,Node_59,14,0,10,14,10,,,,,,,,,
8,VISIT,838,Random,OnArrival,3,7,10593,Node_59,14,0,10,14,10,,,,,,,,,
8,VISIT,839,Random,OnArrival,3,7,10593,Node_434,11,0,9,11,9,,,,,,,,,
8,VISIT,840,Random,OnArrival,3,7,10593,Node_59,14,0,10,14,10,,,,,,,,,
8,VISIT,833,Random,OnArrival,3,32,10599,Node_590,6,0,20,6,20,,,,,,,,,
8,VISIT,836,Random,OnArrival,3,33,10599,Node_193,14,0,0,14,0,,,,,,,,,
8,VISIT,837,Random,OnArrival,3,8,10600,Node_90,13,0,10,13,10,,,,,,,,,
8,VISIT,838,Random,OnArrival,3,8,10600,Node_90,13,0,10,13,10,,,,,,,,,
8,VISIT,839,Random,OnArrival,3,8,10600,Node_435,10,0,9,10,9,,,,,,,,,
8,VISIT,840,Random,OnArrival,3,8,10600,Node_90,13,0,10,13,10,,,,,,,,,
8,VISIT,833,Random,OnArrival,3,33,10606,Node_506,5,0,20,5,20,,,,,,,,,
8,VISIT,836,Random,OnArrival,3,34,10606,Node_192,14,0,1,14,1,,,,,,,,,
8,VISIT,837,Random,OnArrival,3,9,10607,Node_136,13,0,9,13,9,,,,,,,,,
8,VISIT,838,Random,OnArrival,3,9,10607,Node_136,13,0,9,13,9,,,,,,,,,
8,VISIT,839,Random,OnArrival,3,9,10607,Node_437,10,0,10,10,10,,,,,,,,,
8,VISIT,840,Random,OnArrival,3,9,10607,Node_136,13,0,9,13,9,,,,,,,,,
8,VISIT,836,Random,OnArrival,3,35,10614,Node_191,14,0,2,14,2,,,,,,,,,
8,VISIT,837,Random,OnArrival,3,10,10615,Node_144,12,0,9,12,9,,,,,,,,,
8,VISIT,838,Random,OnArrival,3,10,10615,Node_144,12,0,9,12,9,,,,,,,,,
8,VISIT,839,Random,OnArrival,3,10,10615,Node_453,9,0,10,9,10,,,,,,,,,
8,VISIT,840,Random,OnArrival,3,10,10615,Node_144,12,0,9,12,9,,,,,,,,,
8,VISIT,833,Random,OnArrival,3,34,10622,Node_511,3,0,20,3,20,,,,,,,,,
8,VISIT,836,Random,OnArrival,3,36,10622,Node_411,13,0,2,13,2,,,,,,,,,
8,VISIT,837,Random,OnArrival,3,11,10623,Node_434,11,0,9,11,9,,,,,,,,,
8,VISIT,838,Random,OnArrival,3,11,10623,Node_434,11,0,9,11,9,,,,,,,,,
8,VISIT,839,Random,OnArrival,3,11,10623,Node_473,8,0,10,8,10,,,,,,,,,
8,VISIT,840,Random,OnArrival,3,11,10623,Node_434,11,0,9,11,9,,,,,,,,,
8,VISIT,836,Random,OnArrival,3,37,10631,Node_409,12,0,2,12,2,,,,,,,,,
8,VISIT,837,Random,OnArrival,3,12,10632,Node_435,10,0,9,10,9,,,,,,,,,
8,VISIT,838,Random,OnArrival,3,12,10632,Node_435,10,0,9,10,9,,,,,,,,,
8,VISIT,840,Random,OnArrival,3,12,10632,Node_435,10,0,9,10,9,,,,,,,,,
8,VISIT,836,Random,OnArrival,3,38,10640,Node_411,13,0,2,13,2,,,,,,,,,
8,VISIT,837,Random,OnArrival,3,13,10641,Node_437,10,0,10,10,10,,,,,,,,,
8,VISIT,838,Random,OnArrival,3,13,10641,Node_437,10,0,10,10,10,,,,,,,,,
8,VISIT,839,Random,OnArrival,3,12,10641,Node_474,6,0,10,6,10,,,,,,,,,
8,VISIT,840,Random,OnArrival,3,13,10641,Node_437,10,0,10,10,10,,,,,,,,,
8,VISIT,836,Random,OnArrival,3,39,10649,Node_191,14,0,2,14,2,,,,,,,,,
8,VISIT,837,Random,OnArrival,3,14,10650,Node_453,9,0,10,9,10,,,,,,,,,
8,VISIT,838,Random,OnArrival,3,14,10650,Node_453,9,0,10,9,10,,,,,,,,,
8,VISIT,839,Random,OnArrival,3,13,10650,Node_486,6,0,9,6,9,,,,,,,,,
8,VISIT,840,Random,OnArrival,3,14,10650,Node_453,9,0,10,9,10,,,,,,,,,
8,VISIT,836,Random,OnArrival,3,40,10659,Node_190,14,0,3,14,3,,,,,,,,,
8,VISIT,837,Random,OnArrival,3,15,10660,Node_473,8,0,10,8,10,,,,,,,,,
8,VISIT,838,Random,OnArrival,3,15,10660,Node_473,8,0,10,8,10,,,,,,,,,
8,VISIT,839,Random,OnArrival,3,14,10660,Node_488,5,0,9,5,9,,,,,,,,,
8,VISIT,840,Random,OnArrival,3,15,10660,Node_473,8,0,10,8,10,,,,,,,,,
8,VISIT,836,Random,OnArrival,3,41,10670,Node_413,13,0,3,13,3,,,,,,,,,
8,VISIT,836,Random,OnArrival,3,42,10680,Node_411,13,0,2,13,2,,,,,,,,,
8,VISIT,837,Random,OnArrival,3,16,10683,Node_474,6,0,10,6,10,,,,,,,,,
8,VISIT,838,Random,OnArrival,3,16,10683,Node_474,6,0,10,6,10,,,,,,,,,
8,VISIT,840,Random,OnArrival,3,16,10683,Node_474,6,0,10,6,10,,,,,,,,,
8,VISIT,836,Random,OnArrival,3,43,10690,Node_409,12,0,2,12,2,,,,,,,,,
8,VISIT,837,Random,OnArrival,3,17,10694,Node_486,6,0,9,6,9,,,,,,,,,
8,VISIT,838,Random,OnArrival,3,17,10694,Node_486,6,0,9,6,9,,,,,,,,,
8,VISIT,839,Random,OnArrival,3,15,10694,Node_531,5,0,6,5,6,,,,,,,,,
8,VISIT,840,Random,OnArrival,3,17,10694,Node_486,6,0,9,6,9,,,,,,,,,
8,VISIT,836,Random,OnArrival,3,44,10701,Node_400,11,0,2,11,2,,,,,,,,,
8,VISIT,837,Random,OnArrival,3,18,10705,Node_488,5,0,9,5,9,,,,,,,,,
8,VISIT,838,Random,OnArrival,3,18,10705,Node_488,5,0,9,5,9,,,,,,,,,
8,VISIT,840,Random,OnArrival,3,18,10705,Node_488,5,0,9,5,9,,,,,,,,,
8,VISIT,836,Random,OnArrival,3,45,10712,Node_399,11,0,1,11,1,,,,,,,,,
8,VISIT,839,Random,OnArrival,3,16,10717,Node_546,3,0,6,3,6,,,,,,,,,
8,VISIT,836,Random,OnArrival,3,46,10724,Node_398,11,0,0,11,0,,,,,,,,,
8,VISIT,839,Random,OnArrival,3,17,10729,Node_567,2,0,6,2,6,,,,,,,,,
8,VISIT,836,Random,OnArrival,3,47,10736,Node_397,11,0,-1,11,-1,,,,,,,,,
8,VISIT,837,Random,OnArrival,3,19,10741,Node_531,5,0,6,5,6,,,,,,,,,
8,VISIT,838,Random,OnArrival,3,19,10741,Node_531,5,0,6,5,6,,,,,,,,,
8,VISIT,839,Random,OnArrival,3,18,10741,Node_546,3,0,6,3,6,,,,,,,,,
8,VISIT,840,Random,OnArrival,3,19,10741,Node_531,5,0,6,5,6,,,,,,,,,
8,VISIT,836,Random,OnArrival,3,48,10747,Node_421,10,0,-1,10,-1,,,,,,,,,
8,VISIT,836,Random,OnArrival,3,49,10759,Node_423,10,0,-2,10,-2,,,,,,,,,
8,VISIT,837,Random,OnArrival,3,20,10765,Node_546,3,0,6,3,6,,,,,,,,,
8,VISIT,838,Random,OnArrival,3,20,10765,Node_546,3,0,6,3,6,,,,,,,,,
8,VISIT,839,Random,OnArrival,3,19,10765,Node_531,5,0,6,5,6,,,,,,,,,
8,VISIT,840,Random,OnArrival,3,20,10765,Node_546,3,0,6,3,6,,,,,,,,,
8,VISIT,836,Random,OnArrival,3,50,10770,Node_422,10,0,-3,10,-3,,,,,,,,,
8,VISIT,837,Random,OnArrival,3,21,10776,Node_567,2,0,6,2,6,,,,,,,,,
8,VISIT,839,Random,OnArrival,3,20,10776,Node_420,6,0,6,6,6,,,,,,,,,
8,VISIT,840,Random,OnArrival,3,21,10776,Node_567,2,0,6,2,6,,,,,,,,,
8,VISIT,836,Random,OnArrival,3,51,10782,Node_392,11,0,-3,11,-3,,,,,,,,,
8,VISIT,838,Random,OnArrival,3,21,10788,Node_531,5,0,6,5,6,,,,,,,,,
8,VISIT,839,Random,OnArrival,3,21,10788,Node_418,7,0,6,7,6,,,,,,,,,
8,VISIT,836,Random,OnArrival,3,52,10794,Node_390,11,0,-4,11,-4,,,,,,,,,
8,VISIT,838,Random,OnArrival,3,22,10800,Node_420,6,0,6,6,6,,,,,,,,,
8,VISIT,839,Random,OnArrival,3,22,10800,Node_406,8,0,6,8,6,,,,,,,,,
8,VISIT,836,Random,OnArrival,3,53,10806,Node_424,10,0,-4,10,-4,,,,,,,,,
8,VISIT,837,Random,OnArrival,3,22,10812,Node_572,-1,0,6,-1,6,,,,,,,,,
8,VISIT,838,Random,OnArrival,3,23,10812,Node_418,7,0,6,7,6,,,,,,,,,
8,VISIT,839,Random,OnArrival,3,23,10812,Node_405,9,0,6,9,6,,,,,,,,,
8,VISIT,840,Random,OnArrival,3,22,10812,Node_572,-1,0,6,-1,6,,,,,,,,,
8,VISIT,836,Random,OnArrival,3,54,10818,Node_425,10,0,-5,10,-5,,,,,,,,,
8,VISIT,837,Random,OnArrival,3,23,10824,Node_591,-2,0,6,-2,6,,,,,,,,,
8,VISIT,838,Random,OnArrival,3,24,10824,Node_406,8,0,6,8,6,,,,,,,,,
8,VISIT,839,Random,OnArrival,3,24,10824,Node_220,10,0,6,10,6,,,,,,,,,
8,VISIT,840,Random,OnArrival,3,23,10824,Node_591,-2,0,6,-2,6,,,,,,,,,
8,VISIT,838,Random,OnArrival,3,25,10836,Node_412,8,0,5,8,5,,,,,,,,,
8,VISIT,839,Random,OnArrival,3,25,10836,Node_405,9,0,6,9,6,,,,,,,,,
8,VISIT,836,Random,OnArrival,3,55,10841,Node_426,8,0,-5,8,-5,,,,,,,,,
8,VISIT,838,Random,OnArrival,3,26,10848,Node_404,9,0,5,9,5,,,,,,,,,
8,VISIT,839,Random,OnArrival,3,26,10848,Node_406,8,0,6,8,6,,,,,,,,,
8,VISIT,838,Random,OnArrival,3,27,10859,Node_405,9,0,6,9,6,,,,,,,,,
8,VISIT,839,Random,OnArrival,3,27,10859,Node_412,8,0,5,8,5,,,,,,,,,
8,VISIT,838,Random,OnArrival,3,28,10870,Node_406,8,0,6,8,6,,,,,,,,,
8,VISIT,839,Random,OnArrival,3,28,10870,Node_406,8,0,6,8,6,,,,,,,,,
8,VISIT,836,Random,OnArrival,3,56,10874,Node_433,5,0,-5,5,-5,,,,,,,,,
8,VISIT,838,Random,OnArrival,3,29,10880,Node_418,7,0,6,7,6,,,,,,,,,
8,VISIT,839,Random,OnArrival,3,29,10880,Node_418,7,0,6,7,6,,,,,,,,,
8,VISIT,838,Random,OnArrival,3,30,10891,Node_420,6,0,6,6,6,,,,,,,,,
8,VISIT,839,Random,OnArrival,3,30,10891,Node_420,6,0,6,6,6,,,,,,,,,
8,VISIT,841,Random,OnArrival,3,0,10891,Node_6,19,0,12,19,12,,,,,,,,,
8,VISIT,842,Random,OnArrival,3,0,10891,Node_7,19,0,8,19,8,,,,,,,,,
8,VISIT,843,Random,OnArrival,3,0,10891,Node_8,17,0,10,17,10,,,,,,,,,
8,VISIT,844,Random,OnArrival,3,0,10891,Node_9,21,0,10,21,10,,,,,,,,,
8,VISIT,838,Random,OnArrival,3,31,10895,Node_531,5,0,6,5,6,,,,,,,,,
8,VISIT,839,Random,OnArrival,3,31,10895,Node_531,5,0,6,5,6,,,,,,,,,
8,VISIT,841,Random,OnArrival,3,1,10895,Node_2,19,0,11,19,11,,,,,,,,,
8,VISIT,842,Random,OnArrival,3,1,10895,Node_11,18,0,8,18,8,,,,,,,,,
8,VISIT,843,Random,OnArrival,3,1,10895,Node_24,16,0,10,16,10,,,,,,,,,
8,VISIT,844,Random,OnArrival,3,1,10895,Node_5,20,0,10,20,10,,,,,,,,,
8,VISIT,841,Random,OnArrival,3,2,10899,Node_20,19,0,10,19,10,,,,,,,,,
8,VISIT,842,Random,OnArrival,3,2,10899,Node_51,17,0,8,17,8,,,,,,,,,
8,VISIT,843,Random,OnArrival,3,2,10899,Node_26,15,0,10,15,10,,,,,,,,,
8,VISIT,844,Random,OnArrival,3,2,10899,Node_20,19,0,10,19,10,,,,,,,,,
8,VISIT,836,Random,OnArrival,3,57,10903,Node_461,1,0,-5,1,-5,,,,,,,,,
8,VISIT,838,Random,OnArrival,3,32,10903,Node_546,3,0,6,3,6,,,,,,,,,
8,VISIT,839,Random,OnArrival,3,32,10903,Node_546,3,0,6,3,6,,,,,,,,,
8,VISIT,841,Random,OnArrival,3,3,10903,Node_4,18,0,10,18,10,,,,,,,,,
8,VISIT,842,Random,OnArrival,3,3,10903,Node_87,17,0,7,17,7,,,,,,,,,
8,VISIT,843,Random,OnArrival,3,3,10903,Node_59,14,0,10,14,10,,,,,,,,,
8,VISIT,844,Random,OnArrival,3,3,10903,Node_4,18,0,10,18,10,,,,,,,,,
8,VISIT,838,Random,OnArrival,3,33,10908,Node_567,2,0,6,2,6,,,,,,,,,
8,VISIT,839,Random,OnArrival,3,33,10908,Node_567,2,0,6,2,6,,,,,,,,,
8,VISIT,841,Random,OnArrival,3,4,10908,Node_8,17,0,10,17,10,,,,,,,,,
8,VISIT,842,Random,OnArrival,3,4,10908,Node_89,16,0,7,16,7,,,,,,,,,
8,VISIT,843,Random,OnArrival,3,4,10908,Node_90,13,0,10,13,10,,,,,,,,,
8,VISIT,844,Random,OnArrival,3,4,10908,Node_8,17,0,10,17,10,,,,,,,,,
8,VISIT,841,Random,OnArrival,3,5,10912,Node_24,16,0,10,16,10,,,,,,,,,
8,VISIT,842,Random,OnArrival,3,5,10912,Node_166,16,0,6,16,6,,,,,,,,,
8,VISIT,843,Random,OnArrival,3,5,10912,Node_136,13,0,9,13,9,,,,,,,,,
8,VISIT,844,Random,OnArrival,3,5,10912,Node_24,16,0,10,16,10,,,,,,,,,
8,VISIT,841,Random,OnArrival,3,6,10916,Node_26,15,0,10,15,10,,,,,,,,,
8,VISIT,842,Random,OnArrival,3,6,10916,Node_100,15,0,6,15,6,,,,,,,,,
8,VISIT,843,Random,OnArrival,3,6,10916,Node_144,12,0,9,12,9,,,,,,,,,
8,VISIT,844,Random,OnArrival,3,6,10916,Node_26,15,0,10,15,10,,,,,,,,,
8,VISIT,838,Random,OnArrival,3,34,10920,Node_572,-1,0,6,-1,6,,,,,,,,,
8,VISIT,839,Random,OnArrival,3,34,10920,Node_572,-1,0,6,-1,6,,,,,,,,,
8,VISIT,841,Random,OnArrival,3,7,10920,Node_59,14,0,10,14,10,,,,,,,,,
8,VISIT,842,Random,OnArrival,3,7,10920,Node_128,14,0,6,14,6,,,,,,,,,
8,VISIT,843,Random,OnArrival,3,7,10920,Node_434,11,0,9,11,9,,,,,,,,,
8,VISIT,844,Random,OnArrival,3,7,10920,Node_59,14,0,10,14,10,,,,,,,,,
8,VISIT,838,Random,OnArrival,3,35,10926,Node_574,-1,0,7,-1,7,,,,,,,,,
8,VISIT,839,Random,OnArrival,3,35,10926,Node_574,-1,0,7,-1,7,,,,,,,,,
8,VISIT,841,Random,OnArrival,3,8,10926,Node_90,13,0,10,13,10,,,,,,,,,
8,VISIT,842,Random,OnArrival,3,8,10926,Node_130,13,0,6,13,6,,,,,,,,,
8,VISIT,843,Random,OnArrival,3,8,10926,Node_435,10,0,9,10,9,,,,,,,,,
8,VISIT,844,Random,OnArrival,3,8,10926,Node_90,13,0,10,13,10,,,,,,,,,
8,VISIT,838,Random,OnArrival,3,36,10931,Node_589,-2,0,7,-2,7,,,,,,,,,
8,VISIT,839,Random,OnArrival,3,36,10931,Node_589,-2,0,7,-2,7,,,,,,,,,
8,VISIT,841,Random,OnArrival,3,9,10931,Node_136,13,0,9,13,9,,,,,,,,,
8,VISIT,842,Random,OnArrival,3,9,10931,Node_211,12,0,6,12,6,,,,,,,,,
8,VISIT,843,Random,OnArrival,3,9,10931,Node_437,10,0,10,10,10,,,,,,,,,
8,VISIT,844,Random,OnArrival,3,9,10931,Node_136,13,0,9,13,9,,,,,,,,,
8,VISIT,838,Random,OnArrival,3,37,10937,Node_591,-2,0,6,-2,6,,,,,,,,,
8,VISIT,839,Random,OnArrival,3,37,10937,Node_591,-2,0,6,-2,6,,,,,,,,,
8,VISIT,841,Random,OnArrival,3,10,10937,Node_144,12,0,9,12,9,,,,,,,,,
8,VISIT,842,Random,OnArrival,3,10,10937,Node_218,11,0,6,11,6,,,,,,,,,
8,VISIT,843,Random,OnArrival,3,10,10937,Node_453,9,0,10,9,10,,,,,,,,,
8,VISIT,844,Random,OnArrival,3,10,10937,Node_144,12,0,9,12,9,,,,,,,,,
8,VISIT,841,Random,OnArrival,3,11,10944,Node_434,11,0,9,11,9,,,,,,,,,
8,VISIT,842,Random,OnArrival,3,11,10944,Node_220,10,0,6,10,6,,,,,,,,,
8,VISIT,843,Random,OnArrival,3,11,10944,Node_473,8,0,10,8,10,,,,,,,,,
8,VISIT,844,Random,OnArrival,3,11,10944,Node_434,11,0,9,11,9,,,,,,,,,
8,VISIT,838,Random,OnArrival,3,38,10951,Node_592,-2,0,4,-2,4,,,,,,,,,
8,VISIT,839,Random,OnArrival,3,38,10951,Node_592,-2,0,4,-2,4,,,,,,,,,
8,VISIT,841,Random,OnArrival,3,12,10951,Node_435,10,0,9,10,9,,,,,,,,,
8,VISIT,842,Random,OnArrival,3,12,10951,Node_405,9,0,6,9,6,,,,,,,,,
8,VISIT,844,Random,OnArrival,3,12,10951,Node_435,10,0,9,10,9,,,,,,,,,
8,VISIT,838,Random,OnArrival,3,39,10959,Node_471,-1,0,4,-1,4,,,,,,,,,
8,VISIT,839,Random,OnArrival,3,39,10959,Node_471,-1,0,4,-1,4,,,,,,,,,
8,VISIT,841,Random,OnArrival,3,13,10959,Node_437,10,0,10,10,10,,,,,,,,,
8,VISIT,842,Random,OnArrival,3,13,10959,Node_406,8,0,6,8,6,,,,,,,,,
8,VISIT,843,Random,OnArrival,3,12,10959,Node_474,6,0,10,6,10,,,,,,,,,
8,VISIT,844,Random,OnArrival,3,13,10959,Node_437,10,0,10,10,10,,,,,,,,,
8,VISIT,838,Random,OnArrival,3,40,10967,Node_592,-2,0,4,-2,4,,,,,,,,,
8,VISIT,839,Random,OnArrival,3,40,10967,Node_592,-2,0,4,-2,4,,,,,,,,,
8,VISIT,841,Random,OnArrival,3,14,10967,Node_453,9,0,10,9,10,,,,,,,,,
8,VISIT,842,Random,OnArrival,3,14,10967,Node_418,7,0,6,7,6,,,,,,,,,
8,VISIT,843,Random,OnArrival,3,13,10967,Node_486,6,0,9,6,9,,,,,,,,,
8,VISIT,844,Random,OnArrival,3,14,10967,Node_453,9,0,10,9,10,,,,,,,,,
8,VISIT,841,Random,OnArrival,3,15,10975,Node_473,8,0,10,8,10,,,,,,,,,
8,VISIT,842,Random,OnArrival,3,15,10975,Node_420,6,0,6,6,6,,,,,,,,,
8,VISIT,843,Random,OnArrival,3,14,10975,Node_488,5,0,9,5,9,,,,,,,,,
8,VISIT,844,Random,OnArrival,3,15,10975,Node_473,8,0,10,8,10,,,,,,,,,
8,VISIT,836,Random,OnArrival,3,58,10983,Node_593,-3,0,4,-3,4,,,,,,,,,
8,VISIT,838,Random,OnArrival,3,41,10983,Node_591,-2,0,6,-2,6,,,,,,,,,
8,VISIT,839,Random,OnArrival,3,41,10983,Node_591,-2,0,6,-2,6,,,,,,,,,
8,VISIT,842,Random,OnArrival,3,16,10983,Node_531,5,0,6,5,6,,,,,,,,,
8,VISIT,841,Random,OnArrival,3,16,10994,Node_474,6,0,10,6,10,,,,,,,,,
8,VISIT,844,Random,OnArrival,3,16,10994,Node_474,6,0,10,6,10,,,,,,,,,
8,VISIT,838,Random,OnArrival,3,42,11004,Node_597,-4,0,6,-4,6,,,,,,,,,
8,VISIT,839,Random,OnArrival,3,42,11004,Node_597,-4,0,6,-4,6,,,,,,,,,
8,VISIT,841,Random,OnArrival,3,17,11004,Node_486,6,0,9,6,9,,,,,,,,,
8,VISIT,842,Random,OnArrival,3,17,11004,Node_546,3,0,6,3,6,,,,,,,,,
8,VISIT,843,Random,OnArrival,3,15,11004,Node_531,5,0,6,5,6,,,,,,,,,
8,VISIT,844,Random,OnArrival,3,17,11004,Node_486,6,0,9,6,9,,,,,,,,,
8,VISIT,838,Random,OnArrival,3,43,11014,Node_609,-5,0,6,-5,6,,,,,,,,,
8,VISIT,839,Random,OnArrival,3,43,11014,Node_609,-5,0,6,-5,6,,,,,,,,,
8,VISIT,841,Random,OnArrival,3,18,11014,Node_488,5,0,9,5,9,,,,,,,,,
8,VISIT,842,Random,OnArrival,3,18,11014,Node_567,2,0,6,2,6,,,,,,,,,
8,VISIT,844,Random,OnArrival,3,18,11014,Node_488,5,0,9,5,9,,,,,,,,,
8,VISIT,838,Random,OnArrival,3,44,11024,Node_611,-6,0,6,-6,6,,,,,,,,,
8,VISIT,839,Random,OnArrival,3,44,11024,Node_608,-5,0,7,-5,7,,,,,,,,,
8,VISIT,843,Random,OnArrival,3,16,11024,Node_546,3,0,6,3,6,,,,,,,,,
8,VISIT,839,Random,OnArrival,3,45,11034,Node_613,-6,0,7,-6,7,,,,,,,,,
8,VISIT,843,Random,OnArrival,3,17,11034,Node_567,2,0,6,2,6,,,,,,,,,
8,VISIT,836,Random,OnArrival,3,59,11045,Node_625,-7,0,6,-7,6,,,,,,,,,
8,VISIT,838,Random,OnArrival,3,45,11045,Node_614,-7,0,7,-7,7,,,,,,,,,
8,VISIT,839,Random,OnArrival,3,46,11045,Node_608,-5,0,7,-5,7,,,,,,,,,
8,VISIT,841,Random,OnArrival,3,19,11045,Node_531,5,0,6,5,6,,,,,,,,,
8,VISIT,842,Random,OnArrival,3,19,11045,Node_572,-1,0,6,-1,6,,,,,,,,,
8,VISIT,844,Random,OnArrival,3,19,11045,Node_531,5,0,6,5,6,,,,,,,,,
8,VISIT,836,Random,OnArrival,3,60,11056,Node_614,-7,0,7,-7,7,,,,,,,,,
8,VISIT,838,Random,OnArrival,3,46,11056,Node_613,-6,0,7,-6,7,,,,,,,,,
8,VISIT,839,Random,OnArrival,3,47,11056,Node_598,-4,0,7,-4,7,,,,,,,,,
8,VISIT,842,Random,OnArrival,3,20,11056,Node_591,-2,0,6,-2,6,,,,,,,,,
8,VISIT,836,Random,OnArrival,3,61,11067,Node_615,-7,0,8,-7,8,,,,,,,,,
8,VISIT,838,Random,OnArrival,3,47,11067,Node_608,-5,0,7,-5,7,,,,,,,,,
8,VISIT,839,Random,OnArrival,3,48,11067,Node_599,-4,0,8,-4,8,,,,,,,,,
8,VISIT,841,Random,OnArrival,3,20,11067,Node_546,3,0,6,3,6,,,,,,,,,
8,VISIT,843,Random,OnArrival,3,18,11067,Node_572,-1,0,6,-1,6,,,,,,,,,
8,VISIT,844,Random,OnArrival,3,20,11067,Node_546,3,0,6,3,6,,,,,,,,,
8,VISIT,838,Random,OnArrival,3,48,11078,Node_606,-5,0,8,-5,8,,,,,,,,,
8,VISIT,839,Random,OnArrival,3,49,11078,Node_606,-5,0,8,-5,8,,,,,,,,,
8,VISIT,841,Random,OnArrival,3,21,11078,Node_567,2,0,6,2,6,,,,,,,,,
8,VISIT,842,Random,OnArrival,3,21,11078,Node_597,-4,0,6,-4,6,,,,,,,,,
8,VISIT,843,Random,OnArrival,3,19,11078,Node_591,-2,0,6,-2,6,,,,,,,,,
8,VISIT,844,Random,OnArrival,3,21,11078,Node_567,2,0,6,2,6,,,,,,,,,
8,VISIT,838,Random,OnArrival,3,49,11089,Node_599,-4,0,8,-4,8,,,,,,,,,
8,VISIT,839,Random,OnArrival,3,50,11089,Node_599,-4,0,8,-4,8,,,,,,,,,
8,VISIT,836,Random,OnArrival,3,62,11101,Node_619,-10,0,8,-10,8,,,,,,,,,
8,VISIT,838,Random,OnArrival,3,50,11101,Node_600,-4,0,9,-4,9,,,,,,,,,
8,VISIT,839,Random,OnArrival,3,51,11101,Node_600,-4,0,9,-4,9,,,,,,,,,
8,VISIT,842,Random,OnArrival,3,22,11101,Node_591,-2,0,6,-2,6,,,,,,,,,
8,VISIT,843,Random,OnArrival,3,20,11101,Node_597,-4,0,6,-4,6,,,,,,,,,
8,VISIT,838,Random,OnArrival,3,51,11113,Node_605,-5,0,9,-5,9,,,,,,,,,
8,VISIT,839,Random,OnArrival,3,52,11113,Node_605,-5,0,9,-5,9,,,,,,,,,
8,VISIT,841,Random,OnArrival,3,22,11113,Node_572,-1,0,6,-1,6,,,,,,,,,
8,VISIT,843,Random,OnArrival,3,21,11113,Node_598,-4,0,7,-4,7,,,,,,,,,
8,VISIT,844,Random,OnArrival,3,22,11113,Node_572,-1,0,6,-1,6,,,,,,,,,
8,VISIT,838,Random,OnArrival,3,52,11125,Node_600,-4,0,9,-4,9,,,,,,,,,
8,VISIT,839,Random,OnArrival,3,53,11125,Node_604,-5,0,10,-5,10,,,,,,,,,
8,VISIT,841,Random,OnArrival,3,23,11125,Node_591,-2,0,6,-2,6,,,,,,,,,
8,VISIT,842,Random,OnArrival,3,23,11125,Node_592,-2,0,4,-2,4,,,,,,,,,
8,VISIT,843,Random,OnArrival,3,22,11125,Node_599,-4,0,8,-4,8,,,,,,,,,
8,VISIT,844,Random,OnArrival,3,23,11125,Node_591,-2,0,6,-2,6,,,,,,,,,
8,VISIT,838,Random,OnArrival,3,53,11135,Node_601,-4,0,10,-4,10,,,,,,,,,
8,VISIT,842,Random,OnArrival,3,24,11135,Node_593,-3,0,4,-3,4,,,,,,,,,
8,VISIT,843,Random,OnArrival,3,23,11135,Node_600,-4,0,9,-4,9,,,,,,,,,
8,VISIT,838,Random,OnArrival,3,54,11146,Node_604,-5,0,10,-5,10,,,,,,,,,
8,VISIT,841,Random,OnArrival,3,24,11146,Node_592,-2,0,4,-2,4,,,,,,,,,
8,VISIT,843,Random,OnArrival,3,24,11146,Node_601,-4,0,10,-4,10,,,,,,,,,
8,VISIT,844,Random,OnArrival,3,24,11146,Node_592,-2,0,4,-2,4,,,,,,,,,
8,VISIT,838,Random,OnArrival,3,55,11157,Node_627,-6,0,10,-6,10,,,,,,,,,
8,VISIT,841,Random,OnArrival,3,25,11157,Node_593,-3,0,4,-3,4,,,,,,,,,
8,VISIT,842,Random,OnArrival,3,25,11157,Node_618,-3,0,2,-3,2,,,,,,,,,
8,VISIT,844,Random,OnArrival,3,25,11157,Node_593,-3,0,4,-3,4,,,,,,,,,
8,VISIT,843,Random,OnArrival,3,25,11179,Node_575,-3,0,12,-3,12,,,,,,,,,
8,VISIT,844,Random,OnArrival,3,26,11179,Node_618,-3,0,2,-3,2,,,,,,,,,
8,VISIT,845,Random,OnArrival,3,0,11184,Node_6,19,0,12,19,12,,,,,,,,,
8,VISIT,846,Random,OnArrival,3,0,11184,Node_7,19,0,8,19,8,,,,,,,,,
8,VISIT,847,Random,OnArrival,3,0,11184,Node_8,17,0,10,17,10,,,,,,,,,
8,VISIT,848,Random,OnArrival,3,0,11184,Node_9,21,0,10,21,10,,,,,,,,,
8,VISIT,845,Random,OnArrival,3,1,11188,Node_2,19,0,11,19,11,,,,,,,,,
8,VISIT,846,Random,OnArrival,3,1,11188,Node_11,18,0,8,18,8,,,,,,,,,
8,VISIT,847,Random,OnArrival,3,1,11188,Node_24,16,0,10,16,10,,,,,,,,,
8,VISIT,848,Random,OnArrival,3,1,11188,Node_5,20,0,10,20,10,,,,,,,,,
8,VISIT,841,Random,OnArrival,3,26,11192,Node_622,-7,0,4,-7,4,,,,,,,,,
8,VISIT,843,Random,OnArrival,3,26,11192,Node_578,-3,0,14,-3,14,,,,,,,,,
8,VISIT,845,Random,OnArrival,3,2,11192,Node_20,19,0,10,19,10,,,,,,,,,
8,VISIT,846,Random,OnArrival,3,2,11192,Node_51,17,0,8,17,8,,,,,,,,,
8,VISIT,847,Random,OnArrival,3,2,11192,Node_26,15,0,10,15,10,,,,,,,,,
8,VISIT,848,Random,OnArrival,3,2,11192,Node_20,19,0,10,19,10,,,,,,,,,
8,VISIT,844,Random,OnArrival,3,27,11196,Node_638,-6,0,2,-6,2,,,,,,,,,
8,VISIT,845,Random,OnArrival,3,3,11196,Node_4,18,0,10,18,10,,,,,,,,,
8,VISIT,846,Random,OnArrival,3,3,11196,Node_87,17,0,7,17,7,,,,,,,,,
8,VISIT,847,Random,OnArrival,3,3,11196,Node_59,14,0,10,14,10,,,,,,,,,
8,VISIT,848,Random,OnArrival,3,3,11196,Node_4,18,0,10,18,10,,,,,,,,,
8,VISIT,838,Random,OnArrival,3,56,11200,Node_640,-7,0,15,-7,15,,,,,,,,,
8,VISIT,845,Random,OnArrival,3,4,11200,Node_8,17,0,10,17,10,,,,,,,,,
8,VISIT,846,Random,OnArrival,3,4,11200,Node_89,16,0,7,16,7,,,,,,,,,
8,VISIT,847,Random,OnArrival,3,4,11200,Node_90,13,0,10,13,10,,,,,,,,,
8,VISIT,848,Random,OnArrival,3,4,11200,Node_8,17,0,10,17,10,,,,,,,,,
8,VISIT,843,Random,OnArrival,3,27,11204,Node_579,-3,0,15,-3,15,,,,,,,,,
8,VISIT,845,Random,OnArrival,3,5,11204,Node_24,16,0,10,16,10,,,,,,,,,
8,VISIT,846,Random,OnArrival,3,5,11204,Node_166,16,0,6,16,6,,,,,,,,,
8,VISIT,847,Random,OnArrival,3,5,11204,Node_136,13,0,9,13,9,,,,,,,,,
8,VISIT,848,Random,OnArrival,3,5,11204,Node_24,16,0,10,16,10,,,,,,,,,
8,VISIT,838,Random,OnArrival,3,57,11208,Node_644,-8,0,14,-8,14,,,,,,,,,
8,VISIT,845,Random,OnArrival,3,6,11208,Node_26,15,0,10,15,10,,,,,,,,,
8,VISIT,846,Random,OnArrival,3,6,11208,Node_100,15,0,6,15,6,,,,,,,,,
8,VISIT,847,Random,OnArrival,3,6,11208,Node_144,12,0,9,12,9,,,,,,,,,
8,VISIT,848,Random,OnArrival,3,6,11208,Node_26,15,0,10,15,10,,,,,,,,,
8,VISIT,845,Random,OnArrival,3,7,11212,Node_59,14,0,10,14,10,,,,,,,,,
8,VISIT,846,Random,OnArrival,3,7,11212,Node_128,14,0,6,14,6,,,,,,,,,
8,VISIT,847,Random,OnArrival,3,7,11212,Node_434,11,0,9,11,9,,,,,,,,,
8,VISIT,848,Random,OnArrival,3,7,11212,Node_59,14,0,10,14,10,,,,,,,,,
8,VISIT,838,Random,OnArrival,3,58,11216,Node_650,-9,0,15,-9,15,,,,,,,,,
8,VISIT,843,Random,OnArrival,3,28,11216,Node_584,-4,0,17,-4,17,,,,,,,,,
8,VISIT,845,Random,OnArrival,3,8,11216,Node_90,13,0,10,13,10,,,,,,,,,
8,VISIT,846,Random,OnArrival,3,8,11216,Node_130,13,0,6,13,6,,,,,,,,,
8,VISIT,847,Random,OnArrival,3,8,11216,Node_435,10,0,9,10,9,,,,,,,,,
8,VISIT,848,Random,OnArrival,3,8,11216,Node_90,13,0,10,13,10,,,,,,,,,
8,VISIT,845,Random,OnArrival,3,9,11220,Node_136,13,0,9,13,9,,,,,,,,,
8,VISIT,846,Random,OnArrival,3,9,11220,Node_211,12,0,6,12,6,,,,,,,,,
8,VISIT,847,Random,OnArrival,3,9,11220,Node_437,10,0,10,10,10,,,,,,,,,
8,VISIT,848,Random,OnArrival,3,9,11220,Node_136,13,0,9,13,9,,,,,,,,,
8,VISIT,845,Random,OnArrival,3,10,11224,Node_144,12,0,9,12,9,,,,,,,,,
8,VISIT,846,Random,OnArrival,3,10,11224,Node_218,11,0,6,11,6,,,,,,,,,
8,VISIT,847,Random,OnArrival,3,10,11224,Node_453,9,0,10,9,10,,,,,,,,,
8,VISIT,848,Random,OnArrival,3,10,11224,Node_144,12,0,9,12,9,,,,,,,,,
8,VISIT,841,Random,OnArrival,3,27,11228,Node_655,-10,0,2,-10,2,,,,,,,,,
8,VISIT,844,Random,OnArrival,3,28,11228,Node_655,-10,0,2,-10,2,,,,,,,,,
8,VISIT,845,Random,OnArrival,3,11,11228,Node_434,11,0,9,11,9,,,,,,,,,
8,VISIT,846,Random,OnArrival,3,11,11228,Node_220,10,0,6,10,6,,,,,,,,,
8,VISIT,847,Random,OnArrival,3,11,11228,Node_473,8,0,10,8,10,,,,,,,,,
8,VISIT,848,Random,OnArrival,3,11,11228,Node_434,11,0,9,11,9,,,,,,,,,
8,VISIT,845,Random,OnArrival,3,12,11232,Node_435,10,0,9,10,9,,,,,,,,,
8,VISIT,846,Random,OnArrival,3,12,11232,Node_405,9,0,6,9,6,,,,,,,,,
8,VISIT,848,Random,OnArrival,3,12,11232,Node_435,10,0,9,10,9,,,,,,,,,
8,VISIT,842,Random,OnArrival,3,26,11238,Node_655,-10,0,2,-10,2,,,,,,,,,
8,VISIT,845,Random,OnArrival,3,13,11238,Node_437,10,0,10,10,10,,,,,,,,,
8,VISIT,846,Random,OnArrival,3,13,11238,Node_406,8,0,6,8,6,,,,,,,,,
8,VISIT,847,Random,OnArrival,3,12,11238,Node_474,6,0,10,6,10,,,,,,,,,
8,VISIT,848,Random,OnArrival,3,13,11238,Node_437,10,0,10,10,10,,,,,,,,,
8,VISIT,841,Random,OnArrival,3,28,11243,Node_663,-10,0,-1,-10,-1,,,,,,,,,
8,VISIT,844,Random,OnArrival,3,29,11243,Node_663,-10,0,-1,-10,-1,,,,,,,,,
8,VISIT,845,Random,OnArrival,3,14,11243,Node_453,9,0,10,9,10,,,,,,,,,
8,VISIT,846,Random,OnArrival,3,14,11243,Node_418,7,0,6,7,6,,,,,,,,,
8,VISIT,847,Random,OnArrival,3,13,11243,Node_486,6,0,9,6,9,,,,,,,,,
8,VISIT,848,Random,OnArrival,3,14,11243,Node_453,9,0,10,9,10,,,,,,,,,
8,VISIT,845,Random,OnArrival,3,15,11249,Node_473,8,0,10,8,10,,,,,,,,,
8,VISIT,846,Random,OnArrival,3,15,11249,Node_420,6,0,6,6,6,,,,,,,,,
8,VISIT,847,Random,OnArrival,3,14,11249,Node_488,5,0,9,5,9,,,,,,,,,
8,VISIT,848,Random,OnArrival,3,15,11249,Node_473,8,0,10,8,10,,,,,,,,,
8,VISIT,842,Random,OnArrival,3,27,11255,Node_645,-7,0,2,-7,2,,,,,,,,,
8,VISIT,846,Random,OnArrival,3,16,11255,Node_531,5,0,6,5,6,,,,,,,,,
8,VISIT,842,Random,OnArrival,3,28,11265,Node_638,-6,0,2,-6,2,,,,,,,,,
8,VISIT,845,Random,OnArrival,3,16,11265,Node_474,6,0,10,6,10,,,,,,,,,
8,VISIT,848,Random,OnArrival,3,16,11265,Node_474,6,0,10,6,10,,,,,,,,,
8,VISIT,845,Random,OnArrival,3,17,11274,Node_486,6,0,9,6,9,,,,,,,,,
8,VISIT,846,Random,OnArrival,3,17,11274,Node_546,3,0,6,3,6,,,,,,,,,
8,VISIT,847,Random,OnArrival,3,15,11274,Node_531,5,0,6,5,6,,,,,,,,,
8,VISIT,848,Random,OnArrival,3,17,11274,Node_486,6,0,9,6,9,,,,,,,,,
8,VISIT,842,Random,OnArrival,3,29,11281,Node_642,-6,0,0,-6,0,,,,,,,,,
8,VISIT,845,Random,OnArrival,3,18,11281,Node_488,5,0,9,5,9,,,,,,,,,
8,VISIT,846,Random,OnArrival,3,18,11281,Node_567,2,0,6,2,6,,,,,,,,,
8,VISIT,848,Random,OnArrival,3,18,11281,Node_488,5,0,9,5,9,,,,,,,,,
8,VISIT,847,Random,OnArrival,3,16,11289,Node_546,3,0,6,3,6,,,,,,,,,
8,VISIT,847,Random,OnArrival,3,17,11299,Node_567,2,0,6,2,6,,,,,,,,,
8,VISIT,845,Random,OnArrival,3,19,11310,Node_531,5,0,6,5,6,,,,,,,,,
8,VISIT,846,Random,OnArrival,3,19,11310,Node_572,-1,0,6,-1,6,,,,,,,,,
8,VISIT,848,Random,OnArrival,3,19,11310,Node_531,5,0,6,5,6,,,,,,,,,
8,VISIT,846,Random,OnArrival,3,20,11319,Node_591,-2,0,6,-2,6,,,,,,,,,
8,VISIT,845,Random,OnArrival,3,20,11330,Node_546,3,0,6,3,6,,,,,,,,,
8,VISIT,847,Random,OnArrival,3,18,11330,Node_572,-1,0,6,-1,6,,,,,,,,,
8,VISIT,848,Random,OnArrival,3,20,11330,Node_546,3,0,6,3,6,,,,,,,,,
8,VISIT,841,Random,OnArrival,3,29,11339,Node_670,-5,0,-3,-5,-3,,,,,,,,,
8,VISIT,844,Random,OnArrival,3,30,11339,Node_670,-5,0,-3,-5,-3,,,,,,,,,
8,VISIT,845,Random,OnArrival,3,21,11339,Node_567,2,0,6,2,6,,,,,,,,,
8,VISIT,846,Random,OnArrival,3,21,11339,Node_592,-2,0,4,-2,4,,,,,,,,,
8,VISIT,847,Random,OnArrival,3,19,11339,Node_591,-2,0,6,-2,6,,,,,,,,,
8,VISIT,848,Random,OnArrival,3,21,11339,Node_567,2,0,6,2,6,,,,,,,,,
8,VISIT,846,Random,OnArrival,3,22,11349,Node_593,-3,0,4,-3,4,,,,,,,,,
8,VISIT,841,Random,OnArrival,3,30,11361,Node_612,-3,0,-3,-3,-3,,,,,,,,,
8,VISIT,844,Random,OnArrival,3,31,11361,Node_612,-3,0,-3,-3,-3,,,,,,,,,
8,VISIT,847,Random,OnArrival,3,20,11361,Node_597,-4,0,6,-4,6,,,,,,,,,
8,VISIT,844,Random,OnArrival,3,32,11372,Node_610,-2,0,-3,-2,-3,,,,,,,,,
8,VISIT,845,Random,OnArrival,3,22,11372,Node_572,-1,0,6,-1,6,,,,,,,,,
8,VISIT,847,Random,OnArrival,3,21,11372,Node_609,-5,0,6,-5,6,,,,,,,,,
8,VISIT,848,Random,OnArrival,3,22,11372,Node_572,-1,0,6,-1,6,,,,,,,,,
8,VISIT,845,Random,OnArrival,3,23,11382,Node_591,-2,0,6,-2,6,,,,,,,,,
8,VISIT,847,Random,OnArrival,3,22,11382,Node_611,-6,0,6,-6,6,,,,,,,,,
8,VISIT,848,Random,OnArrival,3,23,11382,Node_591,-2,0,6,-2,6,,,,,,,,,
8,VISIT,841,Random,OnArrival,3,31,11393,Node_616,-3,0,0,-3,0,,,,,,,,,
8,VISIT,846,Random,OnArrival,3,23,11393,Node_622,-7,0,4,-7,4,,,,,,,,,
8,VISIT,847,Random,OnArrival,3,23,11393,Node_625,-7,0,6,-7,6,,,,,,,,,
8,VISIT,849,Random,OnArrival,3,0,11393,Node_6,19,0,12,19,12,,,,,,,,,
8,VISIT,850,Random,OnArrival,3,0,11393,Node_7,19,0,8,19,8,,,,,,,,,
8,VISIT,851,Random,OnArrival,3,0,11393,Node_8,17,0,10,17,10,,,,,,,,,
8,VISIT,852,Random,OnArrival,3,0,11393,Node_9,21,0,10,21,10,,,,,,,,,
8,VISIT,844,Random,OnArrival,3,33,11397,Node_465,0,0,-2,0,-2,,,,,,,,,
8,VISIT,845,Random,OnArrival,3,24,11397,Node_592,-2,0,4,-2,4,,,,,,,,,
8,VISIT,846,Random,OnArrival,3,24,11397,Node_624,-7,0,5,-7,5,,,,,,,,,
8,VISIT,848,Random,OnArrival,3,24,11397,Node_592,-2,0,4,-2,4,,,,,,,,,
8,VISIT,849,Random,OnArrival,3,1,11397,Node_2,19,0,11,19,11,,,,,,,,,
8,VISIT,850,Random,OnArrival,3,1,11397,Node_11,18,0,8,18,8,,,,,,,,,
8,VISIT,851,Random,OnArrival,3,1,11397,Node_23,17,0,9,17,9,,,,,,,,,
8,VISIT,852,Random,OnArrival,3,1,11397,Node_5,20,0,10,20,10,,,,,,,,,
8,VISIT,841,Random,OnArrival,3,32,11401,Node_668,-5,0,0,-5,0,,,,,,,,,
8,VISIT,845,Random,OnArrival,3,25,11401,Node_593,-3,0,4,-3,4,,,,,,,,,
8,VISIT,848,Random,OnArrival,3,25,11401,Node_593,-3,0,4,-3,4,,,,,,,,,
8,VISIT,849,Random,OnArrival,3,2,11401,Node_20,19,0,10,19,10,,,,,,,,,
8,VISIT,850,Random,OnArrival,3,2,11401,Node_51,17,0,8,17,8,,,,,,,,,
8,VISIT,851,Random,OnArrival,3,2,11401,Node_51,17,0,8,17,8,,,,,,,,,
8,VISIT,852,Random,OnArrival,3,2,11401,Node_20,19,0,10,19,10,,,,,,,,,
8,VISIT,841,Random,OnArrival,3,33,11405,Node_642,-6,0,0,-6,0,,,,,,,,,
8,VISIT,844,Random,OnArrival,3,34,11405,Node_466,0,0,0,0,0,,,,,,,,,
8,VISIT,846,Random,OnArrival,3,25,11405,Node_674,-8,0,6,-8,6,,,,,,,,,
8,VISIT,849,Random,OnArrival,3,3,11405,Node_4,18,0,10,18,10,,,,,,,,,
8,VISIT,850,Random,OnArrival,3,3,11405,Node_87,17,0,7,17,7,,,,,,,,,
8,VISIT,851,Random,OnArrival,3,3,11405,Node_87,17,0,7,17,7,,,,,,,,,
8,VISIT,852,Random,OnArrival,3,3,11405,Node_4,18,0,10,18,10,,,,,,,,,
8,VISIT,841,Random,OnArrival,3,34,11409,Node_646,-7,0,0,-7,0,,,,,,,,,
8,VISIT,844,Random,OnArrival,3,35,11409,Node_467,0,0,1,0,1,,,,,,,,,
8,VISIT,845,Random,OnArrival,3,26,11409,Node_618,-3,0,2,-3,2,,,,,,,,,
8,VISIT,849,Random,OnArrival,3,4,11409,Node_8,17,0,10,17,10,,,,,,,,,
8,VISIT,850,Random,OnArrival,3,4,11409,Node_89,16,0,7,16,7,,,,,,,,,
8,VISIT,851,Random,OnArrival,3,4,11409,Node_89,16,0,7,16,7,,,,,,,,,
8,VISIT,852,Random,OnArrival,3,4,11409,Node_8,17,0,10,17,10,,,,,,,,,
8,VISIT,841,Random,OnArrival,3,35,11414,Node_649,-7,0,-1,-7,-1,,,,,,,,,
8,VISIT,844,Random,OnArrival,3,36,11414,Node_468,-1,0,1,-1,1,,,,,,,,,
8,VISIT,845,Random,OnArrival,3,27,11414,Node_617,-3,0,1,-3,1,,,,,,,,,
8,VISIT,846,Random,OnArrival,3,26,11414,Node_676,-9,0,5,-9,5,,,,,,,,,
8,VISIT,847,Random,OnArrival,3,24,11414,Node_626,-10,0,6,-10,6,,,,,,,,,
8,VISIT,849,Random,OnArrival,3,5,11414,Node_23,17,0,9,17,9,,,,,,,,,
8,VISIT,850,Random,OnArrival,3,5,11414,Node_166,16,0,6,16,6,,,,,,,,,
8,VISIT,851,Random,OnArrival,3,5,11414,Node_166,16,0,6,16,6,,,,,,,,,
8,VISIT,852,Random,OnArrival,3,5,11414,Node_23,17,0,9,17,9,,,,,,,,,
8,VISIT,841,Random,OnArrival,3,36,11419,Node_658,-8,0,-1,-8,-1,,,,,,,,,
8,VISIT,846,Random,OnArrival,3,27,11419,Node_677,-9,0,6,-9,6,,,,,,,,,
8,VISIT,848,Random,OnArrival,3,26,11419,Node_622,-7,0,4,-7,4,,,,,,,,,
8,VISIT,849,Random,OnArrival,3,6,11419,Node_51,17,0,8,17,8,,,,,,,,,
8,VISIT,850,Random,OnArrival,3,6,11419,Node_100,15,0,6,15,6,,,,,,,,,
8,VISIT,851,Random,OnArrival,3,6,11419,Node_100,15,0,6,15,6,,,,,,,,,
8,VISIT,852,Random,OnArrival,3,6,11419,Node_51,17,0,8,17,8,,,,,,,,,
8,VISIT,841,Random,OnArrival,3,37,11425,Node_656,-8,0,-2,-8,-2,,,,,,,,,
8,VISIT,844,Random,OnArrival,3,37,11425,Node_617,-3,0,1,-3,1,,,,,,,,,
8,VISIT,845,Random,OnArrival,3,28,11425,Node_468,-1,0,1,-1,1,,,,,,,,,
8,VISIT,846,Random,OnArrival,3,28,11425,Node_626,-10,0,6,-10,6,,,,,,,,,
8,VISIT,847,Random,OnArrival,3,25,11425,Node_619,-10,0,8,-10,8,,,,,,,,,
8,VISIT,848,Random,OnArrival,3,27,11425,Node_624,-7,0,5,-7,5,,,,,,,,,
8,VISIT,849,Random,OnArrival,3,7,11425,Node_87,17,0,7,17,7,,,,,,,,,
8,VISIT,850,Random,OnArrival,3,7,11425,Node_128,14,0,6,14,6,,,,,,,,,
8,VISIT,851,Random,OnArrival,3,7,11425,Node_128,14,0,6,14,6,,,,,,,,,
8,VISIT,852,Random,OnArrival,3,7,11425,Node_87,17,0,7,17,7,,,,,,,,,
8,VISIT,844,Random,OnArrival,3,38,11429,Node_618,-3,0,2,-3,2,,,,,,,,,
8,VISIT,845,Random,OnArrival,3,29,11429,Node_467,0,0,1,0,1,,,,,,,,,
8,VISIT,848,Random,OnArrival,3,28,11429,Node_625,-7,0,6,-7,6,,,,,,,,,
8,VISIT,849,Random,OnArrival,3,8,11429,Node_89,16,0,7,16,7,,,,,,,,,
8,VISIT,850,Random,OnArrival,3,8,11429,Node_130,13,0,6,13,6,,,,,,,,,
8,VISIT,851,Random,OnArrival,3,8,11429,Node_130,13,0,6,13,6,,,,,,,,,
8,VISIT,852,Random,OnArrival,3,8,11429,Node_89,16,0,7,16,7,,,,,,,,,
8,VISIT,841,Random,OnArrival,3,38,11433,Node_656,-8,0,-2,-8,-2,,,,,,,,,
8,VISIT,845,Random,OnArrival,3,30,11433,Node_466,0,0,0,0,0,,,,,,,,,
8,VISIT,846,Random,OnArrival,3,29,11433,Node_619,-10,0,8,-10,8,,,,,,,,,
8,VISIT,847,Random,OnArrival,3,26,11433,Node_620,-10,0,10,-10,10,,,,,,,,,
8,VISIT,848,Random,OnArrival,3,29,11433,Node_614,-7,0,7,-7,7,,,,,,,,,
8,VISIT,849,Random,OnArrival,3,9,11433,Node_166,16,0,6,16,6,,,,,,,,,
8,VISIT,850,Random,OnArrival,3,9,11433,Node_403,13,0,5,13,5,,,,,,,,,
8,VISIT,851,Random,OnArrival,3,9,11433,Node_403,13,0,5,13,5,,,,,,,,,
8,VISIT,852,Random,OnArrival,3,9,11433,Node_166,16,0,6,16,6,,,,,,,,,
8,VISIT,841,Random,OnArrival,3,39,11439,Node_658,-8,0,-1,-8,-1,,,,,,,,,
8,VISIT,844,Random,OnArrival,3,39,11439,Node_593,-3,0,4,-3,4,,,,,,,,,
8,VISIT,848,Random,OnArrival,3,30,11439,Node_615,-7,0,8,-7,8,,,,,,,,,
8,VISIT,849,Random,OnArrival,3,10,11439,Node_100,15,0,6,15,6,,,,,,,,,
8,VISIT,850,Random,OnArrival,3,10,11439,Node_212,12,0,5,12,5,,,,,,,,,
8,VISIT,851,Random,OnArrival,3,10,11439,Node_212,12,0,5,12,5,,,,,,,,,
8,VISIT,852,Random,OnArrival,3,10,11439,Node_100,15,0,6,15,6,,,,,,,,,
8,VISIT,844,Random,OnArrival,3,40,11445,Node_592,-2,0,4,-2,4,,,,,,,,,
8,VISIT,846,Random,OnArrival,3,30,11445,Node_620,-10,0,10,-10,10,,,,,,,,,
8,VISIT,849,Random,OnArrival,3,11,11445,Node_128,14,0,6,14,6,,,,,,,,,
8,VISIT,850,Random,OnArrival,3,11,11445,Node_215,11,0,5,11,5,,,,,,,,,
8,VISIT,851,Random,OnArrival,3,11,11445,Node_215,11,0,5,11,5,,,,,,,,,
8,VISIT,852,Random,OnArrival,3,11,11445,Node_128,14,0,6,14,6,,,,,,,,,
8,VISIT,841,Random,OnArrival,3,40,11452,Node_663,-10,0,-1,-10,-1,,,,,,,,,
8,VISIT,845,Random,OnArrival,3,31,11452,Node_445,3,0,0,3,0,,,,,,,,,
8,VISIT,846,Random,OnArrival,3,31,11452,Node_621,-10,0,11,-10,11,,,,,,,,,
8,VISIT,847,Random,OnArrival,3,27,11452,Node_621,-10,0,11,-10,11,,,,,,,,,
8,VISIT,849,Random,OnArrival,3,12,11452,Node_130,13,0,6,13,6,,,,,,,,,
8,VISIT,850,Random,OnArrival,3,12,11452,Node_222,10,0,5,10,5,,,,,,,,,
8,VISIT,851,Random,OnArrival,3,12,11452,Node_222,10,0,5,10,5,,,,,,,,,
8,VISIT,852,Random,OnArrival,3,12,11452,Node_130,13,0,6,13,6,,,,,,,,,
8,VISIT,844,Random,OnArrival,3,41,11460,Node_591,-2,0,6,-2,6,,,,,,,,,
8,VISIT,846,Random,OnArrival,3,32,11460,Node_680,-9,0,11,-9,11,,,,,,,,,
8,VISIT,847,Random,OnArrival,3,28,11460,Node_620,-10,0,10,-10,10,,,,,,,,,
8,VISIT,848,Random,OnArrival,3,31,11460,Node_619,-10,0,8,-10,8,,,,,,,,,
8,VISIT,849,Random,OnArrival,3,13,11460,Node_403,13,0,5,13,5,,,,,,,,,
8,VISIT,850,Random,OnArrival,3,13,11460,Node_404,9,0,5,9,5,,,,,,,,,
8,VISIT,851,Random,OnArrival,3,13,11460,Node_404,9,0,5,9,5,,,,,,,,,
8,VISIT,852,Random,OnArrival,3,13,11460,Node_403,13,0,5,13,5,,,,,,,,,
8,VISIT,845,Random,OnArrival,3,32,11468,Node_443,3,0,-2,3,-2,,,,,,,,,
8,VISIT,847,Random,OnArrival,3,29,11468,Node_679,-9,0,10,-9,10,,,,,,,,,
8,VISIT,849,Random,OnArrival,3,14,11468,Node_212,12,0,5,12,5,,,,,,,,,
8,VISIT,850,Random,OnArrival,3,14,11468,Node_412,8,0,5,8,5,,,,,,,,,
8,VISIT,851,Random,OnArrival,3,14,11468,Node_412,8,0,5,8,5,,,,,,,,,
8,VISIT,852,Random,OnArrival,3,14,11468,Node_212,12,0,5,12,5,,,,,,,,,
8,VISIT,841,Random,OnArrival,3,41,11477,Node_655,-10,0,2,-10,2,,,,,,,,,
8,VISIT,844,Random,OnArrival,3,42,11477,Node_597,-4,0,6,-4,6,,,,,,,,,
8,VISIT,848,Random,OnArrival,3,32,11477,Node_620,-10,0,10,-10,10,,,,,,,,,
8,VISIT,849,Random,OnArrival,3,15,11477,Node_215,11,0,5,11,5,,,,,,,,,
8,VISIT,852,Random,OnArrival,3,15,11477,Node_215,11,0,5,11,5,,,,,,,,,
8,VISIT,844,Random,OnArrival,3,43,11485,Node_598,-4,0,7,-4,7,,,,,,,,,
8,VISIT,845,Random,OnArrival,3,33,11485,Node_464,1,0,-2,1,-2,,,,,,,,,
8,VISIT,846,Random,OnArrival,3,33,11485,Node_679,-9,0,10,-9,10,,,,,,,,,
8,VISIT,847,Random,OnArrival,3,30,11485,Node_631,-7,0,10,-7,10,,,,,,,,,
8,VISIT,848,Random,OnArrival,3,33,11485,Node_621,-10,0,11,-10,11,,,,,,,,,
8,VISIT,849,Random,OnArrival,3,16,11485,Node_222,10,0,5,10,5,,,,,,,,,
8,VISIT,852,Random,OnArrival,3,16,11485,Node_222,10,0,5,10,5,,,,,,,,,
8,VISIT,844,Random,OnArrival,3,44,11493,Node_599,-4,0,8,-4,8,,,,,,,,,
8,VISIT,845,Random,OnArrival,3,34,11493,Node_465,0,0,-2,0,-2,,,,,,,,,
8,VISIT,846,Random,OnArrival,3,34,11493,Node_620,-10,0,10,-10,10,,,,,,,,,
8,VISIT,847,Random,OnArrival,3,31,11493,Node_627,-6,0,10,-6,10,,,,,,,,,
8,VISIT,849,Random,OnArrival,3,17,11493,Node_404,9,0,5,9,5,,,,,,,,,
8,VISIT,850,Random,OnArrival,3,15,11493,Node_410,8,0,2,8,2,,,,,,,,,
8,VISIT,851,Random,OnArrival,3,15,11493,Node_410,8,0,2,8,2,,,,,,,,,
8,VISIT,852,Random,OnArrival,3,17,11493,Node_404,9,0,5,9,5,,,,,,,,,
8,VISIT,841,Random,OnArrival,3,42,11502,Node_645,-7,0,2,-7,2,,,,,,,,,
8,VISIT,844,Random,OnArrival,3,45,11502,Node_600,-4,0,9,-4,9,,,,,,,,,
8,VISIT,846,Random,OnArrival,3,35,11502,Node_621,-10,0,11,-10,11,,,,,,,,,
8,VISIT,847,Random,OnArrival,3,32,11502,Node_628,-6,0,11,-6,11,,,,,,,,,
8,VISIT,849,Random,OnArrival,3,18,11502,Node_412,8,0,5,8,5,,,,,,,,,
8,VISIT,852,Random,OnArrival,3,18,11502,Node_412,8,0,5,8,5,,,,,,,,,
8,VISIT,844,Random,OnArrival,3,46,11512,Node_601,-4,0,10,-4,10,,,,,,,,,
8,VISIT,845,Random,OnArrival,3,35,11512,Node_466,0,0,0,0,0,,,,,,,,,
8,VISIT,847,Random,OnArrival,3,33,11512,Node_634,-7,0,11,-7,11,,,,,,,,,
8,VISIT,848,Random,OnArrival,3,34,11512,Node_623,-10,0,14,-10,14,,,,,,,,,
8,VISIT,850,Random,OnArrival,3,16,11512,Node_564,6,0,2,6,2,,,,,,,,,
8,VISIT,851,Random,OnArrival,3,16,11512,Node_564,6,0,2,6,2,,,,,,,,,
8,VISIT,841,Random,OnArrival,3,43,11522,Node_622,-7,0,4,-7,4,,,,,,,,,
8,VISIT,844,Random,OnArrival,3,47,11522,Node_602,-4,0,11,-4,11,,,,,,,,,
8,VISIT,845,Random,OnArrival,3,36,11522,Node_467,0,0,1,0,1,,,,,,,,,
8,VISIT,847,Random,OnArrival,3,34,11522,Node_681,-8,0,11,-8,11,,,,,,,,,
8,VISIT,848,Random,OnArrival,3,35,11522,Node_659,-10,0,15,-10,15,,,,,,,,,
8,VISIT,844,Random,OnArrival,3,48,11531,Node_633,-3,0,11,-3,11,,,,,,,,,
8,VISIT,845,Random,OnArrival,3,37,11531,Node_468,-1,0,1,-1,1,,,,,,,,,
8,VISIT,846,Random,OnArrival,3,36,11531,Node_623,-10,0,14,-10,14,,,,,,,,,
8,VISIT,847,Random,OnArrival,3,35,11531,Node_634,-7,0,11,-7,11,,,,,,,,,
8,VISIT,848,Random,OnArrival,3,36,11531,Node_650,-9,0,15,-9,15,,,,,,,,,
8,VISIT,849,Random,OnArrival,3,19,11531,Node_410,8,0,2,8,2,,,,,,,,,
8,VISIT,850,Random,OnArrival,3,17,11531,Node_563,6,0,0,6,0,,,,,,,,,
8,VISIT,851,Random,OnArrival,3,17,11531,Node_563,6,0,0,6,0,,,,,,,,,
8,VISIT,852,Random,OnArrival,3,19,11531,Node_410,8,0,2,8,2,,,,,,,,,
8,VISIT,844,Random,OnArrival,3,49,11540,Node_571,-2,0,11,-2,11,,,,,,,,,
8,VISIT,846,Random,OnArrival,3,37,11540,Node_653,-9,0,14,-9,14,,,,,,,,,
8,VISIT,847,Random,OnArrival,3,36,11540,Node_628,-6,0,11,-6,11,,,,,,,,,
8,VISIT,848,Random,OnArrival,3,37,11540,Node_654,-9,0,16,-9,16,,,,,,,,,
8,VISIT,844,Random,OnArrival,3,50,11551,Node_569,-2,0,10,-2,10,,,,,,,,,
8,VISIT,845,Random,OnArrival,3,38,11551,Node_617,-3,0,1,-3,1,,,,,,,,,
8,VISIT,846,Random,OnArrival,3,38,11551,Node_644,-8,0,14,-8,14,,,,,,,,,
8,VISIT,847,Random,OnArrival,3,37,11551,Node_603,-5,0,11,-5,11,,,,,,,,,
8,VISIT,849,Random,OnArrival,3,20,11551,Node_564,6,0,2,6,2,,,,,,,,,
8,VISIT,852,Random,OnArrival,3,20,11551,Node_564,6,0,2,6,2,,,,,,,,,
8,VISIT,841,Random,OnArrival,3,44,11560,Node_593,-3,0,4,-3,4,,,,,,,,,
8,VISIT,844,Random,OnArrival,3,51,11560,Node_630,-3,0,10,-3,10,,,,,,,,,
8,VISIT,845,Random,OnArrival,3,39,11560,Node_618,-3,0,2,-3,2,,,,,,,,,
8,VISIT,846,Random,OnArrival,3,39,11560,Node_641,-7,0,14,-7,14,,,,,,,,,
8,VISIT,847,Random,OnArrival,3,38,11560,Node_628,-6,0,11,-6,11,,,,,,,,,
8,VISIT,850,Random,OnArrival,3,18,11560,Node_445,3,0,0,3,0,,,,,,,,,
8,VISIT,851,Random,OnArrival,3,18,11560,Node_445,3,0,0,3,0,,,,,,,,,
8,VISIT,841,Random,OnArrival,3,45,11568,Node_592,-2,0,4,-2,4,,,,,,,,,
8,VISIT,844,Random,OnArrival,3,52,11568,Node_633,-3,0,11,-3,11,,,,,,,,,
8,VISIT,846,Random,OnArrival,3,40,11568,Node_635,-6,0,14,-6,14,,,,,,,,,
8,VISIT,847,Random,OnArrival,3,39,11568,Node_634,-7,0,11,-7,11,,,,,,,,,
8,VISIT,849,Random,OnArrival,3,21,11568,Node_563,6,0,0,6,0,,,,,,,,,
8,VISIT,852,Random,OnArrival,3,21,11568,Node_563,6,0,0,6,0,,,,,,,,,
8,VISIT,844,Random,OnArrival,3,53,11576,Node_575,-3,0,12,-3,12,,,,,,,,,
8,VISIT,845,Random,OnArrival,3,40,11576,Node_593,-3,0,4,-3,4,,,,,,,,,
8,VISIT,846,Random,OnArrival,3,41,11576,Node_632,-6,0,13,-6,13,,,,,,,,,
8,VISIT,847,Random,OnArrival,3,40,11576,Node_636,-7,0,12,-7,12,,,,,,,,,
8,VISIT,841,Random,OnArrival,3,46,11586,Node_591,-2,0,6,-2,6,,,,,,,,,
8,VISIT,846,Random,OnArrival,3,42,11586,Node_639,-7,0,13,-7,13,,,,,,,,,
8,VISIT,847,Random,OnArrival,3,41,11586,Node_629,-6,0,12,-6,12,,,,,,,,,
8,VISIT,850,Random,OnArrival,3,19,11586,Node_466,0,0,0,0,0,,,,,,,,,
8,VISIT,851,Random,OnArrival,3,19,11586,Node_466,0,0,0,0,0,,,,,,,,,
8,VISIT,844,Random,OnArrival,3,54,11594,Node_578,-3,0,14,-3,14,,,,,,,,,
8,VISIT,846,Random,OnArrival,3,43,11594,Node_632,-6,0,13,-6,13,,,,,,,,,
8,VISIT,847,Random,OnArrival,3,42,11594,Node_632,-6,0,13,-6,13,,,,,,,,,
8,VISIT,849,Random,OnArrival,3,22,11594,Node_445,3,0,0,3,0,,,,,,,,,
8,VISIT,852,Random,OnArrival,3,22,11594,Node_445,3,0,0,3,0,,,,,,,,,
8,VISIT,841,Random,OnArrival,3,47,11603,Node_597,-4,0,6,-4,6,,,,,,,,,
8,VISIT,844,Random,OnArrival,3,55,11603,Node_643,-2,0,14,-2,14,,,,,,,,,
8,VISIT,846,Random,OnArrival,3,44,11603,Node_629,-6,0,12,-6,12,,,,,,,,,
8,VISIT,847,Random,OnArrival,3,43,11603,Node_635,-6,0,14,-6,14,,,,,,,,,
8,VISIT,850,Random,OnArrival,3,20,11603,Node_465,0,0,-2,0,-2,,,,,,,,,
8,VISIT,851,Random,OnArrival,3,20,11603,Node_465,0,0,-2,0,-2,,,,,,,,,
8,VISIT,841,Random,OnArrival,3,48,11612,Node_598,-4,0,7,-4,7,,,,,,,,,
8,VISIT,845,Random,OnArrival,3,41,11612,Node_622,-7,0,4,-7,4,,,,,,,,,
8,VISIT,846,Random,OnArrival,3,45,11612,Node_632,-6,0,13,-6,13,,,,,,,,,
8,VISIT,847,Random,OnArrival,3,44,11612,Node_637,-6,0,15,-6,15,,,,,,,,,
8,VISIT,850,Random,OnArrival,3,21,11612,Node_673,-1,0,-2,-1,-2,,,,,,,,,
8,VISIT,851,Random,OnArrival,3,21,11612,Node_673,-1,0,-2,-1,-2,,,,,,,,,
8,VISIT,841,Random,OnArrival,3,49,11618,Node_599,-4,0,8,-4,8,,,,,,,,,
8,VISIT,844,Random,OnArrival,3,56,11618,Node_553,0,0,14,0,14,,,,,,,,,
8,VISIT,845,Random,OnArrival,3,42,11618,Node_624,-7,0,5,-7,5,,,,,,,,,
8,VISIT,846,Random,OnArrival,3,46,11618,Node_635,-6,0,14,-6,14,,,,,,,,,
8,VISIT,847,Random,OnArrival,3,45,11618,Node_640,-7,0,15,-7,15,,,,,,,,,
8,VISIT,849,Random,OnArrival,3,23,11618,Node_466,0,0,0,0,0,,,,,,,,,
8,VISIT,850,Random,OnArrival,3,22,11618,Node_672,-1,0,-3,-1,-3,,,,,,,,,
8,VISIT,851,Random,OnArrival,3,22,11618,Node_672,-1,0,-3,-1,-3,,,,,,,,,
8,VISIT,852,Random,OnArrival,3,23,11618,Node_466,0,0,0,0,0,,,,,,,,,
8,VISIT,841,Random,OnArrival,3,50,11625,Node_600,-4,0,9,-4,9,,,,,,,,,
8,VISIT,844,Random,OnArrival,3,57,11625,Node_510,1,0,14,1,14,,,,,,,,,
8,VISIT,845,Random,OnArrival,3,43,11625,Node_625,-7,0,6,-7,6,,,,,,,,,
8,VISIT,846,Random,OnArrival,3,47,11625,Node_637,-6,0,15,-6,15,,,,,,,,,
8,VISIT,847,Random,OnArrival,3,46,11625,Node_648,-8,0,15,-8,15,,,,,,,,,
8,VISIT,850,Random,OnArrival,3,23,11625,Node_610,-2,0,-3,-2,-3,,,,,,,,,
8,VISIT,851,Random,OnArrival,3,23,11625,Node_610,-2,0,-3,-2,-3,,,,,,,,,
8,VISIT,841,Random,OnArrival,3,51,11632,Node_601,-4,0,10,-4,10,,,,,,,,,
8,VISIT,844,Random,OnArrival,3,58,11632,Node_513,1,0,15,1,15,,,,,,,,,
8,VISIT,845,Random,OnArrival,3,44,11632,Node_614,-7,0,7,-7,7,,,,,,,,,
8,VISIT,846,Random,OnArrival,3,48,11632,Node_640,-7,0,15,-7,15,,,,,,,,,
8,VISIT,847,Random,OnArrival,3,47,11632,Node_650,-9,0,15,-9,15,,,,,,,,,
8,VISIT,849,Random,OnArrival,3,24,11632,Node_465,0,0,-2,0,-2,,,,,,,,,
8,VISIT,850,Random,OnArrival,3,24,11632,Node_612,-3,0,-3,-3,-3,,,,,,,,,
8,VISIT,851,Random,OnArrival,3,24,11632,Node_612,-3,0,-3,-3,-3,,,,,,,,,
8,VISIT,852,Random,OnArrival,3,24,11632,Node_465,0,0,-2,0,-2,,,,,,,,,
8,VISIT,853,Random,OnArrival,3,0,11636,Node_6,19,0,12,19,12,,,,,,,,,
8,VISIT,854,Random,OnArrival,3,0,11636,Node_7,19,0,8,19,8,,,,,,,,,
8,VISIT,855,Random,OnArrival,3,0,11636,Node_8,17,0,10,17,10,,,,,,,,,
8,VISIT,856,Random,OnArrival,3,0,11636,Node_9,21,0,10,21,10,,,,,,,,,
8,VISIT,841,Random,OnArrival,3,52,11639,Node_602,-4,0,11,-4,11,,,,,,,,,
8,VISIT,845,Random,OnArrival,3,45,11639,Node_615,-7,0,8,-7,8,,,,,,,,,
8,VISIT,846,Random,OnArrival,3,49,11639,Node_648,-8,0,15,-8,15,,,,,,,,,
8,VISIT,847,Random,OnArrival,3,48,11639,Node_654,-9,0,16,-9,16,,,,,,,,,
8,VISIT,849,Random,OnArrival,3,25,11639,Node_673,-1,0,-2,-1,-2,,,,,,,,,
8,VISIT,852,Random,OnArrival,3,25,11639,Node_673,-1,0,-2,-1,-2,,,,,,,,,
8,VISIT,853,Random,OnArrival,3,1,11640,Node_2,19,0,11,19,11,,,,,,,,,
8,VISIT,854,Random,OnArrival,3,1,11640,Node_11,18,0,8,18,8,,,,,,,,,
8,VISIT,855,Random,OnArrival,3,1,11640,Node_24,16,0,10,16,10,,,,,,,,,
8,VISIT,856,Random,OnArrival,3,1,11640,Node_5,20,0,10,20,10,,,,,,,,,
8,VISIT,841,Random,OnArrival,3,53,11644,Node_633,-3,0,11,-3,11,,,,,,,,,
8,VISIT,844,Random,OnArrival,3,59,11644,Node_518,1,0,17,1,17,,,,,,,,,
8,VISIT,846,Random,OnArrival,3,50,11644,Node_650,-9,0,15,-9,15,,,,,,,,,
8,VISIT,847,Random,OnArrival,3,49,11644,Node_662,-10,0,16,-10,16,,,,,,,,,
8,VISIT,849,Random,OnArrival,3,26,11644,Node_672,-1,0,-3,-1,-3,,,,,,,,,
8,VISIT,852,Random,OnArrival,3,26,11644,Node_672,-1,0,-3,-1,-3,,,,,,,,,
8,VISIT,853,Random,OnArrival,3,2,11644,Node_20,19,0,10,19,10,,,,,,,,,
8,VISIT,854,Random,OnArrival,3,2,11644,Node_51,17,0,8,17,8,,,,,,,,,
8,VISIT,855,Random,OnArrival,3,2,11644,Node_26,15,0,10,15,10,,,,,,,,,
8,VISIT,856,Random,OnArrival,3,2,11644,Node_20,19,0,10,19,10,,,,,,,,,
8,VISIT,841,Random,OnArrival,3,54,11648,Node_575,-3,0,12,-3,12,,,,,,,,,
8,VISIT,846,Random,OnArrival,3,51,11648,Node_654,-9,0,16,-9,16,,,,,,,,,
8,VISIT,849,Random,OnArrival,3,27,11648,Node_610,-2,0,-3,-2,-3,,,,,,,,,
8,VISIT,850,Random,OnArrival,3,25,11648,Node_616,-3,0,0,-3,0,,,,,,,,,
8,VISIT,851,Random,OnArrival,3,25,11648,Node_616,-3,0,0,-3,0,,,,,,,,,
8,VISIT,852,Random,OnArrival,3,27,11648,Node_610,-2,0,-3,-2,-3,,,,,,,,,
8,VISIT,853,Random,OnArrival,3,3,11648,Node_4,18,0,10,18,10,,,,,,,,,
8,VISIT,854,Random,OnArrival,3,3,11648,Node_87,17,0,7,17,7,,,,,,,,,
8,VISIT,855,Random,OnArrival,3,3,11648,Node_59,14,0,10,14,10,,,,,,,,,
8,VISIT,856,Random,OnArrival,3,3,11648,Node_4,18,0,10,18,10,,,,,,,,,
8,VISIT,844,Random,OnArrival,3,60,11652,Node_538,2,0,18,2,18,,,,,,,,,
8,VISIT,845,Random,OnArrival,3,46,11652,Node_619,-10,0,8,-10,8,,,,,,,,,
8,VISIT,846,Random,OnArrival,3,52,11652,Node_662,-10,0,16,-10,16,,,,,,,,,
8,VISIT,847,Random,OnArrival,3,50,11652,Node_685,-10,0,18,-10,18,,,,,,,,,
8,VISIT,849,Random,OnArrival,3,28,11652,Node_612,-3,0,-3,-3,-3,,,,,,,,,
8,VISIT,850,Random,OnArrival,3,26,11652,Node_617,-3,0,1,-3,1,,,,,,,,,
8,VISIT,851,Random,OnArrival,3,26,11652,Node_617,-3,0,1,-3,1,,,,,,,,,
8,VISIT,852,Random,OnArrival,3,28,11652,Node_612,-3,0,-3,-3,-3,,,,,,,,,
8,VISIT,853,Random,OnArrival,3,4,11652,Node_8,17,0,10,17,10,,,,,,,,,
8,VISIT,854,Random,OnArrival,3,4,11652,Node_89,16,0,7,16,7,,,,,,,,,
8,VISIT,855,Random,OnArrival,3,4,11652,Node_90,13,0,10,13,10,,,,,,,,,
8,VISIT,856,Random,OnArrival,3,4,11652,Node_8,17,0,10,17,10,,,,,,,,,
8,VISIT,841,Random,OnArrival,3,55,11656,Node_578,-3,0,14,-3,14,,,,,,,,,
8,VISIT,844,Random,OnArrival,3,61,11656,Node_693,2,0,17,2,17,,,,,,,,,
8,VISIT,846,Random,OnArrival,3,53,11656,Node_654,-9,0,16,-9,16,,,,,,,,,
8,VISIT,850,Random,OnArrival,3,27,11656,Node_618,-3,0,2,-3,2,,,,,,,,,
8,VISIT,851,Random,OnArrival,3,27,11656,Node_618,-3,0,2,-3,2,,,,,,,,,
8,VISIT,853,Random,OnArrival,3,5,11656,Node_24,16,0,10,16,10,,,,,,,,,
8,VISIT,854,Random,OnArrival,3,5,11656,Node_166,16,0,6,16,6,,,,,,,,,
8,VISIT,855,Random,OnArrival,3,5,11656,Node_136,13,0,9,13,9,,,,,,,,,
8,VISIT,856,Random,OnArrival,3,5,11656,Node_24,16,0,10,16,10,,,,,,,,,
8,VISIT,841,Random,OnArrival,3,56,11660,Node_579,-3,0,15,-3,15,,,,,,,,,
8,VISIT,844,Random,OnArrival,3,62,11660,Node_535,3,0,17,3,17,,,,,,,,,
8,VISIT,845,Random,OnArrival,3,47,11660,Node_620,-10,0,10,-10,10,,,,,,,,,
8,VISIT,846,Random,OnArrival,3,54,11660,Node_683,-9,0,17,-9,17,,,,,,,,,
8,VISIT,847,Random,OnArrival,3,51,11660,Node_686,-10,0,20,-10,20,,,,,,,,,
8,VISIT,853,Random,OnArrival,3,6,11660,Node_26,15,0,10,15,10,,,,,,,,,
8,VISIT,854,Random,OnArrival,3,6,11660,Node_100,15,0,6,15,6,,,,,,,,,
8,VISIT,855,Random,OnArrival,3,6,11660,Node_144,12,0,9,12,9,,,,,,,,,
8,VISIT,856,Random,OnArrival,3,6,11660,Node_26,15,0,10,15,10,,,,,,,,,
8,VISIT,841,Random,OnArrival,3,57,11664,Node_580,-3,0,16,-3,16,,,,,,,,,
8,VISIT,844,Random,OnArrival,3,63,11664,Node_693,2,0,17,2,17,,,,,,,,,
8,VISIT,845,Random,OnArrival,3,48,11664,Node_679,-9,0,10,-9,10,,,,,,,,,
8,VISIT,846,Random,OnArrival,3,55,11664,Node_694,-10,0,17,-10,17,,,,,,,,,
8,VISIT,849,Random,OnArrival,3,29,11664,Node_616,-3,0,0,-3,0,,,,,,,,,
8,VISIT,850,Random,OnArrival,3,28,11664,Node_593,-3,0,4,-3,4,,,,,,,,,
8,VISIT,851,Random,OnArrival,3,28,11664,Node_593,-3,0,4,-3,4,,,,,,,,,
8,VISIT,852,Random,OnArrival,3,29,11664,Node_616,-3,0,0,-3,0,,,,,,,,,
8,VISIT,853,Random,OnArrival,3,7,11664,Node_59,14,0,10,14,10,,,,,,,,,
8,VISIT,854,Random,OnArrival,3,7,11664,Node_128,14,0,6,14,6,,,,,,,,,
8,VISIT,855,Random,OnArrival,3,7,11664,Node_434,11,0,9,11,9,,,,,,,,,
8,VISIT,856,Random,OnArrival,3,7,11664,Node_59,14,0,10,14,10,,,,,,,,,
8,VISIT,841,Random,OnArrival,3,58,11668,Node_657,-4,0,16,-4,16,,,,,,,,,
8,VISIT,844,Random,OnArrival,3,64,11668,Node_518,1,0,17,1,17,,,,,,,,,
8,VISIT,845,Random,OnArrival,3,49,11668,Node_682,-8,0,10,-8,10,,,,,,,,,
8,VISIT,846,Random,OnArrival,3,56,11668,Node_685,-10,0,18,-10,18,,,,,,,,,
8,VISIT,849,Random,OnArrival,3,30,11668,Node_617,-3,0,1,-3,1,,,,,,,,,
8,VISIT,852,Random,OnArrival,3,30,11668,Node_617,-3,0,1,-3,1,,,,,,,,,
8,VISIT,853,Random,OnArrival,3,8,11668,Node_90,13,0,10,13,10,,,,,,,,,
8,VISIT,854,Random,OnArrival,3,8,11668,Node_130,13,0,6,13,6,,,,,,,,,
8,VISIT,855,Random,OnArrival,3,8,11668,Node_435,10,0,9,10,9,,,,,,,,,
8,VISIT,856,Random,OnArrival,3,8,11668,Node_90,13,0,10,13,10,,,,,,,,,
8,VISIT,841,Random,OnArrival,3,59,11672,Node_584,-4,0,17,-4,17,,,,,,,,,
8,VISIT,844,Random,OnArrival,3,65,11672,Node_557,0,0,17,0,17,,,,,,,,,
8,VISIT,845,Random,OnArrival,3,50,11672,Node_681,-8,0,11,-8,11,,,,,,,,,
8,VISIT,849,Random,OnArrival,3,31,11672,Node_618,-3,0,2,-3,2,,,,,,,,,
8,VISIT,852,Random,OnArrival,3,31,11672,Node_618,-3,0,2,-3,2,,,,,,,,,
8,VISIT,853,Random,OnArrival,3,9,11672,Node_136,13,0,9,13,9,,,,,,,,,
8,VISIT,854,Random,OnArrival,3,9,11672,Node_211,12,0,6,12,6,,,,,,,,,
8,VISIT,855,Random,OnArrival,3,9,11672,Node_437,10,0,10,10,10,,,,,,,,,
8,VISIT,856,Random,OnArrival,3,9,11672,Node_136,13,0,9,13,9,,,,,,,,,
8,VISIT,841,Random,OnArrival,3,60,11676,Node_661,-5,0,17,-5,17,,,,,,,,,
8,VISIT,844,Random,OnArrival,3,66,11676,Node_558,0,0,18,0,18,,,,,,,,,
8,VISIT,845,Random,OnArrival,3,51,11676,Node_680,-9,0,11,-9,11,,,,,,,,,
8,VISIT,846,Random,OnArrival,3,57,11676,Node_686,-10,0,20,-10,20,,,,,,,,,
8,VISIT,847,Random,OnArrival,3,52,11676,Node_688,-10,0,22,-10,22,,,,,,,,,
8,VISIT,853,Random,OnArrival,3,10,11676,Node_144,12,0,9,12,9,,,,,,,,,
8,VISIT,854,Random,OnArrival,3,10,11676,Node_218,11,0,6,11,6,,,,,,,,,
8,VISIT,855,Random,OnArrival,3,10,11676,Node_453,9,0,10,9,10,,,,,,,,,
8,VISIT,856,Random,OnArrival,3,10,11676,Node_144,12,0,9,12,9,,,,,,,,,
8,VISIT,845,Random,OnArrival,3,52,11680,Node_621,-10,0,11,-10,11,,,,,,,,,
8,VISIT,846,Random,OnArrival,3,58,11680,Node_687,-10,0,21,-10,21,,,,,,,,,
8,VISIT,849,Random,OnArrival,3,32,11680,Node_593,-3,0,4,-3,4,,,,,,,,,
8,VISIT,850,Random,OnArrival,3,29,11680,Node_622,-7,0,4,-7,4,,,,,,,,,
8,VISIT,851,Random,OnArrival,3,29,11680,Node_622,-7,0,4,-7,4,,,,,,,,,
8,VISIT,852,Random,OnArrival,3,32,11680,Node_593,-3,0,4,-3,4,,,,,,,,,
8,VISIT,853,Random,OnArrival,3,11,11680,Node_434,11,0,9,11,9,,,,,,,,,
8,VISIT,854,Random,OnArrival,3,11,11680,Node_220,10,0,6,10,6,,,,,,,,,
8,VISIT,855,Random,OnArrival,3,11,11680,Node_473,8,0,10,8,10,,,,,,,,,
8,VISIT,856,Random,OnArrival,3,11,11680,Node_434,11,0,9,11,9,,,,,,,,,
8,VISIT,846,Random,OnArrival,3,59,11684,Node_696,-9,0,21,-9,21,,,,,,,,,
8,VISIT,847,Random,OnArrival,3,53,11684,Node_689,-10,0,24,-10,24,,,,,,,,,
8,VISIT,850,Random,OnArrival,3,30,11684,Node_624,-7,0,5,-7,5,,,,,,,,,
8,VISIT,851,Random,OnArrival,3,30,11684,Node_624,-7,0,5,-7,5,,,,,,,,,
8,VISIT,853,Random,OnArrival,3,12,11684,Node_435,10,0,9,10,9,,,,,,,,,
8,VISIT,854,Random,OnArrival,3,12,11684,Node_405,9,0,6,9,6,,,,,,,,,
8,VISIT,856,Random,OnArrival,3,12,11684,Node_435,10,0,9,10,9,,,,,,,,,
8,VISIT,841,Random,OnArrival,3,61,11688,Node_664,-5,0,18,-5,18,,,,,,,,,
8,VISIT,846,Random,OnArrival,3,60,11688,Node_695,-9,0,20,-9,20,,,,,,,,,
8,VISIT,847,Random,OnArrival,3,54,11688,Node_692,-9,0,24,-9,24,,,,,,,,,
8,VISIT,850,Random,OnArrival,3,31,11688,Node_625,-7,0,6,-7,6,,,,,,,,,
8,VISIT,851,Random,OnArrival,3,31,11688,Node_625,-7,0,6,-7,6,,,,,,,,,
8,VISIT,853,Random,OnArrival,3,13,11688,Node_437,10,0,10,10,10,,,,,,,,,
8,VISIT,854,Random,OnArrival,3,13,11688,Node_406,8,0,6,8,6,,,,,,,,,
8,VISIT,855,Random,OnArrival,3,12,11688,Node_474,6,0,10,6,10,,,,,,,,,
8,VISIT,856,Random,OnArrival,3,13,11688,Node_437,10,0,10,10,10,,,,,,,,,
8,VISIT,841,Random,OnArrival,3,62,11692,Node_586,-4,0,18,-4,18,,,,,,,,,
8,VISIT,845,Random,OnArrival,3,53,11692,Node_623,-10,0,14,-10,14,,,,,,,,,
8,VISIT,847,Random,OnArrival,3,55,11692,Node_691,-9,0,25,-9,25,,,,,,,,,
8,VISIT,850,Random,OnArrival,3,32,11692,Node_614,-7,0,7,-7,7,,,,,,,,,
8,VISIT,851,Random,OnArrival,3,32,11692,Node_614,-7,0,7,-7,7,,,,,,,,,
8,VISIT,853,Random,OnArrival,3,14,11692,Node_453,9,0,10,9,10,,,,,,,,,
8,VISIT,854,Random,OnArrival,3,14,11692,Node_418,7,0,6,7,6,,,,,,,,,
8,VISIT,855,Random,OnArrival,3,13,11692,Node_486,6,0,9,6,9,,,,,,,,,
8,VISIT,856,Random,OnArrival,3,14,11692,Node_453,9,0,10,9,10,,,,,,,,,
8,VISIT,841,Random,OnArrival,3,63,11696,Node_664,-5,0,18,-5,18,,,,,,,,,
8,VISIT,845,Random,OnArrival,3,54,11696,Node_659,-10,0,15,-10,15,,,,,,,,,
8,VISIT,846,Random,OnArrival,3,61,11696,Node_666,-7,0,20,-7,20,,,,,,,,,
8,VISIT,849,Random,OnArrival,3,33,11696,Node_622,-7,0,4,-7,4,,,,,,,,,
8,VISIT,850,Random,OnArrival,3,33,11696,Node_615,-7,0,8,-7,8,,,,,,,,,
8,VISIT,851,Random,OnArrival,3,33,11696,Node_615,-7,0,8,-7,8,,,,,,,,,
8,VISIT,852,Random,OnArrival,3,33,11696,Node_622,-7,0,4,-7,4,,,,,,,,,
8,VISIT,853,Random,OnArrival,3,15,11696,Node_473,8,0,10,8,10,,,,,,,,,
8,VISIT,854,Random,OnArrival,3,15,11696,Node_420,6,0,6,6,6,,,,,,,,,
8,VISIT,855,Random,OnArrival,3,14,11696,Node_488,5,0,9,5,9,,,,,,,,,
8,VISIT,856,Random,OnArrival,3,15,11696,Node_473,8,0,10,8,10,,,,,,,,,
8,VISIT,845,Random,OnArrival,3,55,11700,Node_650,-9,0,15,-9,15,,,,,,,,,
8,VISIT,849,Random,OnArrival,3,34,11700,Node_624,-7,0,5,-7,5,,,,,,,,,
8,VISIT,852,Random,OnArrival,3,34,11700,Node_624,-7,0,5,-7,5,,,,,,,,,
8,VISIT,854,Random,OnArrival,3,16,11700,Node_531,5,0,6,5,6,,,,,,,,,
8,VISIT,841,Random,OnArrival,3,64,11706,Node_665,-5,0,20,-5,20,,,,,,,,,
8,VISIT,845,Random,OnArrival,3,56,11706,Node_654,-9,0,16,-9,16,,,,,,,,,
8,VISIT,849,Random,OnArrival,3,35,11706,Node_625,-7,0,6,-7,6,,,,,,,,,
8,VISIT,852,Random,OnArrival,3,35,11706,Node_625,-7,0,6,-7,6,,,,,,,,,
8,VISIT,853,Random,OnArrival,3,16,11706,Node_474,6,0,10,6,10,,,,,,,,,
8,VISIT,856,Random,OnArrival,3,16,11706,Node_474,6,0,10,6,10,,,,,,,,,
8,VISIT,845,Random,OnArrival,3,57,11711,Node_683,-9,0,17,-9,17,,,,,,,,,
8,VISIT,849,Random,OnArrival,3,36,11711,Node_614,-7,0,7,-7,7,,,,,,,,,
8,VISIT,850,Random,OnArrival,3,34,11711,Node_619,-10,0,8,-10,8,,,,,,,,,
8,VISIT,851,Random,OnArrival,3,34,11711,Node_619,-10,0,8,-10,8,,,,,,,,,
8,VISIT,852,Random,OnArrival,3,36,11711,Node_614,-7,0,7,-7,7,,,,,,,,,
8,VISIT,853,Random,OnArrival,3,17,11711,Node_489,5,0,10,5,10,,,,,,,,,
8,VISIT,854,Random,OnArrival,3,17,11711,Node_546,3,0,6,3,6,,,,,,,,,
8,VISIT,855,Random,OnArrival,3,15,11711,Node_531,5,0,6,5,6,,,,,,,,,
8,VISIT,856,Random,OnArrival,3,17,11711,Node_489,5,0,10,5,10,,,,,,,,,
8,VISIT,846,Random,OnArrival,3,62,11715,Node_666,-7,0,20,-7,20,,,,,,,,,
8,VISIT,849,Random,OnArrival,3,37,11715,Node_615,-7,0,8,-7,8,,,,,,,,,
8,VISIT,852,Random,OnArrival,3,37,11715,Node_615,-7,0,8,-7,8,,,,,,,,,
8,VISIT,854,Random,OnArrival,3,18,11715,Node_567,2,0,6,2,6,,,,,,,,,
8,VISIT,850,Random,OnArrival,3,35,11722,Node_620,-10,0,10,-10,10,,,,,,,,,
8,VISIT,851,Random,OnArrival,3,35,11722,Node_620,-10,0,10,-10,10,,,,,,,,,
8,VISIT,853,Random,OnArrival,3,18,11722,Node_495,3,0,10,3,10,,,,,,,,,
8,VISIT,855,Random,OnArrival,3,16,11722,Node_546,3,0,6,3,6,,,,,,,,,
8,VISIT,856,Random,OnArrival,3,18,11722,Node_495,3,0,10,3,10,,,,,,,,,
8,VISIT,845,Random,OnArrival,3,58,11727,Node_698,-6,0,17,-6,17,,,,,,,,,
8,VISIT,846,Random,OnArrival,3,63,11727,Node_665,-5,0,20,-5,20,,,,,,,,,
8,VISIT,850,Random,OnArrival,3,36,11727,Node_621,-10,0,11,-10,11,,,,,,,,,
8,VISIT,851,Random,OnArrival,3,36,11727,Node_621,-10,0,11,-10,11,,,,,,,,,
8,VISIT,853,Random,OnArrival,3,19,11727,Node_498,3,0,11,3,11,,,,,,,,,
8,VISIT,855,Random,OnArrival,3,17,11727,Node_567,2,0,6,2,6,,,,,,,,,
8,VISIT,856,Random,OnArrival,3,19,11727,Node_498,3,0,11,3,11,,,,,,,,,
8,VISIT,845,Random,OnArrival,3,59,11732,Node_661,-5,0,17,-5,17,,,,,,,,,
8,VISIT,849,Random,OnArrival,3,38,11732,Node_619,-10,0,8,-10,8,,,,,,,,,
8,VISIT,852,Random,OnArrival,3,38,11732,Node_619,-10,0,8,-10,8,,,,,,,,,
8,VISIT,853,Random,OnArrival,3,20,11732,Node_501,2,0,11,2,11,,,,,,,,,
8,VISIT,854,Random,OnArrival,3,19,11732,Node_572,-1,0,6,-1,6,,,,,,,,,
8,VISIT,856,Random,OnArrival,3,20,11732,Node_501,2,0,11,2,11,,,,,,,,,
8,VISIT,845,Random,OnArrival,3,60,11738,Node_584,-4,0,17,-4,17,,,,,,,,,
8,VISIT,846,Random,OnArrival,3,64,11738,Node_664,-5,0,18,-5,18,,,,,,,,,
8,VISIT,853,Random,OnArrival,3,21,11738,Node_502,2,0,12,2,12,,,,,,,,,
8,VISIT,854,Random,OnArrival,3,20,11738,Node_591,-2,0,6,-2,6,,,,,,,,,
8,VISIT,856,Random,OnArrival,3,21,11738,Node_502,2,0,12,2,12,,,,,,,,,
8,VISIT,845,Random,OnArrival,3,61,11744,Node_582,-3,0,17,-3,17,,,,,,,,,
8,VISIT,846,Random,OnArrival,3,65,11744,Node_661,-5,0,17,-5,17,,,,,,,,,
8,VISIT,849,Random,OnArrival,3,39,11744,Node_620,-10,0,10,-10,10,,,,,,,,,
8,VISIT,850,Random,OnArrival,3,37,11744,Node_623,-10,0,14,-10,14,,,,,,,,,
8,VISIT,851,Random,OnArrival,3,37,11744,Node_623,-10,0,14,-10,14,,,,,,,,,
8,VISIT,852,Random,OnArrival,3,39,11744,Node_620,-10,0,10,-10,10,,,,,,,,,
8,VISIT,853,Random,OnArrival,3,22,11744,Node_505,2,0,13,2,13,,,,,,,,,
8,VISIT,855,Random,OnArrival,3,18,11744,Node_572,-1,0,6,-1,6,,,,,,,,,
8,VISIT,856,Random,OnArrival,3,22,11744,Node_505,2,0,13,2,13,,,,,,,,,
8,VISIT,857,Random,OnArrival,3,0,11748,Node_6,19,0,12,19,12,,,,,,,,,
8,VISIT,858,Random,OnArrival,3,0,11748,Node_7,19,0,8,19,8,,,,,,,,,
8,VISIT,859,Random,OnArrival,3,0,11748,Node_8,17,0,10,17,10,,,,,,,,,
8,VISIT,860,Random,OnArrival,3,0,11748,Node_9,21,0,10,21,10,,,,,,,,,
8,VISIT,846,Random,OnArrival,3,66,11749,Node_584,-4,0,17,-4,17,,,,,,,,,
8,VISIT,849,Random,OnArrival,3,40,11749,Node_621,-10,0,11,-10,11,,,,,,,,,
8,VISIT,850,Random,OnArrival,3,38,11749,Node_659,-10,0,15,-10,15,,,,,,,,,
8,VISIT,851,Random,OnArrival,3,38,11749,Node_659,-10,0,15,-10,15,,,,,,,,,
8,VISIT,852,Random,OnArrival,3,40,11749,Node_621,-10,0,11,-10,11,,,,,,,,,
8,VISIT,853,Random,OnArrival,3,23,11749,Node_508,1,0,13,1,13,,,,,,,,,
8,VISIT,854,Random,OnArrival,3,21,11749,Node_597,-4,0,6,-4,6,,,,,,,,,
8,VISIT,855,Random,OnArrival,3,19,11749,Node_591,-2,0,6,-2,6,,,,,,,,,
8,VISIT,856,Random,OnArrival,3,23,11749,Node_508,1,0,13,1,13,,,,,,,,,
8,VISIT,857,Random,OnArrival,3,1,11752,Node_2,19,0,11,19,11,,,,,,,,,
8,VISIT,858,Random,OnArrival,3,1,11752,Node_3,19,0,9,19,9,,,,,,,,,
8,VISIT,859,Random,OnArrival,3,1,11752,Node_24,16,0,10,16,10,,,,,,,,,
8,VISIT,860,Random,OnArrival,3,1,11752,Node_5,20,0,10,20,10,,,,,,,,,
8,VISIT,846,Random,OnArrival,3,67,11754,Node_582,-3,0,17,-3,17,,,,,,,,,
8,VISIT,850,Random,OnArrival,3,39,11754,Node_662,-10,0,16,-10,16,,,,,,,,,
8,VISIT,851,Random,OnArrival,3,39,11754,Node_662,-10,0,16,-10,16,,,,,,,,,
8,VISIT,853,Random,OnArrival,3,24,11754,Node_510,1,0,14,1,14,,,,,,,,,
8,VISIT,854,Random,OnArrival,3,22,11754,Node_598,-4,0,7,-4,7,,,,,,,,,
8,VISIT,856,Random,OnArrival,3,24,11754,Node_510,1,0,14,1,14,,,,,,,,,
8,VISIT,857,Random,OnArrival,3,2,11756,Node_20,19,0,10,19,10,,,,,,,,,
8,VISIT,858,Random,OnArrival,3,2,11756,Node_15,18,0,9,18,9,,,,,,,,,
8,VISIT,859,Random,OnArrival,3,2,11756,Node_26,15,0,10,15,10,,,,,,,,,
8,VISIT,860,Random,OnArrival,3,2,11756,Node_20,19,0,10,19,10,,,,,,,,,
8,VISIT,846,Random,OnArrival,3,68,11760,Node_711,-2,0,17,-2,17,,,,,,,,,
8,VISIT,850,Random,OnArrival,3,40,11760,Node_694,-10,0,17,-10,17,,,,,,,,,
8,VISIT,851,Random,OnArrival,3,40,11760,Node_694,-10,0,17,-10,17,,,,,,,,,
8,VISIT,853,Random,OnArrival,3,25,11760,Node_553,0,0,14,0,14,,,,,,,,,
8,VISIT,854,Random,OnArrival,3,23,11760,Node_608,-5,0,7,-5,7,,,,,,,,,
8,VISIT,855,Random,OnArrival,3,20,11760,Node_597,-4,0,6,-4,6,,,,,,,,,
8,VISIT,856,Random,OnArrival,3,25,11760,Node_553,0,0,14,0,14,,,,,,,,,
8,VISIT,857,Random,OnArrival,3,3,11760,Node_4,18,0,10,18,10,,,,,,,,,
8,VISIT,858,Random,OnArrival,3,3,11760,Node_4,18,0,10,18,10,,,,,,,,,
8,VISIT,859,Random,OnArrival,3,3,11760,Node_59,14,0,10,14,10,,,,,,,,,
8,VISIT,860,Random,OnArrival,3,3,11760,Node_4,18,0,10,18,10,,,,,,,,,
8,VISIT,846,Random,OnArrival,3,69,11764,Node_712,-2,0,18,-2,18,,,,,,,,,
8,VISIT,849,Random,OnArrival,3,41,11764,Node_623,-10,0,14,-10,14,,,,,,,,,
8,VISIT,850,Random,OnArrival,3,41,11764,Node_685,-10,0,18,-10,18,,,,,,,,,
8,VISIT,851,Random,OnArrival,3,41,11764,Node_685,-10,0,18,-10,18,,,,,,,,,
8,VISIT,852,Random,OnArrival,3,41,11764,Node_623,-10,0,14,-10,14,,,,,,,,,
8,VISIT,854,Random,OnArrival,3,24,11764,Node_613,-6,0,7,-6,7,,,,,,,,,
8,VISIT,855,Random,OnArrival,3,21,11764,Node_598,-4,0,7,-4,7,,,,,,,,,
8,VISIT,857,Random,OnArrival,3,4,11764,Node_8,17,0,10,17,10,,,,,,,,,
8,VISIT,858,Random,OnArrival,3,4,11764,Node_8,17,0,10,17,10,,,,,,,,,
8,VISIT,859,Random,OnArrival,3,4,11764,Node_90,13,0,10,13,10,,,,,,,,,
8,VISIT,860,Random,OnArrival,3,4,11764,Node_8,17,0,10,17,10,,,,,,,,,
8,VISIT,845,Random,OnArrival,3,62,11768,Node_702,-1,0,20,-1,20,,,,,,,,,
8,VISIT,846,Random,OnArrival,3,70,11768,Node_699,-1,0,18,-1,18,,,,,,,,,
8,VISIT,849,Random,OnArrival,3,42,11768,Node_659,-10,0,15,-10,15,,,,,,,,,
8,VISIT,852,Random,OnArrival,3,42,11768,Node_659,-10,0,15,-10,15,,,,,,,,,
8,VISIT,853,Random,OnArrival,3,26,11768,Node_643,-2,0,14,-2,14,,,,,,,,,
8,VISIT,854,Random,OnArrival,3,25,11768,Node_614,-7,0,7,-7,7,,,,,,,,,
8,VISIT,855,Random,OnArrival,3,22,11768,Node_608,-5,0,7,-5,7,,,,,,,,,
8,VISIT,856,Random,OnArrival,3,26,11768,Node_643,-2,0,14,-2,14,,,,,,,,,
8,VISIT,857,Random,OnArrival,3,5,11768,Node_24,16,0,10,16,10,,,,,,,,,
8,VISIT,858,Random,OnArrival,3,5,11768,Node_24,16,0,10,16,10,,,,,,,,,
8,VISIT,859,Random,OnArrival,3,5,11768,Node_136,13,0,9,13,9,,,,,,,,,
8,VISIT,860,Random,OnArrival,3,5,11768,Node_24,16,0,10,16,10,,,,,,,,,
8,VISIT,846,Random,OnArrival,3,71,11772,Node_701,-1,0,19,-1,19,,,,,,,,,
8,VISIT,849,Random,OnArrival,3,43,11772,Node_662,-10,0,16,-10,16,,,,,,,,,
8,VISIT,850,Random,OnArrival,3,42,11772,Node_686,-10,0,20,-10,20,,,,,,,,,
8,VISIT,851,Random,OnArrival,3,42,11772,Node_686,-10,0,20,-10,20,,,,,,,,,
8,VISIT,852,Random,OnArrival,3,43,11772,Node_662,-10,0,16,-10,16,,,,,,,,,
8,VISIT,853,Random,OnArrival,3,27,11772,Node_578,-3,0,14,-3,14,,,,,,,,,
8,VISIT,854,Random,OnArrival,3,26,11772,Node_615,-7,0,8,-7,8,,,,,,,,,
8,VISIT,855,Random,OnArrival,3,23,11772,Node_613,-6,0,7,-6,7,,,,,,,,,
8,VISIT,856,Random,OnArrival,3,27,11772,Node_578,-3,0,14,-3,14,,,,,,,,,
8,VISIT,857,Random,OnArrival,3,6,11772,Node_26,15,0,10,15,10,,,,,,,,,
8,VISIT,858,Random,OnArrival,3,6,11772,Node_26,15,0,10,15,10,,,,,,,,,
8,VISIT,859,Random,OnArrival,3,6,11772,Node_144,12,0,9,12,9,,,,,,,,,
8,VISIT,860,Random,OnArrival,3,6,11772,Node_26,15,0,10,15,10,,,,,,,,,
8,VISIT,846,Random,OnArrival,3,72,11776,Node_713,-2,0,19,-2,19,,,,,,,,,
8,VISIT,849,Random,OnArrival,3,44,11776,Node_694,-10,0,17,-10,17,,,,,,,,,
8,VISIT,850,Random,OnArrival,3,43,11776,Node_687,-10,0,21,-10,21,,,,,,,,,
8,VISIT,851,Random,OnArrival,3,43,11776,Node_687,-10,0,21,-10,21,,,,,,,,,
8,VISIT,852,Random,OnArrival,3,44,11776,Node_694,-10,0,17,-10,17,,,,,,,,,
8,VISIT,853,Random,OnArrival,3,28,11776,Node_579,-3,0,15,-3,15,,,,,,,,,
8,VISIT,855,Random,OnArrival,3,24,11776,Node_614,-7,0,7,-7,7,,,,,,,,,
8,VISIT,856,Random,OnArrival,3,28,11776,Node_579,-3,0,15,-3,15,,,,,,,,,
8,VISIT,857,Random,OnArrival,3,7,11776,Node_59,14,0,10,14,10,,,,,,,,,
8,VISIT,858,Random,OnArrival,3,7,11776,Node_59,14,0,10,14,10,,,,,,,,,
8,VISIT,859,Random,OnArrival,3,7,11776,Node_434,11,0,9,11,9,,,,,,,,,
8,VISIT,860,Random,OnArrival,3,7,11776,Node_59,14,0,10,14,10,,,,,,,,,
8,VISIT,846,Random,OnArrival,3,73,11780,Node_714,-2,0,20,-2,20,,,,,,,,,
8,VISIT,849,Random,OnArrival,3,45,11780,Node_685,-10,0,18,-10,18,,,,,,,,,
8,VISIT,850,Random,OnArrival,3,44,11780,Node_688,-10,0,22,-10,22,,,,,,,,,
8,VISIT,851,Random,OnArrival,3,44,11780,Node_688,-10,0,22,-10,22,,,,,,,,,
8,VISIT,852,Random,OnArrival,3,45,11780,Node_685,-10,0,18,-10,18,,,,,,,,,
8,VISIT,853,Random,OnArrival,3,29,11780,Node_580,-3,0,16,-3,16,,,,,,,,,
8,VISIT,855,Random,OnArrival,3,25,11780,Node_615,-7,0,8,-7,8,,,,,,,,,
8,VISIT,856,Random,OnArrival,3,29,11780,Node_580,-3,0,16,-3,16,,,,,,,,,
8,VISIT,857,Random,OnArrival,3,8,11780,Node_90,13,0,10,13,10,,,,,,,,,
8,VISIT,858,Random,OnArrival,3,8,11780,Node_90,13,0,10,13,10,,,,,,,,,
8,VISIT,859,Random,OnArrival,3,8,11780,Node_435,10,0,9,10,9,,,,,,,,,
8,VISIT,860,Random,OnArrival,3,8,11780,Node_90,13,0,10,13,10,,,,,,,,,
8,VISIT,846,Random,OnArrival,3,74,11784,Node_702,-1,0,20,-1,20,,,,,,,,,
8,VISIT,853,Random,OnArrival,3,30,11784,Node_582,-3,0,17,-3,17,,,,,,,,,
8,VISIT,854,Random,OnArrival,3,27,11784,Node_619,-10,0,8,-10,8,,,,,,,,,
8,VISIT,856,Random,OnArrival,3,30,11784,Node_582,-3,0,17,-3,17,,,,,,,,,
8,VISIT,857,Random,OnArrival,3,9,11784,Node_136,13,0,9,13,9,,,,,,,,,
8,VISIT,858,Random,OnArrival,3,9,11784,Node_136,13,0,9,13,9,,,,,,,,,
8,VISIT,859,Random,OnArrival,3,9,11784,Node_437,10,0,10,10,10,,,,,,,,,
8,VISIT,860,Random,OnArrival,3,9,11784,Node_136,13,0,9,13,9,,,,,,,,,
8,VISIT,845,Random,OnArrival,3,63,11788,Node_519,2,0,22,2,22,,,,,,,,,
8,VISIT,849,Random,OnArrival,3,46,11788,Node_686,-10,0,20,-10,20,,,,,,,,,
8,VISIT,850,Random,OnArrival,3,45,11788,Node_689,-10,0,24,-10,24,,,,,,,,,
8,VISIT,851,Random,OnArrival,3,45,11788,Node_689,-10,0,24,-10,24,,,,,,,,,
8,VISIT,852,Random,OnArrival,3,46,11788,Node_686,-10,0,20,-10,20,,,,,,,,,
8,VISIT,853,Random,OnArrival,3,31,11788,Node_584,-4,0,17,-4,17,,,,,,,,,
8,VISIT,856,Random,OnArrival,3,31,11788,Node_584,-4,0,17,-4,17,,,,,,,,,
8,VISIT,857,Random,OnArrival,3,10,11788,Node_144,12,0,9,12,9,,,,,,,,,
8,VISIT,858,Random,OnArrival,3,10,11788,Node_144,12,0,9,12,9,,,,,,,,,
8,VISIT,859,Random,OnArrival,3,10,11788,Node_453,9,0,10,9,10,,,,,,,,,
8,VISIT,860,Random,OnArrival,3,10,11788,Node_144,12,0,9,12,9,,,,,,,,,
8,VISIT,846,Random,OnArrival,3,75,11792,Node_703,-1,0,22,-1,22,,,,,,,,,
8,VISIT,849,Random,OnArrival,3,47,11792,Node_687,-10,0,21,-10,21,,,,,,,,,
8,VISIT,850,Random,OnArrival,3,46,11792,Node_690,-10,0,25,-10,25,,,,,,,,,
8,VISIT,851,Random,OnArrival,3,46,11792,Node_690,-10,0,25,-10,25,,,,,,,,,
8,VISIT,852,Random,OnArrival,3,47,11792,Node_687,-10,0,21,-10,21,,,,,,,,,
8,VISIT,853,Random,OnArrival,3,32,11792,Node_586,-4,0,18,-4,18,,,,,,,,,
8,VISIT,854,Random,OnArrival,3,28,11792,Node_620,-10,0,10,-10,10,,,,,,,,,
8,VISIT,855,Random,OnArrival,3,26,11792,Node_619,-10,0,8,-10,8,,,,,,,,,
8,VISIT,856,Random,OnArrival,3,32,11792,Node_586,-4,0,18,-4,18,,,,,,,,,
8,VISIT,857,Random,OnArrival,3,11,11792,Node_434,11,0,9,11,9,,,,,,,,,
8,VISIT,858,Random,OnArrival,3,11,11792,Node_434,11,0,9,11,9,,,,,,,,,
8,VISIT,859,Random,OnArrival,3,11,11792,Node_473,8,0,10,8,10,,,,,,,,,
8,VISIT,860,Random,OnArrival,3,11,11792,Node_434,11,0,9,11,9,,,,,,,,,
8,VISIT,845,Random,OnArrival,3,64,11796,Node_522,2,0,24,2,24,,,,,,,,,
8,VISIT,846,Random,OnArrival,3,76,11796,Node_704,-2,0,22,-2,22,,,,,,,,,
8,VISIT,849,Random,OnArrival,3,48,11796,Node_688,-10,0,22,-10,22,,,,,,,,,
8,VISIT,850,Random,OnArrival,3,47,11796,Node_691,-9,0,25,-9,25,,,,,,,,,
8,VISIT,851,Random,OnArrival,3,47,11796,Node_691,-9,0,25,-9,25,,,,,,,,,
8,VISIT,852,Random,OnArrival,3,48,11796,Node_688,-10,0,22,-10,22,,,,,,,,,
8,VISIT,853,Random,OnArrival,3,33,11796,Node_664,-5,0,18,-5,18,,,,,,,,,
8,VISIT,854,Random,OnArrival,3,29,11796,Node_621,-10,0,11,-10,11,,,,,,,,,
8,VISIT,856,Random,OnArrival,3,33,11796,Node_664,-5,0,18,-5,18,,,,,,,,,
8,VISIT,857,Random,OnArrival,3,12,11796,Node_435,10,0,9,10,9,,,,,,,,,
8,VISIT,858,Random,OnArrival,3,12,11796,Node_435,10,0,9,10,9,,,,,,,,,
8,VISIT,860,Random,OnArrival,3,12,11796,Node_435,10,0,9,10,9,,,,,,,,,
8,VISIT,845,Random,OnArrival,3,65,11800,Node_525,1,0,24,1,24,,,,,,,,,
8,VISIT,855,Random,OnArrival,3,27,11800,Node_620,-10,0,10,-10,10,,,,,,,,,
8,VISIT,857,Random,OnArrival,3,13,11800,Node_437,10,0,10,10,10,,,,,,,,,
8,VISIT,858,Random,OnArrival,3,13,11800,Node_437,10,0,10,10,10,,,,,,,,,
8,VISIT,859,Random,OnArrival,3,12,11800,Node_474,6,0,10,6,10,,,,,,,,,
8,VISIT,860,Random,OnArrival,3,13,11800,Node_437,10,0,10,10,10,,,,,,,,,
8,VISIT,846,Random,OnArrival,3,77,11804,Node_710,-3,0,23,-3,23,,,,,,,,,
8,VISIT,849,Random,OnArrival,3,49,11804,Node_689,-10,0,24,-10,24,,,,,,,,,
8,VISIT,850,Random,OnArrival,3,48,11804,Node_705,-7,0,25,-7,25,,,,,,,,,
8,VISIT,851,Random,OnArrival,3,48,11804,Node_705,-7,0,25,-7,25,,,,,,,,,
8,VISIT,852,Random,OnArrival,3,49,11804,Node_689,-10,0,24,-10,24,,,,,,,,,
8,VISIT,853,Random,OnArrival,3,34,11804,Node_665,-5,0,20,-5,20,,,,,,,,,
8,VISIT,855,Random,OnArrival,3,28,11804,Node_621,-10,0,11,-10,11,,,,,,,,,
8,VISIT,856,Random,OnArrival,3,34,11804,Node_665,-5,0,20,-5,20,,,,,,,,,
8,VISIT,857,Random,OnArrival,3,14,11804,Node_453,9,0,10,9,10,,,,,,,,,
8,VISIT,858,Random,OnArrival,3,14,11804,Node_453,9,0,10,9,10,,,,,,,,,
8,VISIT,859,Random,OnArrival,3,13,11804,Node_489,5,0,10,5,10,,,,,,,,,
8,VISIT,860,Random,OnArrival,3,14,11804,Node_453,9,0,10,9,10,,,,,,,,,
8,VISIT,849,Random,OnArrival,3,50,11808,Node_690,-10,0,25,-10,25,,,,,,,,,
8,VISIT,852,Random,OnArrival,3,50,11808,Node_690,-10,0,25,-10,25,,,,,,,,,
8,VISIT,854,Random,OnArrival,3,30,11808,Node_623,-10,0,14,-10,14,,,,,,,,,
8,VISIT,857,Random,OnArrival,3,15,11808,Node_473,8,0,10,8,10,,,,,,,,,
8,VISIT,858,Random,OnArrival,3,15,11808,Node_473,8,0,10,8,10,,,,,,,,,
8,VISIT,860,Random,OnArrival,3,15,11808,Node_473,8,0,10,8,10,,,,,,,,,
8,VISIT,849,Random,OnArrival,3,51,11813,Node_691,-9,0,25,-9,25,,,,,,,,,
8,VISIT,852,Random,OnArrival,3,51,11813,Node_691,-9,0,25,-9,25,,,,,,,,,
8,VISIT,853,Random,OnArrival,3,35,11813,Node_666,-7,0,20,-7,20,,,,,,,,,
8,VISIT,854,Random,OnArrival,3,31,11813,Node_659,-10,0,15,-10,15,,,,,,,,,
8,VISIT,856,Random,OnArrival,3,35,11813,Node_666,-7,0,20,-7,20,,,,,,,,,
8,VISIT,859,Random,OnArrival,3,14,11813,Node_495,3,0,10,3,10,,,,,,,,,
8,VISIT,850,Random,OnArrival,3,49,11821,Node_708,-7,0,24,-7,24,,,,,,,,,
8,VISIT,851,Random,OnArrival,3,49,11821,Node_708,-7,0,24,-7,24,,,,,,,,,
8,VISIT,854,Random,OnArrival,3,32,11821,Node_662,-10,0,16,-10,16,,,,,,,,,
8,VISIT,855,Random,OnArrival,3,29,11821,Node_623,-10,0,14,-10,14,,,,,,,,,
8,VISIT,857,Random,OnArrival,3,16,11821,Node_474,6,0,10,6,10,,,,,,,,,
8,VISIT,858,Random,OnArrival,3,16,11821,Node_474,6,0,10,6,10,,,,,,,,,
8,VISIT,859,Random,OnArrival,3,15,11821,Node_498,3,0,11,3,11,,,,,,,,,
8,VISIT,860,Random,OnArrival,3,16,11821,Node_474,6,0,10,6,10,,,,,,,,,
8,VISIT,849,Random,OnArrival,3,52,11826,Node_705,-7,0,25,-7,25,,,,,,,,,
8,VISIT,850,Random,OnArrival,3,50,11826,Node_724,-6,0,24,-6,24,,,,,,,,,
8,VISIT,851,Random,OnArrival,3,50,11826,Node_724,-6,0,24,-6,24,,,,,,,,,
8,VISIT,852,Random,OnArrival,3,52,11826,Node_705,-7,0,25,-7,25,,,,,,,,,
8,VISIT,853,Random,OnArrival,3,36,11826,Node_695,-9,0,20,-9,20,,,,,,,,,
8,VISIT,854,Random,OnArrival,3,33,11826,Node_694,-10,0,17,-10,17,,,,,,,,,
8,VISIT,855,Random,OnArrival,3,30,11826,Node_659,-10,0,15,-10,15,,,,,,,,,
8,VISIT,856,Random,OnArrival,3,36,11826,Node_695,-9,0,20,-9,20,,,,,,,,,
8,VISIT,857,Random,OnArrival,3,17,11826,Node_489,5,0,10,5,10,,,,,,,,,
8,VISIT,858,Random,OnArrival,3,17,11826,Node_489,5,0,10,5,10,,,,,,,,,
8,VISIT,859,Random,OnArrival,3,16,11826,Node_501,2,0,11,2,11,,,,,,,,,
8,VISIT,860,Random,OnArrival,3,17,11826,Node_489,5,0,10,5,10,,,,,,,,,
8,VISIT,849,Random,OnArrival,3,53,11830,Node_722,-6,0,25,-6,25,,,,,,,,,
8,VISIT,852,Random,OnArrival,3,53,11830,Node_708,-7,0,24,-7,24,,,,,,,,,
8,VISIT,853,Random,OnArrival,3,37,11830,Node_686,-10,0,20,-10,20,,,,,,,,,
8,VISIT,854,Random,OnArrival,3,34,11830,Node_685,-10,0,18,-10,18,,,,,,,,,
8,VISIT,855,Random,OnArrival,3,31,11830,Node_662,-10,0,16,-10,16,,,,,,,,,
8,VISIT,856,Random,OnArrival,3,37,11830,Node_686,-10,0,20,-10,20,,,,,,,,,
8,VISIT,859,Random,OnArrival,3,17,11830,Node_502,2,0,12,2,12,,,,,,,,,
8,VISIT,852,Random,OnArrival,3,54,11839,Node_724,-6,0,24,-6,24,,,,,,,,,
8,VISIT,853,Random,OnArrival,3,38,11839,Node_687,-10,0,21,-10,21,,,,,,,,,
8,VISIT,855,Random,OnArrival,3,32,11839,Node_694,-10,0,17,-10,17,,,,,,,,,
8,VISIT,856,Random,OnArrival,3,38,11839,Node_687,-10,0,21,-10,21,,,,,,,,,
8,VISIT,857,Random,OnArrival,3,18,11839,Node_495,3,0,10,3,10,,,,,,,,,
8,VISIT,858,Random,OnArrival,3,18,11839,Node_495,3,0,10,3,10,,,,,,,,,
8,VISIT,859,Random,OnArrival,3,18,11839,Node_505,2,0,13,2,13,,,,,,,,,
8,VISIT,860,Random,OnArrival,3,18,11839,Node_495,3,0,10,3,10,,,,,,,,,
8,VISIT,849,Random,OnArrival,3,54,11844,Node_727,-5,0,24,-5,24,,,,,,,,,
8,VISIT,850,Random,OnArrival,3,51,11844,Node_727,-5,0,24,-5,24,,,,,,,,,
8,VISIT,852,Random,OnArrival,3,55,11844,Node_722,-6,0,25,-6,25,,,,,,,,,
8,VISIT,853,Random,OnArrival,3,39,11844,Node_688,-10,0,22,-10,22,,,,,,,,,
8,VISIT,854,Random,OnArrival,3,35,11844,Node_686,-10,0,20,-10,20,,,,,,,,,
8,VISIT,855,Random,OnArrival,3,33,11844,Node_685,-10,0,18,-10,18,,,,,,,,,
8,VISIT,856,Random,OnArrival,3,39,11844,Node_688,-10,0,22,-10,22,,,,,,,,,
8,VISIT,857,Random,OnArrival,3,19,11844,Node_498,3,0,11,3,11,,,,,,,,,
8,VISIT,858,Random,OnArrival,3,19,11844,Node_498,3,0,11,3,11,,,,,,,,,
8,VISIT,859,Random,OnArrival,3,19,11844,Node_508,1,0,13,1,13,,,,,,,,,
8,VISIT,860,Random,OnArrival,3,19,11844,Node_498,3,0,11,3,11,,,,,,,,,
8,VISIT,849,Random,OnArrival,3,55,11850,Node_726,-5,0,23,-5,23,,,,,,,,,
8,VISIT,850,Random,OnArrival,3,52,11850,Node_726,-5,0,23,-5,23,,,,,,,,,
8,VISIT,852,Random,OnArrival,3,56,11850,Node_728,-5,0,25,-5,25,,,,,,,,,
8,VISIT,854,Random,OnArrival,3,36,11850,Node_687,-10,0,21,-10,21,,,,,,,,,
8,VISIT,857,Random,OnArrival,3,20,11850,Node_501,2,0,11,2,11,,,,,,,,,
8,VISIT,858,Random,OnArrival,3,20,11850,Node_501,2,0,11,2,11,,,,,,,,,
8,VISIT,859,Random,OnArrival,3,20,11850,Node_510,1,0,14,1,14,,,,,,,,,
8,VISIT,860,Random,OnArrival,3,20,11850,Node_501,2,0,11,2,11,,,,,,,,,
8,VISIT,849,Random,OnArrival,3,56,11857,Node_721,-4,0,23,-4,23,,,,,,,,,
8,VISIT,850,Random,OnArrival,3,53,11857,Node_721,-4,0,23,-4,23,,,,,,,,,
8,VISIT,853,Random,OnArrival,3,40,11857,Node_689,-10,0,24,-10,24,,,,,,,,,
8,VISIT,854,Random,OnArrival,3,37,11857,Node_688,-10,0,22,-10,22,,,,,,,,,
8,VISIT,855,Random,OnArrival,3,34,11857,Node_686,-10,0,20,-10,20,,,,,,,,,
8,VISIT,856,Random,OnArrival,3,40,11857,Node_689,-10,0,24,-10,24,,,,,,,,,
8,VISIT,857,Random,OnArrival,3,21,11857,Node_502,2,0,12,2,12,,,,,,,,,
8,VISIT,858,Random,OnArrival,3,21,11857,Node_502,2,0,12,2,12,,,,,,,,,
8,VISIT,859,Random,OnArrival,3,21,11857,Node_513,1,0,15,1,15,,,,,,,,,
8,VISIT,860,Random,OnArrival,3,21,11857,Node_502,2,0,12,2,12,,,,,,,,,
8,VISIT,849,Random,OnArrival,3,57,11865,Node_723,-4,0,22,-4,22,,,,,,,,,
8,VISIT,850,Random,OnArrival,3,54,11865,Node_723,-4,0,22,-4,22,,,,,,,,,
8,VISIT,853,Random,OnArrival,3,41,11865,Node_690,-10,0,25,-10,25,,,,,,,,,
8,VISIT,855,Random,OnArrival,3,35,11865,Node_687,-10,0,21,-10,21,,,,,,,,,
8,VISIT,856,Random,OnArrival,3,41,11865,Node_690,-10,0,25,-10,25,,,,,,,,,
8,VISIT,857,Random,OnArrival,3,22,11865,Node_505,2,0,13,2,13,,,,,,,,,
8,VISIT,858,Random,OnArrival,3,22,11865,Node_505,2,0,13,2,13,,,,,,,,,
8,VISIT,860,Random,OnArrival,3,22,11865,Node_505,2,0,13,2,13,,,,,,,,,
8,VISIT,849,Random,OnArrival,3,58,11874,Node_718,-3,0,22,-3,22,,,,,,,,,
8,VISIT,850,Random,OnArrival,3,55,11874,Node_718,-3,0,22,-3,22,,,,,,,,,
8,VISIT,851,Random,OnArrival,3,51,11874,Node_720,0,0,25,0,25,,,,,,,,,
8,VISIT,853,Random,OnArrival,3,42,11874,Node_691,-9,0,25,-9,25,,,,,,,,,
8,VISIT,854,Random,OnArrival,3,38,11874,Node_689,-10,0,24,-10,24,,,,,,,,,
8,VISIT,855,Random,OnArrival,3,36,11874,Node_688,-10,0,22,-10,22,,,,,,,,,
8,VISIT,856,Random,OnArrival,3,42,11874,Node_691,-9,0,25,-9,25,,,,,,,,,
8,VISIT,857,Random,OnArrival,3,23,11874,Node_508,1,0,13,1,13,,,,,,,,,
8,VISIT,858,Random,OnArrival,3,23,11874,Node_508,1,0,13,1,13,,,,,,,,,
8,VISIT,859,Random,OnArrival,3,22,11874,Node_518,1,0,17,1,17,,,,,,,,,
8,VISIT,860,Random,OnArrival,3,23,11874,Node_508,1,0,13,1,13,,,,,,,,,
8,VISIT,849,Random,OnArrival,3,59,11883,Node_704,-2,0,22,-2,22,,,,,,,,,
8,VISIT,850,Random,OnArrival,3,56,11883,Node_704,-2,0,22,-2,22,,,,,,,,,
8,VISIT,851,Random,OnArrival,3,52,11883,Node_524,1,0,25,1,25,,,,,,,,,
8,VISIT,854,Random,OnArrival,3,39,11883,Node_690,-10,0,25,-10,25,,,,,,,,,
8,VISIT,857,Random,OnArrival,3,24,11883,Node_510,1,0,14,1,14,,,,,,,,,
8,VISIT,858,Random,OnArrival,3,24,11883,Node_510,1,0,14,1,14,,,,,,,,,
8,VISIT,859,Random,OnArrival,3,23,11883,Node_693,2,0,17,2,17,,,,,,,,,
8,VISIT,860,Random,OnArrival,3,24,11883,Node_510,1,0,14,1,14,,,,,,,,,
8,VISIT,861,Random,OnArrival,3,0,11883,Node_6,19,0,12,19,12,,,,,,,,,
8,VISIT,862,Random,OnArrival,3,0,11883,Node_7,19,0,8,19,8,,,,,,,,,
8,VISIT,863,Random,OnArrival,3,0,11883,Node_8,17,0,10,17,10,,,,,,,,,
8,VISIT,864,Random,OnArrival,3,0,11883,Node_9,21,0,10,21,10,,,,,,,,,
8,VISIT,849,Random,OnArrival,3,60,11887,Node_703,-1,0,22,-1,22,,,,,,,,,
8,VISIT,850,Random,OnArrival,3,57,11887,Node_703,-1,0,22,-1,22,,,,,,,,,
8,VISIT,851,Random,OnArrival,3,53,11887,Node_523,2,0,25,2,25,,,,,,,,,
8,VISIT,852,Random,OnArrival,3,57,11887,Node_720,0,0,25,0,25,,,,,,,,,
8,VISIT,853,Random,OnArrival,3,43,11887,Node_705,-7,0,25,-7,25,,,,,,,,,
8,VISIT,854,Random,OnArrival,3,40,11887,Node_691,-9,0,25,-9,25,,,,,,,,,
8,VISIT,855,Random,OnArrival,3,37,11887,Node_689,-10,0,24,-10,24,,,,,,,,,
8,VISIT,856,Random,OnArrival,3,43,11887,Node_705,-7,0,25,-7,25,,,,,,,,,
8,VISIT,857,Random,OnArrival,3,25,11887,Node_513,1,0,15,1,15,,,,,,,,,
8,VISIT,858,Random,OnArrival,3,25,11887,Node_513,1,0,15,1,15,,,,,,,,,
8,VISIT,859,Random,OnArrival,3,24,11887,Node_535,3,0,17,3,17,,,,,,,,,
8,VISIT,860,Random,OnArrival,3,25,11887,Node_513,1,0,15,1,15,,,,,,,,,
8,VISIT,861,Random,OnArrival,3,1,11887,Node_2,19,0,11,19,11,,,,,,,,,
8,VISIT,862,Random,OnArrival,3,1,11887,Node_3,19,0,9,19,9,,,,,,,,,
8,VISIT,863,Random,OnArrival,3,1,11887,Node_24,16,0,10,16,10,,,,,,,,,
8,VISIT,864,Random,OnArrival,3,1,11887,Node_5,20,0,10,20,10,,,,,,,,,
8,VISIT,851,Random,OnArrival,3,54,11891,Node_522,2,0,24,2,24,,,,,,,,,
8,VISIT,852,Random,OnArrival,3,58,11891,Node_719,0,0,24,0,24,,,,,,,,,
8,VISIT,853,Random,OnArrival,3,44,11891,Node_722,-6,0,25,-6,25,,,,,,,,,
8,VISIT,855,Random,OnArrival,3,38,11891,Node_690,-10,0,25,-10,25,,,,,,,,,
8,VISIT,856,Random,OnArrival,3,44,11891,Node_722,-6,0,25,-6,25,,,,,,,,,
8,VISIT,859,Random,OnArrival,3,25,11891,Node_534,4,0,17,4,17,,,,,,,,,
8,VISIT,861,Random,OnArrival,3,2,11891,Node_20,19,0,10,19,10,,,,,,,,,
8,VISIT,862,Random,OnArrival,3,2,11891,Node_15,18,0,9,18,9,,,,,,,,,
8,VISIT,863,Random,OnArrival,3,2,11891,Node_26,15,0,10,15,10,,,,,,,,,
8,VISIT,864,Random,OnArrival,3,2,11891,Node_20,19,0,10,19,10,,,,,,,,,
8,VISIT,849,Random,OnArrival,3,61,11895,Node_702,-1,0,20,-1,20,,,,,,,,,
8,VISIT,850,Random,OnArrival,3,58,11895,Node_702,-1,0,20,-1,20,,,,,,,,,
8,VISIT,852,Random,OnArrival,3,59,11895,Node_525,1,0,24,1,24,,,,,,,,,
8,VISIT,853,Random,OnArrival,3,45,11895,Node_728,-5,0,25,-5,25,,,,,,,,,
8,VISIT,854,Random,OnArrival,3,41,11895,Node_705,-7,0,25,-7,25,,,,,,,,,
8,VISIT,855,Random,OnArrival,3,39,11895,Node_691,-9,0,25,-9,25,,,,,,,,,
8,VISIT,856,Random,OnArrival,3,45,11895,Node_728,-5,0,25,-5,25,,,,,,,,,
8,VISIT,857,Random,OnArrival,3,26,11895,Node_518,1,0,17,1,17,,,,,,,,,
8,VISIT,858,Random,OnArrival,3,26,11895,Node_518,1,0,17,1,17,,,,,,,,,
8,VISIT,859,Random,OnArrival,3,26,11895,Node_497,5,0,17,5,17,,,,,,,,,
8,VISIT,860,Random,OnArrival,3,26,11895,Node_518,1,0,17,1,17,,,,,,,,,
8,VISIT,861,Random,OnArrival,3,3,11895,Node_4,18,0,10,18,10,,,,,,,,,
8,VISIT,862,Random,OnArrival,3,3,11895,Node_4,18,0,10,18,10,,,,,,,,,
8,VISIT,863,Random,OnArrival,3,3,11895,Node_59,14,0,10,14,10,,,,,,,,,
8,VISIT,864,Random,OnArrival,3,3,11895,Node_4,18,0,10,18,10,,,,,,,,,
8,VISIT,851,Random,OnArrival,3,55,11899,Node_519,2,0,22,2,22,,,,,,,,,
8,VISIT,852,Random,OnArrival,3,60,11899,Node_522,2,0,24,2,24,,,,,,,,,
8,VISIT,854,Random,OnArrival,3,42,11899,Node_722,-6,0,25,-6,25,,,,,,,,,
8,VISIT,857,Random,OnArrival,3,27,11899,Node_693,2,0,17,2,17,,,,,,,,,
8,VISIT,858,Random,OnArrival,3,27,11899,Node_693,2,0,17,2,17,,,,,,,,,
8,VISIT,859,Random,OnArrival,3,27,11899,Node_583,6,0,17,6,17,,,,,,,,,
8,VISIT,860,Random,OnArrival,3,27,11899,Node_693,2,0,17,2,17,,,,,,,,,
8,VISIT,861,Random,OnArrival,3,4,11899,Node_8,17,0,10,17,10,,,,,,,,,
8,VISIT,862,Random,OnArrival,3,4,11899,Node_8,17,0,10,17,10,,,,,,,,,
8,VISIT,863,Random,OnArrival,3,4,11899,Node_90,13,0,10,13,10,,,,,,,,,
8,VISIT,864,Random,OnArrival,3,4,11899,Node_8,17,0,10,17,10,,,,,,,,,
8,VISIT,849,Random,OnArrival,3,62,11903,Node_715,1,0,20,1,20,,,,,,,,,
8,VISIT,850,Random,OnArrival,3,59,11903,Node_715,1,0,20,1,20,,,,,,,,,
8,VISIT,851,Random,OnArrival,3,56,11903,Node_717,2,0,21,2,21,,,,,,,,,
8,VISIT,854,Random,OnArrival,3,43,11903,Node_728,-5,0,25,-5,25,,,,,,,,,
8,VISIT,855,Random,OnArrival,3,40,11903,Node_705,-7,0,25,-7,25,,,,,,,,,
8,VISIT,857,Random,OnArrival,3,28,11903,Node_535,3,0,17,3,17,,,,,,,,,
8,VISIT,858,Random,OnArrival,3,28,11903,Node_535,3,0,17,3,17,,,,,,,,,
8,VISIT,859,Random,OnArrival,3,28,11903,Node_585,6,0,18,6,18,,,,,,,,,
8,VISIT,860,Random,OnArrival,3,28,11903,Node_535,3,0,17,3,17,,,,,,,,,
8,VISIT,861,Random,OnArrival,3,5,11903,Node_24,16,0,10,16,10,,,,,,,,,
8,VISIT,862,Random,OnArrival,3,5,11903,Node_24,16,0,10,16,10,,,,,,,,,
8,VISIT,863,Random,OnArrival,3,5,11903,Node_136,13,0,9,13,9,,,,,,,,,
8,VISIT,864,Random,OnArrival,3,5,11903,Node_24,16,0,10,16,10,,,,,,,,,
8,VISIT,849,Random,OnArrival,3,63,11907,Node_596,2,0,20,2,20,,,,,,,,,
8,VISIT,850,Random,OnArrival,3,60,11907,Node_596,2,0,20,2,20,,,,,,,,,
8,VISIT,851,Random,OnArrival,3,57,11907,Node_596,2,0,20,2,20,,,,,,,,,
8,VISIT,852,Random,OnArrival,3,61,11907,Node_519,2,0,22,2,22,,,,,,,,,
8,VISIT,855,Random,OnArrival,3,41,11907,Node_722,-6,0,25,-6,25,,,,,,,,,
8,VISIT,857,Random,OnArrival,3,29,11907,Node_534,4,0,17,4,17,,,,,,,,,
8,VISIT,858,Random,OnArrival,3,29,11907,Node_534,4,0,17,4,17,,,,,,,,,
8,VISIT,859,Random,OnArrival,3,29,11907,Node_500,5,0,18,5,18,,,,,,,,,
8,VISIT,860,Random,OnArrival,3,29,11907,Node_534,4,0,17,4,17,,,,,,,,,
8,VISIT,861,Random,OnArrival,3,6,11907,Node_26,15,0,10,15,10,,,,,,,,,
8,VISIT,862,Random,OnArrival,3,6,11907,Node_26,15,0,10,15,10,,,,,,,,,
8,VISIT,863,Random,OnArrival,3,6,11907,Node_144,12,0,9,12,9,,,,,,,,,
8,VISIT,864,Random,OnArrival,3,6,11907,Node_26,15,0,10,15,10,,,,,,,,,
8,VISIT,849,Random,OnArrival,3,64,11911,Node_717,2,0,21,2,21,,,,,,,,,
8,VISIT,850,Random,OnArrival,3,61,11911,Node_717,2,0,21,2,21,,,,,,,,,
8,VISIT,851,Random,OnArrival,3,58,11911,Node_511,3,0,20,3,20,,,,,,,,,
8,VISIT,852,Random,OnArrival,3,62,11911,Node_717,2,0,21,2,21,,,,,,,,,
8,VISIT,855,Random,OnArrival,3,42,11911,Node_728,-5,0,25,-5,25,,,,,,,,,
8,VISIT,857,Random,OnArrival,3,30,11911,Node_497,5,0,17,5,17,,,,,,,,,
8,VISIT,858,Random,OnArrival,3,30,11911,Node_497,5,0,17,5,17,,,,,,,,,
8,VISIT,859,Random,OnArrival,3,30,11911,Node_503,5,0,19,5,19,,,,,,,,,
8,VISIT,860,Random,OnArrival,3,30,11911,Node_497,5,0,17,5,17,,,,,,,,,
8,VISIT,861,Random,OnArrival,3,7,11911,Node_59,14,0,10,14,10,,,,,,,,,
8,VISIT,862,Random,OnArrival,3,7,11911,Node_59,14,0,10,14,10,,,,,,,,,
8,VISIT,863,Random,OnArrival,3,7,11911,Node_434,11,0,9,11,9,,,,,,,,,
8,VISIT,864,Random,OnArrival,3,7,11911,Node_59,14,0,10,14,10,,,,,,,,,
8,VISIT,849,Random,OnArrival,3,65,11915,Node_514,3,0,21,3,21,,,,,,,,,
8,VISIT,850,Random,OnArrival,3,62,11915,Node_514,3,0,21,3,21,,,,,,,,,
8,VISIT,852,Random,OnArrival,3,63,11915,Node_514,3,0,21,3,21,,,,,,,,,
8,VISIT,853,Random,OnArrival,3,46,11915,Node_720,0,0,25,0,25,,,,,,,,,
8,VISIT,856,Random,OnArrival,3,46,11915,Node_720,0,0,25,0,25,,,,,,,,,
8,VISIT,857,Random,OnArrival,3,31,11915,Node_500,5,0,18,5,18,,,,,,,,,
8,VISIT,858,Random,OnArrival,3,31,11915,Node_500,5,0,18,5,18,,,,,,,,,
8,VISIT,859,Random,OnArrival,3,31,11915,Node_588,6,0,19,6,19,,,,,,,,,
8,VISIT,860,Random,OnArrival,3,31,11915,Node_500,5,0,18,5,18,,,,,,,,,
8,VISIT,861,Random,OnArrival,3,8,11915,Node_90,13,0,10,13,10,,,,,,,,,
8,VISIT,862,Random,OnArrival,3,8,11915,Node_90,13,0,10,13,10,,,,,,,,,
8,VISIT,863,Random,OnArrival,3,8,11915,Node_435,10,0,9,10,9,,,,,,,,,
8,VISIT,864,Random,OnArrival,3,8,11915,Node_90,13,0,10,13,10,,,,,,,,,
8,VISIT,849,Random,OnArrival,3,66,11919,Node_511,3,0,20,3,20,,,,,,,,,
8,VISIT,850,Random,OnArrival,3,63,11919,Node_511,3,0,20,3,20,,,,,,,,,
8,VISIT,851,Random,OnArrival,3,59,11919,Node_506,5,0,20,5,20,,,,,,,,,
8,VISIT,852,Random,OnArrival,3,64,11919,Node_511,3,0,20,3,20,,,,,,,,,
8,VISIT,853,Random,OnArrival,3,47,11919,Node_719,0,0,24,0,24,,,,,,,,,
8,VISIT,856,Random,OnArrival,3,47,11919,Node_719,0,0,24,0,24,,,,,,,,,
8,VISIT,857,Random,OnArrival,3,32,11919,Node_585,6,0,18,6,18,,,,,,,,,
8,VISIT,858,Random,OnArrival,3,32,11919,Node_585,6,0,18,6,18,,,,,,,,,
8,VISIT,859,Random,OnArrival,3,32,11919,Node_594,7,0,19,7,19,,,,,,,,,
8,VISIT,860,Random,OnArrival,3,32,11919,Node_585,6,0,18,6,18,,,,,,,,,
8,VISIT,861,Random,OnArrival,3,9,11919,Node_136,13,0,9,13,9,,,,,,,,,
8,VISIT,862,Random,OnArrival,3,9,11919,Node_136,13,0,9,13,9,,,,,,,,,
8,VISIT,863,Random,OnArrival,3,9,11919,Node_437,10,0,10,10,10,,,,,,,,,
8,VISIT,864,Random,OnArrival,3,9,11919,Node_136,13,0,9,13,9,,,,,,,,,
8,VISIT,851,Random,OnArrival,3,60,11923,Node_503,5,0,19,5,19,,,,,,,,,
8,VISIT,853,Random,OnArrival,3,48,11923,Node_525,1,0,24,1,24,,,,,,,,,
8,VISIT,854,Random,OnArrival,3,44,11923,Node_720,0,0,25,0,25,,,,,,,,,
8,VISIT,856,Random,OnArrival,3,48,11923,Node_525,1,0,24,1,24,,,,,,,,,
8,VISIT,861,Random,OnArrival,3,10,11923,Node_144,12,0,9,12,9,,,,,,,,,
8,VISIT,862,Random,OnArrival,3,10,11923,Node_144,12,0,9,12,9,,,,,,,,,
8,VISIT,863,Random,OnArrival,3,10,11923,Node_453,9,0,10,9,10,,,,,,,,,
8,VISIT,864,Random,OnArrival,3,10,11923,Node_144,12,0,9,12,9,,,,,,,,,
8,VISIT,849,Random,OnArrival,3,67,11927,Node_506,5,0,20,5,20,,,,,,,,,
8,VISIT,850,Random,OnArrival,3,64,11927,Node_506,5,0,20,5,20,,,,,,,,,
8,VISIT,851,Random,OnArrival,3,61,11927,Node_500,5,0,18,5,18,,,,,,,,,
8,VISIT,852,Random,OnArrival,3,65,11927,Node_506,5,0,20,5,20,,,,,,,,,
8,VISIT,853,Random,OnArrival,3,49,11927,Node_522,2,0,24,2,24,,,,,,,,,
8,VISIT,854,Random,OnArrival,3,45,11927,Node_719,0,0,24,0,24,,,,,,,,,
8,VISIT,856,Random,OnArrival,3,49,11927,Node_522,2,0,24,2,24,,,,,,,,,
8,VISIT,857,Random,OnArrival,3,33,11927,Node_594,7,0,19,7,19,,,,,,,,,
8,VISIT,858,Random,OnArrival,3,33,11927,Node_594,7,0,19,7,19,,,,,,,,,
8,VISIT,859,Random,OnArrival,3,33,11927,Node_452,8,0,18,8,18,,,,,,,,,
8,VISIT,860,Random,OnArrival,3,33,11927,Node_452,8,0,18,8,18,,,,,,,,,
8,VISIT,861,Random,OnArrival,3,11,11927,Node_434,11,0,9,11,9,,,,,,,,,
8,VISIT,862,Random,OnArrival,3,11,11927,Node_434,11,0,9,11,9,,,,,,,,,
8,VISIT,863,Random,OnArrival,3,11,11927,Node_473,8,0,10,8,10,,,,,,,,,
8,VISIT,864,Random,OnArrival,3,11,11927,Node_434,11,0,9,11,9,,,,,,,,,
8,VISIT,849,Random,OnArrival,3,68,11932,Node_590,6,0,20,6,20,,,,,,,,,
8,VISIT,850,Random,OnArrival,3,65,11932,Node_590,6,0,20,6,20,,,,,,,,,
8,VISIT,851,Random,OnArrival,3,62,11932,Node_585,6,0,18,6,18,,,,,,,,,
8,VISIT,852,Random,OnArrival,3,66,11932,Node_590,6,0,20,6,20,,,,,,,,,
8,VISIT,854,Random,OnArrival,3,46,11932,Node_525,1,0,24,1,24,,,,,,,,,
8,VISIT,855,Random,OnArrival,3,43,11932,Node_720,0,0,25,0,25,,,,,,,,,
8,VISIT,857,Random,OnArrival,3,34,11932,Node_729,7,0,18,7,18,,,,,,,,,
8,VISIT,858,Random,OnArrival,3,34,11932,Node_595,7,0,20,7,20,,,,,,,,,
8,VISIT,859,Random,OnArrival,3,34,11932,Node_451,9,0,18,9,18,,,,,,,,,
8,VISIT,860,Random,OnArrival,3,34,11932,Node_454,8,0,17,8,17,,,,,,,,,
8,VISIT,861,Random,OnArrival,3,12,11932,Node_435,10,0,9,10,9,,,,,,,,,
8,VISIT,862,Random,OnArrival,3,12,11932,Node_435,10,0,9,10,9,,,,,,,,,
8,VISIT,864,Random,OnArrival,3,12,11932,Node_435,10,0,9,10,9,,,,,,,,,
8,VISIT,849,Random,OnArrival,3,69,11939,Node_595,7,0,20,7,20,,,,,,,,,
8,VISIT,850,Random,OnArrival,3,66,11939,Node_595,7,0,20,7,20,,,,,,,,,
8,VISIT,851,Random,OnArrival,3,63,11939,Node_729,7,0,18,7,18,,,,,,,,,
8,VISIT,852,Random,OnArrival,3,67,11939,Node_595,7,0,20,7,20,,,,,,,,,
8,VISIT,853,Random,OnArrival,3,50,11939,Node_519,2,0,22,2,22,,,,,,,,,
8,VISIT,854,Random,OnArrival,3,47,11939,Node_522,2,0,24,2,24,,,,,,,,,
8,VISIT,855,Random,OnArrival,3,44,11939,Node_719,0,0,24,0,24,,,,,,,,,
8,VISIT,856,Random,OnArrival,3,50,11939,Node_519,2,0,22,2,22,,,,,,,,,
8,VISIT,857,Random,OnArrival,3,35,11939,Node_594,7,0,19,7,19,,,,,,,,,
8,VISIT,859,Random,OnArrival,3,35,11939,Node_450,9,0,17,9,17,,,,,,,,,
8,VISIT,860,Random,OnArrival,3,35,11939,Node_450,9,0,17,9,17,,,,,,,,,
8,VISIT,861,Random,OnArrival,3,13,11939,Node_437,10,0,10,10,10,,,,,,,,,
8,VISIT,862,Random,OnArrival,3,13,11939,Node_437,10,0,10,10,10,,,,,,,,,
8,VISIT,863,Random,OnArrival,3,12,11939,Node_474,6,0,10,6,10,,,,,,,,,
8,VISIT,864,Random,OnArrival,3,13,11939,Node_437,10,0,10,10,10,,,,,,,,,
8,VISIT,849,Random,OnArrival,3,70,11944,Node_730,8,0,20,8,20,,,,,,,,,
8,VISIT,850,Random,OnArrival,3,67,11944,Node_730,8,0,20,8,20,,,,,,,,,
8,VISIT,851,Random,OnArrival,3,64,11944,Node_452,8,0,18,8,18,,,,,,,,,
8,VISIT,852,Random,OnArrival,3,68,11944,Node_730,8,0,20,8,20,,,,,,,,,
8,VISIT,853,Random,OnArrival,3,51,11944,Node_516,3,0,22,3,22,,,,,,,,,
8,VISIT,855,Random,OnArrival,3,45,11944,Node_525,1,0,24,1,24,,,,,,,,,
8,VISIT,856,Random,OnArrival,3,51,11944,Node_516,3,0,22,3,22,,,,,,,,,
8,VISIT,857,Random,OnArrival,3,36,11944,Node_595,7,0,20,7,20,,,,,,,,,
8,VISIT,859,Random,OnArrival,3,36,11944,Node_454,8,0,17,8,17,,,,,,,,,
8,VISIT,860,Random,OnArrival,3,36,11944,Node_448,9,0,16,9,16,,,,,,,,,
8,VISIT,861,Random,OnArrival,3,14,11944,Node_453,9,0,10,9,10,,,,,,,,,
8,VISIT,862,Random,OnArrival,3,14,11944,Node_453,9,0,10,9,10,,,,,,,,,
8,VISIT,863,Random,OnArrival,3,13,11944,Node_489,5,0,10,5,10,,,,,,,,,
8,VISIT,864,Random,OnArrival,3,14,11944,Node_453,9,0,10,9,10,,,,,,,,,
8,VISIT,849,Random,OnArrival,3,71,11950,Node_731,8,0,21,8,21,,,,,,,,,
8,VISIT,850,Random,OnArrival,3,68,11950,Node_731,8,0,21,8,21,,,,,,,,,
8,VISIT,851,Random,OnArrival,3,65,11950,Node_451,9,0,18,9,18,,,,,,,,,
8,VISIT,852,Random,OnArrival,3,69,11950,Node_731,8,0,21,8,21,,,,,,,,,
8,VISIT,853,Random,OnArrival,3,52,11950,Node_514,3,0,21,3,21,,,,,,,,,
8,VISIT,854,Random,OnArrival,3,48,11950,Node_519,2,0,22,2,22,,,,,,,,,
8,VISIT,855,Random,OnArrival,3,46,11950,Node_522,2,0,24,2,24,,,,,,,,,
8,VISIT,856,Random,OnArrival,3,52,11950,Node_514,3,0,21,3,21,,,,,,,,,
8,VISIT,857,Random,OnArrival,3,37,11950,Node_730,8,0,20,8,20,,,,,,,,,
8,VISIT,859,Random,OnArrival,3,37,11950,Node_450,9,0,17,9,17,,,,,,,,,
8,VISIT,860,Random,OnArrival,3,37,11950,Node_456,8,0,16,8,16,,,,,,,,,
8,VISIT,861,Random,OnArrival,3,15,11950,Node_473,8,0,10,8,10,,,,,,,,,
8,VISIT,862,Random,OnArrival,3,15,11950,Node_473,8,0,10,8,10,,,,,,,,,
8,VISIT,864,Random,OnArrival,3,15,11950,Node_473,8,0,10,8,10,,,,,,,,,
8,VISIT,849,Random,OnArrival,3,72,11957,Node_732,8,0,22,8,22,,,,,,,,,
8,VISIT,850,Random,OnArrival,3,69,11957,Node_732,8,0,22,8,22,,,,,,,,,
8,VISIT,851,Random,OnArrival,3,66,11957,Node_450,9,0,17,9,17,,,,,,,,,
8,VISIT,852,Random,OnArrival,3,70,11957,Node_732,8,0,22,8,22,,,,,,,,,
8,VISIT,853,Random,OnArrival,3,53,11957,Node_511,3,0,20,3,20,,,,,,,,,
8,VISIT,854,Random,OnArrival,3,49,11957,Node_717,2,0,21,2,21,,,,,,,,,
8,VISIT,856,Random,OnArrival,3,53,11957,Node_511,3,0,20,3,20,,,,,,,,,
8,VISIT,859,Random,OnArrival,3,38,11957,Node_448,9,0,16,9,16,,,,,,,,,
8,VISIT,860,Random,OnArrival,3,38,11957,Node_454,8,0,17,8,17,,,,,,,,,
8,VISIT,863,Random,OnArrival,3,14,11957,Node_490,5,0,12,5,12,,,,,,,,,
8,VISIT,849,Random,OnArrival,3,73,11966,Node_734,7,0,22,7,22,,,,,,,,,
8,VISIT,850,Random,OnArrival,3,70,11966,Node_734,7,0,22,7,22,,,,,,,,,
8,VISIT,851,Random,OnArrival,3,67,11966,Node_448,9,0,16,9,16,,,,,,,,,
8,VISIT,852,Random,OnArrival,3,71,11966,Node_734,7,0,22,7,22,,,,,,,,,
8,VISIT,854,Random,OnArrival,3,50,11966,Node_596,2,0,20,2,20,,,,,,,,,
8,VISIT,855,Random,OnArrival,3,47,11966,Node_519,2,0,22,2,22,,,,,,,,,
8,VISIT,859,Random,OnArrival,3,39,11966,Node_450,9,0,17,9,17,,,,,,,,,
8,VISIT,860,Random,OnArrival,3,39,11966,Node_452,8,0,18,8,18,,,,,,,,,
8,VISIT,861,Random,OnArrival,3,16,11966,Node_474,6,0,10,6,10,,,,,,,,,
8,VISIT,862,Random,OnArrival,3,16,11966,Node_474,6,0,10,6,10,,,,,,,,,
8,VISIT,863,Random,OnArrival,3,15,11966,Node_491,5,0,13,5,13,,,,,,,,,
8,VISIT,864,Random,OnArrival,3,16,11966,Node_474,6,0,10,6,10,,,,,,,,,
8,VISIT,849,Random,OnArrival,3,74,11973,Node_736,7,0,23,7,23,,,,,,,,,
8,VISIT,850,Random,OnArrival,3,71,11973,Node_736,7,0,23,7,23,,,,,,,,,
8,VISIT,851,Random,OnArrival,3,68,11973,Node_450,9,0,17,9,17,,,,,,,,,
8,VISIT,852,Random,OnArrival,3,72,11973,Node_736,7,0,23,7,23,,,,,,,,,
8,VISIT,853,Random,OnArrival,3,54,11973,Node_506,5,0,20,5,20,,,,,,,,,
8,VISIT,854,Random,OnArrival,3,51,11973,Node_511,3,0,20,3,20,,,,,,,,,
8,VISIT,855,Random,OnArrival,3,48,11973,Node_717,2,0,21,2,21,,,,,,,,,
8,VISIT,856,Random,OnArrival,3,54,11973,Node_506,5,0,20,5,20,,,,,,,,,
8,VISIT,859,Random,OnArrival,3,40,11973,Node_451,9,0,18,9,18,,,,,,,,,
8,VISIT,860,Random,OnArrival,3,40,11973,Node_451,9,0,18,9,18,,,,,,,,,
8,VISIT,861,Random,OnArrival,3,17,11973,Node_489,5,0,10,5,10,,,,,,,,,
8,VISIT,862,Random,OnArrival,3,17,11973,Node_489,5,0,10,5,10,,,,,,,,,
8,VISIT,863,Random,OnArrival,3,16,11973,Node_492,5,0,14,5,14,,,,,,,,,
8,VISIT,864,Random,OnArrival,3,17,11973,Node_489,5,0,10,5,10,,,,,,,,,
8,VISIT,849,Random,OnArrival,3,75,11980,Node_738,6,0,23,6,23,,,,,,,,,
8,VISIT,850,Random,OnArrival,3,72,11980,Node_738,6,0,23,6,23,,,,,,,,,
8,VISIT,851,Random,OnArrival,3,69,11980,Node_451,9,0,18,9,18,,,,,,,,,
8,VISIT,852,Random,OnArrival,3,73,11980,Node_738,6,0,23,6,23,,,,,,,,,
8,VISIT,853,Random,OnArrival,3,55,11980,Node_590,6,0,20,6,20,,,,,,,,,
8,VISIT,855,Random,OnArrival,3,49,11980,Node_596,2,0,20,2,20,,,,,,,,,
8,VISIT,856,Random,OnArrival,3,55,11980,Node_590,6,0,20,6,20,,,,,,,,,
8,VISIT,857,Random,OnArrival,3,38,11980,Node_732,8,0,22,8,22,,,,,,,,,
8,VISIT,863,Random,OnArrival,3,17,11980,Node_493,5,0,15,5,15,,,,,,,,,
8,VISIT,849,Random,OnArrival,3,76,11990,Node_739,6,0,24,6,24,,,,,,,,,
8,VISIT,850,Random,OnArrival,3,73,11990,Node_739,6,0,24,6,24,,,,,,,,,
8,VISIT,852,Random,OnArrival,3,74,11990,Node_739,6,0,24,6,24,,,,,,,,,
8,VISIT,853,Random,OnArrival,3,56,11990,Node_595,7,0,20,7,20,,,,,,,,,
8,VISIT,854,Random,OnArrival,3,52,11990,Node_506,5,0,20,5,20,,,,,,,,,
8,VISIT,855,Random,OnArrival,3,50,11990,Node_511,3,0,20,3,20,,,,,,,,,
8,VISIT,856,Random,OnArrival,3,56,11990,Node_595,7,0,20,7,20,,,,,,,,,
8,VISIT,857,Random,OnArrival,3,39,11990,Node_731,8,0,21,8,21,,,,,,,,,
8,VISIT,859,Random,OnArrival,3,41,11990,Node_151,11,0,18,11,18,,,,,,,,,
8,VISIT,860,Random,OnArrival,3,41,11990,Node_151,11,0,18,11,18,,,,,,,,,
8,VISIT,861,Random,OnArrival,3,18,11990,Node_490,5,0,12,5,12,,,,,,,,,
8,VISIT,862,Random,OnArrival,3,18,11990,Node_490,5,0,12,5,12,,,,,,,,,
8,VISIT,863,Random,OnArrival,3,18,11990,Node_494,5,0,16,5,16,,,,,,,,,
8,VISIT,864,Random,OnArrival,3,18,11990,Node_490,5,0,12,5,12,,,,,,,,,
8,VISIT,849,Random,OnArrival,3,77,11998,Node_740,6,0,25,6,25,,,,,,,,,
8,VISIT,850,Random,OnArrival,3,74,11998,Node_740,6,0,25,6,25,,,,,,,,,
8,VISIT,851,Random,OnArrival,3,70,11998,Node_151,11,0,18,11,18,,,,,,,,,
8,VISIT,852,Random,OnArrival,3,75,11998,Node_740,6,0,25,6,25,,,,,,,,,
8,VISIT,853,Random,OnArrival,3,57,11998,Node_730,8,0,20,8,20,,,,,,,,,
8,VISIT,854,Random,OnArrival,3,53,11998,Node_590,6,0,20,6,20,,,,,,,,,
8,VISIT,856,Random,OnArrival,3,57,11998,Node_730,8,0,20,8,20,,,,,,,,,
8,VISIT,857,Random,OnArrival,3,40,11998,Node_735,9,0,21,9,21,,,,,,,,,
8,VISIT,861,Random,OnArrival,3,19,11998,Node_491,5,0,13,5,13,,,,,,,,,
8,VISIT,862,Random,OnArrival,3,19,11998,Node_491,5,0,13,5,13,,,,,,,,,
8,VISIT,863,Random,OnArrival,3,19,11998,Node_497,5,0,17,5,17,,,,,,,,,
8,VISIT,864,Random,OnArrival,3,19,11998,Node_491,5,0,13,5,13,,,,,,,,,
8,VISIT,849,Random,OnArrival,3,78,12007,Node_741,5,0,25,5,25,,,,,,,,,
8,VISIT,850,Random,OnArrival,3,75,12007,Node_741,5,0,25,5,25,,,,,,,,,
8,VISIT,852,Random,OnArrival,3,76,12007,Node_741,5,0,25,5,25,,,,,,,,,
8,VISIT,853,Random,OnArrival,3,58,12007,Node_731,8,0,21,8,21,,,,,,,,,
8,VISIT,854,Random,OnArrival,3,54,12007,Node_595,7,0,20,7,20,,,,,,,,,
8,VISIT,855,Random,OnArrival,3,51,12007,Node_506,5,0,20,5,20,,,,,,,,,
8,VISIT,856,Random,OnArrival,3,58,12007,Node_731,8,0,21,8,21,,,,,,,,,
8,VISIT,859,Random,OnArrival,3,42,12007,Node_154,11,0,20,11,20,,,,,,,,,
8,VISIT,860,Random,OnArrival,3,42,12007,Node_154,11,0,20,11,20,,,,,,,,,
8,VISIT,861,Random,OnArrival,3,20,12007,Node_492,5,0,14,5,14,,,,,,,,,
8,VISIT,862,Random,OnArrival,3,20,12007,Node_492,5,0,14,5,14,,,,,,,,,
8,VISIT,863,Random,OnArrival,3,20,12007,Node_500,5,0,18,5,18,,,,,,,,,
8,VISIT,864,Random,OnArrival,3,20,12007,Node_492,5,0,14,5,14,,,,,,,,,
8,VISIT,849,Random,OnArrival,3,79,12016,Node_742,5,0,24,5,24,,,,,,,,,
8,VISIT,850,Random,OnArrival,3,76,12016,Node_742,5,0,24,5,24,,,,,,,,,
8,VISIT,851,Random,OnArrival,3,71,12016,Node_154,11,0,20,11,20,,,,,,,,,
8,VISIT,852,Random,OnArrival,3,77,12016,Node_742,5,0,24,5,24,,,,,,,,,
8,VISIT,853,Random,OnArrival,3,59,12016,Node_735,9,0,21,9,21,,,,,,,,,
8,VISIT,854,Random,OnArrival,3,55,12016,Node_730,8,0,20,8,20,,,,,,,,,
8,VISIT,855,Random,OnArrival,3,52,12016,Node_590,6,0,20,6,20,,,,,,,,,
8,VISIT,856,Random,OnArrival,3,59,12016,Node_732,8,0,22,8,22,,,,,,,,,
8,VISIT,857,Random,OnArrival,3,41,12016,Node_156,11,0,21,11,21,,,,,,,,,
8,VISIT,861,Random,OnArrival,3,21,12016,Node_493,5,0,15,5,15,,,,,,,,,
8,VISIT,862,Random,OnArrival,3,21,12016,Node_493,5,0,15,5,15,,,,,,,,,
8,VISIT,863,Random,OnArrival,3,21,12016,Node_503,5,0,19,5,19,,,,,,,,,
8,VISIT,864,Random,OnArrival,3,21,12016,Node_493,5,0,15,5,15,,,,,,,,,
8,VISIT,851,Random,OnArrival,3,72,12025,Node_743,12,0,20,12,20,,,,,,,,,
8,VISIT,854,Random,OnArrival,3,56,12025,Node_731,8,0,21,8,21,,,,,,,,,
8,VISIT,855,Random,OnArrival,3,53,12025,Node_595,7,0,20,7,20,,,,,,,,,
8,VISIT,856,Random,OnArrival,3,60,12025,Node_734,7,0,22,7,22,,,,,,,,,
8,VISIT,861,Random,OnArrival,3,22,12025,Node_494,5,0,16,5,16,,,,,,,,,
8,VISIT,862,Random,OnArrival,3,22,12025,Node_494,5,0,16,5,16,,,,,,,,,
8,VISIT,863,Random,OnArrival,3,22,12025,Node_506,5,0,20,5,20,,,,,,,,,
8,VISIT,864,Random,OnArrival,3,22,12025,Node_494,5,0,16,5,16,,,,,,,,,
8,VISIT,851,Random,OnArrival,3,73,12035,Node_745,12,0,21,12,21,,,,,,,,,
8,VISIT,853,Random,OnArrival,3,60,12035,Node_156,11,0,21,11,21,,,,,,,,,
8,VISIT,854,Random,OnArrival,3,57,12035,Node_732,8,0,22,8,22,,,,,,,,,
8,VISIT,855,Random,OnArrival,3,54,12035,Node_730,8,0,20,8,20,,,,,,,,,
8,VISIT,861,Random,OnArrival,3,23,12035,Node_497,5,0,17,5,17,,,,,,,,,
8,VISIT,862,Random,OnArrival,3,23,12035,Node_497,5,0,17,5,17,,,,,,,,,
8,VISIT,864,Random,OnArrival,3,23,12035,Node_497,5,0,17,5,17,,,,,,,,,
8,VISIT,849,Random,OnArrival,3,80,12045,Node_741,5,0,25,5,25,,,,,,,,,
8,VISIT,850,Random,OnArrival,3,77,12045,Node_741,5,0,25,5,25,,,,,,,,,
8,VISIT,851,Random,OnArrival,3,74,12045,Node_748,12,0,22,12,22,,,,,,,,,
8,VISIT,852,Random,OnArrival,3,78,12045,Node_741,5,0,25,5,25,,,,,,,,,
8,VISIT,853,Random,OnArrival,3,61,12045,Node_158,11,0,22,11,22,,,,,,,,,
8,VISIT,854,Random,OnArrival,3,58,12045,Node_734,7,0,22,7,22,,,,,,,,,
8,VISIT,855,Random,OnArrival,3,55,12045,Node_731,8,0,21,8,21,,,,,,,,,
8,VISIT,856,Random,OnArrival,3,61,12045,Node_738,6,0,23,6,23,,,,,,,,,
8,VISIT,861,Random,OnArrival,3,24,12045,Node_500,5,0,18,5,18,,,,,,,,,
8,VISIT,862,Random,OnArrival,3,24,12045,Node_500,5,0,18,5,18,,,,,,,,,
8,VISIT,863,Random,OnArrival,3,23,12045,Node_511,3,0,20,3,20,,,,,,,,,
8,VISIT,864,Random,OnArrival,3,24,12045,Node_500,5,0,18,5,18,,,,,,,,,
8,VISIT,849,Random,OnArrival,3,81,12055,Node_740,6,0,25,6,25,,,,,,,,,
8,VISIT,850,Random,OnArrival,3,78,12055,Node_740,6,0,25,6,25,,,,,,,,,
8,VISIT,851,Random,OnArrival,3,75,12055,Node_749,12,0,23,12,23,,,,,,,,,
8,VISIT,852,Random,OnArrival,3,79,12055,Node_740,6,0,25,6,25,,,,,,,,,
8,VISIT,853,Random,OnArrival,3,62,12055,Node_748,12,0,22,12,22,,,,,,,,,
8,VISIT,854,Random,OnArrival,3,59,12055,Node_736,7,0,23,7,23,,,,,,,,,
8,VISIT,855,Random,OnArrival,3,56,12055,Node_735,9,0,21,9,21,,,,,,,,,
8,VISIT,856,Random,OnArrival,3,62,12055,Node_739,6,0,24,6,24,,,,,,,,,
8,VISIT,861,Random,OnArrival,3,25,12055,Node_503,5,0,19,5,19,,,,,,,,,
8,VISIT,862,Random,OnArrival,3,25,12055,Node_503,5,0,19,5,19,,,,,,,,,
8,VISIT,863,Random,OnArrival,3,24,12055,Node_514,3,0,21,3,21,,,,,,,,,
8,VISIT,864,Random,OnArrival,3,25,12055,Node_503,5,0,19,5,19,,,,,,,,,
8,VISIT,851,Random,OnArrival,3,76,12065,Node_750,12,0,24,12,24,,,,,,,,,
8,VISIT,854,Random,OnArrival,3,60,12065,Node_738,6,0,23,6,23,,,,,,,,,
8,VISIT,856,Random,OnArrival,3,63,12065,Node_742,5,0,24,5,24,,,,,,,,,
8,VISIT,861,Random,OnArrival,3,26,12065,Node_506,5,0,20,5,20,,,,,,,,,
8,VISIT,862,Random,OnArrival,3,26,12065,Node_506,5,0,20,5,20,,,,,,,,,
8,VISIT,863,Random,OnArrival,3,25,12065,Node_717,2,0,21,2,21,,,,,,,,,
8,VISIT,864,Random,OnArrival,3,26,12065,Node_506,5,0,20,5,20,,,,,,,,,
8,VISIT,851,Random,OnArrival,3,77,12074,Node_752,12,0,25,12,25,,,,,,,,,
8,VISIT,854,Random,OnArrival,3,61,12074,Node_739,6,0,24,6,24,,,,,,,,,
8,VISIT,855,Random,OnArrival,3,57,12074,Node_156,11,0,21,11,21,,,,,,,,,
8,VISIT,856,Random,OnArrival,3,64,12074,Node_739,6,0,24,6,24,,,,,,,,,
8,VISIT,857,Random,OnArrival,3,42,12074,Node_164,11,0,25,11,25,,,,,,,,,
8,VISIT,859,Random,OnArrival,3,43,12074,Node_164,11,0,25,11,25,,,,,,,,,
8,VISIT,860,Random,OnArrival,3,43,12074,Node_164,11,0,25,11,25,,,,,,,,,
8,VISIT,863,Random,OnArrival,3,26,12074,Node_596,2,0,20,2,20,,,,,,,,,
8,VISIT,851,Random,OnArrival,3,78,12084,Node_164,11,0,25,11,25,,,,,,,,,
8,VISIT,853,Random,OnArrival,3,63,12084,Node_749,12,0,23,12,23,,,,,,,,,
8,VISIT,854,Random,OnArrival,3,62,12084,Node_738,6,0,23,6,23,,,,,,,,,
8,VISIT,855,Random,OnArrival,3,58,12084,Node_158,11,0,22,11,22,,,,,,,,,
8,VISIT,856,Random,OnArrival,3,65,12084,Node_738,6,0,23,6,23,,,,,,,,,
8,VISIT,861,Random,OnArrival,3,27,12084,Node_511,3,0,20,3,20,,,,,,,,,
8,VISIT,862,Random,OnArrival,3,27,12084,Node_511,3,0,20,3,20,,,,,,,,,
8,VISIT,863,Random,OnArrival,3,27,12084,Node_511,3,0,20,3,20,,,,,,,,,
8,VISIT,864,Random,OnArrival,3,27,12084,Node_511,3,0,20,3,20,,,,,,,,,
8,VISIT,865,Random,OnArrival,3,0,12086,Node_6,19,0,12,19,12,,,,,,,,,
8,VISIT,866,Random,OnArrival,3,0,12086,Node_7,19,0,8,19,8,,,,,,,,,
8,VISIT,867,Random,OnArrival,3,0,12086,Node_8,17,0,10,17,10,,,,,,,,,
8,VISIT,868,Random,OnArrival,3,0,12086,Node_9,21,0,10,21,10,,,,,,,,,
8,VISIT,851,Random,OnArrival,3,79,12090,Node_755,10,0,25,10,25,,,,,,,,,
8,VISIT,853,Random,OnArrival,3,64,12090,Node_160,11,0,23,11,23,,,,,,,,,
8,VISIT,854,Random,OnArrival,3,63,12090,Node_747,6,0,22,6,22,,,,,,,,,
8,VISIT,855,Random,OnArrival,3,59,12090,Node_748,12,0,22,12,22,,,,,,,,,
8,VISIT,856,Random,OnArrival,3,66,12090,Node_747,6,0,22,6,22,,,,,,,,,
8,VISIT,861,Random,OnArrival,3,28,12090,Node_514,3,0,21,3,21,,,,,,,,,
8,VISIT,862,Random,OnArrival,3,28,12090,Node_514,3,0,21,3,21,,,,,,,,,
8,VISIT,864,Random,OnArrival,3,28,12090,Node_514,3,0,21,3,21,,,,,,,,,
8,VISIT,865,Random,OnArrival,3,1,12090,Node_10,18,0,12,18,12,,,,,,,,,
8,VISIT,866,Random,OnArrival,3,1,12090,Node_3,19,0,9,19,9,,,,,,,,,
8,VISIT,867,Random,OnArrival,3,1,12090,Node_12,17,0,11,17,11,,,,,,,,,
8,VISIT,868,Random,OnArrival,3,1,12090,Node_5,20,0,10,20,10,,,,,,,,,
8,VISIT,849,Random,OnArrival,3,82,12094,Node_757,10,0,24,10,24,,,,,,,,,
8,VISIT,850,Random,OnArrival,3,79,12094,Node_757,10,0,24,10,24,,,,,,,,,
8,VISIT,851,Random,OnArrival,3,80,12094,Node_757,10,0,24,10,24,,,,,,,,,
8,VISIT,852,Random,OnArrival,3,80,12094,Node_757,10,0,24,10,24,,,,,,,,,
8,VISIT,853,Random,OnArrival,3,65,12094,Node_158,11,0,22,11,22,,,,,,,,,
8,VISIT,855,Random,OnArrival,3,60,12094,Node_749,12,0,23,12,23,,,,,,,,,
8,VISIT,859,Random,OnArrival,3,44,12094,Node_756,9,0,24,9,24,,,,,,,,,
8,VISIT,860,Random,OnArrival,3,44,12094,Node_756,9,0,24,9,24,,,,,,,,,
8,VISIT,861,Random,OnArrival,3,29,12094,Node_717,2,0,21,2,21,,,,,,,,,
8,VISIT,862,Random,OnArrival,3,29,12094,Node_717,2,0,21,2,21,,,,,,,,,
8,VISIT,863,Random,OnArrival,3,28,12094,Node_506,5,0,20,5,20,,,,,,,,,
8,VISIT,864,Random,OnArrival,3,29,12094,Node_717,2,0,21,2,21,,,,,,,,,
8,VISIT,865,Random,OnArrival,3,2,12094,Node_16,17,0,12,17,12,,,,,,,,,
8,VISIT,866,Random,OnArrival,3,2,12094,Node_15,18,0,9,18,9,,,,,,,,,
8,VISIT,867,Random,OnArrival,3,2,12094,Node_16,17,0,12,17,12,,,,,,,,,
8,VISIT,868,Random,OnArrival,3,2,12094,Node_38,20,0,11,20,11,,,,,,,,,
8,VISIT,849,Random,OnArrival,3,83,12098,Node_162,11,0,24,11,24,,,,,,,,,
8,VISIT,850,Random,OnArrival,3,80,12098,Node_162,11,0,24,11,24,,,,,,,,,
8,VISIT,851,Random,OnArrival,3,81,12098,Node_162,11,0,24,11,24,,,,,,,,,
8,VISIT,852,Random,OnArrival,3,81,12098,Node_162,11,0,24,11,24,,,,,,,,,
8,VISIT,853,Random,OnArrival,3,66,12098,Node_748,12,0,22,12,22,,,,,,,,,
8,VISIT,854,Random,OnArrival,3,64,12098,Node_747,6,0,22,6,22,,,,,,,,,
8,VISIT,855,Random,OnArrival,3,61,12098,Node_160,11,0,23,11,23,,,,,,,,,
8,VISIT,856,Random,OnArrival,3,67,12098,Node_747,6,0,22,6,22,,,,,,,,,
8,VISIT,859,Random,OnArrival,3,45,12098,Node_757,10,0,24,10,24,,,,,,,,,
8,VISIT,860,Random,OnArrival,3,45,12098,Node_754,9,0,25,9,25,,,,,,,,,
8,VISIT,861,Random,OnArrival,3,30,12098,Node_596,2,0,20,2,20,,,,,,,,,
8,VISIT,862,Random,OnArrival,3,30,12098,Node_596,2,0,20,2,20,,,,,,,,,
8,VISIT,863,Random,OnArrival,3,29,12098,Node_590,6,0,20,6,20,,,,,,,,,
8,VISIT,864,Random,OnArrival,3,30,12098,Node_596,2,0,20,2,20,,,,,,,,,
8,VISIT,865,Random,OnArrival,3,3,12098,Node_18,16,0,12,16,12,,,,,,,,,
8,VISIT,866,Random,OnArrival,3,3,12098,Node_4,18,0,10,18,10,,,,,,,,,
8,VISIT,867,Random,OnArrival,3,3,12098,Node_18,16,0,12,16,12,,,,,,,,,
8,VISIT,868,Random,OnArrival,3,3,12098,Node_40,20,0,12,20,12,,,,,,,,,
8,VISIT,849,Random,OnArrival,3,84,12102,Node_750,12,0,24,12,24,,,,,,,,,
8,VISIT,850,Random,OnArrival,3,81,12102,Node_750,12,0,24,12,24,,,,,,,,,
8,VISIT,851,Random,OnArrival,3,82,12102,Node_750,12,0,24,12,24,,,,,,,,,
8,VISIT,852,Random,OnArrival,3,82,12102,Node_750,12,0,24,12,24,,,,,,,,,
8,VISIT,853,Random,OnArrival,3,67,12102,Node_751,13,0,22,13,22,,,,,,,,,
8,VISIT,854,Random,OnArrival,3,65,12102,Node_738,6,0,23,6,23,,,,,,,,,
8,VISIT,855,Random,OnArrival,3,62,12102,Node_162,11,0,24,11,24,,,,,,,,,
8,VISIT,856,Random,OnArrival,3,68,12102,Node_738,6,0,23,6,23,,,,,,,,,
8,VISIT,859,Random,OnArrival,3,46,12102,Node_756,9,0,24,9,24,,,,,,,,,
8,VISIT,860,Random,OnArrival,3,46,12102,Node_755,10,0,25,10,25,,,,,,,,,
8,VISIT,861,Random,OnArrival,3,31,12102,Node_511,3,0,20,3,20,,,,,,,,,
8,VISIT,862,Random,OnArrival,3,31,12102,Node_511,3,0,20,3,20,,,,,,,,,
8,VISIT,863,Random,OnArrival,3,30,12102,Node_595,7,0,20,7,20,,,,,,,,,
8,VISIT,864,Random,OnArrival,3,31,12102,Node_511,3,0,20,3,20,,,,,,,,,
8,VISIT,865,Random,OnArrival,3,4,12102,Node_29,15,0,12,15,12,,,,,,,,,
8,VISIT,866,Random,OnArrival,3,4,12102,Node_8,17,0,10,17,10,,,,,,,,,
8,VISIT,867,Random,OnArrival,3,4,12102,Node_29,15,0,12,15,12,,,,,,,,,
8,VISIT,868,Random,OnArrival,3,4,12102,Node_42,20,0,13,20,13,,,,,,,,,
8,VISIT,849,Random,OnArrival,3,85,12106,Node_749,12,0,23,12,23,,,,,,,,,
8,VISIT,850,Random,OnArrival,3,82,12106,Node_749,12,0,23,12,23,,,,,,,,,
8,VISIT,851,Random,OnArrival,3,83,12106,Node_752,12,0,25,12,25,,,,,,,,,
8,VISIT,852,Random,OnArrival,3,83,12106,Node_752,12,0,25,12,25,,,,,,,,,
8,VISIT,854,Random,OnArrival,3,66,12106,Node_739,6,0,24,6,24,,,,,,,,,
8,VISIT,855,Random,OnArrival,3,63,12106,Node_164,11,0,25,11,25,,,,,,,,,
8,VISIT,856,Random,OnArrival,3,69,12106,Node_739,6,0,24,6,24,,,,,,,,,
8,VISIT,859,Random,OnArrival,3,47,12106,Node_754,9,0,25,9,25,,,,,,,,,
8,VISIT,860,Random,OnArrival,3,47,12106,Node_164,11,0,25,11,25,,,,,,,,,
8,VISIT,863,Random,OnArrival,3,31,12106,Node_730,8,0,20,8,20,,,,,,,,,
8,VISIT,865,Random,OnArrival,3,5,12106,Node_31,15,0,13,15,13,,,,,,,,,
8,VISIT,866,Random,OnArrival,3,5,12106,Node_12,17,0,11,17,11,,,,,,,,,
8,VISIT,867,Random,OnArrival,3,5,12106,Node_31,15,0,13,15,13,,,,,,,,,
8,VISIT,868,Random,OnArrival,3,5,12106,Node_43,20,0,14,20,14,,,,,,,,,
8,VISIT,849,Random,OnArrival,3,86,12112,Node_748,12,0,22,12,22,,,,,,,,,
8,VISIT,850,Random,OnArrival,3,83,12112,Node_753,13,0,23,13,23,,,,,,,,,
8,VISIT,851,Random,OnArrival,3,84,12112,Node_164,11,0,25,11,25,,,,,,,,,
8,VISIT,852,Random,OnArrival,3,84,12112,Node_164,11,0,25,11,25,,,,,,,,,
8,VISIT,854,Random,OnArrival,3,67,12112,Node_740,6,0,25,6,25,,,,,,,,,
8,VISIT,855,Random,OnArrival,3,64,12112,Node_755,10,0,25,10,25,,,,,,,,,
8,VISIT,856,Random,OnArrival,3,70,12112,Node_740,6,0,25,6,25,,,,,,,,,
8,VISIT,859,Random,OnArrival,3,48,12112,Node_756,9,0,24,9,24,,,,,,,,,
8,VISIT,860,Random,OnArrival,3,48,12112,Node_162,11,0,24,11,24,,,,,,,,,
8,VISIT,861,Random,OnArrival,3,32,12112,Node_506,5,0,20,5,20,,,,,,,,,
8,VISIT,862,Random,OnArrival,3,32,12112,Node_506,5,0,20,5,20,,,,,,,,,
8,VISIT,863,Random,OnArrival,3,32,12112,Node_731,8,0,21,8,21,,,,,,,,,
8,VISIT,864,Random,OnArrival,3,32,12112,Node_506,5,0,20,5,20,,,,,,,,,
8,VISIT,865,Random,OnArrival,3,6,12112,Node_36,14,0,13,14,13,,,,,,,,,
8,VISIT,866,Random,OnArrival,3,6,12112,Node_16,17,0,12,17,12,,,,,,,,,
8,VISIT,867,Random,OnArrival,3,6,12112,Node_36,14,0,13,14,13,,,,,,,,,
8,VISIT,868,Random,OnArrival,3,6,12112,Node_44,20,0,15,20,15,,,,,,,,,
8,VISIT,849,Random,OnArrival,3,87,12117,Node_751,13,0,22,13,22,,,,,,,,,
8,VISIT,850,Random,OnArrival,3,84,12117,Node_760,14,0,23,14,23,,,,,,,,,
8,VISIT,851,Random,OnArrival,3,85,12117,Node_755,10,0,25,10,25,,,,,,,,,
8,VISIT,852,Random,OnArrival,3,85,12117,Node_755,10,0,25,10,25,,,,,,,,,
8,VISIT,855,Random,OnArrival,3,65,12117,Node_164,11,0,25,11,25,,,,,,,,,
8,VISIT,859,Random,OnArrival,3,49,12117,Node_757,10,0,24,10,24,,,,,,,,,
8,VISIT,860,Random,OnArrival,3,49,12117,Node_160,11,0,23,11,23,,,,,,,,,
8,VISIT,861,Random,OnArrival,3,33,12117,Node_590,6,0,20,6,20,,,,,,,,,
8,VISIT,862,Random,OnArrival,3,33,12117,Node_590,6,0,20,6,20,,,,,,,,,
8,VISIT,863,Random,OnArrival,3,33,12117,Node_735,9,0,21,9,21,,,,,,,,,
8,VISIT,864,Random,OnArrival,3,33,12117,Node_590,6,0,20,6,20,,,,,,,,,
8,VISIT,865,Random,OnArrival,3,7,12117,Node_37,14,0,14,14,14,,,,,,,,,
8,VISIT,866,Random,OnArrival,3,7,12117,Node_18,16,0,12,16,12,,,,,,,,,
8,VISIT,867,Random,OnArrival,3,7,12117,Node_37,14,0,14,14,14,,,,,,,,,
8,VISIT,868,Random,OnArrival,3,7,12117,Node_25,21,0,15,21,15,,,,,,,,,
8,VISIT,849,Random,OnArrival,3,88,12123,Node_759,14,0,22,14,22,,,,,,,,,
8,VISIT,850,Random,OnArrival,3,85,12123,Node_761,14,0,24,14,24,,,,,,,,,
8,VISIT,851,Random,OnArrival,3,86,12123,Node_164,11,0,25,11,25,,,,,,,,,
8,VISIT,852,Random,OnArrival,3,86,12123,Node_164,11,0,25,11,25,,,,,,,,,
8,VISIT,855,Random,OnArrival,3,66,12123,Node_162,11,0,24,11,24,,,,,,,,,
8,VISIT,859,Random,OnArrival,3,50,12123,Node_162,11,0,24,11,24,,,,,,,,,
8,VISIT,860,Random,OnArrival,3,50,12123,Node_749,12,0,23,12,23,,,,,,,,,
8,VISIT,861,Random,OnArrival,3,34,12123,Node_595,7,0,20,7,20,,,,,,,,,
8,VISIT,862,Random,OnArrival,3,34,12123,Node_595,7,0,20,7,20,,,,,,,,,
8,VISIT,864,Random,OnArrival,3,34,12123,Node_595,7,0,20,7,20,,,,,,,,,
8,VISIT,865,Random,OnArrival,3,8,12123,Node_39,13,0,14,13,14,,,,,,,,,
8,VISIT,866,Random,OnArrival,3,8,12123,Node_29,15,0,12,15,12,,,,,,,,,
8,VISIT,867,Random,OnArrival,3,8,12123,Node_39,13,0,14,13,14,,,,,,,,,
8,VISIT,868,Random,OnArrival,3,8,12123,Node_27,21,0,16,21,16,,,,,,,,,
8,VISIT,849,Random,OnArrival,3,89,12129,Node_481,14,0,21,14,21,,,,,,,,,
8,VISIT,850,Random,OnArrival,3,86,12129,Node_762,14,0,25,14,25,,,,,,,,,
8,VISIT,851,Random,OnArrival,3,87,12129,Node_162,11,0,24,11,24,,,,,,,,,
8,VISIT,852,Random,OnArrival,3,87,12129,Node_162,11,0,24,11,24,,,,,,,,,
8,VISIT,854,Random,OnArrival,3,68,12129,Node_754,9,0,25,9,25,,,,,,,,,
8,VISIT,855,Random,OnArrival,3,67,12129,Node_160,11,0,23,11,23,,,,,,,,,
8,VISIT,856,Random,OnArrival,3,71,12129,Node_754,9,0,25,9,25,,,,,,,,,
8,VISIT,859,Random,OnArrival,3,51,12129,Node_160,11,0,23,11,23,,,,,,,,,
8,VISIT,860,Random,OnArrival,3,51,12129,Node_753,13,0,23,13,23,,,,,,,,,
8,VISIT,861,Random,OnArrival,3,35,12129,Node_730,8,0,20,8,20,,,,,,,,,
8,VISIT,862,Random,OnArrival,3,35,12129,Node_730,8,0,20,8,20,,,,,,,,,
8,VISIT,863,Random,OnArrival,3,34,12129,Node_156,11,0,21,11,21,,,,,,,,,
8,VISIT,864,Random,OnArrival,3,35,12129,Node_730,8,0,20,8,20,,,,,,,,,
8,VISIT,865,Random,OnArrival,3,9,12129,Node_41,13,0,15,13,15,,,,,,,,,
8,VISIT,866,Random,OnArrival,3,9,12129,Node_31,15,0,13,15,13,,,,,,,,,
8,VISIT,867,Random,OnArrival,3,9,12129,Node_41,13,0,15,13,15,,,,,,,,,
8,VISIT,850,Random,OnArrival,3,87,12136,Node_763,15,0,25,15,25,,,,,,,,,
8,VISIT,851,Random,OnArrival,3,88,12136,Node_160,11,0,23,11,23,,,,,,,,,
8,VISIT,852,Random,OnArrival,3,88,12136,Node_160,11,0,23,11,23,,,,,,,,,
8,VISIT,854,Random,OnArrival,3,69,12136,Node_756,9,0,24,9,24,,,,,,,,,
8,VISIT,855,Random,OnArrival,3,68,12136,Node_749,12,0,23,12,23,,,,,,,,,
8,VISIT,856,Random,OnArrival,3,72,12136,Node_756,9,0,24,9,24,,,,,,,,,
8,VISIT,859,Random,OnArrival,3,52,12136,Node_749,12,0,23,12,23,,,,,,,,,
8,VISIT,860,Random,OnArrival,3,52,12136,Node_760,14,0,23,14,23,,,,,,,,,
8,VISIT,861,Random,OnArrival,3,36,12136,Node_731,8,0,21,8,21,,,,,,,,,
8,VISIT,862,Random,OnArrival,3,36,12136,Node_731,8,0,21,8,21,,,,,,,,,
8,VISIT,863,Random,OnArrival,3,35,12136,Node_158,11,0,22,11,22,,,,,,,,,
8,VISIT,864,Random,OnArrival,3,36,12136,Node_731,8,0,21,8,21,,,,,,,,,
8,VISIT,865,Random,OnArrival,3,10,12136,Node_139,13,0,16,13,16,,,,,,,,,
8,VISIT,866,Random,OnArrival,3,10,12136,Node_36,14,0,13,14,13,,,,,,,,,
8,VISIT,867,Random,OnArrival,3,10,12136,Node_139,13,0,16,13,16,,,,,,,,,
8,VISIT,868,Random,OnArrival,3,9,12136,Node_45,22,0,15,22,15,,,,,,,,,
8,VISIT,850,Random,OnArrival,3,88,12144,Node_766,15,0,24,15,24,,,,,,,,,
8,VISIT,851,Random,OnArrival,3,89,12144,Node_749,12,0,23,12,23,,,,,,,,,
8,VISIT,852,Random,OnArrival,3,89,12144,Node_749,12,0,23,12,23,,,,,,,,,
8,VISIT,854,Random,OnArrival,3,70,12144,Node_757,10,0,24,10,24,,,,,,,,,
8,VISIT,855,Random,OnArrival,3,69,12144,Node_753,13,0,23,13,23,,,,,,,,,
8,VISIT,856,Random,OnArrival,3,73,12144,Node_757,10,0,24,10,24,,,,,,,,,
8,VISIT,859,Random,OnArrival,3,53,12144,Node_753,13,0,23,13,23,,,,,,,,,
8,VISIT,861,Random,OnArrival,3,37,12144,Node_735,9,0,21,9,21,,,,,,,,,
8,VISIT,862,Random,OnArrival,3,37,12144,Node_735,9,0,21,9,21,,,,,,,,,
8,VISIT,863,Random,OnArrival,3,36,12144,Node_748,12,0,22,12,22,,,,,,,,,
8,VISIT,864,Random,OnArrival,3,37,12144,Node_735,9,0,21,9,21,,,,,,,,,
8,VISIT,865,Random,OnArrival,3,11,12144,Node_142,13,0,17,13,17,,,,,,,,,
8,VISIT,866,Random,OnArrival,3,11,12144,Node_37,14,0,14,14,14,,,,,,,,,
8,VISIT,867,Random,OnArrival,3,11,12144,Node_142,13,0,17,13,17,,,,,,,,,
8,VISIT,849,Random,OnArrival,3,90,12153,Node_768,15,0,23,15,23,,,,,,,,,
8,VISIT,850,Random,OnArrival,3,89,12153,Node_768,15,0,23,15,23,,,,,,,,,
8,VISIT,851,Random,OnArrival,3,90,12153,Node_753,13,0,23,13,23,,,,,,,,,
8,VISIT,852,Random,OnArrival,3,90,12153,Node_753,13,0,23,13,23,,,,,,,,,
8,VISIT,853,Random,OnArrival,3,68,12153,Node_767,15,0,22,15,22,,,,,,,,,
8,VISIT,854,Random,OnArrival,3,71,12153,Node_162,11,0,24,11,24,,,,,,,,,
8,VISIT,855,Random,OnArrival,3,70,12153,Node_760,14,0,23,14,23,,,,,,,,,
8,VISIT,856,Random,OnArrival,3,74,12153,Node_162,11,0,24,11,24,,,,,,,,,
8,VISIT,859,Random,OnArrival,3,54,12153,Node_760,14,0,23,14,23,,,,,,,,,
8,VISIT,860,Random,OnArrival,3,53,12153,Node_767,15,0,22,15,22,,,,,,,,,
8,VISIT,863,Random,OnArrival,3,37,12153,Node_751,13,0,22,13,22,,,,,,,,,
8,VISIT,865,Random,OnArrival,3,12,12153,Node_145,13,0,18,13,18,,,,,,,,,
8,VISIT,866,Random,OnArrival,3,12,12153,Node_39,13,0,14,13,14,,,,,,,,,
8,VISIT,867,Random,OnArrival,3,12,12153,Node_145,13,0,18,13,18,,,,,,,,,
8,VISIT,849,Random,OnArrival,3,91,12162,Node_760,14,0,23,14,23,,,,,,,,,
8,VISIT,850,Random,OnArrival,3,90,12162,Node_760,14,0,23,14,23,,,,,,,,,
8,VISIT,851,Random,OnArrival,3,91,12162,Node_760,14,0,23,14,23,,,,,,,,,
8,VISIT,852,Random,OnArrival,3,91,12162,Node_760,14,0,23,14,23,,,,,,,,,
8,VISIT,853,Random,OnArrival,3,69,12162,Node_759,14,0,22,14,22,,,,,,,,,
8,VISIT,854,Random,OnArrival,3,72,12162,Node_160,11,0,23,11,23,,,,,,,,,
8,VISIT,855,Random,OnArrival,3,71,12162,Node_759,14,0,22,14,22,,,,,,,,,
8,VISIT,856,Random,OnArrival,3,75,12162,Node_160,11,0,23,11,23,,,,,,,,,
8,VISIT,859,Random,OnArrival,3,55,12162,Node_761,14,0,24,14,24,,,,,,,,,
8,VISIT,860,Random,OnArrival,3,54,12162,Node_759,14,0,22,14,22,,,,,,,,,
8,VISIT,861,Random,OnArrival,3,38,12162,Node_156,11,0,21,11,21,,,,,,,,,
8,VISIT,862,Random,OnArrival,3,38,12162,Node_156,11,0,21,11,21,,,,,,,,,
8,VISIT,863,Random,OnArrival,3,38,12162,Node_759,14,0,22,14,22,,,,,,,,,
8,VISIT,864,Random,OnArrival,3,38,12162,Node_156,11,0,21,11,21,,,,,,,,,
8,VISIT,865,Random,OnArrival,3,13,12162,Node_476,14,0,18,14,18,,,,,,,,,
8,VISIT,866,Random,OnArrival,3,13,12162,Node_41,13,0,15,13,15,,,,,,,,,
8,VISIT,867,Random,OnArrival,3,13,12162,Node_476,14,0,18,14,18,,,,,,,,,
8,VISIT,849,Random,OnArrival,3,92,12172,Node_759,14,0,22,14,22,,,,,,,,,
8,VISIT,850,Random,OnArrival,3,91,12172,Node_761,14,0,24,14,24,,,,,,,,,
8,VISIT,851,Random,OnArrival,3,92,12172,Node_759,14,0,22,14,22,,,,,,,,,
8,VISIT,852,Random,OnArrival,3,92,12172,Node_761,14,0,24,14,24,,,,,,,,,
8,VISIT,853,Random,OnArrival,3,70,12172,Node_481,14,0,21,14,21,,,,,,,,,
8,VISIT,854,Random,OnArrival,3,73,12172,Node_749,12,0,23,12,23,,,,,,,,,
8,VISIT,855,Random,OnArrival,3,72,12172,Node_481,14,0,21,14,21,,,,,,,,,
8,VISIT,856,Random,OnArrival,3,76,12172,Node_749,12,0,23,12,23,,,,,,,,,
8,VISIT,859,Random,OnArrival,3,56,12172,Node_766,15,0,24,15,24,,,,,,,,,
8,VISIT,860,Random,OnArrival,3,55,12172,Node_481,14,0,21,14,21,,,,,,,,,
8,VISIT,861,Random,OnArrival,3,39,12172,Node_158,11,0,22,11,22,,,,,,,,,
8,VISIT,862,Random,OnArrival,3,39,12172,Node_158,11,0,22,11,22,,,,,,,,,
8,VISIT,863,Random,OnArrival,3,39,12172,Node_481,14,0,21,14,21,,,,,,,,,
8,VISIT,864,Random,OnArrival,3,39,12172,Node_158,11,0,22,11,22,,,,,,,,,
8,VISIT,866,Random,OnArrival,3,14,12172,Node_139,13,0,16,13,16,,,,,,,,,
8,VISIT,868,Random,OnArrival,3,10,12172,Node_107,24,0,17,24,17,,,,,,,,,
8,VISIT,849,Random,OnArrival,3,93,12182,Node_760,14,0,23,14,23,,,,,,,,,
8,VISIT,850,Random,OnArrival,3,92,12182,Node_766,15,0,24,15,24,,,,,,,,,
8,VISIT,851,Random,OnArrival,3,93,12182,Node_481,14,0,21,14,21,,,,,,,,,
8,VISIT,852,Random,OnArrival,3,93,12182,Node_766,15,0,24,15,24,,,,,,,,,
8,VISIT,853,Random,OnArrival,3,71,12182,Node_479,14,0,20,14,20,,,,,,,,,
8,VISIT,854,Random,OnArrival,3,74,12182,Node_753,13,0,23,13,23,,,,,,,,,
8,VISIT,855,Random,OnArrival,3,73,12182,Node_479,14,0,20,14,20,,,,,,,,,
8,VISIT,856,Random,OnArrival,3,77,12182,Node_753,13,0,23,13,23,,,,,,,,,
8,VISIT,859,Random,OnArrival,3,57,12182,Node_768,15,0,23,15,23,,,,,,,,,
8,VISIT,860,Random,OnArrival,3,56,12182,Node_479,14,0,20,14,20,,,,,,,,,
8,VISIT,861,Random,OnArrival,3,40,12182,Node_160,11,0,23,11,23,,,,,,,,,
8,VISIT,862,Random,OnArrival,3,40,12182,Node_160,11,0,23,11,23,,,,,,,,,
8,VISIT,863,Random,OnArrival,3,40,12182,Node_479,14,0,20,14,20,,,,,,,,,
8,VISIT,864,Random,OnArrival,3,40,12182,Node_160,11,0,23,11,23,,,,,,,,,
8,VISIT,866,Random,OnArrival,3,15,12182,Node_142,13,0,17,13,17,,,,,,,,,
8,VISIT,868,Random,OnArrival,3,11,12182,Node_140,25,0,17,25,17,,,,,,,,,
8,VISIT,849,Random,OnArrival,3,94,12192,Node_761,14,0,24,14,24,,,,,,,,,
8,VISIT,850,Random,OnArrival,3,93,12192,Node_763,15,0,25,15,25,,,,,,,,,
8,VISIT,851,Random,OnArrival,3,94,12192,Node_765,15,0,21,15,21,,,,,,,,,
8,VISIT,852,Random,OnArrival,3,94,12192,Node_768,15,0,23,15,23,,,,,,,,,
8,VISIT,854,Random,OnArrival,3,75,12192,Node_760,14,0,23,14,23,,,,,,,,,
8,VISIT,856,Random,OnArrival,3,78,12192,Node_760,14,0,23,14,23,,,,,,,,,
8,VISIT,859,Random,OnArrival,3,58,12192,Node_767,15,0,22,15,22,,,,,,,,,
8,VISIT,861,Random,OnArrival,3,41,12192,Node_162,11,0,24,11,24,,,,,,,,,
8,VISIT,862,Random,OnArrival,3,41,12192,Node_162,11,0,24,11,24,,,,,,,,,
8,VISIT,864,Random,OnArrival,3,41,12192,Node_162,11,0,24,11,24,,,,,,,,,
8,VISIT,866,Random,OnArrival,3,16,12192,Node_145,13,0,18,13,18,,,,,,,,,
8,VISIT,849,Random,OnArrival,3,95,12202,Node_760,14,0,23,14,23,,,,,,,,,
8,VISIT,851,Random,OnArrival,3,95,12202,Node_774,15,0,20,15,20,,,,,,,,,
8,VISIT,852,Random,OnArrival,3,95,12202,Node_767,15,0,22,15,22,,,,,,,,,
8,VISIT,854,Random,OnArrival,3,76,12202,Node_761,14,0,24,14,24,,,,,,,,,
8,VISIT,855,Random,OnArrival,3,74,12202,Node_765,15,0,21,15,21,,,,,,,,,
8,VISIT,856,Random,OnArrival,3,79,12202,Node_761,14,0,24,14,24,,,,,,,,,
8,VISIT,859,Random,OnArrival,3,59,12202,Node_765,15,0,21,15,21,,,,,,,,,
8,VISIT,860,Random,OnArrival,3,57,12202,Node_765,15,0,21,15,21,,,,,,,,,
8,VISIT,861,Random,OnArrival,3,42,12202,Node_757,10,0,24,10,24,,,,,,,,,
8,VISIT,862,Random,OnArrival,3,42,12202,Node_757,10,0,24,10,24,,,,,,,,,
8,VISIT,863,Random,OnArrival,3,41,12202,Node_765,15,0,21,15,21,,,,,,,,,
8,VISIT,864,Random,OnArrival,3,42,12202,Node_757,10,0,24,10,24,,,,,,,,,
8,VISIT,865,Random,OnArrival,3,14,12202,Node_765,15,0,21,15,21,,,,,,,,,
8,VISIT,866,Random,OnArrival,3,17,12202,Node_476,14,0,18,14,18,,,,,,,,,
8,VISIT,867,Random,OnArrival,3,14,12202,Node_765,15,0,21,15,21,,,,,,,,,
8,VISIT,849,Random,OnArrival,3,96,12207,Node_759,14,0,22,14,22,,,,,,,,,
8,VISIT,851,Random,OnArrival,3,96,12207,Node_188,16,0,20,16,20,,,,,,,,,
8,VISIT,852,Random,OnArrival,3,96,12207,Node_765,15,0,21,15,21,,,,,,,,,
8,VISIT,854,Random,OnArrival,3,77,12207,Node_760,14,0,23,14,23,,,,,,,,,
8,VISIT,855,Random,OnArrival,3,75,12207,Node_186,16,0,21,16,21,,,,,,,,,
8,VISIT,856,Random,OnArrival,3,80,12207,Node_760,14,0,23,14,23,,,,,,,,,
8,VISIT,859,Random,OnArrival,3,60,12207,Node_186,16,0,21,16,21,,,,,,,,,
8,VISIT,860,Random,OnArrival,3,58,12207,Node_186,16,0,21,16,21,,,,,,,,,
8,VISIT,861,Random,OnArrival,3,43,12207,Node_162,11,0,24,11,24,,,,,,,,,
8,VISIT,862,Random,OnArrival,3,43,12207,Node_162,11,0,24,11,24,,,,,,,,,
8,VISIT,863,Random,OnArrival,3,42,12207,Node_186,16,0,21,16,21,,,,,,,,,
8,VISIT,864,Random,OnArrival,3,43,12207,Node_162,11,0,24,11,24,,,,,,,,,
8,VISIT,865,Random,OnArrival,3,15,12207,Node_186,16,0,21,16,21,,,,,,,,,
8,VISIT,866,Random,OnArrival,3,18,12207,Node_772,15,0,18,15,18,,,,,,,,,
8,VISIT,867,Random,OnArrival,3,15,12207,Node_186,16,0,21,16,21,,,,,,,,,
8,VISIT,868,Random,OnArrival,3,12,12207,Node_143,25,0,18,25,18,,,,,,,,,
8,VISIT,849,Random,OnArrival,3,97,12213,Node_481,14,0,21,14,21,,,,,,,,,
8,VISIT,851,Random,OnArrival,3,97,12213,Node_180,17,0,20,17,20,,,,,,,,,
8,VISIT,852,Random,OnArrival,3,97,12213,Node_186,16,0,21,16,21,,,,,,,,,
8,VISIT,854,Random,OnArrival,3,78,12213,Node_759,14,0,22,14,22,,,,,,,,,
8,VISIT,855,Random,OnArrival,3,76,12213,Node_188,16,0,20,16,20,,,,,,,,,
8,VISIT,856,Random,OnArrival,3,81,12213,Node_759,14,0,22,14,22,,,,,,,,,
8,VISIT,859,Random,OnArrival,3,61,12213,Node_183,17,0,21,17,21,,,,,,,,,
8,VISIT,860,Random,OnArrival,3,59,12213,Node_188,16,0,20,16,20,,,,,,,,,
8,VISIT,861,Random,OnArrival,3,44,12213,Node_160,11,0,23,11,23,,,,,,,,,
8,VISIT,862,Random,OnArrival,3,44,12213,Node_160,11,0,23,11,23,,,,,,,,,
8,VISIT,863,Random,OnArrival,3,43,12213,Node_188,16,0,20,16,20,,,,,,,,,
8,VISIT,864,Random,OnArrival,3,44,12213,Node_160,11,0,23,11,23,,,,,,,,,
8,VISIT,865,Random,OnArrival,3,16,12213,Node_183,17,0,21,17,21,,,,,,,,,
8,VISIT,866,Random,OnArrival,3,19,12213,Node_773,15,0,19,15,19,,,,,,,,,
8,VISIT,867,Random,OnArrival,3,16,12213,Node_183,17,0,21,17,21,,,,,,,,,
8,VISIT,868,Random,OnArrival,3,13,12213,Node_110,24,0,18,24,18,,,,,,,,,
8,VISIT,849,Random,OnArrival,3,98,12219,Node_765,15,0,21,15,21,,,,,,,,,
8,VISIT,851,Random,OnArrival,3,98,12219,Node_114,18,0,20,18,20,,,,,,,,,
8,VISIT,852,Random,OnArrival,3,98,12219,Node_183,17,0,21,17,21,,,,,,,,,
8,VISIT,854,Random,OnArrival,3,79,12219,Node_481,14,0,21,14,21,,,,,,,,,
8,VISIT,855,Random,OnArrival,3,77,12219,Node_774,15,0,20,15,20,,,,,,,,,
8,VISIT,856,Random,OnArrival,3,82,12219,Node_481,14,0,21,14,21,,,,,,,,,
8,VISIT,859,Random,OnArrival,3,62,12219,Node_116,18,0,21,18,21,,,,,,,,,
8,VISIT,860,Random,OnArrival,3,60,12219,Node_774,15,0,20,15,20,,,,,,,,,
8,VISIT,861,Random,OnArrival,3,45,12219,Node_158,11,0,22,11,22,,,,,,,,,
8,VISIT,862,Random,OnArrival,3,45,12219,Node_158,11,0,22,11,22,,,,,,,,,
8,VISIT,863,Random,OnArrival,3,44,12219,Node_180,17,0,20,17,20,,,,,,,,,
8,VISIT,864,Random,OnArrival,3,45,12219,Node_158,11,0,22,11,22,,,,,,,,,
8,VISIT,865,Random,OnArrival,3,17,12219,Node_116,18,0,21,18,21,,,,,,,,,
8,VISIT,866,Random,OnArrival,3,20,12219,Node_477,14,0,19,14,19,,,,,,,,,
8,VISIT,867,Random,OnArrival,3,17,12219,Node_116,18,0,21,18,21,,,,,,,,,
8,VISIT,849,Random,OnArrival,3,99,12224,Node_186,16,0,21,16,21,,,,,,,,,
8,VISIT,850,Random,OnArrival,3,94,12224,Node_120,18,0,23,18,23,,,,,,,,,
8,VISIT,851,Random,OnArrival,3,99,12224,Node_180,17,0,20,17,20,,,,,,,,,
8,VISIT,852,Random,OnArrival,3,99,12224,Node_116,18,0,21,18,21,,,,,,,,,
8,VISIT,854,Random,OnArrival,3,80,12224,Node_765,15,0,21,15,21,,,,,,,,,
8,VISIT,855,Random,OnArrival,3,78,12224,Node_479,14,0,20,14,20,,,,,,,,,
8,VISIT,856,Random,OnArrival,3,83,12224,Node_765,15,0,21,15,21,,,,,,,,,
8,VISIT,860,Random,OnArrival,3,61,12224,Node_479,14,0,20,14,20,,,,,,,,,
8,VISIT,861,Random,OnArrival,3,46,12224,Node_156,11,0,21,11,21,,,,,,,,,
8,VISIT,862,Random,OnArrival,3,46,12224,Node_156,11,0,21,11,21,,,,,,,,,
8,VISIT,863,Random,OnArrival,3,45,12224,Node_188,16,0,20,16,20,,,,,,,,,
8,VISIT,864,Random,OnArrival,3,46,12224,Node_156,11,0,21,11,21,,,,,,,,,
8,VISIT,866,Random,OnArrival,3,21,12224,Node_479,14,0,20,14,20,,,,,,,,,
8,VISIT,849,Random,OnArrival,3,100,12229,Node_183,17,0,21,17,21,,,,,,,,,
8,VISIT,851,Random,OnArrival,3,100,12229,Node_188,16,0,20,16,20,,,,,,,,,
8,VISIT,852,Random,OnArrival,3,100,12229,Node_780,19,0,21,19,21,,,,,,,,,
8,VISIT,854,Random,OnArrival,3,81,12229,Node_774,15,0,20,15,20,,,,,,,,,
8,VISIT,855,Random,OnArrival,3,79,12229,Node_477,14,0,19,14,19,,,,,,,,,
8,VISIT,856,Random,OnArrival,3,84,12229,Node_774,15,0,20,15,20,,,,,,,,,
8,VISIT,860,Random,OnArrival,3,62,12229,Node_477,14,0,19,14,19,,,,,,,,,
8,VISIT,861,Random,OnArrival,3,47,12229,Node_154,11,0,20,11,20,,,,,,,,,
8,VISIT,862,Random,OnArrival,3,47,12229,Node_154,11,0,20,11,20,,,,,,,,,
8,VISIT,863,Random,OnArrival,3,46,12229,Node_774,15,0,20,15,20,,,,,,,,,
8,VISIT,864,Random,OnArrival,3,47,12229,Node_154,11,0,20,11,20,,,,,,,,,
8,VISIT,866,Random,OnArrival,3,22,12229,Node_774,15,0,20,15,20,,,,,,,,,
8,VISIT,849,Random,OnArrival,3,101,12234,Node_180,17,0,20,17,20,,,,,,,,,
8,VISIT,851,Random,OnArrival,3,101,12234,Node_774,15,0,20,15,20,,,,,,,,,
8,VISIT,852,Random,OnArrival,3,101,12234,Node_783,19,0,22,19,22,,,,,,,,,
8,VISIT,854,Random,OnArrival,3,82,12234,Node_188,16,0,20,16,20,,,,,,,,,
8,VISIT,855,Random,OnArrival,3,80,12234,Node_479,14,0,20,14,20,,,,,,,,,
8,VISIT,856,Random,OnArrival,3,85,12234,Node_188,16,0,20,16,20,,,,,,,,,
8,VISIT,859,Random,OnArrival,3,63,12234,Node_782,19,0,23,19,23,,,,,,,,,
8,VISIT,860,Random,OnArrival,3,63,12234,Node_479,14,0,20,14,20,,,,,,,,,
8,VISIT,863,Random,OnArrival,3,47,12234,Node_773,15,0,19,15,19,,,,,,,,,
8,VISIT,865,Random,OnArrival,3,18,12234,Node_782,19,0,23,19,23,,,,,,,,,
8,VISIT,866,Random,OnArrival,3,23,12234,Node_188,16,0,20,16,20,,,,,,,,,
8,VISIT,867,Random,OnArrival,3,18,12234,Node_782,19,0,23,19,23,,,,,,,,,
8,VISIT,849,Random,OnArrival,3,102,12244,Node_177,17,0,19,17,19,,,,,,,,,
8,VISIT,851,Random,OnArrival,3,102,12244,Node_773,15,0,19,15,19,,,,,,,,,
8,VISIT,852,Random,OnArrival,3,102,12244,Node_782,19,0,23,19,23,,,,,,,,,
8,VISIT,854,Random,OnArrival,3,83,12244,Node_180,17,0,20,17,20,,,,,,,,,
8,VISIT,855,Random,OnArrival,3,81,12244,Node_774,15,0,20,15,20,,,,,,,,,
8,VISIT,856,Random,OnArrival,3,86,12244,Node_180,17,0,20,17,20,,,,,,,,,
8,VISIT,860,Random,OnArrival,3,64,12244,Node_774,15,0,20,15,20,,,,,,,,,
8,VISIT,861,Random,OnArrival,3,48,12244,Node_151,11,0,18,11,18,,,,,,,,,
8,VISIT,862,Random,OnArrival,3,48,12244,Node_151,11,0,18,11,18,,,,,,,,,
8,VISIT,863,Random,OnArrival,3,48,12244,Node_774,15,0,20,15,20,,,,,,,,,
8,VISIT,864,Random,OnArrival,3,48,12244,Node_151,11,0,18,11,18,,,,,,,,,
8,VISIT,866,Random,OnArrival,3,24,12244,Node_180,17,0,20,17,20,,,,,,,,,
8,VISIT,849,Random,OnArrival,3,103,12249,Node_111,18,0,19,18,19,,,,,,,,,
8,VISIT,850,Random,OnArrival,3,95,12249,Node_777,18,0,25,18,25,,,,,,,,,
8,VISIT,851,Random,OnArrival,3,103,12249,Node_774,15,0,20,15,20,,,,,,,,,
8,VISIT,854,Random,OnArrival,3,84,12249,Node_177,17,0,19,17,19,,,,,,,,,
8,VISIT,855,Random,OnArrival,3,82,12249,Node_188,16,0,20,16,20,,,,,,,,,
8,VISIT,856,Random,OnArrival,3,87,12249,Node_177,17,0,19,17,19,,,,,,,,,
8,VISIT,859,Random,OnArrival,3,64,12249,Node_517,21,0,23,21,23,,,,,,,,,
8,VISIT,860,Random,OnArrival,3,65,12249,Node_188,16,0,20,16,20,,,,,,,,,
8,VISIT,861,Random,OnArrival,3,49,12249,Node_77,12,0,18,12,18,,,,,,,,,
8,VISIT,862,Random,OnArrival,3,49,12249,Node_77,12,0,18,12,18,,,,,,,,,
8,VISIT,863,Random,OnArrival,3,49,12249,Node_188,16,0,20,16,20,,,,,,,,,
8,VISIT,864,Random,OnArrival,3,49,12249,Node_77,12,0,18,12,18,,,,,,,,,
8,VISIT,865,Random,OnArrival,3,19,12249,Node_517,21,0,23,21,23,,,,,,,,,
8,VISIT,866,Random,OnArrival,3,25,12249,Node_177,17,0,19,17,19,,,,,,,,,
8,VISIT,867,Random,OnArrival,3,19,12249,Node_517,21,0,23,21,23,,,,,,,,,
8,VISIT,849,Random,OnArrival,3,104,12255,Node_108,18,0,18,18,18,,,,,,,,,
8,VISIT,850,Random,OnArrival,3,96,12255,Node_778,18,0,24,18,24,,,,,,,,,
8,VISIT,851,Random,OnArrival,3,104,12255,Node_188,16,0,20,16,20,,,,,,,,,
8,VISIT,852,Random,OnArrival,3,103,12255,Node_517,21,0,23,21,23,,,,,,,,,
8,VISIT,854,Random,OnArrival,3,85,12255,Node_180,17,0,20,17,20,,,,,,,,,
8,VISIT,855,Random,OnArrival,3,83,12255,Node_180,17,0,20,17,20,,,,,,,,,
8,VISIT,856,Random,OnArrival,3,88,12255,Node_180,17,0,20,17,20,,,,,,,,,
8,VISIT,859,Random,OnArrival,3,65,12255,Node_515,22,0,23,22,23,,,,,,,,,
8,VISIT,860,Random,OnArrival,3,66,12255,Node_180,17,0,20,17,20,,,,,,,,,
8,VISIT,861,Random,OnArrival,3,50,12255,Node_75,12,0,17,12,17,,,,,,,,,
8,VISIT,862,Random,OnArrival,3,50,12255,Node_75,12,0,17,12,17,,,,,,,,,
8,VISIT,863,Random,OnArrival,3,50,12255,Node_180,17,0,20,17,20,,,,,,,,,
8,VISIT,864,Random,OnArrival,3,50,12255,Node_75,12,0,17,12,17,,,,,,,,,
8,VISIT,865,Random,OnArrival,3,20,12255,Node_520,21,0,22,21,22,,,,,,,,,
8,VISIT,866,Random,OnArrival,3,26,12255,Node_180,17,0,20,17,20,,,,,,,,,
8,VISIT,867,Random,OnArrival,3,20,12255,Node_515,22,0,23,22,23,,,,,,,,,
8,VISIT,850,Random,OnArrival,3,97,12261,Node_784,19,0,24,19,24,,,,,,,,,
8,VISIT,851,Random,OnArrival,3,105,12261,Node_180,17,0,20,17,20,,,,,,,,,
8,VISIT,854,Random,OnArrival,3,86,12261,Node_183,17,0,21,17,21,,,,,,,,,
8,VISIT,855,Random,OnArrival,3,84,12261,Node_177,17,0,19,17,19,,,,,,,,,
8,VISIT,856,Random,OnArrival,3,89,12261,Node_183,17,0,21,17,21,,,,,,,,,
8,VISIT,859,Random,OnArrival,3,66,12261,Node_512,22,0,22,22,22,,,,,,,,,
8,VISIT,860,Random,OnArrival,3,67,12261,Node_177,17,0,19,17,19,,,,,,,,,
8,VISIT,861,Random,OnArrival,3,51,12261,Node_73,12,0,16,12,16,,,,,,,,,
8,VISIT,862,Random,OnArrival,3,51,12261,Node_73,12,0,16,12,16,,,,,,,,,
8,VISIT,863,Random,OnArrival,3,51,12261,Node_177,17,0,19,17,19,,,,,,,,,
8,VISIT,864,Random,OnArrival,3,51,12261,Node_73,12,0,16,12,16,,,,,,,,,
8,VISIT,865,Random,OnArrival,3,21,12261,Node_512,22,0,22,22,22,,,,,,,,,
8,VISIT,866,Random,OnArrival,3,27,12261,Node_183,17,0,21,17,21,,,,,,,,,
8,VISIT,867,Random,OnArrival,3,21,12261,Node_512,22,0,22,22,22,,,,,,,,,
8,VISIT,849,Random,OnArrival,3,105,12267,Node_496,20,0,18,20,18,,,,,,,,,
8,VISIT,850,Random,OnArrival,3,98,12267,Node_782,19,0,23,19,23,,,,,,,,,
8,VISIT,851,Random,OnArrival,3,106,12267,Node_177,17,0,19,17,19,,,,,,,,,
8,VISIT,852,Random,OnArrival,3,104,12267,Node_782,19,0,23,19,23,,,,,,,,,
8,VISIT,854,Random,OnArrival,3,87,12267,Node_116,18,0,21,18,21,,,,,,,,,
8,VISIT,855,Random,OnArrival,3,85,12267,Node_180,17,0,20,17,20,,,,,,,,,
8,VISIT,856,Random,OnArrival,3,90,12267,Node_116,18,0,21,18,21,,,,,,,,,
8,VISIT,859,Random,OnArrival,3,67,12267,Node_520,21,0,22,21,22,,,,,,,,,
8,VISIT,860,Random,OnArrival,3,68,12267,Node_175,17,0,18,17,18,,,,,,,,,
8,VISIT,861,Random,OnArrival,3,52,12267,Node_71,12,0,15,12,15,,,,,,,,,
8,VISIT,862,Random,OnArrival,3,52,12267,Node_71,12,0,15,12,15,,,,,,,,,
8,VISIT,863,Random,OnArrival,3,52,12267,Node_175,17,0,18,17,18,,,,,,,,,
8,VISIT,864,Random,OnArrival,3,52,12267,Node_71,12,0,15,12,15,,,,,,,,,
8,VISIT,866,Random,OnArrival,3,28,12267,Node_116,18,0,21,18,21,,,,,,,,,
8,VISIT,849,Random,OnArrival,3,106,12273,Node_30,21,0,18,21,18,,,,,,,,,
8,VISIT,850,Random,OnArrival,3,99,12273,Node_783,19,0,22,19,22,,,,,,,,,
8,VISIT,851,Random,OnArrival,3,107,12273,Node_175,17,0,18,17,18,,,,,,,,,
8,VISIT,852,Random,OnArrival,3,105,12273,Node_120,18,0,23,18,23,,,,,,,,,
8,VISIT,854,Random,OnArrival,3,88,12273,Node_118,18,0,22,18,22,,,,,,,,,
8,VISIT,855,Random,OnArrival,3,86,12273,Node_183,17,0,21,17,21,,,,,,,,,
8,VISIT,856,Random,OnArrival,3,91,12273,Node_118,18,0,22,18,22,,,,,,,,,
8,VISIT,859,Random,OnArrival,3,68,12273,Node_512,22,0,22,22,22,,,,,,,,,
8,VISIT,860,Random,OnArrival,3,69,12273,Node_108,18,0,18,18,18,,,,,,,,,
8,VISIT,861,Random,OnArrival,3,53,12273,Node_70,12,0,14,12,14,,,,,,,,,
8,VISIT,862,Random,OnArrival,3,53,12273,Node_70,12,0,14,12,14,,,,,,,,,
8,VISIT,863,Random,OnArrival,3,53,12273,Node_108,18,0,18,18,18,,,,,,,,,
8,VISIT,864,Random,OnArrival,3,53,12273,Node_70,12,0,14,12,14,,,,,,,,,
8,VISIT,865,Random,OnArrival,3,22,12273,Node_785,24,0,22,24,22,,,,,,,,,
8,VISIT,866,Random,OnArrival,3,29,12273,Node_118,18,0,22,18,22,,,,,,,,,
8,VISIT,867,Random,OnArrival,3,22,12273,Node_785,24,0,22,24,22,,,,,,,,,
8,VISIT,849,Random,OnArrival,3,107,12280,Node_32,21,0,19,21,19,,,,,,,,,
8,VISIT,850,Random,OnArrival,3,100,12280,Node_118,18,0,22,18,22,,,,,,,,,
8,VISIT,851,Random,OnArrival,3,108,12280,Node_108,18,0,18,18,18,,,,,,,,,
8,VISIT,852,Random,OnArrival,3,106,12280,Node_778,18,0,24,18,24,,,,,,,,,
8,VISIT,854,Random,OnArrival,3,89,12280,Node_783,19,0,22,19,22,,,,,,,,,
8,VISIT,855,Random,OnArrival,3,87,12280,Node_116,18,0,21,18,21,,,,,,,,,
8,VISIT,856,Random,OnArrival,3,92,12280,Node_783,19,0,22,19,22,,,,,,,,,
8,VISIT,861,Random,OnArrival,3,54,12280,Node_39,13,0,14,13,14,,,,,,,,,
8,VISIT,862,Random,OnArrival,3,54,12280,Node_39,13,0,14,13,14,,,,,,,,,
8,VISIT,864,Random,OnArrival,3,54,12280,Node_39,13,0,14,13,14,,,,,,,,,
8,VISIT,866,Random,OnArrival,3,30,12280,Node_783,19,0,22,19,22,,,,,,,,,
8,VISIT,869,Random,OnArrival,3,0,12284,Node_6,19,0,12,19,12,,,,,,,,,
8,VISIT,870,Random,OnArrival,3,0,12284,Node_7,19,0,8,19,8,,,,,,,,,
8,VISIT,871,Random,OnArrival,3,0,12284,Node_8,17,0,10,17,10,,,,,,,,,
8,VISIT,872,Random,OnArrival,3,0,12284,Node_9,21,0,10,21,10,,,,,,,,,
8,VISIT,849,Random,OnArrival,3,108,12286,Node_34,21,0,20,21,20,,,,,,,,,
8,VISIT,850,Random,OnArrival,3,101,12286,Node_120,18,0,23,18,23,,,,,,,,,
8,VISIT,852,Random,OnArrival,3,107,12286,Node_777,18,0,25,18,25,,,,,,,,,
8,VISIT,854,Random,OnArrival,3,90,12286,Node_782,19,0,23,19,23,,,,,,,,,
8,VISIT,855,Random,OnArrival,3,88,12286,Node_118,18,0,22,18,22,,,,,,,,,
8,VISIT,856,Random,OnArrival,3,93,12286,Node_782,19,0,23,19,23,,,,,,,,,
8,VISIT,859,Random,OnArrival,3,69,12286,Node_785,24,0,22,24,22,,,,,,,,,
8,VISIT,860,Random,OnArrival,3,70,12286,Node_496,20,0,18,20,18,,,,,,,,,
8,VISIT,861,Random,OnArrival,3,55,12286,Node_37,14,0,14,14,14,,,,,,,,,
8,VISIT,862,Random,OnArrival,3,55,12286,Node_37,14,0,14,14,14,,,,,,,,,
8,VISIT,863,Random,OnArrival,3,54,12286,Node_496,20,0,18,20,18,,,,,,,,,
8,VISIT,864,Random,OnArrival,3,55,12286,Node_37,14,0,14,14,14,,,,,,,,,
8,VISIT,866,Random,OnArrival,3,31,12286,Node_782,19,0,23,19,23,,,,,,,,,
8,VISIT,869,Random,OnArrival,3,1,12288,Node_40,20,0,12,20,12,,,,,,,,,
8,VISIT,870,Random,OnArrival,3,1,12288,Node_3,19,0,9,19,9,,,,,,,,,
8,VISIT,871,Random,OnArrival,3,1,12288,Node_4,18,0,10,18,10,,,,,,,,,
8,VISIT,872,Random,OnArrival,3,1,12288,Node_13,21,0,11,21,11,,,,,,,,,
8,VISIT,849,Random,OnArrival,3,109,12292,Node_521,21,0,21,21,21,,,,,,,,,
8,VISIT,850,Random,OnArrival,3,102,12292,Node_778,18,0,24,18,24,,,,,,,,,
8,VISIT,851,Random,OnArrival,3,109,12292,Node_496,20,0,18,20,18,,,,,,,,,
8,VISIT,852,Random,OnArrival,3,108,12292,Node_786,19,0,25,19,25,,,,,,,,,
8,VISIT,854,Random,OnArrival,3,91,12292,Node_784,19,0,24,19,24,,,,,,,,,
8,VISIT,855,Random,OnArrival,3,89,12292,Node_120,18,0,23,18,23,,,,,,,,,
8,VISIT,856,Random,OnArrival,3,94,12292,Node_784,19,0,24,19,24,,,,,,,,,
8,VISIT,859,Random,OnArrival,3,70,12292,Node_788,25,0,22,25,22,,,,,,,,,
8,VISIT,860,Random,OnArrival,3,71,12292,Node_30,21,0,18,21,18,,,,,,,,,
8,VISIT,861,Random,OnArrival,3,56,12292,Node_113,15,0,14,15,14,,,,,,,,,
8,VISIT,862,Random,OnArrival,3,56,12292,Node_113,15,0,14,15,14,,,,,,,,,
8,VISIT,863,Random,OnArrival,3,55,12292,Node_499,20,0,19,20,19,,,,,,,,,
8,VISIT,864,Random,OnArrival,3,56,12292,Node_113,15,0,14,15,14,,,,,,,,,
8,VISIT,869,Random,OnArrival,3,2,12294,Node_42,20,0,13,20,13,,,,,,,,,
8,VISIT,870,Random,OnArrival,3,2,12294,Node_20,19,0,10,19,10,,,,,,,,,
8,VISIT,871,Random,OnArrival,3,2,12294,Node_14,18,0,11,18,11,,,,,,,,,
8,VISIT,872,Random,OnArrival,3,2,12294,Node_17,21,0,12,21,12,,,,,,,,,
8,VISIT,849,Random,OnArrival,3,110,12298,Node_509,22,0,21,22,21,,,,,,,,,
8,VISIT,850,Random,OnArrival,3,103,12298,Node_777,18,0,25,18,25,,,,,,,,,
8,VISIT,851,Random,OnArrival,3,110,12298,Node_499,20,0,19,20,19,,,,,,,,,
8,VISIT,854,Random,OnArrival,3,92,12298,Node_786,19,0,25,19,25,,,,,,,,,
8,VISIT,855,Random,OnArrival,3,90,12298,Node_778,18,0,24,18,24,,,,,,,,,
8,VISIT,856,Random,OnArrival,3,95,12298,Node_786,19,0,25,19,25,,,,,,,,,
8,VISIT,861,Random,OnArrival,3,57,12298,Node_122,16,0,14,16,14,,,,,,,,,
8,VISIT,862,Random,OnArrival,3,57,12298,Node_122,16,0,14,16,14,,,,,,,,,
8,VISIT,863,Random,OnArrival,3,56,12298,Node_32,21,0,19,21,19,,,,,,,,,
8,VISIT,864,Random,OnArrival,3,57,12298,Node_122,16,0,14,16,14,,,,,,,,,
8,VISIT,866,Random,OnArrival,3,32,12298,Node_517,21,0,23,21,23,,,,,,,,,
8,VISIT,869,Random,OnArrival,3,3,12300,Node_43,20,0,14,20,14,,,,,,,,,
8,VISIT,870,Random,OnArrival,3,3,12300,Node_2,19,0,11,19,11,,,,,,,,,
8,VISIT,871,Random,OnArrival,3,3,12300,Node_10,18,0,12,18,12,,,,,,,,,
8,VISIT,872,Random,OnArrival,3,3,12300,Node_19,21,0,13,21,13,,,,,,,,,
8,VISIT,849,Random,OnArrival,3,111,12304,Node_512,22,0,22,22,22,,,,,,,,,
8,VISIT,850,Random,OnArrival,3,104,12304,Node_786,19,0,25,19,25,,,,,,,,,
8,VISIT,851,Random,OnArrival,3,111,12304,Node_32,21,0,19,21,19,,,,,,,,,
8,VISIT,855,Random,OnArrival,3,91,12304,Node_777,18,0,25,18,25,,,,,,,,,
8,VISIT,860,Random,OnArrival,3,72,12304,Node_27,21,0,16,21,16,,,,,,,,,
8,VISIT,861,Random,OnArrival,3,58,12304,Node_167,17,0,14,17,14,,,,,,,,,
8,VISIT,862,Random,OnArrival,3,58,12304,Node_167,17,0,14,17,14,,,,,,,,,
8,VISIT,863,Random,OnArrival,3,57,12304,Node_504,22,0,19,22,19,,,,,,,,,
8,VISIT,864,Random,OnArrival,3,58,12304,Node_167,17,0,14,17,14,,,,,,,,,
8,VISIT,866,Random,OnArrival,3,33,12304,Node_520,21,0,22,21,22,,,,,,,,,
8,VISIT,869,Random,OnArrival,3,4,12307,Node_44,20,0,15,20,15,,,,,,,,,
8,VISIT,870,Random,OnArrival,3,4,12307,Node_6,19,0,12,19,12,,,,,,,,,
8,VISIT,871,Random,OnArrival,3,4,12307,Node_6,19,0,12,19,12,,,,,,,,,
8,VISIT,872,Random,OnArrival,3,4,12307,Node_22,21,0,14,21,14,,,,,,,,,
8,VISIT,851,Random,OnArrival,3,112,12311,Node_34,21,0,20,21,20,,,,,,,,,
8,VISIT,855,Random,OnArrival,3,92,12311,Node_786,19,0,25,19,25,,,,,,,,,
8,VISIT,859,Random,OnArrival,3,71,12311,Node_789,25,0,23,25,23,,,,,,,,,
8,VISIT,860,Random,OnArrival,3,73,12311,Node_764,22,0,16,22,16,,,,,,,,,
8,VISIT,861,Random,OnArrival,3,59,12311,Node_96,18,0,14,18,14,,,,,,,,,
8,VISIT,862,Random,OnArrival,3,59,12311,Node_96,18,0,14,18,14,,,,,,,,,
8,VISIT,863,Random,OnArrival,3,58,12311,Node_507,22,0,20,22,20,,,,,,,,,
8,VISIT,864,Random,OnArrival,3,59,12311,Node_96,18,0,14,18,14,,,,,,,,,
8,VISIT,866,Random,OnArrival,3,34,12311,Node_521,21,0,21,21,21,,,,,,,,,
8,VISIT,869,Random,OnArrival,3,5,12314,Node_25,21,0,15,21,15,,,,,,,,,
8,VISIT,870,Random,OnArrival,3,5,12314,Node_40,20,0,12,20,12,,,,,,,,,
8,VISIT,871,Random,OnArrival,3,5,12314,Node_40,20,0,12,20,12,,,,,,,,,
8,VISIT,872,Random,OnArrival,3,5,12314,Node_25,21,0,15,21,15,,,,,,,,,
8,VISIT,849,Random,OnArrival,3,112,12318,Node_785,24,0,22,24,22,,,,,,,,,
8,VISIT,851,Random,OnArrival,3,113,12318,Node_507,22,0,20,22,20,,,,,,,,,
8,VISIT,859,Random,OnArrival,3,72,12318,Node_787,24,0,23,24,23,,,,,,,,,
8,VISIT,860,Random,OnArrival,3,74,12318,Node_770,23,0,16,23,16,,,,,,,,,
8,VISIT,863,Random,OnArrival,3,59,12318,Node_34,21,0,20,21,20,,,,,,,,,
8,VISIT,865,Random,OnArrival,3,23,12318,Node_787,24,0,23,24,23,,,,,,,,,
8,VISIT,866,Random,OnArrival,3,35,12318,Node_34,21,0,20,21,20,,,,,,,,,
8,VISIT,867,Random,OnArrival,3,23,12318,Node_787,24,0,23,24,23,,,,,,,,,
8,VISIT,869,Random,OnArrival,3,6,12322,Node_45,22,0,15,22,15,,,,,,,,,
8,VISIT,870,Random,OnArrival,3,6,12322,Node_42,20,0,13,20,13,,,,,,,,,
8,VISIT,871,Random,OnArrival,3,6,12322,Node_42,20,0,13,20,13,,,,,,,,,
8,VISIT,872,Random,OnArrival,3,6,12322,Node_27,21,0,16,21,16,,,,,,,,,
8,VISIT,851,Random,OnArrival,3,114,12326,Node_509,22,0,21,22,21,,,,,,,,,
8,VISIT,852,Random,OnArrival,3,109,12326,Node_794,24,0,25,24,25,,,,,,,,,
8,VISIT,859,Random,OnArrival,3,73,12326,Node_795,24,0,24,24,24,,,,,,,,,
8,VISIT,860,Random,OnArrival,3,75,12326,Node_104,24,0,16,24,16,,,,,,,,,
8,VISIT,861,Random,OnArrival,3,60,12326,Node_43,20,0,14,20,14,,,,,,,,,
8,VISIT,862,Random,OnArrival,3,60,12326,Node_43,20,0,14,20,14,,,,,,,,,
8,VISIT,863,Random,OnArrival,3,60,12326,Node_521,21,0,21,21,21,,,,,,,,,
8,VISIT,864,Random,OnArrival,3,60,12326,Node_43,20,0,14,20,14,,,,,,,,,
8,VISIT,865,Random,OnArrival,3,24,12326,Node_795,24,0,24,24,24,,,,,,,,,
8,VISIT,866,Random,OnArrival,3,36,12326,Node_521,21,0,21,21,21,,,,,,,,,
8,VISIT,867,Random,OnArrival,3,24,12326,Node_795,24,0,24,24,24,,,,,,,,,
8,VISIT,869,Random,OnArrival,3,7,12330,Node_769,23,0,15,23,15,,,,,,,,,
8,VISIT,870,Random,OnArrival,3,7,12330,Node_43,20,0,14,20,14,,,,,,,,,
8,VISIT,871,Random,OnArrival,3,7,12330,Node_43,20,0,14,20,14,,,,,,,,,
8,VISIT,872,Random,OnArrival,3,7,12330,Node_764,22,0,16,22,16,,,,,,,,,
8,VISIT,849,Random,OnArrival,3,113,12335,Node_781,24,0,20,24,20,,,,,,,,,
8,VISIT,851,Random,OnArrival,3,115,12335,Node_512,22,0,22,22,22,,,,,,,,,
8,VISIT,852,Random,OnArrival,3,110,12335,Node_792,25,0,25,25,25,,,,,,,,,
8,VISIT,854,Random,OnArrival,3,93,12335,Node_794,24,0,25,24,25,,,,,,,,,
8,VISIT,856,Random,OnArrival,3,96,12335,Node_794,24,0,25,24,25,,,,,,,,,
8,VISIT,859,Random,OnArrival,3,74,12335,Node_790,25,0,24,25,24,,,,,,,,,
8,VISIT,860,Random,OnArrival,3,76,12335,Node_138,25,0,16,25,16,,,,,,,,,
8,VISIT,861,Random,OnArrival,3,61,12335,Node_44,20,0,15,20,15,,,,,,,,,
8,VISIT,862,Random,OnArrival,3,61,12335,Node_44,20,0,15,20,15,,,,,,,,,
8,VISIT,863,Random,OnArrival,3,61,12335,Node_520,21,0,22,21,22,,,,,,,,,
8,VISIT,864,Random,OnArrival,3,61,12335,Node_44,20,0,15,20,15,,,,,,,,,
8,VISIT,865,Random,OnArrival,3,25,12335,Node_790,25,0,24,25,24,,,,,,,,,
8,VISIT,866,Random,OnArrival,3,37,12335,Node_520,21,0,22,21,22,,,,,,,,,
8,VISIT,867,Random,OnArrival,3,25,12335,Node_790,25,0,24,25,24,,,,,,,,,
8,VISIT,869,Random,OnArrival,3,8,12339,Node_101,24,0,15,24,15,,,,,,,,,
8,VISIT,870,Random,OnArrival,3,8,12339,Node_44,20,0,15,20,15,,,,,,,,,
8,VISIT,871,Random,OnArrival,3,8,12339,Node_44,20,0,15,20,15,,,,,,,,,
8,VISIT,872,Random,OnArrival,3,8,12339,Node_770,23,0,16,23,16,,,,,,,,,
8,VISIT,849,Random,OnArrival,3,114,12345,Node_149,25,0,20,25,20,,,,,,,,,
8,VISIT,850,Random,OnArrival,3,105,12345,Node_794,24,0,25,24,25,,,,,,,,,
8,VISIT,854,Random,OnArrival,3,94,12345,Node_792,25,0,25,25,25,,,,,,,,,
8,VISIT,856,Random,OnArrival,3,97,12345,Node_795,24,0,24,24,24,,,,,,,,,
8,VISIT,859,Random,OnArrival,3,75,12345,Node_789,25,0,23,25,23,,,,,,,,,
8,VISIT,860,Random,OnArrival,3,77,12345,Node_104,24,0,16,24,16,,,,,,,,,
8,VISIT,861,Random,OnArrival,3,62,12345,Node_25,21,0,15,21,15,,,,,,,,,
8,VISIT,862,Random,OnArrival,3,62,12345,Node_25,21,0,15,21,15,,,,,,,,,
8,VISIT,863,Random,OnArrival,3,62,12345,Node_512,22,0,22,22,22,,,,,,,,,
8,VISIT,864,Random,OnArrival,3,62,12345,Node_25,21,0,15,21,15,,,,,,,,,
8,VISIT,865,Random,OnArrival,3,26,12345,Node_789,25,0,23,25,23,,,,,,,,,
8,VISIT,866,Random,OnArrival,3,38,12345,Node_512,22,0,22,22,22,,,,,,,,,
8,VISIT,867,Random,OnArrival,3,26,12345,Node_792,25,0,25,25,25,,,,,,,,,
8,VISIT,869,Random,OnArrival,3,9,12349,Node_135,25,0,15,25,15,,,,,,,,,
8,VISIT,870,Random,OnArrival,3,9,12349,Node_25,21,0,15,21,15,,,,,,,,,
8,VISIT,871,Random,OnArrival,3,9,12349,Node_25,21,0,15,21,15,,,,,,,,,
8,VISIT,872,Random,OnArrival,3,9,12349,Node_769,23,0,15,23,15,,,,,,,,,
8,VISIT,849,Random,OnArrival,3,115,12355,Node_781,24,0,20,24,20,,,,,,,,,
8,VISIT,850,Random,OnArrival,3,106,12355,Node_792,25,0,25,25,25,,,,,,,,,
8,VISIT,851,Random,OnArrival,3,116,12355,Node_785,24,0,22,24,22,,,,,,,,,
8,VISIT,855,Random,OnArrival,3,93,12355,Node_794,24,0,25,24,25,,,,,,,,,
8,VISIT,856,Random,OnArrival,3,98,12355,Node_787,24,0,23,24,23,,,,,,,,,
8,VISIT,859,Random,OnArrival,3,76,12355,Node_788,25,0,22,25,22,,,,,,,,,
8,VISIT,860,Random,OnArrival,3,78,12355,Node_101,24,0,15,24,15,,,,,,,,,
8,VISIT,861,Random,OnArrival,3,63,12355,Node_45,22,0,15,22,15,,,,,,,,,
8,VISIT,862,Random,OnArrival,3,63,12355,Node_45,22,0,15,22,15,,,,,,,,,
8,VISIT,864,Random,OnArrival,3,63,12355,Node_45,22,0,15,22,15,,,,,,,,,
8,VISIT,865,Random,OnArrival,3,27,12355,Node_793,26,0,23,26,23,,,,,,,,,
8,VISIT,869,Random,OnArrival,3,10,12359,Node_138,25,0,16,25,16,,,,,,,,,
8,VISIT,870,Random,OnArrival,3,10,12359,Node_45,22,0,15,22,15,,,,,,,,,
8,VISIT,871,Random,OnArrival,3,10,12359,Node_45,22,0,15,22,15,,,,,,,,,
8,VISIT,872,Random,OnArrival,3,10,12359,Node_101,24,0,15,24,15,,,,,,,,,
8,VISIT,849,Random,OnArrival,3,116,12365,Node_779,24,0,19,24,19,,,,,,,,,
8,VISIT,851,Random,OnArrival,3,117,12365,Node_787,24,0,23,24,23,,,,,,,,,
8,VISIT,855,Random,OnArrival,3,94,12365,Node_792,25,0,25,25,25,,,,,,,,,
8,VISIT,856,Random,OnArrival,3,99,12365,Node_785,24,0,22,24,22,,,,,,,,,
8,VISIT,859,Random,OnArrival,3,77,12365,Node_791,26,0,22,26,22,,,,,,,,,
8,VISIT,860,Random,OnArrival,3,79,12365,Node_104,24,0,16,24,16,,,,,,,,,
8,VISIT,861,Random,OnArrival,3,64,12365,Node_769,23,0,15,23,15,,,,,,,,,
8,VISIT,862,Random,OnArrival,3,64,12365,Node_769,23,0,15,23,15,,,,,,,,,
8,VISIT,863,Random,OnArrival,3,63,12365,Node_785,24,0,22,24,22,,,,,,,,,
8,VISIT,864,Random,OnArrival,3,64,12365,Node_769,23,0,15,23,15,,,,,,,,,
8,VISIT,865,Random,OnArrival,3,28,12365,Node_281,27,0,23,27,23,,,,,,,,,
8,VISIT,866,Random,OnArrival,3,39,12365,Node_785,24,0,22,24,22,,,,,,,,,
8,VISIT,869,Random,OnArrival,3,11,12369,Node_140,25,0,17,25,17,,,,,,,,,
8,VISIT,870,Random,OnArrival,3,11,12369,Node_769,23,0,15,23,15,,,,,,,,,
8,VISIT,871,Random,OnArrival,3,11,12369,Node_769,23,0,15,23,15,,,,,,,,,
8,VISIT,872,Random,OnArrival,3,11,12369,Node_98,24,0,14,24,14,,,,,,,,,
8,VISIT,849,Random,OnArrival,3,117,12374,Node_146,25,0,19,25,19,,,,,,,,,
8,VISIT,851,Random,OnArrival,3,118,12374,Node_785,24,0,22,24,22,,,,,,,,,
8,VISIT,859,Random,OnArrival,3,78,12374,Node_279,27,0,22,27,22,,,,,,,,,
8,VISIT,860,Random,OnArrival,3,80,12374,Node_107,24,0,17,24,17,,,,,,,,,
8,VISIT,861,Random,OnArrival,3,65,12374,Node_101,24,0,15,24,15,,,,,,,,,
8,VISIT,862,Random,OnArrival,3,65,12374,Node_101,24,0,15,24,15,,,,,,,,,
8,VISIT,864,Random,OnArrival,3,65,12374,Node_101,24,0,15,24,15,,,,,,,,,
8,VISIT,865,Random,OnArrival,3,29,12374,Node_279,27,0,22,27,22,,,,,,,,,
8,VISIT,869,Random,OnArrival,3,12,12378,Node_143,25,0,18,25,18,,,,,,,,,
8,VISIT,870,Random,OnArrival,3,12,12378,Node_101,24,0,15,24,15,,,,,,,,,
8,VISIT,871,Random,OnArrival,3,12,12378,Node_101,24,0,15,24,15,,,,,,,,,
8,VISIT,872,Random,OnArrival,3,12,12378,Node_133,25,0,14,25,14,,,,,,,,,
8,VISIT,849,Random,OnArrival,3,118,12383,Node_143,25,0,18,25,18,,,,,,,,,
8,VISIT,854,Random,OnArrival,3,95,12383,Node_796,29,0,25,29,25,,,,,,,,,
8,VISIT,856,Random,OnArrival,3,100,12383,Node_781,24,0,20,24,20,,,,,,,,,
8,VISIT,859,Random,OnArrival,3,79,12383,Node_278,27,0,21,27,21,,,,,,,,,
8,VISIT,860,Random,OnArrival,3,81,12383,Node_140,25,0,17,25,17,,,,,,,,,
8,VISIT,861,Random,OnArrival,3,66,12383,Node_135,25,0,15,25,15,,,,,,,,,
8,VISIT,862,Random,OnArrival,3,66,12383,Node_135,25,0,15,25,15,,,,,,,,,
8,VISIT,863,Random,OnArrival,3,64,12383,Node_781,24,0,20,24,20,,,,,,,,,
8,VISIT,864,Random,OnArrival,3,66,12383,Node_98,24,0,14,24,14,,,,,,,,,
8,VISIT,865,Random,OnArrival,3,30,12383,Node_278,27,0,21,27,21,,,,,,,,,
8,VISIT,866,Random,OnArrival,3,40,12383,Node_781,24,0,20,24,20,,,,,,,,,
8,VISIT,867,Random,OnArrival,3,27,12383,Node_796,29,0,25,29,25,,,,,,,,,
8,VISIT,869,Random,OnArrival,3,13,12387,Node_146,25,0,19,25,19,,,,,,,,,
8,VISIT,870,Random,OnArrival,3,13,12387,Node_135,25,0,15,25,15,,,,,,,,,
8,VISIT,871,Random,OnArrival,3,13,12387,Node_98,24,0,14,24,14,,,,,,,,,
8,VISIT,872,Random,OnArrival,3,13,12387,Node_135,25,0,15,25,15,,,,,,,,,
8,VISIT,849,Random,OnArrival,3,119,12391,Node_776,26,0,18,26,18,,,,,,,,,
8,VISIT,850,Random,OnArrival,3,107,12391,Node_796,29,0,25,29,25,,,,,,,,,
8,VISIT,851,Random,OnArrival,3,119,12391,Node_781,24,0,20,24,20,,,,,,,,,
8,VISIT,856,Random,OnArrival,3,101,12391,Node_779,24,0,19,24,19,,,,,,,,,
8,VISIT,860,Random,OnArrival,3,82,12391,Node_775,26,0,17,26,17,,,,,,,,,
8,VISIT,861,Random,OnArrival,3,67,12391,Node_133,25,0,14,25,14,,,,,,,,,
8,VISIT,862,Random,OnArrival,3,67,12391,Node_133,25,0,14,25,14,,,,,,,,,
8,VISIT,863,Random,OnArrival,3,65,12391,Node_779,24,0,19,24,19,,,,,,,,,
8,VISIT,864,Random,OnArrival,3,67,12391,Node_101,24,0,15,24,15,,,,,,,,,
8,VISIT,866,Random,OnArrival,3,41,12391,Node_779,24,0,19,24,19,,,,,,,,,
8,VISIT,869,Random,OnArrival,3,14,12395,Node_143,25,0,18,25,18,,,,,,,,,
8,VISIT,870,Random,OnArrival,3,14,12395,Node_133,25,0,14,25,14,,,,,,,,,
8,VISIT,871,Random,OnArrival,3,14,12395,Node_101,24,0,15,24,15,,,,,,,,,
8,VISIT,872,Random,OnArrival,3,14,12395,Node_138,25,0,16,25,16,,,,,,,,,
8,VISIT,849,Random,OnArrival,3,120,12400,Node_240,27,0,18,27,18,,,,,,,,,
8,VISIT,850,Random,OnArrival,3,108,12400,Node_799,30,0,25,30,25,,,,,,,,,
8,VISIT,851,Random,OnArrival,3,120,12400,Node_779,24,0,19,24,19,,,,,,,,,
8,VISIT,852,Random,OnArrival,3,111,12400,Node_799,30,0,25,30,25,,,,,,,,,
8,VISIT,854,Random,OnArrival,3,96,12400,Node_798,30,0,24,30,24,,,,,,,,,
8,VISIT,855,Random,OnArrival,3,95,12400,Node_796,29,0,25,29,25,,,,,,,,,
8,VISIT,856,Random,OnArrival,3,102,12400,Node_110,24,0,18,24,18,,,,,,,,,
8,VISIT,859,Random,OnArrival,3,80,12400,Node_241,27,0,19,27,19,,,,,,,,,
8,VISIT,860,Random,OnArrival,3,83,12400,Node_238,27,0,17,27,17,,,,,,,,,
8,VISIT,861,Random,OnArrival,3,68,12400,Node_135,25,0,15,25,15,,,,,,,,,
8,VISIT,862,Random,OnArrival,3,68,12400,Node_135,25,0,15,25,15,,,,,,,,,
8,VISIT,863,Random,OnArrival,3,66,12400,Node_110,24,0,18,24,18,,,,,,,,,
8,VISIT,864,Random,OnArrival,3,68,12400,Node_104,24,0,16,24,16,,,,,,,,,
8,VISIT,865,Random,OnArrival,3,31,12400,Node_241,27,0,19,27,19,,,,,,,,,
8,VISIT,866,Random,OnArrival,3,42,12400,Node_110,24,0,18,24,18,,,,,,,,,
8,VISIT,867,Random,OnArrival,3,28,12400,Node_798,30,0,24,30,24,,,,,,,,,
8,VISIT,869,Random,OnArrival,3,15,12404,Node_776,26,0,18,26,18,,,,,,,,,
8,VISIT,870,Random,OnArrival,3,15,12404,Node_135,25,0,15,25,15,,,,,,,,,
8,VISIT,871,Random,OnArrival,3,15,12404,Node_104,24,0,16,24,16,,,,,,,,,
8,VISIT,872,Random,OnArrival,3,15,12404,Node_140,25,0,17,25,17,,,,,,,,,
8,VISIT,849,Random,OnArrival,3,121,12409,Node_271,28,0,18,28,18,,,,,,,,,
8,VISIT,850,Random,OnArrival,3,109,12409,Node_798,30,0,24,30,24,,,,,,,,,
8,VISIT,851,Random,OnArrival,3,121,12409,Node_146,25,0,19,25,19,,,,,,,,,
8,VISIT,855,Random,OnArrival,3,96,12409,Node_797,29,0,24,29,24,,,,,,,,,
8,VISIT,856,Random,OnArrival,3,103,12409,Node_143,25,0,18,25,18,,,,,,,,,
8,VISIT,859,Random,OnArrival,3,81,12409,Node_274,28,0,19,28,19,,,,,,,,,
8,VISIT,860,Random,OnArrival,3,84,12409,Node_268,28,0,17,28,17,,,,,,,,,
8,VISIT,861,Random,OnArrival,3,69,12409,Node_138,25,0,16,25,16,,,,,,,,,
8,VISIT,862,Random,OnArrival,3,69,12409,Node_138,25,0,16,25,16,,,,,,,,,
8,VISIT,863,Random,OnArrival,3,67,12409,Node_143,25,0,18,25,18,,,,,,,,,
8,VISIT,864,Random,OnArrival,3,69,12409,Node_107,24,0,17,24,17,,,,,,,,,
8,VISIT,865,Random,OnArrival,3,32,12409,Node_274,28,0,19,28,19,,,,,,,,,
8,VISIT,866,Random,OnArrival,3,43,12409,Node_143,25,0,18,25,18,,,,,,,,,
8,VISIT,869,Random,OnArrival,3,16,12413,Node_240,27,0,18,27,18,,,,,,,,,
8,VISIT,870,Random,OnArrival,3,16,12413,Node_138,25,0,16,25,16,,,,,,,,,
8,VISIT,871,Random,OnArrival,3,16,12413,Node_107,24,0,17,24,17,,,,,,,,,
8,VISIT,872,Random,OnArrival,3,16,12413,Node_775,26,0,17,26,17,,,,,,,,,
8,VISIT,849,Random,OnArrival,3,122,12418,Node_240,27,0,18,27,18,,,,,,,,,
8,VISIT,850,Random,OnArrival,3,110,12418,Node_802,30,0,23,30,23,,,,,,,,,
8,VISIT,851,Random,OnArrival,3,122,12418,Node_143,25,0,18,25,18,,,,,,,,,
8,VISIT,855,Random,OnArrival,3,97,12418,Node_798,30,0,24,30,24,,,,,,,,,
8,VISIT,856,Random,OnArrival,3,104,12418,Node_776,26,0,18,26,18,,,,,,,,,
8,VISIT,859,Random,OnArrival,3,82,12418,Node_271,28,0,18,28,18,,,,,,,,,
8,VISIT,861,Random,OnArrival,3,70,12418,Node_140,25,0,17,25,17,,,,,,,,,
8,VISIT,862,Random,OnArrival,3,70,12418,Node_140,25,0,17,25,17,,,,,,,,,
8,VISIT,863,Random,OnArrival,3,68,12418,Node_776,26,0,18,26,18,,,,,,,,,
8,VISIT,864,Random,OnArrival,3,70,12418,Node_140,25,0,17,25,17,,,,,,,,,
8,VISIT,865,Random,OnArrival,3,33,12418,Node_271,28,0,18,28,18,,,,,,,,,
8,VISIT,866,Random,OnArrival,3,44,12418,Node_776,26,0,18,26,18,,,,,,,,,
8,VISIT,869,Random,OnArrival,3,17,12422,Node_241,27,0,19,27,19,,,,,,,,,
8,VISIT,870,Random,OnArrival,3,17,12422,Node_140,25,0,17,25,17,,,,,,,,,
8,VISIT,871,Random,OnArrival,3,17,12422,Node_140,25,0,17,25,17,,,,,,,,,
8,VISIT,872,Random,OnArrival,3,17,12422,Node_238,27,0,17,27,17,,,,,,,,,
8,VISIT,849,Random,OnArrival,3,123,12427,Node_238,27,0,17,27,17,,,,,,,,,
8,VISIT,850,Random,OnArrival,3,111,12427,Node_804,30,0,22,30,22,,,,,,,,,
8,VISIT,851,Random,OnArrival,3,123,12427,Node_140,25,0,17,25,17,,,,,,,,,
8,VISIT,855,Random,OnArrival,3,98,12427,Node_803,31,0,24,31,24,,,,,,,,,
8,VISIT,856,Random,OnArrival,3,105,12427,Node_775,26,0,17,26,17,,,,,,,,,
8,VISIT,859,Random,OnArrival,3,83,12427,Node_268,28,0,17,28,17,,,,,,,,,
8,VISIT,861,Random,OnArrival,3,71,12427,Node_775,26,0,17,26,17,,,,,,,,,
8,VISIT,862,Random,OnArrival,3,71,12427,Node_775,26,0,17,26,17,,,,,,,,,
8,VISIT,863,Random,OnArrival,3,69,12427,Node_775,26,0,17,26,17,,,,,,,,,
8,VISIT,864,Random,OnArrival,3,71,12427,Node_775,26,0,17,26,17,,,,,,,,,
8,VISIT,865,Random,OnArrival,3,34,12427,Node_268,28,0,17,28,17,,,,,,,,,
8,VISIT,866,Random,OnArrival,3,45,12427,Node_775,26,0,17,26,17,,,,,,,,,
8,VISIT,869,Random,OnArrival,3,18,12431,Node_800,27,0,20,27,20,,,,,,,,,
8,VISIT,870,Random,OnArrival,3,18,12431,Node_775,26,0,17,26,17,,,,,,,,,
8,VISIT,871,Random,OnArrival,3,18,12431,Node_775,26,0,17,26,17,,,,,,,,,
8,VISIT,872,Random,OnArrival,3,18,12431,Node_268,28,0,17,28,17,,,,,,,,,
8,VISIT,849,Random,OnArrival,3,124,12436,Node_236,27,0,16,27,16,,,,,,,,,
8,VISIT,850,Random,OnArrival,3,112,12436,Node_807,30,0,21,30,21,,,,,,,,,
8,VISIT,851,Random,OnArrival,3,124,12436,Node_775,26,0,17,26,17,,,,,,,,,
8,VISIT,856,Random,OnArrival,3,106,12436,Node_238,27,0,17,27,17,,,,,,,,,
8,VISIT,859,Random,OnArrival,3,84,12436,Node_238,27,0,17,27,17,,,,,,,,,
8,VISIT,860,Random,OnArrival,3,85,12436,Node_265,28,0,16,28,16,,,,,,,,,
8,VISIT,861,Random,OnArrival,3,72,12436,Node_238,27,0,17,27,17,,,,,,,,,
8,VISIT,862,Random,OnArrival,3,72,12436,Node_776,26,0,18,26,18,,,,,,,,,
8,VISIT,863,Random,OnArrival,3,70,12436,Node_238,27,0,17,27,17,,,,,,,,,
8,VISIT,864,Random,OnArrival,3,72,12436,Node_776,26,0,18,26,18,,,,,,,,,
8,VISIT,865,Random,OnArrival,3,35,12436,Node_265,28,0,16,28,16,,,,,,,,,
8,VISIT,866,Random,OnArrival,3,46,12436,Node_238,27,0,17,27,17,,,,,,,,,
8,VISIT,869,Random,OnArrival,3,19,12440,Node_276,28,0,20,28,20,,,,,,,,,
8,VISIT,870,Random,OnArrival,3,19,12440,Node_238,27,0,17,27,17,,,,,,,,,
8,VISIT,871,Random,OnArrival,3,19,12440,Node_238,27,0,17,27,17,,,,,,,,,
8,VISIT,872,Random,OnArrival,3,19,12440,Node_265,28,0,16,28,16,,,,,,,,,
8,VISIT,849,Random,OnArrival,3,125,12445,Node_265,28,0,16,28,16,,,,,,,,,
8,VISIT,851,Random,OnArrival,3,125,12445,Node_238,27,0,17,27,17,,,,,,,,,
8,VISIT,854,Random,OnArrival,3,97,12445,Node_277,28,0,21,28,21,,,,,,,,,
8,VISIT,856,Random,OnArrival,3,107,12445,Node_268,28,0,17,28,17,,,,,,,,,
8,VISIT,859,Random,OnArrival,3,85,12445,Node_236,27,0,16,27,16,,,,,,,,,
8,VISIT,860,Random,OnArrival,3,86,12445,Node_236,27,0,16,27,16,,,,,,,,,
8,VISIT,861,Random,OnArrival,3,73,12445,Node_268,28,0,17,28,17,,,,,,,,,
8,VISIT,862,Random,OnArrival,3,73,12445,Node_240,27,0,18,27,18,,,,,,,,,
8,VISIT,863,Random,OnArrival,3,71,12445,Node_268,28,0,17,28,17,,,,,,,,,
8,VISIT,864,Random,OnArrival,3,73,12445,Node_240,27,0,18,27,18,,,,,,,,,
8,VISIT,865,Random,OnArrival,3,36,12445,Node_236,27,0,16,27,16,,,,,,,,,
8,VISIT,866,Random,OnArrival,3,47,12445,Node_236,27,0,16,27,16,,,,,,,,,
8,VISIT,867,Random,OnArrival,3,29,12445,Node_277,28,0,21,28,21,,,,,,,,,
8,VISIT,869,Random,OnArrival,3,20,12449,Node_277,28,0,21,28,21,,,,,,,,,
8,VISIT,870,Random,OnArrival,3,20,12449,Node_268,28,0,17,28,17,,,,,,,,,
8,VISIT,871,Random,OnArrival,3,20,12449,Node_268,28,0,17,28,17,,,,,,,,,
8,VISIT,872,Random,OnArrival,3,20,12449,Node_236,27,0,16,27,16,,,,,,,,,
8,VISIT,849,Random,OnArrival,3,126,12454,Node_808,29,0,16,29,16,,,,,,,,,
8,VISIT,850,Random,OnArrival,3,113,12454,Node_277,28,0,21,28,21,,,,,,,,,
8,VISIT,851,Random,OnArrival,3,126,12454,Node_236,27,0,16,27,16,,,,,,,,,
8,VISIT,852,Random,OnArrival,3,112,12454,Node_807,30,0,21,30,21,,,,,,,,,
8,VISIT,855,Random,OnArrival,3,99,12454,Node_801,31,0,25,31,25,,,,,,,,,
8,VISIT,856,Random,OnArrival,3,108,12454,Node_265,28,0,16,28,16,,,,,,,,,
8,VISIT,859,Random,OnArrival,3,86,12454,Node_265,28,0,16,28,16,,,,,,,,,
8,VISIT,860,Random,OnArrival,3,87,12454,Node_265,28,0,16,28,16,,,,,,,,,
8,VISIT,861,Random,OnArrival,3,74,12454,Node_805,29,0,17,29,17,,,,,,,,,
8,VISIT,862,Random,OnArrival,3,74,12454,Node_241,27,0,19,27,19,,,,,,,,,
8,VISIT,863,Random,OnArrival,3,72,12454,Node_265,28,0,16,28,16,,,,,,,,,
8,VISIT,864,Random,OnArrival,3,74,12454,Node_241,27,0,19,27,19,,,,,,,,,
8,VISIT,865,Random,OnArrival,3,37,12454,Node_265,28,0,16,28,16,,,,,,,,,
8,VISIT,866,Random,OnArrival,3,48,12454,Node_238,27,0,17,27,17,,,,,,,,,
8,VISIT,870,Random,OnArrival,3,21,12458,Node_265,28,0,16,28,16,,,,,,,,,
8,VISIT,871,Random,OnArrival,3,21,12458,Node_265,28,0,16,28,16,,,,,,,,,
8,VISIT,872,Random,OnArrival,3,21,12458,Node_238,27,0,17,27,17,,,,,,,,,
8,VISIT,851,Random,OnArrival,3,127,12463,Node_265,28,0,16,28,16,,,,,,,,,
8,VISIT,852,Random,OnArrival,3,113,12463,Node_811,31,0,21,31,21,,,,,,,,,
8,VISIT,854,Random,OnArrival,3,98,12463,Node_807,30,0,21,30,21,,,,,,,,,
8,VISIT,855,Random,OnArrival,3,100,12463,Node_803,31,0,24,31,24,,,,,,,,,
8,VISIT,856,Random,OnArrival,3,109,12463,Node_808,29,0,16,29,16,,,,,,,,,
8,VISIT,859,Random,OnArrival,3,87,12463,Node_808,29,0,16,29,16,,,,,,,,,
8,VISIT,860,Random,OnArrival,3,88,12463,Node_808,29,0,16,29,16,,,,,,,,,
8,VISIT,862,Random,OnArrival,3,75,12463,Node_800,27,0,20,27,20,,,,,,,,,
8,VISIT,863,Random,OnArrival,3,73,12463,Node_268,28,0,17,28,17,,,,,,,,,
8,VISIT,864,Random,OnArrival,3,75,12463,Node_800,27,0,20,27,20,,,,,,,,,
8,VISIT,865,Random,OnArrival,3,38,12463,Node_808,29,0,16,29,16,,,,,,,,,
8,VISIT,866,Random,OnArrival,3,49,12463,Node_268,28,0,17,28,17,,,,,,,,,
8,VISIT,867,Random,OnArrival,3,30,12463,Node_807,30,0,21,30,21,,,,,,,,,
8,VISIT,869,Random,OnArrival,3,21,12467,Node_807,30,0,21,30,21,,,,,,,,,
8,VISIT,870,Random,OnArrival,3,22,12467,Node_808,29,0,16,29,16,,,,,,,,,
8,VISIT,871,Random,OnArrival,3,22,12467,Node_808,29,0,16,29,16,,,,,,,,,
8,VISIT,872,Random,OnArrival,3,22,12467,Node_268,28,0,17,28,17,,,,,,,,,
8,VISIT,849,Random,OnArrival,3,127,12472,Node_814,30,0,17,30,17,,,,,,,,,
8,VISIT,850,Random,OnArrival,3,114,12472,Node_807,30,0,21,30,21,,,,,,,,,
8,VISIT,851,Random,OnArrival,3,128,12472,Node_808,29,0,16,29,16,,,,,,,,,
8,VISIT,854,Random,OnArrival,3,99,12472,Node_804,30,0,22,30,22,,,,,,,,,
8,VISIT,855,Random,OnArrival,3,101,12472,Node_806,31,0,23,31,23,,,,,,,,,
8,VISIT,856,Random,OnArrival,3,110,12472,Node_805,29,0,17,29,17,,,,,,,,,
8,VISIT,859,Random,OnArrival,3,88,12472,Node_813,30,0,16,30,16,,,,,,,,,
8,VISIT,860,Random,OnArrival,3,89,12472,Node_805,29,0,17,29,17,,,,,,,,,
8,VISIT,861,Random,OnArrival,3,75,12472,Node_813,30,0,16,30,16,,,,,,,,,
8,VISIT,862,Random,OnArrival,3,76,12472,Node_278,27,0,21,27,21,,,,,,,,,
8,VISIT,863,Random,OnArrival,3,74,12472,Node_805,29,0,17,29,17,,,,,,,,,
8,VISIT,864,Random,OnArrival,3,76,12472,Node_278,27,0,21,27,21,,,,,,,,,
8,VISIT,865,Random,OnArrival,3,39,12472,Node_813,30,0,16,30,16,,,,,,,,,
8,VISIT,866,Random,OnArrival,3,50,12472,Node_805,29,0,17,29,17,,,,,,,,,
8,VISIT,867,Random,OnArrival,3,31,12472,Node_804,30,0,22,30,22,,,,,,,,,
8,VISIT,869,Random,OnArrival,3,22,12476,Node_811,31,0,21,31,21,,,,,,,,,
8,VISIT,870,Random,OnArrival,3,23,12476,Node_813,30,0,16,30,16,,,,,,,,,
8,VISIT,871,Random,OnArrival,3,23,12476,Node_805,29,0,17,29,17,,,,,,,,,
8,VISIT,872,Random,OnArrival,3,23,12476,Node_805,29,0,17,29,17,,,,,,,,,
8,VISIT,849,Random,OnArrival,3,128,12481,Node_260,31,0,17,31,17,,,,,,,,,
8,VISIT,850,Random,OnArrival,3,115,12481,Node_804,30,0,22,30,22,,,,,,,,,
8,VISIT,851,Random,OnArrival,3,129,12481,Node_805,29,0,17,29,17,,,,,,,,,
8,VISIT,854,Random,OnArrival,3,100,12481,Node_809,31,0,22,31,22,,,,,,,,,
8,VISIT,855,Random,OnArrival,3,102,12481,Node_802,30,0,23,30,23,,,,,,,,,
8,VISIT,856,Random,OnArrival,3,111,12481,Node_808,29,0,16,29,16,,,,,,,,,
8,VISIT,859,Random,OnArrival,3,89,12481,Node_258,31,0,16,31,16,,,,,,,,,
8,VISIT,860,Random,OnArrival,3,90,12481,Node_808,29,0,16,29,16,,,,,,,,,
8,VISIT,861,Random,OnArrival,3,76,12481,Node_258,31,0,16,31,16,,,,,,,,,
8,VISIT,862,Random,OnArrival,3,77,12481,Node_277,28,0,21,28,21,,,,,,,,,
8,VISIT,863,Random,OnArrival,3,75,12481,Node_808,29,0,16,29,16,,,,,,,,,
8,VISIT,864,Random,OnArrival,3,77,12481,Node_277,28,0,21,28,21,,,,,,,,,
8,VISIT,865,Random,OnArrival,3,40,12481,Node_258,31,0,16,31,16,,,,,,,,,
8,VISIT,866,Random,OnArrival,3,51,12481,Node_814,30,0,17,30,17,,,,,,,,,
8,VISIT,867,Random,OnArrival,3,32,12481,Node_809,31,0,22,31,22,,,,,,,,,
8,VISIT,869,Random,OnArrival,3,23,12485,Node_809,31,0,22,31,22,,,,,,,,,
8,VISIT,870,Random,OnArrival,3,24,12485,Node_258,31,0,16,31,16,,,,,,,,,
8,VISIT,871,Random,OnArrival,3,24,12485,Node_814,30,0,17,30,17,,,,,,,,,
8,VISIT,872,Random,OnArrival,3,24,12485,Node_814,30,0,17,30,17,,,,,,,,,
8,VISIT,850,Random,OnArrival,3,116,12490,Node_809,31,0,22,31,22,,,,,,,,,
8,VISIT,851,Random,OnArrival,3,130,12490,Node_814,30,0,17,30,17,,,,,,,,,
8,VISIT,854,Random,OnArrival,3,101,12490,Node_816,32,0,22,32,22,,,,,,,,,
8,VISIT,855,Random,OnArrival,3,103,12490,Node_804,30,0,22,30,22,,,,,,,,,
8,VISIT,856,Random,OnArrival,3,112,12490,Node_813,30,0,16,30,16,,,,,,,,,
8,VISIT,860,Random,OnArrival,3,91,12490,Node_813,30,0,16,30,16,,,,,,,,,
8,VISIT,863,Random,OnArrival,3,76,12490,Node_813,30,0,16,30,16,,,,,,,,,
8,VISIT,866,Random,OnArrival,3,52,12490,Node_260,31,0,17,31,17,,,,,,,,,
8,VISIT,867,Random,OnArrival,3,33,12490,Node_816,32,0,22,32,22,,,,,,,,,
8,VISIT,869,Random,OnArrival,3,24,12494,Node_816,32,0,22,32,22,,,,,,,,,
8,VISIT,870,Random,OnArrival,3,25,12494,Node_818,32,0,16,32,16,,,,,,,,,
8,VISIT,871,Random,OnArrival,3,25,12494,Node_260,31,0,17,31,17,,,,,,,,,
8,VISIT,872,Random,OnArrival,3,25,12494,Node_260,31,0,17,31,17,,,,,,,,,
8,VISIT,850,Random,OnArrival,3,117,12499,Node_816,32,0,22,32,22,,,,,,,,,
8,VISIT,851,Random,OnArrival,3,131,12499,Node_813,30,0,16,30,16,,,,,,,,,
8,VISIT,855,Random,OnArrival,3,104,12499,Node_809,31,0,22,31,22,,,,,,,,,
8,VISIT,856,Random,OnArrival,3,113,12499,Node_814,30,0,17,30,17,,,,,,,,,
8,VISIT,859,Random,OnArrival,3,90,12499,Node_817,32,0,17,32,17,,,,,,,,,
8,VISIT,860,Random,OnArrival,3,92,12499,Node_814,30,0,17,30,17,,,,,,,,,
8,VISIT,861,Random,OnArrival,3,77,12499,Node_817,32,0,17,32,17,,,,,,,,,
8,VISIT,862,Random,OnArrival,3,78,12499,Node_807,30,0,21,30,21,,,,,,,,,
8,VISIT,863,Random,OnArrival,3,77,12499,Node_814,30,0,17,30,17,,,,,,,,,
8,VISIT,864,Random,OnArrival,3,78,12499,Node_807,30,0,21,30,21,,,,,,,,,
8,VISIT,865,Random,OnArrival,3,41,12499,Node_817,32,0,17,32,17,,,,,,,,,
8,VISIT,866,Random,OnArrival,3,53,12499,Node_817,32,0,17,32,17,,,,,,,,,
8,VISIT,869,Random,OnArrival,3,25,12503,Node_820,33,0,22,33,22,,,,,,,,,
8,VISIT,870,Random,OnArrival,3,26,12503,Node_817,32,0,17,32,17,,,,,,,,,
8,VISIT,871,Random,OnArrival,3,26,12503,Node_258,31,0,16,31,16,,,,,,,,,
8,VISIT,872,Random,OnArrival,3,26,12503,Node_263,31,0,18,31,18,,,,,,,,,
8,VISIT,850,Random,OnArrival,3,118,12508,Node_820,33,0,22,33,22,,,,,,,,,
8,VISIT,851,Random,OnArrival,3,132,12508,Node_258,31,0,16,31,16,,,,,,,,,
8,VISIT,855,Random,OnArrival,3,105,12508,Node_806,31,0,23,31,23,,,,,,,,,
8,VISIT,856,Random,OnArrival,3,114,12508,Node_260,31,0,17,31,17,,,,,,,,,
8,VISIT,860,Random,OnArrival,3,93,12508,Node_260,31,0,17,31,17,,,,,,,,,
8,VISIT,862,Random,OnArrival,3,79,12508,Node_804,30,0,22,30,22,,,,,,,,,
8,VISIT,863,Random,OnArrival,3,78,12508,Node_260,31,0,17,31,17,,,,,,,,,
8,VISIT,864,Random,OnArrival,3,79,12508,Node_811,31,0,21,31,21,,,,,,,,,
8,VISIT,869,Random,OnArrival,3,26,12512,Node_822,33,0,21,33,21,,,,,,,,,
8,VISIT,870,Random,OnArrival,3,27,12512,Node_823,33,0,17,33,17,,,,,,,,,
8,VISIT,871,Random,OnArrival,3,27,12512,Node_818,32,0,16,32,16,,,,,,,,,
8,VISIT,872,Random,OnArrival,3,27,12512,Node_819,32,0,18,32,18,,,,,,,,,
8,VISIT,850,Random,OnArrival,3,119,12517,Node_822,33,0,21,33,21,,,,,,,,,
8,VISIT,851,Random,OnArrival,3,133,12517,Node_257,31,0,15,31,15,,,,,,,,,
8,VISIT,855,Random,OnArrival,3,106,12517,Node_803,31,0,24,31,24,,,,,,,,,
8,VISIT,856,Random,OnArrival,3,115,12517,Node_817,32,0,17,32,17,,,,,,,,,
8,VISIT,860,Random,OnArrival,3,94,12517,Node_263,31,0,18,31,18,,,,,,,,,
8,VISIT,862,Random,OnArrival,3,80,12517,Node_807,30,0,21,30,21,,,,,,,,,
8,VISIT,863,Random,OnArrival,3,79,12517,Node_263,31,0,18,31,18,,,,,,,,,
8,VISIT,864,Random,OnArrival,3,80,12517,Node_815,32,0,21,32,21,,,,,,,,,
8,VISIT,869,Random,OnArrival,3,27,12521,Node_824,33,0,20,33,20,,,,,,,,,
8,VISIT,870,Random,OnArrival,3,28,12521,Node_825,33,0,18,33,18,,,,,,,,,
8,VISIT,872,Random,OnArrival,3,28,12521,Node_825,33,0,18,33,18,,,,,,,,,
8,VISIT,850,Random,OnArrival,3,120,12526,Node_824,33,0,20,33,20,,,,,,,,,
8,VISIT,851,Random,OnArrival,3,134,12526,Node_826,32,0,15,32,15,,,,,,,,,
8,VISIT,855,Random,OnArrival,3,107,12526,Node_801,31,0,25,31,25,,,,,,,,,
8,VISIT,856,Random,OnArrival,3,116,12526,Node_818,32,0,16,32,16,,,,,,,,,
8,VISIT,860,Random,OnArrival,3,95,12526,Node_260,31,0,17,31,17,,,,,,,,,
8,VISIT,862,Random,OnArrival,3,81,12526,Node_811,31,0,21,31,21,,,,,,,,,
8,VISIT,863,Random,OnArrival,3,80,12526,Node_260,31,0,17,31,17,,,,,,,,,
8,VISIT,869,Random,OnArrival,3,28,12530,Node_827,33,0,19,33,19,,,,,,,,,
8,VISIT,870,Random,OnArrival,3,29,12530,Node_827,33,0,19,33,19,,,,,,,,,
8,VISIT,871,Random,OnArrival,3,28,12530,Node_257,31,0,15,31,15,,,,,,,,,
8,VISIT,872,Random,OnArrival,3,29,12530,Node_827,33,0,19,33,19,,,,,,,,,
8,VISIT,850,Random,OnArrival,3,121,12535,Node_827,33,0,19,33,19,,,,,,,,,
8,VISIT,851,Random,OnArrival,3,135,12535,Node_818,32,0,16,32,16,,,,,,,,,
8,VISIT,854,Random,OnArrival,3,102,12535,Node_825,33,0,18,33,18,,,,,,,,,
8,VISIT,855,Random,OnArrival,3,108,12535,Node_812,32,0,25,32,25,,,,,,,,,
8,VISIT,856,Random,OnArrival,3,117,12535,Node_817,32,0,17,32,17,,,,,,,,,
8,VISIT,860,Random,OnArrival,3,96,12535,Node_258,31,0,16,31,16,,,,,,,,,
8,VISIT,861,Random,OnArrival,3,78,12535,Node_821,32,0,19,32,19,,,,,,,,,
8,VISIT,862,Random,OnArrival,3,82,12535,Node_815,32,0,21,32,21,,,,,,,,,
8,VISIT,863,Random,OnArrival,3,81,12535,Node_817,32,0,17,32,17,,,,,,,,,
8,VISIT,864,Random,OnArrival,3,81,12535,Node_821,32,0,19,32,19,,,,,,,,,
8,VISIT,865,Random,OnArrival,3,42,12535,Node_821,32,0,19,32,19,,,,,,,,,
8,VISIT,866,Random,OnArrival,3,54,12535,Node_821,32,0,19,32,19,,,,,,,,,
8,VISIT,867,Random,OnArrival,3,34,12535,Node_821,32,0,19,32,19,,,,,,,,,
8,VISIT,869,Random,OnArrival,3,29,12539,Node_821,32,0,19,32,19,,,,,,,,,
8,VISIT,870,Random,OnArrival,3,30,12539,Node_821,32,0,19,32,19,,,,,,,,,
8,VISIT,871,Random,OnArrival,3,29,12539,Node_256,31,0,14,31,14,,,,,,,,,
8,VISIT,872,Random,OnArrival,3,30,12539,Node_821,32,0,19,32,19,,,,,,,,,
8,VISIT,850,Random,OnArrival,3,122,12544,Node_821,32,0,19,32,19,,,,,,,,,
8,VISIT,851,Random,OnArrival,3,136,12544,Node_817,32,0,17,32,17,,,,,,,,,
8,VISIT,856,Random,OnArrival,3,118,12544,Node_819,32,0,18,32,18,,,,,,,,,
8,VISIT,860,Random,OnArrival,3,97,12544,Node_257,31,0,15,31,15,,,,,,,,,
8,VISIT,861,Random,OnArrival,3,79,12544,Node_828,32,0,20,32,20,,,,,,,,,
8,VISIT,862,Random,OnArrival,3,83,12544,Node_822,33,0,21,33,21,,,,,,,,,
8,VISIT,863,Random,OnArrival,3,82,12544,Node_823,33,0,17,33,17,,,,,,,,,
8,VISIT,864,Random,OnArrival,3,82,12544,Node_819,32,0,18,32,18,,,,,,,,,
8,VISIT,865,Random,OnArrival,3,43,12544,Node_819,32,0,18,32,18,,,,,,,,,
8,VISIT,866,Random,OnArrival,3,55,12544,Node_828,32,0,20,32,20,,,,,,,,,
8,VISIT,867,Random,OnArrival,3,35,12544,Node_827,33,0,19,33,19,,,,,,,,,
8,VISIT,873,Random,OnArrival,3,0,12546,Node_6,19,0,12,19,12,,,,,,,,,
8,VISIT,874,Random,OnArrival,3,0,12546,Node_7,19,0,8,19,8,,,,,,,,,
8,VISIT,875,Random,OnArrival,3,0,12546,Node_8,17,0,10,17,10,,,,,,,,,
8,VISIT,876,Random,OnArrival,3,0,12546,Node_9,21,0,10,21,10,,,,,,,,,
8,VISIT,869,Random,OnArrival,3,30,12548,Node_828,32,0,20,32,20,,,,,,,,,
8,VISIT,870,Random,OnArrival,3,31,12548,Node_827,33,0,19,33,19,,,,,,,,,
8,VISIT,871,Random,OnArrival,3,30,12548,Node_272,31,0,13,31,13,,,,,,,,,
8,VISIT,872,Random,OnArrival,3,31,12548,Node_819,32,0,18,32,18,,,,,,,,,
8,VISIT,850,Random,OnArrival,3,123,12550,Node_828,32,0,20,32,20,,,,,,,,,
8,VISIT,851,Random,OnArrival,3,137,12550,Node_819,32,0,18,32,18,,,,,,,,,
8,VISIT,856,Random,OnArrival,3,119,12550,Node_821,32,0,19,32,19,,,,,,,,,
8,VISIT,860,Random,OnArrival,3,98,12550,Node_256,31,0,14,31,14,,,,,,,,,
8,VISIT,861,Random,OnArrival,3,80,12550,Node_824,33,0,20,33,20,,,,,,,,,
8,VISIT,862,Random,OnArrival,3,84,12550,Node_824,33,0,20,33,20,,,,,,,,,
8,VISIT,864,Random,OnArrival,3,83,12550,Node_825,33,0,18,33,18,,,,,,,,,
8,VISIT,865,Random,OnArrival,3,44,12550,Node_825,33,0,18,33,18,,,,,,,,,
8,VISIT,866,Random,OnArrival,3,56,12550,Node_824,33,0,20,33,20,,,,,,,,,
8,VISIT,867,Random,OnArrival,3,36,12550,Node_824,33,0,20,33,20,,,,,,,,,
8,VISIT,873,Random,OnArrival,3,1,12550,Node_40,20,0,12,20,12,,,,,,,,,
8,VISIT,874,Random,OnArrival,3,1,12550,Node_3,19,0,9,19,9,,,,,,,,,
8,VISIT,875,Random,OnArrival,3,1,12550,Node_4,18,0,10,18,10,,,,,,,,,
8,VISIT,876,Random,OnArrival,3,1,12550,Node_13,21,0,11,21,11,,,,,,,,,
8,VISIT,850,Random,OnArrival,3,124,12554,Node_824,33,0,20,33,20,,,,,,,,,
8,VISIT,851,Random,OnArrival,3,138,12554,Node_825,33,0,18,33,18,,,,,,,,,
8,VISIT,856,Random,OnArrival,3,120,12554,Node_828,32,0,20,32,20,,,,,,,,,
8,VISIT,860,Random,OnArrival,3,99,12554,Node_272,31,0,13,31,13,,,,,,,,,
8,VISIT,861,Random,OnArrival,3,81,12554,Node_827,33,0,19,33,19,,,,,,,,,
8,VISIT,862,Random,OnArrival,3,85,12554,Node_827,33,0,19,33,19,,,,,,,,,
8,VISIT,863,Random,OnArrival,3,83,12554,Node_829,34,0,18,34,18,,,,,,,,,
8,VISIT,864,Random,OnArrival,3,84,12554,Node_829,34,0,18,34,18,,,,,,,,,
8,VISIT,865,Random,OnArrival,3,45,12554,Node_827,33,0,19,33,19,,,,,,,,,
8,VISIT,866,Random,OnArrival,3,57,12554,Node_827,33,0,19,33,19,,,,,,,,,
8,VISIT,867,Random,OnArrival,3,37,12554,Node_827,33,0,19,33,19,,,,,,,,,
8,VISIT,869,Random,OnArrival,3,31,12554,Node_824,33,0,20,33,20,,,,,,,,,
8,VISIT,870,Random,OnArrival,3,32,12554,Node_824,33,0,20,33,20,,,,,,,,,
8,VISIT,871,Random,OnArrival,3,31,12554,Node_280,32,0,13,32,13,,,,,,,,,
8,VISIT,872,Random,OnArrival,3,32,12554,Node_825,33,0,18,33,18,,,,,,,,,
8,VISIT,873,Random,OnArrival,3,2,12554,Node_42,20,0,13,20,13,,,,,,,,,
8,VISIT,874,Random,OnArrival,3,2,12554,Node_48,20,0,9,20,9,,,,,,,,,
8,VISIT,875,Random,OnArrival,3,2,12554,Node_14,18,0,11,18,11,,,,,,,,,
8,VISIT,876,Random,OnArrival,3,2,12554,Node_56,22,0,11,22,11,,,,,,,,,
8,VISIT,850,Random,OnArrival,3,125,12558,Node_827,33,0,19,33,19,,,,,,,,,
8,VISIT,851,Random,OnArrival,3,139,12558,Node_823,33,0,17,33,17,,,,,,,,,
8,VISIT,856,Random,OnArrival,3,121,12558,Node_821,32,0,19,32,19,,,,,,,,,
8,VISIT,860,Random,OnArrival,3,100,12558,Node_280,32,0,13,32,13,,,,,,,,,
8,VISIT,861,Random,OnArrival,3,82,12558,Node_825,33,0,18,33,18,,,,,,,,,
8,VISIT,862,Random,OnArrival,3,86,12558,Node_825,33,0,18,33,18,,,,,,,,,
8,VISIT,863,Random,OnArrival,3,84,12558,Node_311,35,0,18,35,18,,,,,,,,,
8,VISIT,864,Random,OnArrival,3,85,12558,Node_311,35,0,18,35,18,,,,,,,,,
8,VISIT,865,Random,OnArrival,3,46,12558,Node_824,33,0,20,33,20,,,,,,,,,
8,VISIT,866,Random,OnArrival,3,58,12558,Node_825,33,0,18,33,18,,,,,,,,,
8,VISIT,867,Random,OnArrival,3,38,12558,Node_825,33,0,18,33,18,,,,,,,,,
8,VISIT,869,Random,OnArrival,3,32,12558,Node_827,33,0,19,33,19,,,,,,,,,
8,VISIT,870,Random,OnArrival,3,33,12558,Node_822,33,0,21,33,21,,,,,,,,,
8,VISIT,872,Random,OnArrival,3,33,12558,Node_829,34,0,18,34,18,,,,,,,,,
8,VISIT,873,Random,OnArrival,3,3,12558,Node_43,20,0,14,20,14,,,,,,,,,
8,VISIT,874,Random,OnArrival,3,3,12558,Node_47,21,0,9,21,9,,,,,,,,,
8,VISIT,875,Random,OnArrival,3,3,12558,Node_2,19,0,11,19,11,,,,,,,,,
8,VISIT,876,Random,OnArrival,3,3,12558,Node_88,23,0,11,23,11,,,,,,,,,
8,VISIT,850,Random,OnArrival,3,126,12562,Node_825,33,0,18,33,18,,,,,,,,,
8,VISIT,851,Random,OnArrival,3,140,12562,Node_830,34,0,17,34,17,,,,,,,,,
8,VISIT,856,Random,OnArrival,3,122,12562,Node_819,32,0,18,32,18,,,,,,,,,
8,VISIT,861,Random,OnArrival,3,83,12562,Node_829,34,0,18,34,18,,,,,,,,,
8,VISIT,862,Random,OnArrival,3,87,12562,Node_823,33,0,17,33,17,,,,,,,,,
8,VISIT,865,Random,OnArrival,3,47,12562,Node_822,33,0,21,33,21,,,,,,,,,
8,VISIT,866,Random,OnArrival,3,59,12562,Node_823,33,0,17,33,17,,,,,,,,,
8,VISIT,867,Random,OnArrival,3,39,12562,Node_823,33,0,17,33,17,,,,,,,,,
8,VISIT,869,Random,OnArrival,3,33,12562,Node_825,33,0,18,33,18,,,,,,,,,
8,VISIT,870,Random,OnArrival,3,34,12562,Node_820,33,0,22,33,22,,,,,,,,,
8,VISIT,871,Random,OnArrival,3,32,12562,Node_296,34,0,13,34,13,,,,,,,,,
8,VISIT,872,Random,OnArrival,3,34,12562,Node_311,35,0,18,35,18,,,,,,,,,
8,VISIT,873,Random,OnArrival,3,4,12562,Node_44,20,0,15,20,15,,,,,,,,,
8,VISIT,874,Random,OnArrival,3,4,12562,Node_61,22,0,9,22,9,,,,,,,,,
8,VISIT,875,Random,OnArrival,3,4,12562,Node_38,20,0,11,20,11,,,,,,,,,
8,VISIT,876,Random,OnArrival,3,4,12562,Node_91,23,0,12,23,12,,,,,,,,,
8,VISIT,850,Random,OnArrival,3,127,12566,Node_829,34,0,18,34,18,,,,,,,,,
8,VISIT,851,Random,OnArrival,3,141,12566,Node_310,35,0,17,35,17,,,,,,,,,
8,VISIT,856,Random,OnArrival,3,123,12566,Node_825,33,0,18,33,18,,,,,,,,,
8,VISIT,860,Random,OnArrival,3,101,12566,Node_296,34,0,13,34,13,,,,,,,,,
8,VISIT,861,Random,OnArrival,3,84,12566,Node_311,35,0,18,35,18,,,,,,,,,
8,VISIT,862,Random,OnArrival,3,88,12566,Node_825,33,0,18,33,18,,,,,,,,,
8,VISIT,865,Random,OnArrival,3,48,12566,Node_820,33,0,22,33,22,,,,,,,,,
8,VISIT,866,Random,OnArrival,3,60,12566,Node_830,34,0,17,34,17,,,,,,,,,
8,VISIT,867,Random,OnArrival,3,40,12566,Node_830,34,0,17,34,17,,,,,,,,,
8,VISIT,869,Random,OnArrival,3,34,12566,Node_829,34,0,18,34,18,,,,,,,,,
8,VISIT,872,Random,OnArrival,3,35,12566,Node_310,35,0,17,35,17,,,,,,,,,
8,VISIT,873,Random,OnArrival,3,5,12566,Node_25,21,0,15,21,15,,,,,,,,,
8,VISIT,874,Random,OnArrival,3,5,12566,Node_137,23,0,9,23,9,,,,,,,,,
8,VISIT,875,Random,OnArrival,3,5,12566,Node_13,21,0,11,21,11,,,,,,,,,
8,VISIT,876,Random,OnArrival,3,5,12566,Node_93,24,0,12,24,12,,,,,,,,,
8,VISIT,850,Random,OnArrival,3,128,12570,Node_311,35,0,18,35,18,,,,,,,,,
8,VISIT,855,Random,OnArrival,3,109,12570,Node_319,35,0,21,35,21,,,,,,,,,
8,VISIT,856,Random,OnArrival,3,124,12570,Node_829,34,0,18,34,18,,,,,,,,,
8,VISIT,860,Random,OnArrival,3,102,12570,Node_837,35,0,13,35,13,,,,,,,,,
8,VISIT,861,Random,OnArrival,3,85,12570,Node_313,35,0,19,35,19,,,,,,,,,
8,VISIT,862,Random,OnArrival,3,89,12570,Node_829,34,0,18,34,18,,,,,,,,,
8,VISIT,866,Random,OnArrival,3,61,12570,Node_310,35,0,17,35,17,,,,,,,,,
8,VISIT,867,Random,OnArrival,3,41,12570,Node_829,34,0,18,34,18,,,,,,,,,
8,VISIT,869,Random,OnArrival,3,35,12570,Node_311,35,0,18,35,18,,,,,,,,,
8,VISIT,870,Random,OnArrival,3,35,12570,Node_835,35,0,22,35,22,,,,,,,,,
8,VISIT,873,Random,OnArrival,3,6,12570,Node_27,21,0,16,21,16,,,,,,,,,
8,VISIT,875,Random,OnArrival,3,6,12570,Node_56,22,0,11,22,11,,,,,,,,,
8,VISIT,876,Random,OnArrival,3,6,12570,Node_95,24,0,13,24,13,,,,,,,,,
8,VISIT,850,Random,OnArrival,3,129,12575,Node_310,35,0,17,35,17,,,,,,,,,
8,VISIT,851,Random,OnArrival,3,142,12575,Node_834,36,0,18,36,18,,,,,,,,,
8,VISIT,856,Random,OnArrival,3,125,12575,Node_311,35,0,18,35,18,,,,,,,,,
8,VISIT,860,Random,OnArrival,3,103,12575,Node_840,35,0,14,35,14,,,,,,,,,
8,VISIT,861,Random,OnArrival,3,86,12575,Node_836,36,0,19,36,19,,,,,,,,,
8,VISIT,862,Random,OnArrival,3,90,12575,Node_311,35,0,18,35,18,,,,,,,,,
8,VISIT,865,Random,OnArrival,3,49,12575,Node_835,35,0,22,35,22,,,,,,,,,
8,VISIT,866,Random,OnArrival,3,62,12575,Node_308,35,0,16,35,16,,,,,,,,,
8,VISIT,867,Random,OnArrival,3,42,12575,Node_311,35,0,18,35,18,,,,,,,,,
8,VISIT,869,Random,OnArrival,3,36,12575,Node_313,35,0,19,35,19,,,,,,,,,
8,VISIT,871,Random,OnArrival,3,33,12575,Node_306,35,0,15,35,15,,,,,,,,,
8,VISIT,872,Random,OnArrival,3,36,12575,Node_834,36,0,18,36,18,,,,,,,,,
8,VISIT,873,Random,OnArrival,3,7,12575,Node_764,22,0,16,22,16,,,,,,,,,
8,VISIT,874,Random,OnArrival,3,6,12575,Node_148,25,0,9,25,9,,,,,,,,,
8,VISIT,875,Random,OnArrival,3,7,12575,Node_88,23,0,11,23,11,,,,,,,,,
8,VISIT,876,Random,OnArrival,3,7,12575,Node_131,25,0,13,25,13,,,,,,,,,
8,VISIT,850,Random,OnArrival,3,130,12580,Node_308,35,0,16,35,16,,,,,,,,,
8,VISIT,851,Random,OnArrival,3,143,12580,Node_836,36,0,19,36,19,,,,,,,,,
8,VISIT,855,Random,OnArrival,3,110,12580,Node_842,36,0,22,36,22,,,,,,,,,
8,VISIT,856,Random,OnArrival,3,126,12580,Node_834,36,0,18,36,18,,,,,,,,,
8,VISIT,860,Random,OnArrival,3,104,12580,Node_306,35,0,15,35,15,,,,,,,,,
8,VISIT,862,Random,OnArrival,3,91,12580,Node_310,35,0,17,35,17,,,,,,,,,
8,VISIT,863,Random,OnArrival,3,85,12580,Node_842,36,0,22,36,22,,,,,,,,,
8,VISIT,864,Random,OnArrival,3,86,12580,Node_842,36,0,22,36,22,,,,,,,,,
8,VISIT,865,Random,OnArrival,3,50,12580,Node_842,36,0,22,36,22,,,,,,,,,
8,VISIT,867,Random,OnArrival,3,43,12580,Node_313,35,0,19,35,19,,,,,,,,,
8,VISIT,869,Random,OnArrival,3,37,12580,Node_836,36,0,19,36,19,,,,,,,,,
8,VISIT,871,Random,OnArrival,3,34,12580,Node_308,35,0,16,35,16,,,,,,,,,
8,VISIT,872,Random,OnArrival,3,37,12580,Node_836,36,0,19,36,19,,,,,,,,,
8,VISIT,873,Random,OnArrival,3,8,12580,Node_770,23,0,16,23,16,,,,,,,,,
8,VISIT,874,Random,OnArrival,3,7,12580,Node_208,26,0,9,26,9,,,,,,,,,
8,VISIT,875,Random,OnArrival,3,8,12580,Node_91,23,0,12,23,12,,,,,,,,,
8,VISIT,876,Random,OnArrival,3,8,12580,Node_209,26,0,13,26,13,,,,,,,,,
8,VISIT,850,Random,OnArrival,3,131,12585,Node_844,36,0,16,36,16,,,,,,,,,
8,VISIT,851,Random,OnArrival,3,144,12585,Node_843,37,0,19,37,19,,,,,,,,,
8,VISIT,855,Random,OnArrival,3,111,12585,Node_845,36,0,23,36,23,,,,,,,,,
8,VISIT,856,Random,OnArrival,3,127,12585,Node_838,36,0,17,36,17,,,,,,,,,
8,VISIT,860,Random,OnArrival,3,105,12585,Node_308,35,0,16,35,16,,,,,,,,,
8,VISIT,862,Random,OnArrival,3,92,12585,Node_308,35,0,16,35,16,,,,,,,,,
8,VISIT,863,Random,OnArrival,3,86,12585,Node_845,36,0,23,36,23,,,,,,,,,
8,VISIT,864,Random,OnArrival,3,87,12585,Node_845,36,0,23,36,23,,,,,,,,,
8,VISIT,865,Random,OnArrival,3,51,12585,Node_845,36,0,23,36,23,,,,,,,,,
8,VISIT,866,Random,OnArrival,3,63,12585,Node_838,36,0,17,36,17,,,,,,,,,
8,VISIT,867,Random,OnArrival,3,44,12585,Node_836,36,0,19,36,19,,,,,,,,,
8,VISIT,869,Random,OnArrival,3,38,12585,Node_839,36,0,20,36,20,,,,,,,,,
8,VISIT,871,Random,OnArrival,3,35,12585,Node_306,35,0,15,35,15,,,,,,,,,
8,VISIT,872,Random,OnArrival,3,38,12585,Node_839,36,0,20,36,20,,,,,,,,,
8,VISIT,873,Random,OnArrival,3,9,12585,Node_771,23,0,17,23,17,,,,,,,,,
8,VISIT,874,Random,OnArrival,3,8,12585,Node_246,27,0,9,27,9,,,,,,,,,
8,VISIT,875,Random,OnArrival,3,9,12585,Node_93,24,0,12,24,12,,,,,,,,,
8,VISIT,876,Random,OnArrival,3,9,12585,Node_227,27,0,13,27,13,,,,,,,,,
8,VISIT,850,Random,OnArrival,3,132,12591,Node_838,36,0,17,36,17,,,,,,,,,
8,VISIT,851,Random,OnArrival,3,145,12591,Node_846,37,0,20,37,20,,,,,,,,,
8,VISIT,855,Random,OnArrival,3,112,12591,Node_847,36,0,24,36,24,,,,,,,,,
8,VISIT,856,Random,OnArrival,3,128,12591,Node_844,36,0,16,36,16,,,,,,,,,
8,VISIT,860,Random,OnArrival,3,106,12591,Node_310,35,0,17,35,17,,,,,,,,,
8,VISIT,861,Random,OnArrival,3,87,12591,Node_839,36,0,20,36,20,,,,,,,,,
8,VISIT,862,Random,OnArrival,3,93,12591,Node_306,35,0,15,35,15,,,,,,,,,
8,VISIT,863,Random,OnArrival,3,87,12591,Node_847,36,0,24,36,24,,,,,,,,,
8,VISIT,864,Random,OnArrival,3,88,12591,Node_847,36,0,24,36,24,,,,,,,,,
8,VISIT,865,Random,OnArrival,3,52,12591,Node_847,36,0,24,36,24,,,,,,,,,
8,VISIT,867,Random,OnArrival,3,45,12591,Node_834,36,0,18,36,18,,,,,,,,,
8,VISIT,869,Random,OnArrival,3,39,12591,Node_316,35,0,20,35,20,,,,,,,,,
8,VISIT,871,Random,OnArrival,3,36,12591,Node_302,34,0,15,34,15,,,,,,,,,
8,VISIT,872,Random,OnArrival,3,39,12591,Node_316,35,0,20,35,20,,,,,,,,,
8,VISIT,873,Random,OnArrival,3,10,12591,Node_107,24,0,17,24,17,,,,,,,,,
8,VISIT,874,Random,OnArrival,3,9,12591,Node_247,27,0,10,27,10,,,,,,,,,
8,VISIT,875,Random,OnArrival,3,10,12591,Node_95,24,0,13,24,13,,,,,,,,,
8,VISIT,850,Random,OnArrival,3,133,12598,Node_848,37,0,17,37,17,,,,,,,,,
8,VISIT,851,Random,OnArrival,3,146,12598,Node_839,36,0,20,36,20,,,,,,,,,
8,VISIT,855,Random,OnArrival,3,113,12598,Node_849,36,0,25,36,25,,,,,,,,,
8,VISIT,860,Random,OnArrival,3,107,12598,Node_838,36,0,17,36,17,,,,,,,,,
8,VISIT,861,Random,OnArrival,3,88,12598,Node_316,35,0,20,35,20,,,,,,,,,
8,VISIT,862,Random,OnArrival,3,94,12598,Node_308,35,0,16,35,16,,,,,,,,,
8,VISIT,863,Random,OnArrival,3,88,12598,Node_849,36,0,25,36,25,,,,,,,,,
8,VISIT,864,Random,OnArrival,3,89,12598,Node_849,36,0,25,36,25,,,,,,,,,
8,VISIT,865,Random,OnArrival,3,53,12598,Node_849,36,0,25,36,25,,,,,,,,,
8,VISIT,867,Random,OnArrival,3,46,12598,Node_838,36,0,17,36,17,,,,,,,,,
8,VISIT,869,Random,OnArrival,3,40,12598,Node_313,35,0,19,35,19,,,,,,,,,
8,VISIT,870,Random,OnArrival,3,36,12598,Node_831,35,0,25,35,25,,,,,,,,,
8,VISIT,871,Random,OnArrival,3,37,12598,Node_299,34,0,14,34,14,,,,,,,,,
8,VISIT,872,Random,OnArrival,3,40,12598,Node_319,35,0,21,35,21,,,,,,,,,
8,VISIT,873,Random,OnArrival,3,11,12598,Node_140,25,0,17,25,17,,,,,,,,,
8,VISIT,874,Random,OnArrival,3,10,12598,Node_248,27,0,11,27,11,,,,,,,,,
8,VISIT,875,Random,OnArrival,3,11,12598,Node_131,25,0,13,25,13,,,,,,,,,
8,VISIT,876,Random,OnArrival,3,10,12598,Node_233,27,0,15,27,15,,,,,,,,,
8,VISIT,850,Random,OnArrival,3,134,12604,Node_850,37,0,16,37,16,,,,,,,,,
8,VISIT,851,Random,OnArrival,3,147,12604,Node_836,36,0,19,36,19,,,,,,,,,
8,VISIT,855,Random,OnArrival,3,114,12604,Node_831,35,0,25,35,25,,,,,,,,,
8,VISIT,856,Random,OnArrival,3,129,12604,Node_848,37,0,17,37,17,,,,,,,,,
8,VISIT,860,Random,OnArrival,3,108,12604,Node_848,37,0,17,37,17,,,,,,,,,
8,VISIT,861,Random,OnArrival,3,89,12604,Node_319,35,0,21,35,21,,,,,,,,,
8,VISIT,862,Random,OnArrival,3,95,12604,Node_844,36,0,16,36,16,,,,,,,,,
8,VISIT,863,Random,OnArrival,3,89,12604,Node_831,35,0,25,35,25,,,,,,,,,
8,VISIT,864,Random,OnArrival,3,90,12604,Node_831,35,0,25,35,25,,,,,,,,,
8,VISIT,865,Random,OnArrival,3,54,12604,Node_831,35,0,25,35,25,,,,,,,,,
8,VISIT,867,Random,OnArrival,3,47,12604,Node_844,36,0,16,36,16,,,,,,,,,
8,VISIT,869,Random,OnArrival,3,41,12604,Node_836,36,0,19,36,19,,,,,,,,,
8,VISIT,870,Random,OnArrival,3,37,12604,Node_849,36,0,25,36,25,,,,,,,,,
8,VISIT,871,Random,OnArrival,3,38,12604,Node_840,35,0,14,35,14,,,,,,,,,
8,VISIT,872,Random,OnArrival,3,41,12604,Node_835,35,0,22,35,22,,,,,,,,,
8,VISIT,873,Random,OnArrival,3,12,12604,Node_775,26,0,17,26,17,,,,,,,,,
8,VISIT,874,Random,OnArrival,3,11,12604,Node_223,27,0,12,27,12,,,,,,,,,
8,VISIT,875,Random,OnArrival,3,12,12604,Node_209,26,0,13,26,13,,,,,,,,,
8,VISIT,876,Random,OnArrival,3,11,12604,Node_236,27,0,16,27,16,,,,,,,,,
8,VISIT,851,Random,OnArrival,3,148,12611,Node_834,36,0,18,36,18,,,,,,,,,
8,VISIT,855,Random,OnArrival,3,115,12611,Node_849,36,0,25,36,25,,,,,,,,,
8,VISIT,856,Random,OnArrival,3,130,12611,Node_850,37,0,16,37,16,,,,,,,,,
8,VISIT,860,Random,OnArrival,3,109,12611,Node_850,37,0,16,37,16,,,,,,,,,
8,VISIT,861,Random,OnArrival,3,90,12611,Node_835,35,0,22,35,22,,,,,,,,,
8,VISIT,862,Random,OnArrival,3,96,12611,Node_308,35,0,16,35,16,,,,,,,,,
8,VISIT,863,Random,OnArrival,3,90,12611,Node_849,36,0,25,36,25,,,,,,,,,
8,VISIT,864,Random,OnArrival,3,91,12611,Node_849,36,0,25,36,25,,,,,,,,,
8,VISIT,865,Random,OnArrival,3,55,12611,Node_849,36,0,25,36,25,,,,,,,,,
8,VISIT,867,Random,OnArrival,3,48,12611,Node_838,36,0,17,36,17,,,,,,,,,
8,VISIT,869,Random,OnArrival,3,42,12611,Node_843,37,0,19,37,19,,,,,,,,,
8,VISIT,871,Random,OnArrival,3,39,12611,Node_306,35,0,15,35,15,,,,,,,,,
8,VISIT,872,Random,OnArrival,3,42,12611,Node_833,35,0,23,35,23,,,,,,,,,
8,VISIT,873,Random,OnArrival,3,13,12611,Node_238,27,0,17,27,17,,,,,,,,,
8,VISIT,874,Random,OnArrival,3,12,12611,Node_227,27,0,13,27,13,,,,,,,,,
8,VISIT,875,Random,OnArrival,3,13,12611,Node_227,27,0,13,27,13,,,,,,,,,
8,VISIT,876,Random,OnArrival,3,12,12611,Node_238,27,0,17,27,17,,,,,,,,,
8,VISIT,851,Random,OnArrival,3,149,12619,Node_838,36,0,17,36,17,,,,,,,,,
8,VISIT,861,Random,OnArrival,3,91,12619,Node_833,35,0,23,35,23,,,,,,,,,
8,VISIT,862,Random,OnArrival,3,97,12619,Node_306,35,0,15,35,15,,,,,,,,,
8,VISIT,867,Random,OnArrival,3,49,12619,Node_834,36,0,18,36,18,,,,,,,,,
8,VISIT,871,Random,OnArrival,3,40,12619,Node_308,35,0,16,35,16,,,,,,,,,
8,VISIT,872,Random,OnArrival,3,43,12619,Node_845,36,0,23,36,23,,,,,,,,,
8,VISIT,873,Random,OnArrival,3,14,12619,Node_268,28,0,17,28,17,,,,,,,,,
8,VISIT,876,Random,OnArrival,3,13,12619,Node_268,28,0,17,28,17,,,,,,,,,
8,VISIT,850,Random,OnArrival,3,135,12628,Node_851,40,0,16,40,16,,,,,,,,,
8,VISIT,851,Random,OnArrival,3,150,12628,Node_848,37,0,17,37,17,,,,,,,,,
8,VISIT,855,Random,OnArrival,3,116,12628,Node_853,38,0,25,38,25,,,,,,,,,
8,VISIT,861,Random,OnArrival,3,92,12628,Node_845,36,0,23,36,23,,,,,,,,,
8,VISIT,862,Random,OnArrival,3,98,12628,Node_840,35,0,14,35,14,,,,,,,,,
8,VISIT,863,Random,OnArrival,3,91,12628,Node_853,38,0,25,38,25,,,,,,,,,
8,VISIT,864,Random,OnArrival,3,92,12628,Node_853,38,0,25,38,25,,,,,,,,,
8,VISIT,865,Random,OnArrival,3,56,12628,Node_853,38,0,25,38,25,,,,,,,,,
8,VISIT,867,Random,OnArrival,3,50,12628,Node_836,36,0,19,36,19,,,,,,,,,
8,VISIT,871,Random,OnArrival,3,41,12628,Node_844,36,0,16,36,16,,,,,,,,,
8,VISIT,872,Random,OnArrival,3,44,12628,Node_847,36,0,24,36,24,,,,,,,,,
8,VISIT,873,Random,OnArrival,3,15,12628,Node_805,29,0,17,29,17,,,,,,,,,
8,VISIT,874,Random,OnArrival,3,13,12628,Node_233,27,0,15,27,15,,,,,,,,,
8,VISIT,875,Random,OnArrival,3,14,12628,Node_233,27,0,15,27,15,,,,,,,,,
8,VISIT,876,Random,OnArrival,3,14,12628,Node_805,29,0,17,29,17,,,,,,,,,
8,VISIT,850,Random,OnArrival,3,136,12636,Node_854,40,0,17,40,17,,,,,,,,,
8,VISIT,851,Random,OnArrival,3,151,12636,Node_850,37,0,16,37,16,,,,,,,,,
8,VISIT,855,Random,OnArrival,3,117,12636,Node_856,38,0,24,38,24,,,,,,,,,
8,VISIT,856,Random,OnArrival,3,131,12636,Node_851,40,0,16,40,16,,,,,,,,,
8,VISIT,860,Random,OnArrival,3,110,12636,Node_851,40,0,16,40,16,,,,,,,,,
8,VISIT,861,Random,OnArrival,3,93,12636,Node_842,36,0,22,36,22,,,,,,,,,
8,VISIT,862,Random,OnArrival,3,99,12636,Node_837,35,0,13,35,13,,,,,,,,,
8,VISIT,863,Random,OnArrival,3,92,12636,Node_856,38,0,24,38,24,,,,,,,,,
8,VISIT,864,Random,OnArrival,3,93,12636,Node_856,38,0,24,38,24,,,,,,,,,
8,VISIT,865,Random,OnArrival,3,57,12636,Node_856,38,0,24,38,24,,,,,,,,,
8,VISIT,867,Random,OnArrival,3,51,12636,Node_843,37,0,19,37,19,,,,,,,,,
8,VISIT,871,Random,OnArrival,3,42,12636,Node_850,37,0,16,37,16,,,,,,,,,
8,VISIT,872,Random,OnArrival,3,45,12636,Node_832,35,0,24,35,24,,,,,,,,,
8,VISIT,873,Random,OnArrival,3,16,12636,Node_814,30,0,17,30,17,,,,,,,,,
8,VISIT,874,Random,OnArrival,3,14,12636,Node_236,27,0,16,27,16,,,,,,,,,
8,VISIT,875,Random,OnArrival,3,15,12636,Node_236,27,0,16,27,16,,,,,,,,,
8,VISIT,876,Random,OnArrival,3,15,12636,Node_814,30,0,17,30,17,,,,,,,,,
8,VISIT,850,Random,OnArrival,3,137,12644,Node_857,40,0,18,40,18,,,,,,,,,
8,VISIT,861,Random,OnArrival,3,94,12644,Node_841,36,0,21,36,21,,,,,,,,,
8,VISIT,867,Random,OnArrival,3,52,12644,Node_852,38,0,19,38,19,,,,,,,,,
8,VISIT,872,Random,OnArrival,3,46,12644,Node_831,35,0,25,35,25,,,,,,,,,
8,VISIT,873,Random,OnArrival,3,17,12644,Node_260,31,0,17,31,17,,,,,,,,,
8,VISIT,874,Random,OnArrival,3,15,12644,Node_238,27,0,17,27,17,,,,,,,,,
8,VISIT,875,Random,OnArrival,3,16,12644,Node_238,27,0,17,27,17,,,,,,,,,
8,VISIT,876,Random,OnArrival,3,16,12644,Node_260,31,0,17,31,17,,,,,,,,,
8,VISIT,850,Random,OnArrival,3,138,12653,Node_859,40,0,19,40,19,,,,,,,,,
8,VISIT,855,Random,OnArrival,3,118,12653,Node_860,38,0,22,38,22,,,,,,,,,
8,VISIT,861,Random,OnArrival,3,95,12653,Node_839,36,0,20,36,20,,,,,,,,,
8,VISIT,862,Random,OnArrival,3,100,12653,Node_325,37,0,13,37,13,,,,,,,,,
8,VISIT,863,Random,OnArrival,3,93,12653,Node_860,38,0,22,38,22,,,,,,,,,
8,VISIT,864,Random,OnArrival,3,94,12653,Node_860,38,0,22,38,22,,,,,,,,,
8,VISIT,865,Random,OnArrival,3,58,12653,Node_860,38,0,22,38,22,,,,,,,,,
8,VISIT,872,Random,OnArrival,3,47,12653,Node_849,36,0,25,36,25,,,,,,,,,
8,VISIT,873,Random,OnArrival,3,18,12653,Node_263,31,0,18,31,18,,,,,,,,,
8,VISIT,874,Random,OnArrival,3,16,12653,Node_268,28,0,17,28,17,,,,,,,,,
8,VISIT,875,Random,OnArrival,3,17,12653,Node_268,28,0,17,28,17,,,,,,,,,
8,VISIT,876,Random,OnArrival,3,17,12653,Node_263,31,0,18,31,18,,,,,,,,,
8,VISIT,851,Random,OnArrival,3,152,12662,Node_851,40,0,16,40,16,,,,,,,,,
8,VISIT,855,Random,OnArrival,3,119,12662,Node_862,39,0,22,39,22,,,,,,,,,
8,VISIT,861,Random,OnArrival,3,96,12662,Node_846,37,0,20,37,20,,,,,,,,,
8,VISIT,863,Random,OnArrival,3,94,12662,Node_862,39,0,22,39,22,,,,,,,,,
8,VISIT,864,Random,OnArrival,3,95,12662,Node_862,39,0,22,39,22,,,,,,,,,
8,VISIT,865,Random,OnArrival,3,59,12662,Node_862,39,0,22,39,22,,,,,,,,,
8,VISIT,866,Random,OnArrival,3,64,12662,Node_852,38,0,19,38,19,,,,,,,,,
8,VISIT,867,Random,OnArrival,3,53,12662,Node_859,40,0,19,40,19,,,,,,,,,
8,VISIT,869,Random,OnArrival,3,43,12662,Node_856,38,0,24,38,24,,,,,,,,,
8,VISIT,871,Random,OnArrival,3,43,12662,Node_851,40,0,16,40,16,,,,,,,,,
8,VISIT,873,Random,OnArrival,3,19,12662,Node_819,32,0,18,32,18,,,,,,,,,
8,VISIT,874,Random,OnArrival,3,17,12662,Node_805,29,0,17,29,17,,,,,,,,,
8,VISIT,875,Random,OnArrival,3,18,12662,Node_805,29,0,17,29,17,,,,,,,,,
8,VISIT,876,Random,OnArrival,3,18,12662,Node_819,32,0,18,32,18,,,,,,,,,
8,VISIT,850,Random,OnArrival,3,139,12671,Node_852,38,0,19,38,19,,,,,,,,,
8,VISIT,855,Random,OnArrival,3,120,12671,Node_865,39,0,21,39,21,,,,,,,,,
8,VISIT,861,Random,OnArrival,3,97,12671,Node_855,38,0,20,38,20,,,,,,,,,
8,VISIT,863,Random,OnArrival,3,95,12671,Node_865,39,0,21,39,21,,,,,,,,,
8,VISIT,864,Random,OnArrival,3,96,12671,Node_865,39,0,21,39,21,,,,,,,,,
8,VISIT,865,Random,OnArrival,3,60,12671,Node_865,39,0,21,39,21,,,,,,,,,
8,VISIT,870,Random,OnArrival,3,38,12671,Node_858,38,0,21,38,21,,,,,,,,,
8,VISIT,872,Random,OnArrival,3,48,12671,Node_853,38,0,25,38,25,,,,,,,,,
8,VISIT,873,Random,OnArrival,3,20,12671,Node_825,33,0,18,33,18,,,,,,,,,
8,VISIT,874,Random,OnArrival,3,18,12671,Node_814,30,0,17,30,17,,,,,,,,,
8,VISIT,875,Random,OnArrival,3,19,12671,Node_814,30,0,17,30,17,,,,,,,,,
8,VISIT,876,Random,OnArrival,3,19,12671,Node_825,33,0,18,33,18,,,,,,,,,
8,VISIT,855,Random,OnArrival,3,121,12680,Node_858,38,0,21,38,21,,,,,,,,,
8,VISIT,861,Random,OnArrival,3,98,12680,Node_858,38,0,21,38,21,,,,,,,,,
8,VISIT,863,Random,OnArrival,3,96,12680,Node_858,38,0,21,38,21,,,,,,,,,
8,VISIT,864,Random,OnArrival,3,97,12680,Node_858,38,0,21,38,21,,,,,,,,,
8,VISIT,865,Random,OnArrival,3,61,12680,Node_858,38,0,21,38,21,,,,,,,,,
8,VISIT,866,Random,OnArrival,3,65,12680,Node_859,40,0,19,40,19,,,,,,,,,
8,VISIT,870,Random,OnArrival,3,39,12680,Node_860,38,0,22,38,22,,,,,,,,,
8,VISIT,873,Random,OnArrival,3,21,12680,Node_829,34,0,18,34,18,,,,,,,,,
8,VISIT,874,Random,OnArrival,3,19,12680,Node_260,31,0,17,31,17,,,,,,,,,
8,VISIT,875,Random,OnArrival,3,20,12680,Node_260,31,0,17,31,17,,,,,,,,,
8,VISIT,876,Random,OnArrival,3,20,12680,Node_829,34,0,18,34,18,,,,,,,,,
8,VISIT,850,Random,OnArrival,3,140,12687,Node_859,40,0,19,40,19,,,,,,,,,
8,VISIT,855,Random,OnArrival,3,122,12687,Node_855,38,0,20,38,20,,,,,,,,,
8,VISIT,856,Random,OnArrival,3,132,12687,Node_868,38,0,14,38,14,,,,,,,,,
8,VISIT,860,Random,OnArrival,3,111,12687,Node_868,38,0,14,38,14,,,,,,,,,
8,VISIT,861,Random,OnArrival,3,99,12687,Node_865,39,0,21,39,21,,,,,,,,,
8,VISIT,863,Random,OnArrival,3,97,12687,Node_855,38,0,20,38,20,,,,,,,,,
8,VISIT,864,Random,OnArrival,3,98,12687,Node_855,38,0,20,38,20,,,,,,,,,
8,VISIT,865,Random,OnArrival,3,62,12687,Node_860,38,0,22,38,22,,,,,,,,,
8,VISIT,866,Random,OnArrival,3,66,12687,Node_857,40,0,18,40,18,,,,,,,,,
8,VISIT,869,Random,OnArrival,3,44,12687,Node_853,38,0,25,38,25,,,,,,,,,
8,VISIT,873,Random,OnArrival,3,22,12687,Node_311,35,0,18,35,18,,,,,,,,,
8,VISIT,874,Random,OnArrival,3,20,12687,Node_263,31,0,18,31,18,,,,,,,,,
8,VISIT,875,Random,OnArrival,3,21,12687,Node_263,31,0,18,31,18,,,,,,,,,
8,VISIT,876,Random,OnArrival,3,21,12687,Node_311,35,0,18,35,18,,,,,,,,,
8,VISIT,850,Random,OnArrival,3,141,12695,Node_857,40,0,18,40,18,,,,,,,,,
8,VISIT,851,Random,OnArrival,3,153,12695,Node_869,41,0,19,41,19,,,,,,,,,
8,VISIT,855,Random,OnArrival,3,123,12695,Node_852,38,0,19,38,19,,,,,,,,,
8,VISIT,856,Random,OnArrival,3,133,12695,Node_872,39,0,14,39,14,,,,,,,,,
8,VISIT,860,Random,OnArrival,3,112,12695,Node_864,37,0,14,37,14,,,,,,,,,
8,VISIT,861,Random,OnArrival,3,100,12695,Node_862,39,0,22,39,22,,,,,,,,,
8,VISIT,863,Random,OnArrival,3,98,12695,Node_852,38,0,19,38,19,,,,,,,,,
8,VISIT,864,Random,OnArrival,3,99,12695,Node_852,38,0,19,38,19,,,,,,,,,
8,VISIT,866,Random,OnArrival,3,67,12695,Node_876,41,0,18,41,18,,,,,,,,,
8,VISIT,869,Random,OnArrival,3,45,12695,Node_856,38,0,24,38,24,,,,,,,,,
8,VISIT,870,Random,OnArrival,3,40,12695,Node_856,38,0,24,38,24,,,,,,,,,
8,VISIT,871,Random,OnArrival,3,44,12695,Node_869,41,0,19,41,19,,,,,,,,,
8,VISIT,873,Random,OnArrival,3,23,12695,Node_313,35,0,19,35,19,,,,,,,,,
8,VISIT,874,Random,OnArrival,3,21,12695,Node_819,32,0,18,32,18,,,,,,,,,
8,VISIT,875,Random,OnArrival,3,22,12695,Node_819,32,0,18,32,18,,,,,,,,,
8,VISIT,876,Random,OnArrival,3,22,12695,Node_313,35,0,19,35,19,,,,,,,,,
8,VISIT,850,Random,OnArrival,3,142,12703,Node_876,41,0,18,41,18,,,,,,,,,
8,VISIT,851,Random,OnArrival,3,154,12703,Node_876,41,0,18,41,18,,,,,,,,,
8,VISIT,856,Random,OnArrival,3,134,12703,Node_861,40,0,14,40,14,,,,,,,,,
8,VISIT,860,Random,OnArrival,3,113,12703,Node_325,37,0,13,37,13,,,,,,,,,
8,VISIT,861,Random,OnArrival,3,101,12703,Node_860,38,0,22,38,22,,,,,,,,,
8,VISIT,862,Random,OnArrival,3,101,12703,Node_322,37,0,11,37,11,,,,,,,,,
8,VISIT,865,Random,OnArrival,3,63,12703,Node_856,38,0,24,38,24,,,,,,,,,
8,VISIT,866,Random,OnArrival,3,68,12703,Node_869,41,0,19,41,19,,,,,,,,,
8,VISIT,869,Random,OnArrival,3,46,12703,Node_870,39,0,24,39,24,,,,,,,,,
8,VISIT,870,Random,OnArrival,3,41,12703,Node_870,39,0,24,39,24,,,,,,,,,
8,VISIT,871,Random,OnArrival,3,45,12703,Node_876,41,0,18,41,18,,,,,,,,,
8,VISIT,872,Random,OnArrival,3,49,12703,Node_870,39,0,24,39,24,,,,,,,,,
8,VISIT,873,Random,OnArrival,3,24,12703,Node_316,35,0,20,35,20,,,,,,,,,
8,VISIT,874,Random,OnArrival,3,22,12703,Node_825,33,0,18,33,18,,,,,,,,,
8,VISIT,875,Random,OnArrival,3,23,12703,Node_825,33,0,18,33,18,,,,,,,,,
8,VISIT,876,Random,OnArrival,3,23,12703,Node_316,35,0,20,35,20,,,,,,,,,
8,VISIT,850,Random,OnArrival,3,143,12712,Node_871,41,0,17,41,17,,,,,,,,,
8,VISIT,851,Random,OnArrival,3,155,12712,Node_871,41,0,17,41,17,,,,,,,,,
8,VISIT,855,Random,OnArrival,3,124,12712,Node_859,40,0,19,40,19,,,,,,,,,
8,VISIT,860,Random,OnArrival,3,114,12712,Node_873,38,0,13,38,13,,,,,,,,,
8,VISIT,862,Random,OnArrival,3,102,12712,Node_880,38,0,11,38,11,,,,,,,,,
8,VISIT,863,Random,OnArrival,3,99,12712,Node_859,40,0,19,40,19,,,,,,,,,
8,VISIT,864,Random,OnArrival,3,100,12712,Node_859,40,0,19,40,19,,,,,,,,,
8,VISIT,865,Random,OnArrival,3,64,12712,Node_853,38,0,25,38,25,,,,,,,,,
8,VISIT,866,Random,OnArrival,3,69,12712,Node_874,41,0,20,41,20,,,,,,,,,
8,VISIT,869,Random,OnArrival,3,47,12712,Node_882,40,0,24,40,24,,,,,,,,,
8,VISIT,870,Random,OnArrival,3,42,12712,Node_882,40,0,24,40,24,,,,,,,,,
8,VISIT,871,Random,OnArrival,3,46,12712,Node_871,41,0,17,41,17,,,,,,,,,
8,VISIT,872,Random,OnArrival,3,50,12712,Node_882,40,0,24,40,24,,,,,,,,,
8,VISIT,873,Random,OnArrival,3,25,12712,Node_319,35,0,21,35,21,,,,,,,,,
8,VISIT,874,Random,OnArrival,3,23,12712,Node_829,34,0,18,34,18,,,,,,,,,
8,VISIT,875,Random,OnArrival,3,24,12712,Node_829,34,0,18,34,18,,,,,,,,,
8,VISIT,876,Random,OnArrival,3,24,12712,Node_319,35,0,21,35,21,,,,,,,,,
8,VISIT,850,Random,OnArrival,3,144,12719,Node_854,40,0,17,40,17,,,,,,,,,
8,VISIT,851,Random,OnArrival,3,156,12719,Node_854,40,0,17,40,17,,,,,,,,,
8,VISIT,855,Random,OnArrival,3,125,12719,Node_857,40,0,18,40,18,,,,,,,,,
8,VISIT,860,Random,OnArrival,3,115,12719,Node_867,39,0,13,39,13,,,,,,,,,
8,VISIT,861,Random,OnArrival,3,102,12719,Node_856,38,0,24,38,24,,,,,,,,,
8,VISIT,862,Random,OnArrival,3,103,12719,Node_877,38,0,12,38,12,,,,,,,,,
8,VISIT,863,Random,OnArrival,3,100,12719,Node_857,40,0,18,40,18,,,,,,,,,
8,VISIT,864,Random,OnArrival,3,101,12719,Node_869,41,0,19,41,19,,,,,,,,,
8,VISIT,865,Random,OnArrival,3,65,12719,Node_875,39,0,25,39,25,,,,,,,,,
8,VISIT,871,Random,OnArrival,3,47,12719,Node_854,40,0,17,40,17,,,,,,,,,
8,VISIT,873,Random,OnArrival,3,26,12719,Node_835,35,0,22,35,22,,,,,,,,,
8,VISIT,874,Random,OnArrival,3,24,12719,Node_311,35,0,18,35,18,,,,,,,,,
8,VISIT,875,Random,OnArrival,3,25,12719,Node_311,35,0,18,35,18,,,,,,,,,
8,VISIT,876,Random,OnArrival,3,25,12719,Node_835,35,0,22,35,22,,,,,,,,,
8,VISIT,850,Random,OnArrival,3,145,12727,Node_851,40,0,16,40,16,,,,,,,,,
8,VISIT,851,Random,OnArrival,3,157,12727,Node_851,40,0,16,40,16,,,,,,,,,
8,VISIT,855,Random,OnArrival,3,126,12727,Node_854,40,0,17,40,17,,,,,,,,,
8,VISIT,856,Random,OnArrival,3,135,12727,Node_863,40,0,13,40,13,,,,,,,,,
8,VISIT,860,Random,OnArrival,3,116,12727,Node_863,40,0,13,40,13,,,,,,,,,
8,VISIT,861,Random,OnArrival,3,103,12727,Node_870,39,0,24,39,24,,,,,,,,,
8,VISIT,862,Random,OnArrival,3,104,12727,Node_324,37,0,12,37,12,,,,,,,,,
8,VISIT,863,Random,OnArrival,3,101,12727,Node_854,40,0,17,40,17,,,,,,,,,
8,VISIT,864,Random,OnArrival,3,102,12727,Node_876,41,0,18,41,18,,,,,,,,,
8,VISIT,865,Random,OnArrival,3,66,12727,Node_879,40,0,25,40,25,,,,,,,,,
8,VISIT,866,Random,OnArrival,3,70,12727,Node_881,42,0,21,42,21,,,,,,,,,
8,VISIT,871,Random,OnArrival,3,48,12727,Node_851,40,0,16,40,16,,,,,,,,,
8,VISIT,873,Random,OnArrival,3,27,12727,Node_833,35,0,23,35,23,,,,,,,,,
8,VISIT,874,Random,OnArrival,3,25,12727,Node_313,35,0,19,35,19,,,,,,,,,
8,VISIT,875,Random,OnArrival,3,26,12727,Node_313,35,0,19,35,19,,,,,,,,,
8,VISIT,876,Random,OnArrival,3,26,12727,Node_833,35,0,23,35,23,,,,,,,,,
8,VISIT,850,Random,OnArrival,3,146,12735,Node_866,41,0,16,41,16,,,,,,,,,
8,VISIT,855,Random,OnArrival,3,127,12735,Node_851,40,0,16,40,16,,,,,,,,,
8,VISIT,856,Random,OnArrival,3,136,12735,Node_867,39,0,13,39,13,,,,,,,,,
8,VISIT,860,Random,OnArrival,3,117,12735,Node_861,40,0,14,40,14,,,,,,,,,
8,VISIT,861,Random,OnArrival,3,104,12735,Node_882,40,0,24,40,24,,,,,,,,,
8,VISIT,862,Random,OnArrival,3,105,12735,Node_322,37,0,11,37,11,,,,,,,,,
8,VISIT,863,Random,OnArrival,3,102,12735,Node_851,40,0,16,40,16,,,,,,,,,
8,VISIT,864,Random,OnArrival,3,103,12735,Node_871,41,0,17,41,17,,,,,,,,,
8,VISIT,865,Random,OnArrival,3,67,12735,Node_891,41,0,25,41,25,,,,,,,,,
8,VISIT,866,Random,OnArrival,3,71,12735,Node_883,42,0,22,42,22,,,,,,,,,
8,VISIT,867,Random,OnArrival,3,54,12735,Node_891,41,0,25,41,25,,,,,,,,,
8,VISIT,869,Random,OnArrival,3,48,12735,Node_879,40,0,25,40,25,,,,,,,,,
8,VISIT,870,Random,OnArrival,3,43,12735,Node_879,40,0,25,40,25,,,,,,,,,
8,VISIT,872,Random,OnArrival,3,51,12735,Node_879,40,0,25,40,25,,,,,,,,,
8,VISIT,873,Random,OnArrival,3,28,12735,Node_832,35,0,24,35,24,,,,,,,,,
8,VISIT,874,Random,OnArrival,3,26,12735,Node_836,36,0,19,36,19,,,,,,,,,
8,VISIT,875,Random,OnArrival,3,27,12735,Node_836,36,0,19,36,19,,,,,,,,,
8,VISIT,876,Random,OnArrival,3,27,12735,Node_832,35,0,24,35,24,,,,,,,,,
8,VISIT,851,Random,OnArrival,3,158,12744,Node_861,40,0,14,40,14,,,,,,,,,
8,VISIT,855,Random,OnArrival,3,128,12744,Node_866,41,0,16,41,16,,,,,,,,,
8,VISIT,856,Random,OnArrival,3,137,12744,Node_873,38,0,13,38,13,,,,,,,,,
8,VISIT,860,Random,OnArrival,3,118,12744,Node_884,41,0,14,41,14,,,,,,,,,
8,VISIT,861,Random,OnArrival,3,105,12744,Node_889,41,0,24,41,24,,,,,,,,,
8,VISIT,862,Random,OnArrival,3,106,12744,Node_321,37,0,10,37,10,,,,,,,,,
8,VISIT,863,Random,OnArrival,3,103,12744,Node_866,41,0,16,41,16,,,,,,,,,
8,VISIT,864,Random,OnArrival,3,104,12744,Node_866,41,0,16,41,16,,,,,,,,,
8,VISIT,865,Random,OnArrival,3,68,12744,Node_890,42,0,25,42,25,,,,,,,,,
8,VISIT,867,Random,OnArrival,3,55,12744,Node_889,41,0,24,41,24,,,,,,,,,
8,VISIT,869,Random,OnArrival,3,49,12744,Node_891,41,0,25,41,25,,,,,,,,,
8,VISIT,870,Random,OnArrival,3,44,12744,Node_891,41,0,25,41,25,,,,,,,,,
8,VISIT,871,Random,OnArrival,3,49,12744,Node_861,40,0,14,40,14,,,,,,,,,
8,VISIT,872,Random,OnArrival,3,52,12744,Node_891,41,0,25,41,25,,,,,,,,,
8,VISIT,873,Random,OnArrival,3,29,12744,Node_831,35,0,25,35,25,,,,,,,,,
8,VISIT,874,Random,OnArrival,3,27,12744,Node_843,37,0,19,37,19,,,,,,,,,
8,VISIT,875,Random,OnArrival,3,28,12744,Node_843,37,0,19,37,19,,,,,,,,,
8,VISIT,876,Random,OnArrival,3,28,12744,Node_831,35,0,25,35,25,,,,,,,,,
8,VISIT,877,Random,OnArrival,3,0,12748,Node_6,19,0,12,19,12,,,,,,,,,
8,VISIT,878,Random,OnArrival,3,0,12748,Node_7,19,0,8,19,8,,,,,,,,,
8,VISIT,879,Random,OnArrival,3,0,12748,Node_8,17,0,10,17,10,,,,,,,,,
8,VISIT,880,Random,OnArrival,3,0,12748,Node_9,21,0,10,21,10,,,,,,,,,
8,VISIT,851,Random,OnArrival,3,159,12752,Node_884,41,0,14,41,14,,,,,,,,,
8,VISIT,855,Random,OnArrival,3,129,12752,Node_851,40,0,16,40,16,,,,,,,,,
8,VISIT,856,Random,OnArrival,3,138,12752,Node_877,38,0,12,38,12,,,,,,,,,
8,VISIT,861,Random,OnArrival,3,106,12752,Node_888,42,0,24,42,24,,,,,,,,,
8,VISIT,862,Random,OnArrival,3,107,12752,Node_323,37,0,9,37,9,,,,,,,,,
8,VISIT,863,Random,OnArrival,3,104,12752,Node_851,40,0,16,40,16,,,,,,,,,
8,VISIT,864,Random,OnArrival,3,105,12752,Node_851,40,0,16,40,16,,,,,,,,,
8,VISIT,867,Random,OnArrival,3,56,12752,Node_888,42,0,24,42,24,,,,,,,,,
8,VISIT,869,Random,OnArrival,3,50,12752,Node_890,42,0,25,42,25,,,,,,,,,
8,VISIT,870,Random,OnArrival,3,45,12752,Node_890,42,0,25,42,25,,,,,,,,,
8,VISIT,871,Random,OnArrival,3,50,12752,Node_884,41,0,14,41,14,,,,,,,,,
8,VISIT,872,Random,OnArrival,3,53,12752,Node_890,42,0,25,42,25,,,,,,,,,
8,VISIT,873,Random,OnArrival,3,30,12752,Node_849,36,0,25,36,25,,,,,,,,,
8,VISIT,874,Random,OnArrival,3,28,12752,Node_852,38,0,19,38,19,,,,,,,,,
8,VISIT,875,Random,OnArrival,3,29,12752,Node_852,38,0,19,38,19,,,,,,,,,
8,VISIT,876,Random,OnArrival,3,29,12752,Node_849,36,0,25,36,25,,,,,,,,,
8,VISIT,877,Random,OnArrival,3,1,12752,Node_2,19,0,11,19,11,,,,,,,,,
8,VISIT,878,Random,OnArrival,3,1,12752,Node_3,19,0,9,19,9,,,,,,,,,
8,VISIT,879,Random,OnArrival,3,1,12752,Node_4,18,0,10,18,10,,,,,,,,,
8,VISIT,880,Random,OnArrival,3,1,12752,Node_13,21,0,11,21,11,,,,,,,,,
8,VISIT,850,Random,OnArrival,3,147,12756,Node_894,42,0,14,42,14,,,,,,,,,
8,VISIT,851,Random,OnArrival,3,160,12756,Node_894,42,0,14,42,14,,,,,,,,,
8,VISIT,856,Random,OnArrival,3,139,12756,Node_324,37,0,12,37,12,,,,,,,,,
8,VISIT,869,Random,OnArrival,3,51,12756,Node_888,42,0,24,42,24,,,,,,,,,
8,VISIT,870,Random,OnArrival,3,46,12756,Node_888,42,0,24,42,24,,,,,,,,,
8,VISIT,871,Random,OnArrival,3,51,12756,Node_894,42,0,14,42,14,,,,,,,,,
8,VISIT,872,Random,OnArrival,3,54,12756,Node_888,42,0,24,42,24,,,,,,,,,
8,VISIT,877,Random,OnArrival,3,2,12756,Node_38,20,0,11,20,11,,,,,,,,,
8,VISIT,878,Random,OnArrival,3,2,12756,Node_48,20,0,9,20,9,,,,,,,,,
8,VISIT,879,Random,OnArrival,3,2,12756,Node_14,18,0,11,18,11,,,,,,,,,
8,VISIT,880,Random,OnArrival,3,2,12756,Node_56,22,0,11,22,11,,,,,,,,,
8,VISIT,855,Random,OnArrival,3,130,12760,Node_861,40,0,14,40,14,,,,,,,,,
8,VISIT,856,Random,OnArrival,3,140,12760,Node_322,37,0,11,37,11,,,,,,,,,
8,VISIT,860,Random,OnArrival,3,119,12760,Node_892,42,0,16,42,16,,,,,,,,,
8,VISIT,861,Random,OnArrival,3,107,12760,Node_895,43,0,25,43,25,,,,,,,,,
8,VISIT,863,Random,OnArrival,3,105,12760,Node_861,40,0,14,40,14,,,,,,,,,
8,VISIT,864,Random,OnArrival,3,106,12760,Node_861,40,0,14,40,14,,,,,,,,,
8,VISIT,865,Random,OnArrival,3,69,12760,Node_896,43,0,23,43,23,,,,,,,,,
8,VISIT,866,Random,OnArrival,3,72,12760,Node_895,43,0,25,43,25,,,,,,,,,
8,VISIT,867,Random,OnArrival,3,57,12760,Node_895,43,0,25,43,25,,,,,,,,,
8,VISIT,869,Random,OnArrival,3,52,12760,Node_885,42,0,23,42,23,,,,,,,,,
8,VISIT,870,Random,OnArrival,3,47,12760,Node_885,42,0,23,42,23,,,,,,,,,
8,VISIT,872,Random,OnArrival,3,55,12760,Node_885,42,0,23,42,23,,,,,,,,,
8,VISIT,873,Random,OnArrival,3,31,12760,Node_853,38,0,25,38,25,,,,,,,,,
8,VISIT,874,Random,OnArrival,3,29,12760,Node_859,40,0,19,40,19,,,,,,,,,
8,VISIT,875,Random,OnArrival,3,30,12760,Node_859,40,0,19,40,19,,,,,,,,,
8,VISIT,876,Random,OnArrival,3,30,12760,Node_853,38,0,25,38,25,,,,,,,,,
8,VISIT,877,Random,OnArrival,3,3,12760,Node_13,21,0,11,21,11,,,,,,,,,
8,VISIT,878,Random,OnArrival,3,3,12760,Node_47,21,0,9,21,9,,,,,,,,,
8,VISIT,879,Random,OnArrival,3,3,12760,Node_2,19,0,11,19,11,,,,,,,,,
8,VISIT,880,Random,OnArrival,3,3,12760,Node_88,23,0,11,23,11,,,,,,,,,
8,VISIT,855,Random,OnArrival,3,131,12764,Node_863,40,0,13,40,13,,,,,,,,,
8,VISIT,856,Random,OnArrival,3,141,12764,Node_321,37,0,10,37,10,,,,,,,,,
8,VISIT,863,Random,OnArrival,3,106,12764,Node_863,40,0,13,40,13,,,,,,,,,
8,VISIT,864,Random,OnArrival,3,107,12764,Node_884,41,0,14,41,14,,,,,,,,,
8,VISIT,865,Random,OnArrival,3,70,12764,Node_885,42,0,23,42,23,,,,,,,,,
8,VISIT,869,Random,OnArrival,3,53,12764,Node_896,43,0,23,43,23,,,,,,,,,
8,VISIT,870,Random,OnArrival,3,48,12764,Node_896,43,0,23,43,23,,,,,,,,,
8,VISIT,872,Random,OnArrival,3,56,12764,Node_896,43,0,23,43,23,,,,,,,,,
8,VISIT,873,Random,OnArrival,3,32,12764,Node_875,39,0,25,39,25,,,,,,,,,
8,VISIT,874,Random,OnArrival,3,30,12764,Node_869,41,0,19,41,19,,,,,,,,,
8,VISIT,875,Random,OnArrival,3,31,12764,Node_869,41,0,19,41,19,,,,,,,,,
8,VISIT,876,Random,OnArrival,3,31,12764,Node_875,39,0,25,39,25,,,,,,,,,
8,VISIT,877,Random,OnArrival,3,4,12764,Node_56,22,0,11,22,11,,,,,,,,,
8,VISIT,878,Random,OnArrival,3,4,12764,Node_61,22,0,9,22,9,,,,,,,,,
8,VISIT,879,Random,OnArrival,3,4,12764,Node_38,20,0,11,20,11,,,,,,,,,
8,VISIT,880,Random,OnArrival,3,4,12764,Node_91,23,0,12,23,12,,,,,,,,,
8,VISIT,855,Random,OnArrival,3,132,12768,Node_886,41,0,13,41,13,,,,,,,,,
8,VISIT,856,Random,OnArrival,3,142,12768,Node_323,37,0,9,37,9,,,,,,,,,
8,VISIT,863,Random,OnArrival,3,107,12768,Node_886,41,0,13,41,13,,,,,,,,,
8,VISIT,864,Random,OnArrival,3,108,12768,Node_894,42,0,14,42,14,,,,,,,,,
8,VISIT,865,Random,OnArrival,3,71,12768,Node_888,42,0,24,42,24,,,,,,,,,
8,VISIT,869,Random,OnArrival,3,54,12768,Node_893,43,0,22,43,22,,,,,,,,,
8,VISIT,870,Random,OnArrival,3,49,12768,Node_893,43,0,22,43,22,,,,,,,,,
8,VISIT,872,Random,OnArrival,3,57,12768,Node_893,43,0,22,43,22,,,,,,,,,
8,VISIT,873,Random,OnArrival,3,33,12768,Node_879,40,0,25,40,25,,,,,,,,,
8,VISIT,874,Random,OnArrival,3,31,12768,Node_874,41,0,20,41,20,,,,,,,,,
8,VISIT,875,Random,OnArrival,3,32,12768,Node_874,41,0,20,41,20,,,,,,,,,
8,VISIT,876,Random,OnArrival,3,32,12768,Node_879,40,0,25,40,25,,,,,,,,,
8,VISIT,877,Random,OnArrival,3,5,12768,Node_88,23,0,11,23,11,,,,,,,,,
8,VISIT,878,Random,OnArrival,3,5,12768,Node_137,23,0,9,23,9,,,,,,,,,
8,VISIT,879,Random,OnArrival,3,5,12768,Node_13,21,0,11,21,11,,,,,,,,,
8,VISIT,880,Random,OnArrival,3,5,12768,Node_93,24,0,12,24,12,,,,,,,,,
8,VISIT,855,Random,OnArrival,3,133,12772,Node_899,42,0,13,42,13,,,,,,,,,
8,VISIT,856,Random,OnArrival,3,143,12772,Node_898,37,0,8,37,8,,,,,,,,,
8,VISIT,863,Random,OnArrival,3,108,12772,Node_899,42,0,13,42,13,,,,,,,,,
8,VISIT,865,Random,OnArrival,3,72,12772,Node_890,42,0,25,42,25,,,,,,,,,
8,VISIT,873,Random,OnArrival,3,34,12772,Node_891,41,0,25,41,25,,,,,,,,,
8,VISIT,874,Random,OnArrival,3,32,12772,Node_887,42,0,20,42,20,,,,,,,,,
8,VISIT,875,Random,OnArrival,3,33,12772,Node_887,42,0,20,42,20,,,,,,,,,
8,VISIT,876,Random,OnArrival,3,33,12772,Node_891,41,0,25,41,25,,,,,,,,,
8,VISIT,877,Random,OnArrival,3,6,12772,Node_91,23,0,12,23,12,,,,,,,,,
8,VISIT,879,Random,OnArrival,3,6,12772,Node_56,22,0,11,22,11,,,,,,,,,
8,VISIT,880,Random,OnArrival,3,6,12772,Node_95,24,0,13,24,13,,,,,,,,,
8,VISIT,865,Random,OnArrival,3,73,12776,Node_895,43,0,25,43,25,,,,,,,,,
8,VISIT,873,Random,OnArrival,3,35,12776,Node_890,42,0,25,42,25,,,,,,,,,
8,VISIT,876,Random,OnArrival,3,34,12776,Node_890,42,0,25,42,25,,,,,,,,,
8,VISIT,877,Random,OnArrival,3,7,12776,Node_93,24,0,12,24,12,,,,,,,,,
8,VISIT,878,Random,OnArrival,3,6,12776,Node_148,25,0,9,25,9,,,,,,,,,
8,VISIT,879,Random,OnArrival,3,7,12776,Node_88,23,0,11,23,11,,,,,,,,,
8,VISIT,880,Random,OnArrival,3,7,12776,Node_131,25,0,13,25,13,,,,,,,,,
8,VISIT,855,Random,OnArrival,3,134,12780,Node_909,43,0,14,43,14,,,,,,,,,
8,VISIT,860,Random,OnArrival,3,120,12780,Node_914,43,0,20,43,20,,,,,,,,,
8,VISIT,863,Random,OnArrival,3,109,12780,Node_909,43,0,14,43,14,,,,,,,,,
8,VISIT,873,Random,OnArrival,3,36,12780,Node_895,43,0,25,43,25,,,,,,,,,
8,VISIT,874,Random,OnArrival,3,33,12780,Node_913,43,0,19,43,19,,,,,,,,,
8,VISIT,875,Random,OnArrival,3,34,12780,Node_913,43,0,19,43,19,,,,,,,,,
8,VISIT,876,Random,OnArrival,3,35,12780,Node_895,43,0,25,43,25,,,,,,,,,
8,VISIT,877,Random,OnArrival,3,8,12780,Node_95,24,0,13,24,13,,,,,,,,,
8,VISIT,878,Random,OnArrival,3,7,12780,Node_208,26,0,9,26,9,,,,,,,,,
8,VISIT,879,Random,OnArrival,3,8,12780,Node_91,23,0,12,23,12,,,,,,,,,
8,VISIT,880,Random,OnArrival,3,8,12780,Node_209,26,0,13,26,13,,,,,,,,,
8,VISIT,876,Random,OnArrival,3,36,12784,Node_897,43,0,24,43,24,,,,,,,,,
8,VISIT,877,Random,OnArrival,3,9,12784,Node_131,25,0,13,25,13,,,,,,,,,
8,VISIT,878,Random,OnArrival,3,8,12784,Node_246,27,0,9,27,9,,,,,,,,,
8,VISIT,879,Random,OnArrival,3,9,12784,Node_93,24,0,12,24,12,,,,,,,,,
8,VISIT,880,Random,OnArrival,3,9,12784,Node_227,27,0,13,27,13,,,,,,,,,
8,VISIT,855,Random,OnArrival,3,135,12788,Node_918,44,0,13,44,13,,,,,,,,,
8,VISIT,860,Random,OnArrival,3,121,12788,Node_924,44,0,19,44,19,,,,,,,,,
8,VISIT,863,Random,OnArrival,3,110,12788,Node_918,44,0,13,44,13,,,,,,,,,
8,VISIT,874,Random,OnArrival,3,34,12788,Node_922,44,0,20,44,20,,,,,,,,,
8,VISIT,875,Random,OnArrival,3,35,12788,Node_922,44,0,20,44,20,,,,,,,,,
8,VISIT,876,Random,OnArrival,3,37,12788,Node_896,43,0,23,43,23,,,,,,,,,
8,VISIT,877,Random,OnArrival,3,10,12788,Node_209,26,0,13,26,13,,,,,,,,,
8,VISIT,878,Random,OnArrival,3,9,12788,Node_247,27,0,10,27,10,,,,,,,,,
8,VISIT,879,Random,OnArrival,3,10,12788,Node_95,24,0,13,24,13,,,,,,,,,
8,VISIT,880,Random,OnArrival,3,10,12788,Node_253,28,0,13,28,13,,,,,,,,,
8,VISIT,876,Random,OnArrival,3,38,12792,Node_893,43,0,22,43,22,,,,,,,,,
8,VISIT,877,Random,OnArrival,3,11,12792,Node_227,27,0,13,27,13,,,,,,,,,
8,VISIT,878,Random,OnArrival,3,10,12792,Node_248,27,0,11,27,11,,,,,,,,,
8,VISIT,879,Random,OnArrival,3,11,12792,Node_131,25,0,13,25,13,,,,,,,,,
8,VISIT,863,Random,OnArrival,3,111,12796,Node_926,45,0,14,45,14,,,,,,,,,
8,VISIT,865,Random,OnArrival,3,74,12796,Node_917,48,0,25,48,25,,,,,,,,,
8,VISIT,870,Random,OnArrival,3,50,12796,Node_922,44,0,20,44,20,,,,,,,,,
8,VISIT,872,Random,OnArrival,3,58,12796,Node_922,44,0,20,44,20,,,,,,,,,
8,VISIT,874,Random,OnArrival,3,35,12796,Node_927,46,0,20,46,20,,,,,,,,,
8,VISIT,875,Random,OnArrival,3,36,12796,Node_927,46,0,20,46,20,,,,,,,,,
8,VISIT,877,Random,OnArrival,3,12,12796,Node_253,28,0,13,28,13,,,,,,,,,
8,VISIT,878,Random,OnArrival,3,11,12796,Node_223,27,0,12,27,12,,,,,,,,,
8,VISIT,879,Random,OnArrival,3,12,12796,Node_209,26,0,13,26,13,,,,,,,,,
8,VISIT,880,Random,OnArrival,3,11,12796,Node_254,30,0,13,30,13,,,,,,,,,
8,VISIT,870,Random,OnArrival,3,51,12800,Node_924,44,0,19,44,19,,,,,,,,,
8,VISIT,872,Random,OnArrival,3,59,12800,Node_924,44,0,19,44,19,,,,,,,,,
8,VISIT,873,Random,OnArrival,3,37,12800,Node_917,48,0,25,48,25,,,,,,,,,
8,VISIT,878,Random,OnArrival,3,12,12800,Node_227,27,0,13,27,13,,,,,,,,,
8,VISIT,879,Random,OnArrival,3,13,12800,Node_227,27,0,13,27,13,,,,,,,,,
8,VISIT,880,Random,OnArrival,3,12,12800,Node_272,31,0,13,31,13,,,,,,,,,
8,VISIT,870,Random,OnArrival,3,52,12804,Node_929,44,0,18,44,18,,,,,,,,,
8,VISIT,872,Random,OnArrival,3,60,12804,Node_929,44,0,18,44,18,,,,,,,,,
8,VISIT,876,Random,OnArrival,3,39,12804,Node_919,46,0,22,46,22,,,,,,,,,
8,VISIT,877,Random,OnArrival,3,13,12804,Node_254,30,0,13,30,13,,,,,,,,,
8,VISIT,878,Random,OnArrival,3,13,12804,Node_253,28,0,13,28,13,,,,,,,,,
8,VISIT,879,Random,OnArrival,3,14,12804,Node_253,28,0,13,28,13,,,,,,,,,
8,VISIT,880,Random,OnArrival,3,13,12804,Node_280,32,0,13,32,13,,,,,,,,,
8,VISIT,870,Random,OnArrival,3,53,12808,Node_907,43,0,18,43,18,,,,,,,,,
8,VISIT,871,Random,OnArrival,3,52,12808,Node_916,38,0,7,38,7,,,,,,,,,
8,VISIT,872,Random,OnArrival,3,61,12808,Node_907,43,0,18,43,18,,,,,,,,,
8,VISIT,874,Random,OnArrival,3,36,12808,Node_923,46,0,21,46,21,,,,,,,,,
8,VISIT,875,Random,OnArrival,3,37,12808,Node_923,46,0,21,46,21,,,,,,,,,
8,VISIT,876,Random,OnArrival,3,40,12808,Node_923,46,0,21,46,21,,,,,,,,,
8,VISIT,877,Random,OnArrival,3,14,12808,Node_272,31,0,13,31,13,,,,,,,,,
8,VISIT,865,Random,OnArrival,3,75,12815,Node_932,48,0,21,48,21,,,,,,,,,
8,VISIT,870,Random,OnArrival,3,54,12815,Node_904,43,0,17,43,17,,,,,,,,,
8,VISIT,872,Random,OnArrival,3,62,12815,Node_904,43,0,17,43,17,,,,,,,,,
8,VISIT,874,Random,OnArrival,3,37,12815,Node_940,47,0,21,47,21,,,,,,,,,
8,VISIT,875,Random,OnArrival,3,38,12815,Node_927,46,0,20,46,20,,,,,,,,,
8,VISIT,876,Random,OnArrival,3,41,12815,Node_940,47,0,21,47,21,,,,,,,,,
8,VISIT,877,Random,OnArrival,3,15,12815,Node_280,32,0,13,32,13,,,,,,,,,
8,VISIT,878,Random,OnArrival,3,14,12815,Node_254,30,0,13,30,13,,,,,,,,,
8,VISIT,879,Random,OnArrival,3,15,12815,Node_254,30,0,13,30,13,,,,,,,,,
8,VISIT,880,Random,OnArrival,3,14,12815,Node_296,34,0,13,34,13,,,,,,,,,
8,VISIT,865,Random,OnArrival,3,76,12819,Node_940,47,0,21,47,21,,,,,,,,,
8,VISIT,870,Random,OnArrival,3,55,12819,Node_931,44,0,17,44,17,,,,,,,,,
8,VISIT,872,Random,OnArrival,3,63,12819,Node_931,44,0,17,44,17,,,,,,,,,
8,VISIT,873,Random,OnArrival,3,38,12819,Node_932,48,0,21,48,21,,,,,,,,,
8,VISIT,874,Random,OnArrival,3,38,12819,Node_932,48,0,21,48,21,,,,,,,,,
8,VISIT,875,Random,OnArrival,3,39,12819,Node_938,47,0,20,47,20,,,,,,,,,
8,VISIT,876,Random,OnArrival,3,42,12819,Node_932,48,0,21,48,21,,,,,,,,,
8,VISIT,878,Random,OnArrival,3,15,12819,Node_272,31,0,13,31,13,,,,,,,,,
8,VISIT,879,Random,OnArrival,3,16,12819,Node_272,31,0,13,31,13,,,,,,,,,
8,VISIT,880,Random,OnArrival,3,15,12819,Node_299,34,0,14,34,14,,,,,,,,,
8,VISIT,865,Random,OnArrival,3,77,12823,Node_932,48,0,21,48,21,,,,,,,,,
8,VISIT,871,Random,OnArrival,3,53,12823,Node_905,37,0,5,37,5,,,,,,,,,
8,VISIT,873,Random,OnArrival,3,39,12823,Node_935,48,0,20,48,20,,,,,,,,,
8,VISIT,874,Random,OnArrival,3,39,12823,Node_940,47,0,21,47,21,,,,,,,,,
8,VISIT,875,Random,OnArrival,3,40,12823,Node_935,48,0,20,48,20,,,,,,,,,
8,VISIT,876,Random,OnArrival,3,43,12823,Node_940,47,0,21,47,21,,,,,,,,,
8,VISIT,877,Random,OnArrival,3,16,12823,Node_296,34,0,13,34,13,,,,,,,,,
8,VISIT,878,Random,OnArrival,3,16,12823,Node_280,32,0,13,32,13,,,,,,,,,
8,VISIT,879,Random,OnArrival,3,17,12823,Node_280,32,0,13,32,13,,,,,,,,,
8,VISIT,880,Random,OnArrival,3,16,12823,Node_302,34,0,15,34,15,,,,,,,,,
8,VISIT,863,Random,OnArrival,3,112,12827,Node_929,44,0,18,44,18,,,,,,,,,
8,VISIT,864,Random,OnArrival,3,109,12827,Node_929,44,0,18,44,18,,,,,,,,,
8,VISIT,865,Random,OnArrival,3,78,12827,Node_935,48,0,20,48,20,,,,,,,,,
8,VISIT,867,Random,OnArrival,3,58,12827,Node_942,46,0,16,46,16,,,,,,,,,
8,VISIT,871,Random,OnArrival,3,54,12827,Node_948,38,0,5,38,5,,,,,,,,,
8,VISIT,872,Random,OnArrival,3,64,12827,Node_901,43,0,16,43,16,,,,,,,,,
8,VISIT,873,Random,OnArrival,3,40,12827,Node_938,47,0,20,47,20,,,,,,,,,
8,VISIT,874,Random,OnArrival,3,40,12827,Node_938,47,0,20,47,20,,,,,,,,,
8,VISIT,876,Random,OnArrival,3,44,12827,Node_938,47,0,20,47,20,,,,,,,,,
8,VISIT,877,Random,OnArrival,3,17,12827,Node_299,34,0,14,34,14,,,,,,,,,
8,VISIT,880,Random,OnArrival,3,17,12827,Node_306,35,0,15,35,15,,,,,,,,,
8,VISIT,863,Random,OnArrival,3,113,12834,Node_931,44,0,17,44,17,,,,,,,,,
8,VISIT,871,Random,OnArrival,3,55,12834,Node_945,38,0,6,38,6,,,,,,,,,
8,VISIT,872,Random,OnArrival,3,65,12834,Node_904,43,0,17,43,17,,,,,,,,,
8,VISIT,873,Random,OnArrival,3,41,12834,Node_935,48,0,20,48,20,,,,,,,,,
8,VISIT,874,Random,OnArrival,3,41,12834,Node_935,48,0,20,48,20,,,,,,,,,
8,VISIT,875,Random,OnArrival,3,41,12834,Node_941,48,0,18,48,18,,,,,,,,,
8,VISIT,876,Random,OnArrival,3,45,12834,Node_935,48,0,20,48,20,,,,,,,,,
8,VISIT,877,Random,OnArrival,3,18,12834,Node_302,34,0,15,34,15,,,,,,,,,
8,VISIT,878,Random,OnArrival,3,17,12834,Node_296,34,0,13,34,13,,,,,,,,,
8,VISIT,879,Random,OnArrival,3,18,12834,Node_296,34,0,13,34,13,,,,,,,,,
8,VISIT,880,Random,OnArrival,3,18,12834,Node_308,35,0,16,35,16,,,,,,,,,
8,VISIT,863,Random,OnArrival,3,114,12839,Node_904,43,0,17,43,17,,,,,,,,,
8,VISIT,864,Random,OnArrival,3,110,12839,Node_947,46,0,18,46,18,,,,,,,,,
8,VISIT,865,Random,OnArrival,3,79,12839,Node_941,48,0,18,48,18,,,,,,,,,
8,VISIT,867,Random,OnArrival,3,59,12839,Node_936,46,0,14,46,14,,,,,,,,,
8,VISIT,871,Random,OnArrival,3,56,12839,Node_902,37,0,6,37,6,,,,,,,,,
8,VISIT,872,Random,OnArrival,3,66,12839,Node_907,43,0,18,43,18,,,,,,,,,
8,VISIT,875,Random,OnArrival,3,42,12839,Node_943,47,0,18,47,18,,,,,,,,,
8,VISIT,877,Random,OnArrival,3,19,12839,Node_306,35,0,15,35,15,,,,,,,,,
8,VISIT,878,Random,OnArrival,3,18,12839,Node_299,34,0,14,34,14,,,,,,,,,
8,VISIT,879,Random,OnArrival,3,19,12839,Node_299,34,0,14,34,14,,,,,,,,,
8,VISIT,880,Random,OnArrival,3,19,12839,Node_844,36,0,16,36,16,,,,,,,,,
8,VISIT,863,Random,OnArrival,3,115,12845,Node_901,43,0,16,43,16,,,,,,,,,
8,VISIT,864,Random,OnArrival,3,111,12845,Node_943,47,0,18,47,18,,,,,,,,,
8,VISIT,865,Random,OnArrival,3,80,12845,Node_943,47,0,18,47,18,,,,,,,,,
8,VISIT,871,Random,OnArrival,3,57,12845,Node_945,38,0,6,38,6,,,,,,,,,
8,VISIT,872,Random,OnArrival,3,67,12845,Node_929,44,0,18,44,18,,,,,,,,,
8,VISIT,873,Random,OnArrival,3,42,12845,Node_941,48,0,18,48,18,,,,,,,,,
8,VISIT,874,Random,OnArrival,3,42,12845,Node_941,48,0,18,48,18,,,,,,,,,
8,VISIT,875,Random,OnArrival,3,43,12845,Node_947,46,0,18,46,18,,,,,,,,,
8,VISIT,876,Random,OnArrival,3,46,12845,Node_941,48,0,18,48,18,,,,,,,,,
8,VISIT,877,Random,OnArrival,3,20,12845,Node_308,35,0,16,35,16,,,,,,,,,
8,VISIT,878,Random,OnArrival,3,19,12845,Node_302,34,0,15,34,15,,,,,,,,,
8,VISIT,879,Random,OnArrival,3,20,12845,Node_302,34,0,15,34,15,,,,,,,,,
8,VISIT,880,Random,OnArrival,3,20,12845,Node_850,37,0,16,37,16,,,,,,,,,
8,VISIT,863,Random,OnArrival,3,116,12851,Node_892,42,0,16,42,16,,,,,,,,,
8,VISIT,864,Random,OnArrival,3,112,12851,Node_946,47,0,17,47,17,,,,,,,,,
8,VISIT,865,Random,OnArrival,3,81,12851,Node_946,47,0,17,47,17,,,,,,,,,
8,VISIT,871,Random,OnArrival,3,58,12851,Node_916,38,0,7,38,7,,,,,,,,,
8,VISIT,873,Random,OnArrival,3,43,12851,Node_943,47,0,18,47,18,,,,,,,,,
8,VISIT,874,Random,OnArrival,3,43,12851,Node_943,47,0,18,47,18,,,,,,,,,
8,VISIT,875,Random,OnArrival,3,44,12851,Node_943,47,0,18,47,18,,,,,,,,,
8,VISIT,876,Random,OnArrival,3,47,12851,Node_943,47,0,18,47,18,,,,,,,,,
8,VISIT,877,Random,OnArrival,3,21,12851,Node_844,36,0,16,36,16,,,,,,,,,
8,VISIT,878,Random,OnArrival,3,20,12851,Node_306,35,0,15,35,15,,,,,,,,,
8,VISIT,879,Random,OnArrival,3,21,12851,Node_306,35,0,15,35,15,,,,,,,,,
8,VISIT,881,Random,OnArrival,3,0,12851,Node_6,19,0,12,19,12,,,,,,,,,
8,VISIT,882,Random,OnArrival,3,0,12851,Node_7,19,0,8,19,8,,,,,,,,,
8,VISIT,883,Random,OnArrival,3,0,12851,Node_8,17,0,10,17,10,,,,,,,,,
8,VISIT,884,Random,OnArrival,3,0,12851,Node_9,21,0,10,21,10,,,,,,,,,
8,VISIT,864,Random,OnArrival,3,113,12855,Node_944,46,0,17,46,17,,,,,,,,,
8,VISIT,865,Random,OnArrival,3,82,12855,Node_944,46,0,17,46,17,,,,,,,,,
8,VISIT,871,Random,OnArrival,3,59,12855,Node_900,37,0,7,37,7,,,,,,,,,
8,VISIT,872,Random,OnArrival,3,68,12855,Node_947,46,0,18,46,18,,,,,,,,,
8,VISIT,873,Random,OnArrival,3,44,12855,Node_947,46,0,18,46,18,,,,,,,,,
8,VISIT,874,Random,OnArrival,3,44,12855,Node_947,46,0,18,46,18,,,,,,,,,
8,VISIT,875,Random,OnArrival,3,45,12855,Node_946,47,0,17,47,17,,,,,,,,,
8,VISIT,876,Random,OnArrival,3,48,12855,Node_947,46,0,18,46,18,,,,,,,,,
8,VISIT,877,Random,OnArrival,3,22,12855,Node_850,37,0,16,37,16,,,,,,,,,
8,VISIT,878,Random,OnArrival,3,21,12855,Node_308,35,0,16,35,16,,,,,,,,,
8,VISIT,879,Random,OnArrival,3,22,12855,Node_308,35,0,16,35,16,,,,,,,,,
8,VISIT,881,Random,OnArrival,3,1,12855,Node_2,19,0,11,19,11,,,,,,,,,
8,VISIT,882,Random,OnArrival,3,1,12855,Node_3,19,0,9,19,9,,,,,,,,,
8,VISIT,883,Random,OnArrival,3,1,12855,Node_4,18,0,10,18,10,,,,,,,,,
8,VISIT,884,Random,OnArrival,3,1,12855,Node_13,21,0,11,21,11,,,,,,,,,
8,VISIT,863,Random,OnArrival,3,117,12859,Node_894,42,0,14,42,14,,,,,,,,,
8,VISIT,864,Random,OnArrival,3,114,12859,Node_942,46,0,16,46,16,,,,,,,,,
8,VISIT,865,Random,OnArrival,3,83,12859,Node_942,46,0,16,46,16,,,,,,,,,
8,VISIT,871,Random,OnArrival,3,60,12859,Node_902,37,0,6,37,6,,,,,,,,,
8,VISIT,872,Random,OnArrival,3,69,12859,Node_944,46,0,17,46,17,,,,,,,,,
8,VISIT,873,Random,OnArrival,3,45,12859,Node_944,46,0,17,46,17,,,,,,,,,
8,VISIT,874,Random,OnArrival,3,45,12859,Node_944,46,0,17,46,17,,,,,,,,,
8,VISIT,875,Random,OnArrival,3,46,12859,Node_949,47,0,16,47,16,,,,,,,,,
8,VISIT,876,Random,OnArrival,3,49,12859,Node_944,46,0,17,46,17,,,,,,,,,
8,VISIT,878,Random,OnArrival,3,22,12859,Node_844,36,0,16,36,16,,,,,,,,,
8,VISIT,879,Random,OnArrival,3,23,12859,Node_844,36,0,16,36,16,,,,,,,,,
8,VISIT,880,Random,OnArrival,3,21,12859,Node_851,40,0,16,40,16,,,,,,,,,
8,VISIT,881,Random,OnArrival,3,2,12859,Node_38,20,0,11,20,11,,,,,,,,,
8,VISIT,882,Random,OnArrival,3,2,12859,Node_48,20,0,9,20,9,,,,,,,,,
8,VISIT,883,Random,OnArrival,3,2,12859,Node_14,18,0,11,18,11,,,,,,,,,
8,VISIT,884,Random,OnArrival,3,2,12859,Node_56,22,0,11,22,11,,,,,,,,,
8,VISIT,863,Random,OnArrival,3,118,12863,Node_899,42,0,13,42,13,,,,,,,,,
8,VISIT,871,Random,OnArrival,3,61,12863,Node_905,37,0,5,37,5,,,,,,,,,
8,VISIT,872,Random,OnArrival,3,70,12863,Node_942,46,0,16,46,16,,,,,,,,,
8,VISIT,873,Random,OnArrival,3,46,12863,Node_942,46,0,16,46,16,,,,,,,,,
8,VISIT,874,Random,OnArrival,3,46,12863,Node_942,46,0,16,46,16,,,,,,,,,
8,VISIT,875,Random,OnArrival,3,47,12863,Node_942,46,0,16,46,16,,,,,,,,,
8,VISIT,876,Random,OnArrival,3,50,12863,Node_942,46,0,16,46,16,,,,,,,,,
8,VISIT,878,Random,OnArrival,3,23,12863,Node_850,37,0,16,37,16,,,,,,,,,
8,VISIT,879,Random,OnArrival,3,24,12863,Node_850,37,0,16,37,16,,,,,,,,,
8,VISIT,880,Random,OnArrival,3,22,12863,Node_854,40,0,17,40,17,,,,,,,,,
8,VISIT,881,Random,OnArrival,3,3,12863,Node_13,21,0,11,21,11,,,,,,,,,
8,VISIT,882,Random,OnArrival,3,3,12863,Node_47,21,0,9,21,9,,,,,,,,,
8,VISIT,883,Random,OnArrival,3,3,12863,Node_2,19,0,11,19,11,,,,,,,,,
8,VISIT,884,Random,OnArrival,3,3,12863,Node_88,23,0,11,23,11,,,,,,,,,
8,VISIT,864,Random,OnArrival,3,115,12867,Node_936,46,0,14,46,14,,,,,,,,,
8,VISIT,865,Random,OnArrival,3,84,12867,Node_936,46,0,14,46,14,,,,,,,,,
8,VISIT,871,Random,OnArrival,3,62,12867,Node_908,37,0,4,37,4,,,,,,,,,
8,VISIT,877,Random,OnArrival,3,23,12867,Node_851,40,0,16,40,16,,,,,,,,,
8,VISIT,880,Random,OnArrival,3,23,12867,Node_857,40,0,18,40,18,,,,,,,,,
8,VISIT,881,Random,OnArrival,3,4,12867,Node_56,22,0,11,22,11,,,,,,,,,
8,VISIT,882,Random,OnArrival,3,4,12867,Node_61,22,0,9,22,9,,,,,,,,,
8,VISIT,883,Random,OnArrival,3,4,12867,Node_38,20,0,11,20,11,,,,,,,,,
8,VISIT,884,Random,OnArrival,3,4,12867,Node_91,23,0,12,23,12,,,,,,,,,
8,VISIT,863,Random,OnArrival,3,119,12871,Node_903,42,0,11,42,11,,,,,,,,,
8,VISIT,864,Random,OnArrival,3,116,12871,Node_951,47,0,14,47,14,,,,,,,,,
8,VISIT,865,Random,OnArrival,3,85,12871,Node_933,46,0,13,46,13,,,,,,,,,
8,VISIT,872,Random,OnArrival,3,71,12871,Node_936,46,0,14,46,14,,,,,,,,,
8,VISIT,873,Random,OnArrival,3,47,12871,Node_936,46,0,14,46,14,,,,,,,,,
8,VISIT,874,Random,OnArrival,3,47,12871,Node_936,46,0,14,46,14,,,,,,,,,
8,VISIT,875,Random,OnArrival,3,48,12871,Node_936,46,0,14,46,14,,,,,,,,,
8,VISIT,876,Random,OnArrival,3,51,12871,Node_936,46,0,14,46,14,,,,,,,,,
8,VISIT,877,Random,OnArrival,3,24,12871,Node_854,40,0,17,40,17,,,,,,,,,
8,VISIT,880,Random,OnArrival,3,24,12871,Node_859,40,0,19,40,19,,,,,,,,,
8,VISIT,881,Random,OnArrival,3,5,12871,Node_88,23,0,11,23,11,,,,,,,,,
8,VISIT,882,Random,OnArrival,3,5,12871,Node_137,23,0,9,23,9,,,,,,,,,
8,VISIT,883,Random,OnArrival,3,5,12871,Node_13,21,0,11,21,11,,,,,,,,,
8,VISIT,884,Random,OnArrival,3,5,12871,Node_93,24,0,12,24,12,,,,,,,,,
8,VISIT,865,Random,OnArrival,3,86,12875,Node_952,47,0,13,47,13,,,,,,,,,
8,VISIT,872,Random,OnArrival,3,72,12875,Node_933,46,0,13,46,13,,,,,,,,,
8,VISIT,873,Random,OnArrival,3,48,12875,Node_933,46,0,13,46,13,,,,,,,,,
8,VISIT,874,Random,OnArrival,3,48,12875,Node_951,47,0,14,47,14,,,,,,,,,
8,VISIT,875,Random,OnArrival,3,49,12875,Node_933,46,0,13,46,13,,,,,,,,,
8,VISIT,876,Random,OnArrival,3,52,12875,Node_951,47,0,14,47,14,,,,,,,,,
8,VISIT,877,Random,OnArrival,3,25,12875,Node_857,40,0,18,40,18,,,,,,,,,
8,VISIT,878,Random,OnArrival,3,24,12875,Node_851,40,0,16,40,16,,,,,,,,,
8,VISIT,879,Random,OnArrival,3,25,12875,Node_851,40,0,16,40,16,,,,,,,,,
8,VISIT,880,Random,OnArrival,3,25,12875,Node_869,41,0,19,41,19,,,,,,,,,
8,VISIT,881,Random,OnArrival,3,6,12875,Node_91,23,0,12,23,12,,,,,,,,,
8,VISIT,883,Random,OnArrival,3,6,12875,Node_56,22,0,11,22,11,,,,,,,,,
8,VISIT,884,Random,OnArrival,3,6,12875,Node_95,24,0,13,24,13,,,,,,,,,
8,VISIT,872,Random,OnArrival,3,73,12879,Node_952,47,0,13,47,13,,,,,,,,,
8,VISIT,873,Random,OnArrival,3,49,12879,Node_936,46,0,14,46,14,,,,,,,,,
8,VISIT,874,Random,OnArrival,3,49,12879,Node_952,47,0,13,47,13,,,,,,,,,
8,VISIT,875,Random,OnArrival,3,50,12879,Node_952,47,0,13,47,13,,,,,,,,,
8,VISIT,876,Random,OnArrival,3,53,12879,Node_952,47,0,13,47,13,,,,,,,,,
8,VISIT,877,Random,OnArrival,3,26,12879,Node_859,40,0,19,40,19,,,,,,,,,
8,VISIT,878,Random,OnArrival,3,25,12879,Node_854,40,0,17,40,17,,,,,,,,,
8,VISIT,879,Random,OnArrival,3,26,12879,Node_854,40,0,17,40,17,,,,,,,,,
8,VISIT,880,Random,OnArrival,3,26,12879,Node_874,41,0,20,41,20,,,,,,,,,
8,VISIT,881,Random,OnArrival,3,7,12879,Node_93,24,0,12,24,12,,,,,,,,,
8,VISIT,882,Random,OnArrival,3,6,12879,Node_148,25,0,9,25,9,,,,,,,,,
8,VISIT,883,Random,OnArrival,3,7,12879,Node_88,23,0,11,23,11,,,,,,,,,
8,VISIT,884,Random,OnArrival,3,7,12879,Node_131,25,0,13,25,13,,,,,,,,,
8,VISIT,872,Random,OnArrival,3,74,12883,Node_957,48,0,13,48,13,,,,,,,,,
8,VISIT,873,Random,OnArrival,3,50,12883,Node_951,47,0,14,47,14,,,,,,,,,
8,VISIT,874,Random,OnArrival,3,50,12883,Node_957,48,0,13,48,13,,,,,,,,,
8,VISIT,875,Random,OnArrival,3,51,12883,Node_957,48,0,13,48,13,,,,,,,,,
8,VISIT,876,Random,OnArrival,3,54,12883,Node_957,48,0,13,48,13,,,,,,,,,
8,VISIT,877,Random,OnArrival,3,27,12883,Node_869,41,0,19,41,19,,,,,,,,,
8,VISIT,878,Random,OnArrival,3,26,12883,Node_857,40,0,18,40,18,,,,,,,,,
8,VISIT,879,Random,OnArrival,3,27,12883,Node_857,40,0,18,40,18,,,,,,,,,
8,VISIT,880,Random,OnArrival,3,27,12883,Node_878,41,0,21,41,21,,,,,,,,,
8,VISIT,881,Random,OnArrival,3,8,12883,Node_95,24,0,13,24,13,,,,,,,,,
8,VISIT,882,Random,OnArrival,3,7,12883,Node_208,26,0,9,26,9,,,,,,,,,
8,VISIT,883,Random,OnArrival,3,8,12883,Node_91,23,0,12,23,12,,,,,,,,,
8,VISIT,884,Random,OnArrival,3,8,12883,Node_209,26,0,13,26,13,,,,,,,,,
8,VISIT,873,Random,OnArrival,3,51,12887,Node_955,48,0,14,48,14,,,,,,,,,
8,VISIT,877,Random,OnArrival,3,28,12887,Node_874,41,0,20,41,20,,,,,,,,,
8,VISIT,878,Random,OnArrival,3,27,12887,Node_859,40,0,19,40,19,,,,,,,,,
8,VISIT,879,Random,OnArrival,3,28,12887,Node_859,40,0,19,40,19,,,,,,,,,
8,VISIT,880,Random,OnArrival,3,28,12887,Node_881,42,0,21,42,21,,,,,,,,,
8,VISIT,881,Random,OnArrival,3,9,12887,Node_131,25,0,13,25,13,,,,,,,,,
8,VISIT,882,Random,OnArrival,3,8,12887,Node_246,27,0,9,27,9,,,,,,,,,
8,VISIT,883,Random,OnArrival,3,9,12887,Node_93,24,0,12,24,12,,,,,,,,,
8,VISIT,884,Random,OnArrival,3,9,12887,Node_227,27,0,13,27,13,,,,,,,,,
8,VISIT,873,Random,OnArrival,3,52,12891,Node_957,48,0,13,48,13,,,,,,,,,
8,VISIT,877,Random,OnArrival,3,29,12891,Node_878,41,0,21,41,21,,,,,,,,,
8,VISIT,878,Random,OnArrival,3,28,12891,Node_869,41,0,19,41,19,,,,,,,,,
8,VISIT,879,Random,OnArrival,3,29,12891,Node_869,41,0,19,41,19,,,,,,,,,
8,VISIT,880,Random,OnArrival,3,29,12891,Node_883,42,0,22,42,22,,,,,,,,,
8,VISIT,881,Random,OnArrival,3,10,12891,Node_209,26,0,13,26,13,,,,,,,,,
8,VISIT,882,Random,OnArrival,3,9,12891,Node_247,27,0,10,27,10,,,,,,,,,
8,VISIT,883,Random,OnArrival,3,10,12891,Node_95,24,0,13,24,13,,,,,,,,,
8,VISIT,884,Random,OnArrival,3,10,12891,Node_253,28,0,13,28,13,,,,,,,,,
8,VISIT,872,Random,OnArrival,3,75,12895,Node_958,48,0,10,48,10,,,,,,,,,
8,VISIT,874,Random,OnArrival,3,51,12895,Node_958,48,0,10,48,10,,,,,,,,,
8,VISIT,875,Random,OnArrival,3,52,12895,Node_958,48,0,10,48,10,,,,,,,,,
8,VISIT,876,Random,OnArrival,3,55,12895,Node_958,48,0,10,48,10,,,,,,,,,
8,VISIT,877,Random,OnArrival,3,30,12895,Node_881,42,0,21,42,21,,,,,,,,,
8,VISIT,878,Random,OnArrival,3,29,12895,Node_874,41,0,20,41,20,,,,,,,,,
8,VISIT,879,Random,OnArrival,3,30,12895,Node_874,41,0,20,41,20,,,,,,,,,
8,VISIT,880,Random,OnArrival,3,30,12895,Node_893,43,0,22,43,22,,,,,,,,,
8,VISIT,881,Random,OnArrival,3,11,12895,Node_227,27,0,13,27,13,,,,,,,,,
8,VISIT,882,Random,OnArrival,3,10,12895,Node_248,27,0,11,27,11,,,,,,,,,
8,VISIT,883,Random,OnArrival,3,11,12895,Node_131,25,0,13,25,13,,,,,,,,,
8,VISIT,877,Random,OnArrival,3,31,12899,Node_883,42,0,22,42,22,,,,,,,,,
8,VISIT,878,Random,OnArrival,3,30,12899,Node_878,41,0,21,41,21,,,,,,,,,
8,VISIT,879,Random,OnArrival,3,31,12899,Node_878,41,0,21,41,21,,,,,,,,,
8,VISIT,881,Random,OnArrival,3,12,12899,Node_253,28,0,13,28,13,,,,,,,,,
8,VISIT,882,Random,OnArrival,3,11,12899,Node_223,27,0,12,27,12,,,,,,,,,
8,VISIT,883,Random,OnArrival,3,12,12899,Node_209,26,0,13,26,13,,,,,,,,,
8,VISIT,884,Random,OnArrival,3,11,12899,Node_254,30,0,13,30,13,,,,,,,,,
8,VISIT,873,Random,OnArrival,3,53,12903,Node_958,48,0,10,48,10,,,,,,,,,
8,VISIT,877,Random,OnArrival,3,32,12903,Node_893,43,0,22,43,22,,,,,,,,,
8,VISIT,878,Random,OnArrival,3,31,12903,Node_881,42,0,21,42,21,,,,,,,,,
8,VISIT,879,Random,OnArrival,3,32,12903,Node_881,42,0,21,42,21,,,,,,,,,
8,VISIT,882,Random,OnArrival,3,12,12903,Node_227,27,0,13,27,13,,,,,,,,,
8,VISIT,883,Random,OnArrival,3,13,12903,Node_227,27,0,13,27,13,,,,,,,,,
8,VISIT,884,Random,OnArrival,3,12,12903,Node_272,31,0,13,31,13,,,,,,,,,
8,VISIT,873,Random,OnArrival,3,54,12907,Node_961,47,0,10,47,10,,,,,,,,,
8,VISIT,878,Random,OnArrival,3,32,12907,Node_883,42,0,22,42,22,,,,,,,,,
8,VISIT,879,Random,OnArrival,3,33,12907,Node_883,42,0,22,42,22,,,,,,,,,
8,VISIT,880,Random,OnArrival,3,31,12907,Node_919,46,0,22,46,22,,,,,,,,,
8,VISIT,881,Random,OnArrival,3,13,12907,Node_254,30,0,13,30,13,,,,,,,,,
8,VISIT,882,Random,OnArrival,3,13,12907,Node_253,28,0,13,28,13,,,,,,,,,
8,VISIT,883,Random,OnArrival,3,14,12907,Node_253,28,0,13,28,13,,,,,,,,,
8,VISIT,884,Random,OnArrival,3,13,12907,Node_280,32,0,13,32,13,,,,,,,,,
8,VISIT,872,Random,OnArrival,3,76,12911,Node_960,48,0,8,48,8,,,,,,,,,
8,VISIT,874,Random,OnArrival,3,52,12911,Node_960,48,0,8,48,8,,,,,,,,,
8,VISIT,875,Random,OnArrival,3,53,12911,Node_960,48,0,8,48,8,,,,,,,,,
8,VISIT,876,Random,OnArrival,3,56,12911,Node_960,48,0,8,48,8,,,,,,,,,
8,VISIT,878,Random,OnArrival,3,33,12911,Node_893,43,0,22,43,22,,,,,,,,,
8,VISIT,879,Random,OnArrival,3,34,12911,Node_893,43,0,22,43,22,,,,,,,,,
8,VISIT,880,Random,OnArrival,3,32,12911,Node_923,46,0,21,46,21,,,,,,,,,
8,VISIT,881,Random,OnArrival,3,14,12911,Node_272,31,0,13,31,13,,,,,,,,,
8,VISIT,872,Random,OnArrival,3,77,12917,Node_959,48,0,9,48,9,,,,,,,,,
8,VISIT,875,Random,OnArrival,3,54,12917,Node_963,47,0,8,47,8,,,,,,,,,
8,VISIT,876,Random,OnArrival,3,57,12917,Node_963,47,0,8,47,8,,,,,,,,,
8,VISIT,877,Random,OnArrival,3,33,12917,Node_919,46,0,22,46,22,,,,,,,,,
8,VISIT,880,Random,OnArrival,3,33,12917,Node_927,46,0,20,46,20,,,,,,,,,
8,VISIT,881,Random,OnArrival,3,15,12917,Node_280,32,0,13,32,13,,,,,,,,,
8,VISIT,882,Random,OnArrival,3,14,12917,Node_254,30,0,13,30,13,,,,,,,,,
8,VISIT,883,Random,OnArrival,3,15,12917,Node_254,30,0,13,30,13,,,,,,,,,
8,VISIT,884,Random,OnArrival,3,14,12917,Node_296,34,0,13,34,13,,,,,,,,,
8,VISIT,872,Random,OnArrival,3,78,12921,Node_962,47,0,9,47,9,,,,,,,,,
8,VISIT,875,Random,OnArrival,3,55,12921,Node_962,47,0,9,47,9,,,,,,,,,
8,VISIT,876,Random,OnArrival,3,58,12921,Node_962,47,0,9,47,9,,,,,,,,,
8,VISIT,877,Random,OnArrival,3,34,12921,Node_923,46,0,21,46,21,,,,,,,,,
8,VISIT,882,Random,OnArrival,3,15,12921,Node_272,31,0,13,31,13,,,,,,,,,
8,VISIT,883,Random,OnArrival,3,16,12921,Node_272,31,0,13,31,13,,,,,,,,,
8,VISIT,884,Random,OnArrival,3,15,12921,Node_837,35,0,13,35,13,,,,,,,,,
8,VISIT,872,Random,OnArrival,3,79,12927,Node_966,46,0,9,46,9,,,,,,,,,
8,VISIT,874,Random,OnArrival,3,53,12927,Node_964,48,0,5,48,5,,,,,,,,,
8,VISIT,875,Random,OnArrival,3,56,12927,Node_966,46,0,9,46,9,,,,,,,,,
8,VISIT,876,Random,OnArrival,3,59,12927,Node_966,46,0,9,46,9,,,,,,,,,
8,VISIT,877,Random,OnArrival,3,35,12927,Node_927,46,0,20,46,20,,,,,,,,,
8,VISIT,878,Random,OnArrival,3,34,12927,Node_919,46,0,22,46,22,,,,,,,,,
8,VISIT,879,Random,OnArrival,3,35,12927,Node_919,46,0,22,46,22,,,,,,,,,
8,VISIT,880,Random,OnArrival,3,34,12927,Node_922,44,0,20,44,20,,,,,,,,,
8,VISIT,881,Random,OnArrival,3,16,12927,Node_296,34,0,13,34,13,,,,,,,,,
8,VISIT,882,Random,OnArrival,3,16,12927,Node_280,32,0,13,32,13,,,,,,,,,
8,VISIT,883,Random,OnArrival,3,17,12927,Node_280,32,0,13,32,13,,,,,,,,,
8,VISIT,872,Random,OnArrival,3,80,12932,Node_965,46,0,10,46,10,,,,,,,,,
8,VISIT,873,Random,OnArrival,3,55,12932,Node_965,46,0,10,46,10,,,,,,,,,
8,VISIT,875,Random,OnArrival,3,57,12932,Node_967,45,0,9,45,9,,,,,,,,,
8,VISIT,876,Random,OnArrival,3,60,12932,Node_965,46,0,10,46,10,,,,,,,,,
8,VISIT,878,Random,OnArrival,3,35,12932,Node_923,46,0,21,46,21,,,,,,,,,
8,VISIT,879,Random,OnArrival,3,36,12932,Node_923,46,0,21,46,21,,,,,,,,,
8,VISIT,880,Random,OnArrival,3,35,12932,Node_924,44,0,19,44,19,,,,,,,,,
8,VISIT,881,Random,OnArrival,3,17,12932,Node_837,35,0,13,35,13,,,,,,,,,
8,VISIT,884,Random,OnArrival,3,16,12932,Node_325,37,0,13,37,13,,,,,,,,,
8,VISIT,872,Random,OnArrival,3,81,12938,Node_968,45,0,10,45,10,,,,,,,,,
8,VISIT,873,Random,OnArrival,3,56,12938,Node_966,46,0,9,46,9,,,,,,,,,
8,VISIT,874,Random,OnArrival,3,54,12938,Node_964,48,0,5,48,5,,,,,,,,,
8,VISIT,876,Random,OnArrival,3,61,12938,Node_966,46,0,9,46,9,,,,,,,,,
8,VISIT,877,Random,OnArrival,3,36,12938,Node_922,44,0,20,44,20,,,,,,,,,
8,VISIT,878,Random,OnArrival,3,36,12938,Node_927,46,0,20,46,20,,,,,,,,,
8,VISIT,879,Random,OnArrival,3,37,12938,Node_927,46,0,20,46,20,,,,,,,,,
8,VISIT,880,Random,OnArrival,3,36,12938,Node_929,44,0,18,44,18,,,,,,,,,
8,VISIT,882,Random,OnArrival,3,17,12938,Node_296,34,0,13,34,13,,,,,,,,,
8,VISIT,883,Random,OnArrival,3,18,12938,Node_296,34,0,13,34,13,,,,,,,,,
8,VISIT,884,Random,OnArrival,3,17,12938,Node_873,38,0,13,38,13,,,,,,,,,
8,VISIT,872,Random,OnArrival,3,82,12943,Node_967,45,0,9,45,9,,,,,,,,,
8,VISIT,873,Random,OnArrival,3,57,12943,Node_967,45,0,9,45,9,,,,,,,,,
8,VISIT,876,Random,OnArrival,3,62,12943,Node_967,45,0,9,45,9,,,,,,,,,
8,VISIT,877,Random,OnArrival,3,37,12943,Node_924,44,0,19,44,19,,,,,,,,,
8,VISIT,881,Random,OnArrival,3,18,12943,Node_325,37,0,13,37,13,,,,,,,,,
8,VISIT,882,Random,OnArrival,3,18,12943,Node_837,35,0,13,35,13,,,,,,,,,
8,VISIT,883,Random,OnArrival,3,19,12943,Node_837,35,0,13,35,13,,,,,,,,,
8,VISIT,884,Random,OnArrival,3,18,12943,Node_867,39,0,13,39,13,,,,,,,,,
8,VISIT,885,Random,OnArrival,3,0,12947,Node_6,19,0,12,19,12,,,,,,,,,
8,VISIT,886,Random,OnArrival,3,0,12947,Node_7,19,0,8,19,8,,,,,,,,,
8,VISIT,887,Random,OnArrival,3,0,12947,Node_8,17,0,10,17,10,,,,,,,,,
8,VISIT,888,Random,OnArrival,3,0,12947,Node_9,21,0,10,21,10,,,,,,,,,
8,VISIT,877,Random,OnArrival,3,38,12949,Node_929,44,0,18,44,18,,,,,,,,,
8,VISIT,878,Random,OnArrival,3,37,12949,Node_922,44,0,20,44,20,,,,,,,,,
8,VISIT,879,Random,OnArrival,3,38,12949,Node_922,44,0,20,44,20,,,,,,,,,
8,VISIT,880,Random,OnArrival,3,37,12949,Node_947,46,0,18,46,18,,,,,,,,,
8,VISIT,881,Random,OnArrival,3,19,12949,Node_873,38,0,13,38,13,,,,,,,,,
8,VISIT,884,Random,OnArrival,3,19,12949,Node_863,40,0,13,40,13,,,,,,,,,
8,VISIT,885,Random,OnArrival,3,1,12951,Node_2,19,0,11,19,11,,,,,,,,,
8,VISIT,886,Random,OnArrival,3,1,12951,Node_3,19,0,9,19,9,,,,,,,,,
8,VISIT,887,Random,OnArrival,3,1,12951,Node_4,18,0,10,18,10,,,,,,,,,
8,VISIT,888,Random,OnArrival,3,1,12951,Node_13,21,0,11,21,11,,,,,,,,,
8,VISIT,878,Random,OnArrival,3,38,12955,Node_924,44,0,19,44,19,,,,,,,,,
8,VISIT,879,Random,OnArrival,3,39,12955,Node_924,44,0,19,44,19,,,,,,,,,
8,VISIT,880,Random,OnArrival,3,38,12955,Node_944,46,0,17,46,17,,,,,,,,,
8,VISIT,881,Random,OnArrival,3,20,12955,Node_867,39,0,13,39,13,,,,,,,,,
8,VISIT,882,Random,OnArrival,3,19,12955,Node_325,37,0,13,37,13,,,,,,,,,
8,VISIT,883,Random,OnArrival,3,20,12955,Node_325,37,0,13,37,13,,,,,,,,,
8,VISIT,884,Random,OnArrival,3,20,12955,Node_886,41,0,13,41,13,,,,,,,,,
8,VISIT,885,Random,OnArrival,3,2,12955,Node_38,20,0,11,20,11,,,,,,,,,
8,VISIT,886,Random,OnArrival,3,2,12955,Node_48,20,0,9,20,9,,,,,,,,,
8,VISIT,887,Random,OnArrival,3,2,12955,Node_14,18,0,11,18,11,,,,,,,,,
8,VISIT,888,Random,OnArrival,3,2,12955,Node_56,22,0,11,22,11,,,,,,,,,
8,VISIT,874,Random,OnArrival,3,55,12959,Node_974,45,0,6,45,6,,,,,,,,,
8,VISIT,877,Random,OnArrival,3,39,12959,Node_947,46,0,18,46,18,,,,,,,,,
8,VISIT,878,Random,OnArrival,3,39,12959,Node_929,44,0,18,44,18,,,,,,,,,
8,VISIT,879,Random,OnArrival,3,40,12959,Node_929,44,0,18,44,18,,,,,,,,,
8,VISIT,880,Random,OnArrival,3,39,12959,Node_942,46,0,16,46,16,,,,,,,,,
8,VISIT,881,Random,OnArrival,3,21,12959,Node_863,40,0,13,40,13,,,,,,,,,
8,VISIT,882,Random,OnArrival,3,20,12959,Node_873,38,0,13,38,13,,,,,,,,,
8,VISIT,883,Random,OnArrival,3,21,12959,Node_873,38,0,13,38,13,,,,,,,,,
8,VISIT,884,Random,OnArrival,3,21,12959,Node_899,42,0,13,42,13,,,,,,,,,
8,VISIT,885,Random,OnArrival,3,3,12959,Node_13,21,0,11,21,11,,,,,,,,,
8,VISIT,886,Random,OnArrival,3,3,12959,Node_47,21,0,9,21,9,,,,,,,,,
8,VISIT,887,Random,OnArrival,3,3,12959,Node_2,19,0,11,19,11,,,,,,,,,
8,VISIT,888,Random,OnArrival,3,3,12959,Node_88,23,0,11,23,11,,,,,,,,,
8,VISIT,877,Random,OnArrival,3,40,12963,Node_944,46,0,17,46,17,,,,,,,,,
8,VISIT,881,Random,OnArrival,3,22,12963,Node_886,41,0,13,41,13,,,,,,,,,
8,VISIT,882,Random,OnArrival,3,21,12963,Node_867,39,0,13,39,13,,,,,,,,,
8,VISIT,883,Random,OnArrival,3,22,12963,Node_867,39,0,13,39,13,,,,,,,,,
8,VISIT,885,Random,OnArrival,3,4,12963,Node_56,22,0,11,22,11,,,,,,,,,
8,VISIT,886,Random,OnArrival,3,4,12963,Node_61,22,0,9,22,9,,,,,,,,,
8,VISIT,887,Random,OnArrival,3,4,12963,Node_38,20,0,11,20,11,,,,,,,,,
8,VISIT,888,Random,OnArrival,3,4,12963,Node_91,23,0,12,23,12,,,,,,,,,
8,VISIT,872,Random,OnArrival,3,83,12967,Node_979,44,0,5,44,5,,,,,,,,,
8,VISIT,873,Random,OnArrival,3,58,12967,Node_979,44,0,5,44,5,,,,,,,,,
8,VISIT,874,Random,OnArrival,3,56,12967,Node_979,44,0,5,44,5,,,,,,,,,
8,VISIT,875,Random,OnArrival,3,58,12967,Node_974,45,0,6,45,6,,,,,,,,,
8,VISIT,876,Random,OnArrival,3,63,12967,Node_974,45,0,6,45,6,,,,,,,,,
8,VISIT,877,Random,OnArrival,3,41,12967,Node_942,46,0,16,46,16,,,,,,,,,
8,VISIT,878,Random,OnArrival,3,40,12967,Node_947,46,0,18,46,18,,,,,,,,,
8,VISIT,879,Random,OnArrival,3,41,12967,Node_947,46,0,18,46,18,,,,,,,,,
8,VISIT,880,Random,OnArrival,3,40,12967,Node_936,46,0,14,46,14,,,,,,,,,
8,VISIT,881,Random,OnArrival,3,23,12967,Node_899,42,0,13,42,13,,,,,,,,,
8,VISIT,882,Random,OnArrival,3,22,12967,Node_863,40,0,13,40,13,,,,,,,,,
8,VISIT,883,Random,OnArrival,3,23,12967,Node_863,40,0,13,40,13,,,,,,,,,
8,VISIT,884,Random,OnArrival,3,22,12967,Node_903,42,0,11,42,11,,,,,,,,,
8,VISIT,885,Random,OnArrival,3,5,12967,Node_88,23,0,11,23,11,,,,,,,,,
8,VISIT,886,Random,OnArrival,3,5,12967,Node_137,23,0,9,23,9,,,,,,,,,
8,VISIT,887,Random,OnArrival,3,5,12967,Node_13,21,0,11,21,11,,,,,,,,,
8,VISIT,888,Random,OnArrival,3,5,12967,Node_93,24,0,12,24,12,,,,,,,,,
8,VISIT,872,Random,OnArrival,3,84,12971,Node_977,45,0,5,45,5,,,,,,,,,
8,VISIT,873,Random,OnArrival,3,59,12971,Node_977,45,0,5,45,5,,,,,,,,,
8,VISIT,874,Random,OnArrival,3,57,12971,Node_980,44,0,6,44,6,,,,,,,,,
8,VISIT,875,Random,OnArrival,3,59,12971,Node_977,45,0,5,45,5,,,,,,,,,
8,VISIT,876,Random,OnArrival,3,64,12971,Node_977,45,0,5,45,5,,,,,,,,,
8,VISIT,878,Random,OnArrival,3,41,12971,Node_944,46,0,17,46,17,,,,,,,,,
8,VISIT,879,Random,OnArrival,3,42,12971,Node_944,46,0,17,46,17,,,,,,,,,
8,VISIT,880,Random,OnArrival,3,41,12971,Node_933,46,0,13,46,13,,,,,,,,,
8,VISIT,882,Random,OnArrival,3,23,12971,Node_886,41,0,13,41,13,,,,,,,,,
8,VISIT,883,Random,OnArrival,3,24,12971,Node_886,41,0,13,41,13,,,,,,,,,
8,VISIT,884,Random,OnArrival,3,23,12971,Node_906,42,0,10,42,10,,,,,,,,,
8,VISIT,885,Random,OnArrival,3,6,12971,Node_91,23,0,12,23,12,,,,,,,,,
8,VISIT,887,Random,OnArrival,3,6,12971,Node_56,22,0,11,22,11,,,,,,,,,
8,VISIT,888,Random,OnArrival,3,6,12971,Node_95,24,0,13,24,13,,,,,,,,,
8,VISIT,872,Random,OnArrival,3,85,12975,Node_973,46,0,5,46,5,,,,,,,,,
8,VISIT,873,Random,OnArrival,3,60,12975,Node_973,46,0,5,46,5,,,,,,,,,
8,VISIT,874,Random,OnArrival,3,58,12975,Node_978,44,0,7,44,7,,,,,,,,,
8,VISIT,875,Random,OnArrival,3,60,12975,Node_973,46,0,5,46,5,,,,,,,,,
8,VISIT,876,Random,OnArrival,3,65,12975,Node_973,46,0,5,46,5,,,,,,,,,
8,VISIT,877,Random,OnArrival,3,42,12975,Node_936,46,0,14,46,14,,,,,,,,,
8,VISIT,878,Random,OnArrival,3,42,12975,Node_942,46,0,16,46,16,,,,,,,,,
8,VISIT,879,Random,OnArrival,3,43,12975,Node_942,46,0,16,46,16,,,,,,,,,
8,VISIT,880,Random,OnArrival,3,42,12975,Node_952,47,0,13,47,13,,,,,,,,,
8,VISIT,881,Random,OnArrival,3,24,12975,Node_903,42,0,11,42,11,,,,,,,,,
8,VISIT,882,Random,OnArrival,3,24,12975,Node_899,42,0,13,42,13,,,,,,,,,
8,VISIT,883,Random,OnArrival,3,25,12975,Node_899,42,0,13,42,13,,,,,,,,,
8,VISIT,884,Random,OnArrival,3,24,12975,Node_920,41,0,10,41,10,,,,,,,,,
8,VISIT,885,Random,OnArrival,3,7,12975,Node_93,24,0,12,24,12,,,,,,,,,
8,VISIT,886,Random,OnArrival,3,6,12975,Node_148,25,0,9,25,9,,,,,,,,,
8,VISIT,887,Random,OnArrival,3,7,12975,Node_88,23,0,11,23,11,,,,,,,,,
8,VISIT,888,Random,OnArrival,3,7,12975,Node_131,25,0,13,25,13,,,,,,,,,
8,VISIT,872,Random,OnArrival,3,86,12979,Node_976,46,0,6,46,6,,,,,,,,,
8,VISIT,873,Random,OnArrival,3,61,12979,Node_976,46,0,6,46,6,,,,,,,,,
8,VISIT,875,Random,OnArrival,3,61,12979,Node_976,46,0,6,46,6,,,,,,,,,
8,VISIT,876,Random,OnArrival,3,66,12979,Node_976,46,0,6,46,6,,,,,,,,,
8,VISIT,877,Random,OnArrival,3,43,12979,Node_933,46,0,13,46,13,,,,,,,,,
8,VISIT,880,Random,OnArrival,3,43,12979,Node_957,48,0,13,48,13,,,,,,,,,
8,VISIT,881,Random,OnArrival,3,25,12979,Node_906,42,0,10,42,10,,,,,,,,,
8,VISIT,884,Random,OnArrival,3,25,12979,Node_906,42,0,10,42,10,,,,,,,,,
8,VISIT,885,Random,OnArrival,3,8,12979,Node_95,24,0,13,24,13,,,,,,,,,
8,VISIT,886,Random,OnArrival,3,7,12979,Node_208,26,0,9,26,9,,,,,,,,,
8,VISIT,887,Random,OnArrival,3,8,12979,Node_91,23,0,12,23,12,,,,,,,,,
8,VISIT,888,Random,OnArrival,3,8,12979,Node_209,26,0,13,26,13,,,,,,,,,
8,VISIT,872,Random,OnArrival,3,87,12983,Node_974,45,0,6,45,6,,,,,,,,,
8,VISIT,873,Random,OnArrival,3,62,12983,Node_974,45,0,6,45,6,,,,,,,,,
8,VISIT,875,Random,OnArrival,3,62,12983,Node_974,45,0,6,45,6,,,,,,,,,
8,VISIT,876,Random,OnArrival,3,67,12983,Node_974,45,0,6,45,6,,,,,,,,,
8,VISIT,877,Random,OnArrival,3,44,12983,Node_952,47,0,13,47,13,,,,,,,,,
8,VISIT,878,Random,OnArrival,3,43,12983,Node_936,46,0,14,46,14,,,,,,,,,
8,VISIT,879,Random,OnArrival,3,44,12983,Node_936,46,0,14,46,14,,,,,,,,,
8,VISIT,881,Random,OnArrival,3,26,12983,Node_956,43,0,10,43,10,,,,,,,,,
8,VISIT,882,Random,OnArrival,3,25,12983,Node_903,42,0,11,42,11,,,,,,,,,
8,VISIT,883,Random,OnArrival,3,26,12983,Node_903,42,0,11,42,11,,,,,,,,,
8,VISIT,884,Random,OnArrival,3,26,12983,Node_956,43,0,10,43,10,,,,,,,,,
8,VISIT,885,Random,OnArrival,3,9,12983,Node_131,25,0,13,25,13,,,,,,,,,
8,VISIT,886,Random,OnArrival,3,8,12983,Node_246,27,0,9,27,9,,,,,,,,,
8,VISIT,887,Random,OnArrival,3,9,12983,Node_93,24,0,12,24,12,,,,,,,,,
8,VISIT,888,Random,OnArrival,3,9,12983,Node_227,27,0,13,27,13,,,,,,,,,
8,VISIT,872,Random,OnArrival,3,88,12987,Node_971,45,0,7,45,7,,,,,,,,,
8,VISIT,873,Random,OnArrival,3,63,12987,Node_980,44,0,6,44,6,,,,,,,,,
8,VISIT,875,Random,OnArrival,3,63,12987,Node_971,45,0,7,45,7,,,,,,,,,
8,VISIT,876,Random,OnArrival,3,68,12987,Node_971,45,0,7,45,7,,,,,,,,,
8,VISIT,877,Random,OnArrival,3,45,12987,Node_957,48,0,13,48,13,,,,,,,,,
8,VISIT,878,Random,OnArrival,3,44,12987,Node_933,46,0,13,46,13,,,,,,,,,
8,VISIT,879,Random,OnArrival,3,45,12987,Node_933,46,0,13,46,13,,,,,,,,,
8,VISIT,882,Random,OnArrival,3,26,12987,Node_906,42,0,10,42,10,,,,,,,,,
8,VISIT,883,Random,OnArrival,3,27,12987,Node_906,42,0,10,42,10,,,,,,,,,
8,VISIT,885,Random,OnArrival,3,10,12987,Node_209,26,0,13,26,13,,,,,,,,,
8,VISIT,886,Random,OnArrival,3,9,12987,Node_247,27,0,10,27,10,,,,,,,,,
8,VISIT,887,Random,OnArrival,3,10,12987,Node_95,24,0,13,24,13,,,,,,,,,
8,VISIT,888,Random,OnArrival,3,10,12987,Node_253,28,0,13,28,13,,,,,,,,,
8,VISIT,872,Random,OnArrival,3,89,12991,Node_978,44,0,7,44,7,,,,,,,,,
8,VISIT,873,Random,OnArrival,3,64,12991,Node_978,44,0,7,44,7,,,,,,,,,
8,VISIT,875,Random,OnArrival,3,64,12991,Node_978,44,0,7,44,7,,,,,,,,,
8,VISIT,876,Random,OnArrival,3,69,12991,Node_978,44,0,7,44,7,,,,,,,,,
8,VISIT,878,Random,OnArrival,3,45,12991,Node_952,47,0,13,47,13,,,,,,,,,
8,VISIT,879,Random,OnArrival,3,46,12991,Node_952,47,0,13,47,13,,,,,,,,,
8,VISIT,880,Random,OnArrival,3,44,12991,Node_958,48,0,10,48,10,,,,,,,,,
8,VISIT,881,Random,OnArrival,3,27,12991,Node_910,42,0,9,42,9,,,,,,,,,
8,VISIT,882,Random,OnArrival,3,27,12991,Node_910,42,0,9,42,9,,,,,,,,,
8,VISIT,883,Random,OnArrival,3,28,12991,Node_910,42,0,9,42,9,,,,,,,,,
8,VISIT,884,Random,OnArrival,3,27,12991,Node_910,42,0,9,42,9,,,,,,,,,
8,VISIT,885,Random,OnArrival,3,11,12991,Node_227,27,0,13,27,13,,,,,,,,,
8,VISIT,886,Random,OnArrival,3,10,12991,Node_248,27,0,11,27,11,,,,,,,,,
8,VISIT,887,Random,OnArrival,3,11,12991,Node_131,25,0,13,25,13,,,,,,,,,
8,VISIT,872,Random,OnArrival,3,90,12995,Node_975,44,0,8,44,8,,,,,,,,,
8,VISIT,875,Random,OnArrival,3,65,12995,Node_975,44,0,8,44,8,,,,,,,,,
8,VISIT,878,Random,OnArrival,3,46,12995,Node_957,48,0,13,48,13,,,,,,,,,
8,VISIT,879,Random,OnArrival,3,47,12995,Node_957,48,0,13,48,13,,,,,,,,,
8,VISIT,880,Random,OnArrival,3,45,12995,Node_959,48,0,9,48,9,,,,,,,,,
8,VISIT,881,Random,OnArrival,3,28,12995,Node_915,41,0,9,41,9,,,,,,,,,
8,VISIT,882,Random,OnArrival,3,28,12995,Node_915,41,0,9,41,9,,,,,,,,,
8,VISIT,883,Random,OnArrival,3,29,12995,Node_915,41,0,9,41,9,,,,,,,,,
8,VISIT,884,Random,OnArrival,3,28,12995,Node_915,41,0,9,41,9,,,,,,,,,
8,VISIT,885,Random,OnArrival,3,12,12995,Node_253,28,0,13,28,13,,,,,,,,,
8,VISIT,886,Random,OnArrival,3,11,12995,Node_223,27,0,12,27,12,,,,,,,,,
8,VISIT,887,Random,OnArrival,3,12,12995,Node_209,26,0,13,26,13,,,,,,,,,
8,VISIT,888,Random,OnArrival,3,11,12995,Node_254,30,0,13,30,13,,,,,,,,,
8,VISIT,872,Random,OnArrival,3,91,12999,Node_970,45,0,8,45,8,,,,,,,,,
8,VISIT,873,Random,OnArrival,3,65,12999,Node_981,42,0,7,42,7,,,,,,,,,
8,VISIT,875,Random,OnArrival,3,66,12999,Node_970,45,0,8,45,8,,,,,,,,,
8,VISIT,876,Random,OnArrival,3,70,12999,Node_981,42,0,7,42,7,,,,,,,,,
8,VISIT,877,Random,OnArrival,3,46,12999,Node_958,48,0,10,48,10,,,,,,,,,
8,VISIT,880,Random,OnArrival,3,46,12999,Node_962,47,0,9,47,9,,,,,,,,,
8,VISIT,881,Random,OnArrival,3,29,12999,Node_930,40,0,9,40,9,,,,,,,,,
8,VISIT,882,Random,OnArrival,3,29,12999,Node_930,40,0,9,40,9,,,,,,,,,
8,VISIT,883,Random,OnArrival,3,30,12999,Node_930,40,0,9,40,9,,,,,,,,,
8,VISIT,884,Random,OnArrival,3,29,12999,Node_930,40,0,9,40,9,,,,,,,,,
8,VISIT,886,Random,OnArrival,3,12,12999,Node_227,27,0,13,27,13,,,,,,,,,
8,VISIT,887,Random,OnArrival,3,13,12999,Node_227,27,0,13,27,13,,,,,,,,,
8,VISIT,888,Random,OnArrival,3,12,12999,Node_272,31,0,13,31,13,,,,,,,,,
8,VISIT,872,Random,OnArrival,3,92,13003,Node_971,45,0,7,45,7,,,,,,,,,
8,VISIT,875,Random,OnArrival,3,67,13003,Node_971,45,0,7,45,7,,,,,,,,,
8,VISIT,877,Random,OnArrival,3,47,13003,Node_959,48,0,9,48,9,,,,,,,,,
8,VISIT,880,Random,OnArrival,3,47,13003,Node_966,46,0,9,46,9,,,,,,,,,
8,VISIT,881,Random,OnArrival,3,30,13003,Node_934,39,0,9,39,9,,,,,,,,,
8,VISIT,882,Random,OnArrival,3,30,13003,Node_934,39,0,9,39,9,,,,,,,,,
8,VISIT,883,Random,OnArrival,3,31,13003,Node_915,41,0,9,41,9,,,,,,,,,
8,VISIT,884,Random,OnArrival,3,30,13003,Node_934,39,0,9,39,9,,,,,,,,,
8,VISIT,885,Random,OnArrival,3,13,13003,Node_254,30,0,13,30,13,,,,,,,,,
8,VISIT,886,Random,OnArrival,3,13,13003,Node_253,28,0,13,28,13,,,,,,,,,
8,VISIT,887,Random,OnArrival,3,14,13003,Node_253,28,0,13,28,13,,,,,,,,,
8,VISIT,888,Random,OnArrival,3,13,13003,Node_280,32,0,13,32,13,,,,,,,,,
8,VISIT,872,Random,OnArrival,3,93,13007,Node_978,44,0,7,44,7,,,,,,,,,
8,VISIT,875,Random,OnArrival,3,68,13007,Node_978,44,0,7,44,7,,,,,,,,,
8,VISIT,877,Random,OnArrival,3,48,13007,Node_962,47,0,9,47,9,,,,,,,,,
8,VISIT,878,Random,OnArrival,3,47,13007,Node_958,48,0,10,48,10,,,,,,,,,
8,VISIT,879,Random,OnArrival,3,48,13007,Node_958,48,0,10,48,10,,,,,,,,,
8,VISIT,880,Random,OnArrival,3,48,13007,Node_967,45,0,9,45,9,,,,,,,,,
8,VISIT,881,Random,OnArrival,3,31,13007,Node_937,39,0,8,39,8,,,,,,,,,
8,VISIT,882,Random,OnArrival,3,31,13007,Node_937,39,0,8,39,8,,,,,,,,,
8,VISIT,883,Random,OnArrival,3,32,13007,Node_910,42,0,9,42,9,,,,,,,,,
8,VISIT,884,Random,OnArrival,3,31,13007,Node_937,39,0,8,39,8,,,,,,,,,
8,VISIT,885,Random,OnArrival,3,14,13007,Node_272,31,0,13,31,13,,,,,,,,,
8,VISIT,877,Random,OnArrival,3,49,13013,Node_966,46,0,9,46,9,,,,,,,,,
8,VISIT,878,Random,OnArrival,3,48,13013,Node_961,47,0,10,47,10,,,,,,,,,
8,VISIT,879,Random,OnArrival,3,49,13013,Node_961,47,0,10,47,10,,,,,,,,,
8,VISIT,880,Random,OnArrival,3,49,13013,Node_970,45,0,8,45,8,,,,,,,,,
8,VISIT,881,Random,OnArrival,3,32,13013,Node_912,38,0,8,38,8,,,,,,,,,
8,VISIT,882,Random,OnArrival,3,32,13013,Node_912,38,0,8,38,8,,,,,,,,,
8,VISIT,883,Random,OnArrival,3,33,13013,Node_983,43,0,9,43,9,,,,,,,,,
8,VISIT,884,Random,OnArrival,3,32,13013,Node_912,38,0,8,38,8,,,,,,,,,
8,VISIT,885,Random,OnArrival,3,15,13013,Node_280,32,0,13,32,13,,,,,,,,,
8,VISIT,886,Random,OnArrival,3,14,13013,Node_254,30,0,13,30,13,,,,,,,,,
8,VISIT,887,Random,OnArrival,3,15,13013,Node_254,30,0,13,30,13,,,,,,,,,
8,VISIT,888,Random,OnArrival,3,14,13013,Node_296,34,0,13,34,13,,,,,,,,,
8,VISIT,872,Random,OnArrival,3,94,13017,Node_981,42,0,7,42,7,,,,,,,,,
8,VISIT,875,Random,OnArrival,3,69,13017,Node_981,42,0,7,42,7,,,,,,,,,
8,VISIT,877,Random,OnArrival,3,50,13017,Node_967,45,0,9,45,9,,,,,,,,,
8,VISIT,878,Random,OnArrival,3,49,13017,Node_962,47,0,9,47,9,,,,,,,,,
8,VISIT,879,Random,OnArrival,3,50,13017,Node_962,47,0,9,47,9,,,,,,,,,
8,VISIT,880,Random,OnArrival,3,50,13017,Node_971,45,0,7,45,7,,,,,,,,,
8,VISIT,881,Random,OnArrival,3,33,13017,Node_916,38,0,7,38,7,,,,,,,,,
8,VISIT,882,Random,OnArrival,3,33,13017,Node_916,38,0,7,38,7,,,,,,,,,
8,VISIT,883,Random,OnArrival,3,34,13017,Node_972,44,0,9,44,9,,,,,,,,,
8,VISIT,884,Random,OnArrival,3,33,13017,Node_916,38,0,7,38,7,,,,,,,,,
8,VISIT,886,Random,OnArrival,3,15,13017,Node_272,31,0,13,31,13,,,,,,,,,
8,VISIT,887,Random,OnArrival,3,16,13017,Node_272,31,0,13,31,13,,,,,,,,,
8,VISIT,888,Random,OnArrival,3,15,13017,Node_837,35,0,13,35,13,,,,,,,,,
8,VISIT,872,Random,OnArrival,3,95,13021,Node_982,42,0,6,42,6,,,,,,,,,
8,VISIT,875,Random,OnArrival,3,70,13021,Node_982,42,0,6,42,6,,,,,,,,,
8,VISIT,877,Random,OnArrival,3,51,13021,Node_972,44,0,9,44,9,,,,,,,,,
8,VISIT,878,Random,OnArrival,3,50,13021,Node_966,46,0,9,46,9,,,,,,,,,
8,VISIT,879,Random,OnArrival,3,51,13021,Node_966,46,0,9,46,9,,,,,,,,,
8,VISIT,880,Random,OnArrival,3,51,13021,Node_978,44,0,7,44,7,,,,,,,,,
8,VISIT,881,Random,OnArrival,3,34,13021,Node_939,39,0,7,39,7,,,,,,,,,
8,VISIT,882,Random,OnArrival,3,34,13021,Node_939,39,0,7,39,7,,,,,,,,,
8,VISIT,883,Random,OnArrival,3,35,13021,Node_975,44,0,8,44,8,,,,,,,,,
8,VISIT,884,Random,OnArrival,3,34,13021,Node_939,39,0,7,39,7,,,,,,,,,
8,VISIT,885,Random,OnArrival,3,16,13021,Node_296,34,0,13,34,13,,,,,,,,,
8,VISIT,886,Random,OnArrival,3,16,13021,Node_280,32,0,13,32,13,,,,,,,,,
8,VISIT,887,Random,OnArrival,3,17,13021,Node_280,32,0,13,32,13,,,,,,,,,
8,VISIT,889,Random,OnArrival,3,0,13021,Node_6,19,0,12,19,12,,,,,,,,,
8,VISIT,890,Random,OnArrival,3,0,13021,Node_7,19,0,8,19,8,,,,,,,,,
8,VISIT,891,Random,OnArrival,3,0,13021,Node_8,17,0,10,17,10,,,,,,,,,
8,VISIT,892,Random,OnArrival,3,0,13021,Node_9,21,0,10,21,10,,,,,,,,,
8,VISIT,872,Random,OnArrival,3,96,13025,Node_986,41,0,6,41,6,,,,,,,,,
8,VISIT,875,Random,OnArrival,3,71,13025,Node_986,41,0,6,41,6,,,,,,,,,
8,VISIT,877,Random,OnArrival,3,52,13025,Node_975,44,0,8,44,8,,,,,,,,,
8,VISIT,878,Random,OnArrival,3,51,13025,Node_967,45,0,9,45,9,,,,,,,,,
8,VISIT,879,Random,OnArrival,3,52,13025,Node_967,45,0,9,45,9,,,,,,,,,
8,VISIT,883,Random,OnArrival,3,36,13025,Node_978,44,0,7,44,7,,,,,,,,,
8,VISIT,885,Random,OnArrival,3,17,13025,Node_837,35,0,13,35,13,,,,,,,,,
8,VISIT,888,Random,OnArrival,3,16,13025,Node_325,37,0,13,37,13,,,,,,,,,
8,VISIT,889,Random,OnArrival,3,1,13025,Node_2,19,0,11,19,11,,,,,,,,,
8,VISIT,890,Random,OnArrival,3,1,13025,Node_3,19,0,9,19,9,,,,,,,,,
8,VISIT,891,Random,OnArrival,3,1,13025,Node_4,18,0,10,18,10,,,,,,,,,
8,VISIT,892,Random,OnArrival,3,1,13025,Node_13,21,0,11,21,11,,,,,,,,,
8,VISIT,872,Random,OnArrival,3,97,13029,Node_985,41,0,7,41,7,,,,,,,,,
8,VISIT,875,Random,OnArrival,3,72,13029,Node_987,41,0,5,41,5,,,,,,,,,
8,VISIT,877,Random,OnArrival,3,53,13029,Node_978,44,0,7,44,7,,,,,,,,,
8,VISIT,878,Random,OnArrival,3,52,13029,Node_972,44,0,9,44,9,,,,,,,,,
8,VISIT,879,Random,OnArrival,3,53,13029,Node_972,44,0,9,44,9,,,,,,,,,
8,VISIT,880,Random,OnArrival,3,52,13029,Node_981,42,0,7,42,7,,,,,,,,,
8,VISIT,881,Random,OnArrival,3,35,13029,Node_985,41,0,7,41,7,,,,,,,,,
8,VISIT,882,Random,OnArrival,3,35,13029,Node_985,41,0,7,41,7,,,,,,,,,
8,VISIT,884,Random,OnArrival,3,35,13029,Node_985,41,0,7,41,7,,,,,,,,,
8,VISIT,886,Random,OnArrival,3,17,13029,Node_296,34,0,13,34,13,,,,,,,,,
8,VISIT,887,Random,OnArrival,3,18,13029,Node_296,34,0,13,34,13,,,,,,,,,
8,VISIT,888,Random,OnArrival,3,17,13029,Node_873,38,0,13,38,13,,,,,,,,,
8,VISIT,889,Random,OnArrival,3,2,13029,Node_38,20,0,11,20,11,,,,,,,,,
8,VISIT,890,Random,OnArrival,3,2,13029,Node_48,20,0,9,20,9,,,,,,,,,
8,VISIT,891,Random,OnArrival,3,2,13029,Node_14,18,0,11,18,11,,,,,,,,,
8,VISIT,892,Random,OnArrival,3,2,13029,Node_56,22,0,11,22,11,,,,,,,,,
8,VISIT,875,Random,OnArrival,3,73,13033,Node_984,42,0,5,42,5,,,,,,,,,
8,VISIT,876,Random,OnArrival,3,71,13033,Node_1,39,0,2,39,2,,,,,,,,,
8,SUMMARY,,Unknown,None,,,,,,,,,,0,0,990,-1,113233.000,9464,0,0.000,0.000
