RunID,RowType,PlayerID,UnknownSelectMode,TargetUpdateMode,UnknownReferenceDepth,StepIndex,Frame,NodeName,NodePosX,NodePosY,NodePosZ,CellX,CellZ,GoalCellX,GoalCellZ,NodesCreated,ShortestPathLen,TimeToGoal,TotalNodeVisits,TotalProcessMs,AvgProcessMs,MaxProcessMs
1,VISIT,129,Random,OnArrival,3,0,124,Node_4,18,0,10,18,10,,,,,,,,,
1,VISIT,130,Random,OnArrival,3,0,124,Node_4,18,0,10,18,10,,,,,,,,,
1,VISIT,129,Random,OnArrival,3,1,152,Node_15,18,0,9,18,9,,,,,,,,,
1,VISIT,130,Random,OnArrival,3,1,179,Node_2,19,0,11,19,11,,,,,,,,,
1,VISIT,129,Random,OnArrival,3,2,206,Node_8,17,0,10,17,10,,,,,,,,,
1,VISIT,130,Random,OnArrival,3,2,206,Node_14,18,0,11,18,11,,,,,,,,,
1,VISIT,129,Random,OnArrival,3,3,234,Node_24,16,0,10,16,10,,,,,,,,,
1,VISIT,130,Random,OnArrival,3,3,234,Node_12,17,0,11,17,11,,,,,,,,,
1,VISIT,129,Random,OnArrival,3,4,261,Node_21,16,0,11,16,11,,,,,,,,,
1,VISIT,130,Random,OnArrival,3,4,261,Node_21,16,0,11,16,11,,,,,,,,,
1,VISIT,129,Random,OnArrival,3,5,288,Node_28,15,0,11,15,11,,,,,,,,,
1,VISIT,130,Random,OnArrival,3,5,288,Node_28,15,0,11,15,11,,,,,,,,,
1,VISIT,133,Random,OnArrival,3,0,1286,Node_6,19,0,12,19,12,,,,,,,,,
1,VISIT,134,Random,OnArrival,3,0,1286,Node_7,19,0,8,19,8,,,,,,,,,
1,VISIT,135,Random,OnArrival,3,0,1286,Node_8,17,0,10,17,10,,,,,,,,,
1,VISIT,136,Random,OnArrival,3,0,1286,Node_9,21,0,10,21,10,,,,,,,,,
1,VISIT,135,Random,OnArrival,3,1,1312,Node_4,18,0,10,18,10,,,,,,,,,
1,VISIT,135,Random,OnArrival,3,2,1337,Node_15,18,0,9,18,9,,,,,,,,,
1,VISIT,134,Random,OnArrival,3,1,1363,Node_5,20,0,10,20,10,,,,,,,,,
1,VISIT,135,Random,OnArrival,3,3,1363,Node_3,19,0,9,19,9,,,,,,,,,
1,VISIT,135,Random,OnArrival,3,4,1389,Node_20,19,0,10,19,10,,,,,,,,,
1,VISIT,133,Random,OnArrival,3,1,1414,Node_25,21,0,15,21,15,,,,,,,,,
1,VISIT,134,Random,OnArrival,3,2,1414,Node_46,20,0,12,20,12,,,,,,,,,
1,VISIT,135,Random,OnArrival,3,5,1414,Node_5,20,0,10,20,10,,,,,,,,,
1,VISIT,134,Random,OnArrival,3,3,1439,Node_17,21,0,12,21,12,,,,,,,,,
1,VISIT,135,Random,OnArrival,3,6,1439,Node_55,20,0,11,20,11,,,,,,,,,
1,VISIT,134,Random,OnArrival,3,4,1464,Node_19,21,0,13,21,13,,,,,,,,,
1,VISIT,135,Random,OnArrival,3,7,1464,Node_2,19,0,11,19,11,,,,,,,,,
1,VISIT,133,Random,OnArrival,3,2,1489,Node_27,21,0,16,21,16,,,,,,,,,
1,VISIT,134,Random,OnArrival,3,5,1489,Node_49,20,0,13,20,13,,,,,,,,,
1,VISIT,135,Random,OnArrival,3,8,1489,Node_6,19,0,12,19,12,,,,,,,,,
1,VISIT,133,Random,OnArrival,3,3,1514,Node_25,21,0,15,21,15,,,,,,,,,
1,VISIT,134,Random,OnArrival,3,6,1514,Node_46,20,0,12,20,12,,,,,,,,,
1,VISIT,135,Random,OnArrival,3,9,1514,Node_10,18,0,12,18,12,,,,,,,,,
1,VISIT,133,Random,OnArrival,3,4,1538,Node_22,21,0,14,21,14,,,,,,,,,
1,VISIT,134,Random,OnArrival,3,7,1538,Node_55,20,0,11,20,11,,,,,,,,,
1,VISIT,135,Random,OnArrival,3,10,1538,Node_16,17,0,12,17,12,,,,,,,,,
1,VISIT,133,Random,OnArrival,3,5,1563,Node_52,20,0,14,20,14,,,,,,,,,
1,VISIT,134,Random,OnArrival,3,8,1563,Node_13,21,0,11,21,11,,,,,,,,,
1,VISIT,135,Random,OnArrival,3,11,1563,Node_12,17,0,11,17,11,,,,,,,,,
1,VISIT,135,Random,OnArrival,3,12,1588,Node_21,16,0,11,16,11,,,,,,,,,
1,VISIT,135,Random,OnArrival,3,13,1612,Node_28,15,0,11,15,11,,,,,,,,,
1,VISIT,135,Random,OnArrival,3,14,1637,Node_29,15,0,12,15,12,,,,,,,,,
1,VISIT,135,Random,OnArrival,3,15,1663,Node_35,14,0,12,14,12,,,,,,,,,
1,VISIT,135,Random,OnArrival,3,16,1735,Node_38,13,0,14,13,14,,,,,,,,,
1,VISIT,135,Random,OnArrival,3,17,1807,Node_45,12,0,16,12,16,,,,,,,,,
1,VISIT,135,Random,OnArrival,3,18,1832,Node_40,13,0,16,13,16,,,,,,,,,
1,VISIT,135,Random,OnArrival,3,19,1857,Node_41,13,0,17,13,17,,,,,,,,,
1,VISIT,135,Random,OnArrival,3,20,1882,Node_44,12,0,17,12,17,,,,,,,,,
1,VISIT,137,Random,OnArrival,3,0,2399,Node_6,19,0,12,19,12,,,,,,,,,
1,VISIT,138,Random,OnArrival,3,0,2399,Node_7,19,0,8,19,8,,,,,,,,,
1,VISIT,139,Random,OnArrival,3,0,2399,Node_8,17,0,10,17,10,,,,,,,,,
1,VISIT,140,Random,OnArrival,3,0,2399,Node_9,21,0,10,21,10,,,,,,,,,
1,VISIT,137,Random,OnArrival,3,1,2423,Node_2,19,0,11,19,11,,,,,,,,,
1,VISIT,138,Random,OnArrival,3,1,2423,Node_3,19,0,9,19,9,,,,,,,,,
1,VISIT,139,Random,OnArrival,3,1,2423,Node_4,18,0,10,18,10,,,,,,,,,
1,VISIT,140,Random,OnArrival,3,1,2423,Node_67,22,0,10,22,10,,,,,,,,,
1,VISIT,137,Random,OnArrival,3,2,2447,Node_20,19,0,10,19,10,,,,,,,,,
1,VISIT,138,Random,OnArrival,3,2,2447,Node_50,20,0,9,20,9,,,,,,,,,
1,VISIT,139,Random,OnArrival,3,2,2447,Node_20,19,0,10,19,10,,,,,,,,,
1,VISIT,137,Random,OnArrival,3,3,2471,Node_5,20,0,10,20,10,,,,,,,,,
1,VISIT,138,Random,OnArrival,3,3,2471,Node_48,21,0,9,21,9,,,,,,,,,
1,VISIT,139,Random,OnArrival,3,3,2471,Node_5,20,0,10,20,10,,,,,,,,,
1,VISIT,137,Random,OnArrival,3,4,2495,Node_50,20,0,9,20,9,,,,,,,,,
1,VISIT,138,Random,OnArrival,3,4,2495,Node_69,22,0,9,22,9,,,,,,,,,
1,VISIT,139,Random,OnArrival,3,4,2495,Node_9,21,0,10,21,10,,,,,,,,,
1,VISIT,137,Random,OnArrival,3,5,2518,Node_47,20,0,8,20,8,,,,,,,,,
1,VISIT,139,Random,OnArrival,3,5,2518,Node_48,21,0,9,21,9,,,,,,,,,
1,VISIT,137,Random,OnArrival,3,6,2540,Node_51,21,0,8,21,8,,,,,,,,,
1,VISIT,138,Random,OnArrival,3,5,2540,Node_86,23,0,10,23,10,,,,,,,,,
1,VISIT,139,Random,OnArrival,3,6,2540,Node_69,22,0,9,22,9,,,,,,,,,
1,VISIT,137,Random,OnArrival,3,7,2564,Node_71,22,0,8,22,8,,,,,,,,,
1,VISIT,138,Random,OnArrival,3,6,2564,Node_87,23,0,11,23,11,,,,,,,,,
1,VISIT,139,Random,OnArrival,3,7,2564,Node_71,22,0,8,22,8,,,,,,,,,
1,VISIT,137,Random,OnArrival,3,8,2588,Node_51,21,0,8,21,8,,,,,,,,,
1,VISIT,138,Random,OnArrival,3,7,2588,Node_65,22,0,11,22,11,,,,,,,,,
1,VISIT,139,Random,OnArrival,3,8,2588,Node_73,22,0,7,22,7,,,,,,,,,
1,VISIT,137,Random,OnArrival,3,9,2610,Node_53,21,0,7,21,7,,,,,,,,,
1,VISIT,138,Random,OnArrival,3,8,2610,Node_67,22,0,10,22,10,,,,,,,,,
1,VISIT,139,Random,OnArrival,3,9,2610,Node_53,21,0,7,21,7,,,,,,,,,
1,VISIT,137,Random,OnArrival,3,10,2633,Node_73,22,0,7,22,7,,,,,,,,,
1,VISIT,138,Random,OnArrival,3,9,2633,Node_69,22,0,9,22,9,,,,,,,,,
1,VISIT,139,Random,OnArrival,3,10,2633,Node_56,21,0,6,21,6,,,,,,,,,
1,VISIT,137,Random,OnArrival,3,11,2656,Node_53,21,0,7,21,7,,,,,,,,,
1,VISIT,138,Random,OnArrival,3,10,2656,Node_71,22,0,8,22,8,,,,,,,,,
1,VISIT,137,Random,OnArrival,3,12,2679,Node_56,21,0,6,21,6,,,,,,,,,
1,VISIT,138,Random,OnArrival,3,11,2679,Node_73,22,0,7,22,7,,,,,,,,,
1,VISIT,139,Random,OnArrival,3,11,2679,Node_64,20,0,5,20,5,,,,,,,,,
1,VISIT,137,Random,OnArrival,3,13,2702,Node_75,22,0,6,22,6,,,,,,,,,
1,VISIT,138,Random,OnArrival,3,12,2702,Node_53,21,0,7,21,7,,,,,,,,,
1,VISIT,137,Random,OnArrival,3,14,2725,Node_56,21,0,6,21,6,,,,,,,,,
1,VISIT,138,Random,OnArrival,3,13,2725,Node_56,21,0,6,21,6,,,,,,,,,
1,VISIT,137,Random,OnArrival,3,15,2748,Node_96,20,0,6,20,6,,,,,,,,,
1,VISIT,138,Random,OnArrival,3,14,2748,Node_75,22,0,6,22,6,,,,,,,,,
1,VISIT,139,Random,OnArrival,3,12,2748,Node_96,20,0,6,20,6,,,,,,,,,
1,VISIT,137,Random,OnArrival,3,16,2772,Node_99,19,0,6,19,6,,,,,,,,,
1,VISIT,138,Random,OnArrival,3,15,2772,Node_77,22,0,5,22,5,,,,,,,,,
1,VISIT,139,Random,OnArrival,3,13,2772,Node_64,20,0,5,20,5,,,,,,,,,
1,VISIT,137,Random,OnArrival,3,17,2796,Node_96,20,0,6,20,6,,,,,,,,,
1,VISIT,138,Random,OnArrival,3,16,2796,Node_57,21,0,5,21,5,,,,,,,,,
1,VISIT,139,Random,OnArrival,3,14,2796,Node_57,21,0,5,21,5,,,,,,,,,
1,VISIT,137,Random,OnArrival,3,18,2819,Node_56,21,0,6,21,6,,,,,,,,,
1,VISIT,138,Random,OnArrival,3,17,2819,Node_64,20,0,5,20,5,,,,,,,,,
1,VISIT,139,Random,OnArrival,3,15,2819,Node_64,20,0,5,20,5,,,,,,,,,
1,VISIT,137,Random,OnArrival,3,19,2843,Node_57,21,0,5,21,5,,,,,,,,,
1,VISIT,138,Random,OnArrival,3,18,2843,Node_57,21,0,5,21,5,,,,,,,,,
1,VISIT,139,Random,OnArrival,3,16,2843,Node_98,19,0,5,19,5,,,,,,,,,
1,VISIT,137,Random,OnArrival,3,20,2866,Node_59,21,0,4,21,4,,,,,,,,,
1,VISIT,138,Random,OnArrival,3,19,2866,Node_77,22,0,5,22,5,,,,,,,,,
1,VISIT,137,Random,OnArrival,3,21,2888,Node_63,20,0,4,20,4,,,,,,,,,
1,VISIT,137,Random,OnArrival,3,22,2911,Node_100,19,0,4,19,4,,,,,,,,,
1,VISIT,141,Random,OnArrival,3,0,3415,Node_6,19,0,12,19,12,,,,,,,,,
1,VISIT,142,Random,OnArrival,3,0,3415,Node_7,19,0,8,19,8,,,,,,,,,
1,VISIT,143,Random,OnArrival,3,0,3415,Node_8,17,0,10,17,10,,,,,,,,,
1,VISIT,144,Random,OnArrival,3,0,3415,Node_9,21,0,10,21,10,,,,,,,,,
1,VISIT,141,Random,OnArrival,3,1,3438,Node_46,20,0,12,20,12,,,,,,,,,
1,VISIT,142,Random,OnArrival,3,1,3438,Node_3,19,0,9,19,9,,,,,,,,,
1,VISIT,143,Random,OnArrival,3,1,3438,Node_12,17,0,11,17,11,,,,,,,,,
1,VISIT,144,Random,OnArrival,3,1,3438,Node_13,21,0,11,21,11,,,,,,,,,
1,VISIT,141,Random,OnArrival,3,2,3461,Node_49,20,0,13,20,13,,,,,,,,,
1,VISIT,142,Random,OnArrival,3,2,3461,Node_15,18,0,9,18,9,,,,,,,,,
1,VISIT,143,Random,OnArrival,3,2,3461,Node_21,16,0,11,16,11,,,,,,,,,
1,VISIT,144,Random,OnArrival,3,2,3461,Node_65,22,0,11,22,11,,,,,,,,,
1,VISIT,141,Random,OnArrival,3,3,3483,Node_52,20,0,14,20,14,,,,,,,,,
1,VISIT,142,Random,OnArrival,3,3,3483,Node_23,17,0,9,17,9,,,,,,,,,
1,VISIT,143,Random,OnArrival,3,3,3483,Node_28,15,0,11,15,11,,,,,,,,,
1,VISIT,144,Random,OnArrival,3,3,3483,Node_87,23,0,11,23,11,,,,,,,,,
1,VISIT,143,Random,OnArrival,3,4,3506,Node_33,14,0,11,14,11,,,,,,,,,
1,VISIT,141,Random,OnArrival,3,4,3527,Node_66,18,0,14,18,14,,,,,,,,,
1,VISIT,144,Random,OnArrival,3,4,3527,Node_90,24,0,12,24,12,,,,,,,,,
1,VISIT,142,Random,OnArrival,3,4,3548,Node_123,16,0,7,16,7,,,,,,,,,
1,VISIT,142,Random,OnArrival,3,5,3592,Node_125,15,0,8,15,8,,,,,,,,,
1,VISIT,143,Random,OnArrival,3,5,3592,Node_74,13,0,12,13,12,,,,,,,,,
1,VISIT,142,Random,OnArrival,3,6,3613,Node_124,16,0,8,16,8,,,,,,,,,
1,VISIT,143,Random,OnArrival,3,6,3613,Node_35,14,0,12,14,12,,,,,,,,,
1,VISIT,142,Random,OnArrival,3,7,3634,Node_126,17,0,8,17,8,,,,,,,,,
1,VISIT,143,Random,OnArrival,3,7,3634,Node_29,15,0,12,15,12,,,,,,,,,
1,VISIT,142,Random,OnArrival,3,8,3656,Node_11,18,0,8,18,8,,,,,,,,,
1,VISIT,143,Random,OnArrival,3,8,3656,Node_18,16,0,12,16,12,,,,,,,,,
1,VISIT,142,Random,OnArrival,3,9,3678,Node_126,17,0,8,17,8,,,,,,,,,
1,VISIT,143,Random,OnArrival,3,9,3678,Node_29,15,0,12,15,12,,,,,,,,,
1,VISIT,142,Random,OnArrival,3,10,3698,Node_128,17,0,7,17,7,,,,,,,,,
1,VISIT,143,Random,OnArrival,3,10,3698,Node_31,15,0,13,15,13,,,,,,,,,
1,VISIT,142,Random,OnArrival,3,11,3718,Node_123,16,0,7,16,7,,,,,,,,,
1,VISIT,142,Random,OnArrival,3,12,3738,Node_121,16,0,6,16,6,,,,,,,,,
1,VISIT,142,Random,OnArrival,3,13,3778,Node_134,15,0,7,15,7,,,,,,,,,
1,VISIT,143,Random,OnArrival,3,11,3840,Node_150,15,0,14,15,14,,,,,,,,,
1,VISIT,143,Random,OnArrival,3,12,3860,Node_37,14,0,14,14,14,,,,,,,,,
1,VISIT,143,Random,OnArrival,3,13,3880,Node_150,15,0,14,15,14,,,,,,,,,
1,VISIT,143,Random,OnArrival,3,14,3901,Node_160,16,0,14,16,14,,,,,,,,,
1,VISIT,143,Random,OnArrival,3,15,3921,Node_130,17,0,14,17,14,,,,,,,,,
1,VISIT,143,Random,OnArrival,3,16,3941,Node_133,17,0,15,17,15,,,,,,,,,
1,VISIT,143,Random,OnArrival,3,17,3962,Node_158,16,0,15,16,15,,,,,,,,,
1,VISIT,143,Random,OnArrival,3,18,3983,Node_153,15,0,15,15,15,,,,,,,,,
1,VISIT,143,Random,OnArrival,3,19,4004,Node_158,16,0,15,16,15,,,,,,,,,
1,VISIT,143,Random,OnArrival,3,20,4025,Node_133,17,0,15,17,15,,,,,,,,,
1,VISIT,143,Random,OnArrival,3,21,4046,Node_68,18,0,15,18,15,,,,,,,,,
1,VISIT,143,Random,OnArrival,3,22,4065,Node_133,17,0,15,17,15,,,,,,,,,
1,VISIT,143,Random,OnArrival,3,23,4085,Node_158,16,0,15,16,15,,,,,,,,,
1,VISIT,143,Random,OnArrival,3,24,4106,Node_156,16,0,16,16,16,,,,,,,,,
1,VISIT,143,Random,OnArrival,3,25,4127,Node_137,17,0,16,17,16,,,,,,,,,
1,VISIT,143,Random,OnArrival,3,26,4148,Node_70,18,0,16,18,16,,,,,,,,,
1,VISIT,143,Random,OnArrival,3,27,4169,Node_137,17,0,16,17,16,,,,,,,,,
1,VISIT,143,Random,OnArrival,3,28,4190,Node_139,17,0,17,17,17,,,,,,,,,
1,VISIT,143,Random,OnArrival,3,29,4211,Node_72,18,0,17,18,17,,,,,,,,,
1,VISIT,145,Random,OnArrival,3,0,4323,Node_6,19,0,12,19,12,,,,,,,,,
1,VISIT,146,Random,OnArrival,3,0,4323,Node_7,19,0,8,19,8,,,,,,,,,
1,VISIT,147,Random,OnArrival,3,0,4323,Node_8,17,0,10,17,10,,,,,,,,,
1,VISIT,148,Random,OnArrival,3,0,4323,Node_9,21,0,10,21,10,,,,,,,,,
1,VISIT,145,Random,OnArrival,3,1,4343,Node_46,20,0,12,20,12,,,,,,,,,
1,VISIT,146,Random,OnArrival,3,1,4343,Node_3,19,0,9,19,9,,,,,,,,,
1,VISIT,147,Random,OnArrival,3,1,4343,Node_24,16,0,10,16,10,,,,,,,,,
1,VISIT,148,Random,OnArrival,3,1,4343,Node_13,21,0,11,21,11,,,,,,,,,
1,VISIT,145,Random,OnArrival,3,2,4364,Node_49,20,0,13,20,13,,,,,,,,,
1,VISIT,146,Random,OnArrival,3,2,4364,Node_50,20,0,9,20,9,,,,,,,,,
1,VISIT,147,Random,OnArrival,3,2,4364,Node_26,15,0,10,15,10,,,,,,,,,
1,VISIT,148,Random,OnArrival,3,2,4364,Node_65,22,0,11,22,11,,,,,,,,,
1,VISIT,145,Random,OnArrival,3,3,4384,Node_52,20,0,14,20,14,,,,,,,,,
1,VISIT,146,Random,OnArrival,3,3,4384,Node_48,21,0,9,21,9,,,,,,,,,
1,VISIT,147,Random,OnArrival,3,3,4384,Node_129,14,0,10,14,10,,,,,,,,,
1,VISIT,148,Random,OnArrival,3,3,4384,Node_87,23,0,11,23,11,,,,,,,,,
1,VISIT,145,Random,OnArrival,3,4,4405,Node_54,20,0,15,20,15,,,,,,,,,
1,VISIT,146,Random,OnArrival,3,4,4405,Node_69,22,0,9,22,9,,,,,,,,,
1,VISIT,147,Random,OnArrival,3,4,4405,Node_131,13,0,10,13,10,,,,,,,,,
1,VISIT,148,Random,OnArrival,3,4,4405,Node_127,24,0,11,24,11,,,,,,,,,
1,VISIT,145,Random,OnArrival,3,5,4426,Node_25,21,0,15,21,15,,,,,,,,,
1,VISIT,146,Random,OnArrival,3,5,4426,Node_89,23,0,9,23,9,,,,,,,,,
1,VISIT,147,Random,OnArrival,3,5,4426,Node_164,13,0,9,13,9,,,,,,,,,
1,VISIT,145,Random,OnArrival,3,6,4447,Node_58,22,0,15,22,15,,,,,,,,,
1,VISIT,148,Random,OnArrival,3,5,4447,Node_132,25,0,12,25,12,,,,,,,,,
1,VISIT,147,Random,OnArrival,3,6,4487,Node_131,13,0,10,13,10,,,,,,,,,
1,VISIT,147,Random,OnArrival,3,7,4506,Node_129,14,0,10,14,10,,,,,,,,,
1,VISIT,148,Random,OnArrival,3,6,4506,Node_136,25,0,13,25,13,,,,,,,,,
1,VISIT,145,Random,OnArrival,3,7,4525,Node_95,24,0,17,24,17,,,,,,,,,
1,VISIT,147,Random,OnArrival,3,8,4525,Node_33,14,0,11,14,11,,,,,,,,,
1,VISIT,148,Random,OnArrival,3,7,4525,Node_91,24,0,13,24,13,,,,,,,,,
1,VISIT,145,Random,OnArrival,3,8,4545,Node_144,25,0,17,25,17,,,,,,,,,
1,VISIT,147,Random,OnArrival,3,9,4545,Node_135,13,0,11,13,11,,,,,,,,,
1,VISIT,148,Random,OnArrival,3,8,4545,Node_90,24,0,12,24,12,,,,,,,,,
1,VISIT,147,Random,OnArrival,3,10,4564,Node_74,13,0,12,13,12,,,,,,,,,
1,VISIT,148,Random,OnArrival,3,9,4564,Node_132,25,0,12,25,12,,,,,,,,,
1,VISIT,147,Random,OnArrival,3,11,4582,Node_35,14,0,12,14,12,,,,,,,,,
1,VISIT,148,Random,OnArrival,3,10,4582,Node_171,26,0,12,26,12,,,,,,,,,
1,VISIT,145,Random,OnArrival,3,9,4601,Node_146,25,0,18,25,18,,,,,,,,,
1,VISIT,147,Random,OnArrival,3,12,4601,Node_29,15,0,12,15,12,,,,,,,,,
1,VISIT,145,Random,OnArrival,3,10,4621,Node_97,24,0,18,24,18,,,,,,,,,
1,VISIT,146,Random,OnArrival,3,6,4621,Node_176,25,0,7,25,7,,,,,,,,,
1,VISIT,147,Random,OnArrival,3,13,4621,Node_31,15,0,13,15,13,,,,,,,,,
1,VISIT,147,Random,OnArrival,3,14,4640,Node_36,14,0,13,14,13,,,,,,,,,
1,VISIT,147,Random,OnArrival,3,15,4659,Node_76,13,0,13,13,13,,,,,,,,,
1,VISIT,147,Random,OnArrival,3,16,4677,Node_38,13,0,14,13,14,,,,,,,,,
1,VISIT,147,Random,OnArrival,3,17,4696,Node_78,12,0,14,12,14,,,,,,,,,
1,VISIT,149,Random,OnArrival,3,0,5157,Node_6,19,0,12,19,12,,,,,,,,,
1,VISIT,150,Random,OnArrival,3,0,5157,Node_7,19,0,8,19,8,,,,,,,,,
1,VISIT,151,Random,OnArrival,3,0,5157,Node_8,17,0,10,17,10,,,,,,,,,
1,VISIT,152,Random,OnArrival,3,0,5157,Node_9,21,0,10,21,10,,,,,,,,,
1,VISIT,149,Random,OnArrival,3,1,5174,Node_10,18,0,12,18,12,,,,,,,,,
1,VISIT,150,Random,OnArrival,3,1,5174,Node_3,19,0,9,19,9,,,,,,,,,
1,VISIT,151,Random,OnArrival,3,1,5174,Node_12,17,0,11,17,11,,,,,,,,,
1,VISIT,152,Random,OnArrival,3,1,5174,Node_48,21,0,9,21,9,,,,,,,,,
1,VISIT,149,Random,OnArrival,3,2,5191,Node_16,17,0,12,17,12,,,,,,,,,
1,VISIT,150,Random,OnArrival,3,2,5191,Node_15,18,0,9,18,9,,,,,,,,,
1,VISIT,151,Random,OnArrival,3,2,5191,Node_16,17,0,12,17,12,,,,,,,,,
1,VISIT,152,Random,OnArrival,3,2,5191,Node_69,22,0,9,22,9,,,,,,,,,
1,VISIT,149,Random,OnArrival,3,3,5209,Node_18,16,0,12,16,12,,,,,,,,,
1,VISIT,150,Random,OnArrival,3,3,5209,Node_4,18,0,10,18,10,,,,,,,,,
1,VISIT,151,Random,OnArrival,3,3,5209,Node_18,16,0,12,16,12,,,,,,,,,
1,VISIT,152,Random,OnArrival,3,3,5209,Node_89,23,0,9,23,9,,,,,,,,,
1,VISIT,149,Random,OnArrival,3,4,5227,Node_29,15,0,12,15,12,,,,,,,,,
1,VISIT,150,Random,OnArrival,3,4,5227,Node_8,17,0,10,17,10,,,,,,,,,
1,VISIT,151,Random,OnArrival,3,4,5227,Node_29,15,0,12,15,12,,,,,,,,,
1,VISIT,149,Random,OnArrival,3,5,5245,Node_31,15,0,13,15,13,,,,,,,,,
1,VISIT,150,Random,OnArrival,3,5,5245,Node_12,17,0,11,17,11,,,,,,,,,
1,VISIT,151,Random,OnArrival,3,5,5245,Node_31,15,0,13,15,13,,,,,,,,,
1,VISIT,152,Random,OnArrival,3,4,5245,Node_169,25,0,9,25,9,,,,,,,,,
1,VISIT,149,Random,OnArrival,3,6,5263,Node_150,15,0,14,15,14,,,,,,,,,
1,VISIT,150,Random,OnArrival,3,6,5263,Node_16,17,0,12,17,12,,,,,,,,,
1,VISIT,151,Random,OnArrival,3,6,5263,Node_150,15,0,14,15,14,,,,,,,,,
1,VISIT,149,Random,OnArrival,3,7,5281,Node_37,14,0,14,14,14,,,,,,,,,
1,VISIT,150,Random,OnArrival,3,7,5281,Node_18,16,0,12,16,12,,,,,,,,,
1,VISIT,151,Random,OnArrival,3,7,5281,Node_37,14,0,14,14,14,,,,,,,,,
1,VISIT,152,Random,OnArrival,3,5,5281,Node_189,26,0,8,26,8,,,,,,,,,
1,VISIT,149,Random,OnArrival,3,8,5299,Node_38,13,0,14,13,14,,,,,,,,,
1,VISIT,150,Random,OnArrival,3,8,5299,Node_29,15,0,12,15,12,,,,,,,,,
1,VISIT,151,Random,OnArrival,3,8,5299,Node_38,13,0,14,13,14,,,,,,,,,
1,VISIT,152,Random,OnArrival,3,6,5299,Node_173,25,0,8,25,8,,,,,,,,,
1,VISIT,149,Random,OnArrival,3,9,5317,Node_39,13,0,15,13,15,,,,,,,,,
1,VISIT,150,Random,OnArrival,3,9,5317,Node_31,15,0,13,15,13,,,,,,,,,
1,VISIT,151,Random,OnArrival,3,9,5317,Node_39,13,0,15,13,15,,,,,,,,,
1,VISIT,152,Random,OnArrival,3,7,5317,Node_176,25,0,7,25,7,,,,,,,,,
1,VISIT,149,Random,OnArrival,3,10,5336,Node_79,12,0,15,12,15,,,,,,,,,
1,VISIT,150,Random,OnArrival,3,10,5336,Node_150,15,0,14,15,14,,,,,,,,,
1,VISIT,151,Random,OnArrival,3,10,5336,Node_79,12,0,15,12,15,,,,,,,,,
1,VISIT,152,Random,OnArrival,3,8,5336,Node_177,25,0,6,25,6,,,,,,,,,
1,VISIT,149,Random,OnArrival,3,11,5355,Node_78,12,0,14,12,14,,,,,,,,,
1,VISIT,150,Random,OnArrival,3,11,5355,Node_37,14,0,14,14,14,,,,,,,,,
1,VISIT,151,Random,OnArrival,3,11,5355,Node_45,12,0,16,12,16,,,,,,,,,
1,VISIT,152,Random,OnArrival,3,9,5355,Node_182,24,0,6,24,6,,,,,,,,,
1,VISIT,150,Random,OnArrival,3,12,5374,Node_38,13,0,14,13,14,,,,,,,,,
1,VISIT,151,Random,OnArrival,3,12,5374,Node_44,12,0,17,12,17,,,,,,,,,
1,VISIT,152,Random,OnArrival,3,10,5374,Node_183,24,0,7,24,7,,,,,,,,,
1,VISIT,149,Random,OnArrival,3,12,5393,Node_197,10,0,14,10,14,,,,,,,,,
1,VISIT,150,Random,OnArrival,3,13,5393,Node_39,13,0,15,13,15,,,,,,,,,
1,VISIT,151,Random,OnArrival,3,13,5393,Node_43,12,0,18,12,18,,,,,,,,,
1,VISIT,152,Random,OnArrival,3,11,5393,Node_176,25,0,7,25,7,,,,,,,,,
1,VISIT,150,Random,OnArrival,3,14,5413,Node_38,13,0,14,13,14,,,,,,,,,
1,VISIT,151,Random,OnArrival,3,14,5413,Node_81,11,0,18,11,18,,,,,,,,,
1,VISIT,152,Random,OnArrival,3,12,5413,Node_187,26,0,7,26,7,,,,,,,,,
1,VISIT,150,Random,OnArrival,3,15,5432,Node_78,12,0,14,12,14,,,,,,,,,
1,VISIT,151,Random,OnArrival,3,15,5450,Node_203,9,0,18,9,18,,,,,,,,,
1,VISIT,150,Random,OnArrival,3,16,5468,Node_197,10,0,14,10,14,,,,,,,,,
1,VISIT,151,Random,OnArrival,3,16,5468,Node_204,8,0,18,8,18,,,,,,,,,
1,VISIT,152,Random,OnArrival,3,13,5468,Node_178,25,0,5,25,5,,,,,,,,,
1,VISIT,152,Random,OnArrival,3,14,5487,Node_211,26,0,5,26,5,,,,,,,,,
1,VISIT,150,Random,OnArrival,3,17,5506,Node_200,9,0,15,9,15,,,,,,,,,
1,VISIT,152,Random,OnArrival,3,15,5542,Node_209,26,0,6,26,6,,,,,,,,,
1,VISIT,149,Random,OnArrival,3,13,5560,Node_213,10,0,9,10,9,,,,,,,,,
1,VISIT,150,Random,OnArrival,3,18,5560,Node_205,8,0,17,8,17,,,,,,,,,
1,VISIT,152,Random,OnArrival,3,16,5560,Node_177,25,0,6,25,6,,,,,,,,,
1,VISIT,149,Random,OnArrival,3,14,5579,Node_212,10,0,10,10,10,,,,,,,,,
1,VISIT,150,Random,OnArrival,3,19,5579,Node_202,9,0,17,9,17,,,,,,,,,
1,VISIT,152,Random,OnArrival,3,17,5579,Node_178,25,0,5,25,5,,,,,,,,,
1,VISIT,150,Random,OnArrival,3,20,5597,Node_203,9,0,18,9,18,,,,,,,,,
1,VISIT,152,Random,OnArrival,3,18,5597,Node_180,24,0,5,24,5,,,,,,,,,
1,VISIT,150,Random,OnArrival,3,21,5615,Node_204,8,0,18,8,18,,,,,,,,,
1,VISIT,150,Random,OnArrival,3,22,5632,Node_215,7,0,18,7,18,,,,,,,,,
1,VISIT,150,Random,OnArrival,3,23,5651,Node_227,6,0,18,6,18,,,,,,,,,
1,VISIT,152,Random,OnArrival,3,19,5687,Node_112,23,0,1,23,1,,,,,,,,,
1,VISIT,153,Random,OnArrival,3,0,5931,Node_6,19,0,12,19,12,,,,,,,,,
1,VISIT,154,Random,OnArrival,3,0,5931,Node_7,19,0,8,19,8,,,,,,,,,
1,VISIT,155,Random,OnArrival,3,0,5931,Node_8,17,0,10,17,10,,,,,,,,,
1,VISIT,156,Random,OnArrival,3,0,5931,Node_9,21,0,10,21,10,,,,,,,,,
1,VISIT,153,Random,OnArrival,3,1,5945,Node_10,18,0,12,18,12,,,,,,,,,
1,VISIT,154,Random,OnArrival,3,1,5945,Node_3,19,0,9,19,9,,,,,,,,,
1,VISIT,155,Random,OnArrival,3,1,5945,Node_12,17,0,11,17,11,,,,,,,,,
1,VISIT,156,Random,OnArrival,3,1,5945,Node_5,20,0,10,20,10,,,,,,,,,
1,VISIT,153,Random,OnArrival,3,2,5961,Node_16,17,0,12,17,12,,,,,,,,,
1,VISIT,154,Random,OnArrival,3,2,5961,Node_15,18,0,9,18,9,,,,,,,,,
1,VISIT,155,Random,OnArrival,3,2,5961,Node_16,17,0,12,17,12,,,,,,,,,
1,VISIT,156,Random,OnArrival,3,2,5961,Node_55,20,0,11,20,11,,,,,,,,,
1,VISIT,153,Random,OnArrival,3,3,5977,Node_18,16,0,12,16,12,,,,,,,,,
1,VISIT,154,Random,OnArrival,3,3,5977,Node_4,18,0,10,18,10,,,,,,,,,
1,VISIT,155,Random,OnArrival,3,3,5977,Node_18,16,0,12,16,12,,,,,,,,,
1,VISIT,156,Random,OnArrival,3,3,5977,Node_46,20,0,12,20,12,,,,,,,,,
1,VISIT,153,Random,OnArrival,3,4,5993,Node_29,15,0,12,15,12,,,,,,,,,
1,VISIT,154,Random,OnArrival,3,4,5993,Node_8,17,0,10,17,10,,,,,,,,,
1,VISIT,155,Random,OnArrival,3,4,5993,Node_29,15,0,12,15,12,,,,,,,,,
1,VISIT,156,Random,OnArrival,3,4,5993,Node_49,20,0,13,20,13,,,,,,,,,
1,VISIT,153,Random,OnArrival,3,5,6008,Node_31,15,0,13,15,13,,,,,,,,,
1,VISIT,154,Random,OnArrival,3,5,6008,Node_12,17,0,11,17,11,,,,,,,,,
1,VISIT,155,Random,OnArrival,3,5,6008,Node_31,15,0,13,15,13,,,,,,,,,
1,VISIT,156,Random,OnArrival,3,5,6008,Node_52,20,0,14,20,14,,,,,,,,,
1,VISIT,153,Random,OnArrival,3,6,6025,Node_150,15,0,14,15,14,,,,,,,,,
1,VISIT,154,Random,OnArrival,3,6,6025,Node_16,17,0,12,17,12,,,,,,,,,
1,VISIT,155,Random,OnArrival,3,6,6025,Node_150,15,0,14,15,14,,,,,,,,,
1,VISIT,156,Random,OnArrival,3,6,6025,Node_54,20,0,15,20,15,,,,,,,,,
1,VISIT,153,Random,OnArrival,3,7,6041,Node_37,14,0,14,14,14,,,,,,,,,
1,VISIT,154,Random,OnArrival,3,7,6041,Node_18,16,0,12,16,12,,,,,,,,,
1,VISIT,155,Random,OnArrival,3,7,6041,Node_37,14,0,14,14,14,,,,,,,,,
1,VISIT,156,Random,OnArrival,3,7,6041,Node_25,21,0,15,21,15,,,,,,,,,
1,VISIT,153,Random,OnArrival,3,8,6059,Node_38,13,0,14,13,14,,,,,,,,,
1,VISIT,154,Random,OnArrival,3,8,6059,Node_29,15,0,12,15,12,,,,,,,,,
1,VISIT,155,Random,OnArrival,3,8,6059,Node_38,13,0,14,13,14,,,,,,,,,
1,VISIT,156,Random,OnArrival,3,8,6059,Node_58,22,0,15,22,15,,,,,,,,,
1,VISIT,153,Random,OnArrival,3,9,6077,Node_78,12,0,14,12,14,,,,,,,,,
1,VISIT,154,Random,OnArrival,3,9,6077,Node_31,15,0,13,15,13,,,,,,,,,
1,VISIT,155,Random,OnArrival,3,9,6077,Node_78,12,0,14,12,14,,,,,,,,,
1,VISIT,156,Random,OnArrival,3,9,6077,Node_168,23,0,15,23,15,,,,,,,,,
1,VISIT,154,Random,OnArrival,3,10,6095,Node_150,15,0,14,15,14,,,,,,,,,
1,VISIT,156,Random,OnArrival,3,10,6095,Node_93,24,0,15,24,15,,,,,,,,,
1,VISIT,153,Random,OnArrival,3,10,6113,Node_197,10,0,14,10,14,,,,,,,,,
1,VISIT,154,Random,OnArrival,3,11,6113,Node_37,14,0,14,14,14,,,,,,,,,
1,VISIT,155,Random,OnArrival,3,10,6113,Node_197,10,0,14,10,14,,,,,,,,,
1,VISIT,156,Random,OnArrival,3,11,6113,Node_140,25,0,15,25,15,,,,,,,,,
1,VISIT,153,Random,OnArrival,3,11,6131,Node_207,10,0,13,10,13,,,,,,,,,
1,VISIT,154,Random,OnArrival,3,12,6131,Node_38,13,0,14,13,14,,,,,,,,,
1,VISIT,155,Random,OnArrival,3,11,6131,Node_214,9,0,14,9,14,,,,,,,,,
1,VISIT,156,Random,OnArrival,3,12,6131,Node_138,25,0,14,25,14,,,,,,,,,
1,VISIT,154,Random,OnArrival,3,13,6149,Node_78,12,0,14,12,14,,,,,,,,,
1,VISIT,156,Random,OnArrival,3,13,6149,Node_92,24,0,14,24,14,,,,,,,,,
1,VISIT,153,Random,OnArrival,3,12,6166,Node_214,9,0,14,9,14,,,,,,,,,
1,VISIT,156,Random,OnArrival,3,14,6166,Node_93,24,0,15,24,15,,,,,,,,,
1,VISIT,154,Random,OnArrival,3,14,6183,Node_197,10,0,14,10,14,,,,,,,,,
1,VISIT,155,Random,OnArrival,3,12,6183,Node_230,9,0,11,9,11,,,,,,,,,
1,VISIT,156,Random,OnArrival,3,15,6183,Node_140,25,0,15,25,15,,,,,,,,,
1,VISIT,153,Random,OnArrival,3,13,6201,Node_220,8,0,15,8,15,,,,,,,,,
1,VISIT,154,Random,OnArrival,3,15,6201,Node_207,10,0,13,10,13,,,,,,,,,
1,VISIT,156,Random,OnArrival,3,16,6201,Node_142,25,0,16,25,16,,,,,,,,,
1,VISIT,153,Random,OnArrival,3,14,6218,Node_200,9,0,15,9,15,,,,,,,,,
1,VISIT,154,Random,OnArrival,3,16,6218,Node_197,10,0,14,10,14,,,,,,,,,
1,VISIT,156,Random,OnArrival,3,17,6218,Node_94,24,0,16,24,16,,,,,,,,,
1,VISIT,153,Random,OnArrival,3,15,6236,Node_214,9,0,14,9,14,,,,,,,,,
1,VISIT,154,Random,OnArrival,3,17,6236,Node_199,10,0,15,10,15,,,,,,,,,
1,VISIT,155,Random,OnArrival,3,13,6236,Node_247,9,0,12,9,12,,,,,,,,,
1,VISIT,156,Random,OnArrival,3,18,6236,Node_172,23,0,16,23,16,,,,,,,,,
1,VISIT,153,Random,OnArrival,3,16,6253,Node_246,9,0,13,9,13,,,,,,,,,
1,VISIT,154,Random,OnArrival,3,18,6253,Node_200,9,0,15,9,15,,,,,,,,,
1,VISIT,155,Random,OnArrival,3,14,6253,Node_208,10,0,12,10,12,,,,,,,,,
1,VISIT,156,Random,OnArrival,3,19,6253,Node_60,22,0,16,22,16,,,,,,,,,
1,VISIT,153,Random,OnArrival,3,17,6268,Node_247,9,0,12,9,12,,,,,,,,,
1,VISIT,154,Random,OnArrival,3,19,6268,Node_201,9,0,16,9,16,,,,,,,,,
1,VISIT,156,Random,OnArrival,3,20,6268,Node_27,21,0,16,21,16,,,,,,,,,
1,VISIT,153,Random,OnArrival,3,18,6285,Node_246,9,0,13,9,13,,,,,,,,,
1,VISIT,154,Random,OnArrival,3,20,6285,Node_224,8,0,16,8,16,,,,,,,,,
1,VISIT,155,Random,OnArrival,3,15,6285,Node_208,10,0,12,10,12,,,,,,,,,
1,VISIT,153,Random,OnArrival,3,19,6303,Node_214,9,0,14,9,14,,,,,,,,,
1,VISIT,154,Random,OnArrival,3,21,6303,Node_205,8,0,17,8,17,,,,,,,,,
1,VISIT,155,Random,OnArrival,3,16,6303,Node_247,9,0,12,9,12,,,,,,,,,
1,VISIT,156,Random,OnArrival,3,21,6303,Node_30,21,0,18,21,18,,,,,,,,,
1,VISIT,153,Random,OnArrival,3,20,6321,Node_200,9,0,15,9,15,,,,,,,,,
1,VISIT,154,Random,OnArrival,3,22,6321,Node_204,8,0,18,8,18,,,,,,,,,
1,VISIT,155,Random,OnArrival,3,17,6321,Node_230,9,0,11,9,11,,,,,,,,,
1,VISIT,153,Random,OnArrival,3,21,6337,Node_201,9,0,16,9,16,,,,,,,,,
1,VISIT,154,Random,OnArrival,3,23,6337,Node_215,7,0,18,7,18,,,,,,,,,
1,VISIT,155,Random,OnArrival,3,18,6337,Node_210,10,0,11,10,11,,,,,,,,,
1,VISIT,153,Random,OnArrival,3,22,6352,Node_202,9,0,17,9,17,,,,,,,,,
1,VISIT,154,Random,OnArrival,3,24,6352,Node_217,7,0,19,7,19,,,,,,,,,
1,VISIT,155,Random,OnArrival,3,19,6352,Node_212,10,0,10,10,10,,,,,,,,,
1,VISIT,156,Random,OnArrival,3,22,6352,Node_32,21,0,19,21,19,,,,,,,,,
1,VISIT,153,Random,OnArrival,3,23,6370,Node_203,9,0,18,9,18,,,,,,,,,
1,VISIT,154,Random,OnArrival,3,25,6370,Node_226,6,0,19,6,19,,,,,,,,,
1,VISIT,155,Random,OnArrival,3,20,6370,Node_213,10,0,9,10,9,,,,,,,,,
1,VISIT,154,Random,OnArrival,3,26,6388,Node_239,5,0,19,5,19,,,,,,,,,
1,VISIT,155,Random,OnArrival,3,21,6388,Node_216,10,0,8,10,8,,,,,,,,,
1,VISIT,153,Random,OnArrival,3,24,6404,Node_81,11,0,18,11,18,,,,,,,,,
1,VISIT,154,Random,OnArrival,3,27,6404,Node_240,5,0,20,5,20,,,,,,,,,
1,VISIT,155,Random,OnArrival,3,22,6404,Node_219,11,0,8,11,8,,,,,,,,,
1,VISIT,154,Random,OnArrival,3,28,6421,Node_225,6,0,20,6,20,,,,,,,,,
1,VISIT,153,Random,OnArrival,3,25,6438,Node_82,11,0,20,11,20,,,,,,,,,
1,VISIT,154,Random,OnArrival,3,29,6438,Node_226,6,0,19,6,19,,,,,,,,,
1,VISIT,155,Random,OnArrival,3,23,6438,Node_167,12,0,9,12,9,,,,,,,,,
1,VISIT,154,Random,OnArrival,3,30,6456,Node_227,6,0,18,6,18,,,,,,,,,
1,VISIT,155,Random,OnArrival,3,24,6456,Node_223,11,0,9,11,9,,,,,,,,,
1,VISIT,154,Random,OnArrival,3,31,6473,Node_237,5,0,18,5,18,,,,,,,,,
1,VISIT,155,Random,OnArrival,3,25,6473,Node_219,11,0,8,11,8,,,,,,,,,
1,VISIT,154,Random,OnArrival,3,32,6490,Node_235,5,0,17,5,17,,,,,,,,,
1,VISIT,155,Random,OnArrival,3,26,6490,Node_257,12,0,8,12,8,,,,,,,,,
1,VISIT,157,Random,OnArrival,3,0,6634,Node_6,19,0,12,19,12,,,,,,,,,
1,VISIT,158,Random,OnArrival,3,0,6634,Node_7,19,0,8,19,8,,,,,,,,,
1,VISIT,159,Random,OnArrival,3,0,6634,Node_8,17,0,10,17,10,,,,,,,,,
1,VISIT,160,Random,OnArrival,3,0,6634,Node_9,21,0,10,21,10,,,,,,,,,
1,VISIT,157,Random,OnArrival,3,1,6645,Node_10,18,0,12,18,12,,,,,,,,,
1,VISIT,158,Random,OnArrival,3,1,6645,Node_3,19,0,9,19,9,,,,,,,,,
1,VISIT,159,Random,OnArrival,3,1,6645,Node_12,17,0,11,17,11,,,,,,,,,
1,VISIT,160,Random,OnArrival,3,1,6645,Node_5,20,0,10,20,10,,,,,,,,,
1,VISIT,157,Random,OnArrival,3,2,6658,Node_16,17,0,12,17,12,,,,,,,,,
1,VISIT,158,Random,OnArrival,3,2,6658,Node_15,18,0,9,18,9,,,,,,,,,
1,VISIT,159,Random,OnArrival,3,2,6658,Node_16,17,0,12,17,12,,,,,,,,,
1,VISIT,160,Random,OnArrival,3,2,6658,Node_55,20,0,11,20,11,,,,,,,,,
1,VISIT,157,Random,OnArrival,3,3,6672,Node_18,16,0,12,16,12,,,,,,,,,
1,VISIT,158,Random,OnArrival,3,3,6672,Node_4,18,0,10,18,10,,,,,,,,,
1,VISIT,159,Random,OnArrival,3,3,6672,Node_18,16,0,12,16,12,,,,,,,,,
1,VISIT,160,Random,OnArrival,3,3,6672,Node_46,20,0,12,20,12,,,,,,,,,
1,VISIT,157,Random,OnArrival,3,4,6686,Node_29,15,0,12,15,12,,,,,,,,,
1,VISIT,158,Random,OnArrival,3,4,6686,Node_8,17,0,10,17,10,,,,,,,,,
1,VISIT,159,Random,OnArrival,3,4,6686,Node_29,15,0,12,15,12,,,,,,,,,
1,VISIT,160,Random,OnArrival,3,4,6686,Node_49,20,0,13,20,13,,,,,,,,,
1,VISIT,157,Random,OnArrival,3,5,6699,Node_31,15,0,13,15,13,,,,,,,,,
1,VISIT,158,Random,OnArrival,3,5,6699,Node_12,17,0,11,17,11,,,,,,,,,
1,VISIT,159,Random,OnArrival,3,5,6699,Node_31,15,0,13,15,13,,,,,,,,,
1,VISIT,160,Random,OnArrival,3,5,6699,Node_52,20,0,14,20,14,,,,,,,,,
1,VISIT,157,Random,OnArrival,3,6,6713,Node_150,15,0,14,15,14,,,,,,,,,
1,VISIT,158,Random,OnArrival,3,6,6713,Node_16,17,0,12,17,12,,,,,,,,,
1,VISIT,159,Random,OnArrival,3,6,6713,Node_150,15,0,14,15,14,,,,,,,,,
1,VISIT,157,Random,OnArrival,3,7,6728,Node_37,14,0,14,14,14,,,,,,,,,
1,VISIT,158,Random,OnArrival,3,7,6728,Node_18,16,0,12,16,12,,,,,,,,,
1,VISIT,159,Random,OnArrival,3,7,6728,Node_37,14,0,14,14,14,,,,,,,,,
1,VISIT,160,Random,OnArrival,3,6,6728,Node_66,18,0,14,18,14,,,,,,,,,
1,VISIT,157,Random,OnArrival,3,8,6743,Node_38,13,0,14,13,14,,,,,,,,,
1,VISIT,158,Random,OnArrival,3,8,6743,Node_29,15,0,12,15,12,,,,,,,,,
1,VISIT,159,Random,OnArrival,3,8,6743,Node_38,13,0,14,13,14,,,,,,,,,
1,VISIT,160,Random,OnArrival,3,7,6743,Node_68,18,0,15,18,15,,,,,,,,,
1,VISIT,157,Random,OnArrival,3,9,6760,Node_39,13,0,15,13,15,,,,,,,,,
1,VISIT,158,Random,OnArrival,3,9,6760,Node_31,15,0,13,15,13,,,,,,,,,
1,VISIT,159,Random,OnArrival,3,9,6760,Node_39,13,0,15,13,15,,,,,,,,,
1,VISIT,160,Random,OnArrival,3,8,6760,Node_70,18,0,16,18,16,,,,,,,,,
1,VISIT,157,Random,OnArrival,3,10,6777,Node_40,13,0,16,13,16,,,,,,,,,
1,VISIT,158,Random,OnArrival,3,10,6777,Node_150,15,0,14,15,14,,,,,,,,,
1,VISIT,159,Random,OnArrival,3,10,6777,Node_40,13,0,16,13,16,,,,,,,,,
1,VISIT,160,Random,OnArrival,3,9,6777,Node_72,18,0,17,18,17,,,,,,,,,
1,VISIT,157,Random,OnArrival,3,11,6793,Node_41,13,0,17,13,17,,,,,,,,,
1,VISIT,158,Random,OnArrival,3,11,6793,Node_37,14,0,14,14,14,,,,,,,,,
1,VISIT,159,Random,OnArrival,3,11,6793,Node_41,13,0,17,13,17,,,,,,,,,
1,VISIT,160,Random,OnArrival,3,10,6793,Node_165,18,0,18,18,18,,,,,,,,,
1,VISIT,157,Random,OnArrival,3,12,6809,Node_42,13,0,18,13,18,,,,,,,,,
1,VISIT,158,Random,OnArrival,3,12,6809,Node_38,13,0,14,13,14,,,,,,,,,
1,VISIT,159,Random,OnArrival,3,12,6809,Node_42,13,0,18,13,18,,,,,,,,,
1,VISIT,158,Random,OnArrival,3,13,6826,Node_39,13,0,15,13,15,,,,,,,,,
1,VISIT,158,Random,OnArrival,3,14,6842,Node_40,13,0,16,13,16,,,,,,,,,
1,VISIT,158,Random,OnArrival,3,15,6858,Node_41,13,0,17,13,17,,,,,,,,,
1,VISIT,158,Random,OnArrival,3,16,6875,Node_42,13,0,18,13,18,,,,,,,,,
1,VISIT,158,Random,OnArrival,3,17,6892,Node_287,14,0,18,14,18,,,,,,,,,
1,VISIT,158,Random,OnArrival,3,18,7003,Node_306,15,0,24,15,24,,,,,,,,,
1,VISIT,159,Random,OnArrival,3,13,7003,Node_297,14,0,23,14,23,,,,,,,,,
1,VISIT,160,Random,OnArrival,3,11,7003,Node_297,14,0,23,14,23,,,,,,,,,
1,VISIT,158,Random,OnArrival,3,19,7019,Node_300,14,0,24,14,24,,,,,,,,,
1,VISIT,158,Random,OnArrival,3,20,7033,Node_302,14,0,25,14,25,,,,,,,,,
1,VISIT,158,Random,OnArrival,3,21,7048,Node_304,15,0,25,15,25,,,,,,,,,
1,VISIT,159,Random,OnArrival,3,14,7048,Node_264,12,0,22,12,22,,,,,,,,,
1,VISIT,160,Random,OnArrival,3,12,7048,Node_264,12,0,22,12,22,,,,,,,,,
1,VISIT,159,Random,OnArrival,3,15,7063,Node_84,11,0,22,11,22,,,,,,,,,
1,VISIT,160,Random,OnArrival,3,13,7063,Node_84,11,0,22,11,22,,,,,,,,,
1,VISIT,159,Random,OnArrival,3,16,7079,Node_85,11,0,23,11,23,,,,,,,,,
1,VISIT,160,Random,OnArrival,3,14,7079,Node_83,11,0,21,11,21,,,,,,,,,
1,VISIT,158,Random,OnArrival,3,22,7095,Node_299,18,0,25,18,25,,,,,,,,,
1,VISIT,159,Random,OnArrival,3,17,7095,Node_278,11,0,24,11,24,,,,,,,,,
1,VISIT,159,Random,OnArrival,3,18,7169,Node_312,10,0,24,10,24,,,,,,,,,
1,VISIT,159,Random,OnArrival,3,19,7184,Node_278,11,0,24,11,24,,,,,,,,,
1,VISIT,159,Random,OnArrival,3,20,7200,Node_269,12,0,24,12,24,,,,,,,,,
1,VISIT,159,Random,OnArrival,3,21,7216,Node_266,12,0,23,12,23,,,,,,,,,
1,VISIT,159,Random,OnArrival,3,22,7229,Node_85,11,0,23,11,23,,,,,,,,,
1,VISIT,159,Random,OnArrival,3,23,7242,Node_84,11,0,22,11,22,,,,,,,,,
1,VISIT,161,Random,OnArrival,3,0,7246,Node_6,19,0,12,19,12,,,,,,,,,
1,VISIT,162,Random,OnArrival,3,0,7246,Node_7,19,0,8,19,8,,,,,,,,,
1,VISIT,163,Random,OnArrival,3,0,7246,Node_8,17,0,10,17,10,,,,,,,,,
1,VISIT,164,Random,OnArrival,3,0,7246,Node_9,21,0,10,21,10,,,,,,,,,
1,VISIT,159,Random,OnArrival,3,24,7251,Node_83,11,0,21,11,21,,,,,,,,,
1,VISIT,161,Random,OnArrival,3,1,7255,Node_46,20,0,12,20,12,,,,,,,,,
1,VISIT,162,Random,OnArrival,3,1,7255,Node_3,19,0,9,19,9,,,,,,,,,
1,VISIT,163,Random,OnArrival,3,1,7255,Node_4,18,0,10,18,10,,,,,,,,,
1,VISIT,164,Random,OnArrival,3,1,7255,Node_5,20,0,10,20,10,,,,,,,,,
1,VISIT,159,Random,OnArrival,3,25,7261,Node_262,12,0,21,12,21,,,,,,,,,
1,VISIT,161,Random,OnArrival,3,2,7265,Node_49,20,0,13,20,13,,,,,,,,,
1,VISIT,162,Random,OnArrival,3,2,7265,Node_20,19,0,10,19,10,,,,,,,,,
1,VISIT,163,Random,OnArrival,3,2,7265,Node_14,18,0,11,18,11,,,,,,,,,
1,VISIT,164,Random,OnArrival,3,2,7265,Node_55,20,0,11,20,11,,,,,,,,,
1,VISIT,159,Random,OnArrival,3,26,7271,Node_264,12,0,22,12,22,,,,,,,,,
1,VISIT,161,Random,OnArrival,3,3,7275,Node_52,20,0,14,20,14,,,,,,,,,
1,VISIT,162,Random,OnArrival,3,3,7275,Node_2,19,0,11,19,11,,,,,,,,,
1,VISIT,163,Random,OnArrival,3,3,7275,Node_10,18,0,12,18,12,,,,,,,,,
1,VISIT,164,Random,OnArrival,3,3,7275,Node_46,20,0,12,20,12,,,,,,,,,
1,VISIT,159,Random,OnArrival,3,27,7281,Node_266,12,0,23,12,23,,,,,,,,,
1,VISIT,162,Random,OnArrival,3,4,7285,Node_6,19,0,12,19,12,,,,,,,,,
1,VISIT,163,Random,OnArrival,3,4,7285,Node_6,19,0,12,19,12,,,,,,,,,
1,VISIT,164,Random,OnArrival,3,4,7285,Node_49,20,0,13,20,13,,,,,,,,,
1,VISIT,159,Random,OnArrival,3,28,7291,Node_309,13,0,23,13,23,,,,,,,,,
1,VISIT,161,Random,OnArrival,3,4,7294,Node_66,18,0,14,18,14,,,,,,,,,
1,VISIT,162,Random,OnArrival,3,5,7294,Node_46,20,0,12,20,12,,,,,,,,,
1,VISIT,163,Random,OnArrival,3,5,7294,Node_46,20,0,12,20,12,,,,,,,,,
1,VISIT,164,Random,OnArrival,3,5,7294,Node_52,20,0,14,20,14,,,,,,,,,
1,VISIT,159,Random,OnArrival,3,29,7304,Node_297,14,0,23,14,23,,,,,,,,,
1,VISIT,161,Random,OnArrival,3,5,7307,Node_68,18,0,15,18,15,,,,,,,,,
1,VISIT,162,Random,OnArrival,3,6,7307,Node_49,20,0,13,20,13,,,,,,,,,
1,VISIT,163,Random,OnArrival,3,6,7307,Node_49,20,0,13,20,13,,,,,,,,,
1,VISIT,159,Random,OnArrival,3,30,7318,Node_295,14,0,22,14,22,,,,,,,,,
1,VISIT,161,Random,OnArrival,3,6,7322,Node_70,18,0,16,18,16,,,,,,,,,
1,VISIT,162,Random,OnArrival,3,7,7322,Node_52,20,0,14,20,14,,,,,,,,,
1,VISIT,163,Random,OnArrival,3,7,7322,Node_52,20,0,14,20,14,,,,,,,,,
1,VISIT,164,Random,OnArrival,3,6,7322,Node_66,18,0,14,18,14,,,,,,,,,
1,VISIT,159,Random,OnArrival,3,31,7332,Node_310,13,0,22,13,22,,,,,,,,,
1,VISIT,161,Random,OnArrival,3,7,7337,Node_72,18,0,17,18,17,,,,,,,,,
1,VISIT,164,Random,OnArrival,3,7,7337,Node_68,18,0,15,18,15,,,,,,,,,
1,VISIT,159,Random,OnArrival,3,32,7348,Node_295,14,0,22,14,22,,,,,,,,,
1,VISIT,161,Random,OnArrival,3,8,7353,Node_165,18,0,18,18,18,,,,,,,,,
1,VISIT,162,Random,OnArrival,3,8,7353,Node_66,18,0,14,18,14,,,,,,,,,
1,VISIT,163,Random,OnArrival,3,8,7353,Node_66,18,0,14,18,14,,,,,,,,,
1,VISIT,164,Random,OnArrival,3,8,7353,Node_70,18,0,16,18,16,,,,,,,,,
1,VISIT,159,Random,OnArrival,3,33,7363,Node_307,15,0,22,15,22,,,,,,,,,
1,VISIT,161,Random,OnArrival,3,9,7369,Node_141,17,0,18,17,18,,,,,,,,,
1,VISIT,162,Random,OnArrival,3,9,7369,Node_68,18,0,15,18,15,,,,,,,,,
1,VISIT,163,Random,OnArrival,3,9,7369,Node_68,18,0,15,18,15,,,,,,,,,
1,VISIT,164,Random,OnArrival,3,9,7369,Node_72,18,0,17,18,17,,,,,,,,,
1,VISIT,159,Random,OnArrival,3,34,7379,Node_305,15,0,21,15,21,,,,,,,,,
1,VISIT,161,Random,OnArrival,3,10,7385,Node_165,18,0,18,18,18,,,,,,,,,
1,VISIT,162,Random,OnArrival,3,10,7385,Node_70,18,0,16,18,16,,,,,,,,,
1,VISIT,163,Random,OnArrival,3,10,7385,Node_70,18,0,16,18,16,,,,,,,,,
1,VISIT,164,Random,OnArrival,3,10,7385,Node_165,18,0,18,18,18,,,,,,,,,
1,VISIT,159,Random,OnArrival,3,35,7395,Node_293,14,0,21,14,21,,,,,,,,,
1,VISIT,162,Random,OnArrival,3,11,7401,Node_72,18,0,17,18,17,,,,,,,,,
1,VISIT,163,Random,OnArrival,3,11,7401,Node_72,18,0,17,18,17,,,,,,,,,
1,VISIT,159,Random,OnArrival,3,36,7411,Node_291,14,0,20,14,20,,,,,,,,,
1,VISIT,161,Random,OnArrival,3,11,7417,Node_252,20,0,18,20,18,,,,,,,,,
1,VISIT,162,Random,OnArrival,3,12,7417,Node_165,18,0,18,18,18,,,,,,,,,
1,VISIT,163,Random,OnArrival,3,12,7417,Node_165,18,0,18,18,18,,,,,,,,,
1,VISIT,164,Random,OnArrival,3,11,7417,Node_252,20,0,18,20,18,,,,,,,,,
1,VISIT,159,Random,OnArrival,3,37,7427,Node_303,15,0,20,15,20,,,,,,,,,
1,VISIT,162,Random,OnArrival,3,13,7433,Node_286,18,0,19,18,19,,,,,,,,,
1,VISIT,163,Random,OnArrival,3,13,7433,Node_141,17,0,18,17,18,,,,,,,,,
1,VISIT,159,Random,OnArrival,3,38,7443,Node_152,16,0,20,16,20,,,,,,,,,
1,VISIT,161,Random,OnArrival,3,12,7449,Node_165,18,0,18,18,18,,,,,,,,,
1,VISIT,162,Random,OnArrival,3,14,7449,Node_143,17,0,19,17,19,,,,,,,,,
1,VISIT,163,Random,OnArrival,3,14,7449,Node_143,17,0,19,17,19,,,,,,,,,
1,VISIT,164,Random,OnArrival,3,12,7449,Node_165,18,0,18,18,18,,,,,,,,,
1,VISIT,159,Random,OnArrival,3,39,7459,Node_145,17,0,20,17,20,,,,,,,,,
1,VISIT,161,Random,OnArrival,3,13,7465,Node_286,18,0,19,18,19,,,,,,,,,
1,VISIT,162,Random,OnArrival,3,15,7465,Node_145,17,0,20,17,20,,,,,,,,,
1,VISIT,163,Random,OnArrival,3,15,7465,Node_286,18,0,19,18,19,,,,,,,,,
1,VISIT,164,Random,OnArrival,3,13,7465,Node_286,18,0,19,18,19,,,,,,,,,
1,VISIT,159,Random,OnArrival,3,40,7475,Node_288,18,0,20,18,20,,,,,,,,,
1,VISIT,161,Random,OnArrival,3,14,7481,Node_288,18,0,20,18,20,,,,,,,,,
1,VISIT,162,Random,OnArrival,3,16,7481,Node_288,18,0,20,18,20,,,,,,,,,
1,VISIT,163,Random,OnArrival,3,16,7481,Node_288,18,0,20,18,20,,,,,,,,,
1,VISIT,164,Random,OnArrival,3,14,7481,Node_143,17,0,19,17,19,,,,,,,,,
1,VISIT,159,Random,OnArrival,3,41,7491,Node_145,17,0,20,17,20,,,,,,,,,
1,VISIT,161,Random,OnArrival,3,15,7497,Node_290,18,0,21,18,21,,,,,,,,,
1,VISIT,162,Random,OnArrival,3,17,7497,Node_290,18,0,21,18,21,,,,,,,,,
1,VISIT,163,Random,OnArrival,3,17,7497,Node_290,18,0,21,18,21,,,,,,,,,
1,VISIT,164,Random,OnArrival,3,15,7497,Node_145,17,0,20,17,20,,,,,,,,,
1,VISIT,159,Random,OnArrival,3,42,7507,Node_152,16,0,20,16,20,,,,,,,,,
1,VISIT,161,Random,OnArrival,3,16,7513,Node_147,17,0,21,17,21,,,,,,,,,
1,VISIT,162,Random,OnArrival,3,18,7513,Node_147,17,0,21,17,21,,,,,,,,,
1,VISIT,163,Random,OnArrival,3,18,7513,Node_147,17,0,21,17,21,,,,,,,,,
1,VISIT,164,Random,OnArrival,3,16,7513,Node_288,18,0,20,18,20,,,,,,,,,
1,VISIT,159,Random,OnArrival,3,43,7523,Node_303,15,0,20,15,20,,,,,,,,,
1,VISIT,161,Random,OnArrival,3,17,7529,Node_149,16,0,21,16,21,,,,,,,,,
1,VISIT,162,Random,OnArrival,3,19,7529,Node_290,18,0,21,18,21,,,,,,,,,
1,VISIT,163,Random,OnArrival,3,19,7529,Node_145,17,0,20,17,20,,,,,,,,,
1,VISIT,164,Random,OnArrival,3,17,7529,Node_290,18,0,21,18,21,,,,,,,,,
1,VISIT,159,Random,OnArrival,3,44,7539,Node_301,15,0,19,15,19,,,,,,,,,
1,VISIT,161,Random,OnArrival,3,18,7545,Node_305,15,0,21,15,21,,,,,,,,,
1,VISIT,163,Random,OnArrival,3,20,7545,Node_152,16,0,20,16,20,,,,,,,,,
1,VISIT,159,Random,OnArrival,3,45,7554,Node_289,14,0,19,14,19,,,,,,,,,
1,VISIT,161,Random,OnArrival,3,19,7560,Node_149,16,0,21,16,21,,,,,,,,,
1,VISIT,162,Random,OnArrival,3,20,7560,Node_320,19,0,22,19,22,,,,,,,,,
1,VISIT,163,Random,OnArrival,3,21,7560,Node_149,16,0,21,16,21,,,,,,,,,
1,VISIT,164,Random,OnArrival,3,18,7560,Node_320,19,0,22,19,22,,,,,,,,,
1,VISIT,159,Random,OnArrival,3,46,7569,Node_291,14,0,20,14,20,,,,,,,,,
1,VISIT,161,Random,OnArrival,3,20,7576,Node_147,17,0,21,17,21,,,,,,,,,
1,VISIT,162,Random,OnArrival,3,21,7576,Node_292,18,0,22,18,22,,,,,,,,,
1,VISIT,163,Random,OnArrival,3,22,7576,Node_305,15,0,21,15,21,,,,,,,,,
1,VISIT,164,Random,OnArrival,3,19,7576,Node_292,18,0,22,18,22,,,,,,,,,
1,VISIT,159,Random,OnArrival,3,47,7584,Node_293,14,0,21,14,21,,,,,,,,,
1,VISIT,161,Random,OnArrival,3,21,7592,Node_290,18,0,21,18,21,,,,,,,,,
1,VISIT,162,Random,OnArrival,3,22,7592,Node_294,18,0,23,18,23,,,,,,,,,
1,VISIT,163,Random,OnArrival,3,23,7592,Node_307,15,0,22,15,22,,,,,,,,,
1,VISIT,164,Random,OnArrival,3,20,7592,Node_294,18,0,23,18,23,,,,,,,,,
1,VISIT,159,Random,OnArrival,3,48,7600,Node_305,15,0,21,15,21,,,,,,,,,
1,VISIT,161,Random,OnArrival,3,22,7608,Node_292,18,0,22,18,22,,,,,,,,,
1,VISIT,162,Random,OnArrival,3,23,7608,Node_317,19,0,23,19,23,,,,,,,,,
1,VISIT,163,Random,OnArrival,3,24,7608,Node_295,14,0,22,14,22,,,,,,,,,
1,VISIT,164,Random,OnArrival,3,21,7608,Node_317,19,0,23,19,23,,,,,,,,,
1,VISIT,159,Random,OnArrival,3,49,7616,Node_149,16,0,21,16,21,,,,,,,,,
1,VISIT,161,Random,OnArrival,3,23,7624,Node_294,18,0,23,18,23,,,,,,,,,
1,VISIT,163,Random,OnArrival,3,25,7624,Node_310,13,0,22,13,22,,,,,,,,,
1,VISIT,159,Random,OnArrival,3,50,7632,Node_147,17,0,21,17,21,,,,,,,,,
1,VISIT,161,Random,OnArrival,3,24,7640,Node_296,18,0,24,18,24,,,,,,,,,
1,VISIT,162,Random,OnArrival,3,24,7640,Node_261,21,0,23,21,23,,,,,,,,,
1,VISIT,163,Random,OnArrival,3,26,7640,Node_264,12,0,22,12,22,,,,,,,,,
1,VISIT,164,Random,OnArrival,3,22,7640,Node_261,21,0,23,21,23,,,,,,,,,
1,VISIT,159,Random,OnArrival,3,51,7647,Node_290,18,0,21,18,21,,,,,,,,,
1,VISIT,161,Random,OnArrival,3,25,7656,Node_314,19,0,24,19,24,,,,,,,,,
1,VISIT,162,Random,OnArrival,3,25,7656,Node_263,21,0,22,21,22,,,,,,,,,
1,VISIT,163,Random,OnArrival,3,27,7656,Node_262,12,0,21,12,21,,,,,,,,,
1,VISIT,164,Random,OnArrival,3,23,7656,Node_259,22,0,23,22,23,,,,,,,,,
1,VISIT,159,Random,OnArrival,3,52,7663,Node_292,18,0,22,18,22,,,,,,,,,
1,VISIT,161,Random,OnArrival,3,26,7672,Node_311,19,0,25,19,25,,,,,,,,,
1,VISIT,162,Random,OnArrival,3,26,7672,Node_258,22,0,22,22,22,,,,,,,,,
1,VISIT,163,Random,OnArrival,3,28,7672,Node_83,11,0,21,11,21,,,,,,,,,
1,VISIT,164,Random,OnArrival,3,24,7672,Node_258,22,0,22,22,22,,,,,,,,,
1,VISIT,159,Random,OnArrival,3,53,7679,Node_294,18,0,23,18,23,,,,,,,,,
1,VISIT,159,Random,OnArrival,3,54,7695,Node_296,18,0,24,18,24,,,,,,,,,
1,VISIT,162,Random,OnArrival,3,27,7704,Node_192,24,0,22,24,22,,,,,,,,,
1,VISIT,163,Random,OnArrival,3,29,7704,Node_313,9,0,21,9,21,,,,,,,,,
1,VISIT,164,Random,OnArrival,3,25,7704,Node_192,24,0,22,24,22,,,,,,,,,
1,VISIT,159,Random,OnArrival,3,55,7711,Node_299,18,0,25,18,25,,,,,,,,,
1,VISIT,159,Random,OnArrival,3,56,7727,Node_311,19,0,25,19,25,,,,,,,,,
1,VISIT,161,Random,OnArrival,3,27,7765,Node_196,24,0,24,24,24,,,,,,,,,
1,VISIT,163,Random,OnArrival,3,30,7765,Node_319,8,0,22,8,22,,,,,,,,,
1,VISIT,161,Random,OnArrival,3,28,7780,Node_328,25,0,24,25,24,,,,,,,,,
1,VISIT,162,Random,OnArrival,3,28,7780,Node_327,24,0,25,24,25,,,,,,,,,
1,VISIT,164,Random,OnArrival,3,26,7780,Node_327,24,0,25,24,25,,,,,,,,,
1,VISIT,161,Random,OnArrival,3,29,7796,Node_330,25,0,25,25,25,,,,,,,,,
1,VISIT,162,Random,OnArrival,3,29,7796,Node_196,24,0,24,24,24,,,,,,,,,
1,VISIT,164,Random,OnArrival,3,27,7796,Node_330,25,0,25,25,25,,,,,,,,,
1,VISIT,159,Random,OnArrival,3,57,7804,Node_327,24,0,25,24,25,,,,,,,,,
1,VISIT,162,Random,OnArrival,3,30,7811,Node_194,24,0,23,24,23,,,,,,,,,
1,VISIT,159,Random,OnArrival,3,58,7819,Node_330,25,0,25,25,25,,,,,,,,,
1,VISIT,162,Random,OnArrival,3,31,7826,Node_325,25,0,23,25,23,,,,,,,,,
1,VISIT,165,Random,OnArrival,3,0,7842,Node_6,19,0,12,19,12,,,,,,,,,
1,VISIT,166,Random,OnArrival,3,0,7842,Node_7,19,0,8,19,8,,,,,,,,,
1,VISIT,167,Random,OnArrival,3,0,7842,Node_8,17,0,10,17,10,,,,,,,,,
1,VISIT,168,Random,OnArrival,3,0,7842,Node_9,21,0,10,21,10,,,,,,,,,
1,VISIT,165,Random,OnArrival,3,1,7852,Node_10,18,0,12,18,12,,,,,,,,,
1,VISIT,166,Random,OnArrival,3,1,7852,Node_3,19,0,9,19,9,,,,,,,,,
1,VISIT,167,Random,OnArrival,3,1,7852,Node_12,17,0,11,17,11,,,,,,,,,
1,VISIT,168,Random,OnArrival,3,1,7852,Node_5,20,0,10,20,10,,,,,,,,,
1,VISIT,162,Random,OnArrival,3,32,7862,Node_323,25,0,22,25,22,,,,,,,,,
1,VISIT,165,Random,OnArrival,3,2,7862,Node_16,17,0,12,17,12,,,,,,,,,
1,VISIT,166,Random,OnArrival,3,2,7862,Node_15,18,0,9,18,9,,,,,,,,,
1,VISIT,167,Random,OnArrival,3,2,7862,Node_16,17,0,12,17,12,,,,,,,,,
1,VISIT,168,Random,OnArrival,3,2,7862,Node_55,20,0,11,20,11,,,,,,,,,
1,VISIT,159,Random,OnArrival,3,59,7866,Node_337,29,0,25,29,25,,,,,,,,,
1,VISIT,162,Random,OnArrival,3,33,7872,Node_192,24,0,22,24,22,,,,,,,,,
1,VISIT,165,Random,OnArrival,3,3,7872,Node_18,16,0,12,16,12,,,,,,,,,
1,VISIT,166,Random,OnArrival,3,3,7872,Node_4,18,0,10,18,10,,,,,,,,,
1,VISIT,167,Random,OnArrival,3,3,7872,Node_18,16,0,12,16,12,,,,,,,,,
1,VISIT,168,Random,OnArrival,3,3,7872,Node_46,20,0,12,20,12,,,,,,,,,
1,VISIT,161,Random,OnArrival,3,30,7883,Node_343,30,0,25,30,25,,,,,,,,,
1,VISIT,164,Random,OnArrival,3,28,7883,Node_343,30,0,25,30,25,,,,,,,,,
1,VISIT,165,Random,OnArrival,3,4,7883,Node_29,15,0,12,15,12,,,,,,,,,
1,VISIT,166,Random,OnArrival,3,4,7883,Node_8,17,0,10,17,10,,,,,,,,,
1,VISIT,167,Random,OnArrival,3,4,7883,Node_29,15,0,12,15,12,,,,,,,,,
1,VISIT,168,Random,OnArrival,3,4,7883,Node_49,20,0,13,20,13,,,,,,,,,
1,VISIT,159,Random,OnArrival,3,60,7887,Node_342,30,0,24,30,24,,,,,,,,,
1,VISIT,162,Random,OnArrival,3,34,7894,Node_188,24,0,20,24,20,,,,,,,,,
1,VISIT,165,Random,OnArrival,3,5,7894,Node_31,15,0,13,15,13,,,,,,,,,
1,VISIT,166,Random,OnArrival,3,5,7894,Node_12,17,0,11,17,11,,,,,,,,,
1,VISIT,167,Random,OnArrival,3,5,7894,Node_31,15,0,13,15,13,,,,,,,,,
1,VISIT,168,Random,OnArrival,3,5,7894,Node_52,20,0,14,20,14,,,,,,,,,
1,VISIT,162,Random,OnArrival,3,35,7905,Node_151,25,0,20,25,20,,,,,,,,,
1,VISIT,165,Random,OnArrival,3,6,7905,Node_150,15,0,14,15,14,,,,,,,,,
1,VISIT,166,Random,OnArrival,3,6,7905,Node_16,17,0,12,17,12,,,,,,,,,
1,VISIT,167,Random,OnArrival,3,6,7905,Node_150,15,0,14,15,14,,,,,,,,,
1,VISIT,162,Random,OnArrival,3,36,7916,Node_188,24,0,20,24,20,,,,,,,,,
1,VISIT,165,Random,OnArrival,3,7,7916,Node_37,14,0,14,14,14,,,,,,,,,
1,VISIT,166,Random,OnArrival,3,7,7916,Node_18,16,0,12,16,12,,,,,,,,,
1,VISIT,167,Random,OnArrival,3,7,7916,Node_37,14,0,14,14,14,,,,,,,,,
1,VISIT,168,Random,OnArrival,3,6,7916,Node_66,18,0,14,18,14,,,,,,,,,
1,VISIT,165,Random,OnArrival,3,8,7926,Node_38,13,0,14,13,14,,,,,,,,,
1,VISIT,166,Random,OnArrival,3,8,7926,Node_29,15,0,12,15,12,,,,,,,,,
1,VISIT,167,Random,OnArrival,3,8,7926,Node_38,13,0,14,13,14,,,,,,,,,
1,VISIT,168,Random,OnArrival,3,7,7926,Node_130,17,0,14,17,14,,,,,,,,,
1,VISIT,162,Random,OnArrival,3,37,7937,Node_192,24,0,22,24,22,,,,,,,,,
1,VISIT,165,Random,OnArrival,3,9,7937,Node_39,13,0,15,13,15,,,,,,,,,
1,VISIT,166,Random,OnArrival,3,9,7937,Node_31,15,0,13,15,13,,,,,,,,,
1,VISIT,167,Random,OnArrival,3,9,7937,Node_39,13,0,15,13,15,,,,,,,,,
1,VISIT,168,Random,OnArrival,3,8,7937,Node_160,16,0,14,16,14,,,,,,,,,
1,VISIT,161,Random,OnArrival,3,31,7949,Node_349,30,0,21,30,21,,,,,,,,,
1,VISIT,164,Random,OnArrival,3,29,7949,Node_349,30,0,21,30,21,,,,,,,,,
1,VISIT,165,Random,OnArrival,3,10,7949,Node_40,13,0,16,13,16,,,,,,,,,
1,VISIT,166,Random,OnArrival,3,10,7949,Node_150,15,0,14,15,14,,,,,,,,,
1,VISIT,167,Random,OnArrival,3,10,7949,Node_40,13,0,16,13,16,,,,,,,,,
1,VISIT,168,Random,OnArrival,3,9,7949,Node_150,15,0,14,15,14,,,,,,,,,
1,VISIT,162,Random,OnArrival,3,38,7961,Node_258,22,0,22,22,22,,,,,,,,,
1,VISIT,165,Random,OnArrival,3,11,7961,Node_41,13,0,17,13,17,,,,,,,,,
1,VISIT,166,Random,OnArrival,3,11,7961,Node_37,14,0,14,14,14,,,,,,,,,
1,VISIT,167,Random,OnArrival,3,11,7961,Node_41,13,0,17,13,17,,,,,,,,,
1,VISIT,168,Random,OnArrival,3,10,7961,Node_37,14,0,14,14,14,,,,,,,,,
1,VISIT,162,Random,OnArrival,3,39,7973,Node_256,22,0,21,22,21,,,,,,,,,
1,VISIT,165,Random,OnArrival,3,12,7973,Node_42,13,0,18,13,18,,,,,,,,,
1,VISIT,166,Random,OnArrival,3,12,7973,Node_38,13,0,14,13,14,,,,,,,,,
1,VISIT,167,Random,OnArrival,3,12,7973,Node_42,13,0,18,13,18,,,,,,,,,
1,VISIT,168,Random,OnArrival,3,11,7973,Node_38,13,0,14,13,14,,,,,,,,,
1,VISIT,162,Random,OnArrival,3,40,7985,Node_265,21,0,21,21,21,,,,,,,,,
1,VISIT,165,Random,OnArrival,3,13,7985,Node_43,12,0,18,12,18,,,,,,,,,
1,VISIT,166,Random,OnArrival,3,13,7985,Node_39,13,0,15,13,15,,,,,,,,,
1,VISIT,167,Random,OnArrival,3,13,7985,Node_43,12,0,18,12,18,,,,,,,,,
1,VISIT,168,Random,OnArrival,3,12,7985,Node_39,13,0,15,13,15,,,,,,,,,
1,VISIT,162,Random,OnArrival,3,41,7998,Node_34,21,0,20,21,20,,,,,,,,,
1,VISIT,165,Random,OnArrival,3,14,7998,Node_81,11,0,18,11,18,,,,,,,,,
1,VISIT,166,Random,OnArrival,3,14,7998,Node_40,13,0,16,13,16,,,,,,,,,
1,VISIT,167,Random,OnArrival,3,14,7998,Node_81,11,0,18,11,18,,,,,,,,,
1,VISIT,168,Random,OnArrival,3,13,7998,Node_40,13,0,16,13,16,,,,,,,,,
1,VISIT,162,Random,OnArrival,3,42,8012,Node_255,22,0,20,22,20,,,,,,,,,
1,VISIT,166,Random,OnArrival,3,15,8012,Node_41,13,0,17,13,17,,,,,,,,,
1,VISIT,168,Random,OnArrival,3,14,8012,Node_41,13,0,17,13,17,,,,,,,,,
1,VISIT,162,Random,OnArrival,3,43,8025,Node_256,22,0,21,22,21,,,,,,,,,
1,VISIT,165,Random,OnArrival,3,15,8025,Node_82,11,0,20,11,20,,,,,,,,,
1,VISIT,166,Random,OnArrival,3,16,8025,Node_42,13,0,18,13,18,,,,,,,,,
1,VISIT,167,Random,OnArrival,3,15,8025,Node_82,11,0,20,11,20,,,,,,,,,
1,VISIT,168,Random,OnArrival,3,15,8025,Node_42,13,0,18,13,18,,,,,,,,,
1,VISIT,162,Random,OnArrival,3,44,8039,Node_258,22,0,22,22,22,,,,,,,,,
1,VISIT,165,Random,OnArrival,3,16,8039,Node_83,11,0,21,11,21,,,,,,,,,
1,VISIT,166,Random,OnArrival,3,17,8039,Node_43,12,0,18,12,18,,,,,,,,,
1,VISIT,167,Random,OnArrival,3,16,8039,Node_83,11,0,21,11,21,,,,,,,,,
1,VISIT,168,Random,OnArrival,3,16,8039,Node_43,12,0,18,12,18,,,,,,,,,
1,VISIT,166,Random,OnArrival,3,18,8053,Node_81,11,0,18,11,18,,,,,,,,,
1,VISIT,168,Random,OnArrival,3,17,8053,Node_81,11,0,18,11,18,,,,,,,,,
1,VISIT,162,Random,OnArrival,3,45,8068,Node_192,24,0,22,24,22,,,,,,,,,
1,VISIT,164,Random,OnArrival,3,30,8068,Node_190,27,0,15,27,15,,,,,,,,,
1,VISIT,165,Random,OnArrival,3,17,8068,Node_313,9,0,21,9,21,,,,,,,,,
1,VISIT,167,Random,OnArrival,3,17,8068,Node_313,9,0,21,9,21,,,,,,,,,
1,VISIT,164,Random,OnArrival,3,31,8084,Node_358,28,0,15,28,15,,,,,,,,,
1,VISIT,165,Random,OnArrival,3,18,8084,Node_329,8,0,21,8,21,,,,,,,,,
1,VISIT,166,Random,OnArrival,3,19,8084,Node_82,11,0,20,11,20,,,,,,,,,
1,VISIT,167,Random,OnArrival,3,18,8084,Node_329,8,0,21,8,21,,,,,,,,,
1,VISIT,168,Random,OnArrival,3,18,8084,Node_82,11,0,20,11,20,,,,,,,,,
1,VISIT,162,Random,OnArrival,3,46,8100,Node_188,24,0,20,24,20,,,,,,,,,
1,VISIT,164,Random,OnArrival,3,32,8100,Node_357,28,0,16,28,16,,,,,,,,,
1,VISIT,165,Random,OnArrival,3,19,8100,Node_319,8,0,22,8,22,,,,,,,,,
1,VISIT,166,Random,OnArrival,3,20,8100,Node_83,11,0,21,11,21,,,,,,,,,
1,VISIT,167,Random,OnArrival,3,19,8100,Node_326,8,0,20,8,20,,,,,,,,,
1,VISIT,168,Random,OnArrival,3,19,8100,Node_83,11,0,21,11,21,,,,,,,,,
1,VISIT,162,Random,OnArrival,3,47,8115,Node_186,24,0,19,24,19,,,,,,,,,
1,VISIT,164,Random,OnArrival,3,33,8115,Node_191,27,0,16,27,16,,,,,,,,,
1,VISIT,165,Random,OnArrival,3,20,8115,Node_331,7,0,22,7,22,,,,,,,,,
1,VISIT,167,Random,OnArrival,3,20,8115,Node_221,7,0,20,7,20,,,,,,,,,
1,VISIT,162,Random,OnArrival,3,48,8130,Node_148,25,0,19,25,19,,,,,,,,,
1,VISIT,164,Random,OnArrival,3,34,8130,Node_193,27,0,17,27,17,,,,,,,,,
1,VISIT,166,Random,OnArrival,3,21,8130,Node_313,9,0,21,9,21,,,,,,,,,
1,VISIT,167,Random,OnArrival,3,21,8130,Node_217,7,0,19,7,19,,,,,,,,,
1,VISIT,168,Random,OnArrival,3,20,8130,Node_313,9,0,21,9,21,,,,,,,,,
1,VISIT,162,Random,OnArrival,3,49,8145,Node_146,25,0,18,25,18,,,,,,,,,
1,VISIT,164,Random,OnArrival,3,35,8145,Node_179,26,0,17,26,17,,,,,,,,,
1,VISIT,165,Random,OnArrival,3,21,8145,Node_333,6,0,23,6,23,,,,,,,,,
1,VISIT,166,Random,OnArrival,3,22,8145,Node_316,9,0,22,9,22,,,,,,,,,
1,VISIT,167,Random,OnArrival,3,22,8145,Node_215,7,0,18,7,18,,,,,,,,,
1,VISIT,168,Random,OnArrival,3,21,8145,Node_316,9,0,22,9,22,,,,,,,,,
1,VISIT,162,Random,OnArrival,3,50,8161,Node_181,26,0,18,26,18,,,,,,,,,
1,VISIT,164,Random,OnArrival,3,36,8161,Node_181,26,0,18,26,18,,,,,,,,,
1,VISIT,165,Random,OnArrival,3,22,8161,Node_334,6,0,24,6,24,,,,,,,,,
1,VISIT,166,Random,OnArrival,3,23,8161,Node_319,8,0,22,8,22,,,,,,,,,
1,VISIT,167,Random,OnArrival,3,23,8161,Node_227,6,0,18,6,18,,,,,,,,,
1,VISIT,168,Random,OnArrival,3,22,8161,Node_319,8,0,22,8,22,,,,,,,,,
1,VISIT,162,Random,OnArrival,3,51,8177,Node_195,27,0,18,27,18,,,,,,,,,
1,VISIT,164,Random,OnArrival,3,37,8177,Node_195,27,0,18,27,18,,,,,,,,,
1,VISIT,165,Random,OnArrival,3,23,8177,Node_341,5,0,24,5,24,,,,,,,,,
1,VISIT,166,Random,OnArrival,3,24,8177,Node_331,7,0,22,7,22,,,,,,,,,
1,VISIT,167,Random,OnArrival,3,24,8177,Node_229,6,0,17,6,17,,,,,,,,,
1,VISIT,168,Random,OnArrival,3,23,8177,Node_331,7,0,22,7,22,,,,,,,,,
1,VISIT,162,Random,OnArrival,3,52,8193,Node_355,28,0,18,28,18,,,,,,,,,
1,VISIT,164,Random,OnArrival,3,38,8193,Node_355,28,0,18,28,18,,,,,,,,,
1,VISIT,166,Random,OnArrival,3,25,8193,Node_359,6,0,22,6,22,,,,,,,,,
1,VISIT,167,Random,OnArrival,3,25,8193,Node_235,5,0,17,5,17,,,,,,,,,
1,VISIT,168,Random,OnArrival,3,24,8193,Node_359,6,0,22,6,22,,,,,,,,,
1,VISIT,162,Random,OnArrival,3,53,8209,Node_195,27,0,18,27,18,,,,,,,,,
1,VISIT,164,Random,OnArrival,3,39,8209,Node_195,27,0,18,27,18,,,,,,,,,
1,VISIT,167,Random,OnArrival,3,26,8209,Node_267,4,0,17,4,17,,,,,,,,,
1,VISIT,162,Random,OnArrival,3,54,8224,Node_198,27,0,19,27,19,,,,,,,,,
1,VISIT,164,Random,OnArrival,3,40,8224,Node_193,27,0,17,27,17,,,,,,,,,
1,VISIT,165,Random,OnArrival,3,24,8224,Node_339,5,0,25,5,25,,,,,,,,,
1,VISIT,166,Random,OnArrival,3,26,8224,Node_359,6,0,22,6,22,,,,,,,,,
1,VISIT,168,Random,OnArrival,3,25,8224,Node_359,6,0,22,6,22,,,,,,,,,
1,VISIT,164,Random,OnArrival,3,41,8239,Node_356,28,0,17,28,17,,,,,,,,,
1,VISIT,165,Random,OnArrival,3,25,8239,Node_336,6,0,25,6,25,,,,,,,,,
1,VISIT,166,Random,OnArrival,3,27,8239,Node_333,6,0,23,6,23,,,,,,,,,
1,VISIT,168,Random,OnArrival,3,26,8239,Node_333,6,0,23,6,23,,,,,,,,,
1,VISIT,166,Random,OnArrival,3,28,8252,Node_334,6,0,24,6,24,,,,,,,,,
1,VISIT,168,Random,OnArrival,3,27,8252,Node_334,6,0,24,6,24,,,,,,,,,
1,VISIT,166,Random,OnArrival,3,29,8266,Node_336,6,0,25,6,25,,,,,,,,,
1,VISIT,168,Random,OnArrival,3,28,8266,Node_336,6,0,25,6,25,,,,,,,,,
1,VISIT,164,Random,OnArrival,3,42,8280,Node_357,28,0,16,28,16,,,,,,,,,
1,VISIT,165,Random,OnArrival,3,26,8280,Node_318,9,0,25,9,25,,,,,,,,,
1,VISIT,164,Random,OnArrival,3,43,8295,Node_370,29,0,16,29,16,,,,,,,,,
1,VISIT,165,Random,OnArrival,3,27,8295,Node_315,10,0,25,10,25,,,,,,,,,
1,VISIT,165,Random,OnArrival,3,28,8310,Node_275,11,0,25,11,25,,,,,,,,,
1,VISIT,166,Random,OnArrival,3,30,8310,Node_318,9,0,25,9,25,,,,,,,,,
1,VISIT,168,Random,OnArrival,3,29,8310,Node_318,9,0,25,9,25,,,,,,,,,
1,VISIT,165,Random,OnArrival,3,29,8321,Node_272,12,0,25,12,25,,,,,,,,,
1,VISIT,166,Random,OnArrival,3,31,8321,Node_315,10,0,25,10,25,,,,,,,,,
1,VISIT,168,Random,OnArrival,3,30,8321,Node_315,10,0,25,10,25,,,,,,,,,
1,VISIT,165,Random,OnArrival,3,30,8332,Node_269,12,0,24,12,24,,,,,,,,,
1,VISIT,166,Random,OnArrival,3,32,8332,Node_312,10,0,24,10,24,,,,,,,,,
1,VISIT,168,Random,OnArrival,3,31,8332,Node_312,10,0,24,10,24,,,,,,,,,
1,VISIT,165,Random,OnArrival,3,31,8344,Node_266,12,0,23,12,23,,,,,,,,,
1,VISIT,166,Random,OnArrival,3,33,8344,Node_278,11,0,24,11,24,,,,,,,,,
1,VISIT,168,Random,OnArrival,3,32,8344,Node_278,11,0,24,11,24,,,,,,,,,
1,VISIT,165,Random,OnArrival,3,32,8355,Node_309,13,0,23,13,23,,,,,,,,,
1,VISIT,166,Random,OnArrival,3,34,8355,Node_85,11,0,23,11,23,,,,,,,,,
1,VISIT,168,Random,OnArrival,3,33,8355,Node_85,11,0,23,11,23,,,,,,,,,
1,VISIT,169,Random,OnArrival,3,0,8359,Node_6,19,0,12,19,12,,,,,,,,,
1,VISIT,170,Random,OnArrival,3,0,8359,Node_7,19,0,8,19,8,,,,,,,,,
1,VISIT,171,Random,OnArrival,3,0,8359,Node_8,17,0,10,17,10,,,,,,,,,
1,VISIT,172,Random,OnArrival,3,0,8359,Node_9,21,0,10,21,10,,,,,,,,,
1,VISIT,165,Random,OnArrival,3,33,8363,Node_297,14,0,23,14,23,,,,,,,,,
1,VISIT,166,Random,OnArrival,3,35,8363,Node_266,12,0,23,12,23,,,,,,,,,
1,VISIT,168,Random,OnArrival,3,34,8363,Node_84,11,0,22,11,22,,,,,,,,,
1,VISIT,169,Random,OnArrival,3,1,8367,Node_10,18,0,12,18,12,,,,,,,,,
1,VISIT,170,Random,OnArrival,3,1,8367,Node_3,19,0,9,19,9,,,,,,,,,
1,VISIT,171,Random,OnArrival,3,1,8367,Node_12,17,0,11,17,11,,,,,,,,,
1,VISIT,172,Random,OnArrival,3,1,8367,Node_5,20,0,10,20,10,,,,,,,,,
1,VISIT,165,Random,OnArrival,3,34,8371,Node_300,14,0,24,14,24,,,,,,,,,
1,VISIT,166,Random,OnArrival,3,36,8371,Node_309,13,0,23,13,23,,,,,,,,,
1,VISIT,168,Random,OnArrival,3,35,8371,Node_83,11,0,21,11,21,,,,,,,,,
1,VISIT,169,Random,OnArrival,3,2,8375,Node_16,17,0,12,17,12,,,,,,,,,
1,VISIT,170,Random,OnArrival,3,2,8375,Node_15,18,0,9,18,9,,,,,,,,,
1,VISIT,171,Random,OnArrival,3,2,8375,Node_16,17,0,12,17,12,,,,,,,,,
1,VISIT,172,Random,OnArrival,3,2,8375,Node_55,20,0,11,20,11,,,,,,,,,
1,VISIT,165,Random,OnArrival,3,35,8379,Node_302,14,0,25,14,25,,,,,,,,,
1,VISIT,166,Random,OnArrival,3,37,8379,Node_297,14,0,23,14,23,,,,,,,,,
1,VISIT,168,Random,OnArrival,3,36,8379,Node_82,11,0,20,11,20,,,,,,,,,
1,VISIT,169,Random,OnArrival,3,3,8383,Node_18,16,0,12,16,12,,,,,,,,,
1,VISIT,170,Random,OnArrival,3,3,8383,Node_4,18,0,10,18,10,,,,,,,,,
1,VISIT,171,Random,OnArrival,3,3,8383,Node_18,16,0,12,16,12,,,,,,,,,
1,VISIT,172,Random,OnArrival,3,3,8383,Node_46,20,0,12,20,12,,,,,,,,,
1,VISIT,165,Random,OnArrival,3,36,8387,Node_304,15,0,25,15,25,,,,,,,,,
1,VISIT,166,Random,OnArrival,3,38,8387,Node_300,14,0,24,14,24,,,,,,,,,
1,VISIT,169,Random,OnArrival,3,4,8391,Node_29,15,0,12,15,12,,,,,,,,,
1,VISIT,170,Random,OnArrival,3,4,8391,Node_8,17,0,10,17,10,,,,,,,,,
1,VISIT,171,Random,OnArrival,3,4,8391,Node_29,15,0,12,15,12,,,,,,,,,
1,VISIT,172,Random,OnArrival,3,4,8391,Node_49,20,0,13,20,13,,,,,,,,,
1,VISIT,166,Random,OnArrival,3,39,8395,Node_302,14,0,25,14,25,,,,,,,,,
1,VISIT,168,Random,OnArrival,3,37,8395,Node_81,11,0,18,11,18,,,,,,,,,
1,VISIT,169,Random,OnArrival,3,5,8399,Node_31,15,0,13,15,13,,,,,,,,,
1,VISIT,170,Random,OnArrival,3,5,8399,Node_12,17,0,11,17,11,,,,,,,,,
1,VISIT,171,Random,OnArrival,3,5,8399,Node_31,15,0,13,15,13,,,,,,,,,
1,VISIT,172,Random,OnArrival,3,5,8399,Node_52,20,0,14,20,14,,,,,,,,,
1,VISIT,166,Random,OnArrival,3,40,8403,Node_304,15,0,25,15,25,,,,,,,,,
1,VISIT,169,Random,OnArrival,3,6,8408,Node_150,15,0,14,15,14,,,,,,,,,
1,VISIT,170,Random,OnArrival,3,6,8408,Node_16,17,0,12,17,12,,,,,,,,,
1,VISIT,171,Random,OnArrival,3,6,8408,Node_150,15,0,14,15,14,,,,,,,,,
1,VISIT,165,Random,OnArrival,3,37,8413,Node_299,18,0,25,18,25,,,,,,,,,
1,VISIT,168,Random,OnArrival,3,38,8413,Node_203,9,0,18,9,18,,,,,,,,,
1,VISIT,169,Random,OnArrival,3,7,8417,Node_37,14,0,14,14,14,,,,,,,,,
1,VISIT,170,Random,OnArrival,3,7,8417,Node_18,16,0,12,16,12,,,,,,,,,
1,VISIT,171,Random,OnArrival,3,7,8417,Node_37,14,0,14,14,14,,,,,,,,,
1,VISIT,172,Random,OnArrival,3,6,8417,Node_66,18,0,14,18,14,,,,,,,,,
1,VISIT,165,Random,OnArrival,3,38,8421,Node_311,19,0,25,19,25,,,,,,,,,
1,VISIT,168,Random,OnArrival,3,39,8421,Node_204,8,0,18,8,18,,,,,,,,,
1,VISIT,169,Random,OnArrival,3,8,8426,Node_38,13,0,14,13,14,,,,,,,,,
1,VISIT,170,Random,OnArrival,3,8,8426,Node_29,15,0,12,15,12,,,,,,,,,
1,VISIT,171,Random,OnArrival,3,8,8426,Node_38,13,0,14,13,14,,,,,,,,,
1,VISIT,172,Random,OnArrival,3,7,8426,Node_130,17,0,14,17,14,,,,,,,,,
1,VISIT,166,Random,OnArrival,3,41,8430,Node_299,18,0,25,18,25,,,,,,,,,
1,VISIT,168,Random,OnArrival,3,40,8430,Node_215,7,0,18,7,18,,,,,,,,,
1,VISIT,169,Random,OnArrival,3,9,8435,Node_39,13,0,15,13,15,,,,,,,,,
1,VISIT,170,Random,OnArrival,3,9,8435,Node_31,15,0,13,15,13,,,,,,,,,
1,VISIT,171,Random,OnArrival,3,9,8435,Node_39,13,0,15,13,15,,,,,,,,,
1,VISIT,172,Random,OnArrival,3,8,8435,Node_160,16,0,14,16,14,,,,,,,,,
1,VISIT,166,Random,OnArrival,3,42,8439,Node_311,19,0,25,19,25,,,,,,,,,
1,VISIT,168,Random,OnArrival,3,41,8439,Node_227,6,0,18,6,18,,,,,,,,,
1,VISIT,169,Random,OnArrival,3,10,8444,Node_40,13,0,16,13,16,,,,,,,,,
1,VISIT,170,Random,OnArrival,3,10,8444,Node_150,15,0,14,15,14,,,,,,,,,
1,VISIT,171,Random,OnArrival,3,10,8444,Node_40,13,0,16,13,16,,,,,,,,,
1,VISIT,172,Random,OnArrival,3,9,8444,Node_150,15,0,14,15,14,,,,,,,,,
1,VISIT,168,Random,OnArrival,3,42,8448,Node_229,6,0,17,6,17,,,,,,,,,
1,VISIT,169,Random,OnArrival,3,11,8454,Node_41,13,0,17,13,17,,,,,,,,,
1,VISIT,170,Random,OnArrival,3,11,8454,Node_37,14,0,14,14,14,,,,,,,,,
1,VISIT,171,Random,OnArrival,3,11,8454,Node_41,13,0,17,13,17,,,,,,,,,
1,VISIT,172,Random,OnArrival,3,10,8454,Node_37,14,0,14,14,14,,,,,,,,,
1,VISIT,168,Random,OnArrival,3,43,8458,Node_231,6,0,16,6,16,,,,,,,,,
1,VISIT,169,Random,OnArrival,3,12,8464,Node_42,13,0,18,13,18,,,,,,,,,
1,VISIT,170,Random,OnArrival,3,12,8464,Node_38,13,0,14,13,14,,,,,,,,,
1,VISIT,171,Random,OnArrival,3,12,8464,Node_42,13,0,18,13,18,,,,,,,,,
1,VISIT,172,Random,OnArrival,3,11,8464,Node_38,13,0,14,13,14,,,,,,,,,
1,VISIT,165,Random,OnArrival,3,39,8468,Node_327,24,0,25,24,25,,,,,,,,,
1,VISIT,168,Random,OnArrival,3,44,8468,Node_233,5,0,16,5,16,,,,,,,,,
1,VISIT,169,Random,OnArrival,3,13,8474,Node_43,12,0,18,12,18,,,,,,,,,
1,VISIT,170,Random,OnArrival,3,13,8474,Node_39,13,0,15,13,15,,,,,,,,,
1,VISIT,171,Random,OnArrival,3,13,8474,Node_43,12,0,18,12,18,,,,,,,,,
1,VISIT,172,Random,OnArrival,3,12,8474,Node_39,13,0,15,13,15,,,,,,,,,
1,VISIT,165,Random,OnArrival,3,40,8478,Node_330,25,0,25,25,25,,,,,,,,,
1,VISIT,169,Random,OnArrival,3,14,8484,Node_81,11,0,18,11,18,,,,,,,,,
1,VISIT,170,Random,OnArrival,3,14,8484,Node_40,13,0,16,13,16,,,,,,,,,
1,VISIT,171,Random,OnArrival,3,14,8484,Node_81,11,0,18,11,18,,,,,,,,,
1,VISIT,172,Random,OnArrival,3,13,8484,Node_40,13,0,16,13,16,,,,,,,,,
1,VISIT,166,Random,OnArrival,3,43,8488,Node_327,24,0,25,24,25,,,,,,,,,
1,VISIT,170,Random,OnArrival,3,15,8494,Node_41,13,0,17,13,17,,,,,,,,,
1,VISIT,172,Random,OnArrival,3,14,8494,Node_41,13,0,17,13,17,,,,,,,,,
1,VISIT,166,Random,OnArrival,3,44,8500,Node_330,25,0,25,25,25,,,,,,,,,
1,VISIT,169,Random,OnArrival,3,15,8506,Node_203,9,0,18,9,18,,,,,,,,,
1,VISIT,170,Random,OnArrival,3,16,8506,Node_42,13,0,18,13,18,,,,,,,,,
1,VISIT,171,Random,OnArrival,3,15,8506,Node_203,9,0,18,9,18,,,,,,,,,
1,VISIT,172,Random,OnArrival,3,15,8506,Node_42,13,0,18,13,18,,,,,,,,,
1,VISIT,169,Random,OnArrival,3,16,8518,Node_204,8,0,18,8,18,,,,,,,,,
1,VISIT,170,Random,OnArrival,3,17,8518,Node_43,12,0,18,12,18,,,,,,,,,
1,VISIT,171,Random,OnArrival,3,16,8518,Node_204,8,0,18,8,18,,,,,,,,,
1,VISIT,172,Random,OnArrival,3,16,8518,Node_43,12,0,18,12,18,,,,,,,,,
1,VISIT,165,Random,OnArrival,3,41,8522,Node_337,29,0,25,29,25,,,,,,,,,
1,VISIT,169,Random,OnArrival,3,17,8529,Node_215,7,0,18,7,18,,,,,,,,,
1,VISIT,170,Random,OnArrival,3,18,8529,Node_81,11,0,18,11,18,,,,,,,,,
1,VISIT,171,Random,OnArrival,3,17,8529,Node_215,7,0,18,7,18,,,,,,,,,
1,VISIT,172,Random,OnArrival,3,17,8529,Node_81,11,0,18,11,18,,,,,,,,,
1,VISIT,165,Random,OnArrival,3,42,8534,Node_340,29,0,24,29,24,,,,,,,,,
1,VISIT,169,Random,OnArrival,3,18,8542,Node_227,6,0,18,6,18,,,,,,,,,
1,VISIT,171,Random,OnArrival,3,18,8542,Node_227,6,0,18,6,18,,,,,,,,,
1,VISIT,165,Random,OnArrival,3,43,8548,Node_342,30,0,24,30,24,,,,,,,,,
1,VISIT,166,Random,OnArrival,3,45,8548,Node_337,29,0,25,29,25,,,,,,,,,
1,VISIT,169,Random,OnArrival,3,19,8556,Node_229,6,0,17,6,17,,,,,,,,,
1,VISIT,170,Random,OnArrival,3,19,8556,Node_203,9,0,18,9,18,,,,,,,,,
1,VISIT,171,Random,OnArrival,3,19,8556,Node_229,6,0,17,6,17,,,,,,,,,
1,VISIT,172,Random,OnArrival,3,18,8556,Node_203,9,0,18,9,18,,,,,,,,,
1,VISIT,165,Random,OnArrival,3,44,8561,Node_346,31,0,24,31,24,,,,,,,,,
1,VISIT,166,Random,OnArrival,3,46,8561,Node_343,30,0,25,30,25,,,,,,,,,
1,VISIT,169,Random,OnArrival,3,20,8568,Node_231,6,0,16,6,16,,,,,,,,,
1,VISIT,170,Random,OnArrival,3,20,8568,Node_204,8,0,18,8,18,,,,,,,,,
1,VISIT,171,Random,OnArrival,3,20,8568,Node_231,6,0,16,6,16,,,,,,,,,
1,VISIT,172,Random,OnArrival,3,19,8568,Node_204,8,0,18,8,18,,,,,,,,,
1,VISIT,166,Random,OnArrival,3,47,8574,Node_344,31,0,25,31,25,,,,,,,,,
1,VISIT,169,Random,OnArrival,3,21,8581,Node_233,5,0,16,5,16,,,,,,,,,
1,VISIT,170,Random,OnArrival,3,21,8581,Node_215,7,0,18,7,18,,,,,,,,,
1,VISIT,171,Random,OnArrival,3,21,8581,Node_233,5,0,16,5,16,,,,,,,,,
1,VISIT,172,Random,OnArrival,3,20,8581,Node_215,7,0,18,7,18,,,,,,,,,
1,VISIT,169,Random,OnArrival,3,22,8595,Node_270,4,0,16,4,16,,,,,,,,,
1,VISIT,170,Random,OnArrival,3,22,8595,Node_227,6,0,18,6,18,,,,,,,,,
1,VISIT,171,Random,OnArrival,3,22,8595,Node_270,4,0,16,4,16,,,,,,,,,
1,VISIT,172,Random,OnArrival,3,21,8595,Node_227,6,0,18,6,18,,,,,,,,,
1,VISIT,165,Random,OnArrival,3,45,8602,Node_344,31,0,25,31,25,,,,,,,,,
1,VISIT,169,Random,OnArrival,3,23,8609,Node_273,4,0,15,4,15,,,,,,,,,
1,VISIT,170,Random,OnArrival,3,23,8609,Node_229,6,0,17,6,17,,,,,,,,,
1,VISIT,171,Random,OnArrival,3,23,8609,Node_273,4,0,15,4,15,,,,,,,,,
1,VISIT,172,Random,OnArrival,3,22,8609,Node_229,6,0,17,6,17,,,,,,,,,
1,VISIT,165,Random,OnArrival,3,46,8615,Node_346,31,0,24,31,24,,,,,,,,,
1,VISIT,169,Random,OnArrival,3,24,8623,Node_380,5,0,15,5,15,,,,,,,,,
1,VISIT,170,Random,OnArrival,3,24,8623,Node_231,6,0,16,6,16,,,,,,,,,
1,VISIT,171,Random,OnArrival,3,24,8623,Node_380,5,0,15,5,15,,,,,,,,,
1,VISIT,172,Random,OnArrival,3,23,8623,Node_231,6,0,16,6,16,,,,,,,,,
1,VISIT,165,Random,OnArrival,3,47,8629,Node_348,31,0,23,31,23,,,,,,,,,
1,VISIT,169,Random,OnArrival,3,25,8637,Node_233,5,0,16,5,16,,,,,,,,,
1,VISIT,170,Random,OnArrival,3,25,8637,Node_233,5,0,16,5,16,,,,,,,,,
1,VISIT,171,Random,OnArrival,3,25,8637,Node_381,5,0,14,5,14,,,,,,,,,
1,VISIT,172,Random,OnArrival,3,24,8637,Node_233,5,0,16,5,16,,,,,,,,,
1,VISIT,165,Random,OnArrival,3,48,8643,Node_345,30,0,23,30,23,,,,,,,,,
1,VISIT,169,Random,OnArrival,3,26,8650,Node_235,5,0,17,5,17,,,,,,,,,
1,VISIT,170,Random,OnArrival,3,26,8650,Node_380,5,0,15,5,15,,,,,,,,,
1,VISIT,171,Random,OnArrival,3,26,8650,Node_276,4,0,14,4,14,,,,,,,,,
1,VISIT,172,Random,OnArrival,3,25,8650,Node_380,5,0,15,5,15,,,,,,,,,
1,VISIT,165,Random,OnArrival,3,49,8656,Node_347,30,0,22,30,22,,,,,,,,,
1,VISIT,169,Random,OnArrival,3,27,8663,Node_267,4,0,17,4,17,,,,,,,,,
1,VISIT,170,Random,OnArrival,3,27,8663,Node_381,5,0,14,5,14,,,,,,,,,
1,VISIT,171,Random,OnArrival,3,27,8663,Node_381,5,0,14,5,14,,,,,,,,,
1,VISIT,172,Random,OnArrival,3,26,8663,Node_381,5,0,14,5,14,,,,,,,,,
1,VISIT,165,Random,OnArrival,3,50,8669,Node_350,31,0,22,31,22,,,,,,,,,
1,VISIT,169,Random,OnArrival,3,28,8677,Node_363,3,0,17,3,17,,,,,,,,,
1,VISIT,169,Random,OnArrival,3,29,8691,Node_371,2,0,17,2,17,,,,,,,,,
1,VISIT,169,Random,OnArrival,3,30,8705,Node_372,1,0,17,1,17,,,,,,,,,
1,VISIT,170,Random,OnArrival,3,28,8719,Node_383,5,0,12,5,12,,,,,,,,,
1,VISIT,171,Random,OnArrival,3,28,8719,Node_383,5,0,12,5,12,,,,,,,,,
1,VISIT,172,Random,OnArrival,3,27,8719,Node_383,5,0,12,5,12,,,,,,,,,
1,VISIT,171,Random,OnArrival,3,29,8733,Node_382,5,0,13,5,13,,,,,,,,,
1,VISIT,170,Random,OnArrival,3,29,8747,Node_384,5,0,10,5,10,,,,,,,,,
1,VISIT,171,Random,OnArrival,3,30,8747,Node_399,6,0,13,6,13,,,,,,,,,
1,VISIT,172,Random,OnArrival,3,28,8747,Node_384,5,0,10,5,10,,,,,,,,,
1,VISIT,171,Random,OnArrival,3,31,8762,Node_402,6,0,12,6,12,,,,,,,,,
1,VISIT,171,Random,OnArrival,3,32,8777,Node_383,5,0,12,5,12,,,,,,,,,
1,VISIT,170,Random,OnArrival,3,30,8805,Node_284,2,0,11,2,11,,,,,,,,,
1,VISIT,171,Random,OnArrival,3,33,8805,Node_384,5,0,10,5,10,,,,,,,,,
1,VISIT,172,Random,OnArrival,3,29,8805,Node_284,2,0,11,2,11,,,,,,,,,
1,VISIT,173,Random,OnArrival,3,0,8810,Node_6,19,0,12,19,12,,,,,,,,,
1,VISIT,174,Random,OnArrival,3,0,8810,Node_7,19,0,8,19,8,,,,,,,,,
1,VISIT,175,Random,OnArrival,3,0,8810,Node_8,17,0,10,17,10,,,,,,,,,
1,VISIT,176,Random,OnArrival,3,0,8810,Node_9,21,0,10,21,10,,,,,,,,,
1,VISIT,170,Random,OnArrival,3,31,8814,Node_379,1,0,11,1,11,,,,,,,,,
1,VISIT,172,Random,OnArrival,3,30,8814,Node_379,1,0,11,1,11,,,,,,,,,
1,VISIT,173,Random,OnArrival,3,1,8817,Node_10,18,0,12,18,12,,,,,,,,,
1,VISIT,174,Random,OnArrival,3,1,8817,Node_3,19,0,9,19,9,,,,,,,,,
1,VISIT,175,Random,OnArrival,3,1,8817,Node_12,17,0,11,17,11,,,,,,,,,
1,VISIT,176,Random,OnArrival,3,1,8817,Node_5,20,0,10,20,10,,,,,,,,,
1,VISIT,173,Random,OnArrival,3,2,8826,Node_16,17,0,12,17,12,,,,,,,,,
1,VISIT,174,Random,OnArrival,3,2,8826,Node_15,18,0,9,18,9,,,,,,,,,
1,VISIT,175,Random,OnArrival,3,2,8826,Node_16,17,0,12,17,12,,,,,,,,,
1,VISIT,176,Random,OnArrival,3,2,8826,Node_55,20,0,11,20,11,,,,,,,,,
1,VISIT,171,Random,OnArrival,3,34,8830,Node_385,5,0,9,5,9,,,,,,,,,
1,VISIT,173,Random,OnArrival,3,3,8834,Node_18,16,0,12,16,12,,,,,,,,,
1,VISIT,174,Random,OnArrival,3,3,8834,Node_4,18,0,10,18,10,,,,,,,,,
1,VISIT,175,Random,OnArrival,3,3,8834,Node_18,16,0,12,16,12,,,,,,,,,
1,VISIT,176,Random,OnArrival,3,3,8834,Node_46,20,0,12,20,12,,,,,,,,,
1,VISIT,173,Random,OnArrival,3,4,8843,Node_29,15,0,12,15,12,,,,,,,,,
1,VISIT,174,Random,OnArrival,3,4,8843,Node_8,17,0,10,17,10,,,,,,,,,
1,VISIT,175,Random,OnArrival,3,4,8843,Node_29,15,0,12,15,12,,,,,,,,,
1,VISIT,176,Random,OnArrival,3,4,8843,Node_49,20,0,13,20,13,,,,,,,,,
1,VISIT,173,Random,OnArrival,3,5,8852,Node_31,15,0,13,15,13,,,,,,,,,
1,VISIT,174,Random,OnArrival,3,5,8852,Node_12,17,0,11,17,11,,,,,,,,,
1,VISIT,175,Random,OnArrival,3,5,8852,Node_31,15,0,13,15,13,,,,,,,,,
1,VISIT,176,Random,OnArrival,3,5,8852,Node_52,20,0,14,20,14,,,,,,,,,
1,VISIT,171,Random,OnArrival,3,35,8856,Node_388,5,0,6,5,6,,,,,,,,,
1,VISIT,173,Random,OnArrival,3,6,8860,Node_150,15,0,14,15,14,,,,,,,,,
1,VISIT,174,Random,OnArrival,3,6,8860,Node_16,17,0,12,17,12,,,,,,,,,
1,VISIT,175,Random,OnArrival,3,6,8860,Node_150,15,0,14,15,14,,,,,,,,,
1,VISIT,172,Random,OnArrival,3,31,8865,Node_285,2,0,10,2,10,,,,,,,,,
1,VISIT,173,Random,OnArrival,3,7,8869,Node_37,14,0,14,14,14,,,,,,,,,
1,VISIT,174,Random,OnArrival,3,7,8869,Node_18,16,0,12,16,12,,,,,,,,,
1,VISIT,175,Random,OnArrival,3,7,8869,Node_37,14,0,14,14,14,,,,,,,,,
1,VISIT,176,Random,OnArrival,3,6,8869,Node_66,18,0,14,18,14,,,,,,,,,
1,VISIT,172,Random,OnArrival,3,32,8873,Node_420,1,0,10,1,10,,,,,,,,,
1,VISIT,173,Random,OnArrival,3,8,8877,Node_38,13,0,14,13,14,,,,,,,,,
1,VISIT,174,Random,OnArrival,3,8,8877,Node_29,15,0,12,15,12,,,,,,,,,
1,VISIT,175,Random,OnArrival,3,8,8877,Node_38,13,0,14,13,14,,,,,,,,,
1,VISIT,176,Random,OnArrival,3,7,8877,Node_130,17,0,14,17,14,,,,,,,,,
1,VISIT,173,Random,OnArrival,3,9,8885,Node_39,13,0,15,13,15,,,,,,,,,
1,VISIT,174,Random,OnArrival,3,9,8885,Node_31,15,0,13,15,13,,,,,,,,,
1,VISIT,175,Random,OnArrival,3,9,8885,Node_39,13,0,15,13,15,,,,,,,,,
1,VISIT,176,Random,OnArrival,3,8,8885,Node_160,16,0,14,16,14,,,,,,,,,
1,VISIT,173,Random,OnArrival,3,10,8894,Node_40,13,0,16,13,16,,,,,,,,,
1,VISIT,174,Random,OnArrival,3,10,8894,Node_150,15,0,14,15,14,,,,,,,,,
1,VISIT,175,Random,OnArrival,3,10,8894,Node_40,13,0,16,13,16,,,,,,,,,
1,VISIT,176,Random,OnArrival,3,9,8894,Node_150,15,0,14,15,14,,,,,,,,,
1,VISIT,171,Random,OnArrival,3,36,8898,Node_426,2,0,8,2,8,,,,,,,,,
1,VISIT,173,Random,OnArrival,3,11,8902,Node_41,13,0,17,13,17,,,,,,,,,
1,VISIT,174,Random,OnArrival,3,11,8902,Node_37,14,0,14,14,14,,,,,,,,,
1,VISIT,175,Random,OnArrival,3,11,8902,Node_41,13,0,17,13,17,,,,,,,,,
1,VISIT,176,Random,OnArrival,3,10,8902,Node_37,14,0,14,14,14,,,,,,,,,
1,VISIT,171,Random,OnArrival,3,37,8907,Node_427,2,0,9,2,9,,,,,,,,,
1,VISIT,173,Random,OnArrival,3,12,8911,Node_42,13,0,18,13,18,,,,,,,,,
1,VISIT,174,Random,OnArrival,3,12,8911,Node_38,13,0,14,13,14,,,,,,,,,
1,VISIT,175,Random,OnArrival,3,12,8911,Node_42,13,0,18,13,18,,,,,,,,,
1,VISIT,176,Random,OnArrival,3,11,8911,Node_38,13,0,14,13,14,,,,,,,,,
1,VISIT,171,Random,OnArrival,3,38,8916,Node_423,1,0,9,1,9,,,,,,,,,
1,VISIT,173,Random,OnArrival,3,13,8920,Node_43,12,0,18,12,18,,,,,,,,,
1,VISIT,174,Random,OnArrival,3,13,8920,Node_39,13,0,15,13,15,,,,,,,,,
1,VISIT,175,Random,OnArrival,3,13,8920,Node_43,12,0,18,12,18,,,,,,,,,
1,VISIT,176,Random,OnArrival,3,12,8920,Node_39,13,0,15,13,15,,,,,,,,,
1,VISIT,171,Random,OnArrival,3,39,8926,Node_432,0,0,9,0,9,,,,,,,,,
1,VISIT,173,Random,OnArrival,3,14,8930,Node_81,11,0,18,11,18,,,,,,,,,
1,VISIT,174,Random,OnArrival,3,14,8930,Node_40,13,0,16,13,16,,,,,,,,,
1,VISIT,175,Random,OnArrival,3,14,8930,Node_81,11,0,18,11,18,,,,,,,,,
1,VISIT,176,Random,OnArrival,3,13,8930,Node_40,13,0,16,13,16,,,,,,,,,
1,VISIT,171,Random,OnArrival,3,40,8935,Node_433,-1,0,9,-1,9,,,,,,,,,
1,VISIT,174,Random,OnArrival,3,15,8940,Node_41,13,0,17,13,17,,,,,,,,,
1,VISIT,176,Random,OnArrival,3,14,8940,Node_41,13,0,17,13,17,,,,,,,,,
1,VISIT,173,Random,OnArrival,3,15,8952,Node_203,9,0,18,9,18,,,,,,,,,
1,VISIT,174,Random,OnArrival,3,16,8952,Node_42,13,0,18,13,18,,,,,,,,,
1,VISIT,175,Random,OnArrival,3,15,8952,Node_203,9,0,18,9,18,,,,,,,,,
1,VISIT,176,Random,OnArrival,3,15,8952,Node_42,13,0,18,13,18,,,,,,,,,
1,VISIT,173,Random,OnArrival,3,16,8962,Node_204,8,0,18,8,18,,,,,,,,,
1,VISIT,174,Random,OnArrival,3,17,8962,Node_43,12,0,18,12,18,,,,,,,,,
1,VISIT,175,Random,OnArrival,3,16,8962,Node_204,8,0,18,8,18,,,,,,,,,
1,VISIT,176,Random,OnArrival,3,16,8962,Node_43,12,0,18,12,18,,,,,,,,,
1,VISIT,173,Random,OnArrival,3,17,8972,Node_215,7,0,18,7,18,,,,,,,,,
1,VISIT,174,Random,OnArrival,3,18,8972,Node_81,11,0,18,11,18,,,,,,,,,
1,VISIT,175,Random,OnArrival,3,17,8972,Node_215,7,0,18,7,18,,,,,,,,,
1,VISIT,176,Random,OnArrival,3,17,8972,Node_81,11,0,18,11,18,,,,,,,,,
1,VISIT,173,Random,OnArrival,3,18,8983,Node_227,6,0,18,6,18,,,,,,,,,
1,VISIT,175,Random,OnArrival,3,18,8983,Node_227,6,0,18,6,18,,,,,,,,,
1,VISIT,173,Random,OnArrival,3,19,8996,Node_226,6,0,19,6,19,,,,,,,,,
1,VISIT,174,Random,OnArrival,3,19,8996,Node_203,9,0,18,9,18,,,,,,,,,
1,VISIT,175,Random,OnArrival,3,19,8996,Node_226,6,0,19,6,19,,,,,,,,,
1,VISIT,176,Random,OnArrival,3,18,8996,Node_203,9,0,18,9,18,,,,,,,,,
1,VISIT,173,Random,OnArrival,3,20,9009,Node_225,6,0,20,6,20,,,,,,,,,
1,VISIT,174,Random,OnArrival,3,20,9009,Node_204,8,0,18,8,18,,,,,,,,,
1,VISIT,175,Random,OnArrival,3,20,9009,Node_225,6,0,20,6,20,,,,,,,,,
1,VISIT,176,Random,OnArrival,3,19,9009,Node_204,8,0,18,8,18,,,,,,,,,
1,VISIT,173,Random,OnArrival,3,21,9022,Node_240,5,0,20,5,20,,,,,,,,,
1,VISIT,174,Random,OnArrival,3,21,9022,Node_215,7,0,18,7,18,,,,,,,,,
1,VISIT,175,Random,OnArrival,3,21,9022,Node_240,5,0,20,5,20,,,,,,,,,
1,VISIT,176,Random,OnArrival,3,20,9022,Node_215,7,0,18,7,18,,,,,,,,,
1,VISIT,174,Random,OnArrival,3,22,9035,Node_227,6,0,18,6,18,,,,,,,,,
1,VISIT,176,Random,OnArrival,3,21,9035,Node_227,6,0,18,6,18,,,,,,,,,
1,VISIT,173,Random,OnArrival,3,22,9049,Node_242,3,0,20,3,20,,,,,,,,,
1,VISIT,174,Random,OnArrival,3,23,9049,Node_226,6,0,19,6,19,,,,,,,,,
1,VISIT,175,Random,OnArrival,3,22,9049,Node_242,3,0,20,3,20,,,,,,,,,
1,VISIT,176,Random,OnArrival,3,22,9049,Node_226,6,0,19,6,19,,,,,,,,,
1,VISIT,174,Random,OnArrival,3,24,9063,Node_225,6,0,20,6,20,,,,,,,,,
1,VISIT,176,Random,OnArrival,3,23,9063,Node_225,6,0,20,6,20,,,,,,,,,
1,VISIT,174,Random,OnArrival,3,25,9077,Node_240,5,0,20,5,20,,,,,,,,,
1,VISIT,176,Random,OnArrival,3,24,9077,Node_240,5,0,20,5,20,,,,,,,,,
1,VISIT,173,Random,OnArrival,3,23,9091,Node_245,2,0,22,2,22,,,,,,,,,
1,VISIT,175,Random,OnArrival,3,23,9091,Node_245,2,0,22,2,22,,,,,,,,,
1,VISIT,174,Random,OnArrival,3,26,9105,Node_242,3,0,20,3,20,,,,,,,,,
1,VISIT,176,Random,OnArrival,3,25,9105,Node_242,3,0,20,3,20,,,,,,,,,
1,VISIT,174,Random,OnArrival,3,27,9120,Node_446,2,0,20,2,20,,,,,,,,,
1,VISIT,176,Random,OnArrival,3,26,9120,Node_243,3,0,21,3,21,,,,,,,,,
1,VISIT,176,Random,OnArrival,3,27,9134,Node_447,2,0,21,2,21,,,,,,,,,
1,VISIT,174,Random,OnArrival,3,28,9159,Node_447,2,0,21,2,21,,,,,,,,,
1,VISIT,176,Random,OnArrival,3,28,9159,Node_447,2,0,21,2,21,,,,,,,,,
1,VISIT,174,Random,OnArrival,3,29,9173,Node_446,2,0,20,2,20,,,,,,,,,
1,VISIT,176,Random,OnArrival,3,29,9173,Node_245,2,0,22,2,22,,,,,,,,,
1,VISIT,174,Random,OnArrival,3,30,9187,Node_450,1,0,20,1,20,,,,,,,,,
1,VISIT,176,Random,OnArrival,3,30,9201,Node_448,2,0,24,2,24,,,,,,,,,
1,VISIT,174,Random,OnArrival,3,31,9215,Node_413,-1,0,20,-1,20,,,,,,,,,
1,VISIT,176,Random,OnArrival,3,31,9215,Node_453,1,0,24,1,24,,,,,,,,,
1,VISIT,176,Random,OnArrival,3,32,9229,Node_454,0,0,24,0,24,,,,,,,,,
1,VISIT,176,Random,OnArrival,3,33,9243,Node_455,0,0,25,0,25,,,,,,,,,
1,VISIT,177,Random,OnArrival,3,0,9246,Node_6,19,0,12,19,12,,,,,,,,,
1,VISIT,178,Random,OnArrival,3,0,9246,Node_7,19,0,8,19,8,,,,,,,,,
1,VISIT,179,Random,OnArrival,3,0,9246,Node_8,17,0,10,17,10,,,,,,,,,
1,VISIT,180,Random,OnArrival,3,0,9246,Node_9,21,0,10,21,10,,,,,,,,,
1,VISIT,177,Random,OnArrival,3,1,9253,Node_10,18,0,12,18,12,,,,,,,,,
1,VISIT,178,Random,OnArrival,3,1,9253,Node_3,19,0,9,19,9,,,,,,,,,
1,VISIT,179,Random,OnArrival,3,1,9253,Node_12,17,0,11,17,11,,,,,,,,,
1,VISIT,180,Random,OnArrival,3,1,9253,Node_5,20,0,10,20,10,,,,,,,,,
1,VISIT,177,Random,OnArrival,3,2,9260,Node_16,17,0,12,17,12,,,,,,,,,
1,VISIT,178,Random,OnArrival,3,2,9260,Node_15,18,0,9,18,9,,,,,,,,,
1,VISIT,179,Random,OnArrival,3,2,9260,Node_16,17,0,12,17,12,,,,,,,,,
1,VISIT,180,Random,OnArrival,3,2,9260,Node_55,20,0,11,20,11,,,,,,,,,
1,VISIT,177,Random,OnArrival,3,3,9268,Node_18,16,0,12,16,12,,,,,,,,,
1,VISIT,178,Random,OnArrival,3,3,9268,Node_4,18,0,10,18,10,,,,,,,,,
1,VISIT,179,Random,OnArrival,3,3,9268,Node_18,16,0,12,16,12,,,,,,,,,
1,VISIT,180,Random,OnArrival,3,3,9268,Node_46,20,0,12,20,12,,,,,,,,,
1,VISIT,177,Random,OnArrival,3,4,9276,Node_29,15,0,12,15,12,,,,,,,,,
1,VISIT,178,Random,OnArrival,3,4,9276,Node_8,17,0,10,17,10,,,,,,,,,
1,VISIT,179,Random,OnArrival,3,4,9276,Node_29,15,0,12,15,12,,,,,,,,,
1,VISIT,180,Random,OnArrival,3,4,9276,Node_49,20,0,13,20,13,,,,,,,,,
1,VISIT,174,Random,OnArrival,3,32,9280,Node_444,-3,0,15,-3,15,,,,,,,,,
1,VISIT,176,Random,OnArrival,3,34,9280,Node_458,-5,0,25,-5,25,,,,,,,,,
1,VISIT,177,Random,OnArrival,3,5,9284,Node_31,15,0,13,15,13,,,,,,,,,
1,VISIT,178,Random,OnArrival,3,5,9284,Node_12,17,0,11,17,11,,,,,,,,,
1,VISIT,179,Random,OnArrival,3,5,9284,Node_31,15,0,13,15,13,,,,,,,,,
1,VISIT,180,Random,OnArrival,3,5,9284,Node_52,20,0,14,20,14,,,,,,,,,
1,VISIT,177,Random,OnArrival,3,6,9292,Node_150,15,0,14,15,14,,,,,,,,,
1,VISIT,178,Random,OnArrival,3,6,9292,Node_16,17,0,12,17,12,,,,,,,,,
1,VISIT,179,Random,OnArrival,3,6,9292,Node_150,15,0,14,15,14,,,,,,,,,
1,VISIT,175,Random,OnArrival,3,24,9297,Node_463,-5,0,23,-5,23,,,,,,,,,
1,VISIT,177,Random,OnArrival,3,7,9301,Node_37,14,0,14,14,14,,,,,,,,,
1,VISIT,178,Random,OnArrival,3,7,9301,Node_18,16,0,12,16,12,,,,,,,,,
1,VISIT,179,Random,OnArrival,3,7,9301,Node_37,14,0,14,14,14,,,,,,,,,
1,VISIT,180,Random,OnArrival,3,6,9301,Node_66,18,0,14,18,14,,,,,,,,,
1,VISIT,175,Random,OnArrival,3,25,9305,Node_460,-5,0,24,-5,24,,,,,,,,,
1,VISIT,177,Random,OnArrival,3,8,9309,Node_38,13,0,14,13,14,,,,,,,,,
1,VISIT,178,Random,OnArrival,3,8,9309,Node_29,15,0,12,15,12,,,,,,,,,
1,VISIT,179,Random,OnArrival,3,8,9309,Node_38,13,0,14,13,14,,,,,,,,,
1,VISIT,180,Random,OnArrival,3,7,9309,Node_130,17,0,14,17,14,,,,,,,,,
1,VISIT,175,Random,OnArrival,3,26,9313,Node_471,-6,0,24,-6,24,,,,,,,,,
1,VISIT,177,Random,OnArrival,3,9,9317,Node_39,13,0,15,13,15,,,,,,,,,
1,VISIT,178,Random,OnArrival,3,9,9317,Node_31,15,0,13,15,13,,,,,,,,,
1,VISIT,179,Random,OnArrival,3,9,9317,Node_39,13,0,15,13,15,,,,,,,,,
1,VISIT,180,Random,OnArrival,3,8,9317,Node_160,16,0,14,16,14,,,,,,,,,
1,VISIT,175,Random,OnArrival,3,27,9321,Node_469,-6,0,25,-6,25,,,,,,,,,
1,VISIT,177,Random,OnArrival,3,10,9326,Node_40,13,0,16,13,16,,,,,,,,,
1,VISIT,178,Random,OnArrival,3,10,9326,Node_150,15,0,14,15,14,,,,,,,,,
1,VISIT,179,Random,OnArrival,3,10,9326,Node_40,13,0,16,13,16,,,,,,,,,
1,VISIT,180,Random,OnArrival,3,9,9326,Node_150,15,0,14,15,14,,,,,,,,,
1,VISIT,175,Random,OnArrival,3,28,9330,Node_473,-7,0,25,-7,25,,,,,,,,,
1,VISIT,177,Random,OnArrival,3,11,9335,Node_41,13,0,17,13,17,,,,,,,,,
1,VISIT,178,Random,OnArrival,3,11,9335,Node_37,14,0,14,14,14,,,,,,,,,
1,VISIT,179,Random,OnArrival,3,11,9335,Node_41,13,0,17,13,17,,,,,,,,,
1,VISIT,180,Random,OnArrival,3,10,9335,Node_37,14,0,14,14,14,,,,,,,,,
1,VISIT,177,Random,OnArrival,3,12,9344,Node_42,13,0,18,13,18,,,,,,,,,
1,VISIT,178,Random,OnArrival,3,12,9344,Node_38,13,0,14,13,14,,,,,,,,,
1,VISIT,179,Random,OnArrival,3,12,9344,Node_42,13,0,18,13,18,,,,,,,,,
1,VISIT,180,Random,OnArrival,3,11,9344,Node_38,13,0,14,13,14,,,,,,,,,
1,VISIT,175,Random,OnArrival,3,29,9348,Node_474,-9,0,25,-9,25,,,,,,,,,
1,VISIT,177,Random,OnArrival,3,13,9353,Node_43,12,0,18,12,18,,,,,,,,,
1,VISIT,178,Random,OnArrival,3,13,9353,Node_39,13,0,15,13,15,,,,,,,,,
1,VISIT,179,Random,OnArrival,3,13,9353,Node_43,12,0,18,12,18,,,,,,,,,
1,VISIT,180,Random,OnArrival,3,12,9353,Node_39,13,0,15,13,15,,,,,,,,,
1,VISIT,177,Random,OnArrival,3,14,9362,Node_81,11,0,18,11,18,,,,,,,,,
1,VISIT,178,Random,OnArrival,3,14,9362,Node_40,13,0,16,13,16,,,,,,,,,
1,VISIT,179,Random,OnArrival,3,14,9362,Node_81,11,0,18,11,18,,,,,,,,,
1,VISIT,180,Random,OnArrival,3,13,9362,Node_40,13,0,16,13,16,,,,,,,,,
1,VISIT,175,Random,OnArrival,3,30,9367,Node_476,-10,0,24,-10,24,,,,,,,,,
1,VISIT,176,Random,OnArrival,3,35,9367,Node_476,-10,0,24,-10,24,,,,,,,,,
1,VISIT,178,Random,OnArrival,3,15,9372,Node_41,13,0,17,13,17,,,,,,,,,
1,VISIT,180,Random,OnArrival,3,14,9372,Node_41,13,0,17,13,17,,,,,,,,,
1,VISIT,177,Random,OnArrival,3,15,9384,Node_203,9,0,18,9,18,,,,,,,,,
1,VISIT,178,Random,OnArrival,3,16,9384,Node_42,13,0,18,13,18,,,,,,,,,
1,VISIT,179,Random,OnArrival,3,15,9384,Node_203,9,0,18,9,18,,,,,,,,,
1,VISIT,180,Random,OnArrival,3,15,9384,Node_42,13,0,18,13,18,,,,,,,,,
1,VISIT,177,Random,OnArrival,3,16,9395,Node_204,8,0,18,8,18,,,,,,,,,
1,VISIT,178,Random,OnArrival,3,17,9395,Node_43,12,0,18,12,18,,,,,,,,,
1,VISIT,179,Random,OnArrival,3,16,9395,Node_204,8,0,18,8,18,,,,,,,,,
1,VISIT,180,Random,OnArrival,3,16,9395,Node_43,12,0,18,12,18,,,,,,,,,
1,VISIT,177,Random,OnArrival,3,17,9406,Node_215,7,0,18,7,18,,,,,,,,,
1,VISIT,178,Random,OnArrival,3,18,9406,Node_81,11,0,18,11,18,,,,,,,,,
1,VISIT,179,Random,OnArrival,3,17,9406,Node_215,7,0,18,7,18,,,,,,,,,
1,VISIT,180,Random,OnArrival,3,17,9406,Node_81,11,0,18,11,18,,,,,,,,,
1,VISIT,177,Random,OnArrival,3,18,9417,Node_217,7,0,19,7,19,,,,,,,,,
1,VISIT,179,Random,OnArrival,3,18,9417,Node_217,7,0,19,7,19,,,,,,,,,
1,VISIT,177,Random,OnArrival,3,19,9429,Node_221,7,0,20,7,20,,,,,,,,,
1,VISIT,178,Random,OnArrival,3,19,9429,Node_203,9,0,18,9,18,,,,,,,,,
1,VISIT,179,Random,OnArrival,3,19,9429,Node_221,7,0,20,7,20,,,,,,,,,
1,VISIT,180,Random,OnArrival,3,18,9429,Node_203,9,0,18,9,18,,,,,,,,,
1,VISIT,177,Random,OnArrival,3,20,9441,Node_225,6,0,20,6,20,,,,,,,,,
1,VISIT,178,Random,OnArrival,3,20,9441,Node_204,8,0,18,8,18,,,,,,,,,
1,VISIT,179,Random,OnArrival,3,20,9441,Node_225,6,0,20,6,20,,,,,,,,,
1,VISIT,180,Random,OnArrival,3,19,9441,Node_204,8,0,18,8,18,,,,,,,,,
1,VISIT,177,Random,OnArrival,3,21,9453,Node_240,5,0,20,5,20,,,,,,,,,
1,VISIT,178,Random,OnArrival,3,21,9453,Node_215,7,0,18,7,18,,,,,,,,,
1,VISIT,179,Random,OnArrival,3,21,9453,Node_240,5,0,20,5,20,,,,,,,,,
1,VISIT,180,Random,OnArrival,3,20,9453,Node_215,7,0,18,7,18,,,,,,,,,
1,VISIT,178,Random,OnArrival,3,22,9466,Node_217,7,0,19,7,19,,,,,,,,,
1,VISIT,180,Random,OnArrival,3,21,9466,Node_217,7,0,19,7,19,,,,,,,,,
1,VISIT,177,Random,OnArrival,3,22,9478,Node_242,3,0,20,3,20,,,,,,,,,
1,VISIT,178,Random,OnArrival,3,23,9478,Node_221,7,0,20,7,20,,,,,,,,,
1,VISIT,179,Random,OnArrival,3,22,9478,Node_242,3,0,20,3,20,,,,,,,,,
1,VISIT,180,Random,OnArrival,3,22,9478,Node_221,7,0,20,7,20,,,,,,,,,
1,VISIT,177,Random,OnArrival,3,23,9490,Node_446,2,0,20,2,20,,,,,,,,,
1,VISIT,178,Random,OnArrival,3,24,9490,Node_225,6,0,20,6,20,,,,,,,,,
1,VISIT,179,Random,OnArrival,3,23,9490,Node_446,2,0,20,2,20,,,,,,,,,
1,VISIT,180,Random,OnArrival,3,23,9490,Node_225,6,0,20,6,20,,,,,,,,,
1,VISIT,177,Random,OnArrival,3,24,9503,Node_450,1,0,20,1,20,,,,,,,,,
1,VISIT,178,Random,OnArrival,3,25,9503,Node_240,5,0,20,5,20,,,,,,,,,
1,VISIT,179,Random,OnArrival,3,24,9503,Node_450,1,0,20,1,20,,,,,,,,,
1,VISIT,180,Random,OnArrival,3,24,9503,Node_240,5,0,20,5,20,,,,,,,,,
1,VISIT,177,Random,OnArrival,3,25,9529,Node_413,-1,0,20,-1,20,,,,,,,,,
1,VISIT,178,Random,OnArrival,3,26,9529,Node_242,3,0,20,3,20,,,,,,,,,
1,VISIT,179,Random,OnArrival,3,25,9529,Node_413,-1,0,20,-1,20,,,,,,,,,
1,VISIT,180,Random,OnArrival,3,25,9529,Node_242,3,0,20,3,20,,,,,,,,,
1,VISIT,177,Random,OnArrival,3,26,9542,Node_412,-1,0,19,-1,19,,,,,,,,,
1,VISIT,178,Random,OnArrival,3,27,9542,Node_446,2,0,20,2,20,,,,,,,,,
1,VISIT,179,Random,OnArrival,3,26,9542,Node_412,-1,0,19,-1,19,,,,,,,,,
1,VISIT,180,Random,OnArrival,3,26,9542,Node_446,2,0,20,2,20,,,,,,,,,
1,VISIT,177,Random,OnArrival,3,27,9556,Node_457,-2,0,19,-2,19,,,,,,,,,
1,VISIT,178,Random,OnArrival,3,28,9556,Node_450,1,0,20,1,20,,,,,,,,,
1,VISIT,179,Random,OnArrival,3,27,9556,Node_457,-2,0,19,-2,19,,,,,,,,,
1,VISIT,180,Random,OnArrival,3,27,9556,Node_450,1,0,20,1,20,,,,,,,,,
1,VISIT,177,Random,OnArrival,3,28,9570,Node_456,-2,0,20,-2,20,,,,,,,,,
1,VISIT,179,Random,OnArrival,3,28,9570,Node_459,-2,0,18,-2,18,,,,,,,,,
1,VISIT,177,Random,OnArrival,3,29,9584,Node_413,-1,0,20,-1,20,,,,,,,,,
1,VISIT,178,Random,OnArrival,3,29,9584,Node_413,-1,0,20,-1,20,,,,,,,,,
1,VISIT,179,Random,OnArrival,3,29,9584,Node_411,-1,0,18,-1,18,,,,,,,,,
1,VISIT,180,Random,OnArrival,3,28,9584,Node_413,-1,0,20,-1,20,,,,,,,,,
1,VISIT,178,Random,OnArrival,3,30,9598,Node_412,-1,0,19,-1,19,,,,,,,,,
1,VISIT,179,Random,OnArrival,3,30,9598,Node_412,-1,0,19,-1,19,,,,,,,,,
1,VISIT,180,Random,OnArrival,3,29,9598,Node_412,-1,0,19,-1,19,,,,,,,,,
1,VISIT,177,Random,OnArrival,3,30,9612,Node_416,-1,0,22,-1,22,,,,,,,,,
1,VISIT,178,Random,OnArrival,3,31,9612,Node_411,-1,0,18,-1,18,,,,,,,,,
1,VISIT,179,Random,OnArrival,3,31,9612,Node_413,-1,0,20,-1,20,,,,,,,,,
1,VISIT,180,Random,OnArrival,3,30,9612,Node_413,-1,0,20,-1,20,,,,,,,,,
1,VISIT,177,Random,OnArrival,3,31,9625,Node_417,-2,0,22,-2,22,,,,,,,,,
1,VISIT,178,Random,OnArrival,3,32,9625,Node_459,-2,0,18,-2,18,,,,,,,,,
1,VISIT,177,Random,OnArrival,3,32,9638,Node_424,-3,0,22,-3,22,,,,,,,,,
1,VISIT,178,Random,OnArrival,3,33,9638,Node_461,-2,0,17,-2,17,,,,,,,,,
1,VISIT,179,Random,OnArrival,3,32,9638,Node_416,-1,0,22,-1,22,,,,,,,,,
1,VISIT,180,Random,OnArrival,3,31,9638,Node_416,-1,0,22,-1,22,,,,,,,,,
1,VISIT,177,Random,OnArrival,3,33,9652,Node_466,-4,0,22,-4,22,,,,,,,,,
1,VISIT,178,Random,OnArrival,3,34,9652,Node_462,-3,0,17,-3,17,,,,,,,,,
1,VISIT,179,Random,OnArrival,3,33,9652,Node_417,-2,0,22,-2,22,,,,,,,,,
1,VISIT,180,Random,OnArrival,3,32,9652,Node_417,-2,0,22,-2,22,,,,,,,,,
1,VISIT,181,Random,OnArrival,3,0,9659,Node_6,19,0,12,19,12,,,,,,,,,
1,VISIT,182,Random,OnArrival,3,0,9659,Node_7,19,0,8,19,8,,,,,,,,,
1,VISIT,183,Random,OnArrival,3,0,9659,Node_8,17,0,10,17,10,,,,,,,,,
1,VISIT,184,Random,OnArrival,3,0,9659,Node_9,21,0,10,21,10,,,,,,,,,
1,VISIT,177,Random,OnArrival,3,34,9663,Node_424,-3,0,22,-3,22,,,,,,,,,
1,VISIT,179,Random,OnArrival,3,34,9663,Node_424,-3,0,22,-3,22,,,,,,,,,
1,VISIT,180,Random,OnArrival,3,33,9663,Node_424,-3,0,22,-3,22,,,,,,,,,
1,VISIT,181,Random,OnArrival,3,1,9663,Node_10,18,0,12,18,12,,,,,,,,,
1,VISIT,182,Random,OnArrival,3,1,9663,Node_3,19,0,9,19,9,,,,,,,,,
1,VISIT,183,Random,OnArrival,3,1,9663,Node_12,17,0,11,17,11,,,,,,,,,
1,VISIT,184,Random,OnArrival,3,1,9663,Node_5,20,0,10,20,10,,,,,,,,,
1,VISIT,177,Random,OnArrival,3,35,9669,Node_422,-3,0,23,-3,23,,,,,,,,,
1,VISIT,179,Random,OnArrival,3,35,9669,Node_466,-4,0,22,-4,22,,,,,,,,,
1,VISIT,180,Random,OnArrival,3,34,9669,Node_466,-4,0,22,-4,22,,,,,,,,,
1,VISIT,181,Random,OnArrival,3,2,9669,Node_16,17,0,12,17,12,,,,,,,,,
1,VISIT,182,Random,OnArrival,3,2,9669,Node_15,18,0,9,18,9,,,,,,,,,
1,VISIT,183,Random,OnArrival,3,2,9669,Node_16,17,0,12,17,12,,,,,,,,,
1,VISIT,184,Random,OnArrival,3,2,9669,Node_55,20,0,11,20,11,,,,,,,,,
1,VISIT,177,Random,OnArrival,3,36,9675,Node_468,-4,0,23,-4,23,,,,,,,,,
1,VISIT,179,Random,OnArrival,3,36,9675,Node_468,-4,0,23,-4,23,,,,,,,,,
1,VISIT,180,Random,OnArrival,3,35,9675,Node_468,-4,0,23,-4,23,,,,,,,,,
1,VISIT,181,Random,OnArrival,3,3,9675,Node_18,16,0,12,16,12,,,,,,,,,
1,VISIT,182,Random,OnArrival,3,3,9675,Node_4,18,0,10,18,10,,,,,,,,,
1,VISIT,183,Random,OnArrival,3,3,9675,Node_18,16,0,12,16,12,,,,,,,,,
1,VISIT,184,Random,OnArrival,3,3,9675,Node_46,20,0,12,20,12,,,,,,,,,
1,VISIT,177,Random,OnArrival,3,37,9681,Node_463,-5,0,23,-5,23,,,,,,,,,
1,VISIT,179,Random,OnArrival,3,37,9681,Node_463,-5,0,23,-5,23,,,,,,,,,
1,VISIT,180,Random,OnArrival,3,36,9681,Node_463,-5,0,23,-5,23,,,,,,,,,
1,VISIT,181,Random,OnArrival,3,4,9681,Node_29,15,0,12,15,12,,,,,,,,,
1,VISIT,182,Random,OnArrival,3,4,9681,Node_8,17,0,10,17,10,,,,,,,,,
1,VISIT,183,Random,OnArrival,3,4,9681,Node_29,15,0,12,15,12,,,,,,,,,
1,VISIT,184,Random,OnArrival,3,4,9681,Node_49,20,0,13,20,13,,,,,,,,,
1,VISIT,177,Random,OnArrival,3,38,9687,Node_460,-5,0,24,-5,24,,,,,,,,,
1,VISIT,179,Random,OnArrival,3,38,9687,Node_460,-5,0,24,-5,24,,,,,,,,,
1,VISIT,180,Random,OnArrival,3,37,9687,Node_460,-5,0,24,-5,24,,,,,,,,,
1,VISIT,181,Random,OnArrival,3,5,9687,Node_31,15,0,13,15,13,,,,,,,,,
1,VISIT,182,Random,OnArrival,3,5,9687,Node_12,17,0,11,17,11,,,,,,,,,
1,VISIT,183,Random,OnArrival,3,5,9687,Node_31,15,0,13,15,13,,,,,,,,,
1,VISIT,184,Random,OnArrival,3,5,9687,Node_52,20,0,14,20,14,,,,,,,,,
1,VISIT,177,Random,OnArrival,3,39,9693,Node_458,-5,0,25,-5,25,,,,,,,,,
1,VISIT,179,Random,OnArrival,3,39,9693,Node_458,-5,0,25,-5,25,,,,,,,,,
1,VISIT,180,Random,OnArrival,3,38,9693,Node_458,-5,0,25,-5,25,,,,,,,,,
1,VISIT,181,Random,OnArrival,3,6,9693,Node_150,15,0,14,15,14,,,,,,,,,
1,VISIT,182,Random,OnArrival,3,6,9693,Node_16,17,0,12,17,12,,,,,,,,,
1,VISIT,183,Random,OnArrival,3,6,9693,Node_150,15,0,14,15,14,,,,,,,,,
1,VISIT,181,Random,OnArrival,3,7,9701,Node_37,14,0,14,14,14,,,,,,,,,
1,VISIT,182,Random,OnArrival,3,7,9701,Node_18,16,0,12,16,12,,,,,,,,,
1,VISIT,183,Random,OnArrival,3,7,9701,Node_37,14,0,14,14,14,,,,,,,,,
1,VISIT,184,Random,OnArrival,3,6,9701,Node_66,18,0,14,18,14,,,,,,,,,
1,VISIT,181,Random,OnArrival,3,8,9708,Node_38,13,0,14,13,14,,,,,,,,,
1,VISIT,182,Random,OnArrival,3,8,9708,Node_29,15,0,12,15,12,,,,,,,,,
1,VISIT,183,Random,OnArrival,3,8,9708,Node_38,13,0,14,13,14,,,,,,,,,
1,VISIT,184,Random,OnArrival,3,7,9708,Node_130,17,0,14,17,14,,,,,,,,,
1,VISIT,181,Random,OnArrival,3,9,9715,Node_39,13,0,15,13,15,,,,,,,,,
1,VISIT,182,Random,OnArrival,3,9,9715,Node_31,15,0,13,15,13,,,,,,,,,
1,VISIT,183,Random,OnArrival,3,9,9715,Node_39,13,0,15,13,15,,,,,,,,,
1,VISIT,184,Random,OnArrival,3,8,9715,Node_160,16,0,14,16,14,,,,,,,,,
1,VISIT,181,Random,OnArrival,3,10,9722,Node_40,13,0,16,13,16,,,,,,,,,
1,VISIT,182,Random,OnArrival,3,10,9722,Node_150,15,0,14,15,14,,,,,,,,,
1,VISIT,183,Random,OnArrival,3,10,9722,Node_40,13,0,16,13,16,,,,,,,,,
1,VISIT,184,Random,OnArrival,3,9,9722,Node_150,15,0,14,15,14,,,,,,,,,
1,VISIT,177,Random,OnArrival,3,40,9728,Node_455,0,0,25,0,25,,,,,,,,,
1,VISIT,178,Random,OnArrival,3,35,9728,Node_490,-7,0,20,-7,20,,,,,,,,,
1,VISIT,179,Random,OnArrival,3,40,9728,Node_455,0,0,25,0,25,,,,,,,,,
1,VISIT,180,Random,OnArrival,3,39,9728,Node_455,0,0,25,0,25,,,,,,,,,
1,VISIT,181,Random,OnArrival,3,11,9728,Node_41,13,0,17,13,17,,,,,,,,,
1,VISIT,182,Random,OnArrival,3,11,9728,Node_37,14,0,14,14,14,,,,,,,,,
1,VISIT,183,Random,OnArrival,3,11,9728,Node_41,13,0,17,13,17,,,,,,,,,
1,VISIT,184,Random,OnArrival,3,10,9728,Node_37,14,0,14,14,14,,,,,,,,,
1,VISIT,177,Random,OnArrival,3,41,9735,Node_451,1,0,25,1,25,,,,,,,,,
1,VISIT,179,Random,OnArrival,3,41,9735,Node_451,1,0,25,1,25,,,,,,,,,
1,VISIT,180,Random,OnArrival,3,40,9735,Node_451,1,0,25,1,25,,,,,,,,,
1,VISIT,181,Random,OnArrival,3,12,9735,Node_42,13,0,18,13,18,,,,,,,,,
1,VISIT,182,Random,OnArrival,3,12,9735,Node_38,13,0,14,13,14,,,,,,,,,
1,VISIT,183,Random,OnArrival,3,12,9735,Node_42,13,0,18,13,18,,,,,,,,,
1,VISIT,184,Random,OnArrival,3,11,9735,Node_38,13,0,14,13,14,,,,,,,,,
1,VISIT,177,Random,OnArrival,3,42,9739,Node_449,2,0,25,2,25,,,,,,,,,
1,VISIT,179,Random,OnArrival,3,42,9739,Node_449,2,0,25,2,25,,,,,,,,,
1,VISIT,180,Random,OnArrival,3,41,9739,Node_449,2,0,25,2,25,,,,,,,,,
1,VISIT,181,Random,OnArrival,3,13,9739,Node_43,12,0,18,12,18,,,,,,,,,
1,VISIT,182,Random,OnArrival,3,13,9739,Node_39,13,0,15,13,15,,,,,,,,,
1,VISIT,183,Random,OnArrival,3,13,9739,Node_43,12,0,18,12,18,,,,,,,,,
1,VISIT,184,Random,OnArrival,3,12,9739,Node_39,13,0,15,13,15,,,,,,,,,
1,VISIT,177,Random,OnArrival,3,43,9744,Node_448,2,0,24,2,24,,,,,,,,,
1,VISIT,179,Random,OnArrival,3,43,9744,Node_448,2,0,24,2,24,,,,,,,,,
1,VISIT,180,Random,OnArrival,3,42,9744,Node_448,2,0,24,2,24,,,,,,,,,
1,VISIT,181,Random,OnArrival,3,14,9744,Node_81,11,0,18,11,18,,,,,,,,,
1,VISIT,182,Random,OnArrival,3,14,9744,Node_40,13,0,16,13,16,,,,,,,,,
1,VISIT,183,Random,OnArrival,3,14,9744,Node_81,11,0,18,11,18,,,,,,,,,
1,VISIT,184,Random,OnArrival,3,13,9744,Node_40,13,0,16,13,16,,,,,,,,,
1,VISIT,182,Random,OnArrival,3,15,9749,Node_41,13,0,17,13,17,,,,,,,,,
1,VISIT,184,Random,OnArrival,3,14,9749,Node_41,13,0,17,13,17,,,,,,,,,
1,VISIT,177,Random,OnArrival,3,44,9758,Node_245,2,0,22,2,22,,,,,,,,,
1,VISIT,178,Random,OnArrival,3,36,9758,Node_478,-10,0,22,-10,22,,,,,,,,,
1,VISIT,179,Random,OnArrival,3,44,9758,Node_245,2,0,22,2,22,,,,,,,,,
1,VISIT,180,Random,OnArrival,3,43,9758,Node_245,2,0,22,2,22,,,,,,,,,
1,VISIT,181,Random,OnArrival,3,15,9758,Node_203,9,0,18,9,18,,,,,,,,,
1,VISIT,182,Random,OnArrival,3,16,9758,Node_42,13,0,18,13,18,,,,,,,,,
1,VISIT,183,Random,OnArrival,3,15,9758,Node_203,9,0,18,9,18,,,,,,,,,
1,VISIT,184,Random,OnArrival,3,15,9758,Node_42,13,0,18,13,18,,,,,,,,,
1,VISIT,177,Random,OnArrival,3,45,9764,Node_447,2,0,21,2,21,,,,,,,,,
1,VISIT,178,Random,OnArrival,3,37,9764,Node_479,-10,0,21,-10,21,,,,,,,,,
1,VISIT,179,Random,OnArrival,3,45,9764,Node_447,2,0,21,2,21,,,,,,,,,
1,VISIT,180,Random,OnArrival,3,44,9764,Node_447,2,0,21,2,21,,,,,,,,,
1,VISIT,181,Random,OnArrival,3,16,9764,Node_204,8,0,18,8,18,,,,,,,,,
1,VISIT,182,Random,OnArrival,3,17,9764,Node_43,12,0,18,12,18,,,,,,,,,
1,VISIT,183,Random,OnArrival,3,16,9764,Node_204,8,0,18,8,18,,,,,,,,,
1,VISIT,184,Random,OnArrival,3,16,9764,Node_43,12,0,18,12,18,,,,,,,,,
1,VISIT,177,Random,OnArrival,3,46,9770,Node_446,2,0,20,2,20,,,,,,,,,
1,VISIT,178,Random,OnArrival,3,38,9770,Node_493,-9,0,21,-9,21,,,,,,,,,
1,VISIT,179,Random,OnArrival,3,46,9770,Node_446,2,0,20,2,20,,,,,,,,,
1,VISIT,180,Random,OnArrival,3,45,9770,Node_446,2,0,20,2,20,,,,,,,,,
1,VISIT,181,Random,OnArrival,3,17,9770,Node_215,7,0,18,7,18,,,,,,,,,
1,VISIT,182,Random,OnArrival,3,18,9770,Node_81,11,0,18,11,18,,,,,,,,,
1,VISIT,183,Random,OnArrival,3,17,9770,Node_215,7,0,18,7,18,,,,,,,,,
1,VISIT,184,Random,OnArrival,3,17,9770,Node_81,11,0,18,11,18,,,,,,,,,
1,VISIT,177,Random,OnArrival,3,47,9776,Node_450,1,0,20,1,20,,,,,,,,,
1,VISIT,178,Random,OnArrival,3,39,9776,Node_492,-9,0,20,-9,20,,,,,,,,,
1,VISIT,179,Random,OnArrival,3,47,9776,Node_450,1,0,20,1,20,,,,,,,,,
1,VISIT,180,Random,OnArrival,3,46,9776,Node_450,1,0,20,1,20,,,,,,,,,
1,VISIT,181,Random,OnArrival,3,18,9776,Node_217,7,0,19,7,19,,,,,,,,,
1,VISIT,183,Random,OnArrival,3,18,9776,Node_217,7,0,19,7,19,,,,,,,,,
1,VISIT,178,Random,OnArrival,3,40,9786,Node_480,-10,0,20,-10,20,,,,,,,,,
1,VISIT,181,Random,OnArrival,3,19,9786,Node_221,7,0,20,7,20,,,,,,,,,
1,VISIT,182,Random,OnArrival,3,19,9786,Node_203,9,0,18,9,18,,,,,,,,,
1,VISIT,183,Random,OnArrival,3,19,9786,Node_221,7,0,20,7,20,,,,,,,,,
1,VISIT,184,Random,OnArrival,3,18,9786,Node_203,9,0,18,9,18,,,,,,,,,
1,VISIT,177,Random,OnArrival,3,48,9794,Node_413,-1,0,20,-1,20,,,,,,,,,
1,VISIT,178,Random,OnArrival,3,41,9794,Node_492,-9,0,20,-9,20,,,,,,,,,
1,VISIT,179,Random,OnArrival,3,48,9794,Node_413,-1,0,20,-1,20,,,,,,,,,
1,VISIT,180,Random,OnArrival,3,47,9794,Node_413,-1,0,20,-1,20,,,,,,,,,
1,VISIT,181,Random,OnArrival,3,20,9794,Node_225,6,0,20,6,20,,,,,,,,,
1,VISIT,182,Random,OnArrival,3,20,9794,Node_204,8,0,18,8,18,,,,,,,,,
1,VISIT,183,Random,OnArrival,3,20,9794,Node_225,6,0,20,6,20,,,,,,,,,
1,VISIT,184,Random,OnArrival,3,19,9794,Node_204,8,0,18,8,18,,,,,,,,,
1,VISIT,177,Random,OnArrival,3,49,9801,Node_412,-1,0,19,-1,19,,,,,,,,,
1,VISIT,179,Random,OnArrival,3,49,9801,Node_412,-1,0,19,-1,19,,,,,,,,,
1,VISIT,180,Random,OnArrival,3,48,9801,Node_412,-1,0,19,-1,19,,,,,,,,,
1,VISIT,181,Random,OnArrival,3,21,9801,Node_240,5,0,20,5,20,,,,,,,,,
1,VISIT,182,Random,OnArrival,3,21,9801,Node_215,7,0,18,7,18,,,,,,,,,
1,VISIT,183,Random,OnArrival,3,21,9801,Node_240,5,0,20,5,20,,,,,,,,,
1,VISIT,184,Random,OnArrival,3,20,9801,Node_215,7,0,18,7,18,,,,,,,,,
1,VISIT,177,Random,OnArrival,3,50,9809,Node_411,-1,0,18,-1,18,,,,,,,,,
1,VISIT,178,Random,OnArrival,3,42,9809,Node_490,-7,0,20,-7,20,,,,,,,,,
1,VISIT,179,Random,OnArrival,3,50,9809,Node_411,-1,0,18,-1,18,,,,,,,,,
1,VISIT,180,Random,OnArrival,3,49,9809,Node_411,-1,0,18,-1,18,,,,,,,,,
1,VISIT,182,Random,OnArrival,3,22,9809,Node_217,7,0,19,7,19,,,,,,,,,
1,VISIT,184,Random,OnArrival,3,21,9809,Node_217,7,0,19,7,19,,,,,,,,,
1,VISIT,177,Random,OnArrival,3,51,9819,Node_459,-2,0,18,-2,18,,,,,,,,,
1,VISIT,179,Random,OnArrival,3,51,9819,Node_408,0,0,18,0,18,,,,,,,,,
1,VISIT,180,Random,OnArrival,3,50,9819,Node_408,0,0,18,0,18,,,,,,,,,
1,VISIT,181,Random,OnArrival,3,22,9819,Node_242,3,0,20,3,20,,,,,,,,,
1,VISIT,182,Random,OnArrival,3,23,9819,Node_221,7,0,20,7,20,,,,,,,,,
1,VISIT,183,Random,OnArrival,3,22,9819,Node_242,3,0,20,3,20,,,,,,,,,
1,VISIT,184,Random,OnArrival,3,22,9819,Node_221,7,0,20,7,20,,,,,,,,,
1,VISIT,177,Random,OnArrival,3,52,9828,Node_461,-2,0,17,-2,17,,,,,,,,,
1,VISIT,178,Random,OnArrival,3,43,9828,Node_489,-5,0,20,-5,20,,,,,,,,,
1,VISIT,179,Random,OnArrival,3,52,9828,Node_405,0,0,17,0,17,,,,,,,,,
1,VISIT,180,Random,OnArrival,3,51,9828,Node_405,0,0,17,0,17,,,,,,,,,
1,VISIT,181,Random,OnArrival,3,23,9828,Node_446,2,0,20,2,20,,,,,,,,,
1,VISIT,182,Random,OnArrival,3,24,9828,Node_225,6,0,20,6,20,,,,,,,,,
1,VISIT,183,Random,OnArrival,3,23,9828,Node_446,2,0,20,2,20,,,,,,,,,
1,VISIT,184,Random,OnArrival,3,23,9828,Node_225,6,0,20,6,20,,,,,,,,,
1,VISIT,177,Random,OnArrival,3,53,9837,Node_462,-3,0,17,-3,17,,,,,,,,,
1,VISIT,179,Random,OnArrival,3,53,9837,Node_372,1,0,17,1,17,,,,,,,,,
1,VISIT,180,Random,OnArrival,3,52,9837,Node_372,1,0,17,1,17,,,,,,,,,
1,VISIT,181,Random,OnArrival,3,24,9837,Node_450,1,0,20,1,20,,,,,,,,,
1,VISIT,182,Random,OnArrival,3,25,9837,Node_240,5,0,20,5,20,,,,,,,,,
1,VISIT,183,Random,OnArrival,3,24,9837,Node_450,1,0,20,1,20,,,,,,,,,
1,VISIT,184,Random,OnArrival,3,24,9837,Node_240,5,0,20,5,20,,,,,,,,,
1,VISIT,177,Random,OnArrival,3,54,9846,Node_486,-4,0,17,-4,17,,,,,,,,,
1,VISIT,177,Random,OnArrival,3,55,9859,Node_470,-4,0,16,-4,16,,,,,,,,,
1,VISIT,179,Random,OnArrival,3,54,9859,Node_374,1,0,15,1,15,,,,,,,,,
1,VISIT,180,Random,OnArrival,3,53,9859,Node_374,1,0,15,1,15,,,,,,,,,
1,VISIT,181,Random,OnArrival,3,25,9859,Node_413,-1,0,20,-1,20,,,,,,,,,
1,VISIT,182,Random,OnArrival,3,26,9859,Node_242,3,0,20,3,20,,,,,,,,,
1,VISIT,183,Random,OnArrival,3,25,9859,Node_413,-1,0,20,-1,20,,,,,,,,,
1,VISIT,184,Random,OnArrival,3,25,9859,Node_242,3,0,20,3,20,,,,,,,,,
1,VISIT,177,Random,OnArrival,3,56,9869,Node_464,-3,0,16,-3,16,,,,,,,,,
1,VISIT,181,Random,OnArrival,3,26,9869,Node_412,-1,0,19,-1,19,,,,,,,,,
1,VISIT,182,Random,OnArrival,3,27,9869,Node_446,2,0,20,2,20,,,,,,,,,
1,VISIT,183,Random,OnArrival,3,26,9869,Node_412,-1,0,19,-1,19,,,,,,,,,
1,VISIT,184,Random,OnArrival,3,26,9869,Node_446,2,0,20,2,20,,,,,,,,,
1,VISIT,177,Random,OnArrival,3,57,9880,Node_462,-3,0,17,-3,17,,,,,,,,,
1,VISIT,181,Random,OnArrival,3,27,9880,Node_411,-1,0,18,-1,18,,,,,,,,,
1,VISIT,182,Random,OnArrival,3,28,9880,Node_450,1,0,20,1,20,,,,,,,,,
1,VISIT,183,Random,OnArrival,3,27,9880,Node_411,-1,0,18,-1,18,,,,,,,,,
1,VISIT,184,Random,OnArrival,3,27,9880,Node_450,1,0,20,1,20,,,,,,,,,
1,VISIT,177,Random,OnArrival,3,58,9890,Node_486,-4,0,17,-4,17,,,,,,,,,
1,VISIT,181,Random,OnArrival,3,28,9890,Node_459,-2,0,18,-2,18,,,,,,,,,
1,VISIT,183,Random,OnArrival,3,28,9890,Node_459,-2,0,18,-2,18,,,,,,,,,
1,VISIT,179,Random,OnArrival,3,55,9903,Node_377,1,0,13,1,13,,,,,,,,,
1,VISIT,180,Random,OnArrival,3,54,9903,Node_377,1,0,13,1,13,,,,,,,,,
1,VISIT,181,Random,OnArrival,3,29,9903,Node_461,-2,0,17,-2,17,,,,,,,,,
1,VISIT,182,Random,OnArrival,3,29,9903,Node_413,-1,0,20,-1,20,,,,,,,,,
1,VISIT,183,Random,OnArrival,3,29,9903,Node_461,-2,0,17,-2,17,,,,,,,,,
1,VISIT,184,Random,OnArrival,3,28,9903,Node_413,-1,0,20,-1,20,,,,,,,,,
1,VISIT,177,Random,OnArrival,3,59,9914,Node_488,-5,0,18,-5,18,,,,,,,,,
1,VISIT,179,Random,OnArrival,3,56,9914,Node_282,2,0,13,2,13,,,,,,,,,
1,VISIT,180,Random,OnArrival,3,55,9914,Node_282,2,0,13,2,13,,,,,,,,,
1,VISIT,181,Random,OnArrival,3,30,9914,Node_462,-3,0,17,-3,17,,,,,,,,,
1,VISIT,182,Random,OnArrival,3,30,9914,Node_412,-1,0,19,-1,19,,,,,,,,,
1,VISIT,183,Random,OnArrival,3,30,9914,Node_462,-3,0,17,-3,17,,,,,,,,,
1,VISIT,184,Random,OnArrival,3,29,9914,Node_412,-1,0,19,-1,19,,,,,,,,,
1,VISIT,179,Random,OnArrival,3,57,9926,Node_377,1,0,13,1,13,,,,,,,,,
1,VISIT,180,Random,OnArrival,3,56,9926,Node_377,1,0,13,1,13,,,,,,,,,
1,VISIT,181,Random,OnArrival,3,31,9926,Node_486,-4,0,17,-4,17,,,,,,,,,
1,VISIT,182,Random,OnArrival,3,31,9926,Node_411,-1,0,18,-1,18,,,,,,,,,
1,VISIT,183,Random,OnArrival,3,31,9926,Node_486,-4,0,17,-4,17,,,,,,,,,
1,VISIT,184,Random,OnArrival,3,30,9926,Node_411,-1,0,18,-1,18,,,,,,,,,
1,VISIT,179,Random,OnArrival,3,58,9937,Node_376,1,0,14,1,14,,,,,,,,,
1,VISIT,180,Random,OnArrival,3,57,9937,Node_376,1,0,14,1,14,,,,,,,,,
1,VISIT,181,Random,OnArrival,3,32,9937,Node_499,-5,0,17,-5,17,,,,,,,,,
1,VISIT,182,Random,OnArrival,3,32,9937,Node_459,-2,0,18,-2,18,,,,,,,,,
1,VISIT,183,Random,OnArrival,3,32,9937,Node_499,-5,0,17,-5,17,,,,,,,,,
1,VISIT,184,Random,OnArrival,3,31,9937,Node_459,-2,0,18,-2,18,,,,,,,,,
1,VISIT,179,Random,OnArrival,3,59,9950,Node_497,0,0,14,0,14,,,,,,,,,
1,VISIT,180,Random,OnArrival,3,58,9950,Node_497,0,0,14,0,14,,,,,,,,,
1,VISIT,181,Random,OnArrival,3,33,9950,Node_501,-6,0,17,-6,17,,,,,,,,,
1,VISIT,182,Random,OnArrival,3,33,9950,Node_461,-2,0,17,-2,17,,,,,,,,,
1,VISIT,183,Random,OnArrival,3,33,9950,Node_501,-6,0,17,-6,17,,,,,,,,,
1,VISIT,184,Random,OnArrival,3,32,9950,Node_461,-2,0,17,-2,17,,,,,,,,,
1,VISIT,185,Random,OnArrival,3,0,9959,Node_6,19,0,12,19,12,,,,,,,,,
1,VISIT,186,Random,OnArrival,3,0,9959,Node_7,19,0,8,19,8,,,,,,,,,
1,VISIT,187,Random,OnArrival,3,0,9959,Node_8,17,0,10,17,10,,,,,,,,,
1,VISIT,188,Random,OnArrival,3,0,9959,Node_9,21,0,10,21,10,,,,,,,,,
1,VISIT,182,Random,OnArrival,3,34,9962,Node_462,-3,0,17,-3,17,,,,,,,,,
1,VISIT,184,Random,OnArrival,3,33,9962,Node_462,-3,0,17,-3,17,,,,,,,,,
1,VISIT,185,Random,OnArrival,3,1,9965,Node_10,18,0,12,18,12,,,,,,,,,
1,VISIT,186,Random,OnArrival,3,1,9965,Node_3,19,0,9,19,9,,,,,,,,,
1,VISIT,187,Random,OnArrival,3,1,9965,Node_12,17,0,11,17,11,,,,,,,,,
1,VISIT,188,Random,OnArrival,3,1,9965,Node_5,20,0,10,20,10,,,,,,,,,
1,VISIT,182,Random,OnArrival,3,35,9969,Node_464,-3,0,16,-3,16,,,,,,,,,
1,VISIT,184,Random,OnArrival,3,34,9969,Node_464,-3,0,16,-3,16,,,,,,,,,
1,VISIT,185,Random,OnArrival,3,2,9971,Node_16,17,0,12,17,12,,,,,,,,,
1,VISIT,186,Random,OnArrival,3,2,9971,Node_15,18,0,9,18,9,,,,,,,,,
1,VISIT,187,Random,OnArrival,3,2,9971,Node_16,17,0,12,17,12,,,,,,,,,
1,VISIT,188,Random,OnArrival,3,2,9971,Node_55,20,0,11,20,11,,,,,,,,,
1,VISIT,181,Random,OnArrival,3,34,9975,Node_502,-9,0,17,-9,17,,,,,,,,,
1,VISIT,182,Random,OnArrival,3,36,9975,Node_444,-3,0,15,-3,15,,,,,,,,,
1,VISIT,183,Random,OnArrival,3,34,9975,Node_502,-9,0,17,-9,17,,,,,,,,,
1,VISIT,184,Random,OnArrival,3,35,9975,Node_444,-3,0,15,-3,15,,,,,,,,,
1,VISIT,185,Random,OnArrival,3,3,9977,Node_18,16,0,12,16,12,,,,,,,,,
1,VISIT,186,Random,OnArrival,3,3,9977,Node_4,18,0,10,18,10,,,,,,,,,
1,VISIT,187,Random,OnArrival,3,3,9977,Node_18,16,0,12,16,12,,,,,,,,,
1,VISIT,188,Random,OnArrival,3,3,9977,Node_46,20,0,12,20,12,,,,,,,,,
1,VISIT,177,Random,OnArrival,3,60,9981,Node_481,-10,0,18,-10,18,,,,,,,,,
1,VISIT,179,Random,OnArrival,3,60,9981,Node_444,-3,0,15,-3,15,,,,,,,,,
1,VISIT,180,Random,OnArrival,3,59,9981,Node_444,-3,0,15,-3,15,,,,,,,,,
1,VISIT,182,Random,OnArrival,3,37,9981,Node_505,-2,0,15,-2,15,,,,,,,,,
1,VISIT,184,Random,OnArrival,3,36,9981,Node_505,-2,0,15,-2,15,,,,,,,,,
1,VISIT,185,Random,OnArrival,3,4,9983,Node_29,15,0,12,15,12,,,,,,,,,
1,VISIT,186,Random,OnArrival,3,4,9983,Node_8,17,0,10,17,10,,,,,,,,,
1,VISIT,187,Random,OnArrival,3,4,9983,Node_29,15,0,12,15,12,,,,,,,,,
1,VISIT,188,Random,OnArrival,3,4,9983,Node_49,20,0,13,20,13,,,,,,,,,
1,VISIT,177,Random,OnArrival,3,61,9987,Node_482,-10,0,17,-10,17,,,,,,,,,
1,VISIT,179,Random,OnArrival,3,61,9987,Node_442,-3,0,14,-3,14,,,,,,,,,
1,VISIT,180,Random,OnArrival,3,60,9987,Node_505,-2,0,15,-2,15,,,,,,,,,
1,VISIT,182,Random,OnArrival,3,38,9987,Node_444,-3,0,15,-3,15,,,,,,,,,
1,VISIT,184,Random,OnArrival,3,37,9987,Node_444,-3,0,15,-3,15,,,,,,,,,
1,VISIT,185,Random,OnArrival,3,5,9989,Node_31,15,0,13,15,13,,,,,,,,,
1,VISIT,186,Random,OnArrival,3,5,9989,Node_12,17,0,11,17,11,,,,,,,,,
1,VISIT,187,Random,OnArrival,3,5,9989,Node_31,15,0,13,15,13,,,,,,,,,
1,VISIT,188,Random,OnArrival,3,5,9989,Node_52,20,0,14,20,14,,,,,,,,,
1,VISIT,177,Random,OnArrival,3,62,9993,Node_502,-9,0,17,-9,17,,,,,,,,,
1,VISIT,179,Random,OnArrival,3,62,9993,Node_503,-2,0,14,-2,14,,,,,,,,,
1,VISIT,180,Random,OnArrival,3,61,9993,Node_503,-2,0,14,-2,14,,,,,,,,,
1,VISIT,182,Random,OnArrival,3,39,9993,Node_442,-3,0,14,-3,14,,,,,,,,,
1,VISIT,184,Random,OnArrival,3,38,9993,Node_442,-3,0,14,-3,14,,,,,,,,,
1,VISIT,185,Random,OnArrival,3,6,9995,Node_150,15,0,14,15,14,,,,,,,,,
1,VISIT,186,Random,OnArrival,3,6,9995,Node_16,17,0,12,17,12,,,,,,,,,
1,VISIT,187,Random,OnArrival,3,6,9995,Node_150,15,0,14,15,14,,,,,,,,,
1,VISIT,177,Random,OnArrival,3,63,10001,Node_482,-10,0,17,-10,17,,,,,,,,,
1,VISIT,179,Random,OnArrival,3,63,10001,Node_442,-3,0,14,-3,14,,,,,,,,,
1,VISIT,180,Random,OnArrival,3,62,10001,Node_442,-3,0,14,-3,14,,,,,,,,,
1,VISIT,181,Random,OnArrival,3,35,10001,Node_485,-10,0,14,-10,14,,,,,,,,,
1,VISIT,183,Random,OnArrival,3,35,10001,Node_485,-10,0,14,-10,14,,,,,,,,,
1,VISIT,185,Random,OnArrival,3,7,10003,Node_37,14,0,14,14,14,,,,,,,,,
1,VISIT,186,Random,OnArrival,3,7,10003,Node_18,16,0,12,16,12,,,,,,,,,
1,VISIT,187,Random,OnArrival,3,7,10003,Node_37,14,0,14,14,14,,,,,,,,,
1,VISIT,188,Random,OnArrival,3,6,10003,Node_66,18,0,14,18,14,,,,,,,,,
1,VISIT,177,Random,OnArrival,3,64,10007,Node_483,-10,0,16,-10,16,,,,,,,,,
1,VISIT,182,Random,OnArrival,3,40,10007,Node_439,-3,0,12,-3,12,,,,,,,,,
1,VISIT,184,Random,OnArrival,3,39,10007,Node_439,-3,0,12,-3,12,,,,,,,,,
1,VISIT,185,Random,OnArrival,3,8,10010,Node_38,13,0,14,13,14,,,,,,,,,
1,VISIT,186,Random,OnArrival,3,8,10010,Node_29,15,0,12,15,12,,,,,,,,,
1,VISIT,187,Random,OnArrival,3,8,10010,Node_38,13,0,14,13,14,,,,,,,,,
1,VISIT,188,Random,OnArrival,3,7,10010,Node_130,17,0,14,17,14,,,,,,,,,
1,VISIT,177,Random,OnArrival,3,65,10014,Node_506,-9,0,16,-9,16,,,,,,,,,
1,VISIT,179,Random,OnArrival,3,64,10014,Node_439,-3,0,12,-3,12,,,,,,,,,
1,VISIT,180,Random,OnArrival,3,63,10014,Node_439,-3,0,12,-3,12,,,,,,,,,
1,VISIT,185,Random,OnArrival,3,9,10016,Node_39,13,0,15,13,15,,,,,,,,,
1,VISIT,186,Random,OnArrival,3,9,10016,Node_31,15,0,13,15,13,,,,,,,,,
1,VISIT,187,Random,OnArrival,3,9,10016,Node_39,13,0,15,13,15,,,,,,,,,
1,VISIT,188,Random,OnArrival,3,8,10016,Node_160,16,0,14,16,14,,,,,,,,,
1,VISIT,177,Random,OnArrival,3,66,10020,Node_507,-9,0,15,-9,15,,,,,,,,,
1,VISIT,179,Random,OnArrival,3,65,10020,Node_509,-3,0,11,-3,11,,,,,,,,,
1,VISIT,180,Random,OnArrival,3,64,10020,Node_509,-3,0,11,-3,11,,,,,,,,,
1,VISIT,185,Random,OnArrival,3,10,10022,Node_40,13,0,16,13,16,,,,,,,,,
1,VISIT,186,Random,OnArrival,3,10,10022,Node_150,15,0,14,15,14,,,,,,,,,
1,VISIT,187,Random,OnArrival,3,10,10022,Node_40,13,0,16,13,16,,,,,,,,,
1,VISIT,188,Random,OnArrival,3,9,10022,Node_150,15,0,14,15,14,,,,,,,,,
1,VISIT,177,Random,OnArrival,3,67,10026,Node_484,-10,0,15,-10,15,,,,,,,,,
1,VISIT,179,Random,OnArrival,3,66,10026,Node_511,-3,0,10,-3,10,,,,,,,,,
1,VISIT,180,Random,OnArrival,3,65,10026,Node_511,-3,0,10,-3,10,,,,,,,,,
1,VISIT,185,Random,OnArrival,3,11,10028,Node_41,13,0,17,13,17,,,,,,,,,
1,VISIT,186,Random,OnArrival,3,11,10028,Node_37,14,0,14,14,14,,,,,,,,,
1,VISIT,187,Random,OnArrival,3,11,10028,Node_41,13,0,17,13,17,,,,,,,,,
1,VISIT,188,Random,OnArrival,3,10,10028,Node_37,14,0,14,14,14,,,,,,,,,
1,VISIT,177,Random,OnArrival,3,68,10032,Node_485,-10,0,14,-10,14,,,,,,,,,
1,VISIT,179,Random,OnArrival,3,67,10032,Node_513,-4,0,10,-4,10,,,,,,,,,
1,VISIT,180,Random,OnArrival,3,66,10032,Node_513,-4,0,10,-4,10,,,,,,,,,
1,VISIT,185,Random,OnArrival,3,12,10034,Node_42,13,0,18,13,18,,,,,,,,,
1,VISIT,186,Random,OnArrival,3,12,10034,Node_38,13,0,14,13,14,,,,,,,,,
1,VISIT,187,Random,OnArrival,3,12,10034,Node_42,13,0,18,13,18,,,,,,,,,
1,VISIT,188,Random,OnArrival,3,11,10034,Node_38,13,0,14,13,14,,,,,,,,,
1,VISIT,177,Random,OnArrival,3,69,10038,Node_508,-9,0,14,-9,14,,,,,,,,,
1,VISIT,179,Random,OnArrival,3,68,10038,Node_514,-4,0,11,-4,11,,,,,,,,,
1,VISIT,180,Random,OnArrival,3,67,10038,Node_514,-4,0,11,-4,11,,,,,,,,,
1,VISIT,185,Random,OnArrival,3,13,10041,Node_43,12,0,18,12,18,,,,,,,,,
1,VISIT,186,Random,OnArrival,3,13,10041,Node_39,13,0,15,13,15,,,,,,,,,
1,VISIT,187,Random,OnArrival,3,13,10041,Node_43,12,0,18,12,18,,,,,,,,,
1,VISIT,188,Random,OnArrival,3,12,10041,Node_39,13,0,15,13,15,,,,,,,,,
1,VISIT,179,Random,OnArrival,3,69,10045,Node_516,-5,0,11,-5,11,,,,,,,,,
1,VISIT,180,Random,OnArrival,3,68,10045,Node_516,-5,0,11,-5,11,,,,,,,,,
1,VISIT,185,Random,OnArrival,3,14,10048,Node_81,11,0,18,11,18,,,,,,,,,
1,VISIT,186,Random,OnArrival,3,14,10048,Node_40,13,0,16,13,16,,,,,,,,,
1,VISIT,187,Random,OnArrival,3,14,10048,Node_81,11,0,18,11,18,,,,,,,,,
1,VISIT,188,Random,OnArrival,3,13,10048,Node_40,13,0,16,13,16,,,,,,,,,
1,VISIT,179,Random,OnArrival,3,70,10052,Node_518,-5,0,10,-5,10,,,,,,,,,
1,VISIT,180,Random,OnArrival,3,69,10052,Node_518,-5,0,10,-5,10,,,,,,,,,
1,VISIT,186,Random,OnArrival,3,15,10055,Node_41,13,0,17,13,17,,,,,,,,,
1,VISIT,188,Random,OnArrival,3,14,10055,Node_41,13,0,17,13,17,,,,,,,,,
1,VISIT,177,Random,OnArrival,3,70,10061,Node_507,-9,0,15,-9,15,,,,,,,,,
1,VISIT,179,Random,OnArrival,3,71,10061,Node_521,-5,0,9,-5,9,,,,,,,,,
1,VISIT,180,Random,OnArrival,3,70,10061,Node_521,-5,0,9,-5,9,,,,,,,,,
1,VISIT,185,Random,OnArrival,3,15,10064,Node_203,9,0,18,9,18,,,,,,,,,
1,VISIT,186,Random,OnArrival,3,16,10064,Node_42,13,0,18,13,18,,,,,,,,,
1,VISIT,187,Random,OnArrival,3,15,10064,Node_203,9,0,18,9,18,,,,,,,,,
1,VISIT,188,Random,OnArrival,3,15,10064,Node_42,13,0,18,13,18,,,,,,,,,
1,VISIT,177,Random,OnArrival,3,71,10068,Node_508,-9,0,14,-9,14,,,,,,,,,
1,VISIT,179,Random,OnArrival,3,72,10068,Node_523,-5,0,8,-5,8,,,,,,,,,
1,VISIT,180,Random,OnArrival,3,71,10068,Node_523,-5,0,8,-5,8,,,,,,,,,
1,VISIT,185,Random,OnArrival,3,16,10071,Node_204,8,0,18,8,18,,,,,,,,,
1,VISIT,186,Random,OnArrival,3,17,10071,Node_43,12,0,18,12,18,,,,,,,,,
1,VISIT,187,Random,OnArrival,3,16,10071,Node_204,8,0,18,8,18,,,,,,,,,
1,VISIT,188,Random,OnArrival,3,16,10071,Node_43,12,0,18,12,18,,,,,,,,,
1,VISIT,177,Random,OnArrival,3,72,10075,Node_485,-10,0,14,-10,14,,,,,,,,,
1,VISIT,179,Random,OnArrival,3,73,10075,Node_525,-5,0,7,-5,7,,,,,,,,,
1,VISIT,180,Random,OnArrival,3,72,10075,Node_525,-5,0,7,-5,7,,,,,,,,,
1,VISIT,185,Random,OnArrival,3,17,10078,Node_215,7,0,18,7,18,,,,,,,,,
1,VISIT,186,Random,OnArrival,3,18,10078,Node_81,11,0,18,11,18,,,,,,,,,
1,VISIT,187,Random,OnArrival,3,17,10078,Node_215,7,0,18,7,18,,,,,,,,,
1,VISIT,188,Random,OnArrival,3,17,10078,Node_81,11,0,18,11,18,,,,,,,,,
1,VISIT,179,Random,OnArrival,3,74,10082,Node_527,-5,0,6,-5,6,,,,,,,,,
1,VISIT,180,Random,OnArrival,3,73,10082,Node_527,-5,0,6,-5,6,,,,,,,,,
1,VISIT,185,Random,OnArrival,3,18,10086,Node_217,7,0,19,7,19,,,,,,,,,
1,VISIT,187,Random,OnArrival,3,18,10086,Node_217,7,0,19,7,19,,,,,,,,,
1,VISIT,179,Random,OnArrival,3,75,10092,Node_529,-6,0,6,-6,6,,,,,,,,,
1,VISIT,180,Random,OnArrival,3,74,10092,Node_529,-6,0,6,-6,6,,,,,,,,,
1,VISIT,183,Random,OnArrival,3,36,10092,Node_522,-9,0,6,-9,6,,,,,,,,,
1,VISIT,185,Random,OnArrival,3,19,10096,Node_221,7,0,20,7,20,,,,,,,,,
1,VISIT,186,Random,OnArrival,3,19,10096,Node_203,9,0,18,9,18,,,,,,,,,
1,VISIT,187,Random,OnArrival,3,19,10096,Node_221,7,0,20,7,20,,,,,,,,,
1,VISIT,188,Random,OnArrival,3,18,10096,Node_203,9,0,18,9,18,,,,,,,,,
1,VISIT,177,Random,OnArrival,3,73,10100,Node_510,-10,0,11,-10,11,,,,,,,,,
1,VISIT,179,Random,OnArrival,3,76,10100,Node_530,-6,0,7,-6,7,,,,,,,,,
1,VISIT,180,Random,OnArrival,3,75,10100,Node_530,-6,0,7,-6,7,,,,,,,,,
1,VISIT,183,Random,OnArrival,3,37,10100,Node_520,-10,0,6,-10,6,,,,,,,,,
1,VISIT,185,Random,OnArrival,3,20,10104,Node_225,6,0,20,6,20,,,,,,,,,
1,VISIT,186,Random,OnArrival,3,20,10104,Node_204,8,0,18,8,18,,,,,,,,,
1,VISIT,187,Random,OnArrival,3,20,10104,Node_225,6,0,20,6,20,,,,,,,,,
1,VISIT,188,Random,OnArrival,3,19,10104,Node_204,8,0,18,8,18,,,,,,,,,
1,VISIT,179,Random,OnArrival,3,77,10109,Node_531,-7,0,7,-7,7,,,,,,,,,
1,VISIT,180,Random,OnArrival,3,76,10109,Node_531,-7,0,7,-7,7,,,,,,,,,
1,VISIT,185,Random,OnArrival,3,21,10113,Node_240,5,0,20,5,20,,,,,,,,,
1,VISIT,186,Random,OnArrival,3,21,10113,Node_215,7,0,18,7,18,,,,,,,,,
1,VISIT,187,Random,OnArrival,3,21,10113,Node_240,5,0,20,5,20,,,,,,,,,
1,VISIT,188,Random,OnArrival,3,20,10113,Node_215,7,0,18,7,18,,,,,,,,,
1,VISIT,179,Random,OnArrival,3,78,10118,Node_533,-7,0,8,-7,8,,,,,,,,,
1,VISIT,180,Random,OnArrival,3,77,10118,Node_533,-7,0,8,-7,8,,,,,,,,,
1,VISIT,183,Random,OnArrival,3,38,10118,Node_515,-10,0,8,-10,8,,,,,,,,,
1,VISIT,186,Random,OnArrival,3,22,10122,Node_217,7,0,19,7,19,,,,,,,,,
1,VISIT,188,Random,OnArrival,3,21,10122,Node_217,7,0,19,7,19,,,,,,,,,
1,VISIT,177,Random,OnArrival,3,74,10128,Node_512,-10,0,10,-10,10,,,,,,,,,
1,VISIT,185,Random,OnArrival,3,22,10133,Node_242,3,0,20,3,20,,,,,,,,,
1,VISIT,186,Random,OnArrival,3,23,10133,Node_221,7,0,20,7,20,,,,,,,,,
1,VISIT,187,Random,OnArrival,3,22,10133,Node_242,3,0,20,3,20,,,,,,,,,
1,VISIT,188,Random,OnArrival,3,22,10133,Node_221,7,0,20,7,20,,,,,,,,,
1,VISIT,177,Random,OnArrival,3,75,10138,Node_510,-10,0,11,-10,11,,,,,,,,,
1,VISIT,184,Random,OnArrival,3,40,10138,Node_515,-10,0,8,-10,8,,,,,,,,,
1,VISIT,185,Random,OnArrival,3,23,10143,Node_446,2,0,20,2,20,,,,,,,,,
1,VISIT,186,Random,OnArrival,3,24,10143,Node_225,6,0,20,6,20,,,,,,,,,
1,VISIT,187,Random,OnArrival,3,23,10143,Node_446,2,0,20,2,20,,,,,,,,,
1,VISIT,188,Random,OnArrival,3,23,10143,Node_225,6,0,20,6,20,,,,,,,,,
1,VISIT,177,Random,OnArrival,3,76,10148,Node_532,-9,0,11,-9,11,,,,,,,,,
1,VISIT,179,Random,OnArrival,3,79,10148,Node_515,-10,0,8,-10,8,,,,,,,,,
1,VISIT,180,Random,OnArrival,3,78,10148,Node_515,-10,0,8,-10,8,,,,,,,,,
1,VISIT,183,Random,OnArrival,3,39,10148,Node_533,-7,0,8,-7,8,,,,,,,,,
1,VISIT,185,Random,OnArrival,3,24,10153,Node_450,1,0,20,1,20,,,,,,,,,
1,VISIT,186,Random,OnArrival,3,25,10153,Node_240,5,0,20,5,20,,,,,,,,,
1,VISIT,187,Random,OnArrival,3,24,10153,Node_450,1,0,20,1,20,,,,,,,,,
1,VISIT,188,Random,OnArrival,3,24,10153,Node_240,5,0,20,5,20,,,,,,,,,
1,VISIT,183,Random,OnArrival,3,40,10159,Node_531,-7,0,7,-7,7,,,,,,,,,
1,VISIT,180,Random,OnArrival,3,79,10171,Node_520,-10,0,6,-10,6,,,,,,,,,
1,VISIT,184,Random,OnArrival,3,41,10171,Node_533,-7,0,8,-7,8,,,,,,,,,
1,VISIT,185,Random,OnArrival,3,25,10176,Node_413,-1,0,20,-1,20,,,,,,,,,
1,VISIT,186,Random,OnArrival,3,26,10176,Node_242,3,0,20,3,20,,,,,,,,,
1,VISIT,187,Random,OnArrival,3,25,10176,Node_413,-1,0,20,-1,20,,,,,,,,,
1,VISIT,188,Random,OnArrival,3,25,10176,Node_242,3,0,20,3,20,,,,,,,,,
1,VISIT,179,Random,OnArrival,3,80,10182,Node_533,-7,0,8,-7,8,,,,,,,,,
1,VISIT,180,Random,OnArrival,3,80,10182,Node_522,-9,0,6,-9,6,,,,,,,,,
1,VISIT,184,Random,OnArrival,3,42,10182,Node_531,-7,0,7,-7,7,,,,,,,,,
1,VISIT,185,Random,OnArrival,3,26,10186,Node_412,-1,0,19,-1,19,,,,,,,,,
1,VISIT,186,Random,OnArrival,3,27,10186,Node_446,2,0,20,2,20,,,,,,,,,
1,VISIT,187,Random,OnArrival,3,26,10186,Node_412,-1,0,19,-1,19,,,,,,,,,
1,VISIT,188,Random,OnArrival,3,26,10186,Node_446,2,0,20,2,20,,,,,,,,,
1,VISIT,179,Random,OnArrival,3,81,10193,Node_531,-7,0,7,-7,7,,,,,,,,,
1,VISIT,180,Random,OnArrival,3,81,10193,Node_528,-8,0,6,-8,6,,,,,,,,,
1,VISIT,184,Random,OnArrival,3,43,10193,Node_530,-6,0,7,-6,7,,,,,,,,,
1,VISIT,185,Random,OnArrival,3,27,10197,Node_411,-1,0,18,-1,18,,,,,,,,,
1,VISIT,186,Random,OnArrival,3,28,10197,Node_450,1,0,20,1,20,,,,,,,,,
1,VISIT,187,Random,OnArrival,3,27,10197,Node_411,-1,0,18,-1,18,,,,,,,,,
1,VISIT,188,Random,OnArrival,3,27,10197,Node_450,1,0,20,1,20,,,,,,,,,
1,VISIT,179,Random,OnArrival,3,82,10204,Node_530,-6,0,7,-6,7,,,,,,,,,
1,VISIT,180,Random,OnArrival,3,82,10204,Node_536,-7,0,6,-7,6,,,,,,,,,
1,VISIT,184,Random,OnArrival,3,44,10204,Node_525,-5,0,7,-5,7,,,,,,,,,
1,VISIT,185,Random,OnArrival,3,28,10208,Node_459,-2,0,18,-2,18,,,,,,,,,
1,VISIT,187,Random,OnArrival,3,28,10208,Node_459,-2,0,18,-2,18,,,,,,,,,
1,VISIT,179,Random,OnArrival,3,83,10216,Node_525,-5,0,7,-5,7,,,,,,,,,
1,VISIT,180,Random,OnArrival,3,83,10216,Node_529,-6,0,6,-6,6,,,,,,,,,
1,VISIT,185,Random,OnArrival,3,29,10220,Node_461,-2,0,17,-2,17,,,,,,,,,
1,VISIT,186,Random,OnArrival,3,29,10220,Node_413,-1,0,20,-1,20,,,,,,,,,
1,VISIT,187,Random,OnArrival,3,29,10220,Node_461,-2,0,17,-2,17,,,,,,,,,
1,VISIT,188,Random,OnArrival,3,28,10220,Node_413,-1,0,20,-1,20,,,,,,,,,
1,VISIT,179,Random,OnArrival,3,84,10227,Node_540,-4,0,7,-4,7,,,,,,,,,
1,VISIT,180,Random,OnArrival,3,84,10227,Node_527,-5,0,6,-5,6,,,,,,,,,
1,VISIT,185,Random,OnArrival,3,30,10231,Node_462,-3,0,17,-3,17,,,,,,,,,
1,VISIT,186,Random,OnArrival,3,30,10231,Node_412,-1,0,19,-1,19,,,,,,,,,
1,VISIT,187,Random,OnArrival,3,30,10231,Node_462,-3,0,17,-3,17,,,,,,,,,
1,VISIT,188,Random,OnArrival,3,29,10231,Node_412,-1,0,19,-1,19,,,,,,,,,
1,VISIT,179,Random,OnArrival,3,85,10238,Node_541,-4,0,8,-4,8,,,,,,,,,
1,VISIT,185,Random,OnArrival,3,31,10242,Node_486,-4,0,17,-4,17,,,,,,,,,
1,VISIT,186,Random,OnArrival,3,31,10242,Node_411,-1,0,18,-1,18,,,,,,,,,
1,VISIT,187,Random,OnArrival,3,31,10242,Node_486,-4,0,17,-4,17,,,,,,,,,
1,VISIT,188,Random,OnArrival,3,30,10242,Node_411,-1,0,18,-1,18,,,,,,,,,
1,VISIT,179,Random,OnArrival,3,86,10249,Node_543,-4,0,9,-4,9,,,,,,,,,
1,VISIT,180,Random,OnArrival,3,85,10249,Node_540,-4,0,7,-4,7,,,,,,,,,
1,VISIT,184,Random,OnArrival,3,45,10249,Node_513,-4,0,10,-4,10,,,,,,,,,
1,VISIT,185,Random,OnArrival,3,32,10253,Node_499,-5,0,17,-5,17,,,,,,,,,
1,VISIT,186,Random,OnArrival,3,32,10253,Node_459,-2,0,18,-2,18,,,,,,,,,
1,VISIT,187,Random,OnArrival,3,32,10253,Node_499,-5,0,17,-5,17,,,,,,,,,
1,VISIT,188,Random,OnArrival,3,31,10253,Node_459,-2,0,18,-2,18,,,,,,,,,
1,VISIT,179,Random,OnArrival,3,87,10260,Node_513,-4,0,10,-4,10,,,,,,,,,
1,VISIT,180,Random,OnArrival,3,86,10260,Node_525,-5,0,7,-5,7,,,,,,,,,
1,VISIT,184,Random,OnArrival,3,46,10260,Node_518,-5,0,10,-5,10,,,,,,,,,
1,VISIT,185,Random,OnArrival,3,33,10265,Node_501,-6,0,17,-6,17,,,,,,,,,
1,VISIT,186,Random,OnArrival,3,33,10265,Node_461,-2,0,17,-2,17,,,,,,,,,
1,VISIT,187,Random,OnArrival,3,33,10265,Node_501,-6,0,17,-6,17,,,,,,,,,
1,VISIT,188,Random,OnArrival,3,32,10265,Node_461,-2,0,17,-2,17,,,,,,,,,
1,VISIT,189,Random,OnArrival,3,0,10267,Node_6,19,0,12,19,12,,,,,,,,,
1,VISIT,190,Random,OnArrival,3,0,10267,Node_7,19,0,8,19,8,,,,,,,,,
1,VISIT,191,Random,OnArrival,3,0,10267,Node_8,17,0,10,17,10,,,,,,,,,
1,VISIT,192,Random,OnArrival,3,0,10267,Node_9,21,0,10,21,10,,,,,,,,,
1,VISIT,179,Random,OnArrival,3,88,10271,Node_518,-5,0,10,-5,10,,,,,,,,,
1,VISIT,180,Random,OnArrival,3,87,10271,Node_523,-5,0,8,-5,8,,,,,,,,,
1,VISIT,186,Random,OnArrival,3,34,10271,Node_462,-3,0,17,-3,17,,,,,,,,,
1,VISIT,188,Random,OnArrival,3,33,10271,Node_462,-3,0,17,-3,17,,,,,,,,,
1,VISIT,189,Random,OnArrival,3,1,10271,Node_10,18,0,12,18,12,,,,,,,,,
1,VISIT,190,Random,OnArrival,3,1,10271,Node_3,19,0,9,19,9,,,,,,,,,
1,VISIT,191,Random,OnArrival,3,1,10271,Node_12,17,0,11,17,11,,,,,,,,,
1,VISIT,192,Random,OnArrival,3,1,10271,Node_5,20,0,10,20,10,,,,,,,,,
1,VISIT,179,Random,OnArrival,3,89,10276,Node_546,-6,0,10,-6,10,,,,,,,,,
1,VISIT,180,Random,OnArrival,3,88,10276,Node_541,-4,0,8,-4,8,,,,,,,,,
1,VISIT,186,Random,OnArrival,3,35,10276,Node_486,-4,0,17,-4,17,,,,,,,,,
1,VISIT,188,Random,OnArrival,3,34,10276,Node_486,-4,0,17,-4,17,,,,,,,,,
1,VISIT,189,Random,OnArrival,3,2,10276,Node_16,17,0,12,17,12,,,,,,,,,
1,VISIT,190,Random,OnArrival,3,2,10276,Node_15,18,0,9,18,9,,,,,,,,,
1,VISIT,191,Random,OnArrival,3,2,10276,Node_16,17,0,12,17,12,,,,,,,,,
1,VISIT,192,Random,OnArrival,3,2,10276,Node_55,20,0,11,20,11,,,,,,,,,
1,VISIT,179,Random,OnArrival,3,90,10281,Node_547,-6,0,11,-6,11,,,,,,,,,
1,VISIT,180,Random,OnArrival,3,89,10281,Node_543,-4,0,9,-4,9,,,,,,,,,
1,VISIT,183,Random,OnArrival,3,41,10281,Node_544,-10,0,2,-10,2,,,,,,,,,
1,VISIT,185,Random,OnArrival,3,34,10281,Node_502,-9,0,17,-9,17,,,,,,,,,
1,VISIT,186,Random,OnArrival,3,36,10281,Node_499,-5,0,17,-5,17,,,,,,,,,
1,VISIT,187,Random,OnArrival,3,34,10281,Node_502,-9,0,17,-9,17,,,,,,,,,
1,VISIT,188,Random,OnArrival,3,35,10281,Node_499,-5,0,17,-5,17,,,,,,,,,
1,VISIT,189,Random,OnArrival,3,3,10281,Node_18,16,0,12,16,12,,,,,,,,,
1,VISIT,190,Random,OnArrival,3,3,10281,Node_4,18,0,10,18,10,,,,,,,,,
1,VISIT,191,Random,OnArrival,3,3,10281,Node_18,16,0,12,16,12,,,,,,,,,
1,VISIT,192,Random,OnArrival,3,3,10281,Node_46,20,0,12,20,12,,,,,,,,,
1,VISIT,179,Random,OnArrival,3,91,10286,Node_548,-6,0,12,-6,12,,,,,,,,,
1,VISIT,180,Random,OnArrival,3,90,10286,Node_521,-5,0,9,-5,9,,,,,,,,,
1,VISIT,185,Random,OnArrival,3,35,10286,Node_506,-9,0,16,-9,16,,,,,,,,,
1,VISIT,186,Random,OnArrival,3,37,10286,Node_501,-6,0,17,-6,17,,,,,,,,,
1,VISIT,187,Random,OnArrival,3,35,10286,Node_506,-9,0,16,-9,16,,,,,,,,,
1,VISIT,188,Random,OnArrival,3,36,10286,Node_501,-6,0,17,-6,17,,,,,,,,,
1,VISIT,189,Random,OnArrival,3,4,10286,Node_29,15,0,12,15,12,,,,,,,,,
1,VISIT,190,Random,OnArrival,3,4,10286,Node_8,17,0,10,17,10,,,,,,,,,
1,VISIT,191,Random,OnArrival,3,4,10286,Node_29,15,0,12,15,12,,,,,,,,,
1,VISIT,192,Random,OnArrival,3,4,10286,Node_49,20,0,13,20,13,,,,,,,,,
1,VISIT,180,Random,OnArrival,3,91,10291,Node_518,-5,0,10,-5,10,,,,,,,,,
1,VISIT,185,Random,OnArrival,3,36,10291,Node_507,-9,0,15,-9,15,,,,,,,,,
1,VISIT,187,Random,OnArrival,3,36,10291,Node_507,-9,0,15,-9,15,,,,,,,,,
1,VISIT,189,Random,OnArrival,3,5,10291,Node_31,15,0,13,15,13,,,,,,,,,
1,VISIT,190,Random,OnArrival,3,5,10291,Node_12,17,0,11,17,11,,,,,,,,,
1,VISIT,191,Random,OnArrival,3,5,10291,Node_31,15,0,13,15,13,,,,,,,,,
1,VISIT,192,Random,OnArrival,3,5,10291,Node_52,20,0,14,20,14,,,,,,,,,
1,VISIT,180,Random,OnArrival,3,92,10296,Node_513,-4,0,10,-4,10,,,,,,,,,
1,VISIT,185,Random,OnArrival,3,37,10296,Node_519,-8,0,15,-8,15,,,,,,,,,
1,VISIT,187,Random,OnArrival,3,37,10296,Node_519,-8,0,15,-8,15,,,,,,,,,
1,VISIT,189,Random,OnArrival,3,6,10296,Node_150,15,0,14,15,14,,,,,,,,,
1,VISIT,190,Random,OnArrival,3,6,10296,Node_16,17,0,12,17,12,,,,,,,,,
1,VISIT,191,Random,OnArrival,3,6,10296,Node_150,15,0,14,15,14,,,,,,,,,
1,VISIT,180,Random,OnArrival,3,93,10302,Node_511,-3,0,10,-3,10,,,,,,,,,
1,VISIT,186,Random,OnArrival,3,38,10302,Node_502,-9,0,17,-9,17,,,,,,,,,
1,VISIT,188,Random,OnArrival,3,37,10302,Node_502,-9,0,17,-9,17,,,,,,,,,
1,VISIT,189,Random,OnArrival,3,7,10302,Node_37,14,0,14,14,14,,,,,,,,,
1,VISIT,190,Random,OnArrival,3,7,10302,Node_18,16,0,12,16,12,,,,,,,,,
1,VISIT,191,Random,OnArrival,3,7,10302,Node_37,14,0,14,14,14,,,,,,,,,
1,VISIT,192,Random,OnArrival,3,6,10302,Node_66,18,0,14,18,14,,,,,,,,,
1,VISIT,179,Random,OnArrival,3,92,10307,Node_553,-7,0,15,-7,15,,,,,,,,,
1,VISIT,180,Random,OnArrival,3,94,10307,Node_435,-2,0,10,-2,10,,,,,,,,,
1,VISIT,186,Random,OnArrival,3,39,10307,Node_506,-9,0,16,-9,16,,,,,,,,,
1,VISIT,188,Random,OnArrival,3,38,10307,Node_506,-9,0,16,-9,16,,,,,,,,,
1,VISIT,189,Random,OnArrival,3,8,10307,Node_38,13,0,14,13,14,,,,,,,,,
1,VISIT,190,Random,OnArrival,3,8,10307,Node_29,15,0,12,15,12,,,,,,,,,
1,VISIT,191,Random,OnArrival,3,8,10307,Node_38,13,0,14,13,14,,,,,,,,,
1,VISIT,192,Random,OnArrival,3,7,10307,Node_130,17,0,14,17,14,,,,,,,,,
1,VISIT,179,Random,OnArrival,3,93,10311,Node_554,-7,0,14,-7,14,,,,,,,,,
1,VISIT,180,Random,OnArrival,3,95,10311,Node_436,-2,0,11,-2,11,,,,,,,,,
1,VISIT,186,Random,OnArrival,3,40,10311,Node_507,-9,0,15,-9,15,,,,,,,,,
1,VISIT,188,Random,OnArrival,3,39,10311,Node_507,-9,0,15,-9,15,,,,,,,,,
1,VISIT,189,Random,OnArrival,3,9,10311,Node_39,13,0,15,13,15,,,,,,,,,
1,VISIT,190,Random,OnArrival,3,9,10311,Node_31,15,0,13,15,13,,,,,,,,,
1,VISIT,191,Random,OnArrival,3,9,10311,Node_39,13,0,15,13,15,,,,,,,,,
1,VISIT,192,Random,OnArrival,3,8,10311,Node_160,16,0,14,16,14,,,,,,,,,
1,VISIT,179,Random,OnArrival,3,94,10315,Node_555,-7,0,13,-7,13,,,,,,,,,
1,VISIT,180,Random,OnArrival,3,96,10315,Node_509,-3,0,11,-3,11,,,,,,,,,
1,VISIT,186,Random,OnArrival,3,41,10315,Node_519,-8,0,15,-8,15,,,,,,,,,
1,VISIT,188,Random,OnArrival,3,40,10315,Node_519,-8,0,15,-8,15,,,,,,,,,
1,VISIT,189,Random,OnArrival,3,10,10315,Node_40,13,0,16,13,16,,,,,,,,,
1,VISIT,190,Random,OnArrival,3,10,10315,Node_150,15,0,14,15,14,,,,,,,,,
1,VISIT,191,Random,OnArrival,3,10,10315,Node_40,13,0,16,13,16,,,,,,,,,
1,VISIT,192,Random,OnArrival,3,9,10315,Node_150,15,0,14,15,14,,,,,,,,,
1,VISIT,179,Random,OnArrival,3,95,10319,Node_557,-7,0,12,-7,12,,,,,,,,,
1,VISIT,180,Random,OnArrival,3,97,10319,Node_514,-4,0,11,-4,11,,,,,,,,,
1,VISIT,186,Random,OnArrival,3,42,10319,Node_517,-8,0,14,-8,14,,,,,,,,,
1,VISIT,188,Random,OnArrival,3,41,10319,Node_553,-7,0,15,-7,15,,,,,,,,,
1,VISIT,189,Random,OnArrival,3,11,10319,Node_41,13,0,17,13,17,,,,,,,,,
1,VISIT,190,Random,OnArrival,3,11,10319,Node_37,14,0,14,14,14,,,,,,,,,
1,VISIT,191,Random,OnArrival,3,11,10319,Node_41,13,0,17,13,17,,,,,,,,,
1,VISIT,192,Random,OnArrival,3,10,10319,Node_37,14,0,14,14,14,,,,,,,,,
1,VISIT,179,Random,OnArrival,3,96,10323,Node_558,-7,0,11,-7,11,,,,,,,,,
1,VISIT,180,Random,OnArrival,3,98,10323,Node_513,-4,0,10,-4,10,,,,,,,,,
1,VISIT,186,Random,OnArrival,3,43,10323,Node_554,-7,0,14,-7,14,,,,,,,,,
1,VISIT,188,Random,OnArrival,3,42,10323,Node_554,-7,0,14,-7,14,,,,,,,,,
1,VISIT,189,Random,OnArrival,3,12,10323,Node_42,13,0,18,13,18,,,,,,,,,
1,VISIT,190,Random,OnArrival,3,12,10323,Node_38,13,0,14,13,14,,,,,,,,,
1,VISIT,191,Random,OnArrival,3,12,10323,Node_42,13,0,18,13,18,,,,,,,,,
1,VISIT,192,Random,OnArrival,3,11,10323,Node_38,13,0,14,13,14,,,,,,,,,
1,VISIT,179,Random,OnArrival,3,97,10328,Node_559,-7,0,10,-7,10,,,,,,,,,
1,VISIT,180,Random,OnArrival,3,99,10328,Node_518,-5,0,10,-5,10,,,,,,,,,
1,VISIT,186,Random,OnArrival,3,44,10328,Node_550,-6,0,14,-6,14,,,,,,,,,
1,VISIT,188,Random,OnArrival,3,43,10328,Node_550,-6,0,14,-6,14,,,,,,,,,
1,VISIT,189,Random,OnArrival,3,13,10328,Node_43,12,0,18,12,18,,,,,,,,,
1,VISIT,190,Random,OnArrival,3,13,10328,Node_39,13,0,15,13,15,,,,,,,,,
1,VISIT,191,Random,OnArrival,3,13,10328,Node_43,12,0,18,12,18,,,,,,,,,
1,VISIT,192,Random,OnArrival,3,12,10328,Node_39,13,0,15,13,15,,,,,,,,,
1,VISIT,179,Random,OnArrival,3,98,10332,Node_560,-8,0,10,-8,10,,,,,,,,,
1,VISIT,180,Random,OnArrival,3,100,10332,Node_546,-6,0,10,-6,10,,,,,,,,,
1,VISIT,185,Random,OnArrival,3,38,10332,Node_535,-8,0,11,-8,11,,,,,,,,,
1,VISIT,186,Random,OnArrival,3,45,10332,Node_549,-6,0,13,-6,13,,,,,,,,,
1,VISIT,187,Random,OnArrival,3,38,10332,Node_535,-8,0,11,-8,11,,,,,,,,,
1,VISIT,188,Random,OnArrival,3,44,10332,Node_549,-6,0,13,-6,13,,,,,,,,,
1,VISIT,189,Random,OnArrival,3,14,10332,Node_81,11,0,18,11,18,,,,,,,,,
1,VISIT,190,Random,OnArrival,3,14,10332,Node_40,13,0,16,13,16,,,,,,,,,
1,VISIT,191,Random,OnArrival,3,14,10332,Node_81,11,0,18,11,18,,,,,,,,,
1,VISIT,192,Random,OnArrival,3,13,10332,Node_40,13,0,16,13,16,,,,,,,,,
1,VISIT,179,Random,OnArrival,3,99,10336,Node_535,-8,0,11,-8,11,,,,,,,,,
1,VISIT,180,Random,OnArrival,3,101,10336,Node_559,-7,0,10,-7,10,,,,,,,,,
1,VISIT,185,Random,OnArrival,3,39,10336,Node_558,-7,0,11,-7,11,,,,,,,,,
1,VISIT,186,Random,OnArrival,3,46,10336,Node_555,-7,0,13,-7,13,,,,,,,,,
1,VISIT,187,Random,OnArrival,3,39,10336,Node_558,-7,0,11,-7,11,,,,,,,,,
1,VISIT,188,Random,OnArrival,3,45,10336,Node_555,-7,0,13,-7,13,,,,,,,,,
1,VISIT,190,Random,OnArrival,3,15,10336,Node_41,13,0,17,13,17,,,,,,,,,
1,VISIT,192,Random,OnArrival,3,14,10336,Node_41,13,0,17,13,17,,,,,,,,,
1,VISIT,179,Random,OnArrival,3,100,10343,Node_558,-7,0,11,-7,11,,,,,,,,,
1,VISIT,180,Random,OnArrival,3,102,10343,Node_558,-7,0,11,-7,11,,,,,,,,,
1,VISIT,185,Random,OnArrival,3,40,10343,Node_547,-6,0,11,-6,11,,,,,,,,,
1,VISIT,186,Random,OnArrival,3,47,10343,Node_549,-6,0,13,-6,13,,,,,,,,,
1,VISIT,187,Random,OnArrival,3,40,10343,Node_547,-6,0,11,-6,11,,,,,,,,,
1,VISIT,188,Random,OnArrival,3,46,10343,Node_549,-6,0,13,-6,13,,,,,,,,,
1,VISIT,189,Random,OnArrival,3,15,10343,Node_203,9,0,18,9,18,,,,,,,,,
1,VISIT,190,Random,OnArrival,3,16,10343,Node_42,13,0,18,13,18,,,,,,,,,
1,VISIT,191,Random,OnArrival,3,15,10343,Node_203,9,0,18,9,18,,,,,,,,,
1,VISIT,192,Random,OnArrival,3,15,10343,Node_42,13,0,18,13,18,,,,,,,,,
1,VISIT,179,Random,OnArrival,3,101,10348,Node_547,-6,0,11,-6,11,,,,,,,,,
1,VISIT,180,Random,OnArrival,3,103,10348,Node_547,-6,0,11,-6,11,,,,,,,,,
1,VISIT,185,Random,OnArrival,3,41,10348,Node_516,-5,0,11,-5,11,,,,,,,,,
1,VISIT,186,Random,OnArrival,3,48,10348,Node_548,-6,0,12,-6,12,,,,,,,,,
1,VISIT,187,Random,OnArrival,3,41,10348,Node_516,-5,0,11,-5,11,,,,,,,,,
1,VISIT,188,Random,OnArrival,3,47,10348,Node_548,-6,0,12,-6,12,,,,,,,,,
1,VISIT,189,Random,OnArrival,3,16,10348,Node_204,8,0,18,8,18,,,,,,,,,
1,VISIT,190,Random,OnArrival,3,17,10348,Node_43,12,0,18,12,18,,,,,,,,,
1,VISIT,191,Random,OnArrival,3,16,10348,Node_204,8,0,18,8,18,,,,,,,,,
1,VISIT,192,Random,OnArrival,3,16,10348,Node_43,12,0,18,12,18,,,,,,,,,
1,VISIT,179,Random,OnArrival,3,102,10353,Node_516,-5,0,11,-5,11,,,,,,,,,
1,VISIT,180,Random,OnArrival,3,104,10353,Node_516,-5,0,11,-5,11,,,,,,,,,
1,VISIT,185,Random,OnArrival,3,42,10353,Node_547,-6,0,11,-6,11,,,,,,,,,
1,VISIT,186,Random,OnArrival,3,49,10353,Node_557,-7,0,12,-7,12,,,,,,,,,
1,VISIT,187,Random,OnArrival,3,42,10353,Node_518,-5,0,10,-5,10,,,,,,,,,
1,VISIT,188,Random,OnArrival,3,48,10353,Node_557,-7,0,12,-7,12,,,,,,,,,
1,VISIT,189,Random,OnArrival,3,17,10353,Node_215,7,0,18,7,18,,,,,,,,,
1,VISIT,190,Random,OnArrival,3,18,10353,Node_81,11,0,18,11,18,,,,,,,,,
1,VISIT,191,Random,OnArrival,3,17,10353,Node_215,7,0,18,7,18,,,,,,,,,
1,VISIT,192,Random,OnArrival,3,17,10353,Node_81,11,0,18,11,18,,,,,,,,,
1,VISIT,179,Random,OnArrival,3,103,10358,Node_547,-6,0,11,-6,11,,,,,,,,,
1,VISIT,180,Random,OnArrival,3,105,10358,Node_547,-6,0,11,-6,11,,,,,,,,,
1,VISIT,185,Random,OnArrival,3,43,10358,Node_558,-7,0,11,-7,11,,,,,,,,,
1,VISIT,186,Random,OnArrival,3,50,10358,Node_558,-7,0,11,-7,11,,,,,,,,,
1,VISIT,187,Random,OnArrival,3,43,10358,Node_546,-6,0,10,-6,10,,,,,,,,,
1,VISIT,188,Random,OnArrival,3,49,10358,Node_558,-7,0,11,-7,11,,,,,,,,,
1,VISIT,189,Random,OnArrival,3,18,10358,Node_227,6,0,18,6,18,,,,,,,,,
1,VISIT,191,Random,OnArrival,3,18,10358,Node_227,6,0,18,6,18,,,,,,,,,
1,VISIT,179,Random,OnArrival,3,104,10367,Node_548,-6,0,12,-6,12,,,,,,,,,
1,VISIT,180,Random,OnArrival,3,106,10367,Node_548,-6,0,12,-6,12,,,,,,,,,
1,VISIT,185,Random,OnArrival,3,44,10367,Node_557,-7,0,12,-7,12,,,,,,,,,
1,VISIT,186,Random,OnArrival,3,51,10367,Node_559,-7,0,10,-7,10,,,,,,,,,
1,VISIT,187,Random,OnArrival,3,44,10367,Node_559,-7,0,10,-7,10,,,,,,,,,
1,VISIT,188,Random,OnArrival,3,50,10367,Node_559,-7,0,10,-7,10,,,,,,,,,
1,VISIT,189,Random,OnArrival,3,19,10367,Node_229,6,0,17,6,17,,,,,,,,,
1,VISIT,190,Random,OnArrival,3,19,10367,Node_203,9,0,18,9,18,,,,,,,,,
1,VISIT,191,Random,OnArrival,3,19,10367,Node_229,6,0,17,6,17,,,,,,,,,
1,VISIT,192,Random,OnArrival,3,18,10367,Node_203,9,0,18,9,18,,,,,,,,,
1,VISIT,179,Random,OnArrival,3,105,10372,Node_557,-7,0,12,-7,12,,,,,,,,,
1,VISIT,180,Random,OnArrival,3,107,10372,Node_547,-6,0,11,-6,11,,,,,,,,,
1,VISIT,185,Random,OnArrival,3,45,10372,Node_558,-7,0,11,-7,11,,,,,,,,,
1,VISIT,186,Random,OnArrival,3,52,10372,Node_560,-8,0,10,-8,10,,,,,,,,,
1,VISIT,187,Random,OnArrival,3,45,10372,Node_560,-8,0,10,-8,10,,,,,,,,,
1,VISIT,188,Random,OnArrival,3,51,10372,Node_560,-8,0,10,-8,10,,,,,,,,,
1,VISIT,189,Random,OnArrival,3,20,10372,Node_235,5,0,17,5,17,,,,,,,,,
1,VISIT,190,Random,OnArrival,3,20,10372,Node_204,8,0,18,8,18,,,,,,,,,
1,VISIT,191,Random,OnArrival,3,20,10372,Node_235,5,0,17,5,17,,,,,,,,,
1,VISIT,192,Random,OnArrival,3,19,10372,Node_204,8,0,18,8,18,,,,,,,,,
1,VISIT,179,Random,OnArrival,3,106,10378,Node_558,-7,0,11,-7,11,,,,,,,,,
1,VISIT,180,Random,OnArrival,3,108,10378,Node_546,-6,0,10,-6,10,,,,,,,,,
1,VISIT,185,Random,OnArrival,3,46,10378,Node_535,-8,0,11,-8,11,,,,,,,,,
1,VISIT,186,Random,OnArrival,3,53,10378,Node_534,-9,0,10,-9,10,,,,,,,,,
1,VISIT,187,Random,OnArrival,3,46,10378,Node_534,-9,0,10,-9,10,,,,,,,,,
1,VISIT,188,Random,OnArrival,3,52,10378,Node_534,-9,0,10,-9,10,,,,,,,,,
1,VISIT,189,Random,OnArrival,3,21,10378,Node_267,4,0,17,4,17,,,,,,,,,
1,VISIT,190,Random,OnArrival,3,21,10378,Node_215,7,0,18,7,18,,,,,,,,,
1,VISIT,191,Random,OnArrival,3,21,10378,Node_267,4,0,17,4,17,,,,,,,,,
1,VISIT,192,Random,OnArrival,3,20,10378,Node_215,7,0,18,7,18,,,,,,,,,
1,VISIT,179,Random,OnArrival,3,107,10383,Node_559,-7,0,10,-7,10,,,,,,,,,
1,VISIT,180,Random,OnArrival,3,109,10383,Node_559,-7,0,10,-7,10,,,,,,,,,
1,VISIT,185,Random,OnArrival,3,47,10383,Node_532,-9,0,11,-9,11,,,,,,,,,
1,VISIT,186,Random,OnArrival,3,54,10383,Node_512,-10,0,10,-10,10,,,,,,,,,
1,VISIT,187,Random,OnArrival,3,47,10383,Node_512,-10,0,10,-10,10,,,,,,,,,
1,VISIT,188,Random,OnArrival,3,53,10383,Node_512,-10,0,10,-10,10,,,,,,,,,
1,VISIT,189,Random,OnArrival,3,22,10383,Node_363,3,0,17,3,17,,,,,,,,,
1,VISIT,190,Random,OnArrival,3,22,10383,Node_227,6,0,18,6,18,,,,,,,,,
1,VISIT,191,Random,OnArrival,3,22,10383,Node_363,3,0,17,3,17,,,,,,,,,
1,VISIT,192,Random,OnArrival,3,21,10383,Node_227,6,0,18,6,18,,,,,,,,,
1,VISIT,179,Random,OnArrival,3,108,10389,Node_560,-8,0,10,-8,10,,,,,,,,,
1,VISIT,180,Random,OnArrival,3,110,10389,Node_560,-8,0,10,-8,10,,,,,,,,,
1,VISIT,185,Random,OnArrival,3,48,10389,Node_534,-9,0,10,-9,10,,,,,,,,,
1,VISIT,189,Random,OnArrival,3,23,10389,Node_371,2,0,17,2,17,,,,,,,,,
1,VISIT,190,Random,OnArrival,3,23,10389,Node_229,6,0,17,6,17,,,,,,,,,
1,VISIT,191,Random,OnArrival,3,23,10389,Node_371,2,0,17,2,17,,,,,,,,,
1,VISIT,192,Random,OnArrival,3,22,10389,Node_229,6,0,17,6,17,,,,,,,,,
1,VISIT,179,Random,OnArrival,3,109,10394,Node_534,-9,0,10,-9,10,,,,,,,,,
1,VISIT,180,Random,OnArrival,3,111,10394,Node_534,-9,0,10,-9,10,,,,,,,,,
1,VISIT,185,Random,OnArrival,3,49,10394,Node_512,-10,0,10,-10,10,,,,,,,,,
1,VISIT,186,Random,OnArrival,3,55,10394,Node_515,-10,0,8,-10,8,,,,,,,,,
1,VISIT,187,Random,OnArrival,3,48,10394,Node_515,-10,0,8,-10,8,,,,,,,,,
1,VISIT,188,Random,OnArrival,3,54,10394,Node_515,-10,0,8,-10,8,,,,,,,,,
1,VISIT,189,Random,OnArrival,3,24,10394,Node_372,1,0,17,1,17,,,,,,,,,
1,VISIT,190,Random,OnArrival,3,24,10394,Node_235,5,0,17,5,17,,,,,,,,,
1,VISIT,191,Random,OnArrival,3,24,10394,Node_372,1,0,17,1,17,,,,,,,,,
1,VISIT,192,Random,OnArrival,3,23,10394,Node_235,5,0,17,5,17,,,,,,,,,
1,VISIT,179,Random,OnArrival,3,110,10402,Node_512,-10,0,10,-10,10,,,,,,,,,
1,VISIT,180,Random,OnArrival,3,112,10402,Node_512,-10,0,10,-10,10,,,,,,,,,
1,VISIT,190,Random,OnArrival,3,25,10402,Node_267,4,0,17,4,17,,,,,,,,,
1,VISIT,192,Random,OnArrival,3,24,10402,Node_267,4,0,17,4,17,,,,,,,,,
1,VISIT,185,Random,OnArrival,3,50,10411,Node_515,-10,0,8,-10,8,,,,,,,,,
1,VISIT,189,Random,OnArrival,3,25,10411,Node_374,1,0,15,1,15,,,,,,,,,
1,VISIT,190,Random,OnArrival,3,26,10411,Node_363,3,0,17,3,17,,,,,,,,,
1,VISIT,191,Random,OnArrival,3,25,10411,Node_374,1,0,15,1,15,,,,,,,,,
1,VISIT,192,Random,OnArrival,3,25,10411,Node_363,3,0,17,3,17,,,,,,,,,
1,VISIT,179,Random,OnArrival,3,111,10421,Node_515,-10,0,8,-10,8,,,,,,,,,
1,VISIT,180,Random,OnArrival,3,113,10421,Node_515,-10,0,8,-10,8,,,,,,,,,
1,VISIT,186,Random,OnArrival,3,56,10421,Node_533,-7,0,8,-7,8,,,,,,,,,
1,VISIT,187,Random,OnArrival,3,49,10421,Node_533,-7,0,8,-7,8,,,,,,,,,
1,VISIT,188,Random,OnArrival,3,55,10421,Node_533,-7,0,8,-7,8,,,,,,,,,
1,VISIT,189,Random,OnArrival,3,26,10421,Node_376,1,0,14,1,14,,,,,,,,,
1,VISIT,190,Random,OnArrival,3,27,10421,Node_371,2,0,17,2,17,,,,,,,,,
1,VISIT,191,Random,OnArrival,3,26,10421,Node_376,1,0,14,1,14,,,,,,,,,
1,VISIT,192,Random,OnArrival,3,26,10421,Node_371,2,0,17,2,17,,,,,,,,,
1,VISIT,185,Random,OnArrival,3,51,10431,Node_520,-10,0,6,-10,6,,,,,,,,,
1,VISIT,186,Random,OnArrival,3,57,10431,Node_531,-7,0,7,-7,7,,,,,,,,,
1,VISIT,187,Random,OnArrival,3,50,10431,Node_531,-7,0,7,-7,7,,,,,,,,,
1,VISIT,188,Random,OnArrival,3,56,10431,Node_531,-7,0,7,-7,7,,,,,,,,,
1,VISIT,189,Random,OnArrival,3,27,10431,Node_377,1,0,13,1,13,,,,,,,,,
1,VISIT,190,Random,OnArrival,3,28,10431,Node_372,1,0,17,1,17,,,,,,,,,
1,VISIT,191,Random,OnArrival,3,27,10431,Node_377,1,0,13,1,13,,,,,,,,,
1,VISIT,192,Random,OnArrival,3,27,10431,Node_372,1,0,17,1,17,,,,,,,,,
1,VISIT,179,Random,OnArrival,3,112,10443,Node_520,-10,0,6,-10,6,,,,,,,,,
1,VISIT,180,Random,OnArrival,3,114,10443,Node_520,-10,0,6,-10,6,,,,,,,,,
1,VISIT,185,Random,OnArrival,3,52,10443,Node_522,-9,0,6,-9,6,,,,,,,,,
1,VISIT,186,Random,OnArrival,3,58,10443,Node_536,-7,0,6,-7,6,,,,,,,,,
1,VISIT,187,Random,OnArrival,3,51,10443,Node_536,-7,0,6,-7,6,,,,,,,,,
1,VISIT,188,Random,OnArrival,3,57,10443,Node_536,-7,0,6,-7,6,,,,,,,,,
1,VISIT,189,Random,OnArrival,3,28,10443,Node_378,1,0,12,1,12,,,,,,,,,
1,VISIT,191,Random,OnArrival,3,28,10443,Node_378,1,0,12,1,12,,,,,,,,,
1,VISIT,179,Random,OnArrival,3,113,10455,Node_522,-9,0,6,-9,6,,,,,,,,,
1,VISIT,180,Random,OnArrival,3,115,10455,Node_522,-9,0,6,-9,6,,,,,,,,,
1,VISIT,185,Random,OnArrival,3,53,10455,Node_524,-9,0,5,-9,5,,,,,,,,,
1,VISIT,186,Random,OnArrival,3,59,10455,Node_537,-7,0,5,-7,5,,,,,,,,,
1,VISIT,187,Random,OnArrival,3,52,10455,Node_537,-7,0,5,-7,5,,,,,,,,,
1,VISIT,188,Random,OnArrival,3,58,10455,Node_537,-7,0,5,-7,5,,,,,,,,,
1,VISIT,189,Random,OnArrival,3,29,10455,Node_283,2,0,12,2,12,,,,,,,,,
1,VISIT,190,Random,OnArrival,3,29,10455,Node_374,1,0,15,1,15,,,,,,,,,
1,VISIT,191,Random,OnArrival,3,29,10455,Node_283,2,0,12,2,12,,,,,,,,,
1,VISIT,192,Random,OnArrival,3,28,10455,Node_374,1,0,15,1,15,,,,,,,,,
1,VISIT,179,Random,OnArrival,3,114,10467,Node_524,-9,0,5,-9,5,,,,,,,,,
1,VISIT,180,Random,OnArrival,3,116,10467,Node_524,-9,0,5,-9,5,,,,,,,,,
1,VISIT,185,Random,OnArrival,3,54,10467,Node_526,-8,0,5,-8,5,,,,,,,,,
1,VISIT,186,Random,OnArrival,3,60,10467,Node_526,-8,0,5,-8,5,,,,,,,,,
1,VISIT,187,Random,OnArrival,3,53,10467,Node_526,-8,0,5,-8,5,,,,,,,,,
1,VISIT,188,Random,OnArrival,3,59,10467,Node_526,-8,0,5,-8,5,,,,,,,,,
1,VISIT,189,Random,OnArrival,3,30,10467,Node_284,2,0,11,2,11,,,,,,,,,
1,VISIT,190,Random,OnArrival,3,30,10467,Node_376,1,0,14,1,14,,,,,,,,,
1,VISIT,191,Random,OnArrival,3,30,10467,Node_284,2,0,11,2,11,,,,,,,,,
1,VISIT,192,Random,OnArrival,3,29,10467,Node_376,1,0,14,1,14,,,,,,,,,
1,VISIT,179,Random,OnArrival,3,115,10479,Node_526,-8,0,5,-8,5,,,,,,,,,
1,VISIT,180,Random,OnArrival,3,117,10479,Node_526,-8,0,5,-8,5,,,,,,,,,
1,VISIT,185,Random,OnArrival,3,55,10479,Node_537,-7,0,5,-7,5,,,,,,,,,
1,VISIT,186,Random,OnArrival,3,61,10479,Node_537,-7,0,5,-7,5,,,,,,,,,
1,VISIT,187,Random,OnArrival,3,54,10479,Node_537,-7,0,5,-7,5,,,,,,,,,
1,VISIT,188,Random,OnArrival,3,60,10479,Node_537,-7,0,5,-7,5,,,,,,,,,
1,VISIT,189,Random,OnArrival,3,31,10479,Node_285,2,0,10,2,10,,,,,,,,,
1,VISIT,190,Random,OnArrival,3,31,10479,Node_377,1,0,13,1,13,,,,,,,,,
1,VISIT,191,Random,OnArrival,3,31,10479,Node_285,2,0,10,2,10,,,,,,,,,
1,VISIT,192,Random,OnArrival,3,30,10479,Node_377,1,0,13,1,13,,,,,,,,,
1,VISIT,179,Random,OnArrival,3,116,10491,Node_537,-7,0,5,-7,5,,,,,,,,,
1,VISIT,180,Random,OnArrival,3,118,10491,Node_537,-7,0,5,-7,5,,,,,,,,,
1,VISIT,185,Random,OnArrival,3,56,10491,Node_538,-7,0,4,-7,4,,,,,,,,,
1,VISIT,186,Random,OnArrival,3,62,10491,Node_538,-7,0,4,-7,4,,,,,,,,,
1,VISIT,187,Random,OnArrival,3,55,10491,Node_538,-7,0,4,-7,4,,,,,,,,,
1,VISIT,188,Random,OnArrival,3,61,10491,Node_538,-7,0,4,-7,4,,,,,,,,,
1,VISIT,189,Random,OnArrival,3,32,10491,Node_414,3,0,10,3,10,,,,,,,,,
1,VISIT,190,Random,OnArrival,3,32,10491,Node_378,1,0,12,1,12,,,,,,,,,
1,VISIT,191,Random,OnArrival,3,32,10491,Node_414,3,0,10,3,10,,,,,,,,,
1,VISIT,192,Random,OnArrival,3,31,10491,Node_378,1,0,12,1,12,,,,,,,,,
1,VISIT,179,Random,OnArrival,3,117,10503,Node_538,-7,0,4,-7,4,,,,,,,,,
1,VISIT,180,Random,OnArrival,3,119,10503,Node_538,-7,0,4,-7,4,,,,,,,,,
1,VISIT,190,Random,OnArrival,3,33,10503,Node_379,1,0,11,1,11,,,,,,,,,
1,VISIT,192,Random,OnArrival,3,32,10503,Node_379,1,0,11,1,11,,,,,,,,,
1,VISIT,193,Random,OnArrival,3,0,10504,Node_6,19,0,12,19,12,,,,,,,,,
1,VISIT,194,Random,OnArrival,3,0,10504,Node_7,19,0,8,19,8,,,,,,,,,
1,VISIT,195,Random,OnArrival,3,0,10504,Node_8,17,0,10,17,10,,,,,,,,,
1,VISIT,196,Random,OnArrival,3,0,10504,Node_9,21,0,10,21,10,,,,,,,,,
1,VISIT,189,Random,OnArrival,3,33,10508,Node_427,2,0,9,2,9,,,,,,,,,
1,VISIT,190,Random,OnArrival,3,34,10508,Node_420,1,0,10,1,10,,,,,,,,,
1,VISIT,191,Random,OnArrival,3,33,10508,Node_427,2,0,9,2,9,,,,,,,,,
1,VISIT,192,Random,OnArrival,3,33,10508,Node_284,2,0,11,2,11,,,,,,,,,
1,VISIT,193,Random,OnArrival,3,1,10509,Node_10,18,0,12,18,12,,,,,,,,,
1,VISIT,194,Random,OnArrival,3,1,10509,Node_3,19,0,9,19,9,,,,,,,,,
1,VISIT,195,Random,OnArrival,3,1,10509,Node_12,17,0,11,17,11,,,,,,,,,
1,VISIT,196,Random,OnArrival,3,1,10509,Node_5,20,0,10,20,10,,,,,,,,,
1,VISIT,189,Random,OnArrival,3,34,10514,Node_423,1,0,9,1,9,,,,,,,,,
1,VISIT,190,Random,OnArrival,3,35,10514,Node_430,0,0,10,0,10,,,,,,,,,
1,VISIT,191,Random,OnArrival,3,34,10514,Node_423,1,0,9,1,9,,,,,,,,,
1,VISIT,192,Random,OnArrival,3,34,10514,Node_285,2,0,10,2,10,,,,,,,,,
1,VISIT,193,Random,OnArrival,3,2,10515,Node_16,17,0,12,17,12,,,,,,,,,
1,VISIT,194,Random,OnArrival,3,2,10515,Node_15,18,0,9,18,9,,,,,,,,,
1,VISIT,195,Random,OnArrival,3,2,10515,Node_16,17,0,12,17,12,,,,,,,,,
1,VISIT,196,Random,OnArrival,3,2,10515,Node_55,20,0,11,20,11,,,,,,,,,
1,VISIT,189,Random,OnArrival,3,35,10521,Node_432,0,0,9,0,9,,,,,,,,,
1,VISIT,190,Random,OnArrival,3,36,10521,Node_434,-1,0,10,-1,10,,,,,,,,,
1,VISIT,191,Random,OnArrival,3,35,10521,Node_432,0,0,9,0,9,,,,,,,,,
1,VISIT,192,Random,OnArrival,3,35,10521,Node_427,2,0,9,2,9,,,,,,,,,
1,VISIT,193,Random,OnArrival,3,3,10522,Node_18,16,0,12,16,12,,,,,,,,,
1,VISIT,194,Random,OnArrival,3,3,10522,Node_4,18,0,10,18,10,,,,,,,,,
1,VISIT,195,Random,OnArrival,3,3,10522,Node_18,16,0,12,16,12,,,,,,,,,
1,VISIT,196,Random,OnArrival,3,3,10522,Node_46,20,0,12,20,12,,,,,,,,,
1,VISIT,179,Random,OnArrival,3,118,10527,Node_563,-3,0,4,-3,4,,,,,,,,,
1,VISIT,180,Random,OnArrival,3,120,10527,Node_563,-3,0,4,-3,4,,,,,,,,,
1,VISIT,189,Random,OnArrival,3,36,10527,Node_433,-1,0,9,-1,9,,,,,,,,,
1,VISIT,190,Random,OnArrival,3,37,10527,Node_433,-1,0,9,-1,9,,,,,,,,,
1,VISIT,191,Random,OnArrival,3,36,10527,Node_430,0,0,10,0,10,,,,,,,,,
1,VISIT,192,Random,OnArrival,3,36,10527,Node_426,2,0,8,2,8,,,,,,,,,
1,VISIT,193,Random,OnArrival,3,4,10529,Node_29,15,0,12,15,12,,,,,,,,,
1,VISIT,194,Random,OnArrival,3,4,10529,Node_8,17,0,10,17,10,,,,,,,,,
1,VISIT,195,Random,OnArrival,3,4,10529,Node_29,15,0,12,15,12,,,,,,,,,
1,VISIT,196,Random,OnArrival,3,4,10529,Node_49,20,0,13,20,13,,,,,,,,,
1,VISIT,189,Random,OnArrival,3,37,10533,Node_438,-1,0,8,-1,8,,,,,,,,,
1,VISIT,190,Random,OnArrival,3,38,10533,Node_438,-1,0,8,-1,8,,,,,,,,,
1,VISIT,191,Random,OnArrival,3,37,10533,Node_434,-1,0,10,-1,10,,,,,,,,,
1,VISIT,192,Random,OnArrival,3,37,10533,Node_431,2,0,7,2,7,,,,,,,,,
1,VISIT,193,Random,OnArrival,3,5,10535,Node_31,15,0,13,15,13,,,,,,,,,
1,VISIT,194,Random,OnArrival,3,5,10535,Node_12,17,0,11,17,11,,,,,,,,,
1,VISIT,195,Random,OnArrival,3,5,10535,Node_31,15,0,13,15,13,,,,,,,,,
1,VISIT,196,Random,OnArrival,3,5,10535,Node_52,20,0,14,20,14,,,,,,,,,
1,VISIT,179,Random,OnArrival,3,119,10539,Node_564,-3,0,2,-3,2,,,,,,,,,
1,VISIT,180,Random,OnArrival,3,121,10539,Node_564,-3,0,2,-3,2,,,,,,,,,
1,VISIT,191,Random,OnArrival,3,38,10539,Node_433,-1,0,9,-1,9,,,,,,,,,
1,VISIT,193,Random,OnArrival,3,6,10541,Node_150,15,0,14,15,14,,,,,,,,,
1,VISIT,194,Random,OnArrival,3,6,10541,Node_16,17,0,12,17,12,,,,,,,,,
1,VISIT,195,Random,OnArrival,3,6,10541,Node_150,15,0,14,15,14,,,,,,,,,
1,VISIT,179,Random,OnArrival,3,120,10546,Node_565,-3,0,1,-3,1,,,,,,,,,
1,VISIT,180,Random,OnArrival,3,122,10546,Node_565,-3,0,1,-3,1,,,,,,,,,
1,VISIT,189,Random,OnArrival,3,38,10546,Node_445,-2,0,7,-2,7,,,,,,,,,
1,VISIT,190,Random,OnArrival,3,39,10546,Node_445,-2,0,7,-2,7,,,,,,,,,
1,VISIT,191,Random,OnArrival,3,39,10546,Node_438,-1,0,8,-1,8,,,,,,,,,
1,VISIT,193,Random,OnArrival,3,7,10549,Node_37,14,0,14,14,14,,,,,,,,,
1,VISIT,194,Random,OnArrival,3,7,10549,Node_18,16,0,12,16,12,,,,,,,,,
1,VISIT,195,Random,OnArrival,3,7,10549,Node_37,14,0,14,14,14,,,,,,,,,
1,VISIT,196,Random,OnArrival,3,6,10549,Node_66,18,0,14,18,14,,,,,,,,,
1,VISIT,179,Random,OnArrival,3,121,10553,Node_568,-3,0,0,-3,0,,,,,,,,,
1,VISIT,180,Random,OnArrival,3,123,10553,Node_568,-3,0,0,-3,0,,,,,,,,,
1,VISIT,189,Random,OnArrival,3,39,10553,Node_440,-1,0,7,-1,7,,,,,,,,,
1,VISIT,190,Random,OnArrival,3,40,10553,Node_440,-1,0,7,-1,7,,,,,,,,,
1,VISIT,191,Random,OnArrival,3,40,10553,Node_566,-2,0,8,-2,8,,,,,,,,,
1,VISIT,193,Random,OnArrival,3,8,10555,Node_38,13,0,14,13,14,,,,,,,,,
1,VISIT,194,Random,OnArrival,3,8,10555,Node_29,15,0,12,15,12,,,,,,,,,
1,VISIT,195,Random,OnArrival,3,8,10555,Node_38,13,0,14,13,14,,,,,,,,,
1,VISIT,196,Random,OnArrival,3,7,10555,Node_130,17,0,14,17,14,,,,,,,,,
1,VISIT,189,Random,OnArrival,3,40,10559,Node_441,-1,0,6,-1,6,,,,,,,,,
1,VISIT,190,Random,OnArrival,3,41,10559,Node_441,-1,0,6,-1,6,,,,,,,,,
1,VISIT,191,Random,OnArrival,3,41,10559,Node_445,-2,0,7,-2,7,,,,,,,,,
1,VISIT,192,Random,OnArrival,3,38,10559,Node_441,-1,0,6,-1,6,,,,,,,,,
1,VISIT,193,Random,OnArrival,3,9,10562,Node_39,13,0,15,13,15,,,,,,,,,
1,VISIT,194,Random,OnArrival,3,9,10562,Node_31,15,0,13,15,13,,,,,,,,,
1,VISIT,195,Random,OnArrival,3,9,10562,Node_39,13,0,15,13,15,,,,,,,,,
1,VISIT,196,Random,OnArrival,3,8,10562,Node_160,16,0,14,16,14,,,,,,,,,
1,VISIT,191,Random,OnArrival,3,42,10566,Node_443,-2,0,6,-2,6,,,,,,,,,
1,VISIT,193,Random,OnArrival,3,10,10569,Node_40,13,0,16,13,16,,,,,,,,,
1,VISIT,194,Random,OnArrival,3,10,10569,Node_150,15,0,14,15,14,,,,,,,,,
1,VISIT,195,Random,OnArrival,3,10,10569,Node_40,13,0,16,13,16,,,,,,,,,
1,VISIT,196,Random,OnArrival,3,9,10569,Node_150,15,0,14,15,14,,,,,,,,,
1,VISIT,179,Random,OnArrival,3,122,10573,Node_569,-3,0,-3,-3,-3,,,,,,,,,
1,VISIT,180,Random,OnArrival,3,124,10573,Node_569,-3,0,-3,-3,-3,,,,,,,,,
1,VISIT,193,Random,OnArrival,3,11,10575,Node_41,13,0,17,13,17,,,,,,,,,
1,VISIT,194,Random,OnArrival,3,11,10575,Node_37,14,0,14,14,14,,,,,,,,,
1,VISIT,195,Random,OnArrival,3,11,10575,Node_41,13,0,17,13,17,,,,,,,,,
1,VISIT,196,Random,OnArrival,3,10,10575,Node_37,14,0,14,14,14,,,,,,,,,
1,VISIT,189,Random,OnArrival,3,41,10580,Node_567,2,0,6,2,6,,,,,,,,,
1,VISIT,190,Random,OnArrival,3,42,10580,Node_567,2,0,6,2,6,,,,,,,,,
1,VISIT,192,Random,OnArrival,3,39,10580,Node_567,2,0,6,2,6,,,,,,,,,
1,VISIT,193,Random,OnArrival,3,12,10582,Node_42,13,0,18,13,18,,,,,,,,,
1,VISIT,194,Random,OnArrival,3,12,10582,Node_38,13,0,14,13,14,,,,,,,,,
1,VISIT,195,Random,OnArrival,3,12,10582,Node_42,13,0,18,13,18,,,,,,,,,
1,VISIT,196,Random,OnArrival,3,11,10582,Node_38,13,0,14,13,14,,,,,,,,,
1,VISIT,179,Random,OnArrival,3,123,10587,Node_570,-5,0,-3,-5,-3,,,,,,,,,
1,VISIT,180,Random,OnArrival,3,125,10587,Node_570,-5,0,-3,-5,-3,,,,,,,,,
1,VISIT,189,Random,OnArrival,3,42,10587,Node_428,3,0,6,3,6,,,,,,,,,
1,VISIT,190,Random,OnArrival,3,43,10587,Node_428,3,0,6,3,6,,,,,,,,,
1,VISIT,191,Random,OnArrival,3,43,10587,Node_563,-3,0,4,-3,4,,,,,,,,,
1,VISIT,192,Random,OnArrival,3,40,10587,Node_428,3,0,6,3,6,,,,,,,,,
1,VISIT,193,Random,OnArrival,3,13,10589,Node_43,12,0,18,12,18,,,,,,,,,
1,VISIT,194,Random,OnArrival,3,13,10589,Node_39,13,0,15,13,15,,,,,,,,,
1,VISIT,195,Random,OnArrival,3,13,10589,Node_43,12,0,18,12,18,,,,,,,,,
1,VISIT,196,Random,OnArrival,3,12,10589,Node_39,13,0,15,13,15,,,,,,,,,
1,VISIT,190,Random,OnArrival,3,44,10595,Node_567,2,0,6,2,6,,,,,,,,,
1,VISIT,193,Random,OnArrival,3,14,10597,Node_81,11,0,18,11,18,,,,,,,,,
1,VISIT,194,Random,OnArrival,3,14,10597,Node_40,13,0,16,13,16,,,,,,,,,
1,VISIT,195,Random,OnArrival,3,14,10597,Node_81,11,0,18,11,18,,,,,,,,,
1,VISIT,196,Random,OnArrival,3,13,10597,Node_40,13,0,16,13,16,,,,,,,,,
1,VISIT,189,Random,OnArrival,3,43,10603,Node_388,5,0,6,5,6,,,,,,,,,
1,VISIT,191,Random,OnArrival,3,44,10603,Node_564,-3,0,2,-3,2,,,,,,,,,
1,VISIT,192,Random,OnArrival,3,41,10603,Node_388,5,0,6,5,6,,,,,,,,,
1,VISIT,194,Random,OnArrival,3,15,10605,Node_41,13,0,17,13,17,,,,,,,,,
1,VISIT,196,Random,OnArrival,3,14,10605,Node_41,13,0,17,13,17,,,,,,,,,
1,VISIT,179,Random,OnArrival,3,124,10612,Node_572,-5,0,0,-5,0,,,,,,,,,
1,VISIT,180,Random,OnArrival,3,126,10612,Node_572,-5,0,0,-5,0,,,,,,,,,
1,VISIT,193,Random,OnArrival,3,15,10615,Node_203,9,0,18,9,18,,,,,,,,,
1,VISIT,194,Random,OnArrival,3,16,10615,Node_42,13,0,18,13,18,,,,,,,,,
1,VISIT,195,Random,OnArrival,3,15,10615,Node_203,9,0,18,9,18,,,,,,,,,
1,VISIT,196,Random,OnArrival,3,15,10615,Node_42,13,0,18,13,18,,,,,,,,,
1,VISIT,179,Random,OnArrival,3,125,10620,Node_573,-6,0,0,-6,0,,,,,,,,,
1,VISIT,180,Random,OnArrival,3,127,10620,Node_573,-6,0,0,-6,0,,,,,,,,,
1,VISIT,190,Random,OnArrival,3,45,10620,Node_441,-1,0,6,-1,6,,,,,,,,,
1,VISIT,193,Random,OnArrival,3,16,10624,Node_204,8,0,18,8,18,,,,,,,,,
1,VISIT,194,Random,OnArrival,3,17,10624,Node_43,12,0,18,12,18,,,,,,,,,
1,VISIT,195,Random,OnArrival,3,16,10624,Node_204,8,0,18,8,18,,,,,,,,,
1,VISIT,196,Random,OnArrival,3,16,10624,Node_43,12,0,18,12,18,,,,,,,,,
1,VISIT,189,Random,OnArrival,3,44,10629,Node_389,5,0,5,5,5,,,,,,,,,
1,VISIT,190,Random,OnArrival,3,46,10629,Node_443,-2,0,6,-2,6,,,,,,,,,
1,VISIT,192,Random,OnArrival,3,42,10629,Node_389,5,0,5,5,5,,,,,,,,,
1,VISIT,193,Random,OnArrival,3,17,10633,Node_215,7,0,18,7,18,,,,,,,,,
1,VISIT,194,Random,OnArrival,3,18,10633,Node_81,11,0,18,11,18,,,,,,,,,
1,VISIT,195,Random,OnArrival,3,17,10633,Node_215,7,0,18,7,18,,,,,,,,,
1,VISIT,196,Random,OnArrival,3,17,10633,Node_81,11,0,18,11,18,,,,,,,,,
1,VISIT,179,Random,OnArrival,3,126,10638,Node_576,-6,0,2,-6,2,,,,,,,,,
1,VISIT,180,Random,OnArrival,3,128,10638,Node_576,-6,0,2,-6,2,,,,,,,,,
1,VISIT,186,Random,OnArrival,3,63,10638,Node_539,-7,0,2,-7,2,,,,,,,,,
1,VISIT,187,Random,OnArrival,3,56,10638,Node_539,-7,0,2,-7,2,,,,,,,,,
1,VISIT,188,Random,OnArrival,3,62,10638,Node_539,-7,0,2,-7,2,,,,,,,,,
1,VISIT,191,Random,OnArrival,3,45,10638,Node_539,-7,0,2,-7,2,,,,,,,,,
1,VISIT,192,Random,OnArrival,3,43,10638,Node_388,5,0,6,5,6,,,,,,,,,
1,VISIT,193,Random,OnArrival,3,18,10642,Node_227,6,0,18,6,18,,,,,,,,,
1,VISIT,195,Random,OnArrival,3,18,10642,Node_227,6,0,18,6,18,,,,,,,,,
1,VISIT,179,Random,OnArrival,3,127,10649,Node_539,-7,0,2,-7,2,,,,,,,,,
1,VISIT,180,Random,OnArrival,3,129,10649,Node_539,-7,0,2,-7,2,,,,,,,,,
1,VISIT,189,Random,OnArrival,3,45,10649,Node_391,5,0,3,5,3,,,,,,,,,
1,VISIT,190,Random,OnArrival,3,47,10649,Node_542,-4,0,6,-4,6,,,,,,,,,
1,VISIT,191,Random,OnArrival,3,46,10649,Node_576,-6,0,2,-6,2,,,,,,,,,
1,VISIT,193,Random,OnArrival,3,19,10653,Node_229,6,0,17,6,17,,,,,,,,,
1,VISIT,194,Random,OnArrival,3,19,10653,Node_203,9,0,18,9,18,,,,,,,,,
1,VISIT,195,Random,OnArrival,3,19,10653,Node_229,6,0,17,6,17,,,,,,,,,
1,VISIT,196,Random,OnArrival,3,18,10653,Node_203,9,0,18,9,18,,,,,,,,,
1,VISIT,180,Random,OnArrival,3,130,10659,Node_576,-6,0,2,-6,2,,,,,,,,,
1,VISIT,187,Random,OnArrival,3,57,10659,Node_538,-7,0,4,-7,4,,,,,,,,,
1,VISIT,193,Random,OnArrival,3,20,10663,Node_231,6,0,16,6,16,,,,,,,,,
1,VISIT,194,Random,OnArrival,3,20,10663,Node_204,8,0,18,8,18,,,,,,,,,
1,VISIT,195,Random,OnArrival,3,20,10663,Node_231,6,0,16,6,16,,,,,,,,,
1,VISIT,196,Random,OnArrival,3,19,10663,Node_204,8,0,18,8,18,,,,,,,,,
1,VISIT,179,Random,OnArrival,3,128,10669,Node_538,-7,0,4,-7,4,,,,,,,,,
1,VISIT,186,Random,OnArrival,3,64,10669,Node_544,-10,0,2,-10,2,,,,,,,,,
1,VISIT,188,Random,OnArrival,3,63,10669,Node_544,-10,0,2,-10,2,,,,,,,,,
1,VISIT,190,Random,OnArrival,3,48,10669,Node_443,-2,0,6,-2,6,,,,,,,,,
1,VISIT,192,Random,OnArrival,3,44,10669,Node_385,5,0,9,5,9,,,,,,,,,
1,VISIT,193,Random,OnArrival,3,21,10673,Node_233,5,0,16,5,16,,,,,,,,,
1,VISIT,194,Random,OnArrival,3,21,10673,Node_215,7,0,18,7,18,,,,,,,,,
1,VISIT,195,Random,OnArrival,3,21,10673,Node_233,5,0,16,5,16,,,,,,,,,
1,VISIT,196,Random,OnArrival,3,20,10673,Node_215,7,0,18,7,18,,,,,,,,,
1,VISIT,191,Random,OnArrival,3,47,10679,Node_564,-3,0,2,-3,2,,,,,,,,,
1,VISIT,192,Random,OnArrival,3,45,10679,Node_384,5,0,10,5,10,,,,,,,,,
1,VISIT,193,Random,OnArrival,3,22,10683,Node_380,5,0,15,5,15,,,,,,,,,
1,VISIT,194,Random,OnArrival,3,22,10683,Node_227,6,0,18,6,18,,,,,,,,,
1,VISIT,195,Random,OnArrival,3,22,10683,Node_380,5,0,15,5,15,,,,,,,,,
1,VISIT,196,Random,OnArrival,3,21,10683,Node_227,6,0,18,6,18,,,,,,,,,
1,VISIT,180,Random,OnArrival,3,131,10690,Node_564,-3,0,2,-3,2,,,,,,,,,
1,VISIT,190,Random,OnArrival,3,49,10690,Node_571,-2,0,4,-2,4,,,,,,,,,
1,VISIT,191,Random,OnArrival,3,48,10690,Node_565,-3,0,1,-3,1,,,,,,,,,
1,VISIT,192,Random,OnArrival,3,46,10690,Node_418,6,0,10,6,10,,,,,,,,,
1,VISIT,193,Random,OnArrival,3,23,10694,Node_381,5,0,14,5,14,,,,,,,,,
1,VISIT,194,Random,OnArrival,3,23,10694,Node_229,6,0,17,6,17,,,,,,,,,
1,VISIT,195,Random,OnArrival,3,23,10694,Node_381,5,0,14,5,14,,,,,,,,,
1,VISIT,196,Random,OnArrival,3,22,10694,Node_229,6,0,17,6,17,,,,,,,,,
1,VISIT,180,Random,OnArrival,3,132,10701,Node_565,-3,0,1,-3,1,,,,,,,,,
1,VISIT,186,Random,OnArrival,3,65,10701,Node_551,-10,0,-1,-10,-1,,,,,,,,,
1,VISIT,187,Random,OnArrival,3,58,10701,Node_563,-3,0,4,-3,4,,,,,,,,,
1,VISIT,188,Random,OnArrival,3,64,10701,Node_551,-10,0,-1,-10,-1,,,,,,,,,
1,VISIT,193,Random,OnArrival,3,24,10705,Node_382,5,0,13,5,13,,,,,,,,,
1,VISIT,194,Random,OnArrival,3,24,10705,Node_231,6,0,16,6,16,,,,,,,,,
1,VISIT,195,Random,OnArrival,3,24,10705,Node_382,5,0,13,5,13,,,,,,,,,
1,VISIT,196,Random,OnArrival,3,23,10705,Node_231,6,0,16,6,16,,,,,,,,,
1,VISIT,179,Random,OnArrival,3,129,10710,Node_563,-3,0,4,-3,4,,,,,,,,,
1,VISIT,187,Random,OnArrival,3,59,10710,Node_571,-2,0,4,-2,4,,,,,,,,,
1,VISIT,193,Random,OnArrival,3,25,10715,Node_383,5,0,12,5,12,,,,,,,,,
1,VISIT,194,Random,OnArrival,3,25,10715,Node_233,5,0,16,5,16,,,,,,,,,
1,VISIT,195,Random,OnArrival,3,25,10715,Node_383,5,0,12,5,12,,,,,,,,,
1,VISIT,196,Random,OnArrival,3,24,10715,Node_233,5,0,16,5,16,,,,,,,,,
1,VISIT,179,Random,OnArrival,3,130,10719,Node_571,-2,0,4,-2,4,,,,,,,,,
1,VISIT,180,Random,OnArrival,3,133,10719,Node_582,-1,0,1,-1,1,,,,,,,,,
1,VISIT,192,Random,OnArrival,3,47,10719,Node_249,8,0,11,8,11,,,,,,,,,
1,VISIT,194,Random,OnArrival,3,26,10724,Node_380,5,0,15,5,15,,,,,,,,,
1,VISIT,196,Random,OnArrival,3,25,10724,Node_380,5,0,15,5,15,,,,,,,,,
1,VISIT,187,Random,OnArrival,3,60,10730,Node_443,-2,0,6,-2,6,,,,,,,,,
1,VISIT,190,Random,OnArrival,3,50,10730,Node_582,-1,0,1,-1,1,,,,,,,,,
1,VISIT,191,Random,OnArrival,3,49,10730,Node_581,-1,0,3,-1,3,,,,,,,,,
1,VISIT,192,Random,OnArrival,3,48,10730,Node_230,9,0,11,9,11,,,,,,,,,
1,VISIT,193,Random,OnArrival,3,26,10735,Node_384,5,0,10,5,10,,,,,,,,,
1,VISIT,194,Random,OnArrival,3,27,10735,Node_381,5,0,14,5,14,,,,,,,,,
1,VISIT,195,Random,OnArrival,3,26,10735,Node_384,5,0,10,5,10,,,,,,,,,
1,VISIT,196,Random,OnArrival,3,26,10735,Node_381,5,0,14,5,14,,,,,,,,,
1,VISIT,179,Random,OnArrival,3,131,10741,Node_443,-2,0,6,-2,6,,,,,,,,,
1,VISIT,180,Random,OnArrival,3,134,10741,Node_581,-1,0,3,-1,3,,,,,,,,,
1,VISIT,192,Random,OnArrival,3,49,10741,Node_228,9,0,10,9,10,,,,,,,,,
1,VISIT,193,Random,OnArrival,3,27,10746,Node_418,6,0,10,6,10,,,,,,,,,
1,VISIT,194,Random,OnArrival,3,28,10746,Node_382,5,0,13,5,13,,,,,,,,,
1,VISIT,195,Random,OnArrival,3,27,10746,Node_418,6,0,10,6,10,,,,,,,,,
1,VISIT,196,Random,OnArrival,3,27,10746,Node_382,5,0,13,5,13,,,,,,,,,
1,VISIT,186,Random,OnArrival,3,66,10752,Node_586,-8,0,-2,-8,-2,,,,,,,,,
1,VISIT,187,Random,OnArrival,3,61,10752,Node_571,-2,0,4,-2,4,,,,,,,,,
1,VISIT,188,Random,OnArrival,3,65,10752,Node_586,-8,0,-2,-8,-2,,,,,,,,,
1,VISIT,189,Random,OnArrival,3,46,10752,Node_394,3,0,3,3,3,,,,,,,,,
1,VISIT,192,Random,OnArrival,3,50,10752,Node_583,8,0,10,8,10,,,,,,,,,
1,VISIT,194,Random,OnArrival,3,29,10756,Node_383,5,0,12,5,12,,,,,,,,,
1,VISIT,196,Random,OnArrival,3,28,10756,Node_383,5,0,12,5,12,,,,,,,,,
1,VISIT,179,Random,OnArrival,3,132,10762,Node_571,-2,0,4,-2,4,,,,,,,,,
1,VISIT,180,Random,OnArrival,3,135,10762,Node_590,1,0,3,1,3,,,,,,,,,
1,VISIT,187,Random,OnArrival,3,62,10762,Node_580,-1,0,4,-1,4,,,,,,,,,
1,VISIT,193,Random,OnArrival,3,28,10767,Node_583,8,0,10,8,10,,,,,,,,,
1,VISIT,195,Random,OnArrival,3,28,10767,Node_583,8,0,10,8,10,,,,,,,,,
1,VISIT,179,Random,OnArrival,3,133,10772,Node_580,-1,0,4,-1,4,,,,,,,,,
1,VISIT,180,Random,OnArrival,3,136,10772,Node_593,1,0,4,1,4,,,,,,,,,
1,VISIT,187,Random,OnArrival,3,63,10772,Node_581,-1,0,3,-1,3,,,,,,,,,
1,VISIT,192,Random,OnArrival,3,51,10772,Node_418,6,0,10,6,10,,,,,,,,,
1,VISIT,194,Random,OnArrival,3,30,10777,Node_384,5,0,10,5,10,,,,,,,,,
1,VISIT,195,Random,OnArrival,3,29,10777,Node_228,9,0,10,9,10,,,,,,,,,
1,VISIT,196,Random,OnArrival,3,29,10777,Node_384,5,0,10,5,10,,,,,,,,,
1,VISIT,179,Random,OnArrival,3,134,10781,Node_581,-1,0,3,-1,3,,,,,,,,,
1,VISIT,189,Random,OnArrival,3,47,10781,Node_593,1,0,4,1,4,,,,,,,,,
1,VISIT,191,Random,OnArrival,3,50,10781,Node_592,3,0,4,3,4,,,,,,,,,
1,VISIT,192,Random,OnArrival,3,52,10781,Node_384,5,0,10,5,10,,,,,,,,,
1,VISIT,193,Random,OnArrival,3,29,10786,Node_418,6,0,10,6,10,,,,,,,,,
1,VISIT,194,Random,OnArrival,3,31,10786,Node_418,6,0,10,6,10,,,,,,,,,
1,VISIT,195,Random,OnArrival,3,30,10786,Node_583,8,0,10,8,10,,,,,,,,,
1,VISIT,196,Random,OnArrival,3,30,10786,Node_418,6,0,10,6,10,,,,,,,,,
1,VISIT,180,Random,OnArrival,3,137,10791,Node_592,3,0,4,3,4,,,,,,,,,
1,VISIT,187,Random,OnArrival,3,64,10791,Node_582,-1,0,1,-1,1,,,,,,,,,
1,VISIT,188,Random,OnArrival,3,66,10791,Node_573,-6,0,0,-6,0,,,,,,,,,
1,VISIT,191,Random,OnArrival,3,51,10791,Node_394,3,0,3,3,3,,,,,,,,,
1,VISIT,192,Random,OnArrival,3,53,10791,Node_385,5,0,9,5,9,,,,,,,,,
1,VISIT,193,Random,OnArrival,3,30,10796,Node_384,5,0,10,5,10,,,,,,,,,
1,VISIT,179,Random,OnArrival,3,135,10803,Node_582,-1,0,1,-1,1,,,,,,,,,
1,VISIT,180,Random,OnArrival,3,138,10803,Node_394,3,0,3,3,3,,,,,,,,,
1,VISIT,188,Random,OnArrival,3,67,10803,Node_572,-5,0,0,-5,0,,,,,,,,,
1,VISIT,189,Random,OnArrival,3,48,10803,Node_592,3,0,4,3,4,,,,,,,,,
1,VISIT,197,Random,OnArrival,3,0,10805,Node_6,19,0,12,19,12,,,,,,,,,
1,VISIT,198,Random,OnArrival,3,0,10805,Node_7,19,0,8,19,8,,,,,,,,,
1,VISIT,199,Random,OnArrival,3,0,10805,Node_8,17,0,10,17,10,,,,,,,,,
1,VISIT,200,Random,OnArrival,3,0,10805,Node_9,21,0,10,21,10,,,,,,,,,
1,VISIT,193,Random,OnArrival,3,31,10807,Node_385,5,0,9,5,9,,,,,,,,,
1,VISIT,194,Random,OnArrival,3,32,10807,Node_583,8,0,10,8,10,,,,,,,,,
1,VISIT,195,Random,OnArrival,3,31,10807,Node_418,6,0,10,6,10,,,,,,,,,
1,VISIT,196,Random,OnArrival,3,31,10807,Node_583,8,0,10,8,10,,,,,,,,,
1,VISIT,187,Random,OnArrival,3,65,10809,Node_565,-3,0,1,-3,1,,,,,,,,,
1,VISIT,189,Random,OnArrival,3,49,10809,Node_394,3,0,3,3,3,,,,,,,,,
1,VISIT,197,Random,OnArrival,3,1,10809,Node_2,19,0,11,19,11,,,,,,,,,
1,VISIT,198,Random,OnArrival,3,1,10809,Node_3,19,0,9,19,9,,,,,,,,,
1,VISIT,199,Random,OnArrival,3,1,10809,Node_24,16,0,10,16,10,,,,,,,,,
1,VISIT,200,Random,OnArrival,3,1,10809,Node_5,20,0,10,20,10,,,,,,,,,
1,VISIT,179,Random,OnArrival,3,136,10813,Node_565,-3,0,1,-3,1,,,,,,,,,
1,VISIT,180,Random,OnArrival,3,139,10813,Node_391,5,0,3,5,3,,,,,,,,,
1,VISIT,187,Random,OnArrival,3,66,10813,Node_568,-3,0,0,-3,0,,,,,,,,,
1,VISIT,188,Random,OnArrival,3,68,10813,Node_568,-3,0,0,-3,0,,,,,,,,,
1,VISIT,191,Random,OnArrival,3,52,10813,Node_585,3,0,0,3,0,,,,,,,,,
1,VISIT,192,Random,OnArrival,3,54,10813,Node_388,5,0,6,5,6,,,,,,,,,
1,VISIT,195,Random,OnArrival,3,32,10813,Node_384,5,0,10,5,10,,,,,,,,,
1,VISIT,197,Random,OnArrival,3,2,10813,Node_20,19,0,10,19,10,,,,,,,,,
1,VISIT,198,Random,OnArrival,3,2,10813,Node_15,18,0,9,18,9,,,,,,,,,
1,VISIT,199,Random,OnArrival,3,2,10813,Node_26,15,0,10,15,10,,,,,,,,,
1,VISIT,200,Random,OnArrival,3,2,10813,Node_20,19,0,10,19,10,,,,,,,,,
1,VISIT,179,Random,OnArrival,3,137,10819,Node_568,-3,0,0,-3,0,,,,,,,,,
1,VISIT,180,Random,OnArrival,3,140,10819,Node_577,6,0,3,6,3,,,,,,,,,
1,VISIT,192,Random,OnArrival,3,55,10819,Node_574,6,0,6,6,6,,,,,,,,,
1,VISIT,194,Random,OnArrival,3,33,10819,Node_418,6,0,10,6,10,,,,,,,,,
1,VISIT,195,Random,OnArrival,3,33,10819,Node_385,5,0,9,5,9,,,,,,,,,
1,VISIT,196,Random,OnArrival,3,32,10819,Node_418,6,0,10,6,10,,,,,,,,,
1,VISIT,197,Random,OnArrival,3,3,10819,Node_4,18,0,10,18,10,,,,,,,,,
1,VISIT,198,Random,OnArrival,3,3,10819,Node_4,18,0,10,18,10,,,,,,,,,
1,VISIT,199,Random,OnArrival,3,3,10819,Node_129,14,0,10,14,10,,,,,,,,,
1,VISIT,200,Random,OnArrival,3,3,10819,Node_4,18,0,10,18,10,,,,,,,,,
1,VISIT,180,Random,OnArrival,3,141,10824,Node_578,6,0,2,6,2,,,,,,,,,
1,VISIT,187,Random,OnArrival,3,67,10824,Node_572,-5,0,0,-5,0,,,,,,,,,
1,VISIT,189,Random,OnArrival,3,50,10824,Node_585,3,0,0,3,0,,,,,,,,,
1,VISIT,193,Random,OnArrival,3,32,10824,Node_388,5,0,6,5,6,,,,,,,,,
1,VISIT,194,Random,OnArrival,3,34,10824,Node_384,5,0,10,5,10,,,,,,,,,
1,VISIT,196,Random,OnArrival,3,33,10824,Node_384,5,0,10,5,10,,,,,,,,,
1,VISIT,197,Random,OnArrival,3,4,10824,Node_8,17,0,10,17,10,,,,,,,,,
1,VISIT,198,Random,OnArrival,3,4,10824,Node_8,17,0,10,17,10,,,,,,,,,
1,VISIT,199,Random,OnArrival,3,4,10824,Node_131,13,0,10,13,10,,,,,,,,,
1,VISIT,200,Random,OnArrival,3,4,10824,Node_8,17,0,10,17,10,,,,,,,,,
1,VISIT,188,Random,OnArrival,3,69,10830,Node_569,-3,0,-3,-3,-3,,,,,,,,,
1,VISIT,193,Random,OnArrival,3,33,10830,Node_574,6,0,6,6,6,,,,,,,,,
1,VISIT,194,Random,OnArrival,3,35,10830,Node_385,5,0,9,5,9,,,,,,,,,
1,VISIT,196,Random,OnArrival,3,34,10830,Node_385,5,0,9,5,9,,,,,,,,,
1,VISIT,197,Random,OnArrival,3,5,10830,Node_24,16,0,10,16,10,,,,,,,,,
1,VISIT,198,Random,OnArrival,3,5,10830,Node_24,16,0,10,16,10,,,,,,,,,
1,VISIT,199,Random,OnArrival,3,5,10830,Node_164,13,0,9,13,9,,,,,,,,,
1,VISIT,200,Random,OnArrival,3,5,10830,Node_24,16,0,10,16,10,,,,,,,,,
1,VISIT,179,Random,OnArrival,3,138,10836,Node_569,-3,0,-3,-3,-3,,,,,,,,,
1,VISIT,188,Random,OnArrival,3,70,10836,Node_599,-2,0,-3,-2,-3,,,,,,,,,
1,VISIT,189,Random,OnArrival,3,51,10836,Node_601,3,0,-2,3,-2,,,,,,,,,
1,VISIT,193,Random,OnArrival,3,34,10836,Node_602,7,0,6,7,6,,,,,,,,,
1,VISIT,195,Random,OnArrival,3,34,10836,Node_388,5,0,6,5,6,,,,,,,,,
1,VISIT,197,Random,OnArrival,3,6,10836,Node_26,15,0,10,15,10,,,,,,,,,
1,VISIT,198,Random,OnArrival,3,6,10836,Node_26,15,0,10,15,10,,,,,,,,,
1,VISIT,199,Random,OnArrival,3,6,10836,Node_163,13,0,8,13,8,,,,,,,,,
1,VISIT,200,Random,OnArrival,3,6,10836,Node_26,15,0,10,15,10,,,,,,,,,
1,VISIT,179,Random,OnArrival,3,139,10847,Node_599,-2,0,-3,-2,-3,,,,,,,,,
1,VISIT,187,Random,OnArrival,3,68,10847,Node_570,-5,0,-3,-5,-3,,,,,,,,,
1,VISIT,195,Random,OnArrival,3,35,10847,Node_574,6,0,6,6,6,,,,,,,,,
1,VISIT,197,Random,OnArrival,3,7,10847,Node_129,14,0,10,14,10,,,,,,,,,
1,VISIT,198,Random,OnArrival,3,7,10847,Node_129,14,0,10,14,10,,,,,,,,,
1,VISIT,199,Random,OnArrival,3,7,10847,Node_257,12,0,8,12,8,,,,,,,,,
1,VISIT,200,Random,OnArrival,3,7,10847,Node_129,14,0,10,14,10,,,,,,,,,
1,VISIT,188,Random,OnArrival,3,71,10858,Node_600,-2,0,-5,-2,-5,,,,,,,,,
1,VISIT,189,Random,OnArrival,3,52,10858,Node_606,1,0,-2,1,-2,,,,,,,,,
1,VISIT,192,Random,OnArrival,3,56,10858,Node_607,8,0,7,8,7,,,,,,,,,
1,VISIT,193,Random,OnArrival,3,35,10858,Node_607,8,0,7,8,7,,,,,,,,,
1,VISIT,194,Random,OnArrival,3,36,10858,Node_388,5,0,6,5,6,,,,,,,,,
1,VISIT,195,Random,OnArrival,3,36,10858,Node_602,7,0,6,7,6,,,,,,,,,
1,VISIT,196,Random,OnArrival,3,35,10858,Node_388,5,0,6,5,6,,,,,,,,,
1,VISIT,197,Random,OnArrival,3,8,10858,Node_131,13,0,10,13,10,,,,,,,,,
1,VISIT,198,Random,OnArrival,3,8,10858,Node_131,13,0,10,13,10,,,,,,,,,
1,VISIT,199,Random,OnArrival,3,8,10858,Node_163,13,0,8,13,8,,,,,,,,,
1,VISIT,200,Random,OnArrival,3,8,10858,Node_131,13,0,10,13,10,,,,,,,,,
1,VISIT,179,Random,OnArrival,3,140,10869,Node_600,-2,0,-5,-2,-5,,,,,,,,,
1,VISIT,191,Random,OnArrival,3,53,10869,Node_603,1,0,-5,1,-5,,,,,,,,,
1,VISIT,192,Random,OnArrival,3,57,10869,Node_609,8,0,6,8,6,,,,,,,,,
1,VISIT,193,Random,OnArrival,3,36,10869,Node_609,8,0,6,8,6,,,,,,,,,
1,VISIT,194,Random,OnArrival,3,37,10869,Node_574,6,0,6,6,6,,,,,,,,,
1,VISIT,195,Random,OnArrival,3,37,10869,Node_609,8,0,6,8,6,,,,,,,,,
1,VISIT,196,Random,OnArrival,3,36,10869,Node_574,6,0,6,6,6,,,,,,,,,
1,VISIT,197,Random,OnArrival,3,9,10869,Node_164,13,0,9,13,9,,,,,,,,,
1,VISIT,198,Random,OnArrival,3,9,10869,Node_164,13,0,9,13,9,,,,,,,,,
1,VISIT,199,Random,OnArrival,3,9,10869,Node_162,13,0,7,13,7,,,,,,,,,
1,VISIT,200,Random,OnArrival,3,9,10869,Node_164,13,0,9,13,9,,,,,,,,,
1,VISIT,180,Random,OnArrival,3,142,10880,Node_609,8,0,6,8,6,,,,,,,,,
1,VISIT,187,Random,OnArrival,3,69,10880,Node_561,-6,0,-5,-6,-5,,,,,,,,,
1,VISIT,192,Random,OnArrival,3,58,10880,Node_611,8,0,5,8,5,,,,,,,,,
1,VISIT,193,Random,OnArrival,3,37,10880,Node_611,8,0,5,8,5,,,,,,,,,
1,VISIT,194,Random,OnArrival,3,38,10880,Node_602,7,0,6,7,6,,,,,,,,,
1,VISIT,195,Random,OnArrival,3,38,10880,Node_611,8,0,5,8,5,,,,,,,,,
1,VISIT,196,Random,OnArrival,3,37,10880,Node_602,7,0,6,7,6,,,,,,,,,
1,VISIT,197,Random,OnArrival,3,10,10880,Node_163,13,0,8,13,8,,,,,,,,,
1,VISIT,198,Random,OnArrival,3,10,10880,Node_163,13,0,8,13,8,,,,,,,,,
1,VISIT,199,Random,OnArrival,3,10,10880,Node_268,12,0,7,12,7,,,,,,,,,
1,VISIT,200,Random,OnArrival,3,10,10880,Node_163,13,0,8,13,8,,,,,,,,,
1,VISIT,188,Random,OnArrival,3,72,10892,Node_603,1,0,-5,1,-5,,,,,,,,,
1,VISIT,189,Random,OnArrival,3,53,10892,Node_603,1,0,-5,1,-5,,,,,,,,,
1,VISIT,194,Random,OnArrival,3,39,10892,Node_609,8,0,6,8,6,,,,,,,,,
1,VISIT,196,Random,OnArrival,3,38,10892,Node_609,8,0,6,8,6,,,,,,,,,
1,VISIT,197,Random,OnArrival,3,11,10892,Node_162,13,0,7,13,7,,,,,,,,,
1,VISIT,198,Random,OnArrival,3,11,10892,Node_257,12,0,8,12,8,,,,,,,,,
1,VISIT,199,Random,OnArrival,3,11,10892,Node_271,12,0,6,12,6,,,,,,,,,
1,VISIT,200,Random,OnArrival,3,11,10892,Node_162,13,0,7,13,7,,,,,,,,,
1,VISIT,179,Random,OnArrival,3,141,10903,Node_603,1,0,-5,1,-5,,,,,,,,,
1,VISIT,180,Random,OnArrival,3,143,10903,Node_613,9,0,5,9,5,,,,,,,,,
1,VISIT,192,Random,OnArrival,3,59,10903,Node_612,9,0,6,9,6,,,,,,,,,
1,VISIT,193,Random,OnArrival,3,38,10903,Node_612,9,0,6,9,6,,,,,,,,,
1,VISIT,194,Random,OnArrival,3,40,10903,Node_611,8,0,5,8,5,,,,,,,,,
1,VISIT,195,Random,OnArrival,3,39,10903,Node_612,9,0,6,9,6,,,,,,,,,
1,VISIT,196,Random,OnArrival,3,39,10903,Node_612,9,0,6,9,6,,,,,,,,,
1,VISIT,197,Random,OnArrival,3,12,10903,Node_157,14,0,7,14,7,,,,,,,,,
1,VISIT,198,Random,OnArrival,3,12,10903,Node_268,12,0,7,12,7,,,,,,,,,
1,VISIT,199,Random,OnArrival,3,12,10903,Node_280,11,0,6,11,6,,,,,,,,,
1,VISIT,200,Random,OnArrival,3,12,10903,Node_157,14,0,7,14,7,,,,,,,,,
1,VISIT,197,Random,OnArrival,3,13,10915,Node_162,13,0,7,13,7,,,,,,,,,
1,VISIT,198,Random,OnArrival,3,13,10915,Node_271,12,0,6,12,6,,,,,,,,,
1,VISIT,200,Random,OnArrival,3,13,10915,Node_134,15,0,7,15,7,,,,,,,,,
1,VISIT,180,Random,OnArrival,3,144,10926,Node_616,10,0,6,10,6,,,,,,,,,
1,VISIT,187,Random,OnArrival,3,70,10926,Node_556,-10,0,-5,-10,-5,,,,,,,,,
1,VISIT,192,Random,OnArrival,3,60,10926,Node_614,10,0,5,10,5,,,,,,,,,
1,VISIT,193,Random,OnArrival,3,39,10926,Node_614,10,0,5,10,5,,,,,,,,,
1,VISIT,195,Random,OnArrival,3,40,10926,Node_614,10,0,5,10,5,,,,,,,,,
1,VISIT,196,Random,OnArrival,3,40,10926,Node_614,10,0,5,10,5,,,,,,,,,
1,VISIT,197,Random,OnArrival,3,14,10926,Node_268,12,0,7,12,7,,,,,,,,,
1,VISIT,198,Random,OnArrival,3,14,10926,Node_161,13,0,6,13,6,,,,,,,,,
1,VISIT,199,Random,OnArrival,3,13,10926,Node_614,10,0,5,10,5,,,,,,,,,
1,VISIT,200,Random,OnArrival,3,14,10926,Node_154,15,0,6,15,6,,,,,,,,,
1,VISIT,180,Random,OnArrival,3,145,10938,Node_280,11,0,6,11,6,,,,,,,,,
1,VISIT,188,Random,OnArrival,3,73,10938,Node_615,5,0,-5,5,-5,,,,,,,,,
1,VISIT,189,Random,OnArrival,3,54,10938,Node_615,5,0,-5,5,-5,,,,,,,,,
1,VISIT,194,Random,OnArrival,3,41,10938,Node_605,8,0,2,8,2,,,,,,,,,
1,VISIT,197,Random,OnArrival,3,15,10938,Node_271,12,0,6,12,6,,,,,,,,,
1,VISIT,179,Random,OnArrival,3,142,10949,Node_615,5,0,-5,5,-5,,,,,,,,,
1,VISIT,180,Random,OnArrival,3,146,10949,Node_271,12,0,6,12,6,,,,,,,,,
1,VISIT,197,Random,OnArrival,3,16,10949,Node_274,12,0,5,12,5,,,,,,,,,
1,VISIT,198,Random,OnArrival,3,15,10949,Node_274,12,0,5,12,5,,,,,,,,,
1,VISIT,180,Random,OnArrival,3,147,10960,Node_274,12,0,5,12,5,,,,,,,,,
1,VISIT,188,Random,OnArrival,3,74,10960,Node_617,5,0,-3,5,-3,,,,,,,,,
1,VISIT,189,Random,OnArrival,3,55,10960,Node_617,5,0,-3,5,-3,,,,,,,,,
1,VISIT,197,Random,OnArrival,3,17,10960,Node_619,13,0,5,13,5,,,,,,,,,
1,VISIT,198,Random,OnArrival,3,16,10960,Node_271,12,0,6,12,6,,,,,,,,,
1,VISIT,180,Random,OnArrival,3,148,10971,Node_277,11,0,5,11,5,,,,,,,,,
1,VISIT,187,Random,OnArrival,3,71,10971,Node_551,-10,0,-1,-10,-1,,,,,,,,,
1,VISIT,197,Random,OnArrival,3,18,10971,Node_274,12,0,5,12,5,,,,,,,,,
1,VISIT,198,Random,OnArrival,3,17,10971,Node_280,11,0,6,11,6,,,,,,,,,
1,VISIT,197,Random,OnArrival,3,19,10982,Node_277,11,0,5,11,5,,,,,,,,,
1,VISIT,198,Random,OnArrival,3,18,10982,Node_616,10,0,6,10,6,,,,,,,,,
1,VISIT,187,Random,OnArrival,3,72,10993,Node_584,-8,0,-1,-8,-1,,,,,,,,,
1,VISIT,197,Random,OnArrival,3,20,10993,Node_614,10,0,5,10,5,,,,,,,,,
1,VISIT,198,Random,OnArrival,3,19,10993,Node_614,10,0,5,10,5,,,,,,,,,
1,VISIT,187,Random,OnArrival,3,73,11003,Node_594,-7,0,-1,-7,-1,,,,,,,,,
1,VISIT,197,Random,OnArrival,3,21,11003,Node_277,11,0,5,11,5,,,,,,,,,
1,VISIT,198,Random,OnArrival,3,20,11003,Node_618,10,0,4,10,4,,,,,,,,,
1,VISIT,179,Random,OnArrival,3,143,11012,Node_639,8,0,-2,8,-2,,,,,,,,,
1,VISIT,187,Random,OnArrival,3,74,11012,Node_596,-7,0,0,-7,0,,,,,,,,,
1,VISIT,197,Random,OnArrival,3,22,11012,Node_631,11,0,4,11,4,,,,,,,,,
1,VISIT,198,Random,OnArrival,3,21,11012,Node_631,11,0,4,11,4,,,,,,,,,
1,VISIT,179,Random,OnArrival,3,144,11022,Node_643,8,0,-1,8,-1,,,,,,,,,
1,VISIT,187,Random,OnArrival,3,75,11022,Node_573,-6,0,0,-6,0,,,,,,,,,
1,VISIT,197,Random,OnArrival,3,23,11022,Node_618,10,0,4,10,4,,,,,,,,,
1,VISIT,198,Random,OnArrival,3,22,11022,Node_635,11,0,3,11,3,,,,,,,,,
1,VISIT,187,Random,OnArrival,3,76,11032,Node_572,-5,0,0,-5,0,,,,,,,,,
1,VISIT,188,Random,OnArrival,3,75,11032,Node_636,10,0,-1,10,-1,,,,,,,,,
1,VISIT,189,Random,OnArrival,3,56,11032,Node_636,10,0,-1,10,-1,,,,,,,,,
1,VISIT,197,Random,OnArrival,3,24,11032,Node_631,11,0,4,11,4,,,,,,,,,
1,VISIT,198,Random,OnArrival,3,23,11032,Node_622,10,0,3,10,3,,,,,,,,,
1,VISIT,179,Random,OnArrival,3,145,11042,Node_636,10,0,-1,10,-1,,,,,,,,,
1,VISIT,197,Random,OnArrival,3,25,11042,Node_635,11,0,3,11,3,,,,,,,,,
1,VISIT,198,Random,OnArrival,3,24,11042,Node_625,10,0,2,10,2,,,,,,,,,
1,VISIT,179,Random,OnArrival,3,146,11053,Node_651,11,0,-1,11,-1,,,,,,,,,
1,VISIT,188,Random,OnArrival,3,76,11053,Node_646,11,0,0,11,0,,,,,,,,,
1,VISIT,189,Random,OnArrival,3,57,11053,Node_646,11,0,0,11,0,,,,,,,,,
1,VISIT,193,Random,OnArrival,3,40,11053,Node_630,8,0,-5,8,-5,,,,,,,,,
1,VISIT,194,Random,OnArrival,3,42,11053,Node_630,8,0,-5,8,-5,,,,,,,,,
1,VISIT,195,Random,OnArrival,3,41,11053,Node_630,8,0,-5,8,-5,,,,,,,,,
1,VISIT,196,Random,OnArrival,3,41,11053,Node_630,8,0,-5,8,-5,,,,,,,,,
1,VISIT,198,Random,OnArrival,3,25,11053,Node_638,11,0,2,11,2,,,,,,,,,
1,VISIT,199,Random,OnArrival,3,14,11053,Node_630,8,0,-5,8,-5,,,,,,,,,
1,VISIT,179,Random,OnArrival,3,147,11064,Node_646,11,0,0,11,0,,,,,,,,,
1,VISIT,187,Random,OnArrival,3,77,11064,Node_570,-5,0,-3,-5,-3,,,,,,,,,
1,VISIT,188,Random,OnArrival,3,77,11064,Node_633,10,0,0,10,0,,,,,,,,,
1,VISIT,189,Random,OnArrival,3,58,11064,Node_633,10,0,0,10,0,,,,,,,,,
1,VISIT,179,Random,OnArrival,3,148,11075,Node_633,10,0,0,10,0,,,,,,,,,
1,VISIT,188,Random,OnArrival,3,78,11075,Node_636,10,0,-1,10,-1,,,,,,,,,
1,VISIT,189,Random,OnArrival,3,59,11075,Node_636,10,0,-1,10,-1,,,,,,,,,
1,VISIT,193,Random,OnArrival,3,41,11075,Node_649,10,0,-5,10,-5,,,,,,,,,
1,VISIT,197,Random,OnArrival,3,26,11075,Node_638,11,0,2,11,2,,,,,,,,,
1,VISIT,179,Random,OnArrival,3,149,11086,Node_636,10,0,-1,10,-1,,,,,,,,,
1,VISIT,187,Random,OnArrival,3,78,11086,Node_569,-3,0,-3,-3,-3,,,,,,,,,
1,VISIT,188,Random,OnArrival,3,79,11086,Node_640,10,0,-2,10,-2,,,,,,,,,
1,VISIT,189,Random,OnArrival,3,60,11086,Node_640,10,0,-2,10,-2,,,,,,,,,
1,VISIT,194,Random,OnArrival,3,43,11086,Node_639,8,0,-2,8,-2,,,,,,,,,
1,VISIT,195,Random,OnArrival,3,42,11086,Node_615,5,0,-5,5,-5,,,,,,,,,
1,VISIT,196,Random,OnArrival,3,42,11086,Node_639,8,0,-2,8,-2,,,,,,,,,
1,VISIT,197,Random,OnArrival,3,27,11086,Node_642,11,0,1,11,1,,,,,,,,,
1,VISIT,199,Random,OnArrival,3,15,11086,Node_639,8,0,-2,8,-2,,,,,,,,,
1,VISIT,179,Random,OnArrival,3,150,11097,Node_651,11,0,-1,11,-1,,,,,,,,,
1,VISIT,187,Random,OnArrival,3,79,11097,Node_599,-2,0,-3,-2,-3,,,,,,,,,
1,VISIT,194,Random,OnArrival,3,44,11097,Node_643,8,0,-1,8,-1,,,,,,,,,
1,VISIT,196,Random,OnArrival,3,43,11097,Node_643,8,0,-1,8,-1,,,,,,,,,
1,VISIT,197,Random,OnArrival,3,28,11097,Node_628,10,0,1,10,1,,,,,,,,,
1,VISIT,198,Random,OnArrival,3,26,11097,Node_652,12,0,3,12,3,,,,,,,,,
1,VISIT,199,Random,OnArrival,3,16,11097,Node_643,8,0,-1,8,-1,,,,,,,,,
1,VISIT,179,Random,OnArrival,3,151,11107,Node_657,11,0,-2,11,-2,,,,,,,,,
1,VISIT,187,Random,OnArrival,3,80,11107,Node_598,-1,0,-3,-1,-3,,,,,,,,,
1,VISIT,188,Random,OnArrival,3,80,11107,Node_651,11,0,-1,11,-1,,,,,,,,,
1,VISIT,189,Random,OnArrival,3,61,11107,Node_651,11,0,-1,11,-1,,,,,,,,,
1,VISIT,197,Random,OnArrival,3,29,11107,Node_625,10,0,2,10,2,,,,,,,,,
1,VISIT,198,Random,OnArrival,3,27,11107,Node_635,11,0,3,11,3,,,,,,,,,
1,VISIT,187,Random,OnArrival,3,81,11119,Node_597,-1,0,-2,-1,-2,,,,,,,,,
1,VISIT,194,Random,OnArrival,3,45,11119,Node_636,10,0,-1,10,-1,,,,,,,,,
1,VISIT,196,Random,OnArrival,3,44,11119,Node_636,10,0,-1,10,-1,,,,,,,,,
1,VISIT,197,Random,OnArrival,3,30,11119,Node_622,10,0,3,10,3,,,,,,,,,
1,VISIT,198,Random,OnArrival,3,28,11119,Node_638,11,0,2,11,2,,,,,,,,,
1,VISIT,199,Random,OnArrival,3,17,11119,Node_636,10,0,-1,10,-1,,,,,,,,,
1,VISIT,187,Random,OnArrival,3,82,11129,Node_595,0,0,-2,0,-2,,,,,,,,,
1,VISIT,194,Random,OnArrival,3,46,11129,Node_640,10,0,-2,10,-2,,,,,,,,,
1,VISIT,195,Random,OnArrival,3,43,11129,Node_603,1,0,-5,1,-5,,,,,,,,,
1,VISIT,196,Random,OnArrival,3,45,11129,Node_651,11,0,-1,11,-1,,,,,,,,,
1,VISIT,197,Random,OnArrival,3,31,11129,Node_635,11,0,3,11,3,,,,,,,,,
1,VISIT,198,Random,OnArrival,3,29,11129,Node_642,11,0,1,11,1,,,,,,,,,
1,VISIT,199,Random,OnArrival,3,18,11129,Node_651,11,0,-1,11,-1,,,,,,,,,
1,VISIT,187,Random,OnArrival,3,83,11139,Node_606,1,0,-2,1,-2,,,,,,,,,
1,VISIT,189,Random,OnArrival,3,62,11139,Node_646,11,0,0,11,0,,,,,,,,,
1,VISIT,194,Random,OnArrival,3,47,11139,Node_644,10,0,-3,10,-3,,,,,,,,,
1,VISIT,196,Random,OnArrival,3,46,11139,Node_657,11,0,-2,11,-2,,,,,,,,,
1,VISIT,197,Random,OnArrival,3,32,11139,Node_652,12,0,3,12,3,,,,,,,,,
1,VISIT,198,Random,OnArrival,3,30,11139,Node_646,11,0,0,11,0,,,,,,,,,
1,VISIT,199,Random,OnArrival,3,19,11139,Node_657,11,0,-2,11,-2,,,,,,,,,
1,VISIT,201,Random,OnArrival,3,0,11144,Node_6,19,0,12,19,12,,,,,,,,,
1,VISIT,202,Random,OnArrival,3,0,11144,Node_7,19,0,8,19,8,,,,,,,,,
1,VISIT,203,Random,OnArrival,3,0,11144,Node_8,17,0,10,17,10,,,,,,,,,
1,VISIT,204,Random,OnArrival,3,0,11144,Node_9,21,0,10,21,10,,,,,,,,,
1,VISIT,189,Random,OnArrival,3,63,11148,Node_660,12,0,0,12,0,,,,,,,,,
1,VISIT,194,Random,OnArrival,3,48,11148,Node_658,11,0,-3,11,-3,,,,,,,,,
1,VISIT,196,Random,OnArrival,3,47,11148,Node_658,11,0,-3,11,-3,,,,,,,,,
1,VISIT,197,Random,OnArrival,3,33,11148,Node_653,12,0,2,12,2,,,,,,,,,
1,VISIT,198,Random,OnArrival,3,31,11148,Node_642,11,0,1,11,1,,,,,,,,,
1,VISIT,199,Random,OnArrival,3,20,11148,Node_658,11,0,-3,11,-3,,,,,,,,,
1,VISIT,201,Random,OnArrival,3,1,11149,Node_2,19,0,11,19,11,,,,,,,,,
1,VISIT,202,Random,OnArrival,3,1,11149,Node_11,18,0,8,18,8,,,,,,,,,
1,VISIT,203,Random,OnArrival,3,1,11149,Node_23,17,0,9,17,9,,,,,,,,,
1,VISIT,204,Random,OnArrival,3,1,11149,Node_5,20,0,10,20,10,,,,,,,,,
1,VISIT,187,Random,OnArrival,3,84,11155,Node_601,3,0,-2,3,-2,,,,,,,,,
1,VISIT,195,Random,OnArrival,3,44,11155,Node_606,1,0,-2,1,-2,,,,,,,,,
1,VISIT,197,Random,OnArrival,3,34,11155,Node_654,13,0,2,13,2,,,,,,,,,
1,VISIT,198,Random,OnArrival,3,32,11155,Node_638,11,0,2,11,2,,,,,,,,,
1,VISIT,201,Random,OnArrival,3,2,11156,Node_20,19,0,10,19,10,,,,,,,,,
1,VISIT,202,Random,OnArrival,3,2,11156,Node_126,17,0,8,17,8,,,,,,,,,
1,VISIT,203,Random,OnArrival,3,2,11156,Node_126,17,0,8,17,8,,,,,,,,,
1,VISIT,204,Random,OnArrival,3,2,11156,Node_50,20,0,9,20,9,,,,,,,,,
1,VISIT,187,Random,OnArrival,3,85,11164,Node_624,4,0,-2,4,-2,,,,,,,,,
1,VISIT,194,Random,OnArrival,3,49,11164,Node_655,11,0,-5,11,-5,,,,,,,,,
1,VISIT,196,Random,OnArrival,3,48,11164,Node_655,11,0,-5,11,-5,,,,,,,,,
1,VISIT,198,Random,OnArrival,3,33,11164,Node_653,12,0,2,12,2,,,,,,,,,
1,VISIT,199,Random,OnArrival,3,21,11164,Node_655,11,0,-5,11,-5,,,,,,,,,
1,VISIT,201,Random,OnArrival,3,3,11165,Node_4,18,0,10,18,10,,,,,,,,,
1,VISIT,202,Random,OnArrival,3,3,11165,Node_128,17,0,7,17,7,,,,,,,,,
1,VISIT,203,Random,OnArrival,3,3,11165,Node_128,17,0,7,17,7,,,,,,,,,
1,VISIT,204,Random,OnArrival,3,3,11165,Node_47,20,0,8,20,8,,,,,,,,,
1,VISIT,187,Random,OnArrival,3,86,11172,Node_601,3,0,-2,3,-2,,,,,,,,,
1,VISIT,194,Random,OnArrival,3,50,11172,Node_661,11,0,-4,11,-4,,,,,,,,,
1,VISIT,195,Random,OnArrival,3,45,11172,Node_601,3,0,-2,3,-2,,,,,,,,,
1,VISIT,196,Random,OnArrival,3,49,11172,Node_649,10,0,-5,10,-5,,,,,,,,,
1,VISIT,198,Random,OnArrival,3,34,11172,Node_654,13,0,2,13,2,,,,,,,,,
1,VISIT,199,Random,OnArrival,3,22,11172,Node_661,11,0,-4,11,-4,,,,,,,,,
1,VISIT,201,Random,OnArrival,3,4,11174,Node_8,17,0,10,17,10,,,,,,,,,
1,VISIT,202,Random,OnArrival,3,4,11174,Node_123,16,0,7,16,7,,,,,,,,,
1,VISIT,203,Random,OnArrival,3,4,11174,Node_123,16,0,7,16,7,,,,,,,,,
1,VISIT,204,Random,OnArrival,3,4,11174,Node_7,19,0,8,19,8,,,,,,,,,
1,VISIT,194,Random,OnArrival,3,51,11181,Node_647,10,0,-4,10,-4,,,,,,,,,
1,VISIT,196,Random,OnArrival,3,50,11181,Node_647,10,0,-4,10,-4,,,,,,,,,
1,VISIT,197,Random,OnArrival,3,35,11181,Node_656,13,0,3,13,3,,,,,,,,,
1,VISIT,198,Random,OnArrival,3,35,11181,Node_663,14,0,2,14,2,,,,,,,,,
1,VISIT,199,Random,OnArrival,3,23,11181,Node_647,10,0,-4,10,-4,,,,,,,,,
1,VISIT,201,Random,OnArrival,3,5,11183,Node_23,17,0,9,17,9,,,,,,,,,
1,VISIT,202,Random,OnArrival,3,5,11183,Node_121,16,0,6,16,6,,,,,,,,,
1,VISIT,203,Random,OnArrival,3,5,11183,Node_121,16,0,6,16,6,,,,,,,,,
1,VISIT,204,Random,OnArrival,3,5,11183,Node_11,18,0,8,18,8,,,,,,,,,
1,VISIT,187,Random,OnArrival,3,87,11190,Node_606,1,0,-2,1,-2,,,,,,,,,
1,VISIT,194,Random,OnArrival,3,52,11190,Node_661,11,0,-4,11,-4,,,,,,,,,
1,VISIT,195,Random,OnArrival,3,46,11190,Node_585,3,0,0,3,0,,,,,,,,,
1,VISIT,196,Random,OnArrival,3,51,11190,Node_661,11,0,-4,11,-4,,,,,,,,,
1,VISIT,197,Random,OnArrival,3,36,11190,Node_654,13,0,2,13,2,,,,,,,,,
1,VISIT,199,Random,OnArrival,3,24,11190,Node_644,10,0,-3,10,-3,,,,,,,,,
1,VISIT,201,Random,OnArrival,3,6,11192,Node_126,17,0,8,17,8,,,,,,,,,
1,VISIT,202,Random,OnArrival,3,6,11192,Node_119,16,0,5,16,5,,,,,,,,,
1,VISIT,203,Random,OnArrival,3,6,11192,Node_154,15,0,6,15,6,,,,,,,,,
1,VISIT,204,Random,OnArrival,3,6,11192,Node_126,17,0,8,17,8,,,,,,,,,
1,VISIT,187,Random,OnArrival,3,88,11201,Node_595,0,0,-2,0,-2,,,,,,,,,
1,VISIT,197,Random,OnArrival,3,37,11201,Node_663,14,0,2,14,2,,,,,,,,,
1,VISIT,198,Random,OnArrival,3,36,11201,Node_662,14,0,0,14,0,,,,,,,,,
1,VISIT,199,Random,OnArrival,3,25,11201,Node_658,11,0,-3,11,-3,,,,,,,,,
1,VISIT,201,Random,OnArrival,3,7,11203,Node_128,17,0,7,17,7,,,,,,,,,
1,VISIT,202,Random,OnArrival,3,7,11203,Node_620,15,0,5,15,5,,,,,,,,,
1,VISIT,203,Random,OnArrival,3,7,11203,Node_159,14,0,6,14,6,,,,,,,,,
1,VISIT,204,Random,OnArrival,3,7,11203,Node_128,17,0,7,17,7,,,,,,,,,
1,VISIT,197,Random,OnArrival,3,38,11211,Node_629,15,0,2,15,2,,,,,,,,,
1,VISIT,201,Random,OnArrival,3,8,11214,Node_123,16,0,7,16,7,,,,,,,,,
1,VISIT,202,Random,OnArrival,3,8,11214,Node_119,16,0,5,16,5,,,,,,,,,
1,VISIT,203,Random,OnArrival,3,8,11214,Node_154,15,0,6,15,6,,,,,,,,,
1,VISIT,204,Random,OnArrival,3,8,11214,Node_123,16,0,7,16,7,,,,,,,,,
1,VISIT,187,Random,OnArrival,3,89,11221,Node_589,0,0,0,0,0,,,,,,,,,
1,VISIT,194,Random,OnArrival,3,53,11221,Node_658,11,0,-3,11,-3,,,,,,,,,
1,VISIT,195,Random,OnArrival,3,47,11221,Node_589,0,0,0,0,0,,,,,,,,,
1,VISIT,196,Random,OnArrival,3,52,11221,Node_658,11,0,-3,11,-3,,,,,,,,,
1,VISIT,201,Random,OnArrival,3,9,11225,Node_121,16,0,6,16,6,,,,,,,,,
1,VISIT,202,Random,OnArrival,3,9,11225,Node_111,17,0,5,17,5,,,,,,,,,
1,VISIT,203,Random,OnArrival,3,9,11225,Node_620,15,0,5,15,5,,,,,,,,,
1,VISIT,204,Random,OnArrival,3,9,11225,Node_121,16,0,6,16,6,,,,,,,,,
1,VISIT,194,Random,OnArrival,3,54,11230,Node_667,12,0,-3,12,-3,,,,,,,,,
1,VISIT,196,Random,OnArrival,3,53,11230,Node_667,12,0,-3,12,-3,,,,,,,,,
1,VISIT,201,Random,OnArrival,3,10,11236,Node_119,16,0,5,16,5,,,,,,,,,
1,VISIT,202,Random,OnArrival,3,10,11236,Node_108,18,0,5,18,5,,,,,,,,,
1,VISIT,203,Random,OnArrival,3,10,11236,Node_623,15,0,4,15,4,,,,,,,,,
1,VISIT,204,Random,OnArrival,3,10,11236,Node_154,15,0,6,15,6,,,,,,,,,
1,VISIT,197,Random,OnArrival,3,39,11241,Node_117,16,0,4,16,4,,,,,,,,,
1,VISIT,201,Random,OnArrival,3,11,11247,Node_111,17,0,5,17,5,,,,,,,,,
1,VISIT,202,Random,OnArrival,3,11,11247,Node_98,19,0,5,19,5,,,,,,,,,
1,VISIT,203,Random,OnArrival,3,11,11247,Node_117,16,0,4,16,4,,,,,,,,,
1,VISIT,204,Random,OnArrival,3,11,11247,Node_620,15,0,5,15,5,,,,,,,,,
1,VISIT,187,Random,OnArrival,3,90,11252,Node_585,3,0,0,3,0,,,,,,,,,
1,VISIT,194,Random,OnArrival,3,55,11252,Node_672,14,0,-3,14,-3,,,,,,,,,
1,VISIT,195,Random,OnArrival,3,48,11252,Node_585,3,0,0,3,0,,,,,,,,,
1,VISIT,196,Random,OnArrival,3,54,11252,Node_672,14,0,-3,14,-3,,,,,,,,,
1,VISIT,197,Random,OnArrival,3,40,11252,Node_623,15,0,4,15,4,,,,,,,,,
1,VISIT,201,Random,OnArrival,3,12,11256,Node_108,18,0,5,18,5,,,,,,,,,
1,VISIT,202,Random,OnArrival,3,12,11256,Node_100,19,0,4,19,4,,,,,,,,,
1,VISIT,203,Random,OnArrival,3,12,11256,Node_114,17,0,4,17,4,,,,,,,,,
1,VISIT,204,Random,OnArrival,3,12,11256,Node_623,15,0,4,15,4,,,,,,,,,
1,VISIT,194,Random,OnArrival,3,56,11261,Node_648,15,0,-3,15,-3,,,,,,,,,
1,VISIT,196,Random,OnArrival,3,55,11261,Node_648,15,0,-3,15,-3,,,,,,,,,
1,VISIT,197,Random,OnArrival,3,41,11261,Node_626,15,0,3,15,3,,,,,,,,,
1,VISIT,201,Random,OnArrival,3,13,11266,Node_105,18,0,4,18,4,,,,,,,,,
1,VISIT,202,Random,OnArrival,3,13,11266,Node_105,18,0,4,18,4,,,,,,,,,
1,VISIT,203,Random,OnArrival,3,13,11266,Node_105,18,0,4,18,4,,,,,,,,,
1,VISIT,204,Random,OnArrival,3,13,11266,Node_117,16,0,4,16,4,,,,,,,,,
1,VISIT,187,Random,OnArrival,3,91,11271,Node_601,3,0,-2,3,-2,,,,,,,,,
1,VISIT,194,Random,OnArrival,3,57,11271,Node_672,14,0,-3,14,-3,,,,,,,,,
1,VISIT,196,Random,OnArrival,3,56,11271,Node_672,14,0,-3,14,-3,,,,,,,,,
1,VISIT,197,Random,OnArrival,3,42,11271,Node_664,14,0,3,14,3,,,,,,,,,
1,VISIT,199,Random,OnArrival,3,26,11271,Node_650,15,0,-4,15,-4,,,,,,,,,
1,VISIT,201,Random,OnArrival,3,14,11276,Node_114,17,0,4,17,4,,,,,,,,,
1,VISIT,202,Random,OnArrival,3,14,11276,Node_114,17,0,4,17,4,,,,,,,,,
1,VISIT,203,Random,OnArrival,3,14,11276,Node_114,17,0,4,17,4,,,,,,,,,
1,VISIT,204,Random,OnArrival,3,14,11276,Node_114,17,0,4,17,4,,,,,,,,,
1,VISIT,194,Random,OnArrival,3,58,11281,Node_670,14,0,-2,14,-2,,,,,,,,,
1,VISIT,195,Random,OnArrival,3,49,11281,Node_579,6,0,0,6,0,,,,,,,,,
1,VISIT,196,Random,OnArrival,3,57,11281,Node_670,14,0,-2,14,-2,,,,,,,,,
1,VISIT,197,Random,OnArrival,3,43,11281,Node_626,15,0,3,15,3,,,,,,,,,
1,VISIT,199,Random,OnArrival,3,27,11281,Node_673,14,0,-4,14,-4,,,,,,,,,
1,VISIT,201,Random,OnArrival,3,15,11286,Node_105,18,0,4,18,4,,,,,,,,,
1,VISIT,202,Random,OnArrival,3,15,11286,Node_105,18,0,4,18,4,,,,,,,,,
1,VISIT,203,Random,OnArrival,3,15,11286,Node_117,16,0,4,16,4,,,,,,,,,
1,VISIT,204,Random,OnArrival,3,15,11286,Node_117,16,0,4,16,4,,,,,,,,,
1,VISIT,187,Random,OnArrival,3,92,11291,Node_606,1,0,-2,1,-2,,,,,,,,,
1,VISIT,194,Random,OnArrival,3,59,11291,Node_645,15,0,-2,15,-2,,,,,,,,,
1,VISIT,196,Random,OnArrival,3,58,11291,Node_645,15,0,-2,15,-2,,,,,,,,,
1,VISIT,197,Random,OnArrival,3,44,11291,Node_671,16,0,3,16,3,,,,,,,,,
1,VISIT,199,Random,OnArrival,3,28,11291,Node_672,14,0,-3,14,-3,,,,,,,,,
1,VISIT,201,Random,OnArrival,3,16,11296,Node_100,19,0,4,19,4,,,,,,,,,
1,VISIT,202,Random,OnArrival,3,16,11296,Node_100,19,0,4,19,4,,,,,,,,,
1,VISIT,203,Random,OnArrival,3,16,11296,Node_671,16,0,3,16,3,,,,,,,,,
1,VISIT,204,Random,OnArrival,3,16,11296,Node_623,15,0,4,15,4,,,,,,,,,
1,VISIT,195,Random,OnArrival,3,50,11301,Node_578,6,0,2,6,2,,,,,,,,,
1,VISIT,197,Random,OnArrival,3,45,11301,Node_669,16,0,2,16,2,,,,,,,,,
1,VISIT,199,Random,OnArrival,3,29,11301,Node_670,14,0,-2,14,-2,,,,,,,,,
1,VISIT,201,Random,OnArrival,3,17,11306,Node_63,20,0,4,20,4,,,,,,,,,
1,VISIT,202,Random,OnArrival,3,17,11306,Node_102,19,0,3,19,3,,,,,,,,,
1,VISIT,203,Random,OnArrival,3,17,11306,Node_669,16,0,2,16,2,,,,,,,,,
1,VISIT,204,Random,OnArrival,3,17,11306,Node_626,15,0,3,15,3,,,,,,,,,
1,VISIT,197,Random,OnArrival,3,46,11312,Node_629,15,0,2,15,2,,,,,,,,,
1,VISIT,199,Random,OnArrival,3,30,11312,Node_645,15,0,-2,15,-2,,,,,,,,,
1,VISIT,201,Random,OnArrival,3,18,11317,Node_62,20,0,3,20,3,,,,,,,,,
1,VISIT,202,Random,OnArrival,3,18,11317,Node_62,20,0,3,20,3,,,,,,,,,
1,VISIT,203,Random,OnArrival,3,18,11317,Node_629,15,0,2,15,2,,,,,,,,,
1,VISIT,204,Random,OnArrival,3,18,11317,Node_629,15,0,2,15,2,,,,,,,,,
1,VISIT,187,Random,OnArrival,3,93,11322,Node_603,1,0,-5,1,-5,,,,,,,,,
1,VISIT,195,Random,OnArrival,3,51,11322,Node_605,8,0,2,8,2,,,,,,,,,
1,VISIT,197,Random,OnArrival,3,47,11322,Node_663,14,0,2,14,2,,,,,,,,,
1,VISIT,203,Random,OnArrival,3,19,11327,Node_663,14,0,2,14,2,,,,,,,,,
1,VISIT,204,Random,OnArrival,3,19,11327,Node_663,14,0,2,14,2,,,,,,,,,
1,VISIT,197,Random,OnArrival,3,48,11331,Node_665,14,0,1,14,1,,,,,,,,,
1,VISIT,199,Random,OnArrival,3,31,11331,Node_676,17,0,-2,17,-2,,,,,,,,,
1,VISIT,201,Random,OnArrival,3,19,11338,Node_104,19,0,2,19,2,,,,,,,,,
1,VISIT,202,Random,OnArrival,3,19,11338,Node_104,19,0,2,19,2,,,,,,,,,
1,VISIT,203,Random,OnArrival,3,20,11338,Node_665,14,0,1,14,1,,,,,,,,,
1,VISIT,204,Random,OnArrival,3,20,11338,Node_665,14,0,1,14,1,,,,,,,,,
1,VISIT,195,Random,OnArrival,3,52,11342,Node_625,10,0,2,10,2,,,,,,,,,
1,VISIT,197,Random,OnArrival,3,49,11342,Node_634,15,0,1,15,1,,,,,,,,,
1,VISIT,201,Random,OnArrival,3,20,11348,Node_107,19,0,1,19,1,,,,,,,,,
1,VISIT,202,Random,OnArrival,3,20,11348,Node_107,19,0,1,19,1,,,,,,,,,
1,VISIT,203,Random,OnArrival,3,21,11348,Node_634,15,0,1,15,1,,,,,,,,,
1,VISIT,204,Random,OnArrival,3,21,11348,Node_634,15,0,1,15,1,,,,,,,,,
1,VISIT,195,Random,OnArrival,3,53,11353,Node_628,10,0,1,10,1,,,,,,,,,
1,VISIT,197,Random,OnArrival,3,50,11353,Node_637,15,0,0,15,0,,,,,,,,,
1,VISIT,201,Random,OnArrival,3,21,11358,Node_682,18,0,1,18,1,,,,,,,,,
1,VISIT,202,Random,OnArrival,3,21,11358,Node_682,18,0,1,18,1,,,,,,,,,
1,VISIT,203,Random,OnArrival,3,22,11358,Node_637,15,0,0,15,0,,,,,,,,,
1,VISIT,204,Random,OnArrival,3,22,11358,Node_665,14,0,1,14,1,,,,,,,,,
1,VISIT,187,Random,OnArrival,3,94,11363,Node_615,5,0,-5,5,-5,,,,,,,,,
1,VISIT,194,Random,OnArrival,3,60,11363,Node_107,19,0,1,19,1,,,,,,,,,
1,VISIT,195,Random,OnArrival,3,54,11363,Node_633,10,0,0,10,0,,,,,,,,,
1,VISIT,196,Random,OnArrival,3,59,11363,Node_107,19,0,1,19,1,,,,,,,,,
1,VISIT,197,Random,OnArrival,3,51,11363,Node_662,14,0,0,14,0,,,,,,,,,
1,VISIT,199,Random,OnArrival,3,32,11363,Node_680,18,0,0,18,0,,,,,,,,,
1,VISIT,201,Random,OnArrival,3,22,11368,Node_107,19,0,1,19,1,,,,,,,,,
1,VISIT,202,Random,OnArrival,3,22,11368,Node_107,19,0,1,19,1,,,,,,,,,
1,VISIT,203,Random,OnArrival,3,23,11368,Node_662,14,0,0,14,0,,,,,,,,,
1,VISIT,204,Random,OnArrival,3,23,11368,Node_662,14,0,0,14,0,,,,,,,,,
1,VISIT,194,Random,OnArrival,3,61,11374,Node_110,19,0,0,19,0,,,,,,,,,
1,VISIT,195,Random,OnArrival,3,55,11374,Node_646,11,0,0,11,0,,,,,,,,,
1,VISIT,196,Random,OnArrival,3,60,11374,Node_682,18,0,1,18,1,,,,,,,,,
1,VISIT,197,Random,OnArrival,3,52,11374,Node_637,15,0,0,15,0,,,,,,,,,
1,VISIT,199,Random,OnArrival,3,33,11374,Node_110,19,0,0,19,0,,,,,,,,,
1,VISIT,201,Random,OnArrival,3,23,11379,Node_110,19,0,0,19,0,,,,,,,,,
1,VISIT,202,Random,OnArrival,3,23,11379,Node_110,19,0,0,19,0,,,,,,,,,
1,VISIT,203,Random,OnArrival,3,24,11379,Node_637,15,0,0,15,0,,,,,,,,,
1,VISIT,204,Random,OnArrival,3,24,11379,Node_668,14,0,-1,14,-1,,,,,,,,,
1,VISIT,194,Random,OnArrival,3,62,11385,Node_680,18,0,0,18,0,,,,,,,,,
1,VISIT,195,Random,OnArrival,3,56,11385,Node_660,12,0,0,12,0,,,,,,,,,
1,VISIT,196,Random,OnArrival,3,61,11385,Node_680,18,0,0,18,0,,,,,,,,,
1,VISIT,197,Random,OnArrival,3,53,11385,Node_641,15,0,-1,15,-1,,,,,,,,,
1,VISIT,203,Random,OnArrival,3,25,11390,Node_641,15,0,-1,15,-1,,,,,,,,,
1,VISIT,204,Random,OnArrival,3,25,11390,Node_641,15,0,-1,15,-1,,,,,,,,,
1,VISIT,187,Random,OnArrival,3,95,11396,Node_630,8,0,-5,8,-5,,,,,,,,,
1,VISIT,194,Random,OnArrival,3,63,11396,Node_110,19,0,0,19,0,,,,,,,,,
1,VISIT,196,Random,OnArrival,3,62,11396,Node_110,19,0,0,19,0,,,,,,,,,
1,VISIT,197,Random,OnArrival,3,54,11396,Node_668,14,0,-1,14,-1,,,,,,,,,
1,VISIT,203,Random,OnArrival,3,26,11400,Node_668,14,0,-1,14,-1,,,,,,,,,
1,VISIT,204,Random,OnArrival,3,26,11400,Node_645,15,0,-2,15,-2,,,,,,,,,
1,VISIT,195,Random,OnArrival,3,57,11407,Node_662,14,0,0,14,0,,,,,,,,,
1,VISIT,197,Random,OnArrival,3,55,11407,Node_670,14,0,-2,14,-2,,,,,,,,,
1,VISIT,201,Random,OnArrival,3,24,11411,Node_684,22,0,0,22,0,,,,,,,,,
1,VISIT,202,Random,OnArrival,3,24,11411,Node_684,22,0,0,22,0,,,,,,,,,
1,VISIT,203,Random,OnArrival,3,27,11411,Node_670,14,0,-2,14,-2,,,,,,,,,
1,VISIT,204,Random,OnArrival,3,27,11411,Node_648,15,0,-3,15,-3,,,,,,,,,
1,VISIT,187,Random,OnArrival,3,96,11417,Node_649,10,0,-5,10,-5,,,,,,,,,
1,VISIT,195,Random,OnArrival,3,58,11417,Node_668,14,0,-1,14,-1,,,,,,,,,
1,VISIT,197,Random,OnArrival,3,56,11417,Node_645,15,0,-2,15,-2,,,,,,,,,
1,VISIT,199,Random,OnArrival,3,34,11417,Node_241,22,0,1,22,1,,,,,,,,,
1,VISIT,201,Random,OnArrival,3,25,11422,Node_241,22,0,1,22,1,,,,,,,,,
1,VISIT,202,Random,OnArrival,3,25,11422,Node_241,22,0,1,22,1,,,,,,,,,
1,VISIT,203,Random,OnArrival,3,28,11422,Node_645,15,0,-2,15,-2,,,,,,,,,
1,VISIT,204,Random,OnArrival,3,28,11422,Node_650,15,0,-4,15,-4,,,,,,,,,
1,VISIT,187,Random,OnArrival,3,97,11427,Node_647,10,0,-4,10,-4,,,,,,,,,
1,VISIT,194,Random,OnArrival,3,64,11427,Node_684,22,0,0,22,0,,,,,,,,,
1,VISIT,195,Random,OnArrival,3,59,11427,Node_670,14,0,-2,14,-2,,,,,,,,,
1,VISIT,196,Random,OnArrival,3,63,11427,Node_684,22,0,0,22,0,,,,,,,,,
1,VISIT,199,Random,OnArrival,3,35,11427,Node_684,22,0,0,22,0,,,,,,,,,
1,VISIT,201,Random,OnArrival,3,26,11433,Node_684,22,0,0,22,0,,,,,,,,,
1,VISIT,202,Random,OnArrival,3,26,11433,Node_112,23,0,1,23,1,,,,,,,,,
1,VISIT,204,Random,OnArrival,3,29,11433,Node_675,15,0,-5,15,-5,,,,,,,,,
1,VISIT,187,Random,OnArrival,3,98,11438,Node_644,10,0,-3,10,-3,,,,,,,,,
1,VISIT,195,Random,OnArrival,3,60,11438,Node_645,15,0,-2,15,-2,,,,,,,,,
1,VISIT,197,Random,OnArrival,3,57,11438,Node_676,17,0,-2,17,-2,,,,,,,,,
1,VISIT,201,Random,OnArrival,3,27,11444,Node_685,22,0,-1,22,-1,,,,,,,,,
1,VISIT,202,Random,OnArrival,3,27,11444,Node_109,23,0,2,23,2,,,,,,,,,
1,VISIT,203,Random,OnArrival,3,29,11444,Node_676,17,0,-2,17,-2,,,,,,,,,
1,VISIT,187,Random,OnArrival,3,99,11448,Node_658,11,0,-3,11,-3,,,,,,,,,
1,VISIT,197,Random,OnArrival,3,58,11448,Node_677,17,0,-1,17,-1,,,,,,,,,
1,VISIT,201,Random,OnArrival,3,28,11455,Node_686,22,0,-2,22,-2,,,,,,,,,
1,VISIT,202,Random,OnArrival,3,28,11455,Node_236,24,0,2,24,2,,,,,,,,,
1,VISIT,203,Random,OnArrival,3,30,11455,Node_681,18,0,-2,18,-2,,,,,,,,,
1,VISIT,187,Random,OnArrival,3,100,11458,Node_667,12,0,-3,12,-3,,,,,,,,,
1,VISIT,195,Random,OnArrival,3,61,11458,Node_676,17,0,-2,17,-2,,,,,,,,,
1,VISIT,197,Random,OnArrival,3,59,11458,Node_683,18,0,-1,18,-1,,,,,,,,,
1,VISIT,201,Random,OnArrival,3,29,11466,Node_688,22,0,-3,22,-3,,,,,,,,,
1,VISIT,203,Random,OnArrival,3,31,11466,Node_116,19,0,-2,19,-2,,,,,,,,,
1,VISIT,195,Random,OnArrival,3,62,11469,Node_681,18,0,-2,18,-2,,,,,,,,,
1,VISIT,197,Random,OnArrival,3,60,11469,Node_113,19,0,-1,19,-1,,,,,,,,,
1,VISIT,201,Random,OnArrival,3,30,11477,Node_691,22,0,-4,22,-4,,,,,,,,,
1,VISIT,187,Random,OnArrival,3,101,11480,Node_672,14,0,-3,14,-3,,,,,,,,,
1,VISIT,195,Random,OnArrival,3,63,11480,Node_116,19,0,-2,19,-2,,,,,,,,,
1,VISIT,197,Random,OnArrival,3,61,11480,Node_110,19,0,0,19,0,,,,,,,,,
1,VISIT,201,Random,OnArrival,3,31,11487,Node_695,22,0,-5,22,-5,,,,,,,,,
1,VISIT,202,Random,OnArrival,3,29,11487,Node_234,24,0,3,24,3,,,,,,,,,
1,VISIT,187,Random,OnArrival,3,102,11490,Node_673,14,0,-4,14,-4,,,,,,,,,
1,VISIT,205,Random,OnArrival,3,0,11490,Node_6,19,0,12,19,12,,,,,,,,,
1,VISIT,206,Random,OnArrival,3,0,11490,Node_7,19,0,8,19,8,,,,,,,,,
1,VISIT,207,Random,OnArrival,3,0,11490,Node_8,17,0,10,17,10,,,,,,,,,
1,VISIT,208,Random,OnArrival,3,0,11490,Node_9,21,0,10,21,10,,,,,,,,,
1,VISIT,187,Random,OnArrival,3,103,11494,Node_674,14,0,-5,14,-5,,,,,,,,,
1,VISIT,201,Random,OnArrival,3,32,11494,Node_699,21,0,-5,21,-5,,,,,,,,,
1,VISIT,202,Random,OnArrival,3,30,11494,Node_106,23,0,3,23,3,,,,,,,,,
1,VISIT,204,Random,OnArrival,3,30,11494,Node_687,17,0,-5,17,-5,,,,,,,,,
1,VISIT,205,Random,OnArrival,3,1,11494,Node_2,19,0,11,19,11,,,,,,,,,
1,VISIT,206,Random,OnArrival,3,1,11494,Node_47,20,0,8,20,8,,,,,,,,,
1,VISIT,207,Random,OnArrival,3,1,11494,Node_23,17,0,9,17,9,,,,,,,,,
1,VISIT,208,Random,OnArrival,3,1,11494,Node_48,21,0,9,21,9,,,,,,,,,
1,VISIT,187,Random,OnArrival,3,104,11500,Node_675,15,0,-5,15,-5,,,,,,,,,
1,VISIT,197,Random,OnArrival,3,62,11500,Node_684,22,0,0,22,0,,,,,,,,,
1,VISIT,202,Random,OnArrival,3,31,11500,Node_234,24,0,3,24,3,,,,,,,,,
1,VISIT,203,Random,OnArrival,3,32,11500,Node_697,18,0,-5,18,-5,,,,,,,,,
1,VISIT,204,Random,OnArrival,3,31,11500,Node_690,17,0,-4,17,-4,,,,,,,,,
1,VISIT,205,Random,OnArrival,3,2,11500,Node_20,19,0,10,19,10,,,,,,,,,
1,VISIT,206,Random,OnArrival,3,2,11500,Node_51,21,0,8,21,8,,,,,,,,,
1,VISIT,207,Random,OnArrival,3,2,11500,Node_126,17,0,8,17,8,,,,,,,,,
1,VISIT,208,Random,OnArrival,3,2,11500,Node_69,22,0,9,22,9,,,,,,,,,
1,VISIT,195,Random,OnArrival,3,64,11506,Node_704,20,0,-5,20,-5,,,,,,,,,
1,VISIT,196,Random,OnArrival,3,64,11506,Node_704,20,0,-5,20,-5,,,,,,,,,
1,VISIT,197,Random,OnArrival,3,63,11506,Node_115,23,0,0,23,0,,,,,,,,,
1,VISIT,199,Random,OnArrival,3,36,11506,Node_704,20,0,-5,20,-5,,,,,,,,,
1,VISIT,201,Random,OnArrival,3,33,11506,Node_703,20,0,-4,20,-4,,,,,,,,,
1,VISIT,202,Random,OnArrival,3,32,11506,Node_232,24,0,4,24,4,,,,,,,,,
1,VISIT,203,Random,OnArrival,3,33,11506,Node_702,19,0,-5,19,-5,,,,,,,,,
1,VISIT,204,Random,OnArrival,3,32,11506,Node_694,18,0,-4,18,-4,,,,,,,,,
1,VISIT,205,Random,OnArrival,3,3,11506,Node_3,19,0,9,19,9,,,,,,,,,
1,VISIT,206,Random,OnArrival,3,3,11506,Node_53,21,0,7,21,7,,,,,,,,,
1,VISIT,207,Random,OnArrival,3,3,11506,Node_128,17,0,7,17,7,,,,,,,,,
1,VISIT,208,Random,OnArrival,3,3,11506,Node_89,23,0,9,23,9,,,,,,,,,
1,VISIT,187,Random,OnArrival,3,105,11514,Node_687,17,0,-5,17,-5,,,,,,,,,
1,VISIT,195,Random,OnArrival,3,65,11514,Node_702,19,0,-5,19,-5,,,,,,,,,
1,VISIT,196,Random,OnArrival,3,65,11514,Node_702,19,0,-5,19,-5,,,,,,,,,
1,VISIT,197,Random,OnArrival,3,64,11514,Node_118,23,0,-1,23,-1,,,,,,,,,
1,VISIT,199,Random,OnArrival,3,37,11514,Node_702,19,0,-5,19,-5,,,,,,,,,
1,VISIT,201,Random,OnArrival,3,34,11514,Node_696,19,0,-4,19,-4,,,,,,,,,
1,VISIT,202,Random,OnArrival,3,33,11514,Node_103,23,0,4,23,4,,,,,,,,,
1,VISIT,203,Random,OnArrival,3,34,11514,Node_704,20,0,-5,20,-5,,,,,,,,,
1,VISIT,204,Random,OnArrival,3,33,11514,Node_696,19,0,-4,19,-4,,,,,,,,,
1,VISIT,205,Random,OnArrival,3,4,11514,Node_7,19,0,8,19,8,,,,,,,,,
1,VISIT,206,Random,OnArrival,3,4,11514,Node_56,21,0,6,21,6,,,,,,,,,
1,VISIT,207,Random,OnArrival,3,4,11514,Node_123,16,0,7,16,7,,,,,,,,,
1,VISIT,187,Random,OnArrival,3,106,11522,Node_690,17,0,-4,17,-4,,,,,,,,,
1,VISIT,195,Random,OnArrival,3,66,11522,Node_696,19,0,-4,19,-4,,,,,,,,,
1,VISIT,196,Random,OnArrival,3,66,11522,Node_704,20,0,-5,20,-5,,,,,,,,,
1,VISIT,197,Random,OnArrival,3,65,11522,Node_685,22,0,-1,22,-1,,,,,,,,,
1,VISIT,199,Random,OnArrival,3,38,11522,Node_704,20,0,-5,20,-5,,,,,,,,,
1,VISIT,201,Random,OnArrival,3,35,11522,Node_694,18,0,-4,18,-4,,,,,,,,,
1,VISIT,202,Random,OnArrival,3,34,11522,Node_101,23,0,5,23,5,,,,,,,,,
1,VISIT,203,Random,OnArrival,3,35,11522,Node_699,21,0,-5,21,-5,,,,,,,,,
1,VISIT,204,Random,OnArrival,3,34,11522,Node_693,19,0,-3,19,-3,,,,,,,,,
1,VISIT,205,Random,OnArrival,3,5,11522,Node_47,20,0,8,20,8,,,,,,,,,
1,VISIT,206,Random,OnArrival,3,5,11522,Node_57,21,0,5,21,5,,,,,,,,,
1,VISIT,207,Random,OnArrival,3,5,11522,Node_121,16,0,6,16,6,,,,,,,,,
1,VISIT,208,Random,OnArrival,3,4,11522,Node_169,25,0,9,25,9,,,,,,,,,
1,VISIT,187,Random,OnArrival,3,107,11531,Node_694,18,0,-4,18,-4,,,,,,,,,
1,VISIT,195,Random,OnArrival,3,67,11531,Node_693,19,0,-3,19,-3,,,,,,,,,
1,VISIT,196,Random,OnArrival,3,67,11531,Node_699,21,0,-5,21,-5,,,,,,,,,
1,VISIT,197,Random,OnArrival,3,66,11531,Node_118,23,0,-1,23,-1,,,,,,,,,
1,VISIT,199,Random,OnArrival,3,39,11531,Node_703,20,0,-4,20,-4,,,,,,,,,
1,VISIT,201,Random,OnArrival,3,36,11531,Node_696,19,0,-4,19,-4,,,,,,,,,
1,VISIT,202,Random,OnArrival,3,35,11531,Node_180,24,0,5,24,5,,,,,,,,,
1,VISIT,203,Random,OnArrival,3,36,11531,Node_695,22,0,-5,22,-5,,,,,,,,,
1,VISIT,204,Random,OnArrival,3,35,11531,Node_700,20,0,-3,20,-3,,,,,,,,,
1,VISIT,205,Random,OnArrival,3,6,11531,Node_51,21,0,8,21,8,,,,,,,,,
1,VISIT,206,Random,OnArrival,3,6,11531,Node_77,22,0,5,22,5,,,,,,,,,
1,VISIT,207,Random,OnArrival,3,6,11531,Node_119,16,0,5,16,5,,,,,,,,,
1,VISIT,208,Random,OnArrival,3,5,11531,Node_206,26,0,9,26,9,,,,,,,,,
1,VISIT,187,Random,OnArrival,3,108,11540,Node_696,19,0,-4,19,-4,,,,,,,,,
1,VISIT,195,Random,OnArrival,3,68,11540,Node_700,20,0,-3,20,-3,,,,,,,,,
1,VISIT,196,Random,OnArrival,3,68,11540,Node_701,21,0,-4,21,-4,,,,,,,,,
1,VISIT,197,Random,OnArrival,3,67,11540,Node_120,23,0,-2,23,-2,,,,,,,,,
1,VISIT,199,Random,OnArrival,3,40,11540,Node_696,19,0,-4,19,-4,,,,,,,,,
1,VISIT,201,Random,OnArrival,3,37,11540,Node_703,20,0,-4,20,-4,,,,,,,,,
1,VISIT,202,Random,OnArrival,3,36,11540,Node_178,25,0,5,25,5,,,,,,,,,
1,VISIT,203,Random,OnArrival,3,37,11540,Node_691,22,0,-4,22,-4,,,,,,,,,
1,VISIT,204,Random,OnArrival,3,36,11540,Node_703,20,0,-4,20,-4,,,,,,,,,
1,VISIT,205,Random,OnArrival,3,7,11540,Node_53,21,0,7,21,7,,,,,,,,,
1,VISIT,206,Random,OnArrival,3,7,11540,Node_101,23,0,5,23,5,,,,,,,,,
1,VISIT,207,Random,OnArrival,3,7,11540,Node_117,16,0,4,16,4,,,,,,,,,
1,VISIT,187,Random,OnArrival,3,109,11549,Node_703,20,0,-4,20,-4,,,,,,,,,
1,VISIT,195,Random,OnArrival,3,69,11549,Node_703,20,0,-4,20,-4,,,,,,,,,
1,VISIT,196,Random,OnArrival,3,69,11549,Node_691,22,0,-4,22,-4,,,,,,,,,
1,VISIT,197,Random,OnArrival,3,68,11549,Node_686,22,0,-2,22,-2,,,,,,,,,
1,VISIT,199,Random,OnArrival,3,41,11549,Node_693,19,0,-3,19,-3,,,,,,,,,
1,VISIT,201,Random,OnArrival,3,38,11549,Node_700,20,0,-3,20,-3,,,,,,,,,
1,VISIT,202,Random,OnArrival,3,37,11549,Node_211,26,0,5,26,5,,,,,,,,,
1,VISIT,203,Random,OnArrival,3,38,11549,Node_701,21,0,-4,21,-4,,,,,,,,,
1,VISIT,204,Random,OnArrival,3,37,11549,Node_701,21,0,-4,21,-4,,,,,,,,,
1,VISIT,205,Random,OnArrival,3,8,11549,Node_56,21,0,6,21,6,,,,,,,,,
1,VISIT,206,Random,OnArrival,3,8,11549,Node_180,24,0,5,24,5,,,,,,,,,
1,VISIT,207,Random,OnArrival,3,8,11549,Node_114,17,0,4,17,4,,,,,,,,,
1,VISIT,187,Random,OnArrival,3,110,11556,Node_701,21,0,-4,21,-4,,,,,,,,,
1,VISIT,195,Random,OnArrival,3,70,11556,Node_701,21,0,-4,21,-4,,,,,,,,,
1,VISIT,196,Random,OnArrival,3,70,11556,Node_688,22,0,-3,22,-3,,,,,,,,,
1,VISIT,197,Random,OnArrival,3,69,11556,Node_120,23,0,-2,23,-2,,,,,,,,,
1,VISIT,199,Random,OnArrival,3,42,11556,Node_116,19,0,-2,19,-2,,,,,,,,,
1,VISIT,201,Random,OnArrival,3,39,11556,Node_703,20,0,-4,20,-4,,,,,,,,,
1,VISIT,202,Random,OnArrival,3,38,11556,Node_218,27,0,5,27,5,,,,,,,,,
1,VISIT,203,Random,OnArrival,3,39,11556,Node_691,22,0,-4,22,-4,,,,,,,,,
1,VISIT,204,Random,OnArrival,3,38,11556,Node_691,22,0,-4,22,-4,,,,,,,,,
1,VISIT,205,Random,OnArrival,3,9,11556,Node_57,21,0,5,21,5,,,,,,,,,
1,VISIT,206,Random,OnArrival,3,9,11556,Node_178,25,0,5,25,5,,,,,,,,,
1,VISIT,207,Random,OnArrival,3,9,11556,Node_105,18,0,4,18,4,,,,,,,,,
1,VISIT,187,Random,OnArrival,3,111,11564,Node_691,22,0,-4,22,-4,,,,,,,,,
1,VISIT,195,Random,OnArrival,3,71,11564,Node_691,22,0,-4,22,-4,,,,,,,,,
1,VISIT,196,Random,OnArrival,3,71,11564,Node_122,23,0,-3,23,-3,,,,,,,,,
1,VISIT,199,Random,OnArrival,3,43,11564,Node_113,19,0,-1,19,-1,,,,,,,,,
1,VISIT,201,Random,OnArrival,3,40,11564,Node_701,21,0,-4,21,-4,,,,,,,,,
1,VISIT,203,Random,OnArrival,3,40,11564,Node_688,22,0,-3,22,-3,,,,,,,,,
1,VISIT,204,Random,OnArrival,3,39,11564,Node_688,22,0,-3,22,-3,,,,,,,,,
1,VISIT,205,Random,OnArrival,3,10,11564,Node_59,21,0,4,21,4,,,,,,,,,
1,VISIT,206,Random,OnArrival,3,10,11564,Node_211,26,0,5,26,5,,,,,,,,,
1,VISIT,207,Random,OnArrival,3,10,11564,Node_100,19,0,4,19,4,,,,,,,,,
1,VISIT,208,Random,OnArrival,3,6,11564,Node_184,27,0,12,27,12,,,,,,,,,
1,VISIT,187,Random,OnArrival,3,112,11572,Node_688,22,0,-3,22,-3,,,,,,,,,
1,VISIT,195,Random,OnArrival,3,72,11572,Node_688,22,0,-3,22,-3,,,,,,,,,
1,VISIT,199,Random,OnArrival,3,44,11572,Node_110,19,0,0,19,0,,,,,,,,,
1,VISIT,201,Random,OnArrival,3,41,11572,Node_691,22,0,-4,22,-4,,,,,,,,,
1,VISIT,203,Random,OnArrival,3,41,11572,Node_686,22,0,-2,22,-2,,,,,,,,,
1,VISIT,204,Random,OnArrival,3,40,11572,Node_686,22,0,-2,22,-2,,,,,,,,,
1,VISIT,205,Random,OnArrival,3,11,11572,Node_61,21,0,3,21,3,,,,,,,,,
1,VISIT,206,Random,OnArrival,3,11,11572,Node_218,27,0,5,27,5,,,,,,,,,
1,VISIT,207,Random,OnArrival,3,11,11572,Node_102,19,0,3,19,3,,,,,,,,,
1,VISIT,187,Random,OnArrival,3,113,11580,Node_686,22,0,-2,22,-2,,,,,,,,,
1,VISIT,195,Random,OnArrival,3,73,11580,Node_686,22,0,-2,22,-2,,,,,,,,,
1,VISIT,196,Random,OnArrival,3,72,11580,Node_708,24,0,-2,24,-2,,,,,,,,,
1,VISIT,197,Random,OnArrival,3,70,11580,Node_708,24,0,-2,24,-2,,,,,,,,,
1,VISIT,201,Random,OnArrival,3,42,11580,Node_688,22,0,-3,22,-3,,,,,,,,,
1,VISIT,203,Random,OnArrival,3,42,11580,Node_120,23,0,-2,23,-2,,,,,,,,,
1,VISIT,204,Random,OnArrival,3,41,11580,Node_120,23,0,-2,23,-2,,,,,,,,,
1,VISIT,205,Random,OnArrival,3,12,11580,Node_62,20,0,3,20,3,,,,,,,,,
1,VISIT,206,Random,OnArrival,3,12,11580,Node_709,28,0,5,28,5,,,,,,,,,
1,VISIT,207,Random,OnArrival,3,12,11580,Node_104,19,0,2,19,2,,,,,,,,,
1,VISIT,187,Random,OnArrival,3,114,11590,Node_120,23,0,-2,23,-2,,,,,,,,,
1,VISIT,195,Random,OnArrival,3,74,11590,Node_120,23,0,-2,23,-2,,,,,,,,,
1,VISIT,201,Random,OnArrival,3,43,11590,Node_686,22,0,-2,22,-2,,,,,,,,,
1,VISIT,203,Random,OnArrival,3,43,11590,Node_708,24,0,-2,24,-2,,,,,,,,,
1,VISIT,204,Random,OnArrival,3,42,11590,Node_708,24,0,-2,24,-2,,,,,,,,,
1,VISIT,205,Random,OnArrival,3,13,11590,Node_102,19,0,3,19,3,,,,,,,,,
1,VISIT,207,Random,OnArrival,3,13,11590,Node_107,19,0,1,19,1,,,,,,,,,
1,VISIT,208,Random,OnArrival,3,7,11590,Node_185,27,0,13,27,13,,,,,,,,,
1,VISIT,187,Random,OnArrival,3,115,11600,Node_708,24,0,-2,24,-2,,,,,,,,,
1,VISIT,195,Random,OnArrival,3,75,11600,Node_708,24,0,-2,24,-2,,,,,,,,,
1,VISIT,199,Random,OnArrival,3,45,11600,Node_684,22,0,0,22,0,,,,,,,,,
1,VISIT,201,Random,OnArrival,3,44,11600,Node_120,23,0,-2,23,-2,,,,,,,,,
1,VISIT,205,Random,OnArrival,3,14,11600,Node_104,19,0,2,19,2,,,,,,,,,
1,VISIT,207,Random,OnArrival,3,14,11600,Node_110,19,0,0,19,0,,,,,,,,,
1,VISIT,208,Random,OnArrival,3,8,11600,Node_174,26,0,13,26,13,,,,,,,,,
1,VISIT,199,Random,OnArrival,3,46,11609,Node_241,22,0,1,22,1,,,,,,,,,
1,VISIT,201,Random,OnArrival,3,45,11609,Node_708,24,0,-2,24,-2,,,,,,,,,
1,VISIT,203,Random,OnArrival,3,44,11609,Node_715,26,0,-2,26,-2,,,,,,,,,
1,VISIT,204,Random,OnArrival,3,43,11609,Node_715,26,0,-2,26,-2,,,,,,,,,
1,VISIT,205,Random,OnArrival,3,15,11609,Node_107,19,0,1,19,1,,,,,,,,,
1,VISIT,207,Random,OnArrival,3,15,11609,Node_113,19,0,-1,19,-1,,,,,,,,,
1,VISIT,208,Random,OnArrival,3,9,11609,Node_171,26,0,12,26,12,,,,,,,,,
1,VISIT,187,Random,OnArrival,3,116,11619,Node_715,26,0,-2,26,-2,,,,,,,,,
1,VISIT,195,Random,OnArrival,3,76,11619,Node_715,26,0,-2,26,-2,,,,,,,,,
1,VISIT,199,Random,OnArrival,3,47,11619,Node_112,23,0,1,23,1,,,,,,,,,
1,VISIT,205,Random,OnArrival,3,16,11619,Node_110,19,0,0,19,0,,,,,,,,,
1,VISIT,207,Random,OnArrival,3,16,11619,Node_116,19,0,-2,19,-2,,,,,,,,,
1,VISIT,208,Random,OnArrival,3,10,11619,Node_184,27,0,12,27,12,,,,,,,,,
1,VISIT,187,Random,OnArrival,3,117,11629,Node_723,26,0,-3,26,-3,,,,,,,,,
1,VISIT,195,Random,OnArrival,3,77,11629,Node_723,26,0,-3,26,-3,,,,,,,,,
1,VISIT,199,Random,OnArrival,3,48,11629,Node_109,23,0,2,23,2,,,,,,,,,
1,VISIT,201,Random,OnArrival,3,46,11629,Node_715,26,0,-2,26,-2,,,,,,,,,
1,VISIT,205,Random,OnArrival,3,17,11629,Node_113,19,0,-1,19,-1,,,,,,,,,
1,VISIT,207,Random,OnArrival,3,17,11629,Node_693,19,0,-3,19,-3,,,,,,,,,
1,VISIT,208,Random,OnArrival,3,11,11629,Node_707,27,0,11,27,11,,,,,,,,,
1,VISIT,187,Random,OnArrival,3,118,11639,Node_727,26,0,-4,26,-4,,,,,,,,,
1,VISIT,195,Random,OnArrival,3,78,11639,Node_727,26,0,-4,26,-4,,,,,,,,,
1,VISIT,199,Random,OnArrival,3,49,11639,Node_236,24,0,2,24,2,,,,,,,,,
1,VISIT,205,Random,OnArrival,3,18,11639,Node_116,19,0,-2,19,-2,,,,,,,,,
1,VISIT,207,Random,OnArrival,3,18,11639,Node_696,19,0,-4,19,-4,,,,,,,,,
1,VISIT,187,Random,OnArrival,3,119,11649,Node_731,26,0,-5,26,-5,,,,,,,,,
1,VISIT,195,Random,OnArrival,3,79,11649,Node_731,26,0,-5,26,-5,,,,,,,,,
1,VISIT,199,Random,OnArrival,3,50,11649,Node_689,25,0,2,25,2,,,,,,,,,
1,VISIT,201,Random,OnArrival,3,47,11649,Node_721,27,0,-1,27,-1,,,,,,,,,
1,VISIT,202,Random,OnArrival,3,39,11649,Node_721,27,0,-1,27,-1,,,,,,,,,
1,VISIT,205,Random,OnArrival,3,19,11649,Node_693,19,0,-3,19,-3,,,,,,,,,
1,VISIT,207,Random,OnArrival,3,19,11649,Node_702,19,0,-5,19,-5,,,,,,,,,
1,VISIT,208,Random,OnArrival,3,12,11649,Node_711,28,0,12,28,12,,,,,,,,,
1,VISIT,201,Random,OnArrival,3,48,11660,Node_722,28,0,-1,28,-1,,,,,,,,,
1,VISIT,202,Random,OnArrival,3,40,11660,Node_722,28,0,-1,28,-1,,,,,,,,,
1,VISIT,205,Random,OnArrival,3,20,11660,Node_696,19,0,-4,19,-4,,,,,,,,,
1,VISIT,207,Random,OnArrival,3,20,11660,Node_704,20,0,-5,20,-5,,,,,,,,,
1,VISIT,208,Random,OnArrival,3,13,11660,Node_184,27,0,12,27,12,,,,,,,,,
1,VISIT,187,Random,OnArrival,3,120,11670,Node_736,24,0,-5,24,-5,,,,,,,,,
1,VISIT,195,Random,OnArrival,3,80,11670,Node_736,24,0,-5,24,-5,,,,,,,,,
1,VISIT,197,Random,OnArrival,3,71,11670,Node_689,25,0,2,25,2,,,,,,,,,
1,VISIT,199,Random,OnArrival,3,51,11670,Node_734,27,0,2,27,2,,,,,,,,,
1,VISIT,205,Random,OnArrival,3,21,11670,Node_702,19,0,-5,19,-5,,,,,,,,,
1,VISIT,207,Random,OnArrival,3,21,11670,Node_699,21,0,-5,21,-5,,,,,,,,,
1,VISIT,208,Random,OnArrival,3,14,11670,Node_707,27,0,11,27,11,,,,,,,,,
1,VISIT,199,Random,OnArrival,3,52,11679,Node_714,28,0,2,28,2,,,,,,,,,
1,VISIT,203,Random,OnArrival,3,45,11679,Node_731,26,0,-5,26,-5,,,,,,,,,
1,VISIT,204,Random,OnArrival,3,44,11679,Node_731,26,0,-5,26,-5,,,,,,,,,
1,VISIT,205,Random,OnArrival,3,22,11679,Node_704,20,0,-5,20,-5,,,,,,,,,
1,VISIT,207,Random,OnArrival,3,22,11679,Node_695,22,0,-5,22,-5,,,,,,,,,
1,VISIT,208,Random,OnArrival,3,15,11679,Node_706,27,0,10,27,10,,,,,,,,,
1,VISIT,187,Random,OnArrival,3,121,11688,Node_731,26,0,-5,26,-5,,,,,,,,,
1,VISIT,195,Random,OnArrival,3,81,11688,Node_731,26,0,-5,26,-5,,,,,,,,,
1,VISIT,197,Random,OnArrival,3,72,11688,Node_734,27,0,2,27,2,,,,,,,,,
1,VISIT,205,Random,OnArrival,3,23,11688,Node_699,21,0,-5,21,-5,,,,,,,,,
1,VISIT,207,Random,OnArrival,3,23,11688,Node_691,22,0,-4,22,-4,,,,,,,,,
1,VISIT,187,Random,OnArrival,3,122,11696,Node_744,27,0,-5,27,-5,,,,,,,,,
1,VISIT,195,Random,OnArrival,3,82,11696,Node_744,27,0,-5,27,-5,,,,,,,,,
1,VISIT,197,Random,OnArrival,3,73,11696,Node_729,27,0,1,27,1,,,,,,,,,
1,VISIT,205,Random,OnArrival,3,24,11696,Node_695,22,0,-5,22,-5,,,,,,,,,
1,VISIT,207,Random,OnArrival,3,24,11696,Node_688,22,0,-3,22,-3,,,,,,,,,
1,VISIT,208,Random,OnArrival,3,16,11696,Node_733,28,0,11,28,11,,,,,,,,,
1,VISIT,187,Random,OnArrival,3,123,11705,Node_749,27,0,-4,27,-4,,,,,,,,,
1,VISIT,195,Random,OnArrival,3,83,11705,Node_749,27,0,-4,27,-4,,,,,,,,,
1,VISIT,197,Random,OnArrival,3,74,11705,Node_716,28,0,1,28,1,,,,,,,,,
1,VISIT,199,Random,OnArrival,3,53,11705,Node_712,28,0,3,28,3,,,,,,,,,
1,VISIT,205,Random,OnArrival,3,25,11705,Node_691,22,0,-4,22,-4,,,,,,,,,
1,VISIT,207,Random,OnArrival,3,25,11705,Node_686,22,0,-2,22,-2,,,,,,,,,
1,VISIT,208,Random,OnArrival,3,17,11705,Node_707,27,0,11,27,11,,,,,,,,,
1,VISIT,187,Random,OnArrival,3,124,11715,Node_751,27,0,-3,27,-3,,,,,,,,,
1,VISIT,195,Random,OnArrival,3,84,11715,Node_751,27,0,-3,27,-3,,,,,,,,,
1,VISIT,199,Random,OnArrival,3,54,11715,Node_747,29,0,3,29,3,,,,,,,,,
1,VISIT,204,Random,OnArrival,3,45,11715,Node_730,27,0,-2,27,-2,,,,,,,,,
1,VISIT,205,Random,OnArrival,3,26,11715,Node_688,22,0,-3,22,-3,,,,,,,,,
1,VISIT,207,Random,OnArrival,3,26,11715,Node_120,23,0,-2,23,-2,,,,,,,,,
1,VISIT,208,Random,OnArrival,3,18,11715,Node_706,27,0,10,27,10,,,,,,,,,
1,VISIT,187,Random,OnArrival,3,125,11725,Node_730,27,0,-2,27,-2,,,,,,,,,
1,VISIT,195,Random,OnArrival,3,85,11725,Node_730,27,0,-2,27,-2,,,,,,,,,
1,VISIT,204,Random,OnArrival,3,46,11725,Node_726,28,0,-2,28,-2,,,,,,,,,
1,VISIT,205,Random,OnArrival,3,27,11725,Node_686,22,0,-2,22,-2,,,,,,,,,
1,VISIT,207,Random,OnArrival,3,27,11725,Node_708,24,0,-2,24,-2,,,,,,,,,
1,VISIT,208,Random,OnArrival,3,19,11725,Node_705,27,0,9,27,9,,,,,,,,,
1,VISIT,187,Random,OnArrival,3,126,11735,Node_726,28,0,-2,28,-2,,,,,,,,,
1,VISIT,195,Random,OnArrival,3,86,11735,Node_726,28,0,-2,28,-2,,,,,,,,,
1,VISIT,204,Random,OnArrival,3,47,11735,Node_740,29,0,-2,29,-2,,,,,,,,,
1,VISIT,205,Random,OnArrival,3,28,11735,Node_120,23,0,-2,23,-2,,,,,,,,,
1,VISIT,187,Random,OnArrival,3,127,11745,Node_740,29,0,-2,29,-2,,,,,,,,,
1,VISIT,195,Random,OnArrival,3,87,11745,Node_740,29,0,-2,29,-2,,,,,,,,,
1,VISIT,205,Random,OnArrival,3,29,11745,Node_708,24,0,-2,24,-2,,,,,,,,,
1,VISIT,207,Random,OnArrival,3,28,11745,Node_715,26,0,-2,26,-2,,,,,,,,,
1,VISIT,208,Random,OnArrival,3,20,11745,Node_746,28,0,10,28,10,,,,,,,,,
1,VISIT,187,Random,OnArrival,3,128,11755,Node_758,30,0,-2,30,-2,,,,,,,,,
1,VISIT,195,Random,OnArrival,3,88,11755,Node_758,30,0,-2,30,-2,,,,,,,,,
1,VISIT,207,Random,OnArrival,3,29,11755,Node_723,26,0,-3,26,-3,,,,,,,,,
1,VISIT,208,Random,OnArrival,3,21,11755,Node_756,28,0,9,28,9,,,,,,,,,
1,VISIT,187,Random,OnArrival,3,129,11765,Node_760,30,0,-1,30,-1,,,,,,,,,
1,VISIT,195,Random,OnArrival,3,89,11765,Node_760,30,0,-1,30,-1,,,,,,,,,
1,VISIT,204,Random,OnArrival,3,48,11765,Node_738,29,0,-1,29,-1,,,,,,,,,
1,VISIT,205,Random,OnArrival,3,30,11765,Node_715,26,0,-2,26,-2,,,,,,,,,
1,VISIT,207,Random,OnArrival,3,30,11765,Node_751,27,0,-3,27,-3,,,,,,,,,
1,VISIT,187,Random,OnArrival,3,130,11775,Node_738,29,0,-1,29,-1,,,,,,,,,
1,VISIT,195,Random,OnArrival,3,90,11775,Node_738,29,0,-1,29,-1,,,,,,,,,
1,VISIT,204,Random,OnArrival,3,49,11775,Node_722,28,0,-1,28,-1,,,,,,,,,
1,VISIT,205,Random,OnArrival,3,31,11775,Node_723,26,0,-3,26,-3,,,,,,,,,
1,VISIT,207,Random,OnArrival,3,31,11775,Node_730,27,0,-2,27,-2,,,,,,,,,
1,VISIT,208,Random,OnArrival,3,22,11775,Node_732,30,0,9,30,9,,,,,,,,,
1,VISIT,187,Random,OnArrival,3,131,11785,Node_760,30,0,-1,30,-1,,,,,,,,,
1,VISIT,195,Random,OnArrival,3,91,11785,Node_722,28,0,-1,28,-1,,,,,,,,,
1,VISIT,204,Random,OnArrival,3,50,11785,Node_721,27,0,-1,27,-1,,,,,,,,,
1,VISIT,205,Random,OnArrival,3,32,11785,Node_751,27,0,-3,27,-3,,,,,,,,,
1,VISIT,207,Random,OnArrival,3,32,11785,Node_726,28,0,-2,28,-2,,,,,,,,,
1,VISIT,209,Random,OnArrival,3,0,11789,Node_6,19,0,12,19,12,,,,,,,,,
1,VISIT,210,Random,OnArrival,3,0,11789,Node_7,19,0,8,19,8,,,,,,,,,
1,VISIT,211,Random,OnArrival,3,0,11789,Node_8,17,0,10,17,10,,,,,,,,,
1,VISIT,212,Random,OnArrival,3,0,11789,Node_9,21,0,10,21,10,,,,,,,,,
1,VISIT,195,Random,OnArrival,3,92,11793,Node_719,28,0,0,28,0,,,,,,,,,
1,VISIT,204,Random,OnArrival,3,51,11793,Node_725,27,0,0,27,0,,,,,,,,,
1,VISIT,205,Random,OnArrival,3,33,11793,Node_749,27,0,-4,27,-4,,,,,,,,,
1,VISIT,207,Random,OnArrival,3,33,11793,Node_740,29,0,-2,29,-2,,,,,,,,,
1,VISIT,209,Random,OnArrival,3,1,11795,Node_2,19,0,11,19,11,,,,,,,,,
1,VISIT,210,Random,OnArrival,3,1,11795,Node_3,19,0,9,19,9,,,,,,,,,
1,VISIT,211,Random,OnArrival,3,1,11795,Node_4,18,0,10,18,10,,,,,,,,,
1,VISIT,212,Random,OnArrival,3,1,11795,Node_48,21,0,9,21,9,,,,,,,,,
1,VISIT,195,Random,OnArrival,3,93,11800,Node_725,27,0,0,27,0,,,,,,,,,
1,VISIT,204,Random,OnArrival,3,52,11800,Node_719,28,0,0,28,0,,,,,,,,,
1,VISIT,205,Random,OnArrival,3,34,11800,Node_727,26,0,-4,26,-4,,,,,,,,,
1,VISIT,207,Random,OnArrival,3,34,11800,Node_743,29,0,-3,29,-3,,,,,,,,,
1,VISIT,209,Random,OnArrival,3,2,11802,Node_20,19,0,10,19,10,,,,,,,,,
1,VISIT,210,Random,OnArrival,3,2,11802,Node_50,20,0,9,20,9,,,,,,,,,
1,VISIT,211,Random,OnArrival,3,2,11802,Node_15,18,0,9,18,9,,,,,,,,,
1,VISIT,212,Random,OnArrival,3,2,11802,Node_69,22,0,9,22,9,,,,,,,,,
1,VISIT,195,Random,OnArrival,3,94,11807,Node_721,27,0,-1,27,-1,,,,,,,,,
1,VISIT,204,Random,OnArrival,3,53,11807,Node_722,28,0,-1,28,-1,,,,,,,,,
1,VISIT,205,Random,OnArrival,3,35,11807,Node_723,26,0,-3,26,-3,,,,,,,,,
1,VISIT,207,Random,OnArrival,3,35,11807,Node_755,30,0,-3,30,-3,,,,,,,,,
1,VISIT,209,Random,OnArrival,3,3,11810,Node_3,19,0,9,19,9,,,,,,,,,
1,VISIT,210,Random,OnArrival,3,3,11810,Node_48,21,0,9,21,9,,,,,,,,,
1,VISIT,211,Random,OnArrival,3,3,11810,Node_3,19,0,9,19,9,,,,,,,,,
1,VISIT,212,Random,OnArrival,3,3,11810,Node_89,23,0,9,23,9,,,,,,,,,
1,VISIT,195,Random,OnArrival,3,95,11815,Node_730,27,0,-2,27,-2,,,,,,,,,
1,VISIT,204,Random,OnArrival,3,54,11815,Node_726,28,0,-2,28,-2,,,,,,,,,
1,VISIT,205,Random,OnArrival,3,36,11815,Node_715,26,0,-2,26,-2,,,,,,,,,
1,VISIT,207,Random,OnArrival,3,36,11815,Node_758,30,0,-2,30,-2,,,,,,,,,
1,VISIT,209,Random,OnArrival,3,4,11818,Node_50,20,0,9,20,9,,,,,,,,,
1,VISIT,210,Random,OnArrival,3,4,11818,Node_69,22,0,9,22,9,,,,,,,,,
1,VISIT,211,Random,OnArrival,3,4,11818,Node_50,20,0,9,20,9,,,,,,,,,
1,VISIT,195,Random,OnArrival,3,96,11823,Node_751,27,0,-3,27,-3,,,,,,,,,
1,VISIT,204,Random,OnArrival,3,55,11823,Node_740,29,0,-2,29,-2,,,,,,,,,
1,VISIT,205,Random,OnArrival,3,37,11823,Node_730,27,0,-2,27,-2,,,,,,,,,
1,VISIT,209,Random,OnArrival,3,5,11827,Node_48,21,0,9,21,9,,,,,,,,,
1,VISIT,210,Random,OnArrival,3,5,11827,Node_89,23,0,9,23,9,,,,,,,,,
1,VISIT,211,Random,OnArrival,3,5,11827,Node_48,21,0,9,21,9,,,,,,,,,
1,VISIT,212,Random,OnArrival,3,4,11827,Node_169,25,0,9,25,9,,,,,,,,,
1,VISIT,187,Random,OnArrival,3,132,11831,Node_767,31,0,0,31,0,,,,,,,,,
1,VISIT,195,Random,OnArrival,3,97,11831,Node_749,27,0,-4,27,-4,,,,,,,,,
1,VISIT,204,Random,OnArrival,3,56,11831,Node_758,30,0,-2,30,-2,,,,,,,,,
1,VISIT,205,Random,OnArrival,3,38,11831,Node_726,28,0,-2,28,-2,,,,,,,,,
1,VISIT,207,Random,OnArrival,3,37,11831,Node_765,31,0,-1,31,-1,,,,,,,,,
1,VISIT,209,Random,OnArrival,3,6,11835,Node_69,22,0,9,22,9,,,,,,,,,
1,VISIT,211,Random,OnArrival,3,6,11835,Node_69,22,0,9,22,9,,,,,,,,,
1,VISIT,212,Random,OnArrival,3,5,11835,Node_206,26,0,9,26,9,,,,,,,,,
1,VISIT,187,Random,OnArrival,3,133,11840,Node_768,31,0,1,31,1,,,,,,,,,
1,VISIT,195,Random,OnArrival,3,98,11840,Node_751,27,0,-3,27,-3,,,,,,,,,
1,VISIT,204,Random,OnArrival,3,57,11840,Node_755,30,0,-3,30,-3,,,,,,,,,
1,VISIT,205,Random,OnArrival,3,39,11840,Node_740,29,0,-2,29,-2,,,,,,,,,
1,VISIT,207,Random,OnArrival,3,38,11840,Node_767,31,0,0,31,0,,,,,,,,,
1,VISIT,209,Random,OnArrival,3,7,11844,Node_89,23,0,9,23,9,,,,,,,,,
1,VISIT,210,Random,OnArrival,3,6,11844,Node_169,25,0,9,25,9,,,,,,,,,
1,VISIT,211,Random,OnArrival,3,7,11844,Node_89,23,0,9,23,9,,,,,,,,,
1,VISIT,212,Random,OnArrival,3,6,11844,Node_705,27,0,9,27,9,,,,,,,,,
1,VISIT,187,Random,OnArrival,3,134,11849,Node_769,32,0,1,32,1,,,,,,,,,
1,VISIT,195,Random,OnArrival,3,99,11849,Node_730,27,0,-2,27,-2,,,,,,,,,
1,VISIT,205,Random,OnArrival,3,40,11849,Node_758,30,0,-2,30,-2,,,,,,,,,
1,VISIT,207,Random,OnArrival,3,39,11849,Node_768,31,0,1,31,1,,,,,,,,,
1,VISIT,210,Random,OnArrival,3,7,11853,Node_206,26,0,9,26,9,,,,,,,,,
1,VISIT,212,Random,OnArrival,3,7,11853,Node_756,28,0,9,28,9,,,,,,,,,
1,VISIT,195,Random,OnArrival,3,100,11858,Node_726,28,0,-2,28,-2,,,,,,,,,
1,VISIT,204,Random,OnArrival,3,58,11858,Node_771,31,0,-2,31,-2,,,,,,,,,
1,VISIT,205,Random,OnArrival,3,41,11858,Node_740,29,0,-2,29,-2,,,,,,,,,
1,VISIT,207,Random,OnArrival,3,40,11858,Node_769,32,0,1,32,1,,,,,,,,,
1,VISIT,209,Random,OnArrival,3,8,11863,Node_169,25,0,9,25,9,,,,,,,,,
1,VISIT,210,Random,OnArrival,3,8,11863,Node_705,27,0,9,27,9,,,,,,,,,
1,VISIT,211,Random,OnArrival,3,8,11863,Node_169,25,0,9,25,9,,,,,,,,,
1,VISIT,195,Random,OnArrival,3,101,11867,Node_740,29,0,-2,29,-2,,,,,,,,,
1,VISIT,204,Random,OnArrival,3,59,11867,Node_758,30,0,-2,30,-2,,,,,,,,,
1,VISIT,205,Random,OnArrival,3,42,11867,Node_743,29,0,-3,29,-3,,,,,,,,,
1,VISIT,207,Random,OnArrival,3,41,11867,Node_770,32,0,0,32,0,,,,,,,,,
1,VISIT,209,Random,OnArrival,3,9,11872,Node_206,26,0,9,26,9,,,,,,,,,
1,VISIT,210,Random,OnArrival,3,9,11872,Node_756,28,0,9,28,9,,,,,,,,,
1,VISIT,211,Random,OnArrival,3,9,11872,Node_206,26,0,9,26,9,,,,,,,,,
1,VISIT,212,Random,OnArrival,3,8,11872,Node_732,30,0,9,30,9,,,,,,,,,
1,VISIT,195,Random,OnArrival,3,102,11876,Node_743,29,0,-3,29,-3,,,,,,,,,
1,VISIT,204,Random,OnArrival,3,60,11876,Node_755,30,0,-3,30,-3,,,,,,,,,
1,VISIT,205,Random,OnArrival,3,43,11876,Node_748,29,0,-4,29,-4,,,,,,,,,
1,VISIT,209,Random,OnArrival,3,10,11881,Node_705,27,0,9,27,9,,,,,,,,,
1,VISIT,211,Random,OnArrival,3,10,11881,Node_705,27,0,9,27,9,,,,,,,,,
1,VISIT,212,Random,OnArrival,3,9,11881,Node_764,31,0,9,31,9,,,,,,,,,
1,VISIT,195,Random,OnArrival,3,103,11885,Node_755,30,0,-3,30,-3,,,,,,,,,
1,VISIT,204,Random,OnArrival,3,61,11885,Node_754,30,0,-4,30,-4,,,,,,,,,
1,VISIT,205,Random,OnArrival,3,44,11885,Node_754,30,0,-4,30,-4,,,,,,,,,
1,VISIT,207,Random,OnArrival,3,42,11885,Node_773,33,0,1,33,1,,,,,,,,,
1,VISIT,209,Random,OnArrival,3,11,11890,Node_756,28,0,9,28,9,,,,,,,,,
1,VISIT,210,Random,OnArrival,3,10,11890,Node_732,30,0,9,30,9,,,,,,,,,
1,VISIT,211,Random,OnArrival,3,11,11890,Node_756,28,0,9,28,9,,,,,,,,,
1,VISIT,195,Random,OnArrival,3,104,11894,Node_754,30,0,-4,30,-4,,,,,,,,,
1,VISIT,204,Random,OnArrival,3,62,11894,Node_748,29,0,-4,29,-4,,,,,,,,,
1,VISIT,205,Random,OnArrival,3,45,11894,Node_753,30,0,-5,30,-5,,,,,,,,,
1,VISIT,210,Random,OnArrival,3,11,11899,Node_728,30,0,8,30,8,,,,,,,,,
1,VISIT,195,Random,OnArrival,3,105,11903,Node_753,30,0,-5,30,-5,,,,,,,,,
1,VISIT,204,Random,OnArrival,3,63,11903,Node_750,29,0,-5,29,-5,,,,,,,,,
1,VISIT,209,Random,OnArrival,3,12,11908,Node_732,30,0,9,30,9,,,,,,,,,
1,VISIT,210,Random,OnArrival,3,12,11908,Node_778,31,0,8,31,8,,,,,,,,,
1,VISIT,211,Random,OnArrival,3,12,11908,Node_732,30,0,9,30,9,,,,,,,,,
1,VISIT,204,Random,OnArrival,3,64,11912,Node_753,30,0,-5,30,-5,,,,,,,,,
1,VISIT,209,Random,OnArrival,3,13,11917,Node_735,30,0,10,30,10,,,,,,,,,
1,VISIT,210,Random,OnArrival,3,13,11917,Node_764,31,0,9,31,9,,,,,,,,,
1,VISIT,211,Random,OnArrival,3,13,11917,Node_764,31,0,9,31,9,,,,,,,,,
1,VISIT,212,Random,OnArrival,3,10,11917,Node_720,30,0,6,30,6,,,,,,,,,
1,VISIT,209,Random,OnArrival,3,14,11927,Node_766,31,0,10,31,10,,,,,,,,,
1,VISIT,210,Random,OnArrival,3,14,11927,Node_732,30,0,9,30,9,,,,,,,,,
1,VISIT,211,Random,OnArrival,3,14,11927,Node_732,30,0,9,30,9,,,,,,,,,
1,VISIT,212,Random,OnArrival,3,11,11927,Node_782,31,0,6,31,6,,,,,,,,,
1,VISIT,195,Random,OnArrival,3,106,11931,Node_784,33,0,-5,33,-5,,,,,,,,,
1,VISIT,207,Random,OnArrival,3,43,11931,Node_777,33,0,4,33,4,,,,,,,,,
1,VISIT,209,Random,OnArrival,3,15,11937,Node_739,31,0,11,31,11,,,,,,,,,
1,VISIT,210,Random,OnArrival,3,15,11937,Node_735,30,0,10,30,10,,,,,,,,,
1,VISIT,211,Random,OnArrival,3,15,11937,Node_735,30,0,10,30,10,,,,,,,,,
1,VISIT,212,Random,OnArrival,3,12,11937,Node_762,32,0,6,32,6,,,,,,,,,
1,VISIT,195,Random,OnArrival,3,107,11941,Node_786,33,0,-4,33,-4,,,,,,,,,
1,VISIT,204,Random,OnArrival,3,65,11941,Node_784,33,0,-5,33,-5,,,,,,,,,
1,VISIT,210,Random,OnArrival,3,16,11946,Node_737,30,0,11,30,11,,,,,,,,,
1,VISIT,211,Random,OnArrival,3,16,11946,Node_737,30,0,11,30,11,,,,,,,,,
1,VISIT,195,Random,OnArrival,3,108,11950,Node_787,33,0,-3,33,-3,,,,,,,,,
1,VISIT,207,Random,OnArrival,3,44,11950,Node_790,33,0,6,33,6,,,,,,,,,
1,VISIT,210,Random,OnArrival,3,17,11955,Node_739,31,0,11,31,11,,,,,,,,,
1,VISIT,211,Random,OnArrival,3,17,11955,Node_739,31,0,11,31,11,,,,,,,,,
1,VISIT,195,Random,OnArrival,3,109,11959,Node_792,33,0,-2,33,-2,,,,,,,,,
1,VISIT,207,Random,OnArrival,3,45,11959,Node_794,33,0,7,33,7,,,,,,,,,
1,VISIT,210,Random,OnArrival,3,18,11964,Node_741,31,0,12,31,12,,,,,,,,,
1,VISIT,211,Random,OnArrival,3,18,11964,Node_741,31,0,12,31,12,,,,,,,,,
1,VISIT,195,Random,OnArrival,3,110,11968,Node_796,33,0,-1,33,-1,,,,,,,,,
1,VISIT,205,Random,OnArrival,3,46,11968,Node_776,33,0,0,33,0,,,,,,,,,
1,VISIT,207,Random,OnArrival,3,46,11968,Node_798,33,0,8,33,8,,,,,,,,,
1,VISIT,209,Random,OnArrival,3,16,11973,Node_745,31,0,13,31,13,,,,,,,,,
1,VISIT,210,Random,OnArrival,3,19,11973,Node_793,32,0,12,32,12,,,,,,,,,
1,VISIT,211,Random,OnArrival,3,19,11973,Node_793,32,0,12,32,12,,,,,,,,,
1,VISIT,195,Random,OnArrival,3,111,11977,Node_776,33,0,0,33,0,,,,,,,,,
1,VISIT,207,Random,OnArrival,3,47,11977,Node_800,34,0,8,34,8,,,,,,,,,
1,VISIT,210,Random,OnArrival,3,20,11982,Node_789,32,0,11,32,11,,,,,,,,,
1,VISIT,211,Random,OnArrival,3,20,11982,Node_789,32,0,11,32,11,,,,,,,,,
1,VISIT,195,Random,OnArrival,3,112,11986,Node_801,34,0,0,34,0,,,,,,,,,
1,VISIT,205,Random,OnArrival,3,47,11986,Node_779,34,0,1,34,1,,,,,,,,,
1,VISIT,207,Random,OnArrival,3,48,11986,Node_803,34,0,9,34,9,,,,,,,,,
1,VISIT,195,Random,OnArrival,3,113,11996,Node_779,34,0,1,34,1,,,,,,,,,
1,VISIT,205,Random,OnArrival,3,48,11996,Node_773,33,0,1,33,1,,,,,,,,,
1,VISIT,207,Random,OnArrival,3,49,11996,Node_805,34,0,10,34,10,,,,,,,,,
1,VISIT,195,Random,OnArrival,3,114,12006,Node_773,33,0,1,33,1,,,,,,,,,
1,VISIT,205,Random,OnArrival,3,49,12006,Node_776,33,0,0,33,0,,,,,,,,,
1,VISIT,207,Random,OnArrival,3,50,12006,Node_807,34,0,11,34,11,,,,,,,,,
1,VISIT,210,Random,OnArrival,3,21,12010,Node_805,34,0,10,34,10,,,,,,,,,
1,VISIT,211,Random,OnArrival,3,21,12010,Node_805,34,0,10,34,10,,,,,,,,,
1,VISIT,195,Random,OnArrival,3,115,12015,Node_776,33,0,0,33,0,,,,,,,,,
1,VISIT,205,Random,OnArrival,3,50,12015,Node_796,33,0,-1,33,-1,,,,,,,,,
1,VISIT,207,Random,OnArrival,3,51,12015,Node_809,35,0,11,35,11,,,,,,,,,
1,VISIT,195,Random,OnArrival,3,116,12025,Node_796,33,0,-1,33,-1,,,,,,,,,
1,VISIT,207,Random,OnArrival,3,52,12025,Node_811,35,0,10,35,10,,,,,,,,,
1,VISIT,209,Random,OnArrival,3,17,12028,Node_409,32,0,18,32,18,,,,,,,,,
1,VISIT,210,Random,OnArrival,3,22,12028,Node_809,35,0,11,35,11,,,,,,,,,
1,VISIT,211,Random,OnArrival,3,22,12028,Node_809,35,0,11,35,11,,,,,,,,,
1,VISIT,195,Random,OnArrival,3,117,12034,Node_812,34,0,-1,34,-1,,,,,,,,,
1,VISIT,205,Random,OnArrival,3,51,12034,Node_801,34,0,0,34,0,,,,,,,,,
1,VISIT,210,Random,OnArrival,3,23,12037,Node_807,34,0,11,34,11,,,,,,,,,
1,VISIT,211,Random,OnArrival,3,23,12037,Node_807,34,0,11,34,11,,,,,,,,,
1,VISIT,195,Random,OnArrival,3,118,12043,Node_801,34,0,0,34,0,,,,,,,,,
1,VISIT,195,Random,OnArrival,3,119,12052,Node_815,35,0,0,35,0,,,,,,,,,
1,VISIT,210,Random,OnArrival,3,24,12055,Node_789,32,0,11,32,11,,,,,,,,,
1,VISIT,211,Random,OnArrival,3,24,12055,Node_789,32,0,11,32,11,,,,,,,,,
1,VISIT,195,Random,OnArrival,3,120,12061,Node_818,35,0,-1,35,-1,,,,,,,,,
1,VISIT,205,Random,OnArrival,3,52,12061,Node_812,34,0,-1,34,-1,,,,,,,,,
1,VISIT,210,Random,OnArrival,3,25,12065,Node_793,32,0,12,32,12,,,,,,,,,
1,VISIT,211,Random,OnArrival,3,25,12065,Node_793,32,0,12,32,12,,,,,,,,,
1,VISIT,195,Random,OnArrival,3,121,12070,Node_812,34,0,-1,34,-1,,,,,,,,,
1,VISIT,210,Random,OnArrival,3,26,12075,Node_797,32,0,13,32,13,,,,,,,,,
1,VISIT,211,Random,OnArrival,3,26,12075,Node_797,32,0,13,32,13,,,,,,,,,
1,VISIT,195,Random,OnArrival,3,122,12079,Node_820,34,0,-2,34,-2,,,,,,,,,
1,VISIT,213,Random,OnArrival,3,0,12085,Node_6,19,0,12,19,12,,,,,,,,,
1,VISIT,214,Random,OnArrival,3,0,12085,Node_7,19,0,8,19,8,,,,,,,,,
1,VISIT,215,Random,OnArrival,3,0,12085,Node_8,17,0,10,17,10,,,,,,,,,
1,VISIT,216,Random,OnArrival,3,0,12085,Node_9,21,0,10,21,10,,,,,,,,,
1,VISIT,195,Random,OnArrival,3,123,12089,Node_799,34,0,-3,34,-3,,,,,,,,,
1,VISIT,213,Random,OnArrival,3,1,12089,Node_2,19,0,11,19,11,,,,,,,,,
1,VISIT,214,Random,OnArrival,3,1,12089,Node_3,19,0,9,19,9,,,,,,,,,
1,VISIT,215,Random,OnArrival,3,1,12089,Node_4,18,0,10,18,10,,,,,,,,,
1,VISIT,216,Random,OnArrival,3,1,12089,Node_48,21,0,9,21,9,,,,,,,,,
1,VISIT,195,Random,OnArrival,3,124,12093,Node_787,33,0,-3,33,-3,,,,,,,,,
1,VISIT,213,Random,OnArrival,3,2,12093,Node_20,19,0,10,19,10,,,,,,,,,
1,VISIT,214,Random,OnArrival,3,2,12093,Node_50,20,0,9,20,9,,,,,,,,,
1,VISIT,215,Random,OnArrival,3,2,12093,Node_15,18,0,9,18,9,,,,,,,,,
1,VISIT,216,Random,OnArrival,3,2,12093,Node_69,22,0,9,22,9,,,,,,,,,
1,VISIT,195,Random,OnArrival,3,125,12097,Node_799,34,0,-3,34,-3,,,,,,,,,
1,VISIT,213,Random,OnArrival,3,3,12097,Node_3,19,0,9,19,9,,,,,,,,,
1,VISIT,214,Random,OnArrival,3,3,12097,Node_48,21,0,9,21,9,,,,,,,,,
1,VISIT,215,Random,OnArrival,3,3,12097,Node_3,19,0,9,19,9,,,,,,,,,
1,VISIT,216,Random,OnArrival,3,3,12097,Node_89,23,0,9,23,9,,,,,,,,,
1,VISIT,195,Random,OnArrival,3,126,12101,Node_795,34,0,-4,34,-4,,,,,,,,,
1,VISIT,213,Random,OnArrival,3,4,12101,Node_50,20,0,9,20,9,,,,,,,,,
1,VISIT,214,Random,OnArrival,3,4,12101,Node_69,22,0,9,22,9,,,,,,,,,
1,VISIT,215,Random,OnArrival,3,4,12101,Node_50,20,0,9,20,9,,,,,,,,,
1,VISIT,195,Random,OnArrival,3,127,12105,Node_786,33,0,-4,33,-4,,,,,,,,,
1,VISIT,213,Random,OnArrival,3,5,12105,Node_48,21,0,9,21,9,,,,,,,,,
1,VISIT,214,Random,OnArrival,3,5,12105,Node_89,23,0,9,23,9,,,,,,,,,
1,VISIT,215,Random,OnArrival,3,5,12105,Node_48,21,0,9,21,9,,,,,,,,,
1,VISIT,216,Random,OnArrival,3,4,12105,Node_169,25,0,9,25,9,,,,,,,,,
1,VISIT,195,Random,OnArrival,3,128,12109,Node_787,33,0,-3,33,-3,,,,,,,,,
1,VISIT,210,Random,OnArrival,3,27,12109,Node_410,35,0,17,35,17,,,,,,,,,
1,VISIT,211,Random,OnArrival,3,27,12109,Node_410,35,0,17,35,17,,,,,,,,,
1,VISIT,213,Random,OnArrival,3,6,12109,Node_69,22,0,9,22,9,,,,,,,,,
1,VISIT,215,Random,OnArrival,3,6,12109,Node_69,22,0,9,22,9,,,,,,,,,
1,VISIT,216,Random,OnArrival,3,5,12109,Node_206,26,0,9,26,9,,,,,,,,,
1,VISIT,195,Random,OnArrival,3,129,12113,Node_799,34,0,-3,34,-3,,,,,,,,,
1,VISIT,213,Random,OnArrival,3,7,12113,Node_89,23,0,9,23,9,,,,,,,,,
1,VISIT,214,Random,OnArrival,3,6,12113,Node_169,25,0,9,25,9,,,,,,,,,
1,VISIT,215,Random,OnArrival,3,7,12113,Node_89,23,0,9,23,9,,,,,,,,,
1,VISIT,216,Random,OnArrival,3,6,12113,Node_705,27,0,9,27,9,,,,,,,,,
1,VISIT,195,Random,OnArrival,3,130,12117,Node_820,34,0,-2,34,-2,,,,,,,,,
1,VISIT,214,Random,OnArrival,3,7,12117,Node_206,26,0,9,26,9,,,,,,,,,
1,VISIT,216,Random,OnArrival,3,7,12117,Node_756,28,0,9,28,9,,,,,,,,,
1,VISIT,195,Random,OnArrival,3,131,12124,Node_792,33,0,-2,33,-2,,,,,,,,,
1,VISIT,213,Random,OnArrival,3,8,12124,Node_169,25,0,9,25,9,,,,,,,,,
1,VISIT,214,Random,OnArrival,3,8,12124,Node_705,27,0,9,27,9,,,,,,,,,
1,VISIT,215,Random,OnArrival,3,8,12124,Node_169,25,0,9,25,9,,,,,,,,,
1,VISIT,195,Random,OnArrival,3,132,12130,Node_787,33,0,-3,33,-3,,,,,,,,,
1,VISIT,213,Random,OnArrival,3,9,12130,Node_206,26,0,9,26,9,,,,,,,,,
1,VISIT,214,Random,OnArrival,3,9,12130,Node_756,28,0,9,28,9,,,,,,,,,
1,VISIT,215,Random,OnArrival,3,9,12130,Node_206,26,0,9,26,9,,,,,,,,,
1,VISIT,216,Random,OnArrival,3,8,12130,Node_732,30,0,9,30,9,,,,,,,,,
1,VISIT,195,Random,OnArrival,3,133,12137,Node_786,33,0,-4,33,-4,,,,,,,,,
1,VISIT,213,Random,OnArrival,3,10,12137,Node_705,27,0,9,27,9,,,,,,,,,
1,VISIT,215,Random,OnArrival,3,10,12137,Node_705,27,0,9,27,9,,,,,,,,,
1,VISIT,216,Random,OnArrival,3,9,12137,Node_728,30,0,8,30,8,,,,,,,,,
1,VISIT,195,Random,OnArrival,3,134,12147,Node_795,34,0,-4,34,-4,,,,,,,,,
1,VISIT,213,Random,OnArrival,3,11,12147,Node_756,28,0,9,28,9,,,,,,,,,
1,VISIT,214,Random,OnArrival,3,10,12147,Node_732,30,0,9,30,9,,,,,,,,,
1,VISIT,215,Random,OnArrival,3,11,12147,Node_756,28,0,9,28,9,,,,,,,,,
1,VISIT,216,Random,OnArrival,3,10,12147,Node_724,30,0,7,30,7,,,,,,,,,
1,VISIT,214,Random,OnArrival,3,11,12157,Node_728,30,0,8,30,8,,,,,,,,,
1,VISIT,216,Random,OnArrival,3,11,12157,Node_780,31,0,7,31,7,,,,,,,,,
1,VISIT,211,Random,OnArrival,3,28,12167,Node_397,32,0,22,32,22,,,,,,,,,
1,VISIT,213,Random,OnArrival,3,12,12167,Node_732,30,0,9,30,9,,,,,,,,,
1,VISIT,214,Random,OnArrival,3,12,12167,Node_724,30,0,7,30,7,,,,,,,,,
1,VISIT,215,Random,OnArrival,3,12,12167,Node_732,30,0,9,30,9,,,,,,,,,
1,VISIT,216,Random,OnArrival,3,12,12167,Node_763,32,0,7,32,7,,,,,,,,,
1,VISIT,195,Random,OnArrival,3,135,12177,Node_791,34,0,-5,34,-5,,,,,,,,,
1,VISIT,211,Random,OnArrival,3,29,12177,Node_400,32,0,21,32,21,,,,,,,,,
1,VISIT,213,Random,OnArrival,3,13,12177,Node_728,30,0,8,30,8,,,,,,,,,
1,VISIT,214,Random,OnArrival,3,13,12177,Node_720,30,0,6,30,6,,,,,,,,,
1,VISIT,215,Random,OnArrival,3,13,12177,Node_728,30,0,8,30,8,,,,,,,,,
1,VISIT,216,Random,OnArrival,3,13,12177,Node_794,33,0,7,33,7,,,,,,,,,
1,VISIT,195,Random,OnArrival,3,136,12187,Node_834,35,0,-5,35,-5,,,,,,,,,
1,VISIT,211,Random,OnArrival,3,30,12187,Node_351,31,0,21,31,21,,,,,,,,,
1,VISIT,213,Random,OnArrival,3,14,12187,Node_724,30,0,7,30,7,,,,,,,,,
1,VISIT,214,Random,OnArrival,3,14,12187,Node_782,31,0,6,31,6,,,,,,,,,
1,VISIT,215,Random,OnArrival,3,14,12187,Node_724,30,0,7,30,7,,,,,,,,,
1,VISIT,211,Random,OnArrival,3,31,12197,Node_349,30,0,21,30,21,,,,,,,,,
1,VISIT,213,Random,OnArrival,3,15,12197,Node_780,31,0,7,31,7,,,,,,,,,
1,VISIT,214,Random,OnArrival,3,15,12197,Node_762,32,0,6,32,6,,,,,,,,,
1,VISIT,215,Random,OnArrival,3,15,12197,Node_720,30,0,6,30,6,,,,,,,,,
1,VISIT,216,Random,OnArrival,3,14,12197,Node_800,34,0,8,34,8,,,,,,,,,
1,VISIT,213,Random,OnArrival,3,16,12207,Node_763,32,0,7,32,7,,,,,,,,,
1,VISIT,214,Random,OnArrival,3,16,12207,Node_761,32,0,5,32,5,,,,,,,,,
1,VISIT,215,Random,OnArrival,3,16,12207,Node_782,31,0,6,31,6,,,,,,,,,
1,VISIT,216,Random,OnArrival,3,15,12207,Node_816,35,0,8,35,8,,,,,,,,,
1,VISIT,195,Random,OnArrival,3,137,12217,Node_832,35,0,-4,35,-4,,,,,,,,,
1,VISIT,211,Random,OnArrival,3,32,12217,Node_352,28,0,21,28,21,,,,,,,,,
1,VISIT,213,Random,OnArrival,3,17,12217,Node_794,33,0,7,33,7,,,,,,,,,
1,VISIT,214,Random,OnArrival,3,17,12217,Node_788,33,0,5,33,5,,,,,,,,,
1,VISIT,215,Random,OnArrival,3,17,12217,Node_762,32,0,6,32,6,,,,,,,,,
1,VISIT,216,Random,OnArrival,3,16,12217,Node_819,35,0,7,35,7,,,,,,,,,
1,VISIT,195,Random,OnArrival,3,138,12227,Node_834,35,0,-5,35,-5,,,,,,,,,
1,VISIT,211,Random,OnArrival,3,33,12227,Node_366,27,0,21,27,21,,,,,,,,,
1,VISIT,213,Random,OnArrival,3,18,12227,Node_790,33,0,6,33,6,,,,,,,,,
1,VISIT,214,Random,OnArrival,3,18,12227,Node_777,33,0,4,33,4,,,,,,,,,
1,VISIT,215,Random,OnArrival,3,18,12227,Node_761,32,0,5,32,5,,,,,,,,,
1,VISIT,216,Random,OnArrival,3,17,12227,Node_835,34,0,7,34,7,,,,,,,,,
1,VISIT,195,Random,OnArrival,3,139,12237,Node_836,36,0,-5,36,-5,,,,,,,,,
1,VISIT,211,Random,OnArrival,3,34,12237,Node_364,27,0,20,27,20,,,,,,,,,
1,VISIT,213,Random,OnArrival,3,19,12237,Node_788,33,0,5,33,5,,,,,,,,,
1,VISIT,214,Random,OnArrival,3,19,12237,Node_759,32,0,4,32,4,,,,,,,,,
1,VISIT,215,Random,OnArrival,3,19,12237,Node_759,32,0,4,32,4,,,,,,,,,
1,VISIT,216,Random,OnArrival,3,18,12237,Node_800,34,0,8,34,8,,,,,,,,,
1,VISIT,211,Random,OnArrival,3,35,12246,Node_353,28,0,20,28,20,,,,,,,,,
1,VISIT,213,Random,OnArrival,3,20,12246,Node_777,33,0,4,33,4,,,,,,,,,
1,VISIT,214,Random,OnArrival,3,20,12246,Node_777,33,0,4,33,4,,,,,,,,,
1,VISIT,215,Random,OnArrival,3,20,12246,Node_757,32,0,3,32,3,,,,,,,,,
1,VISIT,216,Random,OnArrival,3,19,12246,Node_803,34,0,9,34,9,,,,,,,,,
1,VISIT,211,Random,OnArrival,3,36,12256,Node_354,28,0,19,28,19,,,,,,,,,
1,VISIT,213,Random,OnArrival,3,21,12256,Node_785,34,0,4,34,4,,,,,,,,,
1,VISIT,214,Random,OnArrival,3,21,12256,Node_775,33,0,3,33,3,,,,,,,,,
1,VISIT,215,Random,OnArrival,3,21,12256,Node_775,33,0,3,33,3,,,,,,,,,
1,VISIT,216,Random,OnArrival,3,20,12256,Node_813,35,0,9,35,9,,,,,,,,,
1,VISIT,211,Random,OnArrival,3,37,12266,Node_198,27,0,19,27,19,,,,,,,,,
1,VISIT,214,Random,OnArrival,3,22,12266,Node_757,32,0,3,32,3,,,,,,,,,
1,VISIT,215,Random,OnArrival,3,22,12266,Node_783,34,0,3,34,3,,,,,,,,,
1,VISIT,211,Random,OnArrival,3,38,12275,Node_364,27,0,20,27,20,,,,,,,,,
1,VISIT,211,Random,OnArrival,3,39,12285,Node_366,27,0,21,27,21,,,,,,,,,
1,VISIT,213,Random,OnArrival,3,22,12285,Node_783,34,0,3,34,3,,,,,,,,,
1,VISIT,216,Random,OnArrival,3,21,12285,Node_811,35,0,10,35,10,,,,,,,,,
1,VISIT,211,Random,OnArrival,3,40,12295,Node_369,27,0,22,27,22,,,,,,,,,
1,VISIT,213,Random,OnArrival,3,23,12295,Node_775,33,0,3,33,3,,,,,,,,,
1,VISIT,214,Random,OnArrival,3,23,12295,Node_747,29,0,3,29,3,,,,,,,,,
1,VISIT,216,Random,OnArrival,3,22,12295,Node_844,36,0,10,36,10,,,,,,,,,
1,VISIT,213,Random,OnArrival,3,24,12304,Node_774,33,0,2,33,2,,,,,,,,,
1,VISIT,214,Random,OnArrival,3,24,12304,Node_742,29,0,2,29,2,,,,,,,,,
1,VISIT,215,Random,OnArrival,3,23,12304,Node_841,35,0,4,35,4,,,,,,,,,
1,VISIT,211,Random,OnArrival,3,41,12314,Node_335,26,0,23,26,23,,,,,,,,,
1,VISIT,213,Random,OnArrival,3,25,12314,Node_781,34,0,2,34,2,,,,,,,,,
1,VISIT,214,Random,OnArrival,3,25,12314,Node_752,29,0,1,29,1,,,,,,,,,
1,VISIT,215,Random,OnArrival,3,24,12314,Node_785,34,0,4,34,4,,,,,,,,,
1,VISIT,211,Random,OnArrival,3,42,12323,Node_847,27,0,23,27,23,,,,,,,,,
1,VISIT,213,Random,OnArrival,3,26,12323,Node_779,34,0,1,34,1,,,,,,,,,
1,VISIT,214,Random,OnArrival,3,26,12323,Node_742,29,0,2,29,2,,,,,,,,,
1,VISIT,215,Random,OnArrival,3,25,12323,Node_783,34,0,3,34,3,,,,,,,,,
1,VISIT,217,Random,OnArrival,3,0,12325,Node_6,19,0,12,19,12,,,,,,,,,
1,VISIT,218,Random,OnArrival,3,0,12325,Node_7,19,0,8,19,8,,,,,,,,,
1,VISIT,219,Random,OnArrival,3,0,12325,Node_8,17,0,10,17,10,,,,,,,,,
1,VISIT,220,Random,OnArrival,3,0,12325,Node_9,21,0,10,21,10,,,,,,,,,
1,VISIT,211,Random,OnArrival,3,43,12329,Node_369,27,0,22,27,22,,,,,,,,,
1,VISIT,213,Random,OnArrival,3,27,12329,Node_801,34,0,0,34,0,,,,,,,,,
1,VISIT,214,Random,OnArrival,3,27,12329,Node_747,29,0,3,29,3,,,,,,,,,
1,VISIT,215,Random,OnArrival,3,26,12329,Node_781,34,0,2,34,2,,,,,,,,,
1,VISIT,217,Random,OnArrival,3,1,12329,Node_2,19,0,11,19,11,,,,,,,,,
1,VISIT,218,Random,OnArrival,3,1,12329,Node_3,19,0,9,19,9,,,,,,,,,
1,VISIT,219,Random,OnArrival,3,1,12329,Node_4,18,0,10,18,10,,,,,,,,,
1,VISIT,220,Random,OnArrival,3,1,12329,Node_48,21,0,9,21,9,,,,,,,,,
1,VISIT,211,Random,OnArrival,3,44,12333,Node_338,26,0,22,26,22,,,,,,,,,
1,VISIT,213,Random,OnArrival,3,28,12333,Node_815,35,0,0,35,0,,,,,,,,,
1,VISIT,215,Random,OnArrival,3,27,12333,Node_783,34,0,3,34,3,,,,,,,,,
1,VISIT,217,Random,OnArrival,3,2,12333,Node_20,19,0,10,19,10,,,,,,,,,
1,VISIT,218,Random,OnArrival,3,2,12333,Node_50,20,0,9,20,9,,,,,,,,,
1,VISIT,219,Random,OnArrival,3,2,12333,Node_15,18,0,9,18,9,,,,,,,,,
1,VISIT,220,Random,OnArrival,3,2,12333,Node_69,22,0,9,22,9,,,,,,,,,
1,VISIT,211,Random,OnArrival,3,45,12337,Node_369,27,0,22,27,22,,,,,,,,,
1,VISIT,215,Random,OnArrival,3,28,12337,Node_843,35,0,3,35,3,,,,,,,,,
1,VISIT,217,Random,OnArrival,3,3,12337,Node_3,19,0,9,19,9,,,,,,,,,
1,VISIT,218,Random,OnArrival,3,3,12337,Node_48,21,0,9,21,9,,,,,,,,,
1,VISIT,219,Random,OnArrival,3,3,12337,Node_3,19,0,9,19,9,,,,,,,,,
1,VISIT,220,Random,OnArrival,3,3,12337,Node_89,23,0,9,23,9,,,,,,,,,
1,VISIT,211,Random,OnArrival,3,46,12341,Node_366,27,0,21,27,21,,,,,,,,,
1,VISIT,214,Random,OnArrival,3,28,12341,Node_757,32,0,3,32,3,,,,,,,,,
1,VISIT,215,Random,OnArrival,3,29,12341,Node_845,36,0,3,36,3,,,,,,,,,
1,VISIT,217,Random,OnArrival,3,4,12341,Node_50,20,0,9,20,9,,,,,,,,,
1,VISIT,218,Random,OnArrival,3,4,12341,Node_69,22,0,9,22,9,,,,,,,,,
1,VISIT,219,Random,OnArrival,3,4,12341,Node_50,20,0,9,20,9,,,,,,,,,
1,VISIT,211,Random,OnArrival,3,47,12345,Node_352,28,0,21,28,21,,,,,,,,,
1,VISIT,214,Random,OnArrival,3,29,12345,Node_775,33,0,3,33,3,,,,,,,,,
1,VISIT,217,Random,OnArrival,3,5,12345,Node_48,21,0,9,21,9,,,,,,,,,
1,VISIT,218,Random,OnArrival,3,5,12345,Node_89,23,0,9,23,9,,,,,,,,,
1,VISIT,219,Random,OnArrival,3,5,12345,Node_48,21,0,9,21,9,,,,,,,,,
1,VISIT,220,Random,OnArrival,3,4,12345,Node_169,25,0,9,25,9,,,,,,,,,
1,VISIT,214,Random,OnArrival,3,30,12349,Node_783,34,0,3,34,3,,,,,,,,,
1,VISIT,217,Random,OnArrival,3,6,12349,Node_69,22,0,9,22,9,,,,,,,,,
1,VISIT,219,Random,OnArrival,3,6,12349,Node_69,22,0,9,22,9,,,,,,,,,
1,VISIT,220,Random,OnArrival,3,5,12349,Node_206,26,0,9,26,9,,,,,,,,,
1,VISIT,211,Random,OnArrival,3,48,12354,Node_349,30,0,21,30,21,,,,,,,,,
1,VISIT,213,Random,OnArrival,3,29,12354,Node_857,37,0,3,37,3,,,,,,,,,
1,VISIT,214,Random,OnArrival,3,31,12354,Node_843,35,0,3,35,3,,,,,,,,,
1,VISIT,217,Random,OnArrival,3,7,12354,Node_89,23,0,9,23,9,,,,,,,,,
1,VISIT,218,Random,OnArrival,3,6,12354,Node_169,25,0,9,25,9,,,,,,,,,
1,VISIT,219,Random,OnArrival,3,7,12354,Node_89,23,0,9,23,9,,,,,,,,,
1,VISIT,220,Random,OnArrival,3,6,12354,Node_705,27,0,9,27,9,,,,,,,,,
1,VISIT,211,Random,OnArrival,3,49,12358,Node_351,31,0,21,31,21,,,,,,,,,
1,VISIT,214,Random,OnArrival,3,32,12358,Node_845,36,0,3,36,3,,,,,,,,,
1,VISIT,218,Random,OnArrival,3,7,12358,Node_206,26,0,9,26,9,,,,,,,,,
1,VISIT,220,Random,OnArrival,3,7,12358,Node_756,28,0,9,28,9,,,,,,,,,
1,VISIT,211,Random,OnArrival,3,50,12366,Node_400,32,0,21,32,21,,,,,,,,,
1,VISIT,214,Random,OnArrival,3,33,12366,Node_857,37,0,3,37,3,,,,,,,,,
1,VISIT,217,Random,OnArrival,3,8,12366,Node_169,25,0,9,25,9,,,,,,,,,
1,VISIT,218,Random,OnArrival,3,8,12366,Node_705,27,0,9,27,9,,,,,,,,,
1,VISIT,219,Random,OnArrival,3,8,12366,Node_169,25,0,9,25,9,,,,,,,,,
1,VISIT,220,Random,OnArrival,3,8,12366,Node_746,28,0,10,28,10,,,,,,,,,
1,VISIT,211,Random,OnArrival,3,51,12371,Node_831,33,0,21,33,21,,,,,,,,,
1,VISIT,214,Random,OnArrival,3,34,12371,Node_861,38,0,3,38,3,,,,,,,,,
1,VISIT,217,Random,OnArrival,3,9,12371,Node_206,26,0,9,26,9,,,,,,,,,
1,VISIT,218,Random,OnArrival,3,9,12371,Node_756,28,0,9,28,9,,,,,,,,,
1,VISIT,219,Random,OnArrival,3,9,12371,Node_206,26,0,9,26,9,,,,,,,,,
1,VISIT,220,Random,OnArrival,3,9,12371,Node_733,28,0,11,28,11,,,,,,,,,
1,VISIT,211,Random,OnArrival,3,52,12378,Node_830,33,0,20,33,20,,,,,,,,,
1,VISIT,217,Random,OnArrival,3,10,12378,Node_705,27,0,9,27,9,,,,,,,,,
1,VISIT,218,Random,OnArrival,3,10,12378,Node_746,28,0,10,28,10,,,,,,,,,
1,VISIT,219,Random,OnArrival,3,10,12378,Node_705,27,0,9,27,9,,,,,,,,,
1,VISIT,220,Random,OnArrival,3,10,12378,Node_711,28,0,12,28,12,,,,,,,,,
1,VISIT,211,Random,OnArrival,3,53,12385,Node_403,32,0,20,32,20,,,,,,,,,
1,VISIT,214,Random,OnArrival,3,35,12385,Node_1,39,0,2,39,2,,,,,,,,,
1,SUMMARY,,Unknown,None,,,,,,,,,,0,0,869,-1,26009.000,6766,0,0.000,0.000
