RunID,RowType,PlayerID,UnknownSelectMode,TargetUpdateMode,UnknownReferenceDepth,StepIndex,Frame,NodeName,NodePosX,NodePosY,NodePosZ,CellX,CellZ,GoalCellX,GoalCellZ,NodesCreated,ShortestPathLen,TimeToGoal,TotalNodeVisits,TotalProcessMs,AvgProcessMs,MaxProcessMs
7,VISIT,661,Random,OnArrival,3,0,122,Node_4,18,0,10,18,10,,,,,,,,,
7,VISIT,662,Random,OnArrival,3,0,122,Node_4,18,0,10,18,10,,,,,,,,,
7,VISIT,661,Random,OnArrival,3,1,150,Node_15,18,0,9,18,9,,,,,,,,,
7,VISIT,662,Random,OnArrival,3,1,177,Node_2,19,0,11,19,11,,,,,,,,,
7,VISIT,661,Random,OnArrival,3,2,203,Node_8,17,0,10,17,10,,,,,,,,,
7,VISIT,662,Random,OnArrival,3,2,203,Node_14,18,0,11,18,11,,,,,,,,,
7,VISIT,661,Random,OnArrival,3,3,229,Node_24,16,0,10,16,10,,,,,,,,,
7,VISIT,662,Random,OnArrival,3,3,229,Node_12,17,0,11,17,11,,,,,,,,,
7,VISIT,661,Random,OnArrival,3,4,255,Node_8,17,0,10,17,10,,,,,,,,,
7,VISIT,662,Random,OnArrival,3,4,255,Node_21,16,0,11,16,11,,,,,,,,,
7,VISIT,661,Random,OnArrival,3,5,281,Node_4,18,0,10,18,10,,,,,,,,,
7,VISIT,662,Random,OnArrival,3,5,281,Node_28,15,0,11,15,11,,,,,,,,,
7,VISIT,661,Random,OnArrival,3,6,305,Node_20,19,0,10,19,10,,,,,,,,,
7,VISIT,661,Random,OnArrival,3,7,331,Node_3,19,0,9,19,9,,,,,,,,,
7,VISIT,661,Random,OnArrival,3,8,358,Node_15,18,0,9,18,9,,,,,,,,,
7,VISIT,661,Random,OnArrival,3,9,384,Node_11,18,0,8,18,8,,,,,,,,,
7,VISIT,661,Random,OnArrival,3,10,436,Node_23,17,0,9,17,9,,,,,,,,,
7,VISIT,661,Random,OnArrival,3,11,461,Node_15,18,0,9,18,9,,,,,,,,,
7,VISIT,661,Random,OnArrival,3,12,487,Node_4,18,0,10,18,10,,,,,,,,,
7,VISIT,661,Random,OnArrival,3,13,514,Node_14,18,0,11,18,11,,,,,,,,,
7,VISIT,661,Random,OnArrival,3,14,541,Node_10,18,0,12,18,12,,,,,,,,,
7,VISIT,661,Random,OnArrival,3,15,567,Node_16,17,0,12,17,12,,,,,,,,,
7,VISIT,661,Random,OnArrival,3,16,594,Node_12,17,0,11,17,11,,,,,,,,,
7,VISIT,661,Random,OnArrival,3,17,621,Node_8,17,0,10,17,10,,,,,,,,,
7,VISIT,661,Random,OnArrival,3,18,648,Node_4,18,0,10,18,10,,,,,,,,,
7,VISIT,661,Random,OnArrival,3,19,675,Node_20,19,0,10,19,10,,,,,,,,,
7,VISIT,661,Random,OnArrival,3,20,701,Node_5,20,0,10,20,10,,,,,,,,,
7,VISIT,665,Random,OnArrival,3,0,1237,Node_6,19,0,12,19,12,,,,,,,,,
7,VISIT,666,Random,OnArrival,3,0,1237,Node_7,19,0,8,19,8,,,,,,,,,
7,VISIT,667,Random,OnArrival,3,0,1237,Node_8,17,0,10,17,10,,,,,,,,,
7,VISIT,668,Random,OnArrival,3,0,1237,Node_9,21,0,10,21,10,,,,,,,,,
7,VISIT,665,Random,OnArrival,3,1,1262,Node_42,20,0,12,20,12,,,,,,,,,
7,VISIT,667,Random,OnArrival,3,1,1262,Node_24,16,0,10,16,10,,,,,,,,,
7,VISIT,665,Random,OnArrival,3,2,1286,Node_17,21,0,12,21,12,,,,,,,,,
7,VISIT,667,Random,OnArrival,3,2,1286,Node_26,15,0,10,15,10,,,,,,,,,
7,VISIT,665,Random,OnArrival,3,3,1311,Node_19,21,0,13,21,13,,,,,,,,,
7,VISIT,666,Random,OnArrival,3,1,1311,Node_5,20,0,10,20,10,,,,,,,,,
7,VISIT,665,Random,OnArrival,3,4,1332,Node_43,20,0,13,20,13,,,,,,,,,
7,VISIT,666,Random,OnArrival,3,2,1332,Node_41,20,0,11,20,11,,,,,,,,,
7,VISIT,667,Random,OnArrival,3,3,1332,Node_33,14,0,11,14,11,,,,,,,,,
7,VISIT,665,Random,OnArrival,3,5,1356,Node_42,20,0,12,20,12,,,,,,,,,
7,VISIT,666,Random,OnArrival,3,3,1356,Node_2,19,0,11,19,11,,,,,,,,,
7,VISIT,665,Random,OnArrival,3,6,1380,Node_6,19,0,12,19,12,,,,,,,,,
7,VISIT,666,Random,OnArrival,3,4,1380,Node_6,19,0,12,19,12,,,,,,,,,
7,VISIT,665,Random,OnArrival,3,7,1404,Node_2,19,0,11,19,11,,,,,,,,,
7,VISIT,666,Random,OnArrival,3,5,1404,Node_42,20,0,12,20,12,,,,,,,,,
7,VISIT,665,Random,OnArrival,3,8,1429,Node_20,19,0,10,19,10,,,,,,,,,
7,VISIT,666,Random,OnArrival,3,6,1429,Node_43,20,0,13,20,13,,,,,,,,,
7,VISIT,667,Random,OnArrival,3,4,1429,Node_39,13,0,14,13,14,,,,,,,,,
7,VISIT,665,Random,OnArrival,3,9,1453,Node_5,20,0,10,20,10,,,,,,,,,
7,VISIT,666,Random,OnArrival,3,7,1453,Node_44,20,0,14,20,14,,,,,,,,,
7,VISIT,665,Random,OnArrival,3,10,1476,Node_9,21,0,10,21,10,,,,,,,,,
7,VISIT,665,Random,OnArrival,3,11,1549,Node_13,21,0,11,21,11,,,,,,,,,
7,VISIT,665,Random,OnArrival,3,12,1573,Node_41,20,0,11,20,11,,,,,,,,,
7,VISIT,665,Random,OnArrival,3,13,1596,Node_5,20,0,10,20,10,,,,,,,,,
7,VISIT,665,Random,OnArrival,3,14,1621,Node_48,20,0,9,20,9,,,,,,,,,
7,VISIT,665,Random,OnArrival,3,15,1644,Node_3,19,0,9,19,9,,,,,,,,,
7,VISIT,665,Random,OnArrival,3,16,1667,Node_7,19,0,8,19,8,,,,,,,,,
7,VISIT,665,Random,OnArrival,3,17,1691,Node_11,18,0,8,18,8,,,,,,,,,
7,VISIT,665,Random,OnArrival,3,18,1716,Node_38,17,0,8,17,8,,,,,,,,,
7,VISIT,669,Random,OnArrival,3,0,2313,Node_6,19,0,12,19,12,,,,,,,,,
7,VISIT,670,Random,OnArrival,3,0,2313,Node_7,19,0,8,19,8,,,,,,,,,
7,VISIT,671,Random,OnArrival,3,0,2313,Node_8,17,0,10,17,10,,,,,,,,,
7,VISIT,672,Random,OnArrival,3,0,2313,Node_9,21,0,10,21,10,,,,,,,,,
7,VISIT,669,Random,OnArrival,3,1,2336,Node_42,20,0,12,20,12,,,,,,,,,
7,VISIT,670,Random,OnArrival,3,1,2336,Node_3,19,0,9,19,9,,,,,,,,,
7,VISIT,671,Random,OnArrival,3,1,2336,Node_4,18,0,10,18,10,,,,,,,,,
7,VISIT,672,Random,OnArrival,3,1,2336,Node_5,20,0,10,20,10,,,,,,,,,
7,VISIT,669,Random,OnArrival,3,2,2360,Node_43,20,0,13,20,13,,,,,,,,,
7,VISIT,670,Random,OnArrival,3,2,2360,Node_48,20,0,9,20,9,,,,,,,,,
7,VISIT,671,Random,OnArrival,3,2,2360,Node_15,18,0,9,18,9,,,,,,,,,
7,VISIT,672,Random,OnArrival,3,2,2360,Node_48,20,0,9,20,9,,,,,,,,,
7,VISIT,669,Random,OnArrival,3,3,2384,Node_44,20,0,14,20,14,,,,,,,,,
7,VISIT,670,Random,OnArrival,3,3,2384,Node_47,21,0,9,21,9,,,,,,,,,
7,VISIT,671,Random,OnArrival,3,3,2384,Node_3,19,0,9,19,9,,,,,,,,,
7,VISIT,672,Random,OnArrival,3,3,2384,Node_47,21,0,9,21,9,,,,,,,,,
7,VISIT,669,Random,OnArrival,3,4,2408,Node_22,21,0,14,21,14,,,,,,,,,
7,VISIT,671,Random,OnArrival,3,4,2408,Node_48,20,0,9,20,9,,,,,,,,,
7,VISIT,669,Random,OnArrival,3,5,2432,Node_25,21,0,15,21,15,,,,,,,,,
7,VISIT,670,Random,OnArrival,3,4,2432,Node_64,22,0,10,22,10,,,,,,,,,
7,VISIT,671,Random,OnArrival,3,5,2432,Node_47,21,0,9,21,9,,,,,,,,,
7,VISIT,672,Random,OnArrival,3,4,2432,Node_64,22,0,10,22,10,,,,,,,,,
7,VISIT,669,Random,OnArrival,3,6,2455,Node_45,20,0,15,20,15,,,,,,,,,
7,VISIT,671,Random,OnArrival,3,6,2455,Node_49,21,0,8,21,8,,,,,,,,,
7,VISIT,669,Random,OnArrival,3,7,2477,Node_25,21,0,15,21,15,,,,,,,,,
7,VISIT,671,Random,OnArrival,3,7,2477,Node_46,20,0,8,20,8,,,,,,,,,
7,VISIT,671,Random,OnArrival,3,8,2501,Node_48,20,0,9,20,9,,,,,,,,,
7,VISIT,671,Random,OnArrival,3,9,2523,Node_47,21,0,9,21,9,,,,,,,,,
7,VISIT,669,Random,OnArrival,3,8,2546,Node_27,21,0,16,21,16,,,,,,,,,
7,VISIT,671,Random,OnArrival,3,10,2546,Node_86,22,0,9,22,9,,,,,,,,,
7,VISIT,669,Random,OnArrival,3,9,2569,Node_25,21,0,15,21,15,,,,,,,,,
7,VISIT,669,Random,OnArrival,3,10,2589,Node_89,22,0,15,22,15,,,,,,,,,
7,VISIT,671,Random,OnArrival,3,11,2653,Node_54,21,0,5,21,5,,,,,,,,,
7,VISIT,669,Random,OnArrival,3,11,2676,Node_102,24,0,17,24,17,,,,,,,,,
7,VISIT,671,Random,OnArrival,3,12,2676,Node_63,20,0,5,20,5,,,,,,,,,
7,VISIT,669,Random,OnArrival,3,12,2787,Node_109,24,0,20,24,20,,,,,,,,,
7,VISIT,669,Random,OnArrival,3,13,2830,Node_114,24,0,22,24,22,,,,,,,,,
7,VISIT,673,Random,OnArrival,3,0,3305,Node_6,19,0,12,19,12,,,,,,,,,
7,VISIT,674,Random,OnArrival,3,0,3305,Node_7,19,0,8,19,8,,,,,,,,,
7,VISIT,675,Random,OnArrival,3,0,3305,Node_8,17,0,10,17,10,,,,,,,,,
7,VISIT,676,Random,OnArrival,3,0,3305,Node_9,21,0,10,21,10,,,,,,,,,
7,VISIT,673,Random,OnArrival,3,1,3327,Node_42,20,0,12,20,12,,,,,,,,,
7,VISIT,674,Random,OnArrival,3,1,3327,Node_46,20,0,8,20,8,,,,,,,,,
7,VISIT,675,Random,OnArrival,3,1,3327,Node_12,17,0,11,17,11,,,,,,,,,
7,VISIT,676,Random,OnArrival,3,1,3327,Node_47,21,0,9,21,9,,,,,,,,,
7,VISIT,673,Random,OnArrival,3,2,3349,Node_43,20,0,13,20,13,,,,,,,,,
7,VISIT,674,Random,OnArrival,3,2,3349,Node_49,21,0,8,21,8,,,,,,,,,
7,VISIT,675,Random,OnArrival,3,2,3349,Node_16,17,0,12,17,12,,,,,,,,,
7,VISIT,676,Random,OnArrival,3,2,3349,Node_86,22,0,9,22,9,,,,,,,,,
7,VISIT,673,Random,OnArrival,3,3,3370,Node_44,20,0,14,20,14,,,,,,,,,
7,VISIT,674,Random,OnArrival,3,3,3370,Node_95,22,0,8,22,8,,,,,,,,,
7,VISIT,675,Random,OnArrival,3,3,3370,Node_18,16,0,12,16,12,,,,,,,,,
7,VISIT,674,Random,OnArrival,3,4,3391,Node_97,22,0,7,22,7,,,,,,,,,
7,VISIT,675,Random,OnArrival,3,4,3391,Node_29,15,0,12,15,12,,,,,,,,,
7,VISIT,676,Random,OnArrival,3,3,3391,Node_87,23,0,10,23,10,,,,,,,,,
7,VISIT,673,Random,OnArrival,3,4,3409,Node_65,18,0,14,18,14,,,,,,,,,
7,VISIT,674,Random,OnArrival,3,5,3409,Node_51,21,0,7,21,7,,,,,,,,,
7,VISIT,675,Random,OnArrival,3,5,3409,Node_35,14,0,12,14,12,,,,,,,,,
7,VISIT,676,Random,OnArrival,3,4,3409,Node_64,22,0,10,22,10,,,,,,,,,
7,VISIT,674,Random,OnArrival,3,6,3431,Node_52,21,0,6,21,6,,,,,,,,,
7,VISIT,675,Random,OnArrival,3,6,3431,Node_55,13,0,12,13,12,,,,,,,,,
7,VISIT,676,Random,OnArrival,3,5,3431,Node_67,22,0,11,22,11,,,,,,,,,
7,VISIT,674,Random,OnArrival,3,7,3453,Node_108,20,0,6,20,6,,,,,,,,,
7,VISIT,675,Random,OnArrival,3,7,3453,Node_57,13,0,13,13,13,,,,,,,,,
7,VISIT,676,Random,OnArrival,3,6,3453,Node_88,23,0,11,23,11,,,,,,,,,
7,VISIT,674,Random,OnArrival,3,8,3473,Node_111,19,0,6,19,6,,,,,,,,,
7,VISIT,675,Random,OnArrival,3,8,3473,Node_36,14,0,13,14,13,,,,,,,,,
7,VISIT,674,Random,OnArrival,3,9,3494,Node_113,19,0,5,19,5,,,,,,,,,
7,VISIT,675,Random,OnArrival,3,9,3494,Node_31,15,0,13,15,13,,,,,,,,,
7,VISIT,676,Random,OnArrival,3,7,3494,Node_92,24,0,12,24,12,,,,,,,,,
7,VISIT,676,Random,OnArrival,3,8,3620,Node_107,25,0,17,25,17,,,,,,,,,
7,VISIT,674,Random,OnArrival,3,10,3640,Node_79,16,0,7,16,7,,,,,,,,,
7,VISIT,675,Random,OnArrival,3,10,3640,Node_134,15,0,14,15,14,,,,,,,,,
7,VISIT,674,Random,OnArrival,3,11,3660,Node_82,15,0,7,15,7,,,,,,,,,
7,VISIT,675,Random,OnArrival,3,11,3660,Node_37,14,0,14,14,14,,,,,,,,,
7,VISIT,675,Random,OnArrival,3,12,3680,Node_39,13,0,14,13,14,,,,,,,,,
7,VISIT,676,Random,OnArrival,3,9,3680,Node_110,25,0,18,25,18,,,,,,,,,
7,VISIT,675,Random,OnArrival,3,13,3701,Node_60,12,0,14,12,14,,,,,,,,,
7,VISIT,676,Random,OnArrival,3,10,3701,Node_105,24,0,18,24,18,,,,,,,,,
7,VISIT,676,Random,OnArrival,3,11,3720,Node_110,25,0,18,25,18,,,,,,,,,
7,VISIT,676,Random,OnArrival,3,12,3740,Node_156,26,0,18,26,18,,,,,,,,,
7,VISIT,677,Random,OnArrival,3,0,4207,Node_6,19,0,12,19,12,,,,,,,,,
7,VISIT,678,Random,OnArrival,3,0,4207,Node_7,19,0,8,19,8,,,,,,,,,
7,VISIT,679,Random,OnArrival,3,0,4207,Node_8,17,0,10,17,10,,,,,,,,,
7,VISIT,680,Random,OnArrival,3,0,4207,Node_9,21,0,10,21,10,,,,,,,,,
7,VISIT,677,Random,OnArrival,3,1,4227,Node_10,18,0,12,18,12,,,,,,,,,
7,VISIT,678,Random,OnArrival,3,1,4227,Node_11,18,0,8,18,8,,,,,,,,,
7,VISIT,679,Random,OnArrival,3,1,4227,Node_23,17,0,9,17,9,,,,,,,,,
7,VISIT,680,Random,OnArrival,3,1,4227,Node_47,21,0,9,21,9,,,,,,,,,
7,VISIT,677,Random,OnArrival,3,2,4247,Node_16,17,0,12,17,12,,,,,,,,,
7,VISIT,678,Random,OnArrival,3,2,4247,Node_38,17,0,8,17,8,,,,,,,,,
7,VISIT,679,Random,OnArrival,3,2,4247,Node_38,17,0,8,17,8,,,,,,,,,
7,VISIT,680,Random,OnArrival,3,2,4247,Node_49,21,0,8,21,8,,,,,,,,,
7,VISIT,677,Random,OnArrival,3,3,4267,Node_12,17,0,11,17,11,,,,,,,,,
7,VISIT,678,Random,OnArrival,3,3,4267,Node_80,16,0,8,16,8,,,,,,,,,
7,VISIT,679,Random,OnArrival,3,3,4267,Node_80,16,0,8,16,8,,,,,,,,,
7,VISIT,680,Random,OnArrival,3,3,4267,Node_51,21,0,7,21,7,,,,,,,,,
7,VISIT,677,Random,OnArrival,3,4,4287,Node_8,17,0,10,17,10,,,,,,,,,
7,VISIT,678,Random,OnArrival,3,4,4287,Node_79,16,0,7,16,7,,,,,,,,,
7,VISIT,679,Random,OnArrival,3,4,4287,Node_79,16,0,7,16,7,,,,,,,,,
7,VISIT,680,Random,OnArrival,3,4,4287,Node_52,21,0,6,21,6,,,,,,,,,
7,VISIT,677,Random,OnArrival,3,5,4308,Node_23,17,0,9,17,9,,,,,,,,,
7,VISIT,678,Random,OnArrival,3,5,4308,Node_82,15,0,7,15,7,,,,,,,,,
7,VISIT,679,Random,OnArrival,3,5,4308,Node_153,16,0,6,16,6,,,,,,,,,
7,VISIT,680,Random,OnArrival,3,5,4308,Node_100,22,0,6,22,6,,,,,,,,,
7,VISIT,677,Random,OnArrival,3,6,4328,Node_38,17,0,8,17,8,,,,,,,,,
7,VISIT,678,Random,OnArrival,3,6,4328,Node_157,14,0,7,14,7,,,,,,,,,
7,VISIT,679,Random,OnArrival,3,6,4328,Node_83,15,0,6,15,6,,,,,,,,,
7,VISIT,680,Random,OnArrival,3,6,4328,Node_97,22,0,7,22,7,,,,,,,,,
7,VISIT,677,Random,OnArrival,3,7,4348,Node_78,17,0,7,17,7,,,,,,,,,
7,VISIT,678,Random,OnArrival,3,7,4348,Node_160,13,0,7,13,7,,,,,,,,,
7,VISIT,679,Random,OnArrival,3,7,4348,Node_158,14,0,6,14,6,,,,,,,,,
7,VISIT,680,Random,OnArrival,3,7,4348,Node_95,22,0,8,22,8,,,,,,,,,
7,VISIT,677,Random,OnArrival,3,8,4369,Node_79,16,0,7,16,7,,,,,,,,,
7,VISIT,679,Random,OnArrival,3,8,4369,Node_83,15,0,6,15,6,,,,,,,,,
7,VISIT,680,Random,OnArrival,3,8,4369,Node_86,22,0,9,22,9,,,,,,,,,
7,VISIT,677,Random,OnArrival,3,9,4388,Node_153,16,0,6,16,6,,,,,,,,,
7,VISIT,679,Random,OnArrival,3,9,4388,Node_153,16,0,6,16,6,,,,,,,,,
7,VISIT,680,Random,OnArrival,3,9,4388,Node_126,23,0,9,23,9,,,,,,,,,
7,VISIT,677,Random,OnArrival,3,10,4408,Node_149,16,0,5,16,5,,,,,,,,,
7,VISIT,679,Random,OnArrival,3,10,4408,Node_149,16,0,5,16,5,,,,,,,,,
7,VISIT,678,Random,OnArrival,3,8,4428,Node_53,13,0,11,13,11,,,,,,,,,
7,VISIT,678,Random,OnArrival,3,9,4447,Node_168,13,0,10,13,10,,,,,,,,,
7,VISIT,677,Random,OnArrival,3,11,4525,Node_85,15,0,4,15,4,,,,,,,,,
7,VISIT,679,Random,OnArrival,3,11,4525,Node_85,15,0,4,15,4,,,,,,,,,
7,VISIT,677,Random,OnArrival,3,12,4544,Node_169,16,0,4,16,4,,,,,,,,,
7,VISIT,679,Random,OnArrival,3,12,4544,Node_169,16,0,4,16,4,,,,,,,,,
7,VISIT,677,Random,OnArrival,3,13,4563,Node_141,17,0,4,17,4,,,,,,,,,
7,VISIT,679,Random,OnArrival,3,13,4563,Node_141,17,0,4,17,4,,,,,,,,,
7,VISIT,677,Random,OnArrival,3,14,4582,Node_145,17,0,5,17,5,,,,,,,,,
7,VISIT,679,Random,OnArrival,3,14,4582,Node_137,18,0,4,18,4,,,,,,,,,
7,VISIT,680,Random,OnArrival,3,10,4582,Node_175,25,0,7,25,7,,,,,,,,,
7,VISIT,677,Random,OnArrival,3,15,4601,Node_133,18,0,5,18,5,,,,,,,,,
7,VISIT,679,Random,OnArrival,3,15,4601,Node_116,19,0,4,19,4,,,,,,,,,
7,VISIT,677,Random,OnArrival,3,16,4620,Node_113,19,0,5,19,5,,,,,,,,,
7,VISIT,679,Random,OnArrival,3,16,4620,Node_61,20,0,4,20,4,,,,,,,,,
7,VISIT,677,Random,OnArrival,3,17,4638,Node_63,20,0,5,20,5,,,,,,,,,
7,VISIT,679,Random,OnArrival,3,17,4638,Node_56,21,0,4,21,4,,,,,,,,,
7,VISIT,677,Random,OnArrival,3,18,4657,Node_113,19,0,5,19,5,,,,,,,,,
7,VISIT,679,Random,OnArrival,3,18,4657,Node_54,21,0,5,21,5,,,,,,,,,
7,VISIT,677,Random,OnArrival,3,19,4677,Node_133,18,0,5,18,5,,,,,,,,,
7,VISIT,679,Random,OnArrival,3,19,4677,Node_103,22,0,5,22,5,,,,,,,,,
7,VISIT,677,Random,OnArrival,3,20,4697,Node_145,17,0,5,17,5,,,,,,,,,
7,VISIT,677,Random,OnArrival,3,21,4716,Node_149,16,0,5,16,5,,,,,,,,,
7,VISIT,677,Random,OnArrival,3,22,4735,Node_84,15,0,5,15,5,,,,,,,,,
7,VISIT,677,Random,OnArrival,3,23,4755,Node_85,15,0,4,15,4,,,,,,,,,
7,VISIT,677,Random,OnArrival,3,24,4775,Node_179,15,0,3,15,3,,,,,,,,,
7,VISIT,681,Random,OnArrival,3,0,5039,Node_6,19,0,12,19,12,,,,,,,,,
7,VISIT,682,Random,OnArrival,3,0,5039,Node_7,19,0,8,19,8,,,,,,,,,
7,VISIT,683,Random,OnArrival,3,0,5039,Node_8,17,0,10,17,10,,,,,,,,,
7,VISIT,684,Random,OnArrival,3,0,5039,Node_9,21,0,10,21,10,,,,,,,,,
7,VISIT,681,Random,OnArrival,3,1,5057,Node_2,19,0,11,19,11,,,,,,,,,
7,VISIT,682,Random,OnArrival,3,1,5057,Node_46,20,0,8,20,8,,,,,,,,,
7,VISIT,683,Random,OnArrival,3,1,5057,Node_24,16,0,10,16,10,,,,,,,,,
7,VISIT,684,Random,OnArrival,3,1,5057,Node_13,21,0,11,21,11,,,,,,,,,
7,VISIT,681,Random,OnArrival,3,2,5075,Node_20,19,0,10,19,10,,,,,,,,,
7,VISIT,682,Random,OnArrival,3,2,5075,Node_49,21,0,8,21,8,,,,,,,,,
7,VISIT,683,Random,OnArrival,3,2,5075,Node_26,15,0,10,15,10,,,,,,,,,
7,VISIT,684,Random,OnArrival,3,2,5075,Node_67,22,0,11,22,11,,,,,,,,,
7,VISIT,681,Random,OnArrival,3,3,5093,Node_3,19,0,9,19,9,,,,,,,,,
7,VISIT,682,Random,OnArrival,3,3,5093,Node_47,21,0,9,21,9,,,,,,,,,
7,VISIT,683,Random,OnArrival,3,3,5093,Node_50,14,0,10,14,10,,,,,,,,,
7,VISIT,684,Random,OnArrival,3,3,5093,Node_88,23,0,11,23,11,,,,,,,,,
7,VISIT,681,Random,OnArrival,3,4,5110,Node_7,19,0,8,19,8,,,,,,,,,
7,VISIT,682,Random,OnArrival,3,4,5110,Node_86,22,0,9,22,9,,,,,,,,,
7,VISIT,683,Random,OnArrival,3,4,5110,Node_168,13,0,10,13,10,,,,,,,,,
7,VISIT,684,Random,OnArrival,3,4,5110,Node_130,24,0,11,24,11,,,,,,,,,
7,VISIT,681,Random,OnArrival,3,5,5128,Node_46,20,0,8,20,8,,,,,,,,,
7,VISIT,682,Random,OnArrival,3,5,5128,Node_126,23,0,9,23,9,,,,,,,,,
7,VISIT,683,Random,OnArrival,3,5,5128,Node_167,13,0,9,13,9,,,,,,,,,
7,VISIT,681,Random,OnArrival,3,6,5144,Node_49,21,0,8,21,8,,,,,,,,,
7,VISIT,683,Random,OnArrival,3,6,5144,Node_177,12,0,9,12,9,,,,,,,,,
7,VISIT,684,Random,OnArrival,3,5,5144,Node_135,25,0,12,25,12,,,,,,,,,
7,VISIT,681,Random,OnArrival,3,7,5163,Node_47,21,0,9,21,9,,,,,,,,,
7,VISIT,682,Random,OnArrival,3,6,5163,Node_170,25,0,9,25,9,,,,,,,,,
7,VISIT,681,Random,OnArrival,3,8,5180,Node_86,22,0,9,22,9,,,,,,,,,
7,VISIT,681,Random,OnArrival,3,9,5197,Node_126,23,0,9,23,9,,,,,,,,,
7,VISIT,682,Random,OnArrival,3,7,5197,Node_190,26,0,8,26,8,,,,,,,,,
7,VISIT,684,Random,OnArrival,3,6,5197,Node_139,25,0,13,25,13,,,,,,,,,
7,VISIT,682,Random,OnArrival,3,8,5216,Node_172,25,0,8,25,8,,,,,,,,,
7,VISIT,684,Random,OnArrival,3,7,5216,Node_93,24,0,13,24,13,,,,,,,,,
7,VISIT,681,Random,OnArrival,3,10,5234,Node_170,25,0,9,25,9,,,,,,,,,
7,VISIT,682,Random,OnArrival,3,9,5234,Node_170,25,0,9,25,9,,,,,,,,,
7,VISIT,684,Random,OnArrival,3,8,5234,Node_92,24,0,12,24,12,,,,,,,,,
7,VISIT,681,Random,OnArrival,3,11,5252,Node_172,25,0,8,25,8,,,,,,,,,
7,VISIT,682,Random,OnArrival,3,10,5252,Node_209,26,0,9,26,9,,,,,,,,,
7,VISIT,684,Random,OnArrival,3,9,5252,Node_135,25,0,12,25,12,,,,,,,,,
7,VISIT,681,Random,OnArrival,3,12,5268,Node_175,25,0,7,25,7,,,,,,,,,
7,VISIT,684,Random,OnArrival,3,10,5268,Node_208,26,0,12,26,12,,,,,,,,,
7,VISIT,681,Random,OnArrival,3,13,5285,Node_187,24,0,7,24,7,,,,,,,,,
7,VISIT,681,Random,OnArrival,3,14,5304,Node_185,24,0,6,24,6,,,,,,,,,
7,VISIT,683,Random,OnArrival,3,7,5304,Node_161,10,0,14,10,14,,,,,,,,,
7,VISIT,681,Random,OnArrival,3,15,5322,Node_178,25,0,6,25,6,,,,,,,,,
7,VISIT,682,Random,OnArrival,3,11,5322,Node_220,27,0,12,27,12,,,,,,,,,
7,VISIT,683,Random,OnArrival,3,8,5340,Node_164,9,0,15,9,15,,,,,,,,,
7,VISIT,681,Random,OnArrival,3,16,5357,Node_189,26,0,7,26,7,,,,,,,,,
7,VISIT,681,Random,OnArrival,3,17,5374,Node_190,26,0,8,26,8,,,,,,,,,
7,VISIT,682,Random,OnArrival,3,12,5374,Node_222,27,0,13,27,13,,,,,,,,,
7,VISIT,681,Random,OnArrival,3,18,5392,Node_209,26,0,9,26,9,,,,,,,,,
7,VISIT,682,Random,OnArrival,3,13,5392,Node_211,26,0,13,26,13,,,,,,,,,
7,VISIT,684,Random,OnArrival,3,11,5392,Node_163,27,0,18,27,18,,,,,,,,,
7,VISIT,681,Random,OnArrival,3,19,5410,Node_216,27,0,9,27,9,,,,,,,,,
7,VISIT,682,Random,OnArrival,3,14,5410,Node_222,27,0,13,27,13,,,,,,,,,
7,VISIT,682,Random,OnArrival,3,15,5444,Node_226,27,0,15,27,15,,,,,,,,,
7,VISIT,681,Random,OnArrival,3,20,5482,Node_225,28,0,12,28,12,,,,,,,,,
7,VISIT,681,Random,OnArrival,3,21,5499,Node_220,27,0,12,27,12,,,,,,,,,
7,VISIT,681,Random,OnArrival,3,22,5516,Node_222,27,0,13,27,13,,,,,,,,,
7,VISIT,681,Random,OnArrival,3,23,5548,Node_226,27,0,15,27,15,,,,,,,,,
7,VISIT,681,Random,OnArrival,3,24,5566,Node_229,27,0,16,27,16,,,,,,,,,
7,VISIT,681,Random,OnArrival,3,25,5584,Node_237,28,0,16,28,16,,,,,,,,,
7,VISIT,681,Random,OnArrival,3,26,5641,Node_238,28,0,17,28,17,,,,,,,,,
7,VISIT,681,Random,OnArrival,3,27,5658,Node_230,27,0,17,27,17,,,,,,,,,
7,VISIT,681,Random,OnArrival,3,28,5676,Node_155,26,0,17,26,17,,,,,,,,,
7,VISIT,681,Random,OnArrival,3,29,5695,Node_156,26,0,18,26,18,,,,,,,,,
7,VISIT,681,Random,OnArrival,3,30,5713,Node_163,27,0,18,27,18,,,,,,,,,
7,VISIT,681,Random,OnArrival,3,31,5732,Node_239,28,0,18,28,18,,,,,,,,,
7,VISIT,685,Random,OnArrival,3,0,5783,Node_6,19,0,12,19,12,,,,,,,,,
7,VISIT,686,Random,OnArrival,3,0,5783,Node_7,19,0,8,19,8,,,,,,,,,
7,VISIT,687,Random,OnArrival,3,0,5783,Node_8,17,0,10,17,10,,,,,,,,,
7,VISIT,688,Random,OnArrival,3,0,5783,Node_9,21,0,10,21,10,,,,,,,,,
7,VISIT,685,Random,OnArrival,3,1,5797,Node_42,20,0,12,20,12,,,,,,,,,
7,VISIT,686,Random,OnArrival,3,1,5797,Node_3,19,0,9,19,9,,,,,,,,,
7,VISIT,687,Random,OnArrival,3,1,5797,Node_4,18,0,10,18,10,,,,,,,,,
7,VISIT,688,Random,OnArrival,3,1,5797,Node_13,21,0,11,21,11,,,,,,,,,
7,VISIT,685,Random,OnArrival,3,2,5812,Node_43,20,0,13,20,13,,,,,,,,,
7,VISIT,686,Random,OnArrival,3,2,5812,Node_48,20,0,9,20,9,,,,,,,,,
7,VISIT,687,Random,OnArrival,3,2,5812,Node_14,18,0,11,18,11,,,,,,,,,
7,VISIT,688,Random,OnArrival,3,2,5812,Node_67,22,0,11,22,11,,,,,,,,,
7,VISIT,685,Random,OnArrival,3,3,5827,Node_44,20,0,14,20,14,,,,,,,,,
7,VISIT,686,Random,OnArrival,3,3,5827,Node_47,21,0,9,21,9,,,,,,,,,
7,VISIT,687,Random,OnArrival,3,3,5827,Node_2,19,0,11,19,11,,,,,,,,,
7,VISIT,688,Random,OnArrival,3,3,5827,Node_88,23,0,11,23,11,,,,,,,,,
7,VISIT,686,Random,OnArrival,3,4,5843,Node_86,22,0,9,22,9,,,,,,,,,
7,VISIT,687,Random,OnArrival,3,4,5843,Node_41,20,0,11,20,11,,,,,,,,,
7,VISIT,688,Random,OnArrival,3,4,5843,Node_90,23,0,12,23,12,,,,,,,,,
7,VISIT,685,Random,OnArrival,3,4,5860,Node_65,18,0,14,18,14,,,,,,,,,
7,VISIT,686,Random,OnArrival,3,5,5860,Node_126,23,0,9,23,9,,,,,,,,,
7,VISIT,687,Random,OnArrival,3,5,5860,Node_13,21,0,11,21,11,,,,,,,,,
7,VISIT,688,Random,OnArrival,3,5,5860,Node_92,24,0,12,24,12,,,,,,,,,
7,VISIT,685,Random,OnArrival,3,5,5877,Node_68,18,0,15,18,15,,,,,,,,,
7,VISIT,687,Random,OnArrival,3,6,5877,Node_67,22,0,11,22,11,,,,,,,,,
7,VISIT,688,Random,OnArrival,3,6,5877,Node_93,24,0,13,24,13,,,,,,,,,
7,VISIT,685,Random,OnArrival,3,6,5894,Node_128,17,0,15,17,15,,,,,,,,,
7,VISIT,686,Random,OnArrival,3,6,5894,Node_170,25,0,9,25,9,,,,,,,,,
7,VISIT,687,Random,OnArrival,3,7,5894,Node_88,23,0,11,23,11,,,,,,,,,
7,VISIT,688,Random,OnArrival,3,7,5894,Node_94,24,0,14,24,14,,,,,,,,,
7,VISIT,685,Random,OnArrival,3,7,5912,Node_150,16,0,15,16,15,,,,,,,,,
7,VISIT,686,Random,OnArrival,3,7,5912,Node_209,26,0,9,26,9,,,,,,,,,
7,VISIT,687,Random,OnArrival,3,8,5912,Node_90,23,0,12,23,12,,,,,,,,,
7,VISIT,688,Random,OnArrival,3,8,5912,Node_143,25,0,14,25,14,,,,,,,,,
7,VISIT,685,Random,OnArrival,3,8,5930,Node_138,15,0,15,15,15,,,,,,,,,
7,VISIT,686,Random,OnArrival,3,8,5930,Node_216,27,0,9,27,9,,,,,,,,,
7,VISIT,687,Random,OnArrival,3,9,5930,Node_92,24,0,12,24,12,,,,,,,,,
7,VISIT,688,Random,OnArrival,3,9,5930,Node_94,24,0,14,24,14,,,,,,,,,
7,VISIT,685,Random,OnArrival,3,9,5948,Node_134,15,0,14,15,14,,,,,,,,,
7,VISIT,686,Random,OnArrival,3,9,5948,Node_218,27,0,10,27,10,,,,,,,,,
7,VISIT,687,Random,OnArrival,3,10,5948,Node_93,24,0,13,24,13,,,,,,,,,
7,VISIT,688,Random,OnArrival,3,10,5948,Node_96,24,0,15,24,15,,,,,,,,,
7,VISIT,685,Random,OnArrival,3,10,5966,Node_154,16,0,14,16,14,,,,,,,,,
7,VISIT,686,Random,OnArrival,3,10,5966,Node_234,28,0,10,28,10,,,,,,,,,
7,VISIT,687,Random,OnArrival,3,11,5966,Node_94,24,0,14,24,14,,,,,,,,,
7,VISIT,688,Random,OnArrival,3,11,5966,Node_98,23,0,15,23,15,,,,,,,,,
7,VISIT,685,Random,OnArrival,3,11,5984,Node_127,17,0,14,17,14,,,,,,,,,
7,VISIT,686,Random,OnArrival,3,11,5984,Node_218,27,0,10,27,10,,,,,,,,,
7,VISIT,687,Random,OnArrival,3,12,5984,Node_143,25,0,14,25,14,,,,,,,,,
7,VISIT,688,Random,OnArrival,3,12,5984,Node_101,23,0,16,23,16,,,,,,,,,
7,VISIT,685,Random,OnArrival,3,12,6002,Node_65,18,0,14,18,14,,,,,,,,,
7,VISIT,686,Random,OnArrival,3,12,6002,Node_221,27,0,11,27,11,,,,,,,,,
7,VISIT,687,Random,OnArrival,3,13,6002,Node_147,25,0,15,25,15,,,,,,,,,
7,VISIT,688,Random,OnArrival,3,13,6002,Node_91,22,0,16,22,16,,,,,,,,,
7,VISIT,685,Random,OnArrival,3,13,6020,Node_68,18,0,15,18,15,,,,,,,,,
7,VISIT,686,Random,OnArrival,3,13,6020,Node_235,28,0,11,28,11,,,,,,,,,
7,VISIT,687,Random,OnArrival,3,14,6020,Node_96,24,0,15,24,15,,,,,,,,,
7,VISIT,688,Random,OnArrival,3,14,6020,Node_27,21,0,16,21,16,,,,,,,,,
7,VISIT,685,Random,OnArrival,3,14,6038,Node_70,18,0,16,18,16,,,,,,,,,
7,VISIT,686,Random,OnArrival,3,14,6038,Node_225,28,0,12,28,12,,,,,,,,,
7,VISIT,687,Random,OnArrival,3,15,6038,Node_98,23,0,15,23,15,,,,,,,,,
7,VISIT,685,Random,OnArrival,3,15,6056,Node_129,17,0,16,17,16,,,,,,,,,
7,VISIT,686,Random,OnArrival,3,15,6056,Node_227,28,0,13,28,13,,,,,,,,,
7,VISIT,687,Random,OnArrival,3,16,6056,Node_101,23,0,16,23,16,,,,,,,,,
7,VISIT,688,Random,OnArrival,3,15,6056,Node_30,21,0,18,21,18,,,,,,,,,
7,VISIT,685,Random,OnArrival,3,16,6074,Node_146,16,0,16,16,16,,,,,,,,,
7,VISIT,687,Random,OnArrival,3,17,6074,Node_99,24,0,16,24,16,,,,,,,,,
7,VISIT,685,Random,OnArrival,3,17,6091,Node_129,17,0,16,17,16,,,,,,,,,
7,VISIT,687,Random,OnArrival,3,18,6091,Node_151,25,0,16,25,16,,,,,,,,,
7,VISIT,685,Random,OnArrival,3,18,6108,Node_131,17,0,17,17,17,,,,,,,,,
7,VISIT,687,Random,OnArrival,3,19,6108,Node_107,25,0,17,25,17,,,,,,,,,
7,VISIT,688,Random,OnArrival,3,16,6108,Node_32,21,0,19,21,19,,,,,,,,,
7,VISIT,685,Random,OnArrival,3,19,6125,Node_72,18,0,17,18,17,,,,,,,,,
7,VISIT,687,Random,OnArrival,3,20,6125,Node_102,24,0,17,24,17,,,,,,,,,
7,VISIT,685,Random,OnArrival,3,20,6142,Node_74,18,0,18,18,18,,,,,,,,,
7,VISIT,687,Random,OnArrival,3,21,6142,Node_105,24,0,18,24,18,,,,,,,,,
7,VISIT,685,Random,OnArrival,3,21,6159,Node_132,17,0,18,17,18,,,,,,,,,
7,VISIT,687,Random,OnArrival,3,22,6159,Node_106,24,0,19,24,19,,,,,,,,,
7,VISIT,685,Random,OnArrival,3,22,6177,Node_74,18,0,18,18,18,,,,,,,,,
7,VISIT,687,Random,OnArrival,3,23,6177,Node_112,25,0,19,25,19,,,,,,,,,
7,VISIT,688,Random,OnArrival,3,17,6177,Node_122,22,0,22,22,22,,,,,,,,,
7,VISIT,687,Random,OnArrival,3,24,6194,Node_115,25,0,20,25,20,,,,,,,,,
7,VISIT,685,Random,OnArrival,3,23,6211,Node_246,20,0,18,20,18,,,,,,,,,
7,VISIT,687,Random,OnArrival,3,25,6211,Node_109,24,0,20,24,20,,,,,,,,,
7,VISIT,685,Random,OnArrival,3,24,6228,Node_30,21,0,18,21,18,,,,,,,,,
7,VISIT,685,Random,OnArrival,3,25,6245,Node_32,21,0,19,21,19,,,,,,,,,
7,VISIT,687,Random,OnArrival,3,26,6245,Node_114,24,0,22,24,22,,,,,,,,,
7,VISIT,685,Random,OnArrival,3,26,6261,Node_251,22,0,19,22,19,,,,,,,,,
7,VISIT,688,Random,OnArrival,3,18,6261,Node_34,21,0,20,21,20,,,,,,,,,
7,VISIT,685,Random,OnArrival,3,27,6278,Node_253,22,0,20,22,20,,,,,,,,,
7,VISIT,688,Random,OnArrival,3,19,6278,Node_253,22,0,20,22,20,,,,,,,,,
7,VISIT,685,Random,OnArrival,3,28,6294,Node_34,21,0,20,21,20,,,,,,,,,
7,VISIT,688,Random,OnArrival,3,20,6294,Node_255,22,0,21,22,21,,,,,,,,,
7,VISIT,685,Random,OnArrival,3,29,6310,Node_264,21,0,21,21,21,,,,,,,,,
7,VISIT,688,Random,OnArrival,3,21,6310,Node_264,21,0,21,21,21,,,,,,,,,
7,VISIT,685,Random,OnArrival,3,30,6327,Node_255,22,0,21,22,21,,,,,,,,,
7,VISIT,687,Random,OnArrival,3,27,6327,Node_121,24,0,25,24,25,,,,,,,,,
7,VISIT,688,Random,OnArrival,3,22,6327,Node_255,22,0,21,22,21,,,,,,,,,
7,VISIT,685,Random,OnArrival,3,31,6345,Node_122,22,0,22,22,22,,,,,,,,,
7,VISIT,687,Random,OnArrival,3,28,6345,Node_268,25,0,25,25,25,,,,,,,,,
7,VISIT,688,Random,OnArrival,3,23,6345,Node_122,22,0,22,22,22,,,,,,,,,
7,VISIT,685,Random,OnArrival,3,32,6362,Node_262,21,0,22,21,22,,,,,,,,,
7,VISIT,688,Random,OnArrival,3,24,6362,Node_262,21,0,22,21,22,,,,,,,,,
7,VISIT,685,Random,OnArrival,3,33,6380,Node_260,21,0,23,21,23,,,,,,,,,
7,VISIT,688,Random,OnArrival,3,25,6380,Node_260,21,0,23,21,23,,,,,,,,,
7,VISIT,685,Random,OnArrival,3,34,6416,Node_125,19,0,23,19,23,,,,,,,,,
7,VISIT,688,Random,OnArrival,3,26,6416,Node_125,19,0,23,19,23,,,,,,,,,
7,VISIT,685,Random,OnArrival,3,35,6466,Node_77,18,0,21,18,21,,,,,,,,,
7,VISIT,688,Random,OnArrival,3,27,6466,Node_77,18,0,21,18,21,,,,,,,,,
7,VISIT,687,Random,OnArrival,3,29,6482,Node_269,29,0,25,29,25,,,,,,,,,
7,VISIT,689,Random,OnArrival,3,0,6488,Node_6,19,0,12,19,12,,,,,,,,,
7,VISIT,690,Random,OnArrival,3,0,6488,Node_7,19,0,8,19,8,,,,,,,,,
7,VISIT,691,Random,OnArrival,3,0,6488,Node_8,17,0,10,17,10,,,,,,,,,
7,VISIT,692,Random,OnArrival,3,0,6488,Node_9,21,0,10,21,10,,,,,,,,,
7,VISIT,689,Random,OnArrival,3,1,6501,Node_42,20,0,12,20,12,,,,,,,,,
7,VISIT,690,Random,OnArrival,3,1,6501,Node_3,19,0,9,19,9,,,,,,,,,
7,VISIT,691,Random,OnArrival,3,1,6501,Node_4,18,0,10,18,10,,,,,,,,,
7,VISIT,692,Random,OnArrival,3,1,6501,Node_13,21,0,11,21,11,,,,,,,,,
7,VISIT,689,Random,OnArrival,3,2,6515,Node_43,20,0,13,20,13,,,,,,,,,
7,VISIT,690,Random,OnArrival,3,2,6515,Node_20,19,0,10,19,10,,,,,,,,,
7,VISIT,691,Random,OnArrival,3,2,6515,Node_14,18,0,11,18,11,,,,,,,,,
7,VISIT,692,Random,OnArrival,3,2,6515,Node_17,21,0,12,21,12,,,,,,,,,
7,VISIT,689,Random,OnArrival,3,3,6530,Node_44,20,0,14,20,14,,,,,,,,,
7,VISIT,690,Random,OnArrival,3,3,6530,Node_2,19,0,11,19,11,,,,,,,,,
7,VISIT,691,Random,OnArrival,3,3,6530,Node_10,18,0,12,18,12,,,,,,,,,
7,VISIT,692,Random,OnArrival,3,3,6530,Node_19,21,0,13,21,13,,,,,,,,,
7,VISIT,687,Random,OnArrival,3,30,6536,Node_268,25,0,25,25,25,,,,,,,,,
7,VISIT,690,Random,OnArrival,3,4,6544,Node_6,19,0,12,19,12,,,,,,,,,
7,VISIT,691,Random,OnArrival,3,4,6544,Node_6,19,0,12,19,12,,,,,,,,,
7,VISIT,692,Random,OnArrival,3,4,6544,Node_22,21,0,14,21,14,,,,,,,,,
7,VISIT,687,Random,OnArrival,3,31,6551,Node_121,24,0,25,24,25,,,,,,,,,
7,VISIT,689,Random,OnArrival,3,4,6559,Node_65,18,0,14,18,14,,,,,,,,,
7,VISIT,690,Random,OnArrival,3,5,6559,Node_42,20,0,12,20,12,,,,,,,,,
7,VISIT,691,Random,OnArrival,3,5,6559,Node_42,20,0,12,20,12,,,,,,,,,
7,VISIT,692,Random,OnArrival,3,5,6559,Node_25,21,0,15,21,15,,,,,,,,,
7,VISIT,687,Random,OnArrival,3,32,6566,Node_119,24,0,24,24,24,,,,,,,,,
7,VISIT,689,Random,OnArrival,3,5,6573,Node_68,18,0,15,18,15,,,,,,,,,
7,VISIT,690,Random,OnArrival,3,6,6573,Node_43,20,0,13,20,13,,,,,,,,,
7,VISIT,691,Random,OnArrival,3,6,6573,Node_43,20,0,13,20,13,,,,,,,,,
7,VISIT,692,Random,OnArrival,3,6,6573,Node_27,21,0,16,21,16,,,,,,,,,
7,VISIT,687,Random,OnArrival,3,33,6580,Node_267,25,0,24,25,24,,,,,,,,,
7,VISIT,689,Random,OnArrival,3,6,6587,Node_70,18,0,16,18,16,,,,,,,,,
7,VISIT,690,Random,OnArrival,3,7,6587,Node_44,20,0,14,20,14,,,,,,,,,
7,VISIT,691,Random,OnArrival,3,7,6587,Node_44,20,0,14,20,14,,,,,,,,,
7,VISIT,687,Random,OnArrival,3,34,6595,Node_268,25,0,25,25,25,,,,,,,,,
7,VISIT,689,Random,OnArrival,3,7,6603,Node_72,18,0,17,18,17,,,,,,,,,
7,VISIT,692,Random,OnArrival,3,7,6603,Node_30,21,0,18,21,18,,,,,,,,,
7,VISIT,689,Random,OnArrival,3,8,6619,Node_74,18,0,18,18,18,,,,,,,,,
7,VISIT,690,Random,OnArrival,3,8,6619,Node_65,18,0,14,18,14,,,,,,,,,
7,VISIT,691,Random,OnArrival,3,8,6619,Node_65,18,0,14,18,14,,,,,,,,,
7,VISIT,692,Random,OnArrival,3,8,6619,Node_246,20,0,18,20,18,,,,,,,,,
7,VISIT,689,Random,OnArrival,3,9,6635,Node_75,18,0,19,18,19,,,,,,,,,
7,VISIT,690,Random,OnArrival,3,9,6635,Node_68,18,0,15,18,15,,,,,,,,,
7,VISIT,691,Random,OnArrival,3,9,6635,Node_68,18,0,15,18,15,,,,,,,,,
7,VISIT,689,Random,OnArrival,3,10,6652,Node_136,17,0,19,17,19,,,,,,,,,
7,VISIT,690,Random,OnArrival,3,10,6652,Node_70,18,0,16,18,16,,,,,,,,,
7,VISIT,691,Random,OnArrival,3,10,6652,Node_70,18,0,16,18,16,,,,,,,,,
7,VISIT,692,Random,OnArrival,3,9,6652,Node_74,18,0,18,18,18,,,,,,,,,
7,VISIT,687,Random,OnArrival,3,35,6658,Node_269,29,0,25,29,25,,,,,,,,,
7,VISIT,689,Random,OnArrival,3,11,6668,Node_75,18,0,19,18,19,,,,,,,,,
7,VISIT,690,Random,OnArrival,3,11,6668,Node_72,18,0,17,18,17,,,,,,,,,
7,VISIT,691,Random,OnArrival,3,11,6668,Node_72,18,0,17,18,17,,,,,,,,,
7,VISIT,692,Random,OnArrival,3,10,6668,Node_75,18,0,19,18,19,,,,,,,,,
7,VISIT,687,Random,OnArrival,3,36,6674,Node_274,30,0,25,30,25,,,,,,,,,
7,VISIT,689,Random,OnArrival,3,12,6684,Node_76,18,0,20,18,20,,,,,,,,,
7,VISIT,690,Random,OnArrival,3,12,6684,Node_74,18,0,18,18,18,,,,,,,,,
7,VISIT,691,Random,OnArrival,3,12,6684,Node_74,18,0,18,18,18,,,,,,,,,
7,VISIT,692,Random,OnArrival,3,11,6684,Node_136,17,0,19,17,19,,,,,,,,,
7,VISIT,689,Random,OnArrival,3,13,6700,Node_140,17,0,20,17,20,,,,,,,,,
7,VISIT,690,Random,OnArrival,3,13,6700,Node_75,18,0,19,18,19,,,,,,,,,
7,VISIT,691,Random,OnArrival,3,13,6700,Node_75,18,0,19,18,19,,,,,,,,,
7,VISIT,692,Random,OnArrival,3,12,6700,Node_140,17,0,20,17,20,,,,,,,,,
7,VISIT,689,Random,OnArrival,3,14,6716,Node_152,16,0,20,16,20,,,,,,,,,
7,VISIT,690,Random,OnArrival,3,14,6716,Node_76,18,0,20,18,20,,,,,,,,,
7,VISIT,691,Random,OnArrival,3,14,6716,Node_76,18,0,20,18,20,,,,,,,,,
7,VISIT,692,Random,OnArrival,3,13,6716,Node_152,16,0,20,16,20,,,,,,,,,
7,VISIT,690,Random,OnArrival,3,15,6733,Node_140,17,0,20,17,20,,,,,,,,,
7,VISIT,691,Random,OnArrival,3,15,6733,Node_77,18,0,21,18,21,,,,,,,,,
7,VISIT,689,Random,OnArrival,3,15,6750,Node_283,15,0,21,15,21,,,,,,,,,
7,VISIT,690,Random,OnArrival,3,16,6750,Node_144,17,0,21,17,21,,,,,,,,,
7,VISIT,691,Random,OnArrival,3,16,6750,Node_144,17,0,21,17,21,,,,,,,,,
7,VISIT,692,Random,OnArrival,3,14,6750,Node_283,15,0,21,15,21,,,,,,,,,
7,VISIT,690,Random,OnArrival,3,17,6766,Node_77,18,0,21,18,21,,,,,,,,,
7,VISIT,691,Random,OnArrival,3,17,6766,Node_77,18,0,21,18,21,,,,,,,,,
7,VISIT,690,Random,OnArrival,3,18,6782,Node_272,19,0,21,19,21,,,,,,,,,
7,VISIT,691,Random,OnArrival,3,18,6782,Node_275,18,0,22,18,22,,,,,,,,,
7,VISIT,690,Random,OnArrival,3,19,6798,Node_270,19,0,22,19,22,,,,,,,,,
7,VISIT,691,Random,OnArrival,3,19,6798,Node_270,19,0,22,19,22,,,,,,,,,
7,VISIT,690,Random,OnArrival,3,20,6815,Node_275,18,0,22,18,22,,,,,,,,,
7,VISIT,691,Random,OnArrival,3,20,6815,Node_272,19,0,21,19,21,,,,,,,,,
7,VISIT,690,Random,OnArrival,3,21,6832,Node_270,19,0,22,19,22,,,,,,,,,
7,VISIT,691,Random,OnArrival,3,21,6832,Node_77,18,0,21,18,21,,,,,,,,,
7,VISIT,689,Random,OnArrival,3,16,6849,Node_279,15,0,25,15,25,,,,,,,,,
7,VISIT,690,Random,OnArrival,3,22,6849,Node_125,19,0,23,19,23,,,,,,,,,
7,VISIT,691,Random,OnArrival,3,22,6849,Node_144,17,0,21,17,21,,,,,,,,,
7,VISIT,692,Random,OnArrival,3,15,6849,Node_279,15,0,25,15,25,,,,,,,,,
7,VISIT,689,Random,OnArrival,3,17,6865,Node_280,15,0,24,15,24,,,,,,,,,
7,VISIT,690,Random,OnArrival,3,23,6865,Node_276,18,0,23,18,23,,,,,,,,,
7,VISIT,691,Random,OnArrival,3,23,6865,Node_148,16,0,21,16,21,,,,,,,,,
7,VISIT,692,Random,OnArrival,3,16,6865,Node_291,14,0,25,14,25,,,,,,,,,
7,VISIT,689,Random,OnArrival,3,18,6882,Node_290,14,0,24,14,24,,,,,,,,,
7,VISIT,690,Random,OnArrival,3,24,6882,Node_277,18,0,24,18,24,,,,,,,,,
7,VISIT,691,Random,OnArrival,3,24,6882,Node_283,15,0,21,15,21,,,,,,,,,
7,VISIT,692,Random,OnArrival,3,17,6882,Node_290,14,0,24,14,24,,,,,,,,,
7,VISIT,689,Random,OnArrival,3,19,6899,Node_280,15,0,24,15,24,,,,,,,,,
7,VISIT,690,Random,OnArrival,3,25,6899,Node_124,19,0,24,19,24,,,,,,,,,
7,VISIT,691,Random,OnArrival,3,25,6899,Node_282,15,0,22,15,22,,,,,,,,,
7,VISIT,692,Random,OnArrival,3,18,6899,Node_289,14,0,23,14,23,,,,,,,,,
7,VISIT,689,Random,OnArrival,3,20,6916,Node_281,15,0,23,15,23,,,,,,,,,
7,VISIT,690,Random,OnArrival,3,26,6916,Node_277,18,0,24,18,24,,,,,,,,,
7,VISIT,691,Random,OnArrival,3,26,6916,Node_288,14,0,22,14,22,,,,,,,,,
7,VISIT,689,Random,OnArrival,3,21,6932,Node_289,14,0,23,14,23,,,,,,,,,
7,VISIT,690,Random,OnArrival,3,27,6932,Node_278,18,0,25,18,25,,,,,,,,,
7,VISIT,689,Random,OnArrival,3,22,6948,Node_288,14,0,22,14,22,,,,,,,,,
7,VISIT,690,Random,OnArrival,3,28,6948,Node_123,19,0,25,19,25,,,,,,,,,
7,VISIT,691,Random,OnArrival,3,27,6948,Node_292,13,0,23,13,23,,,,,,,,,
7,VISIT,689,Random,OnArrival,3,23,6964,Node_287,14,0,21,14,21,,,,,,,,,
7,VISIT,690,Random,OnArrival,3,29,7030,Node_121,24,0,25,24,25,,,,,,,,,
7,VISIT,690,Random,OnArrival,3,30,7045,Node_119,24,0,24,24,24,,,,,,,,,
7,VISIT,690,Random,OnArrival,3,31,7061,Node_117,24,0,23,24,23,,,,,,,,,
7,VISIT,690,Random,OnArrival,3,32,7078,Node_266,25,0,23,25,23,,,,,,,,,
7,VISIT,690,Random,OnArrival,3,33,7127,Node_265,25,0,22,25,22,,,,,,,,,
7,VISIT,692,Random,OnArrival,3,19,7127,Node_73,11,0,18,11,18,,,,,,,,,
7,VISIT,693,Random,OnArrival,3,0,7138,Node_6,19,0,12,19,12,,,,,,,,,
7,VISIT,694,Random,OnArrival,3,0,7138,Node_7,19,0,8,19,8,,,,,,,,,
7,VISIT,695,Random,OnArrival,3,0,7138,Node_8,17,0,10,17,10,,,,,,,,,
7,VISIT,696,Random,OnArrival,3,0,7138,Node_9,21,0,10,21,10,,,,,,,,,
7,VISIT,690,Random,OnArrival,3,34,7142,Node_266,25,0,23,25,23,,,,,,,,,
7,VISIT,693,Random,OnArrival,3,1,7149,Node_42,20,0,12,20,12,,,,,,,,,
7,VISIT,694,Random,OnArrival,3,1,7149,Node_3,19,0,9,19,9,,,,,,,,,
7,VISIT,695,Random,OnArrival,3,1,7149,Node_4,18,0,10,18,10,,,,,,,,,
7,VISIT,696,Random,OnArrival,3,1,7149,Node_13,21,0,11,21,11,,,,,,,,,
7,VISIT,690,Random,OnArrival,3,35,7154,Node_307,26,0,23,26,23,,,,,,,,,
7,VISIT,692,Random,OnArrival,3,20,7154,Node_69,12,0,17,12,17,,,,,,,,,
7,VISIT,693,Random,OnArrival,3,2,7161,Node_43,20,0,13,20,13,,,,,,,,,
7,VISIT,694,Random,OnArrival,3,2,7161,Node_20,19,0,10,19,10,,,,,,,,,
7,VISIT,695,Random,OnArrival,3,2,7161,Node_14,18,0,11,18,11,,,,,,,,,
7,VISIT,696,Random,OnArrival,3,2,7161,Node_17,21,0,12,21,12,,,,,,,,,
7,VISIT,693,Random,OnArrival,3,3,7171,Node_44,20,0,14,20,14,,,,,,,,,
7,VISIT,694,Random,OnArrival,3,3,7171,Node_2,19,0,11,19,11,,,,,,,,,
7,VISIT,695,Random,OnArrival,3,3,7171,Node_10,18,0,12,18,12,,,,,,,,,
7,VISIT,696,Random,OnArrival,3,3,7171,Node_19,21,0,13,21,13,,,,,,,,,
7,VISIT,692,Random,OnArrival,3,21,7175,Node_302,13,0,18,13,18,,,,,,,,,
7,VISIT,693,Random,OnArrival,3,4,7183,Node_45,20,0,15,20,15,,,,,,,,,
7,VISIT,694,Random,OnArrival,3,4,7183,Node_6,19,0,12,19,12,,,,,,,,,
7,VISIT,695,Random,OnArrival,3,4,7183,Node_6,19,0,12,19,12,,,,,,,,,
7,VISIT,696,Random,OnArrival,3,4,7183,Node_22,21,0,14,21,14,,,,,,,,,
7,VISIT,690,Random,OnArrival,3,36,7187,Node_245,27,0,21,27,21,,,,,,,,,
7,VISIT,692,Random,OnArrival,3,22,7187,Node_71,12,0,18,12,18,,,,,,,,,
7,VISIT,693,Random,OnArrival,3,5,7196,Node_25,21,0,15,21,15,,,,,,,,,
7,VISIT,694,Random,OnArrival,3,5,7196,Node_42,20,0,12,20,12,,,,,,,,,
7,VISIT,695,Random,OnArrival,3,5,7196,Node_42,20,0,12,20,12,,,,,,,,,
7,VISIT,696,Random,OnArrival,3,5,7196,Node_25,21,0,15,21,15,,,,,,,,,
7,VISIT,690,Random,OnArrival,3,37,7200,Node_233,27,0,20,27,20,,,,,,,,,
7,VISIT,692,Random,OnArrival,3,23,7200,Node_302,13,0,18,13,18,,,,,,,,,
7,VISIT,693,Random,OnArrival,3,6,7209,Node_27,21,0,16,21,16,,,,,,,,,
7,VISIT,694,Random,OnArrival,3,6,7209,Node_43,20,0,13,20,13,,,,,,,,,
7,VISIT,695,Random,OnArrival,3,6,7209,Node_43,20,0,13,20,13,,,,,,,,,
7,VISIT,696,Random,OnArrival,3,6,7209,Node_27,21,0,16,21,16,,,,,,,,,
7,VISIT,690,Random,OnArrival,3,38,7214,Node_243,28,0,20,28,20,,,,,,,,,
7,VISIT,692,Random,OnArrival,3,24,7214,Node_300,14,0,18,14,18,,,,,,,,,
7,VISIT,694,Random,OnArrival,3,7,7223,Node_44,20,0,14,20,14,,,,,,,,,
7,VISIT,695,Random,OnArrival,3,7,7223,Node_44,20,0,14,20,14,,,,,,,,,
7,VISIT,690,Random,OnArrival,3,39,7229,Node_244,28,0,21,28,21,,,,,,,,,
7,VISIT,693,Random,OnArrival,3,7,7238,Node_30,21,0,18,21,18,,,,,,,,,
7,VISIT,694,Random,OnArrival,3,8,7238,Node_45,20,0,15,20,15,,,,,,,,,
7,VISIT,695,Random,OnArrival,3,8,7238,Node_45,20,0,15,20,15,,,,,,,,,
7,VISIT,696,Random,OnArrival,3,7,7238,Node_30,21,0,18,21,18,,,,,,,,,
7,VISIT,693,Random,OnArrival,3,8,7253,Node_32,21,0,19,21,19,,,,,,,,,
7,VISIT,694,Random,OnArrival,3,9,7253,Node_25,21,0,15,21,15,,,,,,,,,
7,VISIT,695,Random,OnArrival,3,9,7253,Node_25,21,0,15,21,15,,,,,,,,,
7,VISIT,696,Random,OnArrival,3,8,7253,Node_32,21,0,19,21,19,,,,,,,,,
7,VISIT,692,Random,OnArrival,3,25,7257,Node_286,15,0,20,15,20,,,,,,,,,
7,VISIT,693,Random,OnArrival,3,9,7267,Node_34,21,0,20,21,20,,,,,,,,,
7,VISIT,694,Random,OnArrival,3,10,7267,Node_27,21,0,16,21,16,,,,,,,,,
7,VISIT,695,Random,OnArrival,3,10,7267,Node_27,21,0,16,21,16,,,,,,,,,
7,VISIT,696,Random,OnArrival,3,9,7267,Node_34,21,0,20,21,20,,,,,,,,,
7,VISIT,692,Random,OnArrival,3,26,7271,Node_296,14,0,20,14,20,,,,,,,,,
7,VISIT,693,Random,OnArrival,3,10,7281,Node_264,21,0,21,21,21,,,,,,,,,
7,VISIT,696,Random,OnArrival,3,10,7281,Node_264,21,0,21,21,21,,,,,,,,,
7,VISIT,692,Random,OnArrival,3,27,7286,Node_298,14,0,19,14,19,,,,,,,,,
7,VISIT,693,Random,OnArrival,3,11,7296,Node_262,21,0,22,21,22,,,,,,,,,
7,VISIT,694,Random,OnArrival,3,11,7296,Node_30,21,0,18,21,18,,,,,,,,,
7,VISIT,695,Random,OnArrival,3,11,7296,Node_30,21,0,18,21,18,,,,,,,,,
7,VISIT,696,Random,OnArrival,3,11,7296,Node_262,21,0,22,21,22,,,,,,,,,
7,VISIT,690,Random,OnArrival,3,40,7300,Node_273,30,0,24,30,24,,,,,,,,,
7,VISIT,692,Random,OnArrival,3,28,7300,Node_315,15,0,19,15,19,,,,,,,,,
7,VISIT,693,Random,OnArrival,3,12,7310,Node_122,22,0,22,22,22,,,,,,,,,
7,VISIT,694,Random,OnArrival,3,12,7310,Node_32,21,0,19,21,19,,,,,,,,,
7,VISIT,695,Random,OnArrival,3,12,7310,Node_32,21,0,19,21,19,,,,,,,,,
7,VISIT,696,Random,OnArrival,3,12,7310,Node_122,22,0,22,22,22,,,,,,,,,
7,VISIT,690,Random,OnArrival,3,41,7314,Node_285,31,0,24,31,24,,,,,,,,,
7,VISIT,692,Random,OnArrival,3,29,7314,Node_314,15,0,18,15,18,,,,,,,,,
7,VISIT,694,Random,OnArrival,3,13,7325,Node_34,21,0,20,21,20,,,,,,,,,
7,VISIT,695,Random,OnArrival,3,13,7325,Node_34,21,0,20,21,20,,,,,,,,,
7,VISIT,692,Random,OnArrival,3,30,7329,Node_300,14,0,18,14,18,,,,,,,,,
7,VISIT,693,Random,OnArrival,3,13,7340,Node_114,24,0,22,24,22,,,,,,,,,
7,VISIT,694,Random,OnArrival,3,14,7340,Node_264,21,0,21,21,21,,,,,,,,,
7,VISIT,695,Random,OnArrival,3,14,7340,Node_264,21,0,21,21,21,,,,,,,,,
7,VISIT,696,Random,OnArrival,3,13,7340,Node_114,24,0,22,24,22,,,,,,,,,
7,VISIT,692,Random,OnArrival,3,31,7344,Node_302,13,0,18,13,18,,,,,,,,,
7,VISIT,693,Random,OnArrival,3,14,7356,Node_265,25,0,22,25,22,,,,,,,,,
7,VISIT,694,Random,OnArrival,3,15,7356,Node_262,21,0,22,21,22,,,,,,,,,
7,VISIT,695,Random,OnArrival,3,15,7356,Node_262,21,0,22,21,22,,,,,,,,,
7,VISIT,696,Random,OnArrival,3,14,7356,Node_265,25,0,22,25,22,,,,,,,,,
7,VISIT,692,Random,OnArrival,3,32,7359,Node_312,13,0,17,13,17,,,,,,,,,
7,VISIT,693,Random,OnArrival,3,15,7371,Node_309,26,0,22,26,22,,,,,,,,,
7,VISIT,694,Random,OnArrival,3,16,7371,Node_122,22,0,22,22,22,,,,,,,,,
7,VISIT,695,Random,OnArrival,3,16,7371,Node_122,22,0,22,22,22,,,,,,,,,
7,VISIT,696,Random,OnArrival,3,15,7371,Node_309,26,0,22,26,22,,,,,,,,,
7,VISIT,693,Random,OnArrival,3,16,7385,Node_313,27,0,22,27,22,,,,,,,,,
7,VISIT,696,Random,OnArrival,3,16,7385,Node_313,27,0,22,27,22,,,,,,,,,
7,VISIT,692,Random,OnArrival,3,33,7388,Node_40,13,0,15,13,15,,,,,,,,,
7,VISIT,693,Random,OnArrival,3,17,7400,Node_245,27,0,21,27,21,,,,,,,,,
7,VISIT,694,Random,OnArrival,3,17,7400,Node_114,24,0,22,24,22,,,,,,,,,
7,VISIT,695,Random,OnArrival,3,17,7400,Node_114,24,0,22,24,22,,,,,,,,,
7,VISIT,696,Random,OnArrival,3,17,7400,Node_245,27,0,21,27,21,,,,,,,,,
7,VISIT,692,Random,OnArrival,3,34,7403,Node_62,12,0,15,12,15,,,,,,,,,
7,VISIT,693,Random,OnArrival,3,18,7415,Node_233,27,0,20,27,20,,,,,,,,,
7,VISIT,694,Random,OnArrival,3,18,7415,Node_265,25,0,22,25,22,,,,,,,,,
7,VISIT,695,Random,OnArrival,3,18,7415,Node_265,25,0,22,25,22,,,,,,,,,
7,VISIT,696,Random,OnArrival,3,18,7415,Node_233,27,0,20,27,20,,,,,,,,,
7,VISIT,692,Random,OnArrival,3,35,7419,Node_40,13,0,15,13,15,,,,,,,,,
7,VISIT,693,Random,OnArrival,3,19,7431,Node_231,27,0,19,27,19,,,,,,,,,
7,VISIT,694,Random,OnArrival,3,19,7431,Node_309,26,0,22,26,22,,,,,,,,,
7,VISIT,695,Random,OnArrival,3,19,7431,Node_309,26,0,22,26,22,,,,,,,,,
7,VISIT,696,Random,OnArrival,3,19,7431,Node_231,27,0,19,27,19,,,,,,,,,
7,VISIT,692,Random,OnArrival,3,36,7435,Node_322,13,0,16,13,16,,,,,,,,,
7,VISIT,693,Random,OnArrival,3,20,7446,Node_242,28,0,19,28,19,,,,,,,,,
7,VISIT,694,Random,OnArrival,3,20,7446,Node_313,27,0,22,27,22,,,,,,,,,
7,VISIT,695,Random,OnArrival,3,20,7446,Node_313,27,0,22,27,22,,,,,,,,,
7,VISIT,696,Random,OnArrival,3,20,7446,Node_242,28,0,19,28,19,,,,,,,,,
7,VISIT,692,Random,OnArrival,3,37,7450,Node_66,12,0,16,12,16,,,,,,,,,
7,VISIT,693,Random,OnArrival,3,21,7462,Node_239,28,0,18,28,18,,,,,,,,,
7,VISIT,694,Random,OnArrival,3,21,7462,Node_245,27,0,21,27,21,,,,,,,,,
7,VISIT,695,Random,OnArrival,3,21,7462,Node_245,27,0,21,27,21,,,,,,,,,
7,VISIT,696,Random,OnArrival,3,21,7462,Node_239,28,0,18,28,18,,,,,,,,,
7,VISIT,692,Random,OnArrival,3,38,7466,Node_69,12,0,17,12,17,,,,,,,,,
7,VISIT,693,Random,OnArrival,3,22,7478,Node_238,28,0,17,28,17,,,,,,,,,
7,VISIT,694,Random,OnArrival,3,22,7478,Node_244,28,0,21,28,21,,,,,,,,,
7,VISIT,695,Random,OnArrival,3,22,7478,Node_233,27,0,20,27,20,,,,,,,,,
7,VISIT,696,Random,OnArrival,3,22,7478,Node_238,28,0,17,28,17,,,,,,,,,
7,VISIT,692,Random,OnArrival,3,39,7482,Node_71,12,0,18,12,18,,,,,,,,,
7,VISIT,693,Random,OnArrival,3,23,7494,Node_237,28,0,16,28,16,,,,,,,,,
7,VISIT,695,Random,OnArrival,3,23,7494,Node_231,27,0,19,27,19,,,,,,,,,
7,VISIT,696,Random,OnArrival,3,23,7494,Node_241,29,0,17,29,17,,,,,,,,,
7,VISIT,692,Random,OnArrival,3,40,7498,Node_73,11,0,18,11,18,,,,,,,,,
7,VISIT,693,Random,OnArrival,3,24,7509,Node_240,29,0,16,29,16,,,,,,,,,
7,VISIT,694,Random,OnArrival,3,23,7509,Node_316,30,0,21,30,21,,,,,,,,,
7,VISIT,695,Random,OnArrival,3,24,7509,Node_163,27,0,18,27,18,,,,,,,,,
7,VISIT,694,Random,OnArrival,3,24,7524,Node_321,31,0,21,31,21,,,,,,,,,
7,VISIT,695,Random,OnArrival,3,25,7524,Node_230,27,0,17,27,17,,,,,,,,,
7,VISIT,693,Random,OnArrival,3,25,7540,Node_323,30,0,17,30,17,,,,,,,,,
7,VISIT,695,Random,OnArrival,3,26,7540,Node_238,28,0,17,28,17,,,,,,,,,
7,VISIT,696,Random,OnArrival,3,24,7540,Node_254,31,0,16,31,16,,,,,,,,,
7,VISIT,693,Random,OnArrival,3,26,7555,Node_256,31,0,17,31,17,,,,,,,,,
7,VISIT,695,Random,OnArrival,3,27,7555,Node_241,29,0,17,29,17,,,,,,,,,
7,VISIT,692,Random,OnArrival,3,41,7559,Node_165,9,0,16,9,16,,,,,,,,,
7,VISIT,694,Random,OnArrival,3,25,7570,Node_320,31,0,22,31,22,,,,,,,,,
7,VISIT,695,Random,OnArrival,3,28,7570,Node_323,30,0,17,30,17,,,,,,,,,
7,VISIT,693,Random,OnArrival,3,27,7584,Node_259,32,0,18,32,18,,,,,,,,,
7,VISIT,694,Random,OnArrival,3,26,7584,Node_317,30,0,22,30,22,,,,,,,,,
7,VISIT,695,Random,OnArrival,3,29,7584,Node_256,31,0,17,31,17,,,,,,,,,
7,VISIT,696,Random,OnArrival,3,25,7584,Node_259,32,0,18,32,18,,,,,,,,,
7,VISIT,694,Random,OnArrival,3,27,7600,Node_320,31,0,22,31,22,,,,,,,,,
7,VISIT,695,Random,OnArrival,3,30,7600,Node_254,31,0,16,31,16,,,,,,,,,
7,VISIT,694,Random,OnArrival,3,28,7616,Node_328,32,0,22,32,22,,,,,,,,,
7,VISIT,695,Random,OnArrival,3,31,7616,Node_329,32,0,16,32,16,,,,,,,,,
7,VISIT,695,Random,OnArrival,3,32,7646,Node_252,31,0,15,31,15,,,,,,,,,
7,VISIT,693,Random,OnArrival,3,28,7661,Node_335,33,0,22,33,22,,,,,,,,,
7,VISIT,694,Random,OnArrival,3,29,7661,Node_326,32,0,21,32,21,,,,,,,,,
7,VISIT,695,Random,OnArrival,3,33,7661,Node_250,31,0,14,31,14,,,,,,,,,
7,VISIT,696,Random,OnArrival,3,26,7661,Node_326,32,0,21,32,21,,,,,,,,,
7,VISIT,694,Random,OnArrival,3,30,7677,Node_263,32,0,20,32,20,,,,,,,,,
7,VISIT,696,Random,OnArrival,3,27,7677,Node_263,32,0,20,32,20,,,,,,,,,
7,VISIT,694,Random,OnArrival,3,31,7692,Node_334,33,0,20,33,20,,,,,,,,,
7,VISIT,696,Random,OnArrival,3,28,7692,Node_334,33,0,20,33,20,,,,,,,,,
7,VISIT,694,Random,OnArrival,3,32,7707,Node_333,33,0,19,33,19,,,,,,,,,
7,VISIT,696,Random,OnArrival,3,29,7707,Node_333,33,0,19,33,19,,,,,,,,,
7,VISIT,697,Random,OnArrival,3,0,7721,Node_6,19,0,12,19,12,,,,,,,,,
7,VISIT,698,Random,OnArrival,3,0,7721,Node_7,19,0,8,19,8,,,,,,,,,
7,VISIT,699,Random,OnArrival,3,0,7721,Node_8,17,0,10,17,10,,,,,,,,,
7,VISIT,700,Random,OnArrival,3,0,7721,Node_9,21,0,10,21,10,,,,,,,,,
7,VISIT,694,Random,OnArrival,3,33,7722,Node_261,32,0,19,32,19,,,,,,,,,
7,VISIT,696,Random,OnArrival,3,30,7722,Node_261,32,0,19,32,19,,,,,,,,,
7,VISIT,697,Random,OnArrival,3,1,7731,Node_2,19,0,11,19,11,,,,,,,,,
7,VISIT,698,Random,OnArrival,3,1,7731,Node_3,19,0,9,19,9,,,,,,,,,
7,VISIT,699,Random,OnArrival,3,1,7731,Node_4,18,0,10,18,10,,,,,,,,,
7,VISIT,700,Random,OnArrival,3,1,7731,Node_13,21,0,11,21,11,,,,,,,,,
7,VISIT,694,Random,OnArrival,3,34,7735,Node_259,32,0,18,32,18,,,,,,,,,
7,VISIT,696,Random,OnArrival,3,31,7735,Node_259,32,0,18,32,18,,,,,,,,,
7,VISIT,697,Random,OnArrival,3,2,7741,Node_41,20,0,11,20,11,,,,,,,,,
7,VISIT,698,Random,OnArrival,3,2,7741,Node_48,20,0,9,20,9,,,,,,,,,
7,VISIT,699,Random,OnArrival,3,2,7741,Node_14,18,0,11,18,11,,,,,,,,,
7,VISIT,700,Random,OnArrival,3,2,7741,Node_67,22,0,11,22,11,,,,,,,,,
7,VISIT,694,Random,OnArrival,3,35,7745,Node_332,33,0,18,33,18,,,,,,,,,
7,VISIT,696,Random,OnArrival,3,32,7745,Node_330,32,0,17,32,17,,,,,,,,,
7,VISIT,697,Random,OnArrival,3,3,7753,Node_13,21,0,11,21,11,,,,,,,,,
7,VISIT,698,Random,OnArrival,3,3,7753,Node_47,21,0,9,21,9,,,,,,,,,
7,VISIT,699,Random,OnArrival,3,3,7753,Node_2,19,0,11,19,11,,,,,,,,,
7,VISIT,700,Random,OnArrival,3,3,7753,Node_88,23,0,11,23,11,,,,,,,,,
7,VISIT,697,Random,OnArrival,3,4,7765,Node_67,22,0,11,22,11,,,,,,,,,
7,VISIT,698,Random,OnArrival,3,4,7765,Node_86,22,0,9,22,9,,,,,,,,,
7,VISIT,699,Random,OnArrival,3,4,7765,Node_41,20,0,11,20,11,,,,,,,,,
7,VISIT,700,Random,OnArrival,3,4,7765,Node_90,23,0,12,23,12,,,,,,,,,
7,VISIT,694,Random,OnArrival,3,36,7769,Node_330,32,0,17,32,17,,,,,,,,,
7,VISIT,697,Random,OnArrival,3,5,7777,Node_88,23,0,11,23,11,,,,,,,,,
7,VISIT,698,Random,OnArrival,3,5,7777,Node_126,23,0,9,23,9,,,,,,,,,
7,VISIT,699,Random,OnArrival,3,5,7777,Node_13,21,0,11,21,11,,,,,,,,,
7,VISIT,700,Random,OnArrival,3,5,7777,Node_92,24,0,12,24,12,,,,,,,,,
7,VISIT,694,Random,OnArrival,3,37,7782,Node_259,32,0,18,32,18,,,,,,,,,
7,VISIT,697,Random,OnArrival,3,6,7789,Node_90,23,0,12,23,12,,,,,,,,,
7,VISIT,699,Random,OnArrival,3,6,7789,Node_67,22,0,11,22,11,,,,,,,,,
7,VISIT,700,Random,OnArrival,3,6,7789,Node_93,24,0,13,24,13,,,,,,,,,
7,VISIT,694,Random,OnArrival,3,38,7794,Node_332,33,0,18,33,18,,,,,,,,,
7,VISIT,696,Random,OnArrival,3,33,7794,Node_332,33,0,18,33,18,,,,,,,,,
7,VISIT,697,Random,OnArrival,3,7,7801,Node_92,24,0,12,24,12,,,,,,,,,
7,VISIT,698,Random,OnArrival,3,6,7801,Node_170,25,0,9,25,9,,,,,,,,,
7,VISIT,699,Random,OnArrival,3,7,7801,Node_88,23,0,11,23,11,,,,,,,,,
7,VISIT,700,Random,OnArrival,3,7,7801,Node_139,25,0,13,25,13,,,,,,,,,
7,VISIT,694,Random,OnArrival,3,39,7805,Node_353,34,0,18,34,18,,,,,,,,,
7,VISIT,696,Random,OnArrival,3,34,7805,Node_348,33,0,17,33,17,,,,,,,,,
7,VISIT,697,Random,OnArrival,3,8,7814,Node_93,24,0,13,24,13,,,,,,,,,
7,VISIT,698,Random,OnArrival,3,7,7814,Node_209,26,0,9,26,9,,,,,,,,,
7,VISIT,699,Random,OnArrival,3,8,7814,Node_90,23,0,12,23,12,,,,,,,,,
7,VISIT,700,Random,OnArrival,3,8,7814,Node_211,26,0,13,26,13,,,,,,,,,
7,VISIT,696,Random,OnArrival,3,35,7819,Node_351,34,0,17,34,17,,,,,,,,,
7,VISIT,697,Random,OnArrival,3,9,7828,Node_139,25,0,13,25,13,,,,,,,,,
7,VISIT,698,Random,OnArrival,3,8,7828,Node_216,27,0,9,27,9,,,,,,,,,
7,VISIT,699,Random,OnArrival,3,9,7828,Node_92,24,0,12,24,12,,,,,,,,,
7,VISIT,700,Random,OnArrival,3,9,7828,Node_222,27,0,13,27,13,,,,,,,,,
7,VISIT,697,Random,OnArrival,3,10,7842,Node_211,26,0,13,26,13,,,,,,,,,
7,VISIT,698,Random,OnArrival,3,9,7842,Node_232,28,0,9,28,9,,,,,,,,,
7,VISIT,699,Random,OnArrival,3,10,7842,Node_93,24,0,13,24,13,,,,,,,,,
7,VISIT,700,Random,OnArrival,3,10,7842,Node_227,28,0,13,28,13,,,,,,,,,
7,VISIT,696,Random,OnArrival,3,36,7848,Node_354,35,0,18,35,18,,,,,,,,,
7,VISIT,697,Random,OnArrival,3,11,7856,Node_222,27,0,13,27,13,,,,,,,,,
7,VISIT,699,Random,OnArrival,3,11,7856,Node_139,25,0,13,25,13,,,,,,,,,
7,VISIT,697,Random,OnArrival,3,12,7871,Node_227,28,0,13,28,13,,,,,,,,,
7,VISIT,699,Random,OnArrival,3,12,7871,Node_211,26,0,13,26,13,,,,,,,,,
7,VISIT,700,Random,OnArrival,3,11,7871,Node_247,30,0,13,30,13,,,,,,,,,
7,VISIT,694,Random,OnArrival,3,40,7877,Node_339,35,0,22,35,22,,,,,,,,,
7,VISIT,699,Random,OnArrival,3,13,7885,Node_222,27,0,13,27,13,,,,,,,,,
7,VISIT,700,Random,OnArrival,3,12,7885,Node_338,31,0,13,31,13,,,,,,,,,
7,VISIT,697,Random,OnArrival,3,13,7900,Node_247,30,0,13,30,13,,,,,,,,,
7,VISIT,699,Random,OnArrival,3,14,7900,Node_227,28,0,13,28,13,,,,,,,,,
7,VISIT,697,Random,OnArrival,3,14,7914,Node_338,31,0,13,31,13,,,,,,,,,
7,VISIT,698,Random,OnArrival,3,10,7914,Node_342,31,0,11,31,11,,,,,,,,,
7,VISIT,696,Random,OnArrival,3,37,7919,Node_363,36,0,22,36,22,,,,,,,,,
7,VISIT,697,Random,OnArrival,3,15,7928,Node_340,31,0,12,31,12,,,,,,,,,
7,VISIT,699,Random,OnArrival,3,15,7928,Node_247,30,0,13,30,13,,,,,,,,,
7,VISIT,696,Random,OnArrival,3,38,7934,Node_368,36,0,21,36,21,,,,,,,,,
7,VISIT,697,Random,OnArrival,3,16,7942,Node_369,32,0,12,32,12,,,,,,,,,
7,VISIT,698,Random,OnArrival,3,11,7942,Node_369,32,0,12,32,12,,,,,,,,,
7,VISIT,699,Random,OnArrival,3,16,7942,Node_338,31,0,13,31,13,,,,,,,,,
7,VISIT,696,Random,OnArrival,3,39,7948,Node_358,35,0,21,35,21,,,,,,,,,
7,VISIT,697,Random,OnArrival,3,17,7957,Node_370,32,0,11,32,11,,,,,,,,,
7,VISIT,698,Random,OnArrival,3,12,7957,Node_366,32,0,13,32,13,,,,,,,,,
7,VISIT,699,Random,OnArrival,3,17,7957,Node_340,31,0,12,31,12,,,,,,,,,
7,VISIT,696,Random,OnArrival,3,40,7962,Node_339,35,0,22,35,22,,,,,,,,,
7,VISIT,699,Random,OnArrival,3,18,7971,Node_342,31,0,11,31,11,,,,,,,,,
7,VISIT,696,Random,OnArrival,3,41,7976,Node_341,35,0,23,35,23,,,,,,,,,
7,VISIT,697,Random,OnArrival,3,18,7985,Node_371,34,0,11,34,11,,,,,,,,,
7,VISIT,699,Random,OnArrival,3,19,7985,Node_344,31,0,10,31,10,,,,,,,,,
7,VISIT,696,Random,OnArrival,3,42,7990,Node_367,36,0,23,36,23,,,,,,,,,
7,VISIT,699,Random,OnArrival,3,20,7999,Node_362,30,0,10,30,10,,,,,,,,,
7,VISIT,699,Random,OnArrival,3,21,8013,Node_344,31,0,10,31,10,,,,,,,,,
7,VISIT,699,Random,OnArrival,3,22,8027,Node_346,31,0,9,31,9,,,,,,,,,
7,VISIT,699,Random,OnArrival,3,23,8042,Node_360,30,0,9,30,9,,,,,,,,,
7,VISIT,698,Random,OnArrival,3,13,8057,Node_356,35,0,17,35,17,,,,,,,,,
7,VISIT,700,Random,OnArrival,3,13,8057,Node_377,34,0,8,34,8,,,,,,,,,
7,VISIT,697,Random,OnArrival,3,19,8071,Node_381,34,0,7,34,7,,,,,,,,,
7,VISIT,700,Random,OnArrival,3,14,8071,Node_385,35,0,8,35,8,,,,,,,,,
7,VISIT,697,Random,OnArrival,3,20,8085,Node_388,35,0,7,35,7,,,,,,,,,
7,VISIT,699,Random,OnArrival,3,24,8085,Node_352,30,0,6,30,6,,,,,,,,,
7,VISIT,700,Random,OnArrival,3,15,8085,Node_377,34,0,8,34,8,,,,,,,,,
7,VISIT,697,Random,OnArrival,3,21,8100,Node_385,35,0,8,35,8,,,,,,,,,
7,VISIT,700,Random,OnArrival,3,16,8100,Node_374,34,0,9,34,9,,,,,,,,,
7,VISIT,697,Random,OnArrival,3,22,8114,Node_382,35,0,9,35,9,,,,,,,,,
7,VISIT,700,Random,OnArrival,3,17,8114,Node_382,35,0,9,35,9,,,,,,,,,
7,VISIT,697,Random,OnArrival,3,23,8129,Node_374,34,0,9,34,9,,,,,,,,,
7,VISIT,697,Random,OnArrival,3,24,8144,Node_372,34,0,10,34,10,,,,,,,,,
7,VISIT,697,Random,OnArrival,3,25,8159,Node_379,35,0,10,35,10,,,,,,,,,
7,VISIT,697,Random,OnArrival,3,26,8187,Node_394,36,0,9,36,9,,,,,,,,,
7,VISIT,701,Random,OnArrival,3,0,8264,Node_6,19,0,12,19,12,,,,,,,,,
7,VISIT,702,Random,OnArrival,3,0,8264,Node_7,19,0,8,19,8,,,,,,,,,
7,VISIT,703,Random,OnArrival,3,0,8264,Node_8,17,0,10,17,10,,,,,,,,,
7,VISIT,704,Random,OnArrival,3,0,8264,Node_9,21,0,10,21,10,,,,,,,,,
7,VISIT,701,Random,OnArrival,3,1,8273,Node_2,19,0,11,19,11,,,,,,,,,
7,VISIT,702,Random,OnArrival,3,1,8273,Node_3,19,0,9,19,9,,,,,,,,,
7,VISIT,703,Random,OnArrival,3,1,8273,Node_4,18,0,10,18,10,,,,,,,,,
7,VISIT,704,Random,OnArrival,3,1,8273,Node_47,21,0,9,21,9,,,,,,,,,
7,VISIT,701,Random,OnArrival,3,2,8282,Node_20,19,0,10,19,10,,,,,,,,,
7,VISIT,702,Random,OnArrival,3,2,8282,Node_48,20,0,9,20,9,,,,,,,,,
7,VISIT,703,Random,OnArrival,3,2,8282,Node_15,18,0,9,18,9,,,,,,,,,
7,VISIT,704,Random,OnArrival,3,2,8282,Node_86,22,0,9,22,9,,,,,,,,,
7,VISIT,701,Random,OnArrival,3,3,8290,Node_3,19,0,9,19,9,,,,,,,,,
7,VISIT,702,Random,OnArrival,3,3,8290,Node_47,21,0,9,21,9,,,,,,,,,
7,VISIT,703,Random,OnArrival,3,3,8290,Node_3,19,0,9,19,9,,,,,,,,,
7,VISIT,704,Random,OnArrival,3,3,8290,Node_126,23,0,9,23,9,,,,,,,,,
7,VISIT,701,Random,OnArrival,3,4,8299,Node_48,20,0,9,20,9,,,,,,,,,
7,VISIT,702,Random,OnArrival,3,4,8299,Node_86,22,0,9,22,9,,,,,,,,,
7,VISIT,703,Random,OnArrival,3,4,8299,Node_48,20,0,9,20,9,,,,,,,,,
7,VISIT,701,Random,OnArrival,3,5,8310,Node_47,21,0,9,21,9,,,,,,,,,
7,VISIT,702,Random,OnArrival,3,5,8310,Node_126,23,0,9,23,9,,,,,,,,,
7,VISIT,703,Random,OnArrival,3,5,8310,Node_47,21,0,9,21,9,,,,,,,,,
7,VISIT,704,Random,OnArrival,3,4,8310,Node_170,25,0,9,25,9,,,,,,,,,
7,VISIT,701,Random,OnArrival,3,6,8321,Node_86,22,0,9,22,9,,,,,,,,,
7,VISIT,703,Random,OnArrival,3,6,8321,Node_86,22,0,9,22,9,,,,,,,,,
7,VISIT,704,Random,OnArrival,3,5,8321,Node_172,25,0,8,25,8,,,,,,,,,
7,VISIT,701,Random,OnArrival,3,7,8333,Node_126,23,0,9,23,9,,,,,,,,,
7,VISIT,702,Random,OnArrival,3,6,8333,Node_170,25,0,9,25,9,,,,,,,,,
7,VISIT,703,Random,OnArrival,3,7,8333,Node_126,23,0,9,23,9,,,,,,,,,
7,VISIT,704,Random,OnArrival,3,6,8333,Node_175,25,0,7,25,7,,,,,,,,,
7,VISIT,702,Random,OnArrival,3,7,8345,Node_172,25,0,8,25,8,,,,,,,,,
7,VISIT,704,Random,OnArrival,3,7,8345,Node_178,25,0,6,25,6,,,,,,,,,
7,VISIT,701,Random,OnArrival,3,8,8360,Node_170,25,0,9,25,9,,,,,,,,,
7,VISIT,702,Random,OnArrival,3,8,8360,Node_175,25,0,7,25,7,,,,,,,,,
7,VISIT,703,Random,OnArrival,3,8,8360,Node_170,25,0,9,25,9,,,,,,,,,
7,VISIT,704,Random,OnArrival,3,8,8360,Node_181,25,0,5,25,5,,,,,,,,,
7,VISIT,701,Random,OnArrival,3,9,8375,Node_172,25,0,8,25,8,,,,,,,,,
7,VISIT,702,Random,OnArrival,3,9,8375,Node_178,25,0,6,25,6,,,,,,,,,
7,VISIT,703,Random,OnArrival,3,9,8375,Node_172,25,0,8,25,8,,,,,,,,,
7,VISIT,701,Random,OnArrival,3,10,8389,Node_175,25,0,7,25,7,,,,,,,,,
7,VISIT,702,Random,OnArrival,3,10,8389,Node_181,25,0,5,25,5,,,,,,,,,
7,VISIT,703,Random,OnArrival,3,10,8389,Node_175,25,0,7,25,7,,,,,,,,,
7,VISIT,704,Random,OnArrival,3,9,8389,Node_224,26,0,6,26,6,,,,,,,,,
7,VISIT,701,Random,OnArrival,3,11,8403,Node_178,25,0,6,25,6,,,,,,,,,
7,VISIT,702,Random,OnArrival,3,11,8403,Node_183,24,0,5,24,5,,,,,,,,,
7,VISIT,703,Random,OnArrival,3,11,8403,Node_178,25,0,6,25,6,,,,,,,,,
7,VISIT,701,Random,OnArrival,3,12,8417,Node_181,25,0,5,25,5,,,,,,,,,
7,VISIT,703,Random,OnArrival,3,12,8417,Node_181,25,0,5,25,5,,,,,,,,,
7,VISIT,701,Random,OnArrival,3,13,8431,Node_183,24,0,5,24,5,,,,,,,,,
7,VISIT,703,Random,OnArrival,3,13,8431,Node_178,25,0,6,25,6,,,,,,,,,
7,VISIT,704,Random,OnArrival,3,10,8431,Node_406,26,0,5,26,5,,,,,,,,,
7,VISIT,701,Random,OnArrival,3,14,8445,Node_191,23,0,5,23,5,,,,,,,,,
7,VISIT,703,Random,OnArrival,3,14,8445,Node_224,26,0,6,26,6,,,,,,,,,
7,VISIT,704,Random,OnArrival,3,11,8445,Node_409,27,0,5,27,5,,,,,,,,,
7,VISIT,701,Random,OnArrival,3,15,8459,Node_183,24,0,5,24,5,,,,,,,,,
7,VISIT,703,Random,OnArrival,3,15,8459,Node_407,27,0,6,27,6,,,,,,,,,
7,VISIT,704,Random,OnArrival,3,12,8459,Node_393,28,0,5,28,5,,,,,,,,,
7,VISIT,701,Random,OnArrival,3,16,8473,Node_181,25,0,5,25,5,,,,,,,,,
7,VISIT,702,Random,OnArrival,3,12,8473,Node_195,23,0,1,23,1,,,,,,,,,
7,VISIT,703,Random,OnArrival,3,16,8473,Node_409,27,0,5,27,5,,,,,,,,,
7,VISIT,701,Random,OnArrival,3,17,8488,Node_406,26,0,5,26,5,,,,,,,,,
7,VISIT,703,Random,OnArrival,3,17,8488,Node_393,28,0,5,28,5,,,,,,,,,
7,VISIT,704,Random,OnArrival,3,13,8488,Node_392,30,0,5,30,5,,,,,,,,,
7,VISIT,701,Random,OnArrival,3,18,8502,Node_409,27,0,5,27,5,,,,,,,,,
7,VISIT,704,Random,OnArrival,3,14,8502,Node_352,30,0,6,30,6,,,,,,,,,
7,VISIT,701,Random,OnArrival,3,19,8516,Node_406,26,0,5,26,5,,,,,,,,,
7,VISIT,703,Random,OnArrival,3,18,8516,Node_395,28,0,3,28,3,,,,,,,,,
7,VISIT,704,Random,OnArrival,3,15,8516,Node_391,30,0,7,30,7,,,,,,,,,
7,VISIT,701,Random,OnArrival,3,20,8530,Node_181,25,0,5,25,5,,,,,,,,,
7,VISIT,704,Random,OnArrival,3,16,8530,Node_349,31,0,7,31,7,,,,,,,,,
7,VISIT,701,Random,OnArrival,3,21,8544,Node_183,24,0,5,24,5,,,,,,,,,
7,VISIT,702,Random,OnArrival,3,13,8544,Node_205,22,0,-3,22,-3,,,,,,,,,
7,VISIT,701,Random,OnArrival,3,22,8558,Node_408,24,0,4,24,4,,,,,,,,,
7,VISIT,701,Random,OnArrival,3,23,8572,Node_192,23,0,4,23,4,,,,,,,,,
7,VISIT,703,Random,OnArrival,3,19,8572,Node_398,28,0,1,28,1,,,,,,,,,
7,VISIT,701,Random,OnArrival,3,24,8585,Node_408,24,0,4,24,4,,,,,,,,,
7,VISIT,701,Random,OnArrival,3,25,8599,Node_410,24,0,3,24,3,,,,,,,,,
7,VISIT,701,Random,OnArrival,3,26,8613,Node_193,23,0,3,23,3,,,,,,,,,
7,VISIT,701,Random,OnArrival,3,27,8627,Node_410,24,0,3,24,3,,,,,,,,,
7,VISIT,704,Random,OnArrival,3,17,8641,Node_417,29,0,3,29,3,,,,,,,,,
7,VISIT,701,Random,OnArrival,3,28,8655,Node_429,25,0,2,25,2,,,,,,,,,
7,VISIT,703,Random,OnArrival,3,20,8655,Node_410,24,0,3,24,3,,,,,,,,,
7,VISIT,701,Random,OnArrival,3,29,8670,Node_411,24,0,2,24,2,,,,,,,,,
7,VISIT,703,Random,OnArrival,3,21,8670,Node_411,24,0,2,24,2,,,,,,,,,
7,VISIT,701,Random,OnArrival,3,30,8685,Node_194,23,0,2,23,2,,,,,,,,,
7,VISIT,703,Random,OnArrival,3,22,8685,Node_194,23,0,2,23,2,,,,,,,,,
7,VISIT,704,Random,OnArrival,3,18,8685,Node_428,32,0,3,32,3,,,,,,,,,
7,VISIT,701,Random,OnArrival,3,31,8699,Node_195,23,0,1,23,1,,,,,,,,,
7,VISIT,703,Random,OnArrival,3,23,8699,Node_195,23,0,1,23,1,,,,,,,,,
7,VISIT,701,Random,OnArrival,3,32,8713,Node_413,22,0,1,22,1,,,,,,,,,
7,VISIT,703,Random,OnArrival,3,24,8713,Node_197,23,0,0,23,0,,,,,,,,,
7,VISIT,701,Random,OnArrival,3,33,8726,Node_414,22,0,0,22,0,,,,,,,,,
7,VISIT,703,Random,OnArrival,3,25,8726,Node_414,22,0,0,22,0,,,,,,,,,
7,VISIT,705,Random,OnArrival,3,0,8779,Node_6,19,0,12,19,12,,,,,,,,,
7,VISIT,706,Random,OnArrival,3,0,8779,Node_7,19,0,8,19,8,,,,,,,,,
7,VISIT,707,Random,OnArrival,3,0,8779,Node_8,17,0,10,17,10,,,,,,,,,
7,VISIT,708,Random,OnArrival,3,0,8779,Node_9,21,0,10,21,10,,,,,,,,,
7,VISIT,705,Random,OnArrival,3,1,8788,Node_2,19,0,11,19,11,,,,,,,,,
7,VISIT,706,Random,OnArrival,3,1,8788,Node_46,20,0,8,20,8,,,,,,,,,
7,VISIT,707,Random,OnArrival,3,1,8788,Node_4,18,0,10,18,10,,,,,,,,,
7,VISIT,708,Random,OnArrival,3,1,8788,Node_47,21,0,9,21,9,,,,,,,,,
7,VISIT,701,Random,OnArrival,3,34,8792,Node_120,19,0,2,19,2,,,,,,,,,
7,VISIT,703,Random,OnArrival,3,26,8792,Node_120,19,0,2,19,2,,,,,,,,,
7,VISIT,705,Random,OnArrival,3,2,8798,Node_20,19,0,10,19,10,,,,,,,,,
7,VISIT,706,Random,OnArrival,3,2,8798,Node_49,21,0,8,21,8,,,,,,,,,
7,VISIT,707,Random,OnArrival,3,2,8798,Node_15,18,0,9,18,9,,,,,,,,,
7,VISIT,708,Random,OnArrival,3,2,8798,Node_49,21,0,8,21,8,,,,,,,,,
7,VISIT,705,Random,OnArrival,3,3,8810,Node_3,19,0,9,19,9,,,,,,,,,
7,VISIT,706,Random,OnArrival,3,3,8810,Node_51,21,0,7,21,7,,,,,,,,,
7,VISIT,707,Random,OnArrival,3,3,8810,Node_11,18,0,8,18,8,,,,,,,,,
7,VISIT,708,Random,OnArrival,3,3,8810,Node_51,21,0,7,21,7,,,,,,,,,
7,VISIT,701,Random,OnArrival,3,35,8814,Node_59,20,0,3,20,3,,,,,,,,,
7,VISIT,703,Random,OnArrival,3,27,8814,Node_59,20,0,3,20,3,,,,,,,,,
7,VISIT,705,Random,OnArrival,3,4,8822,Node_7,19,0,8,19,8,,,,,,,,,
7,VISIT,706,Random,OnArrival,3,4,8822,Node_52,21,0,6,21,6,,,,,,,,,
7,VISIT,707,Random,OnArrival,3,4,8822,Node_7,19,0,8,19,8,,,,,,,,,
7,VISIT,708,Random,OnArrival,3,4,8822,Node_52,21,0,6,21,6,,,,,,,,,
7,VISIT,701,Random,OnArrival,3,36,8826,Node_118,19,0,3,19,3,,,,,,,,,
7,VISIT,703,Random,OnArrival,3,28,8826,Node_118,19,0,3,19,3,,,,,,,,,
7,VISIT,705,Random,OnArrival,3,5,8835,Node_46,20,0,8,20,8,,,,,,,,,
7,VISIT,706,Random,OnArrival,3,5,8835,Node_54,21,0,5,21,5,,,,,,,,,
7,VISIT,707,Random,OnArrival,3,5,8835,Node_46,20,0,8,20,8,,,,,,,,,
7,VISIT,708,Random,OnArrival,3,5,8835,Node_54,21,0,5,21,5,,,,,,,,,
7,VISIT,701,Random,OnArrival,3,37,8839,Node_120,19,0,2,19,2,,,,,,,,,
7,VISIT,703,Random,OnArrival,3,29,8839,Node_120,19,0,2,19,2,,,,,,,,,
7,VISIT,705,Random,OnArrival,3,6,8848,Node_49,21,0,8,21,8,,,,,,,,,
7,VISIT,706,Random,OnArrival,3,6,8848,Node_56,21,0,4,21,4,,,,,,,,,
7,VISIT,707,Random,OnArrival,3,6,8848,Node_49,21,0,8,21,8,,,,,,,,,
7,VISIT,708,Random,OnArrival,3,6,8848,Node_56,21,0,4,21,4,,,,,,,,,
7,VISIT,701,Random,OnArrival,3,38,8852,Node_434,19,0,1,19,1,,,,,,,,,
7,VISIT,703,Random,OnArrival,3,30,8852,Node_434,19,0,1,19,1,,,,,,,,,
7,VISIT,705,Random,OnArrival,3,7,8861,Node_51,21,0,7,21,7,,,,,,,,,
7,VISIT,706,Random,OnArrival,3,7,8861,Node_58,21,0,3,21,3,,,,,,,,,
7,VISIT,707,Random,OnArrival,3,7,8861,Node_51,21,0,7,21,7,,,,,,,,,
7,VISIT,708,Random,OnArrival,3,7,8861,Node_58,21,0,3,21,3,,,,,,,,,
7,VISIT,705,Random,OnArrival,3,8,8873,Node_52,21,0,6,21,6,,,,,,,,,
7,VISIT,706,Random,OnArrival,3,8,8873,Node_59,20,0,3,20,3,,,,,,,,,
7,VISIT,707,Random,OnArrival,3,8,8873,Node_52,21,0,6,21,6,,,,,,,,,
7,VISIT,708,Random,OnArrival,3,8,8873,Node_59,20,0,3,20,3,,,,,,,,,
7,VISIT,705,Random,OnArrival,3,9,8886,Node_54,21,0,5,21,5,,,,,,,,,
7,VISIT,706,Random,OnArrival,3,9,8886,Node_435,20,0,2,20,2,,,,,,,,,
7,VISIT,707,Random,OnArrival,3,9,8886,Node_54,21,0,5,21,5,,,,,,,,,
7,VISIT,708,Random,OnArrival,3,9,8886,Node_435,20,0,2,20,2,,,,,,,,,
7,VISIT,705,Random,OnArrival,3,10,8900,Node_56,21,0,4,21,4,,,,,,,,,
7,VISIT,706,Random,OnArrival,3,10,8900,Node_120,19,0,2,19,2,,,,,,,,,
7,VISIT,707,Random,OnArrival,3,10,8900,Node_56,21,0,4,21,4,,,,,,,,,
7,VISIT,708,Random,OnArrival,3,10,8900,Node_120,19,0,2,19,2,,,,,,,,,
7,VISIT,705,Random,OnArrival,3,11,8914,Node_58,21,0,3,21,3,,,,,,,,,
7,VISIT,706,Random,OnArrival,3,11,8914,Node_434,19,0,1,19,1,,,,,,,,,
7,VISIT,707,Random,OnArrival,3,11,8914,Node_58,21,0,3,21,3,,,,,,,,,
7,VISIT,708,Random,OnArrival,3,11,8914,Node_434,19,0,1,19,1,,,,,,,,,
7,VISIT,705,Random,OnArrival,3,12,8928,Node_59,20,0,3,20,3,,,,,,,,,
7,VISIT,706,Random,OnArrival,3,12,8928,Node_436,18,0,1,18,1,,,,,,,,,
7,VISIT,707,Random,OnArrival,3,12,8928,Node_59,20,0,3,20,3,,,,,,,,,
7,VISIT,708,Random,OnArrival,3,12,8928,Node_433,19,0,0,19,0,,,,,,,,,
7,VISIT,705,Random,OnArrival,3,13,8941,Node_435,20,0,2,20,2,,,,,,,,,
7,VISIT,706,Random,OnArrival,3,13,8941,Node_434,19,0,1,19,1,,,,,,,,,
7,VISIT,707,Random,OnArrival,3,13,8941,Node_435,20,0,2,20,2,,,,,,,,,
7,VISIT,705,Random,OnArrival,3,14,8954,Node_120,19,0,2,19,2,,,,,,,,,
7,VISIT,706,Random,OnArrival,3,14,8954,Node_433,19,0,0,19,0,,,,,,,,,
7,VISIT,707,Random,OnArrival,3,14,8954,Node_120,19,0,2,19,2,,,,,,,,,
7,VISIT,703,Random,OnArrival,3,31,8957,Node_437,18,0,0,18,0,,,,,,,,,
7,VISIT,705,Random,OnArrival,3,15,8967,Node_434,19,0,1,19,1,,,,,,,,,
7,VISIT,706,Random,OnArrival,3,15,8967,Node_437,18,0,0,18,0,,,,,,,,,
7,VISIT,707,Random,OnArrival,3,15,8967,Node_434,19,0,1,19,1,,,,,,,,,
7,VISIT,703,Random,OnArrival,3,32,8970,Node_433,19,0,0,19,0,,,,,,,,,
7,VISIT,705,Random,OnArrival,3,16,8980,Node_433,19,0,0,19,0,,,,,,,,,
7,VISIT,706,Random,OnArrival,3,16,8980,Node_433,19,0,0,19,0,,,,,,,,,
7,VISIT,707,Random,OnArrival,3,16,8980,Node_433,19,0,0,19,0,,,,,,,,,
7,VISIT,703,Random,OnArrival,3,33,8983,Node_437,18,0,0,18,0,,,,,,,,,
7,VISIT,705,Random,OnArrival,3,17,8993,Node_437,18,0,0,18,0,,,,,,,,,
7,VISIT,706,Random,OnArrival,3,17,8993,Node_442,19,0,-1,19,-1,,,,,,,,,
7,VISIT,707,Random,OnArrival,3,17,8993,Node_442,19,0,-1,19,-1,,,,,,,,,
7,VISIT,703,Random,OnArrival,3,34,8996,Node_438,18,0,-1,18,-1,,,,,,,,,
7,VISIT,705,Random,OnArrival,3,18,9006,Node_438,18,0,-1,18,-1,,,,,,,,,
7,VISIT,706,Random,OnArrival,3,18,9006,Node_438,18,0,-1,18,-1,,,,,,,,,
7,VISIT,707,Random,OnArrival,3,18,9006,Node_438,18,0,-1,18,-1,,,,,,,,,
7,VISIT,703,Random,OnArrival,3,35,9009,Node_441,17,0,-1,17,-1,,,,,,,,,
7,VISIT,705,Random,OnArrival,3,19,9019,Node_441,17,0,-1,17,-1,,,,,,,,,
7,VISIT,706,Random,OnArrival,3,19,9019,Node_441,17,0,-1,17,-1,,,,,,,,,
7,VISIT,707,Random,OnArrival,3,19,9019,Node_441,17,0,-1,17,-1,,,,,,,,,
7,VISIT,703,Random,OnArrival,3,36,9022,Node_438,18,0,-1,18,-1,,,,,,,,,
7,VISIT,705,Random,OnArrival,3,20,9032,Node_440,17,0,-2,17,-2,,,,,,,,,
7,VISIT,706,Random,OnArrival,3,20,9032,Node_438,18,0,-1,18,-1,,,,,,,,,
7,VISIT,707,Random,OnArrival,3,20,9032,Node_440,17,0,-2,17,-2,,,,,,,,,
7,VISIT,703,Random,OnArrival,3,37,9036,Node_442,19,0,-1,19,-1,,,,,,,,,
7,VISIT,706,Random,OnArrival,3,21,9045,Node_442,19,0,-1,19,-1,,,,,,,,,
7,VISIT,703,Random,OnArrival,3,38,9050,Node_444,19,0,-2,19,-2,,,,,,,,,
7,VISIT,706,Random,OnArrival,3,22,9059,Node_444,19,0,-2,19,-2,,,,,,,,,
7,VISIT,703,Random,OnArrival,3,39,9064,Node_439,18,0,-2,18,-2,,,,,,,,,
7,VISIT,706,Random,OnArrival,3,23,9072,Node_439,18,0,-2,18,-2,,,,,,,,,
7,VISIT,703,Random,OnArrival,3,40,9077,Node_444,19,0,-2,19,-2,,,,,,,,,
7,VISIT,706,Random,OnArrival,3,24,9084,Node_444,19,0,-2,19,-2,,,,,,,,,
7,VISIT,706,Random,OnArrival,3,25,9097,Node_456,20,0,-2,20,-2,,,,,,,,,
7,VISIT,705,Random,OnArrival,3,21,9111,Node_176,15,0,2,15,2,,,,,,,,,
7,VISIT,706,Random,OnArrival,3,26,9111,Node_458,20,0,-3,20,-3,,,,,,,,,
7,VISIT,707,Random,OnArrival,3,21,9111,Node_176,15,0,2,15,2,,,,,,,,,
7,VISIT,705,Random,OnArrival,3,22,9124,Node_198,14,0,2,14,2,,,,,,,,,
7,VISIT,706,Random,OnArrival,3,27,9124,Node_459,20,0,-4,20,-4,,,,,,,,,
7,VISIT,707,Random,OnArrival,3,22,9124,Node_198,14,0,2,14,2,,,,,,,,,
7,VISIT,706,Random,OnArrival,3,28,9150,Node_447,19,0,-5,19,-5,,,,,,,,,
7,VISIT,706,Random,OnArrival,3,29,9163,Node_461,20,0,-5,20,-5,,,,,,,,,
7,VISIT,706,Random,OnArrival,3,30,9203,Node_459,20,0,-4,20,-4,,,,,,,,,
7,VISIT,706,Random,OnArrival,3,31,9216,Node_446,19,0,-4,19,-4,,,,,,,,,
7,VISIT,706,Random,OnArrival,3,32,9229,Node_449,18,0,-4,18,-4,,,,,,,,,
7,VISIT,707,Random,OnArrival,3,23,9229,Node_188,11,0,5,11,5,,,,,,,,,
7,VISIT,706,Random,OnArrival,3,33,9242,Node_446,19,0,-4,19,-4,,,,,,,,,
7,VISIT,706,Random,OnArrival,3,34,9256,Node_459,20,0,-4,20,-4,,,,,,,,,
7,VISIT,706,Random,OnArrival,3,35,9270,Node_458,20,0,-3,20,-3,,,,,,,,,
7,VISIT,709,Random,OnArrival,3,0,9271,Node_6,19,0,12,19,12,,,,,,,,,
7,VISIT,710,Random,OnArrival,3,0,9271,Node_7,19,0,8,19,8,,,,,,,,,
7,VISIT,711,Random,OnArrival,3,0,9271,Node_8,17,0,10,17,10,,,,,,,,,
7,VISIT,712,Random,OnArrival,3,0,9271,Node_9,21,0,10,21,10,,,,,,,,,
7,VISIT,706,Random,OnArrival,3,36,9277,Node_445,19,0,-3,19,-3,,,,,,,,,
7,VISIT,709,Random,OnArrival,3,1,9278,Node_2,19,0,11,19,11,,,,,,,,,
7,VISIT,710,Random,OnArrival,3,1,9278,Node_3,19,0,9,19,9,,,,,,,,,
7,VISIT,711,Random,OnArrival,3,1,9278,Node_24,16,0,10,16,10,,,,,,,,,
7,VISIT,712,Random,OnArrival,3,1,9278,Node_5,20,0,10,20,10,,,,,,,,,
7,VISIT,706,Random,OnArrival,3,37,9286,Node_444,19,0,-2,19,-2,,,,,,,,,
7,VISIT,709,Random,OnArrival,3,2,9287,Node_20,19,0,10,19,10,,,,,,,,,
7,VISIT,710,Random,OnArrival,3,2,9287,Node_20,19,0,10,19,10,,,,,,,,,
7,VISIT,711,Random,OnArrival,3,2,9287,Node_26,15,0,10,15,10,,,,,,,,,
7,VISIT,712,Random,OnArrival,3,2,9287,Node_20,19,0,10,19,10,,,,,,,,,
7,VISIT,706,Random,OnArrival,3,38,9296,Node_439,18,0,-2,18,-2,,,,,,,,,
7,VISIT,709,Random,OnArrival,3,3,9297,Node_4,18,0,10,18,10,,,,,,,,,
7,VISIT,710,Random,OnArrival,3,3,9297,Node_4,18,0,10,18,10,,,,,,,,,
7,VISIT,711,Random,OnArrival,3,3,9297,Node_50,14,0,10,14,10,,,,,,,,,
7,VISIT,712,Random,OnArrival,3,3,9297,Node_4,18,0,10,18,10,,,,,,,,,
7,VISIT,706,Random,OnArrival,3,39,9306,Node_440,17,0,-2,17,-2,,,,,,,,,
7,VISIT,709,Random,OnArrival,3,4,9307,Node_8,17,0,10,17,10,,,,,,,,,
7,VISIT,710,Random,OnArrival,3,4,9307,Node_8,17,0,10,17,10,,,,,,,,,
7,VISIT,711,Random,OnArrival,3,4,9307,Node_168,13,0,10,13,10,,,,,,,,,
7,VISIT,712,Random,OnArrival,3,4,9307,Node_8,17,0,10,17,10,,,,,,,,,
7,VISIT,709,Random,OnArrival,3,5,9318,Node_24,16,0,10,16,10,,,,,,,,,
7,VISIT,710,Random,OnArrival,3,5,9318,Node_24,16,0,10,16,10,,,,,,,,,
7,VISIT,711,Random,OnArrival,3,5,9318,Node_167,13,0,9,13,9,,,,,,,,,
7,VISIT,712,Random,OnArrival,3,5,9318,Node_24,16,0,10,16,10,,,,,,,,,
7,VISIT,706,Random,OnArrival,3,40,9327,Node_452,15,0,-2,15,-2,,,,,,,,,
7,VISIT,709,Random,OnArrival,3,6,9330,Node_26,15,0,10,15,10,,,,,,,,,
7,VISIT,710,Random,OnArrival,3,6,9330,Node_26,15,0,10,15,10,,,,,,,,,
7,VISIT,711,Random,OnArrival,3,6,9330,Node_166,13,0,8,13,8,,,,,,,,,
7,VISIT,712,Random,OnArrival,3,6,9330,Node_26,15,0,10,15,10,,,,,,,,,
7,VISIT,709,Random,OnArrival,3,7,9344,Node_50,14,0,10,14,10,,,,,,,,,
7,VISIT,710,Random,OnArrival,3,7,9344,Node_50,14,0,10,14,10,,,,,,,,,
7,VISIT,711,Random,OnArrival,3,7,9344,Node_180,12,0,8,12,8,,,,,,,,,
7,VISIT,712,Random,OnArrival,3,7,9344,Node_50,14,0,10,14,10,,,,,,,,,
7,VISIT,709,Random,OnArrival,3,8,9357,Node_168,13,0,10,13,10,,,,,,,,,
7,VISIT,710,Random,OnArrival,3,8,9357,Node_168,13,0,10,13,10,,,,,,,,,
7,VISIT,711,Random,OnArrival,3,8,9357,Node_210,11,0,8,11,8,,,,,,,,,
7,VISIT,712,Random,OnArrival,3,8,9357,Node_168,13,0,10,13,10,,,,,,,,,
7,VISIT,706,Random,OnArrival,3,41,9364,Node_454,15,0,-5,15,-5,,,,,,,,,
7,VISIT,709,Random,OnArrival,3,9,9370,Node_167,13,0,9,13,9,,,,,,,,,
7,VISIT,710,Random,OnArrival,3,9,9370,Node_167,13,0,9,13,9,,,,,,,,,
7,VISIT,711,Random,OnArrival,3,9,9370,Node_180,12,0,8,12,8,,,,,,,,,
7,VISIT,712,Random,OnArrival,3,9,9370,Node_167,13,0,9,13,9,,,,,,,,,
7,VISIT,709,Random,OnArrival,3,10,9384,Node_166,13,0,8,13,8,,,,,,,,,
7,VISIT,710,Random,OnArrival,3,10,9384,Node_166,13,0,8,13,8,,,,,,,,,
7,VISIT,711,Random,OnArrival,3,10,9384,Node_182,12,0,7,12,7,,,,,,,,,
7,VISIT,712,Random,OnArrival,3,10,9384,Node_166,13,0,8,13,8,,,,,,,,,
7,VISIT,709,Random,OnArrival,3,11,9397,Node_180,12,0,8,12,8,,,,,,,,,
7,VISIT,710,Random,OnArrival,3,11,9397,Node_160,13,0,7,13,7,,,,,,,,,
7,VISIT,711,Random,OnArrival,3,11,9397,Node_160,13,0,7,13,7,,,,,,,,,
7,VISIT,712,Random,OnArrival,3,11,9397,Node_180,12,0,8,12,8,,,,,,,,,
7,VISIT,709,Random,OnArrival,3,12,9410,Node_182,12,0,7,12,7,,,,,,,,,
7,VISIT,710,Random,OnArrival,3,12,9410,Node_182,12,0,7,12,7,,,,,,,,,
7,VISIT,711,Random,OnArrival,3,12,9410,Node_182,12,0,7,12,7,,,,,,,,,
7,VISIT,712,Random,OnArrival,3,12,9410,Node_210,11,0,8,11,8,,,,,,,,,
7,VISIT,709,Random,OnArrival,3,13,9423,Node_184,12,0,6,12,6,,,,,,,,,
7,VISIT,710,Random,OnArrival,3,13,9423,Node_184,12,0,6,12,6,,,,,,,,,
7,VISIT,711,Random,OnArrival,3,13,9423,Node_184,12,0,6,12,6,,,,,,,,,
7,VISIT,712,Random,OnArrival,3,13,9423,Node_212,10,0,8,10,8,,,,,,,,,
7,VISIT,706,Random,OnArrival,3,42,9426,Node_204,14,0,-1,14,-1,,,,,,,,,
7,VISIT,709,Random,OnArrival,3,14,9436,Node_470,11,0,6,11,6,,,,,,,,,
7,VISIT,710,Random,OnArrival,3,14,9436,Node_470,11,0,6,11,6,,,,,,,,,
7,VISIT,711,Random,OnArrival,3,14,9436,Node_470,11,0,6,11,6,,,,,,,,,
7,VISIT,712,Random,OnArrival,3,14,9436,Node_213,10,0,9,10,9,,,,,,,,,
7,VISIT,706,Random,OnArrival,3,43,9439,Node_453,15,0,-1,15,-1,,,,,,,,,
7,VISIT,709,Random,OnArrival,3,15,9449,Node_471,10,0,6,10,6,,,,,,,,,
7,VISIT,710,Random,OnArrival,3,15,9449,Node_471,10,0,6,10,6,,,,,,,,,
7,VISIT,711,Random,OnArrival,3,15,9449,Node_471,10,0,6,10,6,,,,,,,,,
7,VISIT,712,Random,OnArrival,3,15,9449,Node_207,11,0,9,11,9,,,,,,,,,
7,VISIT,706,Random,OnArrival,3,44,9452,Node_452,15,0,-2,15,-2,,,,,,,,,
7,VISIT,712,Random,OnArrival,3,16,9463,Node_213,10,0,9,10,9,,,,,,,,,
7,VISIT,706,Random,OnArrival,3,45,9466,Node_484,14,0,-2,14,-2,,,,,,,,,
7,VISIT,712,Random,OnArrival,3,17,9476,Node_214,10,0,10,10,10,,,,,,,,,
7,VISIT,706,Random,OnArrival,3,46,9479,Node_204,14,0,-1,14,-1,,,,,,,,,
7,VISIT,706,Random,OnArrival,3,47,9492,Node_453,15,0,-1,15,-1,,,,,,,,,
7,VISIT,706,Random,OnArrival,3,48,9505,Node_455,15,0,0,15,0,,,,,,,,,
7,VISIT,706,Random,OnArrival,3,49,9518,Node_202,14,0,0,14,0,,,,,,,,,
7,VISIT,709,Random,OnArrival,3,16,9541,Node_491,8,0,7,8,7,,,,,,,,,
7,VISIT,710,Random,OnArrival,3,16,9541,Node_491,8,0,7,8,7,,,,,,,,,
7,VISIT,711,Random,OnArrival,3,16,9541,Node_491,8,0,7,8,7,,,,,,,,,
7,VISIT,712,Random,OnArrival,3,18,9541,Node_223,9,0,14,9,14,,,,,,,,,
7,VISIT,712,Random,OnArrival,3,19,9566,Node_228,8,0,15,8,15,,,,,,,,,
7,VISIT,712,Random,OnArrival,3,20,9579,Node_331,8,0,16,8,16,,,,,,,,,
7,VISIT,713,Random,OnArrival,3,0,9744,Node_6,19,0,12,19,12,,,,,,,,,
7,VISIT,714,Random,OnArrival,3,0,9744,Node_7,19,0,8,19,8,,,,,,,,,
7,VISIT,715,Random,OnArrival,3,0,9744,Node_8,17,0,10,17,10,,,,,,,,,
7,VISIT,716,Random,OnArrival,3,0,9744,Node_9,21,0,10,21,10,,,,,,,,,
7,VISIT,713,Random,OnArrival,3,1,9748,Node_2,19,0,11,19,11,,,,,,,,,
7,VISIT,714,Random,OnArrival,3,1,9748,Node_11,18,0,8,18,8,,,,,,,,,
7,VISIT,715,Random,OnArrival,3,1,9748,Node_23,17,0,9,17,9,,,,,,,,,
7,VISIT,716,Random,OnArrival,3,1,9748,Node_5,20,0,10,20,10,,,,,,,,,
7,VISIT,713,Random,OnArrival,3,2,9753,Node_20,19,0,10,19,10,,,,,,,,,
7,VISIT,714,Random,OnArrival,3,2,9753,Node_38,17,0,8,17,8,,,,,,,,,
7,VISIT,715,Random,OnArrival,3,2,9753,Node_38,17,0,8,17,8,,,,,,,,,
7,VISIT,716,Random,OnArrival,3,2,9753,Node_20,19,0,10,19,10,,,,,,,,,
7,VISIT,713,Random,OnArrival,3,3,9758,Node_4,18,0,10,18,10,,,,,,,,,
7,VISIT,714,Random,OnArrival,3,3,9758,Node_78,17,0,7,17,7,,,,,,,,,
7,VISIT,715,Random,OnArrival,3,3,9758,Node_78,17,0,7,17,7,,,,,,,,,
7,VISIT,716,Random,OnArrival,3,3,9758,Node_4,18,0,10,18,10,,,,,,,,,
7,VISIT,713,Random,OnArrival,3,4,9764,Node_8,17,0,10,17,10,,,,,,,,,
7,VISIT,714,Random,OnArrival,3,4,9764,Node_79,16,0,7,16,7,,,,,,,,,
7,VISIT,715,Random,OnArrival,3,4,9764,Node_79,16,0,7,16,7,,,,,,,,,
7,VISIT,716,Random,OnArrival,3,4,9764,Node_8,17,0,10,17,10,,,,,,,,,
7,VISIT,713,Random,OnArrival,3,5,9773,Node_23,17,0,9,17,9,,,,,,,,,
7,VISIT,714,Random,OnArrival,3,5,9773,Node_153,16,0,6,16,6,,,,,,,,,
7,VISIT,715,Random,OnArrival,3,5,9773,Node_153,16,0,6,16,6,,,,,,,,,
7,VISIT,716,Random,OnArrival,3,5,9773,Node_23,17,0,9,17,9,,,,,,,,,
7,VISIT,713,Random,OnArrival,3,6,9782,Node_38,17,0,8,17,8,,,,,,,,,
7,VISIT,714,Random,OnArrival,3,6,9782,Node_83,15,0,6,15,6,,,,,,,,,
7,VISIT,715,Random,OnArrival,3,6,9782,Node_83,15,0,6,15,6,,,,,,,,,
7,VISIT,716,Random,OnArrival,3,6,9782,Node_38,17,0,8,17,8,,,,,,,,,
7,VISIT,713,Random,OnArrival,3,7,9791,Node_78,17,0,7,17,7,,,,,,,,,
7,VISIT,714,Random,OnArrival,3,7,9791,Node_158,14,0,6,14,6,,,,,,,,,
7,VISIT,715,Random,OnArrival,3,7,9791,Node_158,14,0,6,14,6,,,,,,,,,
7,VISIT,716,Random,OnArrival,3,7,9791,Node_78,17,0,7,17,7,,,,,,,,,
7,VISIT,713,Random,OnArrival,3,8,9800,Node_79,16,0,7,16,7,,,,,,,,,
7,VISIT,714,Random,OnArrival,3,8,9800,Node_159,13,0,6,13,6,,,,,,,,,
7,VISIT,715,Random,OnArrival,3,8,9800,Node_159,13,0,6,13,6,,,,,,,,,
7,VISIT,716,Random,OnArrival,3,8,9800,Node_79,16,0,7,16,7,,,,,,,,,
7,VISIT,713,Random,OnArrival,3,9,9812,Node_153,16,0,6,16,6,,,,,,,,,
7,VISIT,716,Random,OnArrival,3,9,9812,Node_153,16,0,6,16,6,,,,,,,,,
7,VISIT,713,Random,OnArrival,3,10,9824,Node_83,15,0,6,15,6,,,,,,,,,
7,VISIT,714,Random,OnArrival,3,9,9824,Node_186,12,0,5,12,5,,,,,,,,,
7,VISIT,715,Random,OnArrival,3,9,9824,Node_186,12,0,5,12,5,,,,,,,,,
7,VISIT,716,Random,OnArrival,3,10,9824,Node_149,16,0,5,16,5,,,,,,,,,
7,VISIT,713,Random,OnArrival,3,11,9836,Node_158,14,0,6,14,6,,,,,,,,,
7,VISIT,714,Random,OnArrival,3,10,9836,Node_188,11,0,5,11,5,,,,,,,,,
7,VISIT,715,Random,OnArrival,3,10,9836,Node_188,11,0,5,11,5,,,,,,,,,
7,VISIT,716,Random,OnArrival,3,11,9836,Node_169,16,0,4,16,4,,,,,,,,,
7,VISIT,713,Random,OnArrival,3,12,9848,Node_159,13,0,6,13,6,,,,,,,,,
7,VISIT,714,Random,OnArrival,3,11,9848,Node_472,10,0,5,10,5,,,,,,,,,
7,VISIT,715,Random,OnArrival,3,11,9848,Node_472,10,0,5,10,5,,,,,,,,,
7,VISIT,716,Random,OnArrival,3,12,9848,Node_171,16,0,3,16,3,,,,,,,,,
7,VISIT,713,Random,OnArrival,3,13,9860,Node_184,12,0,6,12,6,,,,,,,,,
7,VISIT,714,Random,OnArrival,3,12,9860,Node_486,9,0,5,9,5,,,,,,,,,
7,VISIT,715,Random,OnArrival,3,12,9860,Node_486,9,0,5,9,5,,,,,,,,,
7,VISIT,716,Random,OnArrival,3,13,9860,Node_179,15,0,3,15,3,,,,,,,,,
7,VISIT,713,Random,OnArrival,3,14,9872,Node_470,11,0,6,11,6,,,,,,,,,
7,VISIT,714,Random,OnArrival,3,13,9872,Node_472,10,0,5,10,5,,,,,,,,,
7,VISIT,715,Random,OnArrival,3,13,9872,Node_472,10,0,5,10,5,,,,,,,,,
7,VISIT,716,Random,OnArrival,3,14,9872,Node_176,15,0,2,15,2,,,,,,,,,
7,VISIT,713,Random,OnArrival,3,15,9884,Node_471,10,0,6,10,6,,,,,,,,,
7,VISIT,714,Random,OnArrival,3,14,9884,Node_473,10,0,4,10,4,,,,,,,,,
7,VISIT,715,Random,OnArrival,3,14,9884,Node_188,11,0,5,11,5,,,,,,,,,
7,VISIT,716,Random,OnArrival,3,15,9884,Node_198,14,0,2,14,2,,,,,,,,,
7,VISIT,713,Random,OnArrival,3,16,9896,Node_485,9,0,6,9,6,,,,,,,,,
7,VISIT,714,Random,OnArrival,3,15,9896,Node_469,11,0,4,11,4,,,,,,,,,
7,VISIT,715,Random,OnArrival,3,15,9896,Node_469,11,0,4,11,4,,,,,,,,,
7,VISIT,716,Random,OnArrival,3,16,9896,Node_460,13,0,2,13,2,,,,,,,,,
7,VISIT,713,Random,OnArrival,3,17,9908,Node_489,8,0,6,8,6,,,,,,,,,
7,VISIT,714,Random,OnArrival,3,16,9908,Node_473,10,0,4,10,4,,,,,,,,,
7,VISIT,715,Random,OnArrival,3,16,9908,Node_473,10,0,4,10,4,,,,,,,,,
7,VISIT,716,Random,OnArrival,3,17,9908,Node_464,12,0,2,12,2,,,,,,,,,
7,VISIT,713,Random,OnArrival,3,18,9920,Node_498,7,0,6,7,6,,,,,,,,,
7,VISIT,714,Random,OnArrival,3,17,9920,Node_474,10,0,3,10,3,,,,,,,,,
7,VISIT,715,Random,OnArrival,3,17,9920,Node_474,10,0,3,10,3,,,,,,,,,
7,VISIT,716,Random,OnArrival,3,18,9920,Node_463,12,0,3,12,3,,,,,,,,,
7,VISIT,713,Random,OnArrival,3,19,9932,Node_499,6,0,6,6,6,,,,,,,,,
7,VISIT,714,Random,OnArrival,3,18,9932,Node_468,11,0,3,11,3,,,,,,,,,
7,VISIT,715,Random,OnArrival,3,18,9932,Node_468,11,0,3,11,3,,,,,,,,,
7,VISIT,716,Random,OnArrival,3,19,9932,Node_468,11,0,3,11,3,,,,,,,,,
7,VISIT,713,Random,OnArrival,3,20,9945,Node_504,5,0,6,5,6,,,,,,,,,
7,VISIT,714,Random,OnArrival,3,19,9945,Node_463,12,0,3,12,3,,,,,,,,,
7,VISIT,715,Random,OnArrival,3,19,9945,Node_463,12,0,3,12,3,,,,,,,,,
7,VISIT,716,Random,OnArrival,3,20,9945,Node_463,12,0,3,12,3,,,,,,,,,
7,VISIT,714,Random,OnArrival,3,20,9957,Node_464,12,0,2,12,2,,,,,,,,,
7,VISIT,715,Random,OnArrival,3,20,9957,Node_464,12,0,2,12,2,,,,,,,,,
7,VISIT,716,Random,OnArrival,3,21,9957,Node_462,13,0,3,13,3,,,,,,,,,
7,VISIT,714,Random,OnArrival,3,21,9969,Node_466,11,0,2,11,2,,,,,,,,,
7,VISIT,715,Random,OnArrival,3,21,9969,Node_466,11,0,2,11,2,,,,,,,,,
7,VISIT,716,Random,OnArrival,3,22,9969,Node_196,14,0,3,14,3,,,,,,,,,
7,VISIT,716,Random,OnArrival,3,23,9982,Node_179,15,0,3,15,3,,,,,,,,,
7,VISIT,716,Random,OnArrival,3,24,9995,Node_176,15,0,2,15,2,,,,,,,,,
7,VISIT,716,Random,OnArrival,3,25,10008,Node_457,15,0,1,15,1,,,,,,,,,
7,VISIT,716,Random,OnArrival,3,26,10021,Node_200,14,0,1,14,1,,,,,,,,,
7,VISIT,716,Random,OnArrival,3,27,10033,Node_202,14,0,0,14,0,,,,,,,,,
7,VISIT,716,Random,OnArrival,3,28,10057,Node_495,12,0,0,12,0,,,,,,,,,
7,VISIT,716,Random,OnArrival,3,29,10082,Node_533,11,0,-1,11,-1,,,,,,,,,
7,VISIT,716,Random,OnArrival,3,30,10094,Node_478,10,0,-1,10,-1,,,,,,,,,
7,VISIT,715,Random,OnArrival,3,22,10119,Node_478,10,0,-1,10,-1,,,,,,,,,
7,VISIT,716,Random,OnArrival,3,31,10119,Node_535,11,0,-2,11,-2,,,,,,,,,
7,VISIT,716,Random,OnArrival,3,32,10131,Node_533,11,0,-1,11,-1,,,,,,,,,
7,VISIT,716,Random,OnArrival,3,33,10143,Node_478,10,0,-1,10,-1,,,,,,,,,
7,VISIT,717,Random,OnArrival,3,0,10149,Node_6,19,0,12,19,12,,,,,,,,,
7,VISIT,718,Random,OnArrival,3,0,10149,Node_7,19,0,8,19,8,,,,,,,,,
7,VISIT,719,Random,OnArrival,3,0,10149,Node_8,17,0,10,17,10,,,,,,,,,
7,VISIT,720,Random,OnArrival,3,0,10149,Node_9,21,0,10,21,10,,,,,,,,,
7,VISIT,716,Random,OnArrival,3,34,10153,Node_477,10,0,0,10,0,,,,,,,,,
7,VISIT,717,Random,OnArrival,3,1,10155,Node_2,19,0,11,19,11,,,,,,,,,
7,VISIT,718,Random,OnArrival,3,1,10155,Node_11,18,0,8,18,8,,,,,,,,,
7,VISIT,719,Random,OnArrival,3,1,10155,Node_23,17,0,9,17,9,,,,,,,,,
7,VISIT,720,Random,OnArrival,3,1,10155,Node_5,20,0,10,20,10,,,,,,,,,
7,VISIT,716,Random,OnArrival,3,35,10159,Node_531,11,0,0,11,0,,,,,,,,,
7,VISIT,717,Random,OnArrival,3,2,10161,Node_20,19,0,10,19,10,,,,,,,,,
7,VISIT,718,Random,OnArrival,3,2,10161,Node_38,17,0,8,17,8,,,,,,,,,
7,VISIT,719,Random,OnArrival,3,2,10161,Node_38,17,0,8,17,8,,,,,,,,,
7,VISIT,720,Random,OnArrival,3,2,10161,Node_20,19,0,10,19,10,,,,,,,,,
7,VISIT,716,Random,OnArrival,3,36,10166,Node_495,12,0,0,12,0,,,,,,,,,
7,VISIT,717,Random,OnArrival,3,3,10168,Node_4,18,0,10,18,10,,,,,,,,,
7,VISIT,718,Random,OnArrival,3,3,10168,Node_78,17,0,7,17,7,,,,,,,,,
7,VISIT,719,Random,OnArrival,3,3,10168,Node_78,17,0,7,17,7,,,,,,,,,
7,VISIT,720,Random,OnArrival,3,3,10168,Node_4,18,0,10,18,10,,,,,,,,,
7,VISIT,716,Random,OnArrival,3,37,10173,Node_531,11,0,0,11,0,,,,,,,,,
7,VISIT,717,Random,OnArrival,3,4,10175,Node_8,17,0,10,17,10,,,,,,,,,
7,VISIT,718,Random,OnArrival,3,4,10175,Node_79,16,0,7,16,7,,,,,,,,,
7,VISIT,719,Random,OnArrival,3,4,10175,Node_79,16,0,7,16,7,,,,,,,,,
7,VISIT,720,Random,OnArrival,3,4,10175,Node_8,17,0,10,17,10,,,,,,,,,
7,VISIT,716,Random,OnArrival,3,38,10180,Node_529,11,0,1,11,1,,,,,,,,,
7,VISIT,717,Random,OnArrival,3,5,10182,Node_23,17,0,9,17,9,,,,,,,,,
7,VISIT,718,Random,OnArrival,3,5,10182,Node_153,16,0,6,16,6,,,,,,,,,
7,VISIT,719,Random,OnArrival,3,5,10182,Node_153,16,0,6,16,6,,,,,,,,,
7,VISIT,720,Random,OnArrival,3,5,10182,Node_23,17,0,9,17,9,,,,,,,,,
7,VISIT,716,Random,OnArrival,3,39,10188,Node_476,10,0,1,10,1,,,,,,,,,
7,VISIT,717,Random,OnArrival,3,6,10191,Node_38,17,0,8,17,8,,,,,,,,,
7,VISIT,718,Random,OnArrival,3,6,10191,Node_149,16,0,5,16,5,,,,,,,,,
7,VISIT,719,Random,OnArrival,3,6,10191,Node_149,16,0,5,16,5,,,,,,,,,
7,VISIT,720,Random,OnArrival,3,6,10191,Node_38,17,0,8,17,8,,,,,,,,,
7,VISIT,716,Random,OnArrival,3,40,10196,Node_475,10,0,2,10,2,,,,,,,,,
7,VISIT,717,Random,OnArrival,3,7,10200,Node_78,17,0,7,17,7,,,,,,,,,
7,VISIT,718,Random,OnArrival,3,7,10200,Node_169,16,0,4,16,4,,,,,,,,,
7,VISIT,719,Random,OnArrival,3,7,10200,Node_169,16,0,4,16,4,,,,,,,,,
7,VISIT,720,Random,OnArrival,3,7,10200,Node_78,17,0,7,17,7,,,,,,,,,
7,VISIT,717,Random,OnArrival,3,8,10209,Node_79,16,0,7,16,7,,,,,,,,,
7,VISIT,718,Random,OnArrival,3,8,10209,Node_171,16,0,3,16,3,,,,,,,,,
7,VISIT,719,Random,OnArrival,3,8,10209,Node_171,16,0,3,16,3,,,,,,,,,
7,VISIT,720,Random,OnArrival,3,8,10209,Node_79,16,0,7,16,7,,,,,,,,,
7,VISIT,717,Random,OnArrival,3,9,10218,Node_153,16,0,6,16,6,,,,,,,,,
7,VISIT,718,Random,OnArrival,3,9,10218,Node_173,16,0,2,16,2,,,,,,,,,
7,VISIT,719,Random,OnArrival,3,9,10218,Node_173,16,0,2,16,2,,,,,,,,,
7,VISIT,720,Random,OnArrival,3,9,10218,Node_153,16,0,6,16,6,,,,,,,,,
7,VISIT,717,Random,OnArrival,3,10,10228,Node_149,16,0,5,16,5,,,,,,,,,
7,VISIT,718,Random,OnArrival,3,10,10228,Node_176,15,0,2,15,2,,,,,,,,,
7,VISIT,719,Random,OnArrival,3,10,10228,Node_176,15,0,2,15,2,,,,,,,,,
7,VISIT,720,Random,OnArrival,3,10,10228,Node_149,16,0,5,16,5,,,,,,,,,
7,VISIT,717,Random,OnArrival,3,11,10238,Node_169,16,0,4,16,4,,,,,,,,,
7,VISIT,718,Random,OnArrival,3,11,10238,Node_198,14,0,2,14,2,,,,,,,,,
7,VISIT,719,Random,OnArrival,3,11,10238,Node_198,14,0,2,14,2,,,,,,,,,
7,VISIT,720,Random,OnArrival,3,11,10238,Node_169,16,0,4,16,4,,,,,,,,,
7,VISIT,716,Random,OnArrival,3,41,10242,Node_487,8,0,5,8,5,,,,,,,,,
7,VISIT,717,Random,OnArrival,3,12,10248,Node_171,16,0,3,16,3,,,,,,,,,
7,VISIT,718,Random,OnArrival,3,12,10248,Node_460,13,0,2,13,2,,,,,,,,,
7,VISIT,719,Random,OnArrival,3,12,10248,Node_460,13,0,2,13,2,,,,,,,,,
7,VISIT,720,Random,OnArrival,3,12,10248,Node_171,16,0,3,16,3,,,,,,,,,
7,VISIT,717,Random,OnArrival,3,13,10259,Node_173,16,0,2,16,2,,,,,,,,,
7,VISIT,718,Random,OnArrival,3,13,10259,Node_464,12,0,2,12,2,,,,,,,,,
7,VISIT,719,Random,OnArrival,3,13,10259,Node_464,12,0,2,12,2,,,,,,,,,
7,VISIT,720,Random,OnArrival,3,13,10259,Node_173,16,0,2,16,2,,,,,,,,,
7,VISIT,717,Random,OnArrival,3,14,10271,Node_176,15,0,2,15,2,,,,,,,,,
7,VISIT,718,Random,OnArrival,3,14,10271,Node_466,11,0,2,11,2,,,,,,,,,
7,VISIT,719,Random,OnArrival,3,14,10271,Node_466,11,0,2,11,2,,,,,,,,,
7,VISIT,720,Random,OnArrival,3,14,10271,Node_176,15,0,2,15,2,,,,,,,,,
7,VISIT,716,Random,OnArrival,3,42,10274,Node_554,8,0,2,8,2,,,,,,,,,
7,VISIT,717,Random,OnArrival,3,15,10283,Node_198,14,0,2,14,2,,,,,,,,,
7,VISIT,718,Random,OnArrival,3,15,10283,Node_475,10,0,2,10,2,,,,,,,,,
7,VISIT,719,Random,OnArrival,3,15,10283,Node_475,10,0,2,10,2,,,,,,,,,
7,VISIT,720,Random,OnArrival,3,15,10283,Node_198,14,0,2,14,2,,,,,,,,,
7,VISIT,717,Random,OnArrival,3,16,10296,Node_460,13,0,2,13,2,,,,,,,,,
7,VISIT,720,Random,OnArrival,3,16,10296,Node_460,13,0,2,13,2,,,,,,,,,
7,VISIT,717,Random,OnArrival,3,17,10309,Node_464,12,0,2,12,2,,,,,,,,,
7,VISIT,718,Random,OnArrival,3,16,10309,Node_554,8,0,2,8,2,,,,,,,,,
7,VISIT,719,Random,OnArrival,3,16,10309,Node_554,8,0,2,8,2,,,,,,,,,
7,VISIT,720,Random,OnArrival,3,17,10309,Node_464,12,0,2,12,2,,,,,,,,,
7,VISIT,717,Random,OnArrival,3,18,10321,Node_466,11,0,2,11,2,,,,,,,,,
7,VISIT,720,Random,OnArrival,3,18,10321,Node_466,11,0,2,11,2,,,,,,,,,
7,VISIT,717,Random,OnArrival,3,19,10333,Node_475,10,0,2,10,2,,,,,,,,,
7,VISIT,718,Random,OnArrival,3,17,10333,Node_558,6,0,2,6,2,,,,,,,,,
7,VISIT,719,Random,OnArrival,3,17,10333,Node_558,6,0,2,6,2,,,,,,,,,
7,VISIT,720,Random,OnArrival,3,19,10333,Node_475,10,0,2,10,2,,,,,,,,,
7,VISIT,716,Random,OnArrival,3,43,10347,Node_502,5,0,5,5,5,,,,,,,,,
7,VISIT,717,Random,OnArrival,3,20,10358,Node_554,8,0,2,8,2,,,,,,,,,
7,VISIT,720,Random,OnArrival,3,20,10358,Node_554,8,0,2,8,2,,,,,,,,,
7,VISIT,716,Random,OnArrival,3,44,10360,Node_504,5,0,6,5,6,,,,,,,,,
7,VISIT,717,Random,OnArrival,3,21,10383,Node_558,6,0,2,6,2,,,,,,,,,
7,VISIT,720,Random,OnArrival,3,21,10383,Node_558,6,0,2,6,2,,,,,,,,,
7,VISIT,716,Random,OnArrival,3,45,10385,Node_527,3,0,6,3,6,,,,,,,,,
7,VISIT,720,Random,OnArrival,3,22,10395,Node_559,6,0,3,6,3,,,,,,,,,
7,VISIT,717,Random,OnArrival,3,22,10407,Node_561,6,0,0,6,0,,,,,,,,,
7,VISIT,720,Random,OnArrival,3,23,10407,Node_560,5,0,3,5,3,,,,,,,,,
7,VISIT,716,Random,OnArrival,3,46,10410,Node_530,2,0,7,2,7,,,,,,,,,
7,VISIT,716,Random,OnArrival,3,47,10422,Node_532,2,0,8,2,8,,,,,,,,,
7,VISIT,717,Random,OnArrival,3,23,10431,Node_558,6,0,2,6,2,,,,,,,,,
7,VISIT,717,Random,OnArrival,3,24,10443,Node_559,6,0,3,6,3,,,,,,,,,
7,VISIT,717,Random,OnArrival,3,25,10454,Node_560,5,0,3,5,3,,,,,,,,,
7,VISIT,717,Random,OnArrival,3,26,10478,Node_502,5,0,5,5,5,,,,,,,,,
7,VISIT,717,Random,OnArrival,3,27,10490,Node_504,5,0,6,5,6,,,,,,,,,
7,VISIT,717,Random,OnArrival,3,28,10527,Node_508,5,0,9,5,9,,,,,,,,,
7,VISIT,721,Random,OnArrival,3,0,10544,Node_6,19,0,12,19,12,,,,,,,,,
7,VISIT,722,Random,OnArrival,3,0,10544,Node_7,19,0,8,19,8,,,,,,,,,
7,VISIT,723,Random,OnArrival,3,0,10544,Node_8,17,0,10,17,10,,,,,,,,,
7,VISIT,724,Random,OnArrival,3,0,10544,Node_9,21,0,10,21,10,,,,,,,,,
7,VISIT,721,Random,OnArrival,3,1,10549,Node_2,19,0,11,19,11,,,,,,,,,
7,VISIT,722,Random,OnArrival,3,1,10549,Node_11,18,0,8,18,8,,,,,,,,,
7,VISIT,723,Random,OnArrival,3,1,10549,Node_23,17,0,9,17,9,,,,,,,,,
7,VISIT,724,Random,OnArrival,3,1,10549,Node_5,20,0,10,20,10,,,,,,,,,
7,VISIT,717,Random,OnArrival,3,29,10553,Node_509,5,0,10,5,10,,,,,,,,,
7,VISIT,721,Random,OnArrival,3,2,10554,Node_20,19,0,10,19,10,,,,,,,,,
7,VISIT,722,Random,OnArrival,3,2,10554,Node_38,17,0,8,17,8,,,,,,,,,
7,VISIT,723,Random,OnArrival,3,2,10554,Node_38,17,0,8,17,8,,,,,,,,,
7,VISIT,724,Random,OnArrival,3,2,10554,Node_20,19,0,10,19,10,,,,,,,,,
7,VISIT,721,Random,OnArrival,3,3,10561,Node_4,18,0,10,18,10,,,,,,,,,
7,VISIT,722,Random,OnArrival,3,3,10561,Node_78,17,0,7,17,7,,,,,,,,,
7,VISIT,723,Random,OnArrival,3,3,10561,Node_78,17,0,7,17,7,,,,,,,,,
7,VISIT,724,Random,OnArrival,3,3,10561,Node_4,18,0,10,18,10,,,,,,,,,
7,VISIT,721,Random,OnArrival,3,4,10568,Node_8,17,0,10,17,10,,,,,,,,,
7,VISIT,722,Random,OnArrival,3,4,10568,Node_79,16,0,7,16,7,,,,,,,,,
7,VISIT,723,Random,OnArrival,3,4,10568,Node_79,16,0,7,16,7,,,,,,,,,
7,VISIT,724,Random,OnArrival,3,4,10568,Node_8,17,0,10,17,10,,,,,,,,,
7,VISIT,721,Random,OnArrival,3,5,10575,Node_23,17,0,9,17,9,,,,,,,,,
7,VISIT,722,Random,OnArrival,3,5,10575,Node_153,16,0,6,16,6,,,,,,,,,
7,VISIT,723,Random,OnArrival,3,5,10575,Node_153,16,0,6,16,6,,,,,,,,,
7,VISIT,724,Random,OnArrival,3,5,10575,Node_23,17,0,9,17,9,,,,,,,,,
7,VISIT,717,Random,OnArrival,3,30,10579,Node_538,2,0,11,2,11,,,,,,,,,
7,VISIT,721,Random,OnArrival,3,6,10582,Node_38,17,0,8,17,8,,,,,,,,,
7,VISIT,722,Random,OnArrival,3,6,10582,Node_83,15,0,6,15,6,,,,,,,,,
7,VISIT,723,Random,OnArrival,3,6,10582,Node_83,15,0,6,15,6,,,,,,,,,
7,VISIT,724,Random,OnArrival,3,6,10582,Node_38,17,0,8,17,8,,,,,,,,,
7,VISIT,717,Random,OnArrival,3,31,10587,Node_570,1,0,11,1,11,,,,,,,,,
7,VISIT,721,Random,OnArrival,3,7,10590,Node_78,17,0,7,17,7,,,,,,,,,
7,VISIT,722,Random,OnArrival,3,7,10590,Node_158,14,0,6,14,6,,,,,,,,,
7,VISIT,723,Random,OnArrival,3,7,10590,Node_158,14,0,6,14,6,,,,,,,,,
7,VISIT,724,Random,OnArrival,3,7,10590,Node_78,17,0,7,17,7,,,,,,,,,
7,VISIT,721,Random,OnArrival,3,8,10599,Node_79,16,0,7,16,7,,,,,,,,,
7,VISIT,722,Random,OnArrival,3,8,10599,Node_159,13,0,6,13,6,,,,,,,,,
7,VISIT,723,Random,OnArrival,3,8,10599,Node_159,13,0,6,13,6,,,,,,,,,
7,VISIT,724,Random,OnArrival,3,8,10599,Node_79,16,0,7,16,7,,,,,,,,,
7,VISIT,717,Random,OnArrival,3,32,10603,Node_545,1,0,13,1,13,,,,,,,,,
7,VISIT,721,Random,OnArrival,3,9,10607,Node_153,16,0,6,16,6,,,,,,,,,
7,VISIT,722,Random,OnArrival,3,9,10607,Node_184,12,0,6,12,6,,,,,,,,,
7,VISIT,723,Random,OnArrival,3,9,10607,Node_184,12,0,6,12,6,,,,,,,,,
7,VISIT,724,Random,OnArrival,3,9,10607,Node_153,16,0,6,16,6,,,,,,,,,
7,VISIT,721,Random,OnArrival,3,10,10616,Node_83,15,0,6,15,6,,,,,,,,,
7,VISIT,722,Random,OnArrival,3,10,10616,Node_470,11,0,6,11,6,,,,,,,,,
7,VISIT,723,Random,OnArrival,3,10,10616,Node_470,11,0,6,11,6,,,,,,,,,
7,VISIT,724,Random,OnArrival,3,10,10616,Node_83,15,0,6,15,6,,,,,,,,,
7,VISIT,721,Random,OnArrival,3,11,10626,Node_158,14,0,6,14,6,,,,,,,,,
7,VISIT,722,Random,OnArrival,3,11,10626,Node_471,10,0,6,10,6,,,,,,,,,
7,VISIT,723,Random,OnArrival,3,11,10626,Node_471,10,0,6,10,6,,,,,,,,,
7,VISIT,724,Random,OnArrival,3,11,10626,Node_158,14,0,6,14,6,,,,,,,,,
7,VISIT,721,Random,OnArrival,3,12,10636,Node_159,13,0,6,13,6,,,,,,,,,
7,VISIT,722,Random,OnArrival,3,12,10636,Node_485,9,0,6,9,6,,,,,,,,,
7,VISIT,723,Random,OnArrival,3,12,10636,Node_485,9,0,6,9,6,,,,,,,,,
7,VISIT,724,Random,OnArrival,3,12,10636,Node_159,13,0,6,13,6,,,,,,,,,
7,VISIT,721,Random,OnArrival,3,13,10647,Node_184,12,0,6,12,6,,,,,,,,,
7,VISIT,722,Random,OnArrival,3,13,10647,Node_489,8,0,6,8,6,,,,,,,,,
7,VISIT,723,Random,OnArrival,3,13,10647,Node_489,8,0,6,8,6,,,,,,,,,
7,VISIT,724,Random,OnArrival,3,13,10647,Node_184,12,0,6,12,6,,,,,,,,,
7,VISIT,721,Random,OnArrival,3,14,10658,Node_470,11,0,6,11,6,,,,,,,,,
7,VISIT,722,Random,OnArrival,3,14,10658,Node_498,7,0,6,7,6,,,,,,,,,
7,VISIT,723,Random,OnArrival,3,14,10658,Node_498,7,0,6,7,6,,,,,,,,,
7,VISIT,724,Random,OnArrival,3,14,10658,Node_470,11,0,6,11,6,,,,,,,,,
7,VISIT,721,Random,OnArrival,3,15,10669,Node_471,10,0,6,10,6,,,,,,,,,
7,VISIT,722,Random,OnArrival,3,15,10669,Node_499,6,0,6,6,6,,,,,,,,,
7,VISIT,723,Random,OnArrival,3,15,10669,Node_499,6,0,6,6,6,,,,,,,,,
7,VISIT,724,Random,OnArrival,3,15,10669,Node_471,10,0,6,10,6,,,,,,,,,
7,VISIT,721,Random,OnArrival,3,16,10680,Node_485,9,0,6,9,6,,,,,,,,,
7,VISIT,722,Random,OnArrival,3,16,10680,Node_504,5,0,6,5,6,,,,,,,,,
7,VISIT,723,Random,OnArrival,3,16,10680,Node_504,5,0,6,5,6,,,,,,,,,
7,VISIT,724,Random,OnArrival,3,16,10680,Node_485,9,0,6,9,6,,,,,,,,,
7,VISIT,721,Random,OnArrival,3,17,10691,Node_489,8,0,6,8,6,,,,,,,,,
7,VISIT,724,Random,OnArrival,3,17,10691,Node_489,8,0,6,8,6,,,,,,,,,
7,VISIT,721,Random,OnArrival,3,18,10702,Node_498,7,0,6,7,6,,,,,,,,,
7,VISIT,722,Random,OnArrival,3,17,10702,Node_527,3,0,6,3,6,,,,,,,,,
7,VISIT,723,Random,OnArrival,3,17,10702,Node_527,3,0,6,3,6,,,,,,,,,
7,VISIT,724,Random,OnArrival,3,18,10702,Node_498,7,0,6,7,6,,,,,,,,,
7,VISIT,721,Random,OnArrival,3,19,10714,Node_499,6,0,6,6,6,,,,,,,,,
7,VISIT,722,Random,OnArrival,3,18,10714,Node_563,2,0,6,2,6,,,,,,,,,
7,VISIT,723,Random,OnArrival,3,18,10714,Node_563,2,0,6,2,6,,,,,,,,,
7,VISIT,724,Random,OnArrival,3,19,10714,Node_499,6,0,6,6,6,,,,,,,,,
7,VISIT,721,Random,OnArrival,3,20,10726,Node_504,5,0,6,5,6,,,,,,,,,
7,VISIT,724,Random,OnArrival,3,20,10726,Node_504,5,0,6,5,6,,,,,,,,,
7,VISIT,721,Random,OnArrival,3,21,10750,Node_527,3,0,6,3,6,,,,,,,,,
7,VISIT,724,Random,OnArrival,3,21,10750,Node_527,3,0,6,3,6,,,,,,,,,
7,VISIT,721,Random,OnArrival,3,22,10762,Node_563,2,0,6,2,6,,,,,,,,,
7,VISIT,724,Random,OnArrival,3,22,10762,Node_563,2,0,6,2,6,,,,,,,,,
7,VISIT,721,Random,OnArrival,3,23,10773,Node_530,2,0,7,2,7,,,,,,,,,
7,VISIT,722,Random,OnArrival,3,19,10773,Node_581,-1,0,8,-1,8,,,,,,,,,
7,VISIT,723,Random,OnArrival,3,19,10773,Node_581,-1,0,8,-1,8,,,,,,,,,
7,VISIT,724,Random,OnArrival,3,23,10773,Node_530,2,0,7,2,7,,,,,,,,,
7,VISIT,721,Random,OnArrival,3,24,10785,Node_532,2,0,8,2,8,,,,,,,,,
7,VISIT,722,Random,OnArrival,3,20,10785,Node_583,-1,0,9,-1,9,,,,,,,,,
7,VISIT,723,Random,OnArrival,3,20,10785,Node_579,-2,0,8,-2,8,,,,,,,,,
7,VISIT,724,Random,OnArrival,3,24,10785,Node_532,2,0,8,2,8,,,,,,,,,
7,VISIT,720,Random,OnArrival,3,24,10787,Node_603,-7,0,20,-7,20,,,,,,,,,
7,VISIT,721,Random,OnArrival,3,25,10797,Node_534,2,0,9,2,9,,,,,,,,,
7,VISIT,723,Random,OnArrival,3,21,10797,Node_578,-2,0,7,-2,7,,,,,,,,,
7,VISIT,724,Random,OnArrival,3,25,10797,Node_534,2,0,9,2,9,,,,,,,,,
7,VISIT,721,Random,OnArrival,3,26,10809,Node_567,1,0,9,1,9,,,,,,,,,
7,VISIT,723,Random,OnArrival,3,22,10809,Node_605,-1,0,7,-1,7,,,,,,,,,
7,VISIT,724,Random,OnArrival,3,26,10809,Node_567,1,0,9,1,9,,,,,,,,,
7,VISIT,721,Random,OnArrival,3,27,10820,Node_607,0,0,9,0,9,,,,,,,,,
7,VISIT,722,Random,OnArrival,3,21,10820,Node_584,-1,0,10,-1,10,,,,,,,,,
7,VISIT,723,Random,OnArrival,3,23,10820,Node_581,-1,0,8,-1,8,,,,,,,,,
7,VISIT,724,Random,OnArrival,3,27,10820,Node_607,0,0,9,0,9,,,,,,,,,
7,VISIT,721,Random,OnArrival,3,28,10831,Node_583,-1,0,9,-1,9,,,,,,,,,
7,VISIT,722,Random,OnArrival,3,22,10831,Node_583,-1,0,9,-1,9,,,,,,,,,
7,VISIT,723,Random,OnArrival,3,24,10831,Node_583,-1,0,9,-1,9,,,,,,,,,
7,VISIT,724,Random,OnArrival,3,28,10831,Node_567,1,0,9,1,9,,,,,,,,,
7,VISIT,721,Random,OnArrival,3,29,10843,Node_584,-1,0,10,-1,10,,,,,,,,,
7,VISIT,722,Random,OnArrival,3,23,10843,Node_581,-1,0,8,-1,8,,,,,,,,,
7,VISIT,723,Random,OnArrival,3,25,10843,Node_607,0,0,9,0,9,,,,,,,,,
7,VISIT,724,Random,OnArrival,3,29,10843,Node_568,1,0,10,1,10,,,,,,,,,
7,VISIT,721,Random,OnArrival,3,30,10855,Node_608,0,0,10,0,10,,,,,,,,,
7,VISIT,722,Random,OnArrival,3,24,10855,Node_605,-1,0,7,-1,7,,,,,,,,,
7,VISIT,723,Random,OnArrival,3,26,10855,Node_567,1,0,9,1,9,,,,,,,,,
7,VISIT,724,Random,OnArrival,3,30,10855,Node_608,0,0,10,0,10,,,,,,,,,
7,VISIT,721,Random,OnArrival,3,31,10867,Node_568,1,0,10,1,10,,,,,,,,,
7,VISIT,722,Random,OnArrival,3,25,10867,Node_604,-1,0,6,-1,6,,,,,,,,,
7,VISIT,723,Random,OnArrival,3,27,10867,Node_568,1,0,10,1,10,,,,,,,,,
7,VISIT,724,Random,OnArrival,3,31,10867,Node_568,1,0,10,1,10,,,,,,,,,
7,VISIT,721,Random,OnArrival,3,32,10879,Node_536,2,0,10,2,10,,,,,,,,,
7,VISIT,722,Random,OnArrival,3,26,10879,Node_577,-2,0,6,-2,6,,,,,,,,,
7,VISIT,723,Random,OnArrival,3,28,10879,Node_536,2,0,10,2,10,,,,,,,,,
7,VISIT,724,Random,OnArrival,3,32,10879,Node_536,2,0,10,2,10,,,,,,,,,
7,VISIT,721,Random,OnArrival,3,33,10891,Node_580,3,0,10,3,10,,,,,,,,,
7,VISIT,723,Random,OnArrival,3,29,10891,Node_580,3,0,10,3,10,,,,,,,,,
7,VISIT,724,Random,OnArrival,3,33,10891,Node_580,3,0,10,3,10,,,,,,,,,
7,VISIT,725,Random,OnArrival,3,0,10909,Node_6,19,0,12,19,12,,,,,,,,,
7,VISIT,726,Random,OnArrival,3,0,10909,Node_7,19,0,8,19,8,,,,,,,,,
7,VISIT,727,Random,OnArrival,3,0,10909,Node_8,17,0,10,17,10,,,,,,,,,
7,VISIT,728,Random,OnArrival,3,0,10909,Node_9,21,0,10,21,10,,,,,,,,,
7,VISIT,721,Random,OnArrival,3,34,10913,Node_534,2,0,9,2,9,,,,,,,,,
7,VISIT,723,Random,OnArrival,3,30,10913,Node_534,2,0,9,2,9,,,,,,,,,
7,VISIT,724,Random,OnArrival,3,34,10913,Node_534,2,0,9,2,9,,,,,,,,,
7,VISIT,725,Random,OnArrival,3,1,10913,Node_2,19,0,11,19,11,,,,,,,,,
7,VISIT,726,Random,OnArrival,3,1,10913,Node_11,18,0,8,18,8,,,,,,,,,
7,VISIT,727,Random,OnArrival,3,1,10913,Node_23,17,0,9,17,9,,,,,,,,,
7,VISIT,728,Random,OnArrival,3,1,10913,Node_5,20,0,10,20,10,,,,,,,,,
7,VISIT,721,Random,OnArrival,3,35,10917,Node_536,2,0,10,2,10,,,,,,,,,
7,VISIT,723,Random,OnArrival,3,31,10917,Node_536,2,0,10,2,10,,,,,,,,,
7,VISIT,724,Random,OnArrival,3,35,10917,Node_536,2,0,10,2,10,,,,,,,,,
7,VISIT,725,Random,OnArrival,3,2,10917,Node_20,19,0,10,19,10,,,,,,,,,
7,VISIT,726,Random,OnArrival,3,2,10917,Node_38,17,0,8,17,8,,,,,,,,,
7,VISIT,727,Random,OnArrival,3,2,10917,Node_38,17,0,8,17,8,,,,,,,,,
7,VISIT,728,Random,OnArrival,3,2,10917,Node_20,19,0,10,19,10,,,,,,,,,
7,VISIT,721,Random,OnArrival,3,36,10922,Node_538,2,0,11,2,11,,,,,,,,,
7,VISIT,723,Random,OnArrival,3,32,10922,Node_538,2,0,11,2,11,,,,,,,,,
7,VISIT,724,Random,OnArrival,3,36,10922,Node_538,2,0,11,2,11,,,,,,,,,
7,VISIT,725,Random,OnArrival,3,3,10922,Node_4,18,0,10,18,10,,,,,,,,,
7,VISIT,726,Random,OnArrival,3,3,10922,Node_78,17,0,7,17,7,,,,,,,,,
7,VISIT,727,Random,OnArrival,3,3,10922,Node_78,17,0,7,17,7,,,,,,,,,
7,VISIT,728,Random,OnArrival,3,3,10922,Node_4,18,0,10,18,10,,,,,,,,,
7,VISIT,721,Random,OnArrival,3,37,10927,Node_570,1,0,11,1,11,,,,,,,,,
7,VISIT,723,Random,OnArrival,3,33,10927,Node_540,2,0,12,2,12,,,,,,,,,
7,VISIT,724,Random,OnArrival,3,37,10927,Node_540,2,0,12,2,12,,,,,,,,,
7,VISIT,725,Random,OnArrival,3,4,10927,Node_8,17,0,10,17,10,,,,,,,,,
7,VISIT,726,Random,OnArrival,3,4,10927,Node_79,16,0,7,16,7,,,,,,,,,
7,VISIT,727,Random,OnArrival,3,4,10927,Node_79,16,0,7,16,7,,,,,,,,,
7,VISIT,728,Random,OnArrival,3,4,10927,Node_8,17,0,10,17,10,,,,,,,,,
7,VISIT,721,Random,OnArrival,3,38,10932,Node_586,1,0,12,1,12,,,,,,,,,
7,VISIT,723,Random,OnArrival,3,34,10932,Node_586,1,0,12,1,12,,,,,,,,,
7,VISIT,724,Random,OnArrival,3,38,10932,Node_586,1,0,12,1,12,,,,,,,,,
7,VISIT,725,Random,OnArrival,3,5,10932,Node_23,17,0,9,17,9,,,,,,,,,
7,VISIT,726,Random,OnArrival,3,5,10932,Node_153,16,0,6,16,6,,,,,,,,,
7,VISIT,727,Random,OnArrival,3,5,10932,Node_153,16,0,6,16,6,,,,,,,,,
7,VISIT,728,Random,OnArrival,3,5,10932,Node_23,17,0,9,17,9,,,,,,,,,
7,VISIT,721,Random,OnArrival,3,39,10937,Node_540,2,0,12,2,12,,,,,,,,,
7,VISIT,723,Random,OnArrival,3,35,10937,Node_545,1,0,13,1,13,,,,,,,,,
7,VISIT,724,Random,OnArrival,3,39,10937,Node_545,1,0,13,1,13,,,,,,,,,
7,VISIT,725,Random,OnArrival,3,6,10937,Node_38,17,0,8,17,8,,,,,,,,,
7,VISIT,726,Random,OnArrival,3,6,10937,Node_83,15,0,6,15,6,,,,,,,,,
7,VISIT,727,Random,OnArrival,3,6,10937,Node_83,15,0,6,15,6,,,,,,,,,
7,VISIT,728,Random,OnArrival,3,6,10937,Node_38,17,0,8,17,8,,,,,,,,,
7,VISIT,721,Random,OnArrival,3,40,10942,Node_542,2,0,13,2,13,,,,,,,,,
7,VISIT,725,Random,OnArrival,3,7,10942,Node_78,17,0,7,17,7,,,,,,,,,
7,VISIT,726,Random,OnArrival,3,7,10942,Node_158,14,0,6,14,6,,,,,,,,,
7,VISIT,727,Random,OnArrival,3,7,10942,Node_158,14,0,6,14,6,,,,,,,,,
7,VISIT,728,Random,OnArrival,3,7,10942,Node_78,17,0,7,17,7,,,,,,,,,
7,VISIT,725,Random,OnArrival,3,8,10948,Node_79,16,0,7,16,7,,,,,,,,,
7,VISIT,726,Random,OnArrival,3,8,10948,Node_159,13,0,6,13,6,,,,,,,,,
7,VISIT,727,Random,OnArrival,3,8,10948,Node_159,13,0,6,13,6,,,,,,,,,
7,VISIT,728,Random,OnArrival,3,8,10948,Node_79,16,0,7,16,7,,,,,,,,,
7,VISIT,725,Random,OnArrival,3,9,10955,Node_153,16,0,6,16,6,,,,,,,,,
7,VISIT,726,Random,OnArrival,3,9,10955,Node_184,12,0,6,12,6,,,,,,,,,
7,VISIT,727,Random,OnArrival,3,9,10955,Node_184,12,0,6,12,6,,,,,,,,,
7,VISIT,728,Random,OnArrival,3,9,10955,Node_153,16,0,6,16,6,,,,,,,,,
7,VISIT,723,Random,OnArrival,3,36,10962,Node_591,1,0,15,1,15,,,,,,,,,
7,VISIT,724,Random,OnArrival,3,40,10962,Node_591,1,0,15,1,15,,,,,,,,,
7,VISIT,725,Random,OnArrival,3,10,10962,Node_83,15,0,6,15,6,,,,,,,,,
7,VISIT,726,Random,OnArrival,3,10,10962,Node_470,11,0,6,11,6,,,,,,,,,
7,VISIT,727,Random,OnArrival,3,10,10962,Node_470,11,0,6,11,6,,,,,,,,,
7,VISIT,728,Random,OnArrival,3,10,10962,Node_83,15,0,6,15,6,,,,,,,,,
7,VISIT,724,Random,OnArrival,3,41,10970,Node_621,0,0,15,0,15,,,,,,,,,
7,VISIT,725,Random,OnArrival,3,11,10970,Node_158,14,0,6,14,6,,,,,,,,,
7,VISIT,726,Random,OnArrival,3,11,10970,Node_471,10,0,6,10,6,,,,,,,,,
7,VISIT,727,Random,OnArrival,3,11,10970,Node_471,10,0,6,10,6,,,,,,,,,
7,VISIT,728,Random,OnArrival,3,11,10970,Node_158,14,0,6,14,6,,,,,,,,,
7,VISIT,723,Random,OnArrival,3,37,10979,Node_593,1,0,17,1,17,,,,,,,,,
7,VISIT,724,Random,OnArrival,3,42,10979,Node_619,0,0,14,0,14,,,,,,,,,
7,VISIT,725,Random,OnArrival,3,12,10979,Node_159,13,0,6,13,6,,,,,,,,,
7,VISIT,726,Random,OnArrival,3,12,10979,Node_485,9,0,6,9,6,,,,,,,,,
7,VISIT,727,Random,OnArrival,3,12,10979,Node_485,9,0,6,9,6,,,,,,,,,
7,VISIT,728,Random,OnArrival,3,12,10979,Node_159,13,0,6,13,6,,,,,,,,,
7,VISIT,725,Random,OnArrival,3,13,10988,Node_184,12,0,6,12,6,,,,,,,,,
7,VISIT,726,Random,OnArrival,3,13,10988,Node_489,8,0,6,8,6,,,,,,,,,
7,VISIT,727,Random,OnArrival,3,13,10988,Node_489,8,0,6,8,6,,,,,,,,,
7,VISIT,728,Random,OnArrival,3,13,10988,Node_184,12,0,6,12,6,,,,,,,,,
7,VISIT,725,Random,OnArrival,3,14,10997,Node_470,11,0,6,11,6,,,,,,,,,
7,VISIT,726,Random,OnArrival,3,14,10997,Node_498,7,0,6,7,6,,,,,,,,,
7,VISIT,727,Random,OnArrival,3,14,10997,Node_498,7,0,6,7,6,,,,,,,,,
7,VISIT,728,Random,OnArrival,3,14,10997,Node_470,11,0,6,11,6,,,,,,,,,
7,VISIT,725,Random,OnArrival,3,15,11007,Node_471,10,0,6,10,6,,,,,,,,,
7,VISIT,726,Random,OnArrival,3,15,11007,Node_499,6,0,6,6,6,,,,,,,,,
7,VISIT,727,Random,OnArrival,3,15,11007,Node_499,6,0,6,6,6,,,,,,,,,
7,VISIT,728,Random,OnArrival,3,15,11007,Node_471,10,0,6,10,6,,,,,,,,,
7,VISIT,721,Random,OnArrival,3,41,11017,Node_628,2,0,18,2,18,,,,,,,,,
7,VISIT,723,Random,OnArrival,3,38,11017,Node_627,3,0,17,3,17,,,,,,,,,
7,VISIT,724,Random,OnArrival,3,43,11017,Node_594,-3,0,15,-3,15,,,,,,,,,
7,VISIT,725,Random,OnArrival,3,16,11017,Node_485,9,0,6,9,6,,,,,,,,,
7,VISIT,726,Random,OnArrival,3,16,11017,Node_504,5,0,6,5,6,,,,,,,,,
7,VISIT,727,Random,OnArrival,3,16,11017,Node_504,5,0,6,5,6,,,,,,,,,
7,VISIT,728,Random,OnArrival,3,16,11017,Node_485,9,0,6,9,6,,,,,,,,,
7,VISIT,721,Random,OnArrival,3,42,11027,Node_630,3,0,18,3,18,,,,,,,,,
7,VISIT,723,Random,OnArrival,3,39,11027,Node_626,2,0,17,2,17,,,,,,,,,
7,VISIT,725,Random,OnArrival,3,17,11027,Node_489,8,0,6,8,6,,,,,,,,,
7,VISIT,728,Random,OnArrival,3,17,11027,Node_489,8,0,6,8,6,,,,,,,,,
7,VISIT,721,Random,OnArrival,3,43,11038,Node_627,3,0,17,3,17,,,,,,,,,
7,VISIT,723,Random,OnArrival,3,40,11038,Node_593,1,0,17,1,17,,,,,,,,,
7,VISIT,725,Random,OnArrival,3,18,11038,Node_498,7,0,6,7,6,,,,,,,,,
7,VISIT,728,Random,OnArrival,3,18,11038,Node_498,7,0,6,7,6,,,,,,,,,
7,VISIT,721,Random,OnArrival,3,44,11049,Node_625,4,0,17,4,17,,,,,,,,,
7,VISIT,724,Random,OnArrival,3,44,11049,Node_599,-4,0,17,-4,17,,,,,,,,,
7,VISIT,725,Random,OnArrival,3,19,11049,Node_499,6,0,6,6,6,,,,,,,,,
7,VISIT,726,Random,OnArrival,3,17,11049,Node_508,5,0,9,5,9,,,,,,,,,
7,VISIT,727,Random,OnArrival,3,17,11049,Node_508,5,0,9,5,9,,,,,,,,,
7,VISIT,728,Random,OnArrival,3,19,11049,Node_499,6,0,6,6,6,,,,,,,,,
7,VISIT,721,Random,OnArrival,3,45,11061,Node_515,5,0,17,5,17,,,,,,,,,
7,VISIT,723,Random,OnArrival,3,41,11061,Node_591,1,0,15,1,15,,,,,,,,,
7,VISIT,725,Random,OnArrival,3,20,11061,Node_504,5,0,6,5,6,,,,,,,,,
7,VISIT,726,Random,OnArrival,3,18,11061,Node_509,5,0,10,5,10,,,,,,,,,
7,VISIT,727,Random,OnArrival,3,18,11061,Node_509,5,0,10,5,10,,,,,,,,,
7,VISIT,728,Random,OnArrival,3,20,11061,Node_504,5,0,6,5,6,,,,,,,,,
7,VISIT,723,Random,OnArrival,3,42,11072,Node_589,1,0,14,1,14,,,,,,,,,
7,VISIT,724,Random,OnArrival,3,45,11072,Node_601,-5,0,18,-5,18,,,,,,,,,
7,VISIT,723,Random,OnArrival,3,43,11083,Node_619,0,0,14,0,14,,,,,,,,,
7,VISIT,726,Random,OnArrival,3,19,11083,Node_510,5,0,12,5,12,,,,,,,,,
7,VISIT,727,Random,OnArrival,3,19,11083,Node_510,5,0,12,5,12,,,,,,,,,
7,VISIT,725,Random,OnArrival,3,21,11094,Node_508,5,0,9,5,9,,,,,,,,,
7,VISIT,728,Random,OnArrival,3,21,11094,Node_508,5,0,9,5,9,,,,,,,,,
7,VISIT,723,Random,OnArrival,3,44,11106,Node_629,-2,0,14,-2,14,,,,,,,,,
7,VISIT,725,Random,OnArrival,3,22,11106,Node_509,5,0,10,5,10,,,,,,,,,
7,VISIT,728,Random,OnArrival,3,22,11106,Node_509,5,0,10,5,10,,,,,,,,,
7,VISIT,723,Random,OnArrival,3,45,11118,Node_592,-3,0,14,-3,14,,,,,,,,,
7,VISIT,728,Random,OnArrival,3,23,11118,Node_576,6,0,10,6,10,,,,,,,,,
7,VISIT,725,Random,OnArrival,3,23,11129,Node_510,5,0,12,5,12,,,,,,,,,
7,VISIT,726,Random,OnArrival,3,20,11129,Node_512,5,0,14,5,14,,,,,,,,,
7,VISIT,727,Random,OnArrival,3,20,11129,Node_512,5,0,14,5,14,,,,,,,,,
7,VISIT,723,Random,OnArrival,3,46,11140,Node_590,-3,0,12,-3,12,,,,,,,,,
7,VISIT,725,Random,OnArrival,3,24,11140,Node_638,6,0,12,6,12,,,,,,,,,
7,VISIT,726,Random,OnArrival,3,21,11140,Node_622,4,0,14,4,14,,,,,,,,,
7,VISIT,727,Random,OnArrival,3,21,11140,Node_622,4,0,14,4,14,,,,,,,,,
7,VISIT,725,Random,OnArrival,3,25,11151,Node_639,6,0,13,6,13,,,,,,,,,
7,VISIT,726,Random,OnArrival,3,22,11151,Node_512,5,0,14,5,14,,,,,,,,,
7,VISIT,727,Random,OnArrival,3,22,11151,Node_623,4,0,15,4,15,,,,,,,,,
7,VISIT,725,Random,OnArrival,3,26,11162,Node_511,5,0,13,5,13,,,,,,,,,
7,VISIT,726,Random,OnArrival,3,23,11162,Node_513,5,0,15,5,15,,,,,,,,,
7,VISIT,727,Random,OnArrival,3,23,11162,Node_513,5,0,15,5,15,,,,,,,,,
7,VISIT,723,Random,OnArrival,3,47,11173,Node_615,-4,0,10,-4,10,,,,,,,,,
7,VISIT,725,Random,OnArrival,3,27,11173,Node_512,5,0,14,5,14,,,,,,,,,
7,VISIT,726,Random,OnArrival,3,24,11173,Node_623,4,0,15,4,15,,,,,,,,,
7,VISIT,727,Random,OnArrival,3,24,11173,Node_514,5,0,16,5,16,,,,,,,,,
7,VISIT,728,Random,OnArrival,3,24,11173,Node_492,9,0,12,9,12,,,,,,,,,
7,VISIT,725,Random,OnArrival,3,28,11185,Node_513,5,0,15,5,15,,,,,,,,,
7,VISIT,726,Random,OnArrival,3,25,11185,Node_624,4,0,16,4,16,,,,,,,,,
7,VISIT,727,Random,OnArrival,3,25,11185,Node_624,4,0,16,4,16,,,,,,,,,
7,VISIT,728,Random,OnArrival,3,25,11185,Node_217,10,0,12,10,12,,,,,,,,,
7,VISIT,725,Random,OnArrival,3,29,11196,Node_623,4,0,15,4,15,,,,,,,,,
7,VISIT,726,Random,OnArrival,3,26,11196,Node_514,5,0,16,5,16,,,,,,,,,
7,VISIT,727,Random,OnArrival,3,26,11196,Node_625,4,0,17,4,17,,,,,,,,,
7,VISIT,725,Random,OnArrival,3,30,11207,Node_624,4,0,16,4,16,,,,,,,,,
7,VISIT,727,Random,OnArrival,3,27,11207,Node_515,5,0,17,5,17,,,,,,,,,
7,VISIT,728,Random,OnArrival,3,26,11207,Node_217,10,0,12,10,12,,,,,,,,,
7,VISIT,725,Random,OnArrival,3,31,11218,Node_625,4,0,17,4,17,,,,,,,,,
7,VISIT,726,Random,OnArrival,3,27,11218,Node_635,6,0,17,6,17,,,,,,,,,
7,VISIT,727,Random,OnArrival,3,28,11218,Node_516,5,0,18,5,18,,,,,,,,,
7,VISIT,728,Random,OnArrival,3,27,11218,Node_215,10,0,11,10,11,,,,,,,,,
7,VISIT,729,Random,OnArrival,3,0,11224,Node_6,19,0,12,19,12,,,,,,,,,
7,VISIT,730,Random,OnArrival,3,0,11224,Node_7,19,0,8,19,8,,,,,,,,,
7,VISIT,731,Random,OnArrival,3,0,11224,Node_8,17,0,10,17,10,,,,,,,,,
7,VISIT,732,Random,OnArrival,3,0,11224,Node_9,21,0,10,21,10,,,,,,,,,
7,VISIT,725,Random,OnArrival,3,32,11228,Node_515,5,0,17,5,17,,,,,,,,,
7,VISIT,728,Random,OnArrival,3,28,11228,Node_490,9,0,11,9,11,,,,,,,,,
7,VISIT,729,Random,OnArrival,3,1,11228,Node_2,19,0,11,19,11,,,,,,,,,
7,VISIT,730,Random,OnArrival,3,1,11228,Node_11,18,0,8,18,8,,,,,,,,,
7,VISIT,731,Random,OnArrival,3,1,11228,Node_23,17,0,9,17,9,,,,,,,,,
7,VISIT,732,Random,OnArrival,3,1,11228,Node_5,20,0,10,20,10,,,,,,,,,
7,VISIT,725,Random,OnArrival,3,33,11232,Node_516,5,0,18,5,18,,,,,,,,,
7,VISIT,728,Random,OnArrival,3,29,11232,Node_646,8,0,11,8,11,,,,,,,,,
7,VISIT,729,Random,OnArrival,3,2,11232,Node_20,19,0,10,19,10,,,,,,,,,
7,VISIT,730,Random,OnArrival,3,2,11232,Node_38,17,0,8,17,8,,,,,,,,,
7,VISIT,731,Random,OnArrival,3,2,11232,Node_38,17,0,8,17,8,,,,,,,,,
7,VISIT,732,Random,OnArrival,3,2,11232,Node_20,19,0,10,19,10,,,,,,,,,
7,VISIT,725,Random,OnArrival,3,34,11236,Node_654,6,0,18,6,18,,,,,,,,,
7,VISIT,728,Random,OnArrival,3,30,11236,Node_648,8,0,12,8,12,,,,,,,,,
7,VISIT,729,Random,OnArrival,3,3,11236,Node_4,18,0,10,18,10,,,,,,,,,
7,VISIT,730,Random,OnArrival,3,3,11236,Node_78,17,0,7,17,7,,,,,,,,,
7,VISIT,731,Random,OnArrival,3,3,11236,Node_78,17,0,7,17,7,,,,,,,,,
7,VISIT,732,Random,OnArrival,3,3,11236,Node_4,18,0,10,18,10,,,,,,,,,
7,VISIT,725,Random,OnArrival,3,35,11240,Node_505,7,0,18,7,18,,,,,,,,,
7,VISIT,726,Random,OnArrival,3,28,11240,Node_518,5,0,20,5,20,,,,,,,,,
7,VISIT,727,Random,OnArrival,3,29,11240,Node_518,5,0,20,5,20,,,,,,,,,
7,VISIT,728,Random,OnArrival,3,31,11240,Node_492,9,0,12,9,12,,,,,,,,,
7,VISIT,729,Random,OnArrival,3,4,11240,Node_8,17,0,10,17,10,,,,,,,,,
7,VISIT,730,Random,OnArrival,3,4,11240,Node_79,16,0,7,16,7,,,,,,,,,
7,VISIT,731,Random,OnArrival,3,4,11240,Node_79,16,0,7,16,7,,,,,,,,,
7,VISIT,732,Random,OnArrival,3,4,11240,Node_8,17,0,10,17,10,,,,,,,,,
7,VISIT,725,Random,OnArrival,3,36,11244,Node_506,7,0,19,7,19,,,,,,,,,
7,VISIT,727,Random,OnArrival,3,30,11244,Node_656,6,0,20,6,20,,,,,,,,,
7,VISIT,728,Random,OnArrival,3,32,11244,Node_494,9,0,13,9,13,,,,,,,,,
7,VISIT,729,Random,OnArrival,3,5,11244,Node_23,17,0,9,17,9,,,,,,,,,
7,VISIT,730,Random,OnArrival,3,5,11244,Node_153,16,0,6,16,6,,,,,,,,,
7,VISIT,731,Random,OnArrival,3,5,11244,Node_153,16,0,6,16,6,,,,,,,,,
7,VISIT,732,Random,OnArrival,3,5,11244,Node_23,17,0,9,17,9,,,,,,,,,
7,VISIT,725,Random,OnArrival,3,37,11248,Node_655,6,0,19,6,19,,,,,,,,,
7,VISIT,726,Random,OnArrival,3,29,11248,Node_519,3,0,20,3,20,,,,,,,,,
7,VISIT,727,Random,OnArrival,3,31,11248,Node_507,7,0,20,7,20,,,,,,,,,
7,VISIT,728,Random,OnArrival,3,33,11248,Node_219,10,0,13,10,13,,,,,,,,,
7,VISIT,729,Random,OnArrival,3,6,11248,Node_38,17,0,8,17,8,,,,,,,,,
7,VISIT,730,Random,OnArrival,3,6,11248,Node_83,15,0,6,15,6,,,,,,,,,
7,VISIT,731,Random,OnArrival,3,6,11248,Node_83,15,0,6,15,6,,,,,,,,,
7,VISIT,732,Random,OnArrival,3,6,11248,Node_38,17,0,8,17,8,,,,,,,,,
7,VISIT,725,Random,OnArrival,3,38,11252,Node_517,5,0,19,5,19,,,,,,,,,
7,VISIT,728,Random,OnArrival,3,34,11252,Node_217,10,0,12,10,12,,,,,,,,,
7,VISIT,729,Random,OnArrival,3,7,11252,Node_78,17,0,7,17,7,,,,,,,,,
7,VISIT,730,Random,OnArrival,3,7,11252,Node_158,14,0,6,14,6,,,,,,,,,
7,VISIT,731,Random,OnArrival,3,7,11252,Node_158,14,0,6,14,6,,,,,,,,,
7,VISIT,732,Random,OnArrival,3,7,11252,Node_78,17,0,7,17,7,,,,,,,,,
7,VISIT,725,Random,OnArrival,3,39,11256,Node_518,5,0,20,5,20,,,,,,,,,
7,VISIT,728,Random,OnArrival,3,35,11256,Node_215,10,0,11,10,11,,,,,,,,,
7,VISIT,729,Random,OnArrival,3,8,11256,Node_79,16,0,7,16,7,,,,,,,,,
7,VISIT,730,Random,OnArrival,3,8,11256,Node_159,13,0,6,13,6,,,,,,,,,
7,VISIT,731,Random,OnArrival,3,8,11256,Node_159,13,0,6,13,6,,,,,,,,,
7,VISIT,732,Random,OnArrival,3,8,11256,Node_79,16,0,7,16,7,,,,,,,,,
7,VISIT,726,Random,OnArrival,3,30,11260,Node_523,2,0,22,2,22,,,,,,,,,
7,VISIT,728,Random,OnArrival,3,36,11260,Node_214,10,0,10,10,10,,,,,,,,,
7,VISIT,729,Random,OnArrival,3,9,11260,Node_153,16,0,6,16,6,,,,,,,,,
7,VISIT,730,Random,OnArrival,3,9,11260,Node_184,12,0,6,12,6,,,,,,,,,
7,VISIT,731,Random,OnArrival,3,9,11260,Node_184,12,0,6,12,6,,,,,,,,,
7,VISIT,732,Random,OnArrival,3,9,11260,Node_153,16,0,6,16,6,,,,,,,,,
7,VISIT,725,Random,OnArrival,3,40,11264,Node_519,3,0,20,3,20,,,,,,,,,
7,VISIT,726,Random,OnArrival,3,31,11264,Node_659,2,0,21,2,21,,,,,,,,,
7,VISIT,728,Random,OnArrival,3,37,11264,Node_488,9,0,10,9,10,,,,,,,,,
7,VISIT,729,Random,OnArrival,3,10,11264,Node_83,15,0,6,15,6,,,,,,,,,
7,VISIT,730,Random,OnArrival,3,10,11264,Node_470,11,0,6,11,6,,,,,,,,,
7,VISIT,731,Random,OnArrival,3,10,11264,Node_470,11,0,6,11,6,,,,,,,,,
7,VISIT,732,Random,OnArrival,3,10,11264,Node_83,15,0,6,15,6,,,,,,,,,
7,VISIT,728,Random,OnArrival,3,38,11269,Node_643,8,0,10,8,10,,,,,,,,,
7,VISIT,729,Random,OnArrival,3,11,11269,Node_158,14,0,6,14,6,,,,,,,,,
7,VISIT,730,Random,OnArrival,3,11,11269,Node_471,10,0,6,10,6,,,,,,,,,
7,VISIT,731,Random,OnArrival,3,11,11269,Node_471,10,0,6,10,6,,,,,,,,,
7,VISIT,732,Random,OnArrival,3,11,11269,Node_158,14,0,6,14,6,,,,,,,,,
7,VISIT,725,Random,OnArrival,3,41,11273,Node_518,5,0,20,5,20,,,,,,,,,
7,VISIT,729,Random,OnArrival,3,12,11273,Node_159,13,0,6,13,6,,,,,,,,,
7,VISIT,730,Random,OnArrival,3,12,11273,Node_485,9,0,6,9,6,,,,,,,,,
7,VISIT,731,Random,OnArrival,3,12,11273,Node_485,9,0,6,9,6,,,,,,,,,
7,VISIT,732,Random,OnArrival,3,12,11273,Node_159,13,0,6,13,6,,,,,,,,,
7,VISIT,725,Random,OnArrival,3,42,11278,Node_656,6,0,20,6,20,,,,,,,,,
7,VISIT,728,Random,OnArrival,3,39,11278,Node_576,6,0,10,6,10,,,,,,,,,
7,VISIT,729,Random,OnArrival,3,13,11278,Node_184,12,0,6,12,6,,,,,,,,,
7,VISIT,730,Random,OnArrival,3,13,11278,Node_489,8,0,6,8,6,,,,,,,,,
7,VISIT,731,Random,OnArrival,3,13,11278,Node_489,8,0,6,8,6,,,,,,,,,
7,VISIT,732,Random,OnArrival,3,13,11278,Node_184,12,0,6,12,6,,,,,,,,,
7,VISIT,725,Random,OnArrival,3,43,11283,Node_507,7,0,20,7,20,,,,,,,,,
7,VISIT,728,Random,OnArrival,3,40,11283,Node_509,5,0,10,5,10,,,,,,,,,
7,VISIT,729,Random,OnArrival,3,14,11283,Node_470,11,0,6,11,6,,,,,,,,,
7,VISIT,730,Random,OnArrival,3,14,11283,Node_498,7,0,6,7,6,,,,,,,,,
7,VISIT,731,Random,OnArrival,3,14,11283,Node_498,7,0,6,7,6,,,,,,,,,
7,VISIT,732,Random,OnArrival,3,14,11283,Node_470,11,0,6,11,6,,,,,,,,,
7,VISIT,725,Random,OnArrival,3,44,11289,Node_658,8,0,20,8,20,,,,,,,,,
7,VISIT,729,Random,OnArrival,3,15,11289,Node_471,10,0,6,10,6,,,,,,,,,
7,VISIT,730,Random,OnArrival,3,15,11289,Node_499,6,0,6,6,6,,,,,,,,,
7,VISIT,731,Random,OnArrival,3,15,11289,Node_499,6,0,6,6,6,,,,,,,,,
7,VISIT,732,Random,OnArrival,3,15,11289,Node_471,10,0,6,10,6,,,,,,,,,
7,VISIT,728,Random,OnArrival,3,41,11296,Node_510,5,0,12,5,12,,,,,,,,,
7,VISIT,729,Random,OnArrival,3,16,11296,Node_485,9,0,6,9,6,,,,,,,,,
7,VISIT,730,Random,OnArrival,3,16,11296,Node_504,5,0,6,5,6,,,,,,,,,
7,VISIT,731,Random,OnArrival,3,16,11296,Node_504,5,0,6,5,6,,,,,,,,,
7,VISIT,732,Random,OnArrival,3,16,11296,Node_485,9,0,6,9,6,,,,,,,,,
7,VISIT,728,Random,OnArrival,3,42,11303,Node_511,5,0,13,5,13,,,,,,,,,
7,VISIT,729,Random,OnArrival,3,17,11303,Node_489,8,0,6,8,6,,,,,,,,,
7,VISIT,730,Random,OnArrival,3,17,11303,Node_502,5,0,5,5,5,,,,,,,,,
7,VISIT,731,Random,OnArrival,3,17,11303,Node_502,5,0,5,5,5,,,,,,,,,
7,VISIT,732,Random,OnArrival,3,17,11303,Node_489,8,0,6,8,6,,,,,,,,,
7,VISIT,728,Random,OnArrival,3,43,11311,Node_512,5,0,14,5,14,,,,,,,,,
7,VISIT,729,Random,OnArrival,3,18,11311,Node_498,7,0,6,7,6,,,,,,,,,
7,VISIT,732,Random,OnArrival,3,18,11311,Node_498,7,0,6,7,6,,,,,,,,,
7,VISIT,725,Random,OnArrival,3,45,11320,Node_661,8,0,22,8,22,,,,,,,,,
7,VISIT,728,Random,OnArrival,3,44,11320,Node_513,5,0,15,5,15,,,,,,,,,
7,VISIT,729,Random,OnArrival,3,19,11320,Node_499,6,0,6,6,6,,,,,,,,,
7,VISIT,730,Random,OnArrival,3,18,11320,Node_560,5,0,3,5,3,,,,,,,,,
7,VISIT,731,Random,OnArrival,3,18,11320,Node_560,5,0,3,5,3,,,,,,,,,
7,VISIT,732,Random,OnArrival,3,19,11320,Node_499,6,0,6,6,6,,,,,,,,,
7,VISIT,725,Random,OnArrival,3,46,11329,Node_662,7,0,22,7,22,,,,,,,,,
7,VISIT,728,Random,OnArrival,3,45,11329,Node_514,5,0,16,5,16,,,,,,,,,
7,VISIT,729,Random,OnArrival,3,20,11329,Node_504,5,0,6,5,6,,,,,,,,,
7,VISIT,732,Random,OnArrival,3,20,11329,Node_504,5,0,6,5,6,,,,,,,,,
7,VISIT,728,Random,OnArrival,3,46,11340,Node_515,5,0,17,5,17,,,,,,,,,
7,VISIT,729,Random,OnArrival,3,21,11340,Node_502,5,0,5,5,5,,,,,,,,,
7,VISIT,730,Random,OnArrival,3,19,11340,Node_564,3,0,3,3,3,,,,,,,,,
7,VISIT,731,Random,OnArrival,3,19,11340,Node_564,3,0,3,3,3,,,,,,,,,
7,VISIT,732,Random,OnArrival,3,21,11340,Node_502,5,0,5,5,5,,,,,,,,,
7,VISIT,725,Random,OnArrival,3,47,11351,Node_665,6,0,23,6,23,,,,,,,,,
7,VISIT,728,Random,OnArrival,3,47,11351,Node_516,5,0,18,5,18,,,,,,,,,
7,VISIT,725,Random,OnArrival,3,48,11362,Node_673,6,0,22,6,22,,,,,,,,,
7,VISIT,728,Random,OnArrival,3,48,11362,Node_654,6,0,18,6,18,,,,,,,,,
7,VISIT,729,Random,OnArrival,3,22,11362,Node_560,5,0,3,5,3,,,,,,,,,
7,VISIT,732,Random,OnArrival,3,22,11362,Node_560,5,0,3,5,3,,,,,,,,,
7,VISIT,728,Random,OnArrival,3,49,11373,Node_505,7,0,18,7,18,,,,,,,,,
7,VISIT,730,Random,OnArrival,3,20,11373,Node_562,3,0,0,3,0,,,,,,,,,
7,VISIT,731,Random,OnArrival,3,20,11373,Node_562,3,0,0,3,0,,,,,,,,,
7,VISIT,725,Random,OnArrival,3,49,11384,Node_673,6,0,22,6,22,,,,,,,,,
7,VISIT,728,Random,OnArrival,3,50,11384,Node_503,8,0,18,8,18,,,,,,,,,
7,VISIT,729,Random,OnArrival,3,23,11384,Node_564,3,0,3,3,3,,,,,,,,,
7,VISIT,732,Random,OnArrival,3,23,11384,Node_564,3,0,3,3,3,,,,,,,,,
7,VISIT,725,Random,OnArrival,3,50,11395,Node_665,6,0,23,6,23,,,,,,,,,
7,VISIT,728,Random,OnArrival,3,51,11395,Node_325,9,0,18,9,18,,,,,,,,,
7,VISIT,730,Random,OnArrival,3,21,11395,Node_557,3,0,-2,3,-2,,,,,,,,,
7,VISIT,731,Random,OnArrival,3,21,11395,Node_557,3,0,-2,3,-2,,,,,,,,,
7,VISIT,725,Random,OnArrival,3,51,11406,Node_666,6,0,24,6,24,,,,,,,,,
7,VISIT,725,Random,OnArrival,3,52,11418,Node_670,5,0,24,5,24,,,,,,,,,
7,VISIT,728,Random,OnArrival,3,52,11418,Node_73,11,0,18,11,18,,,,,,,,,
7,VISIT,729,Random,OnArrival,3,24,11418,Node_562,3,0,0,3,0,,,,,,,,,
7,VISIT,732,Random,OnArrival,3,24,11418,Node_562,3,0,0,3,0,,,,,,,,,
7,VISIT,728,Random,OnArrival,3,53,11440,Node_308,11,0,20,11,20,,,,,,,,,
7,VISIT,725,Random,OnArrival,3,53,11451,Node_668,5,0,25,5,25,,,,,,,,,
7,VISIT,725,Random,OnArrival,3,54,11462,Node_667,6,0,25,6,25,,,,,,,,,
7,VISIT,728,Random,OnArrival,3,54,11473,Node_294,12,0,22,12,22,,,,,,,,,
7,VISIT,733,Random,OnArrival,3,0,11476,Node_6,19,0,12,19,12,,,,,,,,,
7,VISIT,734,Random,OnArrival,3,0,11476,Node_7,19,0,8,19,8,,,,,,,,,
7,VISIT,735,Random,OnArrival,3,0,11476,Node_8,17,0,10,17,10,,,,,,,,,
7,VISIT,736,Random,OnArrival,3,0,11476,Node_9,21,0,10,21,10,,,,,,,,,
7,VISIT,728,Random,OnArrival,3,55,11480,Node_305,11,0,22,11,22,,,,,,,,,
7,VISIT,733,Random,OnArrival,3,1,11480,Node_2,19,0,11,19,11,,,,,,,,,
7,VISIT,734,Random,OnArrival,3,1,11480,Node_11,18,0,8,18,8,,,,,,,,,
7,VISIT,735,Random,OnArrival,3,1,11480,Node_23,17,0,9,17,9,,,,,,,,,
7,VISIT,736,Random,OnArrival,3,1,11480,Node_5,20,0,10,20,10,,,,,,,,,
7,VISIT,728,Random,OnArrival,3,56,11484,Node_304,11,0,23,11,23,,,,,,,,,
7,VISIT,729,Random,OnArrival,3,25,11484,Node_572,-1,0,3,-1,3,,,,,,,,,
7,VISIT,732,Random,OnArrival,3,25,11484,Node_572,-1,0,3,-1,3,,,,,,,,,
7,VISIT,733,Random,OnArrival,3,2,11484,Node_20,19,0,10,19,10,,,,,,,,,
7,VISIT,734,Random,OnArrival,3,2,11484,Node_38,17,0,8,17,8,,,,,,,,,
7,VISIT,735,Random,OnArrival,3,2,11484,Node_38,17,0,8,17,8,,,,,,,,,
7,VISIT,736,Random,OnArrival,3,2,11484,Node_20,19,0,10,19,10,,,,,,,,,
7,VISIT,728,Random,OnArrival,3,57,11488,Node_295,12,0,23,12,23,,,,,,,,,
7,VISIT,733,Random,OnArrival,3,3,11488,Node_4,18,0,10,18,10,,,,,,,,,
7,VISIT,734,Random,OnArrival,3,3,11488,Node_78,17,0,7,17,7,,,,,,,,,
7,VISIT,735,Random,OnArrival,3,3,11488,Node_78,17,0,7,17,7,,,,,,,,,
7,VISIT,736,Random,OnArrival,3,3,11488,Node_4,18,0,10,18,10,,,,,,,,,
7,VISIT,728,Random,OnArrival,3,58,11492,Node_297,12,0,24,12,24,,,,,,,,,
7,VISIT,729,Random,OnArrival,3,26,11492,Node_683,-1,0,1,-1,1,,,,,,,,,
7,VISIT,732,Random,OnArrival,3,26,11492,Node_683,-1,0,1,-1,1,,,,,,,,,
7,VISIT,733,Random,OnArrival,3,4,11492,Node_8,17,0,10,17,10,,,,,,,,,
7,VISIT,734,Random,OnArrival,3,4,11492,Node_79,16,0,7,16,7,,,,,,,,,
7,VISIT,735,Random,OnArrival,3,4,11492,Node_79,16,0,7,16,7,,,,,,,,,
7,VISIT,736,Random,OnArrival,3,4,11492,Node_8,17,0,10,17,10,,,,,,,,,
7,VISIT,728,Random,OnArrival,3,59,11496,Node_303,11,0,24,11,24,,,,,,,,,
7,VISIT,733,Random,OnArrival,3,5,11496,Node_23,17,0,9,17,9,,,,,,,,,
7,VISIT,734,Random,OnArrival,3,5,11496,Node_153,16,0,6,16,6,,,,,,,,,
7,VISIT,735,Random,OnArrival,3,5,11496,Node_153,16,0,6,16,6,,,,,,,,,
7,VISIT,736,Random,OnArrival,3,5,11496,Node_23,17,0,9,17,9,,,,,,,,,
7,VISIT,728,Random,OnArrival,3,60,11501,Node_688,10,0,24,10,24,,,,,,,,,
7,VISIT,733,Random,OnArrival,3,6,11501,Node_38,17,0,8,17,8,,,,,,,,,
7,VISIT,734,Random,OnArrival,3,6,11501,Node_83,15,0,6,15,6,,,,,,,,,
7,VISIT,735,Random,OnArrival,3,6,11501,Node_83,15,0,6,15,6,,,,,,,,,
7,VISIT,736,Random,OnArrival,3,6,11501,Node_38,17,0,8,17,8,,,,,,,,,
7,VISIT,733,Random,OnArrival,3,7,11507,Node_78,17,0,7,17,7,,,,,,,,,
7,VISIT,734,Random,OnArrival,3,7,11507,Node_158,14,0,6,14,6,,,,,,,,,
7,VISIT,735,Random,OnArrival,3,7,11507,Node_158,14,0,6,14,6,,,,,,,,,
7,VISIT,736,Random,OnArrival,3,7,11507,Node_78,17,0,7,17,7,,,,,,,,,
7,VISIT,728,Random,OnArrival,3,61,11513,Node_685,9,0,25,9,25,,,,,,,,,
7,VISIT,730,Random,OnArrival,3,22,11513,Node_690,-3,0,1,-3,1,,,,,,,,,
7,VISIT,731,Random,OnArrival,3,22,11513,Node_690,-3,0,1,-3,1,,,,,,,,,
7,VISIT,733,Random,OnArrival,3,8,11513,Node_79,16,0,7,16,7,,,,,,,,,
7,VISIT,734,Random,OnArrival,3,8,11513,Node_159,13,0,6,13,6,,,,,,,,,
7,VISIT,735,Random,OnArrival,3,8,11513,Node_159,13,0,6,13,6,,,,,,,,,
7,VISIT,736,Random,OnArrival,3,8,11513,Node_79,16,0,7,16,7,,,,,,,,,
7,VISIT,728,Random,OnArrival,3,62,11519,Node_686,9,0,24,9,24,,,,,,,,,
7,VISIT,731,Random,OnArrival,3,23,11519,Node_693,-3,0,0,-3,0,,,,,,,,,
7,VISIT,733,Random,OnArrival,3,9,11519,Node_153,16,0,6,16,6,,,,,,,,,
7,VISIT,734,Random,OnArrival,3,9,11519,Node_522,13,0,5,13,5,,,,,,,,,
7,VISIT,735,Random,OnArrival,3,9,11519,Node_522,13,0,5,13,5,,,,,,,,,
7,VISIT,736,Random,OnArrival,3,9,11519,Node_153,16,0,6,16,6,,,,,,,,,
7,VISIT,728,Random,OnArrival,3,63,11526,Node_688,10,0,24,10,24,,,,,,,,,
7,VISIT,730,Random,OnArrival,3,23,11526,Node_683,-1,0,1,-1,1,,,,,,,,,
7,VISIT,733,Random,OnArrival,3,10,11526,Node_83,15,0,6,15,6,,,,,,,,,
7,VISIT,734,Random,OnArrival,3,10,11526,Node_186,12,0,5,12,5,,,,,,,,,
7,VISIT,735,Random,OnArrival,3,10,11526,Node_186,12,0,5,12,5,,,,,,,,,
7,VISIT,736,Random,OnArrival,3,10,11526,Node_83,15,0,6,15,6,,,,,,,,,
7,VISIT,728,Random,OnArrival,3,64,11534,Node_303,11,0,24,11,24,,,,,,,,,
7,VISIT,733,Random,OnArrival,3,11,11534,Node_158,14,0,6,14,6,,,,,,,,,
7,VISIT,734,Random,OnArrival,3,11,11534,Node_188,11,0,5,11,5,,,,,,,,,
7,VISIT,735,Random,OnArrival,3,11,11534,Node_188,11,0,5,11,5,,,,,,,,,
7,VISIT,736,Random,OnArrival,3,11,11534,Node_158,14,0,6,14,6,,,,,,,,,
7,VISIT,728,Random,OnArrival,3,65,11542,Node_301,11,0,25,11,25,,,,,,,,,
7,VISIT,730,Random,OnArrival,3,24,11542,Node_572,-1,0,3,-1,3,,,,,,,,,
7,VISIT,733,Random,OnArrival,3,12,11542,Node_159,13,0,6,13,6,,,,,,,,,
7,VISIT,734,Random,OnArrival,3,12,11542,Node_472,10,0,5,10,5,,,,,,,,,
7,VISIT,735,Random,OnArrival,3,12,11542,Node_472,10,0,5,10,5,,,,,,,,,
7,VISIT,736,Random,OnArrival,3,12,11542,Node_159,13,0,6,13,6,,,,,,,,,
7,VISIT,728,Random,OnArrival,3,66,11551,Node_691,10,0,25,10,25,,,,,,,,,
7,VISIT,730,Random,OnArrival,3,25,11551,Node_573,-1,0,4,-1,4,,,,,,,,,
7,VISIT,733,Random,OnArrival,3,13,11551,Node_522,13,0,5,13,5,,,,,,,,,
7,VISIT,734,Random,OnArrival,3,13,11551,Node_486,9,0,5,9,5,,,,,,,,,
7,VISIT,735,Random,OnArrival,3,13,11551,Node_486,9,0,5,9,5,,,,,,,,,
7,VISIT,736,Random,OnArrival,3,13,11551,Node_522,13,0,5,13,5,,,,,,,,,
7,VISIT,728,Random,OnArrival,3,67,11557,Node_688,10,0,24,10,24,,,,,,,,,
7,VISIT,730,Random,OnArrival,3,26,11557,Node_574,-2,0,4,-2,4,,,,,,,,,
7,VISIT,733,Random,OnArrival,3,14,11557,Node_186,12,0,5,12,5,,,,,,,,,
7,VISIT,734,Random,OnArrival,3,14,11557,Node_487,8,0,5,8,5,,,,,,,,,
7,VISIT,735,Random,OnArrival,3,14,11557,Node_487,8,0,5,8,5,,,,,,,,,
7,VISIT,736,Random,OnArrival,3,14,11557,Node_186,12,0,5,12,5,,,,,,,,,
7,VISIT,728,Random,OnArrival,3,68,11566,Node_303,11,0,24,11,24,,,,,,,,,
7,VISIT,730,Random,OnArrival,3,27,11566,Node_694,-3,0,4,-3,4,,,,,,,,,
7,VISIT,733,Random,OnArrival,3,15,11566,Node_188,11,0,5,11,5,,,,,,,,,
7,VISIT,736,Random,OnArrival,3,15,11566,Node_188,11,0,5,11,5,,,,,,,,,
7,VISIT,728,Random,OnArrival,3,69,11575,Node_304,11,0,23,11,23,,,,,,,,,
7,VISIT,730,Random,OnArrival,3,28,11575,Node_574,-2,0,4,-2,4,,,,,,,,,
7,VISIT,733,Random,OnArrival,3,16,11575,Node_472,10,0,5,10,5,,,,,,,,,
7,VISIT,736,Random,OnArrival,3,16,11575,Node_472,10,0,5,10,5,,,,,,,,,
7,VISIT,728,Random,OnArrival,3,70,11583,Node_305,11,0,22,11,22,,,,,,,,,
7,VISIT,733,Random,OnArrival,3,17,11583,Node_486,9,0,5,9,5,,,,,,,,,
7,VISIT,734,Random,OnArrival,3,15,11583,Node_554,8,0,2,8,2,,,,,,,,,
7,VISIT,735,Random,OnArrival,3,15,11583,Node_554,8,0,2,8,2,,,,,,,,,
7,VISIT,736,Random,OnArrival,3,17,11583,Node_486,9,0,5,9,5,,,,,,,,,
7,VISIT,728,Random,OnArrival,3,71,11593,Node_306,11,0,21,11,21,,,,,,,,,
7,VISIT,730,Random,OnArrival,3,29,11593,Node_577,-2,0,6,-2,6,,,,,,,,,
7,VISIT,733,Random,OnArrival,3,18,11593,Node_487,8,0,5,8,5,,,,,,,,,
7,VISIT,736,Random,OnArrival,3,18,11593,Node_487,8,0,5,8,5,,,,,,,,,
7,VISIT,734,Random,OnArrival,3,16,11603,Node_558,6,0,2,6,2,,,,,,,,,
7,VISIT,735,Random,OnArrival,3,16,11603,Node_558,6,0,2,6,2,,,,,,,,,
7,VISIT,728,Random,OnArrival,3,72,11614,Node_671,9,0,21,9,21,,,,,,,,,
7,VISIT,730,Random,OnArrival,3,30,11614,Node_611,-4,0,6,-4,6,,,,,,,,,
7,VISIT,728,Random,OnArrival,3,73,11624,Node_660,8,0,21,8,21,,,,,,,,,
7,VISIT,733,Random,OnArrival,3,19,11624,Node_554,8,0,2,8,2,,,,,,,,,
7,VISIT,734,Random,OnArrival,3,17,11624,Node_561,6,0,0,6,0,,,,,,,,,
7,VISIT,735,Random,OnArrival,3,17,11624,Node_561,6,0,0,6,0,,,,,,,,,
7,VISIT,736,Random,OnArrival,3,19,11624,Node_554,8,0,2,8,2,,,,,,,,,
7,VISIT,728,Random,OnArrival,3,74,11634,Node_671,9,0,21,9,21,,,,,,,,,
7,VISIT,733,Random,OnArrival,3,20,11644,Node_558,6,0,2,6,2,,,,,,,,,
7,VISIT,736,Random,OnArrival,3,20,11644,Node_558,6,0,2,6,2,,,,,,,,,
7,VISIT,728,Random,OnArrival,3,75,11654,Node_306,11,0,21,11,21,,,,,,,,,
7,VISIT,734,Random,OnArrival,3,18,11654,Node_562,3,0,0,3,0,,,,,,,,,
7,VISIT,735,Random,OnArrival,3,18,11654,Node_562,3,0,0,3,0,,,,,,,,,
7,VISIT,728,Random,OnArrival,3,76,11664,Node_681,12,0,21,12,21,,,,,,,,,
7,VISIT,733,Random,OnArrival,3,21,11664,Node_561,6,0,0,6,0,,,,,,,,,
7,VISIT,736,Random,OnArrival,3,21,11664,Node_561,6,0,0,6,0,,,,,,,,,
7,VISIT,728,Random,OnArrival,3,77,11672,Node_678,12,0,20,12,20,,,,,,,,,
7,VISIT,728,Random,OnArrival,3,78,11683,Node_308,11,0,20,11,20,,,,,,,,,
7,VISIT,734,Random,OnArrival,3,19,11683,Node_679,0,0,0,0,0,,,,,,,,,
7,VISIT,735,Random,OnArrival,3,19,11683,Node_679,0,0,0,0,0,,,,,,,,,
7,VISIT,733,Random,OnArrival,3,22,11693,Node_562,3,0,0,3,0,,,,,,,,,
7,VISIT,736,Random,OnArrival,3,22,11693,Node_562,3,0,0,3,0,,,,,,,,,
7,VISIT,728,Random,OnArrival,3,79,11703,Node_73,11,0,18,11,18,,,,,,,,,
7,VISIT,732,Random,OnArrival,3,27,11714,Node_645,-10,0,18,-10,18,,,,,,,,,
7,VISIT,728,Random,OnArrival,3,80,11724,Node_325,9,0,18,9,18,,,,,,,,,
7,VISIT,733,Random,OnArrival,3,23,11724,Node_679,0,0,0,0,0,,,,,,,,,
7,VISIT,736,Random,OnArrival,3,23,11724,Node_679,0,0,0,0,0,,,,,,,,,
7,VISIT,728,Random,OnArrival,3,81,11734,Node_327,9,0,17,9,17,,,,,,,,,
7,VISIT,731,Random,OnArrival,3,24,11734,Node_715,-10,0,2,-10,2,,,,,,,,,
7,VISIT,733,Random,OnArrival,3,24,11734,Node_682,0,0,1,0,1,,,,,,,,,
7,VISIT,734,Random,OnArrival,3,20,11734,Node_687,-2,0,-3,-2,-3,,,,,,,,,
7,VISIT,735,Random,OnArrival,3,20,11734,Node_687,-2,0,-3,-2,-3,,,,,,,,,
7,VISIT,736,Random,OnArrival,3,24,11734,Node_682,0,0,1,0,1,,,,,,,,,
7,VISIT,728,Random,OnArrival,3,82,11744,Node_501,8,0,17,8,17,,,,,,,,,
7,VISIT,733,Random,OnArrival,3,25,11744,Node_683,-1,0,1,-1,1,,,,,,,,,
7,VISIT,734,Random,OnArrival,3,21,11744,Node_689,-3,0,-3,-3,-3,,,,,,,,,
7,VISIT,735,Random,OnArrival,3,21,11744,Node_689,-3,0,-3,-3,-3,,,,,,,,,
7,VISIT,736,Random,OnArrival,3,25,11744,Node_683,-1,0,1,-1,1,,,,,,,,,
7,VISIT,728,Random,OnArrival,3,83,11752,Node_503,8,0,18,8,18,,,,,,,,,
7,VISIT,737,Random,OnArrival,3,0,11756,Node_6,19,0,12,19,12,,,,,,,,,
7,VISIT,738,Random,OnArrival,3,0,11756,Node_7,19,0,8,19,8,,,,,,,,,
7,VISIT,739,Random,OnArrival,3,0,11756,Node_8,17,0,10,17,10,,,,,,,,,
7,VISIT,740,Random,OnArrival,3,0,11756,Node_9,21,0,10,21,10,,,,,,,,,
7,VISIT,728,Random,OnArrival,3,84,11760,Node_505,7,0,18,7,18,,,,,,,,,
7,VISIT,733,Random,OnArrival,3,26,11760,Node_690,-3,0,1,-3,1,,,,,,,,,
7,VISIT,734,Random,OnArrival,3,22,11760,Node_698,-5,0,-3,-5,-3,,,,,,,,,
7,VISIT,735,Random,OnArrival,3,22,11760,Node_698,-5,0,-3,-5,-3,,,,,,,,,
7,VISIT,736,Random,OnArrival,3,26,11760,Node_690,-3,0,1,-3,1,,,,,,,,,
7,VISIT,737,Random,OnArrival,3,1,11760,Node_2,19,0,11,19,11,,,,,,,,,
7,VISIT,738,Random,OnArrival,3,1,11760,Node_11,18,0,8,18,8,,,,,,,,,
7,VISIT,739,Random,OnArrival,3,1,11760,Node_24,16,0,10,16,10,,,,,,,,,
7,VISIT,740,Random,OnArrival,3,1,11760,Node_5,20,0,10,20,10,,,,,,,,,
7,VISIT,728,Random,OnArrival,3,85,11764,Node_654,6,0,18,6,18,,,,,,,,,
7,VISIT,733,Random,OnArrival,3,27,11764,Node_692,-3,0,2,-3,2,,,,,,,,,
7,VISIT,734,Random,OnArrival,3,23,11764,Node_700,-6,0,-3,-6,-3,,,,,,,,,
7,VISIT,736,Random,OnArrival,3,27,11764,Node_692,-3,0,2,-3,2,,,,,,,,,
7,VISIT,737,Random,OnArrival,3,2,11764,Node_20,19,0,10,19,10,,,,,,,,,
7,VISIT,738,Random,OnArrival,3,2,11764,Node_38,17,0,8,17,8,,,,,,,,,
7,VISIT,739,Random,OnArrival,3,2,11764,Node_26,15,0,10,15,10,,,,,,,,,
7,VISIT,740,Random,OnArrival,3,2,11764,Node_20,19,0,10,19,10,,,,,,,,,
7,VISIT,728,Random,OnArrival,3,86,11768,Node_635,6,0,17,6,17,,,,,,,,,
7,VISIT,731,Random,OnArrival,3,25,11768,Node_696,-7,0,4,-7,4,,,,,,,,,
7,VISIT,735,Random,OnArrival,3,23,11768,Node_689,-3,0,-3,-3,-3,,,,,,,,,
7,VISIT,737,Random,OnArrival,3,3,11768,Node_4,18,0,10,18,10,,,,,,,,,
7,VISIT,738,Random,OnArrival,3,3,11768,Node_78,17,0,7,17,7,,,,,,,,,
7,VISIT,739,Random,OnArrival,3,3,11768,Node_50,14,0,10,14,10,,,,,,,,,
7,VISIT,740,Random,OnArrival,3,3,11768,Node_4,18,0,10,18,10,,,,,,,,,
7,VISIT,728,Random,OnArrival,3,87,11772,Node_515,5,0,17,5,17,,,,,,,,,
7,VISIT,731,Random,OnArrival,3,26,11772,Node_697,-7,0,5,-7,5,,,,,,,,,
7,VISIT,734,Random,OnArrival,3,24,11772,Node_702,-6,0,-5,-6,-5,,,,,,,,,
7,VISIT,735,Random,OnArrival,3,24,11772,Node_687,-2,0,-3,-2,-3,,,,,,,,,
7,VISIT,737,Random,OnArrival,3,4,11772,Node_8,17,0,10,17,10,,,,,,,,,
7,VISIT,738,Random,OnArrival,3,4,11772,Node_79,16,0,7,16,7,,,,,,,,,
7,VISIT,739,Random,OnArrival,3,4,11772,Node_168,13,0,10,13,10,,,,,,,,,
7,VISIT,740,Random,OnArrival,3,4,11772,Node_8,17,0,10,17,10,,,,,,,,,
7,VISIT,728,Random,OnArrival,3,88,11776,Node_625,4,0,17,4,17,,,,,,,,,
7,VISIT,737,Random,OnArrival,3,5,11776,Node_24,16,0,10,16,10,,,,,,,,,
7,VISIT,738,Random,OnArrival,3,5,11776,Node_153,16,0,6,16,6,,,,,,,,,
7,VISIT,739,Random,OnArrival,3,5,11776,Node_167,13,0,9,13,9,,,,,,,,,
7,VISIT,740,Random,OnArrival,3,5,11776,Node_24,16,0,10,16,10,,,,,,,,,
7,VISIT,728,Random,OnArrival,3,89,11780,Node_627,3,0,17,3,17,,,,,,,,,
7,VISIT,735,Random,OnArrival,3,25,11780,Node_684,-2,0,-5,-2,-5,,,,,,,,,
7,VISIT,737,Random,OnArrival,3,6,11780,Node_26,15,0,10,15,10,,,,,,,,,
7,VISIT,738,Random,OnArrival,3,6,11780,Node_83,15,0,6,15,6,,,,,,,,,
7,VISIT,739,Random,OnArrival,3,6,11780,Node_177,12,0,9,12,9,,,,,,,,,
7,VISIT,740,Random,OnArrival,3,6,11780,Node_26,15,0,10,15,10,,,,,,,,,
7,VISIT,728,Random,OnArrival,3,90,11784,Node_626,2,0,17,2,17,,,,,,,,,
7,VISIT,737,Random,OnArrival,3,7,11784,Node_50,14,0,10,14,10,,,,,,,,,
7,VISIT,738,Random,OnArrival,3,7,11784,Node_158,14,0,6,14,6,,,,,,,,,
7,VISIT,739,Random,OnArrival,3,7,11784,Node_207,11,0,9,11,9,,,,,,,,,
7,VISIT,740,Random,OnArrival,3,7,11784,Node_50,14,0,10,14,10,,,,,,,,,
7,VISIT,728,Random,OnArrival,3,91,11788,Node_593,1,0,17,1,17,,,,,,,,,
7,VISIT,734,Random,OnArrival,3,25,11788,Node_706,-10,0,-5,-10,-5,,,,,,,,,
7,VISIT,737,Random,OnArrival,3,8,11788,Node_168,13,0,10,13,10,,,,,,,,,
7,VISIT,738,Random,OnArrival,3,8,11788,Node_159,13,0,6,13,6,,,,,,,,,
7,VISIT,739,Random,OnArrival,3,8,11788,Node_213,10,0,9,10,9,,,,,,,,,
7,VISIT,740,Random,OnArrival,3,8,11788,Node_168,13,0,10,13,10,,,,,,,,,
7,VISIT,728,Random,OnArrival,3,92,11792,Node_595,0,0,17,0,17,,,,,,,,,
7,VISIT,735,Random,OnArrival,3,26,11792,Node_680,1,0,-5,1,-5,,,,,,,,,
7,VISIT,737,Random,OnArrival,3,9,11792,Node_167,13,0,9,13,9,,,,,,,,,
7,VISIT,738,Random,OnArrival,3,9,11792,Node_184,12,0,6,12,6,,,,,,,,,
7,VISIT,739,Random,OnArrival,3,9,11792,Node_214,10,0,10,10,10,,,,,,,,,
7,VISIT,740,Random,OnArrival,3,9,11792,Node_167,13,0,9,13,9,,,,,,,,,
7,VISIT,728,Random,OnArrival,3,93,11796,Node_597,0,0,18,0,18,,,,,,,,,
7,VISIT,737,Random,OnArrival,3,10,11796,Node_177,12,0,9,12,9,,,,,,,,,
7,VISIT,738,Random,OnArrival,3,10,11796,Node_470,11,0,6,11,6,,,,,,,,,
7,VISIT,739,Random,OnArrival,3,10,11796,Node_488,9,0,10,9,10,,,,,,,,,
7,VISIT,740,Random,OnArrival,3,10,11796,Node_177,12,0,9,12,9,,,,,,,,,
7,VISIT,737,Random,OnArrival,3,11,11800,Node_207,11,0,9,11,9,,,,,,,,,
7,VISIT,738,Random,OnArrival,3,11,11800,Node_471,10,0,6,10,6,,,,,,,,,
7,VISIT,739,Random,OnArrival,3,11,11800,Node_643,8,0,10,8,10,,,,,,,,,
7,VISIT,740,Random,OnArrival,3,11,11800,Node_207,11,0,9,11,9,,,,,,,,,
7,VISIT,734,Random,OnArrival,3,26,11804,Node_712,-10,0,-1,-10,-1,,,,,,,,,
7,VISIT,737,Random,OnArrival,3,12,11804,Node_213,10,0,9,10,9,,,,,,,,,
7,VISIT,738,Random,OnArrival,3,12,11804,Node_485,9,0,6,9,6,,,,,,,,,
7,VISIT,740,Random,OnArrival,3,12,11804,Node_213,10,0,9,10,9,,,,,,,,,
7,VISIT,735,Random,OnArrival,3,27,11808,Node_552,5,0,-5,5,-5,,,,,,,,,
7,VISIT,737,Random,OnArrival,3,13,11808,Node_214,10,0,10,10,10,,,,,,,,,
7,VISIT,738,Random,OnArrival,3,13,11808,Node_489,8,0,6,8,6,,,,,,,,,
7,VISIT,739,Random,OnArrival,3,12,11808,Node_576,6,0,10,6,10,,,,,,,,,
7,VISIT,740,Random,OnArrival,3,13,11808,Node_214,10,0,10,10,10,,,,,,,,,
7,VISIT,733,Random,OnArrival,3,28,11812,Node_712,-10,0,-1,-10,-1,,,,,,,,,
7,VISIT,734,Random,OnArrival,3,27,11812,Node_734,-8,0,-1,-8,-1,,,,,,,,,
7,VISIT,736,Random,OnArrival,3,28,11812,Node_712,-10,0,-1,-10,-1,,,,,,,,,
7,VISIT,737,Random,OnArrival,3,14,11812,Node_488,9,0,10,9,10,,,,,,,,,
7,VISIT,738,Random,OnArrival,3,14,11812,Node_498,7,0,6,7,6,,,,,,,,,
7,VISIT,739,Random,OnArrival,3,13,11812,Node_575,6,0,9,6,9,,,,,,,,,
7,VISIT,740,Random,OnArrival,3,14,11812,Node_488,9,0,10,9,10,,,,,,,,,
7,VISIT,734,Random,OnArrival,3,28,11816,Node_729,-7,0,-1,-7,-1,,,,,,,,,
7,VISIT,737,Random,OnArrival,3,15,11816,Node_643,8,0,10,8,10,,,,,,,,,
7,VISIT,738,Random,OnArrival,3,15,11816,Node_499,6,0,6,6,6,,,,,,,,,
7,VISIT,739,Random,OnArrival,3,14,11816,Node_508,5,0,9,5,9,,,,,,,,,
7,VISIT,740,Random,OnArrival,3,15,11816,Node_643,8,0,10,8,10,,,,,,,,,
7,VISIT,733,Random,OnArrival,3,29,11820,Node_734,-8,0,-1,-8,-1,,,,,,,,,
7,VISIT,734,Random,OnArrival,3,29,11820,Node_728,-7,0,0,-7,0,,,,,,,,,
7,VISIT,735,Random,OnArrival,3,28,11820,Node_551,8,0,-5,8,-5,,,,,,,,,
7,VISIT,736,Random,OnArrival,3,29,11820,Node_734,-8,0,-1,-8,-1,,,,,,,,,
7,VISIT,738,Random,OnArrival,3,16,11820,Node_504,5,0,6,5,6,,,,,,,,,
7,VISIT,733,Random,OnArrival,3,30,11828,Node_729,-7,0,-1,-7,-1,,,,,,,,,
7,VISIT,734,Random,OnArrival,3,30,11828,Node_727,-6,0,0,-6,0,,,,,,,,,
7,VISIT,736,Random,OnArrival,3,30,11828,Node_732,-8,0,-2,-8,-2,,,,,,,,,
7,VISIT,737,Random,OnArrival,3,16,11828,Node_576,6,0,10,6,10,,,,,,,,,
7,VISIT,740,Random,OnArrival,3,16,11828,Node_576,6,0,10,6,10,,,,,,,,,
7,VISIT,733,Random,OnArrival,3,31,11834,Node_728,-7,0,0,-7,0,,,,,,,,,
7,VISIT,734,Random,OnArrival,3,31,11834,Node_695,-5,0,0,-5,0,,,,,,,,,
7,VISIT,735,Random,OnArrival,3,29,11834,Node_543,10,0,-5,10,-5,,,,,,,,,
7,VISIT,737,Random,OnArrival,3,17,11834,Node_575,6,0,9,6,9,,,,,,,,,
7,VISIT,738,Random,OnArrival,3,17,11834,Node_527,3,0,6,3,6,,,,,,,,,
7,VISIT,739,Random,OnArrival,3,15,11834,Node_504,5,0,6,5,6,,,,,,,,,
7,VISIT,740,Random,OnArrival,3,17,11834,Node_575,6,0,9,6,9,,,,,,,,,
7,VISIT,733,Random,OnArrival,3,32,11838,Node_727,-6,0,0,-6,0,,,,,,,,,
7,VISIT,734,Random,OnArrival,3,32,11838,Node_727,-6,0,0,-6,0,,,,,,,,,
7,VISIT,736,Random,OnArrival,3,31,11838,Node_732,-8,0,-2,-8,-2,,,,,,,,,
7,VISIT,737,Random,OnArrival,3,18,11838,Node_508,5,0,9,5,9,,,,,,,,,
7,VISIT,738,Random,OnArrival,3,18,11838,Node_563,2,0,6,2,6,,,,,,,,,
7,VISIT,740,Random,OnArrival,3,18,11838,Node_508,5,0,9,5,9,,,,,,,,,
7,VISIT,735,Random,OnArrival,3,30,11845,Node_551,8,0,-5,8,-5,,,,,,,,,
7,VISIT,736,Random,OnArrival,3,32,11845,Node_734,-8,0,-1,-8,-1,,,,,,,,,
7,VISIT,739,Random,OnArrival,3,16,11845,Node_527,3,0,6,3,6,,,,,,,,,
7,VISIT,733,Random,OnArrival,3,33,11854,Node_726,-6,0,2,-6,2,,,,,,,,,
7,VISIT,734,Random,OnArrival,3,33,11854,Node_726,-6,0,2,-6,2,,,,,,,,,
7,VISIT,739,Random,OnArrival,3,17,11854,Node_563,2,0,6,2,6,,,,,,,,,
7,VISIT,733,Random,OnArrival,3,34,11865,Node_724,-7,0,2,-7,2,,,,,,,,,
7,VISIT,734,Random,OnArrival,3,34,11865,Node_724,-7,0,2,-7,2,,,,,,,,,
7,VISIT,736,Random,OnArrival,3,33,11865,Node_712,-10,0,-1,-10,-1,,,,,,,,,
7,VISIT,737,Random,OnArrival,3,19,11865,Node_504,5,0,6,5,6,,,,,,,,,
7,VISIT,738,Random,OnArrival,3,19,11865,Node_604,-1,0,6,-1,6,,,,,,,,,
7,VISIT,740,Random,OnArrival,3,19,11865,Node_504,5,0,6,5,6,,,,,,,,,
7,VISIT,735,Random,OnArrival,3,31,11872,Node_552,5,0,-5,5,-5,,,,,,,,,
7,VISIT,738,Random,OnArrival,3,20,11872,Node_577,-2,0,6,-2,6,,,,,,,,,
7,VISIT,733,Random,OnArrival,3,35,11883,Node_696,-7,0,4,-7,4,,,,,,,,,
7,VISIT,734,Random,OnArrival,3,35,11883,Node_696,-7,0,4,-7,4,,,,,,,,,
7,VISIT,737,Random,OnArrival,3,20,11883,Node_527,3,0,6,3,6,,,,,,,,,
7,VISIT,739,Random,OnArrival,3,18,11883,Node_604,-1,0,6,-1,6,,,,,,,,,
7,VISIT,740,Random,OnArrival,3,20,11883,Node_527,3,0,6,3,6,,,,,,,,,
7,VISIT,733,Random,OnArrival,3,36,11891,Node_697,-7,0,5,-7,5,,,,,,,,,
7,VISIT,734,Random,OnArrival,3,36,11891,Node_697,-7,0,5,-7,5,,,,,,,,,
7,VISIT,736,Random,OnArrival,3,34,11891,Node_715,-10,0,2,-10,2,,,,,,,,,
7,VISIT,737,Random,OnArrival,3,21,11891,Node_563,2,0,6,2,6,,,,,,,,,
7,VISIT,738,Random,OnArrival,3,21,11891,Node_611,-4,0,6,-4,6,,,,,,,,,
7,VISIT,739,Random,OnArrival,3,19,11891,Node_577,-2,0,6,-2,6,,,,,,,,,
7,VISIT,740,Random,OnArrival,3,21,11891,Node_563,2,0,6,2,6,,,,,,,,,
7,VISIT,733,Random,OnArrival,3,37,11902,Node_699,-7,0,6,-7,6,,,,,,,,,
7,VISIT,734,Random,OnArrival,3,37,11902,Node_699,-7,0,6,-7,6,,,,,,,,,
7,VISIT,738,Random,OnArrival,3,22,11902,Node_612,-4,0,7,-4,7,,,,,,,,,
7,VISIT,735,Random,OnArrival,3,32,11913,Node_680,1,0,-5,1,-5,,,,,,,,,
7,VISIT,738,Random,OnArrival,3,23,11913,Node_707,-5,0,7,-5,7,,,,,,,,,
7,VISIT,739,Random,OnArrival,3,20,11913,Node_611,-4,0,6,-4,6,,,,,,,,,
7,VISIT,741,Random,OnArrival,3,0,11915,Node_6,19,0,12,19,12,,,,,,,,,
7,VISIT,742,Random,OnArrival,3,0,11915,Node_7,19,0,8,19,8,,,,,,,,,
7,VISIT,743,Random,OnArrival,3,0,11915,Node_8,17,0,10,17,10,,,,,,,,,
7,VISIT,744,Random,OnArrival,3,0,11915,Node_9,21,0,10,21,10,,,,,,,,,
7,VISIT,733,Random,OnArrival,3,38,11919,Node_725,-8,0,5,-8,5,,,,,,,,,
7,VISIT,734,Random,OnArrival,3,38,11919,Node_725,-8,0,5,-8,5,,,,,,,,,
7,VISIT,736,Random,OnArrival,3,35,11919,Node_724,-7,0,2,-7,2,,,,,,,,,
7,VISIT,737,Random,OnArrival,3,22,11919,Node_604,-1,0,6,-1,6,,,,,,,,,
7,VISIT,739,Random,OnArrival,3,21,11919,Node_612,-4,0,7,-4,7,,,,,,,,,
7,VISIT,740,Random,OnArrival,3,22,11919,Node_604,-1,0,6,-1,6,,,,,,,,,
7,VISIT,741,Random,OnArrival,3,1,11919,Node_2,19,0,11,19,11,,,,,,,,,
7,VISIT,742,Random,OnArrival,3,1,11919,Node_11,18,0,8,18,8,,,,,,,,,
7,VISIT,743,Random,OnArrival,3,1,11919,Node_24,16,0,10,16,10,,,,,,,,,
7,VISIT,744,Random,OnArrival,3,1,11919,Node_5,20,0,10,20,10,,,,,,,,,
7,VISIT,737,Random,OnArrival,3,23,11923,Node_577,-2,0,6,-2,6,,,,,,,,,
7,VISIT,739,Random,OnArrival,3,22,11923,Node_707,-5,0,7,-5,7,,,,,,,,,
7,VISIT,740,Random,OnArrival,3,23,11923,Node_577,-2,0,6,-2,6,,,,,,,,,
7,VISIT,741,Random,OnArrival,3,2,11923,Node_20,19,0,10,19,10,,,,,,,,,
7,VISIT,742,Random,OnArrival,3,2,11923,Node_38,17,0,8,17,8,,,,,,,,,
7,VISIT,743,Random,OnArrival,3,2,11923,Node_26,15,0,10,15,10,,,,,,,,,
7,VISIT,744,Random,OnArrival,3,2,11923,Node_20,19,0,10,19,10,,,,,,,,,
7,VISIT,735,Random,OnArrival,3,33,11927,Node_675,1,0,-2,1,-2,,,,,,,,,
7,VISIT,736,Random,OnArrival,3,36,11927,Node_696,-7,0,4,-7,4,,,,,,,,,
7,VISIT,738,Random,OnArrival,3,24,11927,Node_699,-7,0,6,-7,6,,,,,,,,,
7,VISIT,739,Random,OnArrival,3,23,11927,Node_709,-5,0,8,-5,8,,,,,,,,,
7,VISIT,741,Random,OnArrival,3,3,11927,Node_4,18,0,10,18,10,,,,,,,,,
7,VISIT,742,Random,OnArrival,3,3,11927,Node_78,17,0,7,17,7,,,,,,,,,
7,VISIT,743,Random,OnArrival,3,3,11927,Node_50,14,0,10,14,10,,,,,,,,,
7,VISIT,744,Random,OnArrival,3,3,11927,Node_4,18,0,10,18,10,,,,,,,,,
7,VISIT,735,Random,OnArrival,3,34,11931,Node_718,0,0,-2,0,-2,,,,,,,,,
7,VISIT,736,Random,OnArrival,3,37,11931,Node_697,-7,0,5,-7,5,,,,,,,,,
7,VISIT,737,Random,OnArrival,3,24,11931,Node_611,-4,0,6,-4,6,,,,,,,,,
7,VISIT,738,Random,OnArrival,3,25,11931,Node_697,-7,0,5,-7,5,,,,,,,,,
7,VISIT,739,Random,OnArrival,3,24,11931,Node_613,-4,0,8,-4,8,,,,,,,,,
7,VISIT,740,Random,OnArrival,3,24,11931,Node_611,-4,0,6,-4,6,,,,,,,,,
7,VISIT,741,Random,OnArrival,3,4,11931,Node_8,17,0,10,17,10,,,,,,,,,
7,VISIT,742,Random,OnArrival,3,4,11931,Node_79,16,0,7,16,7,,,,,,,,,
7,VISIT,743,Random,OnArrival,3,4,11931,Node_168,13,0,10,13,10,,,,,,,,,
7,VISIT,744,Random,OnArrival,3,4,11931,Node_8,17,0,10,17,10,,,,,,,,,
7,VISIT,735,Random,OnArrival,3,35,11935,Node_675,1,0,-2,1,-2,,,,,,,,,
7,VISIT,736,Random,OnArrival,3,38,11935,Node_699,-7,0,6,-7,6,,,,,,,,,
7,VISIT,737,Random,OnArrival,3,25,11935,Node_612,-4,0,7,-4,7,,,,,,,,,
7,VISIT,738,Random,OnArrival,3,26,11935,Node_725,-8,0,5,-8,5,,,,,,,,,
7,VISIT,739,Random,OnArrival,3,25,11935,Node_612,-4,0,7,-4,7,,,,,,,,,
7,VISIT,740,Random,OnArrival,3,25,11935,Node_612,-4,0,7,-4,7,,,,,,,,,
7,VISIT,741,Random,OnArrival,3,5,11935,Node_24,16,0,10,16,10,,,,,,,,,
7,VISIT,742,Random,OnArrival,3,5,11935,Node_153,16,0,6,16,6,,,,,,,,,
7,VISIT,743,Random,OnArrival,3,5,11935,Node_167,13,0,9,13,9,,,,,,,,,
7,VISIT,744,Random,OnArrival,3,5,11935,Node_24,16,0,10,16,10,,,,,,,,,
7,VISIT,734,Random,OnArrival,3,39,11939,Node_704,-10,0,8,-10,8,,,,,,,,,
7,VISIT,736,Random,OnArrival,3,39,11939,Node_737,-8,0,6,-8,6,,,,,,,,,
7,VISIT,737,Random,OnArrival,3,26,11939,Node_707,-5,0,7,-5,7,,,,,,,,,
7,VISIT,738,Random,OnArrival,3,27,11939,Node_739,-9,0,5,-9,5,,,,,,,,,
7,VISIT,739,Random,OnArrival,3,26,11939,Node_707,-5,0,7,-5,7,,,,,,,,,
7,VISIT,740,Random,OnArrival,3,26,11939,Node_613,-4,0,8,-4,8,,,,,,,,,
7,VISIT,741,Random,OnArrival,3,6,11939,Node_26,15,0,10,15,10,,,,,,,,,
7,VISIT,742,Random,OnArrival,3,6,11939,Node_83,15,0,6,15,6,,,,,,,,,
7,VISIT,743,Random,OnArrival,3,6,11939,Node_177,12,0,9,12,9,,,,,,,,,
7,VISIT,744,Random,OnArrival,3,6,11939,Node_26,15,0,10,15,10,,,,,,,,,
7,VISIT,736,Random,OnArrival,3,40,11943,Node_741,-9,0,6,-9,6,,,,,,,,,
7,VISIT,737,Random,OnArrival,3,27,11943,Node_738,-6,0,7,-6,7,,,,,,,,,
7,VISIT,738,Random,OnArrival,3,28,11943,Node_741,-9,0,6,-9,6,,,,,,,,,
7,VISIT,739,Random,OnArrival,3,27,11943,Node_738,-6,0,7,-6,7,,,,,,,,,
7,VISIT,740,Random,OnArrival,3,27,11943,Node_614,-4,0,9,-4,9,,,,,,,,,
7,VISIT,741,Random,OnArrival,3,7,11943,Node_50,14,0,10,14,10,,,,,,,,,
7,VISIT,742,Random,OnArrival,3,7,11943,Node_158,14,0,6,14,6,,,,,,,,,
7,VISIT,743,Random,OnArrival,3,7,11943,Node_207,11,0,9,11,9,,,,,,,,,
7,VISIT,744,Random,OnArrival,3,7,11943,Node_50,14,0,10,14,10,,,,,,,,,
7,VISIT,735,Random,OnArrival,3,36,11947,Node_680,1,0,-5,1,-5,,,,,,,,,
7,VISIT,736,Random,OnArrival,3,41,11947,Node_742,-10,0,6,-10,6,,,,,,,,,
7,VISIT,737,Random,OnArrival,3,28,11947,Node_701,-7,0,7,-7,7,,,,,,,,,
7,VISIT,738,Random,OnArrival,3,29,11947,Node_742,-10,0,6,-10,6,,,,,,,,,
7,VISIT,739,Random,OnArrival,3,28,11947,Node_701,-7,0,7,-7,7,,,,,,,,,
7,VISIT,740,Random,OnArrival,3,28,11947,Node_711,-5,0,9,-5,9,,,,,,,,,
7,VISIT,741,Random,OnArrival,3,8,11947,Node_168,13,0,10,13,10,,,,,,,,,
7,VISIT,742,Random,OnArrival,3,8,11947,Node_159,13,0,6,13,6,,,,,,,,,
7,VISIT,743,Random,OnArrival,3,8,11947,Node_213,10,0,9,10,9,,,,,,,,,
7,VISIT,744,Random,OnArrival,3,8,11947,Node_168,13,0,10,13,10,,,,,,,,,
7,VISIT,734,Random,OnArrival,3,40,11951,Node_703,-7,0,8,-7,8,,,,,,,,,
7,VISIT,737,Random,OnArrival,3,29,11951,Node_738,-6,0,7,-6,7,,,,,,,,,
7,VISIT,739,Random,OnArrival,3,29,11951,Node_703,-7,0,8,-7,8,,,,,,,,,
7,VISIT,740,Random,OnArrival,3,29,11951,Node_649,-5,0,10,-5,10,,,,,,,,,
7,VISIT,741,Random,OnArrival,3,9,11951,Node_167,13,0,9,13,9,,,,,,,,,
7,VISIT,742,Random,OnArrival,3,9,11951,Node_184,12,0,6,12,6,,,,,,,,,
7,VISIT,743,Random,OnArrival,3,9,11951,Node_214,10,0,10,10,10,,,,,,,,,
7,VISIT,744,Random,OnArrival,3,9,11951,Node_167,13,0,9,13,9,,,,,,,,,
7,VISIT,734,Random,OnArrival,3,41,11955,Node_701,-7,0,7,-7,7,,,,,,,,,
7,VISIT,736,Random,OnArrival,3,42,11955,Node_704,-10,0,8,-10,8,,,,,,,,,
7,VISIT,737,Random,OnArrival,3,30,11955,Node_707,-5,0,7,-5,7,,,,,,,,,
7,VISIT,738,Random,OnArrival,3,30,11955,Node_704,-10,0,8,-10,8,,,,,,,,,
7,VISIT,741,Random,OnArrival,3,10,11955,Node_177,12,0,9,12,9,,,,,,,,,
7,VISIT,742,Random,OnArrival,3,10,11955,Node_470,11,0,6,11,6,,,,,,,,,
7,VISIT,743,Random,OnArrival,3,10,11955,Node_488,9,0,10,9,10,,,,,,,,,
7,VISIT,744,Random,OnArrival,3,10,11955,Node_177,12,0,9,12,9,,,,,,,,,
7,VISIT,734,Random,OnArrival,3,42,11959,Node_699,-7,0,6,-7,6,,,,,,,,,
7,VISIT,737,Random,OnArrival,3,31,11959,Node_709,-5,0,8,-5,8,,,,,,,,,
7,VISIT,740,Random,OnArrival,3,30,11959,Node_652,-6,0,11,-6,11,,,,,,,,,
7,VISIT,741,Random,OnArrival,3,11,11959,Node_207,11,0,9,11,9,,,,,,,,,
7,VISIT,742,Random,OnArrival,3,11,11959,Node_471,10,0,6,10,6,,,,,,,,,
7,VISIT,743,Random,OnArrival,3,11,11959,Node_643,8,0,10,8,10,,,,,,,,,
7,VISIT,744,Random,OnArrival,3,11,11959,Node_207,11,0,9,11,9,,,,,,,,,
7,VISIT,734,Random,OnArrival,3,43,11965,Node_740,-6,0,6,-6,6,,,,,,,,,
7,VISIT,735,Random,OnArrival,3,37,11965,Node_552,5,0,-5,5,-5,,,,,,,,,
7,VISIT,736,Random,OnArrival,3,43,11965,Node_708,-10,0,10,-10,10,,,,,,,,,
7,VISIT,737,Random,OnArrival,3,32,11965,Node_711,-5,0,9,-5,9,,,,,,,,,
7,VISIT,738,Random,OnArrival,3,31,11965,Node_708,-10,0,10,-10,10,,,,,,,,,
7,VISIT,739,Random,OnArrival,3,30,11965,Node_704,-10,0,8,-10,8,,,,,,,,,
7,VISIT,741,Random,OnArrival,3,12,11965,Node_213,10,0,9,10,9,,,,,,,,,
7,VISIT,742,Random,OnArrival,3,12,11965,Node_485,9,0,6,9,6,,,,,,,,,
7,VISIT,744,Random,OnArrival,3,12,11965,Node_213,10,0,9,10,9,,,,,,,,,
7,VISIT,734,Random,OnArrival,3,44,11972,Node_705,-5,0,6,-5,6,,,,,,,,,
7,VISIT,737,Random,OnArrival,3,33,11972,Node_614,-4,0,9,-4,9,,,,,,,,,
7,VISIT,741,Random,OnArrival,3,13,11972,Node_214,10,0,10,10,10,,,,,,,,,
7,VISIT,742,Random,OnArrival,3,13,11972,Node_489,8,0,6,8,6,,,,,,,,,
7,VISIT,743,Random,OnArrival,3,12,11972,Node_576,6,0,10,6,10,,,,,,,,,
7,VISIT,744,Random,OnArrival,3,13,11972,Node_214,10,0,10,10,10,,,,,,,,,
7,VISIT,734,Random,OnArrival,3,45,11978,Node_707,-5,0,7,-5,7,,,,,,,,,
7,VISIT,735,Random,OnArrival,3,38,11978,Node_553,5,0,-3,5,-3,,,,,,,,,
7,VISIT,737,Random,OnArrival,3,34,11978,Node_615,-4,0,10,-4,10,,,,,,,,,
7,VISIT,739,Random,OnArrival,3,31,11978,Node_708,-10,0,10,-10,10,,,,,,,,,
7,VISIT,741,Random,OnArrival,3,14,11978,Node_488,9,0,10,9,10,,,,,,,,,
7,VISIT,742,Random,OnArrival,3,14,11978,Node_498,7,0,6,7,6,,,,,,,,,
7,VISIT,743,Random,OnArrival,3,13,11978,Node_575,6,0,9,6,9,,,,,,,,,
7,VISIT,744,Random,OnArrival,3,14,11978,Node_488,9,0,10,9,10,,,,,,,,,
7,VISIT,734,Random,OnArrival,3,46,11985,Node_709,-5,0,8,-5,8,,,,,,,,,
7,VISIT,736,Random,OnArrival,3,44,11985,Node_710,-10,0,11,-10,11,,,,,,,,,
7,VISIT,737,Random,OnArrival,3,35,11985,Node_647,-3,0,10,-3,10,,,,,,,,,
7,VISIT,738,Random,OnArrival,3,32,11985,Node_710,-10,0,11,-10,11,,,,,,,,,
7,VISIT,739,Random,OnArrival,3,32,11985,Node_710,-10,0,11,-10,11,,,,,,,,,
7,VISIT,741,Random,OnArrival,3,15,11985,Node_643,8,0,10,8,10,,,,,,,,,
7,VISIT,742,Random,OnArrival,3,15,11985,Node_499,6,0,6,6,6,,,,,,,,,
7,VISIT,743,Random,OnArrival,3,14,11985,Node_508,5,0,9,5,9,,,,,,,,,
7,VISIT,744,Random,OnArrival,3,15,11985,Node_643,8,0,10,8,10,,,,,,,,,
7,VISIT,734,Random,OnArrival,3,47,11992,Node_711,-5,0,9,-5,9,,,,,,,,,
7,VISIT,736,Random,OnArrival,3,45,11992,Node_747,-9,0,11,-9,11,,,,,,,,,
7,VISIT,737,Random,OnArrival,3,36,11992,Node_585,-2,0,10,-2,10,,,,,,,,,
7,VISIT,742,Random,OnArrival,3,16,11992,Node_504,5,0,6,5,6,,,,,,,,,
7,VISIT,734,Random,OnArrival,3,48,12001,Node_649,-5,0,10,-5,10,,,,,,,,,
7,VISIT,737,Random,OnArrival,3,37,12001,Node_647,-3,0,10,-3,10,,,,,,,,,
7,VISIT,741,Random,OnArrival,3,16,12001,Node_576,6,0,10,6,10,,,,,,,,,
7,VISIT,744,Random,OnArrival,3,16,12001,Node_576,6,0,10,6,10,,,,,,,,,
7,VISIT,734,Random,OnArrival,3,49,12009,Node_650,-5,0,11,-5,11,,,,,,,,,
7,VISIT,735,Random,OnArrival,3,39,12009,Node_550,8,0,-2,8,-2,,,,,,,,,
7,VISIT,737,Random,OnArrival,3,38,12009,Node_644,-3,0,11,-3,11,,,,,,,,,
7,VISIT,738,Random,OnArrival,3,33,12009,Node_713,-10,0,14,-10,14,,,,,,,,,
7,VISIT,739,Random,OnArrival,3,33,12009,Node_713,-10,0,14,-10,14,,,,,,,,,
7,VISIT,741,Random,OnArrival,3,17,12009,Node_575,6,0,9,6,9,,,,,,,,,
7,VISIT,742,Random,OnArrival,3,17,12009,Node_527,3,0,6,3,6,,,,,,,,,
7,VISIT,743,Random,OnArrival,3,15,12009,Node_504,5,0,6,5,6,,,,,,,,,
7,VISIT,744,Random,OnArrival,3,17,12009,Node_575,6,0,9,6,9,,,,,,,,,
7,VISIT,734,Random,OnArrival,3,50,12017,Node_616,-4,0,11,-4,11,,,,,,,,,
7,VISIT,735,Random,OnArrival,3,40,12017,Node_549,8,0,-1,8,-1,,,,,,,,,
7,VISIT,736,Random,OnArrival,3,46,12017,Node_745,-9,0,10,-9,10,,,,,,,,,
7,VISIT,737,Random,OnArrival,3,39,12017,Node_616,-4,0,11,-4,11,,,,,,,,,
7,VISIT,741,Random,OnArrival,3,18,12017,Node_508,5,0,9,5,9,,,,,,,,,
7,VISIT,742,Random,OnArrival,3,18,12017,Node_563,2,0,6,2,6,,,,,,,,,
7,VISIT,744,Random,OnArrival,3,18,12017,Node_508,5,0,9,5,9,,,,,,,,,
7,VISIT,734,Random,OnArrival,3,51,12026,Node_644,-3,0,11,-3,11,,,,,,,,,
7,VISIT,736,Random,OnArrival,3,47,12026,Node_747,-9,0,11,-9,11,,,,,,,,,
7,VISIT,737,Random,OnArrival,3,40,12026,Node_615,-4,0,10,-4,10,,,,,,,,,
7,VISIT,743,Random,OnArrival,3,16,12026,Node_527,3,0,6,3,6,,,,,,,,,
7,VISIT,734,Random,OnArrival,3,52,12035,Node_587,-2,0,11,-2,11,,,,,,,,,
7,VISIT,735,Random,OnArrival,3,41,12035,Node_478,10,0,-1,10,-1,,,,,,,,,
7,VISIT,736,Random,OnArrival,3,48,12035,Node_753,-8,0,11,-8,11,,,,,,,,,
7,VISIT,737,Random,OnArrival,3,41,12035,Node_647,-3,0,10,-3,10,,,,,,,,,
7,VISIT,743,Random,OnArrival,3,17,12035,Node_563,2,0,6,2,6,,,,,,,,,
7,VISIT,734,Random,OnArrival,3,53,12045,Node_644,-3,0,11,-3,11,,,,,,,,,
7,VISIT,735,Random,OnArrival,3,42,12045,Node_548,10,0,-2,10,-2,,,,,,,,,
7,VISIT,736,Random,OnArrival,3,49,12045,Node_760,-7,0,11,-7,11,,,,,,,,,
7,VISIT,737,Random,OnArrival,3,42,12045,Node_644,-3,0,11,-3,11,,,,,,,,,
7,VISIT,738,Random,OnArrival,3,34,12045,Node_641,-9,0,17,-9,17,,,,,,,,,
7,VISIT,739,Random,OnArrival,3,34,12045,Node_641,-9,0,17,-9,17,,,,,,,,,
7,VISIT,741,Random,OnArrival,3,19,12045,Node_504,5,0,6,5,6,,,,,,,,,
7,VISIT,742,Random,OnArrival,3,19,12045,Node_604,-1,0,6,-1,6,,,,,,,,,
7,VISIT,744,Random,OnArrival,3,19,12045,Node_504,5,0,6,5,6,,,,,,,,,
7,VISIT,734,Random,OnArrival,3,54,12055,Node_616,-4,0,11,-4,11,,,,,,,,,
7,VISIT,735,Random,OnArrival,3,43,12055,Node_547,10,0,-3,10,-3,,,,,,,,,
7,VISIT,737,Random,OnArrival,3,43,12055,Node_587,-2,0,11,-2,11,,,,,,,,,
7,VISIT,738,Random,OnArrival,3,35,12055,Node_717,-10,0,17,-10,17,,,,,,,,,
7,VISIT,739,Random,OnArrival,3,35,12055,Node_717,-10,0,17,-10,17,,,,,,,,,
7,VISIT,742,Random,OnArrival,3,20,12055,Node_577,-2,0,6,-2,6,,,,,,,,,
7,VISIT,734,Random,OnArrival,3,55,12066,Node_650,-5,0,11,-5,11,,,,,,,,,
7,VISIT,735,Random,OnArrival,3,44,12066,Node_537,11,0,-3,11,-3,,,,,,,,,
7,VISIT,736,Random,OnArrival,3,50,12066,Node_755,-8,0,10,-8,10,,,,,,,,,
7,VISIT,737,Random,OnArrival,3,44,12066,Node_644,-3,0,11,-3,11,,,,,,,,,
7,VISIT,738,Random,OnArrival,3,36,12066,Node_641,-9,0,17,-9,17,,,,,,,,,
7,VISIT,739,Random,OnArrival,3,36,12066,Node_641,-9,0,17,-9,17,,,,,,,,,
7,VISIT,741,Random,OnArrival,3,20,12066,Node_527,3,0,6,3,6,,,,,,,,,
7,VISIT,743,Random,OnArrival,3,18,12066,Node_604,-1,0,6,-1,6,,,,,,,,,
7,VISIT,744,Random,OnArrival,3,20,12066,Node_527,3,0,6,3,6,,,,,,,,,
7,VISIT,734,Random,OnArrival,3,56,12076,Node_652,-6,0,11,-6,11,,,,,,,,,
7,VISIT,736,Random,OnArrival,3,51,12076,Node_753,-8,0,11,-8,11,,,,,,,,,
7,VISIT,737,Random,OnArrival,3,45,12076,Node_616,-4,0,11,-4,11,,,,,,,,,
7,VISIT,741,Random,OnArrival,3,21,12076,Node_563,2,0,6,2,6,,,,,,,,,
7,VISIT,742,Random,OnArrival,3,21,12076,Node_611,-4,0,6,-4,6,,,,,,,,,
7,VISIT,743,Random,OnArrival,3,19,12076,Node_577,-2,0,6,-2,6,,,,,,,,,
7,VISIT,744,Random,OnArrival,3,21,12076,Node_563,2,0,6,2,6,,,,,,,,,
7,VISIT,734,Random,OnArrival,3,57,12086,Node_760,-7,0,11,-7,11,,,,,,,,,
7,VISIT,736,Random,OnArrival,3,52,12086,Node_760,-7,0,11,-7,11,,,,,,,,,
7,VISIT,737,Random,OnArrival,3,46,12086,Node_650,-5,0,11,-5,11,,,,,,,,,
7,VISIT,742,Random,OnArrival,3,22,12086,Node_705,-5,0,6,-5,6,,,,,,,,,
7,VISIT,734,Random,OnArrival,3,58,12097,Node_758,-7,0,12,-7,12,,,,,,,,,
7,VISIT,735,Random,OnArrival,3,45,12097,Node_539,11,0,-4,11,-4,,,,,,,,,
7,VISIT,736,Random,OnArrival,3,53,12097,Node_758,-7,0,12,-7,12,,,,,,,,,
7,VISIT,737,Random,OnArrival,3,47,12097,Node_652,-6,0,11,-6,11,,,,,,,,,
7,VISIT,738,Random,OnArrival,3,37,12097,Node_637,-6,0,17,-6,17,,,,,,,,,
7,VISIT,739,Random,OnArrival,3,37,12097,Node_637,-6,0,17,-6,17,,,,,,,,,
7,VISIT,742,Random,OnArrival,3,23,12097,Node_740,-6,0,6,-6,6,,,,,,,,,
7,VISIT,743,Random,OnArrival,3,20,12097,Node_611,-4,0,6,-4,6,,,,,,,,,
7,VISIT,734,Random,OnArrival,3,59,12108,Node_744,-6,0,12,-6,12,,,,,,,,,
7,VISIT,735,Random,OnArrival,3,46,12108,Node_546,10,0,-4,10,-4,,,,,,,,,
7,VISIT,736,Random,OnArrival,3,54,12108,Node_744,-6,0,12,-6,12,,,,,,,,,
7,VISIT,737,Random,OnArrival,3,48,12108,Node_744,-6,0,12,-6,12,,,,,,,,,
7,VISIT,738,Random,OnArrival,3,38,12108,Node_634,-5,0,17,-5,17,,,,,,,,,
7,VISIT,739,Random,OnArrival,3,38,12108,Node_634,-5,0,17,-5,17,,,,,,,,,
7,VISIT,741,Random,OnArrival,3,22,12108,Node_604,-1,0,6,-1,6,,,,,,,,,
7,VISIT,742,Random,OnArrival,3,24,12108,Node_699,-7,0,6,-7,6,,,,,,,,,
7,VISIT,743,Random,OnArrival,3,21,12108,Node_705,-5,0,6,-5,6,,,,,,,,,
7,VISIT,744,Random,OnArrival,3,22,12108,Node_604,-1,0,6,-1,6,,,,,,,,,
7,VISIT,734,Random,OnArrival,3,60,12118,Node_746,-6,0,13,-6,13,,,,,,,,,
7,VISIT,735,Random,OnArrival,3,47,12118,Node_547,10,0,-3,10,-3,,,,,,,,,
7,VISIT,736,Random,OnArrival,3,55,12118,Node_758,-7,0,12,-7,12,,,,,,,,,
7,VISIT,737,Random,OnArrival,3,49,12118,Node_746,-6,0,13,-6,13,,,,,,,,,
7,VISIT,738,Random,OnArrival,3,39,12118,Node_637,-6,0,17,-6,17,,,,,,,,,
7,VISIT,739,Random,OnArrival,3,39,12118,Node_601,-5,0,18,-5,18,,,,,,,,,
7,VISIT,741,Random,OnArrival,3,23,12118,Node_577,-2,0,6,-2,6,,,,,,,,,
7,VISIT,742,Random,OnArrival,3,25,12118,Node_737,-8,0,6,-8,6,,,,,,,,,
7,VISIT,743,Random,OnArrival,3,22,12118,Node_740,-6,0,6,-6,6,,,,,,,,,
7,VISIT,744,Random,OnArrival,3,23,12118,Node_577,-2,0,6,-2,6,,,,,,,,,
7,VISIT,734,Random,OnArrival,3,61,12127,Node_756,-7,0,13,-7,13,,,,,,,,,
7,VISIT,735,Random,OnArrival,3,48,12127,Node_537,11,0,-3,11,-3,,,,,,,,,
7,VISIT,736,Random,OnArrival,3,56,12127,Node_756,-7,0,13,-7,13,,,,,,,,,
7,VISIT,737,Random,OnArrival,3,50,12127,Node_756,-7,0,13,-7,13,,,,,,,,,
7,VISIT,742,Random,OnArrival,3,26,12127,Node_699,-7,0,6,-7,6,,,,,,,,,
7,VISIT,743,Random,OnArrival,3,23,12127,Node_699,-7,0,6,-7,6,,,,,,,,,
7,VISIT,734,Random,OnArrival,3,62,12137,Node_758,-7,0,12,-7,12,,,,,,,,,
7,VISIT,735,Random,OnArrival,3,49,12137,Node_763,12,0,-3,12,-3,,,,,,,,,
7,VISIT,736,Random,OnArrival,3,57,12137,Node_754,-7,0,14,-7,14,,,,,,,,,
7,VISIT,737,Random,OnArrival,3,51,12137,Node_754,-7,0,14,-7,14,,,,,,,,,
7,VISIT,739,Random,OnArrival,3,40,12137,Node_602,-5,0,20,-5,20,,,,,,,,,
7,VISIT,741,Random,OnArrival,3,24,12137,Node_611,-4,0,6,-4,6,,,,,,,,,
7,VISIT,742,Random,OnArrival,3,27,12137,Node_697,-7,0,5,-7,5,,,,,,,,,
7,VISIT,743,Random,OnArrival,3,24,12137,Node_737,-8,0,6,-8,6,,,,,,,,,
7,VISIT,744,Random,OnArrival,3,24,12137,Node_611,-4,0,6,-4,6,,,,,,,,,
7,VISIT,745,Random,OnArrival,3,0,12137,Node_6,19,0,12,19,12,,,,,,,,,
7,VISIT,746,Random,OnArrival,3,0,12137,Node_7,19,0,8,19,8,,,,,,,,,
7,VISIT,747,Random,OnArrival,3,0,12137,Node_8,17,0,10,17,10,,,,,,,,,
7,VISIT,748,Random,OnArrival,3,0,12137,Node_9,21,0,10,21,10,,,,,,,,,
7,VISIT,734,Random,OnArrival,3,63,12141,Node_760,-7,0,11,-7,11,,,,,,,,,
7,VISIT,738,Random,OnArrival,3,40,12141,Node_641,-9,0,17,-9,17,,,,,,,,,
7,VISIT,741,Random,OnArrival,3,25,12141,Node_705,-5,0,6,-5,6,,,,,,,,,
7,VISIT,742,Random,OnArrival,3,28,12141,Node_696,-7,0,4,-7,4,,,,,,,,,
7,VISIT,743,Random,OnArrival,3,25,12141,Node_699,-7,0,6,-7,6,,,,,,,,,
7,VISIT,744,Random,OnArrival,3,25,12141,Node_705,-5,0,6,-5,6,,,,,,,,,
7,VISIT,745,Random,OnArrival,3,1,12141,Node_2,19,0,11,19,11,,,,,,,,,
7,VISIT,746,Random,OnArrival,3,1,12141,Node_11,18,0,8,18,8,,,,,,,,,
7,VISIT,747,Random,OnArrival,3,1,12141,Node_23,17,0,9,17,9,,,,,,,,,
7,VISIT,748,Random,OnArrival,3,1,12141,Node_5,20,0,10,20,10,,,,,,,,,
7,VISIT,734,Random,OnArrival,3,64,12145,Node_652,-6,0,11,-6,11,,,,,,,,,
7,VISIT,735,Random,OnArrival,3,50,12145,Node_483,14,0,-3,14,-3,,,,,,,,,
7,VISIT,738,Random,OnArrival,3,41,12145,Node_717,-10,0,17,-10,17,,,,,,,,,
7,VISIT,739,Random,OnArrival,3,41,12145,Node_602,-5,0,20,-5,20,,,,,,,,,
7,VISIT,741,Random,OnArrival,3,26,12145,Node_740,-6,0,6,-6,6,,,,,,,,,
7,VISIT,743,Random,OnArrival,3,26,12145,Node_697,-7,0,5,-7,5,,,,,,,,,
7,VISIT,744,Random,OnArrival,3,26,12145,Node_740,-6,0,6,-6,6,,,,,,,,,
7,VISIT,745,Random,OnArrival,3,2,12145,Node_20,19,0,10,19,10,,,,,,,,,
7,VISIT,746,Random,OnArrival,3,2,12145,Node_38,17,0,8,17,8,,,,,,,,,
7,VISIT,747,Random,OnArrival,3,2,12145,Node_38,17,0,8,17,8,,,,,,,,,
7,VISIT,748,Random,OnArrival,3,2,12145,Node_20,19,0,10,19,10,,,,,,,,,
7,VISIT,734,Random,OnArrival,3,65,12149,Node_743,-6,0,10,-6,10,,,,,,,,,
7,VISIT,735,Random,OnArrival,3,51,12149,Node_479,15,0,-3,15,-3,,,,,,,,,
7,VISIT,736,Random,OnArrival,3,58,12149,Node_759,-9,0,15,-9,15,,,,,,,,,
7,VISIT,737,Random,OnArrival,3,52,12149,Node_759,-9,0,15,-9,15,,,,,,,,,
7,VISIT,738,Random,OnArrival,3,42,12149,Node_716,-10,0,16,-10,16,,,,,,,,,
7,VISIT,741,Random,OnArrival,3,27,12149,Node_699,-7,0,6,-7,6,,,,,,,,,
7,VISIT,743,Random,OnArrival,3,27,12149,Node_696,-7,0,4,-7,4,,,,,,,,,
7,VISIT,744,Random,OnArrival,3,27,12149,Node_699,-7,0,6,-7,6,,,,,,,,,
7,VISIT,745,Random,OnArrival,3,3,12149,Node_4,18,0,10,18,10,,,,,,,,,
7,VISIT,746,Random,OnArrival,3,3,12149,Node_78,17,0,7,17,7,,,,,,,,,
7,VISIT,747,Random,OnArrival,3,3,12149,Node_78,17,0,7,17,7,,,,,,,,,
7,VISIT,748,Random,OnArrival,3,3,12149,Node_4,18,0,10,18,10,,,,,,,,,
7,VISIT,734,Random,OnArrival,3,66,12154,Node_762,-7,0,10,-7,10,,,,,,,,,
7,VISIT,735,Random,OnArrival,3,52,12154,Node_483,14,0,-3,14,-3,,,,,,,,,
7,VISIT,736,Random,OnArrival,3,59,12154,Node_714,-10,0,15,-10,15,,,,,,,,,
7,VISIT,737,Random,OnArrival,3,53,12154,Node_714,-10,0,15,-10,15,,,,,,,,,
7,VISIT,738,Random,OnArrival,3,43,12154,Node_761,-9,0,16,-9,16,,,,,,,,,
7,VISIT,739,Random,OnArrival,3,42,12154,Node_603,-7,0,20,-7,20,,,,,,,,,
7,VISIT,741,Random,OnArrival,3,28,12154,Node_737,-8,0,6,-8,6,,,,,,,,,
7,VISIT,744,Random,OnArrival,3,28,12154,Node_737,-8,0,6,-8,6,,,,,,,,,
7,VISIT,745,Random,OnArrival,3,4,12154,Node_8,17,0,10,17,10,,,,,,,,,
7,VISIT,746,Random,OnArrival,3,4,12154,Node_79,16,0,7,16,7,,,,,,,,,
7,VISIT,747,Random,OnArrival,3,4,12154,Node_79,16,0,7,16,7,,,,,,,,,
7,VISIT,748,Random,OnArrival,3,4,12154,Node_8,17,0,10,17,10,,,,,,,,,
7,VISIT,734,Random,OnArrival,3,67,12159,Node_760,-7,0,11,-7,11,,,,,,,,,
7,VISIT,735,Random,OnArrival,3,53,12159,Node_482,14,0,-4,14,-4,,,,,,,,,
7,VISIT,736,Random,OnArrival,3,60,12159,Node_713,-10,0,14,-10,14,,,,,,,,,
7,VISIT,737,Random,OnArrival,3,54,12159,Node_713,-10,0,14,-10,14,,,,,,,,,
7,VISIT,738,Random,OnArrival,3,44,12159,Node_759,-9,0,15,-9,15,,,,,,,,,
7,VISIT,741,Random,OnArrival,3,29,12159,Node_741,-9,0,6,-9,6,,,,,,,,,
7,VISIT,742,Random,OnArrival,3,29,12159,Node_694,-3,0,4,-3,4,,,,,,,,,
7,VISIT,744,Random,OnArrival,3,29,12159,Node_741,-9,0,6,-9,6,,,,,,,,,
7,VISIT,745,Random,OnArrival,3,5,12159,Node_23,17,0,9,17,9,,,,,,,,,
7,VISIT,746,Random,OnArrival,3,5,12159,Node_153,16,0,6,16,6,,,,,,,,,
7,VISIT,747,Random,OnArrival,3,5,12159,Node_153,16,0,6,16,6,,,,,,,,,
7,VISIT,748,Random,OnArrival,3,5,12159,Node_23,17,0,9,17,9,,,,,,,,,
7,VISIT,734,Random,OnArrival,3,68,12164,Node_758,-7,0,12,-7,12,,,,,,,,,
7,VISIT,735,Random,OnArrival,3,54,12164,Node_480,15,0,-4,15,-4,,,,,,,,,
7,VISIT,736,Random,OnArrival,3,61,12164,Node_757,-9,0,14,-9,14,,,,,,,,,
7,VISIT,737,Random,OnArrival,3,55,12164,Node_757,-9,0,14,-9,14,,,,,,,,,
7,VISIT,738,Random,OnArrival,3,45,12164,Node_767,-8,0,15,-8,15,,,,,,,,,
7,VISIT,739,Random,OnArrival,3,43,12164,Node_609,-9,0,20,-9,20,,,,,,,,,
7,VISIT,741,Random,OnArrival,3,30,12164,Node_742,-10,0,6,-10,6,,,,,,,,,
7,VISIT,744,Random,OnArrival,3,30,12164,Node_742,-10,0,6,-10,6,,,,,,,,,
7,VISIT,745,Random,OnArrival,3,6,12164,Node_38,17,0,8,17,8,,,,,,,,,
7,VISIT,746,Random,OnArrival,3,6,12164,Node_149,16,0,5,16,5,,,,,,,,,
7,VISIT,747,Random,OnArrival,3,6,12164,Node_149,16,0,5,16,5,,,,,,,,,
7,VISIT,748,Random,OnArrival,3,6,12164,Node_38,17,0,8,17,8,,,,,,,,,
7,VISIT,734,Random,OnArrival,3,69,12171,Node_756,-7,0,13,-7,13,,,,,,,,,
7,VISIT,735,Random,OnArrival,3,55,12171,Node_454,15,0,-5,15,-5,,,,,,,,,
7,VISIT,736,Random,OnArrival,3,62,12171,Node_765,-8,0,14,-8,14,,,,,,,,,
7,VISIT,737,Random,OnArrival,3,56,12171,Node_765,-8,0,14,-8,14,,,,,,,,,
7,VISIT,738,Random,OnArrival,3,46,12171,Node_752,-7,0,15,-7,15,,,,,,,,,
7,VISIT,742,Random,OnArrival,3,30,12171,Node_692,-3,0,2,-3,2,,,,,,,,,
7,VISIT,743,Random,OnArrival,3,28,12171,Node_694,-3,0,4,-3,4,,,,,,,,,
7,VISIT,745,Random,OnArrival,3,7,12171,Node_78,17,0,7,17,7,,,,,,,,,
7,VISIT,746,Random,OnArrival,3,7,12171,Node_169,16,0,4,16,4,,,,,,,,,
7,VISIT,747,Random,OnArrival,3,7,12171,Node_169,16,0,4,16,4,,,,,,,,,
7,VISIT,748,Random,OnArrival,3,7,12171,Node_78,17,0,7,17,7,,,,,,,,,
7,VISIT,734,Random,OnArrival,3,70,12177,Node_754,-7,0,14,-7,14,,,,,,,,,
7,VISIT,736,Random,OnArrival,3,63,12177,Node_754,-7,0,14,-7,14,,,,,,,,,
7,VISIT,737,Random,OnArrival,3,57,12177,Node_767,-8,0,15,-8,15,,,,,,,,,
7,VISIT,738,Random,OnArrival,3,47,12177,Node_754,-7,0,14,-7,14,,,,,,,,,
7,VISIT,741,Random,OnArrival,3,31,12177,Node_704,-10,0,8,-10,8,,,,,,,,,
7,VISIT,742,Random,OnArrival,3,31,12177,Node_690,-3,0,1,-3,1,,,,,,,,,
7,VISIT,744,Random,OnArrival,3,31,12177,Node_704,-10,0,8,-10,8,,,,,,,,,
7,VISIT,745,Random,OnArrival,3,8,12177,Node_79,16,0,7,16,7,,,,,,,,,
7,VISIT,746,Random,OnArrival,3,8,12177,Node_171,16,0,3,16,3,,,,,,,,,
7,VISIT,747,Random,OnArrival,3,8,12177,Node_171,16,0,3,16,3,,,,,,,,,
7,VISIT,748,Random,OnArrival,3,8,12177,Node_79,16,0,7,16,7,,,,,,,,,
7,VISIT,734,Random,OnArrival,3,71,12184,Node_748,-6,0,14,-6,14,,,,,,,,,
7,VISIT,735,Random,OnArrival,3,56,12184,Node_451,17,0,-5,17,-5,,,,,,,,,
7,VISIT,736,Random,OnArrival,3,64,12184,Node_748,-6,0,14,-6,14,,,,,,,,,
7,VISIT,737,Random,OnArrival,3,58,12184,Node_765,-8,0,14,-8,14,,,,,,,,,
7,VISIT,738,Random,OnArrival,3,48,12184,Node_748,-6,0,14,-6,14,,,,,,,,,
7,VISIT,742,Random,OnArrival,3,32,12184,Node_693,-3,0,0,-3,0,,,,,,,,,
7,VISIT,743,Random,OnArrival,3,29,12184,Node_692,-3,0,2,-3,2,,,,,,,,,
7,VISIT,745,Random,OnArrival,3,9,12184,Node_153,16,0,6,16,6,,,,,,,,,
7,VISIT,746,Random,OnArrival,3,9,12184,Node_173,16,0,2,16,2,,,,,,,,,
7,VISIT,747,Random,OnArrival,3,9,12184,Node_173,16,0,2,16,2,,,,,,,,,
7,VISIT,748,Random,OnArrival,3,9,12184,Node_153,16,0,6,16,6,,,,,,,,,
7,VISIT,734,Random,OnArrival,3,72,12189,Node_750,-6,0,15,-6,15,,,,,,,,,
7,VISIT,735,Random,OnArrival,3,57,12189,Node_448,18,0,-5,18,-5,,,,,,,,,
7,VISIT,736,Random,OnArrival,3,65,12189,Node_750,-6,0,15,-6,15,,,,,,,,,
7,VISIT,737,Random,OnArrival,3,59,12189,Node_754,-7,0,14,-7,14,,,,,,,,,
7,VISIT,738,Random,OnArrival,3,49,12189,Node_750,-6,0,15,-6,15,,,,,,,,,
7,VISIT,741,Random,OnArrival,3,32,12189,Node_708,-10,0,10,-10,10,,,,,,,,,
7,VISIT,743,Random,OnArrival,3,30,12189,Node_690,-3,0,1,-3,1,,,,,,,,,
7,VISIT,744,Random,OnArrival,3,32,12189,Node_708,-10,0,10,-10,10,,,,,,,,,
7,VISIT,745,Random,OnArrival,3,10,12189,Node_149,16,0,5,16,5,,,,,,,,,
7,VISIT,746,Random,OnArrival,3,10,12189,Node_176,15,0,2,15,2,,,,,,,,,
7,VISIT,747,Random,OnArrival,3,10,12189,Node_176,15,0,2,15,2,,,,,,,,,
7,VISIT,748,Random,OnArrival,3,10,12189,Node_149,16,0,5,16,5,,,,,,,,,
7,VISIT,734,Random,OnArrival,3,73,12195,Node_752,-7,0,15,-7,15,,,,,,,,,
7,VISIT,735,Random,OnArrival,3,58,12195,Node_447,19,0,-5,19,-5,,,,,,,,,
7,VISIT,736,Random,OnArrival,3,66,12195,Node_752,-7,0,15,-7,15,,,,,,,,,
7,VISIT,737,Random,OnArrival,3,60,12195,Node_752,-7,0,15,-7,15,,,,,,,,,
7,VISIT,738,Random,OnArrival,3,50,12195,Node_752,-7,0,15,-7,15,,,,,,,,,
7,VISIT,741,Random,OnArrival,3,33,12195,Node_710,-10,0,11,-10,11,,,,,,,,,
7,VISIT,743,Random,OnArrival,3,31,12195,Node_693,-3,0,0,-3,0,,,,,,,,,
7,VISIT,744,Random,OnArrival,3,33,12195,Node_710,-10,0,11,-10,11,,,,,,,,,
7,VISIT,745,Random,OnArrival,3,11,12195,Node_169,16,0,4,16,4,,,,,,,,,
7,VISIT,746,Random,OnArrival,3,11,12195,Node_457,15,0,1,15,1,,,,,,,,,
7,VISIT,747,Random,OnArrival,3,11,12195,Node_457,15,0,1,15,1,,,,,,,,,
7,VISIT,748,Random,OnArrival,3,11,12195,Node_169,16,0,4,16,4,,,,,,,,,
7,VISIT,734,Random,OnArrival,3,74,12202,Node_767,-8,0,15,-8,15,,,,,,,,,
7,VISIT,735,Random,OnArrival,3,59,12202,Node_446,19,0,-4,19,-4,,,,,,,,,
7,VISIT,736,Random,OnArrival,3,67,12202,Node_767,-8,0,15,-8,15,,,,,,,,,
7,VISIT,737,Random,OnArrival,3,61,12202,Node_767,-8,0,15,-8,15,,,,,,,,,
7,VISIT,738,Random,OnArrival,3,51,12202,Node_767,-8,0,15,-8,15,,,,,,,,,
7,VISIT,742,Random,OnArrival,3,33,12202,Node_689,-3,0,-3,-3,-3,,,,,,,,,
7,VISIT,745,Random,OnArrival,3,12,12202,Node_171,16,0,3,16,3,,,,,,,,,
7,VISIT,746,Random,OnArrival,3,12,12202,Node_455,15,0,0,15,0,,,,,,,,,
7,VISIT,747,Random,OnArrival,3,12,12202,Node_455,15,0,0,15,0,,,,,,,,,
7,VISIT,748,Random,OnArrival,3,12,12202,Node_171,16,0,3,16,3,,,,,,,,,
7,VISIT,734,Random,OnArrival,3,75,12210,Node_759,-9,0,15,-9,15,,,,,,,,,
7,VISIT,735,Random,OnArrival,3,60,12210,Node_459,20,0,-4,20,-4,,,,,,,,,
7,VISIT,736,Random,OnArrival,3,68,12210,Node_759,-9,0,15,-9,15,,,,,,,,,
7,VISIT,737,Random,OnArrival,3,62,12210,Node_759,-9,0,15,-9,15,,,,,,,,,
7,VISIT,738,Random,OnArrival,3,52,12210,Node_759,-9,0,15,-9,15,,,,,,,,,
7,VISIT,742,Random,OnArrival,3,34,12210,Node_687,-2,0,-3,-2,-3,,,,,,,,,
7,VISIT,745,Random,OnArrival,3,13,12210,Node_173,16,0,2,16,2,,,,,,,,,
7,VISIT,746,Random,OnArrival,3,13,12210,Node_453,15,0,-1,15,-1,,,,,,,,,
7,VISIT,747,Random,OnArrival,3,13,12210,Node_453,15,0,-1,15,-1,,,,,,,,,
7,VISIT,748,Random,OnArrival,3,13,12210,Node_173,16,0,2,16,2,,,,,,,,,
7,VISIT,734,Random,OnArrival,3,76,12218,Node_761,-9,0,16,-9,16,,,,,,,,,
7,VISIT,735,Random,OnArrival,3,61,12218,Node_467,21,0,-4,21,-4,,,,,,,,,
7,VISIT,736,Random,OnArrival,3,69,12218,Node_761,-9,0,16,-9,16,,,,,,,,,
7,VISIT,737,Random,OnArrival,3,63,12218,Node_761,-9,0,16,-9,16,,,,,,,,,
7,VISIT,738,Random,OnArrival,3,53,12218,Node_761,-9,0,16,-9,16,,,,,,,,,
7,VISIT,741,Random,OnArrival,3,34,12218,Node_713,-10,0,14,-10,14,,,,,,,,,
7,VISIT,743,Random,OnArrival,3,32,12218,Node_689,-3,0,-3,-3,-3,,,,,,,,,
7,VISIT,744,Random,OnArrival,3,34,12218,Node_713,-10,0,14,-10,14,,,,,,,,,
7,VISIT,745,Random,OnArrival,3,14,12218,Node_176,15,0,2,15,2,,,,,,,,,
7,VISIT,746,Random,OnArrival,3,14,12218,Node_452,15,0,-2,15,-2,,,,,,,,,
7,VISIT,747,Random,OnArrival,3,14,12218,Node_452,15,0,-2,15,-2,,,,,,,,,
7,VISIT,748,Random,OnArrival,3,14,12218,Node_176,15,0,2,15,2,,,,,,,,,
7,VISIT,734,Random,OnArrival,3,77,12227,Node_641,-9,0,17,-9,17,,,,,,,,,
7,VISIT,735,Random,OnArrival,3,62,12227,Node_420,22,0,-4,22,-4,,,,,,,,,
7,VISIT,736,Random,OnArrival,3,70,12227,Node_641,-9,0,17,-9,17,,,,,,,,,
7,VISIT,737,Random,OnArrival,3,64,12227,Node_641,-9,0,17,-9,17,,,,,,,,,
7,VISIT,738,Random,OnArrival,3,54,12227,Node_641,-9,0,17,-9,17,,,,,,,,,
7,VISIT,739,Random,OnArrival,3,44,12227,Node_771,-10,0,24,-10,24,,,,,,,,,
7,VISIT,741,Random,OnArrival,3,35,12227,Node_714,-10,0,15,-10,15,,,,,,,,,
7,VISIT,742,Random,OnArrival,3,35,12227,Node_684,-2,0,-5,-2,-5,,,,,,,,,
7,VISIT,743,Random,OnArrival,3,33,12227,Node_687,-2,0,-3,-2,-3,,,,,,,,,
7,VISIT,744,Random,OnArrival,3,35,12227,Node_714,-10,0,15,-10,15,,,,,,,,,
7,VISIT,745,Random,OnArrival,3,15,12227,Node_457,15,0,1,15,1,,,,,,,,,
7,VISIT,746,Random,OnArrival,3,15,12227,Node_479,15,0,-3,15,-3,,,,,,,,,
7,VISIT,747,Random,OnArrival,3,15,12227,Node_479,15,0,-3,15,-3,,,,,,,,,
7,VISIT,748,Random,OnArrival,3,15,12227,Node_457,15,0,1,15,1,,,,,,,,,
7,VISIT,734,Random,OnArrival,3,78,12236,Node_642,-9,0,18,-9,18,,,,,,,,,
7,VISIT,735,Random,OnArrival,3,63,12236,Node_205,22,0,-3,22,-3,,,,,,,,,
7,VISIT,736,Random,OnArrival,3,71,12236,Node_642,-9,0,18,-9,18,,,,,,,,,
7,VISIT,737,Random,OnArrival,3,65,12236,Node_642,-9,0,18,-9,18,,,,,,,,,
7,VISIT,738,Random,OnArrival,3,55,12236,Node_642,-9,0,18,-9,18,,,,,,,,,
7,VISIT,739,Random,OnArrival,3,45,12236,Node_772,-10,0,25,-10,25,,,,,,,,,
7,VISIT,741,Random,OnArrival,3,36,12236,Node_716,-10,0,16,-10,16,,,,,,,,,
7,VISIT,744,Random,OnArrival,3,36,12236,Node_716,-10,0,16,-10,16,,,,,,,,,
7,VISIT,745,Random,OnArrival,3,16,12236,Node_455,15,0,0,15,0,,,,,,,,,
7,VISIT,746,Random,OnArrival,3,16,12236,Node_483,14,0,-3,14,-3,,,,,,,,,
7,VISIT,747,Random,OnArrival,3,16,12236,Node_483,14,0,-3,14,-3,,,,,,,,,
7,VISIT,748,Random,OnArrival,3,16,12236,Node_455,15,0,0,15,0,,,,,,,,,
7,VISIT,734,Random,OnArrival,3,79,12246,Node_645,-10,0,18,-10,18,,,,,,,,,
7,VISIT,735,Random,OnArrival,3,64,12246,Node_203,23,0,-3,23,-3,,,,,,,,,
7,VISIT,736,Random,OnArrival,3,72,12246,Node_645,-10,0,18,-10,18,,,,,,,,,
7,VISIT,737,Random,OnArrival,3,66,12246,Node_645,-10,0,18,-10,18,,,,,,,,,
7,VISIT,738,Random,OnArrival,3,56,12246,Node_645,-10,0,18,-10,18,,,,,,,,,
7,VISIT,739,Random,OnArrival,3,46,12246,Node_773,-9,0,25,-9,25,,,,,,,,,
7,VISIT,741,Random,OnArrival,3,37,12246,Node_717,-10,0,17,-10,17,,,,,,,,,
7,VISIT,743,Random,OnArrival,3,34,12246,Node_684,-2,0,-5,-2,-5,,,,,,,,,
7,VISIT,744,Random,OnArrival,3,37,12246,Node_717,-10,0,17,-10,17,,,,,,,,,
7,VISIT,745,Random,OnArrival,3,17,12246,Node_453,15,0,-1,15,-1,,,,,,,,,
7,VISIT,748,Random,OnArrival,3,17,12246,Node_453,15,0,-1,15,-1,,,,,,,,,
7,VISIT,741,Random,OnArrival,3,38,12257,Node_645,-10,0,18,-10,18,,,,,,,,,
7,VISIT,742,Random,OnArrival,3,36,12257,Node_680,1,0,-5,1,-5,,,,,,,,,
7,VISIT,744,Random,OnArrival,3,38,12257,Node_645,-10,0,18,-10,18,,,,,,,,,
7,VISIT,745,Random,OnArrival,3,18,12257,Node_452,15,0,-2,15,-2,,,,,,,,,
7,VISIT,746,Random,OnArrival,3,17,12257,Node_763,12,0,-3,12,-3,,,,,,,,,
7,VISIT,747,Random,OnArrival,3,17,12257,Node_763,12,0,-3,12,-3,,,,,,,,,
7,VISIT,748,Random,OnArrival,3,18,12257,Node_452,15,0,-2,15,-2,,,,,,,,,
7,VISIT,734,Random,OnArrival,3,80,12265,Node_722,-10,0,20,-10,20,,,,,,,,,
7,VISIT,736,Random,OnArrival,3,73,12265,Node_722,-10,0,20,-10,20,,,,,,,,,
7,VISIT,737,Random,OnArrival,3,67,12265,Node_722,-10,0,20,-10,20,,,,,,,,,
7,VISIT,738,Random,OnArrival,3,57,12265,Node_722,-10,0,20,-10,20,,,,,,,,,
7,VISIT,745,Random,OnArrival,3,19,12265,Node_479,15,0,-3,15,-3,,,,,,,,,
7,VISIT,748,Random,OnArrival,3,19,12265,Node_479,15,0,-3,15,-3,,,,,,,,,
7,VISIT,734,Random,OnArrival,3,81,12275,Node_609,-9,0,20,-9,20,,,,,,,,,
7,VISIT,735,Random,OnArrival,3,65,12275,Node_201,23,0,-2,23,-2,,,,,,,,,
7,VISIT,736,Random,OnArrival,3,74,12275,Node_609,-9,0,20,-9,20,,,,,,,,,
7,VISIT,737,Random,OnArrival,3,68,12275,Node_609,-9,0,20,-9,20,,,,,,,,,
7,VISIT,738,Random,OnArrival,3,58,12275,Node_609,-9,0,20,-9,20,,,,,,,,,
7,VISIT,741,Random,OnArrival,3,39,12275,Node_722,-10,0,20,-10,20,,,,,,,,,
7,VISIT,743,Random,OnArrival,3,35,12275,Node_680,1,0,-5,1,-5,,,,,,,,,
7,VISIT,744,Random,OnArrival,3,39,12275,Node_722,-10,0,20,-10,20,,,,,,,,,
7,VISIT,745,Random,OnArrival,3,20,12275,Node_483,14,0,-3,14,-3,,,,,,,,,
7,VISIT,746,Random,OnArrival,3,18,12275,Node_483,14,0,-3,14,-3,,,,,,,,,
7,VISIT,747,Random,OnArrival,3,18,12275,Node_483,14,0,-3,14,-3,,,,,,,,,
7,VISIT,748,Random,OnArrival,3,20,12275,Node_483,14,0,-3,14,-3,,,,,,,,,
7,VISIT,734,Random,OnArrival,3,82,12283,Node_768,-9,0,21,-9,21,,,,,,,,,
7,VISIT,735,Random,OnArrival,3,66,12283,Node_416,22,0,-2,22,-2,,,,,,,,,
7,VISIT,736,Random,OnArrival,3,75,12283,Node_722,-10,0,20,-10,20,,,,,,,,,
7,VISIT,737,Random,OnArrival,3,69,12283,Node_722,-10,0,20,-10,20,,,,,,,,,
7,VISIT,738,Random,OnArrival,3,59,12283,Node_722,-10,0,20,-10,20,,,,,,,,,
7,VISIT,741,Random,OnArrival,3,40,12283,Node_609,-9,0,20,-9,20,,,,,,,,,
7,VISIT,744,Random,OnArrival,3,40,12283,Node_609,-9,0,20,-9,20,,,,,,,,,
7,VISIT,746,Random,OnArrival,3,19,12283,Node_482,14,0,-4,14,-4,,,,,,,,,
7,VISIT,747,Random,OnArrival,3,19,12283,Node_482,14,0,-4,14,-4,,,,,,,,,
7,VISIT,734,Random,OnArrival,3,83,12293,Node_723,-10,0,21,-10,21,,,,,,,,,
7,VISIT,735,Random,OnArrival,3,67,12293,Node_201,23,0,-2,23,-2,,,,,,,,,
7,VISIT,736,Random,OnArrival,3,76,12293,Node_723,-10,0,21,-10,21,,,,,,,,,
7,VISIT,737,Random,OnArrival,3,70,12293,Node_723,-10,0,21,-10,21,,,,,,,,,
7,VISIT,738,Random,OnArrival,3,60,12293,Node_723,-10,0,21,-10,21,,,,,,,,,
7,VISIT,741,Random,OnArrival,3,41,12293,Node_768,-9,0,21,-9,21,,,,,,,,,
7,VISIT,742,Random,OnArrival,3,37,12293,Node_552,5,0,-5,5,-5,,,,,,,,,
7,VISIT,744,Random,OnArrival,3,41,12293,Node_768,-9,0,21,-9,21,,,,,,,,,
7,VISIT,745,Random,OnArrival,3,21,12293,Node_763,12,0,-3,12,-3,,,,,,,,,
7,VISIT,746,Random,OnArrival,3,20,12293,Node_481,14,0,-5,14,-5,,,,,,,,,
7,VISIT,747,Random,OnArrival,3,20,12293,Node_481,14,0,-5,14,-5,,,,,,,,,
7,VISIT,748,Random,OnArrival,3,21,12293,Node_763,12,0,-3,12,-3,,,,,,,,,
7,VISIT,734,Random,OnArrival,3,84,12297,Node_770,-10,0,22,-10,22,,,,,,,,,
7,VISIT,735,Random,OnArrival,3,68,12297,Node_776,24,0,-2,24,-2,,,,,,,,,
7,VISIT,736,Random,OnArrival,3,77,12297,Node_770,-10,0,22,-10,22,,,,,,,,,
7,VISIT,737,Random,OnArrival,3,71,12297,Node_770,-10,0,22,-10,22,,,,,,,,,
7,VISIT,738,Random,OnArrival,3,61,12297,Node_770,-10,0,22,-10,22,,,,,,,,,
7,VISIT,741,Random,OnArrival,3,42,12297,Node_769,-9,0,22,-9,22,,,,,,,,,
7,VISIT,744,Random,OnArrival,3,42,12297,Node_769,-9,0,22,-9,22,,,,,,,,,
7,VISIT,745,Random,OnArrival,3,22,12297,Node_537,11,0,-3,11,-3,,,,,,,,,
7,VISIT,746,Random,OnArrival,3,21,12297,Node_454,15,0,-5,15,-5,,,,,,,,,
7,VISIT,747,Random,OnArrival,3,21,12297,Node_454,15,0,-5,15,-5,,,,,,,,,
7,VISIT,748,Random,OnArrival,3,22,12297,Node_537,11,0,-3,11,-3,,,,,,,,,
7,VISIT,741,Random,OnArrival,3,43,12302,Node_770,-10,0,22,-10,22,,,,,,,,,
7,VISIT,743,Random,OnArrival,3,36,12302,Node_552,5,0,-5,5,-5,,,,,,,,,
7,VISIT,744,Random,OnArrival,3,43,12302,Node_770,-10,0,22,-10,22,,,,,,,,,
7,VISIT,745,Random,OnArrival,3,23,12302,Node_539,11,0,-4,11,-4,,,,,,,,,
7,VISIT,748,Random,OnArrival,3,23,12302,Node_539,11,0,-4,11,-4,,,,,,,,,
7,VISIT,734,Random,OnArrival,3,85,12307,Node_771,-10,0,24,-10,24,,,,,,,,,
7,VISIT,736,Random,OnArrival,3,78,12307,Node_771,-10,0,24,-10,24,,,,,,,,,
7,VISIT,737,Random,OnArrival,3,72,12307,Node_771,-10,0,24,-10,24,,,,,,,,,
7,VISIT,738,Random,OnArrival,3,62,12307,Node_771,-10,0,24,-10,24,,,,,,,,,
7,VISIT,742,Random,OnArrival,3,38,12307,Node_551,8,0,-5,8,-5,,,,,,,,,
7,VISIT,745,Random,OnArrival,3,24,12307,Node_541,11,0,-5,11,-5,,,,,,,,,
7,VISIT,746,Random,OnArrival,3,22,12307,Node_451,17,0,-5,17,-5,,,,,,,,,
7,VISIT,747,Random,OnArrival,3,22,12307,Node_451,17,0,-5,17,-5,,,,,,,,,
7,VISIT,748,Random,OnArrival,3,24,12307,Node_541,11,0,-5,11,-5,,,,,,,,,
7,VISIT,734,Random,OnArrival,3,86,12312,Node_772,-10,0,25,-10,25,,,,,,,,,
7,VISIT,736,Random,OnArrival,3,79,12312,Node_772,-10,0,25,-10,25,,,,,,,,,
7,VISIT,737,Random,OnArrival,3,73,12312,Node_772,-10,0,25,-10,25,,,,,,,,,
7,VISIT,738,Random,OnArrival,3,63,12312,Node_772,-10,0,25,-10,25,,,,,,,,,
7,VISIT,741,Random,OnArrival,3,44,12312,Node_771,-10,0,24,-10,24,,,,,,,,,
7,VISIT,744,Random,OnArrival,3,44,12312,Node_771,-10,0,24,-10,24,,,,,,,,,
7,VISIT,745,Random,OnArrival,3,25,12312,Node_543,10,0,-5,10,-5,,,,,,,,,
7,VISIT,746,Random,OnArrival,3,23,12312,Node_448,18,0,-5,18,-5,,,,,,,,,
7,VISIT,747,Random,OnArrival,3,23,12312,Node_448,18,0,-5,18,-5,,,,,,,,,
7,VISIT,748,Random,OnArrival,3,25,12312,Node_543,10,0,-5,10,-5,,,,,,,,,
7,VISIT,734,Random,OnArrival,3,87,12317,Node_773,-9,0,25,-9,25,,,,,,,,,
7,VISIT,736,Random,OnArrival,3,80,12317,Node_773,-9,0,25,-9,25,,,,,,,,,
7,VISIT,737,Random,OnArrival,3,74,12317,Node_773,-9,0,25,-9,25,,,,,,,,,
7,VISIT,738,Random,OnArrival,3,64,12317,Node_773,-9,0,25,-9,25,,,,,,,,,
7,VISIT,741,Random,OnArrival,3,45,12317,Node_772,-10,0,25,-10,25,,,,,,,,,
7,VISIT,742,Random,OnArrival,3,39,12317,Node_543,10,0,-5,10,-5,,,,,,,,,
7,VISIT,743,Random,OnArrival,3,37,12317,Node_551,8,0,-5,8,-5,,,,,,,,,
7,VISIT,744,Random,OnArrival,3,45,12317,Node_772,-10,0,25,-10,25,,,,,,,,,
7,VISIT,746,Random,OnArrival,3,24,12317,Node_447,19,0,-5,19,-5,,,,,,,,,
7,VISIT,747,Random,OnArrival,3,24,12317,Node_447,19,0,-5,19,-5,,,,,,,,,
7,VISIT,741,Random,OnArrival,3,46,12327,Node_773,-9,0,25,-9,25,,,,,,,,,
7,VISIT,742,Random,OnArrival,3,40,12327,Node_541,11,0,-5,11,-5,,,,,,,,,
7,VISIT,744,Random,OnArrival,3,46,12327,Node_773,-9,0,25,-9,25,,,,,,,,,
7,VISIT,745,Random,OnArrival,3,26,12327,Node_551,8,0,-5,8,-5,,,,,,,,,
7,VISIT,746,Random,OnArrival,3,25,12327,Node_461,20,0,-5,20,-5,,,,,,,,,
7,VISIT,747,Random,OnArrival,3,25,12327,Node_461,20,0,-5,20,-5,,,,,,,,,
7,VISIT,748,Random,OnArrival,3,26,12327,Node_551,8,0,-5,8,-5,,,,,,,,,
7,VISIT,734,Random,OnArrival,3,88,12332,Node_777,-7,0,25,-7,25,,,,,,,,,
7,VISIT,736,Random,OnArrival,3,81,12332,Node_777,-7,0,25,-7,25,,,,,,,,,
7,VISIT,737,Random,OnArrival,3,75,12332,Node_777,-7,0,25,-7,25,,,,,,,,,
7,VISIT,738,Random,OnArrival,3,65,12332,Node_777,-7,0,25,-7,25,,,,,,,,,
7,VISIT,742,Random,OnArrival,3,41,12332,Node_539,11,0,-4,11,-4,,,,,,,,,
7,VISIT,743,Random,OnArrival,3,38,12332,Node_543,10,0,-5,10,-5,,,,,,,,,
7,VISIT,746,Random,OnArrival,3,26,12332,Node_465,21,0,-5,21,-5,,,,,,,,,
7,VISIT,747,Random,OnArrival,3,26,12332,Node_465,21,0,-5,21,-5,,,,,,,,,
7,VISIT,741,Random,OnArrival,3,47,12342,Node_777,-7,0,25,-7,25,,,,,,,,,
7,VISIT,742,Random,OnArrival,3,42,12342,Node_537,11,0,-3,11,-3,,,,,,,,,
7,VISIT,743,Random,OnArrival,3,39,12342,Node_541,11,0,-5,11,-5,,,,,,,,,
7,VISIT,744,Random,OnArrival,3,47,12342,Node_777,-7,0,25,-7,25,,,,,,,,,
7,VISIT,746,Random,OnArrival,3,27,12342,Node_423,22,0,-5,22,-5,,,,,,,,,
7,VISIT,747,Random,OnArrival,3,27,12342,Node_423,22,0,-5,22,-5,,,,,,,,,
7,VISIT,741,Random,OnArrival,3,48,12352,Node_783,-6,0,25,-6,25,,,,,,,,,
7,VISIT,742,Random,OnArrival,3,43,12352,Node_763,12,0,-3,12,-3,,,,,,,,,
7,VISIT,743,Random,OnArrival,3,40,12352,Node_539,11,0,-4,11,-4,,,,,,,,,
7,VISIT,744,Random,OnArrival,3,48,12352,Node_783,-6,0,25,-6,25,,,,,,,,,
7,VISIT,745,Random,OnArrival,3,27,12352,Node_552,5,0,-5,5,-5,,,,,,,,,
7,VISIT,746,Random,OnArrival,3,28,12352,Node_420,22,0,-4,22,-4,,,,,,,,,
7,VISIT,747,Random,OnArrival,3,28,12352,Node_420,22,0,-4,22,-4,,,,,,,,,
7,VISIT,748,Random,OnArrival,3,27,12352,Node_552,5,0,-5,5,-5,,,,,,,,,
7,VISIT,734,Random,OnArrival,3,89,12356,Node_778,-7,0,24,-7,24,,,,,,,,,
7,VISIT,736,Random,OnArrival,3,82,12356,Node_778,-7,0,24,-7,24,,,,,,,,,
7,VISIT,737,Random,OnArrival,3,76,12356,Node_778,-7,0,24,-7,24,,,,,,,,,
7,VISIT,738,Random,OnArrival,3,66,12356,Node_778,-7,0,24,-7,24,,,,,,,,,
7,VISIT,742,Random,OnArrival,3,44,12356,Node_537,11,0,-3,11,-3,,,,,,,,,
7,VISIT,743,Random,OnArrival,3,41,12356,Node_537,11,0,-3,11,-3,,,,,,,,,
7,VISIT,746,Random,OnArrival,3,29,12356,Node_205,22,0,-3,22,-3,,,,,,,,,
7,VISIT,747,Random,OnArrival,3,29,12356,Node_205,22,0,-3,22,-3,,,,,,,,,
7,VISIT,749,Random,OnArrival,3,0,12356,Node_6,19,0,12,19,12,,,,,,,,,
7,VISIT,750,Random,OnArrival,3,0,12356,Node_7,19,0,8,19,8,,,,,,,,,
7,VISIT,751,Random,OnArrival,3,0,12356,Node_8,17,0,10,17,10,,,,,,,,,
7,VISIT,752,Random,OnArrival,3,0,12356,Node_9,21,0,10,21,10,,,,,,,,,
7,VISIT,734,Random,OnArrival,3,90,12360,Node_777,-7,0,25,-7,25,,,,,,,,,
7,VISIT,736,Random,OnArrival,3,83,12360,Node_784,-6,0,24,-6,24,,,,,,,,,
7,VISIT,737,Random,OnArrival,3,77,12360,Node_784,-6,0,24,-6,24,,,,,,,,,
7,VISIT,738,Random,OnArrival,3,67,12360,Node_784,-6,0,24,-6,24,,,,,,,,,
7,VISIT,742,Random,OnArrival,3,45,12360,Node_539,11,0,-4,11,-4,,,,,,,,,
7,VISIT,743,Random,OnArrival,3,42,12360,Node_763,12,0,-3,12,-3,,,,,,,,,
7,VISIT,746,Random,OnArrival,3,30,12360,Node_416,22,0,-2,22,-2,,,,,,,,,
7,VISIT,747,Random,OnArrival,3,30,12360,Node_416,22,0,-2,22,-2,,,,,,,,,
7,VISIT,749,Random,OnArrival,3,1,12360,Node_2,19,0,11,19,11,,,,,,,,,
7,VISIT,750,Random,OnArrival,3,1,12360,Node_11,18,0,8,18,8,,,,,,,,,
7,VISIT,751,Random,OnArrival,3,1,12360,Node_24,16,0,10,16,10,,,,,,,,,
7,VISIT,752,Random,OnArrival,3,1,12360,Node_5,20,0,10,20,10,,,,,,,,,
7,VISIT,734,Random,OnArrival,3,91,12364,Node_783,-6,0,25,-6,25,,,,,,,,,
7,VISIT,736,Random,OnArrival,3,84,12364,Node_786,-5,0,24,-5,24,,,,,,,,,
7,VISIT,737,Random,OnArrival,3,78,12364,Node_786,-5,0,24,-5,24,,,,,,,,,
7,VISIT,738,Random,OnArrival,3,68,12364,Node_786,-5,0,24,-5,24,,,,,,,,,
7,VISIT,742,Random,OnArrival,3,46,12364,Node_541,11,0,-5,11,-5,,,,,,,,,
7,VISIT,743,Random,OnArrival,3,43,12364,Node_537,11,0,-3,11,-3,,,,,,,,,
7,VISIT,746,Random,OnArrival,3,31,12364,Node_415,22,0,-1,22,-1,,,,,,,,,
7,VISIT,747,Random,OnArrival,3,31,12364,Node_415,22,0,-1,22,-1,,,,,,,,,
7,VISIT,749,Random,OnArrival,3,2,12364,Node_20,19,0,10,19,10,,,,,,,,,
7,VISIT,750,Random,OnArrival,3,2,12364,Node_38,17,0,8,17,8,,,,,,,,,
7,VISIT,751,Random,OnArrival,3,2,12364,Node_26,15,0,10,15,10,,,,,,,,,
7,VISIT,752,Random,OnArrival,3,2,12364,Node_20,19,0,10,19,10,,,,,,,,,
7,VISIT,734,Random,OnArrival,3,92,12368,Node_785,-5,0,25,-5,25,,,,,,,,,
7,VISIT,736,Random,OnArrival,3,85,12368,Node_787,-5,0,23,-5,23,,,,,,,,,
7,VISIT,737,Random,OnArrival,3,79,12368,Node_787,-5,0,23,-5,23,,,,,,,,,
7,VISIT,738,Random,OnArrival,3,69,12368,Node_787,-5,0,23,-5,23,,,,,,,,,
7,VISIT,742,Random,OnArrival,3,47,12368,Node_543,10,0,-5,10,-5,,,,,,,,,
7,VISIT,743,Random,OnArrival,3,44,12368,Node_539,11,0,-4,11,-4,,,,,,,,,
7,VISIT,745,Random,OnArrival,3,28,12368,Node_680,1,0,-5,1,-5,,,,,,,,,
7,VISIT,746,Random,OnArrival,3,32,12368,Node_199,23,0,-1,23,-1,,,,,,,,,
7,VISIT,747,Random,OnArrival,3,32,12368,Node_199,23,0,-1,23,-1,,,,,,,,,
7,VISIT,748,Random,OnArrival,3,28,12368,Node_680,1,0,-5,1,-5,,,,,,,,,
7,VISIT,749,Random,OnArrival,3,3,12368,Node_4,18,0,10,18,10,,,,,,,,,
7,VISIT,750,Random,OnArrival,3,3,12368,Node_78,17,0,7,17,7,,,,,,,,,
7,VISIT,751,Random,OnArrival,3,3,12368,Node_50,14,0,10,14,10,,,,,,,,,
7,VISIT,752,Random,OnArrival,3,3,12368,Node_4,18,0,10,18,10,,,,,,,,,
7,VISIT,736,Random,OnArrival,3,86,12372,Node_788,-5,0,22,-5,22,,,,,,,,,
7,VISIT,737,Random,OnArrival,3,80,12372,Node_788,-5,0,22,-5,22,,,,,,,,,
7,VISIT,738,Random,OnArrival,3,70,12372,Node_788,-5,0,22,-5,22,,,,,,,,,
7,VISIT,743,Random,OnArrival,3,45,12372,Node_541,11,0,-5,11,-5,,,,,,,,,
7,VISIT,746,Random,OnArrival,3,33,12372,Node_201,23,0,-2,23,-2,,,,,,,,,
7,VISIT,747,Random,OnArrival,3,33,12372,Node_201,23,0,-2,23,-2,,,,,,,,,
7,VISIT,749,Random,OnArrival,3,4,12372,Node_8,17,0,10,17,10,,,,,,,,,
7,VISIT,750,Random,OnArrival,3,4,12372,Node_79,16,0,7,16,7,,,,,,,,,
7,VISIT,751,Random,OnArrival,3,4,12372,Node_168,13,0,10,13,10,,,,,,,,,
7,VISIT,752,Random,OnArrival,3,4,12372,Node_8,17,0,10,17,10,,,,,,,,,
7,VISIT,736,Random,OnArrival,3,87,12376,Node_789,-4,0,22,-4,22,,,,,,,,,
7,VISIT,737,Random,OnArrival,3,81,12376,Node_789,-4,0,22,-4,22,,,,,,,,,
7,VISIT,738,Random,OnArrival,3,71,12376,Node_789,-4,0,22,-4,22,,,,,,,,,
7,VISIT,742,Random,OnArrival,3,48,12376,Node_551,8,0,-5,8,-5,,,,,,,,,
7,VISIT,743,Random,OnArrival,3,46,12376,Node_543,10,0,-5,10,-5,,,,,,,,,
7,VISIT,746,Random,OnArrival,3,34,12376,Node_776,24,0,-2,24,-2,,,,,,,,,
7,VISIT,747,Random,OnArrival,3,34,12376,Node_776,24,0,-2,24,-2,,,,,,,,,
7,VISIT,749,Random,OnArrival,3,5,12376,Node_24,16,0,10,16,10,,,,,,,,,
7,VISIT,750,Random,OnArrival,3,5,12376,Node_153,16,0,6,16,6,,,,,,,,,
7,VISIT,751,Random,OnArrival,3,5,12376,Node_167,13,0,9,13,9,,,,,,,,,
7,VISIT,752,Random,OnArrival,3,5,12376,Node_24,16,0,10,16,10,,,,,,,,,
7,VISIT,736,Random,OnArrival,3,88,12380,Node_790,-4,0,23,-4,23,,,,,,,,,
7,VISIT,737,Random,OnArrival,3,82,12380,Node_790,-4,0,23,-4,23,,,,,,,,,
7,VISIT,738,Random,OnArrival,3,72,12380,Node_790,-4,0,23,-4,23,,,,,,,,,
7,VISIT,741,Random,OnArrival,3,49,12380,Node_787,-5,0,23,-5,23,,,,,,,,,
7,VISIT,744,Random,OnArrival,3,49,12380,Node_787,-5,0,23,-5,23,,,,,,,,,
7,VISIT,745,Random,OnArrival,3,29,12380,Node_684,-2,0,-5,-2,-5,,,,,,,,,
7,VISIT,748,Random,OnArrival,3,29,12380,Node_684,-2,0,-5,-2,-5,,,,,,,,,
7,VISIT,749,Random,OnArrival,3,6,12380,Node_26,15,0,10,15,10,,,,,,,,,
7,VISIT,750,Random,OnArrival,3,6,12380,Node_83,15,0,6,15,6,,,,,,,,,
7,VISIT,751,Random,OnArrival,3,6,12380,Node_177,12,0,9,12,9,,,,,,,,,
7,VISIT,752,Random,OnArrival,3,6,12380,Node_26,15,0,10,15,10,,,,,,,,,
7,VISIT,736,Random,OnArrival,3,89,12384,Node_787,-5,0,23,-5,23,,,,,,,,,
7,VISIT,737,Random,OnArrival,3,83,12384,Node_787,-5,0,23,-5,23,,,,,,,,,
7,VISIT,738,Random,OnArrival,3,73,12384,Node_787,-5,0,23,-5,23,,,,,,,,,
7,VISIT,741,Random,OnArrival,3,50,12384,Node_790,-4,0,23,-4,23,,,,,,,,,
7,VISIT,743,Random,OnArrival,3,47,12384,Node_551,8,0,-5,8,-5,,,,,,,,,
7,VISIT,744,Random,OnArrival,3,50,12384,Node_788,-5,0,22,-5,22,,,,,,,,,
7,VISIT,746,Random,OnArrival,3,35,12384,Node_779,26,0,-2,26,-2,,,,,,,,,
7,VISIT,747,Random,OnArrival,3,35,12384,Node_779,26,0,-2,26,-2,,,,,,,,,
7,VISIT,749,Random,OnArrival,3,7,12384,Node_50,14,0,10,14,10,,,,,,,,,
7,VISIT,750,Random,OnArrival,3,7,12384,Node_158,14,0,6,14,6,,,,,,,,,
7,VISIT,751,Random,OnArrival,3,7,12384,Node_207,11,0,9,11,9,,,,,,,,,
7,VISIT,752,Random,OnArrival,3,7,12384,Node_50,14,0,10,14,10,,,,,,,,,
7,VISIT,736,Random,OnArrival,3,90,12388,Node_786,-5,0,24,-5,24,,,,,,,,,
7,VISIT,737,Random,OnArrival,3,84,12388,Node_790,-4,0,23,-4,23,,,,,,,,,
7,VISIT,738,Random,OnArrival,3,74,12388,Node_786,-5,0,24,-5,24,,,,,,,,,
7,VISIT,742,Random,OnArrival,3,49,12388,Node_552,5,0,-5,5,-5,,,,,,,,,
7,VISIT,744,Random,OnArrival,3,51,12388,Node_789,-4,0,22,-4,22,,,,,,,,,
7,VISIT,745,Random,OnArrival,3,30,12388,Node_687,-2,0,-3,-2,-3,,,,,,,,,
7,VISIT,748,Random,OnArrival,3,30,12388,Node_687,-2,0,-3,-2,-3,,,,,,,,,
7,VISIT,749,Random,OnArrival,3,8,12388,Node_168,13,0,10,13,10,,,,,,,,,
7,VISIT,750,Random,OnArrival,3,8,12388,Node_159,13,0,6,13,6,,,,,,,,,
7,VISIT,751,Random,OnArrival,3,8,12388,Node_213,10,0,9,10,9,,,,,,,,,
7,VISIT,752,Random,OnArrival,3,8,12388,Node_168,13,0,10,13,10,,,,,,,,,
7,VISIT,736,Random,OnArrival,3,91,12392,Node_785,-5,0,25,-5,25,,,,,,,,,
7,VISIT,737,Random,OnArrival,3,85,12392,Node_792,-3,0,23,-3,23,,,,,,,,,
7,VISIT,738,Random,OnArrival,3,75,12392,Node_785,-5,0,25,-5,25,,,,,,,,,
7,VISIT,745,Random,OnArrival,3,31,12392,Node_689,-3,0,-3,-3,-3,,,,,,,,,
7,VISIT,748,Random,OnArrival,3,31,12392,Node_689,-3,0,-3,-3,-3,,,,,,,,,
7,VISIT,749,Random,OnArrival,3,9,12392,Node_167,13,0,9,13,9,,,,,,,,,
7,VISIT,750,Random,OnArrival,3,9,12392,Node_184,12,0,6,12,6,,,,,,,,,
7,VISIT,751,Random,OnArrival,3,9,12392,Node_214,10,0,10,10,10,,,,,,,,,
7,VISIT,752,Random,OnArrival,3,9,12392,Node_167,13,0,9,13,9,,,,,,,,,
7,VISIT,736,Random,OnArrival,3,92,12396,Node_786,-5,0,24,-5,24,,,,,,,,,
7,VISIT,737,Random,OnArrival,3,86,12396,Node_795,-3,0,22,-3,22,,,,,,,,,
7,VISIT,741,Random,OnArrival,3,51,12396,Node_789,-4,0,22,-4,22,,,,,,,,,
7,VISIT,743,Random,OnArrival,3,48,12396,Node_552,5,0,-5,5,-5,,,,,,,,,
7,VISIT,749,Random,OnArrival,3,10,12396,Node_177,12,0,9,12,9,,,,,,,,,
7,VISIT,750,Random,OnArrival,3,10,12396,Node_470,11,0,6,11,6,,,,,,,,,
7,VISIT,751,Random,OnArrival,3,10,12396,Node_488,9,0,10,9,10,,,,,,,,,
7,VISIT,752,Random,OnArrival,3,10,12396,Node_177,12,0,9,12,9,,,,,,,,,
7,VISIT,734,Random,OnArrival,3,93,12400,Node_526,1,0,25,1,25,,,,,,,,,
7,VISIT,736,Random,OnArrival,3,93,12400,Node_787,-5,0,23,-5,23,,,,,,,,,
7,VISIT,737,Random,OnArrival,3,87,12400,Node_798,-2,0,22,-2,22,,,,,,,,,
7,VISIT,741,Random,OnArrival,3,52,12400,Node_795,-3,0,22,-3,22,,,,,,,,,
7,VISIT,749,Random,OnArrival,3,11,12400,Node_207,11,0,9,11,9,,,,,,,,,
7,VISIT,750,Random,OnArrival,3,11,12400,Node_471,10,0,6,10,6,,,,,,,,,
7,VISIT,751,Random,OnArrival,3,11,12400,Node_643,8,0,10,8,10,,,,,,,,,
7,VISIT,752,Random,OnArrival,3,11,12400,Node_207,11,0,9,11,9,,,,,,,,,
7,VISIT,734,Random,OnArrival,3,94,12404,Node_791,0,0,25,0,25,,,,,,,,,
7,VISIT,736,Random,OnArrival,3,94,12404,Node_788,-5,0,22,-5,22,,,,,,,,,
7,VISIT,737,Random,OnArrival,3,88,12404,Node_800,-2,0,23,-2,23,,,,,,,,,
7,VISIT,741,Random,OnArrival,3,53,12404,Node_792,-3,0,23,-3,23,,,,,,,,,
7,VISIT,742,Random,OnArrival,3,50,12404,Node_680,1,0,-5,1,-5,,,,,,,,,
7,VISIT,744,Random,OnArrival,3,52,12404,Node_792,-3,0,23,-3,23,,,,,,,,,
7,VISIT,745,Random,OnArrival,3,32,12404,Node_693,-3,0,0,-3,0,,,,,,,,,
7,VISIT,748,Random,OnArrival,3,32,12404,Node_693,-3,0,0,-3,0,,,,,,,,,
7,VISIT,749,Random,OnArrival,3,12,12404,Node_213,10,0,9,10,9,,,,,,,,,
7,VISIT,750,Random,OnArrival,3,12,12404,Node_485,9,0,6,9,6,,,,,,,,,
7,VISIT,752,Random,OnArrival,3,12,12404,Node_213,10,0,9,10,9,,,,,,,,,
7,VISIT,734,Random,OnArrival,3,95,12408,Node_794,0,0,24,0,24,,,,,,,,,
7,VISIT,736,Random,OnArrival,3,95,12408,Node_789,-4,0,22,-4,22,,,,,,,,,
7,VISIT,737,Random,OnArrival,3,89,12408,Node_792,-3,0,23,-3,23,,,,,,,,,
7,VISIT,741,Random,OnArrival,3,54,12408,Node_800,-2,0,23,-2,23,,,,,,,,,
7,VISIT,744,Random,OnArrival,3,53,12408,Node_795,-3,0,22,-3,22,,,,,,,,,
7,VISIT,745,Random,OnArrival,3,33,12408,Node_690,-3,0,1,-3,1,,,,,,,,,
7,VISIT,748,Random,OnArrival,3,33,12408,Node_690,-3,0,1,-3,1,,,,,,,,,
7,VISIT,749,Random,OnArrival,3,13,12408,Node_214,10,0,10,10,10,,,,,,,,,
7,VISIT,750,Random,OnArrival,3,13,12408,Node_489,8,0,6,8,6,,,,,,,,,
7,VISIT,751,Random,OnArrival,3,12,12408,Node_576,6,0,10,6,10,,,,,,,,,
7,VISIT,752,Random,OnArrival,3,13,12408,Node_214,10,0,10,10,10,,,,,,,,,
7,VISIT,734,Random,OnArrival,3,96,12412,Node_797,1,0,24,1,24,,,,,,,,,
7,VISIT,736,Random,OnArrival,3,96,12412,Node_795,-3,0,22,-3,22,,,,,,,,,
7,VISIT,737,Random,OnArrival,3,90,12412,Node_795,-3,0,22,-3,22,,,,,,,,,
7,VISIT,738,Random,OnArrival,3,76,12412,Node_791,0,0,25,0,25,,,,,,,,,
7,VISIT,741,Random,OnArrival,3,55,12412,Node_798,-2,0,22,-2,22,,,,,,,,,
7,VISIT,743,Random,OnArrival,3,49,12412,Node_680,1,0,-5,1,-5,,,,,,,,,
7,VISIT,744,Random,OnArrival,3,54,12412,Node_798,-2,0,22,-2,22,,,,,,,,,
7,VISIT,745,Random,OnArrival,3,34,12412,Node_692,-3,0,2,-3,2,,,,,,,,,
7,VISIT,746,Random,OnArrival,3,36,12412,Node_799,26,0,-5,26,-5,,,,,,,,,
7,VISIT,747,Random,OnArrival,3,36,12412,Node_799,26,0,-5,26,-5,,,,,,,,,
7,VISIT,748,Random,OnArrival,3,34,12412,Node_692,-3,0,2,-3,2,,,,,,,,,
7,VISIT,749,Random,OnArrival,3,14,12412,Node_488,9,0,10,9,10,,,,,,,,,
7,VISIT,750,Random,OnArrival,3,14,12412,Node_498,7,0,6,7,6,,,,,,,,,
7,VISIT,751,Random,OnArrival,3,13,12412,Node_509,5,0,10,5,10,,,,,,,,,
7,VISIT,752,Random,OnArrival,3,14,12412,Node_488,9,0,10,9,10,,,,,,,,,
7,VISIT,734,Random,OnArrival,3,97,12416,Node_524,2,0,24,2,24,,,,,,,,,
7,VISIT,736,Random,OnArrival,3,97,12416,Node_798,-2,0,22,-2,22,,,,,,,,,
7,VISIT,737,Random,OnArrival,3,91,12416,Node_798,-2,0,22,-2,22,,,,,,,,,
7,VISIT,738,Random,OnArrival,3,77,12416,Node_526,1,0,25,1,25,,,,,,,,,
7,VISIT,742,Random,OnArrival,3,51,12416,Node_675,1,0,-2,1,-2,,,,,,,,,
7,VISIT,749,Random,OnArrival,3,15,12416,Node_643,8,0,10,8,10,,,,,,,,,
7,VISIT,750,Random,OnArrival,3,15,12416,Node_499,6,0,6,6,6,,,,,,,,,
7,VISIT,752,Random,OnArrival,3,15,12416,Node_643,8,0,10,8,10,,,,,,,,,
7,VISIT,736,Random,OnArrival,3,98,12420,Node_802,-1,0,22,-1,22,,,,,,,,,
7,VISIT,737,Random,OnArrival,3,92,12420,Node_802,-1,0,22,-1,22,,,,,,,,,
7,VISIT,738,Random,OnArrival,3,78,12420,Node_525,2,0,25,2,25,,,,,,,,,
7,VISIT,745,Random,OnArrival,3,35,12420,Node_694,-3,0,4,-3,4,,,,,,,,,
7,VISIT,748,Random,OnArrival,3,35,12420,Node_694,-3,0,4,-3,4,,,,,,,,,
7,VISIT,750,Random,OnArrival,3,16,12420,Node_504,5,0,6,5,6,,,,,,,,,
7,VISIT,751,Random,OnArrival,3,14,12420,Node_510,5,0,12,5,12,,,,,,,,,
7,VISIT,734,Random,OnArrival,3,98,12424,Node_523,2,0,22,2,22,,,,,,,,,
7,VISIT,738,Random,OnArrival,3,79,12424,Node_524,2,0,24,2,24,,,,,,,,,
7,VISIT,741,Random,OnArrival,3,56,12424,Node_735,-1,0,20,-1,20,,,,,,,,,
7,VISIT,742,Random,OnArrival,3,52,12424,Node_557,3,0,-2,3,-2,,,,,,,,,
7,VISIT,743,Random,OnArrival,3,50,12424,Node_675,1,0,-2,1,-2,,,,,,,,,
7,VISIT,744,Random,OnArrival,3,55,12424,Node_735,-1,0,20,-1,20,,,,,,,,,
7,VISIT,749,Random,OnArrival,3,16,12424,Node_576,6,0,10,6,10,,,,,,,,,
7,VISIT,751,Random,OnArrival,3,15,12424,Node_511,5,0,13,5,13,,,,,,,,,
7,VISIT,752,Random,OnArrival,3,16,12424,Node_576,6,0,10,6,10,,,,,,,,,
7,VISIT,734,Random,OnArrival,3,99,12428,Node_521,3,0,22,3,22,,,,,,,,,
7,VISIT,736,Random,OnArrival,3,99,12428,Node_735,-1,0,20,-1,20,,,,,,,,,
7,VISIT,737,Random,OnArrival,3,93,12428,Node_735,-1,0,20,-1,20,,,,,,,,,
7,VISIT,749,Random,OnArrival,3,17,12428,Node_509,5,0,10,5,10,,,,,,,,,
7,VISIT,751,Random,OnArrival,3,16,12428,Node_512,5,0,14,5,14,,,,,,,,,
7,VISIT,752,Random,OnArrival,3,17,12428,Node_509,5,0,10,5,10,,,,,,,,,
7,VISIT,753,Random,OnArrival,3,0,12432,Node_6,19,0,12,19,12,,,,,,,,,
7,VISIT,754,Random,OnArrival,3,0,12432,Node_7,19,0,8,19,8,,,,,,,,,
7,VISIT,755,Random,OnArrival,3,0,12432,Node_8,17,0,10,17,10,,,,,,,,,
7,VISIT,756,Random,OnArrival,3,0,12432,Node_9,21,0,10,21,10,,,,,,,,,
7,VISIT,734,Random,OnArrival,3,100,12433,Node_520,3,0,21,3,21,,,,,,,,,
7,VISIT,736,Random,OnArrival,3,100,12433,Node_806,-2,0,20,-2,20,,,,,,,,,
7,VISIT,737,Random,OnArrival,3,94,12433,Node_806,-2,0,20,-2,20,,,,,,,,,
7,VISIT,738,Random,OnArrival,3,80,12433,Node_523,2,0,22,2,22,,,,,,,,,
7,VISIT,742,Random,OnArrival,3,53,12433,Node_562,3,0,0,3,0,,,,,,,,,
7,VISIT,743,Random,OnArrival,3,51,12433,Node_557,3,0,-2,3,-2,,,,,,,,,
7,VISIT,746,Random,OnArrival,3,37,12433,Node_781,27,0,-1,27,-1,,,,,,,,,
7,VISIT,747,Random,OnArrival,3,37,12433,Node_781,27,0,-1,27,-1,,,,,,,,,
7,VISIT,750,Random,OnArrival,3,17,12433,Node_508,5,0,9,5,9,,,,,,,,,
7,VISIT,751,Random,OnArrival,3,17,12433,Node_513,5,0,15,5,15,,,,,,,,,
7,VISIT,753,Random,OnArrival,3,1,12436,Node_2,19,0,11,19,11,,,,,,,,,
7,VISIT,754,Random,OnArrival,3,1,12436,Node_46,20,0,8,20,8,,,,,,,,,
7,VISIT,755,Random,OnArrival,3,1,12436,Node_4,18,0,10,18,10,,,,,,,,,
7,VISIT,756,Random,OnArrival,3,1,12436,Node_47,21,0,9,21,9,,,,,,,,,
7,VISIT,734,Random,OnArrival,3,101,12437,Node_659,2,0,21,2,21,,,,,,,,,
7,VISIT,736,Random,OnArrival,3,101,12437,Node_808,-2,0,19,-2,19,,,,,,,,,
7,VISIT,737,Random,OnArrival,3,95,12437,Node_808,-2,0,19,-2,19,,,,,,,,,
7,VISIT,738,Random,OnArrival,3,81,12437,Node_659,2,0,21,2,21,,,,,,,,,
7,VISIT,745,Random,OnArrival,3,36,12437,Node_696,-7,0,4,-7,4,,,,,,,,,
7,VISIT,746,Random,OnArrival,3,38,12437,Node_402,28,0,-1,28,-1,,,,,,,,,
7,VISIT,747,Random,OnArrival,3,38,12437,Node_402,28,0,-1,28,-1,,,,,,,,,
7,VISIT,748,Random,OnArrival,3,36,12437,Node_696,-7,0,4,-7,4,,,,,,,,,
7,VISIT,749,Random,OnArrival,3,18,12437,Node_510,5,0,12,5,12,,,,,,,,,
7,VISIT,750,Random,OnArrival,3,18,12437,Node_509,5,0,10,5,10,,,,,,,,,
7,VISIT,751,Random,OnArrival,3,18,12437,Node_514,5,0,16,5,16,,,,,,,,,
7,VISIT,752,Random,OnArrival,3,18,12437,Node_510,5,0,12,5,12,,,,,,,,,
7,VISIT,753,Random,OnArrival,3,2,12440,Node_20,19,0,10,19,10,,,,,,,,,
7,VISIT,754,Random,OnArrival,3,2,12440,Node_49,21,0,8,21,8,,,,,,,,,
7,VISIT,755,Random,OnArrival,3,2,12440,Node_15,18,0,9,18,9,,,,,,,,,
7,VISIT,756,Random,OnArrival,3,2,12440,Node_49,21,0,8,21,8,,,,,,,,,
7,VISIT,734,Random,OnArrival,3,102,12441,Node_657,2,0,20,2,20,,,,,,,,,
7,VISIT,736,Random,OnArrival,3,102,12441,Node_809,-2,0,18,-2,18,,,,,,,,,
7,VISIT,737,Random,OnArrival,3,96,12441,Node_809,-2,0,18,-2,18,,,,,,,,,
7,VISIT,738,Random,OnArrival,3,82,12441,Node_663,1,0,21,1,21,,,,,,,,,
7,VISIT,743,Random,OnArrival,3,52,12441,Node_562,3,0,0,3,0,,,,,,,,,
7,VISIT,745,Random,OnArrival,3,37,12441,Node_697,-7,0,5,-7,5,,,,,,,,,
7,VISIT,748,Random,OnArrival,3,37,12441,Node_697,-7,0,5,-7,5,,,,,,,,,
7,VISIT,749,Random,OnArrival,3,19,12441,Node_511,5,0,13,5,13,,,,,,,,,
7,VISIT,751,Random,OnArrival,3,19,12441,Node_515,5,0,17,5,17,,,,,,,,,
7,VISIT,752,Random,OnArrival,3,19,12441,Node_511,5,0,13,5,13,,,,,,,,,
7,VISIT,753,Random,OnArrival,3,3,12444,Node_3,19,0,9,19,9,,,,,,,,,
7,VISIT,754,Random,OnArrival,3,3,12444,Node_51,21,0,7,21,7,,,,,,,,,
7,VISIT,755,Random,OnArrival,3,3,12444,Node_3,19,0,9,19,9,,,,,,,,,
7,VISIT,756,Random,OnArrival,3,3,12444,Node_51,21,0,7,21,7,,,,,,,,,
7,VISIT,736,Random,OnArrival,3,103,12445,Node_810,-2,0,17,-2,17,,,,,,,,,
7,VISIT,737,Random,OnArrival,3,97,12445,Node_810,-2,0,17,-2,17,,,,,,,,,
7,VISIT,742,Random,OnArrival,3,54,12445,Node_564,3,0,3,3,3,,,,,,,,,
7,VISIT,744,Random,OnArrival,3,56,12445,Node_598,-3,0,17,-3,17,,,,,,,,,
7,VISIT,745,Random,OnArrival,3,38,12445,Node_699,-7,0,6,-7,6,,,,,,,,,
7,VISIT,748,Random,OnArrival,3,38,12445,Node_699,-7,0,6,-7,6,,,,,,,,,
7,VISIT,749,Random,OnArrival,3,20,12445,Node_512,5,0,14,5,14,,,,,,,,,
7,VISIT,750,Random,OnArrival,3,19,12445,Node_510,5,0,12,5,12,,,,,,,,,
7,VISIT,751,Random,OnArrival,3,20,12445,Node_516,5,0,18,5,18,,,,,,,,,
7,VISIT,752,Random,OnArrival,3,20,12445,Node_512,5,0,14,5,14,,,,,,,,,
7,VISIT,753,Random,OnArrival,3,4,12448,Node_48,20,0,9,20,9,,,,,,,,,
7,VISIT,754,Random,OnArrival,3,4,12448,Node_52,21,0,6,21,6,,,,,,,,,
7,VISIT,755,Random,OnArrival,3,4,12448,Node_48,20,0,9,20,9,,,,,,,,,
7,VISIT,756,Random,OnArrival,3,4,12448,Node_52,21,0,6,21,6,,,,,,,,,
7,VISIT,736,Random,OnArrival,3,104,12449,Node_598,-3,0,17,-3,17,,,,,,,,,
7,VISIT,737,Random,OnArrival,3,98,12449,Node_598,-3,0,17,-3,17,,,,,,,,,
7,VISIT,744,Random,OnArrival,3,57,12449,Node_810,-2,0,17,-2,17,,,,,,,,,
7,VISIT,745,Random,OnArrival,3,39,12449,Node_701,-7,0,7,-7,7,,,,,,,,,
7,VISIT,748,Random,OnArrival,3,39,12449,Node_701,-7,0,7,-7,7,,,,,,,,,
7,VISIT,749,Random,OnArrival,3,21,12449,Node_513,5,0,15,5,15,,,,,,,,,
7,VISIT,750,Random,OnArrival,3,20,12449,Node_511,5,0,13,5,13,,,,,,,,,
7,VISIT,751,Random,OnArrival,3,21,12449,Node_517,5,0,19,5,19,,,,,,,,,
7,VISIT,752,Random,OnArrival,3,21,12449,Node_513,5,0,15,5,15,,,,,,,,,
7,VISIT,753,Random,OnArrival,3,5,12452,Node_47,21,0,9,21,9,,,,,,,,,
7,VISIT,754,Random,OnArrival,3,5,12452,Node_54,21,0,5,21,5,,,,,,,,,
7,VISIT,755,Random,OnArrival,3,5,12452,Node_47,21,0,9,21,9,,,,,,,,,
7,VISIT,756,Random,OnArrival,3,5,12452,Node_54,21,0,5,21,5,,,,,,,,,
7,VISIT,736,Random,OnArrival,3,105,12454,Node_599,-4,0,17,-4,17,,,,,,,,,
7,VISIT,737,Random,OnArrival,3,99,12454,Node_596,-3,0,16,-3,16,,,,,,,,,
7,VISIT,738,Random,OnArrival,3,83,12454,Node_735,-1,0,20,-1,20,,,,,,,,,
7,VISIT,742,Random,OnArrival,3,55,12454,Node_560,5,0,3,5,3,,,,,,,,,
7,VISIT,743,Random,OnArrival,3,53,12454,Node_564,3,0,3,3,3,,,,,,,,,
7,VISIT,744,Random,OnArrival,3,58,12454,Node_809,-2,0,18,-2,18,,,,,,,,,
7,VISIT,745,Random,OnArrival,3,40,12454,Node_703,-7,0,8,-7,8,,,,,,,,,
7,VISIT,748,Random,OnArrival,3,40,12454,Node_703,-7,0,8,-7,8,,,,,,,,,
7,VISIT,749,Random,OnArrival,3,22,12454,Node_514,5,0,16,5,16,,,,,,,,,
7,VISIT,750,Random,OnArrival,3,21,12454,Node_512,5,0,14,5,14,,,,,,,,,
7,VISIT,751,Random,OnArrival,3,22,12454,Node_518,5,0,20,5,20,,,,,,,,,
7,VISIT,752,Random,OnArrival,3,22,12454,Node_514,5,0,16,5,16,,,,,,,,,
7,VISIT,753,Random,OnArrival,3,6,12456,Node_86,22,0,9,22,9,,,,,,,,,
7,VISIT,754,Random,OnArrival,3,6,12456,Node_103,22,0,5,22,5,,,,,,,,,
7,VISIT,755,Random,OnArrival,3,6,12456,Node_86,22,0,9,22,9,,,,,,,,,
7,VISIT,756,Random,OnArrival,3,6,12456,Node_103,22,0,5,22,5,,,,,,,,,
7,VISIT,736,Random,OnArrival,3,106,12458,Node_633,-4,0,16,-4,16,,,,,,,,,
7,VISIT,737,Random,OnArrival,3,100,12458,Node_633,-4,0,16,-4,16,,,,,,,,,
7,VISIT,738,Random,OnArrival,3,84,12458,Node_733,-1,0,19,-1,19,,,,,,,,,
7,VISIT,744,Random,OnArrival,3,59,12458,Node_731,-1,0,18,-1,18,,,,,,,,,
7,VISIT,749,Random,OnArrival,3,23,12458,Node_515,5,0,17,5,17,,,,,,,,,
7,VISIT,750,Random,OnArrival,3,22,12458,Node_513,5,0,15,5,15,,,,,,,,,
7,VISIT,752,Random,OnArrival,3,23,12458,Node_515,5,0,17,5,17,,,,,,,,,
7,VISIT,753,Random,OnArrival,3,7,12461,Node_126,23,0,9,23,9,,,,,,,,,
7,VISIT,754,Random,OnArrival,3,7,12461,Node_191,23,0,5,23,5,,,,,,,,,
7,VISIT,755,Random,OnArrival,3,7,12461,Node_126,23,0,9,23,9,,,,,,,,,
7,VISIT,756,Random,OnArrival,3,7,12461,Node_191,23,0,5,23,5,,,,,,,,,
7,VISIT,736,Random,OnArrival,3,107,12465,Node_596,-3,0,16,-3,16,,,,,,,,,
7,VISIT,737,Random,OnArrival,3,101,12465,Node_599,-4,0,17,-4,17,,,,,,,,,
7,VISIT,738,Random,OnArrival,3,85,12465,Node_808,-2,0,19,-2,19,,,,,,,,,
7,VISIT,742,Random,OnArrival,3,56,12465,Node_502,5,0,5,5,5,,,,,,,,,
7,VISIT,743,Random,OnArrival,3,54,12465,Node_560,5,0,3,5,3,,,,,,,,,
7,VISIT,744,Random,OnArrival,3,60,12465,Node_809,-2,0,18,-2,18,,,,,,,,,
7,VISIT,749,Random,OnArrival,3,24,12465,Node_516,5,0,18,5,18,,,,,,,,,
7,VISIT,750,Random,OnArrival,3,23,12465,Node_514,5,0,16,5,16,,,,,,,,,
7,VISIT,751,Random,OnArrival,3,23,12465,Node_519,3,0,20,3,20,,,,,,,,,
7,VISIT,752,Random,OnArrival,3,24,12465,Node_516,5,0,18,5,18,,,,,,,,,
7,VISIT,754,Random,OnArrival,3,8,12467,Node_192,23,0,4,23,4,,,,,,,,,
7,VISIT,756,Random,OnArrival,3,8,12467,Node_192,23,0,4,23,4,,,,,,,,,
7,VISIT,736,Random,OnArrival,3,108,12469,Node_598,-3,0,17,-3,17,,,,,,,,,
7,VISIT,737,Random,OnArrival,3,102,12469,Node_598,-3,0,17,-3,17,,,,,,,,,
7,VISIT,738,Random,OnArrival,3,86,12469,Node_809,-2,0,18,-2,18,,,,,,,,,
7,VISIT,742,Random,OnArrival,3,57,12469,Node_504,5,0,6,5,6,,,,,,,,,
7,VISIT,744,Random,OnArrival,3,61,12469,Node_808,-2,0,19,-2,19,,,,,,,,,
7,VISIT,745,Random,OnArrival,3,41,12469,Node_704,-10,0,8,-10,8,,,,,,,,,
7,VISIT,748,Random,OnArrival,3,41,12469,Node_704,-10,0,8,-10,8,,,,,,,,,
7,VISIT,749,Random,OnArrival,3,25,12469,Node_517,5,0,19,5,19,,,,,,,,,
7,VISIT,750,Random,OnArrival,3,24,12469,Node_515,5,0,17,5,17,,,,,,,,,
7,VISIT,751,Random,OnArrival,3,24,12469,Node_657,2,0,20,2,20,,,,,,,,,
7,VISIT,752,Random,OnArrival,3,25,12469,Node_517,5,0,19,5,19,,,,,,,,,
7,VISIT,736,Random,OnArrival,3,109,12473,Node_810,-2,0,17,-2,17,,,,,,,,,
7,VISIT,737,Random,OnArrival,3,103,12473,Node_810,-2,0,17,-2,17,,,,,,,,,
7,VISIT,738,Random,OnArrival,3,87,12473,Node_731,-1,0,18,-1,18,,,,,,,,,
7,VISIT,743,Random,OnArrival,3,55,12473,Node_502,5,0,5,5,5,,,,,,,,,
7,VISIT,744,Random,OnArrival,3,62,12473,Node_809,-2,0,18,-2,18,,,,,,,,,
7,VISIT,749,Random,OnArrival,3,26,12473,Node_518,5,0,20,5,20,,,,,,,,,
7,VISIT,750,Random,OnArrival,3,25,12473,Node_516,5,0,18,5,18,,,,,,,,,
7,VISIT,751,Random,OnArrival,3,25,12473,Node_812,1,0,20,1,20,,,,,,,,,
7,VISIT,752,Random,OnArrival,3,26,12473,Node_518,5,0,20,5,20,,,,,,,,,
7,VISIT,753,Random,OnArrival,3,8,12473,Node_170,25,0,9,25,9,,,,,,,,,
7,VISIT,754,Random,OnArrival,3,9,12473,Node_193,23,0,3,23,3,,,,,,,,,
7,VISIT,755,Random,OnArrival,3,8,12473,Node_170,25,0,9,25,9,,,,,,,,,
7,VISIT,756,Random,OnArrival,3,9,12473,Node_193,23,0,3,23,3,,,,,,,,,
7,VISIT,736,Random,OnArrival,3,110,12477,Node_809,-2,0,18,-2,18,,,,,,,,,
7,VISIT,737,Random,OnArrival,3,104,12477,Node_809,-2,0,18,-2,18,,,,,,,,,
7,VISIT,738,Random,OnArrival,3,88,12477,Node_597,0,0,18,0,18,,,,,,,,,
7,VISIT,743,Random,OnArrival,3,56,12477,Node_504,5,0,6,5,6,,,,,,,,,
7,VISIT,744,Random,OnArrival,3,63,12477,Node_731,-1,0,18,-1,18,,,,,,,,,
7,VISIT,745,Random,OnArrival,3,42,12477,Node_708,-10,0,10,-10,10,,,,,,,,,
7,VISIT,748,Random,OnArrival,3,42,12477,Node_708,-10,0,10,-10,10,,,,,,,,,
7,VISIT,750,Random,OnArrival,3,26,12477,Node_517,5,0,19,5,19,,,,,,,,,
7,VISIT,751,Random,OnArrival,3,26,12477,Node_657,2,0,20,2,20,,,,,,,,,
7,VISIT,753,Random,OnArrival,3,9,12477,Node_172,25,0,8,25,8,,,,,,,,,
7,VISIT,754,Random,OnArrival,3,10,12477,Node_194,23,0,2,23,2,,,,,,,,,
7,VISIT,755,Random,OnArrival,3,9,12477,Node_172,25,0,8,25,8,,,,,,,,,
7,VISIT,756,Random,OnArrival,3,10,12477,Node_194,23,0,2,23,2,,,,,,,,,
7,VISIT,736,Random,OnArrival,3,111,12481,Node_808,-2,0,19,-2,19,,,,,,,,,
7,VISIT,737,Random,OnArrival,3,105,12481,Node_731,-1,0,18,-1,18,,,,,,,,,
7,VISIT,738,Random,OnArrival,3,89,12481,Node_595,0,0,17,0,17,,,,,,,,,
7,VISIT,742,Random,OnArrival,3,58,12481,Node_508,5,0,9,5,9,,,,,,,,,
7,VISIT,744,Random,OnArrival,3,64,12481,Node_597,0,0,18,0,18,,,,,,,,,
7,VISIT,745,Random,OnArrival,3,43,12481,Node_710,-10,0,11,-10,11,,,,,,,,,
7,VISIT,748,Random,OnArrival,3,43,12481,Node_710,-10,0,11,-10,11,,,,,,,,,
7,VISIT,749,Random,OnArrival,3,27,12481,Node_519,3,0,20,3,20,,,,,,,,,
7,VISIT,750,Random,OnArrival,3,27,12481,Node_518,5,0,20,5,20,,,,,,,,,
7,VISIT,751,Random,OnArrival,3,27,12481,Node_519,3,0,20,3,20,,,,,,,,,
7,VISIT,752,Random,OnArrival,3,27,12481,Node_519,3,0,20,3,20,,,,,,,,,
7,VISIT,753,Random,OnArrival,3,10,12481,Node_175,25,0,7,25,7,,,,,,,,,
7,VISIT,754,Random,OnArrival,3,11,12481,Node_411,24,0,2,24,2,,,,,,,,,
7,VISIT,755,Random,OnArrival,3,10,12481,Node_175,25,0,7,25,7,,,,,,,,,
7,VISIT,756,Random,OnArrival,3,11,12481,Node_411,24,0,2,24,2,,,,,,,,,
7,VISIT,736,Random,OnArrival,3,112,12485,Node_809,-2,0,18,-2,18,,,,,,,,,
7,VISIT,737,Random,OnArrival,3,106,12485,Node_597,0,0,18,0,18,,,,,,,,,
7,VISIT,738,Random,OnArrival,3,90,12485,Node_593,1,0,17,1,17,,,,,,,,,
7,VISIT,742,Random,OnArrival,3,59,12485,Node_509,5,0,10,5,10,,,,,,,,,
7,VISIT,744,Random,OnArrival,3,65,12485,Node_595,0,0,17,0,17,,,,,,,,,
7,VISIT,747,Random,OnArrival,3,39,12485,Node_811,29,0,-1,29,-1,,,,,,,,,
7,VISIT,749,Random,OnArrival,3,28,12485,Node_520,3,0,21,3,21,,,,,,,,,
7,VISIT,752,Random,OnArrival,3,28,12485,Node_520,3,0,21,3,21,,,,,,,,,
7,VISIT,753,Random,OnArrival,3,11,12485,Node_178,25,0,6,25,6,,,,,,,,,
7,VISIT,754,Random,OnArrival,3,12,12485,Node_429,25,0,2,25,2,,,,,,,,,
7,VISIT,755,Random,OnArrival,3,11,12485,Node_178,25,0,6,25,6,,,,,,,,,
7,VISIT,756,Random,OnArrival,3,12,12485,Node_429,25,0,2,25,2,,,,,,,,,
7,VISIT,736,Random,OnArrival,3,113,12489,Node_731,-1,0,18,-1,18,,,,,,,,,
7,VISIT,737,Random,OnArrival,3,107,12489,Node_595,0,0,17,0,17,,,,,,,,,
7,VISIT,743,Random,OnArrival,3,57,12489,Node_508,5,0,9,5,9,,,,,,,,,
7,VISIT,744,Random,OnArrival,3,66,12489,Node_593,1,0,17,1,17,,,,,,,,,
7,VISIT,747,Random,OnArrival,3,40,12489,Node_402,28,0,-1,28,-1,,,,,,,,,
7,VISIT,749,Random,OnArrival,3,29,12489,Node_521,3,0,22,3,22,,,,,,,,,
7,VISIT,750,Random,OnArrival,3,28,12489,Node_519,3,0,20,3,20,,,,,,,,,
7,VISIT,751,Random,OnArrival,3,28,12489,Node_518,5,0,20,5,20,,,,,,,,,
7,VISIT,752,Random,OnArrival,3,29,12489,Node_521,3,0,22,3,22,,,,,,,,,
7,VISIT,753,Random,OnArrival,3,12,12489,Node_181,25,0,5,25,5,,,,,,,,,
7,VISIT,755,Random,OnArrival,3,12,12489,Node_181,25,0,5,25,5,,,,,,,,,
7,VISIT,736,Random,OnArrival,3,114,12493,Node_597,0,0,18,0,18,,,,,,,,,
7,VISIT,737,Random,OnArrival,3,108,12493,Node_593,1,0,17,1,17,,,,,,,,,
7,VISIT,738,Random,OnArrival,3,91,12493,Node_591,1,0,15,1,15,,,,,,,,,
7,VISIT,742,Random,OnArrival,3,60,12493,Node_510,5,0,12,5,12,,,,,,,,,
7,VISIT,743,Random,OnArrival,3,58,12493,Node_509,5,0,10,5,10,,,,,,,,,
7,VISIT,745,Random,OnArrival,3,44,12493,Node_713,-10,0,14,-10,14,,,,,,,,,
7,VISIT,747,Random,OnArrival,3,41,12493,Node_781,27,0,-1,27,-1,,,,,,,,,
7,VISIT,748,Random,OnArrival,3,44,12493,Node_713,-10,0,14,-10,14,,,,,,,,,
7,VISIT,749,Random,OnArrival,3,30,12493,Node_523,2,0,22,2,22,,,,,,,,,
7,VISIT,750,Random,OnArrival,3,29,12493,Node_520,3,0,21,3,21,,,,,,,,,
7,VISIT,751,Random,OnArrival,3,29,12493,Node_517,5,0,19,5,19,,,,,,,,,
7,VISIT,752,Random,OnArrival,3,30,12493,Node_523,2,0,22,2,22,,,,,,,,,
7,VISIT,753,Random,OnArrival,3,13,12493,Node_406,26,0,5,26,5,,,,,,,,,
7,VISIT,754,Random,OnArrival,3,13,12493,Node_427,27,0,2,27,2,,,,,,,,,
7,VISIT,755,Random,OnArrival,3,13,12493,Node_406,26,0,5,26,5,,,,,,,,,
7,VISIT,756,Random,OnArrival,3,13,12493,Node_427,27,0,2,27,2,,,,,,,,,
7,VISIT,736,Random,OnArrival,3,115,12497,Node_595,0,0,17,0,17,,,,,,,,,
7,VISIT,738,Random,OnArrival,3,92,12497,Node_589,1,0,14,1,14,,,,,,,,,
7,VISIT,742,Random,OnArrival,3,61,12497,Node_511,5,0,13,5,13,,,,,,,,,
7,VISIT,744,Random,OnArrival,3,67,12497,Node_591,1,0,15,1,15,,,,,,,,,
7,VISIT,745,Random,OnArrival,3,45,12497,Node_714,-10,0,15,-10,15,,,,,,,,,
7,VISIT,747,Random,OnArrival,3,42,12497,Node_807,27,0,-2,27,-2,,,,,,,,,
7,VISIT,748,Random,OnArrival,3,45,12497,Node_714,-10,0,15,-10,15,,,,,,,,,
7,VISIT,750,Random,OnArrival,3,30,12497,Node_521,3,0,22,3,22,,,,,,,,,
7,VISIT,751,Random,OnArrival,3,30,12497,Node_516,5,0,18,5,18,,,,,,,,,
7,VISIT,753,Random,OnArrival,3,14,12497,Node_409,27,0,5,27,5,,,,,,,,,
7,VISIT,754,Random,OnArrival,3,14,12497,Node_397,28,0,2,28,2,,,,,,,,,
7,VISIT,755,Random,OnArrival,3,14,12497,Node_409,27,0,5,27,5,,,,,,,,,
7,VISIT,756,Random,OnArrival,3,14,12497,Node_397,28,0,2,28,2,,,,,,,,,
7,VISIT,736,Random,OnArrival,3,116,12501,Node_593,1,0,17,1,17,,,,,,,,,
7,VISIT,737,Random,OnArrival,3,109,12501,Node_591,1,0,15,1,15,,,,,,,,,
7,VISIT,738,Random,OnArrival,3,93,12501,Node_545,1,0,13,1,13,,,,,,,,,
7,VISIT,742,Random,OnArrival,3,62,12501,Node_512,5,0,14,5,14,,,,,,,,,
7,VISIT,743,Random,OnArrival,3,59,12501,Node_510,5,0,12,5,12,,,,,,,,,
7,VISIT,744,Random,OnArrival,3,68,12501,Node_589,1,0,14,1,14,,,,,,,,,
7,VISIT,745,Random,OnArrival,3,46,12501,Node_716,-10,0,16,-10,16,,,,,,,,,
7,VISIT,747,Random,OnArrival,3,43,12501,Node_779,26,0,-2,26,-2,,,,,,,,,
7,VISIT,748,Random,OnArrival,3,46,12501,Node_716,-10,0,16,-10,16,,,,,,,,,
7,VISIT,749,Random,OnArrival,3,31,12501,Node_524,2,0,24,2,24,,,,,,,,,
7,VISIT,750,Random,OnArrival,3,31,12501,Node_523,2,0,22,2,22,,,,,,,,,
7,VISIT,751,Random,OnArrival,3,31,12501,Node_515,5,0,17,5,17,,,,,,,,,
7,VISIT,752,Random,OnArrival,3,31,12501,Node_524,2,0,24,2,24,,,,,,,,,
7,VISIT,753,Random,OnArrival,3,15,12501,Node_393,28,0,5,28,5,,,,,,,,,
7,VISIT,754,Random,OnArrival,3,15,12501,Node_418,29,0,2,29,2,,,,,,,,,
7,VISIT,755,Random,OnArrival,3,15,12501,Node_393,28,0,5,28,5,,,,,,,,,
7,VISIT,756,Random,OnArrival,3,15,12501,Node_418,29,0,2,29,2,,,,,,,,,
7,VISIT,737,Random,OnArrival,3,110,12505,Node_589,1,0,14,1,14,,,,,,,,,
7,VISIT,738,Random,OnArrival,3,94,12505,Node_542,2,0,13,2,13,,,,,,,,,
7,VISIT,742,Random,OnArrival,3,63,12505,Node_513,5,0,15,5,15,,,,,,,,,
7,VISIT,743,Random,OnArrival,3,60,12505,Node_511,5,0,13,5,13,,,,,,,,,
7,VISIT,744,Random,OnArrival,3,69,12505,Node_545,1,0,13,1,13,,,,,,,,,
7,VISIT,745,Random,OnArrival,3,47,12505,Node_717,-10,0,17,-10,17,,,,,,,,,
7,VISIT,747,Random,OnArrival,3,44,12505,Node_807,27,0,-2,27,-2,,,,,,,,,
7,VISIT,748,Random,OnArrival,3,47,12505,Node_717,-10,0,17,-10,17,,,,,,,,,
7,VISIT,749,Random,OnArrival,3,32,12505,Node_525,2,0,25,2,25,,,,,,,,,
7,VISIT,751,Random,OnArrival,3,32,12505,Node_514,5,0,16,5,16,,,,,,,,,
7,VISIT,752,Random,OnArrival,3,32,12505,Node_525,2,0,25,2,25,,,,,,,,,
7,VISIT,754,Random,OnArrival,3,16,12505,Node_417,29,0,3,29,3,,,,,,,,,
7,VISIT,756,Random,OnArrival,3,16,12505,Node_417,29,0,3,29,3,,,,,,,,,
7,VISIT,736,Random,OnArrival,3,117,12509,Node_591,1,0,15,1,15,,,,,,,,,
7,VISIT,737,Random,OnArrival,3,111,12509,Node_545,1,0,13,1,13,,,,,,,,,
7,VISIT,738,Random,OnArrival,3,95,12509,Node_540,2,0,12,2,12,,,,,,,,,
7,VISIT,742,Random,OnArrival,3,64,12509,Node_514,5,0,16,5,16,,,,,,,,,
7,VISIT,743,Random,OnArrival,3,61,12509,Node_512,5,0,14,5,14,,,,,,,,,
7,VISIT,744,Random,OnArrival,3,70,12509,Node_542,2,0,13,2,13,,,,,,,,,
7,VISIT,745,Random,OnArrival,3,48,12509,Node_645,-10,0,18,-10,18,,,,,,,,,
7,VISIT,747,Random,OnArrival,3,45,12509,Node_404,28,0,-2,28,-2,,,,,,,,,
7,VISIT,748,Random,OnArrival,3,48,12509,Node_645,-10,0,18,-10,18,,,,,,,,,
7,VISIT,749,Random,OnArrival,3,33,12509,Node_526,1,0,25,1,25,,,,,,,,,
7,VISIT,750,Random,OnArrival,3,32,12509,Node_524,2,0,24,2,24,,,,,,,,,
7,VISIT,751,Random,OnArrival,3,33,12509,Node_513,5,0,15,5,15,,,,,,,,,
7,VISIT,752,Random,OnArrival,3,33,12509,Node_526,1,0,25,1,25,,,,,,,,,
7,VISIT,753,Random,OnArrival,3,16,12509,Node_395,28,0,3,28,3,,,,,,,,,
7,VISIT,755,Random,OnArrival,3,16,12509,Node_395,28,0,3,28,3,,,,,,,,,
7,VISIT,757,Random,OnArrival,3,0,12509,Node_6,19,0,12,19,12,,,,,,,,,
7,VISIT,758,Random,OnArrival,3,0,12509,Node_7,19,0,8,19,8,,,,,,,,,
7,VISIT,759,Random,OnArrival,3,0,12509,Node_8,17,0,10,17,10,,,,,,,,,
7,VISIT,760,Random,OnArrival,3,0,12509,Node_9,21,0,10,21,10,,,,,,,,,
7,VISIT,736,Random,OnArrival,3,118,12513,Node_589,1,0,14,1,14,,,,,,,,,
7,VISIT,737,Random,OnArrival,3,112,12513,Node_542,2,0,13,2,13,,,,,,,,,
7,VISIT,738,Random,OnArrival,3,96,12513,Node_538,2,0,11,2,11,,,,,,,,,
7,VISIT,742,Random,OnArrival,3,65,12513,Node_515,5,0,17,5,17,,,,,,,,,
7,VISIT,743,Random,OnArrival,3,62,12513,Node_513,5,0,15,5,15,,,,,,,,,
7,VISIT,744,Random,OnArrival,3,71,12513,Node_540,2,0,12,2,12,,,,,,,,,
7,VISIT,747,Random,OnArrival,3,46,12513,Node_813,29,0,-2,29,-2,,,,,,,,,
7,VISIT,749,Random,OnArrival,3,34,12513,Node_791,0,0,25,0,25,,,,,,,,,
7,VISIT,750,Random,OnArrival,3,33,12513,Node_525,2,0,25,2,25,,,,,,,,,
7,VISIT,751,Random,OnArrival,3,34,12513,Node_512,5,0,14,5,14,,,,,,,,,
7,VISIT,752,Random,OnArrival,3,34,12513,Node_791,0,0,25,0,25,,,,,,,,,
7,VISIT,753,Random,OnArrival,3,17,12513,Node_397,28,0,2,28,2,,,,,,,,,
7,VISIT,755,Random,OnArrival,3,17,12513,Node_397,28,0,2,28,2,,,,,,,,,
7,VISIT,757,Random,OnArrival,3,1,12513,Node_2,19,0,11,19,11,,,,,,,,,
7,VISIT,758,Random,OnArrival,3,1,12513,Node_46,20,0,8,20,8,,,,,,,,,
7,VISIT,759,Random,OnArrival,3,1,12513,Node_4,18,0,10,18,10,,,,,,,,,
7,VISIT,760,Random,OnArrival,3,1,12513,Node_47,21,0,9,21,9,,,,,,,,,
7,VISIT,736,Random,OnArrival,3,119,12517,Node_545,1,0,13,1,13,,,,,,,,,
7,VISIT,737,Random,OnArrival,3,113,12517,Node_540,2,0,12,2,12,,,,,,,,,
7,VISIT,738,Random,OnArrival,3,97,12517,Node_536,2,0,10,2,10,,,,,,,,,
7,VISIT,742,Random,OnArrival,3,66,12517,Node_516,5,0,18,5,18,,,,,,,,,
7,VISIT,743,Random,OnArrival,3,63,12517,Node_514,5,0,16,5,16,,,,,,,,,
7,VISIT,744,Random,OnArrival,3,72,12517,Node_538,2,0,11,2,11,,,,,,,,,
7,VISIT,745,Random,OnArrival,3,49,12517,Node_722,-10,0,20,-10,20,,,,,,,,,
7,VISIT,747,Random,OnArrival,3,47,12517,Node_820,30,0,-2,30,-2,,,,,,,,,
7,VISIT,748,Random,OnArrival,3,49,12517,Node_722,-10,0,20,-10,20,,,,,,,,,
7,VISIT,750,Random,OnArrival,3,34,12517,Node_526,1,0,25,1,25,,,,,,,,,
7,VISIT,751,Random,OnArrival,3,35,12517,Node_511,5,0,13,5,13,,,,,,,,,
7,VISIT,753,Random,OnArrival,3,18,12517,Node_398,28,0,1,28,1,,,,,,,,,
7,VISIT,754,Random,OnArrival,3,17,12517,Node_428,32,0,3,32,3,,,,,,,,,
7,VISIT,755,Random,OnArrival,3,18,12517,Node_398,28,0,1,28,1,,,,,,,,,
7,VISIT,756,Random,OnArrival,3,17,12517,Node_428,32,0,3,32,3,,,,,,,,,
7,VISIT,757,Random,OnArrival,3,2,12517,Node_20,19,0,10,19,10,,,,,,,,,
7,VISIT,758,Random,OnArrival,3,2,12517,Node_49,21,0,8,21,8,,,,,,,,,
7,VISIT,759,Random,OnArrival,3,2,12517,Node_15,18,0,9,18,9,,,,,,,,,
7,VISIT,760,Random,OnArrival,3,2,12517,Node_86,22,0,9,22,9,,,,,,,,,
7,VISIT,736,Random,OnArrival,3,120,12521,Node_542,2,0,13,2,13,,,,,,,,,
7,VISIT,737,Random,OnArrival,3,114,12521,Node_538,2,0,11,2,11,,,,,,,,,
7,VISIT,738,Random,OnArrival,3,98,12521,Node_580,3,0,10,3,10,,,,,,,,,
7,VISIT,742,Random,OnArrival,3,67,12521,Node_517,5,0,19,5,19,,,,,,,,,
7,VISIT,743,Random,OnArrival,3,64,12521,Node_515,5,0,17,5,17,,,,,,,,,
7,VISIT,744,Random,OnArrival,3,73,12521,Node_536,2,0,10,2,10,,,,,,,,,
7,VISIT,745,Random,OnArrival,3,50,12521,Node_723,-10,0,21,-10,21,,,,,,,,,
7,VISIT,748,Random,OnArrival,3,50,12521,Node_723,-10,0,21,-10,21,,,,,,,,,
7,VISIT,750,Random,OnArrival,3,35,12521,Node_791,0,0,25,0,25,,,,,,,,,
7,VISIT,751,Random,OnArrival,3,36,12521,Node_510,5,0,12,5,12,,,,,,,,,
7,VISIT,753,Random,OnArrival,3,19,12521,Node_400,28,0,0,28,0,,,,,,,,,
7,VISIT,754,Random,OnArrival,3,18,12521,Node_426,32,0,4,32,4,,,,,,,,,
7,VISIT,755,Random,OnArrival,3,19,12521,Node_400,28,0,0,28,0,,,,,,,,,
7,VISIT,756,Random,OnArrival,3,18,12521,Node_431,33,0,3,33,3,,,,,,,,,
7,VISIT,757,Random,OnArrival,3,3,12521,Node_3,19,0,9,19,9,,,,,,,,,
7,VISIT,758,Random,OnArrival,3,3,12521,Node_51,21,0,7,21,7,,,,,,,,,
7,VISIT,759,Random,OnArrival,3,3,12521,Node_3,19,0,9,19,9,,,,,,,,,
7,VISIT,760,Random,OnArrival,3,3,12521,Node_126,23,0,9,23,9,,,,,,,,,
7,VISIT,736,Random,OnArrival,3,121,12525,Node_540,2,0,12,2,12,,,,,,,,,
7,VISIT,737,Random,OnArrival,3,115,12525,Node_536,2,0,10,2,10,,,,,,,,,
7,VISIT,742,Random,OnArrival,3,68,12525,Node_518,5,0,20,5,20,,,,,,,,,
7,VISIT,743,Random,OnArrival,3,65,12525,Node_516,5,0,18,5,18,,,,,,,,,
7,VISIT,744,Random,OnArrival,3,74,12525,Node_580,3,0,10,3,10,,,,,,,,,
7,VISIT,745,Random,OnArrival,3,51,12525,Node_770,-10,0,22,-10,22,,,,,,,,,
7,VISIT,748,Random,OnArrival,3,51,12525,Node_770,-10,0,22,-10,22,,,,,,,,,
7,VISIT,753,Random,OnArrival,3,20,12525,Node_782,27,0,0,27,0,,,,,,,,,
7,VISIT,754,Random,OnArrival,3,19,12525,Node_432,33,0,4,33,4,,,,,,,,,
7,VISIT,755,Random,OnArrival,3,20,12525,Node_782,27,0,0,27,0,,,,,,,,,
7,VISIT,757,Random,OnArrival,3,4,12525,Node_48,20,0,9,20,9,,,,,,,,,
7,VISIT,758,Random,OnArrival,3,4,12525,Node_52,21,0,6,21,6,,,,,,,,,
7,VISIT,759,Random,OnArrival,3,4,12525,Node_48,20,0,9,20,9,,,,,,,,,
7,VISIT,736,Random,OnArrival,3,122,12529,Node_538,2,0,11,2,11,,,,,,,,,
7,VISIT,737,Random,OnArrival,3,116,12529,Node_580,3,0,10,3,10,,,,,,,,,
7,VISIT,738,Random,OnArrival,3,99,12529,Node_509,5,0,10,5,10,,,,,,,,,
7,VISIT,743,Random,OnArrival,3,66,12529,Node_517,5,0,19,5,19,,,,,,,,,
7,VISIT,751,Random,OnArrival,3,37,12529,Node_509,5,0,10,5,10,,,,,,,,,
7,VISIT,753,Random,OnArrival,3,21,12529,Node_425,27,0,1,27,1,,,,,,,,,
7,VISIT,755,Random,OnArrival,3,21,12529,Node_425,27,0,1,27,1,,,,,,,,,
7,VISIT,757,Random,OnArrival,3,5,12529,Node_47,21,0,9,21,9,,,,,,,,,
7,VISIT,758,Random,OnArrival,3,5,12529,Node_54,21,0,5,21,5,,,,,,,,,
7,VISIT,759,Random,OnArrival,3,5,12529,Node_47,21,0,9,21,9,,,,,,,,,
7,VISIT,760,Random,OnArrival,3,4,12529,Node_170,25,0,9,25,9,,,,,,,,,
7,VISIT,736,Random,OnArrival,3,123,12533,Node_536,2,0,10,2,10,,,,,,,,,
7,VISIT,738,Random,OnArrival,3,100,12533,Node_508,5,0,9,5,9,,,,,,,,,
7,VISIT,742,Random,OnArrival,3,69,12533,Node_519,3,0,20,3,20,,,,,,,,,
7,VISIT,743,Random,OnArrival,3,67,12533,Node_518,5,0,20,5,20,,,,,,,,,
7,VISIT,744,Random,OnArrival,3,75,12533,Node_509,5,0,10,5,10,,,,,,,,,
7,VISIT,745,Random,OnArrival,3,52,12533,Node_771,-10,0,24,-10,24,,,,,,,,,
7,VISIT,748,Random,OnArrival,3,52,12533,Node_771,-10,0,24,-10,24,,,,,,,,,
7,VISIT,749,Random,OnArrival,3,35,12533,Node_785,-5,0,25,-5,25,,,,,,,,,
7,VISIT,751,Random,OnArrival,3,38,12533,Node_508,5,0,9,5,9,,,,,,,,,
7,VISIT,752,Random,OnArrival,3,35,12533,Node_785,-5,0,25,-5,25,,,,,,,,,
7,VISIT,753,Random,OnArrival,3,22,12533,Node_782,27,0,0,27,0,,,,,,,,,
7,VISIT,755,Random,OnArrival,3,22,12533,Node_782,27,0,0,27,0,,,,,,,,,
7,VISIT,757,Random,OnArrival,3,6,12533,Node_86,22,0,9,22,9,,,,,,,,,
7,VISIT,758,Random,OnArrival,3,6,12533,Node_103,22,0,5,22,5,,,,,,,,,
7,VISIT,759,Random,OnArrival,3,6,12533,Node_86,22,0,9,22,9,,,,,,,,,
7,VISIT,760,Random,OnArrival,3,5,12533,Node_172,25,0,8,25,8,,,,,,,,,
7,VISIT,736,Random,OnArrival,3,124,12537,Node_580,3,0,10,3,10,,,,,,,,,
7,VISIT,737,Random,OnArrival,3,117,12537,Node_509,5,0,10,5,10,,,,,,,,,
7,VISIT,742,Random,OnArrival,3,70,12537,Node_520,3,0,21,3,21,,,,,,,,,
7,VISIT,744,Random,OnArrival,3,76,12537,Node_508,5,0,9,5,9,,,,,,,,,
7,VISIT,745,Random,OnArrival,3,53,12537,Node_772,-10,0,25,-10,25,,,,,,,,,
7,VISIT,748,Random,OnArrival,3,53,12537,Node_772,-10,0,25,-10,25,,,,,,,,,
7,VISIT,753,Random,OnArrival,3,23,12537,Node_781,27,0,-1,27,-1,,,,,,,,,
7,VISIT,754,Random,OnArrival,3,20,12537,Node_384,33,0,7,33,7,,,,,,,,,
7,VISIT,755,Random,OnArrival,3,23,12537,Node_781,27,0,-1,27,-1,,,,,,,,,
7,VISIT,757,Random,OnArrival,3,7,12537,Node_126,23,0,9,23,9,,,,,,,,,
7,VISIT,758,Random,OnArrival,3,7,12537,Node_191,23,0,5,23,5,,,,,,,,,
7,VISIT,759,Random,OnArrival,3,7,12537,Node_126,23,0,9,23,9,,,,,,,,,
7,VISIT,760,Random,OnArrival,3,6,12537,Node_175,25,0,7,25,7,,,,,,,,,
7,VISIT,737,Random,OnArrival,3,118,12541,Node_508,5,0,9,5,9,,,,,,,,,
7,VISIT,742,Random,OnArrival,3,71,12541,Node_521,3,0,22,3,22,,,,,,,,,
7,VISIT,743,Random,OnArrival,3,68,12541,Node_519,3,0,20,3,20,,,,,,,,,
7,VISIT,745,Random,OnArrival,3,54,12541,Node_773,-9,0,25,-9,25,,,,,,,,,
7,VISIT,748,Random,OnArrival,3,54,12541,Node_773,-9,0,25,-9,25,,,,,,,,,
7,VISIT,750,Random,OnArrival,3,36,12541,Node_785,-5,0,25,-5,25,,,,,,,,,
7,VISIT,753,Random,OnArrival,3,24,12541,Node_807,27,0,-2,27,-2,,,,,,,,,
7,VISIT,754,Random,OnArrival,3,21,12541,Node_419,32,0,7,32,7,,,,,,,,,
7,VISIT,755,Random,OnArrival,3,24,12541,Node_807,27,0,-2,27,-2,,,,,,,,,
7,VISIT,758,Random,OnArrival,3,8,12541,Node_192,23,0,4,23,4,,,,,,,,,
7,VISIT,760,Random,OnArrival,3,7,12541,Node_178,25,0,6,25,6,,,,,,,,,
7,VISIT,736,Random,OnArrival,3,125,12545,Node_509,5,0,10,5,10,,,,,,,,,
7,VISIT,738,Random,OnArrival,3,101,12545,Node_504,5,0,6,5,6,,,,,,,,,
7,VISIT,742,Random,OnArrival,3,72,12545,Node_523,2,0,22,2,22,,,,,,,,,
7,VISIT,743,Random,OnArrival,3,69,12545,Node_520,3,0,21,3,21,,,,,,,,,
7,VISIT,751,Random,OnArrival,3,39,12545,Node_504,5,0,6,5,6,,,,,,,,,
7,VISIT,753,Random,OnArrival,3,25,12545,Node_805,27,0,-3,27,-3,,,,,,,,,
7,VISIT,754,Random,OnArrival,3,22,12545,Node_384,33,0,7,33,7,,,,,,,,,
7,VISIT,755,Random,OnArrival,3,25,12545,Node_805,27,0,-3,27,-3,,,,,,,,,
7,VISIT,757,Random,OnArrival,3,8,12545,Node_170,25,0,9,25,9,,,,,,,,,
7,VISIT,758,Random,OnArrival,3,9,12545,Node_193,23,0,3,23,3,,,,,,,,,
7,VISIT,759,Random,OnArrival,3,8,12545,Node_170,25,0,9,25,9,,,,,,,,,
7,VISIT,760,Random,OnArrival,3,8,12545,Node_181,25,0,5,25,5,,,,,,,,,
7,VISIT,736,Random,OnArrival,3,126,12549,Node_508,5,0,9,5,9,,,,,,,,,
7,VISIT,738,Random,OnArrival,3,102,12549,Node_502,5,0,5,5,5,,,,,,,,,
7,VISIT,743,Random,OnArrival,3,70,12549,Node_521,3,0,22,3,22,,,,,,,,,
7,VISIT,744,Random,OnArrival,3,77,12549,Node_504,5,0,6,5,6,,,,,,,,,
7,VISIT,745,Random,OnArrival,3,55,12549,Node_777,-7,0,25,-7,25,,,,,,,,,
7,VISIT,748,Random,OnArrival,3,55,12549,Node_777,-7,0,25,-7,25,,,,,,,,,
7,VISIT,751,Random,OnArrival,3,40,12549,Node_502,5,0,5,5,5,,,,,,,,,
7,VISIT,753,Random,OnArrival,3,26,12549,Node_793,26,0,-3,26,-3,,,,,,,,,
7,VISIT,754,Random,OnArrival,3,23,12549,Node_827,33,0,6,33,6,,,,,,,,,
7,VISIT,755,Random,OnArrival,3,26,12549,Node_793,26,0,-3,26,-3,,,,,,,,,
7,VISIT,757,Random,OnArrival,3,9,12549,Node_172,25,0,8,25,8,,,,,,,,,
7,VISIT,758,Random,OnArrival,3,10,12549,Node_194,23,0,2,23,2,,,,,,,,,
7,VISIT,759,Random,OnArrival,3,9,12549,Node_172,25,0,8,25,8,,,,,,,,,
7,VISIT,760,Random,OnArrival,3,9,12549,Node_406,26,0,5,26,5,,,,,,,,,
7,VISIT,737,Random,OnArrival,3,119,12553,Node_504,5,0,6,5,6,,,,,,,,,
7,VISIT,742,Random,OnArrival,3,73,12553,Node_524,2,0,24,2,24,,,,,,,,,
7,VISIT,743,Random,OnArrival,3,71,12553,Node_523,2,0,22,2,22,,,,,,,,,
7,VISIT,744,Random,OnArrival,3,78,12553,Node_502,5,0,5,5,5,,,,,,,,,
7,VISIT,745,Random,OnArrival,3,56,12553,Node_778,-7,0,24,-7,24,,,,,,,,,
7,VISIT,748,Random,OnArrival,3,56,12553,Node_778,-7,0,24,-7,24,,,,,,,,,
7,VISIT,749,Random,OnArrival,3,36,12553,Node_791,0,0,25,0,25,,,,,,,,,
7,VISIT,752,Random,OnArrival,3,36,12553,Node_791,0,0,25,0,25,,,,,,,,,
7,VISIT,753,Random,OnArrival,3,27,12553,Node_796,26,0,-4,26,-4,,,,,,,,,
7,VISIT,754,Random,OnArrival,3,24,12553,Node_422,32,0,6,32,6,,,,,,,,,
7,VISIT,755,Random,OnArrival,3,27,12553,Node_805,27,0,-3,27,-3,,,,,,,,,
7,VISIT,757,Random,OnArrival,3,10,12553,Node_175,25,0,7,25,7,,,,,,,,,
7,VISIT,758,Random,OnArrival,3,11,12553,Node_411,24,0,2,24,2,,,,,,,,,
7,VISIT,759,Random,OnArrival,3,10,12553,Node_175,25,0,7,25,7,,,,,,,,,
7,VISIT,760,Random,OnArrival,3,10,12553,Node_409,27,0,5,27,5,,,,,,,,,
7,VISIT,737,Random,OnArrival,3,120,12557,Node_502,5,0,5,5,5,,,,,,,,,
7,VISIT,738,Random,OnArrival,3,103,12557,Node_560,5,0,3,5,3,,,,,,,,,
7,VISIT,742,Random,OnArrival,3,74,12557,Node_525,2,0,25,2,25,,,,,,,,,
7,VISIT,745,Random,OnArrival,3,57,12557,Node_777,-7,0,25,-7,25,,,,,,,,,
7,VISIT,748,Random,OnArrival,3,57,12557,Node_777,-7,0,25,-7,25,,,,,,,,,
7,VISIT,749,Random,OnArrival,3,37,12557,Node_794,0,0,24,0,24,,,,,,,,,
7,VISIT,751,Random,OnArrival,3,41,12557,Node_560,5,0,3,5,3,,,,,,,,,
7,VISIT,752,Random,OnArrival,3,37,12557,Node_794,0,0,24,0,24,,,,,,,,,
7,VISIT,753,Random,OnArrival,3,28,12557,Node_804,27,0,-4,27,-4,,,,,,,,,
7,VISIT,754,Random,OnArrival,3,25,12557,Node_350,31,0,6,31,6,,,,,,,,,
7,VISIT,755,Random,OnArrival,3,28,12557,Node_804,27,0,-4,27,-4,,,,,,,,,
7,VISIT,757,Random,OnArrival,3,11,12557,Node_178,25,0,6,25,6,,,,,,,,,
7,VISIT,758,Random,OnArrival,3,12,12557,Node_429,25,0,2,25,2,,,,,,,,,
7,VISIT,759,Random,OnArrival,3,11,12557,Node_178,25,0,6,25,6,,,,,,,,,
7,VISIT,760,Random,OnArrival,3,11,12557,Node_393,28,0,5,28,5,,,,,,,,,
7,VISIT,736,Random,OnArrival,3,127,12561,Node_504,5,0,6,5,6,,,,,,,,,
7,VISIT,738,Random,OnArrival,3,104,12561,Node_559,6,0,3,6,3,,,,,,,,,
7,VISIT,742,Random,OnArrival,3,75,12561,Node_526,1,0,25,1,25,,,,,,,,,
7,VISIT,743,Random,OnArrival,3,72,12561,Node_524,2,0,24,2,24,,,,,,,,,
7,VISIT,744,Random,OnArrival,3,79,12561,Node_560,5,0,3,5,3,,,,,,,,,
7,VISIT,745,Random,OnArrival,3,58,12561,Node_783,-6,0,25,-6,25,,,,,,,,,
7,VISIT,748,Random,OnArrival,3,58,12561,Node_783,-6,0,25,-6,25,,,,,,,,,
7,VISIT,749,Random,OnArrival,3,38,12561,Node_797,1,0,24,1,24,,,,,,,,,
7,VISIT,750,Random,OnArrival,3,37,12561,Node_791,0,0,25,0,25,,,,,,,,,
7,VISIT,751,Random,OnArrival,3,42,12561,Node_559,6,0,3,6,3,,,,,,,,,
7,VISIT,752,Random,OnArrival,3,38,12561,Node_797,1,0,24,1,24,,,,,,,,,
7,VISIT,753,Random,OnArrival,3,29,12561,Node_805,27,0,-3,27,-3,,,,,,,,,
7,VISIT,754,Random,OnArrival,3,26,12561,Node_349,31,0,7,31,7,,,,,,,,,
7,VISIT,755,Random,OnArrival,3,29,12561,Node_805,27,0,-3,27,-3,,,,,,,,,
7,VISIT,757,Random,OnArrival,3,12,12561,Node_181,25,0,5,25,5,,,,,,,,,
7,VISIT,759,Random,OnArrival,3,12,12561,Node_181,25,0,5,25,5,,,,,,,,,
7,VISIT,736,Random,OnArrival,3,128,12565,Node_502,5,0,5,5,5,,,,,,,,,
7,VISIT,737,Random,OnArrival,3,121,12565,Node_560,5,0,3,5,3,,,,,,,,,
7,VISIT,738,Random,OnArrival,3,105,12565,Node_558,6,0,2,6,2,,,,,,,,,
7,VISIT,742,Random,OnArrival,3,76,12565,Node_791,0,0,25,0,25,,,,,,,,,
7,VISIT,743,Random,OnArrival,3,73,12565,Node_525,2,0,25,2,25,,,,,,,,,
7,VISIT,744,Random,OnArrival,3,80,12565,Node_559,6,0,3,6,3,,,,,,,,,
7,VISIT,745,Random,OnArrival,3,59,12565,Node_785,-5,0,25,-5,25,,,,,,,,,
7,VISIT,748,Random,OnArrival,3,59,12565,Node_785,-5,0,25,-5,25,,,,,,,,,
7,VISIT,749,Random,OnArrival,3,39,12565,Node_524,2,0,24,2,24,,,,,,,,,
7,VISIT,750,Random,OnArrival,3,38,12565,Node_794,0,0,24,0,24,,,,,,,,,
7,VISIT,751,Random,OnArrival,3,43,12565,Node_558,6,0,2,6,2,,,,,,,,,
7,VISIT,752,Random,OnArrival,3,39,12565,Node_524,2,0,24,2,24,,,,,,,,,
7,VISIT,753,Random,OnArrival,3,30,12565,Node_807,27,0,-2,27,-2,,,,,,,,,
7,VISIT,754,Random,OnArrival,3,27,12565,Node_391,30,0,7,30,7,,,,,,,,,
7,VISIT,755,Random,OnArrival,3,30,12565,Node_807,27,0,-2,27,-2,,,,,,,,,
7,VISIT,756,Random,OnArrival,3,19,12565,Node_817,30,0,-5,30,-5,,,,,,,,,
7,VISIT,757,Random,OnArrival,3,13,12565,Node_406,26,0,5,26,5,,,,,,,,,
7,VISIT,758,Random,OnArrival,3,13,12565,Node_427,27,0,2,27,2,,,,,,,,,
7,VISIT,759,Random,OnArrival,3,13,12565,Node_406,26,0,5,26,5,,,,,,,,,
7,VISIT,760,Random,OnArrival,3,12,12565,Node_392,30,0,5,30,5,,,,,,,,,
7,VISIT,737,Random,OnArrival,3,122,12569,Node_559,6,0,3,6,3,,,,,,,,,
7,VISIT,743,Random,OnArrival,3,74,12569,Node_526,1,0,25,1,25,,,,,,,,,
7,VISIT,744,Random,OnArrival,3,81,12569,Node_558,6,0,2,6,2,,,,,,,,,
7,VISIT,750,Random,OnArrival,3,39,12569,Node_797,1,0,24,1,24,,,,,,,,,
7,VISIT,753,Random,OnArrival,3,31,12569,Node_404,28,0,-2,28,-2,,,,,,,,,
7,VISIT,754,Random,OnArrival,3,28,12569,Node_389,30,0,8,30,8,,,,,,,,,
7,VISIT,755,Random,OnArrival,3,31,12569,Node_404,28,0,-2,28,-2,,,,,,,,,
7,VISIT,756,Random,OnArrival,3,20,12569,Node_818,30,0,-4,30,-4,,,,,,,,,
7,VISIT,757,Random,OnArrival,3,14,12569,Node_409,27,0,5,27,5,,,,,,,,,
7,VISIT,758,Random,OnArrival,3,14,12569,Node_425,27,0,1,27,1,,,,,,,,,
7,VISIT,759,Random,OnArrival,3,14,12569,Node_409,27,0,5,27,5,,,,,,,,,
7,VISIT,760,Random,OnArrival,3,13,12569,Node_352,30,0,6,30,6,,,,,,,,,
7,VISIT,761,Random,OnArrival,3,0,12569,Node_6,19,0,12,19,12,,,,,,,,,
7,VISIT,762,Random,OnArrival,3,0,12569,Node_7,19,0,8,19,8,,,,,,,,,
7,VISIT,763,Random,OnArrival,3,0,12569,Node_8,17,0,10,17,10,,,,,,,,,
7,VISIT,764,Random,OnArrival,3,0,12569,Node_9,21,0,10,21,10,,,,,,,,,
7,VISIT,736,Random,OnArrival,3,129,12573,Node_560,5,0,3,5,3,,,,,,,,,
7,VISIT,737,Random,OnArrival,3,123,12573,Node_558,6,0,2,6,2,,,,,,,,,
7,VISIT,738,Random,OnArrival,3,106,12573,Node_554,8,0,2,8,2,,,,,,,,,
7,VISIT,743,Random,OnArrival,3,75,12573,Node_791,0,0,25,0,25,,,,,,,,,
7,VISIT,749,Random,OnArrival,3,40,12573,Node_523,2,0,22,2,22,,,,,,,,,
7,VISIT,750,Random,OnArrival,3,40,12573,Node_524,2,0,24,2,24,,,,,,,,,
7,VISIT,751,Random,OnArrival,3,44,12573,Node_554,8,0,2,8,2,,,,,,,,,
7,VISIT,752,Random,OnArrival,3,40,12573,Node_523,2,0,22,2,22,,,,,,,,,
7,VISIT,753,Random,OnArrival,3,32,12573,Node_813,29,0,-2,29,-2,,,,,,,,,
7,VISIT,754,Random,OnArrival,3,29,12573,Node_347,31,0,8,31,8,,,,,,,,,
7,VISIT,755,Random,OnArrival,3,32,12573,Node_813,29,0,-2,29,-2,,,,,,,,,
7,VISIT,756,Random,OnArrival,3,21,12573,Node_815,29,0,-4,29,-4,,,,,,,,,
7,VISIT,757,Random,OnArrival,3,15,12573,Node_393,28,0,5,28,5,,,,,,,,,
7,VISIT,758,Random,OnArrival,3,15,12573,Node_398,28,0,1,28,1,,,,,,,,,
7,VISIT,759,Random,OnArrival,3,15,12573,Node_393,28,0,5,28,5,,,,,,,,,
7,VISIT,760,Random,OnArrival,3,14,12573,Node_350,31,0,6,31,6,,,,,,,,,
7,VISIT,761,Random,OnArrival,3,1,12573,Node_2,19,0,11,19,11,,,,,,,,,
7,VISIT,762,Random,OnArrival,3,1,12573,Node_46,20,0,8,20,8,,,,,,,,,
7,VISIT,763,Random,OnArrival,3,1,12573,Node_4,18,0,10,18,10,,,,,,,,,
7,VISIT,764,Random,OnArrival,3,1,12573,Node_47,21,0,9,21,9,,,,,,,,,
7,VISIT,736,Random,OnArrival,3,130,12577,Node_559,6,0,3,6,3,,,,,,,,,
7,VISIT,744,Random,OnArrival,3,82,12577,Node_554,8,0,2,8,2,,,,,,,,,
7,VISIT,749,Random,OnArrival,3,41,12577,Node_521,3,0,22,3,22,,,,,,,,,
7,VISIT,752,Random,OnArrival,3,41,12577,Node_521,3,0,22,3,22,,,,,,,,,
7,VISIT,753,Random,OnArrival,3,33,12577,Node_814,29,0,-3,29,-3,,,,,,,,,
7,VISIT,754,Random,OnArrival,3,30,12577,Node_349,31,0,7,31,7,,,,,,,,,
7,VISIT,755,Random,OnArrival,3,33,12577,Node_814,29,0,-3,29,-3,,,,,,,,,
7,VISIT,756,Random,OnArrival,3,22,12577,Node_814,29,0,-3,29,-3,,,,,,,,,
7,VISIT,758,Random,OnArrival,3,16,12577,Node_400,28,0,0,28,0,,,,,,,,,
7,VISIT,760,Random,OnArrival,3,15,12577,Node_422,32,0,6,32,6,,,,,,,,,
7,VISIT,761,Random,OnArrival,3,2,12577,Node_20,19,0,10,19,10,,,,,,,,,
7,VISIT,762,Random,OnArrival,3,2,12577,Node_49,21,0,8,21,8,,,,,,,,,
7,VISIT,763,Random,OnArrival,3,2,12577,Node_15,18,0,9,18,9,,,,,,,,,
7,VISIT,764,Random,OnArrival,3,2,12577,Node_86,22,0,9,22,9,,,,,,,,,
7,VISIT,736,Random,OnArrival,3,131,12581,Node_558,6,0,2,6,2,,,,,,,,,
7,VISIT,737,Random,OnArrival,3,124,12581,Node_554,8,0,2,8,2,,,,,,,,,
7,VISIT,738,Random,OnArrival,3,107,12581,Node_475,10,0,2,10,2,,,,,,,,,
7,VISIT,749,Random,OnArrival,3,42,12581,Node_520,3,0,21,3,21,,,,,,,,,
7,VISIT,750,Random,OnArrival,3,41,12581,Node_523,2,0,22,2,22,,,,,,,,,
7,VISIT,751,Random,OnArrival,3,45,12581,Node_475,10,0,2,10,2,,,,,,,,,
7,VISIT,752,Random,OnArrival,3,42,12581,Node_520,3,0,21,3,21,,,,,,,,,
7,VISIT,753,Random,OnArrival,3,34,12581,Node_819,30,0,-3,30,-3,,,,,,,,,
7,VISIT,754,Random,OnArrival,3,31,12581,Node_350,31,0,6,31,6,,,,,,,,,
7,VISIT,755,Random,OnArrival,3,34,12581,Node_819,30,0,-3,30,-3,,,,,,,,,
7,VISIT,756,Random,OnArrival,3,23,12581,Node_819,30,0,-3,30,-3,,,,,,,,,
7,VISIT,757,Random,OnArrival,3,16,12581,Node_395,28,0,3,28,3,,,,,,,,,
7,VISIT,758,Random,OnArrival,3,17,12581,Node_402,28,0,-1,28,-1,,,,,,,,,
7,VISIT,759,Random,OnArrival,3,16,12581,Node_395,28,0,3,28,3,,,,,,,,,
7,VISIT,760,Random,OnArrival,3,16,12581,Node_424,32,0,5,32,5,,,,,,,,,
7,VISIT,761,Random,OnArrival,3,3,12581,Node_3,19,0,9,19,9,,,,,,,,,
7,VISIT,762,Random,OnArrival,3,3,12581,Node_51,21,0,7,21,7,,,,,,,,,
7,VISIT,763,Random,OnArrival,3,3,12581,Node_3,19,0,9,19,9,,,,,,,,,
7,VISIT,764,Random,OnArrival,3,3,12581,Node_126,23,0,9,23,9,,,,,,,,,
7,VISIT,738,Random,OnArrival,3,108,12585,Node_476,10,0,1,10,1,,,,,,,,,
7,VISIT,742,Random,OnArrival,3,77,12585,Node_785,-5,0,25,-5,25,,,,,,,,,
7,VISIT,744,Random,OnArrival,3,83,12585,Node_475,10,0,2,10,2,,,,,,,,,
7,VISIT,745,Random,OnArrival,3,60,12585,Node_791,0,0,25,0,25,,,,,,,,,
7,VISIT,748,Random,OnArrival,3,60,12585,Node_791,0,0,25,0,25,,,,,,,,,
7,VISIT,749,Random,OnArrival,3,43,12585,Node_519,3,0,20,3,20,,,,,,,,,
7,VISIT,750,Random,OnArrival,3,42,12585,Node_521,3,0,22,3,22,,,,,,,,,
7,VISIT,751,Random,OnArrival,3,46,12585,Node_476,10,0,1,10,1,,,,,,,,,
7,VISIT,752,Random,OnArrival,3,43,12585,Node_519,3,0,20,3,20,,,,,,,,,
7,VISIT,754,Random,OnArrival,3,32,12585,Node_422,32,0,6,32,6,,,,,,,,,
7,VISIT,757,Random,OnArrival,3,17,12585,Node_417,29,0,3,29,3,,,,,,,,,
7,VISIT,758,Random,OnArrival,3,18,12585,Node_811,29,0,-1,29,-1,,,,,,,,,
7,VISIT,759,Random,OnArrival,3,17,12585,Node_417,29,0,3,29,3,,,,,,,,,
7,VISIT,760,Random,OnArrival,3,17,12585,Node_825,33,0,5,33,5,,,,,,,,,
7,VISIT,761,Random,OnArrival,3,4,12585,Node_48,20,0,9,20,9,,,,,,,,,
7,VISIT,762,Random,OnArrival,3,4,12585,Node_52,21,0,6,21,6,,,,,,,,,
7,VISIT,763,Random,OnArrival,3,4,12585,Node_48,20,0,9,20,9,,,,,,,,,
7,VISIT,736,Random,OnArrival,3,132,12589,Node_554,8,0,2,8,2,,,,,,,,,
7,VISIT,737,Random,OnArrival,3,125,12589,Node_475,10,0,2,10,2,,,,,,,,,
7,VISIT,738,Random,OnArrival,3,109,12589,Node_477,10,0,0,10,0,,,,,,,,,
7,VISIT,742,Random,OnArrival,3,78,12589,Node_783,-6,0,25,-6,25,,,,,,,,,
7,VISIT,744,Random,OnArrival,3,84,12589,Node_476,10,0,1,10,1,,,,,,,,,
7,VISIT,745,Random,OnArrival,3,61,12589,Node_794,0,0,24,0,24,,,,,,,,,
7,VISIT,748,Random,OnArrival,3,61,12589,Node_794,0,0,24,0,24,,,,,,,,,
7,VISIT,750,Random,OnArrival,3,43,12589,Node_520,3,0,21,3,21,,,,,,,,,
7,VISIT,751,Random,OnArrival,3,47,12589,Node_477,10,0,0,10,0,,,,,,,,,
7,VISIT,753,Random,OnArrival,3,35,12589,Node_822,31,0,-2,31,-2,,,,,,,,,
7,VISIT,754,Random,OnArrival,3,33,12589,Node_424,32,0,5,32,5,,,,,,,,,
7,VISIT,755,Random,OnArrival,3,35,12589,Node_822,31,0,-2,31,-2,,,,,,,,,
7,VISIT,756,Random,OnArrival,3,24,12589,Node_822,31,0,-2,31,-2,,,,,,,,,
7,VISIT,758,Random,OnArrival,3,19,12589,Node_821,30,0,-1,30,-1,,,,,,,,,
7,VISIT,760,Random,OnArrival,3,18,12589,Node_432,33,0,4,33,4,,,,,,,,,
7,VISIT,761,Random,OnArrival,3,5,12589,Node_47,21,0,9,21,9,,,,,,,,,
7,VISIT,762,Random,OnArrival,3,5,12589,Node_54,21,0,5,21,5,,,,,,,,,
7,VISIT,763,Random,OnArrival,3,5,12589,Node_47,21,0,9,21,9,,,,,,,,,
7,VISIT,764,Random,OnArrival,3,4,12589,Node_170,25,0,9,25,9,,,,,,,,,
7,VISIT,737,Random,OnArrival,3,126,12593,Node_476,10,0,1,10,1,,,,,,,,,
7,VISIT,738,Random,OnArrival,3,110,12593,Node_531,11,0,0,11,0,,,,,,,,,
7,VISIT,742,Random,OnArrival,3,79,12593,Node_784,-6,0,24,-6,24,,,,,,,,,
7,VISIT,743,Random,OnArrival,3,76,12593,Node_785,-5,0,25,-5,25,,,,,,,,,
7,VISIT,744,Random,OnArrival,3,85,12593,Node_477,10,0,0,10,0,,,,,,,,,
7,VISIT,745,Random,OnArrival,3,62,12593,Node_797,1,0,24,1,24,,,,,,,,,
7,VISIT,748,Random,OnArrival,3,62,12593,Node_797,1,0,24,1,24,,,,,,,,,
7,VISIT,749,Random,OnArrival,3,44,12593,Node_518,5,0,20,5,20,,,,,,,,,
7,VISIT,750,Random,OnArrival,3,44,12593,Node_519,3,0,20,3,20,,,,,,,,,
7,VISIT,751,Random,OnArrival,3,48,12593,Node_531,11,0,0,11,0,,,,,,,,,
7,VISIT,752,Random,OnArrival,3,44,12593,Node_518,5,0,20,5,20,,,,,,,,,
7,VISIT,753,Random,OnArrival,3,36,12593,Node_823,31,0,-1,31,-1,,,,,,,,,
7,VISIT,754,Random,OnArrival,3,34,12593,Node_426,32,0,4,32,4,,,,,,,,,
7,VISIT,755,Random,OnArrival,3,36,12593,Node_820,30,0,-2,30,-2,,,,,,,,,
7,VISIT,756,Random,OnArrival,3,25,12593,Node_820,30,0,-2,30,-2,,,,,,,,,
7,VISIT,758,Random,OnArrival,3,20,12593,Node_823,31,0,-1,31,-1,,,,,,,,,
7,VISIT,761,Random,OnArrival,3,6,12593,Node_86,22,0,9,22,9,,,,,,,,,
7,VISIT,762,Random,OnArrival,3,6,12593,Node_103,22,0,5,22,5,,,,,,,,,
7,VISIT,763,Random,OnArrival,3,6,12593,Node_86,22,0,9,22,9,,,,,,,,,
7,VISIT,764,Random,OnArrival,3,5,12593,Node_172,25,0,8,25,8,,,,,,,,,
7,VISIT,736,Random,OnArrival,3,133,12597,Node_475,10,0,2,10,2,,,,,,,,,
7,VISIT,737,Random,OnArrival,3,127,12597,Node_477,10,0,0,10,0,,,,,,,,,
7,VISIT,738,Random,OnArrival,3,111,12597,Node_495,12,0,0,12,0,,,,,,,,,
7,VISIT,742,Random,OnArrival,3,80,12597,Node_783,-6,0,25,-6,25,,,,,,,,,
7,VISIT,743,Random,OnArrival,3,77,12597,Node_786,-5,0,24,-5,24,,,,,,,,,
7,VISIT,744,Random,OnArrival,3,86,12597,Node_531,11,0,0,11,0,,,,,,,,,
7,VISIT,745,Random,OnArrival,3,63,12597,Node_524,2,0,24,2,24,,,,,,,,,
7,VISIT,748,Random,OnArrival,3,63,12597,Node_524,2,0,24,2,24,,,,,,,,,
7,VISIT,749,Random,OnArrival,3,45,12597,Node_517,5,0,19,5,19,,,,,,,,,
7,VISIT,751,Random,OnArrival,3,49,12597,Node_495,12,0,0,12,0,,,,,,,,,
7,VISIT,752,Random,OnArrival,3,45,12597,Node_517,5,0,19,5,19,,,,,,,,,
7,VISIT,754,Random,OnArrival,3,35,12597,Node_428,32,0,3,32,3,,,,,,,,,
7,VISIT,755,Random,OnArrival,3,37,12597,Node_821,30,0,-1,30,-1,,,,,,,,,
7,VISIT,756,Random,OnArrival,3,26,12597,Node_821,30,0,-1,30,-1,,,,,,,,,
7,VISIT,757,Random,OnArrival,3,18,12597,Node_428,32,0,3,32,3,,,,,,,,,
7,VISIT,759,Random,OnArrival,3,18,12597,Node_428,32,0,3,32,3,,,,,,,,,
7,VISIT,761,Random,OnArrival,3,7,12597,Node_126,23,0,9,23,9,,,,,,,,,
7,VISIT,762,Random,OnArrival,3,7,12597,Node_191,23,0,5,23,5,,,,,,,,,
7,VISIT,763,Random,OnArrival,3,7,12597,Node_126,23,0,9,23,9,,,,,,,,,
7,VISIT,764,Random,OnArrival,3,6,12597,Node_175,25,0,7,25,7,,,,,,,,,
7,VISIT,736,Random,OnArrival,3,134,12601,Node_476,10,0,1,10,1,,,,,,,,,
7,VISIT,737,Random,OnArrival,3,128,12601,Node_531,11,0,0,11,0,,,,,,,,,
7,VISIT,742,Random,OnArrival,3,81,12601,Node_785,-5,0,25,-5,25,,,,,,,,,
7,VISIT,743,Random,OnArrival,3,78,12601,Node_785,-5,0,25,-5,25,,,,,,,,,
7,VISIT,744,Random,OnArrival,3,87,12601,Node_495,12,0,0,12,0,,,,,,,,,
7,VISIT,749,Random,OnArrival,3,46,12601,Node_516,5,0,18,5,18,,,,,,,,,
7,VISIT,750,Random,OnArrival,3,45,12601,Node_518,5,0,20,5,20,,,,,,,,,
7,VISIT,752,Random,OnArrival,3,46,12601,Node_516,5,0,18,5,18,,,,,,,,,
7,VISIT,754,Random,OnArrival,3,36,12601,Node_431,33,0,3,33,3,,,,,,,,,
7,VISIT,755,Random,OnArrival,3,38,12601,Node_823,31,0,-1,31,-1,,,,,,,,,
7,VISIT,756,Random,OnArrival,3,27,12601,Node_823,31,0,-1,31,-1,,,,,,,,,
7,VISIT,757,Random,OnArrival,3,19,12601,Node_431,33,0,3,33,3,,,,,,,,,
7,VISIT,759,Random,OnArrival,3,19,12601,Node_431,33,0,3,33,3,,,,,,,,,
7,VISIT,762,Random,OnArrival,3,8,12601,Node_192,23,0,4,23,4,,,,,,,,,
7,VISIT,764,Random,OnArrival,3,7,12601,Node_178,25,0,6,25,6,,,,,,,,,
7,VISIT,736,Random,OnArrival,3,135,12605,Node_477,10,0,0,10,0,,,,,,,,,
7,VISIT,737,Random,OnArrival,3,129,12605,Node_495,12,0,0,12,0,,,,,,,,,
7,VISIT,738,Random,OnArrival,3,112,12605,Node_202,14,0,0,14,0,,,,,,,,,
7,VISIT,745,Random,OnArrival,3,64,12605,Node_523,2,0,22,2,22,,,,,,,,,
7,VISIT,748,Random,OnArrival,3,64,12605,Node_523,2,0,22,2,22,,,,,,,,,
7,VISIT,749,Random,OnArrival,3,47,12605,Node_515,5,0,17,5,17,,,,,,,,,
7,VISIT,750,Random,OnArrival,3,46,12605,Node_517,5,0,19,5,19,,,,,,,,,
7,VISIT,751,Random,OnArrival,3,50,12605,Node_202,14,0,0,14,0,,,,,,,,,
7,VISIT,752,Random,OnArrival,3,47,12605,Node_515,5,0,17,5,17,,,,,,,,,
7,VISIT,754,Random,OnArrival,3,37,12605,Node_837,34,0,3,34,3,,,,,,,,,
7,VISIT,755,Random,OnArrival,3,39,12605,Node_836,31,0,0,31,0,,,,,,,,,
7,VISIT,756,Random,OnArrival,3,28,12605,Node_836,31,0,0,31,0,,,,,,,,,
7,VISIT,757,Random,OnArrival,3,20,12605,Node_837,34,0,3,34,3,,,,,,,,,
7,VISIT,759,Random,OnArrival,3,20,12605,Node_837,34,0,3,34,3,,,,,,,,,
7,VISIT,761,Random,OnArrival,3,8,12605,Node_170,25,0,9,25,9,,,,,,,,,
7,VISIT,762,Random,OnArrival,3,9,12605,Node_193,23,0,3,23,3,,,,,,,,,
7,VISIT,763,Random,OnArrival,3,8,12605,Node_170,25,0,9,25,9,,,,,,,,,
7,VISIT,764,Random,OnArrival,3,8,12605,Node_181,25,0,5,25,5,,,,,,,,,
7,VISIT,736,Random,OnArrival,3,136,12609,Node_531,11,0,0,11,0,,,,,,,,,
7,VISIT,738,Random,OnArrival,3,113,12609,Node_204,14,0,-1,14,-1,,,,,,,,,
7,VISIT,744,Random,OnArrival,3,88,12609,Node_202,14,0,0,14,0,,,,,,,,,
7,VISIT,745,Random,OnArrival,3,65,12609,Node_521,3,0,22,3,22,,,,,,,,,
7,VISIT,748,Random,OnArrival,3,65,12609,Node_521,3,0,22,3,22,,,,,,,,,
7,VISIT,749,Random,OnArrival,3,48,12609,Node_514,5,0,16,5,16,,,,,,,,,
7,VISIT,750,Random,OnArrival,3,47,12609,Node_516,5,0,18,5,18,,,,,,,,,
7,VISIT,751,Random,OnArrival,3,51,12609,Node_204,14,0,-1,14,-1,,,,,,,,,
7,VISIT,752,Random,OnArrival,3,48,12609,Node_514,5,0,16,5,16,,,,,,,,,
7,VISIT,761,Random,OnArrival,3,9,12609,Node_172,25,0,8,25,8,,,,,,,,,
7,VISIT,762,Random,OnArrival,3,10,12609,Node_194,23,0,2,23,2,,,,,,,,,
7,VISIT,763,Random,OnArrival,3,9,12609,Node_172,25,0,8,25,8,,,,,,,,,
7,VISIT,764,Random,OnArrival,3,9,12609,Node_406,26,0,5,26,5,,,,,,,,,
7,VISIT,736,Random,OnArrival,3,137,12613,Node_495,12,0,0,12,0,,,,,,,,,
7,VISIT,737,Random,OnArrival,3,130,12613,Node_202,14,0,0,14,0,,,,,,,,,
7,VISIT,738,Random,OnArrival,3,114,12613,Node_484,14,0,-2,14,-2,,,,,,,,,
7,VISIT,744,Random,OnArrival,3,89,12613,Node_204,14,0,-1,14,-1,,,,,,,,,
7,VISIT,745,Random,OnArrival,3,66,12613,Node_520,3,0,21,3,21,,,,,,,,,
7,VISIT,748,Random,OnArrival,3,66,12613,Node_520,3,0,21,3,21,,,,,,,,,
7,VISIT,749,Random,OnArrival,3,49,12613,Node_513,5,0,15,5,15,,,,,,,,,
7,VISIT,750,Random,OnArrival,3,48,12613,Node_515,5,0,17,5,17,,,,,,,,,
7,VISIT,751,Random,OnArrival,3,52,12613,Node_484,14,0,-2,14,-2,,,,,,,,,
7,VISIT,752,Random,OnArrival,3,49,12613,Node_513,5,0,15,5,15,,,,,,,,,
7,VISIT,753,Random,OnArrival,3,37,12613,Node_836,31,0,0,31,0,,,,,,,,,
7,VISIT,755,Random,OnArrival,3,40,12613,Node_828,33,0,0,33,0,,,,,,,,,
7,VISIT,756,Random,OnArrival,3,29,12613,Node_828,33,0,0,33,0,,,,,,,,,
7,VISIT,758,Random,OnArrival,3,21,12613,Node_828,33,0,0,33,0,,,,,,,,,
7,VISIT,761,Random,OnArrival,3,10,12613,Node_175,25,0,7,25,7,,,,,,,,,
7,VISIT,762,Random,OnArrival,3,11,12613,Node_195,23,0,1,23,1,,,,,,,,,
7,VISIT,763,Random,OnArrival,3,10,12613,Node_175,25,0,7,25,7,,,,,,,,,
7,VISIT,764,Random,OnArrival,3,10,12613,Node_409,27,0,5,27,5,,,,,,,,,
7,VISIT,737,Random,OnArrival,3,131,12617,Node_204,14,0,-1,14,-1,,,,,,,,,
7,VISIT,738,Random,OnArrival,3,115,12617,Node_452,15,0,-2,15,-2,,,,,,,,,
7,VISIT,744,Random,OnArrival,3,90,12617,Node_484,14,0,-2,14,-2,,,,,,,,,
7,VISIT,745,Random,OnArrival,3,67,12617,Node_519,3,0,20,3,20,,,,,,,,,
7,VISIT,748,Random,OnArrival,3,67,12617,Node_519,3,0,20,3,20,,,,,,,,,
7,VISIT,749,Random,OnArrival,3,50,12617,Node_512,5,0,14,5,14,,,,,,,,,
7,VISIT,750,Random,OnArrival,3,49,12617,Node_514,5,0,16,5,16,,,,,,,,,
7,VISIT,751,Random,OnArrival,3,53,12617,Node_452,15,0,-2,15,-2,,,,,,,,,
7,VISIT,752,Random,OnArrival,3,50,12617,Node_512,5,0,14,5,14,,,,,,,,,
7,VISIT,753,Random,OnArrival,3,38,12617,Node_842,32,0,0,32,0,,,,,,,,,
7,VISIT,754,Random,OnArrival,3,38,12617,Node_835,34,0,4,34,4,,,,,,,,,
7,VISIT,755,Random,OnArrival,3,41,12617,Node_844,34,0,0,34,0,,,,,,,,,
7,VISIT,756,Random,OnArrival,3,30,12617,Node_844,34,0,0,34,0,,,,,,,,,
7,VISIT,757,Random,OnArrival,3,21,12617,Node_835,34,0,4,34,4,,,,,,,,,
7,VISIT,758,Random,OnArrival,3,22,12617,Node_844,34,0,0,34,0,,,,,,,,,
7,VISIT,759,Random,OnArrival,3,21,12617,Node_835,34,0,4,34,4,,,,,,,,,
7,VISIT,761,Random,OnArrival,3,11,12617,Node_178,25,0,6,25,6,,,,,,,,,
7,VISIT,762,Random,OnArrival,3,12,12617,Node_197,23,0,0,23,0,,,,,,,,,
7,VISIT,763,Random,OnArrival,3,11,12617,Node_178,25,0,6,25,6,,,,,,,,,
7,VISIT,764,Random,OnArrival,3,11,12617,Node_393,28,0,5,28,5,,,,,,,,,
7,VISIT,736,Random,OnArrival,3,138,12621,Node_202,14,0,0,14,0,,,,,,,,,
7,VISIT,737,Random,OnArrival,3,132,12621,Node_484,14,0,-2,14,-2,,,,,,,,,
7,VISIT,742,Random,OnArrival,3,82,12621,Node_791,0,0,25,0,25,,,,,,,,,
7,VISIT,743,Random,OnArrival,3,79,12621,Node_791,0,0,25,0,25,,,,,,,,,
7,VISIT,744,Random,OnArrival,3,91,12621,Node_452,15,0,-2,15,-2,,,,,,,,,
7,VISIT,749,Random,OnArrival,3,51,12621,Node_511,5,0,13,5,13,,,,,,,,,
7,VISIT,750,Random,OnArrival,3,50,12621,Node_513,5,0,15,5,15,,,,,,,,,
7,VISIT,752,Random,OnArrival,3,51,12621,Node_511,5,0,13,5,13,,,,,,,,,
7,VISIT,753,Random,OnArrival,3,39,12621,Node_840,32,0,1,32,1,,,,,,,,,
7,VISIT,754,Random,OnArrival,3,39,12621,Node_837,34,0,3,34,3,,,,,,,,,
7,VISIT,757,Random,OnArrival,3,22,12621,Node_837,34,0,3,34,3,,,,,,,,,
7,VISIT,759,Random,OnArrival,3,22,12621,Node_837,34,0,3,34,3,,,,,,,,,
7,VISIT,761,Random,OnArrival,3,12,12621,Node_181,25,0,5,25,5,,,,,,,,,
7,VISIT,762,Random,OnArrival,3,13,12621,Node_199,23,0,-1,23,-1,,,,,,,,,
7,VISIT,763,Random,OnArrival,3,12,12621,Node_181,25,0,5,25,5,,,,,,,,,
7,VISIT,765,Random,OnArrival,3,0,12621,Node_6,19,0,12,19,12,,,,,,,,,
7,VISIT,766,Random,OnArrival,3,0,12621,Node_7,19,0,8,19,8,,,,,,,,,
7,VISIT,767,Random,OnArrival,3,0,12621,Node_8,17,0,10,17,10,,,,,,,,,
7,VISIT,768,Random,OnArrival,3,0,12621,Node_9,21,0,10,21,10,,,,,,,,,
7,VISIT,736,Random,OnArrival,3,139,12625,Node_204,14,0,-1,14,-1,,,,,,,,,
7,VISIT,737,Random,OnArrival,3,133,12625,Node_452,15,0,-2,15,-2,,,,,,,,,
7,VISIT,738,Random,OnArrival,3,116,12625,Node_440,17,0,-2,17,-2,,,,,,,,,
7,VISIT,742,Random,OnArrival,3,83,12625,Node_794,0,0,24,0,24,,,,,,,,,
7,VISIT,743,Random,OnArrival,3,80,12625,Node_794,0,0,24,0,24,,,,,,,,,
7,VISIT,745,Random,OnArrival,3,68,12625,Node_518,5,0,20,5,20,,,,,,,,,
7,VISIT,748,Random,OnArrival,3,68,12625,Node_518,5,0,20,5,20,,,,,,,,,
7,VISIT,749,Random,OnArrival,3,52,12625,Node_510,5,0,12,5,12,,,,,,,,,
7,VISIT,750,Random,OnArrival,3,51,12625,Node_512,5,0,14,5,14,,,,,,,,,
7,VISIT,751,Random,OnArrival,3,54,12625,Node_440,17,0,-2,17,-2,,,,,,,,,
7,VISIT,752,Random,OnArrival,3,52,12625,Node_510,5,0,12,5,12,,,,,,,,,
7,VISIT,753,Random,OnArrival,3,40,12625,Node_826,33,0,1,33,1,,,,,,,,,
7,VISIT,754,Random,OnArrival,3,40,12625,Node_839,34,0,2,34,2,,,,,,,,,
7,VISIT,757,Random,OnArrival,3,23,12625,Node_843,35,0,3,35,3,,,,,,,,,
7,VISIT,759,Random,OnArrival,3,23,12625,Node_839,34,0,2,34,2,,,,,,,,,
7,VISIT,761,Random,OnArrival,3,13,12625,Node_406,26,0,5,26,5,,,,,,,,,
7,VISIT,762,Random,OnArrival,3,14,12625,Node_201,23,0,-2,23,-2,,,,,,,,,
7,VISIT,763,Random,OnArrival,3,13,12625,Node_406,26,0,5,26,5,,,,,,,,,
7,VISIT,764,Random,OnArrival,3,12,12625,Node_395,28,0,3,28,3,,,,,,,,,
7,VISIT,765,Random,OnArrival,3,1,12625,Node_2,19,0,11,19,11,,,,,,,,,
7,VISIT,766,Random,OnArrival,3,1,12625,Node_46,20,0,8,20,8,,,,,,,,,
7,VISIT,767,Random,OnArrival,3,1,12625,Node_4,18,0,10,18,10,,,,,,,,,
7,VISIT,768,Random,OnArrival,3,1,12625,Node_47,21,0,9,21,9,,,,,,,,,
7,VISIT,736,Random,OnArrival,3,140,12629,Node_484,14,0,-2,14,-2,,,,,,,,,
7,VISIT,738,Random,OnArrival,3,117,12629,Node_439,18,0,-2,18,-2,,,,,,,,,
7,VISIT,742,Random,OnArrival,3,84,12629,Node_797,1,0,24,1,24,,,,,,,,,
7,VISIT,743,Random,OnArrival,3,81,12629,Node_797,1,0,24,1,24,,,,,,,,,
7,VISIT,744,Random,OnArrival,3,92,12629,Node_440,17,0,-2,17,-2,,,,,,,,,
7,VISIT,745,Random,OnArrival,3,69,12629,Node_517,5,0,19,5,19,,,,,,,,,
7,VISIT,748,Random,OnArrival,3,69,12629,Node_517,5,0,19,5,19,,,,,,,,,
7,VISIT,750,Random,OnArrival,3,52,12629,Node_511,5,0,13,5,13,,,,,,,,,
7,VISIT,751,Random,OnArrival,3,55,12629,Node_439,18,0,-2,18,-2,,,,,,,,,
7,VISIT,753,Random,OnArrival,3,41,12629,Node_841,34,0,1,34,1,,,,,,,,,
7,VISIT,754,Random,OnArrival,3,41,12629,Node_824,33,0,2,33,2,,,,,,,,,
7,VISIT,755,Random,OnArrival,3,42,12629,Node_846,34,0,-1,34,-1,,,,,,,,,
7,VISIT,756,Random,OnArrival,3,31,12629,Node_846,34,0,-1,34,-1,,,,,,,,,
7,VISIT,758,Random,OnArrival,3,23,12629,Node_846,34,0,-1,34,-1,,,,,,,,,
7,VISIT,759,Random,OnArrival,3,24,12629,Node_824,33,0,2,33,2,,,,,,,,,
7,VISIT,761,Random,OnArrival,3,14,12629,Node_409,27,0,5,27,5,,,,,,,,,
7,VISIT,762,Random,OnArrival,3,15,12629,Node_776,24,0,-2,24,-2,,,,,,,,,
7,VISIT,763,Random,OnArrival,3,14,12629,Node_409,27,0,5,27,5,,,,,,,,,
7,VISIT,764,Random,OnArrival,3,13,12629,Node_417,29,0,3,29,3,,,,,,,,,
7,VISIT,765,Random,OnArrival,3,2,12629,Node_20,19,0,10,19,10,,,,,,,,,
7,VISIT,766,Random,OnArrival,3,2,12629,Node_49,21,0,8,21,8,,,,,,,,,
7,VISIT,767,Random,OnArrival,3,2,12629,Node_15,18,0,9,18,9,,,,,,,,,
7,VISIT,768,Random,OnArrival,3,2,12629,Node_86,22,0,9,22,9,,,,,,,,,
7,VISIT,736,Random,OnArrival,3,141,12633,Node_452,15,0,-2,15,-2,,,,,,,,,
7,VISIT,737,Random,OnArrival,3,134,12633,Node_440,17,0,-2,17,-2,,,,,,,,,
7,VISIT,738,Random,OnArrival,3,118,12633,Node_438,18,0,-1,18,-1,,,,,,,,,
7,VISIT,742,Random,OnArrival,3,85,12633,Node_524,2,0,24,2,24,,,,,,,,,
7,VISIT,743,Random,OnArrival,3,82,12633,Node_524,2,0,24,2,24,,,,,,,,,
7,VISIT,744,Random,OnArrival,3,93,12633,Node_439,18,0,-2,18,-2,,,,,,,,,
7,VISIT,745,Random,OnArrival,3,70,12633,Node_516,5,0,18,5,18,,,,,,,,,
7,VISIT,748,Random,OnArrival,3,70,12633,Node_516,5,0,18,5,18,,,,,,,,,
7,VISIT,749,Random,OnArrival,3,53,12633,Node_509,5,0,10,5,10,,,,,,,,,
7,VISIT,750,Random,OnArrival,3,53,12633,Node_510,5,0,12,5,12,,,,,,,,,
7,VISIT,751,Random,OnArrival,3,56,12633,Node_438,18,0,-1,18,-1,,,,,,,,,
7,VISIT,752,Random,OnArrival,3,53,12633,Node_509,5,0,10,5,10,,,,,,,,,
7,VISIT,753,Random,OnArrival,3,42,12633,Node_844,34,0,0,34,0,,,,,,,,,
7,VISIT,754,Random,OnArrival,3,42,12633,Node_826,33,0,1,33,1,,,,,,,,,
7,VISIT,755,Random,OnArrival,3,43,12633,Node_829,33,0,-1,33,-1,,,,,,,,,
7,VISIT,756,Random,OnArrival,3,32,12633,Node_829,33,0,-1,33,-1,,,,,,,,,
7,VISIT,758,Random,OnArrival,3,24,12633,Node_829,33,0,-1,33,-1,,,,,,,,,
7,VISIT,759,Random,OnArrival,3,25,12633,Node_826,33,0,1,33,1,,,,,,,,,
7,VISIT,761,Random,OnArrival,3,15,12633,Node_393,28,0,5,28,5,,,,,,,,,
7,VISIT,763,Random,OnArrival,3,15,12633,Node_393,28,0,5,28,5,,,,,,,,,
7,VISIT,765,Random,OnArrival,3,3,12633,Node_3,19,0,9,19,9,,,,,,,,,
7,VISIT,766,Random,OnArrival,3,3,12633,Node_51,21,0,7,21,7,,,,,,,,,
7,VISIT,767,Random,OnArrival,3,3,12633,Node_3,19,0,9,19,9,,,,,,,,,
7,VISIT,768,Random,OnArrival,3,3,12633,Node_126,23,0,9,23,9,,,,,,,,,
7,VISIT,737,Random,OnArrival,3,135,12637,Node_439,18,0,-2,18,-2,,,,,,,,,
7,VISIT,738,Random,OnArrival,3,119,12637,Node_437,18,0,0,18,0,,,,,,,,,
7,VISIT,744,Random,OnArrival,3,94,12637,Node_438,18,0,-1,18,-1,,,,,,,,,
7,VISIT,745,Random,OnArrival,3,71,12637,Node_515,5,0,17,5,17,,,,,,,,,
7,VISIT,748,Random,OnArrival,3,71,12637,Node_515,5,0,17,5,17,,,,,,,,,
7,VISIT,749,Random,OnArrival,3,54,12637,Node_508,5,0,9,5,9,,,,,,,,,
7,VISIT,751,Random,OnArrival,3,57,12637,Node_437,18,0,0,18,0,,,,,,,,,
7,VISIT,752,Random,OnArrival,3,54,12637,Node_508,5,0,9,5,9,,,,,,,,,
7,VISIT,753,Random,OnArrival,3,43,12637,Node_846,34,0,-1,34,-1,,,,,,,,,
7,VISIT,754,Random,OnArrival,3,43,12637,Node_828,33,0,0,33,0,,,,,,,,,
7,VISIT,755,Random,OnArrival,3,44,12637,Node_830,33,0,-2,33,-2,,,,,,,,,
7,VISIT,756,Random,OnArrival,3,33,12637,Node_830,33,0,-2,33,-2,,,,,,,,,
7,VISIT,757,Random,OnArrival,3,24,12637,Node_845,35,0,4,35,4,,,,,,,,,
7,VISIT,758,Random,OnArrival,3,25,12637,Node_828,33,0,0,33,0,,,,,,,,,
7,VISIT,759,Random,OnArrival,3,26,12637,Node_828,33,0,0,33,0,,,,,,,,,
7,VISIT,762,Random,OnArrival,3,16,12637,Node_779,26,0,-2,26,-2,,,,,,,,,
7,VISIT,765,Random,OnArrival,3,4,12637,Node_48,20,0,9,20,9,,,,,,,,,
7,VISIT,766,Random,OnArrival,3,4,12637,Node_52,21,0,6,21,6,,,,,,,,,
7,VISIT,767,Random,OnArrival,3,4,12637,Node_48,20,0,9,20,9,,,,,,,,,
7,VISIT,736,Random,OnArrival,3,142,12641,Node_440,17,0,-2,17,-2,,,,,,,,,
7,VISIT,737,Random,OnArrival,3,136,12641,Node_438,18,0,-1,18,-1,,,,,,,,,
7,VISIT,738,Random,OnArrival,3,120,12641,Node_433,19,0,0,19,0,,,,,,,,,
7,VISIT,742,Random,OnArrival,3,86,12641,Node_523,2,0,22,2,22,,,,,,,,,
7,VISIT,743,Random,OnArrival,3,83,12641,Node_523,2,0,22,2,22,,,,,,,,,
7,VISIT,744,Random,OnArrival,3,95,12641,Node_437,18,0,0,18,0,,,,,,,,,
7,VISIT,745,Random,OnArrival,3,72,12641,Node_514,5,0,16,5,16,,,,,,,,,
7,VISIT,748,Random,OnArrival,3,72,12641,Node_514,5,0,16,5,16,,,,,,,,,
7,VISIT,750,Random,OnArrival,3,54,12641,Node_509,5,0,10,5,10,,,,,,,,,
7,VISIT,751,Random,OnArrival,3,58,12641,Node_433,19,0,0,19,0,,,,,,,,,
7,VISIT,753,Random,OnArrival,3,44,12641,Node_850,35,0,-1,35,-1,,,,,,,,,
7,VISIT,754,Random,OnArrival,3,44,12641,Node_829,33,0,-1,33,-1,,,,,,,,,
7,VISIT,755,Random,OnArrival,3,45,12641,Node_847,34,0,-2,34,-2,,,,,,,,,
7,VISIT,756,Random,OnArrival,3,34,12641,Node_847,34,0,-2,34,-2,,,,,,,,,
7,VISIT,757,Random,OnArrival,3,25,12641,Node_854,36,0,4,36,4,,,,,,,,,
7,VISIT,758,Random,OnArrival,3,26,12641,Node_844,34,0,0,34,0,,,,,,,,,
7,VISIT,759,Random,OnArrival,3,27,12641,Node_829,33,0,-1,33,-1,,,,,,,,,
7,VISIT,761,Random,OnArrival,3,16,12641,Node_395,28,0,3,28,3,,,,,,,,,
7,VISIT,762,Random,OnArrival,3,17,12641,Node_807,27,0,-2,27,-2,,,,,,,,,
7,VISIT,763,Random,OnArrival,3,16,12641,Node_395,28,0,3,28,3,,,,,,,,,
7,VISIT,764,Random,OnArrival,3,14,12641,Node_428,32,0,3,32,3,,,,,,,,,
7,VISIT,765,Random,OnArrival,3,5,12641,Node_47,21,0,9,21,9,,,,,,,,,
7,VISIT,766,Random,OnArrival,3,5,12641,Node_54,21,0,5,21,5,,,,,,,,,
7,VISIT,767,Random,OnArrival,3,5,12641,Node_47,21,0,9,21,9,,,,,,,,,
7,VISIT,768,Random,OnArrival,3,4,12641,Node_170,25,0,9,25,9,,,,,,,,,
7,VISIT,736,Random,OnArrival,3,143,12645,Node_439,18,0,-2,18,-2,,,,,,,,,
7,VISIT,737,Random,OnArrival,3,137,12645,Node_437,18,0,0,18,0,,,,,,,,,
7,VISIT,742,Random,OnArrival,3,87,12645,Node_521,3,0,22,3,22,,,,,,,,,
7,VISIT,743,Random,OnArrival,3,84,12645,Node_521,3,0,22,3,22,,,,,,,,,
7,VISIT,744,Random,OnArrival,3,96,12645,Node_433,19,0,0,19,0,,,,,,,,,
7,VISIT,745,Random,OnArrival,3,73,12645,Node_513,5,0,15,5,15,,,,,,,,,
7,VISIT,748,Random,OnArrival,3,73,12645,Node_513,5,0,15,5,15,,,,,,,,,
7,VISIT,750,Random,OnArrival,3,55,12645,Node_508,5,0,9,5,9,,,,,,,,,
7,VISIT,753,Random,OnArrival,3,45,12645,Node_846,34,0,-1,34,-1,,,,,,,,,
7,VISIT,754,Random,OnArrival,3,45,12645,Node_830,33,0,-2,33,-2,,,,,,,,,
7,VISIT,755,Random,OnArrival,3,46,12645,Node_830,33,0,-2,33,-2,,,,,,,,,
7,VISIT,756,Random,OnArrival,3,35,12645,Node_846,34,0,-1,34,-1,,,,,,,,,
7,VISIT,758,Random,OnArrival,3,27,12645,Node_848,35,0,0,35,0,,,,,,,,,
7,VISIT,759,Random,OnArrival,3,28,12645,Node_828,33,0,0,33,0,,,,,,,,,
7,VISIT,761,Random,OnArrival,3,17,12645,Node_397,28,0,2,28,2,,,,,,,,,
7,VISIT,762,Random,OnArrival,3,18,12645,Node_404,28,0,-2,28,-2,,,,,,,,,
7,VISIT,763,Random,OnArrival,3,17,12645,Node_397,28,0,2,28,2,,,,,,,,,
7,VISIT,764,Random,OnArrival,3,15,12645,Node_431,33,0,3,33,3,,,,,,,,,
7,VISIT,765,Random,OnArrival,3,6,12645,Node_86,22,0,9,22,9,,,,,,,,,
7,VISIT,766,Random,OnArrival,3,6,12645,Node_103,22,0,5,22,5,,,,,,,,,
7,VISIT,767,Random,OnArrival,3,6,12645,Node_86,22,0,9,22,9,,,,,,,,,
7,VISIT,768,Random,OnArrival,3,5,12645,Node_172,25,0,8,25,8,,,,,,,,,
7,VISIT,736,Random,OnArrival,3,144,12649,Node_438,18,0,-1,18,-1,,,,,,,,,
7,VISIT,737,Random,OnArrival,3,138,12649,Node_433,19,0,0,19,0,,,,,,,,,
7,VISIT,742,Random,OnArrival,3,88,12649,Node_520,3,0,21,3,21,,,,,,,,,
7,VISIT,743,Random,OnArrival,3,85,12649,Node_520,3,0,21,3,21,,,,,,,,,
7,VISIT,745,Random,OnArrival,3,74,12649,Node_512,5,0,14,5,14,,,,,,,,,
7,VISIT,748,Random,OnArrival,3,74,12649,Node_512,5,0,14,5,14,,,,,,,,,
7,VISIT,749,Random,OnArrival,3,55,12649,Node_504,5,0,6,5,6,,,,,,,,,
7,VISIT,752,Random,OnArrival,3,55,12649,Node_504,5,0,6,5,6,,,,,,,,,
7,VISIT,753,Random,OnArrival,3,46,12649,Node_847,34,0,-2,34,-2,,,,,,,,,
7,VISIT,754,Random,OnArrival,3,46,12649,Node_831,33,0,-3,33,-3,,,,,,,,,
7,VISIT,755,Random,OnArrival,3,47,12649,Node_831,33,0,-3,33,-3,,,,,,,,,
7,VISIT,756,Random,OnArrival,3,36,12649,Node_844,34,0,0,34,0,,,,,,,,,
7,VISIT,759,Random,OnArrival,3,29,12649,Node_844,34,0,0,34,0,,,,,,,,,
7,VISIT,761,Random,OnArrival,3,18,12649,Node_398,28,0,1,28,1,,,,,,,,,
7,VISIT,762,Random,OnArrival,3,19,12649,Node_813,29,0,-2,29,-2,,,,,,,,,
7,VISIT,763,Random,OnArrival,3,18,12649,Node_398,28,0,1,28,1,,,,,,,,,
7,VISIT,764,Random,OnArrival,3,16,12649,Node_824,33,0,2,33,2,,,,,,,,,
7,VISIT,765,Random,OnArrival,3,7,12649,Node_126,23,0,9,23,9,,,,,,,,,
7,VISIT,766,Random,OnArrival,3,7,12649,Node_191,23,0,5,23,5,,,,,,,,,
7,VISIT,767,Random,OnArrival,3,7,12649,Node_126,23,0,9,23,9,,,,,,,,,
7,VISIT,768,Random,OnArrival,3,6,12649,Node_175,25,0,7,25,7,,,,,,,,,
7,VISIT,736,Random,OnArrival,3,145,12653,Node_437,18,0,0,18,0,,,,,,,,,
7,VISIT,738,Random,OnArrival,3,121,12653,Node_414,22,0,0,22,0,,,,,,,,,
7,VISIT,742,Random,OnArrival,3,89,12653,Node_519,3,0,20,3,20,,,,,,,,,
7,VISIT,743,Random,OnArrival,3,86,12653,Node_519,3,0,20,3,20,,,,,,,,,
7,VISIT,745,Random,OnArrival,3,75,12653,Node_511,5,0,13,5,13,,,,,,,,,
7,VISIT,748,Random,OnArrival,3,75,12653,Node_511,5,0,13,5,13,,,,,,,,,
7,VISIT,749,Random,OnArrival,3,56,12653,Node_499,6,0,6,6,6,,,,,,,,,
7,VISIT,751,Random,OnArrival,3,59,12653,Node_414,22,0,0,22,0,,,,,,,,,
7,VISIT,752,Random,OnArrival,3,56,12653,Node_499,6,0,6,6,6,,,,,,,,,
7,VISIT,753,Random,OnArrival,3,47,12653,Node_849,34,0,-3,34,-3,,,,,,,,,
7,VISIT,754,Random,OnArrival,3,47,12653,Node_849,34,0,-3,34,-3,,,,,,,,,
7,VISIT,755,Random,OnArrival,3,48,12653,Node_849,34,0,-3,34,-3,,,,,,,,,
7,VISIT,756,Random,OnArrival,3,37,12653,Node_848,35,0,0,35,0,,,,,,,,,
7,VISIT,759,Random,OnArrival,3,30,12653,Node_848,35,0,0,35,0,,,,,,,,,
7,VISIT,761,Random,OnArrival,3,19,12653,Node_400,28,0,0,28,0,,,,,,,,,
7,VISIT,762,Random,OnArrival,3,20,12653,Node_814,29,0,-3,29,-3,,,,,,,,,
7,VISIT,763,Random,OnArrival,3,19,12653,Node_400,28,0,0,28,0,,,,,,,,,
7,VISIT,764,Random,OnArrival,3,17,12653,Node_431,33,0,3,33,3,,,,,,,,,
7,VISIT,766,Random,OnArrival,3,8,12653,Node_183,24,0,5,24,5,,,,,,,,,
7,VISIT,768,Random,OnArrival,3,7,12653,Node_178,25,0,6,25,6,,,,,,,,,
7,VISIT,736,Random,OnArrival,3,146,12657,Node_433,19,0,0,19,0,,,,,,,,,
7,VISIT,738,Random,OnArrival,3,122,12657,Node_415,22,0,-1,22,-1,,,,,,,,,
7,VISIT,744,Random,OnArrival,3,97,12657,Node_414,22,0,0,22,0,,,,,,,,,
7,VISIT,745,Random,OnArrival,3,76,12657,Node_510,5,0,12,5,12,,,,,,,,,
7,VISIT,748,Random,OnArrival,3,76,12657,Node_510,5,0,12,5,12,,,,,,,,,
7,VISIT,749,Random,OnArrival,3,57,12657,Node_498,7,0,6,7,6,,,,,,,,,
7,VISIT,750,Random,OnArrival,3,56,12657,Node_504,5,0,6,5,6,,,,,,,,,
7,VISIT,751,Random,OnArrival,3,60,12657,Node_415,22,0,-1,22,-1,,,,,,,,,
7,VISIT,752,Random,OnArrival,3,57,12657,Node_498,7,0,6,7,6,,,,,,,,,
7,VISIT,753,Random,OnArrival,3,48,12657,Node_831,33,0,-3,33,-3,,,,,,,,,
7,VISIT,754,Random,OnArrival,3,48,12657,Node_851,34,0,-4,34,-4,,,,,,,,,
7,VISIT,755,Random,OnArrival,3,49,12657,Node_851,34,0,-4,34,-4,,,,,,,,,
7,VISIT,761,Random,OnArrival,3,20,12657,Node_402,28,0,-1,28,-1,,,,,,,,,
7,VISIT,762,Random,OnArrival,3,21,12657,Node_815,29,0,-4,29,-4,,,,,,,,,
7,VISIT,763,Random,OnArrival,3,20,12657,Node_402,28,0,-1,28,-1,,,,,,,,,
7,VISIT,764,Random,OnArrival,3,18,12657,Node_837,34,0,3,34,3,,,,,,,,,
7,VISIT,765,Random,OnArrival,3,8,12657,Node_170,25,0,9,25,9,,,,,,,,,
7,VISIT,766,Random,OnArrival,3,9,12657,Node_181,25,0,5,25,5,,,,,,,,,
7,VISIT,767,Random,OnArrival,3,8,12657,Node_170,25,0,9,25,9,,,,,,,,,
7,VISIT,768,Random,OnArrival,3,8,12657,Node_181,25,0,5,25,5,,,,,,,,,
7,VISIT,737,Random,OnArrival,3,139,12661,Node_414,22,0,0,22,0,,,,,,,,,
7,VISIT,738,Random,OnArrival,3,123,12661,Node_416,22,0,-2,22,-2,,,,,,,,,
7,VISIT,742,Random,OnArrival,3,90,12661,Node_518,5,0,20,5,20,,,,,,,,,
7,VISIT,743,Random,OnArrival,3,87,12661,Node_518,5,0,20,5,20,,,,,,,,,
7,VISIT,744,Random,OnArrival,3,98,12661,Node_415,22,0,-1,22,-1,,,,,,,,,
7,VISIT,749,Random,OnArrival,3,58,12661,Node_489,8,0,6,8,6,,,,,,,,,
7,VISIT,750,Random,OnArrival,3,57,12661,Node_499,6,0,6,6,6,,,,,,,,,
7,VISIT,751,Random,OnArrival,3,61,12661,Node_416,22,0,-2,22,-2,,,,,,,,,
7,VISIT,752,Random,OnArrival,3,58,12661,Node_489,8,0,6,8,6,,,,,,,,,
7,VISIT,753,Random,OnArrival,3,49,12661,Node_849,34,0,-3,34,-3,,,,,,,,,
7,VISIT,754,Random,OnArrival,3,49,12661,Node_832,33,0,-4,33,-4,,,,,,,,,
7,VISIT,755,Random,OnArrival,3,50,12661,Node_832,33,0,-4,33,-4,,,,,,,,,
7,VISIT,756,Random,OnArrival,3,38,12661,Node_858,37,0,0,37,0,,,,,,,,,
7,VISIT,759,Random,OnArrival,3,31,12661,Node_858,37,0,0,37,0,,,,,,,,,
7,VISIT,761,Random,OnArrival,3,21,12661,Node_404,28,0,-2,28,-2,,,,,,,,,
7,VISIT,762,Random,OnArrival,3,22,12661,Node_816,29,0,-5,29,-5,,,,,,,,,
7,VISIT,763,Random,OnArrival,3,21,12661,Node_404,28,0,-2,28,-2,,,,,,,,,
7,VISIT,764,Random,OnArrival,3,19,12661,Node_843,35,0,3,35,3,,,,,,,,,
7,VISIT,765,Random,OnArrival,3,9,12661,Node_172,25,0,8,25,8,,,,,,,,,
7,VISIT,766,Random,OnArrival,3,10,12661,Node_406,26,0,5,26,5,,,,,,,,,
7,VISIT,767,Random,OnArrival,3,9,12661,Node_172,25,0,8,25,8,,,,,,,,,
7,VISIT,768,Random,OnArrival,3,9,12661,Node_406,26,0,5,26,5,,,,,,,,,
7,VISIT,737,Random,OnArrival,3,140,12665,Node_415,22,0,-1,22,-1,,,,,,,,,
7,VISIT,738,Random,OnArrival,3,124,12665,Node_201,23,0,-2,23,-2,,,,,,,,,
7,VISIT,742,Random,OnArrival,3,91,12665,Node_517,5,0,19,5,19,,,,,,,,,
7,VISIT,743,Random,OnArrival,3,88,12665,Node_517,5,0,19,5,19,,,,,,,,,
7,VISIT,744,Random,OnArrival,3,99,12665,Node_416,22,0,-2,22,-2,,,,,,,,,
7,VISIT,745,Random,OnArrival,3,77,12665,Node_509,5,0,10,5,10,,,,,,,,,
7,VISIT,748,Random,OnArrival,3,77,12665,Node_509,5,0,10,5,10,,,,,,,,,
7,VISIT,749,Random,OnArrival,3,59,12665,Node_485,9,0,6,9,6,,,,,,,,,
7,VISIT,750,Random,OnArrival,3,58,12665,Node_498,7,0,6,7,6,,,,,,,,,
7,VISIT,751,Random,OnArrival,3,62,12665,Node_201,23,0,-2,23,-2,,,,,,,,,
7,VISIT,752,Random,OnArrival,3,59,12665,Node_485,9,0,6,9,6,,,,,,,,,
7,VISIT,753,Random,OnArrival,3,50,12665,Node_851,34,0,-4,34,-4,,,,,,,,,
7,VISIT,754,Random,OnArrival,3,50,12665,Node_833,33,0,-5,33,-5,,,,,,,,,
7,VISIT,755,Random,OnArrival,3,51,12665,Node_851,34,0,-4,34,-4,,,,,,,,,
7,VISIT,757,Random,OnArrival,3,26,12665,Node_399,37,0,9,37,9,,,,,,,,,
7,VISIT,761,Random,OnArrival,3,22,12665,Node_813,29,0,-2,29,-2,,,,,,,,,
7,VISIT,762,Random,OnArrival,3,23,12665,Node_817,30,0,-5,30,-5,,,,,,,,,
7,VISIT,763,Random,OnArrival,3,22,12665,Node_813,29,0,-2,29,-2,,,,,,,,,
7,VISIT,764,Random,OnArrival,3,20,12665,Node_852,36,0,3,36,3,,,,,,,,,
7,VISIT,765,Random,OnArrival,3,10,12665,Node_175,25,0,7,25,7,,,,,,,,,
7,VISIT,766,Random,OnArrival,3,11,12665,Node_409,27,0,5,27,5,,,,,,,,,
7,VISIT,767,Random,OnArrival,3,10,12665,Node_175,25,0,7,25,7,,,,,,,,,
7,VISIT,768,Random,OnArrival,3,10,12665,Node_409,27,0,5,27,5,,,,,,,,,
7,VISIT,736,Random,OnArrival,3,147,12669,Node_414,22,0,0,22,0,,,,,,,,,
7,VISIT,737,Random,OnArrival,3,141,12669,Node_416,22,0,-2,22,-2,,,,,,,,,
7,VISIT,738,Random,OnArrival,3,125,12669,Node_776,24,0,-2,24,-2,,,,,,,,,
7,VISIT,742,Random,OnArrival,3,92,12669,Node_516,5,0,18,5,18,,,,,,,,,
7,VISIT,743,Random,OnArrival,3,89,12669,Node_516,5,0,18,5,18,,,,,,,,,
7,VISIT,744,Random,OnArrival,3,100,12669,Node_201,23,0,-2,23,-2,,,,,,,,,
7,VISIT,745,Random,OnArrival,3,78,12669,Node_508,5,0,9,5,9,,,,,,,,,
7,VISIT,748,Random,OnArrival,3,78,12669,Node_508,5,0,9,5,9,,,,,,,,,
7,VISIT,749,Random,OnArrival,3,60,12669,Node_471,10,0,6,10,6,,,,,,,,,
7,VISIT,750,Random,OnArrival,3,59,12669,Node_489,8,0,6,8,6,,,,,,,,,
7,VISIT,751,Random,OnArrival,3,63,12669,Node_776,24,0,-2,24,-2,,,,,,,,,
7,VISIT,752,Random,OnArrival,3,60,12669,Node_471,10,0,6,10,6,,,,,,,,,
7,VISIT,754,Random,OnArrival,3,51,12669,Node_853,34,0,-5,34,-5,,,,,,,,,
7,VISIT,757,Random,OnArrival,3,27,12669,Node_861,37,0,8,37,8,,,,,,,,,
7,VISIT,758,Random,OnArrival,3,28,12669,Node_855,37,0,4,37,4,,,,,,,,,
7,VISIT,761,Random,OnArrival,3,23,12669,Node_814,29,0,-3,29,-3,,,,,,,,,
7,VISIT,763,Random,OnArrival,3,23,12669,Node_814,29,0,-3,29,-3,,,,,,,,,
7,VISIT,764,Random,OnArrival,3,21,12669,Node_864,37,0,3,37,3,,,,,,,,,
7,VISIT,765,Random,OnArrival,3,11,12669,Node_178,25,0,6,25,6,,,,,,,,,
7,VISIT,766,Random,OnArrival,3,12,12669,Node_393,28,0,5,28,5,,,,,,,,,
7,VISIT,767,Random,OnArrival,3,11,12669,Node_178,25,0,6,25,6,,,,,,,,,
7,VISIT,768,Random,OnArrival,3,11,12669,Node_393,28,0,5,28,5,,,,,,,,,
7,VISIT,736,Random,OnArrival,3,148,12673,Node_415,22,0,-1,22,-1,,,,,,,,,
7,VISIT,737,Random,OnArrival,3,142,12673,Node_201,23,0,-2,23,-2,,,,,,,,,
7,VISIT,742,Random,OnArrival,3,93,12673,Node_515,5,0,17,5,17,,,,,,,,,
7,VISIT,743,Random,OnArrival,3,90,12673,Node_515,5,0,17,5,17,,,,,,,,,
7,VISIT,744,Random,OnArrival,3,101,12673,Node_776,24,0,-2,24,-2,,,,,,,,,
7,VISIT,749,Random,OnArrival,3,61,12673,Node_470,11,0,6,11,6,,,,,,,,,
7,VISIT,750,Random,OnArrival,3,60,12673,Node_485,9,0,6,9,6,,,,,,,,,
7,VISIT,752,Random,OnArrival,3,61,12673,Node_470,11,0,6,11,6,,,,,,,,,
7,VISIT,758,Random,OnArrival,3,29,12673,Node_864,37,0,3,37,3,,,,,,,,,
7,VISIT,761,Random,OnArrival,3,24,12673,Node_815,29,0,-4,29,-4,,,,,,,,,
7,VISIT,763,Random,OnArrival,3,24,12673,Node_815,29,0,-4,29,-4,,,,,,,,,
7,VISIT,765,Random,OnArrival,3,12,12673,Node_181,25,0,5,25,5,,,,,,,,,
7,VISIT,767,Random,OnArrival,3,12,12673,Node_181,25,0,5,25,5,,,,,,,,,
7,VISIT,769,Random,OnArrival,3,0,12673,Node_6,19,0,12,19,12,,,,,,,,,
7,VISIT,770,Random,OnArrival,3,0,12673,Node_7,19,0,8,19,8,,,,,,,,,
7,VISIT,771,Random,OnArrival,3,0,12673,Node_8,17,0,10,17,10,,,,,,,,,
7,VISIT,772,Random,OnArrival,3,0,12673,Node_9,21,0,10,21,10,,,,,,,,,
7,VISIT,736,Random,OnArrival,3,149,12677,Node_416,22,0,-2,22,-2,,,,,,,,,
7,VISIT,737,Random,OnArrival,3,143,12677,Node_776,24,0,-2,24,-2,,,,,,,,,
7,VISIT,738,Random,OnArrival,3,126,12677,Node_779,26,0,-2,26,-2,,,,,,,,,
7,VISIT,742,Random,OnArrival,3,94,12677,Node_514,5,0,16,5,16,,,,,,,,,
7,VISIT,743,Random,OnArrival,3,91,12677,Node_514,5,0,16,5,16,,,,,,,,,
7,VISIT,749,Random,OnArrival,3,62,12677,Node_184,12,0,6,12,6,,,,,,,,,
7,VISIT,750,Random,OnArrival,3,61,12677,Node_471,10,0,6,10,6,,,,,,,,,
7,VISIT,751,Random,OnArrival,3,64,12677,Node_779,26,0,-2,26,-2,,,,,,,,,
7,VISIT,752,Random,OnArrival,3,62,12677,Node_184,12,0,6,12,6,,,,,,,,,
7,VISIT,753,Random,OnArrival,3,51,12677,Node_853,34,0,-5,34,-5,,,,,,,,,
7,VISIT,758,Random,OnArrival,3,30,12677,Node_870,38,0,3,38,3,,,,,,,,,
7,VISIT,761,Random,OnArrival,3,25,12677,Node_816,29,0,-5,29,-5,,,,,,,,,
7,VISIT,762,Random,OnArrival,3,24,12677,Node_833,33,0,-5,33,-5,,,,,,,,,
7,VISIT,763,Random,OnArrival,3,25,12677,Node_816,29,0,-5,29,-5,,,,,,,,,
7,VISIT,765,Random,OnArrival,3,13,12677,Node_406,26,0,5,26,5,,,,,,,,,
7,VISIT,766,Random,OnArrival,3,13,12677,Node_395,28,0,3,28,3,,,,,,,,,
7,VISIT,767,Random,OnArrival,3,13,12677,Node_406,26,0,5,26,5,,,,,,,,,
7,VISIT,768,Random,OnArrival,3,12,12677,Node_395,28,0,3,28,3,,,,,,,,,
7,VISIT,769,Random,OnArrival,3,1,12677,Node_2,19,0,11,19,11,,,,,,,,,
7,VISIT,770,Random,OnArrival,3,1,12677,Node_46,20,0,8,20,8,,,,,,,,,
7,VISIT,771,Random,OnArrival,3,1,12677,Node_4,18,0,10,18,10,,,,,,,,,
7,VISIT,772,Random,OnArrival,3,1,12677,Node_47,21,0,9,21,9,,,,,,,,,
7,VISIT,736,Random,OnArrival,3,150,12681,Node_201,23,0,-2,23,-2,,,,,,,,,
7,VISIT,738,Random,OnArrival,3,127,12681,Node_807,27,0,-2,27,-2,,,,,,,,,
7,VISIT,742,Random,OnArrival,3,95,12681,Node_513,5,0,15,5,15,,,,,,,,,
7,VISIT,743,Random,OnArrival,3,92,12681,Node_513,5,0,15,5,15,,,,,,,,,
7,VISIT,744,Random,OnArrival,3,102,12681,Node_779,26,0,-2,26,-2,,,,,,,,,
7,VISIT,745,Random,OnArrival,3,79,12681,Node_504,5,0,6,5,6,,,,,,,,,
7,VISIT,748,Random,OnArrival,3,79,12681,Node_504,5,0,6,5,6,,,,,,,,,
7,VISIT,749,Random,OnArrival,3,63,12681,Node_159,13,0,6,13,6,,,,,,,,,
7,VISIT,750,Random,OnArrival,3,62,12681,Node_470,11,0,6,11,6,,,,,,,,,
7,VISIT,751,Random,OnArrival,3,65,12681,Node_807,27,0,-2,27,-2,,,,,,,,,
7,VISIT,752,Random,OnArrival,3,63,12681,Node_159,13,0,6,13,6,,,,,,,,,
7,VISIT,753,Random,OnArrival,3,52,12681,Node_851,34,0,-4,34,-4,,,,,,,,,
7,VISIT,758,Random,OnArrival,3,31,12681,Node_874,38,0,2,38,2,,,,,,,,,
7,VISIT,761,Random,OnArrival,3,26,12681,Node_817,30,0,-5,30,-5,,,,,,,,,
7,VISIT,762,Random,OnArrival,3,25,12681,Node_853,34,0,-5,34,-5,,,,,,,,,
7,VISIT,763,Random,OnArrival,3,26,12681,Node_817,30,0,-5,30,-5,,,,,,,,,
7,VISIT,765,Random,OnArrival,3,14,12681,Node_409,27,0,5,27,5,,,,,,,,,
7,VISIT,766,Random,OnArrival,3,14,12681,Node_417,29,0,3,29,3,,,,,,,,,
7,VISIT,767,Random,OnArrival,3,14,12681,Node_409,27,0,5,27,5,,,,,,,,,
7,VISIT,768,Random,OnArrival,3,13,12681,Node_417,29,0,3,29,3,,,,,,,,,
7,VISIT,769,Random,OnArrival,3,2,12681,Node_20,19,0,10,19,10,,,,,,,,,
7,VISIT,770,Random,OnArrival,3,2,12681,Node_49,21,0,8,21,8,,,,,,,,,
7,VISIT,771,Random,OnArrival,3,2,12681,Node_15,18,0,9,18,9,,,,,,,,,
7,VISIT,772,Random,OnArrival,3,2,12681,Node_86,22,0,9,22,9,,,,,,,,,
7,VISIT,736,Random,OnArrival,3,151,12685,Node_776,24,0,-2,24,-2,,,,,,,,,
7,VISIT,737,Random,OnArrival,3,144,12685,Node_779,26,0,-2,26,-2,,,,,,,,,
7,VISIT,738,Random,OnArrival,3,128,12685,Node_404,28,0,-2,28,-2,,,,,,,,,
7,VISIT,742,Random,OnArrival,3,96,12685,Node_512,5,0,14,5,14,,,,,,,,,
7,VISIT,743,Random,OnArrival,3,93,12685,Node_512,5,0,14,5,14,,,,,,,,,
7,VISIT,744,Random,OnArrival,3,103,12685,Node_807,27,0,-2,27,-2,,,,,,,,,
7,VISIT,745,Random,OnArrival,3,80,12685,Node_502,5,0,5,5,5,,,,,,,,,
7,VISIT,748,Random,OnArrival,3,80,12685,Node_502,5,0,5,5,5,,,,,,,,,
7,VISIT,749,Random,OnArrival,3,64,12685,Node_158,14,0,6,14,6,,,,,,,,,
7,VISIT,750,Random,OnArrival,3,63,12685,Node_184,12,0,6,12,6,,,,,,,,,
7,VISIT,751,Random,OnArrival,3,66,12685,Node_404,28,0,-2,28,-2,,,,,,,,,
7,VISIT,752,Random,OnArrival,3,64,12685,Node_158,14,0,6,14,6,,,,,,,,,
7,VISIT,753,Random,OnArrival,3,53,12685,Node_865,35,0,-4,35,-4,,,,,,,,,
7,VISIT,754,Random,OnArrival,3,52,12685,Node_865,35,0,-4,35,-4,,,,,,,,,
7,VISIT,755,Random,OnArrival,3,52,12685,Node_865,35,0,-4,35,-4,,,,,,,,,
7,VISIT,758,Random,OnArrival,3,32,12685,Node_878,38,0,1,38,1,,,,,,,,,
7,VISIT,759,Random,OnArrival,3,32,12685,Node_871,36,0,-5,36,-5,,,,,,,,,
7,VISIT,762,Random,OnArrival,3,26,12685,Node_867,35,0,-5,35,-5,,,,,,,,,
7,VISIT,765,Random,OnArrival,3,15,12685,Node_393,28,0,5,28,5,,,,,,,,,
7,VISIT,767,Random,OnArrival,3,15,12685,Node_393,28,0,5,28,5,,,,,,,,,
7,VISIT,769,Random,OnArrival,3,3,12685,Node_3,19,0,9,19,9,,,,,,,,,
7,VISIT,770,Random,OnArrival,3,3,12685,Node_51,21,0,7,21,7,,,,,,,,,
7,VISIT,771,Random,OnArrival,3,3,12685,Node_3,19,0,9,19,9,,,,,,,,,
7,VISIT,772,Random,OnArrival,3,3,12685,Node_126,23,0,9,23,9,,,,,,,,,
7,VISIT,737,Random,OnArrival,3,145,12689,Node_807,27,0,-2,27,-2,,,,,,,,,
7,VISIT,738,Random,OnArrival,3,129,12689,Node_813,29,0,-2,29,-2,,,,,,,,,
7,VISIT,742,Random,OnArrival,3,97,12689,Node_511,5,0,13,5,13,,,,,,,,,
7,VISIT,743,Random,OnArrival,3,94,12689,Node_511,5,0,13,5,13,,,,,,,,,
7,VISIT,744,Random,OnArrival,3,104,12689,Node_404,28,0,-2,28,-2,,,,,,,,,
7,VISIT,749,Random,OnArrival,3,65,12689,Node_83,15,0,6,15,6,,,,,,,,,
7,VISIT,750,Random,OnArrival,3,64,12689,Node_159,13,0,6,13,6,,,,,,,,,
7,VISIT,751,Random,OnArrival,3,67,12689,Node_813,29,0,-2,29,-2,,,,,,,,,
7,VISIT,752,Random,OnArrival,3,65,12689,Node_83,15,0,6,15,6,,,,,,,,,
7,VISIT,753,Random,OnArrival,3,54,12689,Node_875,36,0,-4,36,-4,,,,,,,,,
7,VISIT,754,Random,OnArrival,3,53,12689,Node_875,36,0,-4,36,-4,,,,,,,,,
7,VISIT,755,Random,OnArrival,3,53,12689,Node_875,36,0,-4,36,-4,,,,,,,,,
7,VISIT,758,Random,OnArrival,3,33,12689,Node_879,38,0,0,38,0,,,,,,,,,
7,VISIT,759,Random,OnArrival,3,33,12689,Node_877,37,0,-5,37,-5,,,,,,,,,
7,VISIT,762,Random,OnArrival,3,27,12689,Node_871,36,0,-5,36,-5,,,,,,,,,
7,VISIT,769,Random,OnArrival,3,4,12689,Node_48,20,0,9,20,9,,,,,,,,,
7,VISIT,770,Random,OnArrival,3,4,12689,Node_52,21,0,6,21,6,,,,,,,,,
7,VISIT,771,Random,OnArrival,3,4,12689,Node_48,20,0,9,20,9,,,,,,,,,
7,VISIT,736,Random,OnArrival,3,152,12693,Node_779,26,0,-2,26,-2,,,,,,,,,
7,VISIT,737,Random,OnArrival,3,146,12693,Node_404,28,0,-2,28,-2,,,,,,,,,
7,VISIT,738,Random,OnArrival,3,130,12693,Node_814,29,0,-3,29,-3,,,,,,,,,
7,VISIT,742,Random,OnArrival,3,98,12693,Node_510,5,0,12,5,12,,,,,,,,,
7,VISIT,743,Random,OnArrival,3,95,12693,Node_510,5,0,12,5,12,,,,,,,,,
7,VISIT,744,Random,OnArrival,3,105,12693,Node_813,29,0,-2,29,-2,,,,,,,,,
7,VISIT,745,Random,OnArrival,3,81,12693,Node_560,5,0,3,5,3,,,,,,,,,
7,VISIT,748,Random,OnArrival,3,81,12693,Node_560,5,0,3,5,3,,,,,,,,,
7,VISIT,749,Random,OnArrival,3,66,12693,Node_84,15,0,5,15,5,,,,,,,,,
7,VISIT,750,Random,OnArrival,3,65,12693,Node_158,14,0,6,14,6,,,,,,,,,
7,VISIT,751,Random,OnArrival,3,68,12693,Node_814,29,0,-3,29,-3,,,,,,,,,
7,VISIT,752,Random,OnArrival,3,66,12693,Node_84,15,0,5,15,5,,,,,,,,,
7,VISIT,753,Random,OnArrival,3,55,12693,Node_873,37,0,-4,37,-4,,,,,,,,,
7,VISIT,754,Random,OnArrival,3,54,12693,Node_873,37,0,-4,37,-4,,,,,,,,,
7,VISIT,755,Random,OnArrival,3,54,12693,Node_873,37,0,-4,37,-4,,,,,,,,,
7,VISIT,758,Random,OnArrival,3,34,12693,Node_880,38,0,-1,38,-1,,,,,,,,,
7,VISIT,761,Random,OnArrival,3,27,12693,Node_833,33,0,-5,33,-5,,,,,,,,,
7,VISIT,762,Random,OnArrival,3,28,12693,Node_877,37,0,-5,37,-5,,,,,,,,,
7,VISIT,763,Random,OnArrival,3,27,12693,Node_833,33,0,-5,33,-5,,,,,,,,,
7,VISIT,765,Random,OnArrival,3,16,12693,Node_395,28,0,3,28,3,,,,,,,,,
7,VISIT,766,Random,OnArrival,3,15,12693,Node_428,32,0,3,32,3,,,,,,,,,
7,VISIT,767,Random,OnArrival,3,16,12693,Node_395,28,0,3,28,3,,,,,,,,,
7,VISIT,768,Random,OnArrival,3,14,12693,Node_428,32,0,3,32,3,,,,,,,,,
7,VISIT,769,Random,OnArrival,3,5,12693,Node_47,21,0,9,21,9,,,,,,,,,
7,VISIT,770,Random,OnArrival,3,5,12693,Node_54,21,0,5,21,5,,,,,,,,,
7,VISIT,771,Random,OnArrival,3,5,12693,Node_47,21,0,9,21,9,,,,,,,,,
7,VISIT,772,Random,OnArrival,3,4,12693,Node_170,25,0,9,25,9,,,,,,,,,
7,VISIT,736,Random,OnArrival,3,153,12697,Node_807,27,0,-2,27,-2,,,,,,,,,
7,VISIT,737,Random,OnArrival,3,147,12697,Node_813,29,0,-2,29,-2,,,,,,,,,
7,VISIT,738,Random,OnArrival,3,131,12697,Node_815,29,0,-4,29,-4,,,,,,,,,
7,VISIT,744,Random,OnArrival,3,106,12697,Node_814,29,0,-3,29,-3,,,,,,,,,
7,VISIT,745,Random,OnArrival,3,82,12697,Node_559,6,0,3,6,3,,,,,,,,,
7,VISIT,748,Random,OnArrival,3,82,12697,Node_559,6,0,3,6,3,,,,,,,,,
7,VISIT,749,Random,OnArrival,3,67,12697,Node_149,16,0,5,16,5,,,,,,,,,
7,VISIT,750,Random,OnArrival,3,66,12697,Node_83,15,0,6,15,6,,,,,,,,,
7,VISIT,751,Random,OnArrival,3,69,12697,Node_819,30,0,-3,30,-3,,,,,,,,,
7,VISIT,752,Random,OnArrival,3,67,12697,Node_149,16,0,5,16,5,,,,,,,,,
7,VISIT,758,Random,OnArrival,3,35,12697,Node_882,38,0,-2,38,-2,,,,,,,,,
7,VISIT,761,Random,OnArrival,3,28,12697,Node_853,34,0,-5,34,-5,,,,,,,,,
7,VISIT,762,Random,OnArrival,3,29,12697,Node_873,37,0,-4,37,-4,,,,,,,,,
7,VISIT,763,Random,OnArrival,3,28,12697,Node_832,33,0,-4,33,-4,,,,,,,,,
7,VISIT,765,Random,OnArrival,3,17,12697,Node_417,29,0,3,29,3,,,,,,,,,
7,VISIT,766,Random,OnArrival,3,16,12697,Node_431,33,0,3,33,3,,,,,,,,,
7,VISIT,767,Random,OnArrival,3,17,12697,Node_417,29,0,3,29,3,,,,,,,,,
7,VISIT,768,Random,OnArrival,3,15,12697,Node_431,33,0,3,33,3,,,,,,,,,
7,VISIT,769,Random,OnArrival,3,6,12697,Node_86,22,0,9,22,9,,,,,,,,,
7,VISIT,770,Random,OnArrival,3,6,12697,Node_103,22,0,5,22,5,,,,,,,,,
7,VISIT,771,Random,OnArrival,3,6,12697,Node_86,22,0,9,22,9,,,,,,,,,
7,VISIT,772,Random,OnArrival,3,5,12697,Node_172,25,0,8,25,8,,,,,,,,,
7,VISIT,736,Random,OnArrival,3,154,12701,Node_404,28,0,-2,28,-2,,,,,,,,,
7,VISIT,737,Random,OnArrival,3,148,12701,Node_814,29,0,-3,29,-3,,,,,,,,,
7,VISIT,738,Random,OnArrival,3,132,12701,Node_816,29,0,-5,29,-5,,,,,,,,,
7,VISIT,742,Random,OnArrival,3,99,12701,Node_509,5,0,10,5,10,,,,,,,,,
7,VISIT,743,Random,OnArrival,3,96,12701,Node_509,5,0,10,5,10,,,,,,,,,
7,VISIT,744,Random,OnArrival,3,107,12701,Node_815,29,0,-4,29,-4,,,,,,,,,
7,VISIT,745,Random,OnArrival,3,83,12701,Node_558,6,0,2,6,2,,,,,,,,,
7,VISIT,748,Random,OnArrival,3,83,12701,Node_558,6,0,2,6,2,,,,,,,,,
7,VISIT,749,Random,OnArrival,3,68,12701,Node_145,17,0,5,17,5,,,,,,,,,
7,VISIT,750,Random,OnArrival,3,67,12701,Node_84,15,0,5,15,5,,,,,,,,,
7,VISIT,751,Random,OnArrival,3,70,12701,Node_820,30,0,-2,30,-2,,,,,,,,,
7,VISIT,752,Random,OnArrival,3,68,12701,Node_145,17,0,5,17,5,,,,,,,,,
7,VISIT,753,Random,OnArrival,3,56,12701,Node_884,38,0,-3,38,-3,,,,,,,,,
7,VISIT,754,Random,OnArrival,3,55,12701,Node_884,38,0,-3,38,-3,,,,,,,,,
7,VISIT,755,Random,OnArrival,3,55,12701,Node_884,38,0,-3,38,-3,,,,,,,,,
7,VISIT,758,Random,OnArrival,3,36,12701,Node_884,38,0,-3,38,-3,,,,,,,,,
7,VISIT,759,Random,OnArrival,3,34,12701,Node_884,38,0,-3,38,-3,,,,,,,,,
7,VISIT,761,Random,OnArrival,3,29,12701,Node_867,35,0,-5,35,-5,,,,,,,,,
7,VISIT,762,Random,OnArrival,3,30,12701,Node_869,37,0,-3,37,-3,,,,,,,,,
7,VISIT,763,Random,OnArrival,3,29,12701,Node_851,34,0,-4,34,-4,,,,,,,,,
7,VISIT,764,Random,OnArrival,3,22,12701,Node_883,38,0,-4,38,-4,,,,,,,,,
7,VISIT,766,Random,OnArrival,3,17,12701,Node_824,33,0,2,33,2,,,,,,,,,
7,VISIT,768,Random,OnArrival,3,16,12701,Node_824,33,0,2,33,2,,,,,,,,,
7,VISIT,769,Random,OnArrival,3,7,12701,Node_126,23,0,9,23,9,,,,,,,,,
7,VISIT,770,Random,OnArrival,3,7,12701,Node_191,23,0,5,23,5,,,,,,,,,
7,VISIT,771,Random,OnArrival,3,7,12701,Node_126,23,0,9,23,9,,,,,,,,,
7,VISIT,772,Random,OnArrival,3,6,12701,Node_175,25,0,7,25,7,,,,,,,,,
7,VISIT,736,Random,OnArrival,3,155,12705,Node_813,29,0,-2,29,-2,,,,,,,,,
7,VISIT,737,Random,OnArrival,3,149,12705,Node_819,30,0,-3,30,-3,,,,,,,,,
7,VISIT,738,Random,OnArrival,3,133,12705,Node_817,30,0,-5,30,-5,,,,,,,,,
7,VISIT,742,Random,OnArrival,3,100,12705,Node_508,5,0,9,5,9,,,,,,,,,
7,VISIT,743,Random,OnArrival,3,97,12705,Node_508,5,0,9,5,9,,,,,,,,,
7,VISIT,744,Random,OnArrival,3,108,12705,Node_816,29,0,-5,29,-5,,,,,,,,,
7,VISIT,749,Random,OnArrival,3,69,12705,Node_133,18,0,5,18,5,,,,,,,,,
7,VISIT,750,Random,OnArrival,3,68,12705,Node_149,16,0,5,16,5,,,,,,,,,
7,VISIT,751,Random,OnArrival,3,71,12705,Node_821,30,0,-1,30,-1,,,,,,,,,
7,VISIT,752,Random,OnArrival,3,69,12705,Node_133,18,0,5,18,5,,,,,,,,,
7,VISIT,753,Random,OnArrival,3,57,12705,Node_869,37,0,-3,37,-3,,,,,,,,,
7,VISIT,754,Random,OnArrival,3,56,12705,Node_869,37,0,-3,37,-3,,,,,,,,,
7,VISIT,755,Random,OnArrival,3,56,12705,Node_869,37,0,-3,37,-3,,,,,,,,,
7,VISIT,758,Random,OnArrival,3,37,12705,Node_869,37,0,-3,37,-3,,,,,,,,,
7,VISIT,759,Random,OnArrival,3,35,12705,Node_869,37,0,-3,37,-3,,,,,,,,,
7,VISIT,761,Random,OnArrival,3,30,12705,Node_871,36,0,-5,36,-5,,,,,,,,,
7,VISIT,762,Random,OnArrival,3,31,12705,Node_884,38,0,-3,38,-3,,,,,,,,,
7,VISIT,763,Random,OnArrival,3,30,12705,Node_865,35,0,-4,35,-4,,,,,,,,,
7,VISIT,764,Random,OnArrival,3,23,12705,Node_884,38,0,-3,38,-3,,,,,,,,,
7,VISIT,766,Random,OnArrival,3,18,12705,Node_826,33,0,1,33,1,,,,,,,,,
7,VISIT,768,Random,OnArrival,3,17,12705,Node_826,33,0,1,33,1,,,,,,,,,
7,VISIT,770,Random,OnArrival,3,8,12705,Node_183,24,0,5,24,5,,,,,,,,,
7,VISIT,772,Random,OnArrival,3,7,12705,Node_178,25,0,6,25,6,,,,,,,,,
7,VISIT,736,Random,OnArrival,3,156,12709,Node_820,30,0,-2,30,-2,,,,,,,,,
7,VISIT,737,Random,OnArrival,3,150,12709,Node_818,30,0,-4,30,-4,,,,,,,,,
7,VISIT,744,Random,OnArrival,3,109,12709,Node_817,30,0,-5,30,-5,,,,,,,,,
7,VISIT,745,Random,OnArrival,3,84,12709,Node_554,8,0,2,8,2,,,,,,,,,
7,VISIT,748,Random,OnArrival,3,84,12709,Node_554,8,0,2,8,2,,,,,,,,,
7,VISIT,749,Random,OnArrival,3,70,12709,Node_113,19,0,5,19,5,,,,,,,,,
7,VISIT,750,Random,OnArrival,3,69,12709,Node_145,17,0,5,17,5,,,,,,,,,
7,VISIT,751,Random,OnArrival,3,72,12709,Node_820,30,0,-2,30,-2,,,,,,,,,
7,VISIT,752,Random,OnArrival,3,70,12709,Node_113,19,0,5,19,5,,,,,,,,,
7,VISIT,753,Random,OnArrival,3,58,12709,Node_866,37,0,-2,37,-2,,,,,,,,,
7,VISIT,754,Random,OnArrival,3,57,12709,Node_884,38,0,-3,38,-3,,,,,,,,,
7,VISIT,755,Random,OnArrival,3,57,12709,Node_884,38,0,-3,38,-3,,,,,,,,,
7,VISIT,758,Random,OnArrival,3,38,12709,Node_884,38,0,-3,38,-3,,,,,,,,,
7,VISIT,759,Random,OnArrival,3,36,12709,Node_884,38,0,-3,38,-3,,,,,,,,,
7,VISIT,761,Random,OnArrival,3,31,12709,Node_875,36,0,-4,36,-4,,,,,,,,,
7,VISIT,762,Random,OnArrival,3,32,12709,Node_869,37,0,-3,37,-3,,,,,,,,,
7,VISIT,763,Random,OnArrival,3,31,12709,Node_875,36,0,-4,36,-4,,,,,,,,,
7,VISIT,764,Random,OnArrival,3,24,12709,Node_882,38,0,-2,38,-2,,,,,,,,,
7,VISIT,765,Random,OnArrival,3,18,12709,Node_428,32,0,3,32,3,,,,,,,,,
7,VISIT,766,Random,OnArrival,3,19,12709,Node_828,33,0,0,33,0,,,,,,,,,
7,VISIT,767,Random,OnArrival,3,18,12709,Node_428,32,0,3,32,3,,,,,,,,,
7,VISIT,768,Random,OnArrival,3,18,12709,Node_828,33,0,0,33,0,,,,,,,,,
7,VISIT,769,Random,OnArrival,3,8,12709,Node_170,25,0,9,25,9,,,,,,,,,
7,VISIT,770,Random,OnArrival,3,9,12709,Node_181,25,0,5,25,5,,,,,,,,,
7,VISIT,771,Random,OnArrival,3,8,12709,Node_170,25,0,9,25,9,,,,,,,,,
7,VISIT,772,Random,OnArrival,3,8,12709,Node_181,25,0,5,25,5,,,,,,,,,
7,VISIT,736,Random,OnArrival,3,157,12713,Node_819,30,0,-3,30,-3,,,,,,,,,
7,VISIT,737,Random,OnArrival,3,151,12713,Node_817,30,0,-5,30,-5,,,,,,,,,
7,VISIT,749,Random,OnArrival,3,71,12713,Node_63,20,0,5,20,5,,,,,,,,,
7,VISIT,750,Random,OnArrival,3,70,12713,Node_133,18,0,5,18,5,,,,,,,,,
7,VISIT,751,Random,OnArrival,3,73,12713,Node_819,30,0,-3,30,-3,,,,,,,,,
7,VISIT,752,Random,OnArrival,3,71,12713,Node_63,20,0,5,20,5,,,,,,,,,
7,VISIT,753,Random,OnArrival,3,59,12713,Node_882,38,0,-2,38,-2,,,,,,,,,
7,VISIT,754,Random,OnArrival,3,58,12713,Node_882,38,0,-2,38,-2,,,,,,,,,
7,VISIT,755,Random,OnArrival,3,58,12713,Node_882,38,0,-2,38,-2,,,,,,,,,
7,VISIT,758,Random,OnArrival,3,39,12713,Node_882,38,0,-2,38,-2,,,,,,,,,
7,VISIT,759,Random,OnArrival,3,37,12713,Node_882,38,0,-2,38,-2,,,,,,,,,
7,VISIT,761,Random,OnArrival,3,32,12713,Node_873,37,0,-4,37,-4,,,,,,,,,
7,VISIT,762,Random,OnArrival,3,33,12713,Node_866,37,0,-2,37,-2,,,,,,,,,
7,VISIT,763,Random,OnArrival,3,32,12713,Node_873,37,0,-4,37,-4,,,,,,,,,
7,VISIT,764,Random,OnArrival,3,25,12713,Node_866,37,0,-2,37,-2,,,,,,,,,
7,VISIT,765,Random,OnArrival,3,19,12713,Node_431,33,0,3,33,3,,,,,,,,,
7,VISIT,766,Random,OnArrival,3,20,12713,Node_844,34,0,0,34,0,,,,,,,,,
7,VISIT,767,Random,OnArrival,3,19,12713,Node_431,33,0,3,33,3,,,,,,,,,
7,VISIT,768,Random,OnArrival,3,19,12713,Node_844,34,0,0,34,0,,,,,,,,,
7,VISIT,769,Random,OnArrival,3,9,12713,Node_172,25,0,8,25,8,,,,,,,,,
7,VISIT,770,Random,OnArrival,3,10,12713,Node_406,26,0,5,26,5,,,,,,,,,
7,VISIT,771,Random,OnArrival,3,9,12713,Node_172,25,0,8,25,8,,,,,,,,,
7,VISIT,772,Random,OnArrival,3,9,12713,Node_406,26,0,5,26,5,,,,,,,,,
7,VISIT,736,Random,OnArrival,3,158,12717,Node_818,30,0,-4,30,-4,,,,,,,,,
7,VISIT,738,Random,OnArrival,3,134,12717,Node_833,33,0,-5,33,-5,,,,,,,,,
7,VISIT,742,Random,OnArrival,3,101,12717,Node_504,5,0,6,5,6,,,,,,,,,
7,VISIT,743,Random,OnArrival,3,98,12717,Node_504,5,0,6,5,6,,,,,,,,,
7,VISIT,745,Random,OnArrival,3,85,12717,Node_475,10,0,2,10,2,,,,,,,,,
7,VISIT,748,Random,OnArrival,3,85,12717,Node_475,10,0,2,10,2,,,,,,,,,
7,VISIT,749,Random,OnArrival,3,72,12717,Node_54,21,0,5,21,5,,,,,,,,,
7,VISIT,750,Random,OnArrival,3,71,12717,Node_113,19,0,5,19,5,,,,,,,,,
7,VISIT,751,Random,OnArrival,3,74,12717,Node_818,30,0,-4,30,-4,,,,,,,,,
7,VISIT,752,Random,OnArrival,3,72,12717,Node_54,21,0,5,21,5,,,,,,,,,
7,VISIT,761,Random,OnArrival,3,33,12717,Node_869,37,0,-3,37,-3,,,,,,,,,
7,VISIT,762,Random,OnArrival,3,34,12717,Node_863,37,0,-1,37,-1,,,,,,,,,
7,VISIT,763,Random,OnArrival,3,33,12717,Node_869,37,0,-3,37,-3,,,,,,,,,
7,VISIT,764,Random,OnArrival,3,26,12717,Node_863,37,0,-1,37,-1,,,,,,,,,
7,VISIT,765,Random,OnArrival,3,20,12717,Node_824,33,0,2,33,2,,,,,,,,,
7,VISIT,766,Random,OnArrival,3,21,12717,Node_848,35,0,0,35,0,,,,,,,,,
7,VISIT,767,Random,OnArrival,3,20,12717,Node_824,33,0,2,33,2,,,,,,,,,
7,VISIT,768,Random,OnArrival,3,20,12717,Node_848,35,0,0,35,0,,,,,,,,,
7,VISIT,769,Random,OnArrival,3,10,12717,Node_175,25,0,7,25,7,,,,,,,,,
7,VISIT,770,Random,OnArrival,3,11,12717,Node_409,27,0,5,27,5,,,,,,,,,
7,VISIT,771,Random,OnArrival,3,10,12717,Node_175,25,0,7,25,7,,,,,,,,,
7,VISIT,772,Random,OnArrival,3,10,12717,Node_409,27,0,5,27,5,,,,,,,,,
7,VISIT,736,Random,OnArrival,3,159,12721,Node_817,30,0,-5,30,-5,,,,,,,,,
7,VISIT,738,Random,OnArrival,3,135,12721,Node_832,33,0,-4,33,-4,,,,,,,,,
7,VISIT,742,Random,OnArrival,3,102,12721,Node_502,5,0,5,5,5,,,,,,,,,
7,VISIT,743,Random,OnArrival,3,99,12721,Node_499,6,0,6,6,6,,,,,,,,,
7,VISIT,744,Random,OnArrival,3,110,12721,Node_833,33,0,-5,33,-5,,,,,,,,,
7,VISIT,745,Random,OnArrival,3,86,12721,Node_476,10,0,1,10,1,,,,,,,,,
7,VISIT,748,Random,OnArrival,3,86,12721,Node_476,10,0,1,10,1,,,,,,,,,
7,VISIT,749,Random,OnArrival,3,73,12721,Node_103,22,0,5,22,5,,,,,,,,,
7,VISIT,750,Random,OnArrival,3,72,12721,Node_63,20,0,5,20,5,,,,,,,,,
7,VISIT,751,Random,OnArrival,3,75,12721,Node_817,30,0,-5,30,-5,,,,,,,,,
7,VISIT,752,Random,OnArrival,3,73,12721,Node_103,22,0,5,22,5,,,,,,,,,
7,VISIT,761,Random,OnArrival,3,34,12721,Node_866,37,0,-2,37,-2,,,,,,,,,
7,VISIT,762,Random,OnArrival,3,35,12721,Node_880,38,0,-1,38,-1,,,,,,,,,
7,VISIT,763,Random,OnArrival,3,34,12721,Node_866,37,0,-2,37,-2,,,,,,,,,
7,VISIT,764,Random,OnArrival,3,27,12721,Node_880,38,0,-1,38,-1,,,,,,,,,
7,VISIT,765,Random,OnArrival,3,21,12721,Node_826,33,0,1,33,1,,,,,,,,,
7,VISIT,767,Random,OnArrival,3,21,12721,Node_826,33,0,1,33,1,,,,,,,,,
7,VISIT,769,Random,OnArrival,3,11,12721,Node_178,25,0,6,25,6,,,,,,,,,
7,VISIT,770,Random,OnArrival,3,12,12721,Node_393,28,0,5,28,5,,,,,,,,,
7,VISIT,771,Random,OnArrival,3,11,12721,Node_178,25,0,6,25,6,,,,,,,,,
7,VISIT,772,Random,OnArrival,3,11,12721,Node_393,28,0,5,28,5,,,,,,,,,
7,VISIT,737,Random,OnArrival,3,152,12725,Node_833,33,0,-5,33,-5,,,,,,,,,
7,VISIT,738,Random,OnArrival,3,136,12725,Node_851,34,0,-4,34,-4,,,,,,,,,
7,VISIT,743,Random,OnArrival,3,100,12725,Node_498,7,0,6,7,6,,,,,,,,,
7,VISIT,744,Random,OnArrival,3,111,12725,Node_832,33,0,-4,33,-4,,,,,,,,,
7,VISIT,745,Random,OnArrival,3,87,12725,Node_477,10,0,0,10,0,,,,,,,,,
7,VISIT,748,Random,OnArrival,3,87,12725,Node_477,10,0,0,10,0,,,,,,,,,
7,VISIT,749,Random,OnArrival,3,74,12725,Node_191,23,0,5,23,5,,,,,,,,,
7,VISIT,750,Random,OnArrival,3,73,12725,Node_54,21,0,5,21,5,,,,,,,,,
7,VISIT,752,Random,OnArrival,3,74,12725,Node_191,23,0,5,23,5,,,,,,,,,
7,VISIT,761,Random,OnArrival,3,35,12725,Node_882,38,0,-2,38,-2,,,,,,,,,
7,VISIT,762,Random,OnArrival,3,36,12725,Node_886,39,0,-1,39,-1,,,,,,,,,
7,VISIT,763,Random,OnArrival,3,35,12725,Node_863,37,0,-1,37,-1,,,,,,,,,
7,VISIT,764,Random,OnArrival,3,28,12725,Node_886,39,0,-1,39,-1,,,,,,,,,
7,VISIT,765,Random,OnArrival,3,22,12725,Node_828,33,0,0,33,0,,,,,,,,,
7,VISIT,766,Random,OnArrival,3,22,12725,Node_858,37,0,0,37,0,,,,,,,,,
7,VISIT,767,Random,OnArrival,3,22,12725,Node_828,33,0,0,33,0,,,,,,,,,
7,VISIT,768,Random,OnArrival,3,21,12725,Node_858,37,0,0,37,0,,,,,,,,,
7,VISIT,769,Random,OnArrival,3,12,12725,Node_181,25,0,5,25,5,,,,,,,,,
7,VISIT,771,Random,OnArrival,3,12,12725,Node_181,25,0,5,25,5,,,,,,,,,
7,VISIT,737,Random,OnArrival,3,153,12729,Node_832,33,0,-4,33,-4,,,,,,,,,
7,VISIT,738,Random,OnArrival,3,137,12729,Node_865,35,0,-4,35,-4,,,,,,,,,
7,VISIT,742,Random,OnArrival,3,103,12729,Node_560,5,0,3,5,3,,,,,,,,,
7,VISIT,743,Random,OnArrival,3,101,12729,Node_489,8,0,6,8,6,,,,,,,,,
7,VISIT,744,Random,OnArrival,3,112,12729,Node_851,34,0,-4,34,-4,,,,,,,,,
7,VISIT,745,Random,OnArrival,3,88,12729,Node_531,11,0,0,11,0,,,,,,,,,
7,VISIT,748,Random,OnArrival,3,88,12729,Node_531,11,0,0,11,0,,,,,,,,,
7,VISIT,749,Random,OnArrival,3,75,12729,Node_183,24,0,5,24,5,,,,,,,,,
7,VISIT,750,Random,OnArrival,3,74,12729,Node_103,22,0,5,22,5,,,,,,,,,
7,VISIT,752,Random,OnArrival,3,75,12729,Node_183,24,0,5,24,5,,,,,,,,,
7,VISIT,761,Random,OnArrival,3,36,12729,Node_885,39,0,-2,39,-2,,,,,,,,,
7,VISIT,763,Random,OnArrival,3,36,12729,Node_858,37,0,0,37,0,,,,,,,,,
7,VISIT,765,Random,OnArrival,3,23,12729,Node_844,34,0,0,34,0,,,,,,,,,
7,VISIT,766,Random,OnArrival,3,23,12729,Node_879,38,0,0,38,0,,,,,,,,,
7,VISIT,767,Random,OnArrival,3,23,12729,Node_844,34,0,0,34,0,,,,,,,,,
7,VISIT,768,Random,OnArrival,3,22,12729,Node_879,38,0,0,38,0,,,,,,,,,
7,VISIT,769,Random,OnArrival,3,13,12729,Node_406,26,0,5,26,5,,,,,,,,,
7,VISIT,770,Random,OnArrival,3,13,12729,Node_395,28,0,3,28,3,,,,,,,,,
7,VISIT,771,Random,OnArrival,3,13,12729,Node_406,26,0,5,26,5,,,,,,,,,
7,VISIT,772,Random,OnArrival,3,12,12729,Node_395,28,0,3,28,3,,,,,,,,,
7,VISIT,773,Random,OnArrival,3,0,12729,Node_6,19,0,12,19,12,,,,,,,,,
7,VISIT,774,Random,OnArrival,3,0,12729,Node_7,19,0,8,19,8,,,,,,,,,
7,VISIT,775,Random,OnArrival,3,0,12729,Node_8,17,0,10,17,10,,,,,,,,,
7,VISIT,776,Random,OnArrival,3,0,12729,Node_9,21,0,10,21,10,,,,,,,,,
7,VISIT,736,Random,OnArrival,3,160,12733,Node_833,33,0,-5,33,-5,,,,,,,,,
7,VISIT,737,Random,OnArrival,3,154,12733,Node_851,34,0,-4,34,-4,,,,,,,,,
7,VISIT,738,Random,OnArrival,3,138,12733,Node_867,35,0,-5,35,-5,,,,,,,,,
7,VISIT,742,Random,OnArrival,3,104,12733,Node_559,6,0,3,6,3,,,,,,,,,
7,VISIT,743,Random,OnArrival,3,102,12733,Node_485,9,0,6,9,6,,,,,,,,,
7,VISIT,744,Random,OnArrival,3,113,12733,Node_865,35,0,-4,35,-4,,,,,,,,,
7,VISIT,745,Random,OnArrival,3,89,12733,Node_495,12,0,0,12,0,,,,,,,,,
7,VISIT,748,Random,OnArrival,3,89,12733,Node_495,12,0,0,12,0,,,,,,,,,
7,VISIT,749,Random,OnArrival,3,76,12733,Node_181,25,0,5,25,5,,,,,,,,,
7,VISIT,750,Random,OnArrival,3,75,12733,Node_191,23,0,5,23,5,,,,,,,,,
7,VISIT,751,Random,OnArrival,3,76,12733,Node_833,33,0,-5,33,-5,,,,,,,,,
7,VISIT,752,Random,OnArrival,3,76,12733,Node_181,25,0,5,25,5,,,,,,,,,
7,VISIT,754,Random,OnArrival,3,59,12733,Node_1,39,0,2,39,2,,,,,,,,,
7,SUMMARY,,Unknown,None,,,,,,,,,,0,0,889,-1,100136.000,8180,0,0.000,0.000
