RunID,RowType,PlayerID,UnknownSelectMode,TargetUpdateMode,UnknownReferenceDepth,StepIndex,Frame,NodeName,NodePosX,NodePosY,NodePosZ,CellX,CellZ,GoalCellX,GoalCellZ,NodesCreated,ShortestPathLen,TimeToGoal,TotalNodeVisits,TotalProcessMs,AvgProcessMs,MaxProcessMs
0,VISIT,1,Random,OnArrival,3,0,62,Node_4,18,0,10,18,10,,,,,,,,,
0,VISIT,2,Random,OnArrival,3,0,62,Node_4,18,0,10,18,10,,,,,,,,,
0,VISIT,1,Random,OnArrival,3,1,75,Node_15,18,0,9,18,9,,,,,,,,,
0,VISIT,2,Random,OnArrival,3,1,88,Node_2,19,0,11,19,11,,,,,,,,,
0,VISIT,1,Random,OnArrival,3,2,101,Node_8,17,0,10,17,10,,,,,,,,,
0,VISIT,2,Random,OnArrival,3,2,101,Node_14,18,0,11,18,11,,,,,,,,,
0,VISIT,1,Random,OnArrival,3,3,114,Node_24,16,0,10,16,10,,,,,,,,,
0,VISIT,2,Random,OnArrival,3,3,114,Node_12,17,0,11,17,11,,,,,,,,,
0,VISIT,1,Random,OnArrival,3,4,127,Node_8,17,0,10,17,10,,,,,,,,,
0,VISIT,2,Random,OnArrival,3,4,127,Node_21,16,0,11,16,11,,,,,,,,,
0,VISIT,1,Random,OnArrival,3,5,140,Node_12,17,0,11,17,11,,,,,,,,,
0,VISIT,2,Random,OnArrival,3,5,140,Node_28,15,0,11,15,11,,,,,,,,,
0,VISIT,1,Random,OnArrival,3,6,153,Node_8,17,0,10,17,10,,,,,,,,,
0,VISIT,1,Random,OnArrival,3,7,165,Node_24,16,0,10,16,10,,,,,,,,,
0,VISIT,1,Random,OnArrival,3,8,178,Node_26,15,0,10,15,10,,,,,,,,,
0,VISIT,1,Random,OnArrival,3,9,204,Node_33,14,0,11,14,11,,,,,,,,,
0,VISIT,1,Random,OnArrival,3,10,256,Node_39,13,0,14,13,14,,,,,,,,,
0,VISIT,5,Random,OnArrival,3,0,527,Node_6,19,0,12,19,12,,,,,,,,,
0,VISIT,6,Random,OnArrival,3,0,527,Node_7,19,0,8,19,8,,,,,,,,,
0,VISIT,7,Random,OnArrival,3,0,527,Node_8,17,0,10,17,10,,,,,,,,,
0,VISIT,8,Random,OnArrival,3,0,527,Node_9,21,0,10,21,10,,,,,,,,,
0,VISIT,7,Random,OnArrival,3,1,541,Node_24,16,0,10,16,10,,,,,,,,,
0,VISIT,7,Random,OnArrival,3,2,554,Node_26,15,0,10,15,10,,,,,,,,,
0,VISIT,6,Random,OnArrival,3,1,567,Node_5,20,0,10,20,10,,,,,,,,,
0,VISIT,7,Random,OnArrival,3,3,567,Node_37,14,0,10,14,10,,,,,,,,,
0,VISIT,5,Random,OnArrival,3,1,593,Node_25,21,0,15,21,15,,,,,,,,,
0,VISIT,6,Random,OnArrival,3,2,593,Node_46,20,0,12,20,12,,,,,,,,,
0,VISIT,7,Random,OnArrival,3,4,593,Node_40,13,0,11,13,11,,,,,,,,,
0,VISIT,6,Random,OnArrival,3,3,606,Node_17,21,0,12,21,12,,,,,,,,,
0,VISIT,7,Random,OnArrival,3,5,606,Node_33,14,0,11,14,11,,,,,,,,,
0,VISIT,6,Random,OnArrival,3,4,619,Node_19,21,0,13,21,13,,,,,,,,,
0,VISIT,7,Random,OnArrival,3,6,619,Node_35,14,0,12,14,12,,,,,,,,,
0,VISIT,5,Random,OnArrival,3,2,631,Node_27,21,0,16,21,16,,,,,,,,,
0,VISIT,6,Random,OnArrival,3,5,631,Node_49,20,0,13,20,13,,,,,,,,,
0,VISIT,7,Random,OnArrival,3,7,631,Node_42,13,0,12,13,12,,,,,,,,,
0,VISIT,5,Random,OnArrival,3,3,643,Node_61,22,0,16,22,16,,,,,,,,,
0,VISIT,6,Random,OnArrival,3,6,643,Node_46,20,0,12,20,12,,,,,,,,,
0,VISIT,7,Random,OnArrival,3,8,643,Node_43,13,0,13,13,13,,,,,,,,,
0,VISIT,6,Random,OnArrival,3,7,656,Node_17,21,0,12,21,12,,,,,,,,,
0,VISIT,7,Random,OnArrival,3,9,656,Node_36,14,0,13,14,13,,,,,,,,,
0,VISIT,6,Random,OnArrival,3,8,668,Node_13,21,0,11,21,11,,,,,,,,,
0,VISIT,7,Random,OnArrival,3,10,668,Node_31,15,0,13,15,13,,,,,,,,,
0,VISIT,6,Random,OnArrival,3,9,680,Node_55,20,0,11,20,11,,,,,,,,,
0,VISIT,6,Random,OnArrival,3,10,692,Node_2,19,0,11,19,11,,,,,,,,,
0,VISIT,6,Random,OnArrival,3,11,704,Node_55,20,0,11,20,11,,,,,,,,,
0,VISIT,6,Random,OnArrival,3,12,716,Node_5,20,0,10,20,10,,,,,,,,,
0,VISIT,6,Random,OnArrival,3,13,728,Node_20,19,0,10,19,10,,,,,,,,,
0,VISIT,6,Random,OnArrival,3,14,741,Node_3,19,0,9,19,9,,,,,,,,,
0,VISIT,6,Random,OnArrival,3,15,754,Node_15,18,0,9,18,9,,,,,,,,,
0,VISIT,7,Random,OnArrival,3,11,754,Node_69,15,0,14,15,14,,,,,,,,,
0,VISIT,6,Random,OnArrival,3,16,767,Node_4,18,0,10,18,10,,,,,,,,,
0,VISIT,7,Random,OnArrival,3,12,767,Node_38,14,0,14,14,14,,,,,,,,,
0,VISIT,6,Random,OnArrival,3,17,780,Node_20,19,0,10,19,10,,,,,,,,,
0,VISIT,7,Random,OnArrival,3,13,780,Node_69,15,0,14,15,14,,,,,,,,,
0,VISIT,6,Random,OnArrival,3,18,793,Node_5,20,0,10,20,10,,,,,,,,,
0,VISIT,7,Random,OnArrival,3,14,793,Node_75,16,0,14,16,14,,,,,,,,,
0,VISIT,6,Random,OnArrival,3,19,805,Node_9,21,0,10,21,10,,,,,,,,,
0,VISIT,6,Random,OnArrival,3,20,841,Node_13,21,0,11,21,11,,,,,,,,,
0,VISIT,6,Random,OnArrival,3,21,854,Node_9,21,0,10,21,10,,,,,,,,,
0,VISIT,6,Random,OnArrival,3,22,867,Node_48,21,0,9,21,9,,,,,,,,,
0,VISIT,6,Random,OnArrival,3,23,880,Node_50,20,0,9,20,9,,,,,,,,,
0,VISIT,6,Random,OnArrival,3,24,893,Node_3,19,0,9,19,9,,,,,,,,,
0,VISIT,6,Random,OnArrival,3,25,906,Node_7,19,0,8,19,8,,,,,,,,,
0,VISIT,6,Random,OnArrival,3,26,918,Node_47,20,0,8,20,8,,,,,,,,,
0,VISIT,6,Random,OnArrival,3,27,931,Node_51,21,0,8,21,8,,,,,,,,,
0,VISIT,6,Random,OnArrival,3,28,969,Node_77,22,0,10,22,10,,,,,,,,,
0,VISIT,9,Random,OnArrival,3,0,997,Node_6,19,0,12,19,12,,,,,,,,,
0,VISIT,10,Random,OnArrival,3,0,997,Node_7,19,0,8,19,8,,,,,,,,,
0,VISIT,11,Random,OnArrival,3,0,997,Node_8,17,0,10,17,10,,,,,,,,,
0,VISIT,12,Random,OnArrival,3,0,997,Node_9,21,0,10,21,10,,,,,,,,,
0,VISIT,9,Random,OnArrival,3,1,1009,Node_2,19,0,11,19,11,,,,,,,,,
0,VISIT,10,Random,OnArrival,3,1,1009,Node_3,19,0,9,19,9,,,,,,,,,
0,VISIT,11,Random,OnArrival,3,1,1009,Node_12,17,0,11,17,11,,,,,,,,,
0,VISIT,12,Random,OnArrival,3,1,1009,Node_48,21,0,9,21,9,,,,,,,,,
0,VISIT,9,Random,OnArrival,3,2,1021,Node_14,18,0,11,18,11,,,,,,,,,
0,VISIT,10,Random,OnArrival,3,2,1021,Node_50,20,0,9,20,9,,,,,,,,,
0,VISIT,11,Random,OnArrival,3,2,1021,Node_21,16,0,11,16,11,,,,,,,,,
0,VISIT,12,Random,OnArrival,3,2,1021,Node_82,22,0,9,22,9,,,,,,,,,
0,VISIT,9,Random,OnArrival,3,3,1034,Node_12,17,0,11,17,11,,,,,,,,,
0,VISIT,10,Random,OnArrival,3,3,1034,Node_48,21,0,9,21,9,,,,,,,,,
0,VISIT,11,Random,OnArrival,3,3,1034,Node_28,15,0,11,15,11,,,,,,,,,
0,VISIT,9,Random,OnArrival,3,4,1046,Node_16,17,0,12,17,12,,,,,,,,,
0,VISIT,10,Random,OnArrival,3,4,1046,Node_51,21,0,8,21,8,,,,,,,,,
0,VISIT,11,Random,OnArrival,3,4,1046,Node_29,15,0,12,15,12,,,,,,,,,
0,VISIT,12,Random,OnArrival,3,3,1046,Node_83,23,0,10,23,10,,,,,,,,,
0,VISIT,9,Random,OnArrival,3,5,1059,Node_10,18,0,12,18,12,,,,,,,,,
0,VISIT,10,Random,OnArrival,3,5,1059,Node_53,21,0,7,21,7,,,,,,,,,
0,VISIT,11,Random,OnArrival,3,5,1059,Node_35,14,0,12,14,12,,,,,,,,,
0,VISIT,12,Random,OnArrival,3,4,1059,Node_86,23,0,9,23,9,,,,,,,,,
0,VISIT,9,Random,OnArrival,3,6,1072,Node_14,18,0,11,18,11,,,,,,,,,
0,VISIT,11,Random,OnArrival,3,6,1072,Node_36,14,0,13,14,13,,,,,,,,,
0,VISIT,9,Random,OnArrival,3,7,1084,Node_4,18,0,10,18,10,,,,,,,,,
0,VISIT,10,Random,OnArrival,3,6,1084,Node_81,22,0,8,22,8,,,,,,,,,
0,VISIT,11,Random,OnArrival,3,7,1084,Node_38,14,0,14,14,14,,,,,,,,,
0,VISIT,9,Random,OnArrival,3,8,1096,Node_15,18,0,9,18,9,,,,,,,,,
0,VISIT,10,Random,OnArrival,3,7,1096,Node_51,21,0,8,21,8,,,,,,,,,
0,VISIT,11,Random,OnArrival,3,8,1096,Node_39,13,0,14,13,14,,,,,,,,,
0,VISIT,9,Random,OnArrival,3,9,1108,Node_11,18,0,8,18,8,,,,,,,,,
0,VISIT,10,Random,OnArrival,3,8,1108,Node_53,21,0,7,21,7,,,,,,,,,
0,VISIT,11,Random,OnArrival,3,9,1108,Node_44,12,0,14,12,14,,,,,,,,,
0,VISIT,10,Random,OnArrival,3,9,1120,Node_57,21,0,6,21,6,,,,,,,,,
0,VISIT,9,Random,OnArrival,3,10,1132,Node_23,17,0,9,17,9,,,,,,,,,
0,VISIT,9,Random,OnArrival,3,11,1144,Node_91,17,0,8,17,8,,,,,,,,,
0,VISIT,10,Random,OnArrival,3,10,1144,Node_66,20,0,5,20,5,,,,,,,,,
0,VISIT,10,Random,OnArrival,3,11,1180,Node_93,20,0,6,20,6,,,,,,,,,
0,VISIT,12,Random,OnArrival,3,5,1180,Node_90,25,0,7,25,7,,,,,,,,,
0,VISIT,10,Random,OnArrival,3,12,1192,Node_66,20,0,5,20,5,,,,,,,,,
0,VISIT,10,Random,OnArrival,3,13,1203,Node_58,21,0,5,21,5,,,,,,,,,
0,VISIT,10,Random,OnArrival,3,14,1237,Node_87,22,0,7,22,7,,,,,,,,,
0,VISIT,10,Random,OnArrival,3,15,1248,Node_117,22,0,6,22,6,,,,,,,,,
0,VISIT,10,Random,OnArrival,3,16,1259,Node_57,21,0,6,21,6,,,,,,,,,
0,VISIT,10,Random,OnArrival,3,17,1271,Node_58,21,0,5,21,5,,,,,,,,,
0,VISIT,10,Random,OnArrival,3,18,1283,Node_60,21,0,4,21,4,,,,,,,,,
0,VISIT,10,Random,OnArrival,3,19,1295,Node_64,20,0,4,20,4,,,,,,,,,
0,VISIT,10,Random,OnArrival,3,20,1319,Node_99,19,0,5,19,5,,,,,,,,,
0,VISIT,13,Random,OnArrival,3,0,1437,Node_6,19,0,12,19,12,,,,,,,,,
0,VISIT,14,Random,OnArrival,3,0,1437,Node_7,19,0,8,19,8,,,,,,,,,
0,VISIT,15,Random,OnArrival,3,0,1437,Node_8,17,0,10,17,10,,,,,,,,,
0,VISIT,16,Random,OnArrival,3,0,1437,Node_9,21,0,10,21,10,,,,,,,,,
0,VISIT,13,Random,OnArrival,3,1,1449,Node_2,19,0,11,19,11,,,,,,,,,
0,VISIT,14,Random,OnArrival,3,1,1449,Node_11,18,0,8,18,8,,,,,,,,,
0,VISIT,15,Random,OnArrival,3,1,1449,Node_12,17,0,11,17,11,,,,,,,,,
0,VISIT,16,Random,OnArrival,3,1,1449,Node_13,21,0,11,21,11,,,,,,,,,
0,VISIT,13,Random,OnArrival,3,2,1461,Node_55,20,0,11,20,11,,,,,,,,,
0,VISIT,14,Random,OnArrival,3,2,1461,Node_91,17,0,8,17,8,,,,,,,,,
0,VISIT,15,Random,OnArrival,3,2,1461,Node_21,16,0,11,16,11,,,,,,,,,
0,VISIT,16,Random,OnArrival,3,2,1461,Node_17,21,0,12,21,12,,,,,,,,,
0,VISIT,13,Random,OnArrival,3,3,1472,Node_13,21,0,11,21,11,,,,,,,,,
0,VISIT,14,Random,OnArrival,3,3,1472,Node_106,16,0,8,16,8,,,,,,,,,
0,VISIT,15,Random,OnArrival,3,3,1472,Node_28,15,0,11,15,11,,,,,,,,,
0,VISIT,16,Random,OnArrival,3,3,1472,Node_19,21,0,13,21,13,,,,,,,,,
0,VISIT,13,Random,OnArrival,3,4,1484,Node_79,22,0,11,22,11,,,,,,,,,
0,VISIT,14,Random,OnArrival,3,4,1484,Node_102,16,0,7,16,7,,,,,,,,,
0,VISIT,15,Random,OnArrival,3,4,1484,Node_29,15,0,12,15,12,,,,,,,,,
0,VISIT,16,Random,OnArrival,3,4,1484,Node_22,21,0,14,21,14,,,,,,,,,
0,VISIT,13,Random,OnArrival,3,5,1496,Node_84,23,0,11,23,11,,,,,,,,,
0,VISIT,15,Random,OnArrival,3,5,1496,Node_18,16,0,12,16,12,,,,,,,,,
0,VISIT,16,Random,OnArrival,3,5,1496,Node_52,20,0,14,20,14,,,,,,,,,
0,VISIT,15,Random,OnArrival,3,6,1507,Node_29,15,0,12,15,12,,,,,,,,,
0,VISIT,15,Random,OnArrival,3,7,1519,Node_31,15,0,13,15,13,,,,,,,,,
0,VISIT,15,Random,OnArrival,3,8,1530,Node_69,15,0,14,15,14,,,,,,,,,
0,VISIT,15,Random,OnArrival,3,9,1541,Node_71,15,0,15,15,15,,,,,,,,,
0,VISIT,15,Random,OnArrival,3,10,1552,Node_74,16,0,15,16,15,,,,,,,,,
0,VISIT,14,Random,OnArrival,3,5,1563,Node_121,15,0,3,15,3,,,,,,,,,
0,VISIT,15,Random,OnArrival,3,11,1563,Node_78,17,0,15,17,15,,,,,,,,,
0,VISIT,13,Random,OnArrival,3,6,1574,Node_68,24,0,17,24,17,,,,,,,,,
0,VISIT,15,Random,OnArrival,3,12,1574,Node_134,18,0,15,18,15,,,,,,,,,
0,VISIT,15,Random,OnArrival,3,13,1585,Node_78,17,0,15,17,15,,,,,,,,,
0,VISIT,15,Random,OnArrival,3,14,1596,Node_76,17,0,14,17,14,,,,,,,,,
0,VISIT,15,Random,OnArrival,3,15,1607,Node_131,18,0,14,18,14,,,,,,,,,
0,VISIT,15,Random,OnArrival,3,16,1618,Node_134,18,0,15,18,15,,,,,,,,,
0,VISIT,15,Random,OnArrival,3,17,1629,Node_78,17,0,15,17,15,,,,,,,,,
0,VISIT,15,Random,OnArrival,3,18,1641,Node_74,16,0,15,16,15,,,,,,,,,
0,VISIT,15,Random,OnArrival,3,19,1653,Node_73,16,0,16,16,16,,,,,,,,,
0,VISIT,15,Random,OnArrival,3,20,1665,Node_80,17,0,16,17,16,,,,,,,,,
0,VISIT,17,Random,OnArrival,3,0,1841,Node_6,19,0,12,19,12,,,,,,,,,
0,VISIT,18,Random,OnArrival,3,0,1841,Node_7,19,0,8,19,8,,,,,,,,,
0,VISIT,19,Random,OnArrival,3,0,1841,Node_8,17,0,10,17,10,,,,,,,,,
0,VISIT,20,Random,OnArrival,3,0,1841,Node_9,21,0,10,21,10,,,,,,,,,
0,VISIT,17,Random,OnArrival,3,1,1851,Node_46,20,0,12,20,12,,,,,,,,,
0,VISIT,18,Random,OnArrival,3,1,1851,Node_11,18,0,8,18,8,,,,,,,,,
0,VISIT,19,Random,OnArrival,3,1,1851,Node_24,16,0,10,16,10,,,,,,,,,
0,VISIT,20,Random,OnArrival,3,1,1851,Node_13,21,0,11,21,11,,,,,,,,,
0,VISIT,17,Random,OnArrival,3,2,1862,Node_49,20,0,13,20,13,,,,,,,,,
0,VISIT,18,Random,OnArrival,3,2,1862,Node_91,17,0,8,17,8,,,,,,,,,
0,VISIT,19,Random,OnArrival,3,2,1862,Node_26,15,0,10,15,10,,,,,,,,,
0,VISIT,20,Random,OnArrival,3,2,1862,Node_79,22,0,11,22,11,,,,,,,,,
0,VISIT,17,Random,OnArrival,3,3,1873,Node_52,20,0,14,20,14,,,,,,,,,
0,VISIT,18,Random,OnArrival,3,3,1873,Node_98,17,0,7,17,7,,,,,,,,,
0,VISIT,19,Random,OnArrival,3,3,1873,Node_37,14,0,10,14,10,,,,,,,,,
0,VISIT,20,Random,OnArrival,3,3,1873,Node_84,23,0,11,23,11,,,,,,,,,
0,VISIT,18,Random,OnArrival,3,4,1884,Node_102,16,0,7,16,7,,,,,,,,,
0,VISIT,19,Random,OnArrival,3,4,1884,Node_56,13,0,10,13,10,,,,,,,,,
0,VISIT,20,Random,OnArrival,3,4,1884,Node_85,23,0,12,23,12,,,,,,,,,
0,VISIT,17,Random,OnArrival,3,4,1895,Node_131,18,0,14,18,14,,,,,,,,,
0,VISIT,18,Random,OnArrival,3,5,1895,Node_111,15,0,7,15,7,,,,,,,,,
0,VISIT,20,Random,OnArrival,3,5,1895,Node_129,24,0,12,24,12,,,,,,,,,
0,VISIT,17,Random,OnArrival,3,5,1906,Node_134,18,0,15,18,15,,,,,,,,,
0,VISIT,17,Random,OnArrival,3,6,1917,Node_137,18,0,16,18,16,,,,,,,,,
0,VISIT,17,Random,OnArrival,3,7,1928,Node_80,17,0,16,17,16,,,,,,,,,
0,VISIT,17,Random,OnArrival,3,8,1939,Node_156,17,0,17,17,17,,,,,,,,,
0,VISIT,18,Random,OnArrival,3,6,1939,Node_171,13,0,7,13,7,,,,,,,,,
0,VISIT,17,Random,OnArrival,3,9,1949,Node_140,18,0,17,18,17,,,,,,,,,
0,VISIT,17,Random,OnArrival,3,10,1958,Node_156,17,0,17,17,17,,,,,,,,,
0,VISIT,20,Random,OnArrival,3,6,1958,Node_145,25,0,17,25,17,,,,,,,,,
0,VISIT,17,Random,OnArrival,3,11,1969,Node_157,17,0,18,17,18,,,,,,,,,
0,VISIT,19,Random,OnArrival,3,5,1969,Node_177,12,0,7,12,7,,,,,,,,,
0,VISIT,17,Random,OnArrival,3,12,1980,Node_142,18,0,18,18,18,,,,,,,,,
0,VISIT,19,Random,OnArrival,3,6,1980,Node_181,12,0,6,12,6,,,,,,,,,
0,VISIT,18,Random,OnArrival,3,7,1991,Node_56,13,0,10,13,10,,,,,,,,,
0,VISIT,20,Random,OnArrival,3,7,1991,Node_148,25,0,18,25,18,,,,,,,,,
0,VISIT,18,Random,OnArrival,3,8,2002,Node_166,13,0,9,13,9,,,,,,,,,
0,VISIT,20,Random,OnArrival,3,8,2002,Node_70,24,0,18,24,18,,,,,,,,,
0,VISIT,18,Random,OnArrival,3,9,2013,Node_182,12,0,9,12,9,,,,,,,,,
0,VISIT,17,Random,OnArrival,3,13,2023,Node_32,21,0,19,21,19,,,,,,,,,
0,VISIT,21,Random,OnArrival,3,0,2206,Node_6,19,0,12,19,12,,,,,,,,,
0,VISIT,22,Random,OnArrival,3,0,2206,Node_7,19,0,8,19,8,,,,,,,,,
0,VISIT,23,Random,OnArrival,3,0,2206,Node_8,17,0,10,17,10,,,,,,,,,
0,VISIT,24,Random,OnArrival,3,0,2206,Node_9,21,0,10,21,10,,,,,,,,,
0,VISIT,21,Random,OnArrival,3,1,2216,Node_46,20,0,12,20,12,,,,,,,,,
0,VISIT,22,Random,OnArrival,3,1,2216,Node_3,19,0,9,19,9,,,,,,,,,
0,VISIT,23,Random,OnArrival,3,1,2216,Node_4,18,0,10,18,10,,,,,,,,,
0,VISIT,24,Random,OnArrival,3,1,2216,Node_13,21,0,11,21,11,,,,,,,,,
0,VISIT,21,Random,OnArrival,3,2,2226,Node_49,20,0,13,20,13,,,,,,,,,
0,VISIT,22,Random,OnArrival,3,2,2226,Node_20,19,0,10,19,10,,,,,,,,,
0,VISIT,23,Random,OnArrival,3,2,2226,Node_14,18,0,11,18,11,,,,,,,,,
0,VISIT,24,Random,OnArrival,3,2,2226,Node_79,22,0,11,22,11,,,,,,,,,
0,VISIT,21,Random,OnArrival,3,3,2236,Node_52,20,0,14,20,14,,,,,,,,,
0,VISIT,22,Random,OnArrival,3,3,2236,Node_2,19,0,11,19,11,,,,,,,,,
0,VISIT,23,Random,OnArrival,3,3,2236,Node_10,18,0,12,18,12,,,,,,,,,
0,VISIT,24,Random,OnArrival,3,3,2236,Node_84,23,0,11,23,11,,,,,,,,,
0,VISIT,21,Random,OnArrival,3,4,2246,Node_54,20,0,15,20,15,,,,,,,,,
0,VISIT,22,Random,OnArrival,3,4,2246,Node_6,19,0,12,19,12,,,,,,,,,
0,VISIT,23,Random,OnArrival,3,4,2246,Node_6,19,0,12,19,12,,,,,,,,,
0,VISIT,24,Random,OnArrival,3,4,2246,Node_127,24,0,11,24,11,,,,,,,,,
0,VISIT,21,Random,OnArrival,3,5,2256,Node_25,21,0,15,21,15,,,,,,,,,
0,VISIT,22,Random,OnArrival,3,5,2256,Node_46,20,0,12,20,12,,,,,,,,,
0,VISIT,23,Random,OnArrival,3,5,2256,Node_46,20,0,12,20,12,,,,,,,,,
0,VISIT,21,Random,OnArrival,3,6,2266,Node_59,22,0,15,22,15,,,,,,,,,
0,VISIT,22,Random,OnArrival,3,6,2266,Node_49,20,0,13,20,13,,,,,,,,,
0,VISIT,23,Random,OnArrival,3,6,2266,Node_49,20,0,13,20,13,,,,,,,,,
0,VISIT,24,Random,OnArrival,3,5,2266,Node_169,25,0,12,25,12,,,,,,,,,
0,VISIT,22,Random,OnArrival,3,7,2276,Node_52,20,0,14,20,14,,,,,,,,,
0,VISIT,23,Random,OnArrival,3,7,2276,Node_52,20,0,14,20,14,,,,,,,,,
0,VISIT,21,Random,OnArrival,3,7,2286,Node_65,23,0,16,23,16,,,,,,,,,
0,VISIT,22,Random,OnArrival,3,8,2286,Node_54,20,0,15,20,15,,,,,,,,,
0,VISIT,23,Random,OnArrival,3,8,2286,Node_54,20,0,15,20,15,,,,,,,,,
0,VISIT,21,Random,OnArrival,3,8,2296,Node_141,24,0,16,24,16,,,,,,,,,
0,VISIT,22,Random,OnArrival,3,9,2296,Node_25,21,0,15,21,15,,,,,,,,,
0,VISIT,23,Random,OnArrival,3,9,2296,Node_25,21,0,15,21,15,,,,,,,,,
0,VISIT,24,Random,OnArrival,3,6,2296,Node_172,25,0,13,25,13,,,,,,,,,
0,VISIT,21,Random,OnArrival,3,9,2306,Node_179,25,0,16,25,16,,,,,,,,,
0,VISIT,22,Random,OnArrival,3,10,2306,Node_59,22,0,15,22,15,,,,,,,,,
0,VISIT,23,Random,OnArrival,3,10,2306,Node_59,22,0,15,22,15,,,,,,,,,
0,VISIT,24,Random,OnArrival,3,7,2306,Node_132,24,0,13,24,13,,,,,,,,,
0,VISIT,21,Random,OnArrival,3,10,2317,Node_145,25,0,17,25,17,,,,,,,,,
0,VISIT,22,Random,OnArrival,3,11,2317,Node_207,23,0,15,23,15,,,,,,,,,
0,VISIT,23,Random,OnArrival,3,11,2317,Node_25,21,0,15,21,15,,,,,,,,,
0,VISIT,24,Random,OnArrival,3,8,2317,Node_135,24,0,14,24,14,,,,,,,,,
0,VISIT,21,Random,OnArrival,3,11,2328,Node_148,25,0,18,25,18,,,,,,,,,
0,VISIT,22,Random,OnArrival,3,12,2328,Node_138,24,0,15,24,15,,,,,,,,,
0,VISIT,23,Random,OnArrival,3,12,2328,Node_27,21,0,16,21,16,,,,,,,,,
0,VISIT,24,Random,OnArrival,3,9,2328,Node_174,25,0,14,25,14,,,,,,,,,
0,VISIT,21,Random,OnArrival,3,12,2339,Node_185,26,0,18,26,18,,,,,,,,,
0,VISIT,22,Random,OnArrival,3,13,2339,Node_176,25,0,15,25,15,,,,,,,,,
0,VISIT,24,Random,OnArrival,3,10,2339,Node_172,25,0,13,25,13,,,,,,,,,
0,VISIT,22,Random,OnArrival,3,14,2349,Node_179,25,0,16,25,16,,,,,,,,,
0,VISIT,23,Random,OnArrival,3,13,2349,Node_30,21,0,18,21,18,,,,,,,,,
0,VISIT,24,Random,OnArrival,3,11,2349,Node_169,25,0,12,25,12,,,,,,,,,
0,VISIT,22,Random,OnArrival,3,15,2359,Node_145,25,0,17,25,17,,,,,,,,,
0,VISIT,23,Random,OnArrival,3,14,2359,Node_187,20,0,18,20,18,,,,,,,,,
0,VISIT,24,Random,OnArrival,3,12,2359,Node_208,26,0,12,26,12,,,,,,,,,
0,VISIT,22,Random,OnArrival,3,16,2369,Node_148,25,0,18,25,18,,,,,,,,,
0,VISIT,22,Random,OnArrival,3,17,2379,Node_151,25,0,19,25,19,,,,,,,,,
0,VISIT,23,Random,OnArrival,3,15,2379,Node_142,18,0,18,18,18,,,,,,,,,
0,VISIT,22,Random,OnArrival,3,18,2389,Node_191,24,0,19,24,19,,,,,,,,,
0,VISIT,23,Random,OnArrival,3,16,2389,Node_157,17,0,18,17,18,,,,,,,,,
0,VISIT,22,Random,OnArrival,3,19,2399,Node_70,24,0,18,24,18,,,,,,,,,
0,VISIT,23,Random,OnArrival,3,17,2399,Node_158,17,0,19,17,19,,,,,,,,,
0,VISIT,22,Random,OnArrival,3,20,2409,Node_148,25,0,18,25,18,,,,,,,,,
0,VISIT,23,Random,OnArrival,3,18,2409,Node_144,18,0,19,18,19,,,,,,,,,
0,VISIT,22,Random,OnArrival,3,21,2419,Node_185,26,0,18,26,18,,,,,,,,,
0,VISIT,23,Random,OnArrival,3,19,2419,Node_147,18,0,20,18,20,,,,,,,,,
0,VISIT,22,Random,OnArrival,3,22,2429,Node_210,27,0,18,27,18,,,,,,,,,
0,VISIT,23,Random,OnArrival,3,20,2429,Node_159,17,0,20,17,20,,,,,,,,,
0,VISIT,24,Random,OnArrival,3,13,2429,Node_210,27,0,18,27,18,,,,,,,,,
0,VISIT,22,Random,OnArrival,3,23,2439,Node_222,27,0,17,27,17,,,,,,,,,
0,VISIT,23,Random,OnArrival,3,21,2439,Node_162,16,0,20,16,20,,,,,,,,,
0,VISIT,22,Random,OnArrival,3,24,2449,Node_183,26,0,17,26,17,,,,,,,,,
0,VISIT,23,Random,OnArrival,3,22,2449,Node_159,17,0,20,17,20,,,,,,,,,
0,VISIT,22,Random,OnArrival,3,25,2459,Node_222,27,0,17,27,17,,,,,,,,,
0,VISIT,23,Random,OnArrival,3,23,2459,Node_147,18,0,20,18,20,,,,,,,,,
0,VISIT,23,Random,OnArrival,3,24,2469,Node_150,18,0,21,18,21,,,,,,,,,
0,VISIT,22,Random,OnArrival,3,26,2479,Node_224,28,0,18,28,18,,,,,,,,,
0,VISIT,23,Random,OnArrival,3,25,2479,Node_160,17,0,21,17,21,,,,,,,,,
0,VISIT,22,Random,OnArrival,3,27,2489,Node_226,28,0,17,28,17,,,,,,,,,
0,VISIT,23,Random,OnArrival,3,26,2489,Node_150,18,0,21,18,21,,,,,,,,,
0,VISIT,22,Random,OnArrival,3,28,2520,Node_218,27,0,15,27,15,,,,,,,,,
0,VISIT,22,Random,OnArrival,3,29,2530,Node_220,27,0,16,27,16,,,,,,,,,
0,VISIT,22,Random,OnArrival,3,30,2540,Node_227,28,0,16,28,16,,,,,,,,,
0,VISIT,25,Random,OnArrival,3,0,2553,Node_6,19,0,12,19,12,,,,,,,,,
0,VISIT,26,Random,OnArrival,3,0,2553,Node_7,19,0,8,19,8,,,,,,,,,
0,VISIT,27,Random,OnArrival,3,0,2553,Node_8,17,0,10,17,10,,,,,,,,,
0,VISIT,28,Random,OnArrival,3,0,2553,Node_9,21,0,10,21,10,,,,,,,,,
0,VISIT,25,Random,OnArrival,3,1,2561,Node_46,20,0,12,20,12,,,,,,,,,
0,VISIT,26,Random,OnArrival,3,1,2561,Node_3,19,0,9,19,9,,,,,,,,,
0,VISIT,27,Random,OnArrival,3,1,2561,Node_4,18,0,10,18,10,,,,,,,,,
0,VISIT,28,Random,OnArrival,3,1,2561,Node_48,21,0,9,21,9,,,,,,,,,
0,VISIT,22,Random,OnArrival,3,31,2568,Node_226,28,0,17,28,17,,,,,,,,,
0,VISIT,23,Random,OnArrival,3,27,2568,Node_155,18,0,23,18,23,,,,,,,,,
0,VISIT,25,Random,OnArrival,3,2,2570,Node_49,20,0,13,20,13,,,,,,,,,
0,VISIT,26,Random,OnArrival,3,2,2570,Node_20,19,0,10,19,10,,,,,,,,,
0,VISIT,27,Random,OnArrival,3,2,2570,Node_14,18,0,11,18,11,,,,,,,,,
0,VISIT,28,Random,OnArrival,3,2,2570,Node_82,22,0,9,22,9,,,,,,,,,
0,VISIT,22,Random,OnArrival,3,32,2577,Node_224,28,0,18,28,18,,,,,,,,,
0,VISIT,23,Random,OnArrival,3,28,2577,Node_231,19,0,23,19,23,,,,,,,,,
0,VISIT,25,Random,OnArrival,3,3,2579,Node_52,20,0,14,20,14,,,,,,,,,
0,VISIT,26,Random,OnArrival,3,3,2579,Node_2,19,0,11,19,11,,,,,,,,,
0,VISIT,27,Random,OnArrival,3,3,2579,Node_10,18,0,12,18,12,,,,,,,,,
0,VISIT,28,Random,OnArrival,3,3,2579,Node_86,23,0,9,23,9,,,,,,,,,
0,VISIT,22,Random,OnArrival,3,33,2586,Node_225,28,0,19,28,19,,,,,,,,,
0,VISIT,26,Random,OnArrival,3,4,2589,Node_6,19,0,12,19,12,,,,,,,,,
0,VISIT,27,Random,OnArrival,3,4,2589,Node_6,19,0,12,19,12,,,,,,,,,
0,VISIT,23,Random,OnArrival,3,29,2596,Node_203,21,0,23,21,23,,,,,,,,,
0,VISIT,25,Random,OnArrival,3,4,2599,Node_131,18,0,14,18,14,,,,,,,,,
0,VISIT,26,Random,OnArrival,3,5,2599,Node_46,20,0,12,20,12,,,,,,,,,
0,VISIT,27,Random,OnArrival,3,5,2599,Node_46,20,0,12,20,12,,,,,,,,,
0,VISIT,28,Random,OnArrival,3,4,2599,Node_88,25,0,9,25,9,,,,,,,,,
0,VISIT,23,Random,OnArrival,3,30,2605,Node_202,22,0,23,22,23,,,,,,,,,
0,VISIT,25,Random,OnArrival,3,5,2609,Node_134,18,0,15,18,15,,,,,,,,,
0,VISIT,26,Random,OnArrival,3,6,2609,Node_49,20,0,13,20,13,,,,,,,,,
0,VISIT,27,Random,OnArrival,3,6,2609,Node_49,20,0,13,20,13,,,,,,,,,
0,VISIT,22,Random,OnArrival,3,34,2614,Node_214,27,0,21,27,21,,,,,,,,,
0,VISIT,23,Random,OnArrival,3,31,2614,Node_201,22,0,22,22,22,,,,,,,,,
0,VISIT,25,Random,OnArrival,3,6,2618,Node_137,18,0,16,18,16,,,,,,,,,
0,VISIT,26,Random,OnArrival,3,7,2618,Node_52,20,0,14,20,14,,,,,,,,,
0,VISIT,27,Random,OnArrival,3,7,2618,Node_52,20,0,14,20,14,,,,,,,,,
0,VISIT,22,Random,OnArrival,3,35,2623,Node_216,27,0,22,27,22,,,,,,,,,
0,VISIT,23,Random,OnArrival,3,32,2623,Node_204,21,0,22,21,22,,,,,,,,,
0,VISIT,25,Random,OnArrival,3,7,2628,Node_140,18,0,17,18,17,,,,,,,,,
0,VISIT,28,Random,OnArrival,3,5,2628,Node_110,26,0,7,26,7,,,,,,,,,
0,VISIT,22,Random,OnArrival,3,36,2633,Node_221,26,0,22,26,22,,,,,,,,,
0,VISIT,23,Random,OnArrival,3,33,2633,Node_201,22,0,22,22,22,,,,,,,,,
0,VISIT,25,Random,OnArrival,3,8,2638,Node_142,18,0,18,18,18,,,,,,,,,
0,VISIT,26,Random,OnArrival,3,8,2638,Node_131,18,0,14,18,14,,,,,,,,,
0,VISIT,27,Random,OnArrival,3,8,2638,Node_131,18,0,14,18,14,,,,,,,,,
0,VISIT,22,Random,OnArrival,3,37,2643,Node_219,26,0,23,26,23,,,,,,,,,
0,VISIT,25,Random,OnArrival,3,9,2648,Node_144,18,0,19,18,19,,,,,,,,,
0,VISIT,26,Random,OnArrival,3,9,2648,Node_134,18,0,15,18,15,,,,,,,,,
0,VISIT,27,Random,OnArrival,3,9,2648,Node_134,18,0,15,18,15,,,,,,,,,
0,VISIT,23,Random,OnArrival,3,34,2652,Node_199,24,0,22,24,22,,,,,,,,,
0,VISIT,25,Random,OnArrival,3,10,2657,Node_147,18,0,20,18,20,,,,,,,,,
0,VISIT,26,Random,OnArrival,3,10,2657,Node_137,18,0,16,18,16,,,,,,,,,
0,VISIT,27,Random,OnArrival,3,10,2657,Node_137,18,0,16,18,16,,,,,,,,,
0,VISIT,28,Random,OnArrival,3,6,2657,Node_95,25,0,5,25,5,,,,,,,,,
0,VISIT,25,Random,OnArrival,3,11,2666,Node_150,18,0,21,18,21,,,,,,,,,
0,VISIT,26,Random,OnArrival,3,11,2666,Node_140,18,0,17,18,17,,,,,,,,,
0,VISIT,27,Random,OnArrival,3,11,2666,Node_140,18,0,17,18,17,,,,,,,,,
0,VISIT,28,Random,OnArrival,3,7,2666,Node_243,26,0,5,26,5,,,,,,,,,
0,VISIT,25,Random,OnArrival,3,12,2676,Node_153,18,0,22,18,22,,,,,,,,,
0,VISIT,26,Random,OnArrival,3,12,2676,Node_142,18,0,18,18,18,,,,,,,,,
0,VISIT,27,Random,OnArrival,3,12,2676,Node_142,18,0,18,18,18,,,,,,,,,
0,VISIT,25,Random,OnArrival,3,13,2685,Node_230,19,0,22,19,22,,,,,,,,,
0,VISIT,25,Random,OnArrival,3,14,2695,Node_231,19,0,23,19,23,,,,,,,,,
0,VISIT,26,Random,OnArrival,3,13,2695,Node_187,20,0,18,20,18,,,,,,,,,
0,VISIT,27,Random,OnArrival,3,13,2695,Node_187,20,0,18,20,18,,,,,,,,,
0,VISIT,28,Random,OnArrival,3,8,2695,Node_242,26,0,6,26,6,,,,,,,,,
0,VISIT,25,Random,OnArrival,3,15,2705,Node_232,19,0,24,19,24,,,,,,,,,
0,VISIT,26,Random,OnArrival,3,14,2705,Node_189,20,0,19,20,19,,,,,,,,,
0,VISIT,27,Random,OnArrival,3,14,2705,Node_189,20,0,19,20,19,,,,,,,,,
0,VISIT,28,Random,OnArrival,3,9,2705,Node_92,25,0,6,25,6,,,,,,,,,
0,VISIT,25,Random,OnArrival,3,16,2715,Node_237,18,0,24,18,24,,,,,,,,,
0,VISIT,26,Random,OnArrival,3,15,2715,Node_32,21,0,19,21,19,,,,,,,,,
0,VISIT,27,Random,OnArrival,3,15,2715,Node_32,21,0,19,21,19,,,,,,,,,
0,VISIT,28,Random,OnArrival,3,10,2715,Node_101,24,0,6,24,6,,,,,,,,,
0,VISIT,25,Random,OnArrival,3,17,2725,Node_235,18,0,25,18,25,,,,,,,,,
0,VISIT,26,Random,OnArrival,3,16,2725,Node_34,21,0,20,21,20,,,,,,,,,
0,VISIT,27,Random,OnArrival,3,16,2725,Node_34,21,0,20,21,20,,,,,,,,,
0,VISIT,28,Random,OnArrival,3,11,2725,Node_105,24,0,7,24,7,,,,,,,,,
0,VISIT,26,Random,OnArrival,3,17,2736,Node_205,21,0,21,21,21,,,,,,,,,
0,VISIT,27,Random,OnArrival,3,17,2736,Node_205,21,0,21,21,21,,,,,,,,,
0,VISIT,28,Random,OnArrival,3,12,2736,Node_90,25,0,7,25,7,,,,,,,,,
0,VISIT,26,Random,OnArrival,3,18,2746,Node_200,22,0,21,22,21,,,,,,,,,
0,VISIT,27,Random,OnArrival,3,18,2746,Node_200,22,0,21,22,21,,,,,,,,,
0,VISIT,28,Random,OnArrival,3,13,2746,Node_110,26,0,7,26,7,,,,,,,,,
0,VISIT,26,Random,OnArrival,3,19,2756,Node_201,22,0,22,22,22,,,,,,,,,
0,VISIT,27,Random,OnArrival,3,19,2756,Node_201,22,0,22,22,22,,,,,,,,,
0,VISIT,28,Random,OnArrival,3,14,2756,Node_241,26,0,8,26,8,,,,,,,,,
0,VISIT,28,Random,OnArrival,3,15,2766,Node_89,25,0,8,25,8,,,,,,,,,
0,VISIT,26,Random,OnArrival,3,20,2776,Node_199,24,0,22,24,22,,,,,,,,,
0,VISIT,27,Random,OnArrival,3,20,2776,Node_199,24,0,22,24,22,,,,,,,,,
0,VISIT,28,Random,OnArrival,3,16,2776,Node_88,25,0,9,25,9,,,,,,,,,
0,VISIT,25,Random,OnArrival,3,18,2786,Node_165,15,0,22,15,22,,,,,,,,,
0,VISIT,26,Random,OnArrival,3,21,2786,Node_223,25,0,22,25,22,,,,,,,,,
0,VISIT,27,Random,OnArrival,3,21,2786,Node_223,25,0,22,25,22,,,,,,,,,
0,VISIT,28,Random,OnArrival,3,17,2786,Node_240,26,0,9,26,9,,,,,,,,,
0,VISIT,26,Random,OnArrival,3,22,2796,Node_244,25,0,23,25,23,,,,,,,,,
0,VISIT,27,Random,OnArrival,3,22,2796,Node_244,25,0,23,25,23,,,,,,,,,
0,VISIT,26,Random,OnArrival,3,23,2806,Node_246,24,0,23,24,23,,,,,,,,,
0,VISIT,27,Random,OnArrival,3,23,2806,Node_246,24,0,23,24,23,,,,,,,,,
0,VISIT,26,Random,OnArrival,3,24,2816,Node_248,24,0,24,24,24,,,,,,,,,
0,VISIT,27,Random,OnArrival,3,24,2816,Node_199,24,0,22,24,22,,,,,,,,,
0,VISIT,26,Random,OnArrival,3,25,2826,Node_245,25,0,24,25,24,,,,,,,,,
0,VISIT,28,Random,OnArrival,3,18,2826,Node_213,27,0,12,27,12,,,,,,,,,
0,VISIT,25,Random,OnArrival,3,19,2835,Node_252,15,0,25,15,25,,,,,,,,,
0,VISIT,26,Random,OnArrival,3,26,2835,Node_248,24,0,24,24,24,,,,,,,,,
0,VISIT,27,Random,OnArrival,3,25,2835,Node_194,24,0,20,24,20,,,,,,,,,
0,VISIT,25,Random,OnArrival,3,20,2845,Node_261,14,0,25,14,25,,,,,,,,,
0,VISIT,26,Random,OnArrival,3,27,2845,Node_250,24,0,25,24,25,,,,,,,,,
0,VISIT,27,Random,OnArrival,3,26,2845,Node_154,25,0,20,25,20,,,,,,,,,
0,VISIT,25,Random,OnArrival,3,21,2855,Node_259,14,0,24,14,24,,,,,,,,,
0,VISIT,27,Random,OnArrival,3,27,2855,Node_151,25,0,19,25,19,,,,,,,,,
0,VISIT,25,Random,OnArrival,3,22,2865,Node_253,15,0,24,15,24,,,,,,,,,
0,VISIT,27,Random,OnArrival,3,28,2865,Node_148,25,0,18,25,18,,,,,,,,,
0,VISIT,25,Random,OnArrival,3,23,2875,Node_254,15,0,23,15,23,,,,,,,,,
0,VISIT,27,Random,OnArrival,3,29,2875,Node_185,26,0,18,26,18,,,,,,,,,
0,VISIT,29,Random,OnArrival,3,0,2879,Node_6,19,0,12,19,12,,,,,,,,,
0,VISIT,30,Random,OnArrival,3,0,2879,Node_7,19,0,8,19,8,,,,,,,,,
0,VISIT,31,Random,OnArrival,3,0,2879,Node_8,17,0,10,17,10,,,,,,,,,
0,VISIT,32,Random,OnArrival,3,0,2879,Node_9,21,0,10,21,10,,,,,,,,,
0,VISIT,25,Random,OnArrival,3,24,2884,Node_257,14,0,23,14,23,,,,,,,,,
0,VISIT,27,Random,OnArrival,3,30,2884,Node_210,27,0,18,27,18,,,,,,,,,
0,VISIT,29,Random,OnArrival,3,1,2888,Node_2,19,0,11,19,11,,,,,,,,,
0,VISIT,30,Random,OnArrival,3,1,2888,Node_3,19,0,9,19,9,,,,,,,,,
0,VISIT,31,Random,OnArrival,3,1,2888,Node_4,18,0,10,18,10,,,,,,,,,
0,VISIT,32,Random,OnArrival,3,1,2888,Node_13,21,0,11,21,11,,,,,,,,,
0,VISIT,26,Random,OnArrival,3,28,2893,Node_233,19,0,25,19,25,,,,,,,,,
0,VISIT,27,Random,OnArrival,3,31,2893,Node_211,27,0,19,27,19,,,,,,,,,
0,VISIT,29,Random,OnArrival,3,2,2897,Node_55,20,0,11,20,11,,,,,,,,,
0,VISIT,30,Random,OnArrival,3,2,2897,Node_50,20,0,9,20,9,,,,,,,,,
0,VISIT,31,Random,OnArrival,3,2,2897,Node_14,18,0,11,18,11,,,,,,,,,
0,VISIT,32,Random,OnArrival,3,2,2897,Node_79,22,0,11,22,11,,,,,,,,,
0,VISIT,27,Random,OnArrival,3,32,2902,Node_225,28,0,19,28,19,,,,,,,,,
0,VISIT,29,Random,OnArrival,3,3,2906,Node_13,21,0,11,21,11,,,,,,,,,
0,VISIT,30,Random,OnArrival,3,3,2906,Node_48,21,0,9,21,9,,,,,,,,,
0,VISIT,31,Random,OnArrival,3,3,2906,Node_2,19,0,11,19,11,,,,,,,,,
0,VISIT,32,Random,OnArrival,3,3,2906,Node_84,23,0,11,23,11,,,,,,,,,
0,VISIT,27,Random,OnArrival,3,33,2911,Node_238,28,0,20,28,20,,,,,,,,,
0,VISIT,29,Random,OnArrival,3,4,2915,Node_79,22,0,11,22,11,,,,,,,,,
0,VISIT,30,Random,OnArrival,3,4,2915,Node_82,22,0,9,22,9,,,,,,,,,
0,VISIT,31,Random,OnArrival,3,4,2915,Node_55,20,0,11,20,11,,,,,,,,,
0,VISIT,32,Random,OnArrival,3,4,2915,Node_85,23,0,12,23,12,,,,,,,,,
0,VISIT,27,Random,OnArrival,3,34,2920,Node_212,27,0,20,27,20,,,,,,,,,
0,VISIT,29,Random,OnArrival,3,5,2925,Node_84,23,0,11,23,11,,,,,,,,,
0,VISIT,30,Random,OnArrival,3,5,2925,Node_81,22,0,8,22,8,,,,,,,,,
0,VISIT,31,Random,OnArrival,3,5,2925,Node_13,21,0,11,21,11,,,,,,,,,
0,VISIT,32,Random,OnArrival,3,5,2925,Node_129,24,0,12,24,12,,,,,,,,,
0,VISIT,27,Random,OnArrival,3,35,2930,Node_214,27,0,21,27,21,,,,,,,,,
0,VISIT,29,Random,OnArrival,3,6,2935,Node_85,23,0,12,23,12,,,,,,,,,
0,VISIT,30,Random,OnArrival,3,6,2935,Node_87,22,0,7,22,7,,,,,,,,,
0,VISIT,31,Random,OnArrival,3,6,2935,Node_79,22,0,11,22,11,,,,,,,,,
0,VISIT,32,Random,OnArrival,3,6,2935,Node_132,24,0,13,24,13,,,,,,,,,
0,VISIT,26,Random,OnArrival,3,29,2940,Node_250,24,0,25,24,25,,,,,,,,,
0,VISIT,27,Random,OnArrival,3,36,2940,Node_239,28,0,21,28,21,,,,,,,,,
0,VISIT,29,Random,OnArrival,3,7,2945,Node_129,24,0,12,24,12,,,,,,,,,
0,VISIT,30,Random,OnArrival,3,7,2945,Node_117,22,0,6,22,6,,,,,,,,,
0,VISIT,31,Random,OnArrival,3,7,2945,Node_84,23,0,11,23,11,,,,,,,,,
0,VISIT,32,Random,OnArrival,3,7,2945,Node_172,25,0,13,25,13,,,,,,,,,
0,VISIT,26,Random,OnArrival,3,30,2949,Node_247,25,0,25,25,25,,,,,,,,,
0,VISIT,29,Random,OnArrival,3,8,2955,Node_132,24,0,13,24,13,,,,,,,,,
0,VISIT,30,Random,OnArrival,3,8,2955,Node_114,22,0,5,22,5,,,,,,,,,
0,VISIT,31,Random,OnArrival,3,8,2955,Node_85,23,0,12,23,12,,,,,,,,,
0,VISIT,32,Random,OnArrival,3,8,2955,Node_209,26,0,13,26,13,,,,,,,,,
0,VISIT,29,Random,OnArrival,3,9,2965,Node_172,25,0,13,25,13,,,,,,,,,
0,VISIT,31,Random,OnArrival,3,9,2965,Node_129,24,0,12,24,12,,,,,,,,,
0,VISIT,32,Random,OnArrival,3,9,2965,Node_215,27,0,13,27,13,,,,,,,,,
0,VISIT,29,Random,OnArrival,3,10,2975,Node_209,26,0,13,26,13,,,,,,,,,
0,VISIT,31,Random,OnArrival,3,10,2975,Node_132,24,0,13,24,13,,,,,,,,,
0,VISIT,29,Random,OnArrival,3,11,2984,Node_215,27,0,13,27,13,,,,,,,,,
0,VISIT,31,Random,OnArrival,3,11,2984,Node_172,25,0,13,25,13,,,,,,,,,
0,VISIT,32,Random,OnArrival,3,10,2984,Node_262,28,0,12,28,12,,,,,,,,,
0,VISIT,29,Random,OnArrival,3,12,2993,Node_213,27,0,12,27,12,,,,,,,,,
0,VISIT,31,Random,OnArrival,3,12,2993,Node_209,26,0,13,26,13,,,,,,,,,
0,VISIT,29,Random,OnArrival,3,13,3002,Node_260,27,0,11,27,11,,,,,,,,,
0,VISIT,31,Random,OnArrival,3,13,3002,Node_208,26,0,12,26,12,,,,,,,,,
0,VISIT,26,Random,OnArrival,3,31,3006,Node_274,30,0,24,30,24,,,,,,,,,
0,VISIT,27,Random,OnArrival,3,37,3006,Node_273,29,0,25,29,25,,,,,,,,,
0,VISIT,29,Random,OnArrival,3,14,3011,Node_276,28,0,11,28,11,,,,,,,,,
0,VISIT,31,Random,OnArrival,3,14,3011,Node_213,27,0,12,27,12,,,,,,,,,
0,VISIT,27,Random,OnArrival,3,38,3015,Node_277,29,0,24,29,24,,,,,,,,,
0,VISIT,29,Random,OnArrival,3,15,3020,Node_260,27,0,11,27,11,,,,,,,,,
0,VISIT,31,Random,OnArrival,3,15,3020,Node_260,27,0,11,27,11,,,,,,,,,
0,VISIT,32,Random,OnArrival,3,11,3020,Node_256,27,0,9,27,9,,,,,,,,,
0,VISIT,27,Random,OnArrival,3,39,3024,Node_274,30,0,24,30,24,,,,,,,,,
0,VISIT,29,Random,OnArrival,3,16,3029,Node_258,27,0,10,27,10,,,,,,,,,
0,VISIT,31,Random,OnArrival,3,16,3029,Node_213,27,0,12,27,12,,,,,,,,,
0,VISIT,32,Random,OnArrival,3,12,3029,Node_282,28,0,9,28,9,,,,,,,,,
0,VISIT,26,Random,OnArrival,3,32,3033,Node_278,30,0,25,30,25,,,,,,,,,
0,VISIT,27,Random,OnArrival,3,40,3033,Node_283,31,0,24,31,24,,,,,,,,,
0,VISIT,29,Random,OnArrival,3,17,3038,Node_280,28,0,10,28,10,,,,,,,,,
0,VISIT,31,Random,OnArrival,3,17,3038,Node_215,27,0,13,27,13,,,,,,,,,
0,VISIT,26,Random,OnArrival,3,33,3042,Node_274,30,0,24,30,24,,,,,,,,,
0,VISIT,29,Random,OnArrival,3,18,3047,Node_276,28,0,11,28,11,,,,,,,,,
0,VISIT,31,Random,OnArrival,3,18,3047,Node_270,28,0,13,28,13,,,,,,,,,
0,VISIT,26,Random,OnArrival,3,34,3051,Node_271,30,0,23,30,23,,,,,,,,,
0,VISIT,29,Random,OnArrival,3,19,3056,Node_262,28,0,12,28,12,,,,,,,,,
0,VISIT,26,Random,OnArrival,3,35,3060,Node_288,31,0,23,31,23,,,,,,,,,
0,VISIT,29,Random,OnArrival,3,20,3065,Node_270,28,0,13,28,13,,,,,,,,,
0,VISIT,26,Random,OnArrival,3,36,3069,Node_271,30,0,23,30,23,,,,,,,,,
0,VISIT,27,Random,OnArrival,3,41,3069,Node_266,30,0,21,30,21,,,,,,,,,
0,VISIT,26,Random,OnArrival,3,37,3078,Node_268,30,0,22,30,22,,,,,,,,,
0,VISIT,27,Random,OnArrival,3,42,3078,Node_268,30,0,22,30,22,,,,,,,,,
0,VISIT,29,Random,OnArrival,3,21,3083,Node_294,30,0,13,30,13,,,,,,,,,
0,VISIT,26,Random,OnArrival,3,38,3087,Node_291,31,0,22,31,22,,,,,,,,,
0,VISIT,27,Random,OnArrival,3,43,3087,Node_291,31,0,22,31,22,,,,,,,,,
0,VISIT,29,Random,OnArrival,3,22,3101,Node_298,31,0,14,31,14,,,,,,,,,
0,VISIT,32,Random,OnArrival,3,13,3101,Node_298,31,0,14,31,14,,,,,,,,,
0,VISIT,29,Random,OnArrival,3,23,3110,Node_301,31,0,15,31,15,,,,,,,,,
0,VISIT,32,Random,OnArrival,3,14,3110,Node_301,31,0,15,31,15,,,,,,,,,
0,VISIT,26,Random,OnArrival,3,39,3129,Node_311,32,0,18,32,18,,,,,,,,,
0,VISIT,27,Random,OnArrival,3,44,3129,Node_311,32,0,18,32,18,,,,,,,,,
0,VISIT,31,Random,OnArrival,3,19,3135,Node_309,32,0,19,32,19,,,,,,,,,
0,VISIT,26,Random,OnArrival,3,40,3138,Node_312,32,0,17,32,17,,,,,,,,,
0,VISIT,27,Random,OnArrival,3,45,3138,Node_312,32,0,17,32,17,,,,,,,,,
0,VISIT,29,Random,OnArrival,3,24,3144,Node_311,32,0,18,32,18,,,,,,,,,
0,VISIT,32,Random,OnArrival,3,15,3144,Node_311,32,0,18,32,18,,,,,,,,,
0,VISIT,26,Random,OnArrival,3,41,3147,Node_305,31,0,17,31,17,,,,,,,,,
0,VISIT,27,Random,OnArrival,3,46,3147,Node_305,31,0,17,31,17,,,,,,,,,
0,VISIT,29,Random,OnArrival,3,25,3160,Node_313,33,0,19,33,19,,,,,,,,,
0,VISIT,32,Random,OnArrival,3,16,3160,Node_313,33,0,19,33,19,,,,,,,,,
0,VISIT,29,Random,OnArrival,3,26,3169,Node_309,32,0,19,32,19,,,,,,,,,
0,VISIT,32,Random,OnArrival,3,17,3169,Node_309,32,0,19,32,19,,,,,,,,,
0,VISIT,33,Random,OnArrival,3,0,3172,Node_6,19,0,12,19,12,,,,,,,,,
0,VISIT,34,Random,OnArrival,3,0,3172,Node_7,19,0,8,19,8,,,,,,,,,
0,VISIT,35,Random,OnArrival,3,0,3172,Node_8,17,0,10,17,10,,,,,,,,,
0,VISIT,36,Random,OnArrival,3,0,3172,Node_9,21,0,10,21,10,,,,,,,,,
0,VISIT,27,Random,OnArrival,3,47,3174,Node_234,29,0,16,29,16,,,,,,,,,
0,VISIT,29,Random,OnArrival,3,27,3176,Node_306,32,0,20,32,20,,,,,,,,,
0,VISIT,32,Random,OnArrival,3,18,3176,Node_306,32,0,20,32,20,,,,,,,,,
0,VISIT,33,Random,OnArrival,3,1,3179,Node_2,19,0,11,19,11,,,,,,,,,
0,VISIT,34,Random,OnArrival,3,1,3179,Node_3,19,0,9,19,9,,,,,,,,,
0,VISIT,35,Random,OnArrival,3,1,3179,Node_4,18,0,10,18,10,,,,,,,,,
0,VISIT,36,Random,OnArrival,3,1,3179,Node_13,21,0,11,21,11,,,,,,,,,
0,VISIT,27,Random,OnArrival,3,48,3183,Node_317,30,0,16,30,16,,,,,,,,,
0,VISIT,29,Random,OnArrival,3,28,3184,Node_315,33,0,20,33,20,,,,,,,,,
0,VISIT,32,Random,OnArrival,3,19,3184,Node_315,33,0,20,33,20,,,,,,,,,
0,VISIT,33,Random,OnArrival,3,2,3186,Node_55,20,0,11,20,11,,,,,,,,,
0,VISIT,34,Random,OnArrival,3,2,3186,Node_50,20,0,9,20,9,,,,,,,,,
0,VISIT,35,Random,OnArrival,3,2,3186,Node_14,18,0,11,18,11,,,,,,,,,
0,VISIT,36,Random,OnArrival,3,2,3186,Node_79,22,0,11,22,11,,,,,,,,,
0,VISIT,27,Random,OnArrival,3,49,3191,Node_303,31,0,16,31,16,,,,,,,,,
0,VISIT,33,Random,OnArrival,3,3,3194,Node_13,21,0,11,21,11,,,,,,,,,
0,VISIT,34,Random,OnArrival,3,3,3194,Node_48,21,0,9,21,9,,,,,,,,,
0,VISIT,35,Random,OnArrival,3,3,3194,Node_2,19,0,11,19,11,,,,,,,,,
0,VISIT,36,Random,OnArrival,3,3,3194,Node_84,23,0,11,23,11,,,,,,,,,
0,VISIT,27,Random,OnArrival,3,50,3199,Node_310,32,0,16,32,16,,,,,,,,,
0,VISIT,33,Random,OnArrival,3,4,3202,Node_79,22,0,11,22,11,,,,,,,,,
0,VISIT,34,Random,OnArrival,3,4,3202,Node_82,22,0,9,22,9,,,,,,,,,
0,VISIT,35,Random,OnArrival,3,4,3202,Node_55,20,0,11,20,11,,,,,,,,,
0,VISIT,36,Random,OnArrival,3,4,3202,Node_85,23,0,12,23,12,,,,,,,,,
0,VISIT,27,Random,OnArrival,3,51,3207,Node_307,32,0,15,32,15,,,,,,,,,
0,VISIT,29,Random,OnArrival,3,29,3208,Node_302,32,0,22,32,22,,,,,,,,,
0,VISIT,32,Random,OnArrival,3,20,3208,Node_302,32,0,22,32,22,,,,,,,,,
0,VISIT,33,Random,OnArrival,3,5,3210,Node_84,23,0,11,23,11,,,,,,,,,
0,VISIT,34,Random,OnArrival,3,5,3210,Node_86,23,0,9,23,9,,,,,,,,,
0,VISIT,35,Random,OnArrival,3,5,3210,Node_13,21,0,11,21,11,,,,,,,,,
0,VISIT,36,Random,OnArrival,3,5,3210,Node_129,24,0,12,24,12,,,,,,,,,
0,VISIT,27,Random,OnArrival,3,52,3215,Node_301,31,0,15,31,15,,,,,,,,,
0,VISIT,29,Random,OnArrival,3,30,3216,Node_319,33,0,22,33,22,,,,,,,,,
0,VISIT,32,Random,OnArrival,3,21,3216,Node_319,33,0,22,33,22,,,,,,,,,
0,VISIT,33,Random,OnArrival,3,6,3218,Node_85,23,0,12,23,12,,,,,,,,,
0,VISIT,35,Random,OnArrival,3,6,3218,Node_79,22,0,11,22,11,,,,,,,,,
0,VISIT,36,Random,OnArrival,3,6,3218,Node_132,24,0,13,24,13,,,,,,,,,
0,VISIT,27,Random,OnArrival,3,53,3224,Node_298,31,0,14,31,14,,,,,,,,,
0,VISIT,33,Random,OnArrival,3,7,3227,Node_129,24,0,12,24,12,,,,,,,,,
0,VISIT,34,Random,OnArrival,3,6,3227,Node_88,25,0,9,25,9,,,,,,,,,
0,VISIT,35,Random,OnArrival,3,7,3227,Node_84,23,0,11,23,11,,,,,,,,,
0,VISIT,36,Random,OnArrival,3,7,3227,Node_172,25,0,13,25,13,,,,,,,,,
0,VISIT,27,Random,OnArrival,3,54,3233,Node_300,31,0,13,31,13,,,,,,,,,
0,VISIT,33,Random,OnArrival,3,8,3236,Node_132,24,0,13,24,13,,,,,,,,,
0,VISIT,34,Random,OnArrival,3,7,3236,Node_240,26,0,9,26,9,,,,,,,,,
0,VISIT,35,Random,OnArrival,3,8,3236,Node_85,23,0,12,23,12,,,,,,,,,
0,VISIT,36,Random,OnArrival,3,8,3236,Node_209,26,0,13,26,13,,,,,,,,,
0,VISIT,33,Random,OnArrival,3,9,3245,Node_172,25,0,13,25,13,,,,,,,,,
0,VISIT,34,Random,OnArrival,3,8,3245,Node_256,27,0,9,27,9,,,,,,,,,
0,VISIT,35,Random,OnArrival,3,9,3245,Node_129,24,0,12,24,12,,,,,,,,,
0,VISIT,36,Random,OnArrival,3,9,3245,Node_215,27,0,13,27,13,,,,,,,,,
0,VISIT,33,Random,OnArrival,3,10,3254,Node_209,26,0,13,26,13,,,,,,,,,
0,VISIT,34,Random,OnArrival,3,9,3254,Node_282,28,0,9,28,9,,,,,,,,,
0,VISIT,35,Random,OnArrival,3,10,3254,Node_132,24,0,13,24,13,,,,,,,,,
0,VISIT,36,Random,OnArrival,3,10,3254,Node_270,28,0,13,28,13,,,,,,,,,
0,VISIT,33,Random,OnArrival,3,11,3263,Node_215,27,0,13,27,13,,,,,,,,,
0,VISIT,35,Random,OnArrival,3,11,3263,Node_172,25,0,13,25,13,,,,,,,,,
0,VISIT,33,Random,OnArrival,3,12,3271,Node_270,28,0,13,28,13,,,,,,,,,
0,VISIT,34,Random,OnArrival,3,10,3271,Node_290,30,0,9,30,9,,,,,,,,,
0,VISIT,35,Random,OnArrival,3,12,3271,Node_209,26,0,13,26,13,,,,,,,,,
0,VISIT,36,Random,OnArrival,3,11,3271,Node_294,30,0,13,30,13,,,,,,,,,
0,VISIT,35,Random,OnArrival,3,13,3280,Node_215,27,0,13,27,13,,,,,,,,,
0,VISIT,36,Random,OnArrival,3,12,3280,Node_300,31,0,13,31,13,,,,,,,,,
0,VISIT,33,Random,OnArrival,3,13,3289,Node_294,30,0,13,30,13,,,,,,,,,
0,VISIT,35,Random,OnArrival,3,14,3289,Node_270,28,0,13,28,13,,,,,,,,,
0,VISIT,36,Random,OnArrival,3,13,3289,Node_299,31,0,12,31,12,,,,,,,,,
0,VISIT,33,Random,OnArrival,3,14,3298,Node_300,31,0,13,31,13,,,,,,,,,
0,VISIT,36,Random,OnArrival,3,14,3298,Node_323,32,0,12,32,12,,,,,,,,,
0,VISIT,33,Random,OnArrival,3,15,3307,Node_321,32,0,13,32,13,,,,,,,,,
0,VISIT,35,Random,OnArrival,3,15,3307,Node_294,30,0,13,30,13,,,,,,,,,
0,VISIT,35,Random,OnArrival,3,16,3315,Node_300,31,0,13,31,13,,,,,,,,,
0,VISIT,36,Random,OnArrival,3,15,3315,Node_297,31,0,11,31,11,,,,,,,,,
0,VISIT,35,Random,OnArrival,3,17,3324,Node_321,32,0,13,32,13,,,,,,,,,
0,VISIT,35,Random,OnArrival,3,18,3333,Node_300,31,0,13,31,13,,,,,,,,,
0,VISIT,35,Random,OnArrival,3,19,3342,Node_299,31,0,12,31,12,,,,,,,,,
0,VISIT,35,Random,OnArrival,3,20,3351,Node_297,31,0,11,31,11,,,,,,,,,
0,VISIT,35,Random,OnArrival,3,21,3360,Node_333,31,0,10,31,10,,,,,,,,,
0,VISIT,35,Random,OnArrival,3,22,3369,Node_292,30,0,10,30,10,,,,,,,,,
0,VISIT,36,Random,OnArrival,3,16,3369,Node_328,30,0,6,30,6,,,,,,,,,
0,VISIT,35,Random,OnArrival,3,23,3378,Node_333,31,0,10,31,10,,,,,,,,,
0,VISIT,36,Random,OnArrival,3,17,3378,Node_327,30,0,7,30,7,,,,,,,,,
0,VISIT,35,Random,OnArrival,3,24,3387,Node_335,31,0,9,31,9,,,,,,,,,
0,VISIT,36,Random,OnArrival,3,18,3387,Node_341,31,0,7,31,7,,,,,,,,,
0,VISIT,35,Random,OnArrival,3,25,3396,Node_290,30,0,9,30,9,,,,,,,,,
0,VISIT,35,Random,OnArrival,3,26,3405,Node_326,30,0,8,30,8,,,,,,,,,
0,VISIT,35,Random,OnArrival,3,27,3413,Node_338,31,0,8,31,8,,,,,,,,,
0,VISIT,35,Random,OnArrival,3,28,3422,Node_341,31,0,7,31,7,,,,,,,,,
0,VISIT,35,Random,OnArrival,3,29,3430,Node_351,32,0,7,32,7,,,,,,,,,
0,VISIT,37,Random,OnArrival,3,0,3448,Node_6,19,0,12,19,12,,,,,,,,,
0,VISIT,38,Random,OnArrival,3,0,3448,Node_7,19,0,8,19,8,,,,,,,,,
0,VISIT,39,Random,OnArrival,3,0,3448,Node_8,17,0,10,17,10,,,,,,,,,
0,VISIT,40,Random,OnArrival,3,0,3448,Node_9,21,0,10,21,10,,,,,,,,,
0,VISIT,37,Random,OnArrival,3,1,3455,Node_2,19,0,11,19,11,,,,,,,,,
0,VISIT,38,Random,OnArrival,3,1,3455,Node_3,19,0,9,19,9,,,,,,,,,
0,VISIT,39,Random,OnArrival,3,1,3455,Node_4,18,0,10,18,10,,,,,,,,,
0,VISIT,40,Random,OnArrival,3,1,3455,Node_48,21,0,9,21,9,,,,,,,,,
0,VISIT,37,Random,OnArrival,3,2,3462,Node_20,19,0,10,19,10,,,,,,,,,
0,VISIT,38,Random,OnArrival,3,2,3462,Node_50,20,0,9,20,9,,,,,,,,,
0,VISIT,39,Random,OnArrival,3,2,3462,Node_15,18,0,9,18,9,,,,,,,,,
0,VISIT,40,Random,OnArrival,3,2,3462,Node_82,22,0,9,22,9,,,,,,,,,
0,VISIT,37,Random,OnArrival,3,3,3469,Node_5,20,0,10,20,10,,,,,,,,,
0,VISIT,38,Random,OnArrival,3,3,3469,Node_48,21,0,9,21,9,,,,,,,,,
0,VISIT,39,Random,OnArrival,3,3,3469,Node_3,19,0,9,19,9,,,,,,,,,
0,VISIT,40,Random,OnArrival,3,3,3469,Node_86,23,0,9,23,9,,,,,,,,,
0,VISIT,37,Random,OnArrival,3,4,3476,Node_9,21,0,10,21,10,,,,,,,,,
0,VISIT,38,Random,OnArrival,3,4,3476,Node_82,22,0,9,22,9,,,,,,,,,
0,VISIT,39,Random,OnArrival,3,4,3476,Node_50,20,0,9,20,9,,,,,,,,,
0,VISIT,37,Random,OnArrival,3,5,3484,Node_48,21,0,9,21,9,,,,,,,,,
0,VISIT,38,Random,OnArrival,3,5,3484,Node_86,23,0,9,23,9,,,,,,,,,
0,VISIT,39,Random,OnArrival,3,5,3484,Node_48,21,0,9,21,9,,,,,,,,,
0,VISIT,40,Random,OnArrival,3,4,3484,Node_88,25,0,9,25,9,,,,,,,,,
0,VISIT,35,Random,OnArrival,3,30,3492,Node_330,32,0,11,32,11,,,,,,,,,
0,VISIT,37,Random,OnArrival,3,6,3492,Node_82,22,0,9,22,9,,,,,,,,,
0,VISIT,39,Random,OnArrival,3,6,3492,Node_82,22,0,9,22,9,,,,,,,,,
0,VISIT,40,Random,OnArrival,3,5,3492,Node_240,26,0,9,26,9,,,,,,,,,
0,VISIT,37,Random,OnArrival,3,7,3500,Node_86,23,0,9,23,9,,,,,,,,,
0,VISIT,38,Random,OnArrival,3,6,3500,Node_88,25,0,9,25,9,,,,,,,,,
0,VISIT,39,Random,OnArrival,3,7,3500,Node_86,23,0,9,23,9,,,,,,,,,
0,VISIT,40,Random,OnArrival,3,6,3500,Node_256,27,0,9,27,9,,,,,,,,,
0,VISIT,35,Random,OnArrival,3,31,3508,Node_361,34,0,11,34,11,,,,,,,,,
0,VISIT,38,Random,OnArrival,3,7,3508,Node_240,26,0,9,26,9,,,,,,,,,
0,VISIT,40,Random,OnArrival,3,7,3508,Node_282,28,0,9,28,9,,,,,,,,,
0,VISIT,37,Random,OnArrival,3,8,3517,Node_88,25,0,9,25,9,,,,,,,,,
0,VISIT,38,Random,OnArrival,3,8,3517,Node_256,27,0,9,27,9,,,,,,,,,
0,VISIT,39,Random,OnArrival,3,8,3517,Node_88,25,0,9,25,9,,,,,,,,,
0,VISIT,37,Random,OnArrival,3,9,3525,Node_240,26,0,9,26,9,,,,,,,,,
0,VISIT,38,Random,OnArrival,3,9,3525,Node_282,28,0,9,28,9,,,,,,,,,
0,VISIT,39,Random,OnArrival,3,9,3525,Node_240,26,0,9,26,9,,,,,,,,,
0,VISIT,40,Random,OnArrival,3,8,3525,Node_290,30,0,9,30,9,,,,,,,,,
0,VISIT,37,Random,OnArrival,3,10,3533,Node_256,27,0,9,27,9,,,,,,,,,
0,VISIT,39,Random,OnArrival,3,10,3533,Node_256,27,0,9,27,9,,,,,,,,,
0,VISIT,40,Random,OnArrival,3,9,3533,Node_326,30,0,8,30,8,,,,,,,,,
0,VISIT,37,Random,OnArrival,3,11,3541,Node_282,28,0,9,28,9,,,,,,,,,
0,VISIT,38,Random,OnArrival,3,10,3541,Node_290,30,0,9,30,9,,,,,,,,,
0,VISIT,39,Random,OnArrival,3,11,3541,Node_282,28,0,9,28,9,,,,,,,,,
0,VISIT,40,Random,OnArrival,3,10,3541,Node_327,30,0,7,30,7,,,,,,,,,
0,VISIT,38,Random,OnArrival,3,11,3549,Node_326,30,0,8,30,8,,,,,,,,,
0,VISIT,40,Random,OnArrival,3,11,3549,Node_328,30,0,6,30,6,,,,,,,,,
0,VISIT,37,Random,OnArrival,3,12,3558,Node_290,30,0,9,30,9,,,,,,,,,
0,VISIT,38,Random,OnArrival,3,12,3558,Node_327,30,0,7,30,7,,,,,,,,,
0,VISIT,39,Random,OnArrival,3,12,3558,Node_290,30,0,9,30,9,,,,,,,,,
0,VISIT,40,Random,OnArrival,3,12,3558,Node_344,31,0,6,31,6,,,,,,,,,
0,VISIT,37,Random,OnArrival,3,13,3567,Node_326,30,0,8,30,8,,,,,,,,,
0,VISIT,38,Random,OnArrival,3,13,3567,Node_328,30,0,6,30,6,,,,,,,,,
0,VISIT,39,Random,OnArrival,3,13,3567,Node_326,30,0,8,30,8,,,,,,,,,
0,VISIT,40,Random,OnArrival,3,13,3567,Node_353,32,0,6,32,6,,,,,,,,,
0,VISIT,37,Random,OnArrival,3,14,3576,Node_327,30,0,7,30,7,,,,,,,,,
0,VISIT,38,Random,OnArrival,3,14,3576,Node_344,31,0,6,31,6,,,,,,,,,
0,VISIT,39,Random,OnArrival,3,14,3576,Node_327,30,0,7,30,7,,,,,,,,,
0,VISIT,37,Random,OnArrival,3,15,3584,Node_328,30,0,6,30,6,,,,,,,,,
0,VISIT,38,Random,OnArrival,3,15,3584,Node_353,32,0,6,32,6,,,,,,,,,
0,VISIT,39,Random,OnArrival,3,15,3584,Node_328,30,0,6,30,6,,,,,,,,,
0,VISIT,40,Random,OnArrival,3,14,3584,Node_356,33,0,7,33,7,,,,,,,,,
0,VISIT,37,Random,OnArrival,3,16,3593,Node_344,31,0,6,31,6,,,,,,,,,
0,VISIT,38,Random,OnArrival,3,16,3593,Node_354,32,0,5,32,5,,,,,,,,,
0,VISIT,39,Random,OnArrival,3,16,3593,Node_344,31,0,6,31,6,,,,,,,,,
0,VISIT,37,Random,OnArrival,3,17,3601,Node_353,32,0,6,32,6,,,,,,,,,
0,VISIT,39,Random,OnArrival,3,17,3601,Node_353,32,0,6,32,6,,,,,,,,,
0,VISIT,40,Random,OnArrival,3,15,3601,Node_358,34,0,8,34,8,,,,,,,,,
0,VISIT,37,Random,OnArrival,3,18,3609,Node_354,32,0,5,32,5,,,,,,,,,
0,VISIT,38,Random,OnArrival,3,17,3609,Node_366,33,0,6,33,6,,,,,,,,,
0,VISIT,39,Random,OnArrival,3,18,3609,Node_354,32,0,5,32,5,,,,,,,,,
0,VISIT,40,Random,OnArrival,3,16,3609,Node_365,35,0,8,35,8,,,,,,,,,
0,VISIT,37,Random,OnArrival,3,19,3618,Node_355,32,0,4,32,4,,,,,,,,,
0,VISIT,38,Random,OnArrival,3,18,3618,Node_368,33,0,5,33,5,,,,,,,,,
0,VISIT,39,Random,OnArrival,3,19,3618,Node_355,32,0,4,32,4,,,,,,,,,
0,VISIT,40,Random,OnArrival,3,17,3626,Node_367,34,0,7,34,7,,,,,,,,,
0,VISIT,40,Random,OnArrival,3,18,3634,Node_358,34,0,8,34,8,,,,,,,,,
0,VISIT,40,Random,OnArrival,3,19,3643,Node_365,35,0,8,35,8,,,,,,,,,
0,VISIT,40,Random,OnArrival,3,20,3651,Node_364,35,0,9,35,9,,,,,,,,,
0,VISIT,40,Random,OnArrival,3,21,3659,Node_359,34,0,9,34,9,,,,,,,,,
0,VISIT,40,Random,OnArrival,3,22,3668,Node_364,35,0,9,35,9,,,,,,,,,
0,VISIT,37,Random,OnArrival,3,20,3677,Node_343,28,0,1,28,1,,,,,,,,,
0,VISIT,39,Random,OnArrival,3,20,3677,Node_343,28,0,1,28,1,,,,,,,,,
0,VISIT,40,Random,OnArrival,3,23,3695,Node_363,35,0,10,35,10,,,,,,,,,
0,VISIT,41,Random,OnArrival,3,0,3698,Node_6,19,0,12,19,12,,,,,,,,,
0,VISIT,42,Random,OnArrival,3,0,3698,Node_7,19,0,8,19,8,,,,,,,,,
0,VISIT,43,Random,OnArrival,3,0,3698,Node_8,17,0,10,17,10,,,,,,,,,
0,VISIT,44,Random,OnArrival,3,0,3698,Node_9,21,0,10,21,10,,,,,,,,,
0,VISIT,40,Random,OnArrival,3,24,3702,Node_360,34,0,10,34,10,,,,,,,,,
0,VISIT,41,Random,OnArrival,3,1,3704,Node_2,19,0,11,19,11,,,,,,,,,
0,VISIT,42,Random,OnArrival,3,1,3704,Node_3,19,0,9,19,9,,,,,,,,,
0,VISIT,43,Random,OnArrival,3,1,3704,Node_4,18,0,10,18,10,,,,,,,,,
0,VISIT,44,Random,OnArrival,3,1,3704,Node_48,21,0,9,21,9,,,,,,,,,
0,VISIT,40,Random,OnArrival,3,25,3709,Node_359,34,0,9,34,9,,,,,,,,,
0,VISIT,41,Random,OnArrival,3,2,3711,Node_20,19,0,10,19,10,,,,,,,,,
0,VISIT,42,Random,OnArrival,3,2,3711,Node_50,20,0,9,20,9,,,,,,,,,
0,VISIT,43,Random,OnArrival,3,2,3711,Node_15,18,0,9,18,9,,,,,,,,,
0,VISIT,44,Random,OnArrival,3,2,3711,Node_82,22,0,9,22,9,,,,,,,,,
0,VISIT,40,Random,OnArrival,3,26,3715,Node_364,35,0,9,35,9,,,,,,,,,
0,VISIT,41,Random,OnArrival,3,3,3717,Node_5,20,0,10,20,10,,,,,,,,,
0,VISIT,42,Random,OnArrival,3,3,3717,Node_48,21,0,9,21,9,,,,,,,,,
0,VISIT,43,Random,OnArrival,3,3,3717,Node_3,19,0,9,19,9,,,,,,,,,
0,VISIT,44,Random,OnArrival,3,3,3717,Node_86,23,0,9,23,9,,,,,,,,,
0,VISIT,40,Random,OnArrival,3,27,3721,Node_381,36,0,9,36,9,,,,,,,,,
0,VISIT,41,Random,OnArrival,3,4,3723,Node_9,21,0,10,21,10,,,,,,,,,
0,VISIT,42,Random,OnArrival,3,4,3723,Node_82,22,0,9,22,9,,,,,,,,,
0,VISIT,43,Random,OnArrival,3,4,3723,Node_50,20,0,9,20,9,,,,,,,,,
0,VISIT,41,Random,OnArrival,3,5,3730,Node_48,21,0,9,21,9,,,,,,,,,
0,VISIT,42,Random,OnArrival,3,5,3730,Node_86,23,0,9,23,9,,,,,,,,,
0,VISIT,43,Random,OnArrival,3,5,3730,Node_48,21,0,9,21,9,,,,,,,,,
0,VISIT,44,Random,OnArrival,3,4,3730,Node_88,25,0,9,25,9,,,,,,,,,
0,VISIT,39,Random,OnArrival,3,21,3734,Node_97,24,0,5,24,5,,,,,,,,,
0,VISIT,41,Random,OnArrival,3,6,3736,Node_82,22,0,9,22,9,,,,,,,,,
0,VISIT,43,Random,OnArrival,3,6,3736,Node_82,22,0,9,22,9,,,,,,,,,
0,VISIT,44,Random,OnArrival,3,5,3736,Node_240,26,0,9,26,9,,,,,,,,,
0,VISIT,39,Random,OnArrival,3,22,3741,Node_267,23,0,5,23,5,,,,,,,,,
0,VISIT,41,Random,OnArrival,3,7,3743,Node_86,23,0,9,23,9,,,,,,,,,
0,VISIT,42,Random,OnArrival,3,6,3743,Node_88,25,0,9,25,9,,,,,,,,,
0,VISIT,43,Random,OnArrival,3,7,3743,Node_86,23,0,9,23,9,,,,,,,,,
0,VISIT,44,Random,OnArrival,3,6,3743,Node_256,27,0,9,27,9,,,,,,,,,
0,VISIT,39,Random,OnArrival,3,23,3747,Node_269,23,0,4,23,4,,,,,,,,,
0,VISIT,42,Random,OnArrival,3,7,3749,Node_240,26,0,9,26,9,,,,,,,,,
0,VISIT,44,Random,OnArrival,3,7,3749,Node_282,28,0,9,28,9,,,,,,,,,
0,VISIT,39,Random,OnArrival,3,24,3755,Node_390,24,0,4,24,4,,,,,,,,,
0,VISIT,41,Random,OnArrival,3,8,3757,Node_88,25,0,9,25,9,,,,,,,,,
0,VISIT,42,Random,OnArrival,3,8,3757,Node_256,27,0,9,27,9,,,,,,,,,
0,VISIT,43,Random,OnArrival,3,8,3757,Node_88,25,0,9,25,9,,,,,,,,,
0,VISIT,39,Random,OnArrival,3,25,3762,Node_389,24,0,3,24,3,,,,,,,,,
0,VISIT,41,Random,OnArrival,3,9,3764,Node_240,26,0,9,26,9,,,,,,,,,
0,VISIT,42,Random,OnArrival,3,9,3764,Node_282,28,0,9,28,9,,,,,,,,,
0,VISIT,43,Random,OnArrival,3,9,3764,Node_240,26,0,9,26,9,,,,,,,,,
0,VISIT,44,Random,OnArrival,3,8,3764,Node_290,30,0,9,30,9,,,,,,,,,
0,VISIT,41,Random,OnArrival,3,10,3771,Node_256,27,0,9,27,9,,,,,,,,,
0,VISIT,43,Random,OnArrival,3,10,3771,Node_256,27,0,9,27,9,,,,,,,,,
0,VISIT,44,Random,OnArrival,3,9,3771,Node_326,30,0,8,30,8,,,,,,,,,
0,VISIT,41,Random,OnArrival,3,11,3779,Node_282,28,0,9,28,9,,,,,,,,,
0,VISIT,42,Random,OnArrival,3,10,3779,Node_290,30,0,9,30,9,,,,,,,,,
0,VISIT,43,Random,OnArrival,3,11,3779,Node_282,28,0,9,28,9,,,,,,,,,
0,VISIT,44,Random,OnArrival,3,10,3779,Node_327,30,0,7,30,7,,,,,,,,,
0,VISIT,39,Random,OnArrival,3,26,3783,Node_279,23,0,1,23,1,,,,,,,,,
0,VISIT,42,Random,OnArrival,3,11,3786,Node_326,30,0,8,30,8,,,,,,,,,
0,VISIT,44,Random,OnArrival,3,11,3786,Node_328,30,0,6,30,6,,,,,,,,,
0,VISIT,41,Random,OnArrival,3,12,3795,Node_290,30,0,9,30,9,,,,,,,,,
0,VISIT,42,Random,OnArrival,3,12,3795,Node_327,30,0,7,30,7,,,,,,,,,
0,VISIT,43,Random,OnArrival,3,12,3795,Node_290,30,0,9,30,9,,,,,,,,,
0,VISIT,44,Random,OnArrival,3,12,3795,Node_329,30,0,5,30,5,,,,,,,,,
0,VISIT,41,Random,OnArrival,3,13,3803,Node_326,30,0,8,30,8,,,,,,,,,
0,VISIT,42,Random,OnArrival,3,13,3803,Node_328,30,0,6,30,6,,,,,,,,,
0,VISIT,43,Random,OnArrival,3,13,3803,Node_326,30,0,8,30,8,,,,,,,,,
0,VISIT,41,Random,OnArrival,3,14,3812,Node_327,30,0,7,30,7,,,,,,,,,
0,VISIT,42,Random,OnArrival,3,14,3812,Node_329,30,0,5,30,5,,,,,,,,,
0,VISIT,43,Random,OnArrival,3,14,3812,Node_327,30,0,7,30,7,,,,,,,,,
0,VISIT,44,Random,OnArrival,3,13,3812,Node_332,28,0,5,28,5,,,,,,,,,
0,VISIT,41,Random,OnArrival,3,15,3821,Node_328,30,0,6,30,6,,,,,,,,,
0,VISIT,43,Random,OnArrival,3,15,3821,Node_328,30,0,6,30,6,,,,,,,,,
0,VISIT,44,Random,OnArrival,3,14,3821,Node_249,27,0,5,27,5,,,,,,,,,
0,VISIT,39,Random,OnArrival,3,27,3824,Node_289,22,0,-3,22,-3,,,,,,,,,
0,VISIT,41,Random,OnArrival,3,16,3830,Node_329,30,0,5,30,5,,,,,,,,,
0,VISIT,42,Random,OnArrival,3,15,3830,Node_332,28,0,5,28,5,,,,,,,,,
0,VISIT,43,Random,OnArrival,3,16,3830,Node_329,30,0,5,30,5,,,,,,,,,
0,VISIT,44,Random,OnArrival,3,15,3830,Node_332,28,0,5,28,5,,,,,,,,,
0,VISIT,41,Random,OnArrival,3,17,3848,Node_332,28,0,5,28,5,,,,,,,,,
0,VISIT,42,Random,OnArrival,3,16,3848,Node_337,28,0,3,28,3,,,,,,,,,
0,VISIT,43,Random,OnArrival,3,17,3848,Node_332,28,0,5,28,5,,,,,,,,,
0,VISIT,44,Random,OnArrival,3,16,3848,Node_337,28,0,3,28,3,,,,,,,,,
0,VISIT,42,Random,OnArrival,3,17,3856,Node_374,29,0,3,29,3,,,,,,,,,
0,VISIT,44,Random,OnArrival,3,17,3856,Node_374,29,0,3,29,3,,,,,,,,,
0,VISIT,41,Random,OnArrival,3,18,3864,Node_337,28,0,3,28,3,,,,,,,,,
0,VISIT,43,Random,OnArrival,3,18,3864,Node_337,28,0,3,28,3,,,,,,,,,
0,VISIT,41,Random,OnArrival,3,19,3873,Node_340,28,0,2,28,2,,,,,,,,,
0,VISIT,43,Random,OnArrival,3,19,3873,Node_340,28,0,2,28,2,,,,,,,,,
0,VISIT,41,Random,OnArrival,3,20,3882,Node_385,27,0,2,27,2,,,,,,,,,
0,VISIT,42,Random,OnArrival,3,18,3882,Node_370,32,0,3,32,3,,,,,,,,,
0,VISIT,43,Random,OnArrival,3,20,3882,Node_385,27,0,2,27,2,,,,,,,,,
0,VISIT,44,Random,OnArrival,3,18,3882,Node_370,32,0,3,32,3,,,,,,,,,
0,VISIT,42,Random,OnArrival,3,19,3890,Node_372,33,0,3,33,3,,,,,,,,,
0,VISIT,43,Random,OnArrival,3,21,3890,Node_382,27,0,1,27,1,,,,,,,,,
0,VISIT,44,Random,OnArrival,3,19,3890,Node_372,33,0,3,33,3,,,,,,,,,
0,VISIT,41,Random,OnArrival,3,21,3898,Node_387,25,0,2,25,2,,,,,,,,,
0,VISIT,41,Random,OnArrival,3,22,3907,Node_396,24,0,2,24,2,,,,,,,,,
0,VISIT,41,Random,OnArrival,3,23,3916,Node_275,23,0,2,23,2,,,,,,,,,
0,VISIT,42,Random,OnArrival,3,20,3916,Node_371,33,0,4,33,4,,,,,,,,,
0,VISIT,44,Random,OnArrival,3,20,3916,Node_371,33,0,4,33,4,,,,,,,,,
0,VISIT,41,Random,OnArrival,3,24,3925,Node_279,23,0,1,23,1,,,,,,,,,
0,VISIT,42,Random,OnArrival,3,21,3925,Node_355,32,0,4,32,4,,,,,,,,,
0,VISIT,44,Random,OnArrival,3,21,3925,Node_355,32,0,4,32,4,,,,,,,,,
0,VISIT,41,Random,OnArrival,3,25,3933,Node_398,22,0,1,22,1,,,,,,,,,
0,VISIT,42,Random,OnArrival,3,22,3933,Node_370,32,0,3,32,3,,,,,,,,,
0,VISIT,44,Random,OnArrival,3,22,3933,Node_370,32,0,3,32,3,,,,,,,,,
0,VISIT,45,Random,OnArrival,3,0,3936,Node_6,19,0,12,19,12,,,,,,,,,
0,VISIT,46,Random,OnArrival,3,0,3936,Node_7,19,0,8,19,8,,,,,,,,,
0,VISIT,47,Random,OnArrival,3,0,3936,Node_8,17,0,10,17,10,,,,,,,,,
0,VISIT,48,Random,OnArrival,3,0,3936,Node_9,21,0,10,21,10,,,,,,,,,
0,VISIT,41,Random,OnArrival,3,26,3940,Node_399,22,0,0,22,0,,,,,,,,,
0,VISIT,42,Random,OnArrival,3,23,3940,Node_372,33,0,3,33,3,,,,,,,,,
0,VISIT,45,Random,OnArrival,3,1,3942,Node_2,19,0,11,19,11,,,,,,,,,
0,VISIT,46,Random,OnArrival,3,1,3942,Node_47,20,0,8,20,8,,,,,,,,,
0,VISIT,47,Random,OnArrival,3,1,3942,Node_4,18,0,10,18,10,,,,,,,,,
0,VISIT,48,Random,OnArrival,3,1,3942,Node_48,21,0,9,21,9,,,,,,,,,
0,VISIT,42,Random,OnArrival,3,24,3946,Node_373,33,0,2,33,2,,,,,,,,,
0,VISIT,45,Random,OnArrival,3,2,3948,Node_20,19,0,10,19,10,,,,,,,,,
0,VISIT,46,Random,OnArrival,3,2,3948,Node_51,21,0,8,21,8,,,,,,,,,
0,VISIT,47,Random,OnArrival,3,2,3948,Node_15,18,0,9,18,9,,,,,,,,,
0,VISIT,48,Random,OnArrival,3,2,3948,Node_51,21,0,8,21,8,,,,,,,,,
0,VISIT,44,Random,OnArrival,3,23,3952,Node_374,29,0,3,29,3,,,,,,,,,
0,VISIT,45,Random,OnArrival,3,3,3954,Node_5,20,0,10,20,10,,,,,,,,,
0,VISIT,46,Random,OnArrival,3,3,3954,Node_53,21,0,7,21,7,,,,,,,,,
0,VISIT,47,Random,OnArrival,3,3,3954,Node_11,18,0,8,18,8,,,,,,,,,
0,VISIT,48,Random,OnArrival,3,3,3954,Node_53,21,0,7,21,7,,,,,,,,,
0,VISIT,42,Random,OnArrival,3,25,3959,Node_406,34,0,3,34,3,,,,,,,,,
0,VISIT,44,Random,OnArrival,3,24,3959,Node_376,29,0,2,29,2,,,,,,,,,
0,VISIT,45,Random,OnArrival,3,4,3961,Node_9,21,0,10,21,10,,,,,,,,,
0,VISIT,46,Random,OnArrival,3,4,3961,Node_57,21,0,6,21,6,,,,,,,,,
0,VISIT,47,Random,OnArrival,3,4,3961,Node_91,17,0,8,17,8,,,,,,,,,
0,VISIT,48,Random,OnArrival,3,4,3961,Node_57,21,0,6,21,6,,,,,,,,,
0,VISIT,44,Random,OnArrival,3,25,3967,Node_340,28,0,2,28,2,,,,,,,,,
0,VISIT,45,Random,OnArrival,3,5,3969,Node_48,21,0,9,21,9,,,,,,,,,
0,VISIT,46,Random,OnArrival,3,5,3969,Node_58,21,0,5,21,5,,,,,,,,,
0,VISIT,47,Random,OnArrival,3,5,3969,Node_98,17,0,7,17,7,,,,,,,,,
0,VISIT,48,Random,OnArrival,3,5,3969,Node_58,21,0,5,21,5,,,,,,,,,
0,VISIT,44,Random,OnArrival,3,26,3974,Node_343,28,0,1,28,1,,,,,,,,,
0,VISIT,45,Random,OnArrival,3,6,3977,Node_51,21,0,8,21,8,,,,,,,,,
0,VISIT,46,Random,OnArrival,3,6,3977,Node_60,21,0,4,21,4,,,,,,,,,
0,VISIT,47,Random,OnArrival,3,6,3977,Node_102,16,0,7,16,7,,,,,,,,,
0,VISIT,48,Random,OnArrival,3,6,3977,Node_60,21,0,4,21,4,,,,,,,,,
0,VISIT,42,Random,OnArrival,3,26,3982,Node_408,34,0,4,34,4,,,,,,,,,
0,VISIT,44,Random,OnArrival,3,27,3982,Node_346,28,0,0,28,0,,,,,,,,,
0,VISIT,45,Random,OnArrival,3,7,3985,Node_53,21,0,7,21,7,,,,,,,,,
0,VISIT,46,Random,OnArrival,3,7,3985,Node_64,20,0,4,20,4,,,,,,,,,
0,VISIT,47,Random,OnArrival,3,7,3985,Node_126,16,0,6,16,6,,,,,,,,,
0,VISIT,48,Random,OnArrival,3,7,3985,Node_62,21,0,3,21,3,,,,,,,,,
0,VISIT,41,Random,OnArrival,3,27,3990,Node_122,19,0,4,19,4,,,,,,,,,
0,VISIT,42,Random,OnArrival,3,27,3990,Node_406,34,0,3,34,3,,,,,,,,,
0,VISIT,44,Random,OnArrival,3,28,3990,Node_407,27,0,0,27,0,,,,,,,,,
0,VISIT,45,Random,OnArrival,3,8,3993,Node_57,21,0,6,21,6,,,,,,,,,
0,VISIT,46,Random,OnArrival,3,8,3993,Node_122,19,0,4,19,4,,,,,,,,,
0,VISIT,47,Random,OnArrival,3,8,3993,Node_113,15,0,6,15,6,,,,,,,,,
0,VISIT,48,Random,OnArrival,3,8,3993,Node_63,20,0,3,20,3,,,,,,,,,
0,VISIT,41,Random,OnArrival,3,28,3998,Node_124,18,0,4,18,4,,,,,,,,,
0,VISIT,42,Random,OnArrival,3,28,3998,Node_415,34,0,2,34,2,,,,,,,,,
0,VISIT,44,Random,OnArrival,3,29,3998,Node_409,27,0,-1,27,-1,,,,,,,,,
0,VISIT,45,Random,OnArrival,3,9,4001,Node_58,21,0,5,21,5,,,,,,,,,
0,VISIT,46,Random,OnArrival,3,9,4001,Node_124,18,0,4,18,4,,,,,,,,,
0,VISIT,47,Random,OnArrival,3,9,4001,Node_170,14,0,6,14,6,,,,,,,,,
0,VISIT,41,Random,OnArrival,3,29,4006,Node_123,18,0,5,18,5,,,,,,,,,
0,VISIT,45,Random,OnArrival,3,10,4009,Node_60,21,0,4,21,4,,,,,,,,,
0,VISIT,46,Random,OnArrival,3,10,4009,Node_125,17,0,4,17,4,,,,,,,,,
0,VISIT,47,Random,OnArrival,3,10,4009,Node_173,13,0,6,13,6,,,,,,,,,
0,VISIT,48,Random,OnArrival,3,9,4009,Node_422,19,0,2,19,2,,,,,,,,,
0,VISIT,44,Random,OnArrival,3,30,4014,Node_421,26,0,-2,26,-2,,,,,,,,,
0,VISIT,45,Random,OnArrival,3,11,4017,Node_64,20,0,4,20,4,,,,,,,,,
0,VISIT,46,Random,OnArrival,3,11,4017,Node_428,17,0,5,17,5,,,,,,,,,
0,VISIT,47,Random,OnArrival,3,11,4017,Node_181,12,0,6,12,6,,,,,,,,,
0,VISIT,48,Random,OnArrival,3,10,4017,Node_419,19,0,1,19,1,,,,,,,,,
0,VISIT,41,Random,OnArrival,3,30,4022,Node_125,17,0,4,17,4,,,,,,,,,
0,VISIT,45,Random,OnArrival,3,12,4025,Node_122,19,0,4,19,4,,,,,,,,,
0,VISIT,46,Random,OnArrival,3,12,4025,Node_128,16,0,5,16,5,,,,,,,,,
0,VISIT,47,Random,OnArrival,3,12,4025,Node_186,11,0,6,11,6,,,,,,,,,
0,VISIT,41,Random,OnArrival,3,31,4030,Node_130,16,0,4,16,4,,,,,,,,,
0,VISIT,45,Random,OnArrival,3,13,4033,Node_99,19,0,5,19,5,,,,,,,,,
0,VISIT,46,Random,OnArrival,3,13,4033,Node_116,15,0,5,15,5,,,,,,,,,
0,VISIT,41,Random,OnArrival,3,32,4038,Node_119,15,0,4,15,4,,,,,,,,,
0,VISIT,45,Random,OnArrival,3,14,4041,Node_123,18,0,5,18,5,,,,,,,,,
0,VISIT,46,Random,OnArrival,3,14,4041,Node_113,15,0,6,15,6,,,,,,,,,
0,VISIT,41,Random,OnArrival,3,33,4046,Node_121,15,0,3,15,3,,,,,,,,,
0,VISIT,44,Random,OnArrival,3,31,4046,Node_287,23,0,-3,23,-3,,,,,,,,,
0,VISIT,45,Random,OnArrival,3,15,4049,Node_428,17,0,5,17,5,,,,,,,,,
0,VISIT,46,Random,OnArrival,3,15,4049,Node_170,14,0,6,14,6,,,,,,,,,
0,VISIT,41,Random,OnArrival,3,34,4054,Node_133,16,0,3,16,3,,,,,,,,,
0,VISIT,44,Random,OnArrival,3,32,4054,Node_289,22,0,-3,22,-3,,,,,,,,,
0,VISIT,45,Random,OnArrival,3,16,4057,Node_125,17,0,4,17,4,,,,,,,,,
0,VISIT,46,Random,OnArrival,3,16,4057,Node_173,13,0,6,13,6,,,,,,,,,
0,VISIT,41,Random,OnArrival,3,35,4062,Node_121,15,0,3,15,3,,,,,,,,,
0,VISIT,44,Random,OnArrival,3,33,4062,Node_401,22,0,-2,22,-2,,,,,,,,,
0,VISIT,45,Random,OnArrival,3,17,4065,Node_130,16,0,4,16,4,,,,,,,,,
0,VISIT,46,Random,OnArrival,3,17,4065,Node_171,13,0,7,13,7,,,,,,,,,
0,VISIT,41,Random,OnArrival,3,36,4070,Node_143,14,0,3,14,3,,,,,,,,,
0,VISIT,44,Random,OnArrival,3,34,4070,Node_286,23,0,-2,23,-2,,,,,,,,,
0,VISIT,45,Random,OnArrival,3,18,4073,Node_133,16,0,3,16,3,,,,,,,,,
0,VISIT,46,Random,OnArrival,3,18,4073,Node_167,14,0,7,14,7,,,,,,,,,
0,VISIT,44,Random,OnArrival,3,35,4078,Node_433,24,0,-2,24,-2,,,,,,,,,
0,VISIT,45,Random,OnArrival,3,19,4081,Node_121,15,0,3,15,3,,,,,,,,,
0,VISIT,46,Random,OnArrival,3,19,4081,Node_171,13,0,7,13,7,,,,,,,,,
0,VISIT,48,Random,OnArrival,3,11,4081,Node_435,18,0,0,18,0,,,,,,,,,
0,VISIT,44,Random,OnArrival,3,36,4086,Node_286,23,0,-2,23,-2,,,,,,,,,
0,VISIT,45,Random,OnArrival,3,20,4089,Node_139,15,0,2,15,2,,,,,,,,,
0,VISIT,46,Random,OnArrival,3,20,4089,Node_168,13,0,8,13,8,,,,,,,,,
0,VISIT,48,Random,OnArrival,3,12,4089,Node_417,19,0,0,19,0,,,,,,,,,
0,VISIT,44,Random,OnArrival,3,37,4094,Node_401,22,0,-2,22,-2,,,,,,,,,
0,VISIT,46,Random,OnArrival,3,21,4097,Node_180,12,0,8,12,8,,,,,,,,,
0,VISIT,44,Random,OnArrival,3,38,4102,Node_400,22,0,-1,22,-1,,,,,,,,,
0,VISIT,46,Random,OnArrival,3,22,4105,Node_196,11,0,8,11,8,,,,,,,,,
0,VISIT,41,Random,OnArrival,3,37,4110,Node_193,11,0,3,11,3,,,,,,,,,
0,VISIT,44,Random,OnArrival,3,39,4110,Node_284,23,0,-1,23,-1,,,,,,,,,
0,VISIT,46,Random,OnArrival,3,23,4113,Node_192,11,0,9,11,9,,,,,,,,,
0,VISIT,44,Random,OnArrival,3,40,4118,Node_286,23,0,-2,23,-2,,,,,,,,,
0,VISIT,44,Random,OnArrival,3,41,4126,Node_287,23,0,-3,23,-3,,,,,,,,,
0,VISIT,44,Random,OnArrival,3,42,4134,Node_289,22,0,-3,22,-3,,,,,,,,,
0,VISIT,44,Random,OnArrival,3,43,4142,Node_402,22,0,-4,22,-4,,,,,,,,,
0,VISIT,44,Random,OnArrival,3,44,4150,Node_405,21,0,-4,21,-4,,,,,,,,,
0,VISIT,46,Random,OnArrival,3,24,4161,Node_94,10,0,14,10,14,,,,,,,,,
0,VISIT,49,Random,OnArrival,3,0,4170,Node_6,19,0,12,19,12,,,,,,,,,
0,VISIT,50,Random,OnArrival,3,0,4170,Node_7,19,0,8,19,8,,,,,,,,,
0,VISIT,51,Random,OnArrival,3,0,4170,Node_8,17,0,10,17,10,,,,,,,,,
0,VISIT,52,Random,OnArrival,3,0,4170,Node_9,21,0,10,21,10,,,,,,,,,
0,VISIT,46,Random,OnArrival,3,25,4176,Node_100,9,0,15,9,15,,,,,,,,,
0,VISIT,49,Random,OnArrival,3,1,4177,Node_10,18,0,12,18,12,,,,,,,,,
0,VISIT,50,Random,OnArrival,3,1,4177,Node_3,19,0,9,19,9,,,,,,,,,
0,VISIT,51,Random,OnArrival,3,1,4177,Node_12,17,0,11,17,11,,,,,,,,,
0,VISIT,52,Random,OnArrival,3,1,4177,Node_5,20,0,10,20,10,,,,,,,,,
0,VISIT,44,Random,OnArrival,3,45,4181,Node_459,19,0,-2,19,-2,,,,,,,,,
0,VISIT,46,Random,OnArrival,3,26,4183,Node_120,8,0,15,8,15,,,,,,,,,
0,VISIT,49,Random,OnArrival,3,2,4184,Node_16,17,0,12,17,12,,,,,,,,,
0,VISIT,50,Random,OnArrival,3,2,4184,Node_20,19,0,10,19,10,,,,,,,,,
0,VISIT,51,Random,OnArrival,3,2,4184,Node_16,17,0,12,17,12,,,,,,,,,
0,VISIT,52,Random,OnArrival,3,2,4184,Node_55,20,0,11,20,11,,,,,,,,,
0,VISIT,49,Random,OnArrival,3,3,4191,Node_18,16,0,12,16,12,,,,,,,,,
0,VISIT,50,Random,OnArrival,3,3,4191,Node_4,18,0,10,18,10,,,,,,,,,
0,VISIT,51,Random,OnArrival,3,3,4191,Node_18,16,0,12,16,12,,,,,,,,,
0,VISIT,52,Random,OnArrival,3,3,4191,Node_46,20,0,12,20,12,,,,,,,,,
0,VISIT,46,Random,OnArrival,3,27,4197,Node_476,9,0,14,9,14,,,,,,,,,
0,VISIT,49,Random,OnArrival,3,4,4198,Node_29,15,0,12,15,12,,,,,,,,,
0,VISIT,50,Random,OnArrival,3,4,4198,Node_8,17,0,10,17,10,,,,,,,,,
0,VISIT,51,Random,OnArrival,3,4,4198,Node_29,15,0,12,15,12,,,,,,,,,
0,VISIT,52,Random,OnArrival,3,4,4198,Node_49,20,0,13,20,13,,,,,,,,,
0,VISIT,49,Random,OnArrival,3,5,4206,Node_31,15,0,13,15,13,,,,,,,,,
0,VISIT,50,Random,OnArrival,3,5,4206,Node_12,17,0,11,17,11,,,,,,,,,
0,VISIT,51,Random,OnArrival,3,5,4206,Node_31,15,0,13,15,13,,,,,,,,,
0,VISIT,52,Random,OnArrival,3,5,4206,Node_52,20,0,14,20,14,,,,,,,,,
0,VISIT,49,Random,OnArrival,3,6,4214,Node_36,14,0,13,14,13,,,,,,,,,
0,VISIT,50,Random,OnArrival,3,6,4214,Node_16,17,0,12,17,12,,,,,,,,,
0,VISIT,51,Random,OnArrival,3,6,4214,Node_36,14,0,13,14,13,,,,,,,,,
0,VISIT,49,Random,OnArrival,3,7,4222,Node_38,14,0,14,14,14,,,,,,,,,
0,VISIT,50,Random,OnArrival,3,7,4222,Node_18,16,0,12,16,12,,,,,,,,,
0,VISIT,51,Random,OnArrival,3,7,4222,Node_38,14,0,14,14,14,,,,,,,,,
0,VISIT,52,Random,OnArrival,3,6,4222,Node_131,18,0,14,18,14,,,,,,,,,
0,VISIT,49,Random,OnArrival,3,8,4230,Node_39,13,0,14,13,14,,,,,,,,,
0,VISIT,50,Random,OnArrival,3,8,4230,Node_29,15,0,12,15,12,,,,,,,,,
0,VISIT,51,Random,OnArrival,3,8,4230,Node_39,13,0,14,13,14,,,,,,,,,
0,VISIT,52,Random,OnArrival,3,7,4230,Node_76,17,0,14,17,14,,,,,,,,,
0,VISIT,49,Random,OnArrival,3,9,4238,Node_41,13,0,15,13,15,,,,,,,,,
0,VISIT,50,Random,OnArrival,3,9,4238,Node_31,15,0,13,15,13,,,,,,,,,
0,VISIT,51,Random,OnArrival,3,9,4238,Node_41,13,0,15,13,15,,,,,,,,,
0,VISIT,52,Random,OnArrival,3,8,4238,Node_75,16,0,14,16,14,,,,,,,,,
0,VISIT,50,Random,OnArrival,3,10,4246,Node_36,14,0,13,14,13,,,,,,,,,
0,VISIT,52,Random,OnArrival,3,9,4246,Node_69,15,0,14,15,14,,,,,,,,,
0,VISIT,50,Random,OnArrival,3,11,4254,Node_38,14,0,14,14,14,,,,,,,,,
0,VISIT,52,Random,OnArrival,3,10,4254,Node_38,14,0,14,14,14,,,,,,,,,
0,VISIT,50,Random,OnArrival,3,12,4262,Node_39,13,0,14,13,14,,,,,,,,,
0,VISIT,52,Random,OnArrival,3,11,4262,Node_39,13,0,14,13,14,,,,,,,,,
0,VISIT,50,Random,OnArrival,3,13,4270,Node_41,13,0,15,13,15,,,,,,,,,
0,VISIT,52,Random,OnArrival,3,12,4270,Node_41,13,0,15,13,15,,,,,,,,,
0,VISIT,50,Random,OnArrival,3,14,4278,Node_45,12,0,15,12,15,,,,,,,,,
0,VISIT,52,Random,OnArrival,3,13,4278,Node_45,12,0,15,12,15,,,,,,,,,
0,VISIT,49,Random,OnArrival,3,10,4294,Node_45,12,0,15,12,15,,,,,,,,,
0,VISIT,50,Random,OnArrival,3,15,4294,Node_486,13,0,16,13,16,,,,,,,,,
0,VISIT,51,Random,OnArrival,3,10,4294,Node_486,13,0,16,13,16,,,,,,,,,
0,VISIT,52,Random,OnArrival,3,14,4294,Node_486,13,0,16,13,16,,,,,,,,,
0,VISIT,49,Random,OnArrival,3,11,4302,Node_41,13,0,15,13,15,,,,,,,,,
0,VISIT,50,Random,OnArrival,3,16,4302,Node_487,13,0,17,13,17,,,,,,,,,
0,VISIT,51,Random,OnArrival,3,11,4302,Node_487,13,0,17,13,17,,,,,,,,,
0,VISIT,52,Random,OnArrival,3,15,4302,Node_491,12,0,16,12,16,,,,,,,,,
0,VISIT,49,Random,OnArrival,3,12,4310,Node_486,13,0,16,13,16,,,,,,,,,
0,VISIT,50,Random,OnArrival,3,17,4310,Node_490,12,0,17,12,17,,,,,,,,,
0,VISIT,51,Random,OnArrival,3,12,4310,Node_490,12,0,17,12,17,,,,,,,,,
0,VISIT,52,Random,OnArrival,3,16,4310,Node_490,12,0,17,12,17,,,,,,,,,
0,VISIT,49,Random,OnArrival,3,13,4318,Node_487,13,0,17,13,17,,,,,,,,,
0,VISIT,49,Random,OnArrival,3,14,4326,Node_488,13,0,18,13,18,,,,,,,,,
0,VISIT,53,Random,OnArrival,3,0,4406,Node_6,19,0,12,19,12,,,,,,,,,
0,VISIT,54,Random,OnArrival,3,0,4406,Node_7,19,0,8,19,8,,,,,,,,,
0,VISIT,55,Random,OnArrival,3,0,4406,Node_8,17,0,10,17,10,,,,,,,,,
0,VISIT,56,Random,OnArrival,3,0,4406,Node_9,21,0,10,21,10,,,,,,,,,
0,VISIT,53,Random,OnArrival,3,1,4411,Node_10,18,0,12,18,12,,,,,,,,,
0,VISIT,54,Random,OnArrival,3,1,4411,Node_3,19,0,9,19,9,,,,,,,,,
0,VISIT,55,Random,OnArrival,3,1,4411,Node_12,17,0,11,17,11,,,,,,,,,
0,VISIT,56,Random,OnArrival,3,1,4411,Node_5,20,0,10,20,10,,,,,,,,,
0,VISIT,53,Random,OnArrival,3,2,4416,Node_16,17,0,12,17,12,,,,,,,,,
0,VISIT,54,Random,OnArrival,3,2,4416,Node_20,19,0,10,19,10,,,,,,,,,
0,VISIT,55,Random,OnArrival,3,2,4416,Node_16,17,0,12,17,12,,,,,,,,,
0,VISIT,56,Random,OnArrival,3,2,4416,Node_55,20,0,11,20,11,,,,,,,,,
0,VISIT,53,Random,OnArrival,3,3,4421,Node_18,16,0,12,16,12,,,,,,,,,
0,VISIT,54,Random,OnArrival,3,3,4421,Node_4,18,0,10,18,10,,,,,,,,,
0,VISIT,55,Random,OnArrival,3,3,4421,Node_18,16,0,12,16,12,,,,,,,,,
0,VISIT,56,Random,OnArrival,3,3,4421,Node_46,20,0,12,20,12,,,,,,,,,
0,VISIT,53,Random,OnArrival,3,4,4426,Node_29,15,0,12,15,12,,,,,,,,,
0,VISIT,54,Random,OnArrival,3,4,4426,Node_8,17,0,10,17,10,,,,,,,,,
0,VISIT,55,Random,OnArrival,3,4,4426,Node_29,15,0,12,15,12,,,,,,,,,
0,VISIT,56,Random,OnArrival,3,4,4426,Node_49,20,0,13,20,13,,,,,,,,,
0,VISIT,53,Random,OnArrival,3,5,4432,Node_31,15,0,13,15,13,,,,,,,,,
0,VISIT,54,Random,OnArrival,3,5,4432,Node_12,17,0,11,17,11,,,,,,,,,
0,VISIT,55,Random,OnArrival,3,5,4432,Node_31,15,0,13,15,13,,,,,,,,,
0,VISIT,56,Random,OnArrival,3,5,4432,Node_52,20,0,14,20,14,,,,,,,,,
0,VISIT,53,Random,OnArrival,3,6,4438,Node_36,14,0,13,14,13,,,,,,,,,
0,VISIT,54,Random,OnArrival,3,6,4438,Node_16,17,0,12,17,12,,,,,,,,,
0,VISIT,55,Random,OnArrival,3,6,4438,Node_36,14,0,13,14,13,,,,,,,,,
0,VISIT,53,Random,OnArrival,3,7,4444,Node_38,14,0,14,14,14,,,,,,,,,
0,VISIT,54,Random,OnArrival,3,7,4444,Node_18,16,0,12,16,12,,,,,,,,,
0,VISIT,55,Random,OnArrival,3,7,4444,Node_38,14,0,14,14,14,,,,,,,,,
0,VISIT,56,Random,OnArrival,3,6,4444,Node_131,18,0,14,18,14,,,,,,,,,
0,VISIT,53,Random,OnArrival,3,8,4451,Node_39,13,0,14,13,14,,,,,,,,,
0,VISIT,54,Random,OnArrival,3,8,4451,Node_29,15,0,12,15,12,,,,,,,,,
0,VISIT,55,Random,OnArrival,3,8,4451,Node_39,13,0,14,13,14,,,,,,,,,
0,VISIT,56,Random,OnArrival,3,7,4451,Node_76,17,0,14,17,14,,,,,,,,,
0,VISIT,51,Random,OnArrival,3,13,4458,Node_511,6,0,22,6,22,,,,,,,,,
0,VISIT,52,Random,OnArrival,3,17,4458,Node_511,6,0,22,6,22,,,,,,,,,
0,VISIT,53,Random,OnArrival,3,9,4458,Node_44,12,0,14,12,14,,,,,,,,,
0,VISIT,54,Random,OnArrival,3,9,4458,Node_31,15,0,13,15,13,,,,,,,,,
0,VISIT,55,Random,OnArrival,3,9,4458,Node_44,12,0,14,12,14,,,,,,,,,
0,VISIT,56,Random,OnArrival,3,8,4458,Node_75,16,0,14,16,14,,,,,,,,,
0,VISIT,54,Random,OnArrival,3,10,4465,Node_36,14,0,13,14,13,,,,,,,,,
0,VISIT,56,Random,OnArrival,3,9,4465,Node_69,15,0,14,15,14,,,,,,,,,
0,VISIT,53,Random,OnArrival,3,10,4472,Node_94,10,0,14,10,14,,,,,,,,,
0,VISIT,54,Random,OnArrival,3,11,4472,Node_38,14,0,14,14,14,,,,,,,,,
0,VISIT,55,Random,OnArrival,3,10,4472,Node_94,10,0,14,10,14,,,,,,,,,
0,VISIT,56,Random,OnArrival,3,10,4472,Node_38,14,0,14,14,14,,,,,,,,,
0,VISIT,51,Random,OnArrival,3,14,4480,Node_510,6,0,23,6,23,,,,,,,,,
0,VISIT,52,Random,OnArrival,3,18,4480,Node_510,6,0,23,6,23,,,,,,,,,
0,VISIT,53,Random,OnArrival,3,11,4480,Node_471,10,0,13,10,13,,,,,,,,,
0,VISIT,54,Random,OnArrival,3,12,4480,Node_39,13,0,14,13,14,,,,,,,,,
0,VISIT,55,Random,OnArrival,3,11,4480,Node_471,10,0,13,10,13,,,,,,,,,
0,VISIT,56,Random,OnArrival,3,11,4480,Node_39,13,0,14,13,14,,,,,,,,,
0,VISIT,51,Random,OnArrival,3,15,4488,Node_511,6,0,22,6,22,,,,,,,,,
0,VISIT,52,Random,OnArrival,3,19,4488,Node_511,6,0,22,6,22,,,,,,,,,
0,VISIT,53,Random,OnArrival,3,12,4488,Node_482,9,0,13,9,13,,,,,,,,,
0,VISIT,54,Random,OnArrival,3,13,4488,Node_44,12,0,14,12,14,,,,,,,,,
0,VISIT,55,Random,OnArrival,3,12,4488,Node_482,9,0,13,9,13,,,,,,,,,
0,VISIT,56,Random,OnArrival,3,12,4488,Node_44,12,0,14,12,14,,,,,,,,,
0,VISIT,51,Random,OnArrival,3,16,4496,Node_513,7,0,22,7,22,,,,,,,,,
0,VISIT,52,Random,OnArrival,3,20,4496,Node_513,7,0,22,7,22,,,,,,,,,
0,VISIT,53,Random,OnArrival,3,13,4496,Node_476,9,0,14,9,14,,,,,,,,,
0,VISIT,55,Random,OnArrival,3,13,4496,Node_471,10,0,13,10,13,,,,,,,,,
0,VISIT,53,Random,OnArrival,3,14,4504,Node_100,9,0,15,9,15,,,,,,,,,
0,VISIT,54,Random,OnArrival,3,14,4504,Node_94,10,0,14,10,14,,,,,,,,,
0,VISIT,55,Random,OnArrival,3,14,4504,Node_469,10,0,12,10,12,,,,,,,,,
0,VISIT,56,Random,OnArrival,3,13,4504,Node_94,10,0,14,10,14,,,,,,,,,
0,VISIT,53,Random,OnArrival,3,15,4512,Node_104,9,0,16,9,16,,,,,,,,,
0,VISIT,54,Random,OnArrival,3,15,4512,Node_471,10,0,13,10,13,,,,,,,,,
0,VISIT,55,Random,OnArrival,3,15,4512,Node_484,9,0,12,9,12,,,,,,,,,
0,VISIT,56,Random,OnArrival,3,14,4512,Node_471,10,0,13,10,13,,,,,,,,,
0,VISIT,53,Random,OnArrival,3,16,4520,Node_118,8,0,16,8,16,,,,,,,,,
0,VISIT,54,Random,OnArrival,3,16,4520,Node_469,10,0,12,10,12,,,,,,,,,
0,VISIT,56,Random,OnArrival,3,15,4520,Node_469,10,0,12,10,12,,,,,,,,,
0,VISIT,53,Random,OnArrival,3,17,4528,Node_115,8,0,17,8,17,,,,,,,,,
0,VISIT,53,Random,OnArrival,3,18,4536,Node_107,9,0,17,9,17,,,,,,,,,
0,VISIT,54,Random,OnArrival,3,17,4536,Node_469,10,0,12,10,12,,,,,,,,,
0,VISIT,56,Random,OnArrival,3,16,4536,Node_469,10,0,12,10,12,,,,,,,,,
0,VISIT,53,Random,OnArrival,3,19,4544,Node_109,9,0,18,9,18,,,,,,,,,
0,VISIT,54,Random,OnArrival,3,18,4544,Node_467,10,0,11,10,11,,,,,,,,,
0,VISIT,56,Random,OnArrival,3,17,4544,Node_467,10,0,11,10,11,,,,,,,,,
0,VISIT,54,Random,OnArrival,3,19,4552,Node_485,9,0,11,9,11,,,,,,,,,
0,VISIT,56,Random,OnArrival,3,18,4552,Node_485,9,0,11,9,11,,,,,,,,,
0,VISIT,53,Random,OnArrival,3,20,4560,Node_493,11,0,18,11,18,,,,,,,,,
0,VISIT,53,Random,OnArrival,3,21,4568,Node_489,12,0,18,12,18,,,,,,,,,
0,VISIT,54,Random,OnArrival,3,20,4568,Node_523,8,0,10,8,10,,,,,,,,,
0,VISIT,56,Random,OnArrival,3,19,4568,Node_523,8,0,10,8,10,,,,,,,,,
0,VISIT,53,Random,OnArrival,3,22,4576,Node_493,11,0,18,11,18,,,,,,,,,
0,VISIT,54,Random,OnArrival,3,21,4584,Node_526,6,0,10,6,10,,,,,,,,,
0,VISIT,56,Random,OnArrival,3,20,4584,Node_526,6,0,10,6,10,,,,,,,,,
0,VISIT,53,Random,OnArrival,3,23,4592,Node_496,11,0,20,11,20,,,,,,,,,
0,VISIT,54,Random,OnArrival,3,22,4592,Node_533,5,0,10,5,10,,,,,,,,,
0,VISIT,56,Random,OnArrival,3,21,4592,Node_533,5,0,10,5,10,,,,,,,,,
0,VISIT,54,Random,OnArrival,3,23,4608,Node_535,5,0,12,5,12,,,,,,,,,
0,VISIT,57,Random,OnArrival,3,0,4613,Node_6,19,0,12,19,12,,,,,,,,,
0,VISIT,58,Random,OnArrival,3,0,4613,Node_7,19,0,8,19,8,,,,,,,,,
0,VISIT,59,Random,OnArrival,3,0,4613,Node_8,17,0,10,17,10,,,,,,,,,
0,VISIT,60,Random,OnArrival,3,0,4613,Node_9,21,0,10,21,10,,,,,,,,,
0,VISIT,53,Random,OnArrival,3,24,4615,Node_265,12,0,22,12,22,,,,,,,,,
0,VISIT,57,Random,OnArrival,3,1,4618,Node_10,18,0,12,18,12,,,,,,,,,
0,VISIT,58,Random,OnArrival,3,1,4618,Node_3,19,0,9,19,9,,,,,,,,,
0,VISIT,59,Random,OnArrival,3,1,4618,Node_24,16,0,10,16,10,,,,,,,,,
0,VISIT,60,Random,OnArrival,3,1,4618,Node_5,20,0,10,20,10,,,,,,,,,
0,VISIT,57,Random,OnArrival,3,2,4624,Node_16,17,0,12,17,12,,,,,,,,,
0,VISIT,58,Random,OnArrival,3,2,4624,Node_20,19,0,10,19,10,,,,,,,,,
0,VISIT,59,Random,OnArrival,3,2,4624,Node_26,15,0,10,15,10,,,,,,,,,
0,VISIT,60,Random,OnArrival,3,2,4624,Node_20,19,0,10,19,10,,,,,,,,,
0,VISIT,57,Random,OnArrival,3,3,4630,Node_18,16,0,12,16,12,,,,,,,,,
0,VISIT,58,Random,OnArrival,3,3,4630,Node_4,18,0,10,18,10,,,,,,,,,
0,VISIT,59,Random,OnArrival,3,3,4630,Node_37,14,0,10,14,10,,,,,,,,,
0,VISIT,60,Random,OnArrival,3,3,4630,Node_4,18,0,10,18,10,,,,,,,,,
0,VISIT,54,Random,OnArrival,3,24,4634,Node_539,5,0,14,5,14,,,,,,,,,
0,VISIT,57,Random,OnArrival,3,4,4636,Node_29,15,0,12,15,12,,,,,,,,,
0,VISIT,58,Random,OnArrival,3,4,4636,Node_8,17,0,10,17,10,,,,,,,,,
0,VISIT,59,Random,OnArrival,3,4,4636,Node_56,13,0,10,13,10,,,,,,,,,
0,VISIT,60,Random,OnArrival,3,4,4636,Node_8,17,0,10,17,10,,,,,,,,,
0,VISIT,53,Random,OnArrival,3,25,4640,Node_503,11,0,25,11,25,,,,,,,,,
0,VISIT,57,Random,OnArrival,3,5,4642,Node_31,15,0,13,15,13,,,,,,,,,
0,VISIT,58,Random,OnArrival,3,5,4642,Node_24,16,0,10,16,10,,,,,,,,,
0,VISIT,59,Random,OnArrival,3,5,4642,Node_166,13,0,9,13,9,,,,,,,,,
0,VISIT,60,Random,OnArrival,3,5,4642,Node_24,16,0,10,16,10,,,,,,,,,
0,VISIT,53,Random,OnArrival,3,26,4646,Node_549,12,0,25,12,25,,,,,,,,,
0,VISIT,57,Random,OnArrival,3,6,4648,Node_36,14,0,13,14,13,,,,,,,,,
0,VISIT,58,Random,OnArrival,3,6,4648,Node_26,15,0,10,15,10,,,,,,,,,
0,VISIT,59,Random,OnArrival,3,6,4648,Node_182,12,0,9,12,9,,,,,,,,,
0,VISIT,60,Random,OnArrival,3,6,4648,Node_26,15,0,10,15,10,,,,,,,,,
0,VISIT,53,Random,OnArrival,3,27,4653,Node_546,12,0,24,12,24,,,,,,,,,
0,VISIT,57,Random,OnArrival,3,7,4655,Node_38,14,0,14,14,14,,,,,,,,,
0,VISIT,58,Random,OnArrival,3,7,4655,Node_37,14,0,10,14,10,,,,,,,,,
0,VISIT,59,Random,OnArrival,3,7,4655,Node_192,11,0,9,11,9,,,,,,,,,
0,VISIT,60,Random,OnArrival,3,7,4655,Node_37,14,0,10,14,10,,,,,,,,,
0,VISIT,53,Random,OnArrival,3,28,4660,Node_502,11,0,24,11,24,,,,,,,,,
0,VISIT,57,Random,OnArrival,3,8,4662,Node_39,13,0,14,13,14,,,,,,,,,
0,VISIT,58,Random,OnArrival,3,8,4662,Node_56,13,0,10,13,10,,,,,,,,,
0,VISIT,59,Random,OnArrival,3,8,4662,Node_463,10,0,9,10,9,,,,,,,,,
0,VISIT,60,Random,OnArrival,3,8,4662,Node_56,13,0,10,13,10,,,,,,,,,
0,VISIT,53,Random,OnArrival,3,29,4667,Node_505,10,0,24,10,24,,,,,,,,,
0,VISIT,54,Random,OnArrival,3,25,4667,Node_534,5,0,19,5,19,,,,,,,,,
0,VISIT,57,Random,OnArrival,3,9,4669,Node_44,12,0,14,12,14,,,,,,,,,
0,VISIT,58,Random,OnArrival,3,9,4669,Node_166,13,0,9,13,9,,,,,,,,,
0,VISIT,59,Random,OnArrival,3,9,4669,Node_198,10,0,8,10,8,,,,,,,,,
0,VISIT,60,Random,OnArrival,3,9,4669,Node_166,13,0,9,13,9,,,,,,,,,
0,VISIT,53,Random,OnArrival,3,30,4674,Node_502,11,0,24,11,24,,,,,,,,,
0,VISIT,54,Random,OnArrival,3,26,4674,Node_527,6,0,19,6,19,,,,,,,,,
0,VISIT,58,Random,OnArrival,3,10,4676,Node_182,12,0,9,12,9,,,,,,,,,
0,VISIT,59,Random,OnArrival,3,10,4676,Node_463,10,0,9,10,9,,,,,,,,,
0,VISIT,60,Random,OnArrival,3,10,4676,Node_182,12,0,9,12,9,,,,,,,,,
0,VISIT,53,Random,OnArrival,3,31,4681,Node_501,11,0,23,11,23,,,,,,,,,
0,VISIT,54,Random,OnArrival,3,27,4681,Node_522,7,0,19,7,19,,,,,,,,,
0,VISIT,57,Random,OnArrival,3,10,4683,Node_94,10,0,14,10,14,,,,,,,,,
0,VISIT,58,Random,OnArrival,3,11,4683,Node_192,11,0,9,11,9,,,,,,,,,
0,VISIT,59,Random,OnArrival,3,11,4683,Node_465,10,0,10,10,10,,,,,,,,,
0,VISIT,60,Random,OnArrival,3,11,4683,Node_192,11,0,9,11,9,,,,,,,,,
0,VISIT,53,Random,OnArrival,3,32,4688,Node_543,12,0,23,12,23,,,,,,,,,
0,VISIT,54,Random,OnArrival,3,28,4688,Node_524,7,0,18,7,18,,,,,,,,,
0,VISIT,57,Random,OnArrival,3,11,4691,Node_471,10,0,13,10,13,,,,,,,,,
0,VISIT,58,Random,OnArrival,3,12,4691,Node_463,10,0,9,10,9,,,,,,,,,
0,VISIT,59,Random,OnArrival,3,12,4691,Node_528,9,0,10,9,10,,,,,,,,,
0,VISIT,60,Random,OnArrival,3,12,4691,Node_463,10,0,9,10,9,,,,,,,,,
0,VISIT,53,Random,OnArrival,3,33,4696,Node_263,13,0,23,13,23,,,,,,,,,
0,VISIT,54,Random,OnArrival,3,29,4696,Node_112,8,0,18,8,18,,,,,,,,,
0,VISIT,57,Random,OnArrival,3,12,4699,Node_469,10,0,12,10,12,,,,,,,,,
0,VISIT,58,Random,OnArrival,3,13,4699,Node_465,10,0,10,10,10,,,,,,,,,
0,VISIT,59,Random,OnArrival,3,13,4699,Node_523,8,0,10,8,10,,,,,,,,,
0,VISIT,60,Random,OnArrival,3,13,4699,Node_465,10,0,10,10,10,,,,,,,,,
0,VISIT,53,Random,OnArrival,3,34,4704,Node_257,14,0,23,14,23,,,,,,,,,
0,VISIT,54,Random,OnArrival,3,30,4704,Node_109,9,0,18,9,18,,,,,,,,,
0,VISIT,57,Random,OnArrival,3,13,4707,Node_467,10,0,11,10,11,,,,,,,,,
0,VISIT,58,Random,OnArrival,3,14,4707,Node_467,10,0,11,10,11,,,,,,,,,
0,VISIT,60,Random,OnArrival,3,14,4707,Node_467,10,0,11,10,11,,,,,,,,,
0,VISIT,53,Random,OnArrival,3,35,4712,Node_255,14,0,22,14,22,,,,,,,,,
0,VISIT,57,Random,OnArrival,3,14,4715,Node_485,9,0,11,9,11,,,,,,,,,
0,VISIT,58,Random,OnArrival,3,15,4715,Node_485,9,0,11,9,11,,,,,,,,,
0,VISIT,59,Random,OnArrival,3,14,4715,Node_526,6,0,10,6,10,,,,,,,,,
0,VISIT,60,Random,OnArrival,3,15,4715,Node_485,9,0,11,9,11,,,,,,,,,
0,VISIT,53,Random,OnArrival,3,36,4720,Node_499,14,0,21,14,21,,,,,,,,,
0,VISIT,54,Random,OnArrival,3,31,4720,Node_493,11,0,18,11,18,,,,,,,,,
0,VISIT,57,Random,OnArrival,3,15,4723,Node_521,8,0,11,8,11,,,,,,,,,
0,VISIT,58,Random,OnArrival,3,16,4723,Node_521,8,0,11,8,11,,,,,,,,,
0,VISIT,59,Random,OnArrival,3,15,4723,Node_529,6,0,9,6,9,,,,,,,,,
0,VISIT,60,Random,OnArrival,3,16,4723,Node_521,8,0,11,8,11,,,,,,,,,
0,VISIT,53,Random,OnArrival,3,37,4728,Node_164,15,0,21,15,21,,,,,,,,,
0,VISIT,57,Random,OnArrival,3,16,4731,Node_523,8,0,10,8,10,,,,,,,,,
0,VISIT,58,Random,OnArrival,3,17,4731,Node_523,8,0,10,8,10,,,,,,,,,
0,VISIT,59,Random,OnArrival,3,16,4731,Node_531,5,0,9,5,9,,,,,,,,,
0,VISIT,60,Random,OnArrival,3,17,4731,Node_523,8,0,10,8,10,,,,,,,,,
0,VISIT,53,Random,OnArrival,3,38,4736,Node_161,16,0,21,16,21,,,,,,,,,
0,VISIT,54,Random,OnArrival,3,32,4736,Node_496,11,0,20,11,20,,,,,,,,,
0,VISIT,53,Random,OnArrival,3,39,4744,Node_162,16,0,20,16,20,,,,,,,,,
0,VISIT,54,Random,OnArrival,3,33,4744,Node_498,11,0,21,11,21,,,,,,,,,
0,VISIT,57,Random,OnArrival,3,17,4747,Node_526,6,0,10,6,10,,,,,,,,,
0,VISIT,58,Random,OnArrival,3,18,4747,Node_526,6,0,10,6,10,,,,,,,,,
0,VISIT,60,Random,OnArrival,3,18,4747,Node_526,6,0,10,6,10,,,,,,,,,
0,VISIT,53,Random,OnArrival,3,40,4752,Node_163,15,0,20,15,20,,,,,,,,,
0,VISIT,57,Random,OnArrival,3,18,4755,Node_533,5,0,10,5,10,,,,,,,,,
0,VISIT,58,Random,OnArrival,3,19,4755,Node_533,5,0,10,5,10,,,,,,,,,
0,VISIT,60,Random,OnArrival,3,19,4755,Node_533,5,0,10,5,10,,,,,,,,,
0,VISIT,57,Random,OnArrival,3,19,4771,Node_540,3,0,10,3,10,,,,,,,,,
0,VISIT,58,Random,OnArrival,3,20,4771,Node_540,3,0,10,3,10,,,,,,,,,
0,VISIT,60,Random,OnArrival,3,20,4771,Node_540,3,0,10,3,10,,,,,,,,,
0,VISIT,53,Random,OnArrival,3,41,4774,Node_494,14,0,18,14,18,,,,,,,,,
0,VISIT,53,Random,OnArrival,3,42,4782,Node_495,14,0,19,14,19,,,,,,,,,
0,VISIT,53,Random,OnArrival,3,43,4790,Node_561,15,0,19,15,19,,,,,,,,,
0,VISIT,53,Random,OnArrival,3,44,4798,Node_163,15,0,20,15,20,,,,,,,,,
0,VISIT,57,Random,OnArrival,3,20,4801,Node_545,2,0,11,2,11,,,,,,,,,
0,VISIT,58,Random,OnArrival,3,21,4801,Node_545,2,0,11,2,11,,,,,,,,,
0,VISIT,60,Random,OnArrival,3,21,4801,Node_545,2,0,11,2,11,,,,,,,,,
0,VISIT,53,Random,OnArrival,3,45,4806,Node_497,14,0,20,14,20,,,,,,,,,
0,VISIT,53,Random,OnArrival,3,46,4814,Node_499,14,0,21,14,21,,,,,,,,,
0,VISIT,61,Random,OnArrival,3,0,4820,Node_6,19,0,12,19,12,,,,,,,,,
0,VISIT,62,Random,OnArrival,3,0,4820,Node_7,19,0,8,19,8,,,,,,,,,
0,VISIT,63,Random,OnArrival,3,0,4820,Node_8,17,0,10,17,10,,,,,,,,,
0,VISIT,64,Random,OnArrival,3,0,4820,Node_9,21,0,10,21,10,,,,,,,,,
0,VISIT,53,Random,OnArrival,3,47,4822,Node_255,14,0,22,14,22,,,,,,,,,
0,VISIT,57,Random,OnArrival,3,21,4823,Node_552,1,0,13,1,13,,,,,,,,,
0,VISIT,58,Random,OnArrival,3,22,4823,Node_552,1,0,13,1,13,,,,,,,,,
0,VISIT,60,Random,OnArrival,3,22,4823,Node_552,1,0,13,1,13,,,,,,,,,
0,VISIT,61,Random,OnArrival,3,1,4824,Node_2,19,0,11,19,11,,,,,,,,,
0,VISIT,62,Random,OnArrival,3,1,4824,Node_3,19,0,9,19,9,,,,,,,,,
0,VISIT,63,Random,OnArrival,3,1,4824,Node_24,16,0,10,16,10,,,,,,,,,
0,VISIT,64,Random,OnArrival,3,1,4824,Node_5,20,0,10,20,10,,,,,,,,,
0,VISIT,53,Random,OnArrival,3,48,4828,Node_264,13,0,22,13,22,,,,,,,,,
0,VISIT,61,Random,OnArrival,3,2,4829,Node_20,19,0,10,19,10,,,,,,,,,
0,VISIT,62,Random,OnArrival,3,2,4829,Node_20,19,0,10,19,10,,,,,,,,,
0,VISIT,63,Random,OnArrival,3,2,4829,Node_26,15,0,10,15,10,,,,,,,,,
0,VISIT,64,Random,OnArrival,3,2,4829,Node_20,19,0,10,19,10,,,,,,,,,
0,VISIT,53,Random,OnArrival,3,49,4833,Node_265,12,0,22,12,22,,,,,,,,,
0,VISIT,61,Random,OnArrival,3,3,4834,Node_4,18,0,10,18,10,,,,,,,,,
0,VISIT,62,Random,OnArrival,3,3,4834,Node_4,18,0,10,18,10,,,,,,,,,
0,VISIT,63,Random,OnArrival,3,3,4834,Node_37,14,0,10,14,10,,,,,,,,,
0,VISIT,64,Random,OnArrival,3,3,4834,Node_4,18,0,10,18,10,,,,,,,,,
0,VISIT,53,Random,OnArrival,3,50,4838,Node_500,11,0,22,11,22,,,,,,,,,
0,VISIT,61,Random,OnArrival,3,4,4839,Node_8,17,0,10,17,10,,,,,,,,,
0,VISIT,62,Random,OnArrival,3,4,4839,Node_8,17,0,10,17,10,,,,,,,,,
0,VISIT,63,Random,OnArrival,3,4,4839,Node_56,13,0,10,13,10,,,,,,,,,
0,VISIT,64,Random,OnArrival,3,4,4839,Node_8,17,0,10,17,10,,,,,,,,,
0,VISIT,53,Random,OnArrival,3,51,4843,Node_498,11,0,21,11,21,,,,,,,,,
0,VISIT,57,Random,OnArrival,3,22,4843,Node_556,1,0,15,1,15,,,,,,,,,
0,VISIT,58,Random,OnArrival,3,23,4843,Node_556,1,0,15,1,15,,,,,,,,,
0,VISIT,60,Random,OnArrival,3,23,4843,Node_556,1,0,15,1,15,,,,,,,,,
0,VISIT,61,Random,OnArrival,3,5,4844,Node_24,16,0,10,16,10,,,,,,,,,
0,VISIT,62,Random,OnArrival,3,5,4844,Node_24,16,0,10,16,10,,,,,,,,,
0,VISIT,63,Random,OnArrival,3,5,4844,Node_166,13,0,9,13,9,,,,,,,,,
0,VISIT,64,Random,OnArrival,3,5,4844,Node_24,16,0,10,16,10,,,,,,,,,
0,VISIT,53,Random,OnArrival,3,52,4848,Node_538,12,0,21,12,21,,,,,,,,,
0,VISIT,57,Random,OnArrival,3,23,4848,Node_554,1,0,14,1,14,,,,,,,,,
0,VISIT,58,Random,OnArrival,3,24,4848,Node_554,1,0,14,1,14,,,,,,,,,
0,VISIT,60,Random,OnArrival,3,24,4848,Node_554,1,0,14,1,14,,,,,,,,,
0,VISIT,61,Random,OnArrival,3,6,4849,Node_26,15,0,10,15,10,,,,,,,,,
0,VISIT,62,Random,OnArrival,3,6,4849,Node_26,15,0,10,15,10,,,,,,,,,
0,VISIT,63,Random,OnArrival,3,6,4849,Node_182,12,0,9,12,9,,,,,,,,,
0,VISIT,64,Random,OnArrival,3,6,4849,Node_26,15,0,10,15,10,,,,,,,,,
0,VISIT,53,Random,OnArrival,3,53,4854,Node_498,11,0,21,11,21,,,,,,,,,
0,VISIT,57,Random,OnArrival,3,24,4854,Node_576,0,0,14,0,14,,,,,,,,,
0,VISIT,58,Random,OnArrival,3,25,4854,Node_576,0,0,14,0,14,,,,,,,,,
0,VISIT,60,Random,OnArrival,3,25,4854,Node_576,0,0,14,0,14,,,,,,,,,
0,VISIT,61,Random,OnArrival,3,7,4855,Node_37,14,0,10,14,10,,,,,,,,,
0,VISIT,62,Random,OnArrival,3,7,4855,Node_37,14,0,10,14,10,,,,,,,,,
0,VISIT,63,Random,OnArrival,3,7,4855,Node_180,12,0,8,12,8,,,,,,,,,
0,VISIT,64,Random,OnArrival,3,7,4855,Node_37,14,0,10,14,10,,,,,,,,,
0,VISIT,61,Random,OnArrival,3,8,4861,Node_56,13,0,10,13,10,,,,,,,,,
0,VISIT,62,Random,OnArrival,3,8,4861,Node_56,13,0,10,13,10,,,,,,,,,
0,VISIT,63,Random,OnArrival,3,8,4861,Node_177,12,0,7,12,7,,,,,,,,,
0,VISIT,64,Random,OnArrival,3,8,4861,Node_56,13,0,10,13,10,,,,,,,,,
0,VISIT,53,Random,OnArrival,3,54,4866,Node_562,9,0,21,9,21,,,,,,,,,
0,VISIT,61,Random,OnArrival,3,9,4867,Node_166,13,0,9,13,9,,,,,,,,,
0,VISIT,62,Random,OnArrival,3,9,4867,Node_166,13,0,9,13,9,,,,,,,,,
0,VISIT,63,Random,OnArrival,3,9,4867,Node_181,12,0,6,12,6,,,,,,,,,
0,VISIT,64,Random,OnArrival,3,9,4867,Node_166,13,0,9,13,9,,,,,,,,,
0,VISIT,61,Random,OnArrival,3,10,4873,Node_182,12,0,9,12,9,,,,,,,,,
0,VISIT,62,Random,OnArrival,3,10,4873,Node_182,12,0,9,12,9,,,,,,,,,
0,VISIT,63,Random,OnArrival,3,10,4873,Node_178,12,0,5,12,5,,,,,,,,,
0,VISIT,64,Random,OnArrival,3,10,4873,Node_182,12,0,9,12,9,,,,,,,,,
0,VISIT,53,Random,OnArrival,3,55,4879,Node_515,8,0,22,8,22,,,,,,,,,
0,VISIT,61,Random,OnArrival,3,11,4880,Node_180,12,0,8,12,8,,,,,,,,,
0,VISIT,62,Random,OnArrival,3,11,4880,Node_180,12,0,8,12,8,,,,,,,,,
0,VISIT,63,Random,OnArrival,3,11,4880,Node_188,11,0,5,11,5,,,,,,,,,
0,VISIT,64,Random,OnArrival,3,11,4880,Node_180,12,0,8,12,8,,,,,,,,,
0,VISIT,53,Random,OnArrival,3,56,4886,Node_513,7,0,22,7,22,,,,,,,,,
0,VISIT,61,Random,OnArrival,3,12,4887,Node_177,12,0,7,12,7,,,,,,,,,
0,VISIT,62,Random,OnArrival,3,12,4887,Node_177,12,0,7,12,7,,,,,,,,,
0,VISIT,63,Random,OnArrival,3,12,4887,Node_438,10,0,5,10,5,,,,,,,,,
0,VISIT,64,Random,OnArrival,3,12,4887,Node_177,12,0,7,12,7,,,,,,,,,
0,VISIT,53,Random,OnArrival,3,57,4893,Node_511,6,0,22,6,22,,,,,,,,,
0,VISIT,61,Random,OnArrival,3,13,4895,Node_181,12,0,6,12,6,,,,,,,,,
0,VISIT,62,Random,OnArrival,3,13,4895,Node_181,12,0,6,12,6,,,,,,,,,
0,VISIT,64,Random,OnArrival,3,13,4895,Node_181,12,0,6,12,6,,,,,,,,,
0,VISIT,53,Random,OnArrival,3,58,4900,Node_510,6,0,23,6,23,,,,,,,,,
0,VISIT,61,Random,OnArrival,3,14,4902,Node_178,12,0,5,12,5,,,,,,,,,
0,VISIT,62,Random,OnArrival,3,14,4902,Node_178,12,0,5,12,5,,,,,,,,,
0,VISIT,64,Random,OnArrival,3,14,4902,Node_178,12,0,5,12,5,,,,,,,,,
0,VISIT,53,Random,OnArrival,3,59,4907,Node_509,6,0,24,6,24,,,,,,,,,
0,VISIT,61,Random,OnArrival,3,15,4909,Node_188,11,0,5,11,5,,,,,,,,,
0,VISIT,62,Random,OnArrival,3,15,4909,Node_188,11,0,5,11,5,,,,,,,,,
0,VISIT,64,Random,OnArrival,3,15,4909,Node_188,11,0,5,11,5,,,,,,,,,
0,VISIT,61,Random,OnArrival,3,16,4916,Node_438,10,0,5,10,5,,,,,,,,,
0,VISIT,62,Random,OnArrival,3,16,4916,Node_438,10,0,5,10,5,,,,,,,,,
0,VISIT,64,Random,OnArrival,3,16,4916,Node_438,10,0,5,10,5,,,,,,,,,
0,VISIT,61,Random,OnArrival,3,17,4923,Node_440,10,0,4,10,4,,,,,,,,,
0,VISIT,62,Random,OnArrival,3,17,4923,Node_440,10,0,4,10,4,,,,,,,,,
0,VISIT,64,Random,OnArrival,3,17,4923,Node_587,9,0,5,9,5,,,,,,,,,
0,VISIT,61,Random,OnArrival,3,18,4930,Node_190,11,0,4,11,4,,,,,,,,,
0,VISIT,62,Random,OnArrival,3,18,4930,Node_190,11,0,4,11,4,,,,,,,,,
0,VISIT,63,Random,OnArrival,3,13,4930,Node_594,8,0,7,8,7,,,,,,,,,
0,VISIT,61,Random,OnArrival,3,19,4938,Node_193,11,0,3,11,3,,,,,,,,,
0,VISIT,62,Random,OnArrival,3,19,4938,Node_193,11,0,3,11,3,,,,,,,,,
0,VISIT,64,Random,OnArrival,3,18,4938,Node_591,8,0,6,8,6,,,,,,,,,
0,VISIT,61,Random,OnArrival,3,20,4946,Node_442,10,0,3,10,3,,,,,,,,,
0,VISIT,62,Random,OnArrival,3,20,4946,Node_442,10,0,3,10,3,,,,,,,,,
0,VISIT,61,Random,OnArrival,3,21,4954,Node_440,10,0,4,10,4,,,,,,,,,
0,VISIT,62,Random,OnArrival,3,21,4954,Node_193,11,0,3,11,3,,,,,,,,,
0,VISIT,61,Random,OnArrival,3,22,4962,Node_438,10,0,5,10,5,,,,,,,,,
0,VISIT,62,Random,OnArrival,3,22,4962,Node_461,11,0,2,11,2,,,,,,,,,
0,VISIT,61,Random,OnArrival,3,23,4970,Node_434,10,0,6,10,6,,,,,,,,,
0,VISIT,63,Random,OnArrival,3,14,4970,Node_563,5,0,5,5,5,,,,,,,,,
0,VISIT,64,Random,OnArrival,3,19,4970,Node_563,5,0,5,5,5,,,,,,,,,
0,VISIT,58,Random,OnArrival,3,26,4973,Node_600,-7,0,20,-7,20,,,,,,,,,
0,VISIT,60,Random,OnArrival,3,26,4973,Node_600,-7,0,20,-7,20,,,,,,,,,
0,VISIT,61,Random,OnArrival,3,24,4977,Node_589,9,0,6,9,6,,,,,,,,,
0,VISIT,63,Random,OnArrival,3,15,4977,Node_560,5,0,6,5,6,,,,,,,,,
0,VISIT,64,Random,OnArrival,3,20,4977,Node_560,5,0,6,5,6,,,,,,,,,
0,VISIT,61,Random,OnArrival,3,25,4985,Node_587,9,0,5,9,5,,,,,,,,,
0,VISIT,61,Random,OnArrival,3,26,4992,Node_598,8,0,5,8,5,,,,,,,,,
0,VISIT,65,Random,OnArrival,3,0,5003,Node_6,19,0,12,19,12,,,,,,,,,
0,VISIT,66,Random,OnArrival,3,0,5003,Node_7,19,0,8,19,8,,,,,,,,,
0,VISIT,67,Random,OnArrival,3,0,5003,Node_8,17,0,10,17,10,,,,,,,,,
0,VISIT,68,Random,OnArrival,3,0,5003,Node_9,21,0,10,21,10,,,,,,,,,
0,VISIT,65,Random,OnArrival,3,1,5007,Node_2,19,0,11,19,11,,,,,,,,,
0,VISIT,66,Random,OnArrival,3,1,5007,Node_3,19,0,9,19,9,,,,,,,,,
0,VISIT,67,Random,OnArrival,3,1,5007,Node_24,16,0,10,16,10,,,,,,,,,
0,VISIT,68,Random,OnArrival,3,1,5007,Node_5,20,0,10,20,10,,,,,,,,,
0,VISIT,65,Random,OnArrival,3,2,5011,Node_20,19,0,10,19,10,,,,,,,,,
0,VISIT,66,Random,OnArrival,3,2,5011,Node_20,19,0,10,19,10,,,,,,,,,
0,VISIT,67,Random,OnArrival,3,2,5011,Node_26,15,0,10,15,10,,,,,,,,,
0,VISIT,68,Random,OnArrival,3,2,5011,Node_20,19,0,10,19,10,,,,,,,,,
0,VISIT,64,Random,OnArrival,3,21,5015,Node_567,2,0,9,2,9,,,,,,,,,
0,VISIT,65,Random,OnArrival,3,3,5015,Node_4,18,0,10,18,10,,,,,,,,,
0,VISIT,66,Random,OnArrival,3,3,5015,Node_4,18,0,10,18,10,,,,,,,,,
0,VISIT,67,Random,OnArrival,3,3,5015,Node_37,14,0,10,14,10,,,,,,,,,
0,VISIT,68,Random,OnArrival,3,3,5015,Node_4,18,0,10,18,10,,,,,,,,,
0,VISIT,65,Random,OnArrival,3,4,5019,Node_8,17,0,10,17,10,,,,,,,,,
0,VISIT,66,Random,OnArrival,3,4,5019,Node_8,17,0,10,17,10,,,,,,,,,
0,VISIT,67,Random,OnArrival,3,4,5019,Node_56,13,0,10,13,10,,,,,,,,,
0,VISIT,68,Random,OnArrival,3,4,5019,Node_8,17,0,10,17,10,,,,,,,,,
0,VISIT,62,Random,OnArrival,3,23,5023,Node_458,10,0,-3,10,-3,,,,,,,,,
0,VISIT,65,Random,OnArrival,3,5,5023,Node_24,16,0,10,16,10,,,,,,,,,
0,VISIT,66,Random,OnArrival,3,5,5023,Node_24,16,0,10,16,10,,,,,,,,,
0,VISIT,67,Random,OnArrival,3,5,5023,Node_166,13,0,9,13,9,,,,,,,,,
0,VISIT,68,Random,OnArrival,3,5,5023,Node_24,16,0,10,16,10,,,,,,,,,
0,VISIT,61,Random,OnArrival,3,27,5027,Node_566,5,0,3,5,3,,,,,,,,,
0,VISIT,62,Random,OnArrival,3,24,5027,Node_612,11,0,-3,11,-3,,,,,,,,,
0,VISIT,64,Random,OnArrival,3,22,5027,Node_571,1,0,11,1,11,,,,,,,,,
0,VISIT,65,Random,OnArrival,3,6,5027,Node_26,15,0,10,15,10,,,,,,,,,
0,VISIT,66,Random,OnArrival,3,6,5027,Node_26,15,0,10,15,10,,,,,,,,,
0,VISIT,67,Random,OnArrival,3,6,5027,Node_182,12,0,9,12,9,,,,,,,,,
0,VISIT,68,Random,OnArrival,3,6,5027,Node_26,15,0,10,15,10,,,,,,,,,
0,VISIT,60,Random,OnArrival,3,27,5031,Node_621,-10,0,24,-10,24,,,,,,,,,
0,VISIT,61,Random,OnArrival,3,28,5031,Node_628,6,0,3,6,3,,,,,,,,,
0,VISIT,64,Random,OnArrival,3,23,5031,Node_545,2,0,11,2,11,,,,,,,,,
0,VISIT,65,Random,OnArrival,3,7,5031,Node_37,14,0,10,14,10,,,,,,,,,
0,VISIT,66,Random,OnArrival,3,7,5031,Node_37,14,0,10,14,10,,,,,,,,,
0,VISIT,67,Random,OnArrival,3,7,5031,Node_192,11,0,9,11,9,,,,,,,,,
0,VISIT,68,Random,OnArrival,3,7,5031,Node_37,14,0,10,14,10,,,,,,,,,
0,VISIT,61,Random,OnArrival,3,29,5035,Node_624,6,0,2,6,2,,,,,,,,,
0,VISIT,64,Random,OnArrival,3,24,5035,Node_568,2,0,10,2,10,,,,,,,,,
0,VISIT,65,Random,OnArrival,3,8,5035,Node_56,13,0,10,13,10,,,,,,,,,
0,VISIT,66,Random,OnArrival,3,8,5035,Node_56,13,0,10,13,10,,,,,,,,,
0,VISIT,67,Random,OnArrival,3,8,5035,Node_463,10,0,9,10,9,,,,,,,,,
0,VISIT,68,Random,OnArrival,3,8,5035,Node_56,13,0,10,13,10,,,,,,,,,
0,VISIT,60,Random,OnArrival,3,28,5039,Node_617,-10,0,22,-10,22,,,,,,,,,
0,VISIT,64,Random,OnArrival,3,25,5039,Node_629,1,0,10,1,10,,,,,,,,,
0,VISIT,65,Random,OnArrival,3,9,5039,Node_166,13,0,9,13,9,,,,,,,,,
0,VISIT,66,Random,OnArrival,3,9,5039,Node_166,13,0,9,13,9,,,,,,,,,
0,VISIT,67,Random,OnArrival,3,9,5039,Node_465,10,0,10,10,10,,,,,,,,,
0,VISIT,68,Random,OnArrival,3,9,5039,Node_166,13,0,9,13,9,,,,,,,,,
0,VISIT,65,Random,OnArrival,3,10,5043,Node_182,12,0,9,12,9,,,,,,,,,
0,VISIT,66,Random,OnArrival,3,10,5043,Node_182,12,0,9,12,9,,,,,,,,,
0,VISIT,67,Random,OnArrival,3,10,5043,Node_528,9,0,10,9,10,,,,,,,,,
0,VISIT,68,Random,OnArrival,3,10,5043,Node_182,12,0,9,12,9,,,,,,,,,
0,VISIT,65,Random,OnArrival,3,11,5047,Node_192,11,0,9,11,9,,,,,,,,,
0,VISIT,66,Random,OnArrival,3,11,5047,Node_192,11,0,9,11,9,,,,,,,,,
0,VISIT,67,Random,OnArrival,3,11,5047,Node_523,8,0,10,8,10,,,,,,,,,
0,VISIT,68,Random,OnArrival,3,11,5047,Node_192,11,0,9,11,9,,,,,,,,,
0,VISIT,65,Random,OnArrival,3,12,5051,Node_463,10,0,9,10,9,,,,,,,,,
0,VISIT,66,Random,OnArrival,3,12,5051,Node_463,10,0,9,10,9,,,,,,,,,
0,VISIT,68,Random,OnArrival,3,12,5051,Node_463,10,0,9,10,9,,,,,,,,,
0,VISIT,65,Random,OnArrival,3,13,5056,Node_465,10,0,10,10,10,,,,,,,,,
0,VISIT,66,Random,OnArrival,3,13,5056,Node_465,10,0,10,10,10,,,,,,,,,
0,VISIT,67,Random,OnArrival,3,12,5056,Node_526,6,0,10,6,10,,,,,,,,,
0,VISIT,68,Random,OnArrival,3,13,5056,Node_465,10,0,10,10,10,,,,,,,,,
0,VISIT,65,Random,OnArrival,3,14,5061,Node_528,9,0,10,9,10,,,,,,,,,
0,VISIT,66,Random,OnArrival,3,14,5061,Node_528,9,0,10,9,10,,,,,,,,,
0,VISIT,67,Random,OnArrival,3,13,5061,Node_533,5,0,10,5,10,,,,,,,,,
0,VISIT,68,Random,OnArrival,3,14,5061,Node_528,9,0,10,9,10,,,,,,,,,
0,VISIT,65,Random,OnArrival,3,15,5068,Node_523,8,0,10,8,10,,,,,,,,,
0,VISIT,66,Random,OnArrival,3,15,5068,Node_523,8,0,10,8,10,,,,,,,,,
0,VISIT,68,Random,OnArrival,3,15,5068,Node_523,8,0,10,8,10,,,,,,,,,
0,VISIT,61,Random,OnArrival,3,30,5076,Node_569,3,0,3,3,3,,,,,,,,,
0,VISIT,67,Random,OnArrival,3,14,5076,Node_540,3,0,10,3,10,,,,,,,,,
0,VISIT,61,Random,OnArrival,3,31,5084,Node_570,3,0,4,3,4,,,,,,,,,
0,VISIT,65,Random,OnArrival,3,16,5084,Node_526,6,0,10,6,10,,,,,,,,,
0,VISIT,66,Random,OnArrival,3,16,5084,Node_526,6,0,10,6,10,,,,,,,,,
0,VISIT,67,Random,OnArrival,3,15,5084,Node_568,2,0,10,2,10,,,,,,,,,
0,VISIT,68,Random,OnArrival,3,16,5084,Node_526,6,0,10,6,10,,,,,,,,,
0,VISIT,65,Random,OnArrival,3,17,5091,Node_533,5,0,10,5,10,,,,,,,,,
0,VISIT,66,Random,OnArrival,3,17,5091,Node_533,5,0,10,5,10,,,,,,,,,
0,VISIT,67,Random,OnArrival,3,16,5091,Node_629,1,0,10,1,10,,,,,,,,,
0,VISIT,68,Random,OnArrival,3,17,5091,Node_533,5,0,10,5,10,,,,,,,,,
0,VISIT,61,Random,OnArrival,3,32,5099,Node_573,1,0,4,1,4,,,,,,,,,
0,VISIT,67,Random,OnArrival,3,17,5099,Node_634,0,0,10,0,10,,,,,,,,,
0,VISIT,61,Random,OnArrival,3,33,5107,Node_574,1,0,3,1,3,,,,,,,,,
0,VISIT,65,Random,OnArrival,3,18,5107,Node_540,3,0,10,3,10,,,,,,,,,
0,VISIT,66,Random,OnArrival,3,18,5107,Node_540,3,0,10,3,10,,,,,,,,,
0,VISIT,67,Random,OnArrival,3,18,5107,Node_640,-1,0,10,-1,10,,,,,,,,,
0,VISIT,68,Random,OnArrival,3,18,5107,Node_540,3,0,10,3,10,,,,,,,,,
0,VISIT,65,Random,OnArrival,3,19,5115,Node_565,3,0,9,3,9,,,,,,,,,
0,VISIT,66,Random,OnArrival,3,19,5115,Node_565,3,0,9,3,9,,,,,,,,,
0,VISIT,61,Random,OnArrival,3,34,5122,Node_577,-1,0,3,-1,3,,,,,,,,,
0,VISIT,65,Random,OnArrival,3,20,5122,Node_567,2,0,9,2,9,,,,,,,,,
0,VISIT,66,Random,OnArrival,3,20,5122,Node_567,2,0,9,2,9,,,,,,,,,
0,VISIT,68,Random,OnArrival,3,19,5122,Node_533,5,0,10,5,10,,,,,,,,,
0,VISIT,65,Random,OnArrival,3,21,5129,Node_620,2,0,8,2,8,,,,,,,,,
0,VISIT,66,Random,OnArrival,3,21,5129,Node_620,2,0,8,2,8,,,,,,,,,
0,VISIT,68,Random,OnArrival,3,20,5129,Node_531,5,0,9,5,9,,,,,,,,,
0,VISIT,65,Random,OnArrival,3,22,5143,Node_626,1,0,9,1,9,,,,,,,,,
0,VISIT,66,Random,OnArrival,3,22,5143,Node_626,1,0,9,1,9,,,,,,,,,
0,VISIT,65,Random,OnArrival,3,23,5150,Node_636,0,0,9,0,9,,,,,,,,,
0,VISIT,66,Random,OnArrival,3,23,5150,Node_636,0,0,9,0,9,,,,,,,,,
0,VISIT,68,Random,OnArrival,3,21,5150,Node_560,5,0,6,5,6,,,,,,,,,
0,VISIT,69,Random,OnArrival,3,0,5150,Node_6,19,0,12,19,12,,,,,,,,,
0,VISIT,70,Random,OnArrival,3,0,5150,Node_7,19,0,8,19,8,,,,,,,,,
0,VISIT,71,Random,OnArrival,3,0,5150,Node_8,17,0,10,17,10,,,,,,,,,
0,VISIT,72,Random,OnArrival,3,0,5150,Node_9,21,0,10,21,10,,,,,,,,,
0,VISIT,65,Random,OnArrival,3,24,5154,Node_637,-1,0,9,-1,9,,,,,,,,,
0,VISIT,66,Random,OnArrival,3,24,5154,Node_634,0,0,10,0,10,,,,,,,,,
0,VISIT,67,Random,OnArrival,3,19,5154,Node_584,-3,0,15,-3,15,,,,,,,,,
0,VISIT,68,Random,OnArrival,3,22,5154,Node_602,6,0,6,6,6,,,,,,,,,
0,VISIT,69,Random,OnArrival,3,1,5154,Node_2,19,0,11,19,11,,,,,,,,,
0,VISIT,70,Random,OnArrival,3,1,5154,Node_3,19,0,9,19,9,,,,,,,,,
0,VISIT,71,Random,OnArrival,3,1,5154,Node_24,16,0,10,16,10,,,,,,,,,
0,VISIT,72,Random,OnArrival,3,1,5154,Node_5,20,0,10,20,10,,,,,,,,,
0,VISIT,66,Random,OnArrival,3,25,5158,Node_629,1,0,10,1,10,,,,,,,,,
0,VISIT,68,Random,OnArrival,3,23,5158,Node_560,5,0,6,5,6,,,,,,,,,
0,VISIT,69,Random,OnArrival,3,2,5158,Node_20,19,0,10,19,10,,,,,,,,,
0,VISIT,70,Random,OnArrival,3,2,5158,Node_20,19,0,10,19,10,,,,,,,,,
0,VISIT,71,Random,OnArrival,3,2,5158,Node_26,15,0,10,15,10,,,,,,,,,
0,VISIT,72,Random,OnArrival,3,2,5158,Node_20,19,0,10,19,10,,,,,,,,,
0,VISIT,66,Random,OnArrival,3,26,5162,Node_571,1,0,11,1,11,,,,,,,,,
0,VISIT,69,Random,OnArrival,3,3,5162,Node_4,18,0,10,18,10,,,,,,,,,
0,VISIT,70,Random,OnArrival,3,3,5162,Node_4,18,0,10,18,10,,,,,,,,,
0,VISIT,71,Random,OnArrival,3,3,5162,Node_37,14,0,10,14,10,,,,,,,,,
0,VISIT,72,Random,OnArrival,3,3,5162,Node_4,18,0,10,18,10,,,,,,,,,
0,VISIT,66,Random,OnArrival,3,27,5166,Node_572,1,0,12,1,12,,,,,,,,,
0,VISIT,67,Random,OnArrival,3,20,5166,Node_588,-4,0,17,-4,17,,,,,,,,,
0,VISIT,68,Random,OnArrival,3,24,5166,Node_610,3,0,6,3,6,,,,,,,,,
0,VISIT,69,Random,OnArrival,3,4,5166,Node_8,17,0,10,17,10,,,,,,,,,
0,VISIT,70,Random,OnArrival,3,4,5166,Node_8,17,0,10,17,10,,,,,,,,,
0,VISIT,71,Random,OnArrival,3,4,5166,Node_56,13,0,10,13,10,,,,,,,,,
0,VISIT,72,Random,OnArrival,3,4,5166,Node_8,17,0,10,17,10,,,,,,,,,
0,VISIT,66,Random,OnArrival,3,28,5170,Node_548,2,0,12,2,12,,,,,,,,,
0,VISIT,69,Random,OnArrival,3,5,5170,Node_24,16,0,10,16,10,,,,,,,,,
0,VISIT,70,Random,OnArrival,3,5,5170,Node_24,16,0,10,16,10,,,,,,,,,
0,VISIT,71,Random,OnArrival,3,5,5170,Node_166,13,0,9,13,9,,,,,,,,,
0,VISIT,72,Random,OnArrival,3,5,5170,Node_24,16,0,10,16,10,,,,,,,,,
0,VISIT,66,Random,OnArrival,3,29,5174,Node_550,2,0,13,2,13,,,,,,,,,
0,VISIT,67,Random,OnArrival,3,21,5174,Node_593,-5,0,18,-5,18,,,,,,,,,
0,VISIT,68,Random,OnArrival,3,25,5174,Node_616,2,0,7,2,7,,,,,,,,,
0,VISIT,69,Random,OnArrival,3,6,5174,Node_26,15,0,10,15,10,,,,,,,,,
0,VISIT,70,Random,OnArrival,3,6,5174,Node_26,15,0,10,15,10,,,,,,,,,
0,VISIT,71,Random,OnArrival,3,6,5174,Node_182,12,0,9,12,9,,,,,,,,,
0,VISIT,72,Random,OnArrival,3,6,5174,Node_26,15,0,10,15,10,,,,,,,,,
0,VISIT,68,Random,OnArrival,3,26,5178,Node_658,2,0,6,2,6,,,,,,,,,
0,VISIT,69,Random,OnArrival,3,7,5178,Node_37,14,0,10,14,10,,,,,,,,,
0,VISIT,70,Random,OnArrival,3,7,5178,Node_37,14,0,10,14,10,,,,,,,,,
0,VISIT,71,Random,OnArrival,3,7,5178,Node_192,11,0,9,11,9,,,,,,,,,
0,VISIT,72,Random,OnArrival,3,7,5178,Node_37,14,0,10,14,10,,,,,,,,,
0,VISIT,65,Random,OnArrival,3,25,5182,Node_650,-1,0,8,-1,8,,,,,,,,,
0,VISIT,69,Random,OnArrival,3,8,5182,Node_56,13,0,10,13,10,,,,,,,,,
0,VISIT,70,Random,OnArrival,3,8,5182,Node_56,13,0,10,13,10,,,,,,,,,
0,VISIT,71,Random,OnArrival,3,8,5182,Node_463,10,0,9,10,9,,,,,,,,,
0,VISIT,72,Random,OnArrival,3,8,5182,Node_56,13,0,10,13,10,,,,,,,,,
0,VISIT,65,Random,OnArrival,3,26,5187,Node_637,-1,0,9,-1,9,,,,,,,,,
0,VISIT,69,Random,OnArrival,3,9,5187,Node_166,13,0,9,13,9,,,,,,,,,
0,VISIT,70,Random,OnArrival,3,9,5187,Node_166,13,0,9,13,9,,,,,,,,,
0,VISIT,71,Random,OnArrival,3,9,5187,Node_465,10,0,10,10,10,,,,,,,,,
0,VISIT,72,Random,OnArrival,3,9,5187,Node_166,13,0,9,13,9,,,,,,,,,
0,VISIT,65,Random,OnArrival,3,27,5192,Node_640,-1,0,10,-1,10,,,,,,,,,
0,VISIT,68,Random,OnArrival,3,27,5192,Node_655,-1,0,6,-1,6,,,,,,,,,
0,VISIT,69,Random,OnArrival,3,10,5192,Node_182,12,0,9,12,9,,,,,,,,,
0,VISIT,70,Random,OnArrival,3,10,5192,Node_182,12,0,9,12,9,,,,,,,,,
0,VISIT,71,Random,OnArrival,3,10,5192,Node_528,9,0,10,9,10,,,,,,,,,
0,VISIT,72,Random,OnArrival,3,10,5192,Node_182,12,0,9,12,9,,,,,,,,,
0,VISIT,65,Random,OnArrival,3,28,5197,Node_641,-2,0,10,-2,10,,,,,,,,,
0,VISIT,68,Random,OnArrival,3,28,5197,Node_656,-2,0,6,-2,6,,,,,,,,,
0,VISIT,69,Random,OnArrival,3,11,5197,Node_192,11,0,9,11,9,,,,,,,,,
0,VISIT,70,Random,OnArrival,3,11,5197,Node_192,11,0,9,11,9,,,,,,,,,
0,VISIT,71,Random,OnArrival,3,11,5197,Node_523,8,0,10,8,10,,,,,,,,,
0,VISIT,72,Random,OnArrival,3,11,5197,Node_192,11,0,9,11,9,,,,,,,,,
0,VISIT,69,Random,OnArrival,3,12,5203,Node_463,10,0,9,10,9,,,,,,,,,
0,VISIT,70,Random,OnArrival,3,12,5203,Node_463,10,0,9,10,9,,,,,,,,,
0,VISIT,72,Random,OnArrival,3,12,5203,Node_463,10,0,9,10,9,,,,,,,,,
0,VISIT,68,Random,OnArrival,3,29,5209,Node_580,-2,0,4,-2,4,,,,,,,,,
0,VISIT,69,Random,OnArrival,3,13,5209,Node_465,10,0,10,10,10,,,,,,,,,
0,VISIT,70,Random,OnArrival,3,13,5209,Node_465,10,0,10,10,10,,,,,,,,,
0,VISIT,71,Random,OnArrival,3,12,5209,Node_526,6,0,10,6,10,,,,,,,,,
0,VISIT,72,Random,OnArrival,3,13,5209,Node_465,10,0,10,10,10,,,,,,,,,
0,VISIT,65,Random,OnArrival,3,29,5215,Node_646,-3,0,12,-3,12,,,,,,,,,
0,VISIT,68,Random,OnArrival,3,30,5215,Node_652,-3,0,4,-3,4,,,,,,,,,
0,VISIT,69,Random,OnArrival,3,14,5215,Node_528,9,0,10,9,10,,,,,,,,,
0,VISIT,70,Random,OnArrival,3,14,5215,Node_528,9,0,10,9,10,,,,,,,,,
0,VISIT,71,Random,OnArrival,3,13,5215,Node_533,5,0,10,5,10,,,,,,,,,
0,VISIT,72,Random,OnArrival,3,14,5215,Node_528,9,0,10,9,10,,,,,,,,,
0,VISIT,65,Random,OnArrival,3,30,5221,Node_643,-2,0,12,-2,12,,,,,,,,,
0,VISIT,68,Random,OnArrival,3,31,5221,Node_580,-2,0,4,-2,4,,,,,,,,,
0,VISIT,69,Random,OnArrival,3,15,5221,Node_523,8,0,10,8,10,,,,,,,,,
0,VISIT,70,Random,OnArrival,3,15,5221,Node_523,8,0,10,8,10,,,,,,,,,
0,VISIT,72,Random,OnArrival,3,15,5221,Node_523,8,0,10,8,10,,,,,,,,,
0,VISIT,65,Random,OnArrival,3,31,5228,Node_642,-2,0,11,-2,11,,,,,,,,,
0,VISIT,71,Random,OnArrival,3,14,5228,Node_535,5,0,12,5,12,,,,,,,,,
0,VISIT,65,Random,OnArrival,3,32,5235,Node_671,-3,0,11,-3,11,,,,,,,,,
0,VISIT,68,Random,OnArrival,3,32,5235,Node_656,-2,0,6,-2,6,,,,,,,,,
0,VISIT,69,Random,OnArrival,3,16,5235,Node_526,6,0,10,6,10,,,,,,,,,
0,VISIT,70,Random,OnArrival,3,16,5235,Node_526,6,0,10,6,10,,,,,,,,,
0,VISIT,71,Random,OnArrival,3,15,5235,Node_537,5,0,13,5,13,,,,,,,,,
0,VISIT,72,Random,OnArrival,3,16,5235,Node_526,6,0,10,6,10,,,,,,,,,
0,VISIT,69,Random,OnArrival,3,17,5243,Node_533,5,0,10,5,10,,,,,,,,,
0,VISIT,70,Random,OnArrival,3,17,5243,Node_533,5,0,10,5,10,,,,,,,,,
0,VISIT,71,Random,OnArrival,3,16,5243,Node_544,6,0,13,6,13,,,,,,,,,
0,VISIT,72,Random,OnArrival,3,17,5243,Node_533,5,0,10,5,10,,,,,,,,,
0,VISIT,71,Random,OnArrival,3,17,5250,Node_547,6,0,14,6,14,,,,,,,,,
0,VISIT,69,Random,OnArrival,3,18,5257,Node_535,5,0,12,5,12,,,,,,,,,
0,VISIT,70,Random,OnArrival,3,18,5257,Node_535,5,0,12,5,12,,,,,,,,,
0,VISIT,71,Random,OnArrival,3,18,5257,Node_539,5,0,14,5,14,,,,,,,,,
0,VISIT,72,Random,OnArrival,3,18,5257,Node_535,5,0,12,5,12,,,,,,,,,
0,VISIT,69,Random,OnArrival,3,19,5264,Node_537,5,0,13,5,13,,,,,,,,,
0,VISIT,70,Random,OnArrival,3,19,5264,Node_537,5,0,13,5,13,,,,,,,,,
0,VISIT,71,Random,OnArrival,3,19,5264,Node_666,4,0,14,4,14,,,,,,,,,
0,VISIT,72,Random,OnArrival,3,19,5264,Node_537,5,0,13,5,13,,,,,,,,,
0,VISIT,69,Random,OnArrival,3,20,5271,Node_539,5,0,14,5,14,,,,,,,,,
0,VISIT,70,Random,OnArrival,3,20,5271,Node_539,5,0,14,5,14,,,,,,,,,
0,VISIT,71,Random,OnArrival,3,20,5271,Node_539,5,0,14,5,14,,,,,,,,,
0,VISIT,72,Random,OnArrival,3,20,5271,Node_539,5,0,14,5,14,,,,,,,,,
0,VISIT,69,Random,OnArrival,3,21,5278,Node_551,5,0,15,5,15,,,,,,,,,
0,VISIT,70,Random,OnArrival,3,21,5278,Node_551,5,0,15,5,15,,,,,,,,,
0,VISIT,71,Random,OnArrival,3,21,5278,Node_551,5,0,15,5,15,,,,,,,,,
0,VISIT,72,Random,OnArrival,3,21,5278,Node_666,4,0,14,4,14,,,,,,,,,
0,VISIT,68,Random,OnArrival,3,33,5285,Node_676,-4,0,11,-4,11,,,,,,,,,
0,VISIT,69,Random,OnArrival,3,22,5285,Node_667,4,0,15,4,15,,,,,,,,,
0,VISIT,70,Random,OnArrival,3,22,5285,Node_667,4,0,15,4,15,,,,,,,,,
0,VISIT,71,Random,OnArrival,3,22,5285,Node_667,4,0,15,4,15,,,,,,,,,
0,VISIT,72,Random,OnArrival,3,22,5285,Node_667,4,0,15,4,15,,,,,,,,,
0,VISIT,69,Random,OnArrival,3,23,5292,Node_668,4,0,16,4,16,,,,,,,,,
0,VISIT,70,Random,OnArrival,3,23,5292,Node_551,5,0,15,5,15,,,,,,,,,
0,VISIT,71,Random,OnArrival,3,23,5292,Node_551,5,0,15,5,15,,,,,,,,,
0,VISIT,72,Random,OnArrival,3,23,5292,Node_551,5,0,15,5,15,,,,,,,,,
0,VISIT,69,Random,OnArrival,3,24,5299,Node_553,5,0,16,5,16,,,,,,,,,
0,VISIT,70,Random,OnArrival,3,24,5299,Node_553,5,0,16,5,16,,,,,,,,,
0,VISIT,71,Random,OnArrival,3,24,5299,Node_553,5,0,16,5,16,,,,,,,,,
0,VISIT,72,Random,OnArrival,3,24,5299,Node_553,5,0,16,5,16,,,,,,,,,
0,VISIT,73,Random,OnArrival,3,0,5302,Node_6,19,0,12,19,12,,,,,,,,,
0,VISIT,74,Random,OnArrival,3,0,5302,Node_7,19,0,8,19,8,,,,,,,,,
0,VISIT,75,Random,OnArrival,3,0,5302,Node_8,17,0,10,17,10,,,,,,,,,
0,VISIT,76,Random,OnArrival,3,0,5302,Node_9,21,0,10,21,10,,,,,,,,,
0,VISIT,73,Random,OnArrival,3,1,5306,Node_2,19,0,11,19,11,,,,,,,,,
0,VISIT,74,Random,OnArrival,3,1,5306,Node_3,19,0,9,19,9,,,,,,,,,
0,VISIT,75,Random,OnArrival,3,1,5306,Node_24,16,0,10,16,10,,,,,,,,,
0,VISIT,76,Random,OnArrival,3,1,5306,Node_5,20,0,10,20,10,,,,,,,,,
0,VISIT,73,Random,OnArrival,3,2,5310,Node_20,19,0,10,19,10,,,,,,,,,
0,VISIT,74,Random,OnArrival,3,2,5310,Node_20,19,0,10,19,10,,,,,,,,,
0,VISIT,75,Random,OnArrival,3,2,5310,Node_26,15,0,10,15,10,,,,,,,,,
0,VISIT,76,Random,OnArrival,3,2,5310,Node_20,19,0,10,19,10,,,,,,,,,
0,VISIT,69,Random,OnArrival,3,25,5314,Node_525,6,0,18,6,18,,,,,,,,,
0,VISIT,70,Random,OnArrival,3,25,5314,Node_525,6,0,18,6,18,,,,,,,,,
0,VISIT,71,Random,OnArrival,3,25,5314,Node_525,6,0,18,6,18,,,,,,,,,
0,VISIT,72,Random,OnArrival,3,25,5314,Node_525,6,0,18,6,18,,,,,,,,,
0,VISIT,73,Random,OnArrival,3,3,5314,Node_4,18,0,10,18,10,,,,,,,,,
0,VISIT,74,Random,OnArrival,3,3,5314,Node_4,18,0,10,18,10,,,,,,,,,
0,VISIT,75,Random,OnArrival,3,3,5314,Node_37,14,0,10,14,10,,,,,,,,,
0,VISIT,76,Random,OnArrival,3,3,5314,Node_4,18,0,10,18,10,,,,,,,,,
0,VISIT,69,Random,OnArrival,3,26,5318,Node_557,5,0,18,5,18,,,,,,,,,
0,VISIT,70,Random,OnArrival,3,26,5318,Node_557,5,0,18,5,18,,,,,,,,,
0,VISIT,71,Random,OnArrival,3,26,5318,Node_557,5,0,18,5,18,,,,,,,,,
0,VISIT,72,Random,OnArrival,3,26,5318,Node_557,5,0,18,5,18,,,,,,,,,
0,VISIT,73,Random,OnArrival,3,4,5318,Node_8,17,0,10,17,10,,,,,,,,,
0,VISIT,74,Random,OnArrival,3,4,5318,Node_8,17,0,10,17,10,,,,,,,,,
0,VISIT,75,Random,OnArrival,3,4,5318,Node_56,13,0,10,13,10,,,,,,,,,
0,VISIT,76,Random,OnArrival,3,4,5318,Node_8,17,0,10,17,10,,,,,,,,,
0,VISIT,69,Random,OnArrival,3,27,5322,Node_534,5,0,19,5,19,,,,,,,,,
0,VISIT,70,Random,OnArrival,3,27,5322,Node_534,5,0,19,5,19,,,,,,,,,
0,VISIT,71,Random,OnArrival,3,27,5322,Node_525,6,0,18,6,18,,,,,,,,,
0,VISIT,72,Random,OnArrival,3,27,5322,Node_534,5,0,19,5,19,,,,,,,,,
0,VISIT,73,Random,OnArrival,3,5,5322,Node_24,16,0,10,16,10,,,,,,,,,
0,VISIT,74,Random,OnArrival,3,5,5322,Node_24,16,0,10,16,10,,,,,,,,,
0,VISIT,75,Random,OnArrival,3,5,5322,Node_166,13,0,9,13,9,,,,,,,,,
0,VISIT,76,Random,OnArrival,3,5,5322,Node_24,16,0,10,16,10,,,,,,,,,
0,VISIT,69,Random,OnArrival,3,28,5326,Node_527,6,0,19,6,19,,,,,,,,,
0,VISIT,70,Random,OnArrival,3,28,5326,Node_532,5,0,20,5,20,,,,,,,,,
0,VISIT,71,Random,OnArrival,3,28,5326,Node_687,6,0,17,6,17,,,,,,,,,
0,VISIT,72,Random,OnArrival,3,28,5326,Node_532,5,0,20,5,20,,,,,,,,,
0,VISIT,73,Random,OnArrival,3,6,5326,Node_26,15,0,10,15,10,,,,,,,,,
0,VISIT,74,Random,OnArrival,3,6,5326,Node_26,15,0,10,15,10,,,,,,,,,
0,VISIT,75,Random,OnArrival,3,6,5326,Node_182,12,0,9,12,9,,,,,,,,,
0,VISIT,76,Random,OnArrival,3,6,5326,Node_26,15,0,10,15,10,,,,,,,,,
0,VISIT,69,Random,OnArrival,3,29,5330,Node_522,7,0,19,7,19,,,,,,,,,
0,VISIT,71,Random,OnArrival,3,29,5330,Node_555,5,0,17,5,17,,,,,,,,,
0,VISIT,73,Random,OnArrival,3,7,5330,Node_37,14,0,10,14,10,,,,,,,,,
0,VISIT,74,Random,OnArrival,3,7,5330,Node_37,14,0,10,14,10,,,,,,,,,
0,VISIT,75,Random,OnArrival,3,7,5330,Node_192,11,0,9,11,9,,,,,,,,,
0,VISIT,76,Random,OnArrival,3,7,5330,Node_37,14,0,10,14,10,,,,,,,,,
0,VISIT,69,Random,OnArrival,3,30,5334,Node_519,7,0,20,7,20,,,,,,,,,
0,VISIT,71,Random,OnArrival,3,30,5334,Node_670,4,0,17,4,17,,,,,,,,,
0,VISIT,73,Random,OnArrival,3,8,5334,Node_56,13,0,10,13,10,,,,,,,,,
0,VISIT,74,Random,OnArrival,3,8,5334,Node_56,13,0,10,13,10,,,,,,,,,
0,VISIT,75,Random,OnArrival,3,8,5334,Node_463,10,0,9,10,9,,,,,,,,,
0,VISIT,76,Random,OnArrival,3,8,5334,Node_56,13,0,10,13,10,,,,,,,,,
0,VISIT,69,Random,OnArrival,3,31,5338,Node_530,6,0,20,6,20,,,,,,,,,
0,VISIT,71,Random,OnArrival,3,31,5338,Node_672,3,0,17,3,17,,,,,,,,,
0,VISIT,73,Random,OnArrival,3,9,5338,Node_166,13,0,9,13,9,,,,,,,,,
0,VISIT,74,Random,OnArrival,3,9,5338,Node_166,13,0,9,13,9,,,,,,,,,
0,VISIT,75,Random,OnArrival,3,9,5338,Node_465,10,0,10,10,10,,,,,,,,,
0,VISIT,76,Random,OnArrival,3,9,5338,Node_166,13,0,9,13,9,,,,,,,,,
0,VISIT,69,Random,OnArrival,3,32,5342,Node_519,7,0,20,7,20,,,,,,,,,
0,VISIT,71,Random,OnArrival,3,32,5342,Node_675,2,0,17,2,17,,,,,,,,,
0,VISIT,73,Random,OnArrival,3,10,5342,Node_182,12,0,9,12,9,,,,,,,,,
0,VISIT,74,Random,OnArrival,3,10,5342,Node_182,12,0,9,12,9,,,,,,,,,
0,VISIT,75,Random,OnArrival,3,10,5342,Node_528,9,0,10,9,10,,,,,,,,,
0,VISIT,76,Random,OnArrival,3,10,5342,Node_182,12,0,9,12,9,,,,,,,,,
0,VISIT,69,Random,OnArrival,3,33,5347,Node_517,8,0,20,8,20,,,,,,,,,
0,VISIT,71,Random,OnArrival,3,33,5347,Node_558,1,0,17,1,17,,,,,,,,,
0,VISIT,73,Random,OnArrival,3,11,5347,Node_192,11,0,9,11,9,,,,,,,,,
0,VISIT,74,Random,OnArrival,3,11,5347,Node_192,11,0,9,11,9,,,,,,,,,
0,VISIT,75,Random,OnArrival,3,11,5347,Node_523,8,0,10,8,10,,,,,,,,,
0,VISIT,76,Random,OnArrival,3,11,5347,Node_192,11,0,9,11,9,,,,,,,,,
0,VISIT,71,Random,OnArrival,3,34,5352,Node_559,0,0,17,0,17,,,,,,,,,
0,VISIT,73,Random,OnArrival,3,12,5352,Node_463,10,0,9,10,9,,,,,,,,,
0,VISIT,74,Random,OnArrival,3,12,5352,Node_463,10,0,9,10,9,,,,,,,,,
0,VISIT,76,Random,OnArrival,3,12,5352,Node_463,10,0,9,10,9,,,,,,,,,
0,VISIT,69,Random,OnArrival,3,34,5357,Node_562,9,0,21,9,21,,,,,,,,,
0,VISIT,73,Random,OnArrival,3,13,5357,Node_465,10,0,10,10,10,,,,,,,,,
0,VISIT,74,Random,OnArrival,3,13,5357,Node_465,10,0,10,10,10,,,,,,,,,
0,VISIT,75,Random,OnArrival,3,12,5357,Node_526,6,0,10,6,10,,,,,,,,,
0,VISIT,76,Random,OnArrival,3,13,5357,Node_465,10,0,10,10,10,,,,,,,,,
0,VISIT,69,Random,OnArrival,3,35,5362,Node_516,8,0,21,8,21,,,,,,,,,
0,VISIT,73,Random,OnArrival,3,14,5362,Node_528,9,0,10,9,10,,,,,,,,,
0,VISIT,74,Random,OnArrival,3,14,5362,Node_528,9,0,10,9,10,,,,,,,,,
0,VISIT,75,Random,OnArrival,3,13,5362,Node_533,5,0,10,5,10,,,,,,,,,
0,VISIT,76,Random,OnArrival,3,14,5362,Node_528,9,0,10,9,10,,,,,,,,,
0,VISIT,69,Random,OnArrival,3,36,5367,Node_517,8,0,20,8,20,,,,,,,,,
0,VISIT,73,Random,OnArrival,3,15,5367,Node_523,8,0,10,8,10,,,,,,,,,
0,VISIT,74,Random,OnArrival,3,15,5367,Node_523,8,0,10,8,10,,,,,,,,,
0,VISIT,76,Random,OnArrival,3,15,5367,Node_523,8,0,10,8,10,,,,,,,,,
0,VISIT,69,Random,OnArrival,3,37,5373,Node_519,7,0,20,7,20,,,,,,,,,
0,VISIT,75,Random,OnArrival,3,14,5373,Node_540,3,0,10,3,10,,,,,,,,,
0,VISIT,69,Random,OnArrival,3,38,5379,Node_530,6,0,20,6,20,,,,,,,,,
0,VISIT,73,Random,OnArrival,3,16,5379,Node_526,6,0,10,6,10,,,,,,,,,
0,VISIT,74,Random,OnArrival,3,16,5379,Node_526,6,0,10,6,10,,,,,,,,,
0,VISIT,75,Random,OnArrival,3,15,5379,Node_568,2,0,10,2,10,,,,,,,,,
0,VISIT,76,Random,OnArrival,3,16,5379,Node_526,6,0,10,6,10,,,,,,,,,
0,VISIT,69,Random,OnArrival,3,39,5385,Node_532,5,0,20,5,20,,,,,,,,,
0,VISIT,73,Random,OnArrival,3,17,5385,Node_533,5,0,10,5,10,,,,,,,,,
0,VISIT,74,Random,OnArrival,3,17,5385,Node_533,5,0,10,5,10,,,,,,,,,
0,VISIT,75,Random,OnArrival,3,16,5385,Node_629,1,0,10,1,10,,,,,,,,,
0,VISIT,76,Random,OnArrival,3,17,5385,Node_533,5,0,10,5,10,,,,,,,,,
0,VISIT,75,Random,OnArrival,3,17,5391,Node_634,0,0,10,0,10,,,,,,,,,
0,VISIT,69,Random,OnArrival,3,40,5398,Node_688,3,0,20,3,20,,,,,,,,,
0,VISIT,73,Random,OnArrival,3,18,5398,Node_540,3,0,10,3,10,,,,,,,,,
0,VISIT,74,Random,OnArrival,3,18,5398,Node_540,3,0,10,3,10,,,,,,,,,
0,VISIT,75,Random,OnArrival,3,18,5398,Node_640,-1,0,10,-1,10,,,,,,,,,
0,VISIT,76,Random,OnArrival,3,18,5398,Node_540,3,0,10,3,10,,,,,,,,,
0,VISIT,73,Random,OnArrival,3,19,5405,Node_568,2,0,10,2,10,,,,,,,,,
0,VISIT,74,Random,OnArrival,3,19,5405,Node_568,2,0,10,2,10,,,,,,,,,
0,VISIT,75,Random,OnArrival,3,19,5405,Node_641,-2,0,10,-2,10,,,,,,,,,
0,VISIT,76,Random,OnArrival,3,19,5405,Node_568,2,0,10,2,10,,,,,,,,,
0,VISIT,73,Random,OnArrival,3,20,5411,Node_629,1,0,10,1,10,,,,,,,,,
0,VISIT,74,Random,OnArrival,3,20,5411,Node_629,1,0,10,1,10,,,,,,,,,
0,VISIT,75,Random,OnArrival,3,20,5411,Node_669,-3,0,10,-3,10,,,,,,,,,
0,VISIT,76,Random,OnArrival,3,20,5411,Node_629,1,0,10,1,10,,,,,,,,,
0,VISIT,69,Random,OnArrival,3,41,5418,Node_691,2,0,22,2,22,,,,,,,,,
0,VISIT,73,Random,OnArrival,3,21,5418,Node_634,0,0,10,0,10,,,,,,,,,
0,VISIT,74,Random,OnArrival,3,21,5418,Node_634,0,0,10,0,10,,,,,,,,,
0,VISIT,75,Random,OnArrival,3,21,5418,Node_681,-4,0,10,-4,10,,,,,,,,,
0,VISIT,76,Random,OnArrival,3,21,5418,Node_634,0,0,10,0,10,,,,,,,,,
0,VISIT,73,Random,OnArrival,3,22,5425,Node_640,-1,0,10,-1,10,,,,,,,,,
0,VISIT,74,Random,OnArrival,3,22,5425,Node_640,-1,0,10,-1,10,,,,,,,,,
0,VISIT,75,Random,OnArrival,3,22,5425,Node_683,-5,0,10,-5,10,,,,,,,,,
0,VISIT,76,Random,OnArrival,3,22,5425,Node_640,-1,0,10,-1,10,,,,,,,,,
0,VISIT,69,Random,OnArrival,3,42,5432,Node_693,2,0,24,2,24,,,,,,,,,
0,VISIT,73,Random,OnArrival,3,23,5432,Node_641,-2,0,10,-2,10,,,,,,,,,
0,VISIT,74,Random,OnArrival,3,23,5432,Node_641,-2,0,10,-2,10,,,,,,,,,
0,VISIT,76,Random,OnArrival,3,23,5432,Node_641,-2,0,10,-2,10,,,,,,,,,
0,VISIT,77,Random,OnArrival,3,0,5436,Node_6,19,0,12,19,12,,,,,,,,,
0,VISIT,78,Random,OnArrival,3,0,5436,Node_7,19,0,8,19,8,,,,,,,,,
0,VISIT,79,Random,OnArrival,3,0,5436,Node_8,17,0,10,17,10,,,,,,,,,
0,VISIT,80,Random,OnArrival,3,0,5436,Node_9,21,0,10,21,10,,,,,,,,,
0,VISIT,69,Random,OnArrival,3,43,5439,Node_699,1,0,24,1,24,,,,,,,,,
0,VISIT,73,Random,OnArrival,3,24,5439,Node_669,-3,0,10,-3,10,,,,,,,,,
0,VISIT,74,Random,OnArrival,3,24,5439,Node_669,-3,0,10,-3,10,,,,,,,,,
0,VISIT,76,Random,OnArrival,3,24,5439,Node_669,-3,0,10,-3,10,,,,,,,,,
0,VISIT,77,Random,OnArrival,3,1,5440,Node_2,19,0,11,19,11,,,,,,,,,
0,VISIT,78,Random,OnArrival,3,1,5440,Node_3,19,0,9,19,9,,,,,,,,,
0,VISIT,79,Random,OnArrival,3,1,5440,Node_24,16,0,10,16,10,,,,,,,,,
0,VISIT,80,Random,OnArrival,3,1,5440,Node_5,20,0,10,20,10,,,,,,,,,
0,VISIT,69,Random,OnArrival,3,44,5444,Node_701,0,0,24,0,24,,,,,,,,,
0,VISIT,72,Random,OnArrival,3,29,5444,Node_710,-4,0,22,-4,22,,,,,,,,,
0,VISIT,73,Random,OnArrival,3,25,5444,Node_681,-4,0,10,-4,10,,,,,,,,,
0,VISIT,74,Random,OnArrival,3,25,5444,Node_681,-4,0,10,-4,10,,,,,,,,,
0,VISIT,76,Random,OnArrival,3,25,5444,Node_681,-4,0,10,-4,10,,,,,,,,,
0,VISIT,77,Random,OnArrival,3,2,5444,Node_20,19,0,10,19,10,,,,,,,,,
0,VISIT,78,Random,OnArrival,3,2,5444,Node_20,19,0,10,19,10,,,,,,,,,
0,VISIT,79,Random,OnArrival,3,2,5444,Node_26,15,0,10,15,10,,,,,,,,,
0,VISIT,80,Random,OnArrival,3,2,5444,Node_20,19,0,10,19,10,,,,,,,,,
0,VISIT,69,Random,OnArrival,3,45,5448,Node_702,0,0,25,0,25,,,,,,,,,
0,VISIT,73,Random,OnArrival,3,26,5448,Node_683,-5,0,10,-5,10,,,,,,,,,
0,VISIT,74,Random,OnArrival,3,26,5448,Node_680,-4,0,9,-4,9,,,,,,,,,
0,VISIT,76,Random,OnArrival,3,26,5448,Node_680,-4,0,9,-4,9,,,,,,,,,
0,VISIT,77,Random,OnArrival,3,3,5448,Node_4,18,0,10,18,10,,,,,,,,,
0,VISIT,78,Random,OnArrival,3,3,5448,Node_4,18,0,10,18,10,,,,,,,,,
0,VISIT,79,Random,OnArrival,3,3,5448,Node_37,14,0,10,14,10,,,,,,,,,
0,VISIT,80,Random,OnArrival,3,3,5448,Node_4,18,0,10,18,10,,,,,,,,,
0,VISIT,69,Random,OnArrival,3,46,5452,Node_697,1,0,25,1,25,,,,,,,,,
0,VISIT,72,Random,OnArrival,3,30,5452,Node_713,-5,0,23,-5,23,,,,,,,,,
0,VISIT,73,Random,OnArrival,3,27,5452,Node_684,-5,0,9,-5,9,,,,,,,,,
0,VISIT,74,Random,OnArrival,3,27,5452,Node_684,-5,0,9,-5,9,,,,,,,,,
0,VISIT,76,Random,OnArrival,3,27,5452,Node_684,-5,0,9,-5,9,,,,,,,,,
0,VISIT,77,Random,OnArrival,3,4,5452,Node_8,17,0,10,17,10,,,,,,,,,
0,VISIT,78,Random,OnArrival,3,4,5452,Node_8,17,0,10,17,10,,,,,,,,,
0,VISIT,79,Random,OnArrival,3,4,5452,Node_56,13,0,10,13,10,,,,,,,,,
0,VISIT,80,Random,OnArrival,3,4,5452,Node_8,17,0,10,17,10,,,,,,,,,
0,VISIT,69,Random,OnArrival,3,47,5456,Node_695,2,0,25,2,25,,,,,,,,,
0,VISIT,72,Random,OnArrival,3,31,5456,Node_718,-4,0,23,-4,23,,,,,,,,,
0,VISIT,73,Random,OnArrival,3,28,5456,Node_680,-4,0,9,-4,9,,,,,,,,,
0,VISIT,74,Random,OnArrival,3,28,5456,Node_683,-5,0,10,-5,10,,,,,,,,,
0,VISIT,76,Random,OnArrival,3,28,5456,Node_683,-5,0,10,-5,10,,,,,,,,,
0,VISIT,77,Random,OnArrival,3,5,5456,Node_24,16,0,10,16,10,,,,,,,,,
0,VISIT,78,Random,OnArrival,3,5,5456,Node_24,16,0,10,16,10,,,,,,,,,
0,VISIT,79,Random,OnArrival,3,5,5456,Node_166,13,0,9,13,9,,,,,,,,,
0,VISIT,80,Random,OnArrival,3,5,5456,Node_24,16,0,10,16,10,,,,,,,,,
0,VISIT,69,Random,OnArrival,3,48,5460,Node_693,2,0,24,2,24,,,,,,,,,
0,VISIT,72,Random,OnArrival,3,32,5460,Node_707,-3,0,23,-3,23,,,,,,,,,
0,VISIT,73,Random,OnArrival,3,29,5460,Node_679,-4,0,8,-4,8,,,,,,,,,
0,VISIT,74,Random,OnArrival,3,29,5460,Node_682,-5,0,11,-5,11,,,,,,,,,
0,VISIT,76,Random,OnArrival,3,29,5460,Node_714,-6,0,10,-6,10,,,,,,,,,
0,VISIT,77,Random,OnArrival,3,6,5460,Node_26,15,0,10,15,10,,,,,,,,,
0,VISIT,78,Random,OnArrival,3,6,5460,Node_26,15,0,10,15,10,,,,,,,,,
0,VISIT,79,Random,OnArrival,3,6,5460,Node_182,12,0,9,12,9,,,,,,,,,
0,VISIT,80,Random,OnArrival,3,6,5460,Node_26,15,0,10,15,10,,,,,,,,,
0,VISIT,72,Random,OnArrival,3,33,5464,Node_705,-2,0,23,-2,23,,,,,,,,,
0,VISIT,73,Random,OnArrival,3,30,5464,Node_686,-5,0,8,-5,8,,,,,,,,,
0,VISIT,74,Random,OnArrival,3,30,5464,Node_716,-6,0,11,-6,11,,,,,,,,,
0,VISIT,77,Random,OnArrival,3,7,5464,Node_37,14,0,10,14,10,,,,,,,,,
0,VISIT,78,Random,OnArrival,3,7,5464,Node_37,14,0,10,14,10,,,,,,,,,
0,VISIT,79,Random,OnArrival,3,7,5464,Node_192,11,0,9,11,9,,,,,,,,,
0,VISIT,80,Random,OnArrival,3,7,5464,Node_37,14,0,10,14,10,,,,,,,,,
0,VISIT,69,Random,OnArrival,3,49,5468,Node_691,2,0,22,2,22,,,,,,,,,
0,VISIT,72,Random,OnArrival,3,34,5468,Node_704,-2,0,22,-2,22,,,,,,,,,
0,VISIT,77,Random,OnArrival,3,8,5468,Node_56,13,0,10,13,10,,,,,,,,,
0,VISIT,78,Random,OnArrival,3,8,5468,Node_56,13,0,10,13,10,,,,,,,,,
0,VISIT,79,Random,OnArrival,3,8,5468,Node_463,10,0,9,10,9,,,,,,,,,
0,VISIT,80,Random,OnArrival,3,8,5468,Node_56,13,0,10,13,10,,,,,,,,,
0,VISIT,69,Random,OnArrival,3,50,5472,Node_708,2,0,21,2,21,,,,,,,,,
0,VISIT,72,Random,OnArrival,3,35,5472,Node_709,-3,0,22,-3,22,,,,,,,,,
0,VISIT,77,Random,OnArrival,3,9,5472,Node_166,13,0,9,13,9,,,,,,,,,
0,VISIT,78,Random,OnArrival,3,9,5472,Node_166,13,0,9,13,9,,,,,,,,,
0,VISIT,79,Random,OnArrival,3,9,5472,Node_465,10,0,10,10,10,,,,,,,,,
0,VISIT,80,Random,OnArrival,3,9,5472,Node_166,13,0,9,13,9,,,,,,,,,
0,VISIT,72,Random,OnArrival,3,36,5476,Node_704,-2,0,22,-2,22,,,,,,,,,
0,VISIT,74,Random,OnArrival,3,31,5476,Node_727,-7,0,13,-7,13,,,,,,,,,
0,VISIT,75,Random,OnArrival,3,23,5476,Node_717,-6,0,12,-6,12,,,,,,,,,
0,VISIT,76,Random,OnArrival,3,30,5476,Node_717,-6,0,12,-6,12,,,,,,,,,
0,VISIT,77,Random,OnArrival,3,10,5476,Node_182,12,0,9,12,9,,,,,,,,,
0,VISIT,78,Random,OnArrival,3,10,5476,Node_182,12,0,9,12,9,,,,,,,,,
0,VISIT,79,Random,OnArrival,3,10,5476,Node_528,9,0,10,9,10,,,,,,,,,
0,VISIT,80,Random,OnArrival,3,10,5476,Node_182,12,0,9,12,9,,,,,,,,,
0,VISIT,72,Random,OnArrival,3,37,5481,Node_703,-1,0,22,-1,22,,,,,,,,,
0,VISIT,74,Random,OnArrival,3,32,5481,Node_719,-6,0,13,-6,13,,,,,,,,,
0,VISIT,75,Random,OnArrival,3,24,5481,Node_719,-6,0,13,-6,13,,,,,,,,,
0,VISIT,76,Random,OnArrival,3,31,5481,Node_716,-6,0,11,-6,11,,,,,,,,,
0,VISIT,77,Random,OnArrival,3,11,5481,Node_192,11,0,9,11,9,,,,,,,,,
0,VISIT,78,Random,OnArrival,3,11,5481,Node_192,11,0,9,11,9,,,,,,,,,
0,VISIT,79,Random,OnArrival,3,11,5481,Node_523,8,0,10,8,10,,,,,,,,,
0,VISIT,80,Random,OnArrival,3,11,5481,Node_192,11,0,9,11,9,,,,,,,,,
0,VISIT,74,Random,OnArrival,3,33,5486,Node_720,-6,0,14,-6,14,,,,,,,,,
0,VISIT,75,Random,OnArrival,3,25,5486,Node_720,-6,0,14,-6,14,,,,,,,,,
0,VISIT,76,Random,OnArrival,3,32,5486,Node_726,-7,0,11,-7,11,,,,,,,,,
0,VISIT,77,Random,OnArrival,3,12,5486,Node_463,10,0,9,10,9,,,,,,,,,
0,VISIT,78,Random,OnArrival,3,12,5486,Node_463,10,0,9,10,9,,,,,,,,,
0,VISIT,80,Random,OnArrival,3,12,5486,Node_463,10,0,9,10,9,,,,,,,,,
0,VISIT,69,Random,OnArrival,3,51,5491,Node_700,-1,0,20,-1,20,,,,,,,,,
0,VISIT,72,Random,OnArrival,3,38,5491,Node_700,-1,0,20,-1,20,,,,,,,,,
0,VISIT,74,Random,OnArrival,3,34,5491,Node_723,-7,0,14,-7,14,,,,,,,,,
0,VISIT,75,Random,OnArrival,3,26,5491,Node_723,-7,0,14,-7,14,,,,,,,,,
0,VISIT,77,Random,OnArrival,3,13,5491,Node_465,10,0,10,10,10,,,,,,,,,
0,VISIT,78,Random,OnArrival,3,13,5491,Node_465,10,0,10,10,10,,,,,,,,,
0,VISIT,79,Random,OnArrival,3,12,5491,Node_526,6,0,10,6,10,,,,,,,,,
0,VISIT,80,Random,OnArrival,3,13,5491,Node_465,10,0,10,10,10,,,,,,,,,
0,VISIT,77,Random,OnArrival,3,14,5496,Node_528,9,0,10,9,10,,,,,,,,,
0,VISIT,78,Random,OnArrival,3,14,5496,Node_528,9,0,10,9,10,,,,,,,,,
0,VISIT,79,Random,OnArrival,3,13,5496,Node_533,5,0,10,5,10,,,,,,,,,
0,VISIT,80,Random,OnArrival,3,14,5496,Node_528,9,0,10,9,10,,,,,,,,,
0,VISIT,77,Random,OnArrival,3,15,5501,Node_523,8,0,10,8,10,,,,,,,,,
0,VISIT,78,Random,OnArrival,3,15,5501,Node_523,8,0,10,8,10,,,,,,,,,
0,VISIT,80,Random,OnArrival,3,15,5501,Node_523,8,0,10,8,10,,,,,,,,,
0,VISIT,79,Random,OnArrival,3,14,5507,Node_540,3,0,10,3,10,,,,,,,,,
0,VISIT,77,Random,OnArrival,3,16,5514,Node_526,6,0,10,6,10,,,,,,,,,
0,VISIT,78,Random,OnArrival,3,16,5514,Node_526,6,0,10,6,10,,,,,,,,,
0,VISIT,79,Random,OnArrival,3,15,5514,Node_568,2,0,10,2,10,,,,,,,,,
0,VISIT,80,Random,OnArrival,3,16,5514,Node_526,6,0,10,6,10,,,,,,,,,
0,VISIT,72,Random,OnArrival,3,39,5520,Node_586,-3,0,17,-3,17,,,,,,,,,
0,VISIT,77,Random,OnArrival,3,17,5520,Node_533,5,0,10,5,10,,,,,,,,,
0,VISIT,78,Random,OnArrival,3,17,5520,Node_533,5,0,10,5,10,,,,,,,,,
0,VISIT,79,Random,OnArrival,3,16,5520,Node_629,1,0,10,1,10,,,,,,,,,
0,VISIT,80,Random,OnArrival,3,17,5520,Node_533,5,0,10,5,10,,,,,,,,,
0,VISIT,72,Random,OnArrival,3,40,5526,Node_747,-2,0,17,-2,17,,,,,,,,,
0,VISIT,73,Random,OnArrival,3,31,5526,Node_749,-10,0,11,-10,11,,,,,,,,,
0,VISIT,79,Random,OnArrival,3,17,5526,Node_634,0,0,10,0,10,,,,,,,,,
0,VISIT,72,Random,OnArrival,3,41,5533,Node_743,-2,0,18,-2,18,,,,,,,,,
0,VISIT,74,Random,OnArrival,3,35,5533,Node_638,-10,0,18,-10,18,,,,,,,,,
0,VISIT,75,Random,OnArrival,3,27,5533,Node_638,-10,0,18,-10,18,,,,,,,,,
0,VISIT,77,Random,OnArrival,3,18,5533,Node_540,3,0,10,3,10,,,,,,,,,
0,VISIT,78,Random,OnArrival,3,18,5533,Node_540,3,0,10,3,10,,,,,,,,,
0,VISIT,79,Random,OnArrival,3,18,5533,Node_636,0,0,9,0,9,,,,,,,,,
0,VISIT,80,Random,OnArrival,3,18,5533,Node_540,3,0,10,3,10,,,,,,,,,
0,VISIT,72,Random,OnArrival,3,42,5539,Node_696,-1,0,18,-1,18,,,,,,,,,
0,VISIT,77,Random,OnArrival,3,19,5539,Node_568,2,0,10,2,10,,,,,,,,,
0,VISIT,78,Random,OnArrival,3,19,5539,Node_568,2,0,10,2,10,,,,,,,,,
0,VISIT,79,Random,OnArrival,3,19,5539,Node_637,-1,0,9,-1,9,,,,,,,,,
0,VISIT,80,Random,OnArrival,3,19,5539,Node_568,2,0,10,2,10,,,,,,,,,
0,VISIT,72,Random,OnArrival,3,43,5545,Node_743,-2,0,18,-2,18,,,,,,,,,
0,VISIT,73,Random,OnArrival,3,32,5545,Node_753,-10,0,14,-10,14,,,,,,,,,
0,VISIT,77,Random,OnArrival,3,20,5545,Node_629,1,0,10,1,10,,,,,,,,,
0,VISIT,78,Random,OnArrival,3,20,5545,Node_629,1,0,10,1,10,,,,,,,,,
0,VISIT,79,Random,OnArrival,3,20,5545,Node_650,-1,0,8,-1,8,,,,,,,,,
0,VISIT,80,Random,OnArrival,3,20,5545,Node_629,1,0,10,1,10,,,,,,,,,
0,VISIT,72,Random,OnArrival,3,44,5551,Node_740,-2,0,19,-2,19,,,,,,,,,
0,VISIT,75,Random,OnArrival,3,28,5551,Node_755,-10,0,15,-10,15,,,,,,,,,
0,VISIT,76,Random,OnArrival,3,33,5551,Node_748,-9,0,16,-9,16,,,,,,,,,
0,VISIT,77,Random,OnArrival,3,21,5551,Node_634,0,0,10,0,10,,,,,,,,,
0,VISIT,78,Random,OnArrival,3,21,5551,Node_634,0,0,10,0,10,,,,,,,,,
0,VISIT,79,Random,OnArrival,3,21,5551,Node_653,-1,0,7,-1,7,,,,,,,,,
0,VISIT,80,Random,OnArrival,3,21,5551,Node_634,0,0,10,0,10,,,,,,,,,
0,VISIT,72,Random,OnArrival,3,45,5558,Node_698,-1,0,19,-1,19,,,,,,,,,
0,VISIT,73,Random,OnArrival,3,33,5558,Node_745,-9,0,15,-9,15,,,,,,,,,
0,VISIT,75,Random,OnArrival,3,29,5558,Node_745,-9,0,15,-9,15,,,,,,,,,
0,VISIT,76,Random,OnArrival,3,34,5558,Node_756,-10,0,16,-10,16,,,,,,,,,
0,VISIT,77,Random,OnArrival,3,22,5558,Node_636,0,0,9,0,9,,,,,,,,,
0,VISIT,78,Random,OnArrival,3,22,5558,Node_636,0,0,9,0,9,,,,,,,,,
0,VISIT,79,Random,OnArrival,3,22,5558,Node_659,-2,0,7,-2,7,,,,,,,,,
0,VISIT,80,Random,OnArrival,3,22,5558,Node_636,0,0,9,0,9,,,,,,,,,
0,VISIT,72,Random,OnArrival,3,46,5565,Node_700,-1,0,20,-1,20,,,,,,,,,
0,VISIT,73,Random,OnArrival,3,34,5565,Node_755,-10,0,15,-10,15,,,,,,,,,
0,VISIT,75,Random,OnArrival,3,30,5565,Node_757,-9,0,14,-9,14,,,,,,,,,
0,VISIT,76,Random,OnArrival,3,35,5565,Node_755,-10,0,15,-10,15,,,,,,,,,
0,VISIT,77,Random,OnArrival,3,23,5565,Node_637,-1,0,9,-1,9,,,,,,,,,
0,VISIT,78,Random,OnArrival,3,23,5565,Node_637,-1,0,9,-1,9,,,,,,,,,
0,VISIT,79,Random,OnArrival,3,23,5565,Node_656,-2,0,6,-2,6,,,,,,,,,
0,VISIT,80,Random,OnArrival,3,23,5565,Node_637,-1,0,9,-1,9,,,,,,,,,
0,VISIT,81,Random,OnArrival,3,0,5565,Node_6,19,0,12,19,12,,,,,,,,,
0,VISIT,82,Random,OnArrival,3,0,5565,Node_7,19,0,8,19,8,,,,,,,,,
0,VISIT,83,Random,OnArrival,3,0,5565,Node_8,17,0,10,17,10,,,,,,,,,
0,VISIT,84,Random,OnArrival,3,0,5565,Node_9,21,0,10,21,10,,,,,,,,,
0,VISIT,73,Random,OnArrival,3,35,5569,Node_753,-10,0,14,-10,14,,,,,,,,,
0,VISIT,75,Random,OnArrival,3,31,5569,Node_738,-8,0,14,-8,14,,,,,,,,,
0,VISIT,76,Random,OnArrival,3,36,5569,Node_753,-10,0,14,-10,14,,,,,,,,,
0,VISIT,77,Random,OnArrival,3,24,5569,Node_650,-1,0,8,-1,8,,,,,,,,,
0,VISIT,78,Random,OnArrival,3,24,5569,Node_650,-1,0,8,-1,8,,,,,,,,,
0,VISIT,80,Random,OnArrival,3,24,5569,Node_650,-1,0,8,-1,8,,,,,,,,,
0,VISIT,81,Random,OnArrival,3,1,5569,Node_2,19,0,11,19,11,,,,,,,,,
0,VISIT,82,Random,OnArrival,3,1,5569,Node_11,18,0,8,18,8,,,,,,,,,
0,VISIT,83,Random,OnArrival,3,1,5569,Node_24,16,0,10,16,10,,,,,,,,,
0,VISIT,84,Random,OnArrival,3,1,5569,Node_5,20,0,10,20,10,,,,,,,,,
0,VISIT,72,Random,OnArrival,3,47,5573,Node_732,1,0,20,1,20,,,,,,,,,
0,VISIT,75,Random,OnArrival,3,32,5573,Node_757,-9,0,14,-9,14,,,,,,,,,
0,VISIT,76,Random,OnArrival,3,37,5573,Node_757,-9,0,14,-9,14,,,,,,,,,
0,VISIT,77,Random,OnArrival,3,25,5573,Node_653,-1,0,7,-1,7,,,,,,,,,
0,VISIT,78,Random,OnArrival,3,25,5573,Node_653,-1,0,7,-1,7,,,,,,,,,
0,VISIT,79,Random,OnArrival,3,24,5573,Node_677,-4,0,6,-4,6,,,,,,,,,
0,VISIT,80,Random,OnArrival,3,25,5573,Node_653,-1,0,7,-1,7,,,,,,,,,
0,VISIT,81,Random,OnArrival,3,2,5573,Node_20,19,0,10,19,10,,,,,,,,,
0,VISIT,82,Random,OnArrival,3,2,5573,Node_15,18,0,9,18,9,,,,,,,,,
0,VISIT,83,Random,OnArrival,3,2,5573,Node_26,15,0,10,15,10,,,,,,,,,
0,VISIT,84,Random,OnArrival,3,2,5573,Node_20,19,0,10,19,10,,,,,,,,,
0,VISIT,72,Random,OnArrival,3,48,5577,Node_706,2,0,20,2,20,,,,,,,,,
0,VISIT,75,Random,OnArrival,3,33,5577,Node_753,-10,0,14,-10,14,,,,,,,,,
0,VISIT,76,Random,OnArrival,3,38,5577,Node_745,-9,0,15,-9,15,,,,,,,,,
0,VISIT,77,Random,OnArrival,3,26,5577,Node_655,-1,0,6,-1,6,,,,,,,,,
0,VISIT,78,Random,OnArrival,3,26,5577,Node_655,-1,0,6,-1,6,,,,,,,,,
0,VISIT,79,Random,OnArrival,3,25,5577,Node_728,-5,0,6,-5,6,,,,,,,,,
0,VISIT,80,Random,OnArrival,3,26,5577,Node_655,-1,0,6,-1,6,,,,,,,,,
0,VISIT,81,Random,OnArrival,3,3,5577,Node_4,18,0,10,18,10,,,,,,,,,
0,VISIT,82,Random,OnArrival,3,3,5577,Node_4,18,0,10,18,10,,,,,,,,,
0,VISIT,83,Random,OnArrival,3,3,5577,Node_37,14,0,10,14,10,,,,,,,,,
0,VISIT,84,Random,OnArrival,3,3,5577,Node_4,18,0,10,18,10,,,,,,,,,
0,VISIT,72,Random,OnArrival,3,49,5581,Node_708,2,0,21,2,21,,,,,,,,,
0,VISIT,73,Random,OnArrival,3,36,5581,Node_749,-10,0,11,-10,11,,,,,,,,,
0,VISIT,76,Random,OnArrival,3,39,5581,Node_741,-8,0,15,-8,15,,,,,,,,,
0,VISIT,77,Random,OnArrival,3,27,5581,Node_656,-2,0,6,-2,6,,,,,,,,,
0,VISIT,78,Random,OnArrival,3,27,5581,Node_656,-2,0,6,-2,6,,,,,,,,,
0,VISIT,79,Random,OnArrival,3,26,5581,Node_731,-6,0,6,-6,6,,,,,,,,,
0,VISIT,80,Random,OnArrival,3,27,5581,Node_656,-2,0,6,-2,6,,,,,,,,,
0,VISIT,81,Random,OnArrival,3,4,5581,Node_8,17,0,10,17,10,,,,,,,,,
0,VISIT,82,Random,OnArrival,3,4,5581,Node_8,17,0,10,17,10,,,,,,,,,
0,VISIT,83,Random,OnArrival,3,4,5581,Node_56,13,0,10,13,10,,,,,,,,,
0,VISIT,84,Random,OnArrival,3,4,5581,Node_8,17,0,10,17,10,,,,,,,,,
0,VISIT,72,Random,OnArrival,3,50,5585,Node_689,3,0,21,3,21,,,,,,,,,
0,VISIT,73,Random,OnArrival,3,37,5585,Node_750,-10,0,10,-10,10,,,,,,,,,
0,VISIT,76,Random,OnArrival,3,40,5585,Node_722,-7,0,15,-7,15,,,,,,,,,
0,VISIT,81,Random,OnArrival,3,5,5585,Node_24,16,0,10,16,10,,,,,,,,,
0,VISIT,82,Random,OnArrival,3,5,5585,Node_24,16,0,10,16,10,,,,,,,,,
0,VISIT,83,Random,OnArrival,3,5,5585,Node_166,13,0,9,13,9,,,,,,,,,
0,VISIT,84,Random,OnArrival,3,5,5585,Node_24,16,0,10,16,10,,,,,,,,,
0,VISIT,72,Random,OnArrival,3,51,5589,Node_688,3,0,20,3,20,,,,,,,,,
0,VISIT,73,Random,OnArrival,3,38,5589,Node_742,-9,0,10,-9,10,,,,,,,,,
0,VISIT,75,Random,OnArrival,3,34,5589,Node_749,-10,0,11,-10,11,,,,,,,,,
0,VISIT,76,Random,OnArrival,3,41,5589,Node_741,-8,0,15,-8,15,,,,,,,,,
0,VISIT,77,Random,OnArrival,3,28,5589,Node_677,-4,0,6,-4,6,,,,,,,,,
0,VISIT,78,Random,OnArrival,3,28,5589,Node_677,-4,0,6,-4,6,,,,,,,,,
0,VISIT,79,Random,OnArrival,3,27,5589,Node_734,-7,0,7,-7,7,,,,,,,,,
0,VISIT,80,Random,OnArrival,3,28,5589,Node_677,-4,0,6,-4,6,,,,,,,,,
0,VISIT,81,Random,OnArrival,3,6,5589,Node_26,15,0,10,15,10,,,,,,,,,
0,VISIT,82,Random,OnArrival,3,6,5589,Node_26,15,0,10,15,10,,,,,,,,,
0,VISIT,83,Random,OnArrival,3,6,5589,Node_182,12,0,9,12,9,,,,,,,,,
0,VISIT,84,Random,OnArrival,3,6,5589,Node_26,15,0,10,15,10,,,,,,,,,
0,VISIT,72,Random,OnArrival,3,52,5593,Node_706,2,0,20,2,20,,,,,,,,,
0,VISIT,73,Random,OnArrival,3,39,5593,Node_739,-8,0,10,-8,10,,,,,,,,,
0,VISIT,75,Random,OnArrival,3,35,5593,Node_746,-9,0,11,-9,11,,,,,,,,,
0,VISIT,76,Random,OnArrival,3,42,5593,Node_745,-9,0,15,-9,15,,,,,,,,,
0,VISIT,77,Random,OnArrival,3,29,5593,Node_678,-4,0,7,-4,7,,,,,,,,,
0,VISIT,78,Random,OnArrival,3,29,5593,Node_678,-4,0,7,-4,7,,,,,,,,,
0,VISIT,79,Random,OnArrival,3,28,5593,Node_733,-6,0,7,-6,7,,,,,,,,,
0,VISIT,81,Random,OnArrival,3,7,5593,Node_37,14,0,10,14,10,,,,,,,,,
0,VISIT,82,Random,OnArrival,3,7,5593,Node_37,14,0,10,14,10,,,,,,,,,
0,VISIT,83,Random,OnArrival,3,7,5593,Node_192,11,0,9,11,9,,,,,,,,,
0,VISIT,84,Random,OnArrival,3,7,5593,Node_37,14,0,10,14,10,,,,,,,,,
0,VISIT,72,Random,OnArrival,3,53,5597,Node_732,1,0,20,1,20,,,,,,,,,
0,VISIT,73,Random,OnArrival,3,40,5597,Node_724,-7,0,10,-7,10,,,,,,,,,
0,VISIT,75,Random,OnArrival,3,36,5597,Node_736,-8,0,11,-8,11,,,,,,,,,
0,VISIT,76,Random,OnArrival,3,43,5597,Node_748,-9,0,16,-9,16,,,,,,,,,
0,VISIT,77,Random,OnArrival,3,30,5597,Node_725,-5,0,7,-5,7,,,,,,,,,
0,VISIT,78,Random,OnArrival,3,30,5597,Node_725,-5,0,7,-5,7,,,,,,,,,
0,VISIT,79,Random,OnArrival,3,29,5597,Node_725,-5,0,7,-5,7,,,,,,,,,
0,VISIT,80,Random,OnArrival,3,29,5597,Node_656,-2,0,6,-2,6,,,,,,,,,
0,VISIT,81,Random,OnArrival,3,8,5597,Node_56,13,0,10,13,10,,,,,,,,,
0,VISIT,82,Random,OnArrival,3,8,5597,Node_56,13,0,10,13,10,,,,,,,,,
0,VISIT,83,Random,OnArrival,3,8,5597,Node_463,10,0,9,10,9,,,,,,,,,
0,VISIT,84,Random,OnArrival,3,8,5597,Node_56,13,0,10,13,10,,,,,,,,,
0,VISIT,73,Random,OnArrival,3,41,5601,Node_739,-8,0,10,-8,10,,,,,,,,,
0,VISIT,75,Random,OnArrival,3,37,5601,Node_739,-8,0,10,-8,10,,,,,,,,,
0,VISIT,76,Random,OnArrival,3,44,5601,Node_751,-9,0,17,-9,17,,,,,,,,,
0,VISIT,77,Random,OnArrival,3,31,5601,Node_733,-6,0,7,-6,7,,,,,,,,,
0,VISIT,78,Random,OnArrival,3,31,5601,Node_733,-6,0,7,-6,7,,,,,,,,,
0,VISIT,79,Random,OnArrival,3,30,5601,Node_733,-6,0,7,-6,7,,,,,,,,,
0,VISIT,81,Random,OnArrival,3,9,5601,Node_166,13,0,9,13,9,,,,,,,,,
0,VISIT,82,Random,OnArrival,3,9,5601,Node_166,13,0,9,13,9,,,,,,,,,
0,VISIT,83,Random,OnArrival,3,9,5601,Node_465,10,0,10,10,10,,,,,,,,,
0,VISIT,84,Random,OnArrival,3,9,5601,Node_166,13,0,9,13,9,,,,,,,,,
0,VISIT,72,Random,OnArrival,3,54,5605,Node_700,-1,0,20,-1,20,,,,,,,,,
0,VISIT,73,Random,OnArrival,3,42,5605,Node_742,-9,0,10,-9,10,,,,,,,,,
0,VISIT,75,Random,OnArrival,3,38,5605,Node_742,-9,0,10,-9,10,,,,,,,,,
0,VISIT,76,Random,OnArrival,3,45,5605,Node_754,-10,0,17,-10,17,,,,,,,,,
0,VISIT,77,Random,OnArrival,3,32,5605,Node_734,-7,0,7,-7,7,,,,,,,,,
0,VISIT,78,Random,OnArrival,3,32,5605,Node_734,-7,0,7,-7,7,,,,,,,,,
0,VISIT,79,Random,OnArrival,3,31,5605,Node_734,-7,0,7,-7,7,,,,,,,,,
0,VISIT,80,Random,OnArrival,3,30,5605,Node_580,-2,0,4,-2,4,,,,,,,,,
0,VISIT,81,Random,OnArrival,3,10,5605,Node_182,12,0,9,12,9,,,,,,,,,
0,VISIT,82,Random,OnArrival,3,10,5605,Node_182,12,0,9,12,9,,,,,,,,,
0,VISIT,83,Random,OnArrival,3,10,5605,Node_528,9,0,10,9,10,,,,,,,,,
0,VISIT,84,Random,OnArrival,3,10,5605,Node_182,12,0,9,12,9,,,,,,,,,
0,VISIT,72,Random,OnArrival,3,55,5609,Node_698,-1,0,19,-1,19,,,,,,,,,
0,VISIT,73,Random,OnArrival,3,43,5609,Node_750,-10,0,10,-10,10,,,,,,,,,
0,VISIT,75,Random,OnArrival,3,39,5609,Node_750,-10,0,10,-10,10,,,,,,,,,
0,VISIT,76,Random,OnArrival,3,46,5609,Node_638,-10,0,18,-10,18,,,,,,,,,
0,VISIT,77,Random,OnArrival,3,33,5609,Node_735,-7,0,8,-7,8,,,,,,,,,
0,VISIT,78,Random,OnArrival,3,33,5609,Node_735,-7,0,8,-7,8,,,,,,,,,
0,VISIT,79,Random,OnArrival,3,32,5609,Node_735,-7,0,8,-7,8,,,,,,,,,
0,VISIT,80,Random,OnArrival,3,31,5609,Node_652,-3,0,4,-3,4,,,,,,,,,
0,VISIT,81,Random,OnArrival,3,11,5609,Node_192,11,0,9,11,9,,,,,,,,,
0,VISIT,82,Random,OnArrival,3,11,5609,Node_192,11,0,9,11,9,,,,,,,,,
0,VISIT,83,Random,OnArrival,3,11,5609,Node_523,8,0,10,8,10,,,,,,,,,
0,VISIT,84,Random,OnArrival,3,11,5609,Node_192,11,0,9,11,9,,,,,,,,,
0,VISIT,72,Random,OnArrival,3,56,5613,Node_696,-1,0,18,-1,18,,,,,,,,,
0,VISIT,81,Random,OnArrival,3,12,5613,Node_463,10,0,9,10,9,,,,,,,,,
0,VISIT,82,Random,OnArrival,3,12,5613,Node_463,10,0,9,10,9,,,,,,,,,
0,VISIT,84,Random,OnArrival,3,12,5613,Node_463,10,0,9,10,9,,,,,,,,,
0,VISIT,72,Random,OnArrival,3,57,5617,Node_743,-2,0,18,-2,18,,,,,,,,,
0,VISIT,73,Random,OnArrival,3,44,5617,Node_744,-10,0,8,-10,8,,,,,,,,,
0,VISIT,75,Random,OnArrival,3,40,5617,Node_744,-10,0,8,-10,8,,,,,,,,,
0,VISIT,76,Random,OnArrival,3,47,5617,Node_635,-10,0,20,-10,20,,,,,,,,,
0,VISIT,81,Random,OnArrival,3,13,5617,Node_465,10,0,10,10,10,,,,,,,,,
0,VISIT,82,Random,OnArrival,3,13,5617,Node_465,10,0,10,10,10,,,,,,,,,
0,VISIT,83,Random,OnArrival,3,12,5617,Node_526,6,0,10,6,10,,,,,,,,,
0,VISIT,84,Random,OnArrival,3,13,5617,Node_465,10,0,10,10,10,,,,,,,,,
0,VISIT,72,Random,OnArrival,3,58,5621,Node_747,-2,0,17,-2,17,,,,,,,,,
0,VISIT,76,Random,OnArrival,3,48,5621,Node_608,-9,0,20,-9,20,,,,,,,,,
0,VISIT,77,Random,OnArrival,3,34,5621,Node_744,-10,0,8,-10,8,,,,,,,,,
0,VISIT,78,Random,OnArrival,3,34,5621,Node_744,-10,0,8,-10,8,,,,,,,,,
0,VISIT,79,Random,OnArrival,3,33,5621,Node_744,-10,0,8,-10,8,,,,,,,,,
0,VISIT,81,Random,OnArrival,3,14,5621,Node_528,9,0,10,9,10,,,,,,,,,
0,VISIT,82,Random,OnArrival,3,14,5621,Node_528,9,0,10,9,10,,,,,,,,,
0,VISIT,83,Random,OnArrival,3,13,5621,Node_529,6,0,9,6,9,,,,,,,,,
0,VISIT,84,Random,OnArrival,3,14,5621,Node_528,9,0,10,9,10,,,,,,,,,
0,VISIT,72,Random,OnArrival,3,59,5625,Node_586,-3,0,17,-3,17,,,,,,,,,
0,VISIT,80,Random,OnArrival,3,32,5625,Node_660,-7,0,4,-7,4,,,,,,,,,
0,VISIT,81,Random,OnArrival,3,15,5625,Node_523,8,0,10,8,10,,,,,,,,,
0,VISIT,82,Random,OnArrival,3,15,5625,Node_523,8,0,10,8,10,,,,,,,,,
0,VISIT,83,Random,OnArrival,3,14,5625,Node_531,5,0,9,5,9,,,,,,,,,
0,VISIT,84,Random,OnArrival,3,15,5625,Node_523,8,0,10,8,10,,,,,,,,,
0,VISIT,72,Random,OnArrival,3,60,5629,Node_585,-3,0,16,-3,16,,,,,,,,,
0,VISIT,76,Random,OnArrival,3,49,5629,Node_600,-7,0,20,-7,20,,,,,,,,,
0,VISIT,77,Random,OnArrival,3,35,5629,Node_759,-10,0,6,-10,6,,,,,,,,,
0,VISIT,78,Random,OnArrival,3,35,5629,Node_759,-10,0,6,-10,6,,,,,,,,,
0,VISIT,79,Random,OnArrival,3,34,5629,Node_759,-10,0,6,-10,6,,,,,,,,,
0,VISIT,72,Random,OnArrival,3,61,5636,Node_654,-4,0,16,-4,16,,,,,,,,,
0,VISIT,78,Random,OnArrival,3,36,5636,Node_760,-9,0,6,-9,6,,,,,,,,,
0,VISIT,79,Random,OnArrival,3,35,5636,Node_760,-9,0,6,-9,6,,,,,,,,,
0,VISIT,80,Random,OnArrival,3,33,5636,Node_758,-7,0,6,-7,6,,,,,,,,,
0,VISIT,81,Random,OnArrival,3,16,5636,Node_526,6,0,10,6,10,,,,,,,,,
0,VISIT,82,Random,OnArrival,3,16,5636,Node_526,6,0,10,6,10,,,,,,,,,
0,VISIT,84,Random,OnArrival,3,16,5636,Node_526,6,0,10,6,10,,,,,,,,,
0,VISIT,72,Random,OnArrival,3,62,5641,Node_588,-4,0,17,-4,17,,,,,,,,,
0,VISIT,76,Random,OnArrival,3,50,5641,Node_597,-5,0,20,-5,20,,,,,,,,,
0,VISIT,77,Random,OnArrival,3,36,5641,Node_744,-10,0,8,-10,8,,,,,,,,,
0,VISIT,81,Random,OnArrival,3,17,5641,Node_529,6,0,9,6,9,,,,,,,,,
0,VISIT,82,Random,OnArrival,3,17,5641,Node_529,6,0,9,6,9,,,,,,,,,
0,VISIT,83,Random,OnArrival,3,15,5641,Node_560,5,0,6,5,6,,,,,,,,,
0,VISIT,84,Random,OnArrival,3,17,5641,Node_529,6,0,9,6,9,,,,,,,,,
0,VISIT,72,Random,OnArrival,3,63,5646,Node_657,-5,0,17,-5,17,,,,,,,,,
0,VISIT,81,Random,OnArrival,3,18,5646,Node_531,5,0,9,5,9,,,,,,,,,
0,VISIT,82,Random,OnArrival,3,18,5646,Node_531,5,0,9,5,9,,,,,,,,,
0,VISIT,83,Random,OnArrival,3,16,5646,Node_563,5,0,5,5,5,,,,,,,,,
0,VISIT,84,Random,OnArrival,3,18,5646,Node_531,5,0,9,5,9,,,,,,,,,
0,VISIT,72,Random,OnArrival,3,64,5651,Node_665,-6,0,17,-6,17,,,,,,,,,
0,VISIT,76,Random,OnArrival,3,51,5651,Node_597,-5,0,20,-5,20,,,,,,,,,
0,VISIT,78,Random,OnArrival,3,37,5651,Node_763,-8,0,6,-8,6,,,,,,,,,
0,VISIT,79,Random,OnArrival,3,36,5651,Node_763,-8,0,6,-8,6,,,,,,,,,
0,VISIT,80,Random,OnArrival,3,34,5651,Node_761,-7,0,5,-7,5,,,,,,,,,
0,VISIT,77,Random,OnArrival,3,37,5658,Node_735,-7,0,8,-7,8,,,,,,,,,
0,VISIT,78,Random,OnArrival,3,38,5658,Node_760,-9,0,6,-9,6,,,,,,,,,
0,VISIT,79,Random,OnArrival,3,37,5658,Node_760,-9,0,6,-9,6,,,,,,,,,
0,VISIT,80,Random,OnArrival,3,35,5658,Node_660,-7,0,4,-7,4,,,,,,,,,
0,VISIT,83,Random,OnArrival,3,17,5658,Node_566,5,0,3,5,3,,,,,,,,,
0,VISIT,76,Random,OnArrival,3,52,5665,Node_593,-5,0,18,-5,18,,,,,,,,,
0,VISIT,77,Random,OnArrival,3,38,5665,Node_734,-7,0,7,-7,7,,,,,,,,,
0,VISIT,78,Random,OnArrival,3,39,5665,Node_762,-9,0,5,-9,5,,,,,,,,,
0,VISIT,79,Random,OnArrival,3,38,5665,Node_762,-9,0,5,-9,5,,,,,,,,,
0,VISIT,81,Random,OnArrival,3,19,5665,Node_560,5,0,6,5,6,,,,,,,,,
0,VISIT,82,Random,OnArrival,3,19,5665,Node_560,5,0,6,5,6,,,,,,,,,
0,VISIT,84,Random,OnArrival,3,19,5665,Node_560,5,0,6,5,6,,,,,,,,,
0,VISIT,85,Random,OnArrival,3,0,5665,Node_6,19,0,12,19,12,,,,,,,,,
0,VISIT,86,Random,OnArrival,3,0,5665,Node_7,19,0,8,19,8,,,,,,,,,
0,VISIT,87,Random,OnArrival,3,0,5665,Node_8,17,0,10,17,10,,,,,,,,,
0,VISIT,88,Random,OnArrival,3,0,5665,Node_9,21,0,10,21,10,,,,,,,,,
0,VISIT,72,Random,OnArrival,3,65,5669,Node_751,-9,0,17,-9,17,,,,,,,,,
0,VISIT,76,Random,OnArrival,3,53,5669,Node_657,-5,0,17,-5,17,,,,,,,,,
0,VISIT,77,Random,OnArrival,3,39,5669,Node_758,-7,0,6,-7,6,,,,,,,,,
0,VISIT,78,Random,OnArrival,3,40,5669,Node_765,-8,0,5,-8,5,,,,,,,,,
0,VISIT,79,Random,OnArrival,3,39,5669,Node_765,-8,0,5,-8,5,,,,,,,,,
0,VISIT,81,Random,OnArrival,3,20,5669,Node_563,5,0,5,5,5,,,,,,,,,
0,VISIT,82,Random,OnArrival,3,20,5669,Node_563,5,0,5,5,5,,,,,,,,,
0,VISIT,83,Random,OnArrival,3,18,5669,Node_569,3,0,3,3,3,,,,,,,,,
0,VISIT,84,Random,OnArrival,3,20,5669,Node_563,5,0,5,5,5,,,,,,,,,
0,VISIT,85,Random,OnArrival,3,1,5669,Node_2,19,0,11,19,11,,,,,,,,,
0,VISIT,86,Random,OnArrival,3,1,5669,Node_11,18,0,8,18,8,,,,,,,,,
0,VISIT,87,Random,OnArrival,3,1,5669,Node_24,16,0,10,16,10,,,,,,,,,
0,VISIT,88,Random,OnArrival,3,1,5669,Node_5,20,0,10,20,10,,,,,,,,,
0,VISIT,72,Random,OnArrival,3,66,5673,Node_752,-9,0,18,-9,18,,,,,,,,,
0,VISIT,76,Random,OnArrival,3,54,5673,Node_665,-6,0,17,-6,17,,,,,,,,,
0,VISIT,77,Random,OnArrival,3,40,5673,Node_761,-7,0,5,-7,5,,,,,,,,,
0,VISIT,78,Random,OnArrival,3,41,5673,Node_761,-7,0,5,-7,5,,,,,,,,,
0,VISIT,79,Random,OnArrival,3,40,5673,Node_761,-7,0,5,-7,5,,,,,,,,,
0,VISIT,85,Random,OnArrival,3,2,5673,Node_20,19,0,10,19,10,,,,,,,,,
0,VISIT,86,Random,OnArrival,3,2,5673,Node_91,17,0,8,17,8,,,,,,,,,
0,VISIT,87,Random,OnArrival,3,2,5673,Node_26,15,0,10,15,10,,,,,,,,,
0,VISIT,88,Random,OnArrival,3,2,5673,Node_20,19,0,10,19,10,,,,,,,,,
0,VISIT,72,Random,OnArrival,3,67,5677,Node_638,-10,0,18,-10,18,,,,,,,,,
0,VISIT,77,Random,OnArrival,3,41,5677,Node_660,-7,0,4,-7,4,,,,,,,,,
0,VISIT,78,Random,OnArrival,3,42,5677,Node_660,-7,0,4,-7,4,,,,,,,,,
0,VISIT,79,Random,OnArrival,3,41,5677,Node_660,-7,0,4,-7,4,,,,,,,,,
0,VISIT,81,Random,OnArrival,3,21,5677,Node_566,5,0,3,5,3,,,,,,,,,
0,VISIT,82,Random,OnArrival,3,21,5677,Node_566,5,0,3,5,3,,,,,,,,,
0,VISIT,84,Random,OnArrival,3,21,5677,Node_566,5,0,3,5,3,,,,,,,,,
0,VISIT,85,Random,OnArrival,3,3,5677,Node_4,18,0,10,18,10,,,,,,,,,
0,VISIT,86,Random,OnArrival,3,3,5677,Node_98,17,0,7,17,7,,,,,,,,,
0,VISIT,87,Random,OnArrival,3,3,5677,Node_37,14,0,10,14,10,,,,,,,,,
0,VISIT,88,Random,OnArrival,3,3,5677,Node_4,18,0,10,18,10,,,,,,,,,
0,VISIT,83,Random,OnArrival,3,19,5681,Node_639,3,0,0,3,0,,,,,,,,,
0,VISIT,85,Random,OnArrival,3,4,5681,Node_8,17,0,10,17,10,,,,,,,,,
0,VISIT,86,Random,OnArrival,3,4,5681,Node_102,16,0,7,16,7,,,,,,,,,
0,VISIT,87,Random,OnArrival,3,4,5681,Node_56,13,0,10,13,10,,,,,,,,,
0,VISIT,88,Random,OnArrival,3,4,5681,Node_8,17,0,10,17,10,,,,,,,,,
0,VISIT,72,Random,OnArrival,3,68,5685,Node_635,-10,0,20,-10,20,,,,,,,,,
0,VISIT,76,Random,OnArrival,3,55,5685,Node_751,-9,0,17,-9,17,,,,,,,,,
0,VISIT,78,Random,OnArrival,3,43,5685,Node_766,-7,0,2,-7,2,,,,,,,,,
0,VISIT,79,Random,OnArrival,3,42,5685,Node_766,-7,0,2,-7,2,,,,,,,,,
0,VISIT,81,Random,OnArrival,3,22,5685,Node_569,3,0,3,3,3,,,,,,,,,
0,VISIT,82,Random,OnArrival,3,22,5685,Node_569,3,0,3,3,3,,,,,,,,,
0,VISIT,84,Random,OnArrival,3,22,5685,Node_569,3,0,3,3,3,,,,,,,,,
0,VISIT,85,Random,OnArrival,3,5,5685,Node_24,16,0,10,16,10,,,,,,,,,
0,VISIT,86,Random,OnArrival,3,5,5685,Node_126,16,0,6,16,6,,,,,,,,,
0,VISIT,87,Random,OnArrival,3,5,5685,Node_166,13,0,9,13,9,,,,,,,,,
0,VISIT,88,Random,OnArrival,3,5,5685,Node_24,16,0,10,16,10,,,,,,,,,
0,VISIT,72,Random,OnArrival,3,69,5689,Node_632,-10,0,21,-10,21,,,,,,,,,
0,VISIT,76,Random,OnArrival,3,56,5689,Node_752,-9,0,18,-9,18,,,,,,,,,
0,VISIT,85,Random,OnArrival,3,6,5689,Node_26,15,0,10,15,10,,,,,,,,,
0,VISIT,86,Random,OnArrival,3,6,5689,Node_113,15,0,6,15,6,,,,,,,,,
0,VISIT,87,Random,OnArrival,3,6,5689,Node_182,12,0,9,12,9,,,,,,,,,
0,VISIT,88,Random,OnArrival,3,6,5689,Node_26,15,0,10,15,10,,,,,,,,,
0,VISIT,72,Random,OnArrival,3,70,5693,Node_611,-9,0,21,-9,21,,,,,,,,,
0,VISIT,76,Random,OnArrival,3,57,5693,Node_638,-10,0,18,-10,18,,,,,,,,,
0,VISIT,77,Random,OnArrival,3,42,5693,Node_652,-3,0,4,-3,4,,,,,,,,,
0,VISIT,85,Random,OnArrival,3,7,5693,Node_37,14,0,10,14,10,,,,,,,,,
0,VISIT,86,Random,OnArrival,3,7,5693,Node_116,15,0,5,15,5,,,,,,,,,
0,VISIT,87,Random,OnArrival,3,7,5693,Node_192,11,0,9,11,9,,,,,,,,,
0,VISIT,88,Random,OnArrival,3,7,5693,Node_37,14,0,10,14,10,,,,,,,,,
0,VISIT,72,Random,OnArrival,3,71,5697,Node_608,-9,0,20,-9,20,,,,,,,,,
0,VISIT,80,Random,OnArrival,3,36,5697,Node_767,-10,0,2,-10,2,,,,,,,,,
0,VISIT,81,Random,OnArrival,3,23,5697,Node_639,3,0,0,3,0,,,,,,,,,
0,VISIT,82,Random,OnArrival,3,23,5697,Node_639,3,0,0,3,0,,,,,,,,,
0,VISIT,84,Random,OnArrival,3,23,5697,Node_639,3,0,0,3,0,,,,,,,,,
0,VISIT,85,Random,OnArrival,3,8,5697,Node_56,13,0,10,13,10,,,,,,,,,
0,VISIT,86,Random,OnArrival,3,8,5697,Node_119,15,0,4,15,4,,,,,,,,,
0,VISIT,87,Random,OnArrival,3,8,5697,Node_463,10,0,9,10,9,,,,,,,,,
0,VISIT,88,Random,OnArrival,3,8,5697,Node_56,13,0,10,13,10,,,,,,,,,
0,VISIT,72,Random,OnArrival,3,72,5701,Node_635,-10,0,20,-10,20,,,,,,,,,
0,VISIT,76,Random,OnArrival,3,58,5701,Node_635,-10,0,20,-10,20,,,,,,,,,
0,VISIT,77,Random,OnArrival,3,43,5701,Node_649,-3,0,2,-3,2,,,,,,,,,
0,VISIT,85,Random,OnArrival,3,9,5701,Node_166,13,0,9,13,9,,,,,,,,,
0,VISIT,86,Random,OnArrival,3,9,5701,Node_121,15,0,3,15,3,,,,,,,,,
0,VISIT,87,Random,OnArrival,3,9,5701,Node_465,10,0,10,10,10,,,,,,,,,
0,VISIT,88,Random,OnArrival,3,9,5701,Node_166,13,0,9,13,9,,,,,,,,,
0,VISIT,76,Random,OnArrival,3,59,5705,Node_632,-10,0,21,-10,21,,,,,,,,,
0,VISIT,85,Random,OnArrival,3,10,5705,Node_182,12,0,9,12,9,,,,,,,,,
0,VISIT,86,Random,OnArrival,3,10,5705,Node_139,15,0,2,15,2,,,,,,,,,
0,VISIT,87,Random,OnArrival,3,10,5705,Node_528,9,0,10,9,10,,,,,,,,,
0,VISIT,88,Random,OnArrival,3,10,5705,Node_182,12,0,9,12,9,,,,,,,,,
0,VISIT,72,Random,OnArrival,3,73,5710,Node_638,-10,0,18,-10,18,,,,,,,,,
0,VISIT,76,Random,OnArrival,3,60,5710,Node_617,-10,0,22,-10,22,,,,,,,,,
0,VISIT,85,Random,OnArrival,3,11,5710,Node_192,11,0,9,11,9,,,,,,,,,
0,VISIT,86,Random,OnArrival,3,11,5710,Node_146,14,0,2,14,2,,,,,,,,,
0,VISIT,87,Random,OnArrival,3,11,5710,Node_523,8,0,10,8,10,,,,,,,,,
0,VISIT,88,Random,OnArrival,3,11,5710,Node_192,11,0,9,11,9,,,,,,,,,
0,VISIT,72,Random,OnArrival,3,74,5715,Node_754,-10,0,17,-10,17,,,,,,,,,
0,VISIT,77,Random,OnArrival,3,44,5715,Node_768,-6,0,2,-6,2,,,,,,,,,
0,VISIT,85,Random,OnArrival,3,12,5715,Node_463,10,0,9,10,9,,,,,,,,,
0,VISIT,86,Random,OnArrival,3,12,5715,Node_450,13,0,2,13,2,,,,,,,,,
0,VISIT,88,Random,OnArrival,3,12,5715,Node_463,10,0,9,10,9,,,,,,,,,
0,VISIT,72,Random,OnArrival,3,75,5720,Node_756,-10,0,16,-10,16,,,,,,,,,
0,VISIT,76,Random,OnArrival,3,61,5720,Node_621,-10,0,24,-10,24,,,,,,,,,
0,VISIT,77,Random,OnArrival,3,45,5720,Node_766,-7,0,2,-7,2,,,,,,,,,
0,VISIT,81,Random,OnArrival,3,24,5720,Node_644,-1,0,1,-1,1,,,,,,,,,
0,VISIT,82,Random,OnArrival,3,24,5720,Node_644,-1,0,1,-1,1,,,,,,,,,
0,VISIT,84,Random,OnArrival,3,24,5720,Node_644,-1,0,1,-1,1,,,,,,,,,
0,VISIT,85,Random,OnArrival,3,13,5720,Node_465,10,0,10,10,10,,,,,,,,,
0,VISIT,86,Random,OnArrival,3,13,5720,Node_146,14,0,2,14,2,,,,,,,,,
0,VISIT,87,Random,OnArrival,3,12,5720,Node_526,6,0,10,6,10,,,,,,,,,
0,VISIT,88,Random,OnArrival,3,13,5720,Node_465,10,0,10,10,10,,,,,,,,,
0,VISIT,72,Random,OnArrival,3,76,5725,Node_755,-10,0,15,-10,15,,,,,,,,,
0,VISIT,76,Random,OnArrival,3,62,5725,Node_623,-10,0,25,-10,25,,,,,,,,,
0,VISIT,82,Random,OnArrival,3,25,5725,Node_780,0,0,1,0,1,,,,,,,,,
0,VISIT,85,Random,OnArrival,3,14,5725,Node_528,9,0,10,9,10,,,,,,,,,
0,VISIT,86,Random,OnArrival,3,14,5725,Node_139,15,0,2,15,2,,,,,,,,,
0,VISIT,87,Random,OnArrival,3,13,5725,Node_529,6,0,9,6,9,,,,,,,,,
0,VISIT,88,Random,OnArrival,3,14,5725,Node_528,9,0,10,9,10,,,,,,,,,
0,VISIT,72,Random,OnArrival,3,77,5730,Node_753,-10,0,14,-10,14,,,,,,,,,
0,VISIT,76,Random,OnArrival,3,63,5730,Node_627,-9,0,25,-9,25,,,,,,,,,
0,VISIT,78,Random,OnArrival,3,44,5730,Node_776,-10,0,-1,-10,-1,,,,,,,,,
0,VISIT,79,Random,OnArrival,3,43,5730,Node_776,-10,0,-1,-10,-1,,,,,,,,,
0,VISIT,81,Random,OnArrival,3,25,5730,Node_647,-3,0,1,-3,1,,,,,,,,,
0,VISIT,82,Random,OnArrival,3,26,5730,Node_777,0,0,0,0,0,,,,,,,,,
0,VISIT,84,Random,OnArrival,3,25,5730,Node_647,-3,0,1,-3,1,,,,,,,,,
0,VISIT,85,Random,OnArrival,3,15,5730,Node_523,8,0,10,8,10,,,,,,,,,
0,VISIT,86,Random,OnArrival,3,15,5730,Node_453,15,0,1,15,1,,,,,,,,,
0,VISIT,87,Random,OnArrival,3,14,5730,Node_531,5,0,9,5,9,,,,,,,,,
0,VISIT,88,Random,OnArrival,3,15,5730,Node_523,8,0,10,8,10,,,,,,,,,
0,VISIT,77,Random,OnArrival,3,46,5735,Node_767,-10,0,2,-10,2,,,,,,,,,
0,VISIT,86,Random,OnArrival,3,16,5735,Node_149,14,0,1,14,1,,,,,,,,,
0,VISIT,85,Random,OnArrival,3,16,5742,Node_526,6,0,10,6,10,,,,,,,,,
0,VISIT,86,Random,OnArrival,3,17,5742,Node_453,15,0,1,15,1,,,,,,,,,
0,VISIT,88,Random,OnArrival,3,16,5742,Node_526,6,0,10,6,10,,,,,,,,,
0,VISIT,72,Random,OnArrival,3,78,5748,Node_749,-10,0,11,-10,11,,,,,,,,,
0,VISIT,85,Random,OnArrival,3,17,5748,Node_529,6,0,9,6,9,,,,,,,,,
0,VISIT,86,Random,OnArrival,3,18,5748,Node_457,15,0,0,15,0,,,,,,,,,
0,VISIT,87,Random,OnArrival,3,15,5748,Node_560,5,0,6,5,6,,,,,,,,,
0,VISIT,88,Random,OnArrival,3,17,5748,Node_529,6,0,9,6,9,,,,,,,,,
0,VISIT,72,Random,OnArrival,3,79,5754,Node_750,-10,0,10,-10,10,,,,,,,,,
0,VISIT,77,Random,OnArrival,3,47,5754,Node_776,-10,0,-1,-10,-1,,,,,,,,,
0,VISIT,78,Random,OnArrival,3,45,5754,Node_783,-10,0,-5,-10,-5,,,,,,,,,
0,VISIT,79,Random,OnArrival,3,44,5754,Node_783,-10,0,-5,-10,-5,,,,,,,,,
0,VISIT,81,Random,OnArrival,3,26,5754,Node_788,-3,0,-3,-3,-3,,,,,,,,,
0,VISIT,84,Random,OnArrival,3,26,5754,Node_788,-3,0,-3,-3,-3,,,,,,,,,
0,VISIT,85,Random,OnArrival,3,18,5754,Node_531,5,0,9,5,9,,,,,,,,,
0,VISIT,86,Random,OnArrival,3,19,5754,Node_152,14,0,0,14,0,,,,,,,,,
0,VISIT,88,Random,OnArrival,3,18,5754,Node_531,5,0,9,5,9,,,,,,,,,
0,VISIT,82,Random,OnArrival,3,27,5760,Node_785,-2,0,-3,-2,-3,,,,,,,,,
0,VISIT,83,Random,OnArrival,3,20,5760,Node_784,-3,0,0,-3,0,,,,,,,,,
0,VISIT,87,Random,OnArrival,3,16,5760,Node_610,3,0,6,3,6,,,,,,,,,
0,VISIT,72,Random,OnArrival,3,80,5767,Node_744,-10,0,8,-10,8,,,,,,,,,
0,VISIT,77,Random,OnArrival,3,48,5767,Node_781,-8,0,-1,-8,-1,,,,,,,,,
0,VISIT,82,Random,OnArrival,3,28,5767,Node_788,-3,0,-3,-3,-3,,,,,,,,,
0,VISIT,87,Random,OnArrival,3,17,5767,Node_658,2,0,6,2,6,,,,,,,,,
0,VISIT,77,Random,OnArrival,3,49,5773,Node_774,-7,0,-1,-7,-1,,,,,,,,,
0,VISIT,80,Random,OnArrival,3,37,5773,Node_794,-5,0,-3,-5,-3,,,,,,,,,
0,VISIT,82,Random,OnArrival,3,29,5773,Node_785,-2,0,-3,-2,-3,,,,,,,,,
0,VISIT,85,Random,OnArrival,3,19,5773,Node_560,5,0,6,5,6,,,,,,,,,
0,VISIT,86,Random,OnArrival,3,20,5773,Node_475,14,0,-3,14,-3,,,,,,,,,
0,VISIT,88,Random,OnArrival,3,19,5773,Node_560,5,0,6,5,6,,,,,,,,,
0,VISIT,77,Random,OnArrival,3,50,5779,Node_775,-7,0,-2,-7,-2,,,,,,,,,
0,VISIT,78,Random,OnArrival,3,46,5779,Node_790,-6,0,-5,-6,-5,,,,,,,,,
0,VISIT,79,Random,OnArrival,3,45,5779,Node_790,-6,0,-5,-6,-5,,,,,,,,,
0,VISIT,82,Random,OnArrival,3,30,5779,Node_791,-1,0,-3,-1,-3,,,,,,,,,
0,VISIT,72,Random,OnArrival,3,81,5786,Node_735,-7,0,8,-7,8,,,,,,,,,
0,VISIT,77,Random,OnArrival,3,51,5786,Node_779,-8,0,-2,-8,-2,,,,,,,,,
0,VISIT,81,Random,OnArrival,3,27,5786,Node_796,-5,0,0,-5,0,,,,,,,,,
0,VISIT,82,Random,OnArrival,3,31,5786,Node_789,-1,0,-2,-1,-2,,,,,,,,,
0,VISIT,84,Random,OnArrival,3,27,5786,Node_796,-5,0,0,-5,0,,,,,,,,,
0,VISIT,85,Random,OnArrival,3,20,5786,Node_610,3,0,6,3,6,,,,,,,,,
0,VISIT,86,Random,OnArrival,3,21,5786,Node_631,12,0,-3,12,-3,,,,,,,,,
0,VISIT,87,Random,OnArrival,3,18,5786,Node_655,-1,0,6,-1,6,,,,,,,,,
0,VISIT,88,Random,OnArrival,3,20,5786,Node_610,3,0,6,3,6,,,,,,,,,
0,VISIT,89,Random,OnArrival,3,0,5787,Node_6,19,0,12,19,12,,,,,,,,,
0,VISIT,90,Random,OnArrival,3,0,5787,Node_7,19,0,8,19,8,,,,,,,,,
0,VISIT,91,Random,OnArrival,3,0,5787,Node_8,17,0,10,17,10,,,,,,,,,
0,VISIT,92,Random,OnArrival,3,0,5787,Node_9,21,0,10,21,10,,,,,,,,,
0,VISIT,72,Random,OnArrival,3,82,5791,Node_734,-7,0,7,-7,7,,,,,,,,,
0,VISIT,80,Random,OnArrival,3,38,5791,Node_796,-5,0,0,-5,0,,,,,,,,,
0,VISIT,81,Random,OnArrival,3,28,5791,Node_771,-6,0,0,-6,0,,,,,,,,,
0,VISIT,82,Random,OnArrival,3,32,5791,Node_787,0,0,-2,0,-2,,,,,,,,,
0,VISIT,83,Random,OnArrival,3,21,5791,Node_794,-5,0,-3,-5,-3,,,,,,,,,
0,VISIT,84,Random,OnArrival,3,28,5791,Node_771,-6,0,0,-6,0,,,,,,,,,
0,VISIT,85,Random,OnArrival,3,21,5791,Node_658,2,0,6,2,6,,,,,,,,,
0,VISIT,87,Random,OnArrival,3,19,5791,Node_656,-2,0,6,-2,6,,,,,,,,,
0,VISIT,88,Random,OnArrival,3,21,5791,Node_658,2,0,6,2,6,,,,,,,,,
0,VISIT,89,Random,OnArrival,3,1,5791,Node_2,19,0,11,19,11,,,,,,,,,
0,VISIT,90,Random,OnArrival,3,1,5791,Node_11,18,0,8,18,8,,,,,,,,,
0,VISIT,91,Random,OnArrival,3,1,5791,Node_23,17,0,9,17,9,,,,,,,,,
0,VISIT,92,Random,OnArrival,3,1,5791,Node_5,20,0,10,20,10,,,,,,,,,
0,VISIT,72,Random,OnArrival,3,83,5795,Node_758,-7,0,6,-7,6,,,,,,,,,
0,VISIT,77,Random,OnArrival,3,52,5795,Node_779,-8,0,-2,-8,-2,,,,,,,,,
0,VISIT,80,Random,OnArrival,3,39,5795,Node_771,-6,0,0,-6,0,,,,,,,,,
0,VISIT,81,Random,OnArrival,3,29,5795,Node_773,-7,0,0,-7,0,,,,,,,,,
0,VISIT,82,Random,OnArrival,3,33,5795,Node_772,1,0,-2,1,-2,,,,,,,,,
0,VISIT,84,Random,OnArrival,3,29,5795,Node_773,-7,0,0,-7,0,,,,,,,,,
0,VISIT,86,Random,OnArrival,3,22,5795,Node_615,11,0,-4,11,-4,,,,,,,,,
0,VISIT,89,Random,OnArrival,3,2,5795,Node_20,19,0,10,19,10,,,,,,,,,
0,VISIT,90,Random,OnArrival,3,2,5795,Node_91,17,0,8,17,8,,,,,,,,,
0,VISIT,91,Random,OnArrival,3,2,5795,Node_91,17,0,8,17,8,,,,,,,,,
0,VISIT,92,Random,OnArrival,3,2,5795,Node_50,20,0,9,20,9,,,,,,,,,
0,VISIT,72,Random,OnArrival,3,84,5799,Node_761,-7,0,5,-7,5,,,,,,,,,
0,VISIT,77,Random,OnArrival,3,53,5799,Node_775,-7,0,-2,-7,-2,,,,,,,,,
0,VISIT,78,Random,OnArrival,3,47,5799,Node_783,-10,0,-5,-10,-5,,,,,,,,,
0,VISIT,79,Random,OnArrival,3,46,5799,Node_783,-10,0,-5,-10,-5,,,,,,,,,
0,VISIT,81,Random,OnArrival,3,30,5799,Node_774,-7,0,-1,-7,-1,,,,,,,,,
0,VISIT,83,Random,OnArrival,3,22,5799,Node_788,-3,0,-3,-3,-3,,,,,,,,,
0,VISIT,84,Random,OnArrival,3,30,5799,Node_774,-7,0,-1,-7,-1,,,,,,,,,
0,VISIT,86,Random,OnArrival,3,23,5799,Node_625,10,0,-4,10,-4,,,,,,,,,
0,VISIT,87,Random,OnArrival,3,20,5799,Node_580,-2,0,4,-2,4,,,,,,,,,
0,VISIT,89,Random,OnArrival,3,3,5799,Node_4,18,0,10,18,10,,,,,,,,,
0,VISIT,90,Random,OnArrival,3,3,5799,Node_98,17,0,7,17,7,,,,,,,,,
0,VISIT,91,Random,OnArrival,3,3,5799,Node_98,17,0,7,17,7,,,,,,,,,
0,VISIT,92,Random,OnArrival,3,3,5799,Node_47,20,0,8,20,8,,,,,,,,,
0,VISIT,72,Random,OnArrival,3,85,5803,Node_660,-7,0,4,-7,4,,,,,,,,,
0,VISIT,77,Random,OnArrival,3,54,5803,Node_774,-7,0,-1,-7,-1,,,,,,,,,
0,VISIT,80,Random,OnArrival,3,40,5803,Node_768,-6,0,2,-6,2,,,,,,,,,
0,VISIT,81,Random,OnArrival,3,31,5803,Node_775,-7,0,-2,-7,-2,,,,,,,,,
0,VISIT,82,Random,OnArrival,3,34,5803,Node_770,3,0,-2,3,-2,,,,,,,,,
0,VISIT,83,Random,OnArrival,3,23,5803,Node_785,-2,0,-3,-2,-3,,,,,,,,,
0,VISIT,84,Random,OnArrival,3,31,5803,Node_775,-7,0,-2,-7,-2,,,,,,,,,
0,VISIT,85,Random,OnArrival,3,22,5803,Node_655,-1,0,6,-1,6,,,,,,,,,
0,VISIT,86,Random,OnArrival,3,24,5803,Node_458,10,0,-3,10,-3,,,,,,,,,
0,VISIT,87,Random,OnArrival,3,21,5803,Node_652,-3,0,4,-3,4,,,,,,,,,
0,VISIT,88,Random,OnArrival,3,22,5803,Node_655,-1,0,6,-1,6,,,,,,,,,
0,VISIT,89,Random,OnArrival,3,4,5803,Node_8,17,0,10,17,10,,,,,,,,,
0,VISIT,90,Random,OnArrival,3,4,5803,Node_102,16,0,7,16,7,,,,,,,,,
0,VISIT,91,Random,OnArrival,3,4,5803,Node_102,16,0,7,16,7,,,,,,,,,
0,VISIT,92,Random,OnArrival,3,4,5803,Node_7,19,0,8,19,8,,,,,,,,,
0,VISIT,77,Random,OnArrival,3,55,5807,Node_773,-7,0,0,-7,0,,,,,,,,,
0,VISIT,81,Random,OnArrival,3,32,5807,Node_779,-8,0,-2,-8,-2,,,,,,,,,
0,VISIT,84,Random,OnArrival,3,32,5807,Node_779,-8,0,-2,-8,-2,,,,,,,,,
0,VISIT,85,Random,OnArrival,3,23,5807,Node_656,-2,0,6,-2,6,,,,,,,,,
0,VISIT,86,Random,OnArrival,3,25,5807,Node_612,11,0,-3,11,-3,,,,,,,,,
0,VISIT,88,Random,OnArrival,3,23,5807,Node_656,-2,0,6,-2,6,,,,,,,,,
0,VISIT,89,Random,OnArrival,3,5,5807,Node_23,17,0,9,17,9,,,,,,,,,
0,VISIT,90,Random,OnArrival,3,5,5807,Node_126,16,0,6,16,6,,,,,,,,,
0,VISIT,91,Random,OnArrival,3,5,5807,Node_126,16,0,6,16,6,,,,,,,,,
0,VISIT,92,Random,OnArrival,3,5,5807,Node_11,18,0,8,18,8,,,,,,,,,
0,VISIT,77,Random,OnArrival,3,56,5811,Node_771,-6,0,0,-6,0,,,,,,,,,
0,VISIT,81,Random,OnArrival,3,33,5811,Node_797,-8,0,-3,-8,-3,,,,,,,,,
0,VISIT,83,Random,OnArrival,3,24,5811,Node_782,-2,0,-5,-2,-5,,,,,,,,,
0,VISIT,84,Random,OnArrival,3,33,5811,Node_797,-8,0,-3,-8,-3,,,,,,,,,
0,VISIT,86,Random,OnArrival,3,26,5811,Node_609,11,0,-2,11,-2,,,,,,,,,
0,VISIT,89,Random,OnArrival,3,6,5811,Node_91,17,0,8,17,8,,,,,,,,,
0,VISIT,90,Random,OnArrival,3,6,5811,Node_113,15,0,6,15,6,,,,,,,,,
0,VISIT,91,Random,OnArrival,3,6,5811,Node_113,15,0,6,15,6,,,,,,,,,
0,VISIT,92,Random,OnArrival,3,6,5811,Node_91,17,0,8,17,8,,,,,,,,,
0,VISIT,77,Random,OnArrival,3,57,5815,Node_796,-5,0,0,-5,0,,,,,,,,,
0,VISIT,78,Random,OnArrival,3,48,5815,Node_776,-10,0,-1,-10,-1,,,,,,,,,
0,VISIT,79,Random,OnArrival,3,47,5815,Node_776,-10,0,-1,-10,-1,,,,,,,,,
0,VISIT,80,Random,OnArrival,3,41,5815,Node_649,-3,0,2,-3,2,,,,,,,,,
0,VISIT,81,Random,OnArrival,3,34,5815,Node_779,-8,0,-2,-8,-2,,,,,,,,,
0,VISIT,84,Random,OnArrival,3,34,5815,Node_779,-8,0,-2,-8,-2,,,,,,,,,
0,VISIT,85,Random,OnArrival,3,24,5815,Node_580,-2,0,4,-2,4,,,,,,,,,
0,VISIT,86,Random,OnArrival,3,27,5815,Node_454,10,0,-2,10,-2,,,,,,,,,
0,VISIT,88,Random,OnArrival,3,24,5815,Node_580,-2,0,4,-2,4,,,,,,,,,
0,VISIT,89,Random,OnArrival,3,7,5815,Node_98,17,0,7,17,7,,,,,,,,,
0,VISIT,90,Random,OnArrival,3,7,5815,Node_170,14,0,6,14,6,,,,,,,,,
0,VISIT,91,Random,OnArrival,3,7,5815,Node_170,14,0,6,14,6,,,,,,,,,
0,VISIT,92,Random,OnArrival,3,7,5815,Node_98,17,0,7,17,7,,,,,,,,,
0,VISIT,72,Random,OnArrival,3,86,5819,Node_652,-3,0,4,-3,4,,,,,,,,,
0,VISIT,80,Random,OnArrival,3,42,5819,Node_647,-3,0,1,-3,1,,,,,,,,,
0,VISIT,81,Random,OnArrival,3,35,5819,Node_775,-7,0,-2,-7,-2,,,,,,,,,
0,VISIT,84,Random,OnArrival,3,35,5819,Node_775,-7,0,-2,-7,-2,,,,,,,,,
0,VISIT,85,Random,OnArrival,3,25,5819,Node_652,-3,0,4,-3,4,,,,,,,,,
0,VISIT,86,Random,OnArrival,3,28,5819,Node_451,10,0,-1,10,-1,,,,,,,,,
0,VISIT,87,Random,OnArrival,3,22,5819,Node_660,-7,0,4,-7,4,,,,,,,,,
0,VISIT,88,Random,OnArrival,3,25,5819,Node_652,-3,0,4,-3,4,,,,,,,,,
0,VISIT,89,Random,OnArrival,3,8,5819,Node_102,16,0,7,16,7,,,,,,,,,
0,VISIT,90,Random,OnArrival,3,8,5819,Node_173,13,0,6,13,6,,,,,,,,,
0,VISIT,91,Random,OnArrival,3,8,5819,Node_173,13,0,6,13,6,,,,,,,,,
0,VISIT,92,Random,OnArrival,3,8,5819,Node_102,16,0,7,16,7,,,,,,,,,
0,VISIT,77,Random,OnArrival,3,58,5823,Node_784,-3,0,0,-3,0,,,,,,,,,
0,VISIT,78,Random,OnArrival,3,49,5823,Node_781,-8,0,-1,-8,-1,,,,,,,,,
0,VISIT,79,Random,OnArrival,3,48,5823,Node_781,-8,0,-1,-8,-1,,,,,,,,,
0,VISIT,81,Random,OnArrival,3,36,5823,Node_774,-7,0,-1,-7,-1,,,,,,,,,
0,VISIT,83,Random,OnArrival,3,25,5823,Node_778,1,0,-5,1,-5,,,,,,,,,
0,VISIT,84,Random,OnArrival,3,36,5823,Node_774,-7,0,-1,-7,-1,,,,,,,,,
0,VISIT,87,Random,OnArrival,3,23,5823,Node_761,-7,0,5,-7,5,,,,,,,,,
0,VISIT,89,Random,OnArrival,3,9,5823,Node_126,16,0,6,16,6,,,,,,,,,
0,VISIT,90,Random,OnArrival,3,9,5823,Node_175,13,0,5,13,5,,,,,,,,,
0,VISIT,91,Random,OnArrival,3,9,5823,Node_175,13,0,5,13,5,,,,,,,,,
0,VISIT,92,Random,OnArrival,3,9,5823,Node_126,16,0,6,16,6,,,,,,,,,
0,VISIT,72,Random,OnArrival,3,87,5827,Node_649,-3,0,2,-3,2,,,,,,,,,
0,VISIT,78,Random,OnArrival,3,50,5827,Node_779,-8,0,-2,-8,-2,,,,,,,,,
0,VISIT,79,Random,OnArrival,3,49,5827,Node_779,-8,0,-2,-8,-2,,,,,,,,,
0,VISIT,80,Random,OnArrival,3,43,5827,Node_644,-1,0,1,-1,1,,,,,,,,,
0,VISIT,81,Random,OnArrival,3,37,5827,Node_773,-7,0,0,-7,0,,,,,,,,,
0,VISIT,84,Random,OnArrival,3,37,5827,Node_773,-7,0,0,-7,0,,,,,,,,,
0,VISIT,87,Random,OnArrival,3,24,5827,Node_765,-8,0,5,-8,5,,,,,,,,,
0,VISIT,89,Random,OnArrival,3,10,5827,Node_113,15,0,6,15,6,,,,,,,,,
0,VISIT,90,Random,OnArrival,3,10,5827,Node_178,12,0,5,12,5,,,,,,,,,
0,VISIT,91,Random,OnArrival,3,10,5827,Node_178,12,0,5,12,5,,,,,,,,,
0,VISIT,92,Random,OnArrival,3,10,5827,Node_113,15,0,6,15,6,,,,,,,,,
0,VISIT,72,Random,OnArrival,3,88,5831,Node_647,-3,0,1,-3,1,,,,,,,,,
0,VISIT,78,Random,OnArrival,3,51,5831,Node_775,-7,0,-2,-7,-2,,,,,,,,,
0,VISIT,79,Random,OnArrival,3,50,5831,Node_775,-7,0,-2,-7,-2,,,,,,,,,
0,VISIT,80,Random,OnArrival,3,44,5831,Node_780,0,0,1,0,1,,,,,,,,,
0,VISIT,81,Random,OnArrival,3,38,5831,Node_771,-6,0,0,-6,0,,,,,,,,,
0,VISIT,84,Random,OnArrival,3,38,5831,Node_771,-6,0,0,-6,0,,,,,,,,,
0,VISIT,87,Random,OnArrival,3,25,5831,Node_761,-7,0,5,-7,5,,,,,,,,,
0,VISIT,89,Random,OnArrival,3,11,5831,Node_170,14,0,6,14,6,,,,,,,,,
0,VISIT,90,Random,OnArrival,3,11,5831,Node_188,11,0,5,11,5,,,,,,,,,
0,VISIT,91,Random,OnArrival,3,11,5831,Node_188,11,0,5,11,5,,,,,,,,,
0,VISIT,92,Random,OnArrival,3,11,5831,Node_170,14,0,6,14,6,,,,,,,,,
0,VISIT,77,Random,OnArrival,3,59,5835,Node_788,-3,0,-3,-3,-3,,,,,,,,,
0,VISIT,78,Random,OnArrival,3,52,5835,Node_774,-7,0,-1,-7,-1,,,,,,,,,
0,VISIT,79,Random,OnArrival,3,51,5835,Node_774,-7,0,-1,-7,-1,,,,,,,,,
0,VISIT,80,Random,OnArrival,3,45,5835,Node_777,0,0,0,0,0,,,,,,,,,
0,VISIT,85,Random,OnArrival,3,26,5835,Node_660,-7,0,4,-7,4,,,,,,,,,
0,VISIT,87,Random,OnArrival,3,26,5835,Node_660,-7,0,4,-7,4,,,,,,,,,
0,VISIT,88,Random,OnArrival,3,26,5835,Node_660,-7,0,4,-7,4,,,,,,,,,
0,VISIT,89,Random,OnArrival,3,12,5835,Node_173,13,0,6,13,6,,,,,,,,,
0,VISIT,90,Random,OnArrival,3,12,5835,Node_190,11,0,4,11,4,,,,,,,,,
0,VISIT,91,Random,OnArrival,3,12,5835,Node_190,11,0,4,11,4,,,,,,,,,
0,VISIT,92,Random,OnArrival,3,12,5835,Node_173,13,0,6,13,6,,,,,,,,,
0,VISIT,72,Random,OnArrival,3,89,5840,Node_644,-1,0,1,-1,1,,,,,,,,,
0,VISIT,77,Random,OnArrival,3,60,5840,Node_785,-2,0,-3,-2,-3,,,,,,,,,
0,VISIT,78,Random,OnArrival,3,53,5840,Node_773,-7,0,0,-7,0,,,,,,,,,
0,VISIT,79,Random,OnArrival,3,52,5840,Node_773,-7,0,0,-7,0,,,,,,,,,
0,VISIT,81,Random,OnArrival,3,39,5840,Node_768,-6,0,2,-6,2,,,,,,,,,
0,VISIT,82,Random,OnArrival,3,35,5840,Node_778,1,0,-5,1,-5,,,,,,,,,
0,VISIT,83,Random,OnArrival,3,26,5840,Node_802,5,0,-5,5,-5,,,,,,,,,
0,VISIT,84,Random,OnArrival,3,39,5840,Node_768,-6,0,2,-6,2,,,,,,,,,
0,VISIT,85,Random,OnArrival,3,27,5840,Node_761,-7,0,5,-7,5,,,,,,,,,
0,VISIT,88,Random,OnArrival,3,27,5840,Node_761,-7,0,5,-7,5,,,,,,,,,
0,VISIT,89,Random,OnArrival,3,13,5840,Node_175,13,0,5,13,5,,,,,,,,,
0,VISIT,90,Random,OnArrival,3,13,5840,Node_193,11,0,3,11,3,,,,,,,,,
0,VISIT,91,Random,OnArrival,3,13,5840,Node_193,11,0,3,11,3,,,,,,,,,
0,VISIT,92,Random,OnArrival,3,13,5840,Node_175,13,0,5,13,5,,,,,,,,,
0,VISIT,72,Random,OnArrival,3,90,5845,Node_780,0,0,1,0,1,,,,,,,,,
0,VISIT,78,Random,OnArrival,3,54,5845,Node_771,-6,0,0,-6,0,,,,,,,,,
0,VISIT,79,Random,OnArrival,3,53,5845,Node_771,-6,0,0,-6,0,,,,,,,,,
0,VISIT,80,Random,OnArrival,3,46,5845,Node_787,0,0,-2,0,-2,,,,,,,,,
0,VISIT,85,Random,OnArrival,3,28,5845,Node_765,-8,0,5,-8,5,,,,,,,,,
0,VISIT,88,Random,OnArrival,3,28,5845,Node_765,-8,0,5,-8,5,,,,,,,,,
0,VISIT,89,Random,OnArrival,3,14,5845,Node_178,12,0,5,12,5,,,,,,,,,
0,VISIT,90,Random,OnArrival,3,14,5845,Node_456,12,0,3,12,3,,,,,,,,,
0,VISIT,91,Random,OnArrival,3,14,5845,Node_456,12,0,3,12,3,,,,,,,,,
0,VISIT,92,Random,OnArrival,3,14,5845,Node_178,12,0,5,12,5,,,,,,,,,
0,VISIT,72,Random,OnArrival,3,91,5850,Node_777,0,0,0,0,0,,,,,,,,,
0,VISIT,77,Random,OnArrival,3,61,5850,Node_782,-2,0,-5,-2,-5,,,,,,,,,
0,VISIT,78,Random,OnArrival,3,55,5850,Node_796,-5,0,0,-5,0,,,,,,,,,
0,VISIT,79,Random,OnArrival,3,54,5850,Node_796,-5,0,0,-5,0,,,,,,,,,
0,VISIT,80,Random,OnArrival,3,47,5850,Node_772,1,0,-2,1,-2,,,,,,,,,
0,VISIT,85,Random,OnArrival,3,29,5850,Node_761,-7,0,5,-7,5,,,,,,,,,
0,VISIT,88,Random,OnArrival,3,29,5850,Node_761,-7,0,5,-7,5,,,,,,,,,
0,VISIT,89,Random,OnArrival,3,15,5850,Node_188,11,0,5,11,5,,,,,,,,,
0,VISIT,90,Random,OnArrival,3,15,5850,Node_448,13,0,3,13,3,,,,,,,,,
0,VISIT,91,Random,OnArrival,3,15,5850,Node_448,13,0,3,13,3,,,,,,,,,
0,VISIT,92,Random,OnArrival,3,15,5850,Node_188,11,0,5,11,5,,,,,,,,,
0,VISIT,81,Random,OnArrival,3,40,5856,Node_649,-3,0,2,-3,2,,,,,,,,,
0,VISIT,83,Random,OnArrival,3,27,5856,Node_805,8,0,-5,8,-5,,,,,,,,,
0,VISIT,84,Random,OnArrival,3,40,5856,Node_649,-3,0,2,-3,2,,,,,,,,,
0,VISIT,85,Random,OnArrival,3,30,5856,Node_660,-7,0,4,-7,4,,,,,,,,,
0,VISIT,87,Random,OnArrival,3,27,5856,Node_652,-3,0,4,-3,4,,,,,,,,,
0,VISIT,88,Random,OnArrival,3,30,5856,Node_660,-7,0,4,-7,4,,,,,,,,,
0,VISIT,89,Random,OnArrival,3,16,5856,Node_190,11,0,4,11,4,,,,,,,,,
0,VISIT,90,Random,OnArrival,3,16,5856,Node_456,12,0,3,12,3,,,,,,,,,
0,VISIT,91,Random,OnArrival,3,16,5856,Node_450,13,0,2,13,2,,,,,,,,,
0,VISIT,92,Random,OnArrival,3,16,5856,Node_190,11,0,4,11,4,,,,,,,,,
0,VISIT,78,Random,OnArrival,3,56,5862,Node_784,-3,0,0,-3,0,,,,,,,,,
0,VISIT,79,Random,OnArrival,3,55,5862,Node_784,-3,0,0,-3,0,,,,,,,,,
0,VISIT,81,Random,OnArrival,3,41,5862,Node_647,-3,0,1,-3,1,,,,,,,,,
0,VISIT,82,Random,OnArrival,3,36,5862,Node_802,5,0,-5,5,-5,,,,,,,,,
0,VISIT,84,Random,OnArrival,3,41,5862,Node_647,-3,0,1,-3,1,,,,,,,,,
0,VISIT,86,Random,OnArrival,3,29,5862,Node_802,5,0,-5,5,-5,,,,,,,,,
0,VISIT,89,Random,OnArrival,3,17,5862,Node_193,11,0,3,11,3,,,,,,,,,
0,VISIT,90,Random,OnArrival,3,17,5862,Node_193,11,0,3,11,3,,,,,,,,,
0,VISIT,91,Random,OnArrival,3,17,5862,Node_452,12,0,2,12,2,,,,,,,,,
0,VISIT,92,Random,OnArrival,3,17,5862,Node_193,11,0,3,11,3,,,,,,,,,
0,VISIT,72,Random,OnArrival,3,92,5869,Node_639,3,0,0,3,0,,,,,,,,,
0,VISIT,77,Random,OnArrival,3,62,5869,Node_778,1,0,-5,1,-5,,,,,,,,,
0,VISIT,80,Random,OnArrival,3,48,5869,Node_778,1,0,-5,1,-5,,,,,,,,,
0,VISIT,83,Random,OnArrival,3,28,5869,Node_622,10,0,-5,10,-5,,,,,,,,,
0,VISIT,87,Random,OnArrival,3,28,5869,Node_649,-3,0,2,-3,2,,,,,,,,,
0,VISIT,89,Random,OnArrival,3,18,5869,Node_456,12,0,3,12,3,,,,,,,,,
0,VISIT,90,Random,OnArrival,3,18,5869,Node_461,11,0,2,11,2,,,,,,,,,
0,VISIT,91,Random,OnArrival,3,18,5869,Node_461,11,0,2,11,2,,,,,,,,,
0,VISIT,92,Random,OnArrival,3,18,5869,Node_461,11,0,2,11,2,,,,,,,,,
0,VISIT,81,Random,OnArrival,3,42,5876,Node_644,-1,0,1,-1,1,,,,,,,,,
0,VISIT,83,Random,OnArrival,3,29,5876,Node_625,10,0,-4,10,-4,,,,,,,,,
0,VISIT,84,Random,OnArrival,3,42,5876,Node_644,-1,0,1,-1,1,,,,,,,,,
0,VISIT,87,Random,OnArrival,3,29,5876,Node_647,-3,0,1,-3,1,,,,,,,,,
0,VISIT,89,Random,OnArrival,3,19,5876,Node_193,11,0,3,11,3,,,,,,,,,
0,VISIT,90,Random,OnArrival,3,19,5876,Node_444,10,0,2,10,2,,,,,,,,,
0,VISIT,91,Random,OnArrival,3,19,5876,Node_444,10,0,2,10,2,,,,,,,,,
0,VISIT,92,Random,OnArrival,3,19,5876,Node_444,10,0,2,10,2,,,,,,,,,
0,VISIT,78,Random,OnArrival,3,57,5883,Node_788,-3,0,-3,-3,-3,,,,,,,,,
0,VISIT,79,Random,OnArrival,3,56,5883,Node_788,-3,0,-3,-3,-3,,,,,,,,,
0,VISIT,81,Random,OnArrival,3,43,5883,Node_780,0,0,1,0,1,,,,,,,,,
0,VISIT,82,Random,OnArrival,3,37,5883,Node_805,8,0,-5,8,-5,,,,,,,,,
0,VISIT,83,Random,OnArrival,3,30,5883,Node_458,10,0,-3,10,-3,,,,,,,,,
0,VISIT,84,Random,OnArrival,3,43,5883,Node_780,0,0,1,0,1,,,,,,,,,
0,VISIT,85,Random,OnArrival,3,31,5883,Node_652,-3,0,4,-3,4,,,,,,,,,
0,VISIT,86,Random,OnArrival,3,30,5883,Node_805,8,0,-5,8,-5,,,,,,,,,
0,VISIT,87,Random,OnArrival,3,30,5883,Node_784,-3,0,0,-3,0,,,,,,,,,
0,VISIT,88,Random,OnArrival,3,31,5883,Node_652,-3,0,4,-3,4,,,,,,,,,
0,VISIT,89,Random,OnArrival,3,20,5883,Node_461,11,0,2,11,2,,,,,,,,,
0,VISIT,72,Random,OnArrival,3,93,5889,Node_633,6,0,0,6,0,,,,,,,,,
0,VISIT,78,Random,OnArrival,3,58,5889,Node_785,-2,0,-3,-2,-3,,,,,,,,,
0,VISIT,79,Random,OnArrival,3,57,5889,Node_785,-2,0,-3,-2,-3,,,,,,,,,
0,VISIT,81,Random,OnArrival,3,44,5889,Node_777,0,0,0,0,0,,,,,,,,,
0,VISIT,83,Random,OnArrival,3,31,5889,Node_454,10,0,-2,10,-2,,,,,,,,,
0,VISIT,84,Random,OnArrival,3,44,5889,Node_777,0,0,0,0,0,,,,,,,,,
0,VISIT,89,Random,OnArrival,3,21,5889,Node_605,11,0,1,11,1,,,,,,,,,
0,VISIT,90,Random,OnArrival,3,20,5889,Node_618,8,0,2,8,2,,,,,,,,,
0,VISIT,91,Random,OnArrival,3,20,5889,Node_618,8,0,2,8,2,,,,,,,,,
0,VISIT,92,Random,OnArrival,3,20,5889,Node_618,8,0,2,8,2,,,,,,,,,
0,VISIT,77,Random,OnArrival,3,63,5896,Node_802,5,0,-5,5,-5,,,,,,,,,
0,VISIT,80,Random,OnArrival,3,49,5896,Node_802,5,0,-5,5,-5,,,,,,,,,
0,VISIT,83,Random,OnArrival,3,32,5896,Node_451,10,0,-1,10,-1,,,,,,,,,
0,VISIT,85,Random,OnArrival,3,32,5896,Node_649,-3,0,2,-3,2,,,,,,,,,
0,VISIT,88,Random,OnArrival,3,32,5896,Node_649,-3,0,2,-3,2,,,,,,,,,
0,VISIT,89,Random,OnArrival,3,22,5896,Node_446,10,0,1,10,1,,,,,,,,,
0,VISIT,93,Random,OnArrival,3,0,5897,Node_6,19,0,12,19,12,,,,,,,,,
0,VISIT,94,Random,OnArrival,3,0,5897,Node_7,19,0,8,19,8,,,,,,,,,
0,VISIT,95,Random,OnArrival,3,0,5897,Node_8,17,0,10,17,10,,,,,,,,,
0,VISIT,96,Random,OnArrival,3,0,5897,Node_9,21,0,10,21,10,,,,,,,,,
0,VISIT,72,Random,OnArrival,3,94,5901,Node_624,6,0,2,6,2,,,,,,,,,
0,VISIT,78,Random,OnArrival,3,59,5901,Node_782,-2,0,-5,-2,-5,,,,,,,,,
0,VISIT,79,Random,OnArrival,3,58,5901,Node_782,-2,0,-5,-2,-5,,,,,,,,,
0,VISIT,82,Random,OnArrival,3,38,5901,Node_804,8,0,-2,8,-2,,,,,,,,,
0,VISIT,83,Random,OnArrival,3,33,5901,Node_607,11,0,-1,11,-1,,,,,,,,,
0,VISIT,85,Random,OnArrival,3,33,5901,Node_647,-3,0,1,-3,1,,,,,,,,,
0,VISIT,86,Random,OnArrival,3,31,5901,Node_804,8,0,-2,8,-2,,,,,,,,,
0,VISIT,87,Random,OnArrival,3,31,5901,Node_788,-3,0,-3,-3,-3,,,,,,,,,
0,VISIT,88,Random,OnArrival,3,33,5901,Node_647,-3,0,1,-3,1,,,,,,,,,
0,VISIT,89,Random,OnArrival,3,23,5901,Node_605,11,0,1,11,1,,,,,,,,,
0,VISIT,90,Random,OnArrival,3,21,5901,Node_444,10,0,2,10,2,,,,,,,,,
0,VISIT,91,Random,OnArrival,3,21,5901,Node_444,10,0,2,10,2,,,,,,,,,
0,VISIT,92,Random,OnArrival,3,21,5901,Node_444,10,0,2,10,2,,,,,,,,,
0,VISIT,93,Random,OnArrival,3,1,5901,Node_2,19,0,11,19,11,,,,,,,,,
0,VISIT,94,Random,OnArrival,3,1,5901,Node_11,18,0,8,18,8,,,,,,,,,
0,VISIT,95,Random,OnArrival,3,1,5901,Node_23,17,0,9,17,9,,,,,,,,,
0,VISIT,96,Random,OnArrival,3,1,5901,Node_5,20,0,10,20,10,,,,,,,,,
0,VISIT,81,Random,OnArrival,3,45,5905,Node_639,3,0,0,3,0,,,,,,,,,
0,VISIT,84,Random,OnArrival,3,45,5905,Node_639,3,0,0,3,0,,,,,,,,,
0,VISIT,85,Random,OnArrival,3,34,5905,Node_784,-3,0,0,-3,0,,,,,,,,,
0,VISIT,87,Random,OnArrival,3,32,5905,Node_785,-2,0,-3,-2,-3,,,,,,,,,
0,VISIT,88,Random,OnArrival,3,34,5905,Node_784,-3,0,0,-3,0,,,,,,,,,
0,VISIT,89,Random,OnArrival,3,24,5905,Node_606,11,0,0,11,0,,,,,,,,,
0,VISIT,90,Random,OnArrival,3,22,5905,Node_446,10,0,1,10,1,,,,,,,,,
0,VISIT,91,Random,OnArrival,3,22,5905,Node_446,10,0,1,10,1,,,,,,,,,
0,VISIT,92,Random,OnArrival,3,22,5905,Node_446,10,0,1,10,1,,,,,,,,,
0,VISIT,93,Random,OnArrival,3,2,5905,Node_20,19,0,10,19,10,,,,,,,,,
0,VISIT,94,Random,OnArrival,3,2,5905,Node_91,17,0,8,17,8,,,,,,,,,
0,VISIT,95,Random,OnArrival,3,2,5905,Node_91,17,0,8,17,8,,,,,,,,,
0,VISIT,96,Random,OnArrival,3,2,5905,Node_50,20,0,9,20,9,,,,,,,,,
0,VISIT,72,Random,OnArrival,3,95,5909,Node_618,8,0,2,8,2,,,,,,,,,
0,VISIT,77,Random,OnArrival,3,64,5909,Node_805,8,0,-5,8,-5,,,,,,,,,
0,VISIT,80,Random,OnArrival,3,50,5909,Node_805,8,0,-5,8,-5,,,,,,,,,
0,VISIT,89,Random,OnArrival,3,25,5909,Node_449,10,0,0,10,0,,,,,,,,,
0,VISIT,90,Random,OnArrival,3,23,5909,Node_605,11,0,1,11,1,,,,,,,,,
0,VISIT,91,Random,OnArrival,3,23,5909,Node_449,10,0,0,10,0,,,,,,,,,
0,VISIT,92,Random,OnArrival,3,23,5909,Node_605,11,0,1,11,1,,,,,,,,,
0,VISIT,93,Random,OnArrival,3,3,5909,Node_4,18,0,10,18,10,,,,,,,,,
0,VISIT,94,Random,OnArrival,3,3,5909,Node_98,17,0,7,17,7,,,,,,,,,
0,VISIT,95,Random,OnArrival,3,3,5909,Node_98,17,0,7,17,7,,,,,,,,,
0,VISIT,96,Random,OnArrival,3,3,5909,Node_47,20,0,8,20,8,,,,,,,,,
0,VISIT,78,Random,OnArrival,3,60,5913,Node_778,1,0,-5,1,-5,,,,,,,,,
0,VISIT,79,Random,OnArrival,3,59,5913,Node_778,1,0,-5,1,-5,,,,,,,,,
0,VISIT,83,Random,OnArrival,3,34,5913,Node_606,11,0,0,11,0,,,,,,,,,
0,VISIT,87,Random,OnArrival,3,33,5913,Node_782,-2,0,-5,-2,-5,,,,,,,,,
0,VISIT,89,Random,OnArrival,3,26,5913,Node_606,11,0,0,11,0,,,,,,,,,
0,VISIT,90,Random,OnArrival,3,24,5913,Node_606,11,0,0,11,0,,,,,,,,,
0,VISIT,91,Random,OnArrival,3,24,5913,Node_451,10,0,-1,10,-1,,,,,,,,,
0,VISIT,92,Random,OnArrival,3,24,5913,Node_606,11,0,0,11,0,,,,,,,,,
0,VISIT,93,Random,OnArrival,3,4,5913,Node_8,17,0,10,17,10,,,,,,,,,
0,VISIT,94,Random,OnArrival,3,4,5913,Node_102,16,0,7,16,7,,,,,,,,,
0,VISIT,95,Random,OnArrival,3,4,5913,Node_102,16,0,7,16,7,,,,,,,,,
0,VISIT,96,Random,OnArrival,3,4,5913,Node_7,19,0,8,19,8,,,,,,,,,
0,VISIT,72,Random,OnArrival,3,96,5917,Node_444,10,0,2,10,2,,,,,,,,,
0,VISIT,81,Random,OnArrival,3,46,5917,Node_633,6,0,0,6,0,,,,,,,,,
0,VISIT,82,Random,OnArrival,3,39,5917,Node_801,5,0,-3,5,-3,,,,,,,,,
0,VISIT,83,Random,OnArrival,3,35,5917,Node_808,12,0,0,12,0,,,,,,,,,
0,VISIT,84,Random,OnArrival,3,46,5917,Node_633,6,0,0,6,0,,,,,,,,,
0,VISIT,85,Random,OnArrival,3,35,5917,Node_788,-3,0,-3,-3,-3,,,,,,,,,
0,VISIT,86,Random,OnArrival,3,32,5917,Node_801,5,0,-3,5,-3,,,,,,,,,
0,VISIT,88,Random,OnArrival,3,35,5917,Node_788,-3,0,-3,-3,-3,,,,,,,,,
0,VISIT,89,Random,OnArrival,3,27,5917,Node_808,12,0,0,12,0,,,,,,,,,
0,VISIT,90,Random,OnArrival,3,25,5917,Node_808,12,0,0,12,0,,,,,,,,,
0,VISIT,91,Random,OnArrival,3,25,5917,Node_607,11,0,-1,11,-1,,,,,,,,,
0,VISIT,92,Random,OnArrival,3,25,5917,Node_808,12,0,0,12,0,,,,,,,,,
0,VISIT,93,Random,OnArrival,3,5,5917,Node_23,17,0,9,17,9,,,,,,,,,
0,VISIT,94,Random,OnArrival,3,5,5917,Node_126,16,0,6,16,6,,,,,,,,,
0,VISIT,95,Random,OnArrival,3,5,5917,Node_126,16,0,6,16,6,,,,,,,,,
0,VISIT,96,Random,OnArrival,3,5,5917,Node_11,18,0,8,18,8,,,,,,,,,
0,VISIT,72,Random,OnArrival,3,97,5921,Node_446,10,0,1,10,1,,,,,,,,,
0,VISIT,77,Random,OnArrival,3,65,5921,Node_804,8,0,-2,8,-2,,,,,,,,,
0,VISIT,80,Random,OnArrival,3,51,5921,Node_802,5,0,-5,5,-5,,,,,,,,,
0,VISIT,85,Random,OnArrival,3,36,5921,Node_785,-2,0,-3,-2,-3,,,,,,,,,
0,VISIT,88,Random,OnArrival,3,36,5921,Node_785,-2,0,-3,-2,-3,,,,,,,,,
0,VISIT,91,Random,OnArrival,3,26,5921,Node_806,12,0,-1,12,-1,,,,,,,,,
0,VISIT,93,Random,OnArrival,3,6,5921,Node_91,17,0,8,17,8,,,,,,,,,
0,VISIT,94,Random,OnArrival,3,6,5921,Node_128,16,0,5,16,5,,,,,,,,,
0,VISIT,95,Random,OnArrival,3,6,5921,Node_128,16,0,5,16,5,,,,,,,,,
0,VISIT,96,Random,OnArrival,3,6,5921,Node_91,17,0,8,17,8,,,,,,,,,
0,VISIT,72,Random,OnArrival,3,98,5925,Node_449,10,0,0,10,0,,,,,,,,,
0,VISIT,77,Random,OnArrival,3,66,5925,Node_803,8,0,-1,8,-1,,,,,,,,,
0,VISIT,81,Random,OnArrival,3,47,5925,Node_624,6,0,2,6,2,,,,,,,,,
0,VISIT,82,Random,OnArrival,3,40,5925,Node_802,5,0,-5,5,-5,,,,,,,,,
0,VISIT,83,Random,OnArrival,3,36,5925,Node_152,14,0,0,14,0,,,,,,,,,
0,VISIT,84,Random,OnArrival,3,47,5925,Node_624,6,0,2,6,2,,,,,,,,,
0,VISIT,86,Random,OnArrival,3,33,5925,Node_802,5,0,-5,5,-5,,,,,,,,,
0,VISIT,87,Random,OnArrival,3,34,5925,Node_778,1,0,-5,1,-5,,,,,,,,,
0,VISIT,89,Random,OnArrival,3,28,5925,Node_152,14,0,0,14,0,,,,,,,,,
0,VISIT,90,Random,OnArrival,3,26,5925,Node_152,14,0,0,14,0,,,,,,,,,
0,VISIT,91,Random,OnArrival,3,27,5925,Node_808,12,0,0,12,0,,,,,,,,,
0,VISIT,92,Random,OnArrival,3,26,5925,Node_152,14,0,0,14,0,,,,,,,,,
0,VISIT,93,Random,OnArrival,3,7,5925,Node_98,17,0,7,17,7,,,,,,,,,
0,VISIT,94,Random,OnArrival,3,7,5925,Node_130,16,0,4,16,4,,,,,,,,,
0,VISIT,95,Random,OnArrival,3,7,5925,Node_130,16,0,4,16,4,,,,,,,,,
0,VISIT,96,Random,OnArrival,3,7,5925,Node_98,17,0,7,17,7,,,,,,,,,
0,VISIT,72,Random,OnArrival,3,99,5930,Node_606,11,0,0,11,0,,,,,,,,,
0,VISIT,78,Random,OnArrival,3,61,5930,Node_802,5,0,-5,5,-5,,,,,,,,,
0,VISIT,79,Random,OnArrival,3,60,5930,Node_802,5,0,-5,5,-5,,,,,,,,,
0,VISIT,80,Random,OnArrival,3,52,5930,Node_801,5,0,-3,5,-3,,,,,,,,,
0,VISIT,83,Random,OnArrival,3,37,5930,Node_792,14,0,-1,14,-1,,,,,,,,,
0,VISIT,85,Random,OnArrival,3,37,5930,Node_782,-2,0,-5,-2,-5,,,,,,,,,
0,VISIT,88,Random,OnArrival,3,37,5930,Node_782,-2,0,-5,-2,-5,,,,,,,,,
0,VISIT,89,Random,OnArrival,3,29,5930,Node_457,15,0,0,15,0,,,,,,,,,
0,VISIT,90,Random,OnArrival,3,27,5930,Node_457,15,0,0,15,0,,,,,,,,,
0,VISIT,92,Random,OnArrival,3,27,5930,Node_792,14,0,-1,14,-1,,,,,,,,,
0,VISIT,93,Random,OnArrival,3,8,5930,Node_102,16,0,7,16,7,,,,,,,,,
0,VISIT,94,Random,OnArrival,3,8,5930,Node_125,17,0,4,17,4,,,,,,,,,
0,VISIT,95,Random,OnArrival,3,8,5930,Node_125,17,0,4,17,4,,,,,,,,,
0,VISIT,96,Random,OnArrival,3,8,5930,Node_102,16,0,7,16,7,,,,,,,,,
0,VISIT,72,Random,OnArrival,3,100,5936,Node_808,12,0,0,12,0,,,,,,,,,
0,VISIT,77,Random,OnArrival,3,67,5936,Node_451,10,0,-1,10,-1,,,,,,,,,
0,VISIT,80,Random,OnArrival,3,53,5936,Node_809,6,0,-3,6,-3,,,,,,,,,
0,VISIT,81,Random,OnArrival,3,48,5936,Node_618,8,0,2,8,2,,,,,,,,,
0,VISIT,83,Random,OnArrival,3,38,5936,Node_460,15,0,-1,15,-1,,,,,,,,,
0,VISIT,84,Random,OnArrival,3,48,5936,Node_618,8,0,2,8,2,,,,,,,,,
0,VISIT,89,Random,OnArrival,3,30,5936,Node_460,15,0,-1,15,-1,,,,,,,,,
0,VISIT,90,Random,OnArrival,3,28,5936,Node_460,15,0,-1,15,-1,,,,,,,,,
0,VISIT,91,Random,OnArrival,3,28,5936,Node_152,14,0,0,14,0,,,,,,,,,
0,VISIT,92,Random,OnArrival,3,28,5936,Node_460,15,0,-1,15,-1,,,,,,,,,
0,VISIT,93,Random,OnArrival,3,9,5936,Node_126,16,0,6,16,6,,,,,,,,,
0,VISIT,94,Random,OnArrival,3,9,5936,Node_124,18,0,4,18,4,,,,,,,,,
0,VISIT,95,Random,OnArrival,3,9,5936,Node_124,18,0,4,18,4,,,,,,,,,
0,VISIT,96,Random,OnArrival,3,9,5936,Node_126,16,0,6,16,6,,,,,,,,,
0,VISIT,77,Random,OnArrival,3,68,5941,Node_449,10,0,0,10,0,,,,,,,,,
0,VISIT,78,Random,OnArrival,3,62,5941,Node_801,5,0,-3,5,-3,,,,,,,,,
0,VISIT,79,Random,OnArrival,3,61,5941,Node_801,5,0,-3,5,-3,,,,,,,,,
0,VISIT,80,Random,OnArrival,3,54,5941,Node_807,6,0,-2,6,-2,,,,,,,,,
0,VISIT,82,Random,OnArrival,3,41,5941,Node_805,8,0,-5,8,-5,,,,,,,,,
0,VISIT,83,Random,OnArrival,3,39,5941,Node_792,14,0,-1,14,-1,,,,,,,,,
0,VISIT,86,Random,OnArrival,3,34,5941,Node_805,8,0,-5,8,-5,,,,,,,,,
0,VISIT,89,Random,OnArrival,3,31,5941,Node_462,15,0,-2,15,-2,,,,,,,,,
0,VISIT,90,Random,OnArrival,3,29,5941,Node_462,15,0,-2,15,-2,,,,,,,,,
0,VISIT,91,Random,OnArrival,3,29,5941,Node_792,14,0,-1,14,-1,,,,,,,,,
0,VISIT,92,Random,OnArrival,3,29,5941,Node_462,15,0,-2,15,-2,,,,,,,,,
0,VISIT,93,Random,OnArrival,3,10,5941,Node_128,16,0,5,16,5,,,,,,,,,
0,VISIT,94,Random,OnArrival,3,10,5941,Node_122,19,0,4,19,4,,,,,,,,,
0,VISIT,95,Random,OnArrival,3,10,5941,Node_122,19,0,4,19,4,,,,,,,,,
0,VISIT,96,Random,OnArrival,3,10,5941,Node_128,16,0,5,16,5,,,,,,,,,
0,VISIT,72,Random,OnArrival,3,101,5947,Node_152,14,0,0,14,0,,,,,,,,,
0,VISIT,77,Random,OnArrival,3,69,5947,Node_451,10,0,-1,10,-1,,,,,,,,,
0,VISIT,78,Random,OnArrival,3,63,5947,Node_809,6,0,-3,6,-3,,,,,,,,,
0,VISIT,79,Random,OnArrival,3,62,5947,Node_809,6,0,-3,6,-3,,,,,,,,,
0,VISIT,81,Random,OnArrival,3,49,5947,Node_624,6,0,2,6,2,,,,,,,,,
0,VISIT,83,Random,OnArrival,3,40,5947,Node_795,14,0,-2,14,-2,,,,,,,,,
0,VISIT,84,Random,OnArrival,3,49,5947,Node_624,6,0,2,6,2,,,,,,,,,
0,VISIT,85,Random,OnArrival,3,38,5947,Node_778,1,0,-5,1,-5,,,,,,,,,
0,VISIT,87,Random,OnArrival,3,35,5947,Node_802,5,0,-5,5,-5,,,,,,,,,
0,VISIT,88,Random,OnArrival,3,38,5947,Node_778,1,0,-5,1,-5,,,,,,,,,
0,VISIT,89,Random,OnArrival,3,32,5947,Node_795,14,0,-2,14,-2,,,,,,,,,
0,VISIT,90,Random,OnArrival,3,30,5947,Node_795,14,0,-2,14,-2,,,,,,,,,
0,VISIT,91,Random,OnArrival,3,30,5947,Node_795,14,0,-2,14,-2,,,,,,,,,
0,VISIT,92,Random,OnArrival,3,30,5947,Node_795,14,0,-2,14,-2,,,,,,,,,
0,VISIT,93,Random,OnArrival,3,11,5947,Node_130,16,0,4,16,4,,,,,,,,,
0,VISIT,94,Random,OnArrival,3,11,5947,Node_424,19,0,3,19,3,,,,,,,,,
0,VISIT,95,Random,OnArrival,3,11,5947,Node_424,19,0,3,19,3,,,,,,,,,
0,VISIT,96,Random,OnArrival,3,11,5947,Node_130,16,0,4,16,4,,,,,,,,,
0,VISIT,72,Random,OnArrival,3,102,5953,Node_792,14,0,-1,14,-1,,,,,,,,,
0,VISIT,78,Random,OnArrival,3,64,5953,Node_807,6,0,-2,6,-2,,,,,,,,,
0,VISIT,79,Random,OnArrival,3,63,5953,Node_807,6,0,-2,6,-2,,,,,,,,,
0,VISIT,80,Random,OnArrival,3,55,5953,Node_804,8,0,-2,8,-2,,,,,,,,,
0,VISIT,83,Random,OnArrival,3,41,5953,Node_462,15,0,-2,15,-2,,,,,,,,,
0,VISIT,89,Random,OnArrival,3,33,5953,Node_475,14,0,-3,14,-3,,,,,,,,,
0,VISIT,90,Random,OnArrival,3,31,5953,Node_462,15,0,-2,15,-2,,,,,,,,,
0,VISIT,91,Random,OnArrival,3,31,5953,Node_462,15,0,-2,15,-2,,,,,,,,,
0,VISIT,92,Random,OnArrival,3,31,5953,Node_475,14,0,-3,14,-3,,,,,,,,,
0,VISIT,93,Random,OnArrival,3,12,5953,Node_125,17,0,4,17,4,,,,,,,,,
0,VISIT,94,Random,OnArrival,3,12,5953,Node_63,20,0,3,20,3,,,,,,,,,
0,VISIT,95,Random,OnArrival,3,12,5953,Node_63,20,0,3,20,3,,,,,,,,,
0,VISIT,96,Random,OnArrival,3,12,5953,Node_125,17,0,4,17,4,,,,,,,,,
0,VISIT,72,Random,OnArrival,3,103,5958,Node_795,14,0,-2,14,-2,,,,,,,,,
0,VISIT,77,Random,OnArrival,3,70,5958,Node_803,8,0,-1,8,-1,,,,,,,,,
0,VISIT,80,Random,OnArrival,3,56,5958,Node_803,8,0,-1,8,-1,,,,,,,,,
0,VISIT,81,Random,OnArrival,3,50,5958,Node_633,6,0,0,6,0,,,,,,,,,
0,VISIT,82,Random,OnArrival,3,42,5958,Node_804,8,0,-2,8,-2,,,,,,,,,
0,VISIT,84,Random,OnArrival,3,50,5958,Node_633,6,0,0,6,0,,,,,,,,,
0,VISIT,86,Random,OnArrival,3,35,5958,Node_804,8,0,-2,8,-2,,,,,,,,,
0,VISIT,87,Random,OnArrival,3,36,5958,Node_801,5,0,-3,5,-3,,,,,,,,,
0,VISIT,89,Random,OnArrival,3,34,5958,Node_464,15,0,-3,15,-3,,,,,,,,,
0,VISIT,92,Random,OnArrival,3,32,5958,Node_464,15,0,-3,15,-3,,,,,,,,,
0,VISIT,93,Random,OnArrival,3,13,5958,Node_124,18,0,4,18,4,,,,,,,,,
0,VISIT,94,Random,OnArrival,3,13,5958,Node_64,20,0,4,20,4,,,,,,,,,
0,VISIT,95,Random,OnArrival,3,13,5958,Node_64,20,0,4,20,4,,,,,,,,,
0,VISIT,96,Random,OnArrival,3,13,5958,Node_124,18,0,4,18,4,,,,,,,,,
0,VISIT,72,Random,OnArrival,3,104,5963,Node_462,15,0,-2,15,-2,,,,,,,,,
0,VISIT,77,Random,OnArrival,3,71,5963,Node_804,8,0,-2,8,-2,,,,,,,,,
0,VISIT,78,Random,OnArrival,3,65,5963,Node_804,8,0,-2,8,-2,,,,,,,,,
0,VISIT,79,Random,OnArrival,3,64,5963,Node_804,8,0,-2,8,-2,,,,,,,,,
0,VISIT,82,Random,OnArrival,3,43,5963,Node_803,8,0,-1,8,-1,,,,,,,,,
0,VISIT,83,Random,OnArrival,3,42,5963,Node_443,17,0,-2,17,-2,,,,,,,,,
0,VISIT,86,Random,OnArrival,3,36,5963,Node_803,8,0,-1,8,-1,,,,,,,,,
0,VISIT,87,Random,OnArrival,3,37,5963,Node_809,6,0,-3,6,-3,,,,,,,,,
0,VISIT,89,Random,OnArrival,3,35,5963,Node_466,15,0,-4,15,-4,,,,,,,,,
0,VISIT,90,Random,OnArrival,3,32,5963,Node_443,17,0,-2,17,-2,,,,,,,,,
0,VISIT,91,Random,OnArrival,3,32,5963,Node_443,17,0,-2,17,-2,,,,,,,,,
0,VISIT,92,Random,OnArrival,3,33,5963,Node_466,15,0,-4,15,-4,,,,,,,,,
0,VISIT,93,Random,OnArrival,3,14,5963,Node_122,19,0,4,19,4,,,,,,,,,
0,VISIT,94,Random,OnArrival,3,14,5963,Node_122,19,0,4,19,4,,,,,,,,,
0,VISIT,95,Random,OnArrival,3,14,5963,Node_122,19,0,4,19,4,,,,,,,,,
0,VISIT,96,Random,OnArrival,3,14,5963,Node_122,19,0,4,19,4,,,,,,,,,
0,VISIT,78,Random,OnArrival,3,66,5969,Node_803,8,0,-1,8,-1,,,,,,,,,
0,VISIT,79,Random,OnArrival,3,65,5969,Node_803,8,0,-1,8,-1,,,,,,,,,
0,VISIT,80,Random,OnArrival,3,57,5969,Node_451,10,0,-1,10,-1,,,,,,,,,
0,VISIT,83,Random,OnArrival,3,43,5969,Node_441,18,0,-2,18,-2,,,,,,,,,
0,VISIT,85,Random,OnArrival,3,39,5969,Node_802,5,0,-5,5,-5,,,,,,,,,
0,VISIT,87,Random,OnArrival,3,38,5969,Node_807,6,0,-2,6,-2,,,,,,,,,
0,VISIT,88,Random,OnArrival,3,39,5969,Node_802,5,0,-5,5,-5,,,,,,,,,
0,VISIT,89,Random,OnArrival,3,36,5969,Node_473,14,0,-4,14,-4,,,,,,,,,
0,VISIT,92,Random,OnArrival,3,34,5969,Node_473,14,0,-4,14,-4,,,,,,,,,
0,VISIT,93,Random,OnArrival,3,15,5969,Node_424,19,0,3,19,3,,,,,,,,,
0,VISIT,94,Random,OnArrival,3,15,5969,Node_124,18,0,4,18,4,,,,,,,,,
0,VISIT,95,Random,OnArrival,3,15,5969,Node_124,18,0,4,18,4,,,,,,,,,
0,VISIT,96,Random,OnArrival,3,15,5969,Node_424,19,0,3,19,3,,,,,,,,,
0,VISIT,72,Random,OnArrival,3,105,5975,Node_443,17,0,-2,17,-2,,,,,,,,,
0,VISIT,77,Random,OnArrival,3,72,5975,Node_807,6,0,-2,6,-2,,,,,,,,,
0,VISIT,80,Random,OnArrival,3,58,5975,Node_449,10,0,0,10,0,,,,,,,,,
0,VISIT,81,Random,OnArrival,3,51,5975,Node_639,3,0,0,3,0,,,,,,,,,
0,VISIT,82,Random,OnArrival,3,44,5975,Node_451,10,0,-1,10,-1,,,,,,,,,
0,VISIT,83,Random,OnArrival,3,44,5975,Node_459,19,0,-2,19,-2,,,,,,,,,
0,VISIT,84,Random,OnArrival,3,51,5975,Node_639,3,0,0,3,0,,,,,,,,,
0,VISIT,86,Random,OnArrival,3,37,5975,Node_451,10,0,-1,10,-1,,,,,,,,,
0,VISIT,89,Random,OnArrival,3,37,5975,Node_470,14,0,-5,14,-5,,,,,,,,,
0,VISIT,90,Random,OnArrival,3,33,5975,Node_462,15,0,-2,15,-2,,,,,,,,,
0,VISIT,91,Random,OnArrival,3,33,5975,Node_462,15,0,-2,15,-2,,,,,,,,,
0,VISIT,92,Random,OnArrival,3,35,5975,Node_470,14,0,-5,14,-5,,,,,,,,,
0,VISIT,93,Random,OnArrival,3,16,5975,Node_422,19,0,2,19,2,,,,,,,,,
0,VISIT,94,Random,OnArrival,3,16,5975,Node_125,17,0,4,17,4,,,,,,,,,
0,VISIT,95,Random,OnArrival,3,16,5975,Node_125,17,0,4,17,4,,,,,,,,,
0,VISIT,96,Random,OnArrival,3,16,5975,Node_422,19,0,2,19,2,,,,,,,,,
0,VISIT,72,Random,OnArrival,3,106,5981,Node_445,17,0,-1,17,-1,,,,,,,,,
0,VISIT,77,Random,OnArrival,3,73,5981,Node_809,6,0,-3,6,-3,,,,,,,,,
0,VISIT,78,Random,OnArrival,3,67,5981,Node_451,10,0,-1,10,-1,,,,,,,,,
0,VISIT,79,Random,OnArrival,3,66,5981,Node_451,10,0,-1,10,-1,,,,,,,,,
0,VISIT,80,Random,OnArrival,3,59,5981,Node_606,11,0,0,11,0,,,,,,,,,
0,VISIT,82,Random,OnArrival,3,45,5981,Node_449,10,0,0,10,0,,,,,,,,,
0,VISIT,83,Random,OnArrival,3,45,5981,Node_478,19,0,-3,19,-3,,,,,,,,,
0,VISIT,86,Random,OnArrival,3,38,5981,Node_449,10,0,0,10,0,,,,,,,,,
0,VISIT,87,Random,OnArrival,3,39,5981,Node_804,8,0,-2,8,-2,,,,,,,,,
0,VISIT,89,Random,OnArrival,3,38,5981,Node_468,15,0,-5,15,-5,,,,,,,,,
0,VISIT,90,Random,OnArrival,3,34,5981,Node_464,15,0,-3,15,-3,,,,,,,,,
0,VISIT,91,Random,OnArrival,3,34,5981,Node_464,15,0,-3,15,-3,,,,,,,,,
0,VISIT,92,Random,OnArrival,3,36,5981,Node_468,15,0,-5,15,-5,,,,,,,,,
0,VISIT,93,Random,OnArrival,3,17,5981,Node_419,19,0,1,19,1,,,,,,,,,
0,VISIT,94,Random,OnArrival,3,17,5981,Node_130,16,0,4,16,4,,,,,,,,,
0,VISIT,95,Random,OnArrival,3,17,5981,Node_130,16,0,4,16,4,,,,,,,,,
0,VISIT,96,Random,OnArrival,3,17,5981,Node_419,19,0,1,19,1,,,,,,,,,
0,VISIT,72,Random,OnArrival,3,107,5987,Node_439,18,0,-1,18,-1,,,,,,,,,
0,VISIT,77,Random,OnArrival,3,74,5987,Node_807,6,0,-2,6,-2,,,,,,,,,
0,VISIT,78,Random,OnArrival,3,68,5987,Node_449,10,0,0,10,0,,,,,,,,,
0,VISIT,79,Random,OnArrival,3,67,5987,Node_449,10,0,0,10,0,,,,,,,,,
0,VISIT,80,Random,OnArrival,3,60,5987,Node_808,12,0,0,12,0,,,,,,,,,
0,VISIT,81,Random,OnArrival,3,52,5987,Node_770,3,0,-2,3,-2,,,,,,,,,
0,VISIT,82,Random,OnArrival,3,46,5987,Node_606,11,0,0,11,0,,,,,,,,,
0,VISIT,83,Random,OnArrival,3,46,5987,Node_474,20,0,-3,20,-3,,,,,,,,,
0,VISIT,84,Random,OnArrival,3,52,5987,Node_770,3,0,-2,3,-2,,,,,,,,,
0,VISIT,85,Random,OnArrival,3,40,5987,Node_805,8,0,-5,8,-5,,,,,,,,,
0,VISIT,86,Random,OnArrival,3,39,5987,Node_606,11,0,0,11,0,,,,,,,,,
0,VISIT,87,Random,OnArrival,3,40,5987,Node_803,8,0,-1,8,-1,,,,,,,,,
0,VISIT,88,Random,OnArrival,3,40,5987,Node_805,8,0,-5,8,-5,,,,,,,,,
0,VISIT,90,Random,OnArrival,3,35,5987,Node_466,15,0,-4,15,-4,,,,,,,,,
0,VISIT,91,Random,OnArrival,3,35,5987,Node_466,15,0,-4,15,-4,,,,,,,,,
0,VISIT,93,Random,OnArrival,3,18,5987,Node_417,19,0,0,19,0,,,,,,,,,
0,VISIT,94,Random,OnArrival,3,18,5987,Node_133,16,0,3,16,3,,,,,,,,,
0,VISIT,95,Random,OnArrival,3,18,5987,Node_133,16,0,3,16,3,,,,,,,,,
0,VISIT,96,Random,OnArrival,3,18,5987,Node_417,19,0,0,19,0,,,,,,,,,
0,VISIT,72,Random,OnArrival,3,108,5993,Node_455,19,0,-1,19,-1,,,,,,,,,
0,VISIT,78,Random,OnArrival,3,69,5993,Node_606,11,0,0,11,0,,,,,,,,,
0,VISIT,79,Random,OnArrival,3,68,5993,Node_606,11,0,0,11,0,,,,,,,,,
0,VISIT,80,Random,OnArrival,3,61,5993,Node_806,12,0,-1,12,-1,,,,,,,,,
0,VISIT,81,Random,OnArrival,3,53,5993,Node_799,4,0,-2,4,-2,,,,,,,,,
0,VISIT,82,Random,OnArrival,3,47,5993,Node_808,12,0,0,12,0,,,,,,,,,
0,VISIT,83,Random,OnArrival,3,47,5993,Node_478,19,0,-3,19,-3,,,,,,,,,
0,VISIT,84,Random,OnArrival,3,53,5993,Node_799,4,0,-2,4,-2,,,,,,,,,
0,VISIT,86,Random,OnArrival,3,40,5993,Node_808,12,0,0,12,0,,,,,,,,,
0,VISIT,90,Random,OnArrival,3,36,5993,Node_468,15,0,-5,15,-5,,,,,,,,,
0,VISIT,91,Random,OnArrival,3,36,5993,Node_468,15,0,-5,15,-5,,,,,,,,,
0,VISIT,94,Random,OnArrival,3,19,5993,Node_136,16,0,2,16,2,,,,,,,,,
0,VISIT,95,Random,OnArrival,3,19,5993,Node_136,16,0,2,16,2,,,,,,,,,
0,VISIT,96,Random,OnArrival,3,19,5993,Node_455,19,0,-1,19,-1,,,,,,,,,
0,VISIT,72,Random,OnArrival,3,109,5999,Node_459,19,0,-2,19,-2,,,,,,,,,
0,VISIT,77,Random,OnArrival,3,75,5999,Node_804,8,0,-2,8,-2,,,,,,,,,
0,VISIT,78,Random,OnArrival,3,70,5999,Node_808,12,0,0,12,0,,,,,,,,,
0,VISIT,79,Random,OnArrival,3,69,5999,Node_808,12,0,0,12,0,,,,,,,,,
0,VISIT,80,Random,OnArrival,3,62,5999,Node_607,11,0,-1,11,-1,,,,,,,,,
0,VISIT,81,Random,OnArrival,3,54,5999,Node_800,4,0,-3,4,-3,,,,,,,,,
0,VISIT,82,Random,OnArrival,3,48,5999,Node_806,12,0,-1,12,-1,,,,,,,,,
0,VISIT,83,Random,OnArrival,3,48,5999,Node_480,19,0,-4,19,-4,,,,,,,,,
0,VISIT,84,Random,OnArrival,3,54,5999,Node_800,4,0,-3,4,-3,,,,,,,,,
0,VISIT,86,Random,OnArrival,3,41,5999,Node_806,12,0,-1,12,-1,,,,,,,,,
0,VISIT,87,Random,OnArrival,3,41,5999,Node_451,10,0,-1,10,-1,,,,,,,,,
0,VISIT,94,Random,OnArrival,3,20,5999,Node_139,15,0,2,15,2,,,,,,,,,
0,VISIT,95,Random,OnArrival,3,20,5999,Node_139,15,0,2,15,2,,,,,,,,,
0,VISIT,96,Random,OnArrival,3,20,5999,Node_459,19,0,-2,19,-2,,,,,,,,,
0,VISIT,72,Random,OnArrival,3,110,6005,Node_478,19,0,-3,19,-3,,,,,,,,,
0,VISIT,77,Random,OnArrival,3,76,6005,Node_803,8,0,-1,8,-1,,,,,,,,,
0,VISIT,80,Random,OnArrival,3,63,6005,Node_451,10,0,-1,10,-1,,,,,,,,,
0,VISIT,81,Random,OnArrival,3,55,6005,Node_801,5,0,-3,5,-3,,,,,,,,,
0,VISIT,82,Random,OnArrival,3,49,6005,Node_607,11,0,-1,11,-1,,,,,,,,,
0,VISIT,84,Random,OnArrival,3,55,6005,Node_801,5,0,-3,5,-3,,,,,,,,,
0,VISIT,85,Random,OnArrival,3,41,6005,Node_804,8,0,-2,8,-2,,,,,,,,,
0,VISIT,86,Random,OnArrival,3,42,6005,Node_607,11,0,-1,11,-1,,,,,,,,,
0,VISIT,87,Random,OnArrival,3,42,6005,Node_449,10,0,0,10,0,,,,,,,,,
0,VISIT,88,Random,OnArrival,3,41,6005,Node_804,8,0,-2,8,-2,,,,,,,,,
0,VISIT,90,Random,OnArrival,3,37,6005,Node_810,17,0,-5,17,-5,,,,,,,,,
0,VISIT,91,Random,OnArrival,3,37,6005,Node_810,17,0,-5,17,-5,,,,,,,,,
0,VISIT,93,Random,OnArrival,3,19,6005,Node_399,22,0,0,22,0,,,,,,,,,
0,VISIT,94,Random,OnArrival,3,21,6005,Node_453,15,0,1,15,1,,,,,,,,,
0,VISIT,95,Random,OnArrival,3,21,6005,Node_453,15,0,1,15,1,,,,,,,,,
0,VISIT,96,Random,OnArrival,3,21,6005,Node_478,19,0,-3,19,-3,,,,,,,,,
0,VISIT,72,Random,OnArrival,3,111,6011,Node_480,19,0,-4,19,-4,,,,,,,,,
0,VISIT,78,Random,OnArrival,3,71,6011,Node_152,14,0,0,14,0,,,,,,,,,
0,VISIT,79,Random,OnArrival,3,70,6011,Node_152,14,0,0,14,0,,,,,,,,,
0,VISIT,81,Random,OnArrival,3,56,6011,Node_809,6,0,-3,6,-3,,,,,,,,,
0,VISIT,82,Random,OnArrival,3,50,6011,Node_451,10,0,-1,10,-1,,,,,,,,,
0,VISIT,84,Random,OnArrival,3,56,6011,Node_809,6,0,-3,6,-3,,,,,,,,,
0,VISIT,85,Random,OnArrival,3,42,6011,Node_803,8,0,-1,8,-1,,,,,,,,,
0,VISIT,86,Random,OnArrival,3,43,6011,Node_451,10,0,-1,10,-1,,,,,,,,,
0,VISIT,87,Random,OnArrival,3,43,6011,Node_606,11,0,0,11,0,,,,,,,,,
0,VISIT,89,Random,OnArrival,3,39,6011,Node_483,18,0,-5,18,-5,,,,,,,,,
0,VISIT,90,Random,OnArrival,3,38,6011,Node_483,18,0,-5,18,-5,,,,,,,,,
0,VISIT,91,Random,OnArrival,3,38,6011,Node_483,18,0,-5,18,-5,,,,,,,,,
0,VISIT,92,Random,OnArrival,3,37,6011,Node_483,18,0,-5,18,-5,,,,,,,,,
0,VISIT,93,Random,OnArrival,3,20,6011,Node_281,23,0,0,23,0,,,,,,,,,
0,VISIT,94,Random,OnArrival,3,22,6011,Node_457,15,0,0,15,0,,,,,,,,,
0,VISIT,95,Random,OnArrival,3,22,6011,Node_457,15,0,0,15,0,,,,,,,,,
0,VISIT,96,Random,OnArrival,3,22,6011,Node_480,19,0,-4,19,-4,,,,,,,,,
0,VISIT,72,Random,OnArrival,3,112,6016,Node_472,20,0,-4,20,-4,,,,,,,,,
0,VISIT,77,Random,OnArrival,3,77,6016,Node_451,10,0,-1,10,-1,,,,,,,,,
0,VISIT,78,Random,OnArrival,3,72,6016,Node_457,15,0,0,15,0,,,,,,,,,
0,VISIT,79,Random,OnArrival,3,71,6016,Node_457,15,0,0,15,0,,,,,,,,,
0,VISIT,80,Random,OnArrival,3,64,6016,Node_803,8,0,-1,8,-1,,,,,,,,,
0,VISIT,81,Random,OnArrival,3,57,6016,Node_807,6,0,-2,6,-2,,,,,,,,,
0,VISIT,84,Random,OnArrival,3,57,6016,Node_807,6,0,-2,6,-2,,,,,,,,,
0,VISIT,87,Random,OnArrival,3,44,6016,Node_808,12,0,0,12,0,,,,,,,,,
0,VISIT,88,Random,OnArrival,3,42,6016,Node_807,6,0,-2,6,-2,,,,,,,,,
0,VISIT,89,Random,OnArrival,3,40,6016,Node_810,17,0,-5,17,-5,,,,,,,,,
0,VISIT,90,Random,OnArrival,3,39,6016,Node_481,19,0,-5,19,-5,,,,,,,,,
0,VISIT,91,Random,OnArrival,3,39,6016,Node_481,19,0,-5,19,-5,,,,,,,,,
0,VISIT,92,Random,OnArrival,3,38,6016,Node_481,19,0,-5,19,-5,,,,,,,,,
0,VISIT,93,Random,OnArrival,3,21,6016,Node_284,23,0,-1,23,-1,,,,,,,,,
0,VISIT,94,Random,OnArrival,3,23,6016,Node_152,14,0,0,14,0,,,,,,,,,
0,VISIT,95,Random,OnArrival,3,23,6016,Node_152,14,0,0,14,0,,,,,,,,,
0,VISIT,96,Random,OnArrival,3,23,6016,Node_472,20,0,-4,20,-4,,,,,,,,,
0,VISIT,97,Random,OnArrival,3,0,6019,Node_6,19,0,12,19,12,,,,,,,,,
0,VISIT,98,Random,OnArrival,3,0,6019,Node_7,19,0,8,19,8,,,,,,,,,
0,VISIT,99,Random,OnArrival,3,0,6019,Node_8,17,0,10,17,10,,,,,,,,,
0,VISIT,100,Random,OnArrival,3,0,6019,Node_9,21,0,10,21,10,,,,,,,,,
0,VISIT,77,Random,OnArrival,3,78,6021,Node_449,10,0,0,10,0,,,,,,,,,
0,VISIT,78,Random,OnArrival,3,73,6021,Node_460,15,0,-1,15,-1,,,,,,,,,
0,VISIT,79,Random,OnArrival,3,72,6021,Node_460,15,0,-1,15,-1,,,,,,,,,
0,VISIT,80,Random,OnArrival,3,65,6021,Node_804,8,0,-2,8,-2,,,,,,,,,
0,VISIT,82,Random,OnArrival,3,51,6021,Node_803,8,0,-1,8,-1,,,,,,,,,
0,VISIT,85,Random,OnArrival,3,43,6021,Node_451,10,0,-1,10,-1,,,,,,,,,
0,VISIT,86,Random,OnArrival,3,44,6021,Node_803,8,0,-1,8,-1,,,,,,,,,
0,VISIT,88,Random,OnArrival,3,43,6021,Node_809,6,0,-3,6,-3,,,,,,,,,
0,VISIT,89,Random,OnArrival,3,41,6021,Node_483,18,0,-5,18,-5,,,,,,,,,
0,VISIT,93,Random,OnArrival,3,22,6021,Node_286,23,0,-2,23,-2,,,,,,,,,
0,VISIT,97,Random,OnArrival,3,1,6023,Node_2,19,0,11,19,11,,,,,,,,,
0,VISIT,98,Random,OnArrival,3,1,6023,Node_47,20,0,8,20,8,,,,,,,,,
0,VISIT,99,Random,OnArrival,3,1,6023,Node_23,17,0,9,17,9,,,,,,,,,
0,VISIT,100,Random,OnArrival,3,1,6023,Node_48,21,0,9,21,9,,,,,,,,,
0,VISIT,72,Random,OnArrival,3,113,6027,Node_481,19,0,-5,19,-5,,,,,,,,,
0,VISIT,77,Random,OnArrival,3,79,6027,Node_606,11,0,0,11,0,,,,,,,,,
0,VISIT,78,Random,OnArrival,3,74,6027,Node_462,15,0,-2,15,-2,,,,,,,,,
0,VISIT,79,Random,OnArrival,3,73,6027,Node_462,15,0,-2,15,-2,,,,,,,,,
0,VISIT,81,Random,OnArrival,3,58,6027,Node_804,8,0,-2,8,-2,,,,,,,,,
0,VISIT,82,Random,OnArrival,3,52,6027,Node_804,8,0,-2,8,-2,,,,,,,,,
0,VISIT,84,Random,OnArrival,3,58,6027,Node_804,8,0,-2,8,-2,,,,,,,,,
0,VISIT,85,Random,OnArrival,3,44,6027,Node_454,10,0,-2,10,-2,,,,,,,,,
0,VISIT,86,Random,OnArrival,3,45,6027,Node_804,8,0,-2,8,-2,,,,,,,,,
0,VISIT,87,Random,OnArrival,3,45,6027,Node_152,14,0,0,14,0,,,,,,,,,
0,VISIT,88,Random,OnArrival,3,44,6027,Node_807,6,0,-2,6,-2,,,,,,,,,
0,VISIT,89,Random,OnArrival,3,42,6027,Node_481,19,0,-5,19,-5,,,,,,,,,
0,VISIT,90,Random,OnArrival,3,40,6027,Node_404,21,0,-5,21,-5,,,,,,,,,
0,VISIT,91,Random,OnArrival,3,40,6027,Node_404,21,0,-5,21,-5,,,,,,,,,
0,VISIT,92,Random,OnArrival,3,39,6027,Node_404,21,0,-5,21,-5,,,,,,,,,
0,VISIT,93,Random,OnArrival,3,23,6027,Node_433,24,0,-2,24,-2,,,,,,,,,
0,VISIT,94,Random,OnArrival,3,24,6027,Node_808,12,0,0,12,0,,,,,,,,,
0,VISIT,95,Random,OnArrival,3,24,6027,Node_808,12,0,0,12,0,,,,,,,,,
0,VISIT,96,Random,OnArrival,3,24,6027,Node_404,21,0,-5,21,-5,,,,,,,,,
0,VISIT,97,Random,OnArrival,3,2,6027,Node_20,19,0,10,19,10,,,,,,,,,
0,VISIT,98,Random,OnArrival,3,2,6027,Node_51,21,0,8,21,8,,,,,,,,,
0,VISIT,99,Random,OnArrival,3,2,6027,Node_91,17,0,8,17,8,,,,,,,,,
0,VISIT,100,Random,OnArrival,3,2,6027,Node_51,21,0,8,21,8,,,,,,,,,
0,VISIT,72,Random,OnArrival,3,114,6031,Node_480,19,0,-4,19,-4,,,,,,,,,
0,VISIT,77,Random,OnArrival,3,80,6031,Node_808,12,0,0,12,0,,,,,,,,,
0,VISIT,78,Random,OnArrival,3,75,6031,Node_464,15,0,-3,15,-3,,,,,,,,,
0,VISIT,79,Random,OnArrival,3,74,6031,Node_464,15,0,-3,15,-3,,,,,,,,,
0,VISIT,80,Random,OnArrival,3,66,6031,Node_807,6,0,-2,6,-2,,,,,,,,,
0,VISIT,81,Random,OnArrival,3,59,6031,Node_803,8,0,-1,8,-1,,,,,,,,,
0,VISIT,84,Random,OnArrival,3,59,6031,Node_803,8,0,-1,8,-1,,,,,,,,,
0,VISIT,85,Random,OnArrival,3,45,6031,Node_458,10,0,-3,10,-3,,,,,,,,,
0,VISIT,87,Random,OnArrival,3,46,6031,Node_457,15,0,0,15,0,,,,,,,,,
0,VISIT,89,Random,OnArrival,3,43,6031,Node_813,20,0,-5,20,-5,,,,,,,,,
0,VISIT,90,Random,OnArrival,3,41,6031,Node_405,21,0,-4,21,-4,,,,,,,,,
0,VISIT,91,Random,OnArrival,3,41,6031,Node_405,21,0,-4,21,-4,,,,,,,,,
0,VISIT,92,Random,OnArrival,3,40,6031,Node_405,21,0,-4,21,-4,,,,,,,,,
0,VISIT,94,Random,OnArrival,3,25,6031,Node_806,12,0,-1,12,-1,,,,,,,,,
0,VISIT,95,Random,OnArrival,3,25,6031,Node_806,12,0,-1,12,-1,,,,,,,,,
0,VISIT,96,Random,OnArrival,3,25,6031,Node_405,21,0,-4,21,-4,,,,,,,,,
0,VISIT,97,Random,OnArrival,3,3,6031,Node_5,20,0,10,20,10,,,,,,,,,
0,VISIT,98,Random,OnArrival,3,3,6031,Node_53,21,0,7,21,7,,,,,,,,,
0,VISIT,99,Random,OnArrival,3,3,6031,Node_98,17,0,7,17,7,,,,,,,,,
0,VISIT,100,Random,OnArrival,3,3,6031,Node_53,21,0,7,21,7,,,,,,,,,
0,VISIT,72,Random,OnArrival,3,115,6035,Node_481,19,0,-5,19,-5,,,,,,,,,
0,VISIT,78,Random,OnArrival,3,76,6035,Node_466,15,0,-4,15,-4,,,,,,,,,
0,VISIT,79,Random,OnArrival,3,75,6035,Node_466,15,0,-4,15,-4,,,,,,,,,
0,VISIT,80,Random,OnArrival,3,67,6035,Node_809,6,0,-3,6,-3,,,,,,,,,
0,VISIT,82,Random,OnArrival,3,53,6035,Node_807,6,0,-2,6,-2,,,,,,,,,
0,VISIT,85,Random,OnArrival,3,46,6035,Node_612,11,0,-3,11,-3,,,,,,,,,
0,VISIT,86,Random,OnArrival,3,46,6035,Node_807,6,0,-2,6,-2,,,,,,,,,
0,VISIT,87,Random,OnArrival,3,47,6035,Node_460,15,0,-1,15,-1,,,,,,,,,
0,VISIT,88,Random,OnArrival,3,45,6035,Node_804,8,0,-2,8,-2,,,,,,,,,
0,VISIT,89,Random,OnArrival,3,44,6035,Node_472,20,0,-4,20,-4,,,,,,,,,
0,VISIT,90,Random,OnArrival,3,42,6035,Node_472,20,0,-4,20,-4,,,,,,,,,
0,VISIT,91,Random,OnArrival,3,42,6035,Node_472,20,0,-4,20,-4,,,,,,,,,
0,VISIT,92,Random,OnArrival,3,41,6035,Node_472,20,0,-4,20,-4,,,,,,,,,
0,VISIT,93,Random,OnArrival,3,24,6035,Node_421,26,0,-2,26,-2,,,,,,,,,
0,VISIT,94,Random,OnArrival,3,26,6035,Node_607,11,0,-1,11,-1,,,,,,,,,
0,VISIT,95,Random,OnArrival,3,26,6035,Node_607,11,0,-1,11,-1,,,,,,,,,
0,VISIT,96,Random,OnArrival,3,26,6035,Node_472,20,0,-4,20,-4,,,,,,,,,
0,VISIT,97,Random,OnArrival,3,4,6035,Node_9,21,0,10,21,10,,,,,,,,,
0,VISIT,98,Random,OnArrival,3,4,6035,Node_57,21,0,6,21,6,,,,,,,,,
0,VISIT,99,Random,OnArrival,3,4,6035,Node_102,16,0,7,16,7,,,,,,,,,
0,VISIT,100,Random,OnArrival,3,4,6035,Node_57,21,0,6,21,6,,,,,,,,,
0,VISIT,72,Random,OnArrival,3,116,6039,Node_813,20,0,-5,20,-5,,,,,,,,,
0,VISIT,77,Random,OnArrival,3,81,6039,Node_152,14,0,0,14,0,,,,,,,,,
0,VISIT,78,Random,OnArrival,3,77,6039,Node_468,15,0,-5,15,-5,,,,,,,,,
0,VISIT,79,Random,OnArrival,3,76,6039,Node_468,15,0,-5,15,-5,,,,,,,,,
0,VISIT,80,Random,OnArrival,3,68,6039,Node_807,6,0,-2,6,-2,,,,,,,,,
0,VISIT,81,Random,OnArrival,3,60,6039,Node_451,10,0,-1,10,-1,,,,,,,,,
0,VISIT,82,Random,OnArrival,3,54,6039,Node_809,6,0,-3,6,-3,,,,,,,,,
0,VISIT,84,Random,OnArrival,3,60,6039,Node_451,10,0,-1,10,-1,,,,,,,,,
0,VISIT,85,Random,OnArrival,3,47,6039,Node_631,12,0,-3,12,-3,,,,,,,,,
0,VISIT,86,Random,OnArrival,3,47,6039,Node_809,6,0,-3,6,-3,,,,,,,,,
0,VISIT,87,Random,OnArrival,3,48,6039,Node_462,15,0,-2,15,-2,,,,,,,,,
0,VISIT,88,Random,OnArrival,3,46,6039,Node_803,8,0,-1,8,-1,,,,,,,,,
0,VISIT,89,Random,OnArrival,3,45,6039,Node_480,19,0,-4,19,-4,,,,,,,,,
0,VISIT,90,Random,OnArrival,3,43,6039,Node_480,19,0,-4,19,-4,,,,,,,,,
0,VISIT,91,Random,OnArrival,3,43,6039,Node_480,19,0,-4,19,-4,,,,,,,,,
0,VISIT,92,Random,OnArrival,3,42,6039,Node_480,19,0,-4,19,-4,,,,,,,,,
0,VISIT,93,Random,OnArrival,3,25,6039,Node_410,27,0,-2,27,-2,,,,,,,,,
0,VISIT,94,Random,OnArrival,3,27,6039,Node_451,10,0,-1,10,-1,,,,,,,,,
0,VISIT,95,Random,OnArrival,3,27,6039,Node_451,10,0,-1,10,-1,,,,,,,,,
0,VISIT,96,Random,OnArrival,3,27,6039,Node_480,19,0,-4,19,-4,,,,,,,,,
0,VISIT,97,Random,OnArrival,3,5,6039,Node_48,21,0,9,21,9,,,,,,,,,
0,VISIT,98,Random,OnArrival,3,5,6039,Node_58,21,0,5,21,5,,,,,,,,,
0,VISIT,99,Random,OnArrival,3,5,6039,Node_126,16,0,6,16,6,,,,,,,,,
0,VISIT,100,Random,OnArrival,3,5,6039,Node_58,21,0,5,21,5,,,,,,,,,
0,VISIT,72,Random,OnArrival,3,117,6043,Node_404,21,0,-5,21,-5,,,,,,,,,
0,VISIT,77,Random,OnArrival,3,82,6043,Node_457,15,0,0,15,0,,,,,,,,,
0,VISIT,81,Random,OnArrival,3,61,6043,Node_454,10,0,-2,10,-2,,,,,,,,,
0,VISIT,82,Random,OnArrival,3,55,6043,Node_807,6,0,-2,6,-2,,,,,,,,,
0,VISIT,84,Random,OnArrival,3,61,6043,Node_454,10,0,-2,10,-2,,,,,,,,,
0,VISIT,86,Random,OnArrival,3,48,6043,Node_807,6,0,-2,6,-2,,,,,,,,,
0,VISIT,87,Random,OnArrival,3,49,6043,Node_464,15,0,-3,15,-3,,,,,,,,,
0,VISIT,89,Random,OnArrival,3,46,6043,Node_812,18,0,-4,18,-4,,,,,,,,,
0,VISIT,90,Random,OnArrival,3,44,6043,Node_812,18,0,-4,18,-4,,,,,,,,,
0,VISIT,91,Random,OnArrival,3,44,6043,Node_812,18,0,-4,18,-4,,,,,,,,,
0,VISIT,92,Random,OnArrival,3,43,6043,Node_812,18,0,-4,18,-4,,,,,,,,,
0,VISIT,96,Random,OnArrival,3,28,6043,Node_812,18,0,-4,18,-4,,,,,,,,,
0,VISIT,97,Random,OnArrival,3,6,6043,Node_51,21,0,8,21,8,,,,,,,,,
0,VISIT,98,Random,OnArrival,3,6,6043,Node_114,22,0,5,22,5,,,,,,,,,
0,VISIT,99,Random,OnArrival,3,6,6043,Node_128,16,0,5,16,5,,,,,,,,,
0,VISIT,100,Random,OnArrival,3,6,6043,Node_114,22,0,5,22,5,,,,,,,,,
0,VISIT,72,Random,OnArrival,3,118,6047,Node_405,21,0,-4,21,-4,,,,,,,,,
0,VISIT,77,Random,OnArrival,3,83,6047,Node_460,15,0,-1,15,-1,,,,,,,,,
0,VISIT,78,Random,OnArrival,3,78,6047,Node_810,17,0,-5,17,-5,,,,,,,,,
0,VISIT,79,Random,OnArrival,3,77,6047,Node_810,17,0,-5,17,-5,,,,,,,,,
0,VISIT,80,Random,OnArrival,3,69,6047,Node_804,8,0,-2,8,-2,,,,,,,,,
0,VISIT,81,Random,OnArrival,3,62,6047,Node_458,10,0,-3,10,-3,,,,,,,,,
0,VISIT,84,Random,OnArrival,3,62,6047,Node_458,10,0,-3,10,-3,,,,,,,,,
0,VISIT,85,Random,OnArrival,3,48,6047,Node_475,14,0,-3,14,-3,,,,,,,,,
0,VISIT,87,Random,OnArrival,3,50,6047,Node_466,15,0,-4,15,-4,,,,,,,,,
0,VISIT,88,Random,OnArrival,3,47,6047,Node_451,10,0,-1,10,-1,,,,,,,,,
0,VISIT,89,Random,OnArrival,3,47,6047,Node_480,19,0,-4,19,-4,,,,,,,,,
0,VISIT,90,Random,OnArrival,3,45,6047,Node_480,19,0,-4,19,-4,,,,,,,,,
0,VISIT,91,Random,OnArrival,3,45,6047,Node_480,19,0,-4,19,-4,,,,,,,,,
0,VISIT,92,Random,OnArrival,3,44,6047,Node_480,19,0,-4,19,-4,,,,,,,,,
0,VISIT,93,Random,OnArrival,3,26,6047,Node_348,28,0,-1,28,-1,,,,,,,,,
0,VISIT,94,Random,OnArrival,3,28,6047,Node_803,8,0,-1,8,-1,,,,,,,,,
0,VISIT,95,Random,OnArrival,3,28,6047,Node_803,8,0,-1,8,-1,,,,,,,,,
0,VISIT,96,Random,OnArrival,3,29,6047,Node_480,19,0,-4,19,-4,,,,,,,,,
0,VISIT,97,Random,OnArrival,3,7,6047,Node_53,21,0,7,21,7,,,,,,,,,
0,VISIT,98,Random,OnArrival,3,7,6047,Node_267,23,0,5,23,5,,,,,,,,,
0,VISIT,99,Random,OnArrival,3,7,6047,Node_130,16,0,4,16,4,,,,,,,,,
0,VISIT,100,Random,OnArrival,3,7,6047,Node_267,23,0,5,23,5,,,,,,,,,
0,VISIT,72,Random,OnArrival,3,119,6051,Node_472,20,0,-4,20,-4,,,,,,,,,
0,VISIT,77,Random,OnArrival,3,84,6051,Node_462,15,0,-2,15,-2,,,,,,,,,
0,VISIT,78,Random,OnArrival,3,79,6051,Node_811,17,0,-4,17,-4,,,,,,,,,
0,VISIT,79,Random,OnArrival,3,78,6051,Node_811,17,0,-4,17,-4,,,,,,,,,
0,VISIT,80,Random,OnArrival,3,70,6051,Node_803,8,0,-1,8,-1,,,,,,,,,
0,VISIT,81,Random,OnArrival,3,63,6051,Node_612,11,0,-3,11,-3,,,,,,,,,
0,VISIT,82,Random,OnArrival,3,56,6051,Node_804,8,0,-2,8,-2,,,,,,,,,
0,VISIT,84,Random,OnArrival,3,63,6051,Node_612,11,0,-3,11,-3,,,,,,,,,
0,VISIT,85,Random,OnArrival,3,49,6051,Node_473,14,0,-4,14,-4,,,,,,,,,
0,VISIT,86,Random,OnArrival,3,49,6051,Node_804,8,0,-2,8,-2,,,,,,,,,
0,VISIT,87,Random,OnArrival,3,51,6051,Node_468,15,0,-5,15,-5,,,,,,,,,
0,VISIT,88,Random,OnArrival,3,48,6051,Node_454,10,0,-2,10,-2,,,,,,,,,
0,VISIT,89,Random,OnArrival,3,48,6051,Node_481,19,0,-5,19,-5,,,,,,,,,
0,VISIT,90,Random,OnArrival,3,46,6051,Node_481,19,0,-5,19,-5,,,,,,,,,
0,VISIT,91,Random,OnArrival,3,46,6051,Node_481,19,0,-5,19,-5,,,,,,,,,
0,VISIT,92,Random,OnArrival,3,45,6051,Node_481,19,0,-5,19,-5,,,,,,,,,
0,VISIT,93,Random,OnArrival,3,27,6051,Node_409,27,0,-1,27,-1,,,,,,,,,
0,VISIT,94,Random,OnArrival,3,29,6051,Node_804,8,0,-2,8,-2,,,,,,,,,
0,VISIT,95,Random,OnArrival,3,29,6051,Node_804,8,0,-2,8,-2,,,,,,,,,
0,VISIT,96,Random,OnArrival,3,30,6051,Node_472,20,0,-4,20,-4,,,,,,,,,
0,VISIT,97,Random,OnArrival,3,8,6051,Node_57,21,0,6,21,6,,,,,,,,,
0,VISIT,98,Random,OnArrival,3,8,6051,Node_269,23,0,4,23,4,,,,,,,,,
0,VISIT,99,Random,OnArrival,3,8,6051,Node_125,17,0,4,17,4,,,,,,,,,
0,VISIT,100,Random,OnArrival,3,8,6051,Node_269,23,0,4,23,4,,,,,,,,,
0,VISIT,72,Random,OnArrival,3,120,6055,Node_480,19,0,-4,19,-4,,,,,,,,,
0,VISIT,77,Random,OnArrival,3,85,6055,Node_464,15,0,-3,15,-3,,,,,,,,,
0,VISIT,78,Random,OnArrival,3,80,6055,Node_812,18,0,-4,18,-4,,,,,,,,,
0,VISIT,79,Random,OnArrival,3,79,6055,Node_812,18,0,-4,18,-4,,,,,,,,,
0,VISIT,81,Random,OnArrival,3,64,6055,Node_631,12,0,-3,12,-3,,,,,,,,,
0,VISIT,82,Random,OnArrival,3,57,6055,Node_803,8,0,-1,8,-1,,,,,,,,,
0,VISIT,84,Random,OnArrival,3,64,6055,Node_631,12,0,-3,12,-3,,,,,,,,,
0,VISIT,85,Random,OnArrival,3,50,6055,Node_470,14,0,-5,14,-5,,,,,,,,,
0,VISIT,86,Random,OnArrival,3,50,6055,Node_803,8,0,-1,8,-1,,,,,,,,,
0,VISIT,88,Random,OnArrival,3,49,6055,Node_458,10,0,-3,10,-3,,,,,,,,,
0,VISIT,89,Random,OnArrival,3,49,6055,Node_813,20,0,-5,20,-5,,,,,,,,,
0,VISIT,90,Random,OnArrival,3,47,6055,Node_813,20,0,-5,20,-5,,,,,,,,,
0,VISIT,91,Random,OnArrival,3,47,6055,Node_813,20,0,-5,20,-5,,,,,,,,,
0,VISIT,92,Random,OnArrival,3,46,6055,Node_813,20,0,-5,20,-5,,,,,,,,,
0,VISIT,93,Random,OnArrival,3,28,6055,Node_410,27,0,-2,27,-2,,,,,,,,,
0,VISIT,96,Random,OnArrival,3,31,6055,Node_405,21,0,-4,21,-4,,,,,,,,,
0,VISIT,97,Random,OnArrival,3,9,6055,Node_58,21,0,5,21,5,,,,,,,,,
0,VISIT,98,Random,OnArrival,3,9,6055,Node_272,23,0,3,23,3,,,,,,,,,
0,VISIT,99,Random,OnArrival,3,9,6055,Node_124,18,0,4,18,4,,,,,,,,,
0,VISIT,100,Random,OnArrival,3,9,6055,Node_272,23,0,3,23,3,,,,,,,,,
0,VISIT,72,Random,OnArrival,3,121,6060,Node_812,18,0,-4,18,-4,,,,,,,,,
0,VISIT,77,Random,OnArrival,3,86,6060,Node_466,15,0,-4,15,-4,,,,,,,,,
0,VISIT,78,Random,OnArrival,3,81,6060,Node_480,19,0,-4,19,-4,,,,,,,,,
0,VISIT,79,Random,OnArrival,3,80,6060,Node_480,19,0,-4,19,-4,,,,,,,,,
0,VISIT,80,Random,OnArrival,3,71,6060,Node_451,10,0,-1,10,-1,,,,,,,,,
0,VISIT,85,Random,OnArrival,3,51,6060,Node_468,15,0,-5,15,-5,,,,,,,,,
0,VISIT,87,Random,OnArrival,3,52,6060,Node_810,17,0,-5,17,-5,,,,,,,,,
0,VISIT,88,Random,OnArrival,3,50,6060,Node_612,11,0,-3,11,-3,,,,,,,,,
0,VISIT,89,Random,OnArrival,3,50,6060,Node_472,20,0,-4,20,-4,,,,,,,,,
0,VISIT,90,Random,OnArrival,3,48,6060,Node_472,20,0,-4,20,-4,,,,,,,,,
0,VISIT,91,Random,OnArrival,3,48,6060,Node_472,20,0,-4,20,-4,,,,,,,,,
0,VISIT,92,Random,OnArrival,3,47,6060,Node_472,20,0,-4,20,-4,,,,,,,,,
0,VISIT,93,Random,OnArrival,3,29,6060,Node_421,26,0,-2,26,-2,,,,,,,,,
0,VISIT,94,Random,OnArrival,3,30,6060,Node_807,6,0,-2,6,-2,,,,,,,,,
0,VISIT,95,Random,OnArrival,3,30,6060,Node_807,6,0,-2,6,-2,,,,,,,,,
0,VISIT,96,Random,OnArrival,3,32,6060,Node_402,22,0,-4,22,-4,,,,,,,,,
0,VISIT,97,Random,OnArrival,3,10,6060,Node_114,22,0,5,22,5,,,,,,,,,
0,VISIT,98,Random,OnArrival,3,10,6060,Node_389,24,0,3,24,3,,,,,,,,,
0,VISIT,99,Random,OnArrival,3,10,6060,Node_122,19,0,4,19,4,,,,,,,,,
0,VISIT,100,Random,OnArrival,3,10,6060,Node_389,24,0,3,24,3,,,,,,,,,
0,VISIT,72,Random,OnArrival,3,122,6065,Node_480,19,0,-4,19,-4,,,,,,,,,
0,VISIT,77,Random,OnArrival,3,87,6065,Node_468,15,0,-5,15,-5,,,,,,,,,
0,VISIT,78,Random,OnArrival,3,82,6065,Node_472,20,0,-4,20,-4,,,,,,,,,
0,VISIT,79,Random,OnArrival,3,81,6065,Node_472,20,0,-4,20,-4,,,,,,,,,
0,VISIT,80,Random,OnArrival,3,72,6065,Node_454,10,0,-2,10,-2,,,,,,,,,
0,VISIT,81,Random,OnArrival,3,65,6065,Node_475,14,0,-3,14,-3,,,,,,,,,
0,VISIT,82,Random,OnArrival,3,58,6065,Node_451,10,0,-1,10,-1,,,,,,,,,
0,VISIT,84,Random,OnArrival,3,65,6065,Node_475,14,0,-3,14,-3,,,,,,,,,
0,VISIT,86,Random,OnArrival,3,51,6065,Node_451,10,0,-1,10,-1,,,,,,,,,
0,VISIT,87,Random,OnArrival,3,53,6065,Node_811,17,0,-4,17,-4,,,,,,,,,
0,VISIT,88,Random,OnArrival,3,51,6065,Node_631,12,0,-3,12,-3,,,,,,,,,
0,VISIT,89,Random,OnArrival,3,51,6065,Node_405,21,0,-4,21,-4,,,,,,,,,
0,VISIT,90,Random,OnArrival,3,49,6065,Node_405,21,0,-4,21,-4,,,,,,,,,
0,VISIT,91,Random,OnArrival,3,49,6065,Node_405,21,0,-4,21,-4,,,,,,,,,
0,VISIT,92,Random,OnArrival,3,48,6065,Node_405,21,0,-4,21,-4,,,,,,,,,
0,VISIT,93,Random,OnArrival,3,30,6065,Node_418,26,0,-3,26,-3,,,,,,,,,
0,VISIT,94,Random,OnArrival,3,31,6065,Node_809,6,0,-3,6,-3,,,,,,,,,
0,VISIT,95,Random,OnArrival,3,31,6065,Node_809,6,0,-3,6,-3,,,,,,,,,
0,VISIT,96,Random,OnArrival,3,33,6065,Node_289,22,0,-3,22,-3,,,,,,,,,
0,VISIT,97,Random,OnArrival,3,11,6065,Node_267,23,0,5,23,5,,,,,,,,,
0,VISIT,98,Random,OnArrival,3,11,6065,Node_388,25,0,3,25,3,,,,,,,,,
0,VISIT,99,Random,OnArrival,3,11,6065,Node_424,19,0,3,19,3,,,,,,,,,
0,VISIT,100,Random,OnArrival,3,11,6065,Node_388,25,0,3,25,3,,,,,,,,,
0,VISIT,72,Random,OnArrival,3,123,6069,Node_472,20,0,-4,20,-4,,,,,,,,,
0,VISIT,78,Random,OnArrival,3,83,6069,Node_405,21,0,-4,21,-4,,,,,,,,,
0,VISIT,79,Random,OnArrival,3,82,6069,Node_405,21,0,-4,21,-4,,,,,,,,,
0,VISIT,80,Random,OnArrival,3,73,6069,Node_458,10,0,-3,10,-3,,,,,,,,,
0,VISIT,81,Random,OnArrival,3,66,6069,Node_473,14,0,-4,14,-4,,,,,,,,,
0,VISIT,82,Random,OnArrival,3,59,6069,Node_454,10,0,-2,10,-2,,,,,,,,,
0,VISIT,84,Random,OnArrival,3,66,6069,Node_473,14,0,-4,14,-4,,,,,,,,,
0,VISIT,85,Random,OnArrival,3,52,6069,Node_810,17,0,-5,17,-5,,,,,,,,,
0,VISIT,86,Random,OnArrival,3,52,6069,Node_454,10,0,-2,10,-2,,,,,,,,,
0,VISIT,87,Random,OnArrival,3,54,6069,Node_812,18,0,-4,18,-4,,,,,,,,,
0,VISIT,89,Random,OnArrival,3,52,6069,Node_402,22,0,-4,22,-4,,,,,,,,,
0,VISIT,90,Random,OnArrival,3,50,6069,Node_402,22,0,-4,22,-4,,,,,,,,,
0,VISIT,91,Random,OnArrival,3,50,6069,Node_402,22,0,-4,22,-4,,,,,,,,,
0,VISIT,92,Random,OnArrival,3,49,6069,Node_402,22,0,-4,22,-4,,,,,,,,,
0,VISIT,93,Random,OnArrival,3,31,6069,Node_411,27,0,-3,27,-3,,,,,,,,,
0,VISIT,94,Random,OnArrival,3,32,6069,Node_807,6,0,-2,6,-2,,,,,,,,,
0,VISIT,95,Random,OnArrival,3,32,6069,Node_807,6,0,-2,6,-2,,,,,,,,,
0,VISIT,96,Random,OnArrival,3,34,6069,Node_287,23,0,-3,23,-3,,,,,,,,,
0,VISIT,97,Random,OnArrival,3,12,6069,Node_269,23,0,4,23,4,,,,,,,,,
0,VISIT,98,Random,OnArrival,3,12,6069,Node_387,25,0,2,25,2,,,,,,,,,
0,VISIT,99,Random,OnArrival,3,12,6069,Node_422,19,0,2,19,2,,,,,,,,,
0,VISIT,100,Random,OnArrival,3,12,6069,Node_387,25,0,2,25,2,,,,,,,,,
0,VISIT,72,Random,OnArrival,3,124,6073,Node_405,21,0,-4,21,-4,,,,,,,,,
0,VISIT,77,Random,OnArrival,3,88,6073,Node_810,17,0,-5,17,-5,,,,,,,,,
0,VISIT,78,Random,OnArrival,3,84,6073,Node_402,22,0,-4,22,-4,,,,,,,,,
0,VISIT,79,Random,OnArrival,3,83,6073,Node_402,22,0,-4,22,-4,,,,,,,,,
0,VISIT,80,Random,OnArrival,3,74,6073,Node_612,11,0,-3,11,-3,,,,,,,,,
0,VISIT,81,Random,OnArrival,3,67,6073,Node_470,14,0,-5,14,-5,,,,,,,,,
0,VISIT,82,Random,OnArrival,3,60,6073,Node_458,10,0,-3,10,-3,,,,,,,,,
0,VISIT,84,Random,OnArrival,3,67,6073,Node_470,14,0,-5,14,-5,,,,,,,,,
0,VISIT,85,Random,OnArrival,3,53,6073,Node_811,17,0,-4,17,-4,,,,,,,,,
0,VISIT,86,Random,OnArrival,3,53,6073,Node_458,10,0,-3,10,-3,,,,,,,,,
0,VISIT,87,Random,OnArrival,3,55,6073,Node_480,19,0,-4,19,-4,,,,,,,,,
0,VISIT,88,Random,OnArrival,3,52,6073,Node_475,14,0,-3,14,-3,,,,,,,,,
0,VISIT,89,Random,OnArrival,3,53,6073,Node_289,22,0,-3,22,-3,,,,,,,,,
0,VISIT,90,Random,OnArrival,3,51,6073,Node_289,22,0,-3,22,-3,,,,,,,,,
0,VISIT,91,Random,OnArrival,3,51,6073,Node_289,22,0,-3,22,-3,,,,,,,,,
0,VISIT,92,Random,OnArrival,3,50,6073,Node_289,22,0,-3,22,-3,,,,,,,,,
0,VISIT,93,Random,OnArrival,3,32,6073,Node_418,26,0,-3,26,-3,,,,,,,,,
0,VISIT,96,Random,OnArrival,3,35,6073,Node_286,23,0,-2,23,-2,,,,,,,,,
0,VISIT,97,Random,OnArrival,3,13,6073,Node_272,23,0,3,23,3,,,,,,,,,
0,VISIT,99,Random,OnArrival,3,13,6073,Node_419,19,0,1,19,1,,,,,,,,,
0,VISIT,72,Random,OnArrival,3,125,6078,Node_402,22,0,-4,22,-4,,,,,,,,,
0,VISIT,77,Random,OnArrival,3,89,6078,Node_483,18,0,-5,18,-5,,,,,,,,,
0,VISIT,78,Random,OnArrival,3,85,6078,Node_289,22,0,-3,22,-3,,,,,,,,,
0,VISIT,79,Random,OnArrival,3,84,6078,Node_289,22,0,-3,22,-3,,,,,,,,,
0,VISIT,80,Random,OnArrival,3,75,6078,Node_631,12,0,-3,12,-3,,,,,,,,,
0,VISIT,81,Random,OnArrival,3,68,6078,Node_468,15,0,-5,15,-5,,,,,,,,,
0,VISIT,82,Random,OnArrival,3,61,6078,Node_612,11,0,-3,11,-3,,,,,,,,,
0,VISIT,84,Random,OnArrival,3,68,6078,Node_468,15,0,-5,15,-5,,,,,,,,,
0,VISIT,85,Random,OnArrival,3,54,6078,Node_812,18,0,-4,18,-4,,,,,,,,,
0,VISIT,86,Random,OnArrival,3,54,6078,Node_612,11,0,-3,11,-3,,,,,,,,,
0,VISIT,87,Random,OnArrival,3,56,6078,Node_472,20,0,-4,20,-4,,,,,,,,,
0,VISIT,88,Random,OnArrival,3,53,6078,Node_473,14,0,-4,14,-4,,,,,,,,,
0,VISIT,89,Random,OnArrival,3,54,6078,Node_287,23,0,-3,23,-3,,,,,,,,,
0,VISIT,90,Random,OnArrival,3,52,6078,Node_287,23,0,-3,23,-3,,,,,,,,,
0,VISIT,91,Random,OnArrival,3,52,6078,Node_287,23,0,-3,23,-3,,,,,,,,,
0,VISIT,92,Random,OnArrival,3,51,6078,Node_287,23,0,-3,23,-3,,,,,,,,,
0,VISIT,93,Random,OnArrival,3,33,6078,Node_416,26,0,-4,26,-4,,,,,,,,,
0,VISIT,94,Random,OnArrival,3,33,6078,Node_804,8,0,-2,8,-2,,,,,,,,,
0,VISIT,95,Random,OnArrival,3,33,6078,Node_804,8,0,-2,8,-2,,,,,,,,,
0,VISIT,96,Random,OnArrival,3,36,6078,Node_433,24,0,-2,24,-2,,,,,,,,,
0,VISIT,97,Random,OnArrival,3,14,6078,Node_275,23,0,2,23,2,,,,,,,,,
0,VISIT,98,Random,OnArrival,3,13,6078,Node_385,27,0,2,27,2,,,,,,,,,
0,VISIT,99,Random,OnArrival,3,14,6078,Node_417,19,0,0,19,0,,,,,,,,,
0,VISIT,100,Random,OnArrival,3,13,6078,Node_385,27,0,2,27,2,,,,,,,,,
0,VISIT,72,Random,OnArrival,3,126,6082,Node_289,22,0,-3,22,-3,,,,,,,,,
0,VISIT,77,Random,OnArrival,3,90,6082,Node_481,19,0,-5,19,-5,,,,,,,,,
0,VISIT,78,Random,OnArrival,3,86,6082,Node_287,23,0,-3,23,-3,,,,,,,,,
0,VISIT,79,Random,OnArrival,3,85,6082,Node_287,23,0,-3,23,-3,,,,,,,,,
0,VISIT,82,Random,OnArrival,3,62,6082,Node_631,12,0,-3,12,-3,,,,,,,,,
0,VISIT,85,Random,OnArrival,3,55,6082,Node_480,19,0,-4,19,-4,,,,,,,,,
0,VISIT,86,Random,OnArrival,3,55,6082,Node_631,12,0,-3,12,-3,,,,,,,,,
0,VISIT,87,Random,OnArrival,3,57,6082,Node_405,21,0,-4,21,-4,,,,,,,,,
0,VISIT,88,Random,OnArrival,3,54,6082,Node_470,14,0,-5,14,-5,,,,,,,,,
0,VISIT,89,Random,OnArrival,3,55,6082,Node_286,23,0,-2,23,-2,,,,,,,,,
0,VISIT,90,Random,OnArrival,3,53,6082,Node_286,23,0,-2,23,-2,,,,,,,,,
0,VISIT,91,Random,OnArrival,3,53,6082,Node_286,23,0,-2,23,-2,,,,,,,,,
0,VISIT,92,Random,OnArrival,3,52,6082,Node_286,23,0,-2,23,-2,,,,,,,,,
0,VISIT,93,Random,OnArrival,3,34,6082,Node_412,27,0,-4,27,-4,,,,,,,,,
0,VISIT,94,Random,OnArrival,3,34,6082,Node_803,8,0,-1,8,-1,,,,,,,,,
0,VISIT,95,Random,OnArrival,3,34,6082,Node_803,8,0,-1,8,-1,,,,,,,,,
0,VISIT,97,Random,OnArrival,3,15,6082,Node_279,23,0,1,23,1,,,,,,,,,
0,VISIT,98,Random,OnArrival,3,14,6082,Node_382,27,0,1,27,1,,,,,,,,,
0,VISIT,99,Random,OnArrival,3,15,6082,Node_455,19,0,-1,19,-1,,,,,,,,,
0,VISIT,100,Random,OnArrival,3,14,6082,Node_382,27,0,1,27,1,,,,,,,,,
0,VISIT,72,Random,OnArrival,3,127,6086,Node_287,23,0,-3,23,-3,,,,,,,,,
0,VISIT,77,Random,OnArrival,3,91,6086,Node_813,20,0,-5,20,-5,,,,,,,,,
0,VISIT,78,Random,OnArrival,3,87,6086,Node_286,23,0,-2,23,-2,,,,,,,,,
0,VISIT,79,Random,OnArrival,3,86,6086,Node_286,23,0,-2,23,-2,,,,,,,,,
0,VISIT,80,Random,OnArrival,3,76,6086,Node_475,14,0,-3,14,-3,,,,,,,,,
0,VISIT,81,Random,OnArrival,3,69,6086,Node_810,17,0,-5,17,-5,,,,,,,,,
0,VISIT,84,Random,OnArrival,3,69,6086,Node_810,17,0,-5,17,-5,,,,,,,,,
0,VISIT,85,Random,OnArrival,3,56,6086,Node_472,20,0,-4,20,-4,,,,,,,,,
0,VISIT,87,Random,OnArrival,3,58,6086,Node_402,22,0,-4,22,-4,,,,,,,,,
0,VISIT,88,Random,OnArrival,3,55,6086,Node_468,15,0,-5,15,-5,,,,,,,,,
0,VISIT,89,Random,OnArrival,3,56,6086,Node_433,24,0,-2,24,-2,,,,,,,,,
0,VISIT,90,Random,OnArrival,3,54,6086,Node_433,24,0,-2,24,-2,,,,,,,,,
0,VISIT,91,Random,OnArrival,3,54,6086,Node_433,24,0,-2,24,-2,,,,,,,,,
0,VISIT,92,Random,OnArrival,3,53,6086,Node_433,24,0,-2,24,-2,,,,,,,,,
0,VISIT,93,Random,OnArrival,3,35,6086,Node_411,27,0,-3,27,-3,,,,,,,,,
0,VISIT,96,Random,OnArrival,3,37,6086,Node_421,26,0,-2,26,-2,,,,,,,,,
0,VISIT,97,Random,OnArrival,3,16,6086,Node_281,23,0,0,23,0,,,,,,,,,
0,VISIT,98,Random,OnArrival,3,15,6086,Node_343,28,0,1,28,1,,,,,,,,,
0,VISIT,99,Random,OnArrival,3,16,6086,Node_459,19,0,-2,19,-2,,,,,,,,,
0,VISIT,100,Random,OnArrival,3,15,6086,Node_343,28,0,1,28,1,,,,,,,,,
0,VISIT,72,Random,OnArrival,3,128,6092,Node_286,23,0,-2,23,-2,,,,,,,,,
0,VISIT,77,Random,OnArrival,3,92,6092,Node_472,20,0,-4,20,-4,,,,,,,,,
0,VISIT,78,Random,OnArrival,3,88,6092,Node_433,24,0,-2,24,-2,,,,,,,,,
0,VISIT,79,Random,OnArrival,3,87,6092,Node_433,24,0,-2,24,-2,,,,,,,,,
0,VISIT,80,Random,OnArrival,3,77,6092,Node_473,14,0,-4,14,-4,,,,,,,,,
0,VISIT,81,Random,OnArrival,3,70,6092,Node_811,17,0,-4,17,-4,,,,,,,,,
0,VISIT,82,Random,OnArrival,3,63,6092,Node_475,14,0,-3,14,-3,,,,,,,,,
0,VISIT,84,Random,OnArrival,3,70,6092,Node_811,17,0,-4,17,-4,,,,,,,,,
0,VISIT,85,Random,OnArrival,3,57,6092,Node_405,21,0,-4,21,-4,,,,,,,,,
0,VISIT,86,Random,OnArrival,3,56,6092,Node_475,14,0,-3,14,-3,,,,,,,,,
0,VISIT,87,Random,OnArrival,3,59,6092,Node_289,22,0,-3,22,-3,,,,,,,,,
0,VISIT,93,Random,OnArrival,3,36,6092,Node_410,27,0,-2,27,-2,,,,,,,,,
0,VISIT,94,Random,OnArrival,3,35,6092,Node_451,10,0,-1,10,-1,,,,,,,,,
0,VISIT,95,Random,OnArrival,3,35,6092,Node_451,10,0,-1,10,-1,,,,,,,,,
0,VISIT,96,Random,OnArrival,3,38,6092,Node_418,26,0,-3,26,-3,,,,,,,,,
0,VISIT,97,Random,OnArrival,3,17,6092,Node_284,23,0,-1,23,-1,,,,,,,,,
0,VISIT,98,Random,OnArrival,3,16,6092,Node_346,28,0,0,28,0,,,,,,,,,
0,VISIT,99,Random,OnArrival,3,17,6092,Node_478,19,0,-3,19,-3,,,,,,,,,
0,VISIT,100,Random,OnArrival,3,16,6092,Node_346,28,0,0,28,0,,,,,,,,,
0,VISIT,72,Random,OnArrival,3,129,6097,Node_433,24,0,-2,24,-2,,,,,,,,,
0,VISIT,77,Random,OnArrival,3,93,6097,Node_405,21,0,-4,21,-4,,,,,,,,,
0,VISIT,80,Random,OnArrival,3,78,6097,Node_470,14,0,-5,14,-5,,,,,,,,,
0,VISIT,81,Random,OnArrival,3,71,6097,Node_812,18,0,-4,18,-4,,,,,,,,,
0,VISIT,82,Random,OnArrival,3,64,6097,Node_473,14,0,-4,14,-4,,,,,,,,,
0,VISIT,84,Random,OnArrival,3,71,6097,Node_812,18,0,-4,18,-4,,,,,,,,,
0,VISIT,85,Random,OnArrival,3,58,6097,Node_402,22,0,-4,22,-4,,,,,,,,,
0,VISIT,86,Random,OnArrival,3,57,6097,Node_473,14,0,-4,14,-4,,,,,,,,,
0,VISIT,87,Random,OnArrival,3,60,6097,Node_287,23,0,-3,23,-3,,,,,,,,,
0,VISIT,88,Random,OnArrival,3,56,6097,Node_810,17,0,-5,17,-5,,,,,,,,,
0,VISIT,89,Random,OnArrival,3,57,6097,Node_421,26,0,-2,26,-2,,,,,,,,,
0,VISIT,90,Random,OnArrival,3,55,6097,Node_421,26,0,-2,26,-2,,,,,,,,,
0,VISIT,91,Random,OnArrival,3,55,6097,Node_421,26,0,-2,26,-2,,,,,,,,,
0,VISIT,92,Random,OnArrival,3,54,6097,Node_421,26,0,-2,26,-2,,,,,,,,,
0,VISIT,93,Random,OnArrival,3,37,6097,Node_814,28,0,-2,28,-2,,,,,,,,,
0,VISIT,94,Random,OnArrival,3,36,6097,Node_449,10,0,0,10,0,,,,,,,,,
0,VISIT,95,Random,OnArrival,3,36,6097,Node_449,10,0,0,10,0,,,,,,,,,
0,VISIT,96,Random,OnArrival,3,39,6097,Node_416,26,0,-4,26,-4,,,,,,,,,
0,VISIT,97,Random,OnArrival,3,18,6097,Node_286,23,0,-2,23,-2,,,,,,,,,
0,VISIT,98,Random,OnArrival,3,17,6097,Node_348,28,0,-1,28,-1,,,,,,,,,
0,VISIT,99,Random,OnArrival,3,18,6097,Node_480,19,0,-4,19,-4,,,,,,,,,
0,VISIT,100,Random,OnArrival,3,17,6097,Node_348,28,0,-1,28,-1,,,,,,,,,
0,VISIT,77,Random,OnArrival,3,94,6102,Node_402,22,0,-4,22,-4,,,,,,,,,
0,VISIT,78,Random,OnArrival,3,89,6102,Node_421,26,0,-2,26,-2,,,,,,,,,
0,VISIT,79,Random,OnArrival,3,88,6102,Node_421,26,0,-2,26,-2,,,,,,,,,
0,VISIT,80,Random,OnArrival,3,79,6102,Node_468,15,0,-5,15,-5,,,,,,,,,
0,VISIT,81,Random,OnArrival,3,72,6102,Node_480,19,0,-4,19,-4,,,,,,,,,
0,VISIT,82,Random,OnArrival,3,65,6102,Node_470,14,0,-5,14,-5,,,,,,,,,
0,VISIT,84,Random,OnArrival,3,72,6102,Node_480,19,0,-4,19,-4,,,,,,,,,
0,VISIT,85,Random,OnArrival,3,59,6102,Node_289,22,0,-3,22,-3,,,,,,,,,
0,VISIT,86,Random,OnArrival,3,58,6102,Node_470,14,0,-5,14,-5,,,,,,,,,
0,VISIT,87,Random,OnArrival,3,61,6102,Node_286,23,0,-2,23,-2,,,,,,,,,
0,VISIT,88,Random,OnArrival,3,57,6102,Node_483,18,0,-5,18,-5,,,,,,,,,
0,VISIT,89,Random,OnArrival,3,58,6102,Node_410,27,0,-2,27,-2,,,,,,,,,
0,VISIT,90,Random,OnArrival,3,56,6102,Node_410,27,0,-2,27,-2,,,,,,,,,
0,VISIT,91,Random,OnArrival,3,56,6102,Node_410,27,0,-2,27,-2,,,,,,,,,
0,VISIT,92,Random,OnArrival,3,55,6102,Node_410,27,0,-2,27,-2,,,,,,,,,
0,VISIT,94,Random,OnArrival,3,37,6102,Node_606,11,0,0,11,0,,,,,,,,,
0,VISIT,95,Random,OnArrival,3,37,6102,Node_606,11,0,0,11,0,,,,,,,,,
0,VISIT,96,Random,OnArrival,3,40,6102,Node_414,26,0,-5,26,-5,,,,,,,,,
0,VISIT,97,Random,OnArrival,3,19,6102,Node_433,24,0,-2,24,-2,,,,,,,,,
0,VISIT,99,Random,OnArrival,3,19,6102,Node_812,18,0,-4,18,-4,,,,,,,,,
0,VISIT,72,Random,OnArrival,3,130,6107,Node_421,26,0,-2,26,-2,,,,,,,,,
0,VISIT,77,Random,OnArrival,3,95,6107,Node_289,22,0,-3,22,-3,,,,,,,,,
0,VISIT,78,Random,OnArrival,3,90,6107,Node_410,27,0,-2,27,-2,,,,,,,,,
0,VISIT,79,Random,OnArrival,3,89,6107,Node_410,27,0,-2,27,-2,,,,,,,,,
0,VISIT,81,Random,OnArrival,3,73,6107,Node_472,20,0,-4,20,-4,,,,,,,,,
0,VISIT,82,Random,OnArrival,3,66,6107,Node_468,15,0,-5,15,-5,,,,,,,,,
0,VISIT,84,Random,OnArrival,3,73,6107,Node_472,20,0,-4,20,-4,,,,,,,,,
0,VISIT,85,Random,OnArrival,3,60,6107,Node_287,23,0,-3,23,-3,,,,,,,,,
0,VISIT,86,Random,OnArrival,3,59,6107,Node_468,15,0,-5,15,-5,,,,,,,,,
0,VISIT,87,Random,OnArrival,3,62,6107,Node_433,24,0,-2,24,-2,,,,,,,,,
0,VISIT,88,Random,OnArrival,3,58,6107,Node_481,19,0,-5,19,-5,,,,,,,,,
0,VISIT,89,Random,OnArrival,3,59,6107,Node_814,28,0,-2,28,-2,,,,,,,,,
0,VISIT,90,Random,OnArrival,3,57,6107,Node_814,28,0,-2,28,-2,,,,,,,,,
0,VISIT,91,Random,OnArrival,3,57,6107,Node_814,28,0,-2,28,-2,,,,,,,,,
0,VISIT,92,Random,OnArrival,3,56,6107,Node_814,28,0,-2,28,-2,,,,,,,,,
0,VISIT,93,Random,OnArrival,3,38,6107,Node_816,29,0,-1,29,-1,,,,,,,,,
0,VISIT,94,Random,OnArrival,3,38,6107,Node_808,12,0,0,12,0,,,,,,,,,
0,VISIT,95,Random,OnArrival,3,38,6107,Node_808,12,0,0,12,0,,,,,,,,,
0,VISIT,98,Random,OnArrival,3,18,6107,Node_815,29,0,-2,29,-2,,,,,,,,,
0,VISIT,99,Random,OnArrival,3,20,6107,Node_480,19,0,-4,19,-4,,,,,,,,,
0,VISIT,100,Random,OnArrival,3,18,6107,Node_815,29,0,-2,29,-2,,,,,,,,,
0,VISIT,72,Random,OnArrival,3,131,6112,Node_410,27,0,-2,27,-2,,,,,,,,,
0,VISIT,77,Random,OnArrival,3,96,6112,Node_287,23,0,-3,23,-3,,,,,,,,,
0,VISIT,78,Random,OnArrival,3,91,6112,Node_814,28,0,-2,28,-2,,,,,,,,,
0,VISIT,79,Random,OnArrival,3,90,6112,Node_814,28,0,-2,28,-2,,,,,,,,,
0,VISIT,80,Random,OnArrival,3,80,6112,Node_810,17,0,-5,17,-5,,,,,,,,,
0,VISIT,81,Random,OnArrival,3,74,6112,Node_405,21,0,-4,21,-4,,,,,,,,,
0,VISIT,84,Random,OnArrival,3,74,6112,Node_405,21,0,-4,21,-4,,,,,,,,,
0,VISIT,85,Random,OnArrival,3,61,6112,Node_286,23,0,-2,23,-2,,,,,,,,,
0,VISIT,88,Random,OnArrival,3,59,6112,Node_813,20,0,-5,20,-5,,,,,,,,,
0,VISIT,89,Random,OnArrival,3,60,6112,Node_815,29,0,-2,29,-2,,,,,,,,,
0,VISIT,90,Random,OnArrival,3,58,6112,Node_348,28,0,-1,28,-1,,,,,,,,,
0,VISIT,91,Random,OnArrival,3,58,6112,Node_348,28,0,-1,28,-1,,,,,,,,,
0,VISIT,92,Random,OnArrival,3,57,6112,Node_348,28,0,-1,28,-1,,,,,,,,,
0,VISIT,97,Random,OnArrival,3,20,6112,Node_421,26,0,-2,26,-2,,,,,,,,,
0,VISIT,99,Random,OnArrival,3,21,6112,Node_472,20,0,-4,20,-4,,,,,,,,,
0,VISIT,72,Random,OnArrival,3,132,6118,Node_814,28,0,-2,28,-2,,,,,,,,,
0,VISIT,77,Random,OnArrival,3,97,6118,Node_286,23,0,-2,23,-2,,,,,,,,,
0,VISIT,78,Random,OnArrival,3,92,6118,Node_348,28,0,-1,28,-1,,,,,,,,,
0,VISIT,79,Random,OnArrival,3,91,6118,Node_815,29,0,-2,29,-2,,,,,,,,,
0,VISIT,80,Random,OnArrival,3,81,6118,Node_483,18,0,-5,18,-5,,,,,,,,,
0,VISIT,81,Random,OnArrival,3,75,6118,Node_402,22,0,-4,22,-4,,,,,,,,,
0,VISIT,82,Random,OnArrival,3,67,6118,Node_810,17,0,-5,17,-5,,,,,,,,,
0,VISIT,84,Random,OnArrival,3,75,6118,Node_402,22,0,-4,22,-4,,,,,,,,,
0,VISIT,85,Random,OnArrival,3,62,6118,Node_433,24,0,-2,24,-2,,,,,,,,,
0,VISIT,86,Random,OnArrival,3,60,6118,Node_810,17,0,-5,17,-5,,,,,,,,,
0,VISIT,87,Random,OnArrival,3,63,6118,Node_421,26,0,-2,26,-2,,,,,,,,,
0,VISIT,88,Random,OnArrival,3,60,6118,Node_472,20,0,-4,20,-4,,,,,,,,,
0,VISIT,89,Random,OnArrival,3,61,6118,Node_819,29,0,-3,29,-3,,,,,,,,,
0,VISIT,90,Random,OnArrival,3,59,6118,Node_816,29,0,-1,29,-1,,,,,,,,,
0,VISIT,91,Random,OnArrival,3,59,6118,Node_816,29,0,-1,29,-1,,,,,,,,,
0,VISIT,92,Random,OnArrival,3,58,6118,Node_816,29,0,-1,29,-1,,,,,,,,,
0,VISIT,94,Random,OnArrival,3,39,6118,Node_152,14,0,0,14,0,,,,,,,,,
0,VISIT,95,Random,OnArrival,3,39,6118,Node_152,14,0,0,14,0,,,,,,,,,
0,VISIT,97,Random,OnArrival,3,21,6118,Node_410,27,0,-2,27,-2,,,,,,,,,
0,VISIT,99,Random,OnArrival,3,22,6118,Node_405,21,0,-4,21,-4,,,,,,,,,
0,VISIT,72,Random,OnArrival,3,133,6123,Node_348,28,0,-1,28,-1,,,,,,,,,
0,VISIT,77,Random,OnArrival,3,98,6123,Node_433,24,0,-2,24,-2,,,,,,,,,
0,VISIT,78,Random,OnArrival,3,93,6123,Node_816,29,0,-1,29,-1,,,,,,,,,
0,VISIT,79,Random,OnArrival,3,92,6123,Node_820,30,0,-2,30,-2,,,,,,,,,
0,VISIT,80,Random,OnArrival,3,82,6123,Node_481,19,0,-5,19,-5,,,,,,,,,
0,VISIT,81,Random,OnArrival,3,76,6123,Node_289,22,0,-3,22,-3,,,,,,,,,
0,VISIT,82,Random,OnArrival,3,68,6123,Node_483,18,0,-5,18,-5,,,,,,,,,
0,VISIT,84,Random,OnArrival,3,76,6123,Node_289,22,0,-3,22,-3,,,,,,,,,
0,VISIT,86,Random,OnArrival,3,61,6123,Node_483,18,0,-5,18,-5,,,,,,,,,
0,VISIT,87,Random,OnArrival,3,64,6123,Node_410,27,0,-2,27,-2,,,,,,,,,
0,VISIT,88,Random,OnArrival,3,61,6123,Node_405,21,0,-4,21,-4,,,,,,,,,
0,VISIT,89,Random,OnArrival,3,62,6123,Node_821,29,0,-4,29,-4,,,,,,,,,
0,VISIT,90,Random,OnArrival,3,60,6123,Node_815,29,0,-2,29,-2,,,,,,,,,
0,VISIT,91,Random,OnArrival,3,60,6123,Node_815,29,0,-2,29,-2,,,,,,,,,
0,VISIT,92,Random,OnArrival,3,59,6123,Node_817,30,0,-1,30,-1,,,,,,,,,
0,VISIT,94,Random,OnArrival,3,40,6123,Node_457,15,0,0,15,0,,,,,,,,,
0,VISIT,95,Random,OnArrival,3,40,6123,Node_457,15,0,0,15,0,,,,,,,,,
0,VISIT,96,Random,OnArrival,3,41,6123,Node_414,26,0,-5,26,-5,,,,,,,,,
0,VISIT,97,Random,OnArrival,3,22,6123,Node_814,28,0,-2,28,-2,,,,,,,,,
0,VISIT,99,Random,OnArrival,3,23,6123,Node_402,22,0,-4,22,-4,,,,,,,,,
0,VISIT,101,Random,OnArrival,3,0,6123,Node_6,19,0,12,19,12,,,,,,,,,
0,VISIT,102,Random,OnArrival,3,0,6123,Node_7,19,0,8,19,8,,,,,,,,,
0,VISIT,103,Random,OnArrival,3,0,6123,Node_8,17,0,10,17,10,,,,,,,,,
0,VISIT,104,Random,OnArrival,3,0,6123,Node_9,21,0,10,21,10,,,,,,,,,
0,VISIT,72,Random,OnArrival,3,134,6127,Node_816,29,0,-1,29,-1,,,,,,,,,
0,VISIT,78,Random,OnArrival,3,94,6127,Node_815,29,0,-2,29,-2,,,,,,,,,
0,VISIT,79,Random,OnArrival,3,93,6127,Node_822,30,0,-3,30,-3,,,,,,,,,
0,VISIT,80,Random,OnArrival,3,83,6127,Node_813,20,0,-5,20,-5,,,,,,,,,
0,VISIT,81,Random,OnArrival,3,77,6127,Node_287,23,0,-3,23,-3,,,,,,,,,
0,VISIT,82,Random,OnArrival,3,69,6127,Node_481,19,0,-5,19,-5,,,,,,,,,
0,VISIT,84,Random,OnArrival,3,77,6127,Node_287,23,0,-3,23,-3,,,,,,,,,
0,VISIT,85,Random,OnArrival,3,63,6127,Node_421,26,0,-2,26,-2,,,,,,,,,
0,VISIT,86,Random,OnArrival,3,62,6127,Node_481,19,0,-5,19,-5,,,,,,,,,
0,VISIT,87,Random,OnArrival,3,65,6127,Node_814,28,0,-2,28,-2,,,,,,,,,
0,VISIT,88,Random,OnArrival,3,62,6127,Node_402,22,0,-4,22,-4,,,,,,,,,
0,VISIT,89,Random,OnArrival,3,63,6127,Node_823,29,0,-5,29,-5,,,,,,,,,
0,VISIT,90,Random,OnArrival,3,61,6127,Node_820,30,0,-2,30,-2,,,,,,,,,
0,VISIT,91,Random,OnArrival,3,61,6127,Node_819,29,0,-3,29,-3,,,,,,,,,
0,VISIT,94,Random,OnArrival,3,41,6127,Node_460,15,0,-1,15,-1,,,,,,,,,
0,VISIT,95,Random,OnArrival,3,41,6127,Node_460,15,0,-1,15,-1,,,,,,,,,
0,VISIT,96,Random,OnArrival,3,42,6127,Node_413,27,0,-5,27,-5,,,,,,,,,
0,VISIT,97,Random,OnArrival,3,23,6127,Node_348,28,0,-1,28,-1,,,,,,,,,
0,VISIT,99,Random,OnArrival,3,24,6127,Node_289,22,0,-3,22,-3,,,,,,,,,
0,VISIT,101,Random,OnArrival,3,1,6127,Node_2,19,0,11,19,11,,,,,,,,,
0,VISIT,102,Random,OnArrival,3,1,6127,Node_47,20,0,8,20,8,,,,,,,,,
0,VISIT,103,Random,OnArrival,3,1,6127,Node_4,18,0,10,18,10,,,,,,,,,
0,VISIT,104,Random,OnArrival,3,1,6127,Node_48,21,0,9,21,9,,,,,,,,,
0,VISIT,72,Random,OnArrival,3,135,6131,Node_817,30,0,-1,30,-1,,,,,,,,,
0,VISIT,77,Random,OnArrival,3,99,6131,Node_421,26,0,-2,26,-2,,,,,,,,,
0,VISIT,78,Random,OnArrival,3,95,6131,Node_819,29,0,-3,29,-3,,,,,,,,,
0,VISIT,79,Random,OnArrival,3,94,6131,Node_825,30,0,-4,30,-4,,,,,,,,,
0,VISIT,80,Random,OnArrival,3,84,6131,Node_472,20,0,-4,20,-4,,,,,,,,,
0,VISIT,81,Random,OnArrival,3,78,6131,Node_286,23,0,-2,23,-2,,,,,,,,,
0,VISIT,82,Random,OnArrival,3,70,6131,Node_813,20,0,-5,20,-5,,,,,,,,,
0,VISIT,84,Random,OnArrival,3,78,6131,Node_286,23,0,-2,23,-2,,,,,,,,,
0,VISIT,85,Random,OnArrival,3,64,6131,Node_410,27,0,-2,27,-2,,,,,,,,,
0,VISIT,86,Random,OnArrival,3,63,6131,Node_813,20,0,-5,20,-5,,,,,,,,,
0,VISIT,87,Random,OnArrival,3,66,6131,Node_815,29,0,-2,29,-2,,,,,,,,,
0,VISIT,88,Random,OnArrival,3,63,6131,Node_289,22,0,-3,22,-3,,,,,,,,,
0,VISIT,89,Random,OnArrival,3,64,6131,Node_826,30,0,-5,30,-5,,,,,,,,,
0,VISIT,91,Random,OnArrival,3,62,6131,Node_822,30,0,-3,30,-3,,,,,,,,,
0,VISIT,93,Random,OnArrival,3,39,6131,Node_826,30,0,-5,30,-5,,,,,,,,,
0,VISIT,94,Random,OnArrival,3,42,6131,Node_462,15,0,-2,15,-2,,,,,,,,,
0,VISIT,95,Random,OnArrival,3,42,6131,Node_462,15,0,-2,15,-2,,,,,,,,,
0,VISIT,96,Random,OnArrival,3,43,6131,Node_412,27,0,-4,27,-4,,,,,,,,,
0,VISIT,97,Random,OnArrival,3,24,6131,Node_816,29,0,-1,29,-1,,,,,,,,,
0,VISIT,98,Random,OnArrival,3,19,6131,Node_825,30,0,-4,30,-4,,,,,,,,,
0,VISIT,99,Random,OnArrival,3,25,6131,Node_287,23,0,-3,23,-3,,,,,,,,,
0,VISIT,100,Random,OnArrival,3,19,6131,Node_825,30,0,-4,30,-4,,,,,,,,,
0,VISIT,101,Random,OnArrival,3,2,6131,Node_20,19,0,10,19,10,,,,,,,,,
0,VISIT,102,Random,OnArrival,3,2,6131,Node_51,21,0,8,21,8,,,,,,,,,
0,VISIT,103,Random,OnArrival,3,2,6131,Node_15,18,0,9,18,9,,,,,,,,,
0,VISIT,104,Random,OnArrival,3,2,6131,Node_82,22,0,9,22,9,,,,,,,,,
0,VISIT,72,Random,OnArrival,3,136,6135,Node_820,30,0,-2,30,-2,,,,,,,,,
0,VISIT,77,Random,OnArrival,3,100,6135,Node_410,27,0,-2,27,-2,,,,,,,,,
0,VISIT,78,Random,OnArrival,3,96,6135,Node_822,30,0,-3,30,-3,,,,,,,,,
0,VISIT,79,Random,OnArrival,3,95,6135,Node_826,30,0,-5,30,-5,,,,,,,,,
0,VISIT,80,Random,OnArrival,3,85,6135,Node_405,21,0,-4,21,-4,,,,,,,,,
0,VISIT,81,Random,OnArrival,3,79,6135,Node_433,24,0,-2,24,-2,,,,,,,,,
0,VISIT,82,Random,OnArrival,3,71,6135,Node_472,20,0,-4,20,-4,,,,,,,,,
0,VISIT,84,Random,OnArrival,3,79,6135,Node_433,24,0,-2,24,-2,,,,,,,,,
0,VISIT,85,Random,OnArrival,3,65,6135,Node_814,28,0,-2,28,-2,,,,,,,,,
0,VISIT,86,Random,OnArrival,3,64,6135,Node_472,20,0,-4,20,-4,,,,,,,,,
0,VISIT,87,Random,OnArrival,3,67,6135,Node_819,29,0,-3,29,-3,,,,,,,,,
0,VISIT,88,Random,OnArrival,3,64,6135,Node_287,23,0,-3,23,-3,,,,,,,,,
0,VISIT,89,Random,OnArrival,3,65,6135,Node_825,30,0,-4,30,-4,,,,,,,,,
0,VISIT,90,Random,OnArrival,3,62,6135,Node_824,31,0,-1,31,-1,,,,,,,,,
0,VISIT,96,Random,OnArrival,3,44,6135,Node_411,27,0,-3,27,-3,,,,,,,,,
0,VISIT,97,Random,OnArrival,3,25,6135,Node_817,30,0,-1,30,-1,,,,,,,,,
0,VISIT,98,Random,OnArrival,3,20,6135,Node_821,29,0,-4,29,-4,,,,,,,,,
0,VISIT,99,Random,OnArrival,3,26,6135,Node_286,23,0,-2,23,-2,,,,,,,,,
0,VISIT,100,Random,OnArrival,3,20,6135,Node_821,29,0,-4,29,-4,,,,,,,,,
0,VISIT,101,Random,OnArrival,3,3,6135,Node_5,20,0,10,20,10,,,,,,,,,
0,VISIT,102,Random,OnArrival,3,3,6135,Node_53,21,0,7,21,7,,,,,,,,,
0,VISIT,103,Random,OnArrival,3,3,6135,Node_3,19,0,9,19,9,,,,,,,,,
0,VISIT,104,Random,OnArrival,3,3,6135,Node_86,23,0,9,23,9,,,,,,,,,
0,VISIT,72,Random,OnArrival,3,137,6139,Node_822,30,0,-3,30,-3,,,,,,,,,
0,VISIT,77,Random,OnArrival,3,101,6139,Node_814,28,0,-2,28,-2,,,,,,,,,
0,VISIT,78,Random,OnArrival,3,97,6139,Node_829,31,0,-3,31,-3,,,,,,,,,
0,VISIT,80,Random,OnArrival,3,86,6139,Node_402,22,0,-4,22,-4,,,,,,,,,
0,VISIT,82,Random,OnArrival,3,72,6139,Node_405,21,0,-4,21,-4,,,,,,,,,
0,VISIT,85,Random,OnArrival,3,66,6139,Node_815,29,0,-2,29,-2,,,,,,,,,
0,VISIT,86,Random,OnArrival,3,65,6139,Node_405,21,0,-4,21,-4,,,,,,,,,
0,VISIT,87,Random,OnArrival,3,68,6139,Node_821,29,0,-4,29,-4,,,,,,,,,
0,VISIT,88,Random,OnArrival,3,65,6139,Node_286,23,0,-2,23,-2,,,,,,,,,
0,VISIT,89,Random,OnArrival,3,66,6139,Node_821,29,0,-4,29,-4,,,,,,,,,
0,VISIT,90,Random,OnArrival,3,63,6139,Node_828,31,0,0,31,0,,,,,,,,,
0,VISIT,91,Random,OnArrival,3,63,6139,Node_827,31,0,-2,31,-2,,,,,,,,,
0,VISIT,94,Random,OnArrival,3,43,6139,Node_443,17,0,-2,17,-2,,,,,,,,,
0,VISIT,95,Random,OnArrival,3,43,6139,Node_443,17,0,-2,17,-2,,,,,,,,,
0,VISIT,96,Random,OnArrival,3,45,6139,Node_410,27,0,-2,27,-2,,,,,,,,,
0,VISIT,97,Random,OnArrival,3,26,6139,Node_820,30,0,-2,30,-2,,,,,,,,,
0,VISIT,98,Random,OnArrival,3,21,6139,Node_823,29,0,-5,29,-5,,,,,,,,,
0,VISIT,99,Random,OnArrival,3,27,6139,Node_433,24,0,-2,24,-2,,,,,,,,,
0,VISIT,100,Random,OnArrival,3,21,6139,Node_823,29,0,-5,29,-5,,,,,,,,,
0,VISIT,101,Random,OnArrival,3,4,6139,Node_9,21,0,10,21,10,,,,,,,,,
0,VISIT,102,Random,OnArrival,3,4,6139,Node_57,21,0,6,21,6,,,,,,,,,
0,VISIT,103,Random,OnArrival,3,4,6139,Node_50,20,0,9,20,9,,,,,,,,,
0,VISIT,72,Random,OnArrival,3,138,6143,Node_825,30,0,-4,30,-4,,,,,,,,,
0,VISIT,77,Random,OnArrival,3,102,6143,Node_815,29,0,-2,29,-2,,,,,,,,,
0,VISIT,78,Random,OnArrival,3,98,6143,Node_827,31,0,-2,31,-2,,,,,,,,,
0,VISIT,80,Random,OnArrival,3,87,6143,Node_289,22,0,-3,22,-3,,,,,,,,,
0,VISIT,81,Random,OnArrival,3,80,6143,Node_421,26,0,-2,26,-2,,,,,,,,,
0,VISIT,82,Random,OnArrival,3,73,6143,Node_402,22,0,-4,22,-4,,,,,,,,,
0,VISIT,84,Random,OnArrival,3,80,6143,Node_421,26,0,-2,26,-2,,,,,,,,,
0,VISIT,85,Random,OnArrival,3,67,6143,Node_820,30,0,-2,30,-2,,,,,,,,,
0,VISIT,86,Random,OnArrival,3,66,6143,Node_402,22,0,-4,22,-4,,,,,,,,,
0,VISIT,87,Random,OnArrival,3,69,6143,Node_823,29,0,-5,29,-5,,,,,,,,,
0,VISIT,88,Random,OnArrival,3,66,6143,Node_433,24,0,-2,24,-2,,,,,,,,,
0,VISIT,89,Random,OnArrival,3,67,6143,Node_823,29,0,-5,29,-5,,,,,,,,,
0,VISIT,91,Random,OnArrival,3,64,6143,Node_824,31,0,-1,31,-1,,,,,,,,,
0,VISIT,94,Random,OnArrival,3,44,6143,Node_441,18,0,-2,18,-2,,,,,,,,,
0,VISIT,95,Random,OnArrival,3,44,6143,Node_441,18,0,-2,18,-2,,,,,,,,,
0,VISIT,96,Random,OnArrival,3,46,6143,Node_409,27,0,-1,27,-1,,,,,,,,,
0,VISIT,97,Random,OnArrival,3,27,6143,Node_822,30,0,-3,30,-3,,,,,,,,,
0,VISIT,98,Random,OnArrival,3,22,6143,Node_826,30,0,-5,30,-5,,,,,,,,,
0,VISIT,100,Random,OnArrival,3,22,6143,Node_826,30,0,-5,30,-5,,,,,,,,,
0,VISIT,101,Random,OnArrival,3,5,6143,Node_48,21,0,9,21,9,,,,,,,,,
0,VISIT,102,Random,OnArrival,3,5,6143,Node_58,21,0,5,21,5,,,,,,,,,
0,VISIT,103,Random,OnArrival,3,5,6143,Node_48,21,0,9,21,9,,,,,,,,,
0,VISIT,104,Random,OnArrival,3,4,6143,Node_88,25,0,9,25,9,,,,,,,,,
0,VISIT,72,Random,OnArrival,3,139,6147,Node_826,30,0,-5,30,-5,,,,,,,,,
0,VISIT,77,Random,OnArrival,3,103,6147,Node_819,29,0,-3,29,-3,,,,,,,,,
0,VISIT,78,Random,OnArrival,3,99,6147,Node_820,30,0,-2,30,-2,,,,,,,,,
0,VISIT,79,Random,OnArrival,3,96,6147,Node_833,33,0,-5,33,-5,,,,,,,,,
0,VISIT,80,Random,OnArrival,3,88,6147,Node_287,23,0,-3,23,-3,,,,,,,,,
0,VISIT,81,Random,OnArrival,3,81,6147,Node_410,27,0,-2,27,-2,,,,,,,,,
0,VISIT,82,Random,OnArrival,3,74,6147,Node_289,22,0,-3,22,-3,,,,,,,,,
0,VISIT,84,Random,OnArrival,3,81,6147,Node_410,27,0,-2,27,-2,,,,,,,,,
0,VISIT,85,Random,OnArrival,3,68,6147,Node_827,31,0,-2,31,-2,,,,,,,,,
0,VISIT,86,Random,OnArrival,3,67,6147,Node_289,22,0,-3,22,-3,,,,,,,,,
0,VISIT,87,Random,OnArrival,3,70,6147,Node_826,30,0,-5,30,-5,,,,,,,,,
0,VISIT,89,Random,OnArrival,3,68,6147,Node_826,30,0,-5,30,-5,,,,,,,,,
0,VISIT,90,Random,OnArrival,3,64,6147,Node_831,32,0,1,32,1,,,,,,,,,
0,VISIT,91,Random,OnArrival,3,65,6147,Node_828,31,0,0,31,0,,,,,,,,,
0,VISIT,92,Random,OnArrival,3,60,6147,Node_377,33,0,0,33,0,,,,,,,,,
0,VISIT,93,Random,OnArrival,3,40,6147,Node_386,33,0,-4,33,-4,,,,,,,,,
0,VISIT,94,Random,OnArrival,3,45,6147,Node_439,18,0,-1,18,-1,,,,,,,,,
0,VISIT,95,Random,OnArrival,3,45,6147,Node_439,18,0,-1,18,-1,,,,,,,,,
0,VISIT,96,Random,OnArrival,3,47,6147,Node_348,28,0,-1,28,-1,,,,,,,,,
0,VISIT,97,Random,OnArrival,3,28,6147,Node_825,30,0,-4,30,-4,,,,,,,,,
0,VISIT,99,Random,OnArrival,3,28,6147,Node_421,26,0,-2,26,-2,,,,,,,,,
0,VISIT,101,Random,OnArrival,3,6,6147,Node_82,22,0,9,22,9,,,,,,,,,
0,VISIT,102,Random,OnArrival,3,6,6147,Node_114,22,0,5,22,5,,,,,,,,,
0,VISIT,103,Random,OnArrival,3,6,6147,Node_82,22,0,9,22,9,,,,,,,,,
0,VISIT,104,Random,OnArrival,3,5,6147,Node_89,25,0,8,25,8,,,,,,,,,
0,VISIT,77,Random,OnArrival,3,104,6151,Node_821,29,0,-4,29,-4,,,,,,,,,
0,VISIT,78,Random,OnArrival,3,100,6151,Node_822,30,0,-3,30,-3,,,,,,,,,
0,VISIT,79,Random,OnArrival,3,97,6151,Node_386,33,0,-4,33,-4,,,,,,,,,
0,VISIT,80,Random,OnArrival,3,89,6151,Node_286,23,0,-2,23,-2,,,,,,,,,
0,VISIT,81,Random,OnArrival,3,82,6151,Node_814,28,0,-2,28,-2,,,,,,,,,
0,VISIT,82,Random,OnArrival,3,75,6151,Node_287,23,0,-3,23,-3,,,,,,,,,
0,VISIT,84,Random,OnArrival,3,82,6151,Node_814,28,0,-2,28,-2,,,,,,,,,
0,VISIT,85,Random,OnArrival,3,69,6151,Node_824,31,0,-1,31,-1,,,,,,,,,
0,VISIT,86,Random,OnArrival,3,68,6151,Node_287,23,0,-3,23,-3,,,,,,,,,
0,VISIT,88,Random,OnArrival,3,67,6151,Node_421,26,0,-2,26,-2,,,,,,,,,
0,VISIT,90,Random,OnArrival,3,65,6151,Node_375,33,0,1,33,1,,,,,,,,,
0,VISIT,91,Random,OnArrival,3,66,6151,Node_832,32,0,0,32,0,,,,,,,,,
0,VISIT,92,Random,OnArrival,3,61,6151,Node_429,34,0,0,34,0,,,,,,,,,
0,VISIT,94,Random,OnArrival,3,46,6151,Node_435,18,0,0,18,0,,,,,,,,,
0,VISIT,95,Random,OnArrival,3,46,6151,Node_435,18,0,0,18,0,,,,,,,,,
0,VISIT,96,Random,OnArrival,3,48,6151,Node_816,29,0,-1,29,-1,,,,,,,,,
0,VISIT,97,Random,OnArrival,3,29,6151,Node_826,30,0,-5,30,-5,,,,,,,,,
0,VISIT,99,Random,OnArrival,3,29,6151,Node_427,26,0,-1,26,-1,,,,,,,,,
0,VISIT,101,Random,OnArrival,3,7,6151,Node_86,23,0,9,23,9,,,,,,,,,
0,VISIT,102,Random,OnArrival,3,7,6151,Node_267,23,0,5,23,5,,,,,,,,,
0,VISIT,103,Random,OnArrival,3,7,6151,Node_86,23,0,9,23,9,,,,,,,,,
0,VISIT,104,Random,OnArrival,3,6,6151,Node_90,25,0,7,25,7,,,,,,,,,
0,VISIT,77,Random,OnArrival,3,105,6155,Node_823,29,0,-5,29,-5,,,,,,,,,
0,VISIT,78,Random,OnArrival,3,101,6155,Node_825,30,0,-4,30,-4,,,,,,,,,
0,VISIT,79,Random,OnArrival,3,98,6155,Node_834,34,0,-4,34,-4,,,,,,,,,
0,VISIT,80,Random,OnArrival,3,90,6155,Node_433,24,0,-2,24,-2,,,,,,,,,
0,VISIT,81,Random,OnArrival,3,83,6155,Node_815,29,0,-2,29,-2,,,,,,,,,
0,VISIT,82,Random,OnArrival,3,76,6155,Node_286,23,0,-2,23,-2,,,,,,,,,
0,VISIT,84,Random,OnArrival,3,83,6155,Node_815,29,0,-2,29,-2,,,,,,,,,
0,VISIT,85,Random,OnArrival,3,70,6155,Node_828,31,0,0,31,0,,,,,,,,,
0,VISIT,86,Random,OnArrival,3,69,6155,Node_286,23,0,-2,23,-2,,,,,,,,,
0,VISIT,88,Random,OnArrival,3,68,6155,Node_427,26,0,-1,26,-1,,,,,,,,,
0,VISIT,90,Random,OnArrival,3,66,6155,Node_426,34,0,1,34,1,,,,,,,,,
0,VISIT,91,Random,OnArrival,3,67,6155,Node_377,33,0,0,33,0,,,,,,,,,
0,VISIT,93,Random,OnArrival,3,41,6155,Node_436,34,0,-3,34,-3,,,,,,,,,
0,VISIT,94,Random,OnArrival,3,47,6155,Node_417,19,0,0,19,0,,,,,,,,,
0,VISIT,95,Random,OnArrival,3,47,6155,Node_417,19,0,0,19,0,,,,,,,,,
0,VISIT,96,Random,OnArrival,3,49,6155,Node_817,30,0,-1,30,-1,,,,,,,,,
0,VISIT,98,Random,OnArrival,3,23,6155,Node_833,33,0,-5,33,-5,,,,,,,,,
0,VISIT,99,Random,OnArrival,3,30,6155,Node_409,27,0,-1,27,-1,,,,,,,,,
0,VISIT,100,Random,OnArrival,3,23,6155,Node_833,33,0,-5,33,-5,,,,,,,,,
0,VISIT,102,Random,OnArrival,3,8,6155,Node_269,23,0,4,23,4,,,,,,,,,
0,VISIT,104,Random,OnArrival,3,7,6155,Node_92,25,0,6,25,6,,,,,,,,,
0,VISIT,72,Random,OnArrival,3,140,6160,Node_833,33,0,-5,33,-5,,,,,,,,,
0,VISIT,77,Random,OnArrival,3,106,6160,Node_826,30,0,-5,30,-5,,,,,,,,,
0,VISIT,78,Random,OnArrival,3,102,6160,Node_826,30,0,-5,30,-5,,,,,,,,,
0,VISIT,79,Random,OnArrival,3,99,6160,Node_436,34,0,-3,34,-3,,,,,,,,,
0,VISIT,81,Random,OnArrival,3,84,6160,Node_819,29,0,-3,29,-3,,,,,,,,,
0,VISIT,82,Random,OnArrival,3,77,6160,Node_433,24,0,-2,24,-2,,,,,,,,,
0,VISIT,84,Random,OnArrival,3,84,6160,Node_819,29,0,-3,29,-3,,,,,,,,,
0,VISIT,85,Random,OnArrival,3,71,6160,Node_830,31,0,1,31,1,,,,,,,,,
0,VISIT,86,Random,OnArrival,3,70,6160,Node_433,24,0,-2,24,-2,,,,,,,,,
0,VISIT,87,Random,OnArrival,3,71,6160,Node_833,33,0,-5,33,-5,,,,,,,,,
0,VISIT,88,Random,OnArrival,3,69,6160,Node_409,27,0,-1,27,-1,,,,,,,,,
0,VISIT,89,Random,OnArrival,3,69,6160,Node_833,33,0,-5,33,-5,,,,,,,,,
0,VISIT,90,Random,OnArrival,3,67,6160,Node_429,34,0,0,34,0,,,,,,,,,
0,VISIT,91,Random,OnArrival,3,68,6160,Node_379,33,0,-1,33,-1,,,,,,,,,
0,VISIT,93,Random,OnArrival,3,42,6160,Node_383,33,0,-3,33,-3,,,,,,,,,
0,VISIT,96,Random,OnArrival,3,50,6160,Node_824,31,0,-1,31,-1,,,,,,,,,
0,VISIT,99,Random,OnArrival,3,31,6160,Node_348,28,0,-1,28,-1,,,,,,,,,
0,VISIT,101,Random,OnArrival,3,8,6160,Node_88,25,0,9,25,9,,,,,,,,,
0,VISIT,102,Random,OnArrival,3,9,6160,Node_272,23,0,3,23,3,,,,,,,,,
0,VISIT,103,Random,OnArrival,3,8,6160,Node_88,25,0,9,25,9,,,,,,,,,
0,VISIT,104,Random,OnArrival,3,8,6160,Node_95,25,0,5,25,5,,,,,,,,,
0,VISIT,72,Random,OnArrival,3,141,6164,Node_837,34,0,-5,34,-5,,,,,,,,,
0,VISIT,79,Random,OnArrival,3,100,6164,Node_383,33,0,-3,33,-3,,,,,,,,,
0,VISIT,80,Random,OnArrival,3,91,6164,Node_421,26,0,-2,26,-2,,,,,,,,,
0,VISIT,81,Random,OnArrival,3,85,6164,Node_821,29,0,-4,29,-4,,,,,,,,,
0,VISIT,84,Random,OnArrival,3,85,6164,Node_821,29,0,-4,29,-4,,,,,,,,,
0,VISIT,85,Random,OnArrival,3,72,6164,Node_831,32,0,1,32,1,,,,,,,,,
0,VISIT,87,Random,OnArrival,3,72,6164,Node_837,34,0,-5,34,-5,,,,,,,,,
0,VISIT,88,Random,OnArrival,3,70,6164,Node_348,28,0,-1,28,-1,,,,,,,,,
0,VISIT,89,Random,OnArrival,3,70,6164,Node_837,34,0,-5,34,-5,,,,,,,,,
0,VISIT,90,Random,OnArrival,3,68,6164,Node_377,33,0,0,33,0,,,,,,,,,
0,VISIT,91,Random,OnArrival,3,69,6164,Node_430,34,0,-1,34,-1,,,,,,,,,
0,VISIT,92,Random,OnArrival,3,62,6164,Node_430,34,0,-1,34,-1,,,,,,,,,
0,VISIT,93,Random,OnArrival,3,43,6164,Node_380,33,0,-2,33,-2,,,,,,,,,
0,VISIT,96,Random,OnArrival,3,51,6164,Node_828,31,0,0,31,0,,,,,,,,,
0,VISIT,97,Random,OnArrival,3,30,6164,Node_833,33,0,-5,33,-5,,,,,,,,,
0,VISIT,98,Random,OnArrival,3,24,6164,Node_834,34,0,-4,34,-4,,,,,,,,,
0,VISIT,99,Random,OnArrival,3,32,6164,Node_816,29,0,-1,29,-1,,,,,,,,,
0,VISIT,100,Random,OnArrival,3,24,6164,Node_834,34,0,-4,34,-4,,,,,,,,,
0,VISIT,101,Random,OnArrival,3,9,6164,Node_89,25,0,8,25,8,,,,,,,,,
0,VISIT,102,Random,OnArrival,3,10,6164,Node_275,23,0,2,23,2,,,,,,,,,
0,VISIT,103,Random,OnArrival,3,9,6164,Node_89,25,0,8,25,8,,,,,,,,,
0,VISIT,104,Random,OnArrival,3,9,6164,Node_243,26,0,5,26,5,,,,,,,,,
0,VISIT,72,Random,OnArrival,3,142,6169,Node_834,34,0,-4,34,-4,,,,,,,,,
0,VISIT,79,Random,OnArrival,3,101,6169,Node_436,34,0,-3,34,-3,,,,,,,,,
0,VISIT,80,Random,OnArrival,3,92,6169,Node_410,27,0,-2,27,-2,,,,,,,,,
0,VISIT,81,Random,OnArrival,3,86,6169,Node_823,29,0,-5,29,-5,,,,,,,,,
0,VISIT,82,Random,OnArrival,3,78,6169,Node_421,26,0,-2,26,-2,,,,,,,,,
0,VISIT,84,Random,OnArrival,3,86,6169,Node_823,29,0,-5,29,-5,,,,,,,,,
0,VISIT,85,Random,OnArrival,3,73,6169,Node_832,32,0,0,32,0,,,,,,,,,
0,VISIT,86,Random,OnArrival,3,71,6169,Node_421,26,0,-2,26,-2,,,,,,,,,
0,VISIT,87,Random,OnArrival,3,73,6169,Node_834,34,0,-4,34,-4,,,,,,,,,
0,VISIT,88,Random,OnArrival,3,71,6169,Node_816,29,0,-1,29,-1,,,,,,,,,
0,VISIT,89,Random,OnArrival,3,71,6169,Node_834,34,0,-4,34,-4,,,,,,,,,
0,VISIT,90,Random,OnArrival,3,69,6169,Node_379,33,0,-1,33,-1,,,,,,,,,
0,VISIT,91,Random,OnArrival,3,70,6169,Node_836,35,0,-1,35,-1,,,,,,,,,
0,VISIT,92,Random,OnArrival,3,63,6169,Node_379,33,0,-1,33,-1,,,,,,,,,
0,VISIT,93,Random,OnArrival,3,44,6169,Node_432,34,0,-2,34,-2,,,,,,,,,
0,VISIT,94,Random,OnArrival,3,48,6169,Node_399,22,0,0,22,0,,,,,,,,,
0,VISIT,95,Random,OnArrival,3,48,6169,Node_399,22,0,0,22,0,,,,,,,,,
0,VISIT,96,Random,OnArrival,3,52,6169,Node_832,32,0,0,32,0,,,,,,,,,
0,VISIT,97,Random,OnArrival,3,31,6169,Node_386,33,0,-4,33,-4,,,,,,,,,
0,VISIT,99,Random,OnArrival,3,33,6169,Node_815,29,0,-2,29,-2,,,,,,,,,
0,VISIT,101,Random,OnArrival,3,10,6169,Node_90,25,0,7,25,7,,,,,,,,,
0,VISIT,102,Random,OnArrival,3,11,6169,Node_279,23,0,1,23,1,,,,,,,,,
0,VISIT,103,Random,OnArrival,3,10,6169,Node_90,25,0,7,25,7,,,,,,,,,
0,VISIT,104,Random,OnArrival,3,10,6169,Node_249,27,0,5,27,5,,,,,,,,,
0,VISIT,72,Random,OnArrival,3,143,6173,Node_838,35,0,-4,35,-4,,,,,,,,,
0,VISIT,77,Random,OnArrival,3,107,6173,Node_833,33,0,-5,33,-5,,,,,,,,,
0,VISIT,78,Random,OnArrival,3,103,6173,Node_833,33,0,-5,33,-5,,,,,,,,,
0,VISIT,79,Random,OnArrival,3,102,6173,Node_432,34,0,-2,34,-2,,,,,,,,,
0,VISIT,80,Random,OnArrival,3,93,6173,Node_814,28,0,-2,28,-2,,,,,,,,,
0,VISIT,81,Random,OnArrival,3,87,6173,Node_826,30,0,-5,30,-5,,,,,,,,,
0,VISIT,82,Random,OnArrival,3,79,6173,Node_410,27,0,-2,27,-2,,,,,,,,,
0,VISIT,84,Random,OnArrival,3,87,6173,Node_826,30,0,-5,30,-5,,,,,,,,,
0,VISIT,85,Random,OnArrival,3,74,6173,Node_377,33,0,0,33,0,,,,,,,,,
0,VISIT,86,Random,OnArrival,3,72,6173,Node_410,27,0,-2,27,-2,,,,,,,,,
0,VISIT,87,Random,OnArrival,3,74,6173,Node_838,35,0,-4,35,-4,,,,,,,,,
0,VISIT,88,Random,OnArrival,3,72,6173,Node_815,29,0,-2,29,-2,,,,,,,,,
0,VISIT,89,Random,OnArrival,3,72,6173,Node_838,35,0,-4,35,-4,,,,,,,,,
0,VISIT,90,Random,OnArrival,3,70,6173,Node_380,33,0,-2,33,-2,,,,,,,,,
0,VISIT,91,Random,OnArrival,3,71,6173,Node_430,34,0,-1,34,-1,,,,,,,,,
0,VISIT,92,Random,OnArrival,3,64,6173,Node_380,33,0,-2,33,-2,,,,,,,,,
0,VISIT,93,Random,OnArrival,3,45,6173,Node_430,34,0,-1,34,-1,,,,,,,,,
0,VISIT,94,Random,OnArrival,3,49,6173,Node_400,22,0,-1,22,-1,,,,,,,,,
0,VISIT,95,Random,OnArrival,3,49,6173,Node_400,22,0,-1,22,-1,,,,,,,,,
0,VISIT,96,Random,OnArrival,3,53,6173,Node_377,33,0,0,33,0,,,,,,,,,
0,VISIT,97,Random,OnArrival,3,32,6173,Node_834,34,0,-4,34,-4,,,,,,,,,
0,VISIT,99,Random,OnArrival,3,34,6173,Node_819,29,0,-3,29,-3,,,,,,,,,
0,VISIT,101,Random,OnArrival,3,11,6173,Node_92,25,0,6,25,6,,,,,,,,,
0,VISIT,102,Random,OnArrival,3,12,6173,Node_281,23,0,0,23,0,,,,,,,,,
0,VISIT,103,Random,OnArrival,3,11,6173,Node_92,25,0,6,25,6,,,,,,,,,
0,VISIT,104,Random,OnArrival,3,11,6173,Node_332,28,0,5,28,5,,,,,,,,,
0,VISIT,72,Random,OnArrival,3,144,6178,Node_839,35,0,-5,35,-5,,,,,,,,,
0,VISIT,77,Random,OnArrival,3,108,6178,Node_837,34,0,-5,34,-5,,,,,,,,,
0,VISIT,78,Random,OnArrival,3,104,6178,Node_386,33,0,-4,33,-4,,,,,,,,,
0,VISIT,79,Random,OnArrival,3,103,6178,Node_430,34,0,-1,34,-1,,,,,,,,,
0,VISIT,80,Random,OnArrival,3,94,6178,Node_815,29,0,-2,29,-2,,,,,,,,,
0,VISIT,82,Random,OnArrival,3,80,6178,Node_814,28,0,-2,28,-2,,,,,,,,,
0,VISIT,85,Random,OnArrival,3,75,6178,Node_429,34,0,0,34,0,,,,,,,,,
0,VISIT,86,Random,OnArrival,3,73,6178,Node_814,28,0,-2,28,-2,,,,,,,,,
0,VISIT,87,Random,OnArrival,3,75,6178,Node_839,35,0,-5,35,-5,,,,,,,,,
0,VISIT,88,Random,OnArrival,3,73,6178,Node_819,29,0,-3,29,-3,,,,,,,,,
0,VISIT,89,Random,OnArrival,3,73,6178,Node_839,35,0,-5,35,-5,,,,,,,,,
0,VISIT,90,Random,OnArrival,3,71,6178,Node_383,33,0,-3,33,-3,,,,,,,,,
0,VISIT,91,Random,OnArrival,3,72,6178,Node_432,34,0,-2,34,-2,,,,,,,,,
0,VISIT,92,Random,OnArrival,3,65,6178,Node_379,33,0,-1,33,-1,,,,,,,,,
0,VISIT,93,Random,OnArrival,3,46,6178,Node_429,34,0,0,34,0,,,,,,,,,
0,VISIT,94,Random,OnArrival,3,50,6178,Node_401,22,0,-2,22,-2,,,,,,,,,
0,VISIT,95,Random,OnArrival,3,50,6178,Node_401,22,0,-2,22,-2,,,,,,,,,
0,VISIT,96,Random,OnArrival,3,54,6178,Node_379,33,0,-1,33,-1,,,,,,,,,
0,VISIT,97,Random,OnArrival,3,33,6178,Node_837,34,0,-5,34,-5,,,,,,,,,
0,VISIT,98,Random,OnArrival,3,25,6178,Node_837,34,0,-5,34,-5,,,,,,,,,
0,VISIT,99,Random,OnArrival,3,35,6178,Node_821,29,0,-4,29,-4,,,,,,,,,
0,VISIT,100,Random,OnArrival,3,25,6178,Node_837,34,0,-5,34,-5,,,,,,,,,
0,VISIT,101,Random,OnArrival,3,12,6178,Node_95,25,0,5,25,5,,,,,,,,,
0,VISIT,102,Random,OnArrival,3,13,6178,Node_284,23,0,-1,23,-1,,,,,,,,,
0,VISIT,103,Random,OnArrival,3,12,6178,Node_95,25,0,5,25,5,,,,,,,,,
0,VISIT,72,Random,OnArrival,3,145,6183,Node_837,34,0,-5,34,-5,,,,,,,,,
0,VISIT,77,Random,OnArrival,3,109,6183,Node_839,35,0,-5,35,-5,,,,,,,,,
0,VISIT,78,Random,OnArrival,3,105,6183,Node_383,33,0,-3,33,-3,,,,,,,,,
0,VISIT,79,Random,OnArrival,3,104,6183,Node_432,34,0,-2,34,-2,,,,,,,,,
0,VISIT,80,Random,OnArrival,3,95,6183,Node_819,29,0,-3,29,-3,,,,,,,,,
0,VISIT,82,Random,OnArrival,3,81,6183,Node_815,29,0,-2,29,-2,,,,,,,,,
0,VISIT,85,Random,OnArrival,3,76,6183,Node_835,35,0,0,35,0,,,,,,,,,
0,VISIT,86,Random,OnArrival,3,74,6183,Node_815,29,0,-2,29,-2,,,,,,,,,
0,VISIT,87,Random,OnArrival,3,76,6183,Node_837,34,0,-5,34,-5,,,,,,,,,
0,VISIT,88,Random,OnArrival,3,74,6183,Node_821,29,0,-4,29,-4,,,,,,,,,
0,VISIT,89,Random,OnArrival,3,74,6183,Node_837,34,0,-5,34,-5,,,,,,,,,
0,VISIT,90,Random,OnArrival,3,72,6183,Node_386,33,0,-4,33,-4,,,,,,,,,
0,VISIT,91,Random,OnArrival,3,73,6183,Node_436,34,0,-3,34,-3,,,,,,,,,
0,VISIT,92,Random,OnArrival,3,66,6183,Node_377,33,0,0,33,0,,,,,,,,,
0,VISIT,93,Random,OnArrival,3,47,6183,Node_835,35,0,0,35,0,,,,,,,,,
0,VISIT,94,Random,OnArrival,3,51,6183,Node_286,23,0,-2,23,-2,,,,,,,,,
0,VISIT,95,Random,OnArrival,3,51,6183,Node_286,23,0,-2,23,-2,,,,,,,,,
0,VISIT,96,Random,OnArrival,3,55,6183,Node_377,33,0,0,33,0,,,,,,,,,
0,VISIT,97,Random,OnArrival,3,34,6183,Node_839,35,0,-5,35,-5,,,,,,,,,
0,VISIT,98,Random,OnArrival,3,26,6183,Node_834,34,0,-4,34,-4,,,,,,,,,
0,VISIT,99,Random,OnArrival,3,36,6183,Node_823,29,0,-5,29,-5,,,,,,,,,
0,VISIT,100,Random,OnArrival,3,26,6183,Node_834,34,0,-4,34,-4,,,,,,,,,
0,VISIT,101,Random,OnArrival,3,13,6183,Node_243,26,0,5,26,5,,,,,,,,,
0,VISIT,102,Random,OnArrival,3,14,6183,Node_286,23,0,-2,23,-2,,,,,,,,,
0,VISIT,103,Random,OnArrival,3,13,6183,Node_243,26,0,5,26,5,,,,,,,,,
0,VISIT,104,Random,OnArrival,3,12,6183,Node_337,28,0,3,28,3,,,,,,,,,
0,VISIT,72,Random,OnArrival,3,146,6189,Node_834,34,0,-4,34,-4,,,,,,,,,
0,VISIT,78,Random,OnArrival,3,106,6189,Node_386,33,0,-4,33,-4,,,,,,,,,
0,VISIT,79,Random,OnArrival,3,105,6189,Node_436,34,0,-3,34,-3,,,,,,,,,
0,VISIT,80,Random,OnArrival,3,96,6189,Node_821,29,0,-4,29,-4,,,,,,,,,
0,VISIT,81,Random,OnArrival,3,88,6189,Node_833,33,0,-5,33,-5,,,,,,,,,
0,VISIT,82,Random,OnArrival,3,82,6189,Node_819,29,0,-3,29,-3,,,,,,,,,
0,VISIT,84,Random,OnArrival,3,88,6189,Node_833,33,0,-5,33,-5,,,,,,,,,
0,VISIT,86,Random,OnArrival,3,75,6189,Node_819,29,0,-3,29,-3,,,,,,,,,
0,VISIT,87,Random,OnArrival,3,77,6189,Node_839,35,0,-5,35,-5,,,,,,,,,
0,VISIT,88,Random,OnArrival,3,75,6189,Node_823,29,0,-5,29,-5,,,,,,,,,
0,VISIT,89,Random,OnArrival,3,75,6189,Node_839,35,0,-5,35,-5,,,,,,,,,
0,VISIT,90,Random,OnArrival,3,73,6189,Node_833,33,0,-5,33,-5,,,,,,,,,
0,VISIT,91,Random,OnArrival,3,74,6189,Node_834,34,0,-4,34,-4,,,,,,,,,
0,VISIT,92,Random,OnArrival,3,67,6189,Node_429,34,0,0,34,0,,,,,,,,,
0,VISIT,94,Random,OnArrival,3,52,6189,Node_433,24,0,-2,24,-2,,,,,,,,,
0,VISIT,95,Random,OnArrival,3,52,6189,Node_433,24,0,-2,24,-2,,,,,,,,,
0,VISIT,96,Random,OnArrival,3,56,6189,Node_429,34,0,0,34,0,,,,,,,,,
0,VISIT,98,Random,OnArrival,3,27,6189,Node_838,35,0,-4,35,-4,,,,,,,,,
0,VISIT,99,Random,OnArrival,3,37,6189,Node_826,30,0,-5,30,-5,,,,,,,,,
0,VISIT,100,Random,OnArrival,3,27,6189,Node_838,35,0,-4,35,-4,,,,,,,,,
0,VISIT,101,Random,OnArrival,3,14,6189,Node_249,27,0,5,27,5,,,,,,,,,
0,VISIT,102,Random,OnArrival,3,15,6189,Node_433,24,0,-2,24,-2,,,,,,,,,
0,VISIT,103,Random,OnArrival,3,14,6189,Node_249,27,0,5,27,5,,,,,,,,,
0,VISIT,104,Random,OnArrival,3,13,6189,Node_340,28,0,2,28,2,,,,,,,,,
0,VISIT,72,Random,OnArrival,3,147,6195,Node_838,35,0,-4,35,-4,,,,,,,,,
0,VISIT,78,Random,OnArrival,3,107,6195,Node_834,34,0,-4,34,-4,,,,,,,,,
0,VISIT,79,Random,OnArrival,3,106,6195,Node_834,34,0,-4,34,-4,,,,,,,,,
0,VISIT,80,Random,OnArrival,3,97,6195,Node_823,29,0,-5,29,-5,,,,,,,,,
0,VISIT,81,Random,OnArrival,3,89,6195,Node_837,34,0,-5,34,-5,,,,,,,,,
0,VISIT,82,Random,OnArrival,3,83,6195,Node_821,29,0,-4,29,-4,,,,,,,,,
0,VISIT,84,Random,OnArrival,3,89,6195,Node_386,33,0,-4,33,-4,,,,,,,,,
0,VISIT,86,Random,OnArrival,3,76,6195,Node_821,29,0,-4,29,-4,,,,,,,,,
0,VISIT,87,Random,OnArrival,3,78,6195,Node_840,36,0,-5,36,-5,,,,,,,,,
0,VISIT,88,Random,OnArrival,3,76,6195,Node_826,30,0,-5,30,-5,,,,,,,,,
0,VISIT,89,Random,OnArrival,3,76,6195,Node_838,35,0,-4,35,-4,,,,,,,,,
0,VISIT,90,Random,OnArrival,3,74,6195,Node_837,34,0,-5,34,-5,,,,,,,,,
0,VISIT,91,Random,OnArrival,3,75,6195,Node_838,35,0,-4,35,-4,,,,,,,,,
0,VISIT,92,Random,OnArrival,3,68,6195,Node_835,35,0,0,35,0,,,,,,,,,
0,VISIT,96,Random,OnArrival,3,57,6195,Node_835,35,0,0,35,0,,,,,,,,,
0,VISIT,101,Random,OnArrival,3,15,6195,Node_332,28,0,5,28,5,,,,,,,,,
0,VISIT,103,Random,OnArrival,3,15,6195,Node_332,28,0,5,28,5,,,,,,,,,
0,VISIT,104,Random,OnArrival,3,14,6195,Node_343,28,0,1,28,1,,,,,,,,,
0,VISIT,72,Random,OnArrival,3,148,6201,Node_841,36,0,-4,36,-4,,,,,,,,,
0,VISIT,77,Random,OnArrival,3,110,6201,Node_838,35,0,-4,35,-4,,,,,,,,,
0,VISIT,78,Random,OnArrival,3,108,6201,Node_838,35,0,-4,35,-4,,,,,,,,,
0,VISIT,79,Random,OnArrival,3,107,6201,Node_838,35,0,-4,35,-4,,,,,,,,,
0,VISIT,80,Random,OnArrival,3,98,6201,Node_826,30,0,-5,30,-5,,,,,,,,,
0,VISIT,81,Random,OnArrival,3,90,6201,Node_839,35,0,-5,35,-5,,,,,,,,,
0,VISIT,82,Random,OnArrival,3,84,6201,Node_823,29,0,-5,29,-5,,,,,,,,,
0,VISIT,84,Random,OnArrival,3,90,6201,Node_834,34,0,-4,34,-4,,,,,,,,,
0,VISIT,86,Random,OnArrival,3,77,6201,Node_823,29,0,-5,29,-5,,,,,,,,,
0,VISIT,89,Random,OnArrival,3,77,6201,Node_841,36,0,-4,36,-4,,,,,,,,,
0,VISIT,90,Random,OnArrival,3,75,6201,Node_834,34,0,-4,34,-4,,,,,,,,,
0,VISIT,91,Random,OnArrival,3,76,6201,Node_841,36,0,-4,36,-4,,,,,,,,,
0,VISIT,94,Random,OnArrival,3,53,6201,Node_421,26,0,-2,26,-2,,,,,,,,,
0,VISIT,95,Random,OnArrival,3,53,6201,Node_421,26,0,-2,26,-2,,,,,,,,,
0,VISIT,97,Random,OnArrival,3,35,6201,Node_838,35,0,-4,35,-4,,,,,,,,,
0,VISIT,102,Random,OnArrival,3,16,6201,Node_421,26,0,-2,26,-2,,,,,,,,,
0,VISIT,104,Random,OnArrival,3,15,6201,Node_346,28,0,0,28,0,,,,,,,,,
0,VISIT,72,Random,OnArrival,3,149,6207,Node_845,37,0,-4,37,-4,,,,,,,,,
0,VISIT,77,Random,OnArrival,3,111,6207,Node_841,36,0,-4,36,-4,,,,,,,,,
0,VISIT,78,Random,OnArrival,3,109,6207,Node_841,36,0,-4,36,-4,,,,,,,,,
0,VISIT,79,Random,OnArrival,3,108,6207,Node_839,35,0,-5,35,-5,,,,,,,,,
0,VISIT,81,Random,OnArrival,3,91,6207,Node_840,36,0,-5,36,-5,,,,,,,,,
0,VISIT,82,Random,OnArrival,3,85,6207,Node_826,30,0,-5,30,-5,,,,,,,,,
0,VISIT,84,Random,OnArrival,3,91,6207,Node_838,35,0,-4,35,-4,,,,,,,,,
0,VISIT,86,Random,OnArrival,3,78,6207,Node_826,30,0,-5,30,-5,,,,,,,,,
0,VISIT,87,Random,OnArrival,3,79,6207,Node_845,37,0,-4,37,-4,,,,,,,,,
0,VISIT,89,Random,OnArrival,3,78,6207,Node_845,37,0,-4,37,-4,,,,,,,,,
0,VISIT,90,Random,OnArrival,3,76,6207,Node_838,35,0,-4,35,-4,,,,,,,,,
0,VISIT,91,Random,OnArrival,3,77,6207,Node_845,37,0,-4,37,-4,,,,,,,,,
0,VISIT,92,Random,OnArrival,3,69,6207,Node_842,37,0,0,37,0,,,,,,,,,
0,VISIT,94,Random,OnArrival,3,54,6207,Node_410,27,0,-2,27,-2,,,,,,,,,
0,VISIT,95,Random,OnArrival,3,54,6207,Node_410,27,0,-2,27,-2,,,,,,,,,
0,VISIT,96,Random,OnArrival,3,58,6207,Node_842,37,0,0,37,0,,,,,,,,,
0,VISIT,97,Random,OnArrival,3,36,6207,Node_841,36,0,-4,36,-4,,,,,,,,,
0,VISIT,99,Random,OnArrival,3,38,6207,Node_833,33,0,-5,33,-5,,,,,,,,,
0,VISIT,101,Random,OnArrival,3,16,6207,Node_337,28,0,3,28,3,,,,,,,,,
0,VISIT,102,Random,OnArrival,3,17,6207,Node_410,27,0,-2,27,-2,,,,,,,,,
0,VISIT,103,Random,OnArrival,3,16,6207,Node_337,28,0,3,28,3,,,,,,,,,
0,VISIT,104,Random,OnArrival,3,16,6207,Node_348,28,0,-1,28,-1,,,,,,,,,
0,VISIT,72,Random,OnArrival,3,150,6213,Node_847,37,0,-3,37,-3,,,,,,,,,
0,VISIT,77,Random,OnArrival,3,112,6213,Node_845,37,0,-4,37,-4,,,,,,,,,
0,VISIT,78,Random,OnArrival,3,110,6213,Node_840,36,0,-5,36,-5,,,,,,,,,
0,VISIT,79,Random,OnArrival,3,109,6213,Node_840,36,0,-5,36,-5,,,,,,,,,
0,VISIT,81,Random,OnArrival,3,92,6213,Node_841,36,0,-4,36,-4,,,,,,,,,
0,VISIT,84,Random,OnArrival,3,92,6213,Node_841,36,0,-4,36,-4,,,,,,,,,
0,VISIT,87,Random,OnArrival,3,80,6213,Node_847,37,0,-3,37,-3,,,,,,,,,
0,VISIT,88,Random,OnArrival,3,77,6213,Node_833,33,0,-5,33,-5,,,,,,,,,
0,VISIT,89,Random,OnArrival,3,79,6213,Node_847,37,0,-3,37,-3,,,,,,,,,
0,VISIT,90,Random,OnArrival,3,77,6213,Node_841,36,0,-4,36,-4,,,,,,,,,
0,VISIT,91,Random,OnArrival,3,78,6213,Node_847,37,0,-3,37,-3,,,,,,,,,
0,VISIT,94,Random,OnArrival,3,55,6213,Node_814,28,0,-2,28,-2,,,,,,,,,
0,VISIT,95,Random,OnArrival,3,55,6213,Node_814,28,0,-2,28,-2,,,,,,,,,
0,VISIT,97,Random,OnArrival,3,37,6213,Node_840,36,0,-5,36,-5,,,,,,,,,
0,VISIT,99,Random,OnArrival,3,39,6213,Node_837,34,0,-5,34,-5,,,,,,,,,
0,VISIT,101,Random,OnArrival,3,17,6213,Node_340,28,0,2,28,2,,,,,,,,,
0,VISIT,102,Random,OnArrival,3,18,6213,Node_814,28,0,-2,28,-2,,,,,,,,,
0,VISIT,103,Random,OnArrival,3,17,6213,Node_340,28,0,2,28,2,,,,,,,,,
0,VISIT,104,Random,OnArrival,3,17,6213,Node_814,28,0,-2,28,-2,,,,,,,,,
0,VISIT,72,Random,OnArrival,3,151,6219,Node_850,37,0,-2,37,-2,,,,,,,,,
0,VISIT,78,Random,OnArrival,3,111,6219,Node_844,37,0,-5,37,-5,,,,,,,,,
0,VISIT,79,Random,OnArrival,3,110,6219,Node_844,37,0,-5,37,-5,,,,,,,,,
0,VISIT,80,Random,OnArrival,3,99,6219,Node_833,33,0,-5,33,-5,,,,,,,,,
0,VISIT,81,Random,OnArrival,3,93,6219,Node_845,37,0,-4,37,-4,,,,,,,,,
0,VISIT,84,Random,OnArrival,3,93,6219,Node_845,37,0,-4,37,-4,,,,,,,,,
0,VISIT,87,Random,OnArrival,3,81,6219,Node_850,37,0,-2,37,-2,,,,,,,,,
0,VISIT,88,Random,OnArrival,3,78,6219,Node_837,34,0,-5,34,-5,,,,,,,,,
0,VISIT,89,Random,OnArrival,3,80,6219,Node_850,37,0,-2,37,-2,,,,,,,,,
0,VISIT,90,Random,OnArrival,3,78,6219,Node_845,37,0,-4,37,-4,,,,,,,,,
0,VISIT,91,Random,OnArrival,3,79,6219,Node_850,37,0,-2,37,-2,,,,,,,,,
0,VISIT,92,Random,OnArrival,3,70,6219,Node_850,37,0,-2,37,-2,,,,,,,,,
0,VISIT,94,Random,OnArrival,3,56,6219,Node_348,28,0,-1,28,-1,,,,,,,,,
0,VISIT,95,Random,OnArrival,3,56,6219,Node_348,28,0,-1,28,-1,,,,,,,,,
0,VISIT,96,Random,OnArrival,3,59,6219,Node_850,37,0,-2,37,-2,,,,,,,,,
0,VISIT,97,Random,OnArrival,3,38,6219,Node_844,37,0,-5,37,-5,,,,,,,,,
0,VISIT,99,Random,OnArrival,3,40,6219,Node_839,35,0,-5,35,-5,,,,,,,,,
0,VISIT,100,Random,OnArrival,3,28,6219,Node_849,37,0,-1,37,-1,,,,,,,,,
0,VISIT,101,Random,OnArrival,3,18,6219,Node_343,28,0,1,28,1,,,,,,,,,
0,VISIT,102,Random,OnArrival,3,19,6219,Node_815,29,0,-2,29,-2,,,,,,,,,
0,VISIT,103,Random,OnArrival,3,18,6219,Node_343,28,0,1,28,1,,,,,,,,,
0,VISIT,104,Random,OnArrival,3,18,6219,Node_815,29,0,-2,29,-2,,,,,,,,,
0,VISIT,105,Random,OnArrival,3,0,6221,Node_6,19,0,12,19,12,,,,,,,,,
0,VISIT,106,Random,OnArrival,3,0,6221,Node_7,19,0,8,19,8,,,,,,,,,
0,VISIT,107,Random,OnArrival,3,0,6221,Node_8,17,0,10,17,10,,,,,,,,,
0,VISIT,108,Random,OnArrival,3,0,6221,Node_9,21,0,10,21,10,,,,,,,,,
0,VISIT,72,Random,OnArrival,3,152,6224,Node_849,37,0,-1,37,-1,,,,,,,,,
0,VISIT,80,Random,OnArrival,3,100,6224,Node_837,34,0,-5,34,-5,,,,,,,,,
0,VISIT,81,Random,OnArrival,3,94,6224,Node_844,37,0,-5,37,-5,,,,,,,,,
0,VISIT,82,Random,OnArrival,3,86,6224,Node_833,33,0,-5,33,-5,,,,,,,,,
0,VISIT,84,Random,OnArrival,3,94,6224,Node_844,37,0,-5,37,-5,,,,,,,,,
0,VISIT,86,Random,OnArrival,3,79,6224,Node_833,33,0,-5,33,-5,,,,,,,,,
0,VISIT,87,Random,OnArrival,3,82,6224,Node_849,37,0,-1,37,-1,,,,,,,,,
0,VISIT,88,Random,OnArrival,3,79,6224,Node_839,35,0,-5,35,-5,,,,,,,,,
0,VISIT,89,Random,OnArrival,3,81,6224,Node_849,37,0,-1,37,-1,,,,,,,,,
0,VISIT,90,Random,OnArrival,3,79,6224,Node_851,38,0,-4,38,-4,,,,,,,,,
0,VISIT,91,Random,OnArrival,3,80,6224,Node_849,37,0,-1,37,-1,,,,,,,,,
0,VISIT,94,Random,OnArrival,3,57,6224,Node_816,29,0,-1,29,-1,,,,,,,,,
0,VISIT,95,Random,OnArrival,3,57,6224,Node_816,29,0,-1,29,-1,,,,,,,,,
0,VISIT,99,Random,OnArrival,3,41,6224,Node_838,35,0,-4,35,-4,,,,,,,,,
0,VISIT,101,Random,OnArrival,3,19,6224,Node_346,28,0,0,28,0,,,,,,,,,
0,VISIT,102,Random,OnArrival,3,20,6224,Node_819,29,0,-3,29,-3,,,,,,,,,
0,VISIT,103,Random,OnArrival,3,19,6224,Node_346,28,0,0,28,0,,,,,,,,,
0,VISIT,104,Random,OnArrival,3,19,6224,Node_819,29,0,-3,29,-3,,,,,,,,,
0,VISIT,105,Random,OnArrival,3,1,6225,Node_2,19,0,11,19,11,,,,,,,,,
0,VISIT,106,Random,OnArrival,3,1,6225,Node_47,20,0,8,20,8,,,,,,,,,
0,VISIT,107,Random,OnArrival,3,1,6225,Node_4,18,0,10,18,10,,,,,,,,,
0,VISIT,108,Random,OnArrival,3,1,6225,Node_48,21,0,9,21,9,,,,,,,,,
0,VISIT,72,Random,OnArrival,3,153,6229,Node_857,38,0,-1,38,-1,,,,,,,,,
0,VISIT,77,Random,OnArrival,3,113,6229,Node_856,38,0,-2,38,-2,,,,,,,,,
0,VISIT,79,Random,OnArrival,3,111,6229,Node_851,38,0,-4,38,-4,,,,,,,,,
0,VISIT,80,Random,OnArrival,3,101,6229,Node_839,35,0,-5,35,-5,,,,,,,,,
0,VISIT,81,Random,OnArrival,3,95,6229,Node_845,37,0,-4,37,-4,,,,,,,,,
0,VISIT,82,Random,OnArrival,3,87,6229,Node_386,33,0,-4,33,-4,,,,,,,,,
0,VISIT,84,Random,OnArrival,3,95,6229,Node_845,37,0,-4,37,-4,,,,,,,,,
0,VISIT,86,Random,OnArrival,3,80,6229,Node_386,33,0,-4,33,-4,,,,,,,,,
0,VISIT,87,Random,OnArrival,3,83,6229,Node_857,38,0,-1,38,-1,,,,,,,,,
0,VISIT,88,Random,OnArrival,3,80,6229,Node_840,36,0,-5,36,-5,,,,,,,,,
0,VISIT,89,Random,OnArrival,3,82,6229,Node_857,38,0,-1,38,-1,,,,,,,,,
0,VISIT,90,Random,OnArrival,3,80,6229,Node_854,38,0,-5,38,-5,,,,,,,,,
0,VISIT,91,Random,OnArrival,3,81,6229,Node_857,38,0,-1,38,-1,,,,,,,,,
0,VISIT,92,Random,OnArrival,3,71,6229,Node_857,38,0,-1,38,-1,,,,,,,,,
0,VISIT,94,Random,OnArrival,3,58,6229,Node_817,30,0,-1,30,-1,,,,,,,,,
0,VISIT,95,Random,OnArrival,3,58,6229,Node_817,30,0,-1,30,-1,,,,,,,,,
0,VISIT,96,Random,OnArrival,3,60,6229,Node_857,38,0,-1,38,-1,,,,,,,,,
0,VISIT,97,Random,OnArrival,3,39,6229,Node_851,38,0,-4,38,-4,,,,,,,,,
0,VISIT,99,Random,OnArrival,3,42,6229,Node_841,36,0,-4,36,-4,,,,,,,,,
0,VISIT,101,Random,OnArrival,3,20,6229,Node_348,28,0,-1,28,-1,,,,,,,,,
0,VISIT,102,Random,OnArrival,3,21,6229,Node_821,29,0,-4,29,-4,,,,,,,,,
0,VISIT,103,Random,OnArrival,3,20,6229,Node_348,28,0,-1,28,-1,,,,,,,,,
0,VISIT,104,Random,OnArrival,3,20,6229,Node_821,29,0,-4,29,-4,,,,,,,,,
0,VISIT,105,Random,OnArrival,3,2,6229,Node_20,19,0,10,19,10,,,,,,,,,
0,VISIT,106,Random,OnArrival,3,2,6229,Node_51,21,0,8,21,8,,,,,,,,,
0,VISIT,107,Random,OnArrival,3,2,6229,Node_15,18,0,9,18,9,,,,,,,,,
0,VISIT,108,Random,OnArrival,3,2,6229,Node_82,22,0,9,22,9,,,,,,,,,
0,VISIT,72,Random,OnArrival,3,154,6233,Node_859,38,0,0,38,0,,,,,,,,,
0,VISIT,77,Random,OnArrival,3,114,6233,Node_857,38,0,-1,38,-1,,,,,,,,,
0,VISIT,79,Random,OnArrival,3,112,6233,Node_853,38,0,-3,38,-3,,,,,,,,,
0,VISIT,80,Random,OnArrival,3,102,6233,Node_840,36,0,-5,36,-5,,,,,,,,,
0,VISIT,81,Random,OnArrival,3,96,6233,Node_847,37,0,-3,37,-3,,,,,,,,,
0,VISIT,82,Random,OnArrival,3,88,6233,Node_834,34,0,-4,34,-4,,,,,,,,,
0,VISIT,84,Random,OnArrival,3,96,6233,Node_847,37,0,-3,37,-3,,,,,,,,,
0,VISIT,86,Random,OnArrival,3,81,6233,Node_383,33,0,-3,33,-3,,,,,,,,,
0,VISIT,87,Random,OnArrival,3,84,6233,Node_859,38,0,0,38,0,,,,,,,,,
0,VISIT,88,Random,OnArrival,3,81,6233,Node_841,36,0,-4,36,-4,,,,,,,,,
0,VISIT,89,Random,OnArrival,3,83,6233,Node_859,38,0,0,38,0,,,,,,,,,
0,VISIT,91,Random,OnArrival,3,82,6233,Node_859,38,0,0,38,0,,,,,,,,,
0,VISIT,92,Random,OnArrival,3,72,6233,Node_859,38,0,0,38,0,,,,,,,,,
0,VISIT,94,Random,OnArrival,3,59,6233,Node_824,31,0,-1,31,-1,,,,,,,,,
0,VISIT,95,Random,OnArrival,3,59,6233,Node_824,31,0,-1,31,-1,,,,,,,,,
0,VISIT,96,Random,OnArrival,3,61,6233,Node_859,38,0,0,38,0,,,,,,,,,
0,VISIT,97,Random,OnArrival,3,40,6233,Node_853,38,0,-3,38,-3,,,,,,,,,
0,VISIT,99,Random,OnArrival,3,43,6233,Node_845,37,0,-4,37,-4,,,,,,,,,
0,VISIT,101,Random,OnArrival,3,21,6233,Node_814,28,0,-2,28,-2,,,,,,,,,
0,VISIT,102,Random,OnArrival,3,22,6233,Node_823,29,0,-5,29,-5,,,,,,,,,
0,VISIT,103,Random,OnArrival,3,21,6233,Node_814,28,0,-2,28,-2,,,,,,,,,
0,VISIT,104,Random,OnArrival,3,21,6233,Node_823,29,0,-5,29,-5,,,,,,,,,
0,VISIT,105,Random,OnArrival,3,3,6233,Node_5,20,0,10,20,10,,,,,,,,,
0,VISIT,106,Random,OnArrival,3,3,6233,Node_53,21,0,7,21,7,,,,,,,,,
0,VISIT,107,Random,OnArrival,3,3,6233,Node_3,19,0,9,19,9,,,,,,,,,
0,VISIT,108,Random,OnArrival,3,3,6233,Node_86,23,0,9,23,9,,,,,,,,,
0,VISIT,72,Random,OnArrival,3,155,6237,Node_861,38,0,1,38,1,,,,,,,,,
0,VISIT,79,Random,OnArrival,3,113,6237,Node_847,37,0,-3,37,-3,,,,,,,,,
0,VISIT,80,Random,OnArrival,3,103,6237,Node_844,37,0,-5,37,-5,,,,,,,,,
0,VISIT,81,Random,OnArrival,3,97,6237,Node_853,38,0,-3,38,-3,,,,,,,,,
0,VISIT,82,Random,OnArrival,3,89,6237,Node_838,35,0,-4,35,-4,,,,,,,,,
0,VISIT,84,Random,OnArrival,3,97,6237,Node_853,38,0,-3,38,-3,,,,,,,,,
0,VISIT,86,Random,OnArrival,3,82,6237,Node_380,33,0,-2,33,-2,,,,,,,,,
0,VISIT,87,Random,OnArrival,3,85,6237,Node_861,38,0,1,38,1,,,,,,,,,
0,VISIT,88,Random,OnArrival,3,82,6237,Node_845,37,0,-4,37,-4,,,,,,,,,
0,VISIT,89,Random,OnArrival,3,84,6237,Node_861,38,0,1,38,1,,,,,,,,,
0,VISIT,91,Random,OnArrival,3,83,6237,Node_861,38,0,1,38,1,,,,,,,,,
0,VISIT,92,Random,OnArrival,3,73,6237,Node_861,38,0,1,38,1,,,,,,,,,
0,VISIT,94,Random,OnArrival,3,60,6237,Node_828,31,0,0,31,0,,,,,,,,,
0,VISIT,95,Random,OnArrival,3,60,6237,Node_828,31,0,0,31,0,,,,,,,,,
0,VISIT,96,Random,OnArrival,3,62,6237,Node_861,38,0,1,38,1,,,,,,,,,
0,VISIT,97,Random,OnArrival,3,41,6237,Node_847,37,0,-3,37,-3,,,,,,,,,
0,VISIT,99,Random,OnArrival,3,44,6237,Node_847,37,0,-3,37,-3,,,,,,,,,
0,VISIT,101,Random,OnArrival,3,22,6237,Node_815,29,0,-2,29,-2,,,,,,,,,
0,VISIT,102,Random,OnArrival,3,23,6237,Node_826,30,0,-5,30,-5,,,,,,,,,
0,VISIT,103,Random,OnArrival,3,22,6237,Node_815,29,0,-2,29,-2,,,,,,,,,
0,VISIT,104,Random,OnArrival,3,22,6237,Node_826,30,0,-5,30,-5,,,,,,,,,
0,VISIT,105,Random,OnArrival,3,4,6237,Node_9,21,0,10,21,10,,,,,,,,,
0,VISIT,106,Random,OnArrival,3,4,6237,Node_57,21,0,6,21,6,,,,,,,,,
0,VISIT,107,Random,OnArrival,3,4,6237,Node_50,20,0,9,20,9,,,,,,,,,
0,VISIT,72,Random,OnArrival,3,156,6241,Node_864,38,0,2,38,2,,,,,,,,,
0,VISIT,79,Random,OnArrival,3,114,6241,Node_850,37,0,-2,37,-2,,,,,,,,,
0,VISIT,80,Random,OnArrival,3,104,6241,Node_854,38,0,-5,38,-5,,,,,,,,,
0,VISIT,81,Random,OnArrival,3,98,6241,Node_856,38,0,-2,38,-2,,,,,,,,,
0,VISIT,82,Random,OnArrival,3,90,6241,Node_841,36,0,-4,36,-4,,,,,,,,,
0,VISIT,84,Random,OnArrival,3,98,6241,Node_851,38,0,-4,38,-4,,,,,,,,,
0,VISIT,85,Random,OnArrival,3,77,6241,Node_391,37,0,9,37,9,,,,,,,,,
0,VISIT,86,Random,OnArrival,3,83,6241,Node_379,33,0,-1,33,-1,,,,,,,,,
0,VISIT,87,Random,OnArrival,3,86,6241,Node_864,38,0,2,38,2,,,,,,,,,
0,VISIT,88,Random,OnArrival,3,83,6241,Node_847,37,0,-3,37,-3,,,,,,,,,
0,VISIT,89,Random,OnArrival,3,85,6241,Node_864,38,0,2,38,2,,,,,,,,,
0,VISIT,91,Random,OnArrival,3,84,6241,Node_864,38,0,2,38,2,,,,,,,,,
0,VISIT,92,Random,OnArrival,3,74,6241,Node_864,38,0,2,38,2,,,,,,,,,
0,VISIT,93,Random,OnArrival,3,48,6241,Node_391,37,0,9,37,9,,,,,,,,,
0,VISIT,94,Random,OnArrival,3,61,6241,Node_832,32,0,0,32,0,,,,,,,,,
0,VISIT,95,Random,OnArrival,3,61,6241,Node_832,32,0,0,32,0,,,,,,,,,
0,VISIT,96,Random,OnArrival,3,63,6241,Node_864,38,0,2,38,2,,,,,,,,,
0,VISIT,97,Random,OnArrival,3,42,6241,Node_850,37,0,-2,37,-2,,,,,,,,,
0,VISIT,99,Random,OnArrival,3,45,6241,Node_850,37,0,-2,37,-2,,,,,,,,,
0,VISIT,101,Random,OnArrival,3,23,6241,Node_819,29,0,-3,29,-3,,,,,,,,,
0,VISIT,103,Random,OnArrival,3,23,6241,Node_819,29,0,-3,29,-3,,,,,,,,,
0,VISIT,105,Random,OnArrival,3,5,6241,Node_48,21,0,9,21,9,,,,,,,,,
0,VISIT,106,Random,OnArrival,3,5,6241,Node_58,21,0,5,21,5,,,,,,,,,
0,VISIT,107,Random,OnArrival,3,5,6241,Node_48,21,0,9,21,9,,,,,,,,,
0,VISIT,108,Random,OnArrival,3,4,6241,Node_88,25,0,9,25,9,,,,,,,,,
0,VISIT,72,Random,OnArrival,3,157,6245,Node_866,38,0,3,38,3,,,,,,,,,
0,VISIT,79,Random,OnArrival,3,115,6245,Node_849,37,0,-1,37,-1,,,,,,,,,
0,VISIT,82,Random,OnArrival,3,91,6245,Node_845,37,0,-4,37,-4,,,,,,,,,
0,VISIT,84,Random,OnArrival,3,99,6245,Node_854,38,0,-5,38,-5,,,,,,,,,
0,VISIT,85,Random,OnArrival,3,78,6245,Node_392,37,0,10,37,10,,,,,,,,,
0,VISIT,86,Random,OnArrival,3,84,6245,Node_377,33,0,0,33,0,,,,,,,,,
0,VISIT,87,Random,OnArrival,3,87,6245,Node_866,38,0,3,38,3,,,,,,,,,
0,VISIT,88,Random,OnArrival,3,84,6245,Node_850,37,0,-2,37,-2,,,,,,,,,
0,VISIT,89,Random,OnArrival,3,86,6245,Node_866,38,0,3,38,3,,,,,,,,,
0,VISIT,91,Random,OnArrival,3,85,6245,Node_866,38,0,3,38,3,,,,,,,,,
0,VISIT,92,Random,OnArrival,3,75,6245,Node_866,38,0,3,38,3,,,,,,,,,
0,VISIT,93,Random,OnArrival,3,49,6245,Node_392,37,0,10,37,10,,,,,,,,,
0,VISIT,94,Random,OnArrival,3,62,6245,Node_377,33,0,0,33,0,,,,,,,,,
0,VISIT,95,Random,OnArrival,3,62,6245,Node_377,33,0,0,33,0,,,,,,,,,
0,VISIT,96,Random,OnArrival,3,64,6245,Node_866,38,0,3,38,3,,,,,,,,,
0,VISIT,97,Random,OnArrival,3,43,6245,Node_849,37,0,-1,37,-1,,,,,,,,,
0,VISIT,99,Random,OnArrival,3,46,6245,Node_849,37,0,-1,37,-1,,,,,,,,,
0,VISIT,100,Random,OnArrival,3,29,6245,Node_848,37,0,3,37,3,,,,,,,,,
0,VISIT,101,Random,OnArrival,3,24,6245,Node_821,29,0,-4,29,-4,,,,,,,,,
0,VISIT,103,Random,OnArrival,3,24,6245,Node_821,29,0,-4,29,-4,,,,,,,,,
0,VISIT,105,Random,OnArrival,3,6,6245,Node_82,22,0,9,22,9,,,,,,,,,
0,VISIT,106,Random,OnArrival,3,6,6245,Node_114,22,0,5,22,5,,,,,,,,,
0,VISIT,107,Random,OnArrival,3,6,6245,Node_82,22,0,9,22,9,,,,,,,,,
0,VISIT,108,Random,OnArrival,3,5,6245,Node_240,26,0,9,26,9,,,,,,,,,
0,VISIT,72,Random,OnArrival,3,158,6249,Node_848,37,0,3,37,3,,,,,,,,,
0,VISIT,77,Random,OnArrival,3,115,6249,Node_1,39,0,2,39,2,,,,,,,,,
0,SUMMARY,,Unknown,None,,,,,,,,,,0,0,868,-1,6249.000,7710,0,0.000,0.000
