RunID,RowType,PlayerID,UnknownSelectMode,TargetUpdateMode,UnknownReferenceDepth,StepIndex,Frame,NodeName,NodePosX,NodePosY,NodePosZ,CellX,CellZ,GoalCellX,GoalCellZ,NodesCreated,ShortestPathLen,TimeToGoal,TotalNodeVisits,TotalProcessMs,AvgProcessMs,MaxProcessMs
35,VISIT,3461,Random,OnArrival,5,0,157,Node_4,18,0,10,18,10,,,,,,,,,
35,VISIT,3462,Random,OnArrival,5,0,157,Node_4,18,0,10,18,10,,,,,,,,,
35,VISIT,3461,Random,OnArrival,5,1,194,Node_15,18,0,9,18,9,,,,,,,,,
35,VISIT,3462,Random,OnArrival,5,1,230,Node_2,19,0,11,19,11,,,,,,,,,
35,VISIT,3461,Random,OnArrival,5,2,263,Node_8,17,0,10,17,10,,,,,,,,,
35,VISIT,3462,Random,OnArrival,5,2,263,Node_14,18,0,11,18,11,,,,,,,,,
35,VISIT,3461,Random,OnArrival,5,3,294,Node_24,16,0,10,16,10,,,,,,,,,
35,VISIT,3462,Random,OnArrival,5,3,294,Node_12,17,0,11,17,11,,,,,,,,,
35,VISIT,3461,Random,OnArrival,5,4,325,Node_8,17,0,10,17,10,,,,,,,,,
35,VISIT,3462,Random,OnArrival,5,4,325,Node_21,16,0,11,16,11,,,,,,,,,
35,VISIT,3461,Random,OnArrival,5,5,358,Node_23,17,0,9,17,9,,,,,,,,,
35,VISIT,3462,Random,OnArrival,5,5,358,Node_28,15,0,11,15,11,,,,,,,,,
35,VISIT,3465,Random,OnArrival,5,0,1792,Node_6,19,0,12,19,12,,,,,,,,,
35,VISIT,3466,Random,OnArrival,5,0,1792,Node_7,19,0,8,19,8,,,,,,,,,
35,VISIT,3467,Random,OnArrival,5,0,1792,Node_8,17,0,10,17,10,,,,,,,,,
35,VISIT,3468,Random,OnArrival,5,0,1792,Node_9,21,0,10,21,10,,,,,,,,,
35,VISIT,3467,Random,OnArrival,5,1,1828,Node_4,18,0,10,18,10,,,,,,,,,
35,VISIT,3467,Random,OnArrival,5,2,1863,Node_14,18,0,11,18,11,,,,,,,,,
35,VISIT,3466,Random,OnArrival,5,1,1898,Node_5,20,0,10,20,10,,,,,,,,,
35,VISIT,3467,Random,OnArrival,5,3,1898,Node_10,18,0,12,18,12,,,,,,,,,
35,VISIT,3467,Random,OnArrival,5,4,1932,Node_16,17,0,12,17,12,,,,,,,,,
35,VISIT,3465,Random,OnArrival,5,1,1966,Node_25,21,0,15,21,15,,,,,,,,,
35,VISIT,3466,Random,OnArrival,5,2,1966,Node_46,20,0,12,20,12,,,,,,,,,
35,VISIT,3467,Random,OnArrival,5,5,1966,Node_12,17,0,11,17,11,,,,,,,,,
35,VISIT,3466,Random,OnArrival,5,3,2000,Node_17,21,0,12,21,12,,,,,,,,,
35,VISIT,3467,Random,OnArrival,5,6,2000,Node_8,17,0,10,17,10,,,,,,,,,
35,VISIT,3466,Random,OnArrival,5,4,2034,Node_13,21,0,11,21,11,,,,,,,,,
35,VISIT,3467,Random,OnArrival,5,7,2034,Node_4,18,0,10,18,10,,,,,,,,,
35,VISIT,3465,Random,OnArrival,5,2,2067,Node_27,21,0,16,21,16,,,,,,,,,
35,VISIT,3466,Random,OnArrival,5,5,2067,Node_55,20,0,11,20,11,,,,,,,,,
35,VISIT,3467,Random,OnArrival,5,8,2067,Node_20,19,0,10,19,10,,,,,,,,,
35,VISIT,3465,Random,OnArrival,5,3,2101,Node_25,21,0,15,21,15,,,,,,,,,
35,VISIT,3466,Random,OnArrival,5,6,2101,Node_2,19,0,11,19,11,,,,,,,,,
35,VISIT,3467,Random,OnArrival,5,9,2101,Node_3,19,0,9,19,9,,,,,,,,,
35,VISIT,3465,Random,OnArrival,5,4,2133,Node_22,21,0,14,21,14,,,,,,,,,
35,VISIT,3466,Random,OnArrival,5,7,2133,Node_6,19,0,12,19,12,,,,,,,,,
35,VISIT,3467,Random,OnArrival,5,10,2133,Node_15,18,0,9,18,9,,,,,,,,,
35,VISIT,3465,Random,OnArrival,5,5,2167,Node_52,20,0,14,20,14,,,,,,,,,
35,VISIT,3466,Random,OnArrival,5,8,2167,Node_10,18,0,12,18,12,,,,,,,,,
35,VISIT,3467,Random,OnArrival,5,11,2167,Node_11,18,0,8,18,8,,,,,,,,,
35,VISIT,3466,Random,OnArrival,5,9,2202,Node_16,17,0,12,17,12,,,,,,,,,
35,VISIT,3467,Random,OnArrival,5,12,2202,Node_33,17,0,8,17,8,,,,,,,,,
35,VISIT,3466,Random,OnArrival,5,10,2236,Node_18,16,0,12,16,12,,,,,,,,,
35,VISIT,3467,Random,OnArrival,5,13,2236,Node_40,16,0,8,16,8,,,,,,,,,
35,VISIT,3466,Random,OnArrival,5,11,2269,Node_29,15,0,12,15,12,,,,,,,,,
35,VISIT,3467,Random,OnArrival,5,14,2269,Node_33,17,0,8,17,8,,,,,,,,,
35,VISIT,3466,Random,OnArrival,5,12,2300,Node_37,14,0,12,14,12,,,,,,,,,
35,VISIT,3467,Random,OnArrival,5,15,2300,Node_23,17,0,9,17,9,,,,,,,,,
35,VISIT,3467,Random,OnArrival,5,16,2329,Node_15,18,0,9,18,9,,,,,,,,,
35,VISIT,3467,Random,OnArrival,5,17,2362,Node_4,18,0,10,18,10,,,,,,,,,
35,VISIT,3466,Random,OnArrival,5,13,2395,Node_43,13,0,14,13,14,,,,,,,,,
35,VISIT,3467,Random,OnArrival,5,18,2395,Node_20,19,0,10,19,10,,,,,,,,,
35,VISIT,3467,Random,OnArrival,5,19,2430,Node_5,20,0,10,20,10,,,,,,,,,
35,VISIT,3467,Random,OnArrival,5,20,2463,Node_9,21,0,10,21,10,,,,,,,,,
35,VISIT,3467,Random,OnArrival,5,21,2560,Node_13,21,0,11,21,11,,,,,,,,,
35,VISIT,3467,Random,OnArrival,5,22,2592,Node_9,21,0,10,21,10,,,,,,,,,
35,VISIT,3467,Random,OnArrival,5,23,2626,Node_48,21,0,9,21,9,,,,,,,,,
35,VISIT,3467,Random,OnArrival,5,24,2657,Node_50,20,0,9,20,9,,,,,,,,,
35,VISIT,3467,Random,OnArrival,5,25,2691,Node_3,19,0,9,19,9,,,,,,,,,
35,VISIT,3467,Random,OnArrival,5,26,2725,Node_50,20,0,9,20,9,,,,,,,,,
35,VISIT,3467,Random,OnArrival,5,27,2760,Node_48,21,0,9,21,9,,,,,,,,,
35,VISIT,3467,Random,OnArrival,5,28,2829,Node_74,22,0,10,22,10,,,,,,,,,
35,VISIT,3469,Random,OnArrival,5,0,3362,Node_6,19,0,12,19,12,,,,,,,,,
35,VISIT,3470,Random,OnArrival,5,0,3362,Node_7,19,0,8,19,8,,,,,,,,,
35,VISIT,3471,Random,OnArrival,5,0,3362,Node_8,17,0,10,17,10,,,,,,,,,
35,VISIT,3472,Random,OnArrival,5,0,3362,Node_9,21,0,10,21,10,,,,,,,,,
35,VISIT,3469,Random,OnArrival,5,1,3386,Node_2,19,0,11,19,11,,,,,,,,,
35,VISIT,3470,Random,OnArrival,5,1,3386,Node_3,19,0,9,19,9,,,,,,,,,
35,VISIT,3471,Random,OnArrival,5,1,3386,Node_12,17,0,11,17,11,,,,,,,,,
35,VISIT,3472,Random,OnArrival,5,1,3386,Node_5,20,0,10,20,10,,,,,,,,,
35,VISIT,3469,Random,OnArrival,5,2,3420,Node_20,19,0,10,19,10,,,,,,,,,
35,VISIT,3470,Random,OnArrival,5,2,3420,Node_50,20,0,9,20,9,,,,,,,,,
35,VISIT,3471,Random,OnArrival,5,2,3420,Node_16,17,0,12,17,12,,,,,,,,,
35,VISIT,3472,Random,OnArrival,5,2,3420,Node_55,20,0,11,20,11,,,,,,,,,
35,VISIT,3469,Random,OnArrival,5,3,3453,Node_3,19,0,9,19,9,,,,,,,,,
35,VISIT,3470,Random,OnArrival,5,3,3453,Node_48,21,0,9,21,9,,,,,,,,,
35,VISIT,3471,Random,OnArrival,5,3,3453,Node_18,16,0,12,16,12,,,,,,,,,
35,VISIT,3472,Random,OnArrival,5,3,3453,Node_46,20,0,12,20,12,,,,,,,,,
35,VISIT,3469,Random,OnArrival,5,4,3486,Node_50,20,0,9,20,9,,,,,,,,,
35,VISIT,3470,Random,OnArrival,5,4,3486,Node_51,21,0,8,21,8,,,,,,,,,
35,VISIT,3471,Random,OnArrival,5,4,3486,Node_29,15,0,12,15,12,,,,,,,,,
35,VISIT,3472,Random,OnArrival,5,4,3486,Node_49,20,0,13,20,13,,,,,,,,,
35,VISIT,3469,Random,OnArrival,5,5,3520,Node_48,21,0,9,21,9,,,,,,,,,
35,VISIT,3470,Random,OnArrival,5,5,3520,Node_47,20,0,8,20,8,,,,,,,,,
35,VISIT,3471,Random,OnArrival,5,5,3520,Node_37,14,0,12,14,12,,,,,,,,,
35,VISIT,3472,Random,OnArrival,5,5,3520,Node_19,21,0,13,21,13,,,,,,,,,
35,VISIT,3469,Random,OnArrival,5,6,3554,Node_78,22,0,9,22,9,,,,,,,,,
35,VISIT,3470,Random,OnArrival,5,6,3554,Node_50,20,0,9,20,9,,,,,,,,,
35,VISIT,3471,Random,OnArrival,5,6,3554,Node_69,13,0,12,13,12,,,,,,,,,
35,VISIT,3472,Random,OnArrival,5,6,3554,Node_17,21,0,12,21,12,,,,,,,,,
35,VISIT,3470,Random,OnArrival,5,7,3587,Node_5,20,0,10,20,10,,,,,,,,,
35,VISIT,3472,Random,OnArrival,5,7,3587,Node_13,21,0,11,21,11,,,,,,,,,
35,VISIT,3470,Random,OnArrival,5,8,3618,Node_9,21,0,10,21,10,,,,,,,,,
35,VISIT,3472,Random,OnArrival,5,8,3618,Node_76,22,0,11,22,11,,,,,,,,,
35,VISIT,3470,Random,OnArrival,5,9,3648,Node_74,22,0,10,22,10,,,,,,,,,
35,VISIT,3472,Random,OnArrival,5,9,3648,Node_80,23,0,11,23,11,,,,,,,,,
35,VISIT,3470,Random,OnArrival,5,10,3680,Node_79,23,0,10,23,10,,,,,,,,,
35,VISIT,3469,Random,OnArrival,5,7,3711,Node_57,21,0,5,21,5,,,,,,,,,
35,VISIT,3472,Random,OnArrival,5,10,3711,Node_82,24,0,12,24,12,,,,,,,,,
35,VISIT,3469,Random,OnArrival,5,8,3742,Node_64,20,0,5,20,5,,,,,,,,,
35,VISIT,3470,Random,OnArrival,5,11,3742,Node_78,22,0,9,22,9,,,,,,,,,
35,VISIT,3470,Random,OnArrival,5,12,3773,Node_74,22,0,10,22,10,,,,,,,,,
35,VISIT,3470,Random,OnArrival,5,13,3805,Node_76,22,0,11,22,11,,,,,,,,,
35,VISIT,3470,Random,OnArrival,5,14,3836,Node_80,23,0,11,23,11,,,,,,,,,
35,VISIT,3470,Random,OnArrival,5,15,3866,Node_94,24,0,11,24,11,,,,,,,,,
35,VISIT,3470,Random,OnArrival,5,16,3920,Node_98,25,0,12,25,12,,,,,,,,,
35,VISIT,3470,Random,OnArrival,5,17,4011,Node_101,25,0,13,25,13,,,,,,,,,
35,VISIT,3470,Random,OnArrival,5,18,4042,Node_83,24,0,13,24,13,,,,,,,,,
35,VISIT,3470,Random,OnArrival,5,19,4073,Node_101,25,0,13,25,13,,,,,,,,,
35,VISIT,3470,Random,OnArrival,5,20,4105,Node_104,25,0,14,25,14,,,,,,,,,
35,VISIT,3470,Random,OnArrival,5,21,4137,Node_84,24,0,14,24,14,,,,,,,,,
35,VISIT,3470,Random,OnArrival,5,22,4169,Node_104,25,0,14,25,14,,,,,,,,,
35,VISIT,3470,Random,OnArrival,5,23,4201,Node_107,25,0,15,25,15,,,,,,,,,
35,VISIT,3470,Random,OnArrival,5,24,4233,Node_85,24,0,15,24,15,,,,,,,,,
35,VISIT,3473,Random,OnArrival,5,0,4828,Node_6,19,0,12,19,12,,,,,,,,,
35,VISIT,3474,Random,OnArrival,5,0,4828,Node_7,19,0,8,19,8,,,,,,,,,
35,VISIT,3475,Random,OnArrival,5,0,4828,Node_8,17,0,10,17,10,,,,,,,,,
35,VISIT,3476,Random,OnArrival,5,0,4828,Node_9,21,0,10,21,10,,,,,,,,,
35,VISIT,3473,Random,OnArrival,5,1,4858,Node_46,20,0,12,20,12,,,,,,,,,
35,VISIT,3474,Random,OnArrival,5,1,4858,Node_47,20,0,8,20,8,,,,,,,,,
35,VISIT,3475,Random,OnArrival,5,1,4858,Node_4,18,0,10,18,10,,,,,,,,,
35,VISIT,3476,Random,OnArrival,5,1,4858,Node_48,21,0,9,21,9,,,,,,,,,
35,VISIT,3473,Random,OnArrival,5,2,4889,Node_49,20,0,13,20,13,,,,,,,,,
35,VISIT,3474,Random,OnArrival,5,2,4889,Node_51,21,0,8,21,8,,,,,,,,,
35,VISIT,3475,Random,OnArrival,5,2,4889,Node_15,18,0,9,18,9,,,,,,,,,
35,VISIT,3476,Random,OnArrival,5,2,4889,Node_78,22,0,9,22,9,,,,,,,,,
35,VISIT,3473,Random,OnArrival,5,3,4920,Node_52,20,0,14,20,14,,,,,,,,,
35,VISIT,3474,Random,OnArrival,5,3,4920,Node_86,22,0,8,22,8,,,,,,,,,
35,VISIT,3475,Random,OnArrival,5,3,4920,Node_11,18,0,8,18,8,,,,,,,,,
35,VISIT,3476,Random,OnArrival,5,3,4920,Node_86,22,0,8,22,8,,,,,,,,,
35,VISIT,3474,Random,OnArrival,5,4,4951,Node_88,22,0,7,22,7,,,,,,,,,
35,VISIT,3475,Random,OnArrival,5,4,4951,Node_7,19,0,8,19,8,,,,,,,,,
35,VISIT,3476,Random,OnArrival,5,4,4951,Node_51,21,0,8,21,8,,,,,,,,,
35,VISIT,3473,Random,OnArrival,5,4,4982,Node_65,18,0,14,18,14,,,,,,,,,
35,VISIT,3474,Random,OnArrival,5,5,4982,Node_53,21,0,7,21,7,,,,,,,,,
35,VISIT,3475,Random,OnArrival,5,5,4982,Node_47,20,0,8,20,8,,,,,,,,,
35,VISIT,3476,Random,OnArrival,5,5,4982,Node_53,21,0,7,21,7,,,,,,,,,
35,VISIT,3474,Random,OnArrival,5,6,5013,Node_56,21,0,6,21,6,,,,,,,,,
35,VISIT,3475,Random,OnArrival,5,6,5013,Node_51,21,0,8,21,8,,,,,,,,,
35,VISIT,3476,Random,OnArrival,5,6,5013,Node_56,21,0,6,21,6,,,,,,,,,
35,VISIT,3474,Random,OnArrival,5,7,5043,Node_99,20,0,6,20,6,,,,,,,,,
35,VISIT,3475,Random,OnArrival,5,7,5043,Node_53,21,0,7,21,7,,,,,,,,,
35,VISIT,3476,Random,OnArrival,5,7,5043,Node_99,20,0,6,20,6,,,,,,,,,
35,VISIT,3474,Random,OnArrival,5,8,5073,Node_102,19,0,6,19,6,,,,,,,,,
35,VISIT,3475,Random,OnArrival,5,8,5073,Node_56,21,0,6,21,6,,,,,,,,,
35,VISIT,3476,Random,OnArrival,5,8,5073,Node_56,21,0,6,21,6,,,,,,,,,
35,VISIT,3474,Random,OnArrival,5,9,5103,Node_105,19,0,5,19,5,,,,,,,,,
35,VISIT,3475,Random,OnArrival,5,9,5103,Node_90,22,0,6,22,6,,,,,,,,,
35,VISIT,3476,Random,OnArrival,5,9,5103,Node_90,22,0,6,22,6,,,,,,,,,
35,VISIT,3475,Random,OnArrival,5,10,5133,Node_56,21,0,6,21,6,,,,,,,,,
35,VISIT,3476,Random,OnArrival,5,10,5133,Node_56,21,0,6,21,6,,,,,,,,,
35,VISIT,3475,Random,OnArrival,5,11,5157,Node_99,20,0,6,20,6,,,,,,,,,
35,VISIT,3476,Random,OnArrival,5,11,5157,Node_99,20,0,6,20,6,,,,,,,,,
35,VISIT,3475,Random,OnArrival,5,12,5186,Node_102,19,0,6,19,6,,,,,,,,,
35,VISIT,3476,Random,OnArrival,5,12,5186,Node_102,19,0,6,19,6,,,,,,,,,
35,VISIT,3475,Random,OnArrival,5,13,5215,Node_105,19,0,5,19,5,,,,,,,,,
35,VISIT,3476,Random,OnArrival,5,13,5215,Node_105,19,0,5,19,5,,,,,,,,,
35,VISIT,3475,Random,OnArrival,5,14,5244,Node_64,20,0,5,20,5,,,,,,,,,
35,VISIT,3476,Random,OnArrival,5,14,5244,Node_64,20,0,5,20,5,,,,,,,,,
35,VISIT,3475,Random,OnArrival,5,15,5273,Node_105,19,0,5,19,5,,,,,,,,,
35,VISIT,3476,Random,OnArrival,5,15,5273,Node_105,19,0,5,19,5,,,,,,,,,
35,VISIT,3474,Random,OnArrival,5,10,5302,Node_38,16,0,7,16,7,,,,,,,,,
35,VISIT,3475,Random,OnArrival,5,16,5302,Node_131,18,0,5,18,5,,,,,,,,,
35,VISIT,3476,Random,OnArrival,5,16,5302,Node_131,18,0,5,18,5,,,,,,,,,
35,VISIT,3474,Random,OnArrival,5,11,5333,Node_44,15,0,7,15,7,,,,,,,,,
35,VISIT,3475,Random,OnArrival,5,17,5333,Node_137,17,0,5,17,5,,,,,,,,,
35,VISIT,3476,Random,OnArrival,5,17,5333,Node_137,17,0,5,17,5,,,,,,,,,
35,VISIT,3475,Random,OnArrival,5,18,5363,Node_131,18,0,5,18,5,,,,,,,,,
35,VISIT,3476,Random,OnArrival,5,18,5363,Node_131,18,0,5,18,5,,,,,,,,,
35,VISIT,3475,Random,OnArrival,5,19,5388,Node_105,19,0,5,19,5,,,,,,,,,
35,VISIT,3476,Random,OnArrival,5,19,5388,Node_105,19,0,5,19,5,,,,,,,,,
35,VISIT,3475,Random,OnArrival,5,20,5415,Node_108,19,0,4,19,4,,,,,,,,,
35,VISIT,3476,Random,OnArrival,5,20,5415,Node_108,19,0,4,19,4,,,,,,,,,
35,VISIT,3475,Random,OnArrival,5,21,5445,Node_133,18,0,4,18,4,,,,,,,,,
35,VISIT,3476,Random,OnArrival,5,21,5445,Node_133,18,0,4,18,4,,,,,,,,,
35,VISIT,3475,Random,OnArrival,5,22,5474,Node_131,18,0,5,18,5,,,,,,,,,
35,VISIT,3476,Random,OnArrival,5,22,5474,Node_108,19,0,4,19,4,,,,,,,,,
35,VISIT,3475,Random,OnArrival,5,23,5504,Node_105,19,0,5,19,5,,,,,,,,,
35,VISIT,3476,Random,OnArrival,5,23,5504,Node_63,20,0,4,20,4,,,,,,,,,
35,VISIT,3475,Random,OnArrival,5,24,5535,Node_64,20,0,5,20,5,,,,,,,,,
35,VISIT,3476,Random,OnArrival,5,24,5535,Node_59,21,0,4,21,4,,,,,,,,,
35,VISIT,3475,Random,OnArrival,5,25,5565,Node_57,21,0,5,21,5,,,,,,,,,
35,VISIT,3476,Random,OnArrival,5,25,5565,Node_63,20,0,4,20,4,,,,,,,,,
35,VISIT,3475,Random,OnArrival,5,26,5596,Node_92,22,0,5,22,5,,,,,,,,,
35,VISIT,3476,Random,OnArrival,5,26,5596,Node_108,19,0,4,19,4,,,,,,,,,
35,VISIT,3476,Random,OnArrival,5,27,5623,Node_111,19,0,3,19,3,,,,,,,,,
35,VISIT,3476,Random,OnArrival,5,28,5652,Node_62,20,0,3,20,3,,,,,,,,,
35,VISIT,3476,Random,OnArrival,5,29,5711,Node_114,19,0,2,19,2,,,,,,,,,
35,VISIT,3477,Random,OnArrival,5,0,6191,Node_6,19,0,12,19,12,,,,,,,,,
35,VISIT,3478,Random,OnArrival,5,0,6191,Node_7,19,0,8,19,8,,,,,,,,,
35,VISIT,3479,Random,OnArrival,5,0,6191,Node_8,17,0,10,17,10,,,,,,,,,
35,VISIT,3480,Random,OnArrival,5,0,6191,Node_9,21,0,10,21,10,,,,,,,,,
35,VISIT,3477,Random,OnArrival,5,1,6219,Node_2,19,0,11,19,11,,,,,,,,,
35,VISIT,3478,Random,OnArrival,5,1,6219,Node_11,18,0,8,18,8,,,,,,,,,
35,VISIT,3479,Random,OnArrival,5,1,6219,Node_23,17,0,9,17,9,,,,,,,,,
35,VISIT,3480,Random,OnArrival,5,1,6219,Node_48,21,0,9,21,9,,,,,,,,,
35,VISIT,3477,Random,OnArrival,5,2,6248,Node_14,18,0,11,18,11,,,,,,,,,
35,VISIT,3478,Random,OnArrival,5,2,6248,Node_33,17,0,8,17,8,,,,,,,,,
35,VISIT,3479,Random,OnArrival,5,2,6248,Node_33,17,0,8,17,8,,,,,,,,,
35,VISIT,3480,Random,OnArrival,5,2,6248,Node_78,22,0,9,22,9,,,,,,,,,
35,VISIT,3477,Random,OnArrival,5,3,6277,Node_12,17,0,11,17,11,,,,,,,,,
35,VISIT,3478,Random,OnArrival,5,3,6277,Node_36,17,0,7,17,7,,,,,,,,,
35,VISIT,3479,Random,OnArrival,5,3,6277,Node_36,17,0,7,17,7,,,,,,,,,
35,VISIT,3480,Random,OnArrival,5,3,6277,Node_95,23,0,9,23,9,,,,,,,,,
35,VISIT,3477,Random,OnArrival,5,4,6307,Node_21,16,0,11,16,11,,,,,,,,,
35,VISIT,3478,Random,OnArrival,5,4,6307,Node_38,16,0,7,16,7,,,,,,,,,
35,VISIT,3479,Random,OnArrival,5,4,6307,Node_38,16,0,7,16,7,,,,,,,,,
35,VISIT,3477,Random,OnArrival,5,5,6337,Node_28,15,0,11,15,11,,,,,,,,,
35,VISIT,3478,Random,OnArrival,5,5,6337,Node_44,15,0,7,15,7,,,,,,,,,
35,VISIT,3479,Random,OnArrival,5,5,6337,Node_44,15,0,7,15,7,,,,,,,,,
35,VISIT,3477,Random,OnArrival,5,6,6365,Node_34,14,0,11,14,11,,,,,,,,,
35,VISIT,3477,Random,OnArrival,5,7,6422,Node_89,13,0,10,13,10,,,,,,,,,
35,VISIT,3478,Random,OnArrival,5,6,6422,Node_97,13,0,6,13,6,,,,,,,,,
35,VISIT,3479,Random,OnArrival,5,6,6422,Node_97,13,0,6,13,6,,,,,,,,,
35,VISIT,3478,Random,OnArrival,5,7,6450,Node_106,12,0,6,12,6,,,,,,,,,
35,VISIT,3479,Random,OnArrival,5,7,6450,Node_106,12,0,6,12,6,,,,,,,,,
35,VISIT,3477,Random,OnArrival,5,8,6534,Node_109,12,0,7,12,7,,,,,,,,,
35,VISIT,3477,Random,OnArrival,5,9,6562,Node_96,13,0,7,13,7,,,,,,,,,
35,VISIT,3480,Random,OnArrival,5,4,6562,Node_171,25,0,7,25,7,,,,,,,,,
35,VISIT,3477,Random,OnArrival,5,10,6589,Node_167,14,0,7,14,7,,,,,,,,,
35,VISIT,3477,Random,OnArrival,5,11,6614,Node_96,13,0,7,13,7,,,,,,,,,
35,VISIT,3477,Random,OnArrival,5,12,6638,Node_109,12,0,7,12,7,,,,,,,,,
35,VISIT,3477,Random,OnArrival,5,13,6665,Node_178,12,0,8,12,8,,,,,,,,,
35,VISIT,3481,Random,OnArrival,5,0,7460,Node_6,19,0,12,19,12,,,,,,,,,
35,VISIT,3482,Random,OnArrival,5,0,7460,Node_7,19,0,8,19,8,,,,,,,,,
35,VISIT,3483,Random,OnArrival,5,0,7460,Node_8,17,0,10,17,10,,,,,,,,,
35,VISIT,3484,Random,OnArrival,5,0,7460,Node_9,21,0,10,21,10,,,,,,,,,
35,VISIT,3481,Random,OnArrival,5,1,7487,Node_46,20,0,12,20,12,,,,,,,,,
35,VISIT,3482,Random,OnArrival,5,1,7487,Node_3,19,0,9,19,9,,,,,,,,,
35,VISIT,3483,Random,OnArrival,5,1,7487,Node_23,17,0,9,17,9,,,,,,,,,
35,VISIT,3484,Random,OnArrival,5,1,7487,Node_48,21,0,9,21,9,,,,,,,,,
35,VISIT,3481,Random,OnArrival,5,2,7514,Node_49,20,0,13,20,13,,,,,,,,,
35,VISIT,3482,Random,OnArrival,5,2,7514,Node_50,20,0,9,20,9,,,,,,,,,
35,VISIT,3483,Random,OnArrival,5,2,7514,Node_33,17,0,8,17,8,,,,,,,,,
35,VISIT,3484,Random,OnArrival,5,2,7514,Node_78,22,0,9,22,9,,,,,,,,,
35,VISIT,3481,Random,OnArrival,5,3,7542,Node_52,20,0,14,20,14,,,,,,,,,
35,VISIT,3482,Random,OnArrival,5,3,7542,Node_48,21,0,9,21,9,,,,,,,,,
35,VISIT,3483,Random,OnArrival,5,3,7542,Node_36,17,0,7,17,7,,,,,,,,,
35,VISIT,3484,Random,OnArrival,5,3,7542,Node_95,23,0,9,23,9,,,,,,,,,
35,VISIT,3482,Random,OnArrival,5,4,7570,Node_78,22,0,9,22,9,,,,,,,,,
35,VISIT,3483,Random,OnArrival,5,4,7570,Node_38,16,0,7,16,7,,,,,,,,,
35,VISIT,3481,Random,OnArrival,5,4,7598,Node_65,18,0,14,18,14,,,,,,,,,
35,VISIT,3482,Random,OnArrival,5,5,7598,Node_95,23,0,9,23,9,,,,,,,,,
35,VISIT,3483,Random,OnArrival,5,5,7598,Node_44,15,0,7,15,7,,,,,,,,,
35,VISIT,3484,Random,OnArrival,5,4,7598,Node_166,25,0,9,25,9,,,,,,,,,
35,VISIT,3481,Random,OnArrival,5,5,7626,Node_126,17,0,14,17,14,,,,,,,,,
35,VISIT,3483,Random,OnArrival,5,6,7626,Node_142,15,0,6,15,6,,,,,,,,,
35,VISIT,3482,Random,OnArrival,5,6,7653,Node_166,25,0,9,25,9,,,,,,,,,
35,VISIT,3483,Random,OnArrival,5,7,7653,Node_170,14,0,6,14,6,,,,,,,,,
35,VISIT,3484,Random,OnArrival,5,5,7653,Node_187,26,0,8,26,8,,,,,,,,,
35,VISIT,3482,Random,OnArrival,5,7,7679,Node_168,25,0,8,25,8,,,,,,,,,
35,VISIT,3483,Random,OnArrival,5,8,7679,Node_167,14,0,7,14,7,,,,,,,,,
35,VISIT,3484,Random,OnArrival,5,6,7679,Node_168,25,0,8,25,8,,,,,,,,,
35,VISIT,3482,Random,OnArrival,5,8,7705,Node_187,26,0,8,26,8,,,,,,,,,
35,VISIT,3483,Random,OnArrival,5,9,7705,Node_96,13,0,7,13,7,,,,,,,,,
35,VISIT,3484,Random,OnArrival,5,7,7705,Node_171,25,0,7,25,7,,,,,,,,,
35,VISIT,3482,Random,OnArrival,5,9,7732,Node_185,26,0,7,26,7,,,,,,,,,
35,VISIT,3483,Random,OnArrival,5,10,7732,Node_93,13,0,8,13,8,,,,,,,,,
35,VISIT,3484,Random,OnArrival,5,8,7732,Node_172,25,0,6,25,6,,,,,,,,,
35,VISIT,3483,Random,OnArrival,5,11,7758,Node_178,12,0,8,12,8,,,,,,,,,
35,VISIT,3484,Random,OnArrival,5,9,7758,Node_180,24,0,6,24,6,,,,,,,,,
35,VISIT,3483,Random,OnArrival,5,12,7784,Node_109,12,0,7,12,7,,,,,,,,,
35,VISIT,3484,Random,OnArrival,5,10,7784,Node_177,24,0,5,24,5,,,,,,,,,
35,VISIT,3481,Random,OnArrival,5,6,7810,Node_31,15,0,13,15,13,,,,,,,,,
35,VISIT,3482,Random,OnArrival,5,10,7810,Node_174,25,0,5,25,5,,,,,,,,,
35,VISIT,3483,Random,OnArrival,5,13,7810,Node_106,12,0,6,12,6,,,,,,,,,
35,VISIT,3481,Random,OnArrival,5,7,7837,Node_39,14,0,13,14,13,,,,,,,,,
35,VISIT,3482,Random,OnArrival,5,11,7837,Node_177,24,0,5,24,5,,,,,,,,,
35,VISIT,3483,Random,OnArrival,5,14,7837,Node_176,11,0,6,11,6,,,,,,,,,
35,VISIT,3481,Random,OnArrival,5,8,7863,Node_70,13,0,13,13,13,,,,,,,,,
35,VISIT,3482,Random,OnArrival,5,12,7863,Node_146,23,0,5,23,5,,,,,,,,,
35,VISIT,3481,Random,OnArrival,5,9,7889,Node_69,13,0,12,13,12,,,,,,,,,
35,VISIT,3482,Random,OnArrival,5,13,7889,Node_177,24,0,5,24,5,,,,,,,,,
35,VISIT,3481,Random,OnArrival,5,10,7915,Node_37,14,0,12,14,12,,,,,,,,,
35,VISIT,3482,Random,OnArrival,5,14,7915,Node_215,24,0,4,24,4,,,,,,,,,
35,VISIT,3484,Random,OnArrival,5,11,7915,Node_151,23,0,1,23,1,,,,,,,,,
35,VISIT,3481,Random,OnArrival,5,11,7941,Node_34,14,0,11,14,11,,,,,,,,,
35,VISIT,3482,Random,OnArrival,5,15,7941,Node_147,23,0,4,23,4,,,,,,,,,
35,VISIT,3481,Random,OnArrival,5,12,7967,Node_87,13,0,11,13,11,,,,,,,,,
35,VISIT,3482,Random,OnArrival,5,16,7967,Node_146,23,0,5,23,5,,,,,,,,,
35,VISIT,3481,Random,OnArrival,5,13,7992,Node_69,13,0,12,13,12,,,,,,,,,
35,VISIT,3482,Random,OnArrival,5,17,7992,Node_177,24,0,5,24,5,,,,,,,,,
35,VISIT,3481,Random,OnArrival,5,14,8017,Node_70,13,0,13,13,13,,,,,,,,,
35,VISIT,3482,Random,OnArrival,5,18,8017,Node_174,25,0,5,25,5,,,,,,,,,
35,VISIT,3483,Random,OnArrival,5,15,8017,Node_205,10,0,0,10,0,,,,,,,,,
35,VISIT,3481,Random,OnArrival,5,15,8040,Node_43,13,0,14,13,14,,,,,,,,,
35,VISIT,3482,Random,OnArrival,5,19,8040,Node_172,25,0,6,25,6,,,,,,,,,
35,VISIT,3483,Random,OnArrival,5,16,8040,Node_188,11,0,0,11,0,,,,,,,,,
35,VISIT,3484,Random,OnArrival,5,12,8040,Node_161,22,0,-3,22,-3,,,,,,,,,
35,VISIT,3481,Random,OnArrival,5,16,8065,Node_71,12,0,14,12,14,,,,,,,,,
35,VISIT,3482,Random,OnArrival,5,20,8065,Node_212,26,0,6,26,6,,,,,,,,,
35,VISIT,3483,Random,OnArrival,5,17,8116,Node_189,11,0,-1,11,-1,,,,,,,,,
35,VISIT,3482,Random,OnArrival,5,21,8141,Node_214,26,0,5,26,5,,,,,,,,,
35,VISIT,3483,Random,OnArrival,5,18,8141,Node_204,10,0,-1,10,-1,,,,,,,,,
35,VISIT,3482,Random,OnArrival,5,22,8164,Node_174,25,0,5,25,5,,,,,,,,,
35,VISIT,3482,Random,OnArrival,5,23,8189,Node_177,24,0,5,24,5,,,,,,,,,
35,VISIT,3482,Random,OnArrival,5,24,8214,Node_215,24,0,4,24,4,,,,,,,,,
35,VISIT,3482,Random,OnArrival,5,25,8239,Node_216,24,0,3,24,3,,,,,,,,,
35,VISIT,3482,Random,OnArrival,5,26,8265,Node_148,23,0,3,23,3,,,,,,,,,
35,VISIT,3482,Random,OnArrival,5,27,8291,Node_150,23,0,2,23,2,,,,,,,,,
35,VISIT,3482,Random,OnArrival,5,28,8317,Node_218,24,0,2,24,2,,,,,,,,,
35,VISIT,3482,Random,OnArrival,5,29,8394,Node_216,24,0,3,24,3,,,,,,,,,
35,VISIT,3482,Random,OnArrival,5,30,8419,Node_218,24,0,2,24,2,,,,,,,,,
35,VISIT,3482,Random,OnArrival,5,31,8445,Node_240,25,0,2,25,2,,,,,,,,,
35,VISIT,3485,Random,OnArrival,5,0,8631,Node_6,19,0,12,19,12,,,,,,,,,
35,VISIT,3486,Random,OnArrival,5,0,8631,Node_7,19,0,8,19,8,,,,,,,,,
35,VISIT,3487,Random,OnArrival,5,0,8631,Node_8,17,0,10,17,10,,,,,,,,,
35,VISIT,3488,Random,OnArrival,5,0,8631,Node_9,21,0,10,21,10,,,,,,,,,
35,VISIT,3485,Random,OnArrival,5,1,8656,Node_10,18,0,12,18,12,,,,,,,,,
35,VISIT,3486,Random,OnArrival,5,1,8656,Node_11,18,0,8,18,8,,,,,,,,,
35,VISIT,3487,Random,OnArrival,5,1,8656,Node_24,16,0,10,16,10,,,,,,,,,
35,VISIT,3488,Random,OnArrival,5,1,8656,Node_48,21,0,9,21,9,,,,,,,,,
35,VISIT,3485,Random,OnArrival,5,2,8682,Node_16,17,0,12,17,12,,,,,,,,,
35,VISIT,3486,Random,OnArrival,5,2,8682,Node_33,17,0,8,17,8,,,,,,,,,
35,VISIT,3487,Random,OnArrival,5,2,8682,Node_26,15,0,10,15,10,,,,,,,,,
35,VISIT,3488,Random,OnArrival,5,2,8682,Node_78,22,0,9,22,9,,,,,,,,,
35,VISIT,3485,Random,OnArrival,5,3,8708,Node_18,16,0,12,16,12,,,,,,,,,
35,VISIT,3486,Random,OnArrival,5,3,8708,Node_36,17,0,7,17,7,,,,,,,,,
35,VISIT,3487,Random,OnArrival,5,3,8708,Node_169,14,0,10,14,10,,,,,,,,,
35,VISIT,3488,Random,OnArrival,5,3,8708,Node_95,23,0,9,23,9,,,,,,,,,
35,VISIT,3485,Random,OnArrival,5,4,8734,Node_29,15,0,12,15,12,,,,,,,,,
35,VISIT,3486,Random,OnArrival,5,4,8734,Node_38,16,0,7,16,7,,,,,,,,,
35,VISIT,3487,Random,OnArrival,5,4,8734,Node_89,13,0,10,13,10,,,,,,,,,
35,VISIT,3485,Random,OnArrival,5,5,8760,Node_31,15,0,13,15,13,,,,,,,,,
35,VISIT,3486,Random,OnArrival,5,5,8760,Node_44,15,0,7,15,7,,,,,,,,,
35,VISIT,3487,Random,OnArrival,5,5,8760,Node_91,13,0,9,13,9,,,,,,,,,
35,VISIT,3488,Random,OnArrival,5,4,8760,Node_166,25,0,9,25,9,,,,,,,,,
35,VISIT,3485,Random,OnArrival,5,6,8786,Node_213,15,0,14,15,14,,,,,,,,,
35,VISIT,3486,Random,OnArrival,5,6,8786,Node_142,15,0,6,15,6,,,,,,,,,
35,VISIT,3487,Random,OnArrival,5,6,8786,Node_175,12,0,9,12,9,,,,,,,,,
35,VISIT,3488,Random,OnArrival,5,5,8786,Node_206,26,0,9,26,9,,,,,,,,,
35,VISIT,3485,Random,OnArrival,5,7,8812,Node_41,14,0,14,14,14,,,,,,,,,
35,VISIT,3486,Random,OnArrival,5,7,8812,Node_141,16,0,6,16,6,,,,,,,,,
35,VISIT,3487,Random,OnArrival,5,7,8812,Node_192,11,0,9,11,9,,,,,,,,,
35,VISIT,3485,Random,OnArrival,5,8,8837,Node_213,15,0,14,15,14,,,,,,,,,
35,VISIT,3486,Random,OnArrival,5,8,8837,Node_142,15,0,6,15,6,,,,,,,,,
35,VISIT,3487,Random,OnArrival,5,8,8837,Node_190,11,0,8,11,8,,,,,,,,,
35,VISIT,3485,Random,OnArrival,5,9,8861,Node_207,16,0,14,16,14,,,,,,,,,
35,VISIT,3486,Random,OnArrival,5,9,8861,Node_170,14,0,6,14,6,,,,,,,,,
35,VISIT,3485,Random,OnArrival,5,10,8886,Node_126,17,0,14,17,14,,,,,,,,,
35,VISIT,3486,Random,OnArrival,5,10,8886,Node_97,13,0,6,13,6,,,,,,,,,
35,VISIT,3487,Random,OnArrival,5,9,8886,Node_194,10,0,9,10,9,,,,,,,,,
35,VISIT,3485,Random,OnArrival,5,11,8911,Node_127,17,0,15,17,15,,,,,,,,,
35,VISIT,3486,Random,OnArrival,5,11,8911,Node_100,13,0,5,13,5,,,,,,,,,
35,VISIT,3487,Random,OnArrival,5,10,8911,Node_192,11,0,9,11,9,,,,,,,,,
35,VISIT,3485,Random,OnArrival,5,12,8935,Node_208,16,0,15,16,15,,,,,,,,,
35,VISIT,3486,Random,OnArrival,5,12,8935,Node_103,12,0,5,12,5,,,,,,,,,
35,VISIT,3487,Random,OnArrival,5,11,8935,Node_190,11,0,8,11,8,,,,,,,,,
35,VISIT,3485,Random,OnArrival,5,13,8960,Node_211,15,0,15,15,15,,,,,,,,,
35,VISIT,3486,Random,OnArrival,5,13,8960,Node_179,11,0,5,11,5,,,,,,,,,
35,VISIT,3487,Random,OnArrival,5,12,8960,Node_178,12,0,8,12,8,,,,,,,,,
35,VISIT,3485,Random,OnArrival,5,14,8984,Node_210,15,0,16,15,16,,,,,,,,,
35,VISIT,3486,Random,OnArrival,5,14,8984,Node_219,10,0,5,10,5,,,,,,,,,
35,VISIT,3487,Random,OnArrival,5,13,8984,Node_109,12,0,7,12,7,,,,,,,,,
35,VISIT,3485,Random,OnArrival,5,15,9008,Node_209,16,0,16,16,16,,,,,,,,,
35,VISIT,3487,Random,OnArrival,5,14,9008,Node_106,12,0,6,12,6,,,,,,,,,
35,VISIT,3485,Random,OnArrival,5,16,9032,Node_128,17,0,16,17,16,,,,,,,,,
35,VISIT,3487,Random,OnArrival,5,15,9032,Node_103,12,0,5,12,5,,,,,,,,,
35,VISIT,3485,Random,OnArrival,5,17,9057,Node_67,18,0,16,18,16,,,,,,,,,
35,VISIT,3487,Random,OnArrival,5,16,9057,Node_179,11,0,5,11,5,,,,,,,,,
35,VISIT,3485,Random,OnArrival,5,18,9081,Node_128,17,0,16,17,16,,,,,,,,,
35,VISIT,3487,Random,OnArrival,5,17,9081,Node_181,11,0,4,11,4,,,,,,,,,
35,VISIT,3485,Random,OnArrival,5,19,9105,Node_129,17,0,17,17,17,,,,,,,,,
35,VISIT,3487,Random,OnArrival,5,18,9105,Node_221,10,0,4,10,4,,,,,,,,,
35,VISIT,3485,Random,OnArrival,5,20,9130,Node_68,18,0,17,18,17,,,,,,,,,
35,VISIT,3486,Random,OnArrival,5,15,9130,Node_260,8,0,7,8,7,,,,,,,,,
35,VISIT,3487,Random,OnArrival,5,19,9130,Node_181,11,0,4,11,4,,,,,,,,,
35,VISIT,3487,Random,OnArrival,5,20,9155,Node_183,11,0,3,11,3,,,,,,,,,
35,VISIT,3487,Random,OnArrival,5,21,9180,Node_222,10,0,3,10,3,,,,,,,,,
35,VISIT,3487,Random,OnArrival,5,22,9202,Node_183,11,0,3,11,3,,,,,,,,,
35,VISIT,3487,Random,OnArrival,5,23,9271,Node_184,11,0,2,11,2,,,,,,,,,
35,VISIT,3487,Random,OnArrival,5,24,9295,Node_224,10,0,2,10,2,,,,,,,,,
35,VISIT,3487,Random,OnArrival,5,25,9438,Node_258,8,0,6,8,6,,,,,,,,,
35,VISIT,3487,Random,OnArrival,5,26,9463,Node_265,7,0,6,7,6,,,,,,,,,
35,VISIT,3487,Random,OnArrival,5,27,9488,Node_258,8,0,6,8,6,,,,,,,,,
35,VISIT,3487,Random,OnArrival,5,28,9513,Node_280,8,0,5,8,5,,,,,,,,,
35,VISIT,3487,Random,OnArrival,5,29,9538,Node_254,9,0,5,9,5,,,,,,,,,
35,VISIT,3487,Random,OnArrival,5,30,9563,Node_280,8,0,5,8,5,,,,,,,,,
35,VISIT,3487,Random,OnArrival,5,31,9638,Node_277,8,0,2,8,2,,,,,,,,,
35,VISIT,3489,Random,OnArrival,5,0,9729,Node_6,19,0,12,19,12,,,,,,,,,
35,VISIT,3490,Random,OnArrival,5,0,9729,Node_7,19,0,8,19,8,,,,,,,,,
35,VISIT,3491,Random,OnArrival,5,0,9729,Node_8,17,0,10,17,10,,,,,,,,,
35,VISIT,3492,Random,OnArrival,5,0,9729,Node_9,21,0,10,21,10,,,,,,,,,
35,VISIT,3489,Random,OnArrival,5,1,9752,Node_46,20,0,12,20,12,,,,,,,,,
35,VISIT,3490,Random,OnArrival,5,1,9752,Node_11,18,0,8,18,8,,,,,,,,,
35,VISIT,3491,Random,OnArrival,5,1,9752,Node_23,17,0,9,17,9,,,,,,,,,
35,VISIT,3492,Random,OnArrival,5,1,9752,Node_13,21,0,11,21,11,,,,,,,,,
35,VISIT,3489,Random,OnArrival,5,2,9776,Node_49,20,0,13,20,13,,,,,,,,,
35,VISIT,3490,Random,OnArrival,5,2,9776,Node_33,17,0,8,17,8,,,,,,,,,
35,VISIT,3491,Random,OnArrival,5,2,9776,Node_33,17,0,8,17,8,,,,,,,,,
35,VISIT,3492,Random,OnArrival,5,2,9776,Node_17,21,0,12,21,12,,,,,,,,,
35,VISIT,3487,Random,OnArrival,5,32,9780,Node_272,5,0,5,5,5,,,,,,,,,
35,VISIT,3489,Random,OnArrival,5,3,9800,Node_52,20,0,14,20,14,,,,,,,,,
35,VISIT,3490,Random,OnArrival,5,3,9800,Node_36,17,0,7,17,7,,,,,,,,,
35,VISIT,3491,Random,OnArrival,5,3,9800,Node_36,17,0,7,17,7,,,,,,,,,
35,VISIT,3492,Random,OnArrival,5,3,9800,Node_19,21,0,13,21,13,,,,,,,,,
35,VISIT,3489,Random,OnArrival,5,4,9822,Node_54,20,0,15,20,15,,,,,,,,,
35,VISIT,3490,Random,OnArrival,5,4,9822,Node_38,16,0,7,16,7,,,,,,,,,
35,VISIT,3491,Random,OnArrival,5,4,9822,Node_38,16,0,7,16,7,,,,,,,,,
35,VISIT,3492,Random,OnArrival,5,4,9822,Node_22,21,0,14,21,14,,,,,,,,,
35,VISIT,3489,Random,OnArrival,5,5,9841,Node_25,21,0,15,21,15,,,,,,,,,
35,VISIT,3490,Random,OnArrival,5,5,9841,Node_141,16,0,6,16,6,,,,,,,,,
35,VISIT,3491,Random,OnArrival,5,5,9841,Node_141,16,0,6,16,6,,,,,,,,,
35,VISIT,3492,Random,OnArrival,5,5,9841,Node_25,21,0,15,21,15,,,,,,,,,
35,VISIT,3489,Random,OnArrival,5,6,9865,Node_58,22,0,15,22,15,,,,,,,,,
35,VISIT,3490,Random,OnArrival,5,6,9865,Node_139,16,0,5,16,5,,,,,,,,,
35,VISIT,3491,Random,OnArrival,5,6,9865,Node_139,16,0,5,16,5,,,,,,,,,
35,VISIT,3492,Random,OnArrival,5,6,9865,Node_58,22,0,15,22,15,,,,,,,,,
35,VISIT,3489,Random,OnArrival,5,7,9957,Node_121,24,0,17,24,17,,,,,,,,,
35,VISIT,3492,Random,OnArrival,5,7,9957,Node_121,24,0,17,24,17,,,,,,,,,
35,VISIT,3489,Random,OnArrival,5,8,9980,Node_113,25,0,17,25,17,,,,,,,,,
35,VISIT,3490,Random,OnArrival,5,7,9980,Node_145,15,0,3,15,3,,,,,,,,,
35,VISIT,3491,Random,OnArrival,5,7,9980,Node_145,15,0,3,15,3,,,,,,,,,
35,VISIT,3492,Random,OnArrival,5,8,9980,Node_113,25,0,17,25,17,,,,,,,,,
35,VISIT,3489,Random,OnArrival,5,9,10050,Node_115,25,0,18,25,18,,,,,,,,,
35,VISIT,3492,Random,OnArrival,5,9,10050,Node_115,25,0,18,25,18,,,,,,,,,
35,VISIT,3489,Random,OnArrival,5,10,10073,Node_122,24,0,18,24,18,,,,,,,,,
35,VISIT,3492,Random,OnArrival,5,10,10073,Node_122,24,0,18,24,18,,,,,,,,,
35,VISIT,3489,Random,OnArrival,5,11,10096,Node_115,25,0,18,25,18,,,,,,,,,
35,VISIT,3492,Random,OnArrival,5,11,10096,Node_121,24,0,17,24,17,,,,,,,,,
35,VISIT,3489,Random,OnArrival,5,12,10119,Node_295,26,0,18,26,18,,,,,,,,,
35,VISIT,3492,Random,OnArrival,5,12,10119,Node_120,24,0,16,24,16,,,,,,,,,
35,VISIT,3489,Random,OnArrival,5,13,10142,Node_257,27,0,18,27,18,,,,,,,,,
35,VISIT,3492,Random,OnArrival,5,13,10142,Node_288,23,0,16,23,16,,,,,,,,,
35,VISIT,3492,Random,OnArrival,5,14,10165,Node_60,22,0,16,22,16,,,,,,,,,
35,VISIT,3492,Random,OnArrival,5,15,10187,Node_27,21,0,16,21,16,,,,,,,,,
35,VISIT,3492,Random,OnArrival,5,16,10232,Node_30,21,0,18,21,18,,,,,,,,,
35,VISIT,3492,Random,OnArrival,5,17,10298,Node_32,21,0,19,21,19,,,,,,,,,
35,VISIT,3493,Random,OnArrival,5,0,10685,Node_6,19,0,12,19,12,,,,,,,,,
35,VISIT,3494,Random,OnArrival,5,0,10685,Node_7,19,0,8,19,8,,,,,,,,,
35,VISIT,3495,Random,OnArrival,5,0,10685,Node_8,17,0,10,17,10,,,,,,,,,
35,VISIT,3496,Random,OnArrival,5,0,10685,Node_9,21,0,10,21,10,,,,,,,,,
35,VISIT,3493,Random,OnArrival,5,1,10705,Node_46,20,0,12,20,12,,,,,,,,,
35,VISIT,3494,Random,OnArrival,5,1,10705,Node_11,18,0,8,18,8,,,,,,,,,
35,VISIT,3495,Random,OnArrival,5,1,10705,Node_23,17,0,9,17,9,,,,,,,,,
35,VISIT,3496,Random,OnArrival,5,1,10705,Node_48,21,0,9,21,9,,,,,,,,,
35,VISIT,3493,Random,OnArrival,5,2,10725,Node_49,20,0,13,20,13,,,,,,,,,
35,VISIT,3494,Random,OnArrival,5,2,10725,Node_33,17,0,8,17,8,,,,,,,,,
35,VISIT,3495,Random,OnArrival,5,2,10725,Node_33,17,0,8,17,8,,,,,,,,,
35,VISIT,3496,Random,OnArrival,5,2,10725,Node_78,22,0,9,22,9,,,,,,,,,
35,VISIT,3493,Random,OnArrival,5,3,10745,Node_52,20,0,14,20,14,,,,,,,,,
35,VISIT,3494,Random,OnArrival,5,3,10745,Node_36,17,0,7,17,7,,,,,,,,,
35,VISIT,3495,Random,OnArrival,5,3,10745,Node_36,17,0,7,17,7,,,,,,,,,
35,VISIT,3496,Random,OnArrival,5,3,10745,Node_95,23,0,9,23,9,,,,,,,,,
35,VISIT,3494,Random,OnArrival,5,4,10763,Node_38,16,0,7,16,7,,,,,,,,,
35,VISIT,3495,Random,OnArrival,5,4,10763,Node_38,16,0,7,16,7,,,,,,,,,
35,VISIT,3493,Random,OnArrival,5,4,10784,Node_65,18,0,14,18,14,,,,,,,,,
35,VISIT,3494,Random,OnArrival,5,5,10784,Node_141,16,0,6,16,6,,,,,,,,,
35,VISIT,3495,Random,OnArrival,5,5,10784,Node_141,16,0,6,16,6,,,,,,,,,
35,VISIT,3496,Random,OnArrival,5,4,10784,Node_166,25,0,9,25,9,,,,,,,,,
35,VISIT,3493,Random,OnArrival,5,5,10804,Node_66,18,0,15,18,15,,,,,,,,,
35,VISIT,3494,Random,OnArrival,5,6,10804,Node_139,16,0,5,16,5,,,,,,,,,
35,VISIT,3495,Random,OnArrival,5,6,10804,Node_139,16,0,5,16,5,,,,,,,,,
35,VISIT,3496,Random,OnArrival,5,5,10804,Node_206,26,0,9,26,9,,,,,,,,,
35,VISIT,3493,Random,OnArrival,5,6,10823,Node_127,17,0,15,17,15,,,,,,,,,
35,VISIT,3494,Random,OnArrival,5,7,10823,Node_143,15,0,5,15,5,,,,,,,,,
35,VISIT,3495,Random,OnArrival,5,7,10823,Node_143,15,0,5,15,5,,,,,,,,,
35,VISIT,3496,Random,OnArrival,5,6,10823,Node_246,27,0,9,27,9,,,,,,,,,
35,VISIT,3493,Random,OnArrival,5,7,10842,Node_128,17,0,16,17,16,,,,,,,,,
35,VISIT,3494,Random,OnArrival,5,8,10842,Node_139,16,0,5,16,5,,,,,,,,,
35,VISIT,3495,Random,OnArrival,5,8,10842,Node_144,15,0,4,15,4,,,,,,,,,
35,VISIT,3493,Random,OnArrival,5,8,10863,Node_129,17,0,17,17,17,,,,,,,,,
35,VISIT,3494,Random,OnArrival,5,9,10863,Node_287,16,0,4,16,4,,,,,,,,,
35,VISIT,3495,Random,OnArrival,5,9,10863,Node_287,16,0,4,16,4,,,,,,,,,
35,VISIT,3493,Random,OnArrival,5,9,10884,Node_130,17,0,18,17,18,,,,,,,,,
35,VISIT,3494,Random,OnArrival,5,10,10884,Node_144,15,0,4,15,4,,,,,,,,,
35,VISIT,3495,Random,OnArrival,5,10,10884,Node_135,17,0,4,17,4,,,,,,,,,
35,VISIT,3493,Random,OnArrival,5,10,10905,Node_262,18,0,18,18,18,,,,,,,,,
35,VISIT,3494,Random,OnArrival,5,11,10905,Node_145,15,0,3,15,3,,,,,,,,,
35,VISIT,3495,Random,OnArrival,5,11,10905,Node_287,16,0,4,16,4,,,,,,,,,
35,VISIT,3494,Random,OnArrival,5,12,10926,Node_289,16,0,3,16,3,,,,,,,,,
35,VISIT,3495,Random,OnArrival,5,12,10926,Node_144,15,0,4,15,4,,,,,,,,,
35,VISIT,3493,Random,OnArrival,5,11,10948,Node_312,20,0,18,20,18,,,,,,,,,
35,VISIT,3494,Random,OnArrival,5,13,10948,Node_145,15,0,3,15,3,,,,,,,,,
35,VISIT,3495,Random,OnArrival,5,13,10948,Node_145,15,0,3,15,3,,,,,,,,,
35,VISIT,3496,Random,OnArrival,5,7,10948,Node_251,27,0,13,27,13,,,,,,,,,
35,VISIT,3493,Random,OnArrival,5,12,10970,Node_30,21,0,18,21,18,,,,,,,,,
35,VISIT,3494,Random,OnArrival,5,14,10970,Node_294,14,0,3,14,3,,,,,,,,,
35,VISIT,3495,Random,OnArrival,5,14,10970,Node_294,14,0,3,14,3,,,,,,,,,
35,VISIT,3496,Random,OnArrival,5,8,10970,Node_118,26,0,13,26,13,,,,,,,,,
35,VISIT,3493,Random,OnArrival,5,13,10992,Node_32,21,0,19,21,19,,,,,,,,,
35,VISIT,3496,Random,OnArrival,5,9,10992,Node_101,25,0,13,25,13,,,,,,,,,
35,VISIT,3493,Random,OnArrival,5,14,11012,Node_35,21,0,20,21,20,,,,,,,,,
35,VISIT,3496,Random,OnArrival,5,10,11012,Node_104,25,0,14,25,14,,,,,,,,,
35,VISIT,3493,Random,OnArrival,5,15,11033,Node_325,21,0,21,21,21,,,,,,,,,
35,VISIT,3494,Random,OnArrival,5,15,11033,Node_273,12,0,2,12,2,,,,,,,,,
35,VISIT,3495,Random,OnArrival,5,15,11033,Node_273,12,0,2,12,2,,,,,,,,,
35,VISIT,3496,Random,OnArrival,5,11,11033,Node_107,25,0,15,25,15,,,,,,,,,
35,VISIT,3493,Random,OnArrival,5,16,11054,Node_320,22,0,21,22,21,,,,,,,,,
35,VISIT,3494,Random,OnArrival,5,16,11054,Node_184,11,0,2,11,2,,,,,,,,,
35,VISIT,3495,Random,OnArrival,5,16,11054,Node_270,12,0,3,12,3,,,,,,,,,
35,VISIT,3496,Random,OnArrival,5,12,11054,Node_110,25,0,16,25,16,,,,,,,,,
35,VISIT,3493,Random,OnArrival,5,17,11075,Node_325,21,0,21,21,21,,,,,,,,,
35,VISIT,3494,Random,OnArrival,5,17,11075,Node_186,11,0,1,11,1,,,,,,,,,
35,VISIT,3495,Random,OnArrival,5,17,11075,Node_331,13,0,3,13,3,,,,,,,,,
35,VISIT,3496,Random,OnArrival,5,13,11075,Node_120,24,0,16,24,16,,,,,,,,,
35,VISIT,3493,Random,OnArrival,5,18,11096,Node_35,21,0,20,21,20,,,,,,,,,
35,VISIT,3494,Random,OnArrival,5,18,11096,Node_226,10,0,1,10,1,,,,,,,,,
35,VISIT,3495,Random,OnArrival,5,18,11096,Node_294,14,0,3,14,3,,,,,,,,,
35,VISIT,3496,Random,OnArrival,5,14,11096,Node_121,24,0,17,24,17,,,,,,,,,
35,VISIT,3493,Random,OnArrival,5,19,11118,Node_319,22,0,20,22,20,,,,,,,,,
35,VISIT,3494,Random,OnArrival,5,19,11118,Node_224,10,0,2,10,2,,,,,,,,,
35,VISIT,3495,Random,OnArrival,5,19,11118,Node_296,14,0,2,14,2,,,,,,,,,
35,VISIT,3496,Random,OnArrival,5,15,11118,Node_122,24,0,18,24,18,,,,,,,,,
35,VISIT,3493,Random,OnArrival,5,20,11140,Node_320,22,0,21,22,21,,,,,,,,,
35,VISIT,3495,Random,OnArrival,5,20,11140,Node_332,13,0,2,13,2,,,,,,,,,
35,VISIT,3496,Random,OnArrival,5,16,11140,Node_115,25,0,18,25,18,,,,,,,,,
35,VISIT,3493,Random,OnArrival,5,21,11160,Node_325,21,0,21,21,21,,,,,,,,,
35,VISIT,3494,Random,OnArrival,5,20,11160,Node_277,8,0,2,8,2,,,,,,,,,
35,VISIT,3495,Random,OnArrival,5,21,11160,Node_296,14,0,2,14,2,,,,,,,,,
35,VISIT,3496,Random,OnArrival,5,17,11160,Node_117,25,0,19,25,19,,,,,,,,,
35,VISIT,3493,Random,OnArrival,5,22,11179,Node_324,21,0,22,21,22,,,,,,,,,
35,VISIT,3495,Random,OnArrival,5,22,11179,Node_292,15,0,2,15,2,,,,,,,,,
35,VISIT,3496,Random,OnArrival,5,18,11179,Node_123,24,0,19,24,19,,,,,,,,,
35,VISIT,3493,Random,OnArrival,5,23,11200,Node_321,22,0,22,22,22,,,,,,,,,
35,VISIT,3495,Random,OnArrival,5,23,11200,Node_318,15,0,1,15,1,,,,,,,,,
35,VISIT,3496,Random,OnArrival,5,19,11200,Node_122,24,0,18,24,18,,,,,,,,,
35,VISIT,3494,Random,OnArrival,5,21,11216,Node_280,8,0,5,8,5,,,,,,,,,
35,VISIT,3495,Random,OnArrival,5,24,11216,Node_297,14,0,1,14,1,,,,,,,,,
35,VISIT,3496,Random,OnArrival,5,20,11216,Node_121,24,0,17,24,17,,,,,,,,,
35,VISIT,3493,Random,OnArrival,5,24,11237,Node_125,24,0,22,24,22,,,,,,,,,
35,VISIT,3494,Random,OnArrival,5,22,11237,Node_258,8,0,6,8,6,,,,,,,,,
35,VISIT,3495,Random,OnArrival,5,25,11237,Node_298,14,0,0,14,0,,,,,,,,,
35,VISIT,3496,Random,OnArrival,5,21,11237,Node_120,24,0,16,24,16,,,,,,,,,
35,VISIT,3494,Random,OnArrival,5,23,11259,Node_265,7,0,6,7,6,,,,,,,,,
35,VISIT,3496,Random,OnArrival,5,22,11259,Node_85,24,0,15,24,15,,,,,,,,,
35,VISIT,3494,Random,OnArrival,5,24,11278,Node_267,6,0,6,6,6,,,,,,,,,
35,VISIT,3495,Random,OnArrival,5,26,11278,Node_229,12,0,0,12,0,,,,,,,,,
35,VISIT,3496,Random,OnArrival,5,23,11278,Node_286,23,0,15,23,15,,,,,,,,,
35,VISIT,3494,Random,OnArrival,5,25,11298,Node_284,5,0,6,5,6,,,,,,,,,
35,VISIT,3496,Random,OnArrival,5,24,11298,Node_288,23,0,16,23,16,,,,,,,,,
35,VISIT,3495,Random,OnArrival,5,27,11317,Node_298,14,0,0,14,0,,,,,,,,,
35,VISIT,3496,Random,OnArrival,5,25,11317,Node_290,23,0,17,23,17,,,,,,,,,
35,VISIT,3495,Random,OnArrival,5,28,11329,Node_316,15,0,0,15,0,,,,,,,,,
35,VISIT,3496,Random,OnArrival,5,26,11329,Node_121,24,0,17,24,17,,,,,,,,,
35,VISIT,3495,Random,OnArrival,5,29,11349,Node_298,14,0,0,14,0,,,,,,,,,
35,VISIT,3496,Random,OnArrival,5,27,11349,Node_113,25,0,17,25,17,,,,,,,,,
35,VISIT,3495,Random,OnArrival,5,30,11368,Node_299,14,0,-1,14,-1,,,,,,,,,
35,VISIT,3496,Random,OnArrival,5,28,11368,Node_293,26,0,17,26,17,,,,,,,,,
35,VISIT,3495,Random,OnArrival,5,31,11388,Node_315,15,0,-1,15,-1,,,,,,,,,
35,VISIT,3496,Random,OnArrival,5,29,11388,Node_255,27,0,17,27,17,,,,,,,,,
35,VISIT,3495,Random,OnArrival,5,32,11409,Node_313,15,0,-2,15,-2,,,,,,,,,
35,VISIT,3495,Random,OnArrival,5,33,11429,Node_300,14,0,-2,14,-2,,,,,,,,,
35,VISIT,3496,Random,OnArrival,5,30,11429,Node_302,28,0,18,28,18,,,,,,,,,
35,VISIT,3495,Random,OnArrival,5,34,11450,Node_313,15,0,-2,15,-2,,,,,,,,,
35,VISIT,3496,Random,OnArrival,5,31,11450,Node_257,27,0,18,27,18,,,,,,,,,
35,VISIT,3496,Random,OnArrival,5,32,11470,Node_255,27,0,17,27,17,,,,,,,,,
35,VISIT,3493,Random,OnArrival,5,25,11491,Node_268,18,0,21,18,21,,,,,,,,,
35,VISIT,3496,Random,OnArrival,5,33,11491,Node_253,27,0,16,27,16,,,,,,,,,
35,VISIT,3493,Random,OnArrival,5,26,11511,Node_136,17,0,21,17,21,,,,,,,,,
35,VISIT,3493,Random,OnArrival,5,27,11531,Node_268,18,0,21,18,21,,,,,,,,,
35,VISIT,3496,Random,OnArrival,5,34,11531,Node_343,28,0,17,28,17,,,,,,,,,
35,VISIT,3497,Random,OnArrival,5,0,11546,Node_6,19,0,12,19,12,,,,,,,,,
35,VISIT,3498,Random,OnArrival,5,0,11546,Node_7,19,0,8,19,8,,,,,,,,,
35,VISIT,3499,Random,OnArrival,5,0,11546,Node_8,17,0,10,17,10,,,,,,,,,
35,VISIT,3500,Random,OnArrival,5,0,11546,Node_9,21,0,10,21,10,,,,,,,,,
35,VISIT,3493,Random,OnArrival,5,28,11550,Node_271,18,0,22,18,22,,,,,,,,,
35,VISIT,3497,Random,OnArrival,5,1,11561,Node_2,19,0,11,19,11,,,,,,,,,
35,VISIT,3498,Random,OnArrival,5,1,11561,Node_11,18,0,8,18,8,,,,,,,,,
35,VISIT,3499,Random,OnArrival,5,1,11561,Node_23,17,0,9,17,9,,,,,,,,,
35,VISIT,3500,Random,OnArrival,5,1,11561,Node_5,20,0,10,20,10,,,,,,,,,
35,VISIT,3493,Random,OnArrival,5,29,11566,Node_346,19,0,22,19,22,,,,,,,,,
35,VISIT,3497,Random,OnArrival,5,2,11577,Node_20,19,0,10,19,10,,,,,,,,,
35,VISIT,3498,Random,OnArrival,5,2,11577,Node_33,17,0,8,17,8,,,,,,,,,
35,VISIT,3499,Random,OnArrival,5,2,11577,Node_33,17,0,8,17,8,,,,,,,,,
35,VISIT,3500,Random,OnArrival,5,2,11577,Node_50,20,0,9,20,9,,,,,,,,,
35,VISIT,3493,Random,OnArrival,5,30,11582,Node_348,19,0,21,19,21,,,,,,,,,
35,VISIT,3495,Random,OnArrival,5,35,11582,Node_152,19,0,1,19,1,,,,,,,,,
35,VISIT,3496,Random,OnArrival,5,35,11582,Node_352,28,0,16,28,16,,,,,,,,,
35,VISIT,3497,Random,OnArrival,5,3,11594,Node_4,18,0,10,18,10,,,,,,,,,
35,VISIT,3498,Random,OnArrival,5,3,11594,Node_36,17,0,7,17,7,,,,,,,,,
35,VISIT,3499,Random,OnArrival,5,3,11594,Node_36,17,0,7,17,7,,,,,,,,,
35,VISIT,3500,Random,OnArrival,5,3,11594,Node_47,20,0,8,20,8,,,,,,,,,
35,VISIT,3493,Random,OnArrival,5,31,11599,Node_268,18,0,21,18,21,,,,,,,,,
35,VISIT,3495,Random,OnArrival,5,36,11599,Node_154,19,0,0,19,0,,,,,,,,,
35,VISIT,3497,Random,OnArrival,5,4,11610,Node_8,17,0,10,17,10,,,,,,,,,
35,VISIT,3498,Random,OnArrival,5,4,11610,Node_38,16,0,7,16,7,,,,,,,,,
35,VISIT,3499,Random,OnArrival,5,4,11610,Node_38,16,0,7,16,7,,,,,,,,,
35,VISIT,3500,Random,OnArrival,5,4,11610,Node_7,19,0,8,19,8,,,,,,,,,
35,VISIT,3493,Random,OnArrival,5,32,11615,Node_266,18,0,20,18,20,,,,,,,,,
35,VISIT,3495,Random,OnArrival,5,37,11615,Node_354,18,0,0,18,0,,,,,,,,,
35,VISIT,3497,Random,OnArrival,5,5,11627,Node_23,17,0,9,17,9,,,,,,,,,
35,VISIT,3498,Random,OnArrival,5,5,11627,Node_141,16,0,6,16,6,,,,,,,,,
35,VISIT,3499,Random,OnArrival,5,5,11627,Node_141,16,0,6,16,6,,,,,,,,,
35,VISIT,3500,Random,OnArrival,5,5,11627,Node_11,18,0,8,18,8,,,,,,,,,
35,VISIT,3493,Random,OnArrival,5,33,11634,Node_134,17,0,20,17,20,,,,,,,,,
35,VISIT,3497,Random,OnArrival,5,6,11645,Node_33,17,0,8,17,8,,,,,,,,,
35,VISIT,3498,Random,OnArrival,5,6,11645,Node_142,15,0,6,15,6,,,,,,,,,
35,VISIT,3499,Random,OnArrival,5,6,11645,Node_142,15,0,6,15,6,,,,,,,,,
35,VISIT,3500,Random,OnArrival,5,6,11645,Node_33,17,0,8,17,8,,,,,,,,,
35,VISIT,3493,Random,OnArrival,5,34,11651,Node_140,16,0,20,16,20,,,,,,,,,
35,VISIT,3497,Random,OnArrival,5,7,11663,Node_36,17,0,7,17,7,,,,,,,,,
35,VISIT,3498,Random,OnArrival,5,7,11663,Node_170,14,0,6,14,6,,,,,,,,,
35,VISIT,3499,Random,OnArrival,5,7,11663,Node_170,14,0,6,14,6,,,,,,,,,
35,VISIT,3500,Random,OnArrival,5,7,11663,Node_36,17,0,7,17,7,,,,,,,,,
35,VISIT,3495,Random,OnArrival,5,38,11669,Node_350,17,0,-2,17,-2,,,,,,,,,
35,VISIT,3497,Random,OnArrival,5,8,11682,Node_38,16,0,7,16,7,,,,,,,,,
35,VISIT,3498,Random,OnArrival,5,8,11682,Node_97,13,0,6,13,6,,,,,,,,,
35,VISIT,3499,Random,OnArrival,5,8,11682,Node_97,13,0,6,13,6,,,,,,,,,
35,VISIT,3500,Random,OnArrival,5,8,11682,Node_38,16,0,7,16,7,,,,,,,,,
35,VISIT,3495,Random,OnArrival,5,39,11688,Node_351,17,0,-1,17,-1,,,,,,,,,
35,VISIT,3497,Random,OnArrival,5,9,11700,Node_141,16,0,6,16,6,,,,,,,,,
35,VISIT,3498,Random,OnArrival,5,9,11700,Node_106,12,0,6,12,6,,,,,,,,,
35,VISIT,3499,Random,OnArrival,5,9,11700,Node_106,12,0,6,12,6,,,,,,,,,
35,VISIT,3500,Random,OnArrival,5,9,11700,Node_141,16,0,6,16,6,,,,,,,,,
35,VISIT,3495,Random,OnArrival,5,40,11708,Node_359,18,0,-1,18,-1,,,,,,,,,
35,VISIT,3497,Random,OnArrival,5,10,11720,Node_142,15,0,6,15,6,,,,,,,,,
35,VISIT,3498,Random,OnArrival,5,10,11720,Node_176,11,0,6,11,6,,,,,,,,,
35,VISIT,3499,Random,OnArrival,5,10,11720,Node_176,11,0,6,11,6,,,,,,,,,
35,VISIT,3500,Random,OnArrival,5,10,11720,Node_142,15,0,6,15,6,,,,,,,,,
35,VISIT,3495,Random,OnArrival,5,41,11728,Node_156,19,0,-1,19,-1,,,,,,,,,
35,VISIT,3497,Random,OnArrival,5,11,11741,Node_170,14,0,6,14,6,,,,,,,,,
35,VISIT,3498,Random,OnArrival,5,11,11741,Node_217,10,0,6,10,6,,,,,,,,,
35,VISIT,3499,Random,OnArrival,5,11,11741,Node_217,10,0,6,10,6,,,,,,,,,
35,VISIT,3500,Random,OnArrival,5,11,11741,Node_170,14,0,6,14,6,,,,,,,,,
35,VISIT,3495,Random,OnArrival,5,42,11749,Node_359,18,0,-1,18,-1,,,,,,,,,
35,VISIT,3497,Random,OnArrival,5,12,11761,Node_97,13,0,6,13,6,,,,,,,,,
35,VISIT,3498,Random,OnArrival,5,12,11761,Node_256,9,0,6,9,6,,,,,,,,,
35,VISIT,3499,Random,OnArrival,5,12,11761,Node_256,9,0,6,9,6,,,,,,,,,
35,VISIT,3500,Random,OnArrival,5,12,11761,Node_97,13,0,6,13,6,,,,,,,,,
35,VISIT,3495,Random,OnArrival,5,43,11769,Node_360,18,0,-2,18,-2,,,,,,,,,
35,VISIT,3497,Random,OnArrival,5,13,11782,Node_106,12,0,6,12,6,,,,,,,,,
35,VISIT,3498,Random,OnArrival,5,13,11782,Node_254,9,0,5,9,5,,,,,,,,,
35,VISIT,3499,Random,OnArrival,5,13,11782,Node_258,8,0,6,8,6,,,,,,,,,
35,VISIT,3500,Random,OnArrival,5,13,11782,Node_106,12,0,6,12,6,,,,,,,,,
35,VISIT,3495,Random,OnArrival,5,44,11789,Node_158,19,0,-2,19,-2,,,,,,,,,
35,VISIT,3497,Random,OnArrival,5,14,11802,Node_176,11,0,6,11,6,,,,,,,,,
35,VISIT,3498,Random,OnArrival,5,14,11802,Node_280,8,0,5,8,5,,,,,,,,,
35,VISIT,3499,Random,OnArrival,5,14,11802,Node_265,7,0,6,7,6,,,,,,,,,
35,VISIT,3500,Random,OnArrival,5,14,11802,Node_176,11,0,6,11,6,,,,,,,,,
35,VISIT,3497,Random,OnArrival,5,15,11821,Node_217,10,0,6,10,6,,,,,,,,,
35,VISIT,3499,Random,OnArrival,5,15,11821,Node_267,6,0,6,6,6,,,,,,,,,
35,VISIT,3500,Random,OnArrival,5,15,11821,Node_217,10,0,6,10,6,,,,,,,,,
35,VISIT,3497,Random,OnArrival,5,16,11842,Node_256,9,0,6,9,6,,,,,,,,,
35,VISIT,3499,Random,OnArrival,5,16,11842,Node_284,5,0,6,5,6,,,,,,,,,
35,VISIT,3500,Random,OnArrival,5,16,11842,Node_219,10,0,5,10,5,,,,,,,,,
35,VISIT,3497,Random,OnArrival,5,17,11861,Node_258,8,0,6,8,6,,,,,,,,,
35,VISIT,3498,Random,OnArrival,5,15,11861,Node_277,8,0,2,8,2,,,,,,,,,
35,VISIT,3500,Random,OnArrival,5,17,11861,Node_254,9,0,5,9,5,,,,,,,,,
35,VISIT,3497,Random,OnArrival,5,18,11880,Node_265,7,0,6,7,6,,,,,,,,,
35,VISIT,3499,Random,OnArrival,5,17,11880,Node_336,3,0,6,3,6,,,,,,,,,
35,VISIT,3500,Random,OnArrival,5,18,11880,Node_280,8,0,5,8,5,,,,,,,,,
35,VISIT,3497,Random,OnArrival,5,19,11901,Node_267,6,0,6,6,6,,,,,,,,,
35,VISIT,3498,Random,OnArrival,5,16,11901,Node_281,6,0,2,6,2,,,,,,,,,
35,VISIT,3497,Random,OnArrival,5,20,11921,Node_284,5,0,6,5,6,,,,,,,,,
35,VISIT,3499,Random,OnArrival,5,18,11921,Node_338,2,0,7,2,7,,,,,,,,,
35,VISIT,3499,Random,OnArrival,5,19,11942,Node_340,2,0,8,2,8,,,,,,,,,
35,VISIT,3500,Random,OnArrival,5,19,11942,Node_277,8,0,2,8,2,,,,,,,,,
35,VISIT,3497,Random,OnArrival,5,21,11983,Node_285,5,0,9,5,9,,,,,,,,,
35,VISIT,3500,Random,OnArrival,5,20,11983,Node_281,6,0,2,6,2,,,,,,,,,
35,VISIT,3500,Random,OnArrival,5,21,12002,Node_282,6,0,3,6,3,,,,,,,,,
35,VISIT,3500,Random,OnArrival,5,22,12022,Node_283,5,0,3,5,3,,,,,,,,,
35,VISIT,3501,Random,OnArrival,5,0,12327,Node_6,19,0,12,19,12,,,,,,,,,
35,VISIT,3502,Random,OnArrival,5,0,12327,Node_7,19,0,8,19,8,,,,,,,,,
35,VISIT,3503,Random,OnArrival,5,0,12327,Node_8,17,0,10,17,10,,,,,,,,,
35,VISIT,3504,Random,OnArrival,5,0,12327,Node_9,21,0,10,21,10,,,,,,,,,
35,VISIT,3501,Random,OnArrival,5,1,12339,Node_2,19,0,11,19,11,,,,,,,,,
35,VISIT,3502,Random,OnArrival,5,1,12339,Node_11,18,0,8,18,8,,,,,,,,,
35,VISIT,3503,Random,OnArrival,5,1,12339,Node_23,17,0,9,17,9,,,,,,,,,
35,VISIT,3504,Random,OnArrival,5,1,12339,Node_5,20,0,10,20,10,,,,,,,,,
35,VISIT,3501,Random,OnArrival,5,2,12353,Node_20,19,0,10,19,10,,,,,,,,,
35,VISIT,3502,Random,OnArrival,5,2,12353,Node_33,17,0,8,17,8,,,,,,,,,
35,VISIT,3503,Random,OnArrival,5,2,12353,Node_33,17,0,8,17,8,,,,,,,,,
35,VISIT,3504,Random,OnArrival,5,2,12353,Node_50,20,0,9,20,9,,,,,,,,,
35,VISIT,3501,Random,OnArrival,5,3,12367,Node_4,18,0,10,18,10,,,,,,,,,
35,VISIT,3502,Random,OnArrival,5,3,12367,Node_36,17,0,7,17,7,,,,,,,,,
35,VISIT,3503,Random,OnArrival,5,3,12367,Node_36,17,0,7,17,7,,,,,,,,,
35,VISIT,3504,Random,OnArrival,5,3,12367,Node_47,20,0,8,20,8,,,,,,,,,
35,VISIT,3501,Random,OnArrival,5,4,12381,Node_8,17,0,10,17,10,,,,,,,,,
35,VISIT,3502,Random,OnArrival,5,4,12381,Node_38,16,0,7,16,7,,,,,,,,,
35,VISIT,3503,Random,OnArrival,5,4,12381,Node_38,16,0,7,16,7,,,,,,,,,
35,VISIT,3504,Random,OnArrival,5,4,12381,Node_7,19,0,8,19,8,,,,,,,,,
35,VISIT,3501,Random,OnArrival,5,5,12396,Node_23,17,0,9,17,9,,,,,,,,,
35,VISIT,3502,Random,OnArrival,5,5,12396,Node_141,16,0,6,16,6,,,,,,,,,
35,VISIT,3503,Random,OnArrival,5,5,12396,Node_141,16,0,6,16,6,,,,,,,,,
35,VISIT,3504,Random,OnArrival,5,5,12396,Node_11,18,0,8,18,8,,,,,,,,,
35,VISIT,3501,Random,OnArrival,5,6,12410,Node_33,17,0,8,17,8,,,,,,,,,
35,VISIT,3502,Random,OnArrival,5,6,12410,Node_142,15,0,6,15,6,,,,,,,,,
35,VISIT,3503,Random,OnArrival,5,6,12410,Node_142,15,0,6,15,6,,,,,,,,,
35,VISIT,3504,Random,OnArrival,5,6,12410,Node_33,17,0,8,17,8,,,,,,,,,
35,VISIT,3501,Random,OnArrival,5,7,12424,Node_36,17,0,7,17,7,,,,,,,,,
35,VISIT,3502,Random,OnArrival,5,7,12424,Node_170,14,0,6,14,6,,,,,,,,,
35,VISIT,3503,Random,OnArrival,5,7,12424,Node_170,14,0,6,14,6,,,,,,,,,
35,VISIT,3504,Random,OnArrival,5,7,12424,Node_36,17,0,7,17,7,,,,,,,,,
35,VISIT,3501,Random,OnArrival,5,8,12438,Node_38,16,0,7,16,7,,,,,,,,,
35,VISIT,3502,Random,OnArrival,5,8,12438,Node_97,13,0,6,13,6,,,,,,,,,
35,VISIT,3503,Random,OnArrival,5,8,12438,Node_97,13,0,6,13,6,,,,,,,,,
35,VISIT,3504,Random,OnArrival,5,8,12438,Node_38,16,0,7,16,7,,,,,,,,,
35,VISIT,3501,Random,OnArrival,5,9,12453,Node_141,16,0,6,16,6,,,,,,,,,
35,VISIT,3502,Random,OnArrival,5,9,12453,Node_100,13,0,5,13,5,,,,,,,,,
35,VISIT,3503,Random,OnArrival,5,9,12453,Node_100,13,0,5,13,5,,,,,,,,,
35,VISIT,3504,Random,OnArrival,5,9,12453,Node_141,16,0,6,16,6,,,,,,,,,
35,VISIT,3501,Random,OnArrival,5,10,12467,Node_142,15,0,6,15,6,,,,,,,,,
35,VISIT,3502,Random,OnArrival,5,10,12467,Node_103,12,0,5,12,5,,,,,,,,,
35,VISIT,3503,Random,OnArrival,5,10,12467,Node_103,12,0,5,12,5,,,,,,,,,
35,VISIT,3504,Random,OnArrival,5,10,12467,Node_142,15,0,6,15,6,,,,,,,,,
35,VISIT,3501,Random,OnArrival,5,11,12482,Node_170,14,0,6,14,6,,,,,,,,,
35,VISIT,3502,Random,OnArrival,5,11,12482,Node_179,11,0,5,11,5,,,,,,,,,
35,VISIT,3503,Random,OnArrival,5,11,12482,Node_179,11,0,5,11,5,,,,,,,,,
35,VISIT,3504,Random,OnArrival,5,11,12482,Node_170,14,0,6,14,6,,,,,,,,,
35,VISIT,3501,Random,OnArrival,5,12,12498,Node_97,13,0,6,13,6,,,,,,,,,
35,VISIT,3502,Random,OnArrival,5,12,12498,Node_219,10,0,5,10,5,,,,,,,,,
35,VISIT,3503,Random,OnArrival,5,12,12498,Node_219,10,0,5,10,5,,,,,,,,,
35,VISIT,3504,Random,OnArrival,5,12,12498,Node_97,13,0,6,13,6,,,,,,,,,
35,VISIT,3501,Random,OnArrival,5,13,12516,Node_100,13,0,5,13,5,,,,,,,,,
35,VISIT,3502,Random,OnArrival,5,13,12516,Node_254,9,0,5,9,5,,,,,,,,,
35,VISIT,3503,Random,OnArrival,5,13,12516,Node_254,9,0,5,9,5,,,,,,,,,
35,VISIT,3504,Random,OnArrival,5,13,12516,Node_100,13,0,5,13,5,,,,,,,,,
35,VISIT,3501,Random,OnArrival,5,14,12534,Node_103,12,0,5,12,5,,,,,,,,,
35,VISIT,3502,Random,OnArrival,5,14,12534,Node_280,8,0,5,8,5,,,,,,,,,
35,VISIT,3503,Random,OnArrival,5,14,12534,Node_280,8,0,5,8,5,,,,,,,,,
35,VISIT,3504,Random,OnArrival,5,14,12534,Node_103,12,0,5,12,5,,,,,,,,,
35,VISIT,3501,Random,OnArrival,5,15,12544,Node_179,11,0,5,11,5,,,,,,,,,
35,VISIT,3504,Random,OnArrival,5,15,12544,Node_179,11,0,5,11,5,,,,,,,,,
35,VISIT,3501,Random,OnArrival,5,16,12558,Node_219,10,0,5,10,5,,,,,,,,,
35,VISIT,3504,Random,OnArrival,5,16,12558,Node_219,10,0,5,10,5,,,,,,,,,
35,VISIT,3501,Random,OnArrival,5,17,12575,Node_254,9,0,5,9,5,,,,,,,,,
35,VISIT,3502,Random,OnArrival,5,15,12575,Node_277,8,0,2,8,2,,,,,,,,,
35,VISIT,3503,Random,OnArrival,5,15,12575,Node_277,8,0,2,8,2,,,,,,,,,
35,VISIT,3504,Random,OnArrival,5,17,12575,Node_254,9,0,5,9,5,,,,,,,,,
35,VISIT,3501,Random,OnArrival,5,18,12592,Node_280,8,0,5,8,5,,,,,,,,,
35,VISIT,3504,Random,OnArrival,5,18,12592,Node_280,8,0,5,8,5,,,,,,,,,
35,VISIT,3502,Random,OnArrival,5,16,12611,Node_281,6,0,2,6,2,,,,,,,,,
35,VISIT,3503,Random,OnArrival,5,16,12611,Node_281,6,0,2,6,2,,,,,,,,,
35,VISIT,3501,Random,OnArrival,5,19,12648,Node_277,8,0,2,8,2,,,,,,,,,
35,VISIT,3502,Random,OnArrival,5,17,12648,Node_367,6,0,0,6,0,,,,,,,,,
35,VISIT,3503,Random,OnArrival,5,17,12648,Node_367,6,0,0,6,0,,,,,,,,,
35,VISIT,3504,Random,OnArrival,5,19,12648,Node_277,8,0,2,8,2,,,,,,,,,
35,VISIT,3501,Random,OnArrival,5,20,12689,Node_281,6,0,2,6,2,,,,,,,,,
35,VISIT,3504,Random,OnArrival,5,20,12689,Node_281,6,0,2,6,2,,,,,,,,,
35,VISIT,3502,Random,OnArrival,5,18,12710,Node_371,3,0,0,3,0,,,,,,,,,
35,VISIT,3503,Random,OnArrival,5,18,12710,Node_371,3,0,0,3,0,,,,,,,,,
35,VISIT,3501,Random,OnArrival,5,21,12731,Node_367,6,0,0,6,0,,,,,,,,,
35,VISIT,3504,Random,OnArrival,5,21,12731,Node_367,6,0,0,6,0,,,,,,,,,
35,VISIT,3501,Random,OnArrival,5,22,12793,Node_371,3,0,0,3,0,,,,,,,,,
35,VISIT,3504,Random,OnArrival,5,22,12793,Node_371,3,0,0,3,0,,,,,,,,,
35,VISIT,3501,Random,OnArrival,5,23,12933,Node_391,-1,0,3,-1,3,,,,,,,,,
35,VISIT,3504,Random,OnArrival,5,23,12933,Node_391,-1,0,3,-1,3,,,,,,,,,
35,VISIT,3504,Random,OnArrival,5,24,12954,Node_393,-1,0,4,-1,4,,,,,,,,,
35,VISIT,3501,Random,OnArrival,5,24,12974,Node_411,-1,0,1,-1,1,,,,,,,,,
35,VISIT,3504,Random,OnArrival,5,25,12974,Node_394,-2,0,4,-2,4,,,,,,,,,
35,VISIT,3502,Random,OnArrival,5,19,13056,Node_416,-3,0,1,-3,1,,,,,,,,,
35,VISIT,3503,Random,OnArrival,5,19,13056,Node_416,-3,0,1,-3,1,,,,,,,,,
35,VISIT,3501,Random,OnArrival,5,25,13076,Node_415,-3,0,4,-3,4,,,,,,,,,
35,VISIT,3502,Random,OnArrival,5,20,13076,Node_418,-3,0,0,-3,0,,,,,,,,,
35,VISIT,3505,Random,OnArrival,5,0,13082,Node_6,19,0,12,19,12,,,,,,,,,
35,VISIT,3506,Random,OnArrival,5,0,13082,Node_7,19,0,8,19,8,,,,,,,,,
35,VISIT,3507,Random,OnArrival,5,0,13082,Node_8,17,0,10,17,10,,,,,,,,,
35,VISIT,3508,Random,OnArrival,5,0,13082,Node_9,21,0,10,21,10,,,,,,,,,
35,VISIT,3503,Random,OnArrival,5,20,13089,Node_411,-1,0,1,-1,1,,,,,,,,,
35,VISIT,3505,Random,OnArrival,5,1,13095,Node_2,19,0,11,19,11,,,,,,,,,
35,VISIT,3506,Random,OnArrival,5,1,13095,Node_11,18,0,8,18,8,,,,,,,,,
35,VISIT,3507,Random,OnArrival,5,1,13095,Node_23,17,0,9,17,9,,,,,,,,,
35,VISIT,3508,Random,OnArrival,5,1,13095,Node_5,20,0,10,20,10,,,,,,,,,
35,VISIT,3503,Random,OnArrival,5,21,13103,Node_410,0,0,1,0,1,,,,,,,,,
35,VISIT,3505,Random,OnArrival,5,2,13109,Node_20,19,0,10,19,10,,,,,,,,,
35,VISIT,3506,Random,OnArrival,5,2,13109,Node_33,17,0,8,17,8,,,,,,,,,
35,VISIT,3507,Random,OnArrival,5,2,13109,Node_33,17,0,8,17,8,,,,,,,,,
35,VISIT,3508,Random,OnArrival,5,2,13109,Node_50,20,0,9,20,9,,,,,,,,,
35,VISIT,3503,Random,OnArrival,5,22,13117,Node_408,0,0,0,0,0,,,,,,,,,
35,VISIT,3505,Random,OnArrival,5,3,13123,Node_4,18,0,10,18,10,,,,,,,,,
35,VISIT,3506,Random,OnArrival,5,3,13123,Node_36,17,0,7,17,7,,,,,,,,,
35,VISIT,3507,Random,OnArrival,5,3,13123,Node_36,17,0,7,17,7,,,,,,,,,
35,VISIT,3508,Random,OnArrival,5,3,13123,Node_47,20,0,8,20,8,,,,,,,,,
35,VISIT,3505,Random,OnArrival,5,4,13137,Node_8,17,0,10,17,10,,,,,,,,,
35,VISIT,3506,Random,OnArrival,5,4,13137,Node_38,16,0,7,16,7,,,,,,,,,
35,VISIT,3507,Random,OnArrival,5,4,13137,Node_38,16,0,7,16,7,,,,,,,,,
35,VISIT,3508,Random,OnArrival,5,4,13137,Node_7,19,0,8,19,8,,,,,,,,,
35,VISIT,3505,Random,OnArrival,5,5,13151,Node_23,17,0,9,17,9,,,,,,,,,
35,VISIT,3506,Random,OnArrival,5,5,13151,Node_141,16,0,6,16,6,,,,,,,,,
35,VISIT,3507,Random,OnArrival,5,5,13151,Node_141,16,0,6,16,6,,,,,,,,,
35,VISIT,3508,Random,OnArrival,5,5,13151,Node_11,18,0,8,18,8,,,,,,,,,
35,VISIT,3505,Random,OnArrival,5,6,13165,Node_33,17,0,8,17,8,,,,,,,,,
35,VISIT,3506,Random,OnArrival,5,6,13165,Node_142,15,0,6,15,6,,,,,,,,,
35,VISIT,3507,Random,OnArrival,5,6,13165,Node_142,15,0,6,15,6,,,,,,,,,
35,VISIT,3508,Random,OnArrival,5,6,13165,Node_33,17,0,8,17,8,,,,,,,,,
35,VISIT,3505,Random,OnArrival,5,7,13179,Node_36,17,0,7,17,7,,,,,,,,,
35,VISIT,3506,Random,OnArrival,5,7,13179,Node_170,14,0,6,14,6,,,,,,,,,
35,VISIT,3507,Random,OnArrival,5,7,13179,Node_170,14,0,6,14,6,,,,,,,,,
35,VISIT,3508,Random,OnArrival,5,7,13179,Node_36,17,0,7,17,7,,,,,,,,,
35,VISIT,3503,Random,OnArrival,5,23,13185,Node_413,-2,0,-3,-2,-3,,,,,,,,,
35,VISIT,3505,Random,OnArrival,5,8,13192,Node_38,16,0,7,16,7,,,,,,,,,
35,VISIT,3506,Random,OnArrival,5,8,13192,Node_97,13,0,6,13,6,,,,,,,,,
35,VISIT,3507,Random,OnArrival,5,8,13192,Node_97,13,0,6,13,6,,,,,,,,,
35,VISIT,3508,Random,OnArrival,5,8,13192,Node_38,16,0,7,16,7,,,,,,,,,
35,VISIT,3503,Random,OnArrival,5,24,13198,Node_414,-3,0,-3,-3,-3,,,,,,,,,
35,VISIT,3505,Random,OnArrival,5,9,13206,Node_141,16,0,6,16,6,,,,,,,,,
35,VISIT,3506,Random,OnArrival,5,9,13206,Node_100,13,0,5,13,5,,,,,,,,,
35,VISIT,3507,Random,OnArrival,5,9,13206,Node_100,13,0,5,13,5,,,,,,,,,
35,VISIT,3508,Random,OnArrival,5,9,13206,Node_141,16,0,6,16,6,,,,,,,,,
35,VISIT,3505,Random,OnArrival,5,10,13220,Node_142,15,0,6,15,6,,,,,,,,,
35,VISIT,3506,Random,OnArrival,5,10,13220,Node_103,12,0,5,12,5,,,,,,,,,
35,VISIT,3507,Random,OnArrival,5,10,13220,Node_103,12,0,5,12,5,,,,,,,,,
35,VISIT,3508,Random,OnArrival,5,10,13220,Node_142,15,0,6,15,6,,,,,,,,,
35,VISIT,3503,Random,OnArrival,5,25,13225,Node_425,-5,0,-3,-5,-3,,,,,,,,,
35,VISIT,3505,Random,OnArrival,5,11,13234,Node_170,14,0,6,14,6,,,,,,,,,
35,VISIT,3506,Random,OnArrival,5,11,13234,Node_179,11,0,5,11,5,,,,,,,,,
35,VISIT,3507,Random,OnArrival,5,11,13234,Node_179,11,0,5,11,5,,,,,,,,,
35,VISIT,3508,Random,OnArrival,5,11,13234,Node_170,14,0,6,14,6,,,,,,,,,
35,VISIT,3505,Random,OnArrival,5,12,13249,Node_97,13,0,6,13,6,,,,,,,,,
35,VISIT,3506,Random,OnArrival,5,12,13249,Node_219,10,0,5,10,5,,,,,,,,,
35,VISIT,3507,Random,OnArrival,5,12,13249,Node_219,10,0,5,10,5,,,,,,,,,
35,VISIT,3508,Random,OnArrival,5,12,13249,Node_97,13,0,6,13,6,,,,,,,,,
35,VISIT,3505,Random,OnArrival,5,13,13263,Node_100,13,0,5,13,5,,,,,,,,,
35,VISIT,3506,Random,OnArrival,5,13,13263,Node_254,9,0,5,9,5,,,,,,,,,
35,VISIT,3507,Random,OnArrival,5,13,13263,Node_254,9,0,5,9,5,,,,,,,,,
35,VISIT,3508,Random,OnArrival,5,13,13263,Node_100,13,0,5,13,5,,,,,,,,,
35,VISIT,3503,Random,OnArrival,5,26,13271,Node_420,-5,0,0,-5,0,,,,,,,,,
35,VISIT,3505,Random,OnArrival,5,14,13279,Node_103,12,0,5,12,5,,,,,,,,,
35,VISIT,3506,Random,OnArrival,5,14,13279,Node_256,9,0,6,9,6,,,,,,,,,
35,VISIT,3507,Random,OnArrival,5,14,13279,Node_256,9,0,6,9,6,,,,,,,,,
35,VISIT,3508,Random,OnArrival,5,14,13279,Node_103,12,0,5,12,5,,,,,,,,,
35,VISIT,3503,Random,OnArrival,5,27,13288,Node_421,-6,0,0,-6,0,,,,,,,,,
35,VISIT,3505,Random,OnArrival,5,15,13296,Node_179,11,0,5,11,5,,,,,,,,,
35,VISIT,3506,Random,OnArrival,5,15,13296,Node_258,8,0,6,8,6,,,,,,,,,
35,VISIT,3507,Random,OnArrival,5,15,13296,Node_258,8,0,6,8,6,,,,,,,,,
35,VISIT,3508,Random,OnArrival,5,15,13296,Node_179,11,0,5,11,5,,,,,,,,,
35,VISIT,3505,Random,OnArrival,5,16,13314,Node_219,10,0,5,10,5,,,,,,,,,
35,VISIT,3506,Random,OnArrival,5,16,13314,Node_265,7,0,6,7,6,,,,,,,,,
35,VISIT,3507,Random,OnArrival,5,16,13314,Node_265,7,0,6,7,6,,,,,,,,,
35,VISIT,3508,Random,OnArrival,5,16,13314,Node_219,10,0,5,10,5,,,,,,,,,
35,VISIT,3503,Random,OnArrival,5,28,13323,Node_419,-6,0,2,-6,2,,,,,,,,,
35,VISIT,3505,Random,OnArrival,5,17,13332,Node_254,9,0,5,9,5,,,,,,,,,
35,VISIT,3506,Random,OnArrival,5,17,13332,Node_267,6,0,6,6,6,,,,,,,,,
35,VISIT,3507,Random,OnArrival,5,17,13332,Node_267,6,0,6,6,6,,,,,,,,,
35,VISIT,3508,Random,OnArrival,5,17,13332,Node_254,9,0,5,9,5,,,,,,,,,
35,VISIT,3505,Random,OnArrival,5,18,13351,Node_280,8,0,5,8,5,,,,,,,,,
35,VISIT,3506,Random,OnArrival,5,18,13351,Node_284,5,0,6,5,6,,,,,,,,,
35,VISIT,3507,Random,OnArrival,5,18,13351,Node_284,5,0,6,5,6,,,,,,,,,
35,VISIT,3508,Random,OnArrival,5,18,13351,Node_280,8,0,5,8,5,,,,,,,,,
35,VISIT,3503,Random,OnArrival,5,29,13382,Node_422,-7,0,4,-7,4,,,,,,,,,
35,VISIT,3503,Random,OnArrival,5,30,13402,Node_424,-7,0,5,-7,5,,,,,,,,,
35,VISIT,3505,Random,OnArrival,5,19,13411,Node_277,8,0,2,8,2,,,,,,,,,
35,VISIT,3506,Random,OnArrival,5,19,13411,Node_285,5,0,9,5,9,,,,,,,,,
35,VISIT,3507,Random,OnArrival,5,19,13411,Node_285,5,0,9,5,9,,,,,,,,,
35,VISIT,3508,Random,OnArrival,5,19,13411,Node_277,8,0,2,8,2,,,,,,,,,
35,VISIT,3505,Random,OnArrival,5,20,13450,Node_281,6,0,2,6,2,,,,,,,,,
35,VISIT,3508,Random,OnArrival,5,20,13450,Node_281,6,0,2,6,2,,,,,,,,,
35,VISIT,3506,Random,OnArrival,5,20,13469,Node_370,5,0,10,5,10,,,,,,,,,
35,VISIT,3507,Random,OnArrival,5,20,13469,Node_370,5,0,10,5,10,,,,,,,,,
35,VISIT,3505,Random,OnArrival,5,21,13489,Node_367,6,0,0,6,0,,,,,,,,,
35,VISIT,3508,Random,OnArrival,5,21,13489,Node_367,6,0,0,6,0,,,,,,,,,
35,VISIT,3503,Random,OnArrival,5,31,13498,Node_440,-8,0,5,-8,5,,,,,,,,,
35,VISIT,3503,Random,OnArrival,5,32,13518,Node_424,-7,0,5,-7,5,,,,,,,,,
35,VISIT,3503,Random,OnArrival,5,33,13537,Node_428,-7,0,6,-7,6,,,,,,,,,
35,VISIT,3505,Random,OnArrival,5,22,13547,Node_371,3,0,0,3,0,,,,,,,,,
35,VISIT,3506,Random,OnArrival,5,21,13547,Node_347,2,0,11,2,11,,,,,,,,,
35,VISIT,3507,Random,OnArrival,5,21,13547,Node_347,2,0,11,2,11,,,,,,,,,
35,VISIT,3508,Random,OnArrival,5,22,13547,Node_371,3,0,0,3,0,,,,,,,,,
35,VISIT,3503,Random,OnArrival,5,34,13555,Node_442,-8,0,6,-8,6,,,,,,,,,
35,VISIT,3506,Random,OnArrival,5,22,13565,Node_373,1,0,11,1,11,,,,,,,,,
35,VISIT,3507,Random,OnArrival,5,22,13565,Node_373,1,0,11,1,11,,,,,,,,,
35,VISIT,3503,Random,OnArrival,5,35,13574,Node_428,-7,0,6,-7,6,,,,,,,,,
35,VISIT,3505,Random,OnArrival,5,23,13584,Node_406,3,0,-2,3,-2,,,,,,,,,
35,VISIT,3506,Random,OnArrival,5,23,13584,Node_372,1,0,10,1,10,,,,,,,,,
35,VISIT,3507,Random,OnArrival,5,23,13584,Node_347,2,0,11,2,11,,,,,,,,,
35,VISIT,3508,Random,OnArrival,5,23,13584,Node_406,3,0,-2,3,-2,,,,,,,,,
35,VISIT,3507,Random,OnArrival,5,24,13602,Node_345,2,0,10,2,10,,,,,,,,,
35,VISIT,3507,Random,OnArrival,5,25,13619,Node_372,1,0,10,1,10,,,,,,,,,
35,VISIT,3506,Random,OnArrival,5,24,13639,Node_399,-1,0,9,-1,9,,,,,,,,,
35,VISIT,3507,Random,OnArrival,5,26,13639,Node_369,1,0,9,1,9,,,,,,,,,
35,VISIT,3506,Random,OnArrival,5,25,13658,Node_400,-1,0,10,-1,10,,,,,,,,,
35,VISIT,3507,Random,OnArrival,5,27,13658,Node_453,0,0,9,0,9,,,,,,,,,
35,VISIT,3506,Random,OnArrival,5,26,13678,Node_450,0,0,10,0,10,,,,,,,,,
35,VISIT,3507,Random,OnArrival,5,28,13678,Node_450,0,0,10,0,10,,,,,,,,,
35,VISIT,3506,Random,OnArrival,5,27,13698,Node_372,1,0,10,1,10,,,,,,,,,
35,VISIT,3507,Random,OnArrival,5,29,13698,Node_372,1,0,10,1,10,,,,,,,,,
35,VISIT,3506,Random,OnArrival,5,28,13718,Node_373,1,0,11,1,11,,,,,,,,,
35,VISIT,3507,Random,OnArrival,5,30,13718,Node_345,2,0,10,2,10,,,,,,,,,
35,VISIT,3506,Random,OnArrival,5,29,13738,Node_375,1,0,12,1,12,,,,,,,,,
35,VISIT,3507,Random,OnArrival,5,31,13738,Node_446,3,0,10,3,10,,,,,,,,,
35,VISIT,3505,Random,OnArrival,5,24,13758,Node_409,1,0,-5,1,-5,,,,,,,,,
35,VISIT,3506,Random,OnArrival,5,30,13758,Node_349,2,0,12,2,12,,,,,,,,,
35,VISIT,3508,Random,OnArrival,5,24,13758,Node_409,1,0,-5,1,-5,,,,,,,,,
35,VISIT,3507,Random,OnArrival,5,32,13777,Node_342,2,0,9,2,9,,,,,,,,,
35,VISIT,3506,Random,OnArrival,5,31,13796,Node_378,1,0,13,1,13,,,,,,,,,
35,VISIT,3507,Random,OnArrival,5,33,13796,Node_369,1,0,9,1,9,,,,,,,,,
35,VISIT,3505,Random,OnArrival,5,25,13816,Node_407,1,0,-2,1,-2,,,,,,,,,
35,VISIT,3507,Random,OnArrival,5,34,13816,Node_372,1,0,10,1,10,,,,,,,,,
35,VISIT,3509,Random,OnArrival,5,0,13834,Node_6,19,0,12,19,12,,,,,,,,,
35,VISIT,3510,Random,OnArrival,5,0,13834,Node_7,19,0,8,19,8,,,,,,,,,
35,VISIT,3511,Random,OnArrival,5,0,13834,Node_8,17,0,10,17,10,,,,,,,,,
35,VISIT,3512,Random,OnArrival,5,0,13834,Node_9,21,0,10,21,10,,,,,,,,,
35,VISIT,3505,Random,OnArrival,5,26,13835,Node_426,0,0,-2,0,-2,,,,,,,,,
35,VISIT,3507,Random,OnArrival,5,35,13835,Node_345,2,0,10,2,10,,,,,,,,,
35,VISIT,3508,Random,OnArrival,5,25,13835,Node_455,5,0,-5,5,-5,,,,,,,,,
35,VISIT,3509,Random,OnArrival,5,1,13846,Node_2,19,0,11,19,11,,,,,,,,,
35,VISIT,3510,Random,OnArrival,5,1,13846,Node_11,18,0,8,18,8,,,,,,,,,
35,VISIT,3511,Random,OnArrival,5,1,13846,Node_23,17,0,9,17,9,,,,,,,,,
35,VISIT,3512,Random,OnArrival,5,1,13846,Node_5,20,0,10,20,10,,,,,,,,,
35,VISIT,3505,Random,OnArrival,5,27,13850,Node_407,1,0,-2,1,-2,,,,,,,,,
35,VISIT,3507,Random,OnArrival,5,36,13850,Node_446,3,0,10,3,10,,,,,,,,,
35,VISIT,3509,Random,OnArrival,5,2,13858,Node_20,19,0,10,19,10,,,,,,,,,
35,VISIT,3510,Random,OnArrival,5,2,13858,Node_33,17,0,8,17,8,,,,,,,,,
35,VISIT,3511,Random,OnArrival,5,2,13858,Node_33,17,0,8,17,8,,,,,,,,,
35,VISIT,3512,Random,OnArrival,5,2,13858,Node_50,20,0,9,20,9,,,,,,,,,
35,VISIT,3509,Random,OnArrival,5,3,13871,Node_4,18,0,10,18,10,,,,,,,,,
35,VISIT,3510,Random,OnArrival,5,3,13871,Node_36,17,0,7,17,7,,,,,,,,,
35,VISIT,3511,Random,OnArrival,5,3,13871,Node_36,17,0,7,17,7,,,,,,,,,
35,VISIT,3512,Random,OnArrival,5,3,13871,Node_47,20,0,8,20,8,,,,,,,,,
35,VISIT,3507,Random,OnArrival,5,37,13875,Node_370,5,0,10,5,10,,,,,,,,,
35,VISIT,3509,Random,OnArrival,5,4,13884,Node_8,17,0,10,17,10,,,,,,,,,
35,VISIT,3510,Random,OnArrival,5,4,13884,Node_38,16,0,7,16,7,,,,,,,,,
35,VISIT,3511,Random,OnArrival,5,4,13884,Node_38,16,0,7,16,7,,,,,,,,,
35,VISIT,3512,Random,OnArrival,5,4,13884,Node_7,19,0,8,19,8,,,,,,,,,
35,VISIT,3505,Random,OnArrival,5,28,13888,Node_409,1,0,-5,1,-5,,,,,,,,,
35,VISIT,3509,Random,OnArrival,5,5,13897,Node_23,17,0,9,17,9,,,,,,,,,
35,VISIT,3510,Random,OnArrival,5,5,13897,Node_141,16,0,6,16,6,,,,,,,,,
35,VISIT,3511,Random,OnArrival,5,5,13897,Node_141,16,0,6,16,6,,,,,,,,,
35,VISIT,3512,Random,OnArrival,5,5,13897,Node_11,18,0,8,18,8,,,,,,,,,
35,VISIT,3507,Random,OnArrival,5,38,13901,Node_374,5,0,12,5,12,,,,,,,,,
35,VISIT,3509,Random,OnArrival,5,6,13910,Node_33,17,0,8,17,8,,,,,,,,,
35,VISIT,3510,Random,OnArrival,5,6,13910,Node_142,15,0,6,15,6,,,,,,,,,
35,VISIT,3511,Random,OnArrival,5,6,13910,Node_142,15,0,6,15,6,,,,,,,,,
35,VISIT,3512,Random,OnArrival,5,6,13910,Node_33,17,0,8,17,8,,,,,,,,,
35,VISIT,3508,Random,OnArrival,5,26,13914,Node_239,8,0,-2,8,-2,,,,,,,,,
35,VISIT,3509,Random,OnArrival,5,7,13922,Node_36,17,0,7,17,7,,,,,,,,,
35,VISIT,3510,Random,OnArrival,5,7,13922,Node_170,14,0,6,14,6,,,,,,,,,
35,VISIT,3511,Random,OnArrival,5,7,13922,Node_170,14,0,6,14,6,,,,,,,,,
35,VISIT,3512,Random,OnArrival,5,7,13922,Node_36,17,0,7,17,7,,,,,,,,,
35,VISIT,3509,Random,OnArrival,5,8,13933,Node_38,16,0,7,16,7,,,,,,,,,
35,VISIT,3510,Random,OnArrival,5,8,13933,Node_97,13,0,6,13,6,,,,,,,,,
35,VISIT,3511,Random,OnArrival,5,8,13933,Node_97,13,0,6,13,6,,,,,,,,,
35,VISIT,3512,Random,OnArrival,5,8,13933,Node_38,16,0,7,16,7,,,,,,,,,
35,VISIT,3505,Random,OnArrival,5,29,13937,Node_455,5,0,-5,5,-5,,,,,,,,,
35,VISIT,3509,Random,OnArrival,5,9,13945,Node_141,16,0,6,16,6,,,,,,,,,
35,VISIT,3510,Random,OnArrival,5,9,13945,Node_100,13,0,5,13,5,,,,,,,,,
35,VISIT,3511,Random,OnArrival,5,9,13945,Node_100,13,0,5,13,5,,,,,,,,,
35,VISIT,3512,Random,OnArrival,5,9,13945,Node_141,16,0,6,16,6,,,,,,,,,
35,VISIT,3507,Random,OnArrival,5,39,13949,Node_379,5,0,14,5,14,,,,,,,,,
35,VISIT,3509,Random,OnArrival,5,10,13958,Node_142,15,0,6,15,6,,,,,,,,,
35,VISIT,3510,Random,OnArrival,5,10,13958,Node_103,12,0,5,12,5,,,,,,,,,
35,VISIT,3511,Random,OnArrival,5,10,13958,Node_103,12,0,5,12,5,,,,,,,,,
35,VISIT,3512,Random,OnArrival,5,10,13958,Node_142,15,0,6,15,6,,,,,,,,,
35,VISIT,3505,Random,OnArrival,5,30,13962,Node_454,5,0,-3,5,-3,,,,,,,,,
35,VISIT,3508,Random,OnArrival,5,27,13962,Node_454,5,0,-3,5,-3,,,,,,,,,
35,VISIT,3509,Random,OnArrival,5,11,13971,Node_170,14,0,6,14,6,,,,,,,,,
35,VISIT,3510,Random,OnArrival,5,11,13971,Node_179,11,0,5,11,5,,,,,,,,,
35,VISIT,3511,Random,OnArrival,5,11,13971,Node_179,11,0,5,11,5,,,,,,,,,
35,VISIT,3512,Random,OnArrival,5,11,13971,Node_170,14,0,6,14,6,,,,,,,,,
35,VISIT,3505,Random,OnArrival,5,31,13975,Node_466,6,0,-3,6,-3,,,,,,,,,
35,VISIT,3509,Random,OnArrival,5,12,13984,Node_97,13,0,6,13,6,,,,,,,,,
35,VISIT,3510,Random,OnArrival,5,12,13984,Node_219,10,0,5,10,5,,,,,,,,,
35,VISIT,3511,Random,OnArrival,5,12,13984,Node_219,10,0,5,10,5,,,,,,,,,
35,VISIT,3512,Random,OnArrival,5,12,13984,Node_97,13,0,6,13,6,,,,,,,,,
35,VISIT,3505,Random,OnArrival,5,32,13988,Node_465,6,0,-2,6,-2,,,,,,,,,
35,VISIT,3508,Random,OnArrival,5,28,13988,Node_455,5,0,-5,5,-5,,,,,,,,,
35,VISIT,3509,Random,OnArrival,5,13,13997,Node_100,13,0,5,13,5,,,,,,,,,
35,VISIT,3510,Random,OnArrival,5,13,13997,Node_254,9,0,5,9,5,,,,,,,,,
35,VISIT,3511,Random,OnArrival,5,13,13997,Node_254,9,0,5,9,5,,,,,,,,,
35,VISIT,3512,Random,OnArrival,5,13,13997,Node_100,13,0,5,13,5,,,,,,,,,
35,VISIT,3509,Random,OnArrival,5,14,14011,Node_103,12,0,5,12,5,,,,,,,,,
35,VISIT,3510,Random,OnArrival,5,14,14011,Node_280,8,0,5,8,5,,,,,,,,,
35,VISIT,3511,Random,OnArrival,5,14,14011,Node_280,8,0,5,8,5,,,,,,,,,
35,VISIT,3512,Random,OnArrival,5,14,14011,Node_103,12,0,5,12,5,,,,,,,,,
35,VISIT,3505,Random,OnArrival,5,33,14017,Node_239,8,0,-2,8,-2,,,,,,,,,
35,VISIT,3509,Random,OnArrival,5,15,14026,Node_179,11,0,5,11,5,,,,,,,,,
35,VISIT,3512,Random,OnArrival,5,15,14026,Node_179,11,0,5,11,5,,,,,,,,,
35,VISIT,3505,Random,OnArrival,5,34,14033,Node_238,8,0,-1,8,-1,,,,,,,,,
35,VISIT,3508,Random,OnArrival,5,29,14033,Node_461,8,0,-5,8,-5,,,,,,,,,
35,VISIT,3509,Random,OnArrival,5,16,14042,Node_219,10,0,5,10,5,,,,,,,,,
35,VISIT,3512,Random,OnArrival,5,16,14042,Node_219,10,0,5,10,5,,,,,,,,,
35,VISIT,3509,Random,OnArrival,5,17,14059,Node_254,9,0,5,9,5,,,,,,,,,
35,VISIT,3510,Random,OnArrival,5,15,14059,Node_277,8,0,2,8,2,,,,,,,,,
35,VISIT,3511,Random,OnArrival,5,15,14059,Node_277,8,0,2,8,2,,,,,,,,,
35,VISIT,3512,Random,OnArrival,5,17,14059,Node_254,9,0,5,9,5,,,,,,,,,
35,VISIT,3505,Random,OnArrival,5,35,14066,Node_204,10,0,-1,10,-1,,,,,,,,,
35,VISIT,3508,Random,OnArrival,5,30,14066,Node_199,10,0,-5,10,-5,,,,,,,,,
35,VISIT,3509,Random,OnArrival,5,18,14076,Node_280,8,0,5,8,5,,,,,,,,,
35,VISIT,3512,Random,OnArrival,5,18,14076,Node_280,8,0,5,8,5,,,,,,,,,
35,VISIT,3505,Random,OnArrival,5,36,14085,Node_203,10,0,-2,10,-2,,,,,,,,,
35,VISIT,3508,Random,OnArrival,5,31,14085,Node_201,10,0,-4,10,-4,,,,,,,,,
35,VISIT,3509,Random,OnArrival,5,19,14095,Node_258,8,0,6,8,6,,,,,,,,,
35,VISIT,3510,Random,OnArrival,5,16,14095,Node_224,10,0,2,10,2,,,,,,,,,
35,VISIT,3511,Random,OnArrival,5,16,14095,Node_224,10,0,2,10,2,,,,,,,,,
35,VISIT,3512,Random,OnArrival,5,19,14095,Node_258,8,0,6,8,6,,,,,,,,,
35,VISIT,3505,Random,OnArrival,5,37,14104,Node_191,11,0,-2,11,-2,,,,,,,,,
35,VISIT,3508,Random,OnArrival,5,32,14104,Node_195,11,0,-4,11,-4,,,,,,,,,
35,VISIT,3509,Random,OnArrival,5,20,14114,Node_265,7,0,6,7,6,,,,,,,,,
35,VISIT,3510,Random,OnArrival,5,17,14114,Node_226,10,0,1,10,1,,,,,,,,,
35,VISIT,3511,Random,OnArrival,5,17,14114,Node_226,10,0,1,10,1,,,,,,,,,
35,VISIT,3512,Random,OnArrival,5,20,14114,Node_265,7,0,6,7,6,,,,,,,,,
35,VISIT,3505,Random,OnArrival,5,38,14123,Node_203,10,0,-2,10,-2,,,,,,,,,
35,VISIT,3509,Random,OnArrival,5,21,14133,Node_267,6,0,6,6,6,,,,,,,,,
35,VISIT,3510,Random,OnArrival,5,18,14133,Node_205,10,0,0,10,0,,,,,,,,,
35,VISIT,3511,Random,OnArrival,5,18,14133,Node_205,10,0,0,10,0,,,,,,,,,
35,VISIT,3512,Random,OnArrival,5,21,14133,Node_267,6,0,6,6,6,,,,,,,,,
35,VISIT,3505,Random,OnArrival,5,39,14141,Node_202,10,0,-3,10,-3,,,,,,,,,
35,VISIT,3509,Random,OnArrival,5,22,14152,Node_284,5,0,6,5,6,,,,,,,,,
35,VISIT,3510,Random,OnArrival,5,19,14152,Node_204,10,0,-1,10,-1,,,,,,,,,
35,VISIT,3511,Random,OnArrival,5,19,14152,Node_204,10,0,-1,10,-1,,,,,,,,,
35,VISIT,3512,Random,OnArrival,5,22,14152,Node_284,5,0,6,5,6,,,,,,,,,
35,VISIT,3505,Random,OnArrival,5,40,14159,Node_193,11,0,-3,11,-3,,,,,,,,,
35,VISIT,3508,Random,OnArrival,5,33,14159,Node_193,11,0,-3,11,-3,,,,,,,,,
35,VISIT,3510,Random,OnArrival,5,20,14171,Node_203,10,0,-2,10,-2,,,,,,,,,
35,VISIT,3511,Random,OnArrival,5,20,14171,Node_203,10,0,-2,10,-2,,,,,,,,,
35,VISIT,3505,Random,OnArrival,5,41,14178,Node_474,12,0,-3,12,-3,,,,,,,,,
35,VISIT,3508,Random,OnArrival,5,34,14178,Node_474,12,0,-3,12,-3,,,,,,,,,
35,VISIT,3509,Random,OnArrival,5,23,14190,Node_336,3,0,6,3,6,,,,,,,,,
35,VISIT,3510,Random,OnArrival,5,21,14190,Node_202,10,0,-3,10,-3,,,,,,,,,
35,VISIT,3511,Random,OnArrival,5,21,14190,Node_202,10,0,-3,10,-3,,,,,,,,,
35,VISIT,3512,Random,OnArrival,5,23,14190,Node_336,3,0,6,3,6,,,,,,,,,
35,VISIT,3509,Random,OnArrival,5,24,14210,Node_366,2,0,6,2,6,,,,,,,,,
35,VISIT,3510,Random,OnArrival,5,22,14210,Node_193,11,0,-3,11,-3,,,,,,,,,
35,VISIT,3511,Random,OnArrival,5,22,14210,Node_193,11,0,-3,11,-3,,,,,,,,,
35,VISIT,3512,Random,OnArrival,5,24,14210,Node_366,2,0,6,2,6,,,,,,,,,
35,VISIT,3505,Random,OnArrival,5,42,14216,Node_301,14,0,-3,14,-3,,,,,,,,,
35,VISIT,3508,Random,OnArrival,5,35,14216,Node_301,14,0,-3,14,-3,,,,,,,,,
35,VISIT,3510,Random,OnArrival,5,23,14229,Node_474,12,0,-3,12,-3,,,,,,,,,
35,VISIT,3511,Random,OnArrival,5,23,14229,Node_474,12,0,-3,12,-3,,,,,,,,,
35,VISIT,3505,Random,OnArrival,5,43,14235,Node_311,15,0,-3,15,-3,,,,,,,,,
35,VISIT,3508,Random,OnArrival,5,36,14235,Node_311,15,0,-3,15,-3,,,,,,,,,
35,VISIT,3505,Random,OnArrival,5,44,14254,Node_313,15,0,-2,15,-2,,,,,,,,,
35,VISIT,3508,Random,OnArrival,5,37,14254,Node_313,15,0,-2,15,-2,,,,,,,,,
35,VISIT,3510,Random,OnArrival,5,24,14267,Node_301,14,0,-3,14,-3,,,,,,,,,
35,VISIT,3511,Random,OnArrival,5,24,14267,Node_301,14,0,-3,14,-3,,,,,,,,,
35,VISIT,3510,Random,OnArrival,5,25,14286,Node_300,14,0,-2,14,-2,,,,,,,,,
35,VISIT,3511,Random,OnArrival,5,25,14286,Node_311,15,0,-3,15,-3,,,,,,,,,
35,VISIT,3505,Random,OnArrival,5,45,14292,Node_350,17,0,-2,17,-2,,,,,,,,,
35,VISIT,3508,Random,OnArrival,5,38,14292,Node_350,17,0,-2,17,-2,,,,,,,,,
35,VISIT,3509,Random,OnArrival,5,25,14305,Node_398,-1,0,8,-1,8,,,,,,,,,
35,VISIT,3510,Random,OnArrival,5,26,14305,Node_313,15,0,-2,15,-2,,,,,,,,,
35,VISIT,3511,Random,OnArrival,5,26,14305,Node_309,15,0,-4,15,-4,,,,,,,,,
35,VISIT,3512,Random,OnArrival,5,25,14305,Node_398,-1,0,8,-1,8,,,,,,,,,
35,VISIT,3505,Random,OnArrival,5,46,14311,Node_360,18,0,-2,18,-2,,,,,,,,,
35,VISIT,3508,Random,OnArrival,5,39,14311,Node_360,18,0,-2,18,-2,,,,,,,,,
35,VISIT,3509,Random,OnArrival,5,26,14324,Node_476,-1,0,7,-1,7,,,,,,,,,
35,VISIT,3511,Random,OnArrival,5,27,14324,Node_303,14,0,-4,14,-4,,,,,,,,,
35,VISIT,3512,Random,OnArrival,5,26,14324,Node_397,-2,0,8,-2,8,,,,,,,,,
35,VISIT,3505,Random,OnArrival,5,47,14330,Node_158,19,0,-2,19,-2,,,,,,,,,
35,VISIT,3508,Random,OnArrival,5,40,14330,Node_158,19,0,-2,19,-2,,,,,,,,,
35,VISIT,3509,Random,OnArrival,5,27,14343,Node_396,-2,0,7,-2,7,,,,,,,,,
35,VISIT,3510,Random,OnArrival,5,27,14343,Node_350,17,0,-2,17,-2,,,,,,,,,
35,VISIT,3511,Random,OnArrival,5,28,14343,Node_305,14,0,-5,14,-5,,,,,,,,,
35,VISIT,3512,Random,OnArrival,5,27,14343,Node_396,-2,0,7,-2,7,,,,,,,,,
35,VISIT,3505,Random,OnArrival,5,48,14348,Node_160,19,0,-3,19,-3,,,,,,,,,
35,VISIT,3508,Random,OnArrival,5,41,14348,Node_160,19,0,-3,19,-3,,,,,,,,,
35,VISIT,3509,Random,OnArrival,5,28,14361,Node_397,-2,0,8,-2,8,,,,,,,,,
35,VISIT,3510,Random,OnArrival,5,28,14361,Node_360,18,0,-2,18,-2,,,,,,,,,
35,VISIT,3511,Random,OnArrival,5,29,14361,Node_307,15,0,-5,15,-5,,,,,,,,,
35,VISIT,3512,Random,OnArrival,5,28,14361,Node_395,-2,0,6,-2,6,,,,,,,,,
35,VISIT,3505,Random,OnArrival,5,49,14366,Node_364,20,0,-3,20,-3,,,,,,,,,
35,VISIT,3508,Random,OnArrival,5,42,14366,Node_364,20,0,-3,20,-3,,,,,,,,,
35,VISIT,3509,Random,OnArrival,5,29,14380,Node_398,-1,0,8,-1,8,,,,,,,,,
35,VISIT,3510,Random,OnArrival,5,29,14380,Node_158,19,0,-2,19,-2,,,,,,,,,
35,VISIT,3505,Random,OnArrival,5,50,14385,Node_160,19,0,-3,19,-3,,,,,,,,,
35,VISIT,3508,Random,OnArrival,5,43,14385,Node_365,20,0,-4,20,-4,,,,,,,,,
35,VISIT,3509,Random,OnArrival,5,30,14399,Node_399,-1,0,9,-1,9,,,,,,,,,
35,VISIT,3510,Random,OnArrival,5,30,14399,Node_160,19,0,-3,19,-3,,,,,,,,,
35,VISIT,3505,Random,OnArrival,5,51,14404,Node_162,19,0,-4,19,-4,,,,,,,,,
35,VISIT,3509,Random,OnArrival,5,31,14417,Node_400,-1,0,10,-1,10,,,,,,,,,
35,VISIT,3510,Random,OnArrival,5,31,14417,Node_158,19,0,-2,19,-2,,,,,,,,,
35,VISIT,3505,Random,OnArrival,5,52,14422,Node_165,18,0,-4,18,-4,,,,,,,,,
35,VISIT,3508,Random,OnArrival,5,44,14422,Node_163,19,0,-5,19,-5,,,,,,,,,
35,VISIT,3509,Random,OnArrival,5,32,14435,Node_401,-2,0,10,-2,10,,,,,,,,,
35,VISIT,3510,Random,OnArrival,5,32,14435,Node_156,19,0,-1,19,-1,,,,,,,,,
35,VISIT,3511,Random,OnArrival,5,30,14435,Node_165,18,0,-4,18,-4,,,,,,,,,
35,VISIT,3505,Random,OnArrival,5,53,14441,Node_480,17,0,-4,17,-4,,,,,,,,,
35,VISIT,3508,Random,OnArrival,5,45,14441,Node_479,20,0,-5,20,-5,,,,,,,,,
35,VISIT,3510,Random,OnArrival,5,33,14453,Node_154,19,0,0,19,0,,,,,,,,,
35,VISIT,3511,Random,OnArrival,5,31,14453,Node_162,19,0,-4,19,-4,,,,,,,,,
35,VISIT,3505,Random,OnArrival,5,54,14459,Node_165,18,0,-4,18,-4,,,,,,,,,
35,VISIT,3511,Random,OnArrival,5,32,14471,Node_365,20,0,-4,20,-4,,,,,,,,,
35,VISIT,3505,Random,OnArrival,5,55,14477,Node_162,19,0,-4,19,-4,,,,,,,,,
35,VISIT,3509,Random,OnArrival,5,33,14489,Node_404,-3,0,12,-3,12,,,,,,,,,
35,VISIT,3511,Random,OnArrival,5,33,14489,Node_488,21,0,-4,21,-4,,,,,,,,,
35,VISIT,3505,Random,OnArrival,5,56,14495,Node_365,20,0,-4,20,-4,,,,,,,,,
35,VISIT,3508,Random,OnArrival,5,46,14495,Node_365,20,0,-4,20,-4,,,,,,,,,
35,VISIT,3510,Random,OnArrival,5,34,14507,Node_225,22,0,0,22,0,,,,,,,,,
35,VISIT,3511,Random,OnArrival,5,34,14507,Node_230,22,0,-4,22,-4,,,,,,,,,
35,VISIT,3505,Random,OnArrival,5,57,14513,Node_479,20,0,-5,20,-5,,,,,,,,,
35,VISIT,3508,Random,OnArrival,5,47,14513,Node_162,19,0,-4,19,-4,,,,,,,,,
35,VISIT,3509,Random,OnArrival,5,34,14525,Node_405,-3,0,14,-3,14,,,,,,,,,
35,VISIT,3510,Random,OnArrival,5,35,14525,Node_153,23,0,0,23,0,,,,,,,,,
35,VISIT,3505,Random,OnArrival,5,58,14531,Node_163,19,0,-5,19,-5,,,,,,,,,
35,VISIT,3508,Random,OnArrival,5,48,14531,Node_165,18,0,-4,18,-4,,,,,,,,,
35,VISIT,3513,Random,OnArrival,5,0,14533,Node_6,19,0,12,19,12,,,,,,,,,
35,VISIT,3514,Random,OnArrival,5,0,14533,Node_7,19,0,8,19,8,,,,,,,,,
35,VISIT,3515,Random,OnArrival,5,0,14533,Node_8,17,0,10,17,10,,,,,,,,,
35,VISIT,3516,Random,OnArrival,5,0,14533,Node_9,21,0,10,21,10,,,,,,,,,
35,VISIT,3510,Random,OnArrival,5,36,14537,Node_151,23,0,1,23,1,,,,,,,,,
35,VISIT,3511,Random,OnArrival,5,35,14537,Node_485,21,0,-5,21,-5,,,,,,,,,
35,VISIT,3505,Random,OnArrival,5,59,14541,Node_164,18,0,-5,18,-5,,,,,,,,,
35,VISIT,3508,Random,OnArrival,5,49,14541,Node_480,17,0,-4,17,-4,,,,,,,,,
35,VISIT,3513,Random,OnArrival,5,1,14543,Node_2,19,0,11,19,11,,,,,,,,,
35,VISIT,3514,Random,OnArrival,5,1,14543,Node_11,18,0,8,18,8,,,,,,,,,
35,VISIT,3515,Random,OnArrival,5,1,14543,Node_23,17,0,9,17,9,,,,,,,,,
35,VISIT,3516,Random,OnArrival,5,1,14543,Node_5,20,0,10,20,10,,,,,,,,,
35,VISIT,3510,Random,OnArrival,5,37,14548,Node_150,23,0,2,23,2,,,,,,,,,
35,VISIT,3511,Random,OnArrival,5,36,14548,Node_488,21,0,-4,21,-4,,,,,,,,,
35,VISIT,3505,Random,OnArrival,5,60,14552,Node_477,17,0,-5,17,-5,,,,,,,,,
35,VISIT,3508,Random,OnArrival,5,50,14552,Node_477,17,0,-5,17,-5,,,,,,,,,
35,VISIT,3513,Random,OnArrival,5,2,14554,Node_20,19,0,10,19,10,,,,,,,,,
35,VISIT,3514,Random,OnArrival,5,2,14554,Node_33,17,0,8,17,8,,,,,,,,,
35,VISIT,3515,Random,OnArrival,5,2,14554,Node_33,17,0,8,17,8,,,,,,,,,
35,VISIT,3516,Random,OnArrival,5,2,14554,Node_50,20,0,9,20,9,,,,,,,,,
35,VISIT,3510,Random,OnArrival,5,38,14558,Node_218,24,0,2,24,2,,,,,,,,,
35,VISIT,3511,Random,OnArrival,5,37,14558,Node_230,22,0,-4,22,-4,,,,,,,,,
35,VISIT,3513,Random,OnArrival,5,3,14565,Node_4,18,0,10,18,10,,,,,,,,,
35,VISIT,3514,Random,OnArrival,5,3,14565,Node_36,17,0,7,17,7,,,,,,,,,
35,VISIT,3515,Random,OnArrival,5,3,14565,Node_36,17,0,7,17,7,,,,,,,,,
35,VISIT,3516,Random,OnArrival,5,3,14565,Node_47,20,0,8,20,8,,,,,,,,,
35,VISIT,3510,Random,OnArrival,5,39,14569,Node_240,25,0,2,25,2,,,,,,,,,
35,VISIT,3511,Random,OnArrival,5,38,14569,Node_161,22,0,-3,22,-3,,,,,,,,,
35,VISIT,3505,Random,OnArrival,5,61,14571,Node_307,15,0,-5,15,-5,,,,,,,,,
35,VISIT,3508,Random,OnArrival,5,51,14571,Node_307,15,0,-5,15,-5,,,,,,,,,
35,VISIT,3513,Random,OnArrival,5,4,14575,Node_8,17,0,10,17,10,,,,,,,,,
35,VISIT,3514,Random,OnArrival,5,4,14575,Node_38,16,0,7,16,7,,,,,,,,,
35,VISIT,3515,Random,OnArrival,5,4,14575,Node_38,16,0,7,16,7,,,,,,,,,
35,VISIT,3516,Random,OnArrival,5,4,14575,Node_7,19,0,8,19,8,,,,,,,,,
35,VISIT,3511,Random,OnArrival,5,39,14579,Node_159,23,0,-3,23,-3,,,,,,,,,
35,VISIT,3505,Random,OnArrival,5,62,14580,Node_305,14,0,-5,14,-5,,,,,,,,,
35,VISIT,3508,Random,OnArrival,5,52,14580,Node_305,14,0,-5,14,-5,,,,,,,,,
35,VISIT,3513,Random,OnArrival,5,5,14584,Node_23,17,0,9,17,9,,,,,,,,,
35,VISIT,3514,Random,OnArrival,5,5,14584,Node_141,16,0,6,16,6,,,,,,,,,
35,VISIT,3515,Random,OnArrival,5,5,14584,Node_141,16,0,6,16,6,,,,,,,,,
35,VISIT,3516,Random,OnArrival,5,5,14584,Node_11,18,0,8,18,8,,,,,,,,,
35,VISIT,3510,Random,OnArrival,5,40,14588,Node_242,27,0,2,27,2,,,,,,,,,
35,VISIT,3505,Random,OnArrival,5,63,14589,Node_303,14,0,-4,14,-4,,,,,,,,,
35,VISIT,3508,Random,OnArrival,5,53,14589,Node_303,14,0,-4,14,-4,,,,,,,,,
35,VISIT,3513,Random,OnArrival,5,6,14593,Node_33,17,0,8,17,8,,,,,,,,,
35,VISIT,3514,Random,OnArrival,5,6,14593,Node_142,15,0,6,15,6,,,,,,,,,
35,VISIT,3515,Random,OnArrival,5,6,14593,Node_142,15,0,6,15,6,,,,,,,,,
35,VISIT,3516,Random,OnArrival,5,6,14593,Node_33,17,0,8,17,8,,,,,,,,,
35,VISIT,3505,Random,OnArrival,5,64,14598,Node_301,14,0,-3,14,-3,,,,,,,,,
35,VISIT,3508,Random,OnArrival,5,54,14598,Node_301,14,0,-3,14,-3,,,,,,,,,
35,VISIT,3513,Random,OnArrival,5,7,14602,Node_36,17,0,7,17,7,,,,,,,,,
35,VISIT,3514,Random,OnArrival,5,7,14602,Node_170,14,0,6,14,6,,,,,,,,,
35,VISIT,3515,Random,OnArrival,5,7,14602,Node_170,14,0,6,14,6,,,,,,,,,
35,VISIT,3516,Random,OnArrival,5,7,14602,Node_36,17,0,7,17,7,,,,,,,,,
35,VISIT,3511,Random,OnArrival,5,40,14606,Node_157,23,0,-2,23,-2,,,,,,,,,
35,VISIT,3513,Random,OnArrival,5,8,14613,Node_38,16,0,7,16,7,,,,,,,,,
35,VISIT,3514,Random,OnArrival,5,8,14613,Node_97,13,0,6,13,6,,,,,,,,,
35,VISIT,3515,Random,OnArrival,5,8,14613,Node_97,13,0,6,13,6,,,,,,,,,
35,VISIT,3516,Random,OnArrival,5,8,14613,Node_38,16,0,7,16,7,,,,,,,,,
35,VISIT,3511,Random,OnArrival,5,41,14617,Node_228,22,0,-2,22,-2,,,,,,,,,
35,VISIT,3505,Random,OnArrival,5,65,14618,Node_474,12,0,-3,12,-3,,,,,,,,,
35,VISIT,3508,Random,OnArrival,5,55,14618,Node_474,12,0,-3,12,-3,,,,,,,,,
35,VISIT,3513,Random,OnArrival,5,9,14622,Node_141,16,0,6,16,6,,,,,,,,,
35,VISIT,3514,Random,OnArrival,5,9,14622,Node_100,13,0,5,13,5,,,,,,,,,
35,VISIT,3515,Random,OnArrival,5,9,14622,Node_100,13,0,5,13,5,,,,,,,,,
35,VISIT,3516,Random,OnArrival,5,9,14622,Node_141,16,0,6,16,6,,,,,,,,,
35,VISIT,3511,Random,OnArrival,5,42,14627,Node_157,23,0,-2,23,-2,,,,,,,,,
35,VISIT,3505,Random,OnArrival,5,66,14628,Node_473,12,0,-4,12,-4,,,,,,,,,
35,VISIT,3508,Random,OnArrival,5,56,14628,Node_473,12,0,-4,12,-4,,,,,,,,,
35,VISIT,3513,Random,OnArrival,5,10,14632,Node_142,15,0,6,15,6,,,,,,,,,
35,VISIT,3514,Random,OnArrival,5,10,14632,Node_103,12,0,5,12,5,,,,,,,,,
35,VISIT,3515,Random,OnArrival,5,10,14632,Node_103,12,0,5,12,5,,,,,,,,,
35,VISIT,3516,Random,OnArrival,5,10,14632,Node_142,15,0,6,15,6,,,,,,,,,
35,VISIT,3510,Random,OnArrival,5,41,14636,Node_234,27,0,5,27,5,,,,,,,,,
35,VISIT,3511,Random,OnArrival,5,43,14636,Node_155,23,0,-1,23,-1,,,,,,,,,
35,VISIT,3505,Random,OnArrival,5,67,14637,Node_195,11,0,-4,11,-4,,,,,,,,,
35,VISIT,3508,Random,OnArrival,5,57,14637,Node_195,11,0,-4,11,-4,,,,,,,,,
35,VISIT,3513,Random,OnArrival,5,11,14641,Node_170,14,0,6,14,6,,,,,,,,,
35,VISIT,3514,Random,OnArrival,5,11,14641,Node_179,11,0,5,11,5,,,,,,,,,
35,VISIT,3515,Random,OnArrival,5,11,14641,Node_179,11,0,5,11,5,,,,,,,,,
35,VISIT,3516,Random,OnArrival,5,11,14641,Node_170,14,0,6,14,6,,,,,,,,,
35,VISIT,3510,Random,OnArrival,5,42,14646,Node_505,28,0,5,28,5,,,,,,,,,
35,VISIT,3511,Random,OnArrival,5,44,14646,Node_227,22,0,-1,22,-1,,,,,,,,,
35,VISIT,3505,Random,OnArrival,5,68,14647,Node_197,11,0,-5,11,-5,,,,,,,,,
35,VISIT,3508,Random,OnArrival,5,58,14647,Node_197,11,0,-5,11,-5,,,,,,,,,
35,VISIT,3513,Random,OnArrival,5,12,14651,Node_97,13,0,6,13,6,,,,,,,,,
35,VISIT,3514,Random,OnArrival,5,12,14651,Node_219,10,0,5,10,5,,,,,,,,,
35,VISIT,3515,Random,OnArrival,5,12,14651,Node_219,10,0,5,10,5,,,,,,,,,
35,VISIT,3516,Random,OnArrival,5,12,14651,Node_97,13,0,6,13,6,,,,,,,,,
35,VISIT,3511,Random,OnArrival,5,45,14657,Node_228,22,0,-2,22,-2,,,,,,,,,
35,VISIT,3505,Random,OnArrival,5,69,14658,Node_199,10,0,-5,10,-5,,,,,,,,,
35,VISIT,3508,Random,OnArrival,5,59,14658,Node_199,10,0,-5,10,-5,,,,,,,,,
35,VISIT,3513,Random,OnArrival,5,13,14662,Node_100,13,0,5,13,5,,,,,,,,,
35,VISIT,3514,Random,OnArrival,5,13,14662,Node_254,9,0,5,9,5,,,,,,,,,
35,VISIT,3515,Random,OnArrival,5,13,14662,Node_254,9,0,5,9,5,,,,,,,,,
35,VISIT,3516,Random,OnArrival,5,13,14662,Node_100,13,0,5,13,5,,,,,,,,,
35,VISIT,3511,Random,OnArrival,5,46,14668,Node_157,23,0,-2,23,-2,,,,,,,,,
35,VISIT,3513,Random,OnArrival,5,14,14674,Node_103,12,0,5,12,5,,,,,,,,,
35,VISIT,3514,Random,OnArrival,5,14,14674,Node_280,8,0,5,8,5,,,,,,,,,
35,VISIT,3515,Random,OnArrival,5,14,14674,Node_280,8,0,5,8,5,,,,,,,,,
35,VISIT,3516,Random,OnArrival,5,14,14674,Node_103,12,0,5,12,5,,,,,,,,,
35,VISIT,3511,Random,OnArrival,5,47,14680,Node_503,24,0,-2,24,-2,,,,,,,,,
35,VISIT,3505,Random,OnArrival,5,70,14681,Node_461,8,0,-5,8,-5,,,,,,,,,
35,VISIT,3508,Random,OnArrival,5,60,14681,Node_461,8,0,-5,8,-5,,,,,,,,,
35,VISIT,3513,Random,OnArrival,5,15,14685,Node_179,11,0,5,11,5,,,,,,,,,
35,VISIT,3516,Random,OnArrival,5,15,14685,Node_179,11,0,5,11,5,,,,,,,,,
35,VISIT,3513,Random,OnArrival,5,16,14700,Node_219,10,0,5,10,5,,,,,,,,,
35,VISIT,3516,Random,OnArrival,5,16,14700,Node_219,10,0,5,10,5,,,,,,,,,
35,VISIT,3513,Random,OnArrival,5,17,14715,Node_254,9,0,5,9,5,,,,,,,,,
35,VISIT,3514,Random,OnArrival,5,15,14715,Node_277,8,0,2,8,2,,,,,,,,,
35,VISIT,3515,Random,OnArrival,5,15,14715,Node_277,8,0,2,8,2,,,,,,,,,
35,VISIT,3516,Random,OnArrival,5,17,14715,Node_254,9,0,5,9,5,,,,,,,,,
35,VISIT,3505,Random,OnArrival,5,71,14723,Node_455,5,0,-5,5,-5,,,,,,,,,
35,VISIT,3508,Random,OnArrival,5,61,14723,Node_455,5,0,-5,5,-5,,,,,,,,,
35,VISIT,3513,Random,OnArrival,5,18,14728,Node_280,8,0,5,8,5,,,,,,,,,
35,VISIT,3516,Random,OnArrival,5,18,14728,Node_280,8,0,5,8,5,,,,,,,,,
35,VISIT,3511,Random,OnArrival,5,48,14737,Node_245,27,0,-1,27,-1,,,,,,,,,
35,VISIT,3514,Random,OnArrival,5,16,14744,Node_281,6,0,2,6,2,,,,,,,,,
35,VISIT,3515,Random,OnArrival,5,16,14744,Node_281,6,0,2,6,2,,,,,,,,,
35,VISIT,3513,Random,OnArrival,5,19,14778,Node_277,8,0,2,8,2,,,,,,,,,
35,VISIT,3514,Random,OnArrival,5,17,14778,Node_367,6,0,0,6,0,,,,,,,,,
35,VISIT,3515,Random,OnArrival,5,17,14778,Node_367,6,0,0,6,0,,,,,,,,,
35,VISIT,3516,Random,OnArrival,5,19,14778,Node_277,8,0,2,8,2,,,,,,,,,
35,VISIT,3505,Random,OnArrival,5,72,14786,Node_409,1,0,-5,1,-5,,,,,,,,,
35,VISIT,3508,Random,OnArrival,5,62,14786,Node_409,1,0,-5,1,-5,,,,,,,,,
35,VISIT,3513,Random,OnArrival,5,20,14809,Node_281,6,0,2,6,2,,,,,,,,,
35,VISIT,3516,Random,OnArrival,5,20,14809,Node_281,6,0,2,6,2,,,,,,,,,
35,VISIT,3514,Random,OnArrival,5,18,14825,Node_371,3,0,0,3,0,,,,,,,,,
35,VISIT,3515,Random,OnArrival,5,18,14825,Node_371,3,0,0,3,0,,,,,,,,,
35,VISIT,3505,Random,OnArrival,5,73,14837,Node_412,-2,0,-5,-2,-5,,,,,,,,,
35,VISIT,3508,Random,OnArrival,5,63,14837,Node_412,-2,0,-5,-2,-5,,,,,,,,,
35,VISIT,3513,Random,OnArrival,5,21,14842,Node_367,6,0,0,6,0,,,,,,,,,
35,VISIT,3516,Random,OnArrival,5,21,14842,Node_367,6,0,0,6,0,,,,,,,,,
35,VISIT,3505,Random,OnArrival,5,74,14872,Node_413,-2,0,-3,-2,-3,,,,,,,,,
35,VISIT,3508,Random,OnArrival,5,64,14872,Node_413,-2,0,-3,-2,-3,,,,,,,,,
35,VISIT,3514,Random,OnArrival,5,19,14877,Node_408,0,0,0,0,0,,,,,,,,,
35,VISIT,3515,Random,OnArrival,5,19,14877,Node_408,0,0,0,0,0,,,,,,,,,
35,VISIT,3505,Random,OnArrival,5,75,14889,Node_414,-3,0,-3,-3,-3,,,,,,,,,
35,VISIT,3508,Random,OnArrival,5,65,14889,Node_414,-3,0,-3,-3,-3,,,,,,,,,
35,VISIT,3513,Random,OnArrival,5,22,14895,Node_371,3,0,0,3,0,,,,,,,,,
35,VISIT,3514,Random,OnArrival,5,20,14895,Node_410,0,0,1,0,1,,,,,,,,,
35,VISIT,3515,Random,OnArrival,5,20,14895,Node_410,0,0,1,0,1,,,,,,,,,
35,VISIT,3516,Random,OnArrival,5,22,14895,Node_371,3,0,0,3,0,,,,,,,,,
35,VISIT,3514,Random,OnArrival,5,21,14910,Node_411,-1,0,1,-1,1,,,,,,,,,
35,VISIT,3515,Random,OnArrival,5,21,14910,Node_411,-1,0,1,-1,1,,,,,,,,,
35,VISIT,3505,Random,OnArrival,5,76,14922,Node_425,-5,0,-3,-5,-3,,,,,,,,,
35,VISIT,3508,Random,OnArrival,5,66,14922,Node_425,-5,0,-3,-5,-3,,,,,,,,,
35,VISIT,3505,Random,OnArrival,5,77,14941,Node_429,-6,0,-3,-6,-3,,,,,,,,,
35,VISIT,3508,Random,OnArrival,5,67,14941,Node_429,-6,0,-3,-6,-3,,,,,,,,,
35,VISIT,3513,Random,OnArrival,5,23,14946,Node_408,0,0,0,0,0,,,,,,,,,
35,VISIT,3514,Random,OnArrival,5,22,14946,Node_416,-3,0,1,-3,1,,,,,,,,,
35,VISIT,3515,Random,OnArrival,5,22,14946,Node_416,-3,0,1,-3,1,,,,,,,,,
35,VISIT,3516,Random,OnArrival,5,23,14946,Node_408,0,0,0,0,0,,,,,,,,,
35,VISIT,3513,Random,OnArrival,5,24,14964,Node_410,0,0,1,0,1,,,,,,,,,
35,VISIT,3514,Random,OnArrival,5,23,14964,Node_417,-3,0,2,-3,2,,,,,,,,,
35,VISIT,3515,Random,OnArrival,5,23,14964,Node_417,-3,0,2,-3,2,,,,,,,,,
35,VISIT,3516,Random,OnArrival,5,24,14964,Node_410,0,0,1,0,1,,,,,,,,,
35,VISIT,3513,Random,OnArrival,5,25,14982,Node_411,-1,0,1,-1,1,,,,,,,,,
35,VISIT,3516,Random,OnArrival,5,25,14982,Node_411,-1,0,1,-1,1,,,,,,,,,
35,VISIT,3513,Random,OnArrival,5,26,15016,Node_391,-1,0,3,-1,3,,,,,,,,,
35,VISIT,3514,Random,OnArrival,5,24,15016,Node_419,-6,0,2,-6,2,,,,,,,,,
35,VISIT,3515,Random,OnArrival,5,24,15016,Node_419,-6,0,2,-6,2,,,,,,,,,
35,VISIT,3516,Random,OnArrival,5,26,15016,Node_416,-3,0,1,-3,1,,,,,,,,,
35,VISIT,3513,Random,OnArrival,5,27,15034,Node_393,-1,0,4,-1,4,,,,,,,,,
35,VISIT,3514,Random,OnArrival,5,25,15034,Node_439,-7,0,2,-7,2,,,,,,,,,
35,VISIT,3515,Random,OnArrival,5,25,15034,Node_439,-7,0,2,-7,2,,,,,,,,,
35,VISIT,3516,Random,OnArrival,5,27,15034,Node_417,-3,0,2,-3,2,,,,,,,,,
35,VISIT,3513,Random,OnArrival,5,28,15053,Node_394,-2,0,4,-2,4,,,,,,,,,
35,VISIT,3513,Random,OnArrival,5,29,15090,Node_395,-2,0,6,-2,6,,,,,,,,,
35,VISIT,3514,Random,OnArrival,5,26,15090,Node_438,-10,0,2,-10,2,,,,,,,,,
35,VISIT,3515,Random,OnArrival,5,26,15090,Node_438,-10,0,2,-10,2,,,,,,,,,
35,VISIT,3516,Random,OnArrival,5,28,15090,Node_419,-6,0,2,-6,2,,,,,,,,,
35,VISIT,3513,Random,OnArrival,5,30,15108,Node_475,-1,0,6,-1,6,,,,,,,,,
35,VISIT,3516,Random,OnArrival,5,29,15108,Node_439,-7,0,2,-7,2,,,,,,,,,
35,VISIT,3505,Random,OnArrival,5,78,15120,Node_437,-10,0,-1,-10,-1,,,,,,,,,
35,VISIT,3508,Random,OnArrival,5,68,15120,Node_437,-10,0,-1,-10,-1,,,,,,,,,
35,VISIT,3513,Random,OnArrival,5,31,15126,Node_476,-1,0,7,-1,7,,,,,,,,,
35,VISIT,3517,Random,OnArrival,5,0,15143,Node_6,19,0,12,19,12,,,,,,,,,
35,VISIT,3518,Random,OnArrival,5,0,15143,Node_7,19,0,8,19,8,,,,,,,,,
35,VISIT,3519,Random,OnArrival,5,0,15143,Node_8,17,0,10,17,10,,,,,,,,,
35,VISIT,3520,Random,OnArrival,5,0,15143,Node_9,21,0,10,21,10,,,,,,,,,
35,VISIT,3513,Random,OnArrival,5,32,15144,Node_398,-1,0,8,-1,8,,,,,,,,,
35,VISIT,3516,Random,OnArrival,5,30,15144,Node_422,-7,0,4,-7,4,,,,,,,,,
35,VISIT,3517,Random,OnArrival,5,1,15153,Node_2,19,0,11,19,11,,,,,,,,,
35,VISIT,3518,Random,OnArrival,5,1,15153,Node_11,18,0,8,18,8,,,,,,,,,
35,VISIT,3519,Random,OnArrival,5,1,15153,Node_23,17,0,9,17,9,,,,,,,,,
35,VISIT,3520,Random,OnArrival,5,1,15153,Node_5,20,0,10,20,10,,,,,,,,,
35,VISIT,3513,Random,OnArrival,5,33,15157,Node_399,-1,0,9,-1,9,,,,,,,,,
35,VISIT,3514,Random,OnArrival,5,27,15157,Node_438,-10,0,2,-10,2,,,,,,,,,
35,VISIT,3515,Random,OnArrival,5,27,15157,Node_438,-10,0,2,-10,2,,,,,,,,,
35,VISIT,3505,Random,OnArrival,5,79,15158,Node_438,-10,0,2,-10,2,,,,,,,,,
35,VISIT,3508,Random,OnArrival,5,69,15158,Node_438,-10,0,2,-10,2,,,,,,,,,
35,VISIT,3517,Random,OnArrival,5,2,15162,Node_20,19,0,10,19,10,,,,,,,,,
35,VISIT,3518,Random,OnArrival,5,2,15162,Node_33,17,0,8,17,8,,,,,,,,,
35,VISIT,3519,Random,OnArrival,5,2,15162,Node_33,17,0,8,17,8,,,,,,,,,
35,VISIT,3520,Random,OnArrival,5,2,15162,Node_50,20,0,9,20,9,,,,,,,,,
35,VISIT,3513,Random,OnArrival,5,34,15166,Node_400,-1,0,10,-1,10,,,,,,,,,
35,VISIT,3517,Random,OnArrival,5,3,15173,Node_4,18,0,10,18,10,,,,,,,,,
35,VISIT,3518,Random,OnArrival,5,3,15173,Node_36,17,0,7,17,7,,,,,,,,,
35,VISIT,3519,Random,OnArrival,5,3,15173,Node_36,17,0,7,17,7,,,,,,,,,
35,VISIT,3520,Random,OnArrival,5,3,15173,Node_47,20,0,8,20,8,,,,,,,,,
35,VISIT,3513,Random,OnArrival,5,35,15177,Node_401,-2,0,10,-2,10,,,,,,,,,
35,VISIT,3517,Random,OnArrival,5,4,15184,Node_8,17,0,10,17,10,,,,,,,,,
35,VISIT,3518,Random,OnArrival,5,4,15184,Node_38,16,0,7,16,7,,,,,,,,,
35,VISIT,3519,Random,OnArrival,5,4,15184,Node_38,16,0,7,16,7,,,,,,,,,
35,VISIT,3520,Random,OnArrival,5,4,15184,Node_7,19,0,8,19,8,,,,,,,,,
35,VISIT,3505,Random,OnArrival,5,80,15188,Node_439,-7,0,2,-7,2,,,,,,,,,
35,VISIT,3508,Random,OnArrival,5,70,15188,Node_439,-7,0,2,-7,2,,,,,,,,,
35,VISIT,3513,Random,OnArrival,5,36,15188,Node_483,-3,0,10,-3,10,,,,,,,,,
35,VISIT,3514,Random,OnArrival,5,28,15188,Node_439,-7,0,2,-7,2,,,,,,,,,
35,VISIT,3515,Random,OnArrival,5,28,15188,Node_437,-10,0,-1,-10,-1,,,,,,,,,
35,VISIT,3516,Random,OnArrival,5,31,15188,Node_415,-3,0,4,-3,4,,,,,,,,,
35,VISIT,3517,Random,OnArrival,5,5,15195,Node_23,17,0,9,17,9,,,,,,,,,
35,VISIT,3518,Random,OnArrival,5,5,15195,Node_141,16,0,6,16,6,,,,,,,,,
35,VISIT,3519,Random,OnArrival,5,5,15195,Node_141,16,0,6,16,6,,,,,,,,,
35,VISIT,3520,Random,OnArrival,5,5,15195,Node_11,18,0,8,18,8,,,,,,,,,
35,VISIT,3513,Random,OnArrival,5,37,15199,Node_487,-4,0,10,-4,10,,,,,,,,,
35,VISIT,3516,Random,OnArrival,5,32,15199,Node_394,-2,0,4,-2,4,,,,,,,,,
35,VISIT,3517,Random,OnArrival,5,6,15206,Node_33,17,0,8,17,8,,,,,,,,,
35,VISIT,3518,Random,OnArrival,5,6,15206,Node_142,15,0,6,15,6,,,,,,,,,
35,VISIT,3519,Random,OnArrival,5,6,15206,Node_142,15,0,6,15,6,,,,,,,,,
35,VISIT,3520,Random,OnArrival,5,6,15206,Node_33,17,0,8,17,8,,,,,,,,,
35,VISIT,3505,Random,OnArrival,5,81,15210,Node_422,-7,0,4,-7,4,,,,,,,,,
35,VISIT,3508,Random,OnArrival,5,71,15210,Node_422,-7,0,4,-7,4,,,,,,,,,
35,VISIT,3513,Random,OnArrival,5,38,15210,Node_492,-5,0,10,-5,10,,,,,,,,,
35,VISIT,3514,Random,OnArrival,5,29,15210,Node_422,-7,0,4,-7,4,,,,,,,,,
35,VISIT,3515,Random,OnArrival,5,29,15210,Node_436,-8,0,-1,-8,-1,,,,,,,,,
35,VISIT,3517,Random,OnArrival,5,7,15217,Node_36,17,0,7,17,7,,,,,,,,,
35,VISIT,3518,Random,OnArrival,5,7,15217,Node_170,14,0,6,14,6,,,,,,,,,
35,VISIT,3519,Random,OnArrival,5,7,15217,Node_170,14,0,6,14,6,,,,,,,,,
35,VISIT,3520,Random,OnArrival,5,7,15217,Node_36,17,0,7,17,7,,,,,,,,,
35,VISIT,3505,Random,OnArrival,5,82,15221,Node_424,-7,0,5,-7,5,,,,,,,,,
35,VISIT,3508,Random,OnArrival,5,72,15221,Node_424,-7,0,5,-7,5,,,,,,,,,
35,VISIT,3514,Random,OnArrival,5,30,15221,Node_424,-7,0,5,-7,5,,,,,,,,,
35,VISIT,3515,Random,OnArrival,5,30,15221,Node_427,-7,0,-1,-7,-1,,,,,,,,,
35,VISIT,3516,Random,OnArrival,5,33,15221,Node_395,-2,0,6,-2,6,,,,,,,,,
35,VISIT,3517,Random,OnArrival,5,8,15228,Node_38,16,0,7,16,7,,,,,,,,,
35,VISIT,3518,Random,OnArrival,5,8,15228,Node_97,13,0,6,13,6,,,,,,,,,
35,VISIT,3519,Random,OnArrival,5,8,15228,Node_97,13,0,6,13,6,,,,,,,,,
35,VISIT,3520,Random,OnArrival,5,8,15228,Node_38,16,0,7,16,7,,,,,,,,,
35,VISIT,3505,Random,OnArrival,5,83,15232,Node_428,-7,0,6,-7,6,,,,,,,,,
35,VISIT,3508,Random,OnArrival,5,73,15232,Node_428,-7,0,6,-7,6,,,,,,,,,
35,VISIT,3514,Random,OnArrival,5,31,15232,Node_428,-7,0,6,-7,6,,,,,,,,,
35,VISIT,3515,Random,OnArrival,5,31,15232,Node_431,-7,0,-2,-7,-2,,,,,,,,,
35,VISIT,3517,Random,OnArrival,5,9,15239,Node_141,16,0,6,16,6,,,,,,,,,
35,VISIT,3518,Random,OnArrival,5,9,15239,Node_106,12,0,6,12,6,,,,,,,,,
35,VISIT,3519,Random,OnArrival,5,9,15239,Node_106,12,0,6,12,6,,,,,,,,,
35,VISIT,3520,Random,OnArrival,5,9,15239,Node_141,16,0,6,16,6,,,,,,,,,
35,VISIT,3505,Random,OnArrival,5,84,15246,Node_448,-6,0,6,-6,6,,,,,,,,,
35,VISIT,3508,Random,OnArrival,5,74,15246,Node_448,-6,0,6,-6,6,,,,,,,,,
35,VISIT,3514,Random,OnArrival,5,32,15246,Node_448,-6,0,6,-6,6,,,,,,,,,
35,VISIT,3515,Random,OnArrival,5,32,15246,Node_434,-8,0,-2,-8,-2,,,,,,,,,
35,VISIT,3516,Random,OnArrival,5,34,15246,Node_478,-4,0,6,-4,6,,,,,,,,,
35,VISIT,3517,Random,OnArrival,5,10,15253,Node_142,15,0,6,15,6,,,,,,,,,
35,VISIT,3518,Random,OnArrival,5,10,15253,Node_109,12,0,7,12,7,,,,,,,,,
35,VISIT,3519,Random,OnArrival,5,10,15253,Node_109,12,0,7,12,7,,,,,,,,,
35,VISIT,3520,Random,OnArrival,5,10,15253,Node_142,15,0,6,15,6,,,,,,,,,
35,VISIT,3517,Random,OnArrival,5,11,15266,Node_170,14,0,6,14,6,,,,,,,,,
35,VISIT,3518,Random,OnArrival,5,11,15266,Node_178,12,0,8,12,8,,,,,,,,,
35,VISIT,3519,Random,OnArrival,5,11,15266,Node_178,12,0,8,12,8,,,,,,,,,
35,VISIT,3520,Random,OnArrival,5,11,15266,Node_170,14,0,6,14,6,,,,,,,,,
35,VISIT,3515,Random,OnArrival,5,33,15273,Node_434,-8,0,-2,-8,-2,,,,,,,,,
35,VISIT,3517,Random,OnArrival,5,12,15280,Node_97,13,0,6,13,6,,,,,,,,,
35,VISIT,3518,Random,OnArrival,5,12,15280,Node_175,12,0,9,12,9,,,,,,,,,
35,VISIT,3519,Random,OnArrival,5,12,15280,Node_175,12,0,9,12,9,,,,,,,,,
35,VISIT,3520,Random,OnArrival,5,12,15280,Node_97,13,0,6,13,6,,,,,,,,,
35,VISIT,3505,Random,OnArrival,5,85,15286,Node_496,-5,0,8,-5,8,,,,,,,,,
35,VISIT,3508,Random,OnArrival,5,75,15286,Node_496,-5,0,8,-5,8,,,,,,,,,
35,VISIT,3514,Random,OnArrival,5,33,15286,Node_496,-5,0,8,-5,8,,,,,,,,,
35,VISIT,3515,Random,OnArrival,5,34,15286,Node_436,-8,0,-1,-8,-1,,,,,,,,,
35,VISIT,3516,Random,OnArrival,5,35,15286,Node_496,-5,0,8,-5,8,,,,,,,,,
35,VISIT,3517,Random,OnArrival,5,13,15294,Node_106,12,0,6,12,6,,,,,,,,,
35,VISIT,3518,Random,OnArrival,5,13,15294,Node_192,11,0,9,11,9,,,,,,,,,
35,VISIT,3519,Random,OnArrival,5,13,15294,Node_192,11,0,9,11,9,,,,,,,,,
35,VISIT,3520,Random,OnArrival,5,13,15294,Node_106,12,0,6,12,6,,,,,,,,,
35,VISIT,3505,Random,OnArrival,5,86,15303,Node_482,-4,0,8,-4,8,,,,,,,,,
35,VISIT,3508,Random,OnArrival,5,76,15303,Node_482,-4,0,8,-4,8,,,,,,,,,
35,VISIT,3514,Random,OnArrival,5,34,15303,Node_482,-4,0,8,-4,8,,,,,,,,,
35,VISIT,3516,Random,OnArrival,5,36,15303,Node_482,-4,0,8,-4,8,,,,,,,,,
35,VISIT,3517,Random,OnArrival,5,14,15311,Node_109,12,0,7,12,7,,,,,,,,,
35,VISIT,3518,Random,OnArrival,5,14,15311,Node_194,10,0,9,10,9,,,,,,,,,
35,VISIT,3519,Random,OnArrival,5,14,15311,Node_194,10,0,9,10,9,,,,,,,,,
35,VISIT,3520,Random,OnArrival,5,14,15311,Node_109,12,0,7,12,7,,,,,,,,,
35,VISIT,3505,Random,OnArrival,5,87,15320,Node_484,-4,0,9,-4,9,,,,,,,,,
35,VISIT,3508,Random,OnArrival,5,77,15320,Node_484,-4,0,9,-4,9,,,,,,,,,
35,VISIT,3514,Random,OnArrival,5,35,15320,Node_496,-5,0,8,-5,8,,,,,,,,,
35,VISIT,3515,Random,OnArrival,5,35,15320,Node_437,-10,0,-1,-10,-1,,,,,,,,,
35,VISIT,3516,Random,OnArrival,5,37,15320,Node_484,-4,0,9,-4,9,,,,,,,,,
35,VISIT,3517,Random,OnArrival,5,15,15328,Node_178,12,0,8,12,8,,,,,,,,,
35,VISIT,3518,Random,OnArrival,5,15,15328,Node_196,10,0,10,10,10,,,,,,,,,
35,VISIT,3519,Random,OnArrival,5,15,15328,Node_196,10,0,10,10,10,,,,,,,,,
35,VISIT,3520,Random,OnArrival,5,15,15328,Node_178,12,0,8,12,8,,,,,,,,,
35,VISIT,3505,Random,OnArrival,5,88,15337,Node_494,-5,0,9,-5,9,,,,,,,,,
35,VISIT,3508,Random,OnArrival,5,78,15337,Node_494,-5,0,9,-5,9,,,,,,,,,
35,VISIT,3514,Random,OnArrival,5,36,15337,Node_494,-5,0,9,-5,9,,,,,,,,,
35,VISIT,3516,Random,OnArrival,5,38,15337,Node_494,-5,0,9,-5,9,,,,,,,,,
35,VISIT,3517,Random,OnArrival,5,16,15345,Node_175,12,0,9,12,9,,,,,,,,,
35,VISIT,3520,Random,OnArrival,5,16,15345,Node_175,12,0,9,12,9,,,,,,,,,
35,VISIT,3505,Random,OnArrival,5,89,15354,Node_492,-5,0,10,-5,10,,,,,,,,,
35,VISIT,3508,Random,OnArrival,5,79,15354,Node_492,-5,0,10,-5,10,,,,,,,,,
35,VISIT,3514,Random,OnArrival,5,37,15354,Node_492,-5,0,10,-5,10,,,,,,,,,
35,VISIT,3516,Random,OnArrival,5,39,15354,Node_492,-5,0,10,-5,10,,,,,,,,,
35,VISIT,3517,Random,OnArrival,5,17,15362,Node_192,11,0,9,11,9,,,,,,,,,
35,VISIT,3520,Random,OnArrival,5,17,15362,Node_192,11,0,9,11,9,,,,,,,,,
35,VISIT,3505,Random,OnArrival,5,90,15370,Node_487,-4,0,10,-4,10,,,,,,,,,
35,VISIT,3508,Random,OnArrival,5,80,15370,Node_521,-6,0,10,-6,10,,,,,,,,,
35,VISIT,3514,Random,OnArrival,5,38,15370,Node_521,-6,0,10,-6,10,,,,,,,,,
35,VISIT,3515,Random,OnArrival,5,36,15370,Node_438,-10,0,2,-10,2,,,,,,,,,
35,VISIT,3516,Random,OnArrival,5,40,15370,Node_521,-6,0,10,-6,10,,,,,,,,,
35,VISIT,3517,Random,OnArrival,5,18,15379,Node_194,10,0,9,10,9,,,,,,,,,
35,VISIT,3520,Random,OnArrival,5,18,15379,Node_194,10,0,9,10,9,,,,,,,,,
35,VISIT,3505,Random,OnArrival,5,91,15387,Node_483,-3,0,10,-3,10,,,,,,,,,
35,VISIT,3517,Random,OnArrival,5,19,15396,Node_196,10,0,10,10,10,,,,,,,,,
35,VISIT,3520,Random,OnArrival,5,19,15396,Node_196,10,0,10,10,10,,,,,,,,,
35,VISIT,3505,Random,OnArrival,5,92,15404,Node_401,-2,0,10,-2,10,,,,,,,,,
35,VISIT,3517,Random,OnArrival,5,20,15412,Node_198,10,0,11,10,11,,,,,,,,,
35,VISIT,3520,Random,OnArrival,5,20,15412,Node_198,10,0,11,10,11,,,,,,,,,
35,VISIT,3505,Random,OnArrival,5,93,15421,Node_402,-2,0,11,-2,11,,,,,,,,,
35,VISIT,3514,Random,OnArrival,5,39,15421,Node_534,-7,0,12,-7,12,,,,,,,,,
35,VISIT,3515,Random,OnArrival,5,37,15421,Node_439,-7,0,2,-7,2,,,,,,,,,
35,VISIT,3516,Random,OnArrival,5,41,15421,Node_534,-7,0,12,-7,12,,,,,,,,,
35,VISIT,3517,Random,OnArrival,5,21,15429,Node_535,9,0,11,9,11,,,,,,,,,
35,VISIT,3518,Random,OnArrival,5,16,15429,Node_236,9,0,15,9,15,,,,,,,,,
35,VISIT,3519,Random,OnArrival,5,16,15429,Node_236,9,0,15,9,15,,,,,,,,,
35,VISIT,3520,Random,OnArrival,5,21,15429,Node_535,9,0,11,9,11,,,,,,,,,
35,VISIT,3505,Random,OnArrival,5,94,15439,Node_486,-3,0,11,-3,11,,,,,,,,,
35,VISIT,3514,Random,OnArrival,5,40,15439,Node_523,-6,0,12,-6,12,,,,,,,,,
35,VISIT,3516,Random,OnArrival,5,42,15439,Node_523,-6,0,12,-6,12,,,,,,,,,
35,VISIT,3505,Random,OnArrival,5,95,15457,Node_489,-4,0,11,-4,11,,,,,,,,,
35,VISIT,3514,Random,OnArrival,5,41,15457,Node_525,-6,0,13,-6,13,,,,,,,,,
35,VISIT,3515,Random,OnArrival,5,38,15457,Node_422,-7,0,4,-7,4,,,,,,,,,
35,VISIT,3516,Random,OnArrival,5,43,15457,Node_534,-7,0,12,-7,12,,,,,,,,,
35,VISIT,3505,Random,OnArrival,5,96,15474,Node_487,-4,0,10,-4,10,,,,,,,,,
35,VISIT,3514,Random,OnArrival,5,42,15474,Node_532,-7,0,13,-7,13,,,,,,,,,
35,VISIT,3515,Random,OnArrival,5,39,15474,Node_424,-7,0,5,-7,5,,,,,,,,,
35,VISIT,3516,Random,OnArrival,5,44,15474,Node_532,-7,0,13,-7,13,,,,,,,,,
35,VISIT,3517,Random,OnArrival,5,22,15481,Node_536,9,0,12,9,12,,,,,,,,,
35,VISIT,3520,Random,OnArrival,5,22,15481,Node_536,9,0,12,9,12,,,,,,,,,
35,VISIT,3505,Random,OnArrival,5,97,15492,Node_492,-5,0,10,-5,10,,,,,,,,,
35,VISIT,3514,Random,OnArrival,5,43,15492,Node_534,-7,0,12,-7,12,,,,,,,,,
35,VISIT,3515,Random,OnArrival,5,40,15492,Node_428,-7,0,6,-7,6,,,,,,,,,
35,VISIT,3516,Random,OnArrival,5,45,15492,Node_531,-7,0,14,-7,14,,,,,,,,,
35,VISIT,3517,Random,OnArrival,5,23,15498,Node_200,10,0,12,10,12,,,,,,,,,
35,VISIT,3520,Random,OnArrival,5,23,15498,Node_200,10,0,12,10,12,,,,,,,,,
35,VISIT,3505,Random,OnArrival,5,98,15509,Node_521,-6,0,10,-6,10,,,,,,,,,
35,VISIT,3514,Random,OnArrival,5,44,15509,Node_539,-7,0,11,-7,11,,,,,,,,,
35,VISIT,3515,Random,OnArrival,5,41,15509,Node_432,-7,0,7,-7,7,,,,,,,,,
35,VISIT,3505,Random,OnArrival,5,99,15526,Node_522,-6,0,11,-6,11,,,,,,,,,
35,VISIT,3515,Random,OnArrival,5,42,15526,Node_451,-6,0,7,-6,7,,,,,,,,,
35,VISIT,3517,Random,OnArrival,5,24,15532,Node_233,10,0,14,10,14,,,,,,,,,
35,VISIT,3520,Random,OnArrival,5,24,15532,Node_233,10,0,14,10,14,,,,,,,,,
35,VISIT,3505,Random,OnArrival,5,100,15543,Node_539,-7,0,11,-7,11,,,,,,,,,
35,VISIT,3515,Random,OnArrival,5,43,15543,Node_527,-5,0,7,-5,7,,,,,,,,,
35,VISIT,3517,Random,OnArrival,5,25,15549,Node_540,9,0,14,9,14,,,,,,,,,
35,VISIT,3520,Random,OnArrival,5,25,15549,Node_540,9,0,14,9,14,,,,,,,,,
35,VISIT,3505,Random,OnArrival,5,101,15560,Node_534,-7,0,12,-7,12,,,,,,,,,
35,VISIT,3515,Random,OnArrival,5,44,15560,Node_481,-4,0,7,-4,7,,,,,,,,,
35,VISIT,3505,Random,OnArrival,5,102,15577,Node_532,-7,0,13,-7,13,,,,,,,,,
35,VISIT,3515,Random,OnArrival,5,45,15577,Node_527,-5,0,7,-5,7,,,,,,,,,
35,VISIT,3517,Random,OnArrival,5,26,15583,Node_542,8,0,15,8,15,,,,,,,,,
35,VISIT,3520,Random,OnArrival,5,26,15583,Node_542,8,0,15,8,15,,,,,,,,,
35,VISIT,3505,Random,OnArrival,5,103,15594,Node_531,-7,0,14,-7,14,,,,,,,,,
35,VISIT,3515,Random,OnArrival,5,46,15594,Node_451,-6,0,7,-6,7,,,,,,,,,
35,VISIT,3517,Random,OnArrival,5,27,15599,Node_544,8,0,16,8,16,,,,,,,,,
35,VISIT,3520,Random,OnArrival,5,27,15599,Node_236,9,0,15,9,15,,,,,,,,,
35,VISIT,3505,Random,OnArrival,5,104,15610,Node_528,-6,0,14,-6,14,,,,,,,,,
35,VISIT,3515,Random,OnArrival,5,47,15610,Node_432,-7,0,7,-7,7,,,,,,,,,
35,VISIT,3517,Random,OnArrival,5,28,15616,Node_237,9,0,16,9,16,,,,,,,,,
35,VISIT,3520,Random,OnArrival,5,28,15616,Node_540,9,0,14,9,14,,,,,,,,,
35,VISIT,3505,Random,OnArrival,5,105,15627,Node_531,-7,0,14,-7,14,,,,,,,,,
35,VISIT,3515,Random,OnArrival,5,48,15627,Node_435,-7,0,8,-7,8,,,,,,,,,
35,VISIT,3520,Random,OnArrival,5,29,15633,Node_538,9,0,13,9,13,,,,,,,,,
35,VISIT,3505,Random,OnArrival,5,106,15644,Node_547,-8,0,14,-8,14,,,,,,,,,
35,VISIT,3519,Random,OnArrival,5,17,15650,Node_384,5,0,16,5,16,,,,,,,,,
35,VISIT,3520,Random,OnArrival,5,30,15650,Node_548,10,0,13,10,13,,,,,,,,,
35,VISIT,3517,Random,OnArrival,5,29,15667,Node_546,8,0,18,8,18,,,,,,,,,
35,VISIT,3519,Random,OnArrival,5,18,15667,Node_469,4,0,16,4,16,,,,,,,,,
35,VISIT,3520,Random,OnArrival,5,31,15667,Node_233,10,0,14,10,14,,,,,,,,,
35,VISIT,3505,Random,OnArrival,5,107,15676,Node_554,-9,0,15,-9,15,,,,,,,,,
35,VISIT,3517,Random,OnArrival,5,30,15682,Node_549,7,0,18,7,18,,,,,,,,,
35,VISIT,3519,Random,OnArrival,5,19,15682,Node_384,5,0,16,5,16,,,,,,,,,
35,VISIT,3505,Random,OnArrival,5,108,15691,Node_574,-10,0,15,-10,15,,,,,,,,,
35,VISIT,3517,Random,OnArrival,5,31,15698,Node_565,6,0,18,6,18,,,,,,,,,
35,VISIT,3519,Random,OnArrival,5,20,15698,Node_386,5,0,17,5,17,,,,,,,,,
35,VISIT,3520,Random,OnArrival,5,32,15698,Node_71,12,0,14,12,14,,,,,,,,,
35,VISIT,3505,Random,OnArrival,5,109,15708,Node_554,-9,0,15,-9,15,,,,,,,,,
35,VISIT,3517,Random,OnArrival,5,32,15715,Node_389,5,0,18,5,18,,,,,,,,,
35,VISIT,3519,Random,OnArrival,5,21,15715,Node_470,4,0,17,4,17,,,,,,,,,
35,VISIT,3520,Random,OnArrival,5,33,15715,Node_72,12,0,15,12,15,,,,,,,,,
35,VISIT,3505,Random,OnArrival,5,110,15725,Node_557,-9,0,16,-9,16,,,,,,,,,
35,VISIT,3515,Random,OnArrival,5,49,15725,Node_563,-10,0,11,-10,11,,,,,,,,,
35,VISIT,3517,Random,OnArrival,5,33,15732,Node_386,5,0,17,5,17,,,,,,,,,
35,VISIT,3519,Random,OnArrival,5,22,15732,Node_386,5,0,17,5,17,,,,,,,,,
35,VISIT,3520,Random,OnArrival,5,34,15732,Node_45,13,0,15,13,15,,,,,,,,,
35,VISIT,3505,Random,OnArrival,5,111,15743,Node_576,-10,0,16,-10,16,,,,,,,,,
35,VISIT,3517,Random,OnArrival,5,34,15749,Node_567,6,0,17,6,17,,,,,,,,,
35,VISIT,3519,Random,OnArrival,5,23,15749,Node_567,6,0,17,6,17,,,,,,,,,
35,VISIT,3505,Random,OnArrival,5,112,15760,Node_574,-10,0,15,-10,15,,,,,,,,,
35,VISIT,3517,Random,OnArrival,5,35,15766,Node_386,5,0,17,5,17,,,,,,,,,
35,VISIT,3519,Random,OnArrival,5,24,15766,Node_565,6,0,18,6,18,,,,,,,,,
35,VISIT,3505,Random,OnArrival,5,113,15777,Node_554,-9,0,15,-9,15,,,,,,,,,
35,VISIT,3515,Random,OnArrival,5,50,15777,Node_570,-10,0,14,-10,14,,,,,,,,,
35,VISIT,3521,Random,OnArrival,5,0,15779,Node_6,19,0,12,19,12,,,,,,,,,
35,VISIT,3522,Random,OnArrival,5,0,15779,Node_7,19,0,8,19,8,,,,,,,,,
35,VISIT,3523,Random,OnArrival,5,0,15779,Node_8,17,0,10,17,10,,,,,,,,,
35,VISIT,3524,Random,OnArrival,5,0,15779,Node_9,21,0,10,21,10,,,,,,,,,
35,VISIT,3517,Random,OnArrival,5,36,15782,Node_470,4,0,17,4,17,,,,,,,,,
35,VISIT,3519,Random,OnArrival,5,25,15782,Node_562,6,0,19,6,19,,,,,,,,,
35,VISIT,3505,Random,OnArrival,5,114,15784,Node_573,-9,0,14,-9,14,,,,,,,,,
35,VISIT,3515,Random,OnArrival,5,51,15784,Node_573,-9,0,14,-9,14,,,,,,,,,
35,VISIT,3521,Random,OnArrival,5,1,15786,Node_2,19,0,11,19,11,,,,,,,,,
35,VISIT,3522,Random,OnArrival,5,1,15786,Node_11,18,0,8,18,8,,,,,,,,,
35,VISIT,3523,Random,OnArrival,5,1,15786,Node_23,17,0,9,17,9,,,,,,,,,
35,VISIT,3524,Random,OnArrival,5,1,15786,Node_5,20,0,10,20,10,,,,,,,,,
35,VISIT,3517,Random,OnArrival,5,37,15790,Node_471,3,0,17,3,17,,,,,,,,,
35,VISIT,3519,Random,OnArrival,5,26,15790,Node_390,5,0,19,5,19,,,,,,,,,
35,VISIT,3520,Random,OnArrival,5,35,15790,Node_77,12,0,18,12,18,,,,,,,,,
35,VISIT,3505,Random,OnArrival,5,115,15792,Node_570,-10,0,14,-10,14,,,,,,,,,
35,VISIT,3515,Random,OnArrival,5,52,15792,Node_570,-10,0,14,-10,14,,,,,,,,,
35,VISIT,3521,Random,OnArrival,5,2,15794,Node_20,19,0,10,19,10,,,,,,,,,
35,VISIT,3522,Random,OnArrival,5,2,15794,Node_33,17,0,8,17,8,,,,,,,,,
35,VISIT,3523,Random,OnArrival,5,2,15794,Node_33,17,0,8,17,8,,,,,,,,,
35,VISIT,3524,Random,OnArrival,5,2,15794,Node_50,20,0,9,20,9,,,,,,,,,
35,VISIT,3519,Random,OnArrival,5,27,15798,Node_562,6,0,19,6,19,,,,,,,,,
35,VISIT,3505,Random,OnArrival,5,116,15800,Node_574,-10,0,15,-10,15,,,,,,,,,
35,VISIT,3521,Random,OnArrival,5,3,15802,Node_4,18,0,10,18,10,,,,,,,,,
35,VISIT,3522,Random,OnArrival,5,3,15802,Node_36,17,0,7,17,7,,,,,,,,,
35,VISIT,3523,Random,OnArrival,5,3,15802,Node_36,17,0,7,17,7,,,,,,,,,
35,VISIT,3524,Random,OnArrival,5,3,15802,Node_47,20,0,8,20,8,,,,,,,,,
35,VISIT,3519,Random,OnArrival,5,28,15806,Node_552,7,0,19,7,19,,,,,,,,,
35,VISIT,3505,Random,OnArrival,5,117,15808,Node_554,-9,0,15,-9,15,,,,,,,,,
35,VISIT,3521,Random,OnArrival,5,4,15810,Node_8,17,0,10,17,10,,,,,,,,,
35,VISIT,3522,Random,OnArrival,5,4,15810,Node_38,16,0,7,16,7,,,,,,,,,
35,VISIT,3523,Random,OnArrival,5,4,15810,Node_38,16,0,7,16,7,,,,,,,,,
35,VISIT,3524,Random,OnArrival,5,4,15810,Node_7,19,0,8,19,8,,,,,,,,,
35,VISIT,3517,Random,OnArrival,5,38,15814,Node_472,3,0,18,3,18,,,,,,,,,
35,VISIT,3519,Random,OnArrival,5,29,15814,Node_549,7,0,18,7,18,,,,,,,,,
35,VISIT,3505,Random,OnArrival,5,118,15816,Node_551,-8,0,15,-8,15,,,,,,,,,
35,VISIT,3515,Random,OnArrival,5,53,15816,Node_563,-10,0,11,-10,11,,,,,,,,,
35,VISIT,3521,Random,OnArrival,5,5,15818,Node_23,17,0,9,17,9,,,,,,,,,
35,VISIT,3522,Random,OnArrival,5,5,15818,Node_141,16,0,6,16,6,,,,,,,,,
35,VISIT,3523,Random,OnArrival,5,5,15818,Node_141,16,0,6,16,6,,,,,,,,,
35,VISIT,3524,Random,OnArrival,5,5,15818,Node_11,18,0,8,18,8,,,,,,,,,
35,VISIT,3517,Random,OnArrival,5,39,15822,Node_471,3,0,17,3,17,,,,,,,,,
35,VISIT,3519,Random,OnArrival,5,30,15822,Node_546,8,0,18,8,18,,,,,,,,,
35,VISIT,3505,Random,OnArrival,5,119,15824,Node_530,-7,0,15,-7,15,,,,,,,,,
35,VISIT,3515,Random,OnArrival,5,54,15824,Node_560,-9,0,11,-9,11,,,,,,,,,
35,VISIT,3521,Random,OnArrival,5,6,15826,Node_33,17,0,8,17,8,,,,,,,,,
35,VISIT,3522,Random,OnArrival,5,6,15826,Node_142,15,0,6,15,6,,,,,,,,,
35,VISIT,3523,Random,OnArrival,5,6,15826,Node_142,15,0,6,15,6,,,,,,,,,
35,VISIT,3524,Random,OnArrival,5,6,15826,Node_33,17,0,8,17,8,,,,,,,,,
35,VISIT,3517,Random,OnArrival,5,40,15830,Node_470,4,0,17,4,17,,,,,,,,,
35,VISIT,3519,Random,OnArrival,5,31,15830,Node_572,9,0,18,9,18,,,,,,,,,
35,VISIT,3505,Random,OnArrival,5,120,15832,Node_551,-8,0,15,-8,15,,,,,,,,,
35,VISIT,3515,Random,OnArrival,5,55,15832,Node_550,-8,0,11,-8,11,,,,,,,,,
35,VISIT,3521,Random,OnArrival,5,7,15834,Node_36,17,0,7,17,7,,,,,,,,,
35,VISIT,3522,Random,OnArrival,5,7,15834,Node_170,14,0,6,14,6,,,,,,,,,
35,VISIT,3523,Random,OnArrival,5,7,15834,Node_170,14,0,6,14,6,,,,,,,,,
35,VISIT,3524,Random,OnArrival,5,7,15834,Node_36,17,0,7,17,7,,,,,,,,,
35,VISIT,3517,Random,OnArrival,5,41,15838,Node_386,5,0,17,5,17,,,,,,,,,
35,VISIT,3505,Random,OnArrival,5,121,15840,Node_554,-9,0,15,-9,15,,,,,,,,,
35,VISIT,3515,Random,OnArrival,5,56,15840,Node_539,-7,0,11,-7,11,,,,,,,,,
35,VISIT,3521,Random,OnArrival,5,8,15842,Node_38,16,0,7,16,7,,,,,,,,,
35,VISIT,3522,Random,OnArrival,5,8,15842,Node_97,13,0,6,13,6,,,,,,,,,
35,VISIT,3523,Random,OnArrival,5,8,15842,Node_97,13,0,6,13,6,,,,,,,,,
35,VISIT,3524,Random,OnArrival,5,8,15842,Node_38,16,0,7,16,7,,,,,,,,,
35,VISIT,3517,Random,OnArrival,5,42,15846,Node_389,5,0,18,5,18,,,,,,,,,
35,VISIT,3519,Random,OnArrival,5,32,15846,Node_585,11,0,18,11,18,,,,,,,,,
35,VISIT,3505,Random,OnArrival,5,122,15848,Node_557,-9,0,16,-9,16,,,,,,,,,
35,VISIT,3515,Random,OnArrival,5,57,15848,Node_537,-7,0,10,-7,10,,,,,,,,,
35,VISIT,3521,Random,OnArrival,5,9,15850,Node_141,16,0,6,16,6,,,,,,,,,
35,VISIT,3522,Random,OnArrival,5,9,15850,Node_106,12,0,6,12,6,,,,,,,,,
35,VISIT,3523,Random,OnArrival,5,9,15850,Node_106,12,0,6,12,6,,,,,,,,,
35,VISIT,3524,Random,OnArrival,5,9,15850,Node_141,16,0,6,16,6,,,,,,,,,
35,VISIT,3517,Random,OnArrival,5,43,15854,Node_390,5,0,19,5,19,,,,,,,,,
35,VISIT,3505,Random,OnArrival,5,123,15856,Node_561,-9,0,17,-9,17,,,,,,,,,
35,VISIT,3515,Random,OnArrival,5,58,15856,Node_553,-8,0,10,-8,10,,,,,,,,,
35,VISIT,3521,Random,OnArrival,5,10,15858,Node_142,15,0,6,15,6,,,,,,,,,
35,VISIT,3522,Random,OnArrival,5,10,15858,Node_176,11,0,6,11,6,,,,,,,,,
35,VISIT,3523,Random,OnArrival,5,10,15858,Node_176,11,0,6,11,6,,,,,,,,,
35,VISIT,3524,Random,OnArrival,5,10,15858,Node_142,15,0,6,15,6,,,,,,,,,
35,VISIT,3517,Random,OnArrival,5,44,15862,Node_392,5,0,20,5,20,,,,,,,,,
35,VISIT,3519,Random,OnArrival,5,33,15862,Node_75,12,0,17,12,17,,,,,,,,,
35,VISIT,3505,Random,OnArrival,5,124,15864,Node_579,-10,0,17,-10,17,,,,,,,,,
35,VISIT,3515,Random,OnArrival,5,59,15864,Node_550,-8,0,11,-8,11,,,,,,,,,
35,VISIT,3521,Random,OnArrival,5,11,15866,Node_170,14,0,6,14,6,,,,,,,,,
35,VISIT,3522,Random,OnArrival,5,11,15866,Node_217,10,0,6,10,6,,,,,,,,,
35,VISIT,3523,Random,OnArrival,5,11,15866,Node_217,10,0,6,10,6,,,,,,,,,
35,VISIT,3524,Random,OnArrival,5,11,15866,Node_170,14,0,6,14,6,,,,,,,,,
35,VISIT,3519,Random,OnArrival,5,34,15870,Node_582,13,0,17,13,17,,,,,,,,,
35,VISIT,3505,Random,OnArrival,5,125,15872,Node_566,-10,0,18,-10,18,,,,,,,,,
35,VISIT,3515,Random,OnArrival,5,60,15872,Node_560,-9,0,11,-9,11,,,,,,,,,
35,VISIT,3521,Random,OnArrival,5,12,15874,Node_97,13,0,6,13,6,,,,,,,,,
35,VISIT,3522,Random,OnArrival,5,12,15874,Node_256,9,0,6,9,6,,,,,,,,,
35,VISIT,3523,Random,OnArrival,5,12,15874,Node_256,9,0,6,9,6,,,,,,,,,
35,VISIT,3524,Random,OnArrival,5,12,15874,Node_97,13,0,6,13,6,,,,,,,,,
35,VISIT,3519,Random,OnArrival,5,35,15878,Node_581,13,0,16,13,16,,,,,,,,,
35,VISIT,3505,Random,OnArrival,5,126,15881,Node_579,-10,0,17,-10,17,,,,,,,,,
35,VISIT,3515,Random,OnArrival,5,61,15881,Node_563,-10,0,11,-10,11,,,,,,,,,
35,VISIT,3521,Random,OnArrival,5,13,15883,Node_106,12,0,6,12,6,,,,,,,,,
35,VISIT,3522,Random,OnArrival,5,13,15883,Node_258,8,0,6,8,6,,,,,,,,,
35,VISIT,3523,Random,OnArrival,5,13,15883,Node_258,8,0,6,8,6,,,,,,,,,
35,VISIT,3524,Random,OnArrival,5,13,15883,Node_106,12,0,6,12,6,,,,,,,,,
35,VISIT,3519,Random,OnArrival,5,36,15889,Node_73,12,0,16,12,16,,,,,,,,,
35,VISIT,3505,Random,OnArrival,5,127,15893,Node_576,-10,0,16,-10,16,,,,,,,,,
35,VISIT,3515,Random,OnArrival,5,62,15893,Node_580,-10,0,10,-10,10,,,,,,,,,
35,VISIT,3521,Random,OnArrival,5,14,15894,Node_176,11,0,6,11,6,,,,,,,,,
35,VISIT,3522,Random,OnArrival,5,14,15894,Node_265,7,0,6,7,6,,,,,,,,,
35,VISIT,3523,Random,OnArrival,5,14,15894,Node_265,7,0,6,7,6,,,,,,,,,
35,VISIT,3524,Random,OnArrival,5,14,15894,Node_176,11,0,6,11,6,,,,,,,,,
35,VISIT,3519,Random,OnArrival,5,37,15900,Node_72,12,0,15,12,15,,,,,,,,,
35,VISIT,3505,Random,OnArrival,5,128,15905,Node_574,-10,0,15,-10,15,,,,,,,,,
35,VISIT,3515,Random,OnArrival,5,63,15905,Node_556,-9,0,10,-9,10,,,,,,,,,
35,VISIT,3521,Random,OnArrival,5,15,15906,Node_217,10,0,6,10,6,,,,,,,,,
35,VISIT,3522,Random,OnArrival,5,15,15906,Node_267,6,0,6,6,6,,,,,,,,,
35,VISIT,3523,Random,OnArrival,5,15,15906,Node_267,6,0,6,6,6,,,,,,,,,
35,VISIT,3524,Random,OnArrival,5,15,15906,Node_217,10,0,6,10,6,,,,,,,,,
35,VISIT,3519,Random,OnArrival,5,38,15912,Node_71,12,0,14,12,14,,,,,,,,,
35,VISIT,3505,Random,OnArrival,5,129,15918,Node_570,-10,0,14,-10,14,,,,,,,,,
35,VISIT,3515,Random,OnArrival,5,64,15918,Node_553,-8,0,10,-8,10,,,,,,,,,
35,VISIT,3521,Random,OnArrival,5,16,15919,Node_256,9,0,6,9,6,,,,,,,,,
35,VISIT,3522,Random,OnArrival,5,16,15919,Node_284,5,0,6,5,6,,,,,,,,,
35,VISIT,3523,Random,OnArrival,5,16,15919,Node_284,5,0,6,5,6,,,,,,,,,
35,VISIT,3524,Random,OnArrival,5,16,15919,Node_256,9,0,6,9,6,,,,,,,,,
35,VISIT,3515,Random,OnArrival,5,65,15931,Node_550,-8,0,11,-8,11,,,,,,,,,
35,VISIT,3521,Random,OnArrival,5,17,15932,Node_258,8,0,6,8,6,,,,,,,,,
35,VISIT,3524,Random,OnArrival,5,17,15932,Node_258,8,0,6,8,6,,,,,,,,,
35,VISIT,3519,Random,OnArrival,5,39,15942,Node_233,10,0,14,10,14,,,,,,,,,
35,VISIT,3515,Random,OnArrival,5,66,15948,Node_539,-7,0,11,-7,11,,,,,,,,,
35,VISIT,3521,Random,OnArrival,5,18,15949,Node_265,7,0,6,7,6,,,,,,,,,
35,VISIT,3524,Random,OnArrival,5,18,15949,Node_265,7,0,6,7,6,,,,,,,,,
35,VISIT,3519,Random,OnArrival,5,40,15959,Node_548,10,0,13,10,13,,,,,,,,,
35,VISIT,3505,Random,OnArrival,5,130,15965,Node_563,-10,0,11,-10,11,,,,,,,,,
35,VISIT,3515,Random,OnArrival,5,67,15965,Node_522,-6,0,11,-6,11,,,,,,,,,
35,VISIT,3521,Random,OnArrival,5,19,15966,Node_267,6,0,6,6,6,,,,,,,,,
35,VISIT,3522,Random,OnArrival,5,17,15966,Node_285,5,0,9,5,9,,,,,,,,,
35,VISIT,3523,Random,OnArrival,5,17,15966,Node_285,5,0,9,5,9,,,,,,,,,
35,VISIT,3524,Random,OnArrival,5,19,15966,Node_267,6,0,6,6,6,,,,,,,,,
35,VISIT,3519,Random,OnArrival,5,41,15976,Node_200,10,0,12,10,12,,,,,,,,,
35,VISIT,3505,Random,OnArrival,5,131,15982,Node_580,-10,0,10,-10,10,,,,,,,,,
35,VISIT,3515,Random,OnArrival,5,68,15982,Node_490,-5,0,11,-5,11,,,,,,,,,
35,VISIT,3521,Random,OnArrival,5,20,15983,Node_284,5,0,6,5,6,,,,,,,,,
35,VISIT,3522,Random,OnArrival,5,18,15983,Node_370,5,0,10,5,10,,,,,,,,,
35,VISIT,3523,Random,OnArrival,5,18,15983,Node_370,5,0,10,5,10,,,,,,,,,
35,VISIT,3524,Random,OnArrival,5,20,15983,Node_284,5,0,6,5,6,,,,,,,,,
35,VISIT,3505,Random,OnArrival,5,132,15999,Node_563,-10,0,11,-10,11,,,,,,,,,
35,VISIT,3515,Random,OnArrival,5,69,15999,Node_489,-4,0,11,-4,11,,,,,,,,,
35,VISIT,3522,Random,OnArrival,5,19,16000,Node_443,6,0,10,6,10,,,,,,,,,
35,VISIT,3523,Random,OnArrival,5,19,16000,Node_443,6,0,10,6,10,,,,,,,,,
35,VISIT,3519,Random,OnArrival,5,42,16009,Node_200,10,0,12,10,12,,,,,,,,,
35,VISIT,3505,Random,OnArrival,5,133,16016,Node_560,-9,0,11,-9,11,,,,,,,,,
35,VISIT,3515,Random,OnArrival,5,70,16016,Node_486,-3,0,11,-3,11,,,,,,,,,
35,VISIT,3519,Random,OnArrival,5,43,16026,Node_198,10,0,11,10,11,,,,,,,,,
35,VISIT,3505,Random,OnArrival,5,134,16033,Node_550,-8,0,11,-8,11,,,,,,,,,
35,VISIT,3515,Random,OnArrival,5,71,16033,Node_404,-3,0,12,-3,12,,,,,,,,,
35,VISIT,3521,Random,OnArrival,5,21,16034,Node_285,5,0,9,5,9,,,,,,,,,
35,VISIT,3524,Random,OnArrival,5,21,16034,Node_285,5,0,9,5,9,,,,,,,,,
35,VISIT,3519,Random,OnArrival,5,44,16042,Node_196,10,0,10,10,10,,,,,,,,,
35,VISIT,3505,Random,OnArrival,5,135,16049,Node_539,-7,0,11,-7,11,,,,,,,,,
35,VISIT,3521,Random,OnArrival,5,22,16050,Node_370,5,0,10,5,10,,,,,,,,,
35,VISIT,3522,Random,OnArrival,5,20,16050,Node_541,8,0,11,8,11,,,,,,,,,
35,VISIT,3523,Random,OnArrival,5,20,16050,Node_541,8,0,11,8,11,,,,,,,,,
35,VISIT,3524,Random,OnArrival,5,22,16050,Node_370,5,0,10,5,10,,,,,,,,,
35,VISIT,3519,Random,OnArrival,5,45,16059,Node_533,9,0,10,9,10,,,,,,,,,
35,VISIT,3505,Random,OnArrival,5,136,16066,Node_522,-6,0,11,-6,11,,,,,,,,,
35,VISIT,3515,Random,OnArrival,5,72,16066,Node_405,-3,0,14,-3,14,,,,,,,,,
35,VISIT,3521,Random,OnArrival,5,23,16067,Node_443,6,0,10,6,10,,,,,,,,,
35,VISIT,3522,Random,OnArrival,5,21,16067,Node_535,9,0,11,9,11,,,,,,,,,
35,VISIT,3523,Random,OnArrival,5,21,16067,Node_597,8,0,10,8,10,,,,,,,,,
35,VISIT,3524,Random,OnArrival,5,23,16067,Node_443,6,0,10,6,10,,,,,,,,,
35,VISIT,3519,Random,OnArrival,5,46,16076,Node_597,8,0,10,8,10,,,,,,,,,
35,VISIT,3505,Random,OnArrival,5,137,16083,Node_521,-6,0,10,-6,10,,,,,,,,,
35,VISIT,3521,Random,OnArrival,5,24,16084,Node_370,5,0,10,5,10,,,,,,,,,
35,VISIT,3522,Random,OnArrival,5,22,16084,Node_533,9,0,10,9,10,,,,,,,,,
35,VISIT,3523,Random,OnArrival,5,22,16084,Node_533,9,0,10,9,10,,,,,,,,,
35,VISIT,3524,Random,OnArrival,5,24,16084,Node_370,5,0,10,5,10,,,,,,,,,
35,VISIT,3505,Random,OnArrival,5,138,16099,Node_537,-7,0,10,-7,10,,,,,,,,,
35,VISIT,3522,Random,OnArrival,5,23,16101,Node_597,8,0,10,8,10,,,,,,,,,
35,VISIT,3523,Random,OnArrival,5,23,16101,Node_597,8,0,10,8,10,,,,,,,,,
35,VISIT,3519,Random,OnArrival,5,47,16108,Node_443,6,0,10,6,10,,,,,,,,,
35,VISIT,3505,Random,OnArrival,5,139,16115,Node_553,-8,0,10,-8,10,,,,,,,,,
35,VISIT,3515,Random,OnArrival,5,73,16115,Node_493,-3,0,15,-3,15,,,,,,,,,
35,VISIT,3521,Random,OnArrival,5,25,16118,Node_374,5,0,12,5,12,,,,,,,,,
35,VISIT,3524,Random,OnArrival,5,25,16118,Node_374,5,0,12,5,12,,,,,,,,,
35,VISIT,3519,Random,OnArrival,5,48,16125,Node_370,5,0,10,5,10,,,,,,,,,
35,VISIT,3505,Random,OnArrival,5,140,16131,Node_556,-9,0,10,-9,10,,,,,,,,,
35,VISIT,3521,Random,OnArrival,5,26,16134,Node_376,5,0,13,5,13,,,,,,,,,
35,VISIT,3522,Random,OnArrival,5,24,16134,Node_443,6,0,10,6,10,,,,,,,,,
35,VISIT,3523,Random,OnArrival,5,24,16134,Node_443,6,0,10,6,10,,,,,,,,,
35,VISIT,3524,Random,OnArrival,5,26,16134,Node_376,5,0,13,5,13,,,,,,,,,
35,VISIT,3505,Random,OnArrival,5,141,16147,Node_580,-10,0,10,-10,10,,,,,,,,,
35,VISIT,3521,Random,OnArrival,5,27,16151,Node_463,6,0,13,6,13,,,,,,,,,
35,VISIT,3522,Random,OnArrival,5,25,16151,Node_370,5,0,10,5,10,,,,,,,,,
35,VISIT,3523,Random,OnArrival,5,25,16151,Node_370,5,0,10,5,10,,,,,,,,,
35,VISIT,3524,Random,OnArrival,5,27,16151,Node_463,6,0,13,6,13,,,,,,,,,
35,VISIT,3519,Random,OnArrival,5,49,16156,Node_374,5,0,12,5,12,,,,,,,,,
35,VISIT,3515,Random,OnArrival,5,74,16163,Node_498,-4,0,17,-4,17,,,,,,,,,
35,VISIT,3521,Random,OnArrival,5,28,16168,Node_464,6,0,14,6,14,,,,,,,,,
35,VISIT,3524,Random,OnArrival,5,28,16168,Node_464,6,0,14,6,14,,,,,,,,,
35,VISIT,3519,Random,OnArrival,5,50,16173,Node_376,5,0,13,5,13,,,,,,,,,
35,VISIT,3505,Random,OnArrival,5,142,16180,Node_577,-10,0,8,-10,8,,,,,,,,,
35,VISIT,3521,Random,OnArrival,5,29,16185,Node_379,5,0,14,5,14,,,,,,,,,
35,VISIT,3522,Random,OnArrival,5,26,16185,Node_374,5,0,12,5,12,,,,,,,,,
35,VISIT,3523,Random,OnArrival,5,26,16185,Node_374,5,0,12,5,12,,,,,,,,,
35,VISIT,3524,Random,OnArrival,5,29,16185,Node_379,5,0,14,5,14,,,,,,,,,
35,VISIT,3519,Random,OnArrival,5,51,16189,Node_379,5,0,14,5,14,,,,,,,,,
35,VISIT,3515,Random,OnArrival,5,75,16196,Node_500,-5,0,18,-5,18,,,,,,,,,
35,VISIT,3521,Random,OnArrival,5,30,16201,Node_467,4,0,14,4,14,,,,,,,,,
35,VISIT,3522,Random,OnArrival,5,27,16201,Node_376,5,0,13,5,13,,,,,,,,,
35,VISIT,3523,Random,OnArrival,5,27,16201,Node_376,5,0,13,5,13,,,,,,,,,
35,VISIT,3524,Random,OnArrival,5,30,16201,Node_382,5,0,15,5,15,,,,,,,,,
35,VISIT,3519,Random,OnArrival,5,52,16205,Node_467,4,0,14,4,14,,,,,,,,,
35,VISIT,3522,Random,OnArrival,5,28,16218,Node_463,6,0,13,6,13,,,,,,,,,
35,VISIT,3523,Random,OnArrival,5,28,16218,Node_379,5,0,14,5,14,,,,,,,,,
35,VISIT,3524,Random,OnArrival,5,31,16218,Node_468,4,0,15,4,15,,,,,,,,,
35,VISIT,3519,Random,OnArrival,5,53,16221,Node_604,3,0,14,3,14,,,,,,,,,
35,VISIT,3522,Random,OnArrival,5,29,16234,Node_464,6,0,14,6,14,,,,,,,,,
35,VISIT,3523,Random,OnArrival,5,29,16234,Node_382,5,0,15,5,15,,,,,,,,,
35,VISIT,3524,Random,OnArrival,5,32,16234,Node_469,4,0,16,4,16,,,,,,,,,
35,VISIT,3519,Random,OnArrival,5,54,16237,Node_606,3,0,13,3,13,,,,,,,,,
35,VISIT,3521,Random,OnArrival,5,31,16250,Node_457,2,0,13,2,13,,,,,,,,,
35,VISIT,3522,Random,OnArrival,5,30,16250,Node_379,5,0,14,5,14,,,,,,,,,
35,VISIT,3523,Random,OnArrival,5,30,16250,Node_384,5,0,16,5,16,,,,,,,,,
35,VISIT,3524,Random,OnArrival,5,33,16250,Node_470,4,0,17,4,17,,,,,,,,,
35,VISIT,3519,Random,OnArrival,5,55,16253,Node_457,2,0,13,2,13,,,,,,,,,
35,VISIT,3521,Random,OnArrival,5,32,16265,Node_378,1,0,13,1,13,,,,,,,,,
35,VISIT,3522,Random,OnArrival,5,31,16265,Node_467,4,0,14,4,14,,,,,,,,,
35,VISIT,3523,Random,OnArrival,5,31,16265,Node_386,5,0,17,5,17,,,,,,,,,
35,VISIT,3524,Random,OnArrival,5,34,16265,Node_386,5,0,17,5,17,,,,,,,,,
35,VISIT,3519,Random,OnArrival,5,56,16268,Node_378,1,0,13,1,13,,,,,,,,,
35,VISIT,3521,Random,OnArrival,5,33,16281,Node_381,1,0,14,1,14,,,,,,,,,
35,VISIT,3522,Random,OnArrival,5,32,16281,Node_604,3,0,14,3,14,,,,,,,,,
35,VISIT,3523,Random,OnArrival,5,32,16281,Node_389,5,0,18,5,18,,,,,,,,,
35,VISIT,3524,Random,OnArrival,5,35,16281,Node_389,5,0,18,5,18,,,,,,,,,
35,VISIT,3519,Random,OnArrival,5,57,16285,Node_458,0,0,13,0,13,,,,,,,,,
35,VISIT,3521,Random,OnArrival,5,34,16298,Node_459,0,0,14,0,14,,,,,,,,,
35,VISIT,3522,Random,OnArrival,5,33,16298,Node_606,3,0,13,3,13,,,,,,,,,
35,VISIT,3523,Random,OnArrival,5,33,16298,Node_390,5,0,19,5,19,,,,,,,,,
35,VISIT,3524,Random,OnArrival,5,36,16298,Node_390,5,0,19,5,19,,,,,,,,,
35,VISIT,3519,Random,OnArrival,5,58,16302,Node_459,0,0,14,0,14,,,,,,,,,
35,VISIT,3522,Random,OnArrival,5,34,16315,Node_457,2,0,13,2,13,,,,,,,,,
35,VISIT,3523,Random,OnArrival,5,34,16315,Node_562,6,0,19,6,19,,,,,,,,,
35,VISIT,3524,Random,OnArrival,5,37,16315,Node_392,5,0,20,5,20,,,,,,,,,
35,VISIT,3521,Random,OnArrival,5,35,16332,Node_598,-2,0,14,-2,14,,,,,,,,,
35,VISIT,3522,Random,OnArrival,5,35,16332,Node_378,1,0,13,1,13,,,,,,,,,
35,VISIT,3523,Random,OnArrival,5,35,16332,Node_559,6,0,20,6,20,,,,,,,,,
35,VISIT,3524,Random,OnArrival,5,38,16332,Node_559,6,0,20,6,20,,,,,,,,,
35,VISIT,3525,Random,OnArrival,5,0,16332,Node_6,19,0,12,19,12,,,,,,,,,
35,VISIT,3526,Random,OnArrival,5,0,16332,Node_7,19,0,8,19,8,,,,,,,,,
35,VISIT,3527,Random,OnArrival,5,0,16332,Node_8,17,0,10,17,10,,,,,,,,,
35,VISIT,3528,Random,OnArrival,5,0,16332,Node_9,21,0,10,21,10,,,,,,,,,
35,VISIT,3519,Random,OnArrival,5,59,16335,Node_598,-2,0,14,-2,14,,,,,,,,,
35,VISIT,3521,Random,OnArrival,5,36,16338,Node_405,-3,0,14,-3,14,,,,,,,,,
35,VISIT,3522,Random,OnArrival,5,36,16338,Node_381,1,0,14,1,14,,,,,,,,,
35,VISIT,3523,Random,OnArrival,5,36,16338,Node_392,5,0,20,5,20,,,,,,,,,
35,VISIT,3524,Random,OnArrival,5,39,16338,Node_392,5,0,20,5,20,,,,,,,,,
35,VISIT,3525,Random,OnArrival,5,1,16338,Node_2,19,0,11,19,11,,,,,,,,,
35,VISIT,3526,Random,OnArrival,5,1,16338,Node_11,18,0,8,18,8,,,,,,,,,
35,VISIT,3527,Random,OnArrival,5,1,16338,Node_24,16,0,10,16,10,,,,,,,,,
35,VISIT,3528,Random,OnArrival,5,1,16338,Node_5,20,0,10,20,10,,,,,,,,,
35,VISIT,3519,Random,OnArrival,5,60,16343,Node_405,-3,0,14,-3,14,,,,,,,,,
35,VISIT,3521,Random,OnArrival,5,37,16346,Node_493,-3,0,15,-3,15,,,,,,,,,
35,VISIT,3522,Random,OnArrival,5,37,16346,Node_459,0,0,14,0,14,,,,,,,,,
35,VISIT,3525,Random,OnArrival,5,2,16346,Node_20,19,0,10,19,10,,,,,,,,,
35,VISIT,3526,Random,OnArrival,5,2,16346,Node_33,17,0,8,17,8,,,,,,,,,
35,VISIT,3527,Random,OnArrival,5,2,16346,Node_26,15,0,10,15,10,,,,,,,,,
35,VISIT,3528,Random,OnArrival,5,2,16346,Node_20,19,0,10,19,10,,,,,,,,,
35,VISIT,3519,Random,OnArrival,5,61,16351,Node_493,-3,0,15,-3,15,,,,,,,,,
35,VISIT,3521,Random,OnArrival,5,38,16354,Node_600,-4,0,15,-4,15,,,,,,,,,
35,VISIT,3522,Random,OnArrival,5,38,16354,Node_460,0,0,15,0,15,,,,,,,,,
35,VISIT,3523,Random,OnArrival,5,37,16354,Node_594,3,0,20,3,20,,,,,,,,,
35,VISIT,3524,Random,OnArrival,5,40,16354,Node_594,3,0,20,3,20,,,,,,,,,
35,VISIT,3525,Random,OnArrival,5,3,16354,Node_4,18,0,10,18,10,,,,,,,,,
35,VISIT,3526,Random,OnArrival,5,3,16354,Node_36,17,0,7,17,7,,,,,,,,,
35,VISIT,3527,Random,OnArrival,5,3,16354,Node_169,14,0,10,14,10,,,,,,,,,
35,VISIT,3528,Random,OnArrival,5,3,16354,Node_4,18,0,10,18,10,,,,,,,,,
35,VISIT,3519,Random,OnArrival,5,62,16359,Node_495,-3,0,16,-3,16,,,,,,,,,
35,VISIT,3521,Random,OnArrival,5,39,16362,Node_601,-4,0,16,-4,16,,,,,,,,,
35,VISIT,3522,Random,OnArrival,5,39,16362,Node_383,1,0,15,1,15,,,,,,,,,
35,VISIT,3525,Random,OnArrival,5,4,16362,Node_8,17,0,10,17,10,,,,,,,,,
35,VISIT,3526,Random,OnArrival,5,4,16362,Node_38,16,0,7,16,7,,,,,,,,,
35,VISIT,3527,Random,OnArrival,5,4,16362,Node_89,13,0,10,13,10,,,,,,,,,
35,VISIT,3528,Random,OnArrival,5,4,16362,Node_8,17,0,10,17,10,,,,,,,,,
35,VISIT,3519,Random,OnArrival,5,63,16367,Node_601,-4,0,16,-4,16,,,,,,,,,
35,VISIT,3521,Random,OnArrival,5,40,16369,Node_495,-3,0,16,-3,16,,,,,,,,,
35,VISIT,3522,Random,OnArrival,5,40,16369,Node_381,1,0,14,1,14,,,,,,,,,
35,VISIT,3525,Random,OnArrival,5,5,16369,Node_24,16,0,10,16,10,,,,,,,,,
35,VISIT,3526,Random,OnArrival,5,5,16369,Node_141,16,0,6,16,6,,,,,,,,,
35,VISIT,3527,Random,OnArrival,5,5,16369,Node_91,13,0,9,13,9,,,,,,,,,
35,VISIT,3528,Random,OnArrival,5,5,16369,Node_24,16,0,10,16,10,,,,,,,,,
35,VISIT,3519,Random,OnArrival,5,64,16374,Node_498,-4,0,17,-4,17,,,,,,,,,
35,VISIT,3521,Random,OnArrival,5,41,16376,Node_497,-3,0,17,-3,17,,,,,,,,,
35,VISIT,3522,Random,OnArrival,5,41,16376,Node_459,0,0,14,0,14,,,,,,,,,
35,VISIT,3525,Random,OnArrival,5,6,16376,Node_26,15,0,10,15,10,,,,,,,,,
35,VISIT,3526,Random,OnArrival,5,6,16376,Node_142,15,0,6,15,6,,,,,,,,,
35,VISIT,3527,Random,OnArrival,5,6,16376,Node_175,12,0,9,12,9,,,,,,,,,
35,VISIT,3528,Random,OnArrival,5,6,16376,Node_26,15,0,10,15,10,,,,,,,,,
35,VISIT,3519,Random,OnArrival,5,65,16381,Node_602,-5,0,17,-5,17,,,,,,,,,
35,VISIT,3525,Random,OnArrival,5,7,16383,Node_169,14,0,10,14,10,,,,,,,,,
35,VISIT,3526,Random,OnArrival,5,7,16383,Node_170,14,0,6,14,6,,,,,,,,,
35,VISIT,3527,Random,OnArrival,5,7,16383,Node_192,11,0,9,11,9,,,,,,,,,
35,VISIT,3528,Random,OnArrival,5,7,16383,Node_169,14,0,10,14,10,,,,,,,,,
35,VISIT,3522,Random,OnArrival,5,42,16390,Node_598,-2,0,14,-2,14,,,,,,,,,
35,VISIT,3525,Random,OnArrival,5,8,16390,Node_89,13,0,10,13,10,,,,,,,,,
35,VISIT,3526,Random,OnArrival,5,8,16390,Node_97,13,0,6,13,6,,,,,,,,,
35,VISIT,3527,Random,OnArrival,5,8,16390,Node_194,10,0,9,10,9,,,,,,,,,
35,VISIT,3528,Random,OnArrival,5,8,16390,Node_89,13,0,10,13,10,,,,,,,,,
35,VISIT,3522,Random,OnArrival,5,43,16397,Node_405,-3,0,14,-3,14,,,,,,,,,
35,VISIT,3525,Random,OnArrival,5,9,16397,Node_91,13,0,9,13,9,,,,,,,,,
35,VISIT,3526,Random,OnArrival,5,9,16397,Node_106,12,0,6,12,6,,,,,,,,,
35,VISIT,3527,Random,OnArrival,5,9,16397,Node_196,10,0,10,10,10,,,,,,,,,
35,VISIT,3528,Random,OnArrival,5,9,16397,Node_91,13,0,9,13,9,,,,,,,,,
35,VISIT,3522,Random,OnArrival,5,44,16404,Node_493,-3,0,15,-3,15,,,,,,,,,
35,VISIT,3525,Random,OnArrival,5,10,16404,Node_175,12,0,9,12,9,,,,,,,,,
35,VISIT,3526,Random,OnArrival,5,10,16404,Node_176,11,0,6,11,6,,,,,,,,,
35,VISIT,3527,Random,OnArrival,5,10,16404,Node_533,9,0,10,9,10,,,,,,,,,
35,VISIT,3528,Random,OnArrival,5,10,16404,Node_175,12,0,9,12,9,,,,,,,,,
35,VISIT,3522,Random,OnArrival,5,45,16411,Node_495,-3,0,16,-3,16,,,,,,,,,
35,VISIT,3525,Random,OnArrival,5,11,16411,Node_192,11,0,9,11,9,,,,,,,,,
35,VISIT,3526,Random,OnArrival,5,11,16411,Node_217,10,0,6,10,6,,,,,,,,,
35,VISIT,3527,Random,OnArrival,5,11,16411,Node_597,8,0,10,8,10,,,,,,,,,
35,VISIT,3528,Random,OnArrival,5,11,16411,Node_192,11,0,9,11,9,,,,,,,,,
35,VISIT,3522,Random,OnArrival,5,46,16419,Node_497,-3,0,17,-3,17,,,,,,,,,
35,VISIT,3525,Random,OnArrival,5,12,16419,Node_194,10,0,9,10,9,,,,,,,,,
35,VISIT,3526,Random,OnArrival,5,12,16419,Node_256,9,0,6,9,6,,,,,,,,,
35,VISIT,3528,Random,OnArrival,5,12,16419,Node_194,10,0,9,10,9,,,,,,,,,
35,VISIT,3522,Random,OnArrival,5,47,16429,Node_611,-2,0,17,-2,17,,,,,,,,,
35,VISIT,3525,Random,OnArrival,5,13,16429,Node_196,10,0,10,10,10,,,,,,,,,
35,VISIT,3526,Random,OnArrival,5,13,16429,Node_258,8,0,6,8,6,,,,,,,,,
35,VISIT,3527,Random,OnArrival,5,12,16429,Node_443,6,0,10,6,10,,,,,,,,,
35,VISIT,3528,Random,OnArrival,5,13,16429,Node_196,10,0,10,10,10,,,,,,,,,
35,VISIT,3522,Random,OnArrival,5,48,16437,Node_613,-2,0,18,-2,18,,,,,,,,,
35,VISIT,3525,Random,OnArrival,5,14,16437,Node_533,9,0,10,9,10,,,,,,,,,
35,VISIT,3526,Random,OnArrival,5,14,16437,Node_265,7,0,6,7,6,,,,,,,,,
35,VISIT,3527,Random,OnArrival,5,13,16437,Node_441,6,0,9,6,9,,,,,,,,,
35,VISIT,3528,Random,OnArrival,5,14,16437,Node_533,9,0,10,9,10,,,,,,,,,
35,VISIT,3525,Random,OnArrival,5,15,16445,Node_597,8,0,10,8,10,,,,,,,,,
35,VISIT,3526,Random,OnArrival,5,15,16445,Node_267,6,0,6,6,6,,,,,,,,,
35,VISIT,3527,Random,OnArrival,5,14,16445,Node_285,5,0,9,5,9,,,,,,,,,
35,VISIT,3528,Random,OnArrival,5,15,16445,Node_597,8,0,10,8,10,,,,,,,,,
35,VISIT,3526,Random,OnArrival,5,16,16453,Node_284,5,0,6,5,6,,,,,,,,,
35,VISIT,3522,Random,OnArrival,5,49,16467,Node_619,-1,0,20,-1,20,,,,,,,,,
35,VISIT,3525,Random,OnArrival,5,16,16467,Node_443,6,0,10,6,10,,,,,,,,,
35,VISIT,3528,Random,OnArrival,5,16,16467,Node_443,6,0,10,6,10,,,,,,,,,
35,VISIT,3525,Random,OnArrival,5,17,16479,Node_441,6,0,9,6,9,,,,,,,,,
35,VISIT,3526,Random,OnArrival,5,17,16479,Node_336,3,0,6,3,6,,,,,,,,,
35,VISIT,3527,Random,OnArrival,5,15,16479,Node_284,5,0,6,5,6,,,,,,,,,
35,VISIT,3528,Random,OnArrival,5,17,16479,Node_441,6,0,9,6,9,,,,,,,,,
35,VISIT,3525,Random,OnArrival,5,18,16488,Node_285,5,0,9,5,9,,,,,,,,,
35,VISIT,3526,Random,OnArrival,5,18,16488,Node_366,2,0,6,2,6,,,,,,,,,
35,VISIT,3528,Random,OnArrival,5,18,16488,Node_285,5,0,9,5,9,,,,,,,,,
35,VISIT,3527,Random,OnArrival,5,16,16499,Node_336,3,0,6,3,6,,,,,,,,,
35,VISIT,3522,Random,OnArrival,5,50,16513,Node_609,2,0,21,2,21,,,,,,,,,
35,VISIT,3527,Random,OnArrival,5,17,16513,Node_366,2,0,6,2,6,,,,,,,,,
35,VISIT,3522,Random,OnArrival,5,51,16528,Node_595,3,0,21,3,21,,,,,,,,,
35,VISIT,3525,Random,OnArrival,5,19,16528,Node_284,5,0,6,5,6,,,,,,,,,
35,VISIT,3526,Random,OnArrival,5,19,16528,Node_475,-1,0,6,-1,6,,,,,,,,,
35,VISIT,3528,Random,OnArrival,5,19,16528,Node_284,5,0,6,5,6,,,,,,,,,
35,VISIT,3526,Random,OnArrival,5,20,16539,Node_395,-2,0,6,-2,6,,,,,,,,,
35,VISIT,3522,Random,OnArrival,5,52,16555,Node_610,2,0,22,2,22,,,,,,,,,
35,VISIT,3524,Random,OnArrival,5,41,16555,Node_632,-5,0,23,-5,23,,,,,,,,,
35,VISIT,3525,Random,OnArrival,5,20,16555,Node_336,3,0,6,3,6,,,,,,,,,
35,VISIT,3527,Random,OnArrival,5,18,16555,Node_475,-1,0,6,-1,6,,,,,,,,,
35,VISIT,3528,Random,OnArrival,5,20,16555,Node_336,3,0,6,3,6,,,,,,,,,
35,VISIT,3522,Random,OnArrival,5,53,16566,Node_609,2,0,21,2,21,,,,,,,,,
35,VISIT,3524,Random,OnArrival,5,42,16566,Node_630,-5,0,24,-5,24,,,,,,,,,
35,VISIT,3525,Random,OnArrival,5,21,16566,Node_366,2,0,6,2,6,,,,,,,,,
35,VISIT,3526,Random,OnArrival,5,21,16566,Node_478,-4,0,6,-4,6,,,,,,,,,
35,VISIT,3527,Random,OnArrival,5,19,16566,Node_395,-2,0,6,-2,6,,,,,,,,,
35,VISIT,3528,Random,OnArrival,5,21,16566,Node_366,2,0,6,2,6,,,,,,,,,
35,VISIT,3522,Random,OnArrival,5,54,16579,Node_631,1,0,21,1,21,,,,,,,,,
35,VISIT,3526,Random,OnArrival,5,22,16579,Node_524,-5,0,6,-5,6,,,,,,,,,
35,VISIT,3522,Random,OnArrival,5,55,16595,Node_629,1,0,20,1,20,,,,,,,,,
35,VISIT,3526,Random,OnArrival,5,23,16595,Node_448,-6,0,6,-6,6,,,,,,,,,
35,VISIT,3527,Random,OnArrival,5,20,16595,Node_478,-4,0,6,-4,6,,,,,,,,,
35,VISIT,3522,Random,OnArrival,5,56,16611,Node_608,2,0,20,2,20,,,,,,,,,
35,VISIT,3525,Random,OnArrival,5,22,16611,Node_475,-1,0,6,-1,6,,,,,,,,,
35,VISIT,3526,Random,OnArrival,5,24,16611,Node_428,-7,0,6,-7,6,,,,,,,,,
35,VISIT,3527,Random,OnArrival,5,21,16611,Node_524,-5,0,6,-5,6,,,,,,,,,
35,VISIT,3528,Random,OnArrival,5,22,16611,Node_475,-1,0,6,-1,6,,,,,,,,,
35,VISIT,3522,Random,OnArrival,5,57,16624,Node_594,3,0,20,3,20,,,,,,,,,
35,VISIT,3525,Random,OnArrival,5,23,16624,Node_395,-2,0,6,-2,6,,,,,,,,,
35,VISIT,3526,Random,OnArrival,5,25,16624,Node_442,-8,0,6,-8,6,,,,,,,,,
35,VISIT,3527,Random,OnArrival,5,22,16624,Node_448,-6,0,6,-6,6,,,,,,,,,
35,VISIT,3528,Random,OnArrival,5,23,16624,Node_395,-2,0,6,-2,6,,,,,,,,,
35,VISIT,3524,Random,OnArrival,5,43,16640,Node_637,-6,0,24,-6,24,,,,,,,,,
35,VISIT,3526,Random,OnArrival,5,26,16640,Node_444,-9,0,6,-9,6,,,,,,,,,
35,VISIT,3527,Random,OnArrival,5,23,16640,Node_428,-7,0,6,-7,6,,,,,,,,,
35,VISIT,3522,Random,OnArrival,5,58,16657,Node_392,5,0,20,5,20,,,,,,,,,
35,VISIT,3524,Random,OnArrival,5,44,16657,Node_630,-5,0,24,-5,24,,,,,,,,,
35,VISIT,3525,Random,OnArrival,5,24,16657,Node_478,-4,0,6,-4,6,,,,,,,,,
35,VISIT,3526,Random,OnArrival,5,27,16657,Node_603,-10,0,6,-10,6,,,,,,,,,
35,VISIT,3527,Random,OnArrival,5,24,16657,Node_442,-8,0,6,-8,6,,,,,,,,,
35,VISIT,3528,Random,OnArrival,5,24,16657,Node_478,-4,0,6,-4,6,,,,,,,,,
35,VISIT,3522,Random,OnArrival,5,59,16673,Node_559,6,0,20,6,20,,,,,,,,,
35,VISIT,3524,Random,OnArrival,5,45,16673,Node_628,-5,0,25,-5,25,,,,,,,,,
35,VISIT,3525,Random,OnArrival,5,25,16673,Node_524,-5,0,6,-5,6,,,,,,,,,
35,VISIT,3527,Random,OnArrival,5,25,16673,Node_444,-9,0,6,-9,6,,,,,,,,,
35,VISIT,3528,Random,OnArrival,5,25,16673,Node_524,-5,0,6,-5,6,,,,,,,,,
35,VISIT,3522,Random,OnArrival,5,60,16689,Node_555,7,0,20,7,20,,,,,,,,,
35,VISIT,3524,Random,OnArrival,5,46,16689,Node_638,-6,0,25,-6,25,,,,,,,,,
35,VISIT,3525,Random,OnArrival,5,26,16689,Node_448,-6,0,6,-6,6,,,,,,,,,
35,VISIT,3526,Random,OnArrival,5,28,16689,Node_577,-10,0,8,-10,8,,,,,,,,,
35,VISIT,3527,Random,OnArrival,5,26,16689,Node_603,-10,0,6,-10,6,,,,,,,,,
35,VISIT,3528,Random,OnArrival,5,26,16689,Node_448,-6,0,6,-6,6,,,,,,,,,
35,VISIT,3524,Random,OnArrival,5,47,16705,Node_639,-7,0,25,-7,25,,,,,,,,,
35,VISIT,3525,Random,OnArrival,5,27,16705,Node_428,-7,0,6,-7,6,,,,,,,,,
35,VISIT,3528,Random,OnArrival,5,27,16705,Node_428,-7,0,6,-7,6,,,,,,,,,
35,VISIT,3525,Random,OnArrival,5,28,16721,Node_442,-8,0,6,-8,6,,,,,,,,,
35,VISIT,3526,Random,OnArrival,5,29,16721,Node_580,-10,0,10,-10,10,,,,,,,,,
35,VISIT,3527,Random,OnArrival,5,27,16721,Node_577,-10,0,8,-10,8,,,,,,,,,
35,VISIT,3528,Random,OnArrival,5,28,16721,Node_442,-8,0,6,-8,6,,,,,,,,,
35,VISIT,3525,Random,OnArrival,5,29,16736,Node_444,-9,0,6,-9,6,,,,,,,,,
35,VISIT,3526,Random,OnArrival,5,30,16736,Node_563,-10,0,11,-10,11,,,,,,,,,
35,VISIT,3528,Random,OnArrival,5,29,16736,Node_444,-9,0,6,-9,6,,,,,,,,,
35,VISIT,3525,Random,OnArrival,5,30,16750,Node_603,-10,0,6,-10,6,,,,,,,,,
35,VISIT,3527,Random,OnArrival,5,28,16750,Node_580,-10,0,10,-10,10,,,,,,,,,
35,VISIT,3528,Random,OnArrival,5,30,16750,Node_603,-10,0,6,-10,6,,,,,,,,,
35,VISIT,3527,Random,OnArrival,5,29,16765,Node_563,-10,0,11,-10,11,,,,,,,,,
35,VISIT,3525,Random,OnArrival,5,31,16781,Node_577,-10,0,8,-10,8,,,,,,,,,
35,VISIT,3526,Random,OnArrival,5,31,16781,Node_570,-10,0,14,-10,14,,,,,,,,,
35,VISIT,3528,Random,OnArrival,5,31,16781,Node_577,-10,0,8,-10,8,,,,,,,,,
35,VISIT,3526,Random,OnArrival,5,32,16797,Node_574,-10,0,15,-10,15,,,,,,,,,
35,VISIT,3525,Random,OnArrival,5,32,16813,Node_580,-10,0,10,-10,10,,,,,,,,,
35,VISIT,3526,Random,OnArrival,5,33,16813,Node_576,-10,0,16,-10,16,,,,,,,,,
35,VISIT,3527,Random,OnArrival,5,30,16813,Node_570,-10,0,14,-10,14,,,,,,,,,
35,VISIT,3528,Random,OnArrival,5,32,16813,Node_580,-10,0,10,-10,10,,,,,,,,,
35,VISIT,3529,Random,OnArrival,5,0,16813,Node_6,19,0,12,19,12,,,,,,,,,
35,VISIT,3530,Random,OnArrival,5,0,16813,Node_7,19,0,8,19,8,,,,,,,,,
35,VISIT,3531,Random,OnArrival,5,0,16813,Node_8,17,0,10,17,10,,,,,,,,,
35,VISIT,3532,Random,OnArrival,5,0,16813,Node_9,21,0,10,21,10,,,,,,,,,
35,VISIT,3525,Random,OnArrival,5,33,16818,Node_563,-10,0,11,-10,11,,,,,,,,,
35,VISIT,3526,Random,OnArrival,5,34,16818,Node_579,-10,0,17,-10,17,,,,,,,,,
35,VISIT,3527,Random,OnArrival,5,31,16818,Node_574,-10,0,15,-10,15,,,,,,,,,
35,VISIT,3528,Random,OnArrival,5,33,16818,Node_563,-10,0,11,-10,11,,,,,,,,,
35,VISIT,3529,Random,OnArrival,5,1,16818,Node_10,18,0,12,18,12,,,,,,,,,
35,VISIT,3530,Random,OnArrival,5,1,16818,Node_11,18,0,8,18,8,,,,,,,,,
35,VISIT,3531,Random,OnArrival,5,1,16818,Node_12,17,0,11,17,11,,,,,,,,,
35,VISIT,3532,Random,OnArrival,5,1,16818,Node_5,20,0,10,20,10,,,,,,,,,
35,VISIT,3526,Random,OnArrival,5,35,16825,Node_561,-9,0,17,-9,17,,,,,,,,,
35,VISIT,3527,Random,OnArrival,5,32,16825,Node_576,-10,0,16,-10,16,,,,,,,,,
35,VISIT,3529,Random,OnArrival,5,2,16825,Node_16,17,0,12,17,12,,,,,,,,,
35,VISIT,3530,Random,OnArrival,5,2,16825,Node_33,17,0,8,17,8,,,,,,,,,
35,VISIT,3531,Random,OnArrival,5,2,16825,Node_16,17,0,12,17,12,,,,,,,,,
35,VISIT,3532,Random,OnArrival,5,2,16825,Node_55,20,0,11,20,11,,,,,,,,,
35,VISIT,3527,Random,OnArrival,5,33,16832,Node_579,-10,0,17,-10,17,,,,,,,,,
35,VISIT,3529,Random,OnArrival,5,3,16832,Node_18,16,0,12,16,12,,,,,,,,,
35,VISIT,3530,Random,OnArrival,5,3,16832,Node_36,17,0,7,17,7,,,,,,,,,
35,VISIT,3531,Random,OnArrival,5,3,16832,Node_18,16,0,12,16,12,,,,,,,,,
35,VISIT,3532,Random,OnArrival,5,3,16832,Node_46,20,0,12,20,12,,,,,,,,,
35,VISIT,3525,Random,OnArrival,5,34,16838,Node_570,-10,0,14,-10,14,,,,,,,,,
35,VISIT,3527,Random,OnArrival,5,34,16838,Node_561,-9,0,17,-9,17,,,,,,,,,
35,VISIT,3528,Random,OnArrival,5,34,16838,Node_570,-10,0,14,-10,14,,,,,,,,,
35,VISIT,3529,Random,OnArrival,5,4,16838,Node_29,15,0,12,15,12,,,,,,,,,
35,VISIT,3530,Random,OnArrival,5,4,16838,Node_38,16,0,7,16,7,,,,,,,,,
35,VISIT,3531,Random,OnArrival,5,4,16838,Node_29,15,0,12,15,12,,,,,,,,,
35,VISIT,3532,Random,OnArrival,5,4,16838,Node_49,20,0,13,20,13,,,,,,,,,
35,VISIT,3525,Random,OnArrival,5,35,16845,Node_574,-10,0,15,-10,15,,,,,,,,,
35,VISIT,3526,Random,OnArrival,5,36,16845,Node_612,-6,0,17,-6,17,,,,,,,,,
35,VISIT,3528,Random,OnArrival,5,35,16845,Node_574,-10,0,15,-10,15,,,,,,,,,
35,VISIT,3529,Random,OnArrival,5,5,16845,Node_31,15,0,13,15,13,,,,,,,,,
35,VISIT,3530,Random,OnArrival,5,5,16845,Node_141,16,0,6,16,6,,,,,,,,,
35,VISIT,3531,Random,OnArrival,5,5,16845,Node_31,15,0,13,15,13,,,,,,,,,
35,VISIT,3532,Random,OnArrival,5,5,16845,Node_52,20,0,14,20,14,,,,,,,,,
35,VISIT,3525,Random,OnArrival,5,36,16854,Node_576,-10,0,16,-10,16,,,,,,,,,
35,VISIT,3528,Random,OnArrival,5,36,16854,Node_576,-10,0,16,-10,16,,,,,,,,,
35,VISIT,3529,Random,OnArrival,5,6,16854,Node_213,15,0,14,15,14,,,,,,,,,
35,VISIT,3530,Random,OnArrival,5,6,16854,Node_142,15,0,6,15,6,,,,,,,,,
35,VISIT,3531,Random,OnArrival,5,6,16854,Node_213,15,0,14,15,14,,,,,,,,,
35,VISIT,3525,Random,OnArrival,5,37,16867,Node_579,-10,0,17,-10,17,,,,,,,,,
35,VISIT,3526,Random,OnArrival,5,37,16867,Node_500,-5,0,18,-5,18,,,,,,,,,
35,VISIT,3527,Random,OnArrival,5,35,16867,Node_612,-6,0,17,-6,17,,,,,,,,,
35,VISIT,3528,Random,OnArrival,5,37,16867,Node_579,-10,0,17,-10,17,,,,,,,,,
35,VISIT,3529,Random,OnArrival,5,7,16867,Node_41,14,0,14,14,14,,,,,,,,,
35,VISIT,3530,Random,OnArrival,5,7,16867,Node_170,14,0,6,14,6,,,,,,,,,
35,VISIT,3531,Random,OnArrival,5,7,16867,Node_41,14,0,14,14,14,,,,,,,,,
35,VISIT,3532,Random,OnArrival,5,6,16867,Node_65,18,0,14,18,14,,,,,,,,,
35,VISIT,3525,Random,OnArrival,5,38,16881,Node_561,-9,0,17,-9,17,,,,,,,,,
35,VISIT,3526,Random,OnArrival,5,38,16881,Node_499,-4,0,18,-4,18,,,,,,,,,
35,VISIT,3528,Random,OnArrival,5,38,16881,Node_561,-9,0,17,-9,17,,,,,,,,,
35,VISIT,3529,Random,OnArrival,5,8,16881,Node_43,13,0,14,13,14,,,,,,,,,
35,VISIT,3530,Random,OnArrival,5,8,16881,Node_97,13,0,6,13,6,,,,,,,,,
35,VISIT,3531,Random,OnArrival,5,8,16881,Node_43,13,0,14,13,14,,,,,,,,,
35,VISIT,3532,Random,OnArrival,5,7,16881,Node_66,18,0,15,18,15,,,,,,,,,
35,VISIT,3525,Random,OnArrival,5,39,16895,Node_564,-9,0,18,-9,18,,,,,,,,,
35,VISIT,3526,Random,OnArrival,5,39,16895,Node_498,-4,0,17,-4,17,,,,,,,,,
35,VISIT,3529,Random,OnArrival,5,9,16895,Node_45,13,0,15,13,15,,,,,,,,,
35,VISIT,3530,Random,OnArrival,5,9,16895,Node_106,12,0,6,12,6,,,,,,,,,
35,VISIT,3531,Random,OnArrival,5,9,16895,Node_45,13,0,15,13,15,,,,,,,,,
35,VISIT,3532,Random,OnArrival,5,8,16895,Node_67,18,0,16,18,16,,,,,,,,,
35,VISIT,3525,Random,OnArrival,5,40,16909,Node_566,-10,0,18,-10,18,,,,,,,,,
35,VISIT,3526,Random,OnArrival,5,40,16909,Node_497,-3,0,17,-3,17,,,,,,,,,
35,VISIT,3527,Random,OnArrival,5,36,16909,Node_561,-9,0,17,-9,17,,,,,,,,,
35,VISIT,3529,Random,OnArrival,5,10,16909,Node_581,13,0,16,13,16,,,,,,,,,
35,VISIT,3530,Random,OnArrival,5,10,16909,Node_176,11,0,6,11,6,,,,,,,,,
35,VISIT,3531,Random,OnArrival,5,10,16909,Node_581,13,0,16,13,16,,,,,,,,,
35,VISIT,3532,Random,OnArrival,5,9,16909,Node_68,18,0,17,18,17,,,,,,,,,
35,VISIT,3526,Random,OnArrival,5,41,16923,Node_611,-2,0,17,-2,17,,,,,,,,,
35,VISIT,3527,Random,OnArrival,5,37,16923,Node_564,-9,0,18,-9,18,,,,,,,,,
35,VISIT,3528,Random,OnArrival,5,39,16923,Node_612,-6,0,17,-6,17,,,,,,,,,
35,VISIT,3529,Random,OnArrival,5,11,16923,Node_582,13,0,17,13,17,,,,,,,,,
35,VISIT,3530,Random,OnArrival,5,11,16923,Node_217,10,0,6,10,6,,,,,,,,,
35,VISIT,3531,Random,OnArrival,5,11,16923,Node_582,13,0,17,13,17,,,,,,,,,
35,VISIT,3532,Random,OnArrival,5,10,16923,Node_262,18,0,18,18,18,,,,,,,,,
35,VISIT,3525,Random,OnArrival,5,41,16937,Node_571,-10,0,20,-10,20,,,,,,,,,
35,VISIT,3526,Random,OnArrival,5,42,16937,Node_613,-2,0,18,-2,18,,,,,,,,,
35,VISIT,3527,Random,OnArrival,5,38,16937,Node_566,-10,0,18,-10,18,,,,,,,,,
35,VISIT,3528,Random,OnArrival,5,40,16937,Node_602,-5,0,17,-5,17,,,,,,,,,
35,VISIT,3529,Random,OnArrival,5,12,16937,Node_583,13,0,18,13,18,,,,,,,,,
35,VISIT,3530,Random,OnArrival,5,12,16937,Node_256,9,0,6,9,6,,,,,,,,,
35,VISIT,3531,Random,OnArrival,5,12,16937,Node_583,13,0,18,13,18,,,,,,,,,
35,VISIT,3532,Random,OnArrival,5,11,16937,Node_264,18,0,19,18,19,,,,,,,,,
35,VISIT,3526,Random,OnArrival,5,43,16952,Node_615,-2,0,19,-2,19,,,,,,,,,
35,VISIT,3528,Random,OnArrival,5,41,16952,Node_500,-5,0,18,-5,18,,,,,,,,,
35,VISIT,3530,Random,OnArrival,5,13,16952,Node_258,8,0,6,8,6,,,,,,,,,
35,VISIT,3532,Random,OnArrival,5,12,16952,Node_132,17,0,19,17,19,,,,,,,,,
35,VISIT,3526,Random,OnArrival,5,44,16966,Node_627,-1,0,19,-1,19,,,,,,,,,
35,VISIT,3527,Random,OnArrival,5,39,16966,Node_571,-10,0,20,-10,20,,,,,,,,,
35,VISIT,3530,Random,OnArrival,5,14,16966,Node_265,7,0,6,7,6,,,,,,,,,
35,VISIT,3532,Random,OnArrival,5,13,16966,Node_134,17,0,20,17,20,,,,,,,,,
35,VISIT,3526,Random,OnArrival,5,45,16980,Node_619,-1,0,20,-1,20,,,,,,,,,
35,VISIT,3527,Random,OnArrival,5,40,16980,Node_647,-9,0,20,-9,20,,,,,,,,,
35,VISIT,3528,Random,OnArrival,5,42,16980,Node_605,-5,0,20,-5,20,,,,,,,,,
35,VISIT,3530,Random,OnArrival,5,15,16980,Node_267,6,0,6,6,6,,,,,,,,,
35,VISIT,3532,Random,OnArrival,5,14,16980,Node_140,16,0,20,16,20,,,,,,,,,
35,VISIT,3525,Random,OnArrival,5,42,16994,Node_578,-10,0,22,-10,22,,,,,,,,,
35,VISIT,3530,Random,OnArrival,5,16,16994,Node_284,5,0,6,5,6,,,,,,,,,
35,VISIT,3532,Random,OnArrival,5,15,16994,Node_361,15,0,20,15,20,,,,,,,,,
35,VISIT,3526,Random,OnArrival,5,46,17008,Node_629,1,0,20,1,20,,,,,,,,,
35,VISIT,3527,Random,OnArrival,5,41,17008,Node_607,-7,0,20,-7,20,,,,,,,,,
35,VISIT,3528,Random,OnArrival,5,43,17008,Node_605,-5,0,20,-5,20,,,,,,,,,
35,VISIT,3526,Random,OnArrival,5,47,17024,Node_631,1,0,21,1,21,,,,,,,,,
35,VISIT,3530,Random,OnArrival,5,17,17024,Node_336,3,0,6,3,6,,,,,,,,,
35,VISIT,3526,Random,OnArrival,5,48,17039,Node_609,2,0,21,2,21,,,,,,,,,
35,VISIT,3528,Random,OnArrival,5,44,17039,Node_607,-7,0,20,-7,20,,,,,,,,,
35,VISIT,3530,Random,OnArrival,5,18,17039,Node_366,2,0,6,2,6,,,,,,,,,
35,VISIT,3532,Random,OnArrival,5,16,17039,Node_648,14,0,18,14,18,,,,,,,,,
35,VISIT,3525,Random,OnArrival,5,43,17053,Node_644,-9,0,25,-9,25,,,,,,,,,
35,VISIT,3526,Random,OnArrival,5,49,17053,Node_610,2,0,22,2,22,,,,,,,,,
35,VISIT,3532,Random,OnArrival,5,17,17053,Node_659,15,0,18,15,18,,,,,,,,,
35,VISIT,3527,Random,OnArrival,5,42,17069,Node_607,-7,0,20,-7,20,,,,,,,,,
35,VISIT,3528,Random,OnArrival,5,45,17069,Node_647,-9,0,20,-9,20,,,,,,,,,
35,VISIT,3529,Random,OnArrival,5,13,17069,Node_278,15,0,25,15,25,,,,,,,,,
35,VISIT,3531,Random,OnArrival,5,13,17069,Node_278,15,0,25,15,25,,,,,,,,,
35,VISIT,3532,Random,OnArrival,5,18,17069,Node_656,15,0,19,15,19,,,,,,,,,
35,VISIT,3525,Random,OnArrival,5,44,17085,Node_657,-10,0,24,-10,24,,,,,,,,,
35,VISIT,3526,Random,OnArrival,5,50,17085,Node_614,2,0,24,2,24,,,,,,,,,
35,VISIT,3528,Random,OnArrival,5,46,17085,Node_571,-10,0,20,-10,20,,,,,,,,,
35,VISIT,3530,Random,OnArrival,5,19,17085,Node_475,-1,0,6,-1,6,,,,,,,,,
35,VISIT,3531,Random,OnArrival,5,14,17085,Node_663,14,0,25,14,25,,,,,,,,,
35,VISIT,3532,Random,OnArrival,5,19,17085,Node_650,14,0,19,14,19,,,,,,,,,
35,VISIT,3526,Random,OnArrival,5,51,17100,Node_620,1,0,24,1,24,,,,,,,,,
35,VISIT,3527,Random,OnArrival,5,43,17100,Node_647,-9,0,20,-9,20,,,,,,,,,
35,VISIT,3528,Random,OnArrival,5,47,17100,Node_575,-10,0,21,-10,21,,,,,,,,,
35,VISIT,3530,Random,OnArrival,5,20,17100,Node_395,-2,0,6,-2,6,,,,,,,,,
35,VISIT,3531,Random,OnArrival,5,15,17100,Node_662,14,0,24,14,24,,,,,,,,,
35,VISIT,3532,Random,OnArrival,5,20,17100,Node_652,14,0,20,14,20,,,,,,,,,
35,VISIT,3525,Random,OnArrival,5,45,17115,Node_578,-10,0,22,-10,22,,,,,,,,,
35,VISIT,3526,Random,OnArrival,5,52,17115,Node_618,1,0,25,1,25,,,,,,,,,
35,VISIT,3527,Random,OnArrival,5,44,17115,Node_649,-9,0,21,-9,21,,,,,,,,,
35,VISIT,3528,Random,OnArrival,5,48,17115,Node_649,-9,0,21,-9,21,,,,,,,,,
35,VISIT,3529,Random,OnArrival,5,14,17115,Node_276,18,0,25,18,25,,,,,,,,,
35,VISIT,3531,Random,OnArrival,5,16,17115,Node_279,15,0,24,15,24,,,,,,,,,
35,VISIT,3532,Random,OnArrival,5,21,17115,Node_361,15,0,20,15,20,,,,,,,,,
35,VISIT,3525,Random,OnArrival,5,46,17131,Node_651,-9,0,22,-9,22,,,,,,,,,
35,VISIT,3526,Random,OnArrival,5,53,17131,Node_623,0,0,25,0,25,,,,,,,,,
35,VISIT,3527,Random,OnArrival,5,45,17131,Node_575,-10,0,21,-10,21,,,,,,,,,
35,VISIT,3528,Random,OnArrival,5,49,17131,Node_651,-9,0,22,-9,22,,,,,,,,,
35,VISIT,3529,Random,OnArrival,5,15,17131,Node_339,19,0,25,19,25,,,,,,,,,
35,VISIT,3530,Random,OnArrival,5,21,17131,Node_478,-4,0,6,-4,6,,,,,,,,,
35,VISIT,3532,Random,OnArrival,5,22,17131,Node_140,16,0,20,16,20,,,,,,,,,
35,VISIT,3525,Random,OnArrival,5,47,17145,Node_649,-9,0,21,-9,21,,,,,,,,,
35,VISIT,3527,Random,OnArrival,5,46,17145,Node_578,-10,0,22,-10,22,,,,,,,,,
35,VISIT,3528,Random,OnArrival,5,50,17145,Node_578,-10,0,22,-10,22,,,,,,,,,
35,VISIT,3529,Random,OnArrival,5,16,17145,Node_341,19,0,24,19,24,,,,,,,,,
35,VISIT,3530,Random,OnArrival,5,22,17145,Node_481,-4,0,7,-4,7,,,,,,,,,
35,VISIT,3532,Random,OnArrival,5,23,17145,Node_138,16,0,21,16,21,,,,,,,,,
35,VISIT,3525,Random,OnArrival,5,48,17159,Node_651,-9,0,22,-9,22,,,,,,,,,
35,VISIT,3529,Random,OnArrival,5,17,17159,Node_275,18,0,24,18,24,,,,,,,,,
35,VISIT,3530,Random,OnArrival,5,23,17159,Node_527,-5,0,7,-5,7,,,,,,,,,
35,VISIT,3531,Random,OnArrival,5,17,17159,Node_362,15,0,21,15,21,,,,,,,,,
35,VISIT,3532,Random,OnArrival,5,24,17159,Node_362,15,0,21,15,21,,,,,,,,,
35,VISIT,3525,Random,OnArrival,5,49,17174,Node_578,-10,0,22,-10,22,,,,,,,,,
35,VISIT,3527,Random,OnArrival,5,47,17174,Node_657,-10,0,24,-10,24,,,,,,,,,
35,VISIT,3528,Random,OnArrival,5,51,17174,Node_657,-10,0,24,-10,24,,,,,,,,,
35,VISIT,3529,Random,OnArrival,5,18,17174,Node_276,18,0,25,18,25,,,,,,,,,
35,VISIT,3530,Random,OnArrival,5,24,17174,Node_451,-6,0,7,-6,7,,,,,,,,,
35,VISIT,3531,Random,OnArrival,5,18,17174,Node_654,14,0,21,14,21,,,,,,,,,
35,VISIT,3532,Random,OnArrival,5,25,17174,Node_654,14,0,21,14,21,,,,,,,,,
35,VISIT,3527,Random,OnArrival,5,48,17189,Node_660,-10,0,25,-10,25,,,,,,,,,
35,VISIT,3528,Random,OnArrival,5,52,17189,Node_660,-10,0,25,-10,25,,,,,,,,,
35,VISIT,3529,Random,OnArrival,5,19,17189,Node_339,19,0,25,19,25,,,,,,,,,
35,VISIT,3530,Random,OnArrival,5,25,17189,Node_432,-7,0,7,-7,7,,,,,,,,,
35,VISIT,3531,Random,OnArrival,5,19,17189,Node_655,14,0,22,14,22,,,,,,,,,
35,VISIT,3532,Random,OnArrival,5,26,17189,Node_362,15,0,21,15,21,,,,,,,,,
35,VISIT,3525,Random,OnArrival,5,50,17204,Node_657,-10,0,24,-10,24,,,,,,,,,
35,VISIT,3526,Random,OnArrival,5,54,17204,Node_628,-5,0,25,-5,25,,,,,,,,,
35,VISIT,3527,Random,OnArrival,5,49,17204,Node_644,-9,0,25,-9,25,,,,,,,,,
35,VISIT,3528,Random,OnArrival,5,53,17204,Node_644,-9,0,25,-9,25,,,,,,,,,
35,VISIT,3530,Random,OnArrival,5,26,17204,Node_435,-7,0,8,-7,8,,,,,,,,,
35,VISIT,3532,Random,OnArrival,5,27,17204,Node_138,16,0,21,16,21,,,,,,,,,
35,VISIT,3525,Random,OnArrival,5,51,17219,Node_660,-10,0,25,-10,25,,,,,,,,,
35,VISIT,3526,Random,OnArrival,5,55,17219,Node_630,-5,0,24,-5,24,,,,,,,,,
35,VISIT,3532,Random,OnArrival,5,28,17219,Node_136,17,0,21,17,21,,,,,,,,,
35,VISIT,3525,Random,OnArrival,5,52,17235,Node_644,-9,0,25,-9,25,,,,,,,,,
35,VISIT,3526,Random,OnArrival,5,56,17235,Node_632,-5,0,23,-5,23,,,,,,,,,
35,VISIT,3527,Random,OnArrival,5,50,17235,Node_639,-7,0,25,-7,25,,,,,,,,,
35,VISIT,3528,Random,OnArrival,5,54,17235,Node_639,-7,0,25,-7,25,,,,,,,,,
35,VISIT,3532,Random,OnArrival,5,29,17235,Node_268,18,0,21,18,21,,,,,,,,,
35,VISIT,3526,Random,OnArrival,5,57,17251,Node_633,-5,0,22,-5,22,,,,,,,,,
35,VISIT,3527,Random,OnArrival,5,51,17251,Node_638,-6,0,25,-6,25,,,,,,,,,
35,VISIT,3528,Random,OnArrival,5,55,17251,Node_638,-6,0,25,-6,25,,,,,,,,,
35,VISIT,3530,Random,OnArrival,5,27,17251,Node_577,-10,0,8,-10,8,,,,,,,,,
35,VISIT,3532,Random,OnArrival,5,30,17251,Node_271,18,0,22,18,22,,,,,,,,,
35,VISIT,3525,Random,OnArrival,5,53,17267,Node_639,-7,0,25,-7,25,,,,,,,,,
35,VISIT,3526,Random,OnArrival,5,58,17267,Node_634,-4,0,22,-4,22,,,,,,,,,
35,VISIT,3527,Random,OnArrival,5,52,17267,Node_637,-6,0,24,-6,24,,,,,,,,,
35,VISIT,3528,Random,OnArrival,5,56,17267,Node_637,-6,0,24,-6,24,,,,,,,,,
35,VISIT,3529,Random,OnArrival,5,20,17267,Node_335,24,0,25,24,25,,,,,,,,,
35,VISIT,3532,Random,OnArrival,5,31,17267,Node_274,18,0,23,18,23,,,,,,,,,
35,VISIT,3525,Random,OnArrival,5,54,17283,Node_638,-6,0,25,-6,25,,,,,,,,,
35,VISIT,3527,Random,OnArrival,5,53,17283,Node_630,-5,0,24,-5,24,,,,,,,,,
35,VISIT,3528,Random,OnArrival,5,57,17283,Node_630,-5,0,24,-5,24,,,,,,,,,
35,VISIT,3530,Random,OnArrival,5,28,17283,Node_580,-10,0,10,-10,10,,,,,,,,,
35,VISIT,3531,Random,OnArrival,5,20,17283,Node_593,11,0,25,11,25,,,,,,,,,
35,VISIT,3532,Random,OnArrival,5,32,17283,Node_344,19,0,23,19,23,,,,,,,,,
35,VISIT,3525,Random,OnArrival,5,55,17298,Node_637,-6,0,24,-6,24,,,,,,,,,
35,VISIT,3527,Random,OnArrival,5,54,17298,Node_632,-5,0,23,-5,23,,,,,,,,,
35,VISIT,3528,Random,OnArrival,5,58,17298,Node_632,-5,0,23,-5,23,,,,,,,,,
35,VISIT,3530,Random,OnArrival,5,29,17298,Node_563,-10,0,11,-10,11,,,,,,,,,
35,VISIT,3525,Random,OnArrival,5,56,17314,Node_630,-5,0,24,-5,24,,,,,,,,,
35,VISIT,3526,Random,OnArrival,5,59,17314,Node_636,-4,0,23,-4,23,,,,,,,,,
35,VISIT,3527,Random,OnArrival,5,55,17314,Node_636,-4,0,23,-4,23,,,,,,,,,
35,VISIT,3528,Random,OnArrival,5,59,17314,Node_636,-4,0,23,-4,23,,,,,,,,,
35,VISIT,3532,Random,OnArrival,5,33,17314,Node_323,21,0,23,21,23,,,,,,,,,
35,VISIT,3525,Random,OnArrival,5,57,17330,Node_632,-5,0,23,-5,23,,,,,,,,,
35,VISIT,3526,Random,OnArrival,5,60,17330,Node_634,-4,0,22,-4,22,,,,,,,,,
35,VISIT,3527,Random,OnArrival,5,56,17330,Node_634,-4,0,22,-4,22,,,,,,,,,
35,VISIT,3528,Random,OnArrival,5,60,17330,Node_634,-4,0,22,-4,22,,,,,,,,,
35,VISIT,3525,Random,OnArrival,5,58,17346,Node_636,-4,0,23,-4,23,,,,,,,,,
35,VISIT,3526,Random,OnArrival,5,61,17346,Node_672,-3,0,22,-3,22,,,,,,,,,
35,VISIT,3527,Random,OnArrival,5,57,17346,Node_672,-3,0,22,-3,22,,,,,,,,,
35,VISIT,3528,Random,OnArrival,5,61,17346,Node_672,-3,0,22,-3,22,,,,,,,,,
35,VISIT,3530,Random,OnArrival,5,30,17346,Node_570,-10,0,14,-10,14,,,,,,,,,
35,VISIT,3532,Random,OnArrival,5,34,17346,Node_344,19,0,23,19,23,,,,,,,,,
35,VISIT,3525,Random,OnArrival,5,59,17361,Node_634,-4,0,22,-4,22,,,,,,,,,
35,VISIT,3526,Random,OnArrival,5,62,17361,Node_624,-2,0,22,-2,22,,,,,,,,,
35,VISIT,3527,Random,OnArrival,5,58,17361,Node_624,-2,0,22,-2,22,,,,,,,,,
35,VISIT,3528,Random,OnArrival,5,62,17361,Node_624,-2,0,22,-2,22,,,,,,,,,
35,VISIT,3530,Random,OnArrival,5,31,17361,Node_574,-10,0,15,-10,15,,,,,,,,,
35,VISIT,3532,Random,OnArrival,5,35,17361,Node_341,19,0,24,19,24,,,,,,,,,
35,VISIT,3525,Random,OnArrival,5,60,17372,Node_672,-3,0,22,-3,22,,,,,,,,,
35,VISIT,3526,Random,OnArrival,5,63,17372,Node_625,-2,0,23,-2,23,,,,,,,,,
35,VISIT,3527,Random,OnArrival,5,59,17372,Node_672,-3,0,22,-3,22,,,,,,,,,
35,VISIT,3528,Random,OnArrival,5,63,17372,Node_672,-3,0,22,-3,22,,,,,,,,,
35,VISIT,3530,Random,OnArrival,5,32,17372,Node_576,-10,0,16,-10,16,,,,,,,,,
35,VISIT,3532,Random,OnArrival,5,36,17372,Node_339,19,0,25,19,25,,,,,,,,,
35,VISIT,3533,Random,OnArrival,5,0,17374,Node_6,19,0,12,19,12,,,,,,,,,
35,VISIT,3534,Random,OnArrival,5,0,17374,Node_7,19,0,8,19,8,,,,,,,,,
35,VISIT,3535,Random,OnArrival,5,0,17374,Node_8,17,0,10,17,10,,,,,,,,,
35,VISIT,3536,Random,OnArrival,5,0,17374,Node_9,21,0,10,21,10,,,,,,,,,
35,VISIT,3525,Random,OnArrival,5,61,17378,Node_674,-3,0,23,-3,23,,,,,,,,,
35,VISIT,3526,Random,OnArrival,5,64,17378,Node_674,-3,0,23,-3,23,,,,,,,,,
35,VISIT,3527,Random,OnArrival,5,60,17378,Node_674,-3,0,23,-3,23,,,,,,,,,
35,VISIT,3528,Random,OnArrival,5,64,17378,Node_674,-3,0,23,-3,23,,,,,,,,,
35,VISIT,3530,Random,OnArrival,5,33,17378,Node_579,-10,0,17,-10,17,,,,,,,,,
35,VISIT,3533,Random,OnArrival,5,1,17379,Node_10,18,0,12,18,12,,,,,,,,,
35,VISIT,3534,Random,OnArrival,5,1,17379,Node_3,19,0,9,19,9,,,,,,,,,
35,VISIT,3535,Random,OnArrival,5,1,17379,Node_12,17,0,11,17,11,,,,,,,,,
35,VISIT,3536,Random,OnArrival,5,1,17379,Node_5,20,0,10,20,10,,,,,,,,,
35,VISIT,3525,Random,OnArrival,5,62,17384,Node_625,-2,0,23,-2,23,,,,,,,,,
35,VISIT,3526,Random,OnArrival,5,65,17384,Node_672,-3,0,22,-3,22,,,,,,,,,
35,VISIT,3527,Random,OnArrival,5,61,17384,Node_672,-3,0,22,-3,22,,,,,,,,,
35,VISIT,3528,Random,OnArrival,5,65,17384,Node_672,-3,0,22,-3,22,,,,,,,,,
35,VISIT,3530,Random,OnArrival,5,34,17384,Node_566,-10,0,18,-10,18,,,,,,,,,
35,VISIT,3533,Random,OnArrival,5,2,17386,Node_16,17,0,12,17,12,,,,,,,,,
35,VISIT,3534,Random,OnArrival,5,2,17386,Node_20,19,0,10,19,10,,,,,,,,,
35,VISIT,3535,Random,OnArrival,5,2,17386,Node_16,17,0,12,17,12,,,,,,,,,
35,VISIT,3536,Random,OnArrival,5,2,17386,Node_55,20,0,11,20,11,,,,,,,,,
35,VISIT,3525,Random,OnArrival,5,63,17390,Node_624,-2,0,22,-2,22,,,,,,,,,
35,VISIT,3526,Random,OnArrival,5,66,17390,Node_624,-2,0,22,-2,22,,,,,,,,,
35,VISIT,3527,Random,OnArrival,5,62,17390,Node_624,-2,0,22,-2,22,,,,,,,,,
35,VISIT,3528,Random,OnArrival,5,66,17390,Node_624,-2,0,22,-2,22,,,,,,,,,
35,VISIT,3533,Random,OnArrival,5,3,17392,Node_18,16,0,12,16,12,,,,,,,,,
35,VISIT,3534,Random,OnArrival,5,3,17392,Node_4,18,0,10,18,10,,,,,,,,,
35,VISIT,3535,Random,OnArrival,5,3,17392,Node_18,16,0,12,16,12,,,,,,,,,
35,VISIT,3536,Random,OnArrival,5,3,17392,Node_46,20,0,12,20,12,,,,,,,,,
35,VISIT,3525,Random,OnArrival,5,64,17396,Node_622,-1,0,22,-1,22,,,,,,,,,
35,VISIT,3526,Random,OnArrival,5,67,17396,Node_622,-1,0,22,-1,22,,,,,,,,,
35,VISIT,3527,Random,OnArrival,5,63,17396,Node_622,-1,0,22,-1,22,,,,,,,,,
35,VISIT,3528,Random,OnArrival,5,67,17396,Node_622,-1,0,22,-1,22,,,,,,,,,
35,VISIT,3530,Random,OnArrival,5,35,17396,Node_571,-10,0,20,-10,20,,,,,,,,,
35,VISIT,3533,Random,OnArrival,5,4,17399,Node_29,15,0,12,15,12,,,,,,,,,
35,VISIT,3534,Random,OnArrival,5,4,17399,Node_8,17,0,10,17,10,,,,,,,,,
35,VISIT,3535,Random,OnArrival,5,4,17399,Node_29,15,0,12,15,12,,,,,,,,,
35,VISIT,3536,Random,OnArrival,5,4,17399,Node_49,20,0,13,20,13,,,,,,,,,
35,VISIT,3530,Random,OnArrival,5,36,17403,Node_575,-10,0,21,-10,21,,,,,,,,,
35,VISIT,3532,Random,OnArrival,5,37,17403,Node_335,24,0,25,24,25,,,,,,,,,
35,VISIT,3533,Random,OnArrival,5,5,17406,Node_31,15,0,13,15,13,,,,,,,,,
35,VISIT,3534,Random,OnArrival,5,5,17406,Node_12,17,0,11,17,11,,,,,,,,,
35,VISIT,3535,Random,OnArrival,5,5,17406,Node_31,15,0,13,15,13,,,,,,,,,
35,VISIT,3536,Random,OnArrival,5,5,17406,Node_52,20,0,14,20,14,,,,,,,,,
35,VISIT,3525,Random,OnArrival,5,65,17410,Node_619,-1,0,20,-1,20,,,,,,,,,
35,VISIT,3526,Random,OnArrival,5,68,17410,Node_619,-1,0,20,-1,20,,,,,,,,,
35,VISIT,3527,Random,OnArrival,5,64,17410,Node_619,-1,0,20,-1,20,,,,,,,,,
35,VISIT,3528,Random,OnArrival,5,68,17410,Node_619,-1,0,20,-1,20,,,,,,,,,
35,VISIT,3530,Random,OnArrival,5,37,17410,Node_578,-10,0,22,-10,22,,,,,,,,,
35,VISIT,3532,Random,OnArrival,5,38,17410,Node_673,25,0,25,25,25,,,,,,,,,
35,VISIT,3533,Random,OnArrival,5,6,17413,Node_213,15,0,14,15,14,,,,,,,,,
35,VISIT,3534,Random,OnArrival,5,6,17413,Node_16,17,0,12,17,12,,,,,,,,,
35,VISIT,3535,Random,OnArrival,5,6,17413,Node_213,15,0,14,15,14,,,,,,,,,
35,VISIT,3525,Random,OnArrival,5,66,17419,Node_627,-1,0,19,-1,19,,,,,,,,,
35,VISIT,3526,Random,OnArrival,5,69,17419,Node_627,-1,0,19,-1,19,,,,,,,,,
35,VISIT,3527,Random,OnArrival,5,65,17419,Node_627,-1,0,19,-1,19,,,,,,,,,
35,VISIT,3528,Random,OnArrival,5,69,17419,Node_627,-1,0,19,-1,19,,,,,,,,,
35,VISIT,3530,Random,OnArrival,5,38,17419,Node_575,-10,0,21,-10,21,,,,,,,,,
35,VISIT,3533,Random,OnArrival,5,7,17422,Node_41,14,0,14,14,14,,,,,,,,,
35,VISIT,3534,Random,OnArrival,5,7,17422,Node_18,16,0,12,16,12,,,,,,,,,
35,VISIT,3535,Random,OnArrival,5,7,17422,Node_41,14,0,14,14,14,,,,,,,,,
35,VISIT,3536,Random,OnArrival,5,6,17422,Node_65,18,0,14,18,14,,,,,,,,,
35,VISIT,3525,Random,OnArrival,5,67,17426,Node_626,-1,0,18,-1,18,,,,,,,,,
35,VISIT,3526,Random,OnArrival,5,70,17426,Node_626,-1,0,18,-1,18,,,,,,,,,
35,VISIT,3527,Random,OnArrival,5,66,17426,Node_626,-1,0,18,-1,18,,,,,,,,,
35,VISIT,3528,Random,OnArrival,5,70,17426,Node_626,-1,0,18,-1,18,,,,,,,,,
35,VISIT,3530,Random,OnArrival,5,39,17426,Node_571,-10,0,20,-10,20,,,,,,,,,
35,VISIT,3533,Random,OnArrival,5,8,17429,Node_43,13,0,14,13,14,,,,,,,,,
35,VISIT,3534,Random,OnArrival,5,8,17429,Node_29,15,0,12,15,12,,,,,,,,,
35,VISIT,3535,Random,OnArrival,5,8,17429,Node_43,13,0,14,13,14,,,,,,,,,
35,VISIT,3536,Random,OnArrival,5,7,17429,Node_126,17,0,14,17,14,,,,,,,,,
35,VISIT,3533,Random,OnArrival,5,9,17441,Node_71,12,0,14,12,14,,,,,,,,,
35,VISIT,3534,Random,OnArrival,5,9,17441,Node_31,15,0,13,15,13,,,,,,,,,
35,VISIT,3535,Random,OnArrival,5,9,17441,Node_71,12,0,14,12,14,,,,,,,,,
35,VISIT,3536,Random,OnArrival,5,8,17441,Node_207,16,0,14,16,14,,,,,,,,,
35,VISIT,3530,Random,OnArrival,5,40,17448,Node_566,-10,0,18,-10,18,,,,,,,,,
35,VISIT,3534,Random,OnArrival,5,10,17452,Node_213,15,0,14,15,14,,,,,,,,,
35,VISIT,3536,Random,OnArrival,5,9,17452,Node_213,15,0,14,15,14,,,,,,,,,
35,VISIT,3525,Random,OnArrival,5,68,17459,Node_388,1,0,17,1,17,,,,,,,,,
35,VISIT,3526,Random,OnArrival,5,71,17459,Node_388,1,0,17,1,17,,,,,,,,,
35,VISIT,3527,Random,OnArrival,5,67,17459,Node_388,1,0,17,1,17,,,,,,,,,
35,VISIT,3528,Random,OnArrival,5,71,17459,Node_388,1,0,17,1,17,,,,,,,,,
35,VISIT,3530,Random,OnArrival,5,41,17459,Node_564,-9,0,18,-9,18,,,,,,,,,
35,VISIT,3533,Random,OnArrival,5,10,17463,Node_233,10,0,14,10,14,,,,,,,,,
35,VISIT,3534,Random,OnArrival,5,11,17463,Node_41,14,0,14,14,14,,,,,,,,,
35,VISIT,3535,Random,OnArrival,5,10,17463,Node_233,10,0,14,10,14,,,,,,,,,
35,VISIT,3536,Random,OnArrival,5,10,17463,Node_41,14,0,14,14,14,,,,,,,,,
35,VISIT,3525,Random,OnArrival,5,69,17470,Node_584,2,0,17,2,17,,,,,,,,,
35,VISIT,3526,Random,OnArrival,5,72,17470,Node_584,2,0,17,2,17,,,,,,,,,
35,VISIT,3527,Random,OnArrival,5,68,17470,Node_584,2,0,17,2,17,,,,,,,,,
35,VISIT,3528,Random,OnArrival,5,72,17470,Node_584,2,0,17,2,17,,,,,,,,,
35,VISIT,3530,Random,OnArrival,5,42,17470,Node_561,-9,0,17,-9,17,,,,,,,,,
35,VISIT,3533,Random,OnArrival,5,11,17474,Node_235,10,0,15,10,15,,,,,,,,,
35,VISIT,3534,Random,OnArrival,5,12,17474,Node_43,13,0,14,13,14,,,,,,,,,
35,VISIT,3535,Random,OnArrival,5,11,17474,Node_235,10,0,15,10,15,,,,,,,,,
35,VISIT,3536,Random,OnArrival,5,11,17474,Node_43,13,0,14,13,14,,,,,,,,,
35,VISIT,3525,Random,OnArrival,5,70,17482,Node_471,3,0,17,3,17,,,,,,,,,
35,VISIT,3526,Random,OnArrival,5,73,17482,Node_471,3,0,17,3,17,,,,,,,,,
35,VISIT,3527,Random,OnArrival,5,69,17482,Node_471,3,0,17,3,17,,,,,,,,,
35,VISIT,3528,Random,OnArrival,5,73,17482,Node_471,3,0,17,3,17,,,,,,,,,
35,VISIT,3533,Random,OnArrival,5,12,17488,Node_236,9,0,15,9,15,,,,,,,,,
35,VISIT,3534,Random,OnArrival,5,13,17488,Node_71,12,0,14,12,14,,,,,,,,,
35,VISIT,3535,Random,OnArrival,5,12,17488,Node_236,9,0,15,9,15,,,,,,,,,
35,VISIT,3536,Random,OnArrival,5,12,17488,Node_71,12,0,14,12,14,,,,,,,,,
35,VISIT,3525,Random,OnArrival,5,71,17496,Node_470,4,0,17,4,17,,,,,,,,,
35,VISIT,3526,Random,OnArrival,5,74,17496,Node_470,4,0,17,4,17,,,,,,,,,
35,VISIT,3527,Random,OnArrival,5,70,17496,Node_470,4,0,17,4,17,,,,,,,,,
35,VISIT,3528,Random,OnArrival,5,74,17496,Node_470,4,0,17,4,17,,,,,,,,,
35,VISIT,3532,Random,OnArrival,5,39,17496,Node_681,29,0,25,29,25,,,,,,,,,
35,VISIT,3533,Random,OnArrival,5,13,17503,Node_237,9,0,16,9,16,,,,,,,,,
35,VISIT,3535,Random,OnArrival,5,13,17503,Node_237,9,0,16,9,16,,,,,,,,,
35,VISIT,3525,Random,OnArrival,5,72,17512,Node_386,5,0,17,5,17,,,,,,,,,
35,VISIT,3526,Random,OnArrival,5,75,17512,Node_386,5,0,17,5,17,,,,,,,,,
35,VISIT,3527,Random,OnArrival,5,71,17512,Node_386,5,0,17,5,17,,,,,,,,,
35,VISIT,3528,Random,OnArrival,5,75,17512,Node_386,5,0,17,5,17,,,,,,,,,
35,VISIT,3530,Random,OnArrival,5,43,17512,Node_612,-6,0,17,-6,17,,,,,,,,,
35,VISIT,3533,Random,OnArrival,5,14,17519,Node_568,9,0,17,9,17,,,,,,,,,
35,VISIT,3534,Random,OnArrival,5,14,17519,Node_233,10,0,14,10,14,,,,,,,,,
35,VISIT,3535,Random,OnArrival,5,14,17519,Node_568,9,0,17,9,17,,,,,,,,,
35,VISIT,3536,Random,OnArrival,5,13,17519,Node_233,10,0,14,10,14,,,,,,,,,
35,VISIT,3525,Random,OnArrival,5,73,17528,Node_389,5,0,18,5,18,,,,,,,,,
35,VISIT,3526,Random,OnArrival,5,76,17528,Node_389,5,0,18,5,18,,,,,,,,,
35,VISIT,3527,Random,OnArrival,5,72,17528,Node_389,5,0,18,5,18,,,,,,,,,
35,VISIT,3528,Random,OnArrival,5,76,17528,Node_389,5,0,18,5,18,,,,,,,,,
35,VISIT,3530,Random,OnArrival,5,44,17528,Node_602,-5,0,17,-5,17,,,,,,,,,
35,VISIT,3533,Random,OnArrival,5,15,17535,Node_545,8,0,17,8,17,,,,,,,,,
35,VISIT,3534,Random,OnArrival,5,15,17535,Node_235,10,0,15,10,15,,,,,,,,,
35,VISIT,3535,Random,OnArrival,5,15,17535,Node_545,8,0,17,8,17,,,,,,,,,
35,VISIT,3536,Random,OnArrival,5,14,17535,Node_235,10,0,15,10,15,,,,,,,,,
35,VISIT,3525,Random,OnArrival,5,74,17544,Node_565,6,0,18,6,18,,,,,,,,,
35,VISIT,3526,Random,OnArrival,5,77,17544,Node_565,6,0,18,6,18,,,,,,,,,
35,VISIT,3527,Random,OnArrival,5,73,17544,Node_565,6,0,18,6,18,,,,,,,,,
35,VISIT,3528,Random,OnArrival,5,77,17544,Node_565,6,0,18,6,18,,,,,,,,,
35,VISIT,3530,Random,OnArrival,5,45,17544,Node_498,-4,0,17,-4,17,,,,,,,,,
35,VISIT,3533,Random,OnArrival,5,16,17551,Node_546,8,0,18,8,18,,,,,,,,,
35,VISIT,3534,Random,OnArrival,5,16,17551,Node_236,9,0,15,9,15,,,,,,,,,
35,VISIT,3535,Random,OnArrival,5,16,17551,Node_546,8,0,18,8,18,,,,,,,,,
35,VISIT,3536,Random,OnArrival,5,15,17551,Node_236,9,0,15,9,15,,,,,,,,,
35,VISIT,3525,Random,OnArrival,5,75,17560,Node_549,7,0,18,7,18,,,,,,,,,
35,VISIT,3526,Random,OnArrival,5,78,17560,Node_549,7,0,18,7,18,,,,,,,,,
35,VISIT,3527,Random,OnArrival,5,74,17560,Node_549,7,0,18,7,18,,,,,,,,,
35,VISIT,3528,Random,OnArrival,5,78,17560,Node_549,7,0,18,7,18,,,,,,,,,
35,VISIT,3530,Random,OnArrival,5,46,17560,Node_497,-3,0,17,-3,17,,,,,,,,,
35,VISIT,3532,Random,OnArrival,5,40,17560,Node_673,25,0,25,25,25,,,,,,,,,
35,VISIT,3533,Random,OnArrival,5,17,17567,Node_549,7,0,18,7,18,,,,,,,,,
35,VISIT,3534,Random,OnArrival,5,17,17567,Node_237,9,0,16,9,16,,,,,,,,,
35,VISIT,3535,Random,OnArrival,5,17,17567,Node_572,9,0,18,9,18,,,,,,,,,
35,VISIT,3536,Random,OnArrival,5,16,17567,Node_237,9,0,16,9,16,,,,,,,,,
35,VISIT,3525,Random,OnArrival,5,76,17576,Node_546,8,0,18,8,18,,,,,,,,,
35,VISIT,3526,Random,OnArrival,5,79,17576,Node_546,8,0,18,8,18,,,,,,,,,
35,VISIT,3527,Random,OnArrival,5,75,17576,Node_546,8,0,18,8,18,,,,,,,,,
35,VISIT,3528,Random,OnArrival,5,79,17576,Node_546,8,0,18,8,18,,,,,,,,,
35,VISIT,3530,Random,OnArrival,5,47,17576,Node_611,-2,0,17,-2,17,,,,,,,,,
35,VISIT,3532,Random,OnArrival,5,41,17576,Node_335,24,0,25,24,25,,,,,,,,,
35,VISIT,3533,Random,OnArrival,5,18,17583,Node_552,7,0,19,7,19,,,,,,,,,
35,VISIT,3534,Random,OnArrival,5,18,17583,Node_568,9,0,17,9,17,,,,,,,,,
35,VISIT,3536,Random,OnArrival,5,17,17583,Node_568,9,0,17,9,17,,,,,,,,,
35,VISIT,3525,Random,OnArrival,5,77,17592,Node_545,8,0,17,8,17,,,,,,,,,
35,VISIT,3526,Random,OnArrival,5,80,17592,Node_545,8,0,17,8,17,,,,,,,,,
35,VISIT,3527,Random,OnArrival,5,76,17592,Node_545,8,0,17,8,17,,,,,,,,,
35,VISIT,3528,Random,OnArrival,5,80,17592,Node_545,8,0,17,8,17,,,,,,,,,
35,VISIT,3530,Random,OnArrival,5,48,17592,Node_613,-2,0,18,-2,18,,,,,,,,,
35,VISIT,3532,Random,OnArrival,5,42,17592,Node_334,24,0,24,24,24,,,,,,,,,
35,VISIT,3533,Random,OnArrival,5,19,17599,Node_555,7,0,20,7,20,,,,,,,,,
35,VISIT,3534,Random,OnArrival,5,19,17599,Node_572,9,0,18,9,18,,,,,,,,,
35,VISIT,3535,Random,OnArrival,5,18,17599,Node_585,11,0,18,11,18,,,,,,,,,
35,VISIT,3536,Random,OnArrival,5,18,17599,Node_572,9,0,18,9,18,,,,,,,,,
35,VISIT,3525,Random,OnArrival,5,78,17607,Node_546,8,0,18,8,18,,,,,,,,,
35,VISIT,3526,Random,OnArrival,5,81,17607,Node_546,8,0,18,8,18,,,,,,,,,
35,VISIT,3527,Random,OnArrival,5,77,17607,Node_546,8,0,18,8,18,,,,,,,,,
35,VISIT,3528,Random,OnArrival,5,81,17607,Node_546,8,0,18,8,18,,,,,,,,,
35,VISIT,3530,Random,OnArrival,5,49,17607,Node_626,-1,0,18,-1,18,,,,,,,,,
35,VISIT,3532,Random,OnArrival,5,43,17607,Node_675,25,0,24,25,24,,,,,,,,,
35,VISIT,3533,Random,OnArrival,5,20,17612,Node_641,8,0,20,8,20,,,,,,,,,
35,VISIT,3525,Random,OnArrival,5,79,17621,Node_549,7,0,18,7,18,,,,,,,,,
35,VISIT,3526,Random,OnArrival,5,82,17621,Node_572,9,0,18,9,18,,,,,,,,,
35,VISIT,3527,Random,OnArrival,5,78,17621,Node_572,9,0,18,9,18,,,,,,,,,
35,VISIT,3528,Random,OnArrival,5,82,17621,Node_572,9,0,18,9,18,,,,,,,,,
35,VISIT,3530,Random,OnArrival,5,50,17621,Node_627,-1,0,19,-1,19,,,,,,,,,
35,VISIT,3534,Random,OnArrival,5,20,17626,Node_585,11,0,18,11,18,,,,,,,,,
35,VISIT,3535,Random,OnArrival,5,19,17626,Node_587,11,0,20,11,20,,,,,,,,,
35,VISIT,3536,Random,OnArrival,5,19,17626,Node_585,11,0,18,11,18,,,,,,,,,
35,VISIT,3525,Random,OnArrival,5,80,17634,Node_552,7,0,19,7,19,,,,,,,,,
35,VISIT,3530,Random,OnArrival,5,51,17634,Node_619,-1,0,20,-1,20,,,,,,,,,
35,VISIT,3525,Random,OnArrival,5,81,17647,Node_555,7,0,20,7,20,,,,,,,,,
35,VISIT,3526,Random,OnArrival,5,83,17647,Node_585,11,0,18,11,18,,,,,,,,,
35,VISIT,3527,Random,OnArrival,5,79,17647,Node_585,11,0,18,11,18,,,,,,,,,
35,VISIT,3528,Random,OnArrival,5,83,17647,Node_585,11,0,18,11,18,,,,,,,,,
35,VISIT,3532,Random,OnArrival,5,44,17647,Node_125,24,0,22,24,22,,,,,,,,,
35,VISIT,3534,Random,OnArrival,5,21,17654,Node_587,11,0,20,11,20,,,,,,,,,
35,VISIT,3536,Random,OnArrival,5,20,17654,Node_587,11,0,20,11,20,,,,,,,,,
35,VISIT,3525,Random,OnArrival,5,82,17662,Node_641,8,0,20,8,20,,,,,,,,,
35,VISIT,3530,Random,OnArrival,5,52,17662,Node_629,1,0,20,1,20,,,,,,,,,
35,VISIT,3532,Random,OnArrival,5,45,17662,Node_687,25,0,22,25,22,,,,,,,,,
35,VISIT,3533,Random,OnArrival,5,21,17667,Node_643,8,0,22,8,22,,,,,,,,,
35,VISIT,3534,Random,OnArrival,5,22,17667,Node_689,12,0,20,12,20,,,,,,,,,
35,VISIT,3536,Random,OnArrival,5,21,17667,Node_588,11,0,21,11,21,,,,,,,,,
35,VISIT,3525,Random,OnArrival,5,83,17675,Node_642,8,0,21,8,21,,,,,,,,,
35,VISIT,3526,Random,OnArrival,5,84,17675,Node_587,11,0,20,11,20,,,,,,,,,
35,VISIT,3527,Random,OnArrival,5,80,17675,Node_587,11,0,20,11,20,,,,,,,,,
35,VISIT,3528,Random,OnArrival,5,84,17675,Node_587,11,0,20,11,20,,,,,,,,,
35,VISIT,3530,Random,OnArrival,5,53,17675,Node_608,2,0,20,2,20,,,,,,,,,
35,VISIT,3533,Random,OnArrival,5,22,17682,Node_642,8,0,21,8,21,,,,,,,,,
35,VISIT,3534,Random,OnArrival,5,23,17682,Node_587,11,0,20,11,20,,,,,,,,,
35,VISIT,3535,Random,OnArrival,5,20,17682,Node_669,12,0,23,12,23,,,,,,,,,
35,VISIT,3525,Random,OnArrival,5,84,17690,Node_688,9,0,21,9,21,,,,,,,,,
35,VISIT,3526,Random,OnArrival,5,85,17690,Node_588,11,0,21,11,21,,,,,,,,,
35,VISIT,3527,Random,OnArrival,5,81,17690,Node_588,11,0,21,11,21,,,,,,,,,
35,VISIT,3528,Random,OnArrival,5,85,17690,Node_588,11,0,21,11,21,,,,,,,,,
35,VISIT,3530,Random,OnArrival,5,54,17690,Node_594,3,0,20,3,20,,,,,,,,,
35,VISIT,3533,Random,OnArrival,5,23,17697,Node_688,9,0,21,9,21,,,,,,,,,
35,VISIT,3534,Random,OnArrival,5,24,17697,Node_588,11,0,21,11,21,,,,,,,,,
35,VISIT,3535,Random,OnArrival,5,21,17697,Node_590,11,0,23,11,23,,,,,,,,,
35,VISIT,3536,Random,OnArrival,5,22,17697,Node_688,9,0,21,9,21,,,,,,,,,
35,VISIT,3535,Random,OnArrival,5,22,17713,Node_591,11,0,24,11,24,,,,,,,,,
35,VISIT,3525,Random,OnArrival,5,85,17721,Node_588,11,0,21,11,21,,,,,,,,,
35,VISIT,3526,Random,OnArrival,5,86,17721,Node_688,9,0,21,9,21,,,,,,,,,
35,VISIT,3527,Random,OnArrival,5,82,17721,Node_688,9,0,21,9,21,,,,,,,,,
35,VISIT,3528,Random,OnArrival,5,86,17721,Node_688,9,0,21,9,21,,,,,,,,,
35,VISIT,3530,Random,OnArrival,5,55,17721,Node_392,5,0,20,5,20,,,,,,,,,
35,VISIT,3533,Random,OnArrival,5,24,17729,Node_588,11,0,21,11,21,,,,,,,,,
35,VISIT,3534,Random,OnArrival,5,25,17729,Node_688,9,0,21,9,21,,,,,,,,,
35,VISIT,3535,Random,OnArrival,5,23,17729,Node_677,10,0,24,10,24,,,,,,,,,
35,VISIT,3536,Random,OnArrival,5,23,17729,Node_588,11,0,21,11,21,,,,,,,,,
35,VISIT,3525,Random,OnArrival,5,86,17737,Node_691,12,0,21,12,21,,,,,,,,,
35,VISIT,3528,Random,OnArrival,5,87,17737,Node_690,9,0,22,9,22,,,,,,,,,
35,VISIT,3530,Random,OnArrival,5,56,17737,Node_559,6,0,20,6,20,,,,,,,,,
35,VISIT,3533,Random,OnArrival,5,25,17745,Node_691,12,0,21,12,21,,,,,,,,,
35,VISIT,3535,Random,OnArrival,5,24,17745,Node_591,11,0,24,11,24,,,,,,,,,
35,VISIT,3536,Random,OnArrival,5,24,17745,Node_691,12,0,21,12,21,,,,,,,,,
35,VISIT,3525,Random,OnArrival,5,87,17753,Node_692,12,0,22,12,22,,,,,,,,,
35,VISIT,3526,Random,OnArrival,5,87,17753,Node_588,11,0,21,11,21,,,,,,,,,
35,VISIT,3527,Random,OnArrival,5,83,17753,Node_588,11,0,21,11,21,,,,,,,,,
35,VISIT,3528,Random,OnArrival,5,88,17753,Node_643,8,0,22,8,22,,,,,,,,,
35,VISIT,3530,Random,OnArrival,5,57,17753,Node_555,7,0,20,7,20,,,,,,,,,
35,VISIT,3533,Random,OnArrival,5,26,17760,Node_692,12,0,22,12,22,,,,,,,,,
35,VISIT,3534,Random,OnArrival,5,26,17760,Node_588,11,0,21,11,21,,,,,,,,,
35,VISIT,3535,Random,OnArrival,5,25,17760,Node_670,12,0,24,12,24,,,,,,,,,
35,VISIT,3536,Random,OnArrival,5,25,17760,Node_588,11,0,21,11,21,,,,,,,,,
35,VISIT,3525,Random,OnArrival,5,88,17768,Node_589,11,0,22,11,22,,,,,,,,,
35,VISIT,3526,Random,OnArrival,5,88,17768,Node_589,11,0,22,11,22,,,,,,,,,
35,VISIT,3527,Random,OnArrival,5,84,17768,Node_589,11,0,22,11,22,,,,,,,,,
35,VISIT,3528,Random,OnArrival,5,89,17768,Node_645,7,0,22,7,22,,,,,,,,,
35,VISIT,3530,Random,OnArrival,5,58,17768,Node_641,8,0,20,8,20,,,,,,,,,
35,VISIT,3533,Random,OnArrival,5,27,17775,Node_589,11,0,22,11,22,,,,,,,,,
35,VISIT,3534,Random,OnArrival,5,27,17775,Node_589,11,0,22,11,22,,,,,,,,,
35,VISIT,3535,Random,OnArrival,5,26,17775,Node_591,11,0,24,11,24,,,,,,,,,
35,VISIT,3525,Random,OnArrival,5,89,17783,Node_590,11,0,23,11,23,,,,,,,,,
35,VISIT,3526,Random,OnArrival,5,89,17783,Node_590,11,0,23,11,23,,,,,,,,,
35,VISIT,3527,Random,OnArrival,5,85,17783,Node_590,11,0,23,11,23,,,,,,,,,
35,VISIT,3530,Random,OnArrival,5,59,17783,Node_642,8,0,21,8,21,,,,,,,,,
35,VISIT,3533,Random,OnArrival,5,28,17790,Node_590,11,0,23,11,23,,,,,,,,,
35,VISIT,3534,Random,OnArrival,5,28,17790,Node_590,11,0,23,11,23,,,,,,,,,
35,VISIT,3535,Random,OnArrival,5,27,17790,Node_677,10,0,24,10,24,,,,,,,,,
35,VISIT,3536,Random,OnArrival,5,26,17790,Node_688,9,0,21,9,21,,,,,,,,,
35,VISIT,3525,Random,OnArrival,5,90,17798,Node_669,12,0,23,12,23,,,,,,,,,
35,VISIT,3526,Random,OnArrival,5,90,17798,Node_591,11,0,24,11,24,,,,,,,,,
35,VISIT,3527,Random,OnArrival,5,86,17798,Node_669,12,0,23,12,23,,,,,,,,,
35,VISIT,3530,Random,OnArrival,5,60,17798,Node_688,9,0,21,9,21,,,,,,,,,
35,VISIT,3533,Random,OnArrival,5,29,17805,Node_669,12,0,23,12,23,,,,,,,,,
35,VISIT,3534,Random,OnArrival,5,29,17805,Node_669,12,0,23,12,23,,,,,,,,,
35,VISIT,3535,Random,OnArrival,5,28,17805,Node_678,9,0,24,9,24,,,,,,,,,
35,VISIT,3536,Random,OnArrival,5,27,17805,Node_690,9,0,22,9,22,,,,,,,,,
35,VISIT,3525,Random,OnArrival,5,91,17813,Node_668,13,0,23,13,23,,,,,,,,,
35,VISIT,3526,Random,OnArrival,5,91,17813,Node_670,12,0,24,12,24,,,,,,,,,
35,VISIT,3527,Random,OnArrival,5,87,17813,Node_668,13,0,23,13,23,,,,,,,,,
35,VISIT,3533,Random,OnArrival,5,30,17820,Node_668,13,0,23,13,23,,,,,,,,,
35,VISIT,3534,Random,OnArrival,5,30,17820,Node_668,13,0,23,13,23,,,,,,,,,
35,VISIT,3536,Random,OnArrival,5,28,17820,Node_643,8,0,22,8,22,,,,,,,,,
35,VISIT,3525,Random,OnArrival,5,92,17828,Node_658,14,0,23,14,23,,,,,,,,,
35,VISIT,3526,Random,OnArrival,5,92,17828,Node_591,11,0,24,11,24,,,,,,,,,
35,VISIT,3527,Random,OnArrival,5,88,17828,Node_658,14,0,23,14,23,,,,,,,,,
35,VISIT,3530,Random,OnArrival,5,61,17828,Node_588,11,0,21,11,21,,,,,,,,,
35,VISIT,3533,Random,OnArrival,5,31,17835,Node_658,14,0,23,14,23,,,,,,,,,
35,VISIT,3534,Random,OnArrival,5,31,17835,Node_658,14,0,23,14,23,,,,,,,,,
35,VISIT,3536,Random,OnArrival,5,29,17835,Node_645,7,0,22,7,22,,,,,,,,,
35,VISIT,3525,Random,OnArrival,5,93,17843,Node_665,15,0,23,15,23,,,,,,,,,
35,VISIT,3526,Random,OnArrival,5,93,17843,Node_677,10,0,24,10,24,,,,,,,,,
35,VISIT,3527,Random,OnArrival,5,89,17843,Node_665,15,0,23,15,23,,,,,,,,,
35,VISIT,3530,Random,OnArrival,5,62,17843,Node_589,11,0,22,11,22,,,,,,,,,
35,VISIT,3533,Random,OnArrival,5,32,17850,Node_665,15,0,23,15,23,,,,,,,,,
35,VISIT,3534,Random,OnArrival,5,32,17850,Node_665,15,0,23,15,23,,,,,,,,,
35,VISIT,3525,Random,OnArrival,5,94,17858,Node_658,14,0,23,14,23,,,,,,,,,
35,VISIT,3526,Random,OnArrival,5,94,17858,Node_678,9,0,24,9,24,,,,,,,,,
35,VISIT,3527,Random,OnArrival,5,90,17858,Node_658,14,0,23,14,23,,,,,,,,,
35,VISIT,3530,Random,OnArrival,5,63,17858,Node_590,11,0,23,11,23,,,,,,,,,
35,VISIT,3533,Random,OnArrival,5,33,17865,Node_658,14,0,23,14,23,,,,,,,,,
35,VISIT,3534,Random,OnArrival,5,33,17865,Node_666,15,0,22,15,22,,,,,,,,,
35,VISIT,3535,Random,OnArrival,5,29,17865,Node_699,6,0,25,6,25,,,,,,,,,
35,VISIT,3536,Random,OnArrival,5,30,17865,Node_696,6,0,23,6,23,,,,,,,,,
35,VISIT,3525,Random,OnArrival,5,95,17873,Node_655,14,0,22,14,22,,,,,,,,,
35,VISIT,3526,Random,OnArrival,5,95,17873,Node_698,9,0,25,9,25,,,,,,,,,
35,VISIT,3527,Random,OnArrival,5,91,17873,Node_655,14,0,22,14,22,,,,,,,,,
35,VISIT,3530,Random,OnArrival,5,64,17873,Node_669,12,0,23,12,23,,,,,,,,,
35,VISIT,3533,Random,OnArrival,5,34,17880,Node_655,14,0,22,14,22,,,,,,,,,
35,VISIT,3534,Random,OnArrival,5,34,17880,Node_655,14,0,22,14,22,,,,,,,,,
35,VISIT,3535,Random,OnArrival,5,30,17880,Node_700,5,0,25,5,25,,,,,,,,,
35,VISIT,3536,Random,OnArrival,5,31,17880,Node_697,6,0,24,6,24,,,,,,,,,
35,VISIT,3525,Random,OnArrival,5,96,17888,Node_666,15,0,22,15,22,,,,,,,,,
35,VISIT,3526,Random,OnArrival,5,96,17888,Node_676,10,0,25,10,25,,,,,,,,,
35,VISIT,3527,Random,OnArrival,5,92,17888,Node_666,15,0,22,15,22,,,,,,,,,
35,VISIT,3530,Random,OnArrival,5,65,17888,Node_668,13,0,23,13,23,,,,,,,,,
35,VISIT,3533,Random,OnArrival,5,35,17894,Node_666,15,0,22,15,22,,,,,,,,,
35,VISIT,3534,Random,OnArrival,5,35,17894,Node_658,14,0,23,14,23,,,,,,,,,
35,VISIT,3535,Random,OnArrival,5,31,17894,Node_704,4,0,25,4,25,,,,,,,,,
35,VISIT,3536,Random,OnArrival,5,32,17894,Node_702,5,0,24,5,24,,,,,,,,,
35,VISIT,3537,Random,OnArrival,5,0,17897,Node_6,19,0,12,19,12,,,,,,,,,
35,VISIT,3538,Random,OnArrival,5,0,17897,Node_7,19,0,8,19,8,,,,,,,,,
35,VISIT,3539,Random,OnArrival,5,0,17897,Node_8,17,0,10,17,10,,,,,,,,,
35,VISIT,3540,Random,OnArrival,5,0,17897,Node_9,21,0,10,21,10,,,,,,,,,
35,VISIT,3525,Random,OnArrival,5,97,17901,Node_665,15,0,23,15,23,,,,,,,,,
35,VISIT,3526,Random,OnArrival,5,97,17901,Node_593,11,0,25,11,25,,,,,,,,,
35,VISIT,3527,Random,OnArrival,5,93,17901,Node_665,15,0,23,15,23,,,,,,,,,
35,VISIT,3528,Random,OnArrival,5,90,17901,Node_700,5,0,25,5,25,,,,,,,,,
35,VISIT,3530,Random,OnArrival,5,66,17901,Node_669,12,0,23,12,23,,,,,,,,,
35,VISIT,3533,Random,OnArrival,5,36,17901,Node_655,14,0,22,14,22,,,,,,,,,
35,VISIT,3534,Random,OnArrival,5,36,17901,Node_668,13,0,23,13,23,,,,,,,,,
35,VISIT,3535,Random,OnArrival,5,32,17901,Node_700,5,0,25,5,25,,,,,,,,,
35,VISIT,3536,Random,OnArrival,5,33,17901,Node_697,6,0,24,6,24,,,,,,,,,
35,VISIT,3537,Random,OnArrival,5,1,17903,Node_46,20,0,12,20,12,,,,,,,,,
35,VISIT,3538,Random,OnArrival,5,1,17903,Node_3,19,0,9,19,9,,,,,,,,,
35,VISIT,3539,Random,OnArrival,5,1,17903,Node_4,18,0,10,18,10,,,,,,,,,
35,VISIT,3540,Random,OnArrival,5,1,17903,Node_13,21,0,11,21,11,,,,,,,,,
35,VISIT,3525,Random,OnArrival,5,98,17910,Node_658,14,0,23,14,23,,,,,,,,,
35,VISIT,3526,Random,OnArrival,5,98,17910,Node_591,11,0,24,11,24,,,,,,,,,
35,VISIT,3527,Random,OnArrival,5,94,17910,Node_658,14,0,23,14,23,,,,,,,,,
35,VISIT,3528,Random,OnArrival,5,91,17910,Node_699,6,0,25,6,25,,,,,,,,,
35,VISIT,3530,Random,OnArrival,5,67,17910,Node_692,12,0,22,12,22,,,,,,,,,
35,VISIT,3533,Random,OnArrival,5,37,17910,Node_667,13,0,22,13,22,,,,,,,,,
35,VISIT,3534,Random,OnArrival,5,37,17910,Node_669,12,0,23,12,23,,,,,,,,,
35,VISIT,3535,Random,OnArrival,5,33,17910,Node_699,6,0,25,6,25,,,,,,,,,
35,VISIT,3536,Random,OnArrival,5,34,17910,Node_696,6,0,23,6,23,,,,,,,,,
35,VISIT,3537,Random,OnArrival,5,2,17913,Node_49,20,0,13,20,13,,,,,,,,,
35,VISIT,3538,Random,OnArrival,5,2,17913,Node_20,19,0,10,19,10,,,,,,,,,
35,VISIT,3539,Random,OnArrival,5,2,17913,Node_14,18,0,11,18,11,,,,,,,,,
35,VISIT,3540,Random,OnArrival,5,2,17913,Node_76,22,0,11,22,11,,,,,,,,,
35,VISIT,3525,Random,OnArrival,5,99,17920,Node_668,13,0,23,13,23,,,,,,,,,
35,VISIT,3526,Random,OnArrival,5,99,17920,Node_590,11,0,23,11,23,,,,,,,,,
35,VISIT,3527,Random,OnArrival,5,95,17920,Node_668,13,0,23,13,23,,,,,,,,,
35,VISIT,3528,Random,OnArrival,5,92,17920,Node_697,6,0,24,6,24,,,,,,,,,
35,VISIT,3530,Random,OnArrival,5,68,17920,Node_667,13,0,22,13,22,,,,,,,,,
35,VISIT,3533,Random,OnArrival,5,38,17920,Node_692,12,0,22,12,22,,,,,,,,,
35,VISIT,3534,Random,OnArrival,5,38,17920,Node_692,12,0,22,12,22,,,,,,,,,
35,VISIT,3535,Random,OnArrival,5,34,17920,Node_697,6,0,24,6,24,,,,,,,,,
35,VISIT,3536,Random,OnArrival,5,35,17920,Node_701,6,0,22,6,22,,,,,,,,,
35,VISIT,3537,Random,OnArrival,5,3,17923,Node_52,20,0,14,20,14,,,,,,,,,
35,VISIT,3538,Random,OnArrival,5,3,17923,Node_2,19,0,11,19,11,,,,,,,,,
35,VISIT,3539,Random,OnArrival,5,3,17923,Node_10,18,0,12,18,12,,,,,,,,,
35,VISIT,3540,Random,OnArrival,5,3,17923,Node_80,23,0,11,23,11,,,,,,,,,
35,VISIT,3525,Random,OnArrival,5,100,17928,Node_669,12,0,23,12,23,,,,,,,,,
35,VISIT,3526,Random,OnArrival,5,100,17928,Node_669,12,0,23,12,23,,,,,,,,,
35,VISIT,3527,Random,OnArrival,5,96,17928,Node_669,12,0,23,12,23,,,,,,,,,
35,VISIT,3528,Random,OnArrival,5,93,17928,Node_696,6,0,23,6,23,,,,,,,,,
35,VISIT,3530,Random,OnArrival,5,69,17928,Node_655,14,0,22,14,22,,,,,,,,,
35,VISIT,3533,Random,OnArrival,5,39,17928,Node_669,12,0,23,12,23,,,,,,,,,
35,VISIT,3534,Random,OnArrival,5,39,17928,Node_669,12,0,23,12,23,,,,,,,,,
35,VISIT,3535,Random,OnArrival,5,35,17928,Node_696,6,0,23,6,23,,,,,,,,,
35,VISIT,3537,Random,OnArrival,5,4,17932,Node_54,20,0,15,20,15,,,,,,,,,
35,VISIT,3538,Random,OnArrival,5,4,17932,Node_6,19,0,12,19,12,,,,,,,,,
35,VISIT,3539,Random,OnArrival,5,4,17932,Node_6,19,0,12,19,12,,,,,,,,,
35,VISIT,3540,Random,OnArrival,5,4,17932,Node_81,23,0,12,23,12,,,,,,,,,
35,VISIT,3525,Random,OnArrival,5,101,17936,Node_692,12,0,22,12,22,,,,,,,,,
35,VISIT,3526,Random,OnArrival,5,101,17936,Node_668,13,0,23,13,23,,,,,,,,,
35,VISIT,3527,Random,OnArrival,5,97,17936,Node_692,12,0,22,12,22,,,,,,,,,
35,VISIT,3528,Random,OnArrival,5,94,17936,Node_701,6,0,22,6,22,,,,,,,,,
35,VISIT,3530,Random,OnArrival,5,70,17936,Node_658,14,0,23,14,23,,,,,,,,,
35,VISIT,3533,Random,OnArrival,5,40,17936,Node_668,13,0,23,13,23,,,,,,,,,
35,VISIT,3534,Random,OnArrival,5,40,17936,Node_668,13,0,23,13,23,,,,,,,,,
35,VISIT,3535,Random,OnArrival,5,36,17936,Node_701,6,0,22,6,22,,,,,,,,,
35,VISIT,3536,Random,OnArrival,5,36,17936,Node_701,6,0,22,6,22,,,,,,,,,
35,VISIT,3537,Random,OnArrival,5,5,17940,Node_25,21,0,15,21,15,,,,,,,,,
35,VISIT,3538,Random,OnArrival,5,5,17940,Node_46,20,0,12,20,12,,,,,,,,,
35,VISIT,3539,Random,OnArrival,5,5,17940,Node_46,20,0,12,20,12,,,,,,,,,
35,VISIT,3540,Random,OnArrival,5,5,17940,Node_82,24,0,12,24,12,,,,,,,,,
35,VISIT,3525,Random,OnArrival,5,102,17944,Node_669,12,0,23,12,23,,,,,,,,,
35,VISIT,3526,Random,OnArrival,5,102,17944,Node_667,13,0,22,13,22,,,,,,,,,
35,VISIT,3527,Random,OnArrival,5,98,17944,Node_669,12,0,23,12,23,,,,,,,,,
35,VISIT,3528,Random,OnArrival,5,95,17944,Node_645,7,0,22,7,22,,,,,,,,,
35,VISIT,3530,Random,OnArrival,5,71,17944,Node_662,14,0,24,14,24,,,,,,,,,
35,VISIT,3533,Random,OnArrival,5,41,17944,Node_658,14,0,23,14,23,,,,,,,,,
35,VISIT,3534,Random,OnArrival,5,41,17944,Node_658,14,0,23,14,23,,,,,,,,,
35,VISIT,3535,Random,OnArrival,5,37,17944,Node_645,7,0,22,7,22,,,,,,,,,
35,VISIT,3536,Random,OnArrival,5,37,17944,Node_645,7,0,22,7,22,,,,,,,,,
35,VISIT,3537,Random,OnArrival,5,6,17948,Node_27,21,0,16,21,16,,,,,,,,,
35,VISIT,3538,Random,OnArrival,5,6,17948,Node_49,20,0,13,20,13,,,,,,,,,
35,VISIT,3539,Random,OnArrival,5,6,17948,Node_49,20,0,13,20,13,,,,,,,,,
35,VISIT,3540,Random,OnArrival,5,6,17948,Node_98,25,0,12,25,12,,,,,,,,,
35,VISIT,3525,Random,OnArrival,5,103,17952,Node_668,13,0,23,13,23,,,,,,,,,
35,VISIT,3526,Random,OnArrival,5,103,17952,Node_655,14,0,22,14,22,,,,,,,,,
35,VISIT,3527,Random,OnArrival,5,99,17952,Node_668,13,0,23,13,23,,,,,,,,,
35,VISIT,3528,Random,OnArrival,5,96,17952,Node_643,8,0,22,8,22,,,,,,,,,
35,VISIT,3530,Random,OnArrival,5,72,17952,Node_663,14,0,25,14,25,,,,,,,,,
35,VISIT,3533,Random,OnArrival,5,42,17952,Node_662,14,0,24,14,24,,,,,,,,,
35,VISIT,3534,Random,OnArrival,5,42,17952,Node_662,14,0,24,14,24,,,,,,,,,
35,VISIT,3535,Random,OnArrival,5,38,17952,Node_643,8,0,22,8,22,,,,,,,,,
35,VISIT,3536,Random,OnArrival,5,38,17952,Node_643,8,0,22,8,22,,,,,,,,,
35,VISIT,3538,Random,OnArrival,5,7,17956,Node_52,20,0,14,20,14,,,,,,,,,
35,VISIT,3539,Random,OnArrival,5,7,17956,Node_52,20,0,14,20,14,,,,,,,,,
35,VISIT,3540,Random,OnArrival,5,7,17956,Node_116,26,0,12,26,12,,,,,,,,,
35,VISIT,3525,Random,OnArrival,5,104,17960,Node_658,14,0,23,14,23,,,,,,,,,
35,VISIT,3526,Random,OnArrival,5,104,17960,Node_658,14,0,23,14,23,,,,,,,,,
35,VISIT,3527,Random,OnArrival,5,100,17960,Node_658,14,0,23,14,23,,,,,,,,,
35,VISIT,3528,Random,OnArrival,5,97,17960,Node_642,8,0,21,8,21,,,,,,,,,
35,VISIT,3530,Random,OnArrival,5,73,17960,Node_278,15,0,25,15,25,,,,,,,,,
35,VISIT,3533,Random,OnArrival,5,43,17960,Node_663,14,0,25,14,25,,,,,,,,,
35,VISIT,3534,Random,OnArrival,5,43,17960,Node_663,14,0,25,14,25,,,,,,,,,
35,VISIT,3535,Random,OnArrival,5,39,17960,Node_642,8,0,21,8,21,,,,,,,,,
35,VISIT,3536,Random,OnArrival,5,39,17960,Node_642,8,0,21,8,21,,,,,,,,,
35,VISIT,3537,Random,OnArrival,5,7,17964,Node_30,21,0,18,21,18,,,,,,,,,
35,VISIT,3538,Random,OnArrival,5,8,17964,Node_54,20,0,15,20,15,,,,,,,,,
35,VISIT,3539,Random,OnArrival,5,8,17964,Node_54,20,0,15,20,15,,,,,,,,,
35,VISIT,3540,Random,OnArrival,5,8,17964,Node_250,27,0,12,27,12,,,,,,,,,
35,VISIT,3525,Random,OnArrival,5,105,17968,Node_662,14,0,24,14,24,,,,,,,,,
35,VISIT,3526,Random,OnArrival,5,105,17968,Node_662,14,0,24,14,24,,,,,,,,,
35,VISIT,3527,Random,OnArrival,5,101,17968,Node_662,14,0,24,14,24,,,,,,,,,
35,VISIT,3528,Random,OnArrival,5,98,17968,Node_688,9,0,21,9,21,,,,,,,,,
35,VISIT,3533,Random,OnArrival,5,44,17968,Node_278,15,0,25,15,25,,,,,,,,,
35,VISIT,3534,Random,OnArrival,5,44,17968,Node_278,15,0,25,15,25,,,,,,,,,
35,VISIT,3535,Random,OnArrival,5,40,17968,Node_688,9,0,21,9,21,,,,,,,,,
35,VISIT,3536,Random,OnArrival,5,40,17968,Node_688,9,0,21,9,21,,,,,,,,,
35,VISIT,3537,Random,OnArrival,5,8,17972,Node_32,21,0,19,21,19,,,,,,,,,
35,VISIT,3538,Random,OnArrival,5,9,17972,Node_25,21,0,15,21,15,,,,,,,,,
35,VISIT,3539,Random,OnArrival,5,9,17972,Node_25,21,0,15,21,15,,,,,,,,,
35,VISIT,3540,Random,OnArrival,5,9,17972,Node_329,28,0,12,28,12,,,,,,,,,
35,VISIT,3525,Random,OnArrival,5,106,17977,Node_663,14,0,25,14,25,,,,,,,,,
35,VISIT,3526,Random,OnArrival,5,106,17977,Node_663,14,0,25,14,25,,,,,,,,,
35,VISIT,3527,Random,OnArrival,5,102,17977,Node_663,14,0,25,14,25,,,,,,,,,
35,VISIT,3537,Random,OnArrival,5,9,17985,Node_35,21,0,20,21,20,,,,,,,,,
35,VISIT,3538,Random,OnArrival,5,10,17985,Node_27,21,0,16,21,16,,,,,,,,,
35,VISIT,3539,Random,OnArrival,5,10,17985,Node_27,21,0,16,21,16,,,,,,,,,
35,VISIT,3540,Random,OnArrival,5,10,17985,Node_328,28,0,11,28,11,,,,,,,,,
35,VISIT,3525,Random,OnArrival,5,107,17990,Node_278,15,0,25,15,25,,,,,,,,,
35,VISIT,3526,Random,OnArrival,5,107,17990,Node_278,15,0,25,15,25,,,,,,,,,
35,VISIT,3527,Random,OnArrival,5,103,17990,Node_278,15,0,25,15,25,,,,,,,,,
35,VISIT,3528,Random,OnArrival,5,99,17990,Node_588,11,0,21,11,21,,,,,,,,,
35,VISIT,3530,Random,OnArrival,5,74,17990,Node_276,18,0,25,18,25,,,,,,,,,
35,VISIT,3535,Random,OnArrival,5,41,17990,Node_588,11,0,21,11,21,,,,,,,,,
35,VISIT,3536,Random,OnArrival,5,41,17990,Node_588,11,0,21,11,21,,,,,,,,,
35,VISIT,3537,Random,OnArrival,5,10,17996,Node_325,21,0,21,21,21,,,,,,,,,
35,VISIT,3540,Random,OnArrival,5,11,17996,Node_249,27,0,11,27,11,,,,,,,,,
35,VISIT,3528,Random,OnArrival,5,100,18002,Node_589,11,0,22,11,22,,,,,,,,,
35,VISIT,3530,Random,OnArrival,5,75,18002,Node_339,19,0,25,19,25,,,,,,,,,
35,VISIT,3533,Random,OnArrival,5,45,18002,Node_276,18,0,25,18,25,,,,,,,,,
35,VISIT,3534,Random,OnArrival,5,45,18002,Node_276,18,0,25,18,25,,,,,,,,,
35,VISIT,3535,Random,OnArrival,5,42,18002,Node_589,11,0,22,11,22,,,,,,,,,
35,VISIT,3536,Random,OnArrival,5,42,18002,Node_589,11,0,22,11,22,,,,,,,,,
35,VISIT,3537,Random,OnArrival,5,11,18009,Node_324,21,0,22,21,22,,,,,,,,,
35,VISIT,3538,Random,OnArrival,5,11,18009,Node_30,21,0,18,21,18,,,,,,,,,
35,VISIT,3539,Random,OnArrival,5,11,18009,Node_30,21,0,18,21,18,,,,,,,,,
35,VISIT,3540,Random,OnArrival,5,12,18009,Node_250,27,0,12,27,12,,,,,,,,,
35,VISIT,3528,Random,OnArrival,5,101,18013,Node_590,11,0,23,11,23,,,,,,,,,
35,VISIT,3533,Random,OnArrival,5,46,18013,Node_339,19,0,25,19,25,,,,,,,,,
35,VISIT,3534,Random,OnArrival,5,46,18013,Node_339,19,0,25,19,25,,,,,,,,,
35,VISIT,3535,Random,OnArrival,5,43,18013,Node_590,11,0,23,11,23,,,,,,,,,
35,VISIT,3536,Random,OnArrival,5,43,18013,Node_590,11,0,23,11,23,,,,,,,,,
35,VISIT,3537,Random,OnArrival,5,12,18021,Node_321,22,0,22,22,22,,,,,,,,,
35,VISIT,3538,Random,OnArrival,5,12,18021,Node_32,21,0,19,21,19,,,,,,,,,
35,VISIT,3539,Random,OnArrival,5,12,18021,Node_32,21,0,19,21,19,,,,,,,,,
35,VISIT,3540,Random,OnArrival,5,13,18021,Node_251,27,0,13,27,13,,,,,,,,,
35,VISIT,3525,Random,OnArrival,5,108,18026,Node_276,18,0,25,18,25,,,,,,,,,
35,VISIT,3526,Random,OnArrival,5,108,18026,Node_276,18,0,25,18,25,,,,,,,,,
35,VISIT,3527,Random,OnArrival,5,104,18026,Node_276,18,0,25,18,25,,,,,,,,,
35,VISIT,3528,Random,OnArrival,5,102,18026,Node_669,12,0,23,12,23,,,,,,,,,
35,VISIT,3535,Random,OnArrival,5,44,18026,Node_669,12,0,23,12,23,,,,,,,,,
35,VISIT,3536,Random,OnArrival,5,44,18026,Node_669,12,0,23,12,23,,,,,,,,,
35,VISIT,3538,Random,OnArrival,5,13,18034,Node_35,21,0,20,21,20,,,,,,,,,
35,VISIT,3539,Random,OnArrival,5,13,18034,Node_35,21,0,20,21,20,,,,,,,,,
35,VISIT,3525,Random,OnArrival,5,109,18040,Node_339,19,0,25,19,25,,,,,,,,,
35,VISIT,3526,Random,OnArrival,5,109,18040,Node_339,19,0,25,19,25,,,,,,,,,
35,VISIT,3527,Random,OnArrival,5,105,18040,Node_339,19,0,25,19,25,,,,,,,,,
35,VISIT,3528,Random,OnArrival,5,103,18040,Node_668,13,0,23,13,23,,,,,,,,,
35,VISIT,3535,Random,OnArrival,5,45,18040,Node_668,13,0,23,13,23,,,,,,,,,
35,VISIT,3536,Random,OnArrival,5,45,18040,Node_668,13,0,23,13,23,,,,,,,,,
35,VISIT,3537,Random,OnArrival,5,13,18048,Node_125,24,0,22,24,22,,,,,,,,,
35,VISIT,3538,Random,OnArrival,5,14,18048,Node_325,21,0,21,21,21,,,,,,,,,
35,VISIT,3539,Random,OnArrival,5,14,18048,Node_325,21,0,21,21,21,,,,,,,,,
35,VISIT,3540,Random,OnArrival,5,14,18048,Node_252,27,0,15,27,15,,,,,,,,,
35,VISIT,3528,Random,OnArrival,5,104,18054,Node_658,14,0,23,14,23,,,,,,,,,
35,VISIT,3535,Random,OnArrival,5,46,18054,Node_658,14,0,23,14,23,,,,,,,,,
35,VISIT,3536,Random,OnArrival,5,46,18054,Node_658,14,0,23,14,23,,,,,,,,,
35,VISIT,3538,Random,OnArrival,5,15,18062,Node_324,21,0,22,21,22,,,,,,,,,
35,VISIT,3539,Random,OnArrival,5,15,18062,Node_324,21,0,22,21,22,,,,,,,,,
35,VISIT,3540,Random,OnArrival,5,15,18062,Node_358,28,0,15,28,15,,,,,,,,,
35,VISIT,3528,Random,OnArrival,5,105,18068,Node_662,14,0,24,14,24,,,,,,,,,
35,VISIT,3530,Random,OnArrival,5,76,18068,Node_335,24,0,25,24,25,,,,,,,,,
35,VISIT,3535,Random,OnArrival,5,47,18068,Node_662,14,0,24,14,24,,,,,,,,,
35,VISIT,3536,Random,OnArrival,5,47,18068,Node_662,14,0,24,14,24,,,,,,,,,
35,VISIT,3537,Random,OnArrival,5,14,18077,Node_124,24,0,20,24,20,,,,,,,,,
35,VISIT,3538,Random,OnArrival,5,16,18077,Node_321,22,0,22,22,22,,,,,,,,,
35,VISIT,3539,Random,OnArrival,5,16,18077,Node_321,22,0,22,22,22,,,,,,,,,
35,VISIT,3540,Random,OnArrival,5,16,18077,Node_352,28,0,16,28,16,,,,,,,,,
35,VISIT,3528,Random,OnArrival,5,106,18083,Node_663,14,0,25,14,25,,,,,,,,,
35,VISIT,3530,Random,OnArrival,5,77,18083,Node_334,24,0,24,24,24,,,,,,,,,
35,VISIT,3533,Random,OnArrival,5,47,18083,Node_335,24,0,25,24,25,,,,,,,,,
35,VISIT,3534,Random,OnArrival,5,47,18083,Node_335,24,0,25,24,25,,,,,,,,,
35,VISIT,3535,Random,OnArrival,5,48,18083,Node_663,14,0,25,14,25,,,,,,,,,
35,VISIT,3536,Random,OnArrival,5,48,18083,Node_663,14,0,25,14,25,,,,,,,,,
35,VISIT,3537,Random,OnArrival,5,15,18092,Node_119,25,0,20,25,20,,,,,,,,,
35,VISIT,3540,Random,OnArrival,5,17,18092,Node_343,28,0,17,28,17,,,,,,,,,
35,VISIT,3528,Random,OnArrival,5,107,18098,Node_278,15,0,25,15,25,,,,,,,,,
35,VISIT,3530,Random,OnArrival,5,78,18098,Node_333,24,0,23,24,23,,,,,,,,,
35,VISIT,3533,Random,OnArrival,5,48,18098,Node_334,24,0,24,24,24,,,,,,,,,
35,VISIT,3534,Random,OnArrival,5,48,18098,Node_334,24,0,24,24,24,,,,,,,,,
35,VISIT,3535,Random,OnArrival,5,49,18098,Node_278,15,0,25,15,25,,,,,,,,,
35,VISIT,3536,Random,OnArrival,5,49,18098,Node_278,15,0,25,15,25,,,,,,,,,
35,VISIT,3537,Random,OnArrival,5,16,18107,Node_117,25,0,19,25,19,,,,,,,,,
35,VISIT,3538,Random,OnArrival,5,17,18107,Node_125,24,0,22,24,22,,,,,,,,,
35,VISIT,3539,Random,OnArrival,5,17,18107,Node_125,24,0,22,24,22,,,,,,,,,
35,VISIT,3540,Random,OnArrival,5,18,18107,Node_302,28,0,18,28,18,,,,,,,,,
35,VISIT,3525,Random,OnArrival,5,110,18113,Node_335,24,0,25,24,25,,,,,,,,,
35,VISIT,3526,Random,OnArrival,5,110,18113,Node_335,24,0,25,24,25,,,,,,,,,
35,VISIT,3527,Random,OnArrival,5,106,18113,Node_335,24,0,25,24,25,,,,,,,,,
35,VISIT,3530,Random,OnArrival,5,79,18113,Node_685,25,0,23,25,23,,,,,,,,,
35,VISIT,3533,Random,OnArrival,5,49,18113,Node_333,24,0,23,24,23,,,,,,,,,
35,VISIT,3534,Random,OnArrival,5,49,18113,Node_333,24,0,23,24,23,,,,,,,,,
35,VISIT,3537,Random,OnArrival,5,17,18122,Node_115,25,0,18,25,18,,,,,,,,,
35,VISIT,3538,Random,OnArrival,5,18,18122,Node_333,24,0,23,24,23,,,,,,,,,
35,VISIT,3539,Random,OnArrival,5,18,18122,Node_333,24,0,23,24,23,,,,,,,,,
35,VISIT,3540,Random,OnArrival,5,19,18122,Node_304,28,0,19,28,19,,,,,,,,,
35,VISIT,3525,Random,OnArrival,5,111,18128,Node_334,24,0,24,24,24,,,,,,,,,
35,VISIT,3526,Random,OnArrival,5,111,18128,Node_334,24,0,24,24,24,,,,,,,,,
35,VISIT,3527,Random,OnArrival,5,107,18128,Node_334,24,0,24,24,24,,,,,,,,,
35,VISIT,3530,Random,OnArrival,5,80,18128,Node_694,26,0,23,26,23,,,,,,,,,
35,VISIT,3533,Random,OnArrival,5,50,18128,Node_125,24,0,22,24,22,,,,,,,,,
35,VISIT,3534,Random,OnArrival,5,50,18128,Node_125,24,0,22,24,22,,,,,,,,,
35,VISIT,3537,Random,OnArrival,5,18,18137,Node_295,26,0,18,26,18,,,,,,,,,
35,VISIT,3538,Random,OnArrival,5,19,18137,Node_125,24,0,22,24,22,,,,,,,,,
35,VISIT,3539,Random,OnArrival,5,19,18137,Node_685,25,0,23,25,23,,,,,,,,,
35,VISIT,3540,Random,OnArrival,5,20,18137,Node_259,27,0,19,27,19,,,,,,,,,
35,VISIT,3525,Random,OnArrival,5,112,18143,Node_333,24,0,23,24,23,,,,,,,,,
35,VISIT,3526,Random,OnArrival,5,112,18143,Node_333,24,0,23,24,23,,,,,,,,,
35,VISIT,3527,Random,OnArrival,5,108,18143,Node_333,24,0,23,24,23,,,,,,,,,
35,VISIT,3528,Random,OnArrival,5,108,18143,Node_276,18,0,25,18,25,,,,,,,,,
35,VISIT,3533,Random,OnArrival,5,51,18143,Node_687,25,0,22,25,22,,,,,,,,,
35,VISIT,3534,Random,OnArrival,5,51,18143,Node_687,25,0,22,25,22,,,,,,,,,
35,VISIT,3535,Random,OnArrival,5,50,18143,Node_276,18,0,25,18,25,,,,,,,,,
35,VISIT,3536,Random,OnArrival,5,50,18143,Node_276,18,0,25,18,25,,,,,,,,,
35,VISIT,3537,Random,OnArrival,5,19,18151,Node_257,27,0,18,27,18,,,,,,,,,
35,VISIT,3538,Random,OnArrival,5,20,18151,Node_333,24,0,23,24,23,,,,,,,,,
35,VISIT,3539,Random,OnArrival,5,20,18151,Node_675,25,0,24,25,24,,,,,,,,,
35,VISIT,3525,Random,OnArrival,5,113,18157,Node_334,24,0,24,24,24,,,,,,,,,
35,VISIT,3526,Random,OnArrival,5,113,18157,Node_125,24,0,22,24,22,,,,,,,,,
35,VISIT,3527,Random,OnArrival,5,109,18157,Node_334,24,0,24,24,24,,,,,,,,,
35,VISIT,3528,Random,OnArrival,5,109,18157,Node_339,19,0,25,19,25,,,,,,,,,
35,VISIT,3533,Random,OnArrival,5,52,18157,Node_693,26,0,22,26,22,,,,,,,,,
35,VISIT,3534,Random,OnArrival,5,52,18157,Node_693,26,0,22,26,22,,,,,,,,,
35,VISIT,3535,Random,OnArrival,5,51,18157,Node_339,19,0,25,19,25,,,,,,,,,
35,VISIT,3536,Random,OnArrival,5,51,18157,Node_339,19,0,25,19,25,,,,,,,,,
35,VISIT,3537,Random,OnArrival,5,20,18165,Node_259,27,0,19,27,19,,,,,,,,,
35,VISIT,3538,Random,OnArrival,5,21,18165,Node_685,25,0,23,25,23,,,,,,,,,
35,VISIT,3539,Random,OnArrival,5,21,18165,Node_673,25,0,25,25,25,,,,,,,,,
35,VISIT,3540,Random,OnArrival,5,21,18165,Node_310,27,0,21,27,21,,,,,,,,,
35,VISIT,3525,Random,OnArrival,5,114,18172,Node_335,24,0,25,24,25,,,,,,,,,
35,VISIT,3526,Random,OnArrival,5,114,18172,Node_687,25,0,22,25,22,,,,,,,,,
35,VISIT,3527,Random,OnArrival,5,110,18172,Node_335,24,0,25,24,25,,,,,,,,,
35,VISIT,3530,Random,OnArrival,5,81,18172,Node_310,27,0,21,27,21,,,,,,,,,
35,VISIT,3533,Random,OnArrival,5,53,18172,Node_708,27,0,22,27,22,,,,,,,,,
35,VISIT,3534,Random,OnArrival,5,53,18172,Node_708,27,0,22,27,22,,,,,,,,,
35,VISIT,3537,Random,OnArrival,5,21,18181,Node_304,28,0,19,28,19,,,,,,,,,
35,VISIT,3538,Random,OnArrival,5,22,18181,Node_694,26,0,23,26,23,,,,,,,,,
35,VISIT,3540,Random,OnArrival,5,22,18181,Node_708,27,0,22,27,22,,,,,,,,,
35,VISIT,3525,Random,OnArrival,5,115,18188,Node_673,25,0,25,25,25,,,,,,,,,
35,VISIT,3526,Random,OnArrival,5,115,18188,Node_693,26,0,22,26,22,,,,,,,,,
35,VISIT,3527,Random,OnArrival,5,111,18188,Node_673,25,0,25,25,25,,,,,,,,,
35,VISIT,3530,Random,OnArrival,5,82,18188,Node_308,28,0,21,28,21,,,,,,,,,
35,VISIT,3533,Random,OnArrival,5,54,18188,Node_310,27,0,21,27,21,,,,,,,,,
35,VISIT,3534,Random,OnArrival,5,54,18188,Node_310,27,0,21,27,21,,,,,,,,,
35,VISIT,3537,Random,OnArrival,5,22,18197,Node_302,28,0,18,28,18,,,,,,,,,
35,VISIT,3538,Random,OnArrival,5,23,18197,Node_693,26,0,22,26,22,,,,,,,,,
35,VISIT,3540,Random,OnArrival,5,23,18197,Node_310,27,0,21,27,21,,,,,,,,,
35,VISIT,3526,Random,OnArrival,5,116,18204,Node_708,27,0,22,27,22,,,,,,,,,
35,VISIT,3533,Random,OnArrival,5,55,18204,Node_308,28,0,21,28,21,,,,,,,,,
35,VISIT,3534,Random,OnArrival,5,55,18204,Node_707,27,0,20,27,20,,,,,,,,,
35,VISIT,3537,Random,OnArrival,5,23,18213,Node_343,28,0,17,28,17,,,,,,,,,
35,VISIT,3538,Random,OnArrival,5,24,18213,Node_708,27,0,22,27,22,,,,,,,,,
35,VISIT,3540,Random,OnArrival,5,24,18213,Node_308,28,0,21,28,21,,,,,,,,,
35,VISIT,3526,Random,OnArrival,5,117,18219,Node_310,27,0,21,27,21,,,,,,,,,
35,VISIT,3534,Random,OnArrival,5,56,18219,Node_306,28,0,20,28,20,,,,,,,,,
35,VISIT,3537,Random,OnArrival,5,24,18228,Node_352,28,0,16,28,16,,,,,,,,,
35,VISIT,3538,Random,OnArrival,5,25,18228,Node_310,27,0,21,27,21,,,,,,,,,
35,VISIT,3539,Random,OnArrival,5,22,18228,Node_681,29,0,25,29,25,,,,,,,,,
35,VISIT,3526,Random,OnArrival,5,118,18234,Node_308,28,0,21,28,21,,,,,,,,,
35,VISIT,3528,Random,OnArrival,5,110,18234,Node_335,24,0,25,24,25,,,,,,,,,
35,VISIT,3533,Random,OnArrival,5,56,18234,Node_709,30,0,21,30,21,,,,,,,,,
35,VISIT,3534,Random,OnArrival,5,57,18234,Node_308,28,0,21,28,21,,,,,,,,,
35,VISIT,3535,Random,OnArrival,5,52,18234,Node_335,24,0,25,24,25,,,,,,,,,
35,VISIT,3536,Random,OnArrival,5,52,18234,Node_335,24,0,25,24,25,,,,,,,,,
35,VISIT,3537,Random,OnArrival,5,25,18243,Node_357,29,0,16,29,16,,,,,,,,,
35,VISIT,3538,Random,OnArrival,5,26,18243,Node_707,27,0,20,27,20,,,,,,,,,
35,VISIT,3539,Random,OnArrival,5,23,18243,Node_682,29,0,24,29,24,,,,,,,,,
35,VISIT,3540,Random,OnArrival,5,25,18243,Node_709,30,0,21,30,21,,,,,,,,,
35,VISIT,3525,Random,OnArrival,5,116,18249,Node_681,29,0,25,29,25,,,,,,,,,
35,VISIT,3527,Random,OnArrival,5,112,18249,Node_681,29,0,25,29,25,,,,,,,,,
35,VISIT,3528,Random,OnArrival,5,111,18249,Node_334,24,0,24,24,24,,,,,,,,,
35,VISIT,3535,Random,OnArrival,5,53,18249,Node_334,24,0,24,24,24,,,,,,,,,
35,VISIT,3536,Random,OnArrival,5,53,18249,Node_334,24,0,24,24,24,,,,,,,,,
35,VISIT,3538,Random,OnArrival,5,27,18258,Node_310,27,0,21,27,21,,,,,,,,,
35,VISIT,3539,Random,OnArrival,5,24,18258,Node_683,30,0,24,30,24,,,,,,,,,
35,VISIT,3540,Random,OnArrival,5,26,18258,Node_712,31,0,21,31,21,,,,,,,,,
35,VISIT,3525,Random,OnArrival,5,117,18263,Node_682,29,0,24,29,24,,,,,,,,,
35,VISIT,3526,Random,OnArrival,5,119,18263,Node_709,30,0,21,30,21,,,,,,,,,
35,VISIT,3527,Random,OnArrival,5,113,18263,Node_682,29,0,24,29,24,,,,,,,,,
35,VISIT,3528,Random,OnArrival,5,112,18263,Node_333,24,0,23,24,23,,,,,,,,,
35,VISIT,3530,Random,OnArrival,5,83,18263,Node_683,30,0,24,30,24,,,,,,,,,
35,VISIT,3534,Random,OnArrival,5,58,18263,Node_709,30,0,21,30,21,,,,,,,,,
35,VISIT,3535,Random,OnArrival,5,54,18263,Node_333,24,0,23,24,23,,,,,,,,,
35,VISIT,3536,Random,OnArrival,5,54,18263,Node_333,24,0,23,24,23,,,,,,,,,
35,VISIT,3538,Random,OnArrival,5,28,18271,Node_308,28,0,21,28,21,,,,,,,,,
35,VISIT,3539,Random,OnArrival,5,25,18271,Node_711,30,0,23,30,23,,,,,,,,,
35,VISIT,3540,Random,OnArrival,5,27,18271,Node_714,31,0,22,31,22,,,,,,,,,
35,VISIT,3525,Random,OnArrival,5,118,18277,Node_683,30,0,24,30,24,,,,,,,,,
35,VISIT,3526,Random,OnArrival,5,120,18277,Node_710,30,0,22,30,22,,,,,,,,,
35,VISIT,3527,Random,OnArrival,5,114,18277,Node_683,30,0,24,30,24,,,,,,,,,
35,VISIT,3528,Random,OnArrival,5,113,18277,Node_334,24,0,24,24,24,,,,,,,,,
35,VISIT,3535,Random,OnArrival,5,55,18277,Node_334,24,0,24,24,24,,,,,,,,,
35,VISIT,3536,Random,OnArrival,5,55,18277,Node_334,24,0,24,24,24,,,,,,,,,
35,VISIT,3537,Random,OnArrival,5,26,18285,Node_355,29,0,17,29,17,,,,,,,,,
35,VISIT,3539,Random,OnArrival,5,26,18285,Node_717,31,0,23,31,23,,,,,,,,,
35,VISIT,3540,Random,OnArrival,5,28,18285,Node_717,31,0,23,31,23,,,,,,,,,
35,VISIT,3525,Random,OnArrival,5,119,18292,Node_716,31,0,24,31,24,,,,,,,,,
35,VISIT,3526,Random,OnArrival,5,121,18292,Node_714,31,0,22,31,22,,,,,,,,,
35,VISIT,3527,Random,OnArrival,5,115,18292,Node_716,31,0,24,31,24,,,,,,,,,
35,VISIT,3528,Random,OnArrival,5,114,18292,Node_335,24,0,25,24,25,,,,,,,,,
35,VISIT,3533,Random,OnArrival,5,57,18292,Node_716,31,0,24,31,24,,,,,,,,,
35,VISIT,3534,Random,OnArrival,5,59,18292,Node_308,28,0,21,28,21,,,,,,,,,
35,VISIT,3535,Random,OnArrival,5,56,18292,Node_335,24,0,25,24,25,,,,,,,,,
35,VISIT,3536,Random,OnArrival,5,56,18292,Node_335,24,0,25,24,25,,,,,,,,,
35,VISIT,3537,Random,OnArrival,5,27,18299,Node_357,29,0,16,29,16,,,,,,,,,
35,VISIT,3538,Random,OnArrival,5,29,18299,Node_709,30,0,21,30,21,,,,,,,,,
35,VISIT,3539,Random,OnArrival,5,27,18299,Node_716,31,0,24,31,24,,,,,,,,,
35,VISIT,3540,Random,OnArrival,5,29,18299,Node_716,31,0,24,31,24,,,,,,,,,
35,VISIT,3525,Random,OnArrival,5,120,18306,Node_718,31,0,25,31,25,,,,,,,,,
35,VISIT,3527,Random,OnArrival,5,116,18306,Node_718,31,0,25,31,25,,,,,,,,,
35,VISIT,3528,Random,OnArrival,5,115,18306,Node_673,25,0,25,25,25,,,,,,,,,
35,VISIT,3530,Random,OnArrival,5,84,18306,Node_684,30,0,25,30,25,,,,,,,,,
35,VISIT,3534,Random,OnArrival,5,60,18306,Node_306,28,0,20,28,20,,,,,,,,,
35,VISIT,3535,Random,OnArrival,5,57,18306,Node_673,25,0,25,25,25,,,,,,,,,
35,VISIT,3536,Random,OnArrival,5,57,18306,Node_673,25,0,25,25,25,,,,,,,,,
35,VISIT,3537,Random,OnArrival,5,28,18314,Node_713,30,0,16,30,16,,,,,,,,,
35,VISIT,3538,Random,OnArrival,5,30,18314,Node_710,30,0,22,30,22,,,,,,,,,
35,VISIT,3539,Random,OnArrival,5,28,18314,Node_720,32,0,24,32,24,,,,,,,,,
35,VISIT,3540,Random,OnArrival,5,30,18314,Node_720,32,0,24,32,24,,,,,,,,,
35,VISIT,3525,Random,OnArrival,5,121,18321,Node_684,30,0,25,30,25,,,,,,,,,
35,VISIT,3527,Random,OnArrival,5,117,18321,Node_684,30,0,25,30,25,,,,,,,,,
35,VISIT,3530,Random,OnArrival,5,85,18321,Node_683,30,0,24,30,24,,,,,,,,,
35,VISIT,3534,Random,OnArrival,5,61,18321,Node_304,28,0,19,28,19,,,,,,,,,
35,VISIT,3538,Random,OnArrival,5,31,18329,Node_709,30,0,21,30,21,,,,,,,,,
35,VISIT,3539,Random,OnArrival,5,29,18329,Node_722,32,0,25,32,25,,,,,,,,,
35,VISIT,3540,Random,OnArrival,5,31,18329,Node_722,32,0,25,32,25,,,,,,,,,
35,VISIT,3525,Random,OnArrival,5,122,18336,Node_683,30,0,24,30,24,,,,,,,,,
35,VISIT,3527,Random,OnArrival,5,118,18336,Node_683,30,0,24,30,24,,,,,,,,,
35,VISIT,3530,Random,OnArrival,5,86,18336,Node_716,31,0,24,31,24,,,,,,,,,
35,VISIT,3533,Random,OnArrival,5,58,18336,Node_718,31,0,25,31,25,,,,,,,,,
35,VISIT,3534,Random,OnArrival,5,62,18336,Node_302,28,0,18,28,18,,,,,,,,,
35,VISIT,3538,Random,OnArrival,5,32,18343,Node_712,31,0,21,31,21,,,,,,,,,
35,VISIT,3539,Random,OnArrival,5,30,18343,Node_718,31,0,25,31,25,,,,,,,,,
35,VISIT,3540,Random,OnArrival,5,32,18343,Node_718,31,0,25,31,25,,,,,,,,,
35,VISIT,3525,Random,OnArrival,5,123,18350,Node_711,30,0,23,30,23,,,,,,,,,
35,VISIT,3527,Random,OnArrival,5,119,18350,Node_711,30,0,23,30,23,,,,,,,,,
35,VISIT,3530,Random,OnArrival,5,87,18350,Node_718,31,0,25,31,25,,,,,,,,,
35,VISIT,3533,Random,OnArrival,5,59,18350,Node_716,31,0,24,31,24,,,,,,,,,
35,VISIT,3534,Random,OnArrival,5,63,18350,Node_343,28,0,17,28,17,,,,,,,,,
35,VISIT,3538,Random,OnArrival,5,33,18358,Node_721,32,0,21,32,21,,,,,,,,,
35,VISIT,3539,Random,OnArrival,5,31,18358,Node_722,32,0,25,32,25,,,,,,,,,
35,VISIT,3540,Random,OnArrival,5,33,18358,Node_716,31,0,24,31,24,,,,,,,,,
35,VISIT,3525,Random,OnArrival,5,124,18365,Node_710,30,0,22,30,22,,,,,,,,,
35,VISIT,3527,Random,OnArrival,5,120,18365,Node_710,30,0,22,30,22,,,,,,,,,
35,VISIT,3528,Random,OnArrival,5,116,18365,Node_681,29,0,25,29,25,,,,,,,,,
35,VISIT,3530,Random,OnArrival,5,88,18365,Node_716,31,0,24,31,24,,,,,,,,,
35,VISIT,3533,Random,OnArrival,5,60,18365,Node_717,31,0,23,31,23,,,,,,,,,
35,VISIT,3534,Random,OnArrival,5,64,18365,Node_355,29,0,17,29,17,,,,,,,,,
35,VISIT,3535,Random,OnArrival,5,58,18365,Node_681,29,0,25,29,25,,,,,,,,,
35,VISIT,3536,Random,OnArrival,5,58,18365,Node_681,29,0,25,29,25,,,,,,,,,
35,VISIT,3537,Random,OnArrival,5,29,18372,Node_728,32,0,18,32,18,,,,,,,,,
35,VISIT,3540,Random,OnArrival,5,34,18372,Node_717,31,0,23,31,23,,,,,,,,,
35,VISIT,3525,Random,OnArrival,5,125,18379,Node_714,31,0,22,31,22,,,,,,,,,
35,VISIT,3527,Random,OnArrival,5,121,18379,Node_714,31,0,22,31,22,,,,,,,,,
35,VISIT,3528,Random,OnArrival,5,117,18379,Node_684,30,0,25,30,25,,,,,,,,,
35,VISIT,3530,Random,OnArrival,5,89,18379,Node_717,31,0,23,31,23,,,,,,,,,
35,VISIT,3533,Random,OnArrival,5,61,18379,Node_714,31,0,22,31,22,,,,,,,,,
35,VISIT,3534,Random,OnArrival,5,65,18379,Node_343,28,0,17,28,17,,,,,,,,,
35,VISIT,3535,Random,OnArrival,5,59,18379,Node_682,29,0,24,29,24,,,,,,,,,
35,VISIT,3536,Random,OnArrival,5,59,18379,Node_684,30,0,25,30,25,,,,,,,,,
35,VISIT,3537,Random,OnArrival,5,30,18386,Node_730,32,0,17,32,17,,,,,,,,,
35,VISIT,3540,Random,OnArrival,5,35,18386,Node_714,31,0,22,31,22,,,,,,,,,
35,VISIT,3525,Random,OnArrival,5,126,18393,Node_719,32,0,22,32,22,,,,,,,,,
35,VISIT,3527,Random,OnArrival,5,122,18393,Node_719,32,0,22,32,22,,,,,,,,,
35,VISIT,3528,Random,OnArrival,5,118,18393,Node_683,30,0,24,30,24,,,,,,,,,
35,VISIT,3530,Random,OnArrival,5,90,18393,Node_714,31,0,22,31,22,,,,,,,,,
35,VISIT,3533,Random,OnArrival,5,62,18393,Node_712,31,0,21,31,21,,,,,,,,,
35,VISIT,3534,Random,OnArrival,5,66,18393,Node_255,27,0,17,27,17,,,,,,,,,
35,VISIT,3535,Random,OnArrival,5,60,18393,Node_683,30,0,24,30,24,,,,,,,,,
35,VISIT,3536,Random,OnArrival,5,60,18393,Node_683,30,0,24,30,24,,,,,,,,,
35,VISIT,3537,Random,OnArrival,5,31,18400,Node_732,32,0,16,32,16,,,,,,,,,
35,VISIT,3538,Random,OnArrival,5,34,18400,Node_719,32,0,22,32,22,,,,,,,,,
35,VISIT,3540,Random,OnArrival,5,36,18400,Node_712,31,0,21,31,21,,,,,,,,,
35,VISIT,3525,Random,OnArrival,5,127,18407,Node_731,33,0,22,33,22,,,,,,,,,
35,VISIT,3527,Random,OnArrival,5,123,18407,Node_731,33,0,22,33,22,,,,,,,,,
35,VISIT,3528,Random,OnArrival,5,119,18407,Node_711,30,0,23,30,23,,,,,,,,,
35,VISIT,3530,Random,OnArrival,5,91,18407,Node_719,32,0,22,32,22,,,,,,,,,
35,VISIT,3533,Random,OnArrival,5,63,18407,Node_721,32,0,21,32,21,,,,,,,,,
35,VISIT,3534,Random,OnArrival,5,67,18407,Node_253,27,0,16,27,16,,,,,,,,,
35,VISIT,3535,Random,OnArrival,5,61,18407,Node_711,30,0,23,30,23,,,,,,,,,
35,VISIT,3536,Random,OnArrival,5,61,18407,Node_711,30,0,23,30,23,,,,,,,,,
35,VISIT,3541,Random,OnArrival,5,0,18410,Node_6,19,0,12,19,12,,,,,,,,,
35,VISIT,3542,Random,OnArrival,5,0,18410,Node_7,19,0,8,19,8,,,,,,,,,
35,VISIT,3543,Random,OnArrival,5,0,18410,Node_8,17,0,10,17,10,,,,,,,,,
35,VISIT,3544,Random,OnArrival,5,0,18410,Node_9,21,0,10,21,10,,,,,,,,,
35,VISIT,3528,Random,OnArrival,5,120,18414,Node_710,30,0,22,30,22,,,,,,,,,
35,VISIT,3530,Random,OnArrival,5,92,18414,Node_714,31,0,22,31,22,,,,,,,,,
35,VISIT,3533,Random,OnArrival,5,64,18414,Node_724,32,0,20,32,20,,,,,,,,,
35,VISIT,3534,Random,OnArrival,5,68,18414,Node_252,27,0,15,27,15,,,,,,,,,
35,VISIT,3535,Random,OnArrival,5,62,18414,Node_710,30,0,22,30,22,,,,,,,,,
35,VISIT,3536,Random,OnArrival,5,62,18414,Node_710,30,0,22,30,22,,,,,,,,,
35,VISIT,3538,Random,OnArrival,5,35,18414,Node_721,32,0,21,32,21,,,,,,,,,
35,VISIT,3540,Random,OnArrival,5,37,18414,Node_721,32,0,21,32,21,,,,,,,,,
35,VISIT,3541,Random,OnArrival,5,1,18416,Node_2,19,0,11,19,11,,,,,,,,,
35,VISIT,3542,Random,OnArrival,5,1,18416,Node_3,19,0,9,19,9,,,,,,,,,
35,VISIT,3543,Random,OnArrival,5,1,18416,Node_4,18,0,10,18,10,,,,,,,,,
35,VISIT,3544,Random,OnArrival,5,1,18416,Node_13,21,0,11,21,11,,,,,,,,,
35,VISIT,3528,Random,OnArrival,5,121,18421,Node_714,31,0,22,31,22,,,,,,,,,
35,VISIT,3530,Random,OnArrival,5,93,18421,Node_717,31,0,23,31,23,,,,,,,,,
35,VISIT,3535,Random,OnArrival,5,63,18421,Node_714,31,0,22,31,22,,,,,,,,,
35,VISIT,3536,Random,OnArrival,5,63,18421,Node_714,31,0,22,31,22,,,,,,,,,
35,VISIT,3538,Random,OnArrival,5,36,18421,Node_729,33,0,21,33,21,,,,,,,,,
35,VISIT,3540,Random,OnArrival,5,38,18421,Node_724,32,0,20,32,20,,,,,,,,,
35,VISIT,3541,Random,OnArrival,5,2,18423,Node_55,20,0,11,20,11,,,,,,,,,
35,VISIT,3542,Random,OnArrival,5,2,18423,Node_50,20,0,9,20,9,,,,,,,,,
35,VISIT,3543,Random,OnArrival,5,2,18423,Node_14,18,0,11,18,11,,,,,,,,,
35,VISIT,3544,Random,OnArrival,5,2,18423,Node_76,22,0,11,22,11,,,,,,,,,
35,VISIT,3525,Random,OnArrival,5,128,18428,Node_739,35,0,23,35,23,,,,,,,,,
35,VISIT,3527,Random,OnArrival,5,124,18428,Node_739,35,0,23,35,23,,,,,,,,,
35,VISIT,3528,Random,OnArrival,5,122,18428,Node_719,32,0,22,32,22,,,,,,,,,
35,VISIT,3530,Random,OnArrival,5,94,18428,Node_716,31,0,24,31,24,,,,,,,,,
35,VISIT,3533,Random,OnArrival,5,65,18428,Node_729,33,0,21,33,21,,,,,,,,,
35,VISIT,3534,Random,OnArrival,5,69,18428,Node_251,27,0,13,27,13,,,,,,,,,
35,VISIT,3535,Random,OnArrival,5,64,18428,Node_719,32,0,22,32,22,,,,,,,,,
35,VISIT,3536,Random,OnArrival,5,64,18428,Node_719,32,0,22,32,22,,,,,,,,,
35,VISIT,3537,Random,OnArrival,5,32,18428,Node_723,31,0,16,31,16,,,,,,,,,
35,VISIT,3538,Random,OnArrival,5,37,18428,Node_737,33,0,20,33,20,,,,,,,,,
35,VISIT,3539,Random,OnArrival,5,32,18428,Node_736,35,0,22,35,22,,,,,,,,,
35,VISIT,3540,Random,OnArrival,5,39,18428,Node_726,32,0,19,32,19,,,,,,,,,
35,VISIT,3541,Random,OnArrival,5,3,18431,Node_13,21,0,11,21,11,,,,,,,,,
35,VISIT,3542,Random,OnArrival,5,3,18431,Node_48,21,0,9,21,9,,,,,,,,,
35,VISIT,3543,Random,OnArrival,5,3,18431,Node_2,19,0,11,19,11,,,,,,,,,
35,VISIT,3544,Random,OnArrival,5,3,18431,Node_80,23,0,11,23,11,,,,,,,,,
35,VISIT,3528,Random,OnArrival,5,123,18439,Node_721,32,0,21,32,21,,,,,,,,,
35,VISIT,3530,Random,OnArrival,5,95,18439,Node_718,31,0,25,31,25,,,,,,,,,
35,VISIT,3533,Random,OnArrival,5,66,18439,Node_731,33,0,22,33,22,,,,,,,,,
35,VISIT,3534,Random,OnArrival,5,70,18439,Node_330,28,0,13,28,13,,,,,,,,,
35,VISIT,3535,Random,OnArrival,5,65,18439,Node_731,33,0,22,33,22,,,,,,,,,
35,VISIT,3536,Random,OnArrival,5,65,18439,Node_731,33,0,22,33,22,,,,,,,,,
35,VISIT,3537,Random,OnArrival,5,33,18439,Node_732,32,0,16,32,16,,,,,,,,,
35,VISIT,3541,Random,OnArrival,5,4,18442,Node_76,22,0,11,22,11,,,,,,,,,
35,VISIT,3542,Random,OnArrival,5,4,18442,Node_78,22,0,9,22,9,,,,,,,,,
35,VISIT,3543,Random,OnArrival,5,4,18442,Node_55,20,0,11,20,11,,,,,,,,,
35,VISIT,3544,Random,OnArrival,5,4,18442,Node_79,23,0,10,23,10,,,,,,,,,
35,VISIT,3528,Random,OnArrival,5,124,18450,Node_729,33,0,21,33,21,,,,,,,,,
35,VISIT,3530,Random,OnArrival,5,96,18450,Node_722,32,0,25,32,25,,,,,,,,,
35,VISIT,3537,Random,OnArrival,5,34,18450,Node_730,32,0,17,32,17,,,,,,,,,
35,VISIT,3541,Random,OnArrival,5,5,18453,Node_80,23,0,11,23,11,,,,,,,,,
35,VISIT,3542,Random,OnArrival,5,5,18453,Node_95,23,0,9,23,9,,,,,,,,,
35,VISIT,3543,Random,OnArrival,5,5,18453,Node_13,21,0,11,21,11,,,,,,,,,
35,VISIT,3544,Random,OnArrival,5,5,18453,Node_95,23,0,9,23,9,,,,,,,,,
35,VISIT,3528,Random,OnArrival,5,125,18463,Node_731,33,0,22,33,22,,,,,,,,,
35,VISIT,3533,Random,OnArrival,5,67,18463,Node_736,35,0,22,35,22,,,,,,,,,
35,VISIT,3535,Random,OnArrival,5,66,18463,Node_736,35,0,22,35,22,,,,,,,,,
35,VISIT,3536,Random,OnArrival,5,66,18463,Node_736,35,0,22,35,22,,,,,,,,,
35,VISIT,3537,Random,OnArrival,5,35,18463,Node_725,31,0,17,31,17,,,,,,,,,
35,VISIT,3541,Random,OnArrival,5,6,18466,Node_79,23,0,10,23,10,,,,,,,,,
35,VISIT,3543,Random,OnArrival,5,6,18466,Node_76,22,0,11,22,11,,,,,,,,,
35,VISIT,3527,Random,OnArrival,5,125,18476,Node_733,35,0,25,35,25,,,,,,,,,
35,VISIT,3537,Random,OnArrival,5,36,18476,Node_715,30,0,17,30,17,,,,,,,,,
35,VISIT,3538,Random,OnArrival,5,38,18476,Node_730,32,0,17,32,17,,,,,,,,,
35,VISIT,3540,Random,OnArrival,5,40,18476,Node_730,32,0,17,32,17,,,,,,,,,
35,VISIT,3541,Random,OnArrival,5,7,18480,Node_95,23,0,9,23,9,,,,,,,,,
35,VISIT,3542,Random,OnArrival,5,6,18480,Node_166,25,0,9,25,9,,,,,,,,,
35,VISIT,3543,Random,OnArrival,5,7,18480,Node_80,23,0,11,23,11,,,,,,,,,
35,VISIT,3544,Random,OnArrival,5,6,18480,Node_166,25,0,9,25,9,,,,,,,,,
35,VISIT,3527,Random,OnArrival,5,126,18490,Node_735,35,0,24,35,24,,,,,,,,,
35,VISIT,3528,Random,OnArrival,5,126,18490,Node_736,35,0,22,35,22,,,,,,,,,
35,VISIT,3530,Random,OnArrival,5,97,18490,Node_733,35,0,25,35,25,,,,,,,,,
35,VISIT,3535,Random,OnArrival,5,67,18490,Node_740,36,0,23,36,23,,,,,,,,,
35,VISIT,3536,Random,OnArrival,5,67,18490,Node_740,36,0,23,36,23,,,,,,,,,
35,VISIT,3537,Random,OnArrival,5,37,18490,Node_725,31,0,17,31,17,,,,,,,,,
35,VISIT,3538,Random,OnArrival,5,39,18490,Node_748,33,0,17,33,17,,,,,,,,,
35,VISIT,3540,Random,OnArrival,5,41,18490,Node_728,32,0,18,32,18,,,,,,,,,
35,VISIT,3542,Random,OnArrival,5,7,18495,Node_206,26,0,9,26,9,,,,,,,,,
35,VISIT,3543,Random,OnArrival,5,8,18495,Node_79,23,0,10,23,10,,,,,,,,,
35,VISIT,3544,Random,OnArrival,5,7,18495,Node_206,26,0,9,26,9,,,,,,,,,
35,VISIT,3527,Random,OnArrival,5,127,18505,Node_743,36,0,24,36,24,,,,,,,,,
35,VISIT,3528,Random,OnArrival,5,127,18505,Node_739,35,0,23,35,23,,,,,,,,,
35,VISIT,3530,Random,OnArrival,5,98,18505,Node_746,36,0,25,36,25,,,,,,,,,
35,VISIT,3534,Random,OnArrival,5,71,18505,Node_738,31,0,15,31,15,,,,,,,,,
35,VISIT,3535,Random,OnArrival,5,68,18505,Node_743,36,0,24,36,24,,,,,,,,,
35,VISIT,3536,Random,OnArrival,5,68,18505,Node_750,36,0,22,36,22,,,,,,,,,
35,VISIT,3537,Random,OnArrival,5,38,18505,Node_730,32,0,17,32,17,,,,,,,,,
35,VISIT,3540,Random,OnArrival,5,42,18505,Node_744,33,0,18,33,18,,,,,,,,,
35,VISIT,3541,Random,OnArrival,5,8,18510,Node_166,25,0,9,25,9,,,,,,,,,
35,VISIT,3542,Random,OnArrival,5,8,18510,Node_246,27,0,9,27,9,,,,,,,,,
35,VISIT,3543,Random,OnArrival,5,9,18510,Node_95,23,0,9,23,9,,,,,,,,,
35,VISIT,3544,Random,OnArrival,5,8,18510,Node_246,27,0,9,27,9,,,,,,,,,
35,VISIT,3527,Random,OnArrival,5,128,18519,Node_740,36,0,23,36,23,,,,,,,,,
35,VISIT,3528,Random,OnArrival,5,128,18519,Node_735,35,0,24,35,24,,,,,,,,,
35,VISIT,3534,Random,OnArrival,5,72,18519,Node_734,32,0,15,32,15,,,,,,,,,
35,VISIT,3535,Random,OnArrival,5,69,18519,Node_746,36,0,25,36,25,,,,,,,,,
35,VISIT,3537,Random,OnArrival,5,39,18519,Node_732,32,0,16,32,16,,,,,,,,,
35,VISIT,3541,Random,OnArrival,5,9,18524,Node_206,26,0,9,26,9,,,,,,,,,
35,VISIT,3542,Random,OnArrival,5,9,18524,Node_326,28,0,9,28,9,,,,,,,,,
35,VISIT,3544,Random,OnArrival,5,9,18524,Node_247,27,0,10,27,10,,,,,,,,,
35,VISIT,3527,Random,OnArrival,5,129,18533,Node_739,35,0,23,35,23,,,,,,,,,
35,VISIT,3528,Random,OnArrival,5,129,18533,Node_733,35,0,25,35,25,,,,,,,,,
35,VISIT,3534,Random,OnArrival,5,73,18533,Node_732,32,0,16,32,16,,,,,,,,,
35,VISIT,3537,Random,OnArrival,5,40,18533,Node_734,32,0,15,32,15,,,,,,,,,
35,VISIT,3538,Random,OnArrival,5,40,18533,Node_744,33,0,18,33,18,,,,,,,,,
35,VISIT,3540,Random,OnArrival,5,43,18533,Node_752,35,0,18,35,18,,,,,,,,,
35,VISIT,3541,Random,OnArrival,5,10,18538,Node_246,27,0,9,27,9,,,,,,,,,
35,VISIT,3543,Random,OnArrival,5,10,18538,Node_166,25,0,9,25,9,,,,,,,,,
35,VISIT,3544,Random,OnArrival,5,10,18538,Node_327,28,0,10,28,10,,,,,,,,,
35,VISIT,3527,Random,OnArrival,5,130,18547,Node_736,35,0,22,35,22,,,,,,,,,
35,VISIT,3528,Random,OnArrival,5,130,18547,Node_746,36,0,25,36,25,,,,,,,,,
35,VISIT,3534,Random,OnArrival,5,74,18547,Node_730,32,0,17,32,17,,,,,,,,,
35,VISIT,3535,Random,OnArrival,5,70,18547,Node_760,38,0,25,38,25,,,,,,,,,
35,VISIT,3537,Random,OnArrival,5,41,18547,Node_738,31,0,15,31,15,,,,,,,,,
35,VISIT,3538,Random,OnArrival,5,41,18547,Node_748,33,0,17,33,17,,,,,,,,,
35,VISIT,3541,Random,OnArrival,5,11,18552,Node_247,27,0,10,27,10,,,,,,,,,
35,VISIT,3542,Random,OnArrival,5,10,18552,Node_511,30,0,9,30,9,,,,,,,,,
35,VISIT,3543,Random,OnArrival,5,11,18552,Node_206,26,0,9,26,9,,,,,,,,,
35,VISIT,3544,Random,OnArrival,5,11,18552,Node_328,28,0,11,28,11,,,,,,,,,
35,VISIT,3527,Random,OnArrival,5,131,18561,Node_742,35,0,21,35,21,,,,,,,,,
35,VISIT,3528,Random,OnArrival,5,131,18561,Node_743,36,0,24,36,24,,,,,,,,,
35,VISIT,3534,Random,OnArrival,5,75,18561,Node_728,32,0,18,32,18,,,,,,,,,
35,VISIT,3536,Random,OnArrival,5,69,18561,Node_764,36,0,18,36,18,,,,,,,,,
35,VISIT,3537,Random,OnArrival,5,42,18561,Node_753,31,0,14,31,14,,,,,,,,,
35,VISIT,3538,Random,OnArrival,5,42,18561,Node_730,32,0,17,32,17,,,,,,,,,
35,VISIT,3540,Random,OnArrival,5,44,18561,Node_763,36,0,19,36,19,,,,,,,,,
35,VISIT,3541,Random,OnArrival,5,12,18567,Node_246,27,0,9,27,9,,,,,,,,,
35,VISIT,3543,Random,OnArrival,5,12,18567,Node_246,27,0,9,27,9,,,,,,,,,
35,VISIT,3544,Random,OnArrival,5,12,18567,Node_329,28,0,12,28,12,,,,,,,,,
35,VISIT,3527,Random,OnArrival,5,132,18575,Node_757,36,0,21,36,21,,,,,,,,,
35,VISIT,3528,Random,OnArrival,5,132,18575,Node_740,36,0,23,36,23,,,,,,,,,
35,VISIT,3534,Random,OnArrival,5,76,18575,Node_744,33,0,18,33,18,,,,,,,,,
35,VISIT,3538,Random,OnArrival,5,43,18575,Node_732,32,0,16,32,16,,,,,,,,,
35,VISIT,3540,Random,OnArrival,5,45,18575,Node_749,35,0,19,35,19,,,,,,,,,
35,VISIT,3541,Random,OnArrival,5,13,18581,Node_326,28,0,9,28,9,,,,,,,,,
35,VISIT,3543,Random,OnArrival,5,13,18581,Node_326,28,0,9,28,9,,,,,,,,,
35,VISIT,3544,Random,OnArrival,5,13,18581,Node_330,28,0,13,28,13,,,,,,,,,
35,VISIT,3527,Random,OnArrival,5,133,18589,Node_742,35,0,21,35,21,,,,,,,,,
35,VISIT,3528,Random,OnArrival,5,133,18589,Node_739,35,0,23,35,23,,,,,,,,,
35,VISIT,3534,Random,OnArrival,5,77,18589,Node_748,33,0,17,33,17,,,,,,,,,
35,VISIT,3535,Random,OnArrival,5,71,18589,Node_762,38,0,24,38,24,,,,,,,,,
35,VISIT,3538,Random,OnArrival,5,44,18589,Node_734,32,0,15,32,15,,,,,,,,,
35,VISIT,3540,Random,OnArrival,5,46,18589,Node_745,35,0,20,35,20,,,,,,,,,
35,VISIT,3543,Random,OnArrival,5,14,18595,Node_327,28,0,10,28,10,,,,,,,,,
35,VISIT,3527,Random,OnArrival,5,134,18603,Node_745,35,0,20,35,20,,,,,,,,,
35,VISIT,3528,Random,OnArrival,5,134,18603,Node_736,35,0,22,35,22,,,,,,,,,
35,VISIT,3534,Random,OnArrival,5,78,18603,Node_730,32,0,17,32,17,,,,,,,,,
35,VISIT,3536,Random,OnArrival,5,70,18603,Node_756,35,0,16,35,16,,,,,,,,,
35,VISIT,3537,Random,OnArrival,5,43,18603,Node_774,31,0,11,31,11,,,,,,,,,
35,VISIT,3538,Random,OnArrival,5,45,18603,Node_738,31,0,15,31,15,,,,,,,,,
35,VISIT,3540,Random,OnArrival,5,47,18603,Node_761,36,0,20,36,20,,,,,,,,,
35,VISIT,3541,Random,OnArrival,5,14,18609,Node_511,30,0,9,30,9,,,,,,,,,
35,VISIT,3542,Random,OnArrival,5,11,18609,Node_773,31,0,12,31,12,,,,,,,,,
35,VISIT,3543,Random,OnArrival,5,15,18609,Node_328,28,0,11,28,11,,,,,,,,,
35,VISIT,3544,Random,OnArrival,5,14,18609,Node_747,30,0,13,30,13,,,,,,,,,
35,VISIT,3527,Random,OnArrival,5,135,18618,Node_761,36,0,20,36,20,,,,,,,,,
35,VISIT,3528,Random,OnArrival,5,135,18618,Node_742,35,0,21,35,21,,,,,,,,,
35,VISIT,3534,Random,OnArrival,5,79,18618,Node_732,32,0,16,32,16,,,,,,,,,
35,VISIT,3535,Random,OnArrival,5,72,18618,Node_767,38,0,22,38,22,,,,,,,,,
35,VISIT,3536,Random,OnArrival,5,71,18618,Node_754,35,0,17,35,17,,,,,,,,,
35,VISIT,3537,Random,OnArrival,5,44,18618,Node_514,30,0,11,30,11,,,,,,,,,
35,VISIT,3538,Random,OnArrival,5,46,18618,Node_753,31,0,14,31,14,,,,,,,,,
35,VISIT,3541,Random,OnArrival,5,15,18624,Node_509,30,0,8,30,8,,,,,,,,,
35,VISIT,3543,Random,OnArrival,5,16,18624,Node_329,28,0,12,28,12,,,,,,,,,
35,VISIT,3544,Random,OnArrival,5,15,18624,Node_770,31,0,13,31,13,,,,,,,,,
35,VISIT,3527,Random,OnArrival,5,136,18632,Node_775,37,0,20,37,20,,,,,,,,,
35,VISIT,3528,Random,OnArrival,5,136,18632,Node_745,35,0,20,35,20,,,,,,,,,
35,VISIT,3534,Random,OnArrival,5,80,18632,Node_734,32,0,15,32,15,,,,,,,,,
35,VISIT,3536,Random,OnArrival,5,72,18632,Node_755,34,0,17,34,17,,,,,,,,,
35,VISIT,3537,Random,OnArrival,5,45,18632,Node_774,31,0,11,31,11,,,,,,,,,
35,VISIT,3538,Random,OnArrival,5,47,18632,Node_751,30,0,14,30,14,,,,,,,,,
35,VISIT,3543,Random,OnArrival,5,17,18638,Node_330,28,0,13,28,13,,,,,,,,,
35,VISIT,3527,Random,OnArrival,5,137,18646,Node_778,37,0,19,37,19,,,,,,,,,
35,VISIT,3528,Random,OnArrival,5,137,18646,Node_749,35,0,19,35,19,,,,,,,,,
35,VISIT,3534,Random,OnArrival,5,81,18646,Node_738,31,0,15,31,15,,,,,,,,,
35,VISIT,3536,Random,OnArrival,5,73,18646,Node_758,34,0,18,34,18,,,,,,,,,
35,VISIT,3538,Random,OnArrival,5,48,18646,Node_747,30,0,13,30,13,,,,,,,,,
35,VISIT,3540,Random,OnArrival,5,48,18646,Node_763,36,0,19,36,19,,,,,,,,,
35,VISIT,3541,Random,OnArrival,5,16,18652,Node_766,31,0,9,31,9,,,,,,,,,
35,VISIT,3542,Random,OnArrival,5,12,18652,Node_770,31,0,13,31,13,,,,,,,,,
35,VISIT,3527,Random,OnArrival,5,138,18660,Node_763,36,0,19,36,19,,,,,,,,,
35,VISIT,3528,Random,OnArrival,5,138,18660,Node_752,35,0,18,35,18,,,,,,,,,
35,VISIT,3534,Random,OnArrival,5,82,18660,Node_753,31,0,14,31,14,,,,,,,,,
35,VISIT,3536,Random,OnArrival,5,74,18660,Node_752,35,0,18,35,18,,,,,,,,,
35,VISIT,3538,Random,OnArrival,5,49,18660,Node_770,31,0,13,31,13,,,,,,,,,
35,VISIT,3540,Random,OnArrival,5,49,18660,Node_764,36,0,18,36,18,,,,,,,,,
35,VISIT,3541,Random,OnArrival,5,17,18666,Node_511,30,0,9,30,9,,,,,,,,,
35,VISIT,3542,Random,OnArrival,5,13,18666,Node_780,32,0,13,32,13,,,,,,,,,
35,VISIT,3543,Random,OnArrival,5,18,18666,Node_747,30,0,13,30,13,,,,,,,,,
35,VISIT,3527,Random,OnArrival,5,139,18674,Node_764,36,0,18,36,18,,,,,,,,,
35,VISIT,3528,Random,OnArrival,5,139,18674,Node_754,35,0,17,35,17,,,,,,,,,
35,VISIT,3534,Random,OnArrival,5,83,18674,Node_770,31,0,13,31,13,,,,,,,,,
35,VISIT,3535,Random,OnArrival,5,73,18674,Node_778,37,0,19,37,19,,,,,,,,,
35,VISIT,3536,Random,OnArrival,5,75,18674,Node_749,35,0,19,35,19,,,,,,,,,
35,VISIT,3538,Random,OnArrival,5,50,18674,Node_773,31,0,12,31,12,,,,,,,,,
35,VISIT,3540,Random,OnArrival,5,50,18674,Node_752,35,0,18,35,18,,,,,,,,,
35,VISIT,3541,Random,OnArrival,5,18,18680,Node_513,30,0,10,30,10,,,,,,,,,
35,VISIT,3543,Random,OnArrival,5,19,18680,Node_770,31,0,13,31,13,,,,,,,,,
35,VISIT,3527,Random,OnArrival,5,140,18688,Node_752,35,0,18,35,18,,,,,,,,,
35,VISIT,3528,Random,OnArrival,5,140,18688,Node_769,36,0,17,36,17,,,,,,,,,
35,VISIT,3534,Random,OnArrival,5,84,18688,Node_773,31,0,12,31,12,,,,,,,,,
35,VISIT,3535,Random,OnArrival,5,74,18688,Node_763,36,0,19,36,19,,,,,,,,,
35,VISIT,3536,Random,OnArrival,5,76,18688,Node_763,36,0,19,36,19,,,,,,,,,
35,VISIT,3538,Random,OnArrival,5,51,18688,Node_774,31,0,11,31,11,,,,,,,,,
35,VISIT,3540,Random,OnArrival,5,51,18688,Node_754,35,0,17,35,17,,,,,,,,,
35,VISIT,3541,Random,OnArrival,5,19,18694,Node_771,31,0,10,31,10,,,,,,,,,
35,VISIT,3542,Random,OnArrival,5,14,18694,Node_784,34,0,13,34,13,,,,,,,,,
35,VISIT,3543,Random,OnArrival,5,20,18694,Node_773,31,0,12,31,12,,,,,,,,,
35,VISIT,3527,Random,OnArrival,5,141,18702,Node_754,35,0,17,35,17,,,,,,,,,
35,VISIT,3534,Random,OnArrival,5,85,18702,Node_774,31,0,11,31,11,,,,,,,,,
35,VISIT,3535,Random,OnArrival,5,75,18702,Node_764,36,0,18,36,18,,,,,,,,,
35,VISIT,3536,Random,OnArrival,5,77,18702,Node_778,37,0,19,37,19,,,,,,,,,
35,VISIT,3538,Random,OnArrival,5,52,18702,Node_771,31,0,10,31,10,,,,,,,,,
35,VISIT,3540,Random,OnArrival,5,52,18702,Node_756,35,0,16,35,16,,,,,,,,,
35,VISIT,3541,Random,OnArrival,5,20,18708,Node_774,31,0,11,31,11,,,,,,,,,
35,VISIT,3543,Random,OnArrival,5,21,18708,Node_774,31,0,11,31,11,,,,,,,,,
35,VISIT,3544,Random,OnArrival,5,16,18708,Node_759,35,0,15,35,15,,,,,,,,,
35,VISIT,3527,Random,OnArrival,5,142,18716,Node_756,35,0,16,35,16,,,,,,,,,
35,VISIT,3534,Random,OnArrival,5,86,18716,Node_771,31,0,10,31,10,,,,,,,,,
35,VISIT,3535,Random,OnArrival,5,76,18716,Node_752,35,0,18,35,18,,,,,,,,,
35,VISIT,3536,Random,OnArrival,5,78,18716,Node_783,38,0,19,38,19,,,,,,,,,
35,VISIT,3538,Random,OnArrival,5,53,18716,Node_766,31,0,9,31,9,,,,,,,,,
35,VISIT,3540,Random,OnArrival,5,53,18716,Node_772,36,0,16,36,16,,,,,,,,,
35,VISIT,3541,Random,OnArrival,5,21,18722,Node_773,31,0,12,31,12,,,,,,,,,
35,VISIT,3543,Random,OnArrival,5,22,18722,Node_771,31,0,10,31,10,,,,,,,,,
35,VISIT,3527,Random,OnArrival,5,143,18730,Node_759,35,0,15,35,15,,,,,,,,,
35,VISIT,3534,Random,OnArrival,5,87,18730,Node_513,30,0,10,30,10,,,,,,,,,
35,VISIT,3535,Random,OnArrival,5,77,18730,Node_754,35,0,17,35,17,,,,,,,,,
35,VISIT,3538,Random,OnArrival,5,54,18730,Node_771,31,0,10,31,10,,,,,,,,,
35,VISIT,3541,Random,OnArrival,5,22,18736,Node_770,31,0,13,31,13,,,,,,,,,
35,VISIT,3542,Random,OnArrival,5,15,18736,Node_759,35,0,15,35,15,,,,,,,,,
35,VISIT,3543,Random,OnArrival,5,23,18736,Node_513,30,0,10,30,10,,,,,,,,,
35,VISIT,3544,Random,OnArrival,5,17,18736,Node_785,34,0,14,34,14,,,,,,,,,
35,VISIT,3527,Random,OnArrival,5,144,18744,Node_789,35,0,14,35,14,,,,,,,,,
35,VISIT,3534,Random,OnArrival,5,88,18744,Node_511,30,0,9,30,9,,,,,,,,,
35,VISIT,3535,Random,OnArrival,5,78,18744,Node_756,35,0,16,35,16,,,,,,,,,
35,VISIT,3538,Random,OnArrival,5,55,18744,Node_774,31,0,11,31,11,,,,,,,,,
35,VISIT,3540,Random,OnArrival,5,54,18744,Node_787,37,0,17,37,17,,,,,,,,,
35,VISIT,3541,Random,OnArrival,5,23,18750,Node_780,32,0,13,32,13,,,,,,,,,
35,VISIT,3542,Random,OnArrival,5,16,18750,Node_789,35,0,14,35,14,,,,,,,,,
35,VISIT,3543,Random,OnArrival,5,24,18750,Node_514,30,0,11,30,11,,,,,,,,,
35,VISIT,3544,Random,OnArrival,5,18,18750,Node_786,34,0,15,34,15,,,,,,,,,
35,VISIT,3527,Random,OnArrival,5,145,18758,Node_759,35,0,15,35,15,,,,,,,,,
35,VISIT,3534,Random,OnArrival,5,89,18758,Node_509,30,0,8,30,8,,,,,,,,,
35,VISIT,3535,Random,OnArrival,5,79,18758,Node_759,35,0,15,35,15,,,,,,,,,
35,VISIT,3538,Random,OnArrival,5,56,18758,Node_773,31,0,12,31,12,,,,,,,,,
35,VISIT,3540,Random,OnArrival,5,55,18758,Node_769,36,0,17,36,17,,,,,,,,,
35,VISIT,3542,Random,OnArrival,5,17,18764,Node_788,35,0,13,35,13,,,,,,,,,
35,VISIT,3543,Random,OnArrival,5,25,18764,Node_774,31,0,11,31,11,,,,,,,,,
35,VISIT,3544,Random,OnArrival,5,19,18764,Node_759,35,0,15,35,15,,,,,,,,,
35,VISIT,3527,Random,OnArrival,5,146,18772,Node_756,35,0,16,35,16,,,,,,,,,
35,VISIT,3534,Random,OnArrival,5,90,18772,Node_508,30,0,7,30,7,,,,,,,,,
35,VISIT,3535,Random,OnArrival,5,80,18772,Node_786,34,0,15,34,15,,,,,,,,,
35,VISIT,3538,Random,OnArrival,5,57,18772,Node_776,32,0,12,32,12,,,,,,,,,
35,VISIT,3540,Random,OnArrival,5,56,18772,Node_772,36,0,16,36,16,,,,,,,,,
35,VISIT,3541,Random,OnArrival,5,24,18778,Node_784,34,0,13,34,13,,,,,,,,,
35,VISIT,3543,Random,OnArrival,5,26,18778,Node_773,31,0,12,31,12,,,,,,,,,
35,VISIT,3544,Random,OnArrival,5,20,18778,Node_756,35,0,16,35,16,,,,,,,,,
35,VISIT,3527,Random,OnArrival,5,147,18786,Node_754,35,0,17,35,17,,,,,,,,,
35,VISIT,3535,Random,OnArrival,5,81,18786,Node_785,34,0,14,34,14,,,,,,,,,
35,VISIT,3538,Random,OnArrival,5,58,18786,Node_782,32,0,11,32,11,,,,,,,,,
35,VISIT,3540,Random,OnArrival,5,57,18786,Node_756,35,0,16,35,16,,,,,,,,,
35,VISIT,3541,Random,OnArrival,5,25,18792,Node_785,34,0,14,34,14,,,,,,,,,
35,VISIT,3543,Random,OnArrival,5,27,18792,Node_776,32,0,12,32,12,,,,,,,,,
35,VISIT,3544,Random,OnArrival,5,21,18792,Node_754,35,0,17,35,17,,,,,,,,,
35,VISIT,3527,Random,OnArrival,5,148,18800,Node_769,36,0,17,36,17,,,,,,,,,
35,VISIT,3534,Random,OnArrival,5,91,18800,Node_779,31,0,8,31,8,,,,,,,,,
35,VISIT,3535,Random,OnArrival,5,82,18800,Node_784,34,0,13,34,13,,,,,,,,,
35,VISIT,3540,Random,OnArrival,5,58,18800,Node_759,35,0,15,35,15,,,,,,,,,
35,VISIT,3541,Random,OnArrival,5,26,18806,Node_784,34,0,13,34,13,,,,,,,,,
35,VISIT,3543,Random,OnArrival,5,28,18806,Node_780,32,0,13,32,13,,,,,,,,,
35,VISIT,3544,Random,OnArrival,5,22,18806,Node_769,36,0,17,36,17,,,,,,,,,
35,VISIT,3527,Random,OnArrival,5,149,18814,Node_787,37,0,17,37,17,,,,,,,,,
35,VISIT,3534,Random,OnArrival,5,92,18814,Node_766,31,0,9,31,9,,,,,,,,,
35,VISIT,3540,Random,OnArrival,5,59,18814,Node_789,35,0,14,35,14,,,,,,,,,
35,VISIT,3544,Random,OnArrival,5,23,18820,Node_787,37,0,17,37,17,,,,,,,,,
35,VISIT,3527,Random,OnArrival,5,150,18828,Node_790,37,0,16,37,16,,,,,,,,,
35,VISIT,3534,Random,OnArrival,5,93,18828,Node_771,31,0,10,31,10,,,,,,,,,
35,VISIT,3535,Random,OnArrival,5,83,18828,Node_780,32,0,13,32,13,,,,,,,,,
35,VISIT,3540,Random,OnArrival,5,60,18828,Node_788,35,0,13,35,13,,,,,,,,,
35,VISIT,3541,Random,OnArrival,5,27,18834,Node_780,32,0,13,32,13,,,,,,,,,
35,VISIT,3543,Random,OnArrival,5,29,18834,Node_784,34,0,13,34,13,,,,,,,,,
35,VISIT,3544,Random,OnArrival,5,24,18834,Node_790,37,0,16,37,16,,,,,,,,,
35,VISIT,3534,Random,OnArrival,5,94,18842,Node_774,31,0,11,31,11,,,,,,,,,
35,VISIT,3535,Random,OnArrival,5,84,18842,Node_776,32,0,12,32,12,,,,,,,,,
35,VISIT,3541,Random,OnArrival,5,28,18848,Node_776,32,0,12,32,12,,,,,,,,,
35,VISIT,3543,Random,OnArrival,5,30,18848,Node_788,35,0,13,35,13,,,,,,,,,
35,VISIT,3534,Random,OnArrival,5,95,18856,Node_782,32,0,11,32,11,,,,,,,,,
35,VISIT,3535,Random,OnArrival,5,85,18856,Node_782,32,0,11,32,11,,,,,,,,,
35,VISIT,3540,Random,OnArrival,5,61,18856,Node_795,37,0,13,37,13,,,,,,,,,
35,VISIT,3541,Random,OnArrival,5,29,18863,Node_782,32,0,11,32,11,,,,,,,,,
35,VISIT,3543,Random,OnArrival,5,31,18878,Node_795,37,0,13,37,13,,,,,,,,,
35,VISIT,3544,Random,OnArrival,5,25,18878,Node_801,40,0,16,40,16,,,,,,,,,
35,VISIT,3527,Random,OnArrival,5,151,18885,Node_793,40,0,17,40,17,,,,,,,,,
35,VISIT,3534,Random,OnArrival,5,96,18885,Node_797,34,0,11,34,11,,,,,,,,,
35,VISIT,3535,Random,OnArrival,5,86,18885,Node_797,34,0,11,34,11,,,,,,,,,
35,VISIT,3541,Random,OnArrival,5,30,18893,Node_797,34,0,11,34,11,,,,,,,,,
35,VISIT,3544,Random,OnArrival,5,26,18893,Node_793,40,0,17,40,17,,,,,,,,,
35,VISIT,3541,Random,OnArrival,5,31,18908,Node_806,35,0,11,35,11,,,,,,,,,
35,VISIT,3543,Random,OnArrival,5,32,18908,Node_798,38,0,14,38,14,,,,,,,,,
35,VISIT,3544,Random,OnArrival,5,27,18908,Node_805,41,0,17,41,17,,,,,,,,,
35,VISIT,3541,Random,OnArrival,5,32,18923,Node_809,35,0,10,35,10,,,,,,,,,
35,VISIT,3544,Random,OnArrival,5,28,18923,Node_808,41,0,18,41,18,,,,,,,,,
35,VISIT,3541,Random,OnArrival,5,33,18937,Node_813,35,0,9,35,9,,,,,,,,,
35,VISIT,3544,Random,OnArrival,5,29,18937,Node_812,41,0,19,41,19,,,,,,,,,
35,VISIT,3545,Random,OnArrival,5,0,18945,Node_6,19,0,12,19,12,,,,,,,,,
35,VISIT,3546,Random,OnArrival,5,0,18945,Node_7,19,0,8,19,8,,,,,,,,,
35,VISIT,3547,Random,OnArrival,5,0,18945,Node_8,17,0,10,17,10,,,,,,,,,
35,VISIT,3548,Random,OnArrival,5,0,18945,Node_9,21,0,10,21,10,,,,,,,,,
35,VISIT,3541,Random,OnArrival,5,34,18949,Node_817,35,0,8,35,8,,,,,,,,,
35,VISIT,3543,Random,OnArrival,5,33,18949,Node_804,38,0,13,38,13,,,,,,,,,
35,VISIT,3544,Random,OnArrival,5,30,18949,Node_816,41,0,20,41,20,,,,,,,,,
35,VISIT,3545,Random,OnArrival,5,1,18949,Node_46,20,0,12,20,12,,,,,,,,,
35,VISIT,3546,Random,OnArrival,5,1,18949,Node_3,19,0,9,19,9,,,,,,,,,
35,VISIT,3547,Random,OnArrival,5,1,18949,Node_4,18,0,10,18,10,,,,,,,,,
35,VISIT,3548,Random,OnArrival,5,1,18949,Node_13,21,0,11,21,11,,,,,,,,,
35,VISIT,3545,Random,OnArrival,5,2,18953,Node_49,20,0,13,20,13,,,,,,,,,
35,VISIT,3546,Random,OnArrival,5,2,18953,Node_20,19,0,10,19,10,,,,,,,,,
35,VISIT,3547,Random,OnArrival,5,2,18953,Node_14,18,0,11,18,11,,,,,,,,,
35,VISIT,3548,Random,OnArrival,5,2,18953,Node_17,21,0,12,21,12,,,,,,,,,
35,VISIT,3535,Random,OnArrival,5,87,18957,Node_822,34,0,8,34,8,,,,,,,,,
35,VISIT,3541,Random,OnArrival,5,35,18957,Node_800,34,0,9,34,9,,,,,,,,,
35,VISIT,3544,Random,OnArrival,5,31,18957,Node_820,42,0,21,42,21,,,,,,,,,
35,VISIT,3545,Random,OnArrival,5,3,18957,Node_52,20,0,14,20,14,,,,,,,,,
35,VISIT,3546,Random,OnArrival,5,3,18957,Node_2,19,0,11,19,11,,,,,,,,,
35,VISIT,3547,Random,OnArrival,5,3,18957,Node_10,18,0,12,18,12,,,,,,,,,
35,VISIT,3548,Random,OnArrival,5,3,18957,Node_19,21,0,13,21,13,,,,,,,,,
35,VISIT,3535,Random,OnArrival,5,88,18961,Node_800,34,0,9,34,9,,,,,,,,,
35,VISIT,3541,Random,OnArrival,5,36,18961,Node_813,35,0,9,35,9,,,,,,,,,
35,VISIT,3543,Random,OnArrival,5,34,18961,Node_803,37,0,11,37,11,,,,,,,,,
35,VISIT,3545,Random,OnArrival,5,4,18961,Node_54,20,0,15,20,15,,,,,,,,,
35,VISIT,3546,Random,OnArrival,5,4,18961,Node_6,19,0,12,19,12,,,,,,,,,
35,VISIT,3547,Random,OnArrival,5,4,18961,Node_6,19,0,12,19,12,,,,,,,,,
35,VISIT,3548,Random,OnArrival,5,4,18961,Node_22,21,0,14,21,14,,,,,,,,,
35,VISIT,3535,Random,OnArrival,5,89,18966,Node_813,35,0,9,35,9,,,,,,,,,
35,VISIT,3543,Random,OnArrival,5,35,18966,Node_802,37,0,12,37,12,,,,,,,,,
35,VISIT,3545,Random,OnArrival,5,5,18966,Node_25,21,0,15,21,15,,,,,,,,,
35,VISIT,3546,Random,OnArrival,5,5,18966,Node_46,20,0,12,20,12,,,,,,,,,
35,VISIT,3547,Random,OnArrival,5,5,18966,Node_46,20,0,12,20,12,,,,,,,,,
35,VISIT,3548,Random,OnArrival,5,5,18966,Node_25,21,0,15,21,15,,,,,,,,,
35,VISIT,3535,Random,OnArrival,5,90,18971,Node_827,36,0,9,36,9,,,,,,,,,
35,VISIT,3543,Random,OnArrival,5,36,18971,Node_823,38,0,12,38,12,,,,,,,,,
35,VISIT,3545,Random,OnArrival,5,6,18971,Node_27,21,0,16,21,16,,,,,,,,,
35,VISIT,3546,Random,OnArrival,5,6,18971,Node_49,20,0,13,20,13,,,,,,,,,
35,VISIT,3547,Random,OnArrival,5,6,18971,Node_49,20,0,13,20,13,,,,,,,,,
35,VISIT,3548,Random,OnArrival,5,6,18971,Node_27,21,0,16,21,16,,,,,,,,,
35,VISIT,3535,Random,OnArrival,5,91,18977,Node_829,36,0,10,36,10,,,,,,,,,
35,VISIT,3541,Random,OnArrival,5,37,18977,Node_809,35,0,10,35,10,,,,,,,,,
35,VISIT,3543,Random,OnArrival,5,37,18977,Node_804,38,0,13,38,13,,,,,,,,,
35,VISIT,3546,Random,OnArrival,5,7,18977,Node_52,20,0,14,20,14,,,,,,,,,
35,VISIT,3547,Random,OnArrival,5,7,18977,Node_52,20,0,14,20,14,,,,,,,,,
35,VISIT,3535,Random,OnArrival,5,92,18987,Node_809,35,0,10,35,10,,,,,,,,,
35,VISIT,3541,Random,OnArrival,5,38,18987,Node_799,34,0,10,34,10,,,,,,,,,
35,VISIT,3543,Random,OnArrival,5,38,18987,Node_798,38,0,14,38,14,,,,,,,,,
35,VISIT,3545,Random,OnArrival,5,7,18987,Node_30,21,0,18,21,18,,,,,,,,,
35,VISIT,3546,Random,OnArrival,5,8,18987,Node_54,20,0,15,20,15,,,,,,,,,
35,VISIT,3547,Random,OnArrival,5,8,18987,Node_54,20,0,15,20,15,,,,,,,,,
35,VISIT,3548,Random,OnArrival,5,7,18987,Node_30,21,0,18,21,18,,,,,,,,,
35,VISIT,3535,Random,OnArrival,5,93,18994,Node_799,34,0,10,34,10,,,,,,,,,
35,VISIT,3541,Random,OnArrival,5,39,18994,Node_800,34,0,9,34,9,,,,,,,,,
35,VISIT,3543,Random,OnArrival,5,39,18994,Node_811,39,0,14,39,14,,,,,,,,,
35,VISIT,3545,Random,OnArrival,5,8,18994,Node_32,21,0,19,21,19,,,,,,,,,
35,VISIT,3546,Random,OnArrival,5,9,18994,Node_25,21,0,15,21,15,,,,,,,,,
35,VISIT,3547,Random,OnArrival,5,9,18994,Node_25,21,0,15,21,15,,,,,,,,,
35,VISIT,3548,Random,OnArrival,5,8,18994,Node_32,21,0,19,21,19,,,,,,,,,
35,VISIT,3535,Random,OnArrival,5,94,19001,Node_800,34,0,9,34,9,,,,,,,,,
35,VISIT,3541,Random,OnArrival,5,40,19001,Node_822,34,0,8,34,8,,,,,,,,,
35,VISIT,3545,Random,OnArrival,5,9,19001,Node_35,21,0,20,21,20,,,,,,,,,
35,VISIT,3546,Random,OnArrival,5,10,19001,Node_27,21,0,16,21,16,,,,,,,,,
35,VISIT,3547,Random,OnArrival,5,10,19001,Node_27,21,0,16,21,16,,,,,,,,,
35,VISIT,3548,Random,OnArrival,5,9,19001,Node_35,21,0,20,21,20,,,,,,,,,
35,VISIT,3535,Random,OnArrival,5,95,19010,Node_822,34,0,8,34,8,,,,,,,,,
35,VISIT,3545,Random,OnArrival,5,10,19010,Node_325,21,0,21,21,21,,,,,,,,,
35,VISIT,3548,Random,OnArrival,5,10,19010,Node_325,21,0,21,21,21,,,,,,,,,
35,VISIT,3535,Random,OnArrival,5,96,19023,Node_835,33,0,8,33,8,,,,,,,,,
35,VISIT,3543,Random,OnArrival,5,40,19023,Node_801,40,0,16,40,16,,,,,,,,,
35,VISIT,3545,Random,OnArrival,5,11,19023,Node_324,21,0,22,21,22,,,,,,,,,
35,VISIT,3546,Random,OnArrival,5,11,19023,Node_30,21,0,18,21,18,,,,,,,,,
35,VISIT,3547,Random,OnArrival,5,11,19023,Node_30,21,0,18,21,18,,,,,,,,,
35,VISIT,3548,Random,OnArrival,5,11,19023,Node_324,21,0,22,21,22,,,,,,,,,
35,VISIT,3535,Random,OnArrival,5,97,19032,Node_836,33,0,7,33,7,,,,,,,,,
35,VISIT,3545,Random,OnArrival,5,12,19032,Node_323,21,0,23,21,23,,,,,,,,,
35,VISIT,3546,Random,OnArrival,5,12,19032,Node_32,21,0,19,21,19,,,,,,,,,
35,VISIT,3547,Random,OnArrival,5,12,19032,Node_32,21,0,19,21,19,,,,,,,,,
35,VISIT,3548,Random,OnArrival,5,12,19032,Node_323,21,0,23,21,23,,,,,,,,,
35,VISIT,3535,Random,OnArrival,5,98,19042,Node_837,33,0,6,33,6,,,,,,,,,
35,VISIT,3543,Random,OnArrival,5,41,19042,Node_805,41,0,17,41,17,,,,,,,,,
35,VISIT,3546,Random,OnArrival,5,13,19042,Node_35,21,0,20,21,20,,,,,,,,,
35,VISIT,3547,Random,OnArrival,5,13,19042,Node_35,21,0,20,21,20,,,,,,,,,
35,VISIT,3535,Random,OnArrival,5,99,19054,Node_839,33,0,5,33,5,,,,,,,,,
35,VISIT,3543,Random,OnArrival,5,42,19054,Node_793,40,0,17,40,17,,,,,,,,,
35,VISIT,3545,Random,OnArrival,5,13,19054,Node_344,19,0,23,19,23,,,,,,,,,
35,VISIT,3546,Random,OnArrival,5,14,19054,Node_325,21,0,21,21,21,,,,,,,,,
35,VISIT,3547,Random,OnArrival,5,14,19054,Node_325,21,0,21,21,21,,,,,,,,,
35,VISIT,3548,Random,OnArrival,5,13,19054,Node_344,19,0,23,19,23,,,,,,,,,
35,VISIT,3535,Random,OnArrival,5,100,19065,Node_840,33,0,4,33,4,,,,,,,,,
35,VISIT,3543,Random,OnArrival,5,43,19065,Node_801,40,0,16,40,16,,,,,,,,,
35,VISIT,3545,Random,OnArrival,5,14,19065,Node_341,19,0,24,19,24,,,,,,,,,
35,VISIT,3546,Random,OnArrival,5,15,19065,Node_324,21,0,22,21,22,,,,,,,,,
35,VISIT,3547,Random,OnArrival,5,15,19065,Node_324,21,0,22,21,22,,,,,,,,,
35,VISIT,3548,Random,OnArrival,5,14,19065,Node_341,19,0,24,19,24,,,,,,,,,
35,VISIT,3535,Random,OnArrival,5,101,19077,Node_841,33,0,3,33,3,,,,,,,,,
35,VISIT,3545,Random,OnArrival,5,15,19077,Node_339,19,0,25,19,25,,,,,,,,,
35,VISIT,3546,Random,OnArrival,5,16,19077,Node_323,21,0,23,21,23,,,,,,,,,
35,VISIT,3547,Random,OnArrival,5,16,19077,Node_323,21,0,23,21,23,,,,,,,,,
35,VISIT,3548,Random,OnArrival,5,15,19077,Node_339,19,0,25,19,25,,,,,,,,,
35,VISIT,3543,Random,OnArrival,5,44,19089,Node_834,40,0,14,40,14,,,,,,,,,
35,VISIT,3546,Random,OnArrival,5,17,19103,Node_344,19,0,23,19,23,,,,,,,,,
35,VISIT,3547,Random,OnArrival,5,17,19103,Node_344,19,0,23,19,23,,,,,,,,,
35,VISIT,3543,Random,OnArrival,5,45,19116,Node_815,39,0,13,39,13,,,,,,,,,
35,VISIT,3546,Random,OnArrival,5,18,19116,Node_341,19,0,24,19,24,,,,,,,,,
35,VISIT,3547,Random,OnArrival,5,18,19116,Node_341,19,0,24,19,24,,,,,,,,,
35,VISIT,3543,Random,OnArrival,5,46,19130,Node_811,39,0,14,39,14,,,,,,,,,
35,VISIT,3546,Random,OnArrival,5,19,19130,Node_339,19,0,25,19,25,,,,,,,,,
35,VISIT,3547,Random,OnArrival,5,19,19130,Node_339,19,0,25,19,25,,,,,,,,,
35,VISIT,3543,Random,OnArrival,5,47,19144,Node_834,40,0,14,40,14,,,,,,,,,
35,VISIT,3545,Random,OnArrival,5,16,19144,Node_335,24,0,25,24,25,,,,,,,,,
35,VISIT,3548,Random,OnArrival,5,16,19144,Node_335,24,0,25,24,25,,,,,,,,,
35,VISIT,3545,Random,OnArrival,5,17,19158,Node_673,25,0,25,25,25,,,,,,,,,
35,VISIT,3548,Random,OnArrival,5,17,19158,Node_673,25,0,25,25,25,,,,,,,,,
35,VISIT,3546,Random,OnArrival,5,20,19201,Node_335,24,0,25,24,25,,,,,,,,,
35,VISIT,3547,Random,OnArrival,5,20,19201,Node_335,24,0,25,24,25,,,,,,,,,
35,VISIT,3545,Random,OnArrival,5,18,19215,Node_681,29,0,25,29,25,,,,,,,,,
35,VISIT,3546,Random,OnArrival,5,21,19215,Node_673,25,0,25,25,25,,,,,,,,,
35,VISIT,3547,Random,OnArrival,5,21,19215,Node_673,25,0,25,25,25,,,,,,,,,
35,VISIT,3548,Random,OnArrival,5,18,19215,Node_681,29,0,25,29,25,,,,,,,,,
35,VISIT,3545,Random,OnArrival,5,19,19229,Node_684,30,0,25,30,25,,,,,,,,,
35,VISIT,3548,Random,OnArrival,5,19,19229,Node_684,30,0,25,30,25,,,,,,,,,
35,VISIT,3545,Random,OnArrival,5,20,19244,Node_718,31,0,25,31,25,,,,,,,,,
35,VISIT,3548,Random,OnArrival,5,20,19244,Node_718,31,0,25,31,25,,,,,,,,,
35,VISIT,3545,Random,OnArrival,5,21,19258,Node_722,32,0,25,32,25,,,,,,,,,
35,VISIT,3548,Random,OnArrival,5,21,19258,Node_722,32,0,25,32,25,,,,,,,,,
35,VISIT,3546,Random,OnArrival,5,22,19273,Node_681,29,0,25,29,25,,,,,,,,,
35,VISIT,3547,Random,OnArrival,5,22,19273,Node_681,29,0,25,29,25,,,,,,,,,
35,VISIT,3546,Random,OnArrival,5,23,19288,Node_684,30,0,25,30,25,,,,,,,,,
35,VISIT,3547,Random,OnArrival,5,23,19288,Node_684,30,0,25,30,25,,,,,,,,,
35,VISIT,3545,Random,OnArrival,5,22,19302,Node_733,35,0,25,35,25,,,,,,,,,
35,VISIT,3546,Random,OnArrival,5,24,19302,Node_718,31,0,25,31,25,,,,,,,,,
35,VISIT,3547,Random,OnArrival,5,24,19302,Node_718,31,0,25,31,25,,,,,,,,,
35,VISIT,3548,Random,OnArrival,5,22,19302,Node_733,35,0,25,35,25,,,,,,,,,
35,VISIT,3545,Random,OnArrival,5,23,19317,Node_746,36,0,25,36,25,,,,,,,,,
35,VISIT,3546,Random,OnArrival,5,25,19317,Node_722,32,0,25,32,25,,,,,,,,,
35,VISIT,3547,Random,OnArrival,5,25,19317,Node_722,32,0,25,32,25,,,,,,,,,
35,VISIT,3548,Random,OnArrival,5,23,19317,Node_746,36,0,25,36,25,,,,,,,,,
35,VISIT,3545,Random,OnArrival,5,24,19347,Node_760,38,0,25,38,25,,,,,,,,,
35,VISIT,3548,Random,OnArrival,5,24,19347,Node_760,38,0,25,38,25,,,,,,,,,
35,VISIT,3545,Random,OnArrival,5,25,19362,Node_765,39,0,25,39,25,,,,,,,,,
35,VISIT,3546,Random,OnArrival,5,26,19362,Node_733,35,0,25,35,25,,,,,,,,,
35,VISIT,3547,Random,OnArrival,5,26,19362,Node_733,35,0,25,35,25,,,,,,,,,
35,VISIT,3548,Random,OnArrival,5,25,19362,Node_765,39,0,25,39,25,,,,,,,,,
35,VISIT,3546,Random,OnArrival,5,27,19377,Node_746,36,0,25,36,25,,,,,,,,,
35,VISIT,3547,Random,OnArrival,5,27,19377,Node_746,36,0,25,36,25,,,,,,,,,
35,VISIT,3549,Random,OnArrival,5,0,19394,Node_6,19,0,12,19,12,,,,,,,,,
35,VISIT,3550,Random,OnArrival,5,0,19394,Node_7,19,0,8,19,8,,,,,,,,,
35,VISIT,3551,Random,OnArrival,5,0,19394,Node_8,17,0,10,17,10,,,,,,,,,
35,VISIT,3552,Random,OnArrival,5,0,19394,Node_9,21,0,10,21,10,,,,,,,,,
35,VISIT,3545,Random,OnArrival,5,26,19398,Node_768,39,0,24,39,24,,,,,,,,,
35,VISIT,3546,Random,OnArrival,5,28,19398,Node_760,38,0,25,38,25,,,,,,,,,
35,VISIT,3547,Random,OnArrival,5,28,19398,Node_760,38,0,25,38,25,,,,,,,,,
35,VISIT,3548,Random,OnArrival,5,26,19398,Node_768,39,0,24,39,24,,,,,,,,,
35,VISIT,3549,Random,OnArrival,5,1,19398,Node_2,19,0,11,19,11,,,,,,,,,
35,VISIT,3550,Random,OnArrival,5,1,19398,Node_3,19,0,9,19,9,,,,,,,,,
35,VISIT,3551,Random,OnArrival,5,1,19398,Node_4,18,0,10,18,10,,,,,,,,,
35,VISIT,3552,Random,OnArrival,5,1,19398,Node_13,21,0,11,21,11,,,,,,,,,
35,VISIT,3545,Random,OnArrival,5,27,19402,Node_762,38,0,24,38,24,,,,,,,,,
35,VISIT,3546,Random,OnArrival,5,29,19402,Node_765,39,0,25,39,25,,,,,,,,,
35,VISIT,3547,Random,OnArrival,5,29,19402,Node_765,39,0,25,39,25,,,,,,,,,
35,VISIT,3548,Random,OnArrival,5,27,19402,Node_765,39,0,25,39,25,,,,,,,,,
35,VISIT,3549,Random,OnArrival,5,2,19402,Node_55,20,0,11,20,11,,,,,,,,,
35,VISIT,3550,Random,OnArrival,5,2,19402,Node_50,20,0,9,20,9,,,,,,,,,
35,VISIT,3551,Random,OnArrival,5,2,19402,Node_14,18,0,11,18,11,,,,,,,,,
35,VISIT,3552,Random,OnArrival,5,2,19402,Node_76,22,0,11,22,11,,,,,,,,,
35,VISIT,3546,Random,OnArrival,5,30,19406,Node_846,40,0,25,40,25,,,,,,,,,
35,VISIT,3547,Random,OnArrival,5,30,19406,Node_846,40,0,25,40,25,,,,,,,,,
35,VISIT,3548,Random,OnArrival,5,28,19406,Node_846,40,0,25,40,25,,,,,,,,,
35,VISIT,3549,Random,OnArrival,5,3,19406,Node_13,21,0,11,21,11,,,,,,,,,
35,VISIT,3550,Random,OnArrival,5,3,19406,Node_48,21,0,9,21,9,,,,,,,,,
35,VISIT,3551,Random,OnArrival,5,3,19406,Node_2,19,0,11,19,11,,,,,,,,,
35,VISIT,3552,Random,OnArrival,5,3,19406,Node_80,23,0,11,23,11,,,,,,,,,
35,VISIT,3545,Random,OnArrival,5,28,19410,Node_767,38,0,22,38,22,,,,,,,,,
35,VISIT,3546,Random,OnArrival,5,31,19410,Node_832,41,0,25,41,25,,,,,,,,,
35,VISIT,3547,Random,OnArrival,5,31,19410,Node_832,41,0,25,41,25,,,,,,,,,
35,VISIT,3548,Random,OnArrival,5,29,19410,Node_832,41,0,25,41,25,,,,,,,,,
35,VISIT,3549,Random,OnArrival,5,4,19410,Node_76,22,0,11,22,11,,,,,,,,,
35,VISIT,3550,Random,OnArrival,5,4,19410,Node_78,22,0,9,22,9,,,,,,,,,
35,VISIT,3551,Random,OnArrival,5,4,19410,Node_55,20,0,11,20,11,,,,,,,,,
35,VISIT,3552,Random,OnArrival,5,4,19410,Node_81,23,0,12,23,12,,,,,,,,,
35,VISIT,3546,Random,OnArrival,5,32,19414,Node_833,41,0,24,41,24,,,,,,,,,
35,VISIT,3547,Random,OnArrival,5,32,19414,Node_831,42,0,25,42,25,,,,,,,,,
35,VISIT,3548,Random,OnArrival,5,30,19414,Node_833,41,0,24,41,24,,,,,,,,,
35,VISIT,3549,Random,OnArrival,5,5,19414,Node_80,23,0,11,23,11,,,,,,,,,
35,VISIT,3550,Random,OnArrival,5,5,19414,Node_74,22,0,10,22,10,,,,,,,,,
35,VISIT,3551,Random,OnArrival,5,5,19414,Node_46,20,0,12,20,12,,,,,,,,,
35,VISIT,3552,Random,OnArrival,5,5,19414,Node_82,24,0,12,24,12,,,,,,,,,
35,VISIT,3546,Random,OnArrival,5,33,19418,Node_847,40,0,24,40,24,,,,,,,,,
35,VISIT,3548,Random,OnArrival,5,31,19418,Node_847,40,0,24,40,24,,,,,,,,,
35,VISIT,3549,Random,OnArrival,5,6,19418,Node_81,23,0,12,23,12,,,,,,,,,
35,VISIT,3550,Random,OnArrival,5,6,19418,Node_76,22,0,11,22,11,,,,,,,,,
35,VISIT,3551,Random,OnArrival,5,6,19418,Node_49,20,0,13,20,13,,,,,,,,,
35,VISIT,3552,Random,OnArrival,5,6,19418,Node_83,24,0,13,24,13,,,,,,,,,
35,VISIT,3545,Random,OnArrival,5,29,19422,Node_777,38,0,21,38,21,,,,,,,,,
35,VISIT,3546,Random,OnArrival,5,34,19422,Node_833,41,0,24,41,24,,,,,,,,,
35,VISIT,3548,Random,OnArrival,5,32,19422,Node_833,41,0,24,41,24,,,,,,,,,
35,VISIT,3549,Random,OnArrival,5,7,19422,Node_82,24,0,12,24,12,,,,,,,,,
35,VISIT,3550,Random,OnArrival,5,7,19422,Node_80,23,0,11,23,11,,,,,,,,,
35,VISIT,3551,Random,OnArrival,5,7,19422,Node_52,20,0,14,20,14,,,,,,,,,
35,VISIT,3552,Random,OnArrival,5,7,19422,Node_84,24,0,14,24,14,,,,,,,,,
35,VISIT,3545,Random,OnArrival,5,30,19426,Node_781,38,0,20,38,20,,,,,,,,,
35,VISIT,3546,Random,OnArrival,5,35,19426,Node_830,42,0,24,42,24,,,,,,,,,
35,VISIT,3548,Random,OnArrival,5,33,19426,Node_830,42,0,24,42,24,,,,,,,,,
35,VISIT,3549,Random,OnArrival,5,8,19426,Node_83,24,0,13,24,13,,,,,,,,,
35,VISIT,3550,Random,OnArrival,5,8,19426,Node_81,23,0,12,23,12,,,,,,,,,
35,VISIT,3551,Random,OnArrival,5,8,19426,Node_54,20,0,15,20,15,,,,,,,,,
35,VISIT,3552,Random,OnArrival,5,8,19426,Node_85,24,0,15,24,15,,,,,,,,,
35,VISIT,3545,Random,OnArrival,5,31,19431,Node_775,37,0,20,37,20,,,,,,,,,
35,VISIT,3546,Random,OnArrival,5,36,19431,Node_851,43,0,24,43,24,,,,,,,,,
35,VISIT,3548,Random,OnArrival,5,34,19431,Node_851,43,0,24,43,24,,,,,,,,,
35,VISIT,3549,Random,OnArrival,5,9,19431,Node_84,24,0,14,24,14,,,,,,,,,
35,VISIT,3550,Random,OnArrival,5,9,19431,Node_82,24,0,12,24,12,,,,,,,,,
35,VISIT,3551,Random,OnArrival,5,9,19431,Node_25,21,0,15,21,15,,,,,,,,,
35,VISIT,3552,Random,OnArrival,5,9,19431,Node_120,24,0,16,24,16,,,,,,,,,
35,VISIT,3545,Random,OnArrival,5,32,19436,Node_778,37,0,19,37,19,,,,,,,,,
35,VISIT,3546,Random,OnArrival,5,37,19436,Node_850,43,0,25,43,25,,,,,,,,,
35,VISIT,3547,Random,OnArrival,5,33,19436,Node_826,42,0,22,42,22,,,,,,,,,
35,VISIT,3548,Random,OnArrival,5,35,19436,Node_830,42,0,24,42,24,,,,,,,,,
35,VISIT,3549,Random,OnArrival,5,10,19436,Node_85,24,0,15,24,15,,,,,,,,,
35,VISIT,3550,Random,OnArrival,5,10,19436,Node_83,24,0,13,24,13,,,,,,,,,
35,VISIT,3551,Random,OnArrival,5,10,19436,Node_27,21,0,16,21,16,,,,,,,,,
35,VISIT,3552,Random,OnArrival,5,10,19436,Node_121,24,0,17,24,17,,,,,,,,,
35,VISIT,3545,Random,OnArrival,5,33,19442,Node_783,38,0,19,38,19,,,,,,,,,
35,VISIT,3547,Random,OnArrival,5,34,19442,Node_820,42,0,21,42,21,,,,,,,,,
35,VISIT,3548,Random,OnArrival,5,36,19442,Node_828,42,0,23,42,23,,,,,,,,,
35,VISIT,3549,Random,OnArrival,5,11,19442,Node_120,24,0,16,24,16,,,,,,,,,
35,VISIT,3550,Random,OnArrival,5,11,19442,Node_84,24,0,14,24,14,,,,,,,,,
35,VISIT,3552,Random,OnArrival,5,11,19442,Node_122,24,0,18,24,18,,,,,,,,,
35,VISIT,3547,Random,OnArrival,5,35,19451,Node_818,41,0,21,41,21,,,,,,,,,
35,VISIT,3548,Random,OnArrival,5,37,19451,Node_852,43,0,23,43,23,,,,,,,,,
35,VISIT,3549,Random,OnArrival,5,12,19451,Node_121,24,0,17,24,17,,,,,,,,,
35,VISIT,3550,Random,OnArrival,5,12,19451,Node_85,24,0,15,24,15,,,,,,,,,
35,VISIT,3551,Random,OnArrival,5,11,19451,Node_30,21,0,18,21,18,,,,,,,,,
35,VISIT,3552,Random,OnArrival,5,12,19451,Node_123,24,0,19,24,19,,,,,,,,,
35,VISIT,3545,Random,OnArrival,5,34,19458,Node_791,40,0,19,40,19,,,,,,,,,
35,VISIT,3547,Random,OnArrival,5,36,19458,Node_816,41,0,20,41,20,,,,,,,,,
35,VISIT,3548,Random,OnArrival,5,38,19458,Node_853,43,0,22,43,22,,,,,,,,,
35,VISIT,3549,Random,OnArrival,5,13,19458,Node_122,24,0,18,24,18,,,,,,,,,
35,VISIT,3550,Random,OnArrival,5,13,19458,Node_120,24,0,16,24,16,,,,,,,,,
35,VISIT,3551,Random,OnArrival,5,12,19458,Node_32,21,0,19,21,19,,,,,,,,,
35,VISIT,3552,Random,OnArrival,5,13,19458,Node_124,24,0,20,24,20,,,,,,,,,
35,VISIT,3545,Random,OnArrival,5,35,19466,Node_812,41,0,19,41,19,,,,,,,,,
35,VISIT,3547,Random,OnArrival,5,37,19466,Node_812,41,0,19,41,19,,,,,,,,,
35,VISIT,3549,Random,OnArrival,5,14,19466,Node_123,24,0,19,24,19,,,,,,,,,
35,VISIT,3550,Random,OnArrival,5,14,19466,Node_121,24,0,17,24,17,,,,,,,,,
35,VISIT,3551,Random,OnArrival,5,13,19466,Node_35,21,0,20,21,20,,,,,,,,,
35,VISIT,3545,Random,OnArrival,5,36,19476,Node_808,41,0,18,41,18,,,,,,,,,
35,VISIT,3547,Random,OnArrival,5,38,19476,Node_808,41,0,18,41,18,,,,,,,,,
35,VISIT,3549,Random,OnArrival,5,15,19476,Node_124,24,0,20,24,20,,,,,,,,,
35,VISIT,3550,Random,OnArrival,5,15,19476,Node_122,24,0,18,24,18,,,,,,,,,
35,VISIT,3551,Random,OnArrival,5,14,19476,Node_325,21,0,21,21,21,,,,,,,,,
35,VISIT,3552,Random,OnArrival,5,14,19476,Node_125,24,0,22,24,22,,,,,,,,,
35,VISIT,3545,Random,OnArrival,5,37,19485,Node_792,40,0,18,40,18,,,,,,,,,
35,VISIT,3547,Random,OnArrival,5,39,19485,Node_792,40,0,18,40,18,,,,,,,,,
35,VISIT,3550,Random,OnArrival,5,16,19485,Node_123,24,0,19,24,19,,,,,,,,,
35,VISIT,3551,Random,OnArrival,5,15,19485,Node_324,21,0,22,21,22,,,,,,,,,
35,VISIT,3552,Random,OnArrival,5,15,19485,Node_333,24,0,23,24,23,,,,,,,,,
35,VISIT,3545,Random,OnArrival,5,38,19496,Node_791,40,0,19,40,19,,,,,,,,,
35,VISIT,3547,Random,OnArrival,5,40,19496,Node_793,40,0,17,40,17,,,,,,,,,
35,VISIT,3549,Random,OnArrival,5,16,19496,Node_125,24,0,22,24,22,,,,,,,,,
35,VISIT,3550,Random,OnArrival,5,17,19496,Node_124,24,0,20,24,20,,,,,,,,,
35,VISIT,3551,Random,OnArrival,5,16,19496,Node_323,21,0,23,21,23,,,,,,,,,
35,VISIT,3552,Random,OnArrival,5,16,19496,Node_334,24,0,24,24,24,,,,,,,,,
35,VISIT,3545,Random,OnArrival,5,39,19506,Node_812,41,0,19,41,19,,,,,,,,,
35,VISIT,3547,Random,OnArrival,5,41,19506,Node_801,40,0,16,40,16,,,,,,,,,
35,VISIT,3549,Random,OnArrival,5,17,19506,Node_333,24,0,23,24,23,,,,,,,,,
35,VISIT,3552,Random,OnArrival,5,17,19506,Node_335,24,0,25,24,25,,,,,,,,,
35,VISIT,3545,Random,OnArrival,5,40,19518,Node_816,41,0,20,41,20,,,,,,,,,
35,VISIT,3549,Random,OnArrival,5,18,19518,Node_334,24,0,24,24,24,,,,,,,,,
35,VISIT,3550,Random,OnArrival,5,18,19518,Node_125,24,0,22,24,22,,,,,,,,,
35,VISIT,3551,Random,OnArrival,5,17,19518,Node_344,19,0,23,19,23,,,,,,,,,
35,VISIT,3552,Random,OnArrival,5,18,19518,Node_673,25,0,25,25,25,,,,,,,,,
35,VISIT,3545,Random,OnArrival,5,41,19529,Node_824,42,0,20,42,20,,,,,,,,,
35,VISIT,3547,Random,OnArrival,5,42,19529,Node_834,40,0,14,40,14,,,,,,,,,
35,VISIT,3549,Random,OnArrival,5,19,19529,Node_335,24,0,25,24,25,,,,,,,,,
35,VISIT,3550,Random,OnArrival,5,19,19529,Node_333,24,0,23,24,23,,,,,,,,,
35,VISIT,3551,Random,OnArrival,5,18,19529,Node_341,19,0,24,19,24,,,,,,,,,
35,VISIT,3547,Random,OnArrival,5,43,19541,Node_844,41,0,14,41,14,,,,,,,,,
35,VISIT,3549,Random,OnArrival,5,20,19541,Node_673,25,0,25,25,25,,,,,,,,,
35,VISIT,3550,Random,OnArrival,5,20,19541,Node_334,24,0,24,24,24,,,,,,,,,
35,VISIT,3551,Random,OnArrival,5,19,19541,Node_339,19,0,25,19,25,,,,,,,,,
35,VISIT,3550,Random,OnArrival,5,21,19553,Node_335,24,0,25,24,25,,,,,,,,,
35,VISIT,3550,Random,OnArrival,5,22,19566,Node_673,25,0,25,25,25,,,,,,,,,
35,VISIT,3552,Random,OnArrival,5,19,19566,Node_681,29,0,25,29,25,,,,,,,,,
35,VISIT,3552,Random,OnArrival,5,20,19579,Node_684,30,0,25,30,25,,,,,,,,,
35,VISIT,3547,Random,OnArrival,5,44,19593,Node_838,41,0,16,41,16,,,,,,,,,
35,VISIT,3549,Random,OnArrival,5,21,19593,Node_681,29,0,25,29,25,,,,,,,,,
35,VISIT,3552,Random,OnArrival,5,21,19593,Node_718,31,0,25,31,25,,,,,,,,,
35,VISIT,3545,Random,OnArrival,5,42,19606,Node_872,42,0,16,42,16,,,,,,,,,
35,VISIT,3547,Random,OnArrival,5,45,19606,Node_872,42,0,16,42,16,,,,,,,,,
35,VISIT,3548,Random,OnArrival,5,39,19606,Node_872,42,0,16,42,16,,,,,,,,,
35,VISIT,3549,Random,OnArrival,5,22,19606,Node_684,30,0,25,30,25,,,,,,,,,
35,VISIT,3551,Random,OnArrival,5,20,19606,Node_335,24,0,25,24,25,,,,,,,,,
35,VISIT,3552,Random,OnArrival,5,22,19606,Node_722,32,0,25,32,25,,,,,,,,,
35,VISIT,3545,Random,OnArrival,5,43,19619,Node_874,43,0,16,43,16,,,,,,,,,
35,VISIT,3548,Random,OnArrival,5,40,19619,Node_874,43,0,16,43,16,,,,,,,,,
35,VISIT,3549,Random,OnArrival,5,23,19619,Node_718,31,0,25,31,25,,,,,,,,,
35,VISIT,3550,Random,OnArrival,5,23,19619,Node_681,29,0,25,29,25,,,,,,,,,
35,VISIT,3551,Random,OnArrival,5,21,19619,Node_673,25,0,25,25,25,,,,,,,,,
35,VISIT,3545,Random,OnArrival,5,44,19631,Node_870,43,0,17,43,17,,,,,,,,,
35,VISIT,3547,Random,OnArrival,5,46,19631,Node_865,42,0,14,42,14,,,,,,,,,
35,VISIT,3548,Random,OnArrival,5,41,19631,Node_870,43,0,17,43,17,,,,,,,,,
35,VISIT,3549,Random,OnArrival,5,24,19631,Node_722,32,0,25,32,25,,,,,,,,,
35,VISIT,3550,Random,OnArrival,5,24,19631,Node_684,30,0,25,30,25,,,,,,,,,
35,VISIT,3545,Random,OnArrival,5,45,19644,Node_869,44,0,17,44,17,,,,,,,,,
35,VISIT,3548,Random,OnArrival,5,42,19644,Node_869,44,0,17,44,17,,,,,,,,,
35,VISIT,3550,Random,OnArrival,5,25,19644,Node_718,31,0,25,31,25,,,,,,,,,
35,VISIT,3552,Random,OnArrival,5,23,19644,Node_733,35,0,25,35,25,,,,,,,,,
35,VISIT,3545,Random,OnArrival,5,46,19657,Node_866,44,0,18,44,18,,,,,,,,,
35,VISIT,3548,Random,OnArrival,5,43,19657,Node_873,44,0,16,44,16,,,,,,,,,
35,VISIT,3550,Random,OnArrival,5,26,19657,Node_722,32,0,25,32,25,,,,,,,,,
35,VISIT,3552,Random,OnArrival,5,24,19657,Node_746,36,0,25,36,25,,,,,,,,,
35,VISIT,3545,Random,OnArrival,5,47,19671,Node_867,43,0,18,43,18,,,,,,,,,
35,VISIT,3548,Random,OnArrival,5,44,19671,Node_874,43,0,16,43,16,,,,,,,,,
35,VISIT,3549,Random,OnArrival,5,25,19671,Node_733,35,0,25,35,25,,,,,,,,,
35,VISIT,3551,Random,OnArrival,5,22,19671,Node_681,29,0,25,29,25,,,,,,,,,
35,VISIT,3545,Random,OnArrival,5,48,19684,Node_863,43,0,19,43,19,,,,,,,,,
35,VISIT,3548,Random,OnArrival,5,45,19684,Node_872,42,0,16,42,16,,,,,,,,,
35,VISIT,3549,Random,OnArrival,5,26,19684,Node_746,36,0,25,36,25,,,,,,,,,
35,VISIT,3551,Random,OnArrival,5,23,19684,Node_684,30,0,25,30,25,,,,,,,,,
35,VISIT,3552,Random,OnArrival,5,25,19684,Node_760,38,0,25,38,25,,,,,,,,,
35,VISIT,3545,Random,OnArrival,5,49,19697,Node_862,44,0,19,44,19,,,,,,,,,
35,VISIT,3550,Random,OnArrival,5,27,19697,Node_733,35,0,25,35,25,,,,,,,,,
35,VISIT,3551,Random,OnArrival,5,24,19697,Node_718,31,0,25,31,25,,,,,,,,,
35,VISIT,3552,Random,OnArrival,5,26,19697,Node_762,38,0,24,38,24,,,,,,,,,
35,VISIT,3545,Random,OnArrival,5,50,19710,Node_860,44,0,20,44,20,,,,,,,,,
35,VISIT,3548,Random,OnArrival,5,46,19710,Node_865,42,0,14,42,14,,,,,,,,,
35,VISIT,3549,Random,OnArrival,5,27,19710,Node_760,38,0,25,38,25,,,,,,,,,
35,VISIT,3550,Random,OnArrival,5,28,19710,Node_746,36,0,25,36,25,,,,,,,,,
35,VISIT,3551,Random,OnArrival,5,25,19710,Node_722,32,0,25,32,25,,,,,,,,,
35,VISIT,3552,Random,OnArrival,5,27,19710,Node_768,39,0,24,39,24,,,,,,,,,
35,VISIT,3545,Random,OnArrival,5,51,19724,Node_861,43,0,20,43,20,,,,,,,,,
35,VISIT,3549,Random,OnArrival,5,28,19724,Node_762,38,0,24,38,24,,,,,,,,,
35,VISIT,3552,Random,OnArrival,5,28,19724,Node_847,40,0,24,40,24,,,,,,,,,
35,VISIT,3545,Random,OnArrival,5,52,19738,Node_860,44,0,20,44,20,,,,,,,,,
35,VISIT,3549,Random,OnArrival,5,29,19738,Node_768,39,0,24,39,24,,,,,,,,,
35,VISIT,3550,Random,OnArrival,5,29,19738,Node_760,38,0,25,38,25,,,,,,,,,
35,VISIT,3552,Random,OnArrival,5,29,19738,Node_846,40,0,25,40,25,,,,,,,,,
35,VISIT,3549,Random,OnArrival,5,30,19751,Node_847,40,0,24,40,24,,,,,,,,,
35,VISIT,3550,Random,OnArrival,5,30,19751,Node_762,38,0,24,38,24,,,,,,,,,
35,VISIT,3551,Random,OnArrival,5,26,19751,Node_733,35,0,25,35,25,,,,,,,,,
35,VISIT,3552,Random,OnArrival,5,30,19751,Node_832,41,0,25,41,25,,,,,,,,,
35,VISIT,3553,Random,OnArrival,5,0,19762,Node_6,19,0,12,19,12,,,,,,,,,
35,VISIT,3554,Random,OnArrival,5,0,19762,Node_7,19,0,8,19,8,,,,,,,,,
35,VISIT,3555,Random,OnArrival,5,0,19762,Node_8,17,0,10,17,10,,,,,,,,,
35,VISIT,3556,Random,OnArrival,5,0,19762,Node_9,21,0,10,21,10,,,,,,,,,
35,VISIT,3545,Random,OnArrival,5,53,19764,Node_857,46,0,20,46,20,,,,,,,,,
35,VISIT,3549,Random,OnArrival,5,31,19764,Node_846,40,0,25,40,25,,,,,,,,,
35,VISIT,3550,Random,OnArrival,5,31,19764,Node_768,39,0,24,39,24,,,,,,,,,
35,VISIT,3551,Random,OnArrival,5,27,19764,Node_746,36,0,25,36,25,,,,,,,,,
35,VISIT,3552,Random,OnArrival,5,31,19764,Node_831,42,0,25,42,25,,,,,,,,,
35,VISIT,3553,Random,OnArrival,5,1,19766,Node_46,20,0,12,20,12,,,,,,,,,
35,VISIT,3554,Random,OnArrival,5,1,19766,Node_3,19,0,9,19,9,,,,,,,,,
35,VISIT,3555,Random,OnArrival,5,1,19766,Node_4,18,0,10,18,10,,,,,,,,,
35,VISIT,3556,Random,OnArrival,5,1,19766,Node_13,21,0,11,21,11,,,,,,,,,
35,VISIT,3549,Random,OnArrival,5,32,19770,Node_832,41,0,25,41,25,,,,,,,,,
35,VISIT,3550,Random,OnArrival,5,32,19770,Node_847,40,0,24,40,24,,,,,,,,,
35,VISIT,3552,Random,OnArrival,5,32,19770,Node_850,43,0,25,43,25,,,,,,,,,
35,VISIT,3553,Random,OnArrival,5,2,19770,Node_49,20,0,13,20,13,,,,,,,,,
35,VISIT,3554,Random,OnArrival,5,2,19770,Node_20,19,0,10,19,10,,,,,,,,,
35,VISIT,3555,Random,OnArrival,5,2,19770,Node_14,18,0,11,18,11,,,,,,,,,
35,VISIT,3556,Random,OnArrival,5,2,19770,Node_17,21,0,12,21,12,,,,,,,,,
35,VISIT,3549,Random,OnArrival,5,33,19774,Node_831,42,0,25,42,25,,,,,,,,,
35,VISIT,3550,Random,OnArrival,5,33,19774,Node_846,40,0,25,40,25,,,,,,,,,
35,VISIT,3551,Random,OnArrival,5,28,19774,Node_760,38,0,25,38,25,,,,,,,,,
35,VISIT,3553,Random,OnArrival,5,3,19774,Node_52,20,0,14,20,14,,,,,,,,,
35,VISIT,3554,Random,OnArrival,5,3,19774,Node_2,19,0,11,19,11,,,,,,,,,
35,VISIT,3555,Random,OnArrival,5,3,19774,Node_10,18,0,12,18,12,,,,,,,,,
35,VISIT,3556,Random,OnArrival,5,3,19774,Node_19,21,0,13,21,13,,,,,,,,,
35,VISIT,3549,Random,OnArrival,5,34,19778,Node_850,43,0,25,43,25,,,,,,,,,
35,VISIT,3550,Random,OnArrival,5,34,19778,Node_832,41,0,25,41,25,,,,,,,,,
35,VISIT,3551,Random,OnArrival,5,29,19778,Node_762,38,0,24,38,24,,,,,,,,,
35,VISIT,3553,Random,OnArrival,5,4,19778,Node_54,20,0,15,20,15,,,,,,,,,
35,VISIT,3554,Random,OnArrival,5,4,19778,Node_6,19,0,12,19,12,,,,,,,,,
35,VISIT,3555,Random,OnArrival,5,4,19778,Node_6,19,0,12,19,12,,,,,,,,,
35,VISIT,3556,Random,OnArrival,5,4,19778,Node_22,21,0,14,21,14,,,,,,,,,
35,VISIT,3550,Random,OnArrival,5,35,19782,Node_831,42,0,25,42,25,,,,,,,,,
35,VISIT,3551,Random,OnArrival,5,30,19782,Node_768,39,0,24,39,24,,,,,,,,,
35,VISIT,3553,Random,OnArrival,5,5,19782,Node_25,21,0,15,21,15,,,,,,,,,
35,VISIT,3554,Random,OnArrival,5,5,19782,Node_46,20,0,12,20,12,,,,,,,,,
35,VISIT,3555,Random,OnArrival,5,5,19782,Node_46,20,0,12,20,12,,,,,,,,,
35,VISIT,3556,Random,OnArrival,5,5,19782,Node_25,21,0,15,21,15,,,,,,,,,
35,VISIT,3550,Random,OnArrival,5,36,19786,Node_850,43,0,25,43,25,,,,,,,,,
35,VISIT,3551,Random,OnArrival,5,31,19786,Node_847,40,0,24,40,24,,,,,,,,,
35,VISIT,3553,Random,OnArrival,5,6,19786,Node_27,21,0,16,21,16,,,,,,,,,
35,VISIT,3554,Random,OnArrival,5,6,19786,Node_49,20,0,13,20,13,,,,,,,,,
35,VISIT,3555,Random,OnArrival,5,6,19786,Node_49,20,0,13,20,13,,,,,,,,,
35,VISIT,3556,Random,OnArrival,5,6,19786,Node_27,21,0,16,21,16,,,,,,,,,
35,VISIT,3551,Random,OnArrival,5,32,19790,Node_846,40,0,25,40,25,,,,,,,,,
35,VISIT,3552,Random,OnArrival,5,33,19790,Node_854,48,0,25,48,25,,,,,,,,,
35,VISIT,3554,Random,OnArrival,5,7,19790,Node_52,20,0,14,20,14,,,,,,,,,
35,VISIT,3555,Random,OnArrival,5,7,19790,Node_52,20,0,14,20,14,,,,,,,,,
35,VISIT,3551,Random,OnArrival,5,33,19796,Node_832,41,0,25,41,25,,,,,,,,,
35,VISIT,3553,Random,OnArrival,5,7,19796,Node_30,21,0,18,21,18,,,,,,,,,
35,VISIT,3554,Random,OnArrival,5,8,19796,Node_54,20,0,15,20,15,,,,,,,,,
35,VISIT,3555,Random,OnArrival,5,8,19796,Node_54,20,0,15,20,15,,,,,,,,,
35,VISIT,3556,Random,OnArrival,5,7,19796,Node_30,21,0,18,21,18,,,,,,,,,
35,VISIT,3549,Random,OnArrival,5,35,19800,Node_854,48,0,25,48,25,,,,,,,,,
35,VISIT,3551,Random,OnArrival,5,34,19800,Node_831,42,0,25,42,25,,,,,,,,,
35,VISIT,3553,Random,OnArrival,5,8,19800,Node_32,21,0,19,21,19,,,,,,,,,
35,VISIT,3554,Random,OnArrival,5,9,19800,Node_25,21,0,15,21,15,,,,,,,,,
35,VISIT,3555,Random,OnArrival,5,9,19800,Node_25,21,0,15,21,15,,,,,,,,,
35,VISIT,3556,Random,OnArrival,5,8,19800,Node_32,21,0,19,21,19,,,,,,,,,
35,VISIT,3551,Random,OnArrival,5,35,19804,Node_850,43,0,25,43,25,,,,,,,,,
35,VISIT,3553,Random,OnArrival,5,9,19804,Node_35,21,0,20,21,20,,,,,,,,,
35,VISIT,3554,Random,OnArrival,5,10,19804,Node_27,21,0,16,21,16,,,,,,,,,
35,VISIT,3555,Random,OnArrival,5,10,19804,Node_27,21,0,16,21,16,,,,,,,,,
35,VISIT,3556,Random,OnArrival,5,9,19804,Node_35,21,0,20,21,20,,,,,,,,,
35,VISIT,3550,Random,OnArrival,5,37,19808,Node_854,48,0,25,48,25,,,,,,,,,
35,VISIT,3552,Random,OnArrival,5,34,19808,Node_858,48,0,21,48,21,,,,,,,,,
35,VISIT,3553,Random,OnArrival,5,10,19808,Node_325,21,0,21,21,21,,,,,,,,,
35,VISIT,3556,Random,OnArrival,5,10,19808,Node_325,21,0,21,21,21,,,,,,,,,
35,VISIT,3553,Random,OnArrival,5,11,19816,Node_324,21,0,22,21,22,,,,,,,,,
35,VISIT,3554,Random,OnArrival,5,11,19816,Node_30,21,0,18,21,18,,,,,,,,,
35,VISIT,3555,Random,OnArrival,5,11,19816,Node_30,21,0,18,21,18,,,,,,,,,
35,VISIT,3556,Random,OnArrival,5,11,19816,Node_324,21,0,22,21,22,,,,,,,,,
35,VISIT,3549,Random,OnArrival,5,36,19820,Node_858,48,0,21,48,21,,,,,,,,,
35,VISIT,3552,Random,OnArrival,5,35,19820,Node_885,47,0,20,47,20,,,,,,,,,
35,VISIT,3553,Random,OnArrival,5,12,19820,Node_323,21,0,23,21,23,,,,,,,,,
35,VISIT,3554,Random,OnArrival,5,12,19820,Node_32,21,0,19,21,19,,,,,,,,,
35,VISIT,3555,Random,OnArrival,5,12,19820,Node_32,21,0,19,21,19,,,,,,,,,
35,VISIT,3556,Random,OnArrival,5,12,19820,Node_323,21,0,23,21,23,,,,,,,,,
35,VISIT,3549,Random,OnArrival,5,37,19824,Node_859,48,0,20,48,20,,,,,,,,,
35,VISIT,3552,Random,OnArrival,5,36,19824,Node_859,48,0,20,48,20,,,,,,,,,
35,VISIT,3554,Random,OnArrival,5,13,19824,Node_35,21,0,20,21,20,,,,,,,,,
35,VISIT,3555,Random,OnArrival,5,13,19824,Node_35,21,0,20,21,20,,,,,,,,,
35,VISIT,3549,Random,OnArrival,5,38,19832,Node_885,47,0,20,47,20,,,,,,,,,
35,VISIT,3550,Random,OnArrival,5,38,19832,Node_858,48,0,21,48,21,,,,,,,,,
35,VISIT,3551,Random,OnArrival,5,36,19832,Node_854,48,0,25,48,25,,,,,,,,,
35,VISIT,3553,Random,OnArrival,5,13,19832,Node_344,19,0,23,19,23,,,,,,,,,
35,VISIT,3554,Random,OnArrival,5,14,19832,Node_325,21,0,21,21,21,,,,,,,,,
35,VISIT,3555,Random,OnArrival,5,14,19832,Node_325,21,0,21,21,21,,,,,,,,,
35,VISIT,3556,Random,OnArrival,5,13,19832,Node_344,19,0,23,19,23,,,,,,,,,
35,VISIT,3549,Random,OnArrival,5,39,19836,Node_886,47,0,21,47,21,,,,,,,,,
35,VISIT,3550,Random,OnArrival,5,39,19836,Node_859,48,0,20,48,20,,,,,,,,,
35,VISIT,3552,Random,OnArrival,5,37,19836,Node_864,48,0,18,48,18,,,,,,,,,
35,VISIT,3553,Random,OnArrival,5,14,19836,Node_341,19,0,24,19,24,,,,,,,,,
35,VISIT,3554,Random,OnArrival,5,15,19836,Node_324,21,0,22,21,22,,,,,,,,,
35,VISIT,3555,Random,OnArrival,5,15,19836,Node_324,21,0,22,21,22,,,,,,,,,
35,VISIT,3556,Random,OnArrival,5,14,19836,Node_341,19,0,24,19,24,,,,,,,,,
35,VISIT,3549,Random,OnArrival,5,40,19840,Node_856,46,0,21,46,21,,,,,,,,,
35,VISIT,3552,Random,OnArrival,5,38,19840,Node_868,47,0,18,47,18,,,,,,,,,
35,VISIT,3553,Random,OnArrival,5,15,19840,Node_339,19,0,25,19,25,,,,,,,,,
35,VISIT,3554,Random,OnArrival,5,16,19840,Node_323,21,0,23,21,23,,,,,,,,,
35,VISIT,3555,Random,OnArrival,5,16,19840,Node_323,21,0,23,21,23,,,,,,,,,
35,VISIT,3556,Random,OnArrival,5,15,19840,Node_339,19,0,25,19,25,,,,,,,,,
35,VISIT,3549,Random,OnArrival,5,41,19844,Node_857,46,0,20,46,20,,,,,,,,,
35,VISIT,3550,Random,OnArrival,5,40,19844,Node_864,48,0,18,48,18,,,,,,,,,
35,VISIT,3552,Random,OnArrival,5,39,19844,Node_878,46,0,18,46,18,,,,,,,,,
35,VISIT,3550,Random,OnArrival,5,41,19858,Node_868,47,0,18,47,18,,,,,,,,,
35,VISIT,3551,Random,OnArrival,5,37,19858,Node_858,48,0,21,48,21,,,,,,,,,
35,VISIT,3554,Random,OnArrival,5,17,19858,Node_344,19,0,23,19,23,,,,,,,,,
35,VISIT,3555,Random,OnArrival,5,17,19858,Node_344,19,0,23,19,23,,,,,,,,,
35,VISIT,3549,Random,OnArrival,5,42,19868,Node_860,44,0,20,44,20,,,,,,,,,
35,VISIT,3550,Random,OnArrival,5,42,19868,Node_871,47,0,17,47,17,,,,,,,,,
35,VISIT,3551,Random,OnArrival,5,38,19868,Node_859,48,0,20,48,20,,,,,,,,,
35,VISIT,3552,Random,OnArrival,5,40,19868,Node_866,44,0,18,44,18,,,,,,,,,
35,VISIT,3554,Random,OnArrival,5,18,19868,Node_341,19,0,24,19,24,,,,,,,,,
35,VISIT,3555,Random,OnArrival,5,18,19868,Node_341,19,0,24,19,24,,,,,,,,,
35,VISIT,3549,Random,OnArrival,5,43,19879,Node_862,44,0,19,44,19,,,,,,,,,
35,VISIT,3550,Random,OnArrival,5,43,19879,Node_877,46,0,17,46,17,,,,,,,,,
35,VISIT,3554,Random,OnArrival,5,19,19879,Node_339,19,0,25,19,25,,,,,,,,,
35,VISIT,3555,Random,OnArrival,5,19,19879,Node_339,19,0,25,19,25,,,,,,,,,
35,VISIT,3549,Random,OnArrival,5,44,19890,Node_866,44,0,18,44,18,,,,,,,,,
35,VISIT,3550,Random,OnArrival,5,44,19890,Node_876,46,0,16,46,16,,,,,,,,,
35,VISIT,3551,Random,OnArrival,5,39,19890,Node_864,48,0,18,48,18,,,,,,,,,
35,VISIT,3552,Random,OnArrival,5,41,19890,Node_878,46,0,18,46,18,,,,,,,,,
35,VISIT,3553,Random,OnArrival,5,16,19890,Node_335,24,0,25,24,25,,,,,,,,,
35,VISIT,3556,Random,OnArrival,5,16,19890,Node_335,24,0,25,24,25,,,,,,,,,
35,VISIT,3549,Random,OnArrival,5,45,19901,Node_869,44,0,17,44,17,,,,,,,,,
35,VISIT,3551,Random,OnArrival,5,40,19901,Node_868,47,0,18,47,18,,,,,,,,,
35,VISIT,3552,Random,OnArrival,5,42,19901,Node_877,46,0,17,46,17,,,,,,,,,
35,VISIT,3553,Random,OnArrival,5,17,19901,Node_673,25,0,25,25,25,,,,,,,,,
35,VISIT,3556,Random,OnArrival,5,17,19901,Node_673,25,0,25,25,25,,,,,,,,,
35,VISIT,3549,Random,OnArrival,5,46,19912,Node_873,44,0,16,44,16,,,,,,,,,
35,VISIT,3551,Random,OnArrival,5,41,19912,Node_871,47,0,17,47,17,,,,,,,,,
35,VISIT,3552,Random,OnArrival,5,43,19912,Node_876,46,0,16,46,16,,,,,,,,,
35,VISIT,3549,Random,OnArrival,5,47,19926,Node_874,43,0,16,43,16,,,,,,,,,
35,VISIT,3551,Random,OnArrival,5,42,19926,Node_875,47,0,16,47,16,,,,,,,,,
35,VISIT,3549,Random,OnArrival,5,48,19940,Node_872,42,0,16,42,16,,,,,,,,,
35,VISIT,3551,Random,OnArrival,5,43,19940,Node_876,46,0,16,46,16,,,,,,,,,
35,VISIT,3552,Random,OnArrival,5,44,19940,Node_887,46,0,14,46,14,,,,,,,,,
35,VISIT,3554,Random,OnArrival,5,20,19940,Node_335,24,0,25,24,25,,,,,,,,,
35,VISIT,3555,Random,OnArrival,5,20,19940,Node_335,24,0,25,24,25,,,,,,,,,
35,VISIT,3553,Random,OnArrival,5,18,19950,Node_681,29,0,25,29,25,,,,,,,,,
35,VISIT,3554,Random,OnArrival,5,21,19950,Node_673,25,0,25,25,25,,,,,,,,,
35,VISIT,3555,Random,OnArrival,5,21,19950,Node_673,25,0,25,25,25,,,,,,,,,
35,VISIT,3556,Random,OnArrival,5,18,19950,Node_681,29,0,25,29,25,,,,,,,,,
35,VISIT,3549,Random,OnArrival,5,49,19958,Node_865,42,0,14,42,14,,,,,,,,,
35,VISIT,3551,Random,OnArrival,5,44,19958,Node_887,46,0,14,46,14,,,,,,,,,
35,VISIT,3553,Random,OnArrival,5,19,19958,Node_684,30,0,25,30,25,,,,,,,,,
35,VISIT,3556,Random,OnArrival,5,19,19958,Node_684,30,0,25,30,25,,,,,,,,,
35,VISIT,3549,Random,OnArrival,5,50,19970,Node_879,42,0,13,42,13,,,,,,,,,
35,VISIT,3553,Random,OnArrival,5,20,19970,Node_718,31,0,25,31,25,,,,,,,,,
35,VISIT,3556,Random,OnArrival,5,20,19970,Node_718,31,0,25,31,25,,,,,,,,,
35,VISIT,3549,Random,OnArrival,5,51,19982,Node_845,41,0,13,41,13,,,,,,,,,
35,VISIT,3550,Random,OnArrival,5,45,19982,Node_884,43,0,13,43,13,,,,,,,,,
35,VISIT,3552,Random,OnArrival,5,45,19982,Node_884,43,0,13,43,13,,,,,,,,,
35,VISIT,3553,Random,OnArrival,5,21,19982,Node_722,32,0,25,32,25,,,,,,,,,
35,VISIT,3556,Random,OnArrival,5,21,19982,Node_722,32,0,25,32,25,,,,,,,,,
35,VISIT,3549,Random,OnArrival,5,52,19994,Node_843,40,0,13,40,13,,,,,,,,,
35,VISIT,3550,Random,OnArrival,5,46,19994,Node_879,42,0,13,42,13,,,,,,,,,
35,VISIT,3551,Random,OnArrival,5,45,19994,Node_888,46,0,13,46,13,,,,,,,,,
35,VISIT,3552,Random,OnArrival,5,46,19994,Node_879,42,0,13,42,13,,,,,,,,,
35,VISIT,3554,Random,OnArrival,5,22,19994,Node_681,29,0,25,29,25,,,,,,,,,
35,VISIT,3555,Random,OnArrival,5,22,19994,Node_681,29,0,25,29,25,,,,,,,,,
35,VISIT,3549,Random,OnArrival,5,53,20005,Node_845,41,0,13,41,13,,,,,,,,,
35,VISIT,3551,Random,OnArrival,5,46,20005,Node_887,46,0,14,46,14,,,,,,,,,
35,VISIT,3552,Random,OnArrival,5,47,20005,Node_884,43,0,13,43,13,,,,,,,,,
35,VISIT,3554,Random,OnArrival,5,23,20005,Node_684,30,0,25,30,25,,,,,,,,,
35,VISIT,3555,Random,OnArrival,5,23,20005,Node_684,30,0,25,30,25,,,,,,,,,
35,VISIT,3549,Random,OnArrival,5,54,20017,Node_879,42,0,13,42,13,,,,,,,,,
35,VISIT,3550,Random,OnArrival,5,47,20017,Node_880,42,0,11,42,11,,,,,,,,,
35,VISIT,3551,Random,OnArrival,5,47,20017,Node_890,45,0,14,45,14,,,,,,,,,
35,VISIT,3552,Random,OnArrival,5,48,20017,Node_892,44,0,13,44,13,,,,,,,,,
35,VISIT,3553,Random,OnArrival,5,22,20017,Node_733,35,0,25,35,25,,,,,,,,,
35,VISIT,3554,Random,OnArrival,5,24,20017,Node_718,31,0,25,31,25,,,,,,,,,
35,VISIT,3555,Random,OnArrival,5,24,20017,Node_718,31,0,25,31,25,,,,,,,,,
35,VISIT,3556,Random,OnArrival,5,22,20017,Node_733,35,0,25,35,25,,,,,,,,,
35,VISIT,3551,Random,OnArrival,5,48,20028,Node_891,44,0,14,44,14,,,,,,,,,
35,VISIT,3552,Random,OnArrival,5,49,20028,Node_889,45,0,13,45,13,,,,,,,,,
35,VISIT,3553,Random,OnArrival,5,23,20028,Node_746,36,0,25,36,25,,,,,,,,,
35,VISIT,3554,Random,OnArrival,5,25,20028,Node_722,32,0,25,32,25,,,,,,,,,
35,VISIT,3555,Random,OnArrival,5,25,20028,Node_722,32,0,25,32,25,,,,,,,,,
35,VISIT,3556,Random,OnArrival,5,23,20028,Node_746,36,0,25,36,25,,,,,,,,,
35,VISIT,3549,Random,OnArrival,5,55,20039,Node_880,42,0,11,42,11,,,,,,,,,
35,VISIT,3551,Random,OnArrival,5,49,20039,Node_883,43,0,14,43,14,,,,,,,,,
35,VISIT,3552,Random,OnArrival,5,50,20039,Node_892,44,0,13,44,13,,,,,,,,,
35,VISIT,3557,Random,OnArrival,5,0,20044,Node_6,19,0,12,19,12,,,,,,,,,
35,VISIT,3558,Random,OnArrival,5,0,20044,Node_7,19,0,8,19,8,,,,,,,,,
35,VISIT,3559,Random,OnArrival,5,0,20044,Node_8,17,0,10,17,10,,,,,,,,,
35,VISIT,3560,Random,OnArrival,5,0,20044,Node_9,21,0,10,21,10,,,,,,,,,
35,VISIT,3551,Random,OnArrival,5,50,20048,Node_865,42,0,14,42,14,,,,,,,,,
35,VISIT,3552,Random,OnArrival,5,51,20048,Node_884,43,0,13,43,13,,,,,,,,,
35,VISIT,3553,Random,OnArrival,5,24,20048,Node_760,38,0,25,38,25,,,,,,,,,
35,VISIT,3556,Random,OnArrival,5,24,20048,Node_760,38,0,25,38,25,,,,,,,,,
35,VISIT,3557,Random,OnArrival,5,1,20048,Node_2,19,0,11,19,11,,,,,,,,,
35,VISIT,3558,Random,OnArrival,5,1,20048,Node_3,19,0,9,19,9,,,,,,,,,
35,VISIT,3559,Random,OnArrival,5,1,20048,Node_4,18,0,10,18,10,,,,,,,,,
35,VISIT,3560,Random,OnArrival,5,1,20048,Node_13,21,0,11,21,11,,,,,,,,,
35,VISIT,3549,Random,OnArrival,5,56,20052,Node_879,42,0,13,42,13,,,,,,,,,
35,VISIT,3550,Random,OnArrival,5,48,20052,Node_882,42,0,9,42,9,,,,,,,,,
35,VISIT,3551,Random,OnArrival,5,51,20052,Node_879,42,0,13,42,13,,,,,,,,,
35,VISIT,3552,Random,OnArrival,5,52,20052,Node_879,42,0,13,42,13,,,,,,,,,
35,VISIT,3553,Random,OnArrival,5,25,20052,Node_765,39,0,25,39,25,,,,,,,,,
35,VISIT,3554,Random,OnArrival,5,26,20052,Node_733,35,0,25,35,25,,,,,,,,,
35,VISIT,3555,Random,OnArrival,5,26,20052,Node_733,35,0,25,35,25,,,,,,,,,
35,VISIT,3556,Random,OnArrival,5,25,20052,Node_765,39,0,25,39,25,,,,,,,,,
35,VISIT,3557,Random,OnArrival,5,2,20052,Node_55,20,0,11,20,11,,,,,,,,,
35,VISIT,3558,Random,OnArrival,5,2,20052,Node_50,20,0,9,20,9,,,,,,,,,
35,VISIT,3559,Random,OnArrival,5,2,20052,Node_14,18,0,11,18,11,,,,,,,,,
35,VISIT,3560,Random,OnArrival,5,2,20052,Node_76,22,0,11,22,11,,,,,,,,,
35,VISIT,3549,Random,OnArrival,5,57,20056,Node_865,42,0,14,42,14,,,,,,,,,
35,VISIT,3553,Random,OnArrival,5,26,20056,Node_846,40,0,25,40,25,,,,,,,,,
35,VISIT,3554,Random,OnArrival,5,27,20056,Node_746,36,0,25,36,25,,,,,,,,,
35,VISIT,3555,Random,OnArrival,5,27,20056,Node_746,36,0,25,36,25,,,,,,,,,
35,VISIT,3556,Random,OnArrival,5,26,20056,Node_846,40,0,25,40,25,,,,,,,,,
35,VISIT,3557,Random,OnArrival,5,3,20056,Node_13,21,0,11,21,11,,,,,,,,,
35,VISIT,3558,Random,OnArrival,5,3,20056,Node_48,21,0,9,21,9,,,,,,,,,
35,VISIT,3559,Random,OnArrival,5,3,20056,Node_2,19,0,11,19,11,,,,,,,,,
35,VISIT,3560,Random,OnArrival,5,3,20056,Node_80,23,0,11,23,11,,,,,,,,,
35,VISIT,3549,Random,OnArrival,5,58,20060,Node_883,43,0,14,43,14,,,,,,,,,
35,VISIT,3551,Random,OnArrival,5,52,20060,Node_880,42,0,11,42,11,,,,,,,,,
35,VISIT,3552,Random,OnArrival,5,53,20060,Node_880,42,0,11,42,11,,,,,,,,,
35,VISIT,3553,Random,OnArrival,5,27,20060,Node_832,41,0,25,41,25,,,,,,,,,
35,VISIT,3556,Random,OnArrival,5,27,20060,Node_832,41,0,25,41,25,,,,,,,,,
35,VISIT,3557,Random,OnArrival,5,4,20060,Node_76,22,0,11,22,11,,,,,,,,,
35,VISIT,3558,Random,OnArrival,5,4,20060,Node_78,22,0,9,22,9,,,,,,,,,
35,VISIT,3559,Random,OnArrival,5,4,20060,Node_55,20,0,11,20,11,,,,,,,,,
35,VISIT,3560,Random,OnArrival,5,4,20060,Node_81,23,0,12,23,12,,,,,,,,,
35,VISIT,3549,Random,OnArrival,5,59,20064,Node_891,44,0,14,44,14,,,,,,,,,
35,VISIT,3551,Random,OnArrival,5,53,20064,Node_881,42,0,10,42,10,,,,,,,,,
35,VISIT,3552,Random,OnArrival,5,54,20064,Node_881,42,0,10,42,10,,,,,,,,,
35,VISIT,3553,Random,OnArrival,5,28,20064,Node_831,42,0,25,42,25,,,,,,,,,
35,VISIT,3554,Random,OnArrival,5,28,20064,Node_760,38,0,25,38,25,,,,,,,,,
35,VISIT,3555,Random,OnArrival,5,28,20064,Node_760,38,0,25,38,25,,,,,,,,,
35,VISIT,3556,Random,OnArrival,5,28,20064,Node_831,42,0,25,42,25,,,,,,,,,
35,VISIT,3557,Random,OnArrival,5,5,20064,Node_80,23,0,11,23,11,,,,,,,,,
35,VISIT,3558,Random,OnArrival,5,5,20064,Node_95,23,0,9,23,9,,,,,,,,,
35,VISIT,3559,Random,OnArrival,5,5,20064,Node_13,21,0,11,21,11,,,,,,,,,
35,VISIT,3560,Random,OnArrival,5,5,20064,Node_82,24,0,12,24,12,,,,,,,,,
35,VISIT,3549,Random,OnArrival,5,60,20068,Node_890,45,0,14,45,14,,,,,,,,,
35,VISIT,3553,Random,OnArrival,5,29,20068,Node_850,43,0,25,43,25,,,,,,,,,
35,VISIT,3554,Random,OnArrival,5,29,20068,Node_765,39,0,25,39,25,,,,,,,,,
35,VISIT,3555,Random,OnArrival,5,29,20068,Node_765,39,0,25,39,25,,,,,,,,,
35,VISIT,3556,Random,OnArrival,5,29,20068,Node_850,43,0,25,43,25,,,,,,,,,
35,VISIT,3557,Random,OnArrival,5,6,20068,Node_81,23,0,12,23,12,,,,,,,,,
35,VISIT,3559,Random,OnArrival,5,6,20068,Node_76,22,0,11,22,11,,,,,,,,,
35,VISIT,3560,Random,OnArrival,5,6,20068,Node_83,24,0,13,24,13,,,,,,,,,
35,VISIT,3549,Random,OnArrival,5,61,20073,Node_887,46,0,14,46,14,,,,,,,,,
35,VISIT,3551,Random,OnArrival,5,54,20073,Node_898,41,0,9,41,9,,,,,,,,,
35,VISIT,3552,Random,OnArrival,5,55,20073,Node_898,41,0,9,41,9,,,,,,,,,
35,VISIT,3554,Random,OnArrival,5,30,20073,Node_846,40,0,25,40,25,,,,,,,,,
35,VISIT,3555,Random,OnArrival,5,30,20073,Node_846,40,0,25,40,25,,,,,,,,,
35,VISIT,3557,Random,OnArrival,5,7,20073,Node_82,24,0,12,24,12,,,,,,,,,
35,VISIT,3558,Random,OnArrival,5,6,20073,Node_166,25,0,9,25,9,,,,,,,,,
35,VISIT,3559,Random,OnArrival,5,7,20073,Node_80,23,0,11,23,11,,,,,,,,,
35,VISIT,3560,Random,OnArrival,5,7,20073,Node_101,25,0,13,25,13,,,,,,,,,
35,VISIT,3549,Random,OnArrival,5,62,20077,Node_893,47,0,14,47,14,,,,,,,,,
35,VISIT,3554,Random,OnArrival,5,31,20077,Node_832,41,0,25,41,25,,,,,,,,,
35,VISIT,3555,Random,OnArrival,5,31,20077,Node_832,41,0,25,41,25,,,,,,,,,
35,VISIT,3557,Random,OnArrival,5,8,20077,Node_83,24,0,13,24,13,,,,,,,,,
35,VISIT,3558,Random,OnArrival,5,7,20077,Node_206,26,0,9,26,9,,,,,,,,,
35,VISIT,3559,Random,OnArrival,5,8,20077,Node_81,23,0,12,23,12,,,,,,,,,
35,VISIT,3560,Random,OnArrival,5,8,20077,Node_118,26,0,13,26,13,,,,,,,,,
35,VISIT,3554,Random,OnArrival,5,32,20083,Node_831,42,0,25,42,25,,,,,,,,,
35,VISIT,3555,Random,OnArrival,5,32,20083,Node_831,42,0,25,42,25,,,,,,,,,
35,VISIT,3557,Random,OnArrival,5,9,20083,Node_101,25,0,13,25,13,,,,,,,,,
35,VISIT,3558,Random,OnArrival,5,8,20083,Node_246,27,0,9,27,9,,,,,,,,,
35,VISIT,3559,Random,OnArrival,5,9,20083,Node_82,24,0,12,24,12,,,,,,,,,
35,VISIT,3560,Random,OnArrival,5,9,20083,Node_251,27,0,13,27,13,,,,,,,,,
35,VISIT,3551,Random,OnArrival,5,55,20090,Node_899,41,0,10,41,10,,,,,,,,,
35,VISIT,3552,Random,OnArrival,5,56,20090,Node_899,41,0,10,41,10,,,,,,,,,
35,VISIT,3554,Random,OnArrival,5,33,20090,Node_850,43,0,25,43,25,,,,,,,,,
35,VISIT,3555,Random,OnArrival,5,33,20090,Node_850,43,0,25,43,25,,,,,,,,,
35,VISIT,3557,Random,OnArrival,5,10,20090,Node_118,26,0,13,26,13,,,,,,,,,
35,VISIT,3558,Random,OnArrival,5,9,20090,Node_326,28,0,9,28,9,,,,,,,,,
35,VISIT,3559,Random,OnArrival,5,10,20090,Node_83,24,0,13,24,13,,,,,,,,,
35,VISIT,3560,Random,OnArrival,5,10,20090,Node_330,28,0,13,28,13,,,,,,,,,
35,VISIT,3551,Random,OnArrival,5,56,20098,Node_881,42,0,10,42,10,,,,,,,,,
35,VISIT,3552,Random,OnArrival,5,57,20098,Node_881,42,0,10,42,10,,,,,,,,,
35,VISIT,3553,Random,OnArrival,5,30,20098,Node_854,48,0,25,48,25,,,,,,,,,
35,VISIT,3556,Random,OnArrival,5,30,20098,Node_854,48,0,25,48,25,,,,,,,,,
35,VISIT,3557,Random,OnArrival,5,11,20098,Node_251,27,0,13,27,13,,,,,,,,,
35,VISIT,3559,Random,OnArrival,5,11,20098,Node_101,25,0,13,25,13,,,,,,,,,
35,VISIT,3551,Random,OnArrival,5,57,20108,Node_896,43,0,10,43,10,,,,,,,,,
35,VISIT,3552,Random,OnArrival,5,58,20108,Node_896,43,0,10,43,10,,,,,,,,,
35,VISIT,3557,Random,OnArrival,5,12,20108,Node_330,28,0,13,28,13,,,,,,,,,
35,VISIT,3558,Random,OnArrival,5,10,20108,Node_511,30,0,9,30,9,,,,,,,,,
35,VISIT,3559,Random,OnArrival,5,12,20108,Node_118,26,0,13,26,13,,,,,,,,,
35,VISIT,3560,Random,OnArrival,5,11,20108,Node_747,30,0,13,30,13,,,,,,,,,
35,VISIT,3551,Random,OnArrival,5,58,20117,Node_897,43,0,9,43,9,,,,,,,,,
35,VISIT,3552,Random,OnArrival,5,59,20117,Node_897,43,0,9,43,9,,,,,,,,,
35,VISIT,3558,Random,OnArrival,5,11,20117,Node_509,30,0,8,30,8,,,,,,,,,
35,VISIT,3559,Random,OnArrival,5,13,20117,Node_251,27,0,13,27,13,,,,,,,,,
35,VISIT,3560,Random,OnArrival,5,12,20117,Node_770,31,0,13,31,13,,,,,,,,,
35,VISIT,3557,Random,OnArrival,5,13,20129,Node_747,30,0,13,30,13,,,,,,,,,
35,VISIT,3558,Random,OnArrival,5,12,20129,Node_508,30,0,7,30,7,,,,,,,,,
35,VISIT,3559,Random,OnArrival,5,14,20129,Node_330,28,0,13,28,13,,,,,,,,,
35,VISIT,3560,Random,OnArrival,5,13,20129,Node_773,31,0,12,31,12,,,,,,,,,
35,VISIT,3553,Random,OnArrival,5,31,20140,Node_858,48,0,21,48,21,,,,,,,,,
35,VISIT,3554,Random,OnArrival,5,34,20140,Node_854,48,0,25,48,25,,,,,,,,,
35,VISIT,3555,Random,OnArrival,5,34,20140,Node_854,48,0,25,48,25,,,,,,,,,
35,VISIT,3556,Random,OnArrival,5,31,20140,Node_858,48,0,21,48,21,,,,,,,,,
35,VISIT,3557,Random,OnArrival,5,14,20140,Node_770,31,0,13,31,13,,,,,,,,,
35,VISIT,3558,Random,OnArrival,5,13,20140,Node_507,30,0,6,30,6,,,,,,,,,
35,VISIT,3560,Random,OnArrival,5,14,20140,Node_774,31,0,11,31,11,,,,,,,,,
35,VISIT,3553,Random,OnArrival,5,32,20153,Node_859,48,0,20,48,20,,,,,,,,,
35,VISIT,3556,Random,OnArrival,5,32,20153,Node_859,48,0,20,48,20,,,,,,,,,
35,VISIT,3557,Random,OnArrival,5,15,20153,Node_773,31,0,12,31,12,,,,,,,,,
35,VISIT,3559,Random,OnArrival,5,15,20153,Node_747,30,0,13,30,13,,,,,,,,,
35,VISIT,3560,Random,OnArrival,5,15,20153,Node_771,31,0,10,31,10,,,,,,,,,
35,VISIT,3557,Random,OnArrival,5,16,20165,Node_774,31,0,11,31,11,,,,,,,,,
35,VISIT,3558,Random,OnArrival,5,14,20165,Node_794,31,0,7,31,7,,,,,,,,,
35,VISIT,3559,Random,OnArrival,5,16,20165,Node_770,31,0,13,31,13,,,,,,,,,
35,VISIT,3560,Random,OnArrival,5,16,20165,Node_766,31,0,9,31,9,,,,,,,,,
35,VISIT,3553,Random,OnArrival,5,33,20179,Node_864,48,0,18,48,18,,,,,,,,,
35,VISIT,3556,Random,OnArrival,5,33,20179,Node_864,48,0,18,48,18,,,,,,,,,
35,VISIT,3557,Random,OnArrival,5,17,20179,Node_771,31,0,10,31,10,,,,,,,,,
35,VISIT,3559,Random,OnArrival,5,17,20179,Node_773,31,0,12,31,12,,,,,,,,,
35,VISIT,3560,Random,OnArrival,5,17,20179,Node_779,31,0,8,31,8,,,,,,,,,
35,VISIT,3553,Random,OnArrival,5,34,20192,Node_868,47,0,18,47,18,,,,,,,,,
35,VISIT,3554,Random,OnArrival,5,35,20192,Node_858,48,0,21,48,21,,,,,,,,,
35,VISIT,3555,Random,OnArrival,5,35,20192,Node_858,48,0,21,48,21,,,,,,,,,
35,VISIT,3556,Random,OnArrival,5,34,20192,Node_868,47,0,18,47,18,,,,,,,,,
35,VISIT,3557,Random,OnArrival,5,18,20192,Node_766,31,0,9,31,9,,,,,,,,,
35,VISIT,3559,Random,OnArrival,5,18,20192,Node_774,31,0,11,31,11,,,,,,,,,
35,VISIT,3560,Random,OnArrival,5,18,20192,Node_794,31,0,7,31,7,,,,,,,,,
35,VISIT,3549,Random,OnArrival,5,63,20205,Node_912,48,0,5,48,5,,,,,,,,,
35,VISIT,3553,Random,OnArrival,5,35,20205,Node_871,47,0,17,47,17,,,,,,,,,
35,VISIT,3554,Random,OnArrival,5,36,20205,Node_859,48,0,20,48,20,,,,,,,,,
35,VISIT,3555,Random,OnArrival,5,36,20205,Node_859,48,0,20,48,20,,,,,,,,,
35,VISIT,3556,Random,OnArrival,5,35,20205,Node_871,47,0,17,47,17,,,,,,,,,
35,VISIT,3557,Random,OnArrival,5,19,20205,Node_779,31,0,8,31,8,,,,,,,,,
35,VISIT,3559,Random,OnArrival,5,19,20205,Node_771,31,0,10,31,10,,,,,,,,,
35,VISIT,3560,Random,OnArrival,5,19,20205,Node_910,31,0,6,31,6,,,,,,,,,
35,VISIT,3553,Random,OnArrival,5,36,20218,Node_875,47,0,16,47,16,,,,,,,,,
35,VISIT,3556,Random,OnArrival,5,36,20218,Node_875,47,0,16,47,16,,,,,,,,,
35,VISIT,3557,Random,OnArrival,5,20,20218,Node_794,31,0,7,31,7,,,,,,,,,
35,VISIT,3559,Random,OnArrival,5,20,20218,Node_766,31,0,9,31,9,,,,,,,,,
35,VISIT,3560,Random,OnArrival,5,20,20218,Node_917,32,0,6,32,6,,,,,,,,,
35,VISIT,3553,Random,OnArrival,5,37,20232,Node_876,46,0,16,46,16,,,,,,,,,
35,VISIT,3554,Random,OnArrival,5,37,20232,Node_864,48,0,18,48,18,,,,,,,,,
35,VISIT,3555,Random,OnArrival,5,37,20232,Node_864,48,0,18,48,18,,,,,,,,,
35,VISIT,3556,Random,OnArrival,5,37,20232,Node_876,46,0,16,46,16,,,,,,,,,
35,VISIT,3557,Random,OnArrival,5,21,20232,Node_914,32,0,7,32,7,,,,,,,,,
35,VISIT,3559,Random,OnArrival,5,21,20232,Node_779,31,0,8,31,8,,,,,,,,,
35,VISIT,3560,Random,OnArrival,5,21,20232,Node_837,33,0,6,33,6,,,,,,,,,
35,VISIT,3554,Random,OnArrival,5,38,20246,Node_868,47,0,18,47,18,,,,,,,,,
35,VISIT,3555,Random,OnArrival,5,38,20246,Node_868,47,0,18,47,18,,,,,,,,,
35,VISIT,3557,Random,OnArrival,5,22,20246,Node_836,33,0,7,33,7,,,,,,,,,
35,VISIT,3559,Random,OnArrival,5,22,20246,Node_794,31,0,7,31,7,,,,,,,,,
35,VISIT,3560,Random,OnArrival,5,22,20246,Node_839,33,0,5,33,5,,,,,,,,,
35,VISIT,3549,Random,OnArrival,5,64,20259,Node_918,45,0,6,45,6,,,,,,,,,
35,VISIT,3553,Random,OnArrival,5,38,20259,Node_887,46,0,14,46,14,,,,,,,,,
35,VISIT,3554,Random,OnArrival,5,39,20259,Node_871,47,0,17,47,17,,,,,,,,,
35,VISIT,3555,Random,OnArrival,5,39,20259,Node_871,47,0,17,47,17,,,,,,,,,
35,VISIT,3556,Random,OnArrival,5,38,20259,Node_887,46,0,14,46,14,,,,,,,,,
35,VISIT,3557,Random,OnArrival,5,23,20259,Node_821,34,0,7,34,7,,,,,,,,,
35,VISIT,3559,Random,OnArrival,5,23,20259,Node_910,31,0,6,31,6,,,,,,,,,
35,VISIT,3560,Random,OnArrival,5,23,20259,Node_919,32,0,5,32,5,,,,,,,,,
35,VISIT,3549,Random,OnArrival,5,65,20272,Node_911,44,0,6,44,6,,,,,,,,,
35,VISIT,3553,Random,OnArrival,5,39,20272,Node_888,46,0,13,46,13,,,,,,,,,
35,VISIT,3554,Random,OnArrival,5,40,20272,Node_875,47,0,16,47,16,,,,,,,,,
35,VISIT,3555,Random,OnArrival,5,40,20272,Node_875,47,0,16,47,16,,,,,,,,,
35,VISIT,3556,Random,OnArrival,5,39,20272,Node_888,46,0,13,46,13,,,,,,,,,
35,VISIT,3557,Random,OnArrival,5,24,20272,Node_836,33,0,7,33,7,,,,,,,,,
35,VISIT,3559,Random,OnArrival,5,24,20272,Node_917,32,0,6,32,6,,,,,,,,,
35,VISIT,3560,Random,OnArrival,5,24,20272,Node_839,33,0,5,33,5,,,,,,,,,
35,VISIT,3549,Random,OnArrival,5,66,20285,Node_918,45,0,6,45,6,,,,,,,,,
35,VISIT,3553,Random,OnArrival,5,40,20285,Node_894,47,0,13,47,13,,,,,,,,,
35,VISIT,3554,Random,OnArrival,5,41,20285,Node_876,46,0,16,46,16,,,,,,,,,
35,VISIT,3555,Random,OnArrival,5,41,20285,Node_876,46,0,16,46,16,,,,,,,,,
35,VISIT,3556,Random,OnArrival,5,40,20285,Node_894,47,0,13,47,13,,,,,,,,,
35,VISIT,3557,Random,OnArrival,5,25,20285,Node_837,33,0,6,33,6,,,,,,,,,
35,VISIT,3559,Random,OnArrival,5,25,20285,Node_919,32,0,5,32,5,,,,,,,,,
35,VISIT,3560,Random,OnArrival,5,25,20285,Node_840,33,0,4,33,4,,,,,,,,,
35,VISIT,3549,Random,OnArrival,5,67,20299,Node_925,46,0,6,46,6,,,,,,,,,
35,VISIT,3552,Random,OnArrival,5,60,20299,Node_926,45,0,9,45,9,,,,,,,,,
35,VISIT,3553,Random,OnArrival,5,41,20299,Node_903,48,0,13,48,13,,,,,,,,,
35,VISIT,3556,Random,OnArrival,5,41,20299,Node_903,48,0,13,48,13,,,,,,,,,
35,VISIT,3557,Random,OnArrival,5,26,20299,Node_839,33,0,5,33,5,,,,,,,,,
35,VISIT,3559,Random,OnArrival,5,26,20299,Node_839,33,0,5,33,5,,,,,,,,,
35,VISIT,3560,Random,OnArrival,5,26,20299,Node_921,32,0,4,32,4,,,,,,,,,
35,VISIT,3549,Random,OnArrival,5,68,20313,Node_922,46,0,5,46,5,,,,,,,,,
35,VISIT,3552,Random,OnArrival,5,61,20313,Node_906,44,0,9,44,9,,,,,,,,,
35,VISIT,3554,Random,OnArrival,5,42,20313,Node_887,46,0,14,46,14,,,,,,,,,
35,VISIT,3555,Random,OnArrival,5,42,20313,Node_887,46,0,14,46,14,,,,,,,,,
35,VISIT,3557,Random,OnArrival,5,27,20313,Node_840,33,0,4,33,4,,,,,,,,,
35,VISIT,3559,Random,OnArrival,5,27,20313,Node_840,33,0,4,33,4,,,,,,,,,
35,VISIT,3560,Random,OnArrival,5,27,20313,Node_840,33,0,4,33,4,,,,,,,,,
35,VISIT,3549,Random,OnArrival,5,69,20327,Node_916,45,0,5,45,5,,,,,,,,,
35,VISIT,3552,Random,OnArrival,5,62,20327,Node_908,44,0,8,44,8,,,,,,,,,
35,VISIT,3554,Random,OnArrival,5,43,20327,Node_888,46,0,13,46,13,,,,,,,,,
35,VISIT,3555,Random,OnArrival,5,43,20327,Node_888,46,0,13,46,13,,,,,,,,,
35,VISIT,3549,Random,OnArrival,5,70,20341,Node_918,45,0,6,45,6,,,,,,,,,
35,VISIT,3552,Random,OnArrival,5,63,20341,Node_923,45,0,8,45,8,,,,,,,,,
35,VISIT,3553,Random,OnArrival,5,42,20341,Node_904,48,0,10,48,10,,,,,,,,,
35,VISIT,3554,Random,OnArrival,5,44,20341,Node_894,47,0,13,47,13,,,,,,,,,
35,VISIT,3555,Random,OnArrival,5,44,20341,Node_894,47,0,13,47,13,,,,,,,,,
35,VISIT,3556,Random,OnArrival,5,42,20341,Node_904,48,0,10,48,10,,,,,,,,,
35,VISIT,3549,Random,OnArrival,5,71,20354,Node_920,45,0,7,45,7,,,,,,,,,
35,VISIT,3552,Random,OnArrival,5,64,20354,Node_920,45,0,7,45,7,,,,,,,,,
35,VISIT,3554,Random,OnArrival,5,45,20354,Node_903,48,0,13,48,13,,,,,,,,,
35,VISIT,3555,Random,OnArrival,5,45,20354,Node_903,48,0,13,48,13,,,,,,,,,
35,VISIT,3549,Random,OnArrival,5,72,20368,Node_909,44,0,7,44,7,,,,,,,,,
35,VISIT,3552,Random,OnArrival,5,65,20368,Node_909,44,0,7,44,7,,,,,,,,,
35,VISIT,3553,Random,OnArrival,5,43,20396,Node_907,48,0,8,48,8,,,,,,,,,
35,VISIT,3554,Random,OnArrival,5,46,20396,Node_904,48,0,10,48,10,,,,,,,,,
35,VISIT,3555,Random,OnArrival,5,46,20396,Node_904,48,0,10,48,10,,,,,,,,,
35,VISIT,3556,Random,OnArrival,5,43,20396,Node_907,48,0,8,48,8,,,,,,,,,
35,VISIT,3553,Random,OnArrival,5,44,20409,Node_905,48,0,9,48,9,,,,,,,,,
35,VISIT,3554,Random,OnArrival,5,47,20409,Node_905,48,0,9,48,9,,,,,,,,,
35,VISIT,3555,Random,OnArrival,5,47,20409,Node_905,48,0,9,48,9,,,,,,,,,
35,VISIT,3556,Random,OnArrival,5,44,20409,Node_940,47,0,8,47,8,,,,,,,,,
35,VISIT,3553,Random,OnArrival,5,45,20422,Node_938,47,0,9,47,9,,,,,,,,,
35,VISIT,3554,Random,OnArrival,5,48,20422,Node_938,47,0,9,47,9,,,,,,,,,
35,VISIT,3555,Random,OnArrival,5,48,20422,Node_938,47,0,9,47,9,,,,,,,,,
35,VISIT,3556,Random,OnArrival,5,45,20422,Node_938,47,0,9,47,9,,,,,,,,,
35,VISIT,3553,Random,OnArrival,5,46,20435,Node_930,46,0,9,46,9,,,,,,,,,
35,VISIT,3554,Random,OnArrival,5,49,20435,Node_930,46,0,9,46,9,,,,,,,,,
35,VISIT,3555,Random,OnArrival,5,49,20435,Node_930,46,0,9,46,9,,,,,,,,,
35,VISIT,3556,Random,OnArrival,5,46,20435,Node_930,46,0,9,46,9,,,,,,,,,
35,VISIT,3561,Random,OnArrival,5,0,20438,Node_6,19,0,12,19,12,,,,,,,,,
35,VISIT,3562,Random,OnArrival,5,0,20438,Node_7,19,0,8,19,8,,,,,,,,,
35,VISIT,3563,Random,OnArrival,5,0,20438,Node_8,17,0,10,17,10,,,,,,,,,
35,VISIT,3564,Random,OnArrival,5,0,20438,Node_9,21,0,10,21,10,,,,,,,,,
35,VISIT,3553,Random,OnArrival,5,47,20442,Node_928,46,0,10,46,10,,,,,,,,,
35,VISIT,3554,Random,OnArrival,5,50,20442,Node_926,45,0,9,45,9,,,,,,,,,
35,VISIT,3555,Random,OnArrival,5,50,20442,Node_926,45,0,9,45,9,,,,,,,,,
35,VISIT,3556,Random,OnArrival,5,47,20442,Node_928,46,0,10,46,10,,,,,,,,,
35,VISIT,3561,Random,OnArrival,5,1,20442,Node_2,19,0,11,19,11,,,,,,,,,
35,VISIT,3562,Random,OnArrival,5,1,20442,Node_3,19,0,9,19,9,,,,,,,,,
35,VISIT,3563,Random,OnArrival,5,1,20442,Node_4,18,0,10,18,10,,,,,,,,,
35,VISIT,3564,Random,OnArrival,5,1,20442,Node_13,21,0,11,21,11,,,,,,,,,
35,VISIT,3553,Random,OnArrival,5,48,20446,Node_936,47,0,10,47,10,,,,,,,,,
35,VISIT,3554,Random,OnArrival,5,51,20446,Node_906,44,0,9,44,9,,,,,,,,,
35,VISIT,3555,Random,OnArrival,5,51,20446,Node_906,44,0,9,44,9,,,,,,,,,
35,VISIT,3556,Random,OnArrival,5,48,20446,Node_936,47,0,10,47,10,,,,,,,,,
35,VISIT,3561,Random,OnArrival,5,2,20446,Node_55,20,0,11,20,11,,,,,,,,,
35,VISIT,3562,Random,OnArrival,5,2,20446,Node_50,20,0,9,20,9,,,,,,,,,
35,VISIT,3563,Random,OnArrival,5,2,20446,Node_14,18,0,11,18,11,,,,,,,,,
35,VISIT,3564,Random,OnArrival,5,2,20446,Node_76,22,0,11,22,11,,,,,,,,,
35,VISIT,3553,Random,OnArrival,5,49,20450,Node_938,47,0,9,47,9,,,,,,,,,
35,VISIT,3554,Random,OnArrival,5,52,20450,Node_897,43,0,9,43,9,,,,,,,,,
35,VISIT,3555,Random,OnArrival,5,52,20450,Node_897,43,0,9,43,9,,,,,,,,,
35,VISIT,3556,Random,OnArrival,5,49,20450,Node_938,47,0,9,47,9,,,,,,,,,
35,VISIT,3561,Random,OnArrival,5,3,20450,Node_13,21,0,11,21,11,,,,,,,,,
35,VISIT,3562,Random,OnArrival,5,3,20450,Node_48,21,0,9,21,9,,,,,,,,,
35,VISIT,3563,Random,OnArrival,5,3,20450,Node_2,19,0,11,19,11,,,,,,,,,
35,VISIT,3564,Random,OnArrival,5,3,20450,Node_80,23,0,11,23,11,,,,,,,,,
35,VISIT,3553,Random,OnArrival,5,50,20454,Node_930,46,0,9,46,9,,,,,,,,,
35,VISIT,3554,Random,OnArrival,5,53,20454,Node_882,42,0,9,42,9,,,,,,,,,
35,VISIT,3555,Random,OnArrival,5,53,20454,Node_882,42,0,9,42,9,,,,,,,,,
35,VISIT,3556,Random,OnArrival,5,50,20454,Node_930,46,0,9,46,9,,,,,,,,,
35,VISIT,3561,Random,OnArrival,5,4,20454,Node_76,22,0,11,22,11,,,,,,,,,
35,VISIT,3562,Random,OnArrival,5,4,20454,Node_78,22,0,9,22,9,,,,,,,,,
35,VISIT,3563,Random,OnArrival,5,4,20454,Node_55,20,0,11,20,11,,,,,,,,,
35,VISIT,3564,Random,OnArrival,5,4,20454,Node_81,23,0,12,23,12,,,,,,,,,
35,VISIT,3553,Random,OnArrival,5,51,20458,Node_926,45,0,9,45,9,,,,,,,,,
35,VISIT,3554,Random,OnArrival,5,54,20458,Node_898,41,0,9,41,9,,,,,,,,,
35,VISIT,3555,Random,OnArrival,5,54,20458,Node_898,41,0,9,41,9,,,,,,,,,
35,VISIT,3556,Random,OnArrival,5,51,20458,Node_926,45,0,9,45,9,,,,,,,,,
35,VISIT,3561,Random,OnArrival,5,5,20458,Node_80,23,0,11,23,11,,,,,,,,,
35,VISIT,3562,Random,OnArrival,5,5,20458,Node_95,23,0,9,23,9,,,,,,,,,
35,VISIT,3563,Random,OnArrival,5,5,20458,Node_13,21,0,11,21,11,,,,,,,,,
35,VISIT,3564,Random,OnArrival,5,5,20458,Node_82,24,0,12,24,12,,,,,,,,,
35,VISIT,3553,Random,OnArrival,5,52,20462,Node_923,45,0,8,45,8,,,,,,,,,
35,VISIT,3554,Random,OnArrival,5,55,20462,Node_900,40,0,9,40,9,,,,,,,,,
35,VISIT,3555,Random,OnArrival,5,55,20462,Node_900,40,0,9,40,9,,,,,,,,,
35,VISIT,3556,Random,OnArrival,5,52,20462,Node_923,45,0,8,45,8,,,,,,,,,
35,VISIT,3561,Random,OnArrival,5,6,20462,Node_81,23,0,12,23,12,,,,,,,,,
35,VISIT,3563,Random,OnArrival,5,6,20462,Node_76,22,0,11,22,11,,,,,,,,,
35,VISIT,3564,Random,OnArrival,5,6,20462,Node_83,24,0,13,24,13,,,,,,,,,
35,VISIT,3553,Random,OnArrival,5,53,20466,Node_920,45,0,7,45,7,,,,,,,,,
35,VISIT,3556,Random,OnArrival,5,53,20466,Node_920,45,0,7,45,7,,,,,,,,,
35,VISIT,3561,Random,OnArrival,5,7,20466,Node_82,24,0,12,24,12,,,,,,,,,
35,VISIT,3562,Random,OnArrival,5,6,20466,Node_166,25,0,9,25,9,,,,,,,,,
35,VISIT,3563,Random,OnArrival,5,7,20466,Node_80,23,0,11,23,11,,,,,,,,,
35,VISIT,3564,Random,OnArrival,5,7,20466,Node_101,25,0,13,25,13,,,,,,,,,
35,VISIT,3553,Random,OnArrival,5,54,20470,Node_909,44,0,7,44,7,,,,,,,,,
35,VISIT,3556,Random,OnArrival,5,54,20470,Node_909,44,0,7,44,7,,,,,,,,,
35,VISIT,3561,Random,OnArrival,5,8,20470,Node_83,24,0,13,24,13,,,,,,,,,
35,VISIT,3562,Random,OnArrival,5,7,20470,Node_206,26,0,9,26,9,,,,,,,,,
35,VISIT,3563,Random,OnArrival,5,8,20470,Node_81,23,0,12,23,12,,,,,,,,,
35,VISIT,3564,Random,OnArrival,5,8,20470,Node_118,26,0,13,26,13,,,,,,,,,
35,VISIT,3559,Random,OnArrival,5,28,20474,Node_842,33,0,2,33,2,,,,,,,,,
35,VISIT,3560,Random,OnArrival,5,28,20474,Node_842,33,0,2,33,2,,,,,,,,,
35,VISIT,3561,Random,OnArrival,5,9,20474,Node_101,25,0,13,25,13,,,,,,,,,
35,VISIT,3562,Random,OnArrival,5,8,20474,Node_246,27,0,9,27,9,,,,,,,,,
35,VISIT,3563,Random,OnArrival,5,9,20474,Node_82,24,0,12,24,12,,,,,,,,,
35,VISIT,3564,Random,OnArrival,5,9,20474,Node_251,27,0,13,27,13,,,,,,,,,
35,VISIT,3553,Random,OnArrival,5,55,20478,Node_942,42,0,7,42,7,,,,,,,,,
35,VISIT,3556,Random,OnArrival,5,55,20478,Node_942,42,0,7,42,7,,,,,,,,,
35,VISIT,3559,Random,OnArrival,5,29,20478,Node_937,34,0,2,34,2,,,,,,,,,
35,VISIT,3560,Random,OnArrival,5,29,20478,Node_937,34,0,2,34,2,,,,,,,,,
35,VISIT,3561,Random,OnArrival,5,10,20478,Node_118,26,0,13,26,13,,,,,,,,,
35,VISIT,3562,Random,OnArrival,5,9,20478,Node_247,27,0,10,27,10,,,,,,,,,
35,VISIT,3563,Random,OnArrival,5,10,20478,Node_83,24,0,13,24,13,,,,,,,,,
35,VISIT,3564,Random,OnArrival,5,10,20478,Node_330,28,0,13,28,13,,,,,,,,,
35,VISIT,3559,Random,OnArrival,5,30,20482,Node_939,34,0,1,34,1,,,,,,,,,
35,VISIT,3560,Random,OnArrival,5,30,20482,Node_939,34,0,1,34,1,,,,,,,,,
35,VISIT,3561,Random,OnArrival,5,11,20482,Node_251,27,0,13,27,13,,,,,,,,,
35,VISIT,3562,Random,OnArrival,5,10,20482,Node_249,27,0,11,27,11,,,,,,,,,
35,VISIT,3563,Random,OnArrival,5,11,20482,Node_101,25,0,13,25,13,,,,,,,,,
35,VISIT,3554,Random,OnArrival,5,56,20488,Node_814,37,0,8,37,8,,,,,,,,,
35,VISIT,3555,Random,OnArrival,5,56,20488,Node_814,37,0,8,37,8,,,,,,,,,
35,VISIT,3559,Random,OnArrival,5,31,20488,Node_957,33,0,1,33,1,,,,,,,,,
35,VISIT,3560,Random,OnArrival,5,31,20488,Node_957,33,0,1,33,1,,,,,,,,,
35,VISIT,3561,Random,OnArrival,5,12,20488,Node_330,28,0,13,28,13,,,,,,,,,
35,VISIT,3562,Random,OnArrival,5,11,20488,Node_250,27,0,12,27,12,,,,,,,,,
35,VISIT,3563,Random,OnArrival,5,12,20488,Node_118,26,0,13,26,13,,,,,,,,,
35,VISIT,3564,Random,OnArrival,5,11,20488,Node_747,30,0,13,30,13,,,,,,,,,
35,VISIT,3562,Random,OnArrival,5,12,20493,Node_251,27,0,13,27,13,,,,,,,,,
35,VISIT,3563,Random,OnArrival,5,13,20493,Node_251,27,0,13,27,13,,,,,,,,,
35,VISIT,3564,Random,OnArrival,5,12,20493,Node_770,31,0,13,31,13,,,,,,,,,
35,VISIT,3561,Random,OnArrival,5,13,20500,Node_747,30,0,13,30,13,,,,,,,,,
35,VISIT,3562,Random,OnArrival,5,13,20500,Node_330,28,0,13,28,13,,,,,,,,,
35,VISIT,3563,Random,OnArrival,5,14,20500,Node_330,28,0,13,28,13,,,,,,,,,
35,VISIT,3564,Random,OnArrival,5,13,20500,Node_780,32,0,13,32,13,,,,,,,,,
35,VISIT,3561,Random,OnArrival,5,14,20507,Node_770,31,0,13,31,13,,,,,,,,,
35,VISIT,3561,Random,OnArrival,5,15,20518,Node_780,32,0,13,32,13,,,,,,,,,
35,VISIT,3562,Random,OnArrival,5,14,20518,Node_747,30,0,13,30,13,,,,,,,,,
35,VISIT,3563,Random,OnArrival,5,15,20518,Node_747,30,0,13,30,13,,,,,,,,,
35,VISIT,3564,Random,OnArrival,5,14,20518,Node_784,34,0,13,34,13,,,,,,,,,
35,VISIT,3560,Random,OnArrival,5,32,20527,Node_965,32,0,1,32,1,,,,,,,,,
35,VISIT,3561,Random,OnArrival,5,16,20527,Node_776,32,0,12,32,12,,,,,,,,,
35,VISIT,3562,Random,OnArrival,5,15,20527,Node_770,31,0,13,31,13,,,,,,,,,
35,VISIT,3563,Random,OnArrival,5,16,20527,Node_770,31,0,13,31,13,,,,,,,,,
35,VISIT,3564,Random,OnArrival,5,15,20527,Node_788,35,0,13,35,13,,,,,,,,,
35,VISIT,3553,Random,OnArrival,5,56,20536,Node_1,39,0,2,39,2,,,,,,,,,
35,VISIT,3556,Random,OnArrival,5,56,20536,Node_1,39,0,2,39,2,,,,,,,,,
35,VISIT,3560,Random,OnArrival,5,33,20536,Node_957,33,0,1,33,1,,,,,,,,,
35,VISIT,3561,Random,OnArrival,5,17,20536,Node_782,32,0,11,32,11,,,,,,,,,
35,VISIT,3562,Random,OnArrival,5,16,20536,Node_780,32,0,13,32,13,,,,,,,,,
35,VISIT,3563,Random,OnArrival,5,17,20536,Node_780,32,0,13,32,13,,,,,,,,,
35,SUMMARY,,Random,OnArrival,,,,,,,,,,39,2,975,-1,774074.000,8054,0,0.000,0.000
