RunID,RowType,PlayerID,UnknownSelectMode,TargetUpdateMode,UnknownReferenceDepth,StepIndex,Frame,NodeName,NodePosX,NodePosY,NodePosZ,CellX,CellZ,GoalCellX,GoalCellZ,NodesCreated,ShortestPathLen,TimeToGoal,TotalNodeVisits,TotalProcessMs,AvgProcessMs,MaxProcessMs
60,VISIT,5873,Random,OnArrival,5,0,164,Node_4,18,0,10,18,10,,,,,,,,,
60,VISIT,5874,Random,OnArrival,5,0,164,Node_4,18,0,10,18,10,,,,,,,,,
60,VISIT,5873,Random,OnArrival,5,1,202,Node_15,18,0,9,18,9,,,,,,,,,
60,VISIT,5874,Random,OnArrival,5,1,239,Node_2,19,0,11,19,11,,,,,,,,,
60,VISIT,5873,Random,OnArrival,5,2,277,Node_8,17,0,10,17,10,,,,,,,,,
60,VISIT,5874,Random,OnArrival,5,2,277,Node_14,18,0,11,18,11,,,,,,,,,
60,VISIT,5873,Random,OnArrival,5,3,310,Node_24,16,0,10,16,10,,,,,,,,,
60,VISIT,5874,Random,OnArrival,5,3,310,Node_12,17,0,11,17,11,,,,,,,,,
60,VISIT,5873,Random,OnArrival,5,4,341,Node_8,17,0,10,17,10,,,,,,,,,
60,VISIT,5874,Random,OnArrival,5,4,341,Node_21,16,0,11,16,11,,,,,,,,,
60,VISIT,5873,Random,OnArrival,5,5,377,Node_4,18,0,10,18,10,,,,,,,,,
60,VISIT,5874,Random,OnArrival,5,5,377,Node_28,15,0,11,15,11,,,,,,,,,
60,VISIT,5873,Random,OnArrival,5,6,413,Node_15,18,0,9,18,9,,,,,,,,,
60,VISIT,5873,Random,OnArrival,5,7,450,Node_3,19,0,9,19,9,,,,,,,,,
60,VISIT,5873,Random,OnArrival,5,8,487,Node_20,19,0,10,19,10,,,,,,,,,
60,VISIT,5873,Random,OnArrival,5,9,524,Node_5,20,0,10,20,10,,,,,,,,,
60,VISIT,5873,Random,OnArrival,5,10,741,Node_25,21,0,15,21,15,,,,,,,,,
60,VISIT,5877,Random,OnArrival,5,0,1875,Node_6,19,0,12,19,12,,,,,,,,,
60,VISIT,5878,Random,OnArrival,5,0,1875,Node_7,19,0,8,19,8,,,,,,,,,
60,VISIT,5879,Random,OnArrival,5,0,1875,Node_8,17,0,10,17,10,,,,,,,,,
60,VISIT,5880,Random,OnArrival,5,0,1875,Node_9,21,0,10,21,10,,,,,,,,,
60,VISIT,5877,Random,OnArrival,5,1,1911,Node_40,20,0,12,20,12,,,,,,,,,
60,VISIT,5879,Random,OnArrival,5,1,1911,Node_12,17,0,11,17,11,,,,,,,,,
60,VISIT,5877,Random,OnArrival,5,2,1947,Node_17,21,0,12,21,12,,,,,,,,,
60,VISIT,5879,Random,OnArrival,5,2,1947,Node_16,17,0,12,17,12,,,,,,,,,
60,VISIT,5877,Random,OnArrival,5,3,1982,Node_13,21,0,11,21,11,,,,,,,,,
60,VISIT,5878,Random,OnArrival,5,1,1982,Node_5,20,0,10,20,10,,,,,,,,,
60,VISIT,5879,Random,OnArrival,5,3,1982,Node_10,18,0,12,18,12,,,,,,,,,
60,VISIT,5877,Random,OnArrival,5,4,2018,Node_38,20,0,11,20,11,,,,,,,,,
60,VISIT,5878,Random,OnArrival,5,2,2018,Node_38,20,0,11,20,11,,,,,,,,,
60,VISIT,5879,Random,OnArrival,5,4,2018,Node_6,19,0,12,19,12,,,,,,,,,
60,VISIT,5877,Random,OnArrival,5,5,2053,Node_2,19,0,11,19,11,,,,,,,,,
60,VISIT,5878,Random,OnArrival,5,3,2053,Node_2,19,0,11,19,11,,,,,,,,,
60,VISIT,5879,Random,OnArrival,5,5,2053,Node_2,19,0,11,19,11,,,,,,,,,
60,VISIT,5877,Random,OnArrival,5,6,2088,Node_20,19,0,10,19,10,,,,,,,,,
60,VISIT,5878,Random,OnArrival,5,4,2088,Node_6,19,0,12,19,12,,,,,,,,,
60,VISIT,5879,Random,OnArrival,5,6,2088,Node_20,19,0,10,19,10,,,,,,,,,
60,VISIT,5877,Random,OnArrival,5,7,2123,Node_3,19,0,9,19,9,,,,,,,,,
60,VISIT,5878,Random,OnArrival,5,5,2123,Node_40,20,0,12,20,12,,,,,,,,,
60,VISIT,5879,Random,OnArrival,5,7,2123,Node_5,20,0,10,20,10,,,,,,,,,
60,VISIT,5877,Random,OnArrival,5,8,2158,Node_48,20,0,9,20,9,,,,,,,,,
60,VISIT,5878,Random,OnArrival,5,6,2158,Node_17,21,0,12,21,12,,,,,,,,,
60,VISIT,5879,Random,OnArrival,5,8,2158,Node_9,21,0,10,21,10,,,,,,,,,
60,VISIT,5877,Random,OnArrival,5,9,2188,Node_47,21,0,9,21,9,,,,,,,,,
60,VISIT,5878,Random,OnArrival,5,7,2188,Node_19,21,0,13,21,13,,,,,,,,,
60,VISIT,5878,Random,OnArrival,5,8,2219,Node_42,20,0,13,20,13,,,,,,,,,
60,VISIT,5877,Random,OnArrival,5,10,2253,Node_56,22,0,10,22,10,,,,,,,,,
60,VISIT,5878,Random,OnArrival,5,9,2253,Node_40,20,0,12,20,12,,,,,,,,,
60,VISIT,5879,Random,OnArrival,5,9,2253,Node_13,21,0,11,21,11,,,,,,,,,
60,VISIT,5878,Random,OnArrival,5,10,2289,Node_38,20,0,11,20,11,,,,,,,,,
60,VISIT,5879,Random,OnArrival,5,10,2289,Node_9,21,0,10,21,10,,,,,,,,,
60,VISIT,5878,Random,OnArrival,5,11,2324,Node_5,20,0,10,20,10,,,,,,,,,
60,VISIT,5879,Random,OnArrival,5,11,2324,Node_47,21,0,9,21,9,,,,,,,,,
60,VISIT,5878,Random,OnArrival,5,12,2359,Node_9,21,0,10,21,10,,,,,,,,,
60,VISIT,5879,Random,OnArrival,5,12,2359,Node_49,21,0,8,21,8,,,,,,,,,
60,VISIT,5878,Random,OnArrival,5,13,2394,Node_47,21,0,9,21,9,,,,,,,,,
60,VISIT,5879,Random,OnArrival,5,13,2394,Node_46,20,0,8,20,8,,,,,,,,,
60,VISIT,5878,Random,OnArrival,5,14,2428,Node_58,22,0,9,22,9,,,,,,,,,
60,VISIT,5879,Random,OnArrival,5,14,2428,Node_49,21,0,8,21,8,,,,,,,,,
60,VISIT,5878,Random,OnArrival,5,15,2601,Node_52,21,0,5,21,5,,,,,,,,,
60,VISIT,5879,Random,OnArrival,5,15,2601,Node_52,21,0,5,21,5,,,,,,,,,
60,VISIT,5878,Random,OnArrival,5,16,2635,Node_60,20,0,5,20,5,,,,,,,,,
60,VISIT,5879,Random,OnArrival,5,16,2635,Node_60,20,0,5,20,5,,,,,,,,,
60,VISIT,5881,Random,OnArrival,5,0,3507,Node_6,19,0,12,19,12,,,,,,,,,
60,VISIT,5882,Random,OnArrival,5,0,3507,Node_7,19,0,8,19,8,,,,,,,,,
60,VISIT,5883,Random,OnArrival,5,0,3507,Node_8,17,0,10,17,10,,,,,,,,,
60,VISIT,5884,Random,OnArrival,5,0,3507,Node_9,21,0,10,21,10,,,,,,,,,
60,VISIT,5881,Random,OnArrival,5,1,3540,Node_2,19,0,11,19,11,,,,,,,,,
60,VISIT,5882,Random,OnArrival,5,1,3540,Node_46,20,0,8,20,8,,,,,,,,,
60,VISIT,5883,Random,OnArrival,5,1,3540,Node_12,17,0,11,17,11,,,,,,,,,
60,VISIT,5884,Random,OnArrival,5,1,3540,Node_13,21,0,11,21,11,,,,,,,,,
60,VISIT,5881,Random,OnArrival,5,2,3575,Node_20,19,0,10,19,10,,,,,,,,,
60,VISIT,5882,Random,OnArrival,5,2,3575,Node_49,21,0,8,21,8,,,,,,,,,
60,VISIT,5883,Random,OnArrival,5,2,3575,Node_21,16,0,11,16,11,,,,,,,,,
60,VISIT,5884,Random,OnArrival,5,2,3575,Node_17,21,0,12,21,12,,,,,,,,,
60,VISIT,5881,Random,OnArrival,5,3,3609,Node_4,18,0,10,18,10,,,,,,,,,
60,VISIT,5882,Random,OnArrival,5,3,3609,Node_50,21,0,7,21,7,,,,,,,,,
60,VISIT,5883,Random,OnArrival,5,3,3609,Node_28,15,0,11,15,11,,,,,,,,,
60,VISIT,5884,Random,OnArrival,5,3,3609,Node_19,21,0,13,21,13,,,,,,,,,
60,VISIT,5881,Random,OnArrival,5,4,3642,Node_15,18,0,9,18,9,,,,,,,,,
60,VISIT,5882,Random,OnArrival,5,4,3642,Node_69,22,0,7,22,7,,,,,,,,,
60,VISIT,5883,Random,OnArrival,5,4,3642,Node_33,14,0,11,14,11,,,,,,,,,
60,VISIT,5884,Random,OnArrival,5,4,3642,Node_22,21,0,14,21,14,,,,,,,,,
60,VISIT,5881,Random,OnArrival,5,5,3676,Node_11,18,0,8,18,8,,,,,,,,,
60,VISIT,5882,Random,OnArrival,5,5,3676,Node_67,22,0,8,22,8,,,,,,,,,
60,VISIT,5884,Random,OnArrival,5,5,3676,Node_43,20,0,14,20,14,,,,,,,,,
60,VISIT,5882,Random,OnArrival,5,6,3709,Node_58,22,0,9,22,9,,,,,,,,,
60,VISIT,5881,Random,OnArrival,5,6,3742,Node_23,17,0,9,17,9,,,,,,,,,
60,VISIT,5881,Random,OnArrival,5,7,3774,Node_8,17,0,10,17,10,,,,,,,,,
60,VISIT,5882,Random,OnArrival,5,7,3774,Node_61,23,0,10,23,10,,,,,,,,,
60,VISIT,5881,Random,OnArrival,5,8,3801,Node_12,17,0,11,17,11,,,,,,,,,
60,VISIT,5882,Random,OnArrival,5,8,3801,Node_56,22,0,10,22,10,,,,,,,,,
60,VISIT,5881,Random,OnArrival,5,9,3829,Node_21,16,0,11,16,11,,,,,,,,,
60,VISIT,5882,Random,OnArrival,5,9,3829,Node_59,22,0,11,22,11,,,,,,,,,
60,VISIT,5883,Random,OnArrival,5,5,3829,Node_39,13,0,14,13,14,,,,,,,,,
60,VISIT,5881,Random,OnArrival,5,10,3858,Node_28,15,0,11,15,11,,,,,,,,,
60,VISIT,5882,Random,OnArrival,5,10,3858,Node_62,23,0,11,23,11,,,,,,,,,
60,VISIT,5881,Random,OnArrival,5,11,3888,Node_33,14,0,11,14,11,,,,,,,,,
60,VISIT,5881,Random,OnArrival,5,12,3920,Node_90,13,0,11,13,11,,,,,,,,,
60,VISIT,5882,Random,OnArrival,5,11,3920,Node_64,24,0,12,24,12,,,,,,,,,
60,VISIT,5881,Random,OnArrival,5,13,3952,Node_92,13,0,12,13,12,,,,,,,,,
60,VISIT,5881,Random,OnArrival,5,14,3984,Node_35,14,0,12,14,12,,,,,,,,,
60,VISIT,5881,Random,OnArrival,5,15,4015,Node_29,15,0,12,15,12,,,,,,,,,
60,VISIT,5881,Random,OnArrival,5,16,4047,Node_18,16,0,12,16,12,,,,,,,,,
60,VISIT,5881,Random,OnArrival,5,17,4079,Node_21,16,0,11,16,11,,,,,,,,,
60,VISIT,5881,Random,OnArrival,5,18,4107,Node_24,16,0,10,16,10,,,,,,,,,
60,VISIT,5881,Random,OnArrival,5,19,4139,Node_26,15,0,10,15,10,,,,,,,,,
60,VISIT,5881,Random,OnArrival,5,20,4172,Node_86,14,0,10,14,10,,,,,,,,,
60,VISIT,5881,Random,OnArrival,5,21,4204,Node_26,15,0,10,15,10,,,,,,,,,
60,VISIT,5881,Random,OnArrival,5,22,4237,Node_24,16,0,10,16,10,,,,,,,,,
60,VISIT,5881,Random,OnArrival,5,23,4270,Node_8,17,0,10,17,10,,,,,,,,,
60,VISIT,5881,Random,OnArrival,5,24,4304,Node_23,17,0,9,17,9,,,,,,,,,
60,VISIT,5881,Random,OnArrival,5,25,4338,Node_87,17,0,8,17,8,,,,,,,,,
60,VISIT,5885,Random,OnArrival,5,0,5034,Node_6,19,0,12,19,12,,,,,,,,,
60,VISIT,5886,Random,OnArrival,5,0,5034,Node_7,19,0,8,19,8,,,,,,,,,
60,VISIT,5887,Random,OnArrival,5,0,5034,Node_8,17,0,10,17,10,,,,,,,,,
60,VISIT,5888,Random,OnArrival,5,0,5034,Node_9,21,0,10,21,10,,,,,,,,,
60,VISIT,5885,Random,OnArrival,5,1,5066,Node_40,20,0,12,20,12,,,,,,,,,
60,VISIT,5886,Random,OnArrival,5,1,5066,Node_11,18,0,8,18,8,,,,,,,,,
60,VISIT,5887,Random,OnArrival,5,1,5066,Node_23,17,0,9,17,9,,,,,,,,,
60,VISIT,5888,Random,OnArrival,5,1,5066,Node_47,21,0,9,21,9,,,,,,,,,
60,VISIT,5885,Random,OnArrival,5,2,5098,Node_42,20,0,13,20,13,,,,,,,,,
60,VISIT,5886,Random,OnArrival,5,2,5098,Node_87,17,0,8,17,8,,,,,,,,,
60,VISIT,5887,Random,OnArrival,5,2,5098,Node_87,17,0,8,17,8,,,,,,,,,
60,VISIT,5888,Random,OnArrival,5,2,5098,Node_49,21,0,8,21,8,,,,,,,,,
60,VISIT,5885,Random,OnArrival,5,3,5131,Node_43,20,0,14,20,14,,,,,,,,,
60,VISIT,5886,Random,OnArrival,5,3,5131,Node_119,16,0,8,16,8,,,,,,,,,
60,VISIT,5887,Random,OnArrival,5,3,5131,Node_119,16,0,8,16,8,,,,,,,,,
60,VISIT,5888,Random,OnArrival,5,3,5131,Node_50,21,0,7,21,7,,,,,,,,,
60,VISIT,5885,Random,OnArrival,5,4,5163,Node_44,20,0,15,20,15,,,,,,,,,
60,VISIT,5886,Random,OnArrival,5,4,5163,Node_120,15,0,8,15,8,,,,,,,,,
60,VISIT,5887,Random,OnArrival,5,4,5163,Node_120,15,0,8,15,8,,,,,,,,,
60,VISIT,5888,Random,OnArrival,5,4,5163,Node_51,21,0,6,21,6,,,,,,,,,
60,VISIT,5885,Random,OnArrival,5,5,5196,Node_25,21,0,15,21,15,,,,,,,,,
60,VISIT,5886,Random,OnArrival,5,5,5196,Node_121,15,0,7,15,7,,,,,,,,,
60,VISIT,5887,Random,OnArrival,5,5,5196,Node_121,15,0,7,15,7,,,,,,,,,
60,VISIT,5888,Random,OnArrival,5,5,5196,Node_74,20,0,6,20,6,,,,,,,,,
60,VISIT,5885,Random,OnArrival,5,6,5229,Node_27,21,0,16,21,16,,,,,,,,,
60,VISIT,5888,Random,OnArrival,5,6,5229,Node_75,19,0,6,19,6,,,,,,,,,
60,VISIT,5888,Random,OnArrival,5,7,5261,Node_76,19,0,5,19,5,,,,,,,,,
60,VISIT,5885,Random,OnArrival,5,7,5292,Node_45,22,0,15,22,15,,,,,,,,,
60,VISIT,5885,Random,OnArrival,5,8,5413,Node_72,24,0,17,24,17,,,,,,,,,
60,VISIT,5886,Random,OnArrival,5,6,5413,Node_88,13,0,10,13,10,,,,,,,,,
60,VISIT,5887,Random,OnArrival,5,6,5413,Node_88,13,0,10,13,10,,,,,,,,,
60,VISIT,5888,Random,OnArrival,5,8,5468,Node_118,16,0,7,16,7,,,,,,,,,
60,VISIT,5888,Random,OnArrival,5,9,5498,Node_121,15,0,7,15,7,,,,,,,,,
60,VISIT,5888,Random,OnArrival,5,10,5528,Node_118,16,0,7,16,7,,,,,,,,,
60,VISIT,5888,Random,OnArrival,5,11,5558,Node_143,16,0,6,16,6,,,,,,,,,
60,VISIT,5888,Random,OnArrival,5,12,5588,Node_122,15,0,6,15,6,,,,,,,,,
60,VISIT,5888,Random,OnArrival,5,13,5618,Node_128,14,0,6,14,6,,,,,,,,,
60,VISIT,5888,Random,OnArrival,5,14,5648,Node_129,13,0,6,13,6,,,,,,,,,
60,VISIT,5888,Random,OnArrival,5,15,5708,Node_152,12,0,5,12,5,,,,,,,,,
60,VISIT,5888,Random,OnArrival,5,16,5738,Node_157,13,0,5,13,5,,,,,,,,,
60,VISIT,5888,Random,OnArrival,5,17,5768,Node_129,13,0,6,13,6,,,,,,,,,
60,VISIT,5888,Random,OnArrival,5,18,5798,Node_150,12,0,6,12,6,,,,,,,,,
60,VISIT,5888,Random,OnArrival,5,19,5828,Node_155,11,0,6,11,6,,,,,,,,,
60,VISIT,5888,Random,OnArrival,5,20,5857,Node_150,12,0,6,12,6,,,,,,,,,
60,VISIT,5888,Random,OnArrival,5,21,5888,Node_148,12,0,7,12,7,,,,,,,,,
60,VISIT,5888,Random,OnArrival,5,22,5919,Node_132,13,0,7,13,7,,,,,,,,,
60,VISIT,5888,Random,OnArrival,5,23,5950,Node_126,14,0,7,14,7,,,,,,,,,
60,VISIT,5888,Random,OnArrival,5,24,5981,Node_132,13,0,7,13,7,,,,,,,,,
60,VISIT,5888,Random,OnArrival,5,25,6012,Node_148,12,0,7,12,7,,,,,,,,,
60,VISIT,5888,Random,OnArrival,5,26,6043,Node_147,12,0,8,12,8,,,,,,,,,
60,VISIT,5889,Random,OnArrival,5,0,6465,Node_6,19,0,12,19,12,,,,,,,,,
60,VISIT,5890,Random,OnArrival,5,0,6465,Node_7,19,0,8,19,8,,,,,,,,,
60,VISIT,5891,Random,OnArrival,5,0,6465,Node_8,17,0,10,17,10,,,,,,,,,
60,VISIT,5892,Random,OnArrival,5,0,6465,Node_9,21,0,10,21,10,,,,,,,,,
60,VISIT,5889,Random,OnArrival,5,1,6494,Node_2,19,0,11,19,11,,,,,,,,,
60,VISIT,5890,Random,OnArrival,5,1,6494,Node_46,20,0,8,20,8,,,,,,,,,
60,VISIT,5891,Random,OnArrival,5,1,6494,Node_24,16,0,10,16,10,,,,,,,,,
60,VISIT,5892,Random,OnArrival,5,1,6494,Node_47,21,0,9,21,9,,,,,,,,,
60,VISIT,5889,Random,OnArrival,5,2,6524,Node_38,20,0,11,20,11,,,,,,,,,
60,VISIT,5890,Random,OnArrival,5,2,6524,Node_49,21,0,8,21,8,,,,,,,,,
60,VISIT,5891,Random,OnArrival,5,2,6524,Node_26,15,0,10,15,10,,,,,,,,,
60,VISIT,5892,Random,OnArrival,5,2,6524,Node_49,21,0,8,21,8,,,,,,,,,
60,VISIT,5889,Random,OnArrival,5,3,6554,Node_13,21,0,11,21,11,,,,,,,,,
60,VISIT,5890,Random,OnArrival,5,3,6554,Node_50,21,0,7,21,7,,,,,,,,,
60,VISIT,5891,Random,OnArrival,5,3,6554,Node_86,14,0,10,14,10,,,,,,,,,
60,VISIT,5892,Random,OnArrival,5,3,6554,Node_50,21,0,7,21,7,,,,,,,,,
60,VISIT,5889,Random,OnArrival,5,4,6584,Node_59,22,0,11,22,11,,,,,,,,,
60,VISIT,5890,Random,OnArrival,5,4,6584,Node_51,21,0,6,21,6,,,,,,,,,
60,VISIT,5891,Random,OnArrival,5,4,6584,Node_88,13,0,10,13,10,,,,,,,,,
60,VISIT,5892,Random,OnArrival,5,4,6584,Node_51,21,0,6,21,6,,,,,,,,,
60,VISIT,5889,Random,OnArrival,5,5,6614,Node_62,23,0,11,23,11,,,,,,,,,
60,VISIT,5890,Random,OnArrival,5,5,6614,Node_71,22,0,6,22,6,,,,,,,,,
60,VISIT,5891,Random,OnArrival,5,5,6614,Node_142,12,0,10,12,10,,,,,,,,,
60,VISIT,5892,Random,OnArrival,5,5,6614,Node_71,22,0,6,22,6,,,,,,,,,
60,VISIT,5889,Random,OnArrival,5,6,6639,Node_99,24,0,11,24,11,,,,,,,,,
60,VISIT,5890,Random,OnArrival,5,6,6639,Node_69,22,0,7,22,7,,,,,,,,,
60,VISIT,5891,Random,OnArrival,5,6,6639,Node_145,12,0,9,12,9,,,,,,,,,
60,VISIT,5892,Random,OnArrival,5,6,6639,Node_73,22,0,5,22,5,,,,,,,,,
60,VISIT,5890,Random,OnArrival,5,7,6669,Node_67,22,0,8,22,8,,,,,,,,,
60,VISIT,5891,Random,OnArrival,5,7,6669,Node_164,11,0,9,11,9,,,,,,,,,
60,VISIT,5889,Random,OnArrival,5,7,6698,Node_104,25,0,12,25,12,,,,,,,,,
60,VISIT,5890,Random,OnArrival,5,8,6698,Node_58,22,0,9,22,9,,,,,,,,,
60,VISIT,5891,Random,OnArrival,5,8,6698,Node_163,11,0,8,11,8,,,,,,,,,
60,VISIT,5890,Random,OnArrival,5,9,6727,Node_89,23,0,9,23,9,,,,,,,,,
60,VISIT,5891,Random,OnArrival,5,9,6755,Node_165,10,0,9,10,9,,,,,,,,,
60,VISIT,5889,Random,OnArrival,5,8,6784,Node_107,25,0,13,25,13,,,,,,,,,
60,VISIT,5889,Random,OnArrival,5,9,6812,Node_65,24,0,13,24,13,,,,,,,,,
60,VISIT,5889,Random,OnArrival,5,10,6840,Node_64,24,0,12,24,12,,,,,,,,,
60,VISIT,5889,Random,OnArrival,5,11,6865,Node_63,23,0,12,23,12,,,,,,,,,
60,VISIT,5889,Random,OnArrival,5,12,6892,Node_62,23,0,11,23,11,,,,,,,,,
60,VISIT,5889,Random,OnArrival,5,13,6920,Node_61,23,0,10,23,10,,,,,,,,,
60,VISIT,5889,Random,OnArrival,5,14,6948,Node_89,23,0,9,23,9,,,,,,,,,
60,VISIT,5889,Random,OnArrival,5,15,7003,Node_174,25,0,9,25,9,,,,,,,,,
60,VISIT,5890,Random,OnArrival,5,10,7003,Node_180,25,0,7,25,7,,,,,,,,,
60,VISIT,5889,Random,OnArrival,5,16,7085,Node_198,26,0,7,26,7,,,,,,,,,
60,VISIT,5890,Random,OnArrival,5,11,7085,Node_177,25,0,8,25,8,,,,,,,,,
60,VISIT,5890,Random,OnArrival,5,12,7113,Node_180,25,0,7,25,7,,,,,,,,,
60,VISIT,5890,Random,OnArrival,5,13,7140,Node_194,24,0,7,24,7,,,,,,,,,
60,VISIT,5889,Random,OnArrival,5,17,7168,Node_186,25,0,5,25,5,,,,,,,,,
60,VISIT,5890,Random,OnArrival,5,14,7168,Node_192,24,0,6,24,6,,,,,,,,,
60,VISIT,5889,Random,OnArrival,5,18,7196,Node_183,25,0,6,25,6,,,,,,,,,
60,VISIT,5890,Random,OnArrival,5,15,7196,Node_183,25,0,6,25,6,,,,,,,,,
60,VISIT,5889,Random,OnArrival,5,19,7225,Node_192,24,0,6,24,6,,,,,,,,,
60,VISIT,5890,Random,OnArrival,5,16,7225,Node_200,26,0,6,26,6,,,,,,,,,
60,VISIT,5889,Random,OnArrival,5,20,7254,Node_189,24,0,5,24,5,,,,,,,,,
60,VISIT,5893,Random,OnArrival,5,0,7771,Node_6,19,0,12,19,12,,,,,,,,,
60,VISIT,5894,Random,OnArrival,5,0,7771,Node_7,19,0,8,19,8,,,,,,,,,
60,VISIT,5895,Random,OnArrival,5,0,7771,Node_8,17,0,10,17,10,,,,,,,,,
60,VISIT,5896,Random,OnArrival,5,0,7771,Node_9,21,0,10,21,10,,,,,,,,,
60,VISIT,5893,Random,OnArrival,5,1,7798,Node_10,18,0,12,18,12,,,,,,,,,
60,VISIT,5894,Random,OnArrival,5,1,7798,Node_46,20,0,8,20,8,,,,,,,,,
60,VISIT,5895,Random,OnArrival,5,1,7798,Node_12,17,0,11,17,11,,,,,,,,,
60,VISIT,5896,Random,OnArrival,5,1,7798,Node_47,21,0,9,21,9,,,,,,,,,
60,VISIT,5893,Random,OnArrival,5,2,7826,Node_16,17,0,12,17,12,,,,,,,,,
60,VISIT,5894,Random,OnArrival,5,2,7826,Node_49,21,0,8,21,8,,,,,,,,,
60,VISIT,5895,Random,OnArrival,5,2,7826,Node_16,17,0,12,17,12,,,,,,,,,
60,VISIT,5896,Random,OnArrival,5,2,7826,Node_49,21,0,8,21,8,,,,,,,,,
60,VISIT,5893,Random,OnArrival,5,3,7854,Node_18,16,0,12,16,12,,,,,,,,,
60,VISIT,5894,Random,OnArrival,5,3,7854,Node_50,21,0,7,21,7,,,,,,,,,
60,VISIT,5895,Random,OnArrival,5,3,7854,Node_18,16,0,12,16,12,,,,,,,,,
60,VISIT,5896,Random,OnArrival,5,3,7854,Node_50,21,0,7,21,7,,,,,,,,,
60,VISIT,5893,Random,OnArrival,5,4,7882,Node_29,15,0,12,15,12,,,,,,,,,
60,VISIT,5894,Random,OnArrival,5,4,7882,Node_51,21,0,6,21,6,,,,,,,,,
60,VISIT,5895,Random,OnArrival,5,4,7882,Node_29,15,0,12,15,12,,,,,,,,,
60,VISIT,5896,Random,OnArrival,5,4,7882,Node_51,21,0,6,21,6,,,,,,,,,
60,VISIT,5893,Random,OnArrival,5,5,7910,Node_31,15,0,13,15,13,,,,,,,,,
60,VISIT,5894,Random,OnArrival,5,5,7910,Node_52,21,0,5,21,5,,,,,,,,,
60,VISIT,5895,Random,OnArrival,5,5,7910,Node_35,14,0,12,14,12,,,,,,,,,
60,VISIT,5896,Random,OnArrival,5,5,7910,Node_52,21,0,5,21,5,,,,,,,,,
60,VISIT,5894,Random,OnArrival,5,6,7938,Node_53,21,0,4,21,4,,,,,,,,,
60,VISIT,5895,Random,OnArrival,5,6,7938,Node_36,14,0,13,14,13,,,,,,,,,
60,VISIT,5896,Random,OnArrival,5,6,7938,Node_53,21,0,4,21,4,,,,,,,,,
60,VISIT,5894,Random,OnArrival,5,7,7966,Node_57,20,0,4,20,4,,,,,,,,,
60,VISIT,5895,Random,OnArrival,5,7,7966,Node_94,13,0,13,13,13,,,,,,,,,
60,VISIT,5896,Random,OnArrival,5,7,7966,Node_57,20,0,4,20,4,,,,,,,,,
60,VISIT,5894,Random,OnArrival,5,8,7993,Node_77,19,0,4,19,4,,,,,,,,,
60,VISIT,5895,Random,OnArrival,5,8,7993,Node_39,13,0,14,13,14,,,,,,,,,
60,VISIT,5896,Random,OnArrival,5,8,7993,Node_77,19,0,4,19,4,,,,,,,,,
60,VISIT,5894,Random,OnArrival,5,9,8020,Node_133,18,0,4,18,4,,,,,,,,,
60,VISIT,5895,Random,OnArrival,5,9,8020,Node_97,12,0,14,12,14,,,,,,,,,
60,VISIT,5896,Random,OnArrival,5,9,8020,Node_133,18,0,4,18,4,,,,,,,,,
60,VISIT,5894,Random,OnArrival,5,10,8047,Node_136,17,0,4,17,4,,,,,,,,,
60,VISIT,5896,Random,OnArrival,5,10,8047,Node_77,19,0,4,19,4,,,,,,,,,
60,VISIT,5895,Random,OnArrival,5,10,8074,Node_187,10,0,14,10,14,,,,,,,,,
60,VISIT,5896,Random,OnArrival,5,11,8074,Node_57,20,0,4,20,4,,,,,,,,,
60,VISIT,5893,Random,OnArrival,5,6,8101,Node_206,15,0,14,15,14,,,,,,,,,
60,VISIT,5894,Random,OnArrival,5,11,8101,Node_140,16,0,5,16,5,,,,,,,,,
60,VISIT,5896,Random,OnArrival,5,12,8101,Node_55,20,0,3,20,3,,,,,,,,,
60,VISIT,5893,Random,OnArrival,5,7,8128,Node_37,14,0,14,14,14,,,,,,,,,
60,VISIT,5894,Random,OnArrival,5,12,8128,Node_123,15,0,5,15,5,,,,,,,,,
60,VISIT,5895,Random,OnArrival,5,11,8128,Node_193,9,0,15,9,15,,,,,,,,,
60,VISIT,5893,Random,OnArrival,5,8,8155,Node_36,14,0,13,14,13,,,,,,,,,
60,VISIT,5894,Random,OnArrival,5,13,8155,Node_140,16,0,5,16,5,,,,,,,,,
60,VISIT,5896,Random,OnArrival,5,13,8155,Node_79,19,0,2,19,2,,,,,,,,,
60,VISIT,5893,Random,OnArrival,5,9,8180,Node_31,15,0,13,15,13,,,,,,,,,
60,VISIT,5894,Random,OnArrival,5,14,8180,Node_212,16,0,4,16,4,,,,,,,,,
60,VISIT,5896,Random,OnArrival,5,14,8180,Node_78,19,0,3,19,3,,,,,,,,,
60,VISIT,5893,Random,OnArrival,5,10,8204,Node_206,15,0,14,15,14,,,,,,,,,
60,VISIT,5896,Random,OnArrival,5,15,8204,Node_55,20,0,3,20,3,,,,,,,,,
60,VISIT,5893,Random,OnArrival,5,11,8230,Node_211,16,0,14,16,14,,,,,,,,,
60,VISIT,5896,Random,OnArrival,5,16,8230,Node_54,21,0,3,21,3,,,,,,,,,
60,VISIT,5896,Random,OnArrival,5,17,8257,Node_53,21,0,4,21,4,,,,,,,,,
60,VISIT,5894,Random,OnArrival,5,15,8283,Node_125,15,0,3,15,3,,,,,,,,,
60,VISIT,5896,Random,OnArrival,5,18,8283,Node_52,21,0,5,21,5,,,,,,,,,
60,VISIT,5896,Random,OnArrival,5,19,8309,Node_73,22,0,5,22,5,,,,,,,,,
60,VISIT,5896,Random,OnArrival,5,20,8335,Node_167,23,0,5,23,5,,,,,,,,,
60,VISIT,5896,Random,OnArrival,5,21,8361,Node_189,24,0,5,24,5,,,,,,,,,
60,VISIT,5896,Random,OnArrival,5,22,8386,Node_186,25,0,5,25,5,,,,,,,,,
60,VISIT,5896,Random,OnArrival,5,23,8412,Node_183,25,0,6,25,6,,,,,,,,,
60,VISIT,5896,Random,OnArrival,5,24,8439,Node_180,25,0,7,25,7,,,,,,,,,
60,VISIT,5896,Random,OnArrival,5,25,8465,Node_177,25,0,8,25,8,,,,,,,,,
60,VISIT,5896,Random,OnArrival,5,26,8492,Node_174,25,0,9,25,9,,,,,,,,,
60,VISIT,5896,Random,OnArrival,5,27,8519,Node_197,26,0,9,26,9,,,,,,,,,
60,VISIT,5897,Random,OnArrival,5,0,8991,Node_6,19,0,12,19,12,,,,,,,,,
60,VISIT,5898,Random,OnArrival,5,0,8991,Node_7,19,0,8,19,8,,,,,,,,,
60,VISIT,5899,Random,OnArrival,5,0,8991,Node_8,17,0,10,17,10,,,,,,,,,
60,VISIT,5900,Random,OnArrival,5,0,8991,Node_9,21,0,10,21,10,,,,,,,,,
60,VISIT,5897,Random,OnArrival,5,1,9017,Node_40,20,0,12,20,12,,,,,,,,,
60,VISIT,5898,Random,OnArrival,5,1,9017,Node_46,20,0,8,20,8,,,,,,,,,
60,VISIT,5899,Random,OnArrival,5,1,9017,Node_24,16,0,10,16,10,,,,,,,,,
60,VISIT,5900,Random,OnArrival,5,1,9017,Node_47,21,0,9,21,9,,,,,,,,,
60,VISIT,5897,Random,OnArrival,5,2,9044,Node_42,20,0,13,20,13,,,,,,,,,
60,VISIT,5898,Random,OnArrival,5,2,9044,Node_49,21,0,8,21,8,,,,,,,,,
60,VISIT,5899,Random,OnArrival,5,2,9044,Node_26,15,0,10,15,10,,,,,,,,,
60,VISIT,5900,Random,OnArrival,5,2,9044,Node_58,22,0,9,22,9,,,,,,,,,
60,VISIT,5897,Random,OnArrival,5,3,9071,Node_43,20,0,14,20,14,,,,,,,,,
60,VISIT,5898,Random,OnArrival,5,3,9071,Node_50,21,0,7,21,7,,,,,,,,,
60,VISIT,5899,Random,OnArrival,5,3,9071,Node_86,14,0,10,14,10,,,,,,,,,
60,VISIT,5900,Random,OnArrival,5,3,9071,Node_89,23,0,9,23,9,,,,,,,,,
60,VISIT,5898,Random,OnArrival,5,4,9097,Node_51,21,0,6,21,6,,,,,,,,,
60,VISIT,5899,Random,OnArrival,5,4,9097,Node_88,13,0,10,13,10,,,,,,,,,
60,VISIT,5897,Random,OnArrival,5,4,9123,Node_91,18,0,14,18,14,,,,,,,,,
60,VISIT,5898,Random,OnArrival,5,5,9123,Node_52,21,0,5,21,5,,,,,,,,,
60,VISIT,5899,Random,OnArrival,5,5,9123,Node_138,13,0,9,13,9,,,,,,,,,
60,VISIT,5900,Random,OnArrival,5,4,9123,Node_174,25,0,9,25,9,,,,,,,,,
60,VISIT,5897,Random,OnArrival,5,5,9150,Node_221,17,0,14,17,14,,,,,,,,,
60,VISIT,5898,Random,OnArrival,5,6,9150,Node_60,20,0,5,20,5,,,,,,,,,
60,VISIT,5899,Random,OnArrival,5,6,9150,Node_145,12,0,9,12,9,,,,,,,,,
60,VISIT,5900,Random,OnArrival,5,5,9150,Node_197,26,0,9,26,9,,,,,,,,,
60,VISIT,5897,Random,OnArrival,5,6,9177,Node_211,16,0,14,16,14,,,,,,,,,
60,VISIT,5898,Random,OnArrival,5,7,9177,Node_76,19,0,5,19,5,,,,,,,,,
60,VISIT,5899,Random,OnArrival,5,7,9177,Node_164,11,0,9,11,9,,,,,,,,,
60,VISIT,5900,Random,OnArrival,5,6,9177,Node_237,27,0,9,27,9,,,,,,,,,
60,VISIT,5897,Random,OnArrival,5,7,9204,Node_210,16,0,15,16,15,,,,,,,,,
60,VISIT,5898,Random,OnArrival,5,8,9204,Node_77,19,0,4,19,4,,,,,,,,,
60,VISIT,5899,Random,OnArrival,5,8,9204,Node_165,10,0,9,10,9,,,,,,,,,
60,VISIT,5897,Random,OnArrival,5,8,9229,Node_207,15,0,15,15,15,,,,,,,,,
60,VISIT,5898,Random,OnArrival,5,9,9229,Node_78,19,0,3,19,3,,,,,,,,,
60,VISIT,5899,Random,OnArrival,5,9,9229,Node_175,10,0,10,10,10,,,,,,,,,
60,VISIT,5897,Random,OnArrival,5,9,9255,Node_206,15,0,14,15,14,,,,,,,,,
60,VISIT,5898,Random,OnArrival,5,10,9255,Node_79,19,0,2,19,2,,,,,,,,,
60,VISIT,5897,Random,OnArrival,5,10,9281,Node_211,16,0,14,16,14,,,,,,,,,
60,VISIT,5898,Random,OnArrival,5,11,9281,Node_80,19,0,1,19,1,,,,,,,,,
60,VISIT,5897,Random,OnArrival,5,11,9307,Node_221,17,0,14,17,14,,,,,,,,,
60,VISIT,5897,Random,OnArrival,5,12,9333,Node_91,18,0,14,18,14,,,,,,,,,
60,VISIT,5900,Random,OnArrival,5,7,9333,Node_241,27,0,13,27,13,,,,,,,,,
60,VISIT,5897,Random,OnArrival,5,13,9358,Node_93,18,0,15,18,15,,,,,,,,,
60,VISIT,5899,Random,OnArrival,5,10,9358,Node_213,9,0,14,9,14,,,,,,,,,
60,VISIT,5900,Random,OnArrival,5,8,9358,Node_172,26,0,13,26,13,,,,,,,,,
60,VISIT,5897,Random,OnArrival,5,14,9384,Node_224,17,0,15,17,15,,,,,,,,,
60,VISIT,5900,Random,OnArrival,5,9,9384,Node_241,27,0,13,27,13,,,,,,,,,
60,VISIT,5897,Random,OnArrival,5,15,9409,Node_210,16,0,15,16,15,,,,,,,,,
60,VISIT,5899,Random,OnArrival,5,11,9409,Node_215,8,0,15,8,15,,,,,,,,,
60,VISIT,5900,Random,OnArrival,5,10,9409,Node_254,28,0,13,28,13,,,,,,,,,
60,VISIT,5897,Random,OnArrival,5,16,9431,Node_224,17,0,15,17,15,,,,,,,,,
60,VISIT,5899,Random,OnArrival,5,12,9431,Node_193,9,0,15,9,15,,,,,,,,,
60,VISIT,5897,Random,OnArrival,5,17,9454,Node_226,17,0,16,17,16,,,,,,,,,
60,VISIT,5899,Random,OnArrival,5,13,9454,Node_190,10,0,15,10,15,,,,,,,,,
60,VISIT,5897,Random,OnArrival,5,18,9479,Node_209,16,0,16,16,16,,,,,,,,,
60,VISIT,5898,Random,OnArrival,5,12,9479,Node_255,18,0,0,18,0,,,,,,,,,
60,VISIT,5899,Random,OnArrival,5,14,9479,Node_187,10,0,14,10,14,,,,,,,,,
60,VISIT,5897,Random,OnArrival,5,19,9502,Node_210,16,0,15,16,15,,,,,,,,,
60,VISIT,5898,Random,OnArrival,5,13,9502,Node_81,19,0,0,19,0,,,,,,,,,
60,VISIT,5897,Random,OnArrival,5,20,9527,Node_224,17,0,15,17,15,,,,,,,,,
60,VISIT,5899,Random,OnArrival,5,15,9527,Node_97,12,0,14,12,14,,,,,,,,,
60,VISIT,5897,Random,OnArrival,5,21,9552,Node_93,18,0,15,18,15,,,,,,,,,
60,VISIT,5899,Random,OnArrival,5,16,9552,Node_39,13,0,14,13,14,,,,,,,,,
60,VISIT,5897,Random,OnArrival,5,22,9577,Node_95,18,0,16,18,16,,,,,,,,,
60,VISIT,5899,Random,OnArrival,5,17,9577,Node_41,13,0,15,13,15,,,,,,,,,
60,VISIT,5897,Random,OnArrival,5,23,9602,Node_226,17,0,16,17,16,,,,,,,,,
60,VISIT,5897,Random,OnArrival,5,24,9626,Node_95,18,0,16,18,16,,,,,,,,,
60,VISIT,5898,Random,OnArrival,5,14,9626,Node_176,23,0,1,23,1,,,,,,,,,
60,VISIT,5897,Random,OnArrival,5,25,9651,Node_96,18,0,17,18,17,,,,,,,,,
60,VISIT,5897,Random,OnArrival,5,26,9675,Node_229,17,0,17,17,17,,,,,,,,,
60,VISIT,5899,Random,OnArrival,5,18,9675,Node_108,12,0,18,12,18,,,,,,,,,
60,VISIT,5901,Random,OnArrival,5,0,10128,Node_6,19,0,12,19,12,,,,,,,,,
60,VISIT,5902,Random,OnArrival,5,0,10128,Node_7,19,0,8,19,8,,,,,,,,,
60,VISIT,5903,Random,OnArrival,5,0,10128,Node_8,17,0,10,17,10,,,,,,,,,
60,VISIT,5904,Random,OnArrival,5,0,10128,Node_9,21,0,10,21,10,,,,,,,,,
60,VISIT,5901,Random,OnArrival,5,1,10150,Node_10,18,0,12,18,12,,,,,,,,,
60,VISIT,5902,Random,OnArrival,5,1,10150,Node_3,19,0,9,19,9,,,,,,,,,
60,VISIT,5903,Random,OnArrival,5,1,10150,Node_24,16,0,10,16,10,,,,,,,,,
60,VISIT,5904,Random,OnArrival,5,1,10150,Node_5,20,0,10,20,10,,,,,,,,,
60,VISIT,5901,Random,OnArrival,5,2,10172,Node_16,17,0,12,17,12,,,,,,,,,
60,VISIT,5902,Random,OnArrival,5,2,10172,Node_15,18,0,9,18,9,,,,,,,,,
60,VISIT,5903,Random,OnArrival,5,2,10172,Node_26,15,0,10,15,10,,,,,,,,,
60,VISIT,5904,Random,OnArrival,5,2,10172,Node_38,20,0,11,20,11,,,,,,,,,
60,VISIT,5901,Random,OnArrival,5,3,10195,Node_18,16,0,12,16,12,,,,,,,,,
60,VISIT,5902,Random,OnArrival,5,3,10195,Node_4,18,0,10,18,10,,,,,,,,,
60,VISIT,5903,Random,OnArrival,5,3,10195,Node_86,14,0,10,14,10,,,,,,,,,
60,VISIT,5904,Random,OnArrival,5,3,10195,Node_40,20,0,12,20,12,,,,,,,,,
60,VISIT,5901,Random,OnArrival,5,4,10220,Node_29,15,0,12,15,12,,,,,,,,,
60,VISIT,5902,Random,OnArrival,5,4,10220,Node_8,17,0,10,17,10,,,,,,,,,
60,VISIT,5903,Random,OnArrival,5,4,10220,Node_88,13,0,10,13,10,,,,,,,,,
60,VISIT,5904,Random,OnArrival,5,4,10220,Node_42,20,0,13,20,13,,,,,,,,,
60,VISIT,5901,Random,OnArrival,5,5,10245,Node_31,15,0,13,15,13,,,,,,,,,
60,VISIT,5902,Random,OnArrival,5,5,10245,Node_24,16,0,10,16,10,,,,,,,,,
60,VISIT,5903,Random,OnArrival,5,5,10245,Node_138,13,0,9,13,9,,,,,,,,,
60,VISIT,5904,Random,OnArrival,5,5,10245,Node_43,20,0,14,20,14,,,,,,,,,
60,VISIT,5901,Random,OnArrival,5,6,10270,Node_206,15,0,14,15,14,,,,,,,,,
60,VISIT,5902,Random,OnArrival,5,6,10270,Node_26,15,0,10,15,10,,,,,,,,,
60,VISIT,5903,Random,OnArrival,5,6,10270,Node_135,13,0,8,13,8,,,,,,,,,
60,VISIT,5904,Random,OnArrival,5,6,10270,Node_44,20,0,15,20,15,,,,,,,,,
60,VISIT,5901,Random,OnArrival,5,7,10295,Node_37,14,0,14,14,14,,,,,,,,,
60,VISIT,5902,Random,OnArrival,5,7,10295,Node_86,14,0,10,14,10,,,,,,,,,
60,VISIT,5903,Random,OnArrival,5,7,10295,Node_147,12,0,8,12,8,,,,,,,,,
60,VISIT,5904,Random,OnArrival,5,7,10295,Node_25,21,0,15,21,15,,,,,,,,,
60,VISIT,5901,Random,OnArrival,5,8,10320,Node_39,13,0,14,13,14,,,,,,,,,
60,VISIT,5902,Random,OnArrival,5,8,10320,Node_88,13,0,10,13,10,,,,,,,,,
60,VISIT,5903,Random,OnArrival,5,8,10320,Node_145,12,0,9,12,9,,,,,,,,,
60,VISIT,5904,Random,OnArrival,5,8,10320,Node_45,22,0,15,22,15,,,,,,,,,
60,VISIT,5901,Random,OnArrival,5,9,10345,Node_41,13,0,15,13,15,,,,,,,,,
60,VISIT,5902,Random,OnArrival,5,9,10345,Node_138,13,0,9,13,9,,,,,,,,,
60,VISIT,5903,Random,OnArrival,5,9,10345,Node_164,11,0,9,11,9,,,,,,,,,
60,VISIT,5904,Random,OnArrival,5,9,10345,Node_131,23,0,15,23,15,,,,,,,,,
60,VISIT,5901,Random,OnArrival,5,10,10370,Node_100,12,0,15,12,15,,,,,,,,,
60,VISIT,5902,Random,OnArrival,5,10,10370,Node_135,13,0,8,13,8,,,,,,,,,
60,VISIT,5903,Random,OnArrival,5,10,10370,Node_165,10,0,9,10,9,,,,,,,,,
60,VISIT,5904,Random,OnArrival,5,10,10370,Node_68,24,0,15,24,15,,,,,,,,,
60,VISIT,5901,Random,OnArrival,5,11,10395,Node_97,12,0,14,12,14,,,,,,,,,
60,VISIT,5902,Random,OnArrival,5,11,10395,Node_132,13,0,7,13,7,,,,,,,,,
60,VISIT,5903,Random,OnArrival,5,11,10395,Node_175,10,0,10,10,10,,,,,,,,,
60,VISIT,5904,Random,OnArrival,5,11,10395,Node_112,25,0,15,25,15,,,,,,,,,
60,VISIT,5902,Random,OnArrival,5,12,10420,Node_129,13,0,6,13,6,,,,,,,,,
60,VISIT,5903,Random,OnArrival,5,12,10420,Node_178,10,0,11,10,11,,,,,,,,,
60,VISIT,5904,Random,OnArrival,5,12,10420,Node_113,25,0,16,25,16,,,,,,,,,
60,VISIT,5901,Random,OnArrival,5,12,10445,Node_187,10,0,14,10,14,,,,,,,,,
60,VISIT,5902,Random,OnArrival,5,13,10445,Node_128,14,0,6,14,6,,,,,,,,,
60,VISIT,5903,Random,OnArrival,5,13,10445,Node_250,9,0,11,9,11,,,,,,,,,
60,VISIT,5904,Random,OnArrival,5,13,10445,Node_70,24,0,16,24,16,,,,,,,,,
60,VISIT,5901,Random,OnArrival,5,13,10470,Node_190,10,0,15,10,15,,,,,,,,,
60,VISIT,5902,Random,OnArrival,5,14,10470,Node_122,15,0,6,15,6,,,,,,,,,
60,VISIT,5904,Random,OnArrival,5,14,10470,Node_134,23,0,16,23,16,,,,,,,,,
60,VISIT,5901,Random,OnArrival,5,14,10494,Node_193,9,0,15,9,15,,,,,,,,,
60,VISIT,5902,Random,OnArrival,5,15,10494,Node_123,15,0,5,15,5,,,,,,,,,
60,VISIT,5904,Random,OnArrival,5,15,10494,Node_127,22,0,16,22,16,,,,,,,,,
60,VISIT,5901,Random,OnArrival,5,15,10518,Node_215,8,0,15,8,15,,,,,,,,,
60,VISIT,5902,Random,OnArrival,5,16,10518,Node_124,15,0,4,15,4,,,,,,,,,
60,VISIT,5903,Random,OnArrival,5,14,10518,Node_253,9,0,12,9,12,,,,,,,,,
60,VISIT,5904,Random,OnArrival,5,16,10518,Node_134,23,0,16,23,16,,,,,,,,,
60,VISIT,5901,Random,OnArrival,5,16,10543,Node_216,8,0,16,8,16,,,,,,,,,
60,VISIT,5902,Random,OnArrival,5,17,10543,Node_212,16,0,4,16,4,,,,,,,,,
60,VISIT,5903,Random,OnArrival,5,15,10543,Node_181,10,0,12,10,12,,,,,,,,,
60,VISIT,5904,Random,OnArrival,5,17,10543,Node_70,24,0,16,24,16,,,,,,,,,
60,VISIT,5901,Random,OnArrival,5,17,10567,Node_195,9,0,16,9,16,,,,,,,,,
60,VISIT,5902,Random,OnArrival,5,18,10567,Node_124,15,0,4,15,4,,,,,,,,,
60,VISIT,5904,Random,OnArrival,5,18,10567,Node_113,25,0,16,25,16,,,,,,,,,
60,VISIT,5901,Random,OnArrival,5,18,10589,Node_216,8,0,16,8,16,,,,,,,,,
60,VISIT,5902,Random,OnArrival,5,19,10589,Node_125,15,0,3,15,3,,,,,,,,,
60,VISIT,5903,Random,OnArrival,5,16,10589,Node_181,10,0,12,10,12,,,,,,,,,
60,VISIT,5904,Random,OnArrival,5,19,10589,Node_114,25,0,17,25,17,,,,,,,,,
60,VISIT,5901,Random,OnArrival,5,19,10613,Node_218,8,0,17,8,17,,,,,,,,,
60,VISIT,5902,Random,OnArrival,5,20,10613,Node_217,16,0,3,16,3,,,,,,,,,
60,VISIT,5903,Random,OnArrival,5,17,10613,Node_253,9,0,12,9,12,,,,,,,,,
60,VISIT,5904,Random,OnArrival,5,20,10613,Node_72,24,0,17,24,17,,,,,,,,,
60,VISIT,5901,Random,OnArrival,5,20,10638,Node_196,9,0,17,9,17,,,,,,,,,
60,VISIT,5902,Random,OnArrival,5,21,10638,Node_125,15,0,3,15,3,,,,,,,,,
60,VISIT,5903,Random,OnArrival,5,18,10638,Node_256,9,0,13,9,13,,,,,,,,,
60,VISIT,5904,Random,OnArrival,5,21,10638,Node_141,24,0,18,24,18,,,,,,,,,
60,VISIT,5902,Random,OnArrival,5,22,10664,Node_227,14,0,3,14,3,,,,,,,,,
60,VISIT,5903,Random,OnArrival,5,19,10664,Node_184,10,0,13,10,13,,,,,,,,,
60,VISIT,5904,Random,OnArrival,5,22,10664,Node_115,25,0,18,25,18,,,,,,,,,
60,VISIT,5901,Random,OnArrival,5,21,10688,Node_220,8,0,18,8,18,,,,,,,,,
60,VISIT,5903,Random,OnArrival,5,20,10688,Node_187,10,0,14,10,14,,,,,,,,,
60,VISIT,5901,Random,OnArrival,5,22,10712,Node_223,7,0,18,7,18,,,,,,,,,
60,VISIT,5903,Random,OnArrival,5,21,10736,Node_97,12,0,14,12,14,,,,,,,,,
60,VISIT,5904,Random,OnArrival,5,23,10736,Node_114,25,0,17,25,17,,,,,,,,,
60,VISIT,5901,Random,OnArrival,5,23,10760,Node_233,6,0,19,6,19,,,,,,,,,
60,VISIT,5903,Random,OnArrival,5,22,10760,Node_100,12,0,15,12,15,,,,,,,,,
60,VISIT,5904,Random,OnArrival,5,24,10760,Node_115,25,0,18,25,18,,,,,,,,,
60,VISIT,5903,Random,OnArrival,5,23,10784,Node_102,12,0,16,12,16,,,,,,,,,
60,VISIT,5904,Random,OnArrival,5,25,10784,Node_116,25,0,19,25,19,,,,,,,,,
60,VISIT,5903,Random,OnArrival,5,24,10808,Node_270,13,0,16,13,16,,,,,,,,,
60,VISIT,5902,Random,OnArrival,5,23,10832,Node_154,11,0,5,11,5,,,,,,,,,
60,VISIT,5903,Random,OnArrival,5,25,10832,Node_271,13,0,17,13,17,,,,,,,,,
60,VISIT,5904,Random,OnArrival,5,26,10832,Node_146,24,0,20,24,20,,,,,,,,,
60,VISIT,5902,Random,OnArrival,5,24,10856,Node_158,10,0,5,10,5,,,,,,,,,
60,VISIT,5903,Random,OnArrival,5,26,10856,Node_105,12,0,17,12,17,,,,,,,,,
60,VISIT,5904,Random,OnArrival,5,27,10880,Node_149,24,0,22,24,22,,,,,,,,,
60,VISIT,5903,Random,OnArrival,5,27,10903,Node_275,11,0,18,11,18,,,,,,,,,
60,VISIT,5903,Random,OnArrival,5,28,10950,Node_289,9,0,18,9,18,,,,,,,,,
60,VISIT,5903,Random,OnArrival,5,29,10973,Node_220,8,0,18,8,18,,,,,,,,,
60,VISIT,5903,Random,OnArrival,5,30,10997,Node_223,7,0,18,7,18,,,,,,,,,
60,VISIT,5903,Random,OnArrival,5,31,11020,Node_294,6,0,18,6,18,,,,,,,,,
60,VISIT,5904,Random,OnArrival,5,28,11043,Node_34,21,0,20,21,20,,,,,,,,,
60,VISIT,5903,Random,OnArrival,5,32,11160,Node_297,5,0,19,5,19,,,,,,,,,
60,VISIT,5903,Random,OnArrival,5,33,11184,Node_299,5,0,20,5,20,,,,,,,,,
60,VISIT,5905,Random,OnArrival,5,0,11203,Node_6,19,0,12,19,12,,,,,,,,,
60,VISIT,5906,Random,OnArrival,5,0,11203,Node_7,19,0,8,19,8,,,,,,,,,
60,VISIT,5907,Random,OnArrival,5,0,11203,Node_8,17,0,10,17,10,,,,,,,,,
60,VISIT,5908,Random,OnArrival,5,0,11203,Node_9,21,0,10,21,10,,,,,,,,,
60,VISIT,5903,Random,OnArrival,5,34,11207,Node_231,6,0,20,6,20,,,,,,,,,
60,VISIT,5905,Random,OnArrival,5,1,11222,Node_10,18,0,12,18,12,,,,,,,,,
60,VISIT,5906,Random,OnArrival,5,1,11222,Node_3,19,0,9,19,9,,,,,,,,,
60,VISIT,5907,Random,OnArrival,5,1,11222,Node_12,17,0,11,17,11,,,,,,,,,
60,VISIT,5908,Random,OnArrival,5,1,11222,Node_5,20,0,10,20,10,,,,,,,,,
60,VISIT,5903,Random,OnArrival,5,35,11227,Node_233,6,0,19,6,19,,,,,,,,,
60,VISIT,5905,Random,OnArrival,5,2,11242,Node_16,17,0,12,17,12,,,,,,,,,
60,VISIT,5906,Random,OnArrival,5,2,11242,Node_15,18,0,9,18,9,,,,,,,,,
60,VISIT,5907,Random,OnArrival,5,2,11242,Node_16,17,0,12,17,12,,,,,,,,,
60,VISIT,5908,Random,OnArrival,5,2,11242,Node_38,20,0,11,20,11,,,,,,,,,
60,VISIT,5903,Random,OnArrival,5,36,11247,Node_225,7,0,19,7,19,,,,,,,,,
60,VISIT,5905,Random,OnArrival,5,3,11262,Node_18,16,0,12,16,12,,,,,,,,,
60,VISIT,5906,Random,OnArrival,5,3,11262,Node_4,18,0,10,18,10,,,,,,,,,
60,VISIT,5907,Random,OnArrival,5,3,11262,Node_18,16,0,12,16,12,,,,,,,,,
60,VISIT,5908,Random,OnArrival,5,3,11262,Node_40,20,0,12,20,12,,,,,,,,,
60,VISIT,5903,Random,OnArrival,5,37,11267,Node_228,7,0,20,7,20,,,,,,,,,
60,VISIT,5905,Random,OnArrival,5,4,11283,Node_29,15,0,12,15,12,,,,,,,,,
60,VISIT,5906,Random,OnArrival,5,4,11283,Node_8,17,0,10,17,10,,,,,,,,,
60,VISIT,5907,Random,OnArrival,5,4,11283,Node_29,15,0,12,15,12,,,,,,,,,
60,VISIT,5908,Random,OnArrival,5,4,11283,Node_42,20,0,13,20,13,,,,,,,,,
60,VISIT,5905,Random,OnArrival,5,5,11303,Node_31,15,0,13,15,13,,,,,,,,,
60,VISIT,5906,Random,OnArrival,5,5,11303,Node_12,17,0,11,17,11,,,,,,,,,
60,VISIT,5907,Random,OnArrival,5,5,11303,Node_31,15,0,13,15,13,,,,,,,,,
60,VISIT,5908,Random,OnArrival,5,5,11303,Node_43,20,0,14,20,14,,,,,,,,,
60,VISIT,5905,Random,OnArrival,5,6,11324,Node_206,15,0,14,15,14,,,,,,,,,
60,VISIT,5906,Random,OnArrival,5,6,11324,Node_16,17,0,12,17,12,,,,,,,,,
60,VISIT,5907,Random,OnArrival,5,6,11324,Node_206,15,0,14,15,14,,,,,,,,,
60,VISIT,5908,Random,OnArrival,5,6,11324,Node_44,20,0,15,20,15,,,,,,,,,
60,VISIT,5905,Random,OnArrival,5,7,11347,Node_207,15,0,15,15,15,,,,,,,,,
60,VISIT,5906,Random,OnArrival,5,7,11347,Node_18,16,0,12,16,12,,,,,,,,,
60,VISIT,5907,Random,OnArrival,5,7,11347,Node_37,14,0,14,14,14,,,,,,,,,
60,VISIT,5908,Random,OnArrival,5,7,11347,Node_25,21,0,15,21,15,,,,,,,,,
60,VISIT,5905,Random,OnArrival,5,8,11369,Node_208,15,0,16,15,16,,,,,,,,,
60,VISIT,5906,Random,OnArrival,5,8,11369,Node_29,15,0,12,15,12,,,,,,,,,
60,VISIT,5907,Random,OnArrival,5,8,11369,Node_39,13,0,14,13,14,,,,,,,,,
60,VISIT,5908,Random,OnArrival,5,8,11369,Node_27,21,0,16,21,16,,,,,,,,,
60,VISIT,5905,Random,OnArrival,5,9,11391,Node_209,16,0,16,16,16,,,,,,,,,
60,VISIT,5906,Random,OnArrival,5,9,11391,Node_31,15,0,13,15,13,,,,,,,,,
60,VISIT,5907,Random,OnArrival,5,9,11391,Node_41,13,0,15,13,15,,,,,,,,,
60,VISIT,5905,Random,OnArrival,5,10,11414,Node_226,17,0,16,17,16,,,,,,,,,
60,VISIT,5906,Random,OnArrival,5,10,11414,Node_206,15,0,14,15,14,,,,,,,,,
60,VISIT,5907,Random,OnArrival,5,10,11414,Node_270,13,0,16,13,16,,,,,,,,,
60,VISIT,5908,Random,OnArrival,5,9,11414,Node_30,21,0,18,21,18,,,,,,,,,
60,VISIT,5905,Random,OnArrival,5,11,11438,Node_229,17,0,17,17,17,,,,,,,,,
60,VISIT,5906,Random,OnArrival,5,11,11438,Node_37,14,0,14,14,14,,,,,,,,,
60,VISIT,5907,Random,OnArrival,5,11,11438,Node_271,13,0,17,13,17,,,,,,,,,
60,VISIT,5905,Random,OnArrival,5,12,11461,Node_274,17,0,18,17,18,,,,,,,,,
60,VISIT,5906,Random,OnArrival,5,12,11461,Node_39,13,0,14,13,14,,,,,,,,,
60,VISIT,5907,Random,OnArrival,5,12,11461,Node_273,13,0,18,13,18,,,,,,,,,
60,VISIT,5905,Random,OnArrival,5,13,11484,Node_98,18,0,18,18,18,,,,,,,,,
60,VISIT,5906,Random,OnArrival,5,13,11484,Node_41,13,0,15,13,15,,,,,,,,,
60,VISIT,5908,Random,OnArrival,5,10,11484,Node_32,21,0,19,21,19,,,,,,,,,
60,VISIT,5906,Random,OnArrival,5,14,11505,Node_270,13,0,16,13,16,,,,,,,,,
60,VISIT,5905,Random,OnArrival,5,14,11526,Node_326,20,0,18,20,18,,,,,,,,,
60,VISIT,5906,Random,OnArrival,5,15,11526,Node_271,13,0,17,13,17,,,,,,,,,
60,VISIT,5908,Random,OnArrival,5,11,11526,Node_320,22,0,20,22,20,,,,,,,,,
60,VISIT,5906,Random,OnArrival,5,16,11549,Node_273,13,0,18,13,18,,,,,,,,,
60,VISIT,5908,Random,OnArrival,5,12,11549,Node_34,21,0,20,21,20,,,,,,,,,
60,VISIT,5905,Random,OnArrival,5,15,11572,Node_98,18,0,18,18,18,,,,,,,,,
60,VISIT,5906,Random,OnArrival,5,17,11572,Node_108,12,0,18,12,18,,,,,,,,,
60,VISIT,5908,Random,OnArrival,5,13,11572,Node_317,21,0,21,21,21,,,,,,,,,
60,VISIT,5905,Random,OnArrival,5,16,11595,Node_274,17,0,18,17,18,,,,,,,,,
60,VISIT,5906,Random,OnArrival,5,18,11595,Node_275,11,0,18,11,18,,,,,,,,,
60,VISIT,5908,Random,OnArrival,5,14,11595,Node_322,22,0,21,22,21,,,,,,,,,
60,VISIT,5905,Random,OnArrival,5,17,11618,Node_276,17,0,19,17,19,,,,,,,,,
60,VISIT,5908,Random,OnArrival,5,15,11618,Node_310,22,0,22,22,22,,,,,,,,,
60,VISIT,5905,Random,OnArrival,5,18,11639,Node_101,18,0,19,18,19,,,,,,,,,
60,VISIT,5906,Random,OnArrival,5,19,11639,Node_278,11,0,20,11,20,,,,,,,,,
60,VISIT,5908,Random,OnArrival,5,16,11639,Node_316,21,0,22,21,22,,,,,,,,,
60,VISIT,5905,Random,OnArrival,5,19,11659,Node_276,17,0,19,17,19,,,,,,,,,
60,VISIT,5908,Random,OnArrival,5,17,11659,Node_310,22,0,22,22,22,,,,,,,,,
60,VISIT,5905,Random,OnArrival,5,20,11682,Node_277,17,0,20,17,20,,,,,,,,,
60,VISIT,5905,Random,OnArrival,5,21,11705,Node_281,16,0,20,16,20,,,,,,,,,
60,VISIT,5908,Random,OnArrival,5,18,11705,Node_149,24,0,22,24,22,,,,,,,,,
60,VISIT,5905,Random,OnArrival,5,22,11728,Node_280,16,0,21,16,21,,,,,,,,,
60,VISIT,5905,Random,OnArrival,5,23,11751,Node_283,15,0,21,15,21,,,,,,,,,
60,VISIT,5905,Random,OnArrival,5,24,11774,Node_332,14,0,21,14,21,,,,,,,,,
60,VISIT,5905,Random,OnArrival,5,25,11797,Node_331,14,0,20,14,20,,,,,,,,,
60,VISIT,5905,Random,OnArrival,5,26,11820,Node_282,15,0,20,15,20,,,,,,,,,
60,VISIT,5908,Random,OnArrival,5,19,11843,Node_153,24,0,24,24,24,,,,,,,,,
60,VISIT,5908,Random,OnArrival,5,20,11866,Node_347,25,0,24,25,24,,,,,,,,,
60,VISIT,5905,Random,OnArrival,5,27,11889,Node_328,14,0,18,14,18,,,,,,,,,
60,VISIT,5908,Random,OnArrival,5,21,11889,Node_345,25,0,23,25,23,,,,,,,,,
60,VISIT,5905,Random,OnArrival,5,28,11912,Node_329,14,0,19,14,19,,,,,,,,,
60,VISIT,5908,Random,OnArrival,5,22,11912,Node_151,24,0,23,24,23,,,,,,,,,
60,VISIT,5905,Random,OnArrival,5,29,11934,Node_352,15,0,19,15,19,,,,,,,,,
60,VISIT,5908,Random,OnArrival,5,23,11934,Node_345,25,0,23,25,23,,,,,,,,,
60,VISIT,5905,Random,OnArrival,5,30,11957,Node_282,15,0,20,15,20,,,,,,,,,
60,VISIT,5905,Random,OnArrival,5,31,11980,Node_281,16,0,20,16,20,,,,,,,,,
60,VISIT,5905,Random,OnArrival,5,32,12002,Node_277,17,0,20,17,20,,,,,,,,,
60,VISIT,5905,Random,OnArrival,5,33,12026,Node_103,18,0,20,18,20,,,,,,,,,
60,VISIT,5905,Random,OnArrival,5,34,12049,Node_106,18,0,21,18,21,,,,,,,,,
60,VISIT,5905,Random,OnArrival,5,35,12073,Node_279,17,0,21,17,21,,,,,,,,,
60,VISIT,5905,Random,OnArrival,5,36,12097,Node_280,16,0,21,16,21,,,,,,,,,
60,VISIT,5905,Random,OnArrival,5,37,12121,Node_283,15,0,21,15,21,,,,,,,,,
60,VISIT,5905,Random,OnArrival,5,38,12145,Node_332,14,0,21,14,21,,,,,,,,,
60,VISIT,5905,Random,OnArrival,5,39,12169,Node_333,14,0,22,14,22,,,,,,,,,
60,VISIT,5909,Random,OnArrival,5,0,12195,Node_6,19,0,12,19,12,,,,,,,,,
60,VISIT,5910,Random,OnArrival,5,0,12195,Node_7,19,0,8,19,8,,,,,,,,,
60,VISIT,5911,Random,OnArrival,5,0,12195,Node_8,17,0,10,17,10,,,,,,,,,
60,VISIT,5912,Random,OnArrival,5,0,12195,Node_9,21,0,10,21,10,,,,,,,,,
60,VISIT,5909,Random,OnArrival,5,1,12212,Node_10,18,0,12,18,12,,,,,,,,,
60,VISIT,5910,Random,OnArrival,5,1,12212,Node_3,19,0,9,19,9,,,,,,,,,
60,VISIT,5911,Random,OnArrival,5,1,12212,Node_12,17,0,11,17,11,,,,,,,,,
60,VISIT,5912,Random,OnArrival,5,1,12212,Node_5,20,0,10,20,10,,,,,,,,,
60,VISIT,5909,Random,OnArrival,5,2,12230,Node_16,17,0,12,17,12,,,,,,,,,
60,VISIT,5910,Random,OnArrival,5,2,12230,Node_15,18,0,9,18,9,,,,,,,,,
60,VISIT,5911,Random,OnArrival,5,2,12230,Node_16,17,0,12,17,12,,,,,,,,,
60,VISIT,5912,Random,OnArrival,5,2,12230,Node_38,20,0,11,20,11,,,,,,,,,
60,VISIT,5909,Random,OnArrival,5,3,12247,Node_18,16,0,12,16,12,,,,,,,,,
60,VISIT,5910,Random,OnArrival,5,3,12247,Node_4,18,0,10,18,10,,,,,,,,,
60,VISIT,5911,Random,OnArrival,5,3,12247,Node_18,16,0,12,16,12,,,,,,,,,
60,VISIT,5912,Random,OnArrival,5,3,12247,Node_40,20,0,12,20,12,,,,,,,,,
60,VISIT,5909,Random,OnArrival,5,4,12265,Node_29,15,0,12,15,12,,,,,,,,,
60,VISIT,5910,Random,OnArrival,5,4,12265,Node_8,17,0,10,17,10,,,,,,,,,
60,VISIT,5911,Random,OnArrival,5,4,12265,Node_29,15,0,12,15,12,,,,,,,,,
60,VISIT,5912,Random,OnArrival,5,4,12265,Node_42,20,0,13,20,13,,,,,,,,,
60,VISIT,5905,Random,OnArrival,5,40,12275,Node_344,11,0,25,11,25,,,,,,,,,
60,VISIT,5909,Random,OnArrival,5,5,12283,Node_31,15,0,13,15,13,,,,,,,,,
60,VISIT,5910,Random,OnArrival,5,5,12283,Node_12,17,0,11,17,11,,,,,,,,,
60,VISIT,5911,Random,OnArrival,5,5,12283,Node_31,15,0,13,15,13,,,,,,,,,
60,VISIT,5912,Random,OnArrival,5,5,12283,Node_43,20,0,14,20,14,,,,,,,,,
60,VISIT,5905,Random,OnArrival,5,41,12294,Node_342,11,0,24,11,24,,,,,,,,,
60,VISIT,5909,Random,OnArrival,5,6,12303,Node_206,15,0,14,15,14,,,,,,,,,
60,VISIT,5910,Random,OnArrival,5,6,12303,Node_16,17,0,12,17,12,,,,,,,,,
60,VISIT,5911,Random,OnArrival,5,6,12303,Node_206,15,0,14,15,14,,,,,,,,,
60,VISIT,5912,Random,OnArrival,5,6,12303,Node_44,20,0,15,20,15,,,,,,,,,
60,VISIT,5905,Random,OnArrival,5,42,12313,Node_348,10,0,24,10,24,,,,,,,,,
60,VISIT,5909,Random,OnArrival,5,7,12322,Node_37,14,0,14,14,14,,,,,,,,,
60,VISIT,5910,Random,OnArrival,5,7,12322,Node_18,16,0,12,16,12,,,,,,,,,
60,VISIT,5911,Random,OnArrival,5,7,12322,Node_37,14,0,14,14,14,,,,,,,,,
60,VISIT,5912,Random,OnArrival,5,7,12322,Node_25,21,0,15,21,15,,,,,,,,,
60,VISIT,5905,Random,OnArrival,5,43,12333,Node_346,10,0,25,10,25,,,,,,,,,
60,VISIT,5909,Random,OnArrival,5,8,12341,Node_39,13,0,14,13,14,,,,,,,,,
60,VISIT,5910,Random,OnArrival,5,8,12341,Node_29,15,0,12,15,12,,,,,,,,,
60,VISIT,5911,Random,OnArrival,5,8,12341,Node_39,13,0,14,13,14,,,,,,,,,
60,VISIT,5912,Random,OnArrival,5,8,12341,Node_45,22,0,15,22,15,,,,,,,,,
60,VISIT,5905,Random,OnArrival,5,44,12353,Node_353,9,0,25,9,25,,,,,,,,,
60,VISIT,5909,Random,OnArrival,5,9,12361,Node_41,13,0,15,13,15,,,,,,,,,
60,VISIT,5910,Random,OnArrival,5,9,12361,Node_31,15,0,13,15,13,,,,,,,,,
60,VISIT,5911,Random,OnArrival,5,9,12361,Node_41,13,0,15,13,15,,,,,,,,,
60,VISIT,5912,Random,OnArrival,5,9,12361,Node_131,23,0,15,23,15,,,,,,,,,
60,VISIT,5905,Random,OnArrival,5,45,12374,Node_350,9,0,24,9,24,,,,,,,,,
60,VISIT,5909,Random,OnArrival,5,10,12382,Node_270,13,0,16,13,16,,,,,,,,,
60,VISIT,5910,Random,OnArrival,5,10,12382,Node_206,15,0,14,15,14,,,,,,,,,
60,VISIT,5911,Random,OnArrival,5,10,12382,Node_270,13,0,16,13,16,,,,,,,,,
60,VISIT,5912,Random,OnArrival,5,10,12382,Node_68,24,0,15,24,15,,,,,,,,,
60,VISIT,5905,Random,OnArrival,5,46,12396,Node_348,10,0,24,10,24,,,,,,,,,
60,VISIT,5909,Random,OnArrival,5,11,12404,Node_271,13,0,17,13,17,,,,,,,,,
60,VISIT,5910,Random,OnArrival,5,11,12404,Node_37,14,0,14,14,14,,,,,,,,,
60,VISIT,5911,Random,OnArrival,5,11,12404,Node_271,13,0,17,13,17,,,,,,,,,
60,VISIT,5912,Random,OnArrival,5,11,12404,Node_66,24,0,14,24,14,,,,,,,,,
60,VISIT,5905,Random,OnArrival,5,47,12417,Node_342,11,0,24,11,24,,,,,,,,,
60,VISIT,5909,Random,OnArrival,5,12,12426,Node_273,13,0,18,13,18,,,,,,,,,
60,VISIT,5910,Random,OnArrival,5,12,12426,Node_39,13,0,14,13,14,,,,,,,,,
60,VISIT,5911,Random,OnArrival,5,12,12426,Node_273,13,0,18,13,18,,,,,,,,,
60,VISIT,5912,Random,OnArrival,5,12,12426,Node_110,25,0,14,25,14,,,,,,,,,
60,VISIT,5905,Random,OnArrival,5,48,12438,Node_361,12,0,24,12,24,,,,,,,,,
60,VISIT,5909,Random,OnArrival,5,13,12447,Node_108,12,0,18,12,18,,,,,,,,,
60,VISIT,5910,Random,OnArrival,5,13,12447,Node_41,13,0,15,13,15,,,,,,,,,
60,VISIT,5911,Random,OnArrival,5,13,12447,Node_108,12,0,18,12,18,,,,,,,,,
60,VISIT,5912,Random,OnArrival,5,13,12447,Node_112,25,0,15,25,15,,,,,,,,,
60,VISIT,5905,Random,OnArrival,5,49,12461,Node_360,12,0,23,12,23,,,,,,,,,
60,VISIT,5909,Random,OnArrival,5,14,12470,Node_275,11,0,18,11,18,,,,,,,,,
60,VISIT,5910,Random,OnArrival,5,14,12470,Node_270,13,0,16,13,16,,,,,,,,,
60,VISIT,5911,Random,OnArrival,5,14,12470,Node_275,11,0,18,11,18,,,,,,,,,
60,VISIT,5912,Random,OnArrival,5,14,12470,Node_113,25,0,16,25,16,,,,,,,,,
60,VISIT,5910,Random,OnArrival,5,15,12492,Node_271,13,0,17,13,17,,,,,,,,,
60,VISIT,5912,Random,OnArrival,5,15,12492,Node_114,25,0,17,25,17,,,,,,,,,
60,VISIT,5909,Random,OnArrival,5,15,12514,Node_278,11,0,20,11,20,,,,,,,,,
60,VISIT,5910,Random,OnArrival,5,16,12514,Node_273,13,0,18,13,18,,,,,,,,,
60,VISIT,5911,Random,OnArrival,5,15,12514,Node_278,11,0,20,11,20,,,,,,,,,
60,VISIT,5912,Random,OnArrival,5,16,12514,Node_115,25,0,18,25,18,,,,,,,,,
60,VISIT,5909,Random,OnArrival,5,16,12536,Node_365,12,0,20,12,20,,,,,,,,,
60,VISIT,5910,Random,OnArrival,5,17,12536,Node_108,12,0,18,12,18,,,,,,,,,
60,VISIT,5911,Random,OnArrival,5,16,12536,Node_365,12,0,20,12,20,,,,,,,,,
60,VISIT,5912,Random,OnArrival,5,17,12536,Node_141,24,0,18,24,18,,,,,,,,,
60,VISIT,5909,Random,OnArrival,5,17,12559,Node_278,11,0,20,11,20,,,,,,,,,
60,VISIT,5910,Random,OnArrival,5,18,12559,Node_275,11,0,18,11,18,,,,,,,,,
60,VISIT,5911,Random,OnArrival,5,17,12559,Node_364,12,0,21,12,21,,,,,,,,,
60,VISIT,5912,Random,OnArrival,5,18,12559,Node_144,24,0,19,24,19,,,,,,,,,
60,VISIT,5909,Random,OnArrival,5,18,12582,Node_337,11,0,21,11,21,,,,,,,,,
60,VISIT,5911,Random,OnArrival,5,18,12582,Node_337,11,0,21,11,21,,,,,,,,,
60,VISIT,5912,Random,OnArrival,5,19,12582,Node_116,25,0,19,25,19,,,,,,,,,
60,VISIT,5910,Random,OnArrival,5,19,12605,Node_278,11,0,20,11,20,,,,,,,,,
60,VISIT,5912,Random,OnArrival,5,20,12605,Node_301,25,0,20,25,20,,,,,,,,,
60,VISIT,5910,Random,OnArrival,5,20,12627,Node_337,11,0,21,11,21,,,,,,,,,
60,VISIT,5912,Random,OnArrival,5,21,12627,Node_146,24,0,20,24,20,,,,,,,,,
60,VISIT,5910,Random,OnArrival,5,21,12647,Node_364,12,0,21,12,21,,,,,,,,,
60,VISIT,5910,Random,OnArrival,5,22,12668,Node_363,12,0,22,12,22,,,,,,,,,
60,VISIT,5912,Random,OnArrival,5,22,12668,Node_149,24,0,22,24,22,,,,,,,,,
60,VISIT,5910,Random,OnArrival,5,23,12690,Node_339,11,0,22,11,22,,,,,,,,,
60,VISIT,5912,Random,OnArrival,5,23,12690,Node_151,24,0,23,24,23,,,,,,,,,
60,VISIT,5909,Random,OnArrival,5,19,12712,Node_325,8,0,20,8,20,,,,,,,,,
60,VISIT,5910,Random,OnArrival,5,24,12712,Node_363,12,0,22,12,22,,,,,,,,,
60,VISIT,5911,Random,OnArrival,5,19,12712,Node_325,8,0,20,8,20,,,,,,,,,
60,VISIT,5912,Random,OnArrival,5,24,12712,Node_153,24,0,24,24,24,,,,,,,,,
60,VISIT,5910,Random,OnArrival,5,25,12735,Node_358,13,0,22,13,22,,,,,,,,,
60,VISIT,5912,Random,OnArrival,5,25,12735,Node_351,24,0,25,24,25,,,,,,,,,
60,VISIT,5909,Random,OnArrival,5,20,12757,Node_366,9,0,21,9,21,,,,,,,,,
60,VISIT,5910,Random,OnArrival,5,26,12757,Node_333,14,0,22,14,22,,,,,,,,,
60,VISIT,5911,Random,OnArrival,5,20,12757,Node_366,9,0,21,9,21,,,,,,,,,
60,VISIT,5909,Random,OnArrival,5,21,12780,Node_369,8,0,21,8,21,,,,,,,,,
60,VISIT,5910,Random,OnArrival,5,27,12780,Node_284,15,0,22,15,22,,,,,,,,,
60,VISIT,5911,Random,OnArrival,5,21,12780,Node_369,8,0,21,8,21,,,,,,,,,
60,VISIT,5909,Random,OnArrival,5,22,12803,Node_325,8,0,20,8,20,,,,,,,,,
60,VISIT,5910,Random,OnArrival,5,28,12803,Node_333,14,0,22,14,22,,,,,,,,,
60,VISIT,5911,Random,OnArrival,5,22,12803,Node_366,9,0,21,9,21,,,,,,,,,
60,VISIT,5909,Random,OnArrival,5,23,12826,Node_228,7,0,20,7,20,,,,,,,,,
60,VISIT,5910,Random,OnArrival,5,29,12826,Node_334,14,0,23,14,23,,,,,,,,,
60,VISIT,5909,Random,OnArrival,5,24,12849,Node_225,7,0,19,7,19,,,,,,,,,
60,VISIT,5910,Random,OnArrival,5,30,12849,Node_359,13,0,23,13,23,,,,,,,,,
60,VISIT,5911,Random,OnArrival,5,23,12849,Node_337,11,0,21,11,21,,,,,,,,,
60,VISIT,5909,Random,OnArrival,5,25,12871,Node_223,7,0,18,7,18,,,,,,,,,
60,VISIT,5910,Random,OnArrival,5,31,12871,Node_358,13,0,22,13,22,,,,,,,,,
60,VISIT,5911,Random,OnArrival,5,24,12871,Node_339,11,0,22,11,22,,,,,,,,,
60,VISIT,5909,Random,OnArrival,5,26,12889,Node_294,6,0,18,6,18,,,,,,,,,
60,VISIT,5910,Random,OnArrival,5,32,12889,Node_333,14,0,22,14,22,,,,,,,,,
60,VISIT,5911,Random,OnArrival,5,25,12889,Node_363,12,0,22,12,22,,,,,,,,,
60,VISIT,5909,Random,OnArrival,5,27,12911,Node_324,5,0,18,5,18,,,,,,,,,
60,VISIT,5910,Random,OnArrival,5,33,12911,Node_284,15,0,22,15,22,,,,,,,,,
60,VISIT,5911,Random,OnArrival,5,26,12911,Node_360,12,0,23,12,23,,,,,,,,,
60,VISIT,5909,Random,OnArrival,5,28,12932,Node_294,6,0,18,6,18,,,,,,,,,
60,VISIT,5910,Random,OnArrival,5,34,12932,Node_285,15,0,23,15,23,,,,,,,,,
60,VISIT,5911,Random,OnArrival,5,27,12932,Node_341,11,0,23,11,23,,,,,,,,,
60,VISIT,5909,Random,OnArrival,5,29,12954,Node_318,6,0,17,6,17,,,,,,,,,
60,VISIT,5910,Random,OnArrival,5,35,12954,Node_340,15,0,24,15,24,,,,,,,,,
60,VISIT,5911,Random,OnArrival,5,28,12954,Node_342,11,0,24,11,24,,,,,,,,,
60,VISIT,5912,Random,OnArrival,5,26,12954,Node_106,18,0,21,18,21,,,,,,,,,
60,VISIT,5909,Random,OnArrival,5,30,12977,Node_323,5,0,17,5,17,,,,,,,,,
60,VISIT,5910,Random,OnArrival,5,36,12977,Node_335,14,0,24,14,24,,,,,,,,,
60,VISIT,5911,Random,OnArrival,5,29,12977,Node_344,11,0,25,11,25,,,,,,,,,
60,VISIT,5912,Random,OnArrival,5,27,12977,Node_375,19,0,21,19,21,,,,,,,,,
60,VISIT,5910,Random,OnArrival,5,37,13000,Node_340,15,0,24,15,24,,,,,,,,,
60,VISIT,5911,Random,OnArrival,5,30,13000,Node_346,10,0,25,10,25,,,,,,,,,
60,VISIT,5912,Random,OnArrival,5,28,13000,Node_374,19,0,22,19,22,,,,,,,,,
60,VISIT,5910,Random,OnArrival,5,38,13022,Node_285,15,0,23,15,23,,,,,,,,,
60,VISIT,5911,Random,OnArrival,5,31,13022,Node_353,9,0,25,9,25,,,,,,,,,
60,VISIT,5912,Random,OnArrival,5,29,13022,Node_109,18,0,22,18,22,,,,,,,,,
60,VISIT,5910,Random,OnArrival,5,39,13044,Node_334,14,0,23,14,23,,,,,,,,,
60,VISIT,5912,Random,OnArrival,5,30,13044,Node_374,19,0,22,19,22,,,,,,,,,
60,VISIT,5910,Random,OnArrival,5,40,13066,Node_335,14,0,24,14,24,,,,,,,,,
60,VISIT,5912,Random,OnArrival,5,31,13066,Node_373,19,0,23,19,23,,,,,,,,,
60,VISIT,5910,Random,OnArrival,5,41,13088,Node_336,14,0,25,14,25,,,,,,,,,
60,VISIT,5911,Random,OnArrival,5,32,13088,Node_355,6,0,25,6,25,,,,,,,,,
60,VISIT,5912,Random,OnArrival,5,32,13088,Node_111,18,0,23,18,23,,,,,,,,,
60,VISIT,5910,Random,OnArrival,5,42,13110,Node_338,15,0,25,15,25,,,,,,,,,
60,VISIT,5913,Random,OnArrival,5,0,13131,Node_6,19,0,12,19,12,,,,,,,,,
60,VISIT,5914,Random,OnArrival,5,0,13131,Node_7,19,0,8,19,8,,,,,,,,,
60,VISIT,5915,Random,OnArrival,5,0,13131,Node_8,17,0,10,17,10,,,,,,,,,
60,VISIT,5916,Random,OnArrival,5,0,13131,Node_9,21,0,10,21,10,,,,,,,,,
60,VISIT,5913,Random,OnArrival,5,1,13146,Node_10,18,0,12,18,12,,,,,,,,,
60,VISIT,5914,Random,OnArrival,5,1,13146,Node_3,19,0,9,19,9,,,,,,,,,
60,VISIT,5915,Random,OnArrival,5,1,13146,Node_12,17,0,11,17,11,,,,,,,,,
60,VISIT,5916,Random,OnArrival,5,1,13146,Node_5,20,0,10,20,10,,,,,,,,,
60,VISIT,5913,Random,OnArrival,5,2,13162,Node_16,17,0,12,17,12,,,,,,,,,
60,VISIT,5914,Random,OnArrival,5,2,13162,Node_15,18,0,9,18,9,,,,,,,,,
60,VISIT,5915,Random,OnArrival,5,2,13162,Node_16,17,0,12,17,12,,,,,,,,,
60,VISIT,5916,Random,OnArrival,5,2,13162,Node_38,20,0,11,20,11,,,,,,,,,
60,VISIT,5910,Random,OnArrival,5,43,13166,Node_384,18,0,25,18,25,,,,,,,,,
60,VISIT,5913,Random,OnArrival,5,3,13178,Node_18,16,0,12,16,12,,,,,,,,,
60,VISIT,5914,Random,OnArrival,5,3,13178,Node_4,18,0,10,18,10,,,,,,,,,
60,VISIT,5915,Random,OnArrival,5,3,13178,Node_18,16,0,12,16,12,,,,,,,,,
60,VISIT,5916,Random,OnArrival,5,3,13178,Node_40,20,0,12,20,12,,,,,,,,,
60,VISIT,5910,Random,OnArrival,5,44,13182,Node_371,19,0,25,19,25,,,,,,,,,
60,VISIT,5911,Random,OnArrival,5,33,13182,Node_385,6,0,22,6,22,,,,,,,,,
60,VISIT,5912,Random,OnArrival,5,33,13182,Node_338,15,0,25,15,25,,,,,,,,,
60,VISIT,5913,Random,OnArrival,5,4,13195,Node_29,15,0,12,15,12,,,,,,,,,
60,VISIT,5914,Random,OnArrival,5,4,13195,Node_8,17,0,10,17,10,,,,,,,,,
60,VISIT,5915,Random,OnArrival,5,4,13195,Node_29,15,0,12,15,12,,,,,,,,,
60,VISIT,5916,Random,OnArrival,5,4,13195,Node_42,20,0,13,20,13,,,,,,,,,
60,VISIT,5913,Random,OnArrival,5,5,13211,Node_31,15,0,13,15,13,,,,,,,,,
60,VISIT,5914,Random,OnArrival,5,5,13211,Node_12,17,0,11,17,11,,,,,,,,,
60,VISIT,5915,Random,OnArrival,5,5,13211,Node_31,15,0,13,15,13,,,,,,,,,
60,VISIT,5916,Random,OnArrival,5,5,13211,Node_43,20,0,14,20,14,,,,,,,,,
60,VISIT,5913,Random,OnArrival,5,6,13227,Node_206,15,0,14,15,14,,,,,,,,,
60,VISIT,5914,Random,OnArrival,5,6,13227,Node_16,17,0,12,17,12,,,,,,,,,
60,VISIT,5915,Random,OnArrival,5,6,13227,Node_206,15,0,14,15,14,,,,,,,,,
60,VISIT,5911,Random,OnArrival,5,34,13233,Node_383,6,0,23,6,23,,,,,,,,,
60,VISIT,5912,Random,OnArrival,5,34,13233,Node_384,18,0,25,18,25,,,,,,,,,
60,VISIT,5913,Random,OnArrival,5,7,13244,Node_37,14,0,14,14,14,,,,,,,,,
60,VISIT,5914,Random,OnArrival,5,7,13244,Node_18,16,0,12,16,12,,,,,,,,,
60,VISIT,5915,Random,OnArrival,5,7,13244,Node_37,14,0,14,14,14,,,,,,,,,
60,VISIT,5916,Random,OnArrival,5,6,13244,Node_91,18,0,14,18,14,,,,,,,,,
60,VISIT,5911,Random,OnArrival,5,35,13249,Node_381,6,0,24,6,24,,,,,,,,,
60,VISIT,5912,Random,OnArrival,5,35,13249,Node_371,19,0,25,19,25,,,,,,,,,
60,VISIT,5913,Random,OnArrival,5,8,13261,Node_39,13,0,14,13,14,,,,,,,,,
60,VISIT,5914,Random,OnArrival,5,8,13261,Node_29,15,0,12,15,12,,,,,,,,,
60,VISIT,5915,Random,OnArrival,5,8,13261,Node_39,13,0,14,13,14,,,,,,,,,
60,VISIT,5916,Random,OnArrival,5,7,13261,Node_221,17,0,14,17,14,,,,,,,,,
60,VISIT,5910,Random,OnArrival,5,45,13266,Node_351,24,0,25,24,25,,,,,,,,,
60,VISIT,5913,Random,OnArrival,5,9,13277,Node_41,13,0,15,13,15,,,,,,,,,
60,VISIT,5914,Random,OnArrival,5,9,13277,Node_31,15,0,13,15,13,,,,,,,,,
60,VISIT,5915,Random,OnArrival,5,9,13277,Node_41,13,0,15,13,15,,,,,,,,,
60,VISIT,5916,Random,OnArrival,5,8,13277,Node_211,16,0,14,16,14,,,,,,,,,
60,VISIT,5910,Random,OnArrival,5,46,13282,Node_349,25,0,25,25,25,,,,,,,,,
60,VISIT,5913,Random,OnArrival,5,10,13293,Node_270,13,0,16,13,16,,,,,,,,,
60,VISIT,5914,Random,OnArrival,5,10,13293,Node_206,15,0,14,15,14,,,,,,,,,
60,VISIT,5915,Random,OnArrival,5,10,13293,Node_270,13,0,16,13,16,,,,,,,,,
60,VISIT,5916,Random,OnArrival,5,9,13293,Node_206,15,0,14,15,14,,,,,,,,,
60,VISIT,5913,Random,OnArrival,5,11,13310,Node_271,13,0,17,13,17,,,,,,,,,
60,VISIT,5914,Random,OnArrival,5,11,13310,Node_37,14,0,14,14,14,,,,,,,,,
60,VISIT,5915,Random,OnArrival,5,11,13310,Node_271,13,0,17,13,17,,,,,,,,,
60,VISIT,5916,Random,OnArrival,5,10,13310,Node_37,14,0,14,14,14,,,,,,,,,
60,VISIT,5913,Random,OnArrival,5,12,13327,Node_273,13,0,18,13,18,,,,,,,,,
60,VISIT,5914,Random,OnArrival,5,12,13327,Node_39,13,0,14,13,14,,,,,,,,,
60,VISIT,5915,Random,OnArrival,5,12,13327,Node_273,13,0,18,13,18,,,,,,,,,
60,VISIT,5916,Random,OnArrival,5,11,13327,Node_39,13,0,14,13,14,,,,,,,,,
60,VISIT,5912,Random,OnArrival,5,36,13333,Node_351,24,0,25,24,25,,,,,,,,,
60,VISIT,5913,Random,OnArrival,5,13,13345,Node_108,12,0,18,12,18,,,,,,,,,
60,VISIT,5914,Random,OnArrival,5,13,13345,Node_41,13,0,15,13,15,,,,,,,,,
60,VISIT,5915,Random,OnArrival,5,13,13345,Node_108,12,0,18,12,18,,,,,,,,,
60,VISIT,5916,Random,OnArrival,5,12,13345,Node_41,13,0,15,13,15,,,,,,,,,
60,VISIT,5912,Random,OnArrival,5,37,13353,Node_349,25,0,25,25,25,,,,,,,,,
60,VISIT,5913,Random,OnArrival,5,14,13364,Node_275,11,0,18,11,18,,,,,,,,,
60,VISIT,5914,Random,OnArrival,5,14,13364,Node_270,13,0,16,13,16,,,,,,,,,
60,VISIT,5915,Random,OnArrival,5,14,13364,Node_275,11,0,18,11,18,,,,,,,,,
60,VISIT,5916,Random,OnArrival,5,13,13364,Node_270,13,0,16,13,16,,,,,,,,,
60,VISIT,5912,Random,OnArrival,5,38,13372,Node_347,25,0,24,25,24,,,,,,,,,
60,VISIT,5914,Random,OnArrival,5,15,13384,Node_271,13,0,17,13,17,,,,,,,,,
60,VISIT,5916,Random,OnArrival,5,14,13384,Node_271,13,0,17,13,17,,,,,,,,,
60,VISIT,5912,Random,OnArrival,5,39,13391,Node_345,25,0,23,25,23,,,,,,,,,
60,VISIT,5913,Random,OnArrival,5,15,13404,Node_278,11,0,20,11,20,,,,,,,,,
60,VISIT,5914,Random,OnArrival,5,16,13404,Node_273,13,0,18,13,18,,,,,,,,,
60,VISIT,5915,Random,OnArrival,5,15,13404,Node_278,11,0,20,11,20,,,,,,,,,
60,VISIT,5916,Random,OnArrival,5,15,13404,Node_273,13,0,18,13,18,,,,,,,,,
60,VISIT,5912,Random,OnArrival,5,40,13411,Node_343,25,0,22,25,22,,,,,,,,,
60,VISIT,5913,Random,OnArrival,5,16,13423,Node_337,11,0,21,11,21,,,,,,,,,
60,VISIT,5914,Random,OnArrival,5,17,13423,Node_108,12,0,18,12,18,,,,,,,,,
60,VISIT,5915,Random,OnArrival,5,16,13423,Node_337,11,0,21,11,21,,,,,,,,,
60,VISIT,5916,Random,OnArrival,5,16,13423,Node_108,12,0,18,12,18,,,,,,,,,
60,VISIT,5910,Random,OnArrival,5,47,13431,Node_393,29,0,25,29,25,,,,,,,,,
60,VISIT,5912,Random,OnArrival,5,41,13431,Node_357,26,0,22,26,22,,,,,,,,,
60,VISIT,5914,Random,OnArrival,5,18,13444,Node_275,11,0,18,11,18,,,,,,,,,
60,VISIT,5916,Random,OnArrival,5,17,13444,Node_275,11,0,18,11,18,,,,,,,,,
60,VISIT,5913,Random,OnArrival,5,17,13465,Node_366,9,0,21,9,21,,,,,,,,,
60,VISIT,5915,Random,OnArrival,5,17,13465,Node_366,9,0,21,9,21,,,,,,,,,
60,VISIT,5913,Random,OnArrival,5,18,13486,Node_367,9,0,22,9,22,,,,,,,,,
60,VISIT,5914,Random,OnArrival,5,19,13486,Node_278,11,0,20,11,20,,,,,,,,,
60,VISIT,5915,Random,OnArrival,5,18,13486,Node_367,9,0,22,9,22,,,,,,,,,
60,VISIT,5916,Random,OnArrival,5,18,13486,Node_278,11,0,20,11,20,,,,,,,,,
60,VISIT,5912,Random,OnArrival,5,42,13494,Node_356,26,0,23,26,23,,,,,,,,,
60,VISIT,5913,Random,OnArrival,5,19,13506,Node_368,8,0,22,8,22,,,,,,,,,
60,VISIT,5914,Random,OnArrival,5,20,13506,Node_337,11,0,21,11,21,,,,,,,,,
60,VISIT,5915,Random,OnArrival,5,19,13506,Node_368,8,0,22,8,22,,,,,,,,,
60,VISIT,5916,Random,OnArrival,5,19,13506,Node_337,11,0,21,11,21,,,,,,,,,
60,VISIT,5910,Random,OnArrival,5,48,13514,Node_349,25,0,25,25,25,,,,,,,,,
60,VISIT,5912,Random,OnArrival,5,43,13514,Node_357,26,0,22,26,22,,,,,,,,,
60,VISIT,5913,Random,OnArrival,5,20,13527,Node_387,7,0,22,7,22,,,,,,,,,
60,VISIT,5915,Random,OnArrival,5,20,13527,Node_387,7,0,22,7,22,,,,,,,,,
60,VISIT,5910,Random,OnArrival,5,49,13536,Node_351,24,0,25,24,25,,,,,,,,,
60,VISIT,5912,Random,OnArrival,5,44,13536,Node_397,27,0,22,27,22,,,,,,,,,
60,VISIT,5913,Random,OnArrival,5,21,13547,Node_385,6,0,22,6,22,,,,,,,,,
60,VISIT,5914,Random,OnArrival,5,21,13547,Node_366,9,0,21,9,21,,,,,,,,,
60,VISIT,5915,Random,OnArrival,5,21,13547,Node_385,6,0,22,6,22,,,,,,,,,
60,VISIT,5916,Random,OnArrival,5,20,13547,Node_366,9,0,21,9,21,,,,,,,,,
60,VISIT,5913,Random,OnArrival,5,22,13566,Node_383,6,0,23,6,23,,,,,,,,,
60,VISIT,5914,Random,OnArrival,5,22,13566,Node_367,9,0,22,9,22,,,,,,,,,
60,VISIT,5915,Random,OnArrival,5,22,13566,Node_383,6,0,23,6,23,,,,,,,,,
60,VISIT,5916,Random,OnArrival,5,21,13566,Node_367,9,0,22,9,22,,,,,,,,,
60,VISIT,5913,Random,OnArrival,5,23,13588,Node_381,6,0,24,6,24,,,,,,,,,
60,VISIT,5914,Random,OnArrival,5,23,13588,Node_368,8,0,22,8,22,,,,,,,,,
60,VISIT,5915,Random,OnArrival,5,23,13588,Node_381,6,0,24,6,24,,,,,,,,,
60,VISIT,5916,Random,OnArrival,5,22,13588,Node_368,8,0,22,8,22,,,,,,,,,
60,VISIT,5913,Random,OnArrival,5,24,13610,Node_355,6,0,25,6,25,,,,,,,,,
60,VISIT,5914,Random,OnArrival,5,24,13610,Node_387,7,0,22,7,22,,,,,,,,,
60,VISIT,5915,Random,OnArrival,5,24,13610,Node_389,5,0,24,5,24,,,,,,,,,
60,VISIT,5916,Random,OnArrival,5,23,13610,Node_387,7,0,22,7,22,,,,,,,,,
60,VISIT,5913,Random,OnArrival,5,25,13632,Node_390,5,0,25,5,25,,,,,,,,,
60,VISIT,5914,Random,OnArrival,5,25,13632,Node_385,6,0,22,6,22,,,,,,,,,
60,VISIT,5915,Random,OnArrival,5,25,13632,Node_392,4,0,24,4,24,,,,,,,,,
60,VISIT,5916,Random,OnArrival,5,24,13632,Node_385,6,0,22,6,22,,,,,,,,,
60,VISIT,5910,Random,OnArrival,5,50,13640,Node_371,19,0,25,19,25,,,,,,,,,
60,VISIT,5913,Random,OnArrival,5,26,13653,Node_389,5,0,24,5,24,,,,,,,,,
60,VISIT,5914,Random,OnArrival,5,26,13653,Node_383,6,0,23,6,23,,,,,,,,,
60,VISIT,5915,Random,OnArrival,5,26,13653,Node_389,5,0,24,5,24,,,,,,,,,
60,VISIT,5916,Random,OnArrival,5,25,13653,Node_383,6,0,23,6,23,,,,,,,,,
60,VISIT,5910,Random,OnArrival,5,51,13661,Node_372,19,0,24,19,24,,,,,,,,,
60,VISIT,5913,Random,OnArrival,5,27,13674,Node_381,6,0,24,6,24,,,,,,,,,
60,VISIT,5914,Random,OnArrival,5,27,13674,Node_381,6,0,24,6,24,,,,,,,,,
60,VISIT,5915,Random,OnArrival,5,27,13674,Node_381,6,0,24,6,24,,,,,,,,,
60,VISIT,5916,Random,OnArrival,5,26,13674,Node_381,6,0,24,6,24,,,,,,,,,
60,VISIT,5910,Random,OnArrival,5,52,13682,Node_382,18,0,24,18,24,,,,,,,,,
60,VISIT,5913,Random,OnArrival,5,28,13695,Node_383,6,0,23,6,23,,,,,,,,,
60,VISIT,5914,Random,OnArrival,5,28,13695,Node_355,6,0,25,6,25,,,,,,,,,
60,VISIT,5915,Random,OnArrival,5,28,13695,Node_383,6,0,23,6,23,,,,,,,,,
60,VISIT,5916,Random,OnArrival,5,27,13695,Node_355,6,0,25,6,25,,,,,,,,,
60,VISIT,5910,Random,OnArrival,5,53,13703,Node_111,18,0,23,18,23,,,,,,,,,
60,VISIT,5913,Random,OnArrival,5,29,13716,Node_385,6,0,22,6,22,,,,,,,,,
60,VISIT,5914,Random,OnArrival,5,29,13716,Node_390,5,0,25,5,25,,,,,,,,,
60,VISIT,5915,Random,OnArrival,5,29,13716,Node_385,6,0,22,6,22,,,,,,,,,
60,VISIT,5916,Random,OnArrival,5,28,13716,Node_390,5,0,25,5,25,,,,,,,,,
60,VISIT,5910,Random,OnArrival,5,54,13723,Node_373,19,0,23,19,23,,,,,,,,,
60,VISIT,5913,Random,OnArrival,5,30,13736,Node_387,7,0,22,7,22,,,,,,,,,
60,VISIT,5914,Random,OnArrival,5,30,13736,Node_389,5,0,24,5,24,,,,,,,,,
60,VISIT,5915,Random,OnArrival,5,30,13736,Node_387,7,0,22,7,22,,,,,,,,,
60,VISIT,5916,Random,OnArrival,5,29,13736,Node_389,5,0,24,5,24,,,,,,,,,
60,VISIT,5913,Random,OnArrival,5,31,13757,Node_368,8,0,22,8,22,,,,,,,,,
60,VISIT,5914,Random,OnArrival,5,31,13757,Node_381,6,0,24,6,24,,,,,,,,,
60,VISIT,5915,Random,OnArrival,5,31,13757,Node_368,8,0,22,8,22,,,,,,,,,
60,VISIT,5916,Random,OnArrival,5,30,13757,Node_381,6,0,24,6,24,,,,,,,,,
60,VISIT,5910,Random,OnArrival,5,55,13764,Node_314,21,0,23,21,23,,,,,,,,,
60,VISIT,5913,Random,OnArrival,5,32,13776,Node_369,8,0,21,8,21,,,,,,,,,
60,VISIT,5914,Random,OnArrival,5,32,13776,Node_383,6,0,23,6,23,,,,,,,,,
60,VISIT,5915,Random,OnArrival,5,32,13776,Node_369,8,0,21,8,21,,,,,,,,,
60,VISIT,5916,Random,OnArrival,5,31,13776,Node_383,6,0,23,6,23,,,,,,,,,
60,VISIT,5913,Random,OnArrival,5,33,13797,Node_325,8,0,20,8,20,,,,,,,,,
60,VISIT,5914,Random,OnArrival,5,33,13797,Node_385,6,0,22,6,22,,,,,,,,,
60,VISIT,5915,Random,OnArrival,5,33,13797,Node_325,8,0,20,8,20,,,,,,,,,
60,VISIT,5916,Random,OnArrival,5,32,13797,Node_385,6,0,22,6,22,,,,,,,,,
60,VISIT,5910,Random,OnArrival,5,56,13804,Node_373,19,0,23,19,23,,,,,,,,,
60,VISIT,5913,Random,OnArrival,5,34,13818,Node_228,7,0,20,7,20,,,,,,,,,
60,VISIT,5914,Random,OnArrival,5,34,13818,Node_387,7,0,22,7,22,,,,,,,,,
60,VISIT,5915,Random,OnArrival,5,34,13818,Node_228,7,0,20,7,20,,,,,,,,,
60,VISIT,5916,Random,OnArrival,5,33,13818,Node_387,7,0,22,7,22,,,,,,,,,
60,VISIT,5910,Random,OnArrival,5,57,13825,Node_372,19,0,24,19,24,,,,,,,,,
60,VISIT,5913,Random,OnArrival,5,35,13839,Node_231,6,0,20,6,20,,,,,,,,,
60,VISIT,5914,Random,OnArrival,5,35,13839,Node_368,8,0,22,8,22,,,,,,,,,
60,VISIT,5915,Random,OnArrival,5,35,13839,Node_231,6,0,20,6,20,,,,,,,,,
60,VISIT,5916,Random,OnArrival,5,34,13839,Node_368,8,0,22,8,22,,,,,,,,,
60,VISIT,5910,Random,OnArrival,5,58,13846,Node_371,19,0,25,19,25,,,,,,,,,
60,VISIT,5913,Random,OnArrival,5,36,13860,Node_299,5,0,20,5,20,,,,,,,,,
60,VISIT,5914,Random,OnArrival,5,36,13860,Node_369,8,0,21,8,21,,,,,,,,,
60,VISIT,5915,Random,OnArrival,5,36,13860,Node_299,5,0,20,5,20,,,,,,,,,
60,VISIT,5916,Random,OnArrival,5,35,13860,Node_369,8,0,21,8,21,,,,,,,,,
60,VISIT,5914,Random,OnArrival,5,37,13882,Node_325,8,0,20,8,20,,,,,,,,,
60,VISIT,5916,Random,OnArrival,5,36,13882,Node_325,8,0,20,8,20,,,,,,,,,
60,VISIT,5913,Random,OnArrival,5,37,13904,Node_302,3,0,20,3,20,,,,,,,,,
60,VISIT,5914,Random,OnArrival,5,38,13904,Node_228,7,0,20,7,20,,,,,,,,,
60,VISIT,5915,Random,OnArrival,5,37,13904,Node_302,3,0,20,3,20,,,,,,,,,
60,VISIT,5916,Random,OnArrival,5,37,13904,Node_228,7,0,20,7,20,,,,,,,,,
60,VISIT,5914,Random,OnArrival,5,39,13926,Node_231,6,0,20,6,20,,,,,,,,,
60,VISIT,5916,Random,OnArrival,5,38,13926,Node_231,6,0,20,6,20,,,,,,,,,
60,VISIT,5914,Random,OnArrival,5,40,13947,Node_299,5,0,20,5,20,,,,,,,,,
60,VISIT,5916,Random,OnArrival,5,39,13947,Node_299,5,0,20,5,20,,,,,,,,,
60,VISIT,5910,Random,OnArrival,5,59,13952,Node_351,24,0,25,24,25,,,,,,,,,
60,VISIT,5913,Random,OnArrival,5,38,13968,Node_308,2,0,22,2,22,,,,,,,,,
60,VISIT,5915,Random,OnArrival,5,38,13968,Node_308,2,0,22,2,22,,,,,,,,,
60,VISIT,5910,Random,OnArrival,5,60,13973,Node_349,25,0,25,25,25,,,,,,,,,
60,VISIT,5917,Random,OnArrival,5,0,13981,Node_6,19,0,12,19,12,,,,,,,,,
60,VISIT,5918,Random,OnArrival,5,0,13981,Node_7,19,0,8,19,8,,,,,,,,,
60,VISIT,5919,Random,OnArrival,5,0,13981,Node_8,17,0,10,17,10,,,,,,,,,
60,VISIT,5920,Random,OnArrival,5,0,13981,Node_9,21,0,10,21,10,,,,,,,,,
60,VISIT,5914,Random,OnArrival,5,41,13985,Node_302,3,0,20,3,20,,,,,,,,,
60,VISIT,5915,Random,OnArrival,5,39,13985,Node_401,2,0,21,2,21,,,,,,,,,
60,VISIT,5916,Random,OnArrival,5,40,13985,Node_302,3,0,20,3,20,,,,,,,,,
60,VISIT,5917,Random,OnArrival,5,1,13995,Node_10,18,0,12,18,12,,,,,,,,,
60,VISIT,5918,Random,OnArrival,5,1,13995,Node_3,19,0,9,19,9,,,,,,,,,
60,VISIT,5919,Random,OnArrival,5,1,13995,Node_12,17,0,11,17,11,,,,,,,,,
60,VISIT,5920,Random,OnArrival,5,1,13995,Node_5,20,0,10,20,10,,,,,,,,,
60,VISIT,5913,Random,OnArrival,5,39,14001,Node_313,2,0,24,2,24,,,,,,,,,
60,VISIT,5916,Random,OnArrival,5,41,14001,Node_400,2,0,20,2,20,,,,,,,,,
60,VISIT,5917,Random,OnArrival,5,2,14010,Node_16,17,0,12,17,12,,,,,,,,,
60,VISIT,5918,Random,OnArrival,5,2,14010,Node_15,18,0,9,18,9,,,,,,,,,
60,VISIT,5919,Random,OnArrival,5,2,14010,Node_16,17,0,12,17,12,,,,,,,,,
60,VISIT,5920,Random,OnArrival,5,2,14010,Node_38,20,0,11,20,11,,,,,,,,,
60,VISIT,5914,Random,OnArrival,5,42,14016,Node_299,5,0,20,5,20,,,,,,,,,
60,VISIT,5917,Random,OnArrival,5,3,14025,Node_18,16,0,12,16,12,,,,,,,,,
60,VISIT,5918,Random,OnArrival,5,3,14025,Node_4,18,0,10,18,10,,,,,,,,,
60,VISIT,5919,Random,OnArrival,5,3,14025,Node_18,16,0,12,16,12,,,,,,,,,
60,VISIT,5920,Random,OnArrival,5,3,14025,Node_40,20,0,12,20,12,,,,,,,,,
60,VISIT,5914,Random,OnArrival,5,43,14031,Node_297,5,0,19,5,19,,,,,,,,,
60,VISIT,5910,Random,OnArrival,5,61,14033,Node_393,29,0,25,29,25,,,,,,,,,
60,VISIT,5917,Random,OnArrival,5,4,14040,Node_29,15,0,12,15,12,,,,,,,,,
60,VISIT,5918,Random,OnArrival,5,4,14040,Node_8,17,0,10,17,10,,,,,,,,,
60,VISIT,5919,Random,OnArrival,5,4,14040,Node_29,15,0,12,15,12,,,,,,,,,
60,VISIT,5920,Random,OnArrival,5,4,14040,Node_42,20,0,13,20,13,,,,,,,,,
60,VISIT,5914,Random,OnArrival,5,44,14046,Node_324,5,0,18,5,18,,,,,,,,,
60,VISIT,5910,Random,OnArrival,5,62,14048,Node_396,30,0,25,30,25,,,,,,,,,
60,VISIT,5917,Random,OnArrival,5,5,14054,Node_31,15,0,13,15,13,,,,,,,,,
60,VISIT,5918,Random,OnArrival,5,5,14054,Node_12,17,0,11,17,11,,,,,,,,,
60,VISIT,5919,Random,OnArrival,5,5,14054,Node_31,15,0,13,15,13,,,,,,,,,
60,VISIT,5920,Random,OnArrival,5,5,14054,Node_43,20,0,14,20,14,,,,,,,,,
60,VISIT,5914,Random,OnArrival,5,45,14060,Node_323,5,0,17,5,17,,,,,,,,,
60,VISIT,5917,Random,OnArrival,5,6,14069,Node_206,15,0,14,15,14,,,,,,,,,
60,VISIT,5918,Random,OnArrival,5,6,14069,Node_16,17,0,12,17,12,,,,,,,,,
60,VISIT,5919,Random,OnArrival,5,6,14069,Node_206,15,0,14,15,14,,,,,,,,,
60,VISIT,5913,Random,OnArrival,5,40,14076,Node_403,1,0,24,1,24,,,,,,,,,
60,VISIT,5914,Random,OnArrival,5,46,14076,Node_321,5,0,16,5,16,,,,,,,,,
60,VISIT,5917,Random,OnArrival,5,7,14085,Node_37,14,0,14,14,14,,,,,,,,,
60,VISIT,5918,Random,OnArrival,5,7,14085,Node_18,16,0,12,16,12,,,,,,,,,
60,VISIT,5919,Random,OnArrival,5,7,14085,Node_37,14,0,14,14,14,,,,,,,,,
60,VISIT,5920,Random,OnArrival,5,6,14085,Node_91,18,0,14,18,14,,,,,,,,,
60,VISIT,5913,Random,OnArrival,5,41,14091,Node_405,1,0,25,1,25,,,,,,,,,
60,VISIT,5917,Random,OnArrival,5,8,14100,Node_39,13,0,14,13,14,,,,,,,,,
60,VISIT,5918,Random,OnArrival,5,8,14100,Node_29,15,0,12,15,12,,,,,,,,,
60,VISIT,5919,Random,OnArrival,5,8,14100,Node_39,13,0,14,13,14,,,,,,,,,
60,VISIT,5920,Random,OnArrival,5,7,14100,Node_221,17,0,14,17,14,,,,,,,,,
60,VISIT,5913,Random,OnArrival,5,42,14106,Node_315,2,0,25,2,25,,,,,,,,,
60,VISIT,5917,Random,OnArrival,5,9,14115,Node_41,13,0,15,13,15,,,,,,,,,
60,VISIT,5918,Random,OnArrival,5,9,14115,Node_31,15,0,13,15,13,,,,,,,,,
60,VISIT,5919,Random,OnArrival,5,9,14115,Node_41,13,0,15,13,15,,,,,,,,,
60,VISIT,5920,Random,OnArrival,5,8,14115,Node_211,16,0,14,16,14,,,,,,,,,
60,VISIT,5913,Random,OnArrival,5,43,14121,Node_313,2,0,24,2,24,,,,,,,,,
60,VISIT,5917,Random,OnArrival,5,10,14130,Node_270,13,0,16,13,16,,,,,,,,,
60,VISIT,5918,Random,OnArrival,5,10,14130,Node_206,15,0,14,15,14,,,,,,,,,
60,VISIT,5919,Random,OnArrival,5,10,14130,Node_270,13,0,16,13,16,,,,,,,,,
60,VISIT,5920,Random,OnArrival,5,9,14130,Node_206,15,0,14,15,14,,,,,,,,,
60,VISIT,5917,Random,OnArrival,5,11,14145,Node_271,13,0,17,13,17,,,,,,,,,
60,VISIT,5918,Random,OnArrival,5,11,14145,Node_37,14,0,14,14,14,,,,,,,,,
60,VISIT,5919,Random,OnArrival,5,11,14145,Node_271,13,0,17,13,17,,,,,,,,,
60,VISIT,5920,Random,OnArrival,5,10,14145,Node_37,14,0,14,14,14,,,,,,,,,
60,VISIT,5913,Random,OnArrival,5,44,14151,Node_308,2,0,22,2,22,,,,,,,,,
60,VISIT,5917,Random,OnArrival,5,12,14161,Node_273,13,0,18,13,18,,,,,,,,,
60,VISIT,5918,Random,OnArrival,5,12,14161,Node_39,13,0,14,13,14,,,,,,,,,
60,VISIT,5919,Random,OnArrival,5,12,14161,Node_273,13,0,18,13,18,,,,,,,,,
60,VISIT,5920,Random,OnArrival,5,11,14161,Node_39,13,0,14,13,14,,,,,,,,,
60,VISIT,5913,Random,OnArrival,5,45,14167,Node_401,2,0,21,2,21,,,,,,,,,
60,VISIT,5917,Random,OnArrival,5,13,14177,Node_108,12,0,18,12,18,,,,,,,,,
60,VISIT,5918,Random,OnArrival,5,13,14177,Node_41,13,0,15,13,15,,,,,,,,,
60,VISIT,5919,Random,OnArrival,5,13,14177,Node_108,12,0,18,12,18,,,,,,,,,
60,VISIT,5920,Random,OnArrival,5,12,14177,Node_41,13,0,15,13,15,,,,,,,,,
60,VISIT,5913,Random,OnArrival,5,46,14183,Node_303,3,0,21,3,21,,,,,,,,,
60,VISIT,5917,Random,OnArrival,5,14,14194,Node_275,11,0,18,11,18,,,,,,,,,
60,VISIT,5918,Random,OnArrival,5,14,14194,Node_270,13,0,16,13,16,,,,,,,,,
60,VISIT,5919,Random,OnArrival,5,14,14194,Node_275,11,0,18,11,18,,,,,,,,,
60,VISIT,5920,Random,OnArrival,5,13,14194,Node_270,13,0,16,13,16,,,,,,,,,
60,VISIT,5913,Random,OnArrival,5,47,14200,Node_302,3,0,20,3,20,,,,,,,,,
60,VISIT,5918,Random,OnArrival,5,15,14211,Node_271,13,0,17,13,17,,,,,,,,,
60,VISIT,5920,Random,OnArrival,5,14,14211,Node_271,13,0,17,13,17,,,,,,,,,
60,VISIT,5917,Random,OnArrival,5,15,14229,Node_289,9,0,18,9,18,,,,,,,,,
60,VISIT,5918,Random,OnArrival,5,16,14229,Node_273,13,0,18,13,18,,,,,,,,,
60,VISIT,5919,Random,OnArrival,5,15,14229,Node_289,9,0,18,9,18,,,,,,,,,
60,VISIT,5920,Random,OnArrival,5,15,14229,Node_273,13,0,18,13,18,,,,,,,,,
60,VISIT,5913,Random,OnArrival,5,48,14236,Node_299,5,0,20,5,20,,,,,,,,,
60,VISIT,5917,Random,OnArrival,5,16,14247,Node_220,8,0,18,8,18,,,,,,,,,
60,VISIT,5918,Random,OnArrival,5,17,14247,Node_108,12,0,18,12,18,,,,,,,,,
60,VISIT,5919,Random,OnArrival,5,16,14247,Node_220,8,0,18,8,18,,,,,,,,,
60,VISIT,5920,Random,OnArrival,5,16,14247,Node_108,12,0,18,12,18,,,,,,,,,
60,VISIT,5913,Random,OnArrival,5,49,14254,Node_297,5,0,19,5,19,,,,,,,,,
60,VISIT,5917,Random,OnArrival,5,17,14265,Node_223,7,0,18,7,18,,,,,,,,,
60,VISIT,5918,Random,OnArrival,5,18,14265,Node_275,11,0,18,11,18,,,,,,,,,
60,VISIT,5919,Random,OnArrival,5,17,14265,Node_223,7,0,18,7,18,,,,,,,,,
60,VISIT,5920,Random,OnArrival,5,17,14265,Node_275,11,0,18,11,18,,,,,,,,,
60,VISIT,5913,Random,OnArrival,5,50,14272,Node_324,5,0,18,5,18,,,,,,,,,
60,VISIT,5917,Random,OnArrival,5,18,14284,Node_294,6,0,18,6,18,,,,,,,,,
60,VISIT,5919,Random,OnArrival,5,18,14284,Node_294,6,0,18,6,18,,,,,,,,,
60,VISIT,5913,Random,OnArrival,5,51,14292,Node_323,5,0,17,5,17,,,,,,,,,
60,VISIT,5917,Random,OnArrival,5,19,14304,Node_318,6,0,17,6,17,,,,,,,,,
60,VISIT,5918,Random,OnArrival,5,19,14304,Node_289,9,0,18,9,18,,,,,,,,,
60,VISIT,5919,Random,OnArrival,5,19,14304,Node_318,6,0,17,6,17,,,,,,,,,
60,VISIT,5920,Random,OnArrival,5,18,14304,Node_289,9,0,18,9,18,,,,,,,,,
60,VISIT,5913,Random,OnArrival,5,52,14312,Node_321,5,0,16,5,16,,,,,,,,,
60,VISIT,5917,Random,OnArrival,5,20,14324,Node_323,5,0,17,5,17,,,,,,,,,
60,VISIT,5918,Random,OnArrival,5,20,14324,Node_220,8,0,18,8,18,,,,,,,,,
60,VISIT,5919,Random,OnArrival,5,20,14324,Node_323,5,0,17,5,17,,,,,,,,,
60,VISIT,5920,Random,OnArrival,5,19,14324,Node_220,8,0,18,8,18,,,,,,,,,
60,VISIT,5913,Random,OnArrival,5,53,14332,Node_377,4,0,16,4,16,,,,,,,,,
60,VISIT,5917,Random,OnArrival,5,21,14344,Node_376,4,0,17,4,17,,,,,,,,,
60,VISIT,5918,Random,OnArrival,5,21,14344,Node_223,7,0,18,7,18,,,,,,,,,
60,VISIT,5919,Random,OnArrival,5,21,14344,Node_376,4,0,17,4,17,,,,,,,,,
60,VISIT,5920,Random,OnArrival,5,20,14344,Node_223,7,0,18,7,18,,,,,,,,,
60,VISIT,5913,Random,OnArrival,5,54,14351,Node_321,5,0,16,5,16,,,,,,,,,
60,VISIT,5918,Random,OnArrival,5,22,14364,Node_294,6,0,18,6,18,,,,,,,,,
60,VISIT,5920,Random,OnArrival,5,21,14364,Node_294,6,0,18,6,18,,,,,,,,,
60,VISIT,5913,Random,OnArrival,5,55,14370,Node_412,5,0,15,5,15,,,,,,,,,
60,VISIT,5918,Random,OnArrival,5,23,14383,Node_318,6,0,17,6,17,,,,,,,,,
60,VISIT,5920,Random,OnArrival,5,22,14383,Node_318,6,0,17,6,17,,,,,,,,,
60,VISIT,5913,Random,OnArrival,5,56,14388,Node_378,4,0,15,4,15,,,,,,,,,
60,VISIT,5918,Random,OnArrival,5,24,14401,Node_323,5,0,17,5,17,,,,,,,,,
60,VISIT,5920,Random,OnArrival,5,23,14401,Node_319,6,0,16,6,16,,,,,,,,,
60,VISIT,5913,Random,OnArrival,5,57,14406,Node_412,5,0,15,5,15,,,,,,,,,
60,VISIT,5918,Random,OnArrival,5,25,14421,Node_376,4,0,17,4,17,,,,,,,,,
60,VISIT,5920,Random,OnArrival,5,24,14421,Node_321,5,0,16,5,16,,,,,,,,,
60,VISIT,5913,Random,OnArrival,5,58,14426,Node_415,5,0,14,5,14,,,,,,,,,
60,VISIT,5918,Random,OnArrival,5,26,14441,Node_377,4,0,16,4,16,,,,,,,,,
60,VISIT,5920,Random,OnArrival,5,25,14441,Node_412,5,0,15,5,15,,,,,,,,,
60,VISIT,5913,Random,OnArrival,5,59,14446,Node_379,4,0,14,4,14,,,,,,,,,
60,VISIT,5918,Random,OnArrival,5,27,14461,Node_378,4,0,15,4,15,,,,,,,,,
60,VISIT,5920,Random,OnArrival,5,26,14461,Node_415,5,0,14,5,14,,,,,,,,,
60,VISIT,5913,Random,OnArrival,5,60,14467,Node_415,5,0,14,5,14,,,,,,,,,
60,VISIT,5918,Random,OnArrival,5,28,14481,Node_379,4,0,14,4,14,,,,,,,,,
60,VISIT,5913,Random,OnArrival,5,61,14487,Node_448,6,0,14,6,14,,,,,,,,,
60,VISIT,5918,Random,OnArrival,5,29,14501,Node_380,3,0,14,3,14,,,,,,,,,
60,VISIT,5913,Random,OnArrival,5,62,14507,Node_450,6,0,13,6,13,,,,,,,,,
60,VISIT,5913,Random,OnArrival,5,63,14527,Node_453,6,0,12,6,12,,,,,,,,,
60,VISIT,5920,Random,OnArrival,5,27,14541,Node_421,5,0,12,5,12,,,,,,,,,
60,VISIT,5913,Random,OnArrival,5,64,14547,Node_421,5,0,12,5,12,,,,,,,,,
60,VISIT,5920,Random,OnArrival,5,28,14561,Node_453,6,0,12,6,12,,,,,,,,,
60,VISIT,5920,Random,OnArrival,5,29,14581,Node_450,6,0,13,6,13,,,,,,,,,
60,VISIT,5913,Random,OnArrival,5,65,14587,Node_425,5,0,10,5,10,,,,,,,,,
60,VISIT,5920,Random,OnArrival,5,30,14601,Node_418,5,0,13,5,13,,,,,,,,,
60,VISIT,5920,Random,OnArrival,5,31,14621,Node_421,5,0,12,5,12,,,,,,,,,
60,VISIT,5920,Random,OnArrival,5,32,14660,Node_425,5,0,10,5,10,,,,,,,,,
60,VISIT,5913,Random,OnArrival,5,66,14666,Node_458,2,0,11,2,11,,,,,,,,,
60,VISIT,5913,Random,OnArrival,5,67,14686,Node_456,1,0,11,1,11,,,,,,,,,
60,VISIT,5913,Random,OnArrival,5,68,14706,Node_458,2,0,11,2,11,,,,,,,,,
60,VISIT,5920,Random,OnArrival,5,33,14720,Node_427,5,0,9,5,9,,,,,,,,,
60,VISIT,5913,Random,OnArrival,5,69,14726,Node_466,3,0,11,3,11,,,,,,,,,
60,VISIT,5920,Random,OnArrival,5,34,14740,Node_425,5,0,10,5,10,,,,,,,,,
60,VISIT,5913,Random,OnArrival,5,70,14746,Node_464,3,0,10,3,10,,,,,,,,,
60,VISIT,5920,Random,OnArrival,5,35,14759,Node_469,6,0,10,6,10,,,,,,,,,
60,VISIT,5921,Random,OnArrival,5,0,14764,Node_6,19,0,12,19,12,,,,,,,,,
60,VISIT,5922,Random,OnArrival,5,0,14764,Node_7,19,0,8,19,8,,,,,,,,,
60,VISIT,5923,Random,OnArrival,5,0,14764,Node_8,17,0,10,17,10,,,,,,,,,
60,VISIT,5924,Random,OnArrival,5,0,14764,Node_9,21,0,10,21,10,,,,,,,,,
60,VISIT,5921,Random,OnArrival,5,1,14776,Node_10,18,0,12,18,12,,,,,,,,,
60,VISIT,5922,Random,OnArrival,5,1,14776,Node_3,19,0,9,19,9,,,,,,,,,
60,VISIT,5923,Random,OnArrival,5,1,14776,Node_12,17,0,11,17,11,,,,,,,,,
60,VISIT,5924,Random,OnArrival,5,1,14776,Node_5,20,0,10,20,10,,,,,,,,,
60,VISIT,5913,Random,OnArrival,5,71,14780,Node_462,2,0,9,2,9,,,,,,,,,
60,VISIT,5921,Random,OnArrival,5,2,14789,Node_16,17,0,12,17,12,,,,,,,,,
60,VISIT,5922,Random,OnArrival,5,2,14789,Node_15,18,0,9,18,9,,,,,,,,,
60,VISIT,5923,Random,OnArrival,5,2,14789,Node_16,17,0,12,17,12,,,,,,,,,
60,VISIT,5924,Random,OnArrival,5,2,14789,Node_38,20,0,11,20,11,,,,,,,,,
60,VISIT,5913,Random,OnArrival,5,72,14793,Node_461,1,0,9,1,9,,,,,,,,,
60,VISIT,5920,Random,OnArrival,5,36,14794,Node_286,8,0,11,8,11,,,,,,,,,
60,VISIT,5921,Random,OnArrival,5,3,14801,Node_18,16,0,12,16,12,,,,,,,,,
60,VISIT,5922,Random,OnArrival,5,3,14801,Node_4,18,0,10,18,10,,,,,,,,,
60,VISIT,5923,Random,OnArrival,5,3,14801,Node_18,16,0,12,16,12,,,,,,,,,
60,VISIT,5924,Random,OnArrival,5,3,14801,Node_40,20,0,12,20,12,,,,,,,,,
60,VISIT,5920,Random,OnArrival,5,37,14806,Node_250,9,0,11,9,11,,,,,,,,,
60,VISIT,5921,Random,OnArrival,5,4,14813,Node_29,15,0,12,15,12,,,,,,,,,
60,VISIT,5922,Random,OnArrival,5,4,14813,Node_8,17,0,10,17,10,,,,,,,,,
60,VISIT,5923,Random,OnArrival,5,4,14813,Node_29,15,0,12,15,12,,,,,,,,,
60,VISIT,5924,Random,OnArrival,5,4,14813,Node_42,20,0,13,20,13,,,,,,,,,
60,VISIT,5920,Random,OnArrival,5,38,14818,Node_248,9,0,10,9,10,,,,,,,,,
60,VISIT,5921,Random,OnArrival,5,5,14825,Node_31,15,0,13,15,13,,,,,,,,,
60,VISIT,5922,Random,OnArrival,5,5,14825,Node_12,17,0,11,17,11,,,,,,,,,
60,VISIT,5923,Random,OnArrival,5,5,14825,Node_31,15,0,13,15,13,,,,,,,,,
60,VISIT,5924,Random,OnArrival,5,5,14825,Node_43,20,0,14,20,14,,,,,,,,,
60,VISIT,5920,Random,OnArrival,5,39,14830,Node_476,8,0,10,8,10,,,,,,,,,
60,VISIT,5921,Random,OnArrival,5,6,14837,Node_206,15,0,14,15,14,,,,,,,,,
60,VISIT,5922,Random,OnArrival,5,6,14837,Node_16,17,0,12,17,12,,,,,,,,,
60,VISIT,5923,Random,OnArrival,5,6,14837,Node_206,15,0,14,15,14,,,,,,,,,
60,VISIT,5921,Random,OnArrival,5,7,14851,Node_37,14,0,14,14,14,,,,,,,,,
60,VISIT,5922,Random,OnArrival,5,7,14851,Node_18,16,0,12,16,12,,,,,,,,,
60,VISIT,5923,Random,OnArrival,5,7,14851,Node_37,14,0,14,14,14,,,,,,,,,
60,VISIT,5924,Random,OnArrival,5,6,14851,Node_91,18,0,14,18,14,,,,,,,,,
60,VISIT,5920,Random,OnArrival,5,40,14857,Node_469,6,0,10,6,10,,,,,,,,,
60,VISIT,5921,Random,OnArrival,5,8,14864,Node_39,13,0,14,13,14,,,,,,,,,
60,VISIT,5922,Random,OnArrival,5,8,14864,Node_29,15,0,12,15,12,,,,,,,,,
60,VISIT,5923,Random,OnArrival,5,8,14864,Node_39,13,0,14,13,14,,,,,,,,,
60,VISIT,5924,Random,OnArrival,5,7,14864,Node_221,17,0,14,17,14,,,,,,,,,
60,VISIT,5920,Random,OnArrival,5,41,14870,Node_425,5,0,10,5,10,,,,,,,,,
60,VISIT,5921,Random,OnArrival,5,9,14877,Node_41,13,0,15,13,15,,,,,,,,,
60,VISIT,5922,Random,OnArrival,5,9,14877,Node_31,15,0,13,15,13,,,,,,,,,
60,VISIT,5923,Random,OnArrival,5,9,14877,Node_41,13,0,15,13,15,,,,,,,,,
60,VISIT,5924,Random,OnArrival,5,8,14877,Node_211,16,0,14,16,14,,,,,,,,,
60,VISIT,5921,Random,OnArrival,5,10,14890,Node_270,13,0,16,13,16,,,,,,,,,
60,VISIT,5922,Random,OnArrival,5,10,14890,Node_206,15,0,14,15,14,,,,,,,,,
60,VISIT,5923,Random,OnArrival,5,10,14890,Node_270,13,0,16,13,16,,,,,,,,,
60,VISIT,5924,Random,OnArrival,5,9,14890,Node_206,15,0,14,15,14,,,,,,,,,
60,VISIT,5920,Random,OnArrival,5,42,14895,Node_464,3,0,10,3,10,,,,,,,,,
60,VISIT,5921,Random,OnArrival,5,11,14903,Node_271,13,0,17,13,17,,,,,,,,,
60,VISIT,5922,Random,OnArrival,5,11,14903,Node_37,14,0,14,14,14,,,,,,,,,
60,VISIT,5923,Random,OnArrival,5,11,14903,Node_271,13,0,17,13,17,,,,,,,,,
60,VISIT,5924,Random,OnArrival,5,10,14903,Node_37,14,0,14,14,14,,,,,,,,,
60,VISIT,5920,Random,OnArrival,5,43,14908,Node_460,2,0,10,2,10,,,,,,,,,
60,VISIT,5921,Random,OnArrival,5,12,14916,Node_273,13,0,18,13,18,,,,,,,,,
60,VISIT,5922,Random,OnArrival,5,12,14916,Node_39,13,0,14,13,14,,,,,,,,,
60,VISIT,5923,Random,OnArrival,5,12,14916,Node_273,13,0,18,13,18,,,,,,,,,
60,VISIT,5924,Random,OnArrival,5,11,14916,Node_39,13,0,14,13,14,,,,,,,,,
60,VISIT,5920,Random,OnArrival,5,44,14921,Node_459,1,0,10,1,10,,,,,,,,,
60,VISIT,5921,Random,OnArrival,5,13,14929,Node_108,12,0,18,12,18,,,,,,,,,
60,VISIT,5922,Random,OnArrival,5,13,14929,Node_41,13,0,15,13,15,,,,,,,,,
60,VISIT,5923,Random,OnArrival,5,13,14929,Node_108,12,0,18,12,18,,,,,,,,,
60,VISIT,5924,Random,OnArrival,5,12,14929,Node_41,13,0,15,13,15,,,,,,,,,
60,VISIT,5921,Random,OnArrival,5,14,14942,Node_275,11,0,18,11,18,,,,,,,,,
60,VISIT,5922,Random,OnArrival,5,14,14942,Node_270,13,0,16,13,16,,,,,,,,,
60,VISIT,5923,Random,OnArrival,5,14,14942,Node_275,11,0,18,11,18,,,,,,,,,
60,VISIT,5924,Random,OnArrival,5,13,14942,Node_270,13,0,16,13,16,,,,,,,,,
60,VISIT,5920,Random,OnArrival,5,45,14946,Node_478,0,0,9,0,9,,,,,,,,,
60,VISIT,5922,Random,OnArrival,5,15,14955,Node_271,13,0,17,13,17,,,,,,,,,
60,VISIT,5924,Random,OnArrival,5,14,14955,Node_271,13,0,17,13,17,,,,,,,,,
60,VISIT,5920,Random,OnArrival,5,46,14963,Node_475,-1,0,9,-1,9,,,,,,,,,
60,VISIT,5921,Random,OnArrival,5,15,14971,Node_289,9,0,18,9,18,,,,,,,,,
60,VISIT,5922,Random,OnArrival,5,16,14971,Node_273,13,0,18,13,18,,,,,,,,,
60,VISIT,5923,Random,OnArrival,5,15,14971,Node_289,9,0,18,9,18,,,,,,,,,
60,VISIT,5924,Random,OnArrival,5,15,14971,Node_273,13,0,18,13,18,,,,,,,,,
60,VISIT,5920,Random,OnArrival,5,47,14976,Node_478,0,0,9,0,9,,,,,,,,,
60,VISIT,5921,Random,OnArrival,5,16,14984,Node_220,8,0,18,8,18,,,,,,,,,
60,VISIT,5922,Random,OnArrival,5,17,14984,Node_108,12,0,18,12,18,,,,,,,,,
60,VISIT,5923,Random,OnArrival,5,16,14984,Node_220,8,0,18,8,18,,,,,,,,,
60,VISIT,5924,Random,OnArrival,5,16,14984,Node_108,12,0,18,12,18,,,,,,,,,
60,VISIT,5920,Random,OnArrival,5,48,14992,Node_461,1,0,9,1,9,,,,,,,,,
60,VISIT,5921,Random,OnArrival,5,17,15000,Node_223,7,0,18,7,18,,,,,,,,,
60,VISIT,5922,Random,OnArrival,5,18,15000,Node_275,11,0,18,11,18,,,,,,,,,
60,VISIT,5923,Random,OnArrival,5,17,15000,Node_223,7,0,18,7,18,,,,,,,,,
60,VISIT,5924,Random,OnArrival,5,17,15000,Node_275,11,0,18,11,18,,,,,,,,,
60,VISIT,5920,Random,OnArrival,5,49,15008,Node_459,1,0,10,1,10,,,,,,,,,
60,VISIT,5921,Random,OnArrival,5,18,15016,Node_294,6,0,18,6,18,,,,,,,,,
60,VISIT,5923,Random,OnArrival,5,18,15016,Node_294,6,0,18,6,18,,,,,,,,,
60,VISIT,5920,Random,OnArrival,5,50,15028,Node_456,1,0,11,1,11,,,,,,,,,
60,VISIT,5921,Random,OnArrival,5,19,15036,Node_318,6,0,17,6,17,,,,,,,,,
60,VISIT,5922,Random,OnArrival,5,19,15036,Node_289,9,0,18,9,18,,,,,,,,,
60,VISIT,5923,Random,OnArrival,5,19,15036,Node_318,6,0,17,6,17,,,,,,,,,
60,VISIT,5924,Random,OnArrival,5,18,15036,Node_289,9,0,18,9,18,,,,,,,,,
60,VISIT,5920,Random,OnArrival,5,51,15044,Node_458,2,0,11,2,11,,,,,,,,,
60,VISIT,5921,Random,OnArrival,5,20,15053,Node_323,5,0,17,5,17,,,,,,,,,
60,VISIT,5922,Random,OnArrival,5,20,15053,Node_220,8,0,18,8,18,,,,,,,,,
60,VISIT,5923,Random,OnArrival,5,20,15053,Node_323,5,0,17,5,17,,,,,,,,,
60,VISIT,5924,Random,OnArrival,5,19,15053,Node_220,8,0,18,8,18,,,,,,,,,
60,VISIT,5920,Random,OnArrival,5,52,15063,Node_457,2,0,12,2,12,,,,,,,,,
60,VISIT,5921,Random,OnArrival,5,21,15071,Node_376,4,0,17,4,17,,,,,,,,,
60,VISIT,5922,Random,OnArrival,5,21,15071,Node_223,7,0,18,7,18,,,,,,,,,
60,VISIT,5923,Random,OnArrival,5,21,15071,Node_376,4,0,17,4,17,,,,,,,,,
60,VISIT,5924,Random,OnArrival,5,20,15071,Node_223,7,0,18,7,18,,,,,,,,,
60,VISIT,5920,Random,OnArrival,5,53,15083,Node_454,1,0,12,1,12,,,,,,,,,
60,VISIT,5921,Random,OnArrival,5,22,15091,Node_441,3,0,17,3,17,,,,,,,,,
60,VISIT,5922,Random,OnArrival,5,22,15091,Node_294,6,0,18,6,18,,,,,,,,,
60,VISIT,5923,Random,OnArrival,5,22,15091,Node_441,3,0,17,3,17,,,,,,,,,
60,VISIT,5924,Random,OnArrival,5,21,15091,Node_294,6,0,18,6,18,,,,,,,,,
60,VISIT,5920,Random,OnArrival,5,54,15103,Node_456,1,0,11,1,11,,,,,,,,,
60,VISIT,5921,Random,OnArrival,5,23,15111,Node_445,2,0,17,2,17,,,,,,,,,
60,VISIT,5922,Random,OnArrival,5,23,15111,Node_318,6,0,17,6,17,,,,,,,,,
60,VISIT,5923,Random,OnArrival,5,23,15111,Node_445,2,0,17,2,17,,,,,,,,,
60,VISIT,5924,Random,OnArrival,5,22,15111,Node_318,6,0,17,6,17,,,,,,,,,
60,VISIT,5920,Random,OnArrival,5,55,15123,Node_459,1,0,10,1,10,,,,,,,,,
60,VISIT,5921,Random,OnArrival,5,24,15131,Node_446,1,0,17,1,17,,,,,,,,,
60,VISIT,5922,Random,OnArrival,5,24,15131,Node_323,5,0,17,5,17,,,,,,,,,
60,VISIT,5923,Random,OnArrival,5,24,15131,Node_446,1,0,17,1,17,,,,,,,,,
60,VISIT,5924,Random,OnArrival,5,23,15131,Node_323,5,0,17,5,17,,,,,,,,,
60,VISIT,5920,Random,OnArrival,5,56,15142,Node_482,0,0,10,0,10,,,,,,,,,
60,VISIT,5922,Random,OnArrival,5,25,15150,Node_376,4,0,17,4,17,,,,,,,,,
60,VISIT,5924,Random,OnArrival,5,24,15150,Node_376,4,0,17,4,17,,,,,,,,,
60,VISIT,5920,Random,OnArrival,5,57,15160,Node_477,-1,0,10,-1,10,,,,,,,,,
60,VISIT,5922,Random,OnArrival,5,26,15168,Node_441,3,0,17,3,17,,,,,,,,,
60,VISIT,5924,Random,OnArrival,5,25,15168,Node_441,3,0,17,3,17,,,,,,,,,
60,VISIT,5920,Random,OnArrival,5,58,15179,Node_479,-2,0,10,-2,10,,,,,,,,,
60,VISIT,5922,Random,OnArrival,5,27,15187,Node_445,2,0,17,2,17,,,,,,,,,
60,VISIT,5924,Random,OnArrival,5,26,15187,Node_445,2,0,17,2,17,,,,,,,,,
60,VISIT,5922,Random,OnArrival,5,28,15206,Node_446,1,0,17,1,17,,,,,,,,,
60,VISIT,5924,Random,OnArrival,5,27,15206,Node_446,1,0,17,1,17,,,,,,,,,
60,VISIT,5921,Random,OnArrival,5,25,15225,Node_407,-1,0,20,-1,20,,,,,,,,,
60,VISIT,5923,Random,OnArrival,5,25,15225,Node_407,-1,0,20,-1,20,,,,,,,,,
60,VISIT,5922,Random,OnArrival,5,29,15244,Node_447,1,0,15,1,15,,,,,,,,,
60,VISIT,5924,Random,OnArrival,5,28,15244,Node_447,1,0,15,1,15,,,,,,,,,
60,VISIT,5922,Random,OnArrival,5,30,15323,Node_451,1,0,13,1,13,,,,,,,,,
60,VISIT,5924,Random,OnArrival,5,29,15323,Node_451,1,0,13,1,13,,,,,,,,,
60,VISIT,5922,Random,OnArrival,5,31,15343,Node_455,2,0,13,2,13,,,,,,,,,
60,VISIT,5924,Random,OnArrival,5,30,15343,Node_455,2,0,13,2,13,,,,,,,,,
60,VISIT,5922,Random,OnArrival,5,32,15362,Node_451,1,0,13,1,13,,,,,,,,,
60,VISIT,5924,Random,OnArrival,5,31,15362,Node_451,1,0,13,1,13,,,,,,,,,
60,VISIT,5922,Random,OnArrival,5,33,15381,Node_496,0,0,13,0,13,,,,,,,,,
60,VISIT,5924,Random,OnArrival,5,32,15381,Node_449,1,0,14,1,14,,,,,,,,,
60,VISIT,5922,Random,OnArrival,5,34,15400,Node_494,0,0,14,0,14,,,,,,,,,
60,VISIT,5924,Random,OnArrival,5,33,15400,Node_494,0,0,14,0,14,,,,,,,,,
60,VISIT,5923,Random,OnArrival,5,26,15420,Node_489,-3,0,12,-3,12,,,,,,,,,
60,VISIT,5923,Random,OnArrival,5,27,15440,Node_481,-2,0,12,-2,12,,,,,,,,,
60,VISIT,5923,Random,OnArrival,5,28,15458,Node_489,-3,0,12,-3,12,,,,,,,,,
60,VISIT,5922,Random,OnArrival,5,35,15474,Node_499,-3,0,15,-3,15,,,,,,,,,
60,VISIT,5924,Random,OnArrival,5,34,15474,Node_499,-3,0,15,-3,15,,,,,,,,,
60,VISIT,5925,Random,OnArrival,5,0,15474,Node_6,19,0,12,19,12,,,,,,,,,
60,VISIT,5926,Random,OnArrival,5,0,15474,Node_7,19,0,8,19,8,,,,,,,,,
60,VISIT,5927,Random,OnArrival,5,0,15474,Node_8,17,0,10,17,10,,,,,,,,,
60,VISIT,5928,Random,OnArrival,5,0,15474,Node_9,21,0,10,21,10,,,,,,,,,
60,VISIT,5923,Random,OnArrival,5,29,15485,Node_500,-3,0,14,-3,14,,,,,,,,,
60,VISIT,5925,Random,OnArrival,5,1,15485,Node_10,18,0,12,18,12,,,,,,,,,
60,VISIT,5926,Random,OnArrival,5,1,15485,Node_3,19,0,9,19,9,,,,,,,,,
60,VISIT,5927,Random,OnArrival,5,1,15485,Node_12,17,0,11,17,11,,,,,,,,,
60,VISIT,5928,Random,OnArrival,5,1,15485,Node_5,20,0,10,20,10,,,,,,,,,
60,VISIT,5923,Random,OnArrival,5,30,15497,Node_501,-2,0,14,-2,14,,,,,,,,,
60,VISIT,5925,Random,OnArrival,5,2,15497,Node_16,17,0,12,17,12,,,,,,,,,
60,VISIT,5926,Random,OnArrival,5,2,15497,Node_15,18,0,9,18,9,,,,,,,,,
60,VISIT,5927,Random,OnArrival,5,2,15497,Node_16,17,0,12,17,12,,,,,,,,,
60,VISIT,5928,Random,OnArrival,5,2,15497,Node_38,20,0,11,20,11,,,,,,,,,
60,VISIT,5923,Random,OnArrival,5,31,15508,Node_500,-3,0,14,-3,14,,,,,,,,,
60,VISIT,5925,Random,OnArrival,5,3,15508,Node_18,16,0,12,16,12,,,,,,,,,
60,VISIT,5926,Random,OnArrival,5,3,15508,Node_4,18,0,10,18,10,,,,,,,,,
60,VISIT,5927,Random,OnArrival,5,3,15508,Node_18,16,0,12,16,12,,,,,,,,,
60,VISIT,5928,Random,OnArrival,5,3,15508,Node_40,20,0,12,20,12,,,,,,,,,
60,VISIT,5925,Random,OnArrival,5,4,15520,Node_29,15,0,12,15,12,,,,,,,,,
60,VISIT,5926,Random,OnArrival,5,4,15520,Node_8,17,0,10,17,10,,,,,,,,,
60,VISIT,5927,Random,OnArrival,5,4,15520,Node_29,15,0,12,15,12,,,,,,,,,
60,VISIT,5928,Random,OnArrival,5,4,15520,Node_42,20,0,13,20,13,,,,,,,,,
60,VISIT,5923,Random,OnArrival,5,32,15531,Node_489,-3,0,12,-3,12,,,,,,,,,
60,VISIT,5925,Random,OnArrival,5,5,15531,Node_31,15,0,13,15,13,,,,,,,,,
60,VISIT,5926,Random,OnArrival,5,5,15531,Node_12,17,0,11,17,11,,,,,,,,,
60,VISIT,5927,Random,OnArrival,5,5,15531,Node_31,15,0,13,15,13,,,,,,,,,
60,VISIT,5928,Random,OnArrival,5,5,15531,Node_43,20,0,14,20,14,,,,,,,,,
60,VISIT,5923,Random,OnArrival,5,33,15542,Node_481,-2,0,12,-2,12,,,,,,,,,
60,VISIT,5925,Random,OnArrival,5,6,15542,Node_206,15,0,14,15,14,,,,,,,,,
60,VISIT,5926,Random,OnArrival,5,6,15542,Node_16,17,0,12,17,12,,,,,,,,,
60,VISIT,5927,Random,OnArrival,5,6,15542,Node_206,15,0,14,15,14,,,,,,,,,
60,VISIT,5923,Random,OnArrival,5,34,15556,Node_480,-2,0,11,-2,11,,,,,,,,,
60,VISIT,5925,Random,OnArrival,5,7,15556,Node_37,14,0,14,14,14,,,,,,,,,
60,VISIT,5926,Random,OnArrival,5,7,15556,Node_18,16,0,12,16,12,,,,,,,,,
60,VISIT,5927,Random,OnArrival,5,7,15556,Node_37,14,0,14,14,14,,,,,,,,,
60,VISIT,5928,Random,OnArrival,5,6,15556,Node_91,18,0,14,18,14,,,,,,,,,
60,VISIT,5923,Random,OnArrival,5,35,15568,Node_488,-3,0,11,-3,11,,,,,,,,,
60,VISIT,5925,Random,OnArrival,5,8,15568,Node_39,13,0,14,13,14,,,,,,,,,
60,VISIT,5926,Random,OnArrival,5,8,15568,Node_29,15,0,12,15,12,,,,,,,,,
60,VISIT,5927,Random,OnArrival,5,8,15568,Node_39,13,0,14,13,14,,,,,,,,,
60,VISIT,5928,Random,OnArrival,5,7,15568,Node_221,17,0,14,17,14,,,,,,,,,
60,VISIT,5925,Random,OnArrival,5,9,15580,Node_41,13,0,15,13,15,,,,,,,,,
60,VISIT,5926,Random,OnArrival,5,9,15580,Node_31,15,0,13,15,13,,,,,,,,,
60,VISIT,5927,Random,OnArrival,5,9,15580,Node_41,13,0,15,13,15,,,,,,,,,
60,VISIT,5928,Random,OnArrival,5,8,15580,Node_211,16,0,14,16,14,,,,,,,,,
60,VISIT,5925,Random,OnArrival,5,10,15591,Node_270,13,0,16,13,16,,,,,,,,,
60,VISIT,5926,Random,OnArrival,5,10,15591,Node_206,15,0,14,15,14,,,,,,,,,
60,VISIT,5927,Random,OnArrival,5,10,15591,Node_270,13,0,16,13,16,,,,,,,,,
60,VISIT,5928,Random,OnArrival,5,9,15591,Node_206,15,0,14,15,14,,,,,,,,,
60,VISIT,5925,Random,OnArrival,5,11,15602,Node_271,13,0,17,13,17,,,,,,,,,
60,VISIT,5926,Random,OnArrival,5,11,15602,Node_37,14,0,14,14,14,,,,,,,,,
60,VISIT,5927,Random,OnArrival,5,11,15602,Node_271,13,0,17,13,17,,,,,,,,,
60,VISIT,5928,Random,OnArrival,5,10,15602,Node_37,14,0,14,14,14,,,,,,,,,
60,VISIT,5925,Random,OnArrival,5,12,15613,Node_273,13,0,18,13,18,,,,,,,,,
60,VISIT,5926,Random,OnArrival,5,12,15613,Node_39,13,0,14,13,14,,,,,,,,,
60,VISIT,5927,Random,OnArrival,5,12,15613,Node_273,13,0,18,13,18,,,,,,,,,
60,VISIT,5928,Random,OnArrival,5,11,15613,Node_39,13,0,14,13,14,,,,,,,,,
60,VISIT,5924,Random,OnArrival,5,35,15624,Node_510,-7,0,20,-7,20,,,,,,,,,
60,VISIT,5925,Random,OnArrival,5,13,15624,Node_108,12,0,18,12,18,,,,,,,,,
60,VISIT,5926,Random,OnArrival,5,13,15624,Node_41,13,0,15,13,15,,,,,,,,,
60,VISIT,5927,Random,OnArrival,5,13,15624,Node_108,12,0,18,12,18,,,,,,,,,
60,VISIT,5928,Random,OnArrival,5,12,15624,Node_41,13,0,15,13,15,,,,,,,,,
60,VISIT,5925,Random,OnArrival,5,14,15635,Node_275,11,0,18,11,18,,,,,,,,,
60,VISIT,5926,Random,OnArrival,5,14,15635,Node_270,13,0,16,13,16,,,,,,,,,
60,VISIT,5927,Random,OnArrival,5,14,15635,Node_275,11,0,18,11,18,,,,,,,,,
60,VISIT,5928,Random,OnArrival,5,13,15635,Node_270,13,0,16,13,16,,,,,,,,,
60,VISIT,5926,Random,OnArrival,5,15,15646,Node_271,13,0,17,13,17,,,,,,,,,
60,VISIT,5928,Random,OnArrival,5,14,15646,Node_271,13,0,17,13,17,,,,,,,,,
60,VISIT,5925,Random,OnArrival,5,15,15661,Node_289,9,0,18,9,18,,,,,,,,,
60,VISIT,5926,Random,OnArrival,5,16,15661,Node_273,13,0,18,13,18,,,,,,,,,
60,VISIT,5927,Random,OnArrival,5,15,15661,Node_289,9,0,18,9,18,,,,,,,,,
60,VISIT,5928,Random,OnArrival,5,15,15661,Node_273,13,0,18,13,18,,,,,,,,,
60,VISIT,5925,Random,OnArrival,5,16,15672,Node_220,8,0,18,8,18,,,,,,,,,
60,VISIT,5926,Random,OnArrival,5,17,15672,Node_108,12,0,18,12,18,,,,,,,,,
60,VISIT,5927,Random,OnArrival,5,16,15672,Node_220,8,0,18,8,18,,,,,,,,,
60,VISIT,5928,Random,OnArrival,5,16,15672,Node_108,12,0,18,12,18,,,,,,,,,
60,VISIT,5925,Random,OnArrival,5,17,15684,Node_223,7,0,18,7,18,,,,,,,,,
60,VISIT,5926,Random,OnArrival,5,18,15684,Node_275,11,0,18,11,18,,,,,,,,,
60,VISIT,5927,Random,OnArrival,5,17,15684,Node_223,7,0,18,7,18,,,,,,,,,
60,VISIT,5928,Random,OnArrival,5,17,15684,Node_275,11,0,18,11,18,,,,,,,,,
60,VISIT,5925,Random,OnArrival,5,18,15696,Node_225,7,0,19,7,19,,,,,,,,,
60,VISIT,5927,Random,OnArrival,5,18,15696,Node_225,7,0,19,7,19,,,,,,,,,
60,VISIT,5924,Random,OnArrival,5,36,15712,Node_442,-10,0,24,-10,24,,,,,,,,,
60,VISIT,5925,Random,OnArrival,5,19,15712,Node_228,7,0,20,7,20,,,,,,,,,
60,VISIT,5926,Random,OnArrival,5,19,15712,Node_289,9,0,18,9,18,,,,,,,,,
60,VISIT,5927,Random,OnArrival,5,19,15712,Node_228,7,0,20,7,20,,,,,,,,,
60,VISIT,5928,Random,OnArrival,5,18,15712,Node_289,9,0,18,9,18,,,,,,,,,
60,VISIT,5925,Random,OnArrival,5,20,15725,Node_231,6,0,20,6,20,,,,,,,,,
60,VISIT,5926,Random,OnArrival,5,20,15725,Node_220,8,0,18,8,18,,,,,,,,,
60,VISIT,5927,Random,OnArrival,5,20,15725,Node_231,6,0,20,6,20,,,,,,,,,
60,VISIT,5928,Random,OnArrival,5,19,15725,Node_220,8,0,18,8,18,,,,,,,,,
60,VISIT,5924,Random,OnArrival,5,37,15740,Node_439,-9,0,25,-9,25,,,,,,,,,
60,VISIT,5925,Random,OnArrival,5,21,15740,Node_299,5,0,20,5,20,,,,,,,,,
60,VISIT,5926,Random,OnArrival,5,21,15740,Node_223,7,0,18,7,18,,,,,,,,,
60,VISIT,5927,Random,OnArrival,5,21,15740,Node_299,5,0,20,5,20,,,,,,,,,
60,VISIT,5928,Random,OnArrival,5,20,15740,Node_223,7,0,18,7,18,,,,,,,,,
60,VISIT,5926,Random,OnArrival,5,22,15756,Node_225,7,0,19,7,19,,,,,,,,,
60,VISIT,5928,Random,OnArrival,5,21,15756,Node_225,7,0,19,7,19,,,,,,,,,
60,VISIT,5924,Random,OnArrival,5,38,15772,Node_437,-7,0,25,-7,25,,,,,,,,,
60,VISIT,5925,Random,OnArrival,5,22,15772,Node_302,3,0,20,3,20,,,,,,,,,
60,VISIT,5926,Random,OnArrival,5,23,15772,Node_228,7,0,20,7,20,,,,,,,,,
60,VISIT,5927,Random,OnArrival,5,22,15772,Node_302,3,0,20,3,20,,,,,,,,,
60,VISIT,5928,Random,OnArrival,5,22,15772,Node_228,7,0,20,7,20,,,,,,,,,
60,VISIT,5924,Random,OnArrival,5,39,15788,Node_432,-6,0,25,-6,25,,,,,,,,,
60,VISIT,5925,Random,OnArrival,5,23,15788,Node_400,2,0,20,2,20,,,,,,,,,
60,VISIT,5926,Random,OnArrival,5,24,15788,Node_231,6,0,20,6,20,,,,,,,,,
60,VISIT,5927,Random,OnArrival,5,23,15788,Node_400,2,0,20,2,20,,,,,,,,,
60,VISIT,5928,Random,OnArrival,5,23,15788,Node_231,6,0,20,6,20,,,,,,,,,
60,VISIT,5924,Random,OnArrival,5,40,15807,Node_430,-5,0,25,-5,25,,,,,,,,,
60,VISIT,5925,Random,OnArrival,5,24,15807,Node_404,1,0,20,1,20,,,,,,,,,
60,VISIT,5926,Random,OnArrival,5,25,15807,Node_299,5,0,20,5,20,,,,,,,,,
60,VISIT,5927,Random,OnArrival,5,24,15807,Node_404,1,0,20,1,20,,,,,,,,,
60,VISIT,5928,Random,OnArrival,5,24,15807,Node_299,5,0,20,5,20,,,,,,,,,
60,VISIT,5925,Random,OnArrival,5,25,15844,Node_407,-1,0,20,-1,20,,,,,,,,,
60,VISIT,5926,Random,OnArrival,5,26,15844,Node_302,3,0,20,3,20,,,,,,,,,
60,VISIT,5927,Random,OnArrival,5,25,15844,Node_407,-1,0,20,-1,20,,,,,,,,,
60,VISIT,5928,Random,OnArrival,5,25,15844,Node_302,3,0,20,3,20,,,,,,,,,
60,VISIT,5925,Random,OnArrival,5,26,15863,Node_487,-1,0,19,-1,19,,,,,,,,,
60,VISIT,5926,Random,OnArrival,5,27,15863,Node_400,2,0,20,2,20,,,,,,,,,
60,VISIT,5927,Random,OnArrival,5,26,15863,Node_487,-1,0,19,-1,19,,,,,,,,,
60,VISIT,5928,Random,OnArrival,5,26,15863,Node_400,2,0,20,2,20,,,,,,,,,
60,VISIT,5925,Random,OnArrival,5,27,15882,Node_491,-2,0,19,-2,19,,,,,,,,,
60,VISIT,5926,Random,OnArrival,5,28,15882,Node_404,1,0,20,1,20,,,,,,,,,
60,VISIT,5927,Random,OnArrival,5,27,15882,Node_491,-2,0,19,-2,19,,,,,,,,,
60,VISIT,5928,Random,OnArrival,5,27,15882,Node_404,1,0,20,1,20,,,,,,,,,
60,VISIT,5924,Random,OnArrival,5,41,15901,Node_406,0,0,25,0,25,,,,,,,,,
60,VISIT,5925,Random,OnArrival,5,28,15901,Node_493,-2,0,18,-2,18,,,,,,,,,
60,VISIT,5927,Random,OnArrival,5,28,15901,Node_493,-2,0,18,-2,18,,,,,,,,,
60,VISIT,5925,Random,OnArrival,5,29,15920,Node_485,-1,0,18,-1,18,,,,,,,,,
60,VISIT,5926,Random,OnArrival,5,29,15920,Node_407,-1,0,20,-1,20,,,,,,,,,
60,VISIT,5927,Random,OnArrival,5,29,15920,Node_485,-1,0,18,-1,18,,,,,,,,,
60,VISIT,5928,Random,OnArrival,5,28,15920,Node_407,-1,0,20,-1,20,,,,,,,,,
60,VISIT,5925,Random,OnArrival,5,30,15939,Node_493,-2,0,18,-2,18,,,,,,,,,
60,VISIT,5926,Random,OnArrival,5,30,15939,Node_487,-1,0,19,-1,19,,,,,,,,,
60,VISIT,5927,Random,OnArrival,5,30,15939,Node_493,-2,0,18,-2,18,,,,,,,,,
60,VISIT,5928,Random,OnArrival,5,29,15939,Node_487,-1,0,19,-1,19,,,,,,,,,
60,VISIT,5925,Random,OnArrival,5,31,15958,Node_495,-2,0,17,-2,17,,,,,,,,,
60,VISIT,5926,Random,OnArrival,5,31,15958,Node_407,-1,0,20,-1,20,,,,,,,,,
60,VISIT,5927,Random,OnArrival,5,31,15958,Node_495,-2,0,17,-2,17,,,,,,,,,
60,VISIT,5928,Random,OnArrival,5,30,15958,Node_407,-1,0,20,-1,20,,,,,,,,,
60,VISIT,5925,Random,OnArrival,5,32,15977,Node_497,-3,0,17,-3,17,,,,,,,,,
60,VISIT,5927,Random,OnArrival,5,32,15977,Node_497,-3,0,17,-3,17,,,,,,,,,
60,VISIT,5924,Random,OnArrival,5,42,15996,Node_430,-5,0,25,-5,25,,,,,,,,,
60,VISIT,5925,Random,OnArrival,5,33,15996,Node_505,-4,0,17,-4,17,,,,,,,,,
60,VISIT,5926,Random,OnArrival,5,32,15996,Node_410,-1,0,22,-1,22,,,,,,,,,
60,VISIT,5927,Random,OnArrival,5,33,15996,Node_505,-4,0,17,-4,17,,,,,,,,,
60,VISIT,5928,Random,OnArrival,5,31,15996,Node_410,-1,0,22,-1,22,,,,,,,,,
60,VISIT,5924,Random,OnArrival,5,43,16015,Node_429,-5,0,24,-5,24,,,,,,,,,
60,VISIT,5926,Random,OnArrival,5,33,16015,Node_413,-2,0,22,-2,22,,,,,,,,,
60,VISIT,5928,Random,OnArrival,5,32,16015,Node_413,-2,0,22,-2,22,,,,,,,,,
60,VISIT,5924,Random,OnArrival,5,44,16034,Node_434,-6,0,24,-6,24,,,,,,,,,
60,VISIT,5925,Random,OnArrival,5,34,16034,Node_507,-5,0,18,-5,18,,,,,,,,,
60,VISIT,5926,Random,OnArrival,5,34,16034,Node_422,-3,0,22,-3,22,,,,,,,,,
60,VISIT,5927,Random,OnArrival,5,34,16034,Node_507,-5,0,18,-5,18,,,,,,,,,
60,VISIT,5928,Random,OnArrival,5,33,16034,Node_422,-3,0,22,-3,22,,,,,,,,,
60,VISIT,5924,Random,OnArrival,5,45,16053,Node_432,-6,0,25,-6,25,,,,,,,,,
60,VISIT,5926,Random,OnArrival,5,35,16053,Node_424,-4,0,22,-4,22,,,,,,,,,
60,VISIT,5928,Random,OnArrival,5,34,16053,Node_419,-3,0,23,-3,23,,,,,,,,,
60,VISIT,5924,Random,OnArrival,5,46,16071,Node_437,-7,0,25,-7,25,,,,,,,,,
60,VISIT,5928,Random,OnArrival,5,35,16071,Node_426,-4,0,23,-4,23,,,,,,,,,
60,VISIT,5926,Random,OnArrival,5,36,16090,Node_428,-5,0,23,-5,23,,,,,,,,,
60,VISIT,5928,Random,OnArrival,5,36,16090,Node_428,-5,0,23,-5,23,,,,,,,,,
60,VISIT,5924,Random,OnArrival,5,47,16108,Node_439,-9,0,25,-9,25,,,,,,,,,
60,VISIT,5926,Random,OnArrival,5,37,16108,Node_429,-5,0,24,-5,24,,,,,,,,,
60,VISIT,5928,Random,OnArrival,5,37,16108,Node_429,-5,0,24,-5,24,,,,,,,,,
60,VISIT,5929,Random,OnArrival,5,0,16117,Node_6,19,0,12,19,12,,,,,,,,,
60,VISIT,5930,Random,OnArrival,5,0,16117,Node_7,19,0,8,19,8,,,,,,,,,
60,VISIT,5931,Random,OnArrival,5,0,16117,Node_8,17,0,10,17,10,,,,,,,,,
60,VISIT,5932,Random,OnArrival,5,0,16117,Node_9,21,0,10,21,10,,,,,,,,,
60,VISIT,5924,Random,OnArrival,5,48,16121,Node_440,-9,0,24,-9,24,,,,,,,,,
60,VISIT,5926,Random,OnArrival,5,38,16121,Node_430,-5,0,25,-5,25,,,,,,,,,
60,VISIT,5928,Random,OnArrival,5,38,16121,Node_430,-5,0,25,-5,25,,,,,,,,,
60,VISIT,5929,Random,OnArrival,5,1,16126,Node_10,18,0,12,18,12,,,,,,,,,
60,VISIT,5930,Random,OnArrival,5,1,16126,Node_3,19,0,9,19,9,,,,,,,,,
60,VISIT,5931,Random,OnArrival,5,1,16126,Node_24,16,0,10,16,10,,,,,,,,,
60,VISIT,5932,Random,OnArrival,5,1,16126,Node_5,20,0,10,20,10,,,,,,,,,
60,VISIT,5924,Random,OnArrival,5,49,16131,Node_442,-10,0,24,-10,24,,,,,,,,,
60,VISIT,5926,Random,OnArrival,5,39,16131,Node_432,-6,0,25,-6,25,,,,,,,,,
60,VISIT,5928,Random,OnArrival,5,39,16131,Node_432,-6,0,25,-6,25,,,,,,,,,
60,VISIT,5929,Random,OnArrival,5,2,16137,Node_16,17,0,12,17,12,,,,,,,,,
60,VISIT,5930,Random,OnArrival,5,2,16137,Node_15,18,0,9,18,9,,,,,,,,,
60,VISIT,5931,Random,OnArrival,5,2,16137,Node_26,15,0,10,15,10,,,,,,,,,
60,VISIT,5932,Random,OnArrival,5,2,16137,Node_20,19,0,10,19,10,,,,,,,,,
60,VISIT,5926,Random,OnArrival,5,40,16141,Node_437,-7,0,25,-7,25,,,,,,,,,
60,VISIT,5928,Random,OnArrival,5,40,16141,Node_437,-7,0,25,-7,25,,,,,,,,,
60,VISIT,5929,Random,OnArrival,5,3,16148,Node_18,16,0,12,16,12,,,,,,,,,
60,VISIT,5930,Random,OnArrival,5,3,16148,Node_4,18,0,10,18,10,,,,,,,,,
60,VISIT,5931,Random,OnArrival,5,3,16148,Node_86,14,0,10,14,10,,,,,,,,,
60,VISIT,5932,Random,OnArrival,5,3,16148,Node_4,18,0,10,18,10,,,,,,,,,
60,VISIT,5924,Random,OnArrival,5,50,16152,Node_522,-10,0,22,-10,22,,,,,,,,,
60,VISIT,5929,Random,OnArrival,5,4,16159,Node_29,15,0,12,15,12,,,,,,,,,
60,VISIT,5930,Random,OnArrival,5,4,16159,Node_8,17,0,10,17,10,,,,,,,,,
60,VISIT,5931,Random,OnArrival,5,4,16159,Node_88,13,0,10,13,10,,,,,,,,,
60,VISIT,5932,Random,OnArrival,5,4,16159,Node_8,17,0,10,17,10,,,,,,,,,
60,VISIT,5926,Random,OnArrival,5,41,16163,Node_439,-9,0,25,-9,25,,,,,,,,,
60,VISIT,5928,Random,OnArrival,5,41,16163,Node_439,-9,0,25,-9,25,,,,,,,,,
60,VISIT,5929,Random,OnArrival,5,5,16169,Node_31,15,0,13,15,13,,,,,,,,,
60,VISIT,5930,Random,OnArrival,5,5,16169,Node_24,16,0,10,16,10,,,,,,,,,
60,VISIT,5931,Random,OnArrival,5,5,16169,Node_138,13,0,9,13,9,,,,,,,,,
60,VISIT,5932,Random,OnArrival,5,5,16169,Node_24,16,0,10,16,10,,,,,,,,,
60,VISIT,5924,Random,OnArrival,5,51,16175,Node_532,-10,0,20,-10,20,,,,,,,,,
60,VISIT,5925,Random,OnArrival,5,35,16175,Node_531,-10,0,21,-10,21,,,,,,,,,
60,VISIT,5926,Random,OnArrival,5,42,16175,Node_440,-9,0,24,-9,24,,,,,,,,,
60,VISIT,5927,Random,OnArrival,5,35,16175,Node_531,-10,0,21,-10,21,,,,,,,,,
60,VISIT,5928,Random,OnArrival,5,42,16175,Node_440,-9,0,24,-9,24,,,,,,,,,
60,VISIT,5929,Random,OnArrival,5,6,16181,Node_206,15,0,14,15,14,,,,,,,,,
60,VISIT,5930,Random,OnArrival,5,6,16181,Node_26,15,0,10,15,10,,,,,,,,,
60,VISIT,5931,Random,OnArrival,5,6,16181,Node_135,13,0,8,13,8,,,,,,,,,
60,VISIT,5932,Random,OnArrival,5,6,16181,Node_26,15,0,10,15,10,,,,,,,,,
60,VISIT,5924,Random,OnArrival,5,52,16187,Node_518,-9,0,20,-9,20,,,,,,,,,
60,VISIT,5925,Random,OnArrival,5,36,16187,Node_520,-9,0,21,-9,21,,,,,,,,,
60,VISIT,5926,Random,OnArrival,5,43,16187,Node_442,-10,0,24,-10,24,,,,,,,,,
60,VISIT,5927,Random,OnArrival,5,36,16187,Node_520,-9,0,21,-9,21,,,,,,,,,
60,VISIT,5928,Random,OnArrival,5,43,16187,Node_442,-10,0,24,-10,24,,,,,,,,,
60,VISIT,5929,Random,OnArrival,5,7,16193,Node_37,14,0,14,14,14,,,,,,,,,
60,VISIT,5930,Random,OnArrival,5,7,16193,Node_86,14,0,10,14,10,,,,,,,,,
60,VISIT,5931,Random,OnArrival,5,7,16193,Node_132,13,0,7,13,7,,,,,,,,,
60,VISIT,5932,Random,OnArrival,5,7,16193,Node_86,14,0,10,14,10,,,,,,,,,
60,VISIT,5924,Random,OnArrival,5,53,16199,Node_532,-10,0,20,-10,20,,,,,,,,,
60,VISIT,5925,Random,OnArrival,5,37,16199,Node_518,-9,0,20,-9,20,,,,,,,,,
60,VISIT,5927,Random,OnArrival,5,37,16199,Node_518,-9,0,20,-9,20,,,,,,,,,
60,VISIT,5929,Random,OnArrival,5,8,16205,Node_39,13,0,14,13,14,,,,,,,,,
60,VISIT,5930,Random,OnArrival,5,8,16205,Node_88,13,0,10,13,10,,,,,,,,,
60,VISIT,5931,Random,OnArrival,5,8,16205,Node_129,13,0,6,13,6,,,,,,,,,
60,VISIT,5932,Random,OnArrival,5,8,16205,Node_88,13,0,10,13,10,,,,,,,,,
60,VISIT,5926,Random,OnArrival,5,44,16211,Node_522,-10,0,22,-10,22,,,,,,,,,
60,VISIT,5927,Random,OnArrival,5,38,16211,Node_532,-10,0,20,-10,20,,,,,,,,,
60,VISIT,5928,Random,OnArrival,5,44,16211,Node_522,-10,0,22,-10,22,,,,,,,,,
60,VISIT,5929,Random,OnArrival,5,9,16218,Node_41,13,0,15,13,15,,,,,,,,,
60,VISIT,5930,Random,OnArrival,5,9,16218,Node_138,13,0,9,13,9,,,,,,,,,
60,VISIT,5931,Random,OnArrival,5,9,16218,Node_150,12,0,6,12,6,,,,,,,,,
60,VISIT,5932,Random,OnArrival,5,9,16218,Node_138,13,0,9,13,9,,,,,,,,,
60,VISIT,5924,Random,OnArrival,5,54,16227,Node_530,-10,0,18,-10,18,,,,,,,,,
60,VISIT,5925,Random,OnArrival,5,38,16227,Node_510,-7,0,20,-7,20,,,,,,,,,
60,VISIT,5926,Random,OnArrival,5,45,16227,Node_531,-10,0,21,-10,21,,,,,,,,,
60,VISIT,5928,Random,OnArrival,5,45,16227,Node_521,-9,0,22,-9,22,,,,,,,,,
60,VISIT,5929,Random,OnArrival,5,10,16234,Node_270,13,0,16,13,16,,,,,,,,,
60,VISIT,5930,Random,OnArrival,5,10,16234,Node_135,13,0,8,13,8,,,,,,,,,
60,VISIT,5931,Random,OnArrival,5,10,16234,Node_155,11,0,6,11,6,,,,,,,,,
60,VISIT,5932,Random,OnArrival,5,10,16234,Node_135,13,0,8,13,8,,,,,,,,,
60,VISIT,5926,Random,OnArrival,5,46,16242,Node_532,-10,0,20,-10,20,,,,,,,,,
60,VISIT,5927,Random,OnArrival,5,39,16242,Node_530,-10,0,18,-10,18,,,,,,,,,
60,VISIT,5928,Random,OnArrival,5,46,16242,Node_520,-9,0,21,-9,21,,,,,,,,,
60,VISIT,5929,Random,OnArrival,5,11,16248,Node_271,13,0,17,13,17,,,,,,,,,
60,VISIT,5930,Random,OnArrival,5,11,16248,Node_132,13,0,7,13,7,,,,,,,,,
60,VISIT,5931,Random,OnArrival,5,11,16248,Node_156,10,0,6,10,6,,,,,,,,,
60,VISIT,5932,Random,OnArrival,5,11,16248,Node_132,13,0,7,13,7,,,,,,,,,
60,VISIT,5925,Random,OnArrival,5,39,16256,Node_508,-5,0,20,-5,20,,,,,,,,,
60,VISIT,5927,Random,OnArrival,5,40,16256,Node_529,-9,0,18,-9,18,,,,,,,,,
60,VISIT,5928,Random,OnArrival,5,47,16256,Node_518,-9,0,20,-9,20,,,,,,,,,
60,VISIT,5929,Random,OnArrival,5,12,16264,Node_273,13,0,18,13,18,,,,,,,,,
60,VISIT,5930,Random,OnArrival,5,12,16264,Node_129,13,0,6,13,6,,,,,,,,,
60,VISIT,5931,Random,OnArrival,5,12,16264,Node_307,9,0,6,9,6,,,,,,,,,
60,VISIT,5932,Random,OnArrival,5,12,16264,Node_129,13,0,6,13,6,,,,,,,,,
60,VISIT,5926,Random,OnArrival,5,47,16273,Node_530,-10,0,18,-10,18,,,,,,,,,
60,VISIT,5927,Random,OnArrival,5,41,16273,Node_528,-9,0,17,-9,17,,,,,,,,,
60,VISIT,5929,Random,OnArrival,5,13,16281,Node_108,12,0,18,12,18,,,,,,,,,
60,VISIT,5930,Random,OnArrival,5,13,16281,Node_150,12,0,6,12,6,,,,,,,,,
60,VISIT,5931,Random,OnArrival,5,13,16281,Node_304,9,0,5,9,5,,,,,,,,,
60,VISIT,5932,Random,OnArrival,5,13,16281,Node_150,12,0,6,12,6,,,,,,,,,
60,VISIT,5925,Random,OnArrival,5,40,16289,Node_508,-5,0,20,-5,20,,,,,,,,,
60,VISIT,5926,Random,OnArrival,5,48,16289,Node_529,-9,0,18,-9,18,,,,,,,,,
60,VISIT,5928,Random,OnArrival,5,48,16289,Node_510,-7,0,20,-7,20,,,,,,,,,
60,VISIT,5929,Random,OnArrival,5,14,16298,Node_275,11,0,18,11,18,,,,,,,,,
60,VISIT,5930,Random,OnArrival,5,14,16298,Node_155,11,0,6,11,6,,,,,,,,,
60,VISIT,5932,Random,OnArrival,5,14,16298,Node_155,11,0,6,11,6,,,,,,,,,
60,VISIT,5926,Random,OnArrival,5,49,16305,Node_528,-9,0,17,-9,17,,,,,,,,,
60,VISIT,5930,Random,OnArrival,5,15,16314,Node_156,10,0,6,10,6,,,,,,,,,
60,VISIT,5931,Random,OnArrival,5,14,16314,Node_309,8,0,6,8,6,,,,,,,,,
60,VISIT,5932,Random,OnArrival,5,15,16314,Node_156,10,0,6,10,6,,,,,,,,,
60,VISIT,5925,Random,OnArrival,5,41,16323,Node_507,-5,0,18,-5,18,,,,,,,,,
60,VISIT,5926,Random,OnArrival,5,50,16323,Node_533,-10,0,17,-10,17,,,,,,,,,
60,VISIT,5928,Random,OnArrival,5,49,16323,Node_508,-5,0,20,-5,20,,,,,,,,,
60,VISIT,5929,Random,OnArrival,5,15,16332,Node_289,9,0,18,9,18,,,,,,,,,
60,VISIT,5930,Random,OnArrival,5,16,16332,Node_155,11,0,6,11,6,,,,,,,,,
60,VISIT,5932,Random,OnArrival,5,16,16332,Node_158,10,0,5,10,5,,,,,,,,,
60,VISIT,5925,Random,OnArrival,5,42,16339,Node_525,-6,0,18,-6,18,,,,,,,,,
60,VISIT,5929,Random,OnArrival,5,16,16348,Node_220,8,0,18,8,18,,,,,,,,,
60,VISIT,5930,Random,OnArrival,5,17,16348,Node_154,11,0,5,11,5,,,,,,,,,
60,VISIT,5932,Random,OnArrival,5,17,16348,Node_159,10,0,4,10,4,,,,,,,,,
60,VISIT,5925,Random,OnArrival,5,43,16355,Node_526,-6,0,17,-6,17,,,,,,,,,
60,VISIT,5928,Random,OnArrival,5,50,16355,Node_507,-5,0,18,-5,18,,,,,,,,,
60,VISIT,5929,Random,OnArrival,5,17,16365,Node_223,7,0,18,7,18,,,,,,,,,
60,VISIT,5930,Random,OnArrival,5,18,16365,Node_300,11,0,4,11,4,,,,,,,,,
60,VISIT,5931,Random,OnArrival,5,15,16365,Node_311,8,0,7,8,7,,,,,,,,,
60,VISIT,5932,Random,OnArrival,5,18,16365,Node_300,11,0,4,11,4,,,,,,,,,
60,VISIT,5925,Random,OnArrival,5,44,16372,Node_524,-5,0,17,-5,17,,,,,,,,,
60,VISIT,5926,Random,OnArrival,5,51,16372,Node_541,-10,0,14,-10,14,,,,,,,,,
60,VISIT,5927,Random,OnArrival,5,42,16372,Node_537,-9,0,15,-9,15,,,,,,,,,
60,VISIT,5928,Random,OnArrival,5,51,16372,Node_524,-5,0,17,-5,17,,,,,,,,,
60,VISIT,5929,Random,OnArrival,5,18,16382,Node_225,7,0,19,7,19,,,,,,,,,
60,VISIT,5930,Random,OnArrival,5,19,16382,Node_159,10,0,4,10,4,,,,,,,,,
60,VISIT,5932,Random,OnArrival,5,19,16382,Node_159,10,0,4,10,4,,,,,,,,,
60,VISIT,5925,Random,OnArrival,5,45,16389,Node_526,-6,0,17,-6,17,,,,,,,,,
60,VISIT,5928,Random,OnArrival,5,52,16389,Node_505,-4,0,17,-4,17,,,,,,,,,
60,VISIT,5929,Random,OnArrival,5,19,16398,Node_228,7,0,20,7,20,,,,,,,,,
60,VISIT,5930,Random,OnArrival,5,20,16398,Node_300,11,0,4,11,4,,,,,,,,,
60,VISIT,5931,Random,OnArrival,5,16,16398,Node_311,8,0,7,8,7,,,,,,,,,
60,VISIT,5932,Random,OnArrival,5,20,16398,Node_160,10,0,3,10,3,,,,,,,,,
60,VISIT,5928,Random,OnArrival,5,53,16406,Node_497,-3,0,17,-3,17,,,,,,,,,
60,VISIT,5929,Random,OnArrival,5,20,16415,Node_231,6,0,20,6,20,,,,,,,,,
60,VISIT,5930,Random,OnArrival,5,21,16415,Node_298,11,0,3,11,3,,,,,,,,,
60,VISIT,5931,Random,OnArrival,5,17,16415,Node_309,8,0,6,8,6,,,,,,,,,
60,VISIT,5932,Random,OnArrival,5,21,16415,Node_298,11,0,3,11,3,,,,,,,,,
60,VISIT,5927,Random,OnArrival,5,43,16423,Node_538,-9,0,14,-9,14,,,,,,,,,
60,VISIT,5928,Random,OnArrival,5,54,16423,Node_498,-3,0,16,-3,16,,,,,,,,,
60,VISIT,5929,Random,OnArrival,5,21,16432,Node_299,5,0,20,5,20,,,,,,,,,
60,VISIT,5931,Random,OnArrival,5,18,16432,Node_539,7,0,6,7,6,,,,,,,,,
60,VISIT,5925,Random,OnArrival,5,46,16439,Node_528,-9,0,17,-9,17,,,,,,,,,
60,VISIT,5927,Random,OnArrival,5,44,16439,Node_541,-10,0,14,-10,14,,,,,,,,,
60,VISIT,5928,Random,OnArrival,5,55,16439,Node_504,-4,0,16,-4,16,,,,,,,,,
60,VISIT,5925,Random,OnArrival,5,47,16457,Node_535,-9,0,16,-9,16,,,,,,,,,
60,VISIT,5928,Random,OnArrival,5,56,16457,Node_505,-4,0,17,-4,17,,,,,,,,,
60,VISIT,5929,Random,OnArrival,5,22,16467,Node_302,3,0,20,3,20,,,,,,,,,
60,VISIT,5925,Random,OnArrival,5,48,16475,Node_540,-10,0,16,-10,16,,,,,,,,,
60,VISIT,5928,Random,OnArrival,5,57,16475,Node_524,-5,0,17,-5,17,,,,,,,,,
60,VISIT,5929,Random,OnArrival,5,23,16483,Node_303,3,0,21,3,21,,,,,,,,,
60,VISIT,5931,Random,OnArrival,5,19,16483,Node_433,5,0,5,5,5,,,,,,,,,
60,VISIT,5925,Random,OnArrival,5,49,16492,Node_543,-10,0,15,-10,15,,,,,,,,,
60,VISIT,5927,Random,OnArrival,5,45,16492,Node_547,-10,0,11,-10,11,,,,,,,,,
60,VISIT,5928,Random,OnArrival,5,58,16492,Node_526,-6,0,17,-6,17,,,,,,,,,
60,VISIT,5929,Random,OnArrival,5,24,16501,Node_306,3,0,22,3,22,,,,,,,,,
60,VISIT,5931,Random,OnArrival,5,20,16501,Node_553,6,0,5,6,5,,,,,,,,,
60,VISIT,5925,Random,OnArrival,5,50,16510,Node_537,-9,0,15,-9,15,,,,,,,,,
60,VISIT,5929,Random,OnArrival,5,25,16518,Node_308,2,0,22,2,22,,,,,,,,,
60,VISIT,5931,Random,OnArrival,5,21,16518,Node_551,6,0,6,6,6,,,,,,,,,
60,VISIT,5925,Random,OnArrival,5,51,16527,Node_545,-8,0,15,-8,15,,,,,,,,,
60,VISIT,5931,Random,OnArrival,5,22,16535,Node_431,5,0,6,5,6,,,,,,,,,
60,VISIT,5927,Random,OnArrival,5,46,16544,Node_549,-10,0,10,-10,10,,,,,,,,,
60,VISIT,5928,Random,OnArrival,5,59,16544,Node_528,-9,0,17,-9,17,,,,,,,,,
60,VISIT,5929,Random,OnArrival,5,26,16551,Node_313,2,0,24,2,24,,,,,,,,,
60,VISIT,5928,Random,OnArrival,5,60,16560,Node_535,-9,0,16,-9,16,,,,,,,,,
60,VISIT,5929,Random,OnArrival,5,27,16567,Node_315,2,0,25,2,25,,,,,,,,,
60,VISIT,5927,Random,OnArrival,5,47,16577,Node_554,-10,0,8,-10,8,,,,,,,,,
60,VISIT,5928,Random,OnArrival,5,61,16577,Node_537,-9,0,15,-9,15,,,,,,,,,
60,VISIT,5929,Random,OnArrival,5,28,16585,Node_405,1,0,25,1,25,,,,,,,,,
60,VISIT,5928,Random,OnArrival,5,62,16595,Node_545,-8,0,15,-8,15,,,,,,,,,
60,VISIT,5929,Random,OnArrival,5,29,16603,Node_406,0,0,25,0,25,,,,,,,,,
60,VISIT,5931,Random,OnArrival,5,23,16603,Node_467,2,0,7,2,7,,,,,,,,,
60,VISIT,5928,Random,OnArrival,5,63,16612,Node_563,-7,0,15,-7,15,,,,,,,,,
60,VISIT,5931,Random,OnArrival,5,24,16621,Node_571,3,0,7,3,7,,,,,,,,,
60,VISIT,5931,Random,OnArrival,5,25,16638,Node_569,3,0,6,3,6,,,,,,,,,
60,VISIT,5931,Random,OnArrival,5,26,16656,Node_468,2,0,6,2,6,,,,,,,,,
60,VISIT,5931,Random,OnArrival,5,27,16674,Node_569,3,0,6,3,6,,,,,,,,,
60,VISIT,5932,Random,OnArrival,5,22,16674,Node_162,10,0,1,10,1,,,,,,,,,
60,VISIT,5929,Random,OnArrival,5,30,16692,Node_430,-5,0,25,-5,25,,,,,,,,,
60,VISIT,5932,Random,OnArrival,5,23,16692,Node_550,11,0,1,11,1,,,,,,,,,
60,VISIT,5929,Random,OnArrival,5,31,16710,Node_432,-6,0,25,-6,25,,,,,,,,,
60,VISIT,5931,Random,OnArrival,5,28,16710,Node_431,5,0,6,5,6,,,,,,,,,
60,VISIT,5932,Random,OnArrival,5,24,16710,Node_548,11,0,2,11,2,,,,,,,,,
60,VISIT,5929,Random,OnArrival,5,32,16728,Node_437,-7,0,25,-7,25,,,,,,,,,
60,VISIT,5931,Random,OnArrival,5,29,16728,Node_433,5,0,5,5,5,,,,,,,,,
60,VISIT,5932,Random,OnArrival,5,25,16728,Node_161,10,0,2,10,2,,,,,,,,,
60,VISIT,5929,Random,OnArrival,5,33,16764,Node_439,-9,0,25,-9,25,,,,,,,,,
60,VISIT,5931,Random,OnArrival,5,30,16764,Node_436,5,0,3,5,3,,,,,,,,,
60,VISIT,5929,Random,OnArrival,5,34,16781,Node_440,-9,0,24,-9,24,,,,,,,,,
60,VISIT,5933,Random,OnArrival,5,0,16786,Node_6,19,0,12,19,12,,,,,,,,,
60,VISIT,5934,Random,OnArrival,5,0,16786,Node_7,19,0,8,19,8,,,,,,,,,
60,VISIT,5935,Random,OnArrival,5,0,16786,Node_8,17,0,10,17,10,,,,,,,,,
60,VISIT,5936,Random,OnArrival,5,0,16786,Node_9,21,0,10,21,10,,,,,,,,,
60,VISIT,5929,Random,OnArrival,5,35,16790,Node_442,-10,0,24,-10,24,,,,,,,,,
60,VISIT,5933,Random,OnArrival,5,1,16793,Node_2,19,0,11,19,11,,,,,,,,,
60,VISIT,5934,Random,OnArrival,5,1,16793,Node_3,19,0,9,19,9,,,,,,,,,
60,VISIT,5935,Random,OnArrival,5,1,16793,Node_24,16,0,10,16,10,,,,,,,,,
60,VISIT,5936,Random,OnArrival,5,1,16793,Node_5,20,0,10,20,10,,,,,,,,,
60,VISIT,5932,Random,OnArrival,5,26,16798,Node_536,8,0,5,8,5,,,,,,,,,
60,VISIT,5933,Random,OnArrival,5,2,16802,Node_20,19,0,10,19,10,,,,,,,,,
60,VISIT,5934,Random,OnArrival,5,2,16802,Node_15,18,0,9,18,9,,,,,,,,,
60,VISIT,5935,Random,OnArrival,5,2,16802,Node_26,15,0,10,15,10,,,,,,,,,
60,VISIT,5936,Random,OnArrival,5,2,16802,Node_20,19,0,10,19,10,,,,,,,,,
60,VISIT,5929,Random,OnArrival,5,36,16807,Node_522,-10,0,22,-10,22,,,,,,,,,
60,VISIT,5933,Random,OnArrival,5,3,16811,Node_4,18,0,10,18,10,,,,,,,,,
60,VISIT,5934,Random,OnArrival,5,3,16811,Node_4,18,0,10,18,10,,,,,,,,,
60,VISIT,5935,Random,OnArrival,5,3,16811,Node_86,14,0,10,14,10,,,,,,,,,
60,VISIT,5936,Random,OnArrival,5,3,16811,Node_4,18,0,10,18,10,,,,,,,,,
60,VISIT,5929,Random,OnArrival,5,37,16815,Node_531,-10,0,21,-10,21,,,,,,,,,
60,VISIT,5933,Random,OnArrival,5,4,16820,Node_8,17,0,10,17,10,,,,,,,,,
60,VISIT,5934,Random,OnArrival,5,4,16820,Node_8,17,0,10,17,10,,,,,,,,,
60,VISIT,5935,Random,OnArrival,5,4,16820,Node_88,13,0,10,13,10,,,,,,,,,
60,VISIT,5936,Random,OnArrival,5,4,16820,Node_8,17,0,10,17,10,,,,,,,,,
60,VISIT,5929,Random,OnArrival,5,38,16824,Node_532,-10,0,20,-10,20,,,,,,,,,
60,VISIT,5932,Random,OnArrival,5,27,16824,Node_586,8,0,2,8,2,,,,,,,,,
60,VISIT,5933,Random,OnArrival,5,5,16829,Node_24,16,0,10,16,10,,,,,,,,,
60,VISIT,5934,Random,OnArrival,5,5,16829,Node_24,16,0,10,16,10,,,,,,,,,
60,VISIT,5935,Random,OnArrival,5,5,16829,Node_138,13,0,9,13,9,,,,,,,,,
60,VISIT,5936,Random,OnArrival,5,5,16829,Node_24,16,0,10,16,10,,,,,,,,,
60,VISIT,5933,Random,OnArrival,5,6,16838,Node_26,15,0,10,15,10,,,,,,,,,
60,VISIT,5934,Random,OnArrival,5,6,16838,Node_26,15,0,10,15,10,,,,,,,,,
60,VISIT,5935,Random,OnArrival,5,6,16838,Node_145,12,0,9,12,9,,,,,,,,,
60,VISIT,5936,Random,OnArrival,5,6,16838,Node_26,15,0,10,15,10,,,,,,,,,
60,VISIT,5929,Random,OnArrival,5,39,16842,Node_530,-10,0,18,-10,18,,,,,,,,,
60,VISIT,5932,Random,OnArrival,5,28,16842,Node_590,6,0,2,6,2,,,,,,,,,
60,VISIT,5933,Random,OnArrival,5,7,16847,Node_86,14,0,10,14,10,,,,,,,,,
60,VISIT,5934,Random,OnArrival,5,7,16847,Node_86,14,0,10,14,10,,,,,,,,,
60,VISIT,5935,Random,OnArrival,5,7,16847,Node_164,11,0,9,11,9,,,,,,,,,
60,VISIT,5936,Random,OnArrival,5,7,16847,Node_86,14,0,10,14,10,,,,,,,,,
60,VISIT,5929,Random,OnArrival,5,40,16851,Node_533,-10,0,17,-10,17,,,,,,,,,
60,VISIT,5933,Random,OnArrival,5,8,16856,Node_88,13,0,10,13,10,,,,,,,,,
60,VISIT,5934,Random,OnArrival,5,8,16856,Node_88,13,0,10,13,10,,,,,,,,,
60,VISIT,5935,Random,OnArrival,5,8,16856,Node_165,10,0,9,10,9,,,,,,,,,
60,VISIT,5936,Random,OnArrival,5,8,16856,Node_88,13,0,10,13,10,,,,,,,,,
60,VISIT,5929,Random,OnArrival,5,41,16860,Node_540,-10,0,16,-10,16,,,,,,,,,
60,VISIT,5933,Random,OnArrival,5,9,16865,Node_138,13,0,9,13,9,,,,,,,,,
60,VISIT,5934,Random,OnArrival,5,9,16865,Node_138,13,0,9,13,9,,,,,,,,,
60,VISIT,5935,Random,OnArrival,5,9,16865,Node_175,10,0,10,10,10,,,,,,,,,
60,VISIT,5936,Random,OnArrival,5,9,16865,Node_138,13,0,9,13,9,,,,,,,,,
60,VISIT,5929,Random,OnArrival,5,42,16869,Node_543,-10,0,15,-10,15,,,,,,,,,
60,VISIT,5933,Random,OnArrival,5,10,16874,Node_145,12,0,9,12,9,,,,,,,,,
60,VISIT,5934,Random,OnArrival,5,10,16874,Node_145,12,0,9,12,9,,,,,,,,,
60,VISIT,5935,Random,OnArrival,5,10,16874,Node_248,9,0,10,9,10,,,,,,,,,
60,VISIT,5936,Random,OnArrival,5,10,16874,Node_145,12,0,9,12,9,,,,,,,,,
60,VISIT,5929,Random,OnArrival,5,43,16878,Node_541,-10,0,14,-10,14,,,,,,,,,
60,VISIT,5933,Random,OnArrival,5,11,16883,Node_164,11,0,9,11,9,,,,,,,,,
60,VISIT,5934,Random,OnArrival,5,11,16883,Node_164,11,0,9,11,9,,,,,,,,,
60,VISIT,5935,Random,OnArrival,5,11,16883,Node_476,8,0,10,8,10,,,,,,,,,
60,VISIT,5936,Random,OnArrival,5,11,16883,Node_164,11,0,9,11,9,,,,,,,,,
60,VISIT,5933,Random,OnArrival,5,12,16892,Node_165,10,0,9,10,9,,,,,,,,,
60,VISIT,5934,Random,OnArrival,5,12,16892,Node_165,10,0,9,10,9,,,,,,,,,
60,VISIT,5936,Random,OnArrival,5,12,16892,Node_165,10,0,9,10,9,,,,,,,,,
60,VISIT,5933,Random,OnArrival,5,13,16903,Node_175,10,0,10,10,10,,,,,,,,,
60,VISIT,5934,Random,OnArrival,5,13,16903,Node_175,10,0,10,10,10,,,,,,,,,
60,VISIT,5935,Random,OnArrival,5,12,16903,Node_469,6,0,10,6,10,,,,,,,,,
60,VISIT,5936,Random,OnArrival,5,13,16903,Node_175,10,0,10,10,10,,,,,,,,,
60,VISIT,5929,Random,OnArrival,5,44,16909,Node_547,-10,0,11,-10,11,,,,,,,,,
60,VISIT,5933,Random,OnArrival,5,14,16914,Node_248,9,0,10,9,10,,,,,,,,,
60,VISIT,5934,Random,OnArrival,5,14,16914,Node_248,9,0,10,9,10,,,,,,,,,
60,VISIT,5935,Random,OnArrival,5,13,16914,Node_425,5,0,10,5,10,,,,,,,,,
60,VISIT,5936,Random,OnArrival,5,14,16914,Node_248,9,0,10,9,10,,,,,,,,,
60,VISIT,5929,Random,OnArrival,5,45,16920,Node_558,-9,0,11,-9,11,,,,,,,,,
60,VISIT,5932,Random,OnArrival,5,29,16920,Node_438,3,0,3,3,3,,,,,,,,,
60,VISIT,5933,Random,OnArrival,5,15,16925,Node_476,8,0,10,8,10,,,,,,,,,
60,VISIT,5934,Random,OnArrival,5,15,16925,Node_476,8,0,10,8,10,,,,,,,,,
60,VISIT,5935,Random,OnArrival,5,14,16925,Node_427,5,0,9,5,9,,,,,,,,,
60,VISIT,5936,Random,OnArrival,5,15,16925,Node_476,8,0,10,8,10,,,,,,,,,
60,VISIT,5933,Random,OnArrival,5,16,16954,Node_469,6,0,10,6,10,,,,,,,,,
60,VISIT,5934,Random,OnArrival,5,16,16954,Node_469,6,0,10,6,10,,,,,,,,,
60,VISIT,5936,Random,OnArrival,5,16,16954,Node_469,6,0,10,6,10,,,,,,,,,
60,VISIT,5929,Random,OnArrival,5,46,16965,Node_561,-9,0,10,-9,10,,,,,,,,,
60,VISIT,5933,Random,OnArrival,5,17,16971,Node_425,5,0,10,5,10,,,,,,,,,
60,VISIT,5934,Random,OnArrival,5,17,16971,Node_425,5,0,10,5,10,,,,,,,,,
60,VISIT,5935,Random,OnArrival,5,15,16971,Node_431,5,0,6,5,6,,,,,,,,,
60,VISIT,5936,Random,OnArrival,5,17,16971,Node_425,5,0,10,5,10,,,,,,,,,
60,VISIT,5929,Random,OnArrival,5,47,16982,Node_549,-10,0,10,-10,10,,,,,,,,,
60,VISIT,5933,Random,OnArrival,5,18,16988,Node_427,5,0,9,5,9,,,,,,,,,
60,VISIT,5934,Random,OnArrival,5,18,16988,Node_427,5,0,9,5,9,,,,,,,,,
60,VISIT,5936,Random,OnArrival,5,18,16988,Node_427,5,0,9,5,9,,,,,,,,,
60,VISIT,5935,Random,OnArrival,5,16,17006,Node_569,3,0,6,3,6,,,,,,,,,
60,VISIT,5929,Random,OnArrival,5,48,17017,Node_554,-10,0,8,-10,8,,,,,,,,,
60,VISIT,5935,Random,OnArrival,5,17,17024,Node_468,2,0,6,2,6,,,,,,,,,
60,VISIT,5933,Random,OnArrival,5,19,17042,Node_431,5,0,6,5,6,,,,,,,,,
60,VISIT,5934,Random,OnArrival,5,19,17042,Node_431,5,0,6,5,6,,,,,,,,,
60,VISIT,5936,Random,OnArrival,5,19,17042,Node_431,5,0,6,5,6,,,,,,,,,
60,VISIT,5929,Random,OnArrival,5,49,17052,Node_557,-10,0,6,-10,6,,,,,,,,,
60,VISIT,5929,Random,OnArrival,5,50,17070,Node_560,-9,0,6,-9,6,,,,,,,,,
60,VISIT,5933,Random,OnArrival,5,20,17078,Node_569,3,0,6,3,6,,,,,,,,,
60,VISIT,5934,Random,OnArrival,5,20,17078,Node_569,3,0,6,3,6,,,,,,,,,
60,VISIT,5935,Random,OnArrival,5,18,17078,Node_471,-1,0,6,-1,6,,,,,,,,,
60,VISIT,5936,Random,OnArrival,5,20,17078,Node_569,3,0,6,3,6,,,,,,,,,
60,VISIT,5933,Random,OnArrival,5,21,17096,Node_468,2,0,6,2,6,,,,,,,,,
60,VISIT,5934,Random,OnArrival,5,21,17096,Node_468,2,0,6,2,6,,,,,,,,,
60,VISIT,5936,Random,OnArrival,5,21,17096,Node_468,2,0,6,2,6,,,,,,,,,
60,VISIT,5929,Random,OnArrival,5,51,17105,Node_567,-8,0,5,-8,5,,,,,,,,,
60,VISIT,5933,Random,OnArrival,5,22,17148,Node_471,-1,0,6,-1,6,,,,,,,,,
60,VISIT,5934,Random,OnArrival,5,22,17148,Node_471,-1,0,6,-1,6,,,,,,,,,
60,VISIT,5935,Random,OnArrival,5,19,17148,Node_474,-1,0,8,-1,8,,,,,,,,,
60,VISIT,5936,Random,OnArrival,5,22,17148,Node_471,-1,0,6,-1,6,,,,,,,,,
60,VISIT,5929,Random,OnArrival,5,52,17157,Node_577,-7,0,7,-7,7,,,,,,,,,
60,VISIT,5933,Random,OnArrival,5,23,17166,Node_472,-1,0,7,-1,7,,,,,,,,,
60,VISIT,5934,Random,OnArrival,5,23,17166,Node_599,-2,0,6,-2,6,,,,,,,,,
60,VISIT,5935,Random,OnArrival,5,20,17166,Node_602,-2,0,8,-2,8,,,,,,,,,
60,VISIT,5936,Random,OnArrival,5,23,17166,Node_599,-2,0,6,-2,6,,,,,,,,,
60,VISIT,5933,Random,OnArrival,5,24,17183,Node_600,-2,0,7,-2,7,,,,,,,,,
60,VISIT,5935,Random,OnArrival,5,21,17183,Node_600,-2,0,7,-2,7,,,,,,,,,
60,VISIT,5933,Random,OnArrival,5,25,17199,Node_599,-2,0,6,-2,6,,,,,,,,,
60,VISIT,5935,Random,OnArrival,5,22,17199,Node_602,-2,0,8,-2,8,,,,,,,,,
60,VISIT,5929,Random,OnArrival,5,53,17208,Node_603,-7,0,6,-7,6,,,,,,,,,
60,VISIT,5935,Random,OnArrival,5,23,17217,Node_474,-1,0,8,-1,8,,,,,,,,,
60,VISIT,5929,Random,OnArrival,5,54,17226,Node_598,-8,0,6,-8,6,,,,,,,,,
60,VISIT,5933,Random,OnArrival,5,26,17235,Node_606,-2,0,4,-2,4,,,,,,,,,
60,VISIT,5935,Random,OnArrival,5,24,17235,Node_475,-1,0,9,-1,9,,,,,,,,,
60,VISIT,5929,Random,OnArrival,5,55,17244,Node_567,-8,0,5,-8,5,,,,,,,,,
60,VISIT,5935,Random,OnArrival,5,25,17253,Node_477,-1,0,10,-1,10,,,,,,,,,
60,VISIT,5929,Random,OnArrival,5,56,17262,Node_601,-7,0,5,-7,5,,,,,,,,,
60,VISIT,5935,Random,OnArrival,5,26,17270,Node_479,-2,0,10,-2,10,,,,,,,,,
60,VISIT,5935,Random,OnArrival,5,27,17287,Node_486,-3,0,10,-3,10,,,,,,,,,
60,VISIT,5935,Random,OnArrival,5,28,17305,Node_511,-4,0,10,-4,10,,,,,,,,,
60,VISIT,5933,Random,OnArrival,5,27,17340,Node_611,-3,0,1,-3,1,,,,,,,,,
60,VISIT,5933,Random,OnArrival,5,28,17357,Node_609,-3,0,2,-3,2,,,,,,,,,
60,VISIT,5935,Random,OnArrival,5,29,17357,Node_582,-6,0,11,-6,11,,,,,,,,,
60,VISIT,5935,Random,OnArrival,5,30,17374,Node_585,-7,0,11,-7,11,,,,,,,,,
60,VISIT,5937,Random,OnArrival,5,0,17387,Node_6,19,0,12,19,12,,,,,,,,,
60,VISIT,5938,Random,OnArrival,5,0,17387,Node_7,19,0,8,19,8,,,,,,,,,
60,VISIT,5939,Random,OnArrival,5,0,17387,Node_8,17,0,10,17,10,,,,,,,,,
60,VISIT,5940,Random,OnArrival,5,0,17387,Node_9,21,0,10,21,10,,,,,,,,,
60,VISIT,5935,Random,OnArrival,5,31,17391,Node_593,-8,0,11,-8,11,,,,,,,,,
60,VISIT,5937,Random,OnArrival,5,1,17393,Node_2,19,0,11,19,11,,,,,,,,,
60,VISIT,5938,Random,OnArrival,5,1,17393,Node_3,19,0,9,19,9,,,,,,,,,
60,VISIT,5939,Random,OnArrival,5,1,17393,Node_24,16,0,10,16,10,,,,,,,,,
60,VISIT,5940,Random,OnArrival,5,1,17393,Node_5,20,0,10,20,10,,,,,,,,,
60,VISIT,5935,Random,OnArrival,5,32,17399,Node_585,-7,0,11,-7,11,,,,,,,,,
60,VISIT,5937,Random,OnArrival,5,2,17401,Node_20,19,0,10,19,10,,,,,,,,,
60,VISIT,5938,Random,OnArrival,5,2,17401,Node_15,18,0,9,18,9,,,,,,,,,
60,VISIT,5939,Random,OnArrival,5,2,17401,Node_26,15,0,10,15,10,,,,,,,,,
60,VISIT,5940,Random,OnArrival,5,2,17401,Node_20,19,0,10,19,10,,,,,,,,,
60,VISIT,5935,Random,OnArrival,5,33,17406,Node_584,-7,0,10,-7,10,,,,,,,,,
60,VISIT,5937,Random,OnArrival,5,3,17409,Node_4,18,0,10,18,10,,,,,,,,,
60,VISIT,5938,Random,OnArrival,5,3,17409,Node_4,18,0,10,18,10,,,,,,,,,
60,VISIT,5939,Random,OnArrival,5,3,17409,Node_86,14,0,10,14,10,,,,,,,,,
60,VISIT,5940,Random,OnArrival,5,3,17409,Node_4,18,0,10,18,10,,,,,,,,,
60,VISIT,5935,Random,OnArrival,5,34,17413,Node_595,-8,0,10,-8,10,,,,,,,,,
60,VISIT,5937,Random,OnArrival,5,4,17416,Node_8,17,0,10,17,10,,,,,,,,,
60,VISIT,5938,Random,OnArrival,5,4,17416,Node_8,17,0,10,17,10,,,,,,,,,
60,VISIT,5939,Random,OnArrival,5,4,17416,Node_88,13,0,10,13,10,,,,,,,,,
60,VISIT,5940,Random,OnArrival,5,4,17416,Node_8,17,0,10,17,10,,,,,,,,,
60,VISIT,5935,Random,OnArrival,5,35,17420,Node_593,-8,0,11,-8,11,,,,,,,,,
60,VISIT,5937,Random,OnArrival,5,5,17423,Node_24,16,0,10,16,10,,,,,,,,,
60,VISIT,5938,Random,OnArrival,5,5,17423,Node_24,16,0,10,16,10,,,,,,,,,
60,VISIT,5939,Random,OnArrival,5,5,17423,Node_138,13,0,9,13,9,,,,,,,,,
60,VISIT,5940,Random,OnArrival,5,5,17423,Node_24,16,0,10,16,10,,,,,,,,,
60,VISIT,5935,Random,OnArrival,5,36,17427,Node_558,-9,0,11,-9,11,,,,,,,,,
60,VISIT,5937,Random,OnArrival,5,6,17431,Node_26,15,0,10,15,10,,,,,,,,,
60,VISIT,5938,Random,OnArrival,5,6,17431,Node_26,15,0,10,15,10,,,,,,,,,
60,VISIT,5939,Random,OnArrival,5,6,17431,Node_145,12,0,9,12,9,,,,,,,,,
60,VISIT,5940,Random,OnArrival,5,6,17431,Node_26,15,0,10,15,10,,,,,,,,,
60,VISIT,5935,Random,OnArrival,5,37,17435,Node_547,-10,0,11,-10,11,,,,,,,,,
60,VISIT,5937,Random,OnArrival,5,7,17438,Node_86,14,0,10,14,10,,,,,,,,,
60,VISIT,5938,Random,OnArrival,5,7,17438,Node_86,14,0,10,14,10,,,,,,,,,
60,VISIT,5939,Random,OnArrival,5,7,17438,Node_164,11,0,9,11,9,,,,,,,,,
60,VISIT,5940,Random,OnArrival,5,7,17438,Node_86,14,0,10,14,10,,,,,,,,,
60,VISIT,5937,Random,OnArrival,5,8,17446,Node_88,13,0,10,13,10,,,,,,,,,
60,VISIT,5938,Random,OnArrival,5,8,17446,Node_88,13,0,10,13,10,,,,,,,,,
60,VISIT,5939,Random,OnArrival,5,8,17446,Node_165,10,0,9,10,9,,,,,,,,,
60,VISIT,5940,Random,OnArrival,5,8,17446,Node_88,13,0,10,13,10,,,,,,,,,
60,VISIT,5937,Random,OnArrival,5,9,17454,Node_138,13,0,9,13,9,,,,,,,,,
60,VISIT,5938,Random,OnArrival,5,9,17454,Node_138,13,0,9,13,9,,,,,,,,,
60,VISIT,5939,Random,OnArrival,5,9,17454,Node_175,10,0,10,10,10,,,,,,,,,
60,VISIT,5940,Random,OnArrival,5,9,17454,Node_138,13,0,9,13,9,,,,,,,,,
60,VISIT,5935,Random,OnArrival,5,38,17458,Node_541,-10,0,14,-10,14,,,,,,,,,
60,VISIT,5937,Random,OnArrival,5,10,17461,Node_145,12,0,9,12,9,,,,,,,,,
60,VISIT,5938,Random,OnArrival,5,10,17461,Node_145,12,0,9,12,9,,,,,,,,,
60,VISIT,5939,Random,OnArrival,5,10,17461,Node_248,9,0,10,9,10,,,,,,,,,
60,VISIT,5940,Random,OnArrival,5,10,17461,Node_145,12,0,9,12,9,,,,,,,,,
60,VISIT,5935,Random,OnArrival,5,39,17466,Node_538,-9,0,14,-9,14,,,,,,,,,
60,VISIT,5937,Random,OnArrival,5,11,17469,Node_164,11,0,9,11,9,,,,,,,,,
60,VISIT,5938,Random,OnArrival,5,11,17469,Node_164,11,0,9,11,9,,,,,,,,,
60,VISIT,5939,Random,OnArrival,5,11,17469,Node_476,8,0,10,8,10,,,,,,,,,
60,VISIT,5940,Random,OnArrival,5,11,17469,Node_164,11,0,9,11,9,,,,,,,,,
60,VISIT,5935,Random,OnArrival,5,40,17473,Node_546,-8,0,14,-8,14,,,,,,,,,
60,VISIT,5937,Random,OnArrival,5,12,17477,Node_165,10,0,9,10,9,,,,,,,,,
60,VISIT,5938,Random,OnArrival,5,12,17477,Node_165,10,0,9,10,9,,,,,,,,,
60,VISIT,5940,Random,OnArrival,5,12,17477,Node_165,10,0,9,10,9,,,,,,,,,
60,VISIT,5935,Random,OnArrival,5,41,17483,Node_566,-7,0,14,-7,14,,,,,,,,,
60,VISIT,5937,Random,OnArrival,5,13,17487,Node_175,10,0,10,10,10,,,,,,,,,
60,VISIT,5938,Random,OnArrival,5,13,17487,Node_175,10,0,10,10,10,,,,,,,,,
60,VISIT,5939,Random,OnArrival,5,12,17487,Node_469,6,0,10,6,10,,,,,,,,,
60,VISIT,5940,Random,OnArrival,5,13,17487,Node_175,10,0,10,10,10,,,,,,,,,
60,VISIT,5934,Random,OnArrival,5,24,17491,Node_619,-10,0,2,-10,2,,,,,,,,,
60,VISIT,5935,Random,OnArrival,5,42,17491,Node_589,-7,0,13,-7,13,,,,,,,,,
60,VISIT,5936,Random,OnArrival,5,24,17491,Node_619,-10,0,2,-10,2,,,,,,,,,
60,VISIT,5937,Random,OnArrival,5,14,17495,Node_248,9,0,10,9,10,,,,,,,,,
60,VISIT,5938,Random,OnArrival,5,14,17495,Node_248,9,0,10,9,10,,,,,,,,,
60,VISIT,5939,Random,OnArrival,5,13,17495,Node_425,5,0,10,5,10,,,,,,,,,
60,VISIT,5940,Random,OnArrival,5,14,17495,Node_248,9,0,10,9,10,,,,,,,,,
60,VISIT,5935,Random,OnArrival,5,43,17502,Node_580,-6,0,13,-6,13,,,,,,,,,
60,VISIT,5937,Random,OnArrival,5,15,17506,Node_476,8,0,10,8,10,,,,,,,,,
60,VISIT,5938,Random,OnArrival,5,15,17506,Node_476,8,0,10,8,10,,,,,,,,,
60,VISIT,5939,Random,OnArrival,5,14,17506,Node_427,5,0,9,5,9,,,,,,,,,
60,VISIT,5940,Random,OnArrival,5,15,17506,Node_476,8,0,10,8,10,,,,,,,,,
60,VISIT,5935,Random,OnArrival,5,44,17514,Node_589,-7,0,13,-7,13,,,,,,,,,
60,VISIT,5935,Random,OnArrival,5,45,17531,Node_566,-7,0,14,-7,14,,,,,,,,,
60,VISIT,5937,Random,OnArrival,5,16,17535,Node_469,6,0,10,6,10,,,,,,,,,
60,VISIT,5938,Random,OnArrival,5,16,17535,Node_469,6,0,10,6,10,,,,,,,,,
60,VISIT,5940,Random,OnArrival,5,16,17535,Node_469,6,0,10,6,10,,,,,,,,,
60,VISIT,5935,Random,OnArrival,5,46,17543,Node_578,-6,0,14,-6,14,,,,,,,,,
60,VISIT,5936,Random,OnArrival,5,25,17543,Node_619,-10,0,2,-10,2,,,,,,,,,
60,VISIT,5937,Random,OnArrival,5,17,17547,Node_425,5,0,10,5,10,,,,,,,,,
60,VISIT,5938,Random,OnArrival,5,17,17547,Node_425,5,0,10,5,10,,,,,,,,,
60,VISIT,5939,Random,OnArrival,5,15,17547,Node_431,5,0,6,5,6,,,,,,,,,
60,VISIT,5940,Random,OnArrival,5,17,17547,Node_425,5,0,10,5,10,,,,,,,,,
60,VISIT,5935,Random,OnArrival,5,47,17560,Node_580,-6,0,13,-6,13,,,,,,,,,
60,VISIT,5937,Random,OnArrival,5,18,17564,Node_427,5,0,9,5,9,,,,,,,,,
60,VISIT,5938,Random,OnArrival,5,18,17564,Node_427,5,0,9,5,9,,,,,,,,,
60,VISIT,5940,Random,OnArrival,5,18,17564,Node_427,5,0,9,5,9,,,,,,,,,
60,VISIT,5935,Random,OnArrival,5,48,17577,Node_589,-7,0,13,-7,13,,,,,,,,,
60,VISIT,5939,Random,OnArrival,5,16,17581,Node_569,3,0,6,3,6,,,,,,,,,
60,VISIT,5935,Random,OnArrival,5,49,17594,Node_587,-7,0,12,-7,12,,,,,,,,,
60,VISIT,5936,Random,OnArrival,5,26,17594,Node_615,-7,0,2,-7,2,,,,,,,,,
60,VISIT,5939,Random,OnArrival,5,17,17598,Node_468,2,0,6,2,6,,,,,,,,,
60,VISIT,5935,Random,OnArrival,5,50,17612,Node_581,-6,0,12,-6,12,,,,,,,,,
60,VISIT,5936,Random,OnArrival,5,27,17612,Node_621,-6,0,2,-6,2,,,,,,,,,
60,VISIT,5937,Random,OnArrival,5,19,17615,Node_431,5,0,6,5,6,,,,,,,,,
60,VISIT,5938,Random,OnArrival,5,19,17615,Node_431,5,0,6,5,6,,,,,,,,,
60,VISIT,5940,Random,OnArrival,5,19,17615,Node_431,5,0,6,5,6,,,,,,,,,
60,VISIT,5935,Random,OnArrival,5,51,17628,Node_582,-6,0,11,-6,11,,,,,,,,,
60,VISIT,5936,Random,OnArrival,5,28,17628,Node_615,-7,0,2,-7,2,,,,,,,,,
60,VISIT,5935,Random,OnArrival,5,52,17646,Node_618,-5,0,11,-5,11,,,,,,,,,
60,VISIT,5937,Random,OnArrival,5,20,17649,Node_569,3,0,6,3,6,,,,,,,,,
60,VISIT,5938,Random,OnArrival,5,20,17649,Node_569,3,0,6,3,6,,,,,,,,,
60,VISIT,5939,Random,OnArrival,5,18,17649,Node_471,-1,0,6,-1,6,,,,,,,,,
60,VISIT,5940,Random,OnArrival,5,20,17649,Node_569,3,0,6,3,6,,,,,,,,,
60,VISIT,5935,Random,OnArrival,5,53,17663,Node_509,-4,0,11,-4,11,,,,,,,,,
60,VISIT,5937,Random,OnArrival,5,21,17666,Node_468,2,0,6,2,6,,,,,,,,,
60,VISIT,5938,Random,OnArrival,5,21,17666,Node_468,2,0,6,2,6,,,,,,,,,
60,VISIT,5939,Random,OnArrival,5,19,17666,Node_599,-2,0,6,-2,6,,,,,,,,,
60,VISIT,5940,Random,OnArrival,5,21,17666,Node_468,2,0,6,2,6,,,,,,,,,
60,VISIT,5935,Random,OnArrival,5,54,17680,Node_511,-4,0,10,-4,10,,,,,,,,,
60,VISIT,5936,Random,OnArrival,5,29,17680,Node_619,-10,0,2,-10,2,,,,,,,,,
60,VISIT,5935,Random,OnArrival,5,55,17698,Node_512,-4,0,9,-4,9,,,,,,,,,
60,VISIT,5939,Random,OnArrival,5,20,17701,Node_516,-4,0,6,-4,6,,,,,,,,,
60,VISIT,5937,Random,OnArrival,5,22,17719,Node_471,-1,0,6,-1,6,,,,,,,,,
60,VISIT,5938,Random,OnArrival,5,22,17719,Node_471,-1,0,6,-1,6,,,,,,,,,
60,VISIT,5939,Random,OnArrival,5,21,17719,Node_515,-4,0,7,-4,7,,,,,,,,,
60,VISIT,5940,Random,OnArrival,5,22,17719,Node_471,-1,0,6,-1,6,,,,,,,,,
60,VISIT,5935,Random,OnArrival,5,56,17733,Node_616,-5,0,10,-5,10,,,,,,,,,
60,VISIT,5936,Random,OnArrival,5,30,17733,Node_629,-10,0,-1,-10,-1,,,,,,,,,
60,VISIT,5937,Random,OnArrival,5,23,17736,Node_599,-2,0,6,-2,6,,,,,,,,,
60,VISIT,5938,Random,OnArrival,5,23,17736,Node_599,-2,0,6,-2,6,,,,,,,,,
60,VISIT,5939,Random,OnArrival,5,22,17736,Node_519,-5,0,7,-5,7,,,,,,,,,
60,VISIT,5940,Random,OnArrival,5,23,17736,Node_599,-2,0,6,-2,6,,,,,,,,,
60,VISIT,5935,Random,OnArrival,5,57,17750,Node_583,-6,0,10,-6,10,,,,,,,,,
60,VISIT,5935,Random,OnArrival,5,58,17767,Node_616,-5,0,10,-5,10,,,,,,,,,
60,VISIT,5937,Random,OnArrival,5,24,17770,Node_516,-4,0,6,-4,6,,,,,,,,,
60,VISIT,5938,Random,OnArrival,5,24,17770,Node_516,-4,0,6,-4,6,,,,,,,,,
60,VISIT,5939,Random,OnArrival,5,23,17770,Node_631,-5,0,9,-5,9,,,,,,,,,
60,VISIT,5940,Random,OnArrival,5,24,17770,Node_516,-4,0,6,-4,6,,,,,,,,,
60,VISIT,5935,Random,OnArrival,5,59,17781,Node_511,-4,0,10,-4,10,,,,,,,,,
60,VISIT,5937,Random,OnArrival,5,25,17784,Node_515,-4,0,7,-4,7,,,,,,,,,
60,VISIT,5938,Random,OnArrival,5,25,17784,Node_515,-4,0,7,-4,7,,,,,,,,,
60,VISIT,5939,Random,OnArrival,5,24,17784,Node_512,-4,0,9,-4,9,,,,,,,,,
60,VISIT,5940,Random,OnArrival,5,25,17784,Node_515,-4,0,7,-4,7,,,,,,,,,
60,VISIT,5935,Random,OnArrival,5,60,17796,Node_512,-4,0,9,-4,9,,,,,,,,,
60,VISIT,5937,Random,OnArrival,5,26,17801,Node_516,-4,0,6,-4,6,,,,,,,,,
60,VISIT,5938,Random,OnArrival,5,26,17801,Node_519,-5,0,7,-5,7,,,,,,,,,
60,VISIT,5939,Random,OnArrival,5,25,17801,Node_514,-4,0,8,-4,8,,,,,,,,,
60,VISIT,5940,Random,OnArrival,5,26,17801,Node_519,-5,0,7,-5,7,,,,,,,,,
60,VISIT,5935,Random,OnArrival,5,61,17812,Node_514,-4,0,8,-4,8,,,,,,,,,
60,VISIT,5938,Random,OnArrival,5,27,17818,Node_604,-6,0,7,-6,7,,,,,,,,,
60,VISIT,5939,Random,OnArrival,5,26,17818,Node_632,-5,0,8,-5,8,,,,,,,,,
60,VISIT,5940,Random,OnArrival,5,27,17818,Node_604,-6,0,7,-6,7,,,,,,,,,
60,VISIT,5935,Random,OnArrival,5,62,17829,Node_632,-5,0,8,-5,8,,,,,,,,,
60,VISIT,5937,Random,OnArrival,5,27,17835,Node_599,-2,0,6,-2,6,,,,,,,,,
60,VISIT,5938,Random,OnArrival,5,28,17835,Node_577,-7,0,7,-7,7,,,,,,,,,
60,VISIT,5939,Random,OnArrival,5,27,17835,Node_519,-5,0,7,-5,7,,,,,,,,,
60,VISIT,5940,Random,OnArrival,5,28,17835,Node_519,-5,0,7,-5,7,,,,,,,,,
60,VISIT,5935,Random,OnArrival,5,63,17846,Node_519,-5,0,7,-5,7,,,,,,,,,
60,VISIT,5938,Random,OnArrival,5,29,17852,Node_603,-7,0,6,-7,6,,,,,,,,,
60,VISIT,5939,Random,OnArrival,5,28,17852,Node_517,-5,0,6,-5,6,,,,,,,,,
60,VISIT,5940,Random,OnArrival,5,29,17852,Node_517,-5,0,6,-5,6,,,,,,,,,
60,VISIT,5935,Random,OnArrival,5,64,17863,Node_517,-5,0,6,-5,6,,,,,,,,,
60,VISIT,5937,Random,OnArrival,5,28,17869,Node_606,-2,0,4,-2,4,,,,,,,,,
60,VISIT,5938,Random,OnArrival,5,30,17869,Node_601,-7,0,5,-7,5,,,,,,,,,
60,VISIT,5939,Random,OnArrival,5,29,17869,Node_605,-6,0,6,-6,6,,,,,,,,,
60,VISIT,5940,Random,OnArrival,5,30,17869,Node_605,-6,0,6,-6,6,,,,,,,,,
60,VISIT,5935,Random,OnArrival,5,65,17879,Node_605,-6,0,6,-6,6,,,,,,,,,
60,VISIT,5937,Random,OnArrival,5,29,17886,Node_608,-1,0,4,-1,4,,,,,,,,,
60,VISIT,5938,Random,OnArrival,5,31,17886,Node_612,-7,0,4,-7,4,,,,,,,,,
60,VISIT,5939,Random,OnArrival,5,30,17886,Node_517,-5,0,6,-5,6,,,,,,,,,
60,VISIT,5940,Random,OnArrival,5,31,17886,Node_603,-7,0,6,-7,6,,,,,,,,,
60,VISIT,5935,Random,OnArrival,5,66,17896,Node_517,-5,0,6,-5,6,,,,,,,,,
60,VISIT,5937,Random,OnArrival,5,30,17903,Node_610,-1,0,3,-1,3,,,,,,,,,
60,VISIT,5939,Random,OnArrival,5,31,17903,Node_516,-4,0,6,-4,6,,,,,,,,,
60,VISIT,5940,Random,OnArrival,5,32,17903,Node_601,-7,0,5,-7,5,,,,,,,,,
60,VISIT,5935,Random,OnArrival,5,67,17912,Node_516,-4,0,6,-4,6,,,,,,,,,
60,VISIT,5936,Random,OnArrival,5,31,17912,Node_620,-5,0,-3,-5,-3,,,,,,,,,
60,VISIT,5940,Random,OnArrival,5,33,17920,Node_612,-7,0,4,-7,4,,,,,,,,,
60,VISIT,5937,Random,OnArrival,5,31,17937,Node_597,1,0,3,1,3,,,,,,,,,
60,VISIT,5939,Random,OnArrival,5,32,17937,Node_599,-2,0,6,-2,6,,,,,,,,,
60,VISIT,5941,Random,OnArrival,5,0,17942,Node_6,19,0,12,19,12,,,,,,,,,
60,VISIT,5942,Random,OnArrival,5,0,17942,Node_7,19,0,8,19,8,,,,,,,,,
60,VISIT,5943,Random,OnArrival,5,0,17942,Node_8,17,0,10,17,10,,,,,,,,,
60,VISIT,5944,Random,OnArrival,5,0,17942,Node_9,21,0,10,21,10,,,,,,,,,
60,VISIT,5935,Random,OnArrival,5,68,17945,Node_599,-2,0,6,-2,6,,,,,,,,,
60,VISIT,5938,Random,OnArrival,5,32,17946,Node_607,-3,0,4,-3,4,,,,,,,,,
60,VISIT,5941,Random,OnArrival,5,1,17949,Node_2,19,0,11,19,11,,,,,,,,,
60,VISIT,5942,Random,OnArrival,5,1,17949,Node_11,18,0,8,18,8,,,,,,,,,
60,VISIT,5943,Random,OnArrival,5,1,17949,Node_24,16,0,10,16,10,,,,,,,,,
60,VISIT,5944,Random,OnArrival,5,1,17949,Node_5,20,0,10,20,10,,,,,,,,,
60,VISIT,5936,Random,OnArrival,5,32,17955,Node_622,-5,0,0,-5,0,,,,,,,,,
60,VISIT,5937,Random,OnArrival,5,32,17956,Node_610,-1,0,3,-1,3,,,,,,,,,
60,VISIT,5939,Random,OnArrival,5,33,17956,Node_606,-2,0,4,-2,4,,,,,,,,,
60,VISIT,5941,Random,OnArrival,5,2,17959,Node_20,19,0,10,19,10,,,,,,,,,
60,VISIT,5942,Random,OnArrival,5,2,17959,Node_87,17,0,8,17,8,,,,,,,,,
60,VISIT,5943,Random,OnArrival,5,2,17959,Node_26,15,0,10,15,10,,,,,,,,,
60,VISIT,5944,Random,OnArrival,5,2,17959,Node_20,19,0,10,19,10,,,,,,,,,
60,VISIT,5935,Random,OnArrival,5,69,17965,Node_606,-2,0,4,-2,4,,,,,,,,,
60,VISIT,5937,Random,OnArrival,5,33,17967,Node_608,-1,0,4,-1,4,,,,,,,,,
60,VISIT,5938,Random,OnArrival,5,33,17967,Node_609,-3,0,2,-3,2,,,,,,,,,
60,VISIT,5939,Random,OnArrival,5,34,17967,Node_608,-1,0,4,-1,4,,,,,,,,,
60,VISIT,5940,Random,OnArrival,5,34,17967,Node_607,-3,0,4,-3,4,,,,,,,,,
60,VISIT,5941,Random,OnArrival,5,3,17969,Node_4,18,0,10,18,10,,,,,,,,,
60,VISIT,5942,Random,OnArrival,5,3,17969,Node_117,17,0,7,17,7,,,,,,,,,
60,VISIT,5943,Random,OnArrival,5,3,17969,Node_86,14,0,10,14,10,,,,,,,,,
60,VISIT,5944,Random,OnArrival,5,3,17969,Node_4,18,0,10,18,10,,,,,,,,,
60,VISIT,5935,Random,OnArrival,5,70,17975,Node_607,-3,0,4,-3,4,,,,,,,,,
60,VISIT,5936,Random,OnArrival,5,33,17975,Node_613,-3,0,0,-3,0,,,,,,,,,
60,VISIT,5937,Random,OnArrival,5,34,17977,Node_606,-2,0,4,-2,4,,,,,,,,,
60,VISIT,5938,Random,OnArrival,5,34,17977,Node_611,-3,0,1,-3,1,,,,,,,,,
60,VISIT,5939,Random,OnArrival,5,35,17977,Node_610,-1,0,3,-1,3,,,,,,,,,
60,VISIT,5941,Random,OnArrival,5,4,17979,Node_8,17,0,10,17,10,,,,,,,,,
60,VISIT,5942,Random,OnArrival,5,4,17979,Node_118,16,0,7,16,7,,,,,,,,,
60,VISIT,5943,Random,OnArrival,5,4,17979,Node_88,13,0,10,13,10,,,,,,,,,
60,VISIT,5944,Random,OnArrival,5,4,17979,Node_8,17,0,10,17,10,,,,,,,,,
60,VISIT,5937,Random,OnArrival,5,35,17988,Node_607,-3,0,4,-3,4,,,,,,,,,
60,VISIT,5938,Random,OnArrival,5,35,17988,Node_613,-3,0,0,-3,0,,,,,,,,,
60,VISIT,5940,Random,OnArrival,5,35,17988,Node_609,-3,0,2,-3,2,,,,,,,,,
60,VISIT,5941,Random,OnArrival,5,5,17990,Node_24,16,0,10,16,10,,,,,,,,,
60,VISIT,5942,Random,OnArrival,5,5,17990,Node_143,16,0,6,16,6,,,,,,,,,
60,VISIT,5943,Random,OnArrival,5,5,17990,Node_138,13,0,9,13,9,,,,,,,,,
60,VISIT,5944,Random,OnArrival,5,5,17990,Node_24,16,0,10,16,10,,,,,,,,,
60,VISIT,5935,Random,OnArrival,5,71,17995,Node_609,-3,0,2,-3,2,,,,,,,,,
60,VISIT,5936,Random,OnArrival,5,34,17995,Node_622,-5,0,0,-5,0,,,,,,,,,
60,VISIT,5939,Random,OnArrival,5,36,17998,Node_597,1,0,3,1,3,,,,,,,,,
60,VISIT,5940,Random,OnArrival,5,36,17998,Node_611,-3,0,1,-3,1,,,,,,,,,
60,VISIT,5941,Random,OnArrival,5,6,18000,Node_26,15,0,10,15,10,,,,,,,,,
60,VISIT,5942,Random,OnArrival,5,6,18000,Node_140,16,0,5,16,5,,,,,,,,,
60,VISIT,5943,Random,OnArrival,5,6,18000,Node_145,12,0,9,12,9,,,,,,,,,
60,VISIT,5944,Random,OnArrival,5,6,18000,Node_26,15,0,10,15,10,,,,,,,,,
60,VISIT,5936,Random,OnArrival,5,35,18005,Node_623,-6,0,0,-6,0,,,,,,,,,
60,VISIT,5937,Random,OnArrival,5,36,18009,Node_609,-3,0,2,-3,2,,,,,,,,,
60,VISIT,5938,Random,OnArrival,5,36,18009,Node_622,-5,0,0,-5,0,,,,,,,,,
60,VISIT,5939,Random,OnArrival,5,37,18009,Node_596,1,0,4,1,4,,,,,,,,,
60,VISIT,5940,Random,OnArrival,5,37,18009,Node_613,-3,0,0,-3,0,,,,,,,,,
60,VISIT,5941,Random,OnArrival,5,7,18011,Node_86,14,0,10,14,10,,,,,,,,,
60,VISIT,5942,Random,OnArrival,5,7,18011,Node_139,17,0,5,17,5,,,,,,,,,
60,VISIT,5943,Random,OnArrival,5,7,18011,Node_164,11,0,9,11,9,,,,,,,,,
60,VISIT,5944,Random,OnArrival,5,7,18011,Node_86,14,0,10,14,10,,,,,,,,,
60,VISIT,5936,Random,OnArrival,5,36,18016,Node_624,-7,0,0,-7,0,,,,,,,,,
60,VISIT,5937,Random,OnArrival,5,37,18020,Node_611,-3,0,1,-3,1,,,,,,,,,
60,VISIT,5938,Random,OnArrival,5,37,18020,Node_623,-6,0,0,-6,0,,,,,,,,,
60,VISIT,5941,Random,OnArrival,5,8,18022,Node_88,13,0,10,13,10,,,,,,,,,
60,VISIT,5942,Random,OnArrival,5,8,18022,Node_130,18,0,5,18,5,,,,,,,,,
60,VISIT,5943,Random,OnArrival,5,8,18022,Node_165,10,0,9,10,9,,,,,,,,,
60,VISIT,5944,Random,OnArrival,5,8,18022,Node_88,13,0,10,13,10,,,,,,,,,
60,VISIT,5935,Random,OnArrival,5,72,18026,Node_621,-6,0,2,-6,2,,,,,,,,,
60,VISIT,5936,Random,OnArrival,5,37,18026,Node_625,-7,0,-1,-7,-1,,,,,,,,,
60,VISIT,5938,Random,OnArrival,5,38,18031,Node_624,-7,0,0,-7,0,,,,,,,,,
60,VISIT,5939,Random,OnArrival,5,38,18031,Node_594,3,0,4,3,4,,,,,,,,,
60,VISIT,5941,Random,OnArrival,5,9,18033,Node_138,13,0,9,13,9,,,,,,,,,
60,VISIT,5942,Random,OnArrival,5,9,18033,Node_76,19,0,5,19,5,,,,,,,,,
60,VISIT,5943,Random,OnArrival,5,9,18033,Node_175,10,0,10,10,10,,,,,,,,,
60,VISIT,5944,Random,OnArrival,5,9,18033,Node_138,13,0,9,13,9,,,,,,,,,
60,VISIT,5936,Random,OnArrival,5,38,18037,Node_628,-8,0,-1,-8,-1,,,,,,,,,
60,VISIT,5937,Random,OnArrival,5,38,18042,Node_614,-1,0,1,-1,1,,,,,,,,,
60,VISIT,5938,Random,OnArrival,5,39,18042,Node_625,-7,0,-1,-7,-1,,,,,,,,,
60,VISIT,5939,Random,OnArrival,5,39,18042,Node_438,3,0,3,3,3,,,,,,,,,
60,VISIT,5940,Random,OnArrival,5,38,18042,Node_617,-3,0,-3,-3,-3,,,,,,,,,
60,VISIT,5941,Random,OnArrival,5,10,18044,Node_145,12,0,9,12,9,,,,,,,,,
60,VISIT,5942,Random,OnArrival,5,10,18044,Node_60,20,0,5,20,5,,,,,,,,,
60,VISIT,5943,Random,OnArrival,5,10,18044,Node_248,9,0,10,9,10,,,,,,,,,
60,VISIT,5944,Random,OnArrival,5,10,18044,Node_145,12,0,9,12,9,,,,,,,,,
60,VISIT,5935,Random,OnArrival,5,73,18048,Node_623,-6,0,0,-6,0,,,,,,,,,
60,VISIT,5938,Random,OnArrival,5,40,18054,Node_626,-7,0,-2,-7,-2,,,,,,,,,
60,VISIT,5941,Random,OnArrival,5,11,18056,Node_164,11,0,9,11,9,,,,,,,,,
60,VISIT,5942,Random,OnArrival,5,11,18056,Node_52,21,0,5,21,5,,,,,,,,,
60,VISIT,5943,Random,OnArrival,5,11,18056,Node_476,8,0,10,8,10,,,,,,,,,
60,VISIT,5944,Random,OnArrival,5,11,18056,Node_164,11,0,9,11,9,,,,,,,,,
60,VISIT,5935,Random,OnArrival,5,74,18060,Node_624,-7,0,0,-7,0,,,,,,,,,
60,VISIT,5936,Random,OnArrival,5,39,18060,Node_629,-10,0,-1,-10,-1,,,,,,,,,
60,VISIT,5938,Random,OnArrival,5,41,18065,Node_627,-8,0,-2,-8,-2,,,,,,,,,
60,VISIT,5941,Random,OnArrival,5,12,18068,Node_165,10,0,9,10,9,,,,,,,,,
60,VISIT,5942,Random,OnArrival,5,12,18068,Node_73,22,0,5,22,5,,,,,,,,,
60,VISIT,5944,Random,OnArrival,5,12,18068,Node_165,10,0,9,10,9,,,,,,,,,
60,VISIT,5935,Random,OnArrival,5,75,18073,Node_625,-7,0,-1,-7,-1,,,,,,,,,
60,VISIT,5939,Random,OnArrival,5,40,18078,Node_592,3,0,0,3,0,,,,,,,,,
60,VISIT,5941,Random,OnArrival,5,13,18082,Node_175,10,0,10,10,10,,,,,,,,,
60,VISIT,5942,Random,OnArrival,5,13,18082,Node_167,23,0,5,23,5,,,,,,,,,
60,VISIT,5943,Random,OnArrival,5,12,18082,Node_469,6,0,10,6,10,,,,,,,,,
60,VISIT,5944,Random,OnArrival,5,13,18082,Node_175,10,0,10,10,10,,,,,,,,,
60,VISIT,5935,Random,OnArrival,5,76,18086,Node_624,-7,0,0,-7,0,,,,,,,,,
60,VISIT,5938,Random,OnArrival,5,42,18090,Node_627,-8,0,-2,-8,-2,,,,,,,,,
60,VISIT,5941,Random,OnArrival,5,14,18095,Node_248,9,0,10,9,10,,,,,,,,,
60,VISIT,5942,Random,OnArrival,5,14,18095,Node_168,23,0,4,23,4,,,,,,,,,
60,VISIT,5943,Random,OnArrival,5,13,18095,Node_425,5,0,10,5,10,,,,,,,,,
60,VISIT,5944,Random,OnArrival,5,14,18095,Node_248,9,0,10,9,10,,,,,,,,,
60,VISIT,5935,Random,OnArrival,5,77,18099,Node_623,-6,0,0,-6,0,,,,,,,,,
60,VISIT,5938,Random,OnArrival,5,43,18103,Node_626,-7,0,-2,-7,-2,,,,,,,,,
60,VISIT,5941,Random,OnArrival,5,15,18109,Node_476,8,0,10,8,10,,,,,,,,,
60,VISIT,5942,Random,OnArrival,5,15,18109,Node_203,24,0,4,24,4,,,,,,,,,
60,VISIT,5943,Random,OnArrival,5,14,18109,Node_427,5,0,9,5,9,,,,,,,,,
60,VISIT,5944,Random,OnArrival,5,15,18109,Node_476,8,0,10,8,10,,,,,,,,,
60,VISIT,5935,Random,OnArrival,5,78,18113,Node_622,-5,0,0,-5,0,,,,,,,,,
60,VISIT,5936,Random,OnArrival,5,40,18113,Node_633,-10,0,-5,-10,-5,,,,,,,,,
60,VISIT,5938,Random,OnArrival,5,44,18117,Node_625,-7,0,-1,-7,-1,,,,,,,,,
60,VISIT,5942,Random,OnArrival,5,16,18123,Node_168,23,0,4,23,4,,,,,,,,,
60,VISIT,5937,Random,OnArrival,5,39,18133,Node_637,-2,0,-3,-2,-3,,,,,,,,,
60,VISIT,5938,Random,OnArrival,5,45,18133,Node_624,-7,0,0,-7,0,,,,,,,,,
60,VISIT,5941,Random,OnArrival,5,16,18139,Node_469,6,0,10,6,10,,,,,,,,,
60,VISIT,5942,Random,OnArrival,5,17,18139,Node_171,23,0,3,23,3,,,,,,,,,
60,VISIT,5944,Random,OnArrival,5,16,18139,Node_469,6,0,10,6,10,,,,,,,,,
60,VISIT,5938,Random,OnArrival,5,46,18148,Node_623,-6,0,0,-6,0,,,,,,,,,
60,VISIT,5941,Random,OnArrival,5,17,18154,Node_425,5,0,10,5,10,,,,,,,,,
60,VISIT,5942,Random,OnArrival,5,18,18154,Node_204,24,0,3,24,3,,,,,,,,,
60,VISIT,5943,Random,OnArrival,5,15,18154,Node_431,5,0,6,5,6,,,,,,,,,
60,VISIT,5944,Random,OnArrival,5,17,18154,Node_425,5,0,10,5,10,,,,,,,,,
60,VISIT,5935,Random,OnArrival,5,79,18159,Node_620,-5,0,-3,-5,-3,,,,,,,,,
60,VISIT,5937,Random,OnArrival,5,40,18164,Node_640,-2,0,-5,-2,-5,,,,,,,,,
60,VISIT,5938,Random,OnArrival,5,47,18164,Node_622,-5,0,0,-5,0,,,,,,,,,
60,VISIT,5940,Random,OnArrival,5,39,18164,Node_646,1,0,-2,1,-2,,,,,,,,,
60,VISIT,5941,Random,OnArrival,5,18,18171,Node_427,5,0,9,5,9,,,,,,,,,
60,VISIT,5943,Random,OnArrival,5,16,18171,Node_433,5,0,5,5,5,,,,,,,,,
60,VISIT,5944,Random,OnArrival,5,18,18171,Node_427,5,0,9,5,9,,,,,,,,,
60,VISIT,5936,Random,OnArrival,5,41,18176,Node_634,-6,0,-5,-6,-5,,,,,,,,,
60,VISIT,5939,Random,OnArrival,5,41,18180,Node_645,1,0,-5,1,-5,,,,,,,,,
60,VISIT,5940,Random,OnArrival,5,40,18180,Node_641,0,0,-2,0,-2,,,,,,,,,
60,VISIT,5935,Random,OnArrival,5,80,18193,Node_617,-3,0,-3,-3,-3,,,,,,,,,
60,VISIT,5942,Random,OnArrival,5,19,18204,Node_205,24,0,2,24,2,,,,,,,,,
60,VISIT,5943,Random,OnArrival,5,17,18204,Node_436,5,0,3,5,3,,,,,,,,,
60,VISIT,5935,Random,OnArrival,5,81,18210,Node_637,-2,0,-3,-2,-3,,,,,,,,,
60,VISIT,5936,Random,OnArrival,5,42,18210,Node_635,-6,0,-3,-6,-3,,,,,,,,,
60,VISIT,5937,Random,OnArrival,5,41,18213,Node_645,1,0,-5,1,-5,,,,,,,,,
60,VISIT,5938,Random,OnArrival,5,48,18213,Node_620,-5,0,-3,-5,-3,,,,,,,,,
60,VISIT,5940,Random,OnArrival,5,41,18213,Node_638,0,0,0,0,0,,,,,,,,,
60,VISIT,5941,Random,OnArrival,5,19,18221,Node_431,5,0,6,5,6,,,,,,,,,
60,VISIT,5942,Random,OnArrival,5,20,18221,Node_272,24,0,1,24,1,,,,,,,,,
60,VISIT,5944,Random,OnArrival,5,19,18221,Node_431,5,0,6,5,6,,,,,,,,,
60,VISIT,5936,Random,OnArrival,5,43,18226,Node_620,-5,0,-3,-5,-3,,,,,,,,,
60,VISIT,5941,Random,OnArrival,5,20,18238,Node_433,5,0,5,5,5,,,,,,,,,
60,VISIT,5942,Random,OnArrival,5,21,18238,Node_176,23,0,1,23,1,,,,,,,,,
60,VISIT,5943,Random,OnArrival,5,18,18238,Node_438,3,0,3,3,3,,,,,,,,,
60,VISIT,5944,Random,OnArrival,5,20,18238,Node_433,5,0,5,5,5,,,,,,,,,
60,VISIT,5935,Random,OnArrival,5,82,18243,Node_640,-2,0,-5,-2,-5,,,,,,,,,
60,VISIT,5938,Random,OnArrival,5,49,18247,Node_617,-3,0,-3,-3,-3,,,,,,,,,
60,VISIT,5942,Random,OnArrival,5,22,18255,Node_179,23,0,0,23,0,,,,,,,,,
60,VISIT,5936,Random,OnArrival,5,44,18260,Node_617,-3,0,-3,-3,-3,,,,,,,,,
60,VISIT,5938,Random,OnArrival,5,50,18264,Node_637,-2,0,-3,-2,-3,,,,,,,,,
60,VISIT,5940,Random,OnArrival,5,42,18264,Node_592,3,0,0,3,0,,,,,,,,,
60,VISIT,5941,Random,OnArrival,5,21,18272,Node_436,5,0,3,5,3,,,,,,,,,
60,VISIT,5942,Random,OnArrival,5,23,18272,Node_268,22,0,0,22,0,,,,,,,,,
60,VISIT,5944,Random,OnArrival,5,21,18272,Node_436,5,0,3,5,3,,,,,,,,,
60,VISIT,5936,Random,OnArrival,5,45,18277,Node_637,-2,0,-3,-2,-3,,,,,,,,,
60,VISIT,5937,Random,OnArrival,5,42,18281,Node_649,5,0,-5,5,-5,,,,,,,,,
60,VISIT,5938,Random,OnArrival,5,51,18281,Node_644,-1,0,-3,-1,-3,,,,,,,,,
60,VISIT,5943,Random,OnArrival,5,19,18289,Node_592,3,0,0,3,0,,,,,,,,,
60,VISIT,5935,Random,OnArrival,5,83,18294,Node_645,1,0,-5,1,-5,,,,,,,,,
60,VISIT,5938,Random,OnArrival,5,52,18297,Node_642,-1,0,-2,-1,-2,,,,,,,,,
60,VISIT,5941,Random,OnArrival,5,22,18305,Node_438,3,0,3,3,3,,,,,,,,,
60,VISIT,5944,Random,OnArrival,5,22,18305,Node_438,3,0,3,3,3,,,,,,,,,
60,VISIT,5936,Random,OnArrival,5,46,18310,Node_640,-2,0,-5,-2,-5,,,,,,,,,
60,VISIT,5937,Random,OnArrival,5,43,18313,Node_650,5,0,-3,5,-3,,,,,,,,,
60,VISIT,5938,Random,OnArrival,5,53,18313,Node_641,0,0,-2,0,-2,,,,,,,,,
60,VISIT,5940,Random,OnArrival,5,43,18313,Node_591,6,0,0,6,0,,,,,,,,,
60,VISIT,5942,Random,OnArrival,5,24,18321,Node_191,22,0,-3,22,-3,,,,,,,,,
60,VISIT,5939,Random,OnArrival,5,42,18330,Node_643,3,0,-2,3,-2,,,,,,,,,
60,VISIT,5943,Random,OnArrival,5,20,18338,Node_591,6,0,0,6,0,,,,,,,,,
60,VISIT,5935,Random,OnArrival,5,84,18342,Node_646,1,0,-2,1,-2,,,,,,,,,
60,VISIT,5938,Random,OnArrival,5,54,18346,Node_638,0,0,0,0,0,,,,,,,,,
60,VISIT,5940,Random,OnArrival,5,44,18346,Node_590,6,0,2,6,2,,,,,,,,,
60,VISIT,5941,Random,OnArrival,5,23,18354,Node_592,3,0,0,3,0,,,,,,,,,
60,VISIT,5944,Random,OnArrival,5,23,18354,Node_592,3,0,0,3,0,,,,,,,,,
60,VISIT,5936,Random,OnArrival,5,47,18358,Node_645,1,0,-5,1,-5,,,,,,,,,
60,VISIT,5939,Random,OnArrival,5,43,18362,Node_646,1,0,-2,1,-2,,,,,,,,,
60,VISIT,5943,Random,OnArrival,5,21,18370,Node_590,6,0,2,6,2,,,,,,,,,
60,VISIT,5935,Random,OnArrival,5,85,18375,Node_643,3,0,-2,3,-2,,,,,,,,,
60,VISIT,5938,Random,OnArrival,5,55,18378,Node_641,0,0,-2,0,-2,,,,,,,,,
60,VISIT,5940,Random,OnArrival,5,45,18378,Node_586,8,0,2,8,2,,,,,,,,,
60,VISIT,5941,Random,OnArrival,5,24,18386,Node_643,3,0,-2,3,-2,,,,,,,,,
60,VISIT,5935,Random,OnArrival,5,86,18391,Node_654,4,0,-2,4,-2,,,,,,,,,
60,VISIT,5938,Random,OnArrival,5,56,18393,Node_646,1,0,-2,1,-2,,,,,,,,,
60,VISIT,5941,Random,OnArrival,5,25,18401,Node_654,4,0,-2,4,-2,,,,,,,,,
60,VISIT,5943,Random,OnArrival,5,22,18401,Node_586,8,0,2,8,2,,,,,,,,,
60,VISIT,5944,Random,OnArrival,5,24,18401,Node_591,6,0,0,6,0,,,,,,,,,
60,VISIT,5935,Random,OnArrival,5,87,18406,Node_652,4,0,-3,4,-3,,,,,,,,,
60,VISIT,5936,Random,OnArrival,5,48,18406,Node_646,1,0,-2,1,-2,,,,,,,,,
60,VISIT,5939,Random,OnArrival,5,44,18408,Node_645,1,0,-5,1,-5,,,,,,,,,
60,VISIT,5940,Random,OnArrival,5,46,18408,Node_161,10,0,2,10,2,,,,,,,,,
60,VISIT,5941,Random,OnArrival,5,26,18417,Node_652,4,0,-3,4,-3,,,,,,,,,
60,VISIT,5935,Random,OnArrival,5,88,18422,Node_650,5,0,-3,5,-3,,,,,,,,,
60,VISIT,5937,Random,OnArrival,5,44,18424,Node_576,10,0,-1,10,-1,,,,,,,,,
60,VISIT,5940,Random,OnArrival,5,47,18424,Node_548,11,0,2,11,2,,,,,,,,,
60,VISIT,5941,Random,OnArrival,5,27,18433,Node_650,5,0,-3,5,-3,,,,,,,,,
60,VISIT,5943,Random,OnArrival,5,23,18433,Node_161,10,0,2,10,2,,,,,,,,,
60,VISIT,5944,Random,OnArrival,5,25,18433,Node_590,6,0,2,6,2,,,,,,,,,
60,VISIT,5935,Random,OnArrival,5,89,18439,Node_655,6,0,-3,6,-3,,,,,,,,,
60,VISIT,5936,Random,OnArrival,5,49,18439,Node_643,3,0,-2,3,-2,,,,,,,,,
60,VISIT,5937,Random,OnArrival,5,45,18441,Node_555,11,0,-1,11,-1,,,,,,,,,
60,VISIT,5938,Random,OnArrival,5,57,18441,Node_645,1,0,-5,1,-5,,,,,,,,,
60,VISIT,5940,Random,OnArrival,5,48,18441,Node_295,12,0,2,12,2,,,,,,,,,
60,VISIT,5941,Random,OnArrival,5,28,18450,Node_655,6,0,-3,6,-3,,,,,,,,,
60,VISIT,5943,Random,OnArrival,5,24,18450,Node_548,11,0,2,11,2,,,,,,,,,
60,VISIT,5935,Random,OnArrival,5,90,18456,Node_657,6,0,-2,6,-2,,,,,,,,,
60,VISIT,5940,Random,OnArrival,5,49,18458,Node_548,11,0,2,11,2,,,,,,,,,
60,VISIT,5941,Random,OnArrival,5,29,18466,Node_657,6,0,-2,6,-2,,,,,,,,,
60,VISIT,5943,Random,OnArrival,5,25,18466,Node_298,11,0,3,11,3,,,,,,,,,
60,VISIT,5944,Random,OnArrival,5,26,18466,Node_586,8,0,2,8,2,,,,,,,,,
60,VISIT,5936,Random,OnArrival,5,50,18472,Node_592,3,0,0,3,0,,,,,,,,,
60,VISIT,5939,Random,OnArrival,5,45,18474,Node_649,5,0,-5,5,-5,,,,,,,,,
60,VISIT,5940,Random,OnArrival,5,50,18474,Node_550,11,0,1,11,1,,,,,,,,,
60,VISIT,5943,Random,OnArrival,5,26,18483,Node_296,12,0,3,12,3,,,,,,,,,
60,VISIT,5935,Random,OnArrival,5,91,18489,Node_660,8,0,-2,8,-2,,,,,,,,,
60,VISIT,5940,Random,OnArrival,5,51,18491,Node_162,10,0,1,10,1,,,,,,,,,
60,VISIT,5941,Random,OnArrival,5,30,18500,Node_660,8,0,-2,8,-2,,,,,,,,,
60,VISIT,5943,Random,OnArrival,5,27,18500,Node_290,13,0,3,13,3,,,,,,,,,
60,VISIT,5944,Random,OnArrival,5,27,18500,Node_161,10,0,2,10,2,,,,,,,,,
60,VISIT,5936,Random,OnArrival,5,51,18506,Node_643,3,0,-2,3,-2,,,,,,,,,
60,VISIT,5938,Random,OnArrival,5,58,18508,Node_649,5,0,-5,5,-5,,,,,,,,,
60,VISIT,5940,Random,OnArrival,5,52,18508,Node_579,10,0,0,10,0,,,,,,,,,
60,VISIT,5943,Random,OnArrival,5,28,18517,Node_227,14,0,3,14,3,,,,,,,,,
60,VISIT,5944,Random,OnArrival,5,28,18517,Node_162,10,0,1,10,1,,,,,,,,,
60,VISIT,5940,Random,OnArrival,5,53,18525,Node_552,11,0,0,11,0,,,,,,,,,
60,VISIT,5945,Random,OnArrival,5,0,18532,Node_6,19,0,12,19,12,,,,,,,,,
60,VISIT,5946,Random,OnArrival,5,0,18532,Node_7,19,0,8,19,8,,,,,,,,,
60,VISIT,5947,Random,OnArrival,5,0,18532,Node_8,17,0,10,17,10,,,,,,,,,
60,VISIT,5948,Random,OnArrival,5,0,18532,Node_9,21,0,10,21,10,,,,,,,,,
60,VISIT,5943,Random,OnArrival,5,29,18533,Node_230,14,0,2,14,2,,,,,,,,,
60,VISIT,5944,Random,OnArrival,5,29,18533,Node_579,10,0,0,10,0,,,,,,,,,
60,VISIT,5935,Random,OnArrival,5,92,18536,Node_666,8,0,-5,8,-5,,,,,,,,,
60,VISIT,5936,Random,OnArrival,5,52,18536,Node_646,1,0,-2,1,-2,,,,,,,,,
60,VISIT,5945,Random,OnArrival,5,1,18539,Node_40,20,0,12,20,12,,,,,,,,,
60,VISIT,5946,Random,OnArrival,5,1,18539,Node_3,19,0,9,19,9,,,,,,,,,
60,VISIT,5947,Random,OnArrival,5,1,18539,Node_4,18,0,10,18,10,,,,,,,,,
60,VISIT,5948,Random,OnArrival,5,1,18539,Node_13,21,0,11,21,11,,,,,,,,,
60,VISIT,5941,Random,OnArrival,5,31,18543,Node_666,8,0,-5,8,-5,,,,,,,,,
60,VISIT,5943,Random,OnArrival,5,30,18543,Node_292,13,0,2,13,2,,,,,,,,,
60,VISIT,5944,Random,OnArrival,5,30,18543,Node_576,10,0,-1,10,-1,,,,,,,,,
60,VISIT,5938,Random,OnArrival,5,59,18545,Node_666,8,0,-5,8,-5,,,,,,,,,
60,VISIT,5940,Random,OnArrival,5,54,18545,Node_665,12,0,-1,12,-1,,,,,,,,,
60,VISIT,5945,Random,OnArrival,5,2,18549,Node_42,20,0,13,20,13,,,,,,,,,
60,VISIT,5946,Random,OnArrival,5,2,18549,Node_20,19,0,10,19,10,,,,,,,,,
60,VISIT,5947,Random,OnArrival,5,2,18549,Node_14,18,0,11,18,11,,,,,,,,,
60,VISIT,5948,Random,OnArrival,5,2,18549,Node_59,22,0,11,22,11,,,,,,,,,
60,VISIT,5943,Random,OnArrival,5,31,18553,Node_295,12,0,2,12,2,,,,,,,,,
60,VISIT,5944,Random,OnArrival,5,31,18553,Node_555,11,0,-1,11,-1,,,,,,,,,
60,VISIT,5935,Random,OnArrival,5,93,18555,Node_568,10,0,-5,10,-5,,,,,,,,,
60,VISIT,5939,Random,OnArrival,5,46,18555,Node_660,8,0,-2,8,-2,,,,,,,,,
60,VISIT,5940,Random,OnArrival,5,55,18555,Node_555,11,0,-1,11,-1,,,,,,,,,
60,VISIT,5945,Random,OnArrival,5,3,18559,Node_43,20,0,14,20,14,,,,,,,,,
60,VISIT,5946,Random,OnArrival,5,3,18559,Node_2,19,0,11,19,11,,,,,,,,,
60,VISIT,5947,Random,OnArrival,5,3,18559,Node_10,18,0,12,18,12,,,,,,,,,
60,VISIT,5948,Random,OnArrival,5,3,18559,Node_62,23,0,11,23,11,,,,,,,,,
60,VISIT,5941,Random,OnArrival,5,32,18563,Node_568,10,0,-5,10,-5,,,,,,,,,
60,VISIT,5943,Random,OnArrival,5,32,18563,Node_548,11,0,2,11,2,,,,,,,,,
60,VISIT,5944,Random,OnArrival,5,32,18563,Node_556,11,0,-2,11,-2,,,,,,,,,
60,VISIT,5935,Random,OnArrival,5,94,18565,Node_565,11,0,-5,11,-5,,,,,,,,,
60,VISIT,5936,Random,OnArrival,5,53,18565,Node_645,1,0,-5,1,-5,,,,,,,,,
60,VISIT,5938,Random,OnArrival,5,60,18565,Node_568,10,0,-5,10,-5,,,,,,,,,
60,VISIT,5939,Random,OnArrival,5,47,18565,Node_662,8,0,-1,8,-1,,,,,,,,,
60,VISIT,5940,Random,OnArrival,5,56,18565,Node_556,11,0,-2,11,-2,,,,,,,,,
60,VISIT,5945,Random,OnArrival,5,4,18569,Node_44,20,0,15,20,15,,,,,,,,,
60,VISIT,5946,Random,OnArrival,5,4,18569,Node_6,19,0,12,19,12,,,,,,,,,
60,VISIT,5947,Random,OnArrival,5,4,18569,Node_6,19,0,12,19,12,,,,,,,,,
60,VISIT,5948,Random,OnArrival,5,4,18569,Node_63,23,0,12,23,12,,,,,,,,,
60,VISIT,5941,Random,OnArrival,5,33,18573,Node_570,10,0,-4,10,-4,,,,,,,,,
60,VISIT,5943,Random,OnArrival,5,33,18573,Node_550,11,0,1,11,1,,,,,,,,,
60,VISIT,5944,Random,OnArrival,5,33,18573,Node_573,10,0,-2,10,-2,,,,,,,,,
60,VISIT,5935,Random,OnArrival,5,95,18576,Node_562,11,0,-4,11,-4,,,,,,,,,
60,VISIT,5938,Random,OnArrival,5,61,18576,Node_570,10,0,-4,10,-4,,,,,,,,,
60,VISIT,5940,Random,OnArrival,5,57,18576,Node_573,10,0,-2,10,-2,,,,,,,,,
60,VISIT,5945,Random,OnArrival,5,5,18580,Node_25,21,0,15,21,15,,,,,,,,,
60,VISIT,5946,Random,OnArrival,5,5,18580,Node_40,20,0,12,20,12,,,,,,,,,
60,VISIT,5947,Random,OnArrival,5,5,18580,Node_40,20,0,12,20,12,,,,,,,,,
60,VISIT,5948,Random,OnArrival,5,5,18580,Node_64,24,0,12,24,12,,,,,,,,,
60,VISIT,5941,Random,OnArrival,5,34,18584,Node_562,11,0,-4,11,-4,,,,,,,,,
60,VISIT,5943,Random,OnArrival,5,34,18584,Node_552,11,0,0,11,0,,,,,,,,,
60,VISIT,5944,Random,OnArrival,5,34,18584,Node_556,11,0,-2,11,-2,,,,,,,,,
60,VISIT,5935,Random,OnArrival,5,96,18587,Node_570,10,0,-4,10,-4,,,,,,,,,
60,VISIT,5938,Random,OnArrival,5,62,18587,Node_562,11,0,-4,11,-4,,,,,,,,,
60,VISIT,5939,Random,OnArrival,5,48,18587,Node_576,10,0,-1,10,-1,,,,,,,,,
60,VISIT,5940,Random,OnArrival,5,58,18587,Node_572,10,0,-3,10,-3,,,,,,,,,
60,VISIT,5945,Random,OnArrival,5,6,18591,Node_27,21,0,16,21,16,,,,,,,,,
60,VISIT,5946,Random,OnArrival,5,6,18591,Node_42,20,0,13,20,13,,,,,,,,,
60,VISIT,5947,Random,OnArrival,5,6,18591,Node_42,20,0,13,20,13,,,,,,,,,
60,VISIT,5948,Random,OnArrival,5,6,18591,Node_104,25,0,12,25,12,,,,,,,,,
60,VISIT,5943,Random,OnArrival,5,35,18596,Node_555,11,0,-1,11,-1,,,,,,,,,
60,VISIT,5944,Random,OnArrival,5,35,18596,Node_559,11,0,-3,11,-3,,,,,,,,,
60,VISIT,5935,Random,OnArrival,5,97,18600,Node_562,11,0,-4,11,-4,,,,,,,,,
60,VISIT,5938,Random,OnArrival,5,63,18600,Node_668,12,0,-4,12,-4,,,,,,,,,
60,VISIT,5939,Random,OnArrival,5,49,18600,Node_579,10,0,0,10,0,,,,,,,,,
60,VISIT,5940,Random,OnArrival,5,59,18600,Node_559,11,0,-3,11,-3,,,,,,,,,
60,VISIT,5945,Random,OnArrival,5,7,18603,Node_127,22,0,16,22,16,,,,,,,,,
60,VISIT,5946,Random,OnArrival,5,7,18603,Node_43,20,0,14,20,14,,,,,,,,,
60,VISIT,5947,Random,OnArrival,5,7,18603,Node_43,20,0,14,20,14,,,,,,,,,
60,VISIT,5948,Random,OnArrival,5,7,18603,Node_169,26,0,12,26,12,,,,,,,,,
60,VISIT,5943,Random,OnArrival,5,36,18608,Node_665,12,0,-1,12,-1,,,,,,,,,
60,VISIT,5944,Random,OnArrival,5,36,18608,Node_572,10,0,-3,10,-3,,,,,,,,,
60,VISIT,5935,Random,OnArrival,5,98,18612,Node_559,11,0,-3,11,-3,,,,,,,,,
60,VISIT,5936,Random,OnArrival,5,54,18612,Node_649,5,0,-5,5,-5,,,,,,,,,
60,VISIT,5938,Random,OnArrival,5,64,18612,Node_669,12,0,-3,12,-3,,,,,,,,,
60,VISIT,5939,Random,OnArrival,5,50,18612,Node_552,11,0,0,11,0,,,,,,,,,
60,VISIT,5940,Random,OnArrival,5,60,18612,Node_669,12,0,-3,12,-3,,,,,,,,,
60,VISIT,5945,Random,OnArrival,5,8,18615,Node_134,23,0,16,23,16,,,,,,,,,
60,VISIT,5946,Random,OnArrival,5,8,18615,Node_44,20,0,15,20,15,,,,,,,,,
60,VISIT,5947,Random,OnArrival,5,8,18615,Node_44,20,0,15,20,15,,,,,,,,,
60,VISIT,5948,Random,OnArrival,5,8,18615,Node_240,27,0,12,27,12,,,,,,,,,
60,VISIT,5941,Random,OnArrival,5,35,18620,Node_559,11,0,-3,11,-3,,,,,,,,,
60,VISIT,5943,Random,OnArrival,5,37,18620,Node_555,11,0,-1,11,-1,,,,,,,,,
60,VISIT,5944,Random,OnArrival,5,37,18620,Node_570,10,0,-4,10,-4,,,,,,,,,
60,VISIT,5935,Random,OnArrival,5,99,18625,Node_669,12,0,-3,12,-3,,,,,,,,,
60,VISIT,5938,Random,OnArrival,5,65,18625,Node_559,11,0,-3,11,-3,,,,,,,,,
60,VISIT,5939,Random,OnArrival,5,51,18625,Node_667,12,0,0,12,0,,,,,,,,,
60,VISIT,5945,Random,OnArrival,5,9,18628,Node_137,23,0,17,23,17,,,,,,,,,
60,VISIT,5946,Random,OnArrival,5,9,18628,Node_25,21,0,15,21,15,,,,,,,,,
60,VISIT,5947,Random,OnArrival,5,9,18628,Node_25,21,0,15,21,15,,,,,,,,,
60,VISIT,5948,Random,OnArrival,5,9,18628,Node_251,28,0,12,28,12,,,,,,,,,
60,VISIT,5941,Random,OnArrival,5,36,18633,Node_669,12,0,-3,12,-3,,,,,,,,,
60,VISIT,5943,Random,OnArrival,5,38,18633,Node_556,11,0,-2,11,-2,,,,,,,,,
60,VISIT,5944,Random,OnArrival,5,38,18633,Node_572,10,0,-3,10,-3,,,,,,,,,
60,VISIT,5938,Random,OnArrival,5,66,18638,Node_669,12,0,-3,12,-3,,,,,,,,,
60,VISIT,5945,Random,OnArrival,5,10,18641,Node_72,24,0,17,24,17,,,,,,,,,
60,VISIT,5946,Random,OnArrival,5,10,18641,Node_27,21,0,16,21,16,,,,,,,,,
60,VISIT,5947,Random,OnArrival,5,10,18641,Node_27,21,0,16,21,16,,,,,,,,,
60,VISIT,5948,Random,OnArrival,5,10,18641,Node_249,28,0,11,28,11,,,,,,,,,
60,VISIT,5943,Random,OnArrival,5,39,18649,Node_559,11,0,-3,11,-3,,,,,,,,,
60,VISIT,5944,Random,OnArrival,5,39,18649,Node_559,11,0,-3,11,-3,,,,,,,,,
60,VISIT,5935,Random,OnArrival,5,100,18654,Node_670,14,0,-3,14,-3,,,,,,,,,
60,VISIT,5936,Random,OnArrival,5,55,18654,Node_666,8,0,-5,8,-5,,,,,,,,,
60,VISIT,5939,Random,OnArrival,5,52,18654,Node_234,14,0,0,14,0,,,,,,,,,
60,VISIT,5940,Random,OnArrival,5,61,18654,Node_236,14,0,-2,14,-2,,,,,,,,,
60,VISIT,5945,Random,OnArrival,5,11,18657,Node_114,25,0,17,25,17,,,,,,,,,
60,VISIT,5946,Random,OnArrival,5,11,18657,Node_127,22,0,16,22,16,,,,,,,,,
60,VISIT,5947,Random,OnArrival,5,11,18657,Node_127,22,0,16,22,16,,,,,,,,,
60,VISIT,5948,Random,OnArrival,5,11,18657,Node_239,27,0,11,27,11,,,,,,,,,
60,VISIT,5941,Random,OnArrival,5,37,18665,Node_670,14,0,-3,14,-3,,,,,,,,,
60,VISIT,5943,Random,OnArrival,5,40,18665,Node_669,12,0,-3,12,-3,,,,,,,,,
60,VISIT,5944,Random,OnArrival,5,40,18665,Node_669,12,0,-3,12,-3,,,,,,,,,
60,VISIT,5935,Random,OnArrival,5,101,18670,Node_236,14,0,-2,14,-2,,,,,,,,,
60,VISIT,5938,Random,OnArrival,5,67,18670,Node_670,14,0,-3,14,-3,,,,,,,,,
60,VISIT,5945,Random,OnArrival,5,12,18673,Node_293,26,0,17,26,17,,,,,,,,,
60,VISIT,5946,Random,OnArrival,5,12,18673,Node_134,23,0,16,23,16,,,,,,,,,
60,VISIT,5947,Random,OnArrival,5,12,18673,Node_134,23,0,16,23,16,,,,,,,,,
60,VISIT,5948,Random,OnArrival,5,12,18673,Node_240,27,0,12,27,12,,,,,,,,,
60,VISIT,5935,Random,OnArrival,5,102,18686,Node_672,15,0,-2,15,-2,,,,,,,,,
60,VISIT,5936,Random,OnArrival,5,56,18686,Node_568,10,0,-5,10,-5,,,,,,,,,
60,VISIT,5938,Random,OnArrival,5,68,18686,Node_673,14,0,-4,14,-4,,,,,,,,,
60,VISIT,5945,Random,OnArrival,5,13,18689,Node_244,27,0,17,27,17,,,,,,,,,
60,VISIT,5946,Random,OnArrival,5,13,18689,Node_137,23,0,17,23,17,,,,,,,,,
60,VISIT,5947,Random,OnArrival,5,13,18689,Node_137,23,0,17,23,17,,,,,,,,,
60,VISIT,5948,Random,OnArrival,5,13,18689,Node_241,27,0,13,27,13,,,,,,,,,
60,VISIT,5943,Random,OnArrival,5,41,18696,Node_670,14,0,-3,14,-3,,,,,,,,,
60,VISIT,5944,Random,OnArrival,5,41,18696,Node_670,14,0,-3,14,-3,,,,,,,,,
60,VISIT,5935,Random,OnArrival,5,103,18701,Node_675,15,0,-1,15,-1,,,,,,,,,
60,VISIT,5936,Random,OnArrival,5,57,18701,Node_565,11,0,-5,11,-5,,,,,,,,,
60,VISIT,5938,Random,OnArrival,5,69,18701,Node_676,14,0,-5,14,-5,,,,,,,,,
60,VISIT,5940,Random,OnArrival,5,62,18701,Node_671,15,0,0,15,0,,,,,,,,,
60,VISIT,5946,Random,OnArrival,5,14,18704,Node_72,24,0,17,24,17,,,,,,,,,
60,VISIT,5947,Random,OnArrival,5,14,18704,Node_72,24,0,17,24,17,,,,,,,,,
60,VISIT,5935,Random,OnArrival,5,104,18717,Node_671,15,0,0,15,0,,,,,,,,,
60,VISIT,5936,Random,OnArrival,5,58,18717,Node_562,11,0,-4,11,-4,,,,,,,,,
60,VISIT,5938,Random,OnArrival,5,70,18717,Node_678,15,0,-5,15,-5,,,,,,,,,
60,VISIT,5940,Random,OnArrival,5,63,18717,Node_675,15,0,-1,15,-1,,,,,,,,,
60,VISIT,5946,Random,OnArrival,5,15,18720,Node_114,25,0,17,25,17,,,,,,,,,
60,VISIT,5947,Random,OnArrival,5,15,18720,Node_114,25,0,17,25,17,,,,,,,,,
60,VISIT,5948,Random,OnArrival,5,14,18720,Node_242,27,0,15,27,15,,,,,,,,,
60,VISIT,5943,Random,OnArrival,5,42,18727,Node_672,15,0,-2,15,-2,,,,,,,,,
60,VISIT,5944,Random,OnArrival,5,42,18727,Node_672,15,0,-2,15,-2,,,,,,,,,
60,VISIT,5935,Random,OnArrival,5,105,18733,Node_234,14,0,0,14,0,,,,,,,,,
60,VISIT,5936,Random,OnArrival,5,59,18733,Node_559,11,0,-3,11,-3,,,,,,,,,
60,VISIT,5938,Random,OnArrival,5,71,18733,Node_681,15,0,-4,15,-4,,,,,,,,,
60,VISIT,5940,Random,OnArrival,5,64,18733,Node_235,14,0,-1,14,-1,,,,,,,,,
60,VISIT,5946,Random,OnArrival,5,16,18736,Node_293,26,0,17,26,17,,,,,,,,,
60,VISIT,5947,Random,OnArrival,5,16,18736,Node_293,26,0,17,26,17,,,,,,,,,
60,VISIT,5941,Random,OnArrival,5,38,18742,Node_679,15,0,-3,15,-3,,,,,,,,,
60,VISIT,5935,Random,OnArrival,5,106,18749,Node_232,14,0,1,14,1,,,,,,,,,
60,VISIT,5936,Random,OnArrival,5,60,18749,Node_669,12,0,-3,12,-3,,,,,,,,,
60,VISIT,5938,Random,OnArrival,5,72,18749,Node_679,15,0,-3,15,-3,,,,,,,,,
60,VISIT,5940,Random,OnArrival,5,65,18749,Node_236,14,0,-2,14,-2,,,,,,,,,
60,VISIT,5946,Random,OnArrival,5,17,18752,Node_244,27,0,17,27,17,,,,,,,,,
60,VISIT,5947,Random,OnArrival,5,17,18752,Node_244,27,0,17,27,17,,,,,,,,,
60,VISIT,5941,Random,OnArrival,5,39,18758,Node_681,15,0,-4,15,-4,,,,,,,,,
60,VISIT,5943,Random,OnArrival,5,43,18758,Node_260,17,0,-2,17,-2,,,,,,,,,
60,VISIT,5944,Random,OnArrival,5,43,18758,Node_260,17,0,-2,17,-2,,,,,,,,,
60,VISIT,5935,Random,OnArrival,5,107,18765,Node_674,15,0,1,15,1,,,,,,,,,
60,VISIT,5938,Random,OnArrival,5,73,18765,Node_681,15,0,-4,15,-4,,,,,,,,,
60,VISIT,5940,Random,OnArrival,5,66,18765,Node_672,15,0,-2,15,-2,,,,,,,,,
60,VISIT,5946,Random,OnArrival,5,18,18768,Node_243,27,0,16,27,16,,,,,,,,,
60,VISIT,5947,Random,OnArrival,5,18,18768,Node_245,27,0,18,27,18,,,,,,,,,
60,VISIT,5948,Random,OnArrival,5,15,18768,Node_677,28,0,17,28,17,,,,,,,,,
60,VISIT,5941,Random,OnArrival,5,40,18774,Node_673,14,0,-4,14,-4,,,,,,,,,
60,VISIT,5943,Random,OnArrival,5,44,18774,Node_258,18,0,-2,18,-2,,,,,,,,,
60,VISIT,5944,Random,OnArrival,5,44,18774,Node_258,18,0,-2,18,-2,,,,,,,,,
60,VISIT,5935,Random,OnArrival,5,108,18781,Node_222,15,0,2,15,2,,,,,,,,,
60,VISIT,5936,Random,OnArrival,5,61,18781,Node_670,14,0,-3,14,-3,,,,,,,,,
60,VISIT,5938,Random,OnArrival,5,74,18781,Node_673,14,0,-4,14,-4,,,,,,,,,
60,VISIT,5945,Random,OnArrival,5,14,18784,Node_399,27,0,21,27,21,,,,,,,,,
60,VISIT,5946,Random,OnArrival,5,19,18784,Node_685,28,0,16,28,16,,,,,,,,,
60,VISIT,5941,Random,OnArrival,5,41,18790,Node_670,14,0,-3,14,-3,,,,,,,,,
60,VISIT,5943,Random,OnArrival,5,45,18790,Node_83,19,0,-2,19,-2,,,,,,,,,
60,VISIT,5944,Random,OnArrival,5,45,18790,Node_83,19,0,-2,19,-2,,,,,,,,,
60,VISIT,5935,Random,OnArrival,5,109,18797,Node_230,14,0,2,14,2,,,,,,,,,
60,VISIT,5936,Random,OnArrival,5,62,18797,Node_236,14,0,-2,14,-2,,,,,,,,,
60,VISIT,5938,Random,OnArrival,5,75,18797,Node_670,14,0,-3,14,-3,,,,,,,,,
60,VISIT,5940,Random,OnArrival,5,67,18797,Node_260,17,0,-2,17,-2,,,,,,,,,
60,VISIT,5941,Random,OnArrival,5,42,18803,Node_236,14,0,-2,14,-2,,,,,,,,,
60,VISIT,5935,Random,OnArrival,5,110,18809,Node_227,14,0,3,14,3,,,,,,,,,
60,VISIT,5936,Random,OnArrival,5,63,18809,Node_235,14,0,-1,14,-1,,,,,,,,,
60,VISIT,5938,Random,OnArrival,5,76,18809,Node_236,14,0,-2,14,-2,,,,,,,,,
60,VISIT,5940,Random,OnArrival,5,68,18809,Node_258,18,0,-2,18,-2,,,,,,,,,
60,VISIT,5945,Random,OnArrival,5,15,18813,Node_687,27,0,19,27,19,,,,,,,,,
60,VISIT,5946,Random,OnArrival,5,20,18813,Node_688,29,0,17,29,17,,,,,,,,,
60,VISIT,5947,Random,OnArrival,5,19,18813,Node_684,28,0,20,28,20,,,,,,,,,
60,VISIT,5941,Random,OnArrival,5,43,18816,Node_672,15,0,-2,15,-2,,,,,,,,,
60,VISIT,5943,Random,OnArrival,5,46,18816,Node_664,20,0,-3,20,-3,,,,,,,,,
60,VISIT,5944,Random,OnArrival,5,46,18816,Node_664,20,0,-3,20,-3,,,,,,,,,
60,VISIT,5935,Random,OnArrival,5,111,18822,Node_125,15,0,3,15,3,,,,,,,,,
60,VISIT,5936,Random,OnArrival,5,64,18822,Node_675,15,0,-1,15,-1,,,,,,,,,
60,VISIT,5938,Random,OnArrival,5,77,18822,Node_235,14,0,-1,14,-1,,,,,,,,,
60,VISIT,5940,Random,OnArrival,5,69,18822,Node_257,18,0,-1,18,-1,,,,,,,,,
60,VISIT,5945,Random,OnArrival,5,16,18826,Node_682,28,0,19,28,19,,,,,,,,,
60,VISIT,5947,Random,OnArrival,5,20,18826,Node_689,27,0,20,27,20,,,,,,,,,
60,VISIT,5943,Random,OnArrival,5,47,18829,Node_84,19,0,-3,19,-3,,,,,,,,,
60,VISIT,5944,Random,OnArrival,5,47,18829,Node_84,19,0,-3,19,-3,,,,,,,,,
60,VISIT,5935,Random,OnArrival,5,112,18834,Node_124,15,0,4,15,4,,,,,,,,,
60,VISIT,5936,Random,OnArrival,5,65,18834,Node_672,15,0,-2,15,-2,,,,,,,,,
60,VISIT,5938,Random,OnArrival,5,78,18834,Node_234,14,0,0,14,0,,,,,,,,,
60,VISIT,5940,Random,OnArrival,5,70,18834,Node_261,17,0,-1,17,-1,,,,,,,,,
60,VISIT,5945,Random,OnArrival,5,17,18838,Node_680,28,0,18,28,18,,,,,,,,,
60,VISIT,5946,Random,OnArrival,5,21,18838,Node_692,30,0,16,30,16,,,,,,,,,
60,VISIT,5947,Random,OnArrival,5,21,18838,Node_687,27,0,19,27,19,,,,,,,,,
60,VISIT,5941,Random,OnArrival,5,44,18841,Node_260,17,0,-2,17,-2,,,,,,,,,
60,VISIT,5943,Random,OnArrival,5,48,18841,Node_664,20,0,-3,20,-3,,,,,,,,,
60,VISIT,5944,Random,OnArrival,5,48,18841,Node_85,19,0,-4,19,-4,,,,,,,,,
60,VISIT,5935,Random,OnArrival,5,113,18847,Node_123,15,0,5,15,5,,,,,,,,,
60,VISIT,5938,Random,OnArrival,5,79,18847,Node_232,14,0,1,14,1,,,,,,,,,
60,VISIT,5940,Random,OnArrival,5,71,18847,Node_257,18,0,-1,18,-1,,,,,,,,,
60,VISIT,5945,Random,OnArrival,5,18,18851,Node_245,27,0,18,27,18,,,,,,,,,
60,VISIT,5946,Random,OnArrival,5,22,18851,Node_267,31,0,16,31,16,,,,,,,,,
60,VISIT,5947,Random,OnArrival,5,22,18851,Node_245,27,0,18,27,18,,,,,,,,,
60,VISIT,5941,Random,OnArrival,5,45,18854,Node_258,18,0,-2,18,-2,,,,,,,,,
60,VISIT,5943,Random,OnArrival,5,49,18854,Node_663,20,0,-4,20,-4,,,,,,,,,
60,VISIT,5935,Random,OnArrival,5,114,18860,Node_122,15,0,6,15,6,,,,,,,,,
60,VISIT,5936,Random,OnArrival,5,66,18860,Node_260,17,0,-2,17,-2,,,,,,,,,
60,VISIT,5938,Random,OnArrival,5,80,18860,Node_230,14,0,2,14,2,,,,,,,,,
60,VISIT,5940,Random,OnArrival,5,72,18860,Node_82,19,0,-1,19,-1,,,,,,,,,
60,VISIT,5941,Random,OnArrival,5,46,18864,Node_257,18,0,-1,18,-1,,,,,,,,,
60,VISIT,5945,Random,OnArrival,5,19,18864,Node_291,26,0,18,26,18,,,,,,,,,
60,VISIT,5946,Random,OnArrival,5,23,18864,Node_694,31,0,17,31,17,,,,,,,,,
60,VISIT,5947,Random,OnArrival,5,23,18864,Node_291,26,0,18,26,18,,,,,,,,,
60,VISIT,5935,Random,OnArrival,5,115,18869,Node_121,15,0,7,15,7,,,,,,,,,
60,VISIT,5936,Random,OnArrival,5,67,18869,Node_258,18,0,-2,18,-2,,,,,,,,,
60,VISIT,5938,Random,OnArrival,5,81,18869,Node_227,14,0,3,14,3,,,,,,,,,
60,VISIT,5940,Random,OnArrival,5,73,18869,Node_83,19,0,-2,19,-2,,,,,,,,,
60,VISIT,5941,Random,OnArrival,5,47,18874,Node_255,18,0,0,18,0,,,,,,,,,
60,VISIT,5943,Random,OnArrival,5,50,18874,Node_696,19,0,-5,19,-5,,,,,,,,,
60,VISIT,5945,Random,OnArrival,5,20,18874,Node_293,26,0,17,26,17,,,,,,,,,
60,VISIT,5947,Random,OnArrival,5,24,18874,Node_245,27,0,18,27,18,,,,,,,,,
60,VISIT,5935,Random,OnArrival,5,116,18879,Node_120,15,0,8,15,8,,,,,,,,,
60,VISIT,5936,Random,OnArrival,5,68,18879,Node_257,18,0,-1,18,-1,,,,,,,,,
60,VISIT,5938,Random,OnArrival,5,82,18879,Node_125,15,0,3,15,3,,,,,,,,,
60,VISIT,5940,Random,OnArrival,5,74,18879,Node_84,19,0,-3,19,-3,,,,,,,,,
60,VISIT,5941,Random,OnArrival,5,48,18884,Node_81,19,0,0,19,0,,,,,,,,,
60,VISIT,5943,Random,OnArrival,5,51,18884,Node_697,20,0,-5,20,-5,,,,,,,,,
60,VISIT,5945,Random,OnArrival,5,21,18884,Node_244,27,0,17,27,17,,,,,,,,,
60,VISIT,5946,Random,OnArrival,5,24,18884,Node_699,32,0,18,32,18,,,,,,,,,
60,VISIT,5947,Random,OnArrival,5,25,18884,Node_687,27,0,19,27,19,,,,,,,,,
60,VISIT,5935,Random,OnArrival,5,117,18889,Node_119,16,0,8,16,8,,,,,,,,,
60,VISIT,5936,Random,OnArrival,5,69,18889,Node_255,18,0,0,18,0,,,,,,,,,
60,VISIT,5938,Random,OnArrival,5,83,18889,Node_124,15,0,4,15,4,,,,,,,,,
60,VISIT,5940,Random,OnArrival,5,75,18889,Node_664,20,0,-3,20,-3,,,,,,,,,
60,VISIT,5943,Random,OnArrival,5,52,18894,Node_659,21,0,-5,21,-5,,,,,,,,,
60,VISIT,5945,Random,OnArrival,5,22,18894,Node_677,28,0,17,28,17,,,,,,,,,
60,VISIT,5947,Random,OnArrival,5,26,18894,Node_689,27,0,20,27,20,,,,,,,,,
60,VISIT,5935,Random,OnArrival,5,118,18899,Node_87,17,0,8,17,8,,,,,,,,,
60,VISIT,5936,Random,OnArrival,5,70,18899,Node_81,19,0,0,19,0,,,,,,,,,
60,VISIT,5938,Random,OnArrival,5,84,18899,Node_123,15,0,5,15,5,,,,,,,,,
60,VISIT,5940,Random,OnArrival,5,76,18899,Node_663,20,0,-4,20,-4,,,,,,,,,
60,VISIT,5943,Random,OnArrival,5,53,18904,Node_658,22,0,-5,22,-5,,,,,,,,,
60,VISIT,5945,Random,OnArrival,5,23,18904,Node_688,29,0,17,29,17,,,,,,,,,
60,VISIT,5947,Random,OnArrival,5,27,18904,Node_399,27,0,21,27,21,,,,,,,,,
60,VISIT,5935,Random,OnArrival,5,119,18909,Node_11,18,0,8,18,8,,,,,,,,,
60,VISIT,5938,Random,OnArrival,5,85,18909,Node_122,15,0,6,15,6,,,,,,,,,
60,VISIT,5940,Random,OnArrival,5,77,18909,Node_85,19,0,-4,19,-4,,,,,,,,,
60,VISIT,5941,Random,OnArrival,5,49,18914,Node_268,22,0,0,22,0,,,,,,,,,
60,VISIT,5943,Random,OnArrival,5,54,18914,Node_656,22,0,-4,22,-4,,,,,,,,,
60,VISIT,5944,Random,OnArrival,5,49,18914,Node_678,15,0,-5,15,-5,,,,,,,,,
60,VISIT,5945,Random,OnArrival,5,24,18914,Node_693,30,0,17,30,17,,,,,,,,,
60,VISIT,5947,Random,OnArrival,5,28,18914,Node_686,28,0,21,28,21,,,,,,,,,
60,VISIT,5935,Random,OnArrival,5,120,18919,Node_7,19,0,8,19,8,,,,,,,,,
60,VISIT,5938,Random,OnArrival,5,86,18919,Node_121,15,0,7,15,7,,,,,,,,,
60,VISIT,5940,Random,OnArrival,5,78,18919,Node_700,18,0,-4,18,-4,,,,,,,,,
60,VISIT,5941,Random,OnArrival,5,50,18924,Node_179,23,0,0,23,0,,,,,,,,,
60,VISIT,5943,Random,OnArrival,5,55,18924,Node_661,21,0,-4,21,-4,,,,,,,,,
60,VISIT,5945,Random,OnArrival,5,25,18924,Node_694,31,0,17,31,17,,,,,,,,,
60,VISIT,5935,Random,OnArrival,5,121,18929,Node_3,19,0,9,19,9,,,,,,,,,
60,VISIT,5936,Random,OnArrival,5,71,18929,Node_268,22,0,0,22,0,,,,,,,,,
60,VISIT,5938,Random,OnArrival,5,87,18929,Node_120,15,0,8,15,8,,,,,,,,,
60,VISIT,5940,Random,OnArrival,5,79,18929,Node_698,18,0,-5,18,-5,,,,,,,,,
60,VISIT,5941,Random,OnArrival,5,51,18934,Node_182,23,0,-1,23,-1,,,,,,,,,
60,VISIT,5943,Random,OnArrival,5,56,18934,Node_663,20,0,-4,20,-4,,,,,,,,,
60,VISIT,5944,Random,OnArrival,5,50,18934,Node_705,17,0,-5,17,-5,,,,,,,,,
60,VISIT,5945,Random,OnArrival,5,26,18934,Node_695,31,0,18,31,18,,,,,,,,,
60,VISIT,5947,Random,OnArrival,5,29,18934,Node_423,30,0,21,30,21,,,,,,,,,
60,VISIT,5935,Random,OnArrival,5,122,18939,Node_20,19,0,10,19,10,,,,,,,,,
60,VISIT,5936,Random,OnArrival,5,72,18939,Node_179,23,0,0,23,0,,,,,,,,,
60,VISIT,5938,Random,OnArrival,5,88,18939,Node_119,16,0,8,16,8,,,,,,,,,
60,VISIT,5940,Random,OnArrival,5,80,18939,Node_705,17,0,-5,17,-5,,,,,,,,,
60,VISIT,5941,Random,OnArrival,5,52,18943,Node_651,22,0,-1,22,-1,,,,,,,,,
60,VISIT,5943,Random,OnArrival,5,57,18943,Node_85,19,0,-4,19,-4,,,,,,,,,
60,VISIT,5944,Random,OnArrival,5,51,18943,Node_698,18,0,-5,18,-5,,,,,,,,,
60,VISIT,5945,Random,OnArrival,5,27,18943,Node_699,32,0,18,32,18,,,,,,,,,
60,VISIT,5935,Random,OnArrival,5,123,18947,Node_2,19,0,11,19,11,,,,,,,,,
60,VISIT,5936,Random,OnArrival,5,73,18947,Node_182,23,0,-1,23,-1,,,,,,,,,
60,VISIT,5938,Random,OnArrival,5,89,18947,Node_87,17,0,8,17,8,,,,,,,,,
60,VISIT,5940,Random,OnArrival,5,81,18947,Node_703,17,0,-4,17,-4,,,,,,,,,
60,VISIT,5941,Random,OnArrival,5,53,18951,Node_182,23,0,-1,23,-1,,,,,,,,,
60,VISIT,5943,Random,OnArrival,5,58,18951,Node_696,19,0,-5,19,-5,,,,,,,,,
60,VISIT,5944,Random,OnArrival,5,52,18951,Node_696,19,0,-5,19,-5,,,,,,,,,
60,VISIT,5945,Random,OnArrival,5,28,18951,Node_702,32,0,19,32,19,,,,,,,,,
60,VISIT,5946,Random,OnArrival,5,25,18951,Node_707,32,0,21,32,21,,,,,,,,,
60,VISIT,5935,Random,OnArrival,5,124,18956,Node_38,20,0,11,20,11,,,,,,,,,
60,VISIT,5936,Random,OnArrival,5,74,18956,Node_179,23,0,0,23,0,,,,,,,,,
60,VISIT,5938,Random,OnArrival,5,90,18956,Node_11,18,0,8,18,8,,,,,,,,,
60,VISIT,5940,Random,OnArrival,5,82,18956,Node_700,18,0,-4,18,-4,,,,,,,,,
60,VISIT,5941,Random,OnArrival,5,54,18963,Node_185,23,0,-2,23,-2,,,,,,,,,
60,VISIT,5943,Random,OnArrival,5,59,18963,Node_698,18,0,-5,18,-5,,,,,,,,,
60,VISIT,5944,Random,OnArrival,5,53,18963,Node_85,19,0,-4,19,-4,,,,,,,,,
60,VISIT,5945,Random,OnArrival,5,29,18963,Node_708,33,0,19,33,19,,,,,,,,,
60,VISIT,5946,Random,OnArrival,5,26,18963,Node_420,31,0,21,31,21,,,,,,,,,
60,VISIT,5947,Random,OnArrival,5,30,18963,Node_395,30,0,24,30,24,,,,,,,,,
60,VISIT,5935,Random,OnArrival,5,125,18968,Node_13,21,0,11,21,11,,,,,,,,,
60,VISIT,5936,Random,OnArrival,5,75,18968,Node_176,23,0,1,23,1,,,,,,,,,
60,VISIT,5938,Random,OnArrival,5,91,18968,Node_7,19,0,8,19,8,,,,,,,,,
60,VISIT,5940,Random,OnArrival,5,83,18968,Node_85,19,0,-4,19,-4,,,,,,,,,
60,VISIT,5941,Random,OnArrival,5,55,18975,Node_653,22,0,-2,22,-2,,,,,,,,,
60,VISIT,5943,Random,OnArrival,5,60,18975,Node_705,17,0,-5,17,-5,,,,,,,,,
60,VISIT,5944,Random,OnArrival,5,54,18975,Node_663,20,0,-4,20,-4,,,,,,,,,
60,VISIT,5945,Random,OnArrival,5,30,18975,Node_702,32,0,19,32,19,,,,,,,,,
60,VISIT,5946,Random,OnArrival,5,27,18975,Node_707,32,0,21,32,21,,,,,,,,,
60,VISIT,5947,Random,OnArrival,5,31,18975,Node_411,31,0,24,31,24,,,,,,,,,
60,VISIT,5935,Random,OnArrival,5,126,18979,Node_59,22,0,11,22,11,,,,,,,,,
60,VISIT,5936,Random,OnArrival,5,76,18979,Node_272,24,0,1,24,1,,,,,,,,,
60,VISIT,5938,Random,OnArrival,5,92,18979,Node_3,19,0,9,19,9,,,,,,,,,
60,VISIT,5940,Random,OnArrival,5,84,18979,Node_663,20,0,-4,20,-4,,,,,,,,,
60,VISIT,5941,Random,OnArrival,5,56,18984,Node_651,22,0,-1,22,-1,,,,,,,,,
60,VISIT,5943,Random,OnArrival,5,61,18984,Node_703,17,0,-4,17,-4,,,,,,,,,
60,VISIT,5944,Random,OnArrival,5,55,18984,Node_661,21,0,-4,21,-4,,,,,,,,,
60,VISIT,5945,Random,OnArrival,5,31,18984,Node_704,32,0,20,32,20,,,,,,,,,
60,VISIT,5946,Random,OnArrival,5,28,18984,Node_710,33,0,21,33,21,,,,,,,,,
60,VISIT,5935,Random,OnArrival,5,127,18989,Node_62,23,0,11,23,11,,,,,,,,,
60,VISIT,5936,Random,OnArrival,5,77,18989,Node_205,24,0,2,24,2,,,,,,,,,
60,VISIT,5938,Random,OnArrival,5,93,18989,Node_48,20,0,9,20,9,,,,,,,,,
60,VISIT,5940,Random,OnArrival,5,85,18989,Node_661,21,0,-4,21,-4,,,,,,,,,
60,VISIT,5941,Random,OnArrival,5,57,18995,Node_268,22,0,0,22,0,,,,,,,,,
60,VISIT,5943,Random,OnArrival,5,62,18995,Node_700,18,0,-4,18,-4,,,,,,,,,
60,VISIT,5944,Random,OnArrival,5,56,18995,Node_656,22,0,-4,22,-4,,,,,,,,,
60,VISIT,5945,Random,OnArrival,5,32,18995,Node_709,33,0,20,33,20,,,,,,,,,
60,VISIT,5946,Random,OnArrival,5,29,18995,Node_707,32,0,21,32,21,,,,,,,,,
60,VISIT,5935,Random,OnArrival,5,128,19002,Node_61,23,0,10,23,10,,,,,,,,,
60,VISIT,5936,Random,OnArrival,5,78,19002,Node_173,23,0,2,23,2,,,,,,,,,
60,VISIT,5938,Random,OnArrival,5,94,19002,Node_47,21,0,9,21,9,,,,,,,,,
60,VISIT,5940,Random,OnArrival,5,86,19002,Node_656,22,0,-4,22,-4,,,,,,,,,
60,VISIT,5941,Random,OnArrival,5,58,19010,Node_269,22,0,1,22,1,,,,,,,,,
60,VISIT,5943,Random,OnArrival,5,63,19010,Node_85,19,0,-4,19,-4,,,,,,,,,
60,VISIT,5944,Random,OnArrival,5,57,19010,Node_191,22,0,-3,22,-3,,,,,,,,,
60,VISIT,5945,Random,OnArrival,5,33,19010,Node_710,33,0,21,33,21,,,,,,,,,
60,VISIT,5946,Random,OnArrival,5,30,19010,Node_420,31,0,21,31,21,,,,,,,,,
60,VISIT,5947,Random,OnArrival,5,32,19010,Node_409,31,0,25,31,25,,,,,,,,,
60,VISIT,5935,Random,OnArrival,5,129,19017,Node_89,23,0,9,23,9,,,,,,,,,
60,VISIT,5936,Random,OnArrival,5,79,19017,Node_176,23,0,1,23,1,,,,,,,,,
60,VISIT,5938,Random,OnArrival,5,95,19017,Node_58,22,0,9,22,9,,,,,,,,,
60,VISIT,5940,Random,OnArrival,5,87,19017,Node_191,22,0,-3,22,-3,,,,,,,,,
60,VISIT,5941,Random,OnArrival,5,59,19025,Node_176,23,0,1,23,1,,,,,,,,,
60,VISIT,5943,Random,OnArrival,5,64,19025,Node_663,20,0,-4,20,-4,,,,,,,,,
60,VISIT,5944,Random,OnArrival,5,58,19025,Node_653,22,0,-2,22,-2,,,,,,,,,
60,VISIT,5945,Random,OnArrival,5,34,19025,Node_707,32,0,21,32,21,,,,,,,,,
60,VISIT,5946,Random,OnArrival,5,31,19025,Node_417,31,0,22,31,22,,,,,,,,,
60,VISIT,5947,Random,OnArrival,5,33,19025,Node_716,32,0,25,32,25,,,,,,,,,
60,VISIT,5949,Random,OnArrival,5,0,19027,Node_6,19,0,12,19,12,,,,,,,,,
60,VISIT,5950,Random,OnArrival,5,0,19027,Node_7,19,0,8,19,8,,,,,,,,,
60,VISIT,5951,Random,OnArrival,5,0,19027,Node_8,17,0,10,17,10,,,,,,,,,
60,VISIT,5952,Random,OnArrival,5,0,19027,Node_9,21,0,10,21,10,,,,,,,,,
60,VISIT,5936,Random,OnArrival,5,80,19031,Node_179,23,0,0,23,0,,,,,,,,,
60,VISIT,5938,Random,OnArrival,5,96,19031,Node_89,23,0,9,23,9,,,,,,,,,
60,VISIT,5940,Random,OnArrival,5,88,19031,Node_188,23,0,-3,23,-3,,,,,,,,,
60,VISIT,5941,Random,OnArrival,5,60,19031,Node_173,23,0,2,23,2,,,,,,,,,
60,VISIT,5943,Random,OnArrival,5,65,19031,Node_661,21,0,-4,21,-4,,,,,,,,,
60,VISIT,5944,Random,OnArrival,5,59,19031,Node_191,22,0,-3,22,-3,,,,,,,,,
60,VISIT,5945,Random,OnArrival,5,35,19031,Node_420,31,0,21,31,21,,,,,,,,,
60,VISIT,5946,Random,OnArrival,5,32,19031,Node_713,30,0,22,30,22,,,,,,,,,
60,VISIT,5949,Random,OnArrival,5,1,19033,Node_40,20,0,12,20,12,,,,,,,,,
60,VISIT,5950,Random,OnArrival,5,1,19033,Node_3,19,0,9,19,9,,,,,,,,,
60,VISIT,5951,Random,OnArrival,5,1,19033,Node_4,18,0,10,18,10,,,,,,,,,
60,VISIT,5952,Random,OnArrival,5,1,19033,Node_13,21,0,11,21,11,,,,,,,,,
60,VISIT,5935,Random,OnArrival,5,130,19038,Node_174,25,0,9,25,9,,,,,,,,,
60,VISIT,5936,Random,OnArrival,5,81,19038,Node_182,23,0,-1,23,-1,,,,,,,,,
60,VISIT,5941,Random,OnArrival,5,61,19038,Node_205,24,0,2,24,2,,,,,,,,,
60,VISIT,5943,Random,OnArrival,5,66,19038,Node_656,22,0,-4,22,-4,,,,,,,,,
60,VISIT,5944,Random,OnArrival,5,60,19038,Node_188,23,0,-3,23,-3,,,,,,,,,
60,VISIT,5945,Random,OnArrival,5,36,19038,Node_423,30,0,21,30,21,,,,,,,,,
60,VISIT,5946,Random,OnArrival,5,33,19038,Node_417,31,0,22,31,22,,,,,,,,,
60,VISIT,5949,Random,OnArrival,5,2,19040,Node_42,20,0,13,20,13,,,,,,,,,
60,VISIT,5950,Random,OnArrival,5,2,19040,Node_48,20,0,9,20,9,,,,,,,,,
60,VISIT,5951,Random,OnArrival,5,2,19040,Node_14,18,0,11,18,11,,,,,,,,,
60,VISIT,5952,Random,OnArrival,5,2,19040,Node_59,22,0,11,22,11,,,,,,,,,
60,VISIT,5935,Random,OnArrival,5,131,19045,Node_197,26,0,9,26,9,,,,,,,,,
60,VISIT,5936,Random,OnArrival,5,82,19045,Node_185,23,0,-2,23,-2,,,,,,,,,
60,VISIT,5938,Random,OnArrival,5,97,19045,Node_174,25,0,9,25,9,,,,,,,,,
60,VISIT,5941,Random,OnArrival,5,62,19045,Node_272,24,0,1,24,1,,,,,,,,,
60,VISIT,5943,Random,OnArrival,5,67,19045,Node_191,22,0,-3,22,-3,,,,,,,,,
60,VISIT,5944,Random,OnArrival,5,61,19045,Node_717,24,0,-3,24,-3,,,,,,,,,
60,VISIT,5945,Random,OnArrival,5,37,19045,Node_713,30,0,22,30,22,,,,,,,,,
60,VISIT,5946,Random,OnArrival,5,34,19045,Node_712,32,0,22,32,22,,,,,,,,,
60,VISIT,5949,Random,OnArrival,5,3,19048,Node_43,20,0,14,20,14,,,,,,,,,
60,VISIT,5950,Random,OnArrival,5,3,19048,Node_47,21,0,9,21,9,,,,,,,,,
60,VISIT,5951,Random,OnArrival,5,3,19048,Node_2,19,0,11,19,11,,,,,,,,,
60,VISIT,5952,Random,OnArrival,5,3,19048,Node_62,23,0,11,23,11,,,,,,,,,
60,VISIT,5935,Random,OnArrival,5,132,19056,Node_237,27,0,9,27,9,,,,,,,,,
60,VISIT,5936,Random,OnArrival,5,83,19056,Node_718,24,0,-2,24,-2,,,,,,,,,
60,VISIT,5938,Random,OnArrival,5,98,19056,Node_197,26,0,9,26,9,,,,,,,,,
60,VISIT,5940,Random,OnArrival,5,89,19056,Node_185,23,0,-2,23,-2,,,,,,,,,
60,VISIT,5941,Random,OnArrival,5,63,19056,Node_176,23,0,1,23,1,,,,,,,,,
60,VISIT,5943,Random,OnArrival,5,68,19056,Node_188,23,0,-3,23,-3,,,,,,,,,
60,VISIT,5944,Random,OnArrival,5,62,19056,Node_188,23,0,-3,23,-3,,,,,,,,,
60,VISIT,5945,Random,OnArrival,5,38,19056,Node_714,30,0,23,30,23,,,,,,,,,
60,VISIT,5946,Random,OnArrival,5,35,19056,Node_711,33,0,22,33,22,,,,,,,,,
60,VISIT,5949,Random,OnArrival,5,4,19059,Node_44,20,0,15,20,15,,,,,,,,,
60,VISIT,5950,Random,OnArrival,5,4,19059,Node_58,22,0,9,22,9,,,,,,,,,
60,VISIT,5951,Random,OnArrival,5,4,19059,Node_38,20,0,11,20,11,,,,,,,,,
60,VISIT,5952,Random,OnArrival,5,4,19059,Node_61,23,0,10,23,10,,,,,,,,,
60,VISIT,5935,Random,OnArrival,5,133,19068,Node_238,27,0,10,27,10,,,,,,,,,
60,VISIT,5938,Random,OnArrival,5,99,19068,Node_237,27,0,9,27,9,,,,,,,,,
60,VISIT,5940,Random,OnArrival,5,90,19068,Node_718,24,0,-2,24,-2,,,,,,,,,
60,VISIT,5941,Random,OnArrival,5,64,19068,Node_179,23,0,0,23,0,,,,,,,,,
60,VISIT,5943,Random,OnArrival,5,69,19068,Node_185,23,0,-2,23,-2,,,,,,,,,
60,VISIT,5944,Random,OnArrival,5,63,19068,Node_185,23,0,-2,23,-2,,,,,,,,,
60,VISIT,5945,Random,OnArrival,5,39,19068,Node_414,31,0,23,31,23,,,,,,,,,
60,VISIT,5949,Random,OnArrival,5,5,19071,Node_25,21,0,15,21,15,,,,,,,,,
60,VISIT,5950,Random,OnArrival,5,5,19071,Node_89,23,0,9,23,9,,,,,,,,,
60,VISIT,5951,Random,OnArrival,5,5,19071,Node_13,21,0,11,21,11,,,,,,,,,
60,VISIT,5952,Random,OnArrival,5,5,19071,Node_89,23,0,9,23,9,,,,,,,,,
60,VISIT,5935,Random,OnArrival,5,134,19080,Node_247,28,0,10,28,10,,,,,,,,,
60,VISIT,5938,Random,OnArrival,5,100,19080,Node_238,27,0,10,27,10,,,,,,,,,
60,VISIT,5941,Random,OnArrival,5,65,19080,Node_182,23,0,-1,23,-1,,,,,,,,,
60,VISIT,5943,Random,OnArrival,5,70,19080,Node_718,24,0,-2,24,-2,,,,,,,,,
60,VISIT,5944,Random,OnArrival,5,64,19080,Node_718,24,0,-2,24,-2,,,,,,,,,
60,VISIT,5945,Random,OnArrival,5,40,19080,Node_411,31,0,24,31,24,,,,,,,,,
60,VISIT,5949,Random,OnArrival,5,6,19083,Node_27,21,0,16,21,16,,,,,,,,,
60,VISIT,5951,Random,OnArrival,5,6,19083,Node_59,22,0,11,22,11,,,,,,,,,
60,VISIT,5935,Random,OnArrival,5,135,19092,Node_249,28,0,11,28,11,,,,,,,,,
60,VISIT,5938,Random,OnArrival,5,101,19092,Node_237,27,0,9,27,9,,,,,,,,,
60,VISIT,5940,Random,OnArrival,5,91,19092,Node_722,26,0,-2,26,-2,,,,,,,,,
60,VISIT,5941,Random,OnArrival,5,66,19092,Node_185,23,0,-2,23,-2,,,,,,,,,
60,VISIT,5945,Random,OnArrival,5,41,19092,Node_409,31,0,25,31,25,,,,,,,,,
60,VISIT,5950,Random,OnArrival,5,6,19096,Node_174,25,0,9,25,9,,,,,,,,,
60,VISIT,5951,Random,OnArrival,5,7,19096,Node_62,23,0,11,23,11,,,,,,,,,
60,VISIT,5952,Random,OnArrival,5,6,19096,Node_174,25,0,9,25,9,,,,,,,,,
60,VISIT,5935,Random,OnArrival,5,136,19107,Node_251,28,0,12,28,12,,,,,,,,,
60,VISIT,5938,Random,OnArrival,5,102,19107,Node_246,28,0,9,28,9,,,,,,,,,
60,VISIT,5941,Random,OnArrival,5,67,19107,Node_182,23,0,-1,23,-1,,,,,,,,,
60,VISIT,5943,Random,OnArrival,5,71,19107,Node_722,26,0,-2,26,-2,,,,,,,,,
60,VISIT,5944,Random,OnArrival,5,65,19107,Node_722,26,0,-2,26,-2,,,,,,,,,
60,VISIT,5945,Random,OnArrival,5,42,19107,Node_716,32,0,25,32,25,,,,,,,,,
60,VISIT,5949,Random,OnArrival,5,7,19112,Node_30,21,0,18,21,18,,,,,,,,,
60,VISIT,5950,Random,OnArrival,5,7,19112,Node_197,26,0,9,26,9,,,,,,,,,
60,VISIT,5951,Random,OnArrival,5,8,19112,Node_61,23,0,10,23,10,,,,,,,,,
60,VISIT,5952,Random,OnArrival,5,7,19112,Node_197,26,0,9,26,9,,,,,,,,,
60,VISIT,5935,Random,OnArrival,5,137,19121,Node_254,28,0,13,28,13,,,,,,,,,
60,VISIT,5941,Random,OnArrival,5,68,19121,Node_179,23,0,0,23,0,,,,,,,,,
60,VISIT,5949,Random,OnArrival,5,8,19126,Node_32,21,0,19,21,19,,,,,,,,,
60,VISIT,5950,Random,OnArrival,5,8,19126,Node_237,27,0,9,27,9,,,,,,,,,
60,VISIT,5951,Random,OnArrival,5,9,19126,Node_89,23,0,9,23,9,,,,,,,,,
60,VISIT,5952,Random,OnArrival,5,8,19126,Node_237,27,0,9,27,9,,,,,,,,,
60,VISIT,5941,Random,OnArrival,5,69,19135,Node_176,23,0,1,23,1,,,,,,,,,
60,VISIT,5943,Random,OnArrival,5,72,19135,Node_726,27,0,-1,27,-1,,,,,,,,,
60,VISIT,5944,Random,OnArrival,5,66,19135,Node_726,27,0,-1,27,-1,,,,,,,,,
60,VISIT,5949,Random,OnArrival,5,9,19140,Node_34,21,0,20,21,20,,,,,,,,,
60,VISIT,5950,Random,OnArrival,5,9,19140,Node_246,28,0,9,28,9,,,,,,,,,
60,VISIT,5952,Random,OnArrival,5,9,19140,Node_238,27,0,10,27,10,,,,,,,,,
60,VISIT,5935,Random,OnArrival,5,138,19150,Node_263,30,0,13,30,13,,,,,,,,,
60,VISIT,5941,Random,OnArrival,5,70,19150,Node_173,23,0,2,23,2,,,,,,,,,
60,VISIT,5945,Random,OnArrival,5,43,19150,Node_719,35,0,25,35,25,,,,,,,,,
60,VISIT,5949,Random,OnArrival,5,10,19155,Node_317,21,0,21,21,21,,,,,,,,,
60,VISIT,5950,Random,OnArrival,5,10,19155,Node_237,27,0,9,27,9,,,,,,,,,
60,VISIT,5951,Random,OnArrival,5,10,19155,Node_174,25,0,9,25,9,,,,,,,,,
60,VISIT,5952,Random,OnArrival,5,10,19155,Node_239,27,0,11,27,11,,,,,,,,,
60,VISIT,5941,Random,OnArrival,5,71,19165,Node_205,24,0,2,24,2,,,,,,,,,
60,VISIT,5949,Random,OnArrival,5,11,19170,Node_316,21,0,22,21,22,,,,,,,,,
60,VISIT,5950,Random,OnArrival,5,11,19170,Node_197,26,0,9,26,9,,,,,,,,,
60,VISIT,5951,Random,OnArrival,5,11,19170,Node_197,26,0,9,26,9,,,,,,,,,
60,VISIT,5952,Random,OnArrival,5,11,19170,Node_240,27,0,12,27,12,,,,,,,,,
60,VISIT,5935,Random,OnArrival,5,139,19180,Node_265,31,0,14,31,14,,,,,,,,,
60,VISIT,5936,Random,OnArrival,5,84,19180,Node_648,25,0,2,25,2,,,,,,,,,
60,VISIT,5941,Random,OnArrival,5,72,19180,Node_648,25,0,2,25,2,,,,,,,,,
60,VISIT,5949,Random,OnArrival,5,12,19185,Node_310,22,0,22,22,22,,,,,,,,,
60,VISIT,5950,Random,OnArrival,5,12,19185,Node_199,26,0,8,26,8,,,,,,,,,
60,VISIT,5951,Random,OnArrival,5,12,19185,Node_237,27,0,9,27,9,,,,,,,,,
60,VISIT,5952,Random,OnArrival,5,12,19185,Node_241,27,0,13,27,13,,,,,,,,,
60,VISIT,5935,Random,OnArrival,5,140,19195,Node_736,31,0,13,31,13,,,,,,,,,
60,VISIT,5941,Random,OnArrival,5,73,19195,Node_647,25,0,3,25,3,,,,,,,,,
60,VISIT,5950,Random,OnArrival,5,13,19200,Node_198,26,0,7,26,7,,,,,,,,,
60,VISIT,5951,Random,OnArrival,5,13,19200,Node_246,28,0,9,28,9,,,,,,,,,
60,VISIT,5952,Random,OnArrival,5,13,19200,Node_254,28,0,13,28,13,,,,,,,,,
60,VISIT,5935,Random,OnArrival,5,141,19210,Node_743,31,0,12,31,12,,,,,,,,,
60,VISIT,5936,Random,OnArrival,5,85,19210,Node_733,27,0,2,27,2,,,,,,,,,
60,VISIT,5938,Random,OnArrival,5,103,19210,Node_736,31,0,13,31,13,,,,,,,,,
60,VISIT,5941,Random,OnArrival,5,74,19210,Node_204,24,0,3,24,3,,,,,,,,,
60,VISIT,5949,Random,OnArrival,5,13,19215,Node_149,24,0,22,24,22,,,,,,,,,
60,VISIT,5950,Random,OnArrival,5,14,19215,Node_200,26,0,6,26,6,,,,,,,,,
60,VISIT,5936,Random,OnArrival,5,86,19225,Node_744,28,0,2,28,2,,,,,,,,,
60,VISIT,5941,Random,OnArrival,5,75,19225,Node_203,24,0,4,24,4,,,,,,,,,
60,VISIT,5949,Random,OnArrival,5,14,19230,Node_343,25,0,22,25,22,,,,,,,,,
60,VISIT,5950,Random,OnArrival,5,15,19230,Node_201,26,0,5,26,5,,,,,,,,,
60,VISIT,5951,Random,OnArrival,5,14,19230,Node_732,30,0,9,30,9,,,,,,,,,
60,VISIT,5952,Random,OnArrival,5,14,19230,Node_263,30,0,13,30,13,,,,,,,,,
60,VISIT,5935,Random,OnArrival,5,142,19240,Node_749,32,0,13,32,13,,,,,,,,,
60,VISIT,5938,Random,OnArrival,5,104,19240,Node_748,32,0,12,32,12,,,,,,,,,
60,VISIT,5941,Random,OnArrival,5,76,19240,Node_189,24,0,5,24,5,,,,,,,,,
60,VISIT,5949,Random,OnArrival,5,15,19245,Node_357,26,0,22,26,22,,,,,,,,,
60,VISIT,5952,Random,OnArrival,5,15,19245,Node_736,31,0,13,31,13,,,,,,,,,
60,VISIT,5941,Random,OnArrival,5,77,19254,Node_186,25,0,5,25,5,,,,,,,,,
60,VISIT,5944,Random,OnArrival,5,67,19254,Node_752,27,0,5,27,5,,,,,,,,,
60,VISIT,5949,Random,OnArrival,5,16,19260,Node_397,27,0,22,27,22,,,,,,,,,
60,VISIT,5950,Random,OnArrival,5,16,19260,Node_202,27,0,6,27,6,,,,,,,,,
60,VISIT,5952,Random,OnArrival,5,16,19260,Node_743,31,0,12,31,12,,,,,,,,,
60,VISIT,5938,Random,OnArrival,5,105,19269,Node_740,31,0,11,31,11,,,,,,,,,
60,VISIT,5941,Random,OnArrival,5,78,19269,Node_201,26,0,5,26,5,,,,,,,,,
60,VISIT,5944,Random,OnArrival,5,68,19269,Node_202,27,0,6,27,6,,,,,,,,,
60,VISIT,5949,Random,OnArrival,5,17,19275,Node_399,27,0,21,27,21,,,,,,,,,
60,VISIT,5950,Random,OnArrival,5,17,19275,Node_752,27,0,5,27,5,,,,,,,,,
60,VISIT,5952,Random,OnArrival,5,17,19275,Node_740,31,0,11,31,11,,,,,,,,,
60,VISIT,5941,Random,OnArrival,5,79,19284,Node_752,27,0,5,27,5,,,,,,,,,
60,VISIT,5944,Random,OnArrival,5,69,19284,Node_752,27,0,5,27,5,,,,,,,,,
60,VISIT,5949,Random,OnArrival,5,18,19290,Node_686,28,0,21,28,21,,,,,,,,,
60,VISIT,5950,Random,OnArrival,5,18,19290,Node_751,28,0,5,28,5,,,,,,,,,
60,VISIT,5952,Random,OnArrival,5,18,19290,Node_759,31,0,10,31,10,,,,,,,,,
60,VISIT,5941,Random,OnArrival,5,80,19299,Node_751,28,0,5,28,5,,,,,,,,,
60,VISIT,5944,Random,OnArrival,5,70,19299,Node_751,28,0,5,28,5,,,,,,,,,
60,VISIT,5952,Random,OnArrival,5,19,19305,Node_761,31,0,9,31,9,,,,,,,,,
60,VISIT,5949,Random,OnArrival,5,19,19321,Node_423,30,0,21,30,21,,,,,,,,,
60,VISIT,5950,Random,OnArrival,5,19,19321,Node_760,30,0,5,30,5,,,,,,,,,
60,VISIT,5951,Random,OnArrival,5,15,19321,Node_751,28,0,5,28,5,,,,,,,,,
60,VISIT,5941,Random,OnArrival,5,81,19329,Node_760,30,0,5,30,5,,,,,,,,,
60,VISIT,5944,Random,OnArrival,5,71,19329,Node_760,30,0,5,30,5,,,,,,,,,
60,VISIT,5949,Random,OnArrival,5,20,19336,Node_420,31,0,21,31,21,,,,,,,,,
60,VISIT,5949,Random,OnArrival,5,21,19352,Node_417,31,0,22,31,22,,,,,,,,,
60,VISIT,5950,Random,OnArrival,5,20,19352,Node_751,28,0,5,28,5,,,,,,,,,
60,VISIT,5951,Random,OnArrival,5,16,19352,Node_760,30,0,5,30,5,,,,,,,,,
60,VISIT,5941,Random,OnArrival,5,82,19360,Node_751,28,0,5,28,5,,,,,,,,,
60,VISIT,5944,Random,OnArrival,5,72,19360,Node_751,28,0,5,28,5,,,,,,,,,
60,VISIT,5949,Random,OnArrival,5,22,19367,Node_712,32,0,22,32,22,,,,,,,,,
60,VISIT,5951,Random,OnArrival,5,17,19367,Node_757,30,0,6,30,6,,,,,,,,,
60,VISIT,5952,Random,OnArrival,5,20,19367,Node_757,30,0,6,30,6,,,,,,,,,
60,VISIT,5949,Random,OnArrival,5,23,19383,Node_711,33,0,22,33,22,,,,,,,,,
60,VISIT,5950,Random,OnArrival,5,21,19383,Node_746,28,0,3,28,3,,,,,,,,,
60,VISIT,5951,Random,OnArrival,5,18,19383,Node_764,31,0,6,31,6,,,,,,,,,
60,VISIT,5952,Random,OnArrival,5,21,19383,Node_755,30,0,7,30,7,,,,,,,,,
60,VISIT,5941,Random,OnArrival,5,83,19392,Node_746,28,0,3,28,3,,,,,,,,,
60,VISIT,5944,Random,OnArrival,5,73,19392,Node_746,28,0,3,28,3,,,,,,,,,
60,VISIT,5952,Random,OnArrival,5,22,19399,Node_763,31,0,7,31,7,,,,,,,,,
60,VISIT,5941,Random,OnArrival,5,84,19407,Node_765,29,0,3,29,3,,,,,,,,,
60,VISIT,5944,Random,OnArrival,5,74,19407,Node_765,29,0,3,29,3,,,,,,,,,
60,VISIT,5949,Random,OnArrival,5,24,19414,Node_723,35,0,22,35,22,,,,,,,,,
60,VISIT,5950,Random,OnArrival,5,22,19414,Node_750,29,0,2,29,2,,,,,,,,,
60,VISIT,5941,Random,OnArrival,5,85,19422,Node_750,29,0,2,29,2,,,,,,,,,
60,VISIT,5944,Random,OnArrival,5,75,19422,Node_750,29,0,2,29,2,,,,,,,,,
60,VISIT,5949,Random,OnArrival,5,25,19429,Node_747,36,0,22,36,22,,,,,,,,,
60,VISIT,5951,Random,OnArrival,5,19,19429,Node_763,31,0,7,31,7,,,,,,,,,
60,VISIT,5941,Random,OnArrival,5,86,19437,Node_768,29,0,1,29,1,,,,,,,,,
60,VISIT,5944,Random,OnArrival,5,76,19437,Node_768,29,0,1,29,1,,,,,,,,,
60,VISIT,5950,Random,OnArrival,5,23,19444,Node_741,28,0,1,28,1,,,,,,,,,
60,VISIT,5951,Random,OnArrival,5,20,19444,Node_762,31,0,8,31,8,,,,,,,,,
60,VISIT,5941,Random,OnArrival,5,87,19453,Node_741,28,0,1,28,1,,,,,,,,,
60,VISIT,5944,Random,OnArrival,5,77,19453,Node_741,28,0,1,28,1,,,,,,,,,
60,VISIT,5950,Random,OnArrival,5,24,19459,Node_731,27,0,1,27,1,,,,,,,,,
60,VISIT,5951,Random,OnArrival,5,21,19459,Node_753,30,0,8,30,8,,,,,,,,,
60,VISIT,5941,Random,OnArrival,5,88,19468,Node_731,27,0,1,27,1,,,,,,,,,
60,VISIT,5944,Random,OnArrival,5,78,19468,Node_731,27,0,1,27,1,,,,,,,,,
60,VISIT,5950,Random,OnArrival,5,25,19474,Node_729,27,0,0,27,0,,,,,,,,,
60,VISIT,5951,Random,OnArrival,5,22,19474,Node_755,30,0,7,30,7,,,,,,,,,
60,VISIT,5941,Random,OnArrival,5,89,19483,Node_729,27,0,0,27,0,,,,,,,,,
60,VISIT,5944,Random,OnArrival,5,79,19483,Node_733,27,0,2,27,2,,,,,,,,,
60,VISIT,5950,Random,OnArrival,5,26,19489,Node_738,28,0,0,28,0,,,,,,,,,
60,VISIT,5951,Random,OnArrival,5,23,19489,Node_757,30,0,6,30,6,,,,,,,,,
60,VISIT,5941,Random,OnArrival,5,90,19498,Node_738,28,0,0,28,0,,,,,,,,,
60,VISIT,5944,Random,OnArrival,5,80,19498,Node_744,28,0,2,28,2,,,,,,,,,
60,VISIT,5950,Random,OnArrival,5,27,19504,Node_735,28,0,-1,28,-1,,,,,,,,,
60,VISIT,5951,Random,OnArrival,5,24,19504,Node_760,30,0,5,30,5,,,,,,,,,
60,VISIT,5941,Random,OnArrival,5,91,19513,Node_735,28,0,-1,28,-1,,,,,,,,,
60,VISIT,5944,Random,OnArrival,5,81,19513,Node_746,28,0,3,28,3,,,,,,,,,
60,VISIT,5941,Random,OnArrival,5,92,19528,Node_781,28,0,-2,28,-2,,,,,,,,,
60,VISIT,5944,Random,OnArrival,5,82,19528,Node_765,29,0,3,29,3,,,,,,,,,
60,VISIT,5950,Random,OnArrival,5,28,19532,Node_730,27,0,-2,27,-2,,,,,,,,,
60,VISIT,5951,Random,OnArrival,5,25,19532,Node_751,28,0,5,28,5,,,,,,,,,
60,VISIT,5952,Random,OnArrival,5,23,19532,Node_754,32,0,11,32,11,,,,,,,,,
60,VISIT,5941,Random,OnArrival,5,93,19543,Node_730,27,0,-2,27,-2,,,,,,,,,
60,VISIT,5952,Random,OnArrival,5,24,19547,Node_748,32,0,12,32,12,,,,,,,,,
60,VISIT,5941,Random,OnArrival,5,94,19558,Node_784,27,0,-3,27,-3,,,,,,,,,
60,VISIT,5951,Random,OnArrival,5,26,19562,Node_746,28,0,3,28,3,,,,,,,,,
60,VISIT,5952,Random,OnArrival,5,25,19562,Node_749,32,0,13,32,13,,,,,,,,,
60,VISIT,5941,Random,OnArrival,5,95,19573,Node_786,27,0,-4,27,-4,,,,,,,,,
60,VISIT,5951,Random,OnArrival,5,27,19577,Node_765,29,0,3,29,3,,,,,,,,,
60,VISIT,5941,Random,OnArrival,5,96,19587,Node_789,27,0,-5,27,-5,,,,,,,,,
60,VISIT,5951,Random,OnArrival,5,28,19592,Node_746,28,0,3,28,3,,,,,,,,,
60,VISIT,5952,Random,OnArrival,5,26,19592,Node_756,34,0,13,34,13,,,,,,,,,
60,VISIT,5953,Random,OnArrival,5,0,19597,Node_6,19,0,12,19,12,,,,,,,,,
60,VISIT,5954,Random,OnArrival,5,0,19597,Node_7,19,0,8,19,8,,,,,,,,,
60,VISIT,5955,Random,OnArrival,5,0,19597,Node_8,17,0,10,17,10,,,,,,,,,
60,VISIT,5956,Random,OnArrival,5,0,19597,Node_9,21,0,10,21,10,,,,,,,,,
60,VISIT,5941,Random,OnArrival,5,97,19601,Node_791,26,0,-5,26,-5,,,,,,,,,
60,VISIT,5951,Random,OnArrival,5,29,19601,Node_744,28,0,2,28,2,,,,,,,,,
60,VISIT,5953,Random,OnArrival,5,1,19601,Node_40,20,0,12,20,12,,,,,,,,,
60,VISIT,5954,Random,OnArrival,5,1,19601,Node_3,19,0,9,19,9,,,,,,,,,
60,VISIT,5955,Random,OnArrival,5,1,19601,Node_4,18,0,10,18,10,,,,,,,,,
60,VISIT,5956,Random,OnArrival,5,1,19601,Node_13,21,0,11,21,11,,,,,,,,,
60,VISIT,5941,Random,OnArrival,5,98,19605,Node_793,26,0,-4,26,-4,,,,,,,,,
60,VISIT,5944,Random,OnArrival,5,83,19605,Node_766,32,0,6,32,6,,,,,,,,,
60,VISIT,5950,Random,OnArrival,5,29,19605,Node_727,26,0,-3,26,-3,,,,,,,,,
60,VISIT,5951,Random,OnArrival,5,30,19605,Node_741,28,0,1,28,1,,,,,,,,,
60,VISIT,5953,Random,OnArrival,5,2,19605,Node_42,20,0,13,20,13,,,,,,,,,
60,VISIT,5954,Random,OnArrival,5,2,19605,Node_48,20,0,9,20,9,,,,,,,,,
60,VISIT,5955,Random,OnArrival,5,2,19605,Node_14,18,0,11,18,11,,,,,,,,,
60,VISIT,5956,Random,OnArrival,5,2,19605,Node_59,22,0,11,22,11,,,,,,,,,
60,VISIT,5941,Random,OnArrival,5,99,19609,Node_727,26,0,-3,26,-3,,,,,,,,,
60,VISIT,5950,Random,OnArrival,5,30,19609,Node_784,27,0,-3,27,-3,,,,,,,,,
60,VISIT,5951,Random,OnArrival,5,31,19609,Node_738,28,0,0,28,0,,,,,,,,,
60,VISIT,5953,Random,OnArrival,5,3,19609,Node_43,20,0,14,20,14,,,,,,,,,
60,VISIT,5954,Random,OnArrival,5,3,19609,Node_47,21,0,9,21,9,,,,,,,,,
60,VISIT,5955,Random,OnArrival,5,3,19609,Node_2,19,0,11,19,11,,,,,,,,,
60,VISIT,5956,Random,OnArrival,5,3,19609,Node_62,23,0,11,23,11,,,,,,,,,
60,VISIT,5941,Random,OnArrival,5,100,19613,Node_784,27,0,-3,27,-3,,,,,,,,,
60,VISIT,5944,Random,OnArrival,5,84,19613,Node_769,33,0,7,33,7,,,,,,,,,
60,VISIT,5950,Random,OnArrival,5,31,19613,Node_730,27,0,-2,27,-2,,,,,,,,,
60,VISIT,5951,Random,OnArrival,5,32,19613,Node_735,28,0,-1,28,-1,,,,,,,,,
60,VISIT,5953,Random,OnArrival,5,4,19613,Node_44,20,0,15,20,15,,,,,,,,,
60,VISIT,5954,Random,OnArrival,5,4,19613,Node_58,22,0,9,22,9,,,,,,,,,
60,VISIT,5955,Random,OnArrival,5,4,19613,Node_38,20,0,11,20,11,,,,,,,,,
60,VISIT,5956,Random,OnArrival,5,4,19613,Node_63,23,0,12,23,12,,,,,,,,,
60,VISIT,5941,Random,OnArrival,5,101,19619,Node_730,27,0,-2,27,-2,,,,,,,,,
60,VISIT,5950,Random,OnArrival,5,32,19619,Node_726,27,0,-1,27,-1,,,,,,,,,
60,VISIT,5953,Random,OnArrival,5,5,19619,Node_25,21,0,15,21,15,,,,,,,,,
60,VISIT,5954,Random,OnArrival,5,5,19619,Node_89,23,0,9,23,9,,,,,,,,,
60,VISIT,5955,Random,OnArrival,5,5,19619,Node_13,21,0,11,21,11,,,,,,,,,
60,VISIT,5956,Random,OnArrival,5,5,19619,Node_64,24,0,12,24,12,,,,,,,,,
60,VISIT,5941,Random,OnArrival,5,102,19625,Node_726,27,0,-1,27,-1,,,,,,,,,
60,VISIT,5950,Random,OnArrival,5,33,19625,Node_735,28,0,-1,28,-1,,,,,,,,,
60,VISIT,5953,Random,OnArrival,5,6,19625,Node_27,21,0,16,21,16,,,,,,,,,
60,VISIT,5955,Random,OnArrival,5,6,19625,Node_59,22,0,11,22,11,,,,,,,,,
60,VISIT,5956,Random,OnArrival,5,6,19625,Node_65,24,0,13,24,13,,,,,,,,,
60,VISIT,5941,Random,OnArrival,5,103,19632,Node_735,28,0,-1,28,-1,,,,,,,,,
60,VISIT,5950,Random,OnArrival,5,34,19632,Node_726,27,0,-1,27,-1,,,,,,,,,
60,VISIT,5954,Random,OnArrival,5,6,19632,Node_174,25,0,9,25,9,,,,,,,,,
60,VISIT,5955,Random,OnArrival,5,7,19632,Node_62,23,0,11,23,11,,,,,,,,,
60,VISIT,5956,Random,OnArrival,5,7,19632,Node_107,25,0,13,25,13,,,,,,,,,
60,VISIT,5941,Random,OnArrival,5,104,19641,Node_726,27,0,-1,27,-1,,,,,,,,,
60,VISIT,5950,Random,OnArrival,5,35,19641,Node_724,26,0,-1,26,-1,,,,,,,,,
60,VISIT,5953,Random,OnArrival,5,7,19641,Node_30,21,0,18,21,18,,,,,,,,,
60,VISIT,5954,Random,OnArrival,5,7,19641,Node_197,26,0,9,26,9,,,,,,,,,
60,VISIT,5955,Random,OnArrival,5,8,19641,Node_63,23,0,12,23,12,,,,,,,,,
60,VISIT,5956,Random,OnArrival,5,8,19641,Node_172,26,0,13,26,13,,,,,,,,,
60,VISIT,5941,Random,OnArrival,5,105,19650,Node_724,26,0,-1,26,-1,,,,,,,,,
60,VISIT,5950,Random,OnArrival,5,36,19650,Node_722,26,0,-2,26,-2,,,,,,,,,
60,VISIT,5953,Random,OnArrival,5,8,19650,Node_32,21,0,19,21,19,,,,,,,,,
60,VISIT,5954,Random,OnArrival,5,8,19650,Node_237,27,0,9,27,9,,,,,,,,,
60,VISIT,5955,Random,OnArrival,5,9,19650,Node_64,24,0,12,24,12,,,,,,,,,
60,VISIT,5956,Random,OnArrival,5,9,19650,Node_241,27,0,13,27,13,,,,,,,,,
60,VISIT,5941,Random,OnArrival,5,106,19660,Node_722,26,0,-2,26,-2,,,,,,,,,
60,VISIT,5950,Random,OnArrival,5,37,19660,Node_727,26,0,-3,26,-3,,,,,,,,,
60,VISIT,5953,Random,OnArrival,5,9,19660,Node_34,21,0,20,21,20,,,,,,,,,
60,VISIT,5954,Random,OnArrival,5,9,19660,Node_246,28,0,9,28,9,,,,,,,,,
60,VISIT,5955,Random,OnArrival,5,10,19660,Node_65,24,0,13,24,13,,,,,,,,,
60,VISIT,5956,Random,OnArrival,5,10,19660,Node_254,28,0,13,28,13,,,,,,,,,
60,VISIT,5941,Random,OnArrival,5,107,19670,Node_727,26,0,-3,26,-3,,,,,,,,,
60,VISIT,5950,Random,OnArrival,5,38,19670,Node_793,26,0,-4,26,-4,,,,,,,,,
60,VISIT,5953,Random,OnArrival,5,10,19670,Node_317,21,0,21,21,21,,,,,,,,,
60,VISIT,5955,Random,OnArrival,5,11,19670,Node_107,25,0,13,25,13,,,,,,,,,
60,VISIT,5941,Random,OnArrival,5,108,19681,Node_793,26,0,-4,26,-4,,,,,,,,,
60,VISIT,5950,Random,OnArrival,5,39,19681,Node_786,27,0,-4,27,-4,,,,,,,,,
60,VISIT,5953,Random,OnArrival,5,11,19681,Node_316,21,0,22,21,22,,,,,,,,,
60,VISIT,5954,Random,OnArrival,5,10,19681,Node_732,30,0,9,30,9,,,,,,,,,
60,VISIT,5955,Random,OnArrival,5,12,19681,Node_172,26,0,13,26,13,,,,,,,,,
60,VISIT,5956,Random,OnArrival,5,11,19681,Node_263,30,0,13,30,13,,,,,,,,,
60,VISIT,5941,Random,OnArrival,5,109,19694,Node_786,27,0,-4,27,-4,,,,,,,,,
60,VISIT,5950,Random,OnArrival,5,40,19694,Node_784,27,0,-3,27,-3,,,,,,,,,
60,VISIT,5953,Random,OnArrival,5,12,19694,Node_310,22,0,22,22,22,,,,,,,,,
60,VISIT,5954,Random,OnArrival,5,11,19694,Node_761,31,0,9,31,9,,,,,,,,,
60,VISIT,5955,Random,OnArrival,5,13,19694,Node_241,27,0,13,27,13,,,,,,,,,
60,VISIT,5956,Random,OnArrival,5,12,19694,Node_264,30,0,14,30,14,,,,,,,,,
60,VISIT,5941,Random,OnArrival,5,110,19708,Node_789,27,0,-5,27,-5,,,,,,,,,
60,VISIT,5950,Random,OnArrival,5,41,19708,Node_730,27,0,-2,27,-2,,,,,,,,,
60,VISIT,5954,Random,OnArrival,5,12,19708,Node_732,30,0,9,30,9,,,,,,,,,
60,VISIT,5955,Random,OnArrival,5,14,19708,Node_254,28,0,13,28,13,,,,,,,,,
60,VISIT,5956,Random,OnArrival,5,13,19708,Node_265,31,0,14,31,14,,,,,,,,,
60,VISIT,5941,Random,OnArrival,5,111,19723,Node_791,26,0,-5,26,-5,,,,,,,,,
60,VISIT,5950,Random,OnArrival,5,42,19723,Node_726,27,0,-1,27,-1,,,,,,,,,
60,VISIT,5953,Random,OnArrival,5,13,19723,Node_149,24,0,22,24,22,,,,,,,,,
60,VISIT,5954,Random,OnArrival,5,13,19723,Node_734,30,0,10,30,10,,,,,,,,,
60,VISIT,5956,Random,OnArrival,5,14,19723,Node_266,31,0,15,31,15,,,,,,,,,
60,VISIT,5950,Random,OnArrival,5,43,19737,Node_735,28,0,-1,28,-1,,,,,,,,,
60,VISIT,5953,Random,OnArrival,5,14,19737,Node_343,25,0,22,25,22,,,,,,,,,
60,VISIT,5954,Random,OnArrival,5,14,19737,Node_759,31,0,10,31,10,,,,,,,,,
60,VISIT,5955,Random,OnArrival,5,15,19737,Node_263,30,0,13,30,13,,,,,,,,,
60,VISIT,5950,Random,OnArrival,5,44,19750,Node_797,29,0,-1,29,-1,,,,,,,,,
60,VISIT,5953,Random,OnArrival,5,15,19750,Node_357,26,0,22,26,22,,,,,,,,,
60,VISIT,5954,Random,OnArrival,5,15,19750,Node_740,31,0,11,31,11,,,,,,,,,
60,VISIT,5955,Random,OnArrival,5,16,19750,Node_264,30,0,14,30,14,,,,,,,,,
60,VISIT,5953,Random,OnArrival,5,16,19763,Node_397,27,0,22,27,22,,,,,,,,,
60,VISIT,5954,Random,OnArrival,5,16,19763,Node_743,31,0,12,31,12,,,,,,,,,
60,VISIT,5955,Random,OnArrival,5,17,19763,Node_265,31,0,14,31,14,,,,,,,,,
60,VISIT,5956,Random,OnArrival,5,15,19763,Node_701,32,0,17,32,17,,,,,,,,,
60,VISIT,5941,Random,OnArrival,5,112,19777,Node_791,26,0,-5,26,-5,,,,,,,,,
60,VISIT,5953,Random,OnArrival,5,17,19777,Node_399,27,0,21,27,21,,,,,,,,,
60,VISIT,5954,Random,OnArrival,5,17,19777,Node_736,31,0,13,31,13,,,,,,,,,
60,VISIT,5955,Random,OnArrival,5,18,19777,Node_266,31,0,15,31,15,,,,,,,,,
60,VISIT,5941,Random,OnArrival,5,113,19791,Node_789,27,0,-5,27,-5,,,,,,,,,
60,VISIT,5953,Random,OnArrival,5,18,19791,Node_686,28,0,21,28,21,,,,,,,,,
60,VISIT,5954,Random,OnArrival,5,18,19791,Node_749,32,0,13,32,13,,,,,,,,,
60,VISIT,5955,Random,OnArrival,5,19,19791,Node_265,31,0,14,31,14,,,,,,,,,
60,VISIT,5956,Random,OnArrival,5,16,19791,Node_706,33,0,18,33,18,,,,,,,,,
60,VISIT,5941,Random,OnArrival,5,114,19805,Node_786,27,0,-4,27,-4,,,,,,,,,
60,VISIT,5955,Random,OnArrival,5,20,19805,Node_736,31,0,13,31,13,,,,,,,,,
60,VISIT,5941,Random,OnArrival,5,115,19820,Node_784,27,0,-3,27,-3,,,,,,,,,
60,VISIT,5953,Random,OnArrival,5,19,19820,Node_423,30,0,21,30,21,,,,,,,,,
60,VISIT,5954,Random,OnArrival,5,19,19820,Node_756,34,0,13,34,13,,,,,,,,,
60,VISIT,5955,Random,OnArrival,5,21,19820,Node_743,31,0,12,31,12,,,,,,,,,
60,VISIT,5941,Random,OnArrival,5,116,19834,Node_730,27,0,-2,27,-2,,,,,,,,,
60,VISIT,5953,Random,OnArrival,5,20,19834,Node_420,31,0,21,31,21,,,,,,,,,
60,VISIT,5954,Random,OnArrival,5,20,19834,Node_758,34,0,14,34,14,,,,,,,,,
60,VISIT,5955,Random,OnArrival,5,22,19834,Node_740,31,0,11,31,11,,,,,,,,,
60,VISIT,5956,Random,OnArrival,5,17,19834,Node_805,33,0,17,33,17,,,,,,,,,
60,VISIT,5941,Random,OnArrival,5,117,19849,Node_781,28,0,-2,28,-2,,,,,,,,,
60,VISIT,5953,Random,OnArrival,5,21,19849,Node_417,31,0,22,31,22,,,,,,,,,
60,VISIT,5955,Random,OnArrival,5,23,19849,Node_754,32,0,11,32,11,,,,,,,,,
60,VISIT,5956,Random,OnArrival,5,18,19849,Node_807,34,0,17,34,17,,,,,,,,,
60,VISIT,5941,Random,OnArrival,5,118,19864,Node_798,29,0,-2,29,-2,,,,,,,,,
60,VISIT,5953,Random,OnArrival,5,22,19864,Node_712,32,0,22,32,22,,,,,,,,,
60,VISIT,5956,Random,OnArrival,5,19,19864,Node_783,35,0,17,35,17,,,,,,,,,
60,VISIT,5953,Random,OnArrival,5,23,19879,Node_711,33,0,22,33,22,,,,,,,,,
60,VISIT,5954,Random,OnArrival,5,21,19879,Node_782,35,0,16,35,16,,,,,,,,,
60,VISIT,5955,Random,OnArrival,5,24,19879,Node_779,34,0,11,34,11,,,,,,,,,
60,VISIT,5956,Random,OnArrival,5,20,19879,Node_778,36,0,17,36,17,,,,,,,,,
60,VISIT,5941,Random,OnArrival,5,119,19894,Node_804,30,0,-1,30,-1,,,,,,,,,
60,VISIT,5954,Random,OnArrival,5,22,19894,Node_780,36,0,16,36,16,,,,,,,,,
60,VISIT,5953,Random,OnArrival,5,24,19908,Node_723,35,0,22,35,22,,,,,,,,,
60,VISIT,5953,Random,OnArrival,5,25,19923,Node_725,35,0,21,35,21,,,,,,,,,
60,VISIT,5954,Random,OnArrival,5,23,19923,Node_812,37,0,17,37,17,,,,,,,,,
60,VISIT,5953,Random,OnArrival,5,26,19937,Node_770,36,0,21,36,21,,,,,,,,,
60,VISIT,5954,Random,OnArrival,5,24,19937,Node_778,36,0,17,36,17,,,,,,,,,
60,VISIT,5953,Random,OnArrival,5,27,19949,Node_772,36,0,20,36,20,,,,,,,,,
60,VISIT,5954,Random,OnArrival,5,25,19949,Node_776,36,0,18,36,18,,,,,,,,,
60,VISIT,5953,Random,OnArrival,5,28,19964,Node_728,35,0,20,35,20,,,,,,,,,
60,VISIT,5954,Random,OnArrival,5,26,19964,Node_785,35,0,18,35,18,,,,,,,,,
60,VISIT,5955,Random,OnArrival,5,25,19964,Node_796,34,0,7,34,7,,,,,,,,,
60,VISIT,5953,Random,OnArrival,5,29,19979,Node_788,35,0,19,35,19,,,,,,,,,
60,VISIT,5954,Random,OnArrival,5,27,19979,Node_806,34,0,18,34,18,,,,,,,,,
60,VISIT,5955,Random,OnArrival,5,26,19979,Node_773,34,0,8,34,8,,,,,,,,,
60,VISIT,5953,Random,OnArrival,5,30,19994,Node_774,36,0,19,36,19,,,,,,,,,
60,VISIT,5954,Random,OnArrival,5,28,19994,Node_807,34,0,17,34,17,,,,,,,,,
60,VISIT,5955,Random,OnArrival,5,27,19994,Node_818,35,0,8,35,8,,,,,,,,,
60,VISIT,5954,Random,OnArrival,5,29,20008,Node_783,35,0,17,35,17,,,,,,,,,
60,VISIT,5955,Random,OnArrival,5,28,20008,Node_817,35,0,9,35,9,,,,,,,,,
60,VISIT,5954,Random,OnArrival,5,30,20022,Node_782,35,0,16,35,16,,,,,,,,,
60,VISIT,5955,Random,OnArrival,5,29,20022,Node_775,34,0,9,34,9,,,,,,,,,
60,VISIT,5953,Random,OnArrival,5,31,20036,Node_772,36,0,20,36,20,,,,,,,,,
60,VISIT,5954,Random,OnArrival,5,31,20036,Node_809,35,0,15,35,15,,,,,,,,,
60,VISIT,5955,Random,OnArrival,5,30,20036,Node_773,34,0,8,34,8,,,,,,,,,
60,VISIT,5953,Random,OnArrival,5,32,20050,Node_774,36,0,19,36,19,,,,,,,,,
60,VISIT,5955,Random,OnArrival,5,31,20050,Node_771,33,0,8,33,8,,,,,,,,,
60,VISIT,5953,Random,OnArrival,5,33,20064,Node_776,36,0,18,36,18,,,,,,,,,
60,VISIT,5954,Random,OnArrival,5,32,20064,Node_794,35,0,13,35,13,,,,,,,,,
60,VISIT,5955,Random,OnArrival,5,32,20064,Node_769,33,0,7,33,7,,,,,,,,,
60,VISIT,5957,Random,OnArrival,5,0,20069,Node_6,19,0,12,19,12,,,,,,,,,
60,VISIT,5958,Random,OnArrival,5,0,20069,Node_7,19,0,8,19,8,,,,,,,,,
60,VISIT,5959,Random,OnArrival,5,0,20069,Node_8,17,0,10,17,10,,,,,,,,,
60,VISIT,5960,Random,OnArrival,5,0,20069,Node_9,21,0,10,21,10,,,,,,,,,
60,VISIT,5953,Random,OnArrival,5,34,20073,Node_778,36,0,17,36,17,,,,,,,,,
60,VISIT,5955,Random,OnArrival,5,33,20073,Node_795,33,0,6,33,6,,,,,,,,,
60,VISIT,5957,Random,OnArrival,5,1,20073,Node_40,20,0,12,20,12,,,,,,,,,
60,VISIT,5958,Random,OnArrival,5,1,20073,Node_3,19,0,9,19,9,,,,,,,,,
60,VISIT,5959,Random,OnArrival,5,1,20073,Node_4,18,0,10,18,10,,,,,,,,,
60,VISIT,5960,Random,OnArrival,5,1,20073,Node_13,21,0,11,21,11,,,,,,,,,
60,VISIT,5953,Random,OnArrival,5,35,20077,Node_780,36,0,16,36,16,,,,,,,,,
60,VISIT,5957,Random,OnArrival,5,2,20077,Node_42,20,0,13,20,13,,,,,,,,,
60,VISIT,5958,Random,OnArrival,5,2,20077,Node_20,19,0,10,19,10,,,,,,,,,
60,VISIT,5959,Random,OnArrival,5,2,20077,Node_14,18,0,11,18,11,,,,,,,,,
60,VISIT,5960,Random,OnArrival,5,2,20077,Node_17,21,0,12,21,12,,,,,,,,,
60,VISIT,5953,Random,OnArrival,5,36,20082,Node_814,37,0,16,37,16,,,,,,,,,
60,VISIT,5957,Random,OnArrival,5,3,20082,Node_43,20,0,14,20,14,,,,,,,,,
60,VISIT,5958,Random,OnArrival,5,3,20082,Node_2,19,0,11,19,11,,,,,,,,,
60,VISIT,5959,Random,OnArrival,5,3,20082,Node_10,18,0,12,18,12,,,,,,,,,
60,VISIT,5960,Random,OnArrival,5,3,20082,Node_19,21,0,13,21,13,,,,,,,,,
60,VISIT,5957,Random,OnArrival,5,4,20087,Node_44,20,0,15,20,15,,,,,,,,,
60,VISIT,5958,Random,OnArrival,5,4,20087,Node_6,19,0,12,19,12,,,,,,,,,
60,VISIT,5959,Random,OnArrival,5,4,20087,Node_6,19,0,12,19,12,,,,,,,,,
60,VISIT,5960,Random,OnArrival,5,4,20087,Node_22,21,0,14,21,14,,,,,,,,,
60,VISIT,5957,Random,OnArrival,5,5,20093,Node_25,21,0,15,21,15,,,,,,,,,
60,VISIT,5958,Random,OnArrival,5,5,20093,Node_40,20,0,12,20,12,,,,,,,,,
60,VISIT,5959,Random,OnArrival,5,5,20093,Node_40,20,0,12,20,12,,,,,,,,,
60,VISIT,5960,Random,OnArrival,5,5,20093,Node_25,21,0,15,21,15,,,,,,,,,
60,VISIT,5953,Random,OnArrival,5,37,20099,Node_820,40,0,16,40,16,,,,,,,,,
60,VISIT,5957,Random,OnArrival,5,6,20099,Node_27,21,0,16,21,16,,,,,,,,,
60,VISIT,5958,Random,OnArrival,5,6,20099,Node_42,20,0,13,20,13,,,,,,,,,
60,VISIT,5959,Random,OnArrival,5,6,20099,Node_42,20,0,13,20,13,,,,,,,,,
60,VISIT,5960,Random,OnArrival,5,6,20099,Node_27,21,0,16,21,16,,,,,,,,,
60,VISIT,5958,Random,OnArrival,5,7,20106,Node_43,20,0,14,20,14,,,,,,,,,
60,VISIT,5959,Random,OnArrival,5,7,20106,Node_43,20,0,14,20,14,,,,,,,,,
60,VISIT,5957,Random,OnArrival,5,7,20116,Node_30,21,0,18,21,18,,,,,,,,,
60,VISIT,5958,Random,OnArrival,5,8,20116,Node_44,20,0,15,20,15,,,,,,,,,
60,VISIT,5959,Random,OnArrival,5,8,20116,Node_44,20,0,15,20,15,,,,,,,,,
60,VISIT,5960,Random,OnArrival,5,7,20116,Node_30,21,0,18,21,18,,,,,,,,,
60,VISIT,5957,Random,OnArrival,5,8,20124,Node_32,21,0,19,21,19,,,,,,,,,
60,VISIT,5958,Random,OnArrival,5,9,20124,Node_25,21,0,15,21,15,,,,,,,,,
60,VISIT,5959,Random,OnArrival,5,9,20124,Node_25,21,0,15,21,15,,,,,,,,,
60,VISIT,5960,Random,OnArrival,5,8,20124,Node_32,21,0,19,21,19,,,,,,,,,
60,VISIT,5957,Random,OnArrival,5,9,20133,Node_34,21,0,20,21,20,,,,,,,,,
60,VISIT,5958,Random,OnArrival,5,10,20133,Node_27,21,0,16,21,16,,,,,,,,,
60,VISIT,5959,Random,OnArrival,5,10,20133,Node_27,21,0,16,21,16,,,,,,,,,
60,VISIT,5960,Random,OnArrival,5,9,20133,Node_34,21,0,20,21,20,,,,,,,,,
60,VISIT,5957,Random,OnArrival,5,10,20143,Node_317,21,0,21,21,21,,,,,,,,,
60,VISIT,5960,Random,OnArrival,5,10,20143,Node_317,21,0,21,21,21,,,,,,,,,
60,VISIT,5953,Random,OnArrival,5,38,20156,Node_831,38,0,14,38,14,,,,,,,,,
60,VISIT,5957,Random,OnArrival,5,11,20156,Node_316,21,0,22,21,22,,,,,,,,,
60,VISIT,5958,Random,OnArrival,5,11,20156,Node_30,21,0,18,21,18,,,,,,,,,
60,VISIT,5959,Random,OnArrival,5,11,20156,Node_30,21,0,18,21,18,,,,,,,,,
60,VISIT,5960,Random,OnArrival,5,11,20156,Node_316,21,0,22,21,22,,,,,,,,,
60,VISIT,5953,Random,OnArrival,5,39,20167,Node_829,37,0,14,37,14,,,,,,,,,
60,VISIT,5957,Random,OnArrival,5,12,20167,Node_314,21,0,23,21,23,,,,,,,,,
60,VISIT,5958,Random,OnArrival,5,12,20167,Node_32,21,0,19,21,19,,,,,,,,,
60,VISIT,5959,Random,OnArrival,5,12,20167,Node_32,21,0,19,21,19,,,,,,,,,
60,VISIT,5960,Random,OnArrival,5,12,20167,Node_314,21,0,23,21,23,,,,,,,,,
60,VISIT,5953,Random,OnArrival,5,40,20179,Node_827,37,0,13,37,13,,,,,,,,,
60,VISIT,5958,Random,OnArrival,5,13,20179,Node_34,21,0,20,21,20,,,,,,,,,
60,VISIT,5959,Random,OnArrival,5,13,20179,Node_34,21,0,20,21,20,,,,,,,,,
60,VISIT,5957,Random,OnArrival,5,13,20192,Node_373,19,0,23,19,23,,,,,,,,,
60,VISIT,5958,Random,OnArrival,5,14,20192,Node_317,21,0,21,21,21,,,,,,,,,
60,VISIT,5959,Random,OnArrival,5,14,20192,Node_317,21,0,21,21,21,,,,,,,,,
60,VISIT,5960,Random,OnArrival,5,13,20192,Node_373,19,0,23,19,23,,,,,,,,,
60,VISIT,5957,Random,OnArrival,5,14,20205,Node_372,19,0,24,19,24,,,,,,,,,
60,VISIT,5958,Random,OnArrival,5,15,20205,Node_316,21,0,22,21,22,,,,,,,,,
60,VISIT,5959,Random,OnArrival,5,15,20205,Node_316,21,0,22,21,22,,,,,,,,,
60,VISIT,5960,Random,OnArrival,5,14,20205,Node_372,19,0,24,19,24,,,,,,,,,
60,VISIT,5957,Random,OnArrival,5,15,20218,Node_371,19,0,25,19,25,,,,,,,,,
60,VISIT,5958,Random,OnArrival,5,16,20218,Node_314,21,0,23,21,23,,,,,,,,,
60,VISIT,5959,Random,OnArrival,5,16,20218,Node_314,21,0,23,21,23,,,,,,,,,
60,VISIT,5960,Random,OnArrival,5,15,20218,Node_371,19,0,25,19,25,,,,,,,,,
60,VISIT,5958,Random,OnArrival,5,17,20246,Node_373,19,0,23,19,23,,,,,,,,,
60,VISIT,5959,Random,OnArrival,5,17,20246,Node_373,19,0,23,19,23,,,,,,,,,
60,VISIT,5958,Random,OnArrival,5,18,20260,Node_372,19,0,24,19,24,,,,,,,,,
60,VISIT,5959,Random,OnArrival,5,18,20260,Node_372,19,0,24,19,24,,,,,,,,,
60,VISIT,5958,Random,OnArrival,5,19,20275,Node_371,19,0,25,19,25,,,,,,,,,
60,VISIT,5959,Random,OnArrival,5,19,20275,Node_371,19,0,25,19,25,,,,,,,,,
60,VISIT,5957,Random,OnArrival,5,16,20289,Node_351,24,0,25,24,25,,,,,,,,,
60,VISIT,5960,Random,OnArrival,5,16,20289,Node_351,24,0,25,24,25,,,,,,,,,
60,VISIT,5957,Random,OnArrival,5,17,20304,Node_349,25,0,25,25,25,,,,,,,,,
60,VISIT,5960,Random,OnArrival,5,17,20304,Node_349,25,0,25,25,25,,,,,,,,,
60,VISIT,5958,Random,OnArrival,5,20,20349,Node_351,24,0,25,24,25,,,,,,,,,
60,VISIT,5959,Random,OnArrival,5,20,20349,Node_351,24,0,25,24,25,,,,,,,,,
60,VISIT,5957,Random,OnArrival,5,18,20364,Node_393,29,0,25,29,25,,,,,,,,,
60,VISIT,5958,Random,OnArrival,5,21,20364,Node_349,25,0,25,25,25,,,,,,,,,
60,VISIT,5959,Random,OnArrival,5,21,20364,Node_349,25,0,25,25,25,,,,,,,,,
60,VISIT,5960,Random,OnArrival,5,18,20364,Node_393,29,0,25,29,25,,,,,,,,,
60,VISIT,5957,Random,OnArrival,5,19,20378,Node_396,30,0,25,30,25,,,,,,,,,
60,VISIT,5960,Random,OnArrival,5,19,20378,Node_396,30,0,25,30,25,,,,,,,,,
60,VISIT,5957,Random,OnArrival,5,20,20393,Node_409,31,0,25,31,25,,,,,,,,,
60,VISIT,5960,Random,OnArrival,5,20,20393,Node_409,31,0,25,31,25,,,,,,,,,
60,VISIT,5957,Random,OnArrival,5,21,20408,Node_716,32,0,25,32,25,,,,,,,,,
60,VISIT,5960,Random,OnArrival,5,21,20408,Node_716,32,0,25,32,25,,,,,,,,,
60,VISIT,5958,Random,OnArrival,5,22,20423,Node_393,29,0,25,29,25,,,,,,,,,
60,VISIT,5959,Random,OnArrival,5,22,20423,Node_393,29,0,25,29,25,,,,,,,,,
60,VISIT,5958,Random,OnArrival,5,23,20438,Node_396,30,0,25,30,25,,,,,,,,,
60,VISIT,5959,Random,OnArrival,5,23,20438,Node_396,30,0,25,30,25,,,,,,,,,
60,VISIT,5957,Random,OnArrival,5,22,20453,Node_719,35,0,25,35,25,,,,,,,,,
60,VISIT,5958,Random,OnArrival,5,24,20453,Node_409,31,0,25,31,25,,,,,,,,,
60,VISIT,5959,Random,OnArrival,5,24,20453,Node_409,31,0,25,31,25,,,,,,,,,
60,VISIT,5960,Random,OnArrival,5,22,20453,Node_719,35,0,25,35,25,,,,,,,,,
60,VISIT,5957,Random,OnArrival,5,23,20468,Node_720,35,0,24,35,24,,,,,,,,,
60,VISIT,5958,Random,OnArrival,5,25,20468,Node_716,32,0,25,32,25,,,,,,,,,
60,VISIT,5959,Random,OnArrival,5,25,20468,Node_716,32,0,25,32,25,,,,,,,,,
60,VISIT,5960,Random,OnArrival,5,23,20468,Node_739,36,0,25,36,25,,,,,,,,,
60,VISIT,5957,Random,OnArrival,5,24,20483,Node_742,36,0,24,36,24,,,,,,,,,
60,VISIT,5957,Random,OnArrival,5,25,20498,Node_745,36,0,23,36,23,,,,,,,,,
60,VISIT,5957,Random,OnArrival,5,26,20513,Node_721,35,0,23,35,23,,,,,,,,,
60,VISIT,5958,Random,OnArrival,5,26,20513,Node_719,35,0,25,35,25,,,,,,,,,
60,VISIT,5959,Random,OnArrival,5,26,20513,Node_719,35,0,25,35,25,,,,,,,,,
60,VISIT,5957,Random,OnArrival,5,27,20527,Node_723,35,0,22,35,22,,,,,,,,,
60,VISIT,5958,Random,OnArrival,5,27,20527,Node_739,36,0,25,36,25,,,,,,,,,
60,VISIT,5959,Random,OnArrival,5,27,20527,Node_739,36,0,25,36,25,,,,,,,,,
60,VISIT,5957,Random,OnArrival,5,28,20541,Node_725,35,0,21,35,21,,,,,,,,,
60,VISIT,5959,Random,OnArrival,5,28,20541,Node_742,36,0,24,36,24,,,,,,,,,
60,VISIT,5957,Random,OnArrival,5,29,20555,Node_728,35,0,20,35,20,,,,,,,,,
60,VISIT,5958,Random,OnArrival,5,28,20555,Node_846,38,0,25,38,25,,,,,,,,,
60,VISIT,5959,Random,OnArrival,5,29,20555,Node_745,36,0,23,36,23,,,,,,,,,
60,VISIT,5961,Random,OnArrival,5,0,20557,Node_6,19,0,12,19,12,,,,,,,,,
60,VISIT,5962,Random,OnArrival,5,0,20557,Node_7,19,0,8,19,8,,,,,,,,,
60,VISIT,5963,Random,OnArrival,5,0,20557,Node_8,17,0,10,17,10,,,,,,,,,
60,VISIT,5964,Random,OnArrival,5,0,20557,Node_9,21,0,10,21,10,,,,,,,,,
60,VISIT,5957,Random,OnArrival,5,30,20561,Node_772,36,0,20,36,20,,,,,,,,,
60,VISIT,5959,Random,OnArrival,5,30,20561,Node_747,36,0,22,36,22,,,,,,,,,
60,VISIT,5961,Random,OnArrival,5,1,20561,Node_40,20,0,12,20,12,,,,,,,,,
60,VISIT,5962,Random,OnArrival,5,1,20561,Node_3,19,0,9,19,9,,,,,,,,,
60,VISIT,5963,Random,OnArrival,5,1,20561,Node_4,18,0,10,18,10,,,,,,,,,
60,VISIT,5964,Random,OnArrival,5,1,20561,Node_13,21,0,11,21,11,,,,,,,,,
60,VISIT,5957,Random,OnArrival,5,31,20565,Node_825,37,0,20,37,20,,,,,,,,,
60,VISIT,5959,Random,OnArrival,5,31,20565,Node_770,36,0,21,36,21,,,,,,,,,
60,VISIT,5961,Random,OnArrival,5,2,20565,Node_42,20,0,13,20,13,,,,,,,,,
60,VISIT,5962,Random,OnArrival,5,2,20565,Node_20,19,0,10,19,10,,,,,,,,,
60,VISIT,5963,Random,OnArrival,5,2,20565,Node_14,18,0,11,18,11,,,,,,,,,
60,VISIT,5964,Random,OnArrival,5,2,20565,Node_17,21,0,12,21,12,,,,,,,,,
60,VISIT,5957,Random,OnArrival,5,32,20569,Node_851,38,0,20,38,20,,,,,,,,,
60,VISIT,5958,Random,OnArrival,5,29,20569,Node_847,38,0,24,38,24,,,,,,,,,
60,VISIT,5959,Random,OnArrival,5,32,20569,Node_772,36,0,20,36,20,,,,,,,,,
60,VISIT,5960,Random,OnArrival,5,24,20569,Node_824,37,0,19,37,19,,,,,,,,,
60,VISIT,5961,Random,OnArrival,5,3,20569,Node_43,20,0,14,20,14,,,,,,,,,
60,VISIT,5962,Random,OnArrival,5,3,20569,Node_2,19,0,11,19,11,,,,,,,,,
60,VISIT,5963,Random,OnArrival,5,3,20569,Node_10,18,0,12,18,12,,,,,,,,,
60,VISIT,5964,Random,OnArrival,5,3,20569,Node_19,21,0,13,21,13,,,,,,,,,
60,VISIT,5957,Random,OnArrival,5,33,20573,Node_853,38,0,19,38,19,,,,,,,,,
60,VISIT,5959,Random,OnArrival,5,33,20573,Node_825,37,0,20,37,20,,,,,,,,,
60,VISIT,5960,Random,OnArrival,5,25,20573,Node_825,37,0,20,37,20,,,,,,,,,
60,VISIT,5961,Random,OnArrival,5,4,20573,Node_44,20,0,15,20,15,,,,,,,,,
60,VISIT,5962,Random,OnArrival,5,4,20573,Node_6,19,0,12,19,12,,,,,,,,,
60,VISIT,5963,Random,OnArrival,5,4,20573,Node_6,19,0,12,19,12,,,,,,,,,
60,VISIT,5964,Random,OnArrival,5,4,20573,Node_22,21,0,14,21,14,,,,,,,,,
60,VISIT,5958,Random,OnArrival,5,30,20577,Node_848,38,0,22,38,22,,,,,,,,,
60,VISIT,5959,Random,OnArrival,5,34,20577,Node_851,38,0,20,38,20,,,,,,,,,
60,VISIT,5960,Random,OnArrival,5,26,20577,Node_851,38,0,20,38,20,,,,,,,,,
60,VISIT,5961,Random,OnArrival,5,5,20577,Node_25,21,0,15,21,15,,,,,,,,,
60,VISIT,5962,Random,OnArrival,5,5,20577,Node_40,20,0,12,20,12,,,,,,,,,
60,VISIT,5963,Random,OnArrival,5,5,20577,Node_40,20,0,12,20,12,,,,,,,,,
60,VISIT,5964,Random,OnArrival,5,5,20577,Node_25,21,0,15,21,15,,,,,,,,,
60,VISIT,5957,Random,OnArrival,5,34,20582,Node_823,40,0,19,40,19,,,,,,,,,
60,VISIT,5959,Random,OnArrival,5,35,20582,Node_849,38,0,21,38,21,,,,,,,,,
60,VISIT,5960,Random,OnArrival,5,27,20582,Node_849,38,0,21,38,21,,,,,,,,,
60,VISIT,5961,Random,OnArrival,5,6,20582,Node_27,21,0,16,21,16,,,,,,,,,
60,VISIT,5962,Random,OnArrival,5,6,20582,Node_42,20,0,13,20,13,,,,,,,,,
60,VISIT,5963,Random,OnArrival,5,6,20582,Node_42,20,0,13,20,13,,,,,,,,,
60,VISIT,5964,Random,OnArrival,5,6,20582,Node_27,21,0,16,21,16,,,,,,,,,
60,VISIT,5962,Random,OnArrival,5,7,20587,Node_43,20,0,14,20,14,,,,,,,,,
60,VISIT,5963,Random,OnArrival,5,7,20587,Node_43,20,0,14,20,14,,,,,,,,,
60,VISIT,5958,Random,OnArrival,5,31,20596,Node_849,38,0,21,38,21,,,,,,,,,
60,VISIT,5959,Random,OnArrival,5,36,20596,Node_849,38,0,21,38,21,,,,,,,,,
60,VISIT,5960,Random,OnArrival,5,28,20596,Node_854,39,0,22,39,22,,,,,,,,,
60,VISIT,5961,Random,OnArrival,5,7,20596,Node_30,21,0,18,21,18,,,,,,,,,
60,VISIT,5962,Random,OnArrival,5,8,20596,Node_44,20,0,15,20,15,,,,,,,,,
60,VISIT,5963,Random,OnArrival,5,8,20596,Node_44,20,0,15,20,15,,,,,,,,,
60,VISIT,5964,Random,OnArrival,5,7,20596,Node_30,21,0,18,21,18,,,,,,,,,
60,VISIT,5958,Random,OnArrival,5,32,20602,Node_848,38,0,22,38,22,,,,,,,,,
60,VISIT,5959,Random,OnArrival,5,37,20602,Node_851,38,0,20,38,20,,,,,,,,,
60,VISIT,5960,Random,OnArrival,5,29,20602,Node_848,38,0,22,38,22,,,,,,,,,
60,VISIT,5961,Random,OnArrival,5,8,20602,Node_32,21,0,19,21,19,,,,,,,,,
60,VISIT,5962,Random,OnArrival,5,9,20602,Node_25,21,0,15,21,15,,,,,,,,,
60,VISIT,5963,Random,OnArrival,5,9,20602,Node_25,21,0,15,21,15,,,,,,,,,
60,VISIT,5964,Random,OnArrival,5,8,20602,Node_32,21,0,19,21,19,,,,,,,,,
60,VISIT,5959,Random,OnArrival,5,38,20609,Node_853,38,0,19,38,19,,,,,,,,,
60,VISIT,5961,Random,OnArrival,5,9,20609,Node_34,21,0,20,21,20,,,,,,,,,
60,VISIT,5962,Random,OnArrival,5,10,20609,Node_27,21,0,16,21,16,,,,,,,,,
60,VISIT,5963,Random,OnArrival,5,10,20609,Node_27,21,0,16,21,16,,,,,,,,,
60,VISIT,5964,Random,OnArrival,5,9,20609,Node_34,21,0,20,21,20,,,,,,,,,
60,VISIT,5958,Random,OnArrival,5,33,20618,Node_847,38,0,24,38,24,,,,,,,,,
60,VISIT,5960,Random,OnArrival,5,30,20618,Node_847,38,0,24,38,24,,,,,,,,,
60,VISIT,5961,Random,OnArrival,5,10,20618,Node_317,21,0,21,21,21,,,,,,,,,
60,VISIT,5964,Random,OnArrival,5,10,20618,Node_317,21,0,21,21,21,,,,,,,,,
60,VISIT,5958,Random,OnArrival,5,34,20631,Node_852,39,0,24,39,24,,,,,,,,,
60,VISIT,5959,Random,OnArrival,5,39,20631,Node_823,40,0,19,40,19,,,,,,,,,
60,VISIT,5960,Random,OnArrival,5,31,20631,Node_852,39,0,24,39,24,,,,,,,,,
60,VISIT,5961,Random,OnArrival,5,11,20631,Node_316,21,0,22,21,22,,,,,,,,,
60,VISIT,5962,Random,OnArrival,5,11,20631,Node_30,21,0,18,21,18,,,,,,,,,
60,VISIT,5963,Random,OnArrival,5,11,20631,Node_30,21,0,18,21,18,,,,,,,,,
60,VISIT,5964,Random,OnArrival,5,11,20631,Node_316,21,0,22,21,22,,,,,,,,,
60,VISIT,5959,Random,OnArrival,5,40,20640,Node_822,40,0,18,40,18,,,,,,,,,
60,VISIT,5961,Random,OnArrival,5,12,20640,Node_314,21,0,23,21,23,,,,,,,,,
60,VISIT,5962,Random,OnArrival,5,12,20640,Node_32,21,0,19,21,19,,,,,,,,,
60,VISIT,5963,Random,OnArrival,5,12,20640,Node_32,21,0,19,21,19,,,,,,,,,
60,VISIT,5964,Random,OnArrival,5,12,20640,Node_314,21,0,23,21,23,,,,,,,,,
60,VISIT,5962,Random,OnArrival,5,13,20650,Node_34,21,0,20,21,20,,,,,,,,,
60,VISIT,5963,Random,OnArrival,5,13,20650,Node_34,21,0,20,21,20,,,,,,,,,
60,VISIT,5958,Random,OnArrival,5,35,20662,Node_850,39,0,25,39,25,,,,,,,,,
60,VISIT,5959,Random,OnArrival,5,41,20662,Node_855,41,0,19,41,19,,,,,,,,,
60,VISIT,5960,Random,OnArrival,5,32,20662,Node_850,39,0,25,39,25,,,,,,,,,
60,VISIT,5961,Random,OnArrival,5,13,20662,Node_373,19,0,23,19,23,,,,,,,,,
60,VISIT,5962,Random,OnArrival,5,14,20662,Node_317,21,0,21,21,21,,,,,,,,,
60,VISIT,5963,Random,OnArrival,5,14,20662,Node_317,21,0,21,21,21,,,,,,,,,
60,VISIT,5964,Random,OnArrival,5,13,20662,Node_373,19,0,23,19,23,,,,,,,,,
60,VISIT,5958,Random,OnArrival,5,36,20673,Node_865,40,0,25,40,25,,,,,,,,,
60,VISIT,5959,Random,OnArrival,5,42,20673,Node_857,41,0,20,41,20,,,,,,,,,
60,VISIT,5960,Random,OnArrival,5,33,20673,Node_865,40,0,25,40,25,,,,,,,,,
60,VISIT,5961,Random,OnArrival,5,14,20673,Node_372,19,0,24,19,24,,,,,,,,,
60,VISIT,5962,Random,OnArrival,5,15,20673,Node_316,21,0,22,21,22,,,,,,,,,
60,VISIT,5963,Random,OnArrival,5,15,20673,Node_316,21,0,22,21,22,,,,,,,,,
60,VISIT,5964,Random,OnArrival,5,14,20673,Node_372,19,0,24,19,24,,,,,,,,,
60,VISIT,5958,Random,OnArrival,5,37,20685,Node_867,41,0,25,41,25,,,,,,,,,
60,VISIT,5960,Random,OnArrival,5,34,20685,Node_867,41,0,25,41,25,,,,,,,,,
60,VISIT,5961,Random,OnArrival,5,15,20685,Node_371,19,0,25,19,25,,,,,,,,,
60,VISIT,5962,Random,OnArrival,5,16,20685,Node_314,21,0,23,21,23,,,,,,,,,
60,VISIT,5963,Random,OnArrival,5,16,20685,Node_314,21,0,23,21,23,,,,,,,,,
60,VISIT,5964,Random,OnArrival,5,15,20685,Node_371,19,0,25,19,25,,,,,,,,,
60,VISIT,5958,Random,OnArrival,5,38,20697,Node_864,42,0,25,42,25,,,,,,,,,
60,VISIT,5959,Random,OnArrival,5,43,20697,Node_859,42,0,21,42,21,,,,,,,,,
60,VISIT,5960,Random,OnArrival,5,35,20697,Node_864,42,0,25,42,25,,,,,,,,,
60,VISIT,5959,Random,OnArrival,5,44,20712,Node_869,42,0,20,42,20,,,,,,,,,
60,VISIT,5962,Random,OnArrival,5,17,20712,Node_373,19,0,23,19,23,,,,,,,,,
60,VISIT,5963,Random,OnArrival,5,17,20712,Node_373,19,0,23,19,23,,,,,,,,,
60,VISIT,5962,Random,OnArrival,5,18,20726,Node_372,19,0,24,19,24,,,,,,,,,
60,VISIT,5963,Random,OnArrival,5,18,20726,Node_372,19,0,24,19,24,,,,,,,,,
60,VISIT,5962,Random,OnArrival,5,19,20740,Node_371,19,0,25,19,25,,,,,,,,,
60,VISIT,5963,Random,OnArrival,5,19,20740,Node_371,19,0,25,19,25,,,,,,,,,
60,VISIT,5961,Random,OnArrival,5,16,20754,Node_351,24,0,25,24,25,,,,,,,,,
60,VISIT,5964,Random,OnArrival,5,16,20754,Node_351,24,0,25,24,25,,,,,,,,,
60,VISIT,5960,Random,OnArrival,5,36,20768,Node_860,42,0,22,42,22,,,,,,,,,
60,VISIT,5961,Random,OnArrival,5,17,20768,Node_349,25,0,25,25,25,,,,,,,,,
60,VISIT,5964,Random,OnArrival,5,17,20768,Node_349,25,0,25,25,25,,,,,,,,,
60,VISIT,5960,Random,OnArrival,5,37,20781,Node_861,42,0,23,42,23,,,,,,,,,
60,VISIT,5960,Random,OnArrival,5,38,20796,Node_873,43,0,23,43,23,,,,,,,,,
60,VISIT,5960,Random,OnArrival,5,39,20811,Node_875,43,0,22,43,22,,,,,,,,,
60,VISIT,5962,Random,OnArrival,5,20,20811,Node_351,24,0,25,24,25,,,,,,,,,
60,VISIT,5963,Random,OnArrival,5,20,20811,Node_351,24,0,25,24,25,,,,,,,,,
60,VISIT,5961,Random,OnArrival,5,18,20825,Node_393,29,0,25,29,25,,,,,,,,,
60,VISIT,5962,Random,OnArrival,5,21,20825,Node_349,25,0,25,25,25,,,,,,,,,
60,VISIT,5963,Random,OnArrival,5,21,20825,Node_349,25,0,25,25,25,,,,,,,,,
60,VISIT,5964,Random,OnArrival,5,18,20825,Node_393,29,0,25,29,25,,,,,,,,,
60,VISIT,5961,Random,OnArrival,5,19,20838,Node_396,30,0,25,30,25,,,,,,,,,
60,VISIT,5964,Random,OnArrival,5,19,20838,Node_396,30,0,25,30,25,,,,,,,,,
60,VISIT,5961,Random,OnArrival,5,20,20852,Node_409,31,0,25,31,25,,,,,,,,,
60,VISIT,5964,Random,OnArrival,5,20,20852,Node_409,31,0,25,31,25,,,,,,,,,
60,VISIT,5961,Random,OnArrival,5,21,20866,Node_716,32,0,25,32,25,,,,,,,,,
60,VISIT,5964,Random,OnArrival,5,21,20866,Node_716,32,0,25,32,25,,,,,,,,,
60,VISIT,5962,Random,OnArrival,5,22,20880,Node_393,29,0,25,29,25,,,,,,,,,
60,VISIT,5963,Random,OnArrival,5,22,20880,Node_393,29,0,25,29,25,,,,,,,,,
60,VISIT,5962,Random,OnArrival,5,23,20894,Node_396,30,0,25,30,25,,,,,,,,,
60,VISIT,5963,Random,OnArrival,5,23,20894,Node_396,30,0,25,30,25,,,,,,,,,
60,VISIT,5961,Random,OnArrival,5,22,20909,Node_719,35,0,25,35,25,,,,,,,,,
60,VISIT,5962,Random,OnArrival,5,24,20909,Node_409,31,0,25,31,25,,,,,,,,,
60,VISIT,5963,Random,OnArrival,5,24,20909,Node_409,31,0,25,31,25,,,,,,,,,
60,VISIT,5964,Random,OnArrival,5,22,20909,Node_719,35,0,25,35,25,,,,,,,,,
60,VISIT,5961,Random,OnArrival,5,23,20923,Node_739,36,0,25,36,25,,,,,,,,,
60,VISIT,5962,Random,OnArrival,5,25,20923,Node_716,32,0,25,32,25,,,,,,,,,
60,VISIT,5963,Random,OnArrival,5,25,20923,Node_716,32,0,25,32,25,,,,,,,,,
60,VISIT,5964,Random,OnArrival,5,23,20923,Node_739,36,0,25,36,25,,,,,,,,,
60,VISIT,5961,Random,OnArrival,5,24,20953,Node_846,38,0,25,38,25,,,,,,,,,
60,VISIT,5964,Random,OnArrival,5,24,20953,Node_846,38,0,25,38,25,,,,,,,,,
60,VISIT,5961,Random,OnArrival,5,25,20968,Node_847,38,0,24,38,24,,,,,,,,,
60,VISIT,5962,Random,OnArrival,5,26,20968,Node_719,35,0,25,35,25,,,,,,,,,
60,VISIT,5963,Random,OnArrival,5,26,20968,Node_719,35,0,25,35,25,,,,,,,,,
60,VISIT,5964,Random,OnArrival,5,25,20968,Node_847,38,0,24,38,24,,,,,,,,,
60,VISIT,5961,Random,OnArrival,5,26,20983,Node_852,39,0,24,39,24,,,,,,,,,
60,VISIT,5962,Random,OnArrival,5,27,20983,Node_739,36,0,25,36,25,,,,,,,,,
60,VISIT,5963,Random,OnArrival,5,27,20983,Node_739,36,0,25,36,25,,,,,,,,,
60,VISIT,5964,Random,OnArrival,5,26,20983,Node_852,39,0,24,39,24,,,,,,,,,
60,VISIT,5961,Random,OnArrival,5,27,20997,Node_863,40,0,24,40,24,,,,,,,,,
60,VISIT,5964,Random,OnArrival,5,27,20997,Node_863,40,0,24,40,24,,,,,,,,,
60,VISIT,5965,Random,OnArrival,5,0,21001,Node_6,19,0,12,19,12,,,,,,,,,
60,VISIT,5966,Random,OnArrival,5,0,21001,Node_7,19,0,8,19,8,,,,,,,,,
60,VISIT,5967,Random,OnArrival,5,0,21001,Node_8,17,0,10,17,10,,,,,,,,,
60,VISIT,5968,Random,OnArrival,5,0,21001,Node_9,21,0,10,21,10,,,,,,,,,
60,VISIT,5961,Random,OnArrival,5,28,21005,Node_868,41,0,24,41,24,,,,,,,,,
60,VISIT,5962,Random,OnArrival,5,28,21005,Node_846,38,0,25,38,25,,,,,,,,,
60,VISIT,5963,Random,OnArrival,5,28,21005,Node_846,38,0,25,38,25,,,,,,,,,
60,VISIT,5964,Random,OnArrival,5,28,21005,Node_868,41,0,24,41,24,,,,,,,,,
60,VISIT,5965,Random,OnArrival,5,1,21005,Node_2,19,0,11,19,11,,,,,,,,,
60,VISIT,5966,Random,OnArrival,5,1,21005,Node_3,19,0,9,19,9,,,,,,,,,
60,VISIT,5967,Random,OnArrival,5,1,21005,Node_4,18,0,10,18,10,,,,,,,,,
60,VISIT,5968,Random,OnArrival,5,1,21005,Node_13,21,0,11,21,11,,,,,,,,,
60,VISIT,5961,Random,OnArrival,5,29,21009,Node_862,42,0,24,42,24,,,,,,,,,
60,VISIT,5962,Random,OnArrival,5,29,21009,Node_847,38,0,24,38,24,,,,,,,,,
60,VISIT,5963,Random,OnArrival,5,29,21009,Node_847,38,0,24,38,24,,,,,,,,,
60,VISIT,5964,Random,OnArrival,5,29,21009,Node_862,42,0,24,42,24,,,,,,,,,
60,VISIT,5965,Random,OnArrival,5,2,21009,Node_38,20,0,11,20,11,,,,,,,,,
60,VISIT,5966,Random,OnArrival,5,2,21009,Node_48,20,0,9,20,9,,,,,,,,,
60,VISIT,5967,Random,OnArrival,5,2,21009,Node_14,18,0,11,18,11,,,,,,,,,
60,VISIT,5968,Random,OnArrival,5,2,21009,Node_59,22,0,11,22,11,,,,,,,,,
60,VISIT,5961,Random,OnArrival,5,30,21013,Node_871,43,0,24,43,24,,,,,,,,,
60,VISIT,5962,Random,OnArrival,5,30,21013,Node_852,39,0,24,39,24,,,,,,,,,
60,VISIT,5963,Random,OnArrival,5,30,21013,Node_852,39,0,24,39,24,,,,,,,,,
60,VISIT,5964,Random,OnArrival,5,30,21013,Node_871,43,0,24,43,24,,,,,,,,,
60,VISIT,5965,Random,OnArrival,5,3,21013,Node_13,21,0,11,21,11,,,,,,,,,
60,VISIT,5966,Random,OnArrival,5,3,21013,Node_47,21,0,9,21,9,,,,,,,,,
60,VISIT,5967,Random,OnArrival,5,3,21013,Node_2,19,0,11,19,11,,,,,,,,,
60,VISIT,5968,Random,OnArrival,5,3,21013,Node_62,23,0,11,23,11,,,,,,,,,
60,VISIT,5961,Random,OnArrival,5,31,21017,Node_873,43,0,23,43,23,,,,,,,,,
60,VISIT,5962,Random,OnArrival,5,31,21017,Node_863,40,0,24,40,24,,,,,,,,,
60,VISIT,5963,Random,OnArrival,5,31,21017,Node_863,40,0,24,40,24,,,,,,,,,
60,VISIT,5964,Random,OnArrival,5,31,21017,Node_873,43,0,23,43,23,,,,,,,,,
60,VISIT,5965,Random,OnArrival,5,4,21017,Node_59,22,0,11,22,11,,,,,,,,,
60,VISIT,5966,Random,OnArrival,5,4,21017,Node_58,22,0,9,22,9,,,,,,,,,
60,VISIT,5967,Random,OnArrival,5,4,21017,Node_38,20,0,11,20,11,,,,,,,,,
60,VISIT,5968,Random,OnArrival,5,4,21017,Node_63,23,0,12,23,12,,,,,,,,,
60,VISIT,5961,Random,OnArrival,5,32,21021,Node_875,43,0,22,43,22,,,,,,,,,
60,VISIT,5962,Random,OnArrival,5,32,21021,Node_865,40,0,25,40,25,,,,,,,,,
60,VISIT,5963,Random,OnArrival,5,32,21021,Node_865,40,0,25,40,25,,,,,,,,,
60,VISIT,5964,Random,OnArrival,5,32,21021,Node_875,43,0,22,43,22,,,,,,,,,
60,VISIT,5965,Random,OnArrival,5,5,21021,Node_62,23,0,11,23,11,,,,,,,,,
60,VISIT,5966,Random,OnArrival,5,5,21021,Node_89,23,0,9,23,9,,,,,,,,,
60,VISIT,5967,Random,OnArrival,5,5,21021,Node_13,21,0,11,21,11,,,,,,,,,
60,VISIT,5968,Random,OnArrival,5,5,21021,Node_64,24,0,12,24,12,,,,,,,,,
60,VISIT,5962,Random,OnArrival,5,33,21025,Node_867,41,0,25,41,25,,,,,,,,,
60,VISIT,5963,Random,OnArrival,5,33,21025,Node_867,41,0,25,41,25,,,,,,,,,
60,VISIT,5965,Random,OnArrival,5,6,21025,Node_63,23,0,12,23,12,,,,,,,,,
60,VISIT,5967,Random,OnArrival,5,6,21025,Node_59,22,0,11,22,11,,,,,,,,,
60,VISIT,5968,Random,OnArrival,5,6,21025,Node_65,24,0,13,24,13,,,,,,,,,
60,VISIT,5962,Random,OnArrival,5,34,21030,Node_864,42,0,25,42,25,,,,,,,,,
60,VISIT,5963,Random,OnArrival,5,34,21030,Node_864,42,0,25,42,25,,,,,,,,,
60,VISIT,5965,Random,OnArrival,5,7,21030,Node_64,24,0,12,24,12,,,,,,,,,
60,VISIT,5966,Random,OnArrival,5,6,21030,Node_174,25,0,9,25,9,,,,,,,,,
60,VISIT,5967,Random,OnArrival,5,7,21030,Node_62,23,0,11,23,11,,,,,,,,,
60,VISIT,5968,Random,OnArrival,5,7,21030,Node_107,25,0,13,25,13,,,,,,,,,
60,VISIT,5961,Random,OnArrival,5,33,21034,Node_882,46,0,22,46,22,,,,,,,,,
60,VISIT,5962,Random,OnArrival,5,35,21034,Node_870,43,0,25,43,25,,,,,,,,,
60,VISIT,5963,Random,OnArrival,5,35,21034,Node_870,43,0,25,43,25,,,,,,,,,
60,VISIT,5964,Random,OnArrival,5,33,21034,Node_882,46,0,22,46,22,,,,,,,,,
60,VISIT,5965,Random,OnArrival,5,8,21034,Node_65,24,0,13,24,13,,,,,,,,,
60,VISIT,5966,Random,OnArrival,5,7,21034,Node_197,26,0,9,26,9,,,,,,,,,
60,VISIT,5967,Random,OnArrival,5,8,21034,Node_63,23,0,12,23,12,,,,,,,,,
60,VISIT,5968,Random,OnArrival,5,8,21034,Node_172,26,0,13,26,13,,,,,,,,,
60,VISIT,5961,Random,OnArrival,5,34,21038,Node_883,46,0,21,46,21,,,,,,,,,
60,VISIT,5964,Random,OnArrival,5,34,21038,Node_883,46,0,21,46,21,,,,,,,,,
60,VISIT,5965,Random,OnArrival,5,9,21038,Node_107,25,0,13,25,13,,,,,,,,,
60,VISIT,5966,Random,OnArrival,5,8,21038,Node_237,27,0,9,27,9,,,,,,,,,
60,VISIT,5967,Random,OnArrival,5,9,21038,Node_64,24,0,12,24,12,,,,,,,,,
60,VISIT,5968,Random,OnArrival,5,9,21038,Node_241,27,0,13,27,13,,,,,,,,,
60,VISIT,5965,Random,OnArrival,5,10,21043,Node_172,26,0,13,26,13,,,,,,,,,
60,VISIT,5966,Random,OnArrival,5,9,21043,Node_238,27,0,10,27,10,,,,,,,,,
60,VISIT,5967,Random,OnArrival,5,10,21043,Node_65,24,0,13,24,13,,,,,,,,,
60,VISIT,5968,Random,OnArrival,5,10,21043,Node_254,28,0,13,28,13,,,,,,,,,
60,VISIT,5965,Random,OnArrival,5,11,21049,Node_241,27,0,13,27,13,,,,,,,,,
60,VISIT,5966,Random,OnArrival,5,10,21049,Node_239,27,0,11,27,11,,,,,,,,,
60,VISIT,5967,Random,OnArrival,5,11,21049,Node_107,25,0,13,25,13,,,,,,,,,
60,VISIT,5961,Random,OnArrival,5,35,21057,Node_884,46,0,20,46,20,,,,,,,,,
60,VISIT,5964,Random,OnArrival,5,35,21057,Node_884,46,0,20,46,20,,,,,,,,,
60,VISIT,5966,Random,OnArrival,5,11,21057,Node_240,27,0,12,27,12,,,,,,,,,
60,VISIT,5967,Random,OnArrival,5,12,21057,Node_172,26,0,13,26,13,,,,,,,,,
60,VISIT,5968,Random,OnArrival,5,11,21057,Node_263,30,0,13,30,13,,,,,,,,,
60,VISIT,5964,Random,OnArrival,5,36,21066,Node_883,46,0,21,46,21,,,,,,,,,
60,VISIT,5965,Random,OnArrival,5,12,21066,Node_242,27,0,15,27,15,,,,,,,,,
60,VISIT,5966,Random,OnArrival,5,12,21066,Node_241,27,0,13,27,13,,,,,,,,,
60,VISIT,5967,Random,OnArrival,5,13,21066,Node_241,27,0,13,27,13,,,,,,,,,
60,VISIT,5968,Random,OnArrival,5,12,21066,Node_736,31,0,13,31,13,,,,,,,,,
60,VISIT,5961,Random,OnArrival,5,36,21080,Node_885,44,0,20,44,20,,,,,,,,,
60,VISIT,5964,Random,OnArrival,5,37,21080,Node_882,46,0,22,46,22,,,,,,,,,
60,VISIT,5965,Random,OnArrival,5,13,21080,Node_243,27,0,16,27,16,,,,,,,,,
60,VISIT,5967,Random,OnArrival,5,14,21080,Node_254,28,0,13,28,13,,,,,,,,,
60,VISIT,5968,Random,OnArrival,5,13,21080,Node_749,32,0,13,32,13,,,,,,,,,
60,VISIT,5965,Random,OnArrival,5,14,21094,Node_685,28,0,16,28,16,,,,,,,,,
60,VISIT,5966,Random,OnArrival,5,13,21094,Node_242,27,0,15,27,15,,,,,,,,,
60,VISIT,5965,Random,OnArrival,5,15,21108,Node_690,29,0,16,29,16,,,,,,,,,
60,VISIT,5966,Random,OnArrival,5,14,21108,Node_243,27,0,16,27,16,,,,,,,,,
60,VISIT,5967,Random,OnArrival,5,15,21108,Node_263,30,0,13,30,13,,,,,,,,,
60,VISIT,5968,Random,OnArrival,5,14,21108,Node_756,34,0,13,34,13,,,,,,,,,
60,VISIT,5964,Random,OnArrival,5,38,21122,Node_875,43,0,22,43,22,,,,,,,,,
60,VISIT,5965,Random,OnArrival,5,16,21122,Node_692,30,0,16,30,16,,,,,,,,,
60,VISIT,5966,Random,OnArrival,5,15,21122,Node_685,28,0,16,28,16,,,,,,,,,
60,VISIT,5967,Random,OnArrival,5,16,21122,Node_736,31,0,13,31,13,,,,,,,,,
60,VISIT,5968,Random,OnArrival,5,15,21122,Node_758,34,0,14,34,14,,,,,,,,,
60,VISIT,5964,Random,OnArrival,5,39,21136,Node_873,43,0,23,43,23,,,,,,,,,
60,VISIT,5965,Random,OnArrival,5,17,21136,Node_267,31,0,16,31,16,,,,,,,,,
60,VISIT,5966,Random,OnArrival,5,16,21136,Node_690,29,0,16,29,16,,,,,,,,,
60,VISIT,5967,Random,OnArrival,5,17,21136,Node_749,32,0,13,32,13,,,,,,,,,
60,VISIT,5968,Random,OnArrival,5,16,21136,Node_826,35,0,14,35,14,,,,,,,,,
60,VISIT,5961,Random,OnArrival,5,37,21150,Node_878,43,0,16,43,16,,,,,,,,,
60,VISIT,5964,Random,OnArrival,5,40,21150,Node_871,43,0,24,43,24,,,,,,,,,
60,VISIT,5965,Random,OnArrival,5,18,21150,Node_803,32,0,16,32,16,,,,,,,,,
60,VISIT,5966,Random,OnArrival,5,17,21150,Node_692,30,0,16,30,16,,,,,,,,,
60,VISIT,5968,Random,OnArrival,5,17,21150,Node_794,35,0,13,35,13,,,,,,,,,
60,VISIT,5961,Random,OnArrival,5,38,21163,Node_893,44,0,16,44,16,,,,,,,,,
60,VISIT,5964,Random,OnArrival,5,41,21163,Node_870,43,0,25,43,25,,,,,,,,,
60,VISIT,5965,Random,OnArrival,5,19,21163,Node_701,32,0,17,32,17,,,,,,,,,
60,VISIT,5966,Random,OnArrival,5,18,21163,Node_267,31,0,16,31,16,,,,,,,,,
60,VISIT,5967,Random,OnArrival,5,18,21163,Node_756,34,0,13,34,13,,,,,,,,,
60,VISIT,5961,Random,OnArrival,5,39,21173,Node_891,44,0,17,44,17,,,,,,,,,
60,VISIT,5964,Random,OnArrival,5,42,21173,Node_871,43,0,24,43,24,,,,,,,,,
60,VISIT,5965,Random,OnArrival,5,20,21173,Node_699,32,0,18,32,18,,,,,,,,,
60,VISIT,5966,Random,OnArrival,5,19,21173,Node_694,31,0,17,31,17,,,,,,,,,
60,VISIT,5967,Random,OnArrival,5,19,21173,Node_758,34,0,14,34,14,,,,,,,,,
60,VISIT,5968,Random,OnArrival,5,18,21173,Node_827,37,0,13,37,13,,,,,,,,,
60,VISIT,5961,Random,OnArrival,5,40,21184,Node_877,43,0,17,43,17,,,,,,,,,
60,VISIT,5964,Random,OnArrival,5,43,21184,Node_873,43,0,23,43,23,,,,,,,,,
60,VISIT,5965,Random,OnArrival,5,21,21184,Node_702,32,0,19,32,19,,,,,,,,,
60,VISIT,5966,Random,OnArrival,5,20,21184,Node_695,31,0,18,31,18,,,,,,,,,
60,VISIT,5967,Random,OnArrival,5,20,21184,Node_756,34,0,13,34,13,,,,,,,,,
60,VISIT,5968,Random,OnArrival,5,19,21184,Node_833,38,0,13,38,13,,,,,,,,,
60,VISIT,5961,Random,OnArrival,5,41,21195,Node_876,43,0,18,43,18,,,,,,,,,
60,VISIT,5964,Random,OnArrival,5,44,21195,Node_875,43,0,22,43,22,,,,,,,,,
60,VISIT,5965,Random,OnArrival,5,22,21195,Node_704,32,0,20,32,20,,,,,,,,,
60,VISIT,5966,Random,OnArrival,5,21,21195,Node_699,32,0,18,32,18,,,,,,,,,
60,VISIT,5967,Random,OnArrival,5,21,21195,Node_794,35,0,13,35,13,,,,,,,,,
60,VISIT,5968,Random,OnArrival,5,20,21195,Node_840,39,0,13,39,13,,,,,,,,,
60,VISIT,5961,Random,OnArrival,5,42,21207,Node_890,44,0,18,44,18,,,,,,,,,
60,VISIT,5965,Random,OnArrival,5,23,21207,Node_707,32,0,21,32,21,,,,,,,,,
60,VISIT,5966,Random,OnArrival,5,22,21207,Node_702,32,0,19,32,19,,,,,,,,,
60,VISIT,5968,Random,OnArrival,5,21,21207,Node_839,40,0,13,40,13,,,,,,,,,
60,VISIT,5965,Random,OnArrival,5,24,21219,Node_712,32,0,22,32,22,,,,,,,,,
60,VISIT,5966,Random,OnArrival,5,23,21219,Node_704,32,0,20,32,20,,,,,,,,,
60,VISIT,5967,Random,OnArrival,5,22,21219,Node_827,37,0,13,37,13,,,,,,,,,
60,VISIT,5964,Random,OnArrival,5,45,21231,Node_882,46,0,22,46,22,,,,,,,,,
60,VISIT,5965,Random,OnArrival,5,25,21231,Node_711,33,0,22,33,22,,,,,,,,,
60,VISIT,5966,Random,OnArrival,5,24,21231,Node_707,32,0,21,32,21,,,,,,,,,
60,VISIT,5967,Random,OnArrival,5,23,21231,Node_842,37,0,12,37,12,,,,,,,,,
60,VISIT,5961,Random,OnArrival,5,43,21243,Node_900,46,0,17,46,17,,,,,,,,,
60,VISIT,5962,Random,OnArrival,5,36,21243,Node_896,47,0,18,47,18,,,,,,,,,
60,VISIT,5963,Random,OnArrival,5,36,21243,Node_896,47,0,18,47,18,,,,,,,,,
60,VISIT,5964,Random,OnArrival,5,46,21243,Node_883,46,0,21,46,21,,,,,,,,,
60,VISIT,5966,Random,OnArrival,5,25,21243,Node_712,32,0,22,32,22,,,,,,,,,
60,VISIT,5967,Random,OnArrival,5,24,21243,Node_835,38,0,12,38,12,,,,,,,,,
60,VISIT,5968,Random,OnArrival,5,22,21243,Node_838,40,0,14,40,14,,,,,,,,,
60,VISIT,5961,Random,OnArrival,5,44,21256,Node_897,47,0,17,47,17,,,,,,,,,
60,VISIT,5962,Random,OnArrival,5,37,21256,Node_902,46,0,18,46,18,,,,,,,,,
60,VISIT,5963,Random,OnArrival,5,37,21256,Node_902,46,0,18,46,18,,,,,,,,,
60,VISIT,5964,Random,OnArrival,5,47,21256,Node_886,47,0,21,47,21,,,,,,,,,
60,VISIT,5965,Random,OnArrival,5,26,21256,Node_723,35,0,22,35,22,,,,,,,,,
60,VISIT,5966,Random,OnArrival,5,26,21256,Node_711,33,0,22,33,22,,,,,,,,,
60,VISIT,5967,Random,OnArrival,5,25,21256,Node_833,38,0,13,38,13,,,,,,,,,
60,VISIT,5968,Random,OnArrival,5,23,21256,Node_841,39,0,14,39,14,,,,,,,,,
60,VISIT,5961,Random,OnArrival,5,45,21269,Node_896,47,0,18,47,18,,,,,,,,,
60,VISIT,5962,Random,OnArrival,5,38,21269,Node_900,46,0,17,46,17,,,,,,,,,
60,VISIT,5964,Random,OnArrival,5,48,21269,Node_892,48,0,21,48,21,,,,,,,,,
60,VISIT,5965,Random,OnArrival,5,27,21269,Node_721,35,0,23,35,23,,,,,,,,,
60,VISIT,5967,Random,OnArrival,5,26,21269,Node_840,39,0,13,39,13,,,,,,,,,
60,VISIT,5968,Random,OnArrival,5,24,21269,Node_838,40,0,14,40,14,,,,,,,,,
60,VISIT,5961,Random,OnArrival,5,46,21283,Node_895,48,0,18,48,18,,,,,,,,,
60,VISIT,5962,Random,OnArrival,5,39,21283,Node_902,46,0,18,46,18,,,,,,,,,
60,VISIT,5963,Random,OnArrival,5,38,21283,Node_890,44,0,18,44,18,,,,,,,,,
60,VISIT,5964,Random,OnArrival,5,49,21283,Node_886,47,0,21,47,21,,,,,,,,,
60,VISIT,5965,Random,OnArrival,5,28,21283,Node_720,35,0,24,35,24,,,,,,,,,
60,VISIT,5966,Random,OnArrival,5,27,21283,Node_723,35,0,22,35,22,,,,,,,,,
60,VISIT,5967,Random,OnArrival,5,27,21283,Node_839,40,0,13,40,13,,,,,,,,,
60,VISIT,5963,Random,OnArrival,5,39,21297,Node_876,43,0,18,43,18,,,,,,,,,
60,VISIT,5964,Random,OnArrival,5,50,21297,Node_887,47,0,20,47,20,,,,,,,,,
60,VISIT,5965,Random,OnArrival,5,29,21297,Node_719,35,0,25,35,25,,,,,,,,,
60,VISIT,5966,Random,OnArrival,5,28,21297,Node_721,35,0,23,35,23,,,,,,,,,
60,VISIT,5967,Random,OnArrival,5,28,21297,Node_901,41,0,13,41,13,,,,,,,,,
60,VISIT,5968,Random,OnArrival,5,25,21297,Node_820,40,0,16,40,16,,,,,,,,,
60,VISIT,5961,Random,OnArrival,5,47,21311,Node_894,48,0,20,48,20,,,,,,,,,
60,VISIT,5962,Random,OnArrival,5,40,21311,Node_890,44,0,18,44,18,,,,,,,,,
60,VISIT,5963,Random,OnArrival,5,40,21311,Node_874,43,0,19,43,19,,,,,,,,,
60,VISIT,5964,Random,OnArrival,5,51,21311,Node_894,48,0,20,48,20,,,,,,,,,
60,VISIT,5965,Random,OnArrival,5,30,21311,Node_739,36,0,25,36,25,,,,,,,,,
60,VISIT,5966,Random,OnArrival,5,29,21311,Node_720,35,0,24,35,24,,,,,,,,,
60,VISIT,5967,Random,OnArrival,5,29,21311,Node_881,42,0,13,42,13,,,,,,,,,
60,VISIT,5961,Random,OnArrival,5,48,21324,Node_887,47,0,20,47,20,,,,,,,,,
60,VISIT,5962,Random,OnArrival,5,41,21324,Node_876,43,0,18,43,18,,,,,,,,,
60,VISIT,5963,Random,OnArrival,5,41,21324,Node_889,44,0,19,44,19,,,,,,,,,
60,VISIT,5964,Random,OnArrival,5,52,21324,Node_887,47,0,20,47,20,,,,,,,,,
60,VISIT,5966,Random,OnArrival,5,30,21324,Node_719,35,0,25,35,25,,,,,,,,,
60,VISIT,5961,Random,OnArrival,5,49,21338,Node_894,48,0,20,48,20,,,,,,,,,
60,VISIT,5962,Random,OnArrival,5,42,21338,Node_874,43,0,19,43,19,,,,,,,,,
60,VISIT,5963,Random,OnArrival,5,42,21338,Node_874,43,0,19,43,19,,,,,,,,,
60,VISIT,5964,Random,OnArrival,5,53,21338,Node_884,46,0,20,46,20,,,,,,,,,
60,VISIT,5965,Random,OnArrival,5,31,21338,Node_846,38,0,25,38,25,,,,,,,,,
60,VISIT,5966,Random,OnArrival,5,31,21338,Node_739,36,0,25,36,25,,,,,,,,,
60,VISIT,5968,Random,OnArrival,5,26,21338,Node_866,41,0,18,41,18,,,,,,,,,
60,VISIT,5962,Random,OnArrival,5,43,21352,Node_872,43,0,20,43,20,,,,,,,,,
60,VISIT,5963,Random,OnArrival,5,43,21352,Node_872,43,0,20,43,20,,,,,,,,,
60,VISIT,5965,Random,OnArrival,5,32,21352,Node_850,39,0,25,39,25,,,,,,,,,
60,VISIT,5968,Random,OnArrival,5,27,21352,Node_822,40,0,18,40,18,,,,,,,,,
60,VISIT,5961,Random,OnArrival,5,50,21366,Node_895,48,0,18,48,18,,,,,,,,,
60,VISIT,5962,Random,OnArrival,5,44,21366,Node_885,44,0,20,44,20,,,,,,,,,
60,VISIT,5963,Random,OnArrival,5,44,21366,Node_885,44,0,20,44,20,,,,,,,,,
60,VISIT,5964,Random,OnArrival,5,54,21366,Node_885,44,0,20,44,20,,,,,,,,,
60,VISIT,5965,Random,OnArrival,5,33,21366,Node_865,40,0,25,40,25,,,,,,,,,
60,VISIT,5966,Random,OnArrival,5,32,21366,Node_846,38,0,25,38,25,,,,,,,,,
60,VISIT,5968,Random,OnArrival,5,28,21366,Node_821,40,0,17,40,17,,,,,,,,,
60,VISIT,5961,Random,OnArrival,5,51,21379,Node_896,47,0,18,47,18,,,,,,,,,
60,VISIT,5962,Random,OnArrival,5,45,21379,Node_889,44,0,19,44,19,,,,,,,,,
60,VISIT,5963,Random,OnArrival,5,45,21379,Node_889,44,0,19,44,19,,,,,,,,,
60,VISIT,5964,Random,OnArrival,5,55,21379,Node_872,43,0,20,43,20,,,,,,,,,
60,VISIT,5965,Random,OnArrival,5,34,21379,Node_867,41,0,25,41,25,,,,,,,,,
60,VISIT,5966,Random,OnArrival,5,33,21379,Node_850,39,0,25,39,25,,,,,,,,,
60,VISIT,5968,Random,OnArrival,5,29,21379,Node_905,41,0,17,41,17,,,,,,,,,
60,VISIT,5969,Random,OnArrival,5,0,21383,Node_6,19,0,12,19,12,,,,,,,,,
60,VISIT,5970,Random,OnArrival,5,0,21383,Node_7,19,0,8,19,8,,,,,,,,,
60,VISIT,5971,Random,OnArrival,5,0,21383,Node_8,17,0,10,17,10,,,,,,,,,
60,VISIT,5972,Random,OnArrival,5,0,21383,Node_9,21,0,10,21,10,,,,,,,,,
60,VISIT,5961,Random,OnArrival,5,52,21387,Node_897,47,0,17,47,17,,,,,,,,,
60,VISIT,5962,Random,OnArrival,5,46,21387,Node_890,44,0,18,44,18,,,,,,,,,
60,VISIT,5963,Random,OnArrival,5,46,21387,Node_890,44,0,18,44,18,,,,,,,,,
60,VISIT,5964,Random,OnArrival,5,56,21387,Node_869,42,0,20,42,20,,,,,,,,,
60,VISIT,5965,Random,OnArrival,5,35,21387,Node_864,42,0,25,42,25,,,,,,,,,
60,VISIT,5966,Random,OnArrival,5,34,21387,Node_865,40,0,25,40,25,,,,,,,,,
60,VISIT,5968,Random,OnArrival,5,30,21387,Node_904,41,0,16,41,16,,,,,,,,,
60,VISIT,5969,Random,OnArrival,5,1,21387,Node_2,19,0,11,19,11,,,,,,,,,
60,VISIT,5970,Random,OnArrival,5,1,21387,Node_3,19,0,9,19,9,,,,,,,,,
60,VISIT,5971,Random,OnArrival,5,1,21387,Node_4,18,0,10,18,10,,,,,,,,,
60,VISIT,5972,Random,OnArrival,5,1,21387,Node_13,21,0,11,21,11,,,,,,,,,
60,VISIT,5961,Random,OnArrival,5,53,21391,Node_898,47,0,16,47,16,,,,,,,,,
60,VISIT,5963,Random,OnArrival,5,47,21391,Node_891,44,0,17,44,17,,,,,,,,,
60,VISIT,5964,Random,OnArrival,5,57,21391,Node_857,41,0,20,41,20,,,,,,,,,
60,VISIT,5965,Random,OnArrival,5,36,21391,Node_870,43,0,25,43,25,,,,,,,,,
60,VISIT,5966,Random,OnArrival,5,35,21391,Node_867,41,0,25,41,25,,,,,,,,,
60,VISIT,5968,Random,OnArrival,5,31,21391,Node_879,42,0,16,42,16,,,,,,,,,
60,VISIT,5969,Random,OnArrival,5,2,21391,Node_38,20,0,11,20,11,,,,,,,,,
60,VISIT,5970,Random,OnArrival,5,2,21391,Node_48,20,0,9,20,9,,,,,,,,,
60,VISIT,5971,Random,OnArrival,5,2,21391,Node_14,18,0,11,18,11,,,,,,,,,
60,VISIT,5972,Random,OnArrival,5,2,21391,Node_59,22,0,11,22,11,,,,,,,,,
60,VISIT,5961,Random,OnArrival,5,54,21395,Node_899,46,0,16,46,16,,,,,,,,,
60,VISIT,5962,Random,OnArrival,5,47,21395,Node_902,46,0,18,46,18,,,,,,,,,
60,VISIT,5963,Random,OnArrival,5,48,21395,Node_893,44,0,16,44,16,,,,,,,,,
60,VISIT,5964,Random,OnArrival,5,58,21395,Node_855,41,0,19,41,19,,,,,,,,,
60,VISIT,5966,Random,OnArrival,5,36,21395,Node_864,42,0,25,42,25,,,,,,,,,
60,VISIT,5969,Random,OnArrival,5,3,21395,Node_13,21,0,11,21,11,,,,,,,,,
60,VISIT,5970,Random,OnArrival,5,3,21395,Node_47,21,0,9,21,9,,,,,,,,,
60,VISIT,5971,Random,OnArrival,5,3,21395,Node_2,19,0,11,19,11,,,,,,,,,
60,VISIT,5972,Random,OnArrival,5,3,21395,Node_62,23,0,11,23,11,,,,,,,,,
60,VISIT,5962,Random,OnArrival,5,48,21399,Node_900,46,0,17,46,17,,,,,,,,,
60,VISIT,5963,Random,OnArrival,5,49,21399,Node_878,43,0,16,43,16,,,,,,,,,
60,VISIT,5964,Random,OnArrival,5,59,21399,Node_866,41,0,18,41,18,,,,,,,,,
60,VISIT,5966,Random,OnArrival,5,37,21399,Node_870,43,0,25,43,25,,,,,,,,,
60,VISIT,5968,Random,OnArrival,5,32,21399,Node_880,42,0,14,42,14,,,,,,,,,
60,VISIT,5969,Random,OnArrival,5,4,21399,Node_59,22,0,11,22,11,,,,,,,,,
60,VISIT,5970,Random,OnArrival,5,4,21399,Node_58,22,0,9,22,9,,,,,,,,,
60,VISIT,5971,Random,OnArrival,5,4,21399,Node_38,20,0,11,20,11,,,,,,,,,
60,VISIT,5972,Random,OnArrival,5,4,21399,Node_63,23,0,12,23,12,,,,,,,,,
60,VISIT,5962,Random,OnArrival,5,49,21403,Node_899,46,0,16,46,16,,,,,,,,,
60,VISIT,5963,Random,OnArrival,5,50,21403,Node_879,42,0,16,42,16,,,,,,,,,
60,VISIT,5964,Random,OnArrival,5,60,21403,Node_905,41,0,17,41,17,,,,,,,,,
60,VISIT,5968,Random,OnArrival,5,33,21403,Node_903,41,0,14,41,14,,,,,,,,,
60,VISIT,5969,Random,OnArrival,5,5,21403,Node_62,23,0,11,23,11,,,,,,,,,
60,VISIT,5970,Random,OnArrival,5,5,21403,Node_89,23,0,9,23,9,,,,,,,,,
60,VISIT,5971,Random,OnArrival,5,5,21403,Node_13,21,0,11,21,11,,,,,,,,,
60,VISIT,5972,Random,OnArrival,5,5,21403,Node_64,24,0,12,24,12,,,,,,,,,
60,VISIT,5964,Random,OnArrival,5,61,21407,Node_904,41,0,16,41,16,,,,,,,,,
60,VISIT,5968,Random,OnArrival,5,34,21407,Node_880,42,0,14,42,14,,,,,,,,,
60,VISIT,5969,Random,OnArrival,5,6,21407,Node_63,23,0,12,23,12,,,,,,,,,
60,VISIT,5971,Random,OnArrival,5,6,21407,Node_59,22,0,11,22,11,,,,,,,,,
60,VISIT,5972,Random,OnArrival,5,6,21407,Node_65,24,0,13,24,13,,,,,,,,,
60,VISIT,5962,Random,OnArrival,5,50,21412,Node_914,46,0,14,46,14,,,,,,,,,
60,VISIT,5963,Random,OnArrival,5,51,21412,Node_880,42,0,14,42,14,,,,,,,,,
60,VISIT,5964,Random,OnArrival,5,62,21412,Node_879,42,0,16,42,16,,,,,,,,,
60,VISIT,5965,Random,OnArrival,5,37,21412,Node_888,48,0,25,48,25,,,,,,,,,
60,VISIT,5969,Random,OnArrival,5,7,21412,Node_64,24,0,12,24,12,,,,,,,,,
60,VISIT,5970,Random,OnArrival,5,6,21412,Node_174,25,0,9,25,9,,,,,,,,,
60,VISIT,5971,Random,OnArrival,5,7,21412,Node_62,23,0,11,23,11,,,,,,,,,
60,VISIT,5972,Random,OnArrival,5,7,21412,Node_107,25,0,13,25,13,,,,,,,,,
60,VISIT,5963,Random,OnArrival,5,52,21416,Node_919,43,0,14,43,14,,,,,,,,,
60,VISIT,5969,Random,OnArrival,5,8,21416,Node_65,24,0,13,24,13,,,,,,,,,
60,VISIT,5970,Random,OnArrival,5,7,21416,Node_197,26,0,9,26,9,,,,,,,,,
60,VISIT,5971,Random,OnArrival,5,8,21416,Node_63,23,0,12,23,12,,,,,,,,,
60,VISIT,5972,Random,OnArrival,5,8,21416,Node_172,26,0,13,26,13,,,,,,,,,
60,VISIT,5963,Random,OnArrival,5,53,21420,Node_921,43,0,13,43,13,,,,,,,,,
60,VISIT,5964,Random,OnArrival,5,63,21420,Node_880,42,0,14,42,14,,,,,,,,,
60,VISIT,5966,Random,OnArrival,5,38,21420,Node_888,48,0,25,48,25,,,,,,,,,
60,VISIT,5968,Random,OnArrival,5,35,21420,Node_881,42,0,13,42,13,,,,,,,,,
60,VISIT,5969,Random,OnArrival,5,9,21420,Node_107,25,0,13,25,13,,,,,,,,,
60,VISIT,5970,Random,OnArrival,5,8,21420,Node_237,27,0,9,27,9,,,,,,,,,
60,VISIT,5971,Random,OnArrival,5,9,21420,Node_64,24,0,12,24,12,,,,,,,,,
60,VISIT,5972,Random,OnArrival,5,9,21420,Node_241,27,0,13,27,13,,,,,,,,,
60,VISIT,5963,Random,OnArrival,5,54,21424,Node_881,42,0,13,42,13,,,,,,,,,
60,VISIT,5964,Random,OnArrival,5,64,21424,Node_881,42,0,13,42,13,,,,,,,,,
60,VISIT,5969,Random,OnArrival,5,10,21424,Node_172,26,0,13,26,13,,,,,,,,,
60,VISIT,5970,Random,OnArrival,5,9,21424,Node_238,27,0,10,27,10,,,,,,,,,
60,VISIT,5971,Random,OnArrival,5,10,21424,Node_65,24,0,13,24,13,,,,,,,,,
60,VISIT,5972,Random,OnArrival,5,10,21424,Node_254,28,0,13,28,13,,,,,,,,,
60,VISIT,5963,Random,OnArrival,5,55,21428,Node_901,41,0,13,41,13,,,,,,,,,
60,VISIT,5965,Random,OnArrival,5,38,21428,Node_892,48,0,21,48,21,,,,,,,,,
60,VISIT,5968,Random,OnArrival,5,36,21428,Node_906,42,0,11,42,11,,,,,,,,,
60,VISIT,5969,Random,OnArrival,5,11,21428,Node_241,27,0,13,27,13,,,,,,,,,
60,VISIT,5970,Random,OnArrival,5,10,21428,Node_239,27,0,11,27,11,,,,,,,,,
60,VISIT,5971,Random,OnArrival,5,11,21428,Node_107,25,0,13,25,13,,,,,,,,,
60,VISIT,5963,Random,OnArrival,5,56,21434,Node_839,40,0,13,40,13,,,,,,,,,
60,VISIT,5964,Random,OnArrival,5,65,21434,Node_906,42,0,11,42,11,,,,,,,,,
60,VISIT,5965,Random,OnArrival,5,39,21434,Node_894,48,0,20,48,20,,,,,,,,,
60,VISIT,5969,Random,OnArrival,5,12,21434,Node_254,28,0,13,28,13,,,,,,,,,
60,VISIT,5970,Random,OnArrival,5,11,21434,Node_240,27,0,12,27,12,,,,,,,,,
60,VISIT,5971,Random,OnArrival,5,12,21434,Node_172,26,0,13,26,13,,,,,,,,,
60,VISIT,5972,Random,OnArrival,5,11,21434,Node_263,30,0,13,30,13,,,,,,,,,
60,VISIT,5963,Random,OnArrival,5,57,21440,Node_840,39,0,13,39,13,,,,,,,,,
60,VISIT,5964,Random,OnArrival,5,66,21440,Node_922,43,0,11,43,11,,,,,,,,,
60,VISIT,5966,Random,OnArrival,5,39,21440,Node_892,48,0,21,48,21,,,,,,,,,
60,VISIT,5970,Random,OnArrival,5,12,21440,Node_241,27,0,13,27,13,,,,,,,,,
60,VISIT,5971,Random,OnArrival,5,13,21440,Node_241,27,0,13,27,13,,,,,,,,,
60,VISIT,5972,Random,OnArrival,5,12,21440,Node_736,31,0,13,31,13,,,,,,,,,
60,VISIT,5963,Random,OnArrival,5,58,21448,Node_833,38,0,13,38,13,,,,,,,,,
60,VISIT,5964,Random,OnArrival,5,67,21448,Node_923,43,0,10,43,10,,,,,,,,,
60,VISIT,5965,Random,OnArrival,5,40,21448,Node_895,48,0,18,48,18,,,,,,,,,
60,VISIT,5966,Random,OnArrival,5,40,21448,Node_894,48,0,20,48,20,,,,,,,,,
60,VISIT,5969,Random,OnArrival,5,13,21448,Node_263,30,0,13,30,13,,,,,,,,,
60,VISIT,5970,Random,OnArrival,5,13,21448,Node_254,28,0,13,28,13,,,,,,,,,
60,VISIT,5971,Random,OnArrival,5,14,21448,Node_254,28,0,13,28,13,,,,,,,,,
60,VISIT,5972,Random,OnArrival,5,13,21448,Node_743,31,0,12,31,12,,,,,,,,,
60,VISIT,5963,Random,OnArrival,5,59,21457,Node_835,38,0,12,38,12,,,,,,,,,
60,VISIT,5964,Random,OnArrival,5,68,21457,Node_924,43,0,9,43,9,,,,,,,,,
60,VISIT,5965,Random,OnArrival,5,41,21457,Node_896,47,0,18,47,18,,,,,,,,,
60,VISIT,5968,Random,OnArrival,5,37,21457,Node_908,42,0,9,42,9,,,,,,,,,
60,VISIT,5969,Random,OnArrival,5,14,21457,Node_736,31,0,13,31,13,,,,,,,,,
60,VISIT,5972,Random,OnArrival,5,14,21457,Node_740,31,0,11,31,11,,,,,,,,,
60,VISIT,5963,Random,OnArrival,5,60,21471,Node_837,38,0,11,38,11,,,,,,,,,
60,VISIT,5964,Random,OnArrival,5,69,21471,Node_908,42,0,9,42,9,,,,,,,,,
60,VISIT,5965,Random,OnArrival,5,42,21471,Node_897,47,0,17,47,17,,,,,,,,,
60,VISIT,5966,Random,OnArrival,5,41,21471,Node_895,48,0,18,48,18,,,,,,,,,
60,VISIT,5968,Random,OnArrival,5,38,21471,Node_909,41,0,9,41,9,,,,,,,,,
60,VISIT,5969,Random,OnArrival,5,15,21471,Node_743,31,0,12,31,12,,,,,,,,,
60,VISIT,5970,Random,OnArrival,5,14,21471,Node_263,30,0,13,30,13,,,,,,,,,
60,VISIT,5971,Random,OnArrival,5,15,21471,Node_263,30,0,13,30,13,,,,,,,,,
60,VISIT,5972,Random,OnArrival,5,15,21471,Node_754,32,0,11,32,11,,,,,,,,,
60,VISIT,5963,Random,OnArrival,5,61,21484,Node_843,37,0,11,37,11,,,,,,,,,
60,VISIT,5964,Random,OnArrival,5,70,21484,Node_909,41,0,9,41,9,,,,,,,,,
60,VISIT,5965,Random,OnArrival,5,43,21484,Node_898,47,0,16,47,16,,,,,,,,,
60,VISIT,5966,Random,OnArrival,5,42,21484,Node_896,47,0,18,47,18,,,,,,,,,
60,VISIT,5968,Random,OnArrival,5,39,21484,Node_912,40,0,9,40,9,,,,,,,,,
60,VISIT,5969,Random,OnArrival,5,16,21484,Node_740,31,0,11,31,11,,,,,,,,,
60,VISIT,5970,Random,OnArrival,5,15,21484,Node_736,31,0,13,31,13,,,,,,,,,
60,VISIT,5971,Random,OnArrival,5,16,21484,Node_736,31,0,13,31,13,,,,,,,,,
60,VISIT,5963,Random,OnArrival,5,62,21498,Node_844,37,0,10,37,10,,,,,,,,,
60,VISIT,5964,Random,OnArrival,5,71,21498,Node_912,40,0,9,40,9,,,,,,,,,
60,VISIT,5965,Random,OnArrival,5,44,21498,Node_899,46,0,16,46,16,,,,,,,,,
60,VISIT,5966,Random,OnArrival,5,43,21498,Node_897,47,0,17,47,17,,,,,,,,,
60,VISIT,5968,Random,OnArrival,5,40,21498,Node_909,41,0,9,41,9,,,,,,,,,
60,VISIT,5969,Random,OnArrival,5,17,21498,Node_754,32,0,11,32,11,,,,,,,,,
60,VISIT,5970,Random,OnArrival,5,16,21498,Node_743,31,0,12,31,12,,,,,,,,,
60,VISIT,5971,Random,OnArrival,5,17,21498,Node_743,31,0,12,31,12,,,,,,,,,
60,VISIT,5972,Random,OnArrival,5,16,21498,Node_779,34,0,11,34,11,,,,,,,,,
60,VISIT,5964,Random,OnArrival,5,72,21512,Node_909,41,0,9,41,9,,,,,,,,,
60,VISIT,5966,Random,OnArrival,5,44,21512,Node_898,47,0,16,47,16,,,,,,,,,
60,VISIT,5968,Random,OnArrival,5,41,21512,Node_908,42,0,9,42,9,,,,,,,,,
60,VISIT,5970,Random,OnArrival,5,17,21512,Node_740,31,0,11,31,11,,,,,,,,,
60,VISIT,5971,Random,OnArrival,5,18,21512,Node_740,31,0,11,31,11,,,,,,,,,
60,VISIT,5972,Random,OnArrival,5,17,21512,Node_777,34,0,10,34,10,,,,,,,,,
60,VISIT,5964,Random,OnArrival,5,73,21526,Node_908,42,0,9,42,9,,,,,,,,,
60,VISIT,5965,Random,OnArrival,5,45,21526,Node_914,46,0,14,46,14,,,,,,,,,
60,VISIT,5966,Random,OnArrival,5,45,21526,Node_899,46,0,16,46,16,,,,,,,,,
60,VISIT,5968,Random,OnArrival,5,42,21526,Node_907,42,0,10,42,10,,,,,,,,,
60,VISIT,5969,Random,OnArrival,5,18,21526,Node_779,34,0,11,34,11,,,,,,,,,
60,VISIT,5970,Random,OnArrival,5,18,21526,Node_754,32,0,11,32,11,,,,,,,,,
60,VISIT,5971,Random,OnArrival,5,19,21526,Node_754,32,0,11,32,11,,,,,,,,,
60,VISIT,5972,Random,OnArrival,5,18,21526,Node_815,35,0,10,35,10,,,,,,,,,
60,VISIT,5963,Random,OnArrival,5,63,21539,Node_817,35,0,9,35,9,,,,,,,,,
60,VISIT,5964,Random,OnArrival,5,74,21539,Node_907,42,0,10,42,10,,,,,,,,,
60,VISIT,5968,Random,OnArrival,5,43,21539,Node_910,41,0,10,41,10,,,,,,,,,
60,VISIT,5969,Random,OnArrival,5,19,21539,Node_777,34,0,10,34,10,,,,,,,,,
60,VISIT,5972,Random,OnArrival,5,19,21539,Node_925,36,0,10,36,10,,,,,,,,,
60,VISIT,5963,Random,OnArrival,5,64,21552,Node_926,36,0,9,36,9,,,,,,,,,
60,VISIT,5964,Random,OnArrival,5,75,21552,Node_910,41,0,10,41,10,,,,,,,,,
60,VISIT,5966,Random,OnArrival,5,46,21552,Node_914,46,0,14,46,14,,,,,,,,,
60,VISIT,5968,Random,OnArrival,5,44,21552,Node_909,41,0,9,41,9,,,,,,,,,
60,VISIT,5969,Random,OnArrival,5,20,21552,Node_775,34,0,9,34,9,,,,,,,,,
60,VISIT,5970,Random,OnArrival,5,19,21552,Node_779,34,0,11,34,11,,,,,,,,,
60,VISIT,5971,Random,OnArrival,5,20,21552,Node_779,34,0,11,34,11,,,,,,,,,
60,VISIT,5972,Random,OnArrival,5,20,21552,Node_844,37,0,10,37,10,,,,,,,,,
60,VISIT,5963,Random,OnArrival,5,65,21565,Node_845,37,0,9,37,9,,,,,,,,,
60,VISIT,5964,Random,OnArrival,5,76,21565,Node_909,41,0,9,41,9,,,,,,,,,
60,VISIT,5965,Random,OnArrival,5,46,21565,Node_916,46,0,13,46,13,,,,,,,,,
60,VISIT,5966,Random,OnArrival,5,47,21565,Node_916,46,0,13,46,13,,,,,,,,,
60,VISIT,5968,Random,OnArrival,5,45,21565,Node_908,42,0,9,42,9,,,,,,,,,
60,VISIT,5969,Random,OnArrival,5,21,21565,Node_777,34,0,10,34,10,,,,,,,,,
60,VISIT,5970,Random,OnArrival,5,20,21565,Node_777,34,0,10,34,10,,,,,,,,,
60,VISIT,5971,Random,OnArrival,5,21,21565,Node_777,34,0,10,34,10,,,,,,,,,
60,VISIT,5972,Random,OnArrival,5,21,21565,Node_845,37,0,9,37,9,,,,,,,,,
60,VISIT,5964,Random,OnArrival,5,77,21579,Node_908,42,0,9,42,9,,,,,,,,,
60,VISIT,5965,Random,OnArrival,5,47,21579,Node_914,46,0,14,46,14,,,,,,,,,
60,VISIT,5966,Random,OnArrival,5,48,21579,Node_918,45,0,13,45,13,,,,,,,,,
60,VISIT,5968,Random,OnArrival,5,46,21579,Node_924,43,0,9,43,9,,,,,,,,,
60,VISIT,5969,Random,OnArrival,5,22,21579,Node_775,34,0,9,34,9,,,,,,,,,
60,VISIT,5970,Random,OnArrival,5,21,21579,Node_775,34,0,9,34,9,,,,,,,,,
60,VISIT,5971,Random,OnArrival,5,22,21579,Node_775,34,0,9,34,9,,,,,,,,,
60,VISIT,5964,Random,OnArrival,5,78,21593,Node_924,43,0,9,43,9,,,,,,,,,
60,VISIT,5965,Random,OnArrival,5,48,21593,Node_927,47,0,14,47,14,,,,,,,,,
60,VISIT,5966,Random,OnArrival,5,49,21593,Node_920,45,0,14,45,14,,,,,,,,,
60,VISIT,5969,Random,OnArrival,5,23,21593,Node_817,35,0,9,35,9,,,,,,,,,
60,VISIT,5970,Random,OnArrival,5,22,21593,Node_817,35,0,9,35,9,,,,,,,,,
60,VISIT,5971,Random,OnArrival,5,23,21593,Node_773,34,0,8,34,8,,,,,,,,,
60,VISIT,5964,Random,OnArrival,5,79,21607,Node_931,44,0,9,44,9,,,,,,,,,
60,VISIT,5969,Random,OnArrival,5,24,21607,Node_926,36,0,9,36,9,,,,,,,,,
60,VISIT,5970,Random,OnArrival,5,23,21607,Node_926,36,0,9,36,9,,,,,,,,,
60,VISIT,5971,Random,OnArrival,5,24,21607,Node_771,33,0,8,33,8,,,,,,,,,
60,VISIT,5969,Random,OnArrival,5,25,21621,Node_845,37,0,9,37,9,,,,,,,,,
60,VISIT,5970,Random,OnArrival,5,24,21621,Node_845,37,0,9,37,9,,,,,,,,,
60,VISIT,5971,Random,OnArrival,5,25,21621,Node_769,33,0,7,33,7,,,,,,,,,
60,VISIT,5966,Random,OnArrival,5,50,21634,Node_921,43,0,13,43,13,,,,,,,,,
60,VISIT,5969,Random,OnArrival,5,26,21634,Node_929,37,0,8,37,8,,,,,,,,,
60,VISIT,5970,Random,OnArrival,5,25,21634,Node_929,37,0,8,37,8,,,,,,,,,
60,VISIT,5971,Random,OnArrival,5,26,21634,Node_795,33,0,6,33,6,,,,,,,,,
60,VISIT,5966,Random,OnArrival,5,51,21648,Node_881,42,0,13,42,13,,,,,,,,,
60,VISIT,5971,Random,OnArrival,5,27,21648,Node_828,33,0,5,33,5,,,,,,,,,
60,VISIT,5971,Random,OnArrival,5,28,21661,Node_792,32,0,5,32,5,,,,,,,,,
60,VISIT,5966,Random,OnArrival,5,52,21674,Node_906,42,0,11,42,11,,,,,,,,,
60,VISIT,5971,Random,OnArrival,5,29,21674,Node_828,33,0,5,33,5,,,,,,,,,
60,VISIT,5966,Random,OnArrival,5,53,21687,Node_922,43,0,11,43,11,,,,,,,,,
60,VISIT,5971,Random,OnArrival,5,30,21687,Node_830,33,0,4,33,4,,,,,,,,,
60,VISIT,5966,Random,OnArrival,5,54,21700,Node_923,43,0,10,43,10,,,,,,,,,
60,VISIT,5969,Random,OnArrival,5,27,21700,Node_935,37,0,5,37,5,,,,,,,,,
60,VISIT,5970,Random,OnArrival,5,26,21700,Node_935,37,0,5,37,5,,,,,,,,,
60,VISIT,5971,Random,OnArrival,5,31,21700,Node_790,32,0,4,32,4,,,,,,,,,
60,VISIT,5966,Random,OnArrival,5,55,21713,Node_907,42,0,10,42,10,,,,,,,,,
60,VISIT,5969,Random,OnArrival,5,28,21713,Node_939,37,0,4,37,4,,,,,,,,,
60,VISIT,5970,Random,OnArrival,5,27,21713,Node_939,37,0,4,37,4,,,,,,,,,
60,VISIT,5971,Random,OnArrival,5,32,21713,Node_830,33,0,4,33,4,,,,,,,,,
60,VISIT,5966,Random,OnArrival,5,56,21726,Node_906,42,0,11,42,11,,,,,,,,,
60,VISIT,5973,Random,OnArrival,5,0,21749,Node_6,19,0,12,19,12,,,,,,,,,
60,VISIT,5974,Random,OnArrival,5,0,21749,Node_7,19,0,8,19,8,,,,,,,,,
60,VISIT,5975,Random,OnArrival,5,0,21749,Node_8,17,0,10,17,10,,,,,,,,,
60,VISIT,5976,Random,OnArrival,5,0,21749,Node_9,21,0,10,21,10,,,,,,,,,
60,VISIT,5965,Random,OnArrival,5,49,21752,Node_961,48,0,5,48,5,,,,,,,,,
60,VISIT,5966,Random,OnArrival,5,57,21752,Node_881,42,0,13,42,13,,,,,,,,,
60,VISIT,5973,Random,OnArrival,5,1,21753,Node_2,19,0,11,19,11,,,,,,,,,
60,VISIT,5974,Random,OnArrival,5,1,21753,Node_3,19,0,9,19,9,,,,,,,,,
60,VISIT,5975,Random,OnArrival,5,1,21753,Node_4,18,0,10,18,10,,,,,,,,,
60,VISIT,5976,Random,OnArrival,5,1,21753,Node_13,21,0,11,21,11,,,,,,,,,
60,VISIT,5966,Random,OnArrival,5,58,21757,Node_921,43,0,13,43,13,,,,,,,,,
60,VISIT,5973,Random,OnArrival,5,2,21757,Node_38,20,0,11,20,11,,,,,,,,,
60,VISIT,5974,Random,OnArrival,5,2,21757,Node_48,20,0,9,20,9,,,,,,,,,
60,VISIT,5975,Random,OnArrival,5,2,21757,Node_14,18,0,11,18,11,,,,,,,,,
60,VISIT,5976,Random,OnArrival,5,2,21757,Node_59,22,0,11,22,11,,,,,,,,,
60,VISIT,5966,Random,OnArrival,5,59,21761,Node_938,44,0,13,44,13,,,,,,,,,
60,VISIT,5969,Random,OnArrival,5,29,21761,Node_963,34,0,4,34,4,,,,,,,,,
60,VISIT,5970,Random,OnArrival,5,28,21761,Node_963,34,0,4,34,4,,,,,,,,,
60,VISIT,5973,Random,OnArrival,5,3,21761,Node_13,21,0,11,21,11,,,,,,,,,
60,VISIT,5974,Random,OnArrival,5,3,21761,Node_47,21,0,9,21,9,,,,,,,,,
60,VISIT,5975,Random,OnArrival,5,3,21761,Node_2,19,0,11,19,11,,,,,,,,,
60,VISIT,5976,Random,OnArrival,5,3,21761,Node_62,23,0,11,23,11,,,,,,,,,
60,VISIT,5966,Random,OnArrival,5,60,21765,Node_918,45,0,13,45,13,,,,,,,,,
60,VISIT,5969,Random,OnArrival,5,30,21765,Node_973,35,0,4,35,4,,,,,,,,,
60,VISIT,5970,Random,OnArrival,5,29,21765,Node_973,35,0,4,35,4,,,,,,,,,
60,VISIT,5973,Random,OnArrival,5,4,21765,Node_59,22,0,11,22,11,,,,,,,,,
60,VISIT,5974,Random,OnArrival,5,4,21765,Node_58,22,0,9,22,9,,,,,,,,,
60,VISIT,5975,Random,OnArrival,5,4,21765,Node_38,20,0,11,20,11,,,,,,,,,
60,VISIT,5976,Random,OnArrival,5,4,21765,Node_63,23,0,12,23,12,,,,,,,,,
60,VISIT,5966,Random,OnArrival,5,61,21769,Node_916,46,0,13,46,13,,,,,,,,,
60,VISIT,5969,Random,OnArrival,5,31,21769,Node_962,36,0,4,36,4,,,,,,,,,
60,VISIT,5970,Random,OnArrival,5,30,21769,Node_962,36,0,4,36,4,,,,,,,,,
60,VISIT,5973,Random,OnArrival,5,5,21769,Node_62,23,0,11,23,11,,,,,,,,,
60,VISIT,5974,Random,OnArrival,5,5,21769,Node_89,23,0,9,23,9,,,,,,,,,
60,VISIT,5975,Random,OnArrival,5,5,21769,Node_13,21,0,11,21,11,,,,,,,,,
60,VISIT,5976,Random,OnArrival,5,5,21769,Node_64,24,0,12,24,12,,,,,,,,,
60,VISIT,5966,Random,OnArrival,5,62,21773,Node_928,47,0,13,47,13,,,,,,,,,
60,VISIT,5969,Random,OnArrival,5,32,21773,Node_939,37,0,4,37,4,,,,,,,,,
60,VISIT,5970,Random,OnArrival,5,31,21773,Node_939,37,0,4,37,4,,,,,,,,,
60,VISIT,5973,Random,OnArrival,5,6,21773,Node_63,23,0,12,23,12,,,,,,,,,
60,VISIT,5975,Random,OnArrival,5,6,21773,Node_59,22,0,11,22,11,,,,,,,,,
60,VISIT,5976,Random,OnArrival,5,6,21773,Node_65,24,0,13,24,13,,,,,,,,,
60,VISIT,5966,Random,OnArrival,5,63,21777,Node_937,48,0,13,48,13,,,,,,,,,
60,VISIT,5969,Random,OnArrival,5,33,21777,Node_941,37,0,3,37,3,,,,,,,,,
60,VISIT,5970,Random,OnArrival,5,32,21777,Node_941,37,0,3,37,3,,,,,,,,,
60,VISIT,5973,Random,OnArrival,5,7,21777,Node_64,24,0,12,24,12,,,,,,,,,
60,VISIT,5974,Random,OnArrival,5,6,21777,Node_174,25,0,9,25,9,,,,,,,,,
60,VISIT,5975,Random,OnArrival,5,7,21777,Node_62,23,0,11,23,11,,,,,,,,,
60,VISIT,5976,Random,OnArrival,5,7,21777,Node_107,25,0,13,25,13,,,,,,,,,
60,VISIT,5969,Random,OnArrival,5,34,21781,Node_967,36,0,3,36,3,,,,,,,,,
60,VISIT,5970,Random,OnArrival,5,33,21781,Node_967,36,0,3,36,3,,,,,,,,,
60,VISIT,5973,Random,OnArrival,5,8,21781,Node_65,24,0,13,24,13,,,,,,,,,
60,VISIT,5974,Random,OnArrival,5,7,21781,Node_197,26,0,9,26,9,,,,,,,,,
60,VISIT,5975,Random,OnArrival,5,8,21781,Node_63,23,0,12,23,12,,,,,,,,,
60,VISIT,5976,Random,OnArrival,5,8,21781,Node_172,26,0,13,26,13,,,,,,,,,
60,VISIT,5969,Random,OnArrival,5,35,21785,Node_962,36,0,4,36,4,,,,,,,,,
60,VISIT,5970,Random,OnArrival,5,34,21785,Node_941,37,0,3,37,3,,,,,,,,,
60,VISIT,5973,Random,OnArrival,5,9,21785,Node_107,25,0,13,25,13,,,,,,,,,
60,VISIT,5974,Random,OnArrival,5,8,21785,Node_237,27,0,9,27,9,,,,,,,,,
60,VISIT,5975,Random,OnArrival,5,9,21785,Node_64,24,0,12,24,12,,,,,,,,,
60,VISIT,5976,Random,OnArrival,5,9,21785,Node_241,27,0,13,27,13,,,,,,,,,
60,VISIT,5966,Random,OnArrival,5,64,21789,Node_946,48,0,10,48,10,,,,,,,,,
60,VISIT,5969,Random,OnArrival,5,36,21789,Node_939,37,0,4,37,4,,,,,,,,,
60,VISIT,5973,Random,OnArrival,5,10,21789,Node_172,26,0,13,26,13,,,,,,,,,
60,VISIT,5974,Random,OnArrival,5,9,21789,Node_238,27,0,10,27,10,,,,,,,,,
60,VISIT,5975,Random,OnArrival,5,10,21789,Node_65,24,0,13,24,13,,,,,,,,,
60,VISIT,5976,Random,OnArrival,5,10,21789,Node_254,28,0,13,28,13,,,,,,,,,
60,VISIT,5969,Random,OnArrival,5,37,21793,Node_935,37,0,5,37,5,,,,,,,,,
60,VISIT,5973,Random,OnArrival,5,11,21793,Node_241,27,0,13,27,13,,,,,,,,,
60,VISIT,5974,Random,OnArrival,5,10,21793,Node_239,27,0,11,27,11,,,,,,,,,
60,VISIT,5975,Random,OnArrival,5,11,21793,Node_107,25,0,13,25,13,,,,,,,,,
60,VISIT,5969,Random,OnArrival,5,38,21798,Node_932,37,0,6,37,6,,,,,,,,,
60,VISIT,5973,Random,OnArrival,5,12,21798,Node_254,28,0,13,28,13,,,,,,,,,
60,VISIT,5974,Random,OnArrival,5,11,21798,Node_240,27,0,12,27,12,,,,,,,,,
60,VISIT,5975,Random,OnArrival,5,12,21798,Node_172,26,0,13,26,13,,,,,,,,,
60,VISIT,5976,Random,OnArrival,5,11,21798,Node_263,30,0,13,30,13,,,,,,,,,
60,VISIT,5969,Random,OnArrival,5,39,21802,Node_951,38,0,6,38,6,,,,,,,,,
60,VISIT,5974,Random,OnArrival,5,12,21802,Node_241,27,0,13,27,13,,,,,,,,,
60,VISIT,5975,Random,OnArrival,5,13,21802,Node_241,27,0,13,27,13,,,,,,,,,
60,VISIT,5976,Random,OnArrival,5,12,21802,Node_736,31,0,13,31,13,,,,,,,,,
60,VISIT,5966,Random,OnArrival,5,65,21808,Node_953,48,0,8,48,8,,,,,,,,,
60,VISIT,5969,Random,OnArrival,5,40,21808,Node_954,38,0,5,38,5,,,,,,,,,
60,VISIT,5973,Random,OnArrival,5,13,21808,Node_263,30,0,13,30,13,,,,,,,,,
60,VISIT,5974,Random,OnArrival,5,13,21808,Node_254,28,0,13,28,13,,,,,,,,,
60,VISIT,5975,Random,OnArrival,5,14,21808,Node_254,28,0,13,28,13,,,,,,,,,
60,VISIT,5976,Random,OnArrival,5,13,21808,Node_749,32,0,13,32,13,,,,,,,,,
60,VISIT,5966,Random,OnArrival,5,66,21812,Node_991,47,0,8,47,8,,,,,,,,,
60,VISIT,5969,Random,OnArrival,5,41,21812,Node_935,37,0,5,37,5,,,,,,,,,
60,VISIT,5973,Random,OnArrival,5,14,21812,Node_736,31,0,13,31,13,,,,,,,,,
60,VISIT,5966,Random,OnArrival,5,67,21823,Node_989,47,0,9,47,9,,,,,,,,,
60,VISIT,5969,Random,OnArrival,5,42,21823,Node_939,37,0,4,37,4,,,,,,,,,
60,VISIT,5973,Random,OnArrival,5,15,21823,Node_749,32,0,13,32,13,,,,,,,,,
60,VISIT,5974,Random,OnArrival,5,14,21823,Node_263,30,0,13,30,13,,,,,,,,,
60,VISIT,5975,Random,OnArrival,5,15,21823,Node_263,30,0,13,30,13,,,,,,,,,
60,VISIT,5976,Random,OnArrival,5,14,21823,Node_756,34,0,13,34,13,,,,,,,,,
60,VISIT,5969,Random,OnArrival,5,43,21828,Node_941,37,0,3,37,3,,,,,,,,,
60,VISIT,5974,Random,OnArrival,5,15,21828,Node_736,31,0,13,31,13,,,,,,,,,
60,VISIT,5975,Random,OnArrival,5,16,21828,Node_736,31,0,13,31,13,,,,,,,,,
60,VISIT,5976,Random,OnArrival,5,15,21828,Node_794,35,0,13,35,13,,,,,,,,,
60,VISIT,5969,Random,OnArrival,5,44,21835,Node_986,38,0,3,38,3,,,,,,,,,
60,VISIT,5973,Random,OnArrival,5,16,21835,Node_756,34,0,13,34,13,,,,,,,,,
60,VISIT,5974,Random,OnArrival,5,16,21835,Node_749,32,0,13,32,13,,,,,,,,,
60,VISIT,5975,Random,OnArrival,5,17,21835,Node_749,32,0,13,32,13,,,,,,,,,
60,VISIT,5966,Random,OnArrival,5,68,21842,Node_965,45,0,10,45,10,,,,,,,,,
60,VISIT,5970,Random,OnArrival,5,35,21842,Node_972,37,0,-5,37,-5,,,,,,,,,
60,VISIT,5973,Random,OnArrival,5,17,21842,Node_794,35,0,13,35,13,,,,,,,,,
60,VISIT,5976,Random,OnArrival,5,16,21842,Node_827,37,0,13,37,13,,,,,,,,,
60,VISIT,5966,Random,OnArrival,5,69,21853,Node_960,45,0,9,45,9,,,,,,,,,
60,VISIT,5969,Random,OnArrival,5,45,21853,Node_1,39,0,2,39,2,,,,,,,,,
60,VISIT,5970,Random,OnArrival,5,36,21853,Node_999,38,0,-5,38,-5,,,,,,,,,
60,VISIT,5974,Random,OnArrival,5,17,21853,Node_756,34,0,13,34,13,,,,,,,,,
60,VISIT,5975,Random,OnArrival,5,18,21853,Node_756,34,0,13,34,13,,,,,,,,,
60,VISIT,5976,Random,OnArrival,5,17,21853,Node_842,37,0,12,37,12,,,,,,,,,
60,SUMMARY,,Random,OnArrival,,,,,,,,,,39,2,1000,-1,1282676.000,7386,0,0.000,0.000
