RunID,RowType,PlayerID,UnknownSelectMode,TargetUpdateMode,UnknownReferenceDepth,StepIndex,Frame,NodeName,NodePosX,NodePosY,NodePosZ,CellX,CellZ,GoalCellX,GoalCellZ,NodesCreated,ShortestPathLen,TimeToGoal,TotalNodeVisits,TotalProcessMs,AvgProcessMs,MaxProcessMs
54,VISIT,5305,Random,OnArrival,5,0,166,Node_4,18,0,10,18,10,,,,,,,,,
54,VISIT,5306,Random,OnArrival,5,0,166,Node_4,18,0,10,18,10,,,,,,,,,
54,VISIT,5305,Random,OnArrival,5,1,204,Node_15,18,0,9,18,9,,,,,,,,,
54,VISIT,5306,Random,OnArrival,5,1,241,Node_2,19,0,11,19,11,,,,,,,,,
54,VISIT,5305,Random,OnArrival,5,2,279,Node_8,17,0,10,17,10,,,,,,,,,
54,VISIT,5306,Random,OnArrival,5,2,279,Node_14,18,0,11,18,11,,,,,,,,,
54,VISIT,5305,Random,OnArrival,5,3,316,Node_24,16,0,10,16,10,,,,,,,,,
54,VISIT,5306,Random,OnArrival,5,3,316,Node_12,17,0,11,17,11,,,,,,,,,
54,VISIT,5305,Random,OnArrival,5,4,354,Node_8,17,0,10,17,10,,,,,,,,,
54,VISIT,5306,Random,OnArrival,5,4,354,Node_21,16,0,11,16,11,,,,,,,,,
54,VISIT,5305,Random,OnArrival,5,5,391,Node_4,18,0,10,18,10,,,,,,,,,
54,VISIT,5306,Random,OnArrival,5,5,391,Node_28,15,0,11,15,11,,,,,,,,,
54,VISIT,5305,Random,OnArrival,5,6,428,Node_14,18,0,11,18,11,,,,,,,,,
54,VISIT,5305,Random,OnArrival,5,7,465,Node_4,18,0,10,18,10,,,,,,,,,
54,VISIT,5305,Random,OnArrival,5,8,502,Node_15,18,0,9,18,9,,,,,,,,,
54,VISIT,5305,Random,OnArrival,5,9,539,Node_3,19,0,9,19,9,,,,,,,,,
54,VISIT,5305,Random,OnArrival,5,10,576,Node_20,19,0,10,19,10,,,,,,,,,
54,VISIT,5305,Random,OnArrival,5,11,613,Node_5,20,0,10,20,10,,,,,,,,,
54,VISIT,5305,Random,OnArrival,5,12,833,Node_25,21,0,15,21,15,,,,,,,,,
54,VISIT,5309,Random,OnArrival,5,0,1879,Node_6,19,0,12,19,12,,,,,,,,,
54,VISIT,5310,Random,OnArrival,5,0,1879,Node_7,19,0,8,19,8,,,,,,,,,
54,VISIT,5311,Random,OnArrival,5,0,1879,Node_8,17,0,10,17,10,,,,,,,,,
54,VISIT,5312,Random,OnArrival,5,0,1879,Node_9,21,0,10,21,10,,,,,,,,,
54,VISIT,5309,Random,OnArrival,5,1,1916,Node_41,20,0,12,20,12,,,,,,,,,
54,VISIT,5311,Random,OnArrival,5,1,1916,Node_4,18,0,10,18,10,,,,,,,,,
54,VISIT,5309,Random,OnArrival,5,2,1952,Node_17,21,0,12,21,12,,,,,,,,,
54,VISIT,5311,Random,OnArrival,5,2,1952,Node_20,19,0,10,19,10,,,,,,,,,
54,VISIT,5309,Random,OnArrival,5,3,1987,Node_41,20,0,12,20,12,,,,,,,,,
54,VISIT,5310,Random,OnArrival,5,1,1987,Node_5,20,0,10,20,10,,,,,,,,,
54,VISIT,5311,Random,OnArrival,5,3,1987,Node_2,19,0,11,19,11,,,,,,,,,
54,VISIT,5309,Random,OnArrival,5,4,2023,Node_6,19,0,12,19,12,,,,,,,,,
54,VISIT,5310,Random,OnArrival,5,2,2023,Node_40,20,0,11,20,11,,,,,,,,,
54,VISIT,5311,Random,OnArrival,5,4,2023,Node_40,20,0,11,20,11,,,,,,,,,
54,VISIT,5309,Random,OnArrival,5,5,2058,Node_2,19,0,11,19,11,,,,,,,,,
54,VISIT,5310,Random,OnArrival,5,3,2058,Node_2,19,0,11,19,11,,,,,,,,,
54,VISIT,5311,Random,OnArrival,5,5,2058,Node_13,21,0,11,21,11,,,,,,,,,
54,VISIT,5309,Random,OnArrival,5,6,2093,Node_14,18,0,11,18,11,,,,,,,,,
54,VISIT,5310,Random,OnArrival,5,4,2093,Node_6,19,0,12,19,12,,,,,,,,,
54,VISIT,5309,Random,OnArrival,5,7,2129,Node_12,17,0,11,17,11,,,,,,,,,
54,VISIT,5310,Random,OnArrival,5,5,2129,Node_41,20,0,12,20,12,,,,,,,,,
54,VISIT,5309,Random,OnArrival,5,8,2165,Node_16,17,0,12,17,12,,,,,,,,,
54,VISIT,5310,Random,OnArrival,5,6,2165,Node_17,21,0,12,21,12,,,,,,,,,
54,VISIT,5309,Random,OnArrival,5,9,2200,Node_10,18,0,12,18,12,,,,,,,,,
54,VISIT,5310,Random,OnArrival,5,7,2200,Node_19,21,0,13,21,13,,,,,,,,,
54,VISIT,5309,Random,OnArrival,5,10,2234,Node_14,18,0,11,18,11,,,,,,,,,
54,VISIT,5310,Random,OnArrival,5,8,2234,Node_42,20,0,13,20,13,,,,,,,,,
54,VISIT,5309,Random,OnArrival,5,11,2268,Node_12,17,0,11,17,11,,,,,,,,,
54,VISIT,5310,Random,OnArrival,5,9,2268,Node_41,20,0,12,20,12,,,,,,,,,
54,VISIT,5309,Random,OnArrival,5,12,2303,Node_21,16,0,11,16,11,,,,,,,,,
54,VISIT,5310,Random,OnArrival,5,10,2303,Node_40,20,0,11,20,11,,,,,,,,,
54,VISIT,5309,Random,OnArrival,5,13,2337,Node_28,15,0,11,15,11,,,,,,,,,
54,VISIT,5310,Random,OnArrival,5,11,2337,Node_13,21,0,11,21,11,,,,,,,,,
54,VISIT,5311,Random,OnArrival,5,6,2337,Node_52,21,0,5,21,5,,,,,,,,,
54,VISIT,5309,Random,OnArrival,5,14,2373,Node_33,14,0,11,14,11,,,,,,,,,
54,VISIT,5310,Random,OnArrival,5,12,2373,Node_53,22,0,11,22,11,,,,,,,,,
54,VISIT,5311,Random,OnArrival,5,7,2373,Node_62,20,0,5,20,5,,,,,,,,,
54,VISIT,5309,Random,OnArrival,5,15,2580,Node_38,13,0,14,13,14,,,,,,,,,
54,VISIT,5313,Random,OnArrival,5,0,3534,Node_6,19,0,12,19,12,,,,,,,,,
54,VISIT,5314,Random,OnArrival,5,0,3534,Node_7,19,0,8,19,8,,,,,,,,,
54,VISIT,5315,Random,OnArrival,5,0,3534,Node_8,17,0,10,17,10,,,,,,,,,
54,VISIT,5316,Random,OnArrival,5,0,3534,Node_9,21,0,10,21,10,,,,,,,,,
54,VISIT,5313,Random,OnArrival,5,1,3567,Node_2,19,0,11,19,11,,,,,,,,,
54,VISIT,5314,Random,OnArrival,5,1,3567,Node_46,20,0,8,20,8,,,,,,,,,
54,VISIT,5315,Random,OnArrival,5,1,3567,Node_12,17,0,11,17,11,,,,,,,,,
54,VISIT,5316,Random,OnArrival,5,1,3567,Node_55,22,0,10,22,10,,,,,,,,,
54,VISIT,5313,Random,OnArrival,5,2,3601,Node_14,18,0,11,18,11,,,,,,,,,
54,VISIT,5314,Random,OnArrival,5,2,3601,Node_49,21,0,8,21,8,,,,,,,,,
54,VISIT,5315,Random,OnArrival,5,2,3601,Node_21,16,0,11,16,11,,,,,,,,,
54,VISIT,5313,Random,OnArrival,5,3,3634,Node_12,17,0,11,17,11,,,,,,,,,
54,VISIT,5314,Random,OnArrival,5,3,3634,Node_59,22,0,8,22,8,,,,,,,,,
54,VISIT,5315,Random,OnArrival,5,3,3634,Node_28,15,0,11,15,11,,,,,,,,,
54,VISIT,5316,Random,OnArrival,5,2,3634,Node_66,23,0,11,23,11,,,,,,,,,
54,VISIT,5313,Random,OnArrival,5,4,3668,Node_21,16,0,11,16,11,,,,,,,,,
54,VISIT,5314,Random,OnArrival,5,4,3668,Node_49,21,0,8,21,8,,,,,,,,,
54,VISIT,5315,Random,OnArrival,5,4,3668,Node_33,14,0,11,14,11,,,,,,,,,
54,VISIT,5313,Random,OnArrival,5,5,3700,Node_28,15,0,11,15,11,,,,,,,,,
54,VISIT,5314,Random,OnArrival,5,5,3700,Node_46,20,0,8,20,8,,,,,,,,,
54,VISIT,5315,Random,OnArrival,5,5,3700,Node_71,13,0,11,13,11,,,,,,,,,
54,VISIT,5316,Random,OnArrival,5,3,3700,Node_72,24,0,12,24,12,,,,,,,,,
54,VISIT,5313,Random,OnArrival,5,6,3734,Node_29,15,0,12,15,12,,,,,,,,,
54,VISIT,5314,Random,OnArrival,5,6,3734,Node_7,19,0,8,19,8,,,,,,,,,
54,VISIT,5315,Random,OnArrival,5,6,3734,Node_74,13,0,12,13,12,,,,,,,,,
54,VISIT,5313,Random,OnArrival,5,7,3767,Node_35,14,0,12,14,12,,,,,,,,,
54,VISIT,5314,Random,OnArrival,5,7,3767,Node_3,19,0,9,19,9,,,,,,,,,
54,VISIT,5315,Random,OnArrival,5,7,3767,Node_35,14,0,12,14,12,,,,,,,,,
54,VISIT,5313,Random,OnArrival,5,8,3800,Node_74,13,0,12,13,12,,,,,,,,,
54,VISIT,5314,Random,OnArrival,5,8,3800,Node_48,20,0,9,20,9,,,,,,,,,
54,VISIT,5315,Random,OnArrival,5,8,3800,Node_74,13,0,12,13,12,,,,,,,,,
54,VISIT,5313,Random,OnArrival,5,9,3832,Node_76,13,0,13,13,13,,,,,,,,,
54,VISIT,5314,Random,OnArrival,5,9,3832,Node_47,21,0,9,21,9,,,,,,,,,
54,VISIT,5315,Random,OnArrival,5,9,3832,Node_76,13,0,13,13,13,,,,,,,,,
54,VISIT,5313,Random,OnArrival,5,10,3865,Node_36,14,0,13,14,13,,,,,,,,,
54,VISIT,5314,Random,OnArrival,5,10,3865,Node_57,22,0,9,22,9,,,,,,,,,
54,VISIT,5315,Random,OnArrival,5,10,3865,Node_36,14,0,13,14,13,,,,,,,,,
54,VISIT,5313,Random,OnArrival,5,11,3898,Node_31,15,0,13,15,13,,,,,,,,,
54,VISIT,5315,Random,OnArrival,5,11,3898,Node_31,15,0,13,15,13,,,,,,,,,
54,VISIT,5314,Random,OnArrival,5,11,3930,Node_86,23,0,10,23,10,,,,,,,,,
54,VISIT,5314,Random,OnArrival,5,12,3963,Node_66,23,0,11,23,11,,,,,,,,,
54,VISIT,5314,Random,OnArrival,5,13,3995,Node_69,23,0,12,23,12,,,,,,,,,
54,VISIT,5314,Random,OnArrival,5,14,4028,Node_72,24,0,12,24,12,,,,,,,,,
54,VISIT,5314,Random,OnArrival,5,15,4060,Node_88,25,0,12,25,12,,,,,,,,,
54,VISIT,5313,Random,OnArrival,5,12,4124,Node_95,15,0,14,15,14,,,,,,,,,
54,VISIT,5314,Random,OnArrival,5,16,4124,Node_87,24,0,11,24,11,,,,,,,,,
54,VISIT,5315,Random,OnArrival,5,12,4124,Node_95,15,0,14,15,14,,,,,,,,,
54,VISIT,5313,Random,OnArrival,5,13,4157,Node_37,14,0,14,14,14,,,,,,,,,
54,VISIT,5314,Random,OnArrival,5,17,4157,Node_72,24,0,12,24,12,,,,,,,,,
54,VISIT,5315,Random,OnArrival,5,13,4157,Node_37,14,0,14,14,14,,,,,,,,,
54,VISIT,5313,Random,OnArrival,5,14,4190,Node_38,13,0,14,13,14,,,,,,,,,
54,VISIT,5314,Random,OnArrival,5,18,4190,Node_75,24,0,13,24,13,,,,,,,,,
54,VISIT,5315,Random,OnArrival,5,14,4190,Node_95,15,0,14,15,14,,,,,,,,,
54,VISIT,5313,Random,OnArrival,5,15,4223,Node_79,12,0,14,12,14,,,,,,,,,
54,VISIT,5314,Random,OnArrival,5,19,4223,Node_89,25,0,13,25,13,,,,,,,,,
54,VISIT,5315,Random,OnArrival,5,15,4223,Node_102,16,0,14,16,14,,,,,,,,,
54,VISIT,5314,Random,OnArrival,5,20,4320,Node_88,25,0,12,25,12,,,,,,,,,
54,VISIT,5314,Random,OnArrival,5,21,4352,Node_72,24,0,12,24,12,,,,,,,,,
54,VISIT,5314,Random,OnArrival,5,22,4383,Node_75,24,0,13,24,13,,,,,,,,,
54,VISIT,5314,Random,OnArrival,5,23,4415,Node_77,24,0,14,24,14,,,,,,,,,
54,VISIT,5314,Random,OnArrival,5,24,4447,Node_90,25,0,14,25,14,,,,,,,,,
54,VISIT,5314,Random,OnArrival,5,25,4478,Node_89,25,0,13,25,13,,,,,,,,,
54,VISIT,5314,Random,OnArrival,5,26,4509,Node_88,25,0,12,25,12,,,,,,,,,
54,VISIT,5314,Random,OnArrival,5,27,4541,Node_107,26,0,12,26,12,,,,,,,,,
54,VISIT,5317,Random,OnArrival,5,0,5053,Node_6,19,0,12,19,12,,,,,,,,,
54,VISIT,5318,Random,OnArrival,5,0,5053,Node_7,19,0,8,19,8,,,,,,,,,
54,VISIT,5319,Random,OnArrival,5,0,5053,Node_8,17,0,10,17,10,,,,,,,,,
54,VISIT,5320,Random,OnArrival,5,0,5053,Node_9,21,0,10,21,10,,,,,,,,,
54,VISIT,5317,Random,OnArrival,5,1,5084,Node_2,19,0,11,19,11,,,,,,,,,
54,VISIT,5318,Random,OnArrival,5,1,5084,Node_3,19,0,9,19,9,,,,,,,,,
54,VISIT,5319,Random,OnArrival,5,1,5084,Node_4,18,0,10,18,10,,,,,,,,,
54,VISIT,5320,Random,OnArrival,5,1,5084,Node_47,21,0,9,21,9,,,,,,,,,
54,VISIT,5317,Random,OnArrival,5,2,5116,Node_20,19,0,10,19,10,,,,,,,,,
54,VISIT,5318,Random,OnArrival,5,2,5116,Node_15,18,0,9,18,9,,,,,,,,,
54,VISIT,5319,Random,OnArrival,5,2,5116,Node_15,18,0,9,18,9,,,,,,,,,
54,VISIT,5320,Random,OnArrival,5,2,5116,Node_49,21,0,8,21,8,,,,,,,,,
54,VISIT,5317,Random,OnArrival,5,3,5148,Node_4,18,0,10,18,10,,,,,,,,,
54,VISIT,5318,Random,OnArrival,5,3,5148,Node_4,18,0,10,18,10,,,,,,,,,
54,VISIT,5319,Random,OnArrival,5,3,5148,Node_11,18,0,8,18,8,,,,,,,,,
54,VISIT,5320,Random,OnArrival,5,3,5148,Node_50,21,0,7,21,7,,,,,,,,,
54,VISIT,5317,Random,OnArrival,5,4,5181,Node_8,17,0,10,17,10,,,,,,,,,
54,VISIT,5318,Random,OnArrival,5,4,5181,Node_8,17,0,10,17,10,,,,,,,,,
54,VISIT,5320,Random,OnArrival,5,4,5181,Node_61,22,0,7,22,7,,,,,,,,,
54,VISIT,5317,Random,OnArrival,5,5,5212,Node_24,16,0,10,16,10,,,,,,,,,
54,VISIT,5318,Random,OnArrival,5,5,5212,Node_24,16,0,10,16,10,,,,,,,,,
54,VISIT,5319,Random,OnArrival,5,4,5212,Node_23,17,0,9,17,9,,,,,,,,,
54,VISIT,5320,Random,OnArrival,5,5,5212,Node_63,22,0,6,22,6,,,,,,,,,
54,VISIT,5317,Random,OnArrival,5,6,5244,Node_26,15,0,10,15,10,,,,,,,,,
54,VISIT,5318,Random,OnArrival,5,6,5244,Node_26,15,0,10,15,10,,,,,,,,,
54,VISIT,5319,Random,OnArrival,5,5,5244,Node_8,17,0,10,17,10,,,,,,,,,
54,VISIT,5320,Random,OnArrival,5,6,5244,Node_51,21,0,6,21,6,,,,,,,,,
54,VISIT,5317,Random,OnArrival,5,7,5276,Node_65,14,0,10,14,10,,,,,,,,,
54,VISIT,5318,Random,OnArrival,5,7,5276,Node_65,14,0,10,14,10,,,,,,,,,
54,VISIT,5319,Random,OnArrival,5,6,5276,Node_12,17,0,11,17,11,,,,,,,,,
54,VISIT,5320,Random,OnArrival,5,7,5276,Node_67,20,0,6,20,6,,,,,,,,,
54,VISIT,5317,Random,OnArrival,5,8,5307,Node_33,14,0,11,14,11,,,,,,,,,
54,VISIT,5318,Random,OnArrival,5,8,5307,Node_33,14,0,11,14,11,,,,,,,,,
54,VISIT,5319,Random,OnArrival,5,7,5307,Node_21,16,0,11,16,11,,,,,,,,,
54,VISIT,5320,Random,OnArrival,5,8,5307,Node_62,20,0,5,20,5,,,,,,,,,
54,VISIT,5317,Random,OnArrival,5,9,5340,Node_28,15,0,11,15,11,,,,,,,,,
54,VISIT,5318,Random,OnArrival,5,9,5340,Node_28,15,0,11,15,11,,,,,,,,,
54,VISIT,5319,Random,OnArrival,5,8,5340,Node_28,15,0,11,15,11,,,,,,,,,
54,VISIT,5320,Random,OnArrival,5,9,5340,Node_73,19,0,5,19,5,,,,,,,,,
54,VISIT,5317,Random,OnArrival,5,10,5372,Node_21,16,0,11,16,11,,,,,,,,,
54,VISIT,5318,Random,OnArrival,5,10,5372,Node_29,15,0,12,15,12,,,,,,,,,
54,VISIT,5319,Random,OnArrival,5,9,5372,Node_29,15,0,12,15,12,,,,,,,,,
54,VISIT,5317,Random,OnArrival,5,11,5403,Node_18,16,0,12,16,12,,,,,,,,,
54,VISIT,5318,Random,OnArrival,5,11,5403,Node_18,16,0,12,16,12,,,,,,,,,
54,VISIT,5319,Random,OnArrival,5,10,5403,Node_18,16,0,12,16,12,,,,,,,,,
54,VISIT,5317,Random,OnArrival,5,12,5434,Node_29,15,0,12,15,12,,,,,,,,,
54,VISIT,5318,Random,OnArrival,5,12,5434,Node_16,17,0,12,17,12,,,,,,,,,
54,VISIT,5319,Random,OnArrival,5,11,5434,Node_21,16,0,11,16,11,,,,,,,,,
54,VISIT,5317,Random,OnArrival,5,13,5464,Node_28,15,0,11,15,11,,,,,,,,,
54,VISIT,5318,Random,OnArrival,5,13,5464,Node_10,18,0,12,18,12,,,,,,,,,
54,VISIT,5319,Random,OnArrival,5,12,5464,Node_24,16,0,10,16,10,,,,,,,,,
54,VISIT,5317,Random,OnArrival,5,14,5495,Node_26,15,0,10,15,10,,,,,,,,,
54,VISIT,5318,Random,OnArrival,5,14,5495,Node_6,19,0,12,19,12,,,,,,,,,
54,VISIT,5319,Random,OnArrival,5,13,5495,Node_26,15,0,10,15,10,,,,,,,,,
54,VISIT,5317,Random,OnArrival,5,15,5525,Node_65,14,0,10,14,10,,,,,,,,,
54,VISIT,5318,Random,OnArrival,5,15,5525,Node_41,20,0,12,20,12,,,,,,,,,
54,VISIT,5319,Random,OnArrival,5,14,5525,Node_65,14,0,10,14,10,,,,,,,,,
54,VISIT,5317,Random,OnArrival,5,16,5555,Node_68,13,0,10,13,10,,,,,,,,,
54,VISIT,5318,Random,OnArrival,5,16,5555,Node_42,20,0,13,20,13,,,,,,,,,
54,VISIT,5319,Random,OnArrival,5,15,5555,Node_68,13,0,10,13,10,,,,,,,,,
54,VISIT,5318,Random,OnArrival,5,17,5586,Node_43,20,0,14,20,14,,,,,,,,,
54,VISIT,5319,Random,OnArrival,5,16,5915,Node_68,13,0,10,13,10,,,,,,,,,
54,VISIT,5319,Random,OnArrival,5,17,5944,Node_71,13,0,11,13,11,,,,,,,,,
54,VISIT,5319,Random,OnArrival,5,18,5974,Node_74,13,0,12,13,12,,,,,,,,,
54,VISIT,5319,Random,OnArrival,5,19,6005,Node_76,13,0,13,13,13,,,,,,,,,
54,VISIT,5319,Random,OnArrival,5,20,6036,Node_38,13,0,14,13,14,,,,,,,,,
54,VISIT,5319,Random,OnArrival,5,21,6065,Node_79,12,0,14,12,14,,,,,,,,,
54,VISIT,5319,Random,OnArrival,5,22,6126,Node_106,10,0,14,10,14,,,,,,,,,
54,VISIT,5321,Random,OnArrival,5,0,6463,Node_6,19,0,12,19,12,,,,,,,,,
54,VISIT,5322,Random,OnArrival,5,0,6463,Node_7,19,0,8,19,8,,,,,,,,,
54,VISIT,5323,Random,OnArrival,5,0,6463,Node_8,17,0,10,17,10,,,,,,,,,
54,VISIT,5324,Random,OnArrival,5,0,6463,Node_9,21,0,10,21,10,,,,,,,,,
54,VISIT,5321,Random,OnArrival,5,1,6492,Node_41,20,0,12,20,12,,,,,,,,,
54,VISIT,5322,Random,OnArrival,5,1,6492,Node_11,18,0,8,18,8,,,,,,,,,
54,VISIT,5323,Random,OnArrival,5,1,6492,Node_24,16,0,10,16,10,,,,,,,,,
54,VISIT,5324,Random,OnArrival,5,1,6492,Node_5,20,0,10,20,10,,,,,,,,,
54,VISIT,5321,Random,OnArrival,5,2,6521,Node_42,20,0,13,20,13,,,,,,,,,
54,VISIT,5322,Random,OnArrival,5,2,6521,Node_126,17,0,8,17,8,,,,,,,,,
54,VISIT,5323,Random,OnArrival,5,2,6521,Node_26,15,0,10,15,10,,,,,,,,,
54,VISIT,5324,Random,OnArrival,5,2,6521,Node_40,20,0,11,20,11,,,,,,,,,
54,VISIT,5321,Random,OnArrival,5,3,6551,Node_43,20,0,14,20,14,,,,,,,,,
54,VISIT,5323,Random,OnArrival,5,3,6551,Node_65,14,0,10,14,10,,,,,,,,,
54,VISIT,5324,Random,OnArrival,5,3,6551,Node_41,20,0,12,20,12,,,,,,,,,
54,VISIT,5321,Random,OnArrival,5,4,6580,Node_22,21,0,14,21,14,,,,,,,,,
54,VISIT,5323,Random,OnArrival,5,4,6580,Node_68,13,0,10,13,10,,,,,,,,,
54,VISIT,5324,Random,OnArrival,5,4,6580,Node_42,20,0,13,20,13,,,,,,,,,
54,VISIT,5321,Random,OnArrival,5,5,6609,Node_43,20,0,14,20,14,,,,,,,,,
54,VISIT,5323,Random,OnArrival,5,5,6609,Node_134,13,0,9,13,9,,,,,,,,,
54,VISIT,5324,Random,OnArrival,5,5,6609,Node_43,20,0,14,20,14,,,,,,,,,
54,VISIT,5323,Random,OnArrival,5,6,6630,Node_153,12,0,9,12,9,,,,,,,,,
54,VISIT,5321,Random,OnArrival,5,6,6659,Node_139,18,0,14,18,14,,,,,,,,,
54,VISIT,5323,Random,OnArrival,5,7,6659,Node_165,11,0,9,11,9,,,,,,,,,
54,VISIT,5324,Random,OnArrival,5,6,6659,Node_139,18,0,14,18,14,,,,,,,,,
54,VISIT,5321,Random,OnArrival,5,7,6688,Node_105,17,0,14,17,14,,,,,,,,,
54,VISIT,5323,Random,OnArrival,5,8,6688,Node_162,10,0,9,10,9,,,,,,,,,
54,VISIT,5324,Random,OnArrival,5,7,6688,Node_105,17,0,14,17,14,,,,,,,,,
54,VISIT,5321,Random,OnArrival,5,8,6717,Node_139,18,0,14,18,14,,,,,,,,,
54,VISIT,5323,Random,OnArrival,5,9,6717,Node_163,10,0,8,10,8,,,,,,,,,
54,VISIT,5324,Random,OnArrival,5,8,6717,Node_108,17,0,15,17,15,,,,,,,,,
54,VISIT,5321,Random,OnArrival,5,9,6745,Node_142,18,0,15,18,15,,,,,,,,,
54,VISIT,5323,Random,OnArrival,5,10,6745,Node_164,11,0,8,11,8,,,,,,,,,
54,VISIT,5324,Random,OnArrival,5,9,6745,Node_101,16,0,15,16,15,,,,,,,,,
54,VISIT,5321,Random,OnArrival,5,10,6774,Node_108,17,0,15,17,15,,,,,,,,,
54,VISIT,5323,Random,OnArrival,5,11,6774,Node_151,12,0,8,12,8,,,,,,,,,
54,VISIT,5324,Random,OnArrival,5,10,6774,Node_97,15,0,15,15,15,,,,,,,,,
54,VISIT,5321,Random,OnArrival,5,11,6803,Node_142,18,0,15,18,15,,,,,,,,,
54,VISIT,5323,Random,OnArrival,5,12,6803,Node_136,13,0,8,13,8,,,,,,,,,
54,VISIT,5324,Random,OnArrival,5,11,6803,Node_101,16,0,15,16,15,,,,,,,,,
54,VISIT,5321,Random,OnArrival,5,12,6831,Node_144,18,0,16,18,16,,,,,,,,,
54,VISIT,5323,Random,OnArrival,5,13,6831,Node_151,12,0,8,12,8,,,,,,,,,
54,VISIT,5324,Random,OnArrival,5,12,6831,Node_108,17,0,15,17,15,,,,,,,,,
54,VISIT,5321,Random,OnArrival,5,13,6861,Node_110,17,0,16,17,16,,,,,,,,,
54,VISIT,5323,Random,OnArrival,5,14,6861,Node_149,12,0,7,12,7,,,,,,,,,
54,VISIT,5324,Random,OnArrival,5,13,6861,Node_110,17,0,16,17,16,,,,,,,,,
54,VISIT,5321,Random,OnArrival,5,14,6891,Node_100,16,0,16,16,16,,,,,,,,,
54,VISIT,5323,Random,OnArrival,5,15,6891,Node_138,13,0,7,13,7,,,,,,,,,
54,VISIT,5324,Random,OnArrival,5,14,6891,Node_100,16,0,16,16,16,,,,,,,,,
54,VISIT,5321,Random,OnArrival,5,15,6921,Node_110,17,0,16,17,16,,,,,,,,,
54,VISIT,5324,Random,OnArrival,5,15,6921,Node_110,17,0,16,17,16,,,,,,,,,
54,VISIT,5321,Random,OnArrival,5,16,6949,Node_144,18,0,16,18,16,,,,,,,,,
54,VISIT,5324,Random,OnArrival,5,16,6949,Node_144,18,0,16,18,16,,,,,,,,,
54,VISIT,5321,Random,OnArrival,5,17,6978,Node_146,18,0,17,18,17,,,,,,,,,
54,VISIT,5323,Random,OnArrival,5,16,6978,Node_141,13,0,6,13,6,,,,,,,,,
54,VISIT,5324,Random,OnArrival,5,17,6978,Node_146,18,0,17,18,17,,,,,,,,,
54,VISIT,5321,Random,OnArrival,5,18,7007,Node_112,17,0,17,17,17,,,,,,,,,
54,VISIT,5323,Random,OnArrival,5,17,7007,Node_147,12,0,6,12,6,,,,,,,,,
54,VISIT,5324,Random,OnArrival,5,18,7007,Node_112,17,0,17,17,17,,,,,,,,,
54,VISIT,5321,Random,OnArrival,5,19,7036,Node_146,18,0,17,18,17,,,,,,,,,
54,VISIT,5324,Random,OnArrival,5,19,7036,Node_146,18,0,17,18,17,,,,,,,,,
54,VISIT,5321,Random,OnArrival,5,20,7064,Node_148,18,0,18,18,18,,,,,,,,,
54,VISIT,5324,Random,OnArrival,5,20,7064,Node_148,18,0,18,18,18,,,,,,,,,
54,VISIT,5321,Random,OnArrival,5,21,7092,Node_114,17,0,18,17,18,,,,,,,,,
54,VISIT,5324,Random,OnArrival,5,21,7092,Node_114,17,0,18,17,18,,,,,,,,,
54,VISIT,5321,Random,OnArrival,5,22,7120,Node_115,17,0,19,17,19,,,,,,,,,
54,VISIT,5324,Random,OnArrival,5,22,7120,Node_148,18,0,18,18,18,,,,,,,,,
54,VISIT,5321,Random,OnArrival,5,23,7148,Node_150,18,0,19,18,19,,,,,,,,,
54,VISIT,5321,Random,OnArrival,5,24,7177,Node_115,17,0,19,17,19,,,,,,,,,
54,VISIT,5321,Random,OnArrival,5,25,7206,Node_116,17,0,20,17,20,,,,,,,,,
54,VISIT,5321,Random,OnArrival,5,26,7234,Node_119,16,0,20,16,20,,,,,,,,,
54,VISIT,5324,Random,OnArrival,5,23,7234,Node_32,21,0,19,21,19,,,,,,,,,
54,VISIT,5325,Random,OnArrival,5,0,7760,Node_6,19,0,12,19,12,,,,,,,,,
54,VISIT,5326,Random,OnArrival,5,0,7760,Node_7,19,0,8,19,8,,,,,,,,,
54,VISIT,5327,Random,OnArrival,5,0,7760,Node_8,17,0,10,17,10,,,,,,,,,
54,VISIT,5328,Random,OnArrival,5,0,7760,Node_9,21,0,10,21,10,,,,,,,,,
54,VISIT,5325,Random,OnArrival,5,1,7787,Node_41,20,0,12,20,12,,,,,,,,,
54,VISIT,5326,Random,OnArrival,5,1,7787,Node_11,18,0,8,18,8,,,,,,,,,
54,VISIT,5327,Random,OnArrival,5,1,7787,Node_23,17,0,9,17,9,,,,,,,,,
54,VISIT,5328,Random,OnArrival,5,1,7787,Node_13,21,0,11,21,11,,,,,,,,,
54,VISIT,5325,Random,OnArrival,5,2,7815,Node_42,20,0,13,20,13,,,,,,,,,
54,VISIT,5326,Random,OnArrival,5,2,7815,Node_126,17,0,8,17,8,,,,,,,,,
54,VISIT,5327,Random,OnArrival,5,2,7815,Node_126,17,0,8,17,8,,,,,,,,,
54,VISIT,5328,Random,OnArrival,5,2,7815,Node_17,21,0,12,21,12,,,,,,,,,
54,VISIT,5325,Random,OnArrival,5,3,7843,Node_43,20,0,14,20,14,,,,,,,,,
54,VISIT,5326,Random,OnArrival,5,3,7843,Node_168,16,0,8,16,8,,,,,,,,,
54,VISIT,5327,Random,OnArrival,5,3,7843,Node_168,16,0,8,16,8,,,,,,,,,
54,VISIT,5328,Random,OnArrival,5,3,7843,Node_19,21,0,13,21,13,,,,,,,,,
54,VISIT,5325,Random,OnArrival,5,4,7871,Node_44,20,0,15,20,15,,,,,,,,,
54,VISIT,5326,Random,OnArrival,5,4,7871,Node_167,16,0,7,16,7,,,,,,,,,
54,VISIT,5327,Random,OnArrival,5,4,7871,Node_169,15,0,8,15,8,,,,,,,,,
54,VISIT,5328,Random,OnArrival,5,4,7871,Node_22,21,0,14,21,14,,,,,,,,,
54,VISIT,5325,Random,OnArrival,5,5,7900,Node_25,21,0,15,21,15,,,,,,,,,
54,VISIT,5327,Random,OnArrival,5,5,7900,Node_170,15,0,7,15,7,,,,,,,,,
54,VISIT,5328,Random,OnArrival,5,5,7900,Node_25,21,0,15,21,15,,,,,,,,,
54,VISIT,5325,Random,OnArrival,5,6,7927,Node_45,22,0,15,22,15,,,,,,,,,
54,VISIT,5327,Random,OnArrival,5,6,7927,Node_176,14,0,7,14,7,,,,,,,,,
54,VISIT,5328,Random,OnArrival,5,6,7927,Node_27,21,0,16,21,16,,,,,,,,,
54,VISIT,5327,Random,OnArrival,5,7,7954,Node_138,13,0,7,13,7,,,,,,,,,
54,VISIT,5325,Random,OnArrival,5,7,7981,Node_27,21,0,16,21,16,,,,,,,,,
54,VISIT,5327,Random,OnArrival,5,8,7981,Node_141,13,0,6,13,6,,,,,,,,,
54,VISIT,5327,Random,OnArrival,5,9,8008,Node_147,12,0,6,12,6,,,,,,,,,
54,VISIT,5325,Random,OnArrival,5,8,8035,Node_30,21,0,18,21,18,,,,,,,,,
54,VISIT,5326,Random,OnArrival,5,5,8035,Node_175,15,0,2,15,2,,,,,,,,,
54,VISIT,5327,Random,OnArrival,5,10,8035,Node_178,11,0,6,11,6,,,,,,,,,
54,VISIT,5328,Random,OnArrival,5,7,8035,Node_82,24,0,17,24,17,,,,,,,,,
54,VISIT,5325,Random,OnArrival,5,9,8063,Node_184,20,0,18,20,18,,,,,,,,,
54,VISIT,5325,Random,OnArrival,5,10,8090,Node_30,21,0,18,21,18,,,,,,,,,
54,VISIT,5325,Random,OnArrival,5,11,8144,Node_27,21,0,16,21,16,,,,,,,,,
54,VISIT,5325,Random,OnArrival,5,12,8171,Node_25,21,0,15,21,15,,,,,,,,,
54,VISIT,5325,Random,OnArrival,5,13,8197,Node_45,22,0,15,22,15,,,,,,,,,
54,VISIT,5325,Random,OnArrival,5,14,8251,Node_211,23,0,16,23,16,,,,,,,,,
54,VISIT,5325,Random,OnArrival,5,15,8278,Node_80,24,0,16,24,16,,,,,,,,,
54,VISIT,5325,Random,OnArrival,5,16,8304,Node_92,25,0,16,25,16,,,,,,,,,
54,VISIT,5325,Random,OnArrival,5,17,8330,Node_80,24,0,16,24,16,,,,,,,,,
54,VISIT,5325,Random,OnArrival,5,18,8357,Node_82,24,0,17,24,17,,,,,,,,,
54,VISIT,5325,Random,OnArrival,5,19,8385,Node_94,25,0,17,25,17,,,,,,,,,
54,VISIT,5325,Random,OnArrival,5,20,8465,Node_96,25,0,18,25,18,,,,,,,,,
54,VISIT,5325,Random,OnArrival,5,21,8493,Node_216,24,0,18,24,18,,,,,,,,,
54,VISIT,5325,Random,OnArrival,5,22,8520,Node_219,24,0,19,24,19,,,,,,,,,
54,VISIT,5325,Random,OnArrival,5,23,8547,Node_98,25,0,19,25,19,,,,,,,,,
54,VISIT,5325,Random,OnArrival,5,24,8601,Node_222,24,0,20,24,20,,,,,,,,,
54,VISIT,5325,Random,OnArrival,5,25,8628,Node_219,24,0,19,24,19,,,,,,,,,
54,VISIT,5325,Random,OnArrival,5,26,8655,Node_216,24,0,18,24,18,,,,,,,,,
54,VISIT,5325,Random,OnArrival,5,27,8680,Node_82,24,0,17,24,17,,,,,,,,,
54,VISIT,5325,Random,OnArrival,5,28,8707,Node_94,25,0,17,25,17,,,,,,,,,
54,VISIT,5325,Random,OnArrival,5,29,8735,Node_238,26,0,17,26,17,,,,,,,,,
54,VISIT,5325,Random,OnArrival,5,30,8762,Node_124,27,0,17,27,17,,,,,,,,,
54,VISIT,5329,Random,OnArrival,5,0,8991,Node_6,19,0,12,19,12,,,,,,,,,
54,VISIT,5330,Random,OnArrival,5,0,8991,Node_7,19,0,8,19,8,,,,,,,,,
54,VISIT,5331,Random,OnArrival,5,0,8991,Node_8,17,0,10,17,10,,,,,,,,,
54,VISIT,5332,Random,OnArrival,5,0,8991,Node_9,21,0,10,21,10,,,,,,,,,
54,VISIT,5329,Random,OnArrival,5,1,9016,Node_41,20,0,12,20,12,,,,,,,,,
54,VISIT,5330,Random,OnArrival,5,1,9016,Node_3,19,0,9,19,9,,,,,,,,,
54,VISIT,5331,Random,OnArrival,5,1,9016,Node_23,17,0,9,17,9,,,,,,,,,
54,VISIT,5332,Random,OnArrival,5,1,9016,Node_47,21,0,9,21,9,,,,,,,,,
54,VISIT,5329,Random,OnArrival,5,2,9042,Node_40,20,0,11,20,11,,,,,,,,,
54,VISIT,5330,Random,OnArrival,5,2,9042,Node_48,20,0,9,20,9,,,,,,,,,
54,VISIT,5331,Random,OnArrival,5,2,9042,Node_126,17,0,8,17,8,,,,,,,,,
54,VISIT,5332,Random,OnArrival,5,2,9042,Node_49,21,0,8,21,8,,,,,,,,,
54,VISIT,5329,Random,OnArrival,5,3,9069,Node_5,20,0,10,20,10,,,,,,,,,
54,VISIT,5330,Random,OnArrival,5,3,9069,Node_47,21,0,9,21,9,,,,,,,,,
54,VISIT,5331,Random,OnArrival,5,3,9069,Node_168,16,0,8,16,8,,,,,,,,,
54,VISIT,5332,Random,OnArrival,5,3,9069,Node_50,21,0,7,21,7,,,,,,,,,
54,VISIT,5329,Random,OnArrival,5,4,9095,Node_9,21,0,10,21,10,,,,,,,,,
54,VISIT,5330,Random,OnArrival,5,4,9095,Node_57,22,0,9,22,9,,,,,,,,,
54,VISIT,5331,Random,OnArrival,5,4,9095,Node_169,15,0,8,15,8,,,,,,,,,
54,VISIT,5332,Random,OnArrival,5,4,9095,Node_51,21,0,6,21,6,,,,,,,,,
54,VISIT,5329,Random,OnArrival,5,5,9122,Node_47,21,0,9,21,9,,,,,,,,,
54,VISIT,5330,Random,OnArrival,5,5,9122,Node_93,23,0,9,23,9,,,,,,,,,
54,VISIT,5331,Random,OnArrival,5,5,9122,Node_170,15,0,7,15,7,,,,,,,,,
54,VISIT,5332,Random,OnArrival,5,5,9122,Node_52,21,0,5,21,5,,,,,,,,,
54,VISIT,5329,Random,OnArrival,5,6,9149,Node_57,22,0,9,22,9,,,,,,,,,
54,VISIT,5331,Random,OnArrival,5,6,9149,Node_167,16,0,7,16,7,,,,,,,,,
54,VISIT,5332,Random,OnArrival,5,6,9149,Node_64,22,0,5,22,5,,,,,,,,,
54,VISIT,5329,Random,OnArrival,5,7,9176,Node_93,23,0,9,23,9,,,,,,,,,
54,VISIT,5331,Random,OnArrival,5,7,9176,Node_170,15,0,7,15,7,,,,,,,,,
54,VISIT,5331,Random,OnArrival,5,8,9202,Node_171,15,0,6,15,6,,,,,,,,,
54,VISIT,5329,Random,OnArrival,5,8,9228,Node_246,25,0,9,25,9,,,,,,,,,
54,VISIT,5331,Random,OnArrival,5,9,9228,Node_177,14,0,6,14,6,,,,,,,,,
54,VISIT,5331,Random,OnArrival,5,10,9254,Node_141,13,0,6,13,6,,,,,,,,,
54,VISIT,5331,Random,OnArrival,5,11,9280,Node_147,12,0,6,12,6,,,,,,,,,
54,VISIT,5331,Random,OnArrival,5,12,9306,Node_178,11,0,6,11,6,,,,,,,,,
54,VISIT,5331,Random,OnArrival,5,13,9331,Node_179,11,0,5,11,5,,,,,,,,,
54,VISIT,5331,Random,OnArrival,5,14,9357,Node_218,10,0,5,10,5,,,,,,,,,
54,VISIT,5329,Random,OnArrival,5,9,9382,Node_256,25,0,5,25,5,,,,,,,,,
54,VISIT,5330,Random,OnArrival,5,6,9382,Node_250,25,0,7,25,7,,,,,,,,,
54,VISIT,5329,Random,OnArrival,5,10,9407,Node_259,24,0,5,24,5,,,,,,,,,
54,VISIT,5330,Random,OnArrival,5,7,9407,Node_258,26,0,7,26,7,,,,,,,,,
54,VISIT,5330,Random,OnArrival,5,8,9432,Node_261,26,0,6,26,6,,,,,,,,,
54,VISIT,5330,Random,OnArrival,5,9,9458,Node_253,25,0,6,25,6,,,,,,,,,
54,VISIT,5330,Random,OnArrival,5,10,9483,Node_262,24,0,6,24,6,,,,,,,,,
54,VISIT,5330,Random,OnArrival,5,11,9508,Node_259,24,0,5,24,5,,,,,,,,,
54,VISIT,5331,Random,OnArrival,5,15,9508,Node_274,8,0,7,8,7,,,,,,,,,
54,VISIT,5329,Random,OnArrival,5,11,9533,Node_257,23,0,1,23,1,,,,,,,,,
54,VISIT,5330,Random,OnArrival,5,12,9533,Node_247,23,0,5,23,5,,,,,,,,,
54,VISIT,5330,Random,OnArrival,5,13,9558,Node_259,24,0,5,24,5,,,,,,,,,
54,VISIT,5330,Random,OnArrival,5,14,9582,Node_256,25,0,5,25,5,,,,,,,,,
54,VISIT,5330,Random,OnArrival,5,15,9607,Node_253,25,0,6,25,6,,,,,,,,,
54,VISIT,5330,Random,OnArrival,5,16,9633,Node_250,25,0,7,25,7,,,,,,,,,
54,VISIT,5330,Random,OnArrival,5,17,9658,Node_248,25,0,8,25,8,,,,,,,,,
54,VISIT,5330,Random,OnArrival,5,18,9684,Node_255,26,0,8,26,8,,,,,,,,,
54,VISIT,5330,Random,OnArrival,5,19,9710,Node_258,26,0,7,26,7,,,,,,,,,
54,VISIT,5330,Random,OnArrival,5,20,9736,Node_261,26,0,6,26,6,,,,,,,,,
54,VISIT,5333,Random,OnArrival,5,0,10150,Node_6,19,0,12,19,12,,,,,,,,,
54,VISIT,5334,Random,OnArrival,5,0,10150,Node_7,19,0,8,19,8,,,,,,,,,
54,VISIT,5335,Random,OnArrival,5,0,10150,Node_8,17,0,10,17,10,,,,,,,,,
54,VISIT,5336,Random,OnArrival,5,0,10150,Node_9,21,0,10,21,10,,,,,,,,,
54,VISIT,5333,Random,OnArrival,5,1,10172,Node_41,20,0,12,20,12,,,,,,,,,
54,VISIT,5334,Random,OnArrival,5,1,10172,Node_11,18,0,8,18,8,,,,,,,,,
54,VISIT,5335,Random,OnArrival,5,1,10172,Node_23,17,0,9,17,9,,,,,,,,,
54,VISIT,5336,Random,OnArrival,5,1,10172,Node_47,21,0,9,21,9,,,,,,,,,
54,VISIT,5333,Random,OnArrival,5,2,10197,Node_42,20,0,13,20,13,,,,,,,,,
54,VISIT,5334,Random,OnArrival,5,2,10197,Node_126,17,0,8,17,8,,,,,,,,,
54,VISIT,5335,Random,OnArrival,5,2,10197,Node_126,17,0,8,17,8,,,,,,,,,
54,VISIT,5336,Random,OnArrival,5,2,10197,Node_57,22,0,9,22,9,,,,,,,,,
54,VISIT,5333,Random,OnArrival,5,3,10222,Node_43,20,0,14,20,14,,,,,,,,,
54,VISIT,5334,Random,OnArrival,5,3,10222,Node_166,17,0,7,17,7,,,,,,,,,
54,VISIT,5335,Random,OnArrival,5,3,10222,Node_166,17,0,7,17,7,,,,,,,,,
54,VISIT,5336,Random,OnArrival,5,3,10222,Node_93,23,0,9,23,9,,,,,,,,,
54,VISIT,5333,Random,OnArrival,5,4,10247,Node_44,20,0,15,20,15,,,,,,,,,
54,VISIT,5334,Random,OnArrival,5,4,10247,Node_167,16,0,7,16,7,,,,,,,,,
54,VISIT,5335,Random,OnArrival,5,4,10247,Node_167,16,0,7,16,7,,,,,,,,,
54,VISIT,5333,Random,OnArrival,5,5,10272,Node_25,21,0,15,21,15,,,,,,,,,
54,VISIT,5334,Random,OnArrival,5,5,10272,Node_206,16,0,6,16,6,,,,,,,,,
54,VISIT,5335,Random,OnArrival,5,5,10272,Node_206,16,0,6,16,6,,,,,,,,,
54,VISIT,5336,Random,OnArrival,5,4,10272,Node_246,25,0,9,25,9,,,,,,,,,
54,VISIT,5333,Random,OnArrival,5,6,10297,Node_45,22,0,15,22,15,,,,,,,,,
54,VISIT,5334,Random,OnArrival,5,6,10297,Node_171,15,0,6,15,6,,,,,,,,,
54,VISIT,5335,Random,OnArrival,5,6,10297,Node_171,15,0,6,15,6,,,,,,,,,
54,VISIT,5336,Random,OnArrival,5,5,10297,Node_252,26,0,9,26,9,,,,,,,,,
54,VISIT,5333,Random,OnArrival,5,7,10323,Node_230,23,0,15,23,15,,,,,,,,,
54,VISIT,5334,Random,OnArrival,5,7,10323,Node_172,15,0,5,15,5,,,,,,,,,
54,VISIT,5335,Random,OnArrival,5,7,10323,Node_172,15,0,5,15,5,,,,,,,,,
54,VISIT,5333,Random,OnArrival,5,8,10347,Node_78,24,0,15,24,15,,,,,,,,,
54,VISIT,5334,Random,OnArrival,5,8,10347,Node_207,16,0,5,16,5,,,,,,,,,
54,VISIT,5335,Random,OnArrival,5,8,10347,Node_207,16,0,5,16,5,,,,,,,,,
54,VISIT,5333,Random,OnArrival,5,9,10371,Node_91,25,0,15,25,15,,,,,,,,,
54,VISIT,5333,Random,OnArrival,5,10,10395,Node_92,25,0,16,25,16,,,,,,,,,
54,VISIT,5336,Random,OnArrival,5,6,10395,Node_120,27,0,12,27,12,,,,,,,,,
54,VISIT,5333,Random,OnArrival,5,11,10419,Node_94,25,0,17,25,17,,,,,,,,,
54,VISIT,5334,Random,OnArrival,5,9,10419,Node_209,16,0,4,16,4,,,,,,,,,
54,VISIT,5335,Random,OnArrival,5,9,10419,Node_209,16,0,4,16,4,,,,,,,,,
54,VISIT,5333,Random,OnArrival,5,12,10443,Node_96,25,0,18,25,18,,,,,,,,,
54,VISIT,5334,Random,OnArrival,5,10,10443,Node_173,15,0,4,15,4,,,,,,,,,
54,VISIT,5335,Random,OnArrival,5,10,10443,Node_173,15,0,4,15,4,,,,,,,,,
54,VISIT,5333,Random,OnArrival,5,13,10467,Node_239,26,0,18,26,18,,,,,,,,,
54,VISIT,5334,Random,OnArrival,5,11,10467,Node_174,15,0,3,15,3,,,,,,,,,
54,VISIT,5335,Random,OnArrival,5,11,10467,Node_174,15,0,3,15,3,,,,,,,,,
54,VISIT,5336,Random,OnArrival,5,7,10467,Node_121,27,0,13,27,13,,,,,,,,,
54,VISIT,5333,Random,OnArrival,5,14,10492,Node_125,27,0,18,27,18,,,,,,,,,
54,VISIT,5336,Random,OnArrival,5,8,10492,Node_104,26,0,13,26,13,,,,,,,,,
54,VISIT,5336,Random,OnArrival,5,9,10516,Node_107,26,0,12,26,12,,,,,,,,,
54,VISIT,5336,Random,OnArrival,5,10,10540,Node_120,27,0,12,27,12,,,,,,,,,
54,VISIT,5336,Random,OnArrival,5,11,10564,Node_289,27,0,11,27,11,,,,,,,,,
54,VISIT,5336,Random,OnArrival,5,12,10612,Node_291,28,0,12,28,12,,,,,,,,,
54,VISIT,5336,Random,OnArrival,5,13,10636,Node_120,27,0,12,27,12,,,,,,,,,
54,VISIT,5336,Random,OnArrival,5,14,10660,Node_121,27,0,13,27,13,,,,,,,,,
54,VISIT,5336,Random,OnArrival,5,15,10708,Node_122,27,0,15,27,15,,,,,,,,,
54,VISIT,5335,Random,OnArrival,5,12,10756,Node_225,15,0,-3,15,-3,,,,,,,,,
54,VISIT,5335,Random,OnArrival,5,13,10780,Node_306,14,0,-3,14,-3,,,,,,,,,
54,VISIT,5336,Random,OnArrival,5,16,10780,Node_241,28,0,17,28,17,,,,,,,,,
54,VISIT,5335,Random,OnArrival,5,14,10949,Node_187,11,0,-1,11,-1,,,,,,,,,
54,VISIT,5335,Random,OnArrival,5,15,10971,Node_233,10,0,-1,10,-1,,,,,,,,,
54,VISIT,5337,Random,OnArrival,5,0,11243,Node_6,19,0,12,19,12,,,,,,,,,
54,VISIT,5338,Random,OnArrival,5,0,11243,Node_7,19,0,8,19,8,,,,,,,,,
54,VISIT,5339,Random,OnArrival,5,0,11243,Node_8,17,0,10,17,10,,,,,,,,,
54,VISIT,5340,Random,OnArrival,5,0,11243,Node_9,21,0,10,21,10,,,,,,,,,
54,VISIT,5337,Random,OnArrival,5,1,11264,Node_41,20,0,12,20,12,,,,,,,,,
54,VISIT,5338,Random,OnArrival,5,1,11264,Node_46,20,0,8,20,8,,,,,,,,,
54,VISIT,5339,Random,OnArrival,5,1,11264,Node_4,18,0,10,18,10,,,,,,,,,
54,VISIT,5340,Random,OnArrival,5,1,11264,Node_47,21,0,9,21,9,,,,,,,,,
54,VISIT,5337,Random,OnArrival,5,2,11284,Node_42,20,0,13,20,13,,,,,,,,,
54,VISIT,5338,Random,OnArrival,5,2,11284,Node_49,21,0,8,21,8,,,,,,,,,
54,VISIT,5339,Random,OnArrival,5,2,11284,Node_14,18,0,11,18,11,,,,,,,,,
54,VISIT,5340,Random,OnArrival,5,2,11284,Node_57,22,0,9,22,9,,,,,,,,,
54,VISIT,5337,Random,OnArrival,5,3,11305,Node_43,20,0,14,20,14,,,,,,,,,
54,VISIT,5338,Random,OnArrival,5,3,11305,Node_50,21,0,7,21,7,,,,,,,,,
54,VISIT,5339,Random,OnArrival,5,3,11305,Node_2,19,0,11,19,11,,,,,,,,,
54,VISIT,5340,Random,OnArrival,5,3,11305,Node_93,23,0,9,23,9,,,,,,,,,
54,VISIT,5337,Random,OnArrival,5,4,11328,Node_44,20,0,15,20,15,,,,,,,,,
54,VISIT,5338,Random,OnArrival,5,4,11328,Node_51,21,0,6,21,6,,,,,,,,,
54,VISIT,5339,Random,OnArrival,5,4,11328,Node_40,20,0,11,20,11,,,,,,,,,
54,VISIT,5337,Random,OnArrival,5,5,11351,Node_25,21,0,15,21,15,,,,,,,,,
54,VISIT,5338,Random,OnArrival,5,5,11351,Node_52,21,0,5,21,5,,,,,,,,,
54,VISIT,5339,Random,OnArrival,5,5,11351,Node_13,21,0,11,21,11,,,,,,,,,
54,VISIT,5340,Random,OnArrival,5,4,11351,Node_246,25,0,9,25,9,,,,,,,,,
54,VISIT,5337,Random,OnArrival,5,6,11375,Node_27,21,0,16,21,16,,,,,,,,,
54,VISIT,5338,Random,OnArrival,5,6,11375,Node_54,21,0,4,21,4,,,,,,,,,
54,VISIT,5339,Random,OnArrival,5,6,11375,Node_53,22,0,11,22,11,,,,,,,,,
54,VISIT,5340,Random,OnArrival,5,5,11375,Node_252,26,0,9,26,9,,,,,,,,,
54,VISIT,5338,Random,OnArrival,5,7,11399,Node_60,20,0,4,20,4,,,,,,,,,
54,VISIT,5339,Random,OnArrival,5,7,11399,Node_55,22,0,10,22,10,,,,,,,,,
54,VISIT,5340,Random,OnArrival,5,6,11399,Node_286,27,0,9,27,9,,,,,,,,,
54,VISIT,5337,Random,OnArrival,5,7,11423,Node_30,21,0,18,21,18,,,,,,,,,
54,VISIT,5338,Random,OnArrival,5,8,11423,Node_127,19,0,4,19,4,,,,,,,,,
54,VISIT,5339,Random,OnArrival,5,8,11423,Node_57,22,0,9,22,9,,,,,,,,,
54,VISIT,5337,Random,OnArrival,5,8,11446,Node_32,21,0,19,21,19,,,,,,,,,
54,VISIT,5339,Random,OnArrival,5,9,11446,Node_93,23,0,9,23,9,,,,,,,,,
54,VISIT,5337,Random,OnArrival,5,9,11469,Node_34,21,0,20,21,20,,,,,,,,,
54,VISIT,5340,Random,OnArrival,5,7,11469,Node_302,28,0,11,28,11,,,,,,,,,
54,VISIT,5337,Random,OnArrival,5,10,11492,Node_203,21,0,21,21,21,,,,,,,,,
54,VISIT,5338,Random,OnArrival,5,9,11492,Node_288,17,0,5,17,5,,,,,,,,,
54,VISIT,5339,Random,OnArrival,5,10,11492,Node_246,25,0,9,25,9,,,,,,,,,
54,VISIT,5340,Random,OnArrival,5,8,11492,Node_289,27,0,11,27,11,,,,,,,,,
54,VISIT,5337,Random,OnArrival,5,11,11516,Node_193,22,0,21,22,21,,,,,,,,,
54,VISIT,5338,Random,OnArrival,5,10,11516,Node_329,18,0,5,18,5,,,,,,,,,
54,VISIT,5339,Random,OnArrival,5,11,11516,Node_252,26,0,9,26,9,,,,,,,,,
54,VISIT,5340,Random,OnArrival,5,9,11516,Node_120,27,0,12,27,12,,,,,,,,,
54,VISIT,5337,Random,OnArrival,5,12,11540,Node_203,21,0,21,21,21,,,,,,,,,
54,VISIT,5338,Random,OnArrival,5,11,11540,Node_73,19,0,5,19,5,,,,,,,,,
54,VISIT,5339,Random,OnArrival,5,12,11540,Node_286,27,0,9,27,9,,,,,,,,,
54,VISIT,5340,Random,OnArrival,5,10,11540,Node_121,27,0,13,27,13,,,,,,,,,
54,VISIT,5337,Random,OnArrival,5,13,11564,Node_34,21,0,20,21,20,,,,,,,,,
54,VISIT,5338,Random,OnArrival,5,12,11564,Node_329,18,0,5,18,5,,,,,,,,,
54,VISIT,5339,Random,OnArrival,5,13,11564,Node_326,28,0,9,28,9,,,,,,,,,
54,VISIT,5337,Random,OnArrival,5,14,11588,Node_191,22,0,20,22,20,,,,,,,,,
54,VISIT,5338,Random,OnArrival,5,13,11588,Node_288,17,0,5,17,5,,,,,,,,,
54,VISIT,5340,Random,OnArrival,5,11,11588,Node_122,27,0,15,27,15,,,,,,,,,
54,VISIT,5337,Random,OnArrival,5,15,11612,Node_193,22,0,21,22,21,,,,,,,,,
54,VISIT,5338,Random,OnArrival,5,14,11612,Node_207,16,0,5,16,5,,,,,,,,,
54,VISIT,5340,Random,OnArrival,5,12,11612,Node_315,28,0,15,28,15,,,,,,,,,
54,VISIT,5337,Random,OnArrival,5,16,11635,Node_195,22,0,22,22,22,,,,,,,,,
54,VISIT,5338,Random,OnArrival,5,15,11635,Node_209,16,0,4,16,4,,,,,,,,,
54,VISIT,5340,Random,OnArrival,5,13,11635,Node_316,28,0,16,28,16,,,,,,,,,
54,VISIT,5337,Random,OnArrival,5,17,11658,Node_201,21,0,22,21,22,,,,,,,,,
54,VISIT,5338,Random,OnArrival,5,16,11658,Node_210,16,0,3,16,3,,,,,,,,,
54,VISIT,5340,Random,OnArrival,5,14,11658,Node_123,27,0,16,27,16,,,,,,,,,
54,VISIT,5337,Random,OnArrival,5,18,11681,Node_199,21,0,23,21,23,,,,,,,,,
54,VISIT,5338,Random,OnArrival,5,17,11681,Node_174,15,0,3,15,3,,,,,,,,,
54,VISIT,5340,Random,OnArrival,5,15,11681,Node_124,27,0,17,27,17,,,,,,,,,
54,VISIT,5338,Random,OnArrival,5,18,11704,Node_293,14,0,3,14,3,,,,,,,,,
54,VISIT,5340,Random,OnArrival,5,16,11704,Node_125,27,0,18,27,18,,,,,,,,,
54,VISIT,5340,Random,OnArrival,5,17,11727,Node_242,28,0,18,28,18,,,,,,,,,
54,VISIT,5340,Random,OnArrival,5,18,11750,Node_243,28,0,19,28,19,,,,,,,,,
54,VISIT,5337,Random,OnArrival,5,19,11772,Node_237,19,0,25,19,25,,,,,,,,,
54,VISIT,5340,Random,OnArrival,5,19,11772,Node_294,27,0,19,27,19,,,,,,,,,
54,VISIT,5340,Random,OnArrival,5,20,11794,Node_125,27,0,18,27,18,,,,,,,,,
54,VISIT,5338,Random,OnArrival,5,19,11817,Node_181,11,0,3,11,3,,,,,,,,,
54,VISIT,5340,Random,OnArrival,5,21,11817,Node_124,27,0,17,27,17,,,,,,,,,
54,VISIT,5337,Random,OnArrival,5,20,11840,Node_157,18,0,23,18,23,,,,,,,,,
54,VISIT,5338,Random,OnArrival,5,20,11840,Node_224,10,0,3,10,3,,,,,,,,,
54,VISIT,5340,Random,OnArrival,5,22,11840,Node_123,27,0,16,27,16,,,,,,,,,
54,VISIT,5337,Random,OnArrival,5,21,11863,Node_335,19,0,23,19,23,,,,,,,,,
54,VISIT,5338,Random,OnArrival,5,21,11863,Node_226,10,0,2,10,2,,,,,,,,,
54,VISIT,5340,Random,OnArrival,5,23,11863,Node_122,27,0,15,27,15,,,,,,,,,
54,VISIT,5340,Random,OnArrival,5,24,11909,Node_121,27,0,13,27,13,,,,,,,,,
54,VISIT,5337,Random,OnArrival,5,22,11932,Node_154,18,0,21,18,21,,,,,,,,,
54,VISIT,5340,Random,OnArrival,5,25,11932,Node_292,28,0,13,28,13,,,,,,,,,
54,VISIT,5337,Random,OnArrival,5,23,11955,Node_117,17,0,21,17,21,,,,,,,,,
54,VISIT,5337,Random,OnArrival,5,24,11979,Node_116,17,0,20,17,20,,,,,,,,,
54,VISIT,5337,Random,OnArrival,5,25,12002,Node_152,18,0,20,18,20,,,,,,,,,
54,VISIT,5338,Random,OnArrival,5,22,12002,Node_272,8,0,6,8,6,,,,,,,,,
54,VISIT,5337,Random,OnArrival,5,26,12025,Node_116,17,0,20,17,20,,,,,,,,,
54,VISIT,5338,Random,OnArrival,5,23,12025,Node_280,7,0,6,7,6,,,,,,,,,
54,VISIT,5340,Random,OnArrival,5,26,12025,Node_340,31,0,14,31,14,,,,,,,,,
54,VISIT,5337,Random,OnArrival,5,27,12047,Node_119,16,0,20,16,20,,,,,,,,,
54,VISIT,5338,Random,OnArrival,5,24,12047,Node_272,8,0,6,8,6,,,,,,,,,
54,VISIT,5340,Random,OnArrival,5,27,12047,Node_353,30,0,14,30,14,,,,,,,,,
54,VISIT,5337,Random,OnArrival,5,28,12070,Node_188,15,0,20,15,20,,,,,,,,,
54,VISIT,5338,Random,OnArrival,5,25,12070,Node_351,8,0,5,8,5,,,,,,,,,
54,VISIT,5340,Random,OnArrival,5,28,12070,Node_352,30,0,13,30,13,,,,,,,,,
54,VISIT,5338,Random,OnArrival,5,26,12093,Node_267,9,0,5,9,5,,,,,,,,,
54,VISIT,5340,Random,OnArrival,5,29,12093,Node_337,31,0,13,31,13,,,,,,,,,
54,VISIT,5338,Random,OnArrival,5,27,12116,Node_351,8,0,5,8,5,,,,,,,,,
54,VISIT,5338,Random,OnArrival,5,28,12182,Node_350,8,0,2,8,2,,,,,,,,,
54,VISIT,5340,Random,OnArrival,5,30,12182,Node_333,31,0,11,31,11,,,,,,,,,
54,VISIT,5341,Random,OnArrival,5,0,12260,Node_6,19,0,12,19,12,,,,,,,,,
54,VISIT,5342,Random,OnArrival,5,0,12260,Node_7,19,0,8,19,8,,,,,,,,,
54,VISIT,5343,Random,OnArrival,5,0,12260,Node_8,17,0,10,17,10,,,,,,,,,
54,VISIT,5344,Random,OnArrival,5,0,12260,Node_9,21,0,10,21,10,,,,,,,,,
54,VISIT,5341,Random,OnArrival,5,1,12277,Node_41,20,0,12,20,12,,,,,,,,,
54,VISIT,5342,Random,OnArrival,5,1,12277,Node_3,19,0,9,19,9,,,,,,,,,
54,VISIT,5343,Random,OnArrival,5,1,12277,Node_4,18,0,10,18,10,,,,,,,,,
54,VISIT,5344,Random,OnArrival,5,1,12277,Node_13,21,0,11,21,11,,,,,,,,,
54,VISIT,5341,Random,OnArrival,5,2,12295,Node_42,20,0,13,20,13,,,,,,,,,
54,VISIT,5342,Random,OnArrival,5,2,12295,Node_48,20,0,9,20,9,,,,,,,,,
54,VISIT,5343,Random,OnArrival,5,2,12295,Node_14,18,0,11,18,11,,,,,,,,,
54,VISIT,5344,Random,OnArrival,5,2,12295,Node_53,22,0,11,22,11,,,,,,,,,
54,VISIT,5341,Random,OnArrival,5,3,12313,Node_43,20,0,14,20,14,,,,,,,,,
54,VISIT,5342,Random,OnArrival,5,3,12313,Node_47,21,0,9,21,9,,,,,,,,,
54,VISIT,5343,Random,OnArrival,5,3,12313,Node_2,19,0,11,19,11,,,,,,,,,
54,VISIT,5344,Random,OnArrival,5,3,12313,Node_66,23,0,11,23,11,,,,,,,,,
54,VISIT,5341,Random,OnArrival,5,4,12332,Node_44,20,0,15,20,15,,,,,,,,,
54,VISIT,5342,Random,OnArrival,5,4,12332,Node_57,22,0,9,22,9,,,,,,,,,
54,VISIT,5343,Random,OnArrival,5,4,12332,Node_40,20,0,11,20,11,,,,,,,,,
54,VISIT,5344,Random,OnArrival,5,4,12332,Node_86,23,0,10,23,10,,,,,,,,,
54,VISIT,5341,Random,OnArrival,5,5,12353,Node_25,21,0,15,21,15,,,,,,,,,
54,VISIT,5342,Random,OnArrival,5,5,12353,Node_93,23,0,9,23,9,,,,,,,,,
54,VISIT,5343,Random,OnArrival,5,5,12353,Node_13,21,0,11,21,11,,,,,,,,,
54,VISIT,5344,Random,OnArrival,5,5,12353,Node_93,23,0,9,23,9,,,,,,,,,
54,VISIT,5341,Random,OnArrival,5,6,12374,Node_27,21,0,16,21,16,,,,,,,,,
54,VISIT,5343,Random,OnArrival,5,6,12374,Node_53,22,0,11,22,11,,,,,,,,,
54,VISIT,5342,Random,OnArrival,5,6,12396,Node_246,25,0,9,25,9,,,,,,,,,
54,VISIT,5343,Random,OnArrival,5,7,12396,Node_66,23,0,11,23,11,,,,,,,,,
54,VISIT,5344,Random,OnArrival,5,6,12396,Node_246,25,0,9,25,9,,,,,,,,,
54,VISIT,5341,Random,OnArrival,5,7,12419,Node_30,21,0,18,21,18,,,,,,,,,
54,VISIT,5342,Random,OnArrival,5,7,12419,Node_252,26,0,9,26,9,,,,,,,,,
54,VISIT,5343,Random,OnArrival,5,8,12419,Node_86,23,0,10,23,10,,,,,,,,,
54,VISIT,5344,Random,OnArrival,5,7,12419,Node_252,26,0,9,26,9,,,,,,,,,
54,VISIT,5341,Random,OnArrival,5,8,12442,Node_32,21,0,19,21,19,,,,,,,,,
54,VISIT,5342,Random,OnArrival,5,8,12442,Node_286,27,0,9,27,9,,,,,,,,,
54,VISIT,5343,Random,OnArrival,5,9,12442,Node_93,23,0,9,23,9,,,,,,,,,
54,VISIT,5344,Random,OnArrival,5,8,12442,Node_286,27,0,9,27,9,,,,,,,,,
54,VISIT,5341,Random,OnArrival,5,9,12465,Node_34,21,0,20,21,20,,,,,,,,,
54,VISIT,5342,Random,OnArrival,5,9,12465,Node_287,27,0,10,27,10,,,,,,,,,
54,VISIT,5344,Random,OnArrival,5,9,12465,Node_287,27,0,10,27,10,,,,,,,,,
54,VISIT,5341,Random,OnArrival,5,10,12488,Node_203,21,0,21,21,21,,,,,,,,,
54,VISIT,5342,Random,OnArrival,5,10,12488,Node_328,28,0,10,28,10,,,,,,,,,
54,VISIT,5343,Random,OnArrival,5,10,12488,Node_246,25,0,9,25,9,,,,,,,,,
54,VISIT,5344,Random,OnArrival,5,10,12488,Node_328,28,0,10,28,10,,,,,,,,,
54,VISIT,5341,Random,OnArrival,5,11,12511,Node_201,21,0,22,21,22,,,,,,,,,
54,VISIT,5342,Random,OnArrival,5,11,12511,Node_326,28,0,9,28,9,,,,,,,,,
54,VISIT,5343,Random,OnArrival,5,11,12511,Node_252,26,0,9,26,9,,,,,,,,,
54,VISIT,5344,Random,OnArrival,5,11,12511,Node_326,28,0,9,28,9,,,,,,,,,
54,VISIT,5341,Random,OnArrival,5,12,12534,Node_195,22,0,22,22,22,,,,,,,,,
54,VISIT,5343,Random,OnArrival,5,12,12534,Node_286,27,0,9,27,9,,,,,,,,,
54,VISIT,5342,Random,OnArrival,5,12,12557,Node_330,30,0,9,30,9,,,,,,,,,
54,VISIT,5343,Random,OnArrival,5,13,12557,Node_287,27,0,10,27,10,,,,,,,,,
54,VISIT,5344,Random,OnArrival,5,12,12557,Node_330,30,0,9,30,9,,,,,,,,,
54,VISIT,5341,Random,OnArrival,5,13,12580,Node_227,24,0,22,24,22,,,,,,,,,
54,VISIT,5343,Random,OnArrival,5,14,12580,Node_289,27,0,11,27,11,,,,,,,,,
54,VISIT,5341,Random,OnArrival,5,14,12602,Node_309,25,0,22,25,22,,,,,,,,,
54,VISIT,5343,Random,OnArrival,5,15,12602,Node_120,27,0,12,27,12,,,,,,,,,
54,VISIT,5341,Random,OnArrival,5,15,12624,Node_307,26,0,22,26,22,,,,,,,,,
54,VISIT,5343,Random,OnArrival,5,16,12624,Node_121,27,0,13,27,13,,,,,,,,,
54,VISIT,5341,Random,OnArrival,5,16,12647,Node_300,27,0,22,27,22,,,,,,,,,
54,VISIT,5341,Random,OnArrival,5,17,12669,Node_307,26,0,22,26,22,,,,,,,,,
54,VISIT,5343,Random,OnArrival,5,17,12669,Node_122,27,0,15,27,15,,,,,,,,,
54,VISIT,5341,Random,OnArrival,5,18,12692,Node_309,25,0,22,25,22,,,,,,,,,
54,VISIT,5343,Random,OnArrival,5,18,12692,Node_123,27,0,16,27,16,,,,,,,,,
54,VISIT,5341,Random,OnArrival,5,19,12714,Node_311,25,0,23,25,23,,,,,,,,,
54,VISIT,5343,Random,OnArrival,5,19,12714,Node_316,28,0,16,28,16,,,,,,,,,
54,VISIT,5341,Random,OnArrival,5,20,12737,Node_229,24,0,23,24,23,,,,,,,,,
54,VISIT,5343,Random,OnArrival,5,20,12737,Node_319,29,0,16,29,16,,,,,,,,,
54,VISIT,5341,Random,OnArrival,5,21,12759,Node_311,25,0,23,25,23,,,,,,,,,
54,VISIT,5341,Random,OnArrival,5,22,12781,Node_305,26,0,23,26,23,,,,,,,,,
54,VISIT,5341,Random,OnArrival,5,23,12803,Node_311,25,0,23,25,23,,,,,,,,,
54,VISIT,5343,Random,OnArrival,5,21,12803,Node_317,29,0,17,29,17,,,,,,,,,
54,VISIT,5341,Random,OnArrival,5,24,12825,Node_229,24,0,23,24,23,,,,,,,,,
54,VISIT,5343,Random,OnArrival,5,22,12825,Node_241,28,0,17,28,17,,,,,,,,,
54,VISIT,5341,Random,OnArrival,5,25,12846,Node_232,24,0,24,24,24,,,,,,,,,
54,VISIT,5343,Random,OnArrival,5,23,12846,Node_124,27,0,17,27,17,,,,,,,,,
54,VISIT,5341,Random,OnArrival,5,26,12868,Node_313,25,0,24,25,24,,,,,,,,,
54,VISIT,5343,Random,OnArrival,5,24,12868,Node_125,27,0,18,27,18,,,,,,,,,
54,VISIT,5343,Random,OnArrival,5,25,12890,Node_294,27,0,19,27,19,,,,,,,,,
54,VISIT,5341,Random,OnArrival,5,27,12912,Node_234,24,0,25,24,25,,,,,,,,,
54,VISIT,5343,Random,OnArrival,5,26,12912,Node_296,27,0,20,27,20,,,,,,,,,
54,VISIT,5343,Random,OnArrival,5,27,12926,Node_244,28,0,20,28,20,,,,,,,,,
54,VISIT,5343,Random,OnArrival,5,28,12948,Node_243,28,0,19,28,19,,,,,,,,,
54,VISIT,5343,Random,OnArrival,5,29,12970,Node_242,28,0,18,28,18,,,,,,,,,
54,VISIT,5343,Random,OnArrival,5,30,12991,Node_241,28,0,17,28,17,,,,,,,,,
54,VISIT,5341,Random,OnArrival,5,28,13012,Node_237,19,0,25,19,25,,,,,,,,,
54,VISIT,5343,Random,OnArrival,5,31,13012,Node_316,28,0,16,28,16,,,,,,,,,
54,VISIT,5341,Random,OnArrival,5,29,13034,Node_338,19,0,24,19,24,,,,,,,,,
54,VISIT,5343,Random,OnArrival,5,32,13034,Node_319,29,0,16,29,16,,,,,,,,,
54,VISIT,5344,Random,OnArrival,5,13,13034,Node_273,24,0,3,24,3,,,,,,,,,
54,VISIT,5341,Random,OnArrival,5,30,13057,Node_346,18,0,24,18,24,,,,,,,,,
54,VISIT,5343,Random,OnArrival,5,33,13057,Node_373,30,0,16,30,16,,,,,,,,,
54,VISIT,5344,Random,OnArrival,5,14,13057,Node_251,23,0,3,23,3,,,,,,,,,
54,VISIT,5341,Random,OnArrival,5,31,13080,Node_157,18,0,23,18,23,,,,,,,,,
54,VISIT,5343,Random,OnArrival,5,34,13080,Node_345,31,0,16,31,16,,,,,,,,,
54,VISIT,5344,Random,OnArrival,5,15,13080,Node_273,24,0,3,24,3,,,,,,,,,
54,VISIT,5341,Random,OnArrival,5,32,13103,Node_335,19,0,23,19,23,,,,,,,,,
54,VISIT,5344,Random,OnArrival,5,16,13103,Node_275,24,0,2,24,2,,,,,,,,,
54,VISIT,5341,Random,OnArrival,5,33,13125,Node_348,19,0,22,19,22,,,,,,,,,
54,VISIT,5344,Random,OnArrival,5,17,13125,Node_254,23,0,2,23,2,,,,,,,,,
54,VISIT,5341,Random,OnArrival,5,34,13147,Node_155,18,0,22,18,22,,,,,,,,,
54,VISIT,5344,Random,OnArrival,5,18,13147,Node_257,23,0,1,23,1,,,,,,,,,
54,VISIT,5341,Random,OnArrival,5,35,13169,Node_154,18,0,21,18,21,,,,,,,,,
54,VISIT,5344,Random,OnArrival,5,19,13169,Node_279,22,0,1,22,1,,,,,,,,,
54,VISIT,5341,Random,OnArrival,5,36,13190,Node_117,17,0,21,17,21,,,,,,,,,
54,VISIT,5345,Random,OnArrival,5,0,13210,Node_6,19,0,12,19,12,,,,,,,,,
54,VISIT,5346,Random,OnArrival,5,0,13210,Node_7,19,0,8,19,8,,,,,,,,,
54,VISIT,5347,Random,OnArrival,5,0,13210,Node_8,17,0,10,17,10,,,,,,,,,
54,VISIT,5348,Random,OnArrival,5,0,13210,Node_9,21,0,10,21,10,,,,,,,,,
54,VISIT,5341,Random,OnArrival,5,37,13212,Node_118,16,0,21,16,21,,,,,,,,,
54,VISIT,5345,Random,OnArrival,5,1,13225,Node_2,19,0,11,19,11,,,,,,,,,
54,VISIT,5346,Random,OnArrival,5,1,13225,Node_3,19,0,9,19,9,,,,,,,,,
54,VISIT,5347,Random,OnArrival,5,1,13225,Node_23,17,0,9,17,9,,,,,,,,,
54,VISIT,5348,Random,OnArrival,5,1,13225,Node_47,21,0,9,21,9,,,,,,,,,
54,VISIT,5341,Random,OnArrival,5,38,13229,Node_190,15,0,21,15,21,,,,,,,,,
54,VISIT,5345,Random,OnArrival,5,2,13241,Node_20,19,0,10,19,10,,,,,,,,,
54,VISIT,5346,Random,OnArrival,5,2,13241,Node_48,20,0,9,20,9,,,,,,,,,
54,VISIT,5347,Random,OnArrival,5,2,13241,Node_126,17,0,8,17,8,,,,,,,,,
54,VISIT,5348,Random,OnArrival,5,2,13241,Node_57,22,0,9,22,9,,,,,,,,,
54,VISIT,5345,Random,OnArrival,5,3,13259,Node_3,19,0,9,19,9,,,,,,,,,
54,VISIT,5346,Random,OnArrival,5,3,13259,Node_47,21,0,9,21,9,,,,,,,,,
54,VISIT,5347,Random,OnArrival,5,3,13259,Node_166,17,0,7,17,7,,,,,,,,,
54,VISIT,5348,Random,OnArrival,5,3,13259,Node_93,23,0,9,23,9,,,,,,,,,
54,VISIT,5341,Random,OnArrival,5,39,13265,Node_205,14,0,22,14,22,,,,,,,,,
54,VISIT,5345,Random,OnArrival,5,4,13278,Node_48,20,0,9,20,9,,,,,,,,,
54,VISIT,5346,Random,OnArrival,5,4,13278,Node_57,22,0,9,22,9,,,,,,,,,
54,VISIT,5347,Random,OnArrival,5,4,13278,Node_167,16,0,7,16,7,,,,,,,,,
54,VISIT,5345,Random,OnArrival,5,5,13297,Node_47,21,0,9,21,9,,,,,,,,,
54,VISIT,5346,Random,OnArrival,5,5,13297,Node_93,23,0,9,23,9,,,,,,,,,
54,VISIT,5347,Random,OnArrival,5,5,13297,Node_206,16,0,6,16,6,,,,,,,,,
54,VISIT,5348,Random,OnArrival,5,4,13297,Node_246,25,0,9,25,9,,,,,,,,,
54,VISIT,5345,Random,OnArrival,5,6,13315,Node_57,22,0,9,22,9,,,,,,,,,
54,VISIT,5347,Random,OnArrival,5,6,13315,Node_207,16,0,5,16,5,,,,,,,,,
54,VISIT,5348,Random,OnArrival,5,5,13315,Node_252,26,0,9,26,9,,,,,,,,,
54,VISIT,5345,Random,OnArrival,5,7,13335,Node_93,23,0,9,23,9,,,,,,,,,
54,VISIT,5346,Random,OnArrival,5,6,13335,Node_246,25,0,9,25,9,,,,,,,,,
54,VISIT,5347,Random,OnArrival,5,7,13335,Node_209,16,0,4,16,4,,,,,,,,,
54,VISIT,5348,Random,OnArrival,5,6,13335,Node_286,27,0,9,27,9,,,,,,,,,
54,VISIT,5346,Random,OnArrival,5,7,13356,Node_252,26,0,9,26,9,,,,,,,,,
54,VISIT,5347,Random,OnArrival,5,8,13356,Node_290,17,0,4,17,4,,,,,,,,,
54,VISIT,5348,Random,OnArrival,5,7,13356,Node_326,28,0,9,28,9,,,,,,,,,
54,VISIT,5345,Random,OnArrival,5,8,13377,Node_246,25,0,9,25,9,,,,,,,,,
54,VISIT,5346,Random,OnArrival,5,8,13377,Node_286,27,0,9,27,9,,,,,,,,,
54,VISIT,5347,Random,OnArrival,5,9,13377,Node_327,18,0,4,18,4,,,,,,,,,
54,VISIT,5345,Random,OnArrival,5,9,13398,Node_252,26,0,9,26,9,,,,,,,,,
54,VISIT,5346,Random,OnArrival,5,9,13398,Node_326,28,0,9,28,9,,,,,,,,,
54,VISIT,5347,Random,OnArrival,5,10,13398,Node_290,17,0,4,17,4,,,,,,,,,
54,VISIT,5348,Random,OnArrival,5,8,13398,Node_330,30,0,9,30,9,,,,,,,,,
54,VISIT,5345,Random,OnArrival,5,10,13419,Node_286,27,0,9,27,9,,,,,,,,,
54,VISIT,5347,Random,OnArrival,5,11,13419,Node_209,16,0,4,16,4,,,,,,,,,
54,VISIT,5348,Random,OnArrival,5,9,13419,Node_363,31,0,9,31,9,,,,,,,,,
54,VISIT,5345,Random,OnArrival,5,11,13440,Node_326,28,0,9,28,9,,,,,,,,,
54,VISIT,5346,Random,OnArrival,5,10,13440,Node_330,30,0,9,30,9,,,,,,,,,
54,VISIT,5347,Random,OnArrival,5,12,13440,Node_210,16,0,3,16,3,,,,,,,,,
54,VISIT,5348,Random,OnArrival,5,10,13440,Node_365,31,0,8,31,8,,,,,,,,,
54,VISIT,5346,Random,OnArrival,5,11,13462,Node_366,30,0,8,30,8,,,,,,,,,
54,VISIT,5347,Random,OnArrival,5,13,13462,Node_174,15,0,3,15,3,,,,,,,,,
54,VISIT,5345,Random,OnArrival,5,12,13483,Node_330,30,0,9,30,9,,,,,,,,,
54,VISIT,5346,Random,OnArrival,5,12,13483,Node_365,31,0,8,31,8,,,,,,,,,
54,VISIT,5347,Random,OnArrival,5,14,13483,Node_293,14,0,3,14,3,,,,,,,,,
54,VISIT,5345,Random,OnArrival,5,13,13504,Node_331,30,0,10,30,10,,,,,,,,,
54,VISIT,5346,Random,OnArrival,5,13,13504,Node_366,30,0,8,30,8,,,,,,,,,
54,VISIT,5347,Random,OnArrival,5,15,13504,Node_295,14,0,2,14,2,,,,,,,,,
54,VISIT,5348,Random,OnArrival,5,11,13504,Node_368,30,0,6,30,6,,,,,,,,,
54,VISIT,5345,Random,OnArrival,5,14,13526,Node_361,31,0,10,31,10,,,,,,,,,
54,VISIT,5346,Random,OnArrival,5,14,13526,Node_367,30,0,7,30,7,,,,,,,,,
54,VISIT,5347,Random,OnArrival,5,16,13526,Node_339,13,0,2,13,2,,,,,,,,,
54,VISIT,5348,Random,OnArrival,5,12,13526,Node_369,30,0,5,30,5,,,,,,,,,
54,VISIT,5345,Random,OnArrival,5,15,13548,Node_333,31,0,11,31,11,,,,,,,,,
54,VISIT,5346,Random,OnArrival,5,15,13548,Node_406,31,0,7,31,7,,,,,,,,,
54,VISIT,5347,Random,OnArrival,5,17,13548,Node_341,12,0,2,12,2,,,,,,,,,
54,VISIT,5345,Random,OnArrival,5,16,13570,Node_334,31,0,12,31,12,,,,,,,,,
54,VISIT,5347,Random,OnArrival,5,18,13570,Node_182,11,0,2,11,2,,,,,,,,,
54,VISIT,5348,Random,OnArrival,5,13,13570,Node_370,28,0,5,28,5,,,,,,,,,
54,VISIT,5345,Random,OnArrival,5,17,13591,Node_358,32,0,12,32,12,,,,,,,,,
54,VISIT,5347,Random,OnArrival,5,19,13591,Node_226,10,0,2,10,2,,,,,,,,,
54,VISIT,5348,Random,OnArrival,5,14,13591,Node_285,27,0,5,27,5,,,,,,,,,
54,VISIT,5345,Random,OnArrival,5,18,13612,Node_360,32,0,11,32,11,,,,,,,,,
54,VISIT,5347,Random,OnArrival,5,20,13612,Node_228,10,0,1,10,1,,,,,,,,,
54,VISIT,5348,Random,OnArrival,5,15,13612,Node_264,26,0,5,26,5,,,,,,,,,
54,VISIT,5347,Random,OnArrival,5,21,13633,Node_183,11,0,1,11,1,,,,,,,,,
54,VISIT,5348,Random,OnArrival,5,16,13633,Node_256,25,0,5,25,5,,,,,,,,,
54,VISIT,5347,Random,OnArrival,5,22,13654,Node_182,11,0,2,11,2,,,,,,,,,
54,VISIT,5348,Random,OnArrival,5,17,13654,Node_259,24,0,5,24,5,,,,,,,,,
54,VISIT,5347,Random,OnArrival,5,23,13675,Node_181,11,0,3,11,3,,,,,,,,,
54,VISIT,5348,Random,OnArrival,5,18,13675,Node_271,24,0,4,24,4,,,,,,,,,
54,VISIT,5347,Random,OnArrival,5,24,13696,Node_344,12,0,3,12,3,,,,,,,,,
54,VISIT,5348,Random,OnArrival,5,19,13696,Node_249,23,0,4,23,4,,,,,,,,,
54,VISIT,5347,Random,OnArrival,5,25,13717,Node_336,13,0,3,13,3,,,,,,,,,
54,VISIT,5348,Random,OnArrival,5,20,13717,Node_251,23,0,3,23,3,,,,,,,,,
54,VISIT,5347,Random,OnArrival,5,26,13738,Node_293,14,0,3,14,3,,,,,,,,,
54,VISIT,5348,Random,OnArrival,5,21,13738,Node_254,23,0,2,23,2,,,,,,,,,
54,VISIT,5347,Random,OnArrival,5,27,13758,Node_174,15,0,3,15,3,,,,,,,,,
54,VISIT,5348,Random,OnArrival,5,22,13758,Node_275,24,0,2,24,2,,,,,,,,,
54,VISIT,5346,Random,OnArrival,5,16,13779,Node_374,28,0,1,28,1,,,,,,,,,
54,VISIT,5347,Random,OnArrival,5,28,13779,Node_175,15,0,2,15,2,,,,,,,,,
54,VISIT,5348,Random,OnArrival,5,23,13779,Node_385,25,0,2,25,2,,,,,,,,,
54,VISIT,5345,Random,OnArrival,5,19,13800,Node_416,34,0,8,34,8,,,,,,,,,
54,VISIT,5346,Random,OnArrival,5,17,13800,Node_383,27,0,1,27,1,,,,,,,,,
54,VISIT,5347,Random,OnArrival,5,29,13800,Node_295,14,0,2,14,2,,,,,,,,,
54,VISIT,5348,Random,OnArrival,5,24,13800,Node_275,24,0,2,24,2,,,,,,,,,
54,VISIT,5346,Random,OnArrival,5,18,13821,Node_374,28,0,1,28,1,,,,,,,,,
54,VISIT,5347,Random,OnArrival,5,30,13821,Node_175,15,0,2,15,2,,,,,,,,,
54,VISIT,5348,Random,OnArrival,5,25,13821,Node_277,24,0,1,24,1,,,,,,,,,
54,VISIT,5346,Random,OnArrival,5,19,13841,Node_421,29,0,1,29,1,,,,,,,,,
54,VISIT,5347,Random,OnArrival,5,31,13841,Node_214,15,0,1,15,1,,,,,,,,,
54,VISIT,5348,Random,OnArrival,5,26,13841,Node_257,23,0,1,23,1,,,,,,,,,
54,VISIT,5346,Random,OnArrival,5,20,13862,Node_419,29,0,2,29,2,,,,,,,,,
54,VISIT,5347,Random,OnArrival,5,32,13862,Node_297,14,0,1,14,1,,,,,,,,,
54,VISIT,5348,Random,OnArrival,5,27,13862,Node_260,23,0,0,23,0,,,,,,,,,
54,VISIT,5346,Random,OnArrival,5,21,13883,Node_372,28,0,2,28,2,,,,,,,,,
54,VISIT,5347,Random,OnArrival,5,33,13883,Node_295,14,0,2,14,2,,,,,,,,,
54,VISIT,5348,Random,OnArrival,5,28,13883,Node_392,22,0,0,22,0,,,,,,,,,
54,VISIT,5346,Random,OnArrival,5,22,13904,Node_384,27,0,2,27,2,,,,,,,,,
54,VISIT,5347,Random,OnArrival,5,34,13904,Node_293,14,0,3,14,3,,,,,,,,,
54,VISIT,5346,Random,OnArrival,5,23,13926,Node_372,28,0,2,28,2,,,,,,,,,
54,VISIT,5347,Random,OnArrival,5,35,13926,Node_336,13,0,3,13,3,,,,,,,,,
54,VISIT,5346,Random,OnArrival,5,24,13948,Node_371,28,0,3,28,3,,,,,,,,,
54,VISIT,5347,Random,OnArrival,5,36,13948,Node_344,12,0,3,12,3,,,,,,,,,
54,VISIT,5348,Random,OnArrival,5,29,13948,Node_131,19,0,0,19,0,,,,,,,,,
54,VISIT,5346,Random,OnArrival,5,25,13969,Node_417,29,0,3,29,3,,,,,,,,,
54,VISIT,5347,Random,OnArrival,5,37,13969,Node_181,11,0,3,11,3,,,,,,,,,
54,VISIT,5347,Random,OnArrival,5,38,13990,Node_180,11,0,4,11,4,,,,,,,,,
54,VISIT,5347,Random,OnArrival,5,39,14011,Node_221,10,0,4,10,4,,,,,,,,,
54,VISIT,5348,Random,OnArrival,5,30,14011,Node_130,19,0,1,19,1,,,,,,,,,
54,VISIT,5346,Random,OnArrival,5,26,14031,Node_413,32,0,3,32,3,,,,,,,,,
54,VISIT,5347,Random,OnArrival,5,40,14031,Node_218,10,0,5,10,5,,,,,,,,,
54,VISIT,5348,Random,OnArrival,5,31,14031,Node_131,19,0,0,19,0,,,,,,,,,
54,VISIT,5347,Random,OnArrival,5,41,14051,Node_267,9,0,5,9,5,,,,,,,,,
54,VISIT,5348,Random,OnArrival,5,32,14051,Node_132,19,0,-1,19,-1,,,,,,,,,
54,VISIT,5347,Random,OnArrival,5,42,14072,Node_269,9,0,6,9,6,,,,,,,,,
54,VISIT,5347,Random,OnArrival,5,43,14092,Node_215,10,0,6,10,6,,,,,,,,,
54,VISIT,5348,Random,OnArrival,5,33,14092,Node_426,18,0,0,18,0,,,,,,,,,
54,VISIT,5349,Random,OnArrival,5,0,14103,Node_6,19,0,12,19,12,,,,,,,,,
54,VISIT,5350,Random,OnArrival,5,0,14103,Node_7,19,0,8,19,8,,,,,,,,,
54,VISIT,5351,Random,OnArrival,5,0,14103,Node_8,17,0,10,17,10,,,,,,,,,
54,VISIT,5352,Random,OnArrival,5,0,14103,Node_9,21,0,10,21,10,,,,,,,,,
54,VISIT,5347,Random,OnArrival,5,44,14107,Node_218,10,0,5,10,5,,,,,,,,,
54,VISIT,5349,Random,OnArrival,5,1,14116,Node_41,20,0,12,20,12,,,,,,,,,
54,VISIT,5350,Random,OnArrival,5,1,14116,Node_3,19,0,9,19,9,,,,,,,,,
54,VISIT,5351,Random,OnArrival,5,1,14116,Node_12,17,0,11,17,11,,,,,,,,,
54,VISIT,5352,Random,OnArrival,5,1,14116,Node_13,21,0,11,21,11,,,,,,,,,
54,VISIT,5347,Random,OnArrival,5,45,14121,Node_267,9,0,5,9,5,,,,,,,,,
54,VISIT,5349,Random,OnArrival,5,2,14130,Node_42,20,0,13,20,13,,,,,,,,,
54,VISIT,5350,Random,OnArrival,5,2,14130,Node_20,19,0,10,19,10,,,,,,,,,
54,VISIT,5351,Random,OnArrival,5,2,14130,Node_16,17,0,12,17,12,,,,,,,,,
54,VISIT,5352,Random,OnArrival,5,2,14130,Node_17,21,0,12,21,12,,,,,,,,,
54,VISIT,5347,Random,OnArrival,5,46,14135,Node_351,8,0,5,8,5,,,,,,,,,
54,VISIT,5349,Random,OnArrival,5,3,14145,Node_43,20,0,14,20,14,,,,,,,,,
54,VISIT,5350,Random,OnArrival,5,3,14145,Node_2,19,0,11,19,11,,,,,,,,,
54,VISIT,5351,Random,OnArrival,5,3,14145,Node_18,16,0,12,16,12,,,,,,,,,
54,VISIT,5352,Random,OnArrival,5,3,14145,Node_19,21,0,13,21,13,,,,,,,,,
54,VISIT,5350,Random,OnArrival,5,4,14161,Node_6,19,0,12,19,12,,,,,,,,,
54,VISIT,5351,Random,OnArrival,5,4,14161,Node_29,15,0,12,15,12,,,,,,,,,
54,VISIT,5352,Random,OnArrival,5,4,14161,Node_22,21,0,14,21,14,,,,,,,,,
54,VISIT,5348,Random,OnArrival,5,34,14169,Node_223,15,0,-2,15,-2,,,,,,,,,
54,VISIT,5349,Random,OnArrival,5,4,14179,Node_139,18,0,14,18,14,,,,,,,,,
54,VISIT,5350,Random,OnArrival,5,5,14179,Node_41,20,0,12,20,12,,,,,,,,,
54,VISIT,5351,Random,OnArrival,5,5,14179,Node_31,15,0,13,15,13,,,,,,,,,
54,VISIT,5352,Random,OnArrival,5,5,14179,Node_25,21,0,15,21,15,,,,,,,,,
54,VISIT,5347,Random,OnArrival,5,47,14187,Node_350,8,0,2,8,2,,,,,,,,,
54,VISIT,5348,Random,OnArrival,5,35,14187,Node_304,14,0,-2,14,-2,,,,,,,,,
54,VISIT,5349,Random,OnArrival,5,5,14197,Node_105,17,0,14,17,14,,,,,,,,,
54,VISIT,5350,Random,OnArrival,5,6,14197,Node_42,20,0,13,20,13,,,,,,,,,
54,VISIT,5351,Random,OnArrival,5,6,14197,Node_36,14,0,13,14,13,,,,,,,,,
54,VISIT,5352,Random,OnArrival,5,6,14197,Node_27,21,0,16,21,16,,,,,,,,,
54,VISIT,5348,Random,OnArrival,5,36,14204,Node_223,15,0,-2,15,-2,,,,,,,,,
54,VISIT,5349,Random,OnArrival,5,6,14214,Node_102,16,0,14,16,14,,,,,,,,,
54,VISIT,5350,Random,OnArrival,5,7,14214,Node_43,20,0,14,20,14,,,,,,,,,
54,VISIT,5351,Random,OnArrival,5,7,14214,Node_37,14,0,14,14,14,,,,,,,,,
54,VISIT,5347,Random,OnArrival,5,48,14222,Node_362,6,0,2,6,2,,,,,,,,,
54,VISIT,5349,Random,OnArrival,5,7,14233,Node_95,15,0,14,15,14,,,,,,,,,
54,VISIT,5351,Random,OnArrival,5,8,14233,Node_38,13,0,14,13,14,,,,,,,,,
54,VISIT,5352,Random,OnArrival,5,7,14233,Node_30,21,0,18,21,18,,,,,,,,,
54,VISIT,5348,Random,OnArrival,5,37,14242,Node_433,17,0,-2,17,-2,,,,,,,,,
54,VISIT,5349,Random,OnArrival,5,8,14253,Node_37,14,0,14,14,14,,,,,,,,,
54,VISIT,5350,Random,OnArrival,5,8,14253,Node_139,18,0,14,18,14,,,,,,,,,
54,VISIT,5351,Random,OnArrival,5,9,14253,Node_39,13,0,15,13,15,,,,,,,,,
54,VISIT,5352,Random,OnArrival,5,8,14253,Node_184,20,0,18,20,18,,,,,,,,,
54,VISIT,5349,Random,OnArrival,5,9,14273,Node_38,13,0,14,13,14,,,,,,,,,
54,VISIT,5350,Random,OnArrival,5,9,14273,Node_105,17,0,14,17,14,,,,,,,,,
54,VISIT,5348,Random,OnArrival,5,38,14283,Node_430,18,0,-1,18,-1,,,,,,,,,
54,VISIT,5349,Random,OnArrival,5,10,14293,Node_39,13,0,15,13,15,,,,,,,,,
54,VISIT,5350,Random,OnArrival,5,10,14293,Node_102,16,0,14,16,14,,,,,,,,,
54,VISIT,5352,Random,OnArrival,5,9,14293,Node_148,18,0,18,18,18,,,,,,,,,
54,VISIT,5348,Random,OnArrival,5,39,14303,Node_432,17,0,-1,17,-1,,,,,,,,,
54,VISIT,5349,Random,OnArrival,5,11,14313,Node_81,12,0,15,12,15,,,,,,,,,
54,VISIT,5350,Random,OnArrival,5,11,14313,Node_95,15,0,14,15,14,,,,,,,,,
54,VISIT,5352,Random,OnArrival,5,10,14313,Node_150,18,0,19,18,19,,,,,,,,,
54,VISIT,5348,Random,OnArrival,5,40,14323,Node_433,17,0,-2,17,-2,,,,,,,,,
54,VISIT,5349,Random,OnArrival,5,12,14332,Node_79,12,0,14,12,14,,,,,,,,,
54,VISIT,5350,Random,OnArrival,5,12,14332,Node_37,14,0,14,14,14,,,,,,,,,
54,VISIT,5351,Random,OnArrival,5,10,14332,Node_85,12,0,18,12,18,,,,,,,,,
54,VISIT,5352,Random,OnArrival,5,11,14332,Node_152,18,0,20,18,20,,,,,,,,,
54,VISIT,5350,Random,OnArrival,5,13,14353,Node_38,13,0,14,13,14,,,,,,,,,
54,VISIT,5352,Random,OnArrival,5,12,14353,Node_116,17,0,20,17,20,,,,,,,,,
54,VISIT,5348,Random,OnArrival,5,41,14363,Node_223,15,0,-2,15,-2,,,,,,,,,
54,VISIT,5349,Random,OnArrival,5,13,14373,Node_106,10,0,14,10,14,,,,,,,,,
54,VISIT,5350,Random,OnArrival,5,14,14373,Node_39,13,0,15,13,15,,,,,,,,,
54,VISIT,5352,Random,OnArrival,5,13,14373,Node_119,16,0,20,16,20,,,,,,,,,
54,VISIT,5348,Random,OnArrival,5,42,14383,Node_225,15,0,-3,15,-3,,,,,,,,,
54,VISIT,5350,Random,OnArrival,5,15,14393,Node_38,13,0,14,13,14,,,,,,,,,
54,VISIT,5352,Random,OnArrival,5,14,14393,Node_188,15,0,20,15,20,,,,,,,,,
54,VISIT,5348,Random,OnArrival,5,43,14403,Node_314,15,0,-4,15,-4,,,,,,,,,
54,VISIT,5349,Random,OnArrival,5,14,14413,Node_111,9,0,15,9,15,,,,,,,,,
54,VISIT,5350,Random,OnArrival,5,16,14413,Node_79,12,0,14,12,14,,,,,,,,,
54,VISIT,5348,Random,OnArrival,5,44,14422,Node_308,14,0,-4,14,-4,,,,,,,,,
54,VISIT,5352,Random,OnArrival,5,15,14433,Node_396,14,0,21,14,21,,,,,,,,,
54,VISIT,5348,Random,OnArrival,5,45,14442,Node_306,14,0,-3,14,-3,,,,,,,,,
54,VISIT,5350,Random,OnArrival,5,17,14452,Node_106,10,0,14,10,14,,,,,,,,,
54,VISIT,5351,Random,OnArrival,5,11,14452,Node_405,11,0,23,11,23,,,,,,,,,
54,VISIT,5352,Random,OnArrival,5,16,14452,Node_205,14,0,22,14,22,,,,,,,,,
54,VISIT,5348,Random,OnArrival,5,46,14461,Node_304,14,0,-2,14,-2,,,,,,,,,
54,VISIT,5350,Random,OnArrival,5,18,14471,Node_158,10,0,13,10,13,,,,,,,,,
54,VISIT,5351,Random,OnArrival,5,12,14471,Node_400,12,0,23,12,23,,,,,,,,,
54,VISIT,5352,Random,OnArrival,5,17,14471,Node_192,15,0,22,15,22,,,,,,,,,
54,VISIT,5348,Random,OnArrival,5,47,14481,Node_223,15,0,-2,15,-2,,,,,,,,,
54,VISIT,5352,Random,OnArrival,5,18,14491,Node_190,15,0,21,15,21,,,,,,,,,
54,VISIT,5348,Random,OnArrival,5,48,14501,Node_220,15,0,-1,15,-1,,,,,,,,,
54,VISIT,5350,Random,OnArrival,5,19,14511,Node_442,9,0,14,9,14,,,,,,,,,
54,VISIT,5352,Random,OnArrival,5,19,14511,Node_188,15,0,20,15,20,,,,,,,,,
54,VISIT,5348,Random,OnArrival,5,49,14520,Node_301,14,0,-1,14,-1,,,,,,,,,
54,VISIT,5352,Random,OnArrival,5,20,14531,Node_354,15,0,19,15,19,,,,,,,,,
54,VISIT,5348,Random,OnArrival,5,50,14539,Node_304,14,0,-2,14,-2,,,,,,,,,
54,VISIT,5350,Random,OnArrival,5,20,14550,Node_447,8,0,15,8,15,,,,,,,,,
54,VISIT,5352,Random,OnArrival,5,21,14550,Node_359,14,0,19,14,19,,,,,,,,,
54,VISIT,5348,Random,OnArrival,5,51,14558,Node_223,15,0,-2,15,-2,,,,,,,,,
54,VISIT,5350,Random,OnArrival,5,21,14570,Node_450,8,0,16,8,16,,,,,,,,,
54,VISIT,5352,Random,OnArrival,5,22,14570,Node_446,14,0,20,14,20,,,,,,,,,
54,VISIT,5350,Random,OnArrival,5,22,14589,Node_113,9,0,16,9,16,,,,,,,,,
54,VISIT,5352,Random,OnArrival,5,23,14589,Node_396,14,0,21,14,21,,,,,,,,,
54,VISIT,5348,Random,OnArrival,5,52,14597,Node_433,17,0,-2,17,-2,,,,,,,,,
54,VISIT,5352,Random,OnArrival,5,24,14608,Node_205,14,0,22,14,22,,,,,,,,,
54,VISIT,5348,Random,OnArrival,5,53,14617,Node_435,18,0,-2,18,-2,,,,,,,,,
54,VISIT,5352,Random,OnArrival,5,25,14628,Node_398,13,0,22,13,22,,,,,,,,,
54,VISIT,5348,Random,OnArrival,5,54,14637,Node_133,19,0,-2,19,-2,,,,,,,,,
54,VISIT,5350,Random,OnArrival,5,23,14647,Node_453,8,0,18,8,18,,,,,,,,,
54,VISIT,5352,Random,OnArrival,5,26,14647,Node_455,12,0,22,12,22,,,,,,,,,
54,VISIT,5350,Random,OnArrival,5,24,14667,Node_457,7,0,18,7,18,,,,,,,,,
54,VISIT,5352,Random,OnArrival,5,27,14667,Node_448,11,0,22,11,22,,,,,,,,,
54,VISIT,5352,Random,OnArrival,5,28,14688,Node_405,11,0,23,11,23,,,,,,,,,
54,VISIT,5350,Random,OnArrival,5,25,14708,Node_467,6,0,19,6,19,,,,,,,,,
54,VISIT,5352,Random,OnArrival,5,29,14708,Node_404,11,0,24,11,24,,,,,,,,,
54,VISIT,5352,Random,OnArrival,5,30,14807,Node_473,10,0,24,10,24,,,,,,,,,
54,VISIT,5352,Random,OnArrival,5,31,14826,Node_404,11,0,24,11,24,,,,,,,,,
54,VISIT,5352,Random,OnArrival,5,32,14846,Node_401,12,0,24,12,24,,,,,,,,,
54,VISIT,5352,Random,OnArrival,5,33,14866,Node_400,12,0,23,12,23,,,,,,,,,
54,VISIT,5352,Random,OnArrival,5,34,14886,Node_399,13,0,23,13,23,,,,,,,,,
54,VISIT,5352,Random,OnArrival,5,35,14907,Node_204,14,0,23,14,23,,,,,,,,,
54,VISIT,5352,Random,OnArrival,5,36,14927,Node_194,15,0,23,15,23,,,,,,,,,
54,VISIT,5353,Random,OnArrival,5,0,14934,Node_6,19,0,12,19,12,,,,,,,,,
54,VISIT,5354,Random,OnArrival,5,0,14934,Node_7,19,0,8,19,8,,,,,,,,,
54,VISIT,5355,Random,OnArrival,5,0,14934,Node_8,17,0,10,17,10,,,,,,,,,
54,VISIT,5356,Random,OnArrival,5,0,14934,Node_9,21,0,10,21,10,,,,,,,,,
54,VISIT,5352,Random,OnArrival,5,37,14938,Node_204,14,0,23,14,23,,,,,,,,,
54,VISIT,5353,Random,OnArrival,5,1,14946,Node_2,19,0,11,19,11,,,,,,,,,
54,VISIT,5354,Random,OnArrival,5,1,14946,Node_11,18,0,8,18,8,,,,,,,,,
54,VISIT,5355,Random,OnArrival,5,1,14946,Node_23,17,0,9,17,9,,,,,,,,,
54,VISIT,5356,Random,OnArrival,5,1,14946,Node_5,20,0,10,20,10,,,,,,,,,
54,VISIT,5352,Random,OnArrival,5,38,14951,Node_399,13,0,23,13,23,,,,,,,,,
54,VISIT,5353,Random,OnArrival,5,2,14959,Node_20,19,0,10,19,10,,,,,,,,,
54,VISIT,5354,Random,OnArrival,5,2,14959,Node_126,17,0,8,17,8,,,,,,,,,
54,VISIT,5355,Random,OnArrival,5,2,14959,Node_126,17,0,8,17,8,,,,,,,,,
54,VISIT,5356,Random,OnArrival,5,2,14959,Node_20,19,0,10,19,10,,,,,,,,,
54,VISIT,5352,Random,OnArrival,5,39,14964,Node_400,12,0,23,12,23,,,,,,,,,
54,VISIT,5353,Random,OnArrival,5,3,14972,Node_4,18,0,10,18,10,,,,,,,,,
54,VISIT,5354,Random,OnArrival,5,3,14972,Node_166,17,0,7,17,7,,,,,,,,,
54,VISIT,5355,Random,OnArrival,5,3,14972,Node_166,17,0,7,17,7,,,,,,,,,
54,VISIT,5356,Random,OnArrival,5,3,14972,Node_4,18,0,10,18,10,,,,,,,,,
54,VISIT,5352,Random,OnArrival,5,40,14977,Node_401,12,0,24,12,24,,,,,,,,,
54,VISIT,5353,Random,OnArrival,5,4,14985,Node_8,17,0,10,17,10,,,,,,,,,
54,VISIT,5354,Random,OnArrival,5,4,14985,Node_167,16,0,7,16,7,,,,,,,,,
54,VISIT,5355,Random,OnArrival,5,4,14985,Node_167,16,0,7,16,7,,,,,,,,,
54,VISIT,5356,Random,OnArrival,5,4,14985,Node_8,17,0,10,17,10,,,,,,,,,
54,VISIT,5352,Random,OnArrival,5,41,14993,Node_402,12,0,25,12,25,,,,,,,,,
54,VISIT,5353,Random,OnArrival,5,5,15001,Node_23,17,0,9,17,9,,,,,,,,,
54,VISIT,5354,Random,OnArrival,5,5,15001,Node_206,16,0,6,16,6,,,,,,,,,
54,VISIT,5355,Random,OnArrival,5,5,15001,Node_206,16,0,6,16,6,,,,,,,,,
54,VISIT,5356,Random,OnArrival,5,5,15001,Node_23,17,0,9,17,9,,,,,,,,,
54,VISIT,5352,Random,OnArrival,5,42,15009,Node_403,11,0,25,11,25,,,,,,,,,
54,VISIT,5353,Random,OnArrival,5,6,15017,Node_126,17,0,8,17,8,,,,,,,,,
54,VISIT,5354,Random,OnArrival,5,6,15017,Node_171,15,0,6,15,6,,,,,,,,,
54,VISIT,5355,Random,OnArrival,5,6,15017,Node_171,15,0,6,15,6,,,,,,,,,
54,VISIT,5356,Random,OnArrival,5,6,15017,Node_126,17,0,8,17,8,,,,,,,,,
54,VISIT,5352,Random,OnArrival,5,43,15025,Node_475,10,0,25,10,25,,,,,,,,,
54,VISIT,5353,Random,OnArrival,5,7,15033,Node_166,17,0,7,17,7,,,,,,,,,
54,VISIT,5354,Random,OnArrival,5,7,15033,Node_177,14,0,6,14,6,,,,,,,,,
54,VISIT,5355,Random,OnArrival,5,7,15033,Node_177,14,0,6,14,6,,,,,,,,,
54,VISIT,5356,Random,OnArrival,5,7,15033,Node_166,17,0,7,17,7,,,,,,,,,
54,VISIT,5352,Random,OnArrival,5,44,15041,Node_473,10,0,24,10,24,,,,,,,,,
54,VISIT,5353,Random,OnArrival,5,8,15049,Node_167,16,0,7,16,7,,,,,,,,,
54,VISIT,5354,Random,OnArrival,5,8,15049,Node_141,13,0,6,13,6,,,,,,,,,
54,VISIT,5355,Random,OnArrival,5,8,15049,Node_141,13,0,6,13,6,,,,,,,,,
54,VISIT,5356,Random,OnArrival,5,8,15049,Node_167,16,0,7,16,7,,,,,,,,,
54,VISIT,5352,Random,OnArrival,5,45,15059,Node_404,11,0,24,11,24,,,,,,,,,
54,VISIT,5353,Random,OnArrival,5,9,15067,Node_206,16,0,6,16,6,,,,,,,,,
54,VISIT,5354,Random,OnArrival,5,9,15067,Node_143,13,0,5,13,5,,,,,,,,,
54,VISIT,5355,Random,OnArrival,5,9,15067,Node_143,13,0,5,13,5,,,,,,,,,
54,VISIT,5356,Random,OnArrival,5,9,15067,Node_206,16,0,6,16,6,,,,,,,,,
54,VISIT,5352,Random,OnArrival,5,46,15078,Node_405,11,0,23,11,23,,,,,,,,,
54,VISIT,5353,Random,OnArrival,5,10,15087,Node_171,15,0,6,15,6,,,,,,,,,
54,VISIT,5354,Random,OnArrival,5,10,15087,Node_145,12,0,5,12,5,,,,,,,,,
54,VISIT,5355,Random,OnArrival,5,10,15087,Node_145,12,0,5,12,5,,,,,,,,,
54,VISIT,5356,Random,OnArrival,5,10,15087,Node_171,15,0,6,15,6,,,,,,,,,
54,VISIT,5352,Random,OnArrival,5,47,15098,Node_448,11,0,22,11,22,,,,,,,,,
54,VISIT,5353,Random,OnArrival,5,11,15107,Node_177,14,0,6,14,6,,,,,,,,,
54,VISIT,5354,Random,OnArrival,5,11,15107,Node_179,11,0,5,11,5,,,,,,,,,
54,VISIT,5355,Random,OnArrival,5,11,15107,Node_179,11,0,5,11,5,,,,,,,,,
54,VISIT,5356,Random,OnArrival,5,11,15107,Node_177,14,0,6,14,6,,,,,,,,,
54,VISIT,5352,Random,OnArrival,5,48,15117,Node_455,12,0,22,12,22,,,,,,,,,
54,VISIT,5353,Random,OnArrival,5,12,15127,Node_141,13,0,6,13,6,,,,,,,,,
54,VISIT,5354,Random,OnArrival,5,12,15127,Node_180,11,0,4,11,4,,,,,,,,,
54,VISIT,5355,Random,OnArrival,5,12,15127,Node_180,11,0,4,11,4,,,,,,,,,
54,VISIT,5356,Random,OnArrival,5,12,15127,Node_141,13,0,6,13,6,,,,,,,,,
54,VISIT,5352,Random,OnArrival,5,49,15137,Node_458,12,0,21,12,21,,,,,,,,,
54,VISIT,5353,Random,OnArrival,5,13,15147,Node_143,13,0,5,13,5,,,,,,,,,
54,VISIT,5354,Random,OnArrival,5,13,15147,Node_181,11,0,3,11,3,,,,,,,,,
54,VISIT,5355,Random,OnArrival,5,13,15147,Node_181,11,0,3,11,3,,,,,,,,,
54,VISIT,5356,Random,OnArrival,5,13,15147,Node_143,13,0,5,13,5,,,,,,,,,
54,VISIT,5352,Random,OnArrival,5,50,15157,Node_445,11,0,21,11,21,,,,,,,,,
54,VISIT,5353,Random,OnArrival,5,14,15167,Node_145,12,0,5,12,5,,,,,,,,,
54,VISIT,5354,Random,OnArrival,5,14,15167,Node_182,11,0,2,11,2,,,,,,,,,
54,VISIT,5355,Random,OnArrival,5,14,15167,Node_182,11,0,2,11,2,,,,,,,,,
54,VISIT,5356,Random,OnArrival,5,14,15167,Node_145,12,0,5,12,5,,,,,,,,,
54,VISIT,5353,Random,OnArrival,5,15,15187,Node_179,11,0,5,11,5,,,,,,,,,
54,VISIT,5354,Random,OnArrival,5,15,15187,Node_183,11,0,1,11,1,,,,,,,,,
54,VISIT,5355,Random,OnArrival,5,15,15187,Node_183,11,0,1,11,1,,,,,,,,,
54,VISIT,5356,Random,OnArrival,5,15,15187,Node_179,11,0,5,11,5,,,,,,,,,
54,VISIT,5353,Random,OnArrival,5,16,15206,Node_180,11,0,4,11,4,,,,,,,,,
54,VISIT,5354,Random,OnArrival,5,16,15206,Node_185,11,0,0,11,0,,,,,,,,,
54,VISIT,5355,Random,OnArrival,5,16,15206,Node_228,10,0,1,10,1,,,,,,,,,
54,VISIT,5356,Random,OnArrival,5,16,15206,Node_180,11,0,4,11,4,,,,,,,,,
54,VISIT,5353,Random,OnArrival,5,17,15225,Node_181,11,0,3,11,3,,,,,,,,,
54,VISIT,5354,Random,OnArrival,5,17,15225,Node_231,10,0,0,10,0,,,,,,,,,
54,VISIT,5355,Random,OnArrival,5,17,15225,Node_231,10,0,0,10,0,,,,,,,,,
54,VISIT,5356,Random,OnArrival,5,17,15225,Node_181,11,0,3,11,3,,,,,,,,,
54,VISIT,5353,Random,OnArrival,5,18,15244,Node_182,11,0,2,11,2,,,,,,,,,
54,VISIT,5354,Random,OnArrival,5,18,15244,Node_233,10,0,-1,10,-1,,,,,,,,,
54,VISIT,5355,Random,OnArrival,5,18,15244,Node_233,10,0,-1,10,-1,,,,,,,,,
54,VISIT,5356,Random,OnArrival,5,18,15244,Node_182,11,0,2,11,2,,,,,,,,,
54,VISIT,5353,Random,OnArrival,5,19,15263,Node_183,11,0,1,11,1,,,,,,,,,
54,VISIT,5354,Random,OnArrival,5,19,15263,Node_187,11,0,-1,11,-1,,,,,,,,,
54,VISIT,5355,Random,OnArrival,5,19,15263,Node_235,10,0,-2,10,-2,,,,,,,,,
54,VISIT,5356,Random,OnArrival,5,19,15263,Node_183,11,0,1,11,1,,,,,,,,,
54,VISIT,5353,Random,OnArrival,5,20,15282,Node_185,11,0,0,11,0,,,,,,,,,
54,VISIT,5355,Random,OnArrival,5,20,15282,Node_323,11,0,-2,11,-2,,,,,,,,,
54,VISIT,5356,Random,OnArrival,5,20,15282,Node_185,11,0,0,11,0,,,,,,,,,
54,VISIT,5355,Random,OnArrival,5,21,15301,Node_322,11,0,-3,11,-3,,,,,,,,,
54,VISIT,5353,Random,OnArrival,5,21,15320,Node_486,12,0,-1,12,-1,,,,,,,,,
54,VISIT,5355,Random,OnArrival,5,22,15320,Node_236,10,0,-3,10,-3,,,,,,,,,
54,VISIT,5353,Random,OnArrival,5,22,15340,Node_187,11,0,-1,11,-1,,,,,,,,,
54,VISIT,5354,Random,OnArrival,5,20,15340,Node_299,14,0,0,14,0,,,,,,,,,
54,VISIT,5356,Random,OnArrival,5,21,15340,Node_299,14,0,0,14,0,,,,,,,,,
54,VISIT,5353,Random,OnArrival,5,23,15359,Node_233,10,0,-1,10,-1,,,,,,,,,
54,VISIT,5354,Random,OnArrival,5,21,15359,Node_217,15,0,0,15,0,,,,,,,,,
54,VISIT,5356,Random,OnArrival,5,22,15359,Node_217,15,0,0,15,0,,,,,,,,,
54,VISIT,5354,Random,OnArrival,5,22,15378,Node_220,15,0,-1,15,-1,,,,,,,,,
54,VISIT,5356,Random,OnArrival,5,23,15378,Node_220,15,0,-1,15,-1,,,,,,,,,
54,VISIT,5353,Random,OnArrival,5,24,15398,Node_324,8,0,-1,8,-1,,,,,,,,,
54,VISIT,5354,Random,OnArrival,5,23,15398,Node_223,15,0,-2,15,-2,,,,,,,,,
54,VISIT,5356,Random,OnArrival,5,24,15398,Node_223,15,0,-2,15,-2,,,,,,,,,
54,VISIT,5353,Random,OnArrival,5,25,15417,Node_325,8,0,-2,8,-2,,,,,,,,,
54,VISIT,5354,Random,OnArrival,5,24,15417,Node_225,15,0,-3,15,-3,,,,,,,,,
54,VISIT,5356,Random,OnArrival,5,25,15417,Node_225,15,0,-3,15,-3,,,,,,,,,
54,VISIT,5354,Random,OnArrival,5,25,15437,Node_314,15,0,-4,15,-4,,,,,,,,,
54,VISIT,5356,Random,OnArrival,5,26,15437,Node_306,14,0,-3,14,-3,,,,,,,,,
54,VISIT,5354,Random,OnArrival,5,26,15457,Node_312,15,0,-5,15,-5,,,,,,,,,
54,VISIT,5355,Random,OnArrival,5,23,15457,Node_325,8,0,-2,8,-2,,,,,,,,,
54,VISIT,5353,Random,OnArrival,5,26,15477,Node_490,8,0,-5,8,-5,,,,,,,,,
54,VISIT,5356,Random,OnArrival,5,27,15477,Node_318,12,0,-3,12,-3,,,,,,,,,
54,VISIT,5356,Random,OnArrival,5,28,15497,Node_322,11,0,-3,11,-3,,,,,,,,,
54,VISIT,5356,Random,OnArrival,5,29,15516,Node_236,10,0,-3,10,-3,,,,,,,,,
54,VISIT,5356,Random,OnArrival,5,30,15535,Node_488,10,0,-4,10,-4,,,,,,,,,
54,VISIT,5356,Random,OnArrival,5,31,15554,Node_321,11,0,-4,11,-4,,,,,,,,,
54,VISIT,5353,Random,OnArrival,5,27,15573,Node_497,5,0,-3,5,-3,,,,,,,,,
54,VISIT,5354,Random,OnArrival,5,27,15573,Node_491,17,0,-5,17,-5,,,,,,,,,
54,VISIT,5355,Random,OnArrival,5,24,15573,Node_495,5,0,-5,5,-5,,,,,,,,,
54,VISIT,5354,Random,OnArrival,5,28,15592,Node_493,17,0,-4,17,-4,,,,,,,,,
54,VISIT,5356,Random,OnArrival,5,32,15592,Node_489,10,0,-5,10,-5,,,,,,,,,
54,VISIT,5354,Random,OnArrival,5,29,15611,Node_496,18,0,-4,18,-4,,,,,,,,,
54,VISIT,5354,Random,OnArrival,5,30,15630,Node_137,19,0,-4,19,-4,,,,,,,,,
54,VISIT,5356,Random,OnArrival,5,33,15630,Node_490,8,0,-5,8,-5,,,,,,,,,
54,VISIT,5353,Random,OnArrival,5,28,15668,Node_439,3,0,0,3,0,,,,,,,,,
54,VISIT,5354,Random,OnArrival,5,31,15687,Node_470,20,0,-2,20,-2,,,,,,,,,
54,VISIT,5356,Random,OnArrival,5,34,15687,Node_495,5,0,-5,5,-5,,,,,,,,,
54,VISIT,5354,Random,OnArrival,5,32,15707,Node_133,19,0,-2,19,-2,,,,,,,,,
54,VISIT,5357,Random,OnArrival,5,0,15723,Node_6,19,0,12,19,12,,,,,,,,,
54,VISIT,5358,Random,OnArrival,5,0,15723,Node_7,19,0,8,19,8,,,,,,,,,
54,VISIT,5359,Random,OnArrival,5,0,15723,Node_8,17,0,10,17,10,,,,,,,,,
54,VISIT,5360,Random,OnArrival,5,0,15723,Node_9,21,0,10,21,10,,,,,,,,,
54,VISIT,5354,Random,OnArrival,5,33,15725,Node_135,19,0,-3,19,-3,,,,,,,,,
54,VISIT,5356,Random,OnArrival,5,35,15725,Node_497,5,0,-3,5,-3,,,,,,,,,
54,VISIT,5357,Random,OnArrival,5,1,15730,Node_2,19,0,11,19,11,,,,,,,,,
54,VISIT,5358,Random,OnArrival,5,1,15730,Node_11,18,0,8,18,8,,,,,,,,,
54,VISIT,5359,Random,OnArrival,5,1,15730,Node_23,17,0,9,17,9,,,,,,,,,
54,VISIT,5360,Random,OnArrival,5,1,15730,Node_5,20,0,10,20,10,,,,,,,,,
54,VISIT,5354,Random,OnArrival,5,34,15734,Node_505,20,0,-3,20,-3,,,,,,,,,
54,VISIT,5356,Random,OnArrival,5,36,15734,Node_500,4,0,-3,4,-3,,,,,,,,,
54,VISIT,5357,Random,OnArrival,5,2,15741,Node_20,19,0,10,19,10,,,,,,,,,
54,VISIT,5358,Random,OnArrival,5,2,15741,Node_126,17,0,8,17,8,,,,,,,,,
54,VISIT,5359,Random,OnArrival,5,2,15741,Node_126,17,0,8,17,8,,,,,,,,,
54,VISIT,5360,Random,OnArrival,5,2,15741,Node_20,19,0,10,19,10,,,,,,,,,
54,VISIT,5354,Random,OnArrival,5,35,15745,Node_470,20,0,-2,20,-2,,,,,,,,,
54,VISIT,5355,Random,OnArrival,5,25,15745,Node_507,0,0,0,0,0,,,,,,,,,
54,VISIT,5356,Random,OnArrival,5,37,15745,Node_501,4,0,-2,4,-2,,,,,,,,,
54,VISIT,5357,Random,OnArrival,5,3,15752,Node_4,18,0,10,18,10,,,,,,,,,
54,VISIT,5358,Random,OnArrival,5,3,15752,Node_166,17,0,7,17,7,,,,,,,,,
54,VISIT,5359,Random,OnArrival,5,3,15752,Node_166,17,0,7,17,7,,,,,,,,,
54,VISIT,5360,Random,OnArrival,5,3,15752,Node_4,18,0,10,18,10,,,,,,,,,
54,VISIT,5354,Random,OnArrival,5,36,15756,Node_133,19,0,-2,19,-2,,,,,,,,,
54,VISIT,5356,Random,OnArrival,5,38,15756,Node_502,3,0,-2,3,-2,,,,,,,,,
54,VISIT,5357,Random,OnArrival,5,4,15764,Node_8,17,0,10,17,10,,,,,,,,,
54,VISIT,5358,Random,OnArrival,5,4,15764,Node_167,16,0,7,16,7,,,,,,,,,
54,VISIT,5359,Random,OnArrival,5,4,15764,Node_167,16,0,7,16,7,,,,,,,,,
54,VISIT,5360,Random,OnArrival,5,4,15764,Node_8,17,0,10,17,10,,,,,,,,,
54,VISIT,5353,Random,OnArrival,5,29,15768,Node_456,-1,0,3,-1,3,,,,,,,,,
54,VISIT,5354,Random,OnArrival,5,37,15768,Node_132,19,0,-1,19,-1,,,,,,,,,
54,VISIT,5357,Random,OnArrival,5,5,15776,Node_23,17,0,9,17,9,,,,,,,,,
54,VISIT,5358,Random,OnArrival,5,5,15776,Node_206,16,0,6,16,6,,,,,,,,,
54,VISIT,5359,Random,OnArrival,5,5,15776,Node_206,16,0,6,16,6,,,,,,,,,
54,VISIT,5360,Random,OnArrival,5,5,15776,Node_23,17,0,9,17,9,,,,,,,,,
54,VISIT,5353,Random,OnArrival,5,30,15783,Node_459,-1,0,4,-1,4,,,,,,,,,
54,VISIT,5354,Random,OnArrival,5,38,15783,Node_131,19,0,0,19,0,,,,,,,,,
54,VISIT,5355,Random,OnArrival,5,26,15783,Node_439,3,0,0,3,0,,,,,,,,,
54,VISIT,5356,Random,OnArrival,5,39,15783,Node_506,1,0,-2,1,-2,,,,,,,,,
54,VISIT,5357,Random,OnArrival,5,6,15791,Node_126,17,0,8,17,8,,,,,,,,,
54,VISIT,5358,Random,OnArrival,5,6,15791,Node_207,16,0,5,16,5,,,,,,,,,
54,VISIT,5359,Random,OnArrival,5,6,15791,Node_207,16,0,5,16,5,,,,,,,,,
54,VISIT,5360,Random,OnArrival,5,6,15791,Node_126,17,0,8,17,8,,,,,,,,,
54,VISIT,5353,Random,OnArrival,5,31,15798,Node_463,-2,0,4,-2,4,,,,,,,,,
54,VISIT,5354,Random,OnArrival,5,39,15798,Node_130,19,0,1,19,1,,,,,,,,,
54,VISIT,5357,Random,OnArrival,5,7,15806,Node_166,17,0,7,17,7,,,,,,,,,
54,VISIT,5358,Random,OnArrival,5,7,15806,Node_209,16,0,4,16,4,,,,,,,,,
54,VISIT,5359,Random,OnArrival,5,7,15806,Node_209,16,0,4,16,4,,,,,,,,,
54,VISIT,5360,Random,OnArrival,5,7,15806,Node_166,17,0,7,17,7,,,,,,,,,
54,VISIT,5354,Random,OnArrival,5,40,15813,Node_129,19,0,2,19,2,,,,,,,,,
54,VISIT,5356,Random,OnArrival,5,40,15813,Node_502,3,0,-2,3,-2,,,,,,,,,
54,VISIT,5357,Random,OnArrival,5,8,15821,Node_167,16,0,7,16,7,,,,,,,,,
54,VISIT,5358,Random,OnArrival,5,8,15821,Node_290,17,0,4,17,4,,,,,,,,,
54,VISIT,5359,Random,OnArrival,5,8,15821,Node_290,17,0,4,17,4,,,,,,,,,
54,VISIT,5360,Random,OnArrival,5,8,15821,Node_167,16,0,7,16,7,,,,,,,,,
54,VISIT,5355,Random,OnArrival,5,27,15828,Node_441,3,0,3,3,3,,,,,,,,,
54,VISIT,5357,Random,OnArrival,5,9,15836,Node_206,16,0,6,16,6,,,,,,,,,
54,VISIT,5358,Random,OnArrival,5,9,15836,Node_327,18,0,4,18,4,,,,,,,,,
54,VISIT,5359,Random,OnArrival,5,9,15836,Node_327,18,0,4,18,4,,,,,,,,,
54,VISIT,5360,Random,OnArrival,5,9,15836,Node_206,16,0,6,16,6,,,,,,,,,
54,VISIT,5354,Random,OnArrival,5,41,15845,Node_58,20,0,3,20,3,,,,,,,,,
54,VISIT,5356,Random,OnArrival,5,41,15845,Node_439,3,0,0,3,0,,,,,,,,,
54,VISIT,5357,Random,OnArrival,5,10,15853,Node_207,16,0,5,16,5,,,,,,,,,
54,VISIT,5358,Random,OnArrival,5,10,15853,Node_127,19,0,4,19,4,,,,,,,,,
54,VISIT,5359,Random,OnArrival,5,10,15853,Node_127,19,0,4,19,4,,,,,,,,,
54,VISIT,5360,Random,OnArrival,5,10,15853,Node_207,16,0,5,16,5,,,,,,,,,
54,VISIT,5354,Random,OnArrival,5,42,15861,Node_128,19,0,3,19,3,,,,,,,,,
54,VISIT,5357,Random,OnArrival,5,11,15870,Node_209,16,0,4,16,4,,,,,,,,,
54,VISIT,5358,Random,OnArrival,5,11,15870,Node_128,19,0,3,19,3,,,,,,,,,
54,VISIT,5359,Random,OnArrival,5,11,15870,Node_128,19,0,3,19,3,,,,,,,,,
54,VISIT,5360,Random,OnArrival,5,11,15870,Node_209,16,0,4,16,4,,,,,,,,,
54,VISIT,5354,Random,OnArrival,5,43,15879,Node_129,19,0,2,19,2,,,,,,,,,
54,VISIT,5357,Random,OnArrival,5,12,15889,Node_290,17,0,4,17,4,,,,,,,,,
54,VISIT,5358,Random,OnArrival,5,12,15889,Node_129,19,0,2,19,2,,,,,,,,,
54,VISIT,5359,Random,OnArrival,5,12,15889,Node_129,19,0,2,19,2,,,,,,,,,
54,VISIT,5360,Random,OnArrival,5,12,15889,Node_290,17,0,4,17,4,,,,,,,,,
54,VISIT,5354,Random,OnArrival,5,44,15898,Node_130,19,0,1,19,1,,,,,,,,,
54,VISIT,5356,Random,OnArrival,5,42,15898,Node_434,6,0,0,6,0,,,,,,,,,
54,VISIT,5357,Random,OnArrival,5,13,15908,Node_327,18,0,4,18,4,,,,,,,,,
54,VISIT,5358,Random,OnArrival,5,13,15908,Node_130,19,0,1,19,1,,,,,,,,,
54,VISIT,5359,Random,OnArrival,5,13,15908,Node_130,19,0,1,19,1,,,,,,,,,
54,VISIT,5360,Random,OnArrival,5,13,15908,Node_327,18,0,4,18,4,,,,,,,,,
54,VISIT,5354,Random,OnArrival,5,45,15917,Node_131,19,0,0,19,0,,,,,,,,,
54,VISIT,5357,Random,OnArrival,5,14,15927,Node_127,19,0,4,19,4,,,,,,,,,
54,VISIT,5358,Random,OnArrival,5,14,15927,Node_131,19,0,0,19,0,,,,,,,,,
54,VISIT,5359,Random,OnArrival,5,14,15927,Node_131,19,0,0,19,0,,,,,,,,,
54,VISIT,5360,Random,OnArrival,5,14,15927,Node_127,19,0,4,19,4,,,,,,,,,
54,VISIT,5356,Random,OnArrival,5,43,15936,Node_362,6,0,2,6,2,,,,,,,,,
54,VISIT,5357,Random,OnArrival,5,15,15946,Node_128,19,0,3,19,3,,,,,,,,,
54,VISIT,5360,Random,OnArrival,5,15,15946,Node_128,19,0,3,19,3,,,,,,,,,
54,VISIT,5356,Random,OnArrival,5,44,15955,Node_364,6,0,3,6,3,,,,,,,,,
54,VISIT,5357,Random,OnArrival,5,16,15965,Node_129,19,0,2,19,2,,,,,,,,,
54,VISIT,5360,Random,OnArrival,5,16,15965,Node_129,19,0,2,19,2,,,,,,,,,
54,VISIT,5354,Random,OnArrival,5,46,15974,Node_392,22,0,0,22,0,,,,,,,,,
54,VISIT,5356,Random,OnArrival,5,45,15974,Node_514,5,0,3,5,3,,,,,,,,,
54,VISIT,5357,Random,OnArrival,5,17,15984,Node_130,19,0,1,19,1,,,,,,,,,
54,VISIT,5358,Random,OnArrival,5,15,15984,Node_392,22,0,0,22,0,,,,,,,,,
54,VISIT,5359,Random,OnArrival,5,15,15984,Node_392,22,0,0,22,0,,,,,,,,,
54,VISIT,5360,Random,OnArrival,5,17,15984,Node_130,19,0,1,19,1,,,,,,,,,
54,VISIT,5354,Random,OnArrival,5,47,15993,Node_394,22,0,-1,22,-1,,,,,,,,,
54,VISIT,5357,Random,OnArrival,5,18,16003,Node_131,19,0,0,19,0,,,,,,,,,
54,VISIT,5358,Random,OnArrival,5,16,16003,Node_260,23,0,0,23,0,,,,,,,,,
54,VISIT,5359,Random,OnArrival,5,16,16003,Node_394,22,0,-1,22,-1,,,,,,,,,
54,VISIT,5360,Random,OnArrival,5,18,16003,Node_131,19,0,0,19,0,,,,,,,,,
54,VISIT,5356,Random,OnArrival,5,46,16012,Node_283,5,0,5,5,5,,,,,,,,,
54,VISIT,5358,Random,OnArrival,5,17,16022,Node_263,23,0,-1,23,-1,,,,,,,,,
54,VISIT,5359,Random,OnArrival,5,17,16022,Node_515,22,0,-2,22,-2,,,,,,,,,
54,VISIT,5354,Random,OnArrival,5,48,16030,Node_270,22,0,-3,22,-3,,,,,,,,,
54,VISIT,5358,Random,OnArrival,5,18,16041,Node_394,22,0,-1,22,-1,,,,,,,,,
54,VISIT,5359,Random,OnArrival,5,18,16041,Node_270,22,0,-3,22,-3,,,,,,,,,
54,VISIT,5357,Random,OnArrival,5,19,16059,Node_392,22,0,0,22,0,,,,,,,,,
54,VISIT,5358,Random,OnArrival,5,19,16059,Node_263,23,0,-1,23,-1,,,,,,,,,
54,VISIT,5359,Random,OnArrival,5,19,16059,Node_517,22,0,-4,22,-4,,,,,,,,,
54,VISIT,5360,Random,OnArrival,5,19,16059,Node_392,22,0,0,22,0,,,,,,,,,
54,VISIT,5357,Random,OnArrival,5,20,16078,Node_394,22,0,-1,22,-1,,,,,,,,,
54,VISIT,5358,Random,OnArrival,5,20,16078,Node_266,23,0,-2,23,-2,,,,,,,,,
54,VISIT,5360,Random,OnArrival,5,20,16078,Node_394,22,0,-1,22,-1,,,,,,,,,
54,VISIT,5357,Random,OnArrival,5,21,16097,Node_263,23,0,-1,23,-1,,,,,,,,,
54,VISIT,5358,Random,OnArrival,5,21,16097,Node_515,22,0,-2,22,-2,,,,,,,,,
54,VISIT,5360,Random,OnArrival,5,21,16097,Node_263,23,0,-1,23,-1,,,,,,,,,
54,VISIT,5357,Random,OnArrival,5,22,16116,Node_266,23,0,-2,23,-2,,,,,,,,,
54,VISIT,5358,Random,OnArrival,5,22,16116,Node_270,22,0,-3,22,-3,,,,,,,,,
54,VISIT,5360,Random,OnArrival,5,22,16116,Node_266,23,0,-2,23,-2,,,,,,,,,
54,VISIT,5358,Random,OnArrival,5,23,16135,Node_517,22,0,-4,22,-4,,,,,,,,,
54,VISIT,5359,Random,OnArrival,5,20,16135,Node_503,20,0,-4,20,-4,,,,,,,,,
54,VISIT,5358,Random,OnArrival,5,24,16153,Node_522,21,0,-4,21,-4,,,,,,,,,
54,VISIT,5357,Random,OnArrival,5,23,16171,Node_268,23,0,-3,23,-3,,,,,,,,,
54,VISIT,5358,Random,OnArrival,5,25,16171,Node_503,20,0,-4,20,-4,,,,,,,,,
54,VISIT,5359,Random,OnArrival,5,21,16171,Node_140,19,0,-5,19,-5,,,,,,,,,
54,VISIT,5360,Random,OnArrival,5,23,16171,Node_268,23,0,-3,23,-3,,,,,,,,,
54,VISIT,5357,Random,OnArrival,5,24,16190,Node_270,22,0,-3,22,-3,,,,,,,,,
54,VISIT,5358,Random,OnArrival,5,26,16190,Node_137,19,0,-4,19,-4,,,,,,,,,
54,VISIT,5359,Random,OnArrival,5,22,16190,Node_498,18,0,-5,18,-5,,,,,,,,,
54,VISIT,5360,Random,OnArrival,5,24,16190,Node_270,22,0,-3,22,-3,,,,,,,,,
54,VISIT,5357,Random,OnArrival,5,25,16208,Node_517,22,0,-4,22,-4,,,,,,,,,
54,VISIT,5358,Random,OnArrival,5,27,16208,Node_140,19,0,-5,19,-5,,,,,,,,,
54,VISIT,5359,Random,OnArrival,5,23,16208,Node_496,18,0,-4,18,-4,,,,,,,,,
54,VISIT,5360,Random,OnArrival,5,25,16208,Node_517,22,0,-4,22,-4,,,,,,,,,
54,VISIT,5357,Random,OnArrival,5,26,16227,Node_522,21,0,-4,21,-4,,,,,,,,,
54,VISIT,5358,Random,OnArrival,5,28,16227,Node_526,20,0,-5,20,-5,,,,,,,,,
54,VISIT,5359,Random,OnArrival,5,24,16227,Node_137,19,0,-4,19,-4,,,,,,,,,
54,VISIT,5360,Random,OnArrival,5,26,16227,Node_518,22,0,-5,22,-5,,,,,,,,,
54,VISIT,5357,Random,OnArrival,5,27,16245,Node_503,20,0,-4,20,-4,,,,,,,,,
54,VISIT,5358,Random,OnArrival,5,29,16245,Node_520,21,0,-5,21,-5,,,,,,,,,
54,VISIT,5359,Random,OnArrival,5,25,16245,Node_503,20,0,-4,20,-4,,,,,,,,,
54,VISIT,5360,Random,OnArrival,5,27,16245,Node_520,21,0,-5,21,-5,,,,,,,,,
54,VISIT,5357,Random,OnArrival,5,28,16264,Node_526,20,0,-5,20,-5,,,,,,,,,
54,VISIT,5358,Random,OnArrival,5,30,16264,Node_518,22,0,-5,22,-5,,,,,,,,,
54,VISIT,5359,Random,OnArrival,5,26,16264,Node_522,21,0,-4,21,-4,,,,,,,,,
54,VISIT,5360,Random,OnArrival,5,28,16264,Node_518,22,0,-5,22,-5,,,,,,,,,
54,VISIT,5357,Random,OnArrival,5,29,16282,Node_140,19,0,-5,19,-5,,,,,,,,,
54,VISIT,5358,Random,OnArrival,5,31,16282,Node_517,22,0,-4,22,-4,,,,,,,,,
54,VISIT,5359,Random,OnArrival,5,27,16282,Node_520,21,0,-5,21,-5,,,,,,,,,
54,VISIT,5360,Random,OnArrival,5,29,16282,Node_517,22,0,-4,22,-4,,,,,,,,,
54,VISIT,5357,Random,OnArrival,5,30,16300,Node_498,18,0,-5,18,-5,,,,,,,,,
54,VISIT,5358,Random,OnArrival,5,32,16300,Node_270,22,0,-3,22,-3,,,,,,,,,
54,VISIT,5359,Random,OnArrival,5,28,16300,Node_518,22,0,-5,22,-5,,,,,,,,,
54,VISIT,5360,Random,OnArrival,5,30,16300,Node_270,22,0,-3,22,-3,,,,,,,,,
54,VISIT,5357,Random,OnArrival,5,31,16317,Node_491,17,0,-5,17,-5,,,,,,,,,
54,VISIT,5358,Random,OnArrival,5,33,16317,Node_268,23,0,-3,23,-3,,,,,,,,,
54,VISIT,5359,Random,OnArrival,5,29,16317,Node_517,22,0,-4,22,-4,,,,,,,,,
54,VISIT,5360,Random,OnArrival,5,31,16317,Node_268,23,0,-3,23,-3,,,,,,,,,
54,VISIT,5358,Random,OnArrival,5,34,16335,Node_266,23,0,-2,23,-2,,,,,,,,,
54,VISIT,5359,Random,OnArrival,5,30,16335,Node_270,22,0,-3,22,-3,,,,,,,,,
54,VISIT,5360,Random,OnArrival,5,32,16335,Node_266,23,0,-2,23,-2,,,,,,,,,
54,VISIT,5357,Random,OnArrival,5,32,16354,Node_312,15,0,-5,15,-5,,,,,,,,,
54,VISIT,5358,Random,OnArrival,5,35,16354,Node_523,24,0,-2,24,-2,,,,,,,,,
54,VISIT,5359,Random,OnArrival,5,31,16354,Node_268,23,0,-3,23,-3,,,,,,,,,
54,VISIT,5360,Random,OnArrival,5,33,16354,Node_523,24,0,-2,24,-2,,,,,,,,,
54,VISIT,5357,Random,OnArrival,5,33,16372,Node_310,14,0,-5,14,-5,,,,,,,,,
54,VISIT,5359,Random,OnArrival,5,32,16372,Node_266,23,0,-2,23,-2,,,,,,,,,
54,VISIT,5357,Random,OnArrival,5,34,16391,Node_308,14,0,-4,14,-4,,,,,,,,,
54,VISIT,5359,Random,OnArrival,5,33,16391,Node_523,24,0,-2,24,-2,,,,,,,,,
54,VISIT,5357,Random,OnArrival,5,35,16409,Node_306,14,0,-3,14,-3,,,,,,,,,
54,VISIT,5358,Random,OnArrival,5,36,16427,Node_381,27,0,-1,27,-1,,,,,,,,,
54,VISIT,5359,Random,OnArrival,5,34,16427,Node_532,26,0,-2,26,-2,,,,,,,,,
54,VISIT,5360,Random,OnArrival,5,34,16427,Node_381,27,0,-1,27,-1,,,,,,,,,
54,VISIT,5357,Random,OnArrival,5,36,16446,Node_318,12,0,-3,12,-3,,,,,,,,,
54,VISIT,5358,Random,OnArrival,5,37,16446,Node_377,28,0,-1,28,-1,,,,,,,,,
54,VISIT,5360,Random,OnArrival,5,35,16446,Node_377,28,0,-1,28,-1,,,,,,,,,
54,VISIT,5361,Random,OnArrival,5,0,16455,Node_6,19,0,12,19,12,,,,,,,,,
54,VISIT,5362,Random,OnArrival,5,0,16455,Node_7,19,0,8,19,8,,,,,,,,,
54,VISIT,5363,Random,OnArrival,5,0,16455,Node_8,17,0,10,17,10,,,,,,,,,
54,VISIT,5364,Random,OnArrival,5,0,16455,Node_9,21,0,10,21,10,,,,,,,,,
54,VISIT,5357,Random,OnArrival,5,37,16459,Node_320,12,0,-4,12,-4,,,,,,,,,
54,VISIT,5361,Random,OnArrival,5,1,16464,Node_2,19,0,11,19,11,,,,,,,,,
54,VISIT,5362,Random,OnArrival,5,1,16464,Node_11,18,0,8,18,8,,,,,,,,,
54,VISIT,5363,Random,OnArrival,5,1,16464,Node_23,17,0,9,17,9,,,,,,,,,
54,VISIT,5364,Random,OnArrival,5,1,16464,Node_5,20,0,10,20,10,,,,,,,,,
54,VISIT,5357,Random,OnArrival,5,38,16469,Node_321,11,0,-4,11,-4,,,,,,,,,
54,VISIT,5361,Random,OnArrival,5,2,16474,Node_20,19,0,10,19,10,,,,,,,,,
54,VISIT,5362,Random,OnArrival,5,2,16474,Node_126,17,0,8,17,8,,,,,,,,,
54,VISIT,5363,Random,OnArrival,5,2,16474,Node_126,17,0,8,17,8,,,,,,,,,
54,VISIT,5364,Random,OnArrival,5,2,16474,Node_20,19,0,10,19,10,,,,,,,,,
54,VISIT,5357,Random,OnArrival,5,39,16479,Node_488,10,0,-4,10,-4,,,,,,,,,
54,VISIT,5361,Random,OnArrival,5,3,16484,Node_4,18,0,10,18,10,,,,,,,,,
54,VISIT,5362,Random,OnArrival,5,3,16484,Node_166,17,0,7,17,7,,,,,,,,,
54,VISIT,5363,Random,OnArrival,5,3,16484,Node_166,17,0,7,17,7,,,,,,,,,
54,VISIT,5364,Random,OnArrival,5,3,16484,Node_4,18,0,10,18,10,,,,,,,,,
54,VISIT,5357,Random,OnArrival,5,40,16489,Node_489,10,0,-5,10,-5,,,,,,,,,
54,VISIT,5361,Random,OnArrival,5,4,16494,Node_8,17,0,10,17,10,,,,,,,,,
54,VISIT,5362,Random,OnArrival,5,4,16494,Node_167,16,0,7,16,7,,,,,,,,,
54,VISIT,5363,Random,OnArrival,5,4,16494,Node_167,16,0,7,16,7,,,,,,,,,
54,VISIT,5364,Random,OnArrival,5,4,16494,Node_8,17,0,10,17,10,,,,,,,,,
54,VISIT,5361,Random,OnArrival,5,5,16505,Node_23,17,0,9,17,9,,,,,,,,,
54,VISIT,5362,Random,OnArrival,5,5,16505,Node_206,16,0,6,16,6,,,,,,,,,
54,VISIT,5363,Random,OnArrival,5,5,16505,Node_206,16,0,6,16,6,,,,,,,,,
54,VISIT,5364,Random,OnArrival,5,5,16505,Node_23,17,0,9,17,9,,,,,,,,,
54,VISIT,5357,Random,OnArrival,5,41,16510,Node_490,8,0,-5,8,-5,,,,,,,,,
54,VISIT,5359,Random,OnArrival,5,35,16510,Node_538,26,0,-5,26,-5,,,,,,,,,
54,VISIT,5361,Random,OnArrival,5,6,16516,Node_126,17,0,8,17,8,,,,,,,,,
54,VISIT,5362,Random,OnArrival,5,6,16516,Node_171,15,0,6,15,6,,,,,,,,,
54,VISIT,5363,Random,OnArrival,5,6,16516,Node_171,15,0,6,15,6,,,,,,,,,
54,VISIT,5364,Random,OnArrival,5,6,16516,Node_126,17,0,8,17,8,,,,,,,,,
54,VISIT,5361,Random,OnArrival,5,7,16527,Node_166,17,0,7,17,7,,,,,,,,,
54,VISIT,5362,Random,OnArrival,5,7,16527,Node_177,14,0,6,14,6,,,,,,,,,
54,VISIT,5363,Random,OnArrival,5,7,16527,Node_177,14,0,6,14,6,,,,,,,,,
54,VISIT,5364,Random,OnArrival,5,7,16527,Node_166,17,0,7,17,7,,,,,,,,,
54,VISIT,5361,Random,OnArrival,5,8,16538,Node_167,16,0,7,16,7,,,,,,,,,
54,VISIT,5362,Random,OnArrival,5,8,16538,Node_141,13,0,6,13,6,,,,,,,,,
54,VISIT,5363,Random,OnArrival,5,8,16538,Node_141,13,0,6,13,6,,,,,,,,,
54,VISIT,5364,Random,OnArrival,5,8,16538,Node_167,16,0,7,16,7,,,,,,,,,
54,VISIT,5357,Random,OnArrival,5,42,16544,Node_495,5,0,-5,5,-5,,,,,,,,,
54,VISIT,5361,Random,OnArrival,5,9,16550,Node_206,16,0,6,16,6,,,,,,,,,
54,VISIT,5362,Random,OnArrival,5,9,16550,Node_143,13,0,5,13,5,,,,,,,,,
54,VISIT,5363,Random,OnArrival,5,9,16550,Node_143,13,0,5,13,5,,,,,,,,,
54,VISIT,5364,Random,OnArrival,5,9,16550,Node_206,16,0,6,16,6,,,,,,,,,
54,VISIT,5361,Random,OnArrival,5,10,16563,Node_171,15,0,6,15,6,,,,,,,,,
54,VISIT,5362,Random,OnArrival,5,10,16563,Node_145,12,0,5,12,5,,,,,,,,,
54,VISIT,5363,Random,OnArrival,5,10,16563,Node_145,12,0,5,12,5,,,,,,,,,
54,VISIT,5364,Random,OnArrival,5,10,16563,Node_171,15,0,6,15,6,,,,,,,,,
54,VISIT,5360,Random,OnArrival,5,36,16570,Node_535,29,0,-1,29,-1,,,,,,,,,
54,VISIT,5361,Random,OnArrival,5,11,16576,Node_177,14,0,6,14,6,,,,,,,,,
54,VISIT,5362,Random,OnArrival,5,11,16576,Node_179,11,0,5,11,5,,,,,,,,,
54,VISIT,5363,Random,OnArrival,5,11,16576,Node_179,11,0,5,11,5,,,,,,,,,
54,VISIT,5364,Random,OnArrival,5,11,16576,Node_177,14,0,6,14,6,,,,,,,,,
54,VISIT,5360,Random,OnArrival,5,37,16584,Node_377,28,0,-1,28,-1,,,,,,,,,
54,VISIT,5361,Random,OnArrival,5,12,16591,Node_141,13,0,6,13,6,,,,,,,,,
54,VISIT,5362,Random,OnArrival,5,12,16591,Node_178,11,0,6,11,6,,,,,,,,,
54,VISIT,5363,Random,OnArrival,5,12,16591,Node_178,11,0,6,11,6,,,,,,,,,
54,VISIT,5364,Random,OnArrival,5,12,16591,Node_141,13,0,6,13,6,,,,,,,,,
54,VISIT,5357,Random,OnArrival,5,43,16599,Node_504,1,0,-5,1,-5,,,,,,,,,
54,VISIT,5360,Random,OnArrival,5,38,16599,Node_378,28,0,-2,28,-2,,,,,,,,,
54,VISIT,5361,Random,OnArrival,5,13,16607,Node_143,13,0,5,13,5,,,,,,,,,
54,VISIT,5362,Random,OnArrival,5,13,16607,Node_215,10,0,6,10,6,,,,,,,,,
54,VISIT,5363,Random,OnArrival,5,13,16607,Node_215,10,0,6,10,6,,,,,,,,,
54,VISIT,5364,Random,OnArrival,5,13,16607,Node_143,13,0,5,13,5,,,,,,,,,
54,VISIT,5360,Random,OnArrival,5,39,16615,Node_537,29,0,-2,29,-2,,,,,,,,,
54,VISIT,5361,Random,OnArrival,5,14,16623,Node_145,12,0,5,12,5,,,,,,,,,
54,VISIT,5362,Random,OnArrival,5,14,16623,Node_269,9,0,6,9,6,,,,,,,,,
54,VISIT,5363,Random,OnArrival,5,14,16623,Node_269,9,0,6,9,6,,,,,,,,,
54,VISIT,5364,Random,OnArrival,5,14,16623,Node_145,12,0,5,12,5,,,,,,,,,
54,VISIT,5360,Random,OnArrival,5,40,16632,Node_548,30,0,-2,30,-2,,,,,,,,,
54,VISIT,5361,Random,OnArrival,5,15,16639,Node_179,11,0,5,11,5,,,,,,,,,
54,VISIT,5362,Random,OnArrival,5,15,16639,Node_272,8,0,6,8,6,,,,,,,,,
54,VISIT,5363,Random,OnArrival,5,15,16639,Node_272,8,0,6,8,6,,,,,,,,,
54,VISIT,5364,Random,OnArrival,5,15,16639,Node_179,11,0,5,11,5,,,,,,,,,
54,VISIT,5361,Random,OnArrival,5,16,16657,Node_178,11,0,6,11,6,,,,,,,,,
54,VISIT,5362,Random,OnArrival,5,16,16657,Node_280,7,0,6,7,6,,,,,,,,,
54,VISIT,5363,Random,OnArrival,5,16,16657,Node_280,7,0,6,7,6,,,,,,,,,
54,VISIT,5364,Random,OnArrival,5,16,16657,Node_178,11,0,6,11,6,,,,,,,,,
54,VISIT,5361,Random,OnArrival,5,17,16675,Node_215,10,0,6,10,6,,,,,,,,,
54,VISIT,5362,Random,OnArrival,5,17,16675,Node_281,6,0,6,6,6,,,,,,,,,
54,VISIT,5363,Random,OnArrival,5,17,16675,Node_281,6,0,6,6,6,,,,,,,,,
54,VISIT,5364,Random,OnArrival,5,17,16675,Node_215,10,0,6,10,6,,,,,,,,,
54,VISIT,5361,Random,OnArrival,5,18,16693,Node_269,9,0,6,9,6,,,,,,,,,
54,VISIT,5362,Random,OnArrival,5,18,16693,Node_516,5,0,6,5,6,,,,,,,,,
54,VISIT,5363,Random,OnArrival,5,18,16693,Node_516,5,0,6,5,6,,,,,,,,,
54,VISIT,5364,Random,OnArrival,5,18,16693,Node_269,9,0,6,9,6,,,,,,,,,
54,VISIT,5361,Random,OnArrival,5,19,16711,Node_272,8,0,6,8,6,,,,,,,,,
54,VISIT,5364,Random,OnArrival,5,19,16711,Node_272,8,0,6,8,6,,,,,,,,,
54,VISIT,5361,Random,OnArrival,5,20,16729,Node_280,7,0,6,7,6,,,,,,,,,
54,VISIT,5364,Random,OnArrival,5,20,16729,Node_280,7,0,6,7,6,,,,,,,,,
54,VISIT,5361,Random,OnArrival,5,21,16747,Node_281,6,0,6,6,6,,,,,,,,,
54,VISIT,5364,Random,OnArrival,5,21,16747,Node_281,6,0,6,6,6,,,,,,,,,
54,VISIT,5360,Random,OnArrival,5,41,16757,Node_554,31,0,0,31,0,,,,,,,,,
54,VISIT,5361,Random,OnArrival,5,22,16764,Node_516,5,0,6,5,6,,,,,,,,,
54,VISIT,5364,Random,OnArrival,5,22,16764,Node_516,5,0,6,5,6,,,,,,,,,
54,VISIT,5360,Random,OnArrival,5,42,16775,Node_552,31,0,-1,31,-1,,,,,,,,,
54,VISIT,5357,Random,OnArrival,5,44,16793,Node_513,-3,0,2,-3,2,,,,,,,,,
54,VISIT,5360,Random,OnArrival,5,43,16793,Node_549,30,0,-1,30,-1,,,,,,,,,
54,VISIT,5360,Random,OnArrival,5,44,16811,Node_535,29,0,-1,29,-1,,,,,,,,,
54,VISIT,5361,Random,OnArrival,5,23,16818,Node_519,5,0,9,5,9,,,,,,,,,
54,VISIT,5364,Random,OnArrival,5,23,16818,Node_519,5,0,9,5,9,,,,,,,,,
54,VISIT,5360,Random,OnArrival,5,45,16829,Node_377,28,0,-1,28,-1,,,,,,,,,
54,VISIT,5360,Random,OnArrival,5,46,16847,Node_381,27,0,-1,27,-1,,,,,,,,,
54,VISIT,5360,Random,OnArrival,5,47,16865,Node_533,26,0,-1,26,-1,,,,,,,,,
54,VISIT,5361,Random,OnArrival,5,24,16871,Node_521,5,0,10,5,10,,,,,,,,,
54,VISIT,5364,Random,OnArrival,5,24,16871,Node_521,5,0,10,5,10,,,,,,,,,
54,VISIT,5360,Random,OnArrival,5,48,16882,Node_532,26,0,-2,26,-2,,,,,,,,,
54,VISIT,5360,Random,OnArrival,5,49,16899,Node_379,27,0,-2,27,-2,,,,,,,,,
54,VISIT,5360,Random,OnArrival,5,50,16935,Node_547,27,0,-4,27,-4,,,,,,,,,
54,VISIT,5361,Random,OnArrival,5,25,16941,Node_568,2,0,11,2,11,,,,,,,,,
54,VISIT,5364,Random,OnArrival,5,25,16941,Node_568,2,0,11,2,11,,,,,,,,,
54,VISIT,5360,Random,OnArrival,5,51,16953,Node_536,26,0,-4,26,-4,,,,,,,,,
54,VISIT,5360,Random,OnArrival,5,52,16971,Node_534,26,0,-3,26,-3,,,,,,,,,
54,VISIT,5360,Random,OnArrival,5,53,16989,Node_578,27,0,-3,27,-3,,,,,,,,,
54,VISIT,5361,Random,OnArrival,5,26,16995,Node_574,1,0,13,1,13,,,,,,,,,
54,VISIT,5364,Random,OnArrival,5,26,16995,Node_574,1,0,13,1,13,,,,,,,,,
54,VISIT,5360,Random,OnArrival,5,54,17007,Node_379,27,0,-2,27,-2,,,,,,,,,
54,VISIT,5360,Random,OnArrival,5,55,17025,Node_378,28,0,-2,28,-2,,,,,,,,,
54,VISIT,5360,Random,OnArrival,5,56,17043,Node_377,28,0,-1,28,-1,,,,,,,,,
54,VISIT,5360,Random,OnArrival,5,57,17061,Node_376,28,0,0,28,0,,,,,,,,,
54,VISIT,5361,Random,OnArrival,5,27,17067,Node_580,1,0,15,1,15,,,,,,,,,
54,VISIT,5364,Random,OnArrival,5,27,17067,Node_580,1,0,15,1,15,,,,,,,,,
54,VISIT,5360,Random,OnArrival,5,58,17079,Node_382,27,0,0,27,0,,,,,,,,,
54,VISIT,5364,Random,OnArrival,5,28,17085,Node_577,1,0,14,1,14,,,,,,,,,
54,VISIT,5360,Random,OnArrival,5,59,17097,Node_381,27,0,-1,27,-1,,,,,,,,,
54,VISIT,5361,Random,OnArrival,5,28,17103,Node_582,1,0,17,1,17,,,,,,,,,
54,VISIT,5364,Random,OnArrival,5,29,17103,Node_588,0,0,14,0,14,,,,,,,,,
54,VISIT,5360,Random,OnArrival,5,60,17114,Node_379,27,0,-2,27,-2,,,,,,,,,
54,VISIT,5365,Random,OnArrival,5,0,17124,Node_6,19,0,12,19,12,,,,,,,,,
54,VISIT,5366,Random,OnArrival,5,0,17124,Node_7,19,0,8,19,8,,,,,,,,,
54,VISIT,5367,Random,OnArrival,5,0,17124,Node_8,17,0,10,17,10,,,,,,,,,
54,VISIT,5368,Random,OnArrival,5,0,17124,Node_9,21,0,10,21,10,,,,,,,,,
54,VISIT,5360,Random,OnArrival,5,61,17128,Node_378,28,0,-2,28,-2,,,,,,,,,
54,VISIT,5365,Random,OnArrival,5,1,17131,Node_2,19,0,11,19,11,,,,,,,,,
54,VISIT,5366,Random,OnArrival,5,1,17131,Node_11,18,0,8,18,8,,,,,,,,,
54,VISIT,5367,Random,OnArrival,5,1,17131,Node_23,17,0,9,17,9,,,,,,,,,
54,VISIT,5368,Random,OnArrival,5,1,17131,Node_5,20,0,10,20,10,,,,,,,,,
54,VISIT,5360,Random,OnArrival,5,62,17136,Node_537,29,0,-2,29,-2,,,,,,,,,
54,VISIT,5365,Random,OnArrival,5,2,17139,Node_20,19,0,10,19,10,,,,,,,,,
54,VISIT,5366,Random,OnArrival,5,2,17139,Node_126,17,0,8,17,8,,,,,,,,,
54,VISIT,5367,Random,OnArrival,5,2,17139,Node_126,17,0,8,17,8,,,,,,,,,
54,VISIT,5368,Random,OnArrival,5,2,17139,Node_20,19,0,10,19,10,,,,,,,,,
54,VISIT,5360,Random,OnArrival,5,63,17144,Node_548,30,0,-2,30,-2,,,,,,,,,
54,VISIT,5365,Random,OnArrival,5,3,17148,Node_4,18,0,10,18,10,,,,,,,,,
54,VISIT,5366,Random,OnArrival,5,3,17148,Node_166,17,0,7,17,7,,,,,,,,,
54,VISIT,5367,Random,OnArrival,5,3,17148,Node_166,17,0,7,17,7,,,,,,,,,
54,VISIT,5368,Random,OnArrival,5,3,17148,Node_4,18,0,10,18,10,,,,,,,,,
54,VISIT,5360,Random,OnArrival,5,64,17152,Node_551,31,0,-2,31,-2,,,,,,,,,
54,VISIT,5365,Random,OnArrival,5,4,17157,Node_8,17,0,10,17,10,,,,,,,,,
54,VISIT,5366,Random,OnArrival,5,4,17157,Node_167,16,0,7,16,7,,,,,,,,,
54,VISIT,5367,Random,OnArrival,5,4,17157,Node_167,16,0,7,16,7,,,,,,,,,
54,VISIT,5368,Random,OnArrival,5,4,17157,Node_8,17,0,10,17,10,,,,,,,,,
54,VISIT,5365,Random,OnArrival,5,5,17166,Node_23,17,0,9,17,9,,,,,,,,,
54,VISIT,5366,Random,OnArrival,5,5,17166,Node_206,16,0,6,16,6,,,,,,,,,
54,VISIT,5367,Random,OnArrival,5,5,17166,Node_206,16,0,6,16,6,,,,,,,,,
54,VISIT,5368,Random,OnArrival,5,5,17166,Node_23,17,0,9,17,9,,,,,,,,,
54,VISIT,5365,Random,OnArrival,5,6,17175,Node_126,17,0,8,17,8,,,,,,,,,
54,VISIT,5366,Random,OnArrival,5,6,17175,Node_171,15,0,6,15,6,,,,,,,,,
54,VISIT,5367,Random,OnArrival,5,6,17175,Node_171,15,0,6,15,6,,,,,,,,,
54,VISIT,5368,Random,OnArrival,5,6,17175,Node_126,17,0,8,17,8,,,,,,,,,
54,VISIT,5365,Random,OnArrival,5,7,17184,Node_166,17,0,7,17,7,,,,,,,,,
54,VISIT,5366,Random,OnArrival,5,7,17184,Node_177,14,0,6,14,6,,,,,,,,,
54,VISIT,5367,Random,OnArrival,5,7,17184,Node_177,14,0,6,14,6,,,,,,,,,
54,VISIT,5368,Random,OnArrival,5,7,17184,Node_166,17,0,7,17,7,,,,,,,,,
54,VISIT,5365,Random,OnArrival,5,8,17193,Node_167,16,0,7,16,7,,,,,,,,,
54,VISIT,5366,Random,OnArrival,5,8,17193,Node_141,13,0,6,13,6,,,,,,,,,
54,VISIT,5367,Random,OnArrival,5,8,17193,Node_141,13,0,6,13,6,,,,,,,,,
54,VISIT,5368,Random,OnArrival,5,8,17193,Node_167,16,0,7,16,7,,,,,,,,,
54,VISIT,5365,Random,OnArrival,5,9,17203,Node_206,16,0,6,16,6,,,,,,,,,
54,VISIT,5366,Random,OnArrival,5,9,17203,Node_143,13,0,5,13,5,,,,,,,,,
54,VISIT,5367,Random,OnArrival,5,9,17203,Node_143,13,0,5,13,5,,,,,,,,,
54,VISIT,5368,Random,OnArrival,5,9,17203,Node_206,16,0,6,16,6,,,,,,,,,
54,VISIT,5365,Random,OnArrival,5,10,17213,Node_171,15,0,6,15,6,,,,,,,,,
54,VISIT,5366,Random,OnArrival,5,10,17213,Node_145,12,0,5,12,5,,,,,,,,,
54,VISIT,5367,Random,OnArrival,5,10,17213,Node_145,12,0,5,12,5,,,,,,,,,
54,VISIT,5368,Random,OnArrival,5,10,17213,Node_171,15,0,6,15,6,,,,,,,,,
54,VISIT,5365,Random,OnArrival,5,11,17224,Node_177,14,0,6,14,6,,,,,,,,,
54,VISIT,5366,Random,OnArrival,5,11,17224,Node_179,11,0,5,11,5,,,,,,,,,
54,VISIT,5367,Random,OnArrival,5,11,17224,Node_179,11,0,5,11,5,,,,,,,,,
54,VISIT,5368,Random,OnArrival,5,11,17224,Node_177,14,0,6,14,6,,,,,,,,,
54,VISIT,5365,Random,OnArrival,5,12,17235,Node_141,13,0,6,13,6,,,,,,,,,
54,VISIT,5366,Random,OnArrival,5,12,17235,Node_218,10,0,5,10,5,,,,,,,,,
54,VISIT,5367,Random,OnArrival,5,12,17235,Node_218,10,0,5,10,5,,,,,,,,,
54,VISIT,5368,Random,OnArrival,5,12,17235,Node_141,13,0,6,13,6,,,,,,,,,
54,VISIT,5365,Random,OnArrival,5,13,17246,Node_143,13,0,5,13,5,,,,,,,,,
54,VISIT,5366,Random,OnArrival,5,13,17246,Node_267,9,0,5,9,5,,,,,,,,,
54,VISIT,5367,Random,OnArrival,5,13,17246,Node_267,9,0,5,9,5,,,,,,,,,
54,VISIT,5368,Random,OnArrival,5,13,17246,Node_143,13,0,5,13,5,,,,,,,,,
54,VISIT,5365,Random,OnArrival,5,14,17261,Node_145,12,0,5,12,5,,,,,,,,,
54,VISIT,5366,Random,OnArrival,5,14,17261,Node_269,9,0,6,9,6,,,,,,,,,
54,VISIT,5367,Random,OnArrival,5,14,17261,Node_269,9,0,6,9,6,,,,,,,,,
54,VISIT,5368,Random,OnArrival,5,14,17261,Node_145,12,0,5,12,5,,,,,,,,,
54,VISIT,5365,Random,OnArrival,5,15,17276,Node_179,11,0,5,11,5,,,,,,,,,
54,VISIT,5366,Random,OnArrival,5,15,17276,Node_272,8,0,6,8,6,,,,,,,,,
54,VISIT,5367,Random,OnArrival,5,15,17276,Node_272,8,0,6,8,6,,,,,,,,,
54,VISIT,5368,Random,OnArrival,5,15,17276,Node_179,11,0,5,11,5,,,,,,,,,
54,VISIT,5365,Random,OnArrival,5,16,17292,Node_218,10,0,5,10,5,,,,,,,,,
54,VISIT,5366,Random,OnArrival,5,16,17292,Node_280,7,0,6,7,6,,,,,,,,,
54,VISIT,5367,Random,OnArrival,5,16,17292,Node_280,7,0,6,7,6,,,,,,,,,
54,VISIT,5368,Random,OnArrival,5,16,17292,Node_218,10,0,5,10,5,,,,,,,,,
54,VISIT,5365,Random,OnArrival,5,17,17308,Node_267,9,0,5,9,5,,,,,,,,,
54,VISIT,5366,Random,OnArrival,5,17,17308,Node_281,6,0,6,6,6,,,,,,,,,
54,VISIT,5367,Random,OnArrival,5,17,17308,Node_281,6,0,6,6,6,,,,,,,,,
54,VISIT,5368,Random,OnArrival,5,17,17308,Node_267,9,0,5,9,5,,,,,,,,,
54,VISIT,5365,Random,OnArrival,5,18,17326,Node_269,9,0,6,9,6,,,,,,,,,
54,VISIT,5366,Random,OnArrival,5,18,17326,Node_516,5,0,6,5,6,,,,,,,,,
54,VISIT,5367,Random,OnArrival,5,18,17326,Node_516,5,0,6,5,6,,,,,,,,,
54,VISIT,5368,Random,OnArrival,5,18,17326,Node_269,9,0,6,9,6,,,,,,,,,
54,VISIT,5365,Random,OnArrival,5,19,17344,Node_272,8,0,6,8,6,,,,,,,,,
54,VISIT,5368,Random,OnArrival,5,19,17344,Node_272,8,0,6,8,6,,,,,,,,,
54,VISIT,5365,Random,OnArrival,5,20,17362,Node_280,7,0,6,7,6,,,,,,,,,
54,VISIT,5366,Random,OnArrival,5,19,17362,Node_558,3,0,6,3,6,,,,,,,,,
54,VISIT,5367,Random,OnArrival,5,19,17362,Node_558,3,0,6,3,6,,,,,,,,,
54,VISIT,5368,Random,OnArrival,5,20,17362,Node_280,7,0,6,7,6,,,,,,,,,
54,VISIT,5365,Random,OnArrival,5,21,17380,Node_281,6,0,6,6,6,,,,,,,,,
54,VISIT,5368,Random,OnArrival,5,21,17380,Node_281,6,0,6,6,6,,,,,,,,,
54,VISIT,5365,Random,OnArrival,5,22,17397,Node_516,5,0,6,5,6,,,,,,,,,
54,VISIT,5366,Random,OnArrival,5,20,17397,Node_562,2,0,7,2,7,,,,,,,,,
54,VISIT,5367,Random,OnArrival,5,20,17397,Node_562,2,0,7,2,7,,,,,,,,,
54,VISIT,5368,Random,OnArrival,5,22,17397,Node_516,5,0,6,5,6,,,,,,,,,
54,VISIT,5366,Random,OnArrival,5,21,17415,Node_560,3,0,7,3,7,,,,,,,,,
54,VISIT,5367,Random,OnArrival,5,21,17415,Node_564,2,0,8,2,8,,,,,,,,,
54,VISIT,5365,Random,OnArrival,5,23,17433,Node_558,3,0,6,3,6,,,,,,,,,
54,VISIT,5366,Random,OnArrival,5,22,17433,Node_558,3,0,6,3,6,,,,,,,,,
54,VISIT,5368,Random,OnArrival,5,23,17433,Node_558,3,0,6,3,6,,,,,,,,,
54,VISIT,5365,Random,OnArrival,5,24,17468,Node_516,5,0,6,5,6,,,,,,,,,
54,VISIT,5366,Random,OnArrival,5,23,17468,Node_516,5,0,6,5,6,,,,,,,,,
54,VISIT,5368,Random,OnArrival,5,24,17468,Node_516,5,0,6,5,6,,,,,,,,,
54,VISIT,5367,Random,OnArrival,5,22,17485,Node_581,1,0,11,1,11,,,,,,,,,
54,VISIT,5367,Random,OnArrival,5,23,17503,Node_609,1,0,10,1,10,,,,,,,,,
54,VISIT,5365,Random,OnArrival,5,25,17521,Node_519,5,0,9,5,9,,,,,,,,,
54,VISIT,5366,Random,OnArrival,5,24,17521,Node_519,5,0,9,5,9,,,,,,,,,
54,VISIT,5368,Random,OnArrival,5,25,17521,Node_519,5,0,9,5,9,,,,,,,,,
54,VISIT,5365,Random,OnArrival,5,26,17539,Node_521,5,0,10,5,10,,,,,,,,,
54,VISIT,5366,Random,OnArrival,5,25,17539,Node_521,5,0,10,5,10,,,,,,,,,
54,VISIT,5368,Random,OnArrival,5,26,17539,Node_521,5,0,10,5,10,,,,,,,,,
54,VISIT,5366,Random,OnArrival,5,26,17556,Node_570,6,0,10,6,10,,,,,,,,,
54,VISIT,5365,Random,OnArrival,5,27,17574,Node_524,5,0,12,5,12,,,,,,,,,
54,VISIT,5368,Random,OnArrival,5,27,17574,Node_524,5,0,12,5,12,,,,,,,,,
54,VISIT,5365,Random,OnArrival,5,28,17643,Node_528,5,0,14,5,14,,,,,,,,,
54,VISIT,5368,Random,OnArrival,5,28,17643,Node_528,5,0,14,5,14,,,,,,,,,
54,VISIT,5366,Random,OnArrival,5,27,17660,Node_454,9,0,13,9,13,,,,,,,,,
54,VISIT,5366,Random,OnArrival,5,28,17677,Node_158,10,0,13,10,13,,,,,,,,,
54,VISIT,5366,Random,OnArrival,5,29,17694,Node_106,10,0,14,10,14,,,,,,,,,
54,VISIT,5366,Random,OnArrival,5,30,17729,Node_79,12,0,14,12,14,,,,,,,,,
54,VISIT,5369,Random,OnArrival,5,0,17742,Node_6,19,0,12,19,12,,,,,,,,,
54,VISIT,5370,Random,OnArrival,5,0,17742,Node_7,19,0,8,19,8,,,,,,,,,
54,VISIT,5371,Random,OnArrival,5,0,17742,Node_8,17,0,10,17,10,,,,,,,,,
54,VISIT,5372,Random,OnArrival,5,0,17742,Node_9,21,0,10,21,10,,,,,,,,,
54,VISIT,5366,Random,OnArrival,5,31,17746,Node_81,12,0,15,12,15,,,,,,,,,
54,VISIT,5369,Random,OnArrival,5,1,17748,Node_10,18,0,12,18,12,,,,,,,,,
54,VISIT,5370,Random,OnArrival,5,1,17748,Node_11,18,0,8,18,8,,,,,,,,,
54,VISIT,5371,Random,OnArrival,5,1,17748,Node_12,17,0,11,17,11,,,,,,,,,
54,VISIT,5372,Random,OnArrival,5,1,17748,Node_5,20,0,10,20,10,,,,,,,,,
54,VISIT,5366,Random,OnArrival,5,32,17753,Node_83,12,0,16,12,16,,,,,,,,,
54,VISIT,5369,Random,OnArrival,5,2,17755,Node_16,17,0,12,17,12,,,,,,,,,
54,VISIT,5370,Random,OnArrival,5,2,17755,Node_126,17,0,8,17,8,,,,,,,,,
54,VISIT,5371,Random,OnArrival,5,2,17755,Node_16,17,0,12,17,12,,,,,,,,,
54,VISIT,5372,Random,OnArrival,5,2,17755,Node_40,20,0,11,20,11,,,,,,,,,
54,VISIT,5366,Random,OnArrival,5,33,17760,Node_436,13,0,16,13,16,,,,,,,,,
54,VISIT,5368,Random,OnArrival,5,29,17760,Node_594,2,0,17,2,17,,,,,,,,,
54,VISIT,5369,Random,OnArrival,5,3,17762,Node_18,16,0,12,16,12,,,,,,,,,
54,VISIT,5370,Random,OnArrival,5,3,17762,Node_166,17,0,7,17,7,,,,,,,,,
54,VISIT,5371,Random,OnArrival,5,3,17762,Node_18,16,0,12,16,12,,,,,,,,,
54,VISIT,5372,Random,OnArrival,5,3,17762,Node_41,20,0,12,20,12,,,,,,,,,
54,VISIT,5366,Random,OnArrival,5,34,17767,Node_437,13,0,17,13,17,,,,,,,,,
54,VISIT,5368,Random,OnArrival,5,30,17767,Node_628,3,0,17,3,17,,,,,,,,,
54,VISIT,5369,Random,OnArrival,5,4,17769,Node_29,15,0,12,15,12,,,,,,,,,
54,VISIT,5370,Random,OnArrival,5,4,17769,Node_167,16,0,7,16,7,,,,,,,,,
54,VISIT,5371,Random,OnArrival,5,4,17769,Node_29,15,0,12,15,12,,,,,,,,,
54,VISIT,5372,Random,OnArrival,5,4,17769,Node_42,20,0,13,20,13,,,,,,,,,
54,VISIT,5366,Random,OnArrival,5,35,17774,Node_84,12,0,17,12,17,,,,,,,,,
54,VISIT,5368,Random,OnArrival,5,31,17774,Node_594,2,0,17,2,17,,,,,,,,,
54,VISIT,5369,Random,OnArrival,5,5,17776,Node_31,15,0,13,15,13,,,,,,,,,
54,VISIT,5370,Random,OnArrival,5,5,17776,Node_206,16,0,6,16,6,,,,,,,,,
54,VISIT,5371,Random,OnArrival,5,5,17776,Node_31,15,0,13,15,13,,,,,,,,,
54,VISIT,5372,Random,OnArrival,5,5,17776,Node_43,20,0,14,20,14,,,,,,,,,
54,VISIT,5368,Random,OnArrival,5,32,17781,Node_582,1,0,17,1,17,,,,,,,,,
54,VISIT,5369,Random,OnArrival,5,6,17784,Node_36,14,0,13,14,13,,,,,,,,,
54,VISIT,5370,Random,OnArrival,5,6,17784,Node_171,15,0,6,15,6,,,,,,,,,
54,VISIT,5371,Random,OnArrival,5,6,17784,Node_36,14,0,13,14,13,,,,,,,,,
54,VISIT,5366,Random,OnArrival,5,36,17795,Node_440,11,0,18,11,18,,,,,,,,,
54,VISIT,5368,Random,OnArrival,5,33,17795,Node_584,0,0,17,0,17,,,,,,,,,
54,VISIT,5369,Random,OnArrival,5,7,17798,Node_37,14,0,14,14,14,,,,,,,,,
54,VISIT,5370,Random,OnArrival,5,7,17798,Node_177,14,0,6,14,6,,,,,,,,,
54,VISIT,5371,Random,OnArrival,5,7,17798,Node_37,14,0,14,14,14,,,,,,,,,
54,VISIT,5372,Random,OnArrival,5,6,17798,Node_139,18,0,14,18,14,,,,,,,,,
54,VISIT,5368,Random,OnArrival,5,34,17807,Node_585,0,0,18,0,18,,,,,,,,,
54,VISIT,5369,Random,OnArrival,5,8,17810,Node_38,13,0,14,13,14,,,,,,,,,
54,VISIT,5370,Random,OnArrival,5,8,17810,Node_141,13,0,6,13,6,,,,,,,,,
54,VISIT,5371,Random,OnArrival,5,8,17810,Node_38,13,0,14,13,14,,,,,,,,,
54,VISIT,5372,Random,OnArrival,5,7,17810,Node_105,17,0,14,17,14,,,,,,,,,
54,VISIT,5366,Random,OnArrival,5,37,17819,Node_469,9,0,18,9,18,,,,,,,,,
54,VISIT,5368,Random,OnArrival,5,35,17819,Node_587,-1,0,18,-1,18,,,,,,,,,
54,VISIT,5369,Random,OnArrival,5,9,17822,Node_39,13,0,15,13,15,,,,,,,,,
54,VISIT,5370,Random,OnArrival,5,9,17822,Node_147,12,0,6,12,6,,,,,,,,,
54,VISIT,5371,Random,OnArrival,5,9,17822,Node_79,12,0,14,12,14,,,,,,,,,
54,VISIT,5372,Random,OnArrival,5,8,17822,Node_102,16,0,14,16,14,,,,,,,,,
54,VISIT,5366,Random,OnArrival,5,38,17833,Node_453,8,0,18,8,18,,,,,,,,,
54,VISIT,5369,Random,OnArrival,5,10,17836,Node_436,13,0,16,13,16,,,,,,,,,
54,VISIT,5370,Random,OnArrival,5,10,17836,Node_149,12,0,7,12,7,,,,,,,,,
54,VISIT,5372,Random,OnArrival,5,9,17836,Node_95,15,0,14,15,14,,,,,,,,,
54,VISIT,5366,Random,OnArrival,5,39,17849,Node_457,7,0,18,7,18,,,,,,,,,
54,VISIT,5369,Random,OnArrival,5,11,17853,Node_437,13,0,17,13,17,,,,,,,,,
54,VISIT,5370,Random,OnArrival,5,11,17853,Node_151,12,0,8,12,8,,,,,,,,,
54,VISIT,5371,Random,OnArrival,5,10,17853,Node_106,10,0,14,10,14,,,,,,,,,
54,VISIT,5372,Random,OnArrival,5,10,17853,Node_37,14,0,14,14,14,,,,,,,,,
54,VISIT,5366,Random,OnArrival,5,40,17865,Node_460,7,0,19,7,19,,,,,,,,,
54,VISIT,5369,Random,OnArrival,5,12,17870,Node_438,13,0,18,13,18,,,,,,,,,
54,VISIT,5370,Random,OnArrival,5,12,17870,Node_153,12,0,9,12,9,,,,,,,,,
54,VISIT,5371,Random,OnArrival,5,11,17870,Node_158,10,0,13,10,13,,,,,,,,,
54,VISIT,5372,Random,OnArrival,5,11,17870,Node_38,13,0,14,13,14,,,,,,,,,
54,VISIT,5366,Random,OnArrival,5,41,17882,Node_467,6,0,19,6,19,,,,,,,,,
54,VISIT,5368,Random,OnArrival,5,36,17882,Node_591,-1,0,20,-1,20,,,,,,,,,
54,VISIT,5369,Random,OnArrival,5,13,17887,Node_357,14,0,18,14,18,,,,,,,,,
54,VISIT,5370,Random,OnArrival,5,13,17887,Node_165,11,0,9,11,9,,,,,,,,,
54,VISIT,5371,Random,OnArrival,5,12,17887,Node_159,10,0,12,10,12,,,,,,,,,
54,VISIT,5372,Random,OnArrival,5,12,17887,Node_39,13,0,15,13,15,,,,,,,,,
54,VISIT,5366,Random,OnArrival,5,42,17899,Node_471,6,0,18,6,18,,,,,,,,,
54,VISIT,5369,Random,OnArrival,5,14,17903,Node_438,13,0,18,13,18,,,,,,,,,
54,VISIT,5370,Random,OnArrival,5,14,17903,Node_162,10,0,9,10,9,,,,,,,,,
54,VISIT,5371,Random,OnArrival,5,13,17903,Node_623,9,0,12,9,12,,,,,,,,,
54,VISIT,5372,Random,OnArrival,5,13,17903,Node_436,13,0,16,13,16,,,,,,,,,
54,VISIT,5369,Random,OnArrival,5,15,17919,Node_85,12,0,18,12,18,,,,,,,,,
54,VISIT,5370,Random,OnArrival,5,15,17919,Node_161,10,0,10,10,10,,,,,,,,,
54,VISIT,5372,Random,OnArrival,5,14,17919,Node_437,13,0,17,13,17,,,,,,,,,
54,VISIT,5369,Random,OnArrival,5,16,17936,Node_440,11,0,18,11,18,,,,,,,,,
54,VISIT,5372,Random,OnArrival,5,15,17936,Node_438,13,0,18,13,18,,,,,,,,,
54,VISIT,5366,Random,OnArrival,5,43,17947,Node_530,5,0,16,5,16,,,,,,,,,
54,VISIT,5370,Random,OnArrival,5,16,17952,Node_637,9,0,11,9,11,,,,,,,,,
54,VISIT,5371,Random,OnArrival,5,14,17952,Node_615,8,0,10,8,10,,,,,,,,,
54,VISIT,5372,Random,OnArrival,5,16,17952,Node_85,12,0,18,12,18,,,,,,,,,
54,VISIT,5366,Random,OnArrival,5,44,17964,Node_626,4,0,16,4,16,,,,,,,,,
54,VISIT,5369,Random,OnArrival,5,17,17969,Node_469,9,0,18,9,18,,,,,,,,,
54,VISIT,5370,Random,OnArrival,5,17,17969,Node_618,8,0,11,8,11,,,,,,,,,
54,VISIT,5371,Random,OnArrival,5,15,17969,Node_640,9,0,10,9,10,,,,,,,,,
54,VISIT,5372,Random,OnArrival,5,17,17969,Node_440,11,0,18,11,18,,,,,,,,,
54,VISIT,5366,Random,OnArrival,5,45,17980,Node_625,4,0,15,4,15,,,,,,,,,
54,VISIT,5369,Random,OnArrival,5,18,17986,Node_453,8,0,18,8,18,,,,,,,,,
54,VISIT,5370,Random,OnArrival,5,18,17986,Node_615,8,0,10,8,10,,,,,,,,,
54,VISIT,5371,Random,OnArrival,5,16,17986,Node_161,10,0,10,10,10,,,,,,,,,
54,VISIT,5366,Random,OnArrival,5,46,17997,Node_529,5,0,15,5,15,,,,,,,,,
54,VISIT,5369,Random,OnArrival,5,19,18003,Node_452,8,0,17,8,17,,,,,,,,,
54,VISIT,5370,Random,OnArrival,5,19,18003,Node_640,9,0,10,9,10,,,,,,,,,
54,VISIT,5371,Random,OnArrival,5,17,18003,Node_160,10,0,11,10,11,,,,,,,,,
54,VISIT,5372,Random,OnArrival,5,18,18003,Node_443,11,0,20,11,20,,,,,,,,,
54,VISIT,5366,Random,OnArrival,5,47,18013,Node_530,5,0,16,5,16,,,,,,,,,
54,VISIT,5369,Random,OnArrival,5,20,18019,Node_468,9,0,17,9,17,,,,,,,,,
54,VISIT,5370,Random,OnArrival,5,20,18019,Node_161,10,0,10,10,10,,,,,,,,,
54,VISIT,5371,Random,OnArrival,5,18,18019,Node_637,9,0,11,9,11,,,,,,,,,
54,VISIT,5372,Random,OnArrival,5,19,18019,Node_462,12,0,20,12,20,,,,,,,,,
54,VISIT,5366,Random,OnArrival,5,48,18029,Node_531,5,0,17,5,17,,,,,,,,,
54,VISIT,5369,Random,OnArrival,5,21,18034,Node_469,9,0,18,9,18,,,,,,,,,
54,VISIT,5370,Random,OnArrival,5,21,18034,Node_160,10,0,11,10,11,,,,,,,,,
54,VISIT,5371,Random,OnArrival,5,19,18034,Node_640,9,0,10,9,10,,,,,,,,,
54,VISIT,5372,Random,OnArrival,5,20,18034,Node_458,12,0,21,12,21,,,,,,,,,
54,VISIT,5369,Random,OnArrival,5,22,18051,Node_453,8,0,18,8,18,,,,,,,,,
54,VISIT,5370,Random,OnArrival,5,22,18051,Node_159,10,0,12,10,12,,,,,,,,,
54,VISIT,5371,Random,OnArrival,5,20,18051,Node_615,8,0,10,8,10,,,,,,,,,
54,VISIT,5372,Random,OnArrival,5,21,18051,Node_445,11,0,21,11,21,,,,,,,,,
54,VISIT,5366,Random,OnArrival,5,49,18061,Node_472,5,0,19,5,19,,,,,,,,,
54,VISIT,5369,Random,OnArrival,5,23,18068,Node_457,7,0,18,7,18,,,,,,,,,
54,VISIT,5366,Random,OnArrival,5,50,18075,Node_646,5,0,18,5,18,,,,,,,,,
54,VISIT,5369,Random,OnArrival,5,24,18082,Node_460,7,0,19,7,19,,,,,,,,,
54,VISIT,5370,Random,OnArrival,5,23,18082,Node_159,10,0,12,10,12,,,,,,,,,
54,VISIT,5371,Random,OnArrival,5,21,18082,Node_570,6,0,10,6,10,,,,,,,,,
54,VISIT,5372,Random,OnArrival,5,22,18082,Node_481,9,0,21,9,21,,,,,,,,,
54,VISIT,5366,Random,OnArrival,5,51,18089,Node_471,6,0,18,6,18,,,,,,,,,
54,VISIT,5369,Random,OnArrival,5,25,18096,Node_464,7,0,20,7,20,,,,,,,,,
54,VISIT,5370,Random,OnArrival,5,24,18096,Node_160,10,0,11,10,11,,,,,,,,,
54,VISIT,5371,Random,OnArrival,5,22,18096,Node_521,5,0,10,5,10,,,,,,,,,
54,VISIT,5366,Random,OnArrival,5,52,18106,Node_467,6,0,19,6,19,,,,,,,,,
54,VISIT,5369,Random,OnArrival,5,26,18112,Node_485,8,0,20,8,20,,,,,,,,,
54,VISIT,5370,Random,OnArrival,5,25,18112,Node_161,10,0,10,10,10,,,,,,,,,
54,VISIT,5372,Random,OnArrival,5,23,18112,Node_485,8,0,20,8,20,,,,,,,,,
54,VISIT,5366,Random,OnArrival,5,53,18123,Node_465,6,0,20,6,20,,,,,,,,,
54,VISIT,5369,Random,OnArrival,5,27,18129,Node_648,9,0,20,9,20,,,,,,,,,
54,VISIT,5370,Random,OnArrival,5,26,18129,Node_640,9,0,10,9,10,,,,,,,,,
54,VISIT,5371,Random,OnArrival,5,23,18129,Node_576,3,0,10,3,10,,,,,,,,,
54,VISIT,5372,Random,OnArrival,5,24,18129,Node_464,7,0,20,7,20,,,,,,,,,
54,VISIT,5366,Random,OnArrival,5,54,18140,Node_474,5,0,20,5,20,,,,,,,,,
54,VISIT,5369,Random,OnArrival,5,28,18146,Node_485,8,0,20,8,20,,,,,,,,,
54,VISIT,5370,Random,OnArrival,5,27,18146,Node_615,8,0,10,8,10,,,,,,,,,
54,VISIT,5372,Random,OnArrival,5,25,18146,Node_460,7,0,19,7,19,,,,,,,,,
54,VISIT,5366,Random,OnArrival,5,55,18156,Node_472,5,0,19,5,19,,,,,,,,,
54,VISIT,5369,Random,OnArrival,5,29,18162,Node_464,7,0,20,7,20,,,,,,,,,
54,VISIT,5371,Random,OnArrival,5,24,18162,Node_565,2,0,9,2,9,,,,,,,,,
54,VISIT,5372,Random,OnArrival,5,26,18162,Node_457,7,0,18,7,18,,,,,,,,,
54,VISIT,5366,Random,OnArrival,5,56,18173,Node_646,5,0,18,5,18,,,,,,,,,
54,VISIT,5369,Random,OnArrival,5,30,18179,Node_465,6,0,20,6,20,,,,,,,,,
54,VISIT,5370,Random,OnArrival,5,28,18179,Node_570,6,0,10,6,10,,,,,,,,,
54,VISIT,5371,Random,OnArrival,5,25,18179,Node_608,1,0,9,1,9,,,,,,,,,
54,VISIT,5372,Random,OnArrival,5,27,18179,Node_471,6,0,18,6,18,,,,,,,,,
54,VISIT,5366,Random,OnArrival,5,57,18190,Node_531,5,0,17,5,17,,,,,,,,,
54,VISIT,5369,Random,OnArrival,5,31,18196,Node_474,5,0,20,5,20,,,,,,,,,
54,VISIT,5370,Random,OnArrival,5,29,18196,Node_521,5,0,10,5,10,,,,,,,,,
54,VISIT,5371,Random,OnArrival,5,26,18196,Node_611,0,0,9,0,9,,,,,,,,,
54,VISIT,5372,Random,OnArrival,5,28,18196,Node_635,6,0,17,6,17,,,,,,,,,
54,VISIT,5366,Random,OnArrival,5,58,18207,Node_627,4,0,17,4,17,,,,,,,,,
54,VISIT,5371,Random,OnArrival,5,27,18213,Node_608,1,0,9,1,9,,,,,,,,,
54,VISIT,5372,Random,OnArrival,5,29,18213,Node_531,5,0,17,5,17,,,,,,,,,
54,VISIT,5366,Random,OnArrival,5,59,18220,Node_626,4,0,16,4,16,,,,,,,,,
54,VISIT,5369,Random,OnArrival,5,32,18226,Node_477,3,0,20,3,20,,,,,,,,,
54,VISIT,5370,Random,OnArrival,5,30,18226,Node_576,3,0,10,3,10,,,,,,,,,
54,VISIT,5371,Random,OnArrival,5,28,18226,Node_607,1,0,8,1,8,,,,,,,,,
54,VISIT,5372,Random,OnArrival,5,30,18226,Node_646,5,0,18,5,18,,,,,,,,,
54,VISIT,5366,Random,OnArrival,5,60,18237,Node_625,4,0,15,4,15,,,,,,,,,
54,VISIT,5370,Random,OnArrival,5,31,18243,Node_566,2,0,10,2,10,,,,,,,,,
54,VISIT,5371,Random,OnArrival,5,29,18243,Node_564,2,0,8,2,8,,,,,,,,,
54,VISIT,5372,Random,OnArrival,5,31,18243,Node_472,5,0,19,5,19,,,,,,,,,
54,VISIT,5366,Random,OnArrival,5,61,18254,Node_624,4,0,14,4,14,,,,,,,,,
54,VISIT,5369,Random,OnArrival,5,33,18260,Node_641,2,0,21,2,21,,,,,,,,,
54,VISIT,5370,Random,OnArrival,5,32,18260,Node_609,1,0,10,1,10,,,,,,,,,
54,VISIT,5371,Random,OnArrival,5,30,18260,Node_562,2,0,7,2,7,,,,,,,,,
54,VISIT,5372,Random,OnArrival,5,32,18260,Node_474,5,0,20,5,20,,,,,,,,,
54,VISIT,5369,Random,OnArrival,5,34,18276,Node_479,3,0,21,3,21,,,,,,,,,
54,VISIT,5370,Random,OnArrival,5,33,18276,Node_581,1,0,11,1,11,,,,,,,,,
54,VISIT,5371,Random,OnArrival,5,31,18276,Node_606,2,0,6,2,6,,,,,,,,,
54,VISIT,5369,Random,OnArrival,5,35,18292,Node_641,2,0,21,2,21,,,,,,,,,
54,VISIT,5370,Random,OnArrival,5,34,18292,Node_568,2,0,11,2,11,,,,,,,,,
54,VISIT,5372,Random,OnArrival,5,33,18292,Node_477,3,0,20,3,20,,,,,,,,,
54,VISIT,5369,Random,OnArrival,5,36,18310,Node_642,2,0,22,2,22,,,,,,,,,
54,VISIT,5370,Random,OnArrival,5,35,18310,Node_571,2,0,12,2,12,,,,,,,,,
54,VISIT,5372,Random,OnArrival,5,34,18310,Node_479,3,0,21,3,21,,,,,,,,,
54,VISIT,5369,Random,OnArrival,5,37,18328,Node_480,3,0,22,3,22,,,,,,,,,
54,VISIT,5370,Random,OnArrival,5,36,18328,Node_583,1,0,12,1,12,,,,,,,,,
54,VISIT,5372,Random,OnArrival,5,35,18328,Node_480,3,0,22,3,22,,,,,,,,,
54,VISIT,5369,Random,OnArrival,5,38,18345,Node_479,3,0,21,3,21,,,,,,,,,
54,VISIT,5370,Random,OnArrival,5,37,18345,Node_574,1,0,13,1,13,,,,,,,,,
54,VISIT,5372,Random,OnArrival,5,36,18345,Node_642,2,0,22,2,22,,,,,,,,,
54,VISIT,5373,Random,OnArrival,5,0,18351,Node_6,19,0,12,19,12,,,,,,,,,
54,VISIT,5374,Random,OnArrival,5,0,18351,Node_7,19,0,8,19,8,,,,,,,,,
54,VISIT,5375,Random,OnArrival,5,0,18351,Node_8,17,0,10,17,10,,,,,,,,,
54,VISIT,5376,Random,OnArrival,5,0,18351,Node_9,21,0,10,21,10,,,,,,,,,
54,VISIT,5369,Random,OnArrival,5,39,18355,Node_641,2,0,21,2,21,,,,,,,,,
54,VISIT,5370,Random,OnArrival,5,38,18355,Node_577,1,0,14,1,14,,,,,,,,,
54,VISIT,5373,Random,OnArrival,5,1,18356,Node_2,19,0,11,19,11,,,,,,,,,
54,VISIT,5374,Random,OnArrival,5,1,18356,Node_11,18,0,8,18,8,,,,,,,,,
54,VISIT,5375,Random,OnArrival,5,1,18356,Node_23,17,0,9,17,9,,,,,,,,,
54,VISIT,5376,Random,OnArrival,5,1,18356,Node_5,20,0,10,20,10,,,,,,,,,
54,VISIT,5369,Random,OnArrival,5,40,18361,Node_639,1,0,21,1,21,,,,,,,,,
54,VISIT,5370,Random,OnArrival,5,39,18361,Node_588,0,0,14,0,14,,,,,,,,,
54,VISIT,5371,Random,OnArrival,5,32,18361,Node_612,-1,0,9,-1,9,,,,,,,,,
54,VISIT,5372,Random,OnArrival,5,37,18361,Node_643,2,0,24,2,24,,,,,,,,,
54,VISIT,5373,Random,OnArrival,5,2,18362,Node_20,19,0,10,19,10,,,,,,,,,
54,VISIT,5374,Random,OnArrival,5,2,18362,Node_126,17,0,8,17,8,,,,,,,,,
54,VISIT,5375,Random,OnArrival,5,2,18362,Node_126,17,0,8,17,8,,,,,,,,,
54,VISIT,5376,Random,OnArrival,5,2,18362,Node_20,19,0,10,19,10,,,,,,,,,
54,VISIT,5369,Random,OnArrival,5,41,18367,Node_636,1,0,20,1,20,,,,,,,,,
54,VISIT,5371,Random,OnArrival,5,33,18367,Node_613,-1,0,10,-1,10,,,,,,,,,
54,VISIT,5373,Random,OnArrival,5,3,18369,Node_4,18,0,10,18,10,,,,,,,,,
54,VISIT,5374,Random,OnArrival,5,3,18369,Node_166,17,0,7,17,7,,,,,,,,,
54,VISIT,5375,Random,OnArrival,5,3,18369,Node_166,17,0,7,17,7,,,,,,,,,
54,VISIT,5376,Random,OnArrival,5,3,18369,Node_4,18,0,10,18,10,,,,,,,,,
54,VISIT,5369,Random,OnArrival,5,42,18373,Node_650,2,0,20,2,20,,,,,,,,,
54,VISIT,5370,Random,OnArrival,5,40,18373,Node_595,-2,0,14,-2,14,,,,,,,,,
54,VISIT,5371,Random,OnArrival,5,34,18373,Node_610,0,0,10,0,10,,,,,,,,,
54,VISIT,5372,Random,OnArrival,5,38,18373,Node_645,1,0,25,1,25,,,,,,,,,
54,VISIT,5373,Random,OnArrival,5,4,18375,Node_8,17,0,10,17,10,,,,,,,,,
54,VISIT,5374,Random,OnArrival,5,4,18375,Node_167,16,0,7,16,7,,,,,,,,,
54,VISIT,5375,Random,OnArrival,5,4,18375,Node_167,16,0,7,16,7,,,,,,,,,
54,VISIT,5376,Random,OnArrival,5,4,18375,Node_8,17,0,10,17,10,,,,,,,,,
54,VISIT,5369,Random,OnArrival,5,43,18380,Node_641,2,0,21,2,21,,,,,,,,,
54,VISIT,5371,Random,OnArrival,5,35,18380,Node_613,-1,0,10,-1,10,,,,,,,,,
54,VISIT,5373,Random,OnArrival,5,5,18382,Node_23,17,0,9,17,9,,,,,,,,,
54,VISIT,5374,Random,OnArrival,5,5,18382,Node_206,16,0,6,16,6,,,,,,,,,
54,VISIT,5375,Random,OnArrival,5,5,18382,Node_206,16,0,6,16,6,,,,,,,,,
54,VISIT,5376,Random,OnArrival,5,5,18382,Node_23,17,0,9,17,9,,,,,,,,,
54,VISIT,5369,Random,OnArrival,5,44,18386,Node_642,2,0,22,2,22,,,,,,,,,
54,VISIT,5370,Random,OnArrival,5,41,18386,Node_597,-3,0,15,-3,15,,,,,,,,,
54,VISIT,5371,Random,OnArrival,5,36,18386,Node_616,-2,0,10,-2,10,,,,,,,,,
54,VISIT,5373,Random,OnArrival,5,6,18389,Node_126,17,0,8,17,8,,,,,,,,,
54,VISIT,5374,Random,OnArrival,5,6,18389,Node_171,15,0,6,15,6,,,,,,,,,
54,VISIT,5375,Random,OnArrival,5,6,18389,Node_171,15,0,6,15,6,,,,,,,,,
54,VISIT,5376,Random,OnArrival,5,6,18389,Node_126,17,0,8,17,8,,,,,,,,,
54,VISIT,5372,Random,OnArrival,5,39,18393,Node_655,1,0,24,1,24,,,,,,,,,
54,VISIT,5373,Random,OnArrival,5,7,18396,Node_166,17,0,7,17,7,,,,,,,,,
54,VISIT,5374,Random,OnArrival,5,7,18396,Node_177,14,0,6,14,6,,,,,,,,,
54,VISIT,5375,Random,OnArrival,5,7,18396,Node_177,14,0,6,14,6,,,,,,,,,
54,VISIT,5376,Random,OnArrival,5,7,18396,Node_166,17,0,7,17,7,,,,,,,,,
54,VISIT,5369,Random,OnArrival,5,45,18400,Node_643,2,0,24,2,24,,,,,,,,,
54,VISIT,5372,Random,OnArrival,5,40,18400,Node_645,1,0,25,1,25,,,,,,,,,
54,VISIT,5373,Random,OnArrival,5,8,18404,Node_167,16,0,7,16,7,,,,,,,,,
54,VISIT,5374,Random,OnArrival,5,8,18404,Node_141,13,0,6,13,6,,,,,,,,,
54,VISIT,5375,Random,OnArrival,5,8,18404,Node_141,13,0,6,13,6,,,,,,,,,
54,VISIT,5376,Random,OnArrival,5,8,18404,Node_167,16,0,7,16,7,,,,,,,,,
54,VISIT,5369,Random,OnArrival,5,46,18408,Node_644,2,0,25,2,25,,,,,,,,,
54,VISIT,5370,Random,OnArrival,5,42,18408,Node_601,-4,0,17,-4,17,,,,,,,,,
54,VISIT,5372,Random,OnArrival,5,41,18408,Node_657,0,0,25,0,25,,,,,,,,,
54,VISIT,5373,Random,OnArrival,5,9,18412,Node_206,16,0,6,16,6,,,,,,,,,
54,VISIT,5374,Random,OnArrival,5,9,18412,Node_143,13,0,5,13,5,,,,,,,,,
54,VISIT,5375,Random,OnArrival,5,9,18412,Node_143,13,0,5,13,5,,,,,,,,,
54,VISIT,5376,Random,OnArrival,5,9,18412,Node_206,16,0,6,16,6,,,,,,,,,
54,VISIT,5369,Random,OnArrival,5,47,18416,Node_645,1,0,25,1,25,,,,,,,,,
54,VISIT,5373,Random,OnArrival,5,10,18420,Node_171,15,0,6,15,6,,,,,,,,,
54,VISIT,5374,Random,OnArrival,5,10,18420,Node_145,12,0,5,12,5,,,,,,,,,
54,VISIT,5375,Random,OnArrival,5,10,18420,Node_145,12,0,5,12,5,,,,,,,,,
54,VISIT,5376,Random,OnArrival,5,10,18420,Node_171,15,0,6,15,6,,,,,,,,,
54,VISIT,5369,Random,OnArrival,5,48,18425,Node_657,0,0,25,0,25,,,,,,,,,
54,VISIT,5370,Random,OnArrival,5,43,18425,Node_603,-5,0,18,-5,18,,,,,,,,,
54,VISIT,5371,Random,OnArrival,5,37,18425,Node_656,-3,0,14,-3,14,,,,,,,,,
54,VISIT,5373,Random,OnArrival,5,11,18429,Node_177,14,0,6,14,6,,,,,,,,,
54,VISIT,5374,Random,OnArrival,5,11,18429,Node_179,11,0,5,11,5,,,,,,,,,
54,VISIT,5375,Random,OnArrival,5,11,18429,Node_179,11,0,5,11,5,,,,,,,,,
54,VISIT,5376,Random,OnArrival,5,11,18429,Node_177,14,0,6,14,6,,,,,,,,,
54,VISIT,5373,Random,OnArrival,5,12,18439,Node_141,13,0,6,13,6,,,,,,,,,
54,VISIT,5374,Random,OnArrival,5,12,18439,Node_218,10,0,5,10,5,,,,,,,,,
54,VISIT,5375,Random,OnArrival,5,12,18439,Node_218,10,0,5,10,5,,,,,,,,,
54,VISIT,5376,Random,OnArrival,5,12,18439,Node_141,13,0,6,13,6,,,,,,,,,
54,VISIT,5371,Random,OnArrival,5,38,18445,Node_663,-3,0,12,-3,12,,,,,,,,,
54,VISIT,5373,Random,OnArrival,5,13,18449,Node_143,13,0,5,13,5,,,,,,,,,
54,VISIT,5374,Random,OnArrival,5,13,18449,Node_267,9,0,5,9,5,,,,,,,,,
54,VISIT,5375,Random,OnArrival,5,13,18449,Node_267,9,0,5,9,5,,,,,,,,,
54,VISIT,5376,Random,OnArrival,5,13,18449,Node_143,13,0,5,13,5,,,,,,,,,
54,VISIT,5371,Random,OnArrival,5,39,18455,Node_622,-2,0,12,-2,12,,,,,,,,,
54,VISIT,5373,Random,OnArrival,5,14,18460,Node_145,12,0,5,12,5,,,,,,,,,
54,VISIT,5374,Random,OnArrival,5,14,18460,Node_351,8,0,5,8,5,,,,,,,,,
54,VISIT,5375,Random,OnArrival,5,14,18460,Node_351,8,0,5,8,5,,,,,,,,,
54,VISIT,5376,Random,OnArrival,5,14,18460,Node_145,12,0,5,12,5,,,,,,,,,
54,VISIT,5371,Random,OnArrival,5,40,18467,Node_619,-2,0,11,-2,11,,,,,,,,,
54,VISIT,5373,Random,OnArrival,5,15,18472,Node_179,11,0,5,11,5,,,,,,,,,
54,VISIT,5376,Random,OnArrival,5,15,18472,Node_179,11,0,5,11,5,,,,,,,,,
54,VISIT,5369,Random,OnArrival,5,49,18480,Node_667,-5,0,25,-5,25,,,,,,,,,
54,VISIT,5371,Random,OnArrival,5,41,18480,Node_662,-3,0,11,-3,11,,,,,,,,,
54,VISIT,5373,Random,OnArrival,5,16,18485,Node_218,10,0,5,10,5,,,,,,,,,
54,VISIT,5376,Random,OnArrival,5,16,18485,Node_218,10,0,5,10,5,,,,,,,,,
54,VISIT,5373,Random,OnArrival,5,17,18499,Node_267,9,0,5,9,5,,,,,,,,,
54,VISIT,5374,Random,OnArrival,5,15,18499,Node_350,8,0,2,8,2,,,,,,,,,
54,VISIT,5375,Random,OnArrival,5,15,18499,Node_350,8,0,2,8,2,,,,,,,,,
54,VISIT,5376,Random,OnArrival,5,17,18499,Node_267,9,0,5,9,5,,,,,,,,,
54,VISIT,5373,Random,OnArrival,5,18,18513,Node_351,8,0,5,8,5,,,,,,,,,
54,VISIT,5376,Random,OnArrival,5,18,18513,Node_351,8,0,5,8,5,,,,,,,,,
54,VISIT,5374,Random,OnArrival,5,16,18529,Node_362,6,0,2,6,2,,,,,,,,,
54,VISIT,5375,Random,OnArrival,5,16,18529,Node_362,6,0,2,6,2,,,,,,,,,
54,VISIT,5373,Random,OnArrival,5,19,18562,Node_350,8,0,2,8,2,,,,,,,,,
54,VISIT,5374,Random,OnArrival,5,17,18562,Node_434,6,0,0,6,0,,,,,,,,,
54,VISIT,5375,Random,OnArrival,5,17,18562,Node_434,6,0,0,6,0,,,,,,,,,
54,VISIT,5376,Random,OnArrival,5,19,18562,Node_350,8,0,2,8,2,,,,,,,,,
54,VISIT,5373,Random,OnArrival,5,20,18595,Node_362,6,0,2,6,2,,,,,,,,,
54,VISIT,5376,Random,OnArrival,5,20,18595,Node_362,6,0,2,6,2,,,,,,,,,
54,VISIT,5374,Random,OnArrival,5,18,18611,Node_439,3,0,0,3,0,,,,,,,,,
54,VISIT,5375,Random,OnArrival,5,18,18611,Node_439,3,0,0,3,0,,,,,,,,,
54,VISIT,5373,Random,OnArrival,5,21,18627,Node_434,6,0,0,6,0,,,,,,,,,
54,VISIT,5376,Random,OnArrival,5,21,18627,Node_434,6,0,0,6,0,,,,,,,,,
54,VISIT,5369,Random,OnArrival,5,50,18635,Node_681,-9,0,25,-9,25,,,,,,,,,
54,VISIT,5369,Random,OnArrival,5,51,18652,Node_682,-9,0,24,-9,24,,,,,,,,,
54,VISIT,5374,Random,OnArrival,5,19,18660,Node_507,0,0,0,0,0,,,,,,,,,
54,VISIT,5375,Random,OnArrival,5,19,18660,Node_507,0,0,0,0,0,,,,,,,,,
54,VISIT,5369,Random,OnArrival,5,52,18669,Node_683,-10,0,24,-10,24,,,,,,,,,
54,VISIT,5373,Random,OnArrival,5,22,18677,Node_439,3,0,0,3,0,,,,,,,,,
54,VISIT,5376,Random,OnArrival,5,22,18677,Node_439,3,0,0,3,0,,,,,,,,,
54,VISIT,5374,Random,OnArrival,5,20,18694,Node_508,0,0,-2,0,-2,,,,,,,,,
54,VISIT,5375,Random,OnArrival,5,20,18694,Node_508,0,0,-2,0,-2,,,,,,,,,
54,VISIT,5373,Random,OnArrival,5,23,18726,Node_507,0,0,0,0,0,,,,,,,,,
54,VISIT,5376,Random,OnArrival,5,23,18726,Node_507,0,0,0,0,0,,,,,,,,,
54,VISIT,5374,Random,OnArrival,5,21,18743,Node_553,-2,0,-3,-2,-3,,,,,,,,,
54,VISIT,5375,Random,OnArrival,5,21,18743,Node_553,-2,0,-3,-2,-3,,,,,,,,,
54,VISIT,5373,Random,OnArrival,5,24,18760,Node_508,0,0,-2,0,-2,,,,,,,,,
54,VISIT,5374,Random,OnArrival,5,22,18760,Node_555,-3,0,-3,-3,-3,,,,,,,,,
54,VISIT,5375,Random,OnArrival,5,22,18760,Node_555,-3,0,-3,-3,-3,,,,,,,,,
54,VISIT,5376,Random,OnArrival,5,24,18760,Node_508,0,0,-2,0,-2,,,,,,,,,
54,VISIT,5373,Random,OnArrival,5,25,18777,Node_686,-1,0,-2,-1,-2,,,,,,,,,
54,VISIT,5373,Random,OnArrival,5,26,18793,Node_687,-1,0,-3,-1,-3,,,,,,,,,
54,VISIT,5376,Random,OnArrival,5,25,18793,Node_507,0,0,0,0,0,,,,,,,,,
54,VISIT,5373,Random,OnArrival,5,27,18809,Node_553,-2,0,-3,-2,-3,,,,,,,,,
54,VISIT,5376,Random,OnArrival,5,26,18809,Node_509,0,0,1,0,1,,,,,,,,,
54,VISIT,5373,Random,OnArrival,5,28,18826,Node_555,-3,0,-3,-3,-3,,,,,,,,,
54,VISIT,5376,Random,OnArrival,5,27,18826,Node_510,-1,0,1,-1,1,,,,,,,,,
54,VISIT,5374,Random,OnArrival,5,23,18860,Node_573,-6,0,0,-6,0,,,,,,,,,
54,VISIT,5375,Random,OnArrival,5,23,18860,Node_573,-6,0,0,-6,0,,,,,,,,,
54,VISIT,5376,Random,OnArrival,5,28,18860,Node_563,-3,0,1,-3,1,,,,,,,,,
54,VISIT,5373,Random,OnArrival,5,29,18877,Node_561,-3,0,0,-3,0,,,,,,,,,
54,VISIT,5374,Random,OnArrival,5,24,18877,Node_575,-7,0,0,-7,0,,,,,,,,,
54,VISIT,5376,Random,OnArrival,5,29,18877,Node_561,-3,0,0,-3,0,,,,,,,,,
54,VISIT,5377,Random,OnArrival,5,0,18890,Node_6,19,0,12,19,12,,,,,,,,,
54,VISIT,5378,Random,OnArrival,5,0,18890,Node_7,19,0,8,19,8,,,,,,,,,
54,VISIT,5379,Random,OnArrival,5,0,18890,Node_8,17,0,10,17,10,,,,,,,,,
54,VISIT,5380,Random,OnArrival,5,0,18890,Node_9,21,0,10,21,10,,,,,,,,,
54,VISIT,5375,Random,OnArrival,5,24,18893,Node_569,-6,0,2,-6,2,,,,,,,,,
54,VISIT,5377,Random,OnArrival,5,1,18894,Node_10,18,0,12,18,12,,,,,,,,,
54,VISIT,5378,Random,OnArrival,5,1,18894,Node_3,19,0,9,19,9,,,,,,,,,
54,VISIT,5379,Random,OnArrival,5,1,18894,Node_12,17,0,11,17,11,,,,,,,,,
54,VISIT,5380,Random,OnArrival,5,1,18894,Node_5,20,0,10,20,10,,,,,,,,,
54,VISIT,5373,Random,OnArrival,5,30,18898,Node_689,-5,0,0,-5,0,,,,,,,,,
54,VISIT,5376,Random,OnArrival,5,30,18898,Node_689,-5,0,0,-5,0,,,,,,,,,
54,VISIT,5377,Random,OnArrival,5,2,18899,Node_16,17,0,12,17,12,,,,,,,,,
54,VISIT,5378,Random,OnArrival,5,2,18899,Node_15,18,0,9,18,9,,,,,,,,,
54,VISIT,5379,Random,OnArrival,5,2,18899,Node_16,17,0,12,17,12,,,,,,,,,
54,VISIT,5380,Random,OnArrival,5,2,18899,Node_40,20,0,11,20,11,,,,,,,,,
54,VISIT,5373,Random,OnArrival,5,31,18903,Node_573,-6,0,0,-6,0,,,,,,,,,
54,VISIT,5376,Random,OnArrival,5,31,18903,Node_573,-6,0,0,-6,0,,,,,,,,,
54,VISIT,5377,Random,OnArrival,5,3,18904,Node_18,16,0,12,16,12,,,,,,,,,
54,VISIT,5378,Random,OnArrival,5,3,18904,Node_4,18,0,10,18,10,,,,,,,,,
54,VISIT,5379,Random,OnArrival,5,3,18904,Node_18,16,0,12,16,12,,,,,,,,,
54,VISIT,5380,Random,OnArrival,5,3,18904,Node_41,20,0,12,20,12,,,,,,,,,
54,VISIT,5373,Random,OnArrival,5,32,18908,Node_575,-7,0,0,-7,0,,,,,,,,,
54,VISIT,5377,Random,OnArrival,5,4,18909,Node_29,15,0,12,15,12,,,,,,,,,
54,VISIT,5378,Random,OnArrival,5,4,18909,Node_8,17,0,10,17,10,,,,,,,,,
54,VISIT,5379,Random,OnArrival,5,4,18909,Node_29,15,0,12,15,12,,,,,,,,,
54,VISIT,5380,Random,OnArrival,5,4,18909,Node_42,20,0,13,20,13,,,,,,,,,
54,VISIT,5373,Random,OnArrival,5,33,18913,Node_690,-7,0,-1,-7,-1,,,,,,,,,
54,VISIT,5376,Random,OnArrival,5,32,18913,Node_569,-6,0,2,-6,2,,,,,,,,,
54,VISIT,5377,Random,OnArrival,5,5,18914,Node_31,15,0,13,15,13,,,,,,,,,
54,VISIT,5378,Random,OnArrival,5,5,18914,Node_12,17,0,11,17,11,,,,,,,,,
54,VISIT,5379,Random,OnArrival,5,5,18914,Node_31,15,0,13,15,13,,,,,,,,,
54,VISIT,5380,Random,OnArrival,5,5,18914,Node_43,20,0,14,20,14,,,,,,,,,
54,VISIT,5373,Random,OnArrival,5,34,18918,Node_694,-8,0,-1,-8,-1,,,,,,,,,
54,VISIT,5376,Random,OnArrival,5,33,18918,Node_692,-7,0,2,-7,2,,,,,,,,,
54,VISIT,5377,Random,OnArrival,5,6,18919,Node_36,14,0,13,14,13,,,,,,,,,
54,VISIT,5378,Random,OnArrival,5,6,18919,Node_16,17,0,12,17,12,,,,,,,,,
54,VISIT,5379,Random,OnArrival,5,6,18919,Node_36,14,0,13,14,13,,,,,,,,,
54,VISIT,5377,Random,OnArrival,5,7,18926,Node_37,14,0,14,14,14,,,,,,,,,
54,VISIT,5378,Random,OnArrival,5,7,18926,Node_18,16,0,12,16,12,,,,,,,,,
54,VISIT,5379,Random,OnArrival,5,7,18926,Node_37,14,0,14,14,14,,,,,,,,,
54,VISIT,5380,Random,OnArrival,5,6,18926,Node_139,18,0,14,18,14,,,,,,,,,
54,VISIT,5373,Random,OnArrival,5,35,18930,Node_697,-10,0,-1,-10,-1,,,,,,,,,
54,VISIT,5377,Random,OnArrival,5,8,18931,Node_38,13,0,14,13,14,,,,,,,,,
54,VISIT,5378,Random,OnArrival,5,8,18931,Node_29,15,0,12,15,12,,,,,,,,,
54,VISIT,5379,Random,OnArrival,5,8,18931,Node_38,13,0,14,13,14,,,,,,,,,
54,VISIT,5380,Random,OnArrival,5,7,18931,Node_105,17,0,14,17,14,,,,,,,,,
54,VISIT,5377,Random,OnArrival,5,9,18936,Node_39,13,0,15,13,15,,,,,,,,,
54,VISIT,5378,Random,OnArrival,5,9,18936,Node_31,15,0,13,15,13,,,,,,,,,
54,VISIT,5379,Random,OnArrival,5,9,18936,Node_39,13,0,15,13,15,,,,,,,,,
54,VISIT,5380,Random,OnArrival,5,8,18936,Node_102,16,0,14,16,14,,,,,,,,,
54,VISIT,5377,Random,OnArrival,5,10,18941,Node_436,13,0,16,13,16,,,,,,,,,
54,VISIT,5378,Random,OnArrival,5,10,18941,Node_36,14,0,13,14,13,,,,,,,,,
54,VISIT,5379,Random,OnArrival,5,10,18941,Node_436,13,0,16,13,16,,,,,,,,,
54,VISIT,5380,Random,OnArrival,5,9,18941,Node_95,15,0,14,15,14,,,,,,,,,
54,VISIT,5373,Random,OnArrival,5,36,18946,Node_701,-10,0,2,-10,2,,,,,,,,,
54,VISIT,5377,Random,OnArrival,5,11,18946,Node_437,13,0,17,13,17,,,,,,,,,
54,VISIT,5378,Random,OnArrival,5,11,18946,Node_37,14,0,14,14,14,,,,,,,,,
54,VISIT,5379,Random,OnArrival,5,11,18946,Node_437,13,0,17,13,17,,,,,,,,,
54,VISIT,5380,Random,OnArrival,5,10,18946,Node_37,14,0,14,14,14,,,,,,,,,
54,VISIT,5377,Random,OnArrival,5,12,18956,Node_438,13,0,18,13,18,,,,,,,,,
54,VISIT,5378,Random,OnArrival,5,12,18956,Node_38,13,0,14,13,14,,,,,,,,,
54,VISIT,5379,Random,OnArrival,5,12,18956,Node_438,13,0,18,13,18,,,,,,,,,
54,VISIT,5380,Random,OnArrival,5,11,18956,Node_38,13,0,14,13,14,,,,,,,,,
54,VISIT,5373,Random,OnArrival,5,37,18966,Node_703,-10,0,4,-10,4,,,,,,,,,
54,VISIT,5376,Random,OnArrival,5,34,18966,Node_701,-10,0,2,-10,2,,,,,,,,,
54,VISIT,5377,Random,OnArrival,5,13,18966,Node_85,12,0,18,12,18,,,,,,,,,
54,VISIT,5378,Random,OnArrival,5,13,18966,Node_39,13,0,15,13,15,,,,,,,,,
54,VISIT,5379,Random,OnArrival,5,13,18966,Node_85,12,0,18,12,18,,,,,,,,,
54,VISIT,5380,Random,OnArrival,5,12,18966,Node_39,13,0,15,13,15,,,,,,,,,
54,VISIT,5377,Random,OnArrival,5,14,18976,Node_440,11,0,18,11,18,,,,,,,,,
54,VISIT,5378,Random,OnArrival,5,14,18976,Node_436,13,0,16,13,16,,,,,,,,,
54,VISIT,5379,Random,OnArrival,5,14,18976,Node_440,11,0,18,11,18,,,,,,,,,
54,VISIT,5380,Random,OnArrival,5,13,18976,Node_436,13,0,16,13,16,,,,,,,,,
54,VISIT,5373,Random,OnArrival,5,38,18986,Node_701,-10,0,2,-10,2,,,,,,,,,
54,VISIT,5378,Random,OnArrival,5,15,18986,Node_437,13,0,17,13,17,,,,,,,,,
54,VISIT,5380,Random,OnArrival,5,14,18986,Node_437,13,0,17,13,17,,,,,,,,,
54,VISIT,5376,Random,OnArrival,5,35,19002,Node_692,-7,0,2,-7,2,,,,,,,,,
54,VISIT,5377,Random,OnArrival,5,15,19002,Node_443,11,0,20,11,20,,,,,,,,,
54,VISIT,5378,Random,OnArrival,5,16,19002,Node_438,13,0,18,13,18,,,,,,,,,
54,VISIT,5379,Random,OnArrival,5,15,19002,Node_443,11,0,20,11,20,,,,,,,,,
54,VISIT,5380,Random,OnArrival,5,15,19002,Node_438,13,0,18,13,18,,,,,,,,,
54,VISIT,5377,Random,OnArrival,5,16,19017,Node_445,11,0,21,11,21,,,,,,,,,
54,VISIT,5378,Random,OnArrival,5,17,19017,Node_85,12,0,18,12,18,,,,,,,,,
54,VISIT,5379,Random,OnArrival,5,16,19017,Node_445,11,0,21,11,21,,,,,,,,,
54,VISIT,5380,Random,OnArrival,5,16,19017,Node_85,12,0,18,12,18,,,,,,,,,
54,VISIT,5373,Random,OnArrival,5,39,19032,Node_697,-10,0,-1,-10,-1,,,,,,,,,
54,VISIT,5376,Random,OnArrival,5,36,19032,Node_695,-7,0,4,-7,4,,,,,,,,,
54,VISIT,5378,Random,OnArrival,5,18,19032,Node_440,11,0,18,11,18,,,,,,,,,
54,VISIT,5380,Random,OnArrival,5,17,19032,Node_440,11,0,18,11,18,,,,,,,,,
54,VISIT,5377,Random,OnArrival,5,17,19048,Node_481,9,0,21,9,21,,,,,,,,,
54,VISIT,5379,Random,OnArrival,5,17,19048,Node_481,9,0,21,9,21,,,,,,,,,
54,VISIT,5377,Random,OnArrival,5,18,19064,Node_484,8,0,21,8,21,,,,,,,,,
54,VISIT,5378,Random,OnArrival,5,19,19064,Node_443,11,0,20,11,20,,,,,,,,,
54,VISIT,5379,Random,OnArrival,5,18,19064,Node_484,8,0,21,8,21,,,,,,,,,
54,VISIT,5380,Random,OnArrival,5,18,19064,Node_443,11,0,20,11,20,,,,,,,,,
54,VISIT,5377,Random,OnArrival,5,19,19080,Node_483,8,0,22,8,22,,,,,,,,,
54,VISIT,5378,Random,OnArrival,5,20,19080,Node_445,11,0,21,11,21,,,,,,,,,
54,VISIT,5379,Random,OnArrival,5,19,19080,Node_483,8,0,22,8,22,,,,,,,,,
54,VISIT,5380,Random,OnArrival,5,19,19080,Node_445,11,0,21,11,21,,,,,,,,,
54,VISIT,5376,Random,OnArrival,5,37,19097,Node_511,-3,0,4,-3,4,,,,,,,,,
54,VISIT,5376,Random,OnArrival,5,38,19113,Node_463,-2,0,4,-2,4,,,,,,,,,
54,VISIT,5378,Random,OnArrival,5,21,19113,Node_481,9,0,21,9,21,,,,,,,,,
54,VISIT,5380,Random,OnArrival,5,20,19113,Node_481,9,0,21,9,21,,,,,,,,,
54,VISIT,5378,Random,OnArrival,5,22,19129,Node_482,9,0,22,9,22,,,,,,,,,
54,VISIT,5380,Random,OnArrival,5,21,19129,Node_482,9,0,22,9,22,,,,,,,,,
54,VISIT,5376,Random,OnArrival,5,39,19145,Node_466,-2,0,6,-2,6,,,,,,,,,
54,VISIT,5378,Random,OnArrival,5,23,19145,Node_483,8,0,22,8,22,,,,,,,,,
54,VISIT,5380,Random,OnArrival,5,22,19145,Node_483,8,0,22,8,22,,,,,,,,,
54,VISIT,5378,Random,OnArrival,5,24,19161,Node_708,7,0,22,7,22,,,,,,,,,
54,VISIT,5380,Random,OnArrival,5,23,19161,Node_708,7,0,22,7,22,,,,,,,,,
54,VISIT,5376,Random,OnArrival,5,40,19193,Node_654,-1,0,8,-1,8,,,,,,,,,
54,VISIT,5378,Random,OnArrival,5,25,19193,Node_710,6,0,23,6,23,,,,,,,,,
54,VISIT,5380,Random,OnArrival,5,24,19193,Node_710,6,0,23,6,23,,,,,,,,,
54,VISIT,5373,Random,OnArrival,5,40,19208,Node_688,-5,0,-3,-5,-3,,,,,,,,,
54,VISIT,5376,Random,OnArrival,5,41,19208,Node_715,-2,0,8,-2,8,,,,,,,,,
54,VISIT,5378,Random,OnArrival,5,26,19208,Node_711,6,0,24,6,24,,,,,,,,,
54,VISIT,5380,Random,OnArrival,5,25,19208,Node_711,6,0,24,6,24,,,,,,,,,
54,VISIT,5376,Random,OnArrival,5,42,19224,Node_713,-2,0,7,-2,7,,,,,,,,,
54,VISIT,5378,Random,OnArrival,5,27,19224,Node_719,5,0,24,5,24,,,,,,,,,
54,VISIT,5380,Random,OnArrival,5,26,19224,Node_719,5,0,24,5,24,,,,,,,,,
54,VISIT,5376,Random,OnArrival,5,43,19240,Node_653,-1,0,7,-1,7,,,,,,,,,
54,VISIT,5377,Random,OnArrival,5,20,19240,Node_716,5,0,25,5,25,,,,,,,,,
54,VISIT,5378,Random,OnArrival,5,28,19240,Node_716,5,0,25,5,25,,,,,,,,,
54,VISIT,5379,Random,OnArrival,5,20,19240,Node_716,5,0,25,5,25,,,,,,,,,
54,VISIT,5380,Random,OnArrival,5,27,19240,Node_716,5,0,25,5,25,,,,,,,,,
54,VISIT,5373,Random,OnArrival,5,41,19256,Node_689,-5,0,0,-5,0,,,,,,,,,
54,VISIT,5376,Random,OnArrival,5,44,19256,Node_654,-1,0,8,-1,8,,,,,,,,,
54,VISIT,5377,Random,OnArrival,5,21,19256,Node_714,6,0,25,6,25,,,,,,,,,
54,VISIT,5378,Random,OnArrival,5,29,19256,Node_714,6,0,25,6,25,,,,,,,,,
54,VISIT,5379,Random,OnArrival,5,21,19256,Node_714,6,0,25,6,25,,,,,,,,,
54,VISIT,5380,Random,OnArrival,5,28,19256,Node_714,6,0,25,6,25,,,,,,,,,
54,VISIT,5373,Random,OnArrival,5,42,19272,Node_573,-6,0,0,-6,0,,,,,,,,,
54,VISIT,5376,Random,OnArrival,5,45,19272,Node_612,-1,0,9,-1,9,,,,,,,,,
54,VISIT,5376,Random,OnArrival,5,46,19288,Node_613,-1,0,10,-1,10,,,,,,,,,
54,VISIT,5373,Random,OnArrival,5,43,19304,Node_569,-6,0,2,-6,2,,,,,,,,,
54,VISIT,5376,Random,OnArrival,5,47,19304,Node_616,-2,0,10,-2,10,,,,,,,,,
54,VISIT,5377,Random,OnArrival,5,22,19304,Node_476,9,0,25,9,25,,,,,,,,,
54,VISIT,5378,Random,OnArrival,5,30,19304,Node_476,9,0,25,9,25,,,,,,,,,
54,VISIT,5379,Random,OnArrival,5,22,19304,Node_476,9,0,25,9,25,,,,,,,,,
54,VISIT,5380,Random,OnArrival,5,29,19304,Node_476,9,0,25,9,25,,,,,,,,,
54,VISIT,5373,Random,OnArrival,5,44,19320,Node_692,-7,0,2,-7,2,,,,,,,,,
54,VISIT,5376,Random,OnArrival,5,48,19320,Node_660,-3,0,10,-3,10,,,,,,,,,
54,VISIT,5376,Random,OnArrival,5,49,19336,Node_676,-4,0,10,-4,10,,,,,,,,,
54,VISIT,5373,Random,OnArrival,5,45,19352,Node_695,-7,0,4,-7,4,,,,,,,,,
54,VISIT,5377,Random,OnArrival,5,23,19352,Node_714,6,0,25,6,25,,,,,,,,,
54,VISIT,5378,Random,OnArrival,5,31,19352,Node_714,6,0,25,6,25,,,,,,,,,
54,VISIT,5379,Random,OnArrival,5,23,19352,Node_714,6,0,25,6,25,,,,,,,,,
54,VISIT,5380,Random,OnArrival,5,30,19352,Node_714,6,0,25,6,25,,,,,,,,,
54,VISIT,5373,Random,OnArrival,5,46,19368,Node_696,-7,0,5,-7,5,,,,,,,,,
54,VISIT,5377,Random,OnArrival,5,24,19368,Node_711,6,0,24,6,24,,,,,,,,,
54,VISIT,5378,Random,OnArrival,5,32,19368,Node_711,6,0,24,6,24,,,,,,,,,
54,VISIT,5379,Random,OnArrival,5,24,19368,Node_711,6,0,24,6,24,,,,,,,,,
54,VISIT,5380,Random,OnArrival,5,31,19368,Node_711,6,0,24,6,24,,,,,,,,,
54,VISIT,5377,Random,OnArrival,5,25,19384,Node_710,6,0,23,6,23,,,,,,,,,
54,VISIT,5378,Random,OnArrival,5,33,19384,Node_710,6,0,23,6,23,,,,,,,,,
54,VISIT,5379,Random,OnArrival,5,25,19384,Node_710,6,0,23,6,23,,,,,,,,,
54,VISIT,5380,Random,OnArrival,5,32,19384,Node_710,6,0,23,6,23,,,,,,,,,
54,VISIT,5381,Random,OnArrival,5,0,19396,Node_6,19,0,12,19,12,,,,,,,,,
54,VISIT,5382,Random,OnArrival,5,0,19396,Node_7,19,0,8,19,8,,,,,,,,,
54,VISIT,5383,Random,OnArrival,5,0,19396,Node_8,17,0,10,17,10,,,,,,,,,
54,VISIT,5384,Random,OnArrival,5,0,19396,Node_9,21,0,10,21,10,,,,,,,,,
54,VISIT,5377,Random,OnArrival,5,26,19399,Node_717,6,0,22,6,22,,,,,,,,,
54,VISIT,5378,Random,OnArrival,5,34,19399,Node_717,6,0,22,6,22,,,,,,,,,
54,VISIT,5379,Random,OnArrival,5,26,19399,Node_717,6,0,22,6,22,,,,,,,,,
54,VISIT,5380,Random,OnArrival,5,33,19399,Node_717,6,0,22,6,22,,,,,,,,,
54,VISIT,5381,Random,OnArrival,5,1,19400,Node_2,19,0,11,19,11,,,,,,,,,
54,VISIT,5382,Random,OnArrival,5,1,19400,Node_11,18,0,8,18,8,,,,,,,,,
54,VISIT,5383,Random,OnArrival,5,1,19400,Node_24,16,0,10,16,10,,,,,,,,,
54,VISIT,5384,Random,OnArrival,5,1,19400,Node_5,20,0,10,20,10,,,,,,,,,
54,VISIT,5381,Random,OnArrival,5,2,19404,Node_20,19,0,10,19,10,,,,,,,,,
54,VISIT,5382,Random,OnArrival,5,2,19404,Node_126,17,0,8,17,8,,,,,,,,,
54,VISIT,5383,Random,OnArrival,5,2,19404,Node_26,15,0,10,15,10,,,,,,,,,
54,VISIT,5384,Random,OnArrival,5,2,19404,Node_20,19,0,10,19,10,,,,,,,,,
54,VISIT,5378,Random,OnArrival,5,35,19408,Node_717,6,0,22,6,22,,,,,,,,,
54,VISIT,5379,Random,OnArrival,5,27,19408,Node_717,6,0,22,6,22,,,,,,,,,
54,VISIT,5380,Random,OnArrival,5,34,19408,Node_717,6,0,22,6,22,,,,,,,,,
54,VISIT,5381,Random,OnArrival,5,3,19408,Node_4,18,0,10,18,10,,,,,,,,,
54,VISIT,5382,Random,OnArrival,5,3,19408,Node_166,17,0,7,17,7,,,,,,,,,
54,VISIT,5383,Random,OnArrival,5,3,19408,Node_65,14,0,10,14,10,,,,,,,,,
54,VISIT,5384,Random,OnArrival,5,3,19408,Node_4,18,0,10,18,10,,,,,,,,,
54,VISIT,5373,Random,OnArrival,5,47,19412,Node_724,-8,0,5,-8,5,,,,,,,,,
54,VISIT,5378,Random,OnArrival,5,36,19412,Node_708,7,0,22,7,22,,,,,,,,,
54,VISIT,5379,Random,OnArrival,5,28,19412,Node_708,7,0,22,7,22,,,,,,,,,
54,VISIT,5380,Random,OnArrival,5,35,19412,Node_708,7,0,22,7,22,,,,,,,,,
54,VISIT,5381,Random,OnArrival,5,4,19412,Node_8,17,0,10,17,10,,,,,,,,,
54,VISIT,5382,Random,OnArrival,5,4,19412,Node_167,16,0,7,16,7,,,,,,,,,
54,VISIT,5383,Random,OnArrival,5,4,19412,Node_68,13,0,10,13,10,,,,,,,,,
54,VISIT,5384,Random,OnArrival,5,4,19412,Node_8,17,0,10,17,10,,,,,,,,,
54,VISIT,5373,Random,OnArrival,5,48,19416,Node_696,-7,0,5,-7,5,,,,,,,,,
54,VISIT,5378,Random,OnArrival,5,37,19416,Node_483,8,0,22,8,22,,,,,,,,,
54,VISIT,5379,Random,OnArrival,5,29,19416,Node_483,8,0,22,8,22,,,,,,,,,
54,VISIT,5380,Random,OnArrival,5,36,19416,Node_483,8,0,22,8,22,,,,,,,,,
54,VISIT,5381,Random,OnArrival,5,5,19416,Node_24,16,0,10,16,10,,,,,,,,,
54,VISIT,5382,Random,OnArrival,5,5,19416,Node_206,16,0,6,16,6,,,,,,,,,
54,VISIT,5383,Random,OnArrival,5,5,19416,Node_134,13,0,9,13,9,,,,,,,,,
54,VISIT,5384,Random,OnArrival,5,5,19416,Node_24,16,0,10,16,10,,,,,,,,,
54,VISIT,5373,Random,OnArrival,5,49,19420,Node_698,-7,0,6,-7,6,,,,,,,,,
54,VISIT,5378,Random,OnArrival,5,38,19420,Node_484,8,0,21,8,21,,,,,,,,,
54,VISIT,5379,Random,OnArrival,5,30,19420,Node_484,8,0,21,8,21,,,,,,,,,
54,VISIT,5380,Random,OnArrival,5,37,19420,Node_484,8,0,21,8,21,,,,,,,,,
54,VISIT,5381,Random,OnArrival,5,6,19420,Node_26,15,0,10,15,10,,,,,,,,,
54,VISIT,5382,Random,OnArrival,5,6,19420,Node_171,15,0,6,15,6,,,,,,,,,
54,VISIT,5383,Random,OnArrival,5,6,19420,Node_153,12,0,9,12,9,,,,,,,,,
54,VISIT,5384,Random,OnArrival,5,6,19420,Node_26,15,0,10,15,10,,,,,,,,,
54,VISIT,5373,Random,OnArrival,5,50,19424,Node_726,-8,0,6,-8,6,,,,,,,,,
54,VISIT,5378,Random,OnArrival,5,39,19424,Node_485,8,0,20,8,20,,,,,,,,,
54,VISIT,5379,Random,OnArrival,5,31,19424,Node_485,8,0,20,8,20,,,,,,,,,
54,VISIT,5380,Random,OnArrival,5,38,19424,Node_485,8,0,20,8,20,,,,,,,,,
54,VISIT,5381,Random,OnArrival,5,7,19424,Node_65,14,0,10,14,10,,,,,,,,,
54,VISIT,5382,Random,OnArrival,5,7,19424,Node_177,14,0,6,14,6,,,,,,,,,
54,VISIT,5383,Random,OnArrival,5,7,19424,Node_165,11,0,9,11,9,,,,,,,,,
54,VISIT,5384,Random,OnArrival,5,7,19424,Node_65,14,0,10,14,10,,,,,,,,,
54,VISIT,5373,Random,OnArrival,5,51,19428,Node_698,-7,0,6,-7,6,,,,,,,,,
54,VISIT,5378,Random,OnArrival,5,40,19428,Node_464,7,0,20,7,20,,,,,,,,,
54,VISIT,5379,Random,OnArrival,5,32,19428,Node_464,7,0,20,7,20,,,,,,,,,
54,VISIT,5380,Random,OnArrival,5,39,19428,Node_464,7,0,20,7,20,,,,,,,,,
54,VISIT,5381,Random,OnArrival,5,8,19428,Node_68,13,0,10,13,10,,,,,,,,,
54,VISIT,5382,Random,OnArrival,5,8,19428,Node_141,13,0,6,13,6,,,,,,,,,
54,VISIT,5383,Random,OnArrival,5,8,19428,Node_162,10,0,9,10,9,,,,,,,,,
54,VISIT,5384,Random,OnArrival,5,8,19428,Node_68,13,0,10,13,10,,,,,,,,,
54,VISIT,5378,Random,OnArrival,5,41,19432,Node_465,6,0,20,6,20,,,,,,,,,
54,VISIT,5379,Random,OnArrival,5,33,19432,Node_465,6,0,20,6,20,,,,,,,,,
54,VISIT,5380,Random,OnArrival,5,40,19432,Node_465,6,0,20,6,20,,,,,,,,,
54,VISIT,5381,Random,OnArrival,5,9,19432,Node_134,13,0,9,13,9,,,,,,,,,
54,VISIT,5382,Random,OnArrival,5,9,19432,Node_143,13,0,5,13,5,,,,,,,,,
54,VISIT,5383,Random,OnArrival,5,9,19432,Node_161,10,0,10,10,10,,,,,,,,,
54,VISIT,5384,Random,OnArrival,5,9,19432,Node_134,13,0,9,13,9,,,,,,,,,
54,VISIT,5378,Random,OnArrival,5,42,19439,Node_474,5,0,20,5,20,,,,,,,,,
54,VISIT,5379,Random,OnArrival,5,34,19439,Node_474,5,0,20,5,20,,,,,,,,,
54,VISIT,5380,Random,OnArrival,5,41,19439,Node_474,5,0,20,5,20,,,,,,,,,
54,VISIT,5381,Random,OnArrival,5,10,19439,Node_153,12,0,9,12,9,,,,,,,,,
54,VISIT,5382,Random,OnArrival,5,10,19439,Node_145,12,0,5,12,5,,,,,,,,,
54,VISIT,5383,Random,OnArrival,5,10,19439,Node_640,9,0,10,9,10,,,,,,,,,
54,VISIT,5384,Random,OnArrival,5,10,19439,Node_153,12,0,9,12,9,,,,,,,,,
54,VISIT,5373,Random,OnArrival,5,52,19446,Node_699,-7,0,7,-7,7,,,,,,,,,
54,VISIT,5381,Random,OnArrival,5,11,19446,Node_165,11,0,9,11,9,,,,,,,,,
54,VISIT,5382,Random,OnArrival,5,11,19446,Node_179,11,0,5,11,5,,,,,,,,,
54,VISIT,5383,Random,OnArrival,5,11,19446,Node_615,8,0,10,8,10,,,,,,,,,
54,VISIT,5384,Random,OnArrival,5,11,19446,Node_165,11,0,9,11,9,,,,,,,,,
54,VISIT,5373,Random,OnArrival,5,53,19454,Node_735,-6,0,7,-6,7,,,,,,,,,
54,VISIT,5378,Random,OnArrival,5,43,19454,Node_477,3,0,20,3,20,,,,,,,,,
54,VISIT,5379,Random,OnArrival,5,35,19454,Node_477,3,0,20,3,20,,,,,,,,,
54,VISIT,5380,Random,OnArrival,5,42,19454,Node_477,3,0,20,3,20,,,,,,,,,
54,VISIT,5381,Random,OnArrival,5,12,19454,Node_162,10,0,9,10,9,,,,,,,,,
54,VISIT,5382,Random,OnArrival,5,12,19454,Node_218,10,0,5,10,5,,,,,,,,,
54,VISIT,5384,Random,OnArrival,5,12,19454,Node_162,10,0,9,10,9,,,,,,,,,
54,VISIT,5373,Random,OnArrival,5,54,19463,Node_732,-5,0,7,-5,7,,,,,,,,,
54,VISIT,5378,Random,OnArrival,5,44,19463,Node_650,2,0,20,2,20,,,,,,,,,
54,VISIT,5379,Random,OnArrival,5,36,19463,Node_650,2,0,20,2,20,,,,,,,,,
54,VISIT,5380,Random,OnArrival,5,43,19463,Node_650,2,0,20,2,20,,,,,,,,,
54,VISIT,5381,Random,OnArrival,5,13,19463,Node_161,10,0,10,10,10,,,,,,,,,
54,VISIT,5382,Random,OnArrival,5,13,19463,Node_267,9,0,5,9,5,,,,,,,,,
54,VISIT,5383,Random,OnArrival,5,12,19463,Node_570,6,0,10,6,10,,,,,,,,,
54,VISIT,5384,Random,OnArrival,5,13,19463,Node_161,10,0,10,10,10,,,,,,,,,
54,VISIT,5373,Random,OnArrival,5,55,19477,Node_725,-4,0,7,-4,7,,,,,,,,,
54,VISIT,5378,Random,OnArrival,5,45,19477,Node_636,1,0,20,1,20,,,,,,,,,
54,VISIT,5379,Random,OnArrival,5,37,19477,Node_636,1,0,20,1,20,,,,,,,,,
54,VISIT,5380,Random,OnArrival,5,44,19477,Node_636,1,0,20,1,20,,,,,,,,,
54,VISIT,5381,Random,OnArrival,5,14,19477,Node_640,9,0,10,9,10,,,,,,,,,
54,VISIT,5382,Random,OnArrival,5,14,19477,Node_351,8,0,5,8,5,,,,,,,,,
54,VISIT,5383,Random,OnArrival,5,13,19477,Node_521,5,0,10,5,10,,,,,,,,,
54,VISIT,5384,Random,OnArrival,5,14,19477,Node_640,9,0,10,9,10,,,,,,,,,
54,VISIT,5373,Random,OnArrival,5,56,19491,Node_727,-4,0,6,-4,6,,,,,,,,,
54,VISIT,5381,Random,OnArrival,5,15,19491,Node_615,8,0,10,8,10,,,,,,,,,
54,VISIT,5384,Random,OnArrival,5,15,19491,Node_615,8,0,10,8,10,,,,,,,,,
54,VISIT,5378,Random,OnArrival,5,46,19507,Node_591,-1,0,20,-1,20,,,,,,,,,
54,VISIT,5379,Random,OnArrival,5,38,19507,Node_591,-1,0,20,-1,20,,,,,,,,,
54,VISIT,5380,Random,OnArrival,5,45,19507,Node_591,-1,0,20,-1,20,,,,,,,,,
54,VISIT,5383,Random,OnArrival,5,14,19507,Node_524,5,0,12,5,12,,,,,,,,,
54,VISIT,5373,Random,OnArrival,5,57,19522,Node_466,-2,0,6,-2,6,,,,,,,,,
54,VISIT,5378,Random,OnArrival,5,47,19522,Node_589,-1,0,19,-1,19,,,,,,,,,
54,VISIT,5379,Random,OnArrival,5,39,19522,Node_589,-1,0,19,-1,19,,,,,,,,,
54,VISIT,5380,Random,OnArrival,5,46,19522,Node_589,-1,0,19,-1,19,,,,,,,,,
54,VISIT,5381,Random,OnArrival,5,16,19522,Node_570,6,0,10,6,10,,,,,,,,,
54,VISIT,5382,Random,OnArrival,5,15,19522,Node_350,8,0,2,8,2,,,,,,,,,
54,VISIT,5383,Random,OnArrival,5,15,19522,Node_527,5,0,13,5,13,,,,,,,,,
54,VISIT,5384,Random,OnArrival,5,16,19522,Node_570,6,0,10,6,10,,,,,,,,,
54,VISIT,5373,Random,OnArrival,5,58,19536,Node_652,-1,0,6,-1,6,,,,,,,,,
54,VISIT,5378,Random,OnArrival,5,48,19536,Node_633,-2,0,19,-2,19,,,,,,,,,
54,VISIT,5379,Random,OnArrival,5,40,19536,Node_633,-2,0,19,-2,19,,,,,,,,,
54,VISIT,5380,Random,OnArrival,5,47,19536,Node_633,-2,0,19,-2,19,,,,,,,,,
54,VISIT,5381,Random,OnArrival,5,17,19536,Node_521,5,0,10,5,10,,,,,,,,,
54,VISIT,5383,Random,OnArrival,5,16,19536,Node_617,6,0,13,6,13,,,,,,,,,
54,VISIT,5384,Random,OnArrival,5,17,19536,Node_521,5,0,10,5,10,,,,,,,,,
54,VISIT,5373,Random,OnArrival,5,59,19552,Node_466,-2,0,6,-2,6,,,,,,,,,
54,VISIT,5378,Random,OnArrival,5,49,19552,Node_634,-2,0,20,-2,20,,,,,,,,,
54,VISIT,5379,Random,OnArrival,5,41,19552,Node_632,-2,0,18,-2,18,,,,,,,,,
54,VISIT,5380,Random,OnArrival,5,48,19552,Node_632,-2,0,18,-2,18,,,,,,,,,
54,VISIT,5382,Random,OnArrival,5,16,19552,Node_362,6,0,2,6,2,,,,,,,,,
54,VISIT,5383,Random,OnArrival,5,17,19552,Node_620,6,0,14,6,14,,,,,,,,,
54,VISIT,5378,Random,OnArrival,5,50,19566,Node_591,-1,0,20,-1,20,,,,,,,,,
54,VISIT,5381,Random,OnArrival,5,18,19566,Node_524,5,0,12,5,12,,,,,,,,,
54,VISIT,5383,Random,OnArrival,5,18,19566,Node_528,5,0,14,5,14,,,,,,,,,
54,VISIT,5384,Random,OnArrival,5,18,19566,Node_524,5,0,12,5,12,,,,,,,,,
54,VISIT,5373,Random,OnArrival,5,60,19582,Node_727,-4,0,6,-4,6,,,,,,,,,
54,VISIT,5379,Random,OnArrival,5,42,19582,Node_600,-3,0,17,-3,17,,,,,,,,,
54,VISIT,5380,Random,OnArrival,5,49,19582,Node_600,-3,0,17,-3,17,,,,,,,,,
54,VISIT,5381,Random,OnArrival,5,19,19582,Node_527,5,0,13,5,13,,,,,,,,,
54,VISIT,5382,Random,OnArrival,5,17,19582,Node_434,6,0,0,6,0,,,,,,,,,
54,VISIT,5383,Random,OnArrival,5,19,19582,Node_624,4,0,14,4,14,,,,,,,,,
54,VISIT,5384,Random,OnArrival,5,19,19582,Node_527,5,0,13,5,13,,,,,,,,,
54,VISIT,5373,Random,OnArrival,5,61,19597,Node_725,-4,0,7,-4,7,,,,,,,,,
54,VISIT,5378,Random,OnArrival,5,51,19597,Node_592,-1,0,22,-1,22,,,,,,,,,
54,VISIT,5379,Random,OnArrival,5,43,19597,Node_601,-4,0,17,-4,17,,,,,,,,,
54,VISIT,5380,Random,OnArrival,5,50,19597,Node_601,-4,0,17,-4,17,,,,,,,,,
54,VISIT,5381,Random,OnArrival,5,20,19597,Node_528,5,0,14,5,14,,,,,,,,,
54,VISIT,5383,Random,OnArrival,5,20,19597,Node_651,3,0,14,3,14,,,,,,,,,
54,VISIT,5384,Random,OnArrival,5,20,19597,Node_528,5,0,14,5,14,,,,,,,,,
54,VISIT,5373,Random,OnArrival,5,62,19613,Node_732,-5,0,7,-5,7,,,,,,,,,
54,VISIT,5378,Random,OnArrival,5,52,19613,Node_593,-2,0,22,-2,22,,,,,,,,,
54,VISIT,5379,Random,OnArrival,5,44,19613,Node_602,-4,0,18,-4,18,,,,,,,,,
54,VISIT,5380,Random,OnArrival,5,51,19613,Node_664,-5,0,17,-5,17,,,,,,,,,
54,VISIT,5381,Random,OnArrival,5,21,19613,Node_624,4,0,14,4,14,,,,,,,,,
54,VISIT,5384,Random,OnArrival,5,21,19613,Node_624,4,0,14,4,14,,,,,,,,,
54,VISIT,5373,Random,OnArrival,5,63,19628,Node_733,-5,0,8,-5,8,,,,,,,,,
54,VISIT,5379,Random,OnArrival,5,45,19628,Node_603,-5,0,18,-5,18,,,,,,,,,
54,VISIT,5380,Random,OnArrival,5,52,19628,Node_666,-6,0,17,-6,17,,,,,,,,,
54,VISIT,5381,Random,OnArrival,5,22,19628,Node_651,3,0,14,3,14,,,,,,,,,
54,VISIT,5382,Random,OnArrival,5,18,19628,Node_439,3,0,0,3,0,,,,,,,,,
54,VISIT,5383,Random,OnArrival,5,21,19628,Node_572,2,0,13,2,13,,,,,,,,,
54,VISIT,5384,Random,OnArrival,5,22,19628,Node_651,3,0,14,3,14,,,,,,,,,
54,VISIT,5379,Random,OnArrival,5,46,19637,Node_665,-6,0,18,-6,18,,,,,,,,,
54,VISIT,5380,Random,OnArrival,5,53,19637,Node_665,-6,0,18,-6,18,,,,,,,,,
54,VISIT,5381,Random,OnArrival,5,23,19637,Node_737,3,0,13,3,13,,,,,,,,,
54,VISIT,5383,Random,OnArrival,5,22,19637,Node_574,1,0,13,1,13,,,,,,,,,
54,VISIT,5384,Random,OnArrival,5,23,19637,Node_624,4,0,14,4,14,,,,,,,,,
54,VISIT,5379,Random,OnArrival,5,47,19648,Node_666,-6,0,17,-6,17,,,,,,,,,
54,VISIT,5380,Random,OnArrival,5,54,19648,Node_603,-5,0,18,-5,18,,,,,,,,,
54,VISIT,5381,Random,OnArrival,5,24,19648,Node_651,3,0,14,3,14,,,,,,,,,
54,VISIT,5383,Random,OnArrival,5,23,19648,Node_577,1,0,14,1,14,,,,,,,,,
54,VISIT,5384,Random,OnArrival,5,24,19648,Node_528,5,0,14,5,14,,,,,,,,,
54,VISIT,5378,Random,OnArrival,5,53,19659,Node_677,-4,0,22,-4,22,,,,,,,,,
54,VISIT,5381,Random,OnArrival,5,25,19659,Node_624,4,0,14,4,14,,,,,,,,,
54,VISIT,5382,Random,OnArrival,5,19,19659,Node_507,0,0,0,0,0,,,,,,,,,
54,VISIT,5383,Random,OnArrival,5,24,19659,Node_588,0,0,14,0,14,,,,,,,,,
54,VISIT,5384,Random,OnArrival,5,25,19659,Node_529,5,0,15,5,15,,,,,,,,,
54,VISIT,5378,Random,OnArrival,5,54,19670,Node_674,-5,0,22,-5,22,,,,,,,,,
54,VISIT,5380,Random,OnArrival,5,55,19670,Node_604,-5,0,20,-5,20,,,,,,,,,
54,VISIT,5381,Random,OnArrival,5,26,19670,Node_528,5,0,14,5,14,,,,,,,,,
54,VISIT,5382,Random,OnArrival,5,20,19670,Node_509,0,0,1,0,1,,,,,,,,,
54,VISIT,5384,Random,OnArrival,5,26,19670,Node_530,5,0,16,5,16,,,,,,,,,
54,VISIT,5378,Random,OnArrival,5,55,19681,Node_670,-5,0,23,-5,23,,,,,,,,,
54,VISIT,5379,Random,OnArrival,5,48,19681,Node_669,-9,0,17,-9,17,,,,,,,,,
54,VISIT,5381,Random,OnArrival,5,27,19681,Node_529,5,0,15,5,15,,,,,,,,,
54,VISIT,5382,Random,OnArrival,5,21,19681,Node_510,-1,0,1,-1,1,,,,,,,,,
54,VISIT,5383,Random,OnArrival,5,25,19681,Node_595,-2,0,14,-2,14,,,,,,,,,
54,VISIT,5384,Random,OnArrival,5,27,19681,Node_531,5,0,17,5,17,,,,,,,,,
54,VISIT,5378,Random,OnArrival,5,56,19693,Node_679,-4,0,23,-4,23,,,,,,,,,
54,VISIT,5380,Random,OnArrival,5,56,19693,Node_604,-5,0,20,-5,20,,,,,,,,,
54,VISIT,5381,Random,OnArrival,5,28,19693,Node_530,5,0,16,5,16,,,,,,,,,
54,VISIT,5383,Random,OnArrival,5,26,19693,Node_596,-2,0,15,-2,15,,,,,,,,,
54,VISIT,5384,Random,OnArrival,5,28,19693,Node_646,5,0,18,5,18,,,,,,,,,
54,VISIT,5378,Random,OnArrival,5,57,19705,Node_740,-3,0,23,-3,23,,,,,,,,,
54,VISIT,5381,Random,OnArrival,5,29,19705,Node_531,5,0,17,5,17,,,,,,,,,
54,VISIT,5382,Random,OnArrival,5,22,19705,Node_456,-1,0,3,-1,3,,,,,,,,,
54,VISIT,5383,Random,OnArrival,5,27,19705,Node_597,-3,0,15,-3,15,,,,,,,,,
54,VISIT,5384,Random,OnArrival,5,29,19705,Node_472,5,0,19,5,19,,,,,,,,,
54,VISIT,5378,Random,OnArrival,5,58,19717,Node_679,-4,0,23,-4,23,,,,,,,,,
54,VISIT,5380,Random,OnArrival,5,57,19717,Node_603,-5,0,18,-5,18,,,,,,,,,
54,VISIT,5381,Random,OnArrival,5,30,19717,Node_646,5,0,18,5,18,,,,,,,,,
54,VISIT,5382,Random,OnArrival,5,23,19717,Node_459,-1,0,4,-1,4,,,,,,,,,
54,VISIT,5383,Random,OnArrival,5,28,19717,Node_598,-3,0,16,-3,16,,,,,,,,,
54,VISIT,5384,Random,OnArrival,5,30,19717,Node_474,5,0,20,5,20,,,,,,,,,
54,VISIT,5378,Random,OnArrival,5,59,19731,Node_670,-5,0,23,-5,23,,,,,,,,,
54,VISIT,5379,Random,OnArrival,5,49,19731,Node_706,-10,0,14,-10,14,,,,,,,,,
54,VISIT,5380,Random,OnArrival,5,58,19731,Node_664,-5,0,17,-5,17,,,,,,,,,
54,VISIT,5381,Random,OnArrival,5,31,19731,Node_472,5,0,19,5,19,,,,,,,,,
54,VISIT,5382,Random,OnArrival,5,24,19731,Node_463,-2,0,4,-2,4,,,,,,,,,
54,VISIT,5383,Random,OnArrival,5,29,19731,Node_661,-4,0,16,-4,16,,,,,,,,,
54,VISIT,5378,Random,OnArrival,5,60,19745,Node_668,-5,0,24,-5,24,,,,,,,,,
54,VISIT,5380,Random,OnArrival,5,59,19745,Node_666,-6,0,17,-6,17,,,,,,,,,
54,VISIT,5381,Random,OnArrival,5,32,19745,Node_474,5,0,20,5,20,,,,,,,,,
54,VISIT,5383,Random,OnArrival,5,30,19745,Node_601,-4,0,17,-4,17,,,,,,,,,
54,VISIT,5384,Random,OnArrival,5,31,19745,Node_477,3,0,20,3,20,,,,,,,,,
54,VISIT,5378,Random,OnArrival,5,61,19760,Node_675,-6,0,24,-6,24,,,,,,,,,
54,VISIT,5382,Random,OnArrival,5,25,19760,Node_466,-2,0,6,-2,6,,,,,,,,,
54,VISIT,5383,Random,OnArrival,5,31,19760,Node_664,-5,0,17,-5,17,,,,,,,,,
54,VISIT,5384,Random,OnArrival,5,32,19760,Node_650,2,0,20,2,20,,,,,,,,,
54,VISIT,5378,Random,OnArrival,5,62,19775,Node_678,-7,0,24,-7,24,,,,,,,,,
54,VISIT,5381,Random,OnArrival,5,33,19775,Node_477,3,0,20,3,20,,,,,,,,,
54,VISIT,5383,Random,OnArrival,5,32,19775,Node_666,-6,0,17,-6,17,,,,,,,,,
54,VISIT,5384,Random,OnArrival,5,33,19775,Node_636,1,0,20,1,20,,,,,,,,,
54,VISIT,5378,Random,OnArrival,5,63,19791,Node_680,-7,0,25,-7,25,,,,,,,,,
54,VISIT,5380,Random,OnArrival,5,60,19791,Node_669,-9,0,17,-9,17,,,,,,,,,
54,VISIT,5381,Random,OnArrival,5,34,19791,Node_650,2,0,20,2,20,,,,,,,,,
54,VISIT,5382,Random,OnArrival,5,26,19791,Node_727,-4,0,6,-4,6,,,,,,,,,
54,VISIT,5378,Random,OnArrival,5,64,19806,Node_671,-6,0,25,-6,25,,,,,,,,,
54,VISIT,5380,Random,OnArrival,5,61,19806,Node_748,-10,0,17,-10,17,,,,,,,,,
54,VISIT,5381,Random,OnArrival,5,35,19806,Node_636,1,0,20,1,20,,,,,,,,,
54,VISIT,5382,Random,OnArrival,5,27,19806,Node_729,-5,0,6,-5,6,,,,,,,,,
54,VISIT,5384,Random,OnArrival,5,34,19806,Node_591,-1,0,20,-1,20,,,,,,,,,
54,VISIT,5385,Random,OnArrival,5,0,19818,Node_6,19,0,12,19,12,,,,,,,,,
54,VISIT,5386,Random,OnArrival,5,0,19818,Node_7,19,0,8,19,8,,,,,,,,,
54,VISIT,5387,Random,OnArrival,5,0,19818,Node_8,17,0,10,17,10,,,,,,,,,
54,VISIT,5388,Random,OnArrival,5,0,19818,Node_9,21,0,10,21,10,,,,,,,,,
54,VISIT,5378,Random,OnArrival,5,65,19822,Node_680,-7,0,25,-7,25,,,,,,,,,
54,VISIT,5380,Random,OnArrival,5,62,19822,Node_747,-10,0,16,-10,16,,,,,,,,,
54,VISIT,5382,Random,OnArrival,5,28,19822,Node_734,-6,0,6,-6,6,,,,,,,,,
54,VISIT,5383,Random,OnArrival,5,33,19822,Node_669,-9,0,17,-9,17,,,,,,,,,
54,VISIT,5385,Random,OnArrival,5,1,19822,Node_2,19,0,11,19,11,,,,,,,,,
54,VISIT,5386,Random,OnArrival,5,1,19822,Node_11,18,0,8,18,8,,,,,,,,,
54,VISIT,5387,Random,OnArrival,5,1,19822,Node_24,16,0,10,16,10,,,,,,,,,
54,VISIT,5388,Random,OnArrival,5,1,19822,Node_5,20,0,10,20,10,,,,,,,,,
54,VISIT,5380,Random,OnArrival,5,63,19826,Node_743,-9,0,16,-9,16,,,,,,,,,
54,VISIT,5381,Random,OnArrival,5,36,19826,Node_591,-1,0,20,-1,20,,,,,,,,,
54,VISIT,5382,Random,OnArrival,5,29,19826,Node_735,-6,0,7,-6,7,,,,,,,,,
54,VISIT,5383,Random,OnArrival,5,34,19826,Node_672,-9,0,18,-9,18,,,,,,,,,
54,VISIT,5384,Random,OnArrival,5,35,19826,Node_592,-1,0,22,-1,22,,,,,,,,,
54,VISIT,5385,Random,OnArrival,5,2,19826,Node_20,19,0,10,19,10,,,,,,,,,
54,VISIT,5386,Random,OnArrival,5,2,19826,Node_126,17,0,8,17,8,,,,,,,,,
54,VISIT,5387,Random,OnArrival,5,2,19826,Node_26,15,0,10,15,10,,,,,,,,,
54,VISIT,5388,Random,OnArrival,5,2,19826,Node_20,19,0,10,19,10,,,,,,,,,
54,VISIT,5378,Random,OnArrival,5,66,19830,Node_681,-9,0,25,-9,25,,,,,,,,,
54,VISIT,5380,Random,OnArrival,5,64,19830,Node_744,-9,0,15,-9,15,,,,,,,,,
54,VISIT,5382,Random,OnArrival,5,30,19830,Node_732,-5,0,7,-5,7,,,,,,,,,
54,VISIT,5383,Random,OnArrival,5,35,19830,Node_749,-10,0,18,-10,18,,,,,,,,,
54,VISIT,5384,Random,OnArrival,5,36,19830,Node_593,-2,0,22,-2,22,,,,,,,,,
54,VISIT,5385,Random,OnArrival,5,3,19830,Node_4,18,0,10,18,10,,,,,,,,,
54,VISIT,5386,Random,OnArrival,5,3,19830,Node_166,17,0,7,17,7,,,,,,,,,
54,VISIT,5387,Random,OnArrival,5,3,19830,Node_65,14,0,10,14,10,,,,,,,,,
54,VISIT,5388,Random,OnArrival,5,3,19830,Node_4,18,0,10,18,10,,,,,,,,,
54,VISIT,5378,Random,OnArrival,5,67,19834,Node_682,-9,0,24,-9,24,,,,,,,,,
54,VISIT,5380,Random,OnArrival,5,65,19834,Node_746,-10,0,15,-10,15,,,,,,,,,
54,VISIT,5381,Random,OnArrival,5,37,19834,Node_592,-1,0,22,-1,22,,,,,,,,,
54,VISIT,5382,Random,OnArrival,5,31,19834,Node_725,-4,0,7,-4,7,,,,,,,,,
54,VISIT,5383,Random,OnArrival,5,36,19834,Node_748,-10,0,17,-10,17,,,,,,,,,
54,VISIT,5384,Random,OnArrival,5,37,19834,Node_741,-3,0,22,-3,22,,,,,,,,,
54,VISIT,5385,Random,OnArrival,5,4,19834,Node_8,17,0,10,17,10,,,,,,,,,
54,VISIT,5386,Random,OnArrival,5,4,19834,Node_167,16,0,7,16,7,,,,,,,,,
54,VISIT,5387,Random,OnArrival,5,4,19834,Node_68,13,0,10,13,10,,,,,,,,,
54,VISIT,5388,Random,OnArrival,5,4,19834,Node_8,17,0,10,17,10,,,,,,,,,
54,VISIT,5378,Random,OnArrival,5,68,19838,Node_683,-10,0,24,-10,24,,,,,,,,,
54,VISIT,5380,Random,OnArrival,5,66,19838,Node_706,-10,0,14,-10,14,,,,,,,,,
54,VISIT,5381,Random,OnArrival,5,38,19838,Node_593,-2,0,22,-2,22,,,,,,,,,
54,VISIT,5382,Random,OnArrival,5,32,19838,Node_723,-4,0,8,-4,8,,,,,,,,,
54,VISIT,5383,Random,OnArrival,5,37,19838,Node_747,-10,0,16,-10,16,,,,,,,,,
54,VISIT,5384,Random,OnArrival,5,38,19838,Node_740,-3,0,23,-3,23,,,,,,,,,
54,VISIT,5385,Random,OnArrival,5,5,19838,Node_24,16,0,10,16,10,,,,,,,,,
54,VISIT,5386,Random,OnArrival,5,5,19838,Node_206,16,0,6,16,6,,,,,,,,,
54,VISIT,5387,Random,OnArrival,5,5,19838,Node_134,13,0,9,13,9,,,,,,,,,
54,VISIT,5388,Random,OnArrival,5,5,19838,Node_24,16,0,10,16,10,,,,,,,,,
54,VISIT,5381,Random,OnArrival,5,39,19842,Node_738,-2,0,23,-2,23,,,,,,,,,
54,VISIT,5382,Random,OnArrival,5,33,19842,Node_733,-5,0,8,-5,8,,,,,,,,,
54,VISIT,5383,Random,OnArrival,5,38,19842,Node_746,-10,0,15,-10,15,,,,,,,,,
54,VISIT,5384,Random,OnArrival,5,39,19842,Node_679,-4,0,23,-4,23,,,,,,,,,
54,VISIT,5385,Random,OnArrival,5,6,19842,Node_26,15,0,10,15,10,,,,,,,,,
54,VISIT,5386,Random,OnArrival,5,6,19842,Node_171,15,0,6,15,6,,,,,,,,,
54,VISIT,5387,Random,OnArrival,5,6,19842,Node_153,12,0,9,12,9,,,,,,,,,
54,VISIT,5388,Random,OnArrival,5,6,19842,Node_26,15,0,10,15,10,,,,,,,,,
54,VISIT,5378,Random,OnArrival,5,69,19846,Node_685,-10,0,22,-10,22,,,,,,,,,
54,VISIT,5381,Random,OnArrival,5,40,19846,Node_740,-3,0,23,-3,23,,,,,,,,,
54,VISIT,5382,Random,OnArrival,5,34,19846,Node_732,-5,0,7,-5,7,,,,,,,,,
54,VISIT,5383,Random,OnArrival,5,39,19846,Node_706,-10,0,14,-10,14,,,,,,,,,
54,VISIT,5384,Random,OnArrival,5,40,19846,Node_670,-5,0,23,-5,23,,,,,,,,,
54,VISIT,5385,Random,OnArrival,5,7,19846,Node_65,14,0,10,14,10,,,,,,,,,
54,VISIT,5386,Random,OnArrival,5,7,19846,Node_177,14,0,6,14,6,,,,,,,,,
54,VISIT,5387,Random,OnArrival,5,7,19846,Node_165,11,0,9,11,9,,,,,,,,,
54,VISIT,5388,Random,OnArrival,5,7,19846,Node_65,14,0,10,14,10,,,,,,,,,
54,VISIT,5378,Random,OnArrival,5,70,19850,Node_751,-10,0,21,-10,21,,,,,,,,,
54,VISIT,5380,Random,OnArrival,5,67,19850,Node_705,-10,0,11,-10,11,,,,,,,,,
54,VISIT,5381,Random,OnArrival,5,41,19850,Node_679,-4,0,23,-4,23,,,,,,,,,
54,VISIT,5382,Random,OnArrival,5,35,19850,Node_735,-6,0,7,-6,7,,,,,,,,,
54,VISIT,5383,Random,OnArrival,5,40,19850,Node_745,-9,0,14,-9,14,,,,,,,,,
54,VISIT,5384,Random,OnArrival,5,41,19850,Node_668,-5,0,24,-5,24,,,,,,,,,
54,VISIT,5385,Random,OnArrival,5,8,19850,Node_68,13,0,10,13,10,,,,,,,,,
54,VISIT,5386,Random,OnArrival,5,8,19850,Node_141,13,0,6,13,6,,,,,,,,,
54,VISIT,5387,Random,OnArrival,5,8,19850,Node_162,10,0,9,10,9,,,,,,,,,
54,VISIT,5388,Random,OnArrival,5,8,19850,Node_68,13,0,10,13,10,,,,,,,,,
54,VISIT,5381,Random,OnArrival,5,42,19854,Node_670,-5,0,23,-5,23,,,,,,,,,
54,VISIT,5382,Random,OnArrival,5,36,19854,Node_699,-7,0,7,-7,7,,,,,,,,,
54,VISIT,5384,Random,OnArrival,5,42,19854,Node_667,-5,0,25,-5,25,,,,,,,,,
54,VISIT,5385,Random,OnArrival,5,9,19854,Node_134,13,0,9,13,9,,,,,,,,,
54,VISIT,5386,Random,OnArrival,5,9,19854,Node_147,12,0,6,12,6,,,,,,,,,
54,VISIT,5387,Random,OnArrival,5,9,19854,Node_161,10,0,10,10,10,,,,,,,,,
54,VISIT,5388,Random,OnArrival,5,9,19854,Node_134,13,0,9,13,9,,,,,,,,,
54,VISIT,5381,Random,OnArrival,5,43,19858,Node_668,-5,0,24,-5,24,,,,,,,,,
54,VISIT,5382,Random,OnArrival,5,37,19858,Node_700,-7,0,8,-7,8,,,,,,,,,
54,VISIT,5384,Random,OnArrival,5,43,19858,Node_671,-6,0,25,-6,25,,,,,,,,,
54,VISIT,5385,Random,OnArrival,5,10,19858,Node_153,12,0,9,12,9,,,,,,,,,
54,VISIT,5386,Random,OnArrival,5,10,19858,Node_178,11,0,6,11,6,,,,,,,,,
54,VISIT,5387,Random,OnArrival,5,10,19858,Node_640,9,0,10,9,10,,,,,,,,,
54,VISIT,5388,Random,OnArrival,5,10,19858,Node_153,12,0,9,12,9,,,,,,,,,
54,VISIT,5378,Random,OnArrival,5,71,19863,Node_685,-10,0,22,-10,22,,,,,,,,,
54,VISIT,5380,Random,OnArrival,5,68,19863,Node_704,-10,0,10,-10,10,,,,,,,,,
54,VISIT,5381,Random,OnArrival,5,44,19863,Node_667,-5,0,25,-5,25,,,,,,,,,
54,VISIT,5383,Random,OnArrival,5,41,19863,Node_744,-9,0,15,-9,15,,,,,,,,,
54,VISIT,5384,Random,OnArrival,5,44,19863,Node_680,-7,0,25,-7,25,,,,,,,,,
54,VISIT,5385,Random,OnArrival,5,11,19863,Node_165,11,0,9,11,9,,,,,,,,,
54,VISIT,5386,Random,OnArrival,5,11,19863,Node_215,10,0,6,10,6,,,,,,,,,
54,VISIT,5387,Random,OnArrival,5,11,19863,Node_615,8,0,10,8,10,,,,,,,,,
54,VISIT,5388,Random,OnArrival,5,11,19863,Node_165,11,0,9,11,9,,,,,,,,,
54,VISIT,5378,Random,OnArrival,5,72,19868,Node_751,-10,0,21,-10,21,,,,,,,,,
54,VISIT,5380,Random,OnArrival,5,69,19868,Node_756,-9,0,10,-9,10,,,,,,,,,
54,VISIT,5381,Random,OnArrival,5,45,19868,Node_671,-6,0,25,-6,25,,,,,,,,,
54,VISIT,5383,Random,OnArrival,5,42,19868,Node_745,-9,0,14,-9,14,,,,,,,,,
54,VISIT,5385,Random,OnArrival,5,12,19868,Node_162,10,0,9,10,9,,,,,,,,,
54,VISIT,5386,Random,OnArrival,5,12,19868,Node_269,9,0,6,9,6,,,,,,,,,
54,VISIT,5388,Random,OnArrival,5,12,19868,Node_162,10,0,9,10,9,,,,,,,,,
54,VISIT,5378,Random,OnArrival,5,73,19876,Node_752,-9,0,21,-9,21,,,,,,,,,
54,VISIT,5381,Random,OnArrival,5,46,19876,Node_680,-7,0,25,-7,25,,,,,,,,,
54,VISIT,5382,Random,OnArrival,5,38,19876,Node_702,-10,0,8,-10,8,,,,,,,,,
54,VISIT,5383,Random,OnArrival,5,43,19876,Node_754,-8,0,14,-8,14,,,,,,,,,
54,VISIT,5384,Random,OnArrival,5,45,19876,Node_681,-9,0,25,-9,25,,,,,,,,,
54,VISIT,5385,Random,OnArrival,5,13,19876,Node_161,10,0,10,10,10,,,,,,,,,
54,VISIT,5386,Random,OnArrival,5,13,19876,Node_272,8,0,6,8,6,,,,,,,,,
54,VISIT,5387,Random,OnArrival,5,12,19876,Node_570,6,0,10,6,10,,,,,,,,,
54,VISIT,5388,Random,OnArrival,5,13,19876,Node_161,10,0,10,10,10,,,,,,,,,
54,VISIT,5384,Random,OnArrival,5,46,19882,Node_682,-9,0,24,-9,24,,,,,,,,,
54,VISIT,5385,Random,OnArrival,5,14,19882,Node_640,9,0,10,9,10,,,,,,,,,
54,VISIT,5386,Random,OnArrival,5,14,19882,Node_280,7,0,6,7,6,,,,,,,,,
54,VISIT,5387,Random,OnArrival,5,13,19882,Node_521,5,0,10,5,10,,,,,,,,,
54,VISIT,5388,Random,OnArrival,5,14,19882,Node_640,9,0,10,9,10,,,,,,,,,
54,VISIT,5378,Random,OnArrival,5,74,19889,Node_750,-10,0,20,-10,20,,,,,,,,,
54,VISIT,5380,Random,OnArrival,5,70,19889,Node_753,-9,0,11,-9,11,,,,,,,,,
54,VISIT,5381,Random,OnArrival,5,47,19889,Node_681,-9,0,25,-9,25,,,,,,,,,
54,VISIT,5384,Random,OnArrival,5,47,19889,Node_683,-10,0,24,-10,24,,,,,,,,,
54,VISIT,5385,Random,OnArrival,5,15,19889,Node_615,8,0,10,8,10,,,,,,,,,
54,VISIT,5386,Random,OnArrival,5,15,19889,Node_281,6,0,6,6,6,,,,,,,,,
54,VISIT,5388,Random,OnArrival,5,15,19889,Node_615,8,0,10,8,10,,,,,,,,,
54,VISIT,5378,Random,OnArrival,5,75,19898,Node_759,-9,0,20,-9,20,,,,,,,,,
54,VISIT,5380,Random,OnArrival,5,71,19898,Node_756,-9,0,10,-9,10,,,,,,,,,
54,VISIT,5381,Random,OnArrival,5,48,19898,Node_682,-9,0,24,-9,24,,,,,,,,,
54,VISIT,5382,Random,OnArrival,5,39,19898,Node_728,-9,0,6,-9,6,,,,,,,,,
54,VISIT,5383,Random,OnArrival,5,44,19898,Node_757,-8,0,15,-8,15,,,,,,,,,
54,VISIT,5386,Random,OnArrival,5,16,19898,Node_516,5,0,6,5,6,,,,,,,,,
54,VISIT,5387,Random,OnArrival,5,14,19898,Node_576,3,0,10,3,10,,,,,,,,,
54,VISIT,5380,Random,OnArrival,5,72,19910,Node_758,-8,0,10,-8,10,,,,,,,,,
54,VISIT,5381,Random,OnArrival,5,49,19910,Node_683,-10,0,24,-10,24,,,,,,,,,
54,VISIT,5382,Random,OnArrival,5,40,19910,Node_762,-10,0,6,-10,6,,,,,,,,,
54,VISIT,5383,Random,OnArrival,5,45,19910,Node_754,-8,0,14,-8,14,,,,,,,,,
54,VISIT,5384,Random,OnArrival,5,48,19910,Node_685,-10,0,22,-10,22,,,,,,,,,
54,VISIT,5385,Random,OnArrival,5,16,19910,Node_570,6,0,10,6,10,,,,,,,,,
54,VISIT,5387,Random,OnArrival,5,15,19910,Node_579,3,0,11,3,11,,,,,,,,,
54,VISIT,5388,Random,OnArrival,5,16,19910,Node_570,6,0,10,6,10,,,,,,,,,
54,VISIT,5378,Random,OnArrival,5,76,19920,Node_605,-7,0,20,-7,20,,,,,,,,,
54,VISIT,5383,Random,OnArrival,5,46,19920,Node_745,-9,0,14,-9,14,,,,,,,,,
54,VISIT,5384,Random,OnArrival,5,49,19920,Node_751,-10,0,21,-10,21,,,,,,,,,
54,VISIT,5385,Random,OnArrival,5,17,19920,Node_521,5,0,10,5,10,,,,,,,,,
54,VISIT,5386,Random,OnArrival,5,17,19920,Node_558,3,0,6,3,6,,,,,,,,,
54,VISIT,5387,Random,OnArrival,5,16,19920,Node_568,2,0,11,2,11,,,,,,,,,
54,VISIT,5388,Random,OnArrival,5,17,19920,Node_521,5,0,10,5,10,,,,,,,,,
54,VISIT,5381,Random,OnArrival,5,50,19928,Node_685,-10,0,22,-10,22,,,,,,,,,
54,VISIT,5382,Random,OnArrival,5,41,19928,Node_702,-10,0,8,-10,8,,,,,,,,,
54,VISIT,5383,Random,OnArrival,5,47,19928,Node_706,-10,0,14,-10,14,,,,,,,,,
54,VISIT,5384,Random,OnArrival,5,50,19928,Node_750,-10,0,20,-10,20,,,,,,,,,
54,VISIT,5386,Random,OnArrival,5,18,19928,Node_606,2,0,6,2,6,,,,,,,,,
54,VISIT,5387,Random,OnArrival,5,17,19928,Node_571,2,0,12,2,12,,,,,,,,,
54,VISIT,5381,Random,OnArrival,5,51,19941,Node_751,-10,0,21,-10,21,,,,,,,,,
54,VISIT,5384,Random,OnArrival,5,51,19941,Node_759,-9,0,20,-9,20,,,,,,,,,
54,VISIT,5385,Random,OnArrival,5,18,19941,Node_576,3,0,10,3,10,,,,,,,,,
54,VISIT,5387,Random,OnArrival,5,18,19941,Node_572,2,0,13,2,13,,,,,,,,,
54,VISIT,5388,Random,OnArrival,5,18,19941,Node_576,3,0,10,3,10,,,,,,,,,
54,VISIT,5381,Random,OnArrival,5,52,19951,Node_752,-9,0,21,-9,21,,,,,,,,,
54,VISIT,5382,Random,OnArrival,5,42,19951,Node_704,-10,0,10,-10,10,,,,,,,,,
54,VISIT,5384,Random,OnArrival,5,52,19951,Node_750,-10,0,20,-10,20,,,,,,,,,
54,VISIT,5385,Random,OnArrival,5,19,19951,Node_579,3,0,11,3,11,,,,,,,,,
54,VISIT,5387,Random,OnArrival,5,19,19951,Node_574,1,0,13,1,13,,,,,,,,,
54,VISIT,5388,Random,OnArrival,5,19,19951,Node_579,3,0,11,3,11,,,,,,,,,
54,VISIT,5378,Random,OnArrival,5,77,19962,Node_605,-7,0,20,-7,20,,,,,,,,,
54,VISIT,5380,Random,OnArrival,5,73,19962,Node_761,-7,0,14,-7,14,,,,,,,,,
54,VISIT,5381,Random,OnArrival,5,53,19962,Node_751,-10,0,21,-10,21,,,,,,,,,
54,VISIT,5382,Random,OnArrival,5,43,19962,Node_705,-10,0,11,-10,11,,,,,,,,,
54,VISIT,5383,Random,OnArrival,5,48,19962,Node_705,-10,0,11,-10,11,,,,,,,,,
54,VISIT,5385,Random,OnArrival,5,20,19962,Node_568,2,0,11,2,11,,,,,,,,,
54,VISIT,5386,Random,OnArrival,5,19,19962,Node_652,-1,0,6,-1,6,,,,,,,,,
54,VISIT,5387,Random,OnArrival,5,20,19962,Node_577,1,0,14,1,14,,,,,,,,,
54,VISIT,5388,Random,OnArrival,5,20,19962,Node_568,2,0,11,2,11,,,,,,,,,
54,VISIT,5381,Random,OnArrival,5,54,19974,Node_750,-10,0,20,-10,20,,,,,,,,,
54,VISIT,5382,Random,OnArrival,5,44,19974,Node_753,-9,0,11,-9,11,,,,,,,,,
54,VISIT,5383,Random,OnArrival,5,49,19974,Node_753,-9,0,11,-9,11,,,,,,,,,
54,VISIT,5384,Random,OnArrival,5,53,19974,Node_749,-10,0,18,-10,18,,,,,,,,,
54,VISIT,5385,Random,OnArrival,5,21,19974,Node_571,2,0,12,2,12,,,,,,,,,
54,VISIT,5386,Random,OnArrival,5,20,19974,Node_466,-2,0,6,-2,6,,,,,,,,,
54,VISIT,5387,Random,OnArrival,5,21,19974,Node_588,0,0,14,0,14,,,,,,,,,
54,VISIT,5388,Random,OnArrival,5,21,19974,Node_571,2,0,12,2,12,,,,,,,,,
54,VISIT,5378,Random,OnArrival,5,78,19986,Node_604,-5,0,20,-5,20,,,,,,,,,
54,VISIT,5382,Random,OnArrival,5,45,19986,Node_760,-8,0,11,-8,11,,,,,,,,,
54,VISIT,5383,Random,OnArrival,5,50,19986,Node_760,-8,0,11,-8,11,,,,,,,,,
54,VISIT,5384,Random,OnArrival,5,54,19986,Node_748,-10,0,17,-10,17,,,,,,,,,
54,VISIT,5385,Random,OnArrival,5,22,19986,Node_572,2,0,13,2,13,,,,,,,,,
54,VISIT,5388,Random,OnArrival,5,22,19986,Node_572,2,0,13,2,13,,,,,,,,,
54,VISIT,5381,Random,OnArrival,5,55,20000,Node_749,-10,0,18,-10,18,,,,,,,,,
54,VISIT,5382,Random,OnArrival,5,46,20000,Node_765,-7,0,11,-7,11,,,,,,,,,
54,VISIT,5383,Random,OnArrival,5,51,20000,Node_765,-7,0,11,-7,11,,,,,,,,,
54,VISIT,5384,Random,OnArrival,5,55,20000,Node_747,-10,0,16,-10,16,,,,,,,,,
54,VISIT,5385,Random,OnArrival,5,23,20000,Node_574,1,0,13,1,13,,,,,,,,,
54,VISIT,5386,Random,OnArrival,5,21,20000,Node_727,-4,0,6,-4,6,,,,,,,,,
54,VISIT,5387,Random,OnArrival,5,22,20000,Node_595,-2,0,14,-2,14,,,,,,,,,
54,VISIT,5388,Random,OnArrival,5,23,20000,Node_574,1,0,13,1,13,,,,,,,,,
54,VISIT,5378,Random,OnArrival,5,79,20014,Node_603,-5,0,18,-5,18,,,,,,,,,
54,VISIT,5381,Random,OnArrival,5,56,20014,Node_748,-10,0,17,-10,17,,,,,,,,,
54,VISIT,5384,Random,OnArrival,5,56,20014,Node_746,-10,0,15,-10,15,,,,,,,,,
54,VISIT,5385,Random,OnArrival,5,24,20014,Node_577,1,0,14,1,14,,,,,,,,,
54,VISIT,5386,Random,OnArrival,5,22,20014,Node_725,-4,0,7,-4,7,,,,,,,,,
54,VISIT,5387,Random,OnArrival,5,23,20014,Node_656,-3,0,14,-3,14,,,,,,,,,
54,VISIT,5388,Random,OnArrival,5,24,20014,Node_577,1,0,14,1,14,,,,,,,,,
54,VISIT,5378,Random,OnArrival,5,80,20029,Node_664,-5,0,17,-5,17,,,,,,,,,
54,VISIT,5381,Random,OnArrival,5,57,20029,Node_747,-10,0,16,-10,16,,,,,,,,,
54,VISIT,5384,Random,OnArrival,5,57,20029,Node_744,-9,0,15,-9,15,,,,,,,,,
54,VISIT,5385,Random,OnArrival,5,25,20029,Node_588,0,0,14,0,14,,,,,,,,,
54,VISIT,5386,Random,OnArrival,5,23,20029,Node_723,-4,0,8,-4,8,,,,,,,,,
54,VISIT,5388,Random,OnArrival,5,25,20029,Node_588,0,0,14,0,14,,,,,,,,,
54,VISIT,5378,Random,OnArrival,5,81,20044,Node_666,-6,0,17,-6,17,,,,,,,,,
54,VISIT,5381,Random,OnArrival,5,58,20044,Node_746,-10,0,15,-10,15,,,,,,,,,
54,VISIT,5384,Random,OnArrival,5,58,20044,Node_757,-8,0,15,-8,15,,,,,,,,,
54,VISIT,5386,Random,OnArrival,5,24,20044,Node_722,-4,0,9,-4,9,,,,,,,,,
54,VISIT,5387,Random,OnArrival,5,24,20044,Node_663,-3,0,12,-3,12,,,,,,,,,
54,VISIT,5381,Random,OnArrival,5,59,20059,Node_744,-9,0,15,-9,15,,,,,,,,,
54,VISIT,5382,Random,OnArrival,5,47,20059,Node_769,-6,0,14,-6,14,,,,,,,,,
54,VISIT,5383,Random,OnArrival,5,52,20059,Node_769,-6,0,14,-6,14,,,,,,,,,
54,VISIT,5384,Random,OnArrival,5,59,20059,Node_763,-7,0,15,-7,15,,,,,,,,,
54,VISIT,5385,Random,OnArrival,5,26,20059,Node_595,-2,0,14,-2,14,,,,,,,,,
54,VISIT,5386,Random,OnArrival,5,25,20059,Node_739,-5,0,9,-5,9,,,,,,,,,
54,VISIT,5387,Random,OnArrival,5,25,20059,Node_662,-3,0,11,-3,11,,,,,,,,,
54,VISIT,5388,Random,OnArrival,5,26,20059,Node_595,-2,0,14,-2,14,,,,,,,,,
54,VISIT,5381,Random,OnArrival,5,60,20075,Node_757,-8,0,15,-8,15,,,,,,,,,
54,VISIT,5385,Random,OnArrival,5,27,20075,Node_656,-3,0,14,-3,14,,,,,,,,,
54,VISIT,5387,Random,OnArrival,5,26,20075,Node_673,-4,0,11,-4,11,,,,,,,,,
54,VISIT,5388,Random,OnArrival,5,27,20075,Node_656,-3,0,14,-3,14,,,,,,,,,
54,VISIT,5378,Random,OnArrival,5,82,20090,Node_669,-9,0,17,-9,17,,,,,,,,,
54,VISIT,5381,Random,OnArrival,5,61,20090,Node_763,-7,0,15,-7,15,,,,,,,,,
54,VISIT,5382,Random,OnArrival,5,48,20090,Node_763,-7,0,15,-7,15,,,,,,,,,
54,VISIT,5383,Random,OnArrival,5,53,20090,Node_763,-7,0,15,-7,15,,,,,,,,,
54,VISIT,5384,Random,OnArrival,5,60,20090,Node_769,-6,0,14,-6,14,,,,,,,,,
54,VISIT,5378,Random,OnArrival,5,83,20105,Node_743,-9,0,16,-9,16,,,,,,,,,
54,VISIT,5381,Random,OnArrival,5,62,20105,Node_761,-7,0,14,-7,14,,,,,,,,,
54,VISIT,5382,Random,OnArrival,5,49,20105,Node_761,-7,0,14,-7,14,,,,,,,,,
54,VISIT,5383,Random,OnArrival,5,54,20105,Node_761,-7,0,14,-7,14,,,,,,,,,
54,VISIT,5384,Random,OnArrival,5,61,20105,Node_761,-7,0,14,-7,14,,,,,,,,,
54,VISIT,5385,Random,OnArrival,5,28,20105,Node_663,-3,0,12,-3,12,,,,,,,,,
54,VISIT,5386,Random,OnArrival,5,26,20105,Node_770,-6,0,11,-6,11,,,,,,,,,
54,VISIT,5387,Random,OnArrival,5,27,20105,Node_770,-6,0,11,-6,11,,,,,,,,,
54,VISIT,5388,Random,OnArrival,5,28,20105,Node_663,-3,0,12,-3,12,,,,,,,,,
54,VISIT,5378,Random,OnArrival,5,84,20121,Node_744,-9,0,15,-9,15,,,,,,,,,
54,VISIT,5381,Random,OnArrival,5,63,20121,Node_769,-6,0,14,-6,14,,,,,,,,,
54,VISIT,5382,Random,OnArrival,5,50,20121,Node_768,-7,0,13,-7,13,,,,,,,,,
54,VISIT,5383,Random,OnArrival,5,55,20121,Node_768,-7,0,13,-7,13,,,,,,,,,
54,VISIT,5384,Random,OnArrival,5,62,20121,Node_768,-7,0,13,-7,13,,,,,,,,,
54,VISIT,5385,Random,OnArrival,5,29,20121,Node_662,-3,0,11,-3,11,,,,,,,,,
54,VISIT,5388,Random,OnArrival,5,29,20121,Node_662,-3,0,11,-3,11,,,,,,,,,
54,VISIT,5378,Random,OnArrival,5,85,20136,Node_757,-8,0,15,-8,15,,,,,,,,,
54,VISIT,5381,Random,OnArrival,5,64,20136,Node_772,-6,0,13,-6,13,,,,,,,,,
54,VISIT,5382,Random,OnArrival,5,51,20136,Node_772,-6,0,13,-6,13,,,,,,,,,
54,VISIT,5383,Random,OnArrival,5,56,20136,Node_772,-6,0,13,-6,13,,,,,,,,,
54,VISIT,5384,Random,OnArrival,5,63,20136,Node_772,-6,0,13,-6,13,,,,,,,,,
54,VISIT,5385,Random,OnArrival,5,30,20136,Node_673,-4,0,11,-4,11,,,,,,,,,
54,VISIT,5386,Random,OnArrival,5,27,20136,Node_764,-7,0,10,-7,10,,,,,,,,,
54,VISIT,5387,Random,OnArrival,5,28,20136,Node_764,-7,0,10,-7,10,,,,,,,,,
54,VISIT,5388,Random,OnArrival,5,30,20136,Node_673,-4,0,11,-4,11,,,,,,,,,
54,VISIT,5378,Random,OnArrival,5,86,20152,Node_763,-7,0,15,-7,15,,,,,,,,,
54,VISIT,5381,Random,OnArrival,5,65,20152,Node_768,-7,0,13,-7,13,,,,,,,,,
54,VISIT,5382,Random,OnArrival,5,52,20152,Node_771,-6,0,12,-6,12,,,,,,,,,
54,VISIT,5383,Random,OnArrival,5,57,20152,Node_771,-6,0,12,-6,12,,,,,,,,,
54,VISIT,5384,Random,OnArrival,5,64,20152,Node_771,-6,0,12,-6,12,,,,,,,,,
54,VISIT,5385,Random,OnArrival,5,31,20152,Node_775,-5,0,11,-5,11,,,,,,,,,
54,VISIT,5386,Random,OnArrival,5,28,20152,Node_776,-6,0,10,-6,10,,,,,,,,,
54,VISIT,5387,Random,OnArrival,5,29,20152,Node_765,-7,0,11,-7,11,,,,,,,,,
54,VISIT,5388,Random,OnArrival,5,31,20152,Node_676,-4,0,10,-4,10,,,,,,,,,
54,VISIT,5378,Random,OnArrival,5,87,20168,Node_761,-7,0,14,-7,14,,,,,,,,,
54,VISIT,5381,Random,OnArrival,5,66,20168,Node_767,-7,0,12,-7,12,,,,,,,,,
54,VISIT,5382,Random,OnArrival,5,53,20168,Node_767,-7,0,12,-7,12,,,,,,,,,
54,VISIT,5383,Random,OnArrival,5,58,20168,Node_767,-7,0,12,-7,12,,,,,,,,,
54,VISIT,5384,Random,OnArrival,5,65,20168,Node_767,-7,0,12,-7,12,,,,,,,,,
54,VISIT,5385,Random,OnArrival,5,32,20168,Node_770,-6,0,11,-6,11,,,,,,,,,
54,VISIT,5386,Random,OnArrival,5,29,20168,Node_774,-5,0,10,-5,10,,,,,,,,,
54,VISIT,5387,Random,OnArrival,5,30,20168,Node_770,-6,0,11,-6,11,,,,,,,,,
54,VISIT,5388,Random,OnArrival,5,32,20168,Node_774,-5,0,10,-5,10,,,,,,,,,
54,VISIT,5378,Random,OnArrival,5,88,20182,Node_768,-7,0,13,-7,13,,,,,,,,,
54,VISIT,5381,Random,OnArrival,5,67,20182,Node_771,-6,0,12,-6,12,,,,,,,,,
54,VISIT,5382,Random,OnArrival,5,54,20182,Node_765,-7,0,11,-7,11,,,,,,,,,
54,VISIT,5383,Random,OnArrival,5,59,20182,Node_765,-7,0,11,-7,11,,,,,,,,,
54,VISIT,5384,Random,OnArrival,5,66,20182,Node_765,-7,0,11,-7,11,,,,,,,,,
54,VISIT,5385,Random,OnArrival,5,33,20182,Node_765,-7,0,11,-7,11,,,,,,,,,
54,VISIT,5386,Random,OnArrival,5,30,20182,Node_676,-4,0,10,-4,10,,,,,,,,,
54,VISIT,5387,Random,OnArrival,5,31,20182,Node_771,-6,0,12,-6,12,,,,,,,,,
54,VISIT,5388,Random,OnArrival,5,33,20182,Node_739,-5,0,9,-5,9,,,,,,,,,
54,VISIT,5378,Random,OnArrival,5,89,20193,Node_767,-7,0,12,-7,12,,,,,,,,,
54,VISIT,5381,Random,OnArrival,5,68,20193,Node_770,-6,0,11,-6,11,,,,,,,,,
54,VISIT,5382,Random,OnArrival,5,55,20193,Node_764,-7,0,10,-7,10,,,,,,,,,
54,VISIT,5383,Random,OnArrival,5,60,20193,Node_764,-7,0,10,-7,10,,,,,,,,,
54,VISIT,5384,Random,OnArrival,5,67,20193,Node_764,-7,0,10,-7,10,,,,,,,,,
54,VISIT,5385,Random,OnArrival,5,34,20193,Node_764,-7,0,10,-7,10,,,,,,,,,
54,VISIT,5386,Random,OnArrival,5,31,20193,Node_722,-4,0,9,-4,9,,,,,,,,,
54,VISIT,5387,Random,OnArrival,5,32,20193,Node_770,-6,0,11,-6,11,,,,,,,,,
54,VISIT,5388,Random,OnArrival,5,34,20193,Node_733,-5,0,8,-5,8,,,,,,,,,
54,VISIT,5378,Random,OnArrival,5,90,20205,Node_771,-6,0,12,-6,12,,,,,,,,,
54,VISIT,5381,Random,OnArrival,5,69,20205,Node_775,-5,0,11,-5,11,,,,,,,,,
54,VISIT,5382,Random,OnArrival,5,56,20205,Node_776,-6,0,10,-6,10,,,,,,,,,
54,VISIT,5383,Random,OnArrival,5,61,20205,Node_776,-6,0,10,-6,10,,,,,,,,,
54,VISIT,5384,Random,OnArrival,5,68,20205,Node_776,-6,0,10,-6,10,,,,,,,,,
54,VISIT,5385,Random,OnArrival,5,35,20205,Node_758,-8,0,10,-8,10,,,,,,,,,
54,VISIT,5386,Random,OnArrival,5,32,20205,Node_723,-4,0,8,-4,8,,,,,,,,,
54,VISIT,5387,Random,OnArrival,5,33,20205,Node_775,-5,0,11,-5,11,,,,,,,,,
54,VISIT,5388,Random,OnArrival,5,35,20205,Node_732,-5,0,7,-5,7,,,,,,,,,
54,VISIT,5389,Random,OnArrival,5,0,20210,Node_6,19,0,12,19,12,,,,,,,,,
54,VISIT,5390,Random,OnArrival,5,0,20210,Node_7,19,0,8,19,8,,,,,,,,,
54,VISIT,5391,Random,OnArrival,5,0,20210,Node_8,17,0,10,17,10,,,,,,,,,
54,VISIT,5392,Random,OnArrival,5,0,20210,Node_9,21,0,10,21,10,,,,,,,,,
54,VISIT,5378,Random,OnArrival,5,91,20214,Node_770,-6,0,11,-6,11,,,,,,,,,
54,VISIT,5381,Random,OnArrival,5,70,20214,Node_774,-5,0,10,-5,10,,,,,,,,,
54,VISIT,5382,Random,OnArrival,5,57,20214,Node_774,-5,0,10,-5,10,,,,,,,,,
54,VISIT,5383,Random,OnArrival,5,62,20214,Node_774,-5,0,10,-5,10,,,,,,,,,
54,VISIT,5384,Random,OnArrival,5,69,20214,Node_774,-5,0,10,-5,10,,,,,,,,,
54,VISIT,5385,Random,OnArrival,5,36,20214,Node_756,-9,0,10,-9,10,,,,,,,,,
54,VISIT,5386,Random,OnArrival,5,33,20214,Node_725,-4,0,7,-4,7,,,,,,,,,
54,VISIT,5387,Random,OnArrival,5,34,20214,Node_774,-5,0,10,-5,10,,,,,,,,,
54,VISIT,5388,Random,OnArrival,5,36,20214,Node_729,-5,0,6,-5,6,,,,,,,,,
54,VISIT,5389,Random,OnArrival,5,1,20214,Node_2,19,0,11,19,11,,,,,,,,,
54,VISIT,5390,Random,OnArrival,5,1,20214,Node_11,18,0,8,18,8,,,,,,,,,
54,VISIT,5391,Random,OnArrival,5,1,20214,Node_24,16,0,10,16,10,,,,,,,,,
54,VISIT,5392,Random,OnArrival,5,1,20214,Node_5,20,0,10,20,10,,,,,,,,,
54,VISIT,5378,Random,OnArrival,5,92,20218,Node_775,-5,0,11,-5,11,,,,,,,,,
54,VISIT,5381,Random,OnArrival,5,71,20218,Node_739,-5,0,9,-5,9,,,,,,,,,
54,VISIT,5382,Random,OnArrival,5,58,20218,Node_676,-4,0,10,-4,10,,,,,,,,,
54,VISIT,5383,Random,OnArrival,5,63,20218,Node_739,-5,0,9,-5,9,,,,,,,,,
54,VISIT,5384,Random,OnArrival,5,70,20218,Node_676,-4,0,10,-4,10,,,,,,,,,
54,VISIT,5385,Random,OnArrival,5,37,20218,Node_704,-10,0,10,-10,10,,,,,,,,,
54,VISIT,5386,Random,OnArrival,5,34,20218,Node_727,-4,0,6,-4,6,,,,,,,,,
54,VISIT,5387,Random,OnArrival,5,35,20218,Node_739,-5,0,9,-5,9,,,,,,,,,
54,VISIT,5388,Random,OnArrival,5,37,20218,Node_734,-6,0,6,-6,6,,,,,,,,,
54,VISIT,5389,Random,OnArrival,5,2,20218,Node_20,19,0,10,19,10,,,,,,,,,
54,VISIT,5390,Random,OnArrival,5,2,20218,Node_126,17,0,8,17,8,,,,,,,,,
54,VISIT,5391,Random,OnArrival,5,2,20218,Node_26,15,0,10,15,10,,,,,,,,,
54,VISIT,5392,Random,OnArrival,5,2,20218,Node_20,19,0,10,19,10,,,,,,,,,
54,VISIT,5378,Random,OnArrival,5,93,20222,Node_774,-5,0,10,-5,10,,,,,,,,,
54,VISIT,5381,Random,OnArrival,5,72,20222,Node_733,-5,0,8,-5,8,,,,,,,,,
54,VISIT,5382,Random,OnArrival,5,59,20222,Node_722,-4,0,9,-4,9,,,,,,,,,
54,VISIT,5383,Random,OnArrival,5,64,20222,Node_733,-5,0,8,-5,8,,,,,,,,,
54,VISIT,5384,Random,OnArrival,5,71,20222,Node_722,-4,0,9,-4,9,,,,,,,,,
54,VISIT,5387,Random,OnArrival,5,36,20222,Node_733,-5,0,8,-5,8,,,,,,,,,
54,VISIT,5388,Random,OnArrival,5,38,20222,Node_698,-7,0,6,-7,6,,,,,,,,,
54,VISIT,5389,Random,OnArrival,5,3,20222,Node_4,18,0,10,18,10,,,,,,,,,
54,VISIT,5390,Random,OnArrival,5,3,20222,Node_166,17,0,7,17,7,,,,,,,,,
54,VISIT,5391,Random,OnArrival,5,3,20222,Node_65,14,0,10,14,10,,,,,,,,,
54,VISIT,5392,Random,OnArrival,5,3,20222,Node_4,18,0,10,18,10,,,,,,,,,
54,VISIT,5378,Random,OnArrival,5,94,20226,Node_739,-5,0,9,-5,9,,,,,,,,,
54,VISIT,5381,Random,OnArrival,5,73,20226,Node_732,-5,0,7,-5,7,,,,,,,,,
54,VISIT,5382,Random,OnArrival,5,60,20226,Node_723,-4,0,8,-4,8,,,,,,,,,
54,VISIT,5383,Random,OnArrival,5,65,20226,Node_732,-5,0,7,-5,7,,,,,,,,,
54,VISIT,5384,Random,OnArrival,5,72,20226,Node_723,-4,0,8,-4,8,,,,,,,,,
54,VISIT,5385,Random,OnArrival,5,38,20226,Node_702,-10,0,8,-10,8,,,,,,,,,
54,VISIT,5386,Random,OnArrival,5,35,20226,Node_466,-2,0,6,-2,6,,,,,,,,,
54,VISIT,5387,Random,OnArrival,5,37,20226,Node_732,-5,0,7,-5,7,,,,,,,,,
54,VISIT,5388,Random,OnArrival,5,39,20226,Node_696,-7,0,5,-7,5,,,,,,,,,
54,VISIT,5389,Random,OnArrival,5,4,20226,Node_8,17,0,10,17,10,,,,,,,,,
54,VISIT,5390,Random,OnArrival,5,4,20226,Node_167,16,0,7,16,7,,,,,,,,,
54,VISIT,5391,Random,OnArrival,5,4,20226,Node_68,13,0,10,13,10,,,,,,,,,
54,VISIT,5392,Random,OnArrival,5,4,20226,Node_8,17,0,10,17,10,,,,,,,,,
54,VISIT,5378,Random,OnArrival,5,95,20230,Node_733,-5,0,8,-5,8,,,,,,,,,
54,VISIT,5381,Random,OnArrival,5,74,20230,Node_729,-5,0,6,-5,6,,,,,,,,,
54,VISIT,5382,Random,OnArrival,5,61,20230,Node_725,-4,0,7,-4,7,,,,,,,,,
54,VISIT,5383,Random,OnArrival,5,66,20230,Node_729,-5,0,6,-5,6,,,,,,,,,
54,VISIT,5384,Random,OnArrival,5,73,20230,Node_725,-4,0,7,-4,7,,,,,,,,,
54,VISIT,5387,Random,OnArrival,5,38,20230,Node_729,-5,0,6,-5,6,,,,,,,,,
54,VISIT,5388,Random,OnArrival,5,40,20230,Node_695,-7,0,4,-7,4,,,,,,,,,
54,VISIT,5389,Random,OnArrival,5,5,20230,Node_24,16,0,10,16,10,,,,,,,,,
54,VISIT,5390,Random,OnArrival,5,5,20230,Node_206,16,0,6,16,6,,,,,,,,,
54,VISIT,5391,Random,OnArrival,5,5,20230,Node_134,13,0,9,13,9,,,,,,,,,
54,VISIT,5392,Random,OnArrival,5,5,20230,Node_24,16,0,10,16,10,,,,,,,,,
54,VISIT,5378,Random,OnArrival,5,96,20234,Node_732,-5,0,7,-5,7,,,,,,,,,
54,VISIT,5381,Random,OnArrival,5,75,20234,Node_734,-6,0,6,-6,6,,,,,,,,,
54,VISIT,5382,Random,OnArrival,5,62,20234,Node_727,-4,0,6,-4,6,,,,,,,,,
54,VISIT,5383,Random,OnArrival,5,67,20234,Node_734,-6,0,6,-6,6,,,,,,,,,
54,VISIT,5384,Random,OnArrival,5,74,20234,Node_727,-4,0,6,-4,6,,,,,,,,,
54,VISIT,5386,Random,OnArrival,5,36,20234,Node_463,-2,0,4,-2,4,,,,,,,,,
54,VISIT,5387,Random,OnArrival,5,39,20234,Node_734,-6,0,6,-6,6,,,,,,,,,
54,VISIT,5389,Random,OnArrival,5,6,20234,Node_26,15,0,10,15,10,,,,,,,,,
54,VISIT,5390,Random,OnArrival,5,6,20234,Node_171,15,0,6,15,6,,,,,,,,,
54,VISIT,5391,Random,OnArrival,5,6,20234,Node_153,12,0,9,12,9,,,,,,,,,
54,VISIT,5392,Random,OnArrival,5,6,20234,Node_26,15,0,10,15,10,,,,,,,,,
54,VISIT,5378,Random,OnArrival,5,97,20238,Node_729,-5,0,6,-5,6,,,,,,,,,
54,VISIT,5381,Random,OnArrival,5,76,20238,Node_698,-7,0,6,-7,6,,,,,,,,,
54,VISIT,5383,Random,OnArrival,5,68,20238,Node_698,-7,0,6,-7,6,,,,,,,,,
54,VISIT,5385,Random,OnArrival,5,39,20238,Node_700,-7,0,8,-7,8,,,,,,,,,
54,VISIT,5386,Random,OnArrival,5,37,20238,Node_511,-3,0,4,-3,4,,,,,,,,,
54,VISIT,5387,Random,OnArrival,5,40,20238,Node_698,-7,0,6,-7,6,,,,,,,,,
54,VISIT,5388,Random,OnArrival,5,41,20238,Node_692,-7,0,2,-7,2,,,,,,,,,
54,VISIT,5389,Random,OnArrival,5,7,20238,Node_65,14,0,10,14,10,,,,,,,,,
54,VISIT,5390,Random,OnArrival,5,7,20238,Node_177,14,0,6,14,6,,,,,,,,,
54,VISIT,5391,Random,OnArrival,5,7,20238,Node_165,11,0,9,11,9,,,,,,,,,
54,VISIT,5392,Random,OnArrival,5,7,20238,Node_65,14,0,10,14,10,,,,,,,,,
54,VISIT,5378,Random,OnArrival,5,98,20242,Node_734,-6,0,6,-6,6,,,,,,,,,
54,VISIT,5381,Random,OnArrival,5,77,20242,Node_696,-7,0,5,-7,5,,,,,,,,,
54,VISIT,5382,Random,OnArrival,5,63,20242,Node_466,-2,0,6,-2,6,,,,,,,,,
54,VISIT,5383,Random,OnArrival,5,69,20242,Node_696,-7,0,5,-7,5,,,,,,,,,
54,VISIT,5384,Random,OnArrival,5,75,20242,Node_466,-2,0,6,-2,6,,,,,,,,,
54,VISIT,5385,Random,OnArrival,5,40,20242,Node_699,-7,0,7,-7,7,,,,,,,,,
54,VISIT,5387,Random,OnArrival,5,41,20242,Node_696,-7,0,5,-7,5,,,,,,,,,
54,VISIT,5389,Random,OnArrival,5,8,20242,Node_68,13,0,10,13,10,,,,,,,,,
54,VISIT,5390,Random,OnArrival,5,8,20242,Node_141,13,0,6,13,6,,,,,,,,,
54,VISIT,5391,Random,OnArrival,5,8,20242,Node_162,10,0,9,10,9,,,,,,,,,
54,VISIT,5392,Random,OnArrival,5,8,20242,Node_68,13,0,10,13,10,,,,,,,,,
54,VISIT,5378,Random,OnArrival,5,99,20246,Node_698,-7,0,6,-7,6,,,,,,,,,
54,VISIT,5381,Random,OnArrival,5,78,20246,Node_695,-7,0,4,-7,4,,,,,,,,,
54,VISIT,5383,Random,OnArrival,5,70,20246,Node_695,-7,0,4,-7,4,,,,,,,,,
54,VISIT,5385,Random,OnArrival,5,41,20246,Node_698,-7,0,6,-7,6,,,,,,,,,
54,VISIT,5387,Random,OnArrival,5,42,20246,Node_695,-7,0,4,-7,4,,,,,,,,,
54,VISIT,5389,Random,OnArrival,5,9,20246,Node_134,13,0,9,13,9,,,,,,,,,
54,VISIT,5390,Random,OnArrival,5,9,20246,Node_147,12,0,6,12,6,,,,,,,,,
54,VISIT,5391,Random,OnArrival,5,9,20246,Node_161,10,0,10,10,10,,,,,,,,,
54,VISIT,5392,Random,OnArrival,5,9,20246,Node_134,13,0,9,13,9,,,,,,,,,
54,VISIT,5378,Random,OnArrival,5,100,20252,Node_696,-7,0,5,-7,5,,,,,,,,,
54,VISIT,5382,Random,OnArrival,5,64,20252,Node_463,-2,0,4,-2,4,,,,,,,,,
54,VISIT,5384,Random,OnArrival,5,76,20252,Node_463,-2,0,4,-2,4,,,,,,,,,
54,VISIT,5385,Random,OnArrival,5,42,20252,Node_696,-7,0,5,-7,5,,,,,,,,,
54,VISIT,5388,Random,OnArrival,5,42,20252,Node_701,-10,0,2,-10,2,,,,,,,,,
54,VISIT,5389,Random,OnArrival,5,10,20252,Node_153,12,0,9,12,9,,,,,,,,,
54,VISIT,5390,Random,OnArrival,5,10,20252,Node_178,11,0,6,11,6,,,,,,,,,
54,VISIT,5391,Random,OnArrival,5,10,20252,Node_640,9,0,10,9,10,,,,,,,,,
54,VISIT,5392,Random,OnArrival,5,10,20252,Node_153,12,0,9,12,9,,,,,,,,,
54,VISIT,5378,Random,OnArrival,5,101,20259,Node_695,-7,0,4,-7,4,,,,,,,,,
54,VISIT,5381,Random,OnArrival,5,79,20259,Node_692,-7,0,2,-7,2,,,,,,,,,
54,VISIT,5382,Random,OnArrival,5,65,20259,Node_511,-3,0,4,-3,4,,,,,,,,,
54,VISIT,5383,Random,OnArrival,5,71,20259,Node_692,-7,0,2,-7,2,,,,,,,,,
54,VISIT,5384,Random,OnArrival,5,77,20259,Node_511,-3,0,4,-3,4,,,,,,,,,
54,VISIT,5385,Random,OnArrival,5,43,20259,Node_695,-7,0,4,-7,4,,,,,,,,,
54,VISIT,5386,Random,OnArrival,5,38,20259,Node_695,-7,0,4,-7,4,,,,,,,,,
54,VISIT,5387,Random,OnArrival,5,43,20259,Node_692,-7,0,2,-7,2,,,,,,,,,
54,VISIT,5389,Random,OnArrival,5,11,20259,Node_165,11,0,9,11,9,,,,,,,,,
54,VISIT,5390,Random,OnArrival,5,11,20259,Node_215,10,0,6,10,6,,,,,,,,,
54,VISIT,5391,Random,OnArrival,5,11,20259,Node_615,8,0,10,8,10,,,,,,,,,
54,VISIT,5392,Random,OnArrival,5,11,20259,Node_165,11,0,9,11,9,,,,,,,,,
54,VISIT,5389,Random,OnArrival,5,12,20266,Node_162,10,0,9,10,9,,,,,,,,,
54,VISIT,5390,Random,OnArrival,5,12,20266,Node_269,9,0,6,9,6,,,,,,,,,
54,VISIT,5392,Random,OnArrival,5,12,20266,Node_162,10,0,9,10,9,,,,,,,,,
54,VISIT,5378,Random,OnArrival,5,102,20276,Node_692,-7,0,2,-7,2,,,,,,,,,
54,VISIT,5385,Random,OnArrival,5,44,20276,Node_692,-7,0,2,-7,2,,,,,,,,,
54,VISIT,5386,Random,OnArrival,5,39,20276,Node_692,-7,0,2,-7,2,,,,,,,,,
54,VISIT,5388,Random,OnArrival,5,43,20276,Node_697,-10,0,-1,-10,-1,,,,,,,,,
54,VISIT,5389,Random,OnArrival,5,13,20276,Node_161,10,0,10,10,10,,,,,,,,,
54,VISIT,5390,Random,OnArrival,5,13,20276,Node_272,8,0,6,8,6,,,,,,,,,
54,VISIT,5391,Random,OnArrival,5,12,20276,Node_570,6,0,10,6,10,,,,,,,,,
54,VISIT,5392,Random,OnArrival,5,13,20276,Node_161,10,0,10,10,10,,,,,,,,,
54,VISIT,5381,Random,OnArrival,5,80,20285,Node_701,-10,0,2,-10,2,,,,,,,,,
54,VISIT,5383,Random,OnArrival,5,72,20285,Node_701,-10,0,2,-10,2,,,,,,,,,
54,VISIT,5387,Random,OnArrival,5,44,20285,Node_701,-10,0,2,-10,2,,,,,,,,,
54,VISIT,5389,Random,OnArrival,5,14,20285,Node_640,9,0,10,9,10,,,,,,,,,
54,VISIT,5390,Random,OnArrival,5,14,20285,Node_280,7,0,6,7,6,,,,,,,,,
54,VISIT,5391,Random,OnArrival,5,13,20285,Node_567,6,0,9,6,9,,,,,,,,,
54,VISIT,5392,Random,OnArrival,5,14,20285,Node_640,9,0,10,9,10,,,,,,,,,
54,VISIT,5382,Random,OnArrival,5,66,20295,Node_695,-7,0,4,-7,4,,,,,,,,,
54,VISIT,5384,Random,OnArrival,5,78,20295,Node_695,-7,0,4,-7,4,,,,,,,,,
54,VISIT,5388,Random,OnArrival,5,44,20295,Node_694,-8,0,-1,-8,-1,,,,,,,,,
54,VISIT,5389,Random,OnArrival,5,15,20295,Node_615,8,0,10,8,10,,,,,,,,,
54,VISIT,5390,Random,OnArrival,5,15,20295,Node_281,6,0,6,6,6,,,,,,,,,
54,VISIT,5391,Random,OnArrival,5,14,20295,Node_519,5,0,9,5,9,,,,,,,,,
54,VISIT,5392,Random,OnArrival,5,15,20295,Node_615,8,0,10,8,10,,,,,,,,,
54,VISIT,5378,Random,OnArrival,5,103,20305,Node_701,-10,0,2,-10,2,,,,,,,,,
54,VISIT,5385,Random,OnArrival,5,45,20305,Node_701,-10,0,2,-10,2,,,,,,,,,
54,VISIT,5386,Random,OnArrival,5,40,20305,Node_701,-10,0,2,-10,2,,,,,,,,,
54,VISIT,5388,Random,OnArrival,5,45,20305,Node_693,-8,0,-2,-8,-2,,,,,,,,,
54,VISIT,5390,Random,OnArrival,5,16,20305,Node_516,5,0,6,5,6,,,,,,,,,
54,VISIT,5381,Random,OnArrival,5,81,20319,Node_697,-10,0,-1,-10,-1,,,,,,,,,
54,VISIT,5382,Random,OnArrival,5,67,20319,Node_692,-7,0,2,-7,2,,,,,,,,,
54,VISIT,5383,Random,OnArrival,5,73,20319,Node_697,-10,0,-1,-10,-1,,,,,,,,,
54,VISIT,5384,Random,OnArrival,5,79,20319,Node_692,-7,0,2,-7,2,,,,,,,,,
54,VISIT,5387,Random,OnArrival,5,45,20319,Node_697,-10,0,-1,-10,-1,,,,,,,,,
54,VISIT,5389,Random,OnArrival,5,16,20319,Node_570,6,0,10,6,10,,,,,,,,,
54,VISIT,5392,Random,OnArrival,5,16,20319,Node_570,6,0,10,6,10,,,,,,,,,
54,VISIT,5388,Random,OnArrival,5,46,20328,Node_693,-8,0,-2,-8,-2,,,,,,,,,
54,VISIT,5389,Random,OnArrival,5,17,20328,Node_567,6,0,9,6,9,,,,,,,,,
54,VISIT,5390,Random,OnArrival,5,17,20328,Node_558,3,0,6,3,6,,,,,,,,,
54,VISIT,5391,Random,OnArrival,5,15,20328,Node_516,5,0,6,5,6,,,,,,,,,
54,VISIT,5392,Random,OnArrival,5,17,20328,Node_567,6,0,9,6,9,,,,,,,,,
54,VISIT,5378,Random,OnArrival,5,104,20336,Node_697,-10,0,-1,-10,-1,,,,,,,,,
54,VISIT,5381,Random,OnArrival,5,82,20336,Node_694,-8,0,-1,-8,-1,,,,,,,,,
54,VISIT,5383,Random,OnArrival,5,74,20336,Node_694,-8,0,-1,-8,-1,,,,,,,,,
54,VISIT,5385,Random,OnArrival,5,46,20336,Node_697,-10,0,-1,-10,-1,,,,,,,,,
54,VISIT,5386,Random,OnArrival,5,41,20336,Node_697,-10,0,-1,-10,-1,,,,,,,,,
54,VISIT,5387,Random,OnArrival,5,46,20336,Node_694,-8,0,-1,-8,-1,,,,,,,,,
54,VISIT,5388,Random,OnArrival,5,47,20336,Node_691,-7,0,-2,-7,-2,,,,,,,,,
54,VISIT,5389,Random,OnArrival,5,18,20336,Node_519,5,0,9,5,9,,,,,,,,,
54,VISIT,5390,Random,OnArrival,5,18,20336,Node_606,2,0,6,2,6,,,,,,,,,
54,VISIT,5392,Random,OnArrival,5,18,20336,Node_519,5,0,9,5,9,,,,,,,,,
54,VISIT,5381,Random,OnArrival,5,83,20345,Node_693,-8,0,-2,-8,-2,,,,,,,,,
54,VISIT,5382,Random,OnArrival,5,68,20345,Node_701,-10,0,2,-10,2,,,,,,,,,
54,VISIT,5383,Random,OnArrival,5,75,20345,Node_693,-8,0,-2,-8,-2,,,,,,,,,
54,VISIT,5384,Random,OnArrival,5,80,20345,Node_701,-10,0,2,-10,2,,,,,,,,,
54,VISIT,5387,Random,OnArrival,5,47,20345,Node_693,-8,0,-2,-8,-2,,,,,,,,,
54,VISIT,5388,Random,OnArrival,5,48,20345,Node_690,-7,0,-1,-7,-1,,,,,,,,,
54,VISIT,5391,Random,OnArrival,5,16,20345,Node_558,3,0,6,3,6,,,,,,,,,
54,VISIT,5378,Random,OnArrival,5,105,20349,Node_694,-8,0,-1,-8,-1,,,,,,,,,
54,VISIT,5381,Random,OnArrival,5,84,20349,Node_691,-7,0,-2,-7,-2,,,,,,,,,
54,VISIT,5383,Random,OnArrival,5,76,20349,Node_691,-7,0,-2,-7,-2,,,,,,,,,
54,VISIT,5385,Random,OnArrival,5,47,20349,Node_694,-8,0,-1,-8,-1,,,,,,,,,
54,VISIT,5386,Random,OnArrival,5,42,20349,Node_694,-8,0,-1,-8,-1,,,,,,,,,
54,VISIT,5387,Random,OnArrival,5,48,20349,Node_691,-7,0,-2,-7,-2,,,,,,,,,
54,VISIT,5388,Random,OnArrival,5,49,20349,Node_575,-7,0,0,-7,0,,,,,,,,,
54,VISIT,5391,Random,OnArrival,5,17,20349,Node_606,2,0,6,2,6,,,,,,,,,
54,VISIT,5378,Random,OnArrival,5,106,20353,Node_693,-8,0,-2,-8,-2,,,,,,,,,
54,VISIT,5381,Random,OnArrival,5,85,20353,Node_690,-7,0,-1,-7,-1,,,,,,,,,
54,VISIT,5383,Random,OnArrival,5,77,20353,Node_690,-7,0,-1,-7,-1,,,,,,,,,
54,VISIT,5385,Random,OnArrival,5,48,20353,Node_693,-8,0,-2,-8,-2,,,,,,,,,
54,VISIT,5386,Random,OnArrival,5,43,20353,Node_693,-8,0,-2,-8,-2,,,,,,,,,
54,VISIT,5387,Random,OnArrival,5,49,20353,Node_690,-7,0,-1,-7,-1,,,,,,,,,
54,VISIT,5388,Random,OnArrival,5,50,20353,Node_573,-6,0,0,-6,0,,,,,,,,,
54,VISIT,5389,Random,OnArrival,5,19,20353,Node_516,5,0,6,5,6,,,,,,,,,
54,VISIT,5390,Random,OnArrival,5,19,20353,Node_652,-1,0,6,-1,6,,,,,,,,,
54,VISIT,5392,Random,OnArrival,5,19,20353,Node_516,5,0,6,5,6,,,,,,,,,
54,VISIT,5378,Random,OnArrival,5,107,20357,Node_691,-7,0,-2,-7,-2,,,,,,,,,
54,VISIT,5381,Random,OnArrival,5,86,20357,Node_575,-7,0,0,-7,0,,,,,,,,,
54,VISIT,5382,Random,OnArrival,5,69,20357,Node_697,-10,0,-1,-10,-1,,,,,,,,,
54,VISIT,5383,Random,OnArrival,5,78,20357,Node_575,-7,0,0,-7,0,,,,,,,,,
54,VISIT,5384,Random,OnArrival,5,81,20357,Node_697,-10,0,-1,-10,-1,,,,,,,,,
54,VISIT,5385,Random,OnArrival,5,49,20357,Node_691,-7,0,-2,-7,-2,,,,,,,,,
54,VISIT,5386,Random,OnArrival,5,44,20357,Node_691,-7,0,-2,-7,-2,,,,,,,,,
54,VISIT,5387,Random,OnArrival,5,50,20357,Node_575,-7,0,0,-7,0,,,,,,,,,
54,VISIT,5388,Random,OnArrival,5,51,20357,Node_689,-5,0,0,-5,0,,,,,,,,,
54,VISIT,5390,Random,OnArrival,5,20,20357,Node_466,-2,0,6,-2,6,,,,,,,,,
54,VISIT,5378,Random,OnArrival,5,108,20361,Node_690,-7,0,-1,-7,-1,,,,,,,,,
54,VISIT,5381,Random,OnArrival,5,87,20361,Node_573,-6,0,0,-6,0,,,,,,,,,
54,VISIT,5383,Random,OnArrival,5,79,20361,Node_573,-6,0,0,-6,0,,,,,,,,,
54,VISIT,5385,Random,OnArrival,5,50,20361,Node_690,-7,0,-1,-7,-1,,,,,,,,,
54,VISIT,5386,Random,OnArrival,5,45,20361,Node_690,-7,0,-1,-7,-1,,,,,,,,,
54,VISIT,5387,Random,OnArrival,5,51,20361,Node_573,-6,0,0,-6,0,,,,,,,,,
54,VISIT,5389,Random,OnArrival,5,20,20361,Node_558,3,0,6,3,6,,,,,,,,,
54,VISIT,5391,Random,OnArrival,5,18,20361,Node_652,-1,0,6,-1,6,,,,,,,,,
54,VISIT,5392,Random,OnArrival,5,20,20361,Node_558,3,0,6,3,6,,,,,,,,,
54,VISIT,5378,Random,OnArrival,5,109,20365,Node_575,-7,0,0,-7,0,,,,,,,,,
54,VISIT,5381,Random,OnArrival,5,88,20365,Node_689,-5,0,0,-5,0,,,,,,,,,
54,VISIT,5382,Random,OnArrival,5,70,20365,Node_694,-8,0,-1,-8,-1,,,,,,,,,
54,VISIT,5383,Random,OnArrival,5,80,20365,Node_689,-5,0,0,-5,0,,,,,,,,,
54,VISIT,5384,Random,OnArrival,5,82,20365,Node_694,-8,0,-1,-8,-1,,,,,,,,,
54,VISIT,5385,Random,OnArrival,5,51,20365,Node_575,-7,0,0,-7,0,,,,,,,,,
54,VISIT,5386,Random,OnArrival,5,46,20365,Node_575,-7,0,0,-7,0,,,,,,,,,
54,VISIT,5387,Random,OnArrival,5,52,20365,Node_689,-5,0,0,-5,0,,,,,,,,,
54,VISIT,5389,Random,OnArrival,5,21,20365,Node_606,2,0,6,2,6,,,,,,,,,
54,VISIT,5390,Random,OnArrival,5,21,20365,Node_463,-2,0,4,-2,4,,,,,,,,,
54,VISIT,5391,Random,OnArrival,5,19,20365,Node_466,-2,0,6,-2,6,,,,,,,,,
54,VISIT,5392,Random,OnArrival,5,21,20365,Node_606,2,0,6,2,6,,,,,,,,,
54,VISIT,5378,Random,OnArrival,5,110,20369,Node_573,-6,0,0,-6,0,,,,,,,,,
54,VISIT,5382,Random,OnArrival,5,71,20369,Node_693,-8,0,-2,-8,-2,,,,,,,,,
54,VISIT,5384,Random,OnArrival,5,83,20369,Node_693,-8,0,-2,-8,-2,,,,,,,,,
54,VISIT,5385,Random,OnArrival,5,52,20369,Node_573,-6,0,0,-6,0,,,,,,,,,
54,VISIT,5386,Random,OnArrival,5,47,20369,Node_573,-6,0,0,-6,0,,,,,,,,,
54,VISIT,5388,Random,OnArrival,5,52,20369,Node_688,-5,0,-3,-5,-3,,,,,,,,,
54,VISIT,5390,Random,OnArrival,5,22,20369,Node_511,-3,0,4,-3,4,,,,,,,,,
54,VISIT,5378,Random,OnArrival,5,111,20373,Node_689,-5,0,0,-5,0,,,,,,,,,
54,VISIT,5382,Random,OnArrival,5,72,20373,Node_691,-7,0,-2,-7,-2,,,,,,,,,
54,VISIT,5384,Random,OnArrival,5,84,20373,Node_691,-7,0,-2,-7,-2,,,,,,,,,
54,VISIT,5385,Random,OnArrival,5,53,20373,Node_689,-5,0,0,-5,0,,,,,,,,,
54,VISIT,5386,Random,OnArrival,5,48,20373,Node_689,-5,0,0,-5,0,,,,,,,,,
54,VISIT,5391,Random,OnArrival,5,20,20373,Node_463,-2,0,4,-2,4,,,,,,,,,
54,VISIT,5381,Random,OnArrival,5,89,20377,Node_688,-5,0,-3,-5,-3,,,,,,,,,
54,VISIT,5382,Random,OnArrival,5,73,20377,Node_690,-7,0,-1,-7,-1,,,,,,,,,
54,VISIT,5383,Random,OnArrival,5,81,20377,Node_688,-5,0,-3,-5,-3,,,,,,,,,
54,VISIT,5384,Random,OnArrival,5,85,20377,Node_690,-7,0,-1,-7,-1,,,,,,,,,
54,VISIT,5387,Random,OnArrival,5,53,20377,Node_688,-5,0,-3,-5,-3,,,,,,,,,
54,VISIT,5388,Random,OnArrival,5,53,20377,Node_555,-3,0,-3,-3,-3,,,,,,,,,
54,VISIT,5389,Random,OnArrival,5,22,20377,Node_652,-1,0,6,-1,6,,,,,,,,,
54,VISIT,5391,Random,OnArrival,5,21,20377,Node_511,-3,0,4,-3,4,,,,,,,,,
54,VISIT,5392,Random,OnArrival,5,22,20377,Node_652,-1,0,6,-1,6,,,,,,,,,
54,VISIT,5382,Random,OnArrival,5,74,20381,Node_575,-7,0,0,-7,0,,,,,,,,,
54,VISIT,5384,Random,OnArrival,5,86,20381,Node_575,-7,0,0,-7,0,,,,,,,,,
54,VISIT,5388,Random,OnArrival,5,54,20381,Node_553,-2,0,-3,-2,-3,,,,,,,,,
54,VISIT,5389,Random,OnArrival,5,23,20381,Node_466,-2,0,6,-2,6,,,,,,,,,
54,VISIT,5392,Random,OnArrival,5,23,20381,Node_466,-2,0,6,-2,6,,,,,,,,,
54,VISIT,5378,Random,OnArrival,5,112,20388,Node_688,-5,0,-3,-5,-3,,,,,,,,,
54,VISIT,5381,Random,OnArrival,5,90,20388,Node_555,-3,0,-3,-3,-3,,,,,,,,,
54,VISIT,5382,Random,OnArrival,5,75,20388,Node_573,-6,0,0,-6,0,,,,,,,,,
54,VISIT,5383,Random,OnArrival,5,82,20388,Node_555,-3,0,-3,-3,-3,,,,,,,,,
54,VISIT,5384,Random,OnArrival,5,87,20388,Node_573,-6,0,0,-6,0,,,,,,,,,
54,VISIT,5385,Random,OnArrival,5,54,20388,Node_688,-5,0,-3,-5,-3,,,,,,,,,
54,VISIT,5386,Random,OnArrival,5,49,20388,Node_688,-5,0,-3,-5,-3,,,,,,,,,
54,VISIT,5387,Random,OnArrival,5,54,20388,Node_555,-3,0,-3,-3,-3,,,,,,,,,
54,VISIT,5390,Random,OnArrival,5,23,20388,Node_695,-7,0,4,-7,4,,,,,,,,,
54,VISIT,5381,Random,OnArrival,5,91,20392,Node_553,-2,0,-3,-2,-3,,,,,,,,,
54,VISIT,5382,Random,OnArrival,5,76,20392,Node_689,-5,0,0,-5,0,,,,,,,,,
54,VISIT,5383,Random,OnArrival,5,83,20392,Node_553,-2,0,-3,-2,-3,,,,,,,,,
54,VISIT,5384,Random,OnArrival,5,88,20392,Node_689,-5,0,0,-5,0,,,,,,,,,
54,VISIT,5387,Random,OnArrival,5,55,20392,Node_553,-2,0,-3,-2,-3,,,,,,,,,
54,VISIT,5388,Random,OnArrival,5,55,20392,Node_550,-2,0,-5,-2,-5,,,,,,,,,
54,VISIT,5389,Random,OnArrival,5,24,20392,Node_463,-2,0,4,-2,4,,,,,,,,,
54,VISIT,5392,Random,OnArrival,5,24,20392,Node_463,-2,0,4,-2,4,,,,,,,,,
54,VISIT,5378,Random,OnArrival,5,113,20396,Node_555,-3,0,-3,-3,-3,,,,,,,,,
54,VISIT,5385,Random,OnArrival,5,55,20396,Node_555,-3,0,-3,-3,-3,,,,,,,,,
54,VISIT,5386,Random,OnArrival,5,50,20396,Node_555,-3,0,-3,-3,-3,,,,,,,,,
54,VISIT,5389,Random,OnArrival,5,25,20396,Node_511,-3,0,4,-3,4,,,,,,,,,
54,VISIT,5390,Random,OnArrival,5,24,20396,Node_692,-7,0,2,-7,2,,,,,,,,,
54,VISIT,5391,Random,OnArrival,5,22,20396,Node_695,-7,0,4,-7,4,,,,,,,,,
54,VISIT,5392,Random,OnArrival,5,25,20396,Node_511,-3,0,4,-3,4,,,,,,,,,
54,VISIT,5378,Random,OnArrival,5,114,20403,Node_553,-2,0,-3,-2,-3,,,,,,,,,
54,VISIT,5381,Random,OnArrival,5,92,20403,Node_550,-2,0,-5,-2,-5,,,,,,,,,
54,VISIT,5383,Random,OnArrival,5,84,20403,Node_550,-2,0,-5,-2,-5,,,,,,,,,
54,VISIT,5385,Random,OnArrival,5,56,20403,Node_553,-2,0,-3,-2,-3,,,,,,,,,
54,VISIT,5386,Random,OnArrival,5,51,20403,Node_553,-2,0,-3,-2,-3,,,,,,,,,
54,VISIT,5387,Random,OnArrival,5,56,20403,Node_550,-2,0,-5,-2,-5,,,,,,,,,
54,VISIT,5382,Random,OnArrival,5,77,20407,Node_688,-5,0,-3,-5,-3,,,,,,,,,
54,VISIT,5384,Random,OnArrival,5,89,20407,Node_688,-5,0,-3,-5,-3,,,,,,,,,
54,VISIT,5388,Random,OnArrival,5,56,20407,Node_504,1,0,-5,1,-5,,,,,,,,,
54,VISIT,5391,Random,OnArrival,5,23,20407,Node_692,-7,0,2,-7,2,,,,,,,,,
54,VISIT,5393,Random,OnArrival,5,0,20412,Node_6,19,0,12,19,12,,,,,,,,,
54,VISIT,5394,Random,OnArrival,5,0,20412,Node_7,19,0,8,19,8,,,,,,,,,
54,VISIT,5395,Random,OnArrival,5,0,20412,Node_8,17,0,10,17,10,,,,,,,,,
54,VISIT,5396,Random,OnArrival,5,0,20412,Node_9,21,0,10,21,10,,,,,,,,,
54,VISIT,5378,Random,OnArrival,5,115,20415,Node_550,-2,0,-5,-2,-5,,,,,,,,,
54,VISIT,5385,Random,OnArrival,5,57,20415,Node_550,-2,0,-5,-2,-5,,,,,,,,,
54,VISIT,5386,Random,OnArrival,5,52,20415,Node_550,-2,0,-5,-2,-5,,,,,,,,,
54,VISIT,5390,Random,OnArrival,5,25,20415,Node_701,-10,0,2,-10,2,,,,,,,,,
54,VISIT,5393,Random,OnArrival,5,1,20416,Node_2,19,0,11,19,11,,,,,,,,,
54,VISIT,5394,Random,OnArrival,5,1,20416,Node_46,20,0,8,20,8,,,,,,,,,
54,VISIT,5395,Random,OnArrival,5,1,20416,Node_4,18,0,10,18,10,,,,,,,,,
54,VISIT,5396,Random,OnArrival,5,1,20416,Node_47,21,0,9,21,9,,,,,,,,,
54,VISIT,5381,Random,OnArrival,5,93,20420,Node_504,1,0,-5,1,-5,,,,,,,,,
54,VISIT,5382,Random,OnArrival,5,78,20420,Node_555,-3,0,-3,-3,-3,,,,,,,,,
54,VISIT,5383,Random,OnArrival,5,85,20420,Node_504,1,0,-5,1,-5,,,,,,,,,
54,VISIT,5384,Random,OnArrival,5,90,20420,Node_555,-3,0,-3,-3,-3,,,,,,,,,
54,VISIT,5387,Random,OnArrival,5,57,20420,Node_504,1,0,-5,1,-5,,,,,,,,,
54,VISIT,5389,Random,OnArrival,5,26,20420,Node_695,-7,0,4,-7,4,,,,,,,,,
54,VISIT,5392,Random,OnArrival,5,26,20420,Node_695,-7,0,4,-7,4,,,,,,,,,
54,VISIT,5393,Random,OnArrival,5,2,20422,Node_20,19,0,10,19,10,,,,,,,,,
54,VISIT,5394,Random,OnArrival,5,2,20422,Node_49,21,0,8,21,8,,,,,,,,,
54,VISIT,5395,Random,OnArrival,5,2,20422,Node_15,18,0,9,18,9,,,,,,,,,
54,VISIT,5396,Random,OnArrival,5,2,20422,Node_57,22,0,9,22,9,,,,,,,,,
54,VISIT,5382,Random,OnArrival,5,79,20424,Node_553,-2,0,-3,-2,-3,,,,,,,,,
54,VISIT,5384,Random,OnArrival,5,91,20424,Node_553,-2,0,-3,-2,-3,,,,,,,,,
54,VISIT,5391,Random,OnArrival,5,24,20424,Node_701,-10,0,2,-10,2,,,,,,,,,
54,VISIT,5393,Random,OnArrival,5,3,20428,Node_3,19,0,9,19,9,,,,,,,,,
54,VISIT,5394,Random,OnArrival,5,3,20428,Node_50,21,0,7,21,7,,,,,,,,,
54,VISIT,5395,Random,OnArrival,5,3,20428,Node_3,19,0,9,19,9,,,,,,,,,
54,VISIT,5396,Random,OnArrival,5,3,20428,Node_93,23,0,9,23,9,,,,,,,,,
54,VISIT,5378,Random,OnArrival,5,116,20432,Node_504,1,0,-5,1,-5,,,,,,,,,
54,VISIT,5385,Random,OnArrival,5,58,20432,Node_504,1,0,-5,1,-5,,,,,,,,,
54,VISIT,5386,Random,OnArrival,5,53,20432,Node_504,1,0,-5,1,-5,,,,,,,,,
54,VISIT,5388,Random,OnArrival,5,57,20432,Node_495,5,0,-5,5,-5,,,,,,,,,
54,VISIT,5389,Random,OnArrival,5,27,20432,Node_692,-7,0,2,-7,2,,,,,,,,,
54,VISIT,5390,Random,OnArrival,5,26,20432,Node_697,-10,0,-1,-10,-1,,,,,,,,,
54,VISIT,5392,Random,OnArrival,5,27,20432,Node_692,-7,0,2,-7,2,,,,,,,,,
54,VISIT,5393,Random,OnArrival,5,4,20434,Node_48,20,0,9,20,9,,,,,,,,,
54,VISIT,5394,Random,OnArrival,5,4,20434,Node_51,21,0,6,21,6,,,,,,,,,
54,VISIT,5395,Random,OnArrival,5,4,20434,Node_48,20,0,9,20,9,,,,,,,,,
54,VISIT,5382,Random,OnArrival,5,80,20437,Node_550,-2,0,-5,-2,-5,,,,,,,,,
54,VISIT,5384,Random,OnArrival,5,92,20437,Node_550,-2,0,-5,-2,-5,,,,,,,,,
54,VISIT,5393,Random,OnArrival,5,5,20441,Node_47,21,0,9,21,9,,,,,,,,,
54,VISIT,5394,Random,OnArrival,5,5,20441,Node_52,21,0,5,21,5,,,,,,,,,
54,VISIT,5395,Random,OnArrival,5,5,20441,Node_47,21,0,9,21,9,,,,,,,,,
54,VISIT,5396,Random,OnArrival,5,4,20441,Node_246,25,0,9,25,9,,,,,,,,,
54,VISIT,5381,Random,OnArrival,5,94,20445,Node_495,5,0,-5,5,-5,,,,,,,,,
54,VISIT,5383,Random,OnArrival,5,86,20445,Node_495,5,0,-5,5,-5,,,,,,,,,
54,VISIT,5387,Random,OnArrival,5,58,20445,Node_495,5,0,-5,5,-5,,,,,,,,,
54,VISIT,5390,Random,OnArrival,5,27,20445,Node_694,-8,0,-1,-8,-1,,,,,,,,,
54,VISIT,5391,Random,OnArrival,5,25,20445,Node_697,-10,0,-1,-10,-1,,,,,,,,,
54,VISIT,5393,Random,OnArrival,5,6,20449,Node_57,22,0,9,22,9,,,,,,,,,
54,VISIT,5394,Random,OnArrival,5,6,20449,Node_64,22,0,5,22,5,,,,,,,,,
54,VISIT,5395,Random,OnArrival,5,6,20449,Node_57,22,0,9,22,9,,,,,,,,,
54,VISIT,5396,Random,OnArrival,5,5,20449,Node_248,25,0,8,25,8,,,,,,,,,
54,VISIT,5388,Random,OnArrival,5,58,20453,Node_490,8,0,-5,8,-5,,,,,,,,,
54,VISIT,5389,Random,OnArrival,5,28,20453,Node_701,-10,0,2,-10,2,,,,,,,,,
54,VISIT,5390,Random,OnArrival,5,28,20453,Node_693,-8,0,-2,-8,-2,,,,,,,,,
54,VISIT,5392,Random,OnArrival,5,28,20453,Node_701,-10,0,2,-10,2,,,,,,,,,
54,VISIT,5393,Random,OnArrival,5,7,20457,Node_93,23,0,9,23,9,,,,,,,,,
54,VISIT,5394,Random,OnArrival,5,7,20457,Node_247,23,0,5,23,5,,,,,,,,,
54,VISIT,5395,Random,OnArrival,5,7,20457,Node_93,23,0,9,23,9,,,,,,,,,
54,VISIT,5396,Random,OnArrival,5,6,20457,Node_250,25,0,7,25,7,,,,,,,,,
54,VISIT,5378,Random,OnArrival,5,117,20461,Node_495,5,0,-5,5,-5,,,,,,,,,
54,VISIT,5382,Random,OnArrival,5,81,20461,Node_504,1,0,-5,1,-5,,,,,,,,,
54,VISIT,5384,Random,OnArrival,5,93,20461,Node_504,1,0,-5,1,-5,,,,,,,,,
54,VISIT,5385,Random,OnArrival,5,59,20461,Node_495,5,0,-5,5,-5,,,,,,,,,
54,VISIT,5386,Random,OnArrival,5,54,20461,Node_495,5,0,-5,5,-5,,,,,,,,,
54,VISIT,5390,Random,OnArrival,5,29,20461,Node_691,-7,0,-2,-7,-2,,,,,,,,,
54,VISIT,5391,Random,OnArrival,5,26,20461,Node_694,-8,0,-1,-8,-1,,,,,,,,,
54,VISIT,5381,Random,OnArrival,5,95,20465,Node_490,8,0,-5,8,-5,,,,,,,,,
54,VISIT,5383,Random,OnArrival,5,87,20465,Node_490,8,0,-5,8,-5,,,,,,,,,
54,VISIT,5387,Random,OnArrival,5,59,20465,Node_490,8,0,-5,8,-5,,,,,,,,,
54,VISIT,5388,Random,OnArrival,5,59,20465,Node_489,10,0,-5,10,-5,,,,,,,,,
54,VISIT,5390,Random,OnArrival,5,30,20465,Node_690,-7,0,-1,-7,-1,,,,,,,,,
54,VISIT,5391,Random,OnArrival,5,27,20465,Node_693,-8,0,-2,-8,-2,,,,,,,,,
54,VISIT,5394,Random,OnArrival,5,8,20465,Node_249,23,0,4,23,4,,,,,,,,,
54,VISIT,5396,Random,OnArrival,5,7,20465,Node_253,25,0,6,25,6,,,,,,,,,
54,VISIT,5388,Random,OnArrival,5,60,20469,Node_488,10,0,-4,10,-4,,,,,,,,,
54,VISIT,5389,Random,OnArrival,5,29,20469,Node_697,-10,0,-1,-10,-1,,,,,,,,,
54,VISIT,5390,Random,OnArrival,5,31,20469,Node_575,-7,0,0,-7,0,,,,,,,,,
54,VISIT,5391,Random,OnArrival,5,28,20469,Node_691,-7,0,-2,-7,-2,,,,,,,,,
54,VISIT,5392,Random,OnArrival,5,29,20469,Node_697,-10,0,-1,-10,-1,,,,,,,,,
54,VISIT,5393,Random,OnArrival,5,8,20469,Node_246,25,0,9,25,9,,,,,,,,,
54,VISIT,5394,Random,OnArrival,5,9,20469,Node_251,23,0,3,23,3,,,,,,,,,
54,VISIT,5395,Random,OnArrival,5,8,20469,Node_246,25,0,9,25,9,,,,,,,,,
54,VISIT,5396,Random,OnArrival,5,8,20469,Node_256,25,0,5,25,5,,,,,,,,,
54,VISIT,5378,Random,OnArrival,5,118,20473,Node_490,8,0,-5,8,-5,,,,,,,,,
54,VISIT,5381,Random,OnArrival,5,96,20473,Node_489,10,0,-5,10,-5,,,,,,,,,
54,VISIT,5383,Random,OnArrival,5,88,20473,Node_489,10,0,-5,10,-5,,,,,,,,,
54,VISIT,5385,Random,OnArrival,5,60,20473,Node_490,8,0,-5,8,-5,,,,,,,,,
54,VISIT,5386,Random,OnArrival,5,55,20473,Node_490,8,0,-5,8,-5,,,,,,,,,
54,VISIT,5387,Random,OnArrival,5,60,20473,Node_489,10,0,-5,10,-5,,,,,,,,,
54,VISIT,5388,Random,OnArrival,5,61,20473,Node_236,10,0,-3,10,-3,,,,,,,,,
54,VISIT,5390,Random,OnArrival,5,32,20473,Node_573,-6,0,0,-6,0,,,,,,,,,
54,VISIT,5391,Random,OnArrival,5,29,20473,Node_690,-7,0,-1,-7,-1,,,,,,,,,
54,VISIT,5393,Random,OnArrival,5,9,20473,Node_248,25,0,8,25,8,,,,,,,,,
54,VISIT,5394,Random,OnArrival,5,10,20473,Node_254,23,0,2,23,2,,,,,,,,,
54,VISIT,5395,Random,OnArrival,5,9,20473,Node_248,25,0,8,25,8,,,,,,,,,
54,VISIT,5396,Random,OnArrival,5,9,20473,Node_264,26,0,5,26,5,,,,,,,,,
54,VISIT,5381,Random,OnArrival,5,97,20477,Node_488,10,0,-4,10,-4,,,,,,,,,
54,VISIT,5382,Random,OnArrival,5,82,20477,Node_495,5,0,-5,5,-5,,,,,,,,,
54,VISIT,5383,Random,OnArrival,5,89,20477,Node_488,10,0,-4,10,-4,,,,,,,,,
54,VISIT,5384,Random,OnArrival,5,94,20477,Node_495,5,0,-5,5,-5,,,,,,,,,
54,VISIT,5387,Random,OnArrival,5,61,20477,Node_488,10,0,-4,10,-4,,,,,,,,,
54,VISIT,5388,Random,OnArrival,5,62,20477,Node_322,11,0,-3,11,-3,,,,,,,,,
54,VISIT,5389,Random,OnArrival,5,30,20477,Node_694,-8,0,-1,-8,-1,,,,,,,,,
54,VISIT,5390,Random,OnArrival,5,33,20477,Node_689,-5,0,0,-5,0,,,,,,,,,
54,VISIT,5391,Random,OnArrival,5,30,20477,Node_575,-7,0,0,-7,0,,,,,,,,,
54,VISIT,5392,Random,OnArrival,5,30,20477,Node_694,-8,0,-1,-8,-1,,,,,,,,,
54,VISIT,5393,Random,OnArrival,5,10,20477,Node_250,25,0,7,25,7,,,,,,,,,
54,VISIT,5394,Random,OnArrival,5,11,20477,Node_257,23,0,1,23,1,,,,,,,,,
54,VISIT,5395,Random,OnArrival,5,10,20477,Node_250,25,0,7,25,7,,,,,,,,,
54,VISIT,5396,Random,OnArrival,5,10,20477,Node_285,27,0,5,27,5,,,,,,,,,
54,VISIT,5378,Random,OnArrival,5,119,20481,Node_489,10,0,-5,10,-5,,,,,,,,,
54,VISIT,5381,Random,OnArrival,5,98,20481,Node_236,10,0,-3,10,-3,,,,,,,,,
54,VISIT,5383,Random,OnArrival,5,90,20481,Node_236,10,0,-3,10,-3,,,,,,,,,
54,VISIT,5385,Random,OnArrival,5,61,20481,Node_489,10,0,-5,10,-5,,,,,,,,,
54,VISIT,5386,Random,OnArrival,5,56,20481,Node_489,10,0,-5,10,-5,,,,,,,,,
54,VISIT,5387,Random,OnArrival,5,62,20481,Node_236,10,0,-3,10,-3,,,,,,,,,
54,VISIT,5388,Random,OnArrival,5,63,20481,Node_318,12,0,-3,12,-3,,,,,,,,,
54,VISIT,5389,Random,OnArrival,5,31,20481,Node_693,-8,0,-2,-8,-2,,,,,,,,,
54,VISIT,5391,Random,OnArrival,5,31,20481,Node_573,-6,0,0,-6,0,,,,,,,,,
54,VISIT,5392,Random,OnArrival,5,31,20481,Node_693,-8,0,-2,-8,-2,,,,,,,,,
54,VISIT,5393,Random,OnArrival,5,11,20481,Node_253,25,0,6,25,6,,,,,,,,,
54,VISIT,5394,Random,OnArrival,5,12,20481,Node_260,23,0,0,23,0,,,,,,,,,
54,VISIT,5395,Random,OnArrival,5,11,20481,Node_253,25,0,6,25,6,,,,,,,,,
54,VISIT,5396,Random,OnArrival,5,11,20481,Node_370,28,0,5,28,5,,,,,,,,,
54,VISIT,5378,Random,OnArrival,5,120,20485,Node_488,10,0,-4,10,-4,,,,,,,,,
54,VISIT,5381,Random,OnArrival,5,99,20485,Node_322,11,0,-3,11,-3,,,,,,,,,
54,VISIT,5383,Random,OnArrival,5,91,20485,Node_322,11,0,-3,11,-3,,,,,,,,,
54,VISIT,5385,Random,OnArrival,5,62,20485,Node_488,10,0,-4,10,-4,,,,,,,,,
54,VISIT,5386,Random,OnArrival,5,57,20485,Node_488,10,0,-4,10,-4,,,,,,,,,
54,VISIT,5387,Random,OnArrival,5,63,20485,Node_322,11,0,-3,11,-3,,,,,,,,,
54,VISIT,5389,Random,OnArrival,5,32,20485,Node_691,-7,0,-2,-7,-2,,,,,,,,,
54,VISIT,5391,Random,OnArrival,5,32,20485,Node_689,-5,0,0,-5,0,,,,,,,,,
54,VISIT,5392,Random,OnArrival,5,32,20485,Node_691,-7,0,-2,-7,-2,,,,,,,,,
54,VISIT,5393,Random,OnArrival,5,12,20485,Node_256,25,0,5,25,5,,,,,,,,,
54,VISIT,5394,Random,OnArrival,5,13,20485,Node_263,23,0,-1,23,-1,,,,,,,,,
54,VISIT,5395,Random,OnArrival,5,12,20485,Node_256,25,0,5,25,5,,,,,,,,,
54,VISIT,5378,Random,OnArrival,5,121,20489,Node_236,10,0,-3,10,-3,,,,,,,,,
54,VISIT,5381,Random,OnArrival,5,100,20489,Node_318,12,0,-3,12,-3,,,,,,,,,
54,VISIT,5382,Random,OnArrival,5,83,20489,Node_490,8,0,-5,8,-5,,,,,,,,,
54,VISIT,5383,Random,OnArrival,5,92,20489,Node_318,12,0,-3,12,-3,,,,,,,,,
54,VISIT,5384,Random,OnArrival,5,95,20489,Node_490,8,0,-5,8,-5,,,,,,,,,
54,VISIT,5385,Random,OnArrival,5,63,20489,Node_236,10,0,-3,10,-3,,,,,,,,,
54,VISIT,5386,Random,OnArrival,5,58,20489,Node_236,10,0,-3,10,-3,,,,,,,,,
54,VISIT,5387,Random,OnArrival,5,64,20489,Node_318,12,0,-3,12,-3,,,,,,,,,
54,VISIT,5388,Random,OnArrival,5,64,20489,Node_306,14,0,-3,14,-3,,,,,,,,,
54,VISIT,5389,Random,OnArrival,5,33,20489,Node_690,-7,0,-1,-7,-1,,,,,,,,,
54,VISIT,5390,Random,OnArrival,5,34,20489,Node_688,-5,0,-3,-5,-3,,,,,,,,,
54,VISIT,5392,Random,OnArrival,5,33,20489,Node_690,-7,0,-1,-7,-1,,,,,,,,,
54,VISIT,5393,Random,OnArrival,5,13,20489,Node_264,26,0,5,26,5,,,,,,,,,
54,VISIT,5394,Random,OnArrival,5,14,20489,Node_266,23,0,-2,23,-2,,,,,,,,,
54,VISIT,5395,Random,OnArrival,5,13,20489,Node_264,26,0,5,26,5,,,,,,,,,
54,VISIT,5396,Random,OnArrival,5,12,20489,Node_369,30,0,5,30,5,,,,,,,,,
54,VISIT,5378,Random,OnArrival,5,122,20493,Node_322,11,0,-3,11,-3,,,,,,,,,
54,VISIT,5385,Random,OnArrival,5,64,20493,Node_322,11,0,-3,11,-3,,,,,,,,,
54,VISIT,5386,Random,OnArrival,5,59,20493,Node_322,11,0,-3,11,-3,,,,,,,,,
54,VISIT,5388,Random,OnArrival,5,65,20493,Node_304,14,0,-2,14,-2,,,,,,,,,
54,VISIT,5389,Random,OnArrival,5,34,20493,Node_575,-7,0,0,-7,0,,,,,,,,,
54,VISIT,5392,Random,OnArrival,5,34,20493,Node_575,-7,0,0,-7,0,,,,,,,,,
54,VISIT,5393,Random,OnArrival,5,14,20493,Node_285,27,0,5,27,5,,,,,,,,,
54,VISIT,5394,Random,OnArrival,5,15,20493,Node_523,24,0,-2,24,-2,,,,,,,,,
54,VISIT,5395,Random,OnArrival,5,14,20493,Node_285,27,0,5,27,5,,,,,,,,,
54,VISIT,5396,Random,OnArrival,5,13,20493,Node_368,30,0,6,30,6,,,,,,,,,
54,VISIT,5378,Random,OnArrival,5,123,20497,Node_318,12,0,-3,12,-3,,,,,,,,,
54,VISIT,5381,Random,OnArrival,5,101,20497,Node_306,14,0,-3,14,-3,,,,,,,,,
54,VISIT,5382,Random,OnArrival,5,84,20497,Node_489,10,0,-5,10,-5,,,,,,,,,
54,VISIT,5383,Random,OnArrival,5,93,20497,Node_306,14,0,-3,14,-3,,,,,,,,,
54,VISIT,5384,Random,OnArrival,5,96,20497,Node_489,10,0,-5,10,-5,,,,,,,,,
54,VISIT,5385,Random,OnArrival,5,65,20497,Node_318,12,0,-3,12,-3,,,,,,,,,
54,VISIT,5386,Random,OnArrival,5,60,20497,Node_318,12,0,-3,12,-3,,,,,,,,,
54,VISIT,5387,Random,OnArrival,5,65,20497,Node_306,14,0,-3,14,-3,,,,,,,,,
54,VISIT,5388,Random,OnArrival,5,66,20497,Node_223,15,0,-2,15,-2,,,,,,,,,
54,VISIT,5389,Random,OnArrival,5,35,20497,Node_573,-6,0,0,-6,0,,,,,,,,,
54,VISIT,5390,Random,OnArrival,5,35,20497,Node_555,-3,0,-3,-3,-3,,,,,,,,,
54,VISIT,5391,Random,OnArrival,5,33,20497,Node_688,-5,0,-3,-5,-3,,,,,,,,,
54,VISIT,5392,Random,OnArrival,5,35,20497,Node_573,-6,0,0,-6,0,,,,,,,,,
54,VISIT,5393,Random,OnArrival,5,15,20497,Node_370,28,0,5,28,5,,,,,,,,,
54,VISIT,5395,Random,OnArrival,5,15,20497,Node_370,28,0,5,28,5,,,,,,,,,
54,VISIT,5396,Random,OnArrival,5,14,20497,Node_407,31,0,6,31,6,,,,,,,,,
54,VISIT,5381,Random,OnArrival,5,102,20501,Node_304,14,0,-2,14,-2,,,,,,,,,
54,VISIT,5382,Random,OnArrival,5,85,20501,Node_488,10,0,-4,10,-4,,,,,,,,,
54,VISIT,5383,Random,OnArrival,5,94,20501,Node_304,14,0,-2,14,-2,,,,,,,,,
54,VISIT,5384,Random,OnArrival,5,97,20501,Node_488,10,0,-4,10,-4,,,,,,,,,
54,VISIT,5387,Random,OnArrival,5,66,20501,Node_304,14,0,-2,14,-2,,,,,,,,,
54,VISIT,5389,Random,OnArrival,5,36,20501,Node_689,-5,0,0,-5,0,,,,,,,,,
54,VISIT,5390,Random,OnArrival,5,36,20501,Node_553,-2,0,-3,-2,-3,,,,,,,,,
54,VISIT,5392,Random,OnArrival,5,36,20501,Node_689,-5,0,0,-5,0,,,,,,,,,
54,VISIT,5394,Random,OnArrival,5,16,20501,Node_532,26,0,-2,26,-2,,,,,,,,,
54,VISIT,5396,Random,OnArrival,5,15,20501,Node_409,32,0,6,32,6,,,,,,,,,
54,VISIT,5378,Random,OnArrival,5,124,20505,Node_306,14,0,-3,14,-3,,,,,,,,,
54,VISIT,5381,Random,OnArrival,5,103,20505,Node_223,15,0,-2,15,-2,,,,,,,,,
54,VISIT,5382,Random,OnArrival,5,86,20505,Node_236,10,0,-3,10,-3,,,,,,,,,
54,VISIT,5383,Random,OnArrival,5,95,20505,Node_223,15,0,-2,15,-2,,,,,,,,,
54,VISIT,5384,Random,OnArrival,5,98,20505,Node_236,10,0,-3,10,-3,,,,,,,,,
54,VISIT,5385,Random,OnArrival,5,66,20505,Node_306,14,0,-3,14,-3,,,,,,,,,
54,VISIT,5386,Random,OnArrival,5,61,20505,Node_306,14,0,-3,14,-3,,,,,,,,,
54,VISIT,5387,Random,OnArrival,5,67,20505,Node_223,15,0,-2,15,-2,,,,,,,,,
54,VISIT,5388,Random,OnArrival,5,67,20505,Node_433,17,0,-2,17,-2,,,,,,,,,
54,VISIT,5391,Random,OnArrival,5,34,20505,Node_555,-3,0,-3,-3,-3,,,,,,,,,
54,VISIT,5393,Random,OnArrival,5,16,20505,Node_369,30,0,5,30,5,,,,,,,,,
54,VISIT,5394,Random,OnArrival,5,17,20505,Node_379,27,0,-2,27,-2,,,,,,,,,
54,VISIT,5395,Random,OnArrival,5,16,20505,Node_369,30,0,5,30,5,,,,,,,,,
54,VISIT,5378,Random,OnArrival,5,125,20509,Node_304,14,0,-2,14,-2,,,,,,,,,
54,VISIT,5382,Random,OnArrival,5,87,20509,Node_322,11,0,-3,11,-3,,,,,,,,,
54,VISIT,5384,Random,OnArrival,5,99,20509,Node_322,11,0,-3,11,-3,,,,,,,,,
54,VISIT,5385,Random,OnArrival,5,67,20509,Node_304,14,0,-2,14,-2,,,,,,,,,
54,VISIT,5386,Random,OnArrival,5,62,20509,Node_304,14,0,-2,14,-2,,,,,,,,,
54,VISIT,5388,Random,OnArrival,5,68,20509,Node_432,17,0,-1,17,-1,,,,,,,,,
54,VISIT,5390,Random,OnArrival,5,37,20509,Node_550,-2,0,-5,-2,-5,,,,,,,,,
54,VISIT,5391,Random,OnArrival,5,35,20509,Node_553,-2,0,-3,-2,-3,,,,,,,,,
54,VISIT,5393,Random,OnArrival,5,17,20509,Node_368,30,0,6,30,6,,,,,,,,,
54,VISIT,5394,Random,OnArrival,5,18,20509,Node_378,28,0,-2,28,-2,,,,,,,,,
54,VISIT,5395,Random,OnArrival,5,17,20509,Node_368,30,0,6,30,6,,,,,,,,,
54,VISIT,5396,Random,OnArrival,5,16,20509,Node_420,33,0,7,33,7,,,,,,,,,
54,VISIT,5378,Random,OnArrival,5,126,20513,Node_223,15,0,-2,15,-2,,,,,,,,,
54,VISIT,5381,Random,OnArrival,5,104,20513,Node_433,17,0,-2,17,-2,,,,,,,,,
54,VISIT,5382,Random,OnArrival,5,88,20513,Node_318,12,0,-3,12,-3,,,,,,,,,
54,VISIT,5383,Random,OnArrival,5,96,20513,Node_433,17,0,-2,17,-2,,,,,,,,,
54,VISIT,5384,Random,OnArrival,5,100,20513,Node_318,12,0,-3,12,-3,,,,,,,,,
54,VISIT,5385,Random,OnArrival,5,68,20513,Node_223,15,0,-2,15,-2,,,,,,,,,
54,VISIT,5386,Random,OnArrival,5,63,20513,Node_223,15,0,-2,15,-2,,,,,,,,,
54,VISIT,5387,Random,OnArrival,5,68,20513,Node_433,17,0,-2,17,-2,,,,,,,,,
54,VISIT,5388,Random,OnArrival,5,69,20513,Node_431,17,0,0,17,0,,,,,,,,,
54,VISIT,5389,Random,OnArrival,5,37,20513,Node_688,-5,0,-3,-5,-3,,,,,,,,,
54,VISIT,5392,Random,OnArrival,5,37,20513,Node_688,-5,0,-3,-5,-3,,,,,,,,,
54,VISIT,5393,Random,OnArrival,5,18,20513,Node_407,31,0,6,31,6,,,,,,,,,
54,VISIT,5394,Random,OnArrival,5,19,20513,Node_537,29,0,-2,29,-2,,,,,,,,,
54,VISIT,5395,Random,OnArrival,5,18,20513,Node_407,31,0,6,31,6,,,,,,,,,
54,VISIT,5396,Random,OnArrival,5,17,20513,Node_408,32,0,7,32,7,,,,,,,,,
54,VISIT,5381,Random,OnArrival,5,105,20517,Node_432,17,0,-1,17,-1,,,,,,,,,
54,VISIT,5383,Random,OnArrival,5,97,20517,Node_432,17,0,-1,17,-1,,,,,,,,,
54,VISIT,5387,Random,OnArrival,5,69,20517,Node_432,17,0,-1,17,-1,,,,,,,,,
54,VISIT,5388,Random,OnArrival,5,70,20517,Node_426,18,0,0,18,0,,,,,,,,,
54,VISIT,5391,Random,OnArrival,5,36,20517,Node_550,-2,0,-5,-2,-5,,,,,,,,,
54,VISIT,5393,Random,OnArrival,5,19,20517,Node_409,32,0,6,32,6,,,,,,,,,
54,VISIT,5394,Random,OnArrival,5,20,20517,Node_539,29,0,-3,29,-3,,,,,,,,,
54,VISIT,5395,Random,OnArrival,5,19,20517,Node_409,32,0,6,32,6,,,,,,,,,
54,VISIT,5396,Random,OnArrival,5,18,20517,Node_420,33,0,7,33,7,,,,,,,,,
54,VISIT,5378,Random,OnArrival,5,127,20526,Node_433,17,0,-2,17,-2,,,,,,,,,
54,VISIT,5381,Random,OnArrival,5,106,20526,Node_431,17,0,0,17,0,,,,,,,,,
54,VISIT,5382,Random,OnArrival,5,89,20526,Node_306,14,0,-3,14,-3,,,,,,,,,
54,VISIT,5383,Random,OnArrival,5,98,20526,Node_431,17,0,0,17,0,,,,,,,,,
54,VISIT,5384,Random,OnArrival,5,101,20526,Node_306,14,0,-3,14,-3,,,,,,,,,
54,VISIT,5385,Random,OnArrival,5,69,20526,Node_433,17,0,-2,17,-2,,,,,,,,,
54,VISIT,5386,Random,OnArrival,5,64,20526,Node_433,17,0,-2,17,-2,,,,,,,,,
54,VISIT,5387,Random,OnArrival,5,70,20526,Node_431,17,0,0,17,0,,,,,,,,,
54,VISIT,5388,Random,OnArrival,5,71,20526,Node_131,19,0,0,19,0,,,,,,,,,
54,VISIT,5389,Random,OnArrival,5,38,20526,Node_555,-3,0,-3,-3,-3,,,,,,,,,
54,VISIT,5390,Random,OnArrival,5,38,20526,Node_504,1,0,-5,1,-5,,,,,,,,,
54,VISIT,5392,Random,OnArrival,5,38,20526,Node_555,-3,0,-3,-3,-3,,,,,,,,,
54,VISIT,5393,Random,OnArrival,5,20,20526,Node_778,33,0,6,33,6,,,,,,,,,
54,VISIT,5394,Random,OnArrival,5,21,20526,Node_546,30,0,-3,30,-3,,,,,,,,,
54,VISIT,5395,Random,OnArrival,5,20,20526,Node_408,32,0,7,32,7,,,,,,,,,
54,VISIT,5396,Random,OnArrival,5,19,20526,Node_418,34,0,7,34,7,,,,,,,,,
54,VISIT,5378,Random,OnArrival,5,128,20530,Node_432,17,0,-1,17,-1,,,,,,,,,
54,VISIT,5381,Random,OnArrival,5,107,20530,Node_426,18,0,0,18,0,,,,,,,,,
54,VISIT,5382,Random,OnArrival,5,90,20530,Node_304,14,0,-2,14,-2,,,,,,,,,
54,VISIT,5383,Random,OnArrival,5,99,20530,Node_426,18,0,0,18,0,,,,,,,,,
54,VISIT,5384,Random,OnArrival,5,102,20530,Node_304,14,0,-2,14,-2,,,,,,,,,
54,VISIT,5385,Random,OnArrival,5,70,20530,Node_432,17,0,-1,17,-1,,,,,,,,,
54,VISIT,5386,Random,OnArrival,5,65,20530,Node_432,17,0,-1,17,-1,,,,,,,,,
54,VISIT,5387,Random,OnArrival,5,71,20530,Node_426,18,0,0,18,0,,,,,,,,,
54,VISIT,5389,Random,OnArrival,5,39,20530,Node_553,-2,0,-3,-2,-3,,,,,,,,,
54,VISIT,5392,Random,OnArrival,5,39,20530,Node_553,-2,0,-3,-2,-3,,,,,,,,,
54,VISIT,5394,Random,OnArrival,5,22,20530,Node_599,31,0,-3,31,-3,,,,,,,,,
54,VISIT,5395,Random,OnArrival,5,21,20530,Node_420,33,0,7,33,7,,,,,,,,,
54,VISIT,5378,Random,OnArrival,5,129,20534,Node_431,17,0,0,17,0,,,,,,,,,
54,VISIT,5381,Random,OnArrival,5,108,20534,Node_131,19,0,0,19,0,,,,,,,,,
54,VISIT,5382,Random,OnArrival,5,91,20534,Node_223,15,0,-2,15,-2,,,,,,,,,
54,VISIT,5383,Random,OnArrival,5,100,20534,Node_131,19,0,0,19,0,,,,,,,,,
54,VISIT,5384,Random,OnArrival,5,103,20534,Node_223,15,0,-2,15,-2,,,,,,,,,
54,VISIT,5385,Random,OnArrival,5,71,20534,Node_431,17,0,0,17,0,,,,,,,,,
54,VISIT,5386,Random,OnArrival,5,66,20534,Node_431,17,0,0,17,0,,,,,,,,,
54,VISIT,5387,Random,OnArrival,5,72,20534,Node_131,19,0,0,19,0,,,,,,,,,
54,VISIT,5391,Random,OnArrival,5,37,20534,Node_504,1,0,-5,1,-5,,,,,,,,,
54,VISIT,5393,Random,OnArrival,5,21,20534,Node_429,33,0,4,33,4,,,,,,,,,
54,VISIT,5394,Random,OnArrival,5,23,20534,Node_551,31,0,-2,31,-2,,,,,,,,,
54,VISIT,5395,Random,OnArrival,5,22,20534,Node_418,34,0,7,34,7,,,,,,,,,
54,VISIT,5396,Random,OnArrival,5,20,20534,Node_423,35,0,8,35,8,,,,,,,,,
54,VISIT,5378,Random,OnArrival,5,130,20539,Node_426,18,0,0,18,0,,,,,,,,,
54,VISIT,5385,Random,OnArrival,5,72,20539,Node_426,18,0,0,18,0,,,,,,,,,
54,VISIT,5386,Random,OnArrival,5,67,20539,Node_426,18,0,0,18,0,,,,,,,,,
54,VISIT,5388,Random,OnArrival,5,72,20539,Node_392,22,0,0,22,0,,,,,,,,,
54,VISIT,5389,Random,OnArrival,5,40,20539,Node_550,-2,0,-5,-2,-5,,,,,,,,,
54,VISIT,5392,Random,OnArrival,5,40,20539,Node_550,-2,0,-5,-2,-5,,,,,,,,,
54,VISIT,5393,Random,OnArrival,5,22,20539,Node_411,32,0,4,32,4,,,,,,,,,
54,VISIT,5394,Random,OnArrival,5,24,20539,Node_552,31,0,-1,31,-1,,,,,,,,,
54,VISIT,5395,Random,OnArrival,5,23,20539,Node_416,34,0,8,34,8,,,,,,,,,
54,VISIT,5396,Random,OnArrival,5,21,20539,Node_416,34,0,8,34,8,,,,,,,,,
54,VISIT,5378,Random,OnArrival,5,131,20546,Node_131,19,0,0,19,0,,,,,,,,,
54,VISIT,5382,Random,OnArrival,5,92,20546,Node_433,17,0,-2,17,-2,,,,,,,,,
54,VISIT,5384,Random,OnArrival,5,104,20546,Node_433,17,0,-2,17,-2,,,,,,,,,
54,VISIT,5385,Random,OnArrival,5,73,20546,Node_131,19,0,0,19,0,,,,,,,,,
54,VISIT,5386,Random,OnArrival,5,68,20546,Node_131,19,0,0,19,0,,,,,,,,,
54,VISIT,5388,Random,OnArrival,5,73,20546,Node_394,22,0,-1,22,-1,,,,,,,,,
54,VISIT,5390,Random,OnArrival,5,39,20546,Node_495,5,0,-5,5,-5,,,,,,,,,
54,VISIT,5393,Random,OnArrival,5,23,20546,Node_410,32,0,5,32,5,,,,,,,,,
54,VISIT,5394,Random,OnArrival,5,25,20546,Node_554,31,0,0,31,0,,,,,,,,,
54,VISIT,5395,Random,OnArrival,5,24,20546,Node_415,34,0,9,34,9,,,,,,,,,
54,VISIT,5396,Random,OnArrival,5,22,20546,Node_415,34,0,9,34,9,,,,,,,,,
54,VISIT,5381,Random,OnArrival,5,109,20554,Node_392,22,0,0,22,0,,,,,,,,,
54,VISIT,5382,Random,OnArrival,5,93,20554,Node_432,17,0,-1,17,-1,,,,,,,,,
54,VISIT,5383,Random,OnArrival,5,101,20554,Node_392,22,0,0,22,0,,,,,,,,,
54,VISIT,5384,Random,OnArrival,5,105,20554,Node_432,17,0,-1,17,-1,,,,,,,,,
54,VISIT,5387,Random,OnArrival,5,73,20554,Node_392,22,0,0,22,0,,,,,,,,,
54,VISIT,5388,Random,OnArrival,5,74,20554,Node_515,22,0,-2,22,-2,,,,,,,,,
54,VISIT,5393,Random,OnArrival,5,24,20554,Node_779,33,0,5,33,5,,,,,,,,,
54,VISIT,5394,Random,OnArrival,5,26,20554,Node_556,31,0,1,31,1,,,,,,,,,
54,VISIT,5395,Random,OnArrival,5,25,20554,Node_424,35,0,9,35,9,,,,,,,,,
54,VISIT,5396,Random,OnArrival,5,23,20554,Node_424,35,0,9,35,9,,,,,,,,,
54,VISIT,5381,Random,OnArrival,5,110,20565,Node_394,22,0,-1,22,-1,,,,,,,,,
54,VISIT,5382,Random,OnArrival,5,94,20565,Node_431,17,0,0,17,0,,,,,,,,,
54,VISIT,5383,Random,OnArrival,5,102,20565,Node_394,22,0,-1,22,-1,,,,,,,,,
54,VISIT,5384,Random,OnArrival,5,106,20565,Node_431,17,0,0,17,0,,,,,,,,,
54,VISIT,5387,Random,OnArrival,5,74,20565,Node_394,22,0,-1,22,-1,,,,,,,,,
54,VISIT,5388,Random,OnArrival,5,75,20565,Node_266,23,0,-2,23,-2,,,,,,,,,
54,VISIT,5389,Random,OnArrival,5,41,20565,Node_504,1,0,-5,1,-5,,,,,,,,,
54,VISIT,5391,Random,OnArrival,5,38,20565,Node_495,5,0,-5,5,-5,,,,,,,,,
54,VISIT,5392,Random,OnArrival,5,41,20565,Node_504,1,0,-5,1,-5,,,,,,,,,
54,VISIT,5393,Random,OnArrival,5,25,20565,Node_429,33,0,4,33,4,,,,,,,,,
54,VISIT,5394,Random,OnArrival,5,27,20565,Node_557,32,0,1,32,1,,,,,,,,,
54,VISIT,5378,Random,OnArrival,5,132,20569,Node_392,22,0,0,22,0,,,,,,,,,
54,VISIT,5381,Random,OnArrival,5,111,20569,Node_515,22,0,-2,22,-2,,,,,,,,,
54,VISIT,5382,Random,OnArrival,5,95,20569,Node_426,18,0,0,18,0,,,,,,,,,
54,VISIT,5383,Random,OnArrival,5,103,20569,Node_515,22,0,-2,22,-2,,,,,,,,,
54,VISIT,5384,Random,OnArrival,5,107,20569,Node_426,18,0,0,18,0,,,,,,,,,
54,VISIT,5385,Random,OnArrival,5,74,20569,Node_392,22,0,0,22,0,,,,,,,,,
54,VISIT,5386,Random,OnArrival,5,69,20569,Node_392,22,0,0,22,0,,,,,,,,,
54,VISIT,5387,Random,OnArrival,5,75,20569,Node_515,22,0,-2,22,-2,,,,,,,,,
54,VISIT,5388,Random,OnArrival,5,76,20569,Node_523,24,0,-2,24,-2,,,,,,,,,
54,VISIT,5390,Random,OnArrival,5,40,20569,Node_490,8,0,-5,8,-5,,,,,,,,,
54,VISIT,5397,Random,OnArrival,5,0,20574,Node_6,19,0,12,19,12,,,,,,,,,
54,VISIT,5398,Random,OnArrival,5,0,20574,Node_7,19,0,8,19,8,,,,,,,,,
54,VISIT,5399,Random,OnArrival,5,0,20574,Node_8,17,0,10,17,10,,,,,,,,,
54,VISIT,5400,Random,OnArrival,5,0,20574,Node_9,21,0,10,21,10,,,,,,,,,
54,VISIT,5378,Random,OnArrival,5,133,20576,Node_394,22,0,-1,22,-1,,,,,,,,,
54,VISIT,5381,Random,OnArrival,5,112,20576,Node_266,23,0,-2,23,-2,,,,,,,,,
54,VISIT,5382,Random,OnArrival,5,96,20576,Node_131,19,0,0,19,0,,,,,,,,,
54,VISIT,5383,Random,OnArrival,5,104,20576,Node_266,23,0,-2,23,-2,,,,,,,,,
54,VISIT,5384,Random,OnArrival,5,108,20576,Node_131,19,0,0,19,0,,,,,,,,,
54,VISIT,5385,Random,OnArrival,5,75,20576,Node_394,22,0,-1,22,-1,,,,,,,,,
54,VISIT,5386,Random,OnArrival,5,70,20576,Node_394,22,0,-1,22,-1,,,,,,,,,
54,VISIT,5387,Random,OnArrival,5,76,20576,Node_266,23,0,-2,23,-2,,,,,,,,,
54,VISIT,5395,Random,OnArrival,5,26,20576,Node_425,35,0,10,35,10,,,,,,,,,
54,VISIT,5396,Random,OnArrival,5,24,20576,Node_425,35,0,10,35,10,,,,,,,,,
54,VISIT,5397,Random,OnArrival,5,1,20578,Node_2,19,0,11,19,11,,,,,,,,,
54,VISIT,5398,Random,OnArrival,5,1,20578,Node_46,20,0,8,20,8,,,,,,,,,
54,VISIT,5399,Random,OnArrival,5,1,20578,Node_4,18,0,10,18,10,,,,,,,,,
54,VISIT,5400,Random,OnArrival,5,1,20578,Node_47,21,0,9,21,9,,,,,,,,,
54,VISIT,5378,Random,OnArrival,5,134,20582,Node_515,22,0,-2,22,-2,,,,,,,,,
54,VISIT,5381,Random,OnArrival,5,113,20582,Node_523,24,0,-2,24,-2,,,,,,,,,
54,VISIT,5383,Random,OnArrival,5,105,20582,Node_523,24,0,-2,24,-2,,,,,,,,,
54,VISIT,5385,Random,OnArrival,5,76,20582,Node_515,22,0,-2,22,-2,,,,,,,,,
54,VISIT,5386,Random,OnArrival,5,71,20582,Node_515,22,0,-2,22,-2,,,,,,,,,
54,VISIT,5387,Random,OnArrival,5,77,20582,Node_523,24,0,-2,24,-2,,,,,,,,,
54,VISIT,5388,Random,OnArrival,5,77,20582,Node_532,26,0,-2,26,-2,,,,,,,,,
54,VISIT,5390,Random,OnArrival,5,41,20582,Node_489,10,0,-5,10,-5,,,,,,,,,
54,VISIT,5391,Random,OnArrival,5,39,20582,Node_490,8,0,-5,8,-5,,,,,,,,,
54,VISIT,5394,Random,OnArrival,5,28,20582,Node_428,33,0,3,33,3,,,,,,,,,
54,VISIT,5397,Random,OnArrival,5,2,20583,Node_20,19,0,10,19,10,,,,,,,,,
54,VISIT,5398,Random,OnArrival,5,2,20583,Node_49,21,0,8,21,8,,,,,,,,,
54,VISIT,5399,Random,OnArrival,5,2,20583,Node_15,18,0,9,18,9,,,,,,,,,
54,VISIT,5400,Random,OnArrival,5,2,20583,Node_57,22,0,9,22,9,,,,,,,,,
54,VISIT,5378,Random,OnArrival,5,135,20587,Node_266,23,0,-2,23,-2,,,,,,,,,
54,VISIT,5385,Random,OnArrival,5,77,20587,Node_266,23,0,-2,23,-2,,,,,,,,,
54,VISIT,5386,Random,OnArrival,5,72,20587,Node_266,23,0,-2,23,-2,,,,,,,,,
54,VISIT,5388,Random,OnArrival,5,78,20587,Node_379,27,0,-2,27,-2,,,,,,,,,
54,VISIT,5389,Random,OnArrival,5,42,20587,Node_495,5,0,-5,5,-5,,,,,,,,,
54,VISIT,5390,Random,OnArrival,5,42,20587,Node_488,10,0,-4,10,-4,,,,,,,,,
54,VISIT,5392,Random,OnArrival,5,42,20587,Node_495,5,0,-5,5,-5,,,,,,,,,
54,VISIT,5394,Random,OnArrival,5,29,20587,Node_785,34,0,3,34,3,,,,,,,,,
54,VISIT,5395,Random,OnArrival,5,27,20587,Node_412,34,0,11,34,11,,,,,,,,,
54,VISIT,5396,Random,OnArrival,5,25,20587,Node_412,34,0,11,34,11,,,,,,,,,
54,VISIT,5397,Random,OnArrival,5,3,20588,Node_3,19,0,9,19,9,,,,,,,,,
54,VISIT,5398,Random,OnArrival,5,3,20588,Node_50,21,0,7,21,7,,,,,,,,,
54,VISIT,5399,Random,OnArrival,5,3,20588,Node_3,19,0,9,19,9,,,,,,,,,
54,VISIT,5400,Random,OnArrival,5,3,20588,Node_93,23,0,9,23,9,,,,,,,,,
54,VISIT,5378,Random,OnArrival,5,136,20592,Node_523,24,0,-2,24,-2,,,,,,,,,
54,VISIT,5381,Random,OnArrival,5,114,20592,Node_532,26,0,-2,26,-2,,,,,,,,,
54,VISIT,5382,Random,OnArrival,5,97,20592,Node_392,22,0,0,22,0,,,,,,,,,
54,VISIT,5383,Random,OnArrival,5,106,20592,Node_532,26,0,-2,26,-2,,,,,,,,,
54,VISIT,5384,Random,OnArrival,5,109,20592,Node_392,22,0,0,22,0,,,,,,,,,
54,VISIT,5385,Random,OnArrival,5,78,20592,Node_523,24,0,-2,24,-2,,,,,,,,,
54,VISIT,5386,Random,OnArrival,5,73,20592,Node_523,24,0,-2,24,-2,,,,,,,,,
54,VISIT,5387,Random,OnArrival,5,78,20592,Node_532,26,0,-2,26,-2,,,,,,,,,
54,VISIT,5388,Random,OnArrival,5,79,20592,Node_378,28,0,-2,28,-2,,,,,,,,,
54,VISIT,5390,Random,OnArrival,5,43,20592,Node_236,10,0,-3,10,-3,,,,,,,,,
54,VISIT,5391,Random,OnArrival,5,40,20592,Node_489,10,0,-5,10,-5,,,,,,,,,
54,VISIT,5395,Random,OnArrival,5,28,20592,Node_788,35,0,11,35,11,,,,,,,,,
54,VISIT,5396,Random,OnArrival,5,26,20592,Node_788,35,0,11,35,11,,,,,,,,,
54,VISIT,5397,Random,OnArrival,5,4,20594,Node_48,20,0,9,20,9,,,,,,,,,
54,VISIT,5398,Random,OnArrival,5,4,20594,Node_51,21,0,6,21,6,,,,,,,,,
54,VISIT,5399,Random,OnArrival,5,4,20594,Node_48,20,0,9,20,9,,,,,,,,,
54,VISIT,5381,Random,OnArrival,5,115,20598,Node_379,27,0,-2,27,-2,,,,,,,,,
54,VISIT,5382,Random,OnArrival,5,98,20598,Node_394,22,0,-1,22,-1,,,,,,,,,
54,VISIT,5383,Random,OnArrival,5,107,20598,Node_379,27,0,-2,27,-2,,,,,,,,,
54,VISIT,5384,Random,OnArrival,5,110,20598,Node_394,22,0,-1,22,-1,,,,,,,,,
54,VISIT,5387,Random,OnArrival,5,79,20598,Node_379,27,0,-2,27,-2,,,,,,,,,
54,VISIT,5388,Random,OnArrival,5,80,20598,Node_537,29,0,-2,29,-2,,,,,,,,,
54,VISIT,5390,Random,OnArrival,5,44,20598,Node_322,11,0,-3,11,-3,,,,,,,,,
54,VISIT,5391,Random,OnArrival,5,41,20598,Node_488,10,0,-4,10,-4,,,,,,,,,
54,VISIT,5395,Random,OnArrival,5,29,20598,Node_425,35,0,10,35,10,,,,,,,,,
54,VISIT,5396,Random,OnArrival,5,27,20598,Node_425,35,0,10,35,10,,,,,,,,,
54,VISIT,5397,Random,OnArrival,5,5,20602,Node_47,21,0,9,21,9,,,,,,,,,
54,VISIT,5398,Random,OnArrival,5,5,20602,Node_52,21,0,5,21,5,,,,,,,,,
54,VISIT,5399,Random,OnArrival,5,5,20602,Node_47,21,0,9,21,9,,,,,,,,,
54,VISIT,5400,Random,OnArrival,5,4,20602,Node_246,25,0,9,25,9,,,,,,,,,
54,VISIT,5378,Random,OnArrival,5,137,20606,Node_532,26,0,-2,26,-2,,,,,,,,,
54,VISIT,5381,Random,OnArrival,5,116,20606,Node_378,28,0,-2,28,-2,,,,,,,,,
54,VISIT,5382,Random,OnArrival,5,99,20606,Node_515,22,0,-2,22,-2,,,,,,,,,
54,VISIT,5383,Random,OnArrival,5,108,20606,Node_378,28,0,-2,28,-2,,,,,,,,,
54,VISIT,5384,Random,OnArrival,5,111,20606,Node_515,22,0,-2,22,-2,,,,,,,,,
54,VISIT,5385,Random,OnArrival,5,79,20606,Node_532,26,0,-2,26,-2,,,,,,,,,
54,VISIT,5386,Random,OnArrival,5,74,20606,Node_532,26,0,-2,26,-2,,,,,,,,,
54,VISIT,5387,Random,OnArrival,5,80,20606,Node_378,28,0,-2,28,-2,,,,,,,,,
54,VISIT,5388,Random,OnArrival,5,81,20606,Node_539,29,0,-3,29,-3,,,,,,,,,
54,VISIT,5389,Random,OnArrival,5,43,20606,Node_490,8,0,-5,8,-5,,,,,,,,,
54,VISIT,5390,Random,OnArrival,5,45,20606,Node_318,12,0,-3,12,-3,,,,,,,,,
54,VISIT,5391,Random,OnArrival,5,42,20606,Node_236,10,0,-3,10,-3,,,,,,,,,
54,VISIT,5392,Random,OnArrival,5,43,20606,Node_490,8,0,-5,8,-5,,,,,,,,,
54,VISIT,5394,Random,OnArrival,5,30,20606,Node_782,34,0,4,34,4,,,,,,,,,
54,VISIT,5395,Random,OnArrival,5,30,20606,Node_414,34,0,10,34,10,,,,,,,,,
54,VISIT,5396,Random,OnArrival,5,28,20606,Node_414,34,0,10,34,10,,,,,,,,,
54,VISIT,5397,Random,OnArrival,5,6,20609,Node_57,22,0,9,22,9,,,,,,,,,
54,VISIT,5398,Random,OnArrival,5,6,20609,Node_64,22,0,5,22,5,,,,,,,,,
54,VISIT,5399,Random,OnArrival,5,6,20609,Node_57,22,0,9,22,9,,,,,,,,,
54,VISIT,5400,Random,OnArrival,5,5,20609,Node_248,25,0,8,25,8,,,,,,,,,
54,VISIT,5378,Random,OnArrival,5,138,20612,Node_379,27,0,-2,27,-2,,,,,,,,,
54,VISIT,5381,Random,OnArrival,5,117,20612,Node_537,29,0,-2,29,-2,,,,,,,,,
54,VISIT,5382,Random,OnArrival,5,100,20612,Node_266,23,0,-2,23,-2,,,,,,,,,
54,VISIT,5383,Random,OnArrival,5,109,20612,Node_537,29,0,-2,29,-2,,,,,,,,,
54,VISIT,5384,Random,OnArrival,5,112,20612,Node_266,23,0,-2,23,-2,,,,,,,,,
54,VISIT,5385,Random,OnArrival,5,80,20612,Node_379,27,0,-2,27,-2,,,,,,,,,
54,VISIT,5386,Random,OnArrival,5,75,20612,Node_379,27,0,-2,27,-2,,,,,,,,,
54,VISIT,5387,Random,OnArrival,5,81,20612,Node_537,29,0,-2,29,-2,,,,,,,,,
54,VISIT,5388,Random,OnArrival,5,82,20612,Node_540,29,0,-4,29,-4,,,,,,,,,
54,VISIT,5391,Random,OnArrival,5,43,20612,Node_322,11,0,-3,11,-3,,,,,,,,,
54,VISIT,5394,Random,OnArrival,5,31,20612,Node_793,35,0,4,35,4,,,,,,,,,
54,VISIT,5395,Random,OnArrival,5,31,20612,Node_425,35,0,10,35,10,,,,,,,,,
54,VISIT,5396,Random,OnArrival,5,29,20612,Node_415,34,0,9,34,9,,,,,,,,,
54,VISIT,5397,Random,OnArrival,5,7,20616,Node_93,23,0,9,23,9,,,,,,,,,
54,VISIT,5398,Random,OnArrival,5,7,20616,Node_247,23,0,5,23,5,,,,,,,,,
54,VISIT,5399,Random,OnArrival,5,7,20616,Node_93,23,0,9,23,9,,,,,,,,,
54,VISIT,5400,Random,OnArrival,5,6,20616,Node_250,25,0,7,25,7,,,,,,,,,
54,VISIT,5378,Random,OnArrival,5,139,20620,Node_378,28,0,-2,28,-2,,,,,,,,,
54,VISIT,5381,Random,OnArrival,5,118,20620,Node_539,29,0,-3,29,-3,,,,,,,,,
54,VISIT,5382,Random,OnArrival,5,101,20620,Node_523,24,0,-2,24,-2,,,,,,,,,
54,VISIT,5383,Random,OnArrival,5,110,20620,Node_539,29,0,-3,29,-3,,,,,,,,,
54,VISIT,5384,Random,OnArrival,5,113,20620,Node_523,24,0,-2,24,-2,,,,,,,,,
54,VISIT,5385,Random,OnArrival,5,81,20620,Node_378,28,0,-2,28,-2,,,,,,,,,
54,VISIT,5386,Random,OnArrival,5,76,20620,Node_378,28,0,-2,28,-2,,,,,,,,,
54,VISIT,5387,Random,OnArrival,5,82,20620,Node_539,29,0,-3,29,-3,,,,,,,,,
54,VISIT,5388,Random,OnArrival,5,83,20620,Node_544,30,0,-4,30,-4,,,,,,,,,
54,VISIT,5389,Random,OnArrival,5,44,20620,Node_489,10,0,-5,10,-5,,,,,,,,,
54,VISIT,5390,Random,OnArrival,5,46,20620,Node_306,14,0,-3,14,-3,,,,,,,,,
54,VISIT,5391,Random,OnArrival,5,44,20620,Node_318,12,0,-3,12,-3,,,,,,,,,
54,VISIT,5392,Random,OnArrival,5,44,20620,Node_489,10,0,-5,10,-5,,,,,,,,,
54,VISIT,5395,Random,OnArrival,5,32,20620,Node_784,36,0,10,36,10,,,,,,,,,
54,VISIT,5396,Random,OnArrival,5,30,20620,Node_424,35,0,9,35,9,,,,,,,,,
54,VISIT,5398,Random,OnArrival,5,8,20624,Node_249,23,0,4,23,4,,,,,,,,,
54,VISIT,5400,Random,OnArrival,5,7,20624,Node_253,25,0,6,25,6,,,,,,,,,
54,VISIT,5378,Random,OnArrival,5,140,20627,Node_537,29,0,-2,29,-2,,,,,,,,,
54,VISIT,5381,Random,OnArrival,5,119,20627,Node_540,29,0,-4,29,-4,,,,,,,,,
54,VISIT,5383,Random,OnArrival,5,111,20627,Node_540,29,0,-4,29,-4,,,,,,,,,
54,VISIT,5385,Random,OnArrival,5,82,20627,Node_537,29,0,-2,29,-2,,,,,,,,,
54,VISIT,5386,Random,OnArrival,5,77,20627,Node_537,29,0,-2,29,-2,,,,,,,,,
54,VISIT,5387,Random,OnArrival,5,83,20627,Node_540,29,0,-4,29,-4,,,,,,,,,
54,VISIT,5388,Random,OnArrival,5,84,20627,Node_546,30,0,-3,30,-3,,,,,,,,,
54,VISIT,5389,Random,OnArrival,5,45,20627,Node_488,10,0,-4,10,-4,,,,,,,,,
54,VISIT,5390,Random,OnArrival,5,47,20627,Node_304,14,0,-2,14,-2,,,,,,,,,
54,VISIT,5392,Random,OnArrival,5,45,20627,Node_488,10,0,-4,10,-4,,,,,,,,,
54,VISIT,5396,Random,OnArrival,5,31,20627,Node_781,36,0,9,36,9,,,,,,,,,
54,VISIT,5397,Random,OnArrival,5,8,20631,Node_246,25,0,9,25,9,,,,,,,,,
54,VISIT,5398,Random,OnArrival,5,9,20631,Node_251,23,0,3,23,3,,,,,,,,,
54,VISIT,5399,Random,OnArrival,5,8,20631,Node_246,25,0,9,25,9,,,,,,,,,
54,VISIT,5400,Random,OnArrival,5,8,20631,Node_256,25,0,5,25,5,,,,,,,,,
54,VISIT,5378,Random,OnArrival,5,141,20635,Node_539,29,0,-3,29,-3,,,,,,,,,
54,VISIT,5381,Random,OnArrival,5,120,20635,Node_542,29,0,-5,29,-5,,,,,,,,,
54,VISIT,5382,Random,OnArrival,5,102,20635,Node_532,26,0,-2,26,-2,,,,,,,,,
54,VISIT,5383,Random,OnArrival,5,112,20635,Node_542,29,0,-5,29,-5,,,,,,,,,
54,VISIT,5384,Random,OnArrival,5,114,20635,Node_532,26,0,-2,26,-2,,,,,,,,,
54,VISIT,5385,Random,OnArrival,5,83,20635,Node_539,29,0,-3,29,-3,,,,,,,,,
54,VISIT,5386,Random,OnArrival,5,78,20635,Node_539,29,0,-3,29,-3,,,,,,,,,
54,VISIT,5387,Random,OnArrival,5,84,20635,Node_542,29,0,-5,29,-5,,,,,,,,,
54,VISIT,5388,Random,OnArrival,5,85,20635,Node_548,30,0,-2,30,-2,,,,,,,,,
54,VISIT,5389,Random,OnArrival,5,46,20635,Node_236,10,0,-3,10,-3,,,,,,,,,
54,VISIT,5390,Random,OnArrival,5,48,20635,Node_223,15,0,-2,15,-2,,,,,,,,,
54,VISIT,5391,Random,OnArrival,5,45,20635,Node_306,14,0,-3,14,-3,,,,,,,,,
54,VISIT,5392,Random,OnArrival,5,46,20635,Node_236,10,0,-3,10,-3,,,,,,,,,
54,VISIT,5394,Random,OnArrival,5,32,20635,Node_791,35,0,3,35,3,,,,,,,,,
54,VISIT,5397,Random,OnArrival,5,9,20639,Node_248,25,0,8,25,8,,,,,,,,,
54,VISIT,5398,Random,OnArrival,5,10,20639,Node_254,23,0,2,23,2,,,,,,,,,
54,VISIT,5399,Random,OnArrival,5,9,20639,Node_248,25,0,8,25,8,,,,,,,,,
54,VISIT,5400,Random,OnArrival,5,9,20639,Node_264,26,0,5,26,5,,,,,,,,,
54,VISIT,5378,Random,OnArrival,5,142,20642,Node_540,29,0,-4,29,-4,,,,,,,,,
54,VISIT,5381,Random,OnArrival,5,121,20642,Node_543,30,0,-5,30,-5,,,,,,,,,
54,VISIT,5382,Random,OnArrival,5,103,20642,Node_379,27,0,-2,27,-2,,,,,,,,,
54,VISIT,5383,Random,OnArrival,5,113,20642,Node_543,30,0,-5,30,-5,,,,,,,,,
54,VISIT,5384,Random,OnArrival,5,115,20642,Node_379,27,0,-2,27,-2,,,,,,,,,
54,VISIT,5385,Random,OnArrival,5,84,20642,Node_540,29,0,-4,29,-4,,,,,,,,,
54,VISIT,5386,Random,OnArrival,5,79,20642,Node_540,29,0,-4,29,-4,,,,,,,,,
54,VISIT,5387,Random,OnArrival,5,85,20642,Node_543,30,0,-5,30,-5,,,,,,,,,
54,VISIT,5388,Random,OnArrival,5,86,20642,Node_549,30,0,-1,30,-1,,,,,,,,,
54,VISIT,5389,Random,OnArrival,5,47,20642,Node_322,11,0,-3,11,-3,,,,,,,,,
54,VISIT,5391,Random,OnArrival,5,46,20642,Node_304,14,0,-2,14,-2,,,,,,,,,
54,VISIT,5392,Random,OnArrival,5,47,20642,Node_322,11,0,-3,11,-3,,,,,,,,,
54,VISIT,5394,Random,OnArrival,5,33,20642,Node_793,35,0,4,35,4,,,,,,,,,
54,VISIT,5396,Random,OnArrival,5,32,20642,Node_799,37,0,10,37,10,,,,,,,,,
54,VISIT,5397,Random,OnArrival,5,10,20646,Node_250,25,0,7,25,7,,,,,,,,,
54,VISIT,5398,Random,OnArrival,5,11,20646,Node_257,23,0,1,23,1,,,,,,,,,
54,VISIT,5399,Random,OnArrival,5,10,20646,Node_250,25,0,7,25,7,,,,,,,,,
54,VISIT,5400,Random,OnArrival,5,10,20646,Node_285,27,0,5,27,5,,,,,,,,,
54,VISIT,5378,Random,OnArrival,5,143,20650,Node_542,29,0,-5,29,-5,,,,,,,,,
54,VISIT,5382,Random,OnArrival,5,104,20650,Node_378,28,0,-2,28,-2,,,,,,,,,
54,VISIT,5384,Random,OnArrival,5,116,20650,Node_378,28,0,-2,28,-2,,,,,,,,,
54,VISIT,5385,Random,OnArrival,5,85,20650,Node_542,29,0,-5,29,-5,,,,,,,,,
54,VISIT,5386,Random,OnArrival,5,80,20650,Node_542,29,0,-5,29,-5,,,,,,,,,
54,VISIT,5388,Random,OnArrival,5,87,20650,Node_552,31,0,-1,31,-1,,,,,,,,,
54,VISIT,5389,Random,OnArrival,5,48,20650,Node_318,12,0,-3,12,-3,,,,,,,,,
54,VISIT,5390,Random,OnArrival,5,49,20650,Node_433,17,0,-2,17,-2,,,,,,,,,
54,VISIT,5391,Random,OnArrival,5,47,20650,Node_223,15,0,-2,15,-2,,,,,,,,,
54,VISIT,5392,Random,OnArrival,5,48,20650,Node_318,12,0,-3,12,-3,,,,,,,,,
54,VISIT,5394,Random,OnArrival,5,34,20650,Node_797,36,0,4,36,4,,,,,,,,,
54,VISIT,5396,Random,OnArrival,5,33,20650,Node_801,37,0,9,37,9,,,,,,,,,
54,VISIT,5397,Random,OnArrival,5,11,20654,Node_253,25,0,6,25,6,,,,,,,,,
54,VISIT,5398,Random,OnArrival,5,12,20654,Node_260,23,0,0,23,0,,,,,,,,,
54,VISIT,5399,Random,OnArrival,5,11,20654,Node_253,25,0,6,25,6,,,,,,,,,
54,VISIT,5400,Random,OnArrival,5,11,20654,Node_370,28,0,5,28,5,,,,,,,,,
54,VISIT,5378,Random,OnArrival,5,144,20658,Node_543,30,0,-5,30,-5,,,,,,,,,
54,VISIT,5382,Random,OnArrival,5,105,20658,Node_537,29,0,-2,29,-2,,,,,,,,,
54,VISIT,5384,Random,OnArrival,5,117,20658,Node_537,29,0,-2,29,-2,,,,,,,,,
54,VISIT,5385,Random,OnArrival,5,86,20658,Node_543,30,0,-5,30,-5,,,,,,,,,
54,VISIT,5386,Random,OnArrival,5,81,20658,Node_543,30,0,-5,30,-5,,,,,,,,,
54,VISIT,5388,Random,OnArrival,5,88,20658,Node_554,31,0,0,31,0,,,,,,,,,
54,VISIT,5390,Random,OnArrival,5,50,20658,Node_432,17,0,-1,17,-1,,,,,,,,,
54,VISIT,5397,Random,OnArrival,5,12,20664,Node_256,25,0,5,25,5,,,,,,,,,
54,VISIT,5398,Random,OnArrival,5,13,20664,Node_263,23,0,-1,23,-1,,,,,,,,,
54,VISIT,5399,Random,OnArrival,5,12,20664,Node_256,25,0,5,25,5,,,,,,,,,
54,VISIT,5382,Random,OnArrival,5,106,20669,Node_539,29,0,-3,29,-3,,,,,,,,,
54,VISIT,5384,Random,OnArrival,5,118,20669,Node_539,29,0,-3,29,-3,,,,,,,,,
54,VISIT,5388,Random,OnArrival,5,89,20669,Node_559,32,0,0,32,0,,,,,,,,,
54,VISIT,5389,Random,OnArrival,5,49,20669,Node_306,14,0,-3,14,-3,,,,,,,,,
54,VISIT,5390,Random,OnArrival,5,51,20669,Node_431,17,0,0,17,0,,,,,,,,,
54,VISIT,5391,Random,OnArrival,5,48,20669,Node_433,17,0,-2,17,-2,,,,,,,,,
54,VISIT,5392,Random,OnArrival,5,49,20669,Node_306,14,0,-3,14,-3,,,,,,,,,
54,VISIT,5397,Random,OnArrival,5,13,20673,Node_264,26,0,5,26,5,,,,,,,,,
54,VISIT,5398,Random,OnArrival,5,14,20673,Node_266,23,0,-2,23,-2,,,,,,,,,
54,VISIT,5399,Random,OnArrival,5,13,20673,Node_264,26,0,5,26,5,,,,,,,,,
54,VISIT,5400,Random,OnArrival,5,12,20673,Node_371,28,0,3,28,3,,,,,,,,,
54,VISIT,5382,Random,OnArrival,5,107,20677,Node_540,29,0,-4,29,-4,,,,,,,,,
54,VISIT,5384,Random,OnArrival,5,119,20677,Node_540,29,0,-4,29,-4,,,,,,,,,
54,VISIT,5389,Random,OnArrival,5,50,20677,Node_304,14,0,-2,14,-2,,,,,,,,,
54,VISIT,5390,Random,OnArrival,5,52,20677,Node_426,18,0,0,18,0,,,,,,,,,
54,VISIT,5391,Random,OnArrival,5,49,20677,Node_432,17,0,-1,17,-1,,,,,,,,,
54,VISIT,5392,Random,OnArrival,5,50,20677,Node_304,14,0,-2,14,-2,,,,,,,,,
54,VISIT,5397,Random,OnArrival,5,14,20681,Node_285,27,0,5,27,5,,,,,,,,,
54,VISIT,5398,Random,OnArrival,5,15,20681,Node_523,24,0,-2,24,-2,,,,,,,,,
54,VISIT,5399,Random,OnArrival,5,14,20681,Node_285,27,0,5,27,5,,,,,,,,,
54,VISIT,5400,Random,OnArrival,5,13,20681,Node_417,29,0,3,29,3,,,,,,,,,
54,VISIT,5378,Random,OnArrival,5,145,20686,Node_807,33,0,-5,33,-5,,,,,,,,,
54,VISIT,5382,Random,OnArrival,5,108,20686,Node_542,29,0,-5,29,-5,,,,,,,,,
54,VISIT,5384,Random,OnArrival,5,120,20686,Node_542,29,0,-5,29,-5,,,,,,,,,
54,VISIT,5385,Random,OnArrival,5,87,20686,Node_807,33,0,-5,33,-5,,,,,,,,,
54,VISIT,5386,Random,OnArrival,5,82,20686,Node_807,33,0,-5,33,-5,,,,,,,,,
54,VISIT,5388,Random,OnArrival,5,90,20686,Node_783,33,0,1,33,1,,,,,,,,,
54,VISIT,5389,Random,OnArrival,5,51,20686,Node_223,15,0,-2,15,-2,,,,,,,,,
54,VISIT,5390,Random,OnArrival,5,53,20686,Node_131,19,0,0,19,0,,,,,,,,,
54,VISIT,5391,Random,OnArrival,5,50,20686,Node_431,17,0,0,17,0,,,,,,,,,
54,VISIT,5392,Random,OnArrival,5,51,20686,Node_223,15,0,-2,15,-2,,,,,,,,,
54,VISIT,5394,Random,OnArrival,5,35,20686,Node_810,37,0,7,37,7,,,,,,,,,
54,VISIT,5397,Random,OnArrival,5,15,20690,Node_370,28,0,5,28,5,,,,,,,,,
54,VISIT,5399,Random,OnArrival,5,15,20690,Node_370,28,0,5,28,5,,,,,,,,,
54,VISIT,5382,Random,OnArrival,5,109,20696,Node_543,30,0,-5,30,-5,,,,,,,,,
54,VISIT,5384,Random,OnArrival,5,121,20696,Node_543,30,0,-5,30,-5,,,,,,,,,
54,VISIT,5388,Random,OnArrival,5,91,20696,Node_789,34,0,1,34,1,,,,,,,,,
54,VISIT,5391,Random,OnArrival,5,51,20696,Node_426,18,0,0,18,0,,,,,,,,,
54,VISIT,5398,Random,OnArrival,5,16,20703,Node_532,26,0,-2,26,-2,,,,,,,,,
54,VISIT,5378,Random,OnArrival,5,146,20709,Node_796,34,0,-4,34,-4,,,,,,,,,
54,VISIT,5385,Random,OnArrival,5,88,20709,Node_796,34,0,-4,34,-4,,,,,,,,,
54,VISIT,5386,Random,OnArrival,5,83,20709,Node_796,34,0,-4,34,-4,,,,,,,,,
54,VISIT,5388,Random,OnArrival,5,92,20709,Node_790,34,0,0,34,0,,,,,,,,,
54,VISIT,5389,Random,OnArrival,5,52,20709,Node_433,17,0,-2,17,-2,,,,,,,,,
54,VISIT,5391,Random,OnArrival,5,52,20709,Node_131,19,0,0,19,0,,,,,,,,,
54,VISIT,5392,Random,OnArrival,5,52,20709,Node_433,17,0,-2,17,-2,,,,,,,,,
54,VISIT,5397,Random,OnArrival,5,16,20714,Node_371,28,0,3,28,3,,,,,,,,,
54,VISIT,5398,Random,OnArrival,5,17,20714,Node_379,27,0,-2,27,-2,,,,,,,,,
54,VISIT,5399,Random,OnArrival,5,16,20714,Node_371,28,0,3,28,3,,,,,,,,,
54,VISIT,5400,Random,OnArrival,5,14,20714,Node_413,32,0,3,32,3,,,,,,,,,
54,VISIT,5378,Random,OnArrival,5,147,20719,Node_811,33,0,-4,33,-4,,,,,,,,,
54,VISIT,5381,Random,OnArrival,5,122,20719,Node_812,33,0,0,33,0,,,,,,,,,
54,VISIT,5383,Random,OnArrival,5,114,20719,Node_812,33,0,0,33,0,,,,,,,,,
54,VISIT,5385,Random,OnArrival,5,89,20719,Node_811,33,0,-4,33,-4,,,,,,,,,
54,VISIT,5386,Random,OnArrival,5,84,20719,Node_811,33,0,-4,33,-4,,,,,,,,,
54,VISIT,5387,Random,OnArrival,5,86,20719,Node_812,33,0,0,33,0,,,,,,,,,
54,VISIT,5388,Random,OnArrival,5,93,20719,Node_812,33,0,0,33,0,,,,,,,,,
54,VISIT,5389,Random,OnArrival,5,53,20719,Node_432,17,0,-1,17,-1,,,,,,,,,
54,VISIT,5390,Random,OnArrival,5,54,20719,Node_392,22,0,0,22,0,,,,,,,,,
54,VISIT,5392,Random,OnArrival,5,53,20719,Node_432,17,0,-1,17,-1,,,,,,,,,
54,VISIT,5396,Random,OnArrival,5,34,20719,Node_806,37,0,8,37,8,,,,,,,,,
54,VISIT,5397,Random,OnArrival,5,17,20724,Node_417,29,0,3,29,3,,,,,,,,,
54,VISIT,5398,Random,OnArrival,5,18,20724,Node_378,28,0,-2,28,-2,,,,,,,,,
54,VISIT,5399,Random,OnArrival,5,17,20724,Node_417,29,0,3,29,3,,,,,,,,,
54,VISIT,5400,Random,OnArrival,5,15,20724,Node_428,33,0,3,33,3,,,,,,,,,
54,VISIT,5378,Random,OnArrival,5,148,20730,Node_815,33,0,-3,33,-3,,,,,,,,,
54,VISIT,5381,Random,OnArrival,5,123,20730,Node_790,34,0,0,34,0,,,,,,,,,
54,VISIT,5382,Random,OnArrival,5,110,20730,Node_807,33,0,-5,33,-5,,,,,,,,,
54,VISIT,5383,Random,OnArrival,5,115,20730,Node_790,34,0,0,34,0,,,,,,,,,
54,VISIT,5384,Random,OnArrival,5,122,20730,Node_807,33,0,-5,33,-5,,,,,,,,,
54,VISIT,5385,Random,OnArrival,5,90,20730,Node_796,34,0,-4,34,-4,,,,,,,,,
54,VISIT,5386,Random,OnArrival,5,85,20730,Node_796,34,0,-4,34,-4,,,,,,,,,
54,VISIT,5387,Random,OnArrival,5,87,20730,Node_790,34,0,0,34,0,,,,,,,,,
54,VISIT,5388,Random,OnArrival,5,94,20730,Node_820,33,0,-1,33,-1,,,,,,,,,
54,VISIT,5389,Random,OnArrival,5,54,20730,Node_431,17,0,0,17,0,,,,,,,,,
54,VISIT,5390,Random,OnArrival,5,55,20730,Node_394,22,0,-1,22,-1,,,,,,,,,
54,VISIT,5392,Random,OnArrival,5,54,20730,Node_431,17,0,0,17,0,,,,,,,,,
54,VISIT,5396,Random,OnArrival,5,35,20730,Node_810,37,0,7,37,7,,,,,,,,,
54,VISIT,5398,Random,OnArrival,5,19,20736,Node_537,29,0,-2,29,-2,,,,,,,,,
54,VISIT,5400,Random,OnArrival,5,16,20736,Node_786,33,0,2,33,2,,,,,,,,,
54,VISIT,5378,Random,OnArrival,5,149,20742,Node_795,34,0,-3,34,-3,,,,,,,,,
54,VISIT,5382,Random,OnArrival,5,111,20742,Node_811,33,0,-4,33,-4,,,,,,,,,
54,VISIT,5384,Random,OnArrival,5,123,20742,Node_811,33,0,-4,33,-4,,,,,,,,,
54,VISIT,5388,Random,OnArrival,5,95,20742,Node_792,34,0,-1,34,-1,,,,,,,,,
54,VISIT,5389,Random,OnArrival,5,55,20742,Node_426,18,0,0,18,0,,,,,,,,,
54,VISIT,5390,Random,OnArrival,5,56,20742,Node_515,22,0,-2,22,-2,,,,,,,,,
54,VISIT,5391,Random,OnArrival,5,53,20742,Node_392,22,0,0,22,0,,,,,,,,,
54,VISIT,5392,Random,OnArrival,5,55,20742,Node_426,18,0,0,18,0,,,,,,,,,
54,VISIT,5396,Random,OnArrival,5,36,20742,Node_813,37,0,6,37,6,,,,,,,,,
54,VISIT,5398,Random,OnArrival,5,20,20747,Node_539,29,0,-3,29,-3,,,,,,,,,
54,VISIT,5400,Random,OnArrival,5,17,20747,Node_787,34,0,2,34,2,,,,,,,,,
54,VISIT,5378,Random,OnArrival,5,150,20753,Node_794,34,0,-2,34,-2,,,,,,,,,
54,VISIT,5382,Random,OnArrival,5,112,20753,Node_815,33,0,-3,33,-3,,,,,,,,,
54,VISIT,5384,Random,OnArrival,5,124,20753,Node_815,33,0,-3,33,-3,,,,,,,,,
54,VISIT,5389,Random,OnArrival,5,56,20753,Node_131,19,0,0,19,0,,,,,,,,,
54,VISIT,5390,Random,OnArrival,5,57,20753,Node_266,23,0,-2,23,-2,,,,,,,,,
54,VISIT,5391,Random,OnArrival,5,54,20753,Node_394,22,0,-1,22,-1,,,,,,,,,
54,VISIT,5392,Random,OnArrival,5,56,20753,Node_131,19,0,0,19,0,,,,,,,,,
54,VISIT,5396,Random,OnArrival,5,37,20753,Node_808,37,0,5,37,5,,,,,,,,,
54,VISIT,5397,Random,OnArrival,5,18,20759,Node_413,32,0,3,32,3,,,,,,,,,
54,VISIT,5398,Random,OnArrival,5,21,20759,Node_540,29,0,-4,29,-4,,,,,,,,,
54,VISIT,5399,Random,OnArrival,5,18,20759,Node_413,32,0,3,32,3,,,,,,,,,
54,VISIT,5400,Random,OnArrival,5,18,20759,Node_785,34,0,3,34,3,,,,,,,,,
54,VISIT,5378,Random,OnArrival,5,151,20764,Node_818,33,0,-2,33,-2,,,,,,,,,
54,VISIT,5381,Random,OnArrival,5,124,20764,Node_792,34,0,-1,34,-1,,,,,,,,,
54,VISIT,5382,Random,OnArrival,5,113,20764,Node_795,34,0,-3,34,-3,,,,,,,,,
54,VISIT,5383,Random,OnArrival,5,116,20764,Node_792,34,0,-1,34,-1,,,,,,,,,
54,VISIT,5384,Random,OnArrival,5,125,20764,Node_818,33,0,-2,33,-2,,,,,,,,,
54,VISIT,5385,Random,OnArrival,5,91,20764,Node_817,34,0,-5,34,-5,,,,,,,,,
54,VISIT,5386,Random,OnArrival,5,86,20764,Node_817,34,0,-5,34,-5,,,,,,,,,
54,VISIT,5387,Random,OnArrival,5,88,20764,Node_792,34,0,-1,34,-1,,,,,,,,,
54,VISIT,5388,Random,OnArrival,5,96,20764,Node_792,34,0,-1,34,-1,,,,,,,,,
54,VISIT,5390,Random,OnArrival,5,58,20764,Node_523,24,0,-2,24,-2,,,,,,,,,
54,VISIT,5391,Random,OnArrival,5,55,20764,Node_515,22,0,-2,22,-2,,,,,,,,,
54,VISIT,5397,Random,OnArrival,5,19,20772,Node_428,33,0,3,33,3,,,,,,,,,
54,VISIT,5398,Random,OnArrival,5,22,20772,Node_542,29,0,-5,29,-5,,,,,,,,,
54,VISIT,5399,Random,OnArrival,5,19,20772,Node_428,33,0,3,33,3,,,,,,,,,
54,VISIT,5400,Random,OnArrival,5,19,20772,Node_791,35,0,3,35,3,,,,,,,,,
54,VISIT,5378,Random,OnArrival,5,152,20777,Node_815,33,0,-3,33,-3,,,,,,,,,
54,VISIT,5381,Random,OnArrival,5,125,20777,Node_794,34,0,-2,34,-2,,,,,,,,,
54,VISIT,5382,Random,OnArrival,5,114,20777,Node_794,34,0,-2,34,-2,,,,,,,,,
54,VISIT,5383,Random,OnArrival,5,117,20777,Node_790,34,0,0,34,0,,,,,,,,,
54,VISIT,5384,Random,OnArrival,5,126,20777,Node_820,33,0,-1,33,-1,,,,,,,,,
54,VISIT,5385,Random,OnArrival,5,92,20777,Node_796,34,0,-4,34,-4,,,,,,,,,
54,VISIT,5386,Random,OnArrival,5,87,20777,Node_825,35,0,-5,35,-5,,,,,,,,,
54,VISIT,5387,Random,OnArrival,5,89,20777,Node_794,34,0,-2,34,-2,,,,,,,,,
54,VISIT,5388,Random,OnArrival,5,97,20777,Node_794,34,0,-2,34,-2,,,,,,,,,
54,VISIT,5391,Random,OnArrival,5,56,20777,Node_266,23,0,-2,23,-2,,,,,,,,,
54,VISIT,5396,Random,OnArrival,5,38,20777,Node_816,38,0,6,38,6,,,,,,,,,
54,VISIT,5397,Random,OnArrival,5,20,20786,Node_786,33,0,2,33,2,,,,,,,,,
54,VISIT,5398,Random,OnArrival,5,23,20786,Node_543,30,0,-5,30,-5,,,,,,,,,
54,VISIT,5399,Random,OnArrival,5,20,20786,Node_786,33,0,2,33,2,,,,,,,,,
54,VISIT,5400,Random,OnArrival,5,20,20786,Node_798,36,0,3,36,3,,,,,,,,,
54,VISIT,5378,Random,OnArrival,5,153,20791,Node_811,33,0,-4,33,-4,,,,,,,,,
54,VISIT,5381,Random,OnArrival,5,126,20791,Node_795,34,0,-3,34,-3,,,,,,,,,
54,VISIT,5382,Random,OnArrival,5,115,20791,Node_795,34,0,-3,34,-3,,,,,,,,,
54,VISIT,5383,Random,OnArrival,5,118,20791,Node_822,35,0,0,35,0,,,,,,,,,
54,VISIT,5384,Random,OnArrival,5,127,20791,Node_792,34,0,-1,34,-1,,,,,,,,,
54,VISIT,5385,Random,OnArrival,5,93,20791,Node_823,35,0,-4,35,-4,,,,,,,,,
54,VISIT,5387,Random,OnArrival,5,90,20791,Node_795,34,0,-3,34,-3,,,,,,,,,
54,VISIT,5388,Random,OnArrival,5,98,20791,Node_818,33,0,-2,33,-2,,,,,,,,,
54,VISIT,5389,Random,OnArrival,5,57,20791,Node_392,22,0,0,22,0,,,,,,,,,
54,VISIT,5390,Random,OnArrival,5,59,20791,Node_532,26,0,-2,26,-2,,,,,,,,,
54,VISIT,5391,Random,OnArrival,5,57,20791,Node_523,24,0,-2,24,-2,,,,,,,,,
54,VISIT,5392,Random,OnArrival,5,57,20791,Node_392,22,0,0,22,0,,,,,,,,,
54,VISIT,5396,Random,OnArrival,5,39,20791,Node_813,37,0,6,37,6,,,,,,,,,
54,VISIT,5397,Random,OnArrival,5,21,20798,Node_428,33,0,3,33,3,,,,,,,,,
54,VISIT,5399,Random,OnArrival,5,21,20798,Node_428,33,0,3,33,3,,,,,,,,,
54,VISIT,5378,Random,OnArrival,5,154,20803,Node_796,34,0,-4,34,-4,,,,,,,,,
54,VISIT,5381,Random,OnArrival,5,127,20803,Node_796,34,0,-4,34,-4,,,,,,,,,
54,VISIT,5382,Random,OnArrival,5,116,20803,Node_796,34,0,-4,34,-4,,,,,,,,,
54,VISIT,5384,Random,OnArrival,5,128,20803,Node_794,34,0,-2,34,-2,,,,,,,,,
54,VISIT,5387,Random,OnArrival,5,91,20803,Node_796,34,0,-4,34,-4,,,,,,,,,
54,VISIT,5388,Random,OnArrival,5,99,20803,Node_815,33,0,-3,33,-3,,,,,,,,,
54,VISIT,5389,Random,OnArrival,5,58,20803,Node_394,22,0,-1,22,-1,,,,,,,,,
54,VISIT,5390,Random,OnArrival,5,60,20803,Node_379,27,0,-2,27,-2,,,,,,,,,
54,VISIT,5392,Random,OnArrival,5,58,20803,Node_394,22,0,-1,22,-1,,,,,,,,,
54,VISIT,5396,Random,OnArrival,5,40,20803,Node_810,37,0,7,37,7,,,,,,,,,
54,VISIT,5397,Random,OnArrival,5,22,20810,Node_785,34,0,3,34,3,,,,,,,,,
54,VISIT,5399,Random,OnArrival,5,22,20810,Node_429,33,0,4,33,4,,,,,,,,,
54,VISIT,5400,Random,OnArrival,5,21,20810,Node_804,37,0,4,37,4,,,,,,,,,
54,VISIT,5378,Random,OnArrival,5,155,20816,Node_823,35,0,-4,35,-4,,,,,,,,,
54,VISIT,5381,Random,OnArrival,5,128,20816,Node_817,34,0,-5,34,-5,,,,,,,,,
54,VISIT,5382,Random,OnArrival,5,117,20816,Node_823,35,0,-4,35,-4,,,,,,,,,
54,VISIT,5384,Random,OnArrival,5,129,20816,Node_795,34,0,-3,34,-3,,,,,,,,,
54,VISIT,5385,Random,OnArrival,5,94,20816,Node_827,36,0,-5,36,-5,,,,,,,,,
54,VISIT,5387,Random,OnArrival,5,92,20816,Node_823,35,0,-4,35,-4,,,,,,,,,
54,VISIT,5388,Random,OnArrival,5,100,20816,Node_811,33,0,-4,33,-4,,,,,,,,,
54,VISIT,5389,Random,OnArrival,5,59,20816,Node_515,22,0,-2,22,-2,,,,,,,,,
54,VISIT,5390,Random,OnArrival,5,61,20816,Node_378,28,0,-2,28,-2,,,,,,,,,
54,VISIT,5391,Random,OnArrival,5,58,20816,Node_532,26,0,-2,26,-2,,,,,,,,,
54,VISIT,5392,Random,OnArrival,5,59,20816,Node_515,22,0,-2,22,-2,,,,,,,,,
54,VISIT,5396,Random,OnArrival,5,41,20816,Node_806,37,0,8,37,8,,,,,,,,,
54,VISIT,5397,Random,OnArrival,5,23,20823,Node_791,35,0,3,35,3,,,,,,,,,
54,VISIT,5398,Random,OnArrival,5,24,20823,Node_807,33,0,-5,33,-5,,,,,,,,,
54,VISIT,5399,Random,OnArrival,5,23,20823,Node_782,34,0,4,34,4,,,,,,,,,
54,VISIT,5400,Random,OnArrival,5,22,20823,Node_828,37,0,3,37,3,,,,,,,,,
54,VISIT,5378,Random,OnArrival,5,156,20829,Node_829,36,0,-4,36,-4,,,,,,,,,
54,VISIT,5381,Random,OnArrival,5,129,20829,Node_825,35,0,-5,35,-5,,,,,,,,,
54,VISIT,5382,Random,OnArrival,5,118,20829,Node_796,34,0,-4,34,-4,,,,,,,,,
54,VISIT,5384,Random,OnArrival,5,130,20829,Node_796,34,0,-4,34,-4,,,,,,,,,
54,VISIT,5387,Random,OnArrival,5,93,20829,Node_825,35,0,-5,35,-5,,,,,,,,,
54,VISIT,5388,Random,OnArrival,5,101,20829,Node_807,33,0,-5,33,-5,,,,,,,,,
54,VISIT,5389,Random,OnArrival,5,60,20829,Node_266,23,0,-2,23,-2,,,,,,,,,
54,VISIT,5390,Random,OnArrival,5,62,20829,Node_537,29,0,-2,29,-2,,,,,,,,,
54,VISIT,5391,Random,OnArrival,5,59,20829,Node_379,27,0,-2,27,-2,,,,,,,,,
54,VISIT,5392,Random,OnArrival,5,60,20829,Node_266,23,0,-2,23,-2,,,,,,,,,
54,VISIT,5396,Random,OnArrival,5,42,20829,Node_801,37,0,9,37,9,,,,,,,,,
54,VISIT,5397,Random,OnArrival,5,24,20836,Node_798,36,0,3,36,3,,,,,,,,,
54,VISIT,5398,Random,OnArrival,5,25,20836,Node_817,34,0,-5,34,-5,,,,,,,,,
54,VISIT,5399,Random,OnArrival,5,24,20836,Node_793,35,0,4,35,4,,,,,,,,,
54,VISIT,5378,Random,OnArrival,5,157,20841,Node_827,36,0,-5,36,-5,,,,,,,,,
54,VISIT,5381,Random,OnArrival,5,130,20841,Node_823,35,0,-4,35,-4,,,,,,,,,
54,VISIT,5382,Random,OnArrival,5,119,20841,Node_795,34,0,-3,34,-3,,,,,,,,,
54,VISIT,5383,Random,OnArrival,5,119,20841,Node_835,37,0,2,37,2,,,,,,,,,
54,VISIT,5384,Random,OnArrival,5,131,20841,Node_817,34,0,-5,34,-5,,,,,,,,,
54,VISIT,5385,Random,OnArrival,5,95,20841,Node_831,37,0,-4,37,-4,,,,,,,,,
54,VISIT,5387,Random,OnArrival,5,94,20841,Node_827,36,0,-5,36,-5,,,,,,,,,
54,VISIT,5388,Random,OnArrival,5,102,20841,Node_817,34,0,-5,34,-5,,,,,,,,,
54,VISIT,5389,Random,OnArrival,5,61,20841,Node_523,24,0,-2,24,-2,,,,,,,,,
54,VISIT,5390,Random,OnArrival,5,63,20841,Node_539,29,0,-3,29,-3,,,,,,,,,
54,VISIT,5391,Random,OnArrival,5,60,20841,Node_378,28,0,-2,28,-2,,,,,,,,,
54,VISIT,5392,Random,OnArrival,5,61,20841,Node_523,24,0,-2,24,-2,,,,,,,,,
54,VISIT,5396,Random,OnArrival,5,43,20841,Node_799,37,0,10,37,10,,,,,,,,,
54,VISIT,5397,Random,OnArrival,5,25,20849,Node_797,36,0,4,36,4,,,,,,,,,
54,VISIT,5398,Random,OnArrival,5,26,20849,Node_796,34,0,-4,34,-4,,,,,,,,,
54,VISIT,5399,Random,OnArrival,5,25,20849,Node_797,36,0,4,36,4,,,,,,,,,
54,VISIT,5400,Random,OnArrival,5,23,20849,Node_832,37,0,1,37,1,,,,,,,,,
54,VISIT,5378,Random,OnArrival,5,158,20854,Node_829,36,0,-4,36,-4,,,,,,,,,
54,VISIT,5381,Random,OnArrival,5,131,20854,Node_829,36,0,-4,36,-4,,,,,,,,,
54,VISIT,5382,Random,OnArrival,5,120,20854,Node_794,34,0,-2,34,-2,,,,,,,,,
54,VISIT,5384,Random,OnArrival,5,132,20854,Node_825,35,0,-5,35,-5,,,,,,,,,
54,VISIT,5387,Random,OnArrival,5,95,20854,Node_833,37,0,-5,37,-5,,,,,,,,,
54,VISIT,5388,Random,OnArrival,5,103,20854,Node_825,35,0,-5,35,-5,,,,,,,,,
54,VISIT,5390,Random,OnArrival,5,64,20854,Node_540,29,0,-4,29,-4,,,,,,,,,
54,VISIT,5391,Random,OnArrival,5,61,20854,Node_537,29,0,-2,29,-2,,,,,,,,,
54,VISIT,5396,Random,OnArrival,5,44,20854,Node_800,37,0,11,37,11,,,,,,,,,
54,VISIT,5397,Random,OnArrival,5,26,20862,Node_804,37,0,4,37,4,,,,,,,,,
54,VISIT,5398,Random,OnArrival,5,27,20862,Node_823,35,0,-4,35,-4,,,,,,,,,
54,VISIT,5399,Random,OnArrival,5,26,20862,Node_804,37,0,4,37,4,,,,,,,,,
54,VISIT,5378,Random,OnArrival,5,159,20868,Node_831,37,0,-4,37,-4,,,,,,,,,
54,VISIT,5381,Random,OnArrival,5,132,20868,Node_831,37,0,-4,37,-4,,,,,,,,,
54,VISIT,5382,Random,OnArrival,5,121,20868,Node_792,34,0,-1,34,-1,,,,,,,,,
54,VISIT,5384,Random,OnArrival,5,133,20868,Node_823,35,0,-4,35,-4,,,,,,,,,
54,VISIT,5386,Random,OnArrival,5,88,20868,Node_830,37,0,0,37,0,,,,,,,,,
54,VISIT,5388,Random,OnArrival,5,104,20868,Node_827,36,0,-5,36,-5,,,,,,,,,
54,VISIT,5389,Random,OnArrival,5,62,20868,Node_532,26,0,-2,26,-2,,,,,,,,,
54,VISIT,5390,Random,OnArrival,5,65,20868,Node_542,29,0,-5,29,-5,,,,,,,,,
54,VISIT,5391,Random,OnArrival,5,62,20868,Node_539,29,0,-3,29,-3,,,,,,,,,
54,VISIT,5392,Random,OnArrival,5,62,20868,Node_532,26,0,-2,26,-2,,,,,,,,,
54,VISIT,5397,Random,OnArrival,5,27,20875,Node_808,37,0,5,37,5,,,,,,,,,
54,VISIT,5398,Random,OnArrival,5,28,20875,Node_829,36,0,-4,36,-4,,,,,,,,,
54,VISIT,5399,Random,OnArrival,5,27,20875,Node_828,37,0,3,37,3,,,,,,,,,
54,VISIT,5400,Random,OnArrival,5,24,20875,Node_837,38,0,2,38,2,,,,,,,,,
54,VISIT,5378,Random,OnArrival,5,160,20881,Node_834,37,0,-3,37,-3,,,,,,,,,
54,VISIT,5381,Random,OnArrival,5,133,20881,Node_834,37,0,-3,37,-3,,,,,,,,,
54,VISIT,5382,Random,OnArrival,5,122,20881,Node_790,34,0,0,34,0,,,,,,,,,
54,VISIT,5383,Random,OnArrival,5,120,20881,Node_828,37,0,3,37,3,,,,,,,,,
54,VISIT,5384,Random,OnArrival,5,134,20881,Node_829,36,0,-4,36,-4,,,,,,,,,
54,VISIT,5387,Random,OnArrival,5,96,20881,Node_838,38,0,-4,38,-4,,,,,,,,,
54,VISIT,5388,Random,OnArrival,5,105,20881,Node_829,36,0,-4,36,-4,,,,,,,,,
54,VISIT,5389,Random,OnArrival,5,63,20881,Node_379,27,0,-2,27,-2,,,,,,,,,
54,VISIT,5390,Random,OnArrival,5,66,20881,Node_543,30,0,-5,30,-5,,,,,,,,,
54,VISIT,5391,Random,OnArrival,5,63,20881,Node_540,29,0,-4,29,-4,,,,,,,,,
54,VISIT,5392,Random,OnArrival,5,63,20881,Node_379,27,0,-2,27,-2,,,,,,,,,
54,VISIT,5397,Random,OnArrival,5,28,20888,Node_813,37,0,6,37,6,,,,,,,,,
54,VISIT,5398,Random,OnArrival,5,29,20888,Node_831,37,0,-4,37,-4,,,,,,,,,
54,VISIT,5399,Random,OnArrival,5,28,20888,Node_841,38,0,3,38,3,,,,,,,,,
54,VISIT,5400,Random,OnArrival,5,25,20888,Node_1,39,0,2,39,2,,,,,,,,,
54,SUMMARY,,Random,OnArrival,,,,,,,,,,39,2,847,-1,1157526.000,7120,0,0.000,0.000
