RunID,RowType,PlayerID,UnknownSelectMode,TargetUpdateMode,UnknownReferenceDepth,StepIndex,Frame,NodeName,NodePosX,NodePosY,NodePosZ,CellX,CellZ,GoalCellX,GoalCellZ,NodesCreated,ShortestPathLen,TimeToGoal,TotalNodeVisits,TotalProcessMs,AvgProcessMs,MaxProcessMs
6,VISIT,629,Nearest,OnArrival,5,0,189,Node_4,18,0,10,18,10,,,,,,,,,
6,VISIT,630,Nearest,OnArrival,5,0,189,Node_4,18,0,10,18,10,,,,,,,,,
6,VISIT,629,Nearest,OnArrival,5,1,232,Node_15,18,0,9,18,9,,,,,,,,,
6,VISIT,630,Nearest,OnArrival,5,1,276,Node_2,19,0,11,19,11,,,,,,,,,
6,VISIT,629,Nearest,OnArrival,5,2,317,Node_8,17,0,10,17,10,,,,,,,,,
6,VISIT,630,Nearest,OnArrival,5,2,317,Node_14,18,0,11,18,11,,,,,,,,,
6,VISIT,629,Nearest,OnArrival,5,3,360,Node_24,16,0,10,16,10,,,,,,,,,
6,VISIT,630,Nearest,OnArrival,5,3,360,Node_12,17,0,11,17,11,,,,,,,,,
6,VISIT,629,Nearest,OnArrival,5,4,402,Node_21,16,0,11,16,11,,,,,,,,,
6,VISIT,630,Nearest,OnArrival,5,4,402,Node_21,16,0,11,16,11,,,,,,,,,
6,VISIT,629,Nearest,OnArrival,5,5,444,Node_28,15,0,11,15,11,,,,,,,,,
6,VISIT,630,Nearest,OnArrival,5,5,444,Node_28,15,0,11,15,11,,,,,,,,,
6,VISIT,633,Nearest,OnArrival,5,0,2075,Node_6,19,0,12,19,12,,,,,,,,,
6,VISIT,634,Nearest,OnArrival,5,0,2075,Node_7,19,0,8,19,8,,,,,,,,,
6,VISIT,635,Nearest,OnArrival,5,0,2075,Node_8,17,0,10,17,10,,,,,,,,,
6,VISIT,636,Nearest,OnArrival,5,0,2075,Node_9,21,0,10,21,10,,,,,,,,,
6,VISIT,635,Nearest,OnArrival,5,1,2116,Node_23,17,0,9,17,9,,,,,,,,,
6,VISIT,634,Nearest,OnArrival,5,1,2197,Node_5,20,0,10,20,10,,,,,,,,,
6,VISIT,633,Nearest,OnArrival,5,1,2277,Node_25,21,0,15,21,15,,,,,,,,,
6,VISIT,634,Nearest,OnArrival,5,2,2277,Node_46,20,0,12,20,12,,,,,,,,,
6,VISIT,634,Nearest,OnArrival,5,3,2317,Node_17,21,0,12,21,12,,,,,,,,,
6,VISIT,634,Nearest,OnArrival,5,4,2357,Node_13,21,0,11,21,11,,,,,,,,,
6,VISIT,633,Nearest,OnArrival,5,2,2396,Node_27,21,0,16,21,16,,,,,,,,,
6,VISIT,634,Nearest,OnArrival,5,5,2396,Node_57,20,0,11,20,11,,,,,,,,,
6,VISIT,633,Nearest,OnArrival,5,3,2435,Node_65,22,0,16,22,16,,,,,,,,,
6,VISIT,634,Nearest,OnArrival,5,6,2435,Node_2,19,0,11,19,11,,,,,,,,,
6,VISIT,634,Nearest,OnArrival,5,7,2473,Node_20,19,0,10,19,10,,,,,,,,,
6,VISIT,634,Nearest,OnArrival,5,8,2510,Node_3,19,0,9,19,9,,,,,,,,,
6,VISIT,634,Nearest,OnArrival,5,9,2547,Node_15,18,0,9,18,9,,,,,,,,,
6,VISIT,634,Nearest,OnArrival,5,10,2586,Node_11,18,0,8,18,8,,,,,,,,,
6,VISIT,634,Nearest,OnArrival,5,11,2623,Node_51,17,0,8,17,8,,,,,,,,,
6,VISIT,634,Nearest,OnArrival,5,12,2662,Node_60,16,0,8,16,8,,,,,,,,,
6,VISIT,634,Nearest,OnArrival,5,13,2701,Node_58,16,0,7,16,7,,,,,,,,,
6,VISIT,634,Nearest,OnArrival,5,14,2955,Node_76,15,0,3,15,3,,,,,,,,,
6,VISIT,637,Nearest,OnArrival,5,0,3897,Node_6,19,0,12,19,12,,,,,,,,,
6,VISIT,638,Nearest,OnArrival,5,0,3897,Node_7,19,0,8,19,8,,,,,,,,,
6,VISIT,639,Nearest,OnArrival,5,0,3897,Node_8,17,0,10,17,10,,,,,,,,,
6,VISIT,640,Nearest,OnArrival,5,0,3897,Node_9,21,0,10,21,10,,,,,,,,,
6,VISIT,637,Nearest,OnArrival,5,1,3931,Node_10,18,0,12,18,12,,,,,,,,,
6,VISIT,638,Nearest,OnArrival,5,1,3931,Node_3,19,0,9,19,9,,,,,,,,,
6,VISIT,639,Nearest,OnArrival,5,1,3931,Node_4,18,0,10,18,10,,,,,,,,,
6,VISIT,637,Nearest,OnArrival,5,2,3968,Node_16,17,0,12,17,12,,,,,,,,,
6,VISIT,638,Nearest,OnArrival,5,2,3968,Node_50,20,0,9,20,9,,,,,,,,,
6,VISIT,639,Nearest,OnArrival,5,2,3968,Node_20,19,0,10,19,10,,,,,,,,,
6,VISIT,637,Nearest,OnArrival,5,3,4004,Node_18,16,0,12,16,12,,,,,,,,,
6,VISIT,638,Nearest,OnArrival,5,3,4004,Node_48,21,0,9,21,9,,,,,,,,,
6,VISIT,639,Nearest,OnArrival,5,3,4004,Node_5,20,0,10,20,10,,,,,,,,,
6,VISIT,640,Nearest,OnArrival,5,1,4004,Node_13,21,0,11,21,11,,,,,,,,,
6,VISIT,637,Nearest,OnArrival,5,4,4041,Node_29,15,0,12,15,12,,,,,,,,,
6,VISIT,639,Nearest,OnArrival,5,4,4041,Node_9,21,0,10,21,10,,,,,,,,,
6,VISIT,640,Nearest,OnArrival,5,2,4041,Node_87,22,0,11,22,11,,,,,,,,,
6,VISIT,637,Nearest,OnArrival,5,5,4078,Node_35,14,0,12,14,12,,,,,,,,,
6,VISIT,638,Nearest,OnArrival,5,4,4078,Node_86,22,0,10,22,10,,,,,,,,,
6,VISIT,639,Nearest,OnArrival,5,5,4078,Node_13,21,0,11,21,11,,,,,,,,,
6,VISIT,639,Nearest,OnArrival,5,6,4114,Node_87,22,0,11,22,11,,,,,,,,,
6,VISIT,638,Nearest,OnArrival,5,5,4151,Node_89,23,0,11,23,11,,,,,,,,,
6,VISIT,639,Nearest,OnArrival,5,7,4151,Node_89,23,0,11,23,11,,,,,,,,,
6,VISIT,637,Nearest,OnArrival,5,6,4187,Node_38,13,0,14,13,14,,,,,,,,,
6,VISIT,638,Nearest,OnArrival,5,6,4223,Node_94,24,0,12,24,12,,,,,,,,,
6,VISIT,639,Nearest,OnArrival,5,8,4223,Node_94,24,0,12,24,12,,,,,,,,,
6,VISIT,637,Nearest,OnArrival,5,7,4295,Node_45,12,0,16,12,16,,,,,,,,,
6,VISIT,637,Nearest,OnArrival,5,8,4331,Node_40,13,0,16,13,16,,,,,,,,,
6,VISIT,640,Nearest,OnArrival,5,3,4331,Node_77,24,0,17,24,17,,,,,,,,,
6,VISIT,637,Nearest,OnArrival,5,9,4366,Node_39,13,0,15,13,15,,,,,,,,,
6,VISIT,637,Nearest,OnArrival,5,10,4401,Node_99,12,0,15,12,15,,,,,,,,,
6,VISIT,637,Nearest,OnArrival,5,11,4437,Node_97,12,0,14,12,14,,,,,,,,,
6,VISIT,638,Nearest,OnArrival,5,7,4437,Node_106,25,0,17,25,17,,,,,,,,,
6,VISIT,639,Nearest,OnArrival,5,9,4437,Node_106,25,0,17,25,17,,,,,,,,,
6,VISIT,641,Nearest,OnArrival,5,0,5584,Node_6,19,0,12,19,12,,,,,,,,,
6,VISIT,642,Nearest,OnArrival,5,0,5584,Node_7,19,0,8,19,8,,,,,,,,,
6,VISIT,643,Nearest,OnArrival,5,0,5584,Node_8,17,0,10,17,10,,,,,,,,,
6,VISIT,644,Nearest,OnArrival,5,0,5584,Node_9,21,0,10,21,10,,,,,,,,,
6,VISIT,641,Nearest,OnArrival,5,1,5617,Node_46,20,0,12,20,12,,,,,,,,,
6,VISIT,642,Nearest,OnArrival,5,1,5617,Node_47,20,0,8,20,8,,,,,,,,,
6,VISIT,643,Nearest,OnArrival,5,1,5617,Node_24,16,0,10,16,10,,,,,,,,,
6,VISIT,644,Nearest,OnArrival,5,1,5617,Node_48,21,0,9,21,9,,,,,,,,,
6,VISIT,641,Nearest,OnArrival,5,2,5647,Node_49,20,0,13,20,13,,,,,,,,,
6,VISIT,642,Nearest,OnArrival,5,2,5647,Node_52,21,0,8,21,8,,,,,,,,,
6,VISIT,643,Nearest,OnArrival,5,2,5647,Node_26,15,0,10,15,10,,,,,,,,,
6,VISIT,644,Nearest,OnArrival,5,2,5647,Node_88,22,0,9,22,9,,,,,,,,,
6,VISIT,641,Nearest,OnArrival,5,3,5680,Node_19,21,0,13,21,13,,,,,,,,,
6,VISIT,641,Nearest,OnArrival,5,4,5715,Node_22,21,0,14,21,14,,,,,,,,,
6,VISIT,642,Nearest,OnArrival,5,3,5715,Node_88,22,0,9,22,9,,,,,,,,,
6,VISIT,643,Nearest,OnArrival,5,3,5715,Node_33,14,0,11,14,11,,,,,,,,,
6,VISIT,641,Nearest,OnArrival,5,5,5749,Node_53,20,0,14,20,14,,,,,,,,,
6,VISIT,642,Nearest,OnArrival,5,4,5783,Node_91,23,0,10,23,10,,,,,,,,,
6,VISIT,643,Nearest,OnArrival,5,4,5783,Node_90,13,0,12,13,12,,,,,,,,,
6,VISIT,642,Nearest,OnArrival,5,5,5817,Node_129,23,0,9,23,9,,,,,,,,,
6,VISIT,643,Nearest,OnArrival,5,5,5817,Node_93,13,0,13,13,13,,,,,,,,,
6,VISIT,644,Nearest,OnArrival,5,3,5817,Node_61,21,0,5,21,5,,,,,,,,,
6,VISIT,643,Nearest,OnArrival,5,6,5851,Node_36,14,0,13,14,13,,,,,,,,,
6,VISIT,644,Nearest,OnArrival,5,4,5851,Node_74,20,0,5,20,5,,,,,,,,,
6,VISIT,643,Nearest,OnArrival,5,7,5885,Node_31,15,0,13,15,13,,,,,,,,,
6,VISIT,643,Nearest,OnArrival,5,8,6114,Node_140,15,0,14,15,14,,,,,,,,,
6,VISIT,643,Nearest,OnArrival,5,9,6145,Node_37,14,0,14,14,14,,,,,,,,,
6,VISIT,643,Nearest,OnArrival,5,10,6177,Node_140,15,0,14,15,14,,,,,,,,,
6,VISIT,643,Nearest,OnArrival,5,11,6209,Node_144,15,0,15,15,15,,,,,,,,,
6,VISIT,643,Nearest,OnArrival,5,12,6242,Node_156,16,0,15,16,15,,,,,,,,,
6,VISIT,645,Nearest,OnArrival,5,0,7123,Node_6,19,0,12,19,12,,,,,,,,,
6,VISIT,646,Nearest,OnArrival,5,0,7123,Node_7,19,0,8,19,8,,,,,,,,,
6,VISIT,647,Nearest,OnArrival,5,0,7123,Node_8,17,0,10,17,10,,,,,,,,,
6,VISIT,648,Nearest,OnArrival,5,0,7123,Node_9,21,0,10,21,10,,,,,,,,,
6,VISIT,645,Nearest,OnArrival,5,1,7155,Node_46,20,0,12,20,12,,,,,,,,,
6,VISIT,646,Nearest,OnArrival,5,1,7155,Node_47,20,0,8,20,8,,,,,,,,,
6,VISIT,647,Nearest,OnArrival,5,1,7155,Node_24,16,0,10,16,10,,,,,,,,,
6,VISIT,648,Nearest,OnArrival,5,1,7155,Node_48,21,0,9,21,9,,,,,,,,,
6,VISIT,645,Nearest,OnArrival,5,2,7188,Node_49,20,0,13,20,13,,,,,,,,,
6,VISIT,646,Nearest,OnArrival,5,2,7188,Node_52,21,0,8,21,8,,,,,,,,,
6,VISIT,647,Nearest,OnArrival,5,2,7188,Node_26,15,0,10,15,10,,,,,,,,,
6,VISIT,648,Nearest,OnArrival,5,2,7188,Node_52,21,0,8,21,8,,,,,,,,,
6,VISIT,645,Nearest,OnArrival,5,3,7217,Node_53,20,0,14,20,14,,,,,,,,,
6,VISIT,646,Nearest,OnArrival,5,3,7217,Node_55,21,0,7,21,7,,,,,,,,,
6,VISIT,647,Nearest,OnArrival,5,3,7217,Node_127,14,0,10,14,10,,,,,,,,,
6,VISIT,648,Nearest,OnArrival,5,3,7217,Node_55,21,0,7,21,7,,,,,,,,,
6,VISIT,646,Nearest,OnArrival,5,4,7245,Node_128,22,0,7,22,7,,,,,,,,,
6,VISIT,648,Nearest,OnArrival,5,4,7245,Node_128,22,0,7,22,7,,,,,,,,,
6,VISIT,645,Nearest,OnArrival,5,4,7276,Node_133,18,0,14,18,14,,,,,,,,,
6,VISIT,646,Nearest,OnArrival,5,5,7276,Node_131,22,0,6,22,6,,,,,,,,,
6,VISIT,647,Nearest,OnArrival,5,4,7276,Node_130,13,0,11,13,11,,,,,,,,,
6,VISIT,648,Nearest,OnArrival,5,5,7276,Node_131,22,0,6,22,6,,,,,,,,,
6,VISIT,646,Nearest,OnArrival,5,6,7309,Node_59,21,0,6,21,6,,,,,,,,,
6,VISIT,647,Nearest,OnArrival,5,5,7309,Node_166,13,0,10,13,10,,,,,,,,,
6,VISIT,648,Nearest,OnArrival,5,6,7309,Node_59,21,0,6,21,6,,,,,,,,,
6,VISIT,645,Nearest,OnArrival,5,5,7341,Node_164,17,0,15,17,15,,,,,,,,,
6,VISIT,646,Nearest,OnArrival,5,7,7341,Node_137,20,0,6,20,6,,,,,,,,,
6,VISIT,648,Nearest,OnArrival,5,7,7341,Node_137,20,0,6,20,6,,,,,,,,,
6,VISIT,645,Nearest,OnArrival,5,6,7373,Node_134,18,0,15,18,15,,,,,,,,,
6,VISIT,646,Nearest,OnArrival,5,8,7373,Node_74,20,0,5,20,5,,,,,,,,,
6,VISIT,648,Nearest,OnArrival,5,8,7373,Node_74,20,0,5,20,5,,,,,,,,,
6,VISIT,645,Nearest,OnArrival,5,7,7405,Node_135,18,0,16,18,16,,,,,,,,,
6,VISIT,646,Nearest,OnArrival,5,9,7405,Node_145,19,0,5,19,5,,,,,,,,,
6,VISIT,648,Nearest,OnArrival,5,9,7405,Node_145,19,0,5,19,5,,,,,,,,,
6,VISIT,645,Nearest,OnArrival,5,8,7437,Node_165,17,0,16,17,16,,,,,,,,,
6,VISIT,646,Nearest,OnArrival,5,10,7562,Node_80,16,0,5,16,5,,,,,,,,,
6,VISIT,648,Nearest,OnArrival,5,10,7562,Node_80,16,0,5,16,5,,,,,,,,,
6,VISIT,646,Nearest,OnArrival,5,11,7593,Node_70,15,0,5,15,5,,,,,,,,,
6,VISIT,648,Nearest,OnArrival,5,11,7593,Node_70,15,0,5,15,5,,,,,,,,,
6,VISIT,646,Nearest,OnArrival,5,12,7623,Node_68,15,0,6,15,6,,,,,,,,,
6,VISIT,648,Nearest,OnArrival,5,12,7623,Node_68,15,0,6,15,6,,,,,,,,,
6,VISIT,646,Nearest,OnArrival,5,13,7715,Node_170,13,0,7,13,7,,,,,,,,,
6,VISIT,648,Nearest,OnArrival,5,13,7715,Node_170,13,0,7,13,7,,,,,,,,,
6,VISIT,646,Nearest,OnArrival,5,14,7745,Node_183,12,0,7,12,7,,,,,,,,,
6,VISIT,648,Nearest,OnArrival,5,14,7745,Node_183,12,0,7,12,7,,,,,,,,,
6,VISIT,646,Nearest,OnArrival,5,15,7776,Node_181,12,0,6,12,6,,,,,,,,,
6,VISIT,648,Nearest,OnArrival,5,15,7776,Node_181,12,0,6,12,6,,,,,,,,,
6,VISIT,649,Nearest,OnArrival,5,0,8527,Node_6,19,0,12,19,12,,,,,,,,,
6,VISIT,650,Nearest,OnArrival,5,0,8527,Node_7,19,0,8,19,8,,,,,,,,,
6,VISIT,651,Nearest,OnArrival,5,0,8527,Node_8,17,0,10,17,10,,,,,,,,,
6,VISIT,652,Nearest,OnArrival,5,0,8527,Node_9,21,0,10,21,10,,,,,,,,,
6,VISIT,649,Nearest,OnArrival,5,1,8556,Node_46,20,0,12,20,12,,,,,,,,,
6,VISIT,650,Nearest,OnArrival,5,1,8556,Node_11,18,0,8,18,8,,,,,,,,,
6,VISIT,651,Nearest,OnArrival,5,1,8556,Node_23,17,0,9,17,9,,,,,,,,,
6,VISIT,652,Nearest,OnArrival,5,1,8556,Node_13,21,0,11,21,11,,,,,,,,,
6,VISIT,649,Nearest,OnArrival,5,2,8586,Node_49,20,0,13,20,13,,,,,,,,,
6,VISIT,650,Nearest,OnArrival,5,2,8586,Node_51,17,0,8,17,8,,,,,,,,,
6,VISIT,651,Nearest,OnArrival,5,2,8586,Node_51,17,0,8,17,8,,,,,,,,,
6,VISIT,652,Nearest,OnArrival,5,2,8586,Node_87,22,0,11,22,11,,,,,,,,,
6,VISIT,649,Nearest,OnArrival,5,3,8615,Node_53,20,0,14,20,14,,,,,,,,,
6,VISIT,650,Nearest,OnArrival,5,3,8615,Node_54,17,0,7,17,7,,,,,,,,,
6,VISIT,651,Nearest,OnArrival,5,3,8615,Node_54,17,0,7,17,7,,,,,,,,,
6,VISIT,652,Nearest,OnArrival,5,3,8615,Node_89,23,0,11,23,11,,,,,,,,,
6,VISIT,650,Nearest,OnArrival,5,4,8645,Node_58,16,0,7,16,7,,,,,,,,,
6,VISIT,651,Nearest,OnArrival,5,4,8645,Node_58,16,0,7,16,7,,,,,,,,,
6,VISIT,652,Nearest,OnArrival,5,4,8645,Node_95,24,0,11,24,11,,,,,,,,,
6,VISIT,649,Nearest,OnArrival,5,4,8671,Node_133,18,0,14,18,14,,,,,,,,,
6,VISIT,650,Nearest,OnArrival,5,5,8671,Node_66,15,0,7,15,7,,,,,,,,,
6,VISIT,651,Nearest,OnArrival,5,5,8671,Node_66,15,0,7,15,7,,,,,,,,,
6,VISIT,649,Nearest,OnArrival,5,5,8696,Node_167,17,0,14,17,14,,,,,,,,,
6,VISIT,650,Nearest,OnArrival,5,6,8696,Node_190,14,0,7,14,7,,,,,,,,,
6,VISIT,651,Nearest,OnArrival,5,6,8696,Node_190,14,0,7,14,7,,,,,,,,,
6,VISIT,652,Nearest,OnArrival,5,5,8696,Node_100,25,0,12,25,12,,,,,,,,,
6,VISIT,649,Nearest,OnArrival,5,6,8726,Node_160,16,0,14,16,14,,,,,,,,,
6,VISIT,650,Nearest,OnArrival,5,7,8726,Node_188,14,0,6,14,6,,,,,,,,,
6,VISIT,651,Nearest,OnArrival,5,7,8726,Node_188,14,0,6,14,6,,,,,,,,,
6,VISIT,649,Nearest,OnArrival,5,7,8755,Node_156,16,0,15,16,15,,,,,,,,,
6,VISIT,650,Nearest,OnArrival,5,8,8755,Node_172,13,0,6,13,6,,,,,,,,,
6,VISIT,651,Nearest,OnArrival,5,8,8755,Node_172,13,0,6,13,6,,,,,,,,,
6,VISIT,649,Nearest,OnArrival,5,8,8784,Node_152,16,0,16,16,16,,,,,,,,,
6,VISIT,650,Nearest,OnArrival,5,9,8784,Node_181,12,0,6,12,6,,,,,,,,,
6,VISIT,651,Nearest,OnArrival,5,9,8784,Node_181,12,0,6,12,6,,,,,,,,,
6,VISIT,652,Nearest,OnArrival,5,6,8784,Node_102,25,0,13,25,13,,,,,,,,,
6,VISIT,649,Nearest,OnArrival,5,9,8813,Node_165,17,0,16,17,16,,,,,,,,,
6,VISIT,650,Nearest,OnArrival,5,10,8813,Node_178,12,0,5,12,5,,,,,,,,,
6,VISIT,651,Nearest,OnArrival,5,10,8813,Node_178,12,0,5,12,5,,,,,,,,,
6,VISIT,652,Nearest,OnArrival,5,7,8813,Node_96,24,0,13,24,13,,,,,,,,,
6,VISIT,649,Nearest,OnArrival,5,10,8843,Node_173,17,0,17,17,17,,,,,,,,,
6,VISIT,650,Nearest,OnArrival,5,11,8843,Node_193,11,0,5,11,5,,,,,,,,,
6,VISIT,651,Nearest,OnArrival,5,11,8843,Node_193,11,0,5,11,5,,,,,,,,,
6,VISIT,652,Nearest,OnArrival,5,8,8843,Node_98,24,0,14,24,14,,,,,,,,,
6,VISIT,649,Nearest,OnArrival,5,11,8872,Node_138,18,0,17,18,17,,,,,,,,,
6,VISIT,652,Nearest,OnArrival,5,9,8872,Node_104,25,0,14,25,14,,,,,,,,,
6,VISIT,649,Nearest,OnArrival,5,12,8901,Node_142,18,0,18,18,18,,,,,,,,,
6,VISIT,652,Nearest,OnArrival,5,10,8901,Node_105,25,0,15,25,15,,,,,,,,,
6,VISIT,649,Nearest,OnArrival,5,13,8930,Node_176,17,0,18,17,18,,,,,,,,,
6,VISIT,652,Nearest,OnArrival,5,11,8930,Node_101,24,0,15,24,15,,,,,,,,,
6,VISIT,649,Nearest,OnArrival,5,14,8958,Node_179,17,0,19,17,19,,,,,,,,,
6,VISIT,649,Nearest,OnArrival,5,15,8987,Node_146,18,0,19,18,19,,,,,,,,,
6,VISIT,652,Nearest,OnArrival,5,12,8987,Node_72,23,0,16,23,16,,,,,,,,,
6,VISIT,649,Nearest,OnArrival,5,16,9016,Node_142,18,0,18,18,18,,,,,,,,,
6,VISIT,652,Nearest,OnArrival,5,13,9016,Node_103,24,0,16,24,16,,,,,,,,,
6,VISIT,652,Nearest,OnArrival,5,14,9045,Node_107,25,0,16,25,16,,,,,,,,,
6,VISIT,652,Nearest,OnArrival,5,15,9074,Node_106,25,0,17,25,17,,,,,,,,,
6,VISIT,650,Nearest,OnArrival,5,12,9103,Node_216,8,0,7,8,7,,,,,,,,,
6,VISIT,651,Nearest,OnArrival,5,12,9103,Node_216,8,0,7,8,7,,,,,,,,,
6,VISIT,649,Nearest,OnArrival,5,17,9132,Node_32,21,0,19,21,19,,,,,,,,,
6,VISIT,652,Nearest,OnArrival,5,16,9160,Node_108,25,0,18,25,18,,,,,,,,,
6,VISIT,652,Nearest,OnArrival,5,17,9188,Node_78,24,0,18,24,18,,,,,,,,,
6,VISIT,652,Nearest,OnArrival,5,18,9246,Node_114,24,0,20,24,20,,,,,,,,,
6,VISIT,652,Nearest,OnArrival,5,19,9274,Node_229,24,0,19,24,19,,,,,,,,,
6,VISIT,652,Nearest,OnArrival,5,20,9302,Node_110,25,0,19,25,19,,,,,,,,,
6,VISIT,652,Nearest,OnArrival,5,21,9331,Node_108,25,0,18,25,18,,,,,,,,,
6,VISIT,652,Nearest,OnArrival,5,22,9359,Node_222,26,0,18,26,18,,,,,,,,,
6,VISIT,653,Nearest,OnArrival,5,0,9825,Node_6,19,0,12,19,12,,,,,,,,,
6,VISIT,654,Nearest,OnArrival,5,0,9825,Node_7,19,0,8,19,8,,,,,,,,,
6,VISIT,655,Nearest,OnArrival,5,0,9825,Node_8,17,0,10,17,10,,,,,,,,,
6,VISIT,656,Nearest,OnArrival,5,0,9825,Node_9,21,0,10,21,10,,,,,,,,,
6,VISIT,653,Nearest,OnArrival,5,1,9852,Node_46,20,0,12,20,12,,,,,,,,,
6,VISIT,654,Nearest,OnArrival,5,1,9852,Node_11,18,0,8,18,8,,,,,,,,,
6,VISIT,655,Nearest,OnArrival,5,1,9852,Node_24,16,0,10,16,10,,,,,,,,,
6,VISIT,656,Nearest,OnArrival,5,1,9852,Node_48,21,0,9,21,9,,,,,,,,,
6,VISIT,653,Nearest,OnArrival,5,2,9880,Node_49,20,0,13,20,13,,,,,,,,,
6,VISIT,654,Nearest,OnArrival,5,2,9880,Node_51,17,0,8,17,8,,,,,,,,,
6,VISIT,655,Nearest,OnArrival,5,2,9880,Node_26,15,0,10,15,10,,,,,,,,,
6,VISIT,656,Nearest,OnArrival,5,2,9880,Node_88,22,0,9,22,9,,,,,,,,,
6,VISIT,653,Nearest,OnArrival,5,3,9908,Node_53,20,0,14,20,14,,,,,,,,,
6,VISIT,654,Nearest,OnArrival,5,3,9908,Node_54,17,0,7,17,7,,,,,,,,,
6,VISIT,655,Nearest,OnArrival,5,3,9908,Node_127,14,0,10,14,10,,,,,,,,,
6,VISIT,656,Nearest,OnArrival,5,3,9908,Node_129,23,0,9,23,9,,,,,,,,,
6,VISIT,653,Nearest,OnArrival,5,4,9936,Node_56,20,0,15,20,15,,,,,,,,,
6,VISIT,654,Nearest,OnArrival,5,4,9936,Node_58,16,0,7,16,7,,,,,,,,,
6,VISIT,655,Nearest,OnArrival,5,4,9936,Node_166,13,0,10,13,10,,,,,,,,,
6,VISIT,653,Nearest,OnArrival,5,5,9964,Node_25,21,0,15,21,15,,,,,,,,,
6,VISIT,654,Nearest,OnArrival,5,5,9964,Node_79,16,0,6,16,6,,,,,,,,,
6,VISIT,656,Nearest,OnArrival,5,4,9964,Node_136,25,0,9,25,9,,,,,,,,,
6,VISIT,653,Nearest,OnArrival,5,6,9991,Node_62,22,0,15,22,15,,,,,,,,,
6,VISIT,654,Nearest,OnArrival,5,6,9991,Node_68,15,0,6,15,6,,,,,,,,,
6,VISIT,653,Nearest,OnArrival,5,7,10015,Node_213,23,0,15,23,15,,,,,,,,,
6,VISIT,654,Nearest,OnArrival,5,7,10015,Node_70,15,0,5,15,5,,,,,,,,,
6,VISIT,655,Nearest,OnArrival,5,5,10015,Node_185,12,0,8,12,8,,,,,,,,,
6,VISIT,653,Nearest,OnArrival,5,8,10040,Node_72,23,0,16,23,16,,,,,,,,,
6,VISIT,654,Nearest,OnArrival,5,8,10040,Node_73,15,0,4,15,4,,,,,,,,,
6,VISIT,653,Nearest,OnArrival,5,9,10067,Node_65,22,0,16,22,16,,,,,,,,,
6,VISIT,654,Nearest,OnArrival,5,9,10067,Node_81,16,0,4,16,4,,,,,,,,,
6,VISIT,653,Nearest,OnArrival,5,10,10094,Node_27,21,0,16,21,16,,,,,,,,,
6,VISIT,654,Nearest,OnArrival,5,10,10094,Node_177,17,0,4,17,4,,,,,,,,,
6,VISIT,654,Nearest,OnArrival,5,11,10121,Node_174,18,0,4,18,4,,,,,,,,,
6,VISIT,656,Nearest,OnArrival,5,5,10121,Node_151,25,0,5,25,5,,,,,,,,,
6,VISIT,653,Nearest,OnArrival,5,11,10148,Node_30,21,0,18,21,18,,,,,,,,,
6,VISIT,654,Nearest,OnArrival,5,12,10148,Node_149,19,0,4,19,4,,,,,,,,,
6,VISIT,656,Nearest,OnArrival,5,6,10148,Node_147,25,0,6,25,6,,,,,,,,,
6,VISIT,653,Nearest,OnArrival,5,12,10175,Node_217,20,0,18,20,18,,,,,,,,,
6,VISIT,654,Nearest,OnArrival,5,13,10175,Node_71,20,0,4,20,4,,,,,,,,,
6,VISIT,656,Nearest,OnArrival,5,7,10175,Node_159,24,0,6,24,6,,,,,,,,,
6,VISIT,653,Nearest,OnArrival,5,13,10202,Node_219,20,0,19,20,19,,,,,,,,,
6,VISIT,654,Nearest,OnArrival,5,14,10202,Node_64,21,0,4,21,4,,,,,,,,,
6,VISIT,656,Nearest,OnArrival,5,8,10202,Node_155,24,0,5,24,5,,,,,,,,,
6,VISIT,653,Nearest,OnArrival,5,14,10228,Node_32,21,0,19,21,19,,,,,,,,,
6,VISIT,654,Nearest,OnArrival,5,15,10228,Node_61,21,0,5,21,5,,,,,,,,,
6,VISIT,655,Nearest,OnArrival,5,6,10228,Node_109,10,0,14,10,14,,,,,,,,,
6,VISIT,653,Nearest,OnArrival,5,15,10254,Node_34,21,0,20,21,20,,,,,,,,,
6,VISIT,654,Nearest,OnArrival,5,16,10254,Node_132,22,0,5,22,5,,,,,,,,,
6,VISIT,653,Nearest,OnArrival,5,16,10280,Node_236,21,0,21,21,21,,,,,,,,,
6,VISIT,653,Nearest,OnArrival,5,17,10307,Node_227,22,0,21,22,21,,,,,,,,,
6,VISIT,653,Nearest,OnArrival,5,18,10333,Node_225,22,0,20,22,20,,,,,,,,,
6,VISIT,653,Nearest,OnArrival,5,19,10359,Node_34,21,0,20,21,20,,,,,,,,,
6,VISIT,653,Nearest,OnArrival,5,20,10386,Node_236,21,0,21,21,21,,,,,,,,,
6,VISIT,654,Nearest,OnArrival,5,17,10386,Node_268,23,0,1,23,1,,,,,,,,,
6,VISIT,653,Nearest,OnArrival,5,21,10410,Node_235,21,0,22,21,22,,,,,,,,,
6,VISIT,653,Nearest,OnArrival,5,22,10433,Node_230,22,0,22,22,22,,,,,,,,,
6,VISIT,653,Nearest,OnArrival,5,23,10486,Node_117,24,0,22,24,22,,,,,,,,,
6,VISIT,653,Nearest,OnArrival,5,24,10617,Node_121,24,0,25,24,25,,,,,,,,,
6,VISIT,653,Nearest,OnArrival,5,25,10644,Node_120,24,0,24,24,24,,,,,,,,,
6,VISIT,653,Nearest,OnArrival,5,26,10671,Node_278,25,0,24,25,24,,,,,,,,,
6,VISIT,653,Nearest,OnArrival,5,27,10698,Node_276,25,0,23,25,23,,,,,,,,,
6,VISIT,653,Nearest,OnArrival,5,28,10725,Node_119,24,0,23,24,23,,,,,,,,,
6,VISIT,653,Nearest,OnArrival,5,29,10752,Node_276,25,0,23,25,23,,,,,,,,,
6,VISIT,653,Nearest,OnArrival,5,30,10830,Node_274,25,0,22,25,22,,,,,,,,,
6,VISIT,653,Nearest,OnArrival,5,31,10856,Node_281,26,0,22,26,22,,,,,,,,,
6,VISIT,653,Nearest,OnArrival,5,32,10935,Node_280,26,0,23,26,23,,,,,,,,,
6,VISIT,653,Nearest,OnArrival,5,33,10961,Node_281,26,0,22,26,22,,,,,,,,,
6,VISIT,653,Nearest,OnArrival,5,34,10987,Node_282,27,0,22,27,22,,,,,,,,,
6,VISIT,657,Nearest,OnArrival,5,0,11022,Node_6,19,0,12,19,12,,,,,,,,,
6,VISIT,658,Nearest,OnArrival,5,0,11022,Node_7,19,0,8,19,8,,,,,,,,,
6,VISIT,659,Nearest,OnArrival,5,0,11022,Node_8,17,0,10,17,10,,,,,,,,,
6,VISIT,660,Nearest,OnArrival,5,0,11022,Node_9,21,0,10,21,10,,,,,,,,,
6,VISIT,653,Nearest,OnArrival,5,35,11036,Node_242,27,0,20,27,20,,,,,,,,,
6,VISIT,657,Nearest,OnArrival,5,1,11045,Node_2,19,0,11,19,11,,,,,,,,,
6,VISIT,658,Nearest,OnArrival,5,1,11045,Node_11,18,0,8,18,8,,,,,,,,,
6,VISIT,659,Nearest,OnArrival,5,1,11045,Node_24,16,0,10,16,10,,,,,,,,,
6,VISIT,660,Nearest,OnArrival,5,1,11045,Node_48,21,0,9,21,9,,,,,,,,,
6,VISIT,657,Nearest,OnArrival,5,2,11070,Node_20,19,0,10,19,10,,,,,,,,,
6,VISIT,658,Nearest,OnArrival,5,2,11070,Node_51,17,0,8,17,8,,,,,,,,,
6,VISIT,659,Nearest,OnArrival,5,2,11070,Node_26,15,0,10,15,10,,,,,,,,,
6,VISIT,660,Nearest,OnArrival,5,2,11070,Node_88,22,0,9,22,9,,,,,,,,,
6,VISIT,657,Nearest,OnArrival,5,3,11096,Node_4,18,0,10,18,10,,,,,,,,,
6,VISIT,658,Nearest,OnArrival,5,3,11096,Node_54,17,0,7,17,7,,,,,,,,,
6,VISIT,659,Nearest,OnArrival,5,3,11096,Node_127,14,0,10,14,10,,,,,,,,,
6,VISIT,660,Nearest,OnArrival,5,3,11096,Node_129,23,0,9,23,9,,,,,,,,,
6,VISIT,657,Nearest,OnArrival,5,4,11122,Node_8,17,0,10,17,10,,,,,,,,,
6,VISIT,658,Nearest,OnArrival,5,4,11122,Node_58,16,0,7,16,7,,,,,,,,,
6,VISIT,659,Nearest,OnArrival,5,4,11122,Node_166,13,0,10,13,10,,,,,,,,,
6,VISIT,657,Nearest,OnArrival,5,5,11148,Node_24,16,0,10,16,10,,,,,,,,,
6,VISIT,658,Nearest,OnArrival,5,5,11148,Node_79,16,0,6,16,6,,,,,,,,,
6,VISIT,659,Nearest,OnArrival,5,5,11148,Node_168,13,0,9,13,9,,,,,,,,,
6,VISIT,660,Nearest,OnArrival,5,4,11148,Node_136,25,0,9,25,9,,,,,,,,,
6,VISIT,657,Nearest,OnArrival,5,6,11175,Node_26,15,0,10,15,10,,,,,,,,,
6,VISIT,658,Nearest,OnArrival,5,6,11175,Node_80,16,0,5,16,5,,,,,,,,,
6,VISIT,659,Nearest,OnArrival,5,6,11175,Node_247,12,0,9,12,9,,,,,,,,,
6,VISIT,660,Nearest,OnArrival,5,5,11175,Node_139,25,0,8,25,8,,,,,,,,,
6,VISIT,657,Nearest,OnArrival,5,7,11201,Node_127,14,0,10,14,10,,,,,,,,,
6,VISIT,658,Nearest,OnArrival,5,7,11201,Node_180,17,0,5,17,5,,,,,,,,,
6,VISIT,659,Nearest,OnArrival,5,7,11201,Node_252,11,0,9,11,9,,,,,,,,,
6,VISIT,660,Nearest,OnArrival,5,6,11201,Node_249,26,0,8,26,8,,,,,,,,,
6,VISIT,657,Nearest,OnArrival,5,8,11227,Node_166,13,0,10,13,10,,,,,,,,,
6,VISIT,658,Nearest,OnArrival,5,8,11227,Node_171,18,0,5,18,5,,,,,,,,,
6,VISIT,659,Nearest,OnArrival,5,8,11227,Node_250,11,0,8,11,8,,,,,,,,,
6,VISIT,660,Nearest,OnArrival,5,7,11227,Node_248,26,0,9,26,9,,,,,,,,,
6,VISIT,657,Nearest,OnArrival,5,9,11251,Node_168,13,0,9,13,9,,,,,,,,,
6,VISIT,658,Nearest,OnArrival,5,9,11251,Node_145,19,0,5,19,5,,,,,,,,,
6,VISIT,657,Nearest,OnArrival,5,10,11276,Node_169,13,0,8,13,8,,,,,,,,,
6,VISIT,658,Nearest,OnArrival,5,10,11276,Node_149,19,0,4,19,4,,,,,,,,,
6,VISIT,659,Nearest,OnArrival,5,9,11276,Node_254,10,0,9,10,9,,,,,,,,,
6,VISIT,657,Nearest,OnArrival,5,11,11302,Node_185,12,0,8,12,8,,,,,,,,,
6,VISIT,658,Nearest,OnArrival,5,11,11302,Node_153,19,0,3,19,3,,,,,,,,,
6,VISIT,659,Nearest,OnArrival,5,10,11302,Node_256,10,0,10,10,10,,,,,,,,,
6,VISIT,657,Nearest,OnArrival,5,12,11328,Node_183,12,0,7,12,7,,,,,,,,,
6,VISIT,658,Nearest,OnArrival,5,12,11328,Node_69,20,0,3,20,3,,,,,,,,,
6,VISIT,657,Nearest,OnArrival,5,13,11354,Node_181,12,0,6,12,6,,,,,,,,,
6,VISIT,657,Nearest,OnArrival,5,14,11380,Node_192,11,0,6,11,6,,,,,,,,,
6,VISIT,658,Nearest,OnArrival,5,13,11380,Node_157,19,0,2,19,2,,,,,,,,,
6,VISIT,657,Nearest,OnArrival,5,15,11406,Node_210,10,0,6,10,6,,,,,,,,,
6,VISIT,658,Nearest,OnArrival,5,14,11406,Node_161,19,0,1,19,1,,,,,,,,,
6,VISIT,657,Nearest,OnArrival,5,16,11431,Node_209,10,0,5,10,5,,,,,,,,,
6,VISIT,659,Nearest,OnArrival,5,11,11431,Node_261,9,0,14,9,14,,,,,,,,,
6,VISIT,659,Nearest,OnArrival,5,12,11456,Node_113,9,0,15,9,15,,,,,,,,,
6,VISIT,660,Nearest,OnArrival,5,8,11482,Node_239,27,0,18,27,18,,,,,,,,,
6,VISIT,657,Nearest,OnArrival,5,17,11656,Node_205,10,0,-4,10,-4,,,,,,,,,
6,VISIT,657,Nearest,OnArrival,5,18,11680,Node_202,11,0,-4,11,-4,,,,,,,,,
6,VISIT,661,Nearest,OnArrival,5,0,12163,Node_6,19,0,12,19,12,,,,,,,,,
6,VISIT,662,Nearest,OnArrival,5,0,12163,Node_7,19,0,8,19,8,,,,,,,,,
6,VISIT,663,Nearest,OnArrival,5,0,12163,Node_8,17,0,10,17,10,,,,,,,,,
6,VISIT,664,Nearest,OnArrival,5,0,12163,Node_9,21,0,10,21,10,,,,,,,,,
6,VISIT,661,Nearest,OnArrival,5,1,12184,Node_2,19,0,11,19,11,,,,,,,,,
6,VISIT,662,Nearest,OnArrival,5,1,12184,Node_11,18,0,8,18,8,,,,,,,,,
6,VISIT,663,Nearest,OnArrival,5,1,12184,Node_23,17,0,9,17,9,,,,,,,,,
6,VISIT,664,Nearest,OnArrival,5,1,12184,Node_48,21,0,9,21,9,,,,,,,,,
6,VISIT,661,Nearest,OnArrival,5,2,12206,Node_20,19,0,10,19,10,,,,,,,,,
6,VISIT,662,Nearest,OnArrival,5,2,12206,Node_51,17,0,8,17,8,,,,,,,,,
6,VISIT,663,Nearest,OnArrival,5,2,12206,Node_51,17,0,8,17,8,,,,,,,,,
6,VISIT,664,Nearest,OnArrival,5,2,12206,Node_88,22,0,9,22,9,,,,,,,,,
6,VISIT,661,Nearest,OnArrival,5,3,12230,Node_4,18,0,10,18,10,,,,,,,,,
6,VISIT,662,Nearest,OnArrival,5,3,12230,Node_54,17,0,7,17,7,,,,,,,,,
6,VISIT,663,Nearest,OnArrival,5,3,12230,Node_54,17,0,7,17,7,,,,,,,,,
6,VISIT,664,Nearest,OnArrival,5,3,12230,Node_129,23,0,9,23,9,,,,,,,,,
6,VISIT,661,Nearest,OnArrival,5,4,12254,Node_8,17,0,10,17,10,,,,,,,,,
6,VISIT,662,Nearest,OnArrival,5,4,12254,Node_58,16,0,7,16,7,,,,,,,,,
6,VISIT,663,Nearest,OnArrival,5,4,12254,Node_58,16,0,7,16,7,,,,,,,,,
6,VISIT,661,Nearest,OnArrival,5,5,12278,Node_23,17,0,9,17,9,,,,,,,,,
6,VISIT,662,Nearest,OnArrival,5,5,12278,Node_79,16,0,6,16,6,,,,,,,,,
6,VISIT,663,Nearest,OnArrival,5,5,12278,Node_79,16,0,6,16,6,,,,,,,,,
6,VISIT,664,Nearest,OnArrival,5,4,12278,Node_136,25,0,9,25,9,,,,,,,,,
6,VISIT,661,Nearest,OnArrival,5,6,12302,Node_51,17,0,8,17,8,,,,,,,,,
6,VISIT,662,Nearest,OnArrival,5,6,12302,Node_80,16,0,5,16,5,,,,,,,,,
6,VISIT,663,Nearest,OnArrival,5,6,12302,Node_80,16,0,5,16,5,,,,,,,,,
6,VISIT,664,Nearest,OnArrival,5,5,12302,Node_139,25,0,8,25,8,,,,,,,,,
6,VISIT,661,Nearest,OnArrival,5,7,12326,Node_54,17,0,7,17,7,,,,,,,,,
6,VISIT,662,Nearest,OnArrival,5,7,12326,Node_81,16,0,4,16,4,,,,,,,,,
6,VISIT,663,Nearest,OnArrival,5,7,12326,Node_81,16,0,4,16,4,,,,,,,,,
6,VISIT,664,Nearest,OnArrival,5,6,12326,Node_143,25,0,7,25,7,,,,,,,,,
6,VISIT,661,Nearest,OnArrival,5,8,12351,Node_58,16,0,7,16,7,,,,,,,,,
6,VISIT,662,Nearest,OnArrival,5,8,12351,Node_82,16,0,3,16,3,,,,,,,,,
6,VISIT,663,Nearest,OnArrival,5,8,12351,Node_82,16,0,3,16,3,,,,,,,,,
6,VISIT,664,Nearest,OnArrival,5,7,12351,Node_163,24,0,7,24,7,,,,,,,,,
6,VISIT,661,Nearest,OnArrival,5,9,12376,Node_79,16,0,6,16,6,,,,,,,,,
6,VISIT,662,Nearest,OnArrival,5,9,12376,Node_76,15,0,3,15,3,,,,,,,,,
6,VISIT,663,Nearest,OnArrival,5,9,12376,Node_76,15,0,3,15,3,,,,,,,,,
6,VISIT,664,Nearest,OnArrival,5,8,12376,Node_143,25,0,7,25,7,,,,,,,,,
6,VISIT,661,Nearest,OnArrival,5,10,12399,Node_80,16,0,5,16,5,,,,,,,,,
6,VISIT,662,Nearest,OnArrival,5,10,12399,Node_84,15,0,2,15,2,,,,,,,,,
6,VISIT,663,Nearest,OnArrival,5,10,12399,Node_84,15,0,2,15,2,,,,,,,,,
6,VISIT,664,Nearest,OnArrival,5,9,12399,Node_251,26,0,7,26,7,,,,,,,,,
6,VISIT,661,Nearest,OnArrival,5,11,12421,Node_81,16,0,4,16,4,,,,,,,,,
6,VISIT,664,Nearest,OnArrival,5,10,12421,Node_253,26,0,6,26,6,,,,,,,,,
6,VISIT,661,Nearest,OnArrival,5,12,12446,Node_82,16,0,3,16,3,,,,,,,,,
6,VISIT,664,Nearest,OnArrival,5,11,12446,Node_147,25,0,6,25,6,,,,,,,,,
6,VISIT,661,Nearest,OnArrival,5,13,12471,Node_83,16,0,2,16,2,,,,,,,,,
6,VISIT,664,Nearest,OnArrival,5,12,12471,Node_253,26,0,6,26,6,,,,,,,,,
6,VISIT,661,Nearest,OnArrival,5,14,12495,Node_84,15,0,2,15,2,,,,,,,,,
6,VISIT,661,Nearest,OnArrival,5,15,12543,Node_85,14,0,3,14,3,,,,,,,,,
6,VISIT,664,Nearest,OnArrival,5,13,12543,Node_255,26,0,5,26,5,,,,,,,,,
6,VISIT,664,Nearest,OnArrival,5,14,12567,Node_333,27,0,5,27,5,,,,,,,,,
6,VISIT,661,Nearest,OnArrival,5,16,12663,Node_195,11,0,3,11,3,,,,,,,,,
6,VISIT,661,Nearest,OnArrival,5,17,12687,Node_303,10,0,3,10,3,,,,,,,,,
6,VISIT,661,Nearest,OnArrival,5,18,12711,Node_300,10,0,4,10,4,,,,,,,,,
6,VISIT,661,Nearest,OnArrival,5,19,12735,Node_194,11,0,4,11,4,,,,,,,,,
6,VISIT,661,Nearest,OnArrival,5,20,12759,Node_193,11,0,5,11,5,,,,,,,,,
6,VISIT,663,Nearest,OnArrival,5,11,12759,Node_331,14,0,2,14,2,,,,,,,,,
6,VISIT,661,Nearest,OnArrival,5,21,12783,Node_209,10,0,5,10,5,,,,,,,,,
6,VISIT,663,Nearest,OnArrival,5,12,12783,Node_337,13,0,2,13,2,,,,,,,,,
6,VISIT,661,Nearest,OnArrival,5,22,12804,Node_212,9,0,5,9,5,,,,,,,,,
6,VISIT,663,Nearest,OnArrival,5,13,12804,Node_335,13,0,3,13,3,,,,,,,,,
6,VISIT,661,Nearest,OnArrival,5,23,12828,Node_211,9,0,6,9,6,,,,,,,,,
6,VISIT,663,Nearest,OnArrival,5,14,12828,Node_342,12,0,3,12,3,,,,,,,,,
6,VISIT,661,Nearest,OnArrival,5,24,12852,Node_215,8,0,6,8,6,,,,,,,,,
6,VISIT,663,Nearest,OnArrival,5,15,12852,Node_340,12,0,2,12,2,,,,,,,,,
6,VISIT,661,Nearest,OnArrival,5,25,12876,Node_224,7,0,6,7,6,,,,,,,,,
6,VISIT,663,Nearest,OnArrival,5,16,12876,Node_196,11,0,2,11,2,,,,,,,,,
6,VISIT,661,Nearest,OnArrival,5,26,12900,Node_226,6,0,6,6,6,,,,,,,,,
6,VISIT,663,Nearest,OnArrival,5,17,12900,Node_306,10,0,2,10,2,,,,,,,,,
6,VISIT,661,Nearest,OnArrival,5,27,12924,Node_233,5,0,6,5,6,,,,,,,,,
6,VISIT,663,Nearest,OnArrival,5,18,13020,Node_214,8,0,5,8,5,,,,,,,,,
6,VISIT,663,Nearest,OnArrival,5,19,13091,Node_355,8,0,2,8,2,,,,,,,,,
6,VISIT,665,Nearest,OnArrival,5,0,13222,Node_6,19,0,12,19,12,,,,,,,,,
6,VISIT,666,Nearest,OnArrival,5,0,13222,Node_7,19,0,8,19,8,,,,,,,,,
6,VISIT,667,Nearest,OnArrival,5,0,13222,Node_8,17,0,10,17,10,,,,,,,,,
6,VISIT,668,Nearest,OnArrival,5,0,13222,Node_9,21,0,10,21,10,,,,,,,,,
6,VISIT,663,Nearest,OnArrival,5,20,13228,Node_231,5,0,5,5,5,,,,,,,,,
6,VISIT,665,Nearest,OnArrival,5,1,13241,Node_2,19,0,11,19,11,,,,,,,,,
6,VISIT,666,Nearest,OnArrival,5,1,13241,Node_11,18,0,8,18,8,,,,,,,,,
6,VISIT,667,Nearest,OnArrival,5,1,13241,Node_23,17,0,9,17,9,,,,,,,,,
6,VISIT,668,Nearest,OnArrival,5,1,13241,Node_48,21,0,9,21,9,,,,,,,,,
6,VISIT,665,Nearest,OnArrival,5,2,13261,Node_20,19,0,10,19,10,,,,,,,,,
6,VISIT,666,Nearest,OnArrival,5,2,13261,Node_51,17,0,8,17,8,,,,,,,,,
6,VISIT,667,Nearest,OnArrival,5,2,13261,Node_51,17,0,8,17,8,,,,,,,,,
6,VISIT,668,Nearest,OnArrival,5,2,13261,Node_88,22,0,9,22,9,,,,,,,,,
6,VISIT,663,Nearest,OnArrival,5,21,13268,Node_363,5,0,3,5,3,,,,,,,,,
6,VISIT,665,Nearest,OnArrival,5,3,13281,Node_4,18,0,10,18,10,,,,,,,,,
6,VISIT,666,Nearest,OnArrival,5,3,13281,Node_54,17,0,7,17,7,,,,,,,,,
6,VISIT,667,Nearest,OnArrival,5,3,13281,Node_54,17,0,7,17,7,,,,,,,,,
6,VISIT,668,Nearest,OnArrival,5,3,13281,Node_129,23,0,9,23,9,,,,,,,,,
6,VISIT,665,Nearest,OnArrival,5,4,13301,Node_8,17,0,10,17,10,,,,,,,,,
6,VISIT,666,Nearest,OnArrival,5,4,13301,Node_58,16,0,7,16,7,,,,,,,,,
6,VISIT,667,Nearest,OnArrival,5,4,13301,Node_58,16,0,7,16,7,,,,,,,,,
6,VISIT,665,Nearest,OnArrival,5,5,13321,Node_23,17,0,9,17,9,,,,,,,,,
6,VISIT,666,Nearest,OnArrival,5,5,13321,Node_79,16,0,6,16,6,,,,,,,,,
6,VISIT,667,Nearest,OnArrival,5,5,13321,Node_79,16,0,6,16,6,,,,,,,,,
6,VISIT,668,Nearest,OnArrival,5,4,13321,Node_136,25,0,9,25,9,,,,,,,,,
6,VISIT,665,Nearest,OnArrival,5,6,13343,Node_51,17,0,8,17,8,,,,,,,,,
6,VISIT,666,Nearest,OnArrival,5,6,13343,Node_80,16,0,5,16,5,,,,,,,,,
6,VISIT,667,Nearest,OnArrival,5,6,13343,Node_80,16,0,5,16,5,,,,,,,,,
6,VISIT,668,Nearest,OnArrival,5,5,13343,Node_248,26,0,9,26,9,,,,,,,,,
6,VISIT,665,Nearest,OnArrival,5,7,13365,Node_54,17,0,7,17,7,,,,,,,,,
6,VISIT,666,Nearest,OnArrival,5,7,13365,Node_81,16,0,4,16,4,,,,,,,,,
6,VISIT,667,Nearest,OnArrival,5,7,13365,Node_81,16,0,4,16,4,,,,,,,,,
6,VISIT,668,Nearest,OnArrival,5,6,13365,Node_287,27,0,9,27,9,,,,,,,,,
6,VISIT,665,Nearest,OnArrival,5,8,13388,Node_58,16,0,7,16,7,,,,,,,,,
6,VISIT,666,Nearest,OnArrival,5,8,13388,Node_82,16,0,3,16,3,,,,,,,,,
6,VISIT,667,Nearest,OnArrival,5,8,13388,Node_82,16,0,3,16,3,,,,,,,,,
6,VISIT,665,Nearest,OnArrival,5,9,13411,Node_79,16,0,6,16,6,,,,,,,,,
6,VISIT,666,Nearest,OnArrival,5,9,13411,Node_83,16,0,2,16,2,,,,,,,,,
6,VISIT,667,Nearest,OnArrival,5,9,13411,Node_83,16,0,2,16,2,,,,,,,,,
6,VISIT,665,Nearest,OnArrival,5,10,13434,Node_80,16,0,5,16,5,,,,,,,,,
6,VISIT,666,Nearest,OnArrival,5,10,13434,Node_84,15,0,2,15,2,,,,,,,,,
6,VISIT,667,Nearest,OnArrival,5,10,13434,Node_84,15,0,2,15,2,,,,,,,,,
6,VISIT,665,Nearest,OnArrival,5,11,13457,Node_81,16,0,4,16,4,,,,,,,,,
6,VISIT,666,Nearest,OnArrival,5,11,13457,Node_326,15,0,1,15,1,,,,,,,,,
6,VISIT,667,Nearest,OnArrival,5,11,13457,Node_326,15,0,1,15,1,,,,,,,,,
6,VISIT,665,Nearest,OnArrival,5,12,13478,Node_82,16,0,3,16,3,,,,,,,,,
6,VISIT,666,Nearest,OnArrival,5,12,13478,Node_351,14,0,1,14,1,,,,,,,,,
6,VISIT,667,Nearest,OnArrival,5,12,13478,Node_351,14,0,1,14,1,,,,,,,,,
6,VISIT,665,Nearest,OnArrival,5,13,13499,Node_83,16,0,2,16,2,,,,,,,,,
6,VISIT,666,Nearest,OnArrival,5,13,13499,Node_349,14,0,0,14,0,,,,,,,,,
6,VISIT,667,Nearest,OnArrival,5,13,13499,Node_349,14,0,0,14,0,,,,,,,,,
6,VISIT,668,Nearest,OnArrival,5,7,13499,Node_294,27,0,13,27,13,,,,,,,,,
6,VISIT,665,Nearest,OnArrival,5,14,13522,Node_84,15,0,2,15,2,,,,,,,,,
6,VISIT,668,Nearest,OnArrival,5,8,13522,Node_208,26,0,13,26,13,,,,,,,,,
6,VISIT,665,Nearest,OnArrival,5,15,13545,Node_326,15,0,1,15,1,,,,,,,,,
6,VISIT,668,Nearest,OnArrival,5,9,13545,Node_207,26,0,12,26,12,,,,,,,,,
6,VISIT,665,Nearest,OnArrival,5,16,13568,Node_327,15,0,0,15,0,,,,,,,,,
6,VISIT,668,Nearest,OnArrival,5,10,13568,Node_291,27,0,12,27,12,,,,,,,,,
6,VISIT,665,Nearest,OnArrival,5,17,13591,Node_349,14,0,0,14,0,,,,,,,,,
6,VISIT,666,Nearest,OnArrival,5,14,13591,Node_199,11,0,-1,11,-1,,,,,,,,,
6,VISIT,667,Nearest,OnArrival,5,14,13591,Node_199,11,0,-1,11,-1,,,,,,,,,
6,VISIT,668,Nearest,OnArrival,5,11,13591,Node_369,28,0,12,28,12,,,,,,,,,
6,VISIT,665,Nearest,OnArrival,5,18,13614,Node_347,14,0,-1,14,-1,,,,,,,,,
6,VISIT,666,Nearest,OnArrival,5,15,13614,Node_317,10,0,-1,10,-1,,,,,,,,,
6,VISIT,667,Nearest,OnArrival,5,15,13614,Node_317,10,0,-1,10,-1,,,,,,,,,
6,VISIT,668,Nearest,OnArrival,5,12,13614,Node_368,28,0,11,28,11,,,,,,,,,
6,VISIT,665,Nearest,OnArrival,5,19,13637,Node_328,15,0,-1,15,-1,,,,,,,,,
6,VISIT,668,Nearest,OnArrival,5,13,13637,Node_289,27,0,11,27,11,,,,,,,,,
6,VISIT,665,Nearest,OnArrival,5,20,13660,Node_329,15,0,-2,15,-2,,,,,,,,,
6,VISIT,668,Nearest,OnArrival,5,14,13660,Node_288,27,0,10,27,10,,,,,,,,,
6,VISIT,665,Nearest,OnArrival,5,21,13683,Node_345,14,0,-2,14,-2,,,,,,,,,
6,VISIT,668,Nearest,OnArrival,5,15,13683,Node_367,28,0,10,28,10,,,,,,,,,
6,VISIT,665,Nearest,OnArrival,5,22,13706,Node_343,14,0,-3,14,-3,,,,,,,,,
6,VISIT,668,Nearest,OnArrival,5,16,13706,Node_366,28,0,9,28,9,,,,,,,,,
6,VISIT,665,Nearest,OnArrival,5,23,13752,Node_325,12,0,-3,12,-3,,,,,,,,,
6,VISIT,665,Nearest,OnArrival,5,24,13775,Node_201,11,0,-3,11,-3,,,,,,,,,
6,VISIT,665,Nearest,OnArrival,5,25,13798,Node_322,10,0,-3,10,-3,,,,,,,,,
6,VISIT,665,Nearest,OnArrival,5,26,13821,Node_320,10,0,-2,10,-2,,,,,,,,,
6,VISIT,665,Nearest,OnArrival,5,27,13844,Node_200,11,0,-2,11,-2,,,,,,,,,
6,VISIT,665,Nearest,OnArrival,5,28,13866,Node_199,11,0,-1,11,-1,,,,,,,,,
6,VISIT,665,Nearest,OnArrival,5,29,13888,Node_198,11,0,0,11,0,,,,,,,,,
6,VISIT,665,Nearest,OnArrival,5,30,13911,Node_314,10,0,0,10,0,,,,,,,,,
6,VISIT,665,Nearest,OnArrival,5,31,13933,Node_310,10,0,1,10,1,,,,,,,,,
6,VISIT,665,Nearest,OnArrival,5,32,13955,Node_197,11,0,1,11,1,,,,,,,,,
6,VISIT,665,Nearest,OnArrival,5,33,13978,Node_198,11,0,0,11,0,,,,,,,,,
6,VISIT,665,Nearest,OnArrival,5,34,14000,Node_371,12,0,0,12,0,,,,,,,,,
6,VISIT,665,Nearest,OnArrival,5,35,14046,Node_349,14,0,0,14,0,,,,,,,,,
6,VISIT,667,Nearest,OnArrival,5,16,14046,Node_364,3,0,3,3,3,,,,,,,,,
6,VISIT,665,Nearest,OnArrival,5,36,14068,Node_347,14,0,-1,14,-1,,,,,,,,,
6,VISIT,667,Nearest,OnArrival,5,17,14068,Node_365,3,0,4,3,4,,,,,,,,,
6,VISIT,665,Nearest,OnArrival,5,37,14090,Node_345,14,0,-2,14,-2,,,,,,,,,
6,VISIT,665,Nearest,OnArrival,5,38,14112,Node_343,14,0,-3,14,-3,,,,,,,,,
6,VISIT,665,Nearest,OnArrival,5,39,14135,Node_332,15,0,-3,15,-3,,,,,,,,,
6,VISIT,665,Nearest,OnArrival,5,40,14155,Node_329,15,0,-2,15,-2,,,,,,,,,
6,VISIT,669,Nearest,OnArrival,5,0,14206,Node_6,19,0,12,19,12,,,,,,,,,
6,VISIT,670,Nearest,OnArrival,5,0,14206,Node_7,19,0,8,19,8,,,,,,,,,
6,VISIT,671,Nearest,OnArrival,5,0,14206,Node_8,17,0,10,17,10,,,,,,,,,
6,VISIT,672,Nearest,OnArrival,5,0,14206,Node_9,21,0,10,21,10,,,,,,,,,
6,VISIT,669,Nearest,OnArrival,5,1,14222,Node_2,19,0,11,19,11,,,,,,,,,
6,VISIT,670,Nearest,OnArrival,5,1,14222,Node_11,18,0,8,18,8,,,,,,,,,
6,VISIT,671,Nearest,OnArrival,5,1,14222,Node_23,17,0,9,17,9,,,,,,,,,
6,VISIT,672,Nearest,OnArrival,5,1,14222,Node_5,20,0,10,20,10,,,,,,,,,
6,VISIT,669,Nearest,OnArrival,5,2,14239,Node_20,19,0,10,19,10,,,,,,,,,
6,VISIT,670,Nearest,OnArrival,5,2,14239,Node_51,17,0,8,17,8,,,,,,,,,
6,VISIT,671,Nearest,OnArrival,5,2,14239,Node_51,17,0,8,17,8,,,,,,,,,
6,VISIT,672,Nearest,OnArrival,5,2,14239,Node_50,20,0,9,20,9,,,,,,,,,
6,VISIT,669,Nearest,OnArrival,5,3,14256,Node_4,18,0,10,18,10,,,,,,,,,
6,VISIT,670,Nearest,OnArrival,5,3,14256,Node_54,17,0,7,17,7,,,,,,,,,
6,VISIT,671,Nearest,OnArrival,5,3,14256,Node_54,17,0,7,17,7,,,,,,,,,
6,VISIT,672,Nearest,OnArrival,5,3,14256,Node_47,20,0,8,20,8,,,,,,,,,
6,VISIT,669,Nearest,OnArrival,5,4,14274,Node_8,17,0,10,17,10,,,,,,,,,
6,VISIT,670,Nearest,OnArrival,5,4,14274,Node_58,16,0,7,16,7,,,,,,,,,
6,VISIT,671,Nearest,OnArrival,5,4,14274,Node_58,16,0,7,16,7,,,,,,,,,
6,VISIT,672,Nearest,OnArrival,5,4,14274,Node_52,21,0,8,21,8,,,,,,,,,
6,VISIT,665,Nearest,OnArrival,5,41,14286,Node_161,19,0,1,19,1,,,,,,,,,
6,VISIT,669,Nearest,OnArrival,5,5,14293,Node_23,17,0,9,17,9,,,,,,,,,
6,VISIT,670,Nearest,OnArrival,5,5,14293,Node_79,16,0,6,16,6,,,,,,,,,
6,VISIT,671,Nearest,OnArrival,5,5,14293,Node_79,16,0,6,16,6,,,,,,,,,
6,VISIT,672,Nearest,OnArrival,5,5,14293,Node_55,21,0,7,21,7,,,,,,,,,
6,VISIT,665,Nearest,OnArrival,5,42,14304,Node_298,19,0,0,19,0,,,,,,,,,
6,VISIT,669,Nearest,OnArrival,5,6,14311,Node_51,17,0,8,17,8,,,,,,,,,
6,VISIT,670,Nearest,OnArrival,5,6,14311,Node_80,16,0,5,16,5,,,,,,,,,
6,VISIT,671,Nearest,OnArrival,5,6,14311,Node_80,16,0,5,16,5,,,,,,,,,
6,VISIT,672,Nearest,OnArrival,5,6,14311,Node_59,21,0,6,21,6,,,,,,,,,
6,VISIT,665,Nearest,OnArrival,5,43,14322,Node_395,18,0,0,18,0,,,,,,,,,
6,VISIT,669,Nearest,OnArrival,5,7,14330,Node_54,17,0,7,17,7,,,,,,,,,
6,VISIT,670,Nearest,OnArrival,5,7,14330,Node_81,16,0,4,16,4,,,,,,,,,
6,VISIT,671,Nearest,OnArrival,5,7,14330,Node_81,16,0,4,16,4,,,,,,,,,
6,VISIT,672,Nearest,OnArrival,5,7,14330,Node_61,21,0,5,21,5,,,,,,,,,
6,VISIT,669,Nearest,OnArrival,5,8,14350,Node_58,16,0,7,16,7,,,,,,,,,
6,VISIT,670,Nearest,OnArrival,5,8,14350,Node_82,16,0,3,16,3,,,,,,,,,
6,VISIT,671,Nearest,OnArrival,5,8,14350,Node_82,16,0,3,16,3,,,,,,,,,
6,VISIT,672,Nearest,OnArrival,5,8,14350,Node_132,22,0,5,22,5,,,,,,,,,
6,VISIT,669,Nearest,OnArrival,5,9,14370,Node_79,16,0,6,16,6,,,,,,,,,
6,VISIT,670,Nearest,OnArrival,5,9,14370,Node_83,16,0,2,16,2,,,,,,,,,
6,VISIT,671,Nearest,OnArrival,5,9,14370,Node_83,16,0,2,16,2,,,,,,,,,
6,VISIT,672,Nearest,OnArrival,5,9,14370,Node_263,23,0,5,23,5,,,,,,,,,
6,VISIT,665,Nearest,OnArrival,5,44,14381,Node_390,17,0,-2,17,-2,,,,,,,,,
6,VISIT,669,Nearest,OnArrival,5,10,14391,Node_80,16,0,5,16,5,,,,,,,,,
6,VISIT,670,Nearest,OnArrival,5,10,14391,Node_84,15,0,2,15,2,,,,,,,,,
6,VISIT,671,Nearest,OnArrival,5,10,14391,Node_84,15,0,2,15,2,,,,,,,,,
6,VISIT,672,Nearest,OnArrival,5,10,14391,Node_155,24,0,5,24,5,,,,,,,,,
6,VISIT,665,Nearest,OnArrival,5,45,14402,Node_392,17,0,-1,17,-1,,,,,,,,,
6,VISIT,669,Nearest,OnArrival,5,11,14412,Node_81,16,0,4,16,4,,,,,,,,,
6,VISIT,670,Nearest,OnArrival,5,11,14412,Node_326,15,0,1,15,1,,,,,,,,,
6,VISIT,671,Nearest,OnArrival,5,11,14412,Node_326,15,0,1,15,1,,,,,,,,,
6,VISIT,672,Nearest,OnArrival,5,11,14412,Node_260,24,0,4,24,4,,,,,,,,,
6,VISIT,665,Nearest,OnArrival,5,46,14423,Node_401,18,0,-1,18,-1,,,,,,,,,
6,VISIT,669,Nearest,OnArrival,5,12,14433,Node_82,16,0,3,16,3,,,,,,,,,
6,VISIT,670,Nearest,OnArrival,5,12,14433,Node_327,15,0,0,15,0,,,,,,,,,
6,VISIT,671,Nearest,OnArrival,5,12,14433,Node_327,15,0,0,15,0,,,,,,,,,
6,VISIT,672,Nearest,OnArrival,5,12,14433,Node_265,23,0,4,23,4,,,,,,,,,
6,VISIT,665,Nearest,OnArrival,5,47,14444,Node_301,19,0,-1,19,-1,,,,,,,,,
6,VISIT,669,Nearest,OnArrival,5,13,14454,Node_83,16,0,2,16,2,,,,,,,,,
6,VISIT,670,Nearest,OnArrival,5,13,14454,Node_328,15,0,-1,15,-1,,,,,,,,,
6,VISIT,671,Nearest,OnArrival,5,13,14454,Node_328,15,0,-1,15,-1,,,,,,,,,
6,VISIT,672,Nearest,OnArrival,5,13,14454,Node_267,23,0,3,23,3,,,,,,,,,
6,VISIT,665,Nearest,OnArrival,5,48,14464,Node_298,19,0,0,19,0,,,,,,,,,
6,VISIT,669,Nearest,OnArrival,5,14,14474,Node_84,15,0,2,15,2,,,,,,,,,
6,VISIT,670,Nearest,OnArrival,5,14,14474,Node_329,15,0,-2,15,-2,,,,,,,,,
6,VISIT,671,Nearest,OnArrival,5,14,14474,Node_329,15,0,-2,15,-2,,,,,,,,,
6,VISIT,672,Nearest,OnArrival,5,14,14474,Node_262,24,0,3,24,3,,,,,,,,,
6,VISIT,669,Nearest,OnArrival,5,15,14496,Node_326,15,0,1,15,1,,,,,,,,,
6,VISIT,669,Nearest,OnArrival,5,16,14518,Node_327,15,0,0,15,0,,,,,,,,,
6,VISIT,670,Nearest,OnArrival,5,15,14518,Node_390,17,0,-2,17,-2,,,,,,,,,
6,VISIT,671,Nearest,OnArrival,5,15,14518,Node_390,17,0,-2,17,-2,,,,,,,,,
6,VISIT,669,Nearest,OnArrival,5,17,14540,Node_328,15,0,-1,15,-1,,,,,,,,,
6,VISIT,670,Nearest,OnArrival,5,16,14540,Node_402,18,0,-2,18,-2,,,,,,,,,
6,VISIT,671,Nearest,OnArrival,5,16,14540,Node_402,18,0,-2,18,-2,,,,,,,,,
6,VISIT,672,Nearest,OnArrival,5,15,14540,Node_264,24,0,2,24,2,,,,,,,,,
6,VISIT,669,Nearest,OnArrival,5,18,14562,Node_329,15,0,-2,15,-2,,,,,,,,,
6,VISIT,670,Nearest,OnArrival,5,17,14562,Node_304,19,0,-2,19,-2,,,,,,,,,
6,VISIT,671,Nearest,OnArrival,5,17,14562,Node_304,19,0,-2,19,-2,,,,,,,,,
6,VISIT,672,Nearest,OnArrival,5,16,14562,Node_269,23,0,2,23,2,,,,,,,,,
6,VISIT,665,Nearest,OnArrival,5,49,14571,Node_268,23,0,1,23,1,,,,,,,,,
6,VISIT,672,Nearest,OnArrival,5,17,14584,Node_268,23,0,1,23,1,,,,,,,,,
6,VISIT,665,Nearest,OnArrival,5,50,14593,Node_270,23,0,0,23,0,,,,,,,,,
6,VISIT,669,Nearest,OnArrival,5,19,14606,Node_390,17,0,-2,17,-2,,,,,,,,,
6,VISIT,672,Nearest,OnArrival,5,18,14606,Node_270,23,0,0,23,0,,,,,,,,,
6,VISIT,665,Nearest,OnArrival,5,51,14614,Node_405,22,0,0,22,0,,,,,,,,,
6,VISIT,669,Nearest,OnArrival,5,20,14628,Node_402,18,0,-2,18,-2,,,,,,,,,
6,VISIT,672,Nearest,OnArrival,5,19,14628,Node_405,22,0,0,22,0,,,,,,,,,
6,VISIT,669,Nearest,OnArrival,5,21,14649,Node_304,19,0,-2,19,-2,,,,,,,,,
6,VISIT,672,Nearest,OnArrival,5,20,14649,Node_410,22,0,-1,22,-1,,,,,,,,,
6,VISIT,669,Nearest,OnArrival,5,22,14671,Node_307,19,0,-3,19,-3,,,,,,,,,
6,VISIT,670,Nearest,OnArrival,5,18,14671,Node_315,19,0,-5,19,-5,,,,,,,,,
6,VISIT,671,Nearest,OnArrival,5,18,14671,Node_315,19,0,-5,19,-5,,,,,,,,,
6,VISIT,672,Nearest,OnArrival,5,21,14671,Node_277,22,0,-2,22,-2,,,,,,,,,
6,VISIT,669,Nearest,OnArrival,5,23,14693,Node_408,20,0,-3,20,-3,,,,,,,,,
6,VISIT,670,Nearest,OnArrival,5,19,14693,Node_311,19,0,-4,19,-4,,,,,,,,,
6,VISIT,671,Nearest,OnArrival,5,19,14693,Node_311,19,0,-4,19,-4,,,,,,,,,
6,VISIT,672,Nearest,OnArrival,5,22,14693,Node_272,23,0,-2,23,-2,,,,,,,,,
6,VISIT,669,Nearest,OnArrival,5,24,14715,Node_409,20,0,-4,20,-4,,,,,,,,,
6,VISIT,670,Nearest,OnArrival,5,20,14715,Node_321,18,0,-4,18,-4,,,,,,,,,
6,VISIT,671,Nearest,OnArrival,5,20,14715,Node_321,18,0,-4,18,-4,,,,,,,,,
6,VISIT,669,Nearest,OnArrival,5,25,14737,Node_311,19,0,-4,19,-4,,,,,,,,,
6,VISIT,670,Nearest,OnArrival,5,21,14737,Node_318,18,0,-5,18,-5,,,,,,,,,
6,VISIT,671,Nearest,OnArrival,5,21,14737,Node_318,18,0,-5,18,-5,,,,,,,,,
6,VISIT,669,Nearest,OnArrival,5,26,14759,Node_409,20,0,-4,20,-4,,,,,,,,,
6,VISIT,672,Nearest,OnArrival,5,23,14759,Node_273,23,0,-3,23,-3,,,,,,,,,
6,VISIT,670,Nearest,OnArrival,5,22,14781,Node_323,17,0,-4,17,-4,,,,,,,,,
6,VISIT,671,Nearest,OnArrival,5,22,14781,Node_323,17,0,-4,17,-4,,,,,,,,,
6,VISIT,672,Nearest,OnArrival,5,24,14781,Node_275,22,0,-3,22,-3,,,,,,,,,
6,VISIT,670,Nearest,OnArrival,5,23,14803,Node_414,17,0,-5,17,-5,,,,,,,,,
6,VISIT,671,Nearest,OnArrival,5,23,14803,Node_414,17,0,-5,17,-5,,,,,,,,,
6,VISIT,669,Nearest,OnArrival,5,27,14825,Node_411,20,0,-5,20,-5,,,,,,,,,
6,VISIT,669,Nearest,OnArrival,5,28,14847,Node_416,21,0,-5,21,-5,,,,,,,,,
6,VISIT,670,Nearest,OnArrival,5,24,14847,Node_336,15,0,-5,15,-5,,,,,,,,,
6,VISIT,671,Nearest,OnArrival,5,24,14847,Node_336,15,0,-5,15,-5,,,,,,,,,
6,VISIT,672,Nearest,OnArrival,5,25,14847,Node_416,21,0,-5,21,-5,,,,,,,,,
6,VISIT,669,Nearest,OnArrival,5,29,14869,Node_418,22,0,-5,22,-5,,,,,,,,,
6,VISIT,670,Nearest,OnArrival,5,25,14869,Node_334,15,0,-4,15,-4,,,,,,,,,
6,VISIT,671,Nearest,OnArrival,5,25,14869,Node_334,15,0,-4,15,-4,,,,,,,,,
6,VISIT,672,Nearest,OnArrival,5,26,14869,Node_415,21,0,-4,21,-4,,,,,,,,,
6,VISIT,669,Nearest,OnArrival,5,30,14891,Node_417,22,0,-4,22,-4,,,,,,,,,
6,VISIT,670,Nearest,OnArrival,5,26,14891,Node_341,14,0,-4,14,-4,,,,,,,,,
6,VISIT,671,Nearest,OnArrival,5,26,14891,Node_341,14,0,-4,14,-4,,,,,,,,,
6,VISIT,672,Nearest,OnArrival,5,27,14891,Node_417,22,0,-4,22,-4,,,,,,,,,
6,VISIT,669,Nearest,OnArrival,5,31,14913,Node_415,21,0,-4,21,-4,,,,,,,,,
6,VISIT,670,Nearest,OnArrival,5,27,14913,Node_343,14,0,-3,14,-3,,,,,,,,,
6,VISIT,671,Nearest,OnArrival,5,27,14913,Node_343,14,0,-3,14,-3,,,,,,,,,
6,VISIT,672,Nearest,OnArrival,5,28,14913,Node_275,22,0,-3,22,-3,,,,,,,,,
6,VISIT,669,Nearest,OnArrival,5,32,14935,Node_417,22,0,-4,22,-4,,,,,,,,,
6,VISIT,672,Nearest,OnArrival,5,29,14935,Node_273,23,0,-3,23,-3,,,,,,,,,
6,VISIT,669,Nearest,OnArrival,5,33,14957,Node_275,22,0,-3,22,-3,,,,,,,,,
6,VISIT,670,Nearest,OnArrival,5,28,14957,Node_325,12,0,-3,12,-3,,,,,,,,,
6,VISIT,671,Nearest,OnArrival,5,28,14957,Node_325,12,0,-3,12,-3,,,,,,,,,
6,VISIT,672,Nearest,OnArrival,5,30,14957,Node_272,23,0,-2,23,-2,,,,,,,,,
6,VISIT,669,Nearest,OnArrival,5,34,14979,Node_277,22,0,-2,22,-2,,,,,,,,,
6,VISIT,670,Nearest,OnArrival,5,29,14979,Node_324,12,0,-4,12,-4,,,,,,,,,
6,VISIT,671,Nearest,OnArrival,5,29,14979,Node_324,12,0,-4,12,-4,,,,,,,,,
6,VISIT,672,Nearest,OnArrival,5,31,14979,Node_412,24,0,-2,24,-2,,,,,,,,,
6,VISIT,669,Nearest,OnArrival,5,35,15001,Node_410,22,0,-1,22,-1,,,,,,,,,
6,VISIT,670,Nearest,OnArrival,5,30,15001,Node_202,11,0,-4,11,-4,,,,,,,,,
6,VISIT,671,Nearest,OnArrival,5,30,15001,Node_202,11,0,-4,11,-4,,,,,,,,,
6,VISIT,669,Nearest,OnArrival,5,36,15023,Node_271,23,0,-1,23,-1,,,,,,,,,
6,VISIT,670,Nearest,OnArrival,5,31,15023,Node_203,11,0,-5,11,-5,,,,,,,,,
6,VISIT,671,Nearest,OnArrival,5,31,15023,Node_203,11,0,-5,11,-5,,,,,,,,,
6,VISIT,669,Nearest,OnArrival,5,37,15045,Node_272,23,0,-2,23,-2,,,,,,,,,
6,VISIT,670,Nearest,OnArrival,5,32,15045,Node_204,10,0,-5,10,-5,,,,,,,,,
6,VISIT,671,Nearest,OnArrival,5,32,15045,Node_204,10,0,-5,10,-5,,,,,,,,,
6,VISIT,669,Nearest,OnArrival,5,38,15067,Node_412,24,0,-2,24,-2,,,,,,,,,
6,VISIT,670,Nearest,OnArrival,5,33,15085,Node_375,8,0,-5,8,-5,,,,,,,,,
6,VISIT,671,Nearest,OnArrival,5,33,15085,Node_375,8,0,-5,8,-5,,,,,,,,,
6,VISIT,669,Nearest,OnArrival,5,39,15106,Node_419,26,0,-2,26,-2,,,,,,,,,
6,VISIT,673,Nearest,OnArrival,5,0,15116,Node_6,19,0,12,19,12,,,,,,,,,
6,VISIT,674,Nearest,OnArrival,5,0,15116,Node_7,19,0,8,19,8,,,,,,,,,
6,VISIT,675,Nearest,OnArrival,5,0,15116,Node_8,17,0,10,17,10,,,,,,,,,
6,VISIT,676,Nearest,OnArrival,5,0,15116,Node_9,21,0,10,21,10,,,,,,,,,
6,VISIT,673,Nearest,OnArrival,5,1,15131,Node_2,19,0,11,19,11,,,,,,,,,
6,VISIT,674,Nearest,OnArrival,5,1,15131,Node_11,18,0,8,18,8,,,,,,,,,
6,VISIT,675,Nearest,OnArrival,5,1,15131,Node_23,17,0,9,17,9,,,,,,,,,
6,VISIT,676,Nearest,OnArrival,5,1,15131,Node_5,20,0,10,20,10,,,,,,,,,
6,VISIT,670,Nearest,OnArrival,5,34,15135,Node_374,8,0,-2,8,-2,,,,,,,,,
6,VISIT,671,Nearest,OnArrival,5,34,15135,Node_374,8,0,-2,8,-2,,,,,,,,,
6,VISIT,673,Nearest,OnArrival,5,2,15146,Node_20,19,0,10,19,10,,,,,,,,,
6,VISIT,674,Nearest,OnArrival,5,2,15146,Node_51,17,0,8,17,8,,,,,,,,,
6,VISIT,675,Nearest,OnArrival,5,2,15146,Node_51,17,0,8,17,8,,,,,,,,,
6,VISIT,676,Nearest,OnArrival,5,2,15146,Node_50,20,0,9,20,9,,,,,,,,,
6,VISIT,673,Nearest,OnArrival,5,3,15161,Node_4,18,0,10,18,10,,,,,,,,,
6,VISIT,674,Nearest,OnArrival,5,3,15161,Node_54,17,0,7,17,7,,,,,,,,,
6,VISIT,675,Nearest,OnArrival,5,3,15161,Node_54,17,0,7,17,7,,,,,,,,,
6,VISIT,676,Nearest,OnArrival,5,3,15161,Node_47,20,0,8,20,8,,,,,,,,,
6,VISIT,673,Nearest,OnArrival,5,4,15177,Node_8,17,0,10,17,10,,,,,,,,,
6,VISIT,674,Nearest,OnArrival,5,4,15177,Node_58,16,0,7,16,7,,,,,,,,,
6,VISIT,675,Nearest,OnArrival,5,4,15177,Node_58,16,0,7,16,7,,,,,,,,,
6,VISIT,676,Nearest,OnArrival,5,4,15177,Node_7,19,0,8,19,8,,,,,,,,,
6,VISIT,673,Nearest,OnArrival,5,5,15192,Node_23,17,0,9,17,9,,,,,,,,,
6,VISIT,674,Nearest,OnArrival,5,5,15192,Node_79,16,0,6,16,6,,,,,,,,,
6,VISIT,675,Nearest,OnArrival,5,5,15192,Node_79,16,0,6,16,6,,,,,,,,,
6,VISIT,676,Nearest,OnArrival,5,5,15192,Node_11,18,0,8,18,8,,,,,,,,,
6,VISIT,670,Nearest,OnArrival,5,35,15196,Node_382,5,0,-3,5,-3,,,,,,,,,
6,VISIT,671,Nearest,OnArrival,5,35,15196,Node_382,5,0,-3,5,-3,,,,,,,,,
6,VISIT,673,Nearest,OnArrival,5,6,15207,Node_51,17,0,8,17,8,,,,,,,,,
6,VISIT,674,Nearest,OnArrival,5,6,15207,Node_68,15,0,6,15,6,,,,,,,,,
6,VISIT,675,Nearest,OnArrival,5,6,15207,Node_68,15,0,6,15,6,,,,,,,,,
6,VISIT,676,Nearest,OnArrival,5,6,15207,Node_51,17,0,8,17,8,,,,,,,,,
6,VISIT,669,Nearest,OnArrival,5,40,15211,Node_425,26,0,-5,26,-5,,,,,,,,,
6,VISIT,673,Nearest,OnArrival,5,7,15223,Node_54,17,0,7,17,7,,,,,,,,,
6,VISIT,674,Nearest,OnArrival,5,7,15223,Node_188,14,0,6,14,6,,,,,,,,,
6,VISIT,675,Nearest,OnArrival,5,7,15223,Node_188,14,0,6,14,6,,,,,,,,,
6,VISIT,676,Nearest,OnArrival,5,7,15223,Node_54,17,0,7,17,7,,,,,,,,,
6,VISIT,670,Nearest,OnArrival,5,36,15227,Node_379,5,0,-5,5,-5,,,,,,,,,
6,VISIT,671,Nearest,OnArrival,5,36,15227,Node_379,5,0,-5,5,-5,,,,,,,,,
6,VISIT,673,Nearest,OnArrival,5,8,15238,Node_58,16,0,7,16,7,,,,,,,,,
6,VISIT,674,Nearest,OnArrival,5,8,15238,Node_172,13,0,6,13,6,,,,,,,,,
6,VISIT,675,Nearest,OnArrival,5,8,15238,Node_172,13,0,6,13,6,,,,,,,,,
6,VISIT,676,Nearest,OnArrival,5,8,15238,Node_58,16,0,7,16,7,,,,,,,,,
6,VISIT,673,Nearest,OnArrival,5,9,15254,Node_79,16,0,6,16,6,,,,,,,,,
6,VISIT,674,Nearest,OnArrival,5,9,15254,Node_175,13,0,5,13,5,,,,,,,,,
6,VISIT,675,Nearest,OnArrival,5,9,15254,Node_175,13,0,5,13,5,,,,,,,,,
6,VISIT,676,Nearest,OnArrival,5,9,15254,Node_79,16,0,6,16,6,,,,,,,,,
6,VISIT,673,Nearest,OnArrival,5,10,15270,Node_68,15,0,6,15,6,,,,,,,,,
6,VISIT,674,Nearest,OnArrival,5,10,15270,Node_178,12,0,5,12,5,,,,,,,,,
6,VISIT,675,Nearest,OnArrival,5,10,15270,Node_178,12,0,5,12,5,,,,,,,,,
6,VISIT,676,Nearest,OnArrival,5,10,15270,Node_68,15,0,6,15,6,,,,,,,,,
6,VISIT,669,Nearest,OnArrival,5,41,15276,Node_354,27,0,-2,27,-2,,,,,,,,,
6,VISIT,673,Nearest,OnArrival,5,11,15288,Node_188,14,0,6,14,6,,,,,,,,,
6,VISIT,674,Nearest,OnArrival,5,11,15288,Node_193,11,0,5,11,5,,,,,,,,,
6,VISIT,675,Nearest,OnArrival,5,11,15288,Node_193,11,0,5,11,5,,,,,,,,,
6,VISIT,676,Nearest,OnArrival,5,11,15288,Node_188,14,0,6,14,6,,,,,,,,,
6,VISIT,669,Nearest,OnArrival,5,42,15294,Node_421,27,0,-1,27,-1,,,,,,,,,
6,VISIT,673,Nearest,OnArrival,5,12,15306,Node_172,13,0,6,13,6,,,,,,,,,
6,VISIT,674,Nearest,OnArrival,5,12,15306,Node_209,10,0,5,10,5,,,,,,,,,
6,VISIT,675,Nearest,OnArrival,5,12,15306,Node_209,10,0,5,10,5,,,,,,,,,
6,VISIT,676,Nearest,OnArrival,5,12,15306,Node_172,13,0,6,13,6,,,,,,,,,
6,VISIT,669,Nearest,OnArrival,5,43,15312,Node_352,28,0,-1,28,-1,,,,,,,,,
6,VISIT,673,Nearest,OnArrival,5,13,15325,Node_175,13,0,5,13,5,,,,,,,,,
6,VISIT,674,Nearest,OnArrival,5,13,15325,Node_212,9,0,5,9,5,,,,,,,,,
6,VISIT,675,Nearest,OnArrival,5,13,15325,Node_212,9,0,5,9,5,,,,,,,,,
6,VISIT,676,Nearest,OnArrival,5,13,15325,Node_175,13,0,5,13,5,,,,,,,,,
6,VISIT,673,Nearest,OnArrival,5,14,15343,Node_178,12,0,5,12,5,,,,,,,,,
6,VISIT,674,Nearest,OnArrival,5,14,15343,Node_214,8,0,5,8,5,,,,,,,,,
6,VISIT,675,Nearest,OnArrival,5,14,15343,Node_214,8,0,5,8,5,,,,,,,,,
6,VISIT,676,Nearest,OnArrival,5,14,15343,Node_178,12,0,5,12,5,,,,,,,,,
6,VISIT,673,Nearest,OnArrival,5,15,15362,Node_193,11,0,5,11,5,,,,,,,,,
6,VISIT,676,Nearest,OnArrival,5,15,15362,Node_193,11,0,5,11,5,,,,,,,,,
6,VISIT,673,Nearest,OnArrival,5,16,15381,Node_209,10,0,5,10,5,,,,,,,,,
6,VISIT,676,Nearest,OnArrival,5,16,15381,Node_209,10,0,5,10,5,,,,,,,,,
6,VISIT,673,Nearest,OnArrival,5,17,15402,Node_212,9,0,5,9,5,,,,,,,,,
6,VISIT,674,Nearest,OnArrival,5,15,15402,Node_355,8,0,2,8,2,,,,,,,,,
6,VISIT,675,Nearest,OnArrival,5,15,15402,Node_355,8,0,2,8,2,,,,,,,,,
6,VISIT,676,Nearest,OnArrival,5,17,15402,Node_212,9,0,5,9,5,,,,,,,,,
6,VISIT,673,Nearest,OnArrival,5,18,15423,Node_214,8,0,5,8,5,,,,,,,,,
6,VISIT,676,Nearest,OnArrival,5,18,15423,Node_214,8,0,5,8,5,,,,,,,,,
6,VISIT,674,Nearest,OnArrival,5,16,15444,Node_361,6,0,2,6,2,,,,,,,,,
6,VISIT,675,Nearest,OnArrival,5,16,15444,Node_361,6,0,2,6,2,,,,,,,,,
6,VISIT,673,Nearest,OnArrival,5,19,15487,Node_355,8,0,2,8,2,,,,,,,,,
6,VISIT,676,Nearest,OnArrival,5,19,15487,Node_355,8,0,2,8,2,,,,,,,,,
6,VISIT,671,Nearest,OnArrival,5,37,15494,Node_389,-1,0,3,-1,3,,,,,,,,,
6,VISIT,671,Nearest,OnArrival,5,38,15515,Node_391,-1,0,4,-1,4,,,,,,,,,
6,VISIT,673,Nearest,OnArrival,5,20,15529,Node_361,6,0,2,6,2,,,,,,,,,
6,VISIT,676,Nearest,OnArrival,5,20,15529,Node_361,6,0,2,6,2,,,,,,,,,
6,VISIT,671,Nearest,OnArrival,5,39,15536,Node_393,-2,0,4,-2,4,,,,,,,,,
6,VISIT,674,Nearest,OnArrival,5,17,15550,Node_386,3,0,0,3,0,,,,,,,,,
6,VISIT,675,Nearest,OnArrival,5,17,15550,Node_386,3,0,0,3,0,,,,,,,,,
6,VISIT,673,Nearest,OnArrival,5,21,15571,Node_439,6,0,0,6,0,,,,,,,,,
6,VISIT,676,Nearest,OnArrival,5,21,15571,Node_439,6,0,0,6,0,,,,,,,,,
6,VISIT,674,Nearest,OnArrival,5,18,15613,Node_436,0,0,0,0,0,,,,,,,,,
6,VISIT,675,Nearest,OnArrival,5,18,15613,Node_436,0,0,0,0,0,,,,,,,,,
6,VISIT,673,Nearest,OnArrival,5,22,15634,Node_386,3,0,0,3,0,,,,,,,,,
6,VISIT,674,Nearest,OnArrival,5,19,15634,Node_437,0,0,1,0,1,,,,,,,,,
6,VISIT,675,Nearest,OnArrival,5,19,15634,Node_437,0,0,1,0,1,,,,,,,,,
6,VISIT,676,Nearest,OnArrival,5,22,15634,Node_386,3,0,0,3,0,,,,,,,,,
6,VISIT,674,Nearest,OnArrival,5,20,15655,Node_438,-1,0,1,-1,1,,,,,,,,,
6,VISIT,675,Nearest,OnArrival,5,20,15655,Node_438,-1,0,1,-1,1,,,,,,,,,
6,VISIT,673,Nearest,OnArrival,5,23,15676,Node_385,3,0,-2,3,-2,,,,,,,,,
6,VISIT,676,Nearest,OnArrival,5,23,15676,Node_385,3,0,-2,3,-2,,,,,,,,,
6,VISIT,674,Nearest,OnArrival,5,21,15697,Node_442,-3,0,1,-3,1,,,,,,,,,
6,VISIT,675,Nearest,OnArrival,5,21,15697,Node_442,-3,0,1,-3,1,,,,,,,,,
6,VISIT,673,Nearest,OnArrival,5,24,15718,Node_434,1,0,-2,1,-2,,,,,,,,,
6,VISIT,674,Nearest,OnArrival,5,22,15718,Node_441,-3,0,2,-3,2,,,,,,,,,
6,VISIT,675,Nearest,OnArrival,5,22,15718,Node_441,-3,0,2,-3,2,,,,,,,,,
6,VISIT,676,Nearest,OnArrival,5,24,15718,Node_434,1,0,-2,1,-2,,,,,,,,,
6,VISIT,673,Nearest,OnArrival,5,25,15739,Node_435,0,0,-2,0,-2,,,,,,,,,
6,VISIT,676,Nearest,OnArrival,5,25,15739,Node_435,0,0,-2,0,-2,,,,,,,,,
6,VISIT,673,Nearest,OnArrival,5,26,15907,Node_432,1,0,-5,1,-5,,,,,,,,,
6,VISIT,676,Nearest,OnArrival,5,26,15907,Node_432,1,0,-5,1,-5,,,,,,,,,
6,VISIT,677,Nearest,OnArrival,5,0,15956,Node_6,19,0,12,19,12,,,,,,,,,
6,VISIT,678,Nearest,OnArrival,5,0,15956,Node_7,19,0,8,19,8,,,,,,,,,
6,VISIT,679,Nearest,OnArrival,5,0,15956,Node_8,17,0,10,17,10,,,,,,,,,
6,VISIT,680,Nearest,OnArrival,5,0,15956,Node_9,21,0,10,21,10,,,,,,,,,
6,VISIT,673,Nearest,OnArrival,5,27,15960,Node_452,-2,0,-5,-2,-5,,,,,,,,,
6,VISIT,676,Nearest,OnArrival,5,27,15960,Node_452,-2,0,-5,-2,-5,,,,,,,,,
6,VISIT,677,Nearest,OnArrival,5,1,15969,Node_2,19,0,11,19,11,,,,,,,,,
6,VISIT,678,Nearest,OnArrival,5,1,15969,Node_11,18,0,8,18,8,,,,,,,,,
6,VISIT,679,Nearest,OnArrival,5,1,15969,Node_23,17,0,9,17,9,,,,,,,,,
6,VISIT,680,Nearest,OnArrival,5,1,15969,Node_5,20,0,10,20,10,,,,,,,,,
6,VISIT,677,Nearest,OnArrival,5,2,15983,Node_20,19,0,10,19,10,,,,,,,,,
6,VISIT,678,Nearest,OnArrival,5,2,15983,Node_51,17,0,8,17,8,,,,,,,,,
6,VISIT,679,Nearest,OnArrival,5,2,15983,Node_51,17,0,8,17,8,,,,,,,,,
6,VISIT,680,Nearest,OnArrival,5,2,15983,Node_50,20,0,9,20,9,,,,,,,,,
6,VISIT,673,Nearest,OnArrival,5,28,15988,Node_449,-2,0,-3,-2,-3,,,,,,,,,
6,VISIT,676,Nearest,OnArrival,5,28,15988,Node_449,-2,0,-3,-2,-3,,,,,,,,,
6,VISIT,677,Nearest,OnArrival,5,3,15997,Node_4,18,0,10,18,10,,,,,,,,,
6,VISIT,678,Nearest,OnArrival,5,3,15997,Node_54,17,0,7,17,7,,,,,,,,,
6,VISIT,679,Nearest,OnArrival,5,3,15997,Node_54,17,0,7,17,7,,,,,,,,,
6,VISIT,680,Nearest,OnArrival,5,3,15997,Node_47,20,0,8,20,8,,,,,,,,,
6,VISIT,673,Nearest,OnArrival,5,29,16002,Node_444,-3,0,-3,-3,-3,,,,,,,,,
6,VISIT,676,Nearest,OnArrival,5,29,16002,Node_444,-3,0,-3,-3,-3,,,,,,,,,
6,VISIT,677,Nearest,OnArrival,5,4,16010,Node_8,17,0,10,17,10,,,,,,,,,
6,VISIT,678,Nearest,OnArrival,5,4,16010,Node_58,16,0,7,16,7,,,,,,,,,
6,VISIT,679,Nearest,OnArrival,5,4,16010,Node_58,16,0,7,16,7,,,,,,,,,
6,VISIT,680,Nearest,OnArrival,5,4,16010,Node_7,19,0,8,19,8,,,,,,,,,
6,VISIT,677,Nearest,OnArrival,5,5,16024,Node_23,17,0,9,17,9,,,,,,,,,
6,VISIT,678,Nearest,OnArrival,5,5,16024,Node_79,16,0,6,16,6,,,,,,,,,
6,VISIT,679,Nearest,OnArrival,5,5,16024,Node_79,16,0,6,16,6,,,,,,,,,
6,VISIT,680,Nearest,OnArrival,5,5,16024,Node_11,18,0,8,18,8,,,,,,,,,
6,VISIT,673,Nearest,OnArrival,5,30,16029,Node_445,-5,0,-3,-5,-3,,,,,,,,,
6,VISIT,676,Nearest,OnArrival,5,30,16029,Node_445,-5,0,-3,-5,-3,,,,,,,,,
6,VISIT,677,Nearest,OnArrival,5,6,16037,Node_51,17,0,8,17,8,,,,,,,,,
6,VISIT,678,Nearest,OnArrival,5,6,16037,Node_68,15,0,6,15,6,,,,,,,,,
6,VISIT,679,Nearest,OnArrival,5,6,16037,Node_68,15,0,6,15,6,,,,,,,,,
6,VISIT,680,Nearest,OnArrival,5,6,16037,Node_51,17,0,8,17,8,,,,,,,,,
6,VISIT,677,Nearest,OnArrival,5,7,16051,Node_54,17,0,7,17,7,,,,,,,,,
6,VISIT,678,Nearest,OnArrival,5,7,16051,Node_188,14,0,6,14,6,,,,,,,,,
6,VISIT,679,Nearest,OnArrival,5,7,16051,Node_188,14,0,6,14,6,,,,,,,,,
6,VISIT,680,Nearest,OnArrival,5,7,16051,Node_54,17,0,7,17,7,,,,,,,,,
6,VISIT,675,Nearest,OnArrival,5,23,16056,Node_459,-10,0,2,-10,2,,,,,,,,,
6,VISIT,677,Nearest,OnArrival,5,8,16065,Node_58,16,0,7,16,7,,,,,,,,,
6,VISIT,678,Nearest,OnArrival,5,8,16065,Node_172,13,0,6,13,6,,,,,,,,,
6,VISIT,679,Nearest,OnArrival,5,8,16065,Node_172,13,0,6,13,6,,,,,,,,,
6,VISIT,680,Nearest,OnArrival,5,8,16065,Node_58,16,0,7,16,7,,,,,,,,,
6,VISIT,677,Nearest,OnArrival,5,9,16079,Node_79,16,0,6,16,6,,,,,,,,,
6,VISIT,678,Nearest,OnArrival,5,9,16079,Node_175,13,0,5,13,5,,,,,,,,,
6,VISIT,679,Nearest,OnArrival,5,9,16079,Node_175,13,0,5,13,5,,,,,,,,,
6,VISIT,680,Nearest,OnArrival,5,9,16079,Node_79,16,0,6,16,6,,,,,,,,,
6,VISIT,677,Nearest,OnArrival,5,10,16093,Node_68,15,0,6,15,6,,,,,,,,,
6,VISIT,678,Nearest,OnArrival,5,10,16093,Node_178,12,0,5,12,5,,,,,,,,,
6,VISIT,679,Nearest,OnArrival,5,10,16093,Node_178,12,0,5,12,5,,,,,,,,,
6,VISIT,680,Nearest,OnArrival,5,10,16093,Node_68,15,0,6,15,6,,,,,,,,,
6,VISIT,677,Nearest,OnArrival,5,11,16108,Node_188,14,0,6,14,6,,,,,,,,,
6,VISIT,678,Nearest,OnArrival,5,11,16108,Node_193,11,0,5,11,5,,,,,,,,,
6,VISIT,679,Nearest,OnArrival,5,11,16108,Node_193,11,0,5,11,5,,,,,,,,,
6,VISIT,680,Nearest,OnArrival,5,11,16108,Node_188,14,0,6,14,6,,,,,,,,,
6,VISIT,677,Nearest,OnArrival,5,12,16123,Node_172,13,0,6,13,6,,,,,,,,,
6,VISIT,678,Nearest,OnArrival,5,12,16123,Node_209,10,0,5,10,5,,,,,,,,,
6,VISIT,679,Nearest,OnArrival,5,12,16123,Node_209,10,0,5,10,5,,,,,,,,,
6,VISIT,680,Nearest,OnArrival,5,12,16123,Node_172,13,0,6,13,6,,,,,,,,,
6,VISIT,677,Nearest,OnArrival,5,13,16138,Node_175,13,0,5,13,5,,,,,,,,,
6,VISIT,678,Nearest,OnArrival,5,13,16138,Node_212,9,0,5,9,5,,,,,,,,,
6,VISIT,679,Nearest,OnArrival,5,13,16138,Node_212,9,0,5,9,5,,,,,,,,,
6,VISIT,680,Nearest,OnArrival,5,13,16138,Node_175,13,0,5,13,5,,,,,,,,,
6,VISIT,677,Nearest,OnArrival,5,14,16155,Node_178,12,0,5,12,5,,,,,,,,,
6,VISIT,678,Nearest,OnArrival,5,14,16155,Node_211,9,0,6,9,6,,,,,,,,,
6,VISIT,679,Nearest,OnArrival,5,14,16155,Node_211,9,0,6,9,6,,,,,,,,,
6,VISIT,680,Nearest,OnArrival,5,14,16155,Node_178,12,0,5,12,5,,,,,,,,,
6,VISIT,677,Nearest,OnArrival,5,15,16173,Node_193,11,0,5,11,5,,,,,,,,,
6,VISIT,678,Nearest,OnArrival,5,15,16173,Node_215,8,0,6,8,6,,,,,,,,,
6,VISIT,679,Nearest,OnArrival,5,15,16173,Node_215,8,0,6,8,6,,,,,,,,,
6,VISIT,680,Nearest,OnArrival,5,15,16173,Node_193,11,0,5,11,5,,,,,,,,,
6,VISIT,677,Nearest,OnArrival,5,16,16191,Node_209,10,0,5,10,5,,,,,,,,,
6,VISIT,678,Nearest,OnArrival,5,16,16191,Node_224,7,0,6,7,6,,,,,,,,,
6,VISIT,679,Nearest,OnArrival,5,16,16191,Node_224,7,0,6,7,6,,,,,,,,,
6,VISIT,680,Nearest,OnArrival,5,16,16191,Node_209,10,0,5,10,5,,,,,,,,,
6,VISIT,673,Nearest,OnArrival,5,31,16197,Node_458,-10,0,-1,-10,-1,,,,,,,,,
6,VISIT,676,Nearest,OnArrival,5,31,16197,Node_458,-10,0,-1,-10,-1,,,,,,,,,
6,VISIT,677,Nearest,OnArrival,5,17,16207,Node_212,9,0,5,9,5,,,,,,,,,
6,VISIT,678,Nearest,OnArrival,5,17,16207,Node_226,6,0,6,6,6,,,,,,,,,
6,VISIT,679,Nearest,OnArrival,5,17,16207,Node_226,6,0,6,6,6,,,,,,,,,
6,VISIT,680,Nearest,OnArrival,5,17,16207,Node_212,9,0,5,9,5,,,,,,,,,
6,VISIT,677,Nearest,OnArrival,5,18,16226,Node_211,9,0,6,9,6,,,,,,,,,
6,VISIT,678,Nearest,OnArrival,5,18,16226,Node_233,5,0,6,5,6,,,,,,,,,
6,VISIT,679,Nearest,OnArrival,5,18,16226,Node_233,5,0,6,5,6,,,,,,,,,
6,VISIT,680,Nearest,OnArrival,5,18,16226,Node_211,9,0,6,9,6,,,,,,,,,
6,VISIT,673,Nearest,OnArrival,5,32,16235,Node_457,-8,0,-1,-8,-1,,,,,,,,,
6,VISIT,676,Nearest,OnArrival,5,32,16235,Node_457,-8,0,-1,-8,-1,,,,,,,,,
6,VISIT,677,Nearest,OnArrival,5,19,16246,Node_215,8,0,6,8,6,,,,,,,,,
6,VISIT,680,Nearest,OnArrival,5,19,16246,Node_215,8,0,6,8,6,,,,,,,,,
6,VISIT,673,Nearest,OnArrival,5,33,16255,Node_454,-7,0,-1,-7,-1,,,,,,,,,
6,VISIT,676,Nearest,OnArrival,5,33,16255,Node_454,-7,0,-1,-7,-1,,,,,,,,,
6,VISIT,677,Nearest,OnArrival,5,20,16266,Node_224,7,0,6,7,6,,,,,,,,,
6,VISIT,680,Nearest,OnArrival,5,20,16266,Node_224,7,0,6,7,6,,,,,,,,,
6,VISIT,673,Nearest,OnArrival,5,34,16275,Node_453,-7,0,0,-7,0,,,,,,,,,
6,VISIT,676,Nearest,OnArrival,5,34,16275,Node_453,-7,0,0,-7,0,,,,,,,,,
6,VISIT,677,Nearest,OnArrival,5,21,16286,Node_226,6,0,6,6,6,,,,,,,,,
6,VISIT,678,Nearest,OnArrival,5,19,16286,Node_237,5,0,9,5,9,,,,,,,,,
6,VISIT,679,Nearest,OnArrival,5,19,16286,Node_237,5,0,9,5,9,,,,,,,,,
6,VISIT,680,Nearest,OnArrival,5,21,16286,Node_226,6,0,6,6,6,,,,,,,,,
6,VISIT,673,Nearest,OnArrival,5,35,16295,Node_451,-6,0,0,-6,0,,,,,,,,,
6,VISIT,676,Nearest,OnArrival,5,35,16295,Node_451,-6,0,0,-6,0,,,,,,,,,
6,VISIT,677,Nearest,OnArrival,5,22,16306,Node_233,5,0,6,5,6,,,,,,,,,
6,VISIT,680,Nearest,OnArrival,5,22,16306,Node_233,5,0,6,5,6,,,,,,,,,
6,VISIT,673,Nearest,OnArrival,5,36,16315,Node_450,-5,0,0,-5,0,,,,,,,,,
6,VISIT,676,Nearest,OnArrival,5,36,16315,Node_450,-5,0,0,-5,0,,,,,,,,,
6,VISIT,678,Nearest,OnArrival,5,20,16346,Node_238,5,0,10,5,10,,,,,,,,,
6,VISIT,679,Nearest,OnArrival,5,20,16346,Node_238,5,0,10,5,10,,,,,,,,,
6,VISIT,673,Nearest,OnArrival,5,37,16355,Node_443,-3,0,0,-3,0,,,,,,,,,
6,VISIT,676,Nearest,OnArrival,5,37,16355,Node_443,-3,0,0,-3,0,,,,,,,,,
6,VISIT,677,Nearest,OnArrival,5,23,16366,Node_237,5,0,9,5,9,,,,,,,,,
6,VISIT,680,Nearest,OnArrival,5,23,16366,Node_237,5,0,9,5,9,,,,,,,,,
6,VISIT,673,Nearest,OnArrival,5,38,16374,Node_442,-3,0,1,-3,1,,,,,,,,,
6,VISIT,676,Nearest,OnArrival,5,38,16374,Node_442,-3,0,1,-3,1,,,,,,,,,
6,VISIT,677,Nearest,OnArrival,5,24,16385,Node_238,5,0,10,5,10,,,,,,,,,
6,VISIT,680,Nearest,OnArrival,5,24,16385,Node_238,5,0,10,5,10,,,,,,,,,
6,VISIT,673,Nearest,OnArrival,5,39,16393,Node_441,-3,0,2,-3,2,,,,,,,,,
6,VISIT,676,Nearest,OnArrival,5,39,16393,Node_441,-3,0,2,-3,2,,,,,,,,,
6,VISIT,680,Nearest,OnArrival,5,25,16404,Node_474,6,0,10,6,10,,,,,,,,,
6,VISIT,677,Nearest,OnArrival,5,25,16424,Node_475,3,0,10,3,10,,,,,,,,,
6,VISIT,673,Nearest,OnArrival,5,40,16453,Node_448,-6,0,2,-6,2,,,,,,,,,
6,VISIT,676,Nearest,OnArrival,5,40,16453,Node_448,-6,0,2,-6,2,,,,,,,,,
6,VISIT,677,Nearest,OnArrival,5,26,16464,Node_360,2,0,9,2,9,,,,,,,,,
6,VISIT,673,Nearest,OnArrival,5,41,16473,Node_463,-7,0,2,-7,2,,,,,,,,,
6,VISIT,676,Nearest,OnArrival,5,41,16473,Node_463,-7,0,2,-7,2,,,,,,,,,
6,VISIT,677,Nearest,OnArrival,5,27,16504,Node_477,2,0,11,2,11,,,,,,,,,
6,VISIT,680,Nearest,OnArrival,5,26,16504,Node_295,9,0,12,9,12,,,,,,,,,
6,VISIT,673,Nearest,OnArrival,5,42,16513,Node_465,-7,0,4,-7,4,,,,,,,,,
6,VISIT,676,Nearest,OnArrival,5,42,16513,Node_465,-7,0,4,-7,4,,,,,,,,,
6,VISIT,680,Nearest,OnArrival,5,27,16524,Node_258,10,0,12,10,12,,,,,,,,,
6,VISIT,677,Nearest,OnArrival,5,28,16564,Node_484,1,0,13,1,13,,,,,,,,,
6,VISIT,680,Nearest,OnArrival,5,28,16564,Node_258,10,0,12,10,12,,,,,,,,,
6,VISIT,680,Nearest,OnArrival,5,29,16584,Node_257,10,0,11,10,11,,,,,,,,,
6,VISIT,673,Nearest,OnArrival,5,43,16593,Node_440,-3,0,4,-3,4,,,,,,,,,
6,VISIT,676,Nearest,OnArrival,5,43,16593,Node_440,-3,0,4,-3,4,,,,,,,,,
6,VISIT,680,Nearest,OnArrival,5,30,16604,Node_293,9,0,11,9,11,,,,,,,,,
6,VISIT,673,Nearest,OnArrival,5,44,16613,Node_393,-2,0,4,-2,4,,,,,,,,,
6,VISIT,676,Nearest,OnArrival,5,44,16613,Node_393,-2,0,4,-2,4,,,,,,,,,
6,VISIT,680,Nearest,OnArrival,5,31,16624,Node_482,8,0,11,8,11,,,,,,,,,
6,VISIT,677,Nearest,OnArrival,5,29,16644,Node_488,1,0,15,1,15,,,,,,,,,
6,VISIT,680,Nearest,OnArrival,5,32,16644,Node_480,8,0,10,8,10,,,,,,,,,
6,VISIT,673,Nearest,OnArrival,5,45,16653,Node_396,-2,0,6,-2,6,,,,,,,,,
6,VISIT,676,Nearest,OnArrival,5,45,16653,Node_396,-2,0,6,-2,6,,,,,,,,,
6,VISIT,677,Nearest,OnArrival,5,30,16664,Node_486,1,0,14,1,14,,,,,,,,,
6,VISIT,680,Nearest,OnArrival,5,33,16664,Node_290,9,0,10,9,10,,,,,,,,,
6,VISIT,677,Nearest,OnArrival,5,31,16684,Node_494,0,0,14,0,14,,,,,,,,,
6,VISIT,680,Nearest,OnArrival,5,34,16684,Node_293,9,0,11,9,11,,,,,,,,,
6,VISIT,680,Nearest,OnArrival,5,35,16704,Node_295,9,0,12,9,12,,,,,,,,,
6,VISIT,680,Nearest,OnArrival,5,36,16723,Node_296,9,0,13,9,13,,,,,,,,,
6,VISIT,681,Nearest,OnArrival,5,0,16727,Node_6,19,0,12,19,12,,,,,,,,,
6,VISIT,682,Nearest,OnArrival,5,0,16727,Node_7,19,0,8,19,8,,,,,,,,,
6,VISIT,683,Nearest,OnArrival,5,0,16727,Node_8,17,0,10,17,10,,,,,,,,,
6,VISIT,684,Nearest,OnArrival,5,0,16727,Node_9,21,0,10,21,10,,,,,,,,,
6,VISIT,680,Nearest,OnArrival,5,37,16734,Node_259,10,0,13,10,13,,,,,,,,,
6,VISIT,681,Nearest,OnArrival,5,1,16738,Node_2,19,0,11,19,11,,,,,,,,,
6,VISIT,682,Nearest,OnArrival,5,1,16738,Node_11,18,0,8,18,8,,,,,,,,,
6,VISIT,683,Nearest,OnArrival,5,1,16738,Node_23,17,0,9,17,9,,,,,,,,,
6,VISIT,684,Nearest,OnArrival,5,1,16738,Node_5,20,0,10,20,10,,,,,,,,,
6,VISIT,680,Nearest,OnArrival,5,38,16746,Node_109,10,0,14,10,14,,,,,,,,,
6,VISIT,681,Nearest,OnArrival,5,2,16750,Node_20,19,0,10,19,10,,,,,,,,,
6,VISIT,682,Nearest,OnArrival,5,2,16750,Node_51,17,0,8,17,8,,,,,,,,,
6,VISIT,683,Nearest,OnArrival,5,2,16750,Node_51,17,0,8,17,8,,,,,,,,,
6,VISIT,684,Nearest,OnArrival,5,2,16750,Node_50,20,0,9,20,9,,,,,,,,,
6,VISIT,680,Nearest,OnArrival,5,39,16757,Node_261,9,0,14,9,14,,,,,,,,,
6,VISIT,681,Nearest,OnArrival,5,3,16762,Node_4,18,0,10,18,10,,,,,,,,,
6,VISIT,682,Nearest,OnArrival,5,3,16762,Node_54,17,0,7,17,7,,,,,,,,,
6,VISIT,683,Nearest,OnArrival,5,3,16762,Node_54,17,0,7,17,7,,,,,,,,,
6,VISIT,684,Nearest,OnArrival,5,3,16762,Node_47,20,0,8,20,8,,,,,,,,,
6,VISIT,681,Nearest,OnArrival,5,4,16774,Node_8,17,0,10,17,10,,,,,,,,,
6,VISIT,682,Nearest,OnArrival,5,4,16774,Node_58,16,0,7,16,7,,,,,,,,,
6,VISIT,683,Nearest,OnArrival,5,4,16774,Node_58,16,0,7,16,7,,,,,,,,,
6,VISIT,684,Nearest,OnArrival,5,4,16774,Node_7,19,0,8,19,8,,,,,,,,,
6,VISIT,680,Nearest,OnArrival,5,40,16781,Node_305,8,0,15,8,15,,,,,,,,,
6,VISIT,681,Nearest,OnArrival,5,5,16786,Node_23,17,0,9,17,9,,,,,,,,,
6,VISIT,682,Nearest,OnArrival,5,5,16786,Node_79,16,0,6,16,6,,,,,,,,,
6,VISIT,683,Nearest,OnArrival,5,5,16786,Node_79,16,0,6,16,6,,,,,,,,,
6,VISIT,684,Nearest,OnArrival,5,5,16786,Node_11,18,0,8,18,8,,,,,,,,,
6,VISIT,680,Nearest,OnArrival,5,41,16793,Node_308,8,0,16,8,16,,,,,,,,,
6,VISIT,681,Nearest,OnArrival,5,6,16798,Node_51,17,0,8,17,8,,,,,,,,,
6,VISIT,682,Nearest,OnArrival,5,6,16798,Node_68,15,0,6,15,6,,,,,,,,,
6,VISIT,683,Nearest,OnArrival,5,6,16798,Node_68,15,0,6,15,6,,,,,,,,,
6,VISIT,684,Nearest,OnArrival,5,6,16798,Node_51,17,0,8,17,8,,,,,,,,,
6,VISIT,680,Nearest,OnArrival,5,42,16805,Node_115,9,0,16,9,16,,,,,,,,,
6,VISIT,681,Nearest,OnArrival,5,7,16810,Node_54,17,0,7,17,7,,,,,,,,,
6,VISIT,682,Nearest,OnArrival,5,7,16810,Node_188,14,0,6,14,6,,,,,,,,,
6,VISIT,683,Nearest,OnArrival,5,7,16810,Node_188,14,0,6,14,6,,,,,,,,,
6,VISIT,684,Nearest,OnArrival,5,7,16810,Node_54,17,0,7,17,7,,,,,,,,,
6,VISIT,680,Nearest,OnArrival,5,43,16817,Node_116,9,0,17,9,17,,,,,,,,,
6,VISIT,681,Nearest,OnArrival,5,8,16822,Node_58,16,0,7,16,7,,,,,,,,,
6,VISIT,682,Nearest,OnArrival,5,8,16822,Node_172,13,0,6,13,6,,,,,,,,,
6,VISIT,683,Nearest,OnArrival,5,8,16822,Node_172,13,0,6,13,6,,,,,,,,,
6,VISIT,684,Nearest,OnArrival,5,8,16822,Node_58,16,0,7,16,7,,,,,,,,,
6,VISIT,680,Nearest,OnArrival,5,44,16829,Node_312,8,0,17,8,17,,,,,,,,,
6,VISIT,681,Nearest,OnArrival,5,9,16834,Node_79,16,0,6,16,6,,,,,,,,,
6,VISIT,682,Nearest,OnArrival,5,9,16834,Node_175,13,0,5,13,5,,,,,,,,,
6,VISIT,683,Nearest,OnArrival,5,9,16834,Node_175,13,0,5,13,5,,,,,,,,,
6,VISIT,684,Nearest,OnArrival,5,9,16834,Node_79,16,0,6,16,6,,,,,,,,,
6,VISIT,680,Nearest,OnArrival,5,45,16841,Node_316,8,0,18,8,18,,,,,,,,,
6,VISIT,681,Nearest,OnArrival,5,10,16846,Node_68,15,0,6,15,6,,,,,,,,,
6,VISIT,682,Nearest,OnArrival,5,10,16846,Node_178,12,0,5,12,5,,,,,,,,,
6,VISIT,683,Nearest,OnArrival,5,10,16846,Node_178,12,0,5,12,5,,,,,,,,,
6,VISIT,684,Nearest,OnArrival,5,10,16846,Node_68,15,0,6,15,6,,,,,,,,,
6,VISIT,680,Nearest,OnArrival,5,46,16853,Node_118,9,0,18,9,18,,,,,,,,,
6,VISIT,681,Nearest,OnArrival,5,11,16858,Node_188,14,0,6,14,6,,,,,,,,,
6,VISIT,682,Nearest,OnArrival,5,11,16858,Node_193,11,0,5,11,5,,,,,,,,,
6,VISIT,683,Nearest,OnArrival,5,11,16858,Node_193,11,0,5,11,5,,,,,,,,,
6,VISIT,684,Nearest,OnArrival,5,11,16858,Node_188,14,0,6,14,6,,,,,,,,,
6,VISIT,681,Nearest,OnArrival,5,12,16871,Node_172,13,0,6,13,6,,,,,,,,,
6,VISIT,682,Nearest,OnArrival,5,12,16871,Node_209,10,0,5,10,5,,,,,,,,,
6,VISIT,683,Nearest,OnArrival,5,12,16871,Node_209,10,0,5,10,5,,,,,,,,,
6,VISIT,684,Nearest,OnArrival,5,12,16871,Node_172,13,0,6,13,6,,,,,,,,,
6,VISIT,681,Nearest,OnArrival,5,13,16884,Node_175,13,0,5,13,5,,,,,,,,,
6,VISIT,682,Nearest,OnArrival,5,13,16884,Node_212,9,0,5,9,5,,,,,,,,,
6,VISIT,683,Nearest,OnArrival,5,13,16884,Node_212,9,0,5,9,5,,,,,,,,,
6,VISIT,684,Nearest,OnArrival,5,13,16884,Node_175,13,0,5,13,5,,,,,,,,,
6,VISIT,681,Nearest,OnArrival,5,14,16900,Node_178,12,0,5,12,5,,,,,,,,,
6,VISIT,682,Nearest,OnArrival,5,14,16900,Node_211,9,0,6,9,6,,,,,,,,,
6,VISIT,683,Nearest,OnArrival,5,14,16900,Node_211,9,0,6,9,6,,,,,,,,,
6,VISIT,684,Nearest,OnArrival,5,14,16900,Node_178,12,0,5,12,5,,,,,,,,,
6,VISIT,681,Nearest,OnArrival,5,15,16916,Node_193,11,0,5,11,5,,,,,,,,,
6,VISIT,682,Nearest,OnArrival,5,15,16916,Node_215,8,0,6,8,6,,,,,,,,,
6,VISIT,683,Nearest,OnArrival,5,15,16916,Node_215,8,0,6,8,6,,,,,,,,,
6,VISIT,684,Nearest,OnArrival,5,15,16916,Node_193,11,0,5,11,5,,,,,,,,,
6,VISIT,681,Nearest,OnArrival,5,16,16932,Node_209,10,0,5,10,5,,,,,,,,,
6,VISIT,682,Nearest,OnArrival,5,16,16932,Node_224,7,0,6,7,6,,,,,,,,,
6,VISIT,683,Nearest,OnArrival,5,16,16932,Node_224,7,0,6,7,6,,,,,,,,,
6,VISIT,684,Nearest,OnArrival,5,16,16932,Node_209,10,0,5,10,5,,,,,,,,,
6,VISIT,681,Nearest,OnArrival,5,17,16948,Node_212,9,0,5,9,5,,,,,,,,,
6,VISIT,682,Nearest,OnArrival,5,17,16948,Node_226,6,0,6,6,6,,,,,,,,,
6,VISIT,683,Nearest,OnArrival,5,17,16948,Node_226,6,0,6,6,6,,,,,,,,,
6,VISIT,684,Nearest,OnArrival,5,17,16948,Node_212,9,0,5,9,5,,,,,,,,,
6,VISIT,681,Nearest,OnArrival,5,18,16965,Node_211,9,0,6,9,6,,,,,,,,,
6,VISIT,682,Nearest,OnArrival,5,18,16965,Node_233,5,0,6,5,6,,,,,,,,,
6,VISIT,683,Nearest,OnArrival,5,18,16965,Node_233,5,0,6,5,6,,,,,,,,,
6,VISIT,684,Nearest,OnArrival,5,18,16965,Node_211,9,0,6,9,6,,,,,,,,,
6,VISIT,681,Nearest,OnArrival,5,19,16983,Node_215,8,0,6,8,6,,,,,,,,,
6,VISIT,684,Nearest,OnArrival,5,19,16983,Node_215,8,0,6,8,6,,,,,,,,,
6,VISIT,681,Nearest,OnArrival,5,20,17003,Node_224,7,0,6,7,6,,,,,,,,,
6,VISIT,682,Nearest,OnArrival,5,19,17003,Node_356,3,0,6,3,6,,,,,,,,,
6,VISIT,683,Nearest,OnArrival,5,19,17003,Node_356,3,0,6,3,6,,,,,,,,,
6,VISIT,684,Nearest,OnArrival,5,20,17003,Node_224,7,0,6,7,6,,,,,,,,,
6,VISIT,681,Nearest,OnArrival,5,21,17023,Node_226,6,0,6,6,6,,,,,,,,,
6,VISIT,684,Nearest,OnArrival,5,21,17023,Node_226,6,0,6,6,6,,,,,,,,,
6,VISIT,681,Nearest,OnArrival,5,22,17042,Node_233,5,0,6,5,6,,,,,,,,,
6,VISIT,682,Nearest,OnArrival,5,20,17042,Node_358,2,0,7,2,7,,,,,,,,,
6,VISIT,683,Nearest,OnArrival,5,20,17042,Node_358,2,0,7,2,7,,,,,,,,,
6,VISIT,684,Nearest,OnArrival,5,22,17042,Node_233,5,0,6,5,6,,,,,,,,,
6,VISIT,682,Nearest,OnArrival,5,21,17062,Node_359,2,0,8,2,8,,,,,,,,,
6,VISIT,683,Nearest,OnArrival,5,21,17062,Node_359,2,0,8,2,8,,,,,,,,,
6,VISIT,681,Nearest,OnArrival,5,23,17082,Node_356,3,0,6,3,6,,,,,,,,,
6,VISIT,684,Nearest,OnArrival,5,23,17082,Node_356,3,0,6,3,6,,,,,,,,,
6,VISIT,681,Nearest,OnArrival,5,24,17101,Node_526,2,0,6,2,6,,,,,,,,,
6,VISIT,684,Nearest,OnArrival,5,24,17101,Node_526,2,0,6,2,6,,,,,,,,,
6,VISIT,682,Nearest,OnArrival,5,22,17139,Node_487,1,0,11,1,11,,,,,,,,,
6,VISIT,683,Nearest,OnArrival,5,22,17139,Node_487,1,0,11,1,11,,,,,,,,,
6,VISIT,682,Nearest,OnArrival,5,23,17158,Node_489,1,0,12,1,12,,,,,,,,,
6,VISIT,683,Nearest,OnArrival,5,23,17158,Node_489,1,0,12,1,12,,,,,,,,,
6,VISIT,682,Nearest,OnArrival,5,24,17177,Node_479,2,0,12,2,12,,,,,,,,,
6,VISIT,683,Nearest,OnArrival,5,24,17177,Node_479,2,0,12,2,12,,,,,,,,,
6,VISIT,681,Nearest,OnArrival,5,25,17196,Node_400,-1,0,8,-1,8,,,,,,,,,
6,VISIT,682,Nearest,OnArrival,5,25,17196,Node_481,2,0,13,2,13,,,,,,,,,
6,VISIT,683,Nearest,OnArrival,5,25,17196,Node_481,2,0,13,2,13,,,,,,,,,
6,VISIT,684,Nearest,OnArrival,5,25,17196,Node_400,-1,0,8,-1,8,,,,,,,,,
6,VISIT,681,Nearest,OnArrival,5,26,17367,Node_509,-3,0,15,-3,15,,,,,,,,,
6,VISIT,684,Nearest,OnArrival,5,26,17367,Node_509,-3,0,15,-3,15,,,,,,,,,
6,VISIT,683,Nearest,OnArrival,5,26,17405,Node_491,1,0,17,1,17,,,,,,,,,
6,VISIT,683,Nearest,OnArrival,5,27,17423,Node_549,2,0,17,2,17,,,,,,,,,
6,VISIT,685,Nearest,OnArrival,5,0,17435,Node_6,19,0,12,19,12,,,,,,,,,
6,VISIT,686,Nearest,OnArrival,5,0,17435,Node_7,19,0,8,19,8,,,,,,,,,
6,VISIT,687,Nearest,OnArrival,5,0,17435,Node_8,17,0,10,17,10,,,,,,,,,
6,VISIT,688,Nearest,OnArrival,5,0,17435,Node_9,21,0,10,21,10,,,,,,,,,
6,VISIT,683,Nearest,OnArrival,5,28,17439,Node_544,3,0,17,3,17,,,,,,,,,
6,VISIT,685,Nearest,OnArrival,5,1,17444,Node_2,19,0,11,19,11,,,,,,,,,
6,VISIT,686,Nearest,OnArrival,5,1,17444,Node_11,18,0,8,18,8,,,,,,,,,
6,VISIT,687,Nearest,OnArrival,5,1,17444,Node_23,17,0,9,17,9,,,,,,,,,
6,VISIT,688,Nearest,OnArrival,5,1,17444,Node_5,20,0,10,20,10,,,,,,,,,
6,VISIT,683,Nearest,OnArrival,5,29,17449,Node_543,4,0,17,4,17,,,,,,,,,
6,VISIT,685,Nearest,OnArrival,5,2,17455,Node_20,19,0,10,19,10,,,,,,,,,
6,VISIT,686,Nearest,OnArrival,5,2,17455,Node_51,17,0,8,17,8,,,,,,,,,
6,VISIT,687,Nearest,OnArrival,5,2,17455,Node_51,17,0,8,17,8,,,,,,,,,
6,VISIT,688,Nearest,OnArrival,5,2,17455,Node_50,20,0,9,20,9,,,,,,,,,
6,VISIT,685,Nearest,OnArrival,5,3,17466,Node_4,18,0,10,18,10,,,,,,,,,
6,VISIT,686,Nearest,OnArrival,5,3,17466,Node_54,17,0,7,17,7,,,,,,,,,
6,VISIT,687,Nearest,OnArrival,5,3,17466,Node_54,17,0,7,17,7,,,,,,,,,
6,VISIT,688,Nearest,OnArrival,5,3,17466,Node_47,20,0,8,20,8,,,,,,,,,
6,VISIT,685,Nearest,OnArrival,5,4,17476,Node_8,17,0,10,17,10,,,,,,,,,
6,VISIT,686,Nearest,OnArrival,5,4,17476,Node_58,16,0,7,16,7,,,,,,,,,
6,VISIT,687,Nearest,OnArrival,5,4,17476,Node_58,16,0,7,16,7,,,,,,,,,
6,VISIT,688,Nearest,OnArrival,5,4,17476,Node_7,19,0,8,19,8,,,,,,,,,
6,VISIT,685,Nearest,OnArrival,5,5,17487,Node_23,17,0,9,17,9,,,,,,,,,
6,VISIT,686,Nearest,OnArrival,5,5,17487,Node_79,16,0,6,16,6,,,,,,,,,
6,VISIT,687,Nearest,OnArrival,5,5,17487,Node_79,16,0,6,16,6,,,,,,,,,
6,VISIT,688,Nearest,OnArrival,5,5,17487,Node_11,18,0,8,18,8,,,,,,,,,
6,VISIT,685,Nearest,OnArrival,5,6,17498,Node_51,17,0,8,17,8,,,,,,,,,
6,VISIT,686,Nearest,OnArrival,5,6,17498,Node_68,15,0,6,15,6,,,,,,,,,
6,VISIT,687,Nearest,OnArrival,5,6,17498,Node_68,15,0,6,15,6,,,,,,,,,
6,VISIT,688,Nearest,OnArrival,5,6,17498,Node_51,17,0,8,17,8,,,,,,,,,
6,VISIT,685,Nearest,OnArrival,5,7,17509,Node_54,17,0,7,17,7,,,,,,,,,
6,VISIT,686,Nearest,OnArrival,5,7,17509,Node_188,14,0,6,14,6,,,,,,,,,
6,VISIT,687,Nearest,OnArrival,5,7,17509,Node_188,14,0,6,14,6,,,,,,,,,
6,VISIT,688,Nearest,OnArrival,5,7,17509,Node_54,17,0,7,17,7,,,,,,,,,
6,VISIT,685,Nearest,OnArrival,5,8,17520,Node_58,16,0,7,16,7,,,,,,,,,
6,VISIT,686,Nearest,OnArrival,5,8,17520,Node_172,13,0,6,13,6,,,,,,,,,
6,VISIT,687,Nearest,OnArrival,5,8,17520,Node_172,13,0,6,13,6,,,,,,,,,
6,VISIT,688,Nearest,OnArrival,5,8,17520,Node_58,16,0,7,16,7,,,,,,,,,
6,VISIT,685,Nearest,OnArrival,5,9,17530,Node_79,16,0,6,16,6,,,,,,,,,
6,VISIT,686,Nearest,OnArrival,5,9,17530,Node_175,13,0,5,13,5,,,,,,,,,
6,VISIT,687,Nearest,OnArrival,5,9,17530,Node_175,13,0,5,13,5,,,,,,,,,
6,VISIT,688,Nearest,OnArrival,5,9,17530,Node_79,16,0,6,16,6,,,,,,,,,
6,VISIT,684,Nearest,OnArrival,5,27,17534,Node_559,-7,0,20,-7,20,,,,,,,,,
6,VISIT,685,Nearest,OnArrival,5,10,17541,Node_68,15,0,6,15,6,,,,,,,,,
6,VISIT,686,Nearest,OnArrival,5,10,17541,Node_178,12,0,5,12,5,,,,,,,,,
6,VISIT,687,Nearest,OnArrival,5,10,17541,Node_178,12,0,5,12,5,,,,,,,,,
6,VISIT,688,Nearest,OnArrival,5,10,17541,Node_68,15,0,6,15,6,,,,,,,,,
6,VISIT,685,Nearest,OnArrival,5,11,17552,Node_188,14,0,6,14,6,,,,,,,,,
6,VISIT,686,Nearest,OnArrival,5,11,17552,Node_193,11,0,5,11,5,,,,,,,,,
6,VISIT,687,Nearest,OnArrival,5,11,17552,Node_193,11,0,5,11,5,,,,,,,,,
6,VISIT,688,Nearest,OnArrival,5,11,17552,Node_188,14,0,6,14,6,,,,,,,,,
6,VISIT,685,Nearest,OnArrival,5,12,17564,Node_172,13,0,6,13,6,,,,,,,,,
6,VISIT,686,Nearest,OnArrival,5,12,17564,Node_209,10,0,5,10,5,,,,,,,,,
6,VISIT,687,Nearest,OnArrival,5,12,17564,Node_209,10,0,5,10,5,,,,,,,,,
6,VISIT,688,Nearest,OnArrival,5,12,17564,Node_172,13,0,6,13,6,,,,,,,,,
6,VISIT,685,Nearest,OnArrival,5,13,17576,Node_175,13,0,5,13,5,,,,,,,,,
6,VISIT,686,Nearest,OnArrival,5,13,17576,Node_212,9,0,5,9,5,,,,,,,,,
6,VISIT,687,Nearest,OnArrival,5,13,17576,Node_212,9,0,5,9,5,,,,,,,,,
6,VISIT,688,Nearest,OnArrival,5,13,17576,Node_175,13,0,5,13,5,,,,,,,,,
6,VISIT,685,Nearest,OnArrival,5,14,17588,Node_178,12,0,5,12,5,,,,,,,,,
6,VISIT,686,Nearest,OnArrival,5,14,17588,Node_214,8,0,5,8,5,,,,,,,,,
6,VISIT,687,Nearest,OnArrival,5,14,17588,Node_214,8,0,5,8,5,,,,,,,,,
6,VISIT,688,Nearest,OnArrival,5,14,17588,Node_178,12,0,5,12,5,,,,,,,,,
6,VISIT,685,Nearest,OnArrival,5,15,17601,Node_193,11,0,5,11,5,,,,,,,,,
6,VISIT,688,Nearest,OnArrival,5,15,17601,Node_193,11,0,5,11,5,,,,,,,,,
6,VISIT,685,Nearest,OnArrival,5,16,17616,Node_209,10,0,5,10,5,,,,,,,,,
6,VISIT,688,Nearest,OnArrival,5,16,17616,Node_209,10,0,5,10,5,,,,,,,,,
6,VISIT,685,Nearest,OnArrival,5,17,17632,Node_212,9,0,5,9,5,,,,,,,,,
6,VISIT,686,Nearest,OnArrival,5,15,17632,Node_355,8,0,2,8,2,,,,,,,,,
6,VISIT,687,Nearest,OnArrival,5,15,17632,Node_355,8,0,2,8,2,,,,,,,,,
6,VISIT,688,Nearest,OnArrival,5,17,17632,Node_212,9,0,5,9,5,,,,,,,,,
6,VISIT,685,Nearest,OnArrival,5,18,17646,Node_214,8,0,5,8,5,,,,,,,,,
6,VISIT,688,Nearest,OnArrival,5,18,17646,Node_214,8,0,5,8,5,,,,,,,,,
6,VISIT,686,Nearest,OnArrival,5,16,17662,Node_361,6,0,2,6,2,,,,,,,,,
6,VISIT,687,Nearest,OnArrival,5,16,17662,Node_361,6,0,2,6,2,,,,,,,,,
6,VISIT,685,Nearest,OnArrival,5,19,17695,Node_355,8,0,2,8,2,,,,,,,,,
6,VISIT,686,Nearest,OnArrival,5,17,17695,Node_439,6,0,0,6,0,,,,,,,,,
6,VISIT,687,Nearest,OnArrival,5,17,17695,Node_439,6,0,0,6,0,,,,,,,,,
6,VISIT,688,Nearest,OnArrival,5,19,17695,Node_355,8,0,2,8,2,,,,,,,,,
6,VISIT,685,Nearest,OnArrival,5,20,17729,Node_361,6,0,2,6,2,,,,,,,,,
6,VISIT,688,Nearest,OnArrival,5,20,17729,Node_361,6,0,2,6,2,,,,,,,,,
6,VISIT,686,Nearest,OnArrival,5,18,17746,Node_386,3,0,0,3,0,,,,,,,,,
6,VISIT,687,Nearest,OnArrival,5,18,17746,Node_386,3,0,0,3,0,,,,,,,,,
6,VISIT,685,Nearest,OnArrival,5,21,17763,Node_439,6,0,0,6,0,,,,,,,,,
6,VISIT,688,Nearest,OnArrival,5,21,17763,Node_439,6,0,0,6,0,,,,,,,,,
6,VISIT,686,Nearest,OnArrival,5,19,17799,Node_436,0,0,0,0,0,,,,,,,,,
6,VISIT,687,Nearest,OnArrival,5,19,17799,Node_436,0,0,0,0,0,,,,,,,,,
6,VISIT,685,Nearest,OnArrival,5,22,17818,Node_386,3,0,0,3,0,,,,,,,,,
6,VISIT,686,Nearest,OnArrival,5,20,17818,Node_437,0,0,1,0,1,,,,,,,,,
6,VISIT,687,Nearest,OnArrival,5,20,17818,Node_437,0,0,1,0,1,,,,,,,,,
6,VISIT,688,Nearest,OnArrival,5,22,17818,Node_386,3,0,0,3,0,,,,,,,,,
6,VISIT,686,Nearest,OnArrival,5,21,17835,Node_438,-1,0,1,-1,1,,,,,,,,,
6,VISIT,687,Nearest,OnArrival,5,21,17835,Node_438,-1,0,1,-1,1,,,,,,,,,
6,VISIT,685,Nearest,OnArrival,5,23,17873,Node_436,0,0,0,0,0,,,,,,,,,
6,VISIT,686,Nearest,OnArrival,5,22,17873,Node_389,-1,0,3,-1,3,,,,,,,,,
6,VISIT,687,Nearest,OnArrival,5,22,17873,Node_389,-1,0,3,-1,3,,,,,,,,,
6,VISIT,688,Nearest,OnArrival,5,23,17873,Node_436,0,0,0,0,0,,,,,,,,,
6,VISIT,685,Nearest,OnArrival,5,24,17891,Node_437,0,0,1,0,1,,,,,,,,,
6,VISIT,686,Nearest,OnArrival,5,23,17891,Node_391,-1,0,4,-1,4,,,,,,,,,
6,VISIT,687,Nearest,OnArrival,5,23,17891,Node_391,-1,0,4,-1,4,,,,,,,,,
6,VISIT,688,Nearest,OnArrival,5,24,17891,Node_437,0,0,1,0,1,,,,,,,,,
6,VISIT,685,Nearest,OnArrival,5,25,17910,Node_438,-1,0,1,-1,1,,,,,,,,,
6,VISIT,686,Nearest,OnArrival,5,24,17910,Node_393,-2,0,4,-2,4,,,,,,,,,
6,VISIT,687,Nearest,OnArrival,5,24,17910,Node_393,-2,0,4,-2,4,,,,,,,,,
6,VISIT,688,Nearest,OnArrival,5,25,17910,Node_438,-1,0,1,-1,1,,,,,,,,,
6,VISIT,685,Nearest,OnArrival,5,26,17948,Node_389,-1,0,3,-1,3,,,,,,,,,
6,VISIT,686,Nearest,OnArrival,5,25,17948,Node_396,-2,0,6,-2,6,,,,,,,,,
6,VISIT,687,Nearest,OnArrival,5,25,17948,Node_396,-2,0,6,-2,6,,,,,,,,,
6,VISIT,688,Nearest,OnArrival,5,26,17948,Node_389,-1,0,3,-1,3,,,,,,,,,
6,VISIT,685,Nearest,OnArrival,5,27,17967,Node_391,-1,0,4,-1,4,,,,,,,,,
6,VISIT,686,Nearest,OnArrival,5,26,17967,Node_530,-1,0,6,-1,6,,,,,,,,,
6,VISIT,687,Nearest,OnArrival,5,26,17967,Node_530,-1,0,6,-1,6,,,,,,,,,
6,VISIT,688,Nearest,OnArrival,5,27,17967,Node_391,-1,0,4,-1,4,,,,,,,,,
6,VISIT,685,Nearest,OnArrival,5,28,17986,Node_393,-2,0,4,-2,4,,,,,,,,,
6,VISIT,686,Nearest,OnArrival,5,27,17986,Node_531,-1,0,7,-1,7,,,,,,,,,
6,VISIT,687,Nearest,OnArrival,5,27,17986,Node_531,-1,0,7,-1,7,,,,,,,,,
6,VISIT,688,Nearest,OnArrival,5,28,17986,Node_393,-2,0,4,-2,4,,,,,,,,,
6,VISIT,686,Nearest,OnArrival,5,28,18005,Node_398,-2,0,7,-2,7,,,,,,,,,
6,VISIT,687,Nearest,OnArrival,5,28,18005,Node_398,-2,0,7,-2,7,,,,,,,,,
6,VISIT,685,Nearest,OnArrival,5,29,18024,Node_396,-2,0,6,-2,6,,,,,,,,,
6,VISIT,686,Nearest,OnArrival,5,29,18024,Node_396,-2,0,6,-2,6,,,,,,,,,
6,VISIT,687,Nearest,OnArrival,5,29,18024,Node_396,-2,0,6,-2,6,,,,,,,,,
6,VISIT,688,Nearest,OnArrival,5,29,18024,Node_396,-2,0,6,-2,6,,,,,,,,,
6,VISIT,685,Nearest,OnArrival,5,30,18062,Node_500,-4,0,6,-4,6,,,,,,,,,
6,VISIT,686,Nearest,OnArrival,5,30,18062,Node_500,-4,0,6,-4,6,,,,,,,,,
6,VISIT,687,Nearest,OnArrival,5,30,18062,Node_500,-4,0,6,-4,6,,,,,,,,,
6,VISIT,688,Nearest,OnArrival,5,30,18062,Node_500,-4,0,6,-4,6,,,,,,,,,
6,VISIT,685,Nearest,OnArrival,5,31,18081,Node_519,-5,0,6,-5,6,,,,,,,,,
6,VISIT,686,Nearest,OnArrival,5,31,18081,Node_519,-5,0,6,-5,6,,,,,,,,,
6,VISIT,687,Nearest,OnArrival,5,31,18081,Node_519,-5,0,6,-5,6,,,,,,,,,
6,VISIT,688,Nearest,OnArrival,5,31,18081,Node_519,-5,0,6,-5,6,,,,,,,,,
6,VISIT,689,Nearest,OnArrival,5,0,18085,Node_6,19,0,12,19,12,,,,,,,,,
6,VISIT,690,Nearest,OnArrival,5,0,18085,Node_7,19,0,8,19,8,,,,,,,,,
6,VISIT,691,Nearest,OnArrival,5,0,18085,Node_8,17,0,10,17,10,,,,,,,,,
6,VISIT,692,Nearest,OnArrival,5,0,18085,Node_9,21,0,10,21,10,,,,,,,,,
6,VISIT,685,Nearest,OnArrival,5,32,18090,Node_518,-5,0,7,-5,7,,,,,,,,,
6,VISIT,686,Nearest,OnArrival,5,32,18090,Node_518,-5,0,7,-5,7,,,,,,,,,
6,VISIT,687,Nearest,OnArrival,5,32,18090,Node_518,-5,0,7,-5,7,,,,,,,,,
6,VISIT,688,Nearest,OnArrival,5,32,18090,Node_518,-5,0,7,-5,7,,,,,,,,,
6,VISIT,689,Nearest,OnArrival,5,1,18094,Node_2,19,0,11,19,11,,,,,,,,,
6,VISIT,690,Nearest,OnArrival,5,1,18094,Node_11,18,0,8,18,8,,,,,,,,,
6,VISIT,691,Nearest,OnArrival,5,1,18094,Node_24,16,0,10,16,10,,,,,,,,,
6,VISIT,692,Nearest,OnArrival,5,1,18094,Node_5,20,0,10,20,10,,,,,,,,,
6,VISIT,689,Nearest,OnArrival,5,2,18104,Node_20,19,0,10,19,10,,,,,,,,,
6,VISIT,690,Nearest,OnArrival,5,2,18104,Node_51,17,0,8,17,8,,,,,,,,,
6,VISIT,691,Nearest,OnArrival,5,2,18104,Node_26,15,0,10,15,10,,,,,,,,,
6,VISIT,692,Nearest,OnArrival,5,2,18104,Node_20,19,0,10,19,10,,,,,,,,,
6,VISIT,685,Nearest,OnArrival,5,33,18110,Node_520,-6,0,6,-6,6,,,,,,,,,
6,VISIT,686,Nearest,OnArrival,5,33,18110,Node_520,-6,0,6,-6,6,,,,,,,,,
6,VISIT,687,Nearest,OnArrival,5,33,18110,Node_520,-6,0,6,-6,6,,,,,,,,,
6,VISIT,688,Nearest,OnArrival,5,33,18110,Node_520,-6,0,6,-6,6,,,,,,,,,
6,VISIT,689,Nearest,OnArrival,5,3,18114,Node_4,18,0,10,18,10,,,,,,,,,
6,VISIT,690,Nearest,OnArrival,5,3,18114,Node_54,17,0,7,17,7,,,,,,,,,
6,VISIT,691,Nearest,OnArrival,5,3,18114,Node_127,14,0,10,14,10,,,,,,,,,
6,VISIT,692,Nearest,OnArrival,5,3,18114,Node_4,18,0,10,18,10,,,,,,,,,
6,VISIT,685,Nearest,OnArrival,5,34,18120,Node_467,-7,0,6,-7,6,,,,,,,,,
6,VISIT,686,Nearest,OnArrival,5,34,18120,Node_467,-7,0,6,-7,6,,,,,,,,,
6,VISIT,687,Nearest,OnArrival,5,34,18120,Node_467,-7,0,6,-7,6,,,,,,,,,
6,VISIT,688,Nearest,OnArrival,5,34,18120,Node_467,-7,0,6,-7,6,,,,,,,,,
6,VISIT,689,Nearest,OnArrival,5,4,18124,Node_8,17,0,10,17,10,,,,,,,,,
6,VISIT,690,Nearest,OnArrival,5,4,18124,Node_58,16,0,7,16,7,,,,,,,,,
6,VISIT,691,Nearest,OnArrival,5,4,18124,Node_166,13,0,10,13,10,,,,,,,,,
6,VISIT,692,Nearest,OnArrival,5,4,18124,Node_8,17,0,10,17,10,,,,,,,,,
6,VISIT,689,Nearest,OnArrival,5,5,18134,Node_24,16,0,10,16,10,,,,,,,,,
6,VISIT,690,Nearest,OnArrival,5,5,18134,Node_79,16,0,6,16,6,,,,,,,,,
6,VISIT,691,Nearest,OnArrival,5,5,18134,Node_168,13,0,9,13,9,,,,,,,,,
6,VISIT,692,Nearest,OnArrival,5,5,18134,Node_24,16,0,10,16,10,,,,,,,,,
6,VISIT,689,Nearest,OnArrival,5,6,18144,Node_26,15,0,10,15,10,,,,,,,,,
6,VISIT,690,Nearest,OnArrival,5,6,18144,Node_68,15,0,6,15,6,,,,,,,,,
6,VISIT,691,Nearest,OnArrival,5,6,18144,Node_247,12,0,9,12,9,,,,,,,,,
6,VISIT,692,Nearest,OnArrival,5,6,18144,Node_26,15,0,10,15,10,,,,,,,,,
6,VISIT,689,Nearest,OnArrival,5,7,18155,Node_127,14,0,10,14,10,,,,,,,,,
6,VISIT,690,Nearest,OnArrival,5,7,18155,Node_188,14,0,6,14,6,,,,,,,,,
6,VISIT,691,Nearest,OnArrival,5,7,18155,Node_252,11,0,9,11,9,,,,,,,,,
6,VISIT,692,Nearest,OnArrival,5,7,18155,Node_127,14,0,10,14,10,,,,,,,,,
6,VISIT,689,Nearest,OnArrival,5,8,18166,Node_166,13,0,10,13,10,,,,,,,,,
6,VISIT,690,Nearest,OnArrival,5,8,18166,Node_172,13,0,6,13,6,,,,,,,,,
6,VISIT,691,Nearest,OnArrival,5,8,18166,Node_254,10,0,9,10,9,,,,,,,,,
6,VISIT,692,Nearest,OnArrival,5,8,18166,Node_166,13,0,10,13,10,,,,,,,,,
6,VISIT,689,Nearest,OnArrival,5,9,18178,Node_168,13,0,9,13,9,,,,,,,,,
6,VISIT,690,Nearest,OnArrival,5,9,18178,Node_181,12,0,6,12,6,,,,,,,,,
6,VISIT,691,Nearest,OnArrival,5,9,18178,Node_256,10,0,10,10,10,,,,,,,,,
6,VISIT,692,Nearest,OnArrival,5,9,18178,Node_168,13,0,9,13,9,,,,,,,,,
6,VISIT,689,Nearest,OnArrival,5,10,18191,Node_247,12,0,9,12,9,,,,,,,,,
6,VISIT,690,Nearest,OnArrival,5,10,18191,Node_192,11,0,6,11,6,,,,,,,,,
6,VISIT,691,Nearest,OnArrival,5,10,18191,Node_290,9,0,10,9,10,,,,,,,,,
6,VISIT,692,Nearest,OnArrival,5,10,18191,Node_247,12,0,9,12,9,,,,,,,,,
6,VISIT,685,Nearest,OnArrival,5,35,18197,Node_470,-10,0,8,-10,8,,,,,,,,,
6,VISIT,686,Nearest,OnArrival,5,35,18197,Node_470,-10,0,8,-10,8,,,,,,,,,
6,VISIT,687,Nearest,OnArrival,5,35,18197,Node_470,-10,0,8,-10,8,,,,,,,,,
6,VISIT,688,Nearest,OnArrival,5,35,18197,Node_470,-10,0,8,-10,8,,,,,,,,,
6,VISIT,689,Nearest,OnArrival,5,11,18204,Node_252,11,0,9,11,9,,,,,,,,,
6,VISIT,690,Nearest,OnArrival,5,11,18204,Node_210,10,0,6,10,6,,,,,,,,,
6,VISIT,691,Nearest,OnArrival,5,11,18204,Node_480,8,0,10,8,10,,,,,,,,,
6,VISIT,692,Nearest,OnArrival,5,11,18204,Node_252,11,0,9,11,9,,,,,,,,,
6,VISIT,689,Nearest,OnArrival,5,12,18218,Node_254,10,0,9,10,9,,,,,,,,,
6,VISIT,690,Nearest,OnArrival,5,12,18218,Node_211,9,0,6,9,6,,,,,,,,,
6,VISIT,692,Nearest,OnArrival,5,12,18218,Node_254,10,0,9,10,9,,,,,,,,,
6,VISIT,685,Nearest,OnArrival,5,36,18227,Node_471,-10,0,10,-10,10,,,,,,,,,
6,VISIT,686,Nearest,OnArrival,5,36,18227,Node_471,-10,0,10,-10,10,,,,,,,,,
6,VISIT,687,Nearest,OnArrival,5,36,18227,Node_471,-10,0,10,-10,10,,,,,,,,,
6,VISIT,688,Nearest,OnArrival,5,36,18227,Node_471,-10,0,10,-10,10,,,,,,,,,
6,VISIT,689,Nearest,OnArrival,5,13,18235,Node_256,10,0,10,10,10,,,,,,,,,
6,VISIT,690,Nearest,OnArrival,5,13,18235,Node_215,8,0,6,8,6,,,,,,,,,
6,VISIT,691,Nearest,OnArrival,5,12,18235,Node_474,6,0,10,6,10,,,,,,,,,
6,VISIT,692,Nearest,OnArrival,5,13,18235,Node_256,10,0,10,10,10,,,,,,,,,
6,VISIT,689,Nearest,OnArrival,5,14,18253,Node_290,9,0,10,9,10,,,,,,,,,
6,VISIT,690,Nearest,OnArrival,5,14,18253,Node_224,7,0,6,7,6,,,,,,,,,
6,VISIT,691,Nearest,OnArrival,5,13,18253,Node_238,5,0,10,5,10,,,,,,,,,
6,VISIT,692,Nearest,OnArrival,5,14,18253,Node_290,9,0,10,9,10,,,,,,,,,
6,VISIT,689,Nearest,OnArrival,5,15,18271,Node_480,8,0,10,8,10,,,,,,,,,
6,VISIT,690,Nearest,OnArrival,5,15,18271,Node_226,6,0,6,6,6,,,,,,,,,
6,VISIT,692,Nearest,OnArrival,5,15,18271,Node_480,8,0,10,8,10,,,,,,,,,
6,VISIT,685,Nearest,OnArrival,5,37,18281,Node_473,-10,0,11,-10,11,,,,,,,,,
6,VISIT,686,Nearest,OnArrival,5,37,18281,Node_473,-10,0,11,-10,11,,,,,,,,,
6,VISIT,687,Nearest,OnArrival,5,37,18281,Node_473,-10,0,11,-10,11,,,,,,,,,
6,VISIT,688,Nearest,OnArrival,5,37,18281,Node_473,-10,0,11,-10,11,,,,,,,,,
6,VISIT,690,Nearest,OnArrival,5,16,18289,Node_233,5,0,6,5,6,,,,,,,,,
6,VISIT,691,Nearest,OnArrival,5,14,18289,Node_241,5,0,12,5,12,,,,,,,,,
6,VISIT,689,Nearest,OnArrival,5,16,18308,Node_474,6,0,10,6,10,,,,,,,,,
6,VISIT,692,Nearest,OnArrival,5,16,18308,Node_474,6,0,10,6,10,,,,,,,,,
6,VISIT,689,Nearest,OnArrival,5,17,18327,Node_238,5,0,10,5,10,,,,,,,,,
6,VISIT,692,Nearest,OnArrival,5,17,18327,Node_238,5,0,10,5,10,,,,,,,,,
6,VISIT,690,Nearest,OnArrival,5,17,18345,Node_237,5,0,9,5,9,,,,,,,,,
6,VISIT,689,Nearest,OnArrival,5,18,18363,Node_241,5,0,12,5,12,,,,,,,,,
6,VISIT,690,Nearest,OnArrival,5,18,18363,Node_238,5,0,10,5,10,,,,,,,,,
6,VISIT,691,Nearest,OnArrival,5,15,18363,Node_244,5,0,14,5,14,,,,,,,,,
6,VISIT,692,Nearest,OnArrival,5,18,18363,Node_241,5,0,12,5,12,,,,,,,,,
6,VISIT,689,Nearest,OnArrival,5,19,18380,Node_243,5,0,13,5,13,,,,,,,,,
6,VISIT,691,Nearest,OnArrival,5,16,18380,Node_537,4,0,14,4,14,,,,,,,,,
6,VISIT,692,Nearest,OnArrival,5,19,18380,Node_243,5,0,13,5,13,,,,,,,,,
6,VISIT,689,Nearest,OnArrival,5,20,18397,Node_575,6,0,13,6,13,,,,,,,,,
6,VISIT,690,Nearest,OnArrival,5,19,18397,Node_475,3,0,10,3,10,,,,,,,,,
6,VISIT,691,Nearest,OnArrival,5,17,18397,Node_539,4,0,15,4,15,,,,,,,,,
6,VISIT,692,Nearest,OnArrival,5,20,18397,Node_575,6,0,13,6,13,,,,,,,,,
6,VISIT,689,Nearest,OnArrival,5,21,18415,Node_577,6,0,14,6,14,,,,,,,,,
6,VISIT,690,Nearest,OnArrival,5,20,18415,Node_483,2,0,10,2,10,,,,,,,,,
6,VISIT,691,Nearest,OnArrival,5,18,18415,Node_245,5,0,15,5,15,,,,,,,,,
6,VISIT,692,Nearest,OnArrival,5,21,18415,Node_577,6,0,14,6,14,,,,,,,,,
6,VISIT,689,Nearest,OnArrival,5,22,18433,Node_244,5,0,14,5,14,,,,,,,,,
6,VISIT,690,Nearest,OnArrival,5,21,18433,Node_529,1,0,10,1,10,,,,,,,,,
6,VISIT,692,Nearest,OnArrival,5,22,18433,Node_244,5,0,14,5,14,,,,,,,,,
6,VISIT,689,Nearest,OnArrival,5,23,18451,Node_245,5,0,15,5,15,,,,,,,,,
6,VISIT,691,Nearest,OnArrival,5,19,18451,Node_554,5,0,17,5,17,,,,,,,,,
6,VISIT,692,Nearest,OnArrival,5,23,18451,Node_245,5,0,15,5,15,,,,,,,,,
6,VISIT,689,Nearest,OnArrival,5,24,18469,Node_582,5,0,16,5,16,,,,,,,,,
6,VISIT,692,Nearest,OnArrival,5,24,18469,Node_582,5,0,16,5,16,,,,,,,,,
6,VISIT,689,Nearest,OnArrival,5,25,18487,Node_541,4,0,16,4,16,,,,,,,,,
6,VISIT,690,Nearest,OnArrival,5,22,18487,Node_532,-1,0,9,-1,9,,,,,,,,,
6,VISIT,692,Nearest,OnArrival,5,25,18487,Node_541,4,0,16,4,16,,,,,,,,,
6,VISIT,689,Nearest,OnArrival,5,26,18505,Node_582,5,0,16,5,16,,,,,,,,,
6,VISIT,690,Nearest,OnArrival,5,23,18505,Node_534,-1,0,10,-1,10,,,,,,,,,
6,VISIT,692,Nearest,OnArrival,5,26,18505,Node_582,5,0,16,5,16,,,,,,,,,
6,VISIT,690,Nearest,OnArrival,5,24,18523,Node_584,0,0,10,0,10,,,,,,,,,
6,VISIT,689,Nearest,OnArrival,5,27,18541,Node_587,6,0,17,6,17,,,,,,,,,
6,VISIT,690,Nearest,OnArrival,5,25,18541,Node_586,0,0,9,0,9,,,,,,,,,
6,VISIT,691,Nearest,OnArrival,5,20,18541,Node_558,5,0,20,5,20,,,,,,,,,
6,VISIT,692,Nearest,OnArrival,5,27,18541,Node_587,6,0,17,6,17,,,,,,,,,
6,VISIT,689,Nearest,OnArrival,5,28,18559,Node_589,6,0,18,6,18,,,,,,,,,
6,VISIT,690,Nearest,OnArrival,5,26,18559,Node_528,1,0,9,1,9,,,,,,,,,
6,VISIT,691,Nearest,OnArrival,5,21,18559,Node_557,5,0,19,5,19,,,,,,,,,
6,VISIT,692,Nearest,OnArrival,5,28,18559,Node_589,6,0,18,6,18,,,,,,,,,
6,VISIT,689,Nearest,OnArrival,5,29,18576,Node_555,5,0,18,5,18,,,,,,,,,
6,VISIT,690,Nearest,OnArrival,5,27,18576,Node_360,2,0,9,2,9,,,,,,,,,
6,VISIT,691,Nearest,OnArrival,5,22,18576,Node_590,6,0,19,6,19,,,,,,,,,
6,VISIT,692,Nearest,OnArrival,5,29,18576,Node_555,5,0,18,5,18,,,,,,,,,
6,VISIT,687,Nearest,OnArrival,5,38,18584,Node_591,-10,0,24,-10,24,,,,,,,,,
6,VISIT,688,Nearest,OnArrival,5,38,18584,Node_591,-10,0,24,-10,24,,,,,,,,,
6,VISIT,689,Nearest,OnArrival,5,30,18594,Node_557,5,0,19,5,19,,,,,,,,,
6,VISIT,690,Nearest,OnArrival,5,28,18594,Node_483,2,0,10,2,10,,,,,,,,,
6,VISIT,692,Nearest,OnArrival,5,30,18594,Node_589,6,0,18,6,18,,,,,,,,,
6,VISIT,687,Nearest,OnArrival,5,39,18602,Node_594,-10,0,25,-10,25,,,,,,,,,
6,VISIT,688,Nearest,OnArrival,5,39,18602,Node_594,-10,0,25,-10,25,,,,,,,,,
6,VISIT,689,Nearest,OnArrival,5,31,18612,Node_590,6,0,19,6,19,,,,,,,,,
6,VISIT,690,Nearest,OnArrival,5,29,18612,Node_529,1,0,10,1,10,,,,,,,,,
6,VISIT,692,Nearest,OnArrival,5,31,18612,Node_319,7,0,18,7,18,,,,,,,,,
6,VISIT,687,Nearest,OnArrival,5,40,18619,Node_595,-9,0,25,-9,25,,,,,,,,,
6,VISIT,688,Nearest,OnArrival,5,40,18619,Node_595,-9,0,25,-9,25,,,,,,,,,
6,VISIT,689,Nearest,OnArrival,5,32,18629,Node_589,6,0,18,6,18,,,,,,,,,
6,VISIT,690,Nearest,OnArrival,5,30,18629,Node_584,0,0,10,0,10,,,,,,,,,
6,VISIT,692,Nearest,OnArrival,5,32,18629,Node_597,7,0,19,7,19,,,,,,,,,
6,VISIT,689,Nearest,OnArrival,5,33,18647,Node_319,7,0,18,7,18,,,,,,,,,
6,VISIT,690,Nearest,OnArrival,5,31,18647,Node_534,-1,0,10,-1,10,,,,,,,,,
6,VISIT,692,Nearest,OnArrival,5,33,18647,Node_598,7,0,20,7,20,,,,,,,,,
6,VISIT,689,Nearest,OnArrival,5,34,18665,Node_597,7,0,19,7,19,,,,,,,,,
6,VISIT,690,Nearest,OnArrival,5,32,18665,Node_536,-2,0,10,-2,10,,,,,,,,,
6,VISIT,692,Nearest,OnArrival,5,34,18665,Node_593,6,0,20,6,20,,,,,,,,,
6,VISIT,689,Nearest,OnArrival,5,35,18683,Node_598,7,0,20,7,20,,,,,,,,,
6,VISIT,692,Nearest,OnArrival,5,35,18683,Node_598,7,0,20,7,20,,,,,,,,,
6,VISIT,690,Nearest,OnArrival,5,33,18719,Node_542,-3,0,12,-3,12,,,,,,,,,
6,VISIT,687,Nearest,OnArrival,5,41,18727,Node_599,-7,0,25,-7,25,,,,,,,,,
6,VISIT,688,Nearest,OnArrival,5,41,18727,Node_599,-7,0,25,-7,25,,,,,,,,,
6,VISIT,690,Nearest,OnArrival,5,34,18737,Node_604,-3,0,11,-3,11,,,,,,,,,
6,VISIT,687,Nearest,OnArrival,5,42,18745,Node_605,-6,0,25,-6,25,,,,,,,,,
6,VISIT,688,Nearest,OnArrival,5,42,18745,Node_605,-6,0,25,-6,25,,,,,,,,,
6,VISIT,690,Nearest,OnArrival,5,35,18754,Node_512,-4,0,11,-4,11,,,,,,,,,
6,VISIT,693,Nearest,OnArrival,5,0,18756,Node_6,19,0,12,19,12,,,,,,,,,
6,VISIT,694,Nearest,OnArrival,5,0,18756,Node_7,19,0,8,19,8,,,,,,,,,
6,VISIT,695,Nearest,OnArrival,5,0,18756,Node_8,17,0,10,17,10,,,,,,,,,
6,VISIT,696,Nearest,OnArrival,5,0,18756,Node_9,21,0,10,21,10,,,,,,,,,
6,VISIT,690,Nearest,OnArrival,5,36,18761,Node_511,-4,0,10,-4,10,,,,,,,,,
6,VISIT,693,Nearest,OnArrival,5,1,18763,Node_2,19,0,11,19,11,,,,,,,,,
6,VISIT,694,Nearest,OnArrival,5,1,18763,Node_11,18,0,8,18,8,,,,,,,,,
6,VISIT,695,Nearest,OnArrival,5,1,18763,Node_24,16,0,10,16,10,,,,,,,,,
6,VISIT,696,Nearest,OnArrival,5,1,18763,Node_5,20,0,10,20,10,,,,,,,,,
6,VISIT,690,Nearest,OnArrival,5,37,18769,Node_515,-5,0,10,-5,10,,,,,,,,,
6,VISIT,693,Nearest,OnArrival,5,2,18771,Node_20,19,0,10,19,10,,,,,,,,,
6,VISIT,694,Nearest,OnArrival,5,2,18771,Node_51,17,0,8,17,8,,,,,,,,,
6,VISIT,695,Nearest,OnArrival,5,2,18771,Node_26,15,0,10,15,10,,,,,,,,,
6,VISIT,696,Nearest,OnArrival,5,2,18771,Node_20,19,0,10,19,10,,,,,,,,,
6,VISIT,693,Nearest,OnArrival,5,3,18779,Node_4,18,0,10,18,10,,,,,,,,,
6,VISIT,694,Nearest,OnArrival,5,3,18779,Node_54,17,0,7,17,7,,,,,,,,,
6,VISIT,695,Nearest,OnArrival,5,3,18779,Node_127,14,0,10,14,10,,,,,,,,,
6,VISIT,696,Nearest,OnArrival,5,3,18779,Node_4,18,0,10,18,10,,,,,,,,,
6,VISIT,693,Nearest,OnArrival,5,4,18787,Node_8,17,0,10,17,10,,,,,,,,,
6,VISIT,694,Nearest,OnArrival,5,4,18787,Node_58,16,0,7,16,7,,,,,,,,,
6,VISIT,695,Nearest,OnArrival,5,4,18787,Node_166,13,0,10,13,10,,,,,,,,,
6,VISIT,696,Nearest,OnArrival,5,4,18787,Node_8,17,0,10,17,10,,,,,,,,,
6,VISIT,693,Nearest,OnArrival,5,5,18795,Node_24,16,0,10,16,10,,,,,,,,,
6,VISIT,694,Nearest,OnArrival,5,5,18795,Node_79,16,0,6,16,6,,,,,,,,,
6,VISIT,695,Nearest,OnArrival,5,5,18795,Node_168,13,0,9,13,9,,,,,,,,,
6,VISIT,696,Nearest,OnArrival,5,5,18795,Node_24,16,0,10,16,10,,,,,,,,,
6,VISIT,693,Nearest,OnArrival,5,6,18803,Node_26,15,0,10,15,10,,,,,,,,,
6,VISIT,694,Nearest,OnArrival,5,6,18803,Node_68,15,0,6,15,6,,,,,,,,,
6,VISIT,695,Nearest,OnArrival,5,6,18803,Node_247,12,0,9,12,9,,,,,,,,,
6,VISIT,696,Nearest,OnArrival,5,6,18803,Node_26,15,0,10,15,10,,,,,,,,,
6,VISIT,688,Nearest,OnArrival,5,43,18807,Node_613,-5,0,23,-5,23,,,,,,,,,
6,VISIT,693,Nearest,OnArrival,5,7,18811,Node_127,14,0,10,14,10,,,,,,,,,
6,VISIT,694,Nearest,OnArrival,5,7,18811,Node_188,14,0,6,14,6,,,,,,,,,
6,VISIT,695,Nearest,OnArrival,5,7,18811,Node_252,11,0,9,11,9,,,,,,,,,
6,VISIT,696,Nearest,OnArrival,5,7,18811,Node_127,14,0,10,14,10,,,,,,,,,
6,VISIT,688,Nearest,OnArrival,5,44,18815,Node_611,-5,0,24,-5,24,,,,,,,,,
6,VISIT,693,Nearest,OnArrival,5,8,18819,Node_166,13,0,10,13,10,,,,,,,,,
6,VISIT,694,Nearest,OnArrival,5,8,18819,Node_172,13,0,6,13,6,,,,,,,,,
6,VISIT,695,Nearest,OnArrival,5,8,18819,Node_254,10,0,9,10,9,,,,,,,,,
6,VISIT,696,Nearest,OnArrival,5,8,18819,Node_166,13,0,10,13,10,,,,,,,,,
6,VISIT,688,Nearest,OnArrival,5,45,18823,Node_602,-6,0,24,-6,24,,,,,,,,,
6,VISIT,692,Nearest,OnArrival,5,36,18823,Node_620,5,0,25,5,25,,,,,,,,,
6,VISIT,693,Nearest,OnArrival,5,9,18827,Node_168,13,0,9,13,9,,,,,,,,,
6,VISIT,694,Nearest,OnArrival,5,9,18827,Node_181,12,0,6,12,6,,,,,,,,,
6,VISIT,695,Nearest,OnArrival,5,9,18827,Node_256,10,0,10,10,10,,,,,,,,,
6,VISIT,696,Nearest,OnArrival,5,9,18827,Node_168,13,0,9,13,9,,,,,,,,,
6,VISIT,688,Nearest,OnArrival,5,46,18831,Node_605,-6,0,25,-6,25,,,,,,,,,
6,VISIT,692,Nearest,OnArrival,5,37,18831,Node_617,6,0,25,6,25,,,,,,,,,
6,VISIT,693,Nearest,OnArrival,5,10,18835,Node_247,12,0,9,12,9,,,,,,,,,
6,VISIT,694,Nearest,OnArrival,5,10,18835,Node_192,11,0,6,11,6,,,,,,,,,
6,VISIT,695,Nearest,OnArrival,5,10,18835,Node_290,9,0,10,9,10,,,,,,,,,
6,VISIT,696,Nearest,OnArrival,5,10,18835,Node_247,12,0,9,12,9,,,,,,,,,
6,VISIT,688,Nearest,OnArrival,5,47,18839,Node_609,-5,0,25,-5,25,,,,,,,,,
6,VISIT,693,Nearest,OnArrival,5,11,18843,Node_252,11,0,9,11,9,,,,,,,,,
6,VISIT,694,Nearest,OnArrival,5,11,18843,Node_210,10,0,6,10,6,,,,,,,,,
6,VISIT,695,Nearest,OnArrival,5,11,18843,Node_480,8,0,10,8,10,,,,,,,,,
6,VISIT,696,Nearest,OnArrival,5,11,18843,Node_252,11,0,9,11,9,,,,,,,,,
6,VISIT,693,Nearest,OnArrival,5,12,18851,Node_254,10,0,9,10,9,,,,,,,,,
6,VISIT,694,Nearest,OnArrival,5,12,18851,Node_211,9,0,6,9,6,,,,,,,,,
6,VISIT,696,Nearest,OnArrival,5,12,18851,Node_254,10,0,9,10,9,,,,,,,,,
6,VISIT,693,Nearest,OnArrival,5,13,18861,Node_256,10,0,10,10,10,,,,,,,,,
6,VISIT,694,Nearest,OnArrival,5,13,18861,Node_215,8,0,6,8,6,,,,,,,,,
6,VISIT,695,Nearest,OnArrival,5,12,18861,Node_474,6,0,10,6,10,,,,,,,,,
6,VISIT,696,Nearest,OnArrival,5,13,18861,Node_256,10,0,10,10,10,,,,,,,,,
6,VISIT,693,Nearest,OnArrival,5,14,18869,Node_290,9,0,10,9,10,,,,,,,,,
6,VISIT,694,Nearest,OnArrival,5,14,18869,Node_224,7,0,6,7,6,,,,,,,,,
6,VISIT,695,Nearest,OnArrival,5,13,18869,Node_472,6,0,9,6,9,,,,,,,,,
6,VISIT,696,Nearest,OnArrival,5,14,18869,Node_290,9,0,10,9,10,,,,,,,,,
6,VISIT,693,Nearest,OnArrival,5,15,18877,Node_480,8,0,10,8,10,,,,,,,,,
6,VISIT,694,Nearest,OnArrival,5,15,18877,Node_226,6,0,6,6,6,,,,,,,,,
6,VISIT,695,Nearest,OnArrival,5,14,18877,Node_237,5,0,9,5,9,,,,,,,,,
6,VISIT,696,Nearest,OnArrival,5,15,18877,Node_480,8,0,10,8,10,,,,,,,,,
6,VISIT,694,Nearest,OnArrival,5,16,18885,Node_233,5,0,6,5,6,,,,,,,,,
6,VISIT,692,Nearest,OnArrival,5,38,18898,Node_629,9,0,25,9,25,,,,,,,,,
6,VISIT,693,Nearest,OnArrival,5,16,18902,Node_474,6,0,10,6,10,,,,,,,,,
6,VISIT,696,Nearest,OnArrival,5,16,18902,Node_474,6,0,10,6,10,,,,,,,,,
6,VISIT,692,Nearest,OnArrival,5,39,18910,Node_633,10,0,25,10,25,,,,,,,,,
6,VISIT,693,Nearest,OnArrival,5,17,18914,Node_472,6,0,9,6,9,,,,,,,,,
6,VISIT,694,Nearest,OnArrival,5,17,18914,Node_356,3,0,6,3,6,,,,,,,,,
6,VISIT,695,Nearest,OnArrival,5,15,18914,Node_233,5,0,6,5,6,,,,,,,,,
6,VISIT,696,Nearest,OnArrival,5,17,18914,Node_472,6,0,9,6,9,,,,,,,,,
6,VISIT,693,Nearest,OnArrival,5,18,18926,Node_237,5,0,9,5,9,,,,,,,,,
6,VISIT,694,Nearest,OnArrival,5,18,18926,Node_526,2,0,6,2,6,,,,,,,,,
6,VISIT,696,Nearest,OnArrival,5,18,18926,Node_237,5,0,9,5,9,,,,,,,,,
6,VISIT,688,Nearest,OnArrival,5,48,18934,Node_632,0,0,25,0,25,,,,,,,,,
6,VISIT,695,Nearest,OnArrival,5,16,18939,Node_356,3,0,6,3,6,,,,,,,,,
6,VISIT,688,Nearest,OnArrival,5,49,18951,Node_636,1,0,25,1,25,,,,,,,,,
6,VISIT,692,Nearest,OnArrival,5,40,18951,Node_525,11,0,23,11,23,,,,,,,,,
6,VISIT,695,Nearest,OnArrival,5,17,18956,Node_526,2,0,6,2,6,,,,,,,,,
6,VISIT,693,Nearest,OnArrival,5,19,18973,Node_233,5,0,6,5,6,,,,,,,,,
6,VISIT,694,Nearest,OnArrival,5,19,18973,Node_530,-1,0,6,-1,6,,,,,,,,,
6,VISIT,696,Nearest,OnArrival,5,19,18973,Node_233,5,0,6,5,6,,,,,,,,,
6,VISIT,694,Nearest,OnArrival,5,20,18989,Node_396,-2,0,6,-2,6,,,,,,,,,
6,VISIT,693,Nearest,OnArrival,5,20,19006,Node_356,3,0,6,3,6,,,,,,,,,
6,VISIT,695,Nearest,OnArrival,5,18,19006,Node_530,-1,0,6,-1,6,,,,,,,,,
6,VISIT,696,Nearest,OnArrival,5,20,19006,Node_356,3,0,6,3,6,,,,,,,,,
6,VISIT,693,Nearest,OnArrival,5,21,19023,Node_526,2,0,6,2,6,,,,,,,,,
6,VISIT,694,Nearest,OnArrival,5,21,19023,Node_500,-4,0,6,-4,6,,,,,,,,,
6,VISIT,695,Nearest,OnArrival,5,19,19023,Node_396,-2,0,6,-2,6,,,,,,,,,
6,VISIT,696,Nearest,OnArrival,5,21,19023,Node_526,2,0,6,2,6,,,,,,,,,
6,VISIT,694,Nearest,OnArrival,5,22,19040,Node_502,-4,0,7,-4,7,,,,,,,,,
6,VISIT,694,Nearest,OnArrival,5,23,19057,Node_518,-5,0,7,-5,7,,,,,,,,,
6,VISIT,695,Nearest,OnArrival,5,20,19057,Node_500,-4,0,6,-4,6,,,,,,,,,
6,VISIT,693,Nearest,OnArrival,5,22,19074,Node_530,-1,0,6,-1,6,,,,,,,,,
6,VISIT,694,Nearest,OnArrival,5,24,19074,Node_517,-5,0,8,-5,8,,,,,,,,,
6,VISIT,695,Nearest,OnArrival,5,21,19074,Node_502,-4,0,7,-4,7,,,,,,,,,
6,VISIT,696,Nearest,OnArrival,5,22,19074,Node_530,-1,0,6,-1,6,,,,,,,,,
6,VISIT,693,Nearest,OnArrival,5,23,19092,Node_396,-2,0,6,-2,6,,,,,,,,,
6,VISIT,694,Nearest,OnArrival,5,25,19092,Node_505,-4,0,8,-4,8,,,,,,,,,
6,VISIT,695,Nearest,OnArrival,5,22,19092,Node_505,-4,0,8,-4,8,,,,,,,,,
6,VISIT,696,Nearest,OnArrival,5,23,19092,Node_396,-2,0,6,-2,6,,,,,,,,,
6,VISIT,694,Nearest,OnArrival,5,26,19110,Node_508,-4,0,9,-4,9,,,,,,,,,
6,VISIT,695,Nearest,OnArrival,5,23,19110,Node_508,-4,0,9,-4,9,,,,,,,,,
6,VISIT,693,Nearest,OnArrival,5,24,19128,Node_500,-4,0,6,-4,6,,,,,,,,,
6,VISIT,694,Nearest,OnArrival,5,27,19128,Node_516,-5,0,9,-5,9,,,,,,,,,
6,VISIT,695,Nearest,OnArrival,5,24,19128,Node_516,-5,0,9,-5,9,,,,,,,,,
6,VISIT,696,Nearest,OnArrival,5,24,19128,Node_500,-4,0,6,-4,6,,,,,,,,,
6,VISIT,693,Nearest,OnArrival,5,25,19146,Node_502,-4,0,7,-4,7,,,,,,,,,
6,VISIT,694,Nearest,OnArrival,5,28,19146,Node_515,-5,0,10,-5,10,,,,,,,,,
6,VISIT,695,Nearest,OnArrival,5,25,19146,Node_515,-5,0,10,-5,10,,,,,,,,,
6,VISIT,696,Nearest,OnArrival,5,25,19146,Node_502,-4,0,7,-4,7,,,,,,,,,
6,VISIT,693,Nearest,OnArrival,5,26,19164,Node_518,-5,0,7,-5,7,,,,,,,,,
6,VISIT,694,Nearest,OnArrival,5,29,19164,Node_511,-4,0,10,-4,10,,,,,,,,,
6,VISIT,695,Nearest,OnArrival,5,26,19164,Node_511,-4,0,10,-4,10,,,,,,,,,
6,VISIT,696,Nearest,OnArrival,5,26,19164,Node_518,-5,0,7,-5,7,,,,,,,,,
6,VISIT,693,Nearest,OnArrival,5,27,19182,Node_566,-6,0,7,-6,7,,,,,,,,,
6,VISIT,694,Nearest,OnArrival,5,30,19182,Node_601,-3,0,10,-3,10,,,,,,,,,
6,VISIT,695,Nearest,OnArrival,5,27,19182,Node_601,-3,0,10,-3,10,,,,,,,,,
6,VISIT,696,Nearest,OnArrival,5,27,19182,Node_566,-6,0,7,-6,7,,,,,,,,,
6,VISIT,693,Nearest,OnArrival,5,28,19200,Node_468,-7,0,7,-7,7,,,,,,,,,
6,VISIT,694,Nearest,OnArrival,5,31,19200,Node_604,-3,0,11,-3,11,,,,,,,,,
6,VISIT,695,Nearest,OnArrival,5,28,19200,Node_604,-3,0,11,-3,11,,,,,,,,,
6,VISIT,696,Nearest,OnArrival,5,28,19200,Node_468,-7,0,7,-7,7,,,,,,,,,
6,VISIT,693,Nearest,OnArrival,5,29,19218,Node_467,-7,0,6,-7,6,,,,,,,,,
6,VISIT,694,Nearest,OnArrival,5,32,19218,Node_538,-2,0,11,-2,11,,,,,,,,,
6,VISIT,695,Nearest,OnArrival,5,29,19218,Node_538,-2,0,11,-2,11,,,,,,,,,
6,VISIT,696,Nearest,OnArrival,5,29,19218,Node_467,-7,0,6,-7,6,,,,,,,,,
6,VISIT,693,Nearest,OnArrival,5,30,19236,Node_567,-8,0,6,-8,6,,,,,,,,,
6,VISIT,694,Nearest,OnArrival,5,33,19236,Node_604,-3,0,11,-3,11,,,,,,,,,
6,VISIT,695,Nearest,OnArrival,5,30,19236,Node_604,-3,0,11,-3,11,,,,,,,,,
6,VISIT,696,Nearest,OnArrival,5,30,19236,Node_567,-8,0,6,-8,6,,,,,,,,,
6,VISIT,693,Nearest,OnArrival,5,31,19254,Node_570,-9,0,6,-9,6,,,,,,,,,
6,VISIT,694,Nearest,OnArrival,5,34,19254,Node_512,-4,0,11,-4,11,,,,,,,,,
6,VISIT,695,Nearest,OnArrival,5,31,19254,Node_512,-4,0,11,-4,11,,,,,,,,,
6,VISIT,696,Nearest,OnArrival,5,31,19254,Node_570,-9,0,6,-9,6,,,,,,,,,
6,VISIT,693,Nearest,OnArrival,5,32,19272,Node_569,-9,0,5,-9,5,,,,,,,,,
6,VISIT,694,Nearest,OnArrival,5,35,19272,Node_514,-5,0,11,-5,11,,,,,,,,,
6,VISIT,695,Nearest,OnArrival,5,32,19272,Node_514,-5,0,11,-5,11,,,,,,,,,
6,VISIT,696,Nearest,OnArrival,5,32,19272,Node_569,-9,0,5,-9,5,,,,,,,,,
6,VISIT,693,Nearest,OnArrival,5,33,19290,Node_568,-8,0,5,-8,5,,,,,,,,,
6,VISIT,694,Nearest,OnArrival,5,36,19290,Node_618,-6,0,11,-6,11,,,,,,,,,
6,VISIT,695,Nearest,OnArrival,5,33,19290,Node_618,-6,0,11,-6,11,,,,,,,,,
6,VISIT,696,Nearest,OnArrival,5,33,19290,Node_568,-8,0,5,-8,5,,,,,,,,,
6,VISIT,693,Nearest,OnArrival,5,34,19307,Node_466,-7,0,5,-7,5,,,,,,,,,
6,VISIT,696,Nearest,OnArrival,5,34,19307,Node_466,-7,0,5,-7,5,,,,,,,,,
6,VISIT,697,Nearest,OnArrival,5,0,19312,Node_6,19,0,12,19,12,,,,,,,,,
6,VISIT,698,Nearest,OnArrival,5,0,19312,Node_7,19,0,8,19,8,,,,,,,,,
6,VISIT,699,Nearest,OnArrival,5,0,19312,Node_8,17,0,10,17,10,,,,,,,,,
6,VISIT,700,Nearest,OnArrival,5,0,19312,Node_9,21,0,10,21,10,,,,,,,,,
6,VISIT,693,Nearest,OnArrival,5,35,19316,Node_467,-7,0,6,-7,6,,,,,,,,,
6,VISIT,696,Nearest,OnArrival,5,35,19316,Node_467,-7,0,6,-7,6,,,,,,,,,
6,VISIT,697,Nearest,OnArrival,5,1,19318,Node_2,19,0,11,19,11,,,,,,,,,
6,VISIT,698,Nearest,OnArrival,5,1,19318,Node_11,18,0,8,18,8,,,,,,,,,
6,VISIT,699,Nearest,OnArrival,5,1,19318,Node_24,16,0,10,16,10,,,,,,,,,
6,VISIT,700,Nearest,OnArrival,5,1,19318,Node_5,20,0,10,20,10,,,,,,,,,
6,VISIT,693,Nearest,OnArrival,5,36,19323,Node_468,-7,0,7,-7,7,,,,,,,,,
6,VISIT,696,Nearest,OnArrival,5,36,19323,Node_468,-7,0,7,-7,7,,,,,,,,,
6,VISIT,697,Nearest,OnArrival,5,2,19325,Node_20,19,0,10,19,10,,,,,,,,,
6,VISIT,698,Nearest,OnArrival,5,2,19325,Node_51,17,0,8,17,8,,,,,,,,,
6,VISIT,699,Nearest,OnArrival,5,2,19325,Node_26,15,0,10,15,10,,,,,,,,,
6,VISIT,700,Nearest,OnArrival,5,2,19325,Node_20,19,0,10,19,10,,,,,,,,,
6,VISIT,693,Nearest,OnArrival,5,37,19329,Node_469,-7,0,8,-7,8,,,,,,,,,
6,VISIT,696,Nearest,OnArrival,5,37,19329,Node_469,-7,0,8,-7,8,,,,,,,,,
6,VISIT,697,Nearest,OnArrival,5,3,19332,Node_4,18,0,10,18,10,,,,,,,,,
6,VISIT,698,Nearest,OnArrival,5,3,19332,Node_54,17,0,7,17,7,,,,,,,,,
6,VISIT,699,Nearest,OnArrival,5,3,19332,Node_127,14,0,10,14,10,,,,,,,,,
6,VISIT,700,Nearest,OnArrival,5,3,19332,Node_4,18,0,10,18,10,,,,,,,,,
6,VISIT,697,Nearest,OnArrival,5,4,19339,Node_8,17,0,10,17,10,,,,,,,,,
6,VISIT,698,Nearest,OnArrival,5,4,19339,Node_58,16,0,7,16,7,,,,,,,,,
6,VISIT,699,Nearest,OnArrival,5,4,19339,Node_166,13,0,10,13,10,,,,,,,,,
6,VISIT,700,Nearest,OnArrival,5,4,19339,Node_8,17,0,10,17,10,,,,,,,,,
6,VISIT,697,Nearest,OnArrival,5,5,19346,Node_24,16,0,10,16,10,,,,,,,,,
6,VISIT,698,Nearest,OnArrival,5,5,19346,Node_79,16,0,6,16,6,,,,,,,,,
6,VISIT,699,Nearest,OnArrival,5,5,19346,Node_168,13,0,9,13,9,,,,,,,,,
6,VISIT,700,Nearest,OnArrival,5,5,19346,Node_24,16,0,10,16,10,,,,,,,,,
6,VISIT,693,Nearest,OnArrival,5,38,19350,Node_470,-10,0,8,-10,8,,,,,,,,,
6,VISIT,696,Nearest,OnArrival,5,38,19350,Node_470,-10,0,8,-10,8,,,,,,,,,
6,VISIT,697,Nearest,OnArrival,5,6,19353,Node_26,15,0,10,15,10,,,,,,,,,
6,VISIT,698,Nearest,OnArrival,5,6,19353,Node_68,15,0,6,15,6,,,,,,,,,
6,VISIT,699,Nearest,OnArrival,5,6,19353,Node_247,12,0,9,12,9,,,,,,,,,
6,VISIT,700,Nearest,OnArrival,5,6,19353,Node_26,15,0,10,15,10,,,,,,,,,
6,VISIT,697,Nearest,OnArrival,5,7,19360,Node_127,14,0,10,14,10,,,,,,,,,
6,VISIT,698,Nearest,OnArrival,5,7,19360,Node_188,14,0,6,14,6,,,,,,,,,
6,VISIT,699,Nearest,OnArrival,5,7,19360,Node_252,11,0,9,11,9,,,,,,,,,
6,VISIT,700,Nearest,OnArrival,5,7,19360,Node_127,14,0,10,14,10,,,,,,,,,
6,VISIT,693,Nearest,OnArrival,5,39,19364,Node_471,-10,0,10,-10,10,,,,,,,,,
6,VISIT,696,Nearest,OnArrival,5,39,19364,Node_471,-10,0,10,-10,10,,,,,,,,,
6,VISIT,697,Nearest,OnArrival,5,8,19367,Node_166,13,0,10,13,10,,,,,,,,,
6,VISIT,698,Nearest,OnArrival,5,8,19367,Node_172,13,0,6,13,6,,,,,,,,,
6,VISIT,699,Nearest,OnArrival,5,8,19367,Node_254,10,0,9,10,9,,,,,,,,,
6,VISIT,700,Nearest,OnArrival,5,8,19367,Node_166,13,0,10,13,10,,,,,,,,,
6,VISIT,693,Nearest,OnArrival,5,40,19371,Node_572,-9,0,10,-9,10,,,,,,,,,
6,VISIT,696,Nearest,OnArrival,5,40,19371,Node_572,-9,0,10,-9,10,,,,,,,,,
6,VISIT,697,Nearest,OnArrival,5,9,19374,Node_168,13,0,9,13,9,,,,,,,,,
6,VISIT,698,Nearest,OnArrival,5,9,19374,Node_181,12,0,6,12,6,,,,,,,,,
6,VISIT,699,Nearest,OnArrival,5,9,19374,Node_256,10,0,10,10,10,,,,,,,,,
6,VISIT,700,Nearest,OnArrival,5,9,19374,Node_168,13,0,9,13,9,,,,,,,,,
6,VISIT,697,Nearest,OnArrival,5,10,19381,Node_247,12,0,9,12,9,,,,,,,,,
6,VISIT,698,Nearest,OnArrival,5,10,19381,Node_192,11,0,6,11,6,,,,,,,,,
6,VISIT,699,Nearest,OnArrival,5,10,19381,Node_290,9,0,10,9,10,,,,,,,,,
6,VISIT,700,Nearest,OnArrival,5,10,19381,Node_247,12,0,9,12,9,,,,,,,,,
6,VISIT,697,Nearest,OnArrival,5,11,19388,Node_252,11,0,9,11,9,,,,,,,,,
6,VISIT,698,Nearest,OnArrival,5,11,19388,Node_210,10,0,6,10,6,,,,,,,,,
6,VISIT,699,Nearest,OnArrival,5,11,19388,Node_480,8,0,10,8,10,,,,,,,,,
6,VISIT,700,Nearest,OnArrival,5,11,19388,Node_252,11,0,9,11,9,,,,,,,,,
6,VISIT,693,Nearest,OnArrival,5,41,19392,Node_573,-9,0,11,-9,11,,,,,,,,,
6,VISIT,695,Nearest,OnArrival,5,34,19392,Node_581,-10,0,18,-10,18,,,,,,,,,
6,VISIT,696,Nearest,OnArrival,5,41,19392,Node_573,-9,0,11,-9,11,,,,,,,,,
6,VISIT,697,Nearest,OnArrival,5,12,19394,Node_254,10,0,9,10,9,,,,,,,,,
6,VISIT,698,Nearest,OnArrival,5,12,19394,Node_211,9,0,6,9,6,,,,,,,,,
6,VISIT,700,Nearest,OnArrival,5,12,19394,Node_254,10,0,9,10,9,,,,,,,,,
6,VISIT,693,Nearest,OnArrival,5,42,19401,Node_658,-8,0,11,-8,11,,,,,,,,,
6,VISIT,695,Nearest,OnArrival,5,35,19401,Node_580,-10,0,17,-10,17,,,,,,,,,
6,VISIT,696,Nearest,OnArrival,5,42,19401,Node_658,-8,0,11,-8,11,,,,,,,,,
6,VISIT,697,Nearest,OnArrival,5,13,19403,Node_256,10,0,10,10,10,,,,,,,,,
6,VISIT,698,Nearest,OnArrival,5,13,19403,Node_215,8,0,6,8,6,,,,,,,,,
6,VISIT,699,Nearest,OnArrival,5,12,19403,Node_474,6,0,10,6,10,,,,,,,,,
6,VISIT,700,Nearest,OnArrival,5,13,19403,Node_256,10,0,10,10,10,,,,,,,,,
6,VISIT,693,Nearest,OnArrival,5,43,19408,Node_646,-7,0,11,-7,11,,,,,,,,,
6,VISIT,695,Nearest,OnArrival,5,36,19408,Node_657,-9,0,17,-9,17,,,,,,,,,
6,VISIT,696,Nearest,OnArrival,5,43,19408,Node_646,-7,0,11,-7,11,,,,,,,,,
6,VISIT,697,Nearest,OnArrival,5,14,19410,Node_290,9,0,10,9,10,,,,,,,,,
6,VISIT,698,Nearest,OnArrival,5,14,19410,Node_224,7,0,6,7,6,,,,,,,,,
6,VISIT,699,Nearest,OnArrival,5,13,19410,Node_472,6,0,9,6,9,,,,,,,,,
6,VISIT,700,Nearest,OnArrival,5,14,19410,Node_290,9,0,10,9,10,,,,,,,,,
6,VISIT,697,Nearest,OnArrival,5,15,19417,Node_480,8,0,10,8,10,,,,,,,,,
6,VISIT,698,Nearest,OnArrival,5,15,19417,Node_226,6,0,6,6,6,,,,,,,,,
6,VISIT,699,Nearest,OnArrival,5,14,19417,Node_237,5,0,9,5,9,,,,,,,,,
6,VISIT,700,Nearest,OnArrival,5,15,19417,Node_480,8,0,10,8,10,,,,,,,,,
6,VISIT,693,Nearest,OnArrival,5,44,19421,Node_656,-8,0,10,-8,10,,,,,,,,,
6,VISIT,696,Nearest,OnArrival,5,44,19421,Node_656,-8,0,10,-8,10,,,,,,,,,
6,VISIT,698,Nearest,OnArrival,5,16,19423,Node_233,5,0,6,5,6,,,,,,,,,
6,VISIT,693,Nearest,OnArrival,5,45,19435,Node_660,-7,0,10,-7,10,,,,,,,,,
6,VISIT,696,Nearest,OnArrival,5,45,19435,Node_660,-7,0,10,-7,10,,,,,,,,,
6,VISIT,697,Nearest,OnArrival,5,16,19437,Node_474,6,0,10,6,10,,,,,,,,,
6,VISIT,700,Nearest,OnArrival,5,16,19437,Node_474,6,0,10,6,10,,,,,,,,,
6,VISIT,693,Nearest,OnArrival,5,46,19446,Node_615,-6,0,10,-6,10,,,,,,,,,
6,VISIT,696,Nearest,OnArrival,5,46,19446,Node_615,-6,0,10,-6,10,,,,,,,,,
6,VISIT,697,Nearest,OnArrival,5,17,19449,Node_472,6,0,9,6,9,,,,,,,,,
6,VISIT,698,Nearest,OnArrival,5,17,19449,Node_356,3,0,6,3,6,,,,,,,,,
6,VISIT,699,Nearest,OnArrival,5,15,19449,Node_233,5,0,6,5,6,,,,,,,,,
6,VISIT,700,Nearest,OnArrival,5,17,19449,Node_472,6,0,9,6,9,,,,,,,,,
6,VISIT,693,Nearest,OnArrival,5,47,19453,Node_618,-6,0,11,-6,11,,,,,,,,,
6,VISIT,695,Nearest,OnArrival,5,37,19453,Node_553,-5,0,18,-5,18,,,,,,,,,
6,VISIT,696,Nearest,OnArrival,5,47,19453,Node_618,-6,0,11,-6,11,,,,,,,,,
6,VISIT,697,Nearest,OnArrival,5,18,19456,Node_237,5,0,9,5,9,,,,,,,,,
6,VISIT,698,Nearest,OnArrival,5,18,19456,Node_526,2,0,6,2,6,,,,,,,,,
6,VISIT,700,Nearest,OnArrival,5,18,19456,Node_237,5,0,9,5,9,,,,,,,,,
6,VISIT,693,Nearest,OnArrival,5,48,19462,Node_621,-6,0,12,-6,12,,,,,,,,,
6,VISIT,696,Nearest,OnArrival,5,48,19462,Node_621,-6,0,12,-6,12,,,,,,,,,
6,VISIT,699,Nearest,OnArrival,5,16,19465,Node_356,3,0,6,3,6,,,,,,,,,
6,VISIT,693,Nearest,OnArrival,5,49,19476,Node_647,-7,0,12,-7,12,,,,,,,,,
6,VISIT,695,Nearest,OnArrival,5,38,19476,Node_661,-6,0,17,-6,17,,,,,,,,,
6,VISIT,696,Nearest,OnArrival,5,49,19476,Node_647,-7,0,12,-7,12,,,,,,,,,
6,VISIT,699,Nearest,OnArrival,5,17,19479,Node_526,2,0,6,2,6,,,,,,,,,
6,VISIT,693,Nearest,OnArrival,5,50,19490,Node_648,-7,0,13,-7,13,,,,,,,,,
6,VISIT,695,Nearest,OnArrival,5,39,19490,Node_663,-5,0,17,-5,17,,,,,,,,,
6,VISIT,696,Nearest,OnArrival,5,50,19490,Node_648,-7,0,13,-7,13,,,,,,,,,
6,VISIT,697,Nearest,OnArrival,5,19,19493,Node_233,5,0,6,5,6,,,,,,,,,
6,VISIT,698,Nearest,OnArrival,5,19,19493,Node_530,-1,0,6,-1,6,,,,,,,,,
6,VISIT,700,Nearest,OnArrival,5,19,19493,Node_233,5,0,6,5,6,,,,,,,,,
6,VISIT,693,Nearest,OnArrival,5,51,19499,Node_623,-6,0,13,-6,13,,,,,,,,,
6,VISIT,695,Nearest,OnArrival,5,40,19499,Node_551,-4,0,17,-4,17,,,,,,,,,
6,VISIT,696,Nearest,OnArrival,5,51,19499,Node_623,-6,0,13,-6,13,,,,,,,,,
6,VISIT,698,Nearest,OnArrival,5,20,19502,Node_396,-2,0,6,-2,6,,,,,,,,,
6,VISIT,693,Nearest,OnArrival,5,52,19513,Node_625,-6,0,14,-6,14,,,,,,,,,
6,VISIT,696,Nearest,OnArrival,5,52,19513,Node_625,-6,0,14,-6,14,,,,,,,,,
6,VISIT,697,Nearest,OnArrival,5,20,19516,Node_356,3,0,6,3,6,,,,,,,,,
6,VISIT,699,Nearest,OnArrival,5,18,19516,Node_530,-1,0,6,-1,6,,,,,,,,,
6,VISIT,700,Nearest,OnArrival,5,20,19516,Node_356,3,0,6,3,6,,,,,,,,,
6,VISIT,693,Nearest,OnArrival,5,53,19521,Node_649,-7,0,14,-7,14,,,,,,,,,
6,VISIT,696,Nearest,OnArrival,5,53,19521,Node_649,-7,0,14,-7,14,,,,,,,,,
6,VISIT,697,Nearest,OnArrival,5,21,19525,Node_526,2,0,6,2,6,,,,,,,,,
6,VISIT,698,Nearest,OnArrival,5,21,19525,Node_500,-4,0,6,-4,6,,,,,,,,,
6,VISIT,699,Nearest,OnArrival,5,19,19525,Node_396,-2,0,6,-2,6,,,,,,,,,
6,VISIT,700,Nearest,OnArrival,5,21,19525,Node_526,2,0,6,2,6,,,,,,,,,
6,VISIT,693,Nearest,OnArrival,5,54,19529,Node_652,-8,0,14,-8,14,,,,,,,,,
6,VISIT,695,Nearest,OnArrival,5,41,19529,Node_509,-3,0,15,-3,15,,,,,,,,,
6,VISIT,696,Nearest,OnArrival,5,54,19529,Node_652,-8,0,14,-8,14,,,,,,,,,
6,VISIT,698,Nearest,OnArrival,5,22,19532,Node_502,-4,0,7,-4,7,,,,,,,,,
6,VISIT,693,Nearest,OnArrival,5,55,19544,Node_651,-8,0,15,-8,15,,,,,,,,,
6,VISIT,695,Nearest,OnArrival,5,42,19544,Node_545,-3,0,14,-3,14,,,,,,,,,
6,VISIT,696,Nearest,OnArrival,5,55,19544,Node_651,-8,0,15,-8,15,,,,,,,,,
6,VISIT,698,Nearest,OnArrival,5,23,19547,Node_518,-5,0,7,-5,7,,,,,,,,,
6,VISIT,699,Nearest,OnArrival,5,20,19547,Node_500,-4,0,6,-4,6,,,,,,,,,
6,VISIT,693,Nearest,OnArrival,5,56,19557,Node_654,-9,0,15,-9,15,,,,,,,,,
6,VISIT,695,Nearest,OnArrival,5,43,19557,Node_503,-2,0,14,-2,14,,,,,,,,,
6,VISIT,696,Nearest,OnArrival,5,56,19557,Node_654,-9,0,15,-9,15,,,,,,,,,
6,VISIT,697,Nearest,OnArrival,5,22,19560,Node_530,-1,0,6,-1,6,,,,,,,,,
6,VISIT,698,Nearest,OnArrival,5,24,19560,Node_566,-6,0,7,-6,7,,,,,,,,,
6,VISIT,699,Nearest,OnArrival,5,21,19560,Node_502,-4,0,7,-4,7,,,,,,,,,
6,VISIT,700,Nearest,OnArrival,5,22,19560,Node_530,-1,0,6,-1,6,,,,,,,,,
6,VISIT,693,Nearest,OnArrival,5,57,19566,Node_578,-10,0,15,-10,15,,,,,,,,,
6,VISIT,695,Nearest,OnArrival,5,44,19566,Node_506,-2,0,15,-2,15,,,,,,,,,
6,VISIT,696,Nearest,OnArrival,5,57,19566,Node_578,-10,0,15,-10,15,,,,,,,,,
6,VISIT,697,Nearest,OnArrival,5,23,19570,Node_396,-2,0,6,-2,6,,,,,,,,,
6,VISIT,698,Nearest,OnArrival,5,25,19570,Node_468,-7,0,7,-7,7,,,,,,,,,
6,VISIT,699,Nearest,OnArrival,5,22,19570,Node_518,-5,0,7,-5,7,,,,,,,,,
6,VISIT,700,Nearest,OnArrival,5,23,19570,Node_396,-2,0,6,-2,6,,,,,,,,,
6,VISIT,693,Nearest,OnArrival,5,58,19576,Node_576,-10,0,14,-10,14,,,,,,,,,
6,VISIT,695,Nearest,OnArrival,5,45,19576,Node_509,-3,0,15,-3,15,,,,,,,,,
6,VISIT,696,Nearest,OnArrival,5,58,19576,Node_576,-10,0,14,-10,14,,,,,,,,,
6,VISIT,698,Nearest,OnArrival,5,26,19580,Node_469,-7,0,8,-7,8,,,,,,,,,
6,VISIT,699,Nearest,OnArrival,5,23,19580,Node_566,-6,0,7,-6,7,,,,,,,,,
6,VISIT,693,Nearest,OnArrival,5,59,19593,Node_653,-9,0,14,-9,14,,,,,,,,,
6,VISIT,695,Nearest,OnArrival,5,46,19593,Node_548,-3,0,16,-3,16,,,,,,,,,
6,VISIT,696,Nearest,OnArrival,5,59,19593,Node_653,-9,0,14,-9,14,,,,,,,,,
6,VISIT,697,Nearest,OnArrival,5,24,19597,Node_500,-4,0,6,-4,6,,,,,,,,,
6,VISIT,699,Nearest,OnArrival,5,24,19597,Node_468,-7,0,7,-7,7,,,,,,,,,
6,VISIT,700,Nearest,OnArrival,5,24,19597,Node_500,-4,0,6,-4,6,,,,,,,,,
6,VISIT,693,Nearest,OnArrival,5,60,19605,Node_654,-9,0,15,-9,15,,,,,,,,,
6,VISIT,695,Nearest,OnArrival,5,47,19605,Node_664,-4,0,16,-4,16,,,,,,,,,
6,VISIT,696,Nearest,OnArrival,5,60,19605,Node_654,-9,0,15,-9,15,,,,,,,,,
6,VISIT,697,Nearest,OnArrival,5,25,19609,Node_502,-4,0,7,-4,7,,,,,,,,,
6,VISIT,699,Nearest,OnArrival,5,25,19609,Node_469,-7,0,8,-7,8,,,,,,,,,
6,VISIT,700,Nearest,OnArrival,5,25,19609,Node_502,-4,0,7,-4,7,,,,,,,,,
6,VISIT,693,Nearest,OnArrival,5,61,19617,Node_655,-9,0,16,-9,16,,,,,,,,,
6,VISIT,695,Nearest,OnArrival,5,48,19617,Node_551,-4,0,17,-4,17,,,,,,,,,
6,VISIT,696,Nearest,OnArrival,5,61,19617,Node_655,-9,0,16,-9,16,,,,,,,,,
6,VISIT,697,Nearest,OnArrival,5,26,19622,Node_518,-5,0,7,-5,7,,,,,,,,,
6,VISIT,698,Nearest,OnArrival,5,27,19622,Node_470,-10,0,8,-10,8,,,,,,,,,
6,VISIT,700,Nearest,OnArrival,5,26,19622,Node_518,-5,0,7,-5,7,,,,,,,,,
6,VISIT,693,Nearest,OnArrival,5,62,19628,Node_579,-10,0,16,-10,16,,,,,,,,,
6,VISIT,695,Nearest,OnArrival,5,49,19628,Node_550,-3,0,17,-3,17,,,,,,,,,
6,VISIT,696,Nearest,OnArrival,5,62,19628,Node_579,-10,0,16,-10,16,,,,,,,,,
6,VISIT,697,Nearest,OnArrival,5,27,19631,Node_566,-6,0,7,-6,7,,,,,,,,,
6,VISIT,700,Nearest,OnArrival,5,27,19631,Node_566,-6,0,7,-6,7,,,,,,,,,
6,VISIT,693,Nearest,OnArrival,5,63,19638,Node_578,-10,0,15,-10,15,,,,,,,,,
6,VISIT,696,Nearest,OnArrival,5,63,19638,Node_578,-10,0,15,-10,15,,,,,,,,,
6,VISIT,697,Nearest,OnArrival,5,28,19643,Node_468,-7,0,7,-7,7,,,,,,,,,
6,VISIT,698,Nearest,OnArrival,5,28,19643,Node_471,-10,0,10,-10,10,,,,,,,,,
6,VISIT,699,Nearest,OnArrival,5,26,19643,Node_470,-10,0,8,-10,8,,,,,,,,,
6,VISIT,700,Nearest,OnArrival,5,28,19643,Node_468,-7,0,7,-7,7,,,,,,,,,
6,VISIT,693,Nearest,OnArrival,5,64,19651,Node_654,-9,0,15,-9,15,,,,,,,,,
6,VISIT,696,Nearest,OnArrival,5,64,19651,Node_654,-9,0,15,-9,15,,,,,,,,,
6,VISIT,697,Nearest,OnArrival,5,29,19656,Node_469,-7,0,8,-7,8,,,,,,,,,
6,VISIT,698,Nearest,OnArrival,5,29,19656,Node_473,-10,0,11,-10,11,,,,,,,,,
6,VISIT,700,Nearest,OnArrival,5,29,19656,Node_469,-7,0,8,-7,8,,,,,,,,,
6,VISIT,693,Nearest,OnArrival,5,65,19664,Node_651,-8,0,15,-8,15,,,,,,,,,
6,VISIT,696,Nearest,OnArrival,5,65,19664,Node_651,-8,0,15,-8,15,,,,,,,,,
6,VISIT,699,Nearest,OnArrival,5,27,19669,Node_471,-10,0,10,-10,10,,,,,,,,,
6,VISIT,693,Nearest,OnArrival,5,66,19680,Node_650,-7,0,15,-7,15,,,,,,,,,
6,VISIT,696,Nearest,OnArrival,5,66,19680,Node_650,-7,0,15,-7,15,,,,,,,,,
6,VISIT,699,Nearest,OnArrival,5,28,19685,Node_473,-10,0,11,-10,11,,,,,,,,,
6,VISIT,693,Nearest,OnArrival,5,67,19697,Node_627,-6,0,15,-6,15,,,,,,,,,
6,VISIT,696,Nearest,OnArrival,5,67,19697,Node_627,-6,0,15,-6,15,,,,,,,,,
6,VISIT,697,Nearest,OnArrival,5,30,19701,Node_470,-10,0,8,-10,8,,,,,,,,,
6,VISIT,698,Nearest,OnArrival,5,30,19701,Node_576,-10,0,14,-10,14,,,,,,,,,
6,VISIT,700,Nearest,OnArrival,5,30,19701,Node_470,-10,0,8,-10,8,,,,,,,,,
6,VISIT,693,Nearest,OnArrival,5,68,19708,Node_650,-7,0,15,-7,15,,,,,,,,,
6,VISIT,696,Nearest,OnArrival,5,68,19708,Node_650,-7,0,15,-7,15,,,,,,,,,
6,VISIT,698,Nearest,OnArrival,5,31,19713,Node_578,-10,0,15,-10,15,,,,,,,,,
6,VISIT,693,Nearest,OnArrival,5,69,19723,Node_651,-8,0,15,-8,15,,,,,,,,,
6,VISIT,696,Nearest,OnArrival,5,69,19723,Node_651,-8,0,15,-8,15,,,,,,,,,
6,VISIT,701,Nearest,OnArrival,5,0,19727,Node_6,19,0,12,19,12,,,,,,,,,
6,VISIT,702,Nearest,OnArrival,5,0,19727,Node_7,19,0,8,19,8,,,,,,,,,
6,VISIT,703,Nearest,OnArrival,5,0,19727,Node_8,17,0,10,17,10,,,,,,,,,
6,VISIT,704,Nearest,OnArrival,5,0,19727,Node_9,21,0,10,21,10,,,,,,,,,
6,VISIT,697,Nearest,OnArrival,5,31,19729,Node_471,-10,0,10,-10,10,,,,,,,,,
6,VISIT,698,Nearest,OnArrival,5,32,19729,Node_579,-10,0,16,-10,16,,,,,,,,,
6,VISIT,699,Nearest,OnArrival,5,29,19729,Node_576,-10,0,14,-10,14,,,,,,,,,
6,VISIT,700,Nearest,OnArrival,5,31,19729,Node_471,-10,0,10,-10,10,,,,,,,,,
6,VISIT,693,Nearest,OnArrival,5,70,19731,Node_654,-9,0,15,-9,15,,,,,,,,,
6,VISIT,696,Nearest,OnArrival,5,70,19731,Node_654,-9,0,15,-9,15,,,,,,,,,
6,VISIT,701,Nearest,OnArrival,5,1,19732,Node_2,19,0,11,19,11,,,,,,,,,
6,VISIT,702,Nearest,OnArrival,5,1,19732,Node_11,18,0,8,18,8,,,,,,,,,
6,VISIT,703,Nearest,OnArrival,5,1,19732,Node_24,16,0,10,16,10,,,,,,,,,
6,VISIT,704,Nearest,OnArrival,5,1,19732,Node_5,20,0,10,20,10,,,,,,,,,
6,VISIT,697,Nearest,OnArrival,5,32,19736,Node_473,-10,0,11,-10,11,,,,,,,,,
6,VISIT,698,Nearest,OnArrival,5,33,19736,Node_580,-10,0,17,-10,17,,,,,,,,,
6,VISIT,699,Nearest,OnArrival,5,30,19736,Node_578,-10,0,15,-10,15,,,,,,,,,
6,VISIT,700,Nearest,OnArrival,5,32,19736,Node_473,-10,0,11,-10,11,,,,,,,,,
6,VISIT,693,Nearest,OnArrival,5,71,19737,Node_655,-9,0,16,-9,16,,,,,,,,,
6,VISIT,696,Nearest,OnArrival,5,71,19737,Node_655,-9,0,16,-9,16,,,,,,,,,
6,VISIT,701,Nearest,OnArrival,5,2,19738,Node_20,19,0,10,19,10,,,,,,,,,
6,VISIT,702,Nearest,OnArrival,5,2,19738,Node_51,17,0,8,17,8,,,,,,,,,
6,VISIT,703,Nearest,OnArrival,5,2,19738,Node_26,15,0,10,15,10,,,,,,,,,
6,VISIT,704,Nearest,OnArrival,5,2,19738,Node_20,19,0,10,19,10,,,,,,,,,
6,VISIT,698,Nearest,OnArrival,5,34,19742,Node_581,-10,0,18,-10,18,,,,,,,,,
6,VISIT,699,Nearest,OnArrival,5,31,19742,Node_579,-10,0,16,-10,16,,,,,,,,,
6,VISIT,693,Nearest,OnArrival,5,72,19743,Node_657,-9,0,17,-9,17,,,,,,,,,
6,VISIT,696,Nearest,OnArrival,5,72,19743,Node_657,-9,0,17,-9,17,,,,,,,,,
6,VISIT,701,Nearest,OnArrival,5,3,19744,Node_4,18,0,10,18,10,,,,,,,,,
6,VISIT,702,Nearest,OnArrival,5,3,19744,Node_54,17,0,7,17,7,,,,,,,,,
6,VISIT,703,Nearest,OnArrival,5,3,19744,Node_127,14,0,10,14,10,,,,,,,,,
6,VISIT,704,Nearest,OnArrival,5,3,19744,Node_4,18,0,10,18,10,,,,,,,,,
6,VISIT,699,Nearest,OnArrival,5,32,19748,Node_580,-10,0,17,-10,17,,,,,,,,,
6,VISIT,693,Nearest,OnArrival,5,73,19749,Node_659,-9,0,18,-9,18,,,,,,,,,
6,VISIT,696,Nearest,OnArrival,5,73,19749,Node_659,-9,0,18,-9,18,,,,,,,,,
6,VISIT,701,Nearest,OnArrival,5,4,19750,Node_8,17,0,10,17,10,,,,,,,,,
6,VISIT,702,Nearest,OnArrival,5,4,19750,Node_58,16,0,7,16,7,,,,,,,,,
6,VISIT,703,Nearest,OnArrival,5,4,19750,Node_166,13,0,10,13,10,,,,,,,,,
6,VISIT,704,Nearest,OnArrival,5,4,19750,Node_8,17,0,10,17,10,,,,,,,,,
6,VISIT,697,Nearest,OnArrival,5,33,19754,Node_576,-10,0,14,-10,14,,,,,,,,,
6,VISIT,698,Nearest,OnArrival,5,35,19754,Node_583,-10,0,20,-10,20,,,,,,,,,
6,VISIT,699,Nearest,OnArrival,5,33,19754,Node_581,-10,0,18,-10,18,,,,,,,,,
6,VISIT,700,Nearest,OnArrival,5,33,19754,Node_576,-10,0,14,-10,14,,,,,,,,,
6,VISIT,693,Nearest,OnArrival,5,74,19755,Node_581,-10,0,18,-10,18,,,,,,,,,
6,VISIT,696,Nearest,OnArrival,5,74,19755,Node_581,-10,0,18,-10,18,,,,,,,,,
6,VISIT,701,Nearest,OnArrival,5,5,19756,Node_24,16,0,10,16,10,,,,,,,,,
6,VISIT,702,Nearest,OnArrival,5,5,19756,Node_79,16,0,6,16,6,,,,,,,,,
6,VISIT,703,Nearest,OnArrival,5,5,19756,Node_168,13,0,9,13,9,,,,,,,,,
6,VISIT,704,Nearest,OnArrival,5,5,19756,Node_24,16,0,10,16,10,,,,,,,,,
6,VISIT,697,Nearest,OnArrival,5,34,19760,Node_578,-10,0,15,-10,15,,,,,,,,,
6,VISIT,698,Nearest,OnArrival,5,36,19760,Node_563,-9,0,20,-9,20,,,,,,,,,
6,VISIT,700,Nearest,OnArrival,5,34,19760,Node_578,-10,0,15,-10,15,,,,,,,,,
6,VISIT,701,Nearest,OnArrival,5,6,19762,Node_26,15,0,10,15,10,,,,,,,,,
6,VISIT,702,Nearest,OnArrival,5,6,19762,Node_68,15,0,6,15,6,,,,,,,,,
6,VISIT,703,Nearest,OnArrival,5,6,19762,Node_247,12,0,9,12,9,,,,,,,,,
6,VISIT,704,Nearest,OnArrival,5,6,19762,Node_26,15,0,10,15,10,,,,,,,,,
6,VISIT,697,Nearest,OnArrival,5,35,19766,Node_579,-10,0,16,-10,16,,,,,,,,,
6,VISIT,698,Nearest,OnArrival,5,37,19766,Node_564,-9,0,21,-9,21,,,,,,,,,
6,VISIT,699,Nearest,OnArrival,5,34,19766,Node_583,-10,0,20,-10,20,,,,,,,,,
6,VISIT,700,Nearest,OnArrival,5,35,19766,Node_579,-10,0,16,-10,16,,,,,,,,,
6,VISIT,693,Nearest,OnArrival,5,75,19767,Node_583,-10,0,20,-10,20,,,,,,,,,
6,VISIT,696,Nearest,OnArrival,5,75,19767,Node_583,-10,0,20,-10,20,,,,,,,,,
6,VISIT,701,Nearest,OnArrival,5,7,19768,Node_127,14,0,10,14,10,,,,,,,,,
6,VISIT,702,Nearest,OnArrival,5,7,19768,Node_188,14,0,6,14,6,,,,,,,,,
6,VISIT,703,Nearest,OnArrival,5,7,19768,Node_252,11,0,9,11,9,,,,,,,,,
6,VISIT,704,Nearest,OnArrival,5,7,19768,Node_127,14,0,10,14,10,,,,,,,,,
6,VISIT,697,Nearest,OnArrival,5,36,19772,Node_580,-10,0,17,-10,17,,,,,,,,,
6,VISIT,698,Nearest,OnArrival,5,38,19772,Node_585,-10,0,21,-10,21,,,,,,,,,
6,VISIT,699,Nearest,OnArrival,5,35,19772,Node_585,-10,0,21,-10,21,,,,,,,,,
6,VISIT,700,Nearest,OnArrival,5,36,19772,Node_580,-10,0,17,-10,17,,,,,,,,,
6,VISIT,693,Nearest,OnArrival,5,76,19773,Node_585,-10,0,21,-10,21,,,,,,,,,
6,VISIT,696,Nearest,OnArrival,5,76,19773,Node_585,-10,0,21,-10,21,,,,,,,,,
6,VISIT,701,Nearest,OnArrival,5,8,19774,Node_166,13,0,10,13,10,,,,,,,,,
6,VISIT,702,Nearest,OnArrival,5,8,19774,Node_172,13,0,6,13,6,,,,,,,,,
6,VISIT,703,Nearest,OnArrival,5,8,19774,Node_254,10,0,9,10,9,,,,,,,,,
6,VISIT,704,Nearest,OnArrival,5,8,19774,Node_166,13,0,10,13,10,,,,,,,,,
6,VISIT,697,Nearest,OnArrival,5,37,19778,Node_581,-10,0,18,-10,18,,,,,,,,,
6,VISIT,698,Nearest,OnArrival,5,39,19778,Node_588,-10,0,22,-10,22,,,,,,,,,
6,VISIT,699,Nearest,OnArrival,5,36,19778,Node_588,-10,0,22,-10,22,,,,,,,,,
6,VISIT,700,Nearest,OnArrival,5,37,19778,Node_581,-10,0,18,-10,18,,,,,,,,,
6,VISIT,693,Nearest,OnArrival,5,77,19779,Node_588,-10,0,22,-10,22,,,,,,,,,
6,VISIT,696,Nearest,OnArrival,5,77,19779,Node_588,-10,0,22,-10,22,,,,,,,,,
6,VISIT,701,Nearest,OnArrival,5,9,19780,Node_168,13,0,9,13,9,,,,,,,,,
6,VISIT,702,Nearest,OnArrival,5,9,19780,Node_181,12,0,6,12,6,,,,,,,,,
6,VISIT,703,Nearest,OnArrival,5,9,19780,Node_256,10,0,10,10,10,,,,,,,,,
6,VISIT,704,Nearest,OnArrival,5,9,19780,Node_168,13,0,9,13,9,,,,,,,,,
6,VISIT,698,Nearest,OnArrival,5,40,19784,Node_565,-9,0,22,-9,22,,,,,,,,,
6,VISIT,699,Nearest,OnArrival,5,37,19784,Node_565,-9,0,22,-9,22,,,,,,,,,
6,VISIT,693,Nearest,OnArrival,5,78,19785,Node_565,-9,0,22,-9,22,,,,,,,,,
6,VISIT,696,Nearest,OnArrival,5,78,19785,Node_565,-9,0,22,-9,22,,,,,,,,,
6,VISIT,701,Nearest,OnArrival,5,10,19786,Node_247,12,0,9,12,9,,,,,,,,,
6,VISIT,702,Nearest,OnArrival,5,10,19786,Node_192,11,0,6,11,6,,,,,,,,,
6,VISIT,703,Nearest,OnArrival,5,10,19786,Node_290,9,0,10,9,10,,,,,,,,,
6,VISIT,704,Nearest,OnArrival,5,10,19786,Node_247,12,0,9,12,9,,,,,,,,,
6,VISIT,697,Nearest,OnArrival,5,38,19790,Node_583,-10,0,20,-10,20,,,,,,,,,
6,VISIT,698,Nearest,OnArrival,5,41,19790,Node_564,-9,0,21,-9,21,,,,,,,,,
6,VISIT,699,Nearest,OnArrival,5,38,19790,Node_564,-9,0,21,-9,21,,,,,,,,,
6,VISIT,700,Nearest,OnArrival,5,38,19790,Node_583,-10,0,20,-10,20,,,,,,,,,
6,VISIT,693,Nearest,OnArrival,5,79,19791,Node_564,-9,0,21,-9,21,,,,,,,,,
6,VISIT,696,Nearest,OnArrival,5,79,19791,Node_564,-9,0,21,-9,21,,,,,,,,,
6,VISIT,701,Nearest,OnArrival,5,11,19792,Node_252,11,0,9,11,9,,,,,,,,,
6,VISIT,702,Nearest,OnArrival,5,11,19792,Node_210,10,0,6,10,6,,,,,,,,,
6,VISIT,703,Nearest,OnArrival,5,11,19792,Node_480,8,0,10,8,10,,,,,,,,,
6,VISIT,704,Nearest,OnArrival,5,11,19792,Node_252,11,0,9,11,9,,,,,,,,,
6,VISIT,697,Nearest,OnArrival,5,39,19796,Node_563,-9,0,20,-9,20,,,,,,,,,
6,VISIT,698,Nearest,OnArrival,5,42,19796,Node_563,-9,0,20,-9,20,,,,,,,,,
6,VISIT,699,Nearest,OnArrival,5,39,19796,Node_563,-9,0,20,-9,20,,,,,,,,,
6,VISIT,700,Nearest,OnArrival,5,39,19796,Node_563,-9,0,20,-9,20,,,,,,,,,
6,VISIT,693,Nearest,OnArrival,5,80,19797,Node_563,-9,0,20,-9,20,,,,,,,,,
6,VISIT,696,Nearest,OnArrival,5,80,19797,Node_563,-9,0,20,-9,20,,,,,,,,,
6,VISIT,701,Nearest,OnArrival,5,12,19798,Node_254,10,0,9,10,9,,,,,,,,,
6,VISIT,702,Nearest,OnArrival,5,12,19798,Node_211,9,0,6,9,6,,,,,,,,,
6,VISIT,704,Nearest,OnArrival,5,12,19798,Node_254,10,0,9,10,9,,,,,,,,,
6,VISIT,701,Nearest,OnArrival,5,13,19807,Node_256,10,0,10,10,10,,,,,,,,,
6,VISIT,702,Nearest,OnArrival,5,13,19807,Node_215,8,0,6,8,6,,,,,,,,,
6,VISIT,703,Nearest,OnArrival,5,12,19807,Node_474,6,0,10,6,10,,,,,,,,,
6,VISIT,704,Nearest,OnArrival,5,13,19807,Node_256,10,0,10,10,10,,,,,,,,,
6,VISIT,697,Nearest,OnArrival,5,40,19811,Node_559,-7,0,20,-7,20,,,,,,,,,
6,VISIT,698,Nearest,OnArrival,5,43,19811,Node_559,-7,0,20,-7,20,,,,,,,,,
6,VISIT,699,Nearest,OnArrival,5,40,19811,Node_559,-7,0,20,-7,20,,,,,,,,,
6,VISIT,700,Nearest,OnArrival,5,40,19811,Node_559,-7,0,20,-7,20,,,,,,,,,
6,VISIT,693,Nearest,OnArrival,5,81,19812,Node_559,-7,0,20,-7,20,,,,,,,,,
6,VISIT,696,Nearest,OnArrival,5,81,19812,Node_559,-7,0,20,-7,20,,,,,,,,,
6,VISIT,701,Nearest,OnArrival,5,14,19813,Node_290,9,0,10,9,10,,,,,,,,,
6,VISIT,702,Nearest,OnArrival,5,14,19813,Node_224,7,0,6,7,6,,,,,,,,,
6,VISIT,703,Nearest,OnArrival,5,13,19813,Node_238,5,0,10,5,10,,,,,,,,,
6,VISIT,704,Nearest,OnArrival,5,14,19813,Node_290,9,0,10,9,10,,,,,,,,,
6,VISIT,701,Nearest,OnArrival,5,15,19819,Node_480,8,0,10,8,10,,,,,,,,,
6,VISIT,702,Nearest,OnArrival,5,15,19819,Node_226,6,0,6,6,6,,,,,,,,,
6,VISIT,704,Nearest,OnArrival,5,15,19819,Node_480,8,0,10,8,10,,,,,,,,,
6,VISIT,697,Nearest,OnArrival,5,41,19826,Node_556,-5,0,20,-5,20,,,,,,,,,
6,VISIT,698,Nearest,OnArrival,5,44,19826,Node_556,-5,0,20,-5,20,,,,,,,,,
6,VISIT,699,Nearest,OnArrival,5,41,19826,Node_556,-5,0,20,-5,20,,,,,,,,,
6,VISIT,700,Nearest,OnArrival,5,41,19826,Node_556,-5,0,20,-5,20,,,,,,,,,
6,VISIT,693,Nearest,OnArrival,5,82,19827,Node_556,-5,0,20,-5,20,,,,,,,,,
6,VISIT,696,Nearest,OnArrival,5,82,19827,Node_556,-5,0,20,-5,20,,,,,,,,,
6,VISIT,702,Nearest,OnArrival,5,16,19828,Node_233,5,0,6,5,6,,,,,,,,,
6,VISIT,703,Nearest,OnArrival,5,14,19828,Node_475,3,0,10,3,10,,,,,,,,,
6,VISIT,701,Nearest,OnArrival,5,16,19840,Node_474,6,0,10,6,10,,,,,,,,,
6,VISIT,703,Nearest,OnArrival,5,15,19840,Node_476,3,0,11,3,11,,,,,,,,,
6,VISIT,704,Nearest,OnArrival,5,16,19840,Node_474,6,0,10,6,10,,,,,,,,,
6,VISIT,697,Nearest,OnArrival,5,42,19844,Node_556,-5,0,20,-5,20,,,,,,,,,
6,VISIT,698,Nearest,OnArrival,5,45,19844,Node_556,-5,0,20,-5,20,,,,,,,,,
6,VISIT,699,Nearest,OnArrival,5,42,19844,Node_556,-5,0,20,-5,20,,,,,,,,,
6,VISIT,700,Nearest,OnArrival,5,42,19844,Node_556,-5,0,20,-5,20,,,,,,,,,
6,VISIT,693,Nearest,OnArrival,5,83,19846,Node_556,-5,0,20,-5,20,,,,,,,,,
6,VISIT,696,Nearest,OnArrival,5,83,19846,Node_556,-5,0,20,-5,20,,,,,,,,,
6,VISIT,701,Nearest,OnArrival,5,17,19848,Node_238,5,0,10,5,10,,,,,,,,,
6,VISIT,702,Nearest,OnArrival,5,17,19848,Node_356,3,0,6,3,6,,,,,,,,,
6,VISIT,703,Nearest,OnArrival,5,16,19848,Node_477,2,0,11,2,11,,,,,,,,,
6,VISIT,704,Nearest,OnArrival,5,17,19848,Node_238,5,0,10,5,10,,,,,,,,,
6,VISIT,702,Nearest,OnArrival,5,18,19854,Node_526,2,0,6,2,6,,,,,,,,,
6,VISIT,703,Nearest,OnArrival,5,17,19854,Node_479,2,0,12,2,12,,,,,,,,,
6,VISIT,693,Nearest,OnArrival,5,84,19864,Node_553,-5,0,18,-5,18,,,,,,,,,
6,VISIT,696,Nearest,OnArrival,5,84,19864,Node_553,-5,0,18,-5,18,,,,,,,,,
6,VISIT,697,Nearest,OnArrival,5,43,19864,Node_553,-5,0,18,-5,18,,,,,,,,,
6,VISIT,698,Nearest,OnArrival,5,46,19864,Node_553,-5,0,18,-5,18,,,,,,,,,
6,VISIT,699,Nearest,OnArrival,5,43,19864,Node_553,-5,0,18,-5,18,,,,,,,,,
6,VISIT,700,Nearest,OnArrival,5,43,19864,Node_553,-5,0,18,-5,18,,,,,,,,,
6,VISIT,701,Nearest,OnArrival,5,18,19866,Node_475,3,0,10,3,10,,,,,,,,,
6,VISIT,703,Nearest,OnArrival,5,18,19866,Node_481,2,0,13,2,13,,,,,,,,,
6,VISIT,704,Nearest,OnArrival,5,18,19866,Node_475,3,0,10,3,10,,,,,,,,,
6,VISIT,693,Nearest,OnArrival,5,85,19872,Node_552,-4,0,18,-4,18,,,,,,,,,
6,VISIT,696,Nearest,OnArrival,5,85,19872,Node_552,-4,0,18,-4,18,,,,,,,,,
6,VISIT,697,Nearest,OnArrival,5,44,19872,Node_552,-4,0,18,-4,18,,,,,,,,,
6,VISIT,698,Nearest,OnArrival,5,47,19872,Node_552,-4,0,18,-4,18,,,,,,,,,
6,VISIT,699,Nearest,OnArrival,5,44,19872,Node_552,-4,0,18,-4,18,,,,,,,,,
6,VISIT,700,Nearest,OnArrival,5,44,19872,Node_552,-4,0,18,-4,18,,,,,,,,,
6,VISIT,701,Nearest,OnArrival,5,19,19875,Node_476,3,0,11,3,11,,,,,,,,,
6,VISIT,703,Nearest,OnArrival,5,19,19875,Node_484,1,0,13,1,13,,,,,,,,,
6,VISIT,704,Nearest,OnArrival,5,19,19875,Node_476,3,0,11,3,11,,,,,,,,,
6,VISIT,693,Nearest,OnArrival,5,86,19883,Node_551,-4,0,17,-4,17,,,,,,,,,
6,VISIT,696,Nearest,OnArrival,5,86,19883,Node_551,-4,0,17,-4,17,,,,,,,,,
6,VISIT,697,Nearest,OnArrival,5,45,19883,Node_551,-4,0,17,-4,17,,,,,,,,,
6,VISIT,698,Nearest,OnArrival,5,48,19883,Node_551,-4,0,17,-4,17,,,,,,,,,
6,VISIT,699,Nearest,OnArrival,5,45,19883,Node_551,-4,0,17,-4,17,,,,,,,,,
6,VISIT,700,Nearest,OnArrival,5,45,19883,Node_551,-4,0,17,-4,17,,,,,,,,,
6,VISIT,701,Nearest,OnArrival,5,20,19886,Node_477,2,0,11,2,11,,,,,,,,,
6,VISIT,702,Nearest,OnArrival,5,19,19886,Node_530,-1,0,6,-1,6,,,,,,,,,
6,VISIT,703,Nearest,OnArrival,5,20,19886,Node_486,1,0,14,1,14,,,,,,,,,
6,VISIT,704,Nearest,OnArrival,5,20,19886,Node_477,2,0,11,2,11,,,,,,,,,
6,VISIT,693,Nearest,OnArrival,5,87,19892,Node_550,-3,0,17,-3,17,,,,,,,,,
6,VISIT,696,Nearest,OnArrival,5,87,19892,Node_550,-3,0,17,-3,17,,,,,,,,,
6,VISIT,697,Nearest,OnArrival,5,46,19892,Node_550,-3,0,17,-3,17,,,,,,,,,
6,VISIT,698,Nearest,OnArrival,5,49,19892,Node_550,-3,0,17,-3,17,,,,,,,,,
6,VISIT,699,Nearest,OnArrival,5,46,19892,Node_550,-3,0,17,-3,17,,,,,,,,,
6,VISIT,700,Nearest,OnArrival,5,46,19892,Node_550,-3,0,17,-3,17,,,,,,,,,
6,VISIT,701,Nearest,OnArrival,5,21,19895,Node_479,2,0,12,2,12,,,,,,,,,
6,VISIT,702,Nearest,OnArrival,5,20,19895,Node_396,-2,0,6,-2,6,,,,,,,,,
6,VISIT,703,Nearest,OnArrival,5,21,19895,Node_488,1,0,15,1,15,,,,,,,,,
6,VISIT,704,Nearest,OnArrival,5,21,19895,Node_479,2,0,12,2,12,,,,,,,,,
6,VISIT,693,Nearest,OnArrival,5,88,19901,Node_666,-2,0,17,-2,17,,,,,,,,,
6,VISIT,696,Nearest,OnArrival,5,88,19901,Node_666,-2,0,17,-2,17,,,,,,,,,
6,VISIT,697,Nearest,OnArrival,5,47,19901,Node_666,-2,0,17,-2,17,,,,,,,,,
6,VISIT,698,Nearest,OnArrival,5,50,19901,Node_666,-2,0,17,-2,17,,,,,,,,,
6,VISIT,699,Nearest,OnArrival,5,47,19901,Node_666,-2,0,17,-2,17,,,,,,,,,
6,VISIT,700,Nearest,OnArrival,5,47,19901,Node_666,-2,0,17,-2,17,,,,,,,,,
6,VISIT,701,Nearest,OnArrival,5,22,19904,Node_481,2,0,13,2,13,,,,,,,,,
6,VISIT,704,Nearest,OnArrival,5,22,19904,Node_481,2,0,13,2,13,,,,,,,,,
6,VISIT,693,Nearest,OnArrival,5,89,19912,Node_667,-2,0,18,-2,18,,,,,,,,,
6,VISIT,696,Nearest,OnArrival,5,89,19912,Node_667,-2,0,18,-2,18,,,,,,,,,
6,VISIT,697,Nearest,OnArrival,5,48,19912,Node_667,-2,0,18,-2,18,,,,,,,,,
6,VISIT,698,Nearest,OnArrival,5,51,19912,Node_667,-2,0,18,-2,18,,,,,,,,,
6,VISIT,699,Nearest,OnArrival,5,48,19912,Node_667,-2,0,18,-2,18,,,,,,,,,
6,VISIT,700,Nearest,OnArrival,5,48,19912,Node_667,-2,0,18,-2,18,,,,,,,,,
6,VISIT,701,Nearest,OnArrival,5,23,19915,Node_484,1,0,13,1,13,,,,,,,,,
6,VISIT,702,Nearest,OnArrival,5,21,19915,Node_500,-4,0,6,-4,6,,,,,,,,,
6,VISIT,703,Nearest,OnArrival,5,22,19915,Node_491,1,0,17,1,17,,,,,,,,,
6,VISIT,704,Nearest,OnArrival,5,23,19915,Node_484,1,0,13,1,13,,,,,,,,,
6,VISIT,693,Nearest,OnArrival,5,90,19926,Node_497,-1,0,18,-1,18,,,,,,,,,
6,VISIT,696,Nearest,OnArrival,5,90,19926,Node_497,-1,0,18,-1,18,,,,,,,,,
6,VISIT,697,Nearest,OnArrival,5,49,19926,Node_497,-1,0,18,-1,18,,,,,,,,,
6,VISIT,698,Nearest,OnArrival,5,52,19926,Node_497,-1,0,18,-1,18,,,,,,,,,
6,VISIT,699,Nearest,OnArrival,5,49,19926,Node_497,-1,0,18,-1,18,,,,,,,,,
6,VISIT,700,Nearest,OnArrival,5,49,19926,Node_497,-1,0,18,-1,18,,,,,,,,,
6,VISIT,701,Nearest,OnArrival,5,24,19929,Node_486,1,0,14,1,14,,,,,,,,,
6,VISIT,702,Nearest,OnArrival,5,22,19929,Node_502,-4,0,7,-4,7,,,,,,,,,
6,VISIT,703,Nearest,OnArrival,5,23,19929,Node_493,0,0,17,0,17,,,,,,,,,
6,VISIT,704,Nearest,OnArrival,5,24,19929,Node_486,1,0,14,1,14,,,,,,,,,
6,VISIT,693,Nearest,OnArrival,5,91,19940,Node_498,-1,0,19,-1,19,,,,,,,,,
6,VISIT,696,Nearest,OnArrival,5,91,19940,Node_498,-1,0,19,-1,19,,,,,,,,,
6,VISIT,697,Nearest,OnArrival,5,50,19940,Node_498,-1,0,19,-1,19,,,,,,,,,
6,VISIT,698,Nearest,OnArrival,5,53,19940,Node_498,-1,0,19,-1,19,,,,,,,,,
6,VISIT,699,Nearest,OnArrival,5,50,19940,Node_498,-1,0,19,-1,19,,,,,,,,,
6,VISIT,700,Nearest,OnArrival,5,50,19940,Node_498,-1,0,19,-1,19,,,,,,,,,
6,VISIT,701,Nearest,OnArrival,5,25,19943,Node_488,1,0,15,1,15,,,,,,,,,
6,VISIT,702,Nearest,OnArrival,5,23,19943,Node_518,-5,0,7,-5,7,,,,,,,,,
6,VISIT,703,Nearest,OnArrival,5,24,19943,Node_495,0,0,18,0,18,,,,,,,,,
6,VISIT,704,Nearest,OnArrival,5,25,19943,Node_488,1,0,15,1,15,,,,,,,,,
6,VISIT,693,Nearest,OnArrival,5,92,19955,Node_668,-2,0,19,-2,19,,,,,,,,,
6,VISIT,696,Nearest,OnArrival,5,92,19955,Node_668,-2,0,19,-2,19,,,,,,,,,
6,VISIT,697,Nearest,OnArrival,5,51,19955,Node_668,-2,0,19,-2,19,,,,,,,,,
6,VISIT,698,Nearest,OnArrival,5,54,19955,Node_668,-2,0,19,-2,19,,,,,,,,,
6,VISIT,699,Nearest,OnArrival,5,51,19955,Node_668,-2,0,19,-2,19,,,,,,,,,
6,VISIT,700,Nearest,OnArrival,5,51,19955,Node_668,-2,0,19,-2,19,,,,,,,,,
6,VISIT,702,Nearest,OnArrival,5,24,19958,Node_566,-6,0,7,-6,7,,,,,,,,,
6,VISIT,703,Nearest,OnArrival,5,25,19958,Node_497,-1,0,18,-1,18,,,,,,,,,
6,VISIT,701,Nearest,OnArrival,5,26,19973,Node_491,1,0,17,1,17,,,,,,,,,
6,VISIT,702,Nearest,OnArrival,5,25,19973,Node_468,-7,0,7,-7,7,,,,,,,,,
6,VISIT,703,Nearest,OnArrival,5,26,19973,Node_498,-1,0,19,-1,19,,,,,,,,,
6,VISIT,704,Nearest,OnArrival,5,26,19973,Node_491,1,0,17,1,17,,,,,,,,,
6,VISIT,693,Nearest,OnArrival,5,93,19984,Node_499,-1,0,20,-1,20,,,,,,,,,
6,VISIT,696,Nearest,OnArrival,5,93,19984,Node_499,-1,0,20,-1,20,,,,,,,,,
6,VISIT,697,Nearest,OnArrival,5,52,19984,Node_499,-1,0,20,-1,20,,,,,,,,,
6,VISIT,698,Nearest,OnArrival,5,55,19984,Node_499,-1,0,20,-1,20,,,,,,,,,
6,VISIT,699,Nearest,OnArrival,5,52,19984,Node_499,-1,0,20,-1,20,,,,,,,,,
6,VISIT,700,Nearest,OnArrival,5,52,19984,Node_499,-1,0,20,-1,20,,,,,,,,,
6,VISIT,701,Nearest,OnArrival,5,27,19988,Node_493,0,0,17,0,17,,,,,,,,,
6,VISIT,702,Nearest,OnArrival,5,26,19988,Node_469,-7,0,8,-7,8,,,,,,,,,
6,VISIT,703,Nearest,OnArrival,5,27,19988,Node_668,-2,0,19,-2,19,,,,,,,,,
6,VISIT,704,Nearest,OnArrival,5,27,19988,Node_493,0,0,17,0,17,,,,,,,,,
6,VISIT,701,Nearest,OnArrival,5,28,20003,Node_495,0,0,18,0,18,,,,,,,,,
6,VISIT,703,Nearest,OnArrival,5,28,20003,Node_498,-1,0,19,-1,19,,,,,,,,,
6,VISIT,704,Nearest,OnArrival,5,28,20003,Node_495,0,0,18,0,18,,,,,,,,,
6,VISIT,693,Nearest,OnArrival,5,94,20015,Node_645,1,0,20,1,20,,,,,,,,,
6,VISIT,696,Nearest,OnArrival,5,94,20015,Node_645,1,0,20,1,20,,,,,,,,,
6,VISIT,697,Nearest,OnArrival,5,53,20015,Node_645,1,0,20,1,20,,,,,,,,,
6,VISIT,698,Nearest,OnArrival,5,56,20015,Node_645,1,0,20,1,20,,,,,,,,,
6,VISIT,699,Nearest,OnArrival,5,53,20015,Node_645,1,0,20,1,20,,,,,,,,,
6,VISIT,700,Nearest,OnArrival,5,53,20015,Node_645,1,0,20,1,20,,,,,,,,,
6,VISIT,701,Nearest,OnArrival,5,29,20020,Node_497,-1,0,18,-1,18,,,,,,,,,
6,VISIT,703,Nearest,OnArrival,5,29,20020,Node_499,-1,0,20,-1,20,,,,,,,,,
6,VISIT,704,Nearest,OnArrival,5,29,20020,Node_497,-1,0,18,-1,18,,,,,,,,,
6,VISIT,701,Nearest,OnArrival,5,30,20037,Node_498,-1,0,19,-1,19,,,,,,,,,
6,VISIT,702,Nearest,OnArrival,5,27,20037,Node_470,-10,0,8,-10,8,,,,,,,,,
6,VISIT,704,Nearest,OnArrival,5,30,20037,Node_498,-1,0,19,-1,19,,,,,,,,,
6,VISIT,693,Nearest,OnArrival,5,95,20048,Node_643,2,0,21,2,21,,,,,,,,,
6,VISIT,696,Nearest,OnArrival,5,95,20048,Node_643,2,0,21,2,21,,,,,,,,,
6,VISIT,697,Nearest,OnArrival,5,54,20048,Node_643,2,0,21,2,21,,,,,,,,,
6,VISIT,698,Nearest,OnArrival,5,57,20048,Node_643,2,0,21,2,21,,,,,,,,,
6,VISIT,699,Nearest,OnArrival,5,54,20048,Node_643,2,0,21,2,21,,,,,,,,,
6,VISIT,700,Nearest,OnArrival,5,54,20048,Node_643,2,0,21,2,21,,,,,,,,,
6,VISIT,701,Nearest,OnArrival,5,31,20053,Node_499,-1,0,20,-1,20,,,,,,,,,
6,VISIT,703,Nearest,OnArrival,5,30,20053,Node_645,1,0,20,1,20,,,,,,,,,
6,VISIT,704,Nearest,OnArrival,5,31,20053,Node_499,-1,0,20,-1,20,,,,,,,,,
6,VISIT,693,Nearest,OnArrival,5,96,20065,Node_562,3,0,21,3,21,,,,,,,,,
6,VISIT,696,Nearest,OnArrival,5,96,20065,Node_562,3,0,21,3,21,,,,,,,,,
6,VISIT,697,Nearest,OnArrival,5,55,20065,Node_562,3,0,21,3,21,,,,,,,,,
6,VISIT,698,Nearest,OnArrival,5,58,20065,Node_562,3,0,21,3,21,,,,,,,,,
6,VISIT,699,Nearest,OnArrival,5,55,20065,Node_562,3,0,21,3,21,,,,,,,,,
6,VISIT,700,Nearest,OnArrival,5,55,20065,Node_562,3,0,21,3,21,,,,,,,,,
6,VISIT,702,Nearest,OnArrival,5,28,20070,Node_471,-10,0,10,-10,10,,,,,,,,,
6,VISIT,703,Nearest,OnArrival,5,31,20070,Node_644,2,0,20,2,20,,,,,,,,,
6,VISIT,701,Nearest,OnArrival,5,32,20086,Node_645,1,0,20,1,20,,,,,,,,,
6,VISIT,702,Nearest,OnArrival,5,29,20086,Node_473,-10,0,11,-10,11,,,,,,,,,
6,VISIT,703,Nearest,OnArrival,5,32,20086,Node_560,3,0,20,3,20,,,,,,,,,
6,VISIT,704,Nearest,OnArrival,5,32,20086,Node_645,1,0,20,1,20,,,,,,,,,
6,VISIT,693,Nearest,OnArrival,5,97,20097,Node_642,2,0,22,2,22,,,,,,,,,
6,VISIT,696,Nearest,OnArrival,5,97,20097,Node_642,2,0,22,2,22,,,,,,,,,
6,VISIT,697,Nearest,OnArrival,5,56,20097,Node_642,2,0,22,2,22,,,,,,,,,
6,VISIT,698,Nearest,OnArrival,5,59,20097,Node_642,2,0,22,2,22,,,,,,,,,
6,VISIT,699,Nearest,OnArrival,5,56,20097,Node_642,2,0,22,2,22,,,,,,,,,
6,VISIT,700,Nearest,OnArrival,5,56,20097,Node_642,2,0,22,2,22,,,,,,,,,
6,VISIT,701,Nearest,OnArrival,5,33,20102,Node_644,2,0,20,2,20,,,,,,,,,
6,VISIT,703,Nearest,OnArrival,5,33,20102,Node_562,3,0,21,3,21,,,,,,,,,
6,VISIT,704,Nearest,OnArrival,5,33,20102,Node_644,2,0,20,2,20,,,,,,,,,
6,VISIT,701,Nearest,OnArrival,5,34,20119,Node_643,2,0,21,2,21,,,,,,,,,
6,VISIT,703,Nearest,OnArrival,5,34,20119,Node_672,3,0,22,3,22,,,,,,,,,
6,VISIT,704,Nearest,OnArrival,5,34,20119,Node_643,2,0,21,2,21,,,,,,,,,
6,VISIT,693,Nearest,OnArrival,5,98,20131,Node_641,2,0,24,2,24,,,,,,,,,
6,VISIT,696,Nearest,OnArrival,5,98,20131,Node_641,2,0,24,2,24,,,,,,,,,
6,VISIT,697,Nearest,OnArrival,5,57,20131,Node_641,2,0,24,2,24,,,,,,,,,
6,VISIT,698,Nearest,OnArrival,5,60,20131,Node_641,2,0,24,2,24,,,,,,,,,
6,VISIT,699,Nearest,OnArrival,5,57,20131,Node_641,2,0,24,2,24,,,,,,,,,
6,VISIT,700,Nearest,OnArrival,5,57,20131,Node_641,2,0,24,2,24,,,,,,,,,
6,VISIT,701,Nearest,OnArrival,5,35,20136,Node_642,2,0,22,2,22,,,,,,,,,
6,VISIT,702,Nearest,OnArrival,5,30,20136,Node_576,-10,0,14,-10,14,,,,,,,,,
6,VISIT,703,Nearest,OnArrival,5,35,20136,Node_642,2,0,22,2,22,,,,,,,,,
6,VISIT,704,Nearest,OnArrival,5,35,20136,Node_642,2,0,22,2,22,,,,,,,,,
6,VISIT,693,Nearest,OnArrival,5,99,20147,Node_635,1,0,24,1,24,,,,,,,,,
6,VISIT,696,Nearest,OnArrival,5,99,20147,Node_635,1,0,24,1,24,,,,,,,,,
6,VISIT,697,Nearest,OnArrival,5,58,20147,Node_635,1,0,24,1,24,,,,,,,,,
6,VISIT,698,Nearest,OnArrival,5,61,20147,Node_635,1,0,24,1,24,,,,,,,,,
6,VISIT,699,Nearest,OnArrival,5,58,20147,Node_635,1,0,24,1,24,,,,,,,,,
6,VISIT,700,Nearest,OnArrival,5,58,20147,Node_635,1,0,24,1,24,,,,,,,,,
6,VISIT,702,Nearest,OnArrival,5,31,20152,Node_578,-10,0,15,-10,15,,,,,,,,,
6,VISIT,705,Nearest,OnArrival,5,0,20160,Node_6,19,0,12,19,12,,,,,,,,,
6,VISIT,706,Nearest,OnArrival,5,0,20160,Node_7,19,0,8,19,8,,,,,,,,,
6,VISIT,707,Nearest,OnArrival,5,0,20160,Node_8,17,0,10,17,10,,,,,,,,,
6,VISIT,708,Nearest,OnArrival,5,0,20160,Node_9,21,0,10,21,10,,,,,,,,,
6,VISIT,693,Nearest,OnArrival,5,100,20163,Node_634,0,0,24,0,24,,,,,,,,,
6,VISIT,696,Nearest,OnArrival,5,100,20163,Node_634,0,0,24,0,24,,,,,,,,,
6,VISIT,697,Nearest,OnArrival,5,59,20163,Node_634,0,0,24,0,24,,,,,,,,,
6,VISIT,698,Nearest,OnArrival,5,62,20163,Node_634,0,0,24,0,24,,,,,,,,,
6,VISIT,699,Nearest,OnArrival,5,59,20163,Node_634,0,0,24,0,24,,,,,,,,,
6,VISIT,700,Nearest,OnArrival,5,59,20163,Node_634,0,0,24,0,24,,,,,,,,,
6,VISIT,701,Nearest,OnArrival,5,36,20164,Node_641,2,0,24,2,24,,,,,,,,,
6,VISIT,702,Nearest,OnArrival,5,32,20164,Node_579,-10,0,16,-10,16,,,,,,,,,
6,VISIT,703,Nearest,OnArrival,5,36,20164,Node_641,2,0,24,2,24,,,,,,,,,
6,VISIT,704,Nearest,OnArrival,5,36,20164,Node_641,2,0,24,2,24,,,,,,,,,
6,VISIT,705,Nearest,OnArrival,5,1,20165,Node_10,18,0,12,18,12,,,,,,,,,
6,VISIT,706,Nearest,OnArrival,5,1,20165,Node_3,19,0,9,19,9,,,,,,,,,
6,VISIT,707,Nearest,OnArrival,5,1,20165,Node_12,17,0,11,17,11,,,,,,,,,
6,VISIT,708,Nearest,OnArrival,5,1,20165,Node_5,20,0,10,20,10,,,,,,,,,
6,VISIT,693,Nearest,OnArrival,5,101,20169,Node_632,0,0,25,0,25,,,,,,,,,
6,VISIT,696,Nearest,OnArrival,5,101,20169,Node_632,0,0,25,0,25,,,,,,,,,
6,VISIT,697,Nearest,OnArrival,5,60,20169,Node_632,0,0,25,0,25,,,,,,,,,
6,VISIT,698,Nearest,OnArrival,5,63,20169,Node_632,0,0,25,0,25,,,,,,,,,
6,VISIT,699,Nearest,OnArrival,5,60,20169,Node_632,0,0,25,0,25,,,,,,,,,
6,VISIT,700,Nearest,OnArrival,5,60,20169,Node_632,0,0,25,0,25,,,,,,,,,
6,VISIT,701,Nearest,OnArrival,5,37,20169,Node_639,2,0,25,2,25,,,,,,,,,
6,VISIT,702,Nearest,OnArrival,5,33,20169,Node_580,-10,0,17,-10,17,,,,,,,,,
6,VISIT,703,Nearest,OnArrival,5,37,20169,Node_639,2,0,25,2,25,,,,,,,,,
6,VISIT,704,Nearest,OnArrival,5,37,20169,Node_639,2,0,25,2,25,,,,,,,,,
6,VISIT,705,Nearest,OnArrival,5,2,20171,Node_16,17,0,12,17,12,,,,,,,,,
6,VISIT,706,Nearest,OnArrival,5,2,20171,Node_20,19,0,10,19,10,,,,,,,,,
6,VISIT,707,Nearest,OnArrival,5,2,20171,Node_16,17,0,12,17,12,,,,,,,,,
6,VISIT,708,Nearest,OnArrival,5,2,20171,Node_57,20,0,11,20,11,,,,,,,,,
6,VISIT,701,Nearest,OnArrival,5,38,20175,Node_636,1,0,25,1,25,,,,,,,,,
6,VISIT,702,Nearest,OnArrival,5,34,20175,Node_657,-9,0,17,-9,17,,,,,,,,,
6,VISIT,703,Nearest,OnArrival,5,38,20175,Node_636,1,0,25,1,25,,,,,,,,,
6,VISIT,704,Nearest,OnArrival,5,38,20175,Node_636,1,0,25,1,25,,,,,,,,,
6,VISIT,705,Nearest,OnArrival,5,3,20177,Node_18,16,0,12,16,12,,,,,,,,,
6,VISIT,706,Nearest,OnArrival,5,3,20177,Node_4,18,0,10,18,10,,,,,,,,,
6,VISIT,707,Nearest,OnArrival,5,3,20177,Node_18,16,0,12,16,12,,,,,,,,,
6,VISIT,708,Nearest,OnArrival,5,3,20177,Node_46,20,0,12,20,12,,,,,,,,,
6,VISIT,701,Nearest,OnArrival,5,39,20181,Node_632,0,0,25,0,25,,,,,,,,,
6,VISIT,703,Nearest,OnArrival,5,39,20181,Node_632,0,0,25,0,25,,,,,,,,,
6,VISIT,704,Nearest,OnArrival,5,39,20181,Node_632,0,0,25,0,25,,,,,,,,,
6,VISIT,705,Nearest,OnArrival,5,4,20183,Node_29,15,0,12,15,12,,,,,,,,,
6,VISIT,706,Nearest,OnArrival,5,4,20183,Node_8,17,0,10,17,10,,,,,,,,,
6,VISIT,707,Nearest,OnArrival,5,4,20183,Node_29,15,0,12,15,12,,,,,,,,,
6,VISIT,708,Nearest,OnArrival,5,4,20183,Node_49,20,0,13,20,13,,,,,,,,,
6,VISIT,705,Nearest,OnArrival,5,5,20190,Node_31,15,0,13,15,13,,,,,,,,,
6,VISIT,706,Nearest,OnArrival,5,5,20190,Node_12,17,0,11,17,11,,,,,,,,,
6,VISIT,707,Nearest,OnArrival,5,5,20190,Node_31,15,0,13,15,13,,,,,,,,,
6,VISIT,708,Nearest,OnArrival,5,5,20190,Node_53,20,0,14,20,14,,,,,,,,,
6,VISIT,702,Nearest,OnArrival,5,35,20198,Node_661,-6,0,17,-6,17,,,,,,,,,
6,VISIT,705,Nearest,OnArrival,5,6,20201,Node_36,14,0,13,14,13,,,,,,,,,
6,VISIT,706,Nearest,OnArrival,5,6,20201,Node_16,17,0,12,17,12,,,,,,,,,
6,VISIT,707,Nearest,OnArrival,5,6,20201,Node_36,14,0,13,14,13,,,,,,,,,
6,VISIT,693,Nearest,OnArrival,5,102,20212,Node_609,-5,0,25,-5,25,,,,,,,,,
6,VISIT,696,Nearest,OnArrival,5,102,20212,Node_609,-5,0,25,-5,25,,,,,,,,,
6,VISIT,697,Nearest,OnArrival,5,61,20212,Node_609,-5,0,25,-5,25,,,,,,,,,
6,VISIT,698,Nearest,OnArrival,5,64,20212,Node_609,-5,0,25,-5,25,,,,,,,,,
6,VISIT,699,Nearest,OnArrival,5,61,20212,Node_609,-5,0,25,-5,25,,,,,,,,,
6,VISIT,700,Nearest,OnArrival,5,61,20212,Node_609,-5,0,25,-5,25,,,,,,,,,
6,VISIT,702,Nearest,OnArrival,5,36,20212,Node_663,-5,0,17,-5,17,,,,,,,,,
6,VISIT,705,Nearest,OnArrival,5,7,20215,Node_37,14,0,14,14,14,,,,,,,,,
6,VISIT,706,Nearest,OnArrival,5,7,20215,Node_18,16,0,12,16,12,,,,,,,,,
6,VISIT,707,Nearest,OnArrival,5,7,20215,Node_37,14,0,14,14,14,,,,,,,,,
6,VISIT,708,Nearest,OnArrival,5,6,20215,Node_133,18,0,14,18,14,,,,,,,,,
6,VISIT,693,Nearest,OnArrival,5,103,20225,Node_611,-5,0,24,-5,24,,,,,,,,,
6,VISIT,696,Nearest,OnArrival,5,103,20225,Node_611,-5,0,24,-5,24,,,,,,,,,
6,VISIT,697,Nearest,OnArrival,5,62,20225,Node_611,-5,0,24,-5,24,,,,,,,,,
6,VISIT,698,Nearest,OnArrival,5,65,20225,Node_611,-5,0,24,-5,24,,,,,,,,,
6,VISIT,699,Nearest,OnArrival,5,62,20225,Node_611,-5,0,24,-5,24,,,,,,,,,
6,VISIT,700,Nearest,OnArrival,5,62,20225,Node_611,-5,0,24,-5,24,,,,,,,,,
6,VISIT,702,Nearest,OnArrival,5,37,20225,Node_551,-4,0,17,-4,17,,,,,,,,,
6,VISIT,705,Nearest,OnArrival,5,8,20229,Node_38,13,0,14,13,14,,,,,,,,,
6,VISIT,706,Nearest,OnArrival,5,8,20229,Node_29,15,0,12,15,12,,,,,,,,,
6,VISIT,707,Nearest,OnArrival,5,8,20229,Node_38,13,0,14,13,14,,,,,,,,,
6,VISIT,708,Nearest,OnArrival,5,7,20229,Node_134,18,0,15,18,15,,,,,,,,,
6,VISIT,693,Nearest,OnArrival,5,104,20239,Node_613,-5,0,23,-5,23,,,,,,,,,
6,VISIT,696,Nearest,OnArrival,5,104,20239,Node_613,-5,0,23,-5,23,,,,,,,,,
6,VISIT,697,Nearest,OnArrival,5,63,20239,Node_613,-5,0,23,-5,23,,,,,,,,,
6,VISIT,698,Nearest,OnArrival,5,66,20239,Node_613,-5,0,23,-5,23,,,,,,,,,
6,VISIT,699,Nearest,OnArrival,5,63,20239,Node_613,-5,0,23,-5,23,,,,,,,,,
6,VISIT,700,Nearest,OnArrival,5,63,20239,Node_613,-5,0,23,-5,23,,,,,,,,,
6,VISIT,701,Nearest,OnArrival,5,40,20239,Node_609,-5,0,25,-5,25,,,,,,,,,
6,VISIT,702,Nearest,OnArrival,5,38,20239,Node_550,-3,0,17,-3,17,,,,,,,,,
6,VISIT,703,Nearest,OnArrival,5,40,20239,Node_609,-5,0,25,-5,25,,,,,,,,,
6,VISIT,704,Nearest,OnArrival,5,40,20239,Node_609,-5,0,25,-5,25,,,,,,,,,
6,VISIT,705,Nearest,OnArrival,5,9,20243,Node_39,13,0,15,13,15,,,,,,,,,
6,VISIT,706,Nearest,OnArrival,5,9,20243,Node_31,15,0,13,15,13,,,,,,,,,
6,VISIT,707,Nearest,OnArrival,5,9,20243,Node_39,13,0,15,13,15,,,,,,,,,
6,VISIT,708,Nearest,OnArrival,5,8,20243,Node_135,18,0,16,18,16,,,,,,,,,
6,VISIT,693,Nearest,OnArrival,5,105,20255,Node_622,-4,0,23,-4,23,,,,,,,,,
6,VISIT,696,Nearest,OnArrival,5,105,20255,Node_622,-4,0,23,-4,23,,,,,,,,,
6,VISIT,697,Nearest,OnArrival,5,64,20255,Node_622,-4,0,23,-4,23,,,,,,,,,
6,VISIT,698,Nearest,OnArrival,5,67,20255,Node_622,-4,0,23,-4,23,,,,,,,,,
6,VISIT,699,Nearest,OnArrival,5,64,20255,Node_622,-4,0,23,-4,23,,,,,,,,,
6,VISIT,700,Nearest,OnArrival,5,64,20255,Node_622,-4,0,23,-4,23,,,,,,,,,
6,VISIT,701,Nearest,OnArrival,5,41,20255,Node_611,-5,0,24,-5,24,,,,,,,,,
6,VISIT,702,Nearest,OnArrival,5,39,20255,Node_666,-2,0,17,-2,17,,,,,,,,,
6,VISIT,703,Nearest,OnArrival,5,41,20255,Node_611,-5,0,24,-5,24,,,,,,,,,
6,VISIT,704,Nearest,OnArrival,5,41,20255,Node_611,-5,0,24,-5,24,,,,,,,,,
6,VISIT,705,Nearest,OnArrival,5,10,20259,Node_40,13,0,16,13,16,,,,,,,,,
6,VISIT,706,Nearest,OnArrival,5,10,20259,Node_36,14,0,13,14,13,,,,,,,,,
6,VISIT,707,Nearest,OnArrival,5,10,20259,Node_40,13,0,16,13,16,,,,,,,,,
6,VISIT,708,Nearest,OnArrival,5,9,20259,Node_138,18,0,17,18,17,,,,,,,,,
6,VISIT,693,Nearest,OnArrival,5,106,20271,Node_510,-3,0,23,-3,23,,,,,,,,,
6,VISIT,696,Nearest,OnArrival,5,106,20271,Node_510,-3,0,23,-3,23,,,,,,,,,
6,VISIT,697,Nearest,OnArrival,5,65,20271,Node_510,-3,0,23,-3,23,,,,,,,,,
6,VISIT,698,Nearest,OnArrival,5,68,20271,Node_510,-3,0,23,-3,23,,,,,,,,,
6,VISIT,699,Nearest,OnArrival,5,65,20271,Node_510,-3,0,23,-3,23,,,,,,,,,
6,VISIT,700,Nearest,OnArrival,5,65,20271,Node_510,-3,0,23,-3,23,,,,,,,,,
6,VISIT,701,Nearest,OnArrival,5,42,20271,Node_613,-5,0,23,-5,23,,,,,,,,,
6,VISIT,702,Nearest,OnArrival,5,40,20271,Node_667,-2,0,18,-2,18,,,,,,,,,
6,VISIT,703,Nearest,OnArrival,5,42,20271,Node_613,-5,0,23,-5,23,,,,,,,,,
6,VISIT,704,Nearest,OnArrival,5,42,20271,Node_613,-5,0,23,-5,23,,,,,,,,,
6,VISIT,705,Nearest,OnArrival,5,11,20275,Node_41,13,0,17,13,17,,,,,,,,,
6,VISIT,706,Nearest,OnArrival,5,11,20275,Node_37,14,0,14,14,14,,,,,,,,,
6,VISIT,707,Nearest,OnArrival,5,11,20275,Node_41,13,0,17,13,17,,,,,,,,,
6,VISIT,708,Nearest,OnArrival,5,10,20275,Node_142,18,0,18,18,18,,,,,,,,,
6,VISIT,701,Nearest,OnArrival,5,43,20288,Node_622,-4,0,23,-4,23,,,,,,,,,
6,VISIT,702,Nearest,OnArrival,5,41,20288,Node_668,-2,0,19,-2,19,,,,,,,,,
6,VISIT,703,Nearest,OnArrival,5,43,20288,Node_622,-4,0,23,-4,23,,,,,,,,,
6,VISIT,704,Nearest,OnArrival,5,43,20288,Node_622,-4,0,23,-4,23,,,,,,,,,
6,VISIT,705,Nearest,OnArrival,5,12,20292,Node_44,12,0,17,12,17,,,,,,,,,
6,VISIT,706,Nearest,OnArrival,5,12,20292,Node_38,13,0,14,13,14,,,,,,,,,
6,VISIT,707,Nearest,OnArrival,5,12,20292,Node_44,12,0,17,12,17,,,,,,,,,
6,VISIT,708,Nearest,OnArrival,5,11,20292,Node_146,18,0,19,18,19,,,,,,,,,
6,VISIT,693,Nearest,OnArrival,5,107,20305,Node_619,-4,0,22,-4,22,,,,,,,,,
6,VISIT,696,Nearest,OnArrival,5,107,20305,Node_619,-4,0,22,-4,22,,,,,,,,,
6,VISIT,697,Nearest,OnArrival,5,66,20305,Node_619,-4,0,22,-4,22,,,,,,,,,
6,VISIT,698,Nearest,OnArrival,5,69,20305,Node_619,-4,0,22,-4,22,,,,,,,,,
6,VISIT,699,Nearest,OnArrival,5,66,20305,Node_619,-4,0,22,-4,22,,,,,,,,,
6,VISIT,700,Nearest,OnArrival,5,66,20305,Node_619,-4,0,22,-4,22,,,,,,,,,
6,VISIT,701,Nearest,OnArrival,5,44,20305,Node_619,-4,0,22,-4,22,,,,,,,,,
6,VISIT,702,Nearest,OnArrival,5,42,20305,Node_498,-1,0,19,-1,19,,,,,,,,,
6,VISIT,703,Nearest,OnArrival,5,44,20305,Node_619,-4,0,22,-4,22,,,,,,,,,
6,VISIT,704,Nearest,OnArrival,5,44,20305,Node_619,-4,0,22,-4,22,,,,,,,,,
6,VISIT,706,Nearest,OnArrival,5,13,20309,Node_39,13,0,15,13,15,,,,,,,,,
6,VISIT,708,Nearest,OnArrival,5,12,20309,Node_150,18,0,20,18,20,,,,,,,,,
6,VISIT,693,Nearest,OnArrival,5,108,20322,Node_673,-3,0,22,-3,22,,,,,,,,,
6,VISIT,696,Nearest,OnArrival,5,108,20322,Node_673,-3,0,22,-3,22,,,,,,,,,
6,VISIT,697,Nearest,OnArrival,5,67,20322,Node_673,-3,0,22,-3,22,,,,,,,,,
6,VISIT,698,Nearest,OnArrival,5,70,20322,Node_673,-3,0,22,-3,22,,,,,,,,,
6,VISIT,699,Nearest,OnArrival,5,67,20322,Node_673,-3,0,22,-3,22,,,,,,,,,
6,VISIT,700,Nearest,OnArrival,5,67,20322,Node_673,-3,0,22,-3,22,,,,,,,,,
6,VISIT,701,Nearest,OnArrival,5,45,20322,Node_673,-3,0,22,-3,22,,,,,,,,,
6,VISIT,702,Nearest,OnArrival,5,43,20322,Node_499,-1,0,20,-1,20,,,,,,,,,
6,VISIT,703,Nearest,OnArrival,5,45,20322,Node_673,-3,0,22,-3,22,,,,,,,,,
6,VISIT,704,Nearest,OnArrival,5,45,20322,Node_673,-3,0,22,-3,22,,,,,,,,,
6,VISIT,705,Nearest,OnArrival,5,13,20325,Node_521,11,0,18,11,18,,,,,,,,,
6,VISIT,706,Nearest,OnArrival,5,14,20325,Node_40,13,0,16,13,16,,,,,,,,,
6,VISIT,707,Nearest,OnArrival,5,13,20325,Node_521,11,0,18,11,18,,,,,,,,,
6,VISIT,708,Nearest,OnArrival,5,13,20325,Node_182,17,0,20,17,20,,,,,,,,,
6,VISIT,693,Nearest,OnArrival,5,109,20339,Node_504,-2,0,22,-2,22,,,,,,,,,
6,VISIT,696,Nearest,OnArrival,5,109,20339,Node_504,-2,0,22,-2,22,,,,,,,,,
6,VISIT,697,Nearest,OnArrival,5,68,20339,Node_504,-2,0,22,-2,22,,,,,,,,,
6,VISIT,698,Nearest,OnArrival,5,71,20339,Node_504,-2,0,22,-2,22,,,,,,,,,
6,VISIT,699,Nearest,OnArrival,5,68,20339,Node_504,-2,0,22,-2,22,,,,,,,,,
6,VISIT,700,Nearest,OnArrival,5,68,20339,Node_504,-2,0,22,-2,22,,,,,,,,,
6,VISIT,701,Nearest,OnArrival,5,46,20339,Node_504,-2,0,22,-2,22,,,,,,,,,
6,VISIT,703,Nearest,OnArrival,5,46,20339,Node_504,-2,0,22,-2,22,,,,,,,,,
6,VISIT,704,Nearest,OnArrival,5,46,20339,Node_504,-2,0,22,-2,22,,,,,,,,,
6,VISIT,705,Nearest,OnArrival,5,14,20342,Node_43,12,0,18,12,18,,,,,,,,,
6,VISIT,706,Nearest,OnArrival,5,15,20342,Node_41,13,0,17,13,17,,,,,,,,,
6,VISIT,707,Nearest,OnArrival,5,14,20342,Node_43,12,0,18,12,18,,,,,,,,,
6,VISIT,708,Nearest,OnArrival,5,14,20342,Node_187,16,0,20,16,20,,,,,,,,,
6,VISIT,693,Nearest,OnArrival,5,110,20343,Node_501,-1,0,22,-1,22,,,,,,,,,
6,VISIT,696,Nearest,OnArrival,5,110,20343,Node_501,-1,0,22,-1,22,,,,,,,,,
6,VISIT,697,Nearest,OnArrival,5,69,20343,Node_501,-1,0,22,-1,22,,,,,,,,,
6,VISIT,698,Nearest,OnArrival,5,72,20343,Node_501,-1,0,22,-1,22,,,,,,,,,
6,VISIT,699,Nearest,OnArrival,5,69,20343,Node_501,-1,0,22,-1,22,,,,,,,,,
6,VISIT,700,Nearest,OnArrival,5,69,20343,Node_501,-1,0,22,-1,22,,,,,,,,,
6,VISIT,701,Nearest,OnArrival,5,47,20343,Node_501,-1,0,22,-1,22,,,,,,,,,
6,VISIT,702,Nearest,OnArrival,5,44,20343,Node_501,-1,0,22,-1,22,,,,,,,,,
6,VISIT,703,Nearest,OnArrival,5,47,20343,Node_501,-1,0,22,-1,22,,,,,,,,,
6,VISIT,704,Nearest,OnArrival,5,47,20343,Node_501,-1,0,22,-1,22,,,,,,,,,
6,VISIT,702,Nearest,OnArrival,5,45,20347,Node_504,-2,0,22,-2,22,,,,,,,,,
6,VISIT,705,Nearest,OnArrival,5,15,20347,Node_42,13,0,18,13,18,,,,,,,,,
6,VISIT,706,Nearest,OnArrival,5,16,20347,Node_42,13,0,18,13,18,,,,,,,,,
6,VISIT,707,Nearest,OnArrival,5,15,20347,Node_42,13,0,18,13,18,,,,,,,,,
6,VISIT,708,Nearest,OnArrival,5,15,20347,Node_186,16,0,21,16,21,,,,,,,,,
6,VISIT,693,Nearest,OnArrival,5,111,20362,Node_499,-1,0,20,-1,20,,,,,,,,,
6,VISIT,696,Nearest,OnArrival,5,111,20362,Node_499,-1,0,20,-1,20,,,,,,,,,
6,VISIT,697,Nearest,OnArrival,5,70,20362,Node_499,-1,0,20,-1,20,,,,,,,,,
6,VISIT,698,Nearest,OnArrival,5,73,20362,Node_499,-1,0,20,-1,20,,,,,,,,,
6,VISIT,699,Nearest,OnArrival,5,70,20362,Node_499,-1,0,20,-1,20,,,,,,,,,
6,VISIT,700,Nearest,OnArrival,5,70,20362,Node_499,-1,0,20,-1,20,,,,,,,,,
6,VISIT,701,Nearest,OnArrival,5,48,20362,Node_499,-1,0,20,-1,20,,,,,,,,,
6,VISIT,702,Nearest,OnArrival,5,46,20362,Node_501,-1,0,22,-1,22,,,,,,,,,
6,VISIT,703,Nearest,OnArrival,5,48,20362,Node_499,-1,0,20,-1,20,,,,,,,,,
6,VISIT,704,Nearest,OnArrival,5,48,20362,Node_499,-1,0,20,-1,20,,,,,,,,,
6,VISIT,708,Nearest,OnArrival,5,16,20362,Node_191,15,0,21,15,21,,,,,,,,,
6,VISIT,693,Nearest,OnArrival,5,112,20366,Node_498,-1,0,19,-1,19,,,,,,,,,
6,VISIT,696,Nearest,OnArrival,5,112,20366,Node_498,-1,0,19,-1,19,,,,,,,,,
6,VISIT,697,Nearest,OnArrival,5,71,20366,Node_498,-1,0,19,-1,19,,,,,,,,,
6,VISIT,698,Nearest,OnArrival,5,74,20366,Node_498,-1,0,19,-1,19,,,,,,,,,
6,VISIT,699,Nearest,OnArrival,5,71,20366,Node_498,-1,0,19,-1,19,,,,,,,,,
6,VISIT,700,Nearest,OnArrival,5,71,20366,Node_498,-1,0,19,-1,19,,,,,,,,,
6,VISIT,701,Nearest,OnArrival,5,49,20366,Node_498,-1,0,19,-1,19,,,,,,,,,
6,VISIT,703,Nearest,OnArrival,5,49,20366,Node_498,-1,0,19,-1,19,,,,,,,,,
6,VISIT,704,Nearest,OnArrival,5,49,20366,Node_498,-1,0,19,-1,19,,,,,,,,,
6,VISIT,693,Nearest,OnArrival,5,113,20370,Node_497,-1,0,18,-1,18,,,,,,,,,
6,VISIT,696,Nearest,OnArrival,5,113,20370,Node_497,-1,0,18,-1,18,,,,,,,,,
6,VISIT,697,Nearest,OnArrival,5,72,20370,Node_497,-1,0,18,-1,18,,,,,,,,,
6,VISIT,698,Nearest,OnArrival,5,75,20370,Node_497,-1,0,18,-1,18,,,,,,,,,
6,VISIT,699,Nearest,OnArrival,5,72,20370,Node_497,-1,0,18,-1,18,,,,,,,,,
6,VISIT,700,Nearest,OnArrival,5,72,20370,Node_497,-1,0,18,-1,18,,,,,,,,,
6,VISIT,701,Nearest,OnArrival,5,50,20370,Node_497,-1,0,18,-1,18,,,,,,,,,
6,VISIT,702,Nearest,OnArrival,5,47,20370,Node_499,-1,0,20,-1,20,,,,,,,,,
6,VISIT,703,Nearest,OnArrival,5,50,20370,Node_497,-1,0,18,-1,18,,,,,,,,,
6,VISIT,704,Nearest,OnArrival,5,50,20370,Node_497,-1,0,18,-1,18,,,,,,,,,
6,VISIT,693,Nearest,OnArrival,5,114,20374,Node_667,-2,0,18,-2,18,,,,,,,,,
6,VISIT,696,Nearest,OnArrival,5,114,20374,Node_667,-2,0,18,-2,18,,,,,,,,,
6,VISIT,697,Nearest,OnArrival,5,73,20374,Node_667,-2,0,18,-2,18,,,,,,,,,
6,VISIT,698,Nearest,OnArrival,5,76,20374,Node_667,-2,0,18,-2,18,,,,,,,,,
6,VISIT,699,Nearest,OnArrival,5,73,20374,Node_667,-2,0,18,-2,18,,,,,,,,,
6,VISIT,700,Nearest,OnArrival,5,73,20374,Node_667,-2,0,18,-2,18,,,,,,,,,
6,VISIT,701,Nearest,OnArrival,5,51,20374,Node_667,-2,0,18,-2,18,,,,,,,,,
6,VISIT,702,Nearest,OnArrival,5,48,20374,Node_498,-1,0,19,-1,19,,,,,,,,,
6,VISIT,703,Nearest,OnArrival,5,51,20374,Node_667,-2,0,18,-2,18,,,,,,,,,
6,VISIT,704,Nearest,OnArrival,5,51,20374,Node_667,-2,0,18,-2,18,,,,,,,,,
6,VISIT,693,Nearest,OnArrival,5,115,20378,Node_666,-2,0,17,-2,17,,,,,,,,,
6,VISIT,696,Nearest,OnArrival,5,115,20378,Node_666,-2,0,17,-2,17,,,,,,,,,
6,VISIT,697,Nearest,OnArrival,5,74,20378,Node_666,-2,0,17,-2,17,,,,,,,,,
6,VISIT,698,Nearest,OnArrival,5,77,20378,Node_666,-2,0,17,-2,17,,,,,,,,,
6,VISIT,699,Nearest,OnArrival,5,74,20378,Node_666,-2,0,17,-2,17,,,,,,,,,
6,VISIT,700,Nearest,OnArrival,5,74,20378,Node_666,-2,0,17,-2,17,,,,,,,,,
6,VISIT,701,Nearest,OnArrival,5,52,20378,Node_666,-2,0,17,-2,17,,,,,,,,,
6,VISIT,702,Nearest,OnArrival,5,49,20378,Node_497,-1,0,18,-1,18,,,,,,,,,
6,VISIT,703,Nearest,OnArrival,5,52,20378,Node_666,-2,0,17,-2,17,,,,,,,,,
6,VISIT,704,Nearest,OnArrival,5,52,20378,Node_666,-2,0,17,-2,17,,,,,,,,,
6,VISIT,693,Nearest,OnArrival,5,116,20383,Node_550,-3,0,17,-3,17,,,,,,,,,
6,VISIT,696,Nearest,OnArrival,5,116,20383,Node_550,-3,0,17,-3,17,,,,,,,,,
6,VISIT,697,Nearest,OnArrival,5,75,20383,Node_550,-3,0,17,-3,17,,,,,,,,,
6,VISIT,698,Nearest,OnArrival,5,78,20383,Node_550,-3,0,17,-3,17,,,,,,,,,
6,VISIT,699,Nearest,OnArrival,5,75,20383,Node_550,-3,0,17,-3,17,,,,,,,,,
6,VISIT,700,Nearest,OnArrival,5,75,20383,Node_550,-3,0,17,-3,17,,,,,,,,,
6,VISIT,701,Nearest,OnArrival,5,53,20383,Node_550,-3,0,17,-3,17,,,,,,,,,
6,VISIT,702,Nearest,OnArrival,5,50,20383,Node_667,-2,0,18,-2,18,,,,,,,,,
6,VISIT,703,Nearest,OnArrival,5,53,20383,Node_550,-3,0,17,-3,17,,,,,,,,,
6,VISIT,704,Nearest,OnArrival,5,53,20383,Node_550,-3,0,17,-3,17,,,,,,,,,
6,VISIT,693,Nearest,OnArrival,5,117,20388,Node_548,-3,0,16,-3,16,,,,,,,,,
6,VISIT,696,Nearest,OnArrival,5,117,20388,Node_548,-3,0,16,-3,16,,,,,,,,,
6,VISIT,697,Nearest,OnArrival,5,76,20388,Node_548,-3,0,16,-3,16,,,,,,,,,
6,VISIT,698,Nearest,OnArrival,5,79,20388,Node_548,-3,0,16,-3,16,,,,,,,,,
6,VISIT,699,Nearest,OnArrival,5,76,20388,Node_548,-3,0,16,-3,16,,,,,,,,,
6,VISIT,700,Nearest,OnArrival,5,76,20388,Node_548,-3,0,16,-3,16,,,,,,,,,
6,VISIT,701,Nearest,OnArrival,5,54,20388,Node_548,-3,0,16,-3,16,,,,,,,,,
6,VISIT,702,Nearest,OnArrival,5,51,20388,Node_666,-2,0,17,-2,17,,,,,,,,,
6,VISIT,703,Nearest,OnArrival,5,54,20388,Node_548,-3,0,16,-3,16,,,,,,,,,
6,VISIT,704,Nearest,OnArrival,5,54,20388,Node_548,-3,0,16,-3,16,,,,,,,,,
6,VISIT,693,Nearest,OnArrival,5,118,20394,Node_509,-3,0,15,-3,15,,,,,,,,,
6,VISIT,696,Nearest,OnArrival,5,118,20394,Node_509,-3,0,15,-3,15,,,,,,,,,
6,VISIT,697,Nearest,OnArrival,5,77,20394,Node_509,-3,0,15,-3,15,,,,,,,,,
6,VISIT,698,Nearest,OnArrival,5,80,20394,Node_509,-3,0,15,-3,15,,,,,,,,,
6,VISIT,699,Nearest,OnArrival,5,77,20394,Node_509,-3,0,15,-3,15,,,,,,,,,
6,VISIT,700,Nearest,OnArrival,5,77,20394,Node_509,-3,0,15,-3,15,,,,,,,,,
6,VISIT,701,Nearest,OnArrival,5,55,20394,Node_509,-3,0,15,-3,15,,,,,,,,,
6,VISIT,702,Nearest,OnArrival,5,52,20394,Node_550,-3,0,17,-3,17,,,,,,,,,
6,VISIT,703,Nearest,OnArrival,5,55,20394,Node_509,-3,0,15,-3,15,,,,,,,,,
6,VISIT,704,Nearest,OnArrival,5,55,20394,Node_509,-3,0,15,-3,15,,,,,,,,,
6,VISIT,705,Nearest,OnArrival,5,16,20394,Node_685,14,0,25,14,25,,,,,,,,,
6,VISIT,706,Nearest,OnArrival,5,17,20394,Node_685,14,0,25,14,25,,,,,,,,,
6,VISIT,707,Nearest,OnArrival,5,16,20394,Node_685,14,0,25,14,25,,,,,,,,,
6,VISIT,708,Nearest,OnArrival,5,17,20394,Node_681,15,0,24,15,24,,,,,,,,,
6,VISIT,693,Nearest,OnArrival,5,119,20400,Node_545,-3,0,14,-3,14,,,,,,,,,
6,VISIT,696,Nearest,OnArrival,5,119,20400,Node_545,-3,0,14,-3,14,,,,,,,,,
6,VISIT,697,Nearest,OnArrival,5,78,20400,Node_545,-3,0,14,-3,14,,,,,,,,,
6,VISIT,698,Nearest,OnArrival,5,81,20400,Node_545,-3,0,14,-3,14,,,,,,,,,
6,VISIT,699,Nearest,OnArrival,5,78,20400,Node_545,-3,0,14,-3,14,,,,,,,,,
6,VISIT,700,Nearest,OnArrival,5,78,20400,Node_545,-3,0,14,-3,14,,,,,,,,,
6,VISIT,701,Nearest,OnArrival,5,56,20400,Node_545,-3,0,14,-3,14,,,,,,,,,
6,VISIT,702,Nearest,OnArrival,5,53,20400,Node_548,-3,0,16,-3,16,,,,,,,,,
6,VISIT,703,Nearest,OnArrival,5,56,20400,Node_545,-3,0,14,-3,14,,,,,,,,,
6,VISIT,704,Nearest,OnArrival,5,56,20400,Node_545,-3,0,14,-3,14,,,,,,,,,
6,VISIT,705,Nearest,OnArrival,5,17,20400,Node_683,15,0,25,15,25,,,,,,,,,
6,VISIT,706,Nearest,OnArrival,5,18,20400,Node_683,15,0,25,15,25,,,,,,,,,
6,VISIT,707,Nearest,OnArrival,5,17,20400,Node_683,15,0,25,15,25,,,,,,,,,
6,VISIT,708,Nearest,OnArrival,5,18,20400,Node_679,15,0,23,15,23,,,,,,,,,
6,VISIT,702,Nearest,OnArrival,5,54,20406,Node_509,-3,0,15,-3,15,,,,,,,,,
6,VISIT,708,Nearest,OnArrival,5,19,20406,Node_684,14,0,23,14,23,,,,,,,,,
6,VISIT,693,Nearest,OnArrival,5,120,20422,Node_542,-3,0,12,-3,12,,,,,,,,,
6,VISIT,696,Nearest,OnArrival,5,120,20422,Node_542,-3,0,12,-3,12,,,,,,,,,
6,VISIT,697,Nearest,OnArrival,5,79,20422,Node_542,-3,0,12,-3,12,,,,,,,,,
6,VISIT,698,Nearest,OnArrival,5,82,20422,Node_542,-3,0,12,-3,12,,,,,,,,,
6,VISIT,699,Nearest,OnArrival,5,79,20422,Node_542,-3,0,12,-3,12,,,,,,,,,
6,VISIT,700,Nearest,OnArrival,5,79,20422,Node_542,-3,0,12,-3,12,,,,,,,,,
6,VISIT,701,Nearest,OnArrival,5,57,20422,Node_542,-3,0,12,-3,12,,,,,,,,,
6,VISIT,702,Nearest,OnArrival,5,55,20422,Node_545,-3,0,14,-3,14,,,,,,,,,
6,VISIT,703,Nearest,OnArrival,5,57,20422,Node_542,-3,0,12,-3,12,,,,,,,,,
6,VISIT,704,Nearest,OnArrival,5,57,20422,Node_542,-3,0,12,-3,12,,,,,,,,,
6,VISIT,693,Nearest,OnArrival,5,121,20429,Node_604,-3,0,11,-3,11,,,,,,,,,
6,VISIT,696,Nearest,OnArrival,5,121,20429,Node_604,-3,0,11,-3,11,,,,,,,,,
6,VISIT,697,Nearest,OnArrival,5,80,20429,Node_604,-3,0,11,-3,11,,,,,,,,,
6,VISIT,698,Nearest,OnArrival,5,83,20429,Node_604,-3,0,11,-3,11,,,,,,,,,
6,VISIT,699,Nearest,OnArrival,5,80,20429,Node_604,-3,0,11,-3,11,,,,,,,,,
6,VISIT,700,Nearest,OnArrival,5,80,20429,Node_604,-3,0,11,-3,11,,,,,,,,,
6,VISIT,701,Nearest,OnArrival,5,58,20429,Node_604,-3,0,11,-3,11,,,,,,,,,
6,VISIT,703,Nearest,OnArrival,5,58,20429,Node_604,-3,0,11,-3,11,,,,,,,,,
6,VISIT,704,Nearest,OnArrival,5,58,20429,Node_604,-3,0,11,-3,11,,,,,,,,,
6,VISIT,693,Nearest,OnArrival,5,122,20437,Node_601,-3,0,10,-3,10,,,,,,,,,
6,VISIT,696,Nearest,OnArrival,5,122,20437,Node_601,-3,0,10,-3,10,,,,,,,,,
6,VISIT,697,Nearest,OnArrival,5,81,20437,Node_601,-3,0,10,-3,10,,,,,,,,,
6,VISIT,698,Nearest,OnArrival,5,84,20437,Node_601,-3,0,10,-3,10,,,,,,,,,
6,VISIT,699,Nearest,OnArrival,5,81,20437,Node_601,-3,0,10,-3,10,,,,,,,,,
6,VISIT,700,Nearest,OnArrival,5,81,20437,Node_601,-3,0,10,-3,10,,,,,,,,,
6,VISIT,701,Nearest,OnArrival,5,59,20437,Node_601,-3,0,10,-3,10,,,,,,,,,
6,VISIT,702,Nearest,OnArrival,5,56,20437,Node_542,-3,0,12,-3,12,,,,,,,,,
6,VISIT,703,Nearest,OnArrival,5,59,20437,Node_601,-3,0,10,-3,10,,,,,,,,,
6,VISIT,704,Nearest,OnArrival,5,59,20437,Node_601,-3,0,10,-3,10,,,,,,,,,
6,VISIT,693,Nearest,OnArrival,5,123,20444,Node_511,-4,0,10,-4,10,,,,,,,,,
6,VISIT,696,Nearest,OnArrival,5,123,20444,Node_511,-4,0,10,-4,10,,,,,,,,,
6,VISIT,697,Nearest,OnArrival,5,82,20444,Node_511,-4,0,10,-4,10,,,,,,,,,
6,VISIT,698,Nearest,OnArrival,5,85,20444,Node_511,-4,0,10,-4,10,,,,,,,,,
6,VISIT,699,Nearest,OnArrival,5,82,20444,Node_511,-4,0,10,-4,10,,,,,,,,,
6,VISIT,700,Nearest,OnArrival,5,82,20444,Node_511,-4,0,10,-4,10,,,,,,,,,
6,VISIT,701,Nearest,OnArrival,5,60,20444,Node_511,-4,0,10,-4,10,,,,,,,,,
6,VISIT,702,Nearest,OnArrival,5,57,20444,Node_604,-3,0,11,-3,11,,,,,,,,,
6,VISIT,703,Nearest,OnArrival,5,60,20444,Node_511,-4,0,10,-4,10,,,,,,,,,
6,VISIT,704,Nearest,OnArrival,5,60,20444,Node_511,-4,0,10,-4,10,,,,,,,,,
6,VISIT,706,Nearest,OnArrival,5,19,20444,Node_162,18,0,23,18,23,,,,,,,,,
6,VISIT,707,Nearest,OnArrival,5,18,20444,Node_162,18,0,23,18,23,,,,,,,,,
6,VISIT,708,Nearest,OnArrival,5,20,20444,Node_640,12,0,23,12,23,,,,,,,,,
6,VISIT,693,Nearest,OnArrival,5,124,20453,Node_508,-4,0,9,-4,9,,,,,,,,,
6,VISIT,696,Nearest,OnArrival,5,124,20453,Node_508,-4,0,9,-4,9,,,,,,,,,
6,VISIT,697,Nearest,OnArrival,5,83,20453,Node_508,-4,0,9,-4,9,,,,,,,,,
6,VISIT,698,Nearest,OnArrival,5,86,20453,Node_508,-4,0,9,-4,9,,,,,,,,,
6,VISIT,699,Nearest,OnArrival,5,83,20453,Node_508,-4,0,9,-4,9,,,,,,,,,
6,VISIT,700,Nearest,OnArrival,5,83,20453,Node_508,-4,0,9,-4,9,,,,,,,,,
6,VISIT,701,Nearest,OnArrival,5,61,20453,Node_508,-4,0,9,-4,9,,,,,,,,,
6,VISIT,702,Nearest,OnArrival,5,58,20453,Node_601,-3,0,10,-3,10,,,,,,,,,
6,VISIT,703,Nearest,OnArrival,5,61,20453,Node_508,-4,0,9,-4,9,,,,,,,,,
6,VISIT,704,Nearest,OnArrival,5,61,20453,Node_508,-4,0,9,-4,9,,,,,,,,,
6,VISIT,706,Nearest,OnArrival,5,20,20453,Node_124,19,0,23,19,23,,,,,,,,,
6,VISIT,707,Nearest,OnArrival,5,19,20453,Node_124,19,0,23,19,23,,,,,,,,,
6,VISIT,693,Nearest,OnArrival,5,125,20463,Node_505,-4,0,8,-4,8,,,,,,,,,
6,VISIT,696,Nearest,OnArrival,5,125,20463,Node_505,-4,0,8,-4,8,,,,,,,,,
6,VISIT,697,Nearest,OnArrival,5,84,20463,Node_505,-4,0,8,-4,8,,,,,,,,,
6,VISIT,698,Nearest,OnArrival,5,87,20463,Node_505,-4,0,8,-4,8,,,,,,,,,
6,VISIT,699,Nearest,OnArrival,5,84,20463,Node_505,-4,0,8,-4,8,,,,,,,,,
6,VISIT,700,Nearest,OnArrival,5,84,20463,Node_505,-4,0,8,-4,8,,,,,,,,,
6,VISIT,701,Nearest,OnArrival,5,62,20463,Node_505,-4,0,8,-4,8,,,,,,,,,
6,VISIT,702,Nearest,OnArrival,5,59,20463,Node_511,-4,0,10,-4,10,,,,,,,,,
6,VISIT,703,Nearest,OnArrival,5,62,20463,Node_505,-4,0,8,-4,8,,,,,,,,,
6,VISIT,704,Nearest,OnArrival,5,62,20463,Node_505,-4,0,8,-4,8,,,,,,,,,
6,VISIT,693,Nearest,OnArrival,5,126,20474,Node_502,-4,0,7,-4,7,,,,,,,,,
6,VISIT,696,Nearest,OnArrival,5,126,20474,Node_502,-4,0,7,-4,7,,,,,,,,,
6,VISIT,697,Nearest,OnArrival,5,85,20474,Node_502,-4,0,7,-4,7,,,,,,,,,
6,VISIT,698,Nearest,OnArrival,5,88,20474,Node_502,-4,0,7,-4,7,,,,,,,,,
6,VISIT,699,Nearest,OnArrival,5,85,20474,Node_502,-4,0,7,-4,7,,,,,,,,,
6,VISIT,700,Nearest,OnArrival,5,85,20474,Node_502,-4,0,7,-4,7,,,,,,,,,
6,VISIT,701,Nearest,OnArrival,5,63,20474,Node_502,-4,0,7,-4,7,,,,,,,,,
6,VISIT,702,Nearest,OnArrival,5,60,20474,Node_508,-4,0,9,-4,9,,,,,,,,,
6,VISIT,703,Nearest,OnArrival,5,63,20474,Node_502,-4,0,7,-4,7,,,,,,,,,
6,VISIT,704,Nearest,OnArrival,5,63,20474,Node_502,-4,0,7,-4,7,,,,,,,,,
6,VISIT,706,Nearest,OnArrival,5,21,20474,Node_234,21,0,23,21,23,,,,,,,,,
6,VISIT,707,Nearest,OnArrival,5,20,20474,Node_234,21,0,23,21,23,,,,,,,,,
6,VISIT,693,Nearest,OnArrival,5,127,20486,Node_500,-4,0,6,-4,6,,,,,,,,,
6,VISIT,696,Nearest,OnArrival,5,127,20486,Node_500,-4,0,6,-4,6,,,,,,,,,
6,VISIT,697,Nearest,OnArrival,5,86,20486,Node_500,-4,0,6,-4,6,,,,,,,,,
6,VISIT,698,Nearest,OnArrival,5,89,20486,Node_500,-4,0,6,-4,6,,,,,,,,,
6,VISIT,699,Nearest,OnArrival,5,86,20486,Node_500,-4,0,6,-4,6,,,,,,,,,
6,VISIT,700,Nearest,OnArrival,5,86,20486,Node_500,-4,0,6,-4,6,,,,,,,,,
6,VISIT,701,Nearest,OnArrival,5,64,20486,Node_500,-4,0,6,-4,6,,,,,,,,,
6,VISIT,702,Nearest,OnArrival,5,61,20486,Node_505,-4,0,8,-4,8,,,,,,,,,
6,VISIT,703,Nearest,OnArrival,5,64,20486,Node_500,-4,0,6,-4,6,,,,,,,,,
6,VISIT,704,Nearest,OnArrival,5,64,20486,Node_500,-4,0,6,-4,6,,,,,,,,,
6,VISIT,702,Nearest,OnArrival,5,62,20499,Node_502,-4,0,7,-4,7,,,,,,,,,
6,VISIT,706,Nearest,OnArrival,5,22,20499,Node_124,19,0,23,19,23,,,,,,,,,
6,VISIT,707,Nearest,OnArrival,5,21,20499,Node_124,19,0,23,19,23,,,,,,,,,
6,VISIT,693,Nearest,OnArrival,5,128,20516,Node_396,-2,0,6,-2,6,,,,,,,,,
6,VISIT,696,Nearest,OnArrival,5,128,20516,Node_396,-2,0,6,-2,6,,,,,,,,,
6,VISIT,697,Nearest,OnArrival,5,87,20516,Node_396,-2,0,6,-2,6,,,,,,,,,
6,VISIT,698,Nearest,OnArrival,5,90,20516,Node_396,-2,0,6,-2,6,,,,,,,,,
6,VISIT,699,Nearest,OnArrival,5,87,20516,Node_396,-2,0,6,-2,6,,,,,,,,,
6,VISIT,700,Nearest,OnArrival,5,87,20516,Node_396,-2,0,6,-2,6,,,,,,,,,
6,VISIT,701,Nearest,OnArrival,5,65,20516,Node_396,-2,0,6,-2,6,,,,,,,,,
6,VISIT,702,Nearest,OnArrival,5,63,20516,Node_500,-4,0,6,-4,6,,,,,,,,,
6,VISIT,703,Nearest,OnArrival,5,65,20516,Node_396,-2,0,6,-2,6,,,,,,,,,
6,VISIT,704,Nearest,OnArrival,5,65,20516,Node_396,-2,0,6,-2,6,,,,,,,,,
6,VISIT,706,Nearest,OnArrival,5,23,20516,Node_123,19,0,24,19,24,,,,,,,,,
6,VISIT,707,Nearest,OnArrival,5,22,20516,Node_123,19,0,24,19,24,,,,,,,,,
6,VISIT,706,Nearest,OnArrival,5,24,20529,Node_690,18,0,24,18,24,,,,,,,,,
6,VISIT,707,Nearest,OnArrival,5,23,20529,Node_690,18,0,24,18,24,,,,,,,,,
6,VISIT,693,Nearest,OnArrival,5,129,20546,Node_393,-2,0,4,-2,4,,,,,,,,,
6,VISIT,696,Nearest,OnArrival,5,129,20546,Node_393,-2,0,4,-2,4,,,,,,,,,
6,VISIT,697,Nearest,OnArrival,5,88,20546,Node_393,-2,0,4,-2,4,,,,,,,,,
6,VISIT,698,Nearest,OnArrival,5,91,20546,Node_393,-2,0,4,-2,4,,,,,,,,,
6,VISIT,699,Nearest,OnArrival,5,88,20546,Node_393,-2,0,4,-2,4,,,,,,,,,
6,VISIT,700,Nearest,OnArrival,5,88,20546,Node_393,-2,0,4,-2,4,,,,,,,,,
6,VISIT,701,Nearest,OnArrival,5,66,20546,Node_393,-2,0,4,-2,4,,,,,,,,,
6,VISIT,702,Nearest,OnArrival,5,64,20546,Node_396,-2,0,6,-2,6,,,,,,,,,
6,VISIT,703,Nearest,OnArrival,5,66,20546,Node_393,-2,0,4,-2,4,,,,,,,,,
6,VISIT,704,Nearest,OnArrival,5,66,20546,Node_393,-2,0,4,-2,4,,,,,,,,,
6,VISIT,706,Nearest,OnArrival,5,25,20546,Node_688,18,0,25,18,25,,,,,,,,,
6,VISIT,707,Nearest,OnArrival,5,24,20546,Node_688,18,0,25,18,25,,,,,,,,,
6,VISIT,693,Nearest,OnArrival,5,130,20560,Node_440,-3,0,4,-3,4,,,,,,,,,
6,VISIT,696,Nearest,OnArrival,5,130,20560,Node_440,-3,0,4,-3,4,,,,,,,,,
6,VISIT,697,Nearest,OnArrival,5,89,20560,Node_440,-3,0,4,-3,4,,,,,,,,,
6,VISIT,698,Nearest,OnArrival,5,92,20560,Node_440,-3,0,4,-3,4,,,,,,,,,
6,VISIT,699,Nearest,OnArrival,5,89,20560,Node_440,-3,0,4,-3,4,,,,,,,,,
6,VISIT,700,Nearest,OnArrival,5,89,20560,Node_440,-3,0,4,-3,4,,,,,,,,,
6,VISIT,701,Nearest,OnArrival,5,67,20560,Node_440,-3,0,4,-3,4,,,,,,,,,
6,VISIT,703,Nearest,OnArrival,5,67,20560,Node_440,-3,0,4,-3,4,,,,,,,,,
6,VISIT,704,Nearest,OnArrival,5,67,20560,Node_440,-3,0,4,-3,4,,,,,,,,,
6,VISIT,706,Nearest,OnArrival,5,26,20560,Node_122,19,0,25,19,25,,,,,,,,,
6,VISIT,707,Nearest,OnArrival,5,25,20560,Node_122,19,0,25,19,25,,,,,,,,,
6,VISIT,709,Nearest,OnArrival,5,0,20564,Node_6,19,0,12,19,12,,,,,,,,,
6,VISIT,710,Nearest,OnArrival,5,0,20564,Node_7,19,0,8,19,8,,,,,,,,,
6,VISIT,711,Nearest,OnArrival,5,0,20564,Node_8,17,0,10,17,10,,,,,,,,,
6,VISIT,712,Nearest,OnArrival,5,0,20564,Node_9,21,0,10,21,10,,,,,,,,,
6,VISIT,702,Nearest,OnArrival,5,65,20568,Node_393,-2,0,4,-2,4,,,,,,,,,
6,VISIT,706,Nearest,OnArrival,5,27,20568,Node_123,19,0,24,19,24,,,,,,,,,
6,VISIT,707,Nearest,OnArrival,5,26,20568,Node_123,19,0,24,19,24,,,,,,,,,
6,VISIT,709,Nearest,OnArrival,5,1,20569,Node_2,19,0,11,19,11,,,,,,,,,
6,VISIT,710,Nearest,OnArrival,5,1,20569,Node_11,18,0,8,18,8,,,,,,,,,
6,VISIT,711,Nearest,OnArrival,5,1,20569,Node_24,16,0,10,16,10,,,,,,,,,
6,VISIT,712,Nearest,OnArrival,5,1,20569,Node_5,20,0,10,20,10,,,,,,,,,
6,VISIT,702,Nearest,OnArrival,5,66,20574,Node_440,-3,0,4,-3,4,,,,,,,,,
6,VISIT,706,Nearest,OnArrival,5,28,20574,Node_124,19,0,23,19,23,,,,,,,,,
6,VISIT,707,Nearest,OnArrival,5,27,20574,Node_124,19,0,23,19,23,,,,,,,,,
6,VISIT,709,Nearest,OnArrival,5,2,20575,Node_20,19,0,10,19,10,,,,,,,,,
6,VISIT,710,Nearest,OnArrival,5,2,20575,Node_51,17,0,8,17,8,,,,,,,,,
6,VISIT,711,Nearest,OnArrival,5,2,20575,Node_26,15,0,10,15,10,,,,,,,,,
6,VISIT,712,Nearest,OnArrival,5,2,20575,Node_20,19,0,10,19,10,,,,,,,,,
6,VISIT,706,Nearest,OnArrival,5,29,20580,Node_125,19,0,22,19,22,,,,,,,,,
6,VISIT,707,Nearest,OnArrival,5,28,20580,Node_125,19,0,22,19,22,,,,,,,,,
6,VISIT,709,Nearest,OnArrival,5,3,20582,Node_4,18,0,10,18,10,,,,,,,,,
6,VISIT,710,Nearest,OnArrival,5,3,20582,Node_54,17,0,7,17,7,,,,,,,,,
6,VISIT,711,Nearest,OnArrival,5,3,20582,Node_127,14,0,10,14,10,,,,,,,,,
6,VISIT,712,Nearest,OnArrival,5,3,20582,Node_4,18,0,10,18,10,,,,,,,,,
6,VISIT,693,Nearest,OnArrival,5,131,20587,Node_465,-7,0,4,-7,4,,,,,,,,,
6,VISIT,696,Nearest,OnArrival,5,131,20587,Node_465,-7,0,4,-7,4,,,,,,,,,
6,VISIT,697,Nearest,OnArrival,5,90,20587,Node_465,-7,0,4,-7,4,,,,,,,,,
6,VISIT,698,Nearest,OnArrival,5,93,20587,Node_465,-7,0,4,-7,4,,,,,,,,,
6,VISIT,699,Nearest,OnArrival,5,90,20587,Node_465,-7,0,4,-7,4,,,,,,,,,
6,VISIT,700,Nearest,OnArrival,5,90,20587,Node_465,-7,0,4,-7,4,,,,,,,,,
6,VISIT,701,Nearest,OnArrival,5,68,20587,Node_465,-7,0,4,-7,4,,,,,,,,,
6,VISIT,703,Nearest,OnArrival,5,68,20587,Node_465,-7,0,4,-7,4,,,,,,,,,
6,VISIT,704,Nearest,OnArrival,5,68,20587,Node_465,-7,0,4,-7,4,,,,,,,,,
6,VISIT,709,Nearest,OnArrival,5,4,20589,Node_8,17,0,10,17,10,,,,,,,,,
6,VISIT,710,Nearest,OnArrival,5,4,20589,Node_58,16,0,7,16,7,,,,,,,,,
6,VISIT,711,Nearest,OnArrival,5,4,20589,Node_166,13,0,10,13,10,,,,,,,,,
6,VISIT,712,Nearest,OnArrival,5,4,20589,Node_8,17,0,10,17,10,,,,,,,,,
6,VISIT,706,Nearest,OnArrival,5,30,20593,Node_154,18,0,21,18,21,,,,,,,,,
6,VISIT,707,Nearest,OnArrival,5,29,20593,Node_154,18,0,21,18,21,,,,,,,,,
6,VISIT,709,Nearest,OnArrival,5,5,20596,Node_24,16,0,10,16,10,,,,,,,,,
6,VISIT,710,Nearest,OnArrival,5,5,20596,Node_79,16,0,6,16,6,,,,,,,,,
6,VISIT,711,Nearest,OnArrival,5,5,20596,Node_168,13,0,9,13,9,,,,,,,,,
6,VISIT,712,Nearest,OnArrival,5,5,20596,Node_24,16,0,10,16,10,,,,,,,,,
6,VISIT,693,Nearest,OnArrival,5,132,20600,Node_463,-7,0,2,-7,2,,,,,,,,,
6,VISIT,696,Nearest,OnArrival,5,132,20600,Node_463,-7,0,2,-7,2,,,,,,,,,
6,VISIT,697,Nearest,OnArrival,5,91,20600,Node_463,-7,0,2,-7,2,,,,,,,,,
6,VISIT,698,Nearest,OnArrival,5,94,20600,Node_463,-7,0,2,-7,2,,,,,,,,,
6,VISIT,699,Nearest,OnArrival,5,91,20600,Node_463,-7,0,2,-7,2,,,,,,,,,
6,VISIT,700,Nearest,OnArrival,5,91,20600,Node_463,-7,0,2,-7,2,,,,,,,,,
6,VISIT,701,Nearest,OnArrival,5,69,20600,Node_463,-7,0,2,-7,2,,,,,,,,,
6,VISIT,702,Nearest,OnArrival,5,67,20600,Node_465,-7,0,4,-7,4,,,,,,,,,
6,VISIT,703,Nearest,OnArrival,5,69,20600,Node_463,-7,0,2,-7,2,,,,,,,,,
6,VISIT,704,Nearest,OnArrival,5,69,20600,Node_463,-7,0,2,-7,2,,,,,,,,,
6,VISIT,706,Nearest,OnArrival,5,31,20600,Node_184,17,0,21,17,21,,,,,,,,,
6,VISIT,707,Nearest,OnArrival,5,30,20600,Node_184,17,0,21,17,21,,,,,,,,,
6,VISIT,709,Nearest,OnArrival,5,6,20603,Node_26,15,0,10,15,10,,,,,,,,,
6,VISIT,710,Nearest,OnArrival,5,6,20603,Node_68,15,0,6,15,6,,,,,,,,,
6,VISIT,711,Nearest,OnArrival,5,6,20603,Node_247,12,0,9,12,9,,,,,,,,,
6,VISIT,712,Nearest,OnArrival,5,6,20603,Node_26,15,0,10,15,10,,,,,,,,,
6,VISIT,706,Nearest,OnArrival,5,32,20607,Node_154,18,0,21,18,21,,,,,,,,,
6,VISIT,707,Nearest,OnArrival,5,31,20607,Node_154,18,0,21,18,21,,,,,,,,,
6,VISIT,709,Nearest,OnArrival,5,7,20610,Node_127,14,0,10,14,10,,,,,,,,,
6,VISIT,710,Nearest,OnArrival,5,7,20610,Node_188,14,0,6,14,6,,,,,,,,,
6,VISIT,711,Nearest,OnArrival,5,7,20610,Node_252,11,0,9,11,9,,,,,,,,,
6,VISIT,712,Nearest,OnArrival,5,7,20610,Node_127,14,0,10,14,10,,,,,,,,,
6,VISIT,702,Nearest,OnArrival,5,68,20614,Node_463,-7,0,2,-7,2,,,,,,,,,
6,VISIT,706,Nearest,OnArrival,5,33,20614,Node_158,18,0,22,18,22,,,,,,,,,
6,VISIT,707,Nearest,OnArrival,5,32,20614,Node_158,18,0,22,18,22,,,,,,,,,
6,VISIT,709,Nearest,OnArrival,5,8,20617,Node_166,13,0,10,13,10,,,,,,,,,
6,VISIT,710,Nearest,OnArrival,5,8,20617,Node_172,13,0,6,13,6,,,,,,,,,
6,VISIT,711,Nearest,OnArrival,5,8,20617,Node_254,10,0,9,10,9,,,,,,,,,
6,VISIT,712,Nearest,OnArrival,5,8,20617,Node_166,13,0,10,13,10,,,,,,,,,
6,VISIT,693,Nearest,OnArrival,5,133,20622,Node_459,-10,0,2,-10,2,,,,,,,,,
6,VISIT,696,Nearest,OnArrival,5,133,20622,Node_459,-10,0,2,-10,2,,,,,,,,,
6,VISIT,697,Nearest,OnArrival,5,92,20622,Node_459,-10,0,2,-10,2,,,,,,,,,
6,VISIT,698,Nearest,OnArrival,5,95,20622,Node_459,-10,0,2,-10,2,,,,,,,,,
6,VISIT,699,Nearest,OnArrival,5,92,20622,Node_459,-10,0,2,-10,2,,,,,,,,,
6,VISIT,700,Nearest,OnArrival,5,92,20622,Node_459,-10,0,2,-10,2,,,,,,,,,
6,VISIT,701,Nearest,OnArrival,5,70,20622,Node_459,-10,0,2,-10,2,,,,,,,,,
6,VISIT,703,Nearest,OnArrival,5,70,20622,Node_459,-10,0,2,-10,2,,,,,,,,,
6,VISIT,704,Nearest,OnArrival,5,70,20622,Node_459,-10,0,2,-10,2,,,,,,,,,
6,VISIT,706,Nearest,OnArrival,5,34,20622,Node_125,19,0,22,19,22,,,,,,,,,
6,VISIT,707,Nearest,OnArrival,5,33,20622,Node_125,19,0,22,19,22,,,,,,,,,
6,VISIT,709,Nearest,OnArrival,5,9,20625,Node_168,13,0,9,13,9,,,,,,,,,
6,VISIT,710,Nearest,OnArrival,5,9,20625,Node_181,12,0,6,12,6,,,,,,,,,
6,VISIT,711,Nearest,OnArrival,5,9,20625,Node_256,10,0,10,10,10,,,,,,,,,
6,VISIT,712,Nearest,OnArrival,5,9,20625,Node_168,13,0,9,13,9,,,,,,,,,
6,VISIT,706,Nearest,OnArrival,5,35,20630,Node_694,19,0,21,19,21,,,,,,,,,
6,VISIT,707,Nearest,OnArrival,5,34,20630,Node_694,19,0,21,19,21,,,,,,,,,
6,VISIT,709,Nearest,OnArrival,5,10,20633,Node_247,12,0,9,12,9,,,,,,,,,
6,VISIT,710,Nearest,OnArrival,5,10,20633,Node_192,11,0,6,11,6,,,,,,,,,
6,VISIT,711,Nearest,OnArrival,5,10,20633,Node_290,9,0,10,9,10,,,,,,,,,
6,VISIT,712,Nearest,OnArrival,5,10,20633,Node_247,12,0,9,12,9,,,,,,,,,
6,VISIT,702,Nearest,OnArrival,5,69,20639,Node_459,-10,0,2,-10,2,,,,,,,,,
6,VISIT,706,Nearest,OnArrival,5,36,20639,Node_154,18,0,21,18,21,,,,,,,,,
6,VISIT,707,Nearest,OnArrival,5,35,20639,Node_154,18,0,21,18,21,,,,,,,,,
6,VISIT,709,Nearest,OnArrival,5,11,20642,Node_252,11,0,9,11,9,,,,,,,,,
6,VISIT,710,Nearest,OnArrival,5,11,20642,Node_210,10,0,6,10,6,,,,,,,,,
6,VISIT,711,Nearest,OnArrival,5,11,20642,Node_480,8,0,10,8,10,,,,,,,,,
6,VISIT,712,Nearest,OnArrival,5,11,20642,Node_252,11,0,9,11,9,,,,,,,,,
6,VISIT,693,Nearest,OnArrival,5,134,20648,Node_458,-10,0,-1,-10,-1,,,,,,,,,
6,VISIT,696,Nearest,OnArrival,5,134,20648,Node_458,-10,0,-1,-10,-1,,,,,,,,,
6,VISIT,697,Nearest,OnArrival,5,93,20648,Node_458,-10,0,-1,-10,-1,,,,,,,,,
6,VISIT,698,Nearest,OnArrival,5,96,20648,Node_458,-10,0,-1,-10,-1,,,,,,,,,
6,VISIT,699,Nearest,OnArrival,5,93,20648,Node_458,-10,0,-1,-10,-1,,,,,,,,,
6,VISIT,700,Nearest,OnArrival,5,93,20648,Node_458,-10,0,-1,-10,-1,,,,,,,,,
6,VISIT,701,Nearest,OnArrival,5,71,20648,Node_458,-10,0,-1,-10,-1,,,,,,,,,
6,VISIT,703,Nearest,OnArrival,5,71,20648,Node_458,-10,0,-1,-10,-1,,,,,,,,,
6,VISIT,704,Nearest,OnArrival,5,71,20648,Node_458,-10,0,-1,-10,-1,,,,,,,,,
6,VISIT,706,Nearest,OnArrival,5,37,20648,Node_184,17,0,21,17,21,,,,,,,,,
6,VISIT,707,Nearest,OnArrival,5,36,20648,Node_184,17,0,21,17,21,,,,,,,,,
6,VISIT,709,Nearest,OnArrival,5,12,20652,Node_254,10,0,9,10,9,,,,,,,,,
6,VISIT,710,Nearest,OnArrival,5,12,20652,Node_211,9,0,6,9,6,,,,,,,,,
6,VISIT,712,Nearest,OnArrival,5,12,20652,Node_254,10,0,9,10,9,,,,,,,,,
6,VISIT,706,Nearest,OnArrival,5,38,20659,Node_186,16,0,21,16,21,,,,,,,,,
6,VISIT,707,Nearest,OnArrival,5,37,20659,Node_186,16,0,21,16,21,,,,,,,,,
6,VISIT,709,Nearest,OnArrival,5,13,20663,Node_256,10,0,10,10,10,,,,,,,,,
6,VISIT,710,Nearest,OnArrival,5,13,20663,Node_215,8,0,6,8,6,,,,,,,,,
6,VISIT,711,Nearest,OnArrival,5,12,20663,Node_474,6,0,10,6,10,,,,,,,,,
6,VISIT,712,Nearest,OnArrival,5,13,20663,Node_256,10,0,10,10,10,,,,,,,,,
6,VISIT,693,Nearest,OnArrival,5,135,20669,Node_457,-8,0,-1,-8,-1,,,,,,,,,
6,VISIT,696,Nearest,OnArrival,5,135,20669,Node_457,-8,0,-1,-8,-1,,,,,,,,,
6,VISIT,697,Nearest,OnArrival,5,94,20669,Node_457,-8,0,-1,-8,-1,,,,,,,,,
6,VISIT,698,Nearest,OnArrival,5,97,20669,Node_457,-8,0,-1,-8,-1,,,,,,,,,
6,VISIT,699,Nearest,OnArrival,5,94,20669,Node_457,-8,0,-1,-8,-1,,,,,,,,,
6,VISIT,700,Nearest,OnArrival,5,94,20669,Node_457,-8,0,-1,-8,-1,,,,,,,,,
6,VISIT,701,Nearest,OnArrival,5,72,20669,Node_457,-8,0,-1,-8,-1,,,,,,,,,
6,VISIT,702,Nearest,OnArrival,5,70,20669,Node_458,-10,0,-1,-10,-1,,,,,,,,,
6,VISIT,703,Nearest,OnArrival,5,72,20669,Node_457,-8,0,-1,-8,-1,,,,,,,,,
6,VISIT,704,Nearest,OnArrival,5,72,20669,Node_457,-8,0,-1,-8,-1,,,,,,,,,
6,VISIT,706,Nearest,OnArrival,5,39,20669,Node_191,15,0,21,15,21,,,,,,,,,
6,VISIT,707,Nearest,OnArrival,5,38,20669,Node_191,15,0,21,15,21,,,,,,,,,
6,VISIT,709,Nearest,OnArrival,5,14,20673,Node_290,9,0,10,9,10,,,,,,,,,
6,VISIT,710,Nearest,OnArrival,5,14,20673,Node_224,7,0,6,7,6,,,,,,,,,
6,VISIT,711,Nearest,OnArrival,5,13,20673,Node_472,6,0,9,6,9,,,,,,,,,
6,VISIT,712,Nearest,OnArrival,5,14,20673,Node_290,9,0,10,9,10,,,,,,,,,
6,VISIT,693,Nearest,OnArrival,5,136,20680,Node_456,-8,0,-2,-8,-2,,,,,,,,,
6,VISIT,696,Nearest,OnArrival,5,136,20680,Node_456,-8,0,-2,-8,-2,,,,,,,,,
6,VISIT,697,Nearest,OnArrival,5,95,20680,Node_456,-8,0,-2,-8,-2,,,,,,,,,
6,VISIT,698,Nearest,OnArrival,5,98,20680,Node_456,-8,0,-2,-8,-2,,,,,,,,,
6,VISIT,699,Nearest,OnArrival,5,95,20680,Node_456,-8,0,-2,-8,-2,,,,,,,,,
6,VISIT,700,Nearest,OnArrival,5,95,20680,Node_456,-8,0,-2,-8,-2,,,,,,,,,
6,VISIT,701,Nearest,OnArrival,5,73,20680,Node_456,-8,0,-2,-8,-2,,,,,,,,,
6,VISIT,703,Nearest,OnArrival,5,73,20680,Node_456,-8,0,-2,-8,-2,,,,,,,,,
6,VISIT,704,Nearest,OnArrival,5,73,20680,Node_456,-8,0,-2,-8,-2,,,,,,,,,
6,VISIT,706,Nearest,OnArrival,5,40,20680,Node_680,14,0,21,14,21,,,,,,,,,
6,VISIT,707,Nearest,OnArrival,5,39,20680,Node_680,14,0,21,14,21,,,,,,,,,
6,VISIT,709,Nearest,OnArrival,5,15,20684,Node_480,8,0,10,8,10,,,,,,,,,
6,VISIT,710,Nearest,OnArrival,5,15,20684,Node_226,6,0,6,6,6,,,,,,,,,
6,VISIT,711,Nearest,OnArrival,5,14,20684,Node_237,5,0,9,5,9,,,,,,,,,
6,VISIT,712,Nearest,OnArrival,5,15,20684,Node_480,8,0,10,8,10,,,,,,,,,
6,VISIT,702,Nearest,OnArrival,5,71,20691,Node_457,-8,0,-1,-8,-1,,,,,,,,,
6,VISIT,706,Nearest,OnArrival,5,41,20691,Node_678,14,0,20,14,20,,,,,,,,,
6,VISIT,707,Nearest,OnArrival,5,40,20691,Node_678,14,0,20,14,20,,,,,,,,,
6,VISIT,693,Nearest,OnArrival,5,137,20695,Node_456,-8,0,-2,-8,-2,,,,,,,,,
6,VISIT,696,Nearest,OnArrival,5,137,20695,Node_456,-8,0,-2,-8,-2,,,,,,,,,
6,VISIT,697,Nearest,OnArrival,5,96,20695,Node_456,-8,0,-2,-8,-2,,,,,,,,,
6,VISIT,698,Nearest,OnArrival,5,99,20695,Node_456,-8,0,-2,-8,-2,,,,,,,,,
6,VISIT,699,Nearest,OnArrival,5,96,20695,Node_456,-8,0,-2,-8,-2,,,,,,,,,
6,VISIT,700,Nearest,OnArrival,5,96,20695,Node_456,-8,0,-2,-8,-2,,,,,,,,,
6,VISIT,701,Nearest,OnArrival,5,74,20695,Node_456,-8,0,-2,-8,-2,,,,,,,,,
6,VISIT,702,Nearest,OnArrival,5,72,20695,Node_456,-8,0,-2,-8,-2,,,,,,,,,
6,VISIT,703,Nearest,OnArrival,5,74,20695,Node_456,-8,0,-2,-8,-2,,,,,,,,,
6,VISIT,704,Nearest,OnArrival,5,74,20695,Node_456,-8,0,-2,-8,-2,,,,,,,,,
6,VISIT,706,Nearest,OnArrival,5,42,20695,Node_189,15,0,20,15,20,,,,,,,,,
6,VISIT,707,Nearest,OnArrival,5,41,20695,Node_189,15,0,20,15,20,,,,,,,,,
6,VISIT,710,Nearest,OnArrival,5,16,20695,Node_233,5,0,6,5,6,,,,,,,,,
6,VISIT,693,Nearest,OnArrival,5,138,20699,Node_457,-8,0,-1,-8,-1,,,,,,,,,
6,VISIT,696,Nearest,OnArrival,5,138,20699,Node_457,-8,0,-1,-8,-1,,,,,,,,,
6,VISIT,697,Nearest,OnArrival,5,97,20699,Node_457,-8,0,-1,-8,-1,,,,,,,,,
6,VISIT,698,Nearest,OnArrival,5,100,20699,Node_457,-8,0,-1,-8,-1,,,,,,,,,
6,VISIT,699,Nearest,OnArrival,5,97,20699,Node_457,-8,0,-1,-8,-1,,,,,,,,,
6,VISIT,700,Nearest,OnArrival,5,97,20699,Node_457,-8,0,-1,-8,-1,,,,,,,,,
6,VISIT,701,Nearest,OnArrival,5,75,20699,Node_457,-8,0,-1,-8,-1,,,,,,,,,
6,VISIT,702,Nearest,OnArrival,5,73,20699,Node_457,-8,0,-1,-8,-1,,,,,,,,,
6,VISIT,703,Nearest,OnArrival,5,75,20699,Node_457,-8,0,-1,-8,-1,,,,,,,,,
6,VISIT,704,Nearest,OnArrival,5,75,20699,Node_457,-8,0,-1,-8,-1,,,,,,,,,
6,VISIT,709,Nearest,OnArrival,5,16,20699,Node_474,6,0,10,6,10,,,,,,,,,
6,VISIT,712,Nearest,OnArrival,5,16,20699,Node_474,6,0,10,6,10,,,,,,,,,
6,VISIT,709,Nearest,OnArrival,5,17,20703,Node_472,6,0,9,6,9,,,,,,,,,
6,VISIT,710,Nearest,OnArrival,5,17,20703,Node_356,3,0,6,3,6,,,,,,,,,
6,VISIT,711,Nearest,OnArrival,5,15,20703,Node_233,5,0,6,5,6,,,,,,,,,
6,VISIT,712,Nearest,OnArrival,5,17,20703,Node_472,6,0,9,6,9,,,,,,,,,
6,VISIT,693,Nearest,OnArrival,5,139,20715,Node_458,-10,0,-1,-10,-1,,,,,,,,,
6,VISIT,696,Nearest,OnArrival,5,139,20715,Node_458,-10,0,-1,-10,-1,,,,,,,,,
6,VISIT,697,Nearest,OnArrival,5,98,20715,Node_458,-10,0,-1,-10,-1,,,,,,,,,
6,VISIT,698,Nearest,OnArrival,5,101,20715,Node_458,-10,0,-1,-10,-1,,,,,,,,,
6,VISIT,699,Nearest,OnArrival,5,98,20715,Node_458,-10,0,-1,-10,-1,,,,,,,,,
6,VISIT,700,Nearest,OnArrival,5,98,20715,Node_458,-10,0,-1,-10,-1,,,,,,,,,
6,VISIT,701,Nearest,OnArrival,5,76,20715,Node_458,-10,0,-1,-10,-1,,,,,,,,,
6,VISIT,702,Nearest,OnArrival,5,74,20715,Node_458,-10,0,-1,-10,-1,,,,,,,,,
6,VISIT,703,Nearest,OnArrival,5,76,20715,Node_458,-10,0,-1,-10,-1,,,,,,,,,
6,VISIT,704,Nearest,OnArrival,5,76,20715,Node_458,-10,0,-1,-10,-1,,,,,,,,,
6,VISIT,706,Nearest,OnArrival,5,43,20715,Node_675,14,0,18,14,18,,,,,,,,,
6,VISIT,707,Nearest,OnArrival,5,42,20715,Node_675,14,0,18,14,18,,,,,,,,,
6,VISIT,709,Nearest,OnArrival,5,18,20715,Node_237,5,0,9,5,9,,,,,,,,,
6,VISIT,710,Nearest,OnArrival,5,18,20715,Node_526,2,0,6,2,6,,,,,,,,,
6,VISIT,712,Nearest,OnArrival,5,18,20715,Node_237,5,0,9,5,9,,,,,,,,,
6,VISIT,706,Nearest,OnArrival,5,44,20719,Node_676,14,0,19,14,19,,,,,,,,,
6,VISIT,707,Nearest,OnArrival,5,43,20719,Node_676,14,0,19,14,19,,,,,,,,,
6,VISIT,711,Nearest,OnArrival,5,16,20719,Node_356,3,0,6,3,6,,,,,,,,,
6,VISIT,706,Nearest,OnArrival,5,45,20735,Node_696,15,0,19,15,19,,,,,,,,,
6,VISIT,707,Nearest,OnArrival,5,44,20735,Node_696,15,0,19,15,19,,,,,,,,,
6,VISIT,711,Nearest,OnArrival,5,17,20735,Node_526,2,0,6,2,6,,,,,,,,,
6,VISIT,693,Nearest,OnArrival,5,140,20751,Node_459,-10,0,2,-10,2,,,,,,,,,
6,VISIT,696,Nearest,OnArrival,5,140,20751,Node_459,-10,0,2,-10,2,,,,,,,,,
6,VISIT,697,Nearest,OnArrival,5,99,20751,Node_459,-10,0,2,-10,2,,,,,,,,,
6,VISIT,698,Nearest,OnArrival,5,102,20751,Node_459,-10,0,2,-10,2,,,,,,,,,
6,VISIT,699,Nearest,OnArrival,5,99,20751,Node_459,-10,0,2,-10,2,,,,,,,,,
6,VISIT,700,Nearest,OnArrival,5,99,20751,Node_459,-10,0,2,-10,2,,,,,,,,,
6,VISIT,701,Nearest,OnArrival,5,77,20751,Node_459,-10,0,2,-10,2,,,,,,,,,
6,VISIT,702,Nearest,OnArrival,5,75,20751,Node_459,-10,0,2,-10,2,,,,,,,,,
6,VISIT,703,Nearest,OnArrival,5,77,20751,Node_459,-10,0,2,-10,2,,,,,,,,,
6,VISIT,704,Nearest,OnArrival,5,77,20751,Node_459,-10,0,2,-10,2,,,,,,,,,
6,VISIT,706,Nearest,OnArrival,5,46,20751,Node_189,15,0,20,15,20,,,,,,,,,
6,VISIT,707,Nearest,OnArrival,5,45,20751,Node_189,15,0,20,15,20,,,,,,,,,
6,VISIT,709,Nearest,OnArrival,5,19,20751,Node_233,5,0,6,5,6,,,,,,,,,
6,VISIT,710,Nearest,OnArrival,5,19,20751,Node_530,-1,0,6,-1,6,,,,,,,,,
6,VISIT,712,Nearest,OnArrival,5,19,20751,Node_233,5,0,6,5,6,,,,,,,,,
6,VISIT,706,Nearest,OnArrival,5,47,20755,Node_191,15,0,21,15,21,,,,,,,,,
6,VISIT,707,Nearest,OnArrival,5,46,20755,Node_191,15,0,21,15,21,,,,,,,,,
6,VISIT,710,Nearest,OnArrival,5,20,20755,Node_396,-2,0,6,-2,6,,,,,,,,,
6,VISIT,706,Nearest,OnArrival,5,48,20770,Node_677,15,0,22,15,22,,,,,,,,,
6,VISIT,707,Nearest,OnArrival,5,47,20770,Node_677,15,0,22,15,22,,,,,,,,,
6,VISIT,709,Nearest,OnArrival,5,20,20770,Node_356,3,0,6,3,6,,,,,,,,,
6,VISIT,711,Nearest,OnArrival,5,18,20770,Node_530,-1,0,6,-1,6,,,,,,,,,
6,VISIT,712,Nearest,OnArrival,5,20,20770,Node_356,3,0,6,3,6,,,,,,,,,
6,VISIT,693,Nearest,OnArrival,5,141,20784,Node_463,-7,0,2,-7,2,,,,,,,,,
6,VISIT,696,Nearest,OnArrival,5,141,20784,Node_463,-7,0,2,-7,2,,,,,,,,,
6,VISIT,697,Nearest,OnArrival,5,100,20784,Node_463,-7,0,2,-7,2,,,,,,,,,
6,VISIT,698,Nearest,OnArrival,5,103,20784,Node_463,-7,0,2,-7,2,,,,,,,,,
6,VISIT,699,Nearest,OnArrival,5,100,20784,Node_463,-7,0,2,-7,2,,,,,,,,,
6,VISIT,700,Nearest,OnArrival,5,100,20784,Node_463,-7,0,2,-7,2,,,,,,,,,
6,VISIT,701,Nearest,OnArrival,5,78,20784,Node_463,-7,0,2,-7,2,,,,,,,,,
6,VISIT,702,Nearest,OnArrival,5,76,20784,Node_463,-7,0,2,-7,2,,,,,,,,,
6,VISIT,703,Nearest,OnArrival,5,78,20784,Node_463,-7,0,2,-7,2,,,,,,,,,
6,VISIT,704,Nearest,OnArrival,5,78,20784,Node_463,-7,0,2,-7,2,,,,,,,,,
6,VISIT,706,Nearest,OnArrival,5,49,20784,Node_682,14,0,22,14,22,,,,,,,,,
6,VISIT,707,Nearest,OnArrival,5,48,20784,Node_682,14,0,22,14,22,,,,,,,,,
6,VISIT,709,Nearest,OnArrival,5,21,20784,Node_526,2,0,6,2,6,,,,,,,,,
6,VISIT,710,Nearest,OnArrival,5,21,20784,Node_393,-2,0,4,-2,4,,,,,,,,,
6,VISIT,711,Nearest,OnArrival,5,19,20784,Node_396,-2,0,6,-2,6,,,,,,,,,
6,VISIT,712,Nearest,OnArrival,5,21,20784,Node_526,2,0,6,2,6,,,,,,,,,
6,VISIT,706,Nearest,OnArrival,5,50,20788,Node_689,13,0,22,13,22,,,,,,,,,
6,VISIT,707,Nearest,OnArrival,5,49,20788,Node_689,13,0,22,13,22,,,,,,,,,
6,VISIT,710,Nearest,OnArrival,5,22,20788,Node_440,-3,0,4,-3,4,,,,,,,,,
6,VISIT,693,Nearest,OnArrival,5,142,20804,Node_465,-7,0,4,-7,4,,,,,,,,,
6,VISIT,696,Nearest,OnArrival,5,142,20804,Node_465,-7,0,4,-7,4,,,,,,,,,
6,VISIT,697,Nearest,OnArrival,5,101,20804,Node_465,-7,0,4,-7,4,,,,,,,,,
6,VISIT,698,Nearest,OnArrival,5,104,20804,Node_465,-7,0,4,-7,4,,,,,,,,,
6,VISIT,699,Nearest,OnArrival,5,101,20804,Node_465,-7,0,4,-7,4,,,,,,,,,
6,VISIT,700,Nearest,OnArrival,5,101,20804,Node_465,-7,0,4,-7,4,,,,,,,,,
6,VISIT,701,Nearest,OnArrival,5,79,20804,Node_465,-7,0,4,-7,4,,,,,,,,,
6,VISIT,702,Nearest,OnArrival,5,77,20804,Node_465,-7,0,4,-7,4,,,,,,,,,
6,VISIT,703,Nearest,OnArrival,5,79,20804,Node_465,-7,0,4,-7,4,,,,,,,,,
6,VISIT,704,Nearest,OnArrival,5,79,20804,Node_465,-7,0,4,-7,4,,,,,,,,,
6,VISIT,706,Nearest,OnArrival,5,51,20804,Node_687,13,0,23,13,23,,,,,,,,,
6,VISIT,707,Nearest,OnArrival,5,50,20804,Node_687,13,0,23,13,23,,,,,,,,,
6,VISIT,711,Nearest,OnArrival,5,20,20804,Node_393,-2,0,4,-2,4,,,,,,,,,
6,VISIT,706,Nearest,OnArrival,5,52,20808,Node_640,12,0,23,12,23,,,,,,,,,
6,VISIT,707,Nearest,OnArrival,5,51,20808,Node_640,12,0,23,12,23,,,,,,,,,
6,VISIT,709,Nearest,OnArrival,5,22,20808,Node_530,-1,0,6,-1,6,,,,,,,,,
6,VISIT,711,Nearest,OnArrival,5,21,20808,Node_440,-3,0,4,-3,4,,,,,,,,,
6,VISIT,712,Nearest,OnArrival,5,22,20808,Node_530,-1,0,6,-1,6,,,,,,,,,
6,VISIT,706,Nearest,OnArrival,5,53,20823,Node_691,12,0,22,12,22,,,,,,,,,
6,VISIT,707,Nearest,OnArrival,5,52,20823,Node_691,12,0,22,12,22,,,,,,,,,
6,VISIT,709,Nearest,OnArrival,5,23,20823,Node_396,-2,0,6,-2,6,,,,,,,,,
6,VISIT,712,Nearest,OnArrival,5,23,20823,Node_396,-2,0,6,-2,6,,,,,,,,,
6,VISIT,710,Nearest,OnArrival,5,23,20839,Node_465,-7,0,4,-7,4,,,,,,,,,
6,VISIT,693,Nearest,OnArrival,5,143,20855,Node_440,-3,0,4,-3,4,,,,,,,,,
6,VISIT,696,Nearest,OnArrival,5,143,20855,Node_440,-3,0,4,-3,4,,,,,,,,,
6,VISIT,697,Nearest,OnArrival,5,102,20855,Node_440,-3,0,4,-3,4,,,,,,,,,
6,VISIT,698,Nearest,OnArrival,5,105,20855,Node_440,-3,0,4,-3,4,,,,,,,,,
6,VISIT,699,Nearest,OnArrival,5,102,20855,Node_440,-3,0,4,-3,4,,,,,,,,,
6,VISIT,700,Nearest,OnArrival,5,102,20855,Node_440,-3,0,4,-3,4,,,,,,,,,
6,VISIT,701,Nearest,OnArrival,5,80,20855,Node_440,-3,0,4,-3,4,,,,,,,,,
6,VISIT,702,Nearest,OnArrival,5,78,20855,Node_440,-3,0,4,-3,4,,,,,,,,,
6,VISIT,703,Nearest,OnArrival,5,80,20855,Node_440,-3,0,4,-3,4,,,,,,,,,
6,VISIT,704,Nearest,OnArrival,5,80,20855,Node_440,-3,0,4,-3,4,,,,,,,,,
6,VISIT,709,Nearest,OnArrival,5,24,20855,Node_393,-2,0,4,-2,4,,,,,,,,,
6,VISIT,712,Nearest,OnArrival,5,24,20855,Node_393,-2,0,4,-2,4,,,,,,,,,
6,VISIT,693,Nearest,OnArrival,5,144,20859,Node_393,-2,0,4,-2,4,,,,,,,,,
6,VISIT,696,Nearest,OnArrival,5,144,20859,Node_393,-2,0,4,-2,4,,,,,,,,,
6,VISIT,697,Nearest,OnArrival,5,103,20859,Node_393,-2,0,4,-2,4,,,,,,,,,
6,VISIT,698,Nearest,OnArrival,5,106,20859,Node_393,-2,0,4,-2,4,,,,,,,,,
6,VISIT,699,Nearest,OnArrival,5,103,20859,Node_393,-2,0,4,-2,4,,,,,,,,,
6,VISIT,700,Nearest,OnArrival,5,103,20859,Node_393,-2,0,4,-2,4,,,,,,,,,
6,VISIT,701,Nearest,OnArrival,5,81,20859,Node_393,-2,0,4,-2,4,,,,,,,,,
6,VISIT,702,Nearest,OnArrival,5,79,20859,Node_393,-2,0,4,-2,4,,,,,,,,,
6,VISIT,703,Nearest,OnArrival,5,81,20859,Node_393,-2,0,4,-2,4,,,,,,,,,
6,VISIT,704,Nearest,OnArrival,5,81,20859,Node_393,-2,0,4,-2,4,,,,,,,,,
6,VISIT,706,Nearest,OnArrival,5,54,20859,Node_522,11,0,20,11,20,,,,,,,,,
6,VISIT,707,Nearest,OnArrival,5,53,20859,Node_522,11,0,20,11,20,,,,,,,,,
6,VISIT,709,Nearest,OnArrival,5,25,20859,Node_440,-3,0,4,-3,4,,,,,,,,,
6,VISIT,710,Nearest,OnArrival,5,24,20859,Node_463,-7,0,2,-7,2,,,,,,,,,
6,VISIT,711,Nearest,OnArrival,5,22,20859,Node_465,-7,0,4,-7,4,,,,,,,,,
6,VISIT,712,Nearest,OnArrival,5,25,20859,Node_440,-3,0,4,-3,4,,,,,,,,,
6,VISIT,706,Nearest,OnArrival,5,55,20863,Node_523,11,0,21,11,21,,,,,,,,,
6,VISIT,707,Nearest,OnArrival,5,54,20863,Node_523,11,0,21,11,21,,,,,,,,,
6,VISIT,713,Nearest,OnArrival,5,0,20877,Node_6,19,0,12,19,12,,,,,,,,,
6,VISIT,714,Nearest,OnArrival,5,0,20877,Node_7,19,0,8,19,8,,,,,,,,,
6,VISIT,715,Nearest,OnArrival,5,0,20877,Node_8,17,0,10,17,10,,,,,,,,,
6,VISIT,716,Nearest,OnArrival,5,0,20877,Node_9,21,0,10,21,10,,,,,,,,,
6,VISIT,693,Nearest,OnArrival,5,145,20879,Node_396,-2,0,6,-2,6,,,,,,,,,
6,VISIT,696,Nearest,OnArrival,5,145,20879,Node_396,-2,0,6,-2,6,,,,,,,,,
6,VISIT,697,Nearest,OnArrival,5,104,20879,Node_396,-2,0,6,-2,6,,,,,,,,,
6,VISIT,698,Nearest,OnArrival,5,107,20879,Node_396,-2,0,6,-2,6,,,,,,,,,
6,VISIT,699,Nearest,OnArrival,5,104,20879,Node_396,-2,0,6,-2,6,,,,,,,,,
6,VISIT,700,Nearest,OnArrival,5,104,20879,Node_396,-2,0,6,-2,6,,,,,,,,,
6,VISIT,701,Nearest,OnArrival,5,82,20879,Node_396,-2,0,6,-2,6,,,,,,,,,
6,VISIT,702,Nearest,OnArrival,5,80,20879,Node_396,-2,0,6,-2,6,,,,,,,,,
6,VISIT,703,Nearest,OnArrival,5,82,20879,Node_396,-2,0,6,-2,6,,,,,,,,,
6,VISIT,704,Nearest,OnArrival,5,82,20879,Node_396,-2,0,6,-2,6,,,,,,,,,
6,VISIT,711,Nearest,OnArrival,5,23,20879,Node_463,-7,0,2,-7,2,,,,,,,,,
6,VISIT,713,Nearest,OnArrival,5,1,20882,Node_10,18,0,12,18,12,,,,,,,,,
6,VISIT,714,Nearest,OnArrival,5,1,20882,Node_3,19,0,9,19,9,,,,,,,,,
6,VISIT,715,Nearest,OnArrival,5,1,20882,Node_12,17,0,11,17,11,,,,,,,,,
6,VISIT,716,Nearest,OnArrival,5,1,20882,Node_5,20,0,10,20,10,,,,,,,,,
6,VISIT,693,Nearest,OnArrival,5,146,20883,Node_530,-1,0,6,-1,6,,,,,,,,,
6,VISIT,696,Nearest,OnArrival,5,146,20883,Node_530,-1,0,6,-1,6,,,,,,,,,
6,VISIT,697,Nearest,OnArrival,5,105,20883,Node_530,-1,0,6,-1,6,,,,,,,,,
6,VISIT,698,Nearest,OnArrival,5,108,20883,Node_530,-1,0,6,-1,6,,,,,,,,,
6,VISIT,699,Nearest,OnArrival,5,105,20883,Node_530,-1,0,6,-1,6,,,,,,,,,
6,VISIT,700,Nearest,OnArrival,5,105,20883,Node_530,-1,0,6,-1,6,,,,,,,,,
6,VISIT,701,Nearest,OnArrival,5,83,20883,Node_530,-1,0,6,-1,6,,,,,,,,,
6,VISIT,702,Nearest,OnArrival,5,81,20883,Node_530,-1,0,6,-1,6,,,,,,,,,
6,VISIT,703,Nearest,OnArrival,5,83,20883,Node_530,-1,0,6,-1,6,,,,,,,,,
6,VISIT,704,Nearest,OnArrival,5,83,20883,Node_530,-1,0,6,-1,6,,,,,,,,,
6,VISIT,710,Nearest,OnArrival,5,25,20883,Node_459,-10,0,2,-10,2,,,,,,,,,
6,VISIT,709,Nearest,OnArrival,5,26,20887,Node_465,-7,0,4,-7,4,,,,,,,,,
6,VISIT,712,Nearest,OnArrival,5,26,20887,Node_465,-7,0,4,-7,4,,,,,,,,,
6,VISIT,713,Nearest,OnArrival,5,2,20887,Node_16,17,0,12,17,12,,,,,,,,,
6,VISIT,714,Nearest,OnArrival,5,2,20887,Node_20,19,0,10,19,10,,,,,,,,,
6,VISIT,715,Nearest,OnArrival,5,2,20887,Node_16,17,0,12,17,12,,,,,,,,,
6,VISIT,716,Nearest,OnArrival,5,2,20887,Node_57,20,0,11,20,11,,,,,,,,,
6,VISIT,706,Nearest,OnArrival,5,56,20894,Node_607,8,0,22,8,22,,,,,,,,,
6,VISIT,707,Nearest,OnArrival,5,55,20894,Node_607,8,0,22,8,22,,,,,,,,,
6,VISIT,711,Nearest,OnArrival,5,24,20894,Node_459,-10,0,2,-10,2,,,,,,,,,
6,VISIT,713,Nearest,OnArrival,5,3,20894,Node_18,16,0,12,16,12,,,,,,,,,
6,VISIT,714,Nearest,OnArrival,5,3,20894,Node_4,18,0,10,18,10,,,,,,,,,
6,VISIT,715,Nearest,OnArrival,5,3,20894,Node_18,16,0,12,16,12,,,,,,,,,
6,VISIT,716,Nearest,OnArrival,5,3,20894,Node_46,20,0,12,20,12,,,,,,,,,
6,VISIT,693,Nearest,OnArrival,5,147,20902,Node_526,2,0,6,2,6,,,,,,,,,
6,VISIT,696,Nearest,OnArrival,5,147,20902,Node_526,2,0,6,2,6,,,,,,,,,
6,VISIT,697,Nearest,OnArrival,5,106,20902,Node_526,2,0,6,2,6,,,,,,,,,
6,VISIT,698,Nearest,OnArrival,5,109,20902,Node_526,2,0,6,2,6,,,,,,,,,
6,VISIT,699,Nearest,OnArrival,5,106,20902,Node_526,2,0,6,2,6,,,,,,,,,
6,VISIT,700,Nearest,OnArrival,5,106,20902,Node_526,2,0,6,2,6,,,,,,,,,
6,VISIT,701,Nearest,OnArrival,5,84,20902,Node_526,2,0,6,2,6,,,,,,,,,
6,VISIT,702,Nearest,OnArrival,5,82,20902,Node_526,2,0,6,2,6,,,,,,,,,
6,VISIT,703,Nearest,OnArrival,5,84,20902,Node_526,2,0,6,2,6,,,,,,,,,
6,VISIT,704,Nearest,OnArrival,5,84,20902,Node_526,2,0,6,2,6,,,,,,,,,
6,VISIT,706,Nearest,OnArrival,5,57,20902,Node_606,8,0,21,8,21,,,,,,,,,
6,VISIT,707,Nearest,OnArrival,5,56,20902,Node_606,8,0,21,8,21,,,,,,,,,
6,VISIT,709,Nearest,OnArrival,5,27,20902,Node_463,-7,0,2,-7,2,,,,,,,,,
6,VISIT,710,Nearest,OnArrival,5,26,20902,Node_458,-10,0,-1,-10,-1,,,,,,,,,
6,VISIT,712,Nearest,OnArrival,5,27,20902,Node_463,-7,0,2,-7,2,,,,,,,,,
6,VISIT,713,Nearest,OnArrival,5,4,20902,Node_29,15,0,12,15,12,,,,,,,,,
6,VISIT,714,Nearest,OnArrival,5,4,20902,Node_8,17,0,10,17,10,,,,,,,,,
6,VISIT,715,Nearest,OnArrival,5,4,20902,Node_29,15,0,12,15,12,,,,,,,,,
6,VISIT,716,Nearest,OnArrival,5,4,20902,Node_49,20,0,13,20,13,,,,,,,,,
6,VISIT,693,Nearest,OnArrival,5,148,20906,Node_356,3,0,6,3,6,,,,,,,,,
6,VISIT,696,Nearest,OnArrival,5,148,20906,Node_356,3,0,6,3,6,,,,,,,,,
6,VISIT,697,Nearest,OnArrival,5,107,20906,Node_356,3,0,6,3,6,,,,,,,,,
6,VISIT,698,Nearest,OnArrival,5,110,20906,Node_356,3,0,6,3,6,,,,,,,,,
6,VISIT,699,Nearest,OnArrival,5,107,20906,Node_356,3,0,6,3,6,,,,,,,,,
6,VISIT,700,Nearest,OnArrival,5,107,20906,Node_356,3,0,6,3,6,,,,,,,,,
6,VISIT,701,Nearest,OnArrival,5,85,20906,Node_356,3,0,6,3,6,,,,,,,,,
6,VISIT,702,Nearest,OnArrival,5,83,20906,Node_356,3,0,6,3,6,,,,,,,,,
6,VISIT,703,Nearest,OnArrival,5,85,20906,Node_356,3,0,6,3,6,,,,,,,,,
6,VISIT,704,Nearest,OnArrival,5,85,20906,Node_356,3,0,6,3,6,,,,,,,,,
6,VISIT,706,Nearest,OnArrival,5,58,20906,Node_700,9,0,21,9,21,,,,,,,,,
6,VISIT,707,Nearest,OnArrival,5,57,20906,Node_700,9,0,21,9,21,,,,,,,,,
6,VISIT,713,Nearest,OnArrival,5,5,20906,Node_31,15,0,13,15,13,,,,,,,,,
6,VISIT,714,Nearest,OnArrival,5,5,20906,Node_12,17,0,11,17,11,,,,,,,,,
6,VISIT,715,Nearest,OnArrival,5,5,20906,Node_31,15,0,13,15,13,,,,,,,,,
6,VISIT,716,Nearest,OnArrival,5,5,20906,Node_53,20,0,14,20,14,,,,,,,,,
6,VISIT,710,Nearest,OnArrival,5,27,20910,Node_457,-8,0,-1,-8,-1,,,,,,,,,
6,VISIT,711,Nearest,OnArrival,5,25,20910,Node_458,-10,0,-1,-10,-1,,,,,,,,,
6,VISIT,713,Nearest,OnArrival,5,6,20910,Node_36,14,0,13,14,13,,,,,,,,,
6,VISIT,714,Nearest,OnArrival,5,6,20910,Node_16,17,0,12,17,12,,,,,,,,,
6,VISIT,715,Nearest,OnArrival,5,6,20910,Node_36,14,0,13,14,13,,,,,,,,,
6,VISIT,693,Nearest,OnArrival,5,149,20921,Node_233,5,0,6,5,6,,,,,,,,,
6,VISIT,696,Nearest,OnArrival,5,149,20921,Node_233,5,0,6,5,6,,,,,,,,,
6,VISIT,697,Nearest,OnArrival,5,108,20921,Node_233,5,0,6,5,6,,,,,,,,,
6,VISIT,698,Nearest,OnArrival,5,111,20921,Node_233,5,0,6,5,6,,,,,,,,,
6,VISIT,699,Nearest,OnArrival,5,108,20921,Node_233,5,0,6,5,6,,,,,,,,,
6,VISIT,700,Nearest,OnArrival,5,108,20921,Node_233,5,0,6,5,6,,,,,,,,,
6,VISIT,701,Nearest,OnArrival,5,86,20921,Node_233,5,0,6,5,6,,,,,,,,,
6,VISIT,702,Nearest,OnArrival,5,84,20921,Node_233,5,0,6,5,6,,,,,,,,,
6,VISIT,703,Nearest,OnArrival,5,86,20921,Node_233,5,0,6,5,6,,,,,,,,,
6,VISIT,704,Nearest,OnArrival,5,86,20921,Node_233,5,0,6,5,6,,,,,,,,,
6,VISIT,706,Nearest,OnArrival,5,59,20921,Node_603,8,0,20,8,20,,,,,,,,,
6,VISIT,707,Nearest,OnArrival,5,58,20921,Node_603,8,0,20,8,20,,,,,,,,,
6,VISIT,709,Nearest,OnArrival,5,28,20921,Node_459,-10,0,2,-10,2,,,,,,,,,
6,VISIT,710,Nearest,OnArrival,5,28,20921,Node_456,-8,0,-2,-8,-2,,,,,,,,,
6,VISIT,712,Nearest,OnArrival,5,28,20921,Node_459,-10,0,2,-10,2,,,,,,,,,
6,VISIT,713,Nearest,OnArrival,5,7,20921,Node_37,14,0,14,14,14,,,,,,,,,
6,VISIT,714,Nearest,OnArrival,5,7,20921,Node_18,16,0,12,16,12,,,,,,,,,
6,VISIT,715,Nearest,OnArrival,5,7,20921,Node_37,14,0,14,14,14,,,,,,,,,
6,VISIT,716,Nearest,OnArrival,5,6,20921,Node_133,18,0,14,18,14,,,,,,,,,
6,VISIT,706,Nearest,OnArrival,5,60,20925,Node_606,8,0,21,8,21,,,,,,,,,
6,VISIT,707,Nearest,OnArrival,5,59,20925,Node_606,8,0,21,8,21,,,,,,,,,
6,VISIT,710,Nearest,OnArrival,5,29,20925,Node_457,-8,0,-1,-8,-1,,,,,,,,,
6,VISIT,711,Nearest,OnArrival,5,26,20925,Node_457,-8,0,-1,-8,-1,,,,,,,,,
6,VISIT,713,Nearest,OnArrival,5,8,20925,Node_38,13,0,14,13,14,,,,,,,,,
6,VISIT,714,Nearest,OnArrival,5,8,20925,Node_29,15,0,12,15,12,,,,,,,,,
6,VISIT,715,Nearest,OnArrival,5,8,20925,Node_38,13,0,14,13,14,,,,,,,,,
6,VISIT,716,Nearest,OnArrival,5,7,20925,Node_167,17,0,14,17,14,,,,,,,,,
6,VISIT,706,Nearest,OnArrival,5,61,20932,Node_607,8,0,22,8,22,,,,,,,,,
6,VISIT,707,Nearest,OnArrival,5,60,20932,Node_607,8,0,22,8,22,,,,,,,,,
6,VISIT,711,Nearest,OnArrival,5,27,20932,Node_456,-8,0,-2,-8,-2,,,,,,,,,
6,VISIT,713,Nearest,OnArrival,5,9,20932,Node_39,13,0,15,13,15,,,,,,,,,
6,VISIT,714,Nearest,OnArrival,5,9,20932,Node_31,15,0,13,15,13,,,,,,,,,
6,VISIT,715,Nearest,OnArrival,5,9,20932,Node_39,13,0,15,13,15,,,,,,,,,
6,VISIT,716,Nearest,OnArrival,5,8,20932,Node_160,16,0,14,16,14,,,,,,,,,
6,VISIT,693,Nearest,OnArrival,5,150,20940,Node_237,5,0,9,5,9,,,,,,,,,
6,VISIT,696,Nearest,OnArrival,5,150,20940,Node_237,5,0,9,5,9,,,,,,,,,
6,VISIT,697,Nearest,OnArrival,5,109,20940,Node_237,5,0,9,5,9,,,,,,,,,
6,VISIT,698,Nearest,OnArrival,5,112,20940,Node_237,5,0,9,5,9,,,,,,,,,
6,VISIT,699,Nearest,OnArrival,5,109,20940,Node_237,5,0,9,5,9,,,,,,,,,
6,VISIT,700,Nearest,OnArrival,5,109,20940,Node_237,5,0,9,5,9,,,,,,,,,
6,VISIT,701,Nearest,OnArrival,5,87,20940,Node_237,5,0,9,5,9,,,,,,,,,
6,VISIT,702,Nearest,OnArrival,5,85,20940,Node_237,5,0,9,5,9,,,,,,,,,
6,VISIT,703,Nearest,OnArrival,5,87,20940,Node_237,5,0,9,5,9,,,,,,,,,
6,VISIT,704,Nearest,OnArrival,5,87,20940,Node_237,5,0,9,5,9,,,,,,,,,
6,VISIT,706,Nearest,OnArrival,5,62,20940,Node_608,7,0,22,7,22,,,,,,,,,
6,VISIT,707,Nearest,OnArrival,5,61,20940,Node_608,7,0,22,7,22,,,,,,,,,
6,VISIT,709,Nearest,OnArrival,5,29,20940,Node_458,-10,0,-1,-10,-1,,,,,,,,,
6,VISIT,710,Nearest,OnArrival,5,30,20940,Node_458,-10,0,-1,-10,-1,,,,,,,,,
6,VISIT,711,Nearest,OnArrival,5,28,20940,Node_457,-8,0,-1,-8,-1,,,,,,,,,
6,VISIT,712,Nearest,OnArrival,5,29,20940,Node_458,-10,0,-1,-10,-1,,,,,,,,,
6,VISIT,713,Nearest,OnArrival,5,10,20940,Node_40,13,0,16,13,16,,,,,,,,,
6,VISIT,714,Nearest,OnArrival,5,10,20940,Node_36,14,0,13,14,13,,,,,,,,,
6,VISIT,715,Nearest,OnArrival,5,10,20940,Node_40,13,0,16,13,16,,,,,,,,,
6,VISIT,716,Nearest,OnArrival,5,9,20940,Node_140,15,0,14,15,14,,,,,,,,,
6,VISIT,693,Nearest,OnArrival,5,151,20944,Node_238,5,0,10,5,10,,,,,,,,,
6,VISIT,696,Nearest,OnArrival,5,151,20944,Node_238,5,0,10,5,10,,,,,,,,,
6,VISIT,697,Nearest,OnArrival,5,110,20944,Node_238,5,0,10,5,10,,,,,,,,,
6,VISIT,698,Nearest,OnArrival,5,113,20944,Node_238,5,0,10,5,10,,,,,,,,,
6,VISIT,699,Nearest,OnArrival,5,110,20944,Node_238,5,0,10,5,10,,,,,,,,,
6,VISIT,700,Nearest,OnArrival,5,110,20944,Node_238,5,0,10,5,10,,,,,,,,,
6,VISIT,701,Nearest,OnArrival,5,88,20944,Node_238,5,0,10,5,10,,,,,,,,,
6,VISIT,702,Nearest,OnArrival,5,86,20944,Node_238,5,0,10,5,10,,,,,,,,,
6,VISIT,703,Nearest,OnArrival,5,88,20944,Node_238,5,0,10,5,10,,,,,,,,,
6,VISIT,704,Nearest,OnArrival,5,88,20944,Node_238,5,0,10,5,10,,,,,,,,,
6,VISIT,713,Nearest,OnArrival,5,11,20944,Node_41,13,0,17,13,17,,,,,,,,,
6,VISIT,714,Nearest,OnArrival,5,11,20944,Node_37,14,0,14,14,14,,,,,,,,,
6,VISIT,715,Nearest,OnArrival,5,11,20944,Node_41,13,0,17,13,17,,,,,,,,,
6,VISIT,716,Nearest,OnArrival,5,10,20944,Node_37,14,0,14,14,14,,,,,,,,,
6,VISIT,706,Nearest,OnArrival,5,63,20948,Node_612,6,0,23,6,23,,,,,,,,,
6,VISIT,707,Nearest,OnArrival,5,62,20948,Node_612,6,0,23,6,23,,,,,,,,,
6,VISIT,709,Nearest,OnArrival,5,30,20948,Node_457,-8,0,-1,-8,-1,,,,,,,,,
6,VISIT,711,Nearest,OnArrival,5,29,20948,Node_458,-10,0,-1,-10,-1,,,,,,,,,
6,VISIT,712,Nearest,OnArrival,5,30,20948,Node_457,-8,0,-1,-8,-1,,,,,,,,,
6,VISIT,713,Nearest,OnArrival,5,12,20948,Node_42,13,0,18,13,18,,,,,,,,,
6,VISIT,714,Nearest,OnArrival,5,12,20948,Node_38,13,0,14,13,14,,,,,,,,,
6,VISIT,715,Nearest,OnArrival,5,12,20948,Node_42,13,0,18,13,18,,,,,,,,,
6,VISIT,716,Nearest,OnArrival,5,11,20948,Node_38,13,0,14,13,14,,,,,,,,,
6,VISIT,693,Nearest,OnArrival,5,152,20959,Node_241,5,0,12,5,12,,,,,,,,,
6,VISIT,696,Nearest,OnArrival,5,152,20959,Node_241,5,0,12,5,12,,,,,,,,,
6,VISIT,697,Nearest,OnArrival,5,111,20959,Node_241,5,0,12,5,12,,,,,,,,,
6,VISIT,698,Nearest,OnArrival,5,114,20959,Node_241,5,0,12,5,12,,,,,,,,,
6,VISIT,699,Nearest,OnArrival,5,111,20959,Node_241,5,0,12,5,12,,,,,,,,,
6,VISIT,700,Nearest,OnArrival,5,111,20959,Node_241,5,0,12,5,12,,,,,,,,,
6,VISIT,701,Nearest,OnArrival,5,89,20959,Node_241,5,0,12,5,12,,,,,,,,,
6,VISIT,702,Nearest,OnArrival,5,87,20959,Node_241,5,0,12,5,12,,,,,,,,,
6,VISIT,703,Nearest,OnArrival,5,89,20959,Node_241,5,0,12,5,12,,,,,,,,,
6,VISIT,704,Nearest,OnArrival,5,89,20959,Node_241,5,0,12,5,12,,,,,,,,,
6,VISIT,706,Nearest,OnArrival,5,64,20959,Node_614,6,0,24,6,24,,,,,,,,,
6,VISIT,707,Nearest,OnArrival,5,63,20959,Node_614,6,0,24,6,24,,,,,,,,,
6,VISIT,709,Nearest,OnArrival,5,31,20959,Node_456,-8,0,-2,-8,-2,,,,,,,,,
6,VISIT,710,Nearest,OnArrival,5,31,20959,Node_459,-10,0,2,-10,2,,,,,,,,,
6,VISIT,712,Nearest,OnArrival,5,31,20959,Node_456,-8,0,-2,-8,-2,,,,,,,,,
6,VISIT,713,Nearest,OnArrival,5,13,20959,Node_43,12,0,18,12,18,,,,,,,,,
6,VISIT,714,Nearest,OnArrival,5,13,20959,Node_39,13,0,15,13,15,,,,,,,,,
6,VISIT,715,Nearest,OnArrival,5,13,20959,Node_43,12,0,18,12,18,,,,,,,,,
6,VISIT,716,Nearest,OnArrival,5,12,20959,Node_39,13,0,15,13,15,,,,,,,,,
6,VISIT,693,Nearest,OnArrival,5,153,20963,Node_243,5,0,13,5,13,,,,,,,,,
6,VISIT,696,Nearest,OnArrival,5,153,20963,Node_243,5,0,13,5,13,,,,,,,,,
6,VISIT,697,Nearest,OnArrival,5,112,20963,Node_243,5,0,13,5,13,,,,,,,,,
6,VISIT,698,Nearest,OnArrival,5,115,20963,Node_243,5,0,13,5,13,,,,,,,,,
6,VISIT,699,Nearest,OnArrival,5,112,20963,Node_243,5,0,13,5,13,,,,,,,,,
6,VISIT,700,Nearest,OnArrival,5,112,20963,Node_243,5,0,13,5,13,,,,,,,,,
6,VISIT,701,Nearest,OnArrival,5,90,20963,Node_243,5,0,13,5,13,,,,,,,,,
6,VISIT,702,Nearest,OnArrival,5,88,20963,Node_243,5,0,13,5,13,,,,,,,,,
6,VISIT,703,Nearest,OnArrival,5,90,20963,Node_243,5,0,13,5,13,,,,,,,,,
6,VISIT,704,Nearest,OnArrival,5,90,20963,Node_243,5,0,13,5,13,,,,,,,,,
6,VISIT,706,Nearest,OnArrival,5,65,20963,Node_624,5,0,24,5,24,,,,,,,,,
6,VISIT,707,Nearest,OnArrival,5,64,20963,Node_624,5,0,24,5,24,,,,,,,,,
6,VISIT,709,Nearest,OnArrival,5,32,20963,Node_457,-8,0,-1,-8,-1,,,,,,,,,
6,VISIT,712,Nearest,OnArrival,5,32,20963,Node_457,-8,0,-1,-8,-1,,,,,,,,,
6,VISIT,713,Nearest,OnArrival,5,14,20963,Node_521,11,0,18,11,18,,,,,,,,,
6,VISIT,714,Nearest,OnArrival,5,14,20963,Node_40,13,0,16,13,16,,,,,,,,,
6,VISIT,715,Nearest,OnArrival,5,14,20963,Node_521,11,0,18,11,18,,,,,,,,,
6,VISIT,716,Nearest,OnArrival,5,13,20963,Node_40,13,0,16,13,16,,,,,,,,,
6,VISIT,693,Nearest,OnArrival,5,154,20967,Node_244,5,0,14,5,14,,,,,,,,,
6,VISIT,696,Nearest,OnArrival,5,154,20967,Node_244,5,0,14,5,14,,,,,,,,,
6,VISIT,697,Nearest,OnArrival,5,113,20967,Node_244,5,0,14,5,14,,,,,,,,,
6,VISIT,698,Nearest,OnArrival,5,116,20967,Node_244,5,0,14,5,14,,,,,,,,,
6,VISIT,699,Nearest,OnArrival,5,113,20967,Node_244,5,0,14,5,14,,,,,,,,,
6,VISIT,700,Nearest,OnArrival,5,113,20967,Node_244,5,0,14,5,14,,,,,,,,,
6,VISIT,701,Nearest,OnArrival,5,91,20967,Node_244,5,0,14,5,14,,,,,,,,,
6,VISIT,702,Nearest,OnArrival,5,89,20967,Node_244,5,0,14,5,14,,,,,,,,,
6,VISIT,703,Nearest,OnArrival,5,91,20967,Node_244,5,0,14,5,14,,,,,,,,,
6,VISIT,704,Nearest,OnArrival,5,91,20967,Node_244,5,0,14,5,14,,,,,,,,,
6,VISIT,706,Nearest,OnArrival,5,66,20967,Node_614,6,0,24,6,24,,,,,,,,,
6,VISIT,707,Nearest,OnArrival,5,65,20967,Node_614,6,0,24,6,24,,,,,,,,,
6,VISIT,711,Nearest,OnArrival,5,30,20967,Node_459,-10,0,2,-10,2,,,,,,,,,
6,VISIT,714,Nearest,OnArrival,5,15,20967,Node_41,13,0,17,13,17,,,,,,,,,
6,VISIT,716,Nearest,OnArrival,5,14,20967,Node_41,13,0,17,13,17,,,,,,,,,
6,VISIT,693,Nearest,OnArrival,5,155,20971,Node_245,5,0,15,5,15,,,,,,,,,
6,VISIT,696,Nearest,OnArrival,5,155,20971,Node_245,5,0,15,5,15,,,,,,,,,
6,VISIT,697,Nearest,OnArrival,5,114,20971,Node_245,5,0,15,5,15,,,,,,,,,
6,VISIT,698,Nearest,OnArrival,5,117,20971,Node_245,5,0,15,5,15,,,,,,,,,
6,VISIT,699,Nearest,OnArrival,5,114,20971,Node_245,5,0,15,5,15,,,,,,,,,
6,VISIT,700,Nearest,OnArrival,5,114,20971,Node_245,5,0,15,5,15,,,,,,,,,
6,VISIT,701,Nearest,OnArrival,5,92,20971,Node_245,5,0,15,5,15,,,,,,,,,
6,VISIT,702,Nearest,OnArrival,5,90,20971,Node_245,5,0,15,5,15,,,,,,,,,
6,VISIT,703,Nearest,OnArrival,5,92,20971,Node_245,5,0,15,5,15,,,,,,,,,
6,VISIT,704,Nearest,OnArrival,5,92,20971,Node_245,5,0,15,5,15,,,,,,,,,
6,VISIT,706,Nearest,OnArrival,5,67,20971,Node_612,6,0,23,6,23,,,,,,,,,
6,VISIT,707,Nearest,OnArrival,5,66,20971,Node_612,6,0,23,6,23,,,,,,,,,
6,VISIT,709,Nearest,OnArrival,5,33,20971,Node_458,-10,0,-1,-10,-1,,,,,,,,,
6,VISIT,710,Nearest,OnArrival,5,32,20971,Node_463,-7,0,2,-7,2,,,,,,,,,
6,VISIT,712,Nearest,OnArrival,5,33,20971,Node_458,-10,0,-1,-10,-1,,,,,,,,,
6,VISIT,713,Nearest,OnArrival,5,15,20971,Node_522,11,0,20,11,20,,,,,,,,,
6,VISIT,714,Nearest,OnArrival,5,16,20971,Node_42,13,0,18,13,18,,,,,,,,,
6,VISIT,715,Nearest,OnArrival,5,15,20971,Node_522,11,0,20,11,20,,,,,,,,,
6,VISIT,716,Nearest,OnArrival,5,15,20971,Node_42,13,0,18,13,18,,,,,,,,,
6,VISIT,693,Nearest,OnArrival,5,156,20975,Node_582,5,0,16,5,16,,,,,,,,,
6,VISIT,696,Nearest,OnArrival,5,156,20975,Node_582,5,0,16,5,16,,,,,,,,,
6,VISIT,697,Nearest,OnArrival,5,115,20975,Node_582,5,0,16,5,16,,,,,,,,,
6,VISIT,698,Nearest,OnArrival,5,118,20975,Node_582,5,0,16,5,16,,,,,,,,,
6,VISIT,699,Nearest,OnArrival,5,115,20975,Node_582,5,0,16,5,16,,,,,,,,,
6,VISIT,700,Nearest,OnArrival,5,115,20975,Node_582,5,0,16,5,16,,,,,,,,,
6,VISIT,701,Nearest,OnArrival,5,93,20975,Node_582,5,0,16,5,16,,,,,,,,,
6,VISIT,702,Nearest,OnArrival,5,91,20975,Node_582,5,0,16,5,16,,,,,,,,,
6,VISIT,703,Nearest,OnArrival,5,93,20975,Node_582,5,0,16,5,16,,,,,,,,,
6,VISIT,704,Nearest,OnArrival,5,93,20975,Node_582,5,0,16,5,16,,,,,,,,,
6,VISIT,706,Nearest,OnArrival,5,68,20975,Node_703,6,0,22,6,22,,,,,,,,,
6,VISIT,707,Nearest,OnArrival,5,67,20975,Node_703,6,0,22,6,22,,,,,,,,,
6,VISIT,713,Nearest,OnArrival,5,16,20975,Node_523,11,0,21,11,21,,,,,,,,,
6,VISIT,714,Nearest,OnArrival,5,17,20975,Node_43,12,0,18,12,18,,,,,,,,,
6,VISIT,715,Nearest,OnArrival,5,16,20975,Node_523,11,0,21,11,21,,,,,,,,,
6,VISIT,716,Nearest,OnArrival,5,16,20975,Node_43,12,0,18,12,18,,,,,,,,,
6,VISIT,693,Nearest,OnArrival,5,157,20982,Node_554,5,0,17,5,17,,,,,,,,,
6,VISIT,696,Nearest,OnArrival,5,157,20982,Node_554,5,0,17,5,17,,,,,,,,,
6,VISIT,697,Nearest,OnArrival,5,116,20982,Node_554,5,0,17,5,17,,,,,,,,,
6,VISIT,698,Nearest,OnArrival,5,119,20982,Node_554,5,0,17,5,17,,,,,,,,,
6,VISIT,699,Nearest,OnArrival,5,116,20982,Node_554,5,0,17,5,17,,,,,,,,,
6,VISIT,700,Nearest,OnArrival,5,116,20982,Node_554,5,0,17,5,17,,,,,,,,,
6,VISIT,701,Nearest,OnArrival,5,94,20982,Node_554,5,0,17,5,17,,,,,,,,,
6,VISIT,702,Nearest,OnArrival,5,92,20982,Node_554,5,0,17,5,17,,,,,,,,,
6,VISIT,703,Nearest,OnArrival,5,94,20982,Node_554,5,0,17,5,17,,,,,,,,,
6,VISIT,704,Nearest,OnArrival,5,94,20982,Node_554,5,0,17,5,17,,,,,,,,,
6,VISIT,710,Nearest,OnArrival,5,33,20982,Node_465,-7,0,4,-7,4,,,,,,,,,
6,VISIT,711,Nearest,OnArrival,5,31,20982,Node_463,-7,0,2,-7,2,,,,,,,,,
6,VISIT,713,Nearest,OnArrival,5,17,20982,Node_698,12,0,21,12,21,,,,,,,,,
6,VISIT,714,Nearest,OnArrival,5,18,20982,Node_521,11,0,18,11,18,,,,,,,,,
6,VISIT,715,Nearest,OnArrival,5,17,20982,Node_698,12,0,21,12,21,,,,,,,,,
6,VISIT,716,Nearest,OnArrival,5,17,20982,Node_521,11,0,18,11,18,,,,,,,,,
6,VISIT,693,Nearest,OnArrival,5,158,20987,Node_555,5,0,18,5,18,,,,,,,,,
6,VISIT,696,Nearest,OnArrival,5,158,20987,Node_555,5,0,18,5,18,,,,,,,,,
6,VISIT,697,Nearest,OnArrival,5,117,20987,Node_555,5,0,18,5,18,,,,,,,,,
6,VISIT,698,Nearest,OnArrival,5,120,20987,Node_555,5,0,18,5,18,,,,,,,,,
6,VISIT,699,Nearest,OnArrival,5,117,20987,Node_555,5,0,18,5,18,,,,,,,,,
6,VISIT,700,Nearest,OnArrival,5,117,20987,Node_555,5,0,18,5,18,,,,,,,,,
6,VISIT,701,Nearest,OnArrival,5,95,20987,Node_555,5,0,18,5,18,,,,,,,,,
6,VISIT,702,Nearest,OnArrival,5,93,20987,Node_555,5,0,18,5,18,,,,,,,,,
6,VISIT,703,Nearest,OnArrival,5,95,20987,Node_555,5,0,18,5,18,,,,,,,,,
6,VISIT,704,Nearest,OnArrival,5,95,20987,Node_555,5,0,18,5,18,,,,,,,,,
6,VISIT,707,Nearest,OnArrival,5,68,20987,Node_703,6,0,22,6,22,,,,,,,,,
6,VISIT,709,Nearest,OnArrival,5,34,20987,Node_459,-10,0,2,-10,2,,,,,,,,,
6,VISIT,712,Nearest,OnArrival,5,34,20987,Node_459,-10,0,2,-10,2,,,,,,,,,
6,VISIT,713,Nearest,OnArrival,5,18,20987,Node_691,12,0,22,12,22,,,,,,,,,
6,VISIT,715,Nearest,OnArrival,5,18,20987,Node_691,12,0,22,12,22,,,,,,,,,
6,VISIT,693,Nearest,OnArrival,5,159,20992,Node_557,5,0,19,5,19,,,,,,,,,
6,VISIT,696,Nearest,OnArrival,5,159,20992,Node_557,5,0,19,5,19,,,,,,,,,
6,VISIT,697,Nearest,OnArrival,5,118,20992,Node_557,5,0,19,5,19,,,,,,,,,
6,VISIT,698,Nearest,OnArrival,5,121,20992,Node_557,5,0,19,5,19,,,,,,,,,
6,VISIT,699,Nearest,OnArrival,5,118,20992,Node_557,5,0,19,5,19,,,,,,,,,
6,VISIT,700,Nearest,OnArrival,5,118,20992,Node_557,5,0,19,5,19,,,,,,,,,
6,VISIT,701,Nearest,OnArrival,5,96,20992,Node_557,5,0,19,5,19,,,,,,,,,
6,VISIT,702,Nearest,OnArrival,5,94,20992,Node_557,5,0,19,5,19,,,,,,,,,
6,VISIT,703,Nearest,OnArrival,5,96,20992,Node_557,5,0,19,5,19,,,,,,,,,
6,VISIT,704,Nearest,OnArrival,5,96,20992,Node_557,5,0,19,5,19,,,,,,,,,
6,VISIT,707,Nearest,OnArrival,5,69,20992,Node_608,7,0,22,7,22,,,,,,,,,
6,VISIT,711,Nearest,OnArrival,5,32,20992,Node_465,-7,0,4,-7,4,,,,,,,,,
6,VISIT,713,Nearest,OnArrival,5,19,20992,Node_524,11,0,22,11,22,,,,,,,,,
6,VISIT,714,Nearest,OnArrival,5,19,20992,Node_522,11,0,20,11,20,,,,,,,,,
6,VISIT,715,Nearest,OnArrival,5,19,20992,Node_524,11,0,22,11,22,,,,,,,,,
6,VISIT,716,Nearest,OnArrival,5,18,20992,Node_522,11,0,20,11,20,,,,,,,,,
6,VISIT,693,Nearest,OnArrival,5,160,21001,Node_558,5,0,20,5,20,,,,,,,,,
6,VISIT,696,Nearest,OnArrival,5,160,21001,Node_558,5,0,20,5,20,,,,,,,,,
6,VISIT,697,Nearest,OnArrival,5,119,21001,Node_558,5,0,20,5,20,,,,,,,,,
6,VISIT,698,Nearest,OnArrival,5,122,21001,Node_558,5,0,20,5,20,,,,,,,,,
6,VISIT,699,Nearest,OnArrival,5,119,21001,Node_558,5,0,20,5,20,,,,,,,,,
6,VISIT,700,Nearest,OnArrival,5,119,21001,Node_558,5,0,20,5,20,,,,,,,,,
6,VISIT,701,Nearest,OnArrival,5,97,21001,Node_558,5,0,20,5,20,,,,,,,,,
6,VISIT,702,Nearest,OnArrival,5,95,21001,Node_558,5,0,20,5,20,,,,,,,,,
6,VISIT,703,Nearest,OnArrival,5,97,21001,Node_558,5,0,20,5,20,,,,,,,,,
6,VISIT,704,Nearest,OnArrival,5,97,21001,Node_558,5,0,20,5,20,,,,,,,,,
6,VISIT,707,Nearest,OnArrival,5,70,21001,Node_607,8,0,22,8,22,,,,,,,,,
6,VISIT,713,Nearest,OnArrival,5,20,21001,Node_525,11,0,23,11,23,,,,,,,,,
6,VISIT,714,Nearest,OnArrival,5,20,21001,Node_523,11,0,21,11,21,,,,,,,,,
6,VISIT,715,Nearest,OnArrival,5,20,21001,Node_525,11,0,23,11,23,,,,,,,,,
6,VISIT,716,Nearest,OnArrival,5,19,21001,Node_523,11,0,21,11,21,,,,,,,,,
6,VISIT,693,Nearest,OnArrival,5,161,21013,Node_593,6,0,20,6,20,,,,,,,,,
6,VISIT,696,Nearest,OnArrival,5,161,21013,Node_593,6,0,20,6,20,,,,,,,,,
6,VISIT,697,Nearest,OnArrival,5,120,21013,Node_593,6,0,20,6,20,,,,,,,,,
6,VISIT,698,Nearest,OnArrival,5,123,21013,Node_593,6,0,20,6,20,,,,,,,,,
6,VISIT,699,Nearest,OnArrival,5,120,21013,Node_593,6,0,20,6,20,,,,,,,,,
6,VISIT,700,Nearest,OnArrival,5,120,21013,Node_593,6,0,20,6,20,,,,,,,,,
6,VISIT,701,Nearest,OnArrival,5,98,21013,Node_593,6,0,20,6,20,,,,,,,,,
6,VISIT,702,Nearest,OnArrival,5,96,21013,Node_593,6,0,20,6,20,,,,,,,,,
6,VISIT,703,Nearest,OnArrival,5,98,21013,Node_593,6,0,20,6,20,,,,,,,,,
6,VISIT,704,Nearest,OnArrival,5,98,21013,Node_593,6,0,20,6,20,,,,,,,,,
6,VISIT,707,Nearest,OnArrival,5,71,21013,Node_606,8,0,21,8,21,,,,,,,,,
6,VISIT,709,Nearest,OnArrival,5,35,21013,Node_463,-7,0,2,-7,2,,,,,,,,,
6,VISIT,710,Nearest,OnArrival,5,34,21013,Node_440,-3,0,4,-3,4,,,,,,,,,
6,VISIT,712,Nearest,OnArrival,5,35,21013,Node_463,-7,0,2,-7,2,,,,,,,,,
6,VISIT,713,Nearest,OnArrival,5,21,21013,Node_638,11,0,24,11,24,,,,,,,,,
6,VISIT,714,Nearest,OnArrival,5,21,21013,Node_524,11,0,22,11,22,,,,,,,,,
6,VISIT,715,Nearest,OnArrival,5,21,21013,Node_638,11,0,24,11,24,,,,,,,,,
6,VISIT,716,Nearest,OnArrival,5,20,21013,Node_524,11,0,22,11,22,,,,,,,,,
6,VISIT,693,Nearest,OnArrival,5,162,21020,Node_598,7,0,20,7,20,,,,,,,,,
6,VISIT,696,Nearest,OnArrival,5,162,21020,Node_598,7,0,20,7,20,,,,,,,,,
6,VISIT,697,Nearest,OnArrival,5,121,21020,Node_598,7,0,20,7,20,,,,,,,,,
6,VISIT,698,Nearest,OnArrival,5,124,21020,Node_598,7,0,20,7,20,,,,,,,,,
6,VISIT,699,Nearest,OnArrival,5,121,21020,Node_598,7,0,20,7,20,,,,,,,,,
6,VISIT,700,Nearest,OnArrival,5,121,21020,Node_598,7,0,20,7,20,,,,,,,,,
6,VISIT,701,Nearest,OnArrival,5,99,21020,Node_598,7,0,20,7,20,,,,,,,,,
6,VISIT,702,Nearest,OnArrival,5,97,21020,Node_598,7,0,20,7,20,,,,,,,,,
6,VISIT,703,Nearest,OnArrival,5,99,21020,Node_598,7,0,20,7,20,,,,,,,,,
6,VISIT,704,Nearest,OnArrival,5,99,21020,Node_598,7,0,20,7,20,,,,,,,,,
6,VISIT,707,Nearest,OnArrival,5,72,21020,Node_700,9,0,21,9,21,,,,,,,,,
6,VISIT,710,Nearest,OnArrival,5,35,21020,Node_393,-2,0,4,-2,4,,,,,,,,,
6,VISIT,713,Nearest,OnArrival,5,22,21020,Node_631,10,0,24,10,24,,,,,,,,,
6,VISIT,714,Nearest,OnArrival,5,22,21020,Node_525,11,0,23,11,23,,,,,,,,,
6,VISIT,715,Nearest,OnArrival,5,22,21020,Node_631,10,0,24,10,24,,,,,,,,,
6,VISIT,716,Nearest,OnArrival,5,21,21020,Node_525,11,0,23,11,23,,,,,,,,,
6,VISIT,693,Nearest,OnArrival,5,163,21032,Node_603,8,0,20,8,20,,,,,,,,,
6,VISIT,696,Nearest,OnArrival,5,163,21032,Node_603,8,0,20,8,20,,,,,,,,,
6,VISIT,697,Nearest,OnArrival,5,122,21032,Node_603,8,0,20,8,20,,,,,,,,,
6,VISIT,698,Nearest,OnArrival,5,125,21032,Node_603,8,0,20,8,20,,,,,,,,,
6,VISIT,699,Nearest,OnArrival,5,122,21032,Node_603,8,0,20,8,20,,,,,,,,,
6,VISIT,700,Nearest,OnArrival,5,122,21032,Node_603,8,0,20,8,20,,,,,,,,,
6,VISIT,701,Nearest,OnArrival,5,100,21032,Node_603,8,0,20,8,20,,,,,,,,,
6,VISIT,702,Nearest,OnArrival,5,98,21032,Node_603,8,0,20,8,20,,,,,,,,,
6,VISIT,703,Nearest,OnArrival,5,100,21032,Node_603,8,0,20,8,20,,,,,,,,,
6,VISIT,704,Nearest,OnArrival,5,100,21032,Node_603,8,0,20,8,20,,,,,,,,,
6,VISIT,709,Nearest,OnArrival,5,36,21032,Node_465,-7,0,4,-7,4,,,,,,,,,
6,VISIT,711,Nearest,OnArrival,5,33,21032,Node_440,-3,0,4,-3,4,,,,,,,,,
6,VISIT,712,Nearest,OnArrival,5,36,21032,Node_465,-7,0,4,-7,4,,,,,,,,,
6,VISIT,713,Nearest,OnArrival,5,23,21032,Node_638,11,0,24,11,24,,,,,,,,,
6,VISIT,714,Nearest,OnArrival,5,23,21032,Node_638,11,0,24,11,24,,,,,,,,,
6,VISIT,715,Nearest,OnArrival,5,23,21032,Node_638,11,0,24,11,24,,,,,,,,,
6,VISIT,716,Nearest,OnArrival,5,22,21032,Node_638,11,0,24,11,24,,,,,,,,,
6,VISIT,693,Nearest,OnArrival,5,164,21041,Node_606,8,0,21,8,21,,,,,,,,,
6,VISIT,696,Nearest,OnArrival,5,164,21041,Node_606,8,0,21,8,21,,,,,,,,,
6,VISIT,697,Nearest,OnArrival,5,123,21041,Node_606,8,0,21,8,21,,,,,,,,,
6,VISIT,698,Nearest,OnArrival,5,126,21041,Node_606,8,0,21,8,21,,,,,,,,,
6,VISIT,699,Nearest,OnArrival,5,123,21041,Node_606,8,0,21,8,21,,,,,,,,,
6,VISIT,700,Nearest,OnArrival,5,123,21041,Node_606,8,0,21,8,21,,,,,,,,,
6,VISIT,701,Nearest,OnArrival,5,101,21041,Node_606,8,0,21,8,21,,,,,,,,,
6,VISIT,702,Nearest,OnArrival,5,99,21041,Node_606,8,0,21,8,21,,,,,,,,,
6,VISIT,703,Nearest,OnArrival,5,101,21041,Node_606,8,0,21,8,21,,,,,,,,,
6,VISIT,704,Nearest,OnArrival,5,101,21041,Node_606,8,0,21,8,21,,,,,,,,,
6,VISIT,707,Nearest,OnArrival,5,73,21041,Node_523,11,0,21,11,21,,,,,,,,,
6,VISIT,710,Nearest,OnArrival,5,36,21041,Node_396,-2,0,6,-2,6,,,,,,,,,
6,VISIT,711,Nearest,OnArrival,5,34,21041,Node_393,-2,0,4,-2,4,,,,,,,,,
6,VISIT,713,Nearest,OnArrival,5,24,21041,Node_692,12,0,24,12,24,,,,,,,,,
6,VISIT,714,Nearest,OnArrival,5,24,21041,Node_692,12,0,24,12,24,,,,,,,,,
6,VISIT,715,Nearest,OnArrival,5,24,21041,Node_692,12,0,24,12,24,,,,,,,,,
6,VISIT,716,Nearest,OnArrival,5,23,21041,Node_692,12,0,24,12,24,,,,,,,,,
6,VISIT,693,Nearest,OnArrival,5,165,21052,Node_700,9,0,21,9,21,,,,,,,,,
6,VISIT,696,Nearest,OnArrival,5,165,21052,Node_700,9,0,21,9,21,,,,,,,,,
6,VISIT,697,Nearest,OnArrival,5,124,21052,Node_700,9,0,21,9,21,,,,,,,,,
6,VISIT,698,Nearest,OnArrival,5,127,21052,Node_700,9,0,21,9,21,,,,,,,,,
6,VISIT,699,Nearest,OnArrival,5,124,21052,Node_700,9,0,21,9,21,,,,,,,,,
6,VISIT,700,Nearest,OnArrival,5,124,21052,Node_700,9,0,21,9,21,,,,,,,,,
6,VISIT,701,Nearest,OnArrival,5,102,21052,Node_700,9,0,21,9,21,,,,,,,,,
6,VISIT,702,Nearest,OnArrival,5,100,21052,Node_700,9,0,21,9,21,,,,,,,,,
6,VISIT,703,Nearest,OnArrival,5,102,21052,Node_700,9,0,21,9,21,,,,,,,,,
6,VISIT,704,Nearest,OnArrival,5,102,21052,Node_700,9,0,21,9,21,,,,,,,,,
6,VISIT,707,Nearest,OnArrival,5,74,21052,Node_524,11,0,22,11,22,,,,,,,,,
6,VISIT,710,Nearest,OnArrival,5,37,21052,Node_530,-1,0,6,-1,6,,,,,,,,,
6,VISIT,713,Nearest,OnArrival,5,25,21052,Node_693,12,0,25,12,25,,,,,,,,,
6,VISIT,714,Nearest,OnArrival,5,25,21052,Node_693,12,0,25,12,25,,,,,,,,,
6,VISIT,715,Nearest,OnArrival,5,25,21052,Node_693,12,0,25,12,25,,,,,,,,,
6,VISIT,716,Nearest,OnArrival,5,24,21052,Node_693,12,0,25,12,25,,,,,,,,,
6,VISIT,707,Nearest,OnArrival,5,75,21066,Node_525,11,0,23,11,23,,,,,,,,,
6,VISIT,711,Nearest,OnArrival,5,35,21066,Node_396,-2,0,6,-2,6,,,,,,,,,
6,VISIT,713,Nearest,OnArrival,5,26,21066,Node_637,11,0,25,11,25,,,,,,,,,
6,VISIT,714,Nearest,OnArrival,5,26,21066,Node_637,11,0,25,11,25,,,,,,,,,
6,VISIT,715,Nearest,OnArrival,5,26,21066,Node_637,11,0,25,11,25,,,,,,,,,
6,VISIT,716,Nearest,OnArrival,5,25,21066,Node_637,11,0,25,11,25,,,,,,,,,
6,VISIT,693,Nearest,OnArrival,5,166,21070,Node_523,11,0,21,11,21,,,,,,,,,
6,VISIT,696,Nearest,OnArrival,5,166,21070,Node_523,11,0,21,11,21,,,,,,,,,
6,VISIT,697,Nearest,OnArrival,5,125,21070,Node_523,11,0,21,11,21,,,,,,,,,
6,VISIT,698,Nearest,OnArrival,5,128,21070,Node_523,11,0,21,11,21,,,,,,,,,
6,VISIT,699,Nearest,OnArrival,5,125,21070,Node_523,11,0,21,11,21,,,,,,,,,
6,VISIT,700,Nearest,OnArrival,5,125,21070,Node_523,11,0,21,11,21,,,,,,,,,
6,VISIT,701,Nearest,OnArrival,5,103,21070,Node_523,11,0,21,11,21,,,,,,,,,
6,VISIT,702,Nearest,OnArrival,5,101,21070,Node_523,11,0,21,11,21,,,,,,,,,
6,VISIT,703,Nearest,OnArrival,5,103,21070,Node_523,11,0,21,11,21,,,,,,,,,
6,VISIT,704,Nearest,OnArrival,5,103,21070,Node_523,11,0,21,11,21,,,,,,,,,
6,VISIT,707,Nearest,OnArrival,5,76,21070,Node_638,11,0,24,11,24,,,,,,,,,
6,VISIT,709,Nearest,OnArrival,5,37,21070,Node_440,-3,0,4,-3,4,,,,,,,,,
6,VISIT,711,Nearest,OnArrival,5,36,21070,Node_530,-1,0,6,-1,6,,,,,,,,,
6,VISIT,712,Nearest,OnArrival,5,37,21070,Node_440,-3,0,4,-3,4,,,,,,,,,
6,VISIT,713,Nearest,OnArrival,5,27,21070,Node_638,11,0,24,11,24,,,,,,,,,
6,VISIT,714,Nearest,OnArrival,5,27,21070,Node_638,11,0,24,11,24,,,,,,,,,
6,VISIT,715,Nearest,OnArrival,5,27,21070,Node_638,11,0,24,11,24,,,,,,,,,
6,VISIT,716,Nearest,OnArrival,5,26,21070,Node_638,11,0,24,11,24,,,,,,,,,
6,VISIT,693,Nearest,OnArrival,5,167,21074,Node_524,11,0,22,11,22,,,,,,,,,
6,VISIT,696,Nearest,OnArrival,5,167,21074,Node_524,11,0,22,11,22,,,,,,,,,
6,VISIT,697,Nearest,OnArrival,5,126,21074,Node_524,11,0,22,11,22,,,,,,,,,
6,VISIT,698,Nearest,OnArrival,5,129,21074,Node_524,11,0,22,11,22,,,,,,,,,
6,VISIT,699,Nearest,OnArrival,5,126,21074,Node_524,11,0,22,11,22,,,,,,,,,
6,VISIT,700,Nearest,OnArrival,5,126,21074,Node_524,11,0,22,11,22,,,,,,,,,
6,VISIT,701,Nearest,OnArrival,5,104,21074,Node_524,11,0,22,11,22,,,,,,,,,
6,VISIT,702,Nearest,OnArrival,5,102,21074,Node_524,11,0,22,11,22,,,,,,,,,
6,VISIT,703,Nearest,OnArrival,5,104,21074,Node_524,11,0,22,11,22,,,,,,,,,
6,VISIT,704,Nearest,OnArrival,5,104,21074,Node_524,11,0,22,11,22,,,,,,,,,
6,VISIT,707,Nearest,OnArrival,5,77,21074,Node_525,11,0,23,11,23,,,,,,,,,
6,VISIT,709,Nearest,OnArrival,5,38,21074,Node_393,-2,0,4,-2,4,,,,,,,,,
6,VISIT,710,Nearest,OnArrival,5,38,21074,Node_526,2,0,6,2,6,,,,,,,,,
6,VISIT,712,Nearest,OnArrival,5,38,21074,Node_393,-2,0,4,-2,4,,,,,,,,,
6,VISIT,713,Nearest,OnArrival,5,28,21074,Node_525,11,0,23,11,23,,,,,,,,,
6,VISIT,714,Nearest,OnArrival,5,28,21074,Node_525,11,0,23,11,23,,,,,,,,,
6,VISIT,715,Nearest,OnArrival,5,28,21074,Node_525,11,0,23,11,23,,,,,,,,,
6,VISIT,716,Nearest,OnArrival,5,27,21074,Node_525,11,0,23,11,23,,,,,,,,,
6,VISIT,693,Nearest,OnArrival,5,168,21078,Node_525,11,0,23,11,23,,,,,,,,,
6,VISIT,696,Nearest,OnArrival,5,168,21078,Node_525,11,0,23,11,23,,,,,,,,,
6,VISIT,697,Nearest,OnArrival,5,127,21078,Node_525,11,0,23,11,23,,,,,,,,,
6,VISIT,698,Nearest,OnArrival,5,130,21078,Node_525,11,0,23,11,23,,,,,,,,,
6,VISIT,699,Nearest,OnArrival,5,127,21078,Node_525,11,0,23,11,23,,,,,,,,,
6,VISIT,700,Nearest,OnArrival,5,127,21078,Node_525,11,0,23,11,23,,,,,,,,,
6,VISIT,701,Nearest,OnArrival,5,105,21078,Node_525,11,0,23,11,23,,,,,,,,,
6,VISIT,702,Nearest,OnArrival,5,103,21078,Node_525,11,0,23,11,23,,,,,,,,,
6,VISIT,703,Nearest,OnArrival,5,105,21078,Node_525,11,0,23,11,23,,,,,,,,,
6,VISIT,704,Nearest,OnArrival,5,105,21078,Node_525,11,0,23,11,23,,,,,,,,,
6,VISIT,707,Nearest,OnArrival,5,78,21078,Node_524,11,0,22,11,22,,,,,,,,,
6,VISIT,710,Nearest,OnArrival,5,39,21078,Node_356,3,0,6,3,6,,,,,,,,,
6,VISIT,713,Nearest,OnArrival,5,29,21078,Node_524,11,0,22,11,22,,,,,,,,,
6,VISIT,714,Nearest,OnArrival,5,29,21078,Node_524,11,0,22,11,22,,,,,,,,,
6,VISIT,715,Nearest,OnArrival,5,29,21078,Node_524,11,0,22,11,22,,,,,,,,,
6,VISIT,716,Nearest,OnArrival,5,28,21078,Node_524,11,0,22,11,22,,,,,,,,,
6,VISIT,693,Nearest,OnArrival,5,169,21082,Node_638,11,0,24,11,24,,,,,,,,,
6,VISIT,696,Nearest,OnArrival,5,169,21082,Node_638,11,0,24,11,24,,,,,,,,,
6,VISIT,697,Nearest,OnArrival,5,128,21082,Node_638,11,0,24,11,24,,,,,,,,,
6,VISIT,698,Nearest,OnArrival,5,131,21082,Node_638,11,0,24,11,24,,,,,,,,,
6,VISIT,699,Nearest,OnArrival,5,128,21082,Node_638,11,0,24,11,24,,,,,,,,,
6,VISIT,700,Nearest,OnArrival,5,128,21082,Node_638,11,0,24,11,24,,,,,,,,,
6,VISIT,701,Nearest,OnArrival,5,106,21082,Node_638,11,0,24,11,24,,,,,,,,,
6,VISIT,702,Nearest,OnArrival,5,104,21082,Node_638,11,0,24,11,24,,,,,,,,,
6,VISIT,703,Nearest,OnArrival,5,106,21082,Node_638,11,0,24,11,24,,,,,,,,,
6,VISIT,704,Nearest,OnArrival,5,106,21082,Node_638,11,0,24,11,24,,,,,,,,,
6,VISIT,707,Nearest,OnArrival,5,79,21082,Node_523,11,0,21,11,21,,,,,,,,,
6,VISIT,709,Nearest,OnArrival,5,39,21082,Node_396,-2,0,6,-2,6,,,,,,,,,
6,VISIT,711,Nearest,OnArrival,5,37,21082,Node_526,2,0,6,2,6,,,,,,,,,
6,VISIT,712,Nearest,OnArrival,5,39,21082,Node_396,-2,0,6,-2,6,,,,,,,,,
6,VISIT,713,Nearest,OnArrival,5,30,21082,Node_523,11,0,21,11,21,,,,,,,,,
6,VISIT,714,Nearest,OnArrival,5,30,21082,Node_523,11,0,21,11,21,,,,,,,,,
6,VISIT,715,Nearest,OnArrival,5,30,21082,Node_523,11,0,21,11,21,,,,,,,,,
6,VISIT,716,Nearest,OnArrival,5,29,21082,Node_523,11,0,21,11,21,,,,,,,,,
6,VISIT,717,Nearest,OnArrival,5,0,21082,Node_6,19,0,12,19,12,,,,,,,,,
6,VISIT,718,Nearest,OnArrival,5,0,21082,Node_7,19,0,8,19,8,,,,,,,,,
6,VISIT,719,Nearest,OnArrival,5,0,21082,Node_8,17,0,10,17,10,,,,,,,,,
6,VISIT,720,Nearest,OnArrival,5,0,21082,Node_9,21,0,10,21,10,,,,,,,,,
6,VISIT,693,Nearest,OnArrival,5,170,21086,Node_525,11,0,23,11,23,,,,,,,,,
6,VISIT,696,Nearest,OnArrival,5,170,21086,Node_525,11,0,23,11,23,,,,,,,,,
6,VISIT,697,Nearest,OnArrival,5,129,21086,Node_525,11,0,23,11,23,,,,,,,,,
6,VISIT,698,Nearest,OnArrival,5,132,21086,Node_525,11,0,23,11,23,,,,,,,,,
6,VISIT,699,Nearest,OnArrival,5,129,21086,Node_525,11,0,23,11,23,,,,,,,,,
6,VISIT,700,Nearest,OnArrival,5,129,21086,Node_525,11,0,23,11,23,,,,,,,,,
6,VISIT,701,Nearest,OnArrival,5,107,21086,Node_525,11,0,23,11,23,,,,,,,,,
6,VISIT,702,Nearest,OnArrival,5,105,21086,Node_525,11,0,23,11,23,,,,,,,,,
6,VISIT,703,Nearest,OnArrival,5,107,21086,Node_525,11,0,23,11,23,,,,,,,,,
6,VISIT,704,Nearest,OnArrival,5,107,21086,Node_525,11,0,23,11,23,,,,,,,,,
6,VISIT,707,Nearest,OnArrival,5,80,21086,Node_522,11,0,20,11,20,,,,,,,,,
6,VISIT,709,Nearest,OnArrival,5,40,21086,Node_530,-1,0,6,-1,6,,,,,,,,,
6,VISIT,710,Nearest,OnArrival,5,40,21086,Node_233,5,0,6,5,6,,,,,,,,,
6,VISIT,711,Nearest,OnArrival,5,38,21086,Node_356,3,0,6,3,6,,,,,,,,,
6,VISIT,712,Nearest,OnArrival,5,40,21086,Node_530,-1,0,6,-1,6,,,,,,,,,
6,VISIT,713,Nearest,OnArrival,5,31,21086,Node_522,11,0,20,11,20,,,,,,,,,
6,VISIT,714,Nearest,OnArrival,5,31,21086,Node_522,11,0,20,11,20,,,,,,,,,
6,VISIT,715,Nearest,OnArrival,5,31,21086,Node_522,11,0,20,11,20,,,,,,,,,
6,VISIT,716,Nearest,OnArrival,5,30,21086,Node_522,11,0,20,11,20,,,,,,,,,
6,VISIT,717,Nearest,OnArrival,5,1,21086,Node_2,19,0,11,19,11,,,,,,,,,
6,VISIT,718,Nearest,OnArrival,5,1,21086,Node_47,20,0,8,20,8,,,,,,,,,
6,VISIT,719,Nearest,OnArrival,5,1,21086,Node_4,18,0,10,18,10,,,,,,,,,
6,VISIT,720,Nearest,OnArrival,5,1,21086,Node_48,21,0,9,21,9,,,,,,,,,
6,VISIT,693,Nearest,OnArrival,5,171,21090,Node_524,11,0,22,11,22,,,,,,,,,
6,VISIT,696,Nearest,OnArrival,5,171,21090,Node_524,11,0,22,11,22,,,,,,,,,
6,VISIT,697,Nearest,OnArrival,5,130,21090,Node_524,11,0,22,11,22,,,,,,,,,
6,VISIT,698,Nearest,OnArrival,5,133,21090,Node_524,11,0,22,11,22,,,,,,,,,
6,VISIT,699,Nearest,OnArrival,5,130,21090,Node_524,11,0,22,11,22,,,,,,,,,
6,VISIT,700,Nearest,OnArrival,5,130,21090,Node_524,11,0,22,11,22,,,,,,,,,
6,VISIT,701,Nearest,OnArrival,5,108,21090,Node_524,11,0,22,11,22,,,,,,,,,
6,VISIT,702,Nearest,OnArrival,5,106,21090,Node_524,11,0,22,11,22,,,,,,,,,
6,VISIT,703,Nearest,OnArrival,5,108,21090,Node_524,11,0,22,11,22,,,,,,,,,
6,VISIT,704,Nearest,OnArrival,5,108,21090,Node_524,11,0,22,11,22,,,,,,,,,
6,VISIT,717,Nearest,OnArrival,5,2,21090,Node_20,19,0,10,19,10,,,,,,,,,
6,VISIT,718,Nearest,OnArrival,5,2,21090,Node_52,21,0,8,21,8,,,,,,,,,
6,VISIT,719,Nearest,OnArrival,5,2,21090,Node_15,18,0,9,18,9,,,,,,,,,
6,VISIT,720,Nearest,OnArrival,5,2,21090,Node_88,22,0,9,22,9,,,,,,,,,
6,VISIT,693,Nearest,OnArrival,5,172,21094,Node_523,11,0,21,11,21,,,,,,,,,
6,VISIT,696,Nearest,OnArrival,5,172,21094,Node_523,11,0,21,11,21,,,,,,,,,
6,VISIT,697,Nearest,OnArrival,5,131,21094,Node_523,11,0,21,11,21,,,,,,,,,
6,VISIT,698,Nearest,OnArrival,5,134,21094,Node_523,11,0,21,11,21,,,,,,,,,
6,VISIT,699,Nearest,OnArrival,5,131,21094,Node_523,11,0,21,11,21,,,,,,,,,
6,VISIT,700,Nearest,OnArrival,5,131,21094,Node_523,11,0,21,11,21,,,,,,,,,
6,VISIT,701,Nearest,OnArrival,5,109,21094,Node_523,11,0,21,11,21,,,,,,,,,
6,VISIT,702,Nearest,OnArrival,5,107,21094,Node_523,11,0,21,11,21,,,,,,,,,
6,VISIT,703,Nearest,OnArrival,5,109,21094,Node_523,11,0,21,11,21,,,,,,,,,
6,VISIT,704,Nearest,OnArrival,5,109,21094,Node_523,11,0,21,11,21,,,,,,,,,
6,VISIT,707,Nearest,OnArrival,5,81,21094,Node_521,11,0,18,11,18,,,,,,,,,
6,VISIT,711,Nearest,OnArrival,5,39,21094,Node_233,5,0,6,5,6,,,,,,,,,
6,VISIT,713,Nearest,OnArrival,5,32,21094,Node_521,11,0,18,11,18,,,,,,,,,
6,VISIT,714,Nearest,OnArrival,5,32,21094,Node_521,11,0,18,11,18,,,,,,,,,
6,VISIT,715,Nearest,OnArrival,5,32,21094,Node_521,11,0,18,11,18,,,,,,,,,
6,VISIT,716,Nearest,OnArrival,5,31,21094,Node_521,11,0,18,11,18,,,,,,,,,
6,VISIT,717,Nearest,OnArrival,5,3,21094,Node_3,19,0,9,19,9,,,,,,,,,
6,VISIT,718,Nearest,OnArrival,5,3,21094,Node_55,21,0,7,21,7,,,,,,,,,
6,VISIT,719,Nearest,OnArrival,5,3,21094,Node_3,19,0,9,19,9,,,,,,,,,
6,VISIT,720,Nearest,OnArrival,5,3,21094,Node_129,23,0,9,23,9,,,,,,,,,
6,VISIT,693,Nearest,OnArrival,5,173,21098,Node_522,11,0,20,11,20,,,,,,,,,
6,VISIT,696,Nearest,OnArrival,5,173,21098,Node_522,11,0,20,11,20,,,,,,,,,
6,VISIT,697,Nearest,OnArrival,5,132,21098,Node_522,11,0,20,11,20,,,,,,,,,
6,VISIT,698,Nearest,OnArrival,5,135,21098,Node_522,11,0,20,11,20,,,,,,,,,
6,VISIT,699,Nearest,OnArrival,5,132,21098,Node_522,11,0,20,11,20,,,,,,,,,
6,VISIT,700,Nearest,OnArrival,5,132,21098,Node_522,11,0,20,11,20,,,,,,,,,
6,VISIT,701,Nearest,OnArrival,5,110,21098,Node_522,11,0,20,11,20,,,,,,,,,
6,VISIT,702,Nearest,OnArrival,5,108,21098,Node_522,11,0,20,11,20,,,,,,,,,
6,VISIT,703,Nearest,OnArrival,5,110,21098,Node_522,11,0,20,11,20,,,,,,,,,
6,VISIT,704,Nearest,OnArrival,5,110,21098,Node_522,11,0,20,11,20,,,,,,,,,
6,VISIT,707,Nearest,OnArrival,5,82,21098,Node_674,11,0,17,11,17,,,,,,,,,
6,VISIT,709,Nearest,OnArrival,5,41,21098,Node_526,2,0,6,2,6,,,,,,,,,
6,VISIT,710,Nearest,OnArrival,5,41,21098,Node_237,5,0,9,5,9,,,,,,,,,
6,VISIT,712,Nearest,OnArrival,5,41,21098,Node_526,2,0,6,2,6,,,,,,,,,
6,VISIT,713,Nearest,OnArrival,5,33,21098,Node_674,11,0,17,11,17,,,,,,,,,
6,VISIT,714,Nearest,OnArrival,5,33,21098,Node_674,11,0,17,11,17,,,,,,,,,
6,VISIT,715,Nearest,OnArrival,5,33,21098,Node_674,11,0,17,11,17,,,,,,,,,
6,VISIT,716,Nearest,OnArrival,5,32,21098,Node_674,11,0,17,11,17,,,,,,,,,
6,VISIT,717,Nearest,OnArrival,5,4,21098,Node_50,20,0,9,20,9,,,,,,,,,
6,VISIT,718,Nearest,OnArrival,5,4,21098,Node_59,21,0,6,21,6,,,,,,,,,
6,VISIT,719,Nearest,OnArrival,5,4,21098,Node_50,20,0,9,20,9,,,,,,,,,
6,VISIT,707,Nearest,OnArrival,5,83,21102,Node_44,12,0,17,12,17,,,,,,,,,
6,VISIT,709,Nearest,OnArrival,5,42,21102,Node_356,3,0,6,3,6,,,,,,,,,
6,VISIT,710,Nearest,OnArrival,5,42,21102,Node_238,5,0,10,5,10,,,,,,,,,
6,VISIT,712,Nearest,OnArrival,5,42,21102,Node_356,3,0,6,3,6,,,,,,,,,
6,VISIT,713,Nearest,OnArrival,5,34,21102,Node_44,12,0,17,12,17,,,,,,,,,
6,VISIT,714,Nearest,OnArrival,5,34,21102,Node_44,12,0,17,12,17,,,,,,,,,
6,VISIT,715,Nearest,OnArrival,5,34,21102,Node_44,12,0,17,12,17,,,,,,,,,
6,VISIT,716,Nearest,OnArrival,5,33,21102,Node_44,12,0,17,12,17,,,,,,,,,
6,VISIT,717,Nearest,OnArrival,5,5,21102,Node_48,21,0,9,21,9,,,,,,,,,
6,VISIT,718,Nearest,OnArrival,5,5,21102,Node_61,21,0,5,21,5,,,,,,,,,
6,VISIT,719,Nearest,OnArrival,5,5,21102,Node_48,21,0,9,21,9,,,,,,,,,
6,VISIT,720,Nearest,OnArrival,5,4,21102,Node_136,25,0,9,25,9,,,,,,,,,
6,VISIT,693,Nearest,OnArrival,5,174,21106,Node_521,11,0,18,11,18,,,,,,,,,
6,VISIT,696,Nearest,OnArrival,5,174,21106,Node_521,11,0,18,11,18,,,,,,,,,
6,VISIT,697,Nearest,OnArrival,5,133,21106,Node_521,11,0,18,11,18,,,,,,,,,
6,VISIT,698,Nearest,OnArrival,5,136,21106,Node_521,11,0,18,11,18,,,,,,,,,
6,VISIT,699,Nearest,OnArrival,5,133,21106,Node_521,11,0,18,11,18,,,,,,,,,
6,VISIT,700,Nearest,OnArrival,5,133,21106,Node_521,11,0,18,11,18,,,,,,,,,
6,VISIT,701,Nearest,OnArrival,5,111,21106,Node_521,11,0,18,11,18,,,,,,,,,
6,VISIT,702,Nearest,OnArrival,5,109,21106,Node_521,11,0,18,11,18,,,,,,,,,
6,VISIT,703,Nearest,OnArrival,5,111,21106,Node_521,11,0,18,11,18,,,,,,,,,
6,VISIT,704,Nearest,OnArrival,5,111,21106,Node_521,11,0,18,11,18,,,,,,,,,
6,VISIT,707,Nearest,OnArrival,5,84,21106,Node_45,12,0,16,12,16,,,,,,,,,
6,VISIT,711,Nearest,OnArrival,5,40,21106,Node_237,5,0,9,5,9,,,,,,,,,
6,VISIT,713,Nearest,OnArrival,5,35,21106,Node_45,12,0,16,12,16,,,,,,,,,
6,VISIT,714,Nearest,OnArrival,5,35,21106,Node_45,12,0,16,12,16,,,,,,,,,
6,VISIT,715,Nearest,OnArrival,5,35,21106,Node_45,12,0,16,12,16,,,,,,,,,
6,VISIT,716,Nearest,OnArrival,5,34,21106,Node_45,12,0,16,12,16,,,,,,,,,
6,VISIT,717,Nearest,OnArrival,5,6,21106,Node_88,22,0,9,22,9,,,,,,,,,
6,VISIT,718,Nearest,OnArrival,5,6,21106,Node_132,22,0,5,22,5,,,,,,,,,
6,VISIT,719,Nearest,OnArrival,5,6,21106,Node_88,22,0,9,22,9,,,,,,,,,
6,VISIT,720,Nearest,OnArrival,5,5,21106,Node_248,26,0,9,26,9,,,,,,,,,
6,VISIT,693,Nearest,OnArrival,5,175,21110,Node_674,11,0,17,11,17,,,,,,,,,
6,VISIT,696,Nearest,OnArrival,5,175,21110,Node_674,11,0,17,11,17,,,,,,,,,
6,VISIT,697,Nearest,OnArrival,5,134,21110,Node_674,11,0,17,11,17,,,,,,,,,
6,VISIT,698,Nearest,OnArrival,5,137,21110,Node_674,11,0,17,11,17,,,,,,,,,
6,VISIT,699,Nearest,OnArrival,5,134,21110,Node_674,11,0,17,11,17,,,,,,,,,
6,VISIT,700,Nearest,OnArrival,5,134,21110,Node_674,11,0,17,11,17,,,,,,,,,
6,VISIT,701,Nearest,OnArrival,5,112,21110,Node_674,11,0,17,11,17,,,,,,,,,
6,VISIT,702,Nearest,OnArrival,5,110,21110,Node_674,11,0,17,11,17,,,,,,,,,
6,VISIT,703,Nearest,OnArrival,5,112,21110,Node_674,11,0,17,11,17,,,,,,,,,
6,VISIT,704,Nearest,OnArrival,5,112,21110,Node_674,11,0,17,11,17,,,,,,,,,
6,VISIT,707,Nearest,OnArrival,5,85,21110,Node_99,12,0,15,12,15,,,,,,,,,
6,VISIT,709,Nearest,OnArrival,5,43,21110,Node_233,5,0,6,5,6,,,,,,,,,
6,VISIT,710,Nearest,OnArrival,5,43,21110,Node_241,5,0,12,5,12,,,,,,,,,
6,VISIT,711,Nearest,OnArrival,5,41,21110,Node_238,5,0,10,5,10,,,,,,,,,
6,VISIT,712,Nearest,OnArrival,5,43,21110,Node_233,5,0,6,5,6,,,,,,,,,
6,VISIT,713,Nearest,OnArrival,5,36,21110,Node_99,12,0,15,12,15,,,,,,,,,
6,VISIT,714,Nearest,OnArrival,5,36,21110,Node_99,12,0,15,12,15,,,,,,,,,
6,VISIT,715,Nearest,OnArrival,5,36,21110,Node_99,12,0,15,12,15,,,,,,,,,
6,VISIT,716,Nearest,OnArrival,5,35,21110,Node_99,12,0,15,12,15,,,,,,,,,
6,VISIT,717,Nearest,OnArrival,5,7,21110,Node_129,23,0,9,23,9,,,,,,,,,
6,VISIT,718,Nearest,OnArrival,5,7,21110,Node_263,23,0,5,23,5,,,,,,,,,
6,VISIT,719,Nearest,OnArrival,5,7,21110,Node_129,23,0,9,23,9,,,,,,,,,
6,VISIT,720,Nearest,OnArrival,5,6,21110,Node_287,27,0,9,27,9,,,,,,,,,
6,VISIT,693,Nearest,OnArrival,5,176,21114,Node_44,12,0,17,12,17,,,,,,,,,
6,VISIT,696,Nearest,OnArrival,5,176,21114,Node_44,12,0,17,12,17,,,,,,,,,
6,VISIT,697,Nearest,OnArrival,5,135,21114,Node_44,12,0,17,12,17,,,,,,,,,
6,VISIT,698,Nearest,OnArrival,5,138,21114,Node_44,12,0,17,12,17,,,,,,,,,
6,VISIT,699,Nearest,OnArrival,5,135,21114,Node_44,12,0,17,12,17,,,,,,,,,
6,VISIT,700,Nearest,OnArrival,5,135,21114,Node_44,12,0,17,12,17,,,,,,,,,
6,VISIT,701,Nearest,OnArrival,5,113,21114,Node_44,12,0,17,12,17,,,,,,,,,
6,VISIT,702,Nearest,OnArrival,5,111,21114,Node_44,12,0,17,12,17,,,,,,,,,
6,VISIT,703,Nearest,OnArrival,5,113,21114,Node_44,12,0,17,12,17,,,,,,,,,
6,VISIT,704,Nearest,OnArrival,5,113,21114,Node_44,12,0,17,12,17,,,,,,,,,
6,VISIT,707,Nearest,OnArrival,5,86,21114,Node_97,12,0,14,12,14,,,,,,,,,
6,VISIT,710,Nearest,OnArrival,5,44,21114,Node_243,5,0,13,5,13,,,,,,,,,
6,VISIT,713,Nearest,OnArrival,5,37,21114,Node_97,12,0,14,12,14,,,,,,,,,
6,VISIT,714,Nearest,OnArrival,5,37,21114,Node_97,12,0,14,12,14,,,,,,,,,
6,VISIT,715,Nearest,OnArrival,5,37,21114,Node_97,12,0,14,12,14,,,,,,,,,
6,VISIT,716,Nearest,OnArrival,5,36,21114,Node_97,12,0,14,12,14,,,,,,,,,
6,VISIT,718,Nearest,OnArrival,5,8,21114,Node_265,23,0,4,23,4,,,,,,,,,
6,VISIT,720,Nearest,OnArrival,5,7,21114,Node_366,28,0,9,28,9,,,,,,,,,
6,VISIT,693,Nearest,OnArrival,5,177,21118,Node_45,12,0,16,12,16,,,,,,,,,
6,VISIT,696,Nearest,OnArrival,5,177,21118,Node_45,12,0,16,12,16,,,,,,,,,
6,VISIT,697,Nearest,OnArrival,5,136,21118,Node_45,12,0,16,12,16,,,,,,,,,
6,VISIT,698,Nearest,OnArrival,5,139,21118,Node_45,12,0,16,12,16,,,,,,,,,
6,VISIT,699,Nearest,OnArrival,5,136,21118,Node_45,12,0,16,12,16,,,,,,,,,
6,VISIT,700,Nearest,OnArrival,5,136,21118,Node_45,12,0,16,12,16,,,,,,,,,
6,VISIT,701,Nearest,OnArrival,5,114,21118,Node_45,12,0,16,12,16,,,,,,,,,
6,VISIT,702,Nearest,OnArrival,5,112,21118,Node_45,12,0,16,12,16,,,,,,,,,
6,VISIT,703,Nearest,OnArrival,5,114,21118,Node_45,12,0,16,12,16,,,,,,,,,
6,VISIT,704,Nearest,OnArrival,5,114,21118,Node_45,12,0,16,12,16,,,,,,,,,
6,VISIT,707,Nearest,OnArrival,5,87,21118,Node_38,13,0,14,13,14,,,,,,,,,
6,VISIT,710,Nearest,OnArrival,5,45,21118,Node_244,5,0,14,5,14,,,,,,,,,
6,VISIT,711,Nearest,OnArrival,5,42,21118,Node_241,5,0,12,5,12,,,,,,,,,
6,VISIT,713,Nearest,OnArrival,5,38,21118,Node_38,13,0,14,13,14,,,,,,,,,
6,VISIT,714,Nearest,OnArrival,5,38,21118,Node_38,13,0,14,13,14,,,,,,,,,
6,VISIT,715,Nearest,OnArrival,5,38,21118,Node_38,13,0,14,13,14,,,,,,,,,
6,VISIT,716,Nearest,OnArrival,5,37,21118,Node_38,13,0,14,13,14,,,,,,,,,
6,VISIT,717,Nearest,OnArrival,5,8,21118,Node_136,25,0,9,25,9,,,,,,,,,
6,VISIT,718,Nearest,OnArrival,5,9,21118,Node_267,23,0,3,23,3,,,,,,,,,
6,VISIT,719,Nearest,OnArrival,5,8,21118,Node_136,25,0,9,25,9,,,,,,,,,
6,VISIT,693,Nearest,OnArrival,5,178,21122,Node_99,12,0,15,12,15,,,,,,,,,
6,VISIT,696,Nearest,OnArrival,5,178,21122,Node_99,12,0,15,12,15,,,,,,,,,
6,VISIT,697,Nearest,OnArrival,5,137,21122,Node_99,12,0,15,12,15,,,,,,,,,
6,VISIT,698,Nearest,OnArrival,5,140,21122,Node_99,12,0,15,12,15,,,,,,,,,
6,VISIT,699,Nearest,OnArrival,5,137,21122,Node_99,12,0,15,12,15,,,,,,,,,
6,VISIT,700,Nearest,OnArrival,5,137,21122,Node_99,12,0,15,12,15,,,,,,,,,
6,VISIT,701,Nearest,OnArrival,5,115,21122,Node_99,12,0,15,12,15,,,,,,,,,
6,VISIT,702,Nearest,OnArrival,5,113,21122,Node_99,12,0,15,12,15,,,,,,,,,
6,VISIT,703,Nearest,OnArrival,5,115,21122,Node_99,12,0,15,12,15,,,,,,,,,
6,VISIT,704,Nearest,OnArrival,5,115,21122,Node_99,12,0,15,12,15,,,,,,,,,
6,VISIT,707,Nearest,OnArrival,5,88,21122,Node_37,14,0,14,14,14,,,,,,,,,
6,VISIT,709,Nearest,OnArrival,5,44,21122,Node_237,5,0,9,5,9,,,,,,,,,
6,VISIT,710,Nearest,OnArrival,5,46,21122,Node_245,5,0,15,5,15,,,,,,,,,
6,VISIT,711,Nearest,OnArrival,5,43,21122,Node_243,5,0,13,5,13,,,,,,,,,
6,VISIT,712,Nearest,OnArrival,5,44,21122,Node_237,5,0,9,5,9,,,,,,,,,
6,VISIT,713,Nearest,OnArrival,5,39,21122,Node_37,14,0,14,14,14,,,,,,,,,
6,VISIT,714,Nearest,OnArrival,5,39,21122,Node_37,14,0,14,14,14,,,,,,,,,
6,VISIT,715,Nearest,OnArrival,5,39,21122,Node_37,14,0,14,14,14,,,,,,,,,
6,VISIT,716,Nearest,OnArrival,5,38,21122,Node_37,14,0,14,14,14,,,,,,,,,
6,VISIT,717,Nearest,OnArrival,5,9,21122,Node_248,26,0,9,26,9,,,,,,,,,
6,VISIT,718,Nearest,OnArrival,5,10,21122,Node_269,23,0,2,23,2,,,,,,,,,
6,VISIT,719,Nearest,OnArrival,5,9,21122,Node_248,26,0,9,26,9,,,,,,,,,
6,VISIT,720,Nearest,OnArrival,5,8,21122,Node_376,30,0,9,30,9,,,,,,,,,
6,VISIT,693,Nearest,OnArrival,5,179,21126,Node_97,12,0,14,12,14,,,,,,,,,
6,VISIT,696,Nearest,OnArrival,5,179,21126,Node_97,12,0,14,12,14,,,,,,,,,
6,VISIT,697,Nearest,OnArrival,5,138,21126,Node_97,12,0,14,12,14,,,,,,,,,
6,VISIT,698,Nearest,OnArrival,5,141,21126,Node_97,12,0,14,12,14,,,,,,,,,
6,VISIT,699,Nearest,OnArrival,5,138,21126,Node_97,12,0,14,12,14,,,,,,,,,
6,VISIT,700,Nearest,OnArrival,5,138,21126,Node_97,12,0,14,12,14,,,,,,,,,
6,VISIT,701,Nearest,OnArrival,5,116,21126,Node_97,12,0,14,12,14,,,,,,,,,
6,VISIT,702,Nearest,OnArrival,5,114,21126,Node_97,12,0,14,12,14,,,,,,,,,
6,VISIT,703,Nearest,OnArrival,5,116,21126,Node_97,12,0,14,12,14,,,,,,,,,
6,VISIT,704,Nearest,OnArrival,5,116,21126,Node_97,12,0,14,12,14,,,,,,,,,
6,VISIT,707,Nearest,OnArrival,5,89,21126,Node_140,15,0,14,15,14,,,,,,,,,
6,VISIT,709,Nearest,OnArrival,5,45,21126,Node_238,5,0,10,5,10,,,,,,,,,
6,VISIT,710,Nearest,OnArrival,5,47,21126,Node_582,5,0,16,5,16,,,,,,,,,
6,VISIT,711,Nearest,OnArrival,5,44,21126,Node_244,5,0,14,5,14,,,,,,,,,
6,VISIT,712,Nearest,OnArrival,5,45,21126,Node_238,5,0,10,5,10,,,,,,,,,
6,VISIT,713,Nearest,OnArrival,5,40,21126,Node_140,15,0,14,15,14,,,,,,,,,
6,VISIT,714,Nearest,OnArrival,5,40,21126,Node_140,15,0,14,15,14,,,,,,,,,
6,VISIT,715,Nearest,OnArrival,5,40,21126,Node_140,15,0,14,15,14,,,,,,,,,
6,VISIT,716,Nearest,OnArrival,5,39,21126,Node_140,15,0,14,15,14,,,,,,,,,
6,VISIT,717,Nearest,OnArrival,5,10,21126,Node_287,27,0,9,27,9,,,,,,,,,
6,VISIT,718,Nearest,OnArrival,5,11,21126,Node_264,24,0,2,24,2,,,,,,,,,
6,VISIT,719,Nearest,OnArrival,5,10,21126,Node_287,27,0,9,27,9,,,,,,,,,
6,VISIT,693,Nearest,OnArrival,5,180,21130,Node_38,13,0,14,13,14,,,,,,,,,
6,VISIT,696,Nearest,OnArrival,5,180,21130,Node_38,13,0,14,13,14,,,,,,,,,
6,VISIT,697,Nearest,OnArrival,5,139,21130,Node_38,13,0,14,13,14,,,,,,,,,
6,VISIT,698,Nearest,OnArrival,5,142,21130,Node_38,13,0,14,13,14,,,,,,,,,
6,VISIT,699,Nearest,OnArrival,5,139,21130,Node_38,13,0,14,13,14,,,,,,,,,
6,VISIT,700,Nearest,OnArrival,5,139,21130,Node_38,13,0,14,13,14,,,,,,,,,
6,VISIT,701,Nearest,OnArrival,5,117,21130,Node_38,13,0,14,13,14,,,,,,,,,
6,VISIT,702,Nearest,OnArrival,5,115,21130,Node_38,13,0,14,13,14,,,,,,,,,
6,VISIT,703,Nearest,OnArrival,5,117,21130,Node_38,13,0,14,13,14,,,,,,,,,
6,VISIT,704,Nearest,OnArrival,5,117,21130,Node_38,13,0,14,13,14,,,,,,,,,
6,VISIT,707,Nearest,OnArrival,5,90,21130,Node_160,16,0,14,16,14,,,,,,,,,
6,VISIT,710,Nearest,OnArrival,5,48,21130,Node_554,5,0,17,5,17,,,,,,,,,
6,VISIT,711,Nearest,OnArrival,5,45,21130,Node_245,5,0,15,5,15,,,,,,,,,
6,VISIT,713,Nearest,OnArrival,5,41,21130,Node_160,16,0,14,16,14,,,,,,,,,
6,VISIT,714,Nearest,OnArrival,5,41,21130,Node_160,16,0,14,16,14,,,,,,,,,
6,VISIT,715,Nearest,OnArrival,5,41,21130,Node_160,16,0,14,16,14,,,,,,,,,
6,VISIT,716,Nearest,OnArrival,5,40,21130,Node_160,16,0,14,16,14,,,,,,,,,
6,VISIT,717,Nearest,OnArrival,5,11,21130,Node_366,28,0,9,28,9,,,,,,,,,
6,VISIT,718,Nearest,OnArrival,5,12,21130,Node_404,25,0,2,25,2,,,,,,,,,
6,VISIT,719,Nearest,OnArrival,5,11,21130,Node_366,28,0,9,28,9,,,,,,,,,
6,VISIT,693,Nearest,OnArrival,5,181,21134,Node_37,14,0,14,14,14,,,,,,,,,
6,VISIT,696,Nearest,OnArrival,5,181,21134,Node_37,14,0,14,14,14,,,,,,,,,
6,VISIT,697,Nearest,OnArrival,5,140,21134,Node_37,14,0,14,14,14,,,,,,,,,
6,VISIT,698,Nearest,OnArrival,5,143,21134,Node_37,14,0,14,14,14,,,,,,,,,
6,VISIT,699,Nearest,OnArrival,5,140,21134,Node_37,14,0,14,14,14,,,,,,,,,
6,VISIT,700,Nearest,OnArrival,5,140,21134,Node_37,14,0,14,14,14,,,,,,,,,
6,VISIT,701,Nearest,OnArrival,5,118,21134,Node_37,14,0,14,14,14,,,,,,,,,
6,VISIT,702,Nearest,OnArrival,5,116,21134,Node_37,14,0,14,14,14,,,,,,,,,
6,VISIT,703,Nearest,OnArrival,5,118,21134,Node_37,14,0,14,14,14,,,,,,,,,
6,VISIT,704,Nearest,OnArrival,5,118,21134,Node_37,14,0,14,14,14,,,,,,,,,
6,VISIT,707,Nearest,OnArrival,5,91,21134,Node_167,17,0,14,17,14,,,,,,,,,
6,VISIT,709,Nearest,OnArrival,5,46,21134,Node_241,5,0,12,5,12,,,,,,,,,
6,VISIT,710,Nearest,OnArrival,5,49,21134,Node_555,5,0,18,5,18,,,,,,,,,
6,VISIT,711,Nearest,OnArrival,5,46,21134,Node_582,5,0,16,5,16,,,,,,,,,
6,VISIT,712,Nearest,OnArrival,5,46,21134,Node_241,5,0,12,5,12,,,,,,,,,
6,VISIT,713,Nearest,OnArrival,5,42,21134,Node_167,17,0,14,17,14,,,,,,,,,
6,VISIT,714,Nearest,OnArrival,5,42,21134,Node_167,17,0,14,17,14,,,,,,,,,
6,VISIT,715,Nearest,OnArrival,5,42,21134,Node_167,17,0,14,17,14,,,,,,,,,
6,VISIT,716,Nearest,OnArrival,5,41,21134,Node_167,17,0,14,17,14,,,,,,,,,
6,VISIT,693,Nearest,OnArrival,5,182,21138,Node_140,15,0,14,15,14,,,,,,,,,
6,VISIT,696,Nearest,OnArrival,5,182,21138,Node_140,15,0,14,15,14,,,,,,,,,
6,VISIT,697,Nearest,OnArrival,5,141,21138,Node_140,15,0,14,15,14,,,,,,,,,
6,VISIT,698,Nearest,OnArrival,5,144,21138,Node_140,15,0,14,15,14,,,,,,,,,
6,VISIT,699,Nearest,OnArrival,5,141,21138,Node_140,15,0,14,15,14,,,,,,,,,
6,VISIT,700,Nearest,OnArrival,5,141,21138,Node_140,15,0,14,15,14,,,,,,,,,
6,VISIT,701,Nearest,OnArrival,5,119,21138,Node_140,15,0,14,15,14,,,,,,,,,
6,VISIT,702,Nearest,OnArrival,5,117,21138,Node_140,15,0,14,15,14,,,,,,,,,
6,VISIT,703,Nearest,OnArrival,5,119,21138,Node_140,15,0,14,15,14,,,,,,,,,
6,VISIT,704,Nearest,OnArrival,5,119,21138,Node_140,15,0,14,15,14,,,,,,,,,
6,VISIT,707,Nearest,OnArrival,5,92,21138,Node_133,18,0,14,18,14,,,,,,,,,
6,VISIT,709,Nearest,OnArrival,5,47,21138,Node_243,5,0,13,5,13,,,,,,,,,
6,VISIT,710,Nearest,OnArrival,5,50,21138,Node_557,5,0,19,5,19,,,,,,,,,
6,VISIT,711,Nearest,OnArrival,5,47,21138,Node_554,5,0,17,5,17,,,,,,,,,
6,VISIT,712,Nearest,OnArrival,5,47,21138,Node_243,5,0,13,5,13,,,,,,,,,
6,VISIT,713,Nearest,OnArrival,5,43,21138,Node_133,18,0,14,18,14,,,,,,,,,
6,VISIT,714,Nearest,OnArrival,5,43,21138,Node_133,18,0,14,18,14,,,,,,,,,
6,VISIT,715,Nearest,OnArrival,5,43,21138,Node_133,18,0,14,18,14,,,,,,,,,
6,VISIT,716,Nearest,OnArrival,5,42,21138,Node_133,18,0,14,18,14,,,,,,,,,
6,VISIT,717,Nearest,OnArrival,5,12,21138,Node_376,30,0,9,30,9,,,,,,,,,
6,VISIT,719,Nearest,OnArrival,5,12,21138,Node_376,30,0,9,30,9,,,,,,,,,
6,VISIT,693,Nearest,OnArrival,5,183,21142,Node_160,16,0,14,16,14,,,,,,,,,
6,VISIT,696,Nearest,OnArrival,5,183,21142,Node_160,16,0,14,16,14,,,,,,,,,
6,VISIT,697,Nearest,OnArrival,5,142,21142,Node_160,16,0,14,16,14,,,,,,,,,
6,VISIT,698,Nearest,OnArrival,5,145,21142,Node_160,16,0,14,16,14,,,,,,,,,
6,VISIT,699,Nearest,OnArrival,5,142,21142,Node_160,16,0,14,16,14,,,,,,,,,
6,VISIT,700,Nearest,OnArrival,5,142,21142,Node_160,16,0,14,16,14,,,,,,,,,
6,VISIT,701,Nearest,OnArrival,5,120,21142,Node_160,16,0,14,16,14,,,,,,,,,
6,VISIT,702,Nearest,OnArrival,5,118,21142,Node_160,16,0,14,16,14,,,,,,,,,
6,VISIT,703,Nearest,OnArrival,5,120,21142,Node_160,16,0,14,16,14,,,,,,,,,
6,VISIT,704,Nearest,OnArrival,5,120,21142,Node_160,16,0,14,16,14,,,,,,,,,
6,VISIT,709,Nearest,OnArrival,5,48,21142,Node_244,5,0,14,5,14,,,,,,,,,
6,VISIT,710,Nearest,OnArrival,5,51,21142,Node_558,5,0,20,5,20,,,,,,,,,
6,VISIT,711,Nearest,OnArrival,5,48,21142,Node_555,5,0,18,5,18,,,,,,,,,
6,VISIT,712,Nearest,OnArrival,5,48,21142,Node_244,5,0,14,5,14,,,,,,,,,
6,VISIT,693,Nearest,OnArrival,5,184,21146,Node_167,17,0,14,17,14,,,,,,,,,
6,VISIT,696,Nearest,OnArrival,5,184,21146,Node_167,17,0,14,17,14,,,,,,,,,
6,VISIT,697,Nearest,OnArrival,5,143,21146,Node_167,17,0,14,17,14,,,,,,,,,
6,VISIT,698,Nearest,OnArrival,5,146,21146,Node_167,17,0,14,17,14,,,,,,,,,
6,VISIT,699,Nearest,OnArrival,5,143,21146,Node_167,17,0,14,17,14,,,,,,,,,
6,VISIT,700,Nearest,OnArrival,5,143,21146,Node_167,17,0,14,17,14,,,,,,,,,
6,VISIT,701,Nearest,OnArrival,5,121,21146,Node_167,17,0,14,17,14,,,,,,,,,
6,VISIT,702,Nearest,OnArrival,5,119,21146,Node_167,17,0,14,17,14,,,,,,,,,
6,VISIT,703,Nearest,OnArrival,5,121,21146,Node_167,17,0,14,17,14,,,,,,,,,
6,VISIT,704,Nearest,OnArrival,5,121,21146,Node_167,17,0,14,17,14,,,,,,,,,
6,VISIT,707,Nearest,OnArrival,5,93,21146,Node_53,20,0,14,20,14,,,,,,,,,
6,VISIT,709,Nearest,OnArrival,5,49,21146,Node_245,5,0,15,5,15,,,,,,,,,
6,VISIT,710,Nearest,OnArrival,5,52,21146,Node_593,6,0,20,6,20,,,,,,,,,
6,VISIT,711,Nearest,OnArrival,5,49,21146,Node_557,5,0,19,5,19,,,,,,,,,
6,VISIT,712,Nearest,OnArrival,5,49,21146,Node_245,5,0,15,5,15,,,,,,,,,
6,VISIT,713,Nearest,OnArrival,5,44,21146,Node_53,20,0,14,20,14,,,,,,,,,
6,VISIT,714,Nearest,OnArrival,5,44,21146,Node_53,20,0,14,20,14,,,,,,,,,
6,VISIT,715,Nearest,OnArrival,5,44,21146,Node_53,20,0,14,20,14,,,,,,,,,
6,VISIT,716,Nearest,OnArrival,5,43,21146,Node_53,20,0,14,20,14,,,,,,,,,
6,VISIT,718,Nearest,OnArrival,5,13,21146,Node_422,27,0,0,27,0,,,,,,,,,
6,VISIT,720,Nearest,OnArrival,5,9,21146,Node_339,28,0,5,28,5,,,,,,,,,
6,VISIT,721,Nearest,OnArrival,5,0,21146,Node_6,19,0,12,19,12,,,,,,,,,
6,VISIT,722,Nearest,OnArrival,5,0,21146,Node_7,19,0,8,19,8,,,,,,,,,
6,VISIT,723,Nearest,OnArrival,5,0,21146,Node_8,17,0,10,17,10,,,,,,,,,
6,VISIT,724,Nearest,OnArrival,5,0,21146,Node_9,21,0,10,21,10,,,,,,,,,
6,VISIT,693,Nearest,OnArrival,5,185,21150,Node_133,18,0,14,18,14,,,,,,,,,
6,VISIT,696,Nearest,OnArrival,5,185,21150,Node_133,18,0,14,18,14,,,,,,,,,
6,VISIT,697,Nearest,OnArrival,5,144,21150,Node_133,18,0,14,18,14,,,,,,,,,
6,VISIT,698,Nearest,OnArrival,5,147,21150,Node_133,18,0,14,18,14,,,,,,,,,
6,VISIT,699,Nearest,OnArrival,5,144,21150,Node_133,18,0,14,18,14,,,,,,,,,
6,VISIT,700,Nearest,OnArrival,5,144,21150,Node_133,18,0,14,18,14,,,,,,,,,
6,VISIT,701,Nearest,OnArrival,5,122,21150,Node_133,18,0,14,18,14,,,,,,,,,
6,VISIT,702,Nearest,OnArrival,5,120,21150,Node_133,18,0,14,18,14,,,,,,,,,
6,VISIT,703,Nearest,OnArrival,5,122,21150,Node_133,18,0,14,18,14,,,,,,,,,
6,VISIT,704,Nearest,OnArrival,5,122,21150,Node_133,18,0,14,18,14,,,,,,,,,
6,VISIT,707,Nearest,OnArrival,5,94,21150,Node_49,20,0,13,20,13,,,,,,,,,
6,VISIT,709,Nearest,OnArrival,5,50,21150,Node_582,5,0,16,5,16,,,,,,,,,
6,VISIT,710,Nearest,OnArrival,5,53,21150,Node_598,7,0,20,7,20,,,,,,,,,
6,VISIT,711,Nearest,OnArrival,5,50,21150,Node_558,5,0,20,5,20,,,,,,,,,
6,VISIT,712,Nearest,OnArrival,5,50,21150,Node_582,5,0,16,5,16,,,,,,,,,
6,VISIT,713,Nearest,OnArrival,5,45,21150,Node_49,20,0,13,20,13,,,,,,,,,
6,VISIT,714,Nearest,OnArrival,5,45,21150,Node_49,20,0,13,20,13,,,,,,,,,
6,VISIT,715,Nearest,OnArrival,5,45,21150,Node_49,20,0,13,20,13,,,,,,,,,
6,VISIT,716,Nearest,OnArrival,5,44,21150,Node_49,20,0,13,20,13,,,,,,,,,
6,VISIT,717,Nearest,OnArrival,5,13,21150,Node_380,31,0,11,31,11,,,,,,,,,
6,VISIT,718,Nearest,OnArrival,5,14,21150,Node_350,28,0,0,28,0,,,,,,,,,
6,VISIT,719,Nearest,OnArrival,5,13,21150,Node_380,31,0,11,31,11,,,,,,,,,
6,VISIT,721,Nearest,OnArrival,5,1,21150,Node_2,19,0,11,19,11,,,,,,,,,
6,VISIT,722,Nearest,OnArrival,5,1,21150,Node_47,20,0,8,20,8,,,,,,,,,
6,VISIT,723,Nearest,OnArrival,5,1,21150,Node_4,18,0,10,18,10,,,,,,,,,
6,VISIT,724,Nearest,OnArrival,5,1,21150,Node_48,21,0,9,21,9,,,,,,,,,
6,VISIT,707,Nearest,OnArrival,5,95,21154,Node_46,20,0,12,20,12,,,,,,,,,
6,VISIT,709,Nearest,OnArrival,5,51,21154,Node_554,5,0,17,5,17,,,,,,,,,
6,VISIT,710,Nearest,OnArrival,5,54,21154,Node_603,8,0,20,8,20,,,,,,,,,
6,VISIT,711,Nearest,OnArrival,5,51,21154,Node_593,6,0,20,6,20,,,,,,,,,
6,VISIT,712,Nearest,OnArrival,5,51,21154,Node_554,5,0,17,5,17,,,,,,,,,
6,VISIT,713,Nearest,OnArrival,5,46,21154,Node_46,20,0,12,20,12,,,,,,,,,
6,VISIT,714,Nearest,OnArrival,5,46,21154,Node_46,20,0,12,20,12,,,,,,,,,
6,VISIT,715,Nearest,OnArrival,5,46,21154,Node_46,20,0,12,20,12,,,,,,,,,
6,VISIT,716,Nearest,OnArrival,5,45,21154,Node_46,20,0,12,20,12,,,,,,,,,
6,VISIT,718,Nearest,OnArrival,5,15,21154,Node_348,28,0,1,28,1,,,,,,,,,
6,VISIT,720,Nearest,OnArrival,5,10,21154,Node_344,28,0,3,28,3,,,,,,,,,
6,VISIT,721,Nearest,OnArrival,5,2,21154,Node_20,19,0,10,19,10,,,,,,,,,
6,VISIT,722,Nearest,OnArrival,5,2,21154,Node_52,21,0,8,21,8,,,,,,,,,
6,VISIT,723,Nearest,OnArrival,5,2,21154,Node_15,18,0,9,18,9,,,,,,,,,
6,VISIT,724,Nearest,OnArrival,5,2,21154,Node_52,21,0,8,21,8,,,,,,,,,
6,VISIT,693,Nearest,OnArrival,5,186,21158,Node_53,20,0,14,20,14,,,,,,,,,
6,VISIT,696,Nearest,OnArrival,5,186,21158,Node_53,20,0,14,20,14,,,,,,,,,
6,VISIT,697,Nearest,OnArrival,5,145,21158,Node_53,20,0,14,20,14,,,,,,,,,
6,VISIT,698,Nearest,OnArrival,5,148,21158,Node_53,20,0,14,20,14,,,,,,,,,
6,VISIT,699,Nearest,OnArrival,5,145,21158,Node_53,20,0,14,20,14,,,,,,,,,
6,VISIT,700,Nearest,OnArrival,5,145,21158,Node_53,20,0,14,20,14,,,,,,,,,
6,VISIT,701,Nearest,OnArrival,5,123,21158,Node_53,20,0,14,20,14,,,,,,,,,
6,VISIT,702,Nearest,OnArrival,5,121,21158,Node_53,20,0,14,20,14,,,,,,,,,
6,VISIT,703,Nearest,OnArrival,5,123,21158,Node_53,20,0,14,20,14,,,,,,,,,
6,VISIT,704,Nearest,OnArrival,5,123,21158,Node_53,20,0,14,20,14,,,,,,,,,
6,VISIT,707,Nearest,OnArrival,5,96,21158,Node_57,20,0,11,20,11,,,,,,,,,
6,VISIT,709,Nearest,OnArrival,5,52,21158,Node_555,5,0,18,5,18,,,,,,,,,
6,VISIT,710,Nearest,OnArrival,5,55,21158,Node_606,8,0,21,8,21,,,,,,,,,
6,VISIT,711,Nearest,OnArrival,5,52,21158,Node_598,7,0,20,7,20,,,,,,,,,
6,VISIT,712,Nearest,OnArrival,5,52,21158,Node_555,5,0,18,5,18,,,,,,,,,
6,VISIT,713,Nearest,OnArrival,5,47,21158,Node_57,20,0,11,20,11,,,,,,,,,
6,VISIT,714,Nearest,OnArrival,5,47,21158,Node_57,20,0,11,20,11,,,,,,,,,
6,VISIT,715,Nearest,OnArrival,5,47,21158,Node_57,20,0,11,20,11,,,,,,,,,
6,VISIT,716,Nearest,OnArrival,5,46,21158,Node_57,20,0,11,20,11,,,,,,,,,
6,VISIT,718,Nearest,OnArrival,5,16,21158,Node_711,27,0,1,27,1,,,,,,,,,
6,VISIT,721,Nearest,OnArrival,5,3,21158,Node_3,19,0,9,19,9,,,,,,,,,
6,VISIT,722,Nearest,OnArrival,5,3,21158,Node_55,21,0,7,21,7,,,,,,,,,
6,VISIT,723,Nearest,OnArrival,5,3,21158,Node_11,18,0,8,18,8,,,,,,,,,
6,VISIT,724,Nearest,OnArrival,5,3,21158,Node_55,21,0,7,21,7,,,,,,,,,
6,VISIT,693,Nearest,OnArrival,5,187,21162,Node_49,20,0,13,20,13,,,,,,,,,
6,VISIT,696,Nearest,OnArrival,5,187,21162,Node_49,20,0,13,20,13,,,,,,,,,
6,VISIT,697,Nearest,OnArrival,5,146,21162,Node_49,20,0,13,20,13,,,,,,,,,
6,VISIT,698,Nearest,OnArrival,5,149,21162,Node_49,20,0,13,20,13,,,,,,,,,
6,VISIT,699,Nearest,OnArrival,5,146,21162,Node_49,20,0,13,20,13,,,,,,,,,
6,VISIT,700,Nearest,OnArrival,5,146,21162,Node_49,20,0,13,20,13,,,,,,,,,
6,VISIT,701,Nearest,OnArrival,5,124,21162,Node_49,20,0,13,20,13,,,,,,,,,
6,VISIT,702,Nearest,OnArrival,5,122,21162,Node_49,20,0,13,20,13,,,,,,,,,
6,VISIT,703,Nearest,OnArrival,5,124,21162,Node_49,20,0,13,20,13,,,,,,,,,
6,VISIT,704,Nearest,OnArrival,5,124,21162,Node_49,20,0,13,20,13,,,,,,,,,
6,VISIT,707,Nearest,OnArrival,5,97,21162,Node_5,20,0,10,20,10,,,,,,,,,
6,VISIT,709,Nearest,OnArrival,5,53,21162,Node_557,5,0,19,5,19,,,,,,,,,
6,VISIT,710,Nearest,OnArrival,5,56,21162,Node_607,8,0,22,8,22,,,,,,,,,
6,VISIT,711,Nearest,OnArrival,5,53,21162,Node_603,8,0,20,8,20,,,,,,,,,
6,VISIT,712,Nearest,OnArrival,5,53,21162,Node_557,5,0,19,5,19,,,,,,,,,
6,VISIT,713,Nearest,OnArrival,5,48,21162,Node_5,20,0,10,20,10,,,,,,,,,
6,VISIT,714,Nearest,OnArrival,5,48,21162,Node_5,20,0,10,20,10,,,,,,,,,
6,VISIT,715,Nearest,OnArrival,5,48,21162,Node_5,20,0,10,20,10,,,,,,,,,
6,VISIT,716,Nearest,OnArrival,5,47,21162,Node_5,20,0,10,20,10,,,,,,,,,
6,VISIT,718,Nearest,OnArrival,5,17,21162,Node_708,27,0,2,27,2,,,,,,,,,
6,VISIT,721,Nearest,OnArrival,5,4,21162,Node_7,19,0,8,19,8,,,,,,,,,
6,VISIT,722,Nearest,OnArrival,5,4,21162,Node_59,21,0,6,21,6,,,,,,,,,
6,VISIT,723,Nearest,OnArrival,5,4,21162,Node_7,19,0,8,19,8,,,,,,,,,
6,VISIT,724,Nearest,OnArrival,5,4,21162,Node_59,21,0,6,21,6,,,,,,,,,
6,VISIT,693,Nearest,OnArrival,5,188,21166,Node_46,20,0,12,20,12,,,,,,,,,
6,VISIT,696,Nearest,OnArrival,5,188,21166,Node_46,20,0,12,20,12,,,,,,,,,
6,VISIT,697,Nearest,OnArrival,5,147,21166,Node_46,20,0,12,20,12,,,,,,,,,
6,VISIT,698,Nearest,OnArrival,5,150,21166,Node_46,20,0,12,20,12,,,,,,,,,
6,VISIT,699,Nearest,OnArrival,5,147,21166,Node_46,20,0,12,20,12,,,,,,,,,
6,VISIT,700,Nearest,OnArrival,5,147,21166,Node_46,20,0,12,20,12,,,,,,,,,
6,VISIT,701,Nearest,OnArrival,5,125,21166,Node_46,20,0,12,20,12,,,,,,,,,
6,VISIT,702,Nearest,OnArrival,5,123,21166,Node_46,20,0,12,20,12,,,,,,,,,
6,VISIT,703,Nearest,OnArrival,5,125,21166,Node_46,20,0,12,20,12,,,,,,,,,
6,VISIT,704,Nearest,OnArrival,5,125,21166,Node_46,20,0,12,20,12,,,,,,,,,
6,VISIT,707,Nearest,OnArrival,5,98,21166,Node_9,21,0,10,21,10,,,,,,,,,
6,VISIT,709,Nearest,OnArrival,5,54,21166,Node_558,5,0,20,5,20,,,,,,,,,
6,VISIT,710,Nearest,OnArrival,5,57,21166,Node_608,7,0,22,7,22,,,,,,,,,
6,VISIT,711,Nearest,OnArrival,5,54,21166,Node_606,8,0,21,8,21,,,,,,,,,
6,VISIT,712,Nearest,OnArrival,5,54,21166,Node_558,5,0,20,5,20,,,,,,,,,
6,VISIT,713,Nearest,OnArrival,5,49,21166,Node_9,21,0,10,21,10,,,,,,,,,
6,VISIT,714,Nearest,OnArrival,5,49,21166,Node_9,21,0,10,21,10,,,,,,,,,
6,VISIT,715,Nearest,OnArrival,5,49,21166,Node_9,21,0,10,21,10,,,,,,,,,
6,VISIT,716,Nearest,OnArrival,5,48,21166,Node_9,21,0,10,21,10,,,,,,,,,
6,VISIT,718,Nearest,OnArrival,5,18,21166,Node_346,28,0,2,28,2,,,,,,,,,
6,VISIT,721,Nearest,OnArrival,5,5,21166,Node_47,20,0,8,20,8,,,,,,,,,
6,VISIT,722,Nearest,OnArrival,5,5,21166,Node_61,21,0,5,21,5,,,,,,,,,
6,VISIT,723,Nearest,OnArrival,5,5,21166,Node_47,20,0,8,20,8,,,,,,,,,
6,VISIT,724,Nearest,OnArrival,5,5,21166,Node_61,21,0,5,21,5,,,,,,,,,
6,VISIT,693,Nearest,OnArrival,5,189,21170,Node_57,20,0,11,20,11,,,,,,,,,
6,VISIT,696,Nearest,OnArrival,5,189,21170,Node_57,20,0,11,20,11,,,,,,,,,
6,VISIT,697,Nearest,OnArrival,5,148,21170,Node_57,20,0,11,20,11,,,,,,,,,
6,VISIT,698,Nearest,OnArrival,5,151,21170,Node_57,20,0,11,20,11,,,,,,,,,
6,VISIT,699,Nearest,OnArrival,5,148,21170,Node_57,20,0,11,20,11,,,,,,,,,
6,VISIT,700,Nearest,OnArrival,5,148,21170,Node_57,20,0,11,20,11,,,,,,,,,
6,VISIT,701,Nearest,OnArrival,5,126,21170,Node_57,20,0,11,20,11,,,,,,,,,
6,VISIT,702,Nearest,OnArrival,5,124,21170,Node_57,20,0,11,20,11,,,,,,,,,
6,VISIT,703,Nearest,OnArrival,5,126,21170,Node_57,20,0,11,20,11,,,,,,,,,
6,VISIT,704,Nearest,OnArrival,5,126,21170,Node_57,20,0,11,20,11,,,,,,,,,
6,VISIT,707,Nearest,OnArrival,5,99,21170,Node_48,21,0,9,21,9,,,,,,,,,
6,VISIT,709,Nearest,OnArrival,5,55,21170,Node_593,6,0,20,6,20,,,,,,,,,
6,VISIT,710,Nearest,OnArrival,5,58,21170,Node_610,7,0,23,7,23,,,,,,,,,
6,VISIT,711,Nearest,OnArrival,5,55,21170,Node_607,8,0,22,8,22,,,,,,,,,
6,VISIT,712,Nearest,OnArrival,5,55,21170,Node_593,6,0,20,6,20,,,,,,,,,
6,VISIT,713,Nearest,OnArrival,5,50,21170,Node_48,21,0,9,21,9,,,,,,,,,
6,VISIT,714,Nearest,OnArrival,5,50,21170,Node_48,21,0,9,21,9,,,,,,,,,
6,VISIT,715,Nearest,OnArrival,5,50,21170,Node_48,21,0,9,21,9,,,,,,,,,
6,VISIT,716,Nearest,OnArrival,5,49,21170,Node_48,21,0,9,21,9,,,,,,,,,
6,VISIT,718,Nearest,OnArrival,5,19,21170,Node_717,29,0,2,29,2,,,,,,,,,
6,VISIT,720,Nearest,OnArrival,5,11,21170,Node_348,28,0,1,28,1,,,,,,,,,
6,VISIT,721,Nearest,OnArrival,5,6,21170,Node_52,21,0,8,21,8,,,,,,,,,
6,VISIT,722,Nearest,OnArrival,5,6,21170,Node_132,22,0,5,22,5,,,,,,,,,
6,VISIT,723,Nearest,OnArrival,5,6,21170,Node_52,21,0,8,21,8,,,,,,,,,
6,VISIT,724,Nearest,OnArrival,5,6,21170,Node_132,22,0,5,22,5,,,,,,,,,
6,VISIT,693,Nearest,OnArrival,5,190,21174,Node_5,20,0,10,20,10,,,,,,,,,
6,VISIT,696,Nearest,OnArrival,5,190,21174,Node_5,20,0,10,20,10,,,,,,,,,
6,VISIT,697,Nearest,OnArrival,5,149,21174,Node_5,20,0,10,20,10,,,,,,,,,
6,VISIT,698,Nearest,OnArrival,5,152,21174,Node_5,20,0,10,20,10,,,,,,,,,
6,VISIT,699,Nearest,OnArrival,5,149,21174,Node_5,20,0,10,20,10,,,,,,,,,
6,VISIT,700,Nearest,OnArrival,5,149,21174,Node_5,20,0,10,20,10,,,,,,,,,
6,VISIT,701,Nearest,OnArrival,5,127,21174,Node_5,20,0,10,20,10,,,,,,,,,
6,VISIT,702,Nearest,OnArrival,5,125,21174,Node_5,20,0,10,20,10,,,,,,,,,
6,VISIT,703,Nearest,OnArrival,5,127,21174,Node_5,20,0,10,20,10,,,,,,,,,
6,VISIT,704,Nearest,OnArrival,5,127,21174,Node_5,20,0,10,20,10,,,,,,,,,
6,VISIT,707,Nearest,OnArrival,5,100,21174,Node_52,21,0,8,21,8,,,,,,,,,
6,VISIT,709,Nearest,OnArrival,5,56,21174,Node_598,7,0,20,7,20,,,,,,,,,
6,VISIT,710,Nearest,OnArrival,5,59,21174,Node_612,6,0,23,6,23,,,,,,,,,
6,VISIT,711,Nearest,OnArrival,5,56,21174,Node_608,7,0,22,7,22,,,,,,,,,
6,VISIT,712,Nearest,OnArrival,5,56,21174,Node_598,7,0,20,7,20,,,,,,,,,
6,VISIT,713,Nearest,OnArrival,5,51,21174,Node_52,21,0,8,21,8,,,,,,,,,
6,VISIT,714,Nearest,OnArrival,5,51,21174,Node_52,21,0,8,21,8,,,,,,,,,
6,VISIT,715,Nearest,OnArrival,5,51,21174,Node_52,21,0,8,21,8,,,,,,,,,
6,VISIT,716,Nearest,OnArrival,5,50,21174,Node_52,21,0,8,21,8,,,,,,,,,
6,VISIT,718,Nearest,OnArrival,5,20,21174,Node_715,29,0,3,29,3,,,,,,,,,
6,VISIT,720,Nearest,OnArrival,5,12,21174,Node_346,28,0,2,28,2,,,,,,,,,
6,VISIT,721,Nearest,OnArrival,5,7,21174,Node_55,21,0,7,21,7,,,,,,,,,
6,VISIT,722,Nearest,OnArrival,5,7,21174,Node_263,23,0,5,23,5,,,,,,,,,
6,VISIT,723,Nearest,OnArrival,5,7,21174,Node_55,21,0,7,21,7,,,,,,,,,
6,VISIT,724,Nearest,OnArrival,5,7,21174,Node_263,23,0,5,23,5,,,,,,,,,
6,VISIT,693,Nearest,OnArrival,5,191,21178,Node_9,21,0,10,21,10,,,,,,,,,
6,VISIT,696,Nearest,OnArrival,5,191,21178,Node_9,21,0,10,21,10,,,,,,,,,
6,VISIT,697,Nearest,OnArrival,5,150,21178,Node_9,21,0,10,21,10,,,,,,,,,
6,VISIT,698,Nearest,OnArrival,5,153,21178,Node_9,21,0,10,21,10,,,,,,,,,
6,VISIT,699,Nearest,OnArrival,5,150,21178,Node_9,21,0,10,21,10,,,,,,,,,
6,VISIT,700,Nearest,OnArrival,5,150,21178,Node_9,21,0,10,21,10,,,,,,,,,
6,VISIT,701,Nearest,OnArrival,5,128,21178,Node_9,21,0,10,21,10,,,,,,,,,
6,VISIT,702,Nearest,OnArrival,5,126,21178,Node_9,21,0,10,21,10,,,,,,,,,
6,VISIT,703,Nearest,OnArrival,5,128,21178,Node_9,21,0,10,21,10,,,,,,,,,
6,VISIT,704,Nearest,OnArrival,5,128,21178,Node_9,21,0,10,21,10,,,,,,,,,
6,VISIT,707,Nearest,OnArrival,5,101,21178,Node_55,21,0,7,21,7,,,,,,,,,
6,VISIT,709,Nearest,OnArrival,5,57,21178,Node_603,8,0,20,8,20,,,,,,,,,
6,VISIT,710,Nearest,OnArrival,5,60,21178,Node_614,6,0,24,6,24,,,,,,,,,
6,VISIT,711,Nearest,OnArrival,5,57,21178,Node_610,7,0,23,7,23,,,,,,,,,
6,VISIT,712,Nearest,OnArrival,5,57,21178,Node_603,8,0,20,8,20,,,,,,,,,
6,VISIT,713,Nearest,OnArrival,5,52,21178,Node_55,21,0,7,21,7,,,,,,,,,
6,VISIT,714,Nearest,OnArrival,5,52,21178,Node_55,21,0,7,21,7,,,,,,,,,
6,VISIT,715,Nearest,OnArrival,5,52,21178,Node_55,21,0,7,21,7,,,,,,,,,
6,VISIT,716,Nearest,OnArrival,5,51,21178,Node_55,21,0,7,21,7,,,,,,,,,
6,VISIT,720,Nearest,OnArrival,5,13,21178,Node_344,28,0,3,28,3,,,,,,,,,
6,VISIT,721,Nearest,OnArrival,5,8,21178,Node_59,21,0,6,21,6,,,,,,,,,
6,VISIT,722,Nearest,OnArrival,5,8,21178,Node_265,23,0,4,23,4,,,,,,,,,
6,VISIT,723,Nearest,OnArrival,5,8,21178,Node_59,21,0,6,21,6,,,,,,,,,
6,VISIT,724,Nearest,OnArrival,5,8,21178,Node_265,23,0,4,23,4,,,,,,,,,
6,VISIT,693,Nearest,OnArrival,5,192,21182,Node_48,21,0,9,21,9,,,,,,,,,
6,VISIT,696,Nearest,OnArrival,5,192,21182,Node_48,21,0,9,21,9,,,,,,,,,
6,VISIT,697,Nearest,OnArrival,5,151,21182,Node_48,21,0,9,21,9,,,,,,,,,
6,VISIT,698,Nearest,OnArrival,5,154,21182,Node_48,21,0,9,21,9,,,,,,,,,
6,VISIT,699,Nearest,OnArrival,5,151,21182,Node_48,21,0,9,21,9,,,,,,,,,
6,VISIT,700,Nearest,OnArrival,5,151,21182,Node_48,21,0,9,21,9,,,,,,,,,
6,VISIT,701,Nearest,OnArrival,5,129,21182,Node_48,21,0,9,21,9,,,,,,,,,
6,VISIT,702,Nearest,OnArrival,5,127,21182,Node_48,21,0,9,21,9,,,,,,,,,
6,VISIT,703,Nearest,OnArrival,5,129,21182,Node_48,21,0,9,21,9,,,,,,,,,
6,VISIT,704,Nearest,OnArrival,5,129,21182,Node_48,21,0,9,21,9,,,,,,,,,
6,VISIT,707,Nearest,OnArrival,5,102,21182,Node_59,21,0,6,21,6,,,,,,,,,
6,VISIT,709,Nearest,OnArrival,5,58,21182,Node_606,8,0,21,8,21,,,,,,,,,
6,VISIT,710,Nearest,OnArrival,5,61,21182,Node_624,5,0,24,5,24,,,,,,,,,
6,VISIT,711,Nearest,OnArrival,5,58,21182,Node_612,6,0,23,6,23,,,,,,,,,
6,VISIT,712,Nearest,OnArrival,5,58,21182,Node_606,8,0,21,8,21,,,,,,,,,
6,VISIT,713,Nearest,OnArrival,5,53,21182,Node_59,21,0,6,21,6,,,,,,,,,
6,VISIT,714,Nearest,OnArrival,5,53,21182,Node_59,21,0,6,21,6,,,,,,,,,
6,VISIT,715,Nearest,OnArrival,5,53,21182,Node_59,21,0,6,21,6,,,,,,,,,
6,VISIT,716,Nearest,OnArrival,5,52,21182,Node_59,21,0,6,21,6,,,,,,,,,
6,VISIT,720,Nearest,OnArrival,5,14,21182,Node_715,29,0,3,29,3,,,,,,,,,
6,VISIT,721,Nearest,OnArrival,5,9,21182,Node_61,21,0,5,21,5,,,,,,,,,
6,VISIT,722,Nearest,OnArrival,5,9,21182,Node_267,23,0,3,23,3,,,,,,,,,
6,VISIT,723,Nearest,OnArrival,5,9,21182,Node_61,21,0,5,21,5,,,,,,,,,
6,VISIT,724,Nearest,OnArrival,5,9,21182,Node_267,23,0,3,23,3,,,,,,,,,
6,VISIT,693,Nearest,OnArrival,5,193,21186,Node_52,21,0,8,21,8,,,,,,,,,
6,VISIT,696,Nearest,OnArrival,5,193,21186,Node_52,21,0,8,21,8,,,,,,,,,
6,VISIT,697,Nearest,OnArrival,5,152,21186,Node_52,21,0,8,21,8,,,,,,,,,
6,VISIT,698,Nearest,OnArrival,5,155,21186,Node_52,21,0,8,21,8,,,,,,,,,
6,VISIT,699,Nearest,OnArrival,5,152,21186,Node_52,21,0,8,21,8,,,,,,,,,
6,VISIT,700,Nearest,OnArrival,5,152,21186,Node_52,21,0,8,21,8,,,,,,,,,
6,VISIT,701,Nearest,OnArrival,5,130,21186,Node_52,21,0,8,21,8,,,,,,,,,
6,VISIT,702,Nearest,OnArrival,5,128,21186,Node_52,21,0,8,21,8,,,,,,,,,
6,VISIT,703,Nearest,OnArrival,5,130,21186,Node_52,21,0,8,21,8,,,,,,,,,
6,VISIT,704,Nearest,OnArrival,5,130,21186,Node_52,21,0,8,21,8,,,,,,,,,
6,VISIT,707,Nearest,OnArrival,5,103,21186,Node_61,21,0,5,21,5,,,,,,,,,
6,VISIT,709,Nearest,OnArrival,5,59,21186,Node_607,8,0,22,8,22,,,,,,,,,
6,VISIT,710,Nearest,OnArrival,5,62,21186,Node_614,6,0,24,6,24,,,,,,,,,
6,VISIT,711,Nearest,OnArrival,5,59,21186,Node_614,6,0,24,6,24,,,,,,,,,
6,VISIT,712,Nearest,OnArrival,5,59,21186,Node_607,8,0,22,8,22,,,,,,,,,
6,VISIT,713,Nearest,OnArrival,5,54,21186,Node_61,21,0,5,21,5,,,,,,,,,
6,VISIT,714,Nearest,OnArrival,5,54,21186,Node_61,21,0,5,21,5,,,,,,,,,
6,VISIT,715,Nearest,OnArrival,5,54,21186,Node_61,21,0,5,21,5,,,,,,,,,
6,VISIT,716,Nearest,OnArrival,5,53,21186,Node_61,21,0,5,21,5,,,,,,,,,
6,VISIT,721,Nearest,OnArrival,5,10,21186,Node_132,22,0,5,22,5,,,,,,,,,
6,VISIT,722,Nearest,OnArrival,5,10,21186,Node_269,23,0,2,23,2,,,,,,,,,
6,VISIT,723,Nearest,OnArrival,5,10,21186,Node_132,22,0,5,22,5,,,,,,,,,
6,VISIT,724,Nearest,OnArrival,5,10,21186,Node_269,23,0,2,23,2,,,,,,,,,
6,VISIT,693,Nearest,OnArrival,5,194,21190,Node_55,21,0,7,21,7,,,,,,,,,
6,VISIT,696,Nearest,OnArrival,5,194,21190,Node_55,21,0,7,21,7,,,,,,,,,
6,VISIT,697,Nearest,OnArrival,5,153,21190,Node_55,21,0,7,21,7,,,,,,,,,
6,VISIT,698,Nearest,OnArrival,5,156,21190,Node_55,21,0,7,21,7,,,,,,,,,
6,VISIT,699,Nearest,OnArrival,5,153,21190,Node_55,21,0,7,21,7,,,,,,,,,
6,VISIT,700,Nearest,OnArrival,5,153,21190,Node_55,21,0,7,21,7,,,,,,,,,
6,VISIT,701,Nearest,OnArrival,5,131,21190,Node_55,21,0,7,21,7,,,,,,,,,
6,VISIT,702,Nearest,OnArrival,5,129,21190,Node_55,21,0,7,21,7,,,,,,,,,
6,VISIT,703,Nearest,OnArrival,5,131,21190,Node_55,21,0,7,21,7,,,,,,,,,
6,VISIT,704,Nearest,OnArrival,5,131,21190,Node_55,21,0,7,21,7,,,,,,,,,
6,VISIT,707,Nearest,OnArrival,5,104,21190,Node_132,22,0,5,22,5,,,,,,,,,
6,VISIT,709,Nearest,OnArrival,5,60,21190,Node_608,7,0,22,7,22,,,,,,,,,
6,VISIT,710,Nearest,OnArrival,5,63,21190,Node_612,6,0,23,6,23,,,,,,,,,
6,VISIT,711,Nearest,OnArrival,5,60,21190,Node_624,5,0,24,5,24,,,,,,,,,
6,VISIT,712,Nearest,OnArrival,5,60,21190,Node_608,7,0,22,7,22,,,,,,,,,
6,VISIT,713,Nearest,OnArrival,5,55,21190,Node_132,22,0,5,22,5,,,,,,,,,
6,VISIT,714,Nearest,OnArrival,5,55,21190,Node_132,22,0,5,22,5,,,,,,,,,
6,VISIT,715,Nearest,OnArrival,5,55,21190,Node_132,22,0,5,22,5,,,,,,,,,
6,VISIT,716,Nearest,OnArrival,5,54,21190,Node_132,22,0,5,22,5,,,,,,,,,
6,VISIT,721,Nearest,OnArrival,5,11,21190,Node_263,23,0,5,23,5,,,,,,,,,
6,VISIT,722,Nearest,OnArrival,5,11,21190,Node_268,23,0,1,23,1,,,,,,,,,
6,VISIT,723,Nearest,OnArrival,5,11,21190,Node_263,23,0,5,23,5,,,,,,,,,
6,VISIT,724,Nearest,OnArrival,5,11,21190,Node_268,23,0,1,23,1,,,,,,,,,
6,VISIT,693,Nearest,OnArrival,5,195,21194,Node_59,21,0,6,21,6,,,,,,,,,
6,VISIT,696,Nearest,OnArrival,5,195,21194,Node_59,21,0,6,21,6,,,,,,,,,
6,VISIT,697,Nearest,OnArrival,5,154,21194,Node_59,21,0,6,21,6,,,,,,,,,
6,VISIT,698,Nearest,OnArrival,5,157,21194,Node_59,21,0,6,21,6,,,,,,,,,
6,VISIT,699,Nearest,OnArrival,5,154,21194,Node_59,21,0,6,21,6,,,,,,,,,
6,VISIT,700,Nearest,OnArrival,5,154,21194,Node_59,21,0,6,21,6,,,,,,,,,
6,VISIT,701,Nearest,OnArrival,5,132,21194,Node_59,21,0,6,21,6,,,,,,,,,
6,VISIT,702,Nearest,OnArrival,5,130,21194,Node_59,21,0,6,21,6,,,,,,,,,
6,VISIT,703,Nearest,OnArrival,5,132,21194,Node_59,21,0,6,21,6,,,,,,,,,
6,VISIT,704,Nearest,OnArrival,5,132,21194,Node_59,21,0,6,21,6,,,,,,,,,
6,VISIT,707,Nearest,OnArrival,5,105,21194,Node_263,23,0,5,23,5,,,,,,,,,
6,VISIT,709,Nearest,OnArrival,5,61,21194,Node_610,7,0,23,7,23,,,,,,,,,
6,VISIT,710,Nearest,OnArrival,5,64,21194,Node_610,7,0,23,7,23,,,,,,,,,
6,VISIT,711,Nearest,OnArrival,5,61,21194,Node_614,6,0,24,6,24,,,,,,,,,
6,VISIT,712,Nearest,OnArrival,5,61,21194,Node_610,7,0,23,7,23,,,,,,,,,
6,VISIT,713,Nearest,OnArrival,5,56,21194,Node_263,23,0,5,23,5,,,,,,,,,
6,VISIT,714,Nearest,OnArrival,5,56,21194,Node_263,23,0,5,23,5,,,,,,,,,
6,VISIT,715,Nearest,OnArrival,5,56,21194,Node_263,23,0,5,23,5,,,,,,,,,
6,VISIT,716,Nearest,OnArrival,5,55,21194,Node_263,23,0,5,23,5,,,,,,,,,
6,VISIT,720,Nearest,OnArrival,5,15,21194,Node_724,32,0,3,32,3,,,,,,,,,
6,VISIT,721,Nearest,OnArrival,5,12,21194,Node_265,23,0,4,23,4,,,,,,,,,
6,VISIT,722,Nearest,OnArrival,5,12,21194,Node_270,23,0,0,23,0,,,,,,,,,
6,VISIT,723,Nearest,OnArrival,5,12,21194,Node_265,23,0,4,23,4,,,,,,,,,
6,VISIT,724,Nearest,OnArrival,5,12,21194,Node_270,23,0,0,23,0,,,,,,,,,
6,VISIT,693,Nearest,OnArrival,5,196,21198,Node_61,21,0,5,21,5,,,,,,,,,
6,VISIT,696,Nearest,OnArrival,5,196,21198,Node_61,21,0,5,21,5,,,,,,,,,
6,VISIT,697,Nearest,OnArrival,5,155,21198,Node_61,21,0,5,21,5,,,,,,,,,
6,VISIT,698,Nearest,OnArrival,5,158,21198,Node_61,21,0,5,21,5,,,,,,,,,
6,VISIT,699,Nearest,OnArrival,5,155,21198,Node_61,21,0,5,21,5,,,,,,,,,
6,VISIT,700,Nearest,OnArrival,5,155,21198,Node_61,21,0,5,21,5,,,,,,,,,
6,VISIT,701,Nearest,OnArrival,5,133,21198,Node_61,21,0,5,21,5,,,,,,,,,
6,VISIT,702,Nearest,OnArrival,5,131,21198,Node_61,21,0,5,21,5,,,,,,,,,
6,VISIT,703,Nearest,OnArrival,5,133,21198,Node_61,21,0,5,21,5,,,,,,,,,
6,VISIT,704,Nearest,OnArrival,5,133,21198,Node_61,21,0,5,21,5,,,,,,,,,
6,VISIT,707,Nearest,OnArrival,5,106,21198,Node_265,23,0,4,23,4,,,,,,,,,
6,VISIT,709,Nearest,OnArrival,5,62,21198,Node_612,6,0,23,6,23,,,,,,,,,
6,VISIT,710,Nearest,OnArrival,5,65,21198,Node_608,7,0,22,7,22,,,,,,,,,
6,VISIT,711,Nearest,OnArrival,5,62,21198,Node_612,6,0,23,6,23,,,,,,,,,
6,VISIT,712,Nearest,OnArrival,5,62,21198,Node_612,6,0,23,6,23,,,,,,,,,
6,VISIT,713,Nearest,OnArrival,5,57,21198,Node_265,23,0,4,23,4,,,,,,,,,
6,VISIT,714,Nearest,OnArrival,5,57,21198,Node_265,23,0,4,23,4,,,,,,,,,
6,VISIT,715,Nearest,OnArrival,5,57,21198,Node_265,23,0,4,23,4,,,,,,,,,
6,VISIT,716,Nearest,OnArrival,5,56,21198,Node_265,23,0,4,23,4,,,,,,,,,
6,VISIT,721,Nearest,OnArrival,5,13,21198,Node_267,23,0,3,23,3,,,,,,,,,
6,VISIT,722,Nearest,OnArrival,5,13,21198,Node_271,23,0,-1,23,-1,,,,,,,,,
6,VISIT,723,Nearest,OnArrival,5,13,21198,Node_267,23,0,3,23,3,,,,,,,,,
6,VISIT,724,Nearest,OnArrival,5,13,21198,Node_271,23,0,-1,23,-1,,,,,,,,,
6,VISIT,693,Nearest,OnArrival,5,197,21202,Node_132,22,0,5,22,5,,,,,,,,,
6,VISIT,696,Nearest,OnArrival,5,197,21202,Node_132,22,0,5,22,5,,,,,,,,,
6,VISIT,697,Nearest,OnArrival,5,156,21202,Node_132,22,0,5,22,5,,,,,,,,,
6,VISIT,698,Nearest,OnArrival,5,159,21202,Node_132,22,0,5,22,5,,,,,,,,,
6,VISIT,699,Nearest,OnArrival,5,156,21202,Node_132,22,0,5,22,5,,,,,,,,,
6,VISIT,700,Nearest,OnArrival,5,156,21202,Node_132,22,0,5,22,5,,,,,,,,,
6,VISIT,701,Nearest,OnArrival,5,134,21202,Node_132,22,0,5,22,5,,,,,,,,,
6,VISIT,702,Nearest,OnArrival,5,132,21202,Node_132,22,0,5,22,5,,,,,,,,,
6,VISIT,703,Nearest,OnArrival,5,134,21202,Node_132,22,0,5,22,5,,,,,,,,,
6,VISIT,704,Nearest,OnArrival,5,134,21202,Node_132,22,0,5,22,5,,,,,,,,,
6,VISIT,707,Nearest,OnArrival,5,107,21202,Node_267,23,0,3,23,3,,,,,,,,,
6,VISIT,709,Nearest,OnArrival,5,63,21202,Node_614,6,0,24,6,24,,,,,,,,,
6,VISIT,710,Nearest,OnArrival,5,66,21202,Node_607,8,0,22,8,22,,,,,,,,,
6,VISIT,711,Nearest,OnArrival,5,63,21202,Node_610,7,0,23,7,23,,,,,,,,,
6,VISIT,712,Nearest,OnArrival,5,63,21202,Node_614,6,0,24,6,24,,,,,,,,,
6,VISIT,713,Nearest,OnArrival,5,58,21202,Node_267,23,0,3,23,3,,,,,,,,,
6,VISIT,714,Nearest,OnArrival,5,58,21202,Node_267,23,0,3,23,3,,,,,,,,,
6,VISIT,715,Nearest,OnArrival,5,58,21202,Node_267,23,0,3,23,3,,,,,,,,,
6,VISIT,716,Nearest,OnArrival,5,57,21202,Node_267,23,0,3,23,3,,,,,,,,,
6,VISIT,721,Nearest,OnArrival,5,14,21202,Node_269,23,0,2,23,2,,,,,,,,,
6,VISIT,722,Nearest,OnArrival,5,14,21202,Node_272,23,0,-2,23,-2,,,,,,,,,
6,VISIT,723,Nearest,OnArrival,5,14,21202,Node_269,23,0,2,23,2,,,,,,,,,
6,VISIT,724,Nearest,OnArrival,5,14,21202,Node_272,23,0,-2,23,-2,,,,,,,,,
6,VISIT,693,Nearest,OnArrival,5,198,21206,Node_263,23,0,5,23,5,,,,,,,,,
6,VISIT,696,Nearest,OnArrival,5,198,21206,Node_263,23,0,5,23,5,,,,,,,,,
6,VISIT,697,Nearest,OnArrival,5,157,21206,Node_263,23,0,5,23,5,,,,,,,,,
6,VISIT,698,Nearest,OnArrival,5,160,21206,Node_263,23,0,5,23,5,,,,,,,,,
6,VISIT,699,Nearest,OnArrival,5,157,21206,Node_263,23,0,5,23,5,,,,,,,,,
6,VISIT,700,Nearest,OnArrival,5,157,21206,Node_263,23,0,5,23,5,,,,,,,,,
6,VISIT,701,Nearest,OnArrival,5,135,21206,Node_263,23,0,5,23,5,,,,,,,,,
6,VISIT,702,Nearest,OnArrival,5,133,21206,Node_263,23,0,5,23,5,,,,,,,,,
6,VISIT,703,Nearest,OnArrival,5,135,21206,Node_263,23,0,5,23,5,,,,,,,,,
6,VISIT,704,Nearest,OnArrival,5,135,21206,Node_263,23,0,5,23,5,,,,,,,,,
6,VISIT,707,Nearest,OnArrival,5,108,21206,Node_269,23,0,2,23,2,,,,,,,,,
6,VISIT,709,Nearest,OnArrival,5,64,21206,Node_624,5,0,24,5,24,,,,,,,,,
6,VISIT,710,Nearest,OnArrival,5,67,21206,Node_606,8,0,21,8,21,,,,,,,,,
6,VISIT,711,Nearest,OnArrival,5,64,21206,Node_608,7,0,22,7,22,,,,,,,,,
6,VISIT,712,Nearest,OnArrival,5,64,21206,Node_624,5,0,24,5,24,,,,,,,,,
6,VISIT,713,Nearest,OnArrival,5,59,21206,Node_269,23,0,2,23,2,,,,,,,,,
6,VISIT,714,Nearest,OnArrival,5,59,21206,Node_269,23,0,2,23,2,,,,,,,,,
6,VISIT,715,Nearest,OnArrival,5,59,21206,Node_269,23,0,2,23,2,,,,,,,,,
6,VISIT,716,Nearest,OnArrival,5,58,21206,Node_269,23,0,2,23,2,,,,,,,,,
6,VISIT,721,Nearest,OnArrival,5,15,21206,Node_268,23,0,1,23,1,,,,,,,,,
6,VISIT,722,Nearest,OnArrival,5,15,21206,Node_412,24,0,-2,24,-2,,,,,,,,,
6,VISIT,723,Nearest,OnArrival,5,15,21206,Node_268,23,0,1,23,1,,,,,,,,,
6,VISIT,724,Nearest,OnArrival,5,15,21206,Node_412,24,0,-2,24,-2,,,,,,,,,
6,VISIT,693,Nearest,OnArrival,5,199,21210,Node_265,23,0,4,23,4,,,,,,,,,
6,VISIT,696,Nearest,OnArrival,5,199,21210,Node_265,23,0,4,23,4,,,,,,,,,
6,VISIT,697,Nearest,OnArrival,5,158,21210,Node_265,23,0,4,23,4,,,,,,,,,
6,VISIT,698,Nearest,OnArrival,5,161,21210,Node_265,23,0,4,23,4,,,,,,,,,
6,VISIT,699,Nearest,OnArrival,5,158,21210,Node_265,23,0,4,23,4,,,,,,,,,
6,VISIT,700,Nearest,OnArrival,5,158,21210,Node_265,23,0,4,23,4,,,,,,,,,
6,VISIT,701,Nearest,OnArrival,5,136,21210,Node_265,23,0,4,23,4,,,,,,,,,
6,VISIT,702,Nearest,OnArrival,5,134,21210,Node_265,23,0,4,23,4,,,,,,,,,
6,VISIT,703,Nearest,OnArrival,5,136,21210,Node_265,23,0,4,23,4,,,,,,,,,
6,VISIT,704,Nearest,OnArrival,5,136,21210,Node_265,23,0,4,23,4,,,,,,,,,
6,VISIT,707,Nearest,OnArrival,5,109,21210,Node_268,23,0,1,23,1,,,,,,,,,
6,VISIT,709,Nearest,OnArrival,5,65,21210,Node_614,6,0,24,6,24,,,,,,,,,
6,VISIT,710,Nearest,OnArrival,5,68,21210,Node_700,9,0,21,9,21,,,,,,,,,
6,VISIT,711,Nearest,OnArrival,5,65,21210,Node_607,8,0,22,8,22,,,,,,,,,
6,VISIT,712,Nearest,OnArrival,5,65,21210,Node_614,6,0,24,6,24,,,,,,,,,
6,VISIT,713,Nearest,OnArrival,5,60,21210,Node_268,23,0,1,23,1,,,,,,,,,
6,VISIT,714,Nearest,OnArrival,5,60,21210,Node_268,23,0,1,23,1,,,,,,,,,
6,VISIT,715,Nearest,OnArrival,5,60,21210,Node_268,23,0,1,23,1,,,,,,,,,
6,VISIT,716,Nearest,OnArrival,5,59,21210,Node_268,23,0,1,23,1,,,,,,,,,
6,VISIT,721,Nearest,OnArrival,5,16,21210,Node_270,23,0,0,23,0,,,,,,,,,
6,VISIT,723,Nearest,OnArrival,5,16,21210,Node_270,23,0,0,23,0,,,,,,,,,
6,VISIT,693,Nearest,OnArrival,5,200,21214,Node_267,23,0,3,23,3,,,,,,,,,
6,VISIT,696,Nearest,OnArrival,5,200,21214,Node_267,23,0,3,23,3,,,,,,,,,
6,VISIT,697,Nearest,OnArrival,5,159,21214,Node_267,23,0,3,23,3,,,,,,,,,
6,VISIT,698,Nearest,OnArrival,5,162,21214,Node_267,23,0,3,23,3,,,,,,,,,
6,VISIT,699,Nearest,OnArrival,5,159,21214,Node_267,23,0,3,23,3,,,,,,,,,
6,VISIT,700,Nearest,OnArrival,5,159,21214,Node_267,23,0,3,23,3,,,,,,,,,
6,VISIT,701,Nearest,OnArrival,5,137,21214,Node_267,23,0,3,23,3,,,,,,,,,
6,VISIT,702,Nearest,OnArrival,5,135,21214,Node_267,23,0,3,23,3,,,,,,,,,
6,VISIT,703,Nearest,OnArrival,5,137,21214,Node_267,23,0,3,23,3,,,,,,,,,
6,VISIT,704,Nearest,OnArrival,5,137,21214,Node_267,23,0,3,23,3,,,,,,,,,
6,VISIT,707,Nearest,OnArrival,5,110,21214,Node_270,23,0,0,23,0,,,,,,,,,
6,VISIT,709,Nearest,OnArrival,5,66,21214,Node_612,6,0,23,6,23,,,,,,,,,
6,VISIT,711,Nearest,OnArrival,5,66,21214,Node_606,8,0,21,8,21,,,,,,,,,
6,VISIT,712,Nearest,OnArrival,5,66,21214,Node_612,6,0,23,6,23,,,,,,,,,
6,VISIT,713,Nearest,OnArrival,5,61,21214,Node_270,23,0,0,23,0,,,,,,,,,
6,VISIT,714,Nearest,OnArrival,5,61,21214,Node_270,23,0,0,23,0,,,,,,,,,
6,VISIT,715,Nearest,OnArrival,5,61,21214,Node_270,23,0,0,23,0,,,,,,,,,
6,VISIT,716,Nearest,OnArrival,5,60,21214,Node_270,23,0,0,23,0,,,,,,,,,
6,VISIT,718,Nearest,OnArrival,5,21,21214,Node_710,31,0,9,31,9,,,,,,,,,
6,VISIT,721,Nearest,OnArrival,5,17,21214,Node_271,23,0,-1,23,-1,,,,,,,,,
6,VISIT,722,Nearest,OnArrival,5,16,21214,Node_419,26,0,-2,26,-2,,,,,,,,,
6,VISIT,723,Nearest,OnArrival,5,17,21214,Node_271,23,0,-1,23,-1,,,,,,,,,
6,VISIT,724,Nearest,OnArrival,5,16,21214,Node_419,26,0,-2,26,-2,,,,,,,,,
6,VISIT,693,Nearest,OnArrival,5,201,21218,Node_269,23,0,2,23,2,,,,,,,,,
6,VISIT,696,Nearest,OnArrival,5,201,21218,Node_269,23,0,2,23,2,,,,,,,,,
6,VISIT,697,Nearest,OnArrival,5,160,21218,Node_269,23,0,2,23,2,,,,,,,,,
6,VISIT,698,Nearest,OnArrival,5,163,21218,Node_269,23,0,2,23,2,,,,,,,,,
6,VISIT,699,Nearest,OnArrival,5,160,21218,Node_269,23,0,2,23,2,,,,,,,,,
6,VISIT,700,Nearest,OnArrival,5,160,21218,Node_269,23,0,2,23,2,,,,,,,,,
6,VISIT,701,Nearest,OnArrival,5,138,21218,Node_269,23,0,2,23,2,,,,,,,,,
6,VISIT,702,Nearest,OnArrival,5,136,21218,Node_269,23,0,2,23,2,,,,,,,,,
6,VISIT,703,Nearest,OnArrival,5,138,21218,Node_269,23,0,2,23,2,,,,,,,,,
6,VISIT,704,Nearest,OnArrival,5,138,21218,Node_269,23,0,2,23,2,,,,,,,,,
6,VISIT,707,Nearest,OnArrival,5,111,21218,Node_271,23,0,-1,23,-1,,,,,,,,,
6,VISIT,709,Nearest,OnArrival,5,67,21218,Node_610,7,0,23,7,23,,,,,,,,,
6,VISIT,710,Nearest,OnArrival,5,69,21218,Node_523,11,0,21,11,21,,,,,,,,,
6,VISIT,711,Nearest,OnArrival,5,67,21218,Node_700,9,0,21,9,21,,,,,,,,,
6,VISIT,712,Nearest,OnArrival,5,67,21218,Node_610,7,0,23,7,23,,,,,,,,,
6,VISIT,713,Nearest,OnArrival,5,62,21218,Node_271,23,0,-1,23,-1,,,,,,,,,
6,VISIT,714,Nearest,OnArrival,5,62,21218,Node_271,23,0,-1,23,-1,,,,,,,,,
6,VISIT,715,Nearest,OnArrival,5,62,21218,Node_271,23,0,-1,23,-1,,,,,,,,,
6,VISIT,716,Nearest,OnArrival,5,61,21218,Node_271,23,0,-1,23,-1,,,,,,,,,
6,VISIT,718,Nearest,OnArrival,5,22,21218,Node_712,31,0,10,31,10,,,,,,,,,
6,VISIT,721,Nearest,OnArrival,5,18,21218,Node_272,23,0,-2,23,-2,,,,,,,,,
6,VISIT,722,Nearest,OnArrival,5,17,21218,Node_354,27,0,-2,27,-2,,,,,,,,,
6,VISIT,723,Nearest,OnArrival,5,18,21218,Node_272,23,0,-2,23,-2,,,,,,,,,
6,VISIT,724,Nearest,OnArrival,5,17,21218,Node_354,27,0,-2,27,-2,,,,,,,,,
6,VISIT,693,Nearest,OnArrival,5,202,21222,Node_268,23,0,1,23,1,,,,,,,,,
6,VISIT,696,Nearest,OnArrival,5,202,21222,Node_268,23,0,1,23,1,,,,,,,,,
6,VISIT,697,Nearest,OnArrival,5,161,21222,Node_268,23,0,1,23,1,,,,,,,,,
6,VISIT,698,Nearest,OnArrival,5,164,21222,Node_268,23,0,1,23,1,,,,,,,,,
6,VISIT,699,Nearest,OnArrival,5,161,21222,Node_268,23,0,1,23,1,,,,,,,,,
6,VISIT,700,Nearest,OnArrival,5,161,21222,Node_268,23,0,1,23,1,,,,,,,,,
6,VISIT,701,Nearest,OnArrival,5,139,21222,Node_268,23,0,1,23,1,,,,,,,,,
6,VISIT,702,Nearest,OnArrival,5,137,21222,Node_268,23,0,1,23,1,,,,,,,,,
6,VISIT,703,Nearest,OnArrival,5,139,21222,Node_268,23,0,1,23,1,,,,,,,,,
6,VISIT,704,Nearest,OnArrival,5,139,21222,Node_268,23,0,1,23,1,,,,,,,,,
6,VISIT,707,Nearest,OnArrival,5,112,21222,Node_272,23,0,-2,23,-2,,,,,,,,,
6,VISIT,709,Nearest,OnArrival,5,68,21222,Node_608,7,0,22,7,22,,,,,,,,,
6,VISIT,710,Nearest,OnArrival,5,70,21222,Node_522,11,0,20,11,20,,,,,,,,,
6,VISIT,712,Nearest,OnArrival,5,68,21222,Node_608,7,0,22,7,22,,,,,,,,,
6,VISIT,713,Nearest,OnArrival,5,63,21222,Node_272,23,0,-2,23,-2,,,,,,,,,
6,VISIT,714,Nearest,OnArrival,5,63,21222,Node_272,23,0,-2,23,-2,,,,,,,,,
6,VISIT,715,Nearest,OnArrival,5,63,21222,Node_272,23,0,-2,23,-2,,,,,,,,,
6,VISIT,716,Nearest,OnArrival,5,62,21222,Node_272,23,0,-2,23,-2,,,,,,,,,
6,VISIT,718,Nearest,OnArrival,5,23,21222,Node_377,30,0,10,30,10,,,,,,,,,
6,VISIT,721,Nearest,OnArrival,5,19,21222,Node_412,24,0,-2,24,-2,,,,,,,,,
6,VISIT,722,Nearest,OnArrival,5,18,21222,Node_353,28,0,-2,28,-2,,,,,,,,,
6,VISIT,723,Nearest,OnArrival,5,19,21222,Node_412,24,0,-2,24,-2,,,,,,,,,
6,VISIT,724,Nearest,OnArrival,5,18,21222,Node_353,28,0,-2,28,-2,,,,,,,,,
6,VISIT,725,Nearest,OnArrival,5,0,21226,Node_6,19,0,12,19,12,,,,,,,,,
6,VISIT,726,Nearest,OnArrival,5,0,21226,Node_7,19,0,8,19,8,,,,,,,,,
6,VISIT,727,Nearest,OnArrival,5,0,21226,Node_8,17,0,10,17,10,,,,,,,,,
6,VISIT,728,Nearest,OnArrival,5,0,21226,Node_9,21,0,10,21,10,,,,,,,,,
6,VISIT,693,Nearest,OnArrival,5,203,21227,Node_270,23,0,0,23,0,,,,,,,,,
6,VISIT,696,Nearest,OnArrival,5,203,21227,Node_270,23,0,0,23,0,,,,,,,,,
6,VISIT,697,Nearest,OnArrival,5,162,21227,Node_270,23,0,0,23,0,,,,,,,,,
6,VISIT,698,Nearest,OnArrival,5,165,21227,Node_270,23,0,0,23,0,,,,,,,,,
6,VISIT,699,Nearest,OnArrival,5,162,21227,Node_270,23,0,0,23,0,,,,,,,,,
6,VISIT,700,Nearest,OnArrival,5,162,21227,Node_270,23,0,0,23,0,,,,,,,,,
6,VISIT,701,Nearest,OnArrival,5,140,21227,Node_270,23,0,0,23,0,,,,,,,,,
6,VISIT,702,Nearest,OnArrival,5,138,21227,Node_270,23,0,0,23,0,,,,,,,,,
6,VISIT,703,Nearest,OnArrival,5,140,21227,Node_270,23,0,0,23,0,,,,,,,,,
6,VISIT,704,Nearest,OnArrival,5,140,21227,Node_270,23,0,0,23,0,,,,,,,,,
6,VISIT,707,Nearest,OnArrival,5,113,21227,Node_412,24,0,-2,24,-2,,,,,,,,,
6,VISIT,709,Nearest,OnArrival,5,69,21227,Node_607,8,0,22,8,22,,,,,,,,,
6,VISIT,711,Nearest,OnArrival,5,68,21227,Node_523,11,0,21,11,21,,,,,,,,,
6,VISIT,712,Nearest,OnArrival,5,69,21227,Node_607,8,0,22,8,22,,,,,,,,,
6,VISIT,713,Nearest,OnArrival,5,64,21227,Node_412,24,0,-2,24,-2,,,,,,,,,
6,VISIT,714,Nearest,OnArrival,5,64,21227,Node_412,24,0,-2,24,-2,,,,,,,,,
6,VISIT,715,Nearest,OnArrival,5,64,21227,Node_412,24,0,-2,24,-2,,,,,,,,,
6,VISIT,716,Nearest,OnArrival,5,63,21227,Node_412,24,0,-2,24,-2,,,,,,,,,
6,VISIT,718,Nearest,OnArrival,5,24,21227,Node_376,30,0,9,30,9,,,,,,,,,
6,VISIT,725,Nearest,OnArrival,5,1,21230,Node_2,19,0,11,19,11,,,,,,,,,
6,VISIT,726,Nearest,OnArrival,5,1,21230,Node_3,19,0,9,19,9,,,,,,,,,
6,VISIT,727,Nearest,OnArrival,5,1,21230,Node_4,18,0,10,18,10,,,,,,,,,
6,VISIT,728,Nearest,OnArrival,5,1,21230,Node_48,21,0,9,21,9,,,,,,,,,
6,VISIT,693,Nearest,OnArrival,5,204,21233,Node_271,23,0,-1,23,-1,,,,,,,,,
6,VISIT,696,Nearest,OnArrival,5,204,21233,Node_271,23,0,-1,23,-1,,,,,,,,,
6,VISIT,697,Nearest,OnArrival,5,163,21233,Node_271,23,0,-1,23,-1,,,,,,,,,
6,VISIT,698,Nearest,OnArrival,5,166,21233,Node_271,23,0,-1,23,-1,,,,,,,,,
6,VISIT,699,Nearest,OnArrival,5,163,21233,Node_271,23,0,-1,23,-1,,,,,,,,,
6,VISIT,700,Nearest,OnArrival,5,163,21233,Node_271,23,0,-1,23,-1,,,,,,,,,
6,VISIT,701,Nearest,OnArrival,5,141,21233,Node_271,23,0,-1,23,-1,,,,,,,,,
6,VISIT,702,Nearest,OnArrival,5,139,21233,Node_271,23,0,-1,23,-1,,,,,,,,,
6,VISIT,703,Nearest,OnArrival,5,141,21233,Node_271,23,0,-1,23,-1,,,,,,,,,
6,VISIT,704,Nearest,OnArrival,5,141,21233,Node_271,23,0,-1,23,-1,,,,,,,,,
6,VISIT,709,Nearest,OnArrival,5,70,21233,Node_606,8,0,21,8,21,,,,,,,,,
6,VISIT,710,Nearest,OnArrival,5,71,21233,Node_521,11,0,18,11,18,,,,,,,,,
6,VISIT,711,Nearest,OnArrival,5,69,21233,Node_522,11,0,20,11,20,,,,,,,,,
6,VISIT,712,Nearest,OnArrival,5,70,21233,Node_606,8,0,21,8,21,,,,,,,,,
6,VISIT,718,Nearest,OnArrival,5,25,21233,Node_705,30,0,8,30,8,,,,,,,,,
6,VISIT,721,Nearest,OnArrival,5,20,21233,Node_419,26,0,-2,26,-2,,,,,,,,,
6,VISIT,722,Nearest,OnArrival,5,19,21233,Node_433,29,0,-1,29,-1,,,,,,,,,
6,VISIT,723,Nearest,OnArrival,5,20,21233,Node_419,26,0,-2,26,-2,,,,,,,,,
6,VISIT,724,Nearest,OnArrival,5,19,21233,Node_433,29,0,-1,29,-1,,,,,,,,,
6,VISIT,725,Nearest,OnArrival,5,2,21235,Node_20,19,0,10,19,10,,,,,,,,,
6,VISIT,726,Nearest,OnArrival,5,2,21235,Node_50,20,0,9,20,9,,,,,,,,,
6,VISIT,727,Nearest,OnArrival,5,2,21235,Node_15,18,0,9,18,9,,,,,,,,,
6,VISIT,728,Nearest,OnArrival,5,2,21235,Node_88,22,0,9,22,9,,,,,,,,,
6,VISIT,693,Nearest,OnArrival,5,205,21237,Node_272,23,0,-2,23,-2,,,,,,,,,
6,VISIT,696,Nearest,OnArrival,5,205,21237,Node_272,23,0,-2,23,-2,,,,,,,,,
6,VISIT,697,Nearest,OnArrival,5,164,21237,Node_272,23,0,-2,23,-2,,,,,,,,,
6,VISIT,698,Nearest,OnArrival,5,167,21237,Node_272,23,0,-2,23,-2,,,,,,,,,
6,VISIT,699,Nearest,OnArrival,5,164,21237,Node_272,23,0,-2,23,-2,,,,,,,,,
6,VISIT,700,Nearest,OnArrival,5,164,21237,Node_272,23,0,-2,23,-2,,,,,,,,,
6,VISIT,701,Nearest,OnArrival,5,142,21237,Node_272,23,0,-2,23,-2,,,,,,,,,
6,VISIT,702,Nearest,OnArrival,5,140,21237,Node_272,23,0,-2,23,-2,,,,,,,,,
6,VISIT,703,Nearest,OnArrival,5,142,21237,Node_272,23,0,-2,23,-2,,,,,,,,,
6,VISIT,704,Nearest,OnArrival,5,142,21237,Node_272,23,0,-2,23,-2,,,,,,,,,
6,VISIT,707,Nearest,OnArrival,5,114,21237,Node_419,26,0,-2,26,-2,,,,,,,,,
6,VISIT,709,Nearest,OnArrival,5,71,21237,Node_700,9,0,21,9,21,,,,,,,,,
6,VISIT,710,Nearest,OnArrival,5,72,21237,Node_674,11,0,17,11,17,,,,,,,,,
6,VISIT,712,Nearest,OnArrival,5,71,21237,Node_700,9,0,21,9,21,,,,,,,,,
6,VISIT,713,Nearest,OnArrival,5,65,21237,Node_419,26,0,-2,26,-2,,,,,,,,,
6,VISIT,714,Nearest,OnArrival,5,65,21237,Node_419,26,0,-2,26,-2,,,,,,,,,
6,VISIT,715,Nearest,OnArrival,5,65,21237,Node_419,26,0,-2,26,-2,,,,,,,,,
6,VISIT,716,Nearest,OnArrival,5,64,21237,Node_419,26,0,-2,26,-2,,,,,,,,,
6,VISIT,718,Nearest,OnArrival,5,26,21237,Node_739,31,0,8,31,8,,,,,,,,,
6,VISIT,721,Nearest,OnArrival,5,21,21237,Node_423,26,0,-3,26,-3,,,,,,,,,
6,VISIT,723,Nearest,OnArrival,5,21,21237,Node_423,26,0,-3,26,-3,,,,,,,,,
6,VISIT,725,Nearest,OnArrival,5,3,21240,Node_3,19,0,9,19,9,,,,,,,,,
6,VISIT,726,Nearest,OnArrival,5,3,21240,Node_48,21,0,9,21,9,,,,,,,,,
6,VISIT,727,Nearest,OnArrival,5,3,21240,Node_3,19,0,9,19,9,,,,,,,,,
6,VISIT,728,Nearest,OnArrival,5,3,21240,Node_129,23,0,9,23,9,,,,,,,,,
6,VISIT,693,Nearest,OnArrival,5,206,21243,Node_412,24,0,-2,24,-2,,,,,,,,,
6,VISIT,696,Nearest,OnArrival,5,206,21243,Node_412,24,0,-2,24,-2,,,,,,,,,
6,VISIT,697,Nearest,OnArrival,5,165,21243,Node_412,24,0,-2,24,-2,,,,,,,,,
6,VISIT,698,Nearest,OnArrival,5,168,21243,Node_412,24,0,-2,24,-2,,,,,,,,,
6,VISIT,699,Nearest,OnArrival,5,165,21243,Node_412,24,0,-2,24,-2,,,,,,,,,
6,VISIT,700,Nearest,OnArrival,5,165,21243,Node_412,24,0,-2,24,-2,,,,,,,,,
6,VISIT,701,Nearest,OnArrival,5,143,21243,Node_412,24,0,-2,24,-2,,,,,,,,,
6,VISIT,702,Nearest,OnArrival,5,141,21243,Node_412,24,0,-2,24,-2,,,,,,,,,
6,VISIT,703,Nearest,OnArrival,5,143,21243,Node_412,24,0,-2,24,-2,,,,,,,,,
6,VISIT,704,Nearest,OnArrival,5,143,21243,Node_412,24,0,-2,24,-2,,,,,,,,,
6,VISIT,707,Nearest,OnArrival,5,115,21243,Node_423,26,0,-3,26,-3,,,,,,,,,
6,VISIT,710,Nearest,OnArrival,5,73,21243,Node_44,12,0,17,12,17,,,,,,,,,
6,VISIT,711,Nearest,OnArrival,5,70,21243,Node_521,11,0,18,11,18,,,,,,,,,
6,VISIT,713,Nearest,OnArrival,5,66,21243,Node_423,26,0,-3,26,-3,,,,,,,,,
6,VISIT,714,Nearest,OnArrival,5,66,21243,Node_423,26,0,-3,26,-3,,,,,,,,,
6,VISIT,715,Nearest,OnArrival,5,66,21243,Node_423,26,0,-3,26,-3,,,,,,,,,
6,VISIT,716,Nearest,OnArrival,5,65,21243,Node_423,26,0,-3,26,-3,,,,,,,,,
6,VISIT,718,Nearest,OnArrival,5,27,21243,Node_736,31,0,7,31,7,,,,,,,,,
6,VISIT,721,Nearest,OnArrival,5,22,21243,Node_431,27,0,-3,27,-3,,,,,,,,,
6,VISIT,723,Nearest,OnArrival,5,22,21243,Node_431,27,0,-3,27,-3,,,,,,,,,
6,VISIT,725,Nearest,OnArrival,5,4,21245,Node_50,20,0,9,20,9,,,,,,,,,
6,VISIT,726,Nearest,OnArrival,5,4,21245,Node_88,22,0,9,22,9,,,,,,,,,
6,VISIT,727,Nearest,OnArrival,5,4,21245,Node_50,20,0,9,20,9,,,,,,,,,
6,VISIT,707,Nearest,OnArrival,5,116,21249,Node_431,27,0,-3,27,-3,,,,,,,,,
6,VISIT,709,Nearest,OnArrival,5,72,21249,Node_523,11,0,21,11,21,,,,,,,,,
6,VISIT,710,Nearest,OnArrival,5,74,21249,Node_45,12,0,16,12,16,,,,,,,,,
6,VISIT,711,Nearest,OnArrival,5,71,21249,Node_674,11,0,17,11,17,,,,,,,,,
6,VISIT,712,Nearest,OnArrival,5,72,21249,Node_523,11,0,21,11,21,,,,,,,,,
6,VISIT,713,Nearest,OnArrival,5,67,21249,Node_431,27,0,-3,27,-3,,,,,,,,,
6,VISIT,714,Nearest,OnArrival,5,67,21249,Node_431,27,0,-3,27,-3,,,,,,,,,
6,VISIT,715,Nearest,OnArrival,5,67,21249,Node_431,27,0,-3,27,-3,,,,,,,,,
6,VISIT,716,Nearest,OnArrival,5,66,21249,Node_431,27,0,-3,27,-3,,,,,,,,,
6,VISIT,721,Nearest,OnArrival,5,23,21249,Node_430,27,0,-4,27,-4,,,,,,,,,
6,VISIT,723,Nearest,OnArrival,5,23,21249,Node_430,27,0,-4,27,-4,,,,,,,,,
6,VISIT,693,Nearest,OnArrival,5,207,21253,Node_419,26,0,-2,26,-2,,,,,,,,,
6,VISIT,696,Nearest,OnArrival,5,207,21253,Node_419,26,0,-2,26,-2,,,,,,,,,
6,VISIT,697,Nearest,OnArrival,5,166,21253,Node_419,26,0,-2,26,-2,,,,,,,,,
6,VISIT,698,Nearest,OnArrival,5,169,21253,Node_419,26,0,-2,26,-2,,,,,,,,,
6,VISIT,699,Nearest,OnArrival,5,166,21253,Node_419,26,0,-2,26,-2,,,,,,,,,
6,VISIT,700,Nearest,OnArrival,5,166,21253,Node_419,26,0,-2,26,-2,,,,,,,,,
6,VISIT,701,Nearest,OnArrival,5,144,21253,Node_419,26,0,-2,26,-2,,,,,,,,,
6,VISIT,702,Nearest,OnArrival,5,142,21253,Node_419,26,0,-2,26,-2,,,,,,,,,
6,VISIT,703,Nearest,OnArrival,5,144,21253,Node_419,26,0,-2,26,-2,,,,,,,,,
6,VISIT,704,Nearest,OnArrival,5,144,21253,Node_419,26,0,-2,26,-2,,,,,,,,,
6,VISIT,707,Nearest,OnArrival,5,117,21253,Node_430,27,0,-4,27,-4,,,,,,,,,
6,VISIT,709,Nearest,OnArrival,5,73,21253,Node_522,11,0,20,11,20,,,,,,,,,
6,VISIT,710,Nearest,OnArrival,5,75,21253,Node_99,12,0,15,12,15,,,,,,,,,
6,VISIT,711,Nearest,OnArrival,5,72,21253,Node_44,12,0,17,12,17,,,,,,,,,
6,VISIT,712,Nearest,OnArrival,5,73,21253,Node_522,11,0,20,11,20,,,,,,,,,
6,VISIT,713,Nearest,OnArrival,5,68,21253,Node_430,27,0,-4,27,-4,,,,,,,,,
6,VISIT,714,Nearest,OnArrival,5,68,21253,Node_430,27,0,-4,27,-4,,,,,,,,,
6,VISIT,715,Nearest,OnArrival,5,68,21253,Node_430,27,0,-4,27,-4,,,,,,,,,
6,VISIT,716,Nearest,OnArrival,5,67,21253,Node_430,27,0,-4,27,-4,,,,,,,,,
6,VISIT,721,Nearest,OnArrival,5,24,21253,Node_424,26,0,-4,26,-4,,,,,,,,,
6,VISIT,723,Nearest,OnArrival,5,24,21253,Node_424,26,0,-4,26,-4,,,,,,,,,
6,VISIT,725,Nearest,OnArrival,5,5,21253,Node_48,21,0,9,21,9,,,,,,,,,
6,VISIT,726,Nearest,OnArrival,5,5,21253,Node_129,23,0,9,23,9,,,,,,,,,
6,VISIT,727,Nearest,OnArrival,5,5,21253,Node_48,21,0,9,21,9,,,,,,,,,
6,VISIT,728,Nearest,OnArrival,5,4,21253,Node_136,25,0,9,25,9,,,,,,,,,
6,VISIT,693,Nearest,OnArrival,5,208,21257,Node_423,26,0,-3,26,-3,,,,,,,,,
6,VISIT,696,Nearest,OnArrival,5,208,21257,Node_423,26,0,-3,26,-3,,,,,,,,,
6,VISIT,697,Nearest,OnArrival,5,167,21257,Node_423,26,0,-3,26,-3,,,,,,,,,
6,VISIT,698,Nearest,OnArrival,5,170,21257,Node_423,26,0,-3,26,-3,,,,,,,,,
6,VISIT,699,Nearest,OnArrival,5,167,21257,Node_423,26,0,-3,26,-3,,,,,,,,,
6,VISIT,700,Nearest,OnArrival,5,167,21257,Node_423,26,0,-3,26,-3,,,,,,,,,
6,VISIT,701,Nearest,OnArrival,5,145,21257,Node_423,26,0,-3,26,-3,,,,,,,,,
6,VISIT,702,Nearest,OnArrival,5,143,21257,Node_423,26,0,-3,26,-3,,,,,,,,,
6,VISIT,703,Nearest,OnArrival,5,145,21257,Node_423,26,0,-3,26,-3,,,,,,,,,
6,VISIT,704,Nearest,OnArrival,5,145,21257,Node_423,26,0,-3,26,-3,,,,,,,,,
6,VISIT,707,Nearest,OnArrival,5,118,21257,Node_424,26,0,-4,26,-4,,,,,,,,,
6,VISIT,710,Nearest,OnArrival,5,76,21257,Node_97,12,0,14,12,14,,,,,,,,,
6,VISIT,711,Nearest,OnArrival,5,73,21257,Node_45,12,0,16,12,16,,,,,,,,,
6,VISIT,713,Nearest,OnArrival,5,69,21257,Node_424,26,0,-4,26,-4,,,,,,,,,
6,VISIT,714,Nearest,OnArrival,5,69,21257,Node_424,26,0,-4,26,-4,,,,,,,,,
6,VISIT,715,Nearest,OnArrival,5,69,21257,Node_424,26,0,-4,26,-4,,,,,,,,,
6,VISIT,716,Nearest,OnArrival,5,68,21257,Node_424,26,0,-4,26,-4,,,,,,,,,
6,VISIT,721,Nearest,OnArrival,5,25,21257,Node_423,26,0,-3,26,-3,,,,,,,,,
6,VISIT,723,Nearest,OnArrival,5,25,21257,Node_423,26,0,-3,26,-3,,,,,,,,,
6,VISIT,725,Nearest,OnArrival,5,6,21257,Node_88,22,0,9,22,9,,,,,,,,,
6,VISIT,727,Nearest,OnArrival,5,6,21257,Node_88,22,0,9,22,9,,,,,,,,,
6,VISIT,728,Nearest,OnArrival,5,5,21257,Node_248,26,0,9,26,9,,,,,,,,,
6,VISIT,693,Nearest,OnArrival,5,209,21261,Node_424,26,0,-4,26,-4,,,,,,,,,
6,VISIT,696,Nearest,OnArrival,5,209,21261,Node_424,26,0,-4,26,-4,,,,,,,,,
6,VISIT,697,Nearest,OnArrival,5,168,21261,Node_424,26,0,-4,26,-4,,,,,,,,,
6,VISIT,698,Nearest,OnArrival,5,171,21261,Node_424,26,0,-4,26,-4,,,,,,,,,
6,VISIT,699,Nearest,OnArrival,5,168,21261,Node_424,26,0,-4,26,-4,,,,,,,,,
6,VISIT,700,Nearest,OnArrival,5,168,21261,Node_424,26,0,-4,26,-4,,,,,,,,,
6,VISIT,701,Nearest,OnArrival,5,146,21261,Node_424,26,0,-4,26,-4,,,,,,,,,
6,VISIT,702,Nearest,OnArrival,5,144,21261,Node_424,26,0,-4,26,-4,,,,,,,,,
6,VISIT,703,Nearest,OnArrival,5,146,21261,Node_424,26,0,-4,26,-4,,,,,,,,,
6,VISIT,704,Nearest,OnArrival,5,146,21261,Node_424,26,0,-4,26,-4,,,,,,,,,
6,VISIT,707,Nearest,OnArrival,5,119,21261,Node_423,26,0,-3,26,-3,,,,,,,,,
6,VISIT,709,Nearest,OnArrival,5,74,21261,Node_521,11,0,18,11,18,,,,,,,,,
6,VISIT,710,Nearest,OnArrival,5,77,21261,Node_38,13,0,14,13,14,,,,,,,,,
6,VISIT,711,Nearest,OnArrival,5,74,21261,Node_99,12,0,15,12,15,,,,,,,,,
6,VISIT,712,Nearest,OnArrival,5,74,21261,Node_521,11,0,18,11,18,,,,,,,,,
6,VISIT,713,Nearest,OnArrival,5,70,21261,Node_423,26,0,-3,26,-3,,,,,,,,,
6,VISIT,714,Nearest,OnArrival,5,70,21261,Node_423,26,0,-3,26,-3,,,,,,,,,
6,VISIT,715,Nearest,OnArrival,5,70,21261,Node_423,26,0,-3,26,-3,,,,,,,,,
6,VISIT,716,Nearest,OnArrival,5,69,21261,Node_423,26,0,-3,26,-3,,,,,,,,,
6,VISIT,721,Nearest,OnArrival,5,26,21261,Node_419,26,0,-2,26,-2,,,,,,,,,
6,VISIT,723,Nearest,OnArrival,5,26,21261,Node_419,26,0,-2,26,-2,,,,,,,,,
6,VISIT,725,Nearest,OnArrival,5,7,21261,Node_129,23,0,9,23,9,,,,,,,,,
6,VISIT,726,Nearest,OnArrival,5,6,21261,Node_136,25,0,9,25,9,,,,,,,,,
6,VISIT,727,Nearest,OnArrival,5,7,21261,Node_129,23,0,9,23,9,,,,,,,,,
6,VISIT,728,Nearest,OnArrival,5,6,21261,Node_287,27,0,9,27,9,,,,,,,,,
6,VISIT,693,Nearest,OnArrival,5,210,21265,Node_423,26,0,-3,26,-3,,,,,,,,,
6,VISIT,696,Nearest,OnArrival,5,210,21265,Node_423,26,0,-3,26,-3,,,,,,,,,
6,VISIT,697,Nearest,OnArrival,5,169,21265,Node_423,26,0,-3,26,-3,,,,,,,,,
6,VISIT,698,Nearest,OnArrival,5,172,21265,Node_423,26,0,-3,26,-3,,,,,,,,,
6,VISIT,699,Nearest,OnArrival,5,169,21265,Node_423,26,0,-3,26,-3,,,,,,,,,
6,VISIT,700,Nearest,OnArrival,5,169,21265,Node_423,26,0,-3,26,-3,,,,,,,,,
6,VISIT,701,Nearest,OnArrival,5,147,21265,Node_423,26,0,-3,26,-3,,,,,,,,,
6,VISIT,702,Nearest,OnArrival,5,145,21265,Node_423,26,0,-3,26,-3,,,,,,,,,
6,VISIT,703,Nearest,OnArrival,5,147,21265,Node_423,26,0,-3,26,-3,,,,,,,,,
6,VISIT,704,Nearest,OnArrival,5,147,21265,Node_423,26,0,-3,26,-3,,,,,,,,,
6,VISIT,707,Nearest,OnArrival,5,120,21265,Node_419,26,0,-2,26,-2,,,,,,,,,
6,VISIT,709,Nearest,OnArrival,5,75,21265,Node_674,11,0,17,11,17,,,,,,,,,
6,VISIT,710,Nearest,OnArrival,5,78,21265,Node_93,13,0,13,13,13,,,,,,,,,
6,VISIT,711,Nearest,OnArrival,5,75,21265,Node_97,12,0,14,12,14,,,,,,,,,
6,VISIT,712,Nearest,OnArrival,5,75,21265,Node_674,11,0,17,11,17,,,,,,,,,
6,VISIT,713,Nearest,OnArrival,5,71,21265,Node_419,26,0,-2,26,-2,,,,,,,,,
6,VISIT,714,Nearest,OnArrival,5,71,21265,Node_419,26,0,-2,26,-2,,,,,,,,,
6,VISIT,715,Nearest,OnArrival,5,71,21265,Node_419,26,0,-2,26,-2,,,,,,,,,
6,VISIT,716,Nearest,OnArrival,5,70,21265,Node_419,26,0,-2,26,-2,,,,,,,,,
6,VISIT,721,Nearest,OnArrival,5,27,21265,Node_354,27,0,-2,27,-2,,,,,,,,,
6,VISIT,723,Nearest,OnArrival,5,27,21265,Node_354,27,0,-2,27,-2,,,,,,,,,
6,VISIT,726,Nearest,OnArrival,5,7,21265,Node_248,26,0,9,26,9,,,,,,,,,
6,VISIT,728,Nearest,OnArrival,5,7,21265,Node_366,28,0,9,28,9,,,,,,,,,
6,VISIT,693,Nearest,OnArrival,5,211,21269,Node_419,26,0,-2,26,-2,,,,,,,,,
6,VISIT,696,Nearest,OnArrival,5,211,21269,Node_419,26,0,-2,26,-2,,,,,,,,,
6,VISIT,697,Nearest,OnArrival,5,170,21269,Node_419,26,0,-2,26,-2,,,,,,,,,
6,VISIT,698,Nearest,OnArrival,5,173,21269,Node_419,26,0,-2,26,-2,,,,,,,,,
6,VISIT,699,Nearest,OnArrival,5,170,21269,Node_419,26,0,-2,26,-2,,,,,,,,,
6,VISIT,700,Nearest,OnArrival,5,170,21269,Node_419,26,0,-2,26,-2,,,,,,,,,
6,VISIT,701,Nearest,OnArrival,5,148,21269,Node_419,26,0,-2,26,-2,,,,,,,,,
6,VISIT,702,Nearest,OnArrival,5,146,21269,Node_419,26,0,-2,26,-2,,,,,,,,,
6,VISIT,703,Nearest,OnArrival,5,148,21269,Node_419,26,0,-2,26,-2,,,,,,,,,
6,VISIT,704,Nearest,OnArrival,5,148,21269,Node_419,26,0,-2,26,-2,,,,,,,,,
6,VISIT,707,Nearest,OnArrival,5,121,21269,Node_354,27,0,-2,27,-2,,,,,,,,,
6,VISIT,709,Nearest,OnArrival,5,76,21269,Node_44,12,0,17,12,17,,,,,,,,,
6,VISIT,710,Nearest,OnArrival,5,79,21269,Node_90,13,0,12,13,12,,,,,,,,,
6,VISIT,711,Nearest,OnArrival,5,76,21269,Node_38,13,0,14,13,14,,,,,,,,,
6,VISIT,712,Nearest,OnArrival,5,76,21269,Node_44,12,0,17,12,17,,,,,,,,,
6,VISIT,713,Nearest,OnArrival,5,72,21269,Node_354,27,0,-2,27,-2,,,,,,,,,
6,VISIT,714,Nearest,OnArrival,5,72,21269,Node_354,27,0,-2,27,-2,,,,,,,,,
6,VISIT,715,Nearest,OnArrival,5,72,21269,Node_354,27,0,-2,27,-2,,,,,,,,,
6,VISIT,716,Nearest,OnArrival,5,71,21269,Node_354,27,0,-2,27,-2,,,,,,,,,
6,VISIT,721,Nearest,OnArrival,5,28,21269,Node_353,28,0,-2,28,-2,,,,,,,,,
6,VISIT,723,Nearest,OnArrival,5,28,21269,Node_353,28,0,-2,28,-2,,,,,,,,,
6,VISIT,725,Nearest,OnArrival,5,8,21269,Node_136,25,0,9,25,9,,,,,,,,,
6,VISIT,726,Nearest,OnArrival,5,8,21269,Node_287,27,0,9,27,9,,,,,,,,,
6,VISIT,727,Nearest,OnArrival,5,8,21269,Node_136,25,0,9,25,9,,,,,,,,,
6,VISIT,693,Nearest,OnArrival,5,212,21273,Node_354,27,0,-2,27,-2,,,,,,,,,
6,VISIT,696,Nearest,OnArrival,5,212,21273,Node_354,27,0,-2,27,-2,,,,,,,,,
6,VISIT,697,Nearest,OnArrival,5,171,21273,Node_354,27,0,-2,27,-2,,,,,,,,,
6,VISIT,698,Nearest,OnArrival,5,174,21273,Node_354,27,0,-2,27,-2,,,,,,,,,
6,VISIT,699,Nearest,OnArrival,5,171,21273,Node_354,27,0,-2,27,-2,,,,,,,,,
6,VISIT,700,Nearest,OnArrival,5,171,21273,Node_354,27,0,-2,27,-2,,,,,,,,,
6,VISIT,701,Nearest,OnArrival,5,149,21273,Node_354,27,0,-2,27,-2,,,,,,,,,
6,VISIT,702,Nearest,OnArrival,5,147,21273,Node_354,27,0,-2,27,-2,,,,,,,,,
6,VISIT,703,Nearest,OnArrival,5,149,21273,Node_354,27,0,-2,27,-2,,,,,,,,,
6,VISIT,704,Nearest,OnArrival,5,149,21273,Node_354,27,0,-2,27,-2,,,,,,,,,
6,VISIT,707,Nearest,OnArrival,5,122,21273,Node_353,28,0,-2,28,-2,,,,,,,,,
6,VISIT,709,Nearest,OnArrival,5,77,21273,Node_45,12,0,16,12,16,,,,,,,,,
6,VISIT,710,Nearest,OnArrival,5,80,21273,Node_130,13,0,11,13,11,,,,,,,,,
6,VISIT,711,Nearest,OnArrival,5,77,21273,Node_93,13,0,13,13,13,,,,,,,,,
6,VISIT,712,Nearest,OnArrival,5,77,21273,Node_45,12,0,16,12,16,,,,,,,,,
6,VISIT,713,Nearest,OnArrival,5,73,21273,Node_353,28,0,-2,28,-2,,,,,,,,,
6,VISIT,714,Nearest,OnArrival,5,73,21273,Node_353,28,0,-2,28,-2,,,,,,,,,
6,VISIT,715,Nearest,OnArrival,5,73,21273,Node_353,28,0,-2,28,-2,,,,,,,,,
6,VISIT,716,Nearest,OnArrival,5,72,21273,Node_353,28,0,-2,28,-2,,,,,,,,,
6,VISIT,721,Nearest,OnArrival,5,29,21273,Node_744,29,0,-2,29,-2,,,,,,,,,
6,VISIT,722,Nearest,OnArrival,5,20,21273,Node_744,29,0,-2,29,-2,,,,,,,,,
6,VISIT,723,Nearest,OnArrival,5,29,21273,Node_744,29,0,-2,29,-2,,,,,,,,,
6,VISIT,724,Nearest,OnArrival,5,20,21273,Node_744,29,0,-2,29,-2,,,,,,,,,
6,VISIT,725,Nearest,OnArrival,5,9,21273,Node_248,26,0,9,26,9,,,,,,,,,
6,VISIT,726,Nearest,OnArrival,5,9,21273,Node_366,28,0,9,28,9,,,,,,,,,
6,VISIT,727,Nearest,OnArrival,5,9,21273,Node_248,26,0,9,26,9,,,,,,,,,
6,VISIT,728,Nearest,OnArrival,5,8,21273,Node_376,30,0,9,30,9,,,,,,,,,
6,VISIT,693,Nearest,OnArrival,5,213,21277,Node_353,28,0,-2,28,-2,,,,,,,,,
6,VISIT,696,Nearest,OnArrival,5,213,21277,Node_353,28,0,-2,28,-2,,,,,,,,,
6,VISIT,697,Nearest,OnArrival,5,172,21277,Node_353,28,0,-2,28,-2,,,,,,,,,
6,VISIT,698,Nearest,OnArrival,5,175,21277,Node_353,28,0,-2,28,-2,,,,,,,,,
6,VISIT,699,Nearest,OnArrival,5,172,21277,Node_353,28,0,-2,28,-2,,,,,,,,,
6,VISIT,700,Nearest,OnArrival,5,172,21277,Node_353,28,0,-2,28,-2,,,,,,,,,
6,VISIT,701,Nearest,OnArrival,5,150,21277,Node_353,28,0,-2,28,-2,,,,,,,,,
6,VISIT,702,Nearest,OnArrival,5,148,21277,Node_353,28,0,-2,28,-2,,,,,,,,,
6,VISIT,703,Nearest,OnArrival,5,150,21277,Node_353,28,0,-2,28,-2,,,,,,,,,
6,VISIT,704,Nearest,OnArrival,5,150,21277,Node_353,28,0,-2,28,-2,,,,,,,,,
6,VISIT,707,Nearest,OnArrival,5,123,21277,Node_744,29,0,-2,29,-2,,,,,,,,,
6,VISIT,709,Nearest,OnArrival,5,78,21277,Node_99,12,0,15,12,15,,,,,,,,,
6,VISIT,710,Nearest,OnArrival,5,81,21277,Node_166,13,0,10,13,10,,,,,,,,,
6,VISIT,711,Nearest,OnArrival,5,78,21277,Node_90,13,0,12,13,12,,,,,,,,,
6,VISIT,712,Nearest,OnArrival,5,78,21277,Node_99,12,0,15,12,15,,,,,,,,,
6,VISIT,713,Nearest,OnArrival,5,74,21277,Node_744,29,0,-2,29,-2,,,,,,,,,
6,VISIT,714,Nearest,OnArrival,5,74,21277,Node_744,29,0,-2,29,-2,,,,,,,,,
6,VISIT,715,Nearest,OnArrival,5,74,21277,Node_744,29,0,-2,29,-2,,,,,,,,,
6,VISIT,716,Nearest,OnArrival,5,73,21277,Node_744,29,0,-2,29,-2,,,,,,,,,
6,VISIT,721,Nearest,OnArrival,5,30,21277,Node_753,29,0,-3,29,-3,,,,,,,,,
6,VISIT,722,Nearest,OnArrival,5,21,21277,Node_746,30,0,-2,30,-2,,,,,,,,,
6,VISIT,723,Nearest,OnArrival,5,30,21277,Node_746,30,0,-2,30,-2,,,,,,,,,
6,VISIT,724,Nearest,OnArrival,5,21,21277,Node_746,30,0,-2,30,-2,,,,,,,,,
6,VISIT,725,Nearest,OnArrival,5,10,21277,Node_287,27,0,9,27,9,,,,,,,,,
6,VISIT,727,Nearest,OnArrival,5,10,21277,Node_287,27,0,9,27,9,,,,,,,,,
6,VISIT,728,Nearest,OnArrival,5,9,21277,Node_705,30,0,8,30,8,,,,,,,,,
6,VISIT,693,Nearest,OnArrival,5,214,21281,Node_744,29,0,-2,29,-2,,,,,,,,,
6,VISIT,696,Nearest,OnArrival,5,214,21281,Node_744,29,0,-2,29,-2,,,,,,,,,
6,VISIT,697,Nearest,OnArrival,5,173,21281,Node_744,29,0,-2,29,-2,,,,,,,,,
6,VISIT,698,Nearest,OnArrival,5,176,21281,Node_744,29,0,-2,29,-2,,,,,,,,,
6,VISIT,699,Nearest,OnArrival,5,173,21281,Node_744,29,0,-2,29,-2,,,,,,,,,
6,VISIT,700,Nearest,OnArrival,5,173,21281,Node_744,29,0,-2,29,-2,,,,,,,,,
6,VISIT,701,Nearest,OnArrival,5,151,21281,Node_744,29,0,-2,29,-2,,,,,,,,,
6,VISIT,702,Nearest,OnArrival,5,149,21281,Node_744,29,0,-2,29,-2,,,,,,,,,
6,VISIT,703,Nearest,OnArrival,5,151,21281,Node_744,29,0,-2,29,-2,,,,,,,,,
6,VISIT,704,Nearest,OnArrival,5,151,21281,Node_744,29,0,-2,29,-2,,,,,,,,,
6,VISIT,707,Nearest,OnArrival,5,124,21281,Node_746,30,0,-2,30,-2,,,,,,,,,
6,VISIT,709,Nearest,OnArrival,5,79,21281,Node_97,12,0,14,12,14,,,,,,,,,
6,VISIT,710,Nearest,OnArrival,5,82,21281,Node_168,13,0,9,13,9,,,,,,,,,
6,VISIT,711,Nearest,OnArrival,5,79,21281,Node_130,13,0,11,13,11,,,,,,,,,
6,VISIT,712,Nearest,OnArrival,5,79,21281,Node_97,12,0,14,12,14,,,,,,,,,
6,VISIT,713,Nearest,OnArrival,5,75,21281,Node_746,30,0,-2,30,-2,,,,,,,,,
6,VISIT,714,Nearest,OnArrival,5,75,21281,Node_746,30,0,-2,30,-2,,,,,,,,,
6,VISIT,715,Nearest,OnArrival,5,75,21281,Node_746,30,0,-2,30,-2,,,,,,,,,
6,VISIT,716,Nearest,OnArrival,5,74,21281,Node_746,30,0,-2,30,-2,,,,,,,,,
6,VISIT,721,Nearest,OnArrival,5,31,21281,Node_748,30,0,-3,30,-3,,,,,,,,,
6,VISIT,725,Nearest,OnArrival,5,11,21281,Node_366,28,0,9,28,9,,,,,,,,,
6,VISIT,726,Nearest,OnArrival,5,10,21281,Node_376,30,0,9,30,9,,,,,,,,,
6,VISIT,727,Nearest,OnArrival,5,11,21281,Node_366,28,0,9,28,9,,,,,,,,,
6,VISIT,728,Nearest,OnArrival,5,10,21281,Node_706,30,0,7,30,7,,,,,,,,,
6,VISIT,693,Nearest,OnArrival,5,215,21285,Node_753,29,0,-3,29,-3,,,,,,,,,
6,VISIT,696,Nearest,OnArrival,5,215,21285,Node_753,29,0,-3,29,-3,,,,,,,,,
6,VISIT,697,Nearest,OnArrival,5,174,21285,Node_753,29,0,-3,29,-3,,,,,,,,,
6,VISIT,698,Nearest,OnArrival,5,177,21285,Node_753,29,0,-3,29,-3,,,,,,,,,
6,VISIT,699,Nearest,OnArrival,5,174,21285,Node_753,29,0,-3,29,-3,,,,,,,,,
6,VISIT,700,Nearest,OnArrival,5,174,21285,Node_753,29,0,-3,29,-3,,,,,,,,,
6,VISIT,701,Nearest,OnArrival,5,152,21285,Node_753,29,0,-3,29,-3,,,,,,,,,
6,VISIT,702,Nearest,OnArrival,5,150,21285,Node_753,29,0,-3,29,-3,,,,,,,,,
6,VISIT,703,Nearest,OnArrival,5,152,21285,Node_753,29,0,-3,29,-3,,,,,,,,,
6,VISIT,704,Nearest,OnArrival,5,152,21285,Node_753,29,0,-3,29,-3,,,,,,,,,
6,VISIT,707,Nearest,OnArrival,5,125,21285,Node_754,31,0,-2,31,-2,,,,,,,,,
6,VISIT,709,Nearest,OnArrival,5,80,21285,Node_38,13,0,14,13,14,,,,,,,,,
6,VISIT,710,Nearest,OnArrival,5,83,21285,Node_169,13,0,8,13,8,,,,,,,,,
6,VISIT,711,Nearest,OnArrival,5,80,21285,Node_166,13,0,10,13,10,,,,,,,,,
6,VISIT,712,Nearest,OnArrival,5,80,21285,Node_38,13,0,14,13,14,,,,,,,,,
6,VISIT,713,Nearest,OnArrival,5,76,21285,Node_754,31,0,-2,31,-2,,,,,,,,,
6,VISIT,714,Nearest,OnArrival,5,76,21285,Node_754,31,0,-2,31,-2,,,,,,,,,
6,VISIT,715,Nearest,OnArrival,5,76,21285,Node_754,31,0,-2,31,-2,,,,,,,,,
6,VISIT,716,Nearest,OnArrival,5,75,21285,Node_754,31,0,-2,31,-2,,,,,,,,,
6,VISIT,726,Nearest,OnArrival,5,11,21285,Node_705,30,0,8,30,8,,,,,,,,,
6,VISIT,728,Nearest,OnArrival,5,11,21285,Node_736,31,0,7,31,7,,,,,,,,,
6,VISIT,693,Nearest,OnArrival,5,216,21289,Node_752,29,0,-4,29,-4,,,,,,,,,
6,VISIT,696,Nearest,OnArrival,5,216,21289,Node_752,29,0,-4,29,-4,,,,,,,,,
6,VISIT,697,Nearest,OnArrival,5,175,21289,Node_752,29,0,-4,29,-4,,,,,,,,,
6,VISIT,698,Nearest,OnArrival,5,178,21289,Node_752,29,0,-4,29,-4,,,,,,,,,
6,VISIT,699,Nearest,OnArrival,5,175,21289,Node_752,29,0,-4,29,-4,,,,,,,,,
6,VISIT,700,Nearest,OnArrival,5,175,21289,Node_752,29,0,-4,29,-4,,,,,,,,,
6,VISIT,701,Nearest,OnArrival,5,153,21289,Node_752,29,0,-4,29,-4,,,,,,,,,
6,VISIT,702,Nearest,OnArrival,5,151,21289,Node_752,29,0,-4,29,-4,,,,,,,,,
6,VISIT,703,Nearest,OnArrival,5,153,21289,Node_752,29,0,-4,29,-4,,,,,,,,,
6,VISIT,704,Nearest,OnArrival,5,153,21289,Node_752,29,0,-4,29,-4,,,,,,,,,
6,VISIT,707,Nearest,OnArrival,5,126,21289,Node_756,31,0,-1,31,-1,,,,,,,,,
6,VISIT,709,Nearest,OnArrival,5,81,21289,Node_93,13,0,13,13,13,,,,,,,,,
6,VISIT,710,Nearest,OnArrival,5,84,21289,Node_170,13,0,7,13,7,,,,,,,,,
6,VISIT,711,Nearest,OnArrival,5,81,21289,Node_168,13,0,9,13,9,,,,,,,,,
6,VISIT,712,Nearest,OnArrival,5,81,21289,Node_93,13,0,13,13,13,,,,,,,,,
6,VISIT,713,Nearest,OnArrival,5,77,21289,Node_756,31,0,-1,31,-1,,,,,,,,,
6,VISIT,714,Nearest,OnArrival,5,77,21289,Node_756,31,0,-1,31,-1,,,,,,,,,
6,VISIT,715,Nearest,OnArrival,5,77,21289,Node_756,31,0,-1,31,-1,,,,,,,,,
6,VISIT,716,Nearest,OnArrival,5,76,21289,Node_756,31,0,-1,31,-1,,,,,,,,,
6,VISIT,721,Nearest,OnArrival,5,32,21289,Node_754,31,0,-2,31,-2,,,,,,,,,
6,VISIT,725,Nearest,OnArrival,5,12,21289,Node_376,30,0,9,30,9,,,,,,,,,
6,VISIT,726,Nearest,OnArrival,5,12,21289,Node_706,30,0,7,30,7,,,,,,,,,
6,VISIT,727,Nearest,OnArrival,5,12,21289,Node_376,30,0,9,30,9,,,,,,,,,
6,VISIT,728,Nearest,OnArrival,5,12,21289,Node_733,32,0,7,32,7,,,,,,,,,
6,VISIT,693,Nearest,OnArrival,5,217,21294,Node_749,30,0,-4,30,-4,,,,,,,,,
6,VISIT,696,Nearest,OnArrival,5,217,21294,Node_749,30,0,-4,30,-4,,,,,,,,,
6,VISIT,697,Nearest,OnArrival,5,176,21294,Node_749,30,0,-4,30,-4,,,,,,,,,
6,VISIT,698,Nearest,OnArrival,5,179,21294,Node_749,30,0,-4,30,-4,,,,,,,,,
6,VISIT,699,Nearest,OnArrival,5,176,21294,Node_749,30,0,-4,30,-4,,,,,,,,,
6,VISIT,700,Nearest,OnArrival,5,176,21294,Node_749,30,0,-4,30,-4,,,,,,,,,
6,VISIT,701,Nearest,OnArrival,5,154,21294,Node_749,30,0,-4,30,-4,,,,,,,,,
6,VISIT,702,Nearest,OnArrival,5,152,21294,Node_749,30,0,-4,30,-4,,,,,,,,,
6,VISIT,703,Nearest,OnArrival,5,154,21294,Node_749,30,0,-4,30,-4,,,,,,,,,
6,VISIT,704,Nearest,OnArrival,5,154,21294,Node_749,30,0,-4,30,-4,,,,,,,,,
6,VISIT,707,Nearest,OnArrival,5,127,21294,Node_757,31,0,0,31,0,,,,,,,,,
6,VISIT,709,Nearest,OnArrival,5,82,21294,Node_90,13,0,12,13,12,,,,,,,,,
6,VISIT,710,Nearest,OnArrival,5,85,21294,Node_172,13,0,6,13,6,,,,,,,,,
6,VISIT,711,Nearest,OnArrival,5,82,21294,Node_169,13,0,8,13,8,,,,,,,,,
6,VISIT,712,Nearest,OnArrival,5,82,21294,Node_90,13,0,12,13,12,,,,,,,,,
6,VISIT,713,Nearest,OnArrival,5,78,21294,Node_757,31,0,0,31,0,,,,,,,,,
6,VISIT,714,Nearest,OnArrival,5,78,21294,Node_757,31,0,0,31,0,,,,,,,,,
6,VISIT,715,Nearest,OnArrival,5,78,21294,Node_757,31,0,0,31,0,,,,,,,,,
6,VISIT,716,Nearest,OnArrival,5,77,21294,Node_757,31,0,0,31,0,,,,,,,,,
6,VISIT,721,Nearest,OnArrival,5,33,21294,Node_756,31,0,-1,31,-1,,,,,,,,,
6,VISIT,725,Nearest,OnArrival,5,13,21294,Node_705,30,0,8,30,8,,,,,,,,,
6,VISIT,726,Nearest,OnArrival,5,13,21294,Node_707,30,0,6,30,6,,,,,,,,,
6,VISIT,727,Nearest,OnArrival,5,13,21294,Node_705,30,0,8,30,8,,,,,,,,,
6,VISIT,693,Nearest,OnArrival,5,218,21299,Node_750,30,0,-5,30,-5,,,,,,,,,
6,VISIT,696,Nearest,OnArrival,5,218,21299,Node_750,30,0,-5,30,-5,,,,,,,,,
6,VISIT,697,Nearest,OnArrival,5,177,21299,Node_750,30,0,-5,30,-5,,,,,,,,,
6,VISIT,698,Nearest,OnArrival,5,180,21299,Node_750,30,0,-5,30,-5,,,,,,,,,
6,VISIT,699,Nearest,OnArrival,5,177,21299,Node_750,30,0,-5,30,-5,,,,,,,,,
6,VISIT,700,Nearest,OnArrival,5,177,21299,Node_750,30,0,-5,30,-5,,,,,,,,,
6,VISIT,701,Nearest,OnArrival,5,155,21299,Node_750,30,0,-5,30,-5,,,,,,,,,
6,VISIT,702,Nearest,OnArrival,5,153,21299,Node_750,30,0,-5,30,-5,,,,,,,,,
6,VISIT,703,Nearest,OnArrival,5,155,21299,Node_750,30,0,-5,30,-5,,,,,,,,,
6,VISIT,704,Nearest,OnArrival,5,155,21299,Node_750,30,0,-5,30,-5,,,,,,,,,
6,VISIT,707,Nearest,OnArrival,5,128,21299,Node_758,31,0,1,31,1,,,,,,,,,
6,VISIT,709,Nearest,OnArrival,5,83,21299,Node_130,13,0,11,13,11,,,,,,,,,
6,VISIT,710,Nearest,OnArrival,5,86,21299,Node_188,14,0,6,14,6,,,,,,,,,
6,VISIT,711,Nearest,OnArrival,5,83,21299,Node_170,13,0,7,13,7,,,,,,,,,
6,VISIT,712,Nearest,OnArrival,5,83,21299,Node_130,13,0,11,13,11,,,,,,,,,
6,VISIT,713,Nearest,OnArrival,5,79,21299,Node_758,31,0,1,31,1,,,,,,,,,
6,VISIT,714,Nearest,OnArrival,5,79,21299,Node_758,31,0,1,31,1,,,,,,,,,
6,VISIT,715,Nearest,OnArrival,5,79,21299,Node_758,31,0,1,31,1,,,,,,,,,
6,VISIT,716,Nearest,OnArrival,5,78,21299,Node_758,31,0,1,31,1,,,,,,,,,
6,VISIT,721,Nearest,OnArrival,5,34,21299,Node_745,30,0,-1,30,-1,,,,,,,,,
6,VISIT,725,Nearest,OnArrival,5,14,21299,Node_706,30,0,7,30,7,,,,,,,,,
6,VISIT,726,Nearest,OnArrival,5,14,21299,Node_747,31,0,6,31,6,,,,,,,,,
6,VISIT,727,Nearest,OnArrival,5,14,21299,Node_706,30,0,7,30,7,,,,,,,,,
6,VISIT,707,Nearest,OnArrival,5,129,21304,Node_760,32,0,1,32,1,,,,,,,,,
6,VISIT,709,Nearest,OnArrival,5,84,21304,Node_166,13,0,10,13,10,,,,,,,,,
6,VISIT,710,Nearest,OnArrival,5,87,21304,Node_68,15,0,6,15,6,,,,,,,,,
6,VISIT,711,Nearest,OnArrival,5,84,21304,Node_172,13,0,6,13,6,,,,,,,,,
6,VISIT,712,Nearest,OnArrival,5,84,21304,Node_166,13,0,10,13,10,,,,,,,,,
6,VISIT,713,Nearest,OnArrival,5,80,21304,Node_760,32,0,1,32,1,,,,,,,,,
6,VISIT,714,Nearest,OnArrival,5,80,21304,Node_760,32,0,1,32,1,,,,,,,,,
6,VISIT,715,Nearest,OnArrival,5,80,21304,Node_760,32,0,1,32,1,,,,,,,,,
6,VISIT,716,Nearest,OnArrival,5,79,21304,Node_760,32,0,1,32,1,,,,,,,,,
6,VISIT,721,Nearest,OnArrival,5,35,21304,Node_756,31,0,-1,31,-1,,,,,,,,,
6,VISIT,725,Nearest,OnArrival,5,15,21304,Node_707,30,0,6,30,6,,,,,,,,,
6,VISIT,726,Nearest,OnArrival,5,15,21304,Node_730,32,0,6,32,6,,,,,,,,,
6,VISIT,727,Nearest,OnArrival,5,15,21304,Node_707,30,0,6,30,6,,,,,,,,,
6,VISIT,707,Nearest,OnArrival,5,130,21310,Node_762,32,0,0,32,0,,,,,,,,,
6,VISIT,709,Nearest,OnArrival,5,85,21310,Node_168,13,0,9,13,9,,,,,,,,,
6,VISIT,710,Nearest,OnArrival,5,88,21310,Node_70,15,0,5,15,5,,,,,,,,,
6,VISIT,711,Nearest,OnArrival,5,85,21310,Node_188,14,0,6,14,6,,,,,,,,,
6,VISIT,712,Nearest,OnArrival,5,85,21310,Node_168,13,0,9,13,9,,,,,,,,,
6,VISIT,713,Nearest,OnArrival,5,81,21310,Node_762,32,0,0,32,0,,,,,,,,,
6,VISIT,714,Nearest,OnArrival,5,81,21310,Node_762,32,0,0,32,0,,,,,,,,,
6,VISIT,715,Nearest,OnArrival,5,81,21310,Node_762,32,0,0,32,0,,,,,,,,,
6,VISIT,716,Nearest,OnArrival,5,80,21310,Node_762,32,0,0,32,0,,,,,,,,,
6,VISIT,721,Nearest,OnArrival,5,36,21310,Node_757,31,0,0,31,0,,,,,,,,,
6,VISIT,723,Nearest,OnArrival,5,31,21310,Node_757,31,0,0,31,0,,,,,,,,,
6,VISIT,724,Nearest,OnArrival,5,22,21310,Node_757,31,0,0,31,0,,,,,,,,,
6,VISIT,725,Nearest,OnArrival,5,16,21310,Node_747,31,0,6,31,6,,,,,,,,,
6,VISIT,727,Nearest,OnArrival,5,16,21310,Node_747,31,0,6,31,6,,,,,,,,,
6,VISIT,707,Nearest,OnArrival,5,131,21316,Node_757,31,0,0,31,0,,,,,,,,,
6,VISIT,709,Nearest,OnArrival,5,86,21316,Node_169,13,0,8,13,8,,,,,,,,,
6,VISIT,710,Nearest,OnArrival,5,89,21316,Node_73,15,0,4,15,4,,,,,,,,,
6,VISIT,711,Nearest,OnArrival,5,86,21316,Node_68,15,0,6,15,6,,,,,,,,,
6,VISIT,712,Nearest,OnArrival,5,86,21316,Node_169,13,0,8,13,8,,,,,,,,,
6,VISIT,713,Nearest,OnArrival,5,82,21316,Node_757,31,0,0,31,0,,,,,,,,,
6,VISIT,714,Nearest,OnArrival,5,82,21316,Node_757,31,0,0,31,0,,,,,,,,,
6,VISIT,715,Nearest,OnArrival,5,82,21316,Node_757,31,0,0,31,0,,,,,,,,,
6,VISIT,716,Nearest,OnArrival,5,81,21316,Node_757,31,0,0,31,0,,,,,,,,,
6,VISIT,721,Nearest,OnArrival,5,37,21316,Node_762,32,0,0,32,0,,,,,,,,,
6,VISIT,723,Nearest,OnArrival,5,32,21316,Node_762,32,0,0,32,0,,,,,,,,,
6,VISIT,724,Nearest,OnArrival,5,23,21316,Node_762,32,0,0,32,0,,,,,,,,,
6,VISIT,725,Nearest,OnArrival,5,17,21316,Node_730,32,0,6,32,6,,,,,,,,,
6,VISIT,726,Nearest,OnArrival,5,16,21316,Node_759,33,0,7,33,7,,,,,,,,,
6,VISIT,727,Nearest,OnArrival,5,17,21316,Node_730,32,0,6,32,6,,,,,,,,,
6,VISIT,707,Nearest,OnArrival,5,132,21323,Node_762,32,0,0,32,0,,,,,,,,,
6,VISIT,709,Nearest,OnArrival,5,87,21323,Node_170,13,0,7,13,7,,,,,,,,,
6,VISIT,710,Nearest,OnArrival,5,90,21323,Node_81,16,0,4,16,4,,,,,,,,,
6,VISIT,711,Nearest,OnArrival,5,87,21323,Node_70,15,0,5,15,5,,,,,,,,,
6,VISIT,712,Nearest,OnArrival,5,87,21323,Node_170,13,0,7,13,7,,,,,,,,,
6,VISIT,713,Nearest,OnArrival,5,83,21323,Node_762,32,0,0,32,0,,,,,,,,,
6,VISIT,714,Nearest,OnArrival,5,83,21323,Node_762,32,0,0,32,0,,,,,,,,,
6,VISIT,715,Nearest,OnArrival,5,83,21323,Node_762,32,0,0,32,0,,,,,,,,,
6,VISIT,716,Nearest,OnArrival,5,82,21323,Node_762,32,0,0,32,0,,,,,,,,,
6,VISIT,725,Nearest,OnArrival,5,18,21323,Node_728,32,0,5,32,5,,,,,,,,,
6,VISIT,727,Nearest,OnArrival,5,18,21323,Node_728,32,0,5,32,5,,,,,,,,,
6,VISIT,707,Nearest,OnArrival,5,133,21330,Node_769,33,0,0,33,0,,,,,,,,,
6,VISIT,709,Nearest,OnArrival,5,88,21330,Node_172,13,0,6,13,6,,,,,,,,,
6,VISIT,710,Nearest,OnArrival,5,91,21330,Node_177,17,0,4,17,4,,,,,,,,,
6,VISIT,711,Nearest,OnArrival,5,88,21330,Node_73,15,0,4,15,4,,,,,,,,,
6,VISIT,712,Nearest,OnArrival,5,88,21330,Node_172,13,0,6,13,6,,,,,,,,,
6,VISIT,713,Nearest,OnArrival,5,84,21330,Node_769,33,0,0,33,0,,,,,,,,,
6,VISIT,714,Nearest,OnArrival,5,84,21330,Node_769,33,0,0,33,0,,,,,,,,,
6,VISIT,715,Nearest,OnArrival,5,84,21330,Node_769,33,0,0,33,0,,,,,,,,,
6,VISIT,716,Nearest,OnArrival,5,83,21330,Node_769,33,0,0,33,0,,,,,,,,,
6,VISIT,725,Nearest,OnArrival,5,19,21330,Node_738,33,0,5,33,5,,,,,,,,,
6,VISIT,726,Nearest,OnArrival,5,17,21330,Node_763,34,0,8,34,8,,,,,,,,,
6,VISIT,727,Nearest,OnArrival,5,19,21330,Node_738,33,0,5,33,5,,,,,,,,,
6,VISIT,707,Nearest,OnArrival,5,134,21338,Node_773,33,0,1,33,1,,,,,,,,,
6,VISIT,709,Nearest,OnArrival,5,89,21338,Node_188,14,0,6,14,6,,,,,,,,,
6,VISIT,710,Nearest,OnArrival,5,92,21338,Node_174,18,0,4,18,4,,,,,,,,,
6,VISIT,711,Nearest,OnArrival,5,89,21338,Node_81,16,0,4,16,4,,,,,,,,,
6,VISIT,712,Nearest,OnArrival,5,89,21338,Node_188,14,0,6,14,6,,,,,,,,,
6,VISIT,713,Nearest,OnArrival,5,85,21338,Node_773,33,0,1,33,1,,,,,,,,,
6,VISIT,714,Nearest,OnArrival,5,85,21338,Node_773,33,0,1,33,1,,,,,,,,,
6,VISIT,715,Nearest,OnArrival,5,85,21338,Node_773,33,0,1,33,1,,,,,,,,,
6,VISIT,716,Nearest,OnArrival,5,84,21338,Node_773,33,0,1,33,1,,,,,,,,,
6,VISIT,725,Nearest,OnArrival,5,20,21338,Node_764,33,0,6,33,6,,,,,,,,,
6,VISIT,727,Nearest,OnArrival,5,20,21338,Node_764,33,0,6,33,6,,,,,,,,,
6,VISIT,728,Nearest,OnArrival,5,13,21338,Node_713,32,0,11,32,11,,,,,,,,,
6,VISIT,707,Nearest,OnArrival,5,135,21347,Node_775,33,0,2,33,2,,,,,,,,,
6,VISIT,709,Nearest,OnArrival,5,90,21347,Node_68,15,0,6,15,6,,,,,,,,,
6,VISIT,710,Nearest,OnArrival,5,93,21347,Node_149,19,0,4,19,4,,,,,,,,,
6,VISIT,711,Nearest,OnArrival,5,90,21347,Node_177,17,0,4,17,4,,,,,,,,,
6,VISIT,712,Nearest,OnArrival,5,90,21347,Node_68,15,0,6,15,6,,,,,,,,,
6,VISIT,713,Nearest,OnArrival,5,86,21347,Node_775,33,0,2,33,2,,,,,,,,,
6,VISIT,714,Nearest,OnArrival,5,86,21347,Node_775,33,0,2,33,2,,,,,,,,,
6,VISIT,715,Nearest,OnArrival,5,86,21347,Node_775,33,0,2,33,2,,,,,,,,,
6,VISIT,716,Nearest,OnArrival,5,85,21347,Node_775,33,0,2,33,2,,,,,,,,,
6,VISIT,721,Nearest,OnArrival,5,38,21347,Node_732,33,0,3,33,3,,,,,,,,,
6,VISIT,723,Nearest,OnArrival,5,33,21347,Node_732,33,0,3,33,3,,,,,,,,,
6,VISIT,724,Nearest,OnArrival,5,24,21347,Node_732,33,0,3,33,3,,,,,,,,,
6,VISIT,725,Nearest,OnArrival,5,21,21347,Node_759,33,0,7,33,7,,,,,,,,,
6,VISIT,727,Nearest,OnArrival,5,21,21347,Node_759,33,0,7,33,7,,,,,,,,,
6,VISIT,728,Nearest,OnArrival,5,14,21347,Node_714,32,0,12,32,12,,,,,,,,,
6,VISIT,696,Nearest,OnArrival,5,219,21357,Node_769,33,0,0,33,0,,,,,,,,,
6,VISIT,697,Nearest,OnArrival,5,178,21357,Node_769,33,0,0,33,0,,,,,,,,,
6,VISIT,698,Nearest,OnArrival,5,181,21357,Node_769,33,0,0,33,0,,,,,,,,,
6,VISIT,699,Nearest,OnArrival,5,178,21357,Node_769,33,0,0,33,0,,,,,,,,,
6,VISIT,700,Nearest,OnArrival,5,178,21357,Node_769,33,0,0,33,0,,,,,,,,,
6,VISIT,701,Nearest,OnArrival,5,156,21357,Node_769,33,0,0,33,0,,,,,,,,,
6,VISIT,702,Nearest,OnArrival,5,154,21357,Node_769,33,0,0,33,0,,,,,,,,,
6,VISIT,703,Nearest,OnArrival,5,156,21357,Node_769,33,0,0,33,0,,,,,,,,,
6,VISIT,704,Nearest,OnArrival,5,156,21357,Node_769,33,0,0,33,0,,,,,,,,,
6,VISIT,707,Nearest,OnArrival,5,136,21357,Node_732,33,0,3,33,3,,,,,,,,,
6,VISIT,709,Nearest,OnArrival,5,91,21357,Node_70,15,0,5,15,5,,,,,,,,,
6,VISIT,710,Nearest,OnArrival,5,94,21357,Node_153,19,0,3,19,3,,,,,,,,,
6,VISIT,711,Nearest,OnArrival,5,91,21357,Node_174,18,0,4,18,4,,,,,,,,,
6,VISIT,712,Nearest,OnArrival,5,91,21357,Node_70,15,0,5,15,5,,,,,,,,,
6,VISIT,713,Nearest,OnArrival,5,87,21357,Node_732,33,0,3,33,3,,,,,,,,,
6,VISIT,714,Nearest,OnArrival,5,87,21357,Node_732,33,0,3,33,3,,,,,,,,,
6,VISIT,715,Nearest,OnArrival,5,87,21357,Node_732,33,0,3,33,3,,,,,,,,,
6,VISIT,716,Nearest,OnArrival,5,86,21357,Node_732,33,0,3,33,3,,,,,,,,,
6,VISIT,725,Nearest,OnArrival,5,22,21357,Node_770,34,0,7,34,7,,,,,,,,,
6,VISIT,727,Nearest,OnArrival,5,22,21357,Node_770,34,0,7,34,7,,,,,,,,,
6,VISIT,728,Nearest,OnArrival,5,15,21357,Node_381,31,0,12,31,12,,,,,,,,,
6,VISIT,707,Nearest,OnArrival,5,137,21367,Node_779,34,0,3,34,3,,,,,,,,,
6,VISIT,709,Nearest,OnArrival,5,92,21367,Node_73,15,0,4,15,4,,,,,,,,,
6,VISIT,710,Nearest,OnArrival,5,95,21367,Node_157,19,0,2,19,2,,,,,,,,,
6,VISIT,711,Nearest,OnArrival,5,92,21367,Node_149,19,0,4,19,4,,,,,,,,,
6,VISIT,712,Nearest,OnArrival,5,92,21367,Node_73,15,0,4,15,4,,,,,,,,,
6,VISIT,713,Nearest,OnArrival,5,88,21367,Node_779,34,0,3,34,3,,,,,,,,,
6,VISIT,714,Nearest,OnArrival,5,88,21367,Node_779,34,0,3,34,3,,,,,,,,,
6,VISIT,715,Nearest,OnArrival,5,88,21367,Node_779,34,0,3,34,3,,,,,,,,,
6,VISIT,716,Nearest,OnArrival,5,87,21367,Node_779,34,0,3,34,3,,,,,,,,,
6,VISIT,728,Nearest,OnArrival,5,16,21367,Node_718,31,0,13,31,13,,,,,,,,,
6,VISIT,707,Nearest,OnArrival,5,138,21378,Node_782,34,0,4,34,4,,,,,,,,,
6,VISIT,709,Nearest,OnArrival,5,93,21378,Node_81,16,0,4,16,4,,,,,,,,,
6,VISIT,710,Nearest,OnArrival,5,96,21378,Node_161,19,0,1,19,1,,,,,,,,,
6,VISIT,711,Nearest,OnArrival,5,93,21378,Node_153,19,0,3,19,3,,,,,,,,,
6,VISIT,712,Nearest,OnArrival,5,93,21378,Node_81,16,0,4,16,4,,,,,,,,,
6,VISIT,713,Nearest,OnArrival,5,89,21378,Node_782,34,0,4,34,4,,,,,,,,,
6,VISIT,714,Nearest,OnArrival,5,89,21378,Node_782,34,0,4,34,4,,,,,,,,,
6,VISIT,715,Nearest,OnArrival,5,89,21378,Node_782,34,0,4,34,4,,,,,,,,,
6,VISIT,716,Nearest,OnArrival,5,88,21378,Node_782,34,0,4,34,4,,,,,,,,,
6,VISIT,721,Nearest,OnArrival,5,39,21378,Node_735,33,0,4,33,4,,,,,,,,,
6,VISIT,723,Nearest,OnArrival,5,34,21378,Node_735,33,0,4,33,4,,,,,,,,,
6,VISIT,724,Nearest,OnArrival,5,25,21378,Node_735,33,0,4,33,4,,,,,,,,,
6,VISIT,725,Nearest,OnArrival,5,23,21378,Node_776,35,0,8,35,8,,,,,,,,,
6,VISIT,726,Nearest,OnArrival,5,18,21378,Node_771,34,0,11,34,11,,,,,,,,,
6,VISIT,727,Nearest,OnArrival,5,23,21378,Node_776,35,0,8,35,8,,,,,,,,,
6,VISIT,707,Nearest,OnArrival,5,139,21389,Node_735,33,0,4,33,4,,,,,,,,,
6,VISIT,709,Nearest,OnArrival,5,94,21389,Node_177,17,0,4,17,4,,,,,,,,,
6,VISIT,710,Nearest,OnArrival,5,97,21389,Node_298,19,0,0,19,0,,,,,,,,,
6,VISIT,711,Nearest,OnArrival,5,94,21389,Node_157,19,0,2,19,2,,,,,,,,,
6,VISIT,712,Nearest,OnArrival,5,94,21389,Node_177,17,0,4,17,4,,,,,,,,,
6,VISIT,713,Nearest,OnArrival,5,90,21389,Node_735,33,0,4,33,4,,,,,,,,,
6,VISIT,714,Nearest,OnArrival,5,90,21389,Node_735,33,0,4,33,4,,,,,,,,,
6,VISIT,715,Nearest,OnArrival,5,90,21389,Node_735,33,0,4,33,4,,,,,,,,,
6,VISIT,716,Nearest,OnArrival,5,89,21389,Node_735,33,0,4,33,4,,,,,,,,,
6,VISIT,721,Nearest,OnArrival,5,40,21389,Node_726,32,0,4,32,4,,,,,,,,,
6,VISIT,723,Nearest,OnArrival,5,35,21389,Node_726,32,0,4,32,4,,,,,,,,,
6,VISIT,724,Nearest,OnArrival,5,26,21389,Node_726,32,0,4,32,4,,,,,,,,,
6,VISIT,725,Nearest,OnArrival,5,24,21389,Node_778,35,0,9,35,9,,,,,,,,,
6,VISIT,726,Nearest,OnArrival,5,19,21389,Node_767,34,0,10,34,10,,,,,,,,,
6,VISIT,727,Nearest,OnArrival,5,24,21389,Node_778,35,0,9,35,9,,,,,,,,,
6,VISIT,696,Nearest,OnArrival,5,220,21401,Node_779,34,0,3,34,3,,,,,,,,,
6,VISIT,697,Nearest,OnArrival,5,179,21401,Node_779,34,0,3,34,3,,,,,,,,,
6,VISIT,698,Nearest,OnArrival,5,182,21401,Node_779,34,0,3,34,3,,,,,,,,,
6,VISIT,699,Nearest,OnArrival,5,179,21401,Node_779,34,0,3,34,3,,,,,,,,,
6,VISIT,700,Nearest,OnArrival,5,179,21401,Node_779,34,0,3,34,3,,,,,,,,,
6,VISIT,701,Nearest,OnArrival,5,157,21401,Node_779,34,0,3,34,3,,,,,,,,,
6,VISIT,702,Nearest,OnArrival,5,155,21401,Node_779,34,0,3,34,3,,,,,,,,,
6,VISIT,703,Nearest,OnArrival,5,157,21401,Node_779,34,0,3,34,3,,,,,,,,,
6,VISIT,704,Nearest,OnArrival,5,157,21401,Node_779,34,0,3,34,3,,,,,,,,,
6,VISIT,707,Nearest,OnArrival,5,140,21401,Node_726,32,0,4,32,4,,,,,,,,,
6,VISIT,709,Nearest,OnArrival,5,95,21401,Node_174,18,0,4,18,4,,,,,,,,,
6,VISIT,711,Nearest,OnArrival,5,95,21401,Node_161,19,0,1,19,1,,,,,,,,,
6,VISIT,712,Nearest,OnArrival,5,95,21401,Node_174,18,0,4,18,4,,,,,,,,,
6,VISIT,713,Nearest,OnArrival,5,91,21401,Node_726,32,0,4,32,4,,,,,,,,,
6,VISIT,714,Nearest,OnArrival,5,91,21401,Node_726,32,0,4,32,4,,,,,,,,,
6,VISIT,715,Nearest,OnArrival,5,91,21401,Node_726,32,0,4,32,4,,,,,,,,,
6,VISIT,716,Nearest,OnArrival,5,90,21401,Node_726,32,0,4,32,4,,,,,,,,,
6,VISIT,721,Nearest,OnArrival,5,41,21401,Node_735,33,0,4,33,4,,,,,,,,,
6,VISIT,723,Nearest,OnArrival,5,36,21401,Node_735,33,0,4,33,4,,,,,,,,,
6,VISIT,724,Nearest,OnArrival,5,27,21401,Node_735,33,0,4,33,4,,,,,,,,,
6,VISIT,725,Nearest,OnArrival,5,25,21401,Node_765,34,0,9,34,9,,,,,,,,,
6,VISIT,726,Nearest,OnArrival,5,20,21401,Node_780,35,0,10,35,10,,,,,,,,,
6,VISIT,727,Nearest,OnArrival,5,25,21401,Node_765,34,0,9,34,9,,,,,,,,,
6,VISIT,728,Nearest,OnArrival,5,17,21401,Node_720,31,0,14,31,14,,,,,,,,,
6,VISIT,707,Nearest,OnArrival,5,141,21414,Node_735,33,0,4,33,4,,,,,,,,,
6,VISIT,709,Nearest,OnArrival,5,96,21414,Node_149,19,0,4,19,4,,,,,,,,,
6,VISIT,711,Nearest,OnArrival,5,96,21414,Node_298,19,0,0,19,0,,,,,,,,,
6,VISIT,712,Nearest,OnArrival,5,96,21414,Node_149,19,0,4,19,4,,,,,,,,,
6,VISIT,713,Nearest,OnArrival,5,92,21414,Node_735,33,0,4,33,4,,,,,,,,,
6,VISIT,714,Nearest,OnArrival,5,92,21414,Node_735,33,0,4,33,4,,,,,,,,,
6,VISIT,715,Nearest,OnArrival,5,92,21414,Node_735,33,0,4,33,4,,,,,,,,,
6,VISIT,716,Nearest,OnArrival,5,91,21414,Node_735,33,0,4,33,4,,,,,,,,,
6,VISIT,721,Nearest,OnArrival,5,42,21414,Node_782,34,0,4,34,4,,,,,,,,,
6,VISIT,723,Nearest,OnArrival,5,37,21414,Node_782,34,0,4,34,4,,,,,,,,,
6,VISIT,724,Nearest,OnArrival,5,28,21414,Node_782,34,0,4,34,4,,,,,,,,,
6,VISIT,725,Nearest,OnArrival,5,26,21414,Node_767,34,0,10,34,10,,,,,,,,,
6,VISIT,727,Nearest,OnArrival,5,26,21414,Node_778,35,0,9,35,9,,,,,,,,,
6,VISIT,728,Nearest,OnArrival,5,18,21414,Node_721,31,0,15,31,15,,,,,,,,,
6,VISIT,707,Nearest,OnArrival,5,142,21427,Node_782,34,0,4,34,4,,,,,,,,,
6,VISIT,709,Nearest,OnArrival,5,97,21427,Node_153,19,0,3,19,3,,,,,,,,,
6,VISIT,710,Nearest,OnArrival,5,98,21427,Node_405,22,0,0,22,0,,,,,,,,,
6,VISIT,712,Nearest,OnArrival,5,97,21427,Node_153,19,0,3,19,3,,,,,,,,,
6,VISIT,713,Nearest,OnArrival,5,93,21427,Node_782,34,0,4,34,4,,,,,,,,,
6,VISIT,714,Nearest,OnArrival,5,93,21427,Node_782,34,0,4,34,4,,,,,,,,,
6,VISIT,715,Nearest,OnArrival,5,93,21427,Node_782,34,0,4,34,4,,,,,,,,,
6,VISIT,716,Nearest,OnArrival,5,92,21427,Node_782,34,0,4,34,4,,,,,,,,,
6,VISIT,725,Nearest,OnArrival,5,27,21427,Node_780,35,0,10,35,10,,,,,,,,,
6,VISIT,696,Nearest,OnArrival,5,221,21440,Node_782,34,0,4,34,4,,,,,,,,,
6,VISIT,697,Nearest,OnArrival,5,180,21440,Node_782,34,0,4,34,4,,,,,,,,,
6,VISIT,698,Nearest,OnArrival,5,183,21440,Node_782,34,0,4,34,4,,,,,,,,,
6,VISIT,699,Nearest,OnArrival,5,180,21440,Node_782,34,0,4,34,4,,,,,,,,,
6,VISIT,700,Nearest,OnArrival,5,180,21440,Node_782,34,0,4,34,4,,,,,,,,,
6,VISIT,701,Nearest,OnArrival,5,158,21440,Node_782,34,0,4,34,4,,,,,,,,,
6,VISIT,702,Nearest,OnArrival,5,156,21440,Node_782,34,0,4,34,4,,,,,,,,,
6,VISIT,703,Nearest,OnArrival,5,158,21440,Node_782,34,0,4,34,4,,,,,,,,,
6,VISIT,704,Nearest,OnArrival,5,158,21440,Node_782,34,0,4,34,4,,,,,,,,,
6,VISIT,707,Nearest,OnArrival,5,143,21440,Node_791,35,0,4,35,4,,,,,,,,,
6,VISIT,709,Nearest,OnArrival,5,98,21440,Node_157,19,0,2,19,2,,,,,,,,,
6,VISIT,710,Nearest,OnArrival,5,99,21440,Node_270,23,0,0,23,0,,,,,,,,,
6,VISIT,712,Nearest,OnArrival,5,98,21440,Node_157,19,0,2,19,2,,,,,,,,,
6,VISIT,713,Nearest,OnArrival,5,94,21440,Node_791,35,0,4,35,4,,,,,,,,,
6,VISIT,714,Nearest,OnArrival,5,94,21440,Node_791,35,0,4,35,4,,,,,,,,,
6,VISIT,715,Nearest,OnArrival,5,94,21440,Node_791,35,0,4,35,4,,,,,,,,,
6,VISIT,716,Nearest,OnArrival,5,93,21440,Node_791,35,0,4,35,4,,,,,,,,,
6,VISIT,725,Nearest,OnArrival,5,28,21440,Node_778,35,0,9,35,9,,,,,,,,,
6,VISIT,726,Nearest,OnArrival,5,21,21440,Node_778,35,0,9,35,9,,,,,,,,,
6,VISIT,696,Nearest,OnArrival,5,222,21454,Node_791,35,0,4,35,4,,,,,,,,,
6,VISIT,697,Nearest,OnArrival,5,181,21454,Node_791,35,0,4,35,4,,,,,,,,,
6,VISIT,698,Nearest,OnArrival,5,184,21454,Node_791,35,0,4,35,4,,,,,,,,,
6,VISIT,699,Nearest,OnArrival,5,181,21454,Node_791,35,0,4,35,4,,,,,,,,,
6,VISIT,700,Nearest,OnArrival,5,181,21454,Node_791,35,0,4,35,4,,,,,,,,,
6,VISIT,701,Nearest,OnArrival,5,159,21454,Node_791,35,0,4,35,4,,,,,,,,,
6,VISIT,702,Nearest,OnArrival,5,157,21454,Node_791,35,0,4,35,4,,,,,,,,,
6,VISIT,703,Nearest,OnArrival,5,159,21454,Node_791,35,0,4,35,4,,,,,,,,,
6,VISIT,704,Nearest,OnArrival,5,159,21454,Node_791,35,0,4,35,4,,,,,,,,,
6,VISIT,707,Nearest,OnArrival,5,144,21454,Node_794,36,0,4,36,4,,,,,,,,,
6,VISIT,709,Nearest,OnArrival,5,99,21454,Node_161,19,0,1,19,1,,,,,,,,,
6,VISIT,710,Nearest,OnArrival,5,100,21454,Node_271,23,0,-1,23,-1,,,,,,,,,
6,VISIT,711,Nearest,OnArrival,5,97,21454,Node_405,22,0,0,22,0,,,,,,,,,
6,VISIT,712,Nearest,OnArrival,5,99,21454,Node_161,19,0,1,19,1,,,,,,,,,
6,VISIT,713,Nearest,OnArrival,5,95,21454,Node_794,36,0,4,36,4,,,,,,,,,
6,VISIT,714,Nearest,OnArrival,5,95,21454,Node_794,36,0,4,36,4,,,,,,,,,
6,VISIT,715,Nearest,OnArrival,5,95,21454,Node_794,36,0,4,36,4,,,,,,,,,
6,VISIT,716,Nearest,OnArrival,5,94,21454,Node_794,36,0,4,36,4,,,,,,,,,
6,VISIT,725,Nearest,OnArrival,5,29,21454,Node_792,36,0,9,36,9,,,,,,,,,
6,VISIT,726,Nearest,OnArrival,5,22,21454,Node_792,36,0,9,36,9,,,,,,,,,
6,VISIT,696,Nearest,OnArrival,5,223,21467,Node_789,35,0,3,35,3,,,,,,,,,
6,VISIT,697,Nearest,OnArrival,5,182,21467,Node_789,35,0,3,35,3,,,,,,,,,
6,VISIT,698,Nearest,OnArrival,5,185,21467,Node_789,35,0,3,35,3,,,,,,,,,
6,VISIT,699,Nearest,OnArrival,5,182,21467,Node_789,35,0,3,35,3,,,,,,,,,
6,VISIT,700,Nearest,OnArrival,5,182,21467,Node_789,35,0,3,35,3,,,,,,,,,
6,VISIT,701,Nearest,OnArrival,5,160,21467,Node_789,35,0,3,35,3,,,,,,,,,
6,VISIT,702,Nearest,OnArrival,5,158,21467,Node_789,35,0,3,35,3,,,,,,,,,
6,VISIT,703,Nearest,OnArrival,5,160,21467,Node_789,35,0,3,35,3,,,,,,,,,
6,VISIT,704,Nearest,OnArrival,5,160,21467,Node_789,35,0,3,35,3,,,,,,,,,
6,VISIT,707,Nearest,OnArrival,5,145,21467,Node_797,36,0,3,36,3,,,,,,,,,
6,VISIT,709,Nearest,OnArrival,5,100,21467,Node_298,19,0,0,19,0,,,,,,,,,
6,VISIT,710,Nearest,OnArrival,5,101,21467,Node_272,23,0,-2,23,-2,,,,,,,,,
6,VISIT,711,Nearest,OnArrival,5,98,21467,Node_270,23,0,0,23,0,,,,,,,,,
6,VISIT,712,Nearest,OnArrival,5,100,21467,Node_298,19,0,0,19,0,,,,,,,,,
6,VISIT,713,Nearest,OnArrival,5,96,21467,Node_797,36,0,3,36,3,,,,,,,,,
6,VISIT,714,Nearest,OnArrival,5,96,21467,Node_797,36,0,3,36,3,,,,,,,,,
6,VISIT,715,Nearest,OnArrival,5,96,21467,Node_797,36,0,3,36,3,,,,,,,,,
6,VISIT,716,Nearest,OnArrival,5,95,21467,Node_797,36,0,3,36,3,,,,,,,,,
6,VISIT,721,Nearest,OnArrival,5,43,21467,Node_789,35,0,3,35,3,,,,,,,,,
6,VISIT,723,Nearest,OnArrival,5,38,21467,Node_789,35,0,3,35,3,,,,,,,,,
6,VISIT,724,Nearest,OnArrival,5,29,21467,Node_789,35,0,3,35,3,,,,,,,,,
6,VISIT,725,Nearest,OnArrival,5,30,21467,Node_790,36,0,10,36,10,,,,,,,,,
6,VISIT,726,Nearest,OnArrival,5,23,21467,Node_790,36,0,10,36,10,,,,,,,,,
6,VISIT,696,Nearest,OnArrival,5,224,21481,Node_797,36,0,3,36,3,,,,,,,,,
6,VISIT,697,Nearest,OnArrival,5,183,21481,Node_797,36,0,3,36,3,,,,,,,,,
6,VISIT,698,Nearest,OnArrival,5,186,21481,Node_797,36,0,3,36,3,,,,,,,,,
6,VISIT,699,Nearest,OnArrival,5,183,21481,Node_797,36,0,3,36,3,,,,,,,,,
6,VISIT,700,Nearest,OnArrival,5,183,21481,Node_797,36,0,3,36,3,,,,,,,,,
6,VISIT,701,Nearest,OnArrival,5,161,21481,Node_797,36,0,3,36,3,,,,,,,,,
6,VISIT,702,Nearest,OnArrival,5,159,21481,Node_797,36,0,3,36,3,,,,,,,,,
6,VISIT,703,Nearest,OnArrival,5,161,21481,Node_797,36,0,3,36,3,,,,,,,,,
6,VISIT,704,Nearest,OnArrival,5,161,21481,Node_797,36,0,3,36,3,,,,,,,,,
6,VISIT,707,Nearest,OnArrival,5,146,21481,Node_789,35,0,3,35,3,,,,,,,,,
6,VISIT,710,Nearest,OnArrival,5,102,21481,Node_412,24,0,-2,24,-2,,,,,,,,,
6,VISIT,711,Nearest,OnArrival,5,99,21481,Node_271,23,0,-1,23,-1,,,,,,,,,
6,VISIT,713,Nearest,OnArrival,5,97,21481,Node_789,35,0,3,35,3,,,,,,,,,
6,VISIT,714,Nearest,OnArrival,5,97,21481,Node_789,35,0,3,35,3,,,,,,,,,
6,VISIT,715,Nearest,OnArrival,5,97,21481,Node_789,35,0,3,35,3,,,,,,,,,
6,VISIT,716,Nearest,OnArrival,5,96,21481,Node_789,35,0,3,35,3,,,,,,,,,
6,VISIT,721,Nearest,OnArrival,5,44,21481,Node_797,36,0,3,36,3,,,,,,,,,
6,VISIT,723,Nearest,OnArrival,5,39,21481,Node_797,36,0,3,36,3,,,,,,,,,
6,VISIT,724,Nearest,OnArrival,5,30,21481,Node_797,36,0,3,36,3,,,,,,,,,
6,VISIT,725,Nearest,OnArrival,5,31,21481,Node_798,37,0,10,37,10,,,,,,,,,
6,VISIT,726,Nearest,OnArrival,5,24,21481,Node_798,37,0,10,37,10,,,,,,,,,
6,VISIT,707,Nearest,OnArrival,5,147,21496,Node_797,36,0,3,36,3,,,,,,,,,
6,VISIT,711,Nearest,OnArrival,5,100,21496,Node_272,23,0,-2,23,-2,,,,,,,,,
6,VISIT,713,Nearest,OnArrival,5,98,21496,Node_797,36,0,3,36,3,,,,,,,,,
6,VISIT,714,Nearest,OnArrival,5,98,21496,Node_797,36,0,3,36,3,,,,,,,,,
6,VISIT,715,Nearest,OnArrival,5,98,21496,Node_797,36,0,3,36,3,,,,,,,,,
6,VISIT,716,Nearest,OnArrival,5,97,21496,Node_797,36,0,3,36,3,,,,,,,,,
6,VISIT,725,Nearest,OnArrival,5,32,21496,Node_795,37,0,9,37,9,,,,,,,,,
6,VISIT,726,Nearest,OnArrival,5,25,21496,Node_795,37,0,9,37,9,,,,,,,,,
6,VISIT,729,Nearest,OnArrival,5,0,21497,Node_6,19,0,12,19,12,,,,,,,,,
6,VISIT,730,Nearest,OnArrival,5,0,21497,Node_7,19,0,8,19,8,,,,,,,,,
6,VISIT,731,Nearest,OnArrival,5,0,21497,Node_8,17,0,10,17,10,,,,,,,,,
6,VISIT,732,Nearest,OnArrival,5,0,21497,Node_9,21,0,10,21,10,,,,,,,,,
6,VISIT,707,Nearest,OnArrival,5,148,21501,Node_794,36,0,4,36,4,,,,,,,,,
6,VISIT,709,Nearest,OnArrival,5,101,21501,Node_405,22,0,0,22,0,,,,,,,,,
6,VISIT,710,Nearest,OnArrival,5,103,21501,Node_419,26,0,-2,26,-2,,,,,,,,,
6,VISIT,711,Nearest,OnArrival,5,101,21501,Node_412,24,0,-2,24,-2,,,,,,,,,
6,VISIT,712,Nearest,OnArrival,5,101,21501,Node_405,22,0,0,22,0,,,,,,,,,
6,VISIT,713,Nearest,OnArrival,5,99,21501,Node_794,36,0,4,36,4,,,,,,,,,
6,VISIT,714,Nearest,OnArrival,5,99,21501,Node_794,36,0,4,36,4,,,,,,,,,
6,VISIT,715,Nearest,OnArrival,5,99,21501,Node_794,36,0,4,36,4,,,,,,,,,
6,VISIT,716,Nearest,OnArrival,5,98,21501,Node_794,36,0,4,36,4,,,,,,,,,
6,VISIT,729,Nearest,OnArrival,5,1,21501,Node_2,19,0,11,19,11,,,,,,,,,
6,VISIT,730,Nearest,OnArrival,5,1,21501,Node_3,19,0,9,19,9,,,,,,,,,
6,VISIT,731,Nearest,OnArrival,5,1,21501,Node_4,18,0,10,18,10,,,,,,,,,
6,VISIT,732,Nearest,OnArrival,5,1,21501,Node_48,21,0,9,21,9,,,,,,,,,
6,VISIT,707,Nearest,OnArrival,5,149,21505,Node_803,37,0,4,37,4,,,,,,,,,
6,VISIT,709,Nearest,OnArrival,5,102,21505,Node_270,23,0,0,23,0,,,,,,,,,
6,VISIT,710,Nearest,OnArrival,5,104,21505,Node_423,26,0,-3,26,-3,,,,,,,,,
6,VISIT,712,Nearest,OnArrival,5,102,21505,Node_270,23,0,0,23,0,,,,,,,,,
6,VISIT,713,Nearest,OnArrival,5,100,21505,Node_803,37,0,4,37,4,,,,,,,,,
6,VISIT,714,Nearest,OnArrival,5,100,21505,Node_803,37,0,4,37,4,,,,,,,,,
6,VISIT,715,Nearest,OnArrival,5,100,21505,Node_803,37,0,4,37,4,,,,,,,,,
6,VISIT,716,Nearest,OnArrival,5,99,21505,Node_803,37,0,4,37,4,,,,,,,,,
6,VISIT,729,Nearest,OnArrival,5,2,21505,Node_20,19,0,10,19,10,,,,,,,,,
6,VISIT,730,Nearest,OnArrival,5,2,21505,Node_50,20,0,9,20,9,,,,,,,,,
6,VISIT,731,Nearest,OnArrival,5,2,21505,Node_15,18,0,9,18,9,,,,,,,,,
6,VISIT,732,Nearest,OnArrival,5,2,21505,Node_88,22,0,9,22,9,,,,,,,,,
6,VISIT,707,Nearest,OnArrival,5,150,21509,Node_801,37,0,3,37,3,,,,,,,,,
6,VISIT,709,Nearest,OnArrival,5,103,21509,Node_271,23,0,-1,23,-1,,,,,,,,,
6,VISIT,710,Nearest,OnArrival,5,105,21509,Node_424,26,0,-4,26,-4,,,,,,,,,
6,VISIT,711,Nearest,OnArrival,5,102,21509,Node_419,26,0,-2,26,-2,,,,,,,,,
6,VISIT,712,Nearest,OnArrival,5,103,21509,Node_271,23,0,-1,23,-1,,,,,,,,,
6,VISIT,713,Nearest,OnArrival,5,101,21509,Node_801,37,0,3,37,3,,,,,,,,,
6,VISIT,714,Nearest,OnArrival,5,101,21509,Node_801,37,0,3,37,3,,,,,,,,,
6,VISIT,715,Nearest,OnArrival,5,101,21509,Node_801,37,0,3,37,3,,,,,,,,,
6,VISIT,716,Nearest,OnArrival,5,100,21509,Node_801,37,0,3,37,3,,,,,,,,,
6,VISIT,729,Nearest,OnArrival,5,3,21509,Node_3,19,0,9,19,9,,,,,,,,,
6,VISIT,730,Nearest,OnArrival,5,3,21509,Node_48,21,0,9,21,9,,,,,,,,,
6,VISIT,731,Nearest,OnArrival,5,3,21509,Node_3,19,0,9,19,9,,,,,,,,,
6,VISIT,732,Nearest,OnArrival,5,3,21509,Node_129,23,0,9,23,9,,,,,,,,,
6,VISIT,697,Nearest,OnArrival,5,184,21513,Node_807,37,0,7,37,7,,,,,,,,,
6,VISIT,698,Nearest,OnArrival,5,187,21513,Node_807,37,0,7,37,7,,,,,,,,,
6,VISIT,699,Nearest,OnArrival,5,184,21513,Node_807,37,0,7,37,7,,,,,,,,,
6,VISIT,700,Nearest,OnArrival,5,184,21513,Node_807,37,0,7,37,7,,,,,,,,,
6,VISIT,701,Nearest,OnArrival,5,162,21513,Node_807,37,0,7,37,7,,,,,,,,,
6,VISIT,702,Nearest,OnArrival,5,160,21513,Node_807,37,0,7,37,7,,,,,,,,,
6,VISIT,703,Nearest,OnArrival,5,162,21513,Node_807,37,0,7,37,7,,,,,,,,,
6,VISIT,704,Nearest,OnArrival,5,162,21513,Node_807,37,0,7,37,7,,,,,,,,,
6,VISIT,709,Nearest,OnArrival,5,104,21513,Node_272,23,0,-2,23,-2,,,,,,,,,
6,VISIT,710,Nearest,OnArrival,5,106,21513,Node_430,27,0,-4,27,-4,,,,,,,,,
6,VISIT,711,Nearest,OnArrival,5,103,21513,Node_423,26,0,-3,26,-3,,,,,,,,,
6,VISIT,712,Nearest,OnArrival,5,104,21513,Node_272,23,0,-2,23,-2,,,,,,,,,
6,VISIT,721,Nearest,OnArrival,5,45,21513,Node_807,37,0,7,37,7,,,,,,,,,
6,VISIT,723,Nearest,OnArrival,5,40,21513,Node_807,37,0,7,37,7,,,,,,,,,
6,VISIT,724,Nearest,OnArrival,5,31,21513,Node_807,37,0,7,37,7,,,,,,,,,
6,VISIT,729,Nearest,OnArrival,5,4,21513,Node_50,20,0,9,20,9,,,,,,,,,
6,VISIT,730,Nearest,OnArrival,5,4,21513,Node_88,22,0,9,22,9,,,,,,,,,
6,VISIT,731,Nearest,OnArrival,5,4,21513,Node_50,20,0,9,20,9,,,,,,,,,
6,VISIT,709,Nearest,OnArrival,5,105,21517,Node_412,24,0,-2,24,-2,,,,,,,,,
6,VISIT,710,Nearest,OnArrival,5,107,21517,Node_431,27,0,-3,27,-3,,,,,,,,,
6,VISIT,711,Nearest,OnArrival,5,104,21517,Node_424,26,0,-4,26,-4,,,,,,,,,
6,VISIT,712,Nearest,OnArrival,5,105,21517,Node_412,24,0,-2,24,-2,,,,,,,,,
6,VISIT,729,Nearest,OnArrival,5,5,21517,Node_48,21,0,9,21,9,,,,,,,,,
6,VISIT,730,Nearest,OnArrival,5,5,21517,Node_129,23,0,9,23,9,,,,,,,,,
6,VISIT,731,Nearest,OnArrival,5,5,21517,Node_48,21,0,9,21,9,,,,,,,,,
6,VISIT,732,Nearest,OnArrival,5,4,21517,Node_136,25,0,9,25,9,,,,,,,,,
6,VISIT,710,Nearest,OnArrival,5,108,21521,Node_354,27,0,-2,27,-2,,,,,,,,,
6,VISIT,711,Nearest,OnArrival,5,105,21521,Node_430,27,0,-4,27,-4,,,,,,,,,
6,VISIT,729,Nearest,OnArrival,5,6,21521,Node_88,22,0,9,22,9,,,,,,,,,
6,VISIT,731,Nearest,OnArrival,5,6,21521,Node_88,22,0,9,22,9,,,,,,,,,
6,VISIT,732,Nearest,OnArrival,5,5,21521,Node_248,26,0,9,26,9,,,,,,,,,
6,VISIT,697,Nearest,OnArrival,5,185,21526,Node_804,37,0,8,37,8,,,,,,,,,
6,VISIT,698,Nearest,OnArrival,5,188,21526,Node_804,37,0,8,37,8,,,,,,,,,
6,VISIT,699,Nearest,OnArrival,5,185,21526,Node_804,37,0,8,37,8,,,,,,,,,
6,VISIT,700,Nearest,OnArrival,5,185,21526,Node_804,37,0,8,37,8,,,,,,,,,
6,VISIT,701,Nearest,OnArrival,5,163,21526,Node_804,37,0,8,37,8,,,,,,,,,
6,VISIT,702,Nearest,OnArrival,5,161,21526,Node_804,37,0,8,37,8,,,,,,,,,
6,VISIT,703,Nearest,OnArrival,5,163,21526,Node_804,37,0,8,37,8,,,,,,,,,
6,VISIT,704,Nearest,OnArrival,5,163,21526,Node_804,37,0,8,37,8,,,,,,,,,
6,VISIT,709,Nearest,OnArrival,5,106,21526,Node_419,26,0,-2,26,-2,,,,,,,,,
6,VISIT,710,Nearest,OnArrival,5,109,21526,Node_353,28,0,-2,28,-2,,,,,,,,,
6,VISIT,711,Nearest,OnArrival,5,106,21526,Node_431,27,0,-3,27,-3,,,,,,,,,
6,VISIT,712,Nearest,OnArrival,5,106,21526,Node_419,26,0,-2,26,-2,,,,,,,,,
6,VISIT,721,Nearest,OnArrival,5,46,21526,Node_804,37,0,8,37,8,,,,,,,,,
6,VISIT,723,Nearest,OnArrival,5,41,21526,Node_804,37,0,8,37,8,,,,,,,,,
6,VISIT,724,Nearest,OnArrival,5,32,21526,Node_804,37,0,8,37,8,,,,,,,,,
6,VISIT,725,Nearest,OnArrival,5,33,21526,Node_804,37,0,8,37,8,,,,,,,,,
6,VISIT,726,Nearest,OnArrival,5,26,21526,Node_804,37,0,8,37,8,,,,,,,,,
6,VISIT,729,Nearest,OnArrival,5,7,21526,Node_129,23,0,9,23,9,,,,,,,,,
6,VISIT,730,Nearest,OnArrival,5,6,21526,Node_136,25,0,9,25,9,,,,,,,,,
6,VISIT,731,Nearest,OnArrival,5,7,21526,Node_129,23,0,9,23,9,,,,,,,,,
6,VISIT,732,Nearest,OnArrival,5,6,21526,Node_287,27,0,9,27,9,,,,,,,,,
6,VISIT,697,Nearest,OnArrival,5,186,21531,Node_817,38,0,8,38,8,,,,,,,,,
6,VISIT,698,Nearest,OnArrival,5,189,21531,Node_817,38,0,8,38,8,,,,,,,,,
6,VISIT,699,Nearest,OnArrival,5,186,21531,Node_817,38,0,8,38,8,,,,,,,,,
6,VISIT,700,Nearest,OnArrival,5,186,21531,Node_817,38,0,8,38,8,,,,,,,,,
6,VISIT,701,Nearest,OnArrival,5,164,21531,Node_817,38,0,8,38,8,,,,,,,,,
6,VISIT,702,Nearest,OnArrival,5,162,21531,Node_817,38,0,8,38,8,,,,,,,,,
6,VISIT,703,Nearest,OnArrival,5,164,21531,Node_817,38,0,8,38,8,,,,,,,,,
6,VISIT,704,Nearest,OnArrival,5,164,21531,Node_817,38,0,8,38,8,,,,,,,,,
6,VISIT,709,Nearest,OnArrival,5,107,21531,Node_423,26,0,-3,26,-3,,,,,,,,,
6,VISIT,710,Nearest,OnArrival,5,110,21531,Node_744,29,0,-2,29,-2,,,,,,,,,
6,VISIT,711,Nearest,OnArrival,5,107,21531,Node_354,27,0,-2,27,-2,,,,,,,,,
6,VISIT,712,Nearest,OnArrival,5,107,21531,Node_423,26,0,-3,26,-3,,,,,,,,,
6,VISIT,721,Nearest,OnArrival,5,47,21531,Node_817,38,0,8,38,8,,,,,,,,,
6,VISIT,723,Nearest,OnArrival,5,42,21531,Node_817,38,0,8,38,8,,,,,,,,,
6,VISIT,724,Nearest,OnArrival,5,33,21531,Node_817,38,0,8,38,8,,,,,,,,,
6,VISIT,725,Nearest,OnArrival,5,34,21531,Node_817,38,0,8,38,8,,,,,,,,,
6,VISIT,726,Nearest,OnArrival,5,27,21531,Node_817,38,0,8,38,8,,,,,,,,,
6,VISIT,730,Nearest,OnArrival,5,7,21531,Node_248,26,0,9,26,9,,,,,,,,,
6,VISIT,732,Nearest,OnArrival,5,7,21531,Node_288,27,0,10,27,10,,,,,,,,,
6,VISIT,709,Nearest,OnArrival,5,108,21543,Node_424,26,0,-4,26,-4,,,,,,,,,
6,VISIT,710,Nearest,OnArrival,5,111,21543,Node_753,29,0,-3,29,-3,,,,,,,,,
6,VISIT,711,Nearest,OnArrival,5,108,21543,Node_353,28,0,-2,28,-2,,,,,,,,,
6,VISIT,712,Nearest,OnArrival,5,108,21543,Node_424,26,0,-4,26,-4,,,,,,,,,
6,VISIT,729,Nearest,OnArrival,5,8,21543,Node_136,25,0,9,25,9,,,,,,,,,
6,VISIT,730,Nearest,OnArrival,5,8,21543,Node_287,27,0,9,27,9,,,,,,,,,
6,VISIT,731,Nearest,OnArrival,5,8,21543,Node_136,25,0,9,25,9,,,,,,,,,
6,VISIT,732,Nearest,OnArrival,5,8,21543,Node_289,27,0,11,27,11,,,,,,,,,
6,VISIT,709,Nearest,OnArrival,5,109,21553,Node_430,27,0,-4,27,-4,,,,,,,,,
6,VISIT,710,Nearest,OnArrival,5,112,21553,Node_752,29,0,-4,29,-4,,,,,,,,,
6,VISIT,711,Nearest,OnArrival,5,109,21553,Node_744,29,0,-2,29,-2,,,,,,,,,
6,VISIT,712,Nearest,OnArrival,5,109,21553,Node_430,27,0,-4,27,-4,,,,,,,,,
6,VISIT,729,Nearest,OnArrival,5,9,21553,Node_248,26,0,9,26,9,,,,,,,,,
6,VISIT,730,Nearest,OnArrival,5,9,21553,Node_288,27,0,10,27,10,,,,,,,,,
6,VISIT,731,Nearest,OnArrival,5,9,21553,Node_248,26,0,9,26,9,,,,,,,,,
6,VISIT,732,Nearest,OnArrival,5,9,21553,Node_291,27,0,12,27,12,,,,,,,,,
6,VISIT,709,Nearest,OnArrival,5,110,21562,Node_431,27,0,-3,27,-3,,,,,,,,,
6,VISIT,710,Nearest,OnArrival,5,113,21562,Node_751,29,0,-5,29,-5,,,,,,,,,
6,VISIT,711,Nearest,OnArrival,5,110,21562,Node_753,29,0,-3,29,-3,,,,,,,,,
6,VISIT,712,Nearest,OnArrival,5,110,21562,Node_431,27,0,-3,27,-3,,,,,,,,,
6,VISIT,729,Nearest,OnArrival,5,10,21562,Node_287,27,0,9,27,9,,,,,,,,,
6,VISIT,730,Nearest,OnArrival,5,10,21562,Node_289,27,0,11,27,11,,,,,,,,,
6,VISIT,731,Nearest,OnArrival,5,10,21562,Node_287,27,0,9,27,9,,,,,,,,,
6,VISIT,732,Nearest,OnArrival,5,10,21562,Node_294,27,0,13,27,13,,,,,,,,,
6,VISIT,709,Nearest,OnArrival,5,111,21572,Node_354,27,0,-2,27,-2,,,,,,,,,
6,VISIT,710,Nearest,OnArrival,5,114,21572,Node_750,30,0,-5,30,-5,,,,,,,,,
6,VISIT,711,Nearest,OnArrival,5,111,21572,Node_752,29,0,-4,29,-4,,,,,,,,,
6,VISIT,712,Nearest,OnArrival,5,111,21572,Node_354,27,0,-2,27,-2,,,,,,,,,
6,VISIT,729,Nearest,OnArrival,5,11,21572,Node_288,27,0,10,27,10,,,,,,,,,
6,VISIT,730,Nearest,OnArrival,5,11,21572,Node_291,27,0,12,27,12,,,,,,,,,
6,VISIT,731,Nearest,OnArrival,5,11,21572,Node_288,27,0,10,27,10,,,,,,,,,
6,VISIT,732,Nearest,OnArrival,5,11,21572,Node_370,28,0,13,28,13,,,,,,,,,
6,VISIT,709,Nearest,OnArrival,5,112,21582,Node_353,28,0,-2,28,-2,,,,,,,,,
6,VISIT,711,Nearest,OnArrival,5,112,21582,Node_751,29,0,-5,29,-5,,,,,,,,,
6,VISIT,712,Nearest,OnArrival,5,112,21582,Node_353,28,0,-2,28,-2,,,,,,,,,
6,VISIT,729,Nearest,OnArrival,5,12,21582,Node_289,27,0,11,27,11,,,,,,,,,
6,VISIT,730,Nearest,OnArrival,5,12,21582,Node_294,27,0,13,27,13,,,,,,,,,
6,VISIT,731,Nearest,OnArrival,5,12,21582,Node_289,27,0,11,27,11,,,,,,,,,
6,VISIT,709,Nearest,OnArrival,5,113,21596,Node_744,29,0,-2,29,-2,,,,,,,,,
6,VISIT,711,Nearest,OnArrival,5,113,21596,Node_750,30,0,-5,30,-5,,,,,,,,,
6,VISIT,712,Nearest,OnArrival,5,113,21596,Node_744,29,0,-2,29,-2,,,,,,,,,
6,VISIT,729,Nearest,OnArrival,5,13,21596,Node_291,27,0,12,27,12,,,,,,,,,
6,VISIT,730,Nearest,OnArrival,5,13,21596,Node_370,28,0,13,28,13,,,,,,,,,
6,VISIT,731,Nearest,OnArrival,5,13,21596,Node_291,27,0,12,27,12,,,,,,,,,
6,VISIT,732,Nearest,OnArrival,5,12,21596,Node_786,30,0,13,30,13,,,,,,,,,
6,VISIT,698,Nearest,OnArrival,5,190,21610,Node_825,40,0,9,40,9,,,,,,,,,
6,VISIT,699,Nearest,OnArrival,5,187,21610,Node_825,40,0,9,40,9,,,,,,,,,
6,VISIT,700,Nearest,OnArrival,5,187,21610,Node_825,40,0,9,40,9,,,,,,,,,
6,VISIT,701,Nearest,OnArrival,5,165,21610,Node_825,40,0,9,40,9,,,,,,,,,
6,VISIT,702,Nearest,OnArrival,5,163,21610,Node_825,40,0,9,40,9,,,,,,,,,
6,VISIT,703,Nearest,OnArrival,5,165,21610,Node_825,40,0,9,40,9,,,,,,,,,
6,VISIT,704,Nearest,OnArrival,5,165,21610,Node_825,40,0,9,40,9,,,,,,,,,
6,VISIT,709,Nearest,OnArrival,5,114,21610,Node_753,29,0,-3,29,-3,,,,,,,,,
6,VISIT,710,Nearest,OnArrival,5,115,21610,Node_766,33,0,-5,33,-5,,,,,,,,,
6,VISIT,712,Nearest,OnArrival,5,114,21610,Node_753,29,0,-3,29,-3,,,,,,,,,
6,VISIT,721,Nearest,OnArrival,5,48,21610,Node_825,40,0,9,40,9,,,,,,,,,
6,VISIT,723,Nearest,OnArrival,5,43,21610,Node_825,40,0,9,40,9,,,,,,,,,
6,VISIT,724,Nearest,OnArrival,5,34,21610,Node_825,40,0,9,40,9,,,,,,,,,
6,VISIT,725,Nearest,OnArrival,5,35,21610,Node_825,40,0,9,40,9,,,,,,,,,
6,VISIT,726,Nearest,OnArrival,5,28,21610,Node_825,40,0,9,40,9,,,,,,,,,
6,VISIT,729,Nearest,OnArrival,5,14,21610,Node_294,27,0,13,27,13,,,,,,,,,
6,VISIT,731,Nearest,OnArrival,5,14,21610,Node_294,27,0,13,27,13,,,,,,,,,
6,VISIT,732,Nearest,OnArrival,5,13,21610,Node_718,31,0,13,31,13,,,,,,,,,
6,VISIT,698,Nearest,OnArrival,5,191,21625,Node_831,41,0,9,41,9,,,,,,,,,
6,VISIT,699,Nearest,OnArrival,5,188,21625,Node_831,41,0,9,41,9,,,,,,,,,
6,VISIT,700,Nearest,OnArrival,5,188,21625,Node_831,41,0,9,41,9,,,,,,,,,
6,VISIT,701,Nearest,OnArrival,5,166,21625,Node_831,41,0,9,41,9,,,,,,,,,
6,VISIT,702,Nearest,OnArrival,5,164,21625,Node_831,41,0,9,41,9,,,,,,,,,
6,VISIT,703,Nearest,OnArrival,5,166,21625,Node_831,41,0,9,41,9,,,,,,,,,
6,VISIT,704,Nearest,OnArrival,5,166,21625,Node_831,41,0,9,41,9,,,,,,,,,
6,VISIT,709,Nearest,OnArrival,5,115,21625,Node_752,29,0,-4,29,-4,,,,,,,,,
6,VISIT,712,Nearest,OnArrival,5,115,21625,Node_752,29,0,-4,29,-4,,,,,,,,,
6,VISIT,721,Nearest,OnArrival,5,49,21625,Node_831,41,0,9,41,9,,,,,,,,,
6,VISIT,723,Nearest,OnArrival,5,44,21625,Node_831,41,0,9,41,9,,,,,,,,,
6,VISIT,724,Nearest,OnArrival,5,35,21625,Node_831,41,0,9,41,9,,,,,,,,,
6,VISIT,725,Nearest,OnArrival,5,36,21625,Node_831,41,0,9,41,9,,,,,,,,,
6,VISIT,726,Nearest,OnArrival,5,29,21625,Node_831,41,0,9,41,9,,,,,,,,,
6,VISIT,729,Nearest,OnArrival,5,15,21625,Node_370,28,0,13,28,13,,,,,,,,,
6,VISIT,730,Nearest,OnArrival,5,14,21625,Node_786,30,0,13,30,13,,,,,,,,,
6,VISIT,731,Nearest,OnArrival,5,15,21625,Node_370,28,0,13,28,13,,,,,,,,,
6,VISIT,732,Nearest,OnArrival,5,14,21625,Node_716,32,0,13,32,13,,,,,,,,,
6,VISIT,709,Nearest,OnArrival,5,116,21640,Node_751,29,0,-5,29,-5,,,,,,,,,
6,VISIT,711,Nearest,OnArrival,5,114,21640,Node_766,33,0,-5,33,-5,,,,,,,,,
6,VISIT,712,Nearest,OnArrival,5,116,21640,Node_751,29,0,-5,29,-5,,,,,,,,,
6,VISIT,729,Nearest,OnArrival,5,16,21640,Node_294,27,0,13,27,13,,,,,,,,,
6,VISIT,730,Nearest,OnArrival,5,15,21640,Node_718,31,0,13,31,13,,,,,,,,,
6,VISIT,731,Nearest,OnArrival,5,16,21640,Node_294,27,0,13,27,13,,,,,,,,,
6,VISIT,709,Nearest,OnArrival,5,117,21655,Node_750,30,0,-5,30,-5,,,,,,,,,
6,VISIT,711,Nearest,OnArrival,5,115,21655,Node_768,33,0,-4,33,-4,,,,,,,,,
6,VISIT,712,Nearest,OnArrival,5,117,21655,Node_750,30,0,-5,30,-5,,,,,,,,,
6,VISIT,730,Nearest,OnArrival,5,16,21655,Node_716,32,0,13,32,13,,,,,,,,,
6,VISIT,711,Nearest,OnArrival,5,116,21670,Node_836,34,0,-4,34,-4,,,,,,,,,
6,VISIT,729,Nearest,OnArrival,5,17,21670,Node_297,27,0,15,27,15,,,,,,,,,
6,VISIT,731,Nearest,OnArrival,5,17,21670,Node_297,27,0,15,27,15,,,,,,,,,
6,VISIT,711,Nearest,OnArrival,5,117,21685,Node_832,35,0,-4,35,-4,,,,,,,,,
6,VISIT,730,Nearest,OnArrival,5,17,21685,Node_839,34,0,13,34,13,,,,,,,,,
6,VISIT,709,Nearest,OnArrival,5,118,21700,Node_766,33,0,-5,33,-5,,,,,,,,,
6,VISIT,710,Nearest,OnArrival,5,116,21700,Node_781,34,0,0,34,0,,,,,,,,,
6,VISIT,711,Nearest,OnArrival,5,118,21700,Node_830,36,0,-4,36,-4,,,,,,,,,
6,VISIT,712,Nearest,OnArrival,5,118,21700,Node_766,33,0,-5,33,-5,,,,,,,,,
6,VISIT,713,Nearest,OnArrival,5,102,21700,Node_781,34,0,0,34,0,,,,,,,,,
6,VISIT,714,Nearest,OnArrival,5,102,21700,Node_781,34,0,0,34,0,,,,,,,,,
6,VISIT,715,Nearest,OnArrival,5,102,21700,Node_781,34,0,0,34,0,,,,,,,,,
6,VISIT,716,Nearest,OnArrival,5,101,21700,Node_781,34,0,0,34,0,,,,,,,,,
6,VISIT,709,Nearest,OnArrival,5,119,21715,Node_768,33,0,-4,33,-4,,,,,,,,,
6,VISIT,711,Nearest,OnArrival,5,119,21715,Node_824,37,0,-4,37,-4,,,,,,,,,
6,VISIT,712,Nearest,OnArrival,5,119,21715,Node_768,33,0,-4,33,-4,,,,,,,,,
6,VISIT,709,Nearest,OnArrival,5,120,21730,Node_772,33,0,-3,33,-3,,,,,,,,,
6,VISIT,712,Nearest,OnArrival,5,120,21730,Node_772,33,0,-3,33,-3,,,,,,,,,
6,VISIT,729,Nearest,OnArrival,5,18,21730,Node_309,28,0,18,28,18,,,,,,,,,
6,VISIT,730,Nearest,OnArrival,5,18,21730,Node_849,35,0,15,35,15,,,,,,,,,
6,VISIT,731,Nearest,OnArrival,5,18,21730,Node_309,28,0,18,28,18,,,,,,,,,
6,VISIT,709,Nearest,OnArrival,5,121,21745,Node_838,34,0,-3,34,-3,,,,,,,,,
6,VISIT,710,Nearest,OnArrival,5,117,21745,Node_843,34,0,-1,34,-1,,,,,,,,,
6,VISIT,712,Nearest,OnArrival,5,121,21745,Node_838,34,0,-3,34,-3,,,,,,,,,
6,VISIT,713,Nearest,OnArrival,5,103,21745,Node_843,34,0,-1,34,-1,,,,,,,,,
6,VISIT,714,Nearest,OnArrival,5,103,21745,Node_843,34,0,-1,34,-1,,,,,,,,,
6,VISIT,715,Nearest,OnArrival,5,103,21745,Node_843,34,0,-1,34,-1,,,,,,,,,
6,VISIT,716,Nearest,OnArrival,5,102,21745,Node_843,34,0,-1,34,-1,,,,,,,,,
6,VISIT,729,Nearest,OnArrival,5,19,21745,Node_313,28,0,19,28,19,,,,,,,,,
6,VISIT,730,Nearest,OnArrival,5,19,21745,Node_854,35,0,16,35,16,,,,,,,,,
6,VISIT,731,Nearest,OnArrival,5,19,21745,Node_313,28,0,19,28,19,,,,,,,,,
6,VISIT,709,Nearest,OnArrival,5,122,21760,Node_841,34,0,-2,34,-2,,,,,,,,,
6,VISIT,710,Nearest,OnArrival,5,118,21760,Node_777,33,0,-1,33,-1,,,,,,,,,
6,VISIT,712,Nearest,OnArrival,5,122,21760,Node_841,34,0,-2,34,-2,,,,,,,,,
6,VISIT,713,Nearest,OnArrival,5,104,21760,Node_777,33,0,-1,33,-1,,,,,,,,,
6,VISIT,714,Nearest,OnArrival,5,104,21760,Node_777,33,0,-1,33,-1,,,,,,,,,
6,VISIT,715,Nearest,OnArrival,5,104,21760,Node_777,33,0,-1,33,-1,,,,,,,,,
6,VISIT,716,Nearest,OnArrival,5,103,21760,Node_777,33,0,-1,33,-1,,,,,,,,,
6,VISIT,729,Nearest,OnArrival,5,20,21760,Node_285,28,0,20,28,20,,,,,,,,,
6,VISIT,731,Nearest,OnArrival,5,20,21760,Node_285,28,0,20,28,20,,,,,,,,,
6,VISIT,709,Nearest,OnArrival,5,123,21774,Node_774,33,0,-2,33,-2,,,,,,,,,
6,VISIT,710,Nearest,OnArrival,5,119,21774,Node_774,33,0,-2,33,-2,,,,,,,,,
6,VISIT,712,Nearest,OnArrival,5,123,21774,Node_774,33,0,-2,33,-2,,,,,,,,,
6,VISIT,713,Nearest,OnArrival,5,105,21774,Node_774,33,0,-2,33,-2,,,,,,,,,
6,VISIT,714,Nearest,OnArrival,5,105,21774,Node_774,33,0,-2,33,-2,,,,,,,,,
6,VISIT,715,Nearest,OnArrival,5,105,21774,Node_774,33,0,-2,33,-2,,,,,,,,,
6,VISIT,716,Nearest,OnArrival,5,104,21774,Node_774,33,0,-2,33,-2,,,,,,,,,
6,VISIT,709,Nearest,OnArrival,5,124,21788,Node_777,33,0,-1,33,-1,,,,,,,,,
6,VISIT,710,Nearest,OnArrival,5,120,21788,Node_777,33,0,-1,33,-1,,,,,,,,,
6,VISIT,712,Nearest,OnArrival,5,124,21788,Node_777,33,0,-1,33,-1,,,,,,,,,
6,VISIT,713,Nearest,OnArrival,5,106,21788,Node_777,33,0,-1,33,-1,,,,,,,,,
6,VISIT,714,Nearest,OnArrival,5,106,21788,Node_777,33,0,-1,33,-1,,,,,,,,,
6,VISIT,715,Nearest,OnArrival,5,106,21788,Node_777,33,0,-1,33,-1,,,,,,,,,
6,VISIT,716,Nearest,OnArrival,5,105,21788,Node_777,33,0,-1,33,-1,,,,,,,,,
6,VISIT,729,Nearest,OnArrival,5,21,21788,Node_284,27,0,21,27,21,,,,,,,,,
6,VISIT,731,Nearest,OnArrival,5,21,21788,Node_284,27,0,21,27,21,,,,,,,,,
6,VISIT,709,Nearest,OnArrival,5,125,21802,Node_769,33,0,0,33,0,,,,,,,,,
6,VISIT,710,Nearest,OnArrival,5,121,21802,Node_769,33,0,0,33,0,,,,,,,,,
6,VISIT,712,Nearest,OnArrival,5,125,21802,Node_769,33,0,0,33,0,,,,,,,,,
6,VISIT,713,Nearest,OnArrival,5,107,21802,Node_769,33,0,0,33,0,,,,,,,,,
6,VISIT,714,Nearest,OnArrival,5,107,21802,Node_769,33,0,0,33,0,,,,,,,,,
6,VISIT,715,Nearest,OnArrival,5,107,21802,Node_769,33,0,0,33,0,,,,,,,,,
6,VISIT,716,Nearest,OnArrival,5,106,21802,Node_769,33,0,0,33,0,,,,,,,,,
6,VISIT,729,Nearest,OnArrival,5,22,21802,Node_867,28,0,21,28,21,,,,,,,,,
6,VISIT,731,Nearest,OnArrival,5,22,21802,Node_867,28,0,21,28,21,,,,,,,,,
6,VISIT,709,Nearest,OnArrival,5,126,21816,Node_781,34,0,0,34,0,,,,,,,,,
6,VISIT,710,Nearest,OnArrival,5,122,21816,Node_781,34,0,0,34,0,,,,,,,,,
6,VISIT,712,Nearest,OnArrival,5,126,21816,Node_781,34,0,0,34,0,,,,,,,,,
6,VISIT,713,Nearest,OnArrival,5,108,21816,Node_781,34,0,0,34,0,,,,,,,,,
6,VISIT,714,Nearest,OnArrival,5,108,21816,Node_781,34,0,0,34,0,,,,,,,,,
6,VISIT,715,Nearest,OnArrival,5,108,21816,Node_781,34,0,0,34,0,,,,,,,,,
6,VISIT,716,Nearest,OnArrival,5,107,21816,Node_781,34,0,0,34,0,,,,,,,,,
6,VISIT,709,Nearest,OnArrival,5,127,21830,Node_851,35,0,0,35,0,,,,,,,,,
6,VISIT,710,Nearest,OnArrival,5,123,21830,Node_851,35,0,0,35,0,,,,,,,,,
6,VISIT,712,Nearest,OnArrival,5,127,21830,Node_851,35,0,0,35,0,,,,,,,,,
6,VISIT,713,Nearest,OnArrival,5,109,21830,Node_851,35,0,0,35,0,,,,,,,,,
6,VISIT,714,Nearest,OnArrival,5,109,21830,Node_851,35,0,0,35,0,,,,,,,,,
6,VISIT,715,Nearest,OnArrival,5,109,21830,Node_851,35,0,0,35,0,,,,,,,,,
6,VISIT,716,Nearest,OnArrival,5,108,21830,Node_851,35,0,0,35,0,,,,,,,,,
6,VISIT,711,Nearest,OnArrival,5,120,21844,Node_801,37,0,3,37,3,,,,,,,,,
6,VISIT,709,Nearest,OnArrival,5,128,21858,Node_818,37,0,0,37,0,,,,,,,,,
6,VISIT,710,Nearest,OnArrival,5,124,21858,Node_818,37,0,0,37,0,,,,,,,,,
6,VISIT,711,Nearest,OnArrival,5,121,21858,Node_811,37,0,2,37,2,,,,,,,,,
6,VISIT,712,Nearest,OnArrival,5,128,21858,Node_818,37,0,0,37,0,,,,,,,,,
6,VISIT,713,Nearest,OnArrival,5,110,21858,Node_818,37,0,0,37,0,,,,,,,,,
6,VISIT,714,Nearest,OnArrival,5,110,21858,Node_818,37,0,0,37,0,,,,,,,,,
6,VISIT,715,Nearest,OnArrival,5,110,21858,Node_818,37,0,0,37,0,,,,,,,,,
6,VISIT,716,Nearest,OnArrival,5,109,21858,Node_818,37,0,0,37,0,,,,,,,,,
6,VISIT,709,Nearest,OnArrival,5,129,21872,Node_871,38,0,0,38,0,,,,,,,,,
6,VISIT,710,Nearest,OnArrival,5,125,21872,Node_871,38,0,0,38,0,,,,,,,,,
6,VISIT,711,Nearest,OnArrival,5,122,21872,Node_878,38,0,2,38,2,,,,,,,,,
6,VISIT,712,Nearest,OnArrival,5,129,21872,Node_871,38,0,0,38,0,,,,,,,,,
6,VISIT,713,Nearest,OnArrival,5,111,21872,Node_871,38,0,0,38,0,,,,,,,,,
6,VISIT,714,Nearest,OnArrival,5,111,21872,Node_871,38,0,0,38,0,,,,,,,,,
6,VISIT,715,Nearest,OnArrival,5,111,21872,Node_871,38,0,0,38,0,,,,,,,,,
6,VISIT,716,Nearest,OnArrival,5,110,21872,Node_871,38,0,0,38,0,,,,,,,,,
6,VISIT,711,Nearest,OnArrival,5,123,21886,Node_1,39,0,2,39,2,,,,,,,,,
6,SUMMARY,,Nearest,OnArrival,,,,,,,,,,39,2,891,-1,153007.000,9874,0,0.000,0.000
