RunID,RowType,PlayerID,UnknownSelectMode,TargetUpdateMode,UnknownReferenceDepth,StepIndex,Frame,NodeName,NodePosX,NodePosY,NodePosZ,CellX,CellZ,GoalCellX,GoalCellZ,NodesCreated,ShortestPathLen,TimeToGoal,TotalNodeVisits,TotalProcessMs,AvgProcessMs,MaxProcessMs
30,VISIT,3165,Nearest,OnArrival,5,0,150,Node_4,18,0,10,18,10,,,,,,,,,
30,VISIT,3166,Nearest,OnArrival,5,0,150,Node_4,18,0,10,18,10,,,,,,,,,
30,VISIT,3165,Nearest,OnArrival,5,1,184,Node_15,18,0,9,18,9,,,,,,,,,
30,VISIT,3166,Nearest,OnArrival,5,1,218,Node_2,19,0,11,19,11,,,,,,,,,
30,VISIT,3165,Nearest,OnArrival,5,2,246,Node_8,17,0,10,17,10,,,,,,,,,
30,VISIT,3166,Nearest,OnArrival,5,2,246,Node_14,18,0,11,18,11,,,,,,,,,
30,VISIT,3165,Nearest,OnArrival,5,3,279,Node_24,16,0,10,16,10,,,,,,,,,
30,VISIT,3166,Nearest,OnArrival,5,3,279,Node_12,17,0,11,17,11,,,,,,,,,
30,VISIT,3165,Nearest,OnArrival,5,4,312,Node_21,16,0,11,16,11,,,,,,,,,
30,VISIT,3166,Nearest,OnArrival,5,4,312,Node_21,16,0,11,16,11,,,,,,,,,
30,VISIT,3165,Nearest,OnArrival,5,5,345,Node_28,15,0,11,15,11,,,,,,,,,
30,VISIT,3166,Nearest,OnArrival,5,5,345,Node_28,15,0,11,15,11,,,,,,,,,
30,VISIT,3169,Nearest,OnArrival,5,0,1667,Node_6,19,0,12,19,12,,,,,,,,,
30,VISIT,3170,Nearest,OnArrival,5,0,1667,Node_7,19,0,8,19,8,,,,,,,,,
30,VISIT,3171,Nearest,OnArrival,5,0,1667,Node_8,17,0,10,17,10,,,,,,,,,
30,VISIT,3172,Nearest,OnArrival,5,0,1667,Node_9,21,0,10,21,10,,,,,,,,,
30,VISIT,3171,Nearest,OnArrival,5,1,1699,Node_23,17,0,9,17,9,,,,,,,,,
30,VISIT,3170,Nearest,OnArrival,5,1,1756,Node_5,20,0,10,20,10,,,,,,,,,
30,VISIT,3169,Nearest,OnArrival,5,1,1819,Node_25,21,0,15,21,15,,,,,,,,,
30,VISIT,3170,Nearest,OnArrival,5,2,1819,Node_46,20,0,12,20,12,,,,,,,,,
30,VISIT,3170,Nearest,OnArrival,5,3,1850,Node_17,21,0,12,21,12,,,,,,,,,
30,VISIT,3170,Nearest,OnArrival,5,4,1881,Node_13,21,0,11,21,11,,,,,,,,,
30,VISIT,3169,Nearest,OnArrival,5,2,1909,Node_27,21,0,16,21,16,,,,,,,,,
30,VISIT,3170,Nearest,OnArrival,5,5,1909,Node_57,20,0,11,20,11,,,,,,,,,
30,VISIT,3169,Nearest,OnArrival,5,3,1939,Node_65,22,0,16,22,16,,,,,,,,,
30,VISIT,3170,Nearest,OnArrival,5,6,1939,Node_2,19,0,11,19,11,,,,,,,,,
30,VISIT,3170,Nearest,OnArrival,5,7,1969,Node_20,19,0,10,19,10,,,,,,,,,
30,VISIT,3170,Nearest,OnArrival,5,8,1999,Node_3,19,0,9,19,9,,,,,,,,,
30,VISIT,3170,Nearest,OnArrival,5,9,2029,Node_15,18,0,9,18,9,,,,,,,,,
30,VISIT,3170,Nearest,OnArrival,5,10,2059,Node_11,18,0,8,18,8,,,,,,,,,
30,VISIT,3170,Nearest,OnArrival,5,11,2089,Node_51,17,0,8,17,8,,,,,,,,,
30,VISIT,3170,Nearest,OnArrival,5,12,2120,Node_60,16,0,8,16,8,,,,,,,,,
30,VISIT,3170,Nearest,OnArrival,5,13,2152,Node_58,16,0,7,16,7,,,,,,,,,
30,VISIT,3170,Nearest,OnArrival,5,14,2366,Node_76,15,0,3,15,3,,,,,,,,,
30,VISIT,3173,Nearest,OnArrival,5,0,3113,Node_6,19,0,12,19,12,,,,,,,,,
30,VISIT,3174,Nearest,OnArrival,5,0,3113,Node_7,19,0,8,19,8,,,,,,,,,
30,VISIT,3175,Nearest,OnArrival,5,0,3113,Node_8,17,0,10,17,10,,,,,,,,,
30,VISIT,3176,Nearest,OnArrival,5,0,3113,Node_9,21,0,10,21,10,,,,,,,,,
30,VISIT,3173,Nearest,OnArrival,5,1,3143,Node_10,18,0,12,18,12,,,,,,,,,
30,VISIT,3174,Nearest,OnArrival,5,1,3143,Node_3,19,0,9,19,9,,,,,,,,,
30,VISIT,3175,Nearest,OnArrival,5,1,3143,Node_4,18,0,10,18,10,,,,,,,,,
30,VISIT,3173,Nearest,OnArrival,5,2,3173,Node_16,17,0,12,17,12,,,,,,,,,
30,VISIT,3174,Nearest,OnArrival,5,2,3173,Node_50,20,0,9,20,9,,,,,,,,,
30,VISIT,3175,Nearest,OnArrival,5,2,3173,Node_20,19,0,10,19,10,,,,,,,,,
30,VISIT,3173,Nearest,OnArrival,5,3,3203,Node_18,16,0,12,16,12,,,,,,,,,
30,VISIT,3174,Nearest,OnArrival,5,3,3203,Node_48,21,0,9,21,9,,,,,,,,,
30,VISIT,3175,Nearest,OnArrival,5,3,3203,Node_5,20,0,10,20,10,,,,,,,,,
30,VISIT,3176,Nearest,OnArrival,5,1,3203,Node_13,21,0,11,21,11,,,,,,,,,
30,VISIT,3173,Nearest,OnArrival,5,4,3234,Node_29,15,0,12,15,12,,,,,,,,,
30,VISIT,3175,Nearest,OnArrival,5,4,3234,Node_9,21,0,10,21,10,,,,,,,,,
30,VISIT,3176,Nearest,OnArrival,5,2,3234,Node_87,22,0,11,22,11,,,,,,,,,
30,VISIT,3173,Nearest,OnArrival,5,5,3264,Node_35,14,0,12,14,12,,,,,,,,,
30,VISIT,3174,Nearest,OnArrival,5,4,3264,Node_86,22,0,10,22,10,,,,,,,,,
30,VISIT,3175,Nearest,OnArrival,5,5,3264,Node_13,21,0,11,21,11,,,,,,,,,
30,VISIT,3175,Nearest,OnArrival,5,6,3293,Node_87,22,0,11,22,11,,,,,,,,,
30,VISIT,3174,Nearest,OnArrival,5,5,3322,Node_89,23,0,11,23,11,,,,,,,,,
30,VISIT,3175,Nearest,OnArrival,5,7,3322,Node_89,23,0,11,23,11,,,,,,,,,
30,VISIT,3173,Nearest,OnArrival,5,6,3352,Node_38,13,0,14,13,14,,,,,,,,,
30,VISIT,3174,Nearest,OnArrival,5,6,3377,Node_94,24,0,12,24,12,,,,,,,,,
30,VISIT,3175,Nearest,OnArrival,5,8,3377,Node_94,24,0,12,24,12,,,,,,,,,
30,VISIT,3173,Nearest,OnArrival,5,7,3433,Node_45,12,0,16,12,16,,,,,,,,,
30,VISIT,3173,Nearest,OnArrival,5,8,3462,Node_40,13,0,16,13,16,,,,,,,,,
30,VISIT,3176,Nearest,OnArrival,5,3,3462,Node_77,24,0,17,24,17,,,,,,,,,
30,VISIT,3173,Nearest,OnArrival,5,9,3491,Node_39,13,0,15,13,15,,,,,,,,,
30,VISIT,3173,Nearest,OnArrival,5,10,3519,Node_99,12,0,15,12,15,,,,,,,,,
30,VISIT,3173,Nearest,OnArrival,5,11,3548,Node_97,12,0,14,12,14,,,,,,,,,
30,VISIT,3174,Nearest,OnArrival,5,7,3548,Node_106,25,0,17,25,17,,,,,,,,,
30,VISIT,3175,Nearest,OnArrival,5,9,3548,Node_106,25,0,17,25,17,,,,,,,,,
30,VISIT,3177,Nearest,OnArrival,5,0,4463,Node_6,19,0,12,19,12,,,,,,,,,
30,VISIT,3178,Nearest,OnArrival,5,0,4463,Node_7,19,0,8,19,8,,,,,,,,,
30,VISIT,3179,Nearest,OnArrival,5,0,4463,Node_8,17,0,10,17,10,,,,,,,,,
30,VISIT,3180,Nearest,OnArrival,5,0,4463,Node_9,21,0,10,21,10,,,,,,,,,
30,VISIT,3177,Nearest,OnArrival,5,1,4491,Node_46,20,0,12,20,12,,,,,,,,,
30,VISIT,3178,Nearest,OnArrival,5,1,4491,Node_47,20,0,8,20,8,,,,,,,,,
30,VISIT,3179,Nearest,OnArrival,5,1,4491,Node_24,16,0,10,16,10,,,,,,,,,
30,VISIT,3180,Nearest,OnArrival,5,1,4491,Node_48,21,0,9,21,9,,,,,,,,,
30,VISIT,3177,Nearest,OnArrival,5,2,4520,Node_49,20,0,13,20,13,,,,,,,,,
30,VISIT,3178,Nearest,OnArrival,5,2,4520,Node_52,21,0,8,21,8,,,,,,,,,
30,VISIT,3179,Nearest,OnArrival,5,2,4520,Node_26,15,0,10,15,10,,,,,,,,,
30,VISIT,3180,Nearest,OnArrival,5,2,4520,Node_88,22,0,9,22,9,,,,,,,,,
30,VISIT,3177,Nearest,OnArrival,5,3,4547,Node_19,21,0,13,21,13,,,,,,,,,
30,VISIT,3177,Nearest,OnArrival,5,4,4574,Node_22,21,0,14,21,14,,,,,,,,,
30,VISIT,3178,Nearest,OnArrival,5,3,4574,Node_88,22,0,9,22,9,,,,,,,,,
30,VISIT,3179,Nearest,OnArrival,5,3,4574,Node_33,14,0,11,14,11,,,,,,,,,
30,VISIT,3177,Nearest,OnArrival,5,5,4602,Node_53,20,0,14,20,14,,,,,,,,,
30,VISIT,3178,Nearest,OnArrival,5,4,4629,Node_91,23,0,10,23,10,,,,,,,,,
30,VISIT,3179,Nearest,OnArrival,5,4,4629,Node_90,13,0,12,13,12,,,,,,,,,
30,VISIT,3178,Nearest,OnArrival,5,5,4657,Node_129,23,0,9,23,9,,,,,,,,,
30,VISIT,3179,Nearest,OnArrival,5,5,4657,Node_93,13,0,13,13,13,,,,,,,,,
30,VISIT,3180,Nearest,OnArrival,5,3,4657,Node_61,21,0,5,21,5,,,,,,,,,
30,VISIT,3179,Nearest,OnArrival,5,6,4685,Node_36,14,0,13,14,13,,,,,,,,,
30,VISIT,3180,Nearest,OnArrival,5,4,4685,Node_74,20,0,5,20,5,,,,,,,,,
30,VISIT,3179,Nearest,OnArrival,5,7,4713,Node_31,15,0,13,15,13,,,,,,,,,
30,VISIT,3179,Nearest,OnArrival,5,8,4901,Node_140,15,0,14,15,14,,,,,,,,,
30,VISIT,3179,Nearest,OnArrival,5,9,4927,Node_37,14,0,14,14,14,,,,,,,,,
30,VISIT,3179,Nearest,OnArrival,5,10,4955,Node_140,15,0,14,15,14,,,,,,,,,
30,VISIT,3179,Nearest,OnArrival,5,11,4983,Node_144,15,0,15,15,15,,,,,,,,,
30,VISIT,3179,Nearest,OnArrival,5,12,5011,Node_156,16,0,15,16,15,,,,,,,,,
30,VISIT,3181,Nearest,OnArrival,5,0,5731,Node_6,19,0,12,19,12,,,,,,,,,
30,VISIT,3182,Nearest,OnArrival,5,0,5731,Node_7,19,0,8,19,8,,,,,,,,,
30,VISIT,3183,Nearest,OnArrival,5,0,5731,Node_8,17,0,10,17,10,,,,,,,,,
30,VISIT,3184,Nearest,OnArrival,5,0,5731,Node_9,21,0,10,21,10,,,,,,,,,
30,VISIT,3181,Nearest,OnArrival,5,1,5757,Node_46,20,0,12,20,12,,,,,,,,,
30,VISIT,3182,Nearest,OnArrival,5,1,5757,Node_47,20,0,8,20,8,,,,,,,,,
30,VISIT,3183,Nearest,OnArrival,5,1,5757,Node_24,16,0,10,16,10,,,,,,,,,
30,VISIT,3184,Nearest,OnArrival,5,1,5757,Node_48,21,0,9,21,9,,,,,,,,,
30,VISIT,3181,Nearest,OnArrival,5,2,5784,Node_49,20,0,13,20,13,,,,,,,,,
30,VISIT,3182,Nearest,OnArrival,5,2,5784,Node_52,21,0,8,21,8,,,,,,,,,
30,VISIT,3183,Nearest,OnArrival,5,2,5784,Node_26,15,0,10,15,10,,,,,,,,,
30,VISIT,3184,Nearest,OnArrival,5,2,5784,Node_52,21,0,8,21,8,,,,,,,,,
30,VISIT,3181,Nearest,OnArrival,5,3,5811,Node_53,20,0,14,20,14,,,,,,,,,
30,VISIT,3182,Nearest,OnArrival,5,3,5811,Node_55,21,0,7,21,7,,,,,,,,,
30,VISIT,3183,Nearest,OnArrival,5,3,5811,Node_127,14,0,10,14,10,,,,,,,,,
30,VISIT,3184,Nearest,OnArrival,5,3,5811,Node_55,21,0,7,21,7,,,,,,,,,
30,VISIT,3182,Nearest,OnArrival,5,4,5837,Node_128,22,0,7,22,7,,,,,,,,,
30,VISIT,3184,Nearest,OnArrival,5,4,5837,Node_128,22,0,7,22,7,,,,,,,,,
30,VISIT,3181,Nearest,OnArrival,5,4,5863,Node_133,18,0,14,18,14,,,,,,,,,
30,VISIT,3182,Nearest,OnArrival,5,5,5863,Node_131,22,0,6,22,6,,,,,,,,,
30,VISIT,3183,Nearest,OnArrival,5,4,5863,Node_130,13,0,11,13,11,,,,,,,,,
30,VISIT,3184,Nearest,OnArrival,5,5,5863,Node_131,22,0,6,22,6,,,,,,,,,
30,VISIT,3182,Nearest,OnArrival,5,6,5890,Node_59,21,0,6,21,6,,,,,,,,,
30,VISIT,3183,Nearest,OnArrival,5,5,5890,Node_166,13,0,10,13,10,,,,,,,,,
30,VISIT,3184,Nearest,OnArrival,5,6,5890,Node_59,21,0,6,21,6,,,,,,,,,
30,VISIT,3181,Nearest,OnArrival,5,5,5916,Node_164,17,0,15,17,15,,,,,,,,,
30,VISIT,3182,Nearest,OnArrival,5,7,5916,Node_137,20,0,6,20,6,,,,,,,,,
30,VISIT,3184,Nearest,OnArrival,5,7,5916,Node_137,20,0,6,20,6,,,,,,,,,
30,VISIT,3181,Nearest,OnArrival,5,6,5942,Node_134,18,0,15,18,15,,,,,,,,,
30,VISIT,3182,Nearest,OnArrival,5,8,5942,Node_74,20,0,5,20,5,,,,,,,,,
30,VISIT,3184,Nearest,OnArrival,5,8,5942,Node_74,20,0,5,20,5,,,,,,,,,
30,VISIT,3181,Nearest,OnArrival,5,7,5968,Node_135,18,0,16,18,16,,,,,,,,,
30,VISIT,3182,Nearest,OnArrival,5,9,5968,Node_145,19,0,5,19,5,,,,,,,,,
30,VISIT,3184,Nearest,OnArrival,5,9,5968,Node_145,19,0,5,19,5,,,,,,,,,
30,VISIT,3181,Nearest,OnArrival,5,8,5994,Node_165,17,0,16,17,16,,,,,,,,,
30,VISIT,3182,Nearest,OnArrival,5,10,6098,Node_80,16,0,5,16,5,,,,,,,,,
30,VISIT,3184,Nearest,OnArrival,5,10,6098,Node_80,16,0,5,16,5,,,,,,,,,
30,VISIT,3182,Nearest,OnArrival,5,11,6123,Node_70,15,0,5,15,5,,,,,,,,,
30,VISIT,3184,Nearest,OnArrival,5,11,6123,Node_70,15,0,5,15,5,,,,,,,,,
30,VISIT,3182,Nearest,OnArrival,5,12,6148,Node_68,15,0,6,15,6,,,,,,,,,
30,VISIT,3184,Nearest,OnArrival,5,12,6148,Node_68,15,0,6,15,6,,,,,,,,,
30,VISIT,3182,Nearest,OnArrival,5,13,6223,Node_170,13,0,7,13,7,,,,,,,,,
30,VISIT,3184,Nearest,OnArrival,5,13,6223,Node_170,13,0,7,13,7,,,,,,,,,
30,VISIT,3182,Nearest,OnArrival,5,14,6247,Node_183,12,0,7,12,7,,,,,,,,,
30,VISIT,3184,Nearest,OnArrival,5,14,6247,Node_183,12,0,7,12,7,,,,,,,,,
30,VISIT,3182,Nearest,OnArrival,5,15,6273,Node_181,12,0,6,12,6,,,,,,,,,
30,VISIT,3184,Nearest,OnArrival,5,15,6273,Node_181,12,0,6,12,6,,,,,,,,,
30,VISIT,3185,Nearest,OnArrival,5,0,6839,Node_6,19,0,12,19,12,,,,,,,,,
30,VISIT,3186,Nearest,OnArrival,5,0,6839,Node_7,19,0,8,19,8,,,,,,,,,
30,VISIT,3187,Nearest,OnArrival,5,0,6839,Node_8,17,0,10,17,10,,,,,,,,,
30,VISIT,3188,Nearest,OnArrival,5,0,6839,Node_9,21,0,10,21,10,,,,,,,,,
30,VISIT,3185,Nearest,OnArrival,5,1,6864,Node_46,20,0,12,20,12,,,,,,,,,
30,VISIT,3186,Nearest,OnArrival,5,1,6864,Node_11,18,0,8,18,8,,,,,,,,,
30,VISIT,3187,Nearest,OnArrival,5,1,6864,Node_23,17,0,9,17,9,,,,,,,,,
30,VISIT,3188,Nearest,OnArrival,5,1,6864,Node_13,21,0,11,21,11,,,,,,,,,
30,VISIT,3185,Nearest,OnArrival,5,2,6888,Node_49,20,0,13,20,13,,,,,,,,,
30,VISIT,3186,Nearest,OnArrival,5,2,6888,Node_51,17,0,8,17,8,,,,,,,,,
30,VISIT,3187,Nearest,OnArrival,5,2,6888,Node_51,17,0,8,17,8,,,,,,,,,
30,VISIT,3188,Nearest,OnArrival,5,2,6888,Node_87,22,0,11,22,11,,,,,,,,,
30,VISIT,3185,Nearest,OnArrival,5,3,6912,Node_53,20,0,14,20,14,,,,,,,,,
30,VISIT,3186,Nearest,OnArrival,5,3,6912,Node_54,17,0,7,17,7,,,,,,,,,
30,VISIT,3187,Nearest,OnArrival,5,3,6912,Node_54,17,0,7,17,7,,,,,,,,,
30,VISIT,3188,Nearest,OnArrival,5,3,6912,Node_89,23,0,11,23,11,,,,,,,,,
30,VISIT,3186,Nearest,OnArrival,5,4,6936,Node_58,16,0,7,16,7,,,,,,,,,
30,VISIT,3187,Nearest,OnArrival,5,4,6936,Node_58,16,0,7,16,7,,,,,,,,,
30,VISIT,3188,Nearest,OnArrival,5,4,6936,Node_95,24,0,11,24,11,,,,,,,,,
30,VISIT,3185,Nearest,OnArrival,5,4,6960,Node_133,18,0,14,18,14,,,,,,,,,
30,VISIT,3186,Nearest,OnArrival,5,5,6960,Node_66,15,0,7,15,7,,,,,,,,,
30,VISIT,3187,Nearest,OnArrival,5,5,6960,Node_66,15,0,7,15,7,,,,,,,,,
30,VISIT,3185,Nearest,OnArrival,5,5,6983,Node_167,17,0,14,17,14,,,,,,,,,
30,VISIT,3186,Nearest,OnArrival,5,6,6983,Node_190,14,0,7,14,7,,,,,,,,,
30,VISIT,3187,Nearest,OnArrival,5,6,6983,Node_190,14,0,7,14,7,,,,,,,,,
30,VISIT,3188,Nearest,OnArrival,5,5,6983,Node_100,25,0,12,25,12,,,,,,,,,
30,VISIT,3185,Nearest,OnArrival,5,6,7008,Node_160,16,0,14,16,14,,,,,,,,,
30,VISIT,3186,Nearest,OnArrival,5,7,7008,Node_188,14,0,6,14,6,,,,,,,,,
30,VISIT,3187,Nearest,OnArrival,5,7,7008,Node_188,14,0,6,14,6,,,,,,,,,
30,VISIT,3185,Nearest,OnArrival,5,7,7032,Node_156,16,0,15,16,15,,,,,,,,,
30,VISIT,3186,Nearest,OnArrival,5,8,7032,Node_172,13,0,6,13,6,,,,,,,,,
30,VISIT,3187,Nearest,OnArrival,5,8,7032,Node_172,13,0,6,13,6,,,,,,,,,
30,VISIT,3185,Nearest,OnArrival,5,8,7056,Node_152,16,0,16,16,16,,,,,,,,,
30,VISIT,3186,Nearest,OnArrival,5,9,7056,Node_181,12,0,6,12,6,,,,,,,,,
30,VISIT,3187,Nearest,OnArrival,5,9,7056,Node_181,12,0,6,12,6,,,,,,,,,
30,VISIT,3188,Nearest,OnArrival,5,6,7056,Node_102,25,0,13,25,13,,,,,,,,,
30,VISIT,3185,Nearest,OnArrival,5,9,7081,Node_165,17,0,16,17,16,,,,,,,,,
30,VISIT,3186,Nearest,OnArrival,5,10,7081,Node_178,12,0,5,12,5,,,,,,,,,
30,VISIT,3187,Nearest,OnArrival,5,10,7081,Node_178,12,0,5,12,5,,,,,,,,,
30,VISIT,3188,Nearest,OnArrival,5,7,7081,Node_96,24,0,13,24,13,,,,,,,,,
30,VISIT,3185,Nearest,OnArrival,5,10,7105,Node_173,17,0,17,17,17,,,,,,,,,
30,VISIT,3186,Nearest,OnArrival,5,11,7105,Node_193,11,0,5,11,5,,,,,,,,,
30,VISIT,3187,Nearest,OnArrival,5,11,7105,Node_193,11,0,5,11,5,,,,,,,,,
30,VISIT,3188,Nearest,OnArrival,5,8,7105,Node_98,24,0,14,24,14,,,,,,,,,
30,VISIT,3185,Nearest,OnArrival,5,11,7129,Node_138,18,0,17,18,17,,,,,,,,,
30,VISIT,3188,Nearest,OnArrival,5,9,7129,Node_104,25,0,14,25,14,,,,,,,,,
30,VISIT,3185,Nearest,OnArrival,5,12,7152,Node_142,18,0,18,18,18,,,,,,,,,
30,VISIT,3188,Nearest,OnArrival,5,10,7152,Node_105,25,0,15,25,15,,,,,,,,,
30,VISIT,3185,Nearest,OnArrival,5,13,7176,Node_176,17,0,18,17,18,,,,,,,,,
30,VISIT,3188,Nearest,OnArrival,5,11,7176,Node_101,24,0,15,24,15,,,,,,,,,
30,VISIT,3185,Nearest,OnArrival,5,14,7200,Node_179,17,0,19,17,19,,,,,,,,,
30,VISIT,3185,Nearest,OnArrival,5,15,7223,Node_146,18,0,19,18,19,,,,,,,,,
30,VISIT,3188,Nearest,OnArrival,5,12,7223,Node_72,23,0,16,23,16,,,,,,,,,
30,VISIT,3185,Nearest,OnArrival,5,16,7247,Node_142,18,0,18,18,18,,,,,,,,,
30,VISIT,3188,Nearest,OnArrival,5,13,7247,Node_103,24,0,16,24,16,,,,,,,,,
30,VISIT,3188,Nearest,OnArrival,5,14,7271,Node_107,25,0,16,25,16,,,,,,,,,
30,VISIT,3188,Nearest,OnArrival,5,15,7295,Node_106,25,0,17,25,17,,,,,,,,,
30,VISIT,3186,Nearest,OnArrival,5,12,7319,Node_216,8,0,7,8,7,,,,,,,,,
30,VISIT,3187,Nearest,OnArrival,5,12,7319,Node_216,8,0,7,8,7,,,,,,,,,
30,VISIT,3185,Nearest,OnArrival,5,17,7343,Node_32,21,0,19,21,19,,,,,,,,,
30,VISIT,3188,Nearest,OnArrival,5,16,7367,Node_108,25,0,18,25,18,,,,,,,,,
30,VISIT,3188,Nearest,OnArrival,5,17,7390,Node_78,24,0,18,24,18,,,,,,,,,
30,VISIT,3188,Nearest,OnArrival,5,18,7437,Node_114,24,0,20,24,20,,,,,,,,,
30,VISIT,3188,Nearest,OnArrival,5,19,7461,Node_229,24,0,19,24,19,,,,,,,,,
30,VISIT,3188,Nearest,OnArrival,5,20,7484,Node_110,25,0,19,25,19,,,,,,,,,
30,VISIT,3188,Nearest,OnArrival,5,21,7507,Node_108,25,0,18,25,18,,,,,,,,,
30,VISIT,3188,Nearest,OnArrival,5,22,7531,Node_222,26,0,18,26,18,,,,,,,,,
30,VISIT,3189,Nearest,OnArrival,5,0,7902,Node_6,19,0,12,19,12,,,,,,,,,
30,VISIT,3190,Nearest,OnArrival,5,0,7902,Node_7,19,0,8,19,8,,,,,,,,,
30,VISIT,3191,Nearest,OnArrival,5,0,7902,Node_8,17,0,10,17,10,,,,,,,,,
30,VISIT,3192,Nearest,OnArrival,5,0,7902,Node_9,21,0,10,21,10,,,,,,,,,
30,VISIT,3189,Nearest,OnArrival,5,1,7926,Node_46,20,0,12,20,12,,,,,,,,,
30,VISIT,3190,Nearest,OnArrival,5,1,7926,Node_11,18,0,8,18,8,,,,,,,,,
30,VISIT,3191,Nearest,OnArrival,5,1,7926,Node_24,16,0,10,16,10,,,,,,,,,
30,VISIT,3192,Nearest,OnArrival,5,1,7926,Node_48,21,0,9,21,9,,,,,,,,,
30,VISIT,3189,Nearest,OnArrival,5,2,7950,Node_49,20,0,13,20,13,,,,,,,,,
30,VISIT,3190,Nearest,OnArrival,5,2,7950,Node_51,17,0,8,17,8,,,,,,,,,
30,VISIT,3191,Nearest,OnArrival,5,2,7950,Node_26,15,0,10,15,10,,,,,,,,,
30,VISIT,3192,Nearest,OnArrival,5,2,7950,Node_88,22,0,9,22,9,,,,,,,,,
30,VISIT,3189,Nearest,OnArrival,5,3,7974,Node_53,20,0,14,20,14,,,,,,,,,
30,VISIT,3190,Nearest,OnArrival,5,3,7974,Node_54,17,0,7,17,7,,,,,,,,,
30,VISIT,3191,Nearest,OnArrival,5,3,7974,Node_127,14,0,10,14,10,,,,,,,,,
30,VISIT,3192,Nearest,OnArrival,5,3,7974,Node_129,23,0,9,23,9,,,,,,,,,
30,VISIT,3189,Nearest,OnArrival,5,4,7998,Node_56,20,0,15,20,15,,,,,,,,,
30,VISIT,3190,Nearest,OnArrival,5,4,7998,Node_58,16,0,7,16,7,,,,,,,,,
30,VISIT,3191,Nearest,OnArrival,5,4,7998,Node_166,13,0,10,13,10,,,,,,,,,
30,VISIT,3189,Nearest,OnArrival,5,5,8022,Node_25,21,0,15,21,15,,,,,,,,,
30,VISIT,3190,Nearest,OnArrival,5,5,8022,Node_79,16,0,6,16,6,,,,,,,,,
30,VISIT,3192,Nearest,OnArrival,5,4,8022,Node_136,25,0,9,25,9,,,,,,,,,
30,VISIT,3189,Nearest,OnArrival,5,6,8045,Node_62,22,0,15,22,15,,,,,,,,,
30,VISIT,3190,Nearest,OnArrival,5,6,8045,Node_68,15,0,6,15,6,,,,,,,,,
30,VISIT,3189,Nearest,OnArrival,5,7,8068,Node_213,23,0,15,23,15,,,,,,,,,
30,VISIT,3190,Nearest,OnArrival,5,7,8068,Node_70,15,0,5,15,5,,,,,,,,,
30,VISIT,3191,Nearest,OnArrival,5,5,8068,Node_185,12,0,8,12,8,,,,,,,,,
30,VISIT,3189,Nearest,OnArrival,5,8,8091,Node_72,23,0,16,23,16,,,,,,,,,
30,VISIT,3190,Nearest,OnArrival,5,8,8091,Node_73,15,0,4,15,4,,,,,,,,,
30,VISIT,3189,Nearest,OnArrival,5,9,8114,Node_65,22,0,16,22,16,,,,,,,,,
30,VISIT,3190,Nearest,OnArrival,5,9,8114,Node_81,16,0,4,16,4,,,,,,,,,
30,VISIT,3189,Nearest,OnArrival,5,10,8137,Node_27,21,0,16,21,16,,,,,,,,,
30,VISIT,3190,Nearest,OnArrival,5,10,8137,Node_177,17,0,4,17,4,,,,,,,,,
30,VISIT,3190,Nearest,OnArrival,5,11,8160,Node_174,18,0,4,18,4,,,,,,,,,
30,VISIT,3192,Nearest,OnArrival,5,5,8160,Node_151,25,0,5,25,5,,,,,,,,,
30,VISIT,3189,Nearest,OnArrival,5,11,8183,Node_30,21,0,18,21,18,,,,,,,,,
30,VISIT,3190,Nearest,OnArrival,5,12,8183,Node_149,19,0,4,19,4,,,,,,,,,
30,VISIT,3192,Nearest,OnArrival,5,6,8183,Node_147,25,0,6,25,6,,,,,,,,,
30,VISIT,3189,Nearest,OnArrival,5,12,8206,Node_217,20,0,18,20,18,,,,,,,,,
30,VISIT,3190,Nearest,OnArrival,5,13,8206,Node_71,20,0,4,20,4,,,,,,,,,
30,VISIT,3192,Nearest,OnArrival,5,7,8206,Node_159,24,0,6,24,6,,,,,,,,,
30,VISIT,3189,Nearest,OnArrival,5,13,8229,Node_219,20,0,19,20,19,,,,,,,,,
30,VISIT,3190,Nearest,OnArrival,5,14,8229,Node_64,21,0,4,21,4,,,,,,,,,
30,VISIT,3192,Nearest,OnArrival,5,8,8229,Node_155,24,0,5,24,5,,,,,,,,,
30,VISIT,3189,Nearest,OnArrival,5,14,8252,Node_32,21,0,19,21,19,,,,,,,,,
30,VISIT,3190,Nearest,OnArrival,5,15,8252,Node_61,21,0,5,21,5,,,,,,,,,
30,VISIT,3191,Nearest,OnArrival,5,6,8252,Node_109,10,0,14,10,14,,,,,,,,,
30,VISIT,3189,Nearest,OnArrival,5,15,8275,Node_34,21,0,20,21,20,,,,,,,,,
30,VISIT,3190,Nearest,OnArrival,5,16,8275,Node_132,22,0,5,22,5,,,,,,,,,
30,VISIT,3189,Nearest,OnArrival,5,16,8297,Node_236,21,0,21,21,21,,,,,,,,,
30,VISIT,3189,Nearest,OnArrival,5,17,8319,Node_227,22,0,21,22,21,,,,,,,,,
30,VISIT,3189,Nearest,OnArrival,5,18,8339,Node_225,22,0,20,22,20,,,,,,,,,
30,VISIT,3189,Nearest,OnArrival,5,19,8358,Node_34,21,0,20,21,20,,,,,,,,,
30,VISIT,3189,Nearest,OnArrival,5,20,8380,Node_236,21,0,21,21,21,,,,,,,,,
30,VISIT,3190,Nearest,OnArrival,5,17,8380,Node_268,23,0,1,23,1,,,,,,,,,
30,VISIT,3189,Nearest,OnArrival,5,21,8404,Node_235,21,0,22,21,22,,,,,,,,,
30,VISIT,3189,Nearest,OnArrival,5,22,8426,Node_230,22,0,22,22,22,,,,,,,,,
30,VISIT,3189,Nearest,OnArrival,5,23,8470,Node_117,24,0,22,24,22,,,,,,,,,
30,VISIT,3189,Nearest,OnArrival,5,24,8579,Node_121,24,0,25,24,25,,,,,,,,,
30,VISIT,3189,Nearest,OnArrival,5,25,8601,Node_120,24,0,24,24,24,,,,,,,,,
30,VISIT,3189,Nearest,OnArrival,5,26,8624,Node_278,25,0,24,25,24,,,,,,,,,
30,VISIT,3189,Nearest,OnArrival,5,27,8647,Node_276,25,0,23,25,23,,,,,,,,,
30,VISIT,3189,Nearest,OnArrival,5,28,8670,Node_119,24,0,23,24,23,,,,,,,,,
30,VISIT,3189,Nearest,OnArrival,5,29,8693,Node_276,25,0,23,25,23,,,,,,,,,
30,VISIT,3189,Nearest,OnArrival,5,30,8761,Node_274,25,0,22,25,22,,,,,,,,,
30,VISIT,3189,Nearest,OnArrival,5,31,8784,Node_281,26,0,22,26,22,,,,,,,,,
30,VISIT,3189,Nearest,OnArrival,5,32,8849,Node_280,26,0,23,26,23,,,,,,,,,
30,VISIT,3189,Nearest,OnArrival,5,33,8869,Node_281,26,0,22,26,22,,,,,,,,,
30,VISIT,3189,Nearest,OnArrival,5,34,8891,Node_282,27,0,22,27,22,,,,,,,,,
30,VISIT,3193,Nearest,OnArrival,5,0,8899,Node_6,19,0,12,19,12,,,,,,,,,
30,VISIT,3194,Nearest,OnArrival,5,0,8899,Node_7,19,0,8,19,8,,,,,,,,,
30,VISIT,3195,Nearest,OnArrival,5,0,8899,Node_8,17,0,10,17,10,,,,,,,,,
30,VISIT,3196,Nearest,OnArrival,5,0,8899,Node_9,21,0,10,21,10,,,,,,,,,
30,VISIT,3193,Nearest,OnArrival,5,1,8919,Node_2,19,0,11,19,11,,,,,,,,,
30,VISIT,3194,Nearest,OnArrival,5,1,8919,Node_11,18,0,8,18,8,,,,,,,,,
30,VISIT,3195,Nearest,OnArrival,5,1,8919,Node_24,16,0,10,16,10,,,,,,,,,
30,VISIT,3196,Nearest,OnArrival,5,1,8919,Node_48,21,0,9,21,9,,,,,,,,,
30,VISIT,3189,Nearest,OnArrival,5,35,8931,Node_242,27,0,20,27,20,,,,,,,,,
30,VISIT,3193,Nearest,OnArrival,5,2,8940,Node_20,19,0,10,19,10,,,,,,,,,
30,VISIT,3194,Nearest,OnArrival,5,2,8940,Node_51,17,0,8,17,8,,,,,,,,,
30,VISIT,3195,Nearest,OnArrival,5,2,8940,Node_26,15,0,10,15,10,,,,,,,,,
30,VISIT,3196,Nearest,OnArrival,5,2,8940,Node_88,22,0,9,22,9,,,,,,,,,
30,VISIT,3193,Nearest,OnArrival,5,3,8961,Node_4,18,0,10,18,10,,,,,,,,,
30,VISIT,3194,Nearest,OnArrival,5,3,8961,Node_54,17,0,7,17,7,,,,,,,,,
30,VISIT,3195,Nearest,OnArrival,5,3,8961,Node_127,14,0,10,14,10,,,,,,,,,
30,VISIT,3196,Nearest,OnArrival,5,3,8961,Node_129,23,0,9,23,9,,,,,,,,,
30,VISIT,3193,Nearest,OnArrival,5,4,8983,Node_8,17,0,10,17,10,,,,,,,,,
30,VISIT,3194,Nearest,OnArrival,5,4,8983,Node_58,16,0,7,16,7,,,,,,,,,
30,VISIT,3195,Nearest,OnArrival,5,4,8983,Node_166,13,0,10,13,10,,,,,,,,,
30,VISIT,3193,Nearest,OnArrival,5,5,9004,Node_24,16,0,10,16,10,,,,,,,,,
30,VISIT,3194,Nearest,OnArrival,5,5,9004,Node_79,16,0,6,16,6,,,,,,,,,
30,VISIT,3195,Nearest,OnArrival,5,5,9004,Node_168,13,0,9,13,9,,,,,,,,,
30,VISIT,3196,Nearest,OnArrival,5,4,9004,Node_136,25,0,9,25,9,,,,,,,,,
30,VISIT,3193,Nearest,OnArrival,5,6,9026,Node_26,15,0,10,15,10,,,,,,,,,
30,VISIT,3194,Nearest,OnArrival,5,6,9026,Node_80,16,0,5,16,5,,,,,,,,,
30,VISIT,3195,Nearest,OnArrival,5,6,9026,Node_247,12,0,9,12,9,,,,,,,,,
30,VISIT,3196,Nearest,OnArrival,5,5,9026,Node_139,25,0,8,25,8,,,,,,,,,
30,VISIT,3193,Nearest,OnArrival,5,7,9048,Node_127,14,0,10,14,10,,,,,,,,,
30,VISIT,3194,Nearest,OnArrival,5,7,9048,Node_180,17,0,5,17,5,,,,,,,,,
30,VISIT,3195,Nearest,OnArrival,5,7,9048,Node_252,11,0,9,11,9,,,,,,,,,
30,VISIT,3196,Nearest,OnArrival,5,6,9048,Node_249,26,0,8,26,8,,,,,,,,,
30,VISIT,3193,Nearest,OnArrival,5,8,9070,Node_166,13,0,10,13,10,,,,,,,,,
30,VISIT,3194,Nearest,OnArrival,5,8,9070,Node_171,18,0,5,18,5,,,,,,,,,
30,VISIT,3195,Nearest,OnArrival,5,8,9070,Node_250,11,0,8,11,8,,,,,,,,,
30,VISIT,3196,Nearest,OnArrival,5,7,9070,Node_248,26,0,9,26,9,,,,,,,,,
30,VISIT,3193,Nearest,OnArrival,5,9,9093,Node_168,13,0,9,13,9,,,,,,,,,
30,VISIT,3194,Nearest,OnArrival,5,9,9093,Node_145,19,0,5,19,5,,,,,,,,,
30,VISIT,3193,Nearest,OnArrival,5,10,9115,Node_169,13,0,8,13,8,,,,,,,,,
30,VISIT,3194,Nearest,OnArrival,5,10,9115,Node_149,19,0,4,19,4,,,,,,,,,
30,VISIT,3195,Nearest,OnArrival,5,9,9115,Node_254,10,0,9,10,9,,,,,,,,,
30,VISIT,3193,Nearest,OnArrival,5,11,9137,Node_185,12,0,8,12,8,,,,,,,,,
30,VISIT,3194,Nearest,OnArrival,5,11,9137,Node_153,19,0,3,19,3,,,,,,,,,
30,VISIT,3195,Nearest,OnArrival,5,10,9137,Node_256,10,0,10,10,10,,,,,,,,,
30,VISIT,3193,Nearest,OnArrival,5,12,9158,Node_183,12,0,7,12,7,,,,,,,,,
30,VISIT,3194,Nearest,OnArrival,5,12,9158,Node_69,20,0,3,20,3,,,,,,,,,
30,VISIT,3193,Nearest,OnArrival,5,13,9180,Node_181,12,0,6,12,6,,,,,,,,,
30,VISIT,3193,Nearest,OnArrival,5,14,9202,Node_192,11,0,6,11,6,,,,,,,,,
30,VISIT,3194,Nearest,OnArrival,5,13,9202,Node_157,19,0,2,19,2,,,,,,,,,
30,VISIT,3193,Nearest,OnArrival,5,15,9223,Node_210,10,0,6,10,6,,,,,,,,,
30,VISIT,3194,Nearest,OnArrival,5,14,9223,Node_161,19,0,1,19,1,,,,,,,,,
30,VISIT,3193,Nearest,OnArrival,5,16,9244,Node_209,10,0,5,10,5,,,,,,,,,
30,VISIT,3195,Nearest,OnArrival,5,11,9244,Node_261,9,0,14,9,14,,,,,,,,,
30,VISIT,3195,Nearest,OnArrival,5,12,9266,Node_113,9,0,15,9,15,,,,,,,,,
30,VISIT,3196,Nearest,OnArrival,5,8,9287,Node_239,27,0,18,27,18,,,,,,,,,
30,VISIT,3193,Nearest,OnArrival,5,17,9429,Node_205,10,0,-4,10,-4,,,,,,,,,
30,VISIT,3193,Nearest,OnArrival,5,18,9451,Node_202,11,0,-4,11,-4,,,,,,,,,
30,VISIT,3197,Nearest,OnArrival,5,0,9836,Node_6,19,0,12,19,12,,,,,,,,,
30,VISIT,3198,Nearest,OnArrival,5,0,9836,Node_7,19,0,8,19,8,,,,,,,,,
30,VISIT,3199,Nearest,OnArrival,5,0,9836,Node_8,17,0,10,17,10,,,,,,,,,
30,VISIT,3200,Nearest,OnArrival,5,0,9836,Node_9,21,0,10,21,10,,,,,,,,,
30,VISIT,3197,Nearest,OnArrival,5,1,9854,Node_2,19,0,11,19,11,,,,,,,,,
30,VISIT,3198,Nearest,OnArrival,5,1,9854,Node_11,18,0,8,18,8,,,,,,,,,
30,VISIT,3199,Nearest,OnArrival,5,1,9854,Node_23,17,0,9,17,9,,,,,,,,,
30,VISIT,3200,Nearest,OnArrival,5,1,9854,Node_48,21,0,9,21,9,,,,,,,,,
30,VISIT,3197,Nearest,OnArrival,5,2,9873,Node_20,19,0,10,19,10,,,,,,,,,
30,VISIT,3198,Nearest,OnArrival,5,2,9873,Node_51,17,0,8,17,8,,,,,,,,,
30,VISIT,3199,Nearest,OnArrival,5,2,9873,Node_51,17,0,8,17,8,,,,,,,,,
30,VISIT,3200,Nearest,OnArrival,5,2,9873,Node_88,22,0,9,22,9,,,,,,,,,
30,VISIT,3197,Nearest,OnArrival,5,3,9894,Node_4,18,0,10,18,10,,,,,,,,,
30,VISIT,3198,Nearest,OnArrival,5,3,9894,Node_54,17,0,7,17,7,,,,,,,,,
30,VISIT,3199,Nearest,OnArrival,5,3,9894,Node_54,17,0,7,17,7,,,,,,,,,
30,VISIT,3200,Nearest,OnArrival,5,3,9894,Node_129,23,0,9,23,9,,,,,,,,,
30,VISIT,3197,Nearest,OnArrival,5,4,9915,Node_8,17,0,10,17,10,,,,,,,,,
30,VISIT,3198,Nearest,OnArrival,5,4,9915,Node_58,16,0,7,16,7,,,,,,,,,
30,VISIT,3199,Nearest,OnArrival,5,4,9915,Node_58,16,0,7,16,7,,,,,,,,,
30,VISIT,3197,Nearest,OnArrival,5,5,9936,Node_23,17,0,9,17,9,,,,,,,,,
30,VISIT,3198,Nearest,OnArrival,5,5,9936,Node_79,16,0,6,16,6,,,,,,,,,
30,VISIT,3199,Nearest,OnArrival,5,5,9936,Node_79,16,0,6,16,6,,,,,,,,,
30,VISIT,3200,Nearest,OnArrival,5,4,9936,Node_136,25,0,9,25,9,,,,,,,,,
30,VISIT,3197,Nearest,OnArrival,5,6,9957,Node_51,17,0,8,17,8,,,,,,,,,
30,VISIT,3198,Nearest,OnArrival,5,6,9957,Node_80,16,0,5,16,5,,,,,,,,,
30,VISIT,3199,Nearest,OnArrival,5,6,9957,Node_80,16,0,5,16,5,,,,,,,,,
30,VISIT,3200,Nearest,OnArrival,5,5,9957,Node_139,25,0,8,25,8,,,,,,,,,
30,VISIT,3197,Nearest,OnArrival,5,7,9979,Node_54,17,0,7,17,7,,,,,,,,,
30,VISIT,3198,Nearest,OnArrival,5,7,9979,Node_81,16,0,4,16,4,,,,,,,,,
30,VISIT,3199,Nearest,OnArrival,5,7,9979,Node_81,16,0,4,16,4,,,,,,,,,
30,VISIT,3200,Nearest,OnArrival,5,6,9979,Node_143,25,0,7,25,7,,,,,,,,,
30,VISIT,3197,Nearest,OnArrival,5,8,10000,Node_58,16,0,7,16,7,,,,,,,,,
30,VISIT,3198,Nearest,OnArrival,5,8,10000,Node_82,16,0,3,16,3,,,,,,,,,
30,VISIT,3199,Nearest,OnArrival,5,8,10000,Node_82,16,0,3,16,3,,,,,,,,,
30,VISIT,3200,Nearest,OnArrival,5,7,10000,Node_163,24,0,7,24,7,,,,,,,,,
30,VISIT,3197,Nearest,OnArrival,5,9,10022,Node_79,16,0,6,16,6,,,,,,,,,
30,VISIT,3198,Nearest,OnArrival,5,9,10022,Node_76,15,0,3,15,3,,,,,,,,,
30,VISIT,3199,Nearest,OnArrival,5,9,10022,Node_76,15,0,3,15,3,,,,,,,,,
30,VISIT,3200,Nearest,OnArrival,5,8,10022,Node_143,25,0,7,25,7,,,,,,,,,
30,VISIT,3197,Nearest,OnArrival,5,10,10044,Node_80,16,0,5,16,5,,,,,,,,,
30,VISIT,3198,Nearest,OnArrival,5,10,10044,Node_84,15,0,2,15,2,,,,,,,,,
30,VISIT,3199,Nearest,OnArrival,5,10,10044,Node_84,15,0,2,15,2,,,,,,,,,
30,VISIT,3200,Nearest,OnArrival,5,9,10044,Node_251,26,0,7,26,7,,,,,,,,,
30,VISIT,3197,Nearest,OnArrival,5,11,10066,Node_81,16,0,4,16,4,,,,,,,,,
30,VISIT,3200,Nearest,OnArrival,5,10,10066,Node_253,26,0,6,26,6,,,,,,,,,
30,VISIT,3197,Nearest,OnArrival,5,12,10087,Node_82,16,0,3,16,3,,,,,,,,,
30,VISIT,3200,Nearest,OnArrival,5,11,10087,Node_147,25,0,6,25,6,,,,,,,,,
30,VISIT,3197,Nearest,OnArrival,5,13,10108,Node_83,16,0,2,16,2,,,,,,,,,
30,VISIT,3200,Nearest,OnArrival,5,12,10108,Node_253,26,0,6,26,6,,,,,,,,,
30,VISIT,3197,Nearest,OnArrival,5,14,10129,Node_84,15,0,2,15,2,,,,,,,,,
30,VISIT,3197,Nearest,OnArrival,5,15,10171,Node_85,14,0,3,14,3,,,,,,,,,
30,VISIT,3200,Nearest,OnArrival,5,13,10171,Node_255,26,0,5,26,5,,,,,,,,,
30,VISIT,3200,Nearest,OnArrival,5,14,10192,Node_333,27,0,5,27,5,,,,,,,,,
30,VISIT,3197,Nearest,OnArrival,5,16,10275,Node_195,11,0,3,11,3,,,,,,,,,
30,VISIT,3197,Nearest,OnArrival,5,17,10295,Node_303,10,0,3,10,3,,,,,,,,,
30,VISIT,3197,Nearest,OnArrival,5,18,10315,Node_300,10,0,4,10,4,,,,,,,,,
30,VISIT,3197,Nearest,OnArrival,5,19,10335,Node_194,11,0,4,11,4,,,,,,,,,
30,VISIT,3197,Nearest,OnArrival,5,20,10356,Node_193,11,0,5,11,5,,,,,,,,,
30,VISIT,3199,Nearest,OnArrival,5,11,10356,Node_331,14,0,2,14,2,,,,,,,,,
30,VISIT,3197,Nearest,OnArrival,5,21,10376,Node_209,10,0,5,10,5,,,,,,,,,
30,VISIT,3199,Nearest,OnArrival,5,12,10376,Node_337,13,0,2,13,2,,,,,,,,,
30,VISIT,3197,Nearest,OnArrival,5,22,10395,Node_212,9,0,5,9,5,,,,,,,,,
30,VISIT,3199,Nearest,OnArrival,5,13,10395,Node_335,13,0,3,13,3,,,,,,,,,
30,VISIT,3197,Nearest,OnArrival,5,23,10416,Node_211,9,0,6,9,6,,,,,,,,,
30,VISIT,3199,Nearest,OnArrival,5,14,10416,Node_342,12,0,3,12,3,,,,,,,,,
30,VISIT,3197,Nearest,OnArrival,5,24,10437,Node_215,8,0,6,8,6,,,,,,,,,
30,VISIT,3199,Nearest,OnArrival,5,15,10437,Node_340,12,0,2,12,2,,,,,,,,,
30,VISIT,3197,Nearest,OnArrival,5,25,10458,Node_224,7,0,6,7,6,,,,,,,,,
30,VISIT,3199,Nearest,OnArrival,5,16,10458,Node_196,11,0,2,11,2,,,,,,,,,
30,VISIT,3197,Nearest,OnArrival,5,26,10479,Node_226,6,0,6,6,6,,,,,,,,,
30,VISIT,3199,Nearest,OnArrival,5,17,10479,Node_306,10,0,2,10,2,,,,,,,,,
30,VISIT,3197,Nearest,OnArrival,5,27,10500,Node_233,5,0,6,5,6,,,,,,,,,
30,VISIT,3199,Nearest,OnArrival,5,18,10581,Node_214,8,0,5,8,5,,,,,,,,,
30,VISIT,3199,Nearest,OnArrival,5,19,10641,Node_355,8,0,2,8,2,,,,,,,,,
30,VISIT,3201,Nearest,OnArrival,5,0,10735,Node_6,19,0,12,19,12,,,,,,,,,
30,VISIT,3202,Nearest,OnArrival,5,0,10735,Node_7,19,0,8,19,8,,,,,,,,,
30,VISIT,3203,Nearest,OnArrival,5,0,10735,Node_8,17,0,10,17,10,,,,,,,,,
30,VISIT,3204,Nearest,OnArrival,5,0,10735,Node_9,21,0,10,21,10,,,,,,,,,
30,VISIT,3201,Nearest,OnArrival,5,1,10750,Node_2,19,0,11,19,11,,,,,,,,,
30,VISIT,3202,Nearest,OnArrival,5,1,10750,Node_11,18,0,8,18,8,,,,,,,,,
30,VISIT,3203,Nearest,OnArrival,5,1,10750,Node_23,17,0,9,17,9,,,,,,,,,
30,VISIT,3204,Nearest,OnArrival,5,1,10750,Node_48,21,0,9,21,9,,,,,,,,,
30,VISIT,3199,Nearest,OnArrival,5,20,10755,Node_231,5,0,5,5,5,,,,,,,,,
30,VISIT,3201,Nearest,OnArrival,5,2,10766,Node_20,19,0,10,19,10,,,,,,,,,
30,VISIT,3202,Nearest,OnArrival,5,2,10766,Node_51,17,0,8,17,8,,,,,,,,,
30,VISIT,3203,Nearest,OnArrival,5,2,10766,Node_51,17,0,8,17,8,,,,,,,,,
30,VISIT,3204,Nearest,OnArrival,5,2,10766,Node_88,22,0,9,22,9,,,,,,,,,
30,VISIT,3201,Nearest,OnArrival,5,3,10784,Node_4,18,0,10,18,10,,,,,,,,,
30,VISIT,3202,Nearest,OnArrival,5,3,10784,Node_54,17,0,7,17,7,,,,,,,,,
30,VISIT,3203,Nearest,OnArrival,5,3,10784,Node_54,17,0,7,17,7,,,,,,,,,
30,VISIT,3204,Nearest,OnArrival,5,3,10784,Node_129,23,0,9,23,9,,,,,,,,,
30,VISIT,3199,Nearest,OnArrival,5,21,10789,Node_363,5,0,3,5,3,,,,,,,,,
30,VISIT,3201,Nearest,OnArrival,5,4,10802,Node_8,17,0,10,17,10,,,,,,,,,
30,VISIT,3202,Nearest,OnArrival,5,4,10802,Node_58,16,0,7,16,7,,,,,,,,,
30,VISIT,3203,Nearest,OnArrival,5,4,10802,Node_58,16,0,7,16,7,,,,,,,,,
30,VISIT,3201,Nearest,OnArrival,5,5,10820,Node_23,17,0,9,17,9,,,,,,,,,
30,VISIT,3202,Nearest,OnArrival,5,5,10820,Node_79,16,0,6,16,6,,,,,,,,,
30,VISIT,3203,Nearest,OnArrival,5,5,10820,Node_79,16,0,6,16,6,,,,,,,,,
30,VISIT,3204,Nearest,OnArrival,5,4,10820,Node_136,25,0,9,25,9,,,,,,,,,
30,VISIT,3201,Nearest,OnArrival,5,6,10837,Node_51,17,0,8,17,8,,,,,,,,,
30,VISIT,3202,Nearest,OnArrival,5,6,10837,Node_80,16,0,5,16,5,,,,,,,,,
30,VISIT,3203,Nearest,OnArrival,5,6,10837,Node_80,16,0,5,16,5,,,,,,,,,
30,VISIT,3204,Nearest,OnArrival,5,5,10837,Node_248,26,0,9,26,9,,,,,,,,,
30,VISIT,3201,Nearest,OnArrival,5,7,10856,Node_54,17,0,7,17,7,,,,,,,,,
30,VISIT,3202,Nearest,OnArrival,5,7,10856,Node_81,16,0,4,16,4,,,,,,,,,
30,VISIT,3203,Nearest,OnArrival,5,7,10856,Node_81,16,0,4,16,4,,,,,,,,,
30,VISIT,3204,Nearest,OnArrival,5,6,10856,Node_287,27,0,9,27,9,,,,,,,,,
30,VISIT,3201,Nearest,OnArrival,5,8,10876,Node_58,16,0,7,16,7,,,,,,,,,
30,VISIT,3202,Nearest,OnArrival,5,8,10876,Node_82,16,0,3,16,3,,,,,,,,,
30,VISIT,3203,Nearest,OnArrival,5,8,10876,Node_82,16,0,3,16,3,,,,,,,,,
30,VISIT,3201,Nearest,OnArrival,5,9,10895,Node_79,16,0,6,16,6,,,,,,,,,
30,VISIT,3202,Nearest,OnArrival,5,9,10895,Node_83,16,0,2,16,2,,,,,,,,,
30,VISIT,3203,Nearest,OnArrival,5,9,10895,Node_83,16,0,2,16,2,,,,,,,,,
30,VISIT,3201,Nearest,OnArrival,5,10,10915,Node_80,16,0,5,16,5,,,,,,,,,
30,VISIT,3202,Nearest,OnArrival,5,10,10915,Node_84,15,0,2,15,2,,,,,,,,,
30,VISIT,3203,Nearest,OnArrival,5,10,10915,Node_84,15,0,2,15,2,,,,,,,,,
30,VISIT,3201,Nearest,OnArrival,5,11,10935,Node_81,16,0,4,16,4,,,,,,,,,
30,VISIT,3202,Nearest,OnArrival,5,11,10935,Node_326,15,0,1,15,1,,,,,,,,,
30,VISIT,3203,Nearest,OnArrival,5,11,10935,Node_326,15,0,1,15,1,,,,,,,,,
30,VISIT,3201,Nearest,OnArrival,5,12,10955,Node_82,16,0,3,16,3,,,,,,,,,
30,VISIT,3202,Nearest,OnArrival,5,12,10955,Node_351,14,0,1,14,1,,,,,,,,,
30,VISIT,3203,Nearest,OnArrival,5,12,10955,Node_351,14,0,1,14,1,,,,,,,,,
30,VISIT,3201,Nearest,OnArrival,5,13,10975,Node_83,16,0,2,16,2,,,,,,,,,
30,VISIT,3202,Nearest,OnArrival,5,13,10975,Node_349,14,0,0,14,0,,,,,,,,,
30,VISIT,3203,Nearest,OnArrival,5,13,10975,Node_349,14,0,0,14,0,,,,,,,,,
30,VISIT,3204,Nearest,OnArrival,5,7,10975,Node_294,27,0,13,27,13,,,,,,,,,
30,VISIT,3201,Nearest,OnArrival,5,14,10996,Node_84,15,0,2,15,2,,,,,,,,,
30,VISIT,3204,Nearest,OnArrival,5,8,10996,Node_208,26,0,13,26,13,,,,,,,,,
30,VISIT,3201,Nearest,OnArrival,5,15,11017,Node_326,15,0,1,15,1,,,,,,,,,
30,VISIT,3204,Nearest,OnArrival,5,9,11017,Node_207,26,0,12,26,12,,,,,,,,,
30,VISIT,3201,Nearest,OnArrival,5,16,11037,Node_327,15,0,0,15,0,,,,,,,,,
30,VISIT,3204,Nearest,OnArrival,5,10,11037,Node_291,27,0,12,27,12,,,,,,,,,
30,VISIT,3201,Nearest,OnArrival,5,17,11057,Node_349,14,0,0,14,0,,,,,,,,,
30,VISIT,3202,Nearest,OnArrival,5,14,11057,Node_199,11,0,-1,11,-1,,,,,,,,,
30,VISIT,3203,Nearest,OnArrival,5,14,11057,Node_199,11,0,-1,11,-1,,,,,,,,,
30,VISIT,3204,Nearest,OnArrival,5,11,11057,Node_369,28,0,12,28,12,,,,,,,,,
30,VISIT,3201,Nearest,OnArrival,5,18,11077,Node_347,14,0,-1,14,-1,,,,,,,,,
30,VISIT,3202,Nearest,OnArrival,5,15,11077,Node_317,10,0,-1,10,-1,,,,,,,,,
30,VISIT,3203,Nearest,OnArrival,5,15,11077,Node_317,10,0,-1,10,-1,,,,,,,,,
30,VISIT,3204,Nearest,OnArrival,5,12,11077,Node_368,28,0,11,28,11,,,,,,,,,
30,VISIT,3201,Nearest,OnArrival,5,19,11097,Node_328,15,0,-1,15,-1,,,,,,,,,
30,VISIT,3204,Nearest,OnArrival,5,13,11097,Node_289,27,0,11,27,11,,,,,,,,,
30,VISIT,3201,Nearest,OnArrival,5,20,11117,Node_329,15,0,-2,15,-2,,,,,,,,,
30,VISIT,3204,Nearest,OnArrival,5,14,11117,Node_288,27,0,10,27,10,,,,,,,,,
30,VISIT,3201,Nearest,OnArrival,5,21,11137,Node_345,14,0,-2,14,-2,,,,,,,,,
30,VISIT,3204,Nearest,OnArrival,5,15,11137,Node_367,28,0,10,28,10,,,,,,,,,
30,VISIT,3201,Nearest,OnArrival,5,22,11157,Node_343,14,0,-3,14,-3,,,,,,,,,
30,VISIT,3204,Nearest,OnArrival,5,16,11157,Node_366,28,0,9,28,9,,,,,,,,,
30,VISIT,3201,Nearest,OnArrival,5,23,11197,Node_325,12,0,-3,12,-3,,,,,,,,,
30,VISIT,3201,Nearest,OnArrival,5,24,11217,Node_201,11,0,-3,11,-3,,,,,,,,,
30,VISIT,3201,Nearest,OnArrival,5,25,11237,Node_322,10,0,-3,10,-3,,,,,,,,,
30,VISIT,3201,Nearest,OnArrival,5,26,11257,Node_320,10,0,-2,10,-2,,,,,,,,,
30,VISIT,3201,Nearest,OnArrival,5,27,11277,Node_200,11,0,-2,11,-2,,,,,,,,,
30,VISIT,3201,Nearest,OnArrival,5,28,11297,Node_199,11,0,-1,11,-1,,,,,,,,,
30,VISIT,3201,Nearest,OnArrival,5,29,11317,Node_198,11,0,0,11,0,,,,,,,,,
30,VISIT,3201,Nearest,OnArrival,5,30,11337,Node_314,10,0,0,10,0,,,,,,,,,
30,VISIT,3201,Nearest,OnArrival,5,31,11357,Node_310,10,0,1,10,1,,,,,,,,,
30,VISIT,3201,Nearest,OnArrival,5,32,11377,Node_197,11,0,1,11,1,,,,,,,,,
30,VISIT,3201,Nearest,OnArrival,5,33,11397,Node_198,11,0,0,11,0,,,,,,,,,
30,VISIT,3201,Nearest,OnArrival,5,34,11416,Node_371,12,0,0,12,0,,,,,,,,,
30,VISIT,3201,Nearest,OnArrival,5,35,11456,Node_349,14,0,0,14,0,,,,,,,,,
30,VISIT,3203,Nearest,OnArrival,5,16,11456,Node_364,3,0,3,3,3,,,,,,,,,
30,VISIT,3201,Nearest,OnArrival,5,36,11476,Node_347,14,0,-1,14,-1,,,,,,,,,
30,VISIT,3203,Nearest,OnArrival,5,17,11476,Node_365,3,0,4,3,4,,,,,,,,,
30,VISIT,3201,Nearest,OnArrival,5,37,11496,Node_345,14,0,-2,14,-2,,,,,,,,,
30,VISIT,3201,Nearest,OnArrival,5,38,11516,Node_343,14,0,-3,14,-3,,,,,,,,,
30,VISIT,3201,Nearest,OnArrival,5,39,11536,Node_332,15,0,-3,15,-3,,,,,,,,,
30,VISIT,3201,Nearest,OnArrival,5,40,11555,Node_329,15,0,-2,15,-2,,,,,,,,,
30,VISIT,3205,Nearest,OnArrival,5,0,11580,Node_6,19,0,12,19,12,,,,,,,,,
30,VISIT,3206,Nearest,OnArrival,5,0,11580,Node_7,19,0,8,19,8,,,,,,,,,
30,VISIT,3207,Nearest,OnArrival,5,0,11580,Node_8,17,0,10,17,10,,,,,,,,,
30,VISIT,3208,Nearest,OnArrival,5,0,11580,Node_9,21,0,10,21,10,,,,,,,,,
30,VISIT,3205,Nearest,OnArrival,5,1,11594,Node_2,19,0,11,19,11,,,,,,,,,
30,VISIT,3206,Nearest,OnArrival,5,1,11594,Node_11,18,0,8,18,8,,,,,,,,,
30,VISIT,3207,Nearest,OnArrival,5,1,11594,Node_23,17,0,9,17,9,,,,,,,,,
30,VISIT,3208,Nearest,OnArrival,5,1,11594,Node_5,20,0,10,20,10,,,,,,,,,
30,VISIT,3205,Nearest,OnArrival,5,2,11609,Node_20,19,0,10,19,10,,,,,,,,,
30,VISIT,3206,Nearest,OnArrival,5,2,11609,Node_51,17,0,8,17,8,,,,,,,,,
30,VISIT,3207,Nearest,OnArrival,5,2,11609,Node_51,17,0,8,17,8,,,,,,,,,
30,VISIT,3208,Nearest,OnArrival,5,2,11609,Node_50,20,0,9,20,9,,,,,,,,,
30,VISIT,3205,Nearest,OnArrival,5,3,11623,Node_4,18,0,10,18,10,,,,,,,,,
30,VISIT,3206,Nearest,OnArrival,5,3,11623,Node_54,17,0,7,17,7,,,,,,,,,
30,VISIT,3207,Nearest,OnArrival,5,3,11623,Node_54,17,0,7,17,7,,,,,,,,,
30,VISIT,3208,Nearest,OnArrival,5,3,11623,Node_47,20,0,8,20,8,,,,,,,,,
30,VISIT,3205,Nearest,OnArrival,5,4,11638,Node_8,17,0,10,17,10,,,,,,,,,
30,VISIT,3206,Nearest,OnArrival,5,4,11638,Node_58,16,0,7,16,7,,,,,,,,,
30,VISIT,3207,Nearest,OnArrival,5,4,11638,Node_58,16,0,7,16,7,,,,,,,,,
30,VISIT,3208,Nearest,OnArrival,5,4,11638,Node_52,21,0,8,21,8,,,,,,,,,
30,VISIT,3205,Nearest,OnArrival,5,5,11654,Node_23,17,0,9,17,9,,,,,,,,,
30,VISIT,3206,Nearest,OnArrival,5,5,11654,Node_79,16,0,6,16,6,,,,,,,,,
30,VISIT,3207,Nearest,OnArrival,5,5,11654,Node_79,16,0,6,16,6,,,,,,,,,
30,VISIT,3208,Nearest,OnArrival,5,5,11654,Node_55,21,0,7,21,7,,,,,,,,,
30,VISIT,3201,Nearest,OnArrival,5,41,11662,Node_161,19,0,1,19,1,,,,,,,,,
30,VISIT,3205,Nearest,OnArrival,5,6,11670,Node_51,17,0,8,17,8,,,,,,,,,
30,VISIT,3206,Nearest,OnArrival,5,6,11670,Node_80,16,0,5,16,5,,,,,,,,,
30,VISIT,3207,Nearest,OnArrival,5,6,11670,Node_80,16,0,5,16,5,,,,,,,,,
30,VISIT,3208,Nearest,OnArrival,5,6,11670,Node_59,21,0,6,21,6,,,,,,,,,
30,VISIT,3201,Nearest,OnArrival,5,42,11678,Node_298,19,0,0,19,0,,,,,,,,,
30,VISIT,3205,Nearest,OnArrival,5,7,11686,Node_54,17,0,7,17,7,,,,,,,,,
30,VISIT,3206,Nearest,OnArrival,5,7,11686,Node_81,16,0,4,16,4,,,,,,,,,
30,VISIT,3207,Nearest,OnArrival,5,7,11686,Node_81,16,0,4,16,4,,,,,,,,,
30,VISIT,3208,Nearest,OnArrival,5,7,11686,Node_61,21,0,5,21,5,,,,,,,,,
30,VISIT,3201,Nearest,OnArrival,5,43,11694,Node_395,18,0,0,18,0,,,,,,,,,
30,VISIT,3205,Nearest,OnArrival,5,8,11703,Node_58,16,0,7,16,7,,,,,,,,,
30,VISIT,3206,Nearest,OnArrival,5,8,11703,Node_82,16,0,3,16,3,,,,,,,,,
30,VISIT,3207,Nearest,OnArrival,5,8,11703,Node_82,16,0,3,16,3,,,,,,,,,
30,VISIT,3208,Nearest,OnArrival,5,8,11703,Node_132,22,0,5,22,5,,,,,,,,,
30,VISIT,3205,Nearest,OnArrival,5,9,11720,Node_79,16,0,6,16,6,,,,,,,,,
30,VISIT,3206,Nearest,OnArrival,5,9,11720,Node_83,16,0,2,16,2,,,,,,,,,
30,VISIT,3207,Nearest,OnArrival,5,9,11720,Node_83,16,0,2,16,2,,,,,,,,,
30,VISIT,3208,Nearest,OnArrival,5,9,11720,Node_263,23,0,5,23,5,,,,,,,,,
30,VISIT,3205,Nearest,OnArrival,5,10,11738,Node_80,16,0,5,16,5,,,,,,,,,
30,VISIT,3206,Nearest,OnArrival,5,10,11738,Node_84,15,0,2,15,2,,,,,,,,,
30,VISIT,3207,Nearest,OnArrival,5,10,11738,Node_84,15,0,2,15,2,,,,,,,,,
30,VISIT,3208,Nearest,OnArrival,5,10,11738,Node_155,24,0,5,24,5,,,,,,,,,
30,VISIT,3201,Nearest,OnArrival,5,44,11747,Node_390,17,0,-2,17,-2,,,,,,,,,
30,VISIT,3205,Nearest,OnArrival,5,11,11756,Node_81,16,0,4,16,4,,,,,,,,,
30,VISIT,3206,Nearest,OnArrival,5,11,11756,Node_326,15,0,1,15,1,,,,,,,,,
30,VISIT,3207,Nearest,OnArrival,5,11,11756,Node_326,15,0,1,15,1,,,,,,,,,
30,VISIT,3208,Nearest,OnArrival,5,11,11756,Node_260,24,0,4,24,4,,,,,,,,,
30,VISIT,3201,Nearest,OnArrival,5,45,11766,Node_392,17,0,-1,17,-1,,,,,,,,,
30,VISIT,3205,Nearest,OnArrival,5,12,11775,Node_82,16,0,3,16,3,,,,,,,,,
30,VISIT,3206,Nearest,OnArrival,5,12,11775,Node_327,15,0,0,15,0,,,,,,,,,
30,VISIT,3207,Nearest,OnArrival,5,12,11775,Node_327,15,0,0,15,0,,,,,,,,,
30,VISIT,3208,Nearest,OnArrival,5,12,11775,Node_265,23,0,4,23,4,,,,,,,,,
30,VISIT,3201,Nearest,OnArrival,5,46,11785,Node_401,18,0,-1,18,-1,,,,,,,,,
30,VISIT,3205,Nearest,OnArrival,5,13,11794,Node_83,16,0,2,16,2,,,,,,,,,
30,VISIT,3206,Nearest,OnArrival,5,13,11794,Node_328,15,0,-1,15,-1,,,,,,,,,
30,VISIT,3207,Nearest,OnArrival,5,13,11794,Node_328,15,0,-1,15,-1,,,,,,,,,
30,VISIT,3208,Nearest,OnArrival,5,13,11794,Node_267,23,0,3,23,3,,,,,,,,,
30,VISIT,3201,Nearest,OnArrival,5,47,11804,Node_301,19,0,-1,19,-1,,,,,,,,,
30,VISIT,3205,Nearest,OnArrival,5,14,11813,Node_84,15,0,2,15,2,,,,,,,,,
30,VISIT,3206,Nearest,OnArrival,5,14,11813,Node_329,15,0,-2,15,-2,,,,,,,,,
30,VISIT,3207,Nearest,OnArrival,5,14,11813,Node_329,15,0,-2,15,-2,,,,,,,,,
30,VISIT,3208,Nearest,OnArrival,5,14,11813,Node_262,24,0,3,24,3,,,,,,,,,
30,VISIT,3201,Nearest,OnArrival,5,48,11823,Node_298,19,0,0,19,0,,,,,,,,,
30,VISIT,3205,Nearest,OnArrival,5,15,11833,Node_326,15,0,1,15,1,,,,,,,,,
30,VISIT,3205,Nearest,OnArrival,5,16,11852,Node_327,15,0,0,15,0,,,,,,,,,
30,VISIT,3206,Nearest,OnArrival,5,15,11852,Node_390,17,0,-2,17,-2,,,,,,,,,
30,VISIT,3207,Nearest,OnArrival,5,15,11852,Node_390,17,0,-2,17,-2,,,,,,,,,
30,VISIT,3205,Nearest,OnArrival,5,17,11871,Node_328,15,0,-1,15,-1,,,,,,,,,
30,VISIT,3206,Nearest,OnArrival,5,16,11871,Node_402,18,0,-2,18,-2,,,,,,,,,
30,VISIT,3207,Nearest,OnArrival,5,16,11871,Node_402,18,0,-2,18,-2,,,,,,,,,
30,VISIT,3208,Nearest,OnArrival,5,15,11871,Node_264,24,0,2,24,2,,,,,,,,,
30,VISIT,3205,Nearest,OnArrival,5,18,11890,Node_329,15,0,-2,15,-2,,,,,,,,,
30,VISIT,3206,Nearest,OnArrival,5,17,11890,Node_304,19,0,-2,19,-2,,,,,,,,,
30,VISIT,3207,Nearest,OnArrival,5,17,11890,Node_304,19,0,-2,19,-2,,,,,,,,,
30,VISIT,3208,Nearest,OnArrival,5,16,11890,Node_269,23,0,2,23,2,,,,,,,,,
30,VISIT,3208,Nearest,OnArrival,5,17,11909,Node_268,23,0,1,23,1,,,,,,,,,
30,VISIT,3201,Nearest,OnArrival,5,49,11917,Node_268,23,0,1,23,1,,,,,,,,,
30,VISIT,3205,Nearest,OnArrival,5,19,11928,Node_390,17,0,-2,17,-2,,,,,,,,,
30,VISIT,3208,Nearest,OnArrival,5,18,11928,Node_406,22,0,1,22,1,,,,,,,,,
30,VISIT,3201,Nearest,OnArrival,5,50,11936,Node_270,23,0,0,23,0,,,,,,,,,
30,VISIT,3205,Nearest,OnArrival,5,20,11946,Node_402,18,0,-2,18,-2,,,,,,,,,
30,VISIT,3208,Nearest,OnArrival,5,19,11946,Node_405,22,0,0,22,0,,,,,,,,,
30,VISIT,3201,Nearest,OnArrival,5,51,11955,Node_405,22,0,0,22,0,,,,,,,,,
30,VISIT,3205,Nearest,OnArrival,5,21,11965,Node_304,19,0,-2,19,-2,,,,,,,,,
30,VISIT,3201,Nearest,OnArrival,5,52,11974,Node_411,22,0,-1,22,-1,,,,,,,,,
30,VISIT,3205,Nearest,OnArrival,5,22,11984,Node_307,19,0,-3,19,-3,,,,,,,,,
30,VISIT,3206,Nearest,OnArrival,5,18,11984,Node_315,19,0,-5,19,-5,,,,,,,,,
30,VISIT,3207,Nearest,OnArrival,5,18,11984,Node_315,19,0,-5,19,-5,,,,,,,,,
30,VISIT,3208,Nearest,OnArrival,5,20,11984,Node_277,22,0,-2,22,-2,,,,,,,,,
30,VISIT,3201,Nearest,OnArrival,5,53,11993,Node_277,22,0,-2,22,-2,,,,,,,,,
30,VISIT,3205,Nearest,OnArrival,5,23,12003,Node_408,20,0,-3,20,-3,,,,,,,,,
30,VISIT,3206,Nearest,OnArrival,5,19,12003,Node_311,19,0,-4,19,-4,,,,,,,,,
30,VISIT,3207,Nearest,OnArrival,5,19,12003,Node_311,19,0,-4,19,-4,,,,,,,,,
30,VISIT,3208,Nearest,OnArrival,5,21,12003,Node_272,23,0,-2,23,-2,,,,,,,,,
30,VISIT,3201,Nearest,OnArrival,5,54,12012,Node_272,23,0,-2,23,-2,,,,,,,,,
30,VISIT,3205,Nearest,OnArrival,5,24,12022,Node_409,20,0,-4,20,-4,,,,,,,,,
30,VISIT,3206,Nearest,OnArrival,5,20,12022,Node_321,18,0,-4,18,-4,,,,,,,,,
30,VISIT,3207,Nearest,OnArrival,5,20,12022,Node_321,18,0,-4,18,-4,,,,,,,,,
30,VISIT,3201,Nearest,OnArrival,5,55,12031,Node_412,24,0,-2,24,-2,,,,,,,,,
30,VISIT,3205,Nearest,OnArrival,5,25,12041,Node_311,19,0,-4,19,-4,,,,,,,,,
30,VISIT,3206,Nearest,OnArrival,5,21,12041,Node_318,18,0,-5,18,-5,,,,,,,,,
30,VISIT,3207,Nearest,OnArrival,5,21,12041,Node_318,18,0,-5,18,-5,,,,,,,,,
30,VISIT,3201,Nearest,OnArrival,5,56,12050,Node_413,24,0,-3,24,-3,,,,,,,,,
30,VISIT,3205,Nearest,OnArrival,5,26,12060,Node_409,20,0,-4,20,-4,,,,,,,,,
30,VISIT,3208,Nearest,OnArrival,5,22,12060,Node_273,23,0,-3,23,-3,,,,,,,,,
30,VISIT,3201,Nearest,OnArrival,5,57,12069,Node_273,23,0,-3,23,-3,,,,,,,,,
30,VISIT,3206,Nearest,OnArrival,5,22,12079,Node_323,17,0,-4,17,-4,,,,,,,,,
30,VISIT,3207,Nearest,OnArrival,5,22,12079,Node_323,17,0,-4,17,-4,,,,,,,,,
30,VISIT,3208,Nearest,OnArrival,5,23,12079,Node_275,22,0,-3,22,-3,,,,,,,,,
30,VISIT,3201,Nearest,OnArrival,5,58,12087,Node_275,22,0,-3,22,-3,,,,,,,,,
30,VISIT,3206,Nearest,OnArrival,5,23,12098,Node_414,17,0,-5,17,-5,,,,,,,,,
30,VISIT,3207,Nearest,OnArrival,5,23,12098,Node_414,17,0,-5,17,-5,,,,,,,,,
30,VISIT,3201,Nearest,OnArrival,5,59,12106,Node_417,22,0,-4,22,-4,,,,,,,,,
30,VISIT,3205,Nearest,OnArrival,5,27,12117,Node_410,20,0,-5,20,-5,,,,,,,,,
30,VISIT,3201,Nearest,OnArrival,5,60,12125,Node_418,22,0,-5,22,-5,,,,,,,,,
30,VISIT,3205,Nearest,OnArrival,5,28,12135,Node_416,21,0,-5,21,-5,,,,,,,,,
30,VISIT,3206,Nearest,OnArrival,5,24,12135,Node_336,15,0,-5,15,-5,,,,,,,,,
30,VISIT,3207,Nearest,OnArrival,5,24,12135,Node_336,15,0,-5,15,-5,,,,,,,,,
30,VISIT,3208,Nearest,OnArrival,5,24,12135,Node_416,21,0,-5,21,-5,,,,,,,,,
30,VISIT,3201,Nearest,OnArrival,5,61,12144,Node_416,21,0,-5,21,-5,,,,,,,,,
30,VISIT,3205,Nearest,OnArrival,5,29,12154,Node_418,22,0,-5,22,-5,,,,,,,,,
30,VISIT,3206,Nearest,OnArrival,5,25,12154,Node_334,15,0,-4,15,-4,,,,,,,,,
30,VISIT,3207,Nearest,OnArrival,5,25,12154,Node_334,15,0,-4,15,-4,,,,,,,,,
30,VISIT,3208,Nearest,OnArrival,5,25,12154,Node_415,21,0,-4,21,-4,,,,,,,,,
30,VISIT,3201,Nearest,OnArrival,5,62,12163,Node_415,21,0,-4,21,-4,,,,,,,,,
30,VISIT,3205,Nearest,OnArrival,5,30,12173,Node_417,22,0,-4,22,-4,,,,,,,,,
30,VISIT,3206,Nearest,OnArrival,5,26,12173,Node_341,14,0,-4,14,-4,,,,,,,,,
30,VISIT,3207,Nearest,OnArrival,5,26,12173,Node_341,14,0,-4,14,-4,,,,,,,,,
30,VISIT,3208,Nearest,OnArrival,5,26,12173,Node_417,22,0,-4,22,-4,,,,,,,,,
30,VISIT,3201,Nearest,OnArrival,5,63,12182,Node_417,22,0,-4,22,-4,,,,,,,,,
30,VISIT,3205,Nearest,OnArrival,5,31,12192,Node_415,21,0,-4,21,-4,,,,,,,,,
30,VISIT,3206,Nearest,OnArrival,5,27,12192,Node_343,14,0,-3,14,-3,,,,,,,,,
30,VISIT,3207,Nearest,OnArrival,5,27,12192,Node_343,14,0,-3,14,-3,,,,,,,,,
30,VISIT,3208,Nearest,OnArrival,5,27,12192,Node_275,22,0,-3,22,-3,,,,,,,,,
30,VISIT,3201,Nearest,OnArrival,5,64,12201,Node_275,22,0,-3,22,-3,,,,,,,,,
30,VISIT,3205,Nearest,OnArrival,5,32,12211,Node_417,22,0,-4,22,-4,,,,,,,,,
30,VISIT,3208,Nearest,OnArrival,5,28,12211,Node_273,23,0,-3,23,-3,,,,,,,,,
30,VISIT,3201,Nearest,OnArrival,5,65,12220,Node_273,23,0,-3,23,-3,,,,,,,,,
30,VISIT,3205,Nearest,OnArrival,5,33,12230,Node_275,22,0,-3,22,-3,,,,,,,,,
30,VISIT,3206,Nearest,OnArrival,5,28,12230,Node_325,12,0,-3,12,-3,,,,,,,,,
30,VISIT,3207,Nearest,OnArrival,5,28,12230,Node_325,12,0,-3,12,-3,,,,,,,,,
30,VISIT,3208,Nearest,OnArrival,5,29,12230,Node_272,23,0,-2,23,-2,,,,,,,,,
30,VISIT,3201,Nearest,OnArrival,5,66,12239,Node_272,23,0,-2,23,-2,,,,,,,,,
30,VISIT,3205,Nearest,OnArrival,5,34,12249,Node_277,22,0,-2,22,-2,,,,,,,,,
30,VISIT,3206,Nearest,OnArrival,5,29,12249,Node_324,12,0,-4,12,-4,,,,,,,,,
30,VISIT,3207,Nearest,OnArrival,5,29,12249,Node_324,12,0,-4,12,-4,,,,,,,,,
30,VISIT,3208,Nearest,OnArrival,5,30,12249,Node_412,24,0,-2,24,-2,,,,,,,,,
30,VISIT,3201,Nearest,OnArrival,5,67,12258,Node_412,24,0,-2,24,-2,,,,,,,,,
30,VISIT,3205,Nearest,OnArrival,5,35,12268,Node_411,22,0,-1,22,-1,,,,,,,,,
30,VISIT,3206,Nearest,OnArrival,5,30,12268,Node_202,11,0,-4,11,-4,,,,,,,,,
30,VISIT,3207,Nearest,OnArrival,5,30,12268,Node_202,11,0,-4,11,-4,,,,,,,,,
30,VISIT,3205,Nearest,OnArrival,5,36,12287,Node_271,23,0,-1,23,-1,,,,,,,,,
30,VISIT,3206,Nearest,OnArrival,5,31,12287,Node_203,11,0,-5,11,-5,,,,,,,,,
30,VISIT,3207,Nearest,OnArrival,5,31,12287,Node_203,11,0,-5,11,-5,,,,,,,,,
30,VISIT,3201,Nearest,OnArrival,5,68,12296,Node_419,26,0,-2,26,-2,,,,,,,,,
30,VISIT,3205,Nearest,OnArrival,5,37,12306,Node_272,23,0,-2,23,-2,,,,,,,,,
30,VISIT,3206,Nearest,OnArrival,5,32,12306,Node_204,10,0,-5,10,-5,,,,,,,,,
30,VISIT,3207,Nearest,OnArrival,5,32,12306,Node_204,10,0,-5,10,-5,,,,,,,,,
30,VISIT,3201,Nearest,OnArrival,5,69,12314,Node_420,26,0,-1,26,-1,,,,,,,,,
30,VISIT,3205,Nearest,OnArrival,5,38,12325,Node_412,24,0,-2,24,-2,,,,,,,,,
30,VISIT,3201,Nearest,OnArrival,5,70,12332,Node_421,27,0,-1,27,-1,,,,,,,,,
30,VISIT,3206,Nearest,OnArrival,5,33,12343,Node_375,8,0,-5,8,-5,,,,,,,,,
30,VISIT,3207,Nearest,OnArrival,5,33,12343,Node_375,8,0,-5,8,-5,,,,,,,,,
30,VISIT,3209,Nearest,OnArrival,5,0,12354,Node_6,19,0,12,19,12,,,,,,,,,
30,VISIT,3210,Nearest,OnArrival,5,0,12354,Node_7,19,0,8,19,8,,,,,,,,,
30,VISIT,3211,Nearest,OnArrival,5,0,12354,Node_8,17,0,10,17,10,,,,,,,,,
30,VISIT,3212,Nearest,OnArrival,5,0,12354,Node_9,21,0,10,21,10,,,,,,,,,
30,VISIT,3205,Nearest,OnArrival,5,39,12358,Node_419,26,0,-2,26,-2,,,,,,,,,
30,VISIT,3209,Nearest,OnArrival,5,1,12367,Node_2,19,0,11,19,11,,,,,,,,,
30,VISIT,3210,Nearest,OnArrival,5,1,12367,Node_11,18,0,8,18,8,,,,,,,,,
30,VISIT,3211,Nearest,OnArrival,5,1,12367,Node_23,17,0,9,17,9,,,,,,,,,
30,VISIT,3212,Nearest,OnArrival,5,1,12367,Node_5,20,0,10,20,10,,,,,,,,,
30,VISIT,3209,Nearest,OnArrival,5,2,12380,Node_20,19,0,10,19,10,,,,,,,,,
30,VISIT,3210,Nearest,OnArrival,5,2,12380,Node_51,17,0,8,17,8,,,,,,,,,
30,VISIT,3211,Nearest,OnArrival,5,2,12380,Node_51,17,0,8,17,8,,,,,,,,,
30,VISIT,3212,Nearest,OnArrival,5,2,12380,Node_50,20,0,9,20,9,,,,,,,,,
30,VISIT,3206,Nearest,OnArrival,5,34,12384,Node_374,8,0,-2,8,-2,,,,,,,,,
30,VISIT,3207,Nearest,OnArrival,5,34,12384,Node_374,8,0,-2,8,-2,,,,,,,,,
30,VISIT,3209,Nearest,OnArrival,5,3,12393,Node_4,18,0,10,18,10,,,,,,,,,
30,VISIT,3210,Nearest,OnArrival,5,3,12393,Node_54,17,0,7,17,7,,,,,,,,,
30,VISIT,3211,Nearest,OnArrival,5,3,12393,Node_54,17,0,7,17,7,,,,,,,,,
30,VISIT,3212,Nearest,OnArrival,5,3,12393,Node_47,20,0,8,20,8,,,,,,,,,
30,VISIT,3209,Nearest,OnArrival,5,4,12406,Node_8,17,0,10,17,10,,,,,,,,,
30,VISIT,3210,Nearest,OnArrival,5,4,12406,Node_58,16,0,7,16,7,,,,,,,,,
30,VISIT,3211,Nearest,OnArrival,5,4,12406,Node_58,16,0,7,16,7,,,,,,,,,
30,VISIT,3212,Nearest,OnArrival,5,4,12406,Node_7,19,0,8,19,8,,,,,,,,,
30,VISIT,3209,Nearest,OnArrival,5,5,12418,Node_23,17,0,9,17,9,,,,,,,,,
30,VISIT,3210,Nearest,OnArrival,5,5,12418,Node_79,16,0,6,16,6,,,,,,,,,
30,VISIT,3211,Nearest,OnArrival,5,5,12418,Node_79,16,0,6,16,6,,,,,,,,,
30,VISIT,3212,Nearest,OnArrival,5,5,12418,Node_11,18,0,8,18,8,,,,,,,,,
30,VISIT,3209,Nearest,OnArrival,5,6,12431,Node_51,17,0,8,17,8,,,,,,,,,
30,VISIT,3210,Nearest,OnArrival,5,6,12431,Node_68,15,0,6,15,6,,,,,,,,,
30,VISIT,3211,Nearest,OnArrival,5,6,12431,Node_68,15,0,6,15,6,,,,,,,,,
30,VISIT,3212,Nearest,OnArrival,5,6,12431,Node_51,17,0,8,17,8,,,,,,,,,
30,VISIT,3206,Nearest,OnArrival,5,35,12435,Node_382,5,0,-3,5,-3,,,,,,,,,
30,VISIT,3207,Nearest,OnArrival,5,35,12435,Node_382,5,0,-3,5,-3,,,,,,,,,
30,VISIT,3209,Nearest,OnArrival,5,7,12444,Node_54,17,0,7,17,7,,,,,,,,,
30,VISIT,3210,Nearest,OnArrival,5,7,12444,Node_188,14,0,6,14,6,,,,,,,,,
30,VISIT,3211,Nearest,OnArrival,5,7,12444,Node_188,14,0,6,14,6,,,,,,,,,
30,VISIT,3212,Nearest,OnArrival,5,7,12444,Node_54,17,0,7,17,7,,,,,,,,,
30,VISIT,3205,Nearest,OnArrival,5,40,12448,Node_425,26,0,-5,26,-5,,,,,,,,,
30,VISIT,3209,Nearest,OnArrival,5,8,12458,Node_58,16,0,7,16,7,,,,,,,,,
30,VISIT,3210,Nearest,OnArrival,5,8,12458,Node_172,13,0,6,13,6,,,,,,,,,
30,VISIT,3211,Nearest,OnArrival,5,8,12458,Node_172,13,0,6,13,6,,,,,,,,,
30,VISIT,3212,Nearest,OnArrival,5,8,12458,Node_58,16,0,7,16,7,,,,,,,,,
30,VISIT,3206,Nearest,OnArrival,5,36,12462,Node_379,5,0,-5,5,-5,,,,,,,,,
30,VISIT,3207,Nearest,OnArrival,5,36,12462,Node_379,5,0,-5,5,-5,,,,,,,,,
30,VISIT,3209,Nearest,OnArrival,5,9,12471,Node_79,16,0,6,16,6,,,,,,,,,
30,VISIT,3210,Nearest,OnArrival,5,9,12471,Node_175,13,0,5,13,5,,,,,,,,,
30,VISIT,3211,Nearest,OnArrival,5,9,12471,Node_175,13,0,5,13,5,,,,,,,,,
30,VISIT,3212,Nearest,OnArrival,5,9,12471,Node_79,16,0,6,16,6,,,,,,,,,
30,VISIT,3209,Nearest,OnArrival,5,10,12485,Node_68,15,0,6,15,6,,,,,,,,,
30,VISIT,3210,Nearest,OnArrival,5,10,12485,Node_178,12,0,5,12,5,,,,,,,,,
30,VISIT,3211,Nearest,OnArrival,5,10,12485,Node_178,12,0,5,12,5,,,,,,,,,
30,VISIT,3212,Nearest,OnArrival,5,10,12485,Node_68,15,0,6,15,6,,,,,,,,,
30,VISIT,3209,Nearest,OnArrival,5,11,12500,Node_188,14,0,6,14,6,,,,,,,,,
30,VISIT,3210,Nearest,OnArrival,5,11,12500,Node_193,11,0,5,11,5,,,,,,,,,
30,VISIT,3211,Nearest,OnArrival,5,11,12500,Node_193,11,0,5,11,5,,,,,,,,,
30,VISIT,3212,Nearest,OnArrival,5,11,12500,Node_188,14,0,6,14,6,,,,,,,,,
30,VISIT,3205,Nearest,OnArrival,5,41,12507,Node_354,27,0,-2,27,-2,,,,,,,,,
30,VISIT,3209,Nearest,OnArrival,5,12,12516,Node_172,13,0,6,13,6,,,,,,,,,
30,VISIT,3210,Nearest,OnArrival,5,12,12516,Node_209,10,0,5,10,5,,,,,,,,,
30,VISIT,3211,Nearest,OnArrival,5,12,12516,Node_209,10,0,5,10,5,,,,,,,,,
30,VISIT,3212,Nearest,OnArrival,5,12,12516,Node_172,13,0,6,13,6,,,,,,,,,
30,VISIT,3205,Nearest,OnArrival,5,42,12523,Node_421,27,0,-1,27,-1,,,,,,,,,
30,VISIT,3209,Nearest,OnArrival,5,13,12532,Node_175,13,0,5,13,5,,,,,,,,,
30,VISIT,3210,Nearest,OnArrival,5,13,12532,Node_212,9,0,5,9,5,,,,,,,,,
30,VISIT,3211,Nearest,OnArrival,5,13,12532,Node_212,9,0,5,9,5,,,,,,,,,
30,VISIT,3212,Nearest,OnArrival,5,13,12532,Node_175,13,0,5,13,5,,,,,,,,,
30,VISIT,3205,Nearest,OnArrival,5,43,12539,Node_352,28,0,-1,28,-1,,,,,,,,,
30,VISIT,3209,Nearest,OnArrival,5,14,12548,Node_178,12,0,5,12,5,,,,,,,,,
30,VISIT,3210,Nearest,OnArrival,5,14,12548,Node_214,8,0,5,8,5,,,,,,,,,
30,VISIT,3211,Nearest,OnArrival,5,14,12548,Node_214,8,0,5,8,5,,,,,,,,,
30,VISIT,3212,Nearest,OnArrival,5,14,12548,Node_178,12,0,5,12,5,,,,,,,,,
30,VISIT,3209,Nearest,OnArrival,5,15,12566,Node_193,11,0,5,11,5,,,,,,,,,
30,VISIT,3212,Nearest,OnArrival,5,15,12566,Node_193,11,0,5,11,5,,,,,,,,,
30,VISIT,3209,Nearest,OnArrival,5,16,12585,Node_209,10,0,5,10,5,,,,,,,,,
30,VISIT,3212,Nearest,OnArrival,5,16,12585,Node_209,10,0,5,10,5,,,,,,,,,
30,VISIT,3209,Nearest,OnArrival,5,17,12603,Node_212,9,0,5,9,5,,,,,,,,,
30,VISIT,3210,Nearest,OnArrival,5,15,12603,Node_355,8,0,2,8,2,,,,,,,,,
30,VISIT,3211,Nearest,OnArrival,5,15,12603,Node_355,8,0,2,8,2,,,,,,,,,
30,VISIT,3212,Nearest,OnArrival,5,17,12603,Node_212,9,0,5,9,5,,,,,,,,,
30,VISIT,3209,Nearest,OnArrival,5,18,12622,Node_214,8,0,5,8,5,,,,,,,,,
30,VISIT,3212,Nearest,OnArrival,5,18,12622,Node_214,8,0,5,8,5,,,,,,,,,
30,VISIT,3210,Nearest,OnArrival,5,16,12640,Node_361,6,0,2,6,2,,,,,,,,,
30,VISIT,3211,Nearest,OnArrival,5,16,12640,Node_361,6,0,2,6,2,,,,,,,,,
30,VISIT,3209,Nearest,OnArrival,5,19,12671,Node_355,8,0,2,8,2,,,,,,,,,
30,VISIT,3212,Nearest,OnArrival,5,19,12671,Node_355,8,0,2,8,2,,,,,,,,,
30,VISIT,3207,Nearest,OnArrival,5,37,12699,Node_389,-1,0,3,-1,3,,,,,,,,,
30,VISIT,3209,Nearest,OnArrival,5,20,12707,Node_361,6,0,2,6,2,,,,,,,,,
30,VISIT,3212,Nearest,OnArrival,5,20,12707,Node_361,6,0,2,6,2,,,,,,,,,
30,VISIT,3207,Nearest,OnArrival,5,38,12717,Node_391,-1,0,4,-1,4,,,,,,,,,
30,VISIT,3210,Nearest,OnArrival,5,17,12726,Node_386,3,0,0,3,0,,,,,,,,,
30,VISIT,3211,Nearest,OnArrival,5,17,12726,Node_386,3,0,0,3,0,,,,,,,,,
30,VISIT,3207,Nearest,OnArrival,5,39,12736,Node_393,-2,0,4,-2,4,,,,,,,,,
30,VISIT,3209,Nearest,OnArrival,5,21,12745,Node_439,6,0,0,6,0,,,,,,,,,
30,VISIT,3212,Nearest,OnArrival,5,21,12745,Node_439,6,0,0,6,0,,,,,,,,,
30,VISIT,3210,Nearest,OnArrival,5,18,12783,Node_436,0,0,0,0,0,,,,,,,,,
30,VISIT,3211,Nearest,OnArrival,5,18,12783,Node_436,0,0,0,0,0,,,,,,,,,
30,VISIT,3209,Nearest,OnArrival,5,22,12801,Node_386,3,0,0,3,0,,,,,,,,,
30,VISIT,3210,Nearest,OnArrival,5,19,12801,Node_437,0,0,1,0,1,,,,,,,,,
30,VISIT,3211,Nearest,OnArrival,5,19,12801,Node_437,0,0,1,0,1,,,,,,,,,
30,VISIT,3212,Nearest,OnArrival,5,22,12801,Node_386,3,0,0,3,0,,,,,,,,,
30,VISIT,3210,Nearest,OnArrival,5,20,12820,Node_438,-1,0,1,-1,1,,,,,,,,,
30,VISIT,3211,Nearest,OnArrival,5,20,12820,Node_438,-1,0,1,-1,1,,,,,,,,,
30,VISIT,3209,Nearest,OnArrival,5,23,12839,Node_385,3,0,-2,3,-2,,,,,,,,,
30,VISIT,3212,Nearest,OnArrival,5,23,12839,Node_385,3,0,-2,3,-2,,,,,,,,,
30,VISIT,3210,Nearest,OnArrival,5,21,12858,Node_442,-3,0,1,-3,1,,,,,,,,,
30,VISIT,3211,Nearest,OnArrival,5,21,12858,Node_442,-3,0,1,-3,1,,,,,,,,,
30,VISIT,3209,Nearest,OnArrival,5,24,12877,Node_434,1,0,-2,1,-2,,,,,,,,,
30,VISIT,3210,Nearest,OnArrival,5,22,12877,Node_441,-3,0,2,-3,2,,,,,,,,,
30,VISIT,3211,Nearest,OnArrival,5,22,12877,Node_441,-3,0,2,-3,2,,,,,,,,,
30,VISIT,3212,Nearest,OnArrival,5,24,12877,Node_434,1,0,-2,1,-2,,,,,,,,,
30,VISIT,3209,Nearest,OnArrival,5,25,12895,Node_435,0,0,-2,0,-2,,,,,,,,,
30,VISIT,3212,Nearest,OnArrival,5,25,12895,Node_435,0,0,-2,0,-2,,,,,,,,,
30,VISIT,3209,Nearest,OnArrival,5,26,13039,Node_432,1,0,-5,1,-5,,,,,,,,,
30,VISIT,3212,Nearest,OnArrival,5,26,13039,Node_432,1,0,-5,1,-5,,,,,,,,,
30,VISIT,3213,Nearest,OnArrival,5,0,13066,Node_6,19,0,12,19,12,,,,,,,,,
30,VISIT,3214,Nearest,OnArrival,5,0,13066,Node_7,19,0,8,19,8,,,,,,,,,
30,VISIT,3215,Nearest,OnArrival,5,0,13066,Node_8,17,0,10,17,10,,,,,,,,,
30,VISIT,3216,Nearest,OnArrival,5,0,13066,Node_9,21,0,10,21,10,,,,,,,,,
30,VISIT,3213,Nearest,OnArrival,5,1,13078,Node_2,19,0,11,19,11,,,,,,,,,
30,VISIT,3214,Nearest,OnArrival,5,1,13078,Node_11,18,0,8,18,8,,,,,,,,,
30,VISIT,3215,Nearest,OnArrival,5,1,13078,Node_23,17,0,9,17,9,,,,,,,,,
30,VISIT,3216,Nearest,OnArrival,5,1,13078,Node_5,20,0,10,20,10,,,,,,,,,
30,VISIT,3209,Nearest,OnArrival,5,27,13082,Node_452,-2,0,-5,-2,-5,,,,,,,,,
30,VISIT,3212,Nearest,OnArrival,5,27,13082,Node_452,-2,0,-5,-2,-5,,,,,,,,,
30,VISIT,3213,Nearest,OnArrival,5,2,13090,Node_20,19,0,10,19,10,,,,,,,,,
30,VISIT,3214,Nearest,OnArrival,5,2,13090,Node_51,17,0,8,17,8,,,,,,,,,
30,VISIT,3215,Nearest,OnArrival,5,2,13090,Node_51,17,0,8,17,8,,,,,,,,,
30,VISIT,3216,Nearest,OnArrival,5,2,13090,Node_50,20,0,9,20,9,,,,,,,,,
30,VISIT,3213,Nearest,OnArrival,5,3,13103,Node_4,18,0,10,18,10,,,,,,,,,
30,VISIT,3214,Nearest,OnArrival,5,3,13103,Node_54,17,0,7,17,7,,,,,,,,,
30,VISIT,3215,Nearest,OnArrival,5,3,13103,Node_54,17,0,7,17,7,,,,,,,,,
30,VISIT,3216,Nearest,OnArrival,5,3,13103,Node_47,20,0,8,20,8,,,,,,,,,
30,VISIT,3209,Nearest,OnArrival,5,28,13107,Node_449,-2,0,-3,-2,-3,,,,,,,,,
30,VISIT,3212,Nearest,OnArrival,5,28,13107,Node_449,-2,0,-3,-2,-3,,,,,,,,,
30,VISIT,3213,Nearest,OnArrival,5,4,13116,Node_8,17,0,10,17,10,,,,,,,,,
30,VISIT,3214,Nearest,OnArrival,5,4,13116,Node_58,16,0,7,16,7,,,,,,,,,
30,VISIT,3215,Nearest,OnArrival,5,4,13116,Node_58,16,0,7,16,7,,,,,,,,,
30,VISIT,3216,Nearest,OnArrival,5,4,13116,Node_7,19,0,8,19,8,,,,,,,,,
30,VISIT,3209,Nearest,OnArrival,5,29,13120,Node_444,-3,0,-3,-3,-3,,,,,,,,,
30,VISIT,3212,Nearest,OnArrival,5,29,13120,Node_444,-3,0,-3,-3,-3,,,,,,,,,
30,VISIT,3213,Nearest,OnArrival,5,5,13128,Node_23,17,0,9,17,9,,,,,,,,,
30,VISIT,3214,Nearest,OnArrival,5,5,13128,Node_79,16,0,6,16,6,,,,,,,,,
30,VISIT,3215,Nearest,OnArrival,5,5,13128,Node_79,16,0,6,16,6,,,,,,,,,
30,VISIT,3216,Nearest,OnArrival,5,5,13128,Node_11,18,0,8,18,8,,,,,,,,,
30,VISIT,3213,Nearest,OnArrival,5,6,13140,Node_51,17,0,8,17,8,,,,,,,,,
30,VISIT,3214,Nearest,OnArrival,5,6,13140,Node_68,15,0,6,15,6,,,,,,,,,
30,VISIT,3215,Nearest,OnArrival,5,6,13140,Node_68,15,0,6,15,6,,,,,,,,,
30,VISIT,3216,Nearest,OnArrival,5,6,13140,Node_51,17,0,8,17,8,,,,,,,,,
30,VISIT,3209,Nearest,OnArrival,5,30,13144,Node_446,-5,0,-3,-5,-3,,,,,,,,,
30,VISIT,3212,Nearest,OnArrival,5,30,13144,Node_446,-5,0,-3,-5,-3,,,,,,,,,
30,VISIT,3213,Nearest,OnArrival,5,7,13151,Node_54,17,0,7,17,7,,,,,,,,,
30,VISIT,3214,Nearest,OnArrival,5,7,13151,Node_188,14,0,6,14,6,,,,,,,,,
30,VISIT,3215,Nearest,OnArrival,5,7,13151,Node_188,14,0,6,14,6,,,,,,,,,
30,VISIT,3216,Nearest,OnArrival,5,7,13151,Node_54,17,0,7,17,7,,,,,,,,,
30,VISIT,3213,Nearest,OnArrival,5,8,13164,Node_58,16,0,7,16,7,,,,,,,,,
30,VISIT,3214,Nearest,OnArrival,5,8,13164,Node_172,13,0,6,13,6,,,,,,,,,
30,VISIT,3215,Nearest,OnArrival,5,8,13164,Node_172,13,0,6,13,6,,,,,,,,,
30,VISIT,3216,Nearest,OnArrival,5,8,13164,Node_58,16,0,7,16,7,,,,,,,,,
30,VISIT,3211,Nearest,OnArrival,5,23,13169,Node_459,-10,0,2,-10,2,,,,,,,,,
30,VISIT,3213,Nearest,OnArrival,5,9,13177,Node_79,16,0,6,16,6,,,,,,,,,
30,VISIT,3214,Nearest,OnArrival,5,9,13177,Node_175,13,0,5,13,5,,,,,,,,,
30,VISIT,3215,Nearest,OnArrival,5,9,13177,Node_175,13,0,5,13,5,,,,,,,,,
30,VISIT,3216,Nearest,OnArrival,5,9,13177,Node_79,16,0,6,16,6,,,,,,,,,
30,VISIT,3213,Nearest,OnArrival,5,10,13191,Node_68,15,0,6,15,6,,,,,,,,,
30,VISIT,3214,Nearest,OnArrival,5,10,13191,Node_178,12,0,5,12,5,,,,,,,,,
30,VISIT,3215,Nearest,OnArrival,5,10,13191,Node_178,12,0,5,12,5,,,,,,,,,
30,VISIT,3216,Nearest,OnArrival,5,10,13191,Node_68,15,0,6,15,6,,,,,,,,,
30,VISIT,3213,Nearest,OnArrival,5,11,13205,Node_188,14,0,6,14,6,,,,,,,,,
30,VISIT,3214,Nearest,OnArrival,5,11,13205,Node_193,11,0,5,11,5,,,,,,,,,
30,VISIT,3215,Nearest,OnArrival,5,11,13205,Node_193,11,0,5,11,5,,,,,,,,,
30,VISIT,3216,Nearest,OnArrival,5,11,13205,Node_188,14,0,6,14,6,,,,,,,,,
30,VISIT,3213,Nearest,OnArrival,5,12,13219,Node_172,13,0,6,13,6,,,,,,,,,
30,VISIT,3214,Nearest,OnArrival,5,12,13219,Node_209,10,0,5,10,5,,,,,,,,,
30,VISIT,3215,Nearest,OnArrival,5,12,13219,Node_209,10,0,5,10,5,,,,,,,,,
30,VISIT,3216,Nearest,OnArrival,5,12,13219,Node_172,13,0,6,13,6,,,,,,,,,
30,VISIT,3213,Nearest,OnArrival,5,13,13234,Node_175,13,0,5,13,5,,,,,,,,,
30,VISIT,3214,Nearest,OnArrival,5,13,13234,Node_212,9,0,5,9,5,,,,,,,,,
30,VISIT,3215,Nearest,OnArrival,5,13,13234,Node_212,9,0,5,9,5,,,,,,,,,
30,VISIT,3216,Nearest,OnArrival,5,13,13234,Node_175,13,0,5,13,5,,,,,,,,,
30,VISIT,3213,Nearest,OnArrival,5,14,13249,Node_178,12,0,5,12,5,,,,,,,,,
30,VISIT,3214,Nearest,OnArrival,5,14,13249,Node_211,9,0,6,9,6,,,,,,,,,
30,VISIT,3215,Nearest,OnArrival,5,14,13249,Node_211,9,0,6,9,6,,,,,,,,,
30,VISIT,3216,Nearest,OnArrival,5,14,13249,Node_178,12,0,5,12,5,,,,,,,,,
30,VISIT,3213,Nearest,OnArrival,5,15,13265,Node_193,11,0,5,11,5,,,,,,,,,
30,VISIT,3214,Nearest,OnArrival,5,15,13265,Node_215,8,0,6,8,6,,,,,,,,,
30,VISIT,3215,Nearest,OnArrival,5,15,13265,Node_215,8,0,6,8,6,,,,,,,,,
30,VISIT,3216,Nearest,OnArrival,5,15,13265,Node_193,11,0,5,11,5,,,,,,,,,
30,VISIT,3213,Nearest,OnArrival,5,16,13281,Node_209,10,0,5,10,5,,,,,,,,,
30,VISIT,3214,Nearest,OnArrival,5,16,13281,Node_224,7,0,6,7,6,,,,,,,,,
30,VISIT,3215,Nearest,OnArrival,5,16,13281,Node_224,7,0,6,7,6,,,,,,,,,
30,VISIT,3216,Nearest,OnArrival,5,16,13281,Node_209,10,0,5,10,5,,,,,,,,,
30,VISIT,3213,Nearest,OnArrival,5,17,13297,Node_212,9,0,5,9,5,,,,,,,,,
30,VISIT,3214,Nearest,OnArrival,5,17,13297,Node_226,6,0,6,6,6,,,,,,,,,
30,VISIT,3215,Nearest,OnArrival,5,17,13297,Node_226,6,0,6,6,6,,,,,,,,,
30,VISIT,3216,Nearest,OnArrival,5,17,13297,Node_212,9,0,5,9,5,,,,,,,,,
30,VISIT,3209,Nearest,OnArrival,5,31,13303,Node_458,-10,0,-1,-10,-1,,,,,,,,,
30,VISIT,3212,Nearest,OnArrival,5,31,13303,Node_458,-10,0,-1,-10,-1,,,,,,,,,
30,VISIT,3213,Nearest,OnArrival,5,18,13314,Node_211,9,0,6,9,6,,,,,,,,,
30,VISIT,3214,Nearest,OnArrival,5,18,13314,Node_233,5,0,6,5,6,,,,,,,,,
30,VISIT,3215,Nearest,OnArrival,5,18,13314,Node_233,5,0,6,5,6,,,,,,,,,
30,VISIT,3216,Nearest,OnArrival,5,18,13314,Node_211,9,0,6,9,6,,,,,,,,,
30,VISIT,3213,Nearest,OnArrival,5,19,13332,Node_215,8,0,6,8,6,,,,,,,,,
30,VISIT,3216,Nearest,OnArrival,5,19,13332,Node_215,8,0,6,8,6,,,,,,,,,
30,VISIT,3209,Nearest,OnArrival,5,32,13338,Node_457,-8,0,-1,-8,-1,,,,,,,,,
30,VISIT,3212,Nearest,OnArrival,5,32,13338,Node_457,-8,0,-1,-8,-1,,,,,,,,,
30,VISIT,3213,Nearest,OnArrival,5,20,13348,Node_224,7,0,6,7,6,,,,,,,,,
30,VISIT,3216,Nearest,OnArrival,5,20,13348,Node_224,7,0,6,7,6,,,,,,,,,
30,VISIT,3209,Nearest,OnArrival,5,33,13356,Node_454,-7,0,-1,-7,-1,,,,,,,,,
30,VISIT,3212,Nearest,OnArrival,5,33,13356,Node_454,-7,0,-1,-7,-1,,,,,,,,,
30,VISIT,3213,Nearest,OnArrival,5,21,13366,Node_226,6,0,6,6,6,,,,,,,,,
30,VISIT,3214,Nearest,OnArrival,5,19,13366,Node_237,5,0,9,5,9,,,,,,,,,
30,VISIT,3215,Nearest,OnArrival,5,19,13366,Node_237,5,0,9,5,9,,,,,,,,,
30,VISIT,3216,Nearest,OnArrival,5,21,13366,Node_226,6,0,6,6,6,,,,,,,,,
30,VISIT,3209,Nearest,OnArrival,5,34,13373,Node_453,-7,0,0,-7,0,,,,,,,,,
30,VISIT,3212,Nearest,OnArrival,5,34,13373,Node_453,-7,0,0,-7,0,,,,,,,,,
30,VISIT,3213,Nearest,OnArrival,5,22,13384,Node_233,5,0,6,5,6,,,,,,,,,
30,VISIT,3216,Nearest,OnArrival,5,22,13384,Node_233,5,0,6,5,6,,,,,,,,,
30,VISIT,3209,Nearest,OnArrival,5,35,13390,Node_450,-6,0,0,-6,0,,,,,,,,,
30,VISIT,3212,Nearest,OnArrival,5,35,13390,Node_450,-6,0,0,-6,0,,,,,,,,,
30,VISIT,3209,Nearest,OnArrival,5,36,13407,Node_451,-5,0,0,-5,0,,,,,,,,,
30,VISIT,3212,Nearest,OnArrival,5,36,13407,Node_451,-5,0,0,-5,0,,,,,,,,,
30,VISIT,3214,Nearest,OnArrival,5,20,13417,Node_238,5,0,10,5,10,,,,,,,,,
30,VISIT,3215,Nearest,OnArrival,5,20,13417,Node_238,5,0,10,5,10,,,,,,,,,
30,VISIT,3213,Nearest,OnArrival,5,23,13435,Node_237,5,0,9,5,9,,,,,,,,,
30,VISIT,3216,Nearest,OnArrival,5,23,13435,Node_237,5,0,9,5,9,,,,,,,,,
30,VISIT,3209,Nearest,OnArrival,5,37,13442,Node_443,-3,0,0,-3,0,,,,,,,,,
30,VISIT,3212,Nearest,OnArrival,5,37,13442,Node_443,-3,0,0,-3,0,,,,,,,,,
30,VISIT,3213,Nearest,OnArrival,5,24,13453,Node_238,5,0,10,5,10,,,,,,,,,
30,VISIT,3216,Nearest,OnArrival,5,24,13453,Node_238,5,0,10,5,10,,,,,,,,,
30,VISIT,3209,Nearest,OnArrival,5,38,13459,Node_442,-3,0,1,-3,1,,,,,,,,,
30,VISIT,3212,Nearest,OnArrival,5,38,13459,Node_442,-3,0,1,-3,1,,,,,,,,,
30,VISIT,3216,Nearest,OnArrival,5,25,13470,Node_473,6,0,10,6,10,,,,,,,,,
30,VISIT,3209,Nearest,OnArrival,5,39,13476,Node_441,-3,0,2,-3,2,,,,,,,,,
30,VISIT,3212,Nearest,OnArrival,5,39,13476,Node_441,-3,0,2,-3,2,,,,,,,,,
30,VISIT,3213,Nearest,OnArrival,5,25,13487,Node_475,3,0,10,3,10,,,,,,,,,
30,VISIT,3213,Nearest,OnArrival,5,26,13522,Node_360,2,0,9,2,9,,,,,,,,,
30,VISIT,3209,Nearest,OnArrival,5,40,13529,Node_448,-6,0,2,-6,2,,,,,,,,,
30,VISIT,3212,Nearest,OnArrival,5,40,13529,Node_448,-6,0,2,-6,2,,,,,,,,,
30,VISIT,3209,Nearest,OnArrival,5,41,13546,Node_463,-7,0,2,-7,2,,,,,,,,,
30,VISIT,3212,Nearest,OnArrival,5,41,13546,Node_463,-7,0,2,-7,2,,,,,,,,,
30,VISIT,3213,Nearest,OnArrival,5,27,13556,Node_477,2,0,11,2,11,,,,,,,,,
30,VISIT,3216,Nearest,OnArrival,5,26,13556,Node_295,9,0,12,9,12,,,,,,,,,
30,VISIT,3216,Nearest,OnArrival,5,27,13574,Node_258,10,0,12,10,12,,,,,,,,,
30,VISIT,3209,Nearest,OnArrival,5,42,13580,Node_465,-7,0,4,-7,4,,,,,,,,,
30,VISIT,3212,Nearest,OnArrival,5,42,13580,Node_465,-7,0,4,-7,4,,,,,,,,,
30,VISIT,3213,Nearest,OnArrival,5,28,13606,Node_484,1,0,13,1,13,,,,,,,,,
30,VISIT,3216,Nearest,OnArrival,5,28,13606,Node_258,10,0,12,10,12,,,,,,,,,
30,VISIT,3216,Nearest,OnArrival,5,29,13623,Node_257,10,0,11,10,11,,,,,,,,,
30,VISIT,3216,Nearest,OnArrival,5,30,13641,Node_293,9,0,11,9,11,,,,,,,,,
30,VISIT,3209,Nearest,OnArrival,5,43,13646,Node_440,-3,0,4,-3,4,,,,,,,,,
30,VISIT,3212,Nearest,OnArrival,5,43,13646,Node_440,-3,0,4,-3,4,,,,,,,,,
30,VISIT,3216,Nearest,OnArrival,5,31,13658,Node_482,8,0,11,8,11,,,,,,,,,
30,VISIT,3209,Nearest,OnArrival,5,44,13663,Node_393,-2,0,4,-2,4,,,,,,,,,
30,VISIT,3212,Nearest,OnArrival,5,44,13663,Node_393,-2,0,4,-2,4,,,,,,,,,
30,VISIT,3213,Nearest,OnArrival,5,29,13675,Node_488,1,0,15,1,15,,,,,,,,,
30,VISIT,3216,Nearest,OnArrival,5,32,13675,Node_480,8,0,10,8,10,,,,,,,,,
30,VISIT,3213,Nearest,OnArrival,5,30,13692,Node_486,1,0,14,1,14,,,,,,,,,
30,VISIT,3216,Nearest,OnArrival,5,33,13692,Node_290,9,0,10,9,10,,,,,,,,,
30,VISIT,3209,Nearest,OnArrival,5,45,13697,Node_396,-2,0,6,-2,6,,,,,,,,,
30,VISIT,3212,Nearest,OnArrival,5,45,13697,Node_396,-2,0,6,-2,6,,,,,,,,,
30,VISIT,3213,Nearest,OnArrival,5,31,13709,Node_494,0,0,14,0,14,,,,,,,,,
30,VISIT,3216,Nearest,OnArrival,5,34,13709,Node_293,9,0,11,9,11,,,,,,,,,
30,VISIT,3217,Nearest,OnArrival,5,0,13724,Node_6,19,0,12,19,12,,,,,,,,,
30,VISIT,3218,Nearest,OnArrival,5,0,13724,Node_7,19,0,8,19,8,,,,,,,,,
30,VISIT,3219,Nearest,OnArrival,5,0,13724,Node_8,17,0,10,17,10,,,,,,,,,
30,VISIT,3220,Nearest,OnArrival,5,0,13724,Node_9,21,0,10,21,10,,,,,,,,,
30,VISIT,3216,Nearest,OnArrival,5,35,13727,Node_295,9,0,12,9,12,,,,,,,,,
30,VISIT,3217,Nearest,OnArrival,5,1,13733,Node_2,19,0,11,19,11,,,,,,,,,
30,VISIT,3218,Nearest,OnArrival,5,1,13733,Node_11,18,0,8,18,8,,,,,,,,,
30,VISIT,3219,Nearest,OnArrival,5,1,13733,Node_23,17,0,9,17,9,,,,,,,,,
30,VISIT,3220,Nearest,OnArrival,5,1,13733,Node_5,20,0,10,20,10,,,,,,,,,
30,VISIT,3216,Nearest,OnArrival,5,36,13737,Node_296,9,0,13,9,13,,,,,,,,,
30,VISIT,3217,Nearest,OnArrival,5,2,13743,Node_20,19,0,10,19,10,,,,,,,,,
30,VISIT,3218,Nearest,OnArrival,5,2,13743,Node_51,17,0,8,17,8,,,,,,,,,
30,VISIT,3219,Nearest,OnArrival,5,2,13743,Node_51,17,0,8,17,8,,,,,,,,,
30,VISIT,3220,Nearest,OnArrival,5,2,13743,Node_50,20,0,9,20,9,,,,,,,,,
30,VISIT,3216,Nearest,OnArrival,5,37,13747,Node_259,10,0,13,10,13,,,,,,,,,
30,VISIT,3217,Nearest,OnArrival,5,3,13753,Node_4,18,0,10,18,10,,,,,,,,,
30,VISIT,3218,Nearest,OnArrival,5,3,13753,Node_54,17,0,7,17,7,,,,,,,,,
30,VISIT,3219,Nearest,OnArrival,5,3,13753,Node_54,17,0,7,17,7,,,,,,,,,
30,VISIT,3220,Nearest,OnArrival,5,3,13753,Node_47,20,0,8,20,8,,,,,,,,,
30,VISIT,3216,Nearest,OnArrival,5,38,13757,Node_109,10,0,14,10,14,,,,,,,,,
30,VISIT,3217,Nearest,OnArrival,5,4,13763,Node_8,17,0,10,17,10,,,,,,,,,
30,VISIT,3218,Nearest,OnArrival,5,4,13763,Node_58,16,0,7,16,7,,,,,,,,,
30,VISIT,3219,Nearest,OnArrival,5,4,13763,Node_58,16,0,7,16,7,,,,,,,,,
30,VISIT,3220,Nearest,OnArrival,5,4,13763,Node_7,19,0,8,19,8,,,,,,,,,
30,VISIT,3216,Nearest,OnArrival,5,39,13767,Node_261,9,0,14,9,14,,,,,,,,,
30,VISIT,3217,Nearest,OnArrival,5,5,13773,Node_23,17,0,9,17,9,,,,,,,,,
30,VISIT,3218,Nearest,OnArrival,5,5,13773,Node_79,16,0,6,16,6,,,,,,,,,
30,VISIT,3219,Nearest,OnArrival,5,5,13773,Node_79,16,0,6,16,6,,,,,,,,,
30,VISIT,3220,Nearest,OnArrival,5,5,13773,Node_11,18,0,8,18,8,,,,,,,,,
30,VISIT,3217,Nearest,OnArrival,5,6,13783,Node_51,17,0,8,17,8,,,,,,,,,
30,VISIT,3218,Nearest,OnArrival,5,6,13783,Node_68,15,0,6,15,6,,,,,,,,,
30,VISIT,3219,Nearest,OnArrival,5,6,13783,Node_68,15,0,6,15,6,,,,,,,,,
30,VISIT,3220,Nearest,OnArrival,5,6,13783,Node_51,17,0,8,17,8,,,,,,,,,
30,VISIT,3216,Nearest,OnArrival,5,40,13787,Node_305,8,0,15,8,15,,,,,,,,,
30,VISIT,3217,Nearest,OnArrival,5,7,13794,Node_54,17,0,7,17,7,,,,,,,,,
30,VISIT,3218,Nearest,OnArrival,5,7,13794,Node_188,14,0,6,14,6,,,,,,,,,
30,VISIT,3219,Nearest,OnArrival,5,7,13794,Node_188,14,0,6,14,6,,,,,,,,,
30,VISIT,3220,Nearest,OnArrival,5,7,13794,Node_54,17,0,7,17,7,,,,,,,,,
30,VISIT,3216,Nearest,OnArrival,5,41,13798,Node_308,8,0,16,8,16,,,,,,,,,
30,VISIT,3217,Nearest,OnArrival,5,8,13804,Node_58,16,0,7,16,7,,,,,,,,,
30,VISIT,3218,Nearest,OnArrival,5,8,13804,Node_172,13,0,6,13,6,,,,,,,,,
30,VISIT,3219,Nearest,OnArrival,5,8,13804,Node_172,13,0,6,13,6,,,,,,,,,
30,VISIT,3220,Nearest,OnArrival,5,8,13804,Node_58,16,0,7,16,7,,,,,,,,,
30,VISIT,3216,Nearest,OnArrival,5,42,13808,Node_115,9,0,16,9,16,,,,,,,,,
30,VISIT,3217,Nearest,OnArrival,5,9,13814,Node_79,16,0,6,16,6,,,,,,,,,
30,VISIT,3218,Nearest,OnArrival,5,9,13814,Node_175,13,0,5,13,5,,,,,,,,,
30,VISIT,3219,Nearest,OnArrival,5,9,13814,Node_175,13,0,5,13,5,,,,,,,,,
30,VISIT,3220,Nearest,OnArrival,5,9,13814,Node_79,16,0,6,16,6,,,,,,,,,
30,VISIT,3216,Nearest,OnArrival,5,43,13818,Node_116,9,0,17,9,17,,,,,,,,,
30,VISIT,3217,Nearest,OnArrival,5,10,13825,Node_68,15,0,6,15,6,,,,,,,,,
30,VISIT,3218,Nearest,OnArrival,5,10,13825,Node_178,12,0,5,12,5,,,,,,,,,
30,VISIT,3219,Nearest,OnArrival,5,10,13825,Node_178,12,0,5,12,5,,,,,,,,,
30,VISIT,3220,Nearest,OnArrival,5,10,13825,Node_68,15,0,6,15,6,,,,,,,,,
30,VISIT,3216,Nearest,OnArrival,5,44,13829,Node_312,8,0,17,8,17,,,,,,,,,
30,VISIT,3217,Nearest,OnArrival,5,11,13836,Node_188,14,0,6,14,6,,,,,,,,,
30,VISIT,3218,Nearest,OnArrival,5,11,13836,Node_193,11,0,5,11,5,,,,,,,,,
30,VISIT,3219,Nearest,OnArrival,5,11,13836,Node_193,11,0,5,11,5,,,,,,,,,
30,VISIT,3220,Nearest,OnArrival,5,11,13836,Node_188,14,0,6,14,6,,,,,,,,,
30,VISIT,3216,Nearest,OnArrival,5,45,13840,Node_316,8,0,18,8,18,,,,,,,,,
30,VISIT,3217,Nearest,OnArrival,5,12,13846,Node_172,13,0,6,13,6,,,,,,,,,
30,VISIT,3218,Nearest,OnArrival,5,12,13846,Node_209,10,0,5,10,5,,,,,,,,,
30,VISIT,3219,Nearest,OnArrival,5,12,13846,Node_209,10,0,5,10,5,,,,,,,,,
30,VISIT,3220,Nearest,OnArrival,5,12,13846,Node_172,13,0,6,13,6,,,,,,,,,
30,VISIT,3216,Nearest,OnArrival,5,46,13851,Node_118,9,0,18,9,18,,,,,,,,,
30,VISIT,3217,Nearest,OnArrival,5,13,13857,Node_175,13,0,5,13,5,,,,,,,,,
30,VISIT,3218,Nearest,OnArrival,5,13,13857,Node_212,9,0,5,9,5,,,,,,,,,
30,VISIT,3219,Nearest,OnArrival,5,13,13857,Node_212,9,0,5,9,5,,,,,,,,,
30,VISIT,3220,Nearest,OnArrival,5,13,13857,Node_175,13,0,5,13,5,,,,,,,,,
30,VISIT,3217,Nearest,OnArrival,5,14,13871,Node_178,12,0,5,12,5,,,,,,,,,
30,VISIT,3218,Nearest,OnArrival,5,14,13871,Node_211,9,0,6,9,6,,,,,,,,,
30,VISIT,3219,Nearest,OnArrival,5,14,13871,Node_211,9,0,6,9,6,,,,,,,,,
30,VISIT,3220,Nearest,OnArrival,5,14,13871,Node_178,12,0,5,12,5,,,,,,,,,
30,VISIT,3217,Nearest,OnArrival,5,15,13885,Node_193,11,0,5,11,5,,,,,,,,,
30,VISIT,3218,Nearest,OnArrival,5,15,13885,Node_215,8,0,6,8,6,,,,,,,,,
30,VISIT,3219,Nearest,OnArrival,5,15,13885,Node_215,8,0,6,8,6,,,,,,,,,
30,VISIT,3220,Nearest,OnArrival,5,15,13885,Node_193,11,0,5,11,5,,,,,,,,,
30,VISIT,3217,Nearest,OnArrival,5,16,13899,Node_209,10,0,5,10,5,,,,,,,,,
30,VISIT,3218,Nearest,OnArrival,5,16,13899,Node_224,7,0,6,7,6,,,,,,,,,
30,VISIT,3219,Nearest,OnArrival,5,16,13899,Node_224,7,0,6,7,6,,,,,,,,,
30,VISIT,3220,Nearest,OnArrival,5,16,13899,Node_209,10,0,5,10,5,,,,,,,,,
30,VISIT,3217,Nearest,OnArrival,5,17,13914,Node_212,9,0,5,9,5,,,,,,,,,
30,VISIT,3218,Nearest,OnArrival,5,17,13914,Node_226,6,0,6,6,6,,,,,,,,,
30,VISIT,3219,Nearest,OnArrival,5,17,13914,Node_226,6,0,6,6,6,,,,,,,,,
30,VISIT,3220,Nearest,OnArrival,5,17,13914,Node_212,9,0,5,9,5,,,,,,,,,
30,VISIT,3217,Nearest,OnArrival,5,18,13931,Node_211,9,0,6,9,6,,,,,,,,,
30,VISIT,3218,Nearest,OnArrival,5,18,13931,Node_233,5,0,6,5,6,,,,,,,,,
30,VISIT,3219,Nearest,OnArrival,5,18,13931,Node_233,5,0,6,5,6,,,,,,,,,
30,VISIT,3220,Nearest,OnArrival,5,18,13931,Node_211,9,0,6,9,6,,,,,,,,,
30,VISIT,3217,Nearest,OnArrival,5,19,13948,Node_215,8,0,6,8,6,,,,,,,,,
30,VISIT,3220,Nearest,OnArrival,5,19,13948,Node_215,8,0,6,8,6,,,,,,,,,
30,VISIT,3217,Nearest,OnArrival,5,20,13964,Node_224,7,0,6,7,6,,,,,,,,,
30,VISIT,3218,Nearest,OnArrival,5,19,13964,Node_356,3,0,6,3,6,,,,,,,,,
30,VISIT,3219,Nearest,OnArrival,5,19,13964,Node_356,3,0,6,3,6,,,,,,,,,
30,VISIT,3220,Nearest,OnArrival,5,20,13964,Node_224,7,0,6,7,6,,,,,,,,,
30,VISIT,3217,Nearest,OnArrival,5,21,13981,Node_226,6,0,6,6,6,,,,,,,,,
30,VISIT,3220,Nearest,OnArrival,5,21,13981,Node_226,6,0,6,6,6,,,,,,,,,
30,VISIT,3217,Nearest,OnArrival,5,22,13998,Node_233,5,0,6,5,6,,,,,,,,,
30,VISIT,3218,Nearest,OnArrival,5,20,13998,Node_358,2,0,7,2,7,,,,,,,,,
30,VISIT,3219,Nearest,OnArrival,5,20,13998,Node_358,2,0,7,2,7,,,,,,,,,
30,VISIT,3220,Nearest,OnArrival,5,22,13998,Node_233,5,0,6,5,6,,,,,,,,,
30,VISIT,3218,Nearest,OnArrival,5,21,14016,Node_359,2,0,8,2,8,,,,,,,,,
30,VISIT,3219,Nearest,OnArrival,5,21,14016,Node_359,2,0,8,2,8,,,,,,,,,
30,VISIT,3217,Nearest,OnArrival,5,23,14033,Node_356,3,0,6,3,6,,,,,,,,,
30,VISIT,3220,Nearest,OnArrival,5,23,14033,Node_356,3,0,6,3,6,,,,,,,,,
30,VISIT,3217,Nearest,OnArrival,5,24,14050,Node_526,2,0,6,2,6,,,,,,,,,
30,VISIT,3220,Nearest,OnArrival,5,24,14050,Node_526,2,0,6,2,6,,,,,,,,,
30,VISIT,3218,Nearest,OnArrival,5,22,14084,Node_487,1,0,11,1,11,,,,,,,,,
30,VISIT,3219,Nearest,OnArrival,5,22,14084,Node_487,1,0,11,1,11,,,,,,,,,
30,VISIT,3218,Nearest,OnArrival,5,23,14102,Node_489,1,0,12,1,12,,,,,,,,,
30,VISIT,3219,Nearest,OnArrival,5,23,14102,Node_489,1,0,12,1,12,,,,,,,,,
30,VISIT,3218,Nearest,OnArrival,5,24,14119,Node_479,2,0,12,2,12,,,,,,,,,
30,VISIT,3219,Nearest,OnArrival,5,24,14119,Node_479,2,0,12,2,12,,,,,,,,,
30,VISIT,3217,Nearest,OnArrival,5,25,14136,Node_400,-1,0,8,-1,8,,,,,,,,,
30,VISIT,3218,Nearest,OnArrival,5,25,14136,Node_481,2,0,13,2,13,,,,,,,,,
30,VISIT,3219,Nearest,OnArrival,5,25,14136,Node_481,2,0,13,2,13,,,,,,,,,
30,VISIT,3220,Nearest,OnArrival,5,25,14136,Node_400,-1,0,8,-1,8,,,,,,,,,
30,VISIT,3217,Nearest,OnArrival,5,26,14289,Node_508,-3,0,15,-3,15,,,,,,,,,
30,VISIT,3220,Nearest,OnArrival,5,26,14289,Node_508,-3,0,15,-3,15,,,,,,,,,
30,VISIT,3219,Nearest,OnArrival,5,26,14321,Node_491,1,0,17,1,17,,,,,,,,,
30,VISIT,3221,Nearest,OnArrival,5,0,14329,Node_6,19,0,12,19,12,,,,,,,,,
30,VISIT,3222,Nearest,OnArrival,5,0,14329,Node_7,19,0,8,19,8,,,,,,,,,
30,VISIT,3223,Nearest,OnArrival,5,0,14329,Node_8,17,0,10,17,10,,,,,,,,,
30,VISIT,3224,Nearest,OnArrival,5,0,14329,Node_9,21,0,10,21,10,,,,,,,,,
30,VISIT,3219,Nearest,OnArrival,5,27,14333,Node_549,2,0,17,2,17,,,,,,,,,
30,VISIT,3221,Nearest,OnArrival,5,1,14337,Node_2,19,0,11,19,11,,,,,,,,,
30,VISIT,3222,Nearest,OnArrival,5,1,14337,Node_11,18,0,8,18,8,,,,,,,,,
30,VISIT,3223,Nearest,OnArrival,5,1,14337,Node_23,17,0,9,17,9,,,,,,,,,
30,VISIT,3224,Nearest,OnArrival,5,1,14337,Node_5,20,0,10,20,10,,,,,,,,,
30,VISIT,3219,Nearest,OnArrival,5,28,14342,Node_544,3,0,17,3,17,,,,,,,,,
30,VISIT,3221,Nearest,OnArrival,5,2,14346,Node_20,19,0,10,19,10,,,,,,,,,
30,VISIT,3222,Nearest,OnArrival,5,2,14346,Node_51,17,0,8,17,8,,,,,,,,,
30,VISIT,3223,Nearest,OnArrival,5,2,14346,Node_51,17,0,8,17,8,,,,,,,,,
30,VISIT,3224,Nearest,OnArrival,5,2,14346,Node_50,20,0,9,20,9,,,,,,,,,
30,VISIT,3219,Nearest,OnArrival,5,29,14351,Node_543,4,0,17,4,17,,,,,,,,,
30,VISIT,3221,Nearest,OnArrival,5,3,14355,Node_4,18,0,10,18,10,,,,,,,,,
30,VISIT,3222,Nearest,OnArrival,5,3,14355,Node_54,17,0,7,17,7,,,,,,,,,
30,VISIT,3223,Nearest,OnArrival,5,3,14355,Node_54,17,0,7,17,7,,,,,,,,,
30,VISIT,3224,Nearest,OnArrival,5,3,14355,Node_47,20,0,8,20,8,,,,,,,,,
30,VISIT,3221,Nearest,OnArrival,5,4,14364,Node_8,17,0,10,17,10,,,,,,,,,
30,VISIT,3222,Nearest,OnArrival,5,4,14364,Node_58,16,0,7,16,7,,,,,,,,,
30,VISIT,3223,Nearest,OnArrival,5,4,14364,Node_58,16,0,7,16,7,,,,,,,,,
30,VISIT,3224,Nearest,OnArrival,5,4,14364,Node_7,19,0,8,19,8,,,,,,,,,
30,VISIT,3221,Nearest,OnArrival,5,5,14373,Node_23,17,0,9,17,9,,,,,,,,,
30,VISIT,3222,Nearest,OnArrival,5,5,14373,Node_79,16,0,6,16,6,,,,,,,,,
30,VISIT,3223,Nearest,OnArrival,5,5,14373,Node_79,16,0,6,16,6,,,,,,,,,
30,VISIT,3224,Nearest,OnArrival,5,5,14373,Node_11,18,0,8,18,8,,,,,,,,,
30,VISIT,3221,Nearest,OnArrival,5,6,14382,Node_51,17,0,8,17,8,,,,,,,,,
30,VISIT,3222,Nearest,OnArrival,5,6,14382,Node_68,15,0,6,15,6,,,,,,,,,
30,VISIT,3223,Nearest,OnArrival,5,6,14382,Node_68,15,0,6,15,6,,,,,,,,,
30,VISIT,3224,Nearest,OnArrival,5,6,14382,Node_51,17,0,8,17,8,,,,,,,,,
30,VISIT,3221,Nearest,OnArrival,5,7,14391,Node_54,17,0,7,17,7,,,,,,,,,
30,VISIT,3222,Nearest,OnArrival,5,7,14391,Node_188,14,0,6,14,6,,,,,,,,,
30,VISIT,3223,Nearest,OnArrival,5,7,14391,Node_188,14,0,6,14,6,,,,,,,,,
30,VISIT,3224,Nearest,OnArrival,5,7,14391,Node_54,17,0,7,17,7,,,,,,,,,
30,VISIT,3221,Nearest,OnArrival,5,8,14401,Node_58,16,0,7,16,7,,,,,,,,,
30,VISIT,3222,Nearest,OnArrival,5,8,14401,Node_172,13,0,6,13,6,,,,,,,,,
30,VISIT,3223,Nearest,OnArrival,5,8,14401,Node_172,13,0,6,13,6,,,,,,,,,
30,VISIT,3224,Nearest,OnArrival,5,8,14401,Node_58,16,0,7,16,7,,,,,,,,,
30,VISIT,3221,Nearest,OnArrival,5,9,14410,Node_79,16,0,6,16,6,,,,,,,,,
30,VISIT,3222,Nearest,OnArrival,5,9,14410,Node_175,13,0,5,13,5,,,,,,,,,
30,VISIT,3223,Nearest,OnArrival,5,9,14410,Node_175,13,0,5,13,5,,,,,,,,,
30,VISIT,3224,Nearest,OnArrival,5,9,14410,Node_79,16,0,6,16,6,,,,,,,,,
30,VISIT,3221,Nearest,OnArrival,5,10,14419,Node_68,15,0,6,15,6,,,,,,,,,
30,VISIT,3222,Nearest,OnArrival,5,10,14419,Node_178,12,0,5,12,5,,,,,,,,,
30,VISIT,3223,Nearest,OnArrival,5,10,14419,Node_178,12,0,5,12,5,,,,,,,,,
30,VISIT,3224,Nearest,OnArrival,5,10,14419,Node_68,15,0,6,15,6,,,,,,,,,
30,VISIT,3220,Nearest,OnArrival,5,27,14423,Node_559,-7,0,20,-7,20,,,,,,,,,
30,VISIT,3221,Nearest,OnArrival,5,11,14429,Node_188,14,0,6,14,6,,,,,,,,,
30,VISIT,3222,Nearest,OnArrival,5,11,14429,Node_193,11,0,5,11,5,,,,,,,,,
30,VISIT,3223,Nearest,OnArrival,5,11,14429,Node_193,11,0,5,11,5,,,,,,,,,
30,VISIT,3224,Nearest,OnArrival,5,11,14429,Node_188,14,0,6,14,6,,,,,,,,,
30,VISIT,3221,Nearest,OnArrival,5,12,14440,Node_172,13,0,6,13,6,,,,,,,,,
30,VISIT,3222,Nearest,OnArrival,5,12,14440,Node_209,10,0,5,10,5,,,,,,,,,
30,VISIT,3223,Nearest,OnArrival,5,12,14440,Node_209,10,0,5,10,5,,,,,,,,,
30,VISIT,3224,Nearest,OnArrival,5,12,14440,Node_172,13,0,6,13,6,,,,,,,,,
30,VISIT,3221,Nearest,OnArrival,5,13,14450,Node_175,13,0,5,13,5,,,,,,,,,
30,VISIT,3222,Nearest,OnArrival,5,13,14450,Node_212,9,0,5,9,5,,,,,,,,,
30,VISIT,3223,Nearest,OnArrival,5,13,14450,Node_212,9,0,5,9,5,,,,,,,,,
30,VISIT,3224,Nearest,OnArrival,5,13,14450,Node_175,13,0,5,13,5,,,,,,,,,
30,VISIT,3221,Nearest,OnArrival,5,14,14461,Node_178,12,0,5,12,5,,,,,,,,,
30,VISIT,3222,Nearest,OnArrival,5,14,14461,Node_214,8,0,5,8,5,,,,,,,,,
30,VISIT,3223,Nearest,OnArrival,5,14,14461,Node_214,8,0,5,8,5,,,,,,,,,
30,VISIT,3224,Nearest,OnArrival,5,14,14461,Node_178,12,0,5,12,5,,,,,,,,,
30,VISIT,3221,Nearest,OnArrival,5,15,14472,Node_193,11,0,5,11,5,,,,,,,,,
30,VISIT,3224,Nearest,OnArrival,5,15,14472,Node_193,11,0,5,11,5,,,,,,,,,
30,VISIT,3221,Nearest,OnArrival,5,16,14486,Node_209,10,0,5,10,5,,,,,,,,,
30,VISIT,3224,Nearest,OnArrival,5,16,14486,Node_209,10,0,5,10,5,,,,,,,,,
30,VISIT,3221,Nearest,OnArrival,5,17,14500,Node_212,9,0,5,9,5,,,,,,,,,
30,VISIT,3222,Nearest,OnArrival,5,15,14500,Node_355,8,0,2,8,2,,,,,,,,,
30,VISIT,3223,Nearest,OnArrival,5,15,14500,Node_355,8,0,2,8,2,,,,,,,,,
30,VISIT,3224,Nearest,OnArrival,5,17,14500,Node_212,9,0,5,9,5,,,,,,,,,
30,VISIT,3221,Nearest,OnArrival,5,18,14512,Node_214,8,0,5,8,5,,,,,,,,,
30,VISIT,3224,Nearest,OnArrival,5,18,14512,Node_214,8,0,5,8,5,,,,,,,,,
30,VISIT,3222,Nearest,OnArrival,5,16,14527,Node_361,6,0,2,6,2,,,,,,,,,
30,VISIT,3223,Nearest,OnArrival,5,16,14527,Node_361,6,0,2,6,2,,,,,,,,,
30,VISIT,3221,Nearest,OnArrival,5,19,14559,Node_355,8,0,2,8,2,,,,,,,,,
30,VISIT,3222,Nearest,OnArrival,5,17,14559,Node_439,6,0,0,6,0,,,,,,,,,
30,VISIT,3223,Nearest,OnArrival,5,17,14559,Node_439,6,0,0,6,0,,,,,,,,,
30,VISIT,3224,Nearest,OnArrival,5,19,14559,Node_355,8,0,2,8,2,,,,,,,,,
30,VISIT,3221,Nearest,OnArrival,5,20,14589,Node_361,6,0,2,6,2,,,,,,,,,
30,VISIT,3224,Nearest,OnArrival,5,20,14589,Node_361,6,0,2,6,2,,,,,,,,,
30,VISIT,3222,Nearest,OnArrival,5,18,14604,Node_386,3,0,0,3,0,,,,,,,,,
30,VISIT,3223,Nearest,OnArrival,5,18,14604,Node_386,3,0,0,3,0,,,,,,,,,
30,VISIT,3221,Nearest,OnArrival,5,21,14619,Node_439,6,0,0,6,0,,,,,,,,,
30,VISIT,3224,Nearest,OnArrival,5,21,14619,Node_439,6,0,0,6,0,,,,,,,,,
30,VISIT,3222,Nearest,OnArrival,5,19,14651,Node_436,0,0,0,0,0,,,,,,,,,
30,VISIT,3223,Nearest,OnArrival,5,19,14651,Node_436,0,0,0,0,0,,,,,,,,,
30,VISIT,3221,Nearest,OnArrival,5,22,14668,Node_386,3,0,0,3,0,,,,,,,,,
30,VISIT,3222,Nearest,OnArrival,5,20,14668,Node_437,0,0,1,0,1,,,,,,,,,
30,VISIT,3223,Nearest,OnArrival,5,20,14668,Node_437,0,0,1,0,1,,,,,,,,,
30,VISIT,3224,Nearest,OnArrival,5,22,14668,Node_386,3,0,0,3,0,,,,,,,,,
30,VISIT,3222,Nearest,OnArrival,5,21,14683,Node_438,-1,0,1,-1,1,,,,,,,,,
30,VISIT,3223,Nearest,OnArrival,5,21,14683,Node_438,-1,0,1,-1,1,,,,,,,,,
30,VISIT,3221,Nearest,OnArrival,5,23,14717,Node_436,0,0,0,0,0,,,,,,,,,
30,VISIT,3222,Nearest,OnArrival,5,22,14717,Node_389,-1,0,3,-1,3,,,,,,,,,
30,VISIT,3223,Nearest,OnArrival,5,22,14717,Node_389,-1,0,3,-1,3,,,,,,,,,
30,VISIT,3224,Nearest,OnArrival,5,23,14717,Node_436,0,0,0,0,0,,,,,,,,,
30,VISIT,3221,Nearest,OnArrival,5,24,14734,Node_437,0,0,1,0,1,,,,,,,,,
30,VISIT,3222,Nearest,OnArrival,5,23,14734,Node_391,-1,0,4,-1,4,,,,,,,,,
30,VISIT,3223,Nearest,OnArrival,5,23,14734,Node_391,-1,0,4,-1,4,,,,,,,,,
30,VISIT,3224,Nearest,OnArrival,5,24,14734,Node_437,0,0,1,0,1,,,,,,,,,
30,VISIT,3221,Nearest,OnArrival,5,25,14751,Node_438,-1,0,1,-1,1,,,,,,,,,
30,VISIT,3222,Nearest,OnArrival,5,24,14751,Node_393,-2,0,4,-2,4,,,,,,,,,
30,VISIT,3223,Nearest,OnArrival,5,24,14751,Node_393,-2,0,4,-2,4,,,,,,,,,
30,VISIT,3224,Nearest,OnArrival,5,25,14751,Node_438,-1,0,1,-1,1,,,,,,,,,
30,VISIT,3221,Nearest,OnArrival,5,26,14785,Node_389,-1,0,3,-1,3,,,,,,,,,
30,VISIT,3222,Nearest,OnArrival,5,25,14785,Node_396,-2,0,6,-2,6,,,,,,,,,
30,VISIT,3223,Nearest,OnArrival,5,25,14785,Node_396,-2,0,6,-2,6,,,,,,,,,
30,VISIT,3224,Nearest,OnArrival,5,26,14785,Node_389,-1,0,3,-1,3,,,,,,,,,
30,VISIT,3221,Nearest,OnArrival,5,27,14802,Node_391,-1,0,4,-1,4,,,,,,,,,
30,VISIT,3222,Nearest,OnArrival,5,26,14802,Node_530,-1,0,6,-1,6,,,,,,,,,
30,VISIT,3223,Nearest,OnArrival,5,26,14802,Node_530,-1,0,6,-1,6,,,,,,,,,
30,VISIT,3224,Nearest,OnArrival,5,27,14802,Node_391,-1,0,4,-1,4,,,,,,,,,
30,VISIT,3221,Nearest,OnArrival,5,28,14819,Node_393,-2,0,4,-2,4,,,,,,,,,
30,VISIT,3222,Nearest,OnArrival,5,27,14819,Node_531,-1,0,7,-1,7,,,,,,,,,
30,VISIT,3223,Nearest,OnArrival,5,27,14819,Node_531,-1,0,7,-1,7,,,,,,,,,
30,VISIT,3224,Nearest,OnArrival,5,28,14819,Node_393,-2,0,4,-2,4,,,,,,,,,
30,VISIT,3222,Nearest,OnArrival,5,28,14836,Node_398,-2,0,7,-2,7,,,,,,,,,
30,VISIT,3223,Nearest,OnArrival,5,28,14836,Node_398,-2,0,7,-2,7,,,,,,,,,
30,VISIT,3221,Nearest,OnArrival,5,29,14853,Node_396,-2,0,6,-2,6,,,,,,,,,
30,VISIT,3222,Nearest,OnArrival,5,29,14853,Node_396,-2,0,6,-2,6,,,,,,,,,
30,VISIT,3223,Nearest,OnArrival,5,29,14853,Node_396,-2,0,6,-2,6,,,,,,,,,
30,VISIT,3224,Nearest,OnArrival,5,29,14853,Node_396,-2,0,6,-2,6,,,,,,,,,
30,VISIT,3221,Nearest,OnArrival,5,30,14887,Node_501,-4,0,6,-4,6,,,,,,,,,
30,VISIT,3222,Nearest,OnArrival,5,30,14887,Node_501,-4,0,6,-4,6,,,,,,,,,
30,VISIT,3223,Nearest,OnArrival,5,30,14887,Node_501,-4,0,6,-4,6,,,,,,,,,
30,VISIT,3224,Nearest,OnArrival,5,30,14887,Node_501,-4,0,6,-4,6,,,,,,,,,
30,VISIT,3225,Nearest,OnArrival,5,0,14895,Node_6,19,0,12,19,12,,,,,,,,,
30,VISIT,3226,Nearest,OnArrival,5,0,14895,Node_7,19,0,8,19,8,,,,,,,,,
30,VISIT,3227,Nearest,OnArrival,5,0,14895,Node_8,17,0,10,17,10,,,,,,,,,
30,VISIT,3228,Nearest,OnArrival,5,0,14895,Node_9,21,0,10,21,10,,,,,,,,,
30,VISIT,3221,Nearest,OnArrival,5,31,14899,Node_519,-5,0,6,-5,6,,,,,,,,,
30,VISIT,3222,Nearest,OnArrival,5,31,14899,Node_519,-5,0,6,-5,6,,,,,,,,,
30,VISIT,3223,Nearest,OnArrival,5,31,14899,Node_519,-5,0,6,-5,6,,,,,,,,,
30,VISIT,3224,Nearest,OnArrival,5,31,14899,Node_519,-5,0,6,-5,6,,,,,,,,,
30,VISIT,3225,Nearest,OnArrival,5,1,14903,Node_2,19,0,11,19,11,,,,,,,,,
30,VISIT,3226,Nearest,OnArrival,5,1,14903,Node_11,18,0,8,18,8,,,,,,,,,
30,VISIT,3227,Nearest,OnArrival,5,1,14903,Node_24,16,0,10,16,10,,,,,,,,,
30,VISIT,3228,Nearest,OnArrival,5,1,14903,Node_5,20,0,10,20,10,,,,,,,,,
30,VISIT,3221,Nearest,OnArrival,5,32,14908,Node_518,-5,0,7,-5,7,,,,,,,,,
30,VISIT,3222,Nearest,OnArrival,5,32,14908,Node_518,-5,0,7,-5,7,,,,,,,,,
30,VISIT,3223,Nearest,OnArrival,5,32,14908,Node_518,-5,0,7,-5,7,,,,,,,,,
30,VISIT,3224,Nearest,OnArrival,5,32,14908,Node_518,-5,0,7,-5,7,,,,,,,,,
30,VISIT,3225,Nearest,OnArrival,5,2,14912,Node_20,19,0,10,19,10,,,,,,,,,
30,VISIT,3226,Nearest,OnArrival,5,2,14912,Node_51,17,0,8,17,8,,,,,,,,,
30,VISIT,3227,Nearest,OnArrival,5,2,14912,Node_26,15,0,10,15,10,,,,,,,,,
30,VISIT,3228,Nearest,OnArrival,5,2,14912,Node_20,19,0,10,19,10,,,,,,,,,
30,VISIT,3225,Nearest,OnArrival,5,3,14921,Node_4,18,0,10,18,10,,,,,,,,,
30,VISIT,3226,Nearest,OnArrival,5,3,14921,Node_54,17,0,7,17,7,,,,,,,,,
30,VISIT,3227,Nearest,OnArrival,5,3,14921,Node_127,14,0,10,14,10,,,,,,,,,
30,VISIT,3228,Nearest,OnArrival,5,3,14921,Node_4,18,0,10,18,10,,,,,,,,,
30,VISIT,3221,Nearest,OnArrival,5,33,14926,Node_520,-6,0,6,-6,6,,,,,,,,,
30,VISIT,3222,Nearest,OnArrival,5,33,14926,Node_520,-6,0,6,-6,6,,,,,,,,,
30,VISIT,3223,Nearest,OnArrival,5,33,14926,Node_520,-6,0,6,-6,6,,,,,,,,,
30,VISIT,3224,Nearest,OnArrival,5,33,14926,Node_520,-6,0,6,-6,6,,,,,,,,,
30,VISIT,3225,Nearest,OnArrival,5,4,14930,Node_8,17,0,10,17,10,,,,,,,,,
30,VISIT,3226,Nearest,OnArrival,5,4,14930,Node_58,16,0,7,16,7,,,,,,,,,
30,VISIT,3227,Nearest,OnArrival,5,4,14930,Node_166,13,0,10,13,10,,,,,,,,,
30,VISIT,3228,Nearest,OnArrival,5,4,14930,Node_8,17,0,10,17,10,,,,,,,,,
30,VISIT,3221,Nearest,OnArrival,5,34,14935,Node_467,-7,0,6,-7,6,,,,,,,,,
30,VISIT,3222,Nearest,OnArrival,5,34,14935,Node_467,-7,0,6,-7,6,,,,,,,,,
30,VISIT,3223,Nearest,OnArrival,5,34,14935,Node_467,-7,0,6,-7,6,,,,,,,,,
30,VISIT,3224,Nearest,OnArrival,5,34,14935,Node_467,-7,0,6,-7,6,,,,,,,,,
30,VISIT,3225,Nearest,OnArrival,5,5,14939,Node_24,16,0,10,16,10,,,,,,,,,
30,VISIT,3226,Nearest,OnArrival,5,5,14939,Node_79,16,0,6,16,6,,,,,,,,,
30,VISIT,3227,Nearest,OnArrival,5,5,14939,Node_168,13,0,9,13,9,,,,,,,,,
30,VISIT,3228,Nearest,OnArrival,5,5,14939,Node_24,16,0,10,16,10,,,,,,,,,
30,VISIT,3225,Nearest,OnArrival,5,6,14948,Node_26,15,0,10,15,10,,,,,,,,,
30,VISIT,3226,Nearest,OnArrival,5,6,14948,Node_68,15,0,6,15,6,,,,,,,,,
30,VISIT,3227,Nearest,OnArrival,5,6,14948,Node_247,12,0,9,12,9,,,,,,,,,
30,VISIT,3228,Nearest,OnArrival,5,6,14948,Node_26,15,0,10,15,10,,,,,,,,,
30,VISIT,3225,Nearest,OnArrival,5,7,14957,Node_127,14,0,10,14,10,,,,,,,,,
30,VISIT,3226,Nearest,OnArrival,5,7,14957,Node_188,14,0,6,14,6,,,,,,,,,
30,VISIT,3227,Nearest,OnArrival,5,7,14957,Node_252,11,0,9,11,9,,,,,,,,,
30,VISIT,3228,Nearest,OnArrival,5,7,14957,Node_127,14,0,10,14,10,,,,,,,,,
30,VISIT,3225,Nearest,OnArrival,5,8,14966,Node_166,13,0,10,13,10,,,,,,,,,
30,VISIT,3226,Nearest,OnArrival,5,8,14966,Node_172,13,0,6,13,6,,,,,,,,,
30,VISIT,3227,Nearest,OnArrival,5,8,14966,Node_254,10,0,9,10,9,,,,,,,,,
30,VISIT,3228,Nearest,OnArrival,5,8,14966,Node_166,13,0,10,13,10,,,,,,,,,
30,VISIT,3225,Nearest,OnArrival,5,9,14977,Node_168,13,0,9,13,9,,,,,,,,,
30,VISIT,3226,Nearest,OnArrival,5,9,14977,Node_181,12,0,6,12,6,,,,,,,,,
30,VISIT,3227,Nearest,OnArrival,5,9,14977,Node_256,10,0,10,10,10,,,,,,,,,
30,VISIT,3228,Nearest,OnArrival,5,9,14977,Node_168,13,0,9,13,9,,,,,,,,,
30,VISIT,3225,Nearest,OnArrival,5,10,14989,Node_247,12,0,9,12,9,,,,,,,,,
30,VISIT,3226,Nearest,OnArrival,5,10,14989,Node_192,11,0,6,11,6,,,,,,,,,
30,VISIT,3227,Nearest,OnArrival,5,10,14989,Node_290,9,0,10,9,10,,,,,,,,,
30,VISIT,3228,Nearest,OnArrival,5,10,14989,Node_247,12,0,9,12,9,,,,,,,,,
30,VISIT,3225,Nearest,OnArrival,5,11,15000,Node_252,11,0,9,11,9,,,,,,,,,
30,VISIT,3226,Nearest,OnArrival,5,11,15000,Node_210,10,0,6,10,6,,,,,,,,,
30,VISIT,3227,Nearest,OnArrival,5,11,15000,Node_480,8,0,10,8,10,,,,,,,,,
30,VISIT,3228,Nearest,OnArrival,5,11,15000,Node_252,11,0,9,11,9,,,,,,,,,
30,VISIT,3221,Nearest,OnArrival,5,35,15005,Node_470,-10,0,8,-10,8,,,,,,,,,
30,VISIT,3222,Nearest,OnArrival,5,35,15005,Node_470,-10,0,8,-10,8,,,,,,,,,
30,VISIT,3223,Nearest,OnArrival,5,35,15005,Node_470,-10,0,8,-10,8,,,,,,,,,
30,VISIT,3224,Nearest,OnArrival,5,35,15005,Node_470,-10,0,8,-10,8,,,,,,,,,
30,VISIT,3225,Nearest,OnArrival,5,12,15012,Node_254,10,0,9,10,9,,,,,,,,,
30,VISIT,3226,Nearest,OnArrival,5,12,15012,Node_211,9,0,6,9,6,,,,,,,,,
30,VISIT,3228,Nearest,OnArrival,5,12,15012,Node_254,10,0,9,10,9,,,,,,,,,
30,VISIT,3225,Nearest,OnArrival,5,13,15028,Node_256,10,0,10,10,10,,,,,,,,,
30,VISIT,3226,Nearest,OnArrival,5,13,15028,Node_215,8,0,6,8,6,,,,,,,,,
30,VISIT,3227,Nearest,OnArrival,5,12,15028,Node_473,6,0,10,6,10,,,,,,,,,
30,VISIT,3228,Nearest,OnArrival,5,13,15028,Node_256,10,0,10,10,10,,,,,,,,,
30,VISIT,3221,Nearest,OnArrival,5,36,15037,Node_472,-10,0,10,-10,10,,,,,,,,,
30,VISIT,3222,Nearest,OnArrival,5,36,15037,Node_472,-10,0,10,-10,10,,,,,,,,,
30,VISIT,3223,Nearest,OnArrival,5,36,15037,Node_472,-10,0,10,-10,10,,,,,,,,,
30,VISIT,3224,Nearest,OnArrival,5,36,15037,Node_472,-10,0,10,-10,10,,,,,,,,,
30,VISIT,3225,Nearest,OnArrival,5,14,15044,Node_290,9,0,10,9,10,,,,,,,,,
30,VISIT,3226,Nearest,OnArrival,5,14,15044,Node_224,7,0,6,7,6,,,,,,,,,
30,VISIT,3227,Nearest,OnArrival,5,13,15044,Node_238,5,0,10,5,10,,,,,,,,,
30,VISIT,3228,Nearest,OnArrival,5,14,15044,Node_290,9,0,10,9,10,,,,,,,,,
30,VISIT,3225,Nearest,OnArrival,5,15,15060,Node_480,8,0,10,8,10,,,,,,,,,
30,VISIT,3226,Nearest,OnArrival,5,15,15060,Node_226,6,0,6,6,6,,,,,,,,,
30,VISIT,3228,Nearest,OnArrival,5,15,15060,Node_480,8,0,10,8,10,,,,,,,,,
30,VISIT,3226,Nearest,OnArrival,5,16,15076,Node_233,5,0,6,5,6,,,,,,,,,
30,VISIT,3227,Nearest,OnArrival,5,14,15076,Node_241,5,0,12,5,12,,,,,,,,,
30,VISIT,3221,Nearest,OnArrival,5,37,15084,Node_474,-10,0,11,-10,11,,,,,,,,,
30,VISIT,3222,Nearest,OnArrival,5,37,15084,Node_474,-10,0,11,-10,11,,,,,,,,,
30,VISIT,3223,Nearest,OnArrival,5,37,15084,Node_474,-10,0,11,-10,11,,,,,,,,,
30,VISIT,3224,Nearest,OnArrival,5,37,15084,Node_474,-10,0,11,-10,11,,,,,,,,,
30,VISIT,3225,Nearest,OnArrival,5,16,15089,Node_473,6,0,10,6,10,,,,,,,,,
30,VISIT,3228,Nearest,OnArrival,5,16,15089,Node_473,6,0,10,6,10,,,,,,,,,
30,VISIT,3225,Nearest,OnArrival,5,17,15105,Node_238,5,0,10,5,10,,,,,,,,,
30,VISIT,3228,Nearest,OnArrival,5,17,15105,Node_238,5,0,10,5,10,,,,,,,,,
30,VISIT,3226,Nearest,OnArrival,5,17,15122,Node_237,5,0,9,5,9,,,,,,,,,
30,VISIT,3225,Nearest,OnArrival,5,18,15138,Node_241,5,0,12,5,12,,,,,,,,,
30,VISIT,3226,Nearest,OnArrival,5,18,15138,Node_238,5,0,10,5,10,,,,,,,,,
30,VISIT,3227,Nearest,OnArrival,5,15,15138,Node_244,5,0,14,5,14,,,,,,,,,
30,VISIT,3228,Nearest,OnArrival,5,18,15138,Node_241,5,0,12,5,12,,,,,,,,,
30,VISIT,3225,Nearest,OnArrival,5,19,15154,Node_243,5,0,13,5,13,,,,,,,,,
30,VISIT,3227,Nearest,OnArrival,5,16,15154,Node_537,4,0,14,4,14,,,,,,,,,
30,VISIT,3228,Nearest,OnArrival,5,19,15154,Node_243,5,0,13,5,13,,,,,,,,,
30,VISIT,3225,Nearest,OnArrival,5,20,15170,Node_575,6,0,13,6,13,,,,,,,,,
30,VISIT,3226,Nearest,OnArrival,5,19,15170,Node_475,3,0,10,3,10,,,,,,,,,
30,VISIT,3227,Nearest,OnArrival,5,17,15170,Node_539,4,0,15,4,15,,,,,,,,,
30,VISIT,3228,Nearest,OnArrival,5,20,15170,Node_575,6,0,13,6,13,,,,,,,,,
30,VISIT,3225,Nearest,OnArrival,5,21,15186,Node_576,6,0,14,6,14,,,,,,,,,
30,VISIT,3226,Nearest,OnArrival,5,20,15186,Node_483,2,0,10,2,10,,,,,,,,,
30,VISIT,3227,Nearest,OnArrival,5,18,15186,Node_245,5,0,15,5,15,,,,,,,,,
30,VISIT,3228,Nearest,OnArrival,5,21,15186,Node_576,6,0,14,6,14,,,,,,,,,
30,VISIT,3225,Nearest,OnArrival,5,22,15202,Node_244,5,0,14,5,14,,,,,,,,,
30,VISIT,3226,Nearest,OnArrival,5,21,15202,Node_529,1,0,10,1,10,,,,,,,,,
30,VISIT,3228,Nearest,OnArrival,5,22,15202,Node_244,5,0,14,5,14,,,,,,,,,
30,VISIT,3225,Nearest,OnArrival,5,23,15218,Node_245,5,0,15,5,15,,,,,,,,,
30,VISIT,3227,Nearest,OnArrival,5,19,15218,Node_554,5,0,17,5,17,,,,,,,,,
30,VISIT,3228,Nearest,OnArrival,5,23,15218,Node_245,5,0,15,5,15,,,,,,,,,
30,VISIT,3225,Nearest,OnArrival,5,24,15234,Node_582,5,0,16,5,16,,,,,,,,,
30,VISIT,3228,Nearest,OnArrival,5,24,15234,Node_582,5,0,16,5,16,,,,,,,,,
30,VISIT,3225,Nearest,OnArrival,5,25,15250,Node_541,4,0,16,4,16,,,,,,,,,
30,VISIT,3226,Nearest,OnArrival,5,22,15250,Node_532,-1,0,9,-1,9,,,,,,,,,
30,VISIT,3228,Nearest,OnArrival,5,25,15250,Node_541,4,0,16,4,16,,,,,,,,,
30,VISIT,3225,Nearest,OnArrival,5,26,15266,Node_582,5,0,16,5,16,,,,,,,,,
30,VISIT,3226,Nearest,OnArrival,5,23,15266,Node_534,-1,0,10,-1,10,,,,,,,,,
30,VISIT,3228,Nearest,OnArrival,5,26,15266,Node_582,5,0,16,5,16,,,,,,,,,
30,VISIT,3226,Nearest,OnArrival,5,24,15283,Node_583,0,0,10,0,10,,,,,,,,,
30,VISIT,3225,Nearest,OnArrival,5,27,15299,Node_586,6,0,17,6,17,,,,,,,,,
30,VISIT,3226,Nearest,OnArrival,5,25,15299,Node_585,0,0,9,0,9,,,,,,,,,
30,VISIT,3227,Nearest,OnArrival,5,20,15299,Node_558,5,0,20,5,20,,,,,,,,,
30,VISIT,3228,Nearest,OnArrival,5,27,15299,Node_586,6,0,17,6,17,,,,,,,,,
30,VISIT,3225,Nearest,OnArrival,5,28,15315,Node_588,6,0,18,6,18,,,,,,,,,
30,VISIT,3226,Nearest,OnArrival,5,26,15315,Node_528,1,0,9,1,9,,,,,,,,,
30,VISIT,3227,Nearest,OnArrival,5,21,15315,Node_557,5,0,19,5,19,,,,,,,,,
30,VISIT,3228,Nearest,OnArrival,5,28,15315,Node_588,6,0,18,6,18,,,,,,,,,
30,VISIT,3225,Nearest,OnArrival,5,29,15331,Node_555,5,0,18,5,18,,,,,,,,,
30,VISIT,3226,Nearest,OnArrival,5,27,15331,Node_360,2,0,9,2,9,,,,,,,,,
30,VISIT,3227,Nearest,OnArrival,5,22,15331,Node_590,6,0,19,6,19,,,,,,,,,
30,VISIT,3228,Nearest,OnArrival,5,29,15331,Node_555,5,0,18,5,18,,,,,,,,,
30,VISIT,3225,Nearest,OnArrival,5,30,15347,Node_557,5,0,19,5,19,,,,,,,,,
30,VISIT,3226,Nearest,OnArrival,5,28,15347,Node_483,2,0,10,2,10,,,,,,,,,
30,VISIT,3228,Nearest,OnArrival,5,30,15347,Node_588,6,0,18,6,18,,,,,,,,,
30,VISIT,3223,Nearest,OnArrival,5,38,15353,Node_593,-10,0,24,-10,24,,,,,,,,,
30,VISIT,3224,Nearest,OnArrival,5,38,15353,Node_593,-10,0,24,-10,24,,,,,,,,,
30,VISIT,3225,Nearest,OnArrival,5,31,15363,Node_590,6,0,19,6,19,,,,,,,,,
30,VISIT,3226,Nearest,OnArrival,5,29,15363,Node_529,1,0,10,1,10,,,,,,,,,
30,VISIT,3228,Nearest,OnArrival,5,31,15363,Node_319,7,0,18,7,18,,,,,,,,,
30,VISIT,3223,Nearest,OnArrival,5,39,15368,Node_594,-10,0,25,-10,25,,,,,,,,,
30,VISIT,3224,Nearest,OnArrival,5,39,15368,Node_594,-10,0,25,-10,25,,,,,,,,,
30,VISIT,3225,Nearest,OnArrival,5,32,15379,Node_588,6,0,18,6,18,,,,,,,,,
30,VISIT,3226,Nearest,OnArrival,5,30,15379,Node_583,0,0,10,0,10,,,,,,,,,
30,VISIT,3228,Nearest,OnArrival,5,32,15379,Node_597,7,0,19,7,19,,,,,,,,,
30,VISIT,3223,Nearest,OnArrival,5,40,15384,Node_595,-9,0,25,-9,25,,,,,,,,,
30,VISIT,3224,Nearest,OnArrival,5,40,15384,Node_595,-9,0,25,-9,25,,,,,,,,,
30,VISIT,3225,Nearest,OnArrival,5,33,15395,Node_319,7,0,18,7,18,,,,,,,,,
30,VISIT,3226,Nearest,OnArrival,5,31,15395,Node_534,-1,0,10,-1,10,,,,,,,,,
30,VISIT,3228,Nearest,OnArrival,5,33,15395,Node_598,7,0,20,7,20,,,,,,,,,
30,VISIT,3225,Nearest,OnArrival,5,34,15412,Node_597,7,0,19,7,19,,,,,,,,,
30,VISIT,3226,Nearest,OnArrival,5,32,15412,Node_536,-2,0,10,-2,10,,,,,,,,,
30,VISIT,3228,Nearest,OnArrival,5,34,15412,Node_592,6,0,20,6,20,,,,,,,,,
30,VISIT,3225,Nearest,OnArrival,5,35,15428,Node_598,7,0,20,7,20,,,,,,,,,
30,VISIT,3228,Nearest,OnArrival,5,35,15428,Node_598,7,0,20,7,20,,,,,,,,,
30,VISIT,3226,Nearest,OnArrival,5,33,15460,Node_542,-3,0,12,-3,12,,,,,,,,,
30,VISIT,3229,Nearest,OnArrival,5,0,15473,Node_6,19,0,12,19,12,,,,,,,,,
30,VISIT,3230,Nearest,OnArrival,5,0,15473,Node_7,19,0,8,19,8,,,,,,,,,
30,VISIT,3231,Nearest,OnArrival,5,0,15473,Node_8,17,0,10,17,10,,,,,,,,,
30,VISIT,3232,Nearest,OnArrival,5,0,15473,Node_9,21,0,10,21,10,,,,,,,,,
30,VISIT,3226,Nearest,OnArrival,5,34,15475,Node_603,-3,0,11,-3,11,,,,,,,,,
30,VISIT,3223,Nearest,OnArrival,5,41,15477,Node_599,-7,0,25,-7,25,,,,,,,,,
30,VISIT,3224,Nearest,OnArrival,5,41,15477,Node_599,-7,0,25,-7,25,,,,,,,,,
30,VISIT,3229,Nearest,OnArrival,5,1,15479,Node_2,19,0,11,19,11,,,,,,,,,
30,VISIT,3230,Nearest,OnArrival,5,1,15479,Node_11,18,0,8,18,8,,,,,,,,,
30,VISIT,3231,Nearest,OnArrival,5,1,15479,Node_24,16,0,10,16,10,,,,,,,,,
30,VISIT,3232,Nearest,OnArrival,5,1,15479,Node_5,20,0,10,20,10,,,,,,,,,
30,VISIT,3226,Nearest,OnArrival,5,35,15483,Node_513,-4,0,11,-4,11,,,,,,,,,
30,VISIT,3223,Nearest,OnArrival,5,42,15485,Node_606,-6,0,25,-6,25,,,,,,,,,
30,VISIT,3224,Nearest,OnArrival,5,42,15485,Node_606,-6,0,25,-6,25,,,,,,,,,
30,VISIT,3229,Nearest,OnArrival,5,2,15487,Node_20,19,0,10,19,10,,,,,,,,,
30,VISIT,3230,Nearest,OnArrival,5,2,15487,Node_51,17,0,8,17,8,,,,,,,,,
30,VISIT,3231,Nearest,OnArrival,5,2,15487,Node_26,15,0,10,15,10,,,,,,,,,
30,VISIT,3232,Nearest,OnArrival,5,2,15487,Node_20,19,0,10,19,10,,,,,,,,,
30,VISIT,3226,Nearest,OnArrival,5,36,15491,Node_511,-4,0,10,-4,10,,,,,,,,,
30,VISIT,3229,Nearest,OnArrival,5,3,15495,Node_4,18,0,10,18,10,,,,,,,,,
30,VISIT,3230,Nearest,OnArrival,5,3,15495,Node_54,17,0,7,17,7,,,,,,,,,
30,VISIT,3231,Nearest,OnArrival,5,3,15495,Node_127,14,0,10,14,10,,,,,,,,,
30,VISIT,3232,Nearest,OnArrival,5,3,15495,Node_4,18,0,10,18,10,,,,,,,,,
30,VISIT,3226,Nearest,OnArrival,5,37,15499,Node_515,-5,0,10,-5,10,,,,,,,,,
30,VISIT,3229,Nearest,OnArrival,5,4,15502,Node_8,17,0,10,17,10,,,,,,,,,
30,VISIT,3230,Nearest,OnArrival,5,4,15502,Node_58,16,0,7,16,7,,,,,,,,,
30,VISIT,3231,Nearest,OnArrival,5,4,15502,Node_166,13,0,10,13,10,,,,,,,,,
30,VISIT,3232,Nearest,OnArrival,5,4,15502,Node_8,17,0,10,17,10,,,,,,,,,
30,VISIT,3229,Nearest,OnArrival,5,5,15510,Node_24,16,0,10,16,10,,,,,,,,,
30,VISIT,3230,Nearest,OnArrival,5,5,15510,Node_79,16,0,6,16,6,,,,,,,,,
30,VISIT,3231,Nearest,OnArrival,5,5,15510,Node_168,13,0,9,13,9,,,,,,,,,
30,VISIT,3232,Nearest,OnArrival,5,5,15510,Node_24,16,0,10,16,10,,,,,,,,,
30,VISIT,3229,Nearest,OnArrival,5,6,15518,Node_26,15,0,10,15,10,,,,,,,,,
30,VISIT,3230,Nearest,OnArrival,5,6,15518,Node_68,15,0,6,15,6,,,,,,,,,
30,VISIT,3231,Nearest,OnArrival,5,6,15518,Node_247,12,0,9,12,9,,,,,,,,,
30,VISIT,3232,Nearest,OnArrival,5,6,15518,Node_26,15,0,10,15,10,,,,,,,,,
30,VISIT,3229,Nearest,OnArrival,5,7,15525,Node_127,14,0,10,14,10,,,,,,,,,
30,VISIT,3230,Nearest,OnArrival,5,7,15525,Node_188,14,0,6,14,6,,,,,,,,,
30,VISIT,3231,Nearest,OnArrival,5,7,15525,Node_252,11,0,9,11,9,,,,,,,,,
30,VISIT,3232,Nearest,OnArrival,5,7,15525,Node_127,14,0,10,14,10,,,,,,,,,
30,VISIT,3229,Nearest,OnArrival,5,8,15532,Node_166,13,0,10,13,10,,,,,,,,,
30,VISIT,3230,Nearest,OnArrival,5,8,15532,Node_172,13,0,6,13,6,,,,,,,,,
30,VISIT,3231,Nearest,OnArrival,5,8,15532,Node_254,10,0,9,10,9,,,,,,,,,
30,VISIT,3232,Nearest,OnArrival,5,8,15532,Node_166,13,0,10,13,10,,,,,,,,,
30,VISIT,3224,Nearest,OnArrival,5,43,15536,Node_613,-5,0,23,-5,23,,,,,,,,,
30,VISIT,3229,Nearest,OnArrival,5,9,15539,Node_168,13,0,9,13,9,,,,,,,,,
30,VISIT,3230,Nearest,OnArrival,5,9,15539,Node_181,12,0,6,12,6,,,,,,,,,
30,VISIT,3231,Nearest,OnArrival,5,9,15539,Node_256,10,0,10,10,10,,,,,,,,,
30,VISIT,3232,Nearest,OnArrival,5,9,15539,Node_168,13,0,9,13,9,,,,,,,,,
30,VISIT,3224,Nearest,OnArrival,5,44,15543,Node_611,-5,0,24,-5,24,,,,,,,,,
30,VISIT,3229,Nearest,OnArrival,5,10,15546,Node_247,12,0,9,12,9,,,,,,,,,
30,VISIT,3230,Nearest,OnArrival,5,10,15546,Node_192,11,0,6,11,6,,,,,,,,,
30,VISIT,3231,Nearest,OnArrival,5,10,15546,Node_290,9,0,10,9,10,,,,,,,,,
30,VISIT,3232,Nearest,OnArrival,5,10,15546,Node_247,12,0,9,12,9,,,,,,,,,
30,VISIT,3224,Nearest,OnArrival,5,45,15550,Node_604,-6,0,24,-6,24,,,,,,,,,
30,VISIT,3228,Nearest,OnArrival,5,36,15550,Node_620,5,0,25,5,25,,,,,,,,,
30,VISIT,3229,Nearest,OnArrival,5,11,15553,Node_252,11,0,9,11,9,,,,,,,,,
30,VISIT,3230,Nearest,OnArrival,5,11,15553,Node_210,10,0,6,10,6,,,,,,,,,
30,VISIT,3231,Nearest,OnArrival,5,11,15553,Node_480,8,0,10,8,10,,,,,,,,,
30,VISIT,3232,Nearest,OnArrival,5,11,15553,Node_252,11,0,9,11,9,,,,,,,,,
30,VISIT,3224,Nearest,OnArrival,5,46,15557,Node_606,-6,0,25,-6,25,,,,,,,,,
30,VISIT,3228,Nearest,OnArrival,5,37,15557,Node_617,6,0,25,6,25,,,,,,,,,
30,VISIT,3229,Nearest,OnArrival,5,12,15560,Node_254,10,0,9,10,9,,,,,,,,,
30,VISIT,3230,Nearest,OnArrival,5,12,15560,Node_211,9,0,6,9,6,,,,,,,,,
30,VISIT,3232,Nearest,OnArrival,5,12,15560,Node_254,10,0,9,10,9,,,,,,,,,
30,VISIT,3224,Nearest,OnArrival,5,47,15566,Node_610,-5,0,25,-5,25,,,,,,,,,
30,VISIT,3229,Nearest,OnArrival,5,13,15569,Node_256,10,0,10,10,10,,,,,,,,,
30,VISIT,3230,Nearest,OnArrival,5,13,15569,Node_215,8,0,6,8,6,,,,,,,,,
30,VISIT,3231,Nearest,OnArrival,5,12,15569,Node_473,6,0,10,6,10,,,,,,,,,
30,VISIT,3232,Nearest,OnArrival,5,13,15569,Node_256,10,0,10,10,10,,,,,,,,,
30,VISIT,3229,Nearest,OnArrival,5,14,15576,Node_290,9,0,10,9,10,,,,,,,,,
30,VISIT,3230,Nearest,OnArrival,5,14,15576,Node_224,7,0,6,7,6,,,,,,,,,
30,VISIT,3231,Nearest,OnArrival,5,13,15576,Node_471,6,0,9,6,9,,,,,,,,,
30,VISIT,3232,Nearest,OnArrival,5,14,15576,Node_290,9,0,10,9,10,,,,,,,,,
30,VISIT,3229,Nearest,OnArrival,5,15,15584,Node_480,8,0,10,8,10,,,,,,,,,
30,VISIT,3230,Nearest,OnArrival,5,15,15584,Node_226,6,0,6,6,6,,,,,,,,,
30,VISIT,3231,Nearest,OnArrival,5,14,15584,Node_237,5,0,9,5,9,,,,,,,,,
30,VISIT,3232,Nearest,OnArrival,5,15,15584,Node_480,8,0,10,8,10,,,,,,,,,
30,VISIT,3230,Nearest,OnArrival,5,16,15592,Node_233,5,0,6,5,6,,,,,,,,,
30,VISIT,3229,Nearest,OnArrival,5,16,15608,Node_473,6,0,10,6,10,,,,,,,,,
30,VISIT,3232,Nearest,OnArrival,5,16,15608,Node_473,6,0,10,6,10,,,,,,,,,
30,VISIT,3229,Nearest,OnArrival,5,17,15619,Node_471,6,0,9,6,9,,,,,,,,,
30,VISIT,3230,Nearest,OnArrival,5,17,15619,Node_356,3,0,6,3,6,,,,,,,,,
30,VISIT,3231,Nearest,OnArrival,5,15,15619,Node_233,5,0,6,5,6,,,,,,,,,
30,VISIT,3232,Nearest,OnArrival,5,17,15619,Node_471,6,0,9,6,9,,,,,,,,,
30,VISIT,3228,Nearest,OnArrival,5,38,15626,Node_629,9,0,25,9,25,,,,,,,,,
30,VISIT,3229,Nearest,OnArrival,5,18,15630,Node_237,5,0,9,5,9,,,,,,,,,
30,VISIT,3230,Nearest,OnArrival,5,18,15630,Node_526,2,0,6,2,6,,,,,,,,,
30,VISIT,3232,Nearest,OnArrival,5,18,15630,Node_237,5,0,9,5,9,,,,,,,,,
30,VISIT,3228,Nearest,OnArrival,5,39,15638,Node_633,10,0,25,10,25,,,,,,,,,
30,VISIT,3231,Nearest,OnArrival,5,16,15642,Node_356,3,0,6,3,6,,,,,,,,,
30,VISIT,3231,Nearest,OnArrival,5,17,15658,Node_526,2,0,6,2,6,,,,,,,,,
30,VISIT,3224,Nearest,OnArrival,5,48,15668,Node_632,0,0,25,0,25,,,,,,,,,
30,VISIT,3229,Nearest,OnArrival,5,19,15674,Node_233,5,0,6,5,6,,,,,,,,,
30,VISIT,3230,Nearest,OnArrival,5,19,15674,Node_530,-1,0,6,-1,6,,,,,,,,,
30,VISIT,3232,Nearest,OnArrival,5,19,15674,Node_233,5,0,6,5,6,,,,,,,,,
30,VISIT,3224,Nearest,OnArrival,5,49,15683,Node_636,1,0,25,1,25,,,,,,,,,
30,VISIT,3228,Nearest,OnArrival,5,40,15683,Node_525,11,0,23,11,23,,,,,,,,,
30,VISIT,3230,Nearest,OnArrival,5,20,15689,Node_396,-2,0,6,-2,6,,,,,,,,,
30,VISIT,3229,Nearest,OnArrival,5,20,15705,Node_356,3,0,6,3,6,,,,,,,,,
30,VISIT,3231,Nearest,OnArrival,5,18,15705,Node_530,-1,0,6,-1,6,,,,,,,,,
30,VISIT,3232,Nearest,OnArrival,5,20,15705,Node_356,3,0,6,3,6,,,,,,,,,
30,VISIT,3229,Nearest,OnArrival,5,21,15720,Node_526,2,0,6,2,6,,,,,,,,,
30,VISIT,3230,Nearest,OnArrival,5,21,15720,Node_501,-4,0,6,-4,6,,,,,,,,,
30,VISIT,3231,Nearest,OnArrival,5,19,15720,Node_396,-2,0,6,-2,6,,,,,,,,,
30,VISIT,3232,Nearest,OnArrival,5,21,15720,Node_526,2,0,6,2,6,,,,,,,,,
30,VISIT,3230,Nearest,OnArrival,5,22,15736,Node_504,-4,0,7,-4,7,,,,,,,,,
30,VISIT,3230,Nearest,OnArrival,5,23,15752,Node_518,-5,0,7,-5,7,,,,,,,,,
30,VISIT,3231,Nearest,OnArrival,5,20,15752,Node_501,-4,0,6,-4,6,,,,,,,,,
30,VISIT,3229,Nearest,OnArrival,5,22,15768,Node_530,-1,0,6,-1,6,,,,,,,,,
30,VISIT,3230,Nearest,OnArrival,5,24,15768,Node_517,-5,0,8,-5,8,,,,,,,,,
30,VISIT,3231,Nearest,OnArrival,5,21,15768,Node_504,-4,0,7,-4,7,,,,,,,,,
30,VISIT,3232,Nearest,OnArrival,5,22,15768,Node_530,-1,0,6,-1,6,,,,,,,,,
30,VISIT,3229,Nearest,OnArrival,5,23,15783,Node_396,-2,0,6,-2,6,,,,,,,,,
30,VISIT,3230,Nearest,OnArrival,5,25,15783,Node_507,-4,0,8,-4,8,,,,,,,,,
30,VISIT,3231,Nearest,OnArrival,5,22,15783,Node_507,-4,0,8,-4,8,,,,,,,,,
30,VISIT,3232,Nearest,OnArrival,5,23,15783,Node_396,-2,0,6,-2,6,,,,,,,,,
30,VISIT,3230,Nearest,OnArrival,5,26,15798,Node_510,-4,0,9,-4,9,,,,,,,,,
30,VISIT,3231,Nearest,OnArrival,5,23,15798,Node_510,-4,0,9,-4,9,,,,,,,,,
30,VISIT,3229,Nearest,OnArrival,5,24,15814,Node_501,-4,0,6,-4,6,,,,,,,,,
30,VISIT,3230,Nearest,OnArrival,5,27,15814,Node_516,-5,0,9,-5,9,,,,,,,,,
30,VISIT,3231,Nearest,OnArrival,5,24,15814,Node_516,-5,0,9,-5,9,,,,,,,,,
30,VISIT,3232,Nearest,OnArrival,5,24,15814,Node_501,-4,0,6,-4,6,,,,,,,,,
30,VISIT,3229,Nearest,OnArrival,5,25,15830,Node_504,-4,0,7,-4,7,,,,,,,,,
30,VISIT,3230,Nearest,OnArrival,5,28,15830,Node_515,-5,0,10,-5,10,,,,,,,,,
30,VISIT,3231,Nearest,OnArrival,5,25,15830,Node_515,-5,0,10,-5,10,,,,,,,,,
30,VISIT,3232,Nearest,OnArrival,5,25,15830,Node_504,-4,0,7,-4,7,,,,,,,,,
30,VISIT,3229,Nearest,OnArrival,5,26,15846,Node_518,-5,0,7,-5,7,,,,,,,,,
30,VISIT,3230,Nearest,OnArrival,5,29,15846,Node_511,-4,0,10,-4,10,,,,,,,,,
30,VISIT,3231,Nearest,OnArrival,5,26,15846,Node_511,-4,0,10,-4,10,,,,,,,,,
30,VISIT,3232,Nearest,OnArrival,5,26,15846,Node_518,-5,0,7,-5,7,,,,,,,,,
30,VISIT,3229,Nearest,OnArrival,5,27,15862,Node_566,-6,0,7,-6,7,,,,,,,,,
30,VISIT,3230,Nearest,OnArrival,5,30,15862,Node_600,-3,0,10,-3,10,,,,,,,,,
30,VISIT,3231,Nearest,OnArrival,5,27,15862,Node_600,-3,0,10,-3,10,,,,,,,,,
30,VISIT,3232,Nearest,OnArrival,5,27,15862,Node_566,-6,0,7,-6,7,,,,,,,,,
30,VISIT,3229,Nearest,OnArrival,5,28,15878,Node_468,-7,0,7,-7,7,,,,,,,,,
30,VISIT,3230,Nearest,OnArrival,5,31,15878,Node_603,-3,0,11,-3,11,,,,,,,,,
30,VISIT,3231,Nearest,OnArrival,5,28,15878,Node_603,-3,0,11,-3,11,,,,,,,,,
30,VISIT,3232,Nearest,OnArrival,5,28,15878,Node_468,-7,0,7,-7,7,,,,,,,,,
30,VISIT,3229,Nearest,OnArrival,5,29,15894,Node_467,-7,0,6,-7,6,,,,,,,,,
30,VISIT,3230,Nearest,OnArrival,5,32,15894,Node_538,-2,0,11,-2,11,,,,,,,,,
30,VISIT,3231,Nearest,OnArrival,5,29,15894,Node_538,-2,0,11,-2,11,,,,,,,,,
30,VISIT,3232,Nearest,OnArrival,5,29,15894,Node_467,-7,0,6,-7,6,,,,,,,,,
30,VISIT,3229,Nearest,OnArrival,5,30,15910,Node_567,-8,0,6,-8,6,,,,,,,,,
30,VISIT,3230,Nearest,OnArrival,5,33,15910,Node_603,-3,0,11,-3,11,,,,,,,,,
30,VISIT,3231,Nearest,OnArrival,5,30,15910,Node_603,-3,0,11,-3,11,,,,,,,,,
30,VISIT,3232,Nearest,OnArrival,5,30,15910,Node_567,-8,0,6,-8,6,,,,,,,,,
30,VISIT,3229,Nearest,OnArrival,5,31,15926,Node_570,-9,0,6,-9,6,,,,,,,,,
30,VISIT,3230,Nearest,OnArrival,5,34,15926,Node_513,-4,0,11,-4,11,,,,,,,,,
30,VISIT,3231,Nearest,OnArrival,5,31,15926,Node_513,-4,0,11,-4,11,,,,,,,,,
30,VISIT,3232,Nearest,OnArrival,5,31,15926,Node_570,-9,0,6,-9,6,,,,,,,,,
30,VISIT,3229,Nearest,OnArrival,5,32,15942,Node_569,-9,0,5,-9,5,,,,,,,,,
30,VISIT,3230,Nearest,OnArrival,5,35,15942,Node_514,-5,0,11,-5,11,,,,,,,,,
30,VISIT,3231,Nearest,OnArrival,5,32,15942,Node_514,-5,0,11,-5,11,,,,,,,,,
30,VISIT,3232,Nearest,OnArrival,5,32,15942,Node_569,-9,0,5,-9,5,,,,,,,,,
30,VISIT,3229,Nearest,OnArrival,5,33,15958,Node_568,-8,0,5,-8,5,,,,,,,,,
30,VISIT,3230,Nearest,OnArrival,5,36,15958,Node_618,-6,0,11,-6,11,,,,,,,,,
30,VISIT,3231,Nearest,OnArrival,5,33,15958,Node_618,-6,0,11,-6,11,,,,,,,,,
30,VISIT,3232,Nearest,OnArrival,5,33,15958,Node_568,-8,0,5,-8,5,,,,,,,,,
30,VISIT,3233,Nearest,OnArrival,5,0,15963,Node_6,19,0,12,19,12,,,,,,,,,
30,VISIT,3234,Nearest,OnArrival,5,0,15963,Node_7,19,0,8,19,8,,,,,,,,,
30,VISIT,3235,Nearest,OnArrival,5,0,15963,Node_8,17,0,10,17,10,,,,,,,,,
30,VISIT,3236,Nearest,OnArrival,5,0,15963,Node_9,21,0,10,21,10,,,,,,,,,
30,VISIT,3229,Nearest,OnArrival,5,34,15967,Node_466,-7,0,5,-7,5,,,,,,,,,
30,VISIT,3232,Nearest,OnArrival,5,34,15967,Node_466,-7,0,5,-7,5,,,,,,,,,
30,VISIT,3233,Nearest,OnArrival,5,1,15968,Node_2,19,0,11,19,11,,,,,,,,,
30,VISIT,3234,Nearest,OnArrival,5,1,15968,Node_11,18,0,8,18,8,,,,,,,,,
30,VISIT,3235,Nearest,OnArrival,5,1,15968,Node_24,16,0,10,16,10,,,,,,,,,
30,VISIT,3236,Nearest,OnArrival,5,1,15968,Node_5,20,0,10,20,10,,,,,,,,,
30,VISIT,3229,Nearest,OnArrival,5,35,15973,Node_467,-7,0,6,-7,6,,,,,,,,,
30,VISIT,3232,Nearest,OnArrival,5,35,15973,Node_467,-7,0,6,-7,6,,,,,,,,,
30,VISIT,3233,Nearest,OnArrival,5,2,15974,Node_20,19,0,10,19,10,,,,,,,,,
30,VISIT,3234,Nearest,OnArrival,5,2,15974,Node_51,17,0,8,17,8,,,,,,,,,
30,VISIT,3235,Nearest,OnArrival,5,2,15974,Node_26,15,0,10,15,10,,,,,,,,,
30,VISIT,3236,Nearest,OnArrival,5,2,15974,Node_20,19,0,10,19,10,,,,,,,,,
30,VISIT,3229,Nearest,OnArrival,5,36,15979,Node_468,-7,0,7,-7,7,,,,,,,,,
30,VISIT,3232,Nearest,OnArrival,5,36,15979,Node_468,-7,0,7,-7,7,,,,,,,,,
30,VISIT,3233,Nearest,OnArrival,5,3,15980,Node_4,18,0,10,18,10,,,,,,,,,
30,VISIT,3234,Nearest,OnArrival,5,3,15980,Node_54,17,0,7,17,7,,,,,,,,,
30,VISIT,3235,Nearest,OnArrival,5,3,15980,Node_127,14,0,10,14,10,,,,,,,,,
30,VISIT,3236,Nearest,OnArrival,5,3,15980,Node_4,18,0,10,18,10,,,,,,,,,
30,VISIT,3229,Nearest,OnArrival,5,37,15985,Node_469,-7,0,8,-7,8,,,,,,,,,
30,VISIT,3232,Nearest,OnArrival,5,37,15985,Node_469,-7,0,8,-7,8,,,,,,,,,
30,VISIT,3233,Nearest,OnArrival,5,4,15986,Node_8,17,0,10,17,10,,,,,,,,,
30,VISIT,3234,Nearest,OnArrival,5,4,15986,Node_58,16,0,7,16,7,,,,,,,,,
30,VISIT,3235,Nearest,OnArrival,5,4,15986,Node_166,13,0,10,13,10,,,,,,,,,
30,VISIT,3236,Nearest,OnArrival,5,4,15986,Node_8,17,0,10,17,10,,,,,,,,,
30,VISIT,3233,Nearest,OnArrival,5,5,15992,Node_24,16,0,10,16,10,,,,,,,,,
30,VISIT,3234,Nearest,OnArrival,5,5,15992,Node_79,16,0,6,16,6,,,,,,,,,
30,VISIT,3235,Nearest,OnArrival,5,5,15992,Node_168,13,0,9,13,9,,,,,,,,,
30,VISIT,3236,Nearest,OnArrival,5,5,15992,Node_24,16,0,10,16,10,,,,,,,,,
30,VISIT,3233,Nearest,OnArrival,5,6,15998,Node_26,15,0,10,15,10,,,,,,,,,
30,VISIT,3234,Nearest,OnArrival,5,6,15998,Node_68,15,0,6,15,6,,,,,,,,,
30,VISIT,3235,Nearest,OnArrival,5,6,15998,Node_247,12,0,9,12,9,,,,,,,,,
30,VISIT,3236,Nearest,OnArrival,5,6,15998,Node_26,15,0,10,15,10,,,,,,,,,
30,VISIT,3229,Nearest,OnArrival,5,38,16003,Node_470,-10,0,8,-10,8,,,,,,,,,
30,VISIT,3232,Nearest,OnArrival,5,38,16003,Node_470,-10,0,8,-10,8,,,,,,,,,
30,VISIT,3233,Nearest,OnArrival,5,7,16004,Node_127,14,0,10,14,10,,,,,,,,,
30,VISIT,3234,Nearest,OnArrival,5,7,16004,Node_188,14,0,6,14,6,,,,,,,,,
30,VISIT,3235,Nearest,OnArrival,5,7,16004,Node_252,11,0,9,11,9,,,,,,,,,
30,VISIT,3236,Nearest,OnArrival,5,7,16004,Node_127,14,0,10,14,10,,,,,,,,,
30,VISIT,3233,Nearest,OnArrival,5,8,16010,Node_166,13,0,10,13,10,,,,,,,,,
30,VISIT,3234,Nearest,OnArrival,5,8,16010,Node_172,13,0,6,13,6,,,,,,,,,
30,VISIT,3235,Nearest,OnArrival,5,8,16010,Node_254,10,0,9,10,9,,,,,,,,,
30,VISIT,3236,Nearest,OnArrival,5,8,16010,Node_166,13,0,10,13,10,,,,,,,,,
30,VISIT,3229,Nearest,OnArrival,5,39,16015,Node_472,-10,0,10,-10,10,,,,,,,,,
30,VISIT,3232,Nearest,OnArrival,5,39,16015,Node_472,-10,0,10,-10,10,,,,,,,,,
30,VISIT,3233,Nearest,OnArrival,5,9,16016,Node_168,13,0,9,13,9,,,,,,,,,
30,VISIT,3234,Nearest,OnArrival,5,9,16016,Node_181,12,0,6,12,6,,,,,,,,,
30,VISIT,3235,Nearest,OnArrival,5,9,16016,Node_256,10,0,10,10,10,,,,,,,,,
30,VISIT,3236,Nearest,OnArrival,5,9,16016,Node_168,13,0,9,13,9,,,,,,,,,
30,VISIT,3229,Nearest,OnArrival,5,40,16021,Node_572,-9,0,10,-9,10,,,,,,,,,
30,VISIT,3232,Nearest,OnArrival,5,40,16021,Node_572,-9,0,10,-9,10,,,,,,,,,
30,VISIT,3233,Nearest,OnArrival,5,10,16022,Node_247,12,0,9,12,9,,,,,,,,,
30,VISIT,3234,Nearest,OnArrival,5,10,16022,Node_192,11,0,6,11,6,,,,,,,,,
30,VISIT,3235,Nearest,OnArrival,5,10,16022,Node_290,9,0,10,9,10,,,,,,,,,
30,VISIT,3236,Nearest,OnArrival,5,10,16022,Node_247,12,0,9,12,9,,,,,,,,,
30,VISIT,3233,Nearest,OnArrival,5,11,16028,Node_252,11,0,9,11,9,,,,,,,,,
30,VISIT,3234,Nearest,OnArrival,5,11,16028,Node_210,10,0,6,10,6,,,,,,,,,
30,VISIT,3235,Nearest,OnArrival,5,11,16028,Node_480,8,0,10,8,10,,,,,,,,,
30,VISIT,3236,Nearest,OnArrival,5,11,16028,Node_252,11,0,9,11,9,,,,,,,,,
30,VISIT,3233,Nearest,OnArrival,5,12,16034,Node_254,10,0,9,10,9,,,,,,,,,
30,VISIT,3234,Nearest,OnArrival,5,12,16034,Node_211,9,0,6,9,6,,,,,,,,,
30,VISIT,3236,Nearest,OnArrival,5,12,16034,Node_254,10,0,9,10,9,,,,,,,,,
30,VISIT,3229,Nearest,OnArrival,5,41,16041,Node_573,-9,0,11,-9,11,,,,,,,,,
30,VISIT,3231,Nearest,OnArrival,5,34,16041,Node_581,-10,0,18,-10,18,,,,,,,,,
30,VISIT,3232,Nearest,OnArrival,5,41,16041,Node_573,-9,0,11,-9,11,,,,,,,,,
30,VISIT,3233,Nearest,OnArrival,5,13,16042,Node_256,10,0,10,10,10,,,,,,,,,
30,VISIT,3234,Nearest,OnArrival,5,13,16042,Node_215,8,0,6,8,6,,,,,,,,,
30,VISIT,3235,Nearest,OnArrival,5,12,16042,Node_473,6,0,10,6,10,,,,,,,,,
30,VISIT,3236,Nearest,OnArrival,5,13,16042,Node_256,10,0,10,10,10,,,,,,,,,
30,VISIT,3229,Nearest,OnArrival,5,42,16047,Node_658,-8,0,11,-8,11,,,,,,,,,
30,VISIT,3231,Nearest,OnArrival,5,35,16047,Node_580,-10,0,17,-10,17,,,,,,,,,
30,VISIT,3232,Nearest,OnArrival,5,42,16047,Node_658,-8,0,11,-8,11,,,,,,,,,
30,VISIT,3233,Nearest,OnArrival,5,14,16048,Node_290,9,0,10,9,10,,,,,,,,,
30,VISIT,3234,Nearest,OnArrival,5,14,16048,Node_224,7,0,6,7,6,,,,,,,,,
30,VISIT,3235,Nearest,OnArrival,5,13,16048,Node_471,6,0,9,6,9,,,,,,,,,
30,VISIT,3236,Nearest,OnArrival,5,14,16048,Node_290,9,0,10,9,10,,,,,,,,,
30,VISIT,3229,Nearest,OnArrival,5,43,16053,Node_646,-7,0,11,-7,11,,,,,,,,,
30,VISIT,3231,Nearest,OnArrival,5,36,16053,Node_657,-9,0,17,-9,17,,,,,,,,,
30,VISIT,3232,Nearest,OnArrival,5,43,16053,Node_646,-7,0,11,-7,11,,,,,,,,,
30,VISIT,3233,Nearest,OnArrival,5,15,16054,Node_480,8,0,10,8,10,,,,,,,,,
30,VISIT,3234,Nearest,OnArrival,5,15,16054,Node_226,6,0,6,6,6,,,,,,,,,
30,VISIT,3235,Nearest,OnArrival,5,14,16054,Node_237,5,0,9,5,9,,,,,,,,,
30,VISIT,3236,Nearest,OnArrival,5,15,16054,Node_480,8,0,10,8,10,,,,,,,,,
30,VISIT,3234,Nearest,OnArrival,5,16,16060,Node_233,5,0,6,5,6,,,,,,,,,
30,VISIT,3229,Nearest,OnArrival,5,44,16072,Node_656,-8,0,10,-8,10,,,,,,,,,
30,VISIT,3232,Nearest,OnArrival,5,44,16072,Node_656,-8,0,10,-8,10,,,,,,,,,
30,VISIT,3233,Nearest,OnArrival,5,16,16073,Node_473,6,0,10,6,10,,,,,,,,,
30,VISIT,3236,Nearest,OnArrival,5,16,16073,Node_473,6,0,10,6,10,,,,,,,,,
30,VISIT,3229,Nearest,OnArrival,5,45,16083,Node_660,-7,0,10,-7,10,,,,,,,,,
30,VISIT,3232,Nearest,OnArrival,5,45,16083,Node_660,-7,0,10,-7,10,,,,,,,,,
30,VISIT,3233,Nearest,OnArrival,5,17,16084,Node_471,6,0,9,6,9,,,,,,,,,
30,VISIT,3234,Nearest,OnArrival,5,17,16084,Node_356,3,0,6,3,6,,,,,,,,,
30,VISIT,3235,Nearest,OnArrival,5,15,16084,Node_233,5,0,6,5,6,,,,,,,,,
30,VISIT,3236,Nearest,OnArrival,5,17,16084,Node_471,6,0,9,6,9,,,,,,,,,
30,VISIT,3229,Nearest,OnArrival,5,46,16089,Node_615,-6,0,10,-6,10,,,,,,,,,
30,VISIT,3232,Nearest,OnArrival,5,46,16089,Node_615,-6,0,10,-6,10,,,,,,,,,
30,VISIT,3233,Nearest,OnArrival,5,18,16090,Node_237,5,0,9,5,9,,,,,,,,,
30,VISIT,3234,Nearest,OnArrival,5,18,16090,Node_526,2,0,6,2,6,,,,,,,,,
30,VISIT,3236,Nearest,OnArrival,5,18,16090,Node_237,5,0,9,5,9,,,,,,,,,
30,VISIT,3229,Nearest,OnArrival,5,47,16097,Node_618,-6,0,11,-6,11,,,,,,,,,
30,VISIT,3231,Nearest,OnArrival,5,37,16097,Node_553,-5,0,18,-5,18,,,,,,,,,
30,VISIT,3232,Nearest,OnArrival,5,47,16097,Node_618,-6,0,11,-6,11,,,,,,,,,
30,VISIT,3235,Nearest,OnArrival,5,16,16098,Node_356,3,0,6,3,6,,,,,,,,,
30,VISIT,3229,Nearest,OnArrival,5,48,16110,Node_621,-6,0,12,-6,12,,,,,,,,,
30,VISIT,3232,Nearest,OnArrival,5,48,16110,Node_621,-6,0,12,-6,12,,,,,,,,,
30,VISIT,3235,Nearest,OnArrival,5,17,16111,Node_526,2,0,6,2,6,,,,,,,,,
30,VISIT,3229,Nearest,OnArrival,5,49,16123,Node_647,-7,0,12,-7,12,,,,,,,,,
30,VISIT,3231,Nearest,OnArrival,5,38,16123,Node_661,-6,0,17,-6,17,,,,,,,,,
30,VISIT,3232,Nearest,OnArrival,5,49,16123,Node_647,-7,0,12,-7,12,,,,,,,,,
30,VISIT,3233,Nearest,OnArrival,5,19,16124,Node_233,5,0,6,5,6,,,,,,,,,
30,VISIT,3234,Nearest,OnArrival,5,19,16124,Node_530,-1,0,6,-1,6,,,,,,,,,
30,VISIT,3236,Nearest,OnArrival,5,19,16124,Node_233,5,0,6,5,6,,,,,,,,,
30,VISIT,3229,Nearest,OnArrival,5,50,16131,Node_648,-7,0,13,-7,13,,,,,,,,,
30,VISIT,3231,Nearest,OnArrival,5,39,16131,Node_663,-5,0,17,-5,17,,,,,,,,,
30,VISIT,3232,Nearest,OnArrival,5,50,16131,Node_648,-7,0,13,-7,13,,,,,,,,,
30,VISIT,3234,Nearest,OnArrival,5,20,16132,Node_396,-2,0,6,-2,6,,,,,,,,,
30,VISIT,3229,Nearest,OnArrival,5,51,16145,Node_623,-6,0,13,-6,13,,,,,,,,,
30,VISIT,3231,Nearest,OnArrival,5,40,16145,Node_551,-4,0,17,-4,17,,,,,,,,,
30,VISIT,3232,Nearest,OnArrival,5,51,16145,Node_623,-6,0,13,-6,13,,,,,,,,,
30,VISIT,3233,Nearest,OnArrival,5,20,16145,Node_356,3,0,6,3,6,,,,,,,,,
30,VISIT,3235,Nearest,OnArrival,5,18,16145,Node_530,-1,0,6,-1,6,,,,,,,,,
30,VISIT,3236,Nearest,OnArrival,5,20,16145,Node_356,3,0,6,3,6,,,,,,,,,
30,VISIT,3229,Nearest,OnArrival,5,52,16153,Node_625,-6,0,14,-6,14,,,,,,,,,
30,VISIT,3232,Nearest,OnArrival,5,52,16153,Node_625,-6,0,14,-6,14,,,,,,,,,
30,VISIT,3233,Nearest,OnArrival,5,21,16153,Node_526,2,0,6,2,6,,,,,,,,,
30,VISIT,3234,Nearest,OnArrival,5,21,16153,Node_501,-4,0,6,-4,6,,,,,,,,,
30,VISIT,3235,Nearest,OnArrival,5,19,16153,Node_396,-2,0,6,-2,6,,,,,,,,,
30,VISIT,3236,Nearest,OnArrival,5,21,16153,Node_526,2,0,6,2,6,,,,,,,,,
30,VISIT,3229,Nearest,OnArrival,5,53,16159,Node_649,-7,0,14,-7,14,,,,,,,,,
30,VISIT,3232,Nearest,OnArrival,5,53,16159,Node_649,-7,0,14,-7,14,,,,,,,,,
30,VISIT,3234,Nearest,OnArrival,5,22,16159,Node_504,-4,0,7,-4,7,,,,,,,,,
30,VISIT,3229,Nearest,OnArrival,5,54,16172,Node_652,-8,0,14,-8,14,,,,,,,,,
30,VISIT,3231,Nearest,OnArrival,5,41,16172,Node_508,-3,0,15,-3,15,,,,,,,,,
30,VISIT,3232,Nearest,OnArrival,5,54,16172,Node_652,-8,0,14,-8,14,,,,,,,,,
30,VISIT,3234,Nearest,OnArrival,5,23,16172,Node_518,-5,0,7,-5,7,,,,,,,,,
30,VISIT,3235,Nearest,OnArrival,5,20,16172,Node_501,-4,0,6,-4,6,,,,,,,,,
30,VISIT,3229,Nearest,OnArrival,5,55,16183,Node_651,-8,0,15,-8,15,,,,,,,,,
30,VISIT,3231,Nearest,OnArrival,5,42,16183,Node_545,-3,0,14,-3,14,,,,,,,,,
30,VISIT,3232,Nearest,OnArrival,5,55,16183,Node_651,-8,0,15,-8,15,,,,,,,,,
30,VISIT,3233,Nearest,OnArrival,5,22,16183,Node_530,-1,0,6,-1,6,,,,,,,,,
30,VISIT,3234,Nearest,OnArrival,5,24,16183,Node_566,-6,0,7,-6,7,,,,,,,,,
30,VISIT,3235,Nearest,OnArrival,5,21,16183,Node_504,-4,0,7,-4,7,,,,,,,,,
30,VISIT,3236,Nearest,OnArrival,5,22,16183,Node_530,-1,0,6,-1,6,,,,,,,,,
30,VISIT,3229,Nearest,OnArrival,5,56,16192,Node_654,-9,0,15,-9,15,,,,,,,,,
30,VISIT,3231,Nearest,OnArrival,5,43,16192,Node_502,-2,0,14,-2,14,,,,,,,,,
30,VISIT,3232,Nearest,OnArrival,5,56,16192,Node_654,-9,0,15,-9,15,,,,,,,,,
30,VISIT,3233,Nearest,OnArrival,5,23,16192,Node_396,-2,0,6,-2,6,,,,,,,,,
30,VISIT,3234,Nearest,OnArrival,5,25,16192,Node_468,-7,0,7,-7,7,,,,,,,,,
30,VISIT,3235,Nearest,OnArrival,5,22,16192,Node_518,-5,0,7,-5,7,,,,,,,,,
30,VISIT,3236,Nearest,OnArrival,5,23,16192,Node_396,-2,0,6,-2,6,,,,,,,,,
30,VISIT,3229,Nearest,OnArrival,5,57,16201,Node_578,-10,0,15,-10,15,,,,,,,,,
30,VISIT,3231,Nearest,OnArrival,5,44,16201,Node_505,-2,0,15,-2,15,,,,,,,,,
30,VISIT,3232,Nearest,OnArrival,5,57,16201,Node_578,-10,0,15,-10,15,,,,,,,,,
30,VISIT,3234,Nearest,OnArrival,5,26,16201,Node_469,-7,0,8,-7,8,,,,,,,,,
30,VISIT,3235,Nearest,OnArrival,5,23,16201,Node_566,-6,0,7,-6,7,,,,,,,,,
30,VISIT,3229,Nearest,OnArrival,5,58,16216,Node_577,-10,0,14,-10,14,,,,,,,,,
30,VISIT,3231,Nearest,OnArrival,5,45,16216,Node_508,-3,0,15,-3,15,,,,,,,,,
30,VISIT,3232,Nearest,OnArrival,5,58,16216,Node_577,-10,0,14,-10,14,,,,,,,,,
30,VISIT,3233,Nearest,OnArrival,5,24,16216,Node_501,-4,0,6,-4,6,,,,,,,,,
30,VISIT,3235,Nearest,OnArrival,5,24,16216,Node_468,-7,0,7,-7,7,,,,,,,,,
30,VISIT,3236,Nearest,OnArrival,5,24,16216,Node_501,-4,0,6,-4,6,,,,,,,,,
30,VISIT,3229,Nearest,OnArrival,5,59,16227,Node_653,-9,0,14,-9,14,,,,,,,,,
30,VISIT,3231,Nearest,OnArrival,5,46,16227,Node_548,-3,0,16,-3,16,,,,,,,,,
30,VISIT,3232,Nearest,OnArrival,5,59,16227,Node_653,-9,0,14,-9,14,,,,,,,,,
30,VISIT,3233,Nearest,OnArrival,5,25,16227,Node_504,-4,0,7,-4,7,,,,,,,,,
30,VISIT,3235,Nearest,OnArrival,5,25,16227,Node_469,-7,0,8,-7,8,,,,,,,,,
30,VISIT,3236,Nearest,OnArrival,5,25,16227,Node_504,-4,0,7,-4,7,,,,,,,,,
30,VISIT,3229,Nearest,OnArrival,5,60,16238,Node_654,-9,0,15,-9,15,,,,,,,,,
30,VISIT,3231,Nearest,OnArrival,5,47,16238,Node_664,-4,0,16,-4,16,,,,,,,,,
30,VISIT,3232,Nearest,OnArrival,5,60,16238,Node_654,-9,0,15,-9,15,,,,,,,,,
30,VISIT,3233,Nearest,OnArrival,5,26,16238,Node_518,-5,0,7,-5,7,,,,,,,,,
30,VISIT,3234,Nearest,OnArrival,5,27,16238,Node_470,-10,0,8,-10,8,,,,,,,,,
30,VISIT,3236,Nearest,OnArrival,5,26,16238,Node_518,-5,0,7,-5,7,,,,,,,,,
30,VISIT,3229,Nearest,OnArrival,5,61,16250,Node_655,-9,0,16,-9,16,,,,,,,,,
30,VISIT,3231,Nearest,OnArrival,5,48,16250,Node_551,-4,0,17,-4,17,,,,,,,,,
30,VISIT,3232,Nearest,OnArrival,5,61,16250,Node_655,-9,0,16,-9,16,,,,,,,,,
30,VISIT,3233,Nearest,OnArrival,5,27,16250,Node_566,-6,0,7,-6,7,,,,,,,,,
30,VISIT,3236,Nearest,OnArrival,5,27,16250,Node_566,-6,0,7,-6,7,,,,,,,,,
30,VISIT,3229,Nearest,OnArrival,5,62,16262,Node_579,-10,0,16,-10,16,,,,,,,,,
30,VISIT,3231,Nearest,OnArrival,5,49,16262,Node_550,-3,0,17,-3,17,,,,,,,,,
30,VISIT,3232,Nearest,OnArrival,5,62,16262,Node_579,-10,0,16,-10,16,,,,,,,,,
30,VISIT,3233,Nearest,OnArrival,5,28,16262,Node_468,-7,0,7,-7,7,,,,,,,,,
30,VISIT,3234,Nearest,OnArrival,5,28,16262,Node_472,-10,0,10,-10,10,,,,,,,,,
30,VISIT,3235,Nearest,OnArrival,5,26,16262,Node_470,-10,0,8,-10,8,,,,,,,,,
30,VISIT,3236,Nearest,OnArrival,5,28,16262,Node_468,-7,0,7,-7,7,,,,,,,,,
30,VISIT,3229,Nearest,OnArrival,5,63,16274,Node_578,-10,0,15,-10,15,,,,,,,,,
30,VISIT,3232,Nearest,OnArrival,5,63,16274,Node_578,-10,0,15,-10,15,,,,,,,,,
30,VISIT,3233,Nearest,OnArrival,5,29,16274,Node_469,-7,0,8,-7,8,,,,,,,,,
30,VISIT,3234,Nearest,OnArrival,5,29,16274,Node_474,-10,0,11,-10,11,,,,,,,,,
30,VISIT,3236,Nearest,OnArrival,5,29,16274,Node_469,-7,0,8,-7,8,,,,,,,,,
30,VISIT,3229,Nearest,OnArrival,5,64,16286,Node_654,-9,0,15,-9,15,,,,,,,,,
30,VISIT,3232,Nearest,OnArrival,5,64,16286,Node_654,-9,0,15,-9,15,,,,,,,,,
30,VISIT,3235,Nearest,OnArrival,5,27,16286,Node_472,-10,0,10,-10,10,,,,,,,,,
30,VISIT,3229,Nearest,OnArrival,5,65,16301,Node_651,-8,0,15,-8,15,,,,,,,,,
30,VISIT,3232,Nearest,OnArrival,5,65,16301,Node_651,-8,0,15,-8,15,,,,,,,,,
30,VISIT,3235,Nearest,OnArrival,5,28,16301,Node_474,-10,0,11,-10,11,,,,,,,,,
30,VISIT,3229,Nearest,OnArrival,5,66,16316,Node_650,-7,0,15,-7,15,,,,,,,,,
30,VISIT,3232,Nearest,OnArrival,5,66,16316,Node_650,-7,0,15,-7,15,,,,,,,,,
30,VISIT,3233,Nearest,OnArrival,5,30,16316,Node_470,-10,0,8,-10,8,,,,,,,,,
30,VISIT,3234,Nearest,OnArrival,5,30,16316,Node_577,-10,0,14,-10,14,,,,,,,,,
30,VISIT,3236,Nearest,OnArrival,5,30,16316,Node_470,-10,0,8,-10,8,,,,,,,,,
30,VISIT,3229,Nearest,OnArrival,5,67,16328,Node_627,-6,0,15,-6,15,,,,,,,,,
30,VISIT,3232,Nearest,OnArrival,5,67,16328,Node_627,-6,0,15,-6,15,,,,,,,,,
30,VISIT,3234,Nearest,OnArrival,5,31,16328,Node_578,-10,0,15,-10,15,,,,,,,,,
30,VISIT,3237,Nearest,OnArrival,5,0,16332,Node_6,19,0,12,19,12,,,,,,,,,
30,VISIT,3238,Nearest,OnArrival,5,0,16332,Node_7,19,0,8,19,8,,,,,,,,,
30,VISIT,3239,Nearest,OnArrival,5,0,16332,Node_8,17,0,10,17,10,,,,,,,,,
30,VISIT,3240,Nearest,OnArrival,5,0,16332,Node_9,21,0,10,21,10,,,,,,,,,
30,VISIT,3229,Nearest,OnArrival,5,68,16336,Node_650,-7,0,15,-7,15,,,,,,,,,
30,VISIT,3232,Nearest,OnArrival,5,68,16336,Node_650,-7,0,15,-7,15,,,,,,,,,
30,VISIT,3233,Nearest,OnArrival,5,31,16336,Node_472,-10,0,10,-10,10,,,,,,,,,
30,VISIT,3234,Nearest,OnArrival,5,32,16336,Node_654,-9,0,15,-9,15,,,,,,,,,
30,VISIT,3235,Nearest,OnArrival,5,29,16336,Node_577,-10,0,14,-10,14,,,,,,,,,
30,VISIT,3236,Nearest,OnArrival,5,31,16336,Node_472,-10,0,10,-10,10,,,,,,,,,
30,VISIT,3237,Nearest,OnArrival,5,1,16337,Node_2,19,0,11,19,11,,,,,,,,,
30,VISIT,3238,Nearest,OnArrival,5,1,16337,Node_11,18,0,8,18,8,,,,,,,,,
30,VISIT,3239,Nearest,OnArrival,5,1,16337,Node_24,16,0,10,16,10,,,,,,,,,
30,VISIT,3240,Nearest,OnArrival,5,1,16337,Node_5,20,0,10,20,10,,,,,,,,,
30,VISIT,3229,Nearest,OnArrival,5,69,16341,Node_651,-8,0,15,-8,15,,,,,,,,,
30,VISIT,3232,Nearest,OnArrival,5,69,16341,Node_651,-8,0,15,-8,15,,,,,,,,,
30,VISIT,3233,Nearest,OnArrival,5,32,16341,Node_474,-10,0,11,-10,11,,,,,,,,,
30,VISIT,3234,Nearest,OnArrival,5,33,16341,Node_651,-8,0,15,-8,15,,,,,,,,,
30,VISIT,3235,Nearest,OnArrival,5,30,16341,Node_578,-10,0,15,-10,15,,,,,,,,,
30,VISIT,3236,Nearest,OnArrival,5,32,16341,Node_474,-10,0,11,-10,11,,,,,,,,,
30,VISIT,3237,Nearest,OnArrival,5,2,16343,Node_20,19,0,10,19,10,,,,,,,,,
30,VISIT,3238,Nearest,OnArrival,5,2,16343,Node_51,17,0,8,17,8,,,,,,,,,
30,VISIT,3239,Nearest,OnArrival,5,2,16343,Node_26,15,0,10,15,10,,,,,,,,,
30,VISIT,3240,Nearest,OnArrival,5,2,16343,Node_20,19,0,10,19,10,,,,,,,,,
30,VISIT,3229,Nearest,OnArrival,5,70,16347,Node_654,-9,0,15,-9,15,,,,,,,,,
30,VISIT,3232,Nearest,OnArrival,5,70,16347,Node_654,-9,0,15,-9,15,,,,,,,,,
30,VISIT,3234,Nearest,OnArrival,5,34,16347,Node_650,-7,0,15,-7,15,,,,,,,,,
30,VISIT,3235,Nearest,OnArrival,5,31,16347,Node_579,-10,0,16,-10,16,,,,,,,,,
30,VISIT,3237,Nearest,OnArrival,5,3,16349,Node_4,18,0,10,18,10,,,,,,,,,
30,VISIT,3238,Nearest,OnArrival,5,3,16349,Node_54,17,0,7,17,7,,,,,,,,,
30,VISIT,3239,Nearest,OnArrival,5,3,16349,Node_127,14,0,10,14,10,,,,,,,,,
30,VISIT,3240,Nearest,OnArrival,5,3,16349,Node_4,18,0,10,18,10,,,,,,,,,
30,VISIT,3229,Nearest,OnArrival,5,71,16353,Node_655,-9,0,16,-9,16,,,,,,,,,
30,VISIT,3232,Nearest,OnArrival,5,71,16353,Node_655,-9,0,16,-9,16,,,,,,,,,
30,VISIT,3234,Nearest,OnArrival,5,35,16353,Node_651,-8,0,15,-8,15,,,,,,,,,
30,VISIT,3235,Nearest,OnArrival,5,32,16353,Node_580,-10,0,17,-10,17,,,,,,,,,
30,VISIT,3237,Nearest,OnArrival,5,4,16355,Node_8,17,0,10,17,10,,,,,,,,,
30,VISIT,3238,Nearest,OnArrival,5,4,16355,Node_58,16,0,7,16,7,,,,,,,,,
30,VISIT,3239,Nearest,OnArrival,5,4,16355,Node_166,13,0,10,13,10,,,,,,,,,
30,VISIT,3240,Nearest,OnArrival,5,4,16355,Node_8,17,0,10,17,10,,,,,,,,,
30,VISIT,3229,Nearest,OnArrival,5,72,16359,Node_657,-9,0,17,-9,17,,,,,,,,,
30,VISIT,3232,Nearest,OnArrival,5,72,16359,Node_657,-9,0,17,-9,17,,,,,,,,,
30,VISIT,3233,Nearest,OnArrival,5,33,16359,Node_577,-10,0,14,-10,14,,,,,,,,,
30,VISIT,3234,Nearest,OnArrival,5,36,16359,Node_654,-9,0,15,-9,15,,,,,,,,,
30,VISIT,3235,Nearest,OnArrival,5,33,16359,Node_581,-10,0,18,-10,18,,,,,,,,,
30,VISIT,3236,Nearest,OnArrival,5,33,16359,Node_577,-10,0,14,-10,14,,,,,,,,,
30,VISIT,3237,Nearest,OnArrival,5,5,16361,Node_24,16,0,10,16,10,,,,,,,,,
30,VISIT,3238,Nearest,OnArrival,5,5,16361,Node_79,16,0,6,16,6,,,,,,,,,
30,VISIT,3239,Nearest,OnArrival,5,5,16361,Node_168,13,0,9,13,9,,,,,,,,,
30,VISIT,3240,Nearest,OnArrival,5,5,16361,Node_24,16,0,10,16,10,,,,,,,,,
30,VISIT,3229,Nearest,OnArrival,5,73,16365,Node_659,-9,0,18,-9,18,,,,,,,,,
30,VISIT,3232,Nearest,OnArrival,5,73,16365,Node_659,-9,0,18,-9,18,,,,,,,,,
30,VISIT,3233,Nearest,OnArrival,5,34,16365,Node_578,-10,0,15,-10,15,,,,,,,,,
30,VISIT,3234,Nearest,OnArrival,5,37,16365,Node_655,-9,0,16,-9,16,,,,,,,,,
30,VISIT,3236,Nearest,OnArrival,5,34,16365,Node_578,-10,0,15,-10,15,,,,,,,,,
30,VISIT,3237,Nearest,OnArrival,5,6,16367,Node_26,15,0,10,15,10,,,,,,,,,
30,VISIT,3238,Nearest,OnArrival,5,6,16367,Node_68,15,0,6,15,6,,,,,,,,,
30,VISIT,3239,Nearest,OnArrival,5,6,16367,Node_247,12,0,9,12,9,,,,,,,,,
30,VISIT,3240,Nearest,OnArrival,5,6,16367,Node_26,15,0,10,15,10,,,,,,,,,
30,VISIT,3229,Nearest,OnArrival,5,74,16371,Node_581,-10,0,18,-10,18,,,,,,,,,
30,VISIT,3232,Nearest,OnArrival,5,74,16371,Node_581,-10,0,18,-10,18,,,,,,,,,
30,VISIT,3233,Nearest,OnArrival,5,35,16371,Node_579,-10,0,16,-10,16,,,,,,,,,
30,VISIT,3234,Nearest,OnArrival,5,38,16371,Node_657,-9,0,17,-9,17,,,,,,,,,
30,VISIT,3235,Nearest,OnArrival,5,34,16371,Node_584,-10,0,20,-10,20,,,,,,,,,
30,VISIT,3236,Nearest,OnArrival,5,35,16371,Node_579,-10,0,16,-10,16,,,,,,,,,
30,VISIT,3237,Nearest,OnArrival,5,7,16373,Node_127,14,0,10,14,10,,,,,,,,,
30,VISIT,3238,Nearest,OnArrival,5,7,16373,Node_188,14,0,6,14,6,,,,,,,,,
30,VISIT,3239,Nearest,OnArrival,5,7,16373,Node_252,11,0,9,11,9,,,,,,,,,
30,VISIT,3240,Nearest,OnArrival,5,7,16373,Node_127,14,0,10,14,10,,,,,,,,,
30,VISIT,3233,Nearest,OnArrival,5,36,16377,Node_580,-10,0,17,-10,17,,,,,,,,,
30,VISIT,3234,Nearest,OnArrival,5,39,16377,Node_659,-9,0,18,-9,18,,,,,,,,,
30,VISIT,3235,Nearest,OnArrival,5,35,16377,Node_563,-9,0,20,-9,20,,,,,,,,,
30,VISIT,3236,Nearest,OnArrival,5,36,16377,Node_580,-10,0,17,-10,17,,,,,,,,,
30,VISIT,3237,Nearest,OnArrival,5,8,16379,Node_166,13,0,10,13,10,,,,,,,,,
30,VISIT,3238,Nearest,OnArrival,5,8,16379,Node_172,13,0,6,13,6,,,,,,,,,
30,VISIT,3239,Nearest,OnArrival,5,8,16379,Node_254,10,0,9,10,9,,,,,,,,,
30,VISIT,3240,Nearest,OnArrival,5,8,16379,Node_166,13,0,10,13,10,,,,,,,,,
30,VISIT,3229,Nearest,OnArrival,5,75,16383,Node_584,-10,0,20,-10,20,,,,,,,,,
30,VISIT,3232,Nearest,OnArrival,5,75,16383,Node_584,-10,0,20,-10,20,,,,,,,,,
30,VISIT,3233,Nearest,OnArrival,5,37,16383,Node_581,-10,0,18,-10,18,,,,,,,,,
30,VISIT,3234,Nearest,OnArrival,5,40,16383,Node_581,-10,0,18,-10,18,,,,,,,,,
30,VISIT,3235,Nearest,OnArrival,5,36,16383,Node_564,-9,0,21,-9,21,,,,,,,,,
30,VISIT,3236,Nearest,OnArrival,5,37,16383,Node_581,-10,0,18,-10,18,,,,,,,,,
30,VISIT,3237,Nearest,OnArrival,5,9,16385,Node_168,13,0,9,13,9,,,,,,,,,
30,VISIT,3238,Nearest,OnArrival,5,9,16385,Node_181,12,0,6,12,6,,,,,,,,,
30,VISIT,3239,Nearest,OnArrival,5,9,16385,Node_256,10,0,10,10,10,,,,,,,,,
30,VISIT,3240,Nearest,OnArrival,5,9,16385,Node_168,13,0,9,13,9,,,,,,,,,
30,VISIT,3229,Nearest,OnArrival,5,76,16389,Node_587,-10,0,21,-10,21,,,,,,,,,
30,VISIT,3232,Nearest,OnArrival,5,76,16389,Node_587,-10,0,21,-10,21,,,,,,,,,
30,VISIT,3235,Nearest,OnArrival,5,37,16389,Node_587,-10,0,21,-10,21,,,,,,,,,
30,VISIT,3237,Nearest,OnArrival,5,10,16391,Node_247,12,0,9,12,9,,,,,,,,,
30,VISIT,3238,Nearest,OnArrival,5,10,16391,Node_192,11,0,6,11,6,,,,,,,,,
30,VISIT,3239,Nearest,OnArrival,5,10,16391,Node_290,9,0,10,9,10,,,,,,,,,
30,VISIT,3240,Nearest,OnArrival,5,10,16391,Node_247,12,0,9,12,9,,,,,,,,,
30,VISIT,3229,Nearest,OnArrival,5,77,16395,Node_564,-9,0,21,-9,21,,,,,,,,,
30,VISIT,3232,Nearest,OnArrival,5,77,16395,Node_564,-9,0,21,-9,21,,,,,,,,,
30,VISIT,3233,Nearest,OnArrival,5,38,16395,Node_584,-10,0,20,-10,20,,,,,,,,,
30,VISIT,3234,Nearest,OnArrival,5,41,16395,Node_584,-10,0,20,-10,20,,,,,,,,,
30,VISIT,3235,Nearest,OnArrival,5,38,16395,Node_589,-10,0,22,-10,22,,,,,,,,,
30,VISIT,3236,Nearest,OnArrival,5,38,16395,Node_584,-10,0,20,-10,20,,,,,,,,,
30,VISIT,3237,Nearest,OnArrival,5,11,16397,Node_252,11,0,9,11,9,,,,,,,,,
30,VISIT,3238,Nearest,OnArrival,5,11,16397,Node_210,10,0,6,10,6,,,,,,,,,
30,VISIT,3239,Nearest,OnArrival,5,11,16397,Node_480,8,0,10,8,10,,,,,,,,,
30,VISIT,3240,Nearest,OnArrival,5,11,16397,Node_252,11,0,9,11,9,,,,,,,,,
30,VISIT,3229,Nearest,OnArrival,5,78,16401,Node_565,-9,0,22,-9,22,,,,,,,,,
30,VISIT,3232,Nearest,OnArrival,5,78,16401,Node_565,-9,0,22,-9,22,,,,,,,,,
30,VISIT,3233,Nearest,OnArrival,5,39,16401,Node_587,-10,0,21,-10,21,,,,,,,,,
30,VISIT,3234,Nearest,OnArrival,5,42,16401,Node_587,-10,0,21,-10,21,,,,,,,,,
30,VISIT,3235,Nearest,OnArrival,5,39,16401,Node_565,-9,0,22,-9,22,,,,,,,,,
30,VISIT,3236,Nearest,OnArrival,5,39,16401,Node_587,-10,0,21,-10,21,,,,,,,,,
30,VISIT,3237,Nearest,OnArrival,5,12,16403,Node_254,10,0,9,10,9,,,,,,,,,
30,VISIT,3238,Nearest,OnArrival,5,12,16403,Node_211,9,0,6,9,6,,,,,,,,,
30,VISIT,3240,Nearest,OnArrival,5,12,16403,Node_254,10,0,9,10,9,,,,,,,,,
30,VISIT,3229,Nearest,OnArrival,5,79,16409,Node_589,-10,0,22,-10,22,,,,,,,,,
30,VISIT,3232,Nearest,OnArrival,5,79,16409,Node_589,-10,0,22,-10,22,,,,,,,,,
30,VISIT,3233,Nearest,OnArrival,5,40,16409,Node_589,-10,0,22,-10,22,,,,,,,,,
30,VISIT,3234,Nearest,OnArrival,5,43,16409,Node_589,-10,0,22,-10,22,,,,,,,,,
30,VISIT,3235,Nearest,OnArrival,5,40,16409,Node_564,-9,0,21,-9,21,,,,,,,,,
30,VISIT,3236,Nearest,OnArrival,5,40,16409,Node_589,-10,0,22,-10,22,,,,,,,,,
30,VISIT,3237,Nearest,OnArrival,5,13,16411,Node_256,10,0,10,10,10,,,,,,,,,
30,VISIT,3238,Nearest,OnArrival,5,13,16411,Node_215,8,0,6,8,6,,,,,,,,,
30,VISIT,3239,Nearest,OnArrival,5,12,16411,Node_473,6,0,10,6,10,,,,,,,,,
30,VISIT,3240,Nearest,OnArrival,5,13,16411,Node_256,10,0,10,10,10,,,,,,,,,
30,VISIT,3229,Nearest,OnArrival,5,80,16415,Node_587,-10,0,21,-10,21,,,,,,,,,
30,VISIT,3232,Nearest,OnArrival,5,80,16415,Node_587,-10,0,21,-10,21,,,,,,,,,
30,VISIT,3233,Nearest,OnArrival,5,41,16415,Node_587,-10,0,21,-10,21,,,,,,,,,
30,VISIT,3234,Nearest,OnArrival,5,44,16415,Node_587,-10,0,21,-10,21,,,,,,,,,
30,VISIT,3235,Nearest,OnArrival,5,41,16415,Node_563,-9,0,20,-9,20,,,,,,,,,
30,VISIT,3236,Nearest,OnArrival,5,41,16415,Node_587,-10,0,21,-10,21,,,,,,,,,
30,VISIT,3237,Nearest,OnArrival,5,14,16417,Node_290,9,0,10,9,10,,,,,,,,,
30,VISIT,3238,Nearest,OnArrival,5,14,16417,Node_224,7,0,6,7,6,,,,,,,,,
30,VISIT,3239,Nearest,OnArrival,5,13,16417,Node_238,5,0,10,5,10,,,,,,,,,
30,VISIT,3240,Nearest,OnArrival,5,14,16417,Node_290,9,0,10,9,10,,,,,,,,,
30,VISIT,3229,Nearest,OnArrival,5,81,16421,Node_584,-10,0,20,-10,20,,,,,,,,,
30,VISIT,3232,Nearest,OnArrival,5,81,16421,Node_584,-10,0,20,-10,20,,,,,,,,,
30,VISIT,3233,Nearest,OnArrival,5,42,16421,Node_584,-10,0,20,-10,20,,,,,,,,,
30,VISIT,3234,Nearest,OnArrival,5,45,16421,Node_584,-10,0,20,-10,20,,,,,,,,,
30,VISIT,3236,Nearest,OnArrival,5,42,16421,Node_584,-10,0,20,-10,20,,,,,,,,,
30,VISIT,3237,Nearest,OnArrival,5,15,16422,Node_480,8,0,10,8,10,,,,,,,,,
30,VISIT,3238,Nearest,OnArrival,5,15,16422,Node_226,6,0,6,6,6,,,,,,,,,
30,VISIT,3240,Nearest,OnArrival,5,15,16422,Node_480,8,0,10,8,10,,,,,,,,,
30,VISIT,3229,Nearest,OnArrival,5,82,16429,Node_563,-9,0,20,-9,20,,,,,,,,,
30,VISIT,3232,Nearest,OnArrival,5,82,16429,Node_563,-9,0,20,-9,20,,,,,,,,,
30,VISIT,3233,Nearest,OnArrival,5,43,16429,Node_563,-9,0,20,-9,20,,,,,,,,,
30,VISIT,3234,Nearest,OnArrival,5,46,16429,Node_563,-9,0,20,-9,20,,,,,,,,,
30,VISIT,3235,Nearest,OnArrival,5,42,16429,Node_559,-7,0,20,-7,20,,,,,,,,,
30,VISIT,3236,Nearest,OnArrival,5,43,16429,Node_563,-9,0,20,-9,20,,,,,,,,,
30,VISIT,3238,Nearest,OnArrival,5,16,16430,Node_233,5,0,6,5,6,,,,,,,,,
30,VISIT,3239,Nearest,OnArrival,5,14,16430,Node_475,3,0,10,3,10,,,,,,,,,
30,VISIT,3237,Nearest,OnArrival,5,16,16441,Node_473,6,0,10,6,10,,,,,,,,,
30,VISIT,3239,Nearest,OnArrival,5,15,16441,Node_476,3,0,11,3,11,,,,,,,,,
30,VISIT,3240,Nearest,OnArrival,5,16,16441,Node_473,6,0,10,6,10,,,,,,,,,
30,VISIT,3229,Nearest,OnArrival,5,83,16448,Node_559,-7,0,20,-7,20,,,,,,,,,
30,VISIT,3232,Nearest,OnArrival,5,83,16448,Node_559,-7,0,20,-7,20,,,,,,,,,
30,VISIT,3233,Nearest,OnArrival,5,44,16448,Node_559,-7,0,20,-7,20,,,,,,,,,
30,VISIT,3234,Nearest,OnArrival,5,47,16448,Node_559,-7,0,20,-7,20,,,,,,,,,
30,VISIT,3235,Nearest,OnArrival,5,43,16448,Node_556,-5,0,20,-5,20,,,,,,,,,
30,VISIT,3236,Nearest,OnArrival,5,44,16448,Node_559,-7,0,20,-7,20,,,,,,,,,
30,VISIT,3237,Nearest,OnArrival,5,17,16449,Node_238,5,0,10,5,10,,,,,,,,,
30,VISIT,3238,Nearest,OnArrival,5,17,16449,Node_356,3,0,6,3,6,,,,,,,,,
30,VISIT,3239,Nearest,OnArrival,5,16,16449,Node_477,2,0,11,2,11,,,,,,,,,
30,VISIT,3240,Nearest,OnArrival,5,17,16449,Node_238,5,0,10,5,10,,,,,,,,,
30,VISIT,3238,Nearest,OnArrival,5,18,16455,Node_526,2,0,6,2,6,,,,,,,,,
30,VISIT,3239,Nearest,OnArrival,5,17,16455,Node_479,2,0,12,2,12,,,,,,,,,
30,VISIT,3229,Nearest,OnArrival,5,84,16463,Node_556,-5,0,20,-5,20,,,,,,,,,
30,VISIT,3232,Nearest,OnArrival,5,84,16463,Node_556,-5,0,20,-5,20,,,,,,,,,
30,VISIT,3233,Nearest,OnArrival,5,45,16463,Node_556,-5,0,20,-5,20,,,,,,,,,
30,VISIT,3234,Nearest,OnArrival,5,48,16463,Node_556,-5,0,20,-5,20,,,,,,,,,
30,VISIT,3235,Nearest,OnArrival,5,44,16463,Node_556,-5,0,20,-5,20,,,,,,,,,
30,VISIT,3236,Nearest,OnArrival,5,45,16463,Node_556,-5,0,20,-5,20,,,,,,,,,
30,VISIT,3237,Nearest,OnArrival,5,18,16465,Node_475,3,0,10,3,10,,,,,,,,,
30,VISIT,3239,Nearest,OnArrival,5,18,16465,Node_481,2,0,13,2,13,,,,,,,,,
30,VISIT,3240,Nearest,OnArrival,5,18,16465,Node_475,3,0,10,3,10,,,,,,,,,
30,VISIT,3237,Nearest,OnArrival,5,19,16473,Node_476,3,0,11,3,11,,,,,,,,,
30,VISIT,3239,Nearest,OnArrival,5,19,16473,Node_484,1,0,13,1,13,,,,,,,,,
30,VISIT,3240,Nearest,OnArrival,5,19,16473,Node_476,3,0,11,3,11,,,,,,,,,
30,VISIT,3229,Nearest,OnArrival,5,85,16480,Node_553,-5,0,18,-5,18,,,,,,,,,
30,VISIT,3232,Nearest,OnArrival,5,85,16480,Node_553,-5,0,18,-5,18,,,,,,,,,
30,VISIT,3233,Nearest,OnArrival,5,46,16480,Node_553,-5,0,18,-5,18,,,,,,,,,
30,VISIT,3234,Nearest,OnArrival,5,49,16480,Node_553,-5,0,18,-5,18,,,,,,,,,
30,VISIT,3235,Nearest,OnArrival,5,45,16480,Node_553,-5,0,18,-5,18,,,,,,,,,
30,VISIT,3236,Nearest,OnArrival,5,46,16480,Node_553,-5,0,18,-5,18,,,,,,,,,
30,VISIT,3237,Nearest,OnArrival,5,20,16483,Node_477,2,0,11,2,11,,,,,,,,,
30,VISIT,3238,Nearest,OnArrival,5,19,16483,Node_530,-1,0,6,-1,6,,,,,,,,,
30,VISIT,3239,Nearest,OnArrival,5,20,16483,Node_486,1,0,14,1,14,,,,,,,,,
30,VISIT,3240,Nearest,OnArrival,5,20,16483,Node_477,2,0,11,2,11,,,,,,,,,
30,VISIT,3229,Nearest,OnArrival,5,86,16488,Node_552,-4,0,18,-4,18,,,,,,,,,
30,VISIT,3232,Nearest,OnArrival,5,86,16488,Node_552,-4,0,18,-4,18,,,,,,,,,
30,VISIT,3233,Nearest,OnArrival,5,47,16488,Node_552,-4,0,18,-4,18,,,,,,,,,
30,VISIT,3234,Nearest,OnArrival,5,50,16488,Node_552,-4,0,18,-4,18,,,,,,,,,
30,VISIT,3235,Nearest,OnArrival,5,46,16488,Node_552,-4,0,18,-4,18,,,,,,,,,
30,VISIT,3236,Nearest,OnArrival,5,47,16488,Node_552,-4,0,18,-4,18,,,,,,,,,
30,VISIT,3237,Nearest,OnArrival,5,21,16491,Node_479,2,0,12,2,12,,,,,,,,,
30,VISIT,3238,Nearest,OnArrival,5,20,16491,Node_396,-2,0,6,-2,6,,,,,,,,,
30,VISIT,3239,Nearest,OnArrival,5,21,16491,Node_488,1,0,15,1,15,,,,,,,,,
30,VISIT,3240,Nearest,OnArrival,5,21,16491,Node_479,2,0,12,2,12,,,,,,,,,
30,VISIT,3229,Nearest,OnArrival,5,87,16496,Node_551,-4,0,17,-4,17,,,,,,,,,
30,VISIT,3232,Nearest,OnArrival,5,87,16496,Node_551,-4,0,17,-4,17,,,,,,,,,
30,VISIT,3233,Nearest,OnArrival,5,48,16496,Node_551,-4,0,17,-4,17,,,,,,,,,
30,VISIT,3234,Nearest,OnArrival,5,51,16496,Node_551,-4,0,17,-4,17,,,,,,,,,
30,VISIT,3235,Nearest,OnArrival,5,47,16496,Node_551,-4,0,17,-4,17,,,,,,,,,
30,VISIT,3236,Nearest,OnArrival,5,48,16496,Node_551,-4,0,17,-4,17,,,,,,,,,
30,VISIT,3237,Nearest,OnArrival,5,22,16499,Node_481,2,0,13,2,13,,,,,,,,,
30,VISIT,3240,Nearest,OnArrival,5,22,16499,Node_481,2,0,13,2,13,,,,,,,,,
30,VISIT,3229,Nearest,OnArrival,5,88,16507,Node_550,-3,0,17,-3,17,,,,,,,,,
30,VISIT,3232,Nearest,OnArrival,5,88,16507,Node_550,-3,0,17,-3,17,,,,,,,,,
30,VISIT,3233,Nearest,OnArrival,5,49,16507,Node_550,-3,0,17,-3,17,,,,,,,,,
30,VISIT,3234,Nearest,OnArrival,5,52,16507,Node_550,-3,0,17,-3,17,,,,,,,,,
30,VISIT,3235,Nearest,OnArrival,5,48,16507,Node_550,-3,0,17,-3,17,,,,,,,,,
30,VISIT,3236,Nearest,OnArrival,5,49,16507,Node_550,-3,0,17,-3,17,,,,,,,,,
30,VISIT,3237,Nearest,OnArrival,5,23,16510,Node_484,1,0,13,1,13,,,,,,,,,
30,VISIT,3238,Nearest,OnArrival,5,21,16510,Node_501,-4,0,6,-4,6,,,,,,,,,
30,VISIT,3239,Nearest,OnArrival,5,22,16510,Node_491,1,0,17,1,17,,,,,,,,,
30,VISIT,3240,Nearest,OnArrival,5,23,16510,Node_484,1,0,13,1,13,,,,,,,,,
30,VISIT,3229,Nearest,OnArrival,5,89,16520,Node_666,-2,0,17,-2,17,,,,,,,,,
30,VISIT,3232,Nearest,OnArrival,5,89,16520,Node_666,-2,0,17,-2,17,,,,,,,,,
30,VISIT,3233,Nearest,OnArrival,5,50,16520,Node_666,-2,0,17,-2,17,,,,,,,,,
30,VISIT,3234,Nearest,OnArrival,5,53,16520,Node_666,-2,0,17,-2,17,,,,,,,,,
30,VISIT,3235,Nearest,OnArrival,5,49,16520,Node_666,-2,0,17,-2,17,,,,,,,,,
30,VISIT,3236,Nearest,OnArrival,5,50,16520,Node_666,-2,0,17,-2,17,,,,,,,,,
30,VISIT,3237,Nearest,OnArrival,5,24,16523,Node_486,1,0,14,1,14,,,,,,,,,
30,VISIT,3238,Nearest,OnArrival,5,22,16523,Node_504,-4,0,7,-4,7,,,,,,,,,
30,VISIT,3239,Nearest,OnArrival,5,23,16523,Node_493,0,0,17,0,17,,,,,,,,,
30,VISIT,3240,Nearest,OnArrival,5,24,16523,Node_486,1,0,14,1,14,,,,,,,,,
30,VISIT,3229,Nearest,OnArrival,5,90,16533,Node_667,-2,0,18,-2,18,,,,,,,,,
30,VISIT,3232,Nearest,OnArrival,5,90,16533,Node_667,-2,0,18,-2,18,,,,,,,,,
30,VISIT,3233,Nearest,OnArrival,5,51,16533,Node_667,-2,0,18,-2,18,,,,,,,,,
30,VISIT,3234,Nearest,OnArrival,5,54,16533,Node_667,-2,0,18,-2,18,,,,,,,,,
30,VISIT,3235,Nearest,OnArrival,5,50,16533,Node_667,-2,0,18,-2,18,,,,,,,,,
30,VISIT,3236,Nearest,OnArrival,5,51,16533,Node_667,-2,0,18,-2,18,,,,,,,,,
30,VISIT,3237,Nearest,OnArrival,5,25,16536,Node_488,1,0,15,1,15,,,,,,,,,
30,VISIT,3238,Nearest,OnArrival,5,23,16536,Node_518,-5,0,7,-5,7,,,,,,,,,
30,VISIT,3239,Nearest,OnArrival,5,24,16536,Node_495,0,0,18,0,18,,,,,,,,,
30,VISIT,3240,Nearest,OnArrival,5,25,16536,Node_488,1,0,15,1,15,,,,,,,,,
30,VISIT,3229,Nearest,OnArrival,5,91,16546,Node_497,-1,0,18,-1,18,,,,,,,,,
30,VISIT,3232,Nearest,OnArrival,5,91,16546,Node_497,-1,0,18,-1,18,,,,,,,,,
30,VISIT,3233,Nearest,OnArrival,5,52,16546,Node_497,-1,0,18,-1,18,,,,,,,,,
30,VISIT,3234,Nearest,OnArrival,5,55,16546,Node_497,-1,0,18,-1,18,,,,,,,,,
30,VISIT,3235,Nearest,OnArrival,5,51,16546,Node_497,-1,0,18,-1,18,,,,,,,,,
30,VISIT,3236,Nearest,OnArrival,5,52,16546,Node_497,-1,0,18,-1,18,,,,,,,,,
30,VISIT,3238,Nearest,OnArrival,5,24,16549,Node_566,-6,0,7,-6,7,,,,,,,,,
30,VISIT,3239,Nearest,OnArrival,5,25,16549,Node_497,-1,0,18,-1,18,,,,,,,,,
30,VISIT,3229,Nearest,OnArrival,5,92,16559,Node_498,-1,0,19,-1,19,,,,,,,,,
30,VISIT,3232,Nearest,OnArrival,5,92,16559,Node_498,-1,0,19,-1,19,,,,,,,,,
30,VISIT,3233,Nearest,OnArrival,5,53,16559,Node_498,-1,0,19,-1,19,,,,,,,,,
30,VISIT,3234,Nearest,OnArrival,5,56,16559,Node_498,-1,0,19,-1,19,,,,,,,,,
30,VISIT,3235,Nearest,OnArrival,5,52,16559,Node_498,-1,0,19,-1,19,,,,,,,,,
30,VISIT,3236,Nearest,OnArrival,5,53,16559,Node_498,-1,0,19,-1,19,,,,,,,,,
30,VISIT,3237,Nearest,OnArrival,5,26,16562,Node_491,1,0,17,1,17,,,,,,,,,
30,VISIT,3238,Nearest,OnArrival,5,25,16562,Node_468,-7,0,7,-7,7,,,,,,,,,
30,VISIT,3239,Nearest,OnArrival,5,26,16562,Node_498,-1,0,19,-1,19,,,,,,,,,
30,VISIT,3240,Nearest,OnArrival,5,26,16562,Node_491,1,0,17,1,17,,,,,,,,,
30,VISIT,3229,Nearest,OnArrival,5,93,16573,Node_668,-2,0,19,-2,19,,,,,,,,,
30,VISIT,3232,Nearest,OnArrival,5,93,16573,Node_668,-2,0,19,-2,19,,,,,,,,,
30,VISIT,3233,Nearest,OnArrival,5,54,16573,Node_668,-2,0,19,-2,19,,,,,,,,,
30,VISIT,3234,Nearest,OnArrival,5,57,16573,Node_668,-2,0,19,-2,19,,,,,,,,,
30,VISIT,3235,Nearest,OnArrival,5,53,16573,Node_668,-2,0,19,-2,19,,,,,,,,,
30,VISIT,3236,Nearest,OnArrival,5,54,16573,Node_668,-2,0,19,-2,19,,,,,,,,,
30,VISIT,3237,Nearest,OnArrival,5,27,16576,Node_493,0,0,17,0,17,,,,,,,,,
30,VISIT,3238,Nearest,OnArrival,5,26,16576,Node_469,-7,0,8,-7,8,,,,,,,,,
30,VISIT,3239,Nearest,OnArrival,5,27,16576,Node_668,-2,0,19,-2,19,,,,,,,,,
30,VISIT,3240,Nearest,OnArrival,5,27,16576,Node_493,0,0,17,0,17,,,,,,,,,
30,VISIT,3237,Nearest,OnArrival,5,28,16590,Node_495,0,0,18,0,18,,,,,,,,,
30,VISIT,3239,Nearest,OnArrival,5,28,16590,Node_670,-2,0,20,-2,20,,,,,,,,,
30,VISIT,3240,Nearest,OnArrival,5,28,16590,Node_495,0,0,18,0,18,,,,,,,,,
30,VISIT,3229,Nearest,OnArrival,5,94,16602,Node_499,-1,0,20,-1,20,,,,,,,,,
30,VISIT,3232,Nearest,OnArrival,5,94,16602,Node_499,-1,0,20,-1,20,,,,,,,,,
30,VISIT,3233,Nearest,OnArrival,5,55,16602,Node_499,-1,0,20,-1,20,,,,,,,,,
30,VISIT,3234,Nearest,OnArrival,5,58,16602,Node_499,-1,0,20,-1,20,,,,,,,,,
30,VISIT,3235,Nearest,OnArrival,5,54,16602,Node_499,-1,0,20,-1,20,,,,,,,,,
30,VISIT,3236,Nearest,OnArrival,5,55,16602,Node_499,-1,0,20,-1,20,,,,,,,,,
30,VISIT,3237,Nearest,OnArrival,5,29,16605,Node_497,-1,0,18,-1,18,,,,,,,,,
30,VISIT,3239,Nearest,OnArrival,5,29,16605,Node_499,-1,0,20,-1,20,,,,,,,,,
30,VISIT,3240,Nearest,OnArrival,5,29,16605,Node_497,-1,0,18,-1,18,,,,,,,,,
30,VISIT,3237,Nearest,OnArrival,5,30,16620,Node_498,-1,0,19,-1,19,,,,,,,,,
30,VISIT,3238,Nearest,OnArrival,5,27,16620,Node_470,-10,0,8,-10,8,,,,,,,,,
30,VISIT,3240,Nearest,OnArrival,5,30,16620,Node_498,-1,0,19,-1,19,,,,,,,,,
30,VISIT,3229,Nearest,OnArrival,5,95,16631,Node_645,1,0,20,1,20,,,,,,,,,
30,VISIT,3232,Nearest,OnArrival,5,95,16631,Node_645,1,0,20,1,20,,,,,,,,,
30,VISIT,3233,Nearest,OnArrival,5,56,16631,Node_645,1,0,20,1,20,,,,,,,,,
30,VISIT,3234,Nearest,OnArrival,5,59,16631,Node_645,1,0,20,1,20,,,,,,,,,
30,VISIT,3235,Nearest,OnArrival,5,55,16631,Node_645,1,0,20,1,20,,,,,,,,,
30,VISIT,3236,Nearest,OnArrival,5,56,16631,Node_645,1,0,20,1,20,,,,,,,,,
30,VISIT,3237,Nearest,OnArrival,5,31,16634,Node_499,-1,0,20,-1,20,,,,,,,,,
30,VISIT,3239,Nearest,OnArrival,5,30,16634,Node_645,1,0,20,1,20,,,,,,,,,
30,VISIT,3240,Nearest,OnArrival,5,31,16634,Node_499,-1,0,20,-1,20,,,,,,,,,
30,VISIT,3238,Nearest,OnArrival,5,28,16650,Node_472,-10,0,10,-10,10,,,,,,,,,
30,VISIT,3239,Nearest,OnArrival,5,31,16650,Node_671,1,0,21,1,21,,,,,,,,,
30,VISIT,3229,Nearest,OnArrival,5,96,16660,Node_643,2,0,21,2,21,,,,,,,,,
30,VISIT,3232,Nearest,OnArrival,5,96,16660,Node_643,2,0,21,2,21,,,,,,,,,
30,VISIT,3233,Nearest,OnArrival,5,57,16660,Node_643,2,0,21,2,21,,,,,,,,,
30,VISIT,3234,Nearest,OnArrival,5,60,16660,Node_643,2,0,21,2,21,,,,,,,,,
30,VISIT,3235,Nearest,OnArrival,5,56,16660,Node_643,2,0,21,2,21,,,,,,,,,
30,VISIT,3236,Nearest,OnArrival,5,57,16660,Node_643,2,0,21,2,21,,,,,,,,,
30,VISIT,3237,Nearest,OnArrival,5,32,16664,Node_645,1,0,20,1,20,,,,,,,,,
30,VISIT,3238,Nearest,OnArrival,5,29,16664,Node_474,-10,0,11,-10,11,,,,,,,,,
30,VISIT,3239,Nearest,OnArrival,5,32,16664,Node_643,2,0,21,2,21,,,,,,,,,
30,VISIT,3240,Nearest,OnArrival,5,32,16664,Node_645,1,0,20,1,20,,,,,,,,,
30,VISIT,3229,Nearest,OnArrival,5,97,16674,Node_562,3,0,21,3,21,,,,,,,,,
30,VISIT,3232,Nearest,OnArrival,5,97,16674,Node_562,3,0,21,3,21,,,,,,,,,
30,VISIT,3233,Nearest,OnArrival,5,58,16674,Node_562,3,0,21,3,21,,,,,,,,,
30,VISIT,3234,Nearest,OnArrival,5,61,16674,Node_562,3,0,21,3,21,,,,,,,,,
30,VISIT,3235,Nearest,OnArrival,5,57,16674,Node_562,3,0,21,3,21,,,,,,,,,
30,VISIT,3236,Nearest,OnArrival,5,58,16674,Node_562,3,0,21,3,21,,,,,,,,,
30,VISIT,3237,Nearest,OnArrival,5,33,16678,Node_644,2,0,20,2,20,,,,,,,,,
30,VISIT,3239,Nearest,OnArrival,5,33,16678,Node_562,3,0,21,3,21,,,,,,,,,
30,VISIT,3240,Nearest,OnArrival,5,33,16678,Node_644,2,0,20,2,20,,,,,,,,,
30,VISIT,3237,Nearest,OnArrival,5,34,16694,Node_560,3,0,20,3,20,,,,,,,,,
30,VISIT,3239,Nearest,OnArrival,5,34,16694,Node_672,3,0,22,3,22,,,,,,,,,
30,VISIT,3240,Nearest,OnArrival,5,34,16694,Node_560,3,0,20,3,20,,,,,,,,,
30,VISIT,3229,Nearest,OnArrival,5,98,16704,Node_642,2,0,22,2,22,,,,,,,,,
30,VISIT,3232,Nearest,OnArrival,5,98,16704,Node_642,2,0,22,2,22,,,,,,,,,
30,VISIT,3233,Nearest,OnArrival,5,59,16704,Node_642,2,0,22,2,22,,,,,,,,,
30,VISIT,3234,Nearest,OnArrival,5,62,16704,Node_642,2,0,22,2,22,,,,,,,,,
30,VISIT,3235,Nearest,OnArrival,5,58,16704,Node_642,2,0,22,2,22,,,,,,,,,
30,VISIT,3236,Nearest,OnArrival,5,59,16704,Node_642,2,0,22,2,22,,,,,,,,,
30,VISIT,3237,Nearest,OnArrival,5,35,16709,Node_562,3,0,21,3,21,,,,,,,,,
30,VISIT,3238,Nearest,OnArrival,5,30,16709,Node_577,-10,0,14,-10,14,,,,,,,,,
30,VISIT,3239,Nearest,OnArrival,5,35,16709,Node_642,2,0,22,2,22,,,,,,,,,
30,VISIT,3240,Nearest,OnArrival,5,35,16709,Node_562,3,0,21,3,21,,,,,,,,,
30,VISIT,3241,Nearest,OnArrival,5,0,16709,Node_6,19,0,12,19,12,,,,,,,,,
30,VISIT,3242,Nearest,OnArrival,5,0,16709,Node_7,19,0,8,19,8,,,,,,,,,
30,VISIT,3243,Nearest,OnArrival,5,0,16709,Node_8,17,0,10,17,10,,,,,,,,,
30,VISIT,3244,Nearest,OnArrival,5,0,16709,Node_9,21,0,10,21,10,,,,,,,,,
30,VISIT,3237,Nearest,OnArrival,5,36,16713,Node_672,3,0,22,3,22,,,,,,,,,
30,VISIT,3238,Nearest,OnArrival,5,31,16713,Node_578,-10,0,15,-10,15,,,,,,,,,
30,VISIT,3240,Nearest,OnArrival,5,36,16713,Node_672,3,0,22,3,22,,,,,,,,,
30,VISIT,3241,Nearest,OnArrival,5,1,16713,Node_10,18,0,12,18,12,,,,,,,,,
30,VISIT,3242,Nearest,OnArrival,5,1,16713,Node_3,19,0,9,19,9,,,,,,,,,
30,VISIT,3243,Nearest,OnArrival,5,1,16713,Node_12,17,0,11,17,11,,,,,,,,,
30,VISIT,3244,Nearest,OnArrival,5,1,16713,Node_5,20,0,10,20,10,,,,,,,,,
30,VISIT,3229,Nearest,OnArrival,5,99,16718,Node_641,2,0,24,2,24,,,,,,,,,
30,VISIT,3232,Nearest,OnArrival,5,99,16718,Node_641,2,0,24,2,24,,,,,,,,,
30,VISIT,3233,Nearest,OnArrival,5,60,16718,Node_641,2,0,24,2,24,,,,,,,,,
30,VISIT,3234,Nearest,OnArrival,5,63,16718,Node_641,2,0,24,2,24,,,,,,,,,
30,VISIT,3235,Nearest,OnArrival,5,59,16718,Node_641,2,0,24,2,24,,,,,,,,,
30,VISIT,3236,Nearest,OnArrival,5,60,16718,Node_641,2,0,24,2,24,,,,,,,,,
30,VISIT,3237,Nearest,OnArrival,5,37,16718,Node_642,2,0,22,2,22,,,,,,,,,
30,VISIT,3238,Nearest,OnArrival,5,32,16718,Node_579,-10,0,16,-10,16,,,,,,,,,
30,VISIT,3239,Nearest,OnArrival,5,36,16718,Node_641,2,0,24,2,24,,,,,,,,,
30,VISIT,3240,Nearest,OnArrival,5,37,16718,Node_642,2,0,22,2,22,,,,,,,,,
30,VISIT,3241,Nearest,OnArrival,5,2,16718,Node_16,17,0,12,17,12,,,,,,,,,
30,VISIT,3242,Nearest,OnArrival,5,2,16718,Node_20,19,0,10,19,10,,,,,,,,,
30,VISIT,3243,Nearest,OnArrival,5,2,16718,Node_16,17,0,12,17,12,,,,,,,,,
30,VISIT,3244,Nearest,OnArrival,5,2,16718,Node_57,20,0,11,20,11,,,,,,,,,
30,VISIT,3229,Nearest,OnArrival,5,100,16723,Node_635,1,0,24,1,24,,,,,,,,,
30,VISIT,3232,Nearest,OnArrival,5,100,16723,Node_635,1,0,24,1,24,,,,,,,,,
30,VISIT,3233,Nearest,OnArrival,5,61,16723,Node_635,1,0,24,1,24,,,,,,,,,
30,VISIT,3234,Nearest,OnArrival,5,64,16723,Node_635,1,0,24,1,24,,,,,,,,,
30,VISIT,3235,Nearest,OnArrival,5,60,16723,Node_635,1,0,24,1,24,,,,,,,,,
30,VISIT,3236,Nearest,OnArrival,5,61,16723,Node_635,1,0,24,1,24,,,,,,,,,
30,VISIT,3238,Nearest,OnArrival,5,33,16723,Node_580,-10,0,17,-10,17,,,,,,,,,
30,VISIT,3239,Nearest,OnArrival,5,37,16723,Node_635,1,0,24,1,24,,,,,,,,,
30,VISIT,3241,Nearest,OnArrival,5,3,16723,Node_18,16,0,12,16,12,,,,,,,,,
30,VISIT,3242,Nearest,OnArrival,5,3,16723,Node_4,18,0,10,18,10,,,,,,,,,
30,VISIT,3243,Nearest,OnArrival,5,3,16723,Node_18,16,0,12,16,12,,,,,,,,,
30,VISIT,3244,Nearest,OnArrival,5,3,16723,Node_46,20,0,12,20,12,,,,,,,,,
30,VISIT,3229,Nearest,OnArrival,5,101,16728,Node_634,0,0,24,0,24,,,,,,,,,
30,VISIT,3232,Nearest,OnArrival,5,101,16728,Node_634,0,0,24,0,24,,,,,,,,,
30,VISIT,3233,Nearest,OnArrival,5,62,16728,Node_634,0,0,24,0,24,,,,,,,,,
30,VISIT,3234,Nearest,OnArrival,5,65,16728,Node_634,0,0,24,0,24,,,,,,,,,
30,VISIT,3235,Nearest,OnArrival,5,61,16728,Node_634,0,0,24,0,24,,,,,,,,,
30,VISIT,3236,Nearest,OnArrival,5,62,16728,Node_634,0,0,24,0,24,,,,,,,,,
30,VISIT,3237,Nearest,OnArrival,5,38,16728,Node_641,2,0,24,2,24,,,,,,,,,
30,VISIT,3238,Nearest,OnArrival,5,34,16728,Node_657,-9,0,17,-9,17,,,,,,,,,
30,VISIT,3239,Nearest,OnArrival,5,38,16728,Node_634,0,0,24,0,24,,,,,,,,,
30,VISIT,3240,Nearest,OnArrival,5,38,16728,Node_641,2,0,24,2,24,,,,,,,,,
30,VISIT,3241,Nearest,OnArrival,5,4,16728,Node_29,15,0,12,15,12,,,,,,,,,
30,VISIT,3242,Nearest,OnArrival,5,4,16728,Node_8,17,0,10,17,10,,,,,,,,,
30,VISIT,3243,Nearest,OnArrival,5,4,16728,Node_29,15,0,12,15,12,,,,,,,,,
30,VISIT,3244,Nearest,OnArrival,5,4,16728,Node_49,20,0,13,20,13,,,,,,,,,
30,VISIT,3229,Nearest,OnArrival,5,102,16732,Node_632,0,0,25,0,25,,,,,,,,,
30,VISIT,3232,Nearest,OnArrival,5,102,16732,Node_632,0,0,25,0,25,,,,,,,,,
30,VISIT,3233,Nearest,OnArrival,5,63,16732,Node_632,0,0,25,0,25,,,,,,,,,
30,VISIT,3234,Nearest,OnArrival,5,66,16732,Node_632,0,0,25,0,25,,,,,,,,,
30,VISIT,3235,Nearest,OnArrival,5,62,16732,Node_632,0,0,25,0,25,,,,,,,,,
30,VISIT,3236,Nearest,OnArrival,5,63,16732,Node_632,0,0,25,0,25,,,,,,,,,
30,VISIT,3237,Nearest,OnArrival,5,39,16732,Node_639,2,0,25,2,25,,,,,,,,,
30,VISIT,3239,Nearest,OnArrival,5,39,16732,Node_632,0,0,25,0,25,,,,,,,,,
30,VISIT,3240,Nearest,OnArrival,5,39,16732,Node_639,2,0,25,2,25,,,,,,,,,
30,VISIT,3241,Nearest,OnArrival,5,5,16732,Node_31,15,0,13,15,13,,,,,,,,,
30,VISIT,3242,Nearest,OnArrival,5,5,16732,Node_12,17,0,11,17,11,,,,,,,,,
30,VISIT,3243,Nearest,OnArrival,5,5,16732,Node_31,15,0,13,15,13,,,,,,,,,
30,VISIT,3244,Nearest,OnArrival,5,5,16732,Node_53,20,0,14,20,14,,,,,,,,,
30,VISIT,3237,Nearest,OnArrival,5,40,16742,Node_636,1,0,25,1,25,,,,,,,,,
30,VISIT,3240,Nearest,OnArrival,5,40,16742,Node_636,1,0,25,1,25,,,,,,,,,
30,VISIT,3241,Nearest,OnArrival,5,6,16742,Node_36,14,0,13,14,13,,,,,,,,,
30,VISIT,3242,Nearest,OnArrival,5,6,16742,Node_16,17,0,12,17,12,,,,,,,,,
30,VISIT,3243,Nearest,OnArrival,5,6,16742,Node_36,14,0,13,14,13,,,,,,,,,
30,VISIT,3237,Nearest,OnArrival,5,41,16755,Node_632,0,0,25,0,25,,,,,,,,,
30,VISIT,3238,Nearest,OnArrival,5,35,16755,Node_661,-6,0,17,-6,17,,,,,,,,,
30,VISIT,3240,Nearest,OnArrival,5,41,16755,Node_632,0,0,25,0,25,,,,,,,,,
30,VISIT,3241,Nearest,OnArrival,5,7,16755,Node_37,14,0,14,14,14,,,,,,,,,
30,VISIT,3242,Nearest,OnArrival,5,7,16755,Node_18,16,0,12,16,12,,,,,,,,,
30,VISIT,3243,Nearest,OnArrival,5,7,16755,Node_37,14,0,14,14,14,,,,,,,,,
30,VISIT,3244,Nearest,OnArrival,5,6,16755,Node_133,18,0,14,18,14,,,,,,,,,
30,VISIT,3238,Nearest,OnArrival,5,36,16767,Node_663,-5,0,17,-5,17,,,,,,,,,
30,VISIT,3241,Nearest,OnArrival,5,8,16767,Node_38,13,0,14,13,14,,,,,,,,,
30,VISIT,3242,Nearest,OnArrival,5,8,16767,Node_29,15,0,12,15,12,,,,,,,,,
30,VISIT,3243,Nearest,OnArrival,5,8,16767,Node_38,13,0,14,13,14,,,,,,,,,
30,VISIT,3244,Nearest,OnArrival,5,7,16767,Node_134,18,0,15,18,15,,,,,,,,,
30,VISIT,3238,Nearest,OnArrival,5,37,16779,Node_551,-4,0,17,-4,17,,,,,,,,,
30,VISIT,3241,Nearest,OnArrival,5,9,16779,Node_39,13,0,15,13,15,,,,,,,,,
30,VISIT,3242,Nearest,OnArrival,5,9,16779,Node_31,15,0,13,15,13,,,,,,,,,
30,VISIT,3243,Nearest,OnArrival,5,9,16779,Node_39,13,0,15,13,15,,,,,,,,,
30,VISIT,3244,Nearest,OnArrival,5,8,16779,Node_135,18,0,16,18,16,,,,,,,,,
30,VISIT,3229,Nearest,OnArrival,5,103,16792,Node_610,-5,0,25,-5,25,,,,,,,,,
30,VISIT,3232,Nearest,OnArrival,5,103,16792,Node_610,-5,0,25,-5,25,,,,,,,,,
30,VISIT,3233,Nearest,OnArrival,5,64,16792,Node_610,-5,0,25,-5,25,,,,,,,,,
30,VISIT,3234,Nearest,OnArrival,5,67,16792,Node_610,-5,0,25,-5,25,,,,,,,,,
30,VISIT,3235,Nearest,OnArrival,5,63,16792,Node_610,-5,0,25,-5,25,,,,,,,,,
30,VISIT,3236,Nearest,OnArrival,5,64,16792,Node_610,-5,0,25,-5,25,,,,,,,,,
30,VISIT,3238,Nearest,OnArrival,5,38,16792,Node_550,-3,0,17,-3,17,,,,,,,,,
30,VISIT,3239,Nearest,OnArrival,5,40,16792,Node_610,-5,0,25,-5,25,,,,,,,,,
30,VISIT,3241,Nearest,OnArrival,5,10,16792,Node_40,13,0,16,13,16,,,,,,,,,
30,VISIT,3242,Nearest,OnArrival,5,10,16792,Node_36,14,0,13,14,13,,,,,,,,,
30,VISIT,3243,Nearest,OnArrival,5,10,16792,Node_40,13,0,16,13,16,,,,,,,,,
30,VISIT,3244,Nearest,OnArrival,5,9,16792,Node_138,18,0,17,18,17,,,,,,,,,
30,VISIT,3229,Nearest,OnArrival,5,104,16807,Node_611,-5,0,24,-5,24,,,,,,,,,
30,VISIT,3232,Nearest,OnArrival,5,104,16807,Node_611,-5,0,24,-5,24,,,,,,,,,
30,VISIT,3233,Nearest,OnArrival,5,65,16807,Node_611,-5,0,24,-5,24,,,,,,,,,
30,VISIT,3234,Nearest,OnArrival,5,68,16807,Node_611,-5,0,24,-5,24,,,,,,,,,
30,VISIT,3235,Nearest,OnArrival,5,64,16807,Node_611,-5,0,24,-5,24,,,,,,,,,
30,VISIT,3236,Nearest,OnArrival,5,65,16807,Node_611,-5,0,24,-5,24,,,,,,,,,
30,VISIT,3238,Nearest,OnArrival,5,39,16807,Node_666,-2,0,17,-2,17,,,,,,,,,
30,VISIT,3239,Nearest,OnArrival,5,41,16807,Node_611,-5,0,24,-5,24,,,,,,,,,
30,VISIT,3241,Nearest,OnArrival,5,11,16807,Node_41,13,0,17,13,17,,,,,,,,,
30,VISIT,3242,Nearest,OnArrival,5,11,16807,Node_37,14,0,14,14,14,,,,,,,,,
30,VISIT,3243,Nearest,OnArrival,5,11,16807,Node_41,13,0,17,13,17,,,,,,,,,
30,VISIT,3244,Nearest,OnArrival,5,10,16807,Node_142,18,0,18,18,18,,,,,,,,,
30,VISIT,3229,Nearest,OnArrival,5,105,16822,Node_613,-5,0,23,-5,23,,,,,,,,,
30,VISIT,3232,Nearest,OnArrival,5,105,16822,Node_613,-5,0,23,-5,23,,,,,,,,,
30,VISIT,3233,Nearest,OnArrival,5,66,16822,Node_613,-5,0,23,-5,23,,,,,,,,,
30,VISIT,3234,Nearest,OnArrival,5,69,16822,Node_613,-5,0,23,-5,23,,,,,,,,,
30,VISIT,3235,Nearest,OnArrival,5,65,16822,Node_613,-5,0,23,-5,23,,,,,,,,,
30,VISIT,3236,Nearest,OnArrival,5,66,16822,Node_613,-5,0,23,-5,23,,,,,,,,,
30,VISIT,3237,Nearest,OnArrival,5,42,16822,Node_610,-5,0,25,-5,25,,,,,,,,,
30,VISIT,3238,Nearest,OnArrival,5,40,16822,Node_667,-2,0,18,-2,18,,,,,,,,,
30,VISIT,3239,Nearest,OnArrival,5,42,16822,Node_613,-5,0,23,-5,23,,,,,,,,,
30,VISIT,3240,Nearest,OnArrival,5,42,16822,Node_610,-5,0,25,-5,25,,,,,,,,,
30,VISIT,3241,Nearest,OnArrival,5,12,16822,Node_44,12,0,17,12,17,,,,,,,,,
30,VISIT,3242,Nearest,OnArrival,5,12,16822,Node_38,13,0,14,13,14,,,,,,,,,
30,VISIT,3243,Nearest,OnArrival,5,12,16822,Node_44,12,0,17,12,17,,,,,,,,,
30,VISIT,3244,Nearest,OnArrival,5,11,16822,Node_146,18,0,19,18,19,,,,,,,,,
30,VISIT,3229,Nearest,OnArrival,5,106,16837,Node_622,-4,0,23,-4,23,,,,,,,,,
30,VISIT,3232,Nearest,OnArrival,5,106,16837,Node_622,-4,0,23,-4,23,,,,,,,,,
30,VISIT,3233,Nearest,OnArrival,5,67,16837,Node_622,-4,0,23,-4,23,,,,,,,,,
30,VISIT,3234,Nearest,OnArrival,5,70,16837,Node_622,-4,0,23,-4,23,,,,,,,,,
30,VISIT,3235,Nearest,OnArrival,5,66,16837,Node_622,-4,0,23,-4,23,,,,,,,,,
30,VISIT,3236,Nearest,OnArrival,5,67,16837,Node_622,-4,0,23,-4,23,,,,,,,,,
30,VISIT,3237,Nearest,OnArrival,5,43,16837,Node_611,-5,0,24,-5,24,,,,,,,,,
30,VISIT,3238,Nearest,OnArrival,5,41,16837,Node_668,-2,0,19,-2,19,,,,,,,,,
30,VISIT,3239,Nearest,OnArrival,5,43,16837,Node_622,-4,0,23,-4,23,,,,,,,,,
30,VISIT,3240,Nearest,OnArrival,5,43,16837,Node_611,-5,0,24,-5,24,,,,,,,,,
30,VISIT,3242,Nearest,OnArrival,5,13,16837,Node_39,13,0,15,13,15,,,,,,,,,
30,VISIT,3244,Nearest,OnArrival,5,12,16837,Node_150,18,0,20,18,20,,,,,,,,,
30,VISIT,3229,Nearest,OnArrival,5,107,16852,Node_509,-3,0,23,-3,23,,,,,,,,,
30,VISIT,3232,Nearest,OnArrival,5,107,16852,Node_509,-3,0,23,-3,23,,,,,,,,,
30,VISIT,3233,Nearest,OnArrival,5,68,16852,Node_509,-3,0,23,-3,23,,,,,,,,,
30,VISIT,3234,Nearest,OnArrival,5,71,16852,Node_509,-3,0,23,-3,23,,,,,,,,,
30,VISIT,3235,Nearest,OnArrival,5,67,16852,Node_509,-3,0,23,-3,23,,,,,,,,,
30,VISIT,3236,Nearest,OnArrival,5,68,16852,Node_509,-3,0,23,-3,23,,,,,,,,,
30,VISIT,3237,Nearest,OnArrival,5,44,16852,Node_613,-5,0,23,-5,23,,,,,,,,,
30,VISIT,3238,Nearest,OnArrival,5,42,16852,Node_498,-1,0,19,-1,19,,,,,,,,,
30,VISIT,3239,Nearest,OnArrival,5,44,16852,Node_509,-3,0,23,-3,23,,,,,,,,,
30,VISIT,3240,Nearest,OnArrival,5,44,16852,Node_613,-5,0,23,-5,23,,,,,,,,,
30,VISIT,3241,Nearest,OnArrival,5,13,16852,Node_521,11,0,18,11,18,,,,,,,,,
30,VISIT,3242,Nearest,OnArrival,5,14,16852,Node_40,13,0,16,13,16,,,,,,,,,
30,VISIT,3243,Nearest,OnArrival,5,13,16852,Node_521,11,0,18,11,18,,,,,,,,,
30,VISIT,3244,Nearest,OnArrival,5,13,16852,Node_182,17,0,20,17,20,,,,,,,,,
30,VISIT,3237,Nearest,OnArrival,5,45,16867,Node_622,-4,0,23,-4,23,,,,,,,,,
30,VISIT,3238,Nearest,OnArrival,5,43,16867,Node_499,-1,0,20,-1,20,,,,,,,,,
30,VISIT,3240,Nearest,OnArrival,5,45,16867,Node_622,-4,0,23,-4,23,,,,,,,,,
30,VISIT,3241,Nearest,OnArrival,5,14,16867,Node_43,12,0,18,12,18,,,,,,,,,
30,VISIT,3242,Nearest,OnArrival,5,15,16867,Node_41,13,0,17,13,17,,,,,,,,,
30,VISIT,3243,Nearest,OnArrival,5,14,16867,Node_43,12,0,18,12,18,,,,,,,,,
30,VISIT,3244,Nearest,OnArrival,5,14,16867,Node_187,16,0,20,16,20,,,,,,,,,
30,VISIT,3229,Nearest,OnArrival,5,108,16882,Node_619,-4,0,22,-4,22,,,,,,,,,
30,VISIT,3232,Nearest,OnArrival,5,108,16882,Node_619,-4,0,22,-4,22,,,,,,,,,
30,VISIT,3233,Nearest,OnArrival,5,69,16882,Node_619,-4,0,22,-4,22,,,,,,,,,
30,VISIT,3234,Nearest,OnArrival,5,72,16882,Node_619,-4,0,22,-4,22,,,,,,,,,
30,VISIT,3235,Nearest,OnArrival,5,68,16882,Node_619,-4,0,22,-4,22,,,,,,,,,
30,VISIT,3236,Nearest,OnArrival,5,69,16882,Node_619,-4,0,22,-4,22,,,,,,,,,
30,VISIT,3237,Nearest,OnArrival,5,46,16882,Node_619,-4,0,22,-4,22,,,,,,,,,
30,VISIT,3239,Nearest,OnArrival,5,45,16882,Node_619,-4,0,22,-4,22,,,,,,,,,
30,VISIT,3240,Nearest,OnArrival,5,46,16882,Node_619,-4,0,22,-4,22,,,,,,,,,
30,VISIT,3241,Nearest,OnArrival,5,15,16882,Node_42,13,0,18,13,18,,,,,,,,,
30,VISIT,3242,Nearest,OnArrival,5,16,16882,Node_42,13,0,18,13,18,,,,,,,,,
30,VISIT,3243,Nearest,OnArrival,5,15,16882,Node_42,13,0,18,13,18,,,,,,,,,
30,VISIT,3244,Nearest,OnArrival,5,15,16882,Node_186,16,0,21,16,21,,,,,,,,,
30,VISIT,3229,Nearest,OnArrival,5,109,16897,Node_674,-3,0,22,-3,22,,,,,,,,,
30,VISIT,3232,Nearest,OnArrival,5,109,16897,Node_674,-3,0,22,-3,22,,,,,,,,,
30,VISIT,3233,Nearest,OnArrival,5,70,16897,Node_674,-3,0,22,-3,22,,,,,,,,,
30,VISIT,3234,Nearest,OnArrival,5,73,16897,Node_674,-3,0,22,-3,22,,,,,,,,,
30,VISIT,3235,Nearest,OnArrival,5,69,16897,Node_674,-3,0,22,-3,22,,,,,,,,,
30,VISIT,3236,Nearest,OnArrival,5,70,16897,Node_674,-3,0,22,-3,22,,,,,,,,,
30,VISIT,3237,Nearest,OnArrival,5,47,16897,Node_674,-3,0,22,-3,22,,,,,,,,,
30,VISIT,3238,Nearest,OnArrival,5,44,16897,Node_500,-1,0,22,-1,22,,,,,,,,,
30,VISIT,3239,Nearest,OnArrival,5,46,16897,Node_674,-3,0,22,-3,22,,,,,,,,,
30,VISIT,3240,Nearest,OnArrival,5,47,16897,Node_674,-3,0,22,-3,22,,,,,,,,,
30,VISIT,3244,Nearest,OnArrival,5,16,16897,Node_191,15,0,21,15,21,,,,,,,,,
30,VISIT,3229,Nearest,OnArrival,5,110,16911,Node_503,-2,0,22,-2,22,,,,,,,,,
30,VISIT,3232,Nearest,OnArrival,5,110,16911,Node_503,-2,0,22,-2,22,,,,,,,,,
30,VISIT,3233,Nearest,OnArrival,5,71,16911,Node_503,-2,0,22,-2,22,,,,,,,,,
30,VISIT,3234,Nearest,OnArrival,5,74,16911,Node_503,-2,0,22,-2,22,,,,,,,,,
30,VISIT,3235,Nearest,OnArrival,5,70,16911,Node_503,-2,0,22,-2,22,,,,,,,,,
30,VISIT,3236,Nearest,OnArrival,5,71,16911,Node_503,-2,0,22,-2,22,,,,,,,,,
30,VISIT,3237,Nearest,OnArrival,5,48,16911,Node_503,-2,0,22,-2,22,,,,,,,,,
30,VISIT,3238,Nearest,OnArrival,5,45,16911,Node_503,-2,0,22,-2,22,,,,,,,,,
30,VISIT,3239,Nearest,OnArrival,5,47,16911,Node_503,-2,0,22,-2,22,,,,,,,,,
30,VISIT,3240,Nearest,OnArrival,5,48,16911,Node_503,-2,0,22,-2,22,,,,,,,,,
30,VISIT,3229,Nearest,OnArrival,5,111,16915,Node_500,-1,0,22,-1,22,,,,,,,,,
30,VISIT,3232,Nearest,OnArrival,5,111,16915,Node_500,-1,0,22,-1,22,,,,,,,,,
30,VISIT,3233,Nearest,OnArrival,5,72,16915,Node_500,-1,0,22,-1,22,,,,,,,,,
30,VISIT,3234,Nearest,OnArrival,5,75,16915,Node_500,-1,0,22,-1,22,,,,,,,,,
30,VISIT,3235,Nearest,OnArrival,5,71,16915,Node_500,-1,0,22,-1,22,,,,,,,,,
30,VISIT,3236,Nearest,OnArrival,5,72,16915,Node_500,-1,0,22,-1,22,,,,,,,,,
30,VISIT,3237,Nearest,OnArrival,5,49,16915,Node_500,-1,0,22,-1,22,,,,,,,,,
30,VISIT,3238,Nearest,OnArrival,5,46,16915,Node_500,-1,0,22,-1,22,,,,,,,,,
30,VISIT,3239,Nearest,OnArrival,5,48,16915,Node_500,-1,0,22,-1,22,,,,,,,,,
30,VISIT,3240,Nearest,OnArrival,5,49,16915,Node_500,-1,0,22,-1,22,,,,,,,,,
30,VISIT,3229,Nearest,OnArrival,5,112,16934,Node_499,-1,0,20,-1,20,,,,,,,,,
30,VISIT,3232,Nearest,OnArrival,5,112,16934,Node_499,-1,0,20,-1,20,,,,,,,,,
30,VISIT,3233,Nearest,OnArrival,5,73,16934,Node_499,-1,0,20,-1,20,,,,,,,,,
30,VISIT,3234,Nearest,OnArrival,5,76,16934,Node_499,-1,0,20,-1,20,,,,,,,,,
30,VISIT,3235,Nearest,OnArrival,5,72,16934,Node_499,-1,0,20,-1,20,,,,,,,,,
30,VISIT,3236,Nearest,OnArrival,5,73,16934,Node_499,-1,0,20,-1,20,,,,,,,,,
30,VISIT,3237,Nearest,OnArrival,5,50,16934,Node_499,-1,0,20,-1,20,,,,,,,,,
30,VISIT,3238,Nearest,OnArrival,5,47,16934,Node_499,-1,0,20,-1,20,,,,,,,,,
30,VISIT,3239,Nearest,OnArrival,5,49,16934,Node_499,-1,0,20,-1,20,,,,,,,,,
30,VISIT,3240,Nearest,OnArrival,5,50,16934,Node_499,-1,0,20,-1,20,,,,,,,,,
30,VISIT,3229,Nearest,OnArrival,5,113,16938,Node_498,-1,0,19,-1,19,,,,,,,,,
30,VISIT,3232,Nearest,OnArrival,5,113,16938,Node_498,-1,0,19,-1,19,,,,,,,,,
30,VISIT,3233,Nearest,OnArrival,5,74,16938,Node_498,-1,0,19,-1,19,,,,,,,,,
30,VISIT,3234,Nearest,OnArrival,5,77,16938,Node_498,-1,0,19,-1,19,,,,,,,,,
30,VISIT,3235,Nearest,OnArrival,5,73,16938,Node_498,-1,0,19,-1,19,,,,,,,,,
30,VISIT,3236,Nearest,OnArrival,5,74,16938,Node_498,-1,0,19,-1,19,,,,,,,,,
30,VISIT,3237,Nearest,OnArrival,5,51,16938,Node_498,-1,0,19,-1,19,,,,,,,,,
30,VISIT,3238,Nearest,OnArrival,5,48,16938,Node_498,-1,0,19,-1,19,,,,,,,,,
30,VISIT,3239,Nearest,OnArrival,5,50,16938,Node_498,-1,0,19,-1,19,,,,,,,,,
30,VISIT,3240,Nearest,OnArrival,5,51,16938,Node_498,-1,0,19,-1,19,,,,,,,,,
30,VISIT,3229,Nearest,OnArrival,5,114,16942,Node_497,-1,0,18,-1,18,,,,,,,,,
30,VISIT,3232,Nearest,OnArrival,5,114,16942,Node_497,-1,0,18,-1,18,,,,,,,,,
30,VISIT,3233,Nearest,OnArrival,5,75,16942,Node_497,-1,0,18,-1,18,,,,,,,,,
30,VISIT,3234,Nearest,OnArrival,5,78,16942,Node_497,-1,0,18,-1,18,,,,,,,,,
30,VISIT,3235,Nearest,OnArrival,5,74,16942,Node_497,-1,0,18,-1,18,,,,,,,,,
30,VISIT,3236,Nearest,OnArrival,5,75,16942,Node_497,-1,0,18,-1,18,,,,,,,,,
30,VISIT,3237,Nearest,OnArrival,5,52,16942,Node_497,-1,0,18,-1,18,,,,,,,,,
30,VISIT,3238,Nearest,OnArrival,5,49,16942,Node_497,-1,0,18,-1,18,,,,,,,,,
30,VISIT,3239,Nearest,OnArrival,5,51,16942,Node_497,-1,0,18,-1,18,,,,,,,,,
30,VISIT,3240,Nearest,OnArrival,5,52,16942,Node_497,-1,0,18,-1,18,,,,,,,,,
30,VISIT,3229,Nearest,OnArrival,5,115,16946,Node_667,-2,0,18,-2,18,,,,,,,,,
30,VISIT,3232,Nearest,OnArrival,5,115,16946,Node_667,-2,0,18,-2,18,,,,,,,,,
30,VISIT,3233,Nearest,OnArrival,5,76,16946,Node_667,-2,0,18,-2,18,,,,,,,,,
30,VISIT,3234,Nearest,OnArrival,5,79,16946,Node_667,-2,0,18,-2,18,,,,,,,,,
30,VISIT,3235,Nearest,OnArrival,5,75,16946,Node_667,-2,0,18,-2,18,,,,,,,,,
30,VISIT,3236,Nearest,OnArrival,5,76,16946,Node_667,-2,0,18,-2,18,,,,,,,,,
30,VISIT,3237,Nearest,OnArrival,5,53,16946,Node_667,-2,0,18,-2,18,,,,,,,,,
30,VISIT,3238,Nearest,OnArrival,5,50,16946,Node_667,-2,0,18,-2,18,,,,,,,,,
30,VISIT,3239,Nearest,OnArrival,5,52,16946,Node_667,-2,0,18,-2,18,,,,,,,,,
30,VISIT,3240,Nearest,OnArrival,5,53,16946,Node_667,-2,0,18,-2,18,,,,,,,,,
30,VISIT,3241,Nearest,OnArrival,5,16,16946,Node_685,14,0,25,14,25,,,,,,,,,
30,VISIT,3242,Nearest,OnArrival,5,17,16946,Node_685,14,0,25,14,25,,,,,,,,,
30,VISIT,3243,Nearest,OnArrival,5,16,16946,Node_685,14,0,25,14,25,,,,,,,,,
30,VISIT,3244,Nearest,OnArrival,5,17,16946,Node_681,15,0,24,15,24,,,,,,,,,
30,VISIT,3229,Nearest,OnArrival,5,116,16950,Node_666,-2,0,17,-2,17,,,,,,,,,
30,VISIT,3232,Nearest,OnArrival,5,116,16950,Node_666,-2,0,17,-2,17,,,,,,,,,
30,VISIT,3233,Nearest,OnArrival,5,77,16950,Node_666,-2,0,17,-2,17,,,,,,,,,
30,VISIT,3234,Nearest,OnArrival,5,80,16950,Node_666,-2,0,17,-2,17,,,,,,,,,
30,VISIT,3235,Nearest,OnArrival,5,76,16950,Node_666,-2,0,17,-2,17,,,,,,,,,
30,VISIT,3236,Nearest,OnArrival,5,77,16950,Node_666,-2,0,17,-2,17,,,,,,,,,
30,VISIT,3237,Nearest,OnArrival,5,54,16950,Node_666,-2,0,17,-2,17,,,,,,,,,
30,VISIT,3238,Nearest,OnArrival,5,51,16950,Node_666,-2,0,17,-2,17,,,,,,,,,
30,VISIT,3239,Nearest,OnArrival,5,53,16950,Node_666,-2,0,17,-2,17,,,,,,,,,
30,VISIT,3240,Nearest,OnArrival,5,54,16950,Node_666,-2,0,17,-2,17,,,,,,,,,
30,VISIT,3241,Nearest,OnArrival,5,17,16950,Node_683,15,0,25,15,25,,,,,,,,,
30,VISIT,3242,Nearest,OnArrival,5,18,16950,Node_683,15,0,25,15,25,,,,,,,,,
30,VISIT,3243,Nearest,OnArrival,5,17,16950,Node_683,15,0,25,15,25,,,,,,,,,
30,VISIT,3244,Nearest,OnArrival,5,18,16950,Node_679,15,0,23,15,23,,,,,,,,,
30,VISIT,3229,Nearest,OnArrival,5,117,16954,Node_550,-3,0,17,-3,17,,,,,,,,,
30,VISIT,3232,Nearest,OnArrival,5,117,16954,Node_550,-3,0,17,-3,17,,,,,,,,,
30,VISIT,3233,Nearest,OnArrival,5,78,16954,Node_550,-3,0,17,-3,17,,,,,,,,,
30,VISIT,3234,Nearest,OnArrival,5,81,16954,Node_550,-3,0,17,-3,17,,,,,,,,,
30,VISIT,3235,Nearest,OnArrival,5,77,16954,Node_550,-3,0,17,-3,17,,,,,,,,,
30,VISIT,3236,Nearest,OnArrival,5,78,16954,Node_550,-3,0,17,-3,17,,,,,,,,,
30,VISIT,3237,Nearest,OnArrival,5,55,16954,Node_550,-3,0,17,-3,17,,,,,,,,,
30,VISIT,3238,Nearest,OnArrival,5,52,16954,Node_550,-3,0,17,-3,17,,,,,,,,,
30,VISIT,3239,Nearest,OnArrival,5,54,16954,Node_550,-3,0,17,-3,17,,,,,,,,,
30,VISIT,3240,Nearest,OnArrival,5,55,16954,Node_550,-3,0,17,-3,17,,,,,,,,,
30,VISIT,3244,Nearest,OnArrival,5,19,16954,Node_684,14,0,23,14,23,,,,,,,,,
30,VISIT,3229,Nearest,OnArrival,5,118,16959,Node_548,-3,0,16,-3,16,,,,,,,,,
30,VISIT,3232,Nearest,OnArrival,5,118,16959,Node_548,-3,0,16,-3,16,,,,,,,,,
30,VISIT,3233,Nearest,OnArrival,5,79,16959,Node_548,-3,0,16,-3,16,,,,,,,,,
30,VISIT,3234,Nearest,OnArrival,5,82,16959,Node_548,-3,0,16,-3,16,,,,,,,,,
30,VISIT,3235,Nearest,OnArrival,5,78,16959,Node_548,-3,0,16,-3,16,,,,,,,,,
30,VISIT,3236,Nearest,OnArrival,5,79,16959,Node_548,-3,0,16,-3,16,,,,,,,,,
30,VISIT,3237,Nearest,OnArrival,5,56,16959,Node_548,-3,0,16,-3,16,,,,,,,,,
30,VISIT,3238,Nearest,OnArrival,5,53,16959,Node_548,-3,0,16,-3,16,,,,,,,,,
30,VISIT,3239,Nearest,OnArrival,5,55,16959,Node_548,-3,0,16,-3,16,,,,,,,,,
30,VISIT,3240,Nearest,OnArrival,5,56,16959,Node_548,-3,0,16,-3,16,,,,,,,,,
30,VISIT,3229,Nearest,OnArrival,5,119,16964,Node_508,-3,0,15,-3,15,,,,,,,,,
30,VISIT,3232,Nearest,OnArrival,5,119,16964,Node_508,-3,0,15,-3,15,,,,,,,,,
30,VISIT,3233,Nearest,OnArrival,5,80,16964,Node_508,-3,0,15,-3,15,,,,,,,,,
30,VISIT,3234,Nearest,OnArrival,5,83,16964,Node_508,-3,0,15,-3,15,,,,,,,,,
30,VISIT,3235,Nearest,OnArrival,5,79,16964,Node_508,-3,0,15,-3,15,,,,,,,,,
30,VISIT,3236,Nearest,OnArrival,5,80,16964,Node_508,-3,0,15,-3,15,,,,,,,,,
30,VISIT,3237,Nearest,OnArrival,5,57,16964,Node_508,-3,0,15,-3,15,,,,,,,,,
30,VISIT,3238,Nearest,OnArrival,5,54,16964,Node_508,-3,0,15,-3,15,,,,,,,,,
30,VISIT,3239,Nearest,OnArrival,5,56,16964,Node_508,-3,0,15,-3,15,,,,,,,,,
30,VISIT,3240,Nearest,OnArrival,5,57,16964,Node_508,-3,0,15,-3,15,,,,,,,,,
30,VISIT,3229,Nearest,OnArrival,5,120,16969,Node_545,-3,0,14,-3,14,,,,,,,,,
30,VISIT,3232,Nearest,OnArrival,5,120,16969,Node_545,-3,0,14,-3,14,,,,,,,,,
30,VISIT,3233,Nearest,OnArrival,5,81,16969,Node_545,-3,0,14,-3,14,,,,,,,,,
30,VISIT,3234,Nearest,OnArrival,5,84,16969,Node_545,-3,0,14,-3,14,,,,,,,,,
30,VISIT,3235,Nearest,OnArrival,5,80,16969,Node_545,-3,0,14,-3,14,,,,,,,,,
30,VISIT,3236,Nearest,OnArrival,5,81,16969,Node_545,-3,0,14,-3,14,,,,,,,,,
30,VISIT,3237,Nearest,OnArrival,5,58,16969,Node_545,-3,0,14,-3,14,,,,,,,,,
30,VISIT,3238,Nearest,OnArrival,5,55,16969,Node_545,-3,0,14,-3,14,,,,,,,,,
30,VISIT,3239,Nearest,OnArrival,5,57,16969,Node_545,-3,0,14,-3,14,,,,,,,,,
30,VISIT,3240,Nearest,OnArrival,5,58,16969,Node_545,-3,0,14,-3,14,,,,,,,,,
30,VISIT,3242,Nearest,OnArrival,5,19,16974,Node_162,18,0,23,18,23,,,,,,,,,
30,VISIT,3243,Nearest,OnArrival,5,18,16974,Node_162,18,0,23,18,23,,,,,,,,,
30,VISIT,3244,Nearest,OnArrival,5,20,16974,Node_640,12,0,23,12,23,,,,,,,,,
30,VISIT,3229,Nearest,OnArrival,5,121,16989,Node_542,-3,0,12,-3,12,,,,,,,,,
30,VISIT,3232,Nearest,OnArrival,5,121,16989,Node_542,-3,0,12,-3,12,,,,,,,,,
30,VISIT,3233,Nearest,OnArrival,5,82,16989,Node_542,-3,0,12,-3,12,,,,,,,,,
30,VISIT,3234,Nearest,OnArrival,5,85,16989,Node_542,-3,0,12,-3,12,,,,,,,,,
30,VISIT,3235,Nearest,OnArrival,5,81,16989,Node_542,-3,0,12,-3,12,,,,,,,,,
30,VISIT,3236,Nearest,OnArrival,5,82,16989,Node_542,-3,0,12,-3,12,,,,,,,,,
30,VISIT,3237,Nearest,OnArrival,5,59,16989,Node_542,-3,0,12,-3,12,,,,,,,,,
30,VISIT,3238,Nearest,OnArrival,5,56,16989,Node_542,-3,0,12,-3,12,,,,,,,,,
30,VISIT,3239,Nearest,OnArrival,5,58,16989,Node_542,-3,0,12,-3,12,,,,,,,,,
30,VISIT,3240,Nearest,OnArrival,5,59,16989,Node_542,-3,0,12,-3,12,,,,,,,,,
30,VISIT,3242,Nearest,OnArrival,5,20,16989,Node_124,19,0,23,19,23,,,,,,,,,
30,VISIT,3243,Nearest,OnArrival,5,19,16989,Node_124,19,0,23,19,23,,,,,,,,,
30,VISIT,3229,Nearest,OnArrival,5,122,16995,Node_603,-3,0,11,-3,11,,,,,,,,,
30,VISIT,3232,Nearest,OnArrival,5,122,16995,Node_603,-3,0,11,-3,11,,,,,,,,,
30,VISIT,3233,Nearest,OnArrival,5,83,16995,Node_603,-3,0,11,-3,11,,,,,,,,,
30,VISIT,3234,Nearest,OnArrival,5,86,16995,Node_603,-3,0,11,-3,11,,,,,,,,,
30,VISIT,3235,Nearest,OnArrival,5,82,16995,Node_603,-3,0,11,-3,11,,,,,,,,,
30,VISIT,3236,Nearest,OnArrival,5,83,16995,Node_603,-3,0,11,-3,11,,,,,,,,,
30,VISIT,3237,Nearest,OnArrival,5,60,16995,Node_603,-3,0,11,-3,11,,,,,,,,,
30,VISIT,3238,Nearest,OnArrival,5,57,16995,Node_603,-3,0,11,-3,11,,,,,,,,,
30,VISIT,3239,Nearest,OnArrival,5,59,16995,Node_603,-3,0,11,-3,11,,,,,,,,,
30,VISIT,3240,Nearest,OnArrival,5,60,16995,Node_603,-3,0,11,-3,11,,,,,,,,,
30,VISIT,3229,Nearest,OnArrival,5,123,17001,Node_600,-3,0,10,-3,10,,,,,,,,,
30,VISIT,3232,Nearest,OnArrival,5,123,17001,Node_600,-3,0,10,-3,10,,,,,,,,,
30,VISIT,3233,Nearest,OnArrival,5,84,17001,Node_600,-3,0,10,-3,10,,,,,,,,,
30,VISIT,3234,Nearest,OnArrival,5,87,17001,Node_600,-3,0,10,-3,10,,,,,,,,,
30,VISIT,3235,Nearest,OnArrival,5,83,17001,Node_600,-3,0,10,-3,10,,,,,,,,,
30,VISIT,3236,Nearest,OnArrival,5,84,17001,Node_600,-3,0,10,-3,10,,,,,,,,,
30,VISIT,3237,Nearest,OnArrival,5,61,17001,Node_600,-3,0,10,-3,10,,,,,,,,,
30,VISIT,3238,Nearest,OnArrival,5,58,17001,Node_600,-3,0,10,-3,10,,,,,,,,,
30,VISIT,3239,Nearest,OnArrival,5,60,17001,Node_600,-3,0,10,-3,10,,,,,,,,,
30,VISIT,3240,Nearest,OnArrival,5,61,17001,Node_600,-3,0,10,-3,10,,,,,,,,,
30,VISIT,3242,Nearest,OnArrival,5,21,17001,Node_234,21,0,23,21,23,,,,,,,,,
30,VISIT,3243,Nearest,OnArrival,5,20,17001,Node_234,21,0,23,21,23,,,,,,,,,
30,VISIT,3229,Nearest,OnArrival,5,124,17008,Node_511,-4,0,10,-4,10,,,,,,,,,
30,VISIT,3232,Nearest,OnArrival,5,124,17008,Node_511,-4,0,10,-4,10,,,,,,,,,
30,VISIT,3233,Nearest,OnArrival,5,85,17008,Node_511,-4,0,10,-4,10,,,,,,,,,
30,VISIT,3234,Nearest,OnArrival,5,88,17008,Node_511,-4,0,10,-4,10,,,,,,,,,
30,VISIT,3235,Nearest,OnArrival,5,84,17008,Node_511,-4,0,10,-4,10,,,,,,,,,
30,VISIT,3236,Nearest,OnArrival,5,85,17008,Node_511,-4,0,10,-4,10,,,,,,,,,
30,VISIT,3237,Nearest,OnArrival,5,62,17008,Node_511,-4,0,10,-4,10,,,,,,,,,
30,VISIT,3238,Nearest,OnArrival,5,59,17008,Node_511,-4,0,10,-4,10,,,,,,,,,
30,VISIT,3239,Nearest,OnArrival,5,61,17008,Node_511,-4,0,10,-4,10,,,,,,,,,
30,VISIT,3240,Nearest,OnArrival,5,62,17008,Node_511,-4,0,10,-4,10,,,,,,,,,
30,VISIT,3229,Nearest,OnArrival,5,125,17017,Node_510,-4,0,9,-4,9,,,,,,,,,
30,VISIT,3232,Nearest,OnArrival,5,125,17017,Node_510,-4,0,9,-4,9,,,,,,,,,
30,VISIT,3233,Nearest,OnArrival,5,86,17017,Node_510,-4,0,9,-4,9,,,,,,,,,
30,VISIT,3234,Nearest,OnArrival,5,89,17017,Node_510,-4,0,9,-4,9,,,,,,,,,
30,VISIT,3235,Nearest,OnArrival,5,85,17017,Node_510,-4,0,9,-4,9,,,,,,,,,
30,VISIT,3236,Nearest,OnArrival,5,86,17017,Node_510,-4,0,9,-4,9,,,,,,,,,
30,VISIT,3237,Nearest,OnArrival,5,63,17017,Node_510,-4,0,9,-4,9,,,,,,,,,
30,VISIT,3238,Nearest,OnArrival,5,60,17017,Node_510,-4,0,9,-4,9,,,,,,,,,
30,VISIT,3239,Nearest,OnArrival,5,62,17017,Node_510,-4,0,9,-4,9,,,,,,,,,
30,VISIT,3240,Nearest,OnArrival,5,63,17017,Node_510,-4,0,9,-4,9,,,,,,,,,
30,VISIT,3242,Nearest,OnArrival,5,22,17017,Node_124,19,0,23,19,23,,,,,,,,,
30,VISIT,3243,Nearest,OnArrival,5,21,17017,Node_124,19,0,23,19,23,,,,,,,,,
30,VISIT,3229,Nearest,OnArrival,5,126,17027,Node_507,-4,0,8,-4,8,,,,,,,,,
30,VISIT,3232,Nearest,OnArrival,5,126,17027,Node_507,-4,0,8,-4,8,,,,,,,,,
30,VISIT,3233,Nearest,OnArrival,5,87,17027,Node_507,-4,0,8,-4,8,,,,,,,,,
30,VISIT,3234,Nearest,OnArrival,5,90,17027,Node_507,-4,0,8,-4,8,,,,,,,,,
30,VISIT,3235,Nearest,OnArrival,5,86,17027,Node_507,-4,0,8,-4,8,,,,,,,,,
30,VISIT,3236,Nearest,OnArrival,5,87,17027,Node_507,-4,0,8,-4,8,,,,,,,,,
30,VISIT,3237,Nearest,OnArrival,5,64,17027,Node_507,-4,0,8,-4,8,,,,,,,,,
30,VISIT,3238,Nearest,OnArrival,5,61,17027,Node_507,-4,0,8,-4,8,,,,,,,,,
30,VISIT,3239,Nearest,OnArrival,5,63,17027,Node_507,-4,0,8,-4,8,,,,,,,,,
30,VISIT,3240,Nearest,OnArrival,5,64,17027,Node_507,-4,0,8,-4,8,,,,,,,,,
30,VISIT,3242,Nearest,OnArrival,5,23,17027,Node_123,19,0,24,19,24,,,,,,,,,
30,VISIT,3243,Nearest,OnArrival,5,22,17027,Node_123,19,0,24,19,24,,,,,,,,,
30,VISIT,3229,Nearest,OnArrival,5,127,17038,Node_504,-4,0,7,-4,7,,,,,,,,,
30,VISIT,3232,Nearest,OnArrival,5,127,17038,Node_504,-4,0,7,-4,7,,,,,,,,,
30,VISIT,3233,Nearest,OnArrival,5,88,17038,Node_504,-4,0,7,-4,7,,,,,,,,,
30,VISIT,3234,Nearest,OnArrival,5,91,17038,Node_504,-4,0,7,-4,7,,,,,,,,,
30,VISIT,3235,Nearest,OnArrival,5,87,17038,Node_504,-4,0,7,-4,7,,,,,,,,,
30,VISIT,3236,Nearest,OnArrival,5,88,17038,Node_504,-4,0,7,-4,7,,,,,,,,,
30,VISIT,3237,Nearest,OnArrival,5,65,17038,Node_504,-4,0,7,-4,7,,,,,,,,,
30,VISIT,3238,Nearest,OnArrival,5,62,17038,Node_504,-4,0,7,-4,7,,,,,,,,,
30,VISIT,3239,Nearest,OnArrival,5,64,17038,Node_504,-4,0,7,-4,7,,,,,,,,,
30,VISIT,3240,Nearest,OnArrival,5,65,17038,Node_504,-4,0,7,-4,7,,,,,,,,,
30,VISIT,3242,Nearest,OnArrival,5,24,17038,Node_690,18,0,24,18,24,,,,,,,,,
30,VISIT,3243,Nearest,OnArrival,5,23,17038,Node_690,18,0,24,18,24,,,,,,,,,
30,VISIT,3229,Nearest,OnArrival,5,128,17049,Node_501,-4,0,6,-4,6,,,,,,,,,
30,VISIT,3232,Nearest,OnArrival,5,128,17049,Node_501,-4,0,6,-4,6,,,,,,,,,
30,VISIT,3233,Nearest,OnArrival,5,89,17049,Node_501,-4,0,6,-4,6,,,,,,,,,
30,VISIT,3234,Nearest,OnArrival,5,92,17049,Node_501,-4,0,6,-4,6,,,,,,,,,
30,VISIT,3235,Nearest,OnArrival,5,88,17049,Node_501,-4,0,6,-4,6,,,,,,,,,
30,VISIT,3236,Nearest,OnArrival,5,89,17049,Node_501,-4,0,6,-4,6,,,,,,,,,
30,VISIT,3237,Nearest,OnArrival,5,66,17049,Node_501,-4,0,6,-4,6,,,,,,,,,
30,VISIT,3238,Nearest,OnArrival,5,63,17049,Node_501,-4,0,6,-4,6,,,,,,,,,
30,VISIT,3239,Nearest,OnArrival,5,65,17049,Node_501,-4,0,6,-4,6,,,,,,,,,
30,VISIT,3240,Nearest,OnArrival,5,66,17049,Node_501,-4,0,6,-4,6,,,,,,,,,
30,VISIT,3242,Nearest,OnArrival,5,25,17049,Node_688,18,0,25,18,25,,,,,,,,,
30,VISIT,3243,Nearest,OnArrival,5,24,17049,Node_688,18,0,25,18,25,,,,,,,,,
30,VISIT,3245,Nearest,OnArrival,5,0,17053,Node_6,19,0,12,19,12,,,,,,,,,
30,VISIT,3246,Nearest,OnArrival,5,0,17053,Node_7,19,0,8,19,8,,,,,,,,,
30,VISIT,3247,Nearest,OnArrival,5,0,17053,Node_8,17,0,10,17,10,,,,,,,,,
30,VISIT,3248,Nearest,OnArrival,5,0,17053,Node_9,21,0,10,21,10,,,,,,,,,
30,VISIT,3242,Nearest,OnArrival,5,26,17057,Node_122,19,0,25,19,25,,,,,,,,,
30,VISIT,3243,Nearest,OnArrival,5,25,17057,Node_122,19,0,25,19,25,,,,,,,,,
30,VISIT,3245,Nearest,OnArrival,5,1,17058,Node_2,19,0,11,19,11,,,,,,,,,
30,VISIT,3246,Nearest,OnArrival,5,1,17058,Node_11,18,0,8,18,8,,,,,,,,,
30,VISIT,3247,Nearest,OnArrival,5,1,17058,Node_24,16,0,10,16,10,,,,,,,,,
30,VISIT,3248,Nearest,OnArrival,5,1,17058,Node_5,20,0,10,20,10,,,,,,,,,
30,VISIT,3229,Nearest,OnArrival,5,129,17063,Node_396,-2,0,6,-2,6,,,,,,,,,
30,VISIT,3232,Nearest,OnArrival,5,129,17063,Node_396,-2,0,6,-2,6,,,,,,,,,
30,VISIT,3233,Nearest,OnArrival,5,90,17063,Node_396,-2,0,6,-2,6,,,,,,,,,
30,VISIT,3234,Nearest,OnArrival,5,93,17063,Node_396,-2,0,6,-2,6,,,,,,,,,
30,VISIT,3235,Nearest,OnArrival,5,89,17063,Node_396,-2,0,6,-2,6,,,,,,,,,
30,VISIT,3236,Nearest,OnArrival,5,90,17063,Node_396,-2,0,6,-2,6,,,,,,,,,
30,VISIT,3237,Nearest,OnArrival,5,67,17063,Node_396,-2,0,6,-2,6,,,,,,,,,
30,VISIT,3238,Nearest,OnArrival,5,64,17063,Node_396,-2,0,6,-2,6,,,,,,,,,
30,VISIT,3239,Nearest,OnArrival,5,66,17063,Node_396,-2,0,6,-2,6,,,,,,,,,
30,VISIT,3240,Nearest,OnArrival,5,67,17063,Node_396,-2,0,6,-2,6,,,,,,,,,
30,VISIT,3242,Nearest,OnArrival,5,27,17063,Node_123,19,0,24,19,24,,,,,,,,,
30,VISIT,3243,Nearest,OnArrival,5,26,17063,Node_123,19,0,24,19,24,,,,,,,,,
30,VISIT,3245,Nearest,OnArrival,5,2,17064,Node_20,19,0,10,19,10,,,,,,,,,
30,VISIT,3246,Nearest,OnArrival,5,2,17064,Node_51,17,0,8,17,8,,,,,,,,,
30,VISIT,3247,Nearest,OnArrival,5,2,17064,Node_26,15,0,10,15,10,,,,,,,,,
30,VISIT,3248,Nearest,OnArrival,5,2,17064,Node_20,19,0,10,19,10,,,,,,,,,
30,VISIT,3242,Nearest,OnArrival,5,28,17068,Node_124,19,0,23,19,23,,,,,,,,,
30,VISIT,3243,Nearest,OnArrival,5,27,17068,Node_124,19,0,23,19,23,,,,,,,,,
30,VISIT,3245,Nearest,OnArrival,5,3,17070,Node_4,18,0,10,18,10,,,,,,,,,
30,VISIT,3246,Nearest,OnArrival,5,3,17070,Node_54,17,0,7,17,7,,,,,,,,,
30,VISIT,3247,Nearest,OnArrival,5,3,17070,Node_127,14,0,10,14,10,,,,,,,,,
30,VISIT,3248,Nearest,OnArrival,5,3,17070,Node_4,18,0,10,18,10,,,,,,,,,
30,VISIT,3229,Nearest,OnArrival,5,130,17074,Node_393,-2,0,4,-2,4,,,,,,,,,
30,VISIT,3232,Nearest,OnArrival,5,130,17074,Node_393,-2,0,4,-2,4,,,,,,,,,
30,VISIT,3233,Nearest,OnArrival,5,91,17074,Node_393,-2,0,4,-2,4,,,,,,,,,
30,VISIT,3234,Nearest,OnArrival,5,94,17074,Node_393,-2,0,4,-2,4,,,,,,,,,
30,VISIT,3235,Nearest,OnArrival,5,90,17074,Node_393,-2,0,4,-2,4,,,,,,,,,
30,VISIT,3236,Nearest,OnArrival,5,91,17074,Node_393,-2,0,4,-2,4,,,,,,,,,
30,VISIT,3237,Nearest,OnArrival,5,68,17074,Node_393,-2,0,4,-2,4,,,,,,,,,
30,VISIT,3238,Nearest,OnArrival,5,65,17074,Node_393,-2,0,4,-2,4,,,,,,,,,
30,VISIT,3239,Nearest,OnArrival,5,67,17074,Node_393,-2,0,4,-2,4,,,,,,,,,
30,VISIT,3240,Nearest,OnArrival,5,68,17074,Node_393,-2,0,4,-2,4,,,,,,,,,
30,VISIT,3242,Nearest,OnArrival,5,29,17074,Node_125,19,0,22,19,22,,,,,,,,,
30,VISIT,3243,Nearest,OnArrival,5,28,17074,Node_125,19,0,22,19,22,,,,,,,,,
30,VISIT,3245,Nearest,OnArrival,5,4,17076,Node_8,17,0,10,17,10,,,,,,,,,
30,VISIT,3246,Nearest,OnArrival,5,4,17076,Node_58,16,0,7,16,7,,,,,,,,,
30,VISIT,3247,Nearest,OnArrival,5,4,17076,Node_166,13,0,10,13,10,,,,,,,,,
30,VISIT,3248,Nearest,OnArrival,5,4,17076,Node_8,17,0,10,17,10,,,,,,,,,
30,VISIT,3229,Nearest,OnArrival,5,131,17080,Node_440,-3,0,4,-3,4,,,,,,,,,
30,VISIT,3232,Nearest,OnArrival,5,131,17080,Node_440,-3,0,4,-3,4,,,,,,,,,
30,VISIT,3233,Nearest,OnArrival,5,92,17080,Node_440,-3,0,4,-3,4,,,,,,,,,
30,VISIT,3234,Nearest,OnArrival,5,95,17080,Node_440,-3,0,4,-3,4,,,,,,,,,
30,VISIT,3235,Nearest,OnArrival,5,91,17080,Node_440,-3,0,4,-3,4,,,,,,,,,
30,VISIT,3236,Nearest,OnArrival,5,92,17080,Node_440,-3,0,4,-3,4,,,,,,,,,
30,VISIT,3237,Nearest,OnArrival,5,69,17080,Node_440,-3,0,4,-3,4,,,,,,,,,
30,VISIT,3238,Nearest,OnArrival,5,66,17080,Node_440,-3,0,4,-3,4,,,,,,,,,
30,VISIT,3239,Nearest,OnArrival,5,68,17080,Node_440,-3,0,4,-3,4,,,,,,,,,
30,VISIT,3240,Nearest,OnArrival,5,69,17080,Node_440,-3,0,4,-3,4,,,,,,,,,
30,VISIT,3245,Nearest,OnArrival,5,5,17082,Node_24,16,0,10,16,10,,,,,,,,,
30,VISIT,3246,Nearest,OnArrival,5,5,17082,Node_79,16,0,6,16,6,,,,,,,,,
30,VISIT,3247,Nearest,OnArrival,5,5,17082,Node_168,13,0,9,13,9,,,,,,,,,
30,VISIT,3248,Nearest,OnArrival,5,5,17082,Node_24,16,0,10,16,10,,,,,,,,,
30,VISIT,3242,Nearest,OnArrival,5,30,17086,Node_154,18,0,21,18,21,,,,,,,,,
30,VISIT,3243,Nearest,OnArrival,5,29,17086,Node_154,18,0,21,18,21,,,,,,,,,
30,VISIT,3245,Nearest,OnArrival,5,6,17088,Node_26,15,0,10,15,10,,,,,,,,,
30,VISIT,3246,Nearest,OnArrival,5,6,17088,Node_68,15,0,6,15,6,,,,,,,,,
30,VISIT,3247,Nearest,OnArrival,5,6,17088,Node_247,12,0,9,12,9,,,,,,,,,
30,VISIT,3248,Nearest,OnArrival,5,6,17088,Node_26,15,0,10,15,10,,,,,,,,,
30,VISIT,3242,Nearest,OnArrival,5,31,17092,Node_184,17,0,21,17,21,,,,,,,,,
30,VISIT,3243,Nearest,OnArrival,5,30,17092,Node_184,17,0,21,17,21,,,,,,,,,
30,VISIT,3245,Nearest,OnArrival,5,7,17094,Node_127,14,0,10,14,10,,,,,,,,,
30,VISIT,3246,Nearest,OnArrival,5,7,17094,Node_188,14,0,6,14,6,,,,,,,,,
30,VISIT,3247,Nearest,OnArrival,5,7,17094,Node_252,11,0,9,11,9,,,,,,,,,
30,VISIT,3248,Nearest,OnArrival,5,7,17094,Node_127,14,0,10,14,10,,,,,,,,,
30,VISIT,3242,Nearest,OnArrival,5,32,17099,Node_154,18,0,21,18,21,,,,,,,,,
30,VISIT,3243,Nearest,OnArrival,5,31,17099,Node_154,18,0,21,18,21,,,,,,,,,
30,VISIT,3245,Nearest,OnArrival,5,8,17101,Node_166,13,0,10,13,10,,,,,,,,,
30,VISIT,3246,Nearest,OnArrival,5,8,17101,Node_172,13,0,6,13,6,,,,,,,,,
30,VISIT,3247,Nearest,OnArrival,5,8,17101,Node_254,10,0,9,10,9,,,,,,,,,
30,VISIT,3248,Nearest,OnArrival,5,8,17101,Node_166,13,0,10,13,10,,,,,,,,,
30,VISIT,3229,Nearest,OnArrival,5,132,17106,Node_465,-7,0,4,-7,4,,,,,,,,,
30,VISIT,3232,Nearest,OnArrival,5,132,17106,Node_465,-7,0,4,-7,4,,,,,,,,,
30,VISIT,3233,Nearest,OnArrival,5,93,17106,Node_465,-7,0,4,-7,4,,,,,,,,,
30,VISIT,3234,Nearest,OnArrival,5,96,17106,Node_465,-7,0,4,-7,4,,,,,,,,,
30,VISIT,3235,Nearest,OnArrival,5,92,17106,Node_465,-7,0,4,-7,4,,,,,,,,,
30,VISIT,3236,Nearest,OnArrival,5,93,17106,Node_465,-7,0,4,-7,4,,,,,,,,,
30,VISIT,3237,Nearest,OnArrival,5,70,17106,Node_465,-7,0,4,-7,4,,,,,,,,,
30,VISIT,3238,Nearest,OnArrival,5,67,17106,Node_465,-7,0,4,-7,4,,,,,,,,,
30,VISIT,3239,Nearest,OnArrival,5,69,17106,Node_465,-7,0,4,-7,4,,,,,,,,,
30,VISIT,3240,Nearest,OnArrival,5,70,17106,Node_465,-7,0,4,-7,4,,,,,,,,,
30,VISIT,3242,Nearest,OnArrival,5,33,17106,Node_158,18,0,22,18,22,,,,,,,,,
30,VISIT,3243,Nearest,OnArrival,5,32,17106,Node_158,18,0,22,18,22,,,,,,,,,
30,VISIT,3245,Nearest,OnArrival,5,9,17108,Node_168,13,0,9,13,9,,,,,,,,,
30,VISIT,3246,Nearest,OnArrival,5,9,17108,Node_181,12,0,6,12,6,,,,,,,,,
30,VISIT,3247,Nearest,OnArrival,5,9,17108,Node_256,10,0,10,10,10,,,,,,,,,
30,VISIT,3248,Nearest,OnArrival,5,9,17108,Node_168,13,0,9,13,9,,,,,,,,,
30,VISIT,3242,Nearest,OnArrival,5,34,17112,Node_125,19,0,22,19,22,,,,,,,,,
30,VISIT,3243,Nearest,OnArrival,5,33,17112,Node_125,19,0,22,19,22,,,,,,,,,
30,VISIT,3245,Nearest,OnArrival,5,10,17115,Node_247,12,0,9,12,9,,,,,,,,,
30,VISIT,3246,Nearest,OnArrival,5,10,17115,Node_192,11,0,6,11,6,,,,,,,,,
30,VISIT,3247,Nearest,OnArrival,5,10,17115,Node_290,9,0,10,9,10,,,,,,,,,
30,VISIT,3248,Nearest,OnArrival,5,10,17115,Node_247,12,0,9,12,9,,,,,,,,,
30,VISIT,3229,Nearest,OnArrival,5,133,17120,Node_463,-7,0,2,-7,2,,,,,,,,,
30,VISIT,3232,Nearest,OnArrival,5,133,17120,Node_463,-7,0,2,-7,2,,,,,,,,,
30,VISIT,3233,Nearest,OnArrival,5,94,17120,Node_463,-7,0,2,-7,2,,,,,,,,,
30,VISIT,3234,Nearest,OnArrival,5,97,17120,Node_463,-7,0,2,-7,2,,,,,,,,,
30,VISIT,3235,Nearest,OnArrival,5,93,17120,Node_463,-7,0,2,-7,2,,,,,,,,,
30,VISIT,3236,Nearest,OnArrival,5,94,17120,Node_463,-7,0,2,-7,2,,,,,,,,,
30,VISIT,3237,Nearest,OnArrival,5,71,17120,Node_463,-7,0,2,-7,2,,,,,,,,,
30,VISIT,3238,Nearest,OnArrival,5,68,17120,Node_463,-7,0,2,-7,2,,,,,,,,,
30,VISIT,3239,Nearest,OnArrival,5,70,17120,Node_463,-7,0,2,-7,2,,,,,,,,,
30,VISIT,3240,Nearest,OnArrival,5,71,17120,Node_463,-7,0,2,-7,2,,,,,,,,,
30,VISIT,3242,Nearest,OnArrival,5,35,17120,Node_694,19,0,21,19,21,,,,,,,,,
30,VISIT,3243,Nearest,OnArrival,5,34,17120,Node_694,19,0,21,19,21,,,,,,,,,
30,VISIT,3245,Nearest,OnArrival,5,11,17123,Node_252,11,0,9,11,9,,,,,,,,,
30,VISIT,3246,Nearest,OnArrival,5,11,17123,Node_210,10,0,6,10,6,,,,,,,,,
30,VISIT,3247,Nearest,OnArrival,5,11,17123,Node_480,8,0,10,8,10,,,,,,,,,
30,VISIT,3248,Nearest,OnArrival,5,11,17123,Node_252,11,0,9,11,9,,,,,,,,,
30,VISIT,3242,Nearest,OnArrival,5,36,17128,Node_154,18,0,21,18,21,,,,,,,,,
30,VISIT,3243,Nearest,OnArrival,5,35,17128,Node_154,18,0,21,18,21,,,,,,,,,
30,VISIT,3245,Nearest,OnArrival,5,12,17132,Node_254,10,0,9,10,9,,,,,,,,,
30,VISIT,3246,Nearest,OnArrival,5,12,17132,Node_211,9,0,6,9,6,,,,,,,,,
30,VISIT,3248,Nearest,OnArrival,5,12,17132,Node_254,10,0,9,10,9,,,,,,,,,
30,VISIT,3242,Nearest,OnArrival,5,37,17138,Node_184,17,0,21,17,21,,,,,,,,,
30,VISIT,3243,Nearest,OnArrival,5,36,17138,Node_184,17,0,21,17,21,,,,,,,,,
30,VISIT,3245,Nearest,OnArrival,5,13,17142,Node_256,10,0,10,10,10,,,,,,,,,
30,VISIT,3246,Nearest,OnArrival,5,13,17142,Node_215,8,0,6,8,6,,,,,,,,,
30,VISIT,3247,Nearest,OnArrival,5,12,17142,Node_473,6,0,10,6,10,,,,,,,,,
30,VISIT,3248,Nearest,OnArrival,5,13,17142,Node_256,10,0,10,10,10,,,,,,,,,
30,VISIT,3229,Nearest,OnArrival,5,134,17147,Node_459,-10,0,2,-10,2,,,,,,,,,
30,VISIT,3232,Nearest,OnArrival,5,134,17147,Node_459,-10,0,2,-10,2,,,,,,,,,
30,VISIT,3233,Nearest,OnArrival,5,95,17147,Node_459,-10,0,2,-10,2,,,,,,,,,
30,VISIT,3234,Nearest,OnArrival,5,98,17147,Node_459,-10,0,2,-10,2,,,,,,,,,
30,VISIT,3235,Nearest,OnArrival,5,94,17147,Node_459,-10,0,2,-10,2,,,,,,,,,
30,VISIT,3236,Nearest,OnArrival,5,95,17147,Node_459,-10,0,2,-10,2,,,,,,,,,
30,VISIT,3237,Nearest,OnArrival,5,72,17147,Node_459,-10,0,2,-10,2,,,,,,,,,
30,VISIT,3238,Nearest,OnArrival,5,69,17147,Node_459,-10,0,2,-10,2,,,,,,,,,
30,VISIT,3239,Nearest,OnArrival,5,71,17147,Node_459,-10,0,2,-10,2,,,,,,,,,
30,VISIT,3240,Nearest,OnArrival,5,72,17147,Node_459,-10,0,2,-10,2,,,,,,,,,
30,VISIT,3242,Nearest,OnArrival,5,38,17147,Node_186,16,0,21,16,21,,,,,,,,,
30,VISIT,3243,Nearest,OnArrival,5,37,17147,Node_186,16,0,21,16,21,,,,,,,,,
30,VISIT,3245,Nearest,OnArrival,5,14,17151,Node_290,9,0,10,9,10,,,,,,,,,
30,VISIT,3246,Nearest,OnArrival,5,14,17151,Node_224,7,0,6,7,6,,,,,,,,,
30,VISIT,3247,Nearest,OnArrival,5,13,17151,Node_471,6,0,9,6,9,,,,,,,,,
30,VISIT,3248,Nearest,OnArrival,5,14,17151,Node_290,9,0,10,9,10,,,,,,,,,
30,VISIT,3242,Nearest,OnArrival,5,39,17157,Node_191,15,0,21,15,21,,,,,,,,,
30,VISIT,3243,Nearest,OnArrival,5,38,17157,Node_191,15,0,21,15,21,,,,,,,,,
30,VISIT,3245,Nearest,OnArrival,5,15,17161,Node_480,8,0,10,8,10,,,,,,,,,
30,VISIT,3246,Nearest,OnArrival,5,15,17161,Node_226,6,0,6,6,6,,,,,,,,,
30,VISIT,3247,Nearest,OnArrival,5,14,17161,Node_237,5,0,9,5,9,,,,,,,,,
30,VISIT,3248,Nearest,OnArrival,5,15,17161,Node_480,8,0,10,8,10,,,,,,,,,
30,VISIT,3242,Nearest,OnArrival,5,40,17167,Node_680,14,0,21,14,21,,,,,,,,,
30,VISIT,3243,Nearest,OnArrival,5,39,17167,Node_680,14,0,21,14,21,,,,,,,,,
30,VISIT,3246,Nearest,OnArrival,5,16,17171,Node_233,5,0,6,5,6,,,,,,,,,
30,VISIT,3229,Nearest,OnArrival,5,135,17181,Node_458,-10,0,-1,-10,-1,,,,,,,,,
30,VISIT,3232,Nearest,OnArrival,5,135,17181,Node_458,-10,0,-1,-10,-1,,,,,,,,,
30,VISIT,3233,Nearest,OnArrival,5,96,17181,Node_458,-10,0,-1,-10,-1,,,,,,,,,
30,VISIT,3234,Nearest,OnArrival,5,99,17181,Node_458,-10,0,-1,-10,-1,,,,,,,,,
30,VISIT,3235,Nearest,OnArrival,5,95,17181,Node_458,-10,0,-1,-10,-1,,,,,,,,,
30,VISIT,3236,Nearest,OnArrival,5,96,17181,Node_458,-10,0,-1,-10,-1,,,,,,,,,
30,VISIT,3237,Nearest,OnArrival,5,73,17181,Node_458,-10,0,-1,-10,-1,,,,,,,,,
30,VISIT,3238,Nearest,OnArrival,5,70,17181,Node_458,-10,0,-1,-10,-1,,,,,,,,,
30,VISIT,3239,Nearest,OnArrival,5,72,17181,Node_458,-10,0,-1,-10,-1,,,,,,,,,
30,VISIT,3240,Nearest,OnArrival,5,73,17181,Node_458,-10,0,-1,-10,-1,,,,,,,,,
30,VISIT,3242,Nearest,OnArrival,5,41,17181,Node_678,14,0,20,14,20,,,,,,,,,
30,VISIT,3243,Nearest,OnArrival,5,40,17181,Node_678,14,0,20,14,20,,,,,,,,,
30,VISIT,3245,Nearest,OnArrival,5,16,17185,Node_473,6,0,10,6,10,,,,,,,,,
30,VISIT,3248,Nearest,OnArrival,5,16,17185,Node_473,6,0,10,6,10,,,,,,,,,
30,VISIT,3242,Nearest,OnArrival,5,42,17193,Node_189,15,0,20,15,20,,,,,,,,,
30,VISIT,3243,Nearest,OnArrival,5,41,17193,Node_189,15,0,20,15,20,,,,,,,,,
30,VISIT,3245,Nearest,OnArrival,5,17,17197,Node_471,6,0,9,6,9,,,,,,,,,
30,VISIT,3246,Nearest,OnArrival,5,17,17197,Node_356,3,0,6,3,6,,,,,,,,,
30,VISIT,3247,Nearest,OnArrival,5,15,17197,Node_233,5,0,6,5,6,,,,,,,,,
30,VISIT,3248,Nearest,OnArrival,5,17,17197,Node_471,6,0,9,6,9,,,,,,,,,
30,VISIT,3229,Nearest,OnArrival,5,136,17204,Node_457,-8,0,-1,-8,-1,,,,,,,,,
30,VISIT,3232,Nearest,OnArrival,5,136,17204,Node_457,-8,0,-1,-8,-1,,,,,,,,,
30,VISIT,3233,Nearest,OnArrival,5,97,17204,Node_457,-8,0,-1,-8,-1,,,,,,,,,
30,VISIT,3234,Nearest,OnArrival,5,100,17204,Node_457,-8,0,-1,-8,-1,,,,,,,,,
30,VISIT,3235,Nearest,OnArrival,5,96,17204,Node_457,-8,0,-1,-8,-1,,,,,,,,,
30,VISIT,3236,Nearest,OnArrival,5,97,17204,Node_457,-8,0,-1,-8,-1,,,,,,,,,
30,VISIT,3237,Nearest,OnArrival,5,74,17204,Node_457,-8,0,-1,-8,-1,,,,,,,,,
30,VISIT,3238,Nearest,OnArrival,5,71,17204,Node_457,-8,0,-1,-8,-1,,,,,,,,,
30,VISIT,3239,Nearest,OnArrival,5,73,17204,Node_457,-8,0,-1,-8,-1,,,,,,,,,
30,VISIT,3240,Nearest,OnArrival,5,74,17204,Node_457,-8,0,-1,-8,-1,,,,,,,,,
30,VISIT,3245,Nearest,OnArrival,5,18,17208,Node_237,5,0,9,5,9,,,,,,,,,
30,VISIT,3246,Nearest,OnArrival,5,18,17208,Node_526,2,0,6,2,6,,,,,,,,,
30,VISIT,3248,Nearest,OnArrival,5,18,17208,Node_237,5,0,9,5,9,,,,,,,,,
30,VISIT,3229,Nearest,OnArrival,5,137,17216,Node_456,-8,0,-2,-8,-2,,,,,,,,,
30,VISIT,3232,Nearest,OnArrival,5,137,17216,Node_456,-8,0,-2,-8,-2,,,,,,,,,
30,VISIT,3233,Nearest,OnArrival,5,98,17216,Node_456,-8,0,-2,-8,-2,,,,,,,,,
30,VISIT,3234,Nearest,OnArrival,5,101,17216,Node_456,-8,0,-2,-8,-2,,,,,,,,,
30,VISIT,3235,Nearest,OnArrival,5,97,17216,Node_456,-8,0,-2,-8,-2,,,,,,,,,
30,VISIT,3236,Nearest,OnArrival,5,98,17216,Node_456,-8,0,-2,-8,-2,,,,,,,,,
30,VISIT,3237,Nearest,OnArrival,5,75,17216,Node_456,-8,0,-2,-8,-2,,,,,,,,,
30,VISIT,3238,Nearest,OnArrival,5,72,17216,Node_456,-8,0,-2,-8,-2,,,,,,,,,
30,VISIT,3239,Nearest,OnArrival,5,74,17216,Node_456,-8,0,-2,-8,-2,,,,,,,,,
30,VISIT,3240,Nearest,OnArrival,5,75,17216,Node_456,-8,0,-2,-8,-2,,,,,,,,,
30,VISIT,3247,Nearest,OnArrival,5,16,17220,Node_356,3,0,6,3,6,,,,,,,,,
30,VISIT,3242,Nearest,OnArrival,5,43,17230,Node_675,14,0,18,14,18,,,,,,,,,
30,VISIT,3243,Nearest,OnArrival,5,42,17230,Node_675,14,0,18,14,18,,,,,,,,,
30,VISIT,3229,Nearest,OnArrival,5,138,17234,Node_456,-8,0,-2,-8,-2,,,,,,,,,
30,VISIT,3232,Nearest,OnArrival,5,138,17234,Node_456,-8,0,-2,-8,-2,,,,,,,,,
30,VISIT,3233,Nearest,OnArrival,5,99,17234,Node_456,-8,0,-2,-8,-2,,,,,,,,,
30,VISIT,3234,Nearest,OnArrival,5,102,17234,Node_456,-8,0,-2,-8,-2,,,,,,,,,
30,VISIT,3235,Nearest,OnArrival,5,98,17234,Node_456,-8,0,-2,-8,-2,,,,,,,,,
30,VISIT,3236,Nearest,OnArrival,5,99,17234,Node_456,-8,0,-2,-8,-2,,,,,,,,,
30,VISIT,3237,Nearest,OnArrival,5,76,17234,Node_456,-8,0,-2,-8,-2,,,,,,,,,
30,VISIT,3238,Nearest,OnArrival,5,73,17234,Node_456,-8,0,-2,-8,-2,,,,,,,,,
30,VISIT,3239,Nearest,OnArrival,5,75,17234,Node_456,-8,0,-2,-8,-2,,,,,,,,,
30,VISIT,3240,Nearest,OnArrival,5,76,17234,Node_456,-8,0,-2,-8,-2,,,,,,,,,
30,VISIT,3242,Nearest,OnArrival,5,44,17234,Node_676,14,0,19,14,19,,,,,,,,,
30,VISIT,3243,Nearest,OnArrival,5,43,17234,Node_676,14,0,19,14,19,,,,,,,,,
30,VISIT,3247,Nearest,OnArrival,5,17,17234,Node_526,2,0,6,2,6,,,,,,,,,
30,VISIT,3229,Nearest,OnArrival,5,139,17238,Node_457,-8,0,-1,-8,-1,,,,,,,,,
30,VISIT,3232,Nearest,OnArrival,5,139,17238,Node_457,-8,0,-1,-8,-1,,,,,,,,,
30,VISIT,3233,Nearest,OnArrival,5,100,17238,Node_457,-8,0,-1,-8,-1,,,,,,,,,
30,VISIT,3234,Nearest,OnArrival,5,103,17238,Node_457,-8,0,-1,-8,-1,,,,,,,,,
30,VISIT,3235,Nearest,OnArrival,5,99,17238,Node_457,-8,0,-1,-8,-1,,,,,,,,,
30,VISIT,3236,Nearest,OnArrival,5,100,17238,Node_457,-8,0,-1,-8,-1,,,,,,,,,
30,VISIT,3237,Nearest,OnArrival,5,77,17238,Node_457,-8,0,-1,-8,-1,,,,,,,,,
30,VISIT,3238,Nearest,OnArrival,5,74,17238,Node_457,-8,0,-1,-8,-1,,,,,,,,,
30,VISIT,3239,Nearest,OnArrival,5,76,17238,Node_457,-8,0,-1,-8,-1,,,,,,,,,
30,VISIT,3240,Nearest,OnArrival,5,77,17238,Node_457,-8,0,-1,-8,-1,,,,,,,,,
30,VISIT,3242,Nearest,OnArrival,5,45,17238,Node_695,15,0,19,15,19,,,,,,,,,
30,VISIT,3243,Nearest,OnArrival,5,44,17238,Node_695,15,0,19,15,19,,,,,,,,,
30,VISIT,3245,Nearest,OnArrival,5,19,17238,Node_233,5,0,6,5,6,,,,,,,,,
30,VISIT,3246,Nearest,OnArrival,5,19,17238,Node_530,-1,0,6,-1,6,,,,,,,,,
30,VISIT,3248,Nearest,OnArrival,5,19,17238,Node_233,5,0,6,5,6,,,,,,,,,
30,VISIT,3242,Nearest,OnArrival,5,46,17242,Node_189,15,0,20,15,20,,,,,,,,,
30,VISIT,3243,Nearest,OnArrival,5,45,17242,Node_189,15,0,20,15,20,,,,,,,,,
30,VISIT,3246,Nearest,OnArrival,5,20,17242,Node_396,-2,0,6,-2,6,,,,,,,,,
30,VISIT,3229,Nearest,OnArrival,5,140,17257,Node_458,-10,0,-1,-10,-1,,,,,,,,,
30,VISIT,3232,Nearest,OnArrival,5,140,17257,Node_458,-10,0,-1,-10,-1,,,,,,,,,
30,VISIT,3233,Nearest,OnArrival,5,101,17257,Node_458,-10,0,-1,-10,-1,,,,,,,,,
30,VISIT,3234,Nearest,OnArrival,5,104,17257,Node_458,-10,0,-1,-10,-1,,,,,,,,,
30,VISIT,3235,Nearest,OnArrival,5,100,17257,Node_458,-10,0,-1,-10,-1,,,,,,,,,
30,VISIT,3236,Nearest,OnArrival,5,101,17257,Node_458,-10,0,-1,-10,-1,,,,,,,,,
30,VISIT,3237,Nearest,OnArrival,5,78,17257,Node_458,-10,0,-1,-10,-1,,,,,,,,,
30,VISIT,3238,Nearest,OnArrival,5,75,17257,Node_458,-10,0,-1,-10,-1,,,,,,,,,
30,VISIT,3239,Nearest,OnArrival,5,77,17257,Node_458,-10,0,-1,-10,-1,,,,,,,,,
30,VISIT,3240,Nearest,OnArrival,5,78,17257,Node_458,-10,0,-1,-10,-1,,,,,,,,,
30,VISIT,3242,Nearest,OnArrival,5,47,17257,Node_191,15,0,21,15,21,,,,,,,,,
30,VISIT,3243,Nearest,OnArrival,5,46,17257,Node_191,15,0,21,15,21,,,,,,,,,
30,VISIT,3245,Nearest,OnArrival,5,20,17257,Node_356,3,0,6,3,6,,,,,,,,,
30,VISIT,3247,Nearest,OnArrival,5,18,17257,Node_530,-1,0,6,-1,6,,,,,,,,,
30,VISIT,3248,Nearest,OnArrival,5,20,17257,Node_356,3,0,6,3,6,,,,,,,,,
30,VISIT,3242,Nearest,OnArrival,5,48,17261,Node_677,15,0,22,15,22,,,,,,,,,
30,VISIT,3243,Nearest,OnArrival,5,47,17261,Node_677,15,0,22,15,22,,,,,,,,,
30,VISIT,3245,Nearest,OnArrival,5,21,17261,Node_526,2,0,6,2,6,,,,,,,,,
30,VISIT,3246,Nearest,OnArrival,5,21,17261,Node_393,-2,0,4,-2,4,,,,,,,,,
30,VISIT,3247,Nearest,OnArrival,5,19,17261,Node_396,-2,0,6,-2,6,,,,,,,,,
30,VISIT,3248,Nearest,OnArrival,5,21,17261,Node_526,2,0,6,2,6,,,,,,,,,
30,VISIT,3242,Nearest,OnArrival,5,49,17274,Node_682,14,0,22,14,22,,,,,,,,,
30,VISIT,3243,Nearest,OnArrival,5,48,17274,Node_682,14,0,22,14,22,,,,,,,,,
30,VISIT,3246,Nearest,OnArrival,5,22,17274,Node_440,-3,0,4,-3,4,,,,,,,,,
30,VISIT,3229,Nearest,OnArrival,5,141,17289,Node_459,-10,0,2,-10,2,,,,,,,,,
30,VISIT,3232,Nearest,OnArrival,5,141,17289,Node_459,-10,0,2,-10,2,,,,,,,,,
30,VISIT,3233,Nearest,OnArrival,5,102,17289,Node_459,-10,0,2,-10,2,,,,,,,,,
30,VISIT,3234,Nearest,OnArrival,5,105,17289,Node_459,-10,0,2,-10,2,,,,,,,,,
30,VISIT,3235,Nearest,OnArrival,5,101,17289,Node_459,-10,0,2,-10,2,,,,,,,,,
30,VISIT,3236,Nearest,OnArrival,5,102,17289,Node_459,-10,0,2,-10,2,,,,,,,,,
30,VISIT,3237,Nearest,OnArrival,5,79,17289,Node_459,-10,0,2,-10,2,,,,,,,,,
30,VISIT,3238,Nearest,OnArrival,5,76,17289,Node_459,-10,0,2,-10,2,,,,,,,,,
30,VISIT,3239,Nearest,OnArrival,5,78,17289,Node_459,-10,0,2,-10,2,,,,,,,,,
30,VISIT,3240,Nearest,OnArrival,5,79,17289,Node_459,-10,0,2,-10,2,,,,,,,,,
30,VISIT,3242,Nearest,OnArrival,5,50,17289,Node_689,13,0,22,13,22,,,,,,,,,
30,VISIT,3243,Nearest,OnArrival,5,49,17289,Node_689,13,0,22,13,22,,,,,,,,,
30,VISIT,3247,Nearest,OnArrival,5,20,17289,Node_393,-2,0,4,-2,4,,,,,,,,,
30,VISIT,3242,Nearest,OnArrival,5,51,17293,Node_687,13,0,23,13,23,,,,,,,,,
30,VISIT,3243,Nearest,OnArrival,5,50,17293,Node_687,13,0,23,13,23,,,,,,,,,
30,VISIT,3245,Nearest,OnArrival,5,22,17293,Node_530,-1,0,6,-1,6,,,,,,,,,
30,VISIT,3247,Nearest,OnArrival,5,21,17293,Node_440,-3,0,4,-3,4,,,,,,,,,
30,VISIT,3248,Nearest,OnArrival,5,22,17293,Node_530,-1,0,6,-1,6,,,,,,,,,
30,VISIT,3242,Nearest,OnArrival,5,52,17307,Node_640,12,0,23,12,23,,,,,,,,,
30,VISIT,3243,Nearest,OnArrival,5,51,17307,Node_640,12,0,23,12,23,,,,,,,,,
30,VISIT,3245,Nearest,OnArrival,5,23,17307,Node_396,-2,0,6,-2,6,,,,,,,,,
30,VISIT,3248,Nearest,OnArrival,5,23,17307,Node_396,-2,0,6,-2,6,,,,,,,,,
30,VISIT,3229,Nearest,OnArrival,5,142,17322,Node_463,-7,0,2,-7,2,,,,,,,,,
30,VISIT,3232,Nearest,OnArrival,5,142,17322,Node_463,-7,0,2,-7,2,,,,,,,,,
30,VISIT,3233,Nearest,OnArrival,5,103,17322,Node_463,-7,0,2,-7,2,,,,,,,,,
30,VISIT,3234,Nearest,OnArrival,5,106,17322,Node_463,-7,0,2,-7,2,,,,,,,,,
30,VISIT,3235,Nearest,OnArrival,5,102,17322,Node_463,-7,0,2,-7,2,,,,,,,,,
30,VISIT,3236,Nearest,OnArrival,5,103,17322,Node_463,-7,0,2,-7,2,,,,,,,,,
30,VISIT,3237,Nearest,OnArrival,5,80,17322,Node_463,-7,0,2,-7,2,,,,,,,,,
30,VISIT,3238,Nearest,OnArrival,5,77,17322,Node_463,-7,0,2,-7,2,,,,,,,,,
30,VISIT,3239,Nearest,OnArrival,5,79,17322,Node_463,-7,0,2,-7,2,,,,,,,,,
30,VISIT,3240,Nearest,OnArrival,5,80,17322,Node_463,-7,0,2,-7,2,,,,,,,,,
30,VISIT,3242,Nearest,OnArrival,5,53,17322,Node_691,12,0,22,12,22,,,,,,,,,
30,VISIT,3243,Nearest,OnArrival,5,52,17322,Node_691,12,0,22,12,22,,,,,,,,,
30,VISIT,3246,Nearest,OnArrival,5,23,17322,Node_465,-7,0,4,-7,4,,,,,,,,,
30,VISIT,3245,Nearest,OnArrival,5,24,17326,Node_393,-2,0,4,-2,4,,,,,,,,,
30,VISIT,3248,Nearest,OnArrival,5,24,17326,Node_393,-2,0,4,-2,4,,,,,,,,,
30,VISIT,3229,Nearest,OnArrival,5,143,17340,Node_465,-7,0,4,-7,4,,,,,,,,,
30,VISIT,3232,Nearest,OnArrival,5,143,17340,Node_465,-7,0,4,-7,4,,,,,,,,,
30,VISIT,3233,Nearest,OnArrival,5,104,17340,Node_465,-7,0,4,-7,4,,,,,,,,,
30,VISIT,3234,Nearest,OnArrival,5,107,17340,Node_465,-7,0,4,-7,4,,,,,,,,,
30,VISIT,3235,Nearest,OnArrival,5,103,17340,Node_465,-7,0,4,-7,4,,,,,,,,,
30,VISIT,3236,Nearest,OnArrival,5,104,17340,Node_465,-7,0,4,-7,4,,,,,,,,,
30,VISIT,3237,Nearest,OnArrival,5,81,17340,Node_465,-7,0,4,-7,4,,,,,,,,,
30,VISIT,3238,Nearest,OnArrival,5,78,17340,Node_465,-7,0,4,-7,4,,,,,,,,,
30,VISIT,3239,Nearest,OnArrival,5,80,17340,Node_465,-7,0,4,-7,4,,,,,,,,,
30,VISIT,3240,Nearest,OnArrival,5,81,17340,Node_465,-7,0,4,-7,4,,,,,,,,,
30,VISIT,3245,Nearest,OnArrival,5,25,17340,Node_440,-3,0,4,-3,4,,,,,,,,,
30,VISIT,3246,Nearest,OnArrival,5,24,17340,Node_463,-7,0,2,-7,2,,,,,,,,,
30,VISIT,3247,Nearest,OnArrival,5,22,17340,Node_465,-7,0,4,-7,4,,,,,,,,,
30,VISIT,3248,Nearest,OnArrival,5,25,17340,Node_440,-3,0,4,-3,4,,,,,,,,,
30,VISIT,3242,Nearest,OnArrival,5,54,17344,Node_522,11,0,20,11,20,,,,,,,,,
30,VISIT,3243,Nearest,OnArrival,5,53,17344,Node_522,11,0,20,11,20,,,,,,,,,
30,VISIT,3249,Nearest,OnArrival,5,0,17356,Node_6,19,0,12,19,12,,,,,,,,,
30,VISIT,3250,Nearest,OnArrival,5,0,17356,Node_7,19,0,8,19,8,,,,,,,,,
30,VISIT,3251,Nearest,OnArrival,5,0,17356,Node_8,17,0,10,17,10,,,,,,,,,
30,VISIT,3252,Nearest,OnArrival,5,0,17356,Node_9,21,0,10,21,10,,,,,,,,,
30,VISIT,3242,Nearest,OnArrival,5,55,17359,Node_523,11,0,21,11,21,,,,,,,,,
30,VISIT,3243,Nearest,OnArrival,5,54,17359,Node_523,11,0,21,11,21,,,,,,,,,
30,VISIT,3247,Nearest,OnArrival,5,23,17359,Node_463,-7,0,2,-7,2,,,,,,,,,
30,VISIT,3249,Nearest,OnArrival,5,1,17361,Node_10,18,0,12,18,12,,,,,,,,,
30,VISIT,3250,Nearest,OnArrival,5,1,17361,Node_3,19,0,9,19,9,,,,,,,,,
30,VISIT,3251,Nearest,OnArrival,5,1,17361,Node_12,17,0,11,17,11,,,,,,,,,
30,VISIT,3252,Nearest,OnArrival,5,1,17361,Node_5,20,0,10,20,10,,,,,,,,,
30,VISIT,3246,Nearest,OnArrival,5,25,17365,Node_459,-10,0,2,-10,2,,,,,,,,,
30,VISIT,3249,Nearest,OnArrival,5,2,17368,Node_16,17,0,12,17,12,,,,,,,,,
30,VISIT,3250,Nearest,OnArrival,5,2,17368,Node_20,19,0,10,19,10,,,,,,,,,
30,VISIT,3251,Nearest,OnArrival,5,2,17368,Node_16,17,0,12,17,12,,,,,,,,,
30,VISIT,3252,Nearest,OnArrival,5,2,17368,Node_57,20,0,11,20,11,,,,,,,,,
30,VISIT,3229,Nearest,OnArrival,5,144,17372,Node_440,-3,0,4,-3,4,,,,,,,,,
30,VISIT,3232,Nearest,OnArrival,5,144,17372,Node_440,-3,0,4,-3,4,,,,,,,,,
30,VISIT,3233,Nearest,OnArrival,5,105,17372,Node_440,-3,0,4,-3,4,,,,,,,,,
30,VISIT,3234,Nearest,OnArrival,5,108,17372,Node_440,-3,0,4,-3,4,,,,,,,,,
30,VISIT,3235,Nearest,OnArrival,5,104,17372,Node_440,-3,0,4,-3,4,,,,,,,,,
30,VISIT,3236,Nearest,OnArrival,5,105,17372,Node_440,-3,0,4,-3,4,,,,,,,,,
30,VISIT,3237,Nearest,OnArrival,5,82,17372,Node_440,-3,0,4,-3,4,,,,,,,,,
30,VISIT,3238,Nearest,OnArrival,5,79,17372,Node_440,-3,0,4,-3,4,,,,,,,,,
30,VISIT,3239,Nearest,OnArrival,5,81,17372,Node_440,-3,0,4,-3,4,,,,,,,,,
30,VISIT,3240,Nearest,OnArrival,5,82,17372,Node_440,-3,0,4,-3,4,,,,,,,,,
30,VISIT,3245,Nearest,OnArrival,5,26,17372,Node_465,-7,0,4,-7,4,,,,,,,,,
30,VISIT,3248,Nearest,OnArrival,5,26,17372,Node_465,-7,0,4,-7,4,,,,,,,,,
30,VISIT,3249,Nearest,OnArrival,5,3,17375,Node_18,16,0,12,16,12,,,,,,,,,
30,VISIT,3250,Nearest,OnArrival,5,3,17375,Node_4,18,0,10,18,10,,,,,,,,,
30,VISIT,3251,Nearest,OnArrival,5,3,17375,Node_18,16,0,12,16,12,,,,,,,,,
30,VISIT,3252,Nearest,OnArrival,5,3,17375,Node_46,20,0,12,20,12,,,,,,,,,
30,VISIT,3229,Nearest,OnArrival,5,145,17376,Node_393,-2,0,4,-2,4,,,,,,,,,
30,VISIT,3232,Nearest,OnArrival,5,145,17376,Node_393,-2,0,4,-2,4,,,,,,,,,
30,VISIT,3233,Nearest,OnArrival,5,106,17376,Node_393,-2,0,4,-2,4,,,,,,,,,
30,VISIT,3234,Nearest,OnArrival,5,109,17376,Node_393,-2,0,4,-2,4,,,,,,,,,
30,VISIT,3235,Nearest,OnArrival,5,105,17376,Node_393,-2,0,4,-2,4,,,,,,,,,
30,VISIT,3236,Nearest,OnArrival,5,106,17376,Node_393,-2,0,4,-2,4,,,,,,,,,
30,VISIT,3237,Nearest,OnArrival,5,83,17376,Node_393,-2,0,4,-2,4,,,,,,,,,
30,VISIT,3238,Nearest,OnArrival,5,80,17376,Node_393,-2,0,4,-2,4,,,,,,,,,
30,VISIT,3239,Nearest,OnArrival,5,82,17376,Node_393,-2,0,4,-2,4,,,,,,,,,
30,VISIT,3240,Nearest,OnArrival,5,83,17376,Node_393,-2,0,4,-2,4,,,,,,,,,
30,VISIT,3247,Nearest,OnArrival,5,24,17376,Node_459,-10,0,2,-10,2,,,,,,,,,
30,VISIT,3242,Nearest,OnArrival,5,56,17380,Node_607,8,0,22,8,22,,,,,,,,,
30,VISIT,3243,Nearest,OnArrival,5,55,17380,Node_607,8,0,22,8,22,,,,,,,,,
30,VISIT,3245,Nearest,OnArrival,5,27,17380,Node_463,-7,0,2,-7,2,,,,,,,,,
30,VISIT,3246,Nearest,OnArrival,5,26,17380,Node_458,-10,0,-1,-10,-1,,,,,,,,,
30,VISIT,3248,Nearest,OnArrival,5,27,17380,Node_463,-7,0,2,-7,2,,,,,,,,,
30,VISIT,3249,Nearest,OnArrival,5,4,17380,Node_29,15,0,12,15,12,,,,,,,,,
30,VISIT,3250,Nearest,OnArrival,5,4,17380,Node_8,17,0,10,17,10,,,,,,,,,
30,VISIT,3251,Nearest,OnArrival,5,4,17380,Node_29,15,0,12,15,12,,,,,,,,,
30,VISIT,3252,Nearest,OnArrival,5,4,17380,Node_49,20,0,13,20,13,,,,,,,,,
30,VISIT,3229,Nearest,OnArrival,5,146,17387,Node_396,-2,0,6,-2,6,,,,,,,,,
30,VISIT,3232,Nearest,OnArrival,5,146,17387,Node_396,-2,0,6,-2,6,,,,,,,,,
30,VISIT,3233,Nearest,OnArrival,5,107,17387,Node_396,-2,0,6,-2,6,,,,,,,,,
30,VISIT,3234,Nearest,OnArrival,5,110,17387,Node_396,-2,0,6,-2,6,,,,,,,,,
30,VISIT,3235,Nearest,OnArrival,5,106,17387,Node_396,-2,0,6,-2,6,,,,,,,,,
30,VISIT,3236,Nearest,OnArrival,5,107,17387,Node_396,-2,0,6,-2,6,,,,,,,,,
30,VISIT,3237,Nearest,OnArrival,5,84,17387,Node_396,-2,0,6,-2,6,,,,,,,,,
30,VISIT,3238,Nearest,OnArrival,5,81,17387,Node_396,-2,0,6,-2,6,,,,,,,,,
30,VISIT,3239,Nearest,OnArrival,5,83,17387,Node_396,-2,0,6,-2,6,,,,,,,,,
30,VISIT,3240,Nearest,OnArrival,5,84,17387,Node_396,-2,0,6,-2,6,,,,,,,,,
30,VISIT,3242,Nearest,OnArrival,5,57,17387,Node_605,8,0,21,8,21,,,,,,,,,
30,VISIT,3243,Nearest,OnArrival,5,56,17387,Node_605,8,0,21,8,21,,,,,,,,,
30,VISIT,3249,Nearest,OnArrival,5,5,17387,Node_31,15,0,13,15,13,,,,,,,,,
30,VISIT,3250,Nearest,OnArrival,5,5,17387,Node_12,17,0,11,17,11,,,,,,,,,
30,VISIT,3251,Nearest,OnArrival,5,5,17387,Node_31,15,0,13,15,13,,,,,,,,,
30,VISIT,3252,Nearest,OnArrival,5,5,17387,Node_53,20,0,14,20,14,,,,,,,,,
30,VISIT,3229,Nearest,OnArrival,5,147,17391,Node_530,-1,0,6,-1,6,,,,,,,,,
30,VISIT,3232,Nearest,OnArrival,5,147,17391,Node_530,-1,0,6,-1,6,,,,,,,,,
30,VISIT,3233,Nearest,OnArrival,5,108,17391,Node_530,-1,0,6,-1,6,,,,,,,,,
30,VISIT,3234,Nearest,OnArrival,5,111,17391,Node_530,-1,0,6,-1,6,,,,,,,,,
30,VISIT,3235,Nearest,OnArrival,5,107,17391,Node_530,-1,0,6,-1,6,,,,,,,,,
30,VISIT,3236,Nearest,OnArrival,5,108,17391,Node_530,-1,0,6,-1,6,,,,,,,,,
30,VISIT,3237,Nearest,OnArrival,5,85,17391,Node_530,-1,0,6,-1,6,,,,,,,,,
30,VISIT,3238,Nearest,OnArrival,5,82,17391,Node_530,-1,0,6,-1,6,,,,,,,,,
30,VISIT,3239,Nearest,OnArrival,5,84,17391,Node_530,-1,0,6,-1,6,,,,,,,,,
30,VISIT,3240,Nearest,OnArrival,5,85,17391,Node_530,-1,0,6,-1,6,,,,,,,,,
30,VISIT,3242,Nearest,OnArrival,5,58,17391,Node_700,9,0,21,9,21,,,,,,,,,
30,VISIT,3243,Nearest,OnArrival,5,57,17391,Node_700,9,0,21,9,21,,,,,,,,,
30,VISIT,3246,Nearest,OnArrival,5,27,17391,Node_457,-8,0,-1,-8,-1,,,,,,,,,
30,VISIT,3247,Nearest,OnArrival,5,25,17391,Node_458,-10,0,-1,-10,-1,,,,,,,,,
30,VISIT,3249,Nearest,OnArrival,5,6,17391,Node_36,14,0,13,14,13,,,,,,,,,
30,VISIT,3250,Nearest,OnArrival,5,6,17391,Node_16,17,0,12,17,12,,,,,,,,,
30,VISIT,3251,Nearest,OnArrival,5,6,17391,Node_36,14,0,13,14,13,,,,,,,,,
30,VISIT,3245,Nearest,OnArrival,5,28,17395,Node_459,-10,0,2,-10,2,,,,,,,,,
30,VISIT,3246,Nearest,OnArrival,5,28,17395,Node_456,-8,0,-2,-8,-2,,,,,,,,,
30,VISIT,3248,Nearest,OnArrival,5,28,17395,Node_459,-10,0,2,-10,2,,,,,,,,,
30,VISIT,3249,Nearest,OnArrival,5,7,17395,Node_37,14,0,14,14,14,,,,,,,,,
30,VISIT,3250,Nearest,OnArrival,5,7,17395,Node_18,16,0,12,16,12,,,,,,,,,
30,VISIT,3251,Nearest,OnArrival,5,7,17395,Node_37,14,0,14,14,14,,,,,,,,,
30,VISIT,3252,Nearest,OnArrival,5,6,17395,Node_133,18,0,14,18,14,,,,,,,,,
30,VISIT,3242,Nearest,OnArrival,5,59,17401,Node_602,8,0,20,8,20,,,,,,,,,
30,VISIT,3243,Nearest,OnArrival,5,58,17401,Node_602,8,0,20,8,20,,,,,,,,,
30,VISIT,3246,Nearest,OnArrival,5,29,17401,Node_457,-8,0,-1,-8,-1,,,,,,,,,
30,VISIT,3247,Nearest,OnArrival,5,26,17401,Node_457,-8,0,-1,-8,-1,,,,,,,,,
30,VISIT,3249,Nearest,OnArrival,5,8,17401,Node_38,13,0,14,13,14,,,,,,,,,
30,VISIT,3250,Nearest,OnArrival,5,8,17401,Node_29,15,0,12,15,12,,,,,,,,,
30,VISIT,3251,Nearest,OnArrival,5,8,17401,Node_38,13,0,14,13,14,,,,,,,,,
30,VISIT,3252,Nearest,OnArrival,5,7,17401,Node_167,17,0,14,17,14,,,,,,,,,
30,VISIT,3229,Nearest,OnArrival,5,148,17407,Node_526,2,0,6,2,6,,,,,,,,,
30,VISIT,3232,Nearest,OnArrival,5,148,17407,Node_526,2,0,6,2,6,,,,,,,,,
30,VISIT,3233,Nearest,OnArrival,5,109,17407,Node_526,2,0,6,2,6,,,,,,,,,
30,VISIT,3234,Nearest,OnArrival,5,112,17407,Node_526,2,0,6,2,6,,,,,,,,,
30,VISIT,3235,Nearest,OnArrival,5,108,17407,Node_526,2,0,6,2,6,,,,,,,,,
30,VISIT,3236,Nearest,OnArrival,5,109,17407,Node_526,2,0,6,2,6,,,,,,,,,
30,VISIT,3237,Nearest,OnArrival,5,86,17407,Node_526,2,0,6,2,6,,,,,,,,,
30,VISIT,3238,Nearest,OnArrival,5,83,17407,Node_526,2,0,6,2,6,,,,,,,,,
30,VISIT,3239,Nearest,OnArrival,5,85,17407,Node_526,2,0,6,2,6,,,,,,,,,
30,VISIT,3240,Nearest,OnArrival,5,86,17407,Node_526,2,0,6,2,6,,,,,,,,,
30,VISIT,3242,Nearest,OnArrival,5,60,17407,Node_605,8,0,21,8,21,,,,,,,,,
30,VISIT,3243,Nearest,OnArrival,5,59,17407,Node_605,8,0,21,8,21,,,,,,,,,
30,VISIT,3247,Nearest,OnArrival,5,27,17407,Node_456,-8,0,-2,-8,-2,,,,,,,,,
30,VISIT,3249,Nearest,OnArrival,5,9,17407,Node_39,13,0,15,13,15,,,,,,,,,
30,VISIT,3250,Nearest,OnArrival,5,9,17407,Node_31,15,0,13,15,13,,,,,,,,,
30,VISIT,3251,Nearest,OnArrival,5,9,17407,Node_39,13,0,15,13,15,,,,,,,,,
30,VISIT,3252,Nearest,OnArrival,5,8,17407,Node_160,16,0,14,16,14,,,,,,,,,
30,VISIT,3229,Nearest,OnArrival,5,149,17411,Node_356,3,0,6,3,6,,,,,,,,,
30,VISIT,3232,Nearest,OnArrival,5,149,17411,Node_356,3,0,6,3,6,,,,,,,,,
30,VISIT,3233,Nearest,OnArrival,5,110,17411,Node_356,3,0,6,3,6,,,,,,,,,
30,VISIT,3234,Nearest,OnArrival,5,113,17411,Node_356,3,0,6,3,6,,,,,,,,,
30,VISIT,3235,Nearest,OnArrival,5,109,17411,Node_356,3,0,6,3,6,,,,,,,,,
30,VISIT,3236,Nearest,OnArrival,5,110,17411,Node_356,3,0,6,3,6,,,,,,,,,
30,VISIT,3237,Nearest,OnArrival,5,87,17411,Node_356,3,0,6,3,6,,,,,,,,,
30,VISIT,3238,Nearest,OnArrival,5,84,17411,Node_356,3,0,6,3,6,,,,,,,,,
30,VISIT,3239,Nearest,OnArrival,5,86,17411,Node_356,3,0,6,3,6,,,,,,,,,
30,VISIT,3240,Nearest,OnArrival,5,87,17411,Node_356,3,0,6,3,6,,,,,,,,,
30,VISIT,3242,Nearest,OnArrival,5,61,17411,Node_607,8,0,22,8,22,,,,,,,,,
30,VISIT,3243,Nearest,OnArrival,5,60,17411,Node_607,8,0,22,8,22,,,,,,,,,
30,VISIT,3245,Nearest,OnArrival,5,29,17411,Node_458,-10,0,-1,-10,-1,,,,,,,,,
30,VISIT,3246,Nearest,OnArrival,5,30,17411,Node_458,-10,0,-1,-10,-1,,,,,,,,,
30,VISIT,3247,Nearest,OnArrival,5,28,17411,Node_457,-8,0,-1,-8,-1,,,,,,,,,
30,VISIT,3248,Nearest,OnArrival,5,29,17411,Node_458,-10,0,-1,-10,-1,,,,,,,,,
30,VISIT,3249,Nearest,OnArrival,5,10,17411,Node_40,13,0,16,13,16,,,,,,,,,
30,VISIT,3250,Nearest,OnArrival,5,10,17411,Node_36,14,0,13,14,13,,,,,,,,,
30,VISIT,3251,Nearest,OnArrival,5,10,17411,Node_40,13,0,16,13,16,,,,,,,,,
30,VISIT,3252,Nearest,OnArrival,5,9,17411,Node_140,15,0,14,15,14,,,,,,,,,
30,VISIT,3242,Nearest,OnArrival,5,62,17415,Node_608,7,0,22,7,22,,,,,,,,,
30,VISIT,3243,Nearest,OnArrival,5,61,17415,Node_608,7,0,22,7,22,,,,,,,,,
30,VISIT,3249,Nearest,OnArrival,5,11,17415,Node_41,13,0,17,13,17,,,,,,,,,
30,VISIT,3250,Nearest,OnArrival,5,11,17415,Node_37,14,0,14,14,14,,,,,,,,,
30,VISIT,3251,Nearest,OnArrival,5,11,17415,Node_41,13,0,17,13,17,,,,,,,,,
30,VISIT,3252,Nearest,OnArrival,5,10,17415,Node_37,14,0,14,14,14,,,,,,,,,
30,VISIT,3229,Nearest,OnArrival,5,150,17427,Node_233,5,0,6,5,6,,,,,,,,,
30,VISIT,3232,Nearest,OnArrival,5,150,17427,Node_233,5,0,6,5,6,,,,,,,,,
30,VISIT,3233,Nearest,OnArrival,5,111,17427,Node_233,5,0,6,5,6,,,,,,,,,
30,VISIT,3234,Nearest,OnArrival,5,114,17427,Node_233,5,0,6,5,6,,,,,,,,,
30,VISIT,3235,Nearest,OnArrival,5,110,17427,Node_233,5,0,6,5,6,,,,,,,,,
30,VISIT,3236,Nearest,OnArrival,5,111,17427,Node_233,5,0,6,5,6,,,,,,,,,
30,VISIT,3237,Nearest,OnArrival,5,88,17427,Node_233,5,0,6,5,6,,,,,,,,,
30,VISIT,3238,Nearest,OnArrival,5,85,17427,Node_233,5,0,6,5,6,,,,,,,,,
30,VISIT,3239,Nearest,OnArrival,5,87,17427,Node_233,5,0,6,5,6,,,,,,,,,
30,VISIT,3240,Nearest,OnArrival,5,88,17427,Node_233,5,0,6,5,6,,,,,,,,,
30,VISIT,3245,Nearest,OnArrival,5,30,17427,Node_457,-8,0,-1,-8,-1,,,,,,,,,
30,VISIT,3247,Nearest,OnArrival,5,29,17427,Node_458,-10,0,-1,-10,-1,,,,,,,,,
30,VISIT,3248,Nearest,OnArrival,5,30,17427,Node_457,-8,0,-1,-8,-1,,,,,,,,,
30,VISIT,3249,Nearest,OnArrival,5,12,17427,Node_42,13,0,18,13,18,,,,,,,,,
30,VISIT,3250,Nearest,OnArrival,5,12,17427,Node_38,13,0,14,13,14,,,,,,,,,
30,VISIT,3251,Nearest,OnArrival,5,12,17427,Node_42,13,0,18,13,18,,,,,,,,,
30,VISIT,3252,Nearest,OnArrival,5,11,17427,Node_38,13,0,14,13,14,,,,,,,,,
30,VISIT,3242,Nearest,OnArrival,5,63,17431,Node_612,6,0,23,6,23,,,,,,,,,
30,VISIT,3243,Nearest,OnArrival,5,62,17431,Node_612,6,0,23,6,23,,,,,,,,,
30,VISIT,3245,Nearest,OnArrival,5,31,17431,Node_456,-8,0,-2,-8,-2,,,,,,,,,
30,VISIT,3246,Nearest,OnArrival,5,31,17431,Node_459,-10,0,2,-10,2,,,,,,,,,
30,VISIT,3248,Nearest,OnArrival,5,31,17431,Node_456,-8,0,-2,-8,-2,,,,,,,,,
30,VISIT,3249,Nearest,OnArrival,5,13,17431,Node_43,12,0,18,12,18,,,,,,,,,
30,VISIT,3250,Nearest,OnArrival,5,13,17431,Node_39,13,0,15,13,15,,,,,,,,,
30,VISIT,3251,Nearest,OnArrival,5,13,17431,Node_43,12,0,18,12,18,,,,,,,,,
30,VISIT,3252,Nearest,OnArrival,5,12,17431,Node_39,13,0,15,13,15,,,,,,,,,
30,VISIT,3242,Nearest,OnArrival,5,64,17437,Node_614,6,0,24,6,24,,,,,,,,,
30,VISIT,3243,Nearest,OnArrival,5,63,17437,Node_614,6,0,24,6,24,,,,,,,,,
30,VISIT,3245,Nearest,OnArrival,5,32,17437,Node_457,-8,0,-1,-8,-1,,,,,,,,,
30,VISIT,3248,Nearest,OnArrival,5,32,17437,Node_457,-8,0,-1,-8,-1,,,,,,,,,
30,VISIT,3249,Nearest,OnArrival,5,14,17437,Node_521,11,0,18,11,18,,,,,,,,,
30,VISIT,3250,Nearest,OnArrival,5,14,17437,Node_40,13,0,16,13,16,,,,,,,,,
30,VISIT,3251,Nearest,OnArrival,5,14,17437,Node_521,11,0,18,11,18,,,,,,,,,
30,VISIT,3252,Nearest,OnArrival,5,13,17437,Node_40,13,0,16,13,16,,,,,,,,,
30,VISIT,3229,Nearest,OnArrival,5,151,17447,Node_237,5,0,9,5,9,,,,,,,,,
30,VISIT,3232,Nearest,OnArrival,5,151,17447,Node_237,5,0,9,5,9,,,,,,,,,
30,VISIT,3233,Nearest,OnArrival,5,112,17447,Node_237,5,0,9,5,9,,,,,,,,,
30,VISIT,3234,Nearest,OnArrival,5,115,17447,Node_237,5,0,9,5,9,,,,,,,,,
30,VISIT,3235,Nearest,OnArrival,5,111,17447,Node_237,5,0,9,5,9,,,,,,,,,
30,VISIT,3236,Nearest,OnArrival,5,112,17447,Node_237,5,0,9,5,9,,,,,,,,,
30,VISIT,3237,Nearest,OnArrival,5,89,17447,Node_237,5,0,9,5,9,,,,,,,,,
30,VISIT,3238,Nearest,OnArrival,5,86,17447,Node_237,5,0,9,5,9,,,,,,,,,
30,VISIT,3239,Nearest,OnArrival,5,88,17447,Node_237,5,0,9,5,9,,,,,,,,,
30,VISIT,3240,Nearest,OnArrival,5,89,17447,Node_237,5,0,9,5,9,,,,,,,,,
30,VISIT,3242,Nearest,OnArrival,5,65,17447,Node_624,5,0,24,5,24,,,,,,,,,
30,VISIT,3243,Nearest,OnArrival,5,64,17447,Node_624,5,0,24,5,24,,,,,,,,,
30,VISIT,3247,Nearest,OnArrival,5,30,17447,Node_459,-10,0,2,-10,2,,,,,,,,,
30,VISIT,3250,Nearest,OnArrival,5,15,17447,Node_41,13,0,17,13,17,,,,,,,,,
30,VISIT,3252,Nearest,OnArrival,5,14,17447,Node_41,13,0,17,13,17,,,,,,,,,
30,VISIT,3229,Nearest,OnArrival,5,152,17451,Node_238,5,0,10,5,10,,,,,,,,,
30,VISIT,3232,Nearest,OnArrival,5,152,17451,Node_238,5,0,10,5,10,,,,,,,,,
30,VISIT,3233,Nearest,OnArrival,5,113,17451,Node_238,5,0,10,5,10,,,,,,,,,
30,VISIT,3234,Nearest,OnArrival,5,116,17451,Node_238,5,0,10,5,10,,,,,,,,,
30,VISIT,3235,Nearest,OnArrival,5,112,17451,Node_238,5,0,10,5,10,,,,,,,,,
30,VISIT,3236,Nearest,OnArrival,5,113,17451,Node_238,5,0,10,5,10,,,,,,,,,
30,VISIT,3237,Nearest,OnArrival,5,90,17451,Node_238,5,0,10,5,10,,,,,,,,,
30,VISIT,3238,Nearest,OnArrival,5,87,17451,Node_238,5,0,10,5,10,,,,,,,,,
30,VISIT,3239,Nearest,OnArrival,5,89,17451,Node_238,5,0,10,5,10,,,,,,,,,
30,VISIT,3240,Nearest,OnArrival,5,90,17451,Node_238,5,0,10,5,10,,,,,,,,,
30,VISIT,3242,Nearest,OnArrival,5,66,17451,Node_614,6,0,24,6,24,,,,,,,,,
30,VISIT,3243,Nearest,OnArrival,5,65,17451,Node_614,6,0,24,6,24,,,,,,,,,
30,VISIT,3245,Nearest,OnArrival,5,33,17451,Node_458,-10,0,-1,-10,-1,,,,,,,,,
30,VISIT,3246,Nearest,OnArrival,5,32,17451,Node_463,-7,0,2,-7,2,,,,,,,,,
30,VISIT,3248,Nearest,OnArrival,5,33,17451,Node_458,-10,0,-1,-10,-1,,,,,,,,,
30,VISIT,3249,Nearest,OnArrival,5,15,17451,Node_522,11,0,20,11,20,,,,,,,,,
30,VISIT,3250,Nearest,OnArrival,5,16,17451,Node_42,13,0,18,13,18,,,,,,,,,
30,VISIT,3251,Nearest,OnArrival,5,15,17451,Node_522,11,0,20,11,20,,,,,,,,,
30,VISIT,3252,Nearest,OnArrival,5,15,17451,Node_42,13,0,18,13,18,,,,,,,,,
30,VISIT,3242,Nearest,OnArrival,5,67,17455,Node_612,6,0,23,6,23,,,,,,,,,
30,VISIT,3243,Nearest,OnArrival,5,66,17455,Node_612,6,0,23,6,23,,,,,,,,,
30,VISIT,3249,Nearest,OnArrival,5,16,17455,Node_523,11,0,21,11,21,,,,,,,,,
30,VISIT,3250,Nearest,OnArrival,5,17,17455,Node_43,12,0,18,12,18,,,,,,,,,
30,VISIT,3251,Nearest,OnArrival,5,16,17455,Node_523,11,0,21,11,21,,,,,,,,,
30,VISIT,3252,Nearest,OnArrival,5,16,17455,Node_43,12,0,18,12,18,,,,,,,,,
30,VISIT,3229,Nearest,OnArrival,5,153,17470,Node_241,5,0,12,5,12,,,,,,,,,
30,VISIT,3232,Nearest,OnArrival,5,153,17470,Node_241,5,0,12,5,12,,,,,,,,,
30,VISIT,3233,Nearest,OnArrival,5,114,17470,Node_241,5,0,12,5,12,,,,,,,,,
30,VISIT,3234,Nearest,OnArrival,5,117,17470,Node_241,5,0,12,5,12,,,,,,,,,
30,VISIT,3235,Nearest,OnArrival,5,113,17470,Node_241,5,0,12,5,12,,,,,,,,,
30,VISIT,3236,Nearest,OnArrival,5,114,17470,Node_241,5,0,12,5,12,,,,,,,,,
30,VISIT,3237,Nearest,OnArrival,5,91,17470,Node_241,5,0,12,5,12,,,,,,,,,
30,VISIT,3238,Nearest,OnArrival,5,88,17470,Node_241,5,0,12,5,12,,,,,,,,,
30,VISIT,3239,Nearest,OnArrival,5,90,17470,Node_241,5,0,12,5,12,,,,,,,,,
30,VISIT,3240,Nearest,OnArrival,5,91,17470,Node_241,5,0,12,5,12,,,,,,,,,
30,VISIT,3242,Nearest,OnArrival,5,68,17470,Node_703,6,0,22,6,22,,,,,,,,,
30,VISIT,3243,Nearest,OnArrival,5,67,17470,Node_703,6,0,22,6,22,,,,,,,,,
30,VISIT,3246,Nearest,OnArrival,5,33,17470,Node_465,-7,0,4,-7,4,,,,,,,,,
30,VISIT,3247,Nearest,OnArrival,5,31,17470,Node_463,-7,0,2,-7,2,,,,,,,,,
30,VISIT,3249,Nearest,OnArrival,5,17,17470,Node_698,12,0,21,12,21,,,,,,,,,
30,VISIT,3250,Nearest,OnArrival,5,18,17470,Node_521,11,0,18,11,18,,,,,,,,,
30,VISIT,3251,Nearest,OnArrival,5,17,17470,Node_698,12,0,21,12,21,,,,,,,,,
30,VISIT,3252,Nearest,OnArrival,5,17,17470,Node_521,11,0,18,11,18,,,,,,,,,
30,VISIT,3229,Nearest,OnArrival,5,154,17474,Node_243,5,0,13,5,13,,,,,,,,,
30,VISIT,3232,Nearest,OnArrival,5,154,17474,Node_243,5,0,13,5,13,,,,,,,,,
30,VISIT,3233,Nearest,OnArrival,5,115,17474,Node_243,5,0,13,5,13,,,,,,,,,
30,VISIT,3234,Nearest,OnArrival,5,118,17474,Node_243,5,0,13,5,13,,,,,,,,,
30,VISIT,3235,Nearest,OnArrival,5,114,17474,Node_243,5,0,13,5,13,,,,,,,,,
30,VISIT,3236,Nearest,OnArrival,5,115,17474,Node_243,5,0,13,5,13,,,,,,,,,
30,VISIT,3237,Nearest,OnArrival,5,92,17474,Node_243,5,0,13,5,13,,,,,,,,,
30,VISIT,3238,Nearest,OnArrival,5,89,17474,Node_243,5,0,13,5,13,,,,,,,,,
30,VISIT,3239,Nearest,OnArrival,5,91,17474,Node_243,5,0,13,5,13,,,,,,,,,
30,VISIT,3240,Nearest,OnArrival,5,92,17474,Node_243,5,0,13,5,13,,,,,,,,,
30,VISIT,3245,Nearest,OnArrival,5,34,17474,Node_459,-10,0,2,-10,2,,,,,,,,,
30,VISIT,3248,Nearest,OnArrival,5,34,17474,Node_459,-10,0,2,-10,2,,,,,,,,,
30,VISIT,3249,Nearest,OnArrival,5,18,17474,Node_691,12,0,22,12,22,,,,,,,,,
30,VISIT,3251,Nearest,OnArrival,5,18,17474,Node_691,12,0,22,12,22,,,,,,,,,
30,VISIT,3229,Nearest,OnArrival,5,155,17478,Node_244,5,0,14,5,14,,,,,,,,,
30,VISIT,3232,Nearest,OnArrival,5,155,17478,Node_244,5,0,14,5,14,,,,,,,,,
30,VISIT,3233,Nearest,OnArrival,5,116,17478,Node_244,5,0,14,5,14,,,,,,,,,
30,VISIT,3234,Nearest,OnArrival,5,119,17478,Node_244,5,0,14,5,14,,,,,,,,,
30,VISIT,3235,Nearest,OnArrival,5,115,17478,Node_244,5,0,14,5,14,,,,,,,,,
30,VISIT,3236,Nearest,OnArrival,5,116,17478,Node_244,5,0,14,5,14,,,,,,,,,
30,VISIT,3237,Nearest,OnArrival,5,93,17478,Node_244,5,0,14,5,14,,,,,,,,,
30,VISIT,3238,Nearest,OnArrival,5,90,17478,Node_244,5,0,14,5,14,,,,,,,,,
30,VISIT,3239,Nearest,OnArrival,5,92,17478,Node_244,5,0,14,5,14,,,,,,,,,
30,VISIT,3240,Nearest,OnArrival,5,93,17478,Node_244,5,0,14,5,14,,,,,,,,,
30,VISIT,3243,Nearest,OnArrival,5,68,17478,Node_703,6,0,22,6,22,,,,,,,,,
30,VISIT,3247,Nearest,OnArrival,5,32,17478,Node_465,-7,0,4,-7,4,,,,,,,,,
30,VISIT,3249,Nearest,OnArrival,5,19,17478,Node_524,11,0,22,11,22,,,,,,,,,
30,VISIT,3250,Nearest,OnArrival,5,19,17478,Node_522,11,0,20,11,20,,,,,,,,,
30,VISIT,3251,Nearest,OnArrival,5,19,17478,Node_524,11,0,22,11,22,,,,,,,,,
30,VISIT,3252,Nearest,OnArrival,5,18,17478,Node_522,11,0,20,11,20,,,,,,,,,
30,VISIT,3229,Nearest,OnArrival,5,156,17482,Node_245,5,0,15,5,15,,,,,,,,,
30,VISIT,3232,Nearest,OnArrival,5,156,17482,Node_245,5,0,15,5,15,,,,,,,,,
30,VISIT,3233,Nearest,OnArrival,5,117,17482,Node_245,5,0,15,5,15,,,,,,,,,
30,VISIT,3234,Nearest,OnArrival,5,120,17482,Node_245,5,0,15,5,15,,,,,,,,,
30,VISIT,3235,Nearest,OnArrival,5,116,17482,Node_245,5,0,15,5,15,,,,,,,,,
30,VISIT,3236,Nearest,OnArrival,5,117,17482,Node_245,5,0,15,5,15,,,,,,,,,
30,VISIT,3237,Nearest,OnArrival,5,94,17482,Node_245,5,0,15,5,15,,,,,,,,,
30,VISIT,3238,Nearest,OnArrival,5,91,17482,Node_245,5,0,15,5,15,,,,,,,,,
30,VISIT,3239,Nearest,OnArrival,5,93,17482,Node_245,5,0,15,5,15,,,,,,,,,
30,VISIT,3240,Nearest,OnArrival,5,94,17482,Node_245,5,0,15,5,15,,,,,,,,,
30,VISIT,3243,Nearest,OnArrival,5,69,17482,Node_612,6,0,23,6,23,,,,,,,,,
30,VISIT,3249,Nearest,OnArrival,5,20,17482,Node_525,11,0,23,11,23,,,,,,,,,
30,VISIT,3250,Nearest,OnArrival,5,20,17482,Node_523,11,0,21,11,21,,,,,,,,,
30,VISIT,3251,Nearest,OnArrival,5,20,17482,Node_525,11,0,23,11,23,,,,,,,,,
30,VISIT,3252,Nearest,OnArrival,5,19,17482,Node_523,11,0,21,11,21,,,,,,,,,
30,VISIT,3229,Nearest,OnArrival,5,157,17487,Node_582,5,0,16,5,16,,,,,,,,,
30,VISIT,3232,Nearest,OnArrival,5,157,17487,Node_582,5,0,16,5,16,,,,,,,,,
30,VISIT,3233,Nearest,OnArrival,5,118,17487,Node_582,5,0,16,5,16,,,,,,,,,
30,VISIT,3234,Nearest,OnArrival,5,121,17487,Node_582,5,0,16,5,16,,,,,,,,,
30,VISIT,3235,Nearest,OnArrival,5,117,17487,Node_582,5,0,16,5,16,,,,,,,,,
30,VISIT,3236,Nearest,OnArrival,5,118,17487,Node_582,5,0,16,5,16,,,,,,,,,
30,VISIT,3237,Nearest,OnArrival,5,95,17487,Node_582,5,0,16,5,16,,,,,,,,,
30,VISIT,3238,Nearest,OnArrival,5,92,17487,Node_582,5,0,16,5,16,,,,,,,,,
30,VISIT,3239,Nearest,OnArrival,5,94,17487,Node_582,5,0,16,5,16,,,,,,,,,
30,VISIT,3240,Nearest,OnArrival,5,95,17487,Node_582,5,0,16,5,16,,,,,,,,,
30,VISIT,3243,Nearest,OnArrival,5,70,17487,Node_614,6,0,24,6,24,,,,,,,,,
30,VISIT,3245,Nearest,OnArrival,5,35,17487,Node_463,-7,0,2,-7,2,,,,,,,,,
30,VISIT,3246,Nearest,OnArrival,5,34,17487,Node_440,-3,0,4,-3,4,,,,,,,,,
30,VISIT,3248,Nearest,OnArrival,5,35,17487,Node_463,-7,0,2,-7,2,,,,,,,,,
30,VISIT,3249,Nearest,OnArrival,5,21,17487,Node_638,11,0,24,11,24,,,,,,,,,
30,VISIT,3250,Nearest,OnArrival,5,21,17487,Node_524,11,0,22,11,22,,,,,,,,,
30,VISIT,3251,Nearest,OnArrival,5,21,17487,Node_638,11,0,24,11,24,,,,,,,,,
30,VISIT,3252,Nearest,OnArrival,5,20,17487,Node_524,11,0,22,11,22,,,,,,,,,
30,VISIT,3229,Nearest,OnArrival,5,158,17491,Node_554,5,0,17,5,17,,,,,,,,,
30,VISIT,3232,Nearest,OnArrival,5,158,17491,Node_554,5,0,17,5,17,,,,,,,,,
30,VISIT,3233,Nearest,OnArrival,5,119,17491,Node_554,5,0,17,5,17,,,,,,,,,
30,VISIT,3234,Nearest,OnArrival,5,122,17491,Node_554,5,0,17,5,17,,,,,,,,,
30,VISIT,3235,Nearest,OnArrival,5,118,17491,Node_554,5,0,17,5,17,,,,,,,,,
30,VISIT,3236,Nearest,OnArrival,5,119,17491,Node_554,5,0,17,5,17,,,,,,,,,
30,VISIT,3237,Nearest,OnArrival,5,96,17491,Node_554,5,0,17,5,17,,,,,,,,,
30,VISIT,3238,Nearest,OnArrival,5,93,17491,Node_554,5,0,17,5,17,,,,,,,,,
30,VISIT,3239,Nearest,OnArrival,5,95,17491,Node_554,5,0,17,5,17,,,,,,,,,
30,VISIT,3240,Nearest,OnArrival,5,96,17491,Node_554,5,0,17,5,17,,,,,,,,,
30,VISIT,3243,Nearest,OnArrival,5,71,17491,Node_617,6,0,25,6,25,,,,,,,,,
30,VISIT,3246,Nearest,OnArrival,5,35,17491,Node_393,-2,0,4,-2,4,,,,,,,,,
30,VISIT,3249,Nearest,OnArrival,5,22,17491,Node_631,10,0,24,10,24,,,,,,,,,
30,VISIT,3250,Nearest,OnArrival,5,22,17491,Node_525,11,0,23,11,23,,,,,,,,,
30,VISIT,3251,Nearest,OnArrival,5,22,17491,Node_631,10,0,24,10,24,,,,,,,,,
30,VISIT,3252,Nearest,OnArrival,5,21,17491,Node_525,11,0,23,11,23,,,,,,,,,
30,VISIT,3229,Nearest,OnArrival,5,159,17497,Node_555,5,0,18,5,18,,,,,,,,,
30,VISIT,3232,Nearest,OnArrival,5,159,17497,Node_555,5,0,18,5,18,,,,,,,,,
30,VISIT,3233,Nearest,OnArrival,5,120,17497,Node_555,5,0,18,5,18,,,,,,,,,
30,VISIT,3234,Nearest,OnArrival,5,123,17497,Node_555,5,0,18,5,18,,,,,,,,,
30,VISIT,3235,Nearest,OnArrival,5,119,17497,Node_555,5,0,18,5,18,,,,,,,,,
30,VISIT,3236,Nearest,OnArrival,5,120,17497,Node_555,5,0,18,5,18,,,,,,,,,
30,VISIT,3237,Nearest,OnArrival,5,97,17497,Node_555,5,0,18,5,18,,,,,,,,,
30,VISIT,3238,Nearest,OnArrival,5,94,17497,Node_555,5,0,18,5,18,,,,,,,,,
30,VISIT,3239,Nearest,OnArrival,5,96,17497,Node_555,5,0,18,5,18,,,,,,,,,
30,VISIT,3240,Nearest,OnArrival,5,97,17497,Node_555,5,0,18,5,18,,,,,,,,,
30,VISIT,3245,Nearest,OnArrival,5,36,17497,Node_465,-7,0,4,-7,4,,,,,,,,,
30,VISIT,3247,Nearest,OnArrival,5,33,17497,Node_440,-3,0,4,-3,4,,,,,,,,,
30,VISIT,3248,Nearest,OnArrival,5,36,17497,Node_465,-7,0,4,-7,4,,,,,,,,,
30,VISIT,3249,Nearest,OnArrival,5,23,17497,Node_638,11,0,24,11,24,,,,,,,,,
30,VISIT,3250,Nearest,OnArrival,5,23,17497,Node_638,11,0,24,11,24,,,,,,,,,
30,VISIT,3251,Nearest,OnArrival,5,23,17497,Node_638,11,0,24,11,24,,,,,,,,,
30,VISIT,3252,Nearest,OnArrival,5,22,17497,Node_638,11,0,24,11,24,,,,,,,,,
30,VISIT,3229,Nearest,OnArrival,5,160,17501,Node_557,5,0,19,5,19,,,,,,,,,
30,VISIT,3232,Nearest,OnArrival,5,160,17501,Node_557,5,0,19,5,19,,,,,,,,,
30,VISIT,3233,Nearest,OnArrival,5,121,17501,Node_557,5,0,19,5,19,,,,,,,,,
30,VISIT,3234,Nearest,OnArrival,5,124,17501,Node_557,5,0,19,5,19,,,,,,,,,
30,VISIT,3235,Nearest,OnArrival,5,120,17501,Node_557,5,0,19,5,19,,,,,,,,,
30,VISIT,3236,Nearest,OnArrival,5,121,17501,Node_557,5,0,19,5,19,,,,,,,,,
30,VISIT,3237,Nearest,OnArrival,5,98,17501,Node_557,5,0,19,5,19,,,,,,,,,
30,VISIT,3238,Nearest,OnArrival,5,95,17501,Node_557,5,0,19,5,19,,,,,,,,,
30,VISIT,3239,Nearest,OnArrival,5,97,17501,Node_557,5,0,19,5,19,,,,,,,,,
30,VISIT,3240,Nearest,OnArrival,5,98,17501,Node_557,5,0,19,5,19,,,,,,,,,
30,VISIT,3246,Nearest,OnArrival,5,36,17501,Node_396,-2,0,6,-2,6,,,,,,,,,
30,VISIT,3247,Nearest,OnArrival,5,34,17501,Node_393,-2,0,4,-2,4,,,,,,,,,
30,VISIT,3249,Nearest,OnArrival,5,24,17501,Node_692,12,0,24,12,24,,,,,,,,,
30,VISIT,3250,Nearest,OnArrival,5,24,17501,Node_692,12,0,24,12,24,,,,,,,,,
30,VISIT,3251,Nearest,OnArrival,5,24,17501,Node_692,12,0,24,12,24,,,,,,,,,
30,VISIT,3252,Nearest,OnArrival,5,23,17501,Node_692,12,0,24,12,24,,,,,,,,,
30,VISIT,3229,Nearest,OnArrival,5,161,17507,Node_558,5,0,20,5,20,,,,,,,,,
30,VISIT,3232,Nearest,OnArrival,5,161,17507,Node_558,5,0,20,5,20,,,,,,,,,
30,VISIT,3233,Nearest,OnArrival,5,122,17507,Node_558,5,0,20,5,20,,,,,,,,,
30,VISIT,3234,Nearest,OnArrival,5,125,17507,Node_558,5,0,20,5,20,,,,,,,,,
30,VISIT,3235,Nearest,OnArrival,5,121,17507,Node_558,5,0,20,5,20,,,,,,,,,
30,VISIT,3236,Nearest,OnArrival,5,122,17507,Node_558,5,0,20,5,20,,,,,,,,,
30,VISIT,3237,Nearest,OnArrival,5,99,17507,Node_558,5,0,20,5,20,,,,,,,,,
30,VISIT,3238,Nearest,OnArrival,5,96,17507,Node_558,5,0,20,5,20,,,,,,,,,
30,VISIT,3239,Nearest,OnArrival,5,98,17507,Node_558,5,0,20,5,20,,,,,,,,,
30,VISIT,3240,Nearest,OnArrival,5,99,17507,Node_558,5,0,20,5,20,,,,,,,,,
30,VISIT,3243,Nearest,OnArrival,5,72,17507,Node_629,9,0,25,9,25,,,,,,,,,
30,VISIT,3246,Nearest,OnArrival,5,37,17507,Node_530,-1,0,6,-1,6,,,,,,,,,
30,VISIT,3249,Nearest,OnArrival,5,25,17507,Node_693,12,0,25,12,25,,,,,,,,,
30,VISIT,3250,Nearest,OnArrival,5,25,17507,Node_693,12,0,25,12,25,,,,,,,,,
30,VISIT,3251,Nearest,OnArrival,5,25,17507,Node_693,12,0,25,12,25,,,,,,,,,
30,VISIT,3252,Nearest,OnArrival,5,24,17507,Node_693,12,0,25,12,25,,,,,,,,,
30,VISIT,3229,Nearest,OnArrival,5,162,17516,Node_592,6,0,20,6,20,,,,,,,,,
30,VISIT,3232,Nearest,OnArrival,5,162,17516,Node_592,6,0,20,6,20,,,,,,,,,
30,VISIT,3233,Nearest,OnArrival,5,123,17516,Node_592,6,0,20,6,20,,,,,,,,,
30,VISIT,3234,Nearest,OnArrival,5,126,17516,Node_592,6,0,20,6,20,,,,,,,,,
30,VISIT,3235,Nearest,OnArrival,5,122,17516,Node_592,6,0,20,6,20,,,,,,,,,
30,VISIT,3236,Nearest,OnArrival,5,123,17516,Node_592,6,0,20,6,20,,,,,,,,,
30,VISIT,3237,Nearest,OnArrival,5,100,17516,Node_592,6,0,20,6,20,,,,,,,,,
30,VISIT,3238,Nearest,OnArrival,5,97,17516,Node_592,6,0,20,6,20,,,,,,,,,
30,VISIT,3239,Nearest,OnArrival,5,99,17516,Node_592,6,0,20,6,20,,,,,,,,,
30,VISIT,3240,Nearest,OnArrival,5,100,17516,Node_592,6,0,20,6,20,,,,,,,,,
30,VISIT,3243,Nearest,OnArrival,5,73,17516,Node_630,9,0,24,9,24,,,,,,,,,
30,VISIT,3247,Nearest,OnArrival,5,35,17516,Node_396,-2,0,6,-2,6,,,,,,,,,
30,VISIT,3249,Nearest,OnArrival,5,26,17516,Node_637,11,0,25,11,25,,,,,,,,,
30,VISIT,3250,Nearest,OnArrival,5,26,17516,Node_637,11,0,25,11,25,,,,,,,,,
30,VISIT,3251,Nearest,OnArrival,5,26,17516,Node_637,11,0,25,11,25,,,,,,,,,
30,VISIT,3252,Nearest,OnArrival,5,25,17516,Node_637,11,0,25,11,25,,,,,,,,,
30,VISIT,3229,Nearest,OnArrival,5,163,17520,Node_598,7,0,20,7,20,,,,,,,,,
30,VISIT,3232,Nearest,OnArrival,5,163,17520,Node_598,7,0,20,7,20,,,,,,,,,
30,VISIT,3233,Nearest,OnArrival,5,124,17520,Node_598,7,0,20,7,20,,,,,,,,,
30,VISIT,3234,Nearest,OnArrival,5,127,17520,Node_598,7,0,20,7,20,,,,,,,,,
30,VISIT,3235,Nearest,OnArrival,5,123,17520,Node_598,7,0,20,7,20,,,,,,,,,
30,VISIT,3236,Nearest,OnArrival,5,124,17520,Node_598,7,0,20,7,20,,,,,,,,,
30,VISIT,3237,Nearest,OnArrival,5,101,17520,Node_598,7,0,20,7,20,,,,,,,,,
30,VISIT,3238,Nearest,OnArrival,5,98,17520,Node_598,7,0,20,7,20,,,,,,,,,
30,VISIT,3239,Nearest,OnArrival,5,100,17520,Node_598,7,0,20,7,20,,,,,,,,,
30,VISIT,3240,Nearest,OnArrival,5,101,17520,Node_598,7,0,20,7,20,,,,,,,,,
30,VISIT,3243,Nearest,OnArrival,5,74,17520,Node_631,10,0,24,10,24,,,,,,,,,
30,VISIT,3245,Nearest,OnArrival,5,37,17520,Node_440,-3,0,4,-3,4,,,,,,,,,
30,VISIT,3247,Nearest,OnArrival,5,36,17520,Node_530,-1,0,6,-1,6,,,,,,,,,
30,VISIT,3248,Nearest,OnArrival,5,37,17520,Node_440,-3,0,4,-3,4,,,,,,,,,
30,VISIT,3249,Nearest,OnArrival,5,27,17520,Node_638,11,0,24,11,24,,,,,,,,,
30,VISIT,3250,Nearest,OnArrival,5,27,17520,Node_638,11,0,24,11,24,,,,,,,,,
30,VISIT,3251,Nearest,OnArrival,5,27,17520,Node_638,11,0,24,11,24,,,,,,,,,
30,VISIT,3252,Nearest,OnArrival,5,26,17520,Node_638,11,0,24,11,24,,,,,,,,,
30,VISIT,3229,Nearest,OnArrival,5,164,17524,Node_602,8,0,20,8,20,,,,,,,,,
30,VISIT,3232,Nearest,OnArrival,5,164,17524,Node_602,8,0,20,8,20,,,,,,,,,
30,VISIT,3233,Nearest,OnArrival,5,125,17524,Node_602,8,0,20,8,20,,,,,,,,,
30,VISIT,3234,Nearest,OnArrival,5,128,17524,Node_602,8,0,20,8,20,,,,,,,,,
30,VISIT,3235,Nearest,OnArrival,5,124,17524,Node_602,8,0,20,8,20,,,,,,,,,
30,VISIT,3236,Nearest,OnArrival,5,125,17524,Node_602,8,0,20,8,20,,,,,,,,,
30,VISIT,3237,Nearest,OnArrival,5,102,17524,Node_602,8,0,20,8,20,,,,,,,,,
30,VISIT,3238,Nearest,OnArrival,5,99,17524,Node_602,8,0,20,8,20,,,,,,,,,
30,VISIT,3239,Nearest,OnArrival,5,101,17524,Node_602,8,0,20,8,20,,,,,,,,,
30,VISIT,3240,Nearest,OnArrival,5,102,17524,Node_602,8,0,20,8,20,,,,,,,,,
30,VISIT,3243,Nearest,OnArrival,5,75,17524,Node_638,11,0,24,11,24,,,,,,,,,
30,VISIT,3245,Nearest,OnArrival,5,38,17524,Node_393,-2,0,4,-2,4,,,,,,,,,
30,VISIT,3246,Nearest,OnArrival,5,38,17524,Node_526,2,0,6,2,6,,,,,,,,,
30,VISIT,3248,Nearest,OnArrival,5,38,17524,Node_393,-2,0,4,-2,4,,,,,,,,,
30,VISIT,3249,Nearest,OnArrival,5,28,17524,Node_525,11,0,23,11,23,,,,,,,,,
30,VISIT,3250,Nearest,OnArrival,5,28,17524,Node_525,11,0,23,11,23,,,,,,,,,
30,VISIT,3251,Nearest,OnArrival,5,28,17524,Node_525,11,0,23,11,23,,,,,,,,,
30,VISIT,3252,Nearest,OnArrival,5,27,17524,Node_525,11,0,23,11,23,,,,,,,,,
30,VISIT,3253,Nearest,OnArrival,5,0,17524,Node_6,19,0,12,19,12,,,,,,,,,
30,VISIT,3254,Nearest,OnArrival,5,0,17524,Node_7,19,0,8,19,8,,,,,,,,,
30,VISIT,3255,Nearest,OnArrival,5,0,17524,Node_8,17,0,10,17,10,,,,,,,,,
30,VISIT,3256,Nearest,OnArrival,5,0,17524,Node_9,21,0,10,21,10,,,,,,,,,
30,VISIT,3229,Nearest,OnArrival,5,165,17528,Node_605,8,0,21,8,21,,,,,,,,,
30,VISIT,3232,Nearest,OnArrival,5,165,17528,Node_605,8,0,21,8,21,,,,,,,,,
30,VISIT,3233,Nearest,OnArrival,5,126,17528,Node_605,8,0,21,8,21,,,,,,,,,
30,VISIT,3234,Nearest,OnArrival,5,129,17528,Node_605,8,0,21,8,21,,,,,,,,,
30,VISIT,3235,Nearest,OnArrival,5,125,17528,Node_605,8,0,21,8,21,,,,,,,,,
30,VISIT,3236,Nearest,OnArrival,5,126,17528,Node_605,8,0,21,8,21,,,,,,,,,
30,VISIT,3237,Nearest,OnArrival,5,103,17528,Node_605,8,0,21,8,21,,,,,,,,,
30,VISIT,3238,Nearest,OnArrival,5,100,17528,Node_605,8,0,21,8,21,,,,,,,,,
30,VISIT,3239,Nearest,OnArrival,5,102,17528,Node_605,8,0,21,8,21,,,,,,,,,
30,VISIT,3240,Nearest,OnArrival,5,103,17528,Node_605,8,0,21,8,21,,,,,,,,,
30,VISIT,3243,Nearest,OnArrival,5,76,17528,Node_525,11,0,23,11,23,,,,,,,,,
30,VISIT,3246,Nearest,OnArrival,5,39,17528,Node_356,3,0,6,3,6,,,,,,,,,
30,VISIT,3249,Nearest,OnArrival,5,29,17528,Node_524,11,0,22,11,22,,,,,,,,,
30,VISIT,3250,Nearest,OnArrival,5,29,17528,Node_524,11,0,22,11,22,,,,,,,,,
30,VISIT,3251,Nearest,OnArrival,5,29,17528,Node_524,11,0,22,11,22,,,,,,,,,
30,VISIT,3252,Nearest,OnArrival,5,28,17528,Node_524,11,0,22,11,22,,,,,,,,,
30,VISIT,3253,Nearest,OnArrival,5,1,17528,Node_2,19,0,11,19,11,,,,,,,,,
30,VISIT,3254,Nearest,OnArrival,5,1,17528,Node_47,20,0,8,20,8,,,,,,,,,
30,VISIT,3255,Nearest,OnArrival,5,1,17528,Node_4,18,0,10,18,10,,,,,,,,,
30,VISIT,3256,Nearest,OnArrival,5,1,17528,Node_48,21,0,9,21,9,,,,,,,,,
30,VISIT,3229,Nearest,OnArrival,5,166,17532,Node_607,8,0,22,8,22,,,,,,,,,
30,VISIT,3232,Nearest,OnArrival,5,166,17532,Node_607,8,0,22,8,22,,,,,,,,,
30,VISIT,3233,Nearest,OnArrival,5,127,17532,Node_607,8,0,22,8,22,,,,,,,,,
30,VISIT,3234,Nearest,OnArrival,5,130,17532,Node_607,8,0,22,8,22,,,,,,,,,
30,VISIT,3235,Nearest,OnArrival,5,126,17532,Node_607,8,0,22,8,22,,,,,,,,,
30,VISIT,3236,Nearest,OnArrival,5,127,17532,Node_607,8,0,22,8,22,,,,,,,,,
30,VISIT,3237,Nearest,OnArrival,5,104,17532,Node_607,8,0,22,8,22,,,,,,,,,
30,VISIT,3238,Nearest,OnArrival,5,101,17532,Node_607,8,0,22,8,22,,,,,,,,,
30,VISIT,3239,Nearest,OnArrival,5,103,17532,Node_607,8,0,22,8,22,,,,,,,,,
30,VISIT,3240,Nearest,OnArrival,5,104,17532,Node_607,8,0,22,8,22,,,,,,,,,
30,VISIT,3243,Nearest,OnArrival,5,77,17532,Node_524,11,0,22,11,22,,,,,,,,,
30,VISIT,3245,Nearest,OnArrival,5,39,17532,Node_396,-2,0,6,-2,6,,,,,,,,,
30,VISIT,3247,Nearest,OnArrival,5,37,17532,Node_526,2,0,6,2,6,,,,,,,,,
30,VISIT,3248,Nearest,OnArrival,5,39,17532,Node_396,-2,0,6,-2,6,,,,,,,,,
30,VISIT,3249,Nearest,OnArrival,5,30,17532,Node_523,11,0,21,11,21,,,,,,,,,
30,VISIT,3250,Nearest,OnArrival,5,30,17532,Node_523,11,0,21,11,21,,,,,,,,,
30,VISIT,3251,Nearest,OnArrival,5,30,17532,Node_523,11,0,21,11,21,,,,,,,,,
30,VISIT,3252,Nearest,OnArrival,5,29,17532,Node_523,11,0,21,11,21,,,,,,,,,
30,VISIT,3253,Nearest,OnArrival,5,2,17532,Node_20,19,0,10,19,10,,,,,,,,,
30,VISIT,3254,Nearest,OnArrival,5,2,17532,Node_52,21,0,8,21,8,,,,,,,,,
30,VISIT,3255,Nearest,OnArrival,5,2,17532,Node_15,18,0,9,18,9,,,,,,,,,
30,VISIT,3256,Nearest,OnArrival,5,2,17532,Node_88,22,0,9,22,9,,,,,,,,,
30,VISIT,3229,Nearest,OnArrival,5,167,17536,Node_608,7,0,22,7,22,,,,,,,,,
30,VISIT,3232,Nearest,OnArrival,5,167,17536,Node_608,7,0,22,7,22,,,,,,,,,
30,VISIT,3233,Nearest,OnArrival,5,128,17536,Node_608,7,0,22,7,22,,,,,,,,,
30,VISIT,3234,Nearest,OnArrival,5,131,17536,Node_608,7,0,22,7,22,,,,,,,,,
30,VISIT,3235,Nearest,OnArrival,5,127,17536,Node_608,7,0,22,7,22,,,,,,,,,
30,VISIT,3236,Nearest,OnArrival,5,128,17536,Node_608,7,0,22,7,22,,,,,,,,,
30,VISIT,3237,Nearest,OnArrival,5,105,17536,Node_608,7,0,22,7,22,,,,,,,,,
30,VISIT,3238,Nearest,OnArrival,5,102,17536,Node_608,7,0,22,7,22,,,,,,,,,
30,VISIT,3239,Nearest,OnArrival,5,104,17536,Node_608,7,0,22,7,22,,,,,,,,,
30,VISIT,3240,Nearest,OnArrival,5,105,17536,Node_608,7,0,22,7,22,,,,,,,,,
30,VISIT,3243,Nearest,OnArrival,5,78,17536,Node_523,11,0,21,11,21,,,,,,,,,
30,VISIT,3245,Nearest,OnArrival,5,40,17536,Node_530,-1,0,6,-1,6,,,,,,,,,
30,VISIT,3246,Nearest,OnArrival,5,40,17536,Node_233,5,0,6,5,6,,,,,,,,,
30,VISIT,3247,Nearest,OnArrival,5,38,17536,Node_356,3,0,6,3,6,,,,,,,,,
30,VISIT,3248,Nearest,OnArrival,5,40,17536,Node_530,-1,0,6,-1,6,,,,,,,,,
30,VISIT,3249,Nearest,OnArrival,5,31,17536,Node_522,11,0,20,11,20,,,,,,,,,
30,VISIT,3250,Nearest,OnArrival,5,31,17536,Node_522,11,0,20,11,20,,,,,,,,,
30,VISIT,3251,Nearest,OnArrival,5,31,17536,Node_522,11,0,20,11,20,,,,,,,,,
30,VISIT,3252,Nearest,OnArrival,5,30,17536,Node_522,11,0,20,11,20,,,,,,,,,
30,VISIT,3253,Nearest,OnArrival,5,3,17536,Node_3,19,0,9,19,9,,,,,,,,,
30,VISIT,3254,Nearest,OnArrival,5,3,17536,Node_55,21,0,7,21,7,,,,,,,,,
30,VISIT,3255,Nearest,OnArrival,5,3,17536,Node_3,19,0,9,19,9,,,,,,,,,
30,VISIT,3256,Nearest,OnArrival,5,3,17536,Node_129,23,0,9,23,9,,,,,,,,,
30,VISIT,3229,Nearest,OnArrival,5,168,17540,Node_609,7,0,23,7,23,,,,,,,,,
30,VISIT,3232,Nearest,OnArrival,5,168,17540,Node_609,7,0,23,7,23,,,,,,,,,
30,VISIT,3233,Nearest,OnArrival,5,129,17540,Node_609,7,0,23,7,23,,,,,,,,,
30,VISIT,3234,Nearest,OnArrival,5,132,17540,Node_609,7,0,23,7,23,,,,,,,,,
30,VISIT,3235,Nearest,OnArrival,5,128,17540,Node_609,7,0,23,7,23,,,,,,,,,
30,VISIT,3236,Nearest,OnArrival,5,129,17540,Node_609,7,0,23,7,23,,,,,,,,,
30,VISIT,3237,Nearest,OnArrival,5,106,17540,Node_609,7,0,23,7,23,,,,,,,,,
30,VISIT,3238,Nearest,OnArrival,5,103,17540,Node_609,7,0,23,7,23,,,,,,,,,
30,VISIT,3239,Nearest,OnArrival,5,105,17540,Node_609,7,0,23,7,23,,,,,,,,,
30,VISIT,3240,Nearest,OnArrival,5,106,17540,Node_609,7,0,23,7,23,,,,,,,,,
30,VISIT,3243,Nearest,OnArrival,5,79,17540,Node_522,11,0,20,11,20,,,,,,,,,
30,VISIT,3253,Nearest,OnArrival,5,4,17540,Node_50,20,0,9,20,9,,,,,,,,,
30,VISIT,3254,Nearest,OnArrival,5,4,17540,Node_59,21,0,6,21,6,,,,,,,,,
30,VISIT,3255,Nearest,OnArrival,5,4,17540,Node_50,20,0,9,20,9,,,,,,,,,
30,VISIT,3229,Nearest,OnArrival,5,169,17548,Node_612,6,0,23,6,23,,,,,,,,,
30,VISIT,3232,Nearest,OnArrival,5,169,17548,Node_612,6,0,23,6,23,,,,,,,,,
30,VISIT,3233,Nearest,OnArrival,5,130,17548,Node_612,6,0,23,6,23,,,,,,,,,
30,VISIT,3234,Nearest,OnArrival,5,133,17548,Node_612,6,0,23,6,23,,,,,,,,,
30,VISIT,3235,Nearest,OnArrival,5,129,17548,Node_612,6,0,23,6,23,,,,,,,,,
30,VISIT,3236,Nearest,OnArrival,5,130,17548,Node_612,6,0,23,6,23,,,,,,,,,
30,VISIT,3237,Nearest,OnArrival,5,107,17548,Node_612,6,0,23,6,23,,,,,,,,,
30,VISIT,3238,Nearest,OnArrival,5,104,17548,Node_612,6,0,23,6,23,,,,,,,,,
30,VISIT,3239,Nearest,OnArrival,5,106,17548,Node_612,6,0,23,6,23,,,,,,,,,
30,VISIT,3240,Nearest,OnArrival,5,107,17548,Node_612,6,0,23,6,23,,,,,,,,,
30,VISIT,3247,Nearest,OnArrival,5,39,17548,Node_233,5,0,6,5,6,,,,,,,,,
30,VISIT,3249,Nearest,OnArrival,5,32,17548,Node_521,11,0,18,11,18,,,,,,,,,
30,VISIT,3250,Nearest,OnArrival,5,32,17548,Node_521,11,0,18,11,18,,,,,,,,,
30,VISIT,3251,Nearest,OnArrival,5,32,17548,Node_521,11,0,18,11,18,,,,,,,,,
30,VISIT,3252,Nearest,OnArrival,5,31,17548,Node_521,11,0,18,11,18,,,,,,,,,
30,VISIT,3253,Nearest,OnArrival,5,5,17548,Node_48,21,0,9,21,9,,,,,,,,,
30,VISIT,3254,Nearest,OnArrival,5,5,17548,Node_61,21,0,5,21,5,,,,,,,,,
30,VISIT,3255,Nearest,OnArrival,5,5,17548,Node_48,21,0,9,21,9,,,,,,,,,
30,VISIT,3256,Nearest,OnArrival,5,4,17548,Node_136,25,0,9,25,9,,,,,,,,,
30,VISIT,3229,Nearest,OnArrival,5,170,17552,Node_614,6,0,24,6,24,,,,,,,,,
30,VISIT,3232,Nearest,OnArrival,5,170,17552,Node_614,6,0,24,6,24,,,,,,,,,
30,VISIT,3233,Nearest,OnArrival,5,131,17552,Node_614,6,0,24,6,24,,,,,,,,,
30,VISIT,3234,Nearest,OnArrival,5,134,17552,Node_614,6,0,24,6,24,,,,,,,,,
30,VISIT,3235,Nearest,OnArrival,5,130,17552,Node_614,6,0,24,6,24,,,,,,,,,
30,VISIT,3236,Nearest,OnArrival,5,131,17552,Node_614,6,0,24,6,24,,,,,,,,,
30,VISIT,3237,Nearest,OnArrival,5,108,17552,Node_614,6,0,24,6,24,,,,,,,,,
30,VISIT,3238,Nearest,OnArrival,5,105,17552,Node_614,6,0,24,6,24,,,,,,,,,
30,VISIT,3239,Nearest,OnArrival,5,107,17552,Node_614,6,0,24,6,24,,,,,,,,,
30,VISIT,3240,Nearest,OnArrival,5,108,17552,Node_614,6,0,24,6,24,,,,,,,,,
30,VISIT,3243,Nearest,OnArrival,5,80,17552,Node_521,11,0,18,11,18,,,,,,,,,
30,VISIT,3245,Nearest,OnArrival,5,41,17552,Node_526,2,0,6,2,6,,,,,,,,,
30,VISIT,3246,Nearest,OnArrival,5,41,17552,Node_237,5,0,9,5,9,,,,,,,,,
30,VISIT,3248,Nearest,OnArrival,5,41,17552,Node_526,2,0,6,2,6,,,,,,,,,
30,VISIT,3249,Nearest,OnArrival,5,33,17552,Node_673,11,0,17,11,17,,,,,,,,,
30,VISIT,3250,Nearest,OnArrival,5,33,17552,Node_673,11,0,17,11,17,,,,,,,,,
30,VISIT,3251,Nearest,OnArrival,5,33,17552,Node_673,11,0,17,11,17,,,,,,,,,
30,VISIT,3252,Nearest,OnArrival,5,32,17552,Node_673,11,0,17,11,17,,,,,,,,,
30,VISIT,3253,Nearest,OnArrival,5,6,17552,Node_88,22,0,9,22,9,,,,,,,,,
30,VISIT,3254,Nearest,OnArrival,5,6,17552,Node_132,22,0,5,22,5,,,,,,,,,
30,VISIT,3255,Nearest,OnArrival,5,6,17552,Node_88,22,0,9,22,9,,,,,,,,,
30,VISIT,3256,Nearest,OnArrival,5,5,17552,Node_248,26,0,9,26,9,,,,,,,,,
30,VISIT,3229,Nearest,OnArrival,5,171,17556,Node_624,5,0,24,5,24,,,,,,,,,
30,VISIT,3232,Nearest,OnArrival,5,171,17556,Node_624,5,0,24,5,24,,,,,,,,,
30,VISIT,3233,Nearest,OnArrival,5,132,17556,Node_624,5,0,24,5,24,,,,,,,,,
30,VISIT,3234,Nearest,OnArrival,5,135,17556,Node_624,5,0,24,5,24,,,,,,,,,
30,VISIT,3235,Nearest,OnArrival,5,131,17556,Node_624,5,0,24,5,24,,,,,,,,,
30,VISIT,3236,Nearest,OnArrival,5,132,17556,Node_624,5,0,24,5,24,,,,,,,,,
30,VISIT,3237,Nearest,OnArrival,5,109,17556,Node_624,5,0,24,5,24,,,,,,,,,
30,VISIT,3238,Nearest,OnArrival,5,106,17556,Node_624,5,0,24,5,24,,,,,,,,,
30,VISIT,3239,Nearest,OnArrival,5,108,17556,Node_624,5,0,24,5,24,,,,,,,,,
30,VISIT,3240,Nearest,OnArrival,5,109,17556,Node_624,5,0,24,5,24,,,,,,,,,
30,VISIT,3243,Nearest,OnArrival,5,81,17556,Node_673,11,0,17,11,17,,,,,,,,,
30,VISIT,3245,Nearest,OnArrival,5,42,17556,Node_356,3,0,6,3,6,,,,,,,,,
30,VISIT,3246,Nearest,OnArrival,5,42,17556,Node_238,5,0,10,5,10,,,,,,,,,
30,VISIT,3248,Nearest,OnArrival,5,42,17556,Node_356,3,0,6,3,6,,,,,,,,,
30,VISIT,3249,Nearest,OnArrival,5,34,17556,Node_44,12,0,17,12,17,,,,,,,,,
30,VISIT,3250,Nearest,OnArrival,5,34,17556,Node_44,12,0,17,12,17,,,,,,,,,
30,VISIT,3251,Nearest,OnArrival,5,34,17556,Node_44,12,0,17,12,17,,,,,,,,,
30,VISIT,3252,Nearest,OnArrival,5,33,17556,Node_44,12,0,17,12,17,,,,,,,,,
30,VISIT,3253,Nearest,OnArrival,5,7,17556,Node_129,23,0,9,23,9,,,,,,,,,
30,VISIT,3254,Nearest,OnArrival,5,7,17556,Node_263,23,0,5,23,5,,,,,,,,,
30,VISIT,3255,Nearest,OnArrival,5,7,17556,Node_129,23,0,9,23,9,,,,,,,,,
30,VISIT,3256,Nearest,OnArrival,5,6,17556,Node_287,27,0,9,27,9,,,,,,,,,
30,VISIT,3229,Nearest,OnArrival,5,172,17560,Node_614,6,0,24,6,24,,,,,,,,,
30,VISIT,3232,Nearest,OnArrival,5,172,17560,Node_614,6,0,24,6,24,,,,,,,,,
30,VISIT,3233,Nearest,OnArrival,5,133,17560,Node_614,6,0,24,6,24,,,,,,,,,
30,VISIT,3234,Nearest,OnArrival,5,136,17560,Node_614,6,0,24,6,24,,,,,,,,,
30,VISIT,3235,Nearest,OnArrival,5,132,17560,Node_614,6,0,24,6,24,,,,,,,,,
30,VISIT,3236,Nearest,OnArrival,5,133,17560,Node_614,6,0,24,6,24,,,,,,,,,
30,VISIT,3237,Nearest,OnArrival,5,110,17560,Node_614,6,0,24,6,24,,,,,,,,,
30,VISIT,3238,Nearest,OnArrival,5,107,17560,Node_614,6,0,24,6,24,,,,,,,,,
30,VISIT,3239,Nearest,OnArrival,5,109,17560,Node_614,6,0,24,6,24,,,,,,,,,
30,VISIT,3240,Nearest,OnArrival,5,110,17560,Node_614,6,0,24,6,24,,,,,,,,,
30,VISIT,3243,Nearest,OnArrival,5,82,17560,Node_44,12,0,17,12,17,,,,,,,,,
30,VISIT,3247,Nearest,OnArrival,5,40,17560,Node_237,5,0,9,5,9,,,,,,,,,
30,VISIT,3249,Nearest,OnArrival,5,35,17560,Node_45,12,0,16,12,16,,,,,,,,,
30,VISIT,3250,Nearest,OnArrival,5,35,17560,Node_45,12,0,16,12,16,,,,,,,,,
30,VISIT,3251,Nearest,OnArrival,5,35,17560,Node_45,12,0,16,12,16,,,,,,,,,
30,VISIT,3252,Nearest,OnArrival,5,34,17560,Node_45,12,0,16,12,16,,,,,,,,,
30,VISIT,3254,Nearest,OnArrival,5,8,17560,Node_265,23,0,4,23,4,,,,,,,,,
30,VISIT,3256,Nearest,OnArrival,5,7,17560,Node_366,28,0,9,28,9,,,,,,,,,
30,VISIT,3229,Nearest,OnArrival,5,173,17564,Node_612,6,0,23,6,23,,,,,,,,,
30,VISIT,3232,Nearest,OnArrival,5,173,17564,Node_612,6,0,23,6,23,,,,,,,,,
30,VISIT,3233,Nearest,OnArrival,5,134,17564,Node_612,6,0,23,6,23,,,,,,,,,
30,VISIT,3234,Nearest,OnArrival,5,137,17564,Node_612,6,0,23,6,23,,,,,,,,,
30,VISIT,3235,Nearest,OnArrival,5,133,17564,Node_612,6,0,23,6,23,,,,,,,,,
30,VISIT,3236,Nearest,OnArrival,5,134,17564,Node_612,6,0,23,6,23,,,,,,,,,
30,VISIT,3237,Nearest,OnArrival,5,111,17564,Node_612,6,0,23,6,23,,,,,,,,,
30,VISIT,3238,Nearest,OnArrival,5,108,17564,Node_612,6,0,23,6,23,,,,,,,,,
30,VISIT,3239,Nearest,OnArrival,5,110,17564,Node_612,6,0,23,6,23,,,,,,,,,
30,VISIT,3240,Nearest,OnArrival,5,111,17564,Node_612,6,0,23,6,23,,,,,,,,,
30,VISIT,3243,Nearest,OnArrival,5,83,17564,Node_45,12,0,16,12,16,,,,,,,,,
30,VISIT,3245,Nearest,OnArrival,5,43,17564,Node_233,5,0,6,5,6,,,,,,,,,
30,VISIT,3246,Nearest,OnArrival,5,43,17564,Node_241,5,0,12,5,12,,,,,,,,,
30,VISIT,3247,Nearest,OnArrival,5,41,17564,Node_238,5,0,10,5,10,,,,,,,,,
30,VISIT,3248,Nearest,OnArrival,5,43,17564,Node_233,5,0,6,5,6,,,,,,,,,
30,VISIT,3249,Nearest,OnArrival,5,36,17564,Node_99,12,0,15,12,15,,,,,,,,,
30,VISIT,3250,Nearest,OnArrival,5,36,17564,Node_99,12,0,15,12,15,,,,,,,,,
30,VISIT,3251,Nearest,OnArrival,5,36,17564,Node_99,12,0,15,12,15,,,,,,,,,
30,VISIT,3252,Nearest,OnArrival,5,35,17564,Node_99,12,0,15,12,15,,,,,,,,,
30,VISIT,3253,Nearest,OnArrival,5,8,17564,Node_136,25,0,9,25,9,,,,,,,,,
30,VISIT,3254,Nearest,OnArrival,5,9,17564,Node_267,23,0,3,23,3,,,,,,,,,
30,VISIT,3255,Nearest,OnArrival,5,8,17564,Node_136,25,0,9,25,9,,,,,,,,,
30,VISIT,3229,Nearest,OnArrival,5,174,17568,Node_609,7,0,23,7,23,,,,,,,,,
30,VISIT,3232,Nearest,OnArrival,5,174,17568,Node_609,7,0,23,7,23,,,,,,,,,
30,VISIT,3233,Nearest,OnArrival,5,135,17568,Node_609,7,0,23,7,23,,,,,,,,,
30,VISIT,3234,Nearest,OnArrival,5,138,17568,Node_609,7,0,23,7,23,,,,,,,,,
30,VISIT,3235,Nearest,OnArrival,5,134,17568,Node_609,7,0,23,7,23,,,,,,,,,
30,VISIT,3236,Nearest,OnArrival,5,135,17568,Node_609,7,0,23,7,23,,,,,,,,,
30,VISIT,3237,Nearest,OnArrival,5,112,17568,Node_609,7,0,23,7,23,,,,,,,,,
30,VISIT,3238,Nearest,OnArrival,5,109,17568,Node_609,7,0,23,7,23,,,,,,,,,
30,VISIT,3239,Nearest,OnArrival,5,111,17568,Node_609,7,0,23,7,23,,,,,,,,,
30,VISIT,3240,Nearest,OnArrival,5,112,17568,Node_609,7,0,23,7,23,,,,,,,,,
30,VISIT,3243,Nearest,OnArrival,5,84,17568,Node_99,12,0,15,12,15,,,,,,,,,
30,VISIT,3246,Nearest,OnArrival,5,44,17568,Node_243,5,0,13,5,13,,,,,,,,,
30,VISIT,3249,Nearest,OnArrival,5,37,17568,Node_97,12,0,14,12,14,,,,,,,,,
30,VISIT,3250,Nearest,OnArrival,5,37,17568,Node_97,12,0,14,12,14,,,,,,,,,
30,VISIT,3251,Nearest,OnArrival,5,37,17568,Node_97,12,0,14,12,14,,,,,,,,,
30,VISIT,3252,Nearest,OnArrival,5,36,17568,Node_97,12,0,14,12,14,,,,,,,,,
30,VISIT,3253,Nearest,OnArrival,5,9,17568,Node_248,26,0,9,26,9,,,,,,,,,
30,VISIT,3254,Nearest,OnArrival,5,10,17568,Node_269,23,0,2,23,2,,,,,,,,,
30,VISIT,3255,Nearest,OnArrival,5,9,17568,Node_248,26,0,9,26,9,,,,,,,,,
30,VISIT,3256,Nearest,OnArrival,5,8,17568,Node_376,30,0,9,30,9,,,,,,,,,
30,VISIT,3229,Nearest,OnArrival,5,175,17572,Node_608,7,0,22,7,22,,,,,,,,,
30,VISIT,3232,Nearest,OnArrival,5,175,17572,Node_608,7,0,22,7,22,,,,,,,,,
30,VISIT,3233,Nearest,OnArrival,5,136,17572,Node_608,7,0,22,7,22,,,,,,,,,
30,VISIT,3234,Nearest,OnArrival,5,139,17572,Node_608,7,0,22,7,22,,,,,,,,,
30,VISIT,3235,Nearest,OnArrival,5,135,17572,Node_608,7,0,22,7,22,,,,,,,,,
30,VISIT,3236,Nearest,OnArrival,5,136,17572,Node_608,7,0,22,7,22,,,,,,,,,
30,VISIT,3237,Nearest,OnArrival,5,113,17572,Node_608,7,0,22,7,22,,,,,,,,,
30,VISIT,3238,Nearest,OnArrival,5,110,17572,Node_608,7,0,22,7,22,,,,,,,,,
30,VISIT,3239,Nearest,OnArrival,5,112,17572,Node_608,7,0,22,7,22,,,,,,,,,
30,VISIT,3240,Nearest,OnArrival,5,113,17572,Node_608,7,0,22,7,22,,,,,,,,,
30,VISIT,3243,Nearest,OnArrival,5,85,17572,Node_97,12,0,14,12,14,,,,,,,,,
30,VISIT,3246,Nearest,OnArrival,5,45,17572,Node_244,5,0,14,5,14,,,,,,,,,
30,VISIT,3247,Nearest,OnArrival,5,42,17572,Node_241,5,0,12,5,12,,,,,,,,,
30,VISIT,3249,Nearest,OnArrival,5,38,17572,Node_38,13,0,14,13,14,,,,,,,,,
30,VISIT,3250,Nearest,OnArrival,5,38,17572,Node_38,13,0,14,13,14,,,,,,,,,
30,VISIT,3251,Nearest,OnArrival,5,38,17572,Node_38,13,0,14,13,14,,,,,,,,,
30,VISIT,3252,Nearest,OnArrival,5,37,17572,Node_38,13,0,14,13,14,,,,,,,,,
30,VISIT,3253,Nearest,OnArrival,5,10,17572,Node_287,27,0,9,27,9,,,,,,,,,
30,VISIT,3254,Nearest,OnArrival,5,11,17572,Node_264,24,0,2,24,2,,,,,,,,,
30,VISIT,3255,Nearest,OnArrival,5,10,17572,Node_287,27,0,9,27,9,,,,,,,,,
30,VISIT,3229,Nearest,OnArrival,5,176,17576,Node_607,8,0,22,8,22,,,,,,,,,
30,VISIT,3232,Nearest,OnArrival,5,176,17576,Node_607,8,0,22,8,22,,,,,,,,,
30,VISIT,3233,Nearest,OnArrival,5,137,17576,Node_607,8,0,22,8,22,,,,,,,,,
30,VISIT,3234,Nearest,OnArrival,5,140,17576,Node_607,8,0,22,8,22,,,,,,,,,
30,VISIT,3235,Nearest,OnArrival,5,136,17576,Node_607,8,0,22,8,22,,,,,,,,,
30,VISIT,3236,Nearest,OnArrival,5,137,17576,Node_607,8,0,22,8,22,,,,,,,,,
30,VISIT,3237,Nearest,OnArrival,5,114,17576,Node_607,8,0,22,8,22,,,,,,,,,
30,VISIT,3238,Nearest,OnArrival,5,111,17576,Node_607,8,0,22,8,22,,,,,,,,,
30,VISIT,3239,Nearest,OnArrival,5,113,17576,Node_607,8,0,22,8,22,,,,,,,,,
30,VISIT,3240,Nearest,OnArrival,5,114,17576,Node_607,8,0,22,8,22,,,,,,,,,
30,VISIT,3243,Nearest,OnArrival,5,86,17576,Node_38,13,0,14,13,14,,,,,,,,,
30,VISIT,3245,Nearest,OnArrival,5,44,17576,Node_237,5,0,9,5,9,,,,,,,,,
30,VISIT,3246,Nearest,OnArrival,5,46,17576,Node_245,5,0,15,5,15,,,,,,,,,
30,VISIT,3247,Nearest,OnArrival,5,43,17576,Node_243,5,0,13,5,13,,,,,,,,,
30,VISIT,3248,Nearest,OnArrival,5,44,17576,Node_237,5,0,9,5,9,,,,,,,,,
30,VISIT,3249,Nearest,OnArrival,5,39,17576,Node_37,14,0,14,14,14,,,,,,,,,
30,VISIT,3250,Nearest,OnArrival,5,39,17576,Node_37,14,0,14,14,14,,,,,,,,,
30,VISIT,3251,Nearest,OnArrival,5,39,17576,Node_37,14,0,14,14,14,,,,,,,,,
30,VISIT,3252,Nearest,OnArrival,5,38,17576,Node_37,14,0,14,14,14,,,,,,,,,
30,VISIT,3253,Nearest,OnArrival,5,11,17576,Node_366,28,0,9,28,9,,,,,,,,,
30,VISIT,3254,Nearest,OnArrival,5,12,17576,Node_404,25,0,2,25,2,,,,,,,,,
30,VISIT,3255,Nearest,OnArrival,5,11,17576,Node_366,28,0,9,28,9,,,,,,,,,
30,VISIT,3229,Nearest,OnArrival,5,177,17580,Node_605,8,0,21,8,21,,,,,,,,,
30,VISIT,3232,Nearest,OnArrival,5,177,17580,Node_605,8,0,21,8,21,,,,,,,,,
30,VISIT,3233,Nearest,OnArrival,5,138,17580,Node_605,8,0,21,8,21,,,,,,,,,
30,VISIT,3234,Nearest,OnArrival,5,141,17580,Node_605,8,0,21,8,21,,,,,,,,,
30,VISIT,3235,Nearest,OnArrival,5,137,17580,Node_605,8,0,21,8,21,,,,,,,,,
30,VISIT,3236,Nearest,OnArrival,5,138,17580,Node_605,8,0,21,8,21,,,,,,,,,
30,VISIT,3237,Nearest,OnArrival,5,115,17580,Node_605,8,0,21,8,21,,,,,,,,,
30,VISIT,3238,Nearest,OnArrival,5,112,17580,Node_605,8,0,21,8,21,,,,,,,,,
30,VISIT,3239,Nearest,OnArrival,5,114,17580,Node_605,8,0,21,8,21,,,,,,,,,
30,VISIT,3240,Nearest,OnArrival,5,115,17580,Node_605,8,0,21,8,21,,,,,,,,,
30,VISIT,3243,Nearest,OnArrival,5,87,17580,Node_37,14,0,14,14,14,,,,,,,,,
30,VISIT,3245,Nearest,OnArrival,5,45,17580,Node_238,5,0,10,5,10,,,,,,,,,
30,VISIT,3246,Nearest,OnArrival,5,47,17580,Node_582,5,0,16,5,16,,,,,,,,,
30,VISIT,3247,Nearest,OnArrival,5,44,17580,Node_244,5,0,14,5,14,,,,,,,,,
30,VISIT,3248,Nearest,OnArrival,5,45,17580,Node_238,5,0,10,5,10,,,,,,,,,
30,VISIT,3249,Nearest,OnArrival,5,40,17580,Node_140,15,0,14,15,14,,,,,,,,,
30,VISIT,3250,Nearest,OnArrival,5,40,17580,Node_140,15,0,14,15,14,,,,,,,,,
30,VISIT,3251,Nearest,OnArrival,5,40,17580,Node_140,15,0,14,15,14,,,,,,,,,
30,VISIT,3252,Nearest,OnArrival,5,39,17580,Node_140,15,0,14,15,14,,,,,,,,,
30,VISIT,3229,Nearest,OnArrival,5,178,17584,Node_700,9,0,21,9,21,,,,,,,,,
30,VISIT,3232,Nearest,OnArrival,5,178,17584,Node_700,9,0,21,9,21,,,,,,,,,
30,VISIT,3233,Nearest,OnArrival,5,139,17584,Node_700,9,0,21,9,21,,,,,,,,,
30,VISIT,3234,Nearest,OnArrival,5,142,17584,Node_700,9,0,21,9,21,,,,,,,,,
30,VISIT,3235,Nearest,OnArrival,5,138,17584,Node_700,9,0,21,9,21,,,,,,,,,
30,VISIT,3236,Nearest,OnArrival,5,139,17584,Node_700,9,0,21,9,21,,,,,,,,,
30,VISIT,3237,Nearest,OnArrival,5,116,17584,Node_700,9,0,21,9,21,,,,,,,,,
30,VISIT,3238,Nearest,OnArrival,5,113,17584,Node_700,9,0,21,9,21,,,,,,,,,
30,VISIT,3239,Nearest,OnArrival,5,115,17584,Node_700,9,0,21,9,21,,,,,,,,,
30,VISIT,3240,Nearest,OnArrival,5,116,17584,Node_700,9,0,21,9,21,,,,,,,,,
30,VISIT,3243,Nearest,OnArrival,5,88,17584,Node_140,15,0,14,15,14,,,,,,,,,
30,VISIT,3246,Nearest,OnArrival,5,48,17584,Node_554,5,0,17,5,17,,,,,,,,,
30,VISIT,3247,Nearest,OnArrival,5,45,17584,Node_245,5,0,15,5,15,,,,,,,,,
30,VISIT,3249,Nearest,OnArrival,5,41,17584,Node_160,16,0,14,16,14,,,,,,,,,
30,VISIT,3250,Nearest,OnArrival,5,41,17584,Node_160,16,0,14,16,14,,,,,,,,,
30,VISIT,3251,Nearest,OnArrival,5,41,17584,Node_160,16,0,14,16,14,,,,,,,,,
30,VISIT,3252,Nearest,OnArrival,5,40,17584,Node_160,16,0,14,16,14,,,,,,,,,
30,VISIT,3253,Nearest,OnArrival,5,12,17584,Node_376,30,0,9,30,9,,,,,,,,,
30,VISIT,3255,Nearest,OnArrival,5,12,17584,Node_376,30,0,9,30,9,,,,,,,,,
30,VISIT,3243,Nearest,OnArrival,5,89,17588,Node_160,16,0,14,16,14,,,,,,,,,
30,VISIT,3245,Nearest,OnArrival,5,46,17588,Node_241,5,0,12,5,12,,,,,,,,,
30,VISIT,3246,Nearest,OnArrival,5,49,17588,Node_555,5,0,18,5,18,,,,,,,,,
30,VISIT,3247,Nearest,OnArrival,5,46,17588,Node_582,5,0,16,5,16,,,,,,,,,
30,VISIT,3248,Nearest,OnArrival,5,46,17588,Node_241,5,0,12,5,12,,,,,,,,,
30,VISIT,3249,Nearest,OnArrival,5,42,17588,Node_167,17,0,14,17,14,,,,,,,,,
30,VISIT,3250,Nearest,OnArrival,5,42,17588,Node_167,17,0,14,17,14,,,,,,,,,
30,VISIT,3251,Nearest,OnArrival,5,42,17588,Node_167,17,0,14,17,14,,,,,,,,,
30,VISIT,3252,Nearest,OnArrival,5,41,17588,Node_167,17,0,14,17,14,,,,,,,,,
30,VISIT,3229,Nearest,OnArrival,5,179,17592,Node_523,11,0,21,11,21,,,,,,,,,
30,VISIT,3232,Nearest,OnArrival,5,179,17592,Node_523,11,0,21,11,21,,,,,,,,,
30,VISIT,3233,Nearest,OnArrival,5,140,17592,Node_523,11,0,21,11,21,,,,,,,,,
30,VISIT,3234,Nearest,OnArrival,5,143,17592,Node_523,11,0,21,11,21,,,,,,,,,
30,VISIT,3235,Nearest,OnArrival,5,139,17592,Node_523,11,0,21,11,21,,,,,,,,,
30,VISIT,3236,Nearest,OnArrival,5,140,17592,Node_523,11,0,21,11,21,,,,,,,,,
30,VISIT,3237,Nearest,OnArrival,5,117,17592,Node_523,11,0,21,11,21,,,,,,,,,
30,VISIT,3238,Nearest,OnArrival,5,114,17592,Node_523,11,0,21,11,21,,,,,,,,,
30,VISIT,3239,Nearest,OnArrival,5,116,17592,Node_523,11,0,21,11,21,,,,,,,,,
30,VISIT,3240,Nearest,OnArrival,5,117,17592,Node_523,11,0,21,11,21,,,,,,,,,
30,VISIT,3243,Nearest,OnArrival,5,90,17592,Node_167,17,0,14,17,14,,,,,,,,,
30,VISIT,3245,Nearest,OnArrival,5,47,17592,Node_243,5,0,13,5,13,,,,,,,,,
30,VISIT,3246,Nearest,OnArrival,5,50,17592,Node_557,5,0,19,5,19,,,,,,,,,
30,VISIT,3247,Nearest,OnArrival,5,47,17592,Node_554,5,0,17,5,17,,,,,,,,,
30,VISIT,3248,Nearest,OnArrival,5,47,17592,Node_243,5,0,13,5,13,,,,,,,,,
30,VISIT,3249,Nearest,OnArrival,5,43,17592,Node_133,18,0,14,18,14,,,,,,,,,
30,VISIT,3250,Nearest,OnArrival,5,43,17592,Node_133,18,0,14,18,14,,,,,,,,,
30,VISIT,3251,Nearest,OnArrival,5,43,17592,Node_133,18,0,14,18,14,,,,,,,,,
30,VISIT,3252,Nearest,OnArrival,5,42,17592,Node_133,18,0,14,18,14,,,,,,,,,
30,VISIT,3254,Nearest,OnArrival,5,13,17592,Node_422,27,0,0,27,0,,,,,,,,,
30,VISIT,3256,Nearest,OnArrival,5,9,17592,Node_339,28,0,5,28,5,,,,,,,,,
30,VISIT,3229,Nearest,OnArrival,5,180,17596,Node_522,11,0,20,11,20,,,,,,,,,
30,VISIT,3232,Nearest,OnArrival,5,180,17596,Node_522,11,0,20,11,20,,,,,,,,,
30,VISIT,3233,Nearest,OnArrival,5,141,17596,Node_522,11,0,20,11,20,,,,,,,,,
30,VISIT,3234,Nearest,OnArrival,5,144,17596,Node_522,11,0,20,11,20,,,,,,,,,
30,VISIT,3235,Nearest,OnArrival,5,140,17596,Node_522,11,0,20,11,20,,,,,,,,,
30,VISIT,3236,Nearest,OnArrival,5,141,17596,Node_522,11,0,20,11,20,,,,,,,,,
30,VISIT,3237,Nearest,OnArrival,5,118,17596,Node_522,11,0,20,11,20,,,,,,,,,
30,VISIT,3238,Nearest,OnArrival,5,115,17596,Node_522,11,0,20,11,20,,,,,,,,,
30,VISIT,3239,Nearest,OnArrival,5,117,17596,Node_522,11,0,20,11,20,,,,,,,,,
30,VISIT,3240,Nearest,OnArrival,5,118,17596,Node_522,11,0,20,11,20,,,,,,,,,
30,VISIT,3243,Nearest,OnArrival,5,91,17596,Node_133,18,0,14,18,14,,,,,,,,,
30,VISIT,3245,Nearest,OnArrival,5,48,17596,Node_244,5,0,14,5,14,,,,,,,,,
30,VISIT,3246,Nearest,OnArrival,5,51,17596,Node_558,5,0,20,5,20,,,,,,,,,
30,VISIT,3247,Nearest,OnArrival,5,48,17596,Node_555,5,0,18,5,18,,,,,,,,,
30,VISIT,3248,Nearest,OnArrival,5,48,17596,Node_244,5,0,14,5,14,,,,,,,,,
30,VISIT,3253,Nearest,OnArrival,5,13,17596,Node_380,31,0,11,31,11,,,,,,,,,
30,VISIT,3254,Nearest,OnArrival,5,14,17596,Node_350,28,0,0,28,0,,,,,,,,,
30,VISIT,3255,Nearest,OnArrival,5,13,17596,Node_380,31,0,11,31,11,,,,,,,,,
30,VISIT,3245,Nearest,OnArrival,5,49,17600,Node_245,5,0,15,5,15,,,,,,,,,
30,VISIT,3246,Nearest,OnArrival,5,52,17600,Node_592,6,0,20,6,20,,,,,,,,,
30,VISIT,3247,Nearest,OnArrival,5,49,17600,Node_557,5,0,19,5,19,,,,,,,,,
30,VISIT,3248,Nearest,OnArrival,5,49,17600,Node_245,5,0,15,5,15,,,,,,,,,
30,VISIT,3249,Nearest,OnArrival,5,44,17600,Node_53,20,0,14,20,14,,,,,,,,,
30,VISIT,3250,Nearest,OnArrival,5,44,17600,Node_53,20,0,14,20,14,,,,,,,,,
30,VISIT,3251,Nearest,OnArrival,5,44,17600,Node_53,20,0,14,20,14,,,,,,,,,
30,VISIT,3252,Nearest,OnArrival,5,43,17600,Node_53,20,0,14,20,14,,,,,,,,,
30,VISIT,3254,Nearest,OnArrival,5,15,17600,Node_348,28,0,1,28,1,,,,,,,,,
30,VISIT,3256,Nearest,OnArrival,5,10,17600,Node_344,28,0,3,28,3,,,,,,,,,
30,VISIT,3257,Nearest,OnArrival,5,0,17600,Node_6,19,0,12,19,12,,,,,,,,,
30,VISIT,3258,Nearest,OnArrival,5,0,17600,Node_7,19,0,8,19,8,,,,,,,,,
30,VISIT,3259,Nearest,OnArrival,5,0,17600,Node_8,17,0,10,17,10,,,,,,,,,
30,VISIT,3260,Nearest,OnArrival,5,0,17600,Node_9,21,0,10,21,10,,,,,,,,,
30,VISIT,3229,Nearest,OnArrival,5,181,17604,Node_521,11,0,18,11,18,,,,,,,,,
30,VISIT,3232,Nearest,OnArrival,5,181,17604,Node_521,11,0,18,11,18,,,,,,,,,
30,VISIT,3233,Nearest,OnArrival,5,142,17604,Node_521,11,0,18,11,18,,,,,,,,,
30,VISIT,3234,Nearest,OnArrival,5,145,17604,Node_521,11,0,18,11,18,,,,,,,,,
30,VISIT,3235,Nearest,OnArrival,5,141,17604,Node_521,11,0,18,11,18,,,,,,,,,
30,VISIT,3236,Nearest,OnArrival,5,142,17604,Node_521,11,0,18,11,18,,,,,,,,,
30,VISIT,3237,Nearest,OnArrival,5,119,17604,Node_521,11,0,18,11,18,,,,,,,,,
30,VISIT,3238,Nearest,OnArrival,5,116,17604,Node_521,11,0,18,11,18,,,,,,,,,
30,VISIT,3239,Nearest,OnArrival,5,118,17604,Node_521,11,0,18,11,18,,,,,,,,,
30,VISIT,3240,Nearest,OnArrival,5,119,17604,Node_521,11,0,18,11,18,,,,,,,,,
30,VISIT,3243,Nearest,OnArrival,5,92,17604,Node_53,20,0,14,20,14,,,,,,,,,
30,VISIT,3245,Nearest,OnArrival,5,50,17604,Node_582,5,0,16,5,16,,,,,,,,,
30,VISIT,3246,Nearest,OnArrival,5,53,17604,Node_598,7,0,20,7,20,,,,,,,,,
30,VISIT,3247,Nearest,OnArrival,5,50,17604,Node_558,5,0,20,5,20,,,,,,,,,
30,VISIT,3248,Nearest,OnArrival,5,50,17604,Node_582,5,0,16,5,16,,,,,,,,,
30,VISIT,3249,Nearest,OnArrival,5,45,17604,Node_49,20,0,13,20,13,,,,,,,,,
30,VISIT,3250,Nearest,OnArrival,5,45,17604,Node_49,20,0,13,20,13,,,,,,,,,
30,VISIT,3251,Nearest,OnArrival,5,45,17604,Node_49,20,0,13,20,13,,,,,,,,,
30,VISIT,3252,Nearest,OnArrival,5,44,17604,Node_49,20,0,13,20,13,,,,,,,,,
30,VISIT,3254,Nearest,OnArrival,5,16,17604,Node_711,27,0,1,27,1,,,,,,,,,
30,VISIT,3257,Nearest,OnArrival,5,1,17604,Node_2,19,0,11,19,11,,,,,,,,,
30,VISIT,3258,Nearest,OnArrival,5,1,17604,Node_47,20,0,8,20,8,,,,,,,,,
30,VISIT,3259,Nearest,OnArrival,5,1,17604,Node_4,18,0,10,18,10,,,,,,,,,
30,VISIT,3260,Nearest,OnArrival,5,1,17604,Node_48,21,0,9,21,9,,,,,,,,,
30,VISIT,3229,Nearest,OnArrival,5,182,17608,Node_673,11,0,17,11,17,,,,,,,,,
30,VISIT,3232,Nearest,OnArrival,5,182,17608,Node_673,11,0,17,11,17,,,,,,,,,
30,VISIT,3233,Nearest,OnArrival,5,143,17608,Node_673,11,0,17,11,17,,,,,,,,,
30,VISIT,3234,Nearest,OnArrival,5,146,17608,Node_673,11,0,17,11,17,,,,,,,,,
30,VISIT,3235,Nearest,OnArrival,5,142,17608,Node_673,11,0,17,11,17,,,,,,,,,
30,VISIT,3236,Nearest,OnArrival,5,143,17608,Node_673,11,0,17,11,17,,,,,,,,,
30,VISIT,3237,Nearest,OnArrival,5,120,17608,Node_673,11,0,17,11,17,,,,,,,,,
30,VISIT,3238,Nearest,OnArrival,5,117,17608,Node_673,11,0,17,11,17,,,,,,,,,
30,VISIT,3239,Nearest,OnArrival,5,119,17608,Node_673,11,0,17,11,17,,,,,,,,,
30,VISIT,3240,Nearest,OnArrival,5,120,17608,Node_673,11,0,17,11,17,,,,,,,,,
30,VISIT,3243,Nearest,OnArrival,5,93,17608,Node_49,20,0,13,20,13,,,,,,,,,
30,VISIT,3245,Nearest,OnArrival,5,51,17608,Node_554,5,0,17,5,17,,,,,,,,,
30,VISIT,3246,Nearest,OnArrival,5,54,17608,Node_602,8,0,20,8,20,,,,,,,,,
30,VISIT,3247,Nearest,OnArrival,5,51,17608,Node_592,6,0,20,6,20,,,,,,,,,
30,VISIT,3248,Nearest,OnArrival,5,51,17608,Node_554,5,0,17,5,17,,,,,,,,,
30,VISIT,3249,Nearest,OnArrival,5,46,17608,Node_46,20,0,12,20,12,,,,,,,,,
30,VISIT,3250,Nearest,OnArrival,5,46,17608,Node_46,20,0,12,20,12,,,,,,,,,
30,VISIT,3251,Nearest,OnArrival,5,46,17608,Node_46,20,0,12,20,12,,,,,,,,,
30,VISIT,3252,Nearest,OnArrival,5,45,17608,Node_46,20,0,12,20,12,,,,,,,,,
30,VISIT,3254,Nearest,OnArrival,5,17,17608,Node_708,27,0,2,27,2,,,,,,,,,
30,VISIT,3257,Nearest,OnArrival,5,2,17608,Node_20,19,0,10,19,10,,,,,,,,,
30,VISIT,3258,Nearest,OnArrival,5,2,17608,Node_52,21,0,8,21,8,,,,,,,,,
30,VISIT,3259,Nearest,OnArrival,5,2,17608,Node_15,18,0,9,18,9,,,,,,,,,
30,VISIT,3260,Nearest,OnArrival,5,2,17608,Node_52,21,0,8,21,8,,,,,,,,,
30,VISIT,3229,Nearest,OnArrival,5,183,17612,Node_44,12,0,17,12,17,,,,,,,,,
30,VISIT,3232,Nearest,OnArrival,5,183,17612,Node_44,12,0,17,12,17,,,,,,,,,
30,VISIT,3233,Nearest,OnArrival,5,144,17612,Node_44,12,0,17,12,17,,,,,,,,,
30,VISIT,3234,Nearest,OnArrival,5,147,17612,Node_44,12,0,17,12,17,,,,,,,,,
30,VISIT,3235,Nearest,OnArrival,5,143,17612,Node_44,12,0,17,12,17,,,,,,,,,
30,VISIT,3236,Nearest,OnArrival,5,144,17612,Node_44,12,0,17,12,17,,,,,,,,,
30,VISIT,3237,Nearest,OnArrival,5,121,17612,Node_44,12,0,17,12,17,,,,,,,,,
30,VISIT,3238,Nearest,OnArrival,5,118,17612,Node_44,12,0,17,12,17,,,,,,,,,
30,VISIT,3239,Nearest,OnArrival,5,120,17612,Node_44,12,0,17,12,17,,,,,,,,,
30,VISIT,3240,Nearest,OnArrival,5,121,17612,Node_44,12,0,17,12,17,,,,,,,,,
30,VISIT,3243,Nearest,OnArrival,5,94,17612,Node_46,20,0,12,20,12,,,,,,,,,
30,VISIT,3245,Nearest,OnArrival,5,52,17612,Node_555,5,0,18,5,18,,,,,,,,,
30,VISIT,3246,Nearest,OnArrival,5,55,17612,Node_605,8,0,21,8,21,,,,,,,,,
30,VISIT,3247,Nearest,OnArrival,5,52,17612,Node_598,7,0,20,7,20,,,,,,,,,
30,VISIT,3248,Nearest,OnArrival,5,52,17612,Node_555,5,0,18,5,18,,,,,,,,,
30,VISIT,3249,Nearest,OnArrival,5,47,17612,Node_57,20,0,11,20,11,,,,,,,,,
30,VISIT,3250,Nearest,OnArrival,5,47,17612,Node_57,20,0,11,20,11,,,,,,,,,
30,VISIT,3251,Nearest,OnArrival,5,47,17612,Node_57,20,0,11,20,11,,,,,,,,,
30,VISIT,3252,Nearest,OnArrival,5,46,17612,Node_57,20,0,11,20,11,,,,,,,,,
30,VISIT,3254,Nearest,OnArrival,5,18,17612,Node_346,28,0,2,28,2,,,,,,,,,
30,VISIT,3257,Nearest,OnArrival,5,3,17612,Node_3,19,0,9,19,9,,,,,,,,,
30,VISIT,3258,Nearest,OnArrival,5,3,17612,Node_55,21,0,7,21,7,,,,,,,,,
30,VISIT,3259,Nearest,OnArrival,5,3,17612,Node_11,18,0,8,18,8,,,,,,,,,
30,VISIT,3260,Nearest,OnArrival,5,3,17612,Node_55,21,0,7,21,7,,,,,,,,,
30,VISIT,3229,Nearest,OnArrival,5,184,17616,Node_45,12,0,16,12,16,,,,,,,,,
30,VISIT,3232,Nearest,OnArrival,5,184,17616,Node_45,12,0,16,12,16,,,,,,,,,
30,VISIT,3233,Nearest,OnArrival,5,145,17616,Node_45,12,0,16,12,16,,,,,,,,,
30,VISIT,3234,Nearest,OnArrival,5,148,17616,Node_45,12,0,16,12,16,,,,,,,,,
30,VISIT,3235,Nearest,OnArrival,5,144,17616,Node_45,12,0,16,12,16,,,,,,,,,
30,VISIT,3236,Nearest,OnArrival,5,145,17616,Node_45,12,0,16,12,16,,,,,,,,,
30,VISIT,3237,Nearest,OnArrival,5,122,17616,Node_45,12,0,16,12,16,,,,,,,,,
30,VISIT,3238,Nearest,OnArrival,5,119,17616,Node_45,12,0,16,12,16,,,,,,,,,
30,VISIT,3239,Nearest,OnArrival,5,121,17616,Node_45,12,0,16,12,16,,,,,,,,,
30,VISIT,3240,Nearest,OnArrival,5,122,17616,Node_45,12,0,16,12,16,,,,,,,,,
30,VISIT,3243,Nearest,OnArrival,5,95,17616,Node_57,20,0,11,20,11,,,,,,,,,
30,VISIT,3245,Nearest,OnArrival,5,53,17616,Node_557,5,0,19,5,19,,,,,,,,,
30,VISIT,3246,Nearest,OnArrival,5,56,17616,Node_607,8,0,22,8,22,,,,,,,,,
30,VISIT,3247,Nearest,OnArrival,5,53,17616,Node_602,8,0,20,8,20,,,,,,,,,
30,VISIT,3248,Nearest,OnArrival,5,53,17616,Node_557,5,0,19,5,19,,,,,,,,,
30,VISIT,3249,Nearest,OnArrival,5,48,17616,Node_5,20,0,10,20,10,,,,,,,,,
30,VISIT,3250,Nearest,OnArrival,5,48,17616,Node_5,20,0,10,20,10,,,,,,,,,
30,VISIT,3251,Nearest,OnArrival,5,48,17616,Node_5,20,0,10,20,10,,,,,,,,,
30,VISIT,3252,Nearest,OnArrival,5,47,17616,Node_5,20,0,10,20,10,,,,,,,,,
30,VISIT,3254,Nearest,OnArrival,5,19,17616,Node_717,29,0,2,29,2,,,,,,,,,
30,VISIT,3256,Nearest,OnArrival,5,11,17616,Node_348,28,0,1,28,1,,,,,,,,,
30,VISIT,3257,Nearest,OnArrival,5,4,17616,Node_7,19,0,8,19,8,,,,,,,,,
30,VISIT,3258,Nearest,OnArrival,5,4,17616,Node_59,21,0,6,21,6,,,,,,,,,
30,VISIT,3259,Nearest,OnArrival,5,4,17616,Node_7,19,0,8,19,8,,,,,,,,,
30,VISIT,3260,Nearest,OnArrival,5,4,17616,Node_59,21,0,6,21,6,,,,,,,,,
30,VISIT,3229,Nearest,OnArrival,5,185,17620,Node_99,12,0,15,12,15,,,,,,,,,
30,VISIT,3232,Nearest,OnArrival,5,185,17620,Node_99,12,0,15,12,15,,,,,,,,,
30,VISIT,3233,Nearest,OnArrival,5,146,17620,Node_99,12,0,15,12,15,,,,,,,,,
30,VISIT,3234,Nearest,OnArrival,5,149,17620,Node_99,12,0,15,12,15,,,,,,,,,
30,VISIT,3235,Nearest,OnArrival,5,145,17620,Node_99,12,0,15,12,15,,,,,,,,,
30,VISIT,3236,Nearest,OnArrival,5,146,17620,Node_99,12,0,15,12,15,,,,,,,,,
30,VISIT,3237,Nearest,OnArrival,5,123,17620,Node_99,12,0,15,12,15,,,,,,,,,
30,VISIT,3238,Nearest,OnArrival,5,120,17620,Node_99,12,0,15,12,15,,,,,,,,,
30,VISIT,3239,Nearest,OnArrival,5,122,17620,Node_99,12,0,15,12,15,,,,,,,,,
30,VISIT,3240,Nearest,OnArrival,5,123,17620,Node_99,12,0,15,12,15,,,,,,,,,
30,VISIT,3243,Nearest,OnArrival,5,96,17620,Node_5,20,0,10,20,10,,,,,,,,,
30,VISIT,3245,Nearest,OnArrival,5,54,17620,Node_558,5,0,20,5,20,,,,,,,,,
30,VISIT,3246,Nearest,OnArrival,5,57,17620,Node_608,7,0,22,7,22,,,,,,,,,
30,VISIT,3247,Nearest,OnArrival,5,54,17620,Node_605,8,0,21,8,21,,,,,,,,,
30,VISIT,3248,Nearest,OnArrival,5,54,17620,Node_558,5,0,20,5,20,,,,,,,,,
30,VISIT,3249,Nearest,OnArrival,5,49,17620,Node_9,21,0,10,21,10,,,,,,,,,
30,VISIT,3250,Nearest,OnArrival,5,49,17620,Node_9,21,0,10,21,10,,,,,,,,,
30,VISIT,3251,Nearest,OnArrival,5,49,17620,Node_9,21,0,10,21,10,,,,,,,,,
30,VISIT,3252,Nearest,OnArrival,5,48,17620,Node_9,21,0,10,21,10,,,,,,,,,
30,VISIT,3254,Nearest,OnArrival,5,20,17620,Node_715,29,0,3,29,3,,,,,,,,,
30,VISIT,3256,Nearest,OnArrival,5,12,17620,Node_346,28,0,2,28,2,,,,,,,,,
30,VISIT,3257,Nearest,OnArrival,5,5,17620,Node_47,20,0,8,20,8,,,,,,,,,
30,VISIT,3258,Nearest,OnArrival,5,5,17620,Node_61,21,0,5,21,5,,,,,,,,,
30,VISIT,3259,Nearest,OnArrival,5,5,17620,Node_47,20,0,8,20,8,,,,,,,,,
30,VISIT,3260,Nearest,OnArrival,5,5,17620,Node_61,21,0,5,21,5,,,,,,,,,
30,VISIT,3229,Nearest,OnArrival,5,186,17624,Node_97,12,0,14,12,14,,,,,,,,,
30,VISIT,3232,Nearest,OnArrival,5,186,17624,Node_97,12,0,14,12,14,,,,,,,,,
30,VISIT,3233,Nearest,OnArrival,5,147,17624,Node_97,12,0,14,12,14,,,,,,,,,
30,VISIT,3234,Nearest,OnArrival,5,150,17624,Node_97,12,0,14,12,14,,,,,,,,,
30,VISIT,3235,Nearest,OnArrival,5,146,17624,Node_97,12,0,14,12,14,,,,,,,,,
30,VISIT,3236,Nearest,OnArrival,5,147,17624,Node_97,12,0,14,12,14,,,,,,,,,
30,VISIT,3237,Nearest,OnArrival,5,124,17624,Node_97,12,0,14,12,14,,,,,,,,,
30,VISIT,3238,Nearest,OnArrival,5,121,17624,Node_97,12,0,14,12,14,,,,,,,,,
30,VISIT,3239,Nearest,OnArrival,5,123,17624,Node_97,12,0,14,12,14,,,,,,,,,
30,VISIT,3240,Nearest,OnArrival,5,124,17624,Node_97,12,0,14,12,14,,,,,,,,,
30,VISIT,3243,Nearest,OnArrival,5,97,17624,Node_9,21,0,10,21,10,,,,,,,,,
30,VISIT,3245,Nearest,OnArrival,5,55,17624,Node_592,6,0,20,6,20,,,,,,,,,
30,VISIT,3246,Nearest,OnArrival,5,58,17624,Node_609,7,0,23,7,23,,,,,,,,,
30,VISIT,3247,Nearest,OnArrival,5,55,17624,Node_607,8,0,22,8,22,,,,,,,,,
30,VISIT,3248,Nearest,OnArrival,5,55,17624,Node_592,6,0,20,6,20,,,,,,,,,
30,VISIT,3249,Nearest,OnArrival,5,50,17624,Node_48,21,0,9,21,9,,,,,,,,,
30,VISIT,3250,Nearest,OnArrival,5,50,17624,Node_48,21,0,9,21,9,,,,,,,,,
30,VISIT,3251,Nearest,OnArrival,5,50,17624,Node_48,21,0,9,21,9,,,,,,,,,
30,VISIT,3252,Nearest,OnArrival,5,49,17624,Node_48,21,0,9,21,9,,,,,,,,,
30,VISIT,3256,Nearest,OnArrival,5,13,17624,Node_344,28,0,3,28,3,,,,,,,,,
30,VISIT,3257,Nearest,OnArrival,5,6,17624,Node_52,21,0,8,21,8,,,,,,,,,
30,VISIT,3258,Nearest,OnArrival,5,6,17624,Node_132,22,0,5,22,5,,,,,,,,,
30,VISIT,3259,Nearest,OnArrival,5,6,17624,Node_52,21,0,8,21,8,,,,,,,,,
30,VISIT,3260,Nearest,OnArrival,5,6,17624,Node_132,22,0,5,22,5,,,,,,,,,
30,VISIT,3229,Nearest,OnArrival,5,187,17628,Node_38,13,0,14,13,14,,,,,,,,,
30,VISIT,3232,Nearest,OnArrival,5,187,17628,Node_38,13,0,14,13,14,,,,,,,,,
30,VISIT,3233,Nearest,OnArrival,5,148,17628,Node_38,13,0,14,13,14,,,,,,,,,
30,VISIT,3234,Nearest,OnArrival,5,151,17628,Node_38,13,0,14,13,14,,,,,,,,,
30,VISIT,3235,Nearest,OnArrival,5,147,17628,Node_38,13,0,14,13,14,,,,,,,,,
30,VISIT,3236,Nearest,OnArrival,5,148,17628,Node_38,13,0,14,13,14,,,,,,,,,
30,VISIT,3237,Nearest,OnArrival,5,125,17628,Node_38,13,0,14,13,14,,,,,,,,,
30,VISIT,3238,Nearest,OnArrival,5,122,17628,Node_38,13,0,14,13,14,,,,,,,,,
30,VISIT,3239,Nearest,OnArrival,5,124,17628,Node_38,13,0,14,13,14,,,,,,,,,
30,VISIT,3240,Nearest,OnArrival,5,125,17628,Node_38,13,0,14,13,14,,,,,,,,,
30,VISIT,3243,Nearest,OnArrival,5,98,17628,Node_48,21,0,9,21,9,,,,,,,,,
30,VISIT,3245,Nearest,OnArrival,5,56,17628,Node_598,7,0,20,7,20,,,,,,,,,
30,VISIT,3246,Nearest,OnArrival,5,59,17628,Node_612,6,0,23,6,23,,,,,,,,,
30,VISIT,3247,Nearest,OnArrival,5,56,17628,Node_608,7,0,22,7,22,,,,,,,,,
30,VISIT,3248,Nearest,OnArrival,5,56,17628,Node_598,7,0,20,7,20,,,,,,,,,
30,VISIT,3249,Nearest,OnArrival,5,51,17628,Node_52,21,0,8,21,8,,,,,,,,,
30,VISIT,3250,Nearest,OnArrival,5,51,17628,Node_52,21,0,8,21,8,,,,,,,,,
30,VISIT,3251,Nearest,OnArrival,5,51,17628,Node_52,21,0,8,21,8,,,,,,,,,
30,VISIT,3252,Nearest,OnArrival,5,50,17628,Node_52,21,0,8,21,8,,,,,,,,,
30,VISIT,3256,Nearest,OnArrival,5,14,17628,Node_715,29,0,3,29,3,,,,,,,,,
30,VISIT,3257,Nearest,OnArrival,5,7,17628,Node_55,21,0,7,21,7,,,,,,,,,
30,VISIT,3258,Nearest,OnArrival,5,7,17628,Node_263,23,0,5,23,5,,,,,,,,,
30,VISIT,3259,Nearest,OnArrival,5,7,17628,Node_55,21,0,7,21,7,,,,,,,,,
30,VISIT,3260,Nearest,OnArrival,5,7,17628,Node_263,23,0,5,23,5,,,,,,,,,
30,VISIT,3229,Nearest,OnArrival,5,188,17632,Node_37,14,0,14,14,14,,,,,,,,,
30,VISIT,3232,Nearest,OnArrival,5,188,17632,Node_37,14,0,14,14,14,,,,,,,,,
30,VISIT,3233,Nearest,OnArrival,5,149,17632,Node_37,14,0,14,14,14,,,,,,,,,
30,VISIT,3234,Nearest,OnArrival,5,152,17632,Node_37,14,0,14,14,14,,,,,,,,,
30,VISIT,3235,Nearest,OnArrival,5,148,17632,Node_37,14,0,14,14,14,,,,,,,,,
30,VISIT,3236,Nearest,OnArrival,5,149,17632,Node_37,14,0,14,14,14,,,,,,,,,
30,VISIT,3237,Nearest,OnArrival,5,126,17632,Node_37,14,0,14,14,14,,,,,,,,,
30,VISIT,3238,Nearest,OnArrival,5,123,17632,Node_37,14,0,14,14,14,,,,,,,,,
30,VISIT,3239,Nearest,OnArrival,5,125,17632,Node_37,14,0,14,14,14,,,,,,,,,
30,VISIT,3240,Nearest,OnArrival,5,126,17632,Node_37,14,0,14,14,14,,,,,,,,,
30,VISIT,3243,Nearest,OnArrival,5,99,17632,Node_52,21,0,8,21,8,,,,,,,,,
30,VISIT,3245,Nearest,OnArrival,5,57,17632,Node_602,8,0,20,8,20,,,,,,,,,
30,VISIT,3246,Nearest,OnArrival,5,60,17632,Node_614,6,0,24,6,24,,,,,,,,,
30,VISIT,3247,Nearest,OnArrival,5,57,17632,Node_609,7,0,23,7,23,,,,,,,,,
30,VISIT,3248,Nearest,OnArrival,5,57,17632,Node_602,8,0,20,8,20,,,,,,,,,
30,VISIT,3249,Nearest,OnArrival,5,52,17632,Node_55,21,0,7,21,7,,,,,,,,,
30,VISIT,3250,Nearest,OnArrival,5,52,17632,Node_55,21,0,7,21,7,,,,,,,,,
30,VISIT,3251,Nearest,OnArrival,5,52,17632,Node_55,21,0,7,21,7,,,,,,,,,
30,VISIT,3252,Nearest,OnArrival,5,51,17632,Node_55,21,0,7,21,7,,,,,,,,,
30,VISIT,3257,Nearest,OnArrival,5,8,17632,Node_59,21,0,6,21,6,,,,,,,,,
30,VISIT,3258,Nearest,OnArrival,5,8,17632,Node_265,23,0,4,23,4,,,,,,,,,
30,VISIT,3259,Nearest,OnArrival,5,8,17632,Node_59,21,0,6,21,6,,,,,,,,,
30,VISIT,3260,Nearest,OnArrival,5,8,17632,Node_265,23,0,4,23,4,,,,,,,,,
30,VISIT,3229,Nearest,OnArrival,5,189,17636,Node_140,15,0,14,15,14,,,,,,,,,
30,VISIT,3232,Nearest,OnArrival,5,189,17636,Node_140,15,0,14,15,14,,,,,,,,,
30,VISIT,3233,Nearest,OnArrival,5,150,17636,Node_140,15,0,14,15,14,,,,,,,,,
30,VISIT,3234,Nearest,OnArrival,5,153,17636,Node_140,15,0,14,15,14,,,,,,,,,
30,VISIT,3235,Nearest,OnArrival,5,149,17636,Node_140,15,0,14,15,14,,,,,,,,,
30,VISIT,3236,Nearest,OnArrival,5,150,17636,Node_140,15,0,14,15,14,,,,,,,,,
30,VISIT,3237,Nearest,OnArrival,5,127,17636,Node_140,15,0,14,15,14,,,,,,,,,
30,VISIT,3238,Nearest,OnArrival,5,124,17636,Node_140,15,0,14,15,14,,,,,,,,,
30,VISIT,3239,Nearest,OnArrival,5,126,17636,Node_140,15,0,14,15,14,,,,,,,,,
30,VISIT,3240,Nearest,OnArrival,5,127,17636,Node_140,15,0,14,15,14,,,,,,,,,
30,VISIT,3243,Nearest,OnArrival,5,100,17636,Node_55,21,0,7,21,7,,,,,,,,,
30,VISIT,3245,Nearest,OnArrival,5,58,17636,Node_605,8,0,21,8,21,,,,,,,,,
30,VISIT,3246,Nearest,OnArrival,5,61,17636,Node_624,5,0,24,5,24,,,,,,,,,
30,VISIT,3247,Nearest,OnArrival,5,58,17636,Node_612,6,0,23,6,23,,,,,,,,,
30,VISIT,3248,Nearest,OnArrival,5,58,17636,Node_605,8,0,21,8,21,,,,,,,,,
30,VISIT,3249,Nearest,OnArrival,5,53,17636,Node_59,21,0,6,21,6,,,,,,,,,
30,VISIT,3250,Nearest,OnArrival,5,53,17636,Node_59,21,0,6,21,6,,,,,,,,,
30,VISIT,3251,Nearest,OnArrival,5,53,17636,Node_59,21,0,6,21,6,,,,,,,,,
30,VISIT,3252,Nearest,OnArrival,5,52,17636,Node_59,21,0,6,21,6,,,,,,,,,
30,VISIT,3257,Nearest,OnArrival,5,9,17636,Node_61,21,0,5,21,5,,,,,,,,,
30,VISIT,3258,Nearest,OnArrival,5,9,17636,Node_267,23,0,3,23,3,,,,,,,,,
30,VISIT,3259,Nearest,OnArrival,5,9,17636,Node_61,21,0,5,21,5,,,,,,,,,
30,VISIT,3260,Nearest,OnArrival,5,9,17636,Node_267,23,0,3,23,3,,,,,,,,,
30,VISIT,3229,Nearest,OnArrival,5,190,17640,Node_160,16,0,14,16,14,,,,,,,,,
30,VISIT,3232,Nearest,OnArrival,5,190,17640,Node_160,16,0,14,16,14,,,,,,,,,
30,VISIT,3233,Nearest,OnArrival,5,151,17640,Node_160,16,0,14,16,14,,,,,,,,,
30,VISIT,3234,Nearest,OnArrival,5,154,17640,Node_160,16,0,14,16,14,,,,,,,,,
30,VISIT,3235,Nearest,OnArrival,5,150,17640,Node_160,16,0,14,16,14,,,,,,,,,
30,VISIT,3236,Nearest,OnArrival,5,151,17640,Node_160,16,0,14,16,14,,,,,,,,,
30,VISIT,3237,Nearest,OnArrival,5,128,17640,Node_160,16,0,14,16,14,,,,,,,,,
30,VISIT,3238,Nearest,OnArrival,5,125,17640,Node_160,16,0,14,16,14,,,,,,,,,
30,VISIT,3239,Nearest,OnArrival,5,127,17640,Node_160,16,0,14,16,14,,,,,,,,,
30,VISIT,3240,Nearest,OnArrival,5,128,17640,Node_160,16,0,14,16,14,,,,,,,,,
30,VISIT,3243,Nearest,OnArrival,5,101,17640,Node_59,21,0,6,21,6,,,,,,,,,
30,VISIT,3245,Nearest,OnArrival,5,59,17640,Node_607,8,0,22,8,22,,,,,,,,,
30,VISIT,3246,Nearest,OnArrival,5,62,17640,Node_614,6,0,24,6,24,,,,,,,,,
30,VISIT,3247,Nearest,OnArrival,5,59,17640,Node_614,6,0,24,6,24,,,,,,,,,
30,VISIT,3248,Nearest,OnArrival,5,59,17640,Node_607,8,0,22,8,22,,,,,,,,,
30,VISIT,3249,Nearest,OnArrival,5,54,17640,Node_61,21,0,5,21,5,,,,,,,,,
30,VISIT,3250,Nearest,OnArrival,5,54,17640,Node_61,21,0,5,21,5,,,,,,,,,
30,VISIT,3251,Nearest,OnArrival,5,54,17640,Node_61,21,0,5,21,5,,,,,,,,,
30,VISIT,3252,Nearest,OnArrival,5,53,17640,Node_61,21,0,5,21,5,,,,,,,,,
30,VISIT,3256,Nearest,OnArrival,5,15,17640,Node_724,32,0,3,32,3,,,,,,,,,
30,VISIT,3257,Nearest,OnArrival,5,10,17640,Node_132,22,0,5,22,5,,,,,,,,,
30,VISIT,3258,Nearest,OnArrival,5,10,17640,Node_269,23,0,2,23,2,,,,,,,,,
30,VISIT,3259,Nearest,OnArrival,5,10,17640,Node_132,22,0,5,22,5,,,,,,,,,
30,VISIT,3260,Nearest,OnArrival,5,10,17640,Node_269,23,0,2,23,2,,,,,,,,,
30,VISIT,3229,Nearest,OnArrival,5,191,17644,Node_167,17,0,14,17,14,,,,,,,,,
30,VISIT,3232,Nearest,OnArrival,5,191,17644,Node_167,17,0,14,17,14,,,,,,,,,
30,VISIT,3233,Nearest,OnArrival,5,152,17644,Node_167,17,0,14,17,14,,,,,,,,,
30,VISIT,3234,Nearest,OnArrival,5,155,17644,Node_167,17,0,14,17,14,,,,,,,,,
30,VISIT,3235,Nearest,OnArrival,5,151,17644,Node_167,17,0,14,17,14,,,,,,,,,
30,VISIT,3236,Nearest,OnArrival,5,152,17644,Node_167,17,0,14,17,14,,,,,,,,,
30,VISIT,3237,Nearest,OnArrival,5,129,17644,Node_167,17,0,14,17,14,,,,,,,,,
30,VISIT,3238,Nearest,OnArrival,5,126,17644,Node_167,17,0,14,17,14,,,,,,,,,
30,VISIT,3239,Nearest,OnArrival,5,128,17644,Node_167,17,0,14,17,14,,,,,,,,,
30,VISIT,3240,Nearest,OnArrival,5,129,17644,Node_167,17,0,14,17,14,,,,,,,,,
30,VISIT,3243,Nearest,OnArrival,5,102,17644,Node_61,21,0,5,21,5,,,,,,,,,
30,VISIT,3245,Nearest,OnArrival,5,60,17644,Node_608,7,0,22,7,22,,,,,,,,,
30,VISIT,3246,Nearest,OnArrival,5,63,17644,Node_612,6,0,23,6,23,,,,,,,,,
30,VISIT,3247,Nearest,OnArrival,5,60,17644,Node_624,5,0,24,5,24,,,,,,,,,
30,VISIT,3248,Nearest,OnArrival,5,60,17644,Node_608,7,0,22,7,22,,,,,,,,,
30,VISIT,3249,Nearest,OnArrival,5,55,17644,Node_132,22,0,5,22,5,,,,,,,,,
30,VISIT,3250,Nearest,OnArrival,5,55,17644,Node_132,22,0,5,22,5,,,,,,,,,
30,VISIT,3251,Nearest,OnArrival,5,55,17644,Node_132,22,0,5,22,5,,,,,,,,,
30,VISIT,3252,Nearest,OnArrival,5,54,17644,Node_132,22,0,5,22,5,,,,,,,,,
30,VISIT,3257,Nearest,OnArrival,5,11,17644,Node_263,23,0,5,23,5,,,,,,,,,
30,VISIT,3258,Nearest,OnArrival,5,11,17644,Node_268,23,0,1,23,1,,,,,,,,,
30,VISIT,3259,Nearest,OnArrival,5,11,17644,Node_263,23,0,5,23,5,,,,,,,,,
30,VISIT,3260,Nearest,OnArrival,5,11,17644,Node_268,23,0,1,23,1,,,,,,,,,
30,VISIT,3229,Nearest,OnArrival,5,192,17648,Node_133,18,0,14,18,14,,,,,,,,,
30,VISIT,3232,Nearest,OnArrival,5,192,17648,Node_133,18,0,14,18,14,,,,,,,,,
30,VISIT,3233,Nearest,OnArrival,5,153,17648,Node_133,18,0,14,18,14,,,,,,,,,
30,VISIT,3234,Nearest,OnArrival,5,156,17648,Node_133,18,0,14,18,14,,,,,,,,,
30,VISIT,3235,Nearest,OnArrival,5,152,17648,Node_133,18,0,14,18,14,,,,,,,,,
30,VISIT,3236,Nearest,OnArrival,5,153,17648,Node_133,18,0,14,18,14,,,,,,,,,
30,VISIT,3237,Nearest,OnArrival,5,130,17648,Node_133,18,0,14,18,14,,,,,,,,,
30,VISIT,3238,Nearest,OnArrival,5,127,17648,Node_133,18,0,14,18,14,,,,,,,,,
30,VISIT,3239,Nearest,OnArrival,5,129,17648,Node_133,18,0,14,18,14,,,,,,,,,
30,VISIT,3240,Nearest,OnArrival,5,130,17648,Node_133,18,0,14,18,14,,,,,,,,,
30,VISIT,3243,Nearest,OnArrival,5,103,17648,Node_132,22,0,5,22,5,,,,,,,,,
30,VISIT,3245,Nearest,OnArrival,5,61,17648,Node_609,7,0,23,7,23,,,,,,,,,
30,VISIT,3246,Nearest,OnArrival,5,64,17648,Node_609,7,0,23,7,23,,,,,,,,,
30,VISIT,3247,Nearest,OnArrival,5,61,17648,Node_614,6,0,24,6,24,,,,,,,,,
30,VISIT,3248,Nearest,OnArrival,5,61,17648,Node_609,7,0,23,7,23,,,,,,,,,
30,VISIT,3249,Nearest,OnArrival,5,56,17648,Node_263,23,0,5,23,5,,,,,,,,,
30,VISIT,3250,Nearest,OnArrival,5,56,17648,Node_263,23,0,5,23,5,,,,,,,,,
30,VISIT,3251,Nearest,OnArrival,5,56,17648,Node_263,23,0,5,23,5,,,,,,,,,
30,VISIT,3252,Nearest,OnArrival,5,55,17648,Node_263,23,0,5,23,5,,,,,,,,,
30,VISIT,3257,Nearest,OnArrival,5,12,17648,Node_265,23,0,4,23,4,,,,,,,,,
30,VISIT,3258,Nearest,OnArrival,5,12,17648,Node_270,23,0,0,23,0,,,,,,,,,
30,VISIT,3259,Nearest,OnArrival,5,12,17648,Node_265,23,0,4,23,4,,,,,,,,,
30,VISIT,3260,Nearest,OnArrival,5,12,17648,Node_270,23,0,0,23,0,,,,,,,,,
30,VISIT,3243,Nearest,OnArrival,5,104,17652,Node_263,23,0,5,23,5,,,,,,,,,
30,VISIT,3245,Nearest,OnArrival,5,62,17652,Node_612,6,0,23,6,23,,,,,,,,,
30,VISIT,3246,Nearest,OnArrival,5,65,17652,Node_608,7,0,22,7,22,,,,,,,,,
30,VISIT,3247,Nearest,OnArrival,5,62,17652,Node_612,6,0,23,6,23,,,,,,,,,
30,VISIT,3248,Nearest,OnArrival,5,62,17652,Node_612,6,0,23,6,23,,,,,,,,,
30,VISIT,3249,Nearest,OnArrival,5,57,17652,Node_265,23,0,4,23,4,,,,,,,,,
30,VISIT,3250,Nearest,OnArrival,5,57,17652,Node_265,23,0,4,23,4,,,,,,,,,
30,VISIT,3251,Nearest,OnArrival,5,57,17652,Node_265,23,0,4,23,4,,,,,,,,,
30,VISIT,3252,Nearest,OnArrival,5,56,17652,Node_265,23,0,4,23,4,,,,,,,,,
30,VISIT,3257,Nearest,OnArrival,5,13,17652,Node_267,23,0,3,23,3,,,,,,,,,
30,VISIT,3258,Nearest,OnArrival,5,13,17652,Node_271,23,0,-1,23,-1,,,,,,,,,
30,VISIT,3259,Nearest,OnArrival,5,13,17652,Node_267,23,0,3,23,3,,,,,,,,,
30,VISIT,3260,Nearest,OnArrival,5,13,17652,Node_271,23,0,-1,23,-1,,,,,,,,,
30,VISIT,3229,Nearest,OnArrival,5,193,17657,Node_53,20,0,14,20,14,,,,,,,,,
30,VISIT,3232,Nearest,OnArrival,5,193,17657,Node_53,20,0,14,20,14,,,,,,,,,
30,VISIT,3233,Nearest,OnArrival,5,154,17657,Node_53,20,0,14,20,14,,,,,,,,,
30,VISIT,3234,Nearest,OnArrival,5,157,17657,Node_53,20,0,14,20,14,,,,,,,,,
30,VISIT,3235,Nearest,OnArrival,5,153,17657,Node_53,20,0,14,20,14,,,,,,,,,
30,VISIT,3236,Nearest,OnArrival,5,154,17657,Node_53,20,0,14,20,14,,,,,,,,,
30,VISIT,3237,Nearest,OnArrival,5,131,17657,Node_53,20,0,14,20,14,,,,,,,,,
30,VISIT,3238,Nearest,OnArrival,5,128,17657,Node_53,20,0,14,20,14,,,,,,,,,
30,VISIT,3239,Nearest,OnArrival,5,130,17657,Node_53,20,0,14,20,14,,,,,,,,,
30,VISIT,3240,Nearest,OnArrival,5,131,17657,Node_53,20,0,14,20,14,,,,,,,,,
30,VISIT,3243,Nearest,OnArrival,5,105,17657,Node_265,23,0,4,23,4,,,,,,,,,
30,VISIT,3245,Nearest,OnArrival,5,63,17657,Node_614,6,0,24,6,24,,,,,,,,,
30,VISIT,3246,Nearest,OnArrival,5,66,17657,Node_607,8,0,22,8,22,,,,,,,,,
30,VISIT,3247,Nearest,OnArrival,5,63,17657,Node_609,7,0,23,7,23,,,,,,,,,
30,VISIT,3248,Nearest,OnArrival,5,63,17657,Node_614,6,0,24,6,24,,,,,,,,,
30,VISIT,3249,Nearest,OnArrival,5,58,17657,Node_267,23,0,3,23,3,,,,,,,,,
30,VISIT,3250,Nearest,OnArrival,5,58,17657,Node_267,23,0,3,23,3,,,,,,,,,
30,VISIT,3251,Nearest,OnArrival,5,58,17657,Node_267,23,0,3,23,3,,,,,,,,,
30,VISIT,3252,Nearest,OnArrival,5,57,17657,Node_267,23,0,3,23,3,,,,,,,,,
30,VISIT,3257,Nearest,OnArrival,5,14,17657,Node_269,23,0,2,23,2,,,,,,,,,
30,VISIT,3258,Nearest,OnArrival,5,14,17657,Node_272,23,0,-2,23,-2,,,,,,,,,
30,VISIT,3259,Nearest,OnArrival,5,14,17657,Node_269,23,0,2,23,2,,,,,,,,,
30,VISIT,3260,Nearest,OnArrival,5,14,17657,Node_272,23,0,-2,23,-2,,,,,,,,,
30,VISIT,3229,Nearest,OnArrival,5,194,17661,Node_49,20,0,13,20,13,,,,,,,,,
30,VISIT,3232,Nearest,OnArrival,5,194,17661,Node_49,20,0,13,20,13,,,,,,,,,
30,VISIT,3233,Nearest,OnArrival,5,155,17661,Node_49,20,0,13,20,13,,,,,,,,,
30,VISIT,3234,Nearest,OnArrival,5,158,17661,Node_49,20,0,13,20,13,,,,,,,,,
30,VISIT,3235,Nearest,OnArrival,5,154,17661,Node_49,20,0,13,20,13,,,,,,,,,
30,VISIT,3236,Nearest,OnArrival,5,155,17661,Node_49,20,0,13,20,13,,,,,,,,,
30,VISIT,3237,Nearest,OnArrival,5,132,17661,Node_49,20,0,13,20,13,,,,,,,,,
30,VISIT,3238,Nearest,OnArrival,5,129,17661,Node_49,20,0,13,20,13,,,,,,,,,
30,VISIT,3239,Nearest,OnArrival,5,131,17661,Node_49,20,0,13,20,13,,,,,,,,,
30,VISIT,3240,Nearest,OnArrival,5,132,17661,Node_49,20,0,13,20,13,,,,,,,,,
30,VISIT,3243,Nearest,OnArrival,5,106,17661,Node_267,23,0,3,23,3,,,,,,,,,
30,VISIT,3245,Nearest,OnArrival,5,64,17661,Node_624,5,0,24,5,24,,,,,,,,,
30,VISIT,3246,Nearest,OnArrival,5,67,17661,Node_605,8,0,21,8,21,,,,,,,,,
30,VISIT,3247,Nearest,OnArrival,5,64,17661,Node_608,7,0,22,7,22,,,,,,,,,
30,VISIT,3248,Nearest,OnArrival,5,64,17661,Node_624,5,0,24,5,24,,,,,,,,,
30,VISIT,3249,Nearest,OnArrival,5,59,17661,Node_269,23,0,2,23,2,,,,,,,,,
30,VISIT,3250,Nearest,OnArrival,5,59,17661,Node_269,23,0,2,23,2,,,,,,,,,
30,VISIT,3251,Nearest,OnArrival,5,59,17661,Node_269,23,0,2,23,2,,,,,,,,,
30,VISIT,3252,Nearest,OnArrival,5,58,17661,Node_269,23,0,2,23,2,,,,,,,,,
30,VISIT,3254,Nearest,OnArrival,5,21,17661,Node_710,31,0,9,31,9,,,,,,,,,
30,VISIT,3257,Nearest,OnArrival,5,15,17661,Node_268,23,0,1,23,1,,,,,,,,,
30,VISIT,3258,Nearest,OnArrival,5,15,17661,Node_412,24,0,-2,24,-2,,,,,,,,,
30,VISIT,3259,Nearest,OnArrival,5,15,17661,Node_268,23,0,1,23,1,,,,,,,,,
30,VISIT,3260,Nearest,OnArrival,5,15,17661,Node_412,24,0,-2,24,-2,,,,,,,,,
30,VISIT,3229,Nearest,OnArrival,5,195,17665,Node_46,20,0,12,20,12,,,,,,,,,
30,VISIT,3232,Nearest,OnArrival,5,195,17665,Node_46,20,0,12,20,12,,,,,,,,,
30,VISIT,3233,Nearest,OnArrival,5,156,17665,Node_46,20,0,12,20,12,,,,,,,,,
30,VISIT,3234,Nearest,OnArrival,5,159,17665,Node_46,20,0,12,20,12,,,,,,,,,
30,VISIT,3235,Nearest,OnArrival,5,155,17665,Node_46,20,0,12,20,12,,,,,,,,,
30,VISIT,3236,Nearest,OnArrival,5,156,17665,Node_46,20,0,12,20,12,,,,,,,,,
30,VISIT,3237,Nearest,OnArrival,5,133,17665,Node_46,20,0,12,20,12,,,,,,,,,
30,VISIT,3238,Nearest,OnArrival,5,130,17665,Node_46,20,0,12,20,12,,,,,,,,,
30,VISIT,3239,Nearest,OnArrival,5,132,17665,Node_46,20,0,12,20,12,,,,,,,,,
30,VISIT,3240,Nearest,OnArrival,5,133,17665,Node_46,20,0,12,20,12,,,,,,,,,
30,VISIT,3243,Nearest,OnArrival,5,107,17665,Node_269,23,0,2,23,2,,,,,,,,,
30,VISIT,3245,Nearest,OnArrival,5,65,17665,Node_620,5,0,25,5,25,,,,,,,,,
30,VISIT,3246,Nearest,OnArrival,5,68,17665,Node_700,9,0,21,9,21,,,,,,,,,
30,VISIT,3247,Nearest,OnArrival,5,65,17665,Node_607,8,0,22,8,22,,,,,,,,,
30,VISIT,3248,Nearest,OnArrival,5,65,17665,Node_620,5,0,25,5,25,,,,,,,,,
30,VISIT,3249,Nearest,OnArrival,5,60,17665,Node_268,23,0,1,23,1,,,,,,,,,
30,VISIT,3250,Nearest,OnArrival,5,60,17665,Node_268,23,0,1,23,1,,,,,,,,,
30,VISIT,3251,Nearest,OnArrival,5,60,17665,Node_268,23,0,1,23,1,,,,,,,,,
30,VISIT,3252,Nearest,OnArrival,5,59,17665,Node_268,23,0,1,23,1,,,,,,,,,
30,VISIT,3254,Nearest,OnArrival,5,22,17665,Node_712,31,0,10,31,10,,,,,,,,,
30,VISIT,3257,Nearest,OnArrival,5,16,17665,Node_270,23,0,0,23,0,,,,,,,,,
30,VISIT,3259,Nearest,OnArrival,5,16,17665,Node_270,23,0,0,23,0,,,,,,,,,
30,VISIT,3261,Nearest,OnArrival,5,0,17665,Node_6,19,0,12,19,12,,,,,,,,,
30,VISIT,3262,Nearest,OnArrival,5,0,17665,Node_7,19,0,8,19,8,,,,,,,,,
30,VISIT,3263,Nearest,OnArrival,5,0,17665,Node_8,17,0,10,17,10,,,,,,,,,
30,VISIT,3264,Nearest,OnArrival,5,0,17665,Node_9,21,0,10,21,10,,,,,,,,,
30,VISIT,3229,Nearest,OnArrival,5,196,17669,Node_57,20,0,11,20,11,,,,,,,,,
30,VISIT,3232,Nearest,OnArrival,5,196,17669,Node_57,20,0,11,20,11,,,,,,,,,
30,VISIT,3233,Nearest,OnArrival,5,157,17669,Node_57,20,0,11,20,11,,,,,,,,,
30,VISIT,3234,Nearest,OnArrival,5,160,17669,Node_57,20,0,11,20,11,,,,,,,,,
30,VISIT,3235,Nearest,OnArrival,5,156,17669,Node_57,20,0,11,20,11,,,,,,,,,
30,VISIT,3236,Nearest,OnArrival,5,157,17669,Node_57,20,0,11,20,11,,,,,,,,,
30,VISIT,3237,Nearest,OnArrival,5,134,17669,Node_57,20,0,11,20,11,,,,,,,,,
30,VISIT,3238,Nearest,OnArrival,5,131,17669,Node_57,20,0,11,20,11,,,,,,,,,
30,VISIT,3239,Nearest,OnArrival,5,133,17669,Node_57,20,0,11,20,11,,,,,,,,,
30,VISIT,3240,Nearest,OnArrival,5,134,17669,Node_57,20,0,11,20,11,,,,,,,,,
30,VISIT,3243,Nearest,OnArrival,5,108,17669,Node_268,23,0,1,23,1,,,,,,,,,
30,VISIT,3245,Nearest,OnArrival,5,66,17669,Node_617,6,0,25,6,25,,,,,,,,,
30,VISIT,3247,Nearest,OnArrival,5,66,17669,Node_605,8,0,21,8,21,,,,,,,,,
30,VISIT,3248,Nearest,OnArrival,5,66,17669,Node_617,6,0,25,6,25,,,,,,,,,
30,VISIT,3249,Nearest,OnArrival,5,61,17669,Node_270,23,0,0,23,0,,,,,,,,,
30,VISIT,3250,Nearest,OnArrival,5,61,17669,Node_270,23,0,0,23,0,,,,,,,,,
30,VISIT,3251,Nearest,OnArrival,5,61,17669,Node_270,23,0,0,23,0,,,,,,,,,
30,VISIT,3252,Nearest,OnArrival,5,60,17669,Node_270,23,0,0,23,0,,,,,,,,,
30,VISIT,3254,Nearest,OnArrival,5,23,17669,Node_377,30,0,10,30,10,,,,,,,,,
30,VISIT,3257,Nearest,OnArrival,5,17,17669,Node_271,23,0,-1,23,-1,,,,,,,,,
30,VISIT,3258,Nearest,OnArrival,5,16,17669,Node_419,26,0,-2,26,-2,,,,,,,,,
30,VISIT,3259,Nearest,OnArrival,5,17,17669,Node_271,23,0,-1,23,-1,,,,,,,,,
30,VISIT,3260,Nearest,OnArrival,5,16,17669,Node_419,26,0,-2,26,-2,,,,,,,,,
30,VISIT,3261,Nearest,OnArrival,5,1,17669,Node_2,19,0,11,19,11,,,,,,,,,
30,VISIT,3262,Nearest,OnArrival,5,1,17669,Node_3,19,0,9,19,9,,,,,,,,,
30,VISIT,3263,Nearest,OnArrival,5,1,17669,Node_4,18,0,10,18,10,,,,,,,,,
30,VISIT,3264,Nearest,OnArrival,5,1,17669,Node_48,21,0,9,21,9,,,,,,,,,
30,VISIT,3229,Nearest,OnArrival,5,197,17673,Node_5,20,0,10,20,10,,,,,,,,,
30,VISIT,3232,Nearest,OnArrival,5,197,17673,Node_5,20,0,10,20,10,,,,,,,,,
30,VISIT,3233,Nearest,OnArrival,5,158,17673,Node_5,20,0,10,20,10,,,,,,,,,
30,VISIT,3234,Nearest,OnArrival,5,161,17673,Node_5,20,0,10,20,10,,,,,,,,,
30,VISIT,3235,Nearest,OnArrival,5,157,17673,Node_5,20,0,10,20,10,,,,,,,,,
30,VISIT,3236,Nearest,OnArrival,5,158,17673,Node_5,20,0,10,20,10,,,,,,,,,
30,VISIT,3237,Nearest,OnArrival,5,135,17673,Node_5,20,0,10,20,10,,,,,,,,,
30,VISIT,3238,Nearest,OnArrival,5,132,17673,Node_5,20,0,10,20,10,,,,,,,,,
30,VISIT,3239,Nearest,OnArrival,5,134,17673,Node_5,20,0,10,20,10,,,,,,,,,
30,VISIT,3240,Nearest,OnArrival,5,135,17673,Node_5,20,0,10,20,10,,,,,,,,,
30,VISIT,3243,Nearest,OnArrival,5,109,17673,Node_270,23,0,0,23,0,,,,,,,,,
30,VISIT,3246,Nearest,OnArrival,5,69,17673,Node_523,11,0,21,11,21,,,,,,,,,
30,VISIT,3247,Nearest,OnArrival,5,67,17673,Node_700,9,0,21,9,21,,,,,,,,,
30,VISIT,3249,Nearest,OnArrival,5,62,17673,Node_271,23,0,-1,23,-1,,,,,,,,,
30,VISIT,3250,Nearest,OnArrival,5,62,17673,Node_271,23,0,-1,23,-1,,,,,,,,,
30,VISIT,3251,Nearest,OnArrival,5,62,17673,Node_271,23,0,-1,23,-1,,,,,,,,,
30,VISIT,3252,Nearest,OnArrival,5,61,17673,Node_271,23,0,-1,23,-1,,,,,,,,,
30,VISIT,3254,Nearest,OnArrival,5,24,17673,Node_376,30,0,9,30,9,,,,,,,,,
30,VISIT,3257,Nearest,OnArrival,5,18,17673,Node_272,23,0,-2,23,-2,,,,,,,,,
30,VISIT,3258,Nearest,OnArrival,5,17,17673,Node_354,27,0,-2,27,-2,,,,,,,,,
30,VISIT,3259,Nearest,OnArrival,5,18,17673,Node_272,23,0,-2,23,-2,,,,,,,,,
30,VISIT,3260,Nearest,OnArrival,5,17,17673,Node_354,27,0,-2,27,-2,,,,,,,,,
30,VISIT,3261,Nearest,OnArrival,5,2,17673,Node_20,19,0,10,19,10,,,,,,,,,
30,VISIT,3262,Nearest,OnArrival,5,2,17673,Node_50,20,0,9,20,9,,,,,,,,,
30,VISIT,3263,Nearest,OnArrival,5,2,17673,Node_15,18,0,9,18,9,,,,,,,,,
30,VISIT,3264,Nearest,OnArrival,5,2,17673,Node_88,22,0,9,22,9,,,,,,,,,
30,VISIT,3229,Nearest,OnArrival,5,198,17677,Node_9,21,0,10,21,10,,,,,,,,,
30,VISIT,3232,Nearest,OnArrival,5,198,17677,Node_9,21,0,10,21,10,,,,,,,,,
30,VISIT,3233,Nearest,OnArrival,5,159,17677,Node_9,21,0,10,21,10,,,,,,,,,
30,VISIT,3234,Nearest,OnArrival,5,162,17677,Node_9,21,0,10,21,10,,,,,,,,,
30,VISIT,3235,Nearest,OnArrival,5,158,17677,Node_9,21,0,10,21,10,,,,,,,,,
30,VISIT,3236,Nearest,OnArrival,5,159,17677,Node_9,21,0,10,21,10,,,,,,,,,
30,VISIT,3237,Nearest,OnArrival,5,136,17677,Node_9,21,0,10,21,10,,,,,,,,,
30,VISIT,3238,Nearest,OnArrival,5,133,17677,Node_9,21,0,10,21,10,,,,,,,,,
30,VISIT,3239,Nearest,OnArrival,5,135,17677,Node_9,21,0,10,21,10,,,,,,,,,
30,VISIT,3240,Nearest,OnArrival,5,136,17677,Node_9,21,0,10,21,10,,,,,,,,,
30,VISIT,3243,Nearest,OnArrival,5,110,17677,Node_271,23,0,-1,23,-1,,,,,,,,,
30,VISIT,3246,Nearest,OnArrival,5,70,17677,Node_522,11,0,20,11,20,,,,,,,,,
30,VISIT,3249,Nearest,OnArrival,5,63,17677,Node_272,23,0,-2,23,-2,,,,,,,,,
30,VISIT,3250,Nearest,OnArrival,5,63,17677,Node_272,23,0,-2,23,-2,,,,,,,,,
30,VISIT,3251,Nearest,OnArrival,5,63,17677,Node_272,23,0,-2,23,-2,,,,,,,,,
30,VISIT,3252,Nearest,OnArrival,5,62,17677,Node_272,23,0,-2,23,-2,,,,,,,,,
30,VISIT,3254,Nearest,OnArrival,5,25,17677,Node_705,30,0,8,30,8,,,,,,,,,
30,VISIT,3257,Nearest,OnArrival,5,19,17677,Node_412,24,0,-2,24,-2,,,,,,,,,
30,VISIT,3258,Nearest,OnArrival,5,18,17677,Node_353,28,0,-2,28,-2,,,,,,,,,
30,VISIT,3259,Nearest,OnArrival,5,19,17677,Node_412,24,0,-2,24,-2,,,,,,,,,
30,VISIT,3260,Nearest,OnArrival,5,18,17677,Node_353,28,0,-2,28,-2,,,,,,,,,
30,VISIT,3261,Nearest,OnArrival,5,3,17677,Node_3,19,0,9,19,9,,,,,,,,,
30,VISIT,3262,Nearest,OnArrival,5,3,17677,Node_48,21,0,9,21,9,,,,,,,,,
30,VISIT,3263,Nearest,OnArrival,5,3,17677,Node_3,19,0,9,19,9,,,,,,,,,
30,VISIT,3264,Nearest,OnArrival,5,3,17677,Node_129,23,0,9,23,9,,,,,,,,,
30,VISIT,3229,Nearest,OnArrival,5,199,17681,Node_48,21,0,9,21,9,,,,,,,,,
30,VISIT,3232,Nearest,OnArrival,5,199,17681,Node_48,21,0,9,21,9,,,,,,,,,
30,VISIT,3233,Nearest,OnArrival,5,160,17681,Node_48,21,0,9,21,9,,,,,,,,,
30,VISIT,3234,Nearest,OnArrival,5,163,17681,Node_48,21,0,9,21,9,,,,,,,,,
30,VISIT,3235,Nearest,OnArrival,5,159,17681,Node_48,21,0,9,21,9,,,,,,,,,
30,VISIT,3236,Nearest,OnArrival,5,160,17681,Node_48,21,0,9,21,9,,,,,,,,,
30,VISIT,3237,Nearest,OnArrival,5,137,17681,Node_48,21,0,9,21,9,,,,,,,,,
30,VISIT,3238,Nearest,OnArrival,5,134,17681,Node_48,21,0,9,21,9,,,,,,,,,
30,VISIT,3239,Nearest,OnArrival,5,136,17681,Node_48,21,0,9,21,9,,,,,,,,,
30,VISIT,3240,Nearest,OnArrival,5,137,17681,Node_48,21,0,9,21,9,,,,,,,,,
30,VISIT,3243,Nearest,OnArrival,5,111,17681,Node_272,23,0,-2,23,-2,,,,,,,,,
30,VISIT,3245,Nearest,OnArrival,5,67,17681,Node_629,9,0,25,9,25,,,,,,,,,
30,VISIT,3247,Nearest,OnArrival,5,68,17681,Node_523,11,0,21,11,21,,,,,,,,,
30,VISIT,3248,Nearest,OnArrival,5,67,17681,Node_629,9,0,25,9,25,,,,,,,,,
30,VISIT,3249,Nearest,OnArrival,5,64,17681,Node_412,24,0,-2,24,-2,,,,,,,,,
30,VISIT,3250,Nearest,OnArrival,5,64,17681,Node_412,24,0,-2,24,-2,,,,,,,,,
30,VISIT,3251,Nearest,OnArrival,5,64,17681,Node_412,24,0,-2,24,-2,,,,,,,,,
30,VISIT,3252,Nearest,OnArrival,5,63,17681,Node_412,24,0,-2,24,-2,,,,,,,,,
30,VISIT,3254,Nearest,OnArrival,5,26,17681,Node_739,31,0,8,31,8,,,,,,,,,
30,VISIT,3261,Nearest,OnArrival,5,4,17681,Node_50,20,0,9,20,9,,,,,,,,,
30,VISIT,3262,Nearest,OnArrival,5,4,17681,Node_88,22,0,9,22,9,,,,,,,,,
30,VISIT,3263,Nearest,OnArrival,5,4,17681,Node_50,20,0,9,20,9,,,,,,,,,
30,VISIT,3229,Nearest,OnArrival,5,200,17685,Node_52,21,0,8,21,8,,,,,,,,,
30,VISIT,3232,Nearest,OnArrival,5,200,17685,Node_52,21,0,8,21,8,,,,,,,,,
30,VISIT,3233,Nearest,OnArrival,5,161,17685,Node_52,21,0,8,21,8,,,,,,,,,
30,VISIT,3234,Nearest,OnArrival,5,164,17685,Node_52,21,0,8,21,8,,,,,,,,,
30,VISIT,3235,Nearest,OnArrival,5,160,17685,Node_52,21,0,8,21,8,,,,,,,,,
30,VISIT,3236,Nearest,OnArrival,5,161,17685,Node_52,21,0,8,21,8,,,,,,,,,
30,VISIT,3237,Nearest,OnArrival,5,138,17685,Node_52,21,0,8,21,8,,,,,,,,,
30,VISIT,3238,Nearest,OnArrival,5,135,17685,Node_52,21,0,8,21,8,,,,,,,,,
30,VISIT,3239,Nearest,OnArrival,5,137,17685,Node_52,21,0,8,21,8,,,,,,,,,
30,VISIT,3240,Nearest,OnArrival,5,138,17685,Node_52,21,0,8,21,8,,,,,,,,,
30,VISIT,3243,Nearest,OnArrival,5,112,17685,Node_412,24,0,-2,24,-2,,,,,,,,,
30,VISIT,3245,Nearest,OnArrival,5,68,17685,Node_630,9,0,24,9,24,,,,,,,,,
30,VISIT,3246,Nearest,OnArrival,5,71,17685,Node_521,11,0,18,11,18,,,,,,,,,
30,VISIT,3247,Nearest,OnArrival,5,69,17685,Node_522,11,0,20,11,20,,,,,,,,,
30,VISIT,3248,Nearest,OnArrival,5,68,17685,Node_630,9,0,24,9,24,,,,,,,,,
30,VISIT,3254,Nearest,OnArrival,5,27,17685,Node_736,31,0,7,31,7,,,,,,,,,
30,VISIT,3257,Nearest,OnArrival,5,20,17685,Node_419,26,0,-2,26,-2,,,,,,,,,
30,VISIT,3258,Nearest,OnArrival,5,19,17685,Node_433,29,0,-1,29,-1,,,,,,,,,
30,VISIT,3259,Nearest,OnArrival,5,20,17685,Node_419,26,0,-2,26,-2,,,,,,,,,
30,VISIT,3260,Nearest,OnArrival,5,19,17685,Node_433,29,0,-1,29,-1,,,,,,,,,
30,VISIT,3261,Nearest,OnArrival,5,5,17685,Node_48,21,0,9,21,9,,,,,,,,,
30,VISIT,3262,Nearest,OnArrival,5,5,17685,Node_129,23,0,9,23,9,,,,,,,,,
30,VISIT,3263,Nearest,OnArrival,5,5,17685,Node_48,21,0,9,21,9,,,,,,,,,
30,VISIT,3264,Nearest,OnArrival,5,4,17685,Node_136,25,0,9,25,9,,,,,,,,,
30,VISIT,3229,Nearest,OnArrival,5,201,17689,Node_55,21,0,7,21,7,,,,,,,,,
30,VISIT,3232,Nearest,OnArrival,5,201,17689,Node_55,21,0,7,21,7,,,,,,,,,
30,VISIT,3233,Nearest,OnArrival,5,162,17689,Node_55,21,0,7,21,7,,,,,,,,,
30,VISIT,3234,Nearest,OnArrival,5,165,17689,Node_55,21,0,7,21,7,,,,,,,,,
30,VISIT,3235,Nearest,OnArrival,5,161,17689,Node_55,21,0,7,21,7,,,,,,,,,
30,VISIT,3236,Nearest,OnArrival,5,162,17689,Node_55,21,0,7,21,7,,,,,,,,,
30,VISIT,3237,Nearest,OnArrival,5,139,17689,Node_55,21,0,7,21,7,,,,,,,,,
30,VISIT,3238,Nearest,OnArrival,5,136,17689,Node_55,21,0,7,21,7,,,,,,,,,
30,VISIT,3239,Nearest,OnArrival,5,138,17689,Node_55,21,0,7,21,7,,,,,,,,,
30,VISIT,3240,Nearest,OnArrival,5,139,17689,Node_55,21,0,7,21,7,,,,,,,,,
30,VISIT,3245,Nearest,OnArrival,5,69,17689,Node_631,10,0,24,10,24,,,,,,,,,
30,VISIT,3246,Nearest,OnArrival,5,72,17689,Node_673,11,0,17,11,17,,,,,,,,,
30,VISIT,3248,Nearest,OnArrival,5,69,17689,Node_631,10,0,24,10,24,,,,,,,,,
30,VISIT,3249,Nearest,OnArrival,5,65,17689,Node_419,26,0,-2,26,-2,,,,,,,,,
30,VISIT,3250,Nearest,OnArrival,5,65,17689,Node_419,26,0,-2,26,-2,,,,,,,,,
30,VISIT,3251,Nearest,OnArrival,5,65,17689,Node_419,26,0,-2,26,-2,,,,,,,,,
30,VISIT,3252,Nearest,OnArrival,5,64,17689,Node_419,26,0,-2,26,-2,,,,,,,,,
30,VISIT,3257,Nearest,OnArrival,5,21,17689,Node_423,26,0,-3,26,-3,,,,,,,,,
30,VISIT,3259,Nearest,OnArrival,5,21,17689,Node_423,26,0,-3,26,-3,,,,,,,,,
30,VISIT,3261,Nearest,OnArrival,5,6,17689,Node_88,22,0,9,22,9,,,,,,,,,
30,VISIT,3263,Nearest,OnArrival,5,6,17689,Node_88,22,0,9,22,9,,,,,,,,,
30,VISIT,3264,Nearest,OnArrival,5,5,17689,Node_248,26,0,9,26,9,,,,,,,,,
30,VISIT,3229,Nearest,OnArrival,5,202,17693,Node_59,21,0,6,21,6,,,,,,,,,
30,VISIT,3232,Nearest,OnArrival,5,202,17693,Node_59,21,0,6,21,6,,,,,,,,,
30,VISIT,3233,Nearest,OnArrival,5,163,17693,Node_59,21,0,6,21,6,,,,,,,,,
30,VISIT,3234,Nearest,OnArrival,5,166,17693,Node_59,21,0,6,21,6,,,,,,,,,
30,VISIT,3235,Nearest,OnArrival,5,162,17693,Node_59,21,0,6,21,6,,,,,,,,,
30,VISIT,3236,Nearest,OnArrival,5,163,17693,Node_59,21,0,6,21,6,,,,,,,,,
30,VISIT,3237,Nearest,OnArrival,5,140,17693,Node_59,21,0,6,21,6,,,,,,,,,
30,VISIT,3238,Nearest,OnArrival,5,137,17693,Node_59,21,0,6,21,6,,,,,,,,,
30,VISIT,3239,Nearest,OnArrival,5,139,17693,Node_59,21,0,6,21,6,,,,,,,,,
30,VISIT,3240,Nearest,OnArrival,5,140,17693,Node_59,21,0,6,21,6,,,,,,,,,
30,VISIT,3243,Nearest,OnArrival,5,113,17693,Node_419,26,0,-2,26,-2,,,,,,,,,
30,VISIT,3245,Nearest,OnArrival,5,70,17693,Node_638,11,0,24,11,24,,,,,,,,,
30,VISIT,3246,Nearest,OnArrival,5,73,17693,Node_44,12,0,17,12,17,,,,,,,,,
30,VISIT,3247,Nearest,OnArrival,5,70,17693,Node_521,11,0,18,11,18,,,,,,,,,
30,VISIT,3248,Nearest,OnArrival,5,70,17693,Node_638,11,0,24,11,24,,,,,,,,,
30,VISIT,3249,Nearest,OnArrival,5,66,17693,Node_423,26,0,-3,26,-3,,,,,,,,,
30,VISIT,3250,Nearest,OnArrival,5,66,17693,Node_423,26,0,-3,26,-3,,,,,,,,,
30,VISIT,3251,Nearest,OnArrival,5,66,17693,Node_423,26,0,-3,26,-3,,,,,,,,,
30,VISIT,3252,Nearest,OnArrival,5,65,17693,Node_423,26,0,-3,26,-3,,,,,,,,,
30,VISIT,3257,Nearest,OnArrival,5,22,17693,Node_431,27,0,-3,27,-3,,,,,,,,,
30,VISIT,3259,Nearest,OnArrival,5,22,17693,Node_431,27,0,-3,27,-3,,,,,,,,,
30,VISIT,3261,Nearest,OnArrival,5,7,17693,Node_129,23,0,9,23,9,,,,,,,,,
30,VISIT,3262,Nearest,OnArrival,5,6,17693,Node_136,25,0,9,25,9,,,,,,,,,
30,VISIT,3263,Nearest,OnArrival,5,7,17693,Node_129,23,0,9,23,9,,,,,,,,,
30,VISIT,3264,Nearest,OnArrival,5,6,17693,Node_287,27,0,9,27,9,,,,,,,,,
30,VISIT,3229,Nearest,OnArrival,5,203,17697,Node_61,21,0,5,21,5,,,,,,,,,
30,VISIT,3232,Nearest,OnArrival,5,203,17697,Node_61,21,0,5,21,5,,,,,,,,,
30,VISIT,3233,Nearest,OnArrival,5,164,17697,Node_61,21,0,5,21,5,,,,,,,,,
30,VISIT,3234,Nearest,OnArrival,5,167,17697,Node_61,21,0,5,21,5,,,,,,,,,
30,VISIT,3235,Nearest,OnArrival,5,163,17697,Node_61,21,0,5,21,5,,,,,,,,,
30,VISIT,3236,Nearest,OnArrival,5,164,17697,Node_61,21,0,5,21,5,,,,,,,,,
30,VISIT,3237,Nearest,OnArrival,5,141,17697,Node_61,21,0,5,21,5,,,,,,,,,
30,VISIT,3238,Nearest,OnArrival,5,138,17697,Node_61,21,0,5,21,5,,,,,,,,,
30,VISIT,3239,Nearest,OnArrival,5,140,17697,Node_61,21,0,5,21,5,,,,,,,,,
30,VISIT,3240,Nearest,OnArrival,5,141,17697,Node_61,21,0,5,21,5,,,,,,,,,
30,VISIT,3243,Nearest,OnArrival,5,114,17697,Node_423,26,0,-3,26,-3,,,,,,,,,
30,VISIT,3245,Nearest,OnArrival,5,71,17697,Node_525,11,0,23,11,23,,,,,,,,,
30,VISIT,3246,Nearest,OnArrival,5,74,17697,Node_45,12,0,16,12,16,,,,,,,,,
30,VISIT,3247,Nearest,OnArrival,5,71,17697,Node_673,11,0,17,11,17,,,,,,,,,
30,VISIT,3248,Nearest,OnArrival,5,71,17697,Node_525,11,0,23,11,23,,,,,,,,,
30,VISIT,3249,Nearest,OnArrival,5,67,17697,Node_431,27,0,-3,27,-3,,,,,,,,,
30,VISIT,3250,Nearest,OnArrival,5,67,17697,Node_431,27,0,-3,27,-3,,,,,,,,,
30,VISIT,3251,Nearest,OnArrival,5,67,17697,Node_431,27,0,-3,27,-3,,,,,,,,,
30,VISIT,3252,Nearest,OnArrival,5,66,17697,Node_431,27,0,-3,27,-3,,,,,,,,,
30,VISIT,3257,Nearest,OnArrival,5,23,17697,Node_430,27,0,-4,27,-4,,,,,,,,,
30,VISIT,3259,Nearest,OnArrival,5,23,17697,Node_430,27,0,-4,27,-4,,,,,,,,,
30,VISIT,3262,Nearest,OnArrival,5,7,17697,Node_248,26,0,9,26,9,,,,,,,,,
30,VISIT,3264,Nearest,OnArrival,5,7,17697,Node_366,28,0,9,28,9,,,,,,,,,
30,VISIT,3229,Nearest,OnArrival,5,204,17701,Node_132,22,0,5,22,5,,,,,,,,,
30,VISIT,3232,Nearest,OnArrival,5,204,17701,Node_132,22,0,5,22,5,,,,,,,,,
30,VISIT,3233,Nearest,OnArrival,5,165,17701,Node_132,22,0,5,22,5,,,,,,,,,
30,VISIT,3234,Nearest,OnArrival,5,168,17701,Node_132,22,0,5,22,5,,,,,,,,,
30,VISIT,3235,Nearest,OnArrival,5,164,17701,Node_132,22,0,5,22,5,,,,,,,,,
30,VISIT,3236,Nearest,OnArrival,5,165,17701,Node_132,22,0,5,22,5,,,,,,,,,
30,VISIT,3237,Nearest,OnArrival,5,142,17701,Node_132,22,0,5,22,5,,,,,,,,,
30,VISIT,3238,Nearest,OnArrival,5,139,17701,Node_132,22,0,5,22,5,,,,,,,,,
30,VISIT,3239,Nearest,OnArrival,5,141,17701,Node_132,22,0,5,22,5,,,,,,,,,
30,VISIT,3240,Nearest,OnArrival,5,142,17701,Node_132,22,0,5,22,5,,,,,,,,,
30,VISIT,3243,Nearest,OnArrival,5,115,17701,Node_424,26,0,-4,26,-4,,,,,,,,,
30,VISIT,3245,Nearest,OnArrival,5,72,17701,Node_640,12,0,23,12,23,,,,,,,,,
30,VISIT,3246,Nearest,OnArrival,5,75,17701,Node_99,12,0,15,12,15,,,,,,,,,
30,VISIT,3247,Nearest,OnArrival,5,72,17701,Node_44,12,0,17,12,17,,,,,,,,,
30,VISIT,3248,Nearest,OnArrival,5,72,17701,Node_640,12,0,23,12,23,,,,,,,,,
30,VISIT,3249,Nearest,OnArrival,5,68,17701,Node_430,27,0,-4,27,-4,,,,,,,,,
30,VISIT,3250,Nearest,OnArrival,5,68,17701,Node_430,27,0,-4,27,-4,,,,,,,,,
30,VISIT,3251,Nearest,OnArrival,5,68,17701,Node_430,27,0,-4,27,-4,,,,,,,,,
30,VISIT,3252,Nearest,OnArrival,5,67,17701,Node_430,27,0,-4,27,-4,,,,,,,,,
30,VISIT,3257,Nearest,OnArrival,5,24,17701,Node_424,26,0,-4,26,-4,,,,,,,,,
30,VISIT,3259,Nearest,OnArrival,5,24,17701,Node_424,26,0,-4,26,-4,,,,,,,,,
30,VISIT,3261,Nearest,OnArrival,5,8,17701,Node_136,25,0,9,25,9,,,,,,,,,
30,VISIT,3262,Nearest,OnArrival,5,8,17701,Node_287,27,0,9,27,9,,,,,,,,,
30,VISIT,3263,Nearest,OnArrival,5,8,17701,Node_136,25,0,9,25,9,,,,,,,,,
30,VISIT,3229,Nearest,OnArrival,5,205,17705,Node_263,23,0,5,23,5,,,,,,,,,
30,VISIT,3232,Nearest,OnArrival,5,205,17705,Node_263,23,0,5,23,5,,,,,,,,,
30,VISIT,3233,Nearest,OnArrival,5,166,17705,Node_263,23,0,5,23,5,,,,,,,,,
30,VISIT,3234,Nearest,OnArrival,5,169,17705,Node_263,23,0,5,23,5,,,,,,,,,
30,VISIT,3235,Nearest,OnArrival,5,165,17705,Node_263,23,0,5,23,5,,,,,,,,,
30,VISIT,3236,Nearest,OnArrival,5,166,17705,Node_263,23,0,5,23,5,,,,,,,,,
30,VISIT,3237,Nearest,OnArrival,5,143,17705,Node_263,23,0,5,23,5,,,,,,,,,
30,VISIT,3238,Nearest,OnArrival,5,140,17705,Node_263,23,0,5,23,5,,,,,,,,,
30,VISIT,3239,Nearest,OnArrival,5,142,17705,Node_263,23,0,5,23,5,,,,,,,,,
30,VISIT,3240,Nearest,OnArrival,5,143,17705,Node_263,23,0,5,23,5,,,,,,,,,
30,VISIT,3243,Nearest,OnArrival,5,116,17705,Node_430,27,0,-4,27,-4,,,,,,,,,
30,VISIT,3245,Nearest,OnArrival,5,73,17705,Node_687,13,0,23,13,23,,,,,,,,,
30,VISIT,3246,Nearest,OnArrival,5,76,17705,Node_97,12,0,14,12,14,,,,,,,,,
30,VISIT,3247,Nearest,OnArrival,5,73,17705,Node_45,12,0,16,12,16,,,,,,,,,
30,VISIT,3248,Nearest,OnArrival,5,73,17705,Node_687,13,0,23,13,23,,,,,,,,,
30,VISIT,3249,Nearest,OnArrival,5,69,17705,Node_424,26,0,-4,26,-4,,,,,,,,,
30,VISIT,3250,Nearest,OnArrival,5,69,17705,Node_424,26,0,-4,26,-4,,,,,,,,,
30,VISIT,3251,Nearest,OnArrival,5,69,17705,Node_424,26,0,-4,26,-4,,,,,,,,,
30,VISIT,3252,Nearest,OnArrival,5,68,17705,Node_424,26,0,-4,26,-4,,,,,,,,,
30,VISIT,3257,Nearest,OnArrival,5,25,17705,Node_423,26,0,-3,26,-3,,,,,,,,,
30,VISIT,3259,Nearest,OnArrival,5,25,17705,Node_423,26,0,-3,26,-3,,,,,,,,,
30,VISIT,3261,Nearest,OnArrival,5,9,17705,Node_248,26,0,9,26,9,,,,,,,,,
30,VISIT,3262,Nearest,OnArrival,5,9,17705,Node_366,28,0,9,28,9,,,,,,,,,
30,VISIT,3263,Nearest,OnArrival,5,9,17705,Node_248,26,0,9,26,9,,,,,,,,,
30,VISIT,3264,Nearest,OnArrival,5,8,17705,Node_376,30,0,9,30,9,,,,,,,,,
30,VISIT,3229,Nearest,OnArrival,5,206,17709,Node_265,23,0,4,23,4,,,,,,,,,
30,VISIT,3232,Nearest,OnArrival,5,206,17709,Node_265,23,0,4,23,4,,,,,,,,,
30,VISIT,3233,Nearest,OnArrival,5,167,17709,Node_265,23,0,4,23,4,,,,,,,,,
30,VISIT,3234,Nearest,OnArrival,5,170,17709,Node_265,23,0,4,23,4,,,,,,,,,
30,VISIT,3235,Nearest,OnArrival,5,166,17709,Node_265,23,0,4,23,4,,,,,,,,,
30,VISIT,3236,Nearest,OnArrival,5,167,17709,Node_265,23,0,4,23,4,,,,,,,,,
30,VISIT,3237,Nearest,OnArrival,5,144,17709,Node_265,23,0,4,23,4,,,,,,,,,
30,VISIT,3238,Nearest,OnArrival,5,141,17709,Node_265,23,0,4,23,4,,,,,,,,,
30,VISIT,3239,Nearest,OnArrival,5,143,17709,Node_265,23,0,4,23,4,,,,,,,,,
30,VISIT,3240,Nearest,OnArrival,5,144,17709,Node_265,23,0,4,23,4,,,,,,,,,
30,VISIT,3243,Nearest,OnArrival,5,117,17709,Node_431,27,0,-3,27,-3,,,,,,,,,
30,VISIT,3245,Nearest,OnArrival,5,74,17709,Node_684,14,0,23,14,23,,,,,,,,,
30,VISIT,3246,Nearest,OnArrival,5,77,17709,Node_38,13,0,14,13,14,,,,,,,,,
30,VISIT,3247,Nearest,OnArrival,5,74,17709,Node_99,12,0,15,12,15,,,,,,,,,
30,VISIT,3248,Nearest,OnArrival,5,74,17709,Node_684,14,0,23,14,23,,,,,,,,,
30,VISIT,3249,Nearest,OnArrival,5,70,17709,Node_423,26,0,-3,26,-3,,,,,,,,,
30,VISIT,3250,Nearest,OnArrival,5,70,17709,Node_423,26,0,-3,26,-3,,,,,,,,,
30,VISIT,3251,Nearest,OnArrival,5,70,17709,Node_423,26,0,-3,26,-3,,,,,,,,,
30,VISIT,3252,Nearest,OnArrival,5,69,17709,Node_423,26,0,-3,26,-3,,,,,,,,,
30,VISIT,3257,Nearest,OnArrival,5,26,17709,Node_419,26,0,-2,26,-2,,,,,,,,,
30,VISIT,3259,Nearest,OnArrival,5,26,17709,Node_419,26,0,-2,26,-2,,,,,,,,,
30,VISIT,3261,Nearest,OnArrival,5,10,17709,Node_287,27,0,9,27,9,,,,,,,,,
30,VISIT,3263,Nearest,OnArrival,5,10,17709,Node_287,27,0,9,27,9,,,,,,,,,
30,VISIT,3264,Nearest,OnArrival,5,9,17709,Node_705,30,0,8,30,8,,,,,,,,,
30,VISIT,3229,Nearest,OnArrival,5,207,17713,Node_267,23,0,3,23,3,,,,,,,,,
30,VISIT,3232,Nearest,OnArrival,5,207,17713,Node_267,23,0,3,23,3,,,,,,,,,
30,VISIT,3233,Nearest,OnArrival,5,168,17713,Node_267,23,0,3,23,3,,,,,,,,,
30,VISIT,3234,Nearest,OnArrival,5,171,17713,Node_267,23,0,3,23,3,,,,,,,,,
30,VISIT,3235,Nearest,OnArrival,5,167,17713,Node_267,23,0,3,23,3,,,,,,,,,
30,VISIT,3236,Nearest,OnArrival,5,168,17713,Node_267,23,0,3,23,3,,,,,,,,,
30,VISIT,3237,Nearest,OnArrival,5,145,17713,Node_267,23,0,3,23,3,,,,,,,,,
30,VISIT,3238,Nearest,OnArrival,5,142,17713,Node_267,23,0,3,23,3,,,,,,,,,
30,VISIT,3239,Nearest,OnArrival,5,144,17713,Node_267,23,0,3,23,3,,,,,,,,,
30,VISIT,3240,Nearest,OnArrival,5,145,17713,Node_267,23,0,3,23,3,,,,,,,,,
30,VISIT,3243,Nearest,OnArrival,5,118,17713,Node_354,27,0,-2,27,-2,,,,,,,,,
30,VISIT,3245,Nearest,OnArrival,5,75,17713,Node_686,14,0,24,14,24,,,,,,,,,
30,VISIT,3246,Nearest,OnArrival,5,78,17713,Node_93,13,0,13,13,13,,,,,,,,,
30,VISIT,3247,Nearest,OnArrival,5,75,17713,Node_97,12,0,14,12,14,,,,,,,,,
30,VISIT,3248,Nearest,OnArrival,5,75,17713,Node_686,14,0,24,14,24,,,,,,,,,
30,VISIT,3249,Nearest,OnArrival,5,71,17713,Node_419,26,0,-2,26,-2,,,,,,,,,
30,VISIT,3250,Nearest,OnArrival,5,71,17713,Node_419,26,0,-2,26,-2,,,,,,,,,
30,VISIT,3251,Nearest,OnArrival,5,71,17713,Node_419,26,0,-2,26,-2,,,,,,,,,
30,VISIT,3252,Nearest,OnArrival,5,70,17713,Node_419,26,0,-2,26,-2,,,,,,,,,
30,VISIT,3257,Nearest,OnArrival,5,27,17713,Node_354,27,0,-2,27,-2,,,,,,,,,
30,VISIT,3259,Nearest,OnArrival,5,27,17713,Node_354,27,0,-2,27,-2,,,,,,,,,
30,VISIT,3261,Nearest,OnArrival,5,11,17713,Node_366,28,0,9,28,9,,,,,,,,,
30,VISIT,3262,Nearest,OnArrival,5,10,17713,Node_376,30,0,9,30,9,,,,,,,,,
30,VISIT,3263,Nearest,OnArrival,5,11,17713,Node_366,28,0,9,28,9,,,,,,,,,
30,VISIT,3264,Nearest,OnArrival,5,10,17713,Node_706,30,0,7,30,7,,,,,,,,,
30,VISIT,3229,Nearest,OnArrival,5,208,17717,Node_269,23,0,2,23,2,,,,,,,,,
30,VISIT,3232,Nearest,OnArrival,5,208,17717,Node_269,23,0,2,23,2,,,,,,,,,
30,VISIT,3233,Nearest,OnArrival,5,169,17717,Node_269,23,0,2,23,2,,,,,,,,,
30,VISIT,3234,Nearest,OnArrival,5,172,17717,Node_269,23,0,2,23,2,,,,,,,,,
30,VISIT,3235,Nearest,OnArrival,5,168,17717,Node_269,23,0,2,23,2,,,,,,,,,
30,VISIT,3236,Nearest,OnArrival,5,169,17717,Node_269,23,0,2,23,2,,,,,,,,,
30,VISIT,3237,Nearest,OnArrival,5,146,17717,Node_269,23,0,2,23,2,,,,,,,,,
30,VISIT,3238,Nearest,OnArrival,5,143,17717,Node_269,23,0,2,23,2,,,,,,,,,
30,VISIT,3239,Nearest,OnArrival,5,145,17717,Node_269,23,0,2,23,2,,,,,,,,,
30,VISIT,3240,Nearest,OnArrival,5,146,17717,Node_269,23,0,2,23,2,,,,,,,,,
30,VISIT,3243,Nearest,OnArrival,5,119,17717,Node_353,28,0,-2,28,-2,,,,,,,,,
30,VISIT,3245,Nearest,OnArrival,5,76,17717,Node_685,14,0,25,14,25,,,,,,,,,
30,VISIT,3246,Nearest,OnArrival,5,79,17717,Node_90,13,0,12,13,12,,,,,,,,,
30,VISIT,3247,Nearest,OnArrival,5,76,17717,Node_38,13,0,14,13,14,,,,,,,,,
30,VISIT,3248,Nearest,OnArrival,5,76,17717,Node_685,14,0,25,14,25,,,,,,,,,
30,VISIT,3249,Nearest,OnArrival,5,72,17717,Node_354,27,0,-2,27,-2,,,,,,,,,
30,VISIT,3250,Nearest,OnArrival,5,72,17717,Node_354,27,0,-2,27,-2,,,,,,,,,
30,VISIT,3251,Nearest,OnArrival,5,72,17717,Node_354,27,0,-2,27,-2,,,,,,,,,
30,VISIT,3252,Nearest,OnArrival,5,71,17717,Node_354,27,0,-2,27,-2,,,,,,,,,
30,VISIT,3257,Nearest,OnArrival,5,28,17717,Node_353,28,0,-2,28,-2,,,,,,,,,
30,VISIT,3259,Nearest,OnArrival,5,28,17717,Node_353,28,0,-2,28,-2,,,,,,,,,
30,VISIT,3262,Nearest,OnArrival,5,11,17717,Node_705,30,0,8,30,8,,,,,,,,,
30,VISIT,3264,Nearest,OnArrival,5,11,17717,Node_736,31,0,7,31,7,,,,,,,,,
30,VISIT,3229,Nearest,OnArrival,5,209,17722,Node_268,23,0,1,23,1,,,,,,,,,
30,VISIT,3232,Nearest,OnArrival,5,209,17722,Node_268,23,0,1,23,1,,,,,,,,,
30,VISIT,3233,Nearest,OnArrival,5,170,17722,Node_268,23,0,1,23,1,,,,,,,,,
30,VISIT,3234,Nearest,OnArrival,5,173,17722,Node_268,23,0,1,23,1,,,,,,,,,
30,VISIT,3235,Nearest,OnArrival,5,169,17722,Node_268,23,0,1,23,1,,,,,,,,,
30,VISIT,3236,Nearest,OnArrival,5,170,17722,Node_268,23,0,1,23,1,,,,,,,,,
30,VISIT,3237,Nearest,OnArrival,5,147,17722,Node_268,23,0,1,23,1,,,,,,,,,
30,VISIT,3238,Nearest,OnArrival,5,144,17722,Node_268,23,0,1,23,1,,,,,,,,,
30,VISIT,3239,Nearest,OnArrival,5,146,17722,Node_268,23,0,1,23,1,,,,,,,,,
30,VISIT,3240,Nearest,OnArrival,5,147,17722,Node_268,23,0,1,23,1,,,,,,,,,
30,VISIT,3243,Nearest,OnArrival,5,120,17722,Node_744,29,0,-2,29,-2,,,,,,,,,
30,VISIT,3245,Nearest,OnArrival,5,77,17722,Node_683,15,0,25,15,25,,,,,,,,,
30,VISIT,3246,Nearest,OnArrival,5,80,17722,Node_130,13,0,11,13,11,,,,,,,,,
30,VISIT,3247,Nearest,OnArrival,5,77,17722,Node_93,13,0,13,13,13,,,,,,,,,
30,VISIT,3248,Nearest,OnArrival,5,77,17722,Node_683,15,0,25,15,25,,,,,,,,,
30,VISIT,3249,Nearest,OnArrival,5,73,17722,Node_353,28,0,-2,28,-2,,,,,,,,,
30,VISIT,3250,Nearest,OnArrival,5,73,17722,Node_353,28,0,-2,28,-2,,,,,,,,,
30,VISIT,3251,Nearest,OnArrival,5,73,17722,Node_353,28,0,-2,28,-2,,,,,,,,,
30,VISIT,3252,Nearest,OnArrival,5,72,17722,Node_353,28,0,-2,28,-2,,,,,,,,,
30,VISIT,3257,Nearest,OnArrival,5,29,17722,Node_744,29,0,-2,29,-2,,,,,,,,,
30,VISIT,3258,Nearest,OnArrival,5,20,17722,Node_744,29,0,-2,29,-2,,,,,,,,,
30,VISIT,3259,Nearest,OnArrival,5,29,17722,Node_744,29,0,-2,29,-2,,,,,,,,,
30,VISIT,3260,Nearest,OnArrival,5,20,17722,Node_744,29,0,-2,29,-2,,,,,,,,,
30,VISIT,3261,Nearest,OnArrival,5,12,17722,Node_376,30,0,9,30,9,,,,,,,,,
30,VISIT,3262,Nearest,OnArrival,5,12,17722,Node_706,30,0,7,30,7,,,,,,,,,
30,VISIT,3263,Nearest,OnArrival,5,12,17722,Node_376,30,0,9,30,9,,,,,,,,,
30,VISIT,3264,Nearest,OnArrival,5,12,17722,Node_733,32,0,7,32,7,,,,,,,,,
30,VISIT,3229,Nearest,OnArrival,5,210,17728,Node_270,23,0,0,23,0,,,,,,,,,
30,VISIT,3232,Nearest,OnArrival,5,210,17728,Node_270,23,0,0,23,0,,,,,,,,,
30,VISIT,3233,Nearest,OnArrival,5,171,17728,Node_270,23,0,0,23,0,,,,,,,,,
30,VISIT,3234,Nearest,OnArrival,5,174,17728,Node_270,23,0,0,23,0,,,,,,,,,
30,VISIT,3235,Nearest,OnArrival,5,170,17728,Node_270,23,0,0,23,0,,,,,,,,,
30,VISIT,3236,Nearest,OnArrival,5,171,17728,Node_270,23,0,0,23,0,,,,,,,,,
30,VISIT,3237,Nearest,OnArrival,5,148,17728,Node_270,23,0,0,23,0,,,,,,,,,
30,VISIT,3238,Nearest,OnArrival,5,145,17728,Node_270,23,0,0,23,0,,,,,,,,,
30,VISIT,3239,Nearest,OnArrival,5,147,17728,Node_270,23,0,0,23,0,,,,,,,,,
30,VISIT,3240,Nearest,OnArrival,5,148,17728,Node_270,23,0,0,23,0,,,,,,,,,
30,VISIT,3243,Nearest,OnArrival,5,121,17728,Node_753,29,0,-3,29,-3,,,,,,,,,
30,VISIT,3246,Nearest,OnArrival,5,81,17728,Node_166,13,0,10,13,10,,,,,,,,,
30,VISIT,3247,Nearest,OnArrival,5,78,17728,Node_90,13,0,12,13,12,,,,,,,,,
30,VISIT,3249,Nearest,OnArrival,5,74,17728,Node_744,29,0,-2,29,-2,,,,,,,,,
30,VISIT,3250,Nearest,OnArrival,5,74,17728,Node_744,29,0,-2,29,-2,,,,,,,,,
30,VISIT,3251,Nearest,OnArrival,5,74,17728,Node_744,29,0,-2,29,-2,,,,,,,,,
30,VISIT,3252,Nearest,OnArrival,5,73,17728,Node_744,29,0,-2,29,-2,,,,,,,,,
30,VISIT,3257,Nearest,OnArrival,5,30,17728,Node_753,29,0,-3,29,-3,,,,,,,,,
30,VISIT,3258,Nearest,OnArrival,5,21,17728,Node_747,30,0,-2,30,-2,,,,,,,,,
30,VISIT,3259,Nearest,OnArrival,5,30,17728,Node_747,30,0,-2,30,-2,,,,,,,,,
30,VISIT,3260,Nearest,OnArrival,5,21,17728,Node_747,30,0,-2,30,-2,,,,,,,,,
30,VISIT,3261,Nearest,OnArrival,5,13,17728,Node_705,30,0,8,30,8,,,,,,,,,
30,VISIT,3262,Nearest,OnArrival,5,13,17728,Node_707,30,0,6,30,6,,,,,,,,,
30,VISIT,3263,Nearest,OnArrival,5,13,17728,Node_705,30,0,8,30,8,,,,,,,,,
30,VISIT,3229,Nearest,OnArrival,5,211,17735,Node_271,23,0,-1,23,-1,,,,,,,,,
30,VISIT,3232,Nearest,OnArrival,5,211,17735,Node_271,23,0,-1,23,-1,,,,,,,,,
30,VISIT,3233,Nearest,OnArrival,5,172,17735,Node_271,23,0,-1,23,-1,,,,,,,,,
30,VISIT,3234,Nearest,OnArrival,5,175,17735,Node_271,23,0,-1,23,-1,,,,,,,,,
30,VISIT,3235,Nearest,OnArrival,5,171,17735,Node_271,23,0,-1,23,-1,,,,,,,,,
30,VISIT,3236,Nearest,OnArrival,5,172,17735,Node_271,23,0,-1,23,-1,,,,,,,,,
30,VISIT,3237,Nearest,OnArrival,5,149,17735,Node_271,23,0,-1,23,-1,,,,,,,,,
30,VISIT,3238,Nearest,OnArrival,5,146,17735,Node_271,23,0,-1,23,-1,,,,,,,,,
30,VISIT,3239,Nearest,OnArrival,5,148,17735,Node_271,23,0,-1,23,-1,,,,,,,,,
30,VISIT,3240,Nearest,OnArrival,5,149,17735,Node_271,23,0,-1,23,-1,,,,,,,,,
30,VISIT,3243,Nearest,OnArrival,5,122,17735,Node_748,30,0,-3,30,-3,,,,,,,,,
30,VISIT,3246,Nearest,OnArrival,5,82,17735,Node_168,13,0,9,13,9,,,,,,,,,
30,VISIT,3247,Nearest,OnArrival,5,79,17735,Node_130,13,0,11,13,11,,,,,,,,,
30,VISIT,3249,Nearest,OnArrival,5,75,17735,Node_747,30,0,-2,30,-2,,,,,,,,,
30,VISIT,3250,Nearest,OnArrival,5,75,17735,Node_747,30,0,-2,30,-2,,,,,,,,,
30,VISIT,3251,Nearest,OnArrival,5,75,17735,Node_747,30,0,-2,30,-2,,,,,,,,,
30,VISIT,3252,Nearest,OnArrival,5,74,17735,Node_747,30,0,-2,30,-2,,,,,,,,,
30,VISIT,3257,Nearest,OnArrival,5,31,17735,Node_748,30,0,-3,30,-3,,,,,,,,,
30,VISIT,3261,Nearest,OnArrival,5,14,17735,Node_706,30,0,7,30,7,,,,,,,,,
30,VISIT,3262,Nearest,OnArrival,5,14,17735,Node_745,31,0,6,31,6,,,,,,,,,
30,VISIT,3263,Nearest,OnArrival,5,14,17735,Node_706,30,0,7,30,7,,,,,,,,,
30,VISIT,3229,Nearest,OnArrival,5,212,17742,Node_272,23,0,-2,23,-2,,,,,,,,,
30,VISIT,3232,Nearest,OnArrival,5,212,17742,Node_272,23,0,-2,23,-2,,,,,,,,,
30,VISIT,3233,Nearest,OnArrival,5,173,17742,Node_272,23,0,-2,23,-2,,,,,,,,,
30,VISIT,3234,Nearest,OnArrival,5,176,17742,Node_272,23,0,-2,23,-2,,,,,,,,,
30,VISIT,3235,Nearest,OnArrival,5,172,17742,Node_272,23,0,-2,23,-2,,,,,,,,,
30,VISIT,3236,Nearest,OnArrival,5,173,17742,Node_272,23,0,-2,23,-2,,,,,,,,,
30,VISIT,3237,Nearest,OnArrival,5,150,17742,Node_272,23,0,-2,23,-2,,,,,,,,,
30,VISIT,3238,Nearest,OnArrival,5,147,17742,Node_272,23,0,-2,23,-2,,,,,,,,,
30,VISIT,3239,Nearest,OnArrival,5,149,17742,Node_272,23,0,-2,23,-2,,,,,,,,,
30,VISIT,3240,Nearest,OnArrival,5,150,17742,Node_272,23,0,-2,23,-2,,,,,,,,,
30,VISIT,3245,Nearest,OnArrival,5,78,17742,Node_688,18,0,25,18,25,,,,,,,,,
30,VISIT,3246,Nearest,OnArrival,5,83,17742,Node_169,13,0,8,13,8,,,,,,,,,
30,VISIT,3247,Nearest,OnArrival,5,80,17742,Node_166,13,0,10,13,10,,,,,,,,,
30,VISIT,3248,Nearest,OnArrival,5,78,17742,Node_688,18,0,25,18,25,,,,,,,,,
30,VISIT,3249,Nearest,OnArrival,5,76,17742,Node_755,31,0,-2,31,-2,,,,,,,,,
30,VISIT,3250,Nearest,OnArrival,5,76,17742,Node_755,31,0,-2,31,-2,,,,,,,,,
30,VISIT,3251,Nearest,OnArrival,5,76,17742,Node_755,31,0,-2,31,-2,,,,,,,,,
30,VISIT,3252,Nearest,OnArrival,5,75,17742,Node_755,31,0,-2,31,-2,,,,,,,,,
30,VISIT,3261,Nearest,OnArrival,5,15,17742,Node_707,30,0,6,30,6,,,,,,,,,
30,VISIT,3262,Nearest,OnArrival,5,15,17742,Node_730,32,0,6,32,6,,,,,,,,,
30,VISIT,3263,Nearest,OnArrival,5,15,17742,Node_707,30,0,6,30,6,,,,,,,,,
30,VISIT,3229,Nearest,OnArrival,5,213,17750,Node_412,24,0,-2,24,-2,,,,,,,,,
30,VISIT,3232,Nearest,OnArrival,5,213,17750,Node_412,24,0,-2,24,-2,,,,,,,,,
30,VISIT,3233,Nearest,OnArrival,5,174,17750,Node_412,24,0,-2,24,-2,,,,,,,,,
30,VISIT,3234,Nearest,OnArrival,5,177,17750,Node_412,24,0,-2,24,-2,,,,,,,,,
30,VISIT,3235,Nearest,OnArrival,5,173,17750,Node_412,24,0,-2,24,-2,,,,,,,,,
30,VISIT,3236,Nearest,OnArrival,5,174,17750,Node_412,24,0,-2,24,-2,,,,,,,,,
30,VISIT,3237,Nearest,OnArrival,5,151,17750,Node_412,24,0,-2,24,-2,,,,,,,,,
30,VISIT,3238,Nearest,OnArrival,5,148,17750,Node_412,24,0,-2,24,-2,,,,,,,,,
30,VISIT,3239,Nearest,OnArrival,5,150,17750,Node_412,24,0,-2,24,-2,,,,,,,,,
30,VISIT,3240,Nearest,OnArrival,5,151,17750,Node_412,24,0,-2,24,-2,,,,,,,,,
30,VISIT,3243,Nearest,OnArrival,5,123,17750,Node_755,31,0,-2,31,-2,,,,,,,,,
30,VISIT,3245,Nearest,OnArrival,5,79,17750,Node_122,19,0,25,19,25,,,,,,,,,
30,VISIT,3246,Nearest,OnArrival,5,84,17750,Node_170,13,0,7,13,7,,,,,,,,,
30,VISIT,3247,Nearest,OnArrival,5,81,17750,Node_168,13,0,9,13,9,,,,,,,,,
30,VISIT,3248,Nearest,OnArrival,5,79,17750,Node_122,19,0,25,19,25,,,,,,,,,
30,VISIT,3249,Nearest,OnArrival,5,77,17750,Node_758,31,0,-1,31,-1,,,,,,,,,
30,VISIT,3250,Nearest,OnArrival,5,77,17750,Node_758,31,0,-1,31,-1,,,,,,,,,
30,VISIT,3251,Nearest,OnArrival,5,77,17750,Node_758,31,0,-1,31,-1,,,,,,,,,
30,VISIT,3252,Nearest,OnArrival,5,76,17750,Node_758,31,0,-1,31,-1,,,,,,,,,
30,VISIT,3257,Nearest,OnArrival,5,32,17750,Node_755,31,0,-2,31,-2,,,,,,,,,
30,VISIT,3261,Nearest,OnArrival,5,16,17750,Node_745,31,0,6,31,6,,,,,,,,,
30,VISIT,3263,Nearest,OnArrival,5,16,17750,Node_745,31,0,6,31,6,,,,,,,,,
30,VISIT,3243,Nearest,OnArrival,5,124,17757,Node_758,31,0,-1,31,-1,,,,,,,,,
30,VISIT,3246,Nearest,OnArrival,5,85,17757,Node_172,13,0,6,13,6,,,,,,,,,
30,VISIT,3247,Nearest,OnArrival,5,82,17757,Node_169,13,0,8,13,8,,,,,,,,,
30,VISIT,3249,Nearest,OnArrival,5,78,17757,Node_760,31,0,0,31,0,,,,,,,,,
30,VISIT,3250,Nearest,OnArrival,5,78,17757,Node_760,31,0,0,31,0,,,,,,,,,
30,VISIT,3251,Nearest,OnArrival,5,78,17757,Node_760,31,0,0,31,0,,,,,,,,,
30,VISIT,3252,Nearest,OnArrival,5,77,17757,Node_760,31,0,0,31,0,,,,,,,,,
30,VISIT,3257,Nearest,OnArrival,5,33,17757,Node_758,31,0,-1,31,-1,,,,,,,,,
30,VISIT,3261,Nearest,OnArrival,5,17,17757,Node_730,32,0,6,32,6,,,,,,,,,
30,VISIT,3262,Nearest,OnArrival,5,16,17757,Node_754,33,0,7,33,7,,,,,,,,,
30,VISIT,3263,Nearest,OnArrival,5,17,17757,Node_730,32,0,6,32,6,,,,,,,,,
30,VISIT,3229,Nearest,OnArrival,5,214,17766,Node_419,26,0,-2,26,-2,,,,,,,,,
30,VISIT,3232,Nearest,OnArrival,5,214,17766,Node_419,26,0,-2,26,-2,,,,,,,,,
30,VISIT,3233,Nearest,OnArrival,5,175,17766,Node_419,26,0,-2,26,-2,,,,,,,,,
30,VISIT,3234,Nearest,OnArrival,5,178,17766,Node_419,26,0,-2,26,-2,,,,,,,,,
30,VISIT,3235,Nearest,OnArrival,5,174,17766,Node_419,26,0,-2,26,-2,,,,,,,,,
30,VISIT,3236,Nearest,OnArrival,5,175,17766,Node_419,26,0,-2,26,-2,,,,,,,,,
30,VISIT,3237,Nearest,OnArrival,5,152,17766,Node_419,26,0,-2,26,-2,,,,,,,,,
30,VISIT,3238,Nearest,OnArrival,5,149,17766,Node_419,26,0,-2,26,-2,,,,,,,,,
30,VISIT,3239,Nearest,OnArrival,5,151,17766,Node_419,26,0,-2,26,-2,,,,,,,,,
30,VISIT,3240,Nearest,OnArrival,5,152,17766,Node_419,26,0,-2,26,-2,,,,,,,,,
30,VISIT,3243,Nearest,OnArrival,5,125,17766,Node_746,30,0,-1,30,-1,,,,,,,,,
30,VISIT,3246,Nearest,OnArrival,5,86,17766,Node_188,14,0,6,14,6,,,,,,,,,
30,VISIT,3247,Nearest,OnArrival,5,83,17766,Node_170,13,0,7,13,7,,,,,,,,,
30,VISIT,3249,Nearest,OnArrival,5,79,17766,Node_763,31,0,1,31,1,,,,,,,,,
30,VISIT,3250,Nearest,OnArrival,5,79,17766,Node_763,31,0,1,31,1,,,,,,,,,
30,VISIT,3251,Nearest,OnArrival,5,79,17766,Node_763,31,0,1,31,1,,,,,,,,,
30,VISIT,3252,Nearest,OnArrival,5,78,17766,Node_763,31,0,1,31,1,,,,,,,,,
30,VISIT,3257,Nearest,OnArrival,5,34,17766,Node_746,30,0,-1,30,-1,,,,,,,,,
30,VISIT,3261,Nearest,OnArrival,5,18,17766,Node_728,32,0,5,32,5,,,,,,,,,
30,VISIT,3263,Nearest,OnArrival,5,18,17766,Node_728,32,0,5,32,5,,,,,,,,,
30,VISIT,3229,Nearest,OnArrival,5,215,17774,Node_354,27,0,-2,27,-2,,,,,,,,,
30,VISIT,3232,Nearest,OnArrival,5,215,17774,Node_354,27,0,-2,27,-2,,,,,,,,,
30,VISIT,3233,Nearest,OnArrival,5,176,17774,Node_354,27,0,-2,27,-2,,,,,,,,,
30,VISIT,3234,Nearest,OnArrival,5,179,17774,Node_354,27,0,-2,27,-2,,,,,,,,,
30,VISIT,3235,Nearest,OnArrival,5,175,17774,Node_354,27,0,-2,27,-2,,,,,,,,,
30,VISIT,3236,Nearest,OnArrival,5,176,17774,Node_354,27,0,-2,27,-2,,,,,,,,,
30,VISIT,3237,Nearest,OnArrival,5,153,17774,Node_354,27,0,-2,27,-2,,,,,,,,,
30,VISIT,3238,Nearest,OnArrival,5,150,17774,Node_354,27,0,-2,27,-2,,,,,,,,,
30,VISIT,3239,Nearest,OnArrival,5,152,17774,Node_354,27,0,-2,27,-2,,,,,,,,,
30,VISIT,3240,Nearest,OnArrival,5,153,17774,Node_354,27,0,-2,27,-2,,,,,,,,,
30,VISIT,3243,Nearest,OnArrival,5,126,17774,Node_758,31,0,-1,31,-1,,,,,,,,,
30,VISIT,3246,Nearest,OnArrival,5,87,17774,Node_68,15,0,6,15,6,,,,,,,,,
30,VISIT,3247,Nearest,OnArrival,5,84,17774,Node_172,13,0,6,13,6,,,,,,,,,
30,VISIT,3249,Nearest,OnArrival,5,80,17774,Node_765,32,0,1,32,1,,,,,,,,,
30,VISIT,3250,Nearest,OnArrival,5,80,17774,Node_765,32,0,1,32,1,,,,,,,,,
30,VISIT,3251,Nearest,OnArrival,5,80,17774,Node_765,32,0,1,32,1,,,,,,,,,
30,VISIT,3252,Nearest,OnArrival,5,79,17774,Node_765,32,0,1,32,1,,,,,,,,,
30,VISIT,3257,Nearest,OnArrival,5,35,17774,Node_758,31,0,-1,31,-1,,,,,,,,,
30,VISIT,3261,Nearest,OnArrival,5,19,17774,Node_738,33,0,5,33,5,,,,,,,,,
30,VISIT,3262,Nearest,OnArrival,5,17,17774,Node_759,34,0,8,34,8,,,,,,,,,
30,VISIT,3263,Nearest,OnArrival,5,19,17774,Node_738,33,0,5,33,5,,,,,,,,,
30,VISIT,3229,Nearest,OnArrival,5,216,17783,Node_353,28,0,-2,28,-2,,,,,,,,,
30,VISIT,3232,Nearest,OnArrival,5,216,17783,Node_353,28,0,-2,28,-2,,,,,,,,,
30,VISIT,3233,Nearest,OnArrival,5,177,17783,Node_353,28,0,-2,28,-2,,,,,,,,,
30,VISIT,3234,Nearest,OnArrival,5,180,17783,Node_353,28,0,-2,28,-2,,,,,,,,,
30,VISIT,3235,Nearest,OnArrival,5,176,17783,Node_353,28,0,-2,28,-2,,,,,,,,,
30,VISIT,3236,Nearest,OnArrival,5,177,17783,Node_353,28,0,-2,28,-2,,,,,,,,,
30,VISIT,3237,Nearest,OnArrival,5,154,17783,Node_353,28,0,-2,28,-2,,,,,,,,,
30,VISIT,3238,Nearest,OnArrival,5,151,17783,Node_353,28,0,-2,28,-2,,,,,,,,,
30,VISIT,3239,Nearest,OnArrival,5,153,17783,Node_353,28,0,-2,28,-2,,,,,,,,,
30,VISIT,3240,Nearest,OnArrival,5,154,17783,Node_353,28,0,-2,28,-2,,,,,,,,,
30,VISIT,3243,Nearest,OnArrival,5,127,17783,Node_760,31,0,0,31,0,,,,,,,,,
30,VISIT,3246,Nearest,OnArrival,5,88,17783,Node_70,15,0,5,15,5,,,,,,,,,
30,VISIT,3247,Nearest,OnArrival,5,85,17783,Node_188,14,0,6,14,6,,,,,,,,,
30,VISIT,3249,Nearest,OnArrival,5,81,17783,Node_768,32,0,0,32,0,,,,,,,,,
30,VISIT,3250,Nearest,OnArrival,5,81,17783,Node_768,32,0,0,32,0,,,,,,,,,
30,VISIT,3251,Nearest,OnArrival,5,81,17783,Node_768,32,0,0,32,0,,,,,,,,,
30,VISIT,3252,Nearest,OnArrival,5,80,17783,Node_768,32,0,0,32,0,,,,,,,,,
30,VISIT,3257,Nearest,OnArrival,5,36,17783,Node_760,31,0,0,31,0,,,,,,,,,
30,VISIT,3259,Nearest,OnArrival,5,31,17783,Node_760,31,0,0,31,0,,,,,,,,,
30,VISIT,3260,Nearest,OnArrival,5,22,17783,Node_760,31,0,0,31,0,,,,,,,,,
30,VISIT,3261,Nearest,OnArrival,5,20,17783,Node_761,33,0,6,33,6,,,,,,,,,
30,VISIT,3263,Nearest,OnArrival,5,20,17783,Node_761,33,0,6,33,6,,,,,,,,,
30,VISIT,3264,Nearest,OnArrival,5,13,17783,Node_713,32,0,11,32,11,,,,,,,,,
30,VISIT,3229,Nearest,OnArrival,5,217,17792,Node_744,29,0,-2,29,-2,,,,,,,,,
30,VISIT,3232,Nearest,OnArrival,5,217,17792,Node_744,29,0,-2,29,-2,,,,,,,,,
30,VISIT,3233,Nearest,OnArrival,5,178,17792,Node_744,29,0,-2,29,-2,,,,,,,,,
30,VISIT,3234,Nearest,OnArrival,5,181,17792,Node_744,29,0,-2,29,-2,,,,,,,,,
30,VISIT,3235,Nearest,OnArrival,5,177,17792,Node_744,29,0,-2,29,-2,,,,,,,,,
30,VISIT,3236,Nearest,OnArrival,5,178,17792,Node_744,29,0,-2,29,-2,,,,,,,,,
30,VISIT,3237,Nearest,OnArrival,5,155,17792,Node_744,29,0,-2,29,-2,,,,,,,,,
30,VISIT,3238,Nearest,OnArrival,5,152,17792,Node_744,29,0,-2,29,-2,,,,,,,,,
30,VISIT,3239,Nearest,OnArrival,5,154,17792,Node_744,29,0,-2,29,-2,,,,,,,,,
30,VISIT,3240,Nearest,OnArrival,5,155,17792,Node_744,29,0,-2,29,-2,,,,,,,,,
30,VISIT,3243,Nearest,OnArrival,5,128,17792,Node_768,32,0,0,32,0,,,,,,,,,
30,VISIT,3245,Nearest,OnArrival,5,80,17792,Node_121,24,0,25,24,25,,,,,,,,,
30,VISIT,3246,Nearest,OnArrival,5,89,17792,Node_73,15,0,4,15,4,,,,,,,,,
30,VISIT,3247,Nearest,OnArrival,5,86,17792,Node_68,15,0,6,15,6,,,,,,,,,
30,VISIT,3248,Nearest,OnArrival,5,80,17792,Node_121,24,0,25,24,25,,,,,,,,,
30,VISIT,3249,Nearest,OnArrival,5,82,17792,Node_760,31,0,0,31,0,,,,,,,,,
30,VISIT,3250,Nearest,OnArrival,5,82,17792,Node_760,31,0,0,31,0,,,,,,,,,
30,VISIT,3251,Nearest,OnArrival,5,82,17792,Node_760,31,0,0,31,0,,,,,,,,,
30,VISIT,3252,Nearest,OnArrival,5,81,17792,Node_760,31,0,0,31,0,,,,,,,,,
30,VISIT,3257,Nearest,OnArrival,5,37,17792,Node_768,32,0,0,32,0,,,,,,,,,
30,VISIT,3259,Nearest,OnArrival,5,32,17792,Node_768,32,0,0,32,0,,,,,,,,,
30,VISIT,3260,Nearest,OnArrival,5,23,17792,Node_768,32,0,0,32,0,,,,,,,,,
30,VISIT,3261,Nearest,OnArrival,5,21,17792,Node_754,33,0,7,33,7,,,,,,,,,
30,VISIT,3263,Nearest,OnArrival,5,21,17792,Node_754,33,0,7,33,7,,,,,,,,,
30,VISIT,3264,Nearest,OnArrival,5,14,17792,Node_714,32,0,12,32,12,,,,,,,,,
30,VISIT,3229,Nearest,OnArrival,5,218,17801,Node_753,29,0,-3,29,-3,,,,,,,,,
30,VISIT,3232,Nearest,OnArrival,5,218,17801,Node_753,29,0,-3,29,-3,,,,,,,,,
30,VISIT,3233,Nearest,OnArrival,5,179,17801,Node_753,29,0,-3,29,-3,,,,,,,,,
30,VISIT,3234,Nearest,OnArrival,5,182,17801,Node_753,29,0,-3,29,-3,,,,,,,,,
30,VISIT,3235,Nearest,OnArrival,5,178,17801,Node_753,29,0,-3,29,-3,,,,,,,,,
30,VISIT,3236,Nearest,OnArrival,5,179,17801,Node_753,29,0,-3,29,-3,,,,,,,,,
30,VISIT,3237,Nearest,OnArrival,5,156,17801,Node_753,29,0,-3,29,-3,,,,,,,,,
30,VISIT,3238,Nearest,OnArrival,5,153,17801,Node_753,29,0,-3,29,-3,,,,,,,,,
30,VISIT,3239,Nearest,OnArrival,5,155,17801,Node_753,29,0,-3,29,-3,,,,,,,,,
30,VISIT,3240,Nearest,OnArrival,5,156,17801,Node_753,29,0,-3,29,-3,,,,,,,,,
30,VISIT,3245,Nearest,OnArrival,5,81,17801,Node_279,25,0,25,25,25,,,,,,,,,
30,VISIT,3246,Nearest,OnArrival,5,90,17801,Node_81,16,0,4,16,4,,,,,,,,,
30,VISIT,3247,Nearest,OnArrival,5,87,17801,Node_70,15,0,5,15,5,,,,,,,,,
30,VISIT,3248,Nearest,OnArrival,5,81,17801,Node_279,25,0,25,25,25,,,,,,,,,
30,VISIT,3249,Nearest,OnArrival,5,83,17801,Node_768,32,0,0,32,0,,,,,,,,,
30,VISIT,3250,Nearest,OnArrival,5,83,17801,Node_768,32,0,0,32,0,,,,,,,,,
30,VISIT,3251,Nearest,OnArrival,5,83,17801,Node_768,32,0,0,32,0,,,,,,,,,
30,VISIT,3252,Nearest,OnArrival,5,82,17801,Node_768,32,0,0,32,0,,,,,,,,,
30,VISIT,3261,Nearest,OnArrival,5,22,17801,Node_766,34,0,7,34,7,,,,,,,,,
30,VISIT,3263,Nearest,OnArrival,5,22,17801,Node_766,34,0,7,34,7,,,,,,,,,
30,VISIT,3264,Nearest,OnArrival,5,15,17801,Node_381,31,0,12,31,12,,,,,,,,,
30,VISIT,3265,Nearest,OnArrival,5,0,17801,Node_6,19,0,12,19,12,,,,,,,,,
30,VISIT,3266,Nearest,OnArrival,5,0,17801,Node_7,19,0,8,19,8,,,,,,,,,
30,VISIT,3267,Nearest,OnArrival,5,0,17801,Node_8,17,0,10,17,10,,,,,,,,,
30,VISIT,3268,Nearest,OnArrival,5,0,17801,Node_9,21,0,10,21,10,,,,,,,,,
30,VISIT,3229,Nearest,OnArrival,5,219,17805,Node_752,29,0,-4,29,-4,,,,,,,,,
30,VISIT,3232,Nearest,OnArrival,5,219,17805,Node_752,29,0,-4,29,-4,,,,,,,,,
30,VISIT,3233,Nearest,OnArrival,5,180,17805,Node_752,29,0,-4,29,-4,,,,,,,,,
30,VISIT,3234,Nearest,OnArrival,5,183,17805,Node_752,29,0,-4,29,-4,,,,,,,,,
30,VISIT,3235,Nearest,OnArrival,5,179,17805,Node_752,29,0,-4,29,-4,,,,,,,,,
30,VISIT,3236,Nearest,OnArrival,5,180,17805,Node_752,29,0,-4,29,-4,,,,,,,,,
30,VISIT,3237,Nearest,OnArrival,5,157,17805,Node_752,29,0,-4,29,-4,,,,,,,,,
30,VISIT,3238,Nearest,OnArrival,5,154,17805,Node_752,29,0,-4,29,-4,,,,,,,,,
30,VISIT,3239,Nearest,OnArrival,5,156,17805,Node_752,29,0,-4,29,-4,,,,,,,,,
30,VISIT,3240,Nearest,OnArrival,5,157,17805,Node_752,29,0,-4,29,-4,,,,,,,,,
30,VISIT,3246,Nearest,OnArrival,5,91,17805,Node_177,17,0,4,17,4,,,,,,,,,
30,VISIT,3247,Nearest,OnArrival,5,88,17805,Node_73,15,0,4,15,4,,,,,,,,,
30,VISIT,3249,Nearest,OnArrival,5,84,17805,Node_765,32,0,1,32,1,,,,,,,,,
30,VISIT,3250,Nearest,OnArrival,5,84,17805,Node_765,32,0,1,32,1,,,,,,,,,
30,VISIT,3251,Nearest,OnArrival,5,84,17805,Node_765,32,0,1,32,1,,,,,,,,,
30,VISIT,3252,Nearest,OnArrival,5,83,17805,Node_765,32,0,1,32,1,,,,,,,,,
30,VISIT,3264,Nearest,OnArrival,5,16,17805,Node_718,31,0,13,31,13,,,,,,,,,
30,VISIT,3265,Nearest,OnArrival,5,1,17805,Node_2,19,0,11,19,11,,,,,,,,,
30,VISIT,3266,Nearest,OnArrival,5,1,17805,Node_3,19,0,9,19,9,,,,,,,,,
30,VISIT,3267,Nearest,OnArrival,5,1,17805,Node_4,18,0,10,18,10,,,,,,,,,
30,VISIT,3268,Nearest,OnArrival,5,1,17805,Node_48,21,0,9,21,9,,,,,,,,,
30,VISIT,3229,Nearest,OnArrival,5,220,17809,Node_749,30,0,-4,30,-4,,,,,,,,,
30,VISIT,3232,Nearest,OnArrival,5,220,17809,Node_749,30,0,-4,30,-4,,,,,,,,,
30,VISIT,3233,Nearest,OnArrival,5,181,17809,Node_749,30,0,-4,30,-4,,,,,,,,,
30,VISIT,3234,Nearest,OnArrival,5,184,17809,Node_749,30,0,-4,30,-4,,,,,,,,,
30,VISIT,3235,Nearest,OnArrival,5,180,17809,Node_749,30,0,-4,30,-4,,,,,,,,,
30,VISIT,3236,Nearest,OnArrival,5,181,17809,Node_749,30,0,-4,30,-4,,,,,,,,,
30,VISIT,3237,Nearest,OnArrival,5,158,17809,Node_749,30,0,-4,30,-4,,,,,,,,,
30,VISIT,3238,Nearest,OnArrival,5,155,17809,Node_749,30,0,-4,30,-4,,,,,,,,,
30,VISIT,3239,Nearest,OnArrival,5,157,17809,Node_749,30,0,-4,30,-4,,,,,,,,,
30,VISIT,3240,Nearest,OnArrival,5,158,17809,Node_749,30,0,-4,30,-4,,,,,,,,,
30,VISIT,3246,Nearest,OnArrival,5,92,17809,Node_174,18,0,4,18,4,,,,,,,,,
30,VISIT,3247,Nearest,OnArrival,5,89,17809,Node_81,16,0,4,16,4,,,,,,,,,
30,VISIT,3249,Nearest,OnArrival,5,85,17809,Node_773,33,0,1,33,1,,,,,,,,,
30,VISIT,3250,Nearest,OnArrival,5,85,17809,Node_773,33,0,1,33,1,,,,,,,,,
30,VISIT,3251,Nearest,OnArrival,5,85,17809,Node_773,33,0,1,33,1,,,,,,,,,
30,VISIT,3252,Nearest,OnArrival,5,84,17809,Node_773,33,0,1,33,1,,,,,,,,,
30,VISIT,3261,Nearest,OnArrival,5,23,17809,Node_769,35,0,8,35,8,,,,,,,,,
30,VISIT,3262,Nearest,OnArrival,5,18,17809,Node_767,34,0,11,34,11,,,,,,,,,
30,VISIT,3263,Nearest,OnArrival,5,23,17809,Node_769,35,0,8,35,8,,,,,,,,,
30,VISIT,3265,Nearest,OnArrival,5,2,17809,Node_20,19,0,10,19,10,,,,,,,,,
30,VISIT,3266,Nearest,OnArrival,5,2,17809,Node_50,20,0,9,20,9,,,,,,,,,
30,VISIT,3267,Nearest,OnArrival,5,2,17809,Node_15,18,0,9,18,9,,,,,,,,,
30,VISIT,3268,Nearest,OnArrival,5,2,17809,Node_88,22,0,9,22,9,,,,,,,,,
30,VISIT,3229,Nearest,OnArrival,5,221,17813,Node_750,30,0,-5,30,-5,,,,,,,,,
30,VISIT,3232,Nearest,OnArrival,5,221,17813,Node_750,30,0,-5,30,-5,,,,,,,,,
30,VISIT,3233,Nearest,OnArrival,5,182,17813,Node_750,30,0,-5,30,-5,,,,,,,,,
30,VISIT,3234,Nearest,OnArrival,5,185,17813,Node_750,30,0,-5,30,-5,,,,,,,,,
30,VISIT,3235,Nearest,OnArrival,5,181,17813,Node_750,30,0,-5,30,-5,,,,,,,,,
30,VISIT,3236,Nearest,OnArrival,5,182,17813,Node_750,30,0,-5,30,-5,,,,,,,,,
30,VISIT,3237,Nearest,OnArrival,5,159,17813,Node_750,30,0,-5,30,-5,,,,,,,,,
30,VISIT,3238,Nearest,OnArrival,5,156,17813,Node_750,30,0,-5,30,-5,,,,,,,,,
30,VISIT,3239,Nearest,OnArrival,5,158,17813,Node_750,30,0,-5,30,-5,,,,,,,,,
30,VISIT,3240,Nearest,OnArrival,5,159,17813,Node_750,30,0,-5,30,-5,,,,,,,,,
30,VISIT,3243,Nearest,OnArrival,5,129,17813,Node_732,33,0,3,33,3,,,,,,,,,
30,VISIT,3246,Nearest,OnArrival,5,93,17813,Node_149,19,0,4,19,4,,,,,,,,,
30,VISIT,3247,Nearest,OnArrival,5,90,17813,Node_177,17,0,4,17,4,,,,,,,,,
30,VISIT,3257,Nearest,OnArrival,5,38,17813,Node_732,33,0,3,33,3,,,,,,,,,
30,VISIT,3259,Nearest,OnArrival,5,33,17813,Node_732,33,0,3,33,3,,,,,,,,,
30,VISIT,3260,Nearest,OnArrival,5,24,17813,Node_732,33,0,3,33,3,,,,,,,,,
30,VISIT,3261,Nearest,OnArrival,5,24,17813,Node_770,35,0,9,35,9,,,,,,,,,
30,VISIT,3262,Nearest,OnArrival,5,19,17813,Node_764,34,0,10,34,10,,,,,,,,,
30,VISIT,3263,Nearest,OnArrival,5,24,17813,Node_770,35,0,9,35,9,,,,,,,,,
30,VISIT,3265,Nearest,OnArrival,5,3,17813,Node_3,19,0,9,19,9,,,,,,,,,
30,VISIT,3266,Nearest,OnArrival,5,3,17813,Node_48,21,0,9,21,9,,,,,,,,,
30,VISIT,3267,Nearest,OnArrival,5,3,17813,Node_3,19,0,9,19,9,,,,,,,,,
30,VISIT,3268,Nearest,OnArrival,5,3,17813,Node_129,23,0,9,23,9,,,,,,,,,
30,VISIT,3246,Nearest,OnArrival,5,94,17817,Node_153,19,0,3,19,3,,,,,,,,,
30,VISIT,3247,Nearest,OnArrival,5,91,17817,Node_174,18,0,4,18,4,,,,,,,,,
30,VISIT,3261,Nearest,OnArrival,5,25,17817,Node_762,34,0,9,34,9,,,,,,,,,
30,VISIT,3262,Nearest,OnArrival,5,20,17817,Node_772,35,0,10,35,10,,,,,,,,,
30,VISIT,3263,Nearest,OnArrival,5,25,17817,Node_762,34,0,9,34,9,,,,,,,,,
30,VISIT,3264,Nearest,OnArrival,5,17,17817,Node_720,31,0,14,31,14,,,,,,,,,
30,VISIT,3265,Nearest,OnArrival,5,4,17817,Node_50,20,0,9,20,9,,,,,,,,,
30,VISIT,3266,Nearest,OnArrival,5,4,17817,Node_88,22,0,9,22,9,,,,,,,,,
30,VISIT,3267,Nearest,OnArrival,5,4,17817,Node_50,20,0,9,20,9,,,,,,,,,
30,VISIT,3246,Nearest,OnArrival,5,95,17822,Node_157,19,0,2,19,2,,,,,,,,,
30,VISIT,3247,Nearest,OnArrival,5,92,17822,Node_149,19,0,4,19,4,,,,,,,,,
30,VISIT,3249,Nearest,OnArrival,5,86,17822,Node_780,34,0,3,34,3,,,,,,,,,
30,VISIT,3250,Nearest,OnArrival,5,86,17822,Node_780,34,0,3,34,3,,,,,,,,,
30,VISIT,3251,Nearest,OnArrival,5,86,17822,Node_780,34,0,3,34,3,,,,,,,,,
30,VISIT,3252,Nearest,OnArrival,5,85,17822,Node_780,34,0,3,34,3,,,,,,,,,
30,VISIT,3261,Nearest,OnArrival,5,26,17822,Node_764,34,0,10,34,10,,,,,,,,,
30,VISIT,3263,Nearest,OnArrival,5,26,17822,Node_770,35,0,9,35,9,,,,,,,,,
30,VISIT,3264,Nearest,OnArrival,5,18,17822,Node_721,31,0,15,31,15,,,,,,,,,
30,VISIT,3265,Nearest,OnArrival,5,5,17822,Node_48,21,0,9,21,9,,,,,,,,,
30,VISIT,3266,Nearest,OnArrival,5,5,17822,Node_129,23,0,9,23,9,,,,,,,,,
30,VISIT,3267,Nearest,OnArrival,5,5,17822,Node_48,21,0,9,21,9,,,,,,,,,
30,VISIT,3268,Nearest,OnArrival,5,4,17822,Node_136,25,0,9,25,9,,,,,,,,,
30,VISIT,3243,Nearest,OnArrival,5,130,17826,Node_735,33,0,4,33,4,,,,,,,,,
30,VISIT,3246,Nearest,OnArrival,5,96,17826,Node_161,19,0,1,19,1,,,,,,,,,
30,VISIT,3247,Nearest,OnArrival,5,93,17826,Node_153,19,0,3,19,3,,,,,,,,,
30,VISIT,3257,Nearest,OnArrival,5,39,17826,Node_735,33,0,4,33,4,,,,,,,,,
30,VISIT,3259,Nearest,OnArrival,5,34,17826,Node_735,33,0,4,33,4,,,,,,,,,
30,VISIT,3260,Nearest,OnArrival,5,25,17826,Node_735,33,0,4,33,4,,,,,,,,,
30,VISIT,3261,Nearest,OnArrival,5,27,17826,Node_772,35,0,10,35,10,,,,,,,,,
30,VISIT,3265,Nearest,OnArrival,5,6,17826,Node_88,22,0,9,22,9,,,,,,,,,
30,VISIT,3267,Nearest,OnArrival,5,6,17826,Node_88,22,0,9,22,9,,,,,,,,,
30,VISIT,3268,Nearest,OnArrival,5,5,17826,Node_248,26,0,9,26,9,,,,,,,,,
30,VISIT,3243,Nearest,OnArrival,5,131,17833,Node_726,32,0,4,32,4,,,,,,,,,
30,VISIT,3246,Nearest,OnArrival,5,97,17833,Node_298,19,0,0,19,0,,,,,,,,,
30,VISIT,3247,Nearest,OnArrival,5,94,17833,Node_157,19,0,2,19,2,,,,,,,,,
30,VISIT,3257,Nearest,OnArrival,5,40,17833,Node_726,32,0,4,32,4,,,,,,,,,
30,VISIT,3259,Nearest,OnArrival,5,35,17833,Node_726,32,0,4,32,4,,,,,,,,,
30,VISIT,3260,Nearest,OnArrival,5,26,17833,Node_726,32,0,4,32,4,,,,,,,,,
30,VISIT,3261,Nearest,OnArrival,5,28,17833,Node_770,35,0,9,35,9,,,,,,,,,
30,VISIT,3262,Nearest,OnArrival,5,21,17833,Node_770,35,0,9,35,9,,,,,,,,,
30,VISIT,3265,Nearest,OnArrival,5,7,17833,Node_129,23,0,9,23,9,,,,,,,,,
30,VISIT,3266,Nearest,OnArrival,5,6,17833,Node_136,25,0,9,25,9,,,,,,,,,
30,VISIT,3267,Nearest,OnArrival,5,7,17833,Node_129,23,0,9,23,9,,,,,,,,,
30,VISIT,3268,Nearest,OnArrival,5,6,17833,Node_287,27,0,9,27,9,,,,,,,,,
30,VISIT,3243,Nearest,OnArrival,5,132,17839,Node_735,33,0,4,33,4,,,,,,,,,
30,VISIT,3245,Nearest,OnArrival,5,82,17839,Node_781,29,0,25,29,25,,,,,,,,,
30,VISIT,3247,Nearest,OnArrival,5,95,17839,Node_161,19,0,1,19,1,,,,,,,,,
30,VISIT,3248,Nearest,OnArrival,5,82,17839,Node_781,29,0,25,29,25,,,,,,,,,
30,VISIT,3249,Nearest,OnArrival,5,87,17839,Node_783,34,0,4,34,4,,,,,,,,,
30,VISIT,3250,Nearest,OnArrival,5,87,17839,Node_783,34,0,4,34,4,,,,,,,,,
30,VISIT,3251,Nearest,OnArrival,5,87,17839,Node_783,34,0,4,34,4,,,,,,,,,
30,VISIT,3252,Nearest,OnArrival,5,86,17839,Node_783,34,0,4,34,4,,,,,,,,,
30,VISIT,3257,Nearest,OnArrival,5,41,17839,Node_735,33,0,4,33,4,,,,,,,,,
30,VISIT,3259,Nearest,OnArrival,5,36,17839,Node_735,33,0,4,33,4,,,,,,,,,
30,VISIT,3260,Nearest,OnArrival,5,27,17839,Node_735,33,0,4,33,4,,,,,,,,,
30,VISIT,3261,Nearest,OnArrival,5,29,17839,Node_789,36,0,9,36,9,,,,,,,,,
30,VISIT,3262,Nearest,OnArrival,5,22,17839,Node_789,36,0,9,36,9,,,,,,,,,
30,VISIT,3266,Nearest,OnArrival,5,7,17839,Node_248,26,0,9,26,9,,,,,,,,,
30,VISIT,3268,Nearest,OnArrival,5,7,17839,Node_288,27,0,10,27,10,,,,,,,,,
30,VISIT,3243,Nearest,OnArrival,5,133,17852,Node_783,34,0,4,34,4,,,,,,,,,
30,VISIT,3245,Nearest,OnArrival,5,83,17852,Node_792,30,0,25,30,25,,,,,,,,,
30,VISIT,3247,Nearest,OnArrival,5,96,17852,Node_298,19,0,0,19,0,,,,,,,,,
30,VISIT,3248,Nearest,OnArrival,5,83,17852,Node_792,30,0,25,30,25,,,,,,,,,
30,VISIT,3249,Nearest,OnArrival,5,88,17852,Node_793,35,0,4,35,4,,,,,,,,,
30,VISIT,3250,Nearest,OnArrival,5,88,17852,Node_793,35,0,4,35,4,,,,,,,,,
30,VISIT,3251,Nearest,OnArrival,5,88,17852,Node_793,35,0,4,35,4,,,,,,,,,
30,VISIT,3252,Nearest,OnArrival,5,87,17852,Node_793,35,0,4,35,4,,,,,,,,,
30,VISIT,3257,Nearest,OnArrival,5,42,17852,Node_783,34,0,4,34,4,,,,,,,,,
30,VISIT,3259,Nearest,OnArrival,5,37,17852,Node_783,34,0,4,34,4,,,,,,,,,
30,VISIT,3260,Nearest,OnArrival,5,28,17852,Node_783,34,0,4,34,4,,,,,,,,,
30,VISIT,3261,Nearest,OnArrival,5,30,17852,Node_785,36,0,10,36,10,,,,,,,,,
30,VISIT,3262,Nearest,OnArrival,5,23,17852,Node_785,36,0,10,36,10,,,,,,,,,
30,VISIT,3265,Nearest,OnArrival,5,8,17852,Node_136,25,0,9,25,9,,,,,,,,,
30,VISIT,3266,Nearest,OnArrival,5,8,17852,Node_287,27,0,9,27,9,,,,,,,,,
30,VISIT,3267,Nearest,OnArrival,5,8,17852,Node_136,25,0,9,25,9,,,,,,,,,
30,VISIT,3268,Nearest,OnArrival,5,8,17852,Node_289,27,0,11,27,11,,,,,,,,,
30,VISIT,3243,Nearest,OnArrival,5,134,17861,Node_793,35,0,4,35,4,,,,,,,,,
30,VISIT,3245,Nearest,OnArrival,5,84,17861,Node_743,31,0,25,31,25,,,,,,,,,
30,VISIT,3246,Nearest,OnArrival,5,98,17861,Node_405,22,0,0,22,0,,,,,,,,,
30,VISIT,3248,Nearest,OnArrival,5,84,17861,Node_743,31,0,25,31,25,,,,,,,,,
30,VISIT,3257,Nearest,OnArrival,5,43,17861,Node_793,35,0,4,35,4,,,,,,,,,
30,VISIT,3259,Nearest,OnArrival,5,38,17861,Node_793,35,0,4,35,4,,,,,,,,,
30,VISIT,3260,Nearest,OnArrival,5,29,17861,Node_793,35,0,4,35,4,,,,,,,,,
30,VISIT,3261,Nearest,OnArrival,5,31,17861,Node_797,37,0,10,37,10,,,,,,,,,
30,VISIT,3262,Nearest,OnArrival,5,24,17861,Node_797,37,0,10,37,10,,,,,,,,,
30,VISIT,3265,Nearest,OnArrival,5,9,17861,Node_248,26,0,9,26,9,,,,,,,,,
30,VISIT,3266,Nearest,OnArrival,5,9,17861,Node_288,27,0,10,27,10,,,,,,,,,
30,VISIT,3267,Nearest,OnArrival,5,9,17861,Node_248,26,0,9,26,9,,,,,,,,,
30,VISIT,3268,Nearest,OnArrival,5,9,17861,Node_291,27,0,12,27,12,,,,,,,,,
30,VISIT,3232,Nearest,OnArrival,5,222,17874,Node_771,33,0,0,33,0,,,,,,,,,
30,VISIT,3233,Nearest,OnArrival,5,183,17874,Node_771,33,0,0,33,0,,,,,,,,,
30,VISIT,3234,Nearest,OnArrival,5,186,17874,Node_771,33,0,0,33,0,,,,,,,,,
30,VISIT,3235,Nearest,OnArrival,5,182,17874,Node_771,33,0,0,33,0,,,,,,,,,
30,VISIT,3236,Nearest,OnArrival,5,183,17874,Node_771,33,0,0,33,0,,,,,,,,,
30,VISIT,3237,Nearest,OnArrival,5,160,17874,Node_771,33,0,0,33,0,,,,,,,,,
30,VISIT,3238,Nearest,OnArrival,5,157,17874,Node_771,33,0,0,33,0,,,,,,,,,
30,VISIT,3239,Nearest,OnArrival,5,159,17874,Node_771,33,0,0,33,0,,,,,,,,,
30,VISIT,3240,Nearest,OnArrival,5,160,17874,Node_771,33,0,0,33,0,,,,,,,,,
30,VISIT,3243,Nearest,OnArrival,5,135,17874,Node_801,36,0,4,36,4,,,,,,,,,
30,VISIT,3246,Nearest,OnArrival,5,99,17874,Node_270,23,0,0,23,0,,,,,,,,,
30,VISIT,3257,Nearest,OnArrival,5,44,17874,Node_788,35,0,3,35,3,,,,,,,,,
30,VISIT,3259,Nearest,OnArrival,5,39,17874,Node_788,35,0,3,35,3,,,,,,,,,
30,VISIT,3260,Nearest,OnArrival,5,30,17874,Node_788,35,0,3,35,3,,,,,,,,,
30,VISIT,3261,Nearest,OnArrival,5,32,17874,Node_794,37,0,9,37,9,,,,,,,,,
30,VISIT,3262,Nearest,OnArrival,5,25,17874,Node_794,37,0,9,37,9,,,,,,,,,
30,VISIT,3265,Nearest,OnArrival,5,10,17874,Node_287,27,0,9,27,9,,,,,,,,,
30,VISIT,3266,Nearest,OnArrival,5,10,17874,Node_289,27,0,11,27,11,,,,,,,,,
30,VISIT,3267,Nearest,OnArrival,5,10,17874,Node_287,27,0,9,27,9,,,,,,,,,
30,VISIT,3268,Nearest,OnArrival,5,10,17874,Node_294,27,0,13,27,13,,,,,,,,,
30,VISIT,3243,Nearest,OnArrival,5,136,17886,Node_804,36,0,3,36,3,,,,,,,,,
30,VISIT,3246,Nearest,OnArrival,5,100,17886,Node_271,23,0,-1,23,-1,,,,,,,,,
30,VISIT,3247,Nearest,OnArrival,5,97,17886,Node_405,22,0,0,22,0,,,,,,,,,
30,VISIT,3249,Nearest,OnArrival,5,89,17886,Node_788,35,0,3,35,3,,,,,,,,,
30,VISIT,3250,Nearest,OnArrival,5,89,17886,Node_788,35,0,3,35,3,,,,,,,,,
30,VISIT,3251,Nearest,OnArrival,5,89,17886,Node_788,35,0,3,35,3,,,,,,,,,
30,VISIT,3252,Nearest,OnArrival,5,88,17886,Node_788,35,0,3,35,3,,,,,,,,,
30,VISIT,3257,Nearest,OnArrival,5,45,17886,Node_804,36,0,3,36,3,,,,,,,,,
30,VISIT,3259,Nearest,OnArrival,5,40,17886,Node_804,36,0,3,36,3,,,,,,,,,
30,VISIT,3260,Nearest,OnArrival,5,31,17886,Node_804,36,0,3,36,3,,,,,,,,,
30,VISIT,3265,Nearest,OnArrival,5,11,17886,Node_288,27,0,10,27,10,,,,,,,,,
30,VISIT,3266,Nearest,OnArrival,5,11,17886,Node_291,27,0,12,27,12,,,,,,,,,
30,VISIT,3267,Nearest,OnArrival,5,11,17886,Node_288,27,0,10,27,10,,,,,,,,,
30,VISIT,3268,Nearest,OnArrival,5,11,17886,Node_370,28,0,13,28,13,,,,,,,,,
30,VISIT,3232,Nearest,OnArrival,5,223,17899,Node_778,34,0,1,34,1,,,,,,,,,
30,VISIT,3233,Nearest,OnArrival,5,184,17899,Node_778,34,0,1,34,1,,,,,,,,,
30,VISIT,3234,Nearest,OnArrival,5,187,17899,Node_778,34,0,1,34,1,,,,,,,,,
30,VISIT,3235,Nearest,OnArrival,5,183,17899,Node_778,34,0,1,34,1,,,,,,,,,
30,VISIT,3236,Nearest,OnArrival,5,184,17899,Node_778,34,0,1,34,1,,,,,,,,,
30,VISIT,3237,Nearest,OnArrival,5,161,17899,Node_778,34,0,1,34,1,,,,,,,,,
30,VISIT,3238,Nearest,OnArrival,5,158,17899,Node_778,34,0,1,34,1,,,,,,,,,
30,VISIT,3239,Nearest,OnArrival,5,160,17899,Node_778,34,0,1,34,1,,,,,,,,,
30,VISIT,3240,Nearest,OnArrival,5,161,17899,Node_778,34,0,1,34,1,,,,,,,,,
30,VISIT,3243,Nearest,OnArrival,5,137,17899,Node_788,35,0,3,35,3,,,,,,,,,
30,VISIT,3245,Nearest,OnArrival,5,85,17899,Node_742,31,0,24,31,24,,,,,,,,,
30,VISIT,3246,Nearest,OnArrival,5,101,17899,Node_272,23,0,-2,23,-2,,,,,,,,,
30,VISIT,3247,Nearest,OnArrival,5,98,17899,Node_270,23,0,0,23,0,,,,,,,,,
30,VISIT,3248,Nearest,OnArrival,5,85,17899,Node_742,31,0,24,31,24,,,,,,,,,
30,VISIT,3249,Nearest,OnArrival,5,90,17899,Node_804,36,0,3,36,3,,,,,,,,,
30,VISIT,3250,Nearest,OnArrival,5,90,17899,Node_804,36,0,3,36,3,,,,,,,,,
30,VISIT,3251,Nearest,OnArrival,5,90,17899,Node_804,36,0,3,36,3,,,,,,,,,
30,VISIT,3252,Nearest,OnArrival,5,89,17899,Node_804,36,0,3,36,3,,,,,,,,,
30,VISIT,3265,Nearest,OnArrival,5,12,17899,Node_289,27,0,11,27,11,,,,,,,,,
30,VISIT,3266,Nearest,OnArrival,5,12,17899,Node_294,27,0,13,27,13,,,,,,,,,
30,VISIT,3267,Nearest,OnArrival,5,12,17899,Node_289,27,0,11,27,11,,,,,,,,,
30,VISIT,3232,Nearest,OnArrival,5,224,17912,Node_782,34,0,2,34,2,,,,,,,,,
30,VISIT,3233,Nearest,OnArrival,5,185,17912,Node_782,34,0,2,34,2,,,,,,,,,
30,VISIT,3234,Nearest,OnArrival,5,188,17912,Node_782,34,0,2,34,2,,,,,,,,,
30,VISIT,3235,Nearest,OnArrival,5,184,17912,Node_782,34,0,2,34,2,,,,,,,,,
30,VISIT,3236,Nearest,OnArrival,5,185,17912,Node_782,34,0,2,34,2,,,,,,,,,
30,VISIT,3237,Nearest,OnArrival,5,162,17912,Node_782,34,0,2,34,2,,,,,,,,,
30,VISIT,3238,Nearest,OnArrival,5,159,17912,Node_782,34,0,2,34,2,,,,,,,,,
30,VISIT,3239,Nearest,OnArrival,5,161,17912,Node_782,34,0,2,34,2,,,,,,,,,
30,VISIT,3240,Nearest,OnArrival,5,162,17912,Node_782,34,0,2,34,2,,,,,,,,,
30,VISIT,3243,Nearest,OnArrival,5,138,17912,Node_804,36,0,3,36,3,,,,,,,,,
30,VISIT,3245,Nearest,OnArrival,5,86,17912,Node_787,30,0,24,30,24,,,,,,,,,
30,VISIT,3246,Nearest,OnArrival,5,102,17912,Node_412,24,0,-2,24,-2,,,,,,,,,
30,VISIT,3247,Nearest,OnArrival,5,99,17912,Node_271,23,0,-1,23,-1,,,,,,,,,
30,VISIT,3248,Nearest,OnArrival,5,86,17912,Node_787,30,0,24,30,24,,,,,,,,,
30,VISIT,3249,Nearest,OnArrival,5,91,17912,Node_810,37,0,3,37,3,,,,,,,,,
30,VISIT,3250,Nearest,OnArrival,5,91,17912,Node_810,37,0,3,37,3,,,,,,,,,
30,VISIT,3251,Nearest,OnArrival,5,91,17912,Node_810,37,0,3,37,3,,,,,,,,,
30,VISIT,3252,Nearest,OnArrival,5,90,17912,Node_810,37,0,3,37,3,,,,,,,,,
30,VISIT,3265,Nearest,OnArrival,5,13,17912,Node_291,27,0,12,27,12,,,,,,,,,
30,VISIT,3266,Nearest,OnArrival,5,13,17912,Node_370,28,0,13,28,13,,,,,,,,,
30,VISIT,3267,Nearest,OnArrival,5,13,17912,Node_291,27,0,12,27,12,,,,,,,,,
30,VISIT,3268,Nearest,OnArrival,5,12,17912,Node_777,30,0,13,30,13,,,,,,,,,
30,VISIT,3232,Nearest,OnArrival,5,225,17925,Node_776,33,0,2,33,2,,,,,,,,,
30,VISIT,3233,Nearest,OnArrival,5,186,17925,Node_776,33,0,2,33,2,,,,,,,,,
30,VISIT,3234,Nearest,OnArrival,5,189,17925,Node_776,33,0,2,33,2,,,,,,,,,
30,VISIT,3235,Nearest,OnArrival,5,185,17925,Node_776,33,0,2,33,2,,,,,,,,,
30,VISIT,3236,Nearest,OnArrival,5,186,17925,Node_776,33,0,2,33,2,,,,,,,,,
30,VISIT,3237,Nearest,OnArrival,5,163,17925,Node_776,33,0,2,33,2,,,,,,,,,
30,VISIT,3238,Nearest,OnArrival,5,160,17925,Node_776,33,0,2,33,2,,,,,,,,,
30,VISIT,3239,Nearest,OnArrival,5,162,17925,Node_776,33,0,2,33,2,,,,,,,,,
30,VISIT,3240,Nearest,OnArrival,5,163,17925,Node_776,33,0,2,33,2,,,,,,,,,
30,VISIT,3243,Nearest,OnArrival,5,139,17925,Node_801,36,0,4,36,4,,,,,,,,,
30,VISIT,3247,Nearest,OnArrival,5,100,17925,Node_272,23,0,-2,23,-2,,,,,,,,,
30,VISIT,3249,Nearest,OnArrival,5,92,17925,Node_813,37,0,4,37,4,,,,,,,,,
30,VISIT,3250,Nearest,OnArrival,5,92,17925,Node_813,37,0,4,37,4,,,,,,,,,
30,VISIT,3251,Nearest,OnArrival,5,92,17925,Node_813,37,0,4,37,4,,,,,,,,,
30,VISIT,3252,Nearest,OnArrival,5,91,17925,Node_813,37,0,4,37,4,,,,,,,,,
30,VISIT,3265,Nearest,OnArrival,5,14,17925,Node_294,27,0,13,27,13,,,,,,,,,
30,VISIT,3267,Nearest,OnArrival,5,14,17925,Node_294,27,0,13,27,13,,,,,,,,,
30,VISIT,3268,Nearest,OnArrival,5,13,17925,Node_718,31,0,13,31,13,,,,,,,,,
30,VISIT,3232,Nearest,OnArrival,5,226,17938,Node_773,33,0,1,33,1,,,,,,,,,
30,VISIT,3233,Nearest,OnArrival,5,187,17938,Node_773,33,0,1,33,1,,,,,,,,,
30,VISIT,3234,Nearest,OnArrival,5,190,17938,Node_773,33,0,1,33,1,,,,,,,,,
30,VISIT,3235,Nearest,OnArrival,5,186,17938,Node_773,33,0,1,33,1,,,,,,,,,
30,VISIT,3236,Nearest,OnArrival,5,187,17938,Node_773,33,0,1,33,1,,,,,,,,,
30,VISIT,3237,Nearest,OnArrival,5,164,17938,Node_773,33,0,1,33,1,,,,,,,,,
30,VISIT,3238,Nearest,OnArrival,5,161,17938,Node_773,33,0,1,33,1,,,,,,,,,
30,VISIT,3239,Nearest,OnArrival,5,163,17938,Node_773,33,0,1,33,1,,,,,,,,,
30,VISIT,3240,Nearest,OnArrival,5,164,17938,Node_773,33,0,1,33,1,,,,,,,,,
30,VISIT,3243,Nearest,OnArrival,5,140,17938,Node_813,37,0,4,37,4,,,,,,,,,
30,VISIT,3246,Nearest,OnArrival,5,103,17938,Node_419,26,0,-2,26,-2,,,,,,,,,
30,VISIT,3247,Nearest,OnArrival,5,101,17938,Node_412,24,0,-2,24,-2,,,,,,,,,
30,VISIT,3249,Nearest,OnArrival,5,93,17938,Node_817,37,0,5,37,5,,,,,,,,,
30,VISIT,3250,Nearest,OnArrival,5,93,17938,Node_817,37,0,5,37,5,,,,,,,,,
30,VISIT,3251,Nearest,OnArrival,5,93,17938,Node_817,37,0,5,37,5,,,,,,,,,
30,VISIT,3252,Nearest,OnArrival,5,92,17938,Node_817,37,0,5,37,5,,,,,,,,,
30,VISIT,3257,Nearest,OnArrival,5,46,17938,Node_814,37,0,6,37,6,,,,,,,,,
30,VISIT,3259,Nearest,OnArrival,5,41,17938,Node_814,37,0,6,37,6,,,,,,,,,
30,VISIT,3260,Nearest,OnArrival,5,32,17938,Node_814,37,0,6,37,6,,,,,,,,,
30,VISIT,3265,Nearest,OnArrival,5,15,17938,Node_370,28,0,13,28,13,,,,,,,,,
30,VISIT,3266,Nearest,OnArrival,5,14,17938,Node_777,30,0,13,30,13,,,,,,,,,
30,VISIT,3267,Nearest,OnArrival,5,15,17938,Node_370,28,0,13,28,13,,,,,,,,,
30,VISIT,3268,Nearest,OnArrival,5,14,17938,Node_716,32,0,13,32,13,,,,,,,,,
30,VISIT,3232,Nearest,OnArrival,5,227,17950,Node_771,33,0,0,33,0,,,,,,,,,
30,VISIT,3233,Nearest,OnArrival,5,188,17950,Node_771,33,0,0,33,0,,,,,,,,,
30,VISIT,3234,Nearest,OnArrival,5,191,17950,Node_771,33,0,0,33,0,,,,,,,,,
30,VISIT,3235,Nearest,OnArrival,5,187,17950,Node_771,33,0,0,33,0,,,,,,,,,
30,VISIT,3236,Nearest,OnArrival,5,188,17950,Node_771,33,0,0,33,0,,,,,,,,,
30,VISIT,3237,Nearest,OnArrival,5,165,17950,Node_771,33,0,0,33,0,,,,,,,,,
30,VISIT,3238,Nearest,OnArrival,5,162,17950,Node_771,33,0,0,33,0,,,,,,,,,
30,VISIT,3239,Nearest,OnArrival,5,164,17950,Node_771,33,0,0,33,0,,,,,,,,,
30,VISIT,3240,Nearest,OnArrival,5,165,17950,Node_771,33,0,0,33,0,,,,,,,,,
30,VISIT,3243,Nearest,OnArrival,5,141,17950,Node_810,37,0,3,37,3,,,,,,,,,
30,VISIT,3246,Nearest,OnArrival,5,104,17950,Node_423,26,0,-3,26,-3,,,,,,,,,
30,VISIT,3249,Nearest,OnArrival,5,94,17950,Node_820,38,0,5,38,5,,,,,,,,,
30,VISIT,3250,Nearest,OnArrival,5,94,17950,Node_820,38,0,5,38,5,,,,,,,,,
30,VISIT,3251,Nearest,OnArrival,5,94,17950,Node_820,38,0,5,38,5,,,,,,,,,
30,VISIT,3252,Nearest,OnArrival,5,93,17950,Node_820,38,0,5,38,5,,,,,,,,,
30,VISIT,3265,Nearest,OnArrival,5,16,17950,Node_294,27,0,13,27,13,,,,,,,,,
30,VISIT,3266,Nearest,OnArrival,5,15,17950,Node_718,31,0,13,31,13,,,,,,,,,
30,VISIT,3267,Nearest,OnArrival,5,16,17950,Node_294,27,0,13,27,13,,,,,,,,,
30,VISIT,3232,Nearest,OnArrival,5,228,17962,Node_806,34,0,0,34,0,,,,,,,,,
30,VISIT,3233,Nearest,OnArrival,5,189,17962,Node_806,34,0,0,34,0,,,,,,,,,
30,VISIT,3234,Nearest,OnArrival,5,192,17962,Node_806,34,0,0,34,0,,,,,,,,,
30,VISIT,3235,Nearest,OnArrival,5,188,17962,Node_806,34,0,0,34,0,,,,,,,,,
30,VISIT,3236,Nearest,OnArrival,5,189,17962,Node_806,34,0,0,34,0,,,,,,,,,
30,VISIT,3237,Nearest,OnArrival,5,166,17962,Node_806,34,0,0,34,0,,,,,,,,,
30,VISIT,3238,Nearest,OnArrival,5,163,17962,Node_806,34,0,0,34,0,,,,,,,,,
30,VISIT,3239,Nearest,OnArrival,5,165,17962,Node_806,34,0,0,34,0,,,,,,,,,
30,VISIT,3240,Nearest,OnArrival,5,166,17962,Node_806,34,0,0,34,0,,,,,,,,,
30,VISIT,3246,Nearest,OnArrival,5,105,17962,Node_424,26,0,-4,26,-4,,,,,,,,,
30,VISIT,3247,Nearest,OnArrival,5,102,17962,Node_419,26,0,-2,26,-2,,,,,,,,,
30,VISIT,3249,Nearest,OnArrival,5,95,17962,Node_823,38,0,6,38,6,,,,,,,,,
30,VISIT,3250,Nearest,OnArrival,5,95,17962,Node_823,38,0,6,38,6,,,,,,,,,
30,VISIT,3251,Nearest,OnArrival,5,95,17962,Node_823,38,0,6,38,6,,,,,,,,,
30,VISIT,3252,Nearest,OnArrival,5,94,17962,Node_823,38,0,6,38,6,,,,,,,,,
30,VISIT,3266,Nearest,OnArrival,5,16,17962,Node_716,32,0,13,32,13,,,,,,,,,
30,VISIT,3246,Nearest,OnArrival,5,106,17975,Node_430,27,0,-4,27,-4,,,,,,,,,
30,VISIT,3247,Nearest,OnArrival,5,103,17975,Node_423,26,0,-3,26,-3,,,,,,,,,
30,VISIT,3249,Nearest,OnArrival,5,96,17975,Node_825,38,0,7,38,7,,,,,,,,,
30,VISIT,3250,Nearest,OnArrival,5,96,17975,Node_825,38,0,7,38,7,,,,,,,,,
30,VISIT,3251,Nearest,OnArrival,5,96,17975,Node_825,38,0,7,38,7,,,,,,,,,
30,VISIT,3252,Nearest,OnArrival,5,95,17975,Node_825,38,0,7,38,7,,,,,,,,,
30,VISIT,3265,Nearest,OnArrival,5,17,17975,Node_297,27,0,15,27,15,,,,,,,,,
30,VISIT,3267,Nearest,OnArrival,5,17,17975,Node_297,27,0,15,27,15,,,,,,,,,
30,VISIT,3246,Nearest,OnArrival,5,107,17986,Node_431,27,0,-3,27,-3,,,,,,,,,
30,VISIT,3247,Nearest,OnArrival,5,104,17986,Node_424,26,0,-4,26,-4,,,,,,,,,
30,VISIT,3248,Nearest,OnArrival,5,87,17986,Node_285,28,0,20,28,20,,,,,,,,,
30,VISIT,3249,Nearest,OnArrival,5,97,17986,Node_830,38,0,8,38,8,,,,,,,,,
30,VISIT,3250,Nearest,OnArrival,5,97,17986,Node_830,38,0,8,38,8,,,,,,,,,
30,VISIT,3251,Nearest,OnArrival,5,97,17986,Node_830,38,0,8,38,8,,,,,,,,,
30,VISIT,3252,Nearest,OnArrival,5,96,17986,Node_830,38,0,8,38,8,,,,,,,,,
30,VISIT,3257,Nearest,OnArrival,5,47,17986,Node_808,37,0,8,37,8,,,,,,,,,
30,VISIT,3259,Nearest,OnArrival,5,42,17986,Node_808,37,0,8,37,8,,,,,,,,,
30,VISIT,3260,Nearest,OnArrival,5,33,17986,Node_808,37,0,8,37,8,,,,,,,,,
30,VISIT,3261,Nearest,OnArrival,5,33,17986,Node_808,37,0,8,37,8,,,,,,,,,
30,VISIT,3262,Nearest,OnArrival,5,26,17986,Node_808,37,0,8,37,8,,,,,,,,,
30,VISIT,3266,Nearest,OnArrival,5,17,17986,Node_826,34,0,13,34,13,,,,,,,,,
30,VISIT,3246,Nearest,OnArrival,5,108,17997,Node_354,27,0,-2,27,-2,,,,,,,,,
30,VISIT,3247,Nearest,OnArrival,5,105,17997,Node_430,27,0,-4,27,-4,,,,,,,,,
30,VISIT,3248,Nearest,OnArrival,5,88,17997,Node_313,28,0,19,28,19,,,,,,,,,
30,VISIT,3249,Nearest,OnArrival,5,98,17997,Node_808,37,0,8,37,8,,,,,,,,,
30,VISIT,3250,Nearest,OnArrival,5,98,17997,Node_808,37,0,8,37,8,,,,,,,,,
30,VISIT,3251,Nearest,OnArrival,5,98,17997,Node_808,37,0,8,37,8,,,,,,,,,
30,VISIT,3252,Nearest,OnArrival,5,97,17997,Node_808,37,0,8,37,8,,,,,,,,,
30,VISIT,3257,Nearest,OnArrival,5,48,17997,Node_811,37,0,7,37,7,,,,,,,,,
30,VISIT,3259,Nearest,OnArrival,5,43,17997,Node_811,37,0,7,37,7,,,,,,,,,
30,VISIT,3260,Nearest,OnArrival,5,34,17997,Node_811,37,0,7,37,7,,,,,,,,,
30,VISIT,3261,Nearest,OnArrival,5,34,17997,Node_811,37,0,7,37,7,,,,,,,,,
30,VISIT,3262,Nearest,OnArrival,5,27,17997,Node_811,37,0,7,37,7,,,,,,,,,
30,VISIT,3246,Nearest,OnArrival,5,109,18006,Node_353,28,0,-2,28,-2,,,,,,,,,
30,VISIT,3247,Nearest,OnArrival,5,106,18006,Node_431,27,0,-3,27,-3,,,,,,,,,
30,VISIT,3248,Nearest,OnArrival,5,89,18006,Node_240,27,0,19,27,19,,,,,,,,,
30,VISIT,3249,Nearest,OnArrival,5,99,18006,Node_811,37,0,7,37,7,,,,,,,,,
30,VISIT,3250,Nearest,OnArrival,5,99,18006,Node_811,37,0,7,37,7,,,,,,,,,
30,VISIT,3251,Nearest,OnArrival,5,99,18006,Node_811,37,0,7,37,7,,,,,,,,,
30,VISIT,3252,Nearest,OnArrival,5,98,18006,Node_811,37,0,7,37,7,,,,,,,,,
30,VISIT,3257,Nearest,OnArrival,5,49,18006,Node_825,38,0,7,38,7,,,,,,,,,
30,VISIT,3259,Nearest,OnArrival,5,44,18006,Node_825,38,0,7,38,7,,,,,,,,,
30,VISIT,3260,Nearest,OnArrival,5,35,18006,Node_825,38,0,7,38,7,,,,,,,,,
30,VISIT,3261,Nearest,OnArrival,5,35,18006,Node_825,38,0,7,38,7,,,,,,,,,
30,VISIT,3262,Nearest,OnArrival,5,28,18006,Node_825,38,0,7,38,7,,,,,,,,,
30,VISIT,3246,Nearest,OnArrival,5,110,18017,Node_744,29,0,-2,29,-2,,,,,,,,,
30,VISIT,3247,Nearest,OnArrival,5,107,18017,Node_354,27,0,-2,27,-2,,,,,,,,,
30,VISIT,3248,Nearest,OnArrival,5,90,18017,Node_239,27,0,18,27,18,,,,,,,,,
30,VISIT,3249,Nearest,OnArrival,5,100,18017,Node_825,38,0,7,38,7,,,,,,,,,
30,VISIT,3250,Nearest,OnArrival,5,100,18017,Node_825,38,0,7,38,7,,,,,,,,,
30,VISIT,3251,Nearest,OnArrival,5,100,18017,Node_825,38,0,7,38,7,,,,,,,,,
30,VISIT,3252,Nearest,OnArrival,5,99,18017,Node_825,38,0,7,38,7,,,,,,,,,
30,VISIT,3265,Nearest,OnArrival,5,18,18017,Node_309,28,0,18,28,18,,,,,,,,,
30,VISIT,3266,Nearest,OnArrival,5,18,18017,Node_840,35,0,15,35,15,,,,,,,,,
30,VISIT,3267,Nearest,OnArrival,5,18,18017,Node_309,28,0,18,28,18,,,,,,,,,
30,VISIT,3232,Nearest,OnArrival,5,229,18028,Node_786,33,0,-5,33,-5,,,,,,,,,
30,VISIT,3233,Nearest,OnArrival,5,190,18028,Node_786,33,0,-5,33,-5,,,,,,,,,
30,VISIT,3234,Nearest,OnArrival,5,193,18028,Node_786,33,0,-5,33,-5,,,,,,,,,
30,VISIT,3235,Nearest,OnArrival,5,189,18028,Node_786,33,0,-5,33,-5,,,,,,,,,
30,VISIT,3236,Nearest,OnArrival,5,190,18028,Node_786,33,0,-5,33,-5,,,,,,,,,
30,VISIT,3237,Nearest,OnArrival,5,167,18028,Node_786,33,0,-5,33,-5,,,,,,,,,
30,VISIT,3238,Nearest,OnArrival,5,164,18028,Node_786,33,0,-5,33,-5,,,,,,,,,
30,VISIT,3239,Nearest,OnArrival,5,166,18028,Node_786,33,0,-5,33,-5,,,,,,,,,
30,VISIT,3240,Nearest,OnArrival,5,167,18028,Node_786,33,0,-5,33,-5,,,,,,,,,
30,VISIT,3246,Nearest,OnArrival,5,111,18028,Node_753,29,0,-3,29,-3,,,,,,,,,
30,VISIT,3247,Nearest,OnArrival,5,108,18028,Node_353,28,0,-2,28,-2,,,,,,,,,
30,VISIT,3248,Nearest,OnArrival,5,91,18028,Node_309,28,0,18,28,18,,,,,,,,,
30,VISIT,3249,Nearest,OnArrival,5,101,18028,Node_846,39,0,7,39,7,,,,,,,,,
30,VISIT,3250,Nearest,OnArrival,5,101,18028,Node_846,39,0,7,39,7,,,,,,,,,
30,VISIT,3251,Nearest,OnArrival,5,101,18028,Node_846,39,0,7,39,7,,,,,,,,,
30,VISIT,3252,Nearest,OnArrival,5,100,18028,Node_846,39,0,7,39,7,,,,,,,,,
30,VISIT,3265,Nearest,OnArrival,5,19,18028,Node_842,28,0,17,28,17,,,,,,,,,
30,VISIT,3266,Nearest,OnArrival,5,19,18028,Node_844,35,0,16,35,16,,,,,,,,,
30,VISIT,3267,Nearest,OnArrival,5,19,18028,Node_842,28,0,17,28,17,,,,,,,,,
30,VISIT,3232,Nearest,OnArrival,5,230,18039,Node_791,33,0,-4,33,-4,,,,,,,,,
30,VISIT,3233,Nearest,OnArrival,5,191,18039,Node_791,33,0,-4,33,-4,,,,,,,,,
30,VISIT,3234,Nearest,OnArrival,5,194,18039,Node_791,33,0,-4,33,-4,,,,,,,,,
30,VISIT,3235,Nearest,OnArrival,5,190,18039,Node_791,33,0,-4,33,-4,,,,,,,,,
30,VISIT,3236,Nearest,OnArrival,5,191,18039,Node_791,33,0,-4,33,-4,,,,,,,,,
30,VISIT,3237,Nearest,OnArrival,5,168,18039,Node_791,33,0,-4,33,-4,,,,,,,,,
30,VISIT,3238,Nearest,OnArrival,5,165,18039,Node_791,33,0,-4,33,-4,,,,,,,,,
30,VISIT,3239,Nearest,OnArrival,5,167,18039,Node_791,33,0,-4,33,-4,,,,,,,,,
30,VISIT,3240,Nearest,OnArrival,5,168,18039,Node_791,33,0,-4,33,-4,,,,,,,,,
30,VISIT,3246,Nearest,OnArrival,5,112,18039,Node_752,29,0,-4,29,-4,,,,,,,,,
30,VISIT,3247,Nearest,OnArrival,5,109,18039,Node_352,28,0,-1,28,-1,,,,,,,,,
30,VISIT,3248,Nearest,OnArrival,5,92,18039,Node_842,28,0,17,28,17,,,,,,,,,
30,VISIT,3249,Nearest,OnArrival,5,102,18039,Node_848,39,0,8,39,8,,,,,,,,,
30,VISIT,3250,Nearest,OnArrival,5,102,18039,Node_848,39,0,8,39,8,,,,,,,,,
30,VISIT,3251,Nearest,OnArrival,5,102,18039,Node_848,39,0,8,39,8,,,,,,,,,
30,VISIT,3252,Nearest,OnArrival,5,101,18039,Node_848,39,0,8,39,8,,,,,,,,,
30,VISIT,3265,Nearest,OnArrival,5,20,18039,Node_302,27,0,17,27,17,,,,,,,,,
30,VISIT,3267,Nearest,OnArrival,5,20,18039,Node_302,27,0,17,27,17,,,,,,,,,
30,VISIT,3232,Nearest,OnArrival,5,231,18050,Node_841,34,0,-4,34,-4,,,,,,,,,
30,VISIT,3233,Nearest,OnArrival,5,192,18050,Node_841,34,0,-4,34,-4,,,,,,,,,
30,VISIT,3234,Nearest,OnArrival,5,195,18050,Node_841,34,0,-4,34,-4,,,,,,,,,
30,VISIT,3235,Nearest,OnArrival,5,191,18050,Node_841,34,0,-4,34,-4,,,,,,,,,
30,VISIT,3236,Nearest,OnArrival,5,192,18050,Node_841,34,0,-4,34,-4,,,,,,,,,
30,VISIT,3237,Nearest,OnArrival,5,169,18050,Node_841,34,0,-4,34,-4,,,,,,,,,
30,VISIT,3238,Nearest,OnArrival,5,166,18050,Node_841,34,0,-4,34,-4,,,,,,,,,
30,VISIT,3239,Nearest,OnArrival,5,168,18050,Node_841,34,0,-4,34,-4,,,,,,,,,
30,VISIT,3240,Nearest,OnArrival,5,169,18050,Node_841,34,0,-4,34,-4,,,,,,,,,
30,VISIT,3246,Nearest,OnArrival,5,113,18050,Node_751,29,0,-5,29,-5,,,,,,,,,
30,VISIT,3247,Nearest,OnArrival,5,110,18050,Node_350,28,0,0,28,0,,,,,,,,,
30,VISIT,3248,Nearest,OnArrival,5,93,18050,Node_302,27,0,17,27,17,,,,,,,,,
30,VISIT,3249,Nearest,OnArrival,5,103,18050,Node_850,39,0,9,39,9,,,,,,,,,
30,VISIT,3250,Nearest,OnArrival,5,103,18050,Node_850,39,0,9,39,9,,,,,,,,,
30,VISIT,3251,Nearest,OnArrival,5,103,18050,Node_850,39,0,9,39,9,,,,,,,,,
30,VISIT,3252,Nearest,OnArrival,5,102,18050,Node_850,39,0,9,39,9,,,,,,,,,
30,VISIT,3265,Nearest,OnArrival,5,21,18050,Node_220,26,0,17,26,17,,,,,,,,,
30,VISIT,3267,Nearest,OnArrival,5,21,18050,Node_220,26,0,17,26,17,,,,,,,,,
30,VISIT,3246,Nearest,OnArrival,5,114,18061,Node_750,30,0,-5,30,-5,,,,,,,,,
30,VISIT,3247,Nearest,OnArrival,5,111,18061,Node_348,28,0,1,28,1,,,,,,,,,
30,VISIT,3248,Nearest,OnArrival,5,94,18061,Node_220,26,0,17,26,17,,,,,,,,,
30,VISIT,3249,Nearest,OnArrival,5,104,18061,Node_853,40,0,9,40,9,,,,,,,,,
30,VISIT,3250,Nearest,OnArrival,5,104,18061,Node_853,40,0,9,40,9,,,,,,,,,
30,VISIT,3251,Nearest,OnArrival,5,104,18061,Node_853,40,0,9,40,9,,,,,,,,,
30,VISIT,3252,Nearest,OnArrival,5,103,18061,Node_853,40,0,9,40,9,,,,,,,,,
30,VISIT,3265,Nearest,OnArrival,5,22,18061,Node_302,27,0,17,27,17,,,,,,,,,
30,VISIT,3267,Nearest,OnArrival,5,22,18061,Node_302,27,0,17,27,17,,,,,,,,,
30,VISIT,3247,Nearest,OnArrival,5,112,18072,Node_346,28,0,2,28,2,,,,,,,,,
30,VISIT,3248,Nearest,OnArrival,5,95,18072,Node_302,27,0,17,27,17,,,,,,,,,
30,VISIT,3249,Nearest,OnArrival,5,105,18072,Node_857,40,0,10,40,10,,,,,,,,,
30,VISIT,3250,Nearest,OnArrival,5,105,18072,Node_857,40,0,10,40,10,,,,,,,,,
30,VISIT,3251,Nearest,OnArrival,5,105,18072,Node_857,40,0,10,40,10,,,,,,,,,
30,VISIT,3252,Nearest,OnArrival,5,104,18072,Node_857,40,0,10,40,10,,,,,,,,,
30,VISIT,3265,Nearest,OnArrival,5,23,18072,Node_299,27,0,16,27,16,,,,,,,,,
30,VISIT,3267,Nearest,OnArrival,5,23,18072,Node_299,27,0,16,27,16,,,,,,,,,
30,VISIT,3233,Nearest,OnArrival,5,193,18083,Node_845,34,0,-5,34,-5,,,,,,,,,
30,VISIT,3234,Nearest,OnArrival,5,196,18083,Node_845,34,0,-5,34,-5,,,,,,,,,
30,VISIT,3235,Nearest,OnArrival,5,192,18083,Node_845,34,0,-5,34,-5,,,,,,,,,
30,VISIT,3236,Nearest,OnArrival,5,193,18083,Node_845,34,0,-5,34,-5,,,,,,,,,
30,VISIT,3237,Nearest,OnArrival,5,170,18083,Node_845,34,0,-5,34,-5,,,,,,,,,
30,VISIT,3238,Nearest,OnArrival,5,167,18083,Node_845,34,0,-5,34,-5,,,,,,,,,
30,VISIT,3239,Nearest,OnArrival,5,169,18083,Node_845,34,0,-5,34,-5,,,,,,,,,
30,VISIT,3240,Nearest,OnArrival,5,170,18083,Node_845,34,0,-5,34,-5,,,,,,,,,
30,VISIT,3247,Nearest,OnArrival,5,113,18083,Node_344,28,0,3,28,3,,,,,,,,,
30,VISIT,3248,Nearest,OnArrival,5,96,18083,Node_299,27,0,16,27,16,,,,,,,,,
30,VISIT,3249,Nearest,OnArrival,5,106,18083,Node_861,41,0,10,41,10,,,,,,,,,
30,VISIT,3250,Nearest,OnArrival,5,106,18083,Node_861,41,0,10,41,10,,,,,,,,,
30,VISIT,3251,Nearest,OnArrival,5,106,18083,Node_861,41,0,10,41,10,,,,,,,,,
30,VISIT,3252,Nearest,OnArrival,5,105,18083,Node_861,41,0,10,41,10,,,,,,,,,
30,VISIT,3265,Nearest,OnArrival,5,24,18083,Node_838,28,0,16,28,16,,,,,,,,,
30,VISIT,3267,Nearest,OnArrival,5,24,18083,Node_838,28,0,16,28,16,,,,,,,,,
30,VISIT,3233,Nearest,OnArrival,5,194,18094,Node_860,35,0,-5,35,-5,,,,,,,,,
30,VISIT,3234,Nearest,OnArrival,5,197,18094,Node_860,35,0,-5,35,-5,,,,,,,,,
30,VISIT,3235,Nearest,OnArrival,5,193,18094,Node_860,35,0,-5,35,-5,,,,,,,,,
30,VISIT,3236,Nearest,OnArrival,5,194,18094,Node_860,35,0,-5,35,-5,,,,,,,,,
30,VISIT,3237,Nearest,OnArrival,5,171,18094,Node_860,35,0,-5,35,-5,,,,,,,,,
30,VISIT,3238,Nearest,OnArrival,5,168,18094,Node_860,35,0,-5,35,-5,,,,,,,,,
30,VISIT,3239,Nearest,OnArrival,5,170,18094,Node_860,35,0,-5,35,-5,,,,,,,,,
30,VISIT,3240,Nearest,OnArrival,5,171,18094,Node_860,35,0,-5,35,-5,,,,,,,,,
30,VISIT,3246,Nearest,OnArrival,5,115,18094,Node_786,33,0,-5,33,-5,,,,,,,,,
30,VISIT,3248,Nearest,OnArrival,5,97,18094,Node_838,28,0,16,28,16,,,,,,,,,
30,VISIT,3249,Nearest,OnArrival,5,107,18094,Node_863,41,0,9,41,9,,,,,,,,,
30,VISIT,3250,Nearest,OnArrival,5,107,18094,Node_863,41,0,9,41,9,,,,,,,,,
30,VISIT,3251,Nearest,OnArrival,5,107,18094,Node_863,41,0,9,41,9,,,,,,,,,
30,VISIT,3252,Nearest,OnArrival,5,106,18094,Node_863,41,0,9,41,9,,,,,,,,,
30,VISIT,3259,Nearest,OnArrival,5,45,18094,Node_853,40,0,9,40,9,,,,,,,,,
30,VISIT,3260,Nearest,OnArrival,5,36,18094,Node_853,40,0,9,40,9,,,,,,,,,
30,VISIT,3261,Nearest,OnArrival,5,36,18094,Node_853,40,0,9,40,9,,,,,,,,,
30,VISIT,3262,Nearest,OnArrival,5,29,18094,Node_853,40,0,9,40,9,,,,,,,,,
30,VISIT,3246,Nearest,OnArrival,5,116,18107,Node_791,33,0,-4,33,-4,,,,,,,,,
30,VISIT,3247,Nearest,OnArrival,5,114,18107,Node_339,28,0,5,28,5,,,,,,,,,
30,VISIT,3248,Nearest,OnArrival,5,98,18107,Node_865,29,0,16,29,16,,,,,,,,,
30,VISIT,3249,Nearest,OnArrival,5,108,18107,Node_853,40,0,9,40,9,,,,,,,,,
30,VISIT,3250,Nearest,OnArrival,5,108,18107,Node_853,40,0,9,40,9,,,,,,,,,
30,VISIT,3251,Nearest,OnArrival,5,108,18107,Node_853,40,0,9,40,9,,,,,,,,,
30,VISIT,3252,Nearest,OnArrival,5,107,18107,Node_853,40,0,9,40,9,,,,,,,,,
30,VISIT,3259,Nearest,OnArrival,5,46,18107,Node_863,41,0,9,41,9,,,,,,,,,
30,VISIT,3260,Nearest,OnArrival,5,37,18107,Node_863,41,0,9,41,9,,,,,,,,,
30,VISIT,3261,Nearest,OnArrival,5,37,18107,Node_863,41,0,9,41,9,,,,,,,,,
30,VISIT,3262,Nearest,OnArrival,5,30,18107,Node_863,41,0,9,41,9,,,,,,,,,
30,VISIT,3246,Nearest,OnArrival,5,117,18118,Node_796,33,0,-3,33,-3,,,,,,,,,
30,VISIT,3248,Nearest,OnArrival,5,99,18118,Node_868,29,0,17,29,17,,,,,,,,,
30,VISIT,3249,Nearest,OnArrival,5,109,18118,Node_863,41,0,9,41,9,,,,,,,,,
30,VISIT,3250,Nearest,OnArrival,5,109,18118,Node_863,41,0,9,41,9,,,,,,,,,
30,VISIT,3251,Nearest,OnArrival,5,109,18118,Node_863,41,0,9,41,9,,,,,,,,,
30,VISIT,3252,Nearest,OnArrival,5,108,18118,Node_863,41,0,9,41,9,,,,,,,,,
30,VISIT,3265,Nearest,OnArrival,5,25,18118,Node_842,28,0,17,28,17,,,,,,,,,
30,VISIT,3267,Nearest,OnArrival,5,25,18118,Node_842,28,0,17,28,17,,,,,,,,,
30,VISIT,3233,Nearest,OnArrival,5,195,18131,Node_856,35,0,-4,35,-4,,,,,,,,,
30,VISIT,3234,Nearest,OnArrival,5,198,18131,Node_856,35,0,-4,35,-4,,,,,,,,,
30,VISIT,3235,Nearest,OnArrival,5,194,18131,Node_856,35,0,-4,35,-4,,,,,,,,,
30,VISIT,3236,Nearest,OnArrival,5,195,18131,Node_856,35,0,-4,35,-4,,,,,,,,,
30,VISIT,3237,Nearest,OnArrival,5,172,18131,Node_856,35,0,-4,35,-4,,,,,,,,,
30,VISIT,3238,Nearest,OnArrival,5,169,18131,Node_856,35,0,-4,35,-4,,,,,,,,,
30,VISIT,3239,Nearest,OnArrival,5,171,18131,Node_856,35,0,-4,35,-4,,,,,,,,,
30,VISIT,3240,Nearest,OnArrival,5,172,18131,Node_856,35,0,-4,35,-4,,,,,,,,,
30,VISIT,3246,Nearest,OnArrival,5,118,18131,Node_836,34,0,-3,34,-3,,,,,,,,,
30,VISIT,3247,Nearest,OnArrival,5,115,18131,Node_709,30,0,5,30,5,,,,,,,,,
30,VISIT,3248,Nearest,OnArrival,5,100,18131,Node_842,28,0,17,28,17,,,,,,,,,
30,VISIT,3249,Nearest,OnArrival,5,110,18131,Node_871,42,0,9,42,9,,,,,,,,,
30,VISIT,3250,Nearest,OnArrival,5,110,18131,Node_871,42,0,9,42,9,,,,,,,,,
30,VISIT,3251,Nearest,OnArrival,5,110,18131,Node_871,42,0,9,42,9,,,,,,,,,
30,VISIT,3252,Nearest,OnArrival,5,109,18131,Node_871,42,0,9,42,9,,,,,,,,,
30,VISIT,3265,Nearest,OnArrival,5,26,18131,Node_868,29,0,17,29,17,,,,,,,,,
30,VISIT,3267,Nearest,OnArrival,5,26,18131,Node_868,29,0,17,29,17,,,,,,,,,
30,VISIT,3233,Nearest,OnArrival,5,196,18142,Node_870,36,0,-4,36,-4,,,,,,,,,
30,VISIT,3234,Nearest,OnArrival,5,199,18142,Node_870,36,0,-4,36,-4,,,,,,,,,
30,VISIT,3235,Nearest,OnArrival,5,195,18142,Node_870,36,0,-4,36,-4,,,,,,,,,
30,VISIT,3236,Nearest,OnArrival,5,196,18142,Node_870,36,0,-4,36,-4,,,,,,,,,
30,VISIT,3237,Nearest,OnArrival,5,173,18142,Node_870,36,0,-4,36,-4,,,,,,,,,
30,VISIT,3238,Nearest,OnArrival,5,170,18142,Node_870,36,0,-4,36,-4,,,,,,,,,
30,VISIT,3239,Nearest,OnArrival,5,172,18142,Node_870,36,0,-4,36,-4,,,,,,,,,
30,VISIT,3240,Nearest,OnArrival,5,173,18142,Node_870,36,0,-4,36,-4,,,,,,,,,
30,VISIT,3246,Nearest,OnArrival,5,119,18142,Node_832,34,0,-2,34,-2,,,,,,,,,
30,VISIT,3247,Nearest,OnArrival,5,116,18142,Node_707,30,0,6,30,6,,,,,,,,,
30,VISIT,3248,Nearest,OnArrival,5,101,18142,Node_868,29,0,17,29,17,,,,,,,,,
30,VISIT,3249,Nearest,OnArrival,5,111,18142,Node_873,42,0,10,42,10,,,,,,,,,
30,VISIT,3250,Nearest,OnArrival,5,111,18142,Node_873,42,0,10,42,10,,,,,,,,,
30,VISIT,3251,Nearest,OnArrival,5,111,18142,Node_873,42,0,10,42,10,,,,,,,,,
30,VISIT,3252,Nearest,OnArrival,5,110,18142,Node_873,42,0,10,42,10,,,,,,,,,
30,VISIT,3246,Nearest,OnArrival,5,120,18153,Node_798,33,0,-2,33,-2,,,,,,,,,
30,VISIT,3247,Nearest,OnArrival,5,117,18153,Node_706,30,0,7,30,7,,,,,,,,,
30,VISIT,3248,Nearest,OnArrival,5,102,18153,Node_875,30,0,17,30,17,,,,,,,,,
30,VISIT,3249,Nearest,OnArrival,5,112,18153,Node_874,42,0,11,42,11,,,,,,,,,
30,VISIT,3250,Nearest,OnArrival,5,112,18153,Node_874,42,0,11,42,11,,,,,,,,,
30,VISIT,3251,Nearest,OnArrival,5,112,18153,Node_874,42,0,11,42,11,,,,,,,,,
30,VISIT,3252,Nearest,OnArrival,5,111,18153,Node_874,42,0,11,42,11,,,,,,,,,
30,VISIT,3246,Nearest,OnArrival,5,121,18164,Node_800,33,0,-1,33,-1,,,,,,,,,
30,VISIT,3247,Nearest,OnArrival,5,118,18164,Node_736,31,0,7,31,7,,,,,,,,,
30,VISIT,3248,Nearest,OnArrival,5,103,18164,Node_877,30,0,16,30,16,,,,,,,,,
30,VISIT,3265,Nearest,OnArrival,5,27,18164,Node_865,29,0,16,29,16,,,,,,,,,
30,VISIT,3267,Nearest,OnArrival,5,27,18164,Node_865,29,0,16,29,16,,,,,,,,,
30,VISIT,3246,Nearest,OnArrival,5,122,18175,Node_827,34,0,-1,34,-1,,,,,,,,,
30,VISIT,3247,Nearest,OnArrival,5,119,18175,Node_733,32,0,7,32,7,,,,,,,,,
30,VISIT,3248,Nearest,OnArrival,5,104,18175,Node_865,29,0,16,29,16,,,,,,,,,
30,VISIT,3249,Nearest,OnArrival,5,113,18175,Node_879,42,0,13,42,13,,,,,,,,,
30,VISIT,3250,Nearest,OnArrival,5,113,18175,Node_879,42,0,13,42,13,,,,,,,,,
30,VISIT,3251,Nearest,OnArrival,5,113,18175,Node_879,42,0,13,42,13,,,,,,,,,
30,VISIT,3252,Nearest,OnArrival,5,112,18175,Node_879,42,0,13,42,13,,,,,,,,,
30,VISIT,3265,Nearest,OnArrival,5,28,18175,Node_877,30,0,16,30,16,,,,,,,,,
30,VISIT,3267,Nearest,OnArrival,5,28,18175,Node_877,30,0,16,30,16,,,,,,,,,
30,VISIT,3269,Nearest,OnArrival,5,0,18180,Node_6,19,0,12,19,12,,,,,,,,,
30,VISIT,3270,Nearest,OnArrival,5,0,18180,Node_7,19,0,8,19,8,,,,,,,,,
30,VISIT,3271,Nearest,OnArrival,5,0,18180,Node_8,17,0,10,17,10,,,,,,,,,
30,VISIT,3272,Nearest,OnArrival,5,0,18180,Node_9,21,0,10,21,10,,,,,,,,,
30,VISIT,3233,Nearest,OnArrival,5,197,18184,Node_837,37,0,-1,37,-1,,,,,,,,,
30,VISIT,3234,Nearest,OnArrival,5,200,18184,Node_837,37,0,-1,37,-1,,,,,,,,,
30,VISIT,3235,Nearest,OnArrival,5,196,18184,Node_837,37,0,-1,37,-1,,,,,,,,,
30,VISIT,3236,Nearest,OnArrival,5,197,18184,Node_837,37,0,-1,37,-1,,,,,,,,,
30,VISIT,3237,Nearest,OnArrival,5,174,18184,Node_837,37,0,-1,37,-1,,,,,,,,,
30,VISIT,3238,Nearest,OnArrival,5,171,18184,Node_837,37,0,-1,37,-1,,,,,,,,,
30,VISIT,3239,Nearest,OnArrival,5,173,18184,Node_837,37,0,-1,37,-1,,,,,,,,,
30,VISIT,3240,Nearest,OnArrival,5,174,18184,Node_837,37,0,-1,37,-1,,,,,,,,,
30,VISIT,3247,Nearest,OnArrival,5,120,18184,Node_754,33,0,7,33,7,,,,,,,,,
30,VISIT,3248,Nearest,OnArrival,5,105,18184,Node_877,30,0,16,30,16,,,,,,,,,
30,VISIT,3249,Nearest,OnArrival,5,114,18184,Node_881,42,0,14,42,14,,,,,,,,,
30,VISIT,3250,Nearest,OnArrival,5,114,18184,Node_881,42,0,14,42,14,,,,,,,,,
30,VISIT,3251,Nearest,OnArrival,5,114,18184,Node_881,42,0,14,42,14,,,,,,,,,
30,VISIT,3252,Nearest,OnArrival,5,113,18184,Node_881,42,0,14,42,14,,,,,,,,,
30,VISIT,3265,Nearest,OnArrival,5,29,18184,Node_722,31,0,16,31,16,,,,,,,,,
30,VISIT,3267,Nearest,OnArrival,5,29,18184,Node_722,31,0,16,31,16,,,,,,,,,
30,VISIT,3269,Nearest,OnArrival,5,1,18184,Node_2,19,0,11,19,11,,,,,,,,,
30,VISIT,3270,Nearest,OnArrival,5,1,18184,Node_3,19,0,9,19,9,,,,,,,,,
30,VISIT,3271,Nearest,OnArrival,5,1,18184,Node_4,18,0,10,18,10,,,,,,,,,
30,VISIT,3272,Nearest,OnArrival,5,1,18184,Node_48,21,0,9,21,9,,,,,,,,,
30,VISIT,3247,Nearest,OnArrival,5,121,18188,Node_756,33,0,8,33,8,,,,,,,,,
30,VISIT,3248,Nearest,OnArrival,5,106,18188,Node_722,31,0,16,31,16,,,,,,,,,
30,VISIT,3265,Nearest,OnArrival,5,30,18188,Node_795,32,0,16,32,16,,,,,,,,,
30,VISIT,3267,Nearest,OnArrival,5,30,18188,Node_795,32,0,16,32,16,,,,,,,,,
30,VISIT,3269,Nearest,OnArrival,5,2,18188,Node_20,19,0,10,19,10,,,,,,,,,
30,VISIT,3270,Nearest,OnArrival,5,2,18188,Node_50,20,0,9,20,9,,,,,,,,,
30,VISIT,3271,Nearest,OnArrival,5,2,18188,Node_15,18,0,9,18,9,,,,,,,,,
30,VISIT,3272,Nearest,OnArrival,5,2,18188,Node_88,22,0,9,22,9,,,,,,,,,
30,VISIT,3246,Nearest,OnArrival,5,123,18192,Node_806,34,0,0,34,0,,,,,,,,,
30,VISIT,3247,Nearest,OnArrival,5,122,18192,Node_759,34,0,8,34,8,,,,,,,,,
30,VISIT,3248,Nearest,OnArrival,5,107,18192,Node_795,32,0,16,32,16,,,,,,,,,
30,VISIT,3249,Nearest,OnArrival,5,115,18192,Node_885,42,0,16,42,16,,,,,,,,,
30,VISIT,3250,Nearest,OnArrival,5,115,18192,Node_885,42,0,16,42,16,,,,,,,,,
30,VISIT,3251,Nearest,OnArrival,5,115,18192,Node_885,42,0,16,42,16,,,,,,,,,
30,VISIT,3252,Nearest,OnArrival,5,114,18192,Node_885,42,0,16,42,16,,,,,,,,,
30,VISIT,3269,Nearest,OnArrival,5,3,18192,Node_3,19,0,9,19,9,,,,,,,,,
30,VISIT,3270,Nearest,OnArrival,5,3,18192,Node_48,21,0,9,21,9,,,,,,,,,
30,VISIT,3271,Nearest,OnArrival,5,3,18192,Node_3,19,0,9,19,9,,,,,,,,,
30,VISIT,3272,Nearest,OnArrival,5,3,18192,Node_129,23,0,9,23,9,,,,,,,,,
30,VISIT,3246,Nearest,OnArrival,5,124,18196,Node_884,35,0,0,35,0,,,,,,,,,
30,VISIT,3247,Nearest,OnArrival,5,123,18196,Node_762,34,0,9,34,9,,,,,,,,,
30,VISIT,3248,Nearest,OnArrival,5,108,18196,Node_888,32,0,17,32,17,,,,,,,,,
30,VISIT,3249,Nearest,OnArrival,5,116,18196,Node_887,41,0,16,41,16,,,,,,,,,
30,VISIT,3250,Nearest,OnArrival,5,116,18196,Node_887,41,0,16,41,16,,,,,,,,,
30,VISIT,3251,Nearest,OnArrival,5,116,18196,Node_887,41,0,16,41,16,,,,,,,,,
30,VISIT,3252,Nearest,OnArrival,5,115,18196,Node_887,41,0,16,41,16,,,,,,,,,
30,VISIT,3265,Nearest,OnArrival,5,31,18196,Node_727,32,0,18,32,18,,,,,,,,,
30,VISIT,3267,Nearest,OnArrival,5,31,18196,Node_727,32,0,18,32,18,,,,,,,,,
30,VISIT,3269,Nearest,OnArrival,5,4,18196,Node_50,20,0,9,20,9,,,,,,,,,
30,VISIT,3270,Nearest,OnArrival,5,4,18196,Node_88,22,0,9,22,9,,,,,,,,,
30,VISIT,3271,Nearest,OnArrival,5,4,18196,Node_50,20,0,9,20,9,,,,,,,,,
30,VISIT,3247,Nearest,OnArrival,5,124,18200,Node_770,35,0,9,35,9,,,,,,,,,
30,VISIT,3248,Nearest,OnArrival,5,109,18200,Node_727,32,0,18,32,18,,,,,,,,,
30,VISIT,3249,Nearest,OnArrival,5,117,18200,Node_890,41,0,17,41,17,,,,,,,,,
30,VISIT,3250,Nearest,OnArrival,5,117,18200,Node_890,41,0,17,41,17,,,,,,,,,
30,VISIT,3251,Nearest,OnArrival,5,117,18200,Node_890,41,0,17,41,17,,,,,,,,,
30,VISIT,3252,Nearest,OnArrival,5,116,18200,Node_890,41,0,17,41,17,,,,,,,,,
30,VISIT,3269,Nearest,OnArrival,5,5,18200,Node_48,21,0,9,21,9,,,,,,,,,
30,VISIT,3270,Nearest,OnArrival,5,5,18200,Node_129,23,0,9,23,9,,,,,,,,,
30,VISIT,3271,Nearest,OnArrival,5,5,18200,Node_48,21,0,9,21,9,,,,,,,,,
30,VISIT,3272,Nearest,OnArrival,5,4,18200,Node_136,25,0,9,25,9,,,,,,,,,
30,VISIT,3246,Nearest,OnArrival,5,125,18204,Node_833,37,0,0,37,0,,,,,,,,,
30,VISIT,3247,Nearest,OnArrival,5,125,18204,Node_789,36,0,9,36,9,,,,,,,,,
30,VISIT,3248,Nearest,OnArrival,5,110,18204,Node_893,33,0,18,33,18,,,,,,,,,
30,VISIT,3249,Nearest,OnArrival,5,118,18204,Node_892,41,0,18,41,18,,,,,,,,,
30,VISIT,3250,Nearest,OnArrival,5,118,18204,Node_892,41,0,18,41,18,,,,,,,,,
30,VISIT,3251,Nearest,OnArrival,5,118,18204,Node_892,41,0,18,41,18,,,,,,,,,
30,VISIT,3252,Nearest,OnArrival,5,117,18204,Node_892,41,0,18,41,18,,,,,,,,,
30,VISIT,3269,Nearest,OnArrival,5,6,18204,Node_88,22,0,9,22,9,,,,,,,,,
30,VISIT,3271,Nearest,OnArrival,5,6,18204,Node_88,22,0,9,22,9,,,,,,,,,
30,VISIT,3272,Nearest,OnArrival,5,5,18204,Node_248,26,0,9,26,9,,,,,,,,,
30,VISIT,3234,Nearest,OnArrival,5,201,18208,Node_810,37,0,3,37,3,,,,,,,,,
30,VISIT,3235,Nearest,OnArrival,5,197,18208,Node_810,37,0,3,37,3,,,,,,,,,
30,VISIT,3236,Nearest,OnArrival,5,198,18208,Node_810,37,0,3,37,3,,,,,,,,,
30,VISIT,3237,Nearest,OnArrival,5,175,18208,Node_810,37,0,3,37,3,,,,,,,,,
30,VISIT,3238,Nearest,OnArrival,5,172,18208,Node_810,37,0,3,37,3,,,,,,,,,
30,VISIT,3239,Nearest,OnArrival,5,174,18208,Node_810,37,0,3,37,3,,,,,,,,,
30,VISIT,3240,Nearest,OnArrival,5,175,18208,Node_810,37,0,3,37,3,,,,,,,,,
30,VISIT,3246,Nearest,OnArrival,5,126,18208,Node_886,38,0,0,38,0,,,,,,,,,
30,VISIT,3247,Nearest,OnArrival,5,126,18208,Node_794,37,0,9,37,9,,,,,,,,,
30,VISIT,3248,Nearest,OnArrival,5,111,18208,Node_896,33,0,19,33,19,,,,,,,,,
30,VISIT,3249,Nearest,OnArrival,5,119,18208,Node_895,41,0,19,41,19,,,,,,,,,
30,VISIT,3250,Nearest,OnArrival,5,119,18208,Node_895,41,0,19,41,19,,,,,,,,,
30,VISIT,3251,Nearest,OnArrival,5,119,18208,Node_895,41,0,19,41,19,,,,,,,,,
30,VISIT,3252,Nearest,OnArrival,5,118,18208,Node_895,41,0,19,41,19,,,,,,,,,
30,VISIT,3269,Nearest,OnArrival,5,7,18208,Node_129,23,0,9,23,9,,,,,,,,,
30,VISIT,3270,Nearest,OnArrival,5,6,18208,Node_136,25,0,9,25,9,,,,,,,,,
30,VISIT,3271,Nearest,OnArrival,5,7,18208,Node_129,23,0,9,23,9,,,,,,,,,
30,VISIT,3272,Nearest,OnArrival,5,6,18208,Node_287,27,0,9,27,9,,,,,,,,,
30,VISIT,3234,Nearest,OnArrival,5,202,18212,Node_824,37,0,2,37,2,,,,,,,,,
30,VISIT,3235,Nearest,OnArrival,5,198,18212,Node_824,37,0,2,37,2,,,,,,,,,
30,VISIT,3236,Nearest,OnArrival,5,199,18212,Node_824,37,0,2,37,2,,,,,,,,,
30,VISIT,3237,Nearest,OnArrival,5,176,18212,Node_824,37,0,2,37,2,,,,,,,,,
30,VISIT,3238,Nearest,OnArrival,5,173,18212,Node_824,37,0,2,37,2,,,,,,,,,
30,VISIT,3239,Nearest,OnArrival,5,175,18212,Node_824,37,0,2,37,2,,,,,,,,,
30,VISIT,3240,Nearest,OnArrival,5,176,18212,Node_824,37,0,2,37,2,,,,,,,,,
30,VISIT,3247,Nearest,OnArrival,5,127,18212,Node_808,37,0,8,37,8,,,,,,,,,
30,VISIT,3248,Nearest,OnArrival,5,112,18212,Node_898,33,0,20,33,20,,,,,,,,,
30,VISIT,3249,Nearest,OnArrival,5,120,18212,Node_897,41,0,20,41,20,,,,,,,,,
30,VISIT,3250,Nearest,OnArrival,5,120,18212,Node_897,41,0,20,41,20,,,,,,,,,
30,VISIT,3251,Nearest,OnArrival,5,120,18212,Node_897,41,0,20,41,20,,,,,,,,,
30,VISIT,3252,Nearest,OnArrival,5,119,18212,Node_897,41,0,20,41,20,,,,,,,,,
30,VISIT,3270,Nearest,OnArrival,5,7,18212,Node_248,26,0,9,26,9,,,,,,,,,
30,VISIT,3272,Nearest,OnArrival,5,7,18212,Node_366,28,0,9,28,9,,,,,,,,,
30,VISIT,3234,Nearest,OnArrival,5,203,18220,Node_891,38,0,2,38,2,,,,,,,,,
30,VISIT,3235,Nearest,OnArrival,5,199,18220,Node_891,38,0,2,38,2,,,,,,,,,
30,VISIT,3236,Nearest,OnArrival,5,200,18220,Node_891,38,0,2,38,2,,,,,,,,,
30,VISIT,3237,Nearest,OnArrival,5,177,18220,Node_891,38,0,2,38,2,,,,,,,,,
30,VISIT,3238,Nearest,OnArrival,5,174,18220,Node_891,38,0,2,38,2,,,,,,,,,
30,VISIT,3239,Nearest,OnArrival,5,176,18220,Node_891,38,0,2,38,2,,,,,,,,,
30,VISIT,3240,Nearest,OnArrival,5,177,18220,Node_891,38,0,2,38,2,,,,,,,,,
30,VISIT,3247,Nearest,OnArrival,5,128,18220,Node_830,38,0,8,38,8,,,,,,,,,
30,VISIT,3248,Nearest,OnArrival,5,113,18220,Node_901,33,0,21,33,21,,,,,,,,,
30,VISIT,3249,Nearest,OnArrival,5,121,18220,Node_900,41,0,21,41,21,,,,,,,,,
30,VISIT,3250,Nearest,OnArrival,5,121,18220,Node_900,41,0,21,41,21,,,,,,,,,
30,VISIT,3251,Nearest,OnArrival,5,121,18220,Node_900,41,0,21,41,21,,,,,,,,,
30,VISIT,3252,Nearest,OnArrival,5,120,18220,Node_900,41,0,21,41,21,,,,,,,,,
30,VISIT,3269,Nearest,OnArrival,5,8,18220,Node_136,25,0,9,25,9,,,,,,,,,
30,VISIT,3270,Nearest,OnArrival,5,8,18220,Node_287,27,0,9,27,9,,,,,,,,,
30,VISIT,3271,Nearest,OnArrival,5,8,18220,Node_136,25,0,9,25,9,,,,,,,,,
30,VISIT,3234,Nearest,OnArrival,5,204,18225,Node_1,39,0,2,39,2,,,,,,,,,
30,VISIT,3235,Nearest,OnArrival,5,200,18225,Node_1,39,0,2,39,2,,,,,,,,,
30,VISIT,3236,Nearest,OnArrival,5,201,18225,Node_1,39,0,2,39,2,,,,,,,,,
30,VISIT,3237,Nearest,OnArrival,5,178,18225,Node_1,39,0,2,39,2,,,,,,,,,
30,VISIT,3238,Nearest,OnArrival,5,175,18225,Node_1,39,0,2,39,2,,,,,,,,,
30,VISIT,3239,Nearest,OnArrival,5,177,18225,Node_1,39,0,2,39,2,,,,,,,,,
30,VISIT,3240,Nearest,OnArrival,5,178,18225,Node_1,39,0,2,39,2,,,,,,,,,
30,VISIT,3246,Nearest,OnArrival,5,127,18225,Node_1,39,0,2,39,2,,,,,,,,,
30,VISIT,3247,Nearest,OnArrival,5,129,18225,Node_848,39,0,8,39,8,,,,,,,,,
30,VISIT,3248,Nearest,OnArrival,5,114,18225,Node_904,33,0,22,33,22,,,,,,,,,
30,VISIT,3249,Nearest,OnArrival,5,122,18225,Node_903,42,0,21,42,21,,,,,,,,,
30,VISIT,3250,Nearest,OnArrival,5,122,18225,Node_903,42,0,21,42,21,,,,,,,,,
30,VISIT,3251,Nearest,OnArrival,5,122,18225,Node_903,42,0,21,42,21,,,,,,,,,
30,VISIT,3252,Nearest,OnArrival,5,121,18225,Node_903,42,0,21,42,21,,,,,,,,,
30,VISIT,3267,Nearest,OnArrival,5,32,18225,Node_737,32,0,22,32,22,,,,,,,,,
30,VISIT,3269,Nearest,OnArrival,5,9,18225,Node_248,26,0,9,26,9,,,,,,,,,
30,VISIT,3270,Nearest,OnArrival,5,9,18225,Node_366,28,0,9,28,9,,,,,,,,,
30,VISIT,3271,Nearest,OnArrival,5,9,18225,Node_248,26,0,9,26,9,,,,,,,,,
30,VISIT,3272,Nearest,OnArrival,5,8,18225,Node_376,30,0,9,30,9,,,,,,,,,
30,SUMMARY,,Nearest,OnArrival,,,,,,,,,,39,2,904,-1,646469.000,10218,0,0.000,0.000
